Reading timing models for corner nom_tt_025C_3v30…
Reading timing library for the 'nom_tt_025C_3v30' corner at '/foss/pdks/gf180mcuD/libs.ref/gf180mcu_fd_sc_mcu7t5v0/lib/gf180mcu_fd_sc_mcu7t5v0__tt_025C_3v30.lib'…
Reading OpenROAD database at '/workspace/librelane/runs/RUN_2026-08-10_00-05-58/42-openroad-repairantennas/1-openroad-diodeinsertion/signal_processor.odb'…
Reading design constraints file at '/usr/local/lib/python3.12/dist-packages/librelane/scripts/base.sdc'…
[INFO] Using clock clk…
[INFO] Setting output delay to: 40
[INFO] Setting input delay to: 40
[INFO] Setting load to: 0.07291
[INFO] Setting clock uncertainty to: 0.25
[INFO] Setting clock transition to: 0.15
[INFO] Setting timing derate to: 5%
%OL_CREATE_REPORT min.rpt

===========================================================================
report_checks -path_delay min (Hold)
============================================================================
======================= nom_tt_025C_3v30 Corner ===================================

Startpoint: _250_ (rising edge-triggered flip-flop clocked by clk)
Endpoint: _251_ (rising edge-triggered flip-flop clocked by clk)
Path Group: clk
Path Type: min

Fanout         Cap        Slew       Delay        Time   Description
---------------------------------------------------------------------------------------------
                                  0.000000    0.000000   clock clk (rise edge)
                                  0.000000    0.000000   clock source latency
     1    0.043337    0.298221    0.151565    0.151565 ^ clk (in)
                                                         clk (net)
                      0.298224    0.000000    0.151565 ^ clkbuf_0_clk/I (gf180mcu_fd_sc_mcu7t5v0__clkbuf_16)
     8    0.200996    0.354491    0.506933    0.658498 ^ clkbuf_0_clk/Z (gf180mcu_fd_sc_mcu7t5v0__clkbuf_16)
                                                         clknet_0_clk (net)
                      0.354528    0.005469    0.663967 ^ clkbuf_3_4__f_clk/I (gf180mcu_fd_sc_mcu7t5v0__clkbuf_16)
     6    0.032487    0.136846    0.364124    1.028092 ^ clkbuf_3_4__f_clk/Z (gf180mcu_fd_sc_mcu7t5v0__clkbuf_16)
                                                         clknet_3_4__leaf_clk (net)
                      0.136849    0.001085    1.029177 ^ _250_/CLK (gf180mcu_fd_sc_mcu7t5v0__dffrnq_1)
     1    0.005260    0.155799    0.995127    2.024303 v _250_/Q (gf180mcu_fd_sc_mcu7t5v0__dffrnq_1)
                                                         s90_pipe[1] (net)
                      0.155799    0.000135    2.024438 v _122_/A2 (gf180mcu_fd_sc_mcu7t5v0__and2_1)
     1    0.005186    0.158566    0.390856    2.415295 v _122_/Z (gf180mcu_fd_sc_mcu7t5v0__and2_1)
                                                         _012_ (net)
                      0.158566    0.000133    2.415428 v _251_/D (gf180mcu_fd_sc_mcu7t5v0__dffrnq_1)
                                              2.415428   data arrival time

                                  0.000000    0.000000   clock clk (rise edge)
                                  0.000000    0.000000   clock source latency
     1    0.043337    0.298221    0.151565    0.151565 ^ clk (in)
                                                         clk (net)
                      0.298224    0.000000    0.151565 ^ clkbuf_0_clk/I (gf180mcu_fd_sc_mcu7t5v0__clkbuf_16)
     8    0.200996    0.354491    0.506933    0.658498 ^ clkbuf_0_clk/Z (gf180mcu_fd_sc_mcu7t5v0__clkbuf_16)
                                                         clknet_0_clk (net)
                      0.354528    0.005469    0.663967 ^ clkbuf_3_4__f_clk/I (gf180mcu_fd_sc_mcu7t5v0__clkbuf_16)
     6    0.032487    0.136846    0.364124    1.028092 ^ clkbuf_3_4__f_clk/Z (gf180mcu_fd_sc_mcu7t5v0__clkbuf_16)
                                                         clknet_3_4__leaf_clk (net)
                      0.136849    0.001104    1.029196 ^ _251_/CLK (gf180mcu_fd_sc_mcu7t5v0__dffrnq_1)
                                  0.250000    1.279196   clock uncertainty
                                  0.000000    1.279196   clock reconvergence pessimism
                                  0.136063    1.415259   library hold time
                                              1.415259   data required time
---------------------------------------------------------------------------------------------
                                              1.415259   data required time
                                             -2.415428   data arrival time
---------------------------------------------------------------------------------------------
                                              1.000169   slack (MET)


Startpoint: _247_ (rising edge-triggered flip-flop clocked by clk)
Endpoint: _248_ (rising edge-triggered flip-flop clocked by clk)
Path Group: clk
Path Type: min

Fanout         Cap        Slew       Delay        Time   Description
---------------------------------------------------------------------------------------------
                                  0.000000    0.000000   clock clk (rise edge)
                                  0.000000    0.000000   clock source latency
     1    0.043337    0.298221    0.151565    0.151565 ^ clk (in)
                                                         clk (net)
                      0.298224    0.000000    0.151565 ^ clkbuf_0_clk/I (gf180mcu_fd_sc_mcu7t5v0__clkbuf_16)
     8    0.200996    0.354491    0.506933    0.658498 ^ clkbuf_0_clk/Z (gf180mcu_fd_sc_mcu7t5v0__clkbuf_16)
                                                         clknet_0_clk (net)
                      0.354508    0.003747    0.662245 ^ clkbuf_3_7__f_clk/I (gf180mcu_fd_sc_mcu7t5v0__clkbuf_16)
     6    0.032478    0.136836    0.364079    1.026324 ^ clkbuf_3_7__f_clk/Z (gf180mcu_fd_sc_mcu7t5v0__clkbuf_16)
                                                         clknet_3_7__leaf_clk (net)
                      0.136838    0.001142    1.027466 ^ _247_/CLK (gf180mcu_fd_sc_mcu7t5v0__dffrnq_1)
     1    0.005922    0.162924    1.001850    2.029316 v _247_/Q (gf180mcu_fd_sc_mcu7t5v0__dffrnq_1)
                                                         comp_pipe[2] (net)
                      0.162925    0.000317    2.029634 v _127_/A2 (gf180mcu_fd_sc_mcu7t5v0__and2_1)
     1    0.004955    0.160635    0.390731    2.420364 v _127_/Z (gf180mcu_fd_sc_mcu7t5v0__and2_1)
                                                         _003_ (net)
                      0.160635    0.000133    2.420497 v _248_/D (gf180mcu_fd_sc_mcu7t5v0__dffrnq_1)
                                              2.420497   data arrival time

                                  0.000000    0.000000   clock clk (rise edge)
                                  0.000000    0.000000   clock source latency
     1    0.043337    0.298221    0.151565    0.151565 ^ clk (in)
                                                         clk (net)
                      0.298224    0.000000    0.151565 ^ clkbuf_0_clk/I (gf180mcu_fd_sc_mcu7t5v0__clkbuf_16)
     8    0.200996    0.354491    0.506933    0.658498 ^ clkbuf_0_clk/Z (gf180mcu_fd_sc_mcu7t5v0__clkbuf_16)
                                                         clknet_0_clk (net)
                      0.354508    0.003747    0.662245 ^ clkbuf_3_7__f_clk/I (gf180mcu_fd_sc_mcu7t5v0__clkbuf_16)
     6    0.032478    0.136836    0.364079    1.026324 ^ clkbuf_3_7__f_clk/Z (gf180mcu_fd_sc_mcu7t5v0__clkbuf_16)
                                                         clknet_3_7__leaf_clk (net)
                      0.136839    0.001192    1.027516 ^ _248_/CLK (gf180mcu_fd_sc_mcu7t5v0__dffrnq_1)
                                  0.250000    1.277516   clock uncertainty
                                  0.000000    1.277516   clock reconvergence pessimism
                                  0.135504    1.413020   library hold time
                                              1.413020   data required time
---------------------------------------------------------------------------------------------
                                              1.413020   data required time
                                             -2.420497   data arrival time
---------------------------------------------------------------------------------------------
                                              1.007477   slack (MET)


Startpoint: _245_ (rising edge-triggered flip-flop clocked by clk)
Endpoint: _246_ (rising edge-triggered flip-flop clocked by clk)
Path Group: clk
Path Type: min

Fanout         Cap        Slew       Delay        Time   Description
---------------------------------------------------------------------------------------------
                                  0.000000    0.000000   clock clk (rise edge)
                                  0.000000    0.000000   clock source latency
     1    0.043337    0.298221    0.151565    0.151565 ^ clk (in)
                                                         clk (net)
                      0.298224    0.000000    0.151565 ^ clkbuf_0_clk/I (gf180mcu_fd_sc_mcu7t5v0__clkbuf_16)
     8    0.200996    0.354491    0.506933    0.658498 ^ clkbuf_0_clk/Z (gf180mcu_fd_sc_mcu7t5v0__clkbuf_16)
                                                         clknet_0_clk (net)
                      0.354508    0.003747    0.662245 ^ clkbuf_3_7__f_clk/I (gf180mcu_fd_sc_mcu7t5v0__clkbuf_16)
     6    0.032478    0.136836    0.364079    1.026324 ^ clkbuf_3_7__f_clk/Z (gf180mcu_fd_sc_mcu7t5v0__clkbuf_16)
                                                         clknet_3_7__leaf_clk (net)
                      0.136836    0.000599    1.026923 ^ _245_/CLK (gf180mcu_fd_sc_mcu7t5v0__dffrnq_1)
     1    0.006775    0.172072    1.010650    2.037573 v _245_/Q (gf180mcu_fd_sc_mcu7t5v0__dffrnq_1)
                                                         comp_pipe[0] (net)
                      0.172072    0.000294    2.037867 v _125_/A2 (gf180mcu_fd_sc_mcu7t5v0__and2_1)
     1    0.003927    0.149582    0.382853    2.420719 v _125_/Z (gf180mcu_fd_sc_mcu7t5v0__and2_1)
                                                         _001_ (net)
                      0.149582    0.000116    2.420836 v _246_/D (gf180mcu_fd_sc_mcu7t5v0__dffrnq_1)
                                              2.420836   data arrival time

                                  0.000000    0.000000   clock clk (rise edge)
                                  0.000000    0.000000   clock source latency
     1    0.043337    0.298221    0.151565    0.151565 ^ clk (in)
                                                         clk (net)
                      0.298224    0.000000    0.151565 ^ clkbuf_0_clk/I (gf180mcu_fd_sc_mcu7t5v0__clkbuf_16)
     8    0.200996    0.354491    0.506933    0.658498 ^ clkbuf_0_clk/Z (gf180mcu_fd_sc_mcu7t5v0__clkbuf_16)
                                                         clknet_0_clk (net)
                      0.354508    0.003748    0.662246 ^ clkbuf_3_6__f_clk/I (gf180mcu_fd_sc_mcu7t5v0__clkbuf_16)
     6    0.030645    0.134423    0.362075    1.024321 ^ clkbuf_3_6__f_clk/Z (gf180mcu_fd_sc_mcu7t5v0__clkbuf_16)
                                                         clknet_3_6__leaf_clk (net)
                      0.134423    0.000566    1.024886 ^ _246_/CLK (gf180mcu_fd_sc_mcu7t5v0__dffrnq_1)
                                  0.250000    1.274886   clock uncertainty
                                  0.000000    1.274886   clock reconvergence pessimism
                                  0.137902    1.412789   library hold time
                                              1.412789   data required time
---------------------------------------------------------------------------------------------
                                              1.412789   data required time
                                             -2.420836   data arrival time
---------------------------------------------------------------------------------------------
                                              1.008047   slack (MET)


Startpoint: _253_ (rising edge-triggered flip-flop clocked by clk)
Endpoint: _254_ (rising edge-triggered flip-flop clocked by clk)
Path Group: clk
Path Type: min

Fanout         Cap        Slew       Delay        Time   Description
---------------------------------------------------------------------------------------------
                                  0.000000    0.000000   clock clk (rise edge)
                                  0.000000    0.000000   clock source latency
     1    0.043337    0.298221    0.151565    0.151565 ^ clk (in)
                                                         clk (net)
                      0.298224    0.000000    0.151565 ^ clkbuf_0_clk/I (gf180mcu_fd_sc_mcu7t5v0__clkbuf_16)
     8    0.200996    0.354491    0.506933    0.658498 ^ clkbuf_0_clk/Z (gf180mcu_fd_sc_mcu7t5v0__clkbuf_16)
                                                         clknet_0_clk (net)
                      0.354516    0.004529    0.663027 ^ clkbuf_3_5__f_clk/I (gf180mcu_fd_sc_mcu7t5v0__clkbuf_16)
     6    0.034167    0.139054    0.366036    1.029063 ^ clkbuf_3_5__f_clk/Z (gf180mcu_fd_sc_mcu7t5v0__clkbuf_16)
                                                         clknet_3_5__leaf_clk (net)
                      0.139058    0.001207    1.030270 ^ _253_/CLK (gf180mcu_fd_sc_mcu7t5v0__dffrnq_1)
     1    0.006259    0.166517    1.005870    2.036140 v _253_/Q (gf180mcu_fd_sc_mcu7t5v0__dffrnq_1)
                                                         s270_pipe[0] (net)
                      0.166517    0.000300    2.036440 v _117_/A2 (gf180mcu_fd_sc_mcu7t5v0__and2_1)
     1    0.005160    0.158276    0.393996    2.430435 v _117_/Z (gf180mcu_fd_sc_mcu7t5v0__and2_1)
                                                         _007_ (net)
                      0.158276    0.000287    2.430722 v _254_/D (gf180mcu_fd_sc_mcu7t5v0__dffrnq_1)
                                              2.430722   data arrival time

                                  0.000000    0.000000   clock clk (rise edge)
                                  0.000000    0.000000   clock source latency
     1    0.043337    0.298221    0.151565    0.151565 ^ clk (in)
                                                         clk (net)
                      0.298224    0.000000    0.151565 ^ clkbuf_0_clk/I (gf180mcu_fd_sc_mcu7t5v0__clkbuf_16)
     8    0.200996    0.354491    0.506933    0.658498 ^ clkbuf_0_clk/Z (gf180mcu_fd_sc_mcu7t5v0__clkbuf_16)
                                                         clknet_0_clk (net)
                      0.354516    0.004529    0.663027 ^ clkbuf_3_5__f_clk/I (gf180mcu_fd_sc_mcu7t5v0__clkbuf_16)
     6    0.034167    0.139054    0.366036    1.029063 ^ clkbuf_3_5__f_clk/Z (gf180mcu_fd_sc_mcu7t5v0__clkbuf_16)
                                                         clknet_3_5__leaf_clk (net)
                      0.139058    0.001204    1.030267 ^ _254_/CLK (gf180mcu_fd_sc_mcu7t5v0__dffrnq_1)
                                  0.250000    1.280267   clock uncertainty
                                  0.000000    1.280267   clock reconvergence pessimism
                                  0.136666    1.416933   library hold time
                                              1.416933   data required time
---------------------------------------------------------------------------------------------
                                              1.416933   data required time
                                             -2.430722   data arrival time
---------------------------------------------------------------------------------------------
                                              1.013790   slack (MET)


Startpoint: _249_ (rising edge-triggered flip-flop clocked by clk)
Endpoint: _250_ (rising edge-triggered flip-flop clocked by clk)
Path Group: clk
Path Type: min

Fanout         Cap        Slew       Delay        Time   Description
---------------------------------------------------------------------------------------------
                                  0.000000    0.000000   clock clk (rise edge)
                                  0.000000    0.000000   clock source latency
     1    0.043337    0.298221    0.151565    0.151565 ^ clk (in)
                                                         clk (net)
                      0.298224    0.000000    0.151565 ^ clkbuf_0_clk/I (gf180mcu_fd_sc_mcu7t5v0__clkbuf_16)
     8    0.200996    0.354491    0.506933    0.658498 ^ clkbuf_0_clk/Z (gf180mcu_fd_sc_mcu7t5v0__clkbuf_16)
                                                         clknet_0_clk (net)
                      0.354528    0.005469    0.663967 ^ clkbuf_3_4__f_clk/I (gf180mcu_fd_sc_mcu7t5v0__clkbuf_16)
     6    0.032487    0.136846    0.364124    1.028092 ^ clkbuf_3_4__f_clk/Z (gf180mcu_fd_sc_mcu7t5v0__clkbuf_16)
                                                         clknet_3_4__leaf_clk (net)
                      0.136849    0.001085    1.029177 ^ _249_/CLK (gf180mcu_fd_sc_mcu7t5v0__dffrnq_1)
     1    0.004741    0.150207    0.989743    2.018920 v _249_/Q (gf180mcu_fd_sc_mcu7t5v0__dffrnq_1)
                                                         s90_pipe[0] (net)
                      0.150208    0.000253    2.019173 v _121_/A2 (gf180mcu_fd_sc_mcu7t5v0__and2_1)
     1    0.006755    0.175751    0.405505    2.424677 v _121_/Z (gf180mcu_fd_sc_mcu7t5v0__and2_1)
                                                         _011_ (net)
                      0.175751    0.000345    2.425022 v _250_/D (gf180mcu_fd_sc_mcu7t5v0__dffrnq_1)
                                              2.425022   data arrival time

                                  0.000000    0.000000   clock clk (rise edge)
                                  0.000000    0.000000   clock source latency
     1    0.043337    0.298221    0.151565    0.151565 ^ clk (in)
                                                         clk (net)
                      0.298224    0.000000    0.151565 ^ clkbuf_0_clk/I (gf180mcu_fd_sc_mcu7t5v0__clkbuf_16)
     8    0.200996    0.354491    0.506933    0.658498 ^ clkbuf_0_clk/Z (gf180mcu_fd_sc_mcu7t5v0__clkbuf_16)
                                                         clknet_0_clk (net)
                      0.354528    0.005469    0.663967 ^ clkbuf_3_4__f_clk/I (gf180mcu_fd_sc_mcu7t5v0__clkbuf_16)
     6    0.032487    0.136846    0.364124    1.028092 ^ clkbuf_3_4__f_clk/Z (gf180mcu_fd_sc_mcu7t5v0__clkbuf_16)
                                                         clknet_3_4__leaf_clk (net)
                      0.136849    0.001085    1.029177 ^ _250_/CLK (gf180mcu_fd_sc_mcu7t5v0__dffrnq_1)
                                  0.250000    1.279177   clock uncertainty
                                  0.000000    1.279177   clock reconvergence pessimism
                                  0.131439    1.410616   library hold time
                                              1.410616   data required time
---------------------------------------------------------------------------------------------
                                              1.410616   data required time
                                             -2.425022   data arrival time
---------------------------------------------------------------------------------------------
                                              1.014406   slack (MET)


Startpoint: _255_ (rising edge-triggered flip-flop clocked by clk)
Endpoint: _256_ (rising edge-triggered flip-flop clocked by clk)
Path Group: clk
Path Type: min

Fanout         Cap        Slew       Delay        Time   Description
---------------------------------------------------------------------------------------------
                                  0.000000    0.000000   clock clk (rise edge)
                                  0.000000    0.000000   clock source latency
     1    0.043337    0.298221    0.151565    0.151565 ^ clk (in)
                                                         clk (net)
                      0.298224    0.000000    0.151565 ^ clkbuf_0_clk/I (gf180mcu_fd_sc_mcu7t5v0__clkbuf_16)
     8    0.200996    0.354491    0.506933    0.658498 ^ clkbuf_0_clk/Z (gf180mcu_fd_sc_mcu7t5v0__clkbuf_16)
                                                         clknet_0_clk (net)
                      0.354516    0.004529    0.663027 ^ clkbuf_3_5__f_clk/I (gf180mcu_fd_sc_mcu7t5v0__clkbuf_16)
     6    0.034167    0.139054    0.366036    1.029063 ^ clkbuf_3_5__f_clk/Z (gf180mcu_fd_sc_mcu7t5v0__clkbuf_16)
                                                         clknet_3_5__leaf_clk (net)
                      0.139057    0.001145    1.030208 ^ _255_/CLK (gf180mcu_fd_sc_mcu7t5v0__dffrnq_1)
     1    0.005967    0.163412    1.002859    2.033067 v _255_/Q (gf180mcu_fd_sc_mcu7t5v0__dffrnq_1)
                                                         s270_pipe[2] (net)
                      0.163414    0.000307    2.033374 v _119_/A2 (gf180mcu_fd_sc_mcu7t5v0__and2_1)
     1    0.005391    0.166861    0.395482    2.428856 v _119_/Z (gf180mcu_fd_sc_mcu7t5v0__and2_1)
                                                         _009_ (net)
                      0.166861    0.000143    2.428998 v _256_/D (gf180mcu_fd_sc_mcu7t5v0__dffrnq_1)
                                              2.428998   data arrival time

                                  0.000000    0.000000   clock clk (rise edge)
                                  0.000000    0.000000   clock source latency
     1    0.043337    0.298221    0.151565    0.151565 ^ clk (in)
                                                         clk (net)
                      0.298224    0.000000    0.151565 ^ clkbuf_0_clk/I (gf180mcu_fd_sc_mcu7t5v0__clkbuf_16)
     8    0.200996    0.354491    0.506933    0.658498 ^ clkbuf_0_clk/Z (gf180mcu_fd_sc_mcu7t5v0__clkbuf_16)
                                                         clknet_0_clk (net)
                      0.354516    0.004529    0.663027 ^ clkbuf_3_5__f_clk/I (gf180mcu_fd_sc_mcu7t5v0__clkbuf_16)
     6    0.034167    0.139054    0.366036    1.029063 ^ clkbuf_3_5__f_clk/Z (gf180mcu_fd_sc_mcu7t5v0__clkbuf_16)
                                                         clknet_3_5__leaf_clk (net)
                      0.139055    0.000618    1.029681 ^ _256_/CLK (gf180mcu_fd_sc_mcu7t5v0__dffrnq_1)
                                  0.250000    1.279681   clock uncertainty
                                  0.000000    1.279681   clock reconvergence pessimism
                                  0.134352    1.414033   library hold time
                                              1.414033   data required time
---------------------------------------------------------------------------------------------
                                              1.414033   data required time
                                             -2.428998   data arrival time
---------------------------------------------------------------------------------------------
                                              1.014965   slack (MET)


Startpoint: _251_ (rising edge-triggered flip-flop clocked by clk)
Endpoint: _252_ (rising edge-triggered flip-flop clocked by clk)
Path Group: clk
Path Type: min

Fanout         Cap        Slew       Delay        Time   Description
---------------------------------------------------------------------------------------------
                                  0.000000    0.000000   clock clk (rise edge)
                                  0.000000    0.000000   clock source latency
     1    0.043337    0.298221    0.151565    0.151565 ^ clk (in)
                                                         clk (net)
                      0.298224    0.000000    0.151565 ^ clkbuf_0_clk/I (gf180mcu_fd_sc_mcu7t5v0__clkbuf_16)
     8    0.200996    0.354491    0.506933    0.658498 ^ clkbuf_0_clk/Z (gf180mcu_fd_sc_mcu7t5v0__clkbuf_16)
                                                         clknet_0_clk (net)
                      0.354528    0.005469    0.663967 ^ clkbuf_3_4__f_clk/I (gf180mcu_fd_sc_mcu7t5v0__clkbuf_16)
     6    0.032487    0.136846    0.364124    1.028092 ^ clkbuf_3_4__f_clk/Z (gf180mcu_fd_sc_mcu7t5v0__clkbuf_16)
                                                         clknet_3_4__leaf_clk (net)
                      0.136849    0.001104    1.029196 ^ _251_/CLK (gf180mcu_fd_sc_mcu7t5v0__dffrnq_1)
     1    0.003541    0.137327    0.977453    2.006649 v _251_/Q (gf180mcu_fd_sc_mcu7t5v0__dffrnq_1)
                                                         s90_pipe[2] (net)
                      0.137327    0.000109    2.006758 v _123_/A2 (gf180mcu_fd_sc_mcu7t5v0__and2_1)
     1    0.008011    0.189546    0.414578    2.421336 v _123_/Z (gf180mcu_fd_sc_mcu7t5v0__and2_1)
                                                         _013_ (net)
                      0.189546    0.000362    2.421698 v _252_/D (gf180mcu_fd_sc_mcu7t5v0__dffrnq_1)
                                              2.421698   data arrival time

                                  0.000000    0.000000   clock clk (rise edge)
                                  0.000000    0.000000   clock source latency
     1    0.043337    0.298221    0.151565    0.151565 ^ clk (in)
                                                         clk (net)
                      0.298224    0.000000    0.151565 ^ clkbuf_0_clk/I (gf180mcu_fd_sc_mcu7t5v0__clkbuf_16)
     8    0.200996    0.354491    0.506933    0.658498 ^ clkbuf_0_clk/Z (gf180mcu_fd_sc_mcu7t5v0__clkbuf_16)
                                                         clknet_0_clk (net)
                      0.354528    0.005469    0.663967 ^ clkbuf_3_4__f_clk/I (gf180mcu_fd_sc_mcu7t5v0__clkbuf_16)
     6    0.032487    0.136846    0.364124    1.028092 ^ clkbuf_3_4__f_clk/Z (gf180mcu_fd_sc_mcu7t5v0__clkbuf_16)
                                                         clknet_3_4__leaf_clk (net)
                      0.136847    0.000599    1.028691 ^ _252_/CLK (gf180mcu_fd_sc_mcu7t5v0__dffrnq_1)
                                  0.250000    1.278691   clock uncertainty
                                  0.000000    1.278691   clock reconvergence pessimism
                                  0.127726    1.406417   library hold time
                                              1.406417   data required time
---------------------------------------------------------------------------------------------
                                              1.406417   data required time
                                             -2.421698   data arrival time
---------------------------------------------------------------------------------------------
                                              1.015281   slack (MET)


Startpoint: _254_ (rising edge-triggered flip-flop clocked by clk)
Endpoint: _255_ (rising edge-triggered flip-flop clocked by clk)
Path Group: clk
Path Type: min

Fanout         Cap        Slew       Delay        Time   Description
---------------------------------------------------------------------------------------------
                                  0.000000    0.000000   clock clk (rise edge)
                                  0.000000    0.000000   clock source latency
     1    0.043337    0.298221    0.151565    0.151565 ^ clk (in)
                                                         clk (net)
                      0.298224    0.000000    0.151565 ^ clkbuf_0_clk/I (gf180mcu_fd_sc_mcu7t5v0__clkbuf_16)
     8    0.200996    0.354491    0.506933    0.658498 ^ clkbuf_0_clk/Z (gf180mcu_fd_sc_mcu7t5v0__clkbuf_16)
                                                         clknet_0_clk (net)
                      0.354516    0.004529    0.663027 ^ clkbuf_3_5__f_clk/I (gf180mcu_fd_sc_mcu7t5v0__clkbuf_16)
     6    0.034167    0.139054    0.366036    1.029063 ^ clkbuf_3_5__f_clk/Z (gf180mcu_fd_sc_mcu7t5v0__clkbuf_16)
                                                         clknet_3_5__leaf_clk (net)
                      0.139058    0.001204    1.030267 ^ _254_/CLK (gf180mcu_fd_sc_mcu7t5v0__dffrnq_1)
     1    0.006414    0.168179    1.007460    2.037726 v _254_/Q (gf180mcu_fd_sc_mcu7t5v0__dffrnq_1)
                                                         s270_pipe[1] (net)
                      0.168179    0.000303    2.038030 v _118_/A2 (gf180mcu_fd_sc_mcu7t5v0__and2_1)
     1    0.005370    0.166641    0.396807    2.434837 v _118_/Z (gf180mcu_fd_sc_mcu7t5v0__and2_1)
                                                         _008_ (net)
                      0.166641    0.000137    2.434974 v _255_/D (gf180mcu_fd_sc_mcu7t5v0__dffrnq_1)
                                              2.434974   data arrival time

                                  0.000000    0.000000   clock clk (rise edge)
                                  0.000000    0.000000   clock source latency
     1    0.043337    0.298221    0.151565    0.151565 ^ clk (in)
                                                         clk (net)
                      0.298224    0.000000    0.151565 ^ clkbuf_0_clk/I (gf180mcu_fd_sc_mcu7t5v0__clkbuf_16)
     8    0.200996    0.354491    0.506933    0.658498 ^ clkbuf_0_clk/Z (gf180mcu_fd_sc_mcu7t5v0__clkbuf_16)
                                                         clknet_0_clk (net)
                      0.354516    0.004529    0.663027 ^ clkbuf_3_5__f_clk/I (gf180mcu_fd_sc_mcu7t5v0__clkbuf_16)
     6    0.034167    0.139054    0.366036    1.029063 ^ clkbuf_3_5__f_clk/Z (gf180mcu_fd_sc_mcu7t5v0__clkbuf_16)
                                                         clknet_3_5__leaf_clk (net)
                      0.139057    0.001145    1.030208 ^ _255_/CLK (gf180mcu_fd_sc_mcu7t5v0__dffrnq_1)
                                  0.250000    1.280208   clock uncertainty
                                  0.000000    1.280208   clock reconvergence pessimism
                                  0.134412    1.414619   library hold time
                                              1.414619   data required time
---------------------------------------------------------------------------------------------
                                              1.414619   data required time
                                             -2.434974   data arrival time
---------------------------------------------------------------------------------------------
                                              1.020355   slack (MET)


Startpoint: _246_ (rising edge-triggered flip-flop clocked by clk)
Endpoint: _247_ (rising edge-triggered flip-flop clocked by clk)
Path Group: clk
Path Type: min

Fanout         Cap        Slew       Delay        Time   Description
---------------------------------------------------------------------------------------------
                                  0.000000    0.000000   clock clk (rise edge)
                                  0.000000    0.000000   clock source latency
     1    0.043337    0.298221    0.151565    0.151565 ^ clk (in)
                                                         clk (net)
                      0.298224    0.000000    0.151565 ^ clkbuf_0_clk/I (gf180mcu_fd_sc_mcu7t5v0__clkbuf_16)
     8    0.200996    0.354491    0.506933    0.658498 ^ clkbuf_0_clk/Z (gf180mcu_fd_sc_mcu7t5v0__clkbuf_16)
                                                         clknet_0_clk (net)
                      0.354508    0.003748    0.662246 ^ clkbuf_3_6__f_clk/I (gf180mcu_fd_sc_mcu7t5v0__clkbuf_16)
     6    0.030645    0.134423    0.362075    1.024321 ^ clkbuf_3_6__f_clk/Z (gf180mcu_fd_sc_mcu7t5v0__clkbuf_16)
                                                         clknet_3_6__leaf_clk (net)
                      0.134423    0.000566    1.024886 ^ _246_/CLK (gf180mcu_fd_sc_mcu7t5v0__dffrnq_1)
     1    0.009157    0.197837    1.034525    2.059411 v _246_/Q (gf180mcu_fd_sc_mcu7t5v0__dffrnq_1)
                                                         comp_pipe[1] (net)
                      0.197837    0.000363    2.059774 v _126_/A2 (gf180mcu_fd_sc_mcu7t5v0__and2_1)
     1    0.005629    0.167867    0.409141    2.468915 v _126_/Z (gf180mcu_fd_sc_mcu7t5v0__and2_1)
                                                         _002_ (net)
                      0.167867    0.000142    2.469057 v _247_/D (gf180mcu_fd_sc_mcu7t5v0__dffrnq_1)
                                              2.469057   data arrival time

                                  0.000000    0.000000   clock clk (rise edge)
                                  0.000000    0.000000   clock source latency
     1    0.043337    0.298221    0.151565    0.151565 ^ clk (in)
                                                         clk (net)
                      0.298224    0.000000    0.151565 ^ clkbuf_0_clk/I (gf180mcu_fd_sc_mcu7t5v0__clkbuf_16)
     8    0.200996    0.354491    0.506933    0.658498 ^ clkbuf_0_clk/Z (gf180mcu_fd_sc_mcu7t5v0__clkbuf_16)
                                                         clknet_0_clk (net)
                      0.354508    0.003747    0.662245 ^ clkbuf_3_7__f_clk/I (gf180mcu_fd_sc_mcu7t5v0__clkbuf_16)
     6    0.032478    0.136836    0.364079    1.026324 ^ clkbuf_3_7__f_clk/Z (gf180mcu_fd_sc_mcu7t5v0__clkbuf_16)
                                                         clknet_3_7__leaf_clk (net)
                      0.136838    0.001142    1.027466 ^ _247_/CLK (gf180mcu_fd_sc_mcu7t5v0__dffrnq_1)
                                  0.250000    1.277466   clock uncertainty
                                  0.000000    1.277466   clock reconvergence pessimism
                                  0.133558    1.411025   library hold time
                                              1.411025   data required time
---------------------------------------------------------------------------------------------
                                              1.411025   data required time
                                             -2.469057   data arrival time
---------------------------------------------------------------------------------------------
                                              1.058033   slack (MET)


Startpoint: _224_ (rising edge-triggered flip-flop clocked by clk)
Endpoint: _224_ (rising edge-triggered flip-flop clocked by clk)
Path Group: clk
Path Type: min

Fanout         Cap        Slew       Delay        Time   Description
---------------------------------------------------------------------------------------------
                                  0.000000    0.000000   clock clk (rise edge)
                                  0.000000    0.000000   clock source latency
     1    0.043337    0.298221    0.151565    0.151565 ^ clk (in)
                                                         clk (net)
                      0.298224    0.000000    0.151565 ^ clkbuf_0_clk/I (gf180mcu_fd_sc_mcu7t5v0__clkbuf_16)
     8    0.200996    0.354491    0.506933    0.658498 ^ clkbuf_0_clk/Z (gf180mcu_fd_sc_mcu7t5v0__clkbuf_16)
                                                         clknet_0_clk (net)
                      0.354508    0.003748    0.662246 ^ clkbuf_3_3__f_clk/I (gf180mcu_fd_sc_mcu7t5v0__clkbuf_16)
     6    0.030928    0.134794    0.362379    1.024624 ^ clkbuf_3_3__f_clk/Z (gf180mcu_fd_sc_mcu7t5v0__clkbuf_16)
                                                         clknet_3_3__leaf_clk (net)
                      0.134795    0.000566    1.025191 ^ _224_/CLK (gf180mcu_fd_sc_mcu7t5v0__dffrnq_1)
     2    0.013164    0.242901    1.073665    2.098856 v _224_/Q (gf180mcu_fd_sc_mcu7t5v0__dffrnq_1)
                                                         net16 (net)
                      0.242901    0.000498    2.099354 v _210_/A1 (gf180mcu_fd_sc_mcu7t5v0__nand2_1)
     1    0.006259    0.258170    0.234899    2.334253 ^ _210_/ZN (gf180mcu_fd_sc_mcu7t5v0__nand2_1)
                                                         _098_ (net)
                      0.258170    0.000187    2.334440 ^ _211_/B (gf180mcu_fd_sc_mcu7t5v0__oai21_1)
     1    0.004388    0.175015    0.183577    2.518017 v _211_/ZN (gf180mcu_fd_sc_mcu7t5v0__oai21_1)
                                                         _038_ (net)
                      0.175015    0.000120    2.518137 v _224_/D (gf180mcu_fd_sc_mcu7t5v0__dffrnq_1)
                                              2.518137   data arrival time

                                  0.000000    0.000000   clock clk (rise edge)
                                  0.000000    0.000000   clock source latency
     1    0.043337    0.298221    0.151565    0.151565 ^ clk (in)
                                                         clk (net)
                      0.298224    0.000000    0.151565 ^ clkbuf_0_clk/I (gf180mcu_fd_sc_mcu7t5v0__clkbuf_16)
     8    0.200996    0.354491    0.506933    0.658498 ^ clkbuf_0_clk/Z (gf180mcu_fd_sc_mcu7t5v0__clkbuf_16)
                                                         clknet_0_clk (net)
                      0.354508    0.003748    0.662246 ^ clkbuf_3_3__f_clk/I (gf180mcu_fd_sc_mcu7t5v0__clkbuf_16)
     6    0.030928    0.134794    0.362379    1.024624 ^ clkbuf_3_3__f_clk/Z (gf180mcu_fd_sc_mcu7t5v0__clkbuf_16)
                                                         clknet_3_3__leaf_clk (net)
                      0.134795    0.000566    1.025191 ^ _224_/CLK (gf180mcu_fd_sc_mcu7t5v0__dffrnq_1)
                                  0.250000    1.275191   clock uncertainty
                                  0.000000    1.275191   clock reconvergence pessimism
                                  0.131155    1.406346   library hold time
                                              1.406346   data required time
---------------------------------------------------------------------------------------------
                                              1.406346   data required time
                                             -2.518137   data arrival time
---------------------------------------------------------------------------------------------
                                              1.111790   slack (MET)


Startpoint: _216_ (rising edge-triggered flip-flop clocked by clk)
Endpoint: _216_ (rising edge-triggered flip-flop clocked by clk)
Path Group: clk
Path Type: min

Fanout         Cap        Slew       Delay        Time   Description
---------------------------------------------------------------------------------------------
                                  0.000000    0.000000   clock clk (rise edge)
                                  0.000000    0.000000   clock source latency
     1    0.043337    0.298221    0.151565    0.151565 ^ clk (in)
                                                         clk (net)
                      0.298224    0.000000    0.151565 ^ clkbuf_0_clk/I (gf180mcu_fd_sc_mcu7t5v0__clkbuf_16)
     8    0.200996    0.354491    0.506933    0.658498 ^ clkbuf_0_clk/Z (gf180mcu_fd_sc_mcu7t5v0__clkbuf_16)
                                                         clknet_0_clk (net)
                      0.354508    0.003747    0.662245 ^ clkbuf_3_2__f_clk/I (gf180mcu_fd_sc_mcu7t5v0__clkbuf_16)
     6    0.031161    0.135101    0.362658    1.024903 ^ clkbuf_3_2__f_clk/Z (gf180mcu_fd_sc_mcu7t5v0__clkbuf_16)
                                                         clknet_3_2__leaf_clk (net)
                      0.135102    0.000574    1.025477 ^ _216_/CLK (gf180mcu_fd_sc_mcu7t5v0__dffrnq_1)
     2    0.013923    0.250833    1.079847    2.105324 v _216_/Q (gf180mcu_fd_sc_mcu7t5v0__dffrnq_1)
                                                         net6 (net)
                      0.250833    0.000620    2.105944 v _113_/I (gf180mcu_fd_sc_mcu7t5v0__clkinv_1)
     1    0.006675    0.236244    0.211625    2.317568 ^ _113_/ZN (gf180mcu_fd_sc_mcu7t5v0__clkinv_1)
                                                         _106_ (net)
                      0.236244    0.000183    2.317751 ^ _196_/A2 (gf180mcu_fd_sc_mcu7t5v0__oai32_1)
     1    0.004567    0.194731    0.220199    2.537950 v _196_/ZN (gf180mcu_fd_sc_mcu7t5v0__oai32_1)
                                                         _030_ (net)
                      0.194731    0.000124    2.538074 v _216_/D (gf180mcu_fd_sc_mcu7t5v0__dffrnq_1)
                                              2.538074   data arrival time

                                  0.000000    0.000000   clock clk (rise edge)
                                  0.000000    0.000000   clock source latency
     1    0.043337    0.298221    0.151565    0.151565 ^ clk (in)
                                                         clk (net)
                      0.298224    0.000000    0.151565 ^ clkbuf_0_clk/I (gf180mcu_fd_sc_mcu7t5v0__clkbuf_16)
     8    0.200996    0.354491    0.506933    0.658498 ^ clkbuf_0_clk/Z (gf180mcu_fd_sc_mcu7t5v0__clkbuf_16)
                                                         clknet_0_clk (net)
                      0.354508    0.003747    0.662245 ^ clkbuf_3_2__f_clk/I (gf180mcu_fd_sc_mcu7t5v0__clkbuf_16)
     6    0.031161    0.135101    0.362658    1.024903 ^ clkbuf_3_2__f_clk/Z (gf180mcu_fd_sc_mcu7t5v0__clkbuf_16)
                                                         clknet_3_2__leaf_clk (net)
                      0.135102    0.000574    1.025477 ^ _216_/CLK (gf180mcu_fd_sc_mcu7t5v0__dffrnq_1)
                                  0.250000    1.275477   clock uncertainty
                                  0.000000    1.275477   clock reconvergence pessimism
                                  0.125927    1.401404   library hold time
                                              1.401404   data required time
---------------------------------------------------------------------------------------------
                                              1.401404   data required time
                                             -2.538074   data arrival time
---------------------------------------------------------------------------------------------
                                              1.136670   slack (MET)


Startpoint: _225_ (rising edge-triggered flip-flop clocked by clk)
Endpoint: _225_ (rising edge-triggered flip-flop clocked by clk)
Path Group: clk
Path Type: min

Fanout         Cap        Slew       Delay        Time   Description
---------------------------------------------------------------------------------------------
                                  0.000000    0.000000   clock clk (rise edge)
                                  0.000000    0.000000   clock source latency
     1    0.043337    0.298221    0.151565    0.151565 ^ clk (in)
                                                         clk (net)
                      0.298224    0.000000    0.151565 ^ clkbuf_0_clk/I (gf180mcu_fd_sc_mcu7t5v0__clkbuf_16)
     8    0.200996    0.354491    0.506933    0.658498 ^ clkbuf_0_clk/Z (gf180mcu_fd_sc_mcu7t5v0__clkbuf_16)
                                                         clknet_0_clk (net)
                      0.354508    0.003748    0.662246 ^ clkbuf_3_6__f_clk/I (gf180mcu_fd_sc_mcu7t5v0__clkbuf_16)
     6    0.030645    0.134423    0.362075    1.024321 ^ clkbuf_3_6__f_clk/Z (gf180mcu_fd_sc_mcu7t5v0__clkbuf_16)
                                                         clknet_3_6__leaf_clk (net)
                      0.134423    0.000560    1.024881 ^ _225_/CLK (gf180mcu_fd_sc_mcu7t5v0__dffrnq_1)
     2    0.012572    0.236662    1.068709    2.093589 v _225_/Q (gf180mcu_fd_sc_mcu7t5v0__dffrnq_1)
                                                         net17 (net)
                      0.236662    0.000490    2.094079 v _212_/A1 (gf180mcu_fd_sc_mcu7t5v0__nand2_1)
     1    0.007442    0.284213    0.250498    2.344577 ^ _212_/ZN (gf180mcu_fd_sc_mcu7t5v0__nand2_1)
                                                         _099_ (net)
                      0.284213    0.000416    2.344993 ^ _213_/B (gf180mcu_fd_sc_mcu7t5v0__oai21_1)
     1    0.005198    0.187280    0.197057    2.542050 v _213_/ZN (gf180mcu_fd_sc_mcu7t5v0__oai21_1)
                                                         _039_ (net)
                      0.187280    0.000137    2.542187 v _225_/D (gf180mcu_fd_sc_mcu7t5v0__dffrnq_1)
                                              2.542187   data arrival time

                                  0.000000    0.000000   clock clk (rise edge)
                                  0.000000    0.000000   clock source latency
     1    0.043337    0.298221    0.151565    0.151565 ^ clk (in)
                                                         clk (net)
                      0.298224    0.000000    0.151565 ^ clkbuf_0_clk/I (gf180mcu_fd_sc_mcu7t5v0__clkbuf_16)
     8    0.200996    0.354491    0.506933    0.658498 ^ clkbuf_0_clk/Z (gf180mcu_fd_sc_mcu7t5v0__clkbuf_16)
                                                         clknet_0_clk (net)
                      0.354508    0.003748    0.662246 ^ clkbuf_3_6__f_clk/I (gf180mcu_fd_sc_mcu7t5v0__clkbuf_16)
     6    0.030645    0.134423    0.362075    1.024321 ^ clkbuf_3_6__f_clk/Z (gf180mcu_fd_sc_mcu7t5v0__clkbuf_16)
                                                         clknet_3_6__leaf_clk (net)
                      0.134423    0.000560    1.024881 ^ _225_/CLK (gf180mcu_fd_sc_mcu7t5v0__dffrnq_1)
                                  0.250000    1.274881   clock uncertainty
                                  0.000000    1.274881   clock reconvergence pessimism
                                  0.127772    1.402653   library hold time
                                              1.402653   data required time
---------------------------------------------------------------------------------------------
                                              1.402653   data required time
                                             -2.542187   data arrival time
---------------------------------------------------------------------------------------------
                                              1.139534   slack (MET)


Startpoint: _222_ (rising edge-triggered flip-flop clocked by clk)
Endpoint: _222_ (rising edge-triggered flip-flop clocked by clk)
Path Group: clk
Path Type: min

Fanout         Cap        Slew       Delay        Time   Description
---------------------------------------------------------------------------------------------
                                  0.000000    0.000000   clock clk (rise edge)
                                  0.000000    0.000000   clock source latency
     1    0.043337    0.298221    0.151565    0.151565 ^ clk (in)
                                                         clk (net)
                      0.298224    0.000000    0.151565 ^ clkbuf_0_clk/I (gf180mcu_fd_sc_mcu7t5v0__clkbuf_16)
     8    0.200996    0.354491    0.506933    0.658498 ^ clkbuf_0_clk/Z (gf180mcu_fd_sc_mcu7t5v0__clkbuf_16)
                                                         clknet_0_clk (net)
                      0.354508    0.003748    0.662246 ^ clkbuf_3_3__f_clk/I (gf180mcu_fd_sc_mcu7t5v0__clkbuf_16)
     6    0.030928    0.134794    0.362379    1.024624 ^ clkbuf_3_3__f_clk/Z (gf180mcu_fd_sc_mcu7t5v0__clkbuf_16)
                                                         clknet_3_3__leaf_clk (net)
                      0.134795    0.000569    1.025193 ^ _222_/CLK (gf180mcu_fd_sc_mcu7t5v0__dffrnq_1)
     2    0.014557    0.257673    1.085098    2.110292 v _222_/Q (gf180mcu_fd_sc_mcu7t5v0__dffrnq_1)
                                                         net14 (net)
                      0.257673    0.000526    2.110817 v _206_/A1 (gf180mcu_fd_sc_mcu7t5v0__nand2_1)
     1    0.005401    0.240294    0.226701    2.337518 ^ _206_/ZN (gf180mcu_fd_sc_mcu7t5v0__nand2_1)
                                                         _096_ (net)
                      0.240294    0.000168    2.337686 ^ _207_/B (gf180mcu_fd_sc_mcu7t5v0__oai21_1)
     1    0.006742    0.200186    0.204541    2.542228 v _207_/ZN (gf180mcu_fd_sc_mcu7t5v0__oai21_1)
                                                         _036_ (net)
                      0.200186    0.000349    2.542577 v _222_/D (gf180mcu_fd_sc_mcu7t5v0__dffrnq_1)
                                              2.542577   data arrival time

                                  0.000000    0.000000   clock clk (rise edge)
                                  0.000000    0.000000   clock source latency
     1    0.043337    0.298221    0.151565    0.151565 ^ clk (in)
                                                         clk (net)
                      0.298224    0.000000    0.151565 ^ clkbuf_0_clk/I (gf180mcu_fd_sc_mcu7t5v0__clkbuf_16)
     8    0.200996    0.354491    0.506933    0.658498 ^ clkbuf_0_clk/Z (gf180mcu_fd_sc_mcu7t5v0__clkbuf_16)
                                                         clknet_0_clk (net)
                      0.354508    0.003748    0.662246 ^ clkbuf_3_3__f_clk/I (gf180mcu_fd_sc_mcu7t5v0__clkbuf_16)
     6    0.030928    0.134794    0.362379    1.024624 ^ clkbuf_3_3__f_clk/Z (gf180mcu_fd_sc_mcu7t5v0__clkbuf_16)
                                                         clknet_3_3__leaf_clk (net)
                      0.134795    0.000569    1.025193 ^ _222_/CLK (gf180mcu_fd_sc_mcu7t5v0__dffrnq_1)
                                  0.250000    1.275193   clock uncertainty
                                  0.000000    1.275193   clock reconvergence pessimism
                                  0.124390    1.399583   library hold time
                                              1.399583   data required time
---------------------------------------------------------------------------------------------
                                              1.399583   data required time
                                             -2.542577   data arrival time
---------------------------------------------------------------------------------------------
                                              1.142994   slack (MET)


Startpoint: _226_ (rising edge-triggered flip-flop clocked by clk)
Endpoint: _226_ (rising edge-triggered flip-flop clocked by clk)
Path Group: clk
Path Type: min

Fanout         Cap        Slew       Delay        Time   Description
---------------------------------------------------------------------------------------------
                                  0.000000    0.000000   clock clk (rise edge)
                                  0.000000    0.000000   clock source latency
     1    0.043337    0.298221    0.151565    0.151565 ^ clk (in)
                                                         clk (net)
                      0.298224    0.000000    0.151565 ^ clkbuf_0_clk/I (gf180mcu_fd_sc_mcu7t5v0__clkbuf_16)
     8    0.200996    0.354491    0.506933    0.658498 ^ clkbuf_0_clk/Z (gf180mcu_fd_sc_mcu7t5v0__clkbuf_16)
                                                         clknet_0_clk (net)
                      0.354508    0.003748    0.662246 ^ clkbuf_3_6__f_clk/I (gf180mcu_fd_sc_mcu7t5v0__clkbuf_16)
     6    0.030645    0.134423    0.362075    1.024321 ^ clkbuf_3_6__f_clk/Z (gf180mcu_fd_sc_mcu7t5v0__clkbuf_16)
                                                         clknet_3_6__leaf_clk (net)
                      0.134423    0.000560    1.024881 ^ _226_/CLK (gf180mcu_fd_sc_mcu7t5v0__dffrnq_1)
     2    0.013622    0.247717    1.077318    2.102199 v _226_/Q (gf180mcu_fd_sc_mcu7t5v0__dffrnq_1)
                                                         net18 (net)
                      0.247717    0.000546    2.102744 v _214_/A1 (gf180mcu_fd_sc_mcu7t5v0__nand2_1)
     1    0.007290    0.281491    0.251658    2.354402 ^ _214_/ZN (gf180mcu_fd_sc_mcu7t5v0__nand2_1)
                                                         _100_ (net)
                      0.281491    0.000411    2.354813 ^ _215_/B (gf180mcu_fd_sc_mcu7t5v0__oai21_1)
     1    0.005122    0.186129    0.195726    2.550539 v _215_/ZN (gf180mcu_fd_sc_mcu7t5v0__oai21_1)
                                                         _040_ (net)
                      0.186129    0.000136    2.550675 v _226_/D (gf180mcu_fd_sc_mcu7t5v0__dffrnq_1)
                                              2.550675   data arrival time

                                  0.000000    0.000000   clock clk (rise edge)
                                  0.000000    0.000000   clock source latency
     1    0.043337    0.298221    0.151565    0.151565 ^ clk (in)
                                                         clk (net)
                      0.298224    0.000000    0.151565 ^ clkbuf_0_clk/I (gf180mcu_fd_sc_mcu7t5v0__clkbuf_16)
     8    0.200996    0.354491    0.506933    0.658498 ^ clkbuf_0_clk/Z (gf180mcu_fd_sc_mcu7t5v0__clkbuf_16)
                                                         clknet_0_clk (net)
                      0.354508    0.003748    0.662246 ^ clkbuf_3_6__f_clk/I (gf180mcu_fd_sc_mcu7t5v0__clkbuf_16)
     6    0.030645    0.134423    0.362075    1.024321 ^ clkbuf_3_6__f_clk/Z (gf180mcu_fd_sc_mcu7t5v0__clkbuf_16)
                                                         clknet_3_6__leaf_clk (net)
                      0.134423    0.000560    1.024881 ^ _226_/CLK (gf180mcu_fd_sc_mcu7t5v0__dffrnq_1)
                                  0.250000    1.274881   clock uncertainty
                                  0.000000    1.274881   clock reconvergence pessimism
                                  0.128082    1.402962   library hold time
                                              1.402962   data required time
---------------------------------------------------------------------------------------------
                                              1.402962   data required time
                                             -2.550675   data arrival time
---------------------------------------------------------------------------------------------
                                              1.147713   slack (MET)


Startpoint: _228_ (rising edge-triggered flip-flop clocked by clk)
Endpoint: _228_ (rising edge-triggered flip-flop clocked by clk)
Path Group: clk
Path Type: min

Fanout         Cap        Slew       Delay        Time   Description
---------------------------------------------------------------------------------------------
                                  0.000000    0.000000   clock clk (rise edge)
                                  0.000000    0.000000   clock source latency
     1    0.043337    0.298221    0.151565    0.151565 ^ clk (in)
                                                         clk (net)
                      0.298224    0.000000    0.151565 ^ clkbuf_0_clk/I (gf180mcu_fd_sc_mcu7t5v0__clkbuf_16)
     8    0.200996    0.354491    0.506933    0.658498 ^ clkbuf_0_clk/Z (gf180mcu_fd_sc_mcu7t5v0__clkbuf_16)
                                                         clknet_0_clk (net)
                      0.354508    0.003748    0.662246 ^ clkbuf_3_6__f_clk/I (gf180mcu_fd_sc_mcu7t5v0__clkbuf_16)
     6    0.030645    0.134423    0.362075    1.024321 ^ clkbuf_3_6__f_clk/Z (gf180mcu_fd_sc_mcu7t5v0__clkbuf_16)
                                                         clknet_3_6__leaf_clk (net)
                      0.134423    0.000562    1.024883 ^ _228_/CLK (gf180mcu_fd_sc_mcu7t5v0__dffrnq_1)
     2    0.015442    0.267009    1.092260    2.117143 v _228_/Q (gf180mcu_fd_sc_mcu7t5v0__dffrnq_1)
                                                         net20 (net)
                      0.267009    0.000570    2.117712 v _147_/A1 (gf180mcu_fd_sc_mcu7t5v0__nand2_1)
     1    0.006835    0.272664    0.250860    2.368572 ^ _147_/ZN (gf180mcu_fd_sc_mcu7t5v0__nand2_1)
                                                         _058_ (net)
                      0.272664    0.000392    2.368964 ^ _148_/B (gf180mcu_fd_sc_mcu7t5v0__oai21_1)
     1    0.004865    0.182221    0.191311    2.560275 v _148_/ZN (gf180mcu_fd_sc_mcu7t5v0__oai21_1)
                                                         _015_ (net)
                      0.182221    0.000134    2.560410 v _228_/D (gf180mcu_fd_sc_mcu7t5v0__dffrnq_1)
                                              2.560410   data arrival time

                                  0.000000    0.000000   clock clk (rise edge)
                                  0.000000    0.000000   clock source latency
     1    0.043337    0.298221    0.151565    0.151565 ^ clk (in)
                                                         clk (net)
                      0.298224    0.000000    0.151565 ^ clkbuf_0_clk/I (gf180mcu_fd_sc_mcu7t5v0__clkbuf_16)
     8    0.200996    0.354491    0.506933    0.658498 ^ clkbuf_0_clk/Z (gf180mcu_fd_sc_mcu7t5v0__clkbuf_16)
                                                         clknet_0_clk (net)
                      0.354508    0.003748    0.662246 ^ clkbuf_3_6__f_clk/I (gf180mcu_fd_sc_mcu7t5v0__clkbuf_16)
     6    0.030645    0.134423    0.362075    1.024321 ^ clkbuf_3_6__f_clk/Z (gf180mcu_fd_sc_mcu7t5v0__clkbuf_16)
                                                         clknet_3_6__leaf_clk (net)
                      0.134423    0.000562    1.024883 ^ _228_/CLK (gf180mcu_fd_sc_mcu7t5v0__dffrnq_1)
                                  0.250000    1.274883   clock uncertainty
                                  0.000000    1.274883   clock reconvergence pessimism
                                  0.129132    1.404015   library hold time
                                              1.404015   data required time
---------------------------------------------------------------------------------------------
                                              1.404015   data required time
                                             -2.560410   data arrival time
---------------------------------------------------------------------------------------------
                                              1.156395   slack (MET)


Startpoint: _227_ (rising edge-triggered flip-flop clocked by clk)
Endpoint: _227_ (rising edge-triggered flip-flop clocked by clk)
Path Group: clk
Path Type: min

Fanout         Cap        Slew       Delay        Time   Description
---------------------------------------------------------------------------------------------
                                  0.000000    0.000000   clock clk (rise edge)
                                  0.000000    0.000000   clock source latency
     1    0.043337    0.298221    0.151565    0.151565 ^ clk (in)
                                                         clk (net)
                      0.298224    0.000000    0.151565 ^ clkbuf_0_clk/I (gf180mcu_fd_sc_mcu7t5v0__clkbuf_16)
     8    0.200996    0.354491    0.506933    0.658498 ^ clkbuf_0_clk/Z (gf180mcu_fd_sc_mcu7t5v0__clkbuf_16)
                                                         clknet_0_clk (net)
                      0.354508    0.003748    0.662246 ^ clkbuf_3_6__f_clk/I (gf180mcu_fd_sc_mcu7t5v0__clkbuf_16)
     6    0.030645    0.134423    0.362075    1.024321 ^ clkbuf_3_6__f_clk/Z (gf180mcu_fd_sc_mcu7t5v0__clkbuf_16)
                                                         clknet_3_6__leaf_clk (net)
                      0.134423    0.000562    1.024882 ^ _227_/CLK (gf180mcu_fd_sc_mcu7t5v0__dffrnq_1)
     2    0.013657    0.248117    1.077673    2.102556 v _227_/Q (gf180mcu_fd_sc_mcu7t5v0__dffrnq_1)
                                                         net19 (net)
                      0.248117    0.000313    2.102869 v _144_/A1 (gf180mcu_fd_sc_mcu7t5v0__nand2_1)
     1    0.008403    0.306322    0.268340    2.371208 ^ _144_/ZN (gf180mcu_fd_sc_mcu7t5v0__nand2_1)
                                                         _056_ (net)
                      0.306322    0.000437    2.371646 ^ _145_/B (gf180mcu_fd_sc_mcu7t5v0__oai21_1)
     1    0.005368    0.193876    0.200993    2.572639 v _145_/ZN (gf180mcu_fd_sc_mcu7t5v0__oai21_1)
                                                         _014_ (net)
                      0.193876    0.000137    2.572776 v _227_/D (gf180mcu_fd_sc_mcu7t5v0__dffrnq_1)
                                              2.572776   data arrival time

                                  0.000000    0.000000   clock clk (rise edge)
                                  0.000000    0.000000   clock source latency
     1    0.043337    0.298221    0.151565    0.151565 ^ clk (in)
                                                         clk (net)
                      0.298224    0.000000    0.151565 ^ clkbuf_0_clk/I (gf180mcu_fd_sc_mcu7t5v0__clkbuf_16)
     8    0.200996    0.354491    0.506933    0.658498 ^ clkbuf_0_clk/Z (gf180mcu_fd_sc_mcu7t5v0__clkbuf_16)
                                                         clknet_0_clk (net)
                      0.354508    0.003748    0.662246 ^ clkbuf_3_6__f_clk/I (gf180mcu_fd_sc_mcu7t5v0__clkbuf_16)
     6    0.030645    0.134423    0.362075    1.024321 ^ clkbuf_3_6__f_clk/Z (gf180mcu_fd_sc_mcu7t5v0__clkbuf_16)
                                                         clknet_3_6__leaf_clk (net)
                      0.134423    0.000562    1.024882 ^ _227_/CLK (gf180mcu_fd_sc_mcu7t5v0__dffrnq_1)
                                  0.250000    1.274882   clock uncertainty
                                  0.000000    1.274882   clock reconvergence pessimism
                                  0.126000    1.400882   library hold time
                                              1.400882   data required time
---------------------------------------------------------------------------------------------
                                              1.400882   data required time
                                             -2.572776   data arrival time
---------------------------------------------------------------------------------------------
                                              1.171894   slack (MET)


Startpoint: _220_ (rising edge-triggered flip-flop clocked by clk)
Endpoint: _220_ (rising edge-triggered flip-flop clocked by clk)
Path Group: clk
Path Type: min

Fanout         Cap        Slew       Delay        Time   Description
---------------------------------------------------------------------------------------------
                                  0.000000    0.000000   clock clk (rise edge)
                                  0.000000    0.000000   clock source latency
     1    0.043337    0.298221    0.151565    0.151565 ^ clk (in)
                                                         clk (net)
                      0.298224    0.000000    0.151565 ^ clkbuf_0_clk/I (gf180mcu_fd_sc_mcu7t5v0__clkbuf_16)
     8    0.200996    0.354491    0.506933    0.658498 ^ clkbuf_0_clk/Z (gf180mcu_fd_sc_mcu7t5v0__clkbuf_16)
                                                         clknet_0_clk (net)
                      0.354508    0.003758    0.662256 ^ clkbuf_3_0__f_clk/I (gf180mcu_fd_sc_mcu7t5v0__clkbuf_16)
     6    0.036406    0.141994    0.368647    1.030903 ^ clkbuf_3_0__f_clk/Z (gf180mcu_fd_sc_mcu7t5v0__clkbuf_16)
                                                         clknet_3_0__leaf_clk (net)
                      0.141995    0.000661    1.031564 ^ _220_/CLK (gf180mcu_fd_sc_mcu7t5v0__dffrnq_1)
     2    0.016463    0.277800    1.102458    2.134022 v _220_/Q (gf180mcu_fd_sc_mcu7t5v0__dffrnq_1)
                                                         net12 (net)
                      0.277800    0.000348    2.134370 v _114_/I (gf180mcu_fd_sc_mcu7t5v0__clkinv_1)
     1    0.007382    0.252639    0.229646    2.364016 ^ _114_/ZN (gf180mcu_fd_sc_mcu7t5v0__clkinv_1)
                                                         _107_ (net)
                      0.252640    0.000401    2.364417 ^ _203_/B2 (gf180mcu_fd_sc_mcu7t5v0__oai22_1)
     1    0.005325    0.206777    0.226746    2.591162 v _203_/ZN (gf180mcu_fd_sc_mcu7t5v0__oai22_1)
                                                         _034_ (net)
                      0.206777    0.000144    2.591306 v _220_/D (gf180mcu_fd_sc_mcu7t5v0__dffrnq_1)
                                              2.591306   data arrival time

                                  0.000000    0.000000   clock clk (rise edge)
                                  0.000000    0.000000   clock source latency
     1    0.043337    0.298221    0.151565    0.151565 ^ clk (in)
                                                         clk (net)
                      0.298224    0.000000    0.151565 ^ clkbuf_0_clk/I (gf180mcu_fd_sc_mcu7t5v0__clkbuf_16)
     8    0.200996    0.354491    0.506933    0.658498 ^ clkbuf_0_clk/Z (gf180mcu_fd_sc_mcu7t5v0__clkbuf_16)
                                                         clknet_0_clk (net)
                      0.354508    0.003758    0.662256 ^ clkbuf_3_0__f_clk/I (gf180mcu_fd_sc_mcu7t5v0__clkbuf_16)
     6    0.036406    0.141994    0.368647    1.030903 ^ clkbuf_3_0__f_clk/Z (gf180mcu_fd_sc_mcu7t5v0__clkbuf_16)
                                                         clknet_3_0__leaf_clk (net)
                      0.141995    0.000661    1.031564 ^ _220_/CLK (gf180mcu_fd_sc_mcu7t5v0__dffrnq_1)
                                  0.250000    1.281564   clock uncertainty
                                  0.000000    1.281564   clock reconvergence pessimism
                                  0.124271    1.405835   library hold time
                                              1.405835   data required time
---------------------------------------------------------------------------------------------
                                              1.405835   data required time
                                             -2.591306   data arrival time
---------------------------------------------------------------------------------------------
                                              1.185471   slack (MET)


Startpoint: _221_ (rising edge-triggered flip-flop clocked by clk)
Endpoint: _221_ (rising edge-triggered flip-flop clocked by clk)
Path Group: clk
Path Type: min

Fanout         Cap        Slew       Delay        Time   Description
---------------------------------------------------------------------------------------------
                                  0.000000    0.000000   clock clk (rise edge)
                                  0.000000    0.000000   clock source latency
     1    0.043337    0.298221    0.151565    0.151565 ^ clk (in)
                                                         clk (net)
                      0.298224    0.000000    0.151565 ^ clkbuf_0_clk/I (gf180mcu_fd_sc_mcu7t5v0__clkbuf_16)
     8    0.200996    0.354491    0.506933    0.658498 ^ clkbuf_0_clk/Z (gf180mcu_fd_sc_mcu7t5v0__clkbuf_16)
                                                         clknet_0_clk (net)
                      0.354508    0.003747    0.662245 ^ clkbuf_3_2__f_clk/I (gf180mcu_fd_sc_mcu7t5v0__clkbuf_16)
     6    0.031161    0.135101    0.362658    1.024903 ^ clkbuf_3_2__f_clk/Z (gf180mcu_fd_sc_mcu7t5v0__clkbuf_16)
                                                         clknet_3_2__leaf_clk (net)
                      0.135102    0.000575    1.025478 ^ _221_/CLK (gf180mcu_fd_sc_mcu7t5v0__dffrnq_1)
     2    0.012058    0.231080    1.064523    2.090000 v _221_/Q (gf180mcu_fd_sc_mcu7t5v0__dffrnq_1)
                                                         net13 (net)
                      0.231080    0.000283    2.090283 v _204_/A1 (gf180mcu_fd_sc_mcu7t5v0__nand2_1)
     1    0.010782    0.359399    0.298522    2.388805 ^ _204_/ZN (gf180mcu_fd_sc_mcu7t5v0__nand2_1)
                                                         _095_ (net)
                      0.359399    0.000492    2.389297 ^ _205_/B (gf180mcu_fd_sc_mcu7t5v0__oai21_1)
     1    0.006075    0.214174    0.213433    2.602730 v _205_/ZN (gf180mcu_fd_sc_mcu7t5v0__oai21_1)
                                                         _035_ (net)
                      0.214174    0.000150    2.602880 v _221_/D (gf180mcu_fd_sc_mcu7t5v0__dffrnq_1)
                                              2.602880   data arrival time

                                  0.000000    0.000000   clock clk (rise edge)
                                  0.000000    0.000000   clock source latency
     1    0.043337    0.298221    0.151565    0.151565 ^ clk (in)
                                                         clk (net)
                      0.298224    0.000000    0.151565 ^ clkbuf_0_clk/I (gf180mcu_fd_sc_mcu7t5v0__clkbuf_16)
     8    0.200996    0.354491    0.506933    0.658498 ^ clkbuf_0_clk/Z (gf180mcu_fd_sc_mcu7t5v0__clkbuf_16)
                                                         clknet_0_clk (net)
                      0.354508    0.003747    0.662245 ^ clkbuf_3_2__f_clk/I (gf180mcu_fd_sc_mcu7t5v0__clkbuf_16)
     6    0.031161    0.135101    0.362658    1.024903 ^ clkbuf_3_2__f_clk/Z (gf180mcu_fd_sc_mcu7t5v0__clkbuf_16)
                                                         clknet_3_2__leaf_clk (net)
                      0.135102    0.000575    1.025478 ^ _221_/CLK (gf180mcu_fd_sc_mcu7t5v0__dffrnq_1)
                                  0.250000    1.275478   clock uncertainty
                                  0.000000    1.275478   clock reconvergence pessimism
                                  0.120700    1.396178   library hold time
                                              1.396178   data required time
---------------------------------------------------------------------------------------------
                                              1.396178   data required time
                                             -2.602880   data arrival time
---------------------------------------------------------------------------------------------
                                              1.206701   slack (MET)


Startpoint: _217_ (rising edge-triggered flip-flop clocked by clk)
Endpoint: _217_ (rising edge-triggered flip-flop clocked by clk)
Path Group: clk
Path Type: min

Fanout         Cap        Slew       Delay        Time   Description
---------------------------------------------------------------------------------------------
                                  0.000000    0.000000   clock clk (rise edge)
                                  0.000000    0.000000   clock source latency
     1    0.043337    0.298221    0.151565    0.151565 ^ clk (in)
                                                         clk (net)
                      0.298224    0.000000    0.151565 ^ clkbuf_0_clk/I (gf180mcu_fd_sc_mcu7t5v0__clkbuf_16)
     8    0.200996    0.354491    0.506933    0.658498 ^ clkbuf_0_clk/Z (gf180mcu_fd_sc_mcu7t5v0__clkbuf_16)
                                                         clknet_0_clk (net)
                      0.354508    0.003747    0.662245 ^ clkbuf_3_2__f_clk/I (gf180mcu_fd_sc_mcu7t5v0__clkbuf_16)
     6    0.031161    0.135101    0.362658    1.024903 ^ clkbuf_3_2__f_clk/Z (gf180mcu_fd_sc_mcu7t5v0__clkbuf_16)
                                                         clknet_3_2__leaf_clk (net)
                      0.135102    0.000738    1.025641 ^ _217_/CLK (gf180mcu_fd_sc_mcu7t5v0__dffrnq_1)
     2    0.020148    0.316809    1.131018    2.156659 v _217_/Q (gf180mcu_fd_sc_mcu7t5v0__dffrnq_1)
                                                         net10 (net)
                      0.316810    0.000412    2.157072 v _197_/A1 (gf180mcu_fd_sc_mcu7t5v0__nand2_1)
     1    0.006349    0.268965    0.257873    2.414945 ^ _197_/ZN (gf180mcu_fd_sc_mcu7t5v0__nand2_1)
                                                         _092_ (net)
                      0.268965    0.000364    2.415309 ^ _198_/B (gf180mcu_fd_sc_mcu7t5v0__oai21_1)
     1    0.005670    0.190497    0.199117    2.614426 v _198_/ZN (gf180mcu_fd_sc_mcu7t5v0__oai21_1)
                                                         _031_ (net)
                      0.190497    0.000310    2.614736 v _217_/D (gf180mcu_fd_sc_mcu7t5v0__dffrnq_1)
                                              2.614736   data arrival time

                                  0.000000    0.000000   clock clk (rise edge)
                                  0.000000    0.000000   clock source latency
     1    0.043337    0.298221    0.151565    0.151565 ^ clk (in)
                                                         clk (net)
                      0.298224    0.000000    0.151565 ^ clkbuf_0_clk/I (gf180mcu_fd_sc_mcu7t5v0__clkbuf_16)
     8    0.200996    0.354491    0.506933    0.658498 ^ clkbuf_0_clk/Z (gf180mcu_fd_sc_mcu7t5v0__clkbuf_16)
                                                         clknet_0_clk (net)
                      0.354508    0.003747    0.662245 ^ clkbuf_3_2__f_clk/I (gf180mcu_fd_sc_mcu7t5v0__clkbuf_16)
     6    0.031161    0.135101    0.362658    1.024903 ^ clkbuf_3_2__f_clk/Z (gf180mcu_fd_sc_mcu7t5v0__clkbuf_16)
                                                         clknet_3_2__leaf_clk (net)
                      0.135102    0.000738    1.025641 ^ _217_/CLK (gf180mcu_fd_sc_mcu7t5v0__dffrnq_1)
                                  0.250000    1.275641   clock uncertainty
                                  0.000000    1.275641   clock reconvergence pessimism
                                  0.127065    1.402706   library hold time
                                              1.402706   data required time
---------------------------------------------------------------------------------------------
                                              1.402706   data required time
                                             -2.614736   data arrival time
---------------------------------------------------------------------------------------------
                                              1.212030   slack (MET)


Startpoint: _223_ (rising edge-triggered flip-flop clocked by clk)
Endpoint: _223_ (rising edge-triggered flip-flop clocked by clk)
Path Group: clk
Path Type: min

Fanout         Cap        Slew       Delay        Time   Description
---------------------------------------------------------------------------------------------
                                  0.000000    0.000000   clock clk (rise edge)
                                  0.000000    0.000000   clock source latency
     1    0.043337    0.298221    0.151565    0.151565 ^ clk (in)
                                                         clk (net)
                      0.298224    0.000000    0.151565 ^ clkbuf_0_clk/I (gf180mcu_fd_sc_mcu7t5v0__clkbuf_16)
     8    0.200996    0.354491    0.506933    0.658498 ^ clkbuf_0_clk/Z (gf180mcu_fd_sc_mcu7t5v0__clkbuf_16)
                                                         clknet_0_clk (net)
                      0.354508    0.003748    0.662246 ^ clkbuf_3_3__f_clk/I (gf180mcu_fd_sc_mcu7t5v0__clkbuf_16)
     6    0.030928    0.134794    0.362379    1.024624 ^ clkbuf_3_3__f_clk/Z (gf180mcu_fd_sc_mcu7t5v0__clkbuf_16)
                                                         clknet_3_3__leaf_clk (net)
                      0.134795    0.000568    1.025192 ^ _223_/CLK (gf180mcu_fd_sc_mcu7t5v0__dffrnq_1)
     2    0.014380    0.255709    1.083651    2.108843 v _223_/Q (gf180mcu_fd_sc_mcu7t5v0__dffrnq_1)
                                                         net15 (net)
                      0.255709    0.000516    2.109360 v _208_/A1 (gf180mcu_fd_sc_mcu7t5v0__nand2_1)
     1    0.008267    0.303677    0.268687    2.378047 ^ _208_/ZN (gf180mcu_fd_sc_mcu7t5v0__nand2_1)
                                                         _097_ (net)
                      0.303677    0.000414    2.378461 ^ _209_/B (gf180mcu_fd_sc_mcu7t5v0__oai21_1)
     1    0.008121    0.225996    0.228545    2.607006 v _209_/ZN (gf180mcu_fd_sc_mcu7t5v0__oai21_1)
                                                         _037_ (net)
                      0.225996    0.000346    2.607352 v _223_/D (gf180mcu_fd_sc_mcu7t5v0__dffrnq_1)
                                              2.607352   data arrival time

                                  0.000000    0.000000   clock clk (rise edge)
                                  0.000000    0.000000   clock source latency
     1    0.043337    0.298221    0.151565    0.151565 ^ clk (in)
                                                         clk (net)
                      0.298224    0.000000    0.151565 ^ clkbuf_0_clk/I (gf180mcu_fd_sc_mcu7t5v0__clkbuf_16)
     8    0.200996    0.354491    0.506933    0.658498 ^ clkbuf_0_clk/Z (gf180mcu_fd_sc_mcu7t5v0__clkbuf_16)
                                                         clknet_0_clk (net)
                      0.354508    0.003748    0.662246 ^ clkbuf_3_3__f_clk/I (gf180mcu_fd_sc_mcu7t5v0__clkbuf_16)
     6    0.030928    0.134794    0.362379    1.024624 ^ clkbuf_3_3__f_clk/Z (gf180mcu_fd_sc_mcu7t5v0__clkbuf_16)
                                                         clknet_3_3__leaf_clk (net)
                      0.134795    0.000568    1.025192 ^ _223_/CLK (gf180mcu_fd_sc_mcu7t5v0__dffrnq_1)
                                  0.250000    1.275192   clock uncertainty
                                  0.000000    1.275192   clock reconvergence pessimism
                                  0.117453    1.392645   library hold time
                                              1.392645   data required time
---------------------------------------------------------------------------------------------
                                              1.392645   data required time
                                             -2.607352   data arrival time
---------------------------------------------------------------------------------------------
                                              1.214707   slack (MET)


Startpoint: _241_ (rising edge-triggered flip-flop clocked by clk)
Endpoint: _241_ (rising edge-triggered flip-flop clocked by clk)
Path Group: clk
Path Type: min

Fanout         Cap        Slew       Delay        Time   Description
---------------------------------------------------------------------------------------------
                                  0.000000    0.000000   clock clk (rise edge)
                                  0.000000    0.000000   clock source latency
     1    0.043337    0.298221    0.151565    0.151565 ^ clk (in)
                                                         clk (net)
                      0.298224    0.000000    0.151565 ^ clkbuf_0_clk/I (gf180mcu_fd_sc_mcu7t5v0__clkbuf_16)
     8    0.200996    0.354491    0.506933    0.658498 ^ clkbuf_0_clk/Z (gf180mcu_fd_sc_mcu7t5v0__clkbuf_16)
                                                         clknet_0_clk (net)
                      0.354508    0.003758    0.662256 ^ clkbuf_3_0__f_clk/I (gf180mcu_fd_sc_mcu7t5v0__clkbuf_16)
     6    0.036406    0.141994    0.368647    1.030903 ^ clkbuf_3_0__f_clk/Z (gf180mcu_fd_sc_mcu7t5v0__clkbuf_16)
                                                         clknet_3_0__leaf_clk (net)
                      0.141999    0.001333    1.032236 ^ _241_/CLK (gf180mcu_fd_sc_mcu7t5v0__dffrnq_1)
     3    0.017453    0.288266    1.110617    2.142853 v _241_/Q (gf180mcu_fd_sc_mcu7t5v0__dffrnq_1)
                                                         cycle_count[2] (net)
                      0.288266    0.000557    2.143410 v _112_/I (gf180mcu_fd_sc_mcu7t5v0__clkinv_1)
     1    0.007646    0.258744    0.236497    2.379907 ^ _112_/ZN (gf180mcu_fd_sc_mcu7t5v0__clkinv_1)
                                                         _105_ (net)
                      0.258744    0.000391    2.380298 ^ _189_/B2 (gf180mcu_fd_sc_mcu7t5v0__aoi22_1)
     1    0.006043    0.212199    0.243759    2.624058 v _189_/ZN (gf180mcu_fd_sc_mcu7t5v0__aoi22_1)
                                                         _028_ (net)
                      0.212199    0.000334    2.624391 v _241_/D (gf180mcu_fd_sc_mcu7t5v0__dffrnq_1)
                                              2.624391   data arrival time

                                  0.000000    0.000000   clock clk (rise edge)
                                  0.000000    0.000000   clock source latency
     1    0.043337    0.298221    0.151565    0.151565 ^ clk (in)
                                                         clk (net)
                      0.298224    0.000000    0.151565 ^ clkbuf_0_clk/I (gf180mcu_fd_sc_mcu7t5v0__clkbuf_16)
     8    0.200996    0.354491    0.506933    0.658498 ^ clkbuf_0_clk/Z (gf180mcu_fd_sc_mcu7t5v0__clkbuf_16)
                                                         clknet_0_clk (net)
                      0.354508    0.003758    0.662256 ^ clkbuf_3_0__f_clk/I (gf180mcu_fd_sc_mcu7t5v0__clkbuf_16)
     6    0.036406    0.141994    0.368647    1.030903 ^ clkbuf_3_0__f_clk/Z (gf180mcu_fd_sc_mcu7t5v0__clkbuf_16)
                                                         clknet_3_0__leaf_clk (net)
                      0.141999    0.001333    1.032236 ^ _241_/CLK (gf180mcu_fd_sc_mcu7t5v0__dffrnq_1)
                                  0.250000    1.282236   clock uncertainty
                                  0.000000    1.282236   clock reconvergence pessimism
                                  0.122808    1.405045   library hold time
                                              1.405045   data required time
---------------------------------------------------------------------------------------------
                                              1.405045   data required time
                                             -2.624391   data arrival time
---------------------------------------------------------------------------------------------
                                              1.219346   slack (MET)


Startpoint: _242_ (rising edge-triggered flip-flop clocked by clk)
Endpoint: _242_ (rising edge-triggered flip-flop clocked by clk)
Path Group: clk
Path Type: min

Fanout         Cap        Slew       Delay        Time   Description
---------------------------------------------------------------------------------------------
                                  0.000000    0.000000   clock clk (rise edge)
                                  0.000000    0.000000   clock source latency
     1    0.043337    0.298221    0.151565    0.151565 ^ clk (in)
                                                         clk (net)
                      0.298224    0.000000    0.151565 ^ clkbuf_0_clk/I (gf180mcu_fd_sc_mcu7t5v0__clkbuf_16)
     8    0.200996    0.354491    0.506933    0.658498 ^ clkbuf_0_clk/Z (gf180mcu_fd_sc_mcu7t5v0__clkbuf_16)
                                                         clknet_0_clk (net)
                      0.354508    0.003758    0.662256 ^ clkbuf_3_0__f_clk/I (gf180mcu_fd_sc_mcu7t5v0__clkbuf_16)
     6    0.036406    0.141994    0.368647    1.030903 ^ clkbuf_3_0__f_clk/Z (gf180mcu_fd_sc_mcu7t5v0__clkbuf_16)
                                                         clknet_3_0__leaf_clk (net)
                      0.141999    0.001330    1.032234 ^ _242_/CLK (gf180mcu_fd_sc_mcu7t5v0__dffrnq_1)
     3    0.018972    0.304297    1.123006    2.155240 v _242_/Q (gf180mcu_fd_sc_mcu7t5v0__dffrnq_1)
                                                         cycle_count[3] (net)
                      0.304299    0.000683    2.155923 v _190_/A1 (gf180mcu_fd_sc_mcu7t5v0__nand2_1)
     1    0.007059    0.282032    0.265156    2.421078 ^ _190_/ZN (gf180mcu_fd_sc_mcu7t5v0__nand2_1)
                                                         _087_ (net)
                      0.282033    0.000400    2.421479 ^ _191_/B (gf180mcu_fd_sc_mcu7t5v0__oai31_1)
     1    0.007405    0.233669    0.223315    2.644794 v _191_/ZN (gf180mcu_fd_sc_mcu7t5v0__oai31_1)
                                                         _029_ (net)
                      0.233669    0.000377    2.645171 v _242_/D (gf180mcu_fd_sc_mcu7t5v0__dffrnq_1)
                                              2.645171   data arrival time

                                  0.000000    0.000000   clock clk (rise edge)
                                  0.000000    0.000000   clock source latency
     1    0.043337    0.298221    0.151565    0.151565 ^ clk (in)
                                                         clk (net)
                      0.298224    0.000000    0.151565 ^ clkbuf_0_clk/I (gf180mcu_fd_sc_mcu7t5v0__clkbuf_16)
     8    0.200996    0.354491    0.506933    0.658498 ^ clkbuf_0_clk/Z (gf180mcu_fd_sc_mcu7t5v0__clkbuf_16)
                                                         clknet_0_clk (net)
                      0.354508    0.003758    0.662256 ^ clkbuf_3_0__f_clk/I (gf180mcu_fd_sc_mcu7t5v0__clkbuf_16)
     6    0.036406    0.141994    0.368647    1.030903 ^ clkbuf_3_0__f_clk/Z (gf180mcu_fd_sc_mcu7t5v0__clkbuf_16)
                                                         clknet_3_0__leaf_clk (net)
                      0.141999    0.001330    1.032234 ^ _242_/CLK (gf180mcu_fd_sc_mcu7t5v0__dffrnq_1)
                                  0.250000    1.282234   clock uncertainty
                                  0.000000    1.282234   clock reconvergence pessimism
                                  0.117013    1.399246   library hold time
                                              1.399246   data required time
---------------------------------------------------------------------------------------------
                                              1.399246   data required time
                                             -2.645171   data arrival time
---------------------------------------------------------------------------------------------
                                              1.245925   slack (MET)


Startpoint: _252_ (rising edge-triggered flip-flop clocked by clk)
Endpoint: _243_ (rising edge-triggered flip-flop clocked by clk)
Path Group: clk
Path Type: min

Fanout         Cap        Slew       Delay        Time   Description
---------------------------------------------------------------------------------------------
                                  0.000000    0.000000   clock clk (rise edge)
                                  0.000000    0.000000   clock source latency
     1    0.043337    0.298221    0.151565    0.151565 ^ clk (in)
                                                         clk (net)
                      0.298224    0.000000    0.151565 ^ clkbuf_0_clk/I (gf180mcu_fd_sc_mcu7t5v0__clkbuf_16)
     8    0.200996    0.354491    0.506933    0.658498 ^ clkbuf_0_clk/Z (gf180mcu_fd_sc_mcu7t5v0__clkbuf_16)
                                                         clknet_0_clk (net)
                      0.354528    0.005469    0.663967 ^ clkbuf_3_4__f_clk/I (gf180mcu_fd_sc_mcu7t5v0__clkbuf_16)
     6    0.032487    0.136846    0.364124    1.028092 ^ clkbuf_3_4__f_clk/Z (gf180mcu_fd_sc_mcu7t5v0__clkbuf_16)
                                                         clknet_3_4__leaf_clk (net)
                      0.136847    0.000599    1.028691 ^ _252_/CLK (gf180mcu_fd_sc_mcu7t5v0__dffrnq_1)
     4    0.027333    0.394849    1.189775    2.218466 v _252_/Q (gf180mcu_fd_sc_mcu7t5v0__dffrnq_1)
                                                         s90_pipe[3] (net)
                      0.394860    0.001399    2.219865 v _115_/A1 (gf180mcu_fd_sc_mcu7t5v0__and2_1)
     1    0.007768    0.189479    0.466361    2.686225 v _115_/Z (gf180mcu_fd_sc_mcu7t5v0__and2_1)
                                                         _005_ (net)
                      0.189479    0.000185    2.686410 v _243_/D (gf180mcu_fd_sc_mcu7t5v0__dffrnq_1)
                                              2.686410   data arrival time

                                  0.000000    0.000000   clock clk (rise edge)
                                  0.000000    0.000000   clock source latency
     1    0.043337    0.298221    0.151565    0.151565 ^ clk (in)
                                                         clk (net)
                      0.298224    0.000000    0.151565 ^ clkbuf_0_clk/I (gf180mcu_fd_sc_mcu7t5v0__clkbuf_16)
     8    0.200996    0.354491    0.506933    0.658498 ^ clkbuf_0_clk/Z (gf180mcu_fd_sc_mcu7t5v0__clkbuf_16)
                                                         clknet_0_clk (net)
                      0.354516    0.004529    0.663027 ^ clkbuf_3_5__f_clk/I (gf180mcu_fd_sc_mcu7t5v0__clkbuf_16)
     6    0.034167    0.139054    0.366036    1.029063 ^ clkbuf_3_5__f_clk/Z (gf180mcu_fd_sc_mcu7t5v0__clkbuf_16)
                                                         clknet_3_5__leaf_clk (net)
                      0.139058    0.001262    1.030325 ^ _243_/CLK (gf180mcu_fd_sc_mcu7t5v0__dffrnq_1)
                                  0.250000    1.280325   clock uncertainty
                                  0.000000    1.280325   clock reconvergence pessimism
                                  0.128258    1.408583   library hold time
                                              1.408583   data required time
---------------------------------------------------------------------------------------------
                                              1.408583   data required time
                                             -2.686410   data arrival time
---------------------------------------------------------------------------------------------
                                              1.277828   slack (MET)


Startpoint: _256_ (rising edge-triggered flip-flop clocked by clk)
Endpoint: _244_ (rising edge-triggered flip-flop clocked by clk)
Path Group: clk
Path Type: min

Fanout         Cap        Slew       Delay        Time   Description
---------------------------------------------------------------------------------------------
                                  0.000000    0.000000   clock clk (rise edge)
                                  0.000000    0.000000   clock source latency
     1    0.043337    0.298221    0.151565    0.151565 ^ clk (in)
                                                         clk (net)
                      0.298224    0.000000    0.151565 ^ clkbuf_0_clk/I (gf180mcu_fd_sc_mcu7t5v0__clkbuf_16)
     8    0.200996    0.354491    0.506933    0.658498 ^ clkbuf_0_clk/Z (gf180mcu_fd_sc_mcu7t5v0__clkbuf_16)
                                                         clknet_0_clk (net)
                      0.354516    0.004529    0.663027 ^ clkbuf_3_5__f_clk/I (gf180mcu_fd_sc_mcu7t5v0__clkbuf_16)
     6    0.034167    0.139054    0.366036    1.029063 ^ clkbuf_3_5__f_clk/Z (gf180mcu_fd_sc_mcu7t5v0__clkbuf_16)
                                                         clknet_3_5__leaf_clk (net)
                      0.139055    0.000618    1.029681 ^ _256_/CLK (gf180mcu_fd_sc_mcu7t5v0__dffrnq_1)
     3    0.029280    0.415413    1.206376    2.236057 v _256_/Q (gf180mcu_fd_sc_mcu7t5v0__dffrnq_1)
                                                         s270_pipe[3] (net)
                      0.415414    0.000537    2.236594 v _128_/A2 (gf180mcu_fd_sc_mcu7t5v0__and2_1)
     1    0.005321    0.164557    0.476984    2.713578 v _128_/Z (gf180mcu_fd_sc_mcu7t5v0__and2_1)
                                                         _004_ (net)
                      0.164557    0.000139    2.713717 v _244_/D (gf180mcu_fd_sc_mcu7t5v0__dffrnq_1)
                                              2.713717   data arrival time

                                  0.000000    0.000000   clock clk (rise edge)
                                  0.000000    0.000000   clock source latency
     1    0.043337    0.298221    0.151565    0.151565 ^ clk (in)
                                                         clk (net)
                      0.298224    0.000000    0.151565 ^ clkbuf_0_clk/I (gf180mcu_fd_sc_mcu7t5v0__clkbuf_16)
     8    0.200996    0.354491    0.506933    0.658498 ^ clkbuf_0_clk/Z (gf180mcu_fd_sc_mcu7t5v0__clkbuf_16)
                                                         clknet_0_clk (net)
                      0.354508    0.003747    0.662245 ^ clkbuf_3_7__f_clk/I (gf180mcu_fd_sc_mcu7t5v0__clkbuf_16)
     6    0.032478    0.136836    0.364079    1.026324 ^ clkbuf_3_7__f_clk/Z (gf180mcu_fd_sc_mcu7t5v0__clkbuf_16)
                                                         clknet_3_7__leaf_clk (net)
                      0.136838    0.001141    1.027465 ^ _244_/CLK (gf180mcu_fd_sc_mcu7t5v0__dffrnq_1)
                                  0.250000    1.277465   clock uncertainty
                                  0.000000    1.277465   clock reconvergence pessimism
                                  0.134449    1.411914   library hold time
                                              1.411914   data required time
---------------------------------------------------------------------------------------------
                                              1.411914   data required time
                                             -2.713717   data arrival time
---------------------------------------------------------------------------------------------
                                              1.301803   slack (MET)


Startpoint: _219_ (rising edge-triggered flip-flop clocked by clk)
Endpoint: _219_ (rising edge-triggered flip-flop clocked by clk)
Path Group: clk
Path Type: min

Fanout         Cap        Slew       Delay        Time   Description
---------------------------------------------------------------------------------------------
                                  0.000000    0.000000   clock clk (rise edge)
                                  0.000000    0.000000   clock source latency
     1    0.043337    0.298221    0.151565    0.151565 ^ clk (in)
                                                         clk (net)
                      0.298224    0.000000    0.151565 ^ clkbuf_0_clk/I (gf180mcu_fd_sc_mcu7t5v0__clkbuf_16)
     8    0.200996    0.354491    0.506933    0.658498 ^ clkbuf_0_clk/Z (gf180mcu_fd_sc_mcu7t5v0__clkbuf_16)
                                                         clknet_0_clk (net)
                      0.354508    0.003747    0.662245 ^ clkbuf_3_2__f_clk/I (gf180mcu_fd_sc_mcu7t5v0__clkbuf_16)
     6    0.031161    0.135101    0.362658    1.024903 ^ clkbuf_3_2__f_clk/Z (gf180mcu_fd_sc_mcu7t5v0__clkbuf_16)
                                                         clknet_3_2__leaf_clk (net)
                      0.135102    0.000576    1.025479 ^ _219_/CLK (gf180mcu_fd_sc_mcu7t5v0__dffrnq_1)
     2    0.015154    0.263980    1.090081    2.115560 v _219_/Q (gf180mcu_fd_sc_mcu7t5v0__dffrnq_1)
                                                         net11 (net)
                      0.263980    0.000530    2.116089 v _201_/A2 (gf180mcu_fd_sc_mcu7t5v0__nand3_1)
     1    0.008320    0.417990    0.353666    2.469755 ^ _201_/ZN (gf180mcu_fd_sc_mcu7t5v0__nand3_1)
                                                         _094_ (net)
                      0.417990    0.000218    2.469973 ^ _202_/B (gf180mcu_fd_sc_mcu7t5v0__oai31_1)
     1    0.006561    0.255148    0.231477    2.701450 v _202_/ZN (gf180mcu_fd_sc_mcu7t5v0__oai31_1)
                                                         _033_ (net)
                      0.255148    0.000156    2.701606 v _219_/D (gf180mcu_fd_sc_mcu7t5v0__dffrnq_1)
                                              2.701606   data arrival time

                                  0.000000    0.000000   clock clk (rise edge)
                                  0.000000    0.000000   clock source latency
     1    0.043337    0.298221    0.151565    0.151565 ^ clk (in)
                                                         clk (net)
                      0.298224    0.000000    0.151565 ^ clkbuf_0_clk/I (gf180mcu_fd_sc_mcu7t5v0__clkbuf_16)
     8    0.200996    0.354491    0.506933    0.658498 ^ clkbuf_0_clk/Z (gf180mcu_fd_sc_mcu7t5v0__clkbuf_16)
                                                         clknet_0_clk (net)
                      0.354508    0.003747    0.662245 ^ clkbuf_3_2__f_clk/I (gf180mcu_fd_sc_mcu7t5v0__clkbuf_16)
     6    0.031161    0.135101    0.362658    1.024903 ^ clkbuf_3_2__f_clk/Z (gf180mcu_fd_sc_mcu7t5v0__clkbuf_16)
                                                         clknet_3_2__leaf_clk (net)
                      0.135102    0.000576    1.025479 ^ _219_/CLK (gf180mcu_fd_sc_mcu7t5v0__dffrnq_1)
                                  0.250000    1.275479   clock uncertainty
                                  0.000000    1.275479   clock reconvergence pessimism
                                  0.109686    1.385165   library hold time
                                              1.385165   data required time
---------------------------------------------------------------------------------------------
                                              1.385165   data required time
                                             -2.701606   data arrival time
---------------------------------------------------------------------------------------------
                                              1.316441   slack (MET)


Startpoint: _218_ (rising edge-triggered flip-flop clocked by clk)
Endpoint: _218_ (rising edge-triggered flip-flop clocked by clk)
Path Group: clk
Path Type: min

Fanout         Cap        Slew       Delay        Time   Description
---------------------------------------------------------------------------------------------
                                  0.000000    0.000000   clock clk (rise edge)
                                  0.000000    0.000000   clock source latency
     1    0.043337    0.298221    0.151565    0.151565 ^ clk (in)
                                                         clk (net)
                      0.298224    0.000000    0.151565 ^ clkbuf_0_clk/I (gf180mcu_fd_sc_mcu7t5v0__clkbuf_16)
     8    0.200996    0.354491    0.506933    0.658498 ^ clkbuf_0_clk/Z (gf180mcu_fd_sc_mcu7t5v0__clkbuf_16)
                                                         clknet_0_clk (net)
                      0.354508    0.003747    0.662245 ^ clkbuf_3_2__f_clk/I (gf180mcu_fd_sc_mcu7t5v0__clkbuf_16)
     6    0.031161    0.135101    0.362658    1.024903 ^ clkbuf_3_2__f_clk/Z (gf180mcu_fd_sc_mcu7t5v0__clkbuf_16)
                                                         clknet_3_2__leaf_clk (net)
                      0.135102    0.000576    1.025478 ^ _218_/CLK (gf180mcu_fd_sc_mcu7t5v0__dffrnq_1)
     2    0.014181    0.253513    1.081899    2.107378 v _218_/Q (gf180mcu_fd_sc_mcu7t5v0__dffrnq_1)
                                                         net7 (net)
                      0.253513    0.000753    2.108130 v _199_/A1 (gf180mcu_fd_sc_mcu7t5v0__nor2_1)
     1    0.005266    0.398296    0.307020    2.415150 ^ _199_/ZN (gf180mcu_fd_sc_mcu7t5v0__nor2_1)
                                                         _093_ (net)
                      0.398296    0.000149    2.415300 ^ _200_/A3 (gf180mcu_fd_sc_mcu7t5v0__nor3_1)
     1    0.006942    0.323886    0.294794    2.710094 v _200_/ZN (gf180mcu_fd_sc_mcu7t5v0__nor3_1)
                                                         _032_ (net)
                      0.323886    0.000321    2.710415 v _218_/D (gf180mcu_fd_sc_mcu7t5v0__dffrnq_1)
                                              2.710415   data arrival time

                                  0.000000    0.000000   clock clk (rise edge)
                                  0.000000    0.000000   clock source latency
     1    0.043337    0.298221    0.151565    0.151565 ^ clk (in)
                                                         clk (net)
                      0.298224    0.000000    0.151565 ^ clkbuf_0_clk/I (gf180mcu_fd_sc_mcu7t5v0__clkbuf_16)
     8    0.200996    0.354491    0.506933    0.658498 ^ clkbuf_0_clk/Z (gf180mcu_fd_sc_mcu7t5v0__clkbuf_16)
                                                         clknet_0_clk (net)
                      0.354508    0.003747    0.662245 ^ clkbuf_3_2__f_clk/I (gf180mcu_fd_sc_mcu7t5v0__clkbuf_16)
     6    0.031161    0.135101    0.362658    1.024903 ^ clkbuf_3_2__f_clk/Z (gf180mcu_fd_sc_mcu7t5v0__clkbuf_16)
                                                         clknet_3_2__leaf_clk (net)
                      0.135102    0.000576    1.025478 ^ _218_/CLK (gf180mcu_fd_sc_mcu7t5v0__dffrnq_1)
                                  0.250000    1.275478   clock uncertainty
                                  0.000000    1.275478   clock reconvergence pessimism
                                  0.093345    1.368824   library hold time
                                              1.368824   data required time
---------------------------------------------------------------------------------------------
                                              1.368824   data required time
                                             -2.710415   data arrival time
---------------------------------------------------------------------------------------------
                                              1.341591   slack (MET)


Startpoint: _240_ (rising edge-triggered flip-flop clocked by clk)
Endpoint: _240_ (rising edge-triggered flip-flop clocked by clk)
Path Group: clk
Path Type: min

Fanout         Cap        Slew       Delay        Time   Description
---------------------------------------------------------------------------------------------
                                  0.000000    0.000000   clock clk (rise edge)
                                  0.000000    0.000000   clock source latency
     1    0.043337    0.298221    0.151565    0.151565 ^ clk (in)
                                                         clk (net)
                      0.298224    0.000000    0.151565 ^ clkbuf_0_clk/I (gf180mcu_fd_sc_mcu7t5v0__clkbuf_16)
     8    0.200996    0.354491    0.506933    0.658498 ^ clkbuf_0_clk/Z (gf180mcu_fd_sc_mcu7t5v0__clkbuf_16)
                                                         clknet_0_clk (net)
                      0.354508    0.003758    0.662256 ^ clkbuf_3_0__f_clk/I (gf180mcu_fd_sc_mcu7t5v0__clkbuf_16)
     6    0.036406    0.141994    0.368647    1.030903 ^ clkbuf_3_0__f_clk/Z (gf180mcu_fd_sc_mcu7t5v0__clkbuf_16)
                                                         clknet_3_0__leaf_clk (net)
                      0.141999    0.001333    1.032236 ^ _240_/CLK (gf180mcu_fd_sc_mcu7t5v0__dffrnq_1)
     4    0.025867    0.378756    1.179660    2.211896 v _240_/Q (gf180mcu_fd_sc_mcu7t5v0__dffrnq_1)
                                                         cycle_count[1] (net)
                      0.378759    0.000704    2.212600 v _111_/I (gf180mcu_fd_sc_mcu7t5v0__clkinv_1)
     2    0.016468    0.457596    0.385287    2.597887 ^ _111_/ZN (gf180mcu_fd_sc_mcu7t5v0__clkinv_1)
                                                         _104_ (net)
                      0.457596    0.000358    2.598245 ^ _183_/A1 (gf180mcu_fd_sc_mcu7t5v0__oai22_1)
     1    0.003828    0.197292    0.159222    2.757467 v _183_/ZN (gf180mcu_fd_sc_mcu7t5v0__oai22_1)
                                                         _027_ (net)
                      0.197292    0.000114    2.757581 v _240_/D (gf180mcu_fd_sc_mcu7t5v0__dffrnq_1)
                                              2.757581   data arrival time

                                  0.000000    0.000000   clock clk (rise edge)
                                  0.000000    0.000000   clock source latency
     1    0.043337    0.298221    0.151565    0.151565 ^ clk (in)
                                                         clk (net)
                      0.298224    0.000000    0.151565 ^ clkbuf_0_clk/I (gf180mcu_fd_sc_mcu7t5v0__clkbuf_16)
     8    0.200996    0.354491    0.506933    0.658498 ^ clkbuf_0_clk/Z (gf180mcu_fd_sc_mcu7t5v0__clkbuf_16)
                                                         clknet_0_clk (net)
                      0.354508    0.003758    0.662256 ^ clkbuf_3_0__f_clk/I (gf180mcu_fd_sc_mcu7t5v0__clkbuf_16)
     6    0.036406    0.141994    0.368647    1.030903 ^ clkbuf_3_0__f_clk/Z (gf180mcu_fd_sc_mcu7t5v0__clkbuf_16)
                                                         clknet_3_0__leaf_clk (net)
                      0.141999    0.001333    1.032236 ^ _240_/CLK (gf180mcu_fd_sc_mcu7t5v0__dffrnq_1)
                                  0.250000    1.282236   clock uncertainty
                                  0.000000    1.282236   clock reconvergence pessimism
                                  0.126832    1.409068   library hold time
                                              1.409068   data required time
---------------------------------------------------------------------------------------------
                                              1.409068   data required time
                                             -2.757581   data arrival time
---------------------------------------------------------------------------------------------
                                              1.348513   slack (MET)


Startpoint: _252_ (rising edge-triggered flip-flop clocked by clk)
Endpoint: _229_ (rising edge-triggered flip-flop clocked by clk)
Path Group: clk
Path Type: min

Fanout         Cap        Slew       Delay        Time   Description
---------------------------------------------------------------------------------------------
                                  0.000000    0.000000   clock clk (rise edge)
                                  0.000000    0.000000   clock source latency
     1    0.043337    0.298221    0.151565    0.151565 ^ clk (in)
                                                         clk (net)
                      0.298224    0.000000    0.151565 ^ clkbuf_0_clk/I (gf180mcu_fd_sc_mcu7t5v0__clkbuf_16)
     8    0.200996    0.354491    0.506933    0.658498 ^ clkbuf_0_clk/Z (gf180mcu_fd_sc_mcu7t5v0__clkbuf_16)
                                                         clknet_0_clk (net)
                      0.354528    0.005469    0.663967 ^ clkbuf_3_4__f_clk/I (gf180mcu_fd_sc_mcu7t5v0__clkbuf_16)
     6    0.032487    0.136846    0.364124    1.028092 ^ clkbuf_3_4__f_clk/Z (gf180mcu_fd_sc_mcu7t5v0__clkbuf_16)
                                                         clknet_3_4__leaf_clk (net)
                      0.136847    0.000599    1.028691 ^ _252_/CLK (gf180mcu_fd_sc_mcu7t5v0__dffrnq_1)
     4    0.027333    0.394849    1.189775    2.218466 v _252_/Q (gf180mcu_fd_sc_mcu7t5v0__dffrnq_1)
                                                         s90_pipe[3] (net)
                      0.394861    0.001427    2.219893 v _149_/A1 (gf180mcu_fd_sc_mcu7t5v0__nand3_1)
     1    0.007562    0.372701    0.345464    2.565356 ^ _149_/ZN (gf180mcu_fd_sc_mcu7t5v0__nand3_1)
                                                         _059_ (net)
                      0.372701    0.000407    2.565763 ^ _151_/B (gf180mcu_fd_sc_mcu7t5v0__oai21_1)
     1    0.006442    0.221683    0.218847    2.784610 v _151_/ZN (gf180mcu_fd_sc_mcu7t5v0__oai21_1)
                                                         _016_ (net)
                      0.221687    0.000332    2.784942 v _229_/D (gf180mcu_fd_sc_mcu7t5v0__dffrnq_1)
                                              2.784942   data arrival time

                                  0.000000    0.000000   clock clk (rise edge)
                                  0.000000    0.000000   clock source latency
     1    0.043337    0.298221    0.151565    0.151565 ^ clk (in)
                                                         clk (net)
                      0.298224    0.000000    0.151565 ^ clkbuf_0_clk/I (gf180mcu_fd_sc_mcu7t5v0__clkbuf_16)
     8    0.200996    0.354491    0.506933    0.658498 ^ clkbuf_0_clk/Z (gf180mcu_fd_sc_mcu7t5v0__clkbuf_16)
                                                         clknet_0_clk (net)
                      0.354528    0.005467    0.663965 ^ clkbuf_3_1__f_clk/I (gf180mcu_fd_sc_mcu7t5v0__clkbuf_16)
     6    0.038427    0.144642    0.370902    1.034866 ^ clkbuf_3_1__f_clk/Z (gf180mcu_fd_sc_mcu7t5v0__clkbuf_16)
                                                         clknet_3_1__leaf_clk (net)
                      0.144647    0.001490    1.036356 ^ _229_/CLK (gf180mcu_fd_sc_mcu7t5v0__dffrnq_1)
                                  0.250000    1.286356   clock uncertainty
                                  0.000000    1.286356   clock reconvergence pessimism
                                  0.120848    1.407205   library hold time
                                              1.407205   data required time
---------------------------------------------------------------------------------------------
                                              1.407205   data required time
                                             -2.784942   data arrival time
---------------------------------------------------------------------------------------------
                                              1.377737   slack (MET)


Startpoint: _230_ (rising edge-triggered flip-flop clocked by clk)
Endpoint: _230_ (rising edge-triggered flip-flop clocked by clk)
Path Group: clk
Path Type: min

Fanout         Cap        Slew       Delay        Time   Description
---------------------------------------------------------------------------------------------
                                  0.000000    0.000000   clock clk (rise edge)
                                  0.000000    0.000000   clock source latency
     1    0.043337    0.298221    0.151565    0.151565 ^ clk (in)
                                                         clk (net)
                      0.298224    0.000000    0.151565 ^ clkbuf_0_clk/I (gf180mcu_fd_sc_mcu7t5v0__clkbuf_16)
     8    0.200996    0.354491    0.506933    0.658498 ^ clkbuf_0_clk/Z (gf180mcu_fd_sc_mcu7t5v0__clkbuf_16)
                                                         clknet_0_clk (net)
                      0.354528    0.005467    0.663965 ^ clkbuf_3_1__f_clk/I (gf180mcu_fd_sc_mcu7t5v0__clkbuf_16)
     6    0.038427    0.144642    0.370902    1.034866 ^ clkbuf_3_1__f_clk/Z (gf180mcu_fd_sc_mcu7t5v0__clkbuf_16)
                                                         clknet_3_1__leaf_clk (net)
                      0.144646    0.001385    1.036252 ^ _230_/CLK (gf180mcu_fd_sc_mcu7t5v0__dffrnq_1)
     3    0.023470    0.352583    1.160415    2.196667 v _230_/Q (gf180mcu_fd_sc_mcu7t5v0__dffrnq_1)
                                                         s90_valid (net)
                      0.352587    0.000844    2.197511 v _153_/A2 (gf180mcu_fd_sc_mcu7t5v0__nor2_1)
     1    0.006124    0.443071    0.375153    2.572664 ^ _153_/ZN (gf180mcu_fd_sc_mcu7t5v0__nor2_1)
                                                         _062_ (net)
                      0.443071    0.000171    2.572835 ^ _154_/A2 (gf180mcu_fd_sc_mcu7t5v0__nor2_1)
     1    0.006289    0.256374    0.237081    2.809915 v _154_/ZN (gf180mcu_fd_sc_mcu7t5v0__nor2_1)
                                                         _017_ (net)
                      0.256374    0.000298    2.810214 v _230_/D (gf180mcu_fd_sc_mcu7t5v0__dffrnq_1)
                                              2.810214   data arrival time

                                  0.000000    0.000000   clock clk (rise edge)
                                  0.000000    0.000000   clock source latency
     1    0.043337    0.298221    0.151565    0.151565 ^ clk (in)
                                                         clk (net)
                      0.298224    0.000000    0.151565 ^ clkbuf_0_clk/I (gf180mcu_fd_sc_mcu7t5v0__clkbuf_16)
     8    0.200996    0.354491    0.506933    0.658498 ^ clkbuf_0_clk/Z (gf180mcu_fd_sc_mcu7t5v0__clkbuf_16)
                                                         clknet_0_clk (net)
                      0.354528    0.005467    0.663965 ^ clkbuf_3_1__f_clk/I (gf180mcu_fd_sc_mcu7t5v0__clkbuf_16)
     6    0.038427    0.144642    0.370902    1.034866 ^ clkbuf_3_1__f_clk/Z (gf180mcu_fd_sc_mcu7t5v0__clkbuf_16)
                                                         clknet_3_1__leaf_clk (net)
                      0.144646    0.001385    1.036252 ^ _230_/CLK (gf180mcu_fd_sc_mcu7t5v0__dffrnq_1)
                                  0.250000    1.286252   clock uncertainty
                                  0.000000    1.286252   clock reconvergence pessimism
                                  0.111470    1.397722   library hold time
                                              1.397722   data required time
---------------------------------------------------------------------------------------------
                                              1.397722   data required time
                                             -2.810214   data arrival time
---------------------------------------------------------------------------------------------
                                              1.412492   slack (MET)


Startpoint: _239_ (rising edge-triggered flip-flop clocked by clk)
Endpoint: _239_ (rising edge-triggered flip-flop clocked by clk)
Path Group: clk
Path Type: min

Fanout         Cap        Slew       Delay        Time   Description
---------------------------------------------------------------------------------------------
                                  0.000000    0.000000   clock clk (rise edge)
                                  0.000000    0.000000   clock source latency
     1    0.043337    0.298221    0.151565    0.151565 ^ clk (in)
                                                         clk (net)
                      0.298224    0.000000    0.151565 ^ clkbuf_0_clk/I (gf180mcu_fd_sc_mcu7t5v0__clkbuf_16)
     8    0.200996    0.354491    0.506933    0.658498 ^ clkbuf_0_clk/Z (gf180mcu_fd_sc_mcu7t5v0__clkbuf_16)
                                                         clknet_0_clk (net)
                      0.354508    0.003758    0.662256 ^ clkbuf_3_0__f_clk/I (gf180mcu_fd_sc_mcu7t5v0__clkbuf_16)
     6    0.036406    0.141994    0.368647    1.030903 ^ clkbuf_3_0__f_clk/Z (gf180mcu_fd_sc_mcu7t5v0__clkbuf_16)
                                                         clknet_3_0__leaf_clk (net)
                      0.141995    0.000659    1.031563 ^ _239_/CLK (gf180mcu_fd_sc_mcu7t5v0__dffrnq_1)
     6    0.039741    0.536212    1.285333    2.316896 v _239_/Q (gf180mcu_fd_sc_mcu7t5v0__dffrnq_1)
                                                         cycle_count[0] (net)
                      0.536221    0.001489    2.318385 v _179_/A2 (gf180mcu_fd_sc_mcu7t5v0__nand3_1)
     1    0.007344    0.364967    0.423875    2.742260 ^ _179_/ZN (gf180mcu_fd_sc_mcu7t5v0__nand3_1)
                                                         _079_ (net)
                      0.364967    0.000197    2.742456 ^ _181_/B (gf180mcu_fd_sc_mcu7t5v0__oai21_1)
     1    0.005633    0.210269    0.208793    2.951249 v _181_/ZN (gf180mcu_fd_sc_mcu7t5v0__oai21_1)
                                                         _026_ (net)
                      0.210269    0.000142    2.951391 v _239_/D (gf180mcu_fd_sc_mcu7t5v0__dffrnq_1)
                                              2.951391   data arrival time

                                  0.000000    0.000000   clock clk (rise edge)
                                  0.000000    0.000000   clock source latency
     1    0.043337    0.298221    0.151565    0.151565 ^ clk (in)
                                                         clk (net)
                      0.298224    0.000000    0.151565 ^ clkbuf_0_clk/I (gf180mcu_fd_sc_mcu7t5v0__clkbuf_16)
     8    0.200996    0.354491    0.506933    0.658498 ^ clkbuf_0_clk/Z (gf180mcu_fd_sc_mcu7t5v0__clkbuf_16)
                                                         clknet_0_clk (net)
                      0.354508    0.003758    0.662256 ^ clkbuf_3_0__f_clk/I (gf180mcu_fd_sc_mcu7t5v0__clkbuf_16)
     6    0.036406    0.141994    0.368647    1.030903 ^ clkbuf_3_0__f_clk/Z (gf180mcu_fd_sc_mcu7t5v0__clkbuf_16)
                                                         clknet_3_0__leaf_clk (net)
                      0.141995    0.000659    1.031563 ^ _239_/CLK (gf180mcu_fd_sc_mcu7t5v0__dffrnq_1)
                                  0.250000    1.281563   clock uncertainty
                                  0.000000    1.281563   clock reconvergence pessimism
                                  0.123328    1.404891   library hold time
                                              1.404891   data required time
---------------------------------------------------------------------------------------------
                                              1.404891   data required time
                                             -2.951391   data arrival time
---------------------------------------------------------------------------------------------
                                              1.546501   slack (MET)


Startpoint: _238_ (rising edge-triggered flip-flop clocked by clk)
Endpoint: _238_ (rising edge-triggered flip-flop clocked by clk)
Path Group: clk
Path Type: min

Fanout         Cap        Slew       Delay        Time   Description
---------------------------------------------------------------------------------------------
                                  0.000000    0.000000   clock clk (rise edge)
                                  0.000000    0.000000   clock source latency
     1    0.043337    0.298221    0.151565    0.151565 ^ clk (in)
                                                         clk (net)
                      0.298224    0.000000    0.151565 ^ clkbuf_0_clk/I (gf180mcu_fd_sc_mcu7t5v0__clkbuf_16)
     8    0.200996    0.354491    0.506933    0.658498 ^ clkbuf_0_clk/Z (gf180mcu_fd_sc_mcu7t5v0__clkbuf_16)
                                                         clknet_0_clk (net)
                      0.354528    0.005467    0.663965 ^ clkbuf_3_1__f_clk/I (gf180mcu_fd_sc_mcu7t5v0__clkbuf_16)
     6    0.038427    0.144642    0.370902    1.034866 ^ clkbuf_3_1__f_clk/Z (gf180mcu_fd_sc_mcu7t5v0__clkbuf_16)
                                                         clknet_3_1__leaf_clk (net)
                      0.144646    0.001437    1.036303 ^ _238_/CLK (gf180mcu_fd_sc_mcu7t5v0__dffrnq_1)
     2    0.019749    0.312566    1.130073    2.166376 v _238_/Q (gf180mcu_fd_sc_mcu7t5v0__dffrnq_1)
                                                         cnt_out[3] (net)
                      0.312567    0.000460    2.166836 v _146_/A1 (gf180mcu_fd_sc_mcu7t5v0__xor2_1)
     2    0.014223    0.825531    0.577529    2.744365 ^ _146_/Z (gf180mcu_fd_sc_mcu7t5v0__xor2_1)
                                                         _057_ (net)
                      0.825531    0.000607    2.744972 ^ _178_/A2 (gf180mcu_fd_sc_mcu7t5v0__nor2_1)
     1    0.007199    0.309853    0.295777    3.040749 v _178_/ZN (gf180mcu_fd_sc_mcu7t5v0__nor2_1)
                                                         _025_ (net)
                      0.309853    0.000335    3.041084 v _238_/D (gf180mcu_fd_sc_mcu7t5v0__dffrnq_1)
                                              3.041084   data arrival time

                                  0.000000    0.000000   clock clk (rise edge)
                                  0.000000    0.000000   clock source latency
     1    0.043337    0.298221    0.151565    0.151565 ^ clk (in)
                                                         clk (net)
                      0.298224    0.000000    0.151565 ^ clkbuf_0_clk/I (gf180mcu_fd_sc_mcu7t5v0__clkbuf_16)
     8    0.200996    0.354491    0.506933    0.658498 ^ clkbuf_0_clk/Z (gf180mcu_fd_sc_mcu7t5v0__clkbuf_16)
                                                         clknet_0_clk (net)
                      0.354528    0.005467    0.663965 ^ clkbuf_3_1__f_clk/I (gf180mcu_fd_sc_mcu7t5v0__clkbuf_16)
     6    0.038427    0.144642    0.370902    1.034866 ^ clkbuf_3_1__f_clk/Z (gf180mcu_fd_sc_mcu7t5v0__clkbuf_16)
                                                         clknet_3_1__leaf_clk (net)
                      0.144646    0.001437    1.036303 ^ _238_/CLK (gf180mcu_fd_sc_mcu7t5v0__dffrnq_1)
                                  0.250000    1.286303   clock uncertainty
                                  0.000000    1.286303   clock reconvergence pessimism
                                  0.098382    1.384685   library hold time
                                              1.384685   data required time
---------------------------------------------------------------------------------------------
                                              1.384685   data required time
                                             -3.041084   data arrival time
---------------------------------------------------------------------------------------------
                                              1.656399   slack (MET)


Startpoint: _234_ (rising edge-triggered flip-flop clocked by clk)
Endpoint: _234_ (rising edge-triggered flip-flop clocked by clk)
Path Group: clk
Path Type: min

Fanout         Cap        Slew       Delay        Time   Description
---------------------------------------------------------------------------------------------
                                  0.000000    0.000000   clock clk (rise edge)
                                  0.000000    0.000000   clock source latency
     1    0.043337    0.298221    0.151565    0.151565 ^ clk (in)
                                                         clk (net)
                      0.298224    0.000000    0.151565 ^ clkbuf_0_clk/I (gf180mcu_fd_sc_mcu7t5v0__clkbuf_16)
     8    0.200996    0.354491    0.506933    0.658498 ^ clkbuf_0_clk/Z (gf180mcu_fd_sc_mcu7t5v0__clkbuf_16)
                                                         clknet_0_clk (net)
                      0.354508    0.003748    0.662246 ^ clkbuf_3_3__f_clk/I (gf180mcu_fd_sc_mcu7t5v0__clkbuf_16)
     6    0.030928    0.134794    0.362379    1.024624 ^ clkbuf_3_3__f_clk/Z (gf180mcu_fd_sc_mcu7t5v0__clkbuf_16)
                                                         clknet_3_3__leaf_clk (net)
                      0.134795    0.000859    1.025483 ^ _234_/CLK (gf180mcu_fd_sc_mcu7t5v0__dffrnq_1)
     2    0.017810    0.291975    1.111592    2.137075 v _234_/Q (gf180mcu_fd_sc_mcu7t5v0__dffrnq_1)
                                                         cnt_in[3] (net)
                      0.291975    0.000854    2.137929 v _169_/A1 (gf180mcu_fd_sc_mcu7t5v0__xor2_1)
     2    0.016188    0.910203    0.621992    2.759922 ^ _169_/Z (gf180mcu_fd_sc_mcu7t5v0__xor2_1)
                                                         _074_ (net)
                      0.910203    0.000512    2.760434 ^ _170_/A2 (gf180mcu_fd_sc_mcu7t5v0__nor2_1)
     1    0.008363    0.326268    0.319495    3.079929 v _170_/ZN (gf180mcu_fd_sc_mcu7t5v0__nor2_1)
                                                         _021_ (net)
                      0.326268    0.000415    3.080344 v _234_/D (gf180mcu_fd_sc_mcu7t5v0__dffrnq_1)
                                              3.080344   data arrival time

                                  0.000000    0.000000   clock clk (rise edge)
                                  0.000000    0.000000   clock source latency
     1    0.043337    0.298221    0.151565    0.151565 ^ clk (in)
                                                         clk (net)
                      0.298224    0.000000    0.151565 ^ clkbuf_0_clk/I (gf180mcu_fd_sc_mcu7t5v0__clkbuf_16)
     8    0.200996    0.354491    0.506933    0.658498 ^ clkbuf_0_clk/Z (gf180mcu_fd_sc_mcu7t5v0__clkbuf_16)
                                                         clknet_0_clk (net)
                      0.354508    0.003748    0.662246 ^ clkbuf_3_3__f_clk/I (gf180mcu_fd_sc_mcu7t5v0__clkbuf_16)
     6    0.030928    0.134794    0.362379    1.024624 ^ clkbuf_3_3__f_clk/Z (gf180mcu_fd_sc_mcu7t5v0__clkbuf_16)
                                                         clknet_3_3__leaf_clk (net)
                      0.134795    0.000859    1.025483 ^ _234_/CLK (gf180mcu_fd_sc_mcu7t5v0__dffrnq_1)
                                  0.250000    1.275483   clock uncertainty
                                  0.000000    1.275483   clock reconvergence pessimism
                                  0.092776    1.368259   library hold time
                                              1.368259   data required time
---------------------------------------------------------------------------------------------
                                              1.368259   data required time
                                             -3.080344   data arrival time
---------------------------------------------------------------------------------------------
                                              1.712085   slack (MET)


Startpoint: _237_ (rising edge-triggered flip-flop clocked by clk)
Endpoint: _237_ (rising edge-triggered flip-flop clocked by clk)
Path Group: clk
Path Type: min

Fanout         Cap        Slew       Delay        Time   Description
---------------------------------------------------------------------------------------------
                                  0.000000    0.000000   clock clk (rise edge)
                                  0.000000    0.000000   clock source latency
     1    0.043337    0.298221    0.151565    0.151565 ^ clk (in)
                                                         clk (net)
                      0.298224    0.000000    0.151565 ^ clkbuf_0_clk/I (gf180mcu_fd_sc_mcu7t5v0__clkbuf_16)
     8    0.200996    0.354491    0.506933    0.658498 ^ clkbuf_0_clk/Z (gf180mcu_fd_sc_mcu7t5v0__clkbuf_16)
                                                         clknet_0_clk (net)
                      0.354508    0.003747    0.662245 ^ clkbuf_3_7__f_clk/I (gf180mcu_fd_sc_mcu7t5v0__clkbuf_16)
     6    0.032478    0.136836    0.364079    1.026324 ^ clkbuf_3_7__f_clk/Z (gf180mcu_fd_sc_mcu7t5v0__clkbuf_16)
                                                         clknet_3_7__leaf_clk (net)
                      0.136839    0.001192    1.027516 ^ _237_/CLK (gf180mcu_fd_sc_mcu7t5v0__dffrnq_1)
     3    0.025185    0.371288    1.172653    2.200169 v _237_/Q (gf180mcu_fd_sc_mcu7t5v0__dffrnq_1)
                                                         cnt_out[2] (net)
                      0.371289    0.000544    2.200713 v _141_/A1 (gf180mcu_fd_sc_mcu7t5v0__xnor2_1)
     2    0.015087    0.634209    0.702824    2.903537 ^ _141_/ZN (gf180mcu_fd_sc_mcu7t5v0__xnor2_1)
                                                         _053_ (net)
                      0.634209    0.000329    2.903867 ^ _177_/A1 (gf180mcu_fd_sc_mcu7t5v0__nor2_1)
     1    0.006425    0.277493    0.226584    3.130451 v _177_/ZN (gf180mcu_fd_sc_mcu7t5v0__nor2_1)
                                                         _024_ (net)
                      0.277493    0.000284    3.130735 v _237_/D (gf180mcu_fd_sc_mcu7t5v0__dffrnq_1)
                                              3.130735   data arrival time

                                  0.000000    0.000000   clock clk (rise edge)
                                  0.000000    0.000000   clock source latency
     1    0.043337    0.298221    0.151565    0.151565 ^ clk (in)
                                                         clk (net)
                      0.298224    0.000000    0.151565 ^ clkbuf_0_clk/I (gf180mcu_fd_sc_mcu7t5v0__clkbuf_16)
     8    0.200996    0.354491    0.506933    0.658498 ^ clkbuf_0_clk/Z (gf180mcu_fd_sc_mcu7t5v0__clkbuf_16)
                                                         clknet_0_clk (net)
                      0.354508    0.003747    0.662245 ^ clkbuf_3_7__f_clk/I (gf180mcu_fd_sc_mcu7t5v0__clkbuf_16)
     6    0.032478    0.136836    0.364079    1.026324 ^ clkbuf_3_7__f_clk/Z (gf180mcu_fd_sc_mcu7t5v0__clkbuf_16)
                                                         clknet_3_7__leaf_clk (net)
                      0.136839    0.001192    1.027516 ^ _237_/CLK (gf180mcu_fd_sc_mcu7t5v0__dffrnq_1)
                                  0.250000    1.277516   clock uncertainty
                                  0.000000    1.277516   clock reconvergence pessimism
                                  0.104058    1.381574   library hold time
                                              1.381574   data required time
---------------------------------------------------------------------------------------------
                                              1.381574   data required time
                                             -3.130735   data arrival time
---------------------------------------------------------------------------------------------
                                              1.749161   slack (MET)


Startpoint: _236_ (rising edge-triggered flip-flop clocked by clk)
Endpoint: _236_ (rising edge-triggered flip-flop clocked by clk)
Path Group: clk
Path Type: min

Fanout         Cap        Slew       Delay        Time   Description
---------------------------------------------------------------------------------------------
                                  0.000000    0.000000   clock clk (rise edge)
                                  0.000000    0.000000   clock source latency
     1    0.043337    0.298221    0.151565    0.151565 ^ clk (in)
                                                         clk (net)
                      0.298224    0.000000    0.151565 ^ clkbuf_0_clk/I (gf180mcu_fd_sc_mcu7t5v0__clkbuf_16)
     8    0.200996    0.354491    0.506933    0.658498 ^ clkbuf_0_clk/Z (gf180mcu_fd_sc_mcu7t5v0__clkbuf_16)
                                                         clknet_0_clk (net)
                      0.354528    0.005469    0.663967 ^ clkbuf_3_4__f_clk/I (gf180mcu_fd_sc_mcu7t5v0__clkbuf_16)
     6    0.032487    0.136846    0.364124    1.028092 ^ clkbuf_3_4__f_clk/Z (gf180mcu_fd_sc_mcu7t5v0__clkbuf_16)
                                                         clknet_3_4__leaf_clk (net)
                      0.136847    0.000732    1.028823 ^ _236_/CLK (gf180mcu_fd_sc_mcu7t5v0__dffrnq_1)
     3    0.024239    0.360959    1.164979    2.193803 v _236_/Q (gf180mcu_fd_sc_mcu7t5v0__dffrnq_1)
                                                         cnt_out[1] (net)
                      0.360960    0.000534    2.194336 v _175_/A1 (gf180mcu_fd_sc_mcu7t5v0__xor2_1)
     2    0.016729    0.933274    0.656003    2.850340 ^ _175_/Z (gf180mcu_fd_sc_mcu7t5v0__xor2_1)
                                                         _078_ (net)
                      0.933274    0.000717    2.851057 ^ _176_/A2 (gf180mcu_fd_sc_mcu7t5v0__nor2_1)
     1    0.006377    0.296470    0.289146    3.140203 v _176_/ZN (gf180mcu_fd_sc_mcu7t5v0__nor2_1)
                                                         _023_ (net)
                      0.296470    0.000292    3.140494 v _236_/D (gf180mcu_fd_sc_mcu7t5v0__dffrnq_1)
                                              3.140494   data arrival time

                                  0.000000    0.000000   clock clk (rise edge)
                                  0.000000    0.000000   clock source latency
     1    0.043337    0.298221    0.151565    0.151565 ^ clk (in)
                                                         clk (net)
                      0.298224    0.000000    0.151565 ^ clkbuf_0_clk/I (gf180mcu_fd_sc_mcu7t5v0__clkbuf_16)
     8    0.200996    0.354491    0.506933    0.658498 ^ clkbuf_0_clk/Z (gf180mcu_fd_sc_mcu7t5v0__clkbuf_16)
                                                         clknet_0_clk (net)
                      0.354528    0.005469    0.663967 ^ clkbuf_3_4__f_clk/I (gf180mcu_fd_sc_mcu7t5v0__clkbuf_16)
     6    0.032487    0.136846    0.364124    1.028092 ^ clkbuf_3_4__f_clk/Z (gf180mcu_fd_sc_mcu7t5v0__clkbuf_16)
                                                         clknet_3_4__leaf_clk (net)
                      0.136847    0.000732    1.028823 ^ _236_/CLK (gf180mcu_fd_sc_mcu7t5v0__dffrnq_1)
                                  0.250000    1.278823   clock uncertainty
                                  0.000000    1.278823   clock reconvergence pessimism
                                  0.099501    1.378325   library hold time
                                              1.378325   data required time
---------------------------------------------------------------------------------------------
                                              1.378325   data required time
                                             -3.140494   data arrival time
---------------------------------------------------------------------------------------------
                                              1.762169   slack (MET)


Startpoint: _232_ (rising edge-triggered flip-flop clocked by clk)
Endpoint: _232_ (rising edge-triggered flip-flop clocked by clk)
Path Group: clk
Path Type: min

Fanout         Cap        Slew       Delay        Time   Description
---------------------------------------------------------------------------------------------
                                  0.000000    0.000000   clock clk (rise edge)
                                  0.000000    0.000000   clock source latency
     1    0.043337    0.298221    0.151565    0.151565 ^ clk (in)
                                                         clk (net)
                      0.298224    0.000000    0.151565 ^ clkbuf_0_clk/I (gf180mcu_fd_sc_mcu7t5v0__clkbuf_16)
     8    0.200996    0.354491    0.506933    0.658498 ^ clkbuf_0_clk/Z (gf180mcu_fd_sc_mcu7t5v0__clkbuf_16)
                                                         clknet_0_clk (net)
                      0.354508    0.003758    0.662256 ^ clkbuf_3_0__f_clk/I (gf180mcu_fd_sc_mcu7t5v0__clkbuf_16)
     6    0.036406    0.141994    0.368647    1.030903 ^ clkbuf_3_0__f_clk/Z (gf180mcu_fd_sc_mcu7t5v0__clkbuf_16)
                                                         clknet_3_0__leaf_clk (net)
                      0.141998    0.001212    1.032116 ^ _232_/CLK (gf180mcu_fd_sc_mcu7t5v0__dffrnq_1)
     3    0.026122    0.381535    1.181409    2.213525 v _232_/Q (gf180mcu_fd_sc_mcu7t5v0__dffrnq_1)
                                                         cnt_in[1] (net)
                      0.381542    0.001112    2.214637 v _163_/A1 (gf180mcu_fd_sc_mcu7t5v0__xor2_1)
     2    0.017141    0.951166    0.672680    2.887317 ^ _163_/Z (gf180mcu_fd_sc_mcu7t5v0__xor2_1)
                                                         _070_ (net)
                      0.951166    0.000360    2.887677 ^ _164_/A2 (gf180mcu_fd_sc_mcu7t5v0__nor2_1)
     1    0.005248    0.274970    0.268319    3.155996 v _164_/ZN (gf180mcu_fd_sc_mcu7t5v0__nor2_1)
                                                         _019_ (net)
                      0.274970    0.000271    3.156267 v _232_/D (gf180mcu_fd_sc_mcu7t5v0__dffrnq_1)
                                              3.156267   data arrival time

                                  0.000000    0.000000   clock clk (rise edge)
                                  0.000000    0.000000   clock source latency
     1    0.043337    0.298221    0.151565    0.151565 ^ clk (in)
                                                         clk (net)
                      0.298224    0.000000    0.151565 ^ clkbuf_0_clk/I (gf180mcu_fd_sc_mcu7t5v0__clkbuf_16)
     8    0.200996    0.354491    0.506933    0.658498 ^ clkbuf_0_clk/Z (gf180mcu_fd_sc_mcu7t5v0__clkbuf_16)
                                                         clknet_0_clk (net)
                      0.354508    0.003758    0.662256 ^ clkbuf_3_0__f_clk/I (gf180mcu_fd_sc_mcu7t5v0__clkbuf_16)
     6    0.036406    0.141994    0.368647    1.030903 ^ clkbuf_3_0__f_clk/Z (gf180mcu_fd_sc_mcu7t5v0__clkbuf_16)
                                                         clknet_3_0__leaf_clk (net)
                      0.141998    0.001212    1.032116 ^ _232_/CLK (gf180mcu_fd_sc_mcu7t5v0__dffrnq_1)
                                  0.250000    1.282116   clock uncertainty
                                  0.000000    1.282116   clock reconvergence pessimism
                                  0.105864    1.387980   library hold time
                                              1.387980   data required time
---------------------------------------------------------------------------------------------
                                              1.387980   data required time
                                             -3.156267   data arrival time
---------------------------------------------------------------------------------------------
                                              1.768287   slack (MET)


Startpoint: _231_ (rising edge-triggered flip-flop clocked by clk)
Endpoint: _231_ (rising edge-triggered flip-flop clocked by clk)
Path Group: clk
Path Type: min

Fanout         Cap        Slew       Delay        Time   Description
---------------------------------------------------------------------------------------------
                                  0.000000    0.000000   clock clk (rise edge)
                                  0.000000    0.000000   clock source latency
     1    0.043337    0.298221    0.151565    0.151565 ^ clk (in)
                                                         clk (net)
                      0.298224    0.000000    0.151565 ^ clkbuf_0_clk/I (gf180mcu_fd_sc_mcu7t5v0__clkbuf_16)
     8    0.200996    0.354491    0.506933    0.658498 ^ clkbuf_0_clk/Z (gf180mcu_fd_sc_mcu7t5v0__clkbuf_16)
                                                         clknet_0_clk (net)
                      0.354508    0.003748    0.662246 ^ clkbuf_3_3__f_clk/I (gf180mcu_fd_sc_mcu7t5v0__clkbuf_16)
     6    0.030928    0.134794    0.362379    1.024624 ^ clkbuf_3_3__f_clk/Z (gf180mcu_fd_sc_mcu7t5v0__clkbuf_16)
                                                         clknet_3_3__leaf_clk (net)
                      0.134795    0.000568    1.025193 ^ _231_/CLK (gf180mcu_fd_sc_mcu7t5v0__dffrnq_1)
     4    0.032468    0.452138    1.229324    2.254516 v _231_/Q (gf180mcu_fd_sc_mcu7t5v0__dffrnq_1)
                                                         cnt_in[0] (net)
                      0.452148    0.001380    2.255896 v _158_/A1 (gf180mcu_fd_sc_mcu7t5v0__xor2_1)
     2    0.015620    0.886274    0.654494    2.910390 ^ _158_/Z (gf180mcu_fd_sc_mcu7t5v0__xor2_1)
                                                         _066_ (net)
                      0.886274    0.000818    2.911207 ^ _159_/A2 (gf180mcu_fd_sc_mcu7t5v0__nor2_1)
     1    0.005207    0.274238    0.264158    3.175366 v _159_/ZN (gf180mcu_fd_sc_mcu7t5v0__nor2_1)
                                                         _018_ (net)
                      0.274238    0.000139    3.175505 v _231_/D (gf180mcu_fd_sc_mcu7t5v0__dffrnq_1)
                                              3.175505   data arrival time

                                  0.000000    0.000000   clock clk (rise edge)
                                  0.000000    0.000000   clock source latency
     1    0.043337    0.298221    0.151565    0.151565 ^ clk (in)
                                                         clk (net)
                      0.298224    0.000000    0.151565 ^ clkbuf_0_clk/I (gf180mcu_fd_sc_mcu7t5v0__clkbuf_16)
     8    0.200996    0.354491    0.506933    0.658498 ^ clkbuf_0_clk/Z (gf180mcu_fd_sc_mcu7t5v0__clkbuf_16)
                                                         clknet_0_clk (net)
                      0.354508    0.003748    0.662246 ^ clkbuf_3_3__f_clk/I (gf180mcu_fd_sc_mcu7t5v0__clkbuf_16)
     6    0.030928    0.134794    0.362379    1.024624 ^ clkbuf_3_3__f_clk/Z (gf180mcu_fd_sc_mcu7t5v0__clkbuf_16)
                                                         clknet_3_3__leaf_clk (net)
                      0.134795    0.000568    1.025193 ^ _231_/CLK (gf180mcu_fd_sc_mcu7t5v0__dffrnq_1)
                                  0.250000    1.275193   clock uncertainty
                                  0.000000    1.275193   clock reconvergence pessimism
                                  0.104487    1.379680   library hold time
                                              1.379680   data required time
---------------------------------------------------------------------------------------------
                                              1.379680   data required time
                                             -3.175505   data arrival time
---------------------------------------------------------------------------------------------
                                              1.795825   slack (MET)


Startpoint: _235_ (rising edge-triggered flip-flop clocked by clk)
Endpoint: _235_ (rising edge-triggered flip-flop clocked by clk)
Path Group: clk
Path Type: min

Fanout         Cap        Slew       Delay        Time   Description
---------------------------------------------------------------------------------------------
                                  0.000000    0.000000   clock clk (rise edge)
                                  0.000000    0.000000   clock source latency
     1    0.043337    0.298221    0.151565    0.151565 ^ clk (in)
                                                         clk (net)
                      0.298224    0.000000    0.151565 ^ clkbuf_0_clk/I (gf180mcu_fd_sc_mcu7t5v0__clkbuf_16)
     8    0.200996    0.354491    0.506933    0.658498 ^ clkbuf_0_clk/Z (gf180mcu_fd_sc_mcu7t5v0__clkbuf_16)
                                                         clknet_0_clk (net)
                      0.354528    0.005467    0.663965 ^ clkbuf_3_1__f_clk/I (gf180mcu_fd_sc_mcu7t5v0__clkbuf_16)
     6    0.038427    0.144642    0.370902    1.034866 ^ clkbuf_3_1__f_clk/Z (gf180mcu_fd_sc_mcu7t5v0__clkbuf_16)
                                                         clknet_3_1__leaf_clk (net)
                      0.144647    0.001488    1.036355 ^ _235_/CLK (gf180mcu_fd_sc_mcu7t5v0__dffrnq_1)
     4    0.030210    0.426130    1.214767    2.251122 v _235_/Q (gf180mcu_fd_sc_mcu7t5v0__dffrnq_1)
                                                         cnt_out[0] (net)
                      0.426138    0.001207    2.252329 v _172_/A1 (gf180mcu_fd_sc_mcu7t5v0__xnor2_1)
     2    0.016626    0.674216    0.762717    3.015046 ^ _172_/ZN (gf180mcu_fd_sc_mcu7t5v0__xnor2_1)
                                                         _076_ (net)
                      0.674216    0.000724    3.015770 ^ _173_/A2 (gf180mcu_fd_sc_mcu7t5v0__nor2_1)
     1    0.005444    0.278406    0.256317    3.272087 v _173_/ZN (gf180mcu_fd_sc_mcu7t5v0__nor2_1)
                                                         _022_ (net)
                      0.278406    0.000274    3.272362 v _235_/D (gf180mcu_fd_sc_mcu7t5v0__dffrnq_1)
                                              3.272362   data arrival time

                                  0.000000    0.000000   clock clk (rise edge)
                                  0.000000    0.000000   clock source latency
     1    0.043337    0.298221    0.151565    0.151565 ^ clk (in)
                                                         clk (net)
                      0.298224    0.000000    0.151565 ^ clkbuf_0_clk/I (gf180mcu_fd_sc_mcu7t5v0__clkbuf_16)
     8    0.200996    0.354491    0.506933    0.658498 ^ clkbuf_0_clk/Z (gf180mcu_fd_sc_mcu7t5v0__clkbuf_16)
                                                         clknet_0_clk (net)
                      0.354528    0.005467    0.663965 ^ clkbuf_3_1__f_clk/I (gf180mcu_fd_sc_mcu7t5v0__clkbuf_16)
     6    0.038427    0.144642    0.370902    1.034866 ^ clkbuf_3_1__f_clk/Z (gf180mcu_fd_sc_mcu7t5v0__clkbuf_16)
                                                         clknet_3_1__leaf_clk (net)
                      0.144647    0.001488    1.036355 ^ _235_/CLK (gf180mcu_fd_sc_mcu7t5v0__dffrnq_1)
                                  0.250000    1.286355   clock uncertainty
                                  0.000000    1.286355   clock reconvergence pessimism
                                  0.105514    1.391868   library hold time
                                              1.391868   data required time
---------------------------------------------------------------------------------------------
                                              1.391868   data required time
                                             -3.272362   data arrival time
---------------------------------------------------------------------------------------------
                                              1.880493   slack (MET)


Startpoint: _233_ (rising edge-triggered flip-flop clocked by clk)
Endpoint: _233_ (rising edge-triggered flip-flop clocked by clk)
Path Group: clk
Path Type: min

Fanout         Cap        Slew       Delay        Time   Description
---------------------------------------------------------------------------------------------
                                  0.000000    0.000000   clock clk (rise edge)
                                  0.000000    0.000000   clock source latency
     1    0.043337    0.298221    0.151565    0.151565 ^ clk (in)
                                                         clk (net)
                      0.298224    0.000000    0.151565 ^ clkbuf_0_clk/I (gf180mcu_fd_sc_mcu7t5v0__clkbuf_16)
     8    0.200996    0.354491    0.506933    0.658498 ^ clkbuf_0_clk/Z (gf180mcu_fd_sc_mcu7t5v0__clkbuf_16)
                                                         clknet_0_clk (net)
                      0.354528    0.005467    0.663965 ^ clkbuf_3_1__f_clk/I (gf180mcu_fd_sc_mcu7t5v0__clkbuf_16)
     6    0.038427    0.144642    0.370902    1.034866 ^ clkbuf_3_1__f_clk/Z (gf180mcu_fd_sc_mcu7t5v0__clkbuf_16)
                                                         clknet_3_1__leaf_clk (net)
                      0.144646    0.001395    1.036261 ^ _233_/CLK (gf180mcu_fd_sc_mcu7t5v0__dffrnq_1)
     3    0.028977    0.411855    1.205240    2.241501 v _233_/Q (gf180mcu_fd_sc_mcu7t5v0__dffrnq_1)
                                                         cnt_in[2] (net)
                      0.411867    0.001377    2.242878 v _167_/A1 (gf180mcu_fd_sc_mcu7t5v0__xnor2_1)
     2    0.019145    0.736631    0.830618    3.073496 ^ _167_/ZN (gf180mcu_fd_sc_mcu7t5v0__xnor2_1)
                                                         _073_ (net)
                      0.736631    0.000597    3.074093 ^ _168_/A2 (gf180mcu_fd_sc_mcu7t5v0__nor2_1)
     1    0.006667    0.302358    0.282114    3.356207 v _168_/ZN (gf180mcu_fd_sc_mcu7t5v0__nor2_1)
                                                         _020_ (net)
                      0.302358    0.000346    3.356553 v _233_/D (gf180mcu_fd_sc_mcu7t5v0__dffrnq_1)
                                              3.356553   data arrival time

                                  0.000000    0.000000   clock clk (rise edge)
                                  0.000000    0.000000   clock source latency
     1    0.043337    0.298221    0.151565    0.151565 ^ clk (in)
                                                         clk (net)
                      0.298224    0.000000    0.151565 ^ clkbuf_0_clk/I (gf180mcu_fd_sc_mcu7t5v0__clkbuf_16)
     8    0.200996    0.354491    0.506933    0.658498 ^ clkbuf_0_clk/Z (gf180mcu_fd_sc_mcu7t5v0__clkbuf_16)
                                                         clknet_0_clk (net)
                      0.354528    0.005467    0.663965 ^ clkbuf_3_1__f_clk/I (gf180mcu_fd_sc_mcu7t5v0__clkbuf_16)
     6    0.038427    0.144642    0.370902    1.034866 ^ clkbuf_3_1__f_clk/Z (gf180mcu_fd_sc_mcu7t5v0__clkbuf_16)
                                                         clknet_3_1__leaf_clk (net)
                      0.144646    0.001395    1.036261 ^ _233_/CLK (gf180mcu_fd_sc_mcu7t5v0__dffrnq_1)
                                  0.250000    1.286261   clock uncertainty
                                  0.000000    1.286261   clock reconvergence pessimism
                                  0.099956    1.386218   library hold time
                                              1.386218   data required time
---------------------------------------------------------------------------------------------
                                              1.386218   data required time
                                             -3.356553   data arrival time
---------------------------------------------------------------------------------------------
                                              1.970335   slack (MET)


Startpoint: latch_phase90 (input port clocked by clk)
Endpoint: _249_ (rising edge-triggered flip-flop clocked by clk)
Path Group: clk
Path Type: min

Fanout         Cap        Slew       Delay        Time   Description
---------------------------------------------------------------------------------------------
                                  0.000000    0.000000   clock clk (rise edge)
                                  0.000000    0.000000   clock network delay (propagated)
                                 40.000000   40.000000 v input external delay
     1    0.006371    0.113077    0.047777   40.047779 v latch_phase90 (in)
                                                         latch_phase90 (net)
                      0.113077    0.000000   40.047779 v input3/I (gf180mcu_fd_sc_mcu7t5v0__buf_1)
     1    0.005944    0.167122    0.354316   40.402092 v input3/Z (gf180mcu_fd_sc_mcu7t5v0__buf_1)
                                                         net3 (net)
                      0.167122    0.000291   40.402386 v _120_/A2 (gf180mcu_fd_sc_mcu7t5v0__and2_1)
     1    0.006666    0.174788    0.410118   40.812504 v _120_/Z (gf180mcu_fd_sc_mcu7t5v0__and2_1)
                                                         _010_ (net)
                      0.174788    0.000163   40.812668 v _249_/D (gf180mcu_fd_sc_mcu7t5v0__dffrnq_1)
                                             40.812668   data arrival time

                                  0.000000    0.000000   clock clk (rise edge)
                                  0.000000    0.000000   clock source latency
     1    0.043337    0.298221    0.151565    0.151565 ^ clk (in)
                                                         clk (net)
                      0.298224    0.000000    0.151565 ^ clkbuf_0_clk/I (gf180mcu_fd_sc_mcu7t5v0__clkbuf_16)
     8    0.200996    0.354491    0.506933    0.658498 ^ clkbuf_0_clk/Z (gf180mcu_fd_sc_mcu7t5v0__clkbuf_16)
                                                         clknet_0_clk (net)
                      0.354528    0.005469    0.663967 ^ clkbuf_3_4__f_clk/I (gf180mcu_fd_sc_mcu7t5v0__clkbuf_16)
     6    0.032487    0.136846    0.364124    1.028092 ^ clkbuf_3_4__f_clk/Z (gf180mcu_fd_sc_mcu7t5v0__clkbuf_16)
                                                         clknet_3_4__leaf_clk (net)
                      0.136849    0.001085    1.029177 ^ _249_/CLK (gf180mcu_fd_sc_mcu7t5v0__dffrnq_1)
                                  0.250000    1.279177   clock uncertainty
                                  0.000000    1.279177   clock reconvergence pessimism
                                  0.131698    1.410875   library hold time
                                              1.410875   data required time
---------------------------------------------------------------------------------------------
                                              1.410875   data required time
                                            -40.812668   data arrival time
---------------------------------------------------------------------------------------------
                                             39.401791   slack (MET)


Startpoint: comp_raw (input port clocked by clk)
Endpoint: _245_ (rising edge-triggered flip-flop clocked by clk)
Path Group: clk
Path Type: min

Fanout         Cap        Slew       Delay        Time   Description
---------------------------------------------------------------------------------------------
                                  0.000000    0.000000   clock clk (rise edge)
                                  0.000000    0.000000   clock network delay (propagated)
                                 40.000000   40.000000 v input external delay
     1    0.006314    0.112371    0.047397   40.047398 v comp_raw (in)
                                                         comp_raw (net)
                      0.112371    0.000000   40.047398 v input1/I (gf180mcu_fd_sc_mcu7t5v0__buf_1)
     1    0.008608    0.195970    0.381203   40.428600 v input1/Z (gf180mcu_fd_sc_mcu7t5v0__buf_1)
                                                         net1 (net)
                      0.195970    0.000320   40.428921 v _124_/A2 (gf180mcu_fd_sc_mcu7t5v0__and2_1)
     1    0.006498    0.178836    0.417696   40.846615 v _124_/Z (gf180mcu_fd_sc_mcu7t5v0__and2_1)
                                                         _000_ (net)
                      0.178836    0.000160   40.846775 v _245_/D (gf180mcu_fd_sc_mcu7t5v0__dffrnq_1)
                                             40.846775   data arrival time

                                  0.000000    0.000000   clock clk (rise edge)
                                  0.000000    0.000000   clock source latency
     1    0.043337    0.298221    0.151565    0.151565 ^ clk (in)
                                                         clk (net)
                      0.298224    0.000000    0.151565 ^ clkbuf_0_clk/I (gf180mcu_fd_sc_mcu7t5v0__clkbuf_16)
     8    0.200996    0.354491    0.506933    0.658498 ^ clkbuf_0_clk/Z (gf180mcu_fd_sc_mcu7t5v0__clkbuf_16)
                                                         clknet_0_clk (net)
                      0.354508    0.003747    0.662245 ^ clkbuf_3_7__f_clk/I (gf180mcu_fd_sc_mcu7t5v0__clkbuf_16)
     6    0.032478    0.136836    0.364079    1.026324 ^ clkbuf_3_7__f_clk/Z (gf180mcu_fd_sc_mcu7t5v0__clkbuf_16)
                                                         clknet_3_7__leaf_clk (net)
                      0.136836    0.000599    1.026923 ^ _245_/CLK (gf180mcu_fd_sc_mcu7t5v0__dffrnq_1)
                                  0.250000    1.276923   clock uncertainty
                                  0.000000    1.276923   clock reconvergence pessimism
                                  0.130606    1.407529   library hold time
                                              1.407529   data required time
---------------------------------------------------------------------------------------------
                                              1.407529   data required time
                                            -40.846775   data arrival time
---------------------------------------------------------------------------------------------
                                             39.439247   slack (MET)


Startpoint: latch_phase270 (input port clocked by clk)
Endpoint: _253_ (rising edge-triggered flip-flop clocked by clk)
Path Group: clk
Path Type: min

Fanout         Cap        Slew       Delay        Time   Description
---------------------------------------------------------------------------------------------
                                  0.000000    0.000000   clock clk (rise edge)
                                  0.000000    0.000000   clock network delay (propagated)
                                 40.000000   40.000000 v input external delay
     1    0.006246    0.111583    0.046846   40.046848 v latch_phase270 (in)
                                                         latch_phase270 (net)
                      0.111583    0.000000   40.046848 v input2/I (gf180mcu_fd_sc_mcu7t5v0__buf_1)
     1    0.013748    0.253348    0.430060   40.476906 v input2/Z (gf180mcu_fd_sc_mcu7t5v0__buf_1)
                                                         net2 (net)
                      0.253348    0.000561   40.477467 v _116_/A2 (gf180mcu_fd_sc_mcu7t5v0__and2_1)
     1    0.005319    0.160018    0.423860   40.901329 v _116_/Z (gf180mcu_fd_sc_mcu7t5v0__and2_1)
                                                         _006_ (net)
                      0.160018    0.000139   40.901466 v _253_/D (gf180mcu_fd_sc_mcu7t5v0__dffrnq_1)
                                             40.901466   data arrival time

                                  0.000000    0.000000   clock clk (rise edge)
                                  0.000000    0.000000   clock source latency
     1    0.043337    0.298221    0.151565    0.151565 ^ clk (in)
                                                         clk (net)
                      0.298224    0.000000    0.151565 ^ clkbuf_0_clk/I (gf180mcu_fd_sc_mcu7t5v0__clkbuf_16)
     8    0.200996    0.354491    0.506933    0.658498 ^ clkbuf_0_clk/Z (gf180mcu_fd_sc_mcu7t5v0__clkbuf_16)
                                                         clknet_0_clk (net)
                      0.354516    0.004529    0.663027 ^ clkbuf_3_5__f_clk/I (gf180mcu_fd_sc_mcu7t5v0__clkbuf_16)
     6    0.034167    0.139054    0.366036    1.029063 ^ clkbuf_3_5__f_clk/Z (gf180mcu_fd_sc_mcu7t5v0__clkbuf_16)
                                                         clknet_3_5__leaf_clk (net)
                      0.139058    0.001207    1.030270 ^ _253_/CLK (gf180mcu_fd_sc_mcu7t5v0__dffrnq_1)
                                  0.250000    1.280270   clock uncertainty
                                  0.000000    1.280270   clock reconvergence pessimism
                                  0.136196    1.416466   library hold time
                                              1.416466   data required time
---------------------------------------------------------------------------------------------
                                              1.416466   data required time
                                            -40.901466   data arrival time
---------------------------------------------------------------------------------------------
                                             39.485001   slack (MET)


Startpoint: rst_n (input port clocked by clk)
Endpoint: _224_ (removal check against rising-edge clock clk)
Path Group: asynchronous
Path Type: min

Fanout         Cap        Slew       Delay        Time   Description
---------------------------------------------------------------------------------------------
                                  0.000000    0.000000   clock clk (rise edge)
                                  0.000000    0.000000   clock network delay (propagated)
                                 40.000000   40.000000 ^ input external delay
     1    0.005798    0.204653    0.080476   40.080479 ^ rst_n (in)
                                                         rst_n (net)
                      0.204653    0.000000   40.080479 ^ input4/I (gf180mcu_fd_sc_mcu7t5v0__buf_1)
     1    0.007822    0.262059    0.347917   40.428394 ^ input4/Z (gf180mcu_fd_sc_mcu7t5v0__buf_1)
                                                         net4 (net)
                      0.262059    0.000366   40.428761 ^ fanout49/I (gf180mcu_fd_sc_mcu7t5v0__dlyb_1)
     1    0.007555    0.292947    1.383430   41.812191 ^ fanout49/Z (gf180mcu_fd_sc_mcu7t5v0__dlyb_1)
                                                         net49 (net)
                      0.292947    0.000373   41.812565 ^ wire51/I (gf180mcu_fd_sc_mcu7t5v0__buf_1)
     4    0.032790    0.828461    0.704684   42.517246 ^ wire51/Z (gf180mcu_fd_sc_mcu7t5v0__buf_1)
                                                         net51 (net)
                      0.828465    0.000995   42.518242 ^ wire50/I (gf180mcu_fd_sc_mcu7t5v0__clkbuf_2)
     3    0.032998    0.441753    0.627605   43.145847 ^ wire50/Z (gf180mcu_fd_sc_mcu7t5v0__clkbuf_2)
                                                         net50 (net)
                      0.441753    0.000675   43.146523 ^ _224_/RN (gf180mcu_fd_sc_mcu7t5v0__dffrnq_1)
                                             43.146523   data arrival time

                                  0.000000    0.000000   clock clk (rise edge)
                                  0.000000    0.000000   clock source latency
     1    0.043337    0.298221    0.151565    0.151565 ^ clk (in)
                                                         clk (net)
                      0.298224    0.000000    0.151565 ^ clkbuf_0_clk/I (gf180mcu_fd_sc_mcu7t5v0__clkbuf_16)
     8    0.200996    0.354491    0.506933    0.658498 ^ clkbuf_0_clk/Z (gf180mcu_fd_sc_mcu7t5v0__clkbuf_16)
                                                         clknet_0_clk (net)
                      0.354508    0.003748    0.662246 ^ clkbuf_3_3__f_clk/I (gf180mcu_fd_sc_mcu7t5v0__clkbuf_16)
     6    0.030928    0.134794    0.362379    1.024624 ^ clkbuf_3_3__f_clk/Z (gf180mcu_fd_sc_mcu7t5v0__clkbuf_16)
                                                         clknet_3_3__leaf_clk (net)
                      0.134795    0.000566    1.025191 ^ _224_/CLK (gf180mcu_fd_sc_mcu7t5v0__dffrnq_1)
                                  0.250000    1.275191   clock uncertainty
                                  0.000000    1.275191   clock reconvergence pessimism
                                  0.547017    1.822208   library removal time
                                              1.822208   data required time
---------------------------------------------------------------------------------------------
                                              1.822208   data required time
                                            -43.146523   data arrival time
---------------------------------------------------------------------------------------------
                                             41.324314   slack (MET)


Startpoint: rst_n (input port clocked by clk)
Endpoint: _225_ (removal check against rising-edge clock clk)
Path Group: asynchronous
Path Type: min

Fanout         Cap        Slew       Delay        Time   Description
---------------------------------------------------------------------------------------------
                                  0.000000    0.000000   clock clk (rise edge)
                                  0.000000    0.000000   clock network delay (propagated)
                                 40.000000   40.000000 ^ input external delay
     1    0.005798    0.204653    0.080476   40.080479 ^ rst_n (in)
                                                         rst_n (net)
                      0.204653    0.000000   40.080479 ^ input4/I (gf180mcu_fd_sc_mcu7t5v0__buf_1)
     1    0.007822    0.262059    0.347917   40.428394 ^ input4/Z (gf180mcu_fd_sc_mcu7t5v0__buf_1)
                                                         net4 (net)
                      0.262059    0.000366   40.428761 ^ fanout49/I (gf180mcu_fd_sc_mcu7t5v0__dlyb_1)
     1    0.007555    0.292947    1.383430   41.812191 ^ fanout49/Z (gf180mcu_fd_sc_mcu7t5v0__dlyb_1)
                                                         net49 (net)
                      0.292947    0.000373   41.812565 ^ wire51/I (gf180mcu_fd_sc_mcu7t5v0__buf_1)
     4    0.032790    0.828461    0.704684   42.517246 ^ wire51/Z (gf180mcu_fd_sc_mcu7t5v0__buf_1)
                                                         net51 (net)
                      0.828465    0.000995   42.518242 ^ wire50/I (gf180mcu_fd_sc_mcu7t5v0__clkbuf_2)
     3    0.032998    0.441753    0.627605   43.145847 ^ wire50/Z (gf180mcu_fd_sc_mcu7t5v0__clkbuf_2)
                                                         net50 (net)
                      0.441753    0.000675   43.146523 ^ _225_/RN (gf180mcu_fd_sc_mcu7t5v0__dffrnq_1)
                                             43.146523   data arrival time

                                  0.000000    0.000000   clock clk (rise edge)
                                  0.000000    0.000000   clock source latency
     1    0.043337    0.298221    0.151565    0.151565 ^ clk (in)
                                                         clk (net)
                      0.298224    0.000000    0.151565 ^ clkbuf_0_clk/I (gf180mcu_fd_sc_mcu7t5v0__clkbuf_16)
     8    0.200996    0.354491    0.506933    0.658498 ^ clkbuf_0_clk/Z (gf180mcu_fd_sc_mcu7t5v0__clkbuf_16)
                                                         clknet_0_clk (net)
                      0.354508    0.003748    0.662246 ^ clkbuf_3_6__f_clk/I (gf180mcu_fd_sc_mcu7t5v0__clkbuf_16)
     6    0.030645    0.134423    0.362075    1.024321 ^ clkbuf_3_6__f_clk/Z (gf180mcu_fd_sc_mcu7t5v0__clkbuf_16)
                                                         clknet_3_6__leaf_clk (net)
                      0.134423    0.000560    1.024881 ^ _225_/CLK (gf180mcu_fd_sc_mcu7t5v0__dffrnq_1)
                                  0.250000    1.274881   clock uncertainty
                                  0.000000    1.274881   clock reconvergence pessimism
                                  0.546933    1.821814   library removal time
                                              1.821814   data required time
---------------------------------------------------------------------------------------------
                                              1.821814   data required time
                                            -43.146523   data arrival time
---------------------------------------------------------------------------------------------
                                             41.324707   slack (MET)


Startpoint: rst_n (input port clocked by clk)
Endpoint: _246_ (removal check against rising-edge clock clk)
Path Group: asynchronous
Path Type: min

Fanout         Cap        Slew       Delay        Time   Description
---------------------------------------------------------------------------------------------
                                  0.000000    0.000000   clock clk (rise edge)
                                  0.000000    0.000000   clock network delay (propagated)
                                 40.000000   40.000000 ^ input external delay
     1    0.005798    0.204653    0.080476   40.080479 ^ rst_n (in)
                                                         rst_n (net)
                      0.204653    0.000000   40.080479 ^ input4/I (gf180mcu_fd_sc_mcu7t5v0__buf_1)
     1    0.007822    0.262059    0.347917   40.428394 ^ input4/Z (gf180mcu_fd_sc_mcu7t5v0__buf_1)
                                                         net4 (net)
                      0.262059    0.000366   40.428761 ^ fanout49/I (gf180mcu_fd_sc_mcu7t5v0__dlyb_1)
     1    0.007555    0.292947    1.383430   41.812191 ^ fanout49/Z (gf180mcu_fd_sc_mcu7t5v0__dlyb_1)
                                                         net49 (net)
                      0.292947    0.000373   41.812565 ^ wire51/I (gf180mcu_fd_sc_mcu7t5v0__buf_1)
     4    0.032790    0.828461    0.704684   42.517246 ^ wire51/Z (gf180mcu_fd_sc_mcu7t5v0__buf_1)
                                                         net51 (net)
                      0.828465    0.000995   42.518242 ^ wire50/I (gf180mcu_fd_sc_mcu7t5v0__clkbuf_2)
     3    0.032998    0.441753    0.627605   43.145847 ^ wire50/Z (gf180mcu_fd_sc_mcu7t5v0__clkbuf_2)
                                                         net50 (net)
                      0.441754    0.000977   43.146824 ^ _246_/RN (gf180mcu_fd_sc_mcu7t5v0__dffrnq_1)
                                             43.146824   data arrival time

                                  0.000000    0.000000   clock clk (rise edge)
                                  0.000000    0.000000   clock source latency
     1    0.043337    0.298221    0.151565    0.151565 ^ clk (in)
                                                         clk (net)
                      0.298224    0.000000    0.151565 ^ clkbuf_0_clk/I (gf180mcu_fd_sc_mcu7t5v0__clkbuf_16)
     8    0.200996    0.354491    0.506933    0.658498 ^ clkbuf_0_clk/Z (gf180mcu_fd_sc_mcu7t5v0__clkbuf_16)
                                                         clknet_0_clk (net)
                      0.354508    0.003748    0.662246 ^ clkbuf_3_6__f_clk/I (gf180mcu_fd_sc_mcu7t5v0__clkbuf_16)
     6    0.030645    0.134423    0.362075    1.024321 ^ clkbuf_3_6__f_clk/Z (gf180mcu_fd_sc_mcu7t5v0__clkbuf_16)
                                                         clknet_3_6__leaf_clk (net)
                      0.134423    0.000566    1.024886 ^ _246_/CLK (gf180mcu_fd_sc_mcu7t5v0__dffrnq_1)
                                  0.250000    1.274886   clock uncertainty
                                  0.000000    1.274886   clock reconvergence pessimism
                                  0.546933    1.821820   library removal time
                                              1.821820   data required time
---------------------------------------------------------------------------------------------
                                              1.821820   data required time
                                            -43.146824   data arrival time
---------------------------------------------------------------------------------------------
                                             41.325005   slack (MET)


Startpoint: rst_n (input port clocked by clk)
Endpoint: _229_ (removal check against rising-edge clock clk)
Path Group: asynchronous
Path Type: min

Fanout         Cap        Slew       Delay        Time   Description
---------------------------------------------------------------------------------------------
                                  0.000000    0.000000   clock clk (rise edge)
                                  0.000000    0.000000   clock network delay (propagated)
                                 40.000000   40.000000 ^ input external delay
     1    0.005798    0.204653    0.080476   40.080479 ^ rst_n (in)
                                                         rst_n (net)
                      0.204653    0.000000   40.080479 ^ input4/I (gf180mcu_fd_sc_mcu7t5v0__buf_1)
     1    0.007822    0.262059    0.347917   40.428394 ^ input4/Z (gf180mcu_fd_sc_mcu7t5v0__buf_1)
                                                         net4 (net)
                      0.262059    0.000366   40.428761 ^ fanout49/I (gf180mcu_fd_sc_mcu7t5v0__dlyb_1)
     1    0.007555    0.292947    1.383430   41.812191 ^ fanout49/Z (gf180mcu_fd_sc_mcu7t5v0__dlyb_1)
                                                         net49 (net)
                      0.292947    0.000373   41.812565 ^ wire51/I (gf180mcu_fd_sc_mcu7t5v0__buf_1)
     4    0.032790    0.828461    0.704684   42.517246 ^ wire51/Z (gf180mcu_fd_sc_mcu7t5v0__buf_1)
                                                         net51 (net)
                      0.828464    0.000895   42.518143 ^ fanout37/I (gf180mcu_fd_sc_mcu7t5v0__dlyb_1)
     3    0.019403    0.545196    1.595517   44.113659 ^ fanout37/Z (gf180mcu_fd_sc_mcu7t5v0__dlyb_1)
                                                         net37 (net)
                      0.545196    0.000441   44.114101 ^ _229_/RN (gf180mcu_fd_sc_mcu7t5v0__dffrnq_1)
                                             44.114101   data arrival time

                                  0.000000    0.000000   clock clk (rise edge)
                                  0.000000    0.000000   clock source latency
     1    0.043337    0.298221    0.151565    0.151565 ^ clk (in)
                                                         clk (net)
                      0.298224    0.000000    0.151565 ^ clkbuf_0_clk/I (gf180mcu_fd_sc_mcu7t5v0__clkbuf_16)
     8    0.200996    0.354491    0.506933    0.658498 ^ clkbuf_0_clk/Z (gf180mcu_fd_sc_mcu7t5v0__clkbuf_16)
                                                         clknet_0_clk (net)
                      0.354528    0.005467    0.663965 ^ clkbuf_3_1__f_clk/I (gf180mcu_fd_sc_mcu7t5v0__clkbuf_16)
     6    0.038427    0.144642    0.370902    1.034866 ^ clkbuf_3_1__f_clk/Z (gf180mcu_fd_sc_mcu7t5v0__clkbuf_16)
                                                         clknet_3_1__leaf_clk (net)
                      0.144647    0.001490    1.036356 ^ _229_/CLK (gf180mcu_fd_sc_mcu7t5v0__dffrnq_1)
                                  0.250000    1.286356   clock uncertainty
                                  0.000000    1.286356   clock reconvergence pessimism
                                  0.565152    1.851508   library removal time
                                              1.851508   data required time
---------------------------------------------------------------------------------------------
                                              1.851508   data required time
                                            -44.114101   data arrival time
---------------------------------------------------------------------------------------------
                                             42.262592   slack (MET)


Startpoint: rst_n (input port clocked by clk)
Endpoint: _243_ (removal check against rising-edge clock clk)
Path Group: asynchronous
Path Type: min

Fanout         Cap        Slew       Delay        Time   Description
---------------------------------------------------------------------------------------------
                                  0.000000    0.000000   clock clk (rise edge)
                                  0.000000    0.000000   clock network delay (propagated)
                                 40.000000   40.000000 ^ input external delay
     1    0.005798    0.204653    0.080476   40.080479 ^ rst_n (in)
                                                         rst_n (net)
                      0.204653    0.000000   40.080479 ^ input4/I (gf180mcu_fd_sc_mcu7t5v0__buf_1)
     1    0.007822    0.262059    0.347917   40.428394 ^ input4/Z (gf180mcu_fd_sc_mcu7t5v0__buf_1)
                                                         net4 (net)
                      0.262059    0.000366   40.428761 ^ fanout49/I (gf180mcu_fd_sc_mcu7t5v0__dlyb_1)
     1    0.007555    0.292947    1.383430   41.812191 ^ fanout49/Z (gf180mcu_fd_sc_mcu7t5v0__dlyb_1)
                                                         net49 (net)
                      0.292947    0.000373   41.812565 ^ wire51/I (gf180mcu_fd_sc_mcu7t5v0__buf_1)
     4    0.032790    0.828461    0.704684   42.517246 ^ wire51/Z (gf180mcu_fd_sc_mcu7t5v0__buf_1)
                                                         net51 (net)
                      0.828461    0.000600   42.517849 ^ fanout45/I (gf180mcu_fd_sc_mcu7t5v0__dlyb_1)
     3    0.025288    0.672159    1.675495   44.193344 ^ fanout45/Z (gf180mcu_fd_sc_mcu7t5v0__dlyb_1)
                                                         net45 (net)
                      0.672163    0.001101   44.194447 ^ _243_/RN (gf180mcu_fd_sc_mcu7t5v0__dffrnq_1)
                                             44.194447   data arrival time

                                  0.000000    0.000000   clock clk (rise edge)
                                  0.000000    0.000000   clock source latency
     1    0.043337    0.298221    0.151565    0.151565 ^ clk (in)
                                                         clk (net)
                      0.298224    0.000000    0.151565 ^ clkbuf_0_clk/I (gf180mcu_fd_sc_mcu7t5v0__clkbuf_16)
     8    0.200996    0.354491    0.506933    0.658498 ^ clkbuf_0_clk/Z (gf180mcu_fd_sc_mcu7t5v0__clkbuf_16)
                                                         clknet_0_clk (net)
                      0.354516    0.004529    0.663027 ^ clkbuf_3_5__f_clk/I (gf180mcu_fd_sc_mcu7t5v0__clkbuf_16)
     6    0.034167    0.139054    0.366036    1.029063 ^ clkbuf_3_5__f_clk/Z (gf180mcu_fd_sc_mcu7t5v0__clkbuf_16)
                                                         clknet_3_5__leaf_clk (net)
                      0.139058    0.001262    1.030325 ^ _243_/CLK (gf180mcu_fd_sc_mcu7t5v0__dffrnq_1)
                                  0.250000    1.280325   clock uncertainty
                                  0.000000    1.280325   clock reconvergence pessimism
                                  0.583535    1.863860   library removal time
                                              1.863860   data required time
---------------------------------------------------------------------------------------------
                                              1.863860   data required time
                                            -44.194447   data arrival time
---------------------------------------------------------------------------------------------
                                             42.330585   slack (MET)


Startpoint: rst_n (input port clocked by clk)
Endpoint: _255_ (removal check against rising-edge clock clk)
Path Group: asynchronous
Path Type: min

Fanout         Cap        Slew       Delay        Time   Description
---------------------------------------------------------------------------------------------
                                  0.000000    0.000000   clock clk (rise edge)
                                  0.000000    0.000000   clock network delay (propagated)
                                 40.000000   40.000000 ^ input external delay
     1    0.005798    0.204653    0.080476   40.080479 ^ rst_n (in)
                                                         rst_n (net)
                      0.204653    0.000000   40.080479 ^ input4/I (gf180mcu_fd_sc_mcu7t5v0__buf_1)
     1    0.007822    0.262059    0.347917   40.428394 ^ input4/Z (gf180mcu_fd_sc_mcu7t5v0__buf_1)
                                                         net4 (net)
                      0.262059    0.000366   40.428761 ^ fanout49/I (gf180mcu_fd_sc_mcu7t5v0__dlyb_1)
     1    0.007555    0.292947    1.383430   41.812191 ^ fanout49/Z (gf180mcu_fd_sc_mcu7t5v0__dlyb_1)
                                                         net49 (net)
                      0.292947    0.000373   41.812565 ^ wire51/I (gf180mcu_fd_sc_mcu7t5v0__buf_1)
     4    0.032790    0.828461    0.704684   42.517246 ^ wire51/Z (gf180mcu_fd_sc_mcu7t5v0__buf_1)
                                                         net51 (net)
                      0.828461    0.000600   42.517849 ^ fanout45/I (gf180mcu_fd_sc_mcu7t5v0__dlyb_1)
     3    0.025288    0.672159    1.675495   44.193344 ^ fanout45/Z (gf180mcu_fd_sc_mcu7t5v0__dlyb_1)
                                                         net45 (net)
                      0.672163    0.001165   44.194508 ^ _255_/RN (gf180mcu_fd_sc_mcu7t5v0__dffrnq_1)
                                             44.194508   data arrival time

                                  0.000000    0.000000   clock clk (rise edge)
                                  0.000000    0.000000   clock source latency
     1    0.043337    0.298221    0.151565    0.151565 ^ clk (in)
                                                         clk (net)
                      0.298224    0.000000    0.151565 ^ clkbuf_0_clk/I (gf180mcu_fd_sc_mcu7t5v0__clkbuf_16)
     8    0.200996    0.354491    0.506933    0.658498 ^ clkbuf_0_clk/Z (gf180mcu_fd_sc_mcu7t5v0__clkbuf_16)
                                                         clknet_0_clk (net)
                      0.354516    0.004529    0.663027 ^ clkbuf_3_5__f_clk/I (gf180mcu_fd_sc_mcu7t5v0__clkbuf_16)
     6    0.034167    0.139054    0.366036    1.029063 ^ clkbuf_3_5__f_clk/Z (gf180mcu_fd_sc_mcu7t5v0__clkbuf_16)
                                                         clknet_3_5__leaf_clk (net)
                      0.139057    0.001145    1.030208 ^ _255_/CLK (gf180mcu_fd_sc_mcu7t5v0__dffrnq_1)
                                  0.250000    1.280208   clock uncertainty
                                  0.000000    1.280208   clock reconvergence pessimism
                                  0.583535    1.863743   library removal time
                                              1.863743   data required time
---------------------------------------------------------------------------------------------
                                              1.863743   data required time
                                            -44.194508   data arrival time
---------------------------------------------------------------------------------------------
                                             42.330765   slack (MET)


Startpoint: _244_ (rising edge-triggered flip-flop clocked by clk)
Endpoint: latch_phase270_ack (output port clocked by clk)
Path Group: clk
Path Type: min

Fanout         Cap        Slew       Delay        Time   Description
---------------------------------------------------------------------------------------------
                                  0.000000    0.000000   clock clk (rise edge)
                                  0.000000    0.000000   clock source latency
     1    0.043337    0.298221    0.151565    0.151565 ^ clk (in)
                                                         clk (net)
                      0.298224    0.000000    0.151565 ^ clkbuf_0_clk/I (gf180mcu_fd_sc_mcu7t5v0__clkbuf_16)
     8    0.200996    0.354491    0.506933    0.658498 ^ clkbuf_0_clk/Z (gf180mcu_fd_sc_mcu7t5v0__clkbuf_16)
                                                         clknet_0_clk (net)
                      0.354508    0.003747    0.662245 ^ clkbuf_3_7__f_clk/I (gf180mcu_fd_sc_mcu7t5v0__clkbuf_16)
     6    0.032478    0.136836    0.364079    1.026324 ^ clkbuf_3_7__f_clk/Z (gf180mcu_fd_sc_mcu7t5v0__clkbuf_16)
                                                         clknet_3_7__leaf_clk (net)
                      0.136838    0.001141    1.027465 ^ _244_/CLK (gf180mcu_fd_sc_mcu7t5v0__dffrnq_1)
     1    0.006783    0.172160    1.010749    2.038214 v _244_/Q (gf180mcu_fd_sc_mcu7t5v0__dffrnq_1)
                                                         net8 (net)
                      0.172160    0.000198    2.038412 v output8/I (gf180mcu_fd_sc_mcu7t5v0__buf_2)
     1    0.076326    0.504834    0.592908    2.631320 v output8/Z (gf180mcu_fd_sc_mcu7t5v0__buf_2)
                                                         latch_phase270_ack (net)
                      0.504844    0.001280    2.632601 v latch_phase270_ack (out)
                                              2.632601   data arrival time

                                  0.000000    0.000000   clock clk (rise edge)
                                  0.000000    0.000000   clock network delay (propagated)
                                  0.250000    0.250000   clock uncertainty
                                  0.000000    0.250000   clock reconvergence pessimism
                                -40.000000  -39.750000   output external delay
                                            -39.750000   data required time
---------------------------------------------------------------------------------------------
                                            -39.750000   data required time
                                             -2.632601   data arrival time
---------------------------------------------------------------------------------------------
                                             42.382599   slack (MET)


Startpoint: rst_n (input port clocked by clk)
Endpoint: _256_ (removal check against rising-edge clock clk)
Path Group: asynchronous
Path Type: min

Fanout         Cap        Slew       Delay        Time   Description
---------------------------------------------------------------------------------------------
                                  0.000000    0.000000   clock clk (rise edge)
                                  0.000000    0.000000   clock network delay (propagated)
                                 40.000000   40.000000 ^ input external delay
     1    0.005798    0.204653    0.080476   40.080479 ^ rst_n (in)
                                                         rst_n (net)
                      0.204653    0.000000   40.080479 ^ input4/I (gf180mcu_fd_sc_mcu7t5v0__buf_1)
     1    0.007822    0.262059    0.347917   40.428394 ^ input4/Z (gf180mcu_fd_sc_mcu7t5v0__buf_1)
                                                         net4 (net)
                      0.262059    0.000366   40.428761 ^ fanout49/I (gf180mcu_fd_sc_mcu7t5v0__dlyb_1)
     1    0.007555    0.292947    1.383430   41.812191 ^ fanout49/Z (gf180mcu_fd_sc_mcu7t5v0__dlyb_1)
                                                         net49 (net)
                      0.292947    0.000373   41.812565 ^ wire51/I (gf180mcu_fd_sc_mcu7t5v0__buf_1)
     4    0.032790    0.828461    0.704684   42.517246 ^ wire51/Z (gf180mcu_fd_sc_mcu7t5v0__buf_1)
                                                         net51 (net)
                      0.828465    0.000991   42.518238 ^ fanout41/I (gf180mcu_fd_sc_mcu7t5v0__dlyb_1)
     4    0.030787    0.793560    1.750401   44.268639 ^ fanout41/Z (gf180mcu_fd_sc_mcu7t5v0__dlyb_1)
                                                         net41 (net)
                      0.793560    0.000639   44.269279 ^ _256_/RN (gf180mcu_fd_sc_mcu7t5v0__dffrnq_1)
                                             44.269279   data arrival time

                                  0.000000    0.000000   clock clk (rise edge)
                                  0.000000    0.000000   clock source latency
     1    0.043337    0.298221    0.151565    0.151565 ^ clk (in)
                                                         clk (net)
                      0.298224    0.000000    0.151565 ^ clkbuf_0_clk/I (gf180mcu_fd_sc_mcu7t5v0__clkbuf_16)
     8    0.200996    0.354491    0.506933    0.658498 ^ clkbuf_0_clk/Z (gf180mcu_fd_sc_mcu7t5v0__clkbuf_16)
                                                         clknet_0_clk (net)
                      0.354516    0.004529    0.663027 ^ clkbuf_3_5__f_clk/I (gf180mcu_fd_sc_mcu7t5v0__clkbuf_16)
     6    0.034167    0.139054    0.366036    1.029063 ^ clkbuf_3_5__f_clk/Z (gf180mcu_fd_sc_mcu7t5v0__clkbuf_16)
                                                         clknet_3_5__leaf_clk (net)
                      0.139055    0.000618    1.029681 ^ _256_/CLK (gf180mcu_fd_sc_mcu7t5v0__dffrnq_1)
                                  0.250000    1.279681   clock uncertainty
                                  0.000000    1.279681   clock reconvergence pessimism
                                  0.600362    1.880043   library removal time
                                              1.880043   data required time
---------------------------------------------------------------------------------------------
                                              1.880043   data required time
                                            -44.269279   data arrival time
---------------------------------------------------------------------------------------------
                                             42.389236   slack (MET)


Startpoint: rst_n (input port clocked by clk)
Endpoint: _247_ (removal check against rising-edge clock clk)
Path Group: asynchronous
Path Type: min

Fanout         Cap        Slew       Delay        Time   Description
---------------------------------------------------------------------------------------------
                                  0.000000    0.000000   clock clk (rise edge)
                                  0.000000    0.000000   clock network delay (propagated)
                                 40.000000   40.000000 ^ input external delay
     1    0.005798    0.204653    0.080476   40.080479 ^ rst_n (in)
                                                         rst_n (net)
                      0.204653    0.000000   40.080479 ^ input4/I (gf180mcu_fd_sc_mcu7t5v0__buf_1)
     1    0.007822    0.262059    0.347917   40.428394 ^ input4/Z (gf180mcu_fd_sc_mcu7t5v0__buf_1)
                                                         net4 (net)
                      0.262059    0.000366   40.428761 ^ fanout49/I (gf180mcu_fd_sc_mcu7t5v0__dlyb_1)
     1    0.007555    0.292947    1.383430   41.812191 ^ fanout49/Z (gf180mcu_fd_sc_mcu7t5v0__dlyb_1)
                                                         net49 (net)
                      0.292947    0.000373   41.812565 ^ wire51/I (gf180mcu_fd_sc_mcu7t5v0__buf_1)
     4    0.032790    0.828461    0.704684   42.517246 ^ wire51/Z (gf180mcu_fd_sc_mcu7t5v0__buf_1)
                                                         net51 (net)
                      0.828465    0.000991   42.518238 ^ fanout41/I (gf180mcu_fd_sc_mcu7t5v0__dlyb_1)
     4    0.030787    0.793560    1.750401   44.268639 ^ fanout41/Z (gf180mcu_fd_sc_mcu7t5v0__dlyb_1)
                                                         net41 (net)
                      0.793561    0.000909   44.269550 ^ _247_/RN (gf180mcu_fd_sc_mcu7t5v0__dffrnq_1)
                                             44.269550   data arrival time

                                  0.000000    0.000000   clock clk (rise edge)
                                  0.000000    0.000000   clock source latency
     1    0.043337    0.298221    0.151565    0.151565 ^ clk (in)
                                                         clk (net)
                      0.298224    0.000000    0.151565 ^ clkbuf_0_clk/I (gf180mcu_fd_sc_mcu7t5v0__clkbuf_16)
     8    0.200996    0.354491    0.506933    0.658498 ^ clkbuf_0_clk/Z (gf180mcu_fd_sc_mcu7t5v0__clkbuf_16)
                                                         clknet_0_clk (net)
                      0.354508    0.003747    0.662245 ^ clkbuf_3_7__f_clk/I (gf180mcu_fd_sc_mcu7t5v0__clkbuf_16)
     6    0.032478    0.136836    0.364079    1.026324 ^ clkbuf_3_7__f_clk/Z (gf180mcu_fd_sc_mcu7t5v0__clkbuf_16)
                                                         clknet_3_7__leaf_clk (net)
                      0.136838    0.001142    1.027466 ^ _247_/CLK (gf180mcu_fd_sc_mcu7t5v0__dffrnq_1)
                                  0.250000    1.277466   clock uncertainty
                                  0.000000    1.277466   clock reconvergence pessimism
                                  0.599892    1.877359   library removal time
                                              1.877359   data required time
---------------------------------------------------------------------------------------------
                                              1.877359   data required time
                                            -44.269550   data arrival time
---------------------------------------------------------------------------------------------
                                             42.392193   slack (MET)


Startpoint: _243_ (rising edge-triggered flip-flop clocked by clk)
Endpoint: latch_phase90_ack (output port clocked by clk)
Path Group: clk
Path Type: min

Fanout         Cap        Slew       Delay        Time   Description
---------------------------------------------------------------------------------------------
                                  0.000000    0.000000   clock clk (rise edge)
                                  0.000000    0.000000   clock source latency
     1    0.043337    0.298221    0.151565    0.151565 ^ clk (in)
                                                         clk (net)
                      0.298224    0.000000    0.151565 ^ clkbuf_0_clk/I (gf180mcu_fd_sc_mcu7t5v0__clkbuf_16)
     8    0.200996    0.354491    0.506933    0.658498 ^ clkbuf_0_clk/Z (gf180mcu_fd_sc_mcu7t5v0__clkbuf_16)
                                                         clknet_0_clk (net)
                      0.354516    0.004529    0.663027 ^ clkbuf_3_5__f_clk/I (gf180mcu_fd_sc_mcu7t5v0__clkbuf_16)
     6    0.034167    0.139054    0.366036    1.029063 ^ clkbuf_3_5__f_clk/Z (gf180mcu_fd_sc_mcu7t5v0__clkbuf_16)
                                                         clknet_3_5__leaf_clk (net)
                      0.139058    0.001262    1.030325 ^ _243_/CLK (gf180mcu_fd_sc_mcu7t5v0__dffrnq_1)
     1    0.007748    0.182546    1.021120    2.051445 v _243_/Q (gf180mcu_fd_sc_mcu7t5v0__dffrnq_1)
                                                         net9 (net)
                      0.182546    0.000409    2.051854 v output9/I (gf180mcu_fd_sc_mcu7t5v0__buf_2)
     1    0.076447    0.505537    0.596694    2.648548 v output9/Z (gf180mcu_fd_sc_mcu7t5v0__buf_2)
                                                         latch_phase90_ack (net)
                      0.505547    0.001283    2.649831 v latch_phase90_ack (out)
                                              2.649831   data arrival time

                                  0.000000    0.000000   clock clk (rise edge)
                                  0.000000    0.000000   clock network delay (propagated)
                                  0.250000    0.250000   clock uncertainty
                                  0.000000    0.250000   clock reconvergence pessimism
                                -40.000000  -39.750000   output external delay
                                            -39.750000   data required time
---------------------------------------------------------------------------------------------
                                            -39.750000   data required time
                                             -2.649831   data arrival time
---------------------------------------------------------------------------------------------
                                             42.399830   slack (MET)


Startpoint: _221_ (rising edge-triggered flip-flop clocked by clk)
Endpoint: votes_in_phase[0] (output port clocked by clk)
Path Group: clk
Path Type: min

Fanout         Cap        Slew       Delay        Time   Description
---------------------------------------------------------------------------------------------
                                  0.000000    0.000000   clock clk (rise edge)
                                  0.000000    0.000000   clock source latency
     1    0.043337    0.298221    0.151565    0.151565 ^ clk (in)
                                                         clk (net)
                      0.298224    0.000000    0.151565 ^ clkbuf_0_clk/I (gf180mcu_fd_sc_mcu7t5v0__clkbuf_16)
     8    0.200996    0.354491    0.506933    0.658498 ^ clkbuf_0_clk/Z (gf180mcu_fd_sc_mcu7t5v0__clkbuf_16)
                                                         clknet_0_clk (net)
                      0.354508    0.003747    0.662245 ^ clkbuf_3_2__f_clk/I (gf180mcu_fd_sc_mcu7t5v0__clkbuf_16)
     6    0.031161    0.135101    0.362658    1.024903 ^ clkbuf_3_2__f_clk/Z (gf180mcu_fd_sc_mcu7t5v0__clkbuf_16)
                                                         clknet_3_2__leaf_clk (net)
                      0.135102    0.000575    1.025478 ^ _221_/CLK (gf180mcu_fd_sc_mcu7t5v0__dffrnq_1)
     2    0.012058    0.231080    1.064523    2.090000 v _221_/Q (gf180mcu_fd_sc_mcu7t5v0__dffrnq_1)
                                                         net13 (net)
                      0.231080    0.000283    2.090283 v output13/I (gf180mcu_fd_sc_mcu7t5v0__buf_2)
     1    0.074873    0.493749    0.603506    2.693789 v output13/Z (gf180mcu_fd_sc_mcu7t5v0__buf_2)
                                                         votes_in_phase[0] (net)
                      0.493908    0.005015    2.698804 v votes_in_phase[0] (out)
                                              2.698804   data arrival time

                                  0.000000    0.000000   clock clk (rise edge)
                                  0.000000    0.000000   clock network delay (propagated)
                                  0.250000    0.250000   clock uncertainty
                                  0.000000    0.250000   clock reconvergence pessimism
                                -40.000000  -39.750000   output external delay
                                            -39.750000   data required time
---------------------------------------------------------------------------------------------
                                            -39.750000   data required time
                                             -2.698804   data arrival time
---------------------------------------------------------------------------------------------
                                             42.448803   slack (MET)


Startpoint: _225_ (rising edge-triggered flip-flop clocked by clk)
Endpoint: votes_out_phase[0] (output port clocked by clk)
Path Group: clk
Path Type: min

Fanout         Cap        Slew       Delay        Time   Description
---------------------------------------------------------------------------------------------
                                  0.000000    0.000000   clock clk (rise edge)
                                  0.000000    0.000000   clock source latency
     1    0.043337    0.298221    0.151565    0.151565 ^ clk (in)
                                                         clk (net)
                      0.298224    0.000000    0.151565 ^ clkbuf_0_clk/I (gf180mcu_fd_sc_mcu7t5v0__clkbuf_16)
     8    0.200996    0.354491    0.506933    0.658498 ^ clkbuf_0_clk/Z (gf180mcu_fd_sc_mcu7t5v0__clkbuf_16)
                                                         clknet_0_clk (net)
                      0.354508    0.003748    0.662246 ^ clkbuf_3_6__f_clk/I (gf180mcu_fd_sc_mcu7t5v0__clkbuf_16)
     6    0.030645    0.134423    0.362075    1.024321 ^ clkbuf_3_6__f_clk/Z (gf180mcu_fd_sc_mcu7t5v0__clkbuf_16)
                                                         clknet_3_6__leaf_clk (net)
                      0.134423    0.000560    1.024881 ^ _225_/CLK (gf180mcu_fd_sc_mcu7t5v0__dffrnq_1)
     2    0.012572    0.236662    1.068709    2.093589 v _225_/Q (gf180mcu_fd_sc_mcu7t5v0__dffrnq_1)
                                                         net17 (net)
                      0.236662    0.000295    2.093884 v output17/I (gf180mcu_fd_sc_mcu7t5v0__buf_2)
     1    0.075249    0.495971    0.606739    2.700623 v output17/Z (gf180mcu_fd_sc_mcu7t5v0__buf_2)
                                                         votes_out_phase[0] (net)
                      0.496129    0.005010    2.705633 v votes_out_phase[0] (out)
                                              2.705633   data arrival time

                                  0.000000    0.000000   clock clk (rise edge)
                                  0.000000    0.000000   clock network delay (propagated)
                                  0.250000    0.250000   clock uncertainty
                                  0.000000    0.250000   clock reconvergence pessimism
                                -40.000000  -39.750000   output external delay
                                            -39.750000   data required time
---------------------------------------------------------------------------------------------
                                            -39.750000   data required time
                                             -2.705633   data arrival time
---------------------------------------------------------------------------------------------
                                             42.455631   slack (MET)


Startpoint: _224_ (rising edge-triggered flip-flop clocked by clk)
Endpoint: votes_in_phase[3] (output port clocked by clk)
Path Group: clk
Path Type: min

Fanout         Cap        Slew       Delay        Time   Description
---------------------------------------------------------------------------------------------
                                  0.000000    0.000000   clock clk (rise edge)
                                  0.000000    0.000000   clock source latency
     1    0.043337    0.298221    0.151565    0.151565 ^ clk (in)
                                                         clk (net)
                      0.298224    0.000000    0.151565 ^ clkbuf_0_clk/I (gf180mcu_fd_sc_mcu7t5v0__clkbuf_16)
     8    0.200996    0.354491    0.506933    0.658498 ^ clkbuf_0_clk/Z (gf180mcu_fd_sc_mcu7t5v0__clkbuf_16)
                                                         clknet_0_clk (net)
                      0.354508    0.003748    0.662246 ^ clkbuf_3_3__f_clk/I (gf180mcu_fd_sc_mcu7t5v0__clkbuf_16)
     6    0.030928    0.134794    0.362379    1.024624 ^ clkbuf_3_3__f_clk/Z (gf180mcu_fd_sc_mcu7t5v0__clkbuf_16)
                                                         clknet_3_3__leaf_clk (net)
                      0.134795    0.000566    1.025191 ^ _224_/CLK (gf180mcu_fd_sc_mcu7t5v0__dffrnq_1)
     2    0.013164    0.242901    1.073665    2.098856 v _224_/Q (gf180mcu_fd_sc_mcu7t5v0__dffrnq_1)
                                                         net16 (net)
                      0.242901    0.000303    2.099159 v output16/I (gf180mcu_fd_sc_mcu7t5v0__buf_2)
     1    0.075199    0.495659    0.608526    2.707685 v output16/Z (gf180mcu_fd_sc_mcu7t5v0__buf_2)
                                                         votes_in_phase[3] (net)
                      0.495818    0.005026    2.712711 v votes_in_phase[3] (out)
                                              2.712711   data arrival time

                                  0.000000    0.000000   clock clk (rise edge)
                                  0.000000    0.000000   clock network delay (propagated)
                                  0.250000    0.250000   clock uncertainty
                                  0.000000    0.250000   clock reconvergence pessimism
                                -40.000000  -39.750000   output external delay
                                            -39.750000   data required time
---------------------------------------------------------------------------------------------
                                            -39.750000   data required time
                                             -2.712711   data arrival time
---------------------------------------------------------------------------------------------
                                             42.462711   slack (MET)


Startpoint: _227_ (rising edge-triggered flip-flop clocked by clk)
Endpoint: votes_out_phase[2] (output port clocked by clk)
Path Group: clk
Path Type: min

Fanout         Cap        Slew       Delay        Time   Description
---------------------------------------------------------------------------------------------
                                  0.000000    0.000000   clock clk (rise edge)
                                  0.000000    0.000000   clock source latency
     1    0.043337    0.298221    0.151565    0.151565 ^ clk (in)
                                                         clk (net)
                      0.298224    0.000000    0.151565 ^ clkbuf_0_clk/I (gf180mcu_fd_sc_mcu7t5v0__clkbuf_16)
     8    0.200996    0.354491    0.506933    0.658498 ^ clkbuf_0_clk/Z (gf180mcu_fd_sc_mcu7t5v0__clkbuf_16)
                                                         clknet_0_clk (net)
                      0.354508    0.003748    0.662246 ^ clkbuf_3_6__f_clk/I (gf180mcu_fd_sc_mcu7t5v0__clkbuf_16)
     6    0.030645    0.134423    0.362075    1.024321 ^ clkbuf_3_6__f_clk/Z (gf180mcu_fd_sc_mcu7t5v0__clkbuf_16)
                                                         clknet_3_6__leaf_clk (net)
                      0.134423    0.000562    1.024882 ^ _227_/CLK (gf180mcu_fd_sc_mcu7t5v0__dffrnq_1)
     2    0.013657    0.248117    1.077673    2.102556 v _227_/Q (gf180mcu_fd_sc_mcu7t5v0__dffrnq_1)
                                                         net19 (net)
                      0.248117    0.000312    2.102867 v output19/I (gf180mcu_fd_sc_mcu7t5v0__buf_2)
     1    0.074938    0.494141    0.609248    2.712115 v output19/Z (gf180mcu_fd_sc_mcu7t5v0__buf_2)
                                                         votes_out_phase[2] (net)
                      0.494299    0.005003    2.717118 v votes_out_phase[2] (out)
                                              2.717118   data arrival time

                                  0.000000    0.000000   clock clk (rise edge)
                                  0.000000    0.000000   clock network delay (propagated)
                                  0.250000    0.250000   clock uncertainty
                                  0.000000    0.250000   clock reconvergence pessimism
                                -40.000000  -39.750000   output external delay
                                            -39.750000   data required time
---------------------------------------------------------------------------------------------
                                            -39.750000   data required time
                                             -2.717118   data arrival time
---------------------------------------------------------------------------------------------
                                             42.467117   slack (MET)


Startpoint: _226_ (rising edge-triggered flip-flop clocked by clk)
Endpoint: votes_out_phase[1] (output port clocked by clk)
Path Group: clk
Path Type: min

Fanout         Cap        Slew       Delay        Time   Description
---------------------------------------------------------------------------------------------
                                  0.000000    0.000000   clock clk (rise edge)
                                  0.000000    0.000000   clock source latency
     1    0.043337    0.298221    0.151565    0.151565 ^ clk (in)
                                                         clk (net)
                      0.298224    0.000000    0.151565 ^ clkbuf_0_clk/I (gf180mcu_fd_sc_mcu7t5v0__clkbuf_16)
     8    0.200996    0.354491    0.506933    0.658498 ^ clkbuf_0_clk/Z (gf180mcu_fd_sc_mcu7t5v0__clkbuf_16)
                                                         clknet_0_clk (net)
                      0.354508    0.003748    0.662246 ^ clkbuf_3_6__f_clk/I (gf180mcu_fd_sc_mcu7t5v0__clkbuf_16)
     6    0.030645    0.134423    0.362075    1.024321 ^ clkbuf_3_6__f_clk/Z (gf180mcu_fd_sc_mcu7t5v0__clkbuf_16)
                                                         clknet_3_6__leaf_clk (net)
                      0.134423    0.000560    1.024881 ^ _226_/CLK (gf180mcu_fd_sc_mcu7t5v0__dffrnq_1)
     2    0.013622    0.247717    1.077318    2.102199 v _226_/Q (gf180mcu_fd_sc_mcu7t5v0__dffrnq_1)
                                                         net18 (net)
                      0.247717    0.000312    2.102510 v output18/I (gf180mcu_fd_sc_mcu7t5v0__buf_2)
     1    0.076669    0.506539    0.617454    2.719965 v output18/Z (gf180mcu_fd_sc_mcu7t5v0__buf_2)
                                                         votes_out_phase[1] (net)
                      0.506579    0.002548    2.722512 v votes_out_phase[1] (out)
                                              2.722512   data arrival time

                                  0.000000    0.000000   clock clk (rise edge)
                                  0.000000    0.000000   clock network delay (propagated)
                                  0.250000    0.250000   clock uncertainty
                                  0.000000    0.250000   clock reconvergence pessimism
                                -40.000000  -39.750000   output external delay
                                            -39.750000   data required time
---------------------------------------------------------------------------------------------
                                            -39.750000   data required time
                                             -2.722512   data arrival time
---------------------------------------------------------------------------------------------
                                             42.472511   slack (MET)


Startpoint: _216_ (rising edge-triggered flip-flop clocked by clk)
Endpoint: dir (output port clocked by clk)
Path Group: clk
Path Type: min

Fanout         Cap        Slew       Delay        Time   Description
---------------------------------------------------------------------------------------------
                                  0.000000    0.000000   clock clk (rise edge)
                                  0.000000    0.000000   clock source latency
     1    0.043337    0.298221    0.151565    0.151565 ^ clk (in)
                                                         clk (net)
                      0.298224    0.000000    0.151565 ^ clkbuf_0_clk/I (gf180mcu_fd_sc_mcu7t5v0__clkbuf_16)
     8    0.200996    0.354491    0.506933    0.658498 ^ clkbuf_0_clk/Z (gf180mcu_fd_sc_mcu7t5v0__clkbuf_16)
                                                         clknet_0_clk (net)
                      0.354508    0.003747    0.662245 ^ clkbuf_3_2__f_clk/I (gf180mcu_fd_sc_mcu7t5v0__clkbuf_16)
     6    0.031161    0.135101    0.362658    1.024903 ^ clkbuf_3_2__f_clk/Z (gf180mcu_fd_sc_mcu7t5v0__clkbuf_16)
                                                         clknet_3_2__leaf_clk (net)
                      0.135102    0.000574    1.025477 ^ _216_/CLK (gf180mcu_fd_sc_mcu7t5v0__dffrnq_1)
     2    0.013923    0.250833    1.079847    2.105324 v _216_/Q (gf180mcu_fd_sc_mcu7t5v0__dffrnq_1)
                                                         net6 (net)
                      0.250833    0.000653    2.105978 v output6/I (gf180mcu_fd_sc_mcu7t5v0__buf_2)
     1    0.076760    0.507350    0.619811    2.725788 v output6/Z (gf180mcu_fd_sc_mcu7t5v0__buf_2)
                                                         dir (net)
                      0.507360    0.001285    2.727073 v dir (out)
                                              2.727073   data arrival time

                                  0.000000    0.000000   clock clk (rise edge)
                                  0.000000    0.000000   clock network delay (propagated)
                                  0.250000    0.250000   clock uncertainty
                                  0.000000    0.250000   clock reconvergence pessimism
                                -40.000000  -39.750000   output external delay
                                            -39.750000   data required time
---------------------------------------------------------------------------------------------
                                            -39.750000   data required time
                                             -2.727073   data arrival time
---------------------------------------------------------------------------------------------
                                             42.477074   slack (MET)


Startpoint: _222_ (rising edge-triggered flip-flop clocked by clk)
Endpoint: votes_in_phase[1] (output port clocked by clk)
Path Group: clk
Path Type: min

Fanout         Cap        Slew       Delay        Time   Description
---------------------------------------------------------------------------------------------
                                  0.000000    0.000000   clock clk (rise edge)
                                  0.000000    0.000000   clock source latency
     1    0.043337    0.298221    0.151565    0.151565 ^ clk (in)
                                                         clk (net)
                      0.298224    0.000000    0.151565 ^ clkbuf_0_clk/I (gf180mcu_fd_sc_mcu7t5v0__clkbuf_16)
     8    0.200996    0.354491    0.506933    0.658498 ^ clkbuf_0_clk/Z (gf180mcu_fd_sc_mcu7t5v0__clkbuf_16)
                                                         clknet_0_clk (net)
                      0.354508    0.003748    0.662246 ^ clkbuf_3_3__f_clk/I (gf180mcu_fd_sc_mcu7t5v0__clkbuf_16)
     6    0.030928    0.134794    0.362379    1.024624 ^ clkbuf_3_3__f_clk/Z (gf180mcu_fd_sc_mcu7t5v0__clkbuf_16)
                                                         clknet_3_3__leaf_clk (net)
                      0.134795    0.000569    1.025193 ^ _222_/CLK (gf180mcu_fd_sc_mcu7t5v0__dffrnq_1)
     2    0.014557    0.257673    1.085098    2.110292 v _222_/Q (gf180mcu_fd_sc_mcu7t5v0__dffrnq_1)
                                                         net14 (net)
                      0.257673    0.000327    2.110619 v output14/I (gf180mcu_fd_sc_mcu7t5v0__buf_2)
     1    0.075109    0.495129    0.612937    2.723556 v output14/Z (gf180mcu_fd_sc_mcu7t5v0__buf_2)
                                                         votes_in_phase[1] (net)
                      0.495288    0.005021    2.728577 v votes_in_phase[1] (out)
                                              2.728577   data arrival time

                                  0.000000    0.000000   clock clk (rise edge)
                                  0.000000    0.000000   clock network delay (propagated)
                                  0.250000    0.250000   clock uncertainty
                                  0.000000    0.250000   clock reconvergence pessimism
                                -40.000000  -39.750000   output external delay
                                            -39.750000   data required time
---------------------------------------------------------------------------------------------
                                            -39.750000   data required time
                                             -2.728577   data arrival time
---------------------------------------------------------------------------------------------
                                             42.478577   slack (MET)


Startpoint: _223_ (rising edge-triggered flip-flop clocked by clk)
Endpoint: votes_in_phase[2] (output port clocked by clk)
Path Group: clk
Path Type: min

Fanout         Cap        Slew       Delay        Time   Description
---------------------------------------------------------------------------------------------
                                  0.000000    0.000000   clock clk (rise edge)
                                  0.000000    0.000000   clock source latency
     1    0.043337    0.298221    0.151565    0.151565 ^ clk (in)
                                                         clk (net)
                      0.298224    0.000000    0.151565 ^ clkbuf_0_clk/I (gf180mcu_fd_sc_mcu7t5v0__clkbuf_16)
     8    0.200996    0.354491    0.506933    0.658498 ^ clkbuf_0_clk/Z (gf180mcu_fd_sc_mcu7t5v0__clkbuf_16)
                                                         clknet_0_clk (net)
                      0.354508    0.003748    0.662246 ^ clkbuf_3_3__f_clk/I (gf180mcu_fd_sc_mcu7t5v0__clkbuf_16)
     6    0.030928    0.134794    0.362379    1.024624 ^ clkbuf_3_3__f_clk/Z (gf180mcu_fd_sc_mcu7t5v0__clkbuf_16)
                                                         clknet_3_3__leaf_clk (net)
                      0.134795    0.000568    1.025192 ^ _223_/CLK (gf180mcu_fd_sc_mcu7t5v0__dffrnq_1)
     2    0.014380    0.255709    1.083651    2.108843 v _223_/Q (gf180mcu_fd_sc_mcu7t5v0__dffrnq_1)
                                                         net15 (net)
                      0.255709    0.000326    2.109170 v output15/I (gf180mcu_fd_sc_mcu7t5v0__buf_2)
     1    0.076176    0.503643    0.618181    2.727351 v output15/Z (gf180mcu_fd_sc_mcu7t5v0__buf_2)
                                                         votes_in_phase[2] (net)
                      0.503683    0.002535    2.729886 v votes_in_phase[2] (out)
                                              2.729886   data arrival time

                                  0.000000    0.000000   clock clk (rise edge)
                                  0.000000    0.000000   clock network delay (propagated)
                                  0.250000    0.250000   clock uncertainty
                                  0.000000    0.250000   clock reconvergence pessimism
                                -40.000000  -39.750000   output external delay
                                            -39.750000   data required time
---------------------------------------------------------------------------------------------
                                            -39.750000   data required time
                                             -2.729886   data arrival time
---------------------------------------------------------------------------------------------
                                             42.479889   slack (MET)


Startpoint: _218_ (rising edge-triggered flip-flop clocked by clk)
Endpoint: jitter_flag (output port clocked by clk)
Path Group: clk
Path Type: min

Fanout         Cap        Slew       Delay        Time   Description
---------------------------------------------------------------------------------------------
                                  0.000000    0.000000   clock clk (rise edge)
                                  0.000000    0.000000   clock source latency
     1    0.043337    0.298221    0.151565    0.151565 ^ clk (in)
                                                         clk (net)
                      0.298224    0.000000    0.151565 ^ clkbuf_0_clk/I (gf180mcu_fd_sc_mcu7t5v0__clkbuf_16)
     8    0.200996    0.354491    0.506933    0.658498 ^ clkbuf_0_clk/Z (gf180mcu_fd_sc_mcu7t5v0__clkbuf_16)
                                                         clknet_0_clk (net)
                      0.354508    0.003747    0.662245 ^ clkbuf_3_2__f_clk/I (gf180mcu_fd_sc_mcu7t5v0__clkbuf_16)
     6    0.031161    0.135101    0.362658    1.024903 ^ clkbuf_3_2__f_clk/Z (gf180mcu_fd_sc_mcu7t5v0__clkbuf_16)
                                                         clknet_3_2__leaf_clk (net)
                      0.135102    0.000576    1.025478 ^ _218_/CLK (gf180mcu_fd_sc_mcu7t5v0__dffrnq_1)
     2    0.014181    0.253513    1.081899    2.107378 v _218_/Q (gf180mcu_fd_sc_mcu7t5v0__dffrnq_1)
                                                         net7 (net)
                      0.253513    0.000761    2.108139 v output7/I (gf180mcu_fd_sc_mcu7t5v0__buf_2)
     1    0.076898    0.507880    0.620187    2.728326 v output7/Z (gf180mcu_fd_sc_mcu7t5v0__buf_2)
                                                         jitter_flag (net)
                      0.507920    0.002542    2.730867 v jitter_flag (out)
                                              2.730867   data arrival time

                                  0.000000    0.000000   clock clk (rise edge)
                                  0.000000    0.000000   clock network delay (propagated)
                                  0.250000    0.250000   clock uncertainty
                                  0.000000    0.250000   clock reconvergence pessimism
                                -40.000000  -39.750000   output external delay
                                            -39.750000   data required time
---------------------------------------------------------------------------------------------
                                            -39.750000   data required time
                                             -2.730867   data arrival time
---------------------------------------------------------------------------------------------
                                             42.480869   slack (MET)


Startpoint: _219_ (rising edge-triggered flip-flop clocked by clk)
Endpoint: phase_state[0] (output port clocked by clk)
Path Group: clk
Path Type: min

Fanout         Cap        Slew       Delay        Time   Description
---------------------------------------------------------------------------------------------
                                  0.000000    0.000000   clock clk (rise edge)
                                  0.000000    0.000000   clock source latency
     1    0.043337    0.298221    0.151565    0.151565 ^ clk (in)
                                                         clk (net)
                      0.298224    0.000000    0.151565 ^ clkbuf_0_clk/I (gf180mcu_fd_sc_mcu7t5v0__clkbuf_16)
     8    0.200996    0.354491    0.506933    0.658498 ^ clkbuf_0_clk/Z (gf180mcu_fd_sc_mcu7t5v0__clkbuf_16)
                                                         clknet_0_clk (net)
                      0.354508    0.003747    0.662245 ^ clkbuf_3_2__f_clk/I (gf180mcu_fd_sc_mcu7t5v0__clkbuf_16)
     6    0.031161    0.135101    0.362658    1.024903 ^ clkbuf_3_2__f_clk/Z (gf180mcu_fd_sc_mcu7t5v0__clkbuf_16)
                                                         clknet_3_2__leaf_clk (net)
                      0.135102    0.000576    1.025479 ^ _219_/CLK (gf180mcu_fd_sc_mcu7t5v0__dffrnq_1)
     2    0.015154    0.263980    1.090081    2.115560 v _219_/Q (gf180mcu_fd_sc_mcu7t5v0__dffrnq_1)
                                                         net11 (net)
                      0.263980    0.000336    2.115896 v output11/I (gf180mcu_fd_sc_mcu7t5v0__buf_2)
     1    0.075569    0.497837    0.616708    2.732603 v output11/Z (gf180mcu_fd_sc_mcu7t5v0__buf_2)
                                                         phase_state[0] (net)
                      0.497995    0.005025    2.737628 v phase_state[0] (out)
                                              2.737628   data arrival time

                                  0.000000    0.000000   clock clk (rise edge)
                                  0.000000    0.000000   clock network delay (propagated)
                                  0.250000    0.250000   clock uncertainty
                                  0.000000    0.250000   clock reconvergence pessimism
                                -40.000000  -39.750000   output external delay
                                            -39.750000   data required time
---------------------------------------------------------------------------------------------
                                            -39.750000   data required time
                                             -2.737628   data arrival time
---------------------------------------------------------------------------------------------
                                             42.487629   slack (MET)


Startpoint: _228_ (rising edge-triggered flip-flop clocked by clk)
Endpoint: votes_out_phase[3] (output port clocked by clk)
Path Group: clk
Path Type: min

Fanout         Cap        Slew       Delay        Time   Description
---------------------------------------------------------------------------------------------
                                  0.000000    0.000000   clock clk (rise edge)
                                  0.000000    0.000000   clock source latency
     1    0.043337    0.298221    0.151565    0.151565 ^ clk (in)
                                                         clk (net)
                      0.298224    0.000000    0.151565 ^ clkbuf_0_clk/I (gf180mcu_fd_sc_mcu7t5v0__clkbuf_16)
     8    0.200996    0.354491    0.506933    0.658498 ^ clkbuf_0_clk/Z (gf180mcu_fd_sc_mcu7t5v0__clkbuf_16)
                                                         clknet_0_clk (net)
                      0.354508    0.003748    0.662246 ^ clkbuf_3_6__f_clk/I (gf180mcu_fd_sc_mcu7t5v0__clkbuf_16)
     6    0.030645    0.134423    0.362075    1.024321 ^ clkbuf_3_6__f_clk/Z (gf180mcu_fd_sc_mcu7t5v0__clkbuf_16)
                                                         clknet_3_6__leaf_clk (net)
                      0.134423    0.000562    1.024883 ^ _228_/CLK (gf180mcu_fd_sc_mcu7t5v0__dffrnq_1)
     2    0.015442    0.267009    1.092260    2.117143 v _228_/Q (gf180mcu_fd_sc_mcu7t5v0__dffrnq_1)
                                                         net20 (net)
                      0.267009    0.000340    2.117483 v output20/I (gf180mcu_fd_sc_mcu7t5v0__buf_2)
     1    0.075377    0.496691    0.616930    2.734413 v output20/Z (gf180mcu_fd_sc_mcu7t5v0__buf_2)
                                                         votes_out_phase[3] (net)
                      0.496851    0.005036    2.739449 v votes_out_phase[3] (out)
                                              2.739449   data arrival time

                                  0.000000    0.000000   clock clk (rise edge)
                                  0.000000    0.000000   clock network delay (propagated)
                                  0.250000    0.250000   clock uncertainty
                                  0.000000    0.250000   clock reconvergence pessimism
                                -40.000000  -39.750000   output external delay
                                            -39.750000   data required time
---------------------------------------------------------------------------------------------
                                            -39.750000   data required time
                                             -2.739449   data arrival time
---------------------------------------------------------------------------------------------
                                             42.489449   slack (MET)


Startpoint: _220_ (rising edge-triggered flip-flop clocked by clk)
Endpoint: phase_state[1] (output port clocked by clk)
Path Group: clk
Path Type: min

Fanout         Cap        Slew       Delay        Time   Description
---------------------------------------------------------------------------------------------
                                  0.000000    0.000000   clock clk (rise edge)
                                  0.000000    0.000000   clock source latency
     1    0.043337    0.298221    0.151565    0.151565 ^ clk (in)
                                                         clk (net)
                      0.298224    0.000000    0.151565 ^ clkbuf_0_clk/I (gf180mcu_fd_sc_mcu7t5v0__clkbuf_16)
     8    0.200996    0.354491    0.506933    0.658498 ^ clkbuf_0_clk/Z (gf180mcu_fd_sc_mcu7t5v0__clkbuf_16)
                                                         clknet_0_clk (net)
                      0.354508    0.003758    0.662256 ^ clkbuf_3_0__f_clk/I (gf180mcu_fd_sc_mcu7t5v0__clkbuf_16)
     6    0.036406    0.141994    0.368647    1.030903 ^ clkbuf_3_0__f_clk/Z (gf180mcu_fd_sc_mcu7t5v0__clkbuf_16)
                                                         clknet_3_0__leaf_clk (net)
                      0.141995    0.000661    1.031564 ^ _220_/CLK (gf180mcu_fd_sc_mcu7t5v0__dffrnq_1)
     2    0.016463    0.277800    1.102458    2.134022 v _220_/Q (gf180mcu_fd_sc_mcu7t5v0__dffrnq_1)
                                                         net12 (net)
                      0.277800    0.000610    2.134632 v output12/I (gf180mcu_fd_sc_mcu7t5v0__buf_2)
     1    0.076045    0.502870    0.624786    2.759418 v output12/Z (gf180mcu_fd_sc_mcu7t5v0__buf_2)
                                                         phase_state[1] (net)
                      0.502910    0.002536    2.761954 v phase_state[1] (out)
                                              2.761954   data arrival time

                                  0.000000    0.000000   clock clk (rise edge)
                                  0.000000    0.000000   clock network delay (propagated)
                                  0.250000    0.250000   clock uncertainty
                                  0.000000    0.250000   clock reconvergence pessimism
                                -40.000000  -39.750000   output external delay
                                            -39.750000   data required time
---------------------------------------------------------------------------------------------
                                            -39.750000   data required time
                                             -2.761954   data arrival time
---------------------------------------------------------------------------------------------
                                             42.511955   slack (MET)


Startpoint: _217_ (rising edge-triggered flip-flop clocked by clk)
Endpoint: move_en (output port clocked by clk)
Path Group: clk
Path Type: min

Fanout         Cap        Slew       Delay        Time   Description
---------------------------------------------------------------------------------------------
                                  0.000000    0.000000   clock clk (rise edge)
                                  0.000000    0.000000   clock source latency
     1    0.043337    0.298221    0.151565    0.151565 ^ clk (in)
                                                         clk (net)
                      0.298224    0.000000    0.151565 ^ clkbuf_0_clk/I (gf180mcu_fd_sc_mcu7t5v0__clkbuf_16)
     8    0.200996    0.354491    0.506933    0.658498 ^ clkbuf_0_clk/Z (gf180mcu_fd_sc_mcu7t5v0__clkbuf_16)
                                                         clknet_0_clk (net)
                      0.354508    0.003747    0.662245 ^ clkbuf_3_2__f_clk/I (gf180mcu_fd_sc_mcu7t5v0__clkbuf_16)
     6    0.031161    0.135101    0.362658    1.024903 ^ clkbuf_3_2__f_clk/Z (gf180mcu_fd_sc_mcu7t5v0__clkbuf_16)
                                                         clknet_3_2__leaf_clk (net)
                      0.135102    0.000738    1.025641 ^ _217_/CLK (gf180mcu_fd_sc_mcu7t5v0__dffrnq_1)
     2    0.020148    0.316809    1.131018    2.156659 v _217_/Q (gf180mcu_fd_sc_mcu7t5v0__dffrnq_1)
                                                         net10 (net)
                      0.316813    0.000733    2.157392 v output10/I (gf180mcu_fd_sc_mcu7t5v0__buf_2)
     1    0.076940    0.508574    0.641305    2.798697 v output10/Z (gf180mcu_fd_sc_mcu7t5v0__buf_2)
                                                         move_en (net)
                      0.508584    0.001290    2.799987 v move_en (out)
                                              2.799987   data arrival time

                                  0.000000    0.000000   clock clk (rise edge)
                                  0.000000    0.000000   clock network delay (propagated)
                                  0.250000    0.250000   clock uncertainty
                                  0.000000    0.250000   clock reconvergence pessimism
                                -40.000000  -39.750000   output external delay
                                            -39.750000   data required time
---------------------------------------------------------------------------------------------
                                            -39.750000   data required time
                                             -2.799987   data arrival time
---------------------------------------------------------------------------------------------
                                             42.549988   slack (MET)


Startpoint: rst_n (input port clocked by clk)
Endpoint: _233_ (removal check against rising-edge clock clk)
Path Group: asynchronous
Path Type: min

Fanout         Cap        Slew       Delay        Time   Description
---------------------------------------------------------------------------------------------
                                  0.000000    0.000000   clock clk (rise edge)
                                  0.000000    0.000000   clock network delay (propagated)
                                 40.000000   40.000000 ^ input external delay
     1    0.005798    0.204653    0.080476   40.080479 ^ rst_n (in)
                                                         rst_n (net)
                      0.204653    0.000000   40.080479 ^ input4/I (gf180mcu_fd_sc_mcu7t5v0__buf_1)
     1    0.007822    0.262059    0.347917   40.428394 ^ input4/Z (gf180mcu_fd_sc_mcu7t5v0__buf_1)
                                                         net4 (net)
                      0.262059    0.000366   40.428761 ^ fanout49/I (gf180mcu_fd_sc_mcu7t5v0__dlyb_1)
     1    0.007555    0.292947    1.383430   41.812191 ^ fanout49/Z (gf180mcu_fd_sc_mcu7t5v0__dlyb_1)
                                                         net49 (net)
                      0.292947    0.000373   41.812565 ^ wire51/I (gf180mcu_fd_sc_mcu7t5v0__buf_1)
     4    0.032790    0.828461    0.704684   42.517246 ^ wire51/Z (gf180mcu_fd_sc_mcu7t5v0__buf_1)
                                                         net51 (net)
                      0.828464    0.000895   42.518143 ^ fanout37/I (gf180mcu_fd_sc_mcu7t5v0__dlyb_1)
     3    0.019403    0.545196    1.595517   44.113659 ^ fanout37/Z (gf180mcu_fd_sc_mcu7t5v0__dlyb_1)
                                                         net37 (net)
                      0.545196    0.000384   44.114044 ^ load_slew39/I (gf180mcu_fd_sc_mcu7t5v0__clkbuf_2)
     3    0.024972    0.348811    0.531113   44.645157 ^ load_slew39/Z (gf180mcu_fd_sc_mcu7t5v0__clkbuf_2)
                                                         net39 (net)
                      0.348813    0.001315   44.646469 ^ _233_/RN (gf180mcu_fd_sc_mcu7t5v0__dffrnq_1)
                                             44.646469   data arrival time

                                  0.000000    0.000000   clock clk (rise edge)
                                  0.000000    0.000000   clock source latency
     1    0.043337    0.298221    0.151565    0.151565 ^ clk (in)
                                                         clk (net)
                      0.298224    0.000000    0.151565 ^ clkbuf_0_clk/I (gf180mcu_fd_sc_mcu7t5v0__clkbuf_16)
     8    0.200996    0.354491    0.506933    0.658498 ^ clkbuf_0_clk/Z (gf180mcu_fd_sc_mcu7t5v0__clkbuf_16)
                                                         clknet_0_clk (net)
                      0.354528    0.005467    0.663965 ^ clkbuf_3_1__f_clk/I (gf180mcu_fd_sc_mcu7t5v0__clkbuf_16)
     6    0.038427    0.144642    0.370902    1.034866 ^ clkbuf_3_1__f_clk/Z (gf180mcu_fd_sc_mcu7t5v0__clkbuf_16)
                                                         clknet_3_1__leaf_clk (net)
                      0.144646    0.001395    1.036261 ^ _233_/CLK (gf180mcu_fd_sc_mcu7t5v0__dffrnq_1)
                                  0.250000    1.286261   clock uncertainty
                                  0.000000    1.286261   clock reconvergence pessimism
                                  0.534922    1.821183   library removal time
                                              1.821183   data required time
---------------------------------------------------------------------------------------------
                                              1.821183   data required time
                                            -44.646469   data arrival time
---------------------------------------------------------------------------------------------
                                             42.825291   slack (MET)


Startpoint: rst_n (input port clocked by clk)
Endpoint: _230_ (removal check against rising-edge clock clk)
Path Group: asynchronous
Path Type: min

Fanout         Cap        Slew       Delay        Time   Description
---------------------------------------------------------------------------------------------
                                  0.000000    0.000000   clock clk (rise edge)
                                  0.000000    0.000000   clock network delay (propagated)
                                 40.000000   40.000000 ^ input external delay
     1    0.005798    0.204653    0.080476   40.080479 ^ rst_n (in)
                                                         rst_n (net)
                      0.204653    0.000000   40.080479 ^ input4/I (gf180mcu_fd_sc_mcu7t5v0__buf_1)
     1    0.007822    0.262059    0.347917   40.428394 ^ input4/Z (gf180mcu_fd_sc_mcu7t5v0__buf_1)
                                                         net4 (net)
                      0.262059    0.000366   40.428761 ^ fanout49/I (gf180mcu_fd_sc_mcu7t5v0__dlyb_1)
     1    0.007555    0.292947    1.383430   41.812191 ^ fanout49/Z (gf180mcu_fd_sc_mcu7t5v0__dlyb_1)
                                                         net49 (net)
                      0.292947    0.000373   41.812565 ^ wire51/I (gf180mcu_fd_sc_mcu7t5v0__buf_1)
     4    0.032790    0.828461    0.704684   42.517246 ^ wire51/Z (gf180mcu_fd_sc_mcu7t5v0__buf_1)
                                                         net51 (net)
                      0.828464    0.000895   42.518143 ^ fanout37/I (gf180mcu_fd_sc_mcu7t5v0__dlyb_1)
     3    0.019403    0.545196    1.595517   44.113659 ^ fanout37/Z (gf180mcu_fd_sc_mcu7t5v0__dlyb_1)
                                                         net37 (net)
                      0.545196    0.000384   44.114044 ^ load_slew40/I (gf180mcu_fd_sc_mcu7t5v0__clkbuf_2)
     3    0.026673    0.367667    0.542602   44.656647 ^ load_slew40/Z (gf180mcu_fd_sc_mcu7t5v0__clkbuf_2)
                                                         net40 (net)
                      0.367669    0.001172   44.657818 ^ _230_/RN (gf180mcu_fd_sc_mcu7t5v0__dffrnq_1)
                                             44.657818   data arrival time

                                  0.000000    0.000000   clock clk (rise edge)
                                  0.000000    0.000000   clock source latency
     1    0.043337    0.298221    0.151565    0.151565 ^ clk (in)
                                                         clk (net)
                      0.298224    0.000000    0.151565 ^ clkbuf_0_clk/I (gf180mcu_fd_sc_mcu7t5v0__clkbuf_16)
     8    0.200996    0.354491    0.506933    0.658498 ^ clkbuf_0_clk/Z (gf180mcu_fd_sc_mcu7t5v0__clkbuf_16)
                                                         clknet_0_clk (net)
                      0.354528    0.005467    0.663965 ^ clkbuf_3_1__f_clk/I (gf180mcu_fd_sc_mcu7t5v0__clkbuf_16)
     6    0.038427    0.144642    0.370902    1.034866 ^ clkbuf_3_1__f_clk/Z (gf180mcu_fd_sc_mcu7t5v0__clkbuf_16)
                                                         clknet_3_1__leaf_clk (net)
                      0.144646    0.001385    1.036252 ^ _230_/CLK (gf180mcu_fd_sc_mcu7t5v0__dffrnq_1)
                                  0.250000    1.286252   clock uncertainty
                                  0.000000    1.286252   clock reconvergence pessimism
                                  0.537824    1.824076   library removal time
                                              1.824076   data required time
---------------------------------------------------------------------------------------------
                                              1.824076   data required time
                                            -44.657818   data arrival time
---------------------------------------------------------------------------------------------
                                             42.833740   slack (MET)


Startpoint: rst_n (input port clocked by clk)
Endpoint: _234_ (removal check against rising-edge clock clk)
Path Group: asynchronous
Path Type: min

Fanout         Cap        Slew       Delay        Time   Description
---------------------------------------------------------------------------------------------
                                  0.000000    0.000000   clock clk (rise edge)
                                  0.000000    0.000000   clock network delay (propagated)
                                 40.000000   40.000000 ^ input external delay
     1    0.005798    0.204653    0.080476   40.080479 ^ rst_n (in)
                                                         rst_n (net)
                      0.204653    0.000000   40.080479 ^ input4/I (gf180mcu_fd_sc_mcu7t5v0__buf_1)
     1    0.007822    0.262059    0.347917   40.428394 ^ input4/Z (gf180mcu_fd_sc_mcu7t5v0__buf_1)
                                                         net4 (net)
                      0.262059    0.000366   40.428761 ^ fanout49/I (gf180mcu_fd_sc_mcu7t5v0__dlyb_1)
     1    0.007555    0.292947    1.383430   41.812191 ^ fanout49/Z (gf180mcu_fd_sc_mcu7t5v0__dlyb_1)
                                                         net49 (net)
                      0.292947    0.000373   41.812565 ^ wire51/I (gf180mcu_fd_sc_mcu7t5v0__buf_1)
     4    0.032790    0.828461    0.704684   42.517246 ^ wire51/Z (gf180mcu_fd_sc_mcu7t5v0__buf_1)
                                                         net51 (net)
                      0.828464    0.000895   42.518143 ^ fanout37/I (gf180mcu_fd_sc_mcu7t5v0__dlyb_1)
     3    0.019403    0.545196    1.595517   44.113659 ^ fanout37/Z (gf180mcu_fd_sc_mcu7t5v0__dlyb_1)
                                                         net37 (net)
                      0.545196    0.000384   44.114044 ^ load_slew39/I (gf180mcu_fd_sc_mcu7t5v0__clkbuf_2)
     3    0.024972    0.348811    0.531113   44.645157 ^ load_slew39/Z (gf180mcu_fd_sc_mcu7t5v0__clkbuf_2)
                                                         net39 (net)
                      0.348813    0.001315   44.646469 ^ _234_/RN (gf180mcu_fd_sc_mcu7t5v0__dffrnq_1)
                                             44.646469   data arrival time

                                  0.000000    0.000000   clock clk (rise edge)
                                  0.000000    0.000000   clock source latency
     1    0.043337    0.298221    0.151565    0.151565 ^ clk (in)
                                                         clk (net)
                      0.298224    0.000000    0.151565 ^ clkbuf_0_clk/I (gf180mcu_fd_sc_mcu7t5v0__clkbuf_16)
     8    0.200996    0.354491    0.506933    0.658498 ^ clkbuf_0_clk/Z (gf180mcu_fd_sc_mcu7t5v0__clkbuf_16)
                                                         clknet_0_clk (net)
                      0.354508    0.003748    0.662246 ^ clkbuf_3_3__f_clk/I (gf180mcu_fd_sc_mcu7t5v0__clkbuf_16)
     6    0.030928    0.134794    0.362379    1.024624 ^ clkbuf_3_3__f_clk/Z (gf180mcu_fd_sc_mcu7t5v0__clkbuf_16)
                                                         clknet_3_3__leaf_clk (net)
                      0.134795    0.000859    1.025483 ^ _234_/CLK (gf180mcu_fd_sc_mcu7t5v0__dffrnq_1)
                                  0.250000    1.275483   clock uncertainty
                                  0.000000    1.275483   clock reconvergence pessimism
                                  0.532644    1.808127   library removal time
                                              1.808127   data required time
---------------------------------------------------------------------------------------------
                                              1.808127   data required time
                                            -44.646469   data arrival time
---------------------------------------------------------------------------------------------
                                             42.838345   slack (MET)


Startpoint: rst_n (input port clocked by clk)
Endpoint: _241_ (removal check against rising-edge clock clk)
Path Group: asynchronous
Path Type: min

Fanout         Cap        Slew       Delay        Time   Description
---------------------------------------------------------------------------------------------
                                  0.000000    0.000000   clock clk (rise edge)
                                  0.000000    0.000000   clock network delay (propagated)
                                 40.000000   40.000000 ^ input external delay
     1    0.005798    0.204653    0.080476   40.080479 ^ rst_n (in)
                                                         rst_n (net)
                      0.204653    0.000000   40.080479 ^ input4/I (gf180mcu_fd_sc_mcu7t5v0__buf_1)
     1    0.007822    0.262059    0.347917   40.428394 ^ input4/Z (gf180mcu_fd_sc_mcu7t5v0__buf_1)
                                                         net4 (net)
                      0.262059    0.000366   40.428761 ^ fanout49/I (gf180mcu_fd_sc_mcu7t5v0__dlyb_1)
     1    0.007555    0.292947    1.383430   41.812191 ^ fanout49/Z (gf180mcu_fd_sc_mcu7t5v0__dlyb_1)
                                                         net49 (net)
                      0.292947    0.000373   41.812565 ^ wire51/I (gf180mcu_fd_sc_mcu7t5v0__buf_1)
     4    0.032790    0.828461    0.704684   42.517246 ^ wire51/Z (gf180mcu_fd_sc_mcu7t5v0__buf_1)
                                                         net51 (net)
                      0.828464    0.000895   42.518143 ^ fanout37/I (gf180mcu_fd_sc_mcu7t5v0__dlyb_1)
     3    0.019403    0.545196    1.595517   44.113659 ^ fanout37/Z (gf180mcu_fd_sc_mcu7t5v0__dlyb_1)
                                                         net37 (net)
                      0.545196    0.000384   44.114044 ^ load_slew40/I (gf180mcu_fd_sc_mcu7t5v0__clkbuf_2)
     3    0.026673    0.367667    0.542602   44.656647 ^ load_slew40/Z (gf180mcu_fd_sc_mcu7t5v0__clkbuf_2)
                                                         net40 (net)
                      0.367669    0.001258   44.657902 ^ _241_/RN (gf180mcu_fd_sc_mcu7t5v0__dffrnq_1)
                                             44.657902   data arrival time

                                  0.000000    0.000000   clock clk (rise edge)
                                  0.000000    0.000000   clock source latency
     1    0.043337    0.298221    0.151565    0.151565 ^ clk (in)
                                                         clk (net)
                      0.298224    0.000000    0.151565 ^ clkbuf_0_clk/I (gf180mcu_fd_sc_mcu7t5v0__clkbuf_16)
     8    0.200996    0.354491    0.506933    0.658498 ^ clkbuf_0_clk/Z (gf180mcu_fd_sc_mcu7t5v0__clkbuf_16)
                                                         clknet_0_clk (net)
                      0.354508    0.003758    0.662256 ^ clkbuf_3_0__f_clk/I (gf180mcu_fd_sc_mcu7t5v0__clkbuf_16)
     6    0.036406    0.141994    0.368647    1.030903 ^ clkbuf_3_0__f_clk/Z (gf180mcu_fd_sc_mcu7t5v0__clkbuf_16)
                                                         clknet_3_0__leaf_clk (net)
                      0.141999    0.001333    1.032236 ^ _241_/CLK (gf180mcu_fd_sc_mcu7t5v0__dffrnq_1)
                                  0.250000    1.282236   clock uncertainty
                                  0.000000    1.282236   clock reconvergence pessimism
                                  0.537216    1.819452   library removal time
                                              1.819452   data required time
---------------------------------------------------------------------------------------------
                                              1.819452   data required time
                                            -44.657902   data arrival time
---------------------------------------------------------------------------------------------
                                             42.838451   slack (MET)


Startpoint: rst_n (input port clocked by clk)
Endpoint: _244_ (removal check against rising-edge clock clk)
Path Group: asynchronous
Path Type: min

Fanout         Cap        Slew       Delay        Time   Description
---------------------------------------------------------------------------------------------
                                  0.000000    0.000000   clock clk (rise edge)
                                  0.000000    0.000000   clock network delay (propagated)
                                 40.000000   40.000000 ^ input external delay
     1    0.005798    0.204653    0.080476   40.080479 ^ rst_n (in)
                                                         rst_n (net)
                      0.204653    0.000000   40.080479 ^ input4/I (gf180mcu_fd_sc_mcu7t5v0__buf_1)
     1    0.007822    0.262059    0.347917   40.428394 ^ input4/Z (gf180mcu_fd_sc_mcu7t5v0__buf_1)
                                                         net4 (net)
                      0.262059    0.000366   40.428761 ^ fanout49/I (gf180mcu_fd_sc_mcu7t5v0__dlyb_1)
     1    0.007555    0.292947    1.383430   41.812191 ^ fanout49/Z (gf180mcu_fd_sc_mcu7t5v0__dlyb_1)
                                                         net49 (net)
                      0.292947    0.000373   41.812565 ^ wire51/I (gf180mcu_fd_sc_mcu7t5v0__buf_1)
     4    0.032790    0.828461    0.704684   42.517246 ^ wire51/Z (gf180mcu_fd_sc_mcu7t5v0__buf_1)
                                                         net51 (net)
                      0.828465    0.000991   42.518238 ^ fanout41/I (gf180mcu_fd_sc_mcu7t5v0__dlyb_1)
     4    0.030787    0.793560    1.750401   44.268639 ^ fanout41/Z (gf180mcu_fd_sc_mcu7t5v0__dlyb_1)
                                                         net41 (net)
                      0.793562    0.000981   44.269619 ^ load_slew44/I (gf180mcu_fd_sc_mcu7t5v0__buf_2)
     3    0.024947    0.344743    0.460158   44.729778 ^ load_slew44/Z (gf180mcu_fd_sc_mcu7t5v0__buf_2)
                                                         net44 (net)
                      0.344745    0.001201   44.730980 ^ _244_/RN (gf180mcu_fd_sc_mcu7t5v0__dffrnq_1)
                                             44.730980   data arrival time

                                  0.000000    0.000000   clock clk (rise edge)
                                  0.000000    0.000000   clock source latency
     1    0.043337    0.298221    0.151565    0.151565 ^ clk (in)
                                                         clk (net)
                      0.298224    0.000000    0.151565 ^ clkbuf_0_clk/I (gf180mcu_fd_sc_mcu7t5v0__clkbuf_16)
     8    0.200996    0.354491    0.506933    0.658498 ^ clkbuf_0_clk/Z (gf180mcu_fd_sc_mcu7t5v0__clkbuf_16)
                                                         clknet_0_clk (net)
                      0.354508    0.003747    0.662245 ^ clkbuf_3_7__f_clk/I (gf180mcu_fd_sc_mcu7t5v0__clkbuf_16)
     6    0.032478    0.136836    0.364079    1.026324 ^ clkbuf_3_7__f_clk/Z (gf180mcu_fd_sc_mcu7t5v0__clkbuf_16)
                                                         clknet_3_7__leaf_clk (net)
                      0.136838    0.001141    1.027465 ^ _244_/CLK (gf180mcu_fd_sc_mcu7t5v0__dffrnq_1)
                                  0.250000    1.277465   clock uncertainty
                                  0.000000    1.277465   clock reconvergence pessimism
                                  0.532488    1.809953   library removal time
                                              1.809953   data required time
---------------------------------------------------------------------------------------------
                                              1.809953   data required time
                                            -44.730980   data arrival time
---------------------------------------------------------------------------------------------
                                             42.921028   slack (MET)


Startpoint: rst_n (input port clocked by clk)
Endpoint: _245_ (removal check against rising-edge clock clk)
Path Group: asynchronous
Path Type: min

Fanout         Cap        Slew       Delay        Time   Description
---------------------------------------------------------------------------------------------
                                  0.000000    0.000000   clock clk (rise edge)
                                  0.000000    0.000000   clock network delay (propagated)
                                 40.000000   40.000000 ^ input external delay
     1    0.005798    0.204653    0.080476   40.080479 ^ rst_n (in)
                                                         rst_n (net)
                      0.204653    0.000000   40.080479 ^ input4/I (gf180mcu_fd_sc_mcu7t5v0__buf_1)
     1    0.007822    0.262059    0.347917   40.428394 ^ input4/Z (gf180mcu_fd_sc_mcu7t5v0__buf_1)
                                                         net4 (net)
                      0.262059    0.000366   40.428761 ^ fanout49/I (gf180mcu_fd_sc_mcu7t5v0__dlyb_1)
     1    0.007555    0.292947    1.383430   41.812191 ^ fanout49/Z (gf180mcu_fd_sc_mcu7t5v0__dlyb_1)
                                                         net49 (net)
                      0.292947    0.000373   41.812565 ^ wire51/I (gf180mcu_fd_sc_mcu7t5v0__buf_1)
     4    0.032790    0.828461    0.704684   42.517246 ^ wire51/Z (gf180mcu_fd_sc_mcu7t5v0__buf_1)
                                                         net51 (net)
                      0.828465    0.000991   42.518238 ^ fanout41/I (gf180mcu_fd_sc_mcu7t5v0__dlyb_1)
     4    0.030787    0.793560    1.750401   44.268639 ^ fanout41/Z (gf180mcu_fd_sc_mcu7t5v0__dlyb_1)
                                                         net41 (net)
                      0.793562    0.000981   44.269619 ^ load_slew44/I (gf180mcu_fd_sc_mcu7t5v0__buf_2)
     3    0.024947    0.344743    0.460158   44.729778 ^ load_slew44/Z (gf180mcu_fd_sc_mcu7t5v0__buf_2)
                                                         net44 (net)
                      0.344745    0.001201   44.730980 ^ _245_/RN (gf180mcu_fd_sc_mcu7t5v0__dffrnq_1)
                                             44.730980   data arrival time

                                  0.000000    0.000000   clock clk (rise edge)
                                  0.000000    0.000000   clock source latency
     1    0.043337    0.298221    0.151565    0.151565 ^ clk (in)
                                                         clk (net)
                      0.298224    0.000000    0.151565 ^ clkbuf_0_clk/I (gf180mcu_fd_sc_mcu7t5v0__clkbuf_16)
     8    0.200996    0.354491    0.506933    0.658498 ^ clkbuf_0_clk/Z (gf180mcu_fd_sc_mcu7t5v0__clkbuf_16)
                                                         clknet_0_clk (net)
                      0.354508    0.003747    0.662245 ^ clkbuf_3_7__f_clk/I (gf180mcu_fd_sc_mcu7t5v0__clkbuf_16)
     6    0.032478    0.136836    0.364079    1.026324 ^ clkbuf_3_7__f_clk/Z (gf180mcu_fd_sc_mcu7t5v0__clkbuf_16)
                                                         clknet_3_7__leaf_clk (net)
                      0.136836    0.000599    1.026923 ^ _245_/CLK (gf180mcu_fd_sc_mcu7t5v0__dffrnq_1)
                                  0.250000    1.276923   clock uncertainty
                                  0.000000    1.276923   clock reconvergence pessimism
                                  0.532487    1.809410   library removal time
                                              1.809410   data required time
---------------------------------------------------------------------------------------------
                                              1.809410   data required time
                                            -44.730980   data arrival time
---------------------------------------------------------------------------------------------
                                             42.921570   slack (MET)


Startpoint: rst_n (input port clocked by clk)
Endpoint: _238_ (removal check against rising-edge clock clk)
Path Group: asynchronous
Path Type: min

Fanout         Cap        Slew       Delay        Time   Description
---------------------------------------------------------------------------------------------
                                  0.000000    0.000000   clock clk (rise edge)
                                  0.000000    0.000000   clock network delay (propagated)
                                 40.000000   40.000000 ^ input external delay
     1    0.005798    0.204653    0.080476   40.080479 ^ rst_n (in)
                                                         rst_n (net)
                      0.204653    0.000000   40.080479 ^ input4/I (gf180mcu_fd_sc_mcu7t5v0__buf_1)
     1    0.007822    0.262059    0.347917   40.428394 ^ input4/Z (gf180mcu_fd_sc_mcu7t5v0__buf_1)
                                                         net4 (net)
                      0.262059    0.000366   40.428761 ^ fanout49/I (gf180mcu_fd_sc_mcu7t5v0__dlyb_1)
     1    0.007555    0.292947    1.383430   41.812191 ^ fanout49/Z (gf180mcu_fd_sc_mcu7t5v0__dlyb_1)
                                                         net49 (net)
                      0.292947    0.000373   41.812565 ^ wire51/I (gf180mcu_fd_sc_mcu7t5v0__buf_1)
     4    0.032790    0.828461    0.704684   42.517246 ^ wire51/Z (gf180mcu_fd_sc_mcu7t5v0__buf_1)
                                                         net51 (net)
                      0.828465    0.000991   42.518238 ^ fanout41/I (gf180mcu_fd_sc_mcu7t5v0__dlyb_1)
     4    0.030787    0.793560    1.750401   44.268639 ^ fanout41/Z (gf180mcu_fd_sc_mcu7t5v0__dlyb_1)
                                                         net41 (net)
                      0.793562    0.000988   44.269627 ^ load_slew43/I (gf180mcu_fd_sc_mcu7t5v0__buf_2)
     3    0.030962    0.413246    0.500613   44.770241 ^ load_slew43/Z (gf180mcu_fd_sc_mcu7t5v0__buf_2)
                                                         net43 (net)
                      0.413248    0.001236   44.771477 ^ _238_/RN (gf180mcu_fd_sc_mcu7t5v0__dffrnq_1)
                                             44.771477   data arrival time

                                  0.000000    0.000000   clock clk (rise edge)
                                  0.000000    0.000000   clock source latency
     1    0.043337    0.298221    0.151565    0.151565 ^ clk (in)
                                                         clk (net)
                      0.298224    0.000000    0.151565 ^ clkbuf_0_clk/I (gf180mcu_fd_sc_mcu7t5v0__clkbuf_16)
     8    0.200996    0.354491    0.506933    0.658498 ^ clkbuf_0_clk/Z (gf180mcu_fd_sc_mcu7t5v0__clkbuf_16)
                                                         clknet_0_clk (net)
                      0.354528    0.005467    0.663965 ^ clkbuf_3_1__f_clk/I (gf180mcu_fd_sc_mcu7t5v0__clkbuf_16)
     6    0.038427    0.144642    0.370902    1.034866 ^ clkbuf_3_1__f_clk/Z (gf180mcu_fd_sc_mcu7t5v0__clkbuf_16)
                                                         clknet_3_1__leaf_clk (net)
                      0.144646    0.001437    1.036303 ^ _238_/CLK (gf180mcu_fd_sc_mcu7t5v0__dffrnq_1)
                                  0.250000    1.286303   clock uncertainty
                                  0.000000    1.286303   clock reconvergence pessimism
                                  0.544840    1.831144   library removal time
                                              1.831144   data required time
---------------------------------------------------------------------------------------------
                                              1.831144   data required time
                                            -44.771477   data arrival time
---------------------------------------------------------------------------------------------
                                             42.940334   slack (MET)


Startpoint: rst_n (input port clocked by clk)
Endpoint: _248_ (removal check against rising-edge clock clk)
Path Group: asynchronous
Path Type: min

Fanout         Cap        Slew       Delay        Time   Description
---------------------------------------------------------------------------------------------
                                  0.000000    0.000000   clock clk (rise edge)
                                  0.000000    0.000000   clock network delay (propagated)
                                 40.000000   40.000000 ^ input external delay
     1    0.005798    0.204653    0.080476   40.080479 ^ rst_n (in)
                                                         rst_n (net)
                      0.204653    0.000000   40.080479 ^ input4/I (gf180mcu_fd_sc_mcu7t5v0__buf_1)
     1    0.007822    0.262059    0.347917   40.428394 ^ input4/Z (gf180mcu_fd_sc_mcu7t5v0__buf_1)
                                                         net4 (net)
                      0.262059    0.000366   40.428761 ^ fanout49/I (gf180mcu_fd_sc_mcu7t5v0__dlyb_1)
     1    0.007555    0.292947    1.383430   41.812191 ^ fanout49/Z (gf180mcu_fd_sc_mcu7t5v0__dlyb_1)
                                                         net49 (net)
                      0.292947    0.000373   41.812565 ^ wire51/I (gf180mcu_fd_sc_mcu7t5v0__buf_1)
     4    0.032790    0.828461    0.704684   42.517246 ^ wire51/Z (gf180mcu_fd_sc_mcu7t5v0__buf_1)
                                                         net51 (net)
                      0.828465    0.000991   42.518238 ^ fanout41/I (gf180mcu_fd_sc_mcu7t5v0__dlyb_1)
     4    0.030787    0.793560    1.750401   44.268639 ^ fanout41/Z (gf180mcu_fd_sc_mcu7t5v0__dlyb_1)
                                                         net41 (net)
                      0.793562    0.000988   44.269627 ^ load_slew43/I (gf180mcu_fd_sc_mcu7t5v0__buf_2)
     3    0.030962    0.413246    0.500613   44.770241 ^ load_slew43/Z (gf180mcu_fd_sc_mcu7t5v0__buf_2)
                                                         net43 (net)
                      0.413247    0.000639   44.770882 ^ _248_/RN (gf180mcu_fd_sc_mcu7t5v0__dffrnq_1)
                                             44.770882   data arrival time

                                  0.000000    0.000000   clock clk (rise edge)
                                  0.000000    0.000000   clock source latency
     1    0.043337    0.298221    0.151565    0.151565 ^ clk (in)
                                                         clk (net)
                      0.298224    0.000000    0.151565 ^ clkbuf_0_clk/I (gf180mcu_fd_sc_mcu7t5v0__clkbuf_16)
     8    0.200996    0.354491    0.506933    0.658498 ^ clkbuf_0_clk/Z (gf180mcu_fd_sc_mcu7t5v0__clkbuf_16)
                                                         clknet_0_clk (net)
                      0.354508    0.003747    0.662245 ^ clkbuf_3_7__f_clk/I (gf180mcu_fd_sc_mcu7t5v0__clkbuf_16)
     6    0.032478    0.136836    0.364079    1.026324 ^ clkbuf_3_7__f_clk/Z (gf180mcu_fd_sc_mcu7t5v0__clkbuf_16)
                                                         clknet_3_7__leaf_clk (net)
                      0.136839    0.001192    1.027516 ^ _248_/CLK (gf180mcu_fd_sc_mcu7t5v0__dffrnq_1)
                                  0.250000    1.277516   clock uncertainty
                                  0.000000    1.277516   clock reconvergence pessimism
                                  0.543071    1.820587   library removal time
                                              1.820587   data required time
---------------------------------------------------------------------------------------------
                                              1.820587   data required time
                                            -44.770882   data arrival time
---------------------------------------------------------------------------------------------
                                             42.950291   slack (MET)


Startpoint: rst_n (input port clocked by clk)
Endpoint: _237_ (removal check against rising-edge clock clk)
Path Group: asynchronous
Path Type: min

Fanout         Cap        Slew       Delay        Time   Description
---------------------------------------------------------------------------------------------
                                  0.000000    0.000000   clock clk (rise edge)
                                  0.000000    0.000000   clock network delay (propagated)
                                 40.000000   40.000000 ^ input external delay
     1    0.005798    0.204653    0.080476   40.080479 ^ rst_n (in)
                                                         rst_n (net)
                      0.204653    0.000000   40.080479 ^ input4/I (gf180mcu_fd_sc_mcu7t5v0__buf_1)
     1    0.007822    0.262059    0.347917   40.428394 ^ input4/Z (gf180mcu_fd_sc_mcu7t5v0__buf_1)
                                                         net4 (net)
                      0.262059    0.000366   40.428761 ^ fanout49/I (gf180mcu_fd_sc_mcu7t5v0__dlyb_1)
     1    0.007555    0.292947    1.383430   41.812191 ^ fanout49/Z (gf180mcu_fd_sc_mcu7t5v0__dlyb_1)
                                                         net49 (net)
                      0.292947    0.000373   41.812565 ^ wire51/I (gf180mcu_fd_sc_mcu7t5v0__buf_1)
     4    0.032790    0.828461    0.704684   42.517246 ^ wire51/Z (gf180mcu_fd_sc_mcu7t5v0__buf_1)
                                                         net51 (net)
                      0.828465    0.000991   42.518238 ^ fanout41/I (gf180mcu_fd_sc_mcu7t5v0__dlyb_1)
     4    0.030787    0.793560    1.750401   44.268639 ^ fanout41/Z (gf180mcu_fd_sc_mcu7t5v0__dlyb_1)
                                                         net41 (net)
                      0.793562    0.000988   44.269627 ^ load_slew43/I (gf180mcu_fd_sc_mcu7t5v0__buf_2)
     3    0.030962    0.413246    0.500613   44.770241 ^ load_slew43/Z (gf180mcu_fd_sc_mcu7t5v0__buf_2)
                                                         net43 (net)
                      0.413248    0.001236   44.771477 ^ _237_/RN (gf180mcu_fd_sc_mcu7t5v0__dffrnq_1)
                                             44.771477   data arrival time

                                  0.000000    0.000000   clock clk (rise edge)
                                  0.000000    0.000000   clock source latency
     1    0.043337    0.298221    0.151565    0.151565 ^ clk (in)
                                                         clk (net)
                      0.298224    0.000000    0.151565 ^ clkbuf_0_clk/I (gf180mcu_fd_sc_mcu7t5v0__clkbuf_16)
     8    0.200996    0.354491    0.506933    0.658498 ^ clkbuf_0_clk/Z (gf180mcu_fd_sc_mcu7t5v0__clkbuf_16)
                                                         clknet_0_clk (net)
                      0.354508    0.003747    0.662245 ^ clkbuf_3_7__f_clk/I (gf180mcu_fd_sc_mcu7t5v0__clkbuf_16)
     6    0.032478    0.136836    0.364079    1.026324 ^ clkbuf_3_7__f_clk/Z (gf180mcu_fd_sc_mcu7t5v0__clkbuf_16)
                                                         clknet_3_7__leaf_clk (net)
                      0.136839    0.001192    1.027516 ^ _237_/CLK (gf180mcu_fd_sc_mcu7t5v0__dffrnq_1)
                                  0.250000    1.277516   clock uncertainty
                                  0.000000    1.277516   clock reconvergence pessimism
                                  0.543071    1.820588   library removal time
                                              1.820588   data required time
---------------------------------------------------------------------------------------------
                                              1.820588   data required time
                                            -44.771477   data arrival time
---------------------------------------------------------------------------------------------
                                             42.950890   slack (MET)


Startpoint: rst_n (input port clocked by clk)
Endpoint: _253_ (removal check against rising-edge clock clk)
Path Group: asynchronous
Path Type: min

Fanout         Cap        Slew       Delay        Time   Description
---------------------------------------------------------------------------------------------
                                  0.000000    0.000000   clock clk (rise edge)
                                  0.000000    0.000000   clock network delay (propagated)
                                 40.000000   40.000000 ^ input external delay
     1    0.005798    0.204653    0.080476   40.080479 ^ rst_n (in)
                                                         rst_n (net)
                      0.204653    0.000000   40.080479 ^ input4/I (gf180mcu_fd_sc_mcu7t5v0__buf_1)
     1    0.007822    0.262059    0.347917   40.428394 ^ input4/Z (gf180mcu_fd_sc_mcu7t5v0__buf_1)
                                                         net4 (net)
                      0.262059    0.000366   40.428761 ^ fanout49/I (gf180mcu_fd_sc_mcu7t5v0__dlyb_1)
     1    0.007555    0.292947    1.383430   41.812191 ^ fanout49/Z (gf180mcu_fd_sc_mcu7t5v0__dlyb_1)
                                                         net49 (net)
                      0.292947    0.000373   41.812565 ^ wire51/I (gf180mcu_fd_sc_mcu7t5v0__buf_1)
     4    0.032790    0.828461    0.704684   42.517246 ^ wire51/Z (gf180mcu_fd_sc_mcu7t5v0__buf_1)
                                                         net51 (net)
                      0.828461    0.000600   42.517849 ^ fanout45/I (gf180mcu_fd_sc_mcu7t5v0__dlyb_1)
     3    0.025288    0.672159    1.675495   44.193344 ^ fanout45/Z (gf180mcu_fd_sc_mcu7t5v0__dlyb_1)
                                                         net45 (net)
                      0.672163    0.001108   44.194450 ^ load_slew48/I (gf180mcu_fd_sc_mcu7t5v0__clkbuf_1)
     3    0.023184    0.599531    0.621526   44.815979 ^ load_slew48/Z (gf180mcu_fd_sc_mcu7t5v0__clkbuf_1)
                                                         net48 (net)
                      0.599539    0.001247   44.817226 ^ _253_/RN (gf180mcu_fd_sc_mcu7t5v0__dffrnq_1)
                                             44.817226   data arrival time

                                  0.000000    0.000000   clock clk (rise edge)
                                  0.000000    0.000000   clock source latency
     1    0.043337    0.298221    0.151565    0.151565 ^ clk (in)
                                                         clk (net)
                      0.298224    0.000000    0.151565 ^ clkbuf_0_clk/I (gf180mcu_fd_sc_mcu7t5v0__clkbuf_16)
     8    0.200996    0.354491    0.506933    0.658498 ^ clkbuf_0_clk/Z (gf180mcu_fd_sc_mcu7t5v0__clkbuf_16)
                                                         clknet_0_clk (net)
                      0.354516    0.004529    0.663027 ^ clkbuf_3_5__f_clk/I (gf180mcu_fd_sc_mcu7t5v0__clkbuf_16)
     6    0.034167    0.139054    0.366036    1.029063 ^ clkbuf_3_5__f_clk/Z (gf180mcu_fd_sc_mcu7t5v0__clkbuf_16)
                                                         clknet_3_5__leaf_clk (net)
                      0.139058    0.001207    1.030270 ^ _253_/CLK (gf180mcu_fd_sc_mcu7t5v0__dffrnq_1)
                                  0.250000    1.280270   clock uncertainty
                                  0.000000    1.280270   clock reconvergence pessimism
                                  0.572326    1.852596   library removal time
                                              1.852596   data required time
---------------------------------------------------------------------------------------------
                                              1.852596   data required time
                                            -44.817226   data arrival time
---------------------------------------------------------------------------------------------
                                             42.964630   slack (MET)


Startpoint: rst_n (input port clocked by clk)
Endpoint: _254_ (removal check against rising-edge clock clk)
Path Group: asynchronous
Path Type: min

Fanout         Cap        Slew       Delay        Time   Description
---------------------------------------------------------------------------------------------
                                  0.000000    0.000000   clock clk (rise edge)
                                  0.000000    0.000000   clock network delay (propagated)
                                 40.000000   40.000000 ^ input external delay
     1    0.005798    0.204653    0.080476   40.080479 ^ rst_n (in)
                                                         rst_n (net)
                      0.204653    0.000000   40.080479 ^ input4/I (gf180mcu_fd_sc_mcu7t5v0__buf_1)
     1    0.007822    0.262059    0.347917   40.428394 ^ input4/Z (gf180mcu_fd_sc_mcu7t5v0__buf_1)
                                                         net4 (net)
                      0.262059    0.000366   40.428761 ^ fanout49/I (gf180mcu_fd_sc_mcu7t5v0__dlyb_1)
     1    0.007555    0.292947    1.383430   41.812191 ^ fanout49/Z (gf180mcu_fd_sc_mcu7t5v0__dlyb_1)
                                                         net49 (net)
                      0.292947    0.000373   41.812565 ^ wire51/I (gf180mcu_fd_sc_mcu7t5v0__buf_1)
     4    0.032790    0.828461    0.704684   42.517246 ^ wire51/Z (gf180mcu_fd_sc_mcu7t5v0__buf_1)
                                                         net51 (net)
                      0.828461    0.000600   42.517849 ^ fanout45/I (gf180mcu_fd_sc_mcu7t5v0__dlyb_1)
     3    0.025288    0.672159    1.675495   44.193344 ^ fanout45/Z (gf180mcu_fd_sc_mcu7t5v0__dlyb_1)
                                                         net45 (net)
                      0.672163    0.001108   44.194450 ^ load_slew48/I (gf180mcu_fd_sc_mcu7t5v0__clkbuf_1)
     3    0.023184    0.599531    0.621526   44.815979 ^ load_slew48/Z (gf180mcu_fd_sc_mcu7t5v0__clkbuf_1)
                                                         net48 (net)
                      0.599539    0.001243   44.817223 ^ _254_/RN (gf180mcu_fd_sc_mcu7t5v0__dffrnq_1)
                                             44.817223   data arrival time

                                  0.000000    0.000000   clock clk (rise edge)
                                  0.000000    0.000000   clock source latency
     1    0.043337    0.298221    0.151565    0.151565 ^ clk (in)
                                                         clk (net)
                      0.298224    0.000000    0.151565 ^ clkbuf_0_clk/I (gf180mcu_fd_sc_mcu7t5v0__clkbuf_16)
     8    0.200996    0.354491    0.506933    0.658498 ^ clkbuf_0_clk/Z (gf180mcu_fd_sc_mcu7t5v0__clkbuf_16)
                                                         clknet_0_clk (net)
                      0.354516    0.004529    0.663027 ^ clkbuf_3_5__f_clk/I (gf180mcu_fd_sc_mcu7t5v0__clkbuf_16)
     6    0.034167    0.139054    0.366036    1.029063 ^ clkbuf_3_5__f_clk/Z (gf180mcu_fd_sc_mcu7t5v0__clkbuf_16)
                                                         clknet_3_5__leaf_clk (net)
                      0.139058    0.001204    1.030267 ^ _254_/CLK (gf180mcu_fd_sc_mcu7t5v0__dffrnq_1)
                                  0.250000    1.280267   clock uncertainty
                                  0.000000    1.280267   clock reconvergence pessimism
                                  0.572326    1.852593   library removal time
                                              1.852593   data required time
---------------------------------------------------------------------------------------------
                                              1.852593   data required time
                                            -44.817223   data arrival time
---------------------------------------------------------------------------------------------
                                             42.964626   slack (MET)


Startpoint: rst_n (input port clocked by clk)
Endpoint: _240_ (removal check against rising-edge clock clk)
Path Group: asynchronous
Path Type: min

Fanout         Cap        Slew       Delay        Time   Description
---------------------------------------------------------------------------------------------
                                  0.000000    0.000000   clock clk (rise edge)
                                  0.000000    0.000000   clock network delay (propagated)
                                 40.000000   40.000000 ^ input external delay
     1    0.005798    0.204653    0.080476   40.080479 ^ rst_n (in)
                                                         rst_n (net)
                      0.204653    0.000000   40.080479 ^ input4/I (gf180mcu_fd_sc_mcu7t5v0__buf_1)
     1    0.007822    0.262059    0.347917   40.428394 ^ input4/Z (gf180mcu_fd_sc_mcu7t5v0__buf_1)
                                                         net4 (net)
                      0.262059    0.000366   40.428761 ^ fanout49/I (gf180mcu_fd_sc_mcu7t5v0__dlyb_1)
     1    0.007555    0.292947    1.383430   41.812191 ^ fanout49/Z (gf180mcu_fd_sc_mcu7t5v0__dlyb_1)
                                                         net49 (net)
                      0.292947    0.000373   41.812565 ^ wire51/I (gf180mcu_fd_sc_mcu7t5v0__buf_1)
     4    0.032790    0.828461    0.704684   42.517246 ^ wire51/Z (gf180mcu_fd_sc_mcu7t5v0__buf_1)
                                                         net51 (net)
                      0.828464    0.000895   42.518143 ^ fanout37/I (gf180mcu_fd_sc_mcu7t5v0__dlyb_1)
     3    0.019403    0.545196    1.595517   44.113659 ^ fanout37/Z (gf180mcu_fd_sc_mcu7t5v0__dlyb_1)
                                                         net37 (net)
                      0.545196    0.000384   44.114044 ^ load_slew40/I (gf180mcu_fd_sc_mcu7t5v0__clkbuf_2)
     3    0.026673    0.367667    0.542602   44.656647 ^ load_slew40/Z (gf180mcu_fd_sc_mcu7t5v0__clkbuf_2)
                                                         net40 (net)
                      0.367669    0.001204   44.657848 ^ load_slew38/I (gf180mcu_fd_sc_mcu7t5v0__clkbuf_2)
     3    0.027933    0.379212    0.517218   45.175068 ^ load_slew38/Z (gf180mcu_fd_sc_mcu7t5v0__clkbuf_2)
                                                         net38 (net)
                      0.379214    0.001485   45.176552 ^ _240_/RN (gf180mcu_fd_sc_mcu7t5v0__dffrnq_1)
                                             45.176552   data arrival time

                                  0.000000    0.000000   clock clk (rise edge)
                                  0.000000    0.000000   clock source latency
     1    0.043337    0.298221    0.151565    0.151565 ^ clk (in)
                                                         clk (net)
                      0.298224    0.000000    0.151565 ^ clkbuf_0_clk/I (gf180mcu_fd_sc_mcu7t5v0__clkbuf_16)
     8    0.200996    0.354491    0.506933    0.658498 ^ clkbuf_0_clk/Z (gf180mcu_fd_sc_mcu7t5v0__clkbuf_16)
                                                         clknet_0_clk (net)
                      0.354508    0.003758    0.662256 ^ clkbuf_3_0__f_clk/I (gf180mcu_fd_sc_mcu7t5v0__clkbuf_16)
     6    0.036406    0.141994    0.368647    1.030903 ^ clkbuf_3_0__f_clk/Z (gf180mcu_fd_sc_mcu7t5v0__clkbuf_16)
                                                         clknet_3_0__leaf_clk (net)
                      0.141999    0.001333    1.032236 ^ _240_/CLK (gf180mcu_fd_sc_mcu7t5v0__dffrnq_1)
                                  0.250000    1.282236   clock uncertainty
                                  0.000000    1.282236   clock reconvergence pessimism
                                  0.538995    1.821231   library removal time
                                              1.821231   data required time
---------------------------------------------------------------------------------------------
                                              1.821231   data required time
                                            -45.176552   data arrival time
---------------------------------------------------------------------------------------------
                                             43.355324   slack (MET)


Startpoint: rst_n (input port clocked by clk)
Endpoint: _242_ (removal check against rising-edge clock clk)
Path Group: asynchronous
Path Type: min

Fanout         Cap        Slew       Delay        Time   Description
---------------------------------------------------------------------------------------------
                                  0.000000    0.000000   clock clk (rise edge)
                                  0.000000    0.000000   clock network delay (propagated)
                                 40.000000   40.000000 ^ input external delay
     1    0.005798    0.204653    0.080476   40.080479 ^ rst_n (in)
                                                         rst_n (net)
                      0.204653    0.000000   40.080479 ^ input4/I (gf180mcu_fd_sc_mcu7t5v0__buf_1)
     1    0.007822    0.262059    0.347917   40.428394 ^ input4/Z (gf180mcu_fd_sc_mcu7t5v0__buf_1)
                                                         net4 (net)
                      0.262059    0.000366   40.428761 ^ fanout49/I (gf180mcu_fd_sc_mcu7t5v0__dlyb_1)
     1    0.007555    0.292947    1.383430   41.812191 ^ fanout49/Z (gf180mcu_fd_sc_mcu7t5v0__dlyb_1)
                                                         net49 (net)
                      0.292947    0.000373   41.812565 ^ wire51/I (gf180mcu_fd_sc_mcu7t5v0__buf_1)
     4    0.032790    0.828461    0.704684   42.517246 ^ wire51/Z (gf180mcu_fd_sc_mcu7t5v0__buf_1)
                                                         net51 (net)
                      0.828464    0.000895   42.518143 ^ fanout37/I (gf180mcu_fd_sc_mcu7t5v0__dlyb_1)
     3    0.019403    0.545196    1.595517   44.113659 ^ fanout37/Z (gf180mcu_fd_sc_mcu7t5v0__dlyb_1)
                                                         net37 (net)
                      0.545196    0.000384   44.114044 ^ load_slew40/I (gf180mcu_fd_sc_mcu7t5v0__clkbuf_2)
     3    0.026673    0.367667    0.542602   44.656647 ^ load_slew40/Z (gf180mcu_fd_sc_mcu7t5v0__clkbuf_2)
                                                         net40 (net)
                      0.367669    0.001204   44.657848 ^ load_slew38/I (gf180mcu_fd_sc_mcu7t5v0__clkbuf_2)
     3    0.027933    0.379212    0.517218   45.175068 ^ load_slew38/Z (gf180mcu_fd_sc_mcu7t5v0__clkbuf_2)
                                                         net38 (net)
                      0.379214    0.001485   45.176552 ^ _242_/RN (gf180mcu_fd_sc_mcu7t5v0__dffrnq_1)
                                             45.176552   data arrival time

                                  0.000000    0.000000   clock clk (rise edge)
                                  0.000000    0.000000   clock source latency
     1    0.043337    0.298221    0.151565    0.151565 ^ clk (in)
                                                         clk (net)
                      0.298224    0.000000    0.151565 ^ clkbuf_0_clk/I (gf180mcu_fd_sc_mcu7t5v0__clkbuf_16)
     8    0.200996    0.354491    0.506933    0.658498 ^ clkbuf_0_clk/Z (gf180mcu_fd_sc_mcu7t5v0__clkbuf_16)
                                                         clknet_0_clk (net)
                      0.354508    0.003758    0.662256 ^ clkbuf_3_0__f_clk/I (gf180mcu_fd_sc_mcu7t5v0__clkbuf_16)
     6    0.036406    0.141994    0.368647    1.030903 ^ clkbuf_3_0__f_clk/Z (gf180mcu_fd_sc_mcu7t5v0__clkbuf_16)
                                                         clknet_3_0__leaf_clk (net)
                      0.141999    0.001330    1.032234 ^ _242_/CLK (gf180mcu_fd_sc_mcu7t5v0__dffrnq_1)
                                  0.250000    1.282234   clock uncertainty
                                  0.000000    1.282234   clock reconvergence pessimism
                                  0.538995    1.821229   library removal time
                                              1.821229   data required time
---------------------------------------------------------------------------------------------
                                              1.821229   data required time
                                            -45.176552   data arrival time
---------------------------------------------------------------------------------------------
                                             43.355328   slack (MET)


Startpoint: rst_n (input port clocked by clk)
Endpoint: _239_ (removal check against rising-edge clock clk)
Path Group: asynchronous
Path Type: min

Fanout         Cap        Slew       Delay        Time   Description
---------------------------------------------------------------------------------------------
                                  0.000000    0.000000   clock clk (rise edge)
                                  0.000000    0.000000   clock network delay (propagated)
                                 40.000000   40.000000 ^ input external delay
     1    0.005798    0.204653    0.080476   40.080479 ^ rst_n (in)
                                                         rst_n (net)
                      0.204653    0.000000   40.080479 ^ input4/I (gf180mcu_fd_sc_mcu7t5v0__buf_1)
     1    0.007822    0.262059    0.347917   40.428394 ^ input4/Z (gf180mcu_fd_sc_mcu7t5v0__buf_1)
                                                         net4 (net)
                      0.262059    0.000366   40.428761 ^ fanout49/I (gf180mcu_fd_sc_mcu7t5v0__dlyb_1)
     1    0.007555    0.292947    1.383430   41.812191 ^ fanout49/Z (gf180mcu_fd_sc_mcu7t5v0__dlyb_1)
                                                         net49 (net)
                      0.292947    0.000373   41.812565 ^ wire51/I (gf180mcu_fd_sc_mcu7t5v0__buf_1)
     4    0.032790    0.828461    0.704684   42.517246 ^ wire51/Z (gf180mcu_fd_sc_mcu7t5v0__buf_1)
                                                         net51 (net)
                      0.828464    0.000895   42.518143 ^ fanout37/I (gf180mcu_fd_sc_mcu7t5v0__dlyb_1)
     3    0.019403    0.545196    1.595517   44.113659 ^ fanout37/Z (gf180mcu_fd_sc_mcu7t5v0__dlyb_1)
                                                         net37 (net)
                      0.545196    0.000384   44.114044 ^ load_slew40/I (gf180mcu_fd_sc_mcu7t5v0__clkbuf_2)
     3    0.026673    0.367667    0.542602   44.656647 ^ load_slew40/Z (gf180mcu_fd_sc_mcu7t5v0__clkbuf_2)
                                                         net40 (net)
                      0.367669    0.001204   44.657848 ^ load_slew38/I (gf180mcu_fd_sc_mcu7t5v0__clkbuf_2)
     3    0.027933    0.379212    0.517218   45.175068 ^ load_slew38/Z (gf180mcu_fd_sc_mcu7t5v0__clkbuf_2)
                                                         net38 (net)
                      0.379214    0.001489   45.176556 ^ _239_/RN (gf180mcu_fd_sc_mcu7t5v0__dffrnq_1)
                                             45.176556   data arrival time

                                  0.000000    0.000000   clock clk (rise edge)
                                  0.000000    0.000000   clock source latency
     1    0.043337    0.298221    0.151565    0.151565 ^ clk (in)
                                                         clk (net)
                      0.298224    0.000000    0.151565 ^ clkbuf_0_clk/I (gf180mcu_fd_sc_mcu7t5v0__clkbuf_16)
     8    0.200996    0.354491    0.506933    0.658498 ^ clkbuf_0_clk/Z (gf180mcu_fd_sc_mcu7t5v0__clkbuf_16)
                                                         clknet_0_clk (net)
                      0.354508    0.003758    0.662256 ^ clkbuf_3_0__f_clk/I (gf180mcu_fd_sc_mcu7t5v0__clkbuf_16)
     6    0.036406    0.141994    0.368647    1.030903 ^ clkbuf_3_0__f_clk/Z (gf180mcu_fd_sc_mcu7t5v0__clkbuf_16)
                                                         clknet_3_0__leaf_clk (net)
                      0.141995    0.000659    1.031563 ^ _239_/CLK (gf180mcu_fd_sc_mcu7t5v0__dffrnq_1)
                                  0.250000    1.281563   clock uncertainty
                                  0.000000    1.281563   clock reconvergence pessimism
                                  0.538994    1.820557   library removal time
                                              1.820557   data required time
---------------------------------------------------------------------------------------------
                                              1.820557   data required time
                                            -45.176556   data arrival time
---------------------------------------------------------------------------------------------
                                             43.356003   slack (MET)


Startpoint: rst_n (input port clocked by clk)
Endpoint: _226_ (removal check against rising-edge clock clk)
Path Group: asynchronous
Path Type: min

Fanout         Cap        Slew       Delay        Time   Description
---------------------------------------------------------------------------------------------
                                  0.000000    0.000000   clock clk (rise edge)
                                  0.000000    0.000000   clock network delay (propagated)
                                 40.000000   40.000000 ^ input external delay
     1    0.005798    0.204653    0.080476   40.080479 ^ rst_n (in)
                                                         rst_n (net)
                      0.204653    0.000000   40.080479 ^ input4/I (gf180mcu_fd_sc_mcu7t5v0__buf_1)
     1    0.007822    0.262059    0.347917   40.428394 ^ input4/Z (gf180mcu_fd_sc_mcu7t5v0__buf_1)
                                                         net4 (net)
                      0.262059    0.000366   40.428761 ^ fanout49/I (gf180mcu_fd_sc_mcu7t5v0__dlyb_1)
     1    0.007555    0.292947    1.383430   41.812191 ^ fanout49/Z (gf180mcu_fd_sc_mcu7t5v0__dlyb_1)
                                                         net49 (net)
                      0.292947    0.000373   41.812565 ^ wire51/I (gf180mcu_fd_sc_mcu7t5v0__buf_1)
     4    0.032790    0.828461    0.704684   42.517246 ^ wire51/Z (gf180mcu_fd_sc_mcu7t5v0__buf_1)
                                                         net51 (net)
                      0.828465    0.000991   42.518238 ^ fanout41/I (gf180mcu_fd_sc_mcu7t5v0__dlyb_1)
     4    0.030787    0.793560    1.750401   44.268639 ^ fanout41/Z (gf180mcu_fd_sc_mcu7t5v0__dlyb_1)
                                                         net41 (net)
                      0.793562    0.000981   44.269619 ^ load_slew44/I (gf180mcu_fd_sc_mcu7t5v0__buf_2)
     3    0.024947    0.344743    0.460158   44.729778 ^ load_slew44/Z (gf180mcu_fd_sc_mcu7t5v0__buf_2)
                                                         net44 (net)
                      0.344744    0.000952   44.730732 ^ load_slew42/I (gf180mcu_fd_sc_mcu7t5v0__clkbuf_2)
     3    0.027773    0.377943    0.512330   45.243061 ^ load_slew42/Z (gf180mcu_fd_sc_mcu7t5v0__clkbuf_2)
                                                         net42 (net)
                      0.377943    0.000590   45.243649 ^ _226_/RN (gf180mcu_fd_sc_mcu7t5v0__dffrnq_1)
                                             45.243649   data arrival time

                                  0.000000    0.000000   clock clk (rise edge)
                                  0.000000    0.000000   clock source latency
     1    0.043337    0.298221    0.151565    0.151565 ^ clk (in)
                                                         clk (net)
                      0.298224    0.000000    0.151565 ^ clkbuf_0_clk/I (gf180mcu_fd_sc_mcu7t5v0__clkbuf_16)
     8    0.200996    0.354491    0.506933    0.658498 ^ clkbuf_0_clk/Z (gf180mcu_fd_sc_mcu7t5v0__clkbuf_16)
                                                         clknet_0_clk (net)
                      0.354508    0.003748    0.662246 ^ clkbuf_3_6__f_clk/I (gf180mcu_fd_sc_mcu7t5v0__clkbuf_16)
     6    0.030645    0.134423    0.362075    1.024321 ^ clkbuf_3_6__f_clk/Z (gf180mcu_fd_sc_mcu7t5v0__clkbuf_16)
                                                         clknet_3_6__leaf_clk (net)
                      0.134423    0.000560    1.024881 ^ _226_/CLK (gf180mcu_fd_sc_mcu7t5v0__dffrnq_1)
                                  0.250000    1.274881   clock uncertainty
                                  0.000000    1.274881   clock reconvergence pessimism
                                  0.537063    1.811944   library removal time
                                              1.811944   data required time
---------------------------------------------------------------------------------------------
                                              1.811944   data required time
                                            -45.243649   data arrival time
---------------------------------------------------------------------------------------------
                                             43.431705   slack (MET)


Startpoint: rst_n (input port clocked by clk)
Endpoint: _227_ (removal check against rising-edge clock clk)
Path Group: asynchronous
Path Type: min

Fanout         Cap        Slew       Delay        Time   Description
---------------------------------------------------------------------------------------------
                                  0.000000    0.000000   clock clk (rise edge)
                                  0.000000    0.000000   clock network delay (propagated)
                                 40.000000   40.000000 ^ input external delay
     1    0.005798    0.204653    0.080476   40.080479 ^ rst_n (in)
                                                         rst_n (net)
                      0.204653    0.000000   40.080479 ^ input4/I (gf180mcu_fd_sc_mcu7t5v0__buf_1)
     1    0.007822    0.262059    0.347917   40.428394 ^ input4/Z (gf180mcu_fd_sc_mcu7t5v0__buf_1)
                                                         net4 (net)
                      0.262059    0.000366   40.428761 ^ fanout49/I (gf180mcu_fd_sc_mcu7t5v0__dlyb_1)
     1    0.007555    0.292947    1.383430   41.812191 ^ fanout49/Z (gf180mcu_fd_sc_mcu7t5v0__dlyb_1)
                                                         net49 (net)
                      0.292947    0.000373   41.812565 ^ wire51/I (gf180mcu_fd_sc_mcu7t5v0__buf_1)
     4    0.032790    0.828461    0.704684   42.517246 ^ wire51/Z (gf180mcu_fd_sc_mcu7t5v0__buf_1)
                                                         net51 (net)
                      0.828465    0.000991   42.518238 ^ fanout41/I (gf180mcu_fd_sc_mcu7t5v0__dlyb_1)
     4    0.030787    0.793560    1.750401   44.268639 ^ fanout41/Z (gf180mcu_fd_sc_mcu7t5v0__dlyb_1)
                                                         net41 (net)
                      0.793562    0.000981   44.269619 ^ load_slew44/I (gf180mcu_fd_sc_mcu7t5v0__buf_2)
     3    0.024947    0.344743    0.460158   44.729778 ^ load_slew44/Z (gf180mcu_fd_sc_mcu7t5v0__buf_2)
                                                         net44 (net)
                      0.344744    0.000952   44.730732 ^ load_slew42/I (gf180mcu_fd_sc_mcu7t5v0__clkbuf_2)
     3    0.027773    0.377943    0.512330   45.243061 ^ load_slew42/Z (gf180mcu_fd_sc_mcu7t5v0__clkbuf_2)
                                                         net42 (net)
                      0.377943    0.000590   45.243649 ^ _227_/RN (gf180mcu_fd_sc_mcu7t5v0__dffrnq_1)
                                             45.243649   data arrival time

                                  0.000000    0.000000   clock clk (rise edge)
                                  0.000000    0.000000   clock source latency
     1    0.043337    0.298221    0.151565    0.151565 ^ clk (in)
                                                         clk (net)
                      0.298224    0.000000    0.151565 ^ clkbuf_0_clk/I (gf180mcu_fd_sc_mcu7t5v0__clkbuf_16)
     8    0.200996    0.354491    0.506933    0.658498 ^ clkbuf_0_clk/Z (gf180mcu_fd_sc_mcu7t5v0__clkbuf_16)
                                                         clknet_0_clk (net)
                      0.354508    0.003748    0.662246 ^ clkbuf_3_6__f_clk/I (gf180mcu_fd_sc_mcu7t5v0__clkbuf_16)
     6    0.030645    0.134423    0.362075    1.024321 ^ clkbuf_3_6__f_clk/Z (gf180mcu_fd_sc_mcu7t5v0__clkbuf_16)
                                                         clknet_3_6__leaf_clk (net)
                      0.134423    0.000562    1.024882 ^ _227_/CLK (gf180mcu_fd_sc_mcu7t5v0__dffrnq_1)
                                  0.250000    1.274882   clock uncertainty
                                  0.000000    1.274882   clock reconvergence pessimism
                                  0.537063    1.811946   library removal time
                                              1.811946   data required time
---------------------------------------------------------------------------------------------
                                              1.811946   data required time
                                            -45.243649   data arrival time
---------------------------------------------------------------------------------------------
                                             43.431705   slack (MET)


Startpoint: rst_n (input port clocked by clk)
Endpoint: _228_ (removal check against rising-edge clock clk)
Path Group: asynchronous
Path Type: min

Fanout         Cap        Slew       Delay        Time   Description
---------------------------------------------------------------------------------------------
                                  0.000000    0.000000   clock clk (rise edge)
                                  0.000000    0.000000   clock network delay (propagated)
                                 40.000000   40.000000 ^ input external delay
     1    0.005798    0.204653    0.080476   40.080479 ^ rst_n (in)
                                                         rst_n (net)
                      0.204653    0.000000   40.080479 ^ input4/I (gf180mcu_fd_sc_mcu7t5v0__buf_1)
     1    0.007822    0.262059    0.347917   40.428394 ^ input4/Z (gf180mcu_fd_sc_mcu7t5v0__buf_1)
                                                         net4 (net)
                      0.262059    0.000366   40.428761 ^ fanout49/I (gf180mcu_fd_sc_mcu7t5v0__dlyb_1)
     1    0.007555    0.292947    1.383430   41.812191 ^ fanout49/Z (gf180mcu_fd_sc_mcu7t5v0__dlyb_1)
                                                         net49 (net)
                      0.292947    0.000373   41.812565 ^ wire51/I (gf180mcu_fd_sc_mcu7t5v0__buf_1)
     4    0.032790    0.828461    0.704684   42.517246 ^ wire51/Z (gf180mcu_fd_sc_mcu7t5v0__buf_1)
                                                         net51 (net)
                      0.828465    0.000991   42.518238 ^ fanout41/I (gf180mcu_fd_sc_mcu7t5v0__dlyb_1)
     4    0.030787    0.793560    1.750401   44.268639 ^ fanout41/Z (gf180mcu_fd_sc_mcu7t5v0__dlyb_1)
                                                         net41 (net)
                      0.793562    0.000981   44.269619 ^ load_slew44/I (gf180mcu_fd_sc_mcu7t5v0__buf_2)
     3    0.024947    0.344743    0.460158   44.729778 ^ load_slew44/Z (gf180mcu_fd_sc_mcu7t5v0__buf_2)
                                                         net44 (net)
                      0.344744    0.000952   44.730732 ^ load_slew42/I (gf180mcu_fd_sc_mcu7t5v0__clkbuf_2)
     3    0.027773    0.377943    0.512330   45.243061 ^ load_slew42/Z (gf180mcu_fd_sc_mcu7t5v0__clkbuf_2)
                                                         net42 (net)
                      0.377943    0.000590   45.243649 ^ _228_/RN (gf180mcu_fd_sc_mcu7t5v0__dffrnq_1)
                                             45.243649   data arrival time

                                  0.000000    0.000000   clock clk (rise edge)
                                  0.000000    0.000000   clock source latency
     1    0.043337    0.298221    0.151565    0.151565 ^ clk (in)
                                                         clk (net)
                      0.298224    0.000000    0.151565 ^ clkbuf_0_clk/I (gf180mcu_fd_sc_mcu7t5v0__clkbuf_16)
     8    0.200996    0.354491    0.506933    0.658498 ^ clkbuf_0_clk/Z (gf180mcu_fd_sc_mcu7t5v0__clkbuf_16)
                                                         clknet_0_clk (net)
                      0.354508    0.003748    0.662246 ^ clkbuf_3_6__f_clk/I (gf180mcu_fd_sc_mcu7t5v0__clkbuf_16)
     6    0.030645    0.134423    0.362075    1.024321 ^ clkbuf_3_6__f_clk/Z (gf180mcu_fd_sc_mcu7t5v0__clkbuf_16)
                                                         clknet_3_6__leaf_clk (net)
                      0.134423    0.000562    1.024883 ^ _228_/CLK (gf180mcu_fd_sc_mcu7t5v0__dffrnq_1)
                                  0.250000    1.274883   clock uncertainty
                                  0.000000    1.274883   clock reconvergence pessimism
                                  0.537063    1.811947   library removal time
                                              1.811947   data required time
---------------------------------------------------------------------------------------------
                                              1.811947   data required time
                                            -45.243649   data arrival time
---------------------------------------------------------------------------------------------
                                             43.431702   slack (MET)


Startpoint: rst_n (input port clocked by clk)
Endpoint: _249_ (removal check against rising-edge clock clk)
Path Group: asynchronous
Path Type: min

Fanout         Cap        Slew       Delay        Time   Description
---------------------------------------------------------------------------------------------
                                  0.000000    0.000000   clock clk (rise edge)
                                  0.000000    0.000000   clock network delay (propagated)
                                 40.000000   40.000000 ^ input external delay
     1    0.005798    0.204653    0.080476   40.080479 ^ rst_n (in)
                                                         rst_n (net)
                      0.204653    0.000000   40.080479 ^ input4/I (gf180mcu_fd_sc_mcu7t5v0__buf_1)
     1    0.007822    0.262059    0.347917   40.428394 ^ input4/Z (gf180mcu_fd_sc_mcu7t5v0__buf_1)
                                                         net4 (net)
                      0.262059    0.000366   40.428761 ^ fanout49/I (gf180mcu_fd_sc_mcu7t5v0__dlyb_1)
     1    0.007555    0.292947    1.383430   41.812191 ^ fanout49/Z (gf180mcu_fd_sc_mcu7t5v0__dlyb_1)
                                                         net49 (net)
                      0.292947    0.000373   41.812565 ^ wire51/I (gf180mcu_fd_sc_mcu7t5v0__buf_1)
     4    0.032790    0.828461    0.704684   42.517246 ^ wire51/Z (gf180mcu_fd_sc_mcu7t5v0__buf_1)
                                                         net51 (net)
                      0.828461    0.000600   42.517849 ^ fanout45/I (gf180mcu_fd_sc_mcu7t5v0__dlyb_1)
     3    0.025288    0.672159    1.675495   44.193344 ^ fanout45/Z (gf180mcu_fd_sc_mcu7t5v0__dlyb_1)
                                                         net45 (net)
                      0.672163    0.001108   44.194450 ^ load_slew48/I (gf180mcu_fd_sc_mcu7t5v0__clkbuf_1)
     3    0.023184    0.599531    0.621526   44.815979 ^ load_slew48/Z (gf180mcu_fd_sc_mcu7t5v0__clkbuf_1)
                                                         net48 (net)
                      0.599538    0.001187   44.817165 ^ load_slew47/I (gf180mcu_fd_sc_mcu7t5v0__clkbuf_2)
     4    0.030817    0.414774    0.581142   45.398308 ^ load_slew47/Z (gf180mcu_fd_sc_mcu7t5v0__clkbuf_2)
                                                         net47 (net)
                      0.414775    0.000639   45.398945 ^ _249_/RN (gf180mcu_fd_sc_mcu7t5v0__dffrnq_1)
                                             45.398945   data arrival time

                                  0.000000    0.000000   clock clk (rise edge)
                                  0.000000    0.000000   clock source latency
     1    0.043337    0.298221    0.151565    0.151565 ^ clk (in)
                                                         clk (net)
                      0.298224    0.000000    0.151565 ^ clkbuf_0_clk/I (gf180mcu_fd_sc_mcu7t5v0__clkbuf_16)
     8    0.200996    0.354491    0.506933    0.658498 ^ clkbuf_0_clk/Z (gf180mcu_fd_sc_mcu7t5v0__clkbuf_16)
                                                         clknet_0_clk (net)
                      0.354528    0.005469    0.663967 ^ clkbuf_3_4__f_clk/I (gf180mcu_fd_sc_mcu7t5v0__clkbuf_16)
     6    0.032487    0.136846    0.364124    1.028092 ^ clkbuf_3_4__f_clk/Z (gf180mcu_fd_sc_mcu7t5v0__clkbuf_16)
                                                         clknet_3_4__leaf_clk (net)
                      0.136849    0.001085    1.029177 ^ _249_/CLK (gf180mcu_fd_sc_mcu7t5v0__dffrnq_1)
                                  0.250000    1.279177   clock uncertainty
                                  0.000000    1.279177   clock reconvergence pessimism
                                  0.543310    1.822487   library removal time
                                              1.822487   data required time
---------------------------------------------------------------------------------------------
                                              1.822487   data required time
                                            -45.398945   data arrival time
---------------------------------------------------------------------------------------------
                                             43.576462   slack (MET)


Startpoint: rst_n (input port clocked by clk)
Endpoint: _250_ (removal check against rising-edge clock clk)
Path Group: asynchronous
Path Type: min

Fanout         Cap        Slew       Delay        Time   Description
---------------------------------------------------------------------------------------------
                                  0.000000    0.000000   clock clk (rise edge)
                                  0.000000    0.000000   clock network delay (propagated)
                                 40.000000   40.000000 ^ input external delay
     1    0.005798    0.204653    0.080476   40.080479 ^ rst_n (in)
                                                         rst_n (net)
                      0.204653    0.000000   40.080479 ^ input4/I (gf180mcu_fd_sc_mcu7t5v0__buf_1)
     1    0.007822    0.262059    0.347917   40.428394 ^ input4/Z (gf180mcu_fd_sc_mcu7t5v0__buf_1)
                                                         net4 (net)
                      0.262059    0.000366   40.428761 ^ fanout49/I (gf180mcu_fd_sc_mcu7t5v0__dlyb_1)
     1    0.007555    0.292947    1.383430   41.812191 ^ fanout49/Z (gf180mcu_fd_sc_mcu7t5v0__dlyb_1)
                                                         net49 (net)
                      0.292947    0.000373   41.812565 ^ wire51/I (gf180mcu_fd_sc_mcu7t5v0__buf_1)
     4    0.032790    0.828461    0.704684   42.517246 ^ wire51/Z (gf180mcu_fd_sc_mcu7t5v0__buf_1)
                                                         net51 (net)
                      0.828461    0.000600   42.517849 ^ fanout45/I (gf180mcu_fd_sc_mcu7t5v0__dlyb_1)
     3    0.025288    0.672159    1.675495   44.193344 ^ fanout45/Z (gf180mcu_fd_sc_mcu7t5v0__dlyb_1)
                                                         net45 (net)
                      0.672163    0.001108   44.194450 ^ load_slew48/I (gf180mcu_fd_sc_mcu7t5v0__clkbuf_1)
     3    0.023184    0.599531    0.621526   44.815979 ^ load_slew48/Z (gf180mcu_fd_sc_mcu7t5v0__clkbuf_1)
                                                         net48 (net)
                      0.599538    0.001187   44.817165 ^ load_slew47/I (gf180mcu_fd_sc_mcu7t5v0__clkbuf_2)
     4    0.030817    0.414774    0.581142   45.398308 ^ load_slew47/Z (gf180mcu_fd_sc_mcu7t5v0__clkbuf_2)
                                                         net47 (net)
                      0.414775    0.000639   45.398945 ^ _250_/RN (gf180mcu_fd_sc_mcu7t5v0__dffrnq_1)
                                             45.398945   data arrival time

                                  0.000000    0.000000   clock clk (rise edge)
                                  0.000000    0.000000   clock source latency
     1    0.043337    0.298221    0.151565    0.151565 ^ clk (in)
                                                         clk (net)
                      0.298224    0.000000    0.151565 ^ clkbuf_0_clk/I (gf180mcu_fd_sc_mcu7t5v0__clkbuf_16)
     8    0.200996    0.354491    0.506933    0.658498 ^ clkbuf_0_clk/Z (gf180mcu_fd_sc_mcu7t5v0__clkbuf_16)
                                                         clknet_0_clk (net)
                      0.354528    0.005469    0.663967 ^ clkbuf_3_4__f_clk/I (gf180mcu_fd_sc_mcu7t5v0__clkbuf_16)
     6    0.032487    0.136846    0.364124    1.028092 ^ clkbuf_3_4__f_clk/Z (gf180mcu_fd_sc_mcu7t5v0__clkbuf_16)
                                                         clknet_3_4__leaf_clk (net)
                      0.136849    0.001085    1.029177 ^ _250_/CLK (gf180mcu_fd_sc_mcu7t5v0__dffrnq_1)
                                  0.250000    1.279177   clock uncertainty
                                  0.000000    1.279177   clock reconvergence pessimism
                                  0.543310    1.822486   library removal time
                                              1.822486   data required time
---------------------------------------------------------------------------------------------
                                              1.822486   data required time
                                            -45.398945   data arrival time
---------------------------------------------------------------------------------------------
                                             43.576462   slack (MET)


Startpoint: rst_n (input port clocked by clk)
Endpoint: _251_ (removal check against rising-edge clock clk)
Path Group: asynchronous
Path Type: min

Fanout         Cap        Slew       Delay        Time   Description
---------------------------------------------------------------------------------------------
                                  0.000000    0.000000   clock clk (rise edge)
                                  0.000000    0.000000   clock network delay (propagated)
                                 40.000000   40.000000 ^ input external delay
     1    0.005798    0.204653    0.080476   40.080479 ^ rst_n (in)
                                                         rst_n (net)
                      0.204653    0.000000   40.080479 ^ input4/I (gf180mcu_fd_sc_mcu7t5v0__buf_1)
     1    0.007822    0.262059    0.347917   40.428394 ^ input4/Z (gf180mcu_fd_sc_mcu7t5v0__buf_1)
                                                         net4 (net)
                      0.262059    0.000366   40.428761 ^ fanout49/I (gf180mcu_fd_sc_mcu7t5v0__dlyb_1)
     1    0.007555    0.292947    1.383430   41.812191 ^ fanout49/Z (gf180mcu_fd_sc_mcu7t5v0__dlyb_1)
                                                         net49 (net)
                      0.292947    0.000373   41.812565 ^ wire51/I (gf180mcu_fd_sc_mcu7t5v0__buf_1)
     4    0.032790    0.828461    0.704684   42.517246 ^ wire51/Z (gf180mcu_fd_sc_mcu7t5v0__buf_1)
                                                         net51 (net)
                      0.828461    0.000600   42.517849 ^ fanout45/I (gf180mcu_fd_sc_mcu7t5v0__dlyb_1)
     3    0.025288    0.672159    1.675495   44.193344 ^ fanout45/Z (gf180mcu_fd_sc_mcu7t5v0__dlyb_1)
                                                         net45 (net)
                      0.672163    0.001108   44.194450 ^ load_slew48/I (gf180mcu_fd_sc_mcu7t5v0__clkbuf_1)
     3    0.023184    0.599531    0.621526   44.815979 ^ load_slew48/Z (gf180mcu_fd_sc_mcu7t5v0__clkbuf_1)
                                                         net48 (net)
                      0.599538    0.001187   44.817165 ^ load_slew47/I (gf180mcu_fd_sc_mcu7t5v0__clkbuf_2)
     4    0.030817    0.414774    0.581142   45.398308 ^ load_slew47/Z (gf180mcu_fd_sc_mcu7t5v0__clkbuf_2)
                                                         net47 (net)
                      0.414775    0.000643   45.398949 ^ _251_/RN (gf180mcu_fd_sc_mcu7t5v0__dffrnq_1)
                                             45.398949   data arrival time

                                  0.000000    0.000000   clock clk (rise edge)
                                  0.000000    0.000000   clock source latency
     1    0.043337    0.298221    0.151565    0.151565 ^ clk (in)
                                                         clk (net)
                      0.298224    0.000000    0.151565 ^ clkbuf_0_clk/I (gf180mcu_fd_sc_mcu7t5v0__clkbuf_16)
     8    0.200996    0.354491    0.506933    0.658498 ^ clkbuf_0_clk/Z (gf180mcu_fd_sc_mcu7t5v0__clkbuf_16)
                                                         clknet_0_clk (net)
                      0.354528    0.005469    0.663967 ^ clkbuf_3_4__f_clk/I (gf180mcu_fd_sc_mcu7t5v0__clkbuf_16)
     6    0.032487    0.136846    0.364124    1.028092 ^ clkbuf_3_4__f_clk/Z (gf180mcu_fd_sc_mcu7t5v0__clkbuf_16)
                                                         clknet_3_4__leaf_clk (net)
                      0.136849    0.001104    1.029196 ^ _251_/CLK (gf180mcu_fd_sc_mcu7t5v0__dffrnq_1)
                                  0.250000    1.279196   clock uncertainty
                                  0.000000    1.279196   clock reconvergence pessimism
                                  0.543310    1.822505   library removal time
                                              1.822505   data required time
---------------------------------------------------------------------------------------------
                                              1.822505   data required time
                                            -45.398949   data arrival time
---------------------------------------------------------------------------------------------
                                             43.576443   slack (MET)


Startpoint: rst_n (input port clocked by clk)
Endpoint: _235_ (removal check against rising-edge clock clk)
Path Group: asynchronous
Path Type: min

Fanout         Cap        Slew       Delay        Time   Description
---------------------------------------------------------------------------------------------
                                  0.000000    0.000000   clock clk (rise edge)
                                  0.000000    0.000000   clock network delay (propagated)
                                 40.000000   40.000000 ^ input external delay
     1    0.005798    0.204653    0.080476   40.080479 ^ rst_n (in)
                                                         rst_n (net)
                      0.204653    0.000000   40.080479 ^ input4/I (gf180mcu_fd_sc_mcu7t5v0__buf_1)
     1    0.007822    0.262059    0.347917   40.428394 ^ input4/Z (gf180mcu_fd_sc_mcu7t5v0__buf_1)
                                                         net4 (net)
                      0.262059    0.000366   40.428761 ^ fanout49/I (gf180mcu_fd_sc_mcu7t5v0__dlyb_1)
     1    0.007555    0.292947    1.383430   41.812191 ^ fanout49/Z (gf180mcu_fd_sc_mcu7t5v0__dlyb_1)
                                                         net49 (net)
                      0.292947    0.000373   41.812565 ^ wire51/I (gf180mcu_fd_sc_mcu7t5v0__buf_1)
     4    0.032790    0.828461    0.704684   42.517246 ^ wire51/Z (gf180mcu_fd_sc_mcu7t5v0__buf_1)
                                                         net51 (net)
                      0.828461    0.000600   42.517849 ^ fanout45/I (gf180mcu_fd_sc_mcu7t5v0__dlyb_1)
     3    0.025288    0.672159    1.675495   44.193344 ^ fanout45/Z (gf180mcu_fd_sc_mcu7t5v0__dlyb_1)
                                                         net45 (net)
                      0.672163    0.001108   44.194450 ^ load_slew48/I (gf180mcu_fd_sc_mcu7t5v0__clkbuf_1)
     3    0.023184    0.599531    0.621526   44.815979 ^ load_slew48/Z (gf180mcu_fd_sc_mcu7t5v0__clkbuf_1)
                                                         net48 (net)
                      0.599538    0.001187   44.817165 ^ load_slew47/I (gf180mcu_fd_sc_mcu7t5v0__clkbuf_2)
     4    0.030817    0.414774    0.581142   45.398308 ^ load_slew47/Z (gf180mcu_fd_sc_mcu7t5v0__clkbuf_2)
                                                         net47 (net)
                      0.414775    0.000753   45.399059 ^ load_slew46/I (gf180mcu_fd_sc_mcu7t5v0__clkbuf_2)
     3    0.029866    0.401834    0.539313   45.938374 ^ load_slew46/Z (gf180mcu_fd_sc_mcu7t5v0__clkbuf_2)
                                                         net46 (net)
                      0.401836    0.001354   45.939728 ^ _235_/RN (gf180mcu_fd_sc_mcu7t5v0__dffrnq_1)
                                             45.939728   data arrival time

                                  0.000000    0.000000   clock clk (rise edge)
                                  0.000000    0.000000   clock source latency
     1    0.043337    0.298221    0.151565    0.151565 ^ clk (in)
                                                         clk (net)
                      0.298224    0.000000    0.151565 ^ clkbuf_0_clk/I (gf180mcu_fd_sc_mcu7t5v0__clkbuf_16)
     8    0.200996    0.354491    0.506933    0.658498 ^ clkbuf_0_clk/Z (gf180mcu_fd_sc_mcu7t5v0__clkbuf_16)
                                                         clknet_0_clk (net)
                      0.354528    0.005467    0.663965 ^ clkbuf_3_1__f_clk/I (gf180mcu_fd_sc_mcu7t5v0__clkbuf_16)
     6    0.038427    0.144642    0.370902    1.034866 ^ clkbuf_3_1__f_clk/Z (gf180mcu_fd_sc_mcu7t5v0__clkbuf_16)
                                                         clknet_3_1__leaf_clk (net)
                      0.144647    0.001488    1.036355 ^ _235_/CLK (gf180mcu_fd_sc_mcu7t5v0__dffrnq_1)
                                  0.250000    1.286355   clock uncertainty
                                  0.000000    1.286355   clock reconvergence pessimism
                                  0.543084    1.829438   library removal time
                                              1.829438   data required time
---------------------------------------------------------------------------------------------
                                              1.829438   data required time
                                            -45.939728   data arrival time
---------------------------------------------------------------------------------------------
                                             44.110287   slack (MET)


Startpoint: rst_n (input port clocked by clk)
Endpoint: _236_ (removal check against rising-edge clock clk)
Path Group: asynchronous
Path Type: min

Fanout         Cap        Slew       Delay        Time   Description
---------------------------------------------------------------------------------------------
                                  0.000000    0.000000   clock clk (rise edge)
                                  0.000000    0.000000   clock network delay (propagated)
                                 40.000000   40.000000 ^ input external delay
     1    0.005798    0.204653    0.080476   40.080479 ^ rst_n (in)
                                                         rst_n (net)
                      0.204653    0.000000   40.080479 ^ input4/I (gf180mcu_fd_sc_mcu7t5v0__buf_1)
     1    0.007822    0.262059    0.347917   40.428394 ^ input4/Z (gf180mcu_fd_sc_mcu7t5v0__buf_1)
                                                         net4 (net)
                      0.262059    0.000366   40.428761 ^ fanout49/I (gf180mcu_fd_sc_mcu7t5v0__dlyb_1)
     1    0.007555    0.292947    1.383430   41.812191 ^ fanout49/Z (gf180mcu_fd_sc_mcu7t5v0__dlyb_1)
                                                         net49 (net)
                      0.292947    0.000373   41.812565 ^ wire51/I (gf180mcu_fd_sc_mcu7t5v0__buf_1)
     4    0.032790    0.828461    0.704684   42.517246 ^ wire51/Z (gf180mcu_fd_sc_mcu7t5v0__buf_1)
                                                         net51 (net)
                      0.828461    0.000600   42.517849 ^ fanout45/I (gf180mcu_fd_sc_mcu7t5v0__dlyb_1)
     3    0.025288    0.672159    1.675495   44.193344 ^ fanout45/Z (gf180mcu_fd_sc_mcu7t5v0__dlyb_1)
                                                         net45 (net)
                      0.672163    0.001108   44.194450 ^ load_slew48/I (gf180mcu_fd_sc_mcu7t5v0__clkbuf_1)
     3    0.023184    0.599531    0.621526   44.815979 ^ load_slew48/Z (gf180mcu_fd_sc_mcu7t5v0__clkbuf_1)
                                                         net48 (net)
                      0.599538    0.001187   44.817165 ^ load_slew47/I (gf180mcu_fd_sc_mcu7t5v0__clkbuf_2)
     4    0.030817    0.414774    0.581142   45.398308 ^ load_slew47/Z (gf180mcu_fd_sc_mcu7t5v0__clkbuf_2)
                                                         net47 (net)
                      0.414775    0.000753   45.399059 ^ load_slew46/I (gf180mcu_fd_sc_mcu7t5v0__clkbuf_2)
     3    0.029866    0.401834    0.539313   45.938374 ^ load_slew46/Z (gf180mcu_fd_sc_mcu7t5v0__clkbuf_2)
                                                         net46 (net)
                      0.401836    0.001354   45.939728 ^ _236_/RN (gf180mcu_fd_sc_mcu7t5v0__dffrnq_1)
                                             45.939728   data arrival time

                                  0.000000    0.000000   clock clk (rise edge)
                                  0.000000    0.000000   clock source latency
     1    0.043337    0.298221    0.151565    0.151565 ^ clk (in)
                                                         clk (net)
                      0.298224    0.000000    0.151565 ^ clkbuf_0_clk/I (gf180mcu_fd_sc_mcu7t5v0__clkbuf_16)
     8    0.200996    0.354491    0.506933    0.658498 ^ clkbuf_0_clk/Z (gf180mcu_fd_sc_mcu7t5v0__clkbuf_16)
                                                         clknet_0_clk (net)
                      0.354528    0.005469    0.663967 ^ clkbuf_3_4__f_clk/I (gf180mcu_fd_sc_mcu7t5v0__clkbuf_16)
     6    0.032487    0.136846    0.364124    1.028092 ^ clkbuf_3_4__f_clk/Z (gf180mcu_fd_sc_mcu7t5v0__clkbuf_16)
                                                         clknet_3_4__leaf_clk (net)
                      0.136847    0.000732    1.028823 ^ _236_/CLK (gf180mcu_fd_sc_mcu7t5v0__dffrnq_1)
                                  0.250000    1.278823   clock uncertainty
                                  0.000000    1.278823   clock reconvergence pessimism
                                  0.541310    1.820134   library removal time
                                              1.820134   data required time
---------------------------------------------------------------------------------------------
                                              1.820134   data required time
                                            -45.939728   data arrival time
---------------------------------------------------------------------------------------------
                                             44.119595   slack (MET)


Startpoint: rst_n (input port clocked by clk)
Endpoint: _252_ (removal check against rising-edge clock clk)
Path Group: asynchronous
Path Type: min

Fanout         Cap        Slew       Delay        Time   Description
---------------------------------------------------------------------------------------------
                                  0.000000    0.000000   clock clk (rise edge)
                                  0.000000    0.000000   clock network delay (propagated)
                                 40.000000   40.000000 ^ input external delay
     1    0.005798    0.204653    0.080476   40.080479 ^ rst_n (in)
                                                         rst_n (net)
                      0.204653    0.000000   40.080479 ^ input4/I (gf180mcu_fd_sc_mcu7t5v0__buf_1)
     1    0.007822    0.262059    0.347917   40.428394 ^ input4/Z (gf180mcu_fd_sc_mcu7t5v0__buf_1)
                                                         net4 (net)
                      0.262059    0.000366   40.428761 ^ fanout49/I (gf180mcu_fd_sc_mcu7t5v0__dlyb_1)
     1    0.007555    0.292947    1.383430   41.812191 ^ fanout49/Z (gf180mcu_fd_sc_mcu7t5v0__dlyb_1)
                                                         net49 (net)
                      0.292947    0.000373   41.812565 ^ wire51/I (gf180mcu_fd_sc_mcu7t5v0__buf_1)
     4    0.032790    0.828461    0.704684   42.517246 ^ wire51/Z (gf180mcu_fd_sc_mcu7t5v0__buf_1)
                                                         net51 (net)
                      0.828461    0.000600   42.517849 ^ fanout45/I (gf180mcu_fd_sc_mcu7t5v0__dlyb_1)
     3    0.025288    0.672159    1.675495   44.193344 ^ fanout45/Z (gf180mcu_fd_sc_mcu7t5v0__dlyb_1)
                                                         net45 (net)
                      0.672163    0.001108   44.194450 ^ load_slew48/I (gf180mcu_fd_sc_mcu7t5v0__clkbuf_1)
     3    0.023184    0.599531    0.621526   44.815979 ^ load_slew48/Z (gf180mcu_fd_sc_mcu7t5v0__clkbuf_1)
                                                         net48 (net)
                      0.599538    0.001187   44.817165 ^ load_slew47/I (gf180mcu_fd_sc_mcu7t5v0__clkbuf_2)
     4    0.030817    0.414774    0.581142   45.398308 ^ load_slew47/Z (gf180mcu_fd_sc_mcu7t5v0__clkbuf_2)
                                                         net47 (net)
                      0.414775    0.000753   45.399059 ^ load_slew46/I (gf180mcu_fd_sc_mcu7t5v0__clkbuf_2)
     3    0.029866    0.401834    0.539313   45.938374 ^ load_slew46/Z (gf180mcu_fd_sc_mcu7t5v0__clkbuf_2)
                                                         net46 (net)
                      0.401836    0.001219   45.939590 ^ _252_/RN (gf180mcu_fd_sc_mcu7t5v0__dffrnq_1)
                                             45.939590   data arrival time

                                  0.000000    0.000000   clock clk (rise edge)
                                  0.000000    0.000000   clock source latency
     1    0.043337    0.298221    0.151565    0.151565 ^ clk (in)
                                                         clk (net)
                      0.298224    0.000000    0.151565 ^ clkbuf_0_clk/I (gf180mcu_fd_sc_mcu7t5v0__clkbuf_16)
     8    0.200996    0.354491    0.506933    0.658498 ^ clkbuf_0_clk/Z (gf180mcu_fd_sc_mcu7t5v0__clkbuf_16)
                                                         clknet_0_clk (net)
                      0.354528    0.005469    0.663967 ^ clkbuf_3_4__f_clk/I (gf180mcu_fd_sc_mcu7t5v0__clkbuf_16)
     6    0.032487    0.136846    0.364124    1.028092 ^ clkbuf_3_4__f_clk/Z (gf180mcu_fd_sc_mcu7t5v0__clkbuf_16)
                                                         clknet_3_4__leaf_clk (net)
                      0.136847    0.000599    1.028691 ^ _252_/CLK (gf180mcu_fd_sc_mcu7t5v0__dffrnq_1)
                                  0.250000    1.278691   clock uncertainty
                                  0.000000    1.278691   clock reconvergence pessimism
                                  0.541310    1.820001   library removal time
                                              1.820001   data required time
---------------------------------------------------------------------------------------------
                                              1.820001   data required time
                                            -45.939590   data arrival time
---------------------------------------------------------------------------------------------
                                             44.119591   slack (MET)


Startpoint: rst_n (input port clocked by clk)
Endpoint: _232_ (removal check against rising-edge clock clk)
Path Group: asynchronous
Path Type: min

Fanout         Cap        Slew       Delay        Time   Description
---------------------------------------------------------------------------------------------
                                  0.000000    0.000000   clock clk (rise edge)
                                  0.000000    0.000000   clock network delay (propagated)
                                 40.000000   40.000000 ^ input external delay
     1    0.005798    0.204653    0.080476   40.080479 ^ rst_n (in)
                                                         rst_n (net)
                      0.204653    0.000000   40.080479 ^ input4/I (gf180mcu_fd_sc_mcu7t5v0__buf_1)
     1    0.007822    0.262059    0.347917   40.428394 ^ input4/Z (gf180mcu_fd_sc_mcu7t5v0__buf_1)
                                                         net4 (net)
                      0.262059    0.000366   40.428761 ^ fanout49/I (gf180mcu_fd_sc_mcu7t5v0__dlyb_1)
     1    0.007555    0.292947    1.383430   41.812191 ^ fanout49/Z (gf180mcu_fd_sc_mcu7t5v0__dlyb_1)
                                                         net49 (net)
                      0.292947    0.000373   41.812565 ^ wire51/I (gf180mcu_fd_sc_mcu7t5v0__buf_1)
     4    0.032790    0.828461    0.704684   42.517246 ^ wire51/Z (gf180mcu_fd_sc_mcu7t5v0__buf_1)
                                                         net51 (net)
                      0.828464    0.000895   42.518143 ^ fanout37/I (gf180mcu_fd_sc_mcu7t5v0__dlyb_1)
     3    0.019403    0.545196    1.595517   44.113659 ^ fanout37/Z (gf180mcu_fd_sc_mcu7t5v0__dlyb_1)
                                                         net37 (net)
                      0.545196    0.000384   44.114044 ^ load_slew39/I (gf180mcu_fd_sc_mcu7t5v0__clkbuf_2)
     3    0.024972    0.348811    0.531113   44.645157 ^ load_slew39/Z (gf180mcu_fd_sc_mcu7t5v0__clkbuf_2)
                                                         net39 (net)
                      0.348813    0.001236   44.646393 ^ fanout33/I (gf180mcu_fd_sc_mcu7t5v0__dlyb_1)
     3    0.026767    0.704294    1.663501   46.309895 ^ fanout33/Z (gf180mcu_fd_sc_mcu7t5v0__dlyb_1)
                                                         net33 (net)
                      0.704294    0.000568   46.310463 ^ _232_/RN (gf180mcu_fd_sc_mcu7t5v0__dffrnq_1)
                                             46.310463   data arrival time

                                  0.000000    0.000000   clock clk (rise edge)
                                  0.000000    0.000000   clock source latency
     1    0.043337    0.298221    0.151565    0.151565 ^ clk (in)
                                                         clk (net)
                      0.298224    0.000000    0.151565 ^ clkbuf_0_clk/I (gf180mcu_fd_sc_mcu7t5v0__clkbuf_16)
     8    0.200996    0.354491    0.506933    0.658498 ^ clkbuf_0_clk/Z (gf180mcu_fd_sc_mcu7t5v0__clkbuf_16)
                                                         clknet_0_clk (net)
                      0.354508    0.003758    0.662256 ^ clkbuf_3_0__f_clk/I (gf180mcu_fd_sc_mcu7t5v0__clkbuf_16)
     6    0.036406    0.141994    0.368647    1.030903 ^ clkbuf_3_0__f_clk/Z (gf180mcu_fd_sc_mcu7t5v0__clkbuf_16)
                                                         clknet_3_0__leaf_clk (net)
                      0.141998    0.001212    1.032116 ^ _232_/CLK (gf180mcu_fd_sc_mcu7t5v0__dffrnq_1)
                                  0.250000    1.282116   clock uncertainty
                                  0.000000    1.282116   clock reconvergence pessimism
                                  0.588753    1.870869   library removal time
                                              1.870869   data required time
---------------------------------------------------------------------------------------------
                                              1.870869   data required time
                                            -46.310463   data arrival time
---------------------------------------------------------------------------------------------
                                             44.439594   slack (MET)


Startpoint: rst_n (input port clocked by clk)
Endpoint: _231_ (removal check against rising-edge clock clk)
Path Group: asynchronous
Path Type: min

Fanout         Cap        Slew       Delay        Time   Description
---------------------------------------------------------------------------------------------
                                  0.000000    0.000000   clock clk (rise edge)
                                  0.000000    0.000000   clock network delay (propagated)
                                 40.000000   40.000000 ^ input external delay
     1    0.005798    0.204653    0.080476   40.080479 ^ rst_n (in)
                                                         rst_n (net)
                      0.204653    0.000000   40.080479 ^ input4/I (gf180mcu_fd_sc_mcu7t5v0__buf_1)
     1    0.007822    0.262059    0.347917   40.428394 ^ input4/Z (gf180mcu_fd_sc_mcu7t5v0__buf_1)
                                                         net4 (net)
                      0.262059    0.000366   40.428761 ^ fanout49/I (gf180mcu_fd_sc_mcu7t5v0__dlyb_1)
     1    0.007555    0.292947    1.383430   41.812191 ^ fanout49/Z (gf180mcu_fd_sc_mcu7t5v0__dlyb_1)
                                                         net49 (net)
                      0.292947    0.000373   41.812565 ^ wire51/I (gf180mcu_fd_sc_mcu7t5v0__buf_1)
     4    0.032790    0.828461    0.704684   42.517246 ^ wire51/Z (gf180mcu_fd_sc_mcu7t5v0__buf_1)
                                                         net51 (net)
                      0.828464    0.000895   42.518143 ^ fanout37/I (gf180mcu_fd_sc_mcu7t5v0__dlyb_1)
     3    0.019403    0.545196    1.595517   44.113659 ^ fanout37/Z (gf180mcu_fd_sc_mcu7t5v0__dlyb_1)
                                                         net37 (net)
                      0.545196    0.000384   44.114044 ^ load_slew39/I (gf180mcu_fd_sc_mcu7t5v0__clkbuf_2)
     3    0.024972    0.348811    0.531113   44.645157 ^ load_slew39/Z (gf180mcu_fd_sc_mcu7t5v0__clkbuf_2)
                                                         net39 (net)
                      0.348813    0.001236   44.646393 ^ fanout33/I (gf180mcu_fd_sc_mcu7t5v0__dlyb_1)
     3    0.026767    0.704294    1.663501   46.309895 ^ fanout33/Z (gf180mcu_fd_sc_mcu7t5v0__dlyb_1)
                                                         net33 (net)
                      0.704297    0.001041   46.310936 ^ _231_/RN (gf180mcu_fd_sc_mcu7t5v0__dffrnq_1)
                                             46.310936   data arrival time

                                  0.000000    0.000000   clock clk (rise edge)
                                  0.000000    0.000000   clock source latency
     1    0.043337    0.298221    0.151565    0.151565 ^ clk (in)
                                                         clk (net)
                      0.298224    0.000000    0.151565 ^ clkbuf_0_clk/I (gf180mcu_fd_sc_mcu7t5v0__clkbuf_16)
     8    0.200996    0.354491    0.506933    0.658498 ^ clkbuf_0_clk/Z (gf180mcu_fd_sc_mcu7t5v0__clkbuf_16)
                                                         clknet_0_clk (net)
                      0.354508    0.003748    0.662246 ^ clkbuf_3_3__f_clk/I (gf180mcu_fd_sc_mcu7t5v0__clkbuf_16)
     6    0.030928    0.134794    0.362379    1.024624 ^ clkbuf_3_3__f_clk/Z (gf180mcu_fd_sc_mcu7t5v0__clkbuf_16)
                                                         clknet_3_3__leaf_clk (net)
                      0.134795    0.000568    1.025193 ^ _231_/CLK (gf180mcu_fd_sc_mcu7t5v0__dffrnq_1)
                                  0.250000    1.275193   clock uncertainty
                                  0.000000    1.275193   clock reconvergence pessimism
                                  0.587257    1.862449   library removal time
                                              1.862449   data required time
---------------------------------------------------------------------------------------------
                                              1.862449   data required time
                                            -46.310936   data arrival time
---------------------------------------------------------------------------------------------
                                             44.448486   slack (MET)


Startpoint: rst_n (input port clocked by clk)
Endpoint: _222_ (removal check against rising-edge clock clk)
Path Group: asynchronous
Path Type: min

Fanout         Cap        Slew       Delay        Time   Description
---------------------------------------------------------------------------------------------
                                  0.000000    0.000000   clock clk (rise edge)
                                  0.000000    0.000000   clock network delay (propagated)
                                 40.000000   40.000000 ^ input external delay
     1    0.005798    0.204653    0.080476   40.080479 ^ rst_n (in)
                                                         rst_n (net)
                      0.204653    0.000000   40.080479 ^ input4/I (gf180mcu_fd_sc_mcu7t5v0__buf_1)
     1    0.007822    0.262059    0.347917   40.428394 ^ input4/Z (gf180mcu_fd_sc_mcu7t5v0__buf_1)
                                                         net4 (net)
                      0.262059    0.000366   40.428761 ^ fanout49/I (gf180mcu_fd_sc_mcu7t5v0__dlyb_1)
     1    0.007555    0.292947    1.383430   41.812191 ^ fanout49/Z (gf180mcu_fd_sc_mcu7t5v0__dlyb_1)
                                                         net49 (net)
                      0.292947    0.000373   41.812565 ^ wire51/I (gf180mcu_fd_sc_mcu7t5v0__buf_1)
     4    0.032790    0.828461    0.704684   42.517246 ^ wire51/Z (gf180mcu_fd_sc_mcu7t5v0__buf_1)
                                                         net51 (net)
                      0.828464    0.000895   42.518143 ^ fanout37/I (gf180mcu_fd_sc_mcu7t5v0__dlyb_1)
     3    0.019403    0.545196    1.595517   44.113659 ^ fanout37/Z (gf180mcu_fd_sc_mcu7t5v0__dlyb_1)
                                                         net37 (net)
                      0.545196    0.000384   44.114044 ^ load_slew39/I (gf180mcu_fd_sc_mcu7t5v0__clkbuf_2)
     3    0.024972    0.348811    0.531113   44.645157 ^ load_slew39/Z (gf180mcu_fd_sc_mcu7t5v0__clkbuf_2)
                                                         net39 (net)
                      0.348813    0.001236   44.646393 ^ fanout33/I (gf180mcu_fd_sc_mcu7t5v0__dlyb_1)
     3    0.026767    0.704294    1.663501   46.309895 ^ fanout33/Z (gf180mcu_fd_sc_mcu7t5v0__dlyb_1)
                                                         net33 (net)
                      0.704296    0.000945   46.310841 ^ load_slew36/I (gf180mcu_fd_sc_mcu7t5v0__buf_2)
     3    0.022013    0.311788    0.435570   46.746410 ^ load_slew36/Z (gf180mcu_fd_sc_mcu7t5v0__buf_2)
                                                         net36 (net)
                      0.311790    0.001194   46.747604 ^ _222_/RN (gf180mcu_fd_sc_mcu7t5v0__dffrnq_1)
                                             46.747604   data arrival time

                                  0.000000    0.000000   clock clk (rise edge)
                                  0.000000    0.000000   clock source latency
     1    0.043337    0.298221    0.151565    0.151565 ^ clk (in)
                                                         clk (net)
                      0.298224    0.000000    0.151565 ^ clkbuf_0_clk/I (gf180mcu_fd_sc_mcu7t5v0__clkbuf_16)
     8    0.200996    0.354491    0.506933    0.658498 ^ clkbuf_0_clk/Z (gf180mcu_fd_sc_mcu7t5v0__clkbuf_16)
                                                         clknet_0_clk (net)
                      0.354508    0.003748    0.662246 ^ clkbuf_3_3__f_clk/I (gf180mcu_fd_sc_mcu7t5v0__clkbuf_16)
     6    0.030928    0.134794    0.362379    1.024624 ^ clkbuf_3_3__f_clk/Z (gf180mcu_fd_sc_mcu7t5v0__clkbuf_16)
                                                         clknet_3_3__leaf_clk (net)
                      0.134795    0.000569    1.025193 ^ _222_/CLK (gf180mcu_fd_sc_mcu7t5v0__dffrnq_1)
                                  0.250000    1.275193   clock uncertainty
                                  0.000000    1.275193   clock reconvergence pessimism
                                  0.526918    1.802111   library removal time
                                              1.802111   data required time
---------------------------------------------------------------------------------------------
                                              1.802111   data required time
                                            -46.747604   data arrival time
---------------------------------------------------------------------------------------------
                                             44.945492   slack (MET)


Startpoint: rst_n (input port clocked by clk)
Endpoint: _223_ (removal check against rising-edge clock clk)
Path Group: asynchronous
Path Type: min

Fanout         Cap        Slew       Delay        Time   Description
---------------------------------------------------------------------------------------------
                                  0.000000    0.000000   clock clk (rise edge)
                                  0.000000    0.000000   clock network delay (propagated)
                                 40.000000   40.000000 ^ input external delay
     1    0.005798    0.204653    0.080476   40.080479 ^ rst_n (in)
                                                         rst_n (net)
                      0.204653    0.000000   40.080479 ^ input4/I (gf180mcu_fd_sc_mcu7t5v0__buf_1)
     1    0.007822    0.262059    0.347917   40.428394 ^ input4/Z (gf180mcu_fd_sc_mcu7t5v0__buf_1)
                                                         net4 (net)
                      0.262059    0.000366   40.428761 ^ fanout49/I (gf180mcu_fd_sc_mcu7t5v0__dlyb_1)
     1    0.007555    0.292947    1.383430   41.812191 ^ fanout49/Z (gf180mcu_fd_sc_mcu7t5v0__dlyb_1)
                                                         net49 (net)
                      0.292947    0.000373   41.812565 ^ wire51/I (gf180mcu_fd_sc_mcu7t5v0__buf_1)
     4    0.032790    0.828461    0.704684   42.517246 ^ wire51/Z (gf180mcu_fd_sc_mcu7t5v0__buf_1)
                                                         net51 (net)
                      0.828464    0.000895   42.518143 ^ fanout37/I (gf180mcu_fd_sc_mcu7t5v0__dlyb_1)
     3    0.019403    0.545196    1.595517   44.113659 ^ fanout37/Z (gf180mcu_fd_sc_mcu7t5v0__dlyb_1)
                                                         net37 (net)
                      0.545196    0.000384   44.114044 ^ load_slew39/I (gf180mcu_fd_sc_mcu7t5v0__clkbuf_2)
     3    0.024972    0.348811    0.531113   44.645157 ^ load_slew39/Z (gf180mcu_fd_sc_mcu7t5v0__clkbuf_2)
                                                         net39 (net)
                      0.348813    0.001236   44.646393 ^ fanout33/I (gf180mcu_fd_sc_mcu7t5v0__dlyb_1)
     3    0.026767    0.704294    1.663501   46.309895 ^ fanout33/Z (gf180mcu_fd_sc_mcu7t5v0__dlyb_1)
                                                         net33 (net)
                      0.704296    0.000945   46.310841 ^ load_slew36/I (gf180mcu_fd_sc_mcu7t5v0__buf_2)
     3    0.022013    0.311788    0.435570   46.746410 ^ load_slew36/Z (gf180mcu_fd_sc_mcu7t5v0__buf_2)
                                                         net36 (net)
                      0.311790    0.001194   46.747604 ^ _223_/RN (gf180mcu_fd_sc_mcu7t5v0__dffrnq_1)
                                             46.747604   data arrival time

                                  0.000000    0.000000   clock clk (rise edge)
                                  0.000000    0.000000   clock source latency
     1    0.043337    0.298221    0.151565    0.151565 ^ clk (in)
                                                         clk (net)
                      0.298224    0.000000    0.151565 ^ clkbuf_0_clk/I (gf180mcu_fd_sc_mcu7t5v0__clkbuf_16)
     8    0.200996    0.354491    0.506933    0.658498 ^ clkbuf_0_clk/Z (gf180mcu_fd_sc_mcu7t5v0__clkbuf_16)
                                                         clknet_0_clk (net)
                      0.354508    0.003748    0.662246 ^ clkbuf_3_3__f_clk/I (gf180mcu_fd_sc_mcu7t5v0__clkbuf_16)
     6    0.030928    0.134794    0.362379    1.024624 ^ clkbuf_3_3__f_clk/Z (gf180mcu_fd_sc_mcu7t5v0__clkbuf_16)
                                                         clknet_3_3__leaf_clk (net)
                      0.134795    0.000568    1.025192 ^ _223_/CLK (gf180mcu_fd_sc_mcu7t5v0__dffrnq_1)
                                  0.250000    1.275192   clock uncertainty
                                  0.000000    1.275192   clock reconvergence pessimism
                                  0.526918    1.802110   library removal time
                                              1.802110   data required time
---------------------------------------------------------------------------------------------
                                              1.802110   data required time
                                            -46.747604   data arrival time
---------------------------------------------------------------------------------------------
                                             44.945492   slack (MET)


Startpoint: rst_n (input port clocked by clk)
Endpoint: _218_ (removal check against rising-edge clock clk)
Path Group: asynchronous
Path Type: min

Fanout         Cap        Slew       Delay        Time   Description
---------------------------------------------------------------------------------------------
                                  0.000000    0.000000   clock clk (rise edge)
                                  0.000000    0.000000   clock network delay (propagated)
                                 40.000000   40.000000 ^ input external delay
     1    0.005798    0.204653    0.080476   40.080479 ^ rst_n (in)
                                                         rst_n (net)
                      0.204653    0.000000   40.080479 ^ input4/I (gf180mcu_fd_sc_mcu7t5v0__buf_1)
     1    0.007822    0.262059    0.347917   40.428394 ^ input4/Z (gf180mcu_fd_sc_mcu7t5v0__buf_1)
                                                         net4 (net)
                      0.262059    0.000366   40.428761 ^ fanout49/I (gf180mcu_fd_sc_mcu7t5v0__dlyb_1)
     1    0.007555    0.292947    1.383430   41.812191 ^ fanout49/Z (gf180mcu_fd_sc_mcu7t5v0__dlyb_1)
                                                         net49 (net)
                      0.292947    0.000373   41.812565 ^ wire51/I (gf180mcu_fd_sc_mcu7t5v0__buf_1)
     4    0.032790    0.828461    0.704684   42.517246 ^ wire51/Z (gf180mcu_fd_sc_mcu7t5v0__buf_1)
                                                         net51 (net)
                      0.828464    0.000895   42.518143 ^ fanout37/I (gf180mcu_fd_sc_mcu7t5v0__dlyb_1)
     3    0.019403    0.545196    1.595517   44.113659 ^ fanout37/Z (gf180mcu_fd_sc_mcu7t5v0__dlyb_1)
                                                         net37 (net)
                      0.545196    0.000384   44.114044 ^ load_slew39/I (gf180mcu_fd_sc_mcu7t5v0__clkbuf_2)
     3    0.024972    0.348811    0.531113   44.645157 ^ load_slew39/Z (gf180mcu_fd_sc_mcu7t5v0__clkbuf_2)
                                                         net39 (net)
                      0.348813    0.001236   44.646393 ^ fanout33/I (gf180mcu_fd_sc_mcu7t5v0__dlyb_1)
     3    0.026767    0.704294    1.663501   46.309895 ^ fanout33/Z (gf180mcu_fd_sc_mcu7t5v0__dlyb_1)
                                                         net33 (net)
                      0.704296    0.000945   46.310841 ^ load_slew36/I (gf180mcu_fd_sc_mcu7t5v0__buf_2)
     3    0.022013    0.311788    0.435570   46.746410 ^ load_slew36/Z (gf180mcu_fd_sc_mcu7t5v0__buf_2)
                                                         net36 (net)
                      0.311790    0.001123   46.747532 ^ wire35/I (gf180mcu_fd_sc_mcu7t5v0__buf_1)
     4    0.031837    0.806664    0.694119   47.441650 ^ wire35/Z (gf180mcu_fd_sc_mcu7t5v0__buf_1)
                                                         net35 (net)
                      0.806664    0.000661   47.442310 ^ _218_/RN (gf180mcu_fd_sc_mcu7t5v0__dffrnq_1)
                                             47.442310   data arrival time

                                  0.000000    0.000000   clock clk (rise edge)
                                  0.000000    0.000000   clock source latency
     1    0.043337    0.298221    0.151565    0.151565 ^ clk (in)
                                                         clk (net)
                      0.298224    0.000000    0.151565 ^ clkbuf_0_clk/I (gf180mcu_fd_sc_mcu7t5v0__clkbuf_16)
     8    0.200996    0.354491    0.506933    0.658498 ^ clkbuf_0_clk/Z (gf180mcu_fd_sc_mcu7t5v0__clkbuf_16)
                                                         clknet_0_clk (net)
                      0.354508    0.003747    0.662245 ^ clkbuf_3_2__f_clk/I (gf180mcu_fd_sc_mcu7t5v0__clkbuf_16)
     6    0.031161    0.135101    0.362658    1.024903 ^ clkbuf_3_2__f_clk/Z (gf180mcu_fd_sc_mcu7t5v0__clkbuf_16)
                                                         clknet_3_2__leaf_clk (net)
                      0.135102    0.000576    1.025478 ^ _218_/CLK (gf180mcu_fd_sc_mcu7t5v0__dffrnq_1)
                                  0.250000    1.275478   clock uncertainty
                                  0.000000    1.275478   clock reconvergence pessimism
                                  0.601315    1.876794   library removal time
                                              1.876794   data required time
---------------------------------------------------------------------------------------------
                                              1.876794   data required time
                                            -47.442310   data arrival time
---------------------------------------------------------------------------------------------
                                             45.565514   slack (MET)


Startpoint: rst_n (input port clocked by clk)
Endpoint: _219_ (removal check against rising-edge clock clk)
Path Group: asynchronous
Path Type: min

Fanout         Cap        Slew       Delay        Time   Description
---------------------------------------------------------------------------------------------
                                  0.000000    0.000000   clock clk (rise edge)
                                  0.000000    0.000000   clock network delay (propagated)
                                 40.000000   40.000000 ^ input external delay
     1    0.005798    0.204653    0.080476   40.080479 ^ rst_n (in)
                                                         rst_n (net)
                      0.204653    0.000000   40.080479 ^ input4/I (gf180mcu_fd_sc_mcu7t5v0__buf_1)
     1    0.007822    0.262059    0.347917   40.428394 ^ input4/Z (gf180mcu_fd_sc_mcu7t5v0__buf_1)
                                                         net4 (net)
                      0.262059    0.000366   40.428761 ^ fanout49/I (gf180mcu_fd_sc_mcu7t5v0__dlyb_1)
     1    0.007555    0.292947    1.383430   41.812191 ^ fanout49/Z (gf180mcu_fd_sc_mcu7t5v0__dlyb_1)
                                                         net49 (net)
                      0.292947    0.000373   41.812565 ^ wire51/I (gf180mcu_fd_sc_mcu7t5v0__buf_1)
     4    0.032790    0.828461    0.704684   42.517246 ^ wire51/Z (gf180mcu_fd_sc_mcu7t5v0__buf_1)
                                                         net51 (net)
                      0.828464    0.000895   42.518143 ^ fanout37/I (gf180mcu_fd_sc_mcu7t5v0__dlyb_1)
     3    0.019403    0.545196    1.595517   44.113659 ^ fanout37/Z (gf180mcu_fd_sc_mcu7t5v0__dlyb_1)
                                                         net37 (net)
                      0.545196    0.000384   44.114044 ^ load_slew39/I (gf180mcu_fd_sc_mcu7t5v0__clkbuf_2)
     3    0.024972    0.348811    0.531113   44.645157 ^ load_slew39/Z (gf180mcu_fd_sc_mcu7t5v0__clkbuf_2)
                                                         net39 (net)
                      0.348813    0.001236   44.646393 ^ fanout33/I (gf180mcu_fd_sc_mcu7t5v0__dlyb_1)
     3    0.026767    0.704294    1.663501   46.309895 ^ fanout33/Z (gf180mcu_fd_sc_mcu7t5v0__dlyb_1)
                                                         net33 (net)
                      0.704296    0.000945   46.310841 ^ load_slew36/I (gf180mcu_fd_sc_mcu7t5v0__buf_2)
     3    0.022013    0.311788    0.435570   46.746410 ^ load_slew36/Z (gf180mcu_fd_sc_mcu7t5v0__buf_2)
                                                         net36 (net)
                      0.311790    0.001123   46.747532 ^ wire35/I (gf180mcu_fd_sc_mcu7t5v0__buf_1)
     4    0.031837    0.806664    0.694119   47.441650 ^ wire35/Z (gf180mcu_fd_sc_mcu7t5v0__buf_1)
                                                         net35 (net)
                      0.806664    0.000661   47.442310 ^ _219_/RN (gf180mcu_fd_sc_mcu7t5v0__dffrnq_1)
                                             47.442310   data arrival time

                                  0.000000    0.000000   clock clk (rise edge)
                                  0.000000    0.000000   clock source latency
     1    0.043337    0.298221    0.151565    0.151565 ^ clk (in)
                                                         clk (net)
                      0.298224    0.000000    0.151565 ^ clkbuf_0_clk/I (gf180mcu_fd_sc_mcu7t5v0__clkbuf_16)
     8    0.200996    0.354491    0.506933    0.658498 ^ clkbuf_0_clk/Z (gf180mcu_fd_sc_mcu7t5v0__clkbuf_16)
                                                         clknet_0_clk (net)
                      0.354508    0.003747    0.662245 ^ clkbuf_3_2__f_clk/I (gf180mcu_fd_sc_mcu7t5v0__clkbuf_16)
     6    0.031161    0.135101    0.362658    1.024903 ^ clkbuf_3_2__f_clk/Z (gf180mcu_fd_sc_mcu7t5v0__clkbuf_16)
                                                         clknet_3_2__leaf_clk (net)
                      0.135102    0.000576    1.025479 ^ _219_/CLK (gf180mcu_fd_sc_mcu7t5v0__dffrnq_1)
                                  0.250000    1.275479   clock uncertainty
                                  0.000000    1.275479   clock reconvergence pessimism
                                  0.601315    1.876794   library removal time
                                              1.876794   data required time
---------------------------------------------------------------------------------------------
                                              1.876794   data required time
                                            -47.442310   data arrival time
---------------------------------------------------------------------------------------------
                                             45.565514   slack (MET)


Startpoint: rst_n (input port clocked by clk)
Endpoint: _221_ (removal check against rising-edge clock clk)
Path Group: asynchronous
Path Type: min

Fanout         Cap        Slew       Delay        Time   Description
---------------------------------------------------------------------------------------------
                                  0.000000    0.000000   clock clk (rise edge)
                                  0.000000    0.000000   clock network delay (propagated)
                                 40.000000   40.000000 ^ input external delay
     1    0.005798    0.204653    0.080476   40.080479 ^ rst_n (in)
                                                         rst_n (net)
                      0.204653    0.000000   40.080479 ^ input4/I (gf180mcu_fd_sc_mcu7t5v0__buf_1)
     1    0.007822    0.262059    0.347917   40.428394 ^ input4/Z (gf180mcu_fd_sc_mcu7t5v0__buf_1)
                                                         net4 (net)
                      0.262059    0.000366   40.428761 ^ fanout49/I (gf180mcu_fd_sc_mcu7t5v0__dlyb_1)
     1    0.007555    0.292947    1.383430   41.812191 ^ fanout49/Z (gf180mcu_fd_sc_mcu7t5v0__dlyb_1)
                                                         net49 (net)
                      0.292947    0.000373   41.812565 ^ wire51/I (gf180mcu_fd_sc_mcu7t5v0__buf_1)
     4    0.032790    0.828461    0.704684   42.517246 ^ wire51/Z (gf180mcu_fd_sc_mcu7t5v0__buf_1)
                                                         net51 (net)
                      0.828464    0.000895   42.518143 ^ fanout37/I (gf180mcu_fd_sc_mcu7t5v0__dlyb_1)
     3    0.019403    0.545196    1.595517   44.113659 ^ fanout37/Z (gf180mcu_fd_sc_mcu7t5v0__dlyb_1)
                                                         net37 (net)
                      0.545196    0.000384   44.114044 ^ load_slew39/I (gf180mcu_fd_sc_mcu7t5v0__clkbuf_2)
     3    0.024972    0.348811    0.531113   44.645157 ^ load_slew39/Z (gf180mcu_fd_sc_mcu7t5v0__clkbuf_2)
                                                         net39 (net)
                      0.348813    0.001236   44.646393 ^ fanout33/I (gf180mcu_fd_sc_mcu7t5v0__dlyb_1)
     3    0.026767    0.704294    1.663501   46.309895 ^ fanout33/Z (gf180mcu_fd_sc_mcu7t5v0__dlyb_1)
                                                         net33 (net)
                      0.704296    0.000945   46.310841 ^ load_slew36/I (gf180mcu_fd_sc_mcu7t5v0__buf_2)
     3    0.022013    0.311788    0.435570   46.746410 ^ load_slew36/Z (gf180mcu_fd_sc_mcu7t5v0__buf_2)
                                                         net36 (net)
                      0.311790    0.001123   46.747532 ^ wire35/I (gf180mcu_fd_sc_mcu7t5v0__buf_1)
     4    0.031837    0.806664    0.694119   47.441650 ^ wire35/Z (gf180mcu_fd_sc_mcu7t5v0__buf_1)
                                                         net35 (net)
                      0.806664    0.000657   47.442307 ^ _221_/RN (gf180mcu_fd_sc_mcu7t5v0__dffrnq_1)
                                             47.442307   data arrival time

                                  0.000000    0.000000   clock clk (rise edge)
                                  0.000000    0.000000   clock source latency
     1    0.043337    0.298221    0.151565    0.151565 ^ clk (in)
                                                         clk (net)
                      0.298224    0.000000    0.151565 ^ clkbuf_0_clk/I (gf180mcu_fd_sc_mcu7t5v0__clkbuf_16)
     8    0.200996    0.354491    0.506933    0.658498 ^ clkbuf_0_clk/Z (gf180mcu_fd_sc_mcu7t5v0__clkbuf_16)
                                                         clknet_0_clk (net)
                      0.354508    0.003747    0.662245 ^ clkbuf_3_2__f_clk/I (gf180mcu_fd_sc_mcu7t5v0__clkbuf_16)
     6    0.031161    0.135101    0.362658    1.024903 ^ clkbuf_3_2__f_clk/Z (gf180mcu_fd_sc_mcu7t5v0__clkbuf_16)
                                                         clknet_3_2__leaf_clk (net)
                      0.135102    0.000575    1.025478 ^ _221_/CLK (gf180mcu_fd_sc_mcu7t5v0__dffrnq_1)
                                  0.250000    1.275478   clock uncertainty
                                  0.000000    1.275478   clock reconvergence pessimism
                                  0.601315    1.876793   library removal time
                                              1.876793   data required time
---------------------------------------------------------------------------------------------
                                              1.876793   data required time
                                            -47.442307   data arrival time
---------------------------------------------------------------------------------------------
                                             45.565514   slack (MET)


Startpoint: rst_n (input port clocked by clk)
Endpoint: _220_ (removal check against rising-edge clock clk)
Path Group: asynchronous
Path Type: min

Fanout         Cap        Slew       Delay        Time   Description
---------------------------------------------------------------------------------------------
                                  0.000000    0.000000   clock clk (rise edge)
                                  0.000000    0.000000   clock network delay (propagated)
                                 40.000000   40.000000 ^ input external delay
     1    0.005798    0.204653    0.080476   40.080479 ^ rst_n (in)
                                                         rst_n (net)
                      0.204653    0.000000   40.080479 ^ input4/I (gf180mcu_fd_sc_mcu7t5v0__buf_1)
     1    0.007822    0.262059    0.347917   40.428394 ^ input4/Z (gf180mcu_fd_sc_mcu7t5v0__buf_1)
                                                         net4 (net)
                      0.262059    0.000366   40.428761 ^ fanout49/I (gf180mcu_fd_sc_mcu7t5v0__dlyb_1)
     1    0.007555    0.292947    1.383430   41.812191 ^ fanout49/Z (gf180mcu_fd_sc_mcu7t5v0__dlyb_1)
                                                         net49 (net)
                      0.292947    0.000373   41.812565 ^ wire51/I (gf180mcu_fd_sc_mcu7t5v0__buf_1)
     4    0.032790    0.828461    0.704684   42.517246 ^ wire51/Z (gf180mcu_fd_sc_mcu7t5v0__buf_1)
                                                         net51 (net)
                      0.828464    0.000895   42.518143 ^ fanout37/I (gf180mcu_fd_sc_mcu7t5v0__dlyb_1)
     3    0.019403    0.545196    1.595517   44.113659 ^ fanout37/Z (gf180mcu_fd_sc_mcu7t5v0__dlyb_1)
                                                         net37 (net)
                      0.545196    0.000384   44.114044 ^ load_slew39/I (gf180mcu_fd_sc_mcu7t5v0__clkbuf_2)
     3    0.024972    0.348811    0.531113   44.645157 ^ load_slew39/Z (gf180mcu_fd_sc_mcu7t5v0__clkbuf_2)
                                                         net39 (net)
                      0.348813    0.001236   44.646393 ^ fanout33/I (gf180mcu_fd_sc_mcu7t5v0__dlyb_1)
     3    0.026767    0.704294    1.663501   46.309895 ^ fanout33/Z (gf180mcu_fd_sc_mcu7t5v0__dlyb_1)
                                                         net33 (net)
                      0.704296    0.000945   46.310841 ^ load_slew36/I (gf180mcu_fd_sc_mcu7t5v0__buf_2)
     3    0.022013    0.311788    0.435570   46.746410 ^ load_slew36/Z (gf180mcu_fd_sc_mcu7t5v0__buf_2)
                                                         net36 (net)
                      0.311790    0.001123   46.747532 ^ wire35/I (gf180mcu_fd_sc_mcu7t5v0__buf_1)
     4    0.031837    0.806664    0.694119   47.441650 ^ wire35/Z (gf180mcu_fd_sc_mcu7t5v0__buf_1)
                                                         net35 (net)
                      0.806664    0.000597   47.442245 ^ load_slew34/I (gf180mcu_fd_sc_mcu7t5v0__clkbuf_2)
     3    0.030679    0.415743    0.609273   48.051521 ^ load_slew34/Z (gf180mcu_fd_sc_mcu7t5v0__clkbuf_2)
                                                         net34 (net)
                      0.415745    0.001304   48.052822 ^ _220_/RN (gf180mcu_fd_sc_mcu7t5v0__dffrnq_1)
                                             48.052822   data arrival time

                                  0.000000    0.000000   clock clk (rise edge)
                                  0.000000    0.000000   clock source latency
     1    0.043337    0.298221    0.151565    0.151565 ^ clk (in)
                                                         clk (net)
                      0.298224    0.000000    0.151565 ^ clkbuf_0_clk/I (gf180mcu_fd_sc_mcu7t5v0__clkbuf_16)
     8    0.200996    0.354491    0.506933    0.658498 ^ clkbuf_0_clk/Z (gf180mcu_fd_sc_mcu7t5v0__clkbuf_16)
                                                         clknet_0_clk (net)
                      0.354508    0.003758    0.662256 ^ clkbuf_3_0__f_clk/I (gf180mcu_fd_sc_mcu7t5v0__clkbuf_16)
     6    0.036406    0.141994    0.368647    1.030903 ^ clkbuf_3_0__f_clk/Z (gf180mcu_fd_sc_mcu7t5v0__clkbuf_16)
                                                         clknet_3_0__leaf_clk (net)
                      0.141995    0.000661    1.031564 ^ _220_/CLK (gf180mcu_fd_sc_mcu7t5v0__dffrnq_1)
                                  0.250000    1.281564   clock uncertainty
                                  0.000000    1.281564   clock reconvergence pessimism
                                  0.544625    1.826189   library removal time
                                              1.826189   data required time
---------------------------------------------------------------------------------------------
                                              1.826189   data required time
                                            -48.052822   data arrival time
---------------------------------------------------------------------------------------------
                                             46.226635   slack (MET)


Startpoint: rst_n (input port clocked by clk)
Endpoint: _217_ (removal check against rising-edge clock clk)
Path Group: asynchronous
Path Type: min

Fanout         Cap        Slew       Delay        Time   Description
---------------------------------------------------------------------------------------------
                                  0.000000    0.000000   clock clk (rise edge)
                                  0.000000    0.000000   clock network delay (propagated)
                                 40.000000   40.000000 ^ input external delay
     1    0.005798    0.204653    0.080476   40.080479 ^ rst_n (in)
                                                         rst_n (net)
                      0.204653    0.000000   40.080479 ^ input4/I (gf180mcu_fd_sc_mcu7t5v0__buf_1)
     1    0.007822    0.262059    0.347917   40.428394 ^ input4/Z (gf180mcu_fd_sc_mcu7t5v0__buf_1)
                                                         net4 (net)
                      0.262059    0.000366   40.428761 ^ fanout49/I (gf180mcu_fd_sc_mcu7t5v0__dlyb_1)
     1    0.007555    0.292947    1.383430   41.812191 ^ fanout49/Z (gf180mcu_fd_sc_mcu7t5v0__dlyb_1)
                                                         net49 (net)
                      0.292947    0.000373   41.812565 ^ wire51/I (gf180mcu_fd_sc_mcu7t5v0__buf_1)
     4    0.032790    0.828461    0.704684   42.517246 ^ wire51/Z (gf180mcu_fd_sc_mcu7t5v0__buf_1)
                                                         net51 (net)
                      0.828464    0.000895   42.518143 ^ fanout37/I (gf180mcu_fd_sc_mcu7t5v0__dlyb_1)
     3    0.019403    0.545196    1.595517   44.113659 ^ fanout37/Z (gf180mcu_fd_sc_mcu7t5v0__dlyb_1)
                                                         net37 (net)
                      0.545196    0.000384   44.114044 ^ load_slew39/I (gf180mcu_fd_sc_mcu7t5v0__clkbuf_2)
     3    0.024972    0.348811    0.531113   44.645157 ^ load_slew39/Z (gf180mcu_fd_sc_mcu7t5v0__clkbuf_2)
                                                         net39 (net)
                      0.348813    0.001236   44.646393 ^ fanout33/I (gf180mcu_fd_sc_mcu7t5v0__dlyb_1)
     3    0.026767    0.704294    1.663501   46.309895 ^ fanout33/Z (gf180mcu_fd_sc_mcu7t5v0__dlyb_1)
                                                         net33 (net)
                      0.704296    0.000945   46.310841 ^ load_slew36/I (gf180mcu_fd_sc_mcu7t5v0__buf_2)
     3    0.022013    0.311788    0.435570   46.746410 ^ load_slew36/Z (gf180mcu_fd_sc_mcu7t5v0__buf_2)
                                                         net36 (net)
                      0.311790    0.001123   46.747532 ^ wire35/I (gf180mcu_fd_sc_mcu7t5v0__buf_1)
     4    0.031837    0.806664    0.694119   47.441650 ^ wire35/Z (gf180mcu_fd_sc_mcu7t5v0__buf_1)
                                                         net35 (net)
                      0.806664    0.000597   47.442245 ^ load_slew34/I (gf180mcu_fd_sc_mcu7t5v0__clkbuf_2)
     3    0.030679    0.415743    0.609273   48.051521 ^ load_slew34/Z (gf180mcu_fd_sc_mcu7t5v0__clkbuf_2)
                                                         net34 (net)
                      0.415745    0.001279   48.052799 ^ _217_/RN (gf180mcu_fd_sc_mcu7t5v0__dffrnq_1)
                                             48.052799   data arrival time

                                  0.000000    0.000000   clock clk (rise edge)
                                  0.000000    0.000000   clock source latency
     1    0.043337    0.298221    0.151565    0.151565 ^ clk (in)
                                                         clk (net)
                      0.298224    0.000000    0.151565 ^ clkbuf_0_clk/I (gf180mcu_fd_sc_mcu7t5v0__clkbuf_16)
     8    0.200996    0.354491    0.506933    0.658498 ^ clkbuf_0_clk/Z (gf180mcu_fd_sc_mcu7t5v0__clkbuf_16)
                                                         clknet_0_clk (net)
                      0.354508    0.003747    0.662245 ^ clkbuf_3_2__f_clk/I (gf180mcu_fd_sc_mcu7t5v0__clkbuf_16)
     6    0.031161    0.135101    0.362658    1.024903 ^ clkbuf_3_2__f_clk/Z (gf180mcu_fd_sc_mcu7t5v0__clkbuf_16)
                                                         clknet_3_2__leaf_clk (net)
                      0.135102    0.000738    1.025641 ^ _217_/CLK (gf180mcu_fd_sc_mcu7t5v0__dffrnq_1)
                                  0.250000    1.275641   clock uncertainty
                                  0.000000    1.275641   clock reconvergence pessimism
                                  0.543064    1.818705   library removal time
                                              1.818705   data required time
---------------------------------------------------------------------------------------------
                                              1.818705   data required time
                                            -48.052799   data arrival time
---------------------------------------------------------------------------------------------
                                             46.234093   slack (MET)


Startpoint: rst_n (input port clocked by clk)
Endpoint: _216_ (removal check against rising-edge clock clk)
Path Group: asynchronous
Path Type: min

Fanout         Cap        Slew       Delay        Time   Description
---------------------------------------------------------------------------------------------
                                  0.000000    0.000000   clock clk (rise edge)
                                  0.000000    0.000000   clock network delay (propagated)
                                 40.000000   40.000000 ^ input external delay
     1    0.005798    0.204653    0.080476   40.080479 ^ rst_n (in)
                                                         rst_n (net)
                      0.204653    0.000000   40.080479 ^ input4/I (gf180mcu_fd_sc_mcu7t5v0__buf_1)
     1    0.007822    0.262059    0.347917   40.428394 ^ input4/Z (gf180mcu_fd_sc_mcu7t5v0__buf_1)
                                                         net4 (net)
                      0.262059    0.000366   40.428761 ^ fanout49/I (gf180mcu_fd_sc_mcu7t5v0__dlyb_1)
     1    0.007555    0.292947    1.383430   41.812191 ^ fanout49/Z (gf180mcu_fd_sc_mcu7t5v0__dlyb_1)
                                                         net49 (net)
                      0.292947    0.000373   41.812565 ^ wire51/I (gf180mcu_fd_sc_mcu7t5v0__buf_1)
     4    0.032790    0.828461    0.704684   42.517246 ^ wire51/Z (gf180mcu_fd_sc_mcu7t5v0__buf_1)
                                                         net51 (net)
                      0.828464    0.000895   42.518143 ^ fanout37/I (gf180mcu_fd_sc_mcu7t5v0__dlyb_1)
     3    0.019403    0.545196    1.595517   44.113659 ^ fanout37/Z (gf180mcu_fd_sc_mcu7t5v0__dlyb_1)
                                                         net37 (net)
                      0.545196    0.000384   44.114044 ^ load_slew39/I (gf180mcu_fd_sc_mcu7t5v0__clkbuf_2)
     3    0.024972    0.348811    0.531113   44.645157 ^ load_slew39/Z (gf180mcu_fd_sc_mcu7t5v0__clkbuf_2)
                                                         net39 (net)
                      0.348813    0.001236   44.646393 ^ fanout33/I (gf180mcu_fd_sc_mcu7t5v0__dlyb_1)
     3    0.026767    0.704294    1.663501   46.309895 ^ fanout33/Z (gf180mcu_fd_sc_mcu7t5v0__dlyb_1)
                                                         net33 (net)
                      0.704296    0.000945   46.310841 ^ load_slew36/I (gf180mcu_fd_sc_mcu7t5v0__buf_2)
     3    0.022013    0.311788    0.435570   46.746410 ^ load_slew36/Z (gf180mcu_fd_sc_mcu7t5v0__buf_2)
                                                         net36 (net)
                      0.311790    0.001123   46.747532 ^ wire35/I (gf180mcu_fd_sc_mcu7t5v0__buf_1)
     4    0.031837    0.806664    0.694119   47.441650 ^ wire35/Z (gf180mcu_fd_sc_mcu7t5v0__buf_1)
                                                         net35 (net)
                      0.806664    0.000597   47.442245 ^ load_slew34/I (gf180mcu_fd_sc_mcu7t5v0__clkbuf_2)
     3    0.030679    0.415743    0.609273   48.051521 ^ load_slew34/Z (gf180mcu_fd_sc_mcu7t5v0__clkbuf_2)
                                                         net34 (net)
                      0.415745    0.001286   48.052807 ^ _216_/RN (gf180mcu_fd_sc_mcu7t5v0__dffrnq_1)
                                             48.052807   data arrival time

                                  0.000000    0.000000   clock clk (rise edge)
                                  0.000000    0.000000   clock source latency
     1    0.043337    0.298221    0.151565    0.151565 ^ clk (in)
                                                         clk (net)
                      0.298224    0.000000    0.151565 ^ clkbuf_0_clk/I (gf180mcu_fd_sc_mcu7t5v0__clkbuf_16)
     8    0.200996    0.354491    0.506933    0.658498 ^ clkbuf_0_clk/Z (gf180mcu_fd_sc_mcu7t5v0__clkbuf_16)
                                                         clknet_0_clk (net)
                      0.354508    0.003747    0.662245 ^ clkbuf_3_2__f_clk/I (gf180mcu_fd_sc_mcu7t5v0__clkbuf_16)
     6    0.031161    0.135101    0.362658    1.024903 ^ clkbuf_3_2__f_clk/Z (gf180mcu_fd_sc_mcu7t5v0__clkbuf_16)
                                                         clknet_3_2__leaf_clk (net)
                      0.135102    0.000574    1.025477 ^ _216_/CLK (gf180mcu_fd_sc_mcu7t5v0__dffrnq_1)
                                  0.250000    1.275477   clock uncertainty
                                  0.000000    1.275477   clock reconvergence pessimism
                                  0.543064    1.818541   library removal time
                                              1.818541   data required time
---------------------------------------------------------------------------------------------
                                              1.818541   data required time
                                            -48.052807   data arrival time
---------------------------------------------------------------------------------------------
                                             46.234264   slack (MET)



%OL_END_REPORT
%OL_CREATE_REPORT max.rpt

===========================================================================
report_checks -path_delay max (Setup)
============================================================================
======================= nom_tt_025C_3v30 Corner ===================================

Startpoint: soft_rst_n (input port clocked by clk)
Endpoint: _242_ (rising edge-triggered flip-flop clocked by clk)
Path Group: clk
Path Type: max

Fanout         Cap        Slew       Delay        Time   Description
---------------------------------------------------------------------------------------------
                                  0.000000    0.000000   clock clk (rise edge)
                                  0.000000    0.000000   clock network delay (propagated)
                                 40.000000   40.000000 ^ input external delay
     1    0.006252    0.215082    0.086668   40.086670 ^ soft_rst_n (in)
                                                         soft_rst_n (net)
                      0.215082    0.000000   40.086670 ^ input5/I (gf180mcu_fd_sc_mcu7t5v0__buf_1)
     5    0.032357    0.818064    0.682249   40.768917 ^ input5/Z (gf180mcu_fd_sc_mcu7t5v0__buf_1)
                                                         net5 (net)
                      0.818069    0.001180   40.770100 ^ fanout29/I (gf180mcu_fd_sc_mcu7t5v0__dlyb_1)
     2    0.010505    0.352987    1.471214   42.241314 ^ fanout29/Z (gf180mcu_fd_sc_mcu7t5v0__dlyb_1)
                                                         net29 (net)
                      0.352987    0.000455   42.241768 ^ wire32/I (gf180mcu_fd_sc_mcu7t5v0__buf_1)
     4    0.031283    0.793815    0.691117   42.932884 ^ wire32/Z (gf180mcu_fd_sc_mcu7t5v0__buf_1)
                                                         net32 (net)
                      0.793820    0.001151   42.934036 ^ load_slew31/I (gf180mcu_fd_sc_mcu7t5v0__clkbuf_2)
     4    0.032997    0.441133    0.623590   43.557625 ^ load_slew31/Z (gf180mcu_fd_sc_mcu7t5v0__clkbuf_2)
                                                         net31 (net)
                      0.441134    0.001254   43.558880 ^ load_slew30/I (gf180mcu_fd_sc_mcu7t5v0__clkbuf_1)
     3    0.026687    0.678906    0.636646   44.195526 ^ load_slew30/Z (gf180mcu_fd_sc_mcu7t5v0__clkbuf_1)
                                                         net30 (net)
                      0.678911    0.001066   44.196590 ^ _108_/I (gf180mcu_fd_sc_mcu7t5v0__clkinv_1)
     4    0.025678    0.595539    0.524601   44.721191 v _108_/ZN (gf180mcu_fd_sc_mcu7t5v0__clkinv_1)
                                                         _101_ (net)
                      0.595539    0.000512   44.721703 v _142_/A1 (gf180mcu_fd_sc_mcu7t5v0__nor2_1)
     2    0.009696    0.613647    0.522750   45.244453 ^ _142_/ZN (gf180mcu_fd_sc_mcu7t5v0__nor2_1)
                                                         _054_ (net)
                      0.613647    0.000206   45.244659 ^ fanout21/I (gf180mcu_fd_sc_mcu7t5v0__dlyb_1)
     4    0.027274    0.714965    1.694048   46.938705 ^ fanout21/Z (gf180mcu_fd_sc_mcu7t5v0__dlyb_1)
                                                         net21 (net)
                      0.714970    0.001400   46.940105 ^ load_slew23/I (gf180mcu_fd_sc_mcu7t5v0__buf_2)
     3    0.024795    0.342274    0.454939   47.395046 ^ load_slew23/Z (gf180mcu_fd_sc_mcu7t5v0__buf_2)
                                                         net23 (net)
                      0.342277    0.001528   47.396572 ^ _180_/A2 (gf180mcu_fd_sc_mcu7t5v0__nand2_1)
     3    0.021152    0.577939    0.373824   47.770397 v _180_/ZN (gf180mcu_fd_sc_mcu7t5v0__nand2_1)
                                                         _080_ (net)
                      0.577942    0.000753   47.771149 v _191_/A2 (gf180mcu_fd_sc_mcu7t5v0__oai31_1)
     1    0.007405    1.027192    0.797609   48.568760 ^ _191_/ZN (gf180mcu_fd_sc_mcu7t5v0__oai31_1)
                                                         _029_ (net)
                      1.027192    0.000377   48.569138 ^ _242_/D (gf180mcu_fd_sc_mcu7t5v0__dffrnq_1)
                                             48.569138   data arrival time

                                200.000000  200.000000   clock clk (rise edge)
                                  0.000000  200.000000   clock source latency
     1    0.043337    0.298221    0.151559  200.151550 ^ clk (in)
                                                         clk (net)
                      0.298224    0.000000  200.151550 ^ clkbuf_0_clk/I (gf180mcu_fd_sc_mcu7t5v0__clkbuf_16)
     8    0.200996    0.354491    0.506944  200.658493 ^ clkbuf_0_clk/Z (gf180mcu_fd_sc_mcu7t5v0__clkbuf_16)
                                                         clknet_0_clk (net)
                      0.354508    0.003752  200.662247 ^ clkbuf_3_0__f_clk/I (gf180mcu_fd_sc_mcu7t5v0__clkbuf_16)
     6    0.036406    0.141994    0.368644  201.030899 ^ clkbuf_3_0__f_clk/Z (gf180mcu_fd_sc_mcu7t5v0__clkbuf_16)
                                                         clknet_3_0__leaf_clk (net)
                      0.141999    0.001336  201.032227 ^ _242_/CLK (gf180mcu_fd_sc_mcu7t5v0__dffrnq_1)
                                 -0.250000  200.782227   clock uncertainty
                                  0.000000  200.782227   clock reconvergence pessimism
                                 -0.588393  200.193848   library setup time
                                            200.193848   data required time
---------------------------------------------------------------------------------------------
                                            200.193848   data required time
                                            -48.569138   data arrival time
---------------------------------------------------------------------------------------------
                                            151.624710   slack (MET)


Startpoint: soft_rst_n (input port clocked by clk)
Endpoint: _240_ (rising edge-triggered flip-flop clocked by clk)
Path Group: clk
Path Type: max

Fanout         Cap        Slew       Delay        Time   Description
---------------------------------------------------------------------------------------------
                                  0.000000    0.000000   clock clk (rise edge)
                                  0.000000    0.000000   clock network delay (propagated)
                                 40.000000   40.000000 ^ input external delay
     1    0.006252    0.215082    0.086668   40.086670 ^ soft_rst_n (in)
                                                         soft_rst_n (net)
                      0.215082    0.000000   40.086670 ^ input5/I (gf180mcu_fd_sc_mcu7t5v0__buf_1)
     5    0.032357    0.818064    0.682249   40.768917 ^ input5/Z (gf180mcu_fd_sc_mcu7t5v0__buf_1)
                                                         net5 (net)
                      0.818069    0.001180   40.770100 ^ fanout29/I (gf180mcu_fd_sc_mcu7t5v0__dlyb_1)
     2    0.010505    0.352987    1.471214   42.241314 ^ fanout29/Z (gf180mcu_fd_sc_mcu7t5v0__dlyb_1)
                                                         net29 (net)
                      0.352987    0.000455   42.241768 ^ wire32/I (gf180mcu_fd_sc_mcu7t5v0__buf_1)
     4    0.031283    0.793815    0.691117   42.932884 ^ wire32/Z (gf180mcu_fd_sc_mcu7t5v0__buf_1)
                                                         net32 (net)
                      0.793820    0.001151   42.934036 ^ load_slew31/I (gf180mcu_fd_sc_mcu7t5v0__clkbuf_2)
     4    0.032997    0.441133    0.623590   43.557625 ^ load_slew31/Z (gf180mcu_fd_sc_mcu7t5v0__clkbuf_2)
                                                         net31 (net)
                      0.441134    0.001254   43.558880 ^ load_slew30/I (gf180mcu_fd_sc_mcu7t5v0__clkbuf_1)
     3    0.026687    0.678906    0.636646   44.195526 ^ load_slew30/Z (gf180mcu_fd_sc_mcu7t5v0__clkbuf_1)
                                                         net30 (net)
                      0.678911    0.001066   44.196590 ^ _108_/I (gf180mcu_fd_sc_mcu7t5v0__clkinv_1)
     4    0.025678    0.595539    0.524601   44.721191 v _108_/ZN (gf180mcu_fd_sc_mcu7t5v0__clkinv_1)
                                                         _101_ (net)
                      0.595539    0.000512   44.721703 v _142_/A1 (gf180mcu_fd_sc_mcu7t5v0__nor2_1)
     2    0.009696    0.613647    0.522750   45.244453 ^ _142_/ZN (gf180mcu_fd_sc_mcu7t5v0__nor2_1)
                                                         _054_ (net)
                      0.613647    0.000206   45.244659 ^ fanout21/I (gf180mcu_fd_sc_mcu7t5v0__dlyb_1)
     4    0.027274    0.714965    1.694048   46.938705 ^ fanout21/Z (gf180mcu_fd_sc_mcu7t5v0__dlyb_1)
                                                         net21 (net)
                      0.714970    0.001400   46.940105 ^ load_slew23/I (gf180mcu_fd_sc_mcu7t5v0__buf_2)
     3    0.024795    0.342274    0.454939   47.395046 ^ load_slew23/Z (gf180mcu_fd_sc_mcu7t5v0__buf_2)
                                                         net23 (net)
                      0.342277    0.001528   47.396572 ^ _180_/A2 (gf180mcu_fd_sc_mcu7t5v0__nand2_1)
     3    0.021152    0.577939    0.373824   47.770397 v _180_/ZN (gf180mcu_fd_sc_mcu7t5v0__nand2_1)
                                                         _080_ (net)
                      0.577942    0.000750   47.771145 v _183_/B1 (gf180mcu_fd_sc_mcu7t5v0__oai22_1)
     1    0.003828    0.715340    0.590656   48.361801 ^ _183_/ZN (gf180mcu_fd_sc_mcu7t5v0__oai22_1)
                                                         _027_ (net)
                      0.715340    0.000114   48.361916 ^ _240_/D (gf180mcu_fd_sc_mcu7t5v0__dffrnq_1)
                                             48.361916   data arrival time

                                200.000000  200.000000   clock clk (rise edge)
                                  0.000000  200.000000   clock source latency
     1    0.043337    0.298221    0.151559  200.151550 ^ clk (in)
                                                         clk (net)
                      0.298224    0.000000  200.151550 ^ clkbuf_0_clk/I (gf180mcu_fd_sc_mcu7t5v0__clkbuf_16)
     8    0.200996    0.354491    0.506944  200.658493 ^ clkbuf_0_clk/Z (gf180mcu_fd_sc_mcu7t5v0__clkbuf_16)
                                                         clknet_0_clk (net)
                      0.354508    0.003752  200.662247 ^ clkbuf_3_0__f_clk/I (gf180mcu_fd_sc_mcu7t5v0__clkbuf_16)
     6    0.036406    0.141994    0.368644  201.030899 ^ clkbuf_3_0__f_clk/Z (gf180mcu_fd_sc_mcu7t5v0__clkbuf_16)
                                                         clknet_3_0__leaf_clk (net)
                      0.141999    0.001336  201.032227 ^ _240_/CLK (gf180mcu_fd_sc_mcu7t5v0__dffrnq_1)
                                 -0.250000  200.782227   clock uncertainty
                                  0.000000  200.782227   clock reconvergence pessimism
                                 -0.558103  200.224121   library setup time
                                            200.224121   data required time
---------------------------------------------------------------------------------------------
                                            200.224121   data required time
                                            -48.361916   data arrival time
---------------------------------------------------------------------------------------------
                                            151.862213   slack (MET)


Startpoint: soft_rst_n (input port clocked by clk)
Endpoint: _223_ (rising edge-triggered flip-flop clocked by clk)
Path Group: clk
Path Type: max

Fanout         Cap        Slew       Delay        Time   Description
---------------------------------------------------------------------------------------------
                                  0.000000    0.000000   clock clk (rise edge)
                                  0.000000    0.000000   clock network delay (propagated)
                                 40.000000   40.000000 ^ input external delay
     1    0.006252    0.215082    0.086668   40.086670 ^ soft_rst_n (in)
                                                         soft_rst_n (net)
                      0.215082    0.000000   40.086670 ^ input5/I (gf180mcu_fd_sc_mcu7t5v0__buf_1)
     5    0.032357    0.818064    0.682249   40.768917 ^ input5/Z (gf180mcu_fd_sc_mcu7t5v0__buf_1)
                                                         net5 (net)
                      0.818069    0.001180   40.770100 ^ fanout29/I (gf180mcu_fd_sc_mcu7t5v0__dlyb_1)
     2    0.010505    0.352987    1.471214   42.241314 ^ fanout29/Z (gf180mcu_fd_sc_mcu7t5v0__dlyb_1)
                                                         net29 (net)
                      0.352987    0.000455   42.241768 ^ wire32/I (gf180mcu_fd_sc_mcu7t5v0__buf_1)
     4    0.031283    0.793815    0.691117   42.932884 ^ wire32/Z (gf180mcu_fd_sc_mcu7t5v0__buf_1)
                                                         net32 (net)
                      0.793820    0.001151   42.934036 ^ load_slew31/I (gf180mcu_fd_sc_mcu7t5v0__clkbuf_2)
     4    0.032997    0.441133    0.623590   43.557625 ^ load_slew31/Z (gf180mcu_fd_sc_mcu7t5v0__clkbuf_2)
                                                         net31 (net)
                      0.441134    0.001254   43.558880 ^ load_slew30/I (gf180mcu_fd_sc_mcu7t5v0__clkbuf_1)
     3    0.026687    0.678906    0.636646   44.195526 ^ load_slew30/Z (gf180mcu_fd_sc_mcu7t5v0__clkbuf_1)
                                                         net30 (net)
                      0.678911    0.001066   44.196590 ^ _108_/I (gf180mcu_fd_sc_mcu7t5v0__clkinv_1)
     4    0.025678    0.595539    0.524601   44.721191 v _108_/ZN (gf180mcu_fd_sc_mcu7t5v0__clkinv_1)
                                                         _101_ (net)
                      0.595539    0.000512   44.721703 v _142_/A1 (gf180mcu_fd_sc_mcu7t5v0__nor2_1)
     2    0.009696    0.613647    0.522750   45.244453 ^ _142_/ZN (gf180mcu_fd_sc_mcu7t5v0__nor2_1)
                                                         _054_ (net)
                      0.613647    0.000206   45.244659 ^ fanout21/I (gf180mcu_fd_sc_mcu7t5v0__dlyb_1)
     4    0.027274    0.714965    1.694048   46.938705 ^ fanout21/Z (gf180mcu_fd_sc_mcu7t5v0__dlyb_1)
                                                         net21 (net)
                      0.714970    0.001364   46.940071 ^ wire22/I (gf180mcu_fd_sc_mcu7t5v0__buf_1)
     5    0.034835    0.875097    0.777508   47.717579 ^ wire22/Z (gf180mcu_fd_sc_mcu7t5v0__buf_1)
                                                         net22 (net)
                      0.875097    0.000664   47.718243 ^ _208_/A2 (gf180mcu_fd_sc_mcu7t5v0__nand2_1)
     1    0.008267    0.337086    0.245084   47.963326 v _208_/ZN (gf180mcu_fd_sc_mcu7t5v0__nand2_1)
                                                         _097_ (net)
                      0.337086    0.000416   47.963741 v _209_/B (gf180mcu_fd_sc_mcu7t5v0__oai21_1)
     1    0.008121    0.592579    0.393609   48.357353 ^ _209_/ZN (gf180mcu_fd_sc_mcu7t5v0__oai21_1)
                                                         _037_ (net)
                      0.592579    0.000345   48.357697 ^ _223_/D (gf180mcu_fd_sc_mcu7t5v0__dffrnq_1)
                                             48.357697   data arrival time

                                200.000000  200.000000   clock clk (rise edge)
                                  0.000000  200.000000   clock source latency
     1    0.043337    0.298221    0.151559  200.151550 ^ clk (in)
                                                         clk (net)
                      0.298224    0.000000  200.151550 ^ clkbuf_0_clk/I (gf180mcu_fd_sc_mcu7t5v0__clkbuf_16)
     8    0.200996    0.354491    0.506944  200.658493 ^ clkbuf_0_clk/Z (gf180mcu_fd_sc_mcu7t5v0__clkbuf_16)
                                                         clknet_0_clk (net)
                      0.354508    0.003737  200.662231 ^ clkbuf_3_3__f_clk/I (gf180mcu_fd_sc_mcu7t5v0__clkbuf_16)
     6    0.030928    0.134794    0.362391  201.024628 ^ clkbuf_3_3__f_clk/Z (gf180mcu_fd_sc_mcu7t5v0__clkbuf_16)
                                                         clknet_3_3__leaf_clk (net)
                      0.134795    0.000554  201.025177 ^ _223_/CLK (gf180mcu_fd_sc_mcu7t5v0__dffrnq_1)
                                 -0.250000  200.775177   clock uncertainty
                                  0.000000  200.775177   clock reconvergence pessimism
                                 -0.541004  200.234177   library setup time
                                            200.234177   data required time
---------------------------------------------------------------------------------------------
                                            200.234177   data required time
                                            -48.357697   data arrival time
---------------------------------------------------------------------------------------------
                                            151.876480   slack (MET)


Startpoint: soft_rst_n (input port clocked by clk)
Endpoint: _227_ (rising edge-triggered flip-flop clocked by clk)
Path Group: clk
Path Type: max

Fanout         Cap        Slew       Delay        Time   Description
---------------------------------------------------------------------------------------------
                                  0.000000    0.000000   clock clk (rise edge)
                                  0.000000    0.000000   clock network delay (propagated)
                                 40.000000   40.000000 ^ input external delay
     1    0.006252    0.215082    0.086668   40.086670 ^ soft_rst_n (in)
                                                         soft_rst_n (net)
                      0.215082    0.000000   40.086670 ^ input5/I (gf180mcu_fd_sc_mcu7t5v0__buf_1)
     5    0.032357    0.818064    0.682249   40.768917 ^ input5/Z (gf180mcu_fd_sc_mcu7t5v0__buf_1)
                                                         net5 (net)
                      0.818069    0.001180   40.770100 ^ fanout29/I (gf180mcu_fd_sc_mcu7t5v0__dlyb_1)
     2    0.010505    0.352987    1.471214   42.241314 ^ fanout29/Z (gf180mcu_fd_sc_mcu7t5v0__dlyb_1)
                                                         net29 (net)
                      0.352987    0.000455   42.241768 ^ wire32/I (gf180mcu_fd_sc_mcu7t5v0__buf_1)
     4    0.031283    0.793815    0.691117   42.932884 ^ wire32/Z (gf180mcu_fd_sc_mcu7t5v0__buf_1)
                                                         net32 (net)
                      0.793820    0.001151   42.934036 ^ load_slew31/I (gf180mcu_fd_sc_mcu7t5v0__clkbuf_2)
     4    0.032997    0.441133    0.623590   43.557625 ^ load_slew31/Z (gf180mcu_fd_sc_mcu7t5v0__clkbuf_2)
                                                         net31 (net)
                      0.441134    0.001254   43.558880 ^ load_slew30/I (gf180mcu_fd_sc_mcu7t5v0__clkbuf_1)
     3    0.026687    0.678906    0.636646   44.195526 ^ load_slew30/Z (gf180mcu_fd_sc_mcu7t5v0__clkbuf_1)
                                                         net30 (net)
                      0.678911    0.001066   44.196590 ^ _108_/I (gf180mcu_fd_sc_mcu7t5v0__clkinv_1)
     4    0.025678    0.595539    0.524601   44.721191 v _108_/ZN (gf180mcu_fd_sc_mcu7t5v0__clkinv_1)
                                                         _101_ (net)
                      0.595539    0.000512   44.721703 v _142_/A1 (gf180mcu_fd_sc_mcu7t5v0__nor2_1)
     2    0.009696    0.613647    0.522750   45.244453 ^ _142_/ZN (gf180mcu_fd_sc_mcu7t5v0__nor2_1)
                                                         _054_ (net)
                      0.613647    0.000206   45.244659 ^ fanout21/I (gf180mcu_fd_sc_mcu7t5v0__dlyb_1)
     4    0.027274    0.714965    1.694048   46.938705 ^ fanout21/Z (gf180mcu_fd_sc_mcu7t5v0__dlyb_1)
                                                         net21 (net)
                      0.714970    0.001364   46.940071 ^ wire22/I (gf180mcu_fd_sc_mcu7t5v0__buf_1)
     5    0.034835    0.875097    0.777508   47.717579 ^ wire22/Z (gf180mcu_fd_sc_mcu7t5v0__buf_1)
                                                         net22 (net)
                      0.875097    0.000867   47.718445 ^ _144_/A2 (gf180mcu_fd_sc_mcu7t5v0__nand2_1)
     1    0.008403    0.339329    0.247319   47.965763 v _144_/ZN (gf180mcu_fd_sc_mcu7t5v0__nand2_1)
                                                         _056_ (net)
                      0.339329    0.000437   47.966202 v _145_/B (gf180mcu_fd_sc_mcu7t5v0__oai21_1)
     1    0.005368    0.476912    0.353158   48.319359 ^ _145_/ZN (gf180mcu_fd_sc_mcu7t5v0__oai21_1)
                                                         _014_ (net)
                      0.476912    0.000139   48.319496 ^ _227_/D (gf180mcu_fd_sc_mcu7t5v0__dffrnq_1)
                                             48.319496   data arrival time

                                200.000000  200.000000   clock clk (rise edge)
                                  0.000000  200.000000   clock source latency
     1    0.043337    0.298221    0.151559  200.151550 ^ clk (in)
                                                         clk (net)
                      0.298224    0.000000  200.151550 ^ clkbuf_0_clk/I (gf180mcu_fd_sc_mcu7t5v0__clkbuf_16)
     8    0.200996    0.354491    0.506944  200.658493 ^ clkbuf_0_clk/Z (gf180mcu_fd_sc_mcu7t5v0__clkbuf_16)
                                                         clknet_0_clk (net)
                      0.354508    0.003737  200.662231 ^ clkbuf_3_6__f_clk/I (gf180mcu_fd_sc_mcu7t5v0__clkbuf_16)
     6    0.030645    0.134423    0.362078  201.024307 ^ clkbuf_3_6__f_clk/Z (gf180mcu_fd_sc_mcu7t5v0__clkbuf_16)
                                                         clknet_3_6__leaf_clk (net)
                      0.134423    0.000568  201.024887 ^ _227_/CLK (gf180mcu_fd_sc_mcu7t5v0__dffrnq_1)
                                 -0.250000  200.774887   clock uncertainty
                                  0.000000  200.774887   clock reconvergence pessimism
                                 -0.520452  200.254425   library setup time
                                            200.254425   data required time
---------------------------------------------------------------------------------------------
                                            200.254425   data required time
                                            -48.319496   data arrival time
---------------------------------------------------------------------------------------------
                                            151.934937   slack (MET)


Startpoint: soft_rst_n (input port clocked by clk)
Endpoint: _225_ (rising edge-triggered flip-flop clocked by clk)
Path Group: clk
Path Type: max

Fanout         Cap        Slew       Delay        Time   Description
---------------------------------------------------------------------------------------------
                                  0.000000    0.000000   clock clk (rise edge)
                                  0.000000    0.000000   clock network delay (propagated)
                                 40.000000   40.000000 ^ input external delay
     1    0.006252    0.215082    0.086668   40.086670 ^ soft_rst_n (in)
                                                         soft_rst_n (net)
                      0.215082    0.000000   40.086670 ^ input5/I (gf180mcu_fd_sc_mcu7t5v0__buf_1)
     5    0.032357    0.818064    0.682249   40.768917 ^ input5/Z (gf180mcu_fd_sc_mcu7t5v0__buf_1)
                                                         net5 (net)
                      0.818069    0.001180   40.770100 ^ fanout29/I (gf180mcu_fd_sc_mcu7t5v0__dlyb_1)
     2    0.010505    0.352987    1.471214   42.241314 ^ fanout29/Z (gf180mcu_fd_sc_mcu7t5v0__dlyb_1)
                                                         net29 (net)
                      0.352987    0.000455   42.241768 ^ wire32/I (gf180mcu_fd_sc_mcu7t5v0__buf_1)
     4    0.031283    0.793815    0.691117   42.932884 ^ wire32/Z (gf180mcu_fd_sc_mcu7t5v0__buf_1)
                                                         net32 (net)
                      0.793820    0.001151   42.934036 ^ load_slew31/I (gf180mcu_fd_sc_mcu7t5v0__clkbuf_2)
     4    0.032997    0.441133    0.623590   43.557625 ^ load_slew31/Z (gf180mcu_fd_sc_mcu7t5v0__clkbuf_2)
                                                         net31 (net)
                      0.441134    0.001254   43.558880 ^ load_slew30/I (gf180mcu_fd_sc_mcu7t5v0__clkbuf_1)
     3    0.026687    0.678906    0.636646   44.195526 ^ load_slew30/Z (gf180mcu_fd_sc_mcu7t5v0__clkbuf_1)
                                                         net30 (net)
                      0.678911    0.001066   44.196590 ^ _108_/I (gf180mcu_fd_sc_mcu7t5v0__clkinv_1)
     4    0.025678    0.595539    0.524601   44.721191 v _108_/ZN (gf180mcu_fd_sc_mcu7t5v0__clkinv_1)
                                                         _101_ (net)
                      0.595539    0.000512   44.721703 v _142_/A1 (gf180mcu_fd_sc_mcu7t5v0__nor2_1)
     2    0.009696    0.613647    0.522750   45.244453 ^ _142_/ZN (gf180mcu_fd_sc_mcu7t5v0__nor2_1)
                                                         _054_ (net)
                      0.613647    0.000206   45.244659 ^ fanout21/I (gf180mcu_fd_sc_mcu7t5v0__dlyb_1)
     4    0.027274    0.714965    1.694048   46.938705 ^ fanout21/Z (gf180mcu_fd_sc_mcu7t5v0__dlyb_1)
                                                         net21 (net)
                      0.714970    0.001364   46.940071 ^ wire22/I (gf180mcu_fd_sc_mcu7t5v0__buf_1)
     5    0.034835    0.875097    0.777508   47.717579 ^ wire22/Z (gf180mcu_fd_sc_mcu7t5v0__buf_1)
                                                         net22 (net)
                      0.875097    0.000664   47.718243 ^ _212_/A2 (gf180mcu_fd_sc_mcu7t5v0__nand2_1)
     1    0.007442    0.323423    0.231317   47.949562 v _212_/ZN (gf180mcu_fd_sc_mcu7t5v0__nand2_1)
                                                         _099_ (net)
                      0.323423    0.000416   47.949978 v _213_/B (gf180mcu_fd_sc_mcu7t5v0__oai21_1)
     1    0.005198    0.471108    0.345310   48.295284 ^ _213_/ZN (gf180mcu_fd_sc_mcu7t5v0__oai21_1)
                                                         _039_ (net)
                      0.471108    0.000139   48.295425 ^ _225_/D (gf180mcu_fd_sc_mcu7t5v0__dffrnq_1)
                                             48.295425   data arrival time

                                200.000000  200.000000   clock clk (rise edge)
                                  0.000000  200.000000   clock source latency
     1    0.043337    0.298221    0.151559  200.151550 ^ clk (in)
                                                         clk (net)
                      0.298224    0.000000  200.151550 ^ clkbuf_0_clk/I (gf180mcu_fd_sc_mcu7t5v0__clkbuf_16)
     8    0.200996    0.354491    0.506944  200.658493 ^ clkbuf_0_clk/Z (gf180mcu_fd_sc_mcu7t5v0__clkbuf_16)
                                                         clknet_0_clk (net)
                      0.354508    0.003737  200.662231 ^ clkbuf_3_6__f_clk/I (gf180mcu_fd_sc_mcu7t5v0__clkbuf_16)
     6    0.030645    0.134423    0.362078  201.024307 ^ clkbuf_3_6__f_clk/Z (gf180mcu_fd_sc_mcu7t5v0__clkbuf_16)
                                                         clknet_3_6__leaf_clk (net)
                      0.134423    0.000568  201.024887 ^ _225_/CLK (gf180mcu_fd_sc_mcu7t5v0__dffrnq_1)
                                 -0.250000  200.774887   clock uncertainty
                                  0.000000  200.774887   clock reconvergence pessimism
                                 -0.519415  200.255463   library setup time
                                            200.255463   data required time
---------------------------------------------------------------------------------------------
                                            200.255463   data required time
                                            -48.295425   data arrival time
---------------------------------------------------------------------------------------------
                                            151.960037   slack (MET)


Startpoint: soft_rst_n (input port clocked by clk)
Endpoint: _228_ (rising edge-triggered flip-flop clocked by clk)
Path Group: clk
Path Type: max

Fanout         Cap        Slew       Delay        Time   Description
---------------------------------------------------------------------------------------------
                                  0.000000    0.000000   clock clk (rise edge)
                                  0.000000    0.000000   clock network delay (propagated)
                                 40.000000   40.000000 ^ input external delay
     1    0.006252    0.215082    0.086668   40.086670 ^ soft_rst_n (in)
                                                         soft_rst_n (net)
                      0.215082    0.000000   40.086670 ^ input5/I (gf180mcu_fd_sc_mcu7t5v0__buf_1)
     5    0.032357    0.818064    0.682249   40.768917 ^ input5/Z (gf180mcu_fd_sc_mcu7t5v0__buf_1)
                                                         net5 (net)
                      0.818069    0.001180   40.770100 ^ fanout29/I (gf180mcu_fd_sc_mcu7t5v0__dlyb_1)
     2    0.010505    0.352987    1.471214   42.241314 ^ fanout29/Z (gf180mcu_fd_sc_mcu7t5v0__dlyb_1)
                                                         net29 (net)
                      0.352987    0.000455   42.241768 ^ wire32/I (gf180mcu_fd_sc_mcu7t5v0__buf_1)
     4    0.031283    0.793815    0.691117   42.932884 ^ wire32/Z (gf180mcu_fd_sc_mcu7t5v0__buf_1)
                                                         net32 (net)
                      0.793820    0.001151   42.934036 ^ load_slew31/I (gf180mcu_fd_sc_mcu7t5v0__clkbuf_2)
     4    0.032997    0.441133    0.623590   43.557625 ^ load_slew31/Z (gf180mcu_fd_sc_mcu7t5v0__clkbuf_2)
                                                         net31 (net)
                      0.441134    0.001254   43.558880 ^ load_slew30/I (gf180mcu_fd_sc_mcu7t5v0__clkbuf_1)
     3    0.026687    0.678906    0.636646   44.195526 ^ load_slew30/Z (gf180mcu_fd_sc_mcu7t5v0__clkbuf_1)
                                                         net30 (net)
                      0.678911    0.001066   44.196590 ^ _108_/I (gf180mcu_fd_sc_mcu7t5v0__clkinv_1)
     4    0.025678    0.595539    0.524601   44.721191 v _108_/ZN (gf180mcu_fd_sc_mcu7t5v0__clkinv_1)
                                                         _101_ (net)
                      0.595539    0.000512   44.721703 v _142_/A1 (gf180mcu_fd_sc_mcu7t5v0__nor2_1)
     2    0.009696    0.613647    0.522750   45.244453 ^ _142_/ZN (gf180mcu_fd_sc_mcu7t5v0__nor2_1)
                                                         _054_ (net)
                      0.613647    0.000206   45.244659 ^ fanout21/I (gf180mcu_fd_sc_mcu7t5v0__dlyb_1)
     4    0.027274    0.714965    1.694048   46.938705 ^ fanout21/Z (gf180mcu_fd_sc_mcu7t5v0__dlyb_1)
                                                         net21 (net)
                      0.714970    0.001364   46.940071 ^ wire22/I (gf180mcu_fd_sc_mcu7t5v0__buf_1)
     5    0.034835    0.875097    0.777508   47.717579 ^ wire22/Z (gf180mcu_fd_sc_mcu7t5v0__buf_1)
                                                         net22 (net)
                      0.875097    0.000661   47.718239 ^ _147_/A2 (gf180mcu_fd_sc_mcu7t5v0__nand2_1)
     1    0.006835    0.313402    0.221227   47.939468 v _147_/ZN (gf180mcu_fd_sc_mcu7t5v0__nand2_1)
                                                         _058_ (net)
                      0.313402    0.000391   47.939857 v _148_/B (gf180mcu_fd_sc_mcu7t5v0__oai21_1)
     1    0.004865    0.439010    0.336975   48.276833 ^ _148_/ZN (gf180mcu_fd_sc_mcu7t5v0__oai21_1)
                                                         _015_ (net)
                      0.439010    0.000135   48.276966 ^ _228_/D (gf180mcu_fd_sc_mcu7t5v0__dffrnq_1)
                                             48.276966   data arrival time

                                200.000000  200.000000   clock clk (rise edge)
                                  0.000000  200.000000   clock source latency
     1    0.043337    0.298221    0.151559  200.151550 ^ clk (in)
                                                         clk (net)
                      0.298224    0.000000  200.151550 ^ clkbuf_0_clk/I (gf180mcu_fd_sc_mcu7t5v0__clkbuf_16)
     8    0.200996    0.354491    0.506944  200.658493 ^ clkbuf_0_clk/Z (gf180mcu_fd_sc_mcu7t5v0__clkbuf_16)
                                                         clknet_0_clk (net)
                      0.354508    0.003737  200.662231 ^ clkbuf_3_6__f_clk/I (gf180mcu_fd_sc_mcu7t5v0__clkbuf_16)
     6    0.030645    0.134423    0.362078  201.024307 ^ clkbuf_3_6__f_clk/Z (gf180mcu_fd_sc_mcu7t5v0__clkbuf_16)
                                                         clknet_3_6__leaf_clk (net)
                      0.134423    0.000568  201.024887 ^ _228_/CLK (gf180mcu_fd_sc_mcu7t5v0__dffrnq_1)
                                 -0.250000  200.774887   clock uncertainty
                                  0.000000  200.774887   clock reconvergence pessimism
                                 -0.513680  200.261200   library setup time
                                            200.261200   data required time
---------------------------------------------------------------------------------------------
                                            200.261200   data required time
                                            -48.276966   data arrival time
---------------------------------------------------------------------------------------------
                                            151.984238   slack (MET)


Startpoint: soft_rst_n (input port clocked by clk)
Endpoint: _224_ (rising edge-triggered flip-flop clocked by clk)
Path Group: clk
Path Type: max

Fanout         Cap        Slew       Delay        Time   Description
---------------------------------------------------------------------------------------------
                                  0.000000    0.000000   clock clk (rise edge)
                                  0.000000    0.000000   clock network delay (propagated)
                                 40.000000   40.000000 ^ input external delay
     1    0.006252    0.215082    0.086668   40.086670 ^ soft_rst_n (in)
                                                         soft_rst_n (net)
                      0.215082    0.000000   40.086670 ^ input5/I (gf180mcu_fd_sc_mcu7t5v0__buf_1)
     5    0.032357    0.818064    0.682249   40.768917 ^ input5/Z (gf180mcu_fd_sc_mcu7t5v0__buf_1)
                                                         net5 (net)
                      0.818069    0.001180   40.770100 ^ fanout29/I (gf180mcu_fd_sc_mcu7t5v0__dlyb_1)
     2    0.010505    0.352987    1.471214   42.241314 ^ fanout29/Z (gf180mcu_fd_sc_mcu7t5v0__dlyb_1)
                                                         net29 (net)
                      0.352987    0.000455   42.241768 ^ wire32/I (gf180mcu_fd_sc_mcu7t5v0__buf_1)
     4    0.031283    0.793815    0.691117   42.932884 ^ wire32/Z (gf180mcu_fd_sc_mcu7t5v0__buf_1)
                                                         net32 (net)
                      0.793820    0.001151   42.934036 ^ load_slew31/I (gf180mcu_fd_sc_mcu7t5v0__clkbuf_2)
     4    0.032997    0.441133    0.623590   43.557625 ^ load_slew31/Z (gf180mcu_fd_sc_mcu7t5v0__clkbuf_2)
                                                         net31 (net)
                      0.441134    0.001254   43.558880 ^ load_slew30/I (gf180mcu_fd_sc_mcu7t5v0__clkbuf_1)
     3    0.026687    0.678906    0.636646   44.195526 ^ load_slew30/Z (gf180mcu_fd_sc_mcu7t5v0__clkbuf_1)
                                                         net30 (net)
                      0.678911    0.001066   44.196590 ^ _108_/I (gf180mcu_fd_sc_mcu7t5v0__clkinv_1)
     4    0.025678    0.595539    0.524601   44.721191 v _108_/ZN (gf180mcu_fd_sc_mcu7t5v0__clkinv_1)
                                                         _101_ (net)
                      0.595539    0.000512   44.721703 v _142_/A1 (gf180mcu_fd_sc_mcu7t5v0__nor2_1)
     2    0.009696    0.613647    0.522750   45.244453 ^ _142_/ZN (gf180mcu_fd_sc_mcu7t5v0__nor2_1)
                                                         _054_ (net)
                      0.613647    0.000206   45.244659 ^ fanout21/I (gf180mcu_fd_sc_mcu7t5v0__dlyb_1)
     4    0.027274    0.714965    1.694048   46.938705 ^ fanout21/Z (gf180mcu_fd_sc_mcu7t5v0__dlyb_1)
                                                         net21 (net)
                      0.714970    0.001364   46.940071 ^ wire22/I (gf180mcu_fd_sc_mcu7t5v0__buf_1)
     5    0.034835    0.875097    0.777508   47.717579 ^ wire22/Z (gf180mcu_fd_sc_mcu7t5v0__buf_1)
                                                         net22 (net)
                      0.875097    0.000664   47.718243 ^ _210_/A2 (gf180mcu_fd_sc_mcu7t5v0__nand2_1)
     1    0.006259    0.303874    0.211699   47.929943 v _210_/ZN (gf180mcu_fd_sc_mcu7t5v0__nand2_1)
                                                         _098_ (net)
                      0.303874    0.000188   47.930130 v _211_/B (gf180mcu_fd_sc_mcu7t5v0__oai21_1)
     1    0.004388    0.421455    0.326679   48.256809 ^ _211_/ZN (gf180mcu_fd_sc_mcu7t5v0__oai21_1)
                                                         _038_ (net)
                      0.421455    0.000121   48.256931 ^ _224_/D (gf180mcu_fd_sc_mcu7t5v0__dffrnq_1)
                                             48.256931   data arrival time

                                200.000000  200.000000   clock clk (rise edge)
                                  0.000000  200.000000   clock source latency
     1    0.043337    0.298221    0.151559  200.151550 ^ clk (in)
                                                         clk (net)
                      0.298224    0.000000  200.151550 ^ clkbuf_0_clk/I (gf180mcu_fd_sc_mcu7t5v0__clkbuf_16)
     8    0.200996    0.354491    0.506944  200.658493 ^ clkbuf_0_clk/Z (gf180mcu_fd_sc_mcu7t5v0__clkbuf_16)
                                                         clknet_0_clk (net)
                      0.354508    0.003737  200.662231 ^ clkbuf_3_3__f_clk/I (gf180mcu_fd_sc_mcu7t5v0__clkbuf_16)
     6    0.030928    0.134794    0.362391  201.024628 ^ clkbuf_3_3__f_clk/Z (gf180mcu_fd_sc_mcu7t5v0__clkbuf_16)
                                                         clknet_3_3__leaf_clk (net)
                      0.134795    0.000554  201.025177 ^ _224_/CLK (gf180mcu_fd_sc_mcu7t5v0__dffrnq_1)
                                 -0.250000  200.775177   clock uncertainty
                                  0.000000  200.775177   clock reconvergence pessimism
                                 -0.510430  200.264755   library setup time
                                            200.264755   data required time
---------------------------------------------------------------------------------------------
                                            200.264755   data required time
                                            -48.256931   data arrival time
---------------------------------------------------------------------------------------------
                                            152.007828   slack (MET)


Startpoint: soft_rst_n (input port clocked by clk)
Endpoint: _239_ (rising edge-triggered flip-flop clocked by clk)
Path Group: clk
Path Type: max

Fanout         Cap        Slew       Delay        Time   Description
---------------------------------------------------------------------------------------------
                                  0.000000    0.000000   clock clk (rise edge)
                                  0.000000    0.000000   clock network delay (propagated)
                                 40.000000   40.000000 ^ input external delay
     1    0.006252    0.215082    0.086668   40.086670 ^ soft_rst_n (in)
                                                         soft_rst_n (net)
                      0.215082    0.000000   40.086670 ^ input5/I (gf180mcu_fd_sc_mcu7t5v0__buf_1)
     5    0.032357    0.818064    0.682249   40.768917 ^ input5/Z (gf180mcu_fd_sc_mcu7t5v0__buf_1)
                                                         net5 (net)
                      0.818069    0.001180   40.770100 ^ fanout29/I (gf180mcu_fd_sc_mcu7t5v0__dlyb_1)
     2    0.010505    0.352987    1.471214   42.241314 ^ fanout29/Z (gf180mcu_fd_sc_mcu7t5v0__dlyb_1)
                                                         net29 (net)
                      0.352987    0.000455   42.241768 ^ wire32/I (gf180mcu_fd_sc_mcu7t5v0__buf_1)
     4    0.031283    0.793815    0.691117   42.932884 ^ wire32/Z (gf180mcu_fd_sc_mcu7t5v0__buf_1)
                                                         net32 (net)
                      0.793820    0.001151   42.934036 ^ load_slew31/I (gf180mcu_fd_sc_mcu7t5v0__clkbuf_2)
     4    0.032997    0.441133    0.623590   43.557625 ^ load_slew31/Z (gf180mcu_fd_sc_mcu7t5v0__clkbuf_2)
                                                         net31 (net)
                      0.441134    0.001254   43.558880 ^ load_slew30/I (gf180mcu_fd_sc_mcu7t5v0__clkbuf_1)
     3    0.026687    0.678906    0.636646   44.195526 ^ load_slew30/Z (gf180mcu_fd_sc_mcu7t5v0__clkbuf_1)
                                                         net30 (net)
                      0.678911    0.001066   44.196590 ^ _108_/I (gf180mcu_fd_sc_mcu7t5v0__clkinv_1)
     4    0.025678    0.595539    0.524601   44.721191 v _108_/ZN (gf180mcu_fd_sc_mcu7t5v0__clkinv_1)
                                                         _101_ (net)
                      0.595539    0.000512   44.721703 v _142_/A1 (gf180mcu_fd_sc_mcu7t5v0__nor2_1)
     2    0.009696    0.613647    0.522750   45.244453 ^ _142_/ZN (gf180mcu_fd_sc_mcu7t5v0__nor2_1)
                                                         _054_ (net)
                      0.613647    0.000206   45.244659 ^ fanout21/I (gf180mcu_fd_sc_mcu7t5v0__dlyb_1)
     4    0.027274    0.714965    1.694048   46.938705 ^ fanout21/Z (gf180mcu_fd_sc_mcu7t5v0__dlyb_1)
                                                         net21 (net)
                      0.714970    0.001400   46.940105 ^ load_slew23/I (gf180mcu_fd_sc_mcu7t5v0__buf_2)
     3    0.024795    0.342274    0.454939   47.395046 ^ load_slew23/Z (gf180mcu_fd_sc_mcu7t5v0__buf_2)
                                                         net23 (net)
                      0.342277    0.001528   47.396572 ^ _180_/A2 (gf180mcu_fd_sc_mcu7t5v0__nand2_1)
     3    0.021152    0.577939    0.373824   47.770397 v _180_/ZN (gf180mcu_fd_sc_mcu7t5v0__nand2_1)
                                                         _080_ (net)
                      0.577939    0.000433   47.770832 v _181_/A2 (gf180mcu_fd_sc_mcu7t5v0__oai21_1)
     1    0.005633    0.484804    0.433257   48.204086 ^ _181_/ZN (gf180mcu_fd_sc_mcu7t5v0__oai21_1)
                                                         _026_ (net)
                      0.484804    0.000142   48.204231 ^ _239_/D (gf180mcu_fd_sc_mcu7t5v0__dffrnq_1)
                                             48.204231   data arrival time

                                200.000000  200.000000   clock clk (rise edge)
                                  0.000000  200.000000   clock source latency
     1    0.043337    0.298221    0.151559  200.151550 ^ clk (in)
                                                         clk (net)
                      0.298224    0.000000  200.151550 ^ clkbuf_0_clk/I (gf180mcu_fd_sc_mcu7t5v0__clkbuf_16)
     8    0.200996    0.354491    0.506944  200.658493 ^ clkbuf_0_clk/Z (gf180mcu_fd_sc_mcu7t5v0__clkbuf_16)
                                                         clknet_0_clk (net)
                      0.354508    0.003752  200.662247 ^ clkbuf_3_0__f_clk/I (gf180mcu_fd_sc_mcu7t5v0__clkbuf_16)
     6    0.036406    0.141994    0.368644  201.030899 ^ clkbuf_3_0__f_clk/Z (gf180mcu_fd_sc_mcu7t5v0__clkbuf_16)
                                                         clknet_3_0__leaf_clk (net)
                      0.141995    0.000668  201.031555 ^ _239_/CLK (gf180mcu_fd_sc_mcu7t5v0__dffrnq_1)
                                 -0.250000  200.781555   clock uncertainty
                                  0.000000  200.781555   clock reconvergence pessimism
                                 -0.519531  200.262024   library setup time
                                            200.262024   data required time
---------------------------------------------------------------------------------------------
                                            200.262024   data required time
                                            -48.204231   data arrival time
---------------------------------------------------------------------------------------------
                                            152.057800   slack (MET)


Startpoint: soft_rst_n (input port clocked by clk)
Endpoint: _241_ (rising edge-triggered flip-flop clocked by clk)
Path Group: clk
Path Type: max

Fanout         Cap        Slew       Delay        Time   Description
---------------------------------------------------------------------------------------------
                                  0.000000    0.000000   clock clk (rise edge)
                                  0.000000    0.000000   clock network delay (propagated)
                                 40.000000   40.000000 ^ input external delay
     1    0.006252    0.215082    0.086668   40.086670 ^ soft_rst_n (in)
                                                         soft_rst_n (net)
                      0.215082    0.000000   40.086670 ^ input5/I (gf180mcu_fd_sc_mcu7t5v0__buf_1)
     5    0.032357    0.818064    0.682249   40.768917 ^ input5/Z (gf180mcu_fd_sc_mcu7t5v0__buf_1)
                                                         net5 (net)
                      0.818069    0.001180   40.770100 ^ fanout29/I (gf180mcu_fd_sc_mcu7t5v0__dlyb_1)
     2    0.010505    0.352987    1.471214   42.241314 ^ fanout29/Z (gf180mcu_fd_sc_mcu7t5v0__dlyb_1)
                                                         net29 (net)
                      0.352987    0.000455   42.241768 ^ wire32/I (gf180mcu_fd_sc_mcu7t5v0__buf_1)
     4    0.031283    0.793815    0.691117   42.932884 ^ wire32/Z (gf180mcu_fd_sc_mcu7t5v0__buf_1)
                                                         net32 (net)
                      0.793820    0.001151   42.934036 ^ load_slew31/I (gf180mcu_fd_sc_mcu7t5v0__clkbuf_2)
     4    0.032997    0.441133    0.623590   43.557625 ^ load_slew31/Z (gf180mcu_fd_sc_mcu7t5v0__clkbuf_2)
                                                         net31 (net)
                      0.441134    0.001254   43.558880 ^ load_slew30/I (gf180mcu_fd_sc_mcu7t5v0__clkbuf_1)
     3    0.026687    0.678906    0.636646   44.195526 ^ load_slew30/Z (gf180mcu_fd_sc_mcu7t5v0__clkbuf_1)
                                                         net30 (net)
                      0.678911    0.001066   44.196590 ^ _108_/I (gf180mcu_fd_sc_mcu7t5v0__clkinv_1)
     4    0.025678    0.595539    0.524601   44.721191 v _108_/ZN (gf180mcu_fd_sc_mcu7t5v0__clkinv_1)
                                                         _101_ (net)
                      0.595539    0.000512   44.721703 v _142_/A1 (gf180mcu_fd_sc_mcu7t5v0__nor2_1)
     2    0.009696    0.613647    0.522750   45.244453 ^ _142_/ZN (gf180mcu_fd_sc_mcu7t5v0__nor2_1)
                                                         _054_ (net)
                      0.613647    0.000206   45.244659 ^ fanout21/I (gf180mcu_fd_sc_mcu7t5v0__dlyb_1)
     4    0.027274    0.714965    1.694048   46.938705 ^ fanout21/Z (gf180mcu_fd_sc_mcu7t5v0__dlyb_1)
                                                         net21 (net)
                      0.714970    0.001400   46.940105 ^ load_slew23/I (gf180mcu_fd_sc_mcu7t5v0__buf_2)
     3    0.024795    0.342274    0.454939   47.395046 ^ load_slew23/Z (gf180mcu_fd_sc_mcu7t5v0__buf_2)
                                                         net23 (net)
                      0.342277    0.001545   47.396591 ^ _186_/A1 (gf180mcu_fd_sc_mcu7t5v0__nand2_1)
     1    0.005466    0.275395    0.185789   47.582378 v _186_/ZN (gf180mcu_fd_sc_mcu7t5v0__nand2_1)
                                                         _084_ (net)
                      0.275395    0.000171   47.582550 v _189_/A2 (gf180mcu_fd_sc_mcu7t5v0__aoi22_1)
     1    0.006043    0.623611    0.453355   48.035904 ^ _189_/ZN (gf180mcu_fd_sc_mcu7t5v0__aoi22_1)
                                                         _028_ (net)
                      0.623611    0.000334   48.036240 ^ _241_/D (gf180mcu_fd_sc_mcu7t5v0__dffrnq_1)
                                             48.036240   data arrival time

                                200.000000  200.000000   clock clk (rise edge)
                                  0.000000  200.000000   clock source latency
     1    0.043337    0.298221    0.151559  200.151550 ^ clk (in)
                                                         clk (net)
                      0.298224    0.000000  200.151550 ^ clkbuf_0_clk/I (gf180mcu_fd_sc_mcu7t5v0__clkbuf_16)
     8    0.200996    0.354491    0.506944  200.658493 ^ clkbuf_0_clk/Z (gf180mcu_fd_sc_mcu7t5v0__clkbuf_16)
                                                         clknet_0_clk (net)
                      0.354508    0.003752  200.662247 ^ clkbuf_3_0__f_clk/I (gf180mcu_fd_sc_mcu7t5v0__clkbuf_16)
     6    0.036406    0.141994    0.368644  201.030899 ^ clkbuf_3_0__f_clk/Z (gf180mcu_fd_sc_mcu7t5v0__clkbuf_16)
                                                         clknet_3_0__leaf_clk (net)
                      0.141999    0.001336  201.032227 ^ _241_/CLK (gf180mcu_fd_sc_mcu7t5v0__dffrnq_1)
                                 -0.250000  200.782227   clock uncertainty
                                  0.000000  200.782227   clock reconvergence pessimism
                                 -0.544282  200.237961   library setup time
                                            200.237961   data required time
---------------------------------------------------------------------------------------------
                                            200.237961   data required time
                                            -48.036240   data arrival time
---------------------------------------------------------------------------------------------
                                            152.201706   slack (MET)


Startpoint: soft_rst_n (input port clocked by clk)
Endpoint: _217_ (rising edge-triggered flip-flop clocked by clk)
Path Group: clk
Path Type: max

Fanout         Cap        Slew       Delay        Time   Description
---------------------------------------------------------------------------------------------
                                  0.000000    0.000000   clock clk (rise edge)
                                  0.000000    0.000000   clock network delay (propagated)
                                 40.000000   40.000000 ^ input external delay
     1    0.006252    0.215082    0.086668   40.086670 ^ soft_rst_n (in)
                                                         soft_rst_n (net)
                      0.215082    0.000000   40.086670 ^ input5/I (gf180mcu_fd_sc_mcu7t5v0__buf_1)
     5    0.032357    0.818064    0.682249   40.768917 ^ input5/Z (gf180mcu_fd_sc_mcu7t5v0__buf_1)
                                                         net5 (net)
                      0.818069    0.001180   40.770100 ^ fanout29/I (gf180mcu_fd_sc_mcu7t5v0__dlyb_1)
     2    0.010505    0.352987    1.471214   42.241314 ^ fanout29/Z (gf180mcu_fd_sc_mcu7t5v0__dlyb_1)
                                                         net29 (net)
                      0.352987    0.000455   42.241768 ^ wire32/I (gf180mcu_fd_sc_mcu7t5v0__buf_1)
     4    0.031283    0.793815    0.691117   42.932884 ^ wire32/Z (gf180mcu_fd_sc_mcu7t5v0__buf_1)
                                                         net32 (net)
                      0.793820    0.001151   42.934036 ^ load_slew31/I (gf180mcu_fd_sc_mcu7t5v0__clkbuf_2)
     4    0.032997    0.441133    0.623590   43.557625 ^ load_slew31/Z (gf180mcu_fd_sc_mcu7t5v0__clkbuf_2)
                                                         net31 (net)
                      0.441134    0.001254   43.558880 ^ load_slew30/I (gf180mcu_fd_sc_mcu7t5v0__clkbuf_1)
     3    0.026687    0.678906    0.636646   44.195526 ^ load_slew30/Z (gf180mcu_fd_sc_mcu7t5v0__clkbuf_1)
                                                         net30 (net)
                      0.678911    0.001066   44.196590 ^ _108_/I (gf180mcu_fd_sc_mcu7t5v0__clkinv_1)
     4    0.025678    0.595539    0.524601   44.721191 v _108_/ZN (gf180mcu_fd_sc_mcu7t5v0__clkinv_1)
                                                         _101_ (net)
                      0.595539    0.000512   44.721703 v _142_/A1 (gf180mcu_fd_sc_mcu7t5v0__nor2_1)
     2    0.009696    0.613647    0.522750   45.244453 ^ _142_/ZN (gf180mcu_fd_sc_mcu7t5v0__nor2_1)
                                                         _054_ (net)
                      0.613647    0.000206   45.244659 ^ fanout21/I (gf180mcu_fd_sc_mcu7t5v0__dlyb_1)
     4    0.027274    0.714965    1.694048   46.938705 ^ fanout21/Z (gf180mcu_fd_sc_mcu7t5v0__dlyb_1)
                                                         net21 (net)
                      0.714970    0.001400   46.940105 ^ load_slew23/I (gf180mcu_fd_sc_mcu7t5v0__buf_2)
     3    0.024795    0.342274    0.454939   47.395046 ^ load_slew23/Z (gf180mcu_fd_sc_mcu7t5v0__buf_2)
                                                         net23 (net)
                      0.342276    0.001236   47.396282 ^ _197_/A2 (gf180mcu_fd_sc_mcu7t5v0__nand2_1)
     1    0.006349    0.280613    0.192003   47.588284 v _197_/ZN (gf180mcu_fd_sc_mcu7t5v0__nand2_1)
                                                         _092_ (net)
                      0.280613    0.000366   47.588650 v _198_/B (gf180mcu_fd_sc_mcu7t5v0__oai21_1)
     1    0.005670    0.466489    0.338307   47.926956 ^ _198_/ZN (gf180mcu_fd_sc_mcu7t5v0__oai21_1)
                                                         _031_ (net)
                      0.466489    0.000309   47.927265 ^ _217_/D (gf180mcu_fd_sc_mcu7t5v0__dffrnq_1)
                                             47.927265   data arrival time

                                200.000000  200.000000   clock clk (rise edge)
                                  0.000000  200.000000   clock source latency
     1    0.043337    0.298221    0.151559  200.151550 ^ clk (in)
                                                         clk (net)
                      0.298224    0.000000  200.151550 ^ clkbuf_0_clk/I (gf180mcu_fd_sc_mcu7t5v0__clkbuf_16)
     8    0.200996    0.354491    0.506944  200.658493 ^ clkbuf_0_clk/Z (gf180mcu_fd_sc_mcu7t5v0__clkbuf_16)
                                                         clknet_0_clk (net)
                      0.354508    0.003737  200.662231 ^ clkbuf_3_2__f_clk/I (gf180mcu_fd_sc_mcu7t5v0__clkbuf_16)
     6    0.031161    0.135101    0.362661  201.024902 ^ clkbuf_3_2__f_clk/Z (gf180mcu_fd_sc_mcu7t5v0__clkbuf_16)
                                                         clknet_3_2__leaf_clk (net)
                      0.135102    0.000739  201.025635 ^ _217_/CLK (gf180mcu_fd_sc_mcu7t5v0__dffrnq_1)
                                 -0.250000  200.775635   clock uncertainty
                                  0.000000  200.775635   clock reconvergence pessimism
                                 -0.518381  200.257248   library setup time
                                            200.257248   data required time
---------------------------------------------------------------------------------------------
                                            200.257248   data required time
                                            -47.927265   data arrival time
---------------------------------------------------------------------------------------------
                                            152.329987   slack (MET)


Startpoint: soft_rst_n (input port clocked by clk)
Endpoint: _221_ (rising edge-triggered flip-flop clocked by clk)
Path Group: clk
Path Type: max

Fanout         Cap        Slew       Delay        Time   Description
---------------------------------------------------------------------------------------------
                                  0.000000    0.000000   clock clk (rise edge)
                                  0.000000    0.000000   clock network delay (propagated)
                                 40.000000   40.000000 ^ input external delay
     1    0.006252    0.215082    0.086668   40.086670 ^ soft_rst_n (in)
                                                         soft_rst_n (net)
                      0.215082    0.000000   40.086670 ^ input5/I (gf180mcu_fd_sc_mcu7t5v0__buf_1)
     5    0.032357    0.818064    0.682249   40.768917 ^ input5/Z (gf180mcu_fd_sc_mcu7t5v0__buf_1)
                                                         net5 (net)
                      0.818069    0.001180   40.770100 ^ fanout29/I (gf180mcu_fd_sc_mcu7t5v0__dlyb_1)
     2    0.010505    0.352987    1.471214   42.241314 ^ fanout29/Z (gf180mcu_fd_sc_mcu7t5v0__dlyb_1)
                                                         net29 (net)
                      0.352987    0.000455   42.241768 ^ wire32/I (gf180mcu_fd_sc_mcu7t5v0__buf_1)
     4    0.031283    0.793815    0.691117   42.932884 ^ wire32/Z (gf180mcu_fd_sc_mcu7t5v0__buf_1)
                                                         net32 (net)
                      0.793820    0.001151   42.934036 ^ load_slew31/I (gf180mcu_fd_sc_mcu7t5v0__clkbuf_2)
     4    0.032997    0.441133    0.623590   43.557625 ^ load_slew31/Z (gf180mcu_fd_sc_mcu7t5v0__clkbuf_2)
                                                         net31 (net)
                      0.441134    0.001254   43.558880 ^ load_slew30/I (gf180mcu_fd_sc_mcu7t5v0__clkbuf_1)
     3    0.026687    0.678906    0.636646   44.195526 ^ load_slew30/Z (gf180mcu_fd_sc_mcu7t5v0__clkbuf_1)
                                                         net30 (net)
                      0.678911    0.001066   44.196590 ^ _108_/I (gf180mcu_fd_sc_mcu7t5v0__clkinv_1)
     4    0.025678    0.595539    0.524601   44.721191 v _108_/ZN (gf180mcu_fd_sc_mcu7t5v0__clkinv_1)
                                                         _101_ (net)
                      0.595539    0.000512   44.721703 v _142_/A1 (gf180mcu_fd_sc_mcu7t5v0__nor2_1)
     2    0.009696    0.613647    0.522750   45.244453 ^ _142_/ZN (gf180mcu_fd_sc_mcu7t5v0__nor2_1)
                                                         _054_ (net)
                      0.613647    0.000206   45.244659 ^ fanout21/I (gf180mcu_fd_sc_mcu7t5v0__dlyb_1)
     4    0.027274    0.714965    1.694048   46.938705 ^ fanout21/Z (gf180mcu_fd_sc_mcu7t5v0__dlyb_1)
                                                         net21 (net)
                      0.714975    0.001801   46.940510 ^ _204_/A2 (gf180mcu_fd_sc_mcu7t5v0__nand2_1)
     1    0.010782    0.356200    0.280881   47.221390 v _204_/ZN (gf180mcu_fd_sc_mcu7t5v0__nand2_1)
                                                         _095_ (net)
                      0.356201    0.000490   47.221878 v _205_/B (gf180mcu_fd_sc_mcu7t5v0__oai21_1)
     1    0.006075    0.494907    0.369525   47.591404 ^ _205_/ZN (gf180mcu_fd_sc_mcu7t5v0__oai21_1)
                                                         _035_ (net)
                      0.494907    0.000149   47.591553 ^ _221_/D (gf180mcu_fd_sc_mcu7t5v0__dffrnq_1)
                                             47.591553   data arrival time

                                200.000000  200.000000   clock clk (rise edge)
                                  0.000000  200.000000   clock source latency
     1    0.043337    0.298221    0.151559  200.151550 ^ clk (in)
                                                         clk (net)
                      0.298224    0.000000  200.151550 ^ clkbuf_0_clk/I (gf180mcu_fd_sc_mcu7t5v0__clkbuf_16)
     8    0.200996    0.354491    0.506944  200.658493 ^ clkbuf_0_clk/Z (gf180mcu_fd_sc_mcu7t5v0__clkbuf_16)
                                                         clknet_0_clk (net)
                      0.354508    0.003737  200.662231 ^ clkbuf_3_2__f_clk/I (gf180mcu_fd_sc_mcu7t5v0__clkbuf_16)
     6    0.031161    0.135101    0.362661  201.024902 ^ clkbuf_3_2__f_clk/Z (gf180mcu_fd_sc_mcu7t5v0__clkbuf_16)
                                                         clknet_3_2__leaf_clk (net)
                      0.135102    0.000583  201.025482 ^ _221_/CLK (gf180mcu_fd_sc_mcu7t5v0__dffrnq_1)
                                 -0.250000  200.775482   clock uncertainty
                                  0.000000  200.775482   clock reconvergence pessimism
                                 -0.523459  200.252029   library setup time
                                            200.252029   data required time
---------------------------------------------------------------------------------------------
                                            200.252029   data required time
                                            -47.591553   data arrival time
---------------------------------------------------------------------------------------------
                                            152.660461   slack (MET)


Startpoint: soft_rst_n (input port clocked by clk)
Endpoint: _222_ (rising edge-triggered flip-flop clocked by clk)
Path Group: clk
Path Type: max

Fanout         Cap        Slew       Delay        Time   Description
---------------------------------------------------------------------------------------------
                                  0.000000    0.000000   clock clk (rise edge)
                                  0.000000    0.000000   clock network delay (propagated)
                                 40.000000   40.000000 ^ input external delay
     1    0.006252    0.215082    0.086668   40.086670 ^ soft_rst_n (in)
                                                         soft_rst_n (net)
                      0.215082    0.000000   40.086670 ^ input5/I (gf180mcu_fd_sc_mcu7t5v0__buf_1)
     5    0.032357    0.818064    0.682249   40.768917 ^ input5/Z (gf180mcu_fd_sc_mcu7t5v0__buf_1)
                                                         net5 (net)
                      0.818069    0.001180   40.770100 ^ fanout29/I (gf180mcu_fd_sc_mcu7t5v0__dlyb_1)
     2    0.010505    0.352987    1.471214   42.241314 ^ fanout29/Z (gf180mcu_fd_sc_mcu7t5v0__dlyb_1)
                                                         net29 (net)
                      0.352987    0.000455   42.241768 ^ wire32/I (gf180mcu_fd_sc_mcu7t5v0__buf_1)
     4    0.031283    0.793815    0.691117   42.932884 ^ wire32/Z (gf180mcu_fd_sc_mcu7t5v0__buf_1)
                                                         net32 (net)
                      0.793820    0.001151   42.934036 ^ load_slew31/I (gf180mcu_fd_sc_mcu7t5v0__clkbuf_2)
     4    0.032997    0.441133    0.623590   43.557625 ^ load_slew31/Z (gf180mcu_fd_sc_mcu7t5v0__clkbuf_2)
                                                         net31 (net)
                      0.441134    0.001254   43.558880 ^ load_slew30/I (gf180mcu_fd_sc_mcu7t5v0__clkbuf_1)
     3    0.026687    0.678906    0.636646   44.195526 ^ load_slew30/Z (gf180mcu_fd_sc_mcu7t5v0__clkbuf_1)
                                                         net30 (net)
                      0.678911    0.001066   44.196590 ^ _108_/I (gf180mcu_fd_sc_mcu7t5v0__clkinv_1)
     4    0.025678    0.595539    0.524601   44.721191 v _108_/ZN (gf180mcu_fd_sc_mcu7t5v0__clkinv_1)
                                                         _101_ (net)
                      0.595539    0.000512   44.721703 v _142_/A1 (gf180mcu_fd_sc_mcu7t5v0__nor2_1)
     2    0.009696    0.613647    0.522750   45.244453 ^ _142_/ZN (gf180mcu_fd_sc_mcu7t5v0__nor2_1)
                                                         _054_ (net)
                      0.613647    0.000206   45.244659 ^ fanout21/I (gf180mcu_fd_sc_mcu7t5v0__dlyb_1)
     4    0.027274    0.714965    1.694048   46.938705 ^ fanout21/Z (gf180mcu_fd_sc_mcu7t5v0__dlyb_1)
                                                         net21 (net)
                      0.714975    0.001801   46.940510 ^ _206_/A2 (gf180mcu_fd_sc_mcu7t5v0__nand2_1)
     1    0.005401    0.265360    0.196742   47.137249 v _206_/ZN (gf180mcu_fd_sc_mcu7t5v0__nand2_1)
                                                         _096_ (net)
                      0.265360    0.000167   47.137417 v _207_/B (gf180mcu_fd_sc_mcu7t5v0__oai21_1)
     1    0.006742    0.522832    0.349544   47.486961 ^ _207_/ZN (gf180mcu_fd_sc_mcu7t5v0__oai21_1)
                                                         _036_ (net)
                      0.522832    0.000348   47.487309 ^ _222_/D (gf180mcu_fd_sc_mcu7t5v0__dffrnq_1)
                                             47.487309   data arrival time

                                200.000000  200.000000   clock clk (rise edge)
                                  0.000000  200.000000   clock source latency
     1    0.043337    0.298221    0.151559  200.151550 ^ clk (in)
                                                         clk (net)
                      0.298224    0.000000  200.151550 ^ clkbuf_0_clk/I (gf180mcu_fd_sc_mcu7t5v0__clkbuf_16)
     8    0.200996    0.354491    0.506944  200.658493 ^ clkbuf_0_clk/Z (gf180mcu_fd_sc_mcu7t5v0__clkbuf_16)
                                                         clknet_0_clk (net)
                      0.354508    0.003737  200.662231 ^ clkbuf_3_3__f_clk/I (gf180mcu_fd_sc_mcu7t5v0__clkbuf_16)
     6    0.030928    0.134794    0.362391  201.024628 ^ clkbuf_3_3__f_clk/Z (gf180mcu_fd_sc_mcu7t5v0__clkbuf_16)
                                                         clknet_3_3__leaf_clk (net)
                      0.134795    0.000568  201.025192 ^ _222_/CLK (gf180mcu_fd_sc_mcu7t5v0__dffrnq_1)
                                 -0.250000  200.775192   clock uncertainty
                                  0.000000  200.775192   clock reconvergence pessimism
                                 -0.528542  200.246658   library setup time
                                            200.246658   data required time
---------------------------------------------------------------------------------------------
                                            200.246658   data required time
                                            -47.487309   data arrival time
---------------------------------------------------------------------------------------------
                                            152.759338   slack (MET)


Startpoint: soft_rst_n (input port clocked by clk)
Endpoint: _226_ (rising edge-triggered flip-flop clocked by clk)
Path Group: clk
Path Type: max

Fanout         Cap        Slew       Delay        Time   Description
---------------------------------------------------------------------------------------------
                                  0.000000    0.000000   clock clk (rise edge)
                                  0.000000    0.000000   clock network delay (propagated)
                                 40.000000   40.000000 ^ input external delay
     1    0.006252    0.215082    0.086668   40.086670 ^ soft_rst_n (in)
                                                         soft_rst_n (net)
                      0.215082    0.000000   40.086670 ^ input5/I (gf180mcu_fd_sc_mcu7t5v0__buf_1)
     5    0.032357    0.818064    0.682249   40.768917 ^ input5/Z (gf180mcu_fd_sc_mcu7t5v0__buf_1)
                                                         net5 (net)
                      0.818069    0.001180   40.770100 ^ fanout29/I (gf180mcu_fd_sc_mcu7t5v0__dlyb_1)
     2    0.010505    0.352987    1.471214   42.241314 ^ fanout29/Z (gf180mcu_fd_sc_mcu7t5v0__dlyb_1)
                                                         net29 (net)
                      0.352987    0.000455   42.241768 ^ wire32/I (gf180mcu_fd_sc_mcu7t5v0__buf_1)
     4    0.031283    0.793815    0.691117   42.932884 ^ wire32/Z (gf180mcu_fd_sc_mcu7t5v0__buf_1)
                                                         net32 (net)
                      0.793820    0.001151   42.934036 ^ load_slew31/I (gf180mcu_fd_sc_mcu7t5v0__clkbuf_2)
     4    0.032997    0.441133    0.623590   43.557625 ^ load_slew31/Z (gf180mcu_fd_sc_mcu7t5v0__clkbuf_2)
                                                         net31 (net)
                      0.441134    0.001254   43.558880 ^ load_slew30/I (gf180mcu_fd_sc_mcu7t5v0__clkbuf_1)
     3    0.026687    0.678906    0.636646   44.195526 ^ load_slew30/Z (gf180mcu_fd_sc_mcu7t5v0__clkbuf_1)
                                                         net30 (net)
                      0.678911    0.001066   44.196590 ^ _108_/I (gf180mcu_fd_sc_mcu7t5v0__clkinv_1)
     4    0.025678    0.595539    0.524601   44.721191 v _108_/ZN (gf180mcu_fd_sc_mcu7t5v0__clkinv_1)
                                                         _101_ (net)
                      0.595539    0.000512   44.721703 v _142_/A1 (gf180mcu_fd_sc_mcu7t5v0__nor2_1)
     2    0.009696    0.613647    0.522750   45.244453 ^ _142_/ZN (gf180mcu_fd_sc_mcu7t5v0__nor2_1)
                                                         _054_ (net)
                      0.613647    0.000327   45.244781 ^ wire24/I (gf180mcu_fd_sc_mcu7t5v0__dlyb_1)
     1    0.013234    0.411882    1.502855   46.747635 ^ wire24/Z (gf180mcu_fd_sc_mcu7t5v0__dlyb_1)
                                                         net24 (net)
                      0.411882    0.000298   46.747932 ^ _214_/A2 (gf180mcu_fd_sc_mcu7t5v0__nand2_1)
     1    0.007290    0.268357    0.208651   46.956585 v _214_/ZN (gf180mcu_fd_sc_mcu7t5v0__nand2_1)
                                                         _100_ (net)
                      0.268357    0.000412   46.956997 v _215_/B (gf180mcu_fd_sc_mcu7t5v0__oai21_1)
     1    0.005122    0.458789    0.326274   47.283272 ^ _215_/ZN (gf180mcu_fd_sc_mcu7t5v0__oai21_1)
                                                         _040_ (net)
                      0.458789    0.000135   47.283405 ^ _226_/D (gf180mcu_fd_sc_mcu7t5v0__dffrnq_1)
                                             47.283405   data arrival time

                                200.000000  200.000000   clock clk (rise edge)
                                  0.000000  200.000000   clock source latency
     1    0.043337    0.298221    0.151559  200.151550 ^ clk (in)
                                                         clk (net)
                      0.298224    0.000000  200.151550 ^ clkbuf_0_clk/I (gf180mcu_fd_sc_mcu7t5v0__clkbuf_16)
     8    0.200996    0.354491    0.506944  200.658493 ^ clkbuf_0_clk/Z (gf180mcu_fd_sc_mcu7t5v0__clkbuf_16)
                                                         clknet_0_clk (net)
                      0.354508    0.003737  200.662231 ^ clkbuf_3_6__f_clk/I (gf180mcu_fd_sc_mcu7t5v0__clkbuf_16)
     6    0.030645    0.134423    0.362078  201.024307 ^ clkbuf_3_6__f_clk/Z (gf180mcu_fd_sc_mcu7t5v0__clkbuf_16)
                                                         clknet_3_6__leaf_clk (net)
                      0.134423    0.000568  201.024887 ^ _226_/CLK (gf180mcu_fd_sc_mcu7t5v0__dffrnq_1)
                                 -0.250000  200.774887   clock uncertainty
                                  0.000000  200.774887   clock reconvergence pessimism
                                 -0.517214  200.257660   library setup time
                                            200.257660   data required time
---------------------------------------------------------------------------------------------
                                            200.257660   data required time
                                            -47.283405   data arrival time
---------------------------------------------------------------------------------------------
                                            152.974258   slack (MET)


Startpoint: rst_n (input port clocked by clk)
Endpoint: _216_ (recovery check against rising-edge clock clk)
Path Group: asynchronous
Path Type: max

Fanout         Cap        Slew       Delay        Time   Description
---------------------------------------------------------------------------------------------
                                  0.000000    0.000000   clock clk (rise edge)
                                  0.000000    0.000000   clock network delay (propagated)
                                 40.000000   40.000000 ^ input external delay
     1    0.005798    0.204653    0.080476   40.080479 ^ rst_n (in)
                                                         rst_n (net)
                      0.204653    0.000000   40.080479 ^ input4/I (gf180mcu_fd_sc_mcu7t5v0__buf_1)
     1    0.007822    0.262059    0.347917   40.428394 ^ input4/Z (gf180mcu_fd_sc_mcu7t5v0__buf_1)
                                                         net4 (net)
                      0.262059    0.000366   40.428761 ^ fanout49/I (gf180mcu_fd_sc_mcu7t5v0__dlyb_1)
     1    0.007555    0.292947    1.383430   41.812191 ^ fanout49/Z (gf180mcu_fd_sc_mcu7t5v0__dlyb_1)
                                                         net49 (net)
                      0.292947    0.000373   41.812565 ^ wire51/I (gf180mcu_fd_sc_mcu7t5v0__buf_1)
     4    0.032790    0.828461    0.704684   42.517246 ^ wire51/Z (gf180mcu_fd_sc_mcu7t5v0__buf_1)
                                                         net51 (net)
                      0.828464    0.000895   42.518143 ^ fanout37/I (gf180mcu_fd_sc_mcu7t5v0__dlyb_1)
     3    0.019403    0.545196    1.595517   44.113659 ^ fanout37/Z (gf180mcu_fd_sc_mcu7t5v0__dlyb_1)
                                                         net37 (net)
                      0.545196    0.000384   44.114044 ^ load_slew39/I (gf180mcu_fd_sc_mcu7t5v0__clkbuf_2)
     3    0.024972    0.348811    0.531113   44.645157 ^ load_slew39/Z (gf180mcu_fd_sc_mcu7t5v0__clkbuf_2)
                                                         net39 (net)
                      0.348813    0.001236   44.646393 ^ fanout33/I (gf180mcu_fd_sc_mcu7t5v0__dlyb_1)
     3    0.026767    0.704294    1.663501   46.309895 ^ fanout33/Z (gf180mcu_fd_sc_mcu7t5v0__dlyb_1)
                                                         net33 (net)
                      0.704296    0.000945   46.310841 ^ load_slew36/I (gf180mcu_fd_sc_mcu7t5v0__buf_2)
     3    0.022013    0.311788    0.435570   46.746410 ^ load_slew36/Z (gf180mcu_fd_sc_mcu7t5v0__buf_2)
                                                         net36 (net)
                      0.311790    0.001123   46.747532 ^ wire35/I (gf180mcu_fd_sc_mcu7t5v0__buf_1)
     4    0.031837    0.806664    0.694119   47.441650 ^ wire35/Z (gf180mcu_fd_sc_mcu7t5v0__buf_1)
                                                         net35 (net)
                      0.806664    0.000597   47.442245 ^ load_slew34/I (gf180mcu_fd_sc_mcu7t5v0__clkbuf_2)
     3    0.030679    0.415743    0.609273   48.051521 ^ load_slew34/Z (gf180mcu_fd_sc_mcu7t5v0__clkbuf_2)
                                                         net34 (net)
                      0.415745    0.001286   48.052807 ^ _216_/RN (gf180mcu_fd_sc_mcu7t5v0__dffrnq_1)
                                             48.052807   data arrival time

                                200.000000  200.000000   clock clk (rise edge)
                                  0.000000  200.000000   clock source latency
     1    0.043337    0.298221    0.151559  200.151550 ^ clk (in)
                                                         clk (net)
                      0.298224    0.000000  200.151550 ^ clkbuf_0_clk/I (gf180mcu_fd_sc_mcu7t5v0__clkbuf_16)
     8    0.200996    0.354491    0.506944  200.658493 ^ clkbuf_0_clk/Z (gf180mcu_fd_sc_mcu7t5v0__clkbuf_16)
                                                         clknet_0_clk (net)
                      0.354508    0.003737  200.662231 ^ clkbuf_3_2__f_clk/I (gf180mcu_fd_sc_mcu7t5v0__clkbuf_16)
     6    0.031161    0.135101    0.362661  201.024902 ^ clkbuf_3_2__f_clk/Z (gf180mcu_fd_sc_mcu7t5v0__clkbuf_16)
                                                         clknet_3_2__leaf_clk (net)
                      0.135102    0.000583  201.025482 ^ _216_/CLK (gf180mcu_fd_sc_mcu7t5v0__dffrnq_1)
                                 -0.250000  200.775482   clock uncertainty
                                  0.000000  200.775482   clock reconvergence pessimism
                                  0.345244  201.120712   library recovery time
                                            201.120712   data required time
---------------------------------------------------------------------------------------------
                                            201.120712   data required time
                                            -48.052807   data arrival time
---------------------------------------------------------------------------------------------
                                            153.067902   slack (MET)


Startpoint: rst_n (input port clocked by clk)
Endpoint: _217_ (recovery check against rising-edge clock clk)
Path Group: asynchronous
Path Type: max

Fanout         Cap        Slew       Delay        Time   Description
---------------------------------------------------------------------------------------------
                                  0.000000    0.000000   clock clk (rise edge)
                                  0.000000    0.000000   clock network delay (propagated)
                                 40.000000   40.000000 ^ input external delay
     1    0.005798    0.204653    0.080476   40.080479 ^ rst_n (in)
                                                         rst_n (net)
                      0.204653    0.000000   40.080479 ^ input4/I (gf180mcu_fd_sc_mcu7t5v0__buf_1)
     1    0.007822    0.262059    0.347917   40.428394 ^ input4/Z (gf180mcu_fd_sc_mcu7t5v0__buf_1)
                                                         net4 (net)
                      0.262059    0.000366   40.428761 ^ fanout49/I (gf180mcu_fd_sc_mcu7t5v0__dlyb_1)
     1    0.007555    0.292947    1.383430   41.812191 ^ fanout49/Z (gf180mcu_fd_sc_mcu7t5v0__dlyb_1)
                                                         net49 (net)
                      0.292947    0.000373   41.812565 ^ wire51/I (gf180mcu_fd_sc_mcu7t5v0__buf_1)
     4    0.032790    0.828461    0.704684   42.517246 ^ wire51/Z (gf180mcu_fd_sc_mcu7t5v0__buf_1)
                                                         net51 (net)
                      0.828464    0.000895   42.518143 ^ fanout37/I (gf180mcu_fd_sc_mcu7t5v0__dlyb_1)
     3    0.019403    0.545196    1.595517   44.113659 ^ fanout37/Z (gf180mcu_fd_sc_mcu7t5v0__dlyb_1)
                                                         net37 (net)
                      0.545196    0.000384   44.114044 ^ load_slew39/I (gf180mcu_fd_sc_mcu7t5v0__clkbuf_2)
     3    0.024972    0.348811    0.531113   44.645157 ^ load_slew39/Z (gf180mcu_fd_sc_mcu7t5v0__clkbuf_2)
                                                         net39 (net)
                      0.348813    0.001236   44.646393 ^ fanout33/I (gf180mcu_fd_sc_mcu7t5v0__dlyb_1)
     3    0.026767    0.704294    1.663501   46.309895 ^ fanout33/Z (gf180mcu_fd_sc_mcu7t5v0__dlyb_1)
                                                         net33 (net)
                      0.704296    0.000945   46.310841 ^ load_slew36/I (gf180mcu_fd_sc_mcu7t5v0__buf_2)
     3    0.022013    0.311788    0.435570   46.746410 ^ load_slew36/Z (gf180mcu_fd_sc_mcu7t5v0__buf_2)
                                                         net36 (net)
                      0.311790    0.001123   46.747532 ^ wire35/I (gf180mcu_fd_sc_mcu7t5v0__buf_1)
     4    0.031837    0.806664    0.694119   47.441650 ^ wire35/Z (gf180mcu_fd_sc_mcu7t5v0__buf_1)
                                                         net35 (net)
                      0.806664    0.000597   47.442245 ^ load_slew34/I (gf180mcu_fd_sc_mcu7t5v0__clkbuf_2)
     3    0.030679    0.415743    0.609273   48.051521 ^ load_slew34/Z (gf180mcu_fd_sc_mcu7t5v0__clkbuf_2)
                                                         net34 (net)
                      0.415745    0.001279   48.052799 ^ _217_/RN (gf180mcu_fd_sc_mcu7t5v0__dffrnq_1)
                                             48.052799   data arrival time

                                200.000000  200.000000   clock clk (rise edge)
                                  0.000000  200.000000   clock source latency
     1    0.043337    0.298221    0.151559  200.151550 ^ clk (in)
                                                         clk (net)
                      0.298224    0.000000  200.151550 ^ clkbuf_0_clk/I (gf180mcu_fd_sc_mcu7t5v0__clkbuf_16)
     8    0.200996    0.354491    0.506944  200.658493 ^ clkbuf_0_clk/Z (gf180mcu_fd_sc_mcu7t5v0__clkbuf_16)
                                                         clknet_0_clk (net)
                      0.354508    0.003737  200.662231 ^ clkbuf_3_2__f_clk/I (gf180mcu_fd_sc_mcu7t5v0__clkbuf_16)
     6    0.031161    0.135101    0.362661  201.024902 ^ clkbuf_3_2__f_clk/Z (gf180mcu_fd_sc_mcu7t5v0__clkbuf_16)
                                                         clknet_3_2__leaf_clk (net)
                      0.135102    0.000739  201.025635 ^ _217_/CLK (gf180mcu_fd_sc_mcu7t5v0__dffrnq_1)
                                 -0.250000  200.775635   clock uncertainty
                                  0.000000  200.775635   clock reconvergence pessimism
                                  0.345245  201.120880   library recovery time
                                            201.120880   data required time
---------------------------------------------------------------------------------------------
                                            201.120880   data required time
                                            -48.052799   data arrival time
---------------------------------------------------------------------------------------------
                                            153.068069   slack (MET)


Startpoint: rst_n (input port clocked by clk)
Endpoint: _220_ (recovery check against rising-edge clock clk)
Path Group: asynchronous
Path Type: max

Fanout         Cap        Slew       Delay        Time   Description
---------------------------------------------------------------------------------------------
                                  0.000000    0.000000   clock clk (rise edge)
                                  0.000000    0.000000   clock network delay (propagated)
                                 40.000000   40.000000 ^ input external delay
     1    0.005798    0.204653    0.080476   40.080479 ^ rst_n (in)
                                                         rst_n (net)
                      0.204653    0.000000   40.080479 ^ input4/I (gf180mcu_fd_sc_mcu7t5v0__buf_1)
     1    0.007822    0.262059    0.347917   40.428394 ^ input4/Z (gf180mcu_fd_sc_mcu7t5v0__buf_1)
                                                         net4 (net)
                      0.262059    0.000366   40.428761 ^ fanout49/I (gf180mcu_fd_sc_mcu7t5v0__dlyb_1)
     1    0.007555    0.292947    1.383430   41.812191 ^ fanout49/Z (gf180mcu_fd_sc_mcu7t5v0__dlyb_1)
                                                         net49 (net)
                      0.292947    0.000373   41.812565 ^ wire51/I (gf180mcu_fd_sc_mcu7t5v0__buf_1)
     4    0.032790    0.828461    0.704684   42.517246 ^ wire51/Z (gf180mcu_fd_sc_mcu7t5v0__buf_1)
                                                         net51 (net)
                      0.828464    0.000895   42.518143 ^ fanout37/I (gf180mcu_fd_sc_mcu7t5v0__dlyb_1)
     3    0.019403    0.545196    1.595517   44.113659 ^ fanout37/Z (gf180mcu_fd_sc_mcu7t5v0__dlyb_1)
                                                         net37 (net)
                      0.545196    0.000384   44.114044 ^ load_slew39/I (gf180mcu_fd_sc_mcu7t5v0__clkbuf_2)
     3    0.024972    0.348811    0.531113   44.645157 ^ load_slew39/Z (gf180mcu_fd_sc_mcu7t5v0__clkbuf_2)
                                                         net39 (net)
                      0.348813    0.001236   44.646393 ^ fanout33/I (gf180mcu_fd_sc_mcu7t5v0__dlyb_1)
     3    0.026767    0.704294    1.663501   46.309895 ^ fanout33/Z (gf180mcu_fd_sc_mcu7t5v0__dlyb_1)
                                                         net33 (net)
                      0.704296    0.000945   46.310841 ^ load_slew36/I (gf180mcu_fd_sc_mcu7t5v0__buf_2)
     3    0.022013    0.311788    0.435570   46.746410 ^ load_slew36/Z (gf180mcu_fd_sc_mcu7t5v0__buf_2)
                                                         net36 (net)
                      0.311790    0.001123   46.747532 ^ wire35/I (gf180mcu_fd_sc_mcu7t5v0__buf_1)
     4    0.031837    0.806664    0.694119   47.441650 ^ wire35/Z (gf180mcu_fd_sc_mcu7t5v0__buf_1)
                                                         net35 (net)
                      0.806664    0.000597   47.442245 ^ load_slew34/I (gf180mcu_fd_sc_mcu7t5v0__clkbuf_2)
     3    0.030679    0.415743    0.609273   48.051521 ^ load_slew34/Z (gf180mcu_fd_sc_mcu7t5v0__clkbuf_2)
                                                         net34 (net)
                      0.415745    0.001304   48.052822 ^ _220_/RN (gf180mcu_fd_sc_mcu7t5v0__dffrnq_1)
                                             48.052822   data arrival time

                                200.000000  200.000000   clock clk (rise edge)
                                  0.000000  200.000000   clock source latency
     1    0.043337    0.298221    0.151559  200.151550 ^ clk (in)
                                                         clk (net)
                      0.298224    0.000000  200.151550 ^ clkbuf_0_clk/I (gf180mcu_fd_sc_mcu7t5v0__clkbuf_16)
     8    0.200996    0.354491    0.506944  200.658493 ^ clkbuf_0_clk/Z (gf180mcu_fd_sc_mcu7t5v0__clkbuf_16)
                                                         clknet_0_clk (net)
                      0.354508    0.003752  200.662247 ^ clkbuf_3_0__f_clk/I (gf180mcu_fd_sc_mcu7t5v0__clkbuf_16)
     6    0.036406    0.141994    0.368644  201.030899 ^ clkbuf_3_0__f_clk/Z (gf180mcu_fd_sc_mcu7t5v0__clkbuf_16)
                                                         clknet_3_0__leaf_clk (net)
                      0.141995    0.000668  201.031555 ^ _220_/CLK (gf180mcu_fd_sc_mcu7t5v0__dffrnq_1)
                                 -0.250000  200.781555   clock uncertainty
                                  0.000000  200.781555   clock reconvergence pessimism
                                  0.347278  201.128845   library recovery time
                                            201.128845   data required time
---------------------------------------------------------------------------------------------
                                            201.128845   data required time
                                            -48.052822   data arrival time
---------------------------------------------------------------------------------------------
                                            153.076019   slack (MET)


Startpoint: rst_n (input port clocked by clk)
Endpoint: _218_ (recovery check against rising-edge clock clk)
Path Group: asynchronous
Path Type: max

Fanout         Cap        Slew       Delay        Time   Description
---------------------------------------------------------------------------------------------
                                  0.000000    0.000000   clock clk (rise edge)
                                  0.000000    0.000000   clock network delay (propagated)
                                 40.000000   40.000000 ^ input external delay
     1    0.005798    0.204653    0.080476   40.080479 ^ rst_n (in)
                                                         rst_n (net)
                      0.204653    0.000000   40.080479 ^ input4/I (gf180mcu_fd_sc_mcu7t5v0__buf_1)
     1    0.007822    0.262059    0.347917   40.428394 ^ input4/Z (gf180mcu_fd_sc_mcu7t5v0__buf_1)
                                                         net4 (net)
                      0.262059    0.000366   40.428761 ^ fanout49/I (gf180mcu_fd_sc_mcu7t5v0__dlyb_1)
     1    0.007555    0.292947    1.383430   41.812191 ^ fanout49/Z (gf180mcu_fd_sc_mcu7t5v0__dlyb_1)
                                                         net49 (net)
                      0.292947    0.000373   41.812565 ^ wire51/I (gf180mcu_fd_sc_mcu7t5v0__buf_1)
     4    0.032790    0.828461    0.704684   42.517246 ^ wire51/Z (gf180mcu_fd_sc_mcu7t5v0__buf_1)
                                                         net51 (net)
                      0.828464    0.000895   42.518143 ^ fanout37/I (gf180mcu_fd_sc_mcu7t5v0__dlyb_1)
     3    0.019403    0.545196    1.595517   44.113659 ^ fanout37/Z (gf180mcu_fd_sc_mcu7t5v0__dlyb_1)
                                                         net37 (net)
                      0.545196    0.000384   44.114044 ^ load_slew39/I (gf180mcu_fd_sc_mcu7t5v0__clkbuf_2)
     3    0.024972    0.348811    0.531113   44.645157 ^ load_slew39/Z (gf180mcu_fd_sc_mcu7t5v0__clkbuf_2)
                                                         net39 (net)
                      0.348813    0.001236   44.646393 ^ fanout33/I (gf180mcu_fd_sc_mcu7t5v0__dlyb_1)
     3    0.026767    0.704294    1.663501   46.309895 ^ fanout33/Z (gf180mcu_fd_sc_mcu7t5v0__dlyb_1)
                                                         net33 (net)
                      0.704296    0.000945   46.310841 ^ load_slew36/I (gf180mcu_fd_sc_mcu7t5v0__buf_2)
     3    0.022013    0.311788    0.435570   46.746410 ^ load_slew36/Z (gf180mcu_fd_sc_mcu7t5v0__buf_2)
                                                         net36 (net)
                      0.311790    0.001123   46.747532 ^ wire35/I (gf180mcu_fd_sc_mcu7t5v0__buf_1)
     4    0.031837    0.806664    0.694119   47.441650 ^ wire35/Z (gf180mcu_fd_sc_mcu7t5v0__buf_1)
                                                         net35 (net)
                      0.806664    0.000661   47.442310 ^ _218_/RN (gf180mcu_fd_sc_mcu7t5v0__dffrnq_1)
                                             47.442310   data arrival time

                                200.000000  200.000000   clock clk (rise edge)
                                  0.000000  200.000000   clock source latency
     1    0.043337    0.298221    0.151559  200.151550 ^ clk (in)
                                                         clk (net)
                      0.298224    0.000000  200.151550 ^ clkbuf_0_clk/I (gf180mcu_fd_sc_mcu7t5v0__clkbuf_16)
     8    0.200996    0.354491    0.506944  200.658493 ^ clkbuf_0_clk/Z (gf180mcu_fd_sc_mcu7t5v0__clkbuf_16)
                                                         clknet_0_clk (net)
                      0.354508    0.003737  200.662231 ^ clkbuf_3_2__f_clk/I (gf180mcu_fd_sc_mcu7t5v0__clkbuf_16)
     6    0.031161    0.135101    0.362661  201.024902 ^ clkbuf_3_2__f_clk/Z (gf180mcu_fd_sc_mcu7t5v0__clkbuf_16)
                                                         clknet_3_2__leaf_clk (net)
                      0.135102    0.000583  201.025482 ^ _218_/CLK (gf180mcu_fd_sc_mcu7t5v0__dffrnq_1)
                                 -0.250000  200.775482   clock uncertainty
                                  0.000000  200.775482   clock reconvergence pessimism
                                  0.313439  201.088913   library recovery time
                                            201.088913   data required time
---------------------------------------------------------------------------------------------
                                            201.088913   data required time
                                            -47.442310   data arrival time
---------------------------------------------------------------------------------------------
                                            153.646606   slack (MET)


Startpoint: rst_n (input port clocked by clk)
Endpoint: _219_ (recovery check against rising-edge clock clk)
Path Group: asynchronous
Path Type: max

Fanout         Cap        Slew       Delay        Time   Description
---------------------------------------------------------------------------------------------
                                  0.000000    0.000000   clock clk (rise edge)
                                  0.000000    0.000000   clock network delay (propagated)
                                 40.000000   40.000000 ^ input external delay
     1    0.005798    0.204653    0.080476   40.080479 ^ rst_n (in)
                                                         rst_n (net)
                      0.204653    0.000000   40.080479 ^ input4/I (gf180mcu_fd_sc_mcu7t5v0__buf_1)
     1    0.007822    0.262059    0.347917   40.428394 ^ input4/Z (gf180mcu_fd_sc_mcu7t5v0__buf_1)
                                                         net4 (net)
                      0.262059    0.000366   40.428761 ^ fanout49/I (gf180mcu_fd_sc_mcu7t5v0__dlyb_1)
     1    0.007555    0.292947    1.383430   41.812191 ^ fanout49/Z (gf180mcu_fd_sc_mcu7t5v0__dlyb_1)
                                                         net49 (net)
                      0.292947    0.000373   41.812565 ^ wire51/I (gf180mcu_fd_sc_mcu7t5v0__buf_1)
     4    0.032790    0.828461    0.704684   42.517246 ^ wire51/Z (gf180mcu_fd_sc_mcu7t5v0__buf_1)
                                                         net51 (net)
                      0.828464    0.000895   42.518143 ^ fanout37/I (gf180mcu_fd_sc_mcu7t5v0__dlyb_1)
     3    0.019403    0.545196    1.595517   44.113659 ^ fanout37/Z (gf180mcu_fd_sc_mcu7t5v0__dlyb_1)
                                                         net37 (net)
                      0.545196    0.000384   44.114044 ^ load_slew39/I (gf180mcu_fd_sc_mcu7t5v0__clkbuf_2)
     3    0.024972    0.348811    0.531113   44.645157 ^ load_slew39/Z (gf180mcu_fd_sc_mcu7t5v0__clkbuf_2)
                                                         net39 (net)
                      0.348813    0.001236   44.646393 ^ fanout33/I (gf180mcu_fd_sc_mcu7t5v0__dlyb_1)
     3    0.026767    0.704294    1.663501   46.309895 ^ fanout33/Z (gf180mcu_fd_sc_mcu7t5v0__dlyb_1)
                                                         net33 (net)
                      0.704296    0.000945   46.310841 ^ load_slew36/I (gf180mcu_fd_sc_mcu7t5v0__buf_2)
     3    0.022013    0.311788    0.435570   46.746410 ^ load_slew36/Z (gf180mcu_fd_sc_mcu7t5v0__buf_2)
                                                         net36 (net)
                      0.311790    0.001123   46.747532 ^ wire35/I (gf180mcu_fd_sc_mcu7t5v0__buf_1)
     4    0.031837    0.806664    0.694119   47.441650 ^ wire35/Z (gf180mcu_fd_sc_mcu7t5v0__buf_1)
                                                         net35 (net)
                      0.806664    0.000661   47.442310 ^ _219_/RN (gf180mcu_fd_sc_mcu7t5v0__dffrnq_1)
                                             47.442310   data arrival time

                                200.000000  200.000000   clock clk (rise edge)
                                  0.000000  200.000000   clock source latency
     1    0.043337    0.298221    0.151559  200.151550 ^ clk (in)
                                                         clk (net)
                      0.298224    0.000000  200.151550 ^ clkbuf_0_clk/I (gf180mcu_fd_sc_mcu7t5v0__clkbuf_16)
     8    0.200996    0.354491    0.506944  200.658493 ^ clkbuf_0_clk/Z (gf180mcu_fd_sc_mcu7t5v0__clkbuf_16)
                                                         clknet_0_clk (net)
                      0.354508    0.003737  200.662231 ^ clkbuf_3_2__f_clk/I (gf180mcu_fd_sc_mcu7t5v0__clkbuf_16)
     6    0.031161    0.135101    0.362661  201.024902 ^ clkbuf_3_2__f_clk/Z (gf180mcu_fd_sc_mcu7t5v0__clkbuf_16)
                                                         clknet_3_2__leaf_clk (net)
                      0.135102    0.000583  201.025482 ^ _219_/CLK (gf180mcu_fd_sc_mcu7t5v0__dffrnq_1)
                                 -0.250000  200.775482   clock uncertainty
                                  0.000000  200.775482   clock reconvergence pessimism
                                  0.313439  201.088913   library recovery time
                                            201.088913   data required time
---------------------------------------------------------------------------------------------
                                            201.088913   data required time
                                            -47.442310   data arrival time
---------------------------------------------------------------------------------------------
                                            153.646606   slack (MET)


Startpoint: rst_n (input port clocked by clk)
Endpoint: _221_ (recovery check against rising-edge clock clk)
Path Group: asynchronous
Path Type: max

Fanout         Cap        Slew       Delay        Time   Description
---------------------------------------------------------------------------------------------
                                  0.000000    0.000000   clock clk (rise edge)
                                  0.000000    0.000000   clock network delay (propagated)
                                 40.000000   40.000000 ^ input external delay
     1    0.005798    0.204653    0.080476   40.080479 ^ rst_n (in)
                                                         rst_n (net)
                      0.204653    0.000000   40.080479 ^ input4/I (gf180mcu_fd_sc_mcu7t5v0__buf_1)
     1    0.007822    0.262059    0.347917   40.428394 ^ input4/Z (gf180mcu_fd_sc_mcu7t5v0__buf_1)
                                                         net4 (net)
                      0.262059    0.000366   40.428761 ^ fanout49/I (gf180mcu_fd_sc_mcu7t5v0__dlyb_1)
     1    0.007555    0.292947    1.383430   41.812191 ^ fanout49/Z (gf180mcu_fd_sc_mcu7t5v0__dlyb_1)
                                                         net49 (net)
                      0.292947    0.000373   41.812565 ^ wire51/I (gf180mcu_fd_sc_mcu7t5v0__buf_1)
     4    0.032790    0.828461    0.704684   42.517246 ^ wire51/Z (gf180mcu_fd_sc_mcu7t5v0__buf_1)
                                                         net51 (net)
                      0.828464    0.000895   42.518143 ^ fanout37/I (gf180mcu_fd_sc_mcu7t5v0__dlyb_1)
     3    0.019403    0.545196    1.595517   44.113659 ^ fanout37/Z (gf180mcu_fd_sc_mcu7t5v0__dlyb_1)
                                                         net37 (net)
                      0.545196    0.000384   44.114044 ^ load_slew39/I (gf180mcu_fd_sc_mcu7t5v0__clkbuf_2)
     3    0.024972    0.348811    0.531113   44.645157 ^ load_slew39/Z (gf180mcu_fd_sc_mcu7t5v0__clkbuf_2)
                                                         net39 (net)
                      0.348813    0.001236   44.646393 ^ fanout33/I (gf180mcu_fd_sc_mcu7t5v0__dlyb_1)
     3    0.026767    0.704294    1.663501   46.309895 ^ fanout33/Z (gf180mcu_fd_sc_mcu7t5v0__dlyb_1)
                                                         net33 (net)
                      0.704296    0.000945   46.310841 ^ load_slew36/I (gf180mcu_fd_sc_mcu7t5v0__buf_2)
     3    0.022013    0.311788    0.435570   46.746410 ^ load_slew36/Z (gf180mcu_fd_sc_mcu7t5v0__buf_2)
                                                         net36 (net)
                      0.311790    0.001123   46.747532 ^ wire35/I (gf180mcu_fd_sc_mcu7t5v0__buf_1)
     4    0.031837    0.806664    0.694119   47.441650 ^ wire35/Z (gf180mcu_fd_sc_mcu7t5v0__buf_1)
                                                         net35 (net)
                      0.806664    0.000657   47.442307 ^ _221_/RN (gf180mcu_fd_sc_mcu7t5v0__dffrnq_1)
                                             47.442307   data arrival time

                                200.000000  200.000000   clock clk (rise edge)
                                  0.000000  200.000000   clock source latency
     1    0.043337    0.298221    0.151559  200.151550 ^ clk (in)
                                                         clk (net)
                      0.298224    0.000000  200.151550 ^ clkbuf_0_clk/I (gf180mcu_fd_sc_mcu7t5v0__clkbuf_16)
     8    0.200996    0.354491    0.506944  200.658493 ^ clkbuf_0_clk/Z (gf180mcu_fd_sc_mcu7t5v0__clkbuf_16)
                                                         clknet_0_clk (net)
                      0.354508    0.003737  200.662231 ^ clkbuf_3_2__f_clk/I (gf180mcu_fd_sc_mcu7t5v0__clkbuf_16)
     6    0.031161    0.135101    0.362661  201.024902 ^ clkbuf_3_2__f_clk/Z (gf180mcu_fd_sc_mcu7t5v0__clkbuf_16)
                                                         clknet_3_2__leaf_clk (net)
                      0.135102    0.000583  201.025482 ^ _221_/CLK (gf180mcu_fd_sc_mcu7t5v0__dffrnq_1)
                                 -0.250000  200.775482   clock uncertainty
                                  0.000000  200.775482   clock reconvergence pessimism
                                  0.313439  201.088913   library recovery time
                                            201.088913   data required time
---------------------------------------------------------------------------------------------
                                            201.088913   data required time
                                            -47.442307   data arrival time
---------------------------------------------------------------------------------------------
                                            153.646606   slack (MET)


Startpoint: rst_n (input port clocked by clk)
Endpoint: _222_ (recovery check against rising-edge clock clk)
Path Group: asynchronous
Path Type: max

Fanout         Cap        Slew       Delay        Time   Description
---------------------------------------------------------------------------------------------
                                  0.000000    0.000000   clock clk (rise edge)
                                  0.000000    0.000000   clock network delay (propagated)
                                 40.000000   40.000000 ^ input external delay
     1    0.005798    0.204653    0.080476   40.080479 ^ rst_n (in)
                                                         rst_n (net)
                      0.204653    0.000000   40.080479 ^ input4/I (gf180mcu_fd_sc_mcu7t5v0__buf_1)
     1    0.007822    0.262059    0.347917   40.428394 ^ input4/Z (gf180mcu_fd_sc_mcu7t5v0__buf_1)
                                                         net4 (net)
                      0.262059    0.000366   40.428761 ^ fanout49/I (gf180mcu_fd_sc_mcu7t5v0__dlyb_1)
     1    0.007555    0.292947    1.383430   41.812191 ^ fanout49/Z (gf180mcu_fd_sc_mcu7t5v0__dlyb_1)
                                                         net49 (net)
                      0.292947    0.000373   41.812565 ^ wire51/I (gf180mcu_fd_sc_mcu7t5v0__buf_1)
     4    0.032790    0.828461    0.704684   42.517246 ^ wire51/Z (gf180mcu_fd_sc_mcu7t5v0__buf_1)
                                                         net51 (net)
                      0.828464    0.000895   42.518143 ^ fanout37/I (gf180mcu_fd_sc_mcu7t5v0__dlyb_1)
     3    0.019403    0.545196    1.595517   44.113659 ^ fanout37/Z (gf180mcu_fd_sc_mcu7t5v0__dlyb_1)
                                                         net37 (net)
                      0.545196    0.000384   44.114044 ^ load_slew39/I (gf180mcu_fd_sc_mcu7t5v0__clkbuf_2)
     3    0.024972    0.348811    0.531113   44.645157 ^ load_slew39/Z (gf180mcu_fd_sc_mcu7t5v0__clkbuf_2)
                                                         net39 (net)
                      0.348813    0.001236   44.646393 ^ fanout33/I (gf180mcu_fd_sc_mcu7t5v0__dlyb_1)
     3    0.026767    0.704294    1.663501   46.309895 ^ fanout33/Z (gf180mcu_fd_sc_mcu7t5v0__dlyb_1)
                                                         net33 (net)
                      0.704296    0.000945   46.310841 ^ load_slew36/I (gf180mcu_fd_sc_mcu7t5v0__buf_2)
     3    0.022013    0.311788    0.435570   46.746410 ^ load_slew36/Z (gf180mcu_fd_sc_mcu7t5v0__buf_2)
                                                         net36 (net)
                      0.311790    0.001194   46.747604 ^ _222_/RN (gf180mcu_fd_sc_mcu7t5v0__dffrnq_1)
                                             46.747604   data arrival time

                                200.000000  200.000000   clock clk (rise edge)
                                  0.000000  200.000000   clock source latency
     1    0.043337    0.298221    0.151559  200.151550 ^ clk (in)
                                                         clk (net)
                      0.298224    0.000000  200.151550 ^ clkbuf_0_clk/I (gf180mcu_fd_sc_mcu7t5v0__clkbuf_16)
     8    0.200996    0.354491    0.506944  200.658493 ^ clkbuf_0_clk/Z (gf180mcu_fd_sc_mcu7t5v0__clkbuf_16)
                                                         clknet_0_clk (net)
                      0.354508    0.003737  200.662231 ^ clkbuf_3_3__f_clk/I (gf180mcu_fd_sc_mcu7t5v0__clkbuf_16)
     6    0.030928    0.134794    0.362391  201.024628 ^ clkbuf_3_3__f_clk/Z (gf180mcu_fd_sc_mcu7t5v0__clkbuf_16)
                                                         clknet_3_3__leaf_clk (net)
                      0.134795    0.000568  201.025192 ^ _222_/CLK (gf180mcu_fd_sc_mcu7t5v0__dffrnq_1)
                                 -0.250000  200.775192   clock uncertainty
                                  0.000000  200.775192   clock reconvergence pessimism
                                  0.347702  201.122894   library recovery time
                                            201.122894   data required time
---------------------------------------------------------------------------------------------
                                            201.122894   data required time
                                            -46.747604   data arrival time
---------------------------------------------------------------------------------------------
                                            154.375290   slack (MET)


Startpoint: rst_n (input port clocked by clk)
Endpoint: _223_ (recovery check against rising-edge clock clk)
Path Group: asynchronous
Path Type: max

Fanout         Cap        Slew       Delay        Time   Description
---------------------------------------------------------------------------------------------
                                  0.000000    0.000000   clock clk (rise edge)
                                  0.000000    0.000000   clock network delay (propagated)
                                 40.000000   40.000000 ^ input external delay
     1    0.005798    0.204653    0.080476   40.080479 ^ rst_n (in)
                                                         rst_n (net)
                      0.204653    0.000000   40.080479 ^ input4/I (gf180mcu_fd_sc_mcu7t5v0__buf_1)
     1    0.007822    0.262059    0.347917   40.428394 ^ input4/Z (gf180mcu_fd_sc_mcu7t5v0__buf_1)
                                                         net4 (net)
                      0.262059    0.000366   40.428761 ^ fanout49/I (gf180mcu_fd_sc_mcu7t5v0__dlyb_1)
     1    0.007555    0.292947    1.383430   41.812191 ^ fanout49/Z (gf180mcu_fd_sc_mcu7t5v0__dlyb_1)
                                                         net49 (net)
                      0.292947    0.000373   41.812565 ^ wire51/I (gf180mcu_fd_sc_mcu7t5v0__buf_1)
     4    0.032790    0.828461    0.704684   42.517246 ^ wire51/Z (gf180mcu_fd_sc_mcu7t5v0__buf_1)
                                                         net51 (net)
                      0.828464    0.000895   42.518143 ^ fanout37/I (gf180mcu_fd_sc_mcu7t5v0__dlyb_1)
     3    0.019403    0.545196    1.595517   44.113659 ^ fanout37/Z (gf180mcu_fd_sc_mcu7t5v0__dlyb_1)
                                                         net37 (net)
                      0.545196    0.000384   44.114044 ^ load_slew39/I (gf180mcu_fd_sc_mcu7t5v0__clkbuf_2)
     3    0.024972    0.348811    0.531113   44.645157 ^ load_slew39/Z (gf180mcu_fd_sc_mcu7t5v0__clkbuf_2)
                                                         net39 (net)
                      0.348813    0.001236   44.646393 ^ fanout33/I (gf180mcu_fd_sc_mcu7t5v0__dlyb_1)
     3    0.026767    0.704294    1.663501   46.309895 ^ fanout33/Z (gf180mcu_fd_sc_mcu7t5v0__dlyb_1)
                                                         net33 (net)
                      0.704296    0.000945   46.310841 ^ load_slew36/I (gf180mcu_fd_sc_mcu7t5v0__buf_2)
     3    0.022013    0.311788    0.435570   46.746410 ^ load_slew36/Z (gf180mcu_fd_sc_mcu7t5v0__buf_2)
                                                         net36 (net)
                      0.311790    0.001194   46.747604 ^ _223_/RN (gf180mcu_fd_sc_mcu7t5v0__dffrnq_1)
                                             46.747604   data arrival time

                                200.000000  200.000000   clock clk (rise edge)
                                  0.000000  200.000000   clock source latency
     1    0.043337    0.298221    0.151559  200.151550 ^ clk (in)
                                                         clk (net)
                      0.298224    0.000000  200.151550 ^ clkbuf_0_clk/I (gf180mcu_fd_sc_mcu7t5v0__clkbuf_16)
     8    0.200996    0.354491    0.506944  200.658493 ^ clkbuf_0_clk/Z (gf180mcu_fd_sc_mcu7t5v0__clkbuf_16)
                                                         clknet_0_clk (net)
                      0.354508    0.003737  200.662231 ^ clkbuf_3_3__f_clk/I (gf180mcu_fd_sc_mcu7t5v0__clkbuf_16)
     6    0.030928    0.134794    0.362391  201.024628 ^ clkbuf_3_3__f_clk/Z (gf180mcu_fd_sc_mcu7t5v0__clkbuf_16)
                                                         clknet_3_3__leaf_clk (net)
                      0.134795    0.000554  201.025177 ^ _223_/CLK (gf180mcu_fd_sc_mcu7t5v0__dffrnq_1)
                                 -0.250000  200.775177   clock uncertainty
                                  0.000000  200.775177   clock reconvergence pessimism
                                  0.347702  201.122879   library recovery time
                                            201.122879   data required time
---------------------------------------------------------------------------------------------
                                            201.122879   data required time
                                            -46.747604   data arrival time
---------------------------------------------------------------------------------------------
                                            154.375275   slack (MET)


Startpoint: soft_rst_n (input port clocked by clk)
Endpoint: _216_ (rising edge-triggered flip-flop clocked by clk)
Path Group: clk
Path Type: max

Fanout         Cap        Slew       Delay        Time   Description
---------------------------------------------------------------------------------------------
                                  0.000000    0.000000   clock clk (rise edge)
                                  0.000000    0.000000   clock network delay (propagated)
                                 40.000000   40.000000 ^ input external delay
     1    0.006252    0.215082    0.086668   40.086670 ^ soft_rst_n (in)
                                                         soft_rst_n (net)
                      0.215082    0.000000   40.086670 ^ input5/I (gf180mcu_fd_sc_mcu7t5v0__buf_1)
     5    0.032357    0.818064    0.682249   40.768917 ^ input5/Z (gf180mcu_fd_sc_mcu7t5v0__buf_1)
                                                         net5 (net)
                      0.818069    0.001180   40.770100 ^ fanout29/I (gf180mcu_fd_sc_mcu7t5v0__dlyb_1)
     2    0.010505    0.352987    1.471214   42.241314 ^ fanout29/Z (gf180mcu_fd_sc_mcu7t5v0__dlyb_1)
                                                         net29 (net)
                      0.352987    0.000455   42.241768 ^ wire32/I (gf180mcu_fd_sc_mcu7t5v0__buf_1)
     4    0.031283    0.793815    0.691117   42.932884 ^ wire32/Z (gf180mcu_fd_sc_mcu7t5v0__buf_1)
                                                         net32 (net)
                      0.793820    0.001151   42.934036 ^ load_slew31/I (gf180mcu_fd_sc_mcu7t5v0__clkbuf_2)
     4    0.032997    0.441133    0.623590   43.557625 ^ load_slew31/Z (gf180mcu_fd_sc_mcu7t5v0__clkbuf_2)
                                                         net31 (net)
                      0.441134    0.001254   43.558880 ^ load_slew30/I (gf180mcu_fd_sc_mcu7t5v0__clkbuf_1)
     3    0.026687    0.678906    0.636646   44.195526 ^ load_slew30/Z (gf180mcu_fd_sc_mcu7t5v0__clkbuf_1)
                                                         net30 (net)
                      0.678911    0.001066   44.196590 ^ _108_/I (gf180mcu_fd_sc_mcu7t5v0__clkinv_1)
     4    0.025678    0.595539    0.524601   44.721191 v _108_/ZN (gf180mcu_fd_sc_mcu7t5v0__clkinv_1)
                                                         _101_ (net)
                      0.595544    0.000991   44.722183 v _196_/A1 (gf180mcu_fd_sc_mcu7t5v0__oai32_1)
     1    0.004567    1.135790    0.810498   45.532681 ^ _196_/ZN (gf180mcu_fd_sc_mcu7t5v0__oai32_1)
                                                         _030_ (net)
                      1.135790    0.000124   45.532806 ^ _216_/D (gf180mcu_fd_sc_mcu7t5v0__dffrnq_1)
                                             45.532806   data arrival time

                                200.000000  200.000000   clock clk (rise edge)
                                  0.000000  200.000000   clock source latency
     1    0.043337    0.298221    0.151559  200.151550 ^ clk (in)
                                                         clk (net)
                      0.298224    0.000000  200.151550 ^ clkbuf_0_clk/I (gf180mcu_fd_sc_mcu7t5v0__clkbuf_16)
     8    0.200996    0.354491    0.506944  200.658493 ^ clkbuf_0_clk/Z (gf180mcu_fd_sc_mcu7t5v0__clkbuf_16)
                                                         clknet_0_clk (net)
                      0.354508    0.003737  200.662231 ^ clkbuf_3_2__f_clk/I (gf180mcu_fd_sc_mcu7t5v0__clkbuf_16)
     6    0.031161    0.135101    0.362661  201.024902 ^ clkbuf_3_2__f_clk/Z (gf180mcu_fd_sc_mcu7t5v0__clkbuf_16)
                                                         clknet_3_2__leaf_clk (net)
                      0.135102    0.000583  201.025482 ^ _216_/CLK (gf180mcu_fd_sc_mcu7t5v0__dffrnq_1)
                                 -0.250000  200.775482   clock uncertainty
                                  0.000000  200.775482   clock reconvergence pessimism
                                 -0.600961  200.174515   library setup time
                                            200.174515   data required time
---------------------------------------------------------------------------------------------
                                            200.174515   data required time
                                            -45.532806   data arrival time
---------------------------------------------------------------------------------------------
                                            154.641708   slack (MET)


Startpoint: soft_rst_n (input port clocked by clk)
Endpoint: _219_ (rising edge-triggered flip-flop clocked by clk)
Path Group: clk
Path Type: max

Fanout         Cap        Slew       Delay        Time   Description
---------------------------------------------------------------------------------------------
                                  0.000000    0.000000   clock clk (rise edge)
                                  0.000000    0.000000   clock network delay (propagated)
                                 40.000000   40.000000 ^ input external delay
     1    0.006252    0.215082    0.086668   40.086670 ^ soft_rst_n (in)
                                                         soft_rst_n (net)
                      0.215082    0.000000   40.086670 ^ input5/I (gf180mcu_fd_sc_mcu7t5v0__buf_1)
     5    0.032357    0.818064    0.682249   40.768917 ^ input5/Z (gf180mcu_fd_sc_mcu7t5v0__buf_1)
                                                         net5 (net)
                      0.818069    0.001180   40.770100 ^ fanout29/I (gf180mcu_fd_sc_mcu7t5v0__dlyb_1)
     2    0.010505    0.352987    1.471214   42.241314 ^ fanout29/Z (gf180mcu_fd_sc_mcu7t5v0__dlyb_1)
                                                         net29 (net)
                      0.352987    0.000455   42.241768 ^ wire32/I (gf180mcu_fd_sc_mcu7t5v0__buf_1)
     4    0.031283    0.793815    0.691117   42.932884 ^ wire32/Z (gf180mcu_fd_sc_mcu7t5v0__buf_1)
                                                         net32 (net)
                      0.793820    0.001151   42.934036 ^ load_slew31/I (gf180mcu_fd_sc_mcu7t5v0__clkbuf_2)
     4    0.032997    0.441133    0.623590   43.557625 ^ load_slew31/Z (gf180mcu_fd_sc_mcu7t5v0__clkbuf_2)
                                                         net31 (net)
                      0.441134    0.001254   43.558880 ^ load_slew30/I (gf180mcu_fd_sc_mcu7t5v0__clkbuf_1)
     3    0.026687    0.678906    0.636646   44.195526 ^ load_slew30/Z (gf180mcu_fd_sc_mcu7t5v0__clkbuf_1)
                                                         net30 (net)
                      0.678911    0.001066   44.196590 ^ _108_/I (gf180mcu_fd_sc_mcu7t5v0__clkinv_1)
     4    0.025678    0.595539    0.524601   44.721191 v _108_/ZN (gf180mcu_fd_sc_mcu7t5v0__clkinv_1)
                                                         _101_ (net)
                      0.595544    0.000991   44.722183 v _202_/A1 (gf180mcu_fd_sc_mcu7t5v0__oai31_1)
     1    0.006561    1.023489    0.708461   45.430645 ^ _202_/ZN (gf180mcu_fd_sc_mcu7t5v0__oai31_1)
                                                         _033_ (net)
                      1.023489    0.000156   45.430801 ^ _219_/D (gf180mcu_fd_sc_mcu7t5v0__dffrnq_1)
                                             45.430801   data arrival time

                                200.000000  200.000000   clock clk (rise edge)
                                  0.000000  200.000000   clock source latency
     1    0.043337    0.298221    0.151559  200.151550 ^ clk (in)
                                                         clk (net)
                      0.298224    0.000000  200.151550 ^ clkbuf_0_clk/I (gf180mcu_fd_sc_mcu7t5v0__clkbuf_16)
     8    0.200996    0.354491    0.506944  200.658493 ^ clkbuf_0_clk/Z (gf180mcu_fd_sc_mcu7t5v0__clkbuf_16)
                                                         clknet_0_clk (net)
                      0.354508    0.003737  200.662231 ^ clkbuf_3_2__f_clk/I (gf180mcu_fd_sc_mcu7t5v0__clkbuf_16)
     6    0.031161    0.135101    0.362661  201.024902 ^ clkbuf_3_2__f_clk/Z (gf180mcu_fd_sc_mcu7t5v0__clkbuf_16)
                                                         clknet_3_2__leaf_clk (net)
                      0.135102    0.000583  201.025482 ^ _219_/CLK (gf180mcu_fd_sc_mcu7t5v0__dffrnq_1)
                                 -0.250000  200.775482   clock uncertainty
                                  0.000000  200.775482   clock reconvergence pessimism
                                 -0.590096  200.185394   library setup time
                                            200.185394   data required time
---------------------------------------------------------------------------------------------
                                            200.185394   data required time
                                            -45.430801   data arrival time
---------------------------------------------------------------------------------------------
                                            154.754593   slack (MET)


Startpoint: rst_n (input port clocked by clk)
Endpoint: _231_ (recovery check against rising-edge clock clk)
Path Group: asynchronous
Path Type: max

Fanout         Cap        Slew       Delay        Time   Description
---------------------------------------------------------------------------------------------
                                  0.000000    0.000000   clock clk (rise edge)
                                  0.000000    0.000000   clock network delay (propagated)
                                 40.000000   40.000000 ^ input external delay
     1    0.005798    0.204653    0.080476   40.080479 ^ rst_n (in)
                                                         rst_n (net)
                      0.204653    0.000000   40.080479 ^ input4/I (gf180mcu_fd_sc_mcu7t5v0__buf_1)
     1    0.007822    0.262059    0.347917   40.428394 ^ input4/Z (gf180mcu_fd_sc_mcu7t5v0__buf_1)
                                                         net4 (net)
                      0.262059    0.000366   40.428761 ^ fanout49/I (gf180mcu_fd_sc_mcu7t5v0__dlyb_1)
     1    0.007555    0.292947    1.383430   41.812191 ^ fanout49/Z (gf180mcu_fd_sc_mcu7t5v0__dlyb_1)
                                                         net49 (net)
                      0.292947    0.000373   41.812565 ^ wire51/I (gf180mcu_fd_sc_mcu7t5v0__buf_1)
     4    0.032790    0.828461    0.704684   42.517246 ^ wire51/Z (gf180mcu_fd_sc_mcu7t5v0__buf_1)
                                                         net51 (net)
                      0.828464    0.000895   42.518143 ^ fanout37/I (gf180mcu_fd_sc_mcu7t5v0__dlyb_1)
     3    0.019403    0.545196    1.595517   44.113659 ^ fanout37/Z (gf180mcu_fd_sc_mcu7t5v0__dlyb_1)
                                                         net37 (net)
                      0.545196    0.000384   44.114044 ^ load_slew39/I (gf180mcu_fd_sc_mcu7t5v0__clkbuf_2)
     3    0.024972    0.348811    0.531113   44.645157 ^ load_slew39/Z (gf180mcu_fd_sc_mcu7t5v0__clkbuf_2)
                                                         net39 (net)
                      0.348813    0.001236   44.646393 ^ fanout33/I (gf180mcu_fd_sc_mcu7t5v0__dlyb_1)
     3    0.026767    0.704294    1.663501   46.309895 ^ fanout33/Z (gf180mcu_fd_sc_mcu7t5v0__dlyb_1)
                                                         net33 (net)
                      0.704297    0.001041   46.310936 ^ _231_/RN (gf180mcu_fd_sc_mcu7t5v0__dffrnq_1)
                                             46.310936   data arrival time

                                200.000000  200.000000   clock clk (rise edge)
                                  0.000000  200.000000   clock source latency
     1    0.043337    0.298221    0.151559  200.151550 ^ clk (in)
                                                         clk (net)
                      0.298224    0.000000  200.151550 ^ clkbuf_0_clk/I (gf180mcu_fd_sc_mcu7t5v0__clkbuf_16)
     8    0.200996    0.354491    0.506944  200.658493 ^ clkbuf_0_clk/Z (gf180mcu_fd_sc_mcu7t5v0__clkbuf_16)
                                                         clknet_0_clk (net)
                      0.354508    0.003737  200.662231 ^ clkbuf_3_3__f_clk/I (gf180mcu_fd_sc_mcu7t5v0__clkbuf_16)
     6    0.030928    0.134794    0.362391  201.024628 ^ clkbuf_3_3__f_clk/Z (gf180mcu_fd_sc_mcu7t5v0__clkbuf_16)
                                                         clknet_3_3__leaf_clk (net)
                      0.134795    0.000568  201.025192 ^ _231_/CLK (gf180mcu_fd_sc_mcu7t5v0__dffrnq_1)
                                 -0.250000  200.775192   clock uncertainty
                                  0.000000  200.775192   clock reconvergence pessimism
                                  0.334418  201.109619   library recovery time
                                            201.109619   data required time
---------------------------------------------------------------------------------------------
                                            201.109619   data required time
                                            -46.310936   data arrival time
---------------------------------------------------------------------------------------------
                                            154.798691   slack (MET)


Startpoint: rst_n (input port clocked by clk)
Endpoint: _232_ (recovery check against rising-edge clock clk)
Path Group: asynchronous
Path Type: max

Fanout         Cap        Slew       Delay        Time   Description
---------------------------------------------------------------------------------------------
                                  0.000000    0.000000   clock clk (rise edge)
                                  0.000000    0.000000   clock network delay (propagated)
                                 40.000000   40.000000 ^ input external delay
     1    0.005798    0.204653    0.080476   40.080479 ^ rst_n (in)
                                                         rst_n (net)
                      0.204653    0.000000   40.080479 ^ input4/I (gf180mcu_fd_sc_mcu7t5v0__buf_1)
     1    0.007822    0.262059    0.347917   40.428394 ^ input4/Z (gf180mcu_fd_sc_mcu7t5v0__buf_1)
                                                         net4 (net)
                      0.262059    0.000366   40.428761 ^ fanout49/I (gf180mcu_fd_sc_mcu7t5v0__dlyb_1)
     1    0.007555    0.292947    1.383430   41.812191 ^ fanout49/Z (gf180mcu_fd_sc_mcu7t5v0__dlyb_1)
                                                         net49 (net)
                      0.292947    0.000373   41.812565 ^ wire51/I (gf180mcu_fd_sc_mcu7t5v0__buf_1)
     4    0.032790    0.828461    0.704684   42.517246 ^ wire51/Z (gf180mcu_fd_sc_mcu7t5v0__buf_1)
                                                         net51 (net)
                      0.828464    0.000895   42.518143 ^ fanout37/I (gf180mcu_fd_sc_mcu7t5v0__dlyb_1)
     3    0.019403    0.545196    1.595517   44.113659 ^ fanout37/Z (gf180mcu_fd_sc_mcu7t5v0__dlyb_1)
                                                         net37 (net)
                      0.545196    0.000384   44.114044 ^ load_slew39/I (gf180mcu_fd_sc_mcu7t5v0__clkbuf_2)
     3    0.024972    0.348811    0.531113   44.645157 ^ load_slew39/Z (gf180mcu_fd_sc_mcu7t5v0__clkbuf_2)
                                                         net39 (net)
                      0.348813    0.001236   44.646393 ^ fanout33/I (gf180mcu_fd_sc_mcu7t5v0__dlyb_1)
     3    0.026767    0.704294    1.663501   46.309895 ^ fanout33/Z (gf180mcu_fd_sc_mcu7t5v0__dlyb_1)
                                                         net33 (net)
                      0.704294    0.000568   46.310463 ^ _232_/RN (gf180mcu_fd_sc_mcu7t5v0__dffrnq_1)
                                             46.310463   data arrival time

                                200.000000  200.000000   clock clk (rise edge)
                                  0.000000  200.000000   clock source latency
     1    0.043337    0.298221    0.151559  200.151550 ^ clk (in)
                                                         clk (net)
                      0.298224    0.000000  200.151550 ^ clkbuf_0_clk/I (gf180mcu_fd_sc_mcu7t5v0__clkbuf_16)
     8    0.200996    0.354491    0.506944  200.658493 ^ clkbuf_0_clk/Z (gf180mcu_fd_sc_mcu7t5v0__clkbuf_16)
                                                         clknet_0_clk (net)
                      0.354508    0.003752  200.662247 ^ clkbuf_3_0__f_clk/I (gf180mcu_fd_sc_mcu7t5v0__clkbuf_16)
     6    0.036406    0.141994    0.368644  201.030899 ^ clkbuf_3_0__f_clk/Z (gf180mcu_fd_sc_mcu7t5v0__clkbuf_16)
                                                         clknet_3_0__leaf_clk (net)
                      0.141998    0.001222  201.032120 ^ _232_/CLK (gf180mcu_fd_sc_mcu7t5v0__dffrnq_1)
                                 -0.250000  200.782120   clock uncertainty
                                  0.000000  200.782120   clock reconvergence pessimism
                                  0.336573  201.118683   library recovery time
                                            201.118683   data required time
---------------------------------------------------------------------------------------------
                                            201.118683   data required time
                                            -46.310463   data arrival time
---------------------------------------------------------------------------------------------
                                            154.808228   slack (MET)


Startpoint: soft_rst_n (input port clocked by clk)
Endpoint: _218_ (rising edge-triggered flip-flop clocked by clk)
Path Group: clk
Path Type: max

Fanout         Cap        Slew       Delay        Time   Description
---------------------------------------------------------------------------------------------
                                  0.000000    0.000000   clock clk (rise edge)
                                  0.000000    0.000000   clock network delay (propagated)
                                 40.000000   40.000000 ^ input external delay
     1    0.006252    0.215082    0.086668   40.086670 ^ soft_rst_n (in)
                                                         soft_rst_n (net)
                      0.215082    0.000000   40.086670 ^ input5/I (gf180mcu_fd_sc_mcu7t5v0__buf_1)
     5    0.032357    0.818064    0.682249   40.768917 ^ input5/Z (gf180mcu_fd_sc_mcu7t5v0__buf_1)
                                                         net5 (net)
                      0.818069    0.001180   40.770100 ^ fanout29/I (gf180mcu_fd_sc_mcu7t5v0__dlyb_1)
     2    0.010505    0.352987    1.471214   42.241314 ^ fanout29/Z (gf180mcu_fd_sc_mcu7t5v0__dlyb_1)
                                                         net29 (net)
                      0.352987    0.000455   42.241768 ^ wire32/I (gf180mcu_fd_sc_mcu7t5v0__buf_1)
     4    0.031283    0.793815    0.691117   42.932884 ^ wire32/Z (gf180mcu_fd_sc_mcu7t5v0__buf_1)
                                                         net32 (net)
                      0.793820    0.001151   42.934036 ^ load_slew31/I (gf180mcu_fd_sc_mcu7t5v0__clkbuf_2)
     4    0.032997    0.441133    0.623590   43.557625 ^ load_slew31/Z (gf180mcu_fd_sc_mcu7t5v0__clkbuf_2)
                                                         net31 (net)
                      0.441134    0.001254   43.558880 ^ load_slew30/I (gf180mcu_fd_sc_mcu7t5v0__clkbuf_1)
     3    0.026687    0.678906    0.636646   44.195526 ^ load_slew30/Z (gf180mcu_fd_sc_mcu7t5v0__clkbuf_1)
                                                         net30 (net)
                      0.678911    0.001066   44.196590 ^ _108_/I (gf180mcu_fd_sc_mcu7t5v0__clkinv_1)
     4    0.025678    0.595539    0.524601   44.721191 v _108_/ZN (gf180mcu_fd_sc_mcu7t5v0__clkinv_1)
                                                         _101_ (net)
                      0.595543    0.000909   44.722099 v _200_/A1 (gf180mcu_fd_sc_mcu7t5v0__nor3_1)
     1    0.006942    0.770812    0.579657   45.301758 ^ _200_/ZN (gf180mcu_fd_sc_mcu7t5v0__nor3_1)
                                                         _032_ (net)
                      0.770812    0.000320   45.302078 ^ _218_/D (gf180mcu_fd_sc_mcu7t5v0__dffrnq_1)
                                             45.302078   data arrival time

                                200.000000  200.000000   clock clk (rise edge)
                                  0.000000  200.000000   clock source latency
     1    0.043337    0.298221    0.151559  200.151550 ^ clk (in)
                                                         clk (net)
                      0.298224    0.000000  200.151550 ^ clkbuf_0_clk/I (gf180mcu_fd_sc_mcu7t5v0__clkbuf_16)
     8    0.200996    0.354491    0.506944  200.658493 ^ clkbuf_0_clk/Z (gf180mcu_fd_sc_mcu7t5v0__clkbuf_16)
                                                         clknet_0_clk (net)
                      0.354508    0.003737  200.662231 ^ clkbuf_3_2__f_clk/I (gf180mcu_fd_sc_mcu7t5v0__clkbuf_16)
     6    0.031161    0.135101    0.362661  201.024902 ^ clkbuf_3_2__f_clk/Z (gf180mcu_fd_sc_mcu7t5v0__clkbuf_16)
                                                         clknet_3_2__leaf_clk (net)
                      0.135102    0.000583  201.025482 ^ _218_/CLK (gf180mcu_fd_sc_mcu7t5v0__dffrnq_1)
                                 -0.250000  200.775482   clock uncertainty
                                  0.000000  200.775482   clock reconvergence pessimism
                                 -0.565648  200.209839   library setup time
                                            200.209839   data required time
---------------------------------------------------------------------------------------------
                                            200.209839   data required time
                                            -45.302078   data arrival time
---------------------------------------------------------------------------------------------
                                            154.907761   slack (MET)


Startpoint: rst_n (input port clocked by clk)
Endpoint: _236_ (recovery check against rising-edge clock clk)
Path Group: asynchronous
Path Type: max

Fanout         Cap        Slew       Delay        Time   Description
---------------------------------------------------------------------------------------------
                                  0.000000    0.000000   clock clk (rise edge)
                                  0.000000    0.000000   clock network delay (propagated)
                                 40.000000   40.000000 ^ input external delay
     1    0.005798    0.204653    0.080476   40.080479 ^ rst_n (in)
                                                         rst_n (net)
                      0.204653    0.000000   40.080479 ^ input4/I (gf180mcu_fd_sc_mcu7t5v0__buf_1)
     1    0.007822    0.262059    0.347917   40.428394 ^ input4/Z (gf180mcu_fd_sc_mcu7t5v0__buf_1)
                                                         net4 (net)
                      0.262059    0.000366   40.428761 ^ fanout49/I (gf180mcu_fd_sc_mcu7t5v0__dlyb_1)
     1    0.007555    0.292947    1.383430   41.812191 ^ fanout49/Z (gf180mcu_fd_sc_mcu7t5v0__dlyb_1)
                                                         net49 (net)
                      0.292947    0.000373   41.812565 ^ wire51/I (gf180mcu_fd_sc_mcu7t5v0__buf_1)
     4    0.032790    0.828461    0.704684   42.517246 ^ wire51/Z (gf180mcu_fd_sc_mcu7t5v0__buf_1)
                                                         net51 (net)
                      0.828461    0.000600   42.517849 ^ fanout45/I (gf180mcu_fd_sc_mcu7t5v0__dlyb_1)
     3    0.025288    0.672159    1.675495   44.193344 ^ fanout45/Z (gf180mcu_fd_sc_mcu7t5v0__dlyb_1)
                                                         net45 (net)
                      0.672163    0.001108   44.194450 ^ load_slew48/I (gf180mcu_fd_sc_mcu7t5v0__clkbuf_1)
     3    0.023184    0.599531    0.621526   44.815979 ^ load_slew48/Z (gf180mcu_fd_sc_mcu7t5v0__clkbuf_1)
                                                         net48 (net)
                      0.599538    0.001187   44.817165 ^ load_slew47/I (gf180mcu_fd_sc_mcu7t5v0__clkbuf_2)
     4    0.030817    0.414774    0.581142   45.398308 ^ load_slew47/Z (gf180mcu_fd_sc_mcu7t5v0__clkbuf_2)
                                                         net47 (net)
                      0.414775    0.000753   45.399059 ^ load_slew46/I (gf180mcu_fd_sc_mcu7t5v0__clkbuf_2)
     3    0.029866    0.401834    0.539313   45.938374 ^ load_slew46/Z (gf180mcu_fd_sc_mcu7t5v0__clkbuf_2)
                                                         net46 (net)
                      0.401836    0.001354   45.939728 ^ _236_/RN (gf180mcu_fd_sc_mcu7t5v0__dffrnq_1)
                                             45.939728   data arrival time

                                200.000000  200.000000   clock clk (rise edge)
                                  0.000000  200.000000   clock source latency
     1    0.043337    0.298221    0.151559  200.151550 ^ clk (in)
                                                         clk (net)
                      0.298224    0.000000  200.151550 ^ clkbuf_0_clk/I (gf180mcu_fd_sc_mcu7t5v0__clkbuf_16)
     8    0.200996    0.354491    0.506944  200.658493 ^ clkbuf_0_clk/Z (gf180mcu_fd_sc_mcu7t5v0__clkbuf_16)
                                                         clknet_0_clk (net)
                      0.354528    0.005471  200.663971 ^ clkbuf_3_4__f_clk/I (gf180mcu_fd_sc_mcu7t5v0__clkbuf_16)
     6    0.032487    0.136846    0.364125  201.028091 ^ clkbuf_3_4__f_clk/Z (gf180mcu_fd_sc_mcu7t5v0__clkbuf_16)
                                                         clknet_3_4__leaf_clk (net)
                      0.136847    0.000725  201.028824 ^ _236_/CLK (gf180mcu_fd_sc_mcu7t5v0__dffrnq_1)
                                 -0.250000  200.778824   clock uncertainty
                                  0.000000  200.778824   clock reconvergence pessimism
                                  0.346100  201.124924   library recovery time
                                            201.124924   data required time
---------------------------------------------------------------------------------------------
                                            201.124924   data required time
                                            -45.939728   data arrival time
---------------------------------------------------------------------------------------------
                                            155.185196   slack (MET)


Startpoint: rst_n (input port clocked by clk)
Endpoint: _252_ (recovery check against rising-edge clock clk)
Path Group: asynchronous
Path Type: max

Fanout         Cap        Slew       Delay        Time   Description
---------------------------------------------------------------------------------------------
                                  0.000000    0.000000   clock clk (rise edge)
                                  0.000000    0.000000   clock network delay (propagated)
                                 40.000000   40.000000 ^ input external delay
     1    0.005798    0.204653    0.080476   40.080479 ^ rst_n (in)
                                                         rst_n (net)
                      0.204653    0.000000   40.080479 ^ input4/I (gf180mcu_fd_sc_mcu7t5v0__buf_1)
     1    0.007822    0.262059    0.347917   40.428394 ^ input4/Z (gf180mcu_fd_sc_mcu7t5v0__buf_1)
                                                         net4 (net)
                      0.262059    0.000366   40.428761 ^ fanout49/I (gf180mcu_fd_sc_mcu7t5v0__dlyb_1)
     1    0.007555    0.292947    1.383430   41.812191 ^ fanout49/Z (gf180mcu_fd_sc_mcu7t5v0__dlyb_1)
                                                         net49 (net)
                      0.292947    0.000373   41.812565 ^ wire51/I (gf180mcu_fd_sc_mcu7t5v0__buf_1)
     4    0.032790    0.828461    0.704684   42.517246 ^ wire51/Z (gf180mcu_fd_sc_mcu7t5v0__buf_1)
                                                         net51 (net)
                      0.828461    0.000600   42.517849 ^ fanout45/I (gf180mcu_fd_sc_mcu7t5v0__dlyb_1)
     3    0.025288    0.672159    1.675495   44.193344 ^ fanout45/Z (gf180mcu_fd_sc_mcu7t5v0__dlyb_1)
                                                         net45 (net)
                      0.672163    0.001108   44.194450 ^ load_slew48/I (gf180mcu_fd_sc_mcu7t5v0__clkbuf_1)
     3    0.023184    0.599531    0.621526   44.815979 ^ load_slew48/Z (gf180mcu_fd_sc_mcu7t5v0__clkbuf_1)
                                                         net48 (net)
                      0.599538    0.001187   44.817165 ^ load_slew47/I (gf180mcu_fd_sc_mcu7t5v0__clkbuf_2)
     4    0.030817    0.414774    0.581142   45.398308 ^ load_slew47/Z (gf180mcu_fd_sc_mcu7t5v0__clkbuf_2)
                                                         net47 (net)
                      0.414775    0.000753   45.399059 ^ load_slew46/I (gf180mcu_fd_sc_mcu7t5v0__clkbuf_2)
     3    0.029866    0.401834    0.539313   45.938374 ^ load_slew46/Z (gf180mcu_fd_sc_mcu7t5v0__clkbuf_2)
                                                         net46 (net)
                      0.401836    0.001219   45.939590 ^ _252_/RN (gf180mcu_fd_sc_mcu7t5v0__dffrnq_1)
                                             45.939590   data arrival time

                                200.000000  200.000000   clock clk (rise edge)
                                  0.000000  200.000000   clock source latency
     1    0.043337    0.298221    0.151559  200.151550 ^ clk (in)
                                                         clk (net)
                      0.298224    0.000000  200.151550 ^ clkbuf_0_clk/I (gf180mcu_fd_sc_mcu7t5v0__clkbuf_16)
     8    0.200996    0.354491    0.506944  200.658493 ^ clkbuf_0_clk/Z (gf180mcu_fd_sc_mcu7t5v0__clkbuf_16)
                                                         clknet_0_clk (net)
                      0.354528    0.005471  200.663971 ^ clkbuf_3_4__f_clk/I (gf180mcu_fd_sc_mcu7t5v0__clkbuf_16)
     6    0.032487    0.136846    0.364125  201.028091 ^ clkbuf_3_4__f_clk/Z (gf180mcu_fd_sc_mcu7t5v0__clkbuf_16)
                                                         clknet_3_4__leaf_clk (net)
                      0.136847    0.000597  201.028687 ^ _252_/CLK (gf180mcu_fd_sc_mcu7t5v0__dffrnq_1)
                                 -0.250000  200.778687   clock uncertainty
                                  0.000000  200.778687   clock reconvergence pessimism
                                  0.346100  201.124802   library recovery time
                                            201.124802   data required time
---------------------------------------------------------------------------------------------
                                            201.124802   data required time
                                            -45.939590   data arrival time
---------------------------------------------------------------------------------------------
                                            155.185211   slack (MET)


Startpoint: rst_n (input port clocked by clk)
Endpoint: _235_ (recovery check against rising-edge clock clk)
Path Group: asynchronous
Path Type: max

Fanout         Cap        Slew       Delay        Time   Description
---------------------------------------------------------------------------------------------
                                  0.000000    0.000000   clock clk (rise edge)
                                  0.000000    0.000000   clock network delay (propagated)
                                 40.000000   40.000000 ^ input external delay
     1    0.005798    0.204653    0.080476   40.080479 ^ rst_n (in)
                                                         rst_n (net)
                      0.204653    0.000000   40.080479 ^ input4/I (gf180mcu_fd_sc_mcu7t5v0__buf_1)
     1    0.007822    0.262059    0.347917   40.428394 ^ input4/Z (gf180mcu_fd_sc_mcu7t5v0__buf_1)
                                                         net4 (net)
                      0.262059    0.000366   40.428761 ^ fanout49/I (gf180mcu_fd_sc_mcu7t5v0__dlyb_1)
     1    0.007555    0.292947    1.383430   41.812191 ^ fanout49/Z (gf180mcu_fd_sc_mcu7t5v0__dlyb_1)
                                                         net49 (net)
                      0.292947    0.000373   41.812565 ^ wire51/I (gf180mcu_fd_sc_mcu7t5v0__buf_1)
     4    0.032790    0.828461    0.704684   42.517246 ^ wire51/Z (gf180mcu_fd_sc_mcu7t5v0__buf_1)
                                                         net51 (net)
                      0.828461    0.000600   42.517849 ^ fanout45/I (gf180mcu_fd_sc_mcu7t5v0__dlyb_1)
     3    0.025288    0.672159    1.675495   44.193344 ^ fanout45/Z (gf180mcu_fd_sc_mcu7t5v0__dlyb_1)
                                                         net45 (net)
                      0.672163    0.001108   44.194450 ^ load_slew48/I (gf180mcu_fd_sc_mcu7t5v0__clkbuf_1)
     3    0.023184    0.599531    0.621526   44.815979 ^ load_slew48/Z (gf180mcu_fd_sc_mcu7t5v0__clkbuf_1)
                                                         net48 (net)
                      0.599538    0.001187   44.817165 ^ load_slew47/I (gf180mcu_fd_sc_mcu7t5v0__clkbuf_2)
     4    0.030817    0.414774    0.581142   45.398308 ^ load_slew47/Z (gf180mcu_fd_sc_mcu7t5v0__clkbuf_2)
                                                         net47 (net)
                      0.414775    0.000753   45.399059 ^ load_slew46/I (gf180mcu_fd_sc_mcu7t5v0__clkbuf_2)
     3    0.029866    0.401834    0.539313   45.938374 ^ load_slew46/Z (gf180mcu_fd_sc_mcu7t5v0__clkbuf_2)
                                                         net46 (net)
                      0.401836    0.001354   45.939728 ^ _235_/RN (gf180mcu_fd_sc_mcu7t5v0__dffrnq_1)
                                             45.939728   data arrival time

                                200.000000  200.000000   clock clk (rise edge)
                                  0.000000  200.000000   clock source latency
     1    0.043337    0.298221    0.151559  200.151550 ^ clk (in)
                                                         clk (net)
                      0.298224    0.000000  200.151550 ^ clkbuf_0_clk/I (gf180mcu_fd_sc_mcu7t5v0__clkbuf_16)
     8    0.200996    0.354491    0.506944  200.658493 ^ clkbuf_0_clk/Z (gf180mcu_fd_sc_mcu7t5v0__clkbuf_16)
                                                         clknet_0_clk (net)
                      0.354528    0.005457  200.663956 ^ clkbuf_3_1__f_clk/I (gf180mcu_fd_sc_mcu7t5v0__clkbuf_16)
     6    0.038427    0.144642    0.370903  201.034851 ^ clkbuf_3_1__f_clk/Z (gf180mcu_fd_sc_mcu7t5v0__clkbuf_16)
                                                         clknet_3_1__leaf_clk (net)
                      0.144647    0.001492  201.036346 ^ _235_/CLK (gf180mcu_fd_sc_mcu7t5v0__dffrnq_1)
                                 -0.250000  200.786346   clock uncertainty
                                  0.000000  200.786346   clock reconvergence pessimism
                                  0.348400  201.134750   library recovery time
                                            201.134750   data required time
---------------------------------------------------------------------------------------------
                                            201.134750   data required time
                                            -45.939728   data arrival time
---------------------------------------------------------------------------------------------
                                            155.195023   slack (MET)


Startpoint: soft_rst_n (input port clocked by clk)
Endpoint: _252_ (rising edge-triggered flip-flop clocked by clk)
Path Group: clk
Path Type: max

Fanout         Cap        Slew       Delay        Time   Description
---------------------------------------------------------------------------------------------
                                  0.000000    0.000000   clock clk (rise edge)
                                  0.000000    0.000000   clock network delay (propagated)
                                 40.000000   40.000000 ^ input external delay
     1    0.006252    0.215082    0.086668   40.086670 ^ soft_rst_n (in)
                                                         soft_rst_n (net)
                      0.215082    0.000000   40.086670 ^ input5/I (gf180mcu_fd_sc_mcu7t5v0__buf_1)
     5    0.032357    0.818064    0.682249   40.768917 ^ input5/Z (gf180mcu_fd_sc_mcu7t5v0__buf_1)
                                                         net5 (net)
                      0.818069    0.001180   40.770100 ^ fanout29/I (gf180mcu_fd_sc_mcu7t5v0__dlyb_1)
     2    0.010505    0.352987    1.471214   42.241314 ^ fanout29/Z (gf180mcu_fd_sc_mcu7t5v0__dlyb_1)
                                                         net29 (net)
                      0.352987    0.000465   42.241779 ^ fanout27/I (gf180mcu_fd_sc_mcu7t5v0__dlyb_1)
     5    0.032872    0.840480    1.746134   43.987911 ^ fanout27/Z (gf180mcu_fd_sc_mcu7t5v0__dlyb_1)
                                                         net27 (net)
                      0.840484    0.001329   43.989239 ^ load_slew28/I (gf180mcu_fd_sc_mcu7t5v0__buf_2)
     6    0.031967    0.424669    0.509395   44.498634 ^ load_slew28/Z (gf180mcu_fd_sc_mcu7t5v0__buf_2)
                                                         net28 (net)
                      0.424672    0.001741   44.500378 ^ _123_/A1 (gf180mcu_fd_sc_mcu7t5v0__and2_1)
     1    0.008011    0.288178    0.488900   44.989277 ^ _123_/Z (gf180mcu_fd_sc_mcu7t5v0__and2_1)
                                                         _013_ (net)
                      0.288178    0.000369   44.989647 ^ _252_/D (gf180mcu_fd_sc_mcu7t5v0__dffrnq_1)
                                             44.989647   data arrival time

                                200.000000  200.000000   clock clk (rise edge)
                                  0.000000  200.000000   clock source latency
     1    0.043337    0.298221    0.151559  200.151550 ^ clk (in)
                                                         clk (net)
                      0.298224    0.000000  200.151550 ^ clkbuf_0_clk/I (gf180mcu_fd_sc_mcu7t5v0__clkbuf_16)
     8    0.200996    0.354491    0.506944  200.658493 ^ clkbuf_0_clk/Z (gf180mcu_fd_sc_mcu7t5v0__clkbuf_16)
                                                         clknet_0_clk (net)
                      0.354528    0.005471  200.663971 ^ clkbuf_3_4__f_clk/I (gf180mcu_fd_sc_mcu7t5v0__clkbuf_16)
     6    0.032487    0.136846    0.364125  201.028091 ^ clkbuf_3_4__f_clk/Z (gf180mcu_fd_sc_mcu7t5v0__clkbuf_16)
                                                         clknet_3_4__leaf_clk (net)
                      0.136847    0.000597  201.028687 ^ _252_/CLK (gf180mcu_fd_sc_mcu7t5v0__dffrnq_1)
                                 -0.250000  200.778687   clock uncertainty
                                  0.000000  200.778687   clock reconvergence pessimism
                                 -0.486005  200.292679   library setup time
                                            200.292679   data required time
---------------------------------------------------------------------------------------------
                                            200.292679   data required time
                                            -44.989647   data arrival time
---------------------------------------------------------------------------------------------
                                            155.303024   slack (MET)


Startpoint: soft_rst_n (input port clocked by clk)
Endpoint: _250_ (rising edge-triggered flip-flop clocked by clk)
Path Group: clk
Path Type: max

Fanout         Cap        Slew       Delay        Time   Description
---------------------------------------------------------------------------------------------
                                  0.000000    0.000000   clock clk (rise edge)
                                  0.000000    0.000000   clock network delay (propagated)
                                 40.000000   40.000000 ^ input external delay
     1    0.006252    0.215082    0.086668   40.086670 ^ soft_rst_n (in)
                                                         soft_rst_n (net)
                      0.215082    0.000000   40.086670 ^ input5/I (gf180mcu_fd_sc_mcu7t5v0__buf_1)
     5    0.032357    0.818064    0.682249   40.768917 ^ input5/Z (gf180mcu_fd_sc_mcu7t5v0__buf_1)
                                                         net5 (net)
                      0.818069    0.001180   40.770100 ^ fanout29/I (gf180mcu_fd_sc_mcu7t5v0__dlyb_1)
     2    0.010505    0.352987    1.471214   42.241314 ^ fanout29/Z (gf180mcu_fd_sc_mcu7t5v0__dlyb_1)
                                                         net29 (net)
                      0.352987    0.000465   42.241779 ^ fanout27/I (gf180mcu_fd_sc_mcu7t5v0__dlyb_1)
     5    0.032872    0.840480    1.746134   43.987911 ^ fanout27/Z (gf180mcu_fd_sc_mcu7t5v0__dlyb_1)
                                                         net27 (net)
                      0.840484    0.001329   43.989239 ^ load_slew28/I (gf180mcu_fd_sc_mcu7t5v0__buf_2)
     6    0.031967    0.424669    0.509395   44.498634 ^ load_slew28/Z (gf180mcu_fd_sc_mcu7t5v0__buf_2)
                                                         net28 (net)
                      0.424671    0.001460   44.500095 ^ _121_/A1 (gf180mcu_fd_sc_mcu7t5v0__and2_1)
     1    0.006755    0.262014    0.470251   44.970348 ^ _121_/Z (gf180mcu_fd_sc_mcu7t5v0__and2_1)
                                                         _011_ (net)
                      0.262014    0.000345   44.970692 ^ _250_/D (gf180mcu_fd_sc_mcu7t5v0__dffrnq_1)
                                             44.970692   data arrival time

                                200.000000  200.000000   clock clk (rise edge)
                                  0.000000  200.000000   clock source latency
     1    0.043337    0.298221    0.151559  200.151550 ^ clk (in)
                                                         clk (net)
                      0.298224    0.000000  200.151550 ^ clkbuf_0_clk/I (gf180mcu_fd_sc_mcu7t5v0__clkbuf_16)
     8    0.200996    0.354491    0.506944  200.658493 ^ clkbuf_0_clk/Z (gf180mcu_fd_sc_mcu7t5v0__clkbuf_16)
                                                         clknet_0_clk (net)
                      0.354528    0.005471  200.663971 ^ clkbuf_3_4__f_clk/I (gf180mcu_fd_sc_mcu7t5v0__clkbuf_16)
     6    0.032487    0.136846    0.364125  201.028091 ^ clkbuf_3_4__f_clk/Z (gf180mcu_fd_sc_mcu7t5v0__clkbuf_16)
                                                         clknet_3_4__leaf_clk (net)
                      0.136849    0.001080  201.029175 ^ _250_/CLK (gf180mcu_fd_sc_mcu7t5v0__dffrnq_1)
                                 -0.250000  200.779175   clock uncertainty
                                  0.000000  200.779175   clock reconvergence pessimism
                                 -0.480389  200.298798   library setup time
                                            200.298798   data required time
---------------------------------------------------------------------------------------------
                                            200.298798   data required time
                                            -44.970692   data arrival time
---------------------------------------------------------------------------------------------
                                            155.328094   slack (MET)


Startpoint: soft_rst_n (input port clocked by clk)
Endpoint: _249_ (rising edge-triggered flip-flop clocked by clk)
Path Group: clk
Path Type: max

Fanout         Cap        Slew       Delay        Time   Description
---------------------------------------------------------------------------------------------
                                  0.000000    0.000000   clock clk (rise edge)
                                  0.000000    0.000000   clock network delay (propagated)
                                 40.000000   40.000000 ^ input external delay
     1    0.006252    0.215082    0.086668   40.086670 ^ soft_rst_n (in)
                                                         soft_rst_n (net)
                      0.215082    0.000000   40.086670 ^ input5/I (gf180mcu_fd_sc_mcu7t5v0__buf_1)
     5    0.032357    0.818064    0.682249   40.768917 ^ input5/Z (gf180mcu_fd_sc_mcu7t5v0__buf_1)
                                                         net5 (net)
                      0.818069    0.001180   40.770100 ^ fanout29/I (gf180mcu_fd_sc_mcu7t5v0__dlyb_1)
     2    0.010505    0.352987    1.471214   42.241314 ^ fanout29/Z (gf180mcu_fd_sc_mcu7t5v0__dlyb_1)
                                                         net29 (net)
                      0.352987    0.000465   42.241779 ^ fanout27/I (gf180mcu_fd_sc_mcu7t5v0__dlyb_1)
     5    0.032872    0.840480    1.746134   43.987911 ^ fanout27/Z (gf180mcu_fd_sc_mcu7t5v0__dlyb_1)
                                                         net27 (net)
                      0.840484    0.001329   43.989239 ^ load_slew28/I (gf180mcu_fd_sc_mcu7t5v0__buf_2)
     6    0.031967    0.424669    0.509395   44.498634 ^ load_slew28/Z (gf180mcu_fd_sc_mcu7t5v0__buf_2)
                                                         net28 (net)
                      0.424671    0.001457   44.500092 ^ _120_/A1 (gf180mcu_fd_sc_mcu7t5v0__and2_1)
     1    0.006666    0.260203    0.469004   44.969097 ^ _120_/Z (gf180mcu_fd_sc_mcu7t5v0__and2_1)
                                                         _010_ (net)
                      0.260203    0.000163   44.969261 ^ _249_/D (gf180mcu_fd_sc_mcu7t5v0__dffrnq_1)
                                             44.969261   data arrival time

                                200.000000  200.000000   clock clk (rise edge)
                                  0.000000  200.000000   clock source latency
     1    0.043337    0.298221    0.151559  200.151550 ^ clk (in)
                                                         clk (net)
                      0.298224    0.000000  200.151550 ^ clkbuf_0_clk/I (gf180mcu_fd_sc_mcu7t5v0__clkbuf_16)
     8    0.200996    0.354491    0.506944  200.658493 ^ clkbuf_0_clk/Z (gf180mcu_fd_sc_mcu7t5v0__clkbuf_16)
                                                         clknet_0_clk (net)
                      0.354528    0.005471  200.663971 ^ clkbuf_3_4__f_clk/I (gf180mcu_fd_sc_mcu7t5v0__clkbuf_16)
     6    0.032487    0.136846    0.364125  201.028091 ^ clkbuf_3_4__f_clk/Z (gf180mcu_fd_sc_mcu7t5v0__clkbuf_16)
                                                         clknet_3_4__leaf_clk (net)
                      0.136849    0.001080  201.029175 ^ _249_/CLK (gf180mcu_fd_sc_mcu7t5v0__dffrnq_1)
                                 -0.250000  200.779175   clock uncertainty
                                  0.000000  200.779175   clock reconvergence pessimism
                                 -0.479998  200.299179   library setup time
                                            200.299179   data required time
---------------------------------------------------------------------------------------------
                                            200.299179   data required time
                                            -44.969261   data arrival time
---------------------------------------------------------------------------------------------
                                            155.329926   slack (MET)


Startpoint: soft_rst_n (input port clocked by clk)
Endpoint: _253_ (rising edge-triggered flip-flop clocked by clk)
Path Group: clk
Path Type: max

Fanout         Cap        Slew       Delay        Time   Description
---------------------------------------------------------------------------------------------
                                  0.000000    0.000000   clock clk (rise edge)
                                  0.000000    0.000000   clock network delay (propagated)
                                 40.000000   40.000000 ^ input external delay
     1    0.006252    0.215082    0.086668   40.086670 ^ soft_rst_n (in)
                                                         soft_rst_n (net)
                      0.215082    0.000000   40.086670 ^ input5/I (gf180mcu_fd_sc_mcu7t5v0__buf_1)
     5    0.032357    0.818064    0.682249   40.768917 ^ input5/Z (gf180mcu_fd_sc_mcu7t5v0__buf_1)
                                                         net5 (net)
                      0.818069    0.001180   40.770100 ^ fanout29/I (gf180mcu_fd_sc_mcu7t5v0__dlyb_1)
     2    0.010505    0.352987    1.471214   42.241314 ^ fanout29/Z (gf180mcu_fd_sc_mcu7t5v0__dlyb_1)
                                                         net29 (net)
                      0.352987    0.000465   42.241779 ^ fanout27/I (gf180mcu_fd_sc_mcu7t5v0__dlyb_1)
     5    0.032872    0.840480    1.746134   43.987911 ^ fanout27/Z (gf180mcu_fd_sc_mcu7t5v0__dlyb_1)
                                                         net27 (net)
                      0.840484    0.001329   43.989239 ^ load_slew28/I (gf180mcu_fd_sc_mcu7t5v0__buf_2)
     6    0.031967    0.424669    0.509395   44.498634 ^ load_slew28/Z (gf180mcu_fd_sc_mcu7t5v0__buf_2)
                                                         net28 (net)
                      0.424670    0.001251   44.499886 ^ _116_/A1 (gf180mcu_fd_sc_mcu7t5v0__and2_1)
     1    0.005319    0.232166    0.449006   44.948891 ^ _116_/Z (gf180mcu_fd_sc_mcu7t5v0__and2_1)
                                                         _006_ (net)
                      0.232166    0.000139   44.949032 ^ _253_/D (gf180mcu_fd_sc_mcu7t5v0__dffrnq_1)
                                             44.949032   data arrival time

                                200.000000  200.000000   clock clk (rise edge)
                                  0.000000  200.000000   clock source latency
     1    0.043337    0.298221    0.151559  200.151550 ^ clk (in)
                                                         clk (net)
                      0.298224    0.000000  200.151550 ^ clkbuf_0_clk/I (gf180mcu_fd_sc_mcu7t5v0__clkbuf_16)
     8    0.200996    0.354491    0.506944  200.658493 ^ clkbuf_0_clk/Z (gf180mcu_fd_sc_mcu7t5v0__clkbuf_16)
                                                         clknet_0_clk (net)
                      0.354516    0.004519  200.663010 ^ clkbuf_3_5__f_clk/I (gf180mcu_fd_sc_mcu7t5v0__clkbuf_16)
     6    0.034167    0.139054    0.366043  201.029053 ^ clkbuf_3_5__f_clk/Z (gf180mcu_fd_sc_mcu7t5v0__clkbuf_16)
                                                         clknet_3_5__leaf_clk (net)
                      0.139058    0.001208  201.030273 ^ _253_/CLK (gf180mcu_fd_sc_mcu7t5v0__dffrnq_1)
                                 -0.250000  200.780273   clock uncertainty
                                  0.000000  200.780273   clock reconvergence pessimism
                                 -0.473258  200.307007   library setup time
                                            200.307007   data required time
---------------------------------------------------------------------------------------------
                                            200.307007   data required time
                                            -44.949032   data arrival time
---------------------------------------------------------------------------------------------
                                            155.357971   slack (MET)


Startpoint: soft_rst_n (input port clocked by clk)
Endpoint: _251_ (rising edge-triggered flip-flop clocked by clk)
Path Group: clk
Path Type: max

Fanout         Cap        Slew       Delay        Time   Description
---------------------------------------------------------------------------------------------
                                  0.000000    0.000000   clock clk (rise edge)
                                  0.000000    0.000000   clock network delay (propagated)
                                 40.000000   40.000000 ^ input external delay
     1    0.006252    0.215082    0.086668   40.086670 ^ soft_rst_n (in)
                                                         soft_rst_n (net)
                      0.215082    0.000000   40.086670 ^ input5/I (gf180mcu_fd_sc_mcu7t5v0__buf_1)
     5    0.032357    0.818064    0.682249   40.768917 ^ input5/Z (gf180mcu_fd_sc_mcu7t5v0__buf_1)
                                                         net5 (net)
                      0.818069    0.001180   40.770100 ^ fanout29/I (gf180mcu_fd_sc_mcu7t5v0__dlyb_1)
     2    0.010505    0.352987    1.471214   42.241314 ^ fanout29/Z (gf180mcu_fd_sc_mcu7t5v0__dlyb_1)
                                                         net29 (net)
                      0.352987    0.000465   42.241779 ^ fanout27/I (gf180mcu_fd_sc_mcu7t5v0__dlyb_1)
     5    0.032872    0.840480    1.746134   43.987911 ^ fanout27/Z (gf180mcu_fd_sc_mcu7t5v0__dlyb_1)
                                                         net27 (net)
                      0.840484    0.001329   43.989239 ^ load_slew28/I (gf180mcu_fd_sc_mcu7t5v0__buf_2)
     6    0.031967    0.424669    0.509395   44.498634 ^ load_slew28/Z (gf180mcu_fd_sc_mcu7t5v0__buf_2)
                                                         net28 (net)
                      0.424672    0.001762   44.500397 ^ _122_/A1 (gf180mcu_fd_sc_mcu7t5v0__and2_1)
     1    0.005186    0.229407    0.447042   44.947437 ^ _122_/Z (gf180mcu_fd_sc_mcu7t5v0__and2_1)
                                                         _012_ (net)
                      0.229407    0.000135   44.947575 ^ _251_/D (gf180mcu_fd_sc_mcu7t5v0__dffrnq_1)
                                             44.947575   data arrival time

                                200.000000  200.000000   clock clk (rise edge)
                                  0.000000  200.000000   clock source latency
     1    0.043337    0.298221    0.151559  200.151550 ^ clk (in)
                                                         clk (net)
                      0.298224    0.000000  200.151550 ^ clkbuf_0_clk/I (gf180mcu_fd_sc_mcu7t5v0__clkbuf_16)
     8    0.200996    0.354491    0.506944  200.658493 ^ clkbuf_0_clk/Z (gf180mcu_fd_sc_mcu7t5v0__clkbuf_16)
                                                         clknet_0_clk (net)
                      0.354528    0.005471  200.663971 ^ clkbuf_3_4__f_clk/I (gf180mcu_fd_sc_mcu7t5v0__clkbuf_16)
     6    0.032487    0.136846    0.364125  201.028091 ^ clkbuf_3_4__f_clk/Z (gf180mcu_fd_sc_mcu7t5v0__clkbuf_16)
                                                         clknet_3_4__leaf_clk (net)
                      0.136849    0.001094  201.029190 ^ _251_/CLK (gf180mcu_fd_sc_mcu7t5v0__dffrnq_1)
                                 -0.250000  200.779190   clock uncertainty
                                  0.000000  200.779190   clock reconvergence pessimism
                                 -0.473340  200.305847   library setup time
                                            200.305847   data required time
---------------------------------------------------------------------------------------------
                                            200.305847   data required time
                                            -44.947575   data arrival time
---------------------------------------------------------------------------------------------
                                            155.358276   slack (MET)


Startpoint: soft_rst_n (input port clocked by clk)
Endpoint: _254_ (rising edge-triggered flip-flop clocked by clk)
Path Group: clk
Path Type: max

Fanout         Cap        Slew       Delay        Time   Description
---------------------------------------------------------------------------------------------
                                  0.000000    0.000000   clock clk (rise edge)
                                  0.000000    0.000000   clock network delay (propagated)
                                 40.000000   40.000000 ^ input external delay
     1    0.006252    0.215082    0.086668   40.086670 ^ soft_rst_n (in)
                                                         soft_rst_n (net)
                      0.215082    0.000000   40.086670 ^ input5/I (gf180mcu_fd_sc_mcu7t5v0__buf_1)
     5    0.032357    0.818064    0.682249   40.768917 ^ input5/Z (gf180mcu_fd_sc_mcu7t5v0__buf_1)
                                                         net5 (net)
                      0.818069    0.001180   40.770100 ^ fanout29/I (gf180mcu_fd_sc_mcu7t5v0__dlyb_1)
     2    0.010505    0.352987    1.471214   42.241314 ^ fanout29/Z (gf180mcu_fd_sc_mcu7t5v0__dlyb_1)
                                                         net29 (net)
                      0.352987    0.000465   42.241779 ^ fanout27/I (gf180mcu_fd_sc_mcu7t5v0__dlyb_1)
     5    0.032872    0.840480    1.746134   43.987911 ^ fanout27/Z (gf180mcu_fd_sc_mcu7t5v0__dlyb_1)
                                                         net27 (net)
                      0.840484    0.001329   43.989239 ^ load_slew28/I (gf180mcu_fd_sc_mcu7t5v0__buf_2)
     6    0.031967    0.424669    0.509395   44.498634 ^ load_slew28/Z (gf180mcu_fd_sc_mcu7t5v0__buf_2)
                                                         net28 (net)
                      0.424670    0.001247   44.499882 ^ _117_/A1 (gf180mcu_fd_sc_mcu7t5v0__and2_1)
     1    0.005160    0.228835    0.446590   44.946472 ^ _117_/Z (gf180mcu_fd_sc_mcu7t5v0__and2_1)
                                                         _007_ (net)
                      0.228835    0.000288   44.946762 ^ _254_/D (gf180mcu_fd_sc_mcu7t5v0__dffrnq_1)
                                             44.946762   data arrival time

                                200.000000  200.000000   clock clk (rise edge)
                                  0.000000  200.000000   clock source latency
     1    0.043337    0.298221    0.151559  200.151550 ^ clk (in)
                                                         clk (net)
                      0.298224    0.000000  200.151550 ^ clkbuf_0_clk/I (gf180mcu_fd_sc_mcu7t5v0__clkbuf_16)
     8    0.200996    0.354491    0.506944  200.658493 ^ clkbuf_0_clk/Z (gf180mcu_fd_sc_mcu7t5v0__clkbuf_16)
                                                         clknet_0_clk (net)
                      0.354516    0.004519  200.663010 ^ clkbuf_3_5__f_clk/I (gf180mcu_fd_sc_mcu7t5v0__clkbuf_16)
     6    0.034167    0.139054    0.366043  201.029053 ^ clkbuf_3_5__f_clk/Z (gf180mcu_fd_sc_mcu7t5v0__clkbuf_16)
                                                         clknet_3_5__leaf_clk (net)
                      0.139058    0.001208  201.030273 ^ _254_/CLK (gf180mcu_fd_sc_mcu7t5v0__dffrnq_1)
                                 -0.250000  200.780273   clock uncertainty
                                  0.000000  200.780273   clock reconvergence pessimism
                                 -0.472537  200.307724   library setup time
                                            200.307724   data required time
---------------------------------------------------------------------------------------------
                                            200.307724   data required time
                                            -44.946762   data arrival time
---------------------------------------------------------------------------------------------
                                            155.360962   slack (MET)


Startpoint: soft_rst_n (input port clocked by clk)
Endpoint: _234_ (rising edge-triggered flip-flop clocked by clk)
Path Group: clk
Path Type: max

Fanout         Cap        Slew       Delay        Time   Description
---------------------------------------------------------------------------------------------
                                  0.000000    0.000000   clock clk (rise edge)
                                  0.000000    0.000000   clock network delay (propagated)
                                 40.000000   40.000000 ^ input external delay
     1    0.006252    0.215082    0.086668   40.086670 ^ soft_rst_n (in)
                                                         soft_rst_n (net)
                      0.215082    0.000000   40.086670 ^ input5/I (gf180mcu_fd_sc_mcu7t5v0__buf_1)
     5    0.032357    0.818064    0.682249   40.768917 ^ input5/Z (gf180mcu_fd_sc_mcu7t5v0__buf_1)
                                                         net5 (net)
                      0.818069    0.001180   40.770100 ^ fanout29/I (gf180mcu_fd_sc_mcu7t5v0__dlyb_1)
     2    0.010505    0.352987    1.471214   42.241314 ^ fanout29/Z (gf180mcu_fd_sc_mcu7t5v0__dlyb_1)
                                                         net29 (net)
                      0.352987    0.000455   42.241768 ^ wire32/I (gf180mcu_fd_sc_mcu7t5v0__buf_1)
     4    0.031283    0.793815    0.691117   42.932884 ^ wire32/Z (gf180mcu_fd_sc_mcu7t5v0__buf_1)
                                                         net32 (net)
                      0.793820    0.001151   42.934036 ^ load_slew31/I (gf180mcu_fd_sc_mcu7t5v0__clkbuf_2)
     4    0.032997    0.441133    0.623590   43.557625 ^ load_slew31/Z (gf180mcu_fd_sc_mcu7t5v0__clkbuf_2)
                                                         net31 (net)
                      0.441134    0.001346   43.558971 ^ _143_/A1 (gf180mcu_fd_sc_mcu7t5v0__nand2_2)
     2    0.014276    0.273691    0.215575   43.774548 v _143_/ZN (gf180mcu_fd_sc_mcu7t5v0__nand2_2)
                                                         _055_ (net)
                      0.273691    0.000320   43.774864 v load_slew26/I (gf180mcu_fd_sc_mcu7t5v0__buf_2)
     8    0.058834    0.402574    0.560057   44.334923 v load_slew26/Z (gf180mcu_fd_sc_mcu7t5v0__buf_2)
                                                         net26 (net)
                      0.402591    0.001467   44.336391 v _170_/A1 (gf180mcu_fd_sc_mcu7t5v0__nor2_1)
     1    0.008363    0.545886    0.429893   44.766281 ^ _170_/ZN (gf180mcu_fd_sc_mcu7t5v0__nor2_1)
                                                         _021_ (net)
                      0.545886    0.000416   44.766697 ^ _234_/D (gf180mcu_fd_sc_mcu7t5v0__dffrnq_1)
                                             44.766697   data arrival time

                                200.000000  200.000000   clock clk (rise edge)
                                  0.000000  200.000000   clock source latency
     1    0.043337    0.298221    0.151559  200.151550 ^ clk (in)
                                                         clk (net)
                      0.298224    0.000000  200.151550 ^ clkbuf_0_clk/I (gf180mcu_fd_sc_mcu7t5v0__clkbuf_16)
     8    0.200996    0.354491    0.506944  200.658493 ^ clkbuf_0_clk/Z (gf180mcu_fd_sc_mcu7t5v0__clkbuf_16)
                                                         clknet_0_clk (net)
                      0.354508    0.003737  200.662231 ^ clkbuf_3_3__f_clk/I (gf180mcu_fd_sc_mcu7t5v0__clkbuf_16)
     6    0.030928    0.134794    0.362391  201.024628 ^ clkbuf_3_3__f_clk/Z (gf180mcu_fd_sc_mcu7t5v0__clkbuf_16)
                                                         clknet_3_3__leaf_clk (net)
                      0.134795    0.000853  201.025482 ^ _234_/CLK (gf180mcu_fd_sc_mcu7t5v0__dffrnq_1)
                                 -0.250000  200.775482   clock uncertainty
                                  0.000000  200.775482   clock reconvergence pessimism
                                 -0.532661  200.242813   library setup time
                                            200.242813   data required time
---------------------------------------------------------------------------------------------
                                            200.242813   data required time
                                            -44.766697   data arrival time
---------------------------------------------------------------------------------------------
                                            155.476120   slack (MET)


Startpoint: soft_rst_n (input port clocked by clk)
Endpoint: _237_ (rising edge-triggered flip-flop clocked by clk)
Path Group: clk
Path Type: max

Fanout         Cap        Slew       Delay        Time   Description
---------------------------------------------------------------------------------------------
                                  0.000000    0.000000   clock clk (rise edge)
                                  0.000000    0.000000   clock network delay (propagated)
                                 40.000000   40.000000 ^ input external delay
     1    0.006252    0.215082    0.086668   40.086670 ^ soft_rst_n (in)
                                                         soft_rst_n (net)
                      0.215082    0.000000   40.086670 ^ input5/I (gf180mcu_fd_sc_mcu7t5v0__buf_1)
     5    0.032357    0.818064    0.682249   40.768917 ^ input5/Z (gf180mcu_fd_sc_mcu7t5v0__buf_1)
                                                         net5 (net)
                      0.818069    0.001180   40.770100 ^ fanout29/I (gf180mcu_fd_sc_mcu7t5v0__dlyb_1)
     2    0.010505    0.352987    1.471214   42.241314 ^ fanout29/Z (gf180mcu_fd_sc_mcu7t5v0__dlyb_1)
                                                         net29 (net)
                      0.352987    0.000455   42.241768 ^ wire32/I (gf180mcu_fd_sc_mcu7t5v0__buf_1)
     4    0.031283    0.793815    0.691117   42.932884 ^ wire32/Z (gf180mcu_fd_sc_mcu7t5v0__buf_1)
                                                         net32 (net)
                      0.793820    0.001151   42.934036 ^ load_slew31/I (gf180mcu_fd_sc_mcu7t5v0__clkbuf_2)
     4    0.032997    0.441133    0.623590   43.557625 ^ load_slew31/Z (gf180mcu_fd_sc_mcu7t5v0__clkbuf_2)
                                                         net31 (net)
                      0.441134    0.001346   43.558971 ^ _143_/A1 (gf180mcu_fd_sc_mcu7t5v0__nand2_2)
     2    0.014276    0.273691    0.215575   43.774548 v _143_/ZN (gf180mcu_fd_sc_mcu7t5v0__nand2_2)
                                                         _055_ (net)
                      0.273691    0.000320   43.774864 v load_slew26/I (gf180mcu_fd_sc_mcu7t5v0__buf_2)
     8    0.058834    0.402574    0.560057   44.334923 v load_slew26/Z (gf180mcu_fd_sc_mcu7t5v0__buf_2)
                                                         net26 (net)
                      0.402583    0.001066   44.335987 v _177_/A2 (gf180mcu_fd_sc_mcu7t5v0__nor2_1)
     1    0.006425    0.486081    0.392504   44.728493 ^ _177_/ZN (gf180mcu_fd_sc_mcu7t5v0__nor2_1)
                                                         _024_ (net)
                      0.486081    0.000284   44.728775 ^ _237_/D (gf180mcu_fd_sc_mcu7t5v0__dffrnq_1)
                                             44.728775   data arrival time

                                200.000000  200.000000   clock clk (rise edge)
                                  0.000000  200.000000   clock source latency
     1    0.043337    0.298221    0.151559  200.151550 ^ clk (in)
                                                         clk (net)
                      0.298224    0.000000  200.151550 ^ clkbuf_0_clk/I (gf180mcu_fd_sc_mcu7t5v0__clkbuf_16)
     8    0.200996    0.354491    0.506944  200.658493 ^ clkbuf_0_clk/Z (gf180mcu_fd_sc_mcu7t5v0__clkbuf_16)
                                                         clknet_0_clk (net)
                      0.354508    0.003737  200.662231 ^ clkbuf_3_7__f_clk/I (gf180mcu_fd_sc_mcu7t5v0__clkbuf_16)
     6    0.032478    0.136836    0.364082  201.026321 ^ clkbuf_3_7__f_clk/Z (gf180mcu_fd_sc_mcu7t5v0__clkbuf_16)
                                                         clknet_3_7__leaf_clk (net)
                      0.136839    0.001194  201.027512 ^ _237_/CLK (gf180mcu_fd_sc_mcu7t5v0__dffrnq_1)
                                 -0.250000  200.777512   clock uncertainty
                                  0.000000  200.777512   clock reconvergence pessimism
                                 -0.521347  200.256165   library setup time
                                            200.256165   data required time
---------------------------------------------------------------------------------------------
                                            200.256165   data required time
                                            -44.728775   data arrival time
---------------------------------------------------------------------------------------------
                                            155.527374   slack (MET)


Startpoint: soft_rst_n (input port clocked by clk)
Endpoint: _238_ (rising edge-triggered flip-flop clocked by clk)
Path Group: clk
Path Type: max

Fanout         Cap        Slew       Delay        Time   Description
---------------------------------------------------------------------------------------------
                                  0.000000    0.000000   clock clk (rise edge)
                                  0.000000    0.000000   clock network delay (propagated)
                                 40.000000   40.000000 ^ input external delay
     1    0.006252    0.215082    0.086668   40.086670 ^ soft_rst_n (in)
                                                         soft_rst_n (net)
                      0.215082    0.000000   40.086670 ^ input5/I (gf180mcu_fd_sc_mcu7t5v0__buf_1)
     5    0.032357    0.818064    0.682249   40.768917 ^ input5/Z (gf180mcu_fd_sc_mcu7t5v0__buf_1)
                                                         net5 (net)
                      0.818069    0.001180   40.770100 ^ fanout29/I (gf180mcu_fd_sc_mcu7t5v0__dlyb_1)
     2    0.010505    0.352987    1.471214   42.241314 ^ fanout29/Z (gf180mcu_fd_sc_mcu7t5v0__dlyb_1)
                                                         net29 (net)
                      0.352987    0.000455   42.241768 ^ wire32/I (gf180mcu_fd_sc_mcu7t5v0__buf_1)
     4    0.031283    0.793815    0.691117   42.932884 ^ wire32/Z (gf180mcu_fd_sc_mcu7t5v0__buf_1)
                                                         net32 (net)
                      0.793820    0.001151   42.934036 ^ load_slew31/I (gf180mcu_fd_sc_mcu7t5v0__clkbuf_2)
     4    0.032997    0.441133    0.623590   43.557625 ^ load_slew31/Z (gf180mcu_fd_sc_mcu7t5v0__clkbuf_2)
                                                         net31 (net)
                      0.441134    0.001346   43.558971 ^ _143_/A1 (gf180mcu_fd_sc_mcu7t5v0__nand2_2)
     2    0.014276    0.273691    0.215575   43.774548 v _143_/ZN (gf180mcu_fd_sc_mcu7t5v0__nand2_2)
                                                         _055_ (net)
                      0.273691    0.000320   43.774864 v load_slew26/I (gf180mcu_fd_sc_mcu7t5v0__buf_2)
     8    0.058834    0.402574    0.560057   44.334923 v load_slew26/Z (gf180mcu_fd_sc_mcu7t5v0__buf_2)
                                                         net26 (net)
                      0.402583    0.001066   44.335987 v _178_/A1 (gf180mcu_fd_sc_mcu7t5v0__nor2_1)
     1    0.007199    0.495091    0.400380   44.736370 ^ _178_/ZN (gf180mcu_fd_sc_mcu7t5v0__nor2_1)
                                                         _025_ (net)
                      0.495091    0.000334   44.736702 ^ _238_/D (gf180mcu_fd_sc_mcu7t5v0__dffrnq_1)
                                             44.736702   data arrival time

                                200.000000  200.000000   clock clk (rise edge)
                                  0.000000  200.000000   clock source latency
     1    0.043337    0.298221    0.151559  200.151550 ^ clk (in)
                                                         clk (net)
                      0.298224    0.000000  200.151550 ^ clkbuf_0_clk/I (gf180mcu_fd_sc_mcu7t5v0__clkbuf_16)
     8    0.200996    0.354491    0.506944  200.658493 ^ clkbuf_0_clk/Z (gf180mcu_fd_sc_mcu7t5v0__clkbuf_16)
                                                         clknet_0_clk (net)
                      0.354528    0.005457  200.663956 ^ clkbuf_3_1__f_clk/I (gf180mcu_fd_sc_mcu7t5v0__clkbuf_16)
     6    0.038427    0.144642    0.370903  201.034851 ^ clkbuf_3_1__f_clk/Z (gf180mcu_fd_sc_mcu7t5v0__clkbuf_16)
                                                         clknet_3_1__leaf_clk (net)
                      0.144646    0.001435  201.036285 ^ _238_/CLK (gf180mcu_fd_sc_mcu7t5v0__dffrnq_1)
                                 -0.250000  200.786301   clock uncertainty
                                  0.000000  200.786301   clock reconvergence pessimism
                                 -0.520548  200.265747   library setup time
                                            200.265747   data required time
---------------------------------------------------------------------------------------------
                                            200.265747   data required time
                                            -44.736702   data arrival time
---------------------------------------------------------------------------------------------
                                            155.529053   slack (MET)


Startpoint: soft_rst_n (input port clocked by clk)
Endpoint: _233_ (rising edge-triggered flip-flop clocked by clk)
Path Group: clk
Path Type: max

Fanout         Cap        Slew       Delay        Time   Description
---------------------------------------------------------------------------------------------
                                  0.000000    0.000000   clock clk (rise edge)
                                  0.000000    0.000000   clock network delay (propagated)
                                 40.000000   40.000000 ^ input external delay
     1    0.006252    0.215082    0.086668   40.086670 ^ soft_rst_n (in)
                                                         soft_rst_n (net)
                      0.215082    0.000000   40.086670 ^ input5/I (gf180mcu_fd_sc_mcu7t5v0__buf_1)
     5    0.032357    0.818064    0.682249   40.768917 ^ input5/Z (gf180mcu_fd_sc_mcu7t5v0__buf_1)
                                                         net5 (net)
                      0.818069    0.001180   40.770100 ^ fanout29/I (gf180mcu_fd_sc_mcu7t5v0__dlyb_1)
     2    0.010505    0.352987    1.471214   42.241314 ^ fanout29/Z (gf180mcu_fd_sc_mcu7t5v0__dlyb_1)
                                                         net29 (net)
                      0.352987    0.000455   42.241768 ^ wire32/I (gf180mcu_fd_sc_mcu7t5v0__buf_1)
     4    0.031283    0.793815    0.691117   42.932884 ^ wire32/Z (gf180mcu_fd_sc_mcu7t5v0__buf_1)
                                                         net32 (net)
                      0.793820    0.001151   42.934036 ^ load_slew31/I (gf180mcu_fd_sc_mcu7t5v0__clkbuf_2)
     4    0.032997    0.441133    0.623590   43.557625 ^ load_slew31/Z (gf180mcu_fd_sc_mcu7t5v0__clkbuf_2)
                                                         net31 (net)
                      0.441134    0.001346   43.558971 ^ _143_/A1 (gf180mcu_fd_sc_mcu7t5v0__nand2_2)
     2    0.014276    0.273691    0.215575   43.774548 v _143_/ZN (gf180mcu_fd_sc_mcu7t5v0__nand2_2)
                                                         _055_ (net)
                      0.273691    0.000320   43.774864 v load_slew26/I (gf180mcu_fd_sc_mcu7t5v0__buf_2)
     8    0.058834    0.402574    0.560057   44.334923 v load_slew26/Z (gf180mcu_fd_sc_mcu7t5v0__buf_2)
                                                         net26 (net)
                      0.402583    0.001066   44.335987 v _168_/A1 (gf180mcu_fd_sc_mcu7t5v0__nor2_1)
     1    0.006667    0.501524    0.386859   44.722847 ^ _168_/ZN (gf180mcu_fd_sc_mcu7t5v0__nor2_1)
                                                         _020_ (net)
                      0.501524    0.000348   44.723194 ^ _233_/D (gf180mcu_fd_sc_mcu7t5v0__dffrnq_1)
                                             44.723194   data arrival time

                                200.000000  200.000000   clock clk (rise edge)
                                  0.000000  200.000000   clock source latency
     1    0.043337    0.298221    0.151559  200.151550 ^ clk (in)
                                                         clk (net)
                      0.298224    0.000000  200.151550 ^ clkbuf_0_clk/I (gf180mcu_fd_sc_mcu7t5v0__clkbuf_16)
     8    0.200996    0.354491    0.506944  200.658493 ^ clkbuf_0_clk/Z (gf180mcu_fd_sc_mcu7t5v0__clkbuf_16)
                                                         clknet_0_clk (net)
                      0.354528    0.005457  200.663956 ^ clkbuf_3_1__f_clk/I (gf180mcu_fd_sc_mcu7t5v0__clkbuf_16)
     6    0.038427    0.144642    0.370903  201.034851 ^ clkbuf_3_1__f_clk/Z (gf180mcu_fd_sc_mcu7t5v0__clkbuf_16)
                                                         clknet_3_1__leaf_clk (net)
                      0.144646    0.001393  201.036255 ^ _233_/CLK (gf180mcu_fd_sc_mcu7t5v0__dffrnq_1)
                                 -0.250000  200.786255   clock uncertainty
                                  0.000000  200.786255   clock reconvergence pessimism
                                 -0.521695  200.264557   library setup time
                                            200.264557   data required time
---------------------------------------------------------------------------------------------
                                            200.264557   data required time
                                            -44.723194   data arrival time
---------------------------------------------------------------------------------------------
                                            155.541367   slack (MET)


Startpoint: soft_rst_n (input port clocked by clk)
Endpoint: _236_ (rising edge-triggered flip-flop clocked by clk)
Path Group: clk
Path Type: max

Fanout         Cap        Slew       Delay        Time   Description
---------------------------------------------------------------------------------------------
                                  0.000000    0.000000   clock clk (rise edge)
                                  0.000000    0.000000   clock network delay (propagated)
                                 40.000000   40.000000 ^ input external delay
     1    0.006252    0.215082    0.086668   40.086670 ^ soft_rst_n (in)
                                                         soft_rst_n (net)
                      0.215082    0.000000   40.086670 ^ input5/I (gf180mcu_fd_sc_mcu7t5v0__buf_1)
     5    0.032357    0.818064    0.682249   40.768917 ^ input5/Z (gf180mcu_fd_sc_mcu7t5v0__buf_1)
                                                         net5 (net)
                      0.818069    0.001180   40.770100 ^ fanout29/I (gf180mcu_fd_sc_mcu7t5v0__dlyb_1)
     2    0.010505    0.352987    1.471214   42.241314 ^ fanout29/Z (gf180mcu_fd_sc_mcu7t5v0__dlyb_1)
                                                         net29 (net)
                      0.352987    0.000455   42.241768 ^ wire32/I (gf180mcu_fd_sc_mcu7t5v0__buf_1)
     4    0.031283    0.793815    0.691117   42.932884 ^ wire32/Z (gf180mcu_fd_sc_mcu7t5v0__buf_1)
                                                         net32 (net)
                      0.793820    0.001151   42.934036 ^ load_slew31/I (gf180mcu_fd_sc_mcu7t5v0__clkbuf_2)
     4    0.032997    0.441133    0.623590   43.557625 ^ load_slew31/Z (gf180mcu_fd_sc_mcu7t5v0__clkbuf_2)
                                                         net31 (net)
                      0.441134    0.001346   43.558971 ^ _143_/A1 (gf180mcu_fd_sc_mcu7t5v0__nand2_2)
     2    0.014276    0.273691    0.215575   43.774548 v _143_/ZN (gf180mcu_fd_sc_mcu7t5v0__nand2_2)
                                                         _055_ (net)
                      0.273691    0.000320   43.774864 v load_slew26/I (gf180mcu_fd_sc_mcu7t5v0__buf_2)
     8    0.058834    0.402574    0.560057   44.334923 v load_slew26/Z (gf180mcu_fd_sc_mcu7t5v0__buf_2)
                                                         net26 (net)
                      0.402593    0.001560   44.336483 v _176_/A1 (gf180mcu_fd_sc_mcu7t5v0__nor2_1)
     1    0.006377    0.472499    0.379288   44.715771 ^ _176_/ZN (gf180mcu_fd_sc_mcu7t5v0__nor2_1)
                                                         _023_ (net)
                      0.472499    0.000291   44.716061 ^ _236_/D (gf180mcu_fd_sc_mcu7t5v0__dffrnq_1)
                                             44.716061   data arrival time

                                200.000000  200.000000   clock clk (rise edge)
                                  0.000000  200.000000   clock source latency
     1    0.043337    0.298221    0.151559  200.151550 ^ clk (in)
                                                         clk (net)
                      0.298224    0.000000  200.151550 ^ clkbuf_0_clk/I (gf180mcu_fd_sc_mcu7t5v0__clkbuf_16)
     8    0.200996    0.354491    0.506944  200.658493 ^ clkbuf_0_clk/Z (gf180mcu_fd_sc_mcu7t5v0__clkbuf_16)
                                                         clknet_0_clk (net)
                      0.354528    0.005471  200.663971 ^ clkbuf_3_4__f_clk/I (gf180mcu_fd_sc_mcu7t5v0__clkbuf_16)
     6    0.032487    0.136846    0.364125  201.028091 ^ clkbuf_3_4__f_clk/Z (gf180mcu_fd_sc_mcu7t5v0__clkbuf_16)
                                                         clknet_3_4__leaf_clk (net)
                      0.136847    0.000725  201.028824 ^ _236_/CLK (gf180mcu_fd_sc_mcu7t5v0__dffrnq_1)
                                 -0.250000  200.778824   clock uncertainty
                                  0.000000  200.778824   clock reconvergence pessimism
                                 -0.518919  200.259903   library setup time
                                            200.259903   data required time
---------------------------------------------------------------------------------------------
                                            200.259903   data required time
                                            -44.716061   data arrival time
---------------------------------------------------------------------------------------------
                                            155.543839   slack (MET)


Startpoint: soft_rst_n (input port clocked by clk)
Endpoint: _231_ (rising edge-triggered flip-flop clocked by clk)
Path Group: clk
Path Type: max

Fanout         Cap        Slew       Delay        Time   Description
---------------------------------------------------------------------------------------------
                                  0.000000    0.000000   clock clk (rise edge)
                                  0.000000    0.000000   clock network delay (propagated)
                                 40.000000   40.000000 ^ input external delay
     1    0.006252    0.215082    0.086668   40.086670 ^ soft_rst_n (in)
                                                         soft_rst_n (net)
                      0.215082    0.000000   40.086670 ^ input5/I (gf180mcu_fd_sc_mcu7t5v0__buf_1)
     5    0.032357    0.818064    0.682249   40.768917 ^ input5/Z (gf180mcu_fd_sc_mcu7t5v0__buf_1)
                                                         net5 (net)
                      0.818069    0.001180   40.770100 ^ fanout29/I (gf180mcu_fd_sc_mcu7t5v0__dlyb_1)
     2    0.010505    0.352987    1.471214   42.241314 ^ fanout29/Z (gf180mcu_fd_sc_mcu7t5v0__dlyb_1)
                                                         net29 (net)
                      0.352987    0.000455   42.241768 ^ wire32/I (gf180mcu_fd_sc_mcu7t5v0__buf_1)
     4    0.031283    0.793815    0.691117   42.932884 ^ wire32/Z (gf180mcu_fd_sc_mcu7t5v0__buf_1)
                                                         net32 (net)
                      0.793820    0.001151   42.934036 ^ load_slew31/I (gf180mcu_fd_sc_mcu7t5v0__clkbuf_2)
     4    0.032997    0.441133    0.623590   43.557625 ^ load_slew31/Z (gf180mcu_fd_sc_mcu7t5v0__clkbuf_2)
                                                         net31 (net)
                      0.441134    0.001346   43.558971 ^ _143_/A1 (gf180mcu_fd_sc_mcu7t5v0__nand2_2)
     2    0.014276    0.273691    0.215575   43.774548 v _143_/ZN (gf180mcu_fd_sc_mcu7t5v0__nand2_2)
                                                         _055_ (net)
                      0.273691    0.000320   43.774864 v load_slew26/I (gf180mcu_fd_sc_mcu7t5v0__buf_2)
     8    0.058834    0.402574    0.560057   44.334923 v load_slew26/Z (gf180mcu_fd_sc_mcu7t5v0__buf_2)
                                                         net26 (net)
                      0.402589    0.001407   44.336330 v _159_/A1 (gf180mcu_fd_sc_mcu7t5v0__nor2_1)
     1    0.005207    0.424217    0.348606   44.684937 ^ _159_/ZN (gf180mcu_fd_sc_mcu7t5v0__nor2_1)
                                                         _018_ (net)
                      0.424217    0.000139   44.685074 ^ _231_/D (gf180mcu_fd_sc_mcu7t5v0__dffrnq_1)
                                             44.685074   data arrival time

                                200.000000  200.000000   clock clk (rise edge)
                                  0.000000  200.000000   clock source latency
     1    0.043337    0.298221    0.151559  200.151550 ^ clk (in)
                                                         clk (net)
                      0.298224    0.000000  200.151550 ^ clkbuf_0_clk/I (gf180mcu_fd_sc_mcu7t5v0__clkbuf_16)
     8    0.200996    0.354491    0.506944  200.658493 ^ clkbuf_0_clk/Z (gf180mcu_fd_sc_mcu7t5v0__clkbuf_16)
                                                         clknet_0_clk (net)
                      0.354508    0.003737  200.662231 ^ clkbuf_3_3__f_clk/I (gf180mcu_fd_sc_mcu7t5v0__clkbuf_16)
     6    0.030928    0.134794    0.362391  201.024628 ^ clkbuf_3_3__f_clk/Z (gf180mcu_fd_sc_mcu7t5v0__clkbuf_16)
                                                         clknet_3_3__leaf_clk (net)
                      0.134795    0.000568  201.025192 ^ _231_/CLK (gf180mcu_fd_sc_mcu7t5v0__dffrnq_1)
                                 -0.250000  200.775192   clock uncertainty
                                  0.000000  200.775192   clock reconvergence pessimism
                                 -0.510923  200.264267   library setup time
                                            200.264267   data required time
---------------------------------------------------------------------------------------------
                                            200.264267   data required time
                                            -44.685074   data arrival time
---------------------------------------------------------------------------------------------
                                            155.579193   slack (MET)


Startpoint: soft_rst_n (input port clocked by clk)
Endpoint: _235_ (rising edge-triggered flip-flop clocked by clk)
Path Group: clk
Path Type: max

Fanout         Cap        Slew       Delay        Time   Description
---------------------------------------------------------------------------------------------
                                  0.000000    0.000000   clock clk (rise edge)
                                  0.000000    0.000000   clock network delay (propagated)
                                 40.000000   40.000000 ^ input external delay
     1    0.006252    0.215082    0.086668   40.086670 ^ soft_rst_n (in)
                                                         soft_rst_n (net)
                      0.215082    0.000000   40.086670 ^ input5/I (gf180mcu_fd_sc_mcu7t5v0__buf_1)
     5    0.032357    0.818064    0.682249   40.768917 ^ input5/Z (gf180mcu_fd_sc_mcu7t5v0__buf_1)
                                                         net5 (net)
                      0.818069    0.001180   40.770100 ^ fanout29/I (gf180mcu_fd_sc_mcu7t5v0__dlyb_1)
     2    0.010505    0.352987    1.471214   42.241314 ^ fanout29/Z (gf180mcu_fd_sc_mcu7t5v0__dlyb_1)
                                                         net29 (net)
                      0.352987    0.000455   42.241768 ^ wire32/I (gf180mcu_fd_sc_mcu7t5v0__buf_1)
     4    0.031283    0.793815    0.691117   42.932884 ^ wire32/Z (gf180mcu_fd_sc_mcu7t5v0__buf_1)
                                                         net32 (net)
                      0.793820    0.001151   42.934036 ^ load_slew31/I (gf180mcu_fd_sc_mcu7t5v0__clkbuf_2)
     4    0.032997    0.441133    0.623590   43.557625 ^ load_slew31/Z (gf180mcu_fd_sc_mcu7t5v0__clkbuf_2)
                                                         net31 (net)
                      0.441134    0.001346   43.558971 ^ _143_/A1 (gf180mcu_fd_sc_mcu7t5v0__nand2_2)
     2    0.014276    0.273691    0.215575   43.774548 v _143_/ZN (gf180mcu_fd_sc_mcu7t5v0__nand2_2)
                                                         _055_ (net)
                      0.273691    0.000320   43.774864 v load_slew26/I (gf180mcu_fd_sc_mcu7t5v0__buf_2)
     8    0.058834    0.402574    0.560057   44.334923 v load_slew26/Z (gf180mcu_fd_sc_mcu7t5v0__buf_2)
                                                         net26 (net)
                      0.402593    0.001563   44.336487 v _173_/A1 (gf180mcu_fd_sc_mcu7t5v0__nor2_1)
     1    0.005444    0.445523    0.354802   44.691288 ^ _173_/ZN (gf180mcu_fd_sc_mcu7t5v0__nor2_1)
                                                         _022_ (net)
                      0.445523    0.000274   44.691563 ^ _235_/D (gf180mcu_fd_sc_mcu7t5v0__dffrnq_1)
                                             44.691563   data arrival time

                                200.000000  200.000000   clock clk (rise edge)
                                  0.000000  200.000000   clock source latency
     1    0.043337    0.298221    0.151559  200.151550 ^ clk (in)
                                                         clk (net)
                      0.298224    0.000000  200.151550 ^ clkbuf_0_clk/I (gf180mcu_fd_sc_mcu7t5v0__clkbuf_16)
     8    0.200996    0.354491    0.506944  200.658493 ^ clkbuf_0_clk/Z (gf180mcu_fd_sc_mcu7t5v0__clkbuf_16)
                                                         clknet_0_clk (net)
                      0.354528    0.005457  200.663956 ^ clkbuf_3_1__f_clk/I (gf180mcu_fd_sc_mcu7t5v0__clkbuf_16)
     6    0.038427    0.144642    0.370903  201.034851 ^ clkbuf_3_1__f_clk/Z (gf180mcu_fd_sc_mcu7t5v0__clkbuf_16)
                                                         clknet_3_1__leaf_clk (net)
                      0.144647    0.001492  201.036346 ^ _235_/CLK (gf180mcu_fd_sc_mcu7t5v0__dffrnq_1)
                                 -0.250000  200.786346   clock uncertainty
                                  0.000000  200.786346   clock reconvergence pessimism
                                 -0.511716  200.274628   library setup time
                                            200.274628   data required time
---------------------------------------------------------------------------------------------
                                            200.274628   data required time
                                            -44.691563   data arrival time
---------------------------------------------------------------------------------------------
                                            155.583069   slack (MET)


Startpoint: soft_rst_n (input port clocked by clk)
Endpoint: _232_ (rising edge-triggered flip-flop clocked by clk)
Path Group: clk
Path Type: max

Fanout         Cap        Slew       Delay        Time   Description
---------------------------------------------------------------------------------------------
                                  0.000000    0.000000   clock clk (rise edge)
                                  0.000000    0.000000   clock network delay (propagated)
                                 40.000000   40.000000 ^ input external delay
     1    0.006252    0.215082    0.086668   40.086670 ^ soft_rst_n (in)
                                                         soft_rst_n (net)
                      0.215082    0.000000   40.086670 ^ input5/I (gf180mcu_fd_sc_mcu7t5v0__buf_1)
     5    0.032357    0.818064    0.682249   40.768917 ^ input5/Z (gf180mcu_fd_sc_mcu7t5v0__buf_1)
                                                         net5 (net)
                      0.818069    0.001180   40.770100 ^ fanout29/I (gf180mcu_fd_sc_mcu7t5v0__dlyb_1)
     2    0.010505    0.352987    1.471214   42.241314 ^ fanout29/Z (gf180mcu_fd_sc_mcu7t5v0__dlyb_1)
                                                         net29 (net)
                      0.352987    0.000455   42.241768 ^ wire32/I (gf180mcu_fd_sc_mcu7t5v0__buf_1)
     4    0.031283    0.793815    0.691117   42.932884 ^ wire32/Z (gf180mcu_fd_sc_mcu7t5v0__buf_1)
                                                         net32 (net)
                      0.793820    0.001151   42.934036 ^ load_slew31/I (gf180mcu_fd_sc_mcu7t5v0__clkbuf_2)
     4    0.032997    0.441133    0.623590   43.557625 ^ load_slew31/Z (gf180mcu_fd_sc_mcu7t5v0__clkbuf_2)
                                                         net31 (net)
                      0.441134    0.001346   43.558971 ^ _143_/A1 (gf180mcu_fd_sc_mcu7t5v0__nand2_2)
     2    0.014276    0.273691    0.215575   43.774548 v _143_/ZN (gf180mcu_fd_sc_mcu7t5v0__nand2_2)
                                                         _055_ (net)
                      0.273691    0.000320   43.774864 v load_slew26/I (gf180mcu_fd_sc_mcu7t5v0__buf_2)
     8    0.058834    0.402574    0.560057   44.334923 v load_slew26/Z (gf180mcu_fd_sc_mcu7t5v0__buf_2)
                                                         net26 (net)
                      0.402589    0.001393   44.336315 v _164_/A1 (gf180mcu_fd_sc_mcu7t5v0__nor2_1)
     1    0.005248    0.427097    0.349647   44.685963 ^ _164_/ZN (gf180mcu_fd_sc_mcu7t5v0__nor2_1)
                                                         _019_ (net)
                      0.427097    0.000270   44.686234 ^ _232_/D (gf180mcu_fd_sc_mcu7t5v0__dffrnq_1)
                                             44.686234   data arrival time

                                200.000000  200.000000   clock clk (rise edge)
                                  0.000000  200.000000   clock source latency
     1    0.043337    0.298221    0.151559  200.151550 ^ clk (in)
                                                         clk (net)
                      0.298224    0.000000  200.151550 ^ clkbuf_0_clk/I (gf180mcu_fd_sc_mcu7t5v0__clkbuf_16)
     8    0.200996    0.354491    0.506944  200.658493 ^ clkbuf_0_clk/Z (gf180mcu_fd_sc_mcu7t5v0__clkbuf_16)
                                                         clknet_0_clk (net)
                      0.354508    0.003752  200.662247 ^ clkbuf_3_0__f_clk/I (gf180mcu_fd_sc_mcu7t5v0__clkbuf_16)
     6    0.036406    0.141994    0.368644  201.030899 ^ clkbuf_3_0__f_clk/Z (gf180mcu_fd_sc_mcu7t5v0__clkbuf_16)
                                                         clknet_3_0__leaf_clk (net)
                      0.141998    0.001222  201.032120 ^ _232_/CLK (gf180mcu_fd_sc_mcu7t5v0__dffrnq_1)
                                 -0.250000  200.782120   clock uncertainty
                                  0.000000  200.782120   clock reconvergence pessimism
                                 -0.509241  200.272873   library setup time
                                            200.272873   data required time
---------------------------------------------------------------------------------------------
                                            200.272873   data required time
                                            -44.686234   data arrival time
---------------------------------------------------------------------------------------------
                                            155.586639   slack (MET)


Startpoint: rst_n (input port clocked by clk)
Endpoint: _249_ (recovery check against rising-edge clock clk)
Path Group: asynchronous
Path Type: max

Fanout         Cap        Slew       Delay        Time   Description
---------------------------------------------------------------------------------------------
                                  0.000000    0.000000   clock clk (rise edge)
                                  0.000000    0.000000   clock network delay (propagated)
                                 40.000000   40.000000 ^ input external delay
     1    0.005798    0.204653    0.080476   40.080479 ^ rst_n (in)
                                                         rst_n (net)
                      0.204653    0.000000   40.080479 ^ input4/I (gf180mcu_fd_sc_mcu7t5v0__buf_1)
     1    0.007822    0.262059    0.347917   40.428394 ^ input4/Z (gf180mcu_fd_sc_mcu7t5v0__buf_1)
                                                         net4 (net)
                      0.262059    0.000366   40.428761 ^ fanout49/I (gf180mcu_fd_sc_mcu7t5v0__dlyb_1)
     1    0.007555    0.292947    1.383430   41.812191 ^ fanout49/Z (gf180mcu_fd_sc_mcu7t5v0__dlyb_1)
                                                         net49 (net)
                      0.292947    0.000373   41.812565 ^ wire51/I (gf180mcu_fd_sc_mcu7t5v0__buf_1)
     4    0.032790    0.828461    0.704684   42.517246 ^ wire51/Z (gf180mcu_fd_sc_mcu7t5v0__buf_1)
                                                         net51 (net)
                      0.828461    0.000600   42.517849 ^ fanout45/I (gf180mcu_fd_sc_mcu7t5v0__dlyb_1)
     3    0.025288    0.672159    1.675495   44.193344 ^ fanout45/Z (gf180mcu_fd_sc_mcu7t5v0__dlyb_1)
                                                         net45 (net)
                      0.672163    0.001108   44.194450 ^ load_slew48/I (gf180mcu_fd_sc_mcu7t5v0__clkbuf_1)
     3    0.023184    0.599531    0.621526   44.815979 ^ load_slew48/Z (gf180mcu_fd_sc_mcu7t5v0__clkbuf_1)
                                                         net48 (net)
                      0.599538    0.001187   44.817165 ^ load_slew47/I (gf180mcu_fd_sc_mcu7t5v0__clkbuf_2)
     4    0.030817    0.414774    0.581142   45.398308 ^ load_slew47/Z (gf180mcu_fd_sc_mcu7t5v0__clkbuf_2)
                                                         net47 (net)
                      0.414775    0.000639   45.398945 ^ _249_/RN (gf180mcu_fd_sc_mcu7t5v0__dffrnq_1)
                                             45.398945   data arrival time

                                200.000000  200.000000   clock clk (rise edge)
                                  0.000000  200.000000   clock source latency
     1    0.043337    0.298221    0.151559  200.151550 ^ clk (in)
                                                         clk (net)
                      0.298224    0.000000  200.151550 ^ clkbuf_0_clk/I (gf180mcu_fd_sc_mcu7t5v0__clkbuf_16)
     8    0.200996    0.354491    0.506944  200.658493 ^ clkbuf_0_clk/Z (gf180mcu_fd_sc_mcu7t5v0__clkbuf_16)
                                                         clknet_0_clk (net)
                      0.354528    0.005471  200.663971 ^ clkbuf_3_4__f_clk/I (gf180mcu_fd_sc_mcu7t5v0__clkbuf_16)
     6    0.032487    0.136846    0.364125  201.028091 ^ clkbuf_3_4__f_clk/Z (gf180mcu_fd_sc_mcu7t5v0__clkbuf_16)
                                                         clknet_3_4__leaf_clk (net)
                      0.136849    0.001080  201.029175 ^ _249_/CLK (gf180mcu_fd_sc_mcu7t5v0__dffrnq_1)
                                 -0.250000  200.779175   clock uncertainty
                                  0.000000  200.779175   clock reconvergence pessimism
                                  0.345784  201.124954   library recovery time
                                            201.124954   data required time
---------------------------------------------------------------------------------------------
                                            201.124954   data required time
                                            -45.398945   data arrival time
---------------------------------------------------------------------------------------------
                                            155.725998   slack (MET)


Startpoint: rst_n (input port clocked by clk)
Endpoint: _250_ (recovery check against rising-edge clock clk)
Path Group: asynchronous
Path Type: max

Fanout         Cap        Slew       Delay        Time   Description
---------------------------------------------------------------------------------------------
                                  0.000000    0.000000   clock clk (rise edge)
                                  0.000000    0.000000   clock network delay (propagated)
                                 40.000000   40.000000 ^ input external delay
     1    0.005798    0.204653    0.080476   40.080479 ^ rst_n (in)
                                                         rst_n (net)
                      0.204653    0.000000   40.080479 ^ input4/I (gf180mcu_fd_sc_mcu7t5v0__buf_1)
     1    0.007822    0.262059    0.347917   40.428394 ^ input4/Z (gf180mcu_fd_sc_mcu7t5v0__buf_1)
                                                         net4 (net)
                      0.262059    0.000366   40.428761 ^ fanout49/I (gf180mcu_fd_sc_mcu7t5v0__dlyb_1)
     1    0.007555    0.292947    1.383430   41.812191 ^ fanout49/Z (gf180mcu_fd_sc_mcu7t5v0__dlyb_1)
                                                         net49 (net)
                      0.292947    0.000373   41.812565 ^ wire51/I (gf180mcu_fd_sc_mcu7t5v0__buf_1)
     4    0.032790    0.828461    0.704684   42.517246 ^ wire51/Z (gf180mcu_fd_sc_mcu7t5v0__buf_1)
                                                         net51 (net)
                      0.828461    0.000600   42.517849 ^ fanout45/I (gf180mcu_fd_sc_mcu7t5v0__dlyb_1)
     3    0.025288    0.672159    1.675495   44.193344 ^ fanout45/Z (gf180mcu_fd_sc_mcu7t5v0__dlyb_1)
                                                         net45 (net)
                      0.672163    0.001108   44.194450 ^ load_slew48/I (gf180mcu_fd_sc_mcu7t5v0__clkbuf_1)
     3    0.023184    0.599531    0.621526   44.815979 ^ load_slew48/Z (gf180mcu_fd_sc_mcu7t5v0__clkbuf_1)
                                                         net48 (net)
                      0.599538    0.001187   44.817165 ^ load_slew47/I (gf180mcu_fd_sc_mcu7t5v0__clkbuf_2)
     4    0.030817    0.414774    0.581142   45.398308 ^ load_slew47/Z (gf180mcu_fd_sc_mcu7t5v0__clkbuf_2)
                                                         net47 (net)
                      0.414775    0.000639   45.398945 ^ _250_/RN (gf180mcu_fd_sc_mcu7t5v0__dffrnq_1)
                                             45.398945   data arrival time

                                200.000000  200.000000   clock clk (rise edge)
                                  0.000000  200.000000   clock source latency
     1    0.043337    0.298221    0.151559  200.151550 ^ clk (in)
                                                         clk (net)
                      0.298224    0.000000  200.151550 ^ clkbuf_0_clk/I (gf180mcu_fd_sc_mcu7t5v0__clkbuf_16)
     8    0.200996    0.354491    0.506944  200.658493 ^ clkbuf_0_clk/Z (gf180mcu_fd_sc_mcu7t5v0__clkbuf_16)
                                                         clknet_0_clk (net)
                      0.354528    0.005471  200.663971 ^ clkbuf_3_4__f_clk/I (gf180mcu_fd_sc_mcu7t5v0__clkbuf_16)
     6    0.032487    0.136846    0.364125  201.028091 ^ clkbuf_3_4__f_clk/Z (gf180mcu_fd_sc_mcu7t5v0__clkbuf_16)
                                                         clknet_3_4__leaf_clk (net)
                      0.136849    0.001080  201.029175 ^ _250_/CLK (gf180mcu_fd_sc_mcu7t5v0__dffrnq_1)
                                 -0.250000  200.779175   clock uncertainty
                                  0.000000  200.779175   clock reconvergence pessimism
                                  0.345784  201.124954   library recovery time
                                            201.124954   data required time
---------------------------------------------------------------------------------------------
                                            201.124954   data required time
                                            -45.398945   data arrival time
---------------------------------------------------------------------------------------------
                                            155.725998   slack (MET)


Startpoint: rst_n (input port clocked by clk)
Endpoint: _251_ (recovery check against rising-edge clock clk)
Path Group: asynchronous
Path Type: max

Fanout         Cap        Slew       Delay        Time   Description
---------------------------------------------------------------------------------------------
                                  0.000000    0.000000   clock clk (rise edge)
                                  0.000000    0.000000   clock network delay (propagated)
                                 40.000000   40.000000 ^ input external delay
     1    0.005798    0.204653    0.080476   40.080479 ^ rst_n (in)
                                                         rst_n (net)
                      0.204653    0.000000   40.080479 ^ input4/I (gf180mcu_fd_sc_mcu7t5v0__buf_1)
     1    0.007822    0.262059    0.347917   40.428394 ^ input4/Z (gf180mcu_fd_sc_mcu7t5v0__buf_1)
                                                         net4 (net)
                      0.262059    0.000366   40.428761 ^ fanout49/I (gf180mcu_fd_sc_mcu7t5v0__dlyb_1)
     1    0.007555    0.292947    1.383430   41.812191 ^ fanout49/Z (gf180mcu_fd_sc_mcu7t5v0__dlyb_1)
                                                         net49 (net)
                      0.292947    0.000373   41.812565 ^ wire51/I (gf180mcu_fd_sc_mcu7t5v0__buf_1)
     4    0.032790    0.828461    0.704684   42.517246 ^ wire51/Z (gf180mcu_fd_sc_mcu7t5v0__buf_1)
                                                         net51 (net)
                      0.828461    0.000600   42.517849 ^ fanout45/I (gf180mcu_fd_sc_mcu7t5v0__dlyb_1)
     3    0.025288    0.672159    1.675495   44.193344 ^ fanout45/Z (gf180mcu_fd_sc_mcu7t5v0__dlyb_1)
                                                         net45 (net)
                      0.672163    0.001108   44.194450 ^ load_slew48/I (gf180mcu_fd_sc_mcu7t5v0__clkbuf_1)
     3    0.023184    0.599531    0.621526   44.815979 ^ load_slew48/Z (gf180mcu_fd_sc_mcu7t5v0__clkbuf_1)
                                                         net48 (net)
                      0.599538    0.001187   44.817165 ^ load_slew47/I (gf180mcu_fd_sc_mcu7t5v0__clkbuf_2)
     4    0.030817    0.414774    0.581142   45.398308 ^ load_slew47/Z (gf180mcu_fd_sc_mcu7t5v0__clkbuf_2)
                                                         net47 (net)
                      0.414775    0.000643   45.398949 ^ _251_/RN (gf180mcu_fd_sc_mcu7t5v0__dffrnq_1)
                                             45.398949   data arrival time

                                200.000000  200.000000   clock clk (rise edge)
                                  0.000000  200.000000   clock source latency
     1    0.043337    0.298221    0.151559  200.151550 ^ clk (in)
                                                         clk (net)
                      0.298224    0.000000  200.151550 ^ clkbuf_0_clk/I (gf180mcu_fd_sc_mcu7t5v0__clkbuf_16)
     8    0.200996    0.354491    0.506944  200.658493 ^ clkbuf_0_clk/Z (gf180mcu_fd_sc_mcu7t5v0__clkbuf_16)
                                                         clknet_0_clk (net)
                      0.354528    0.005471  200.663971 ^ clkbuf_3_4__f_clk/I (gf180mcu_fd_sc_mcu7t5v0__clkbuf_16)
     6    0.032487    0.136846    0.364125  201.028091 ^ clkbuf_3_4__f_clk/Z (gf180mcu_fd_sc_mcu7t5v0__clkbuf_16)
                                                         clknet_3_4__leaf_clk (net)
                      0.136849    0.001094  201.029190 ^ _251_/CLK (gf180mcu_fd_sc_mcu7t5v0__dffrnq_1)
                                 -0.250000  200.779190   clock uncertainty
                                  0.000000  200.779190   clock reconvergence pessimism
                                  0.345784  201.124969   library recovery time
                                            201.124969   data required time
---------------------------------------------------------------------------------------------
                                            201.124969   data required time
                                            -45.398949   data arrival time
---------------------------------------------------------------------------------------------
                                            155.726013   slack (MET)


Startpoint: soft_rst_n (input port clocked by clk)
Endpoint: _245_ (rising edge-triggered flip-flop clocked by clk)
Path Group: clk
Path Type: max

Fanout         Cap        Slew       Delay        Time   Description
---------------------------------------------------------------------------------------------
                                  0.000000    0.000000   clock clk (rise edge)
                                  0.000000    0.000000   clock network delay (propagated)
                                 40.000000   40.000000 ^ input external delay
     1    0.006252    0.215082    0.086668   40.086670 ^ soft_rst_n (in)
                                                         soft_rst_n (net)
                      0.215082    0.000000   40.086670 ^ input5/I (gf180mcu_fd_sc_mcu7t5v0__buf_1)
     5    0.032357    0.818064    0.682249   40.768917 ^ input5/Z (gf180mcu_fd_sc_mcu7t5v0__buf_1)
                                                         net5 (net)
                      0.818069    0.001180   40.770100 ^ fanout29/I (gf180mcu_fd_sc_mcu7t5v0__dlyb_1)
     2    0.010505    0.352987    1.471214   42.241314 ^ fanout29/Z (gf180mcu_fd_sc_mcu7t5v0__dlyb_1)
                                                         net29 (net)
                      0.352987    0.000465   42.241779 ^ fanout27/I (gf180mcu_fd_sc_mcu7t5v0__dlyb_1)
     5    0.032872    0.840480    1.746134   43.987911 ^ fanout27/Z (gf180mcu_fd_sc_mcu7t5v0__dlyb_1)
                                                         net27 (net)
                      0.840487    0.001670   43.989582 ^ _124_/A1 (gf180mcu_fd_sc_mcu7t5v0__and2_1)
     1    0.006498    0.263467    0.519304   44.508884 ^ _124_/Z (gf180mcu_fd_sc_mcu7t5v0__and2_1)
                                                         _000_ (net)
                      0.263467    0.000160   44.509045 ^ _245_/D (gf180mcu_fd_sc_mcu7t5v0__dffrnq_1)
                                             44.509045   data arrival time

                                200.000000  200.000000   clock clk (rise edge)
                                  0.000000  200.000000   clock source latency
     1    0.043337    0.298221    0.151559  200.151550 ^ clk (in)
                                                         clk (net)
                      0.298224    0.000000  200.151550 ^ clkbuf_0_clk/I (gf180mcu_fd_sc_mcu7t5v0__clkbuf_16)
     8    0.200996    0.354491    0.506944  200.658493 ^ clkbuf_0_clk/Z (gf180mcu_fd_sc_mcu7t5v0__clkbuf_16)
                                                         clknet_0_clk (net)
                      0.354508    0.003737  200.662231 ^ clkbuf_3_7__f_clk/I (gf180mcu_fd_sc_mcu7t5v0__clkbuf_16)
     6    0.032478    0.136836    0.364082  201.026321 ^ clkbuf_3_7__f_clk/Z (gf180mcu_fd_sc_mcu7t5v0__clkbuf_16)
                                                         clknet_3_7__leaf_clk (net)
                      0.136836    0.000597  201.026917 ^ _245_/CLK (gf180mcu_fd_sc_mcu7t5v0__dffrnq_1)
                                 -0.250000  200.776917   clock uncertainty
                                  0.000000  200.776917   clock reconvergence pessimism
                                 -0.480707  200.296204   library setup time
                                            200.296204   data required time
---------------------------------------------------------------------------------------------
                                            200.296204   data required time
                                            -44.509045   data arrival time
---------------------------------------------------------------------------------------------
                                            155.787155   slack (MET)


Startpoint: soft_rst_n (input port clocked by clk)
Endpoint: _243_ (rising edge-triggered flip-flop clocked by clk)
Path Group: clk
Path Type: max

Fanout         Cap        Slew       Delay        Time   Description
---------------------------------------------------------------------------------------------
                                  0.000000    0.000000   clock clk (rise edge)
                                  0.000000    0.000000   clock network delay (propagated)
                                 40.000000   40.000000 ^ input external delay
     1    0.006252    0.215082    0.086668   40.086670 ^ soft_rst_n (in)
                                                         soft_rst_n (net)
                      0.215082    0.000000   40.086670 ^ input5/I (gf180mcu_fd_sc_mcu7t5v0__buf_1)
     5    0.032357    0.818064    0.682249   40.768917 ^ input5/Z (gf180mcu_fd_sc_mcu7t5v0__buf_1)
                                                         net5 (net)
                      0.818069    0.001180   40.770100 ^ fanout29/I (gf180mcu_fd_sc_mcu7t5v0__dlyb_1)
     2    0.010505    0.352987    1.471214   42.241314 ^ fanout29/Z (gf180mcu_fd_sc_mcu7t5v0__dlyb_1)
                                                         net29 (net)
                      0.352987    0.000465   42.241779 ^ fanout27/I (gf180mcu_fd_sc_mcu7t5v0__dlyb_1)
     5    0.032872    0.840480    1.746134   43.987911 ^ fanout27/Z (gf180mcu_fd_sc_mcu7t5v0__dlyb_1)
                                                         net27 (net)
                      0.840485    0.001460   43.989372 ^ _115_/A2 (gf180mcu_fd_sc_mcu7t5v0__and2_1)
     1    0.007768    0.288871    0.501753   44.491123 ^ _115_/Z (gf180mcu_fd_sc_mcu7t5v0__and2_1)
                                                         _005_ (net)
                      0.288871    0.000185   44.491310 ^ _243_/D (gf180mcu_fd_sc_mcu7t5v0__dffrnq_1)
                                             44.491310   data arrival time

                                200.000000  200.000000   clock clk (rise edge)
                                  0.000000  200.000000   clock source latency
     1    0.043337    0.298221    0.151559  200.151550 ^ clk (in)
                                                         clk (net)
                      0.298224    0.000000  200.151550 ^ clkbuf_0_clk/I (gf180mcu_fd_sc_mcu7t5v0__clkbuf_16)
     8    0.200996    0.354491    0.506944  200.658493 ^ clkbuf_0_clk/Z (gf180mcu_fd_sc_mcu7t5v0__clkbuf_16)
                                                         clknet_0_clk (net)
                      0.354516    0.004519  200.663010 ^ clkbuf_3_5__f_clk/I (gf180mcu_fd_sc_mcu7t5v0__clkbuf_16)
     6    0.034167    0.139054    0.366043  201.029053 ^ clkbuf_3_5__f_clk/Z (gf180mcu_fd_sc_mcu7t5v0__clkbuf_16)
                                                         clknet_3_5__leaf_clk (net)
                      0.139058    0.001265  201.030319 ^ _243_/CLK (gf180mcu_fd_sc_mcu7t5v0__dffrnq_1)
                                 -0.250000  200.780319   clock uncertainty
                                  0.000000  200.780319   clock reconvergence pessimism
                                 -0.485469  200.294861   library setup time
                                            200.294861   data required time
---------------------------------------------------------------------------------------------
                                            200.294861   data required time
                                            -44.491310   data arrival time
---------------------------------------------------------------------------------------------
                                            155.803558   slack (MET)


Startpoint: soft_rst_n (input port clocked by clk)
Endpoint: _256_ (rising edge-triggered flip-flop clocked by clk)
Path Group: clk
Path Type: max

Fanout         Cap        Slew       Delay        Time   Description
---------------------------------------------------------------------------------------------
                                  0.000000    0.000000   clock clk (rise edge)
                                  0.000000    0.000000   clock network delay (propagated)
                                 40.000000   40.000000 ^ input external delay
     1    0.006252    0.215082    0.086668   40.086670 ^ soft_rst_n (in)
                                                         soft_rst_n (net)
                      0.215082    0.000000   40.086670 ^ input5/I (gf180mcu_fd_sc_mcu7t5v0__buf_1)
     5    0.032357    0.818064    0.682249   40.768917 ^ input5/Z (gf180mcu_fd_sc_mcu7t5v0__buf_1)
                                                         net5 (net)
                      0.818069    0.001180   40.770100 ^ fanout29/I (gf180mcu_fd_sc_mcu7t5v0__dlyb_1)
     2    0.010505    0.352987    1.471214   42.241314 ^ fanout29/Z (gf180mcu_fd_sc_mcu7t5v0__dlyb_1)
                                                         net29 (net)
                      0.352987    0.000465   42.241779 ^ fanout27/I (gf180mcu_fd_sc_mcu7t5v0__dlyb_1)
     5    0.032872    0.840480    1.746134   43.987911 ^ fanout27/Z (gf180mcu_fd_sc_mcu7t5v0__dlyb_1)
                                                         net27 (net)
                      0.840485    0.001457   43.989368 ^ _119_/A1 (gf180mcu_fd_sc_mcu7t5v0__and2_1)
     1    0.005391    0.240719    0.502748   44.492115 ^ _119_/Z (gf180mcu_fd_sc_mcu7t5v0__and2_1)
                                                         _009_ (net)
                      0.240719    0.000142   44.492260 ^ _256_/D (gf180mcu_fd_sc_mcu7t5v0__dffrnq_1)
                                             44.492260   data arrival time

                                200.000000  200.000000   clock clk (rise edge)
                                  0.000000  200.000000   clock source latency
     1    0.043337    0.298221    0.151559  200.151550 ^ clk (in)
                                                         clk (net)
                      0.298224    0.000000  200.151550 ^ clkbuf_0_clk/I (gf180mcu_fd_sc_mcu7t5v0__clkbuf_16)
     8    0.200996    0.354491    0.506944  200.658493 ^ clkbuf_0_clk/Z (gf180mcu_fd_sc_mcu7t5v0__clkbuf_16)
                                                         clknet_0_clk (net)
                      0.354516    0.004519  200.663010 ^ clkbuf_3_5__f_clk/I (gf180mcu_fd_sc_mcu7t5v0__clkbuf_16)
     6    0.034167    0.139054    0.366043  201.029053 ^ clkbuf_3_5__f_clk/Z (gf180mcu_fd_sc_mcu7t5v0__clkbuf_16)
                                                         clknet_3_5__leaf_clk (net)
                      0.139055    0.000611  201.029663 ^ _256_/CLK (gf180mcu_fd_sc_mcu7t5v0__dffrnq_1)
                                 -0.250000  200.779678   clock uncertainty
                                  0.000000  200.779678   clock reconvergence pessimism
                                 -0.475111  200.304565   library setup time
                                            200.304565   data required time
---------------------------------------------------------------------------------------------
                                            200.304565   data required time
                                            -44.492260   data arrival time
---------------------------------------------------------------------------------------------
                                            155.812302   slack (MET)


Startpoint: soft_rst_n (input port clocked by clk)
Endpoint: _255_ (rising edge-triggered flip-flop clocked by clk)
Path Group: clk
Path Type: max

Fanout         Cap        Slew       Delay        Time   Description
---------------------------------------------------------------------------------------------
                                  0.000000    0.000000   clock clk (rise edge)
                                  0.000000    0.000000   clock network delay (propagated)
                                 40.000000   40.000000 ^ input external delay
     1    0.006252    0.215082    0.086668   40.086670 ^ soft_rst_n (in)
                                                         soft_rst_n (net)
                      0.215082    0.000000   40.086670 ^ input5/I (gf180mcu_fd_sc_mcu7t5v0__buf_1)
     5    0.032357    0.818064    0.682249   40.768917 ^ input5/Z (gf180mcu_fd_sc_mcu7t5v0__buf_1)
                                                         net5 (net)
                      0.818069    0.001180   40.770100 ^ fanout29/I (gf180mcu_fd_sc_mcu7t5v0__dlyb_1)
     2    0.010505    0.352987    1.471214   42.241314 ^ fanout29/Z (gf180mcu_fd_sc_mcu7t5v0__dlyb_1)
                                                         net29 (net)
                      0.352987    0.000465   42.241779 ^ fanout27/I (gf180mcu_fd_sc_mcu7t5v0__dlyb_1)
     5    0.032872    0.840480    1.746134   43.987911 ^ fanout27/Z (gf180mcu_fd_sc_mcu7t5v0__dlyb_1)
                                                         net27 (net)
                      0.840484    0.001297   43.989208 ^ _118_/A1 (gf180mcu_fd_sc_mcu7t5v0__and2_1)
     1    0.005370    0.240289    0.502435   44.491642 ^ _118_/Z (gf180mcu_fd_sc_mcu7t5v0__and2_1)
                                                         _008_ (net)
                      0.240289    0.000139   44.491783 ^ _255_/D (gf180mcu_fd_sc_mcu7t5v0__dffrnq_1)
                                             44.491783   data arrival time

                                200.000000  200.000000   clock clk (rise edge)
                                  0.000000  200.000000   clock source latency
     1    0.043337    0.298221    0.151559  200.151550 ^ clk (in)
                                                         clk (net)
                      0.298224    0.000000  200.151550 ^ clkbuf_0_clk/I (gf180mcu_fd_sc_mcu7t5v0__clkbuf_16)
     8    0.200996    0.354491    0.506944  200.658493 ^ clkbuf_0_clk/Z (gf180mcu_fd_sc_mcu7t5v0__clkbuf_16)
                                                         clknet_0_clk (net)
                      0.354516    0.004519  200.663010 ^ clkbuf_3_5__f_clk/I (gf180mcu_fd_sc_mcu7t5v0__clkbuf_16)
     6    0.034167    0.139054    0.366043  201.029053 ^ clkbuf_3_5__f_clk/Z (gf180mcu_fd_sc_mcu7t5v0__clkbuf_16)
                                                         clknet_3_5__leaf_clk (net)
                      0.139057    0.001137  201.030197 ^ _255_/CLK (gf180mcu_fd_sc_mcu7t5v0__dffrnq_1)
                                 -0.250000  200.780197   clock uncertainty
                                  0.000000  200.780197   clock reconvergence pessimism
                                 -0.475017  200.305191   library setup time
                                            200.305191   data required time
---------------------------------------------------------------------------------------------
                                            200.305191   data required time
                                            -44.491783   data arrival time
---------------------------------------------------------------------------------------------
                                            155.813400   slack (MET)


Startpoint: rst_n (input port clocked by clk)
Endpoint: _226_ (recovery check against rising-edge clock clk)
Path Group: asynchronous
Path Type: max

Fanout         Cap        Slew       Delay        Time   Description
---------------------------------------------------------------------------------------------
                                  0.000000    0.000000   clock clk (rise edge)
                                  0.000000    0.000000   clock network delay (propagated)
                                 40.000000   40.000000 ^ input external delay
     1    0.005798    0.204653    0.080476   40.080479 ^ rst_n (in)
                                                         rst_n (net)
                      0.204653    0.000000   40.080479 ^ input4/I (gf180mcu_fd_sc_mcu7t5v0__buf_1)
     1    0.007822    0.262059    0.347917   40.428394 ^ input4/Z (gf180mcu_fd_sc_mcu7t5v0__buf_1)
                                                         net4 (net)
                      0.262059    0.000366   40.428761 ^ fanout49/I (gf180mcu_fd_sc_mcu7t5v0__dlyb_1)
     1    0.007555    0.292947    1.383430   41.812191 ^ fanout49/Z (gf180mcu_fd_sc_mcu7t5v0__dlyb_1)
                                                         net49 (net)
                      0.292947    0.000373   41.812565 ^ wire51/I (gf180mcu_fd_sc_mcu7t5v0__buf_1)
     4    0.032790    0.828461    0.704684   42.517246 ^ wire51/Z (gf180mcu_fd_sc_mcu7t5v0__buf_1)
                                                         net51 (net)
                      0.828465    0.000991   42.518238 ^ fanout41/I (gf180mcu_fd_sc_mcu7t5v0__dlyb_1)
     4    0.030787    0.793560    1.750401   44.268639 ^ fanout41/Z (gf180mcu_fd_sc_mcu7t5v0__dlyb_1)
                                                         net41 (net)
                      0.793562    0.000981   44.269619 ^ load_slew44/I (gf180mcu_fd_sc_mcu7t5v0__buf_2)
     3    0.024947    0.344743    0.460158   44.729778 ^ load_slew44/Z (gf180mcu_fd_sc_mcu7t5v0__buf_2)
                                                         net44 (net)
                      0.344744    0.000952   44.730732 ^ load_slew42/I (gf180mcu_fd_sc_mcu7t5v0__clkbuf_2)
     3    0.027773    0.377943    0.512330   45.243061 ^ load_slew42/Z (gf180mcu_fd_sc_mcu7t5v0__clkbuf_2)
                                                         net42 (net)
                      0.377943    0.000590   45.243649 ^ _226_/RN (gf180mcu_fd_sc_mcu7t5v0__dffrnq_1)
                                             45.243649   data arrival time

                                200.000000  200.000000   clock clk (rise edge)
                                  0.000000  200.000000   clock source latency
     1    0.043337    0.298221    0.151559  200.151550 ^ clk (in)
                                                         clk (net)
                      0.298224    0.000000  200.151550 ^ clkbuf_0_clk/I (gf180mcu_fd_sc_mcu7t5v0__clkbuf_16)
     8    0.200996    0.354491    0.506944  200.658493 ^ clkbuf_0_clk/Z (gf180mcu_fd_sc_mcu7t5v0__clkbuf_16)
                                                         clknet_0_clk (net)
                      0.354508    0.003737  200.662231 ^ clkbuf_3_6__f_clk/I (gf180mcu_fd_sc_mcu7t5v0__clkbuf_16)
     6    0.030645    0.134423    0.362078  201.024307 ^ clkbuf_3_6__f_clk/Z (gf180mcu_fd_sc_mcu7t5v0__clkbuf_16)
                                                         clknet_3_6__leaf_clk (net)
                      0.134423    0.000568  201.024887 ^ _226_/CLK (gf180mcu_fd_sc_mcu7t5v0__dffrnq_1)
                                 -0.250000  200.774887   clock uncertainty
                                  0.000000  200.774887   clock reconvergence pessimism
                                  0.345971  201.120865   library recovery time
                                            201.120865   data required time
---------------------------------------------------------------------------------------------
                                            201.120865   data required time
                                            -45.243649   data arrival time
---------------------------------------------------------------------------------------------
                                            155.877213   slack (MET)


Startpoint: rst_n (input port clocked by clk)
Endpoint: _227_ (recovery check against rising-edge clock clk)
Path Group: asynchronous
Path Type: max

Fanout         Cap        Slew       Delay        Time   Description
---------------------------------------------------------------------------------------------
                                  0.000000    0.000000   clock clk (rise edge)
                                  0.000000    0.000000   clock network delay (propagated)
                                 40.000000   40.000000 ^ input external delay
     1    0.005798    0.204653    0.080476   40.080479 ^ rst_n (in)
                                                         rst_n (net)
                      0.204653    0.000000   40.080479 ^ input4/I (gf180mcu_fd_sc_mcu7t5v0__buf_1)
     1    0.007822    0.262059    0.347917   40.428394 ^ input4/Z (gf180mcu_fd_sc_mcu7t5v0__buf_1)
                                                         net4 (net)
                      0.262059    0.000366   40.428761 ^ fanout49/I (gf180mcu_fd_sc_mcu7t5v0__dlyb_1)
     1    0.007555    0.292947    1.383430   41.812191 ^ fanout49/Z (gf180mcu_fd_sc_mcu7t5v0__dlyb_1)
                                                         net49 (net)
                      0.292947    0.000373   41.812565 ^ wire51/I (gf180mcu_fd_sc_mcu7t5v0__buf_1)
     4    0.032790    0.828461    0.704684   42.517246 ^ wire51/Z (gf180mcu_fd_sc_mcu7t5v0__buf_1)
                                                         net51 (net)
                      0.828465    0.000991   42.518238 ^ fanout41/I (gf180mcu_fd_sc_mcu7t5v0__dlyb_1)
     4    0.030787    0.793560    1.750401   44.268639 ^ fanout41/Z (gf180mcu_fd_sc_mcu7t5v0__dlyb_1)
                                                         net41 (net)
                      0.793562    0.000981   44.269619 ^ load_slew44/I (gf180mcu_fd_sc_mcu7t5v0__buf_2)
     3    0.024947    0.344743    0.460158   44.729778 ^ load_slew44/Z (gf180mcu_fd_sc_mcu7t5v0__buf_2)
                                                         net44 (net)
                      0.344744    0.000952   44.730732 ^ load_slew42/I (gf180mcu_fd_sc_mcu7t5v0__clkbuf_2)
     3    0.027773    0.377943    0.512330   45.243061 ^ load_slew42/Z (gf180mcu_fd_sc_mcu7t5v0__clkbuf_2)
                                                         net42 (net)
                      0.377943    0.000590   45.243649 ^ _227_/RN (gf180mcu_fd_sc_mcu7t5v0__dffrnq_1)
                                             45.243649   data arrival time

                                200.000000  200.000000   clock clk (rise edge)
                                  0.000000  200.000000   clock source latency
     1    0.043337    0.298221    0.151559  200.151550 ^ clk (in)
                                                         clk (net)
                      0.298224    0.000000  200.151550 ^ clkbuf_0_clk/I (gf180mcu_fd_sc_mcu7t5v0__clkbuf_16)
     8    0.200996    0.354491    0.506944  200.658493 ^ clkbuf_0_clk/Z (gf180mcu_fd_sc_mcu7t5v0__clkbuf_16)
                                                         clknet_0_clk (net)
                      0.354508    0.003737  200.662231 ^ clkbuf_3_6__f_clk/I (gf180mcu_fd_sc_mcu7t5v0__clkbuf_16)
     6    0.030645    0.134423    0.362078  201.024307 ^ clkbuf_3_6__f_clk/Z (gf180mcu_fd_sc_mcu7t5v0__clkbuf_16)
                                                         clknet_3_6__leaf_clk (net)
                      0.134423    0.000568  201.024887 ^ _227_/CLK (gf180mcu_fd_sc_mcu7t5v0__dffrnq_1)
                                 -0.250000  200.774887   clock uncertainty
                                  0.000000  200.774887   clock reconvergence pessimism
                                  0.345971  201.120865   library recovery time
                                            201.120865   data required time
---------------------------------------------------------------------------------------------
                                            201.120865   data required time
                                            -45.243649   data arrival time
---------------------------------------------------------------------------------------------
                                            155.877213   slack (MET)


Startpoint: rst_n (input port clocked by clk)
Endpoint: _228_ (recovery check against rising-edge clock clk)
Path Group: asynchronous
Path Type: max

Fanout         Cap        Slew       Delay        Time   Description
---------------------------------------------------------------------------------------------
                                  0.000000    0.000000   clock clk (rise edge)
                                  0.000000    0.000000   clock network delay (propagated)
                                 40.000000   40.000000 ^ input external delay
     1    0.005798    0.204653    0.080476   40.080479 ^ rst_n (in)
                                                         rst_n (net)
                      0.204653    0.000000   40.080479 ^ input4/I (gf180mcu_fd_sc_mcu7t5v0__buf_1)
     1    0.007822    0.262059    0.347917   40.428394 ^ input4/Z (gf180mcu_fd_sc_mcu7t5v0__buf_1)
                                                         net4 (net)
                      0.262059    0.000366   40.428761 ^ fanout49/I (gf180mcu_fd_sc_mcu7t5v0__dlyb_1)
     1    0.007555    0.292947    1.383430   41.812191 ^ fanout49/Z (gf180mcu_fd_sc_mcu7t5v0__dlyb_1)
                                                         net49 (net)
                      0.292947    0.000373   41.812565 ^ wire51/I (gf180mcu_fd_sc_mcu7t5v0__buf_1)
     4    0.032790    0.828461    0.704684   42.517246 ^ wire51/Z (gf180mcu_fd_sc_mcu7t5v0__buf_1)
                                                         net51 (net)
                      0.828465    0.000991   42.518238 ^ fanout41/I (gf180mcu_fd_sc_mcu7t5v0__dlyb_1)
     4    0.030787    0.793560    1.750401   44.268639 ^ fanout41/Z (gf180mcu_fd_sc_mcu7t5v0__dlyb_1)
                                                         net41 (net)
                      0.793562    0.000981   44.269619 ^ load_slew44/I (gf180mcu_fd_sc_mcu7t5v0__buf_2)
     3    0.024947    0.344743    0.460158   44.729778 ^ load_slew44/Z (gf180mcu_fd_sc_mcu7t5v0__buf_2)
                                                         net44 (net)
                      0.344744    0.000952   44.730732 ^ load_slew42/I (gf180mcu_fd_sc_mcu7t5v0__clkbuf_2)
     3    0.027773    0.377943    0.512330   45.243061 ^ load_slew42/Z (gf180mcu_fd_sc_mcu7t5v0__clkbuf_2)
                                                         net42 (net)
                      0.377943    0.000590   45.243649 ^ _228_/RN (gf180mcu_fd_sc_mcu7t5v0__dffrnq_1)
                                             45.243649   data arrival time

                                200.000000  200.000000   clock clk (rise edge)
                                  0.000000  200.000000   clock source latency
     1    0.043337    0.298221    0.151559  200.151550 ^ clk (in)
                                                         clk (net)
                      0.298224    0.000000  200.151550 ^ clkbuf_0_clk/I (gf180mcu_fd_sc_mcu7t5v0__clkbuf_16)
     8    0.200996    0.354491    0.506944  200.658493 ^ clkbuf_0_clk/Z (gf180mcu_fd_sc_mcu7t5v0__clkbuf_16)
                                                         clknet_0_clk (net)
                      0.354508    0.003737  200.662231 ^ clkbuf_3_6__f_clk/I (gf180mcu_fd_sc_mcu7t5v0__clkbuf_16)
     6    0.030645    0.134423    0.362078  201.024307 ^ clkbuf_3_6__f_clk/Z (gf180mcu_fd_sc_mcu7t5v0__clkbuf_16)
                                                         clknet_3_6__leaf_clk (net)
                      0.134423    0.000568  201.024887 ^ _228_/CLK (gf180mcu_fd_sc_mcu7t5v0__dffrnq_1)
                                 -0.250000  200.774887   clock uncertainty
                                  0.000000  200.774887   clock reconvergence pessimism
                                  0.345971  201.120865   library recovery time
                                            201.120865   data required time
---------------------------------------------------------------------------------------------
                                            201.120865   data required time
                                            -45.243649   data arrival time
---------------------------------------------------------------------------------------------
                                            155.877213   slack (MET)


Startpoint: soft_rst_n (input port clocked by clk)
Endpoint: _220_ (rising edge-triggered flip-flop clocked by clk)
Path Group: clk
Path Type: max

Fanout         Cap        Slew       Delay        Time   Description
---------------------------------------------------------------------------------------------
                                  0.000000    0.000000   clock clk (rise edge)
                                  0.000000    0.000000   clock network delay (propagated)
                                 40.000000   40.000000 ^ input external delay
     1    0.006252    0.215082    0.086668   40.086670 ^ soft_rst_n (in)
                                                         soft_rst_n (net)
                      0.215082    0.000000   40.086670 ^ input5/I (gf180mcu_fd_sc_mcu7t5v0__buf_1)
     5    0.032357    0.818064    0.682249   40.768917 ^ input5/Z (gf180mcu_fd_sc_mcu7t5v0__buf_1)
                                                         net5 (net)
                      0.818069    0.001180   40.770100 ^ fanout29/I (gf180mcu_fd_sc_mcu7t5v0__dlyb_1)
     2    0.010505    0.352987    1.471214   42.241314 ^ fanout29/Z (gf180mcu_fd_sc_mcu7t5v0__dlyb_1)
                                                         net29 (net)
                      0.352987    0.000455   42.241768 ^ wire32/I (gf180mcu_fd_sc_mcu7t5v0__buf_1)
     4    0.031283    0.793815    0.691117   42.932884 ^ wire32/Z (gf180mcu_fd_sc_mcu7t5v0__buf_1)
                                                         net32 (net)
                      0.793820    0.001172   42.934055 ^ _152_/A1 (gf180mcu_fd_sc_mcu7t5v0__nand2_1)
     5    0.036324    0.878402    0.657003   43.591061 v _152_/ZN (gf180mcu_fd_sc_mcu7t5v0__nand2_1)
                                                         _061_ (net)
                      0.878402    0.000689   43.591747 v _203_/B1 (gf180mcu_fd_sc_mcu7t5v0__oai22_1)
     1    0.005325    0.811340    0.723674   44.315422 ^ _203_/ZN (gf180mcu_fd_sc_mcu7t5v0__oai22_1)
                                                         _034_ (net)
                      0.811340    0.000142   44.315563 ^ _220_/D (gf180mcu_fd_sc_mcu7t5v0__dffrnq_1)
                                             44.315563   data arrival time

                                200.000000  200.000000   clock clk (rise edge)
                                  0.000000  200.000000   clock source latency
     1    0.043337    0.298221    0.151559  200.151550 ^ clk (in)
                                                         clk (net)
                      0.298224    0.000000  200.151550 ^ clkbuf_0_clk/I (gf180mcu_fd_sc_mcu7t5v0__clkbuf_16)
     8    0.200996    0.354491    0.506944  200.658493 ^ clkbuf_0_clk/Z (gf180mcu_fd_sc_mcu7t5v0__clkbuf_16)
                                                         clknet_0_clk (net)
                      0.354508    0.003752  200.662247 ^ clkbuf_3_0__f_clk/I (gf180mcu_fd_sc_mcu7t5v0__clkbuf_16)
     6    0.036406    0.141994    0.368644  201.030899 ^ clkbuf_3_0__f_clk/Z (gf180mcu_fd_sc_mcu7t5v0__clkbuf_16)
                                                         clknet_3_0__leaf_clk (net)
                      0.141995    0.000668  201.031555 ^ _220_/CLK (gf180mcu_fd_sc_mcu7t5v0__dffrnq_1)
                                 -0.250000  200.781555   clock uncertainty
                                  0.000000  200.781555   clock reconvergence pessimism
                                 -0.567428  200.214142   library setup time
                                            200.214142   data required time
---------------------------------------------------------------------------------------------
                                            200.214142   data required time
                                            -44.315563   data arrival time
---------------------------------------------------------------------------------------------
                                            155.898560   slack (MET)


Startpoint: rst_n (input port clocked by clk)
Endpoint: _239_ (recovery check against rising-edge clock clk)
Path Group: asynchronous
Path Type: max

Fanout         Cap        Slew       Delay        Time   Description
---------------------------------------------------------------------------------------------
                                  0.000000    0.000000   clock clk (rise edge)
                                  0.000000    0.000000   clock network delay (propagated)
                                 40.000000   40.000000 ^ input external delay
     1    0.005798    0.204653    0.080476   40.080479 ^ rst_n (in)
                                                         rst_n (net)
                      0.204653    0.000000   40.080479 ^ input4/I (gf180mcu_fd_sc_mcu7t5v0__buf_1)
     1    0.007822    0.262059    0.347917   40.428394 ^ input4/Z (gf180mcu_fd_sc_mcu7t5v0__buf_1)
                                                         net4 (net)
                      0.262059    0.000366   40.428761 ^ fanout49/I (gf180mcu_fd_sc_mcu7t5v0__dlyb_1)
     1    0.007555    0.292947    1.383430   41.812191 ^ fanout49/Z (gf180mcu_fd_sc_mcu7t5v0__dlyb_1)
                                                         net49 (net)
                      0.292947    0.000373   41.812565 ^ wire51/I (gf180mcu_fd_sc_mcu7t5v0__buf_1)
     4    0.032790    0.828461    0.704684   42.517246 ^ wire51/Z (gf180mcu_fd_sc_mcu7t5v0__buf_1)
                                                         net51 (net)
                      0.828464    0.000895   42.518143 ^ fanout37/I (gf180mcu_fd_sc_mcu7t5v0__dlyb_1)
     3    0.019403    0.545196    1.595517   44.113659 ^ fanout37/Z (gf180mcu_fd_sc_mcu7t5v0__dlyb_1)
                                                         net37 (net)
                      0.545196    0.000384   44.114044 ^ load_slew40/I (gf180mcu_fd_sc_mcu7t5v0__clkbuf_2)
     3    0.026673    0.367667    0.542602   44.656647 ^ load_slew40/Z (gf180mcu_fd_sc_mcu7t5v0__clkbuf_2)
                                                         net40 (net)
                      0.367669    0.001204   44.657848 ^ load_slew38/I (gf180mcu_fd_sc_mcu7t5v0__clkbuf_2)
     3    0.027933    0.379212    0.517218   45.175068 ^ load_slew38/Z (gf180mcu_fd_sc_mcu7t5v0__clkbuf_2)
                                                         net38 (net)
                      0.379214    0.001489   45.176556 ^ _239_/RN (gf180mcu_fd_sc_mcu7t5v0__dffrnq_1)
                                             45.176556   data arrival time

                                200.000000  200.000000   clock clk (rise edge)
                                  0.000000  200.000000   clock source latency
     1    0.043337    0.298221    0.151559  200.151550 ^ clk (in)
                                                         clk (net)
                      0.298224    0.000000  200.151550 ^ clkbuf_0_clk/I (gf180mcu_fd_sc_mcu7t5v0__clkbuf_16)
     8    0.200996    0.354491    0.506944  200.658493 ^ clkbuf_0_clk/Z (gf180mcu_fd_sc_mcu7t5v0__clkbuf_16)
                                                         clknet_0_clk (net)
                      0.354508    0.003752  200.662247 ^ clkbuf_3_0__f_clk/I (gf180mcu_fd_sc_mcu7t5v0__clkbuf_16)
     6    0.036406    0.141994    0.368644  201.030899 ^ clkbuf_3_0__f_clk/Z (gf180mcu_fd_sc_mcu7t5v0__clkbuf_16)
                                                         clknet_3_0__leaf_clk (net)
                      0.141995    0.000668  201.031555 ^ _239_/CLK (gf180mcu_fd_sc_mcu7t5v0__dffrnq_1)
                                 -0.250000  200.781555   clock uncertainty
                                  0.000000  200.781555   clock reconvergence pessimism
                                  0.348171  201.129730   library recovery time
                                            201.129730   data required time
---------------------------------------------------------------------------------------------
                                            201.129730   data required time
                                            -45.176556   data arrival time
---------------------------------------------------------------------------------------------
                                            155.953171   slack (MET)


Startpoint: rst_n (input port clocked by clk)
Endpoint: _240_ (recovery check against rising-edge clock clk)
Path Group: asynchronous
Path Type: max

Fanout         Cap        Slew       Delay        Time   Description
---------------------------------------------------------------------------------------------
                                  0.000000    0.000000   clock clk (rise edge)
                                  0.000000    0.000000   clock network delay (propagated)
                                 40.000000   40.000000 ^ input external delay
     1    0.005798    0.204653    0.080476   40.080479 ^ rst_n (in)
                                                         rst_n (net)
                      0.204653    0.000000   40.080479 ^ input4/I (gf180mcu_fd_sc_mcu7t5v0__buf_1)
     1    0.007822    0.262059    0.347917   40.428394 ^ input4/Z (gf180mcu_fd_sc_mcu7t5v0__buf_1)
                                                         net4 (net)
                      0.262059    0.000366   40.428761 ^ fanout49/I (gf180mcu_fd_sc_mcu7t5v0__dlyb_1)
     1    0.007555    0.292947    1.383430   41.812191 ^ fanout49/Z (gf180mcu_fd_sc_mcu7t5v0__dlyb_1)
                                                         net49 (net)
                      0.292947    0.000373   41.812565 ^ wire51/I (gf180mcu_fd_sc_mcu7t5v0__buf_1)
     4    0.032790    0.828461    0.704684   42.517246 ^ wire51/Z (gf180mcu_fd_sc_mcu7t5v0__buf_1)
                                                         net51 (net)
                      0.828464    0.000895   42.518143 ^ fanout37/I (gf180mcu_fd_sc_mcu7t5v0__dlyb_1)
     3    0.019403    0.545196    1.595517   44.113659 ^ fanout37/Z (gf180mcu_fd_sc_mcu7t5v0__dlyb_1)
                                                         net37 (net)
                      0.545196    0.000384   44.114044 ^ load_slew40/I (gf180mcu_fd_sc_mcu7t5v0__clkbuf_2)
     3    0.026673    0.367667    0.542602   44.656647 ^ load_slew40/Z (gf180mcu_fd_sc_mcu7t5v0__clkbuf_2)
                                                         net40 (net)
                      0.367669    0.001204   44.657848 ^ load_slew38/I (gf180mcu_fd_sc_mcu7t5v0__clkbuf_2)
     3    0.027933    0.379212    0.517218   45.175068 ^ load_slew38/Z (gf180mcu_fd_sc_mcu7t5v0__clkbuf_2)
                                                         net38 (net)
                      0.379214    0.001485   45.176552 ^ _240_/RN (gf180mcu_fd_sc_mcu7t5v0__dffrnq_1)
                                             45.176552   data arrival time

                                200.000000  200.000000   clock clk (rise edge)
                                  0.000000  200.000000   clock source latency
     1    0.043337    0.298221    0.151559  200.151550 ^ clk (in)
                                                         clk (net)
                      0.298224    0.000000  200.151550 ^ clkbuf_0_clk/I (gf180mcu_fd_sc_mcu7t5v0__clkbuf_16)
     8    0.200996    0.354491    0.506944  200.658493 ^ clkbuf_0_clk/Z (gf180mcu_fd_sc_mcu7t5v0__clkbuf_16)
                                                         clknet_0_clk (net)
                      0.354508    0.003752  200.662247 ^ clkbuf_3_0__f_clk/I (gf180mcu_fd_sc_mcu7t5v0__clkbuf_16)
     6    0.036406    0.141994    0.368644  201.030899 ^ clkbuf_3_0__f_clk/Z (gf180mcu_fd_sc_mcu7t5v0__clkbuf_16)
                                                         clknet_3_0__leaf_clk (net)
                      0.141999    0.001336  201.032227 ^ _240_/CLK (gf180mcu_fd_sc_mcu7t5v0__dffrnq_1)
                                 -0.250000  200.782227   clock uncertainty
                                  0.000000  200.782227   clock reconvergence pessimism
                                  0.348172  201.130402   library recovery time
                                            201.130402   data required time
---------------------------------------------------------------------------------------------
                                            201.130402   data required time
                                            -45.176552   data arrival time
---------------------------------------------------------------------------------------------
                                            155.953842   slack (MET)


Startpoint: rst_n (input port clocked by clk)
Endpoint: _242_ (recovery check against rising-edge clock clk)
Path Group: asynchronous
Path Type: max

Fanout         Cap        Slew       Delay        Time   Description
---------------------------------------------------------------------------------------------
                                  0.000000    0.000000   clock clk (rise edge)
                                  0.000000    0.000000   clock network delay (propagated)
                                 40.000000   40.000000 ^ input external delay
     1    0.005798    0.204653    0.080476   40.080479 ^ rst_n (in)
                                                         rst_n (net)
                      0.204653    0.000000   40.080479 ^ input4/I (gf180mcu_fd_sc_mcu7t5v0__buf_1)
     1    0.007822    0.262059    0.347917   40.428394 ^ input4/Z (gf180mcu_fd_sc_mcu7t5v0__buf_1)
                                                         net4 (net)
                      0.262059    0.000366   40.428761 ^ fanout49/I (gf180mcu_fd_sc_mcu7t5v0__dlyb_1)
     1    0.007555    0.292947    1.383430   41.812191 ^ fanout49/Z (gf180mcu_fd_sc_mcu7t5v0__dlyb_1)
                                                         net49 (net)
                      0.292947    0.000373   41.812565 ^ wire51/I (gf180mcu_fd_sc_mcu7t5v0__buf_1)
     4    0.032790    0.828461    0.704684   42.517246 ^ wire51/Z (gf180mcu_fd_sc_mcu7t5v0__buf_1)
                                                         net51 (net)
                      0.828464    0.000895   42.518143 ^ fanout37/I (gf180mcu_fd_sc_mcu7t5v0__dlyb_1)
     3    0.019403    0.545196    1.595517   44.113659 ^ fanout37/Z (gf180mcu_fd_sc_mcu7t5v0__dlyb_1)
                                                         net37 (net)
                      0.545196    0.000384   44.114044 ^ load_slew40/I (gf180mcu_fd_sc_mcu7t5v0__clkbuf_2)
     3    0.026673    0.367667    0.542602   44.656647 ^ load_slew40/Z (gf180mcu_fd_sc_mcu7t5v0__clkbuf_2)
                                                         net40 (net)
                      0.367669    0.001204   44.657848 ^ load_slew38/I (gf180mcu_fd_sc_mcu7t5v0__clkbuf_2)
     3    0.027933    0.379212    0.517218   45.175068 ^ load_slew38/Z (gf180mcu_fd_sc_mcu7t5v0__clkbuf_2)
                                                         net38 (net)
                      0.379214    0.001485   45.176552 ^ _242_/RN (gf180mcu_fd_sc_mcu7t5v0__dffrnq_1)
                                             45.176552   data arrival time

                                200.000000  200.000000   clock clk (rise edge)
                                  0.000000  200.000000   clock source latency
     1    0.043337    0.298221    0.151559  200.151550 ^ clk (in)
                                                         clk (net)
                      0.298224    0.000000  200.151550 ^ clkbuf_0_clk/I (gf180mcu_fd_sc_mcu7t5v0__clkbuf_16)
     8    0.200996    0.354491    0.506944  200.658493 ^ clkbuf_0_clk/Z (gf180mcu_fd_sc_mcu7t5v0__clkbuf_16)
                                                         clknet_0_clk (net)
                      0.354508    0.003752  200.662247 ^ clkbuf_3_0__f_clk/I (gf180mcu_fd_sc_mcu7t5v0__clkbuf_16)
     6    0.036406    0.141994    0.368644  201.030899 ^ clkbuf_3_0__f_clk/Z (gf180mcu_fd_sc_mcu7t5v0__clkbuf_16)
                                                         clknet_3_0__leaf_clk (net)
                      0.141999    0.001336  201.032227 ^ _242_/CLK (gf180mcu_fd_sc_mcu7t5v0__dffrnq_1)
                                 -0.250000  200.782227   clock uncertainty
                                  0.000000  200.782227   clock reconvergence pessimism
                                  0.348172  201.130402   library recovery time
                                            201.130402   data required time
---------------------------------------------------------------------------------------------
                                            201.130402   data required time
                                            -45.176552   data arrival time
---------------------------------------------------------------------------------------------
                                            155.953842   slack (MET)


Startpoint: soft_rst_n (input port clocked by clk)
Endpoint: _230_ (rising edge-triggered flip-flop clocked by clk)
Path Group: clk
Path Type: max

Fanout         Cap        Slew       Delay        Time   Description
---------------------------------------------------------------------------------------------
                                  0.000000    0.000000   clock clk (rise edge)
                                  0.000000    0.000000   clock network delay (propagated)
                                 40.000000   40.000000 ^ input external delay
     1    0.006252    0.215082    0.086668   40.086670 ^ soft_rst_n (in)
                                                         soft_rst_n (net)
                      0.215082    0.000000   40.086670 ^ input5/I (gf180mcu_fd_sc_mcu7t5v0__buf_1)
     5    0.032357    0.818064    0.682249   40.768917 ^ input5/Z (gf180mcu_fd_sc_mcu7t5v0__buf_1)
                                                         net5 (net)
                      0.818069    0.001180   40.770100 ^ fanout29/I (gf180mcu_fd_sc_mcu7t5v0__dlyb_1)
     2    0.010505    0.352987    1.471214   42.241314 ^ fanout29/Z (gf180mcu_fd_sc_mcu7t5v0__dlyb_1)
                                                         net29 (net)
                      0.352987    0.000455   42.241768 ^ wire32/I (gf180mcu_fd_sc_mcu7t5v0__buf_1)
     4    0.031283    0.793815    0.691117   42.932884 ^ wire32/Z (gf180mcu_fd_sc_mcu7t5v0__buf_1)
                                                         net32 (net)
                      0.793820    0.001172   42.934055 ^ _152_/A1 (gf180mcu_fd_sc_mcu7t5v0__nand2_1)
     5    0.036324    0.878402    0.657003   43.591061 v _152_/ZN (gf180mcu_fd_sc_mcu7t5v0__nand2_1)
                                                         _061_ (net)
                      0.878408    0.001258   43.592316 v _154_/A1 (gf180mcu_fd_sc_mcu7t5v0__nor2_1)
     1    0.006289    0.521032    0.511946   44.104263 ^ _154_/ZN (gf180mcu_fd_sc_mcu7t5v0__nor2_1)
                                                         _017_ (net)
                      0.521032    0.000298   44.104561 ^ _230_/D (gf180mcu_fd_sc_mcu7t5v0__dffrnq_1)
                                             44.104561   data arrival time

                                200.000000  200.000000   clock clk (rise edge)
                                  0.000000  200.000000   clock source latency
     1    0.043337    0.298221    0.151559  200.151550 ^ clk (in)
                                                         clk (net)
                      0.298224    0.000000  200.151550 ^ clkbuf_0_clk/I (gf180mcu_fd_sc_mcu7t5v0__clkbuf_16)
     8    0.200996    0.354491    0.506944  200.658493 ^ clkbuf_0_clk/Z (gf180mcu_fd_sc_mcu7t5v0__clkbuf_16)
                                                         clknet_0_clk (net)
                      0.354528    0.005457  200.663956 ^ clkbuf_3_1__f_clk/I (gf180mcu_fd_sc_mcu7t5v0__clkbuf_16)
     6    0.038427    0.144642    0.370903  201.034851 ^ clkbuf_3_1__f_clk/Z (gf180mcu_fd_sc_mcu7t5v0__clkbuf_16)
                                                         clknet_3_1__leaf_clk (net)
                      0.144646    0.001393  201.036255 ^ _230_/CLK (gf180mcu_fd_sc_mcu7t5v0__dffrnq_1)
                                 -0.250000  200.786255   clock uncertainty
                                  0.000000  200.786255   clock reconvergence pessimism
                                 -0.525171  200.261078   library setup time
                                            200.261078   data required time
---------------------------------------------------------------------------------------------
                                            200.261078   data required time
                                            -44.104561   data arrival time
---------------------------------------------------------------------------------------------
                                            156.156525   slack (MET)


Startpoint: rst_n (input port clocked by clk)
Endpoint: _253_ (recovery check against rising-edge clock clk)
Path Group: asynchronous
Path Type: max

Fanout         Cap        Slew       Delay        Time   Description
---------------------------------------------------------------------------------------------
                                  0.000000    0.000000   clock clk (rise edge)
                                  0.000000    0.000000   clock network delay (propagated)
                                 40.000000   40.000000 ^ input external delay
     1    0.005798    0.204653    0.080476   40.080479 ^ rst_n (in)
                                                         rst_n (net)
                      0.204653    0.000000   40.080479 ^ input4/I (gf180mcu_fd_sc_mcu7t5v0__buf_1)
     1    0.007822    0.262059    0.347917   40.428394 ^ input4/Z (gf180mcu_fd_sc_mcu7t5v0__buf_1)
                                                         net4 (net)
                      0.262059    0.000366   40.428761 ^ fanout49/I (gf180mcu_fd_sc_mcu7t5v0__dlyb_1)
     1    0.007555    0.292947    1.383430   41.812191 ^ fanout49/Z (gf180mcu_fd_sc_mcu7t5v0__dlyb_1)
                                                         net49 (net)
                      0.292947    0.000373   41.812565 ^ wire51/I (gf180mcu_fd_sc_mcu7t5v0__buf_1)
     4    0.032790    0.828461    0.704684   42.517246 ^ wire51/Z (gf180mcu_fd_sc_mcu7t5v0__buf_1)
                                                         net51 (net)
                      0.828461    0.000600   42.517849 ^ fanout45/I (gf180mcu_fd_sc_mcu7t5v0__dlyb_1)
     3    0.025288    0.672159    1.675495   44.193344 ^ fanout45/Z (gf180mcu_fd_sc_mcu7t5v0__dlyb_1)
                                                         net45 (net)
                      0.672163    0.001108   44.194450 ^ load_slew48/I (gf180mcu_fd_sc_mcu7t5v0__clkbuf_1)
     3    0.023184    0.599531    0.621526   44.815979 ^ load_slew48/Z (gf180mcu_fd_sc_mcu7t5v0__clkbuf_1)
                                                         net48 (net)
                      0.599539    0.001247   44.817226 ^ _253_/RN (gf180mcu_fd_sc_mcu7t5v0__dffrnq_1)
                                             44.817226   data arrival time

                                200.000000  200.000000   clock clk (rise edge)
                                  0.000000  200.000000   clock source latency
     1    0.043337    0.298221    0.151559  200.151550 ^ clk (in)
                                                         clk (net)
                      0.298224    0.000000  200.151550 ^ clkbuf_0_clk/I (gf180mcu_fd_sc_mcu7t5v0__clkbuf_16)
     8    0.200996    0.354491    0.506944  200.658493 ^ clkbuf_0_clk/Z (gf180mcu_fd_sc_mcu7t5v0__clkbuf_16)
                                                         clknet_0_clk (net)
                      0.354516    0.004519  200.663010 ^ clkbuf_3_5__f_clk/I (gf180mcu_fd_sc_mcu7t5v0__clkbuf_16)
     6    0.034167    0.139054    0.366043  201.029053 ^ clkbuf_3_5__f_clk/Z (gf180mcu_fd_sc_mcu7t5v0__clkbuf_16)
                                                         clknet_3_5__leaf_clk (net)
                      0.139058    0.001208  201.030273 ^ _253_/CLK (gf180mcu_fd_sc_mcu7t5v0__dffrnq_1)
                                 -0.250000  200.780273   clock uncertainty
                                  0.000000  200.780273   clock reconvergence pessimism
                                  0.341915  201.122177   library recovery time
                                            201.122177   data required time
---------------------------------------------------------------------------------------------
                                            201.122177   data required time
                                            -44.817226   data arrival time
---------------------------------------------------------------------------------------------
                                            156.304947   slack (MET)


Startpoint: rst_n (input port clocked by clk)
Endpoint: _254_ (recovery check against rising-edge clock clk)
Path Group: asynchronous
Path Type: max

Fanout         Cap        Slew       Delay        Time   Description
---------------------------------------------------------------------------------------------
                                  0.000000    0.000000   clock clk (rise edge)
                                  0.000000    0.000000   clock network delay (propagated)
                                 40.000000   40.000000 ^ input external delay
     1    0.005798    0.204653    0.080476   40.080479 ^ rst_n (in)
                                                         rst_n (net)
                      0.204653    0.000000   40.080479 ^ input4/I (gf180mcu_fd_sc_mcu7t5v0__buf_1)
     1    0.007822    0.262059    0.347917   40.428394 ^ input4/Z (gf180mcu_fd_sc_mcu7t5v0__buf_1)
                                                         net4 (net)
                      0.262059    0.000366   40.428761 ^ fanout49/I (gf180mcu_fd_sc_mcu7t5v0__dlyb_1)
     1    0.007555    0.292947    1.383430   41.812191 ^ fanout49/Z (gf180mcu_fd_sc_mcu7t5v0__dlyb_1)
                                                         net49 (net)
                      0.292947    0.000373   41.812565 ^ wire51/I (gf180mcu_fd_sc_mcu7t5v0__buf_1)
     4    0.032790    0.828461    0.704684   42.517246 ^ wire51/Z (gf180mcu_fd_sc_mcu7t5v0__buf_1)
                                                         net51 (net)
                      0.828461    0.000600   42.517849 ^ fanout45/I (gf180mcu_fd_sc_mcu7t5v0__dlyb_1)
     3    0.025288    0.672159    1.675495   44.193344 ^ fanout45/Z (gf180mcu_fd_sc_mcu7t5v0__dlyb_1)
                                                         net45 (net)
                      0.672163    0.001108   44.194450 ^ load_slew48/I (gf180mcu_fd_sc_mcu7t5v0__clkbuf_1)
     3    0.023184    0.599531    0.621526   44.815979 ^ load_slew48/Z (gf180mcu_fd_sc_mcu7t5v0__clkbuf_1)
                                                         net48 (net)
                      0.599539    0.001243   44.817223 ^ _254_/RN (gf180mcu_fd_sc_mcu7t5v0__dffrnq_1)
                                             44.817223   data arrival time

                                200.000000  200.000000   clock clk (rise edge)
                                  0.000000  200.000000   clock source latency
     1    0.043337    0.298221    0.151559  200.151550 ^ clk (in)
                                                         clk (net)
                      0.298224    0.000000  200.151550 ^ clkbuf_0_clk/I (gf180mcu_fd_sc_mcu7t5v0__clkbuf_16)
     8    0.200996    0.354491    0.506944  200.658493 ^ clkbuf_0_clk/Z (gf180mcu_fd_sc_mcu7t5v0__clkbuf_16)
                                                         clknet_0_clk (net)
                      0.354516    0.004519  200.663010 ^ clkbuf_3_5__f_clk/I (gf180mcu_fd_sc_mcu7t5v0__clkbuf_16)
     6    0.034167    0.139054    0.366043  201.029053 ^ clkbuf_3_5__f_clk/Z (gf180mcu_fd_sc_mcu7t5v0__clkbuf_16)
                                                         clknet_3_5__leaf_clk (net)
                      0.139058    0.001208  201.030273 ^ _254_/CLK (gf180mcu_fd_sc_mcu7t5v0__dffrnq_1)
                                 -0.250000  200.780273   clock uncertainty
                                  0.000000  200.780273   clock reconvergence pessimism
                                  0.341915  201.122177   library recovery time
                                            201.122177   data required time
---------------------------------------------------------------------------------------------
                                            201.122177   data required time
                                            -44.817223   data arrival time
---------------------------------------------------------------------------------------------
                                            156.304962   slack (MET)


Startpoint: rst_n (input port clocked by clk)
Endpoint: _237_ (recovery check against rising-edge clock clk)
Path Group: asynchronous
Path Type: max

Fanout         Cap        Slew       Delay        Time   Description
---------------------------------------------------------------------------------------------
                                  0.000000    0.000000   clock clk (rise edge)
                                  0.000000    0.000000   clock network delay (propagated)
                                 40.000000   40.000000 ^ input external delay
     1    0.005798    0.204653    0.080476   40.080479 ^ rst_n (in)
                                                         rst_n (net)
                      0.204653    0.000000   40.080479 ^ input4/I (gf180mcu_fd_sc_mcu7t5v0__buf_1)
     1    0.007822    0.262059    0.347917   40.428394 ^ input4/Z (gf180mcu_fd_sc_mcu7t5v0__buf_1)
                                                         net4 (net)
                      0.262059    0.000366   40.428761 ^ fanout49/I (gf180mcu_fd_sc_mcu7t5v0__dlyb_1)
     1    0.007555    0.292947    1.383430   41.812191 ^ fanout49/Z (gf180mcu_fd_sc_mcu7t5v0__dlyb_1)
                                                         net49 (net)
                      0.292947    0.000373   41.812565 ^ wire51/I (gf180mcu_fd_sc_mcu7t5v0__buf_1)
     4    0.032790    0.828461    0.704684   42.517246 ^ wire51/Z (gf180mcu_fd_sc_mcu7t5v0__buf_1)
                                                         net51 (net)
                      0.828465    0.000991   42.518238 ^ fanout41/I (gf180mcu_fd_sc_mcu7t5v0__dlyb_1)
     4    0.030787    0.793560    1.750401   44.268639 ^ fanout41/Z (gf180mcu_fd_sc_mcu7t5v0__dlyb_1)
                                                         net41 (net)
                      0.793562    0.000988   44.269627 ^ load_slew43/I (gf180mcu_fd_sc_mcu7t5v0__buf_2)
     3    0.030962    0.413246    0.500613   44.770241 ^ load_slew43/Z (gf180mcu_fd_sc_mcu7t5v0__buf_2)
                                                         net43 (net)
                      0.413248    0.001236   44.771477 ^ _237_/RN (gf180mcu_fd_sc_mcu7t5v0__dffrnq_1)
                                             44.771477   data arrival time

                                200.000000  200.000000   clock clk (rise edge)
                                  0.000000  200.000000   clock source latency
     1    0.043337    0.298221    0.151559  200.151550 ^ clk (in)
                                                         clk (net)
                      0.298224    0.000000  200.151550 ^ clkbuf_0_clk/I (gf180mcu_fd_sc_mcu7t5v0__clkbuf_16)
     8    0.200996    0.354491    0.506944  200.658493 ^ clkbuf_0_clk/Z (gf180mcu_fd_sc_mcu7t5v0__clkbuf_16)
                                                         clknet_0_clk (net)
                      0.354508    0.003737  200.662231 ^ clkbuf_3_7__f_clk/I (gf180mcu_fd_sc_mcu7t5v0__clkbuf_16)
     6    0.032478    0.136836    0.364082  201.026321 ^ clkbuf_3_7__f_clk/Z (gf180mcu_fd_sc_mcu7t5v0__clkbuf_16)
                                                         clknet_3_7__leaf_clk (net)
                      0.136839    0.001194  201.027512 ^ _237_/CLK (gf180mcu_fd_sc_mcu7t5v0__dffrnq_1)
                                 -0.250000  200.777512   clock uncertainty
                                  0.000000  200.777512   clock reconvergence pessimism
                                  0.345818  201.123337   library recovery time
                                            201.123337   data required time
---------------------------------------------------------------------------------------------
                                            201.123337   data required time
                                            -44.771477   data arrival time
---------------------------------------------------------------------------------------------
                                            156.351868   slack (MET)


Startpoint: rst_n (input port clocked by clk)
Endpoint: _248_ (recovery check against rising-edge clock clk)
Path Group: asynchronous
Path Type: max

Fanout         Cap        Slew       Delay        Time   Description
---------------------------------------------------------------------------------------------
                                  0.000000    0.000000   clock clk (rise edge)
                                  0.000000    0.000000   clock network delay (propagated)
                                 40.000000   40.000000 ^ input external delay
     1    0.005798    0.204653    0.080476   40.080479 ^ rst_n (in)
                                                         rst_n (net)
                      0.204653    0.000000   40.080479 ^ input4/I (gf180mcu_fd_sc_mcu7t5v0__buf_1)
     1    0.007822    0.262059    0.347917   40.428394 ^ input4/Z (gf180mcu_fd_sc_mcu7t5v0__buf_1)
                                                         net4 (net)
                      0.262059    0.000366   40.428761 ^ fanout49/I (gf180mcu_fd_sc_mcu7t5v0__dlyb_1)
     1    0.007555    0.292947    1.383430   41.812191 ^ fanout49/Z (gf180mcu_fd_sc_mcu7t5v0__dlyb_1)
                                                         net49 (net)
                      0.292947    0.000373   41.812565 ^ wire51/I (gf180mcu_fd_sc_mcu7t5v0__buf_1)
     4    0.032790    0.828461    0.704684   42.517246 ^ wire51/Z (gf180mcu_fd_sc_mcu7t5v0__buf_1)
                                                         net51 (net)
                      0.828465    0.000991   42.518238 ^ fanout41/I (gf180mcu_fd_sc_mcu7t5v0__dlyb_1)
     4    0.030787    0.793560    1.750401   44.268639 ^ fanout41/Z (gf180mcu_fd_sc_mcu7t5v0__dlyb_1)
                                                         net41 (net)
                      0.793562    0.000988   44.269627 ^ load_slew43/I (gf180mcu_fd_sc_mcu7t5v0__buf_2)
     3    0.030962    0.413246    0.500613   44.770241 ^ load_slew43/Z (gf180mcu_fd_sc_mcu7t5v0__buf_2)
                                                         net43 (net)
                      0.413247    0.000639   44.770882 ^ _248_/RN (gf180mcu_fd_sc_mcu7t5v0__dffrnq_1)
                                             44.770882   data arrival time

                                200.000000  200.000000   clock clk (rise edge)
                                  0.000000  200.000000   clock source latency
     1    0.043337    0.298221    0.151559  200.151550 ^ clk (in)
                                                         clk (net)
                      0.298224    0.000000  200.151550 ^ clkbuf_0_clk/I (gf180mcu_fd_sc_mcu7t5v0__clkbuf_16)
     8    0.200996    0.354491    0.506944  200.658493 ^ clkbuf_0_clk/Z (gf180mcu_fd_sc_mcu7t5v0__clkbuf_16)
                                                         clknet_0_clk (net)
                      0.354508    0.003737  200.662231 ^ clkbuf_3_7__f_clk/I (gf180mcu_fd_sc_mcu7t5v0__clkbuf_16)
     6    0.032478    0.136836    0.364082  201.026321 ^ clkbuf_3_7__f_clk/Z (gf180mcu_fd_sc_mcu7t5v0__clkbuf_16)
                                                         clknet_3_7__leaf_clk (net)
                      0.136839    0.001194  201.027512 ^ _248_/CLK (gf180mcu_fd_sc_mcu7t5v0__dffrnq_1)
                                 -0.250000  200.777512   clock uncertainty
                                  0.000000  200.777512   clock reconvergence pessimism
                                  0.345818  201.123337   library recovery time
                                            201.123337   data required time
---------------------------------------------------------------------------------------------
                                            201.123337   data required time
                                            -44.770882   data arrival time
---------------------------------------------------------------------------------------------
                                            156.352463   slack (MET)


Startpoint: rst_n (input port clocked by clk)
Endpoint: _238_ (recovery check against rising-edge clock clk)
Path Group: asynchronous
Path Type: max

Fanout         Cap        Slew       Delay        Time   Description
---------------------------------------------------------------------------------------------
                                  0.000000    0.000000   clock clk (rise edge)
                                  0.000000    0.000000   clock network delay (propagated)
                                 40.000000   40.000000 ^ input external delay
     1    0.005798    0.204653    0.080476   40.080479 ^ rst_n (in)
                                                         rst_n (net)
                      0.204653    0.000000   40.080479 ^ input4/I (gf180mcu_fd_sc_mcu7t5v0__buf_1)
     1    0.007822    0.262059    0.347917   40.428394 ^ input4/Z (gf180mcu_fd_sc_mcu7t5v0__buf_1)
                                                         net4 (net)
                      0.262059    0.000366   40.428761 ^ fanout49/I (gf180mcu_fd_sc_mcu7t5v0__dlyb_1)
     1    0.007555    0.292947    1.383430   41.812191 ^ fanout49/Z (gf180mcu_fd_sc_mcu7t5v0__dlyb_1)
                                                         net49 (net)
                      0.292947    0.000373   41.812565 ^ wire51/I (gf180mcu_fd_sc_mcu7t5v0__buf_1)
     4    0.032790    0.828461    0.704684   42.517246 ^ wire51/Z (gf180mcu_fd_sc_mcu7t5v0__buf_1)
                                                         net51 (net)
                      0.828465    0.000991   42.518238 ^ fanout41/I (gf180mcu_fd_sc_mcu7t5v0__dlyb_1)
     4    0.030787    0.793560    1.750401   44.268639 ^ fanout41/Z (gf180mcu_fd_sc_mcu7t5v0__dlyb_1)
                                                         net41 (net)
                      0.793562    0.000988   44.269627 ^ load_slew43/I (gf180mcu_fd_sc_mcu7t5v0__buf_2)
     3    0.030962    0.413246    0.500613   44.770241 ^ load_slew43/Z (gf180mcu_fd_sc_mcu7t5v0__buf_2)
                                                         net43 (net)
                      0.413248    0.001236   44.771477 ^ _238_/RN (gf180mcu_fd_sc_mcu7t5v0__dffrnq_1)
                                             44.771477   data arrival time

                                200.000000  200.000000   clock clk (rise edge)
                                  0.000000  200.000000   clock source latency
     1    0.043337    0.298221    0.151559  200.151550 ^ clk (in)
                                                         clk (net)
                      0.298224    0.000000  200.151550 ^ clkbuf_0_clk/I (gf180mcu_fd_sc_mcu7t5v0__clkbuf_16)
     8    0.200996    0.354491    0.506944  200.658493 ^ clkbuf_0_clk/Z (gf180mcu_fd_sc_mcu7t5v0__clkbuf_16)
                                                         clknet_0_clk (net)
                      0.354528    0.005457  200.663956 ^ clkbuf_3_1__f_clk/I (gf180mcu_fd_sc_mcu7t5v0__clkbuf_16)
     6    0.038427    0.144642    0.370903  201.034851 ^ clkbuf_3_1__f_clk/Z (gf180mcu_fd_sc_mcu7t5v0__clkbuf_16)
                                                         clknet_3_1__leaf_clk (net)
                      0.144646    0.001435  201.036285 ^ _238_/CLK (gf180mcu_fd_sc_mcu7t5v0__dffrnq_1)
                                 -0.250000  200.786301   clock uncertainty
                                  0.000000  200.786301   clock reconvergence pessimism
                                  0.348121  201.134415   library recovery time
                                            201.134415   data required time
---------------------------------------------------------------------------------------------
                                            201.134415   data required time
                                            -44.771477   data arrival time
---------------------------------------------------------------------------------------------
                                            156.362946   slack (MET)


Startpoint: rst_n (input port clocked by clk)
Endpoint: _245_ (recovery check against rising-edge clock clk)
Path Group: asynchronous
Path Type: max

Fanout         Cap        Slew       Delay        Time   Description
---------------------------------------------------------------------------------------------
                                  0.000000    0.000000   clock clk (rise edge)
                                  0.000000    0.000000   clock network delay (propagated)
                                 40.000000   40.000000 ^ input external delay
     1    0.005798    0.204653    0.080476   40.080479 ^ rst_n (in)
                                                         rst_n (net)
                      0.204653    0.000000   40.080479 ^ input4/I (gf180mcu_fd_sc_mcu7t5v0__buf_1)
     1    0.007822    0.262059    0.347917   40.428394 ^ input4/Z (gf180mcu_fd_sc_mcu7t5v0__buf_1)
                                                         net4 (net)
                      0.262059    0.000366   40.428761 ^ fanout49/I (gf180mcu_fd_sc_mcu7t5v0__dlyb_1)
     1    0.007555    0.292947    1.383430   41.812191 ^ fanout49/Z (gf180mcu_fd_sc_mcu7t5v0__dlyb_1)
                                                         net49 (net)
                      0.292947    0.000373   41.812565 ^ wire51/I (gf180mcu_fd_sc_mcu7t5v0__buf_1)
     4    0.032790    0.828461    0.704684   42.517246 ^ wire51/Z (gf180mcu_fd_sc_mcu7t5v0__buf_1)
                                                         net51 (net)
                      0.828465    0.000991   42.518238 ^ fanout41/I (gf180mcu_fd_sc_mcu7t5v0__dlyb_1)
     4    0.030787    0.793560    1.750401   44.268639 ^ fanout41/Z (gf180mcu_fd_sc_mcu7t5v0__dlyb_1)
                                                         net41 (net)
                      0.793562    0.000981   44.269619 ^ load_slew44/I (gf180mcu_fd_sc_mcu7t5v0__buf_2)
     3    0.024947    0.344743    0.460158   44.729778 ^ load_slew44/Z (gf180mcu_fd_sc_mcu7t5v0__buf_2)
                                                         net44 (net)
                      0.344745    0.001201   44.730980 ^ _245_/RN (gf180mcu_fd_sc_mcu7t5v0__dffrnq_1)
                                             44.730980   data arrival time

                                200.000000  200.000000   clock clk (rise edge)
                                  0.000000  200.000000   clock source latency
     1    0.043337    0.298221    0.151559  200.151550 ^ clk (in)
                                                         clk (net)
                      0.298224    0.000000  200.151550 ^ clkbuf_0_clk/I (gf180mcu_fd_sc_mcu7t5v0__clkbuf_16)
     8    0.200996    0.354491    0.506944  200.658493 ^ clkbuf_0_clk/Z (gf180mcu_fd_sc_mcu7t5v0__clkbuf_16)
                                                         clknet_0_clk (net)
                      0.354508    0.003737  200.662231 ^ clkbuf_3_7__f_clk/I (gf180mcu_fd_sc_mcu7t5v0__clkbuf_16)
     6    0.032478    0.136836    0.364082  201.026321 ^ clkbuf_3_7__f_clk/Z (gf180mcu_fd_sc_mcu7t5v0__clkbuf_16)
                                                         clknet_3_7__leaf_clk (net)
                      0.136836    0.000597  201.026917 ^ _245_/CLK (gf180mcu_fd_sc_mcu7t5v0__dffrnq_1)
                                 -0.250000  200.776917   clock uncertainty
                                  0.000000  200.776917   clock reconvergence pessimism
                                  0.347495  201.124420   library recovery time
                                            201.124420   data required time
---------------------------------------------------------------------------------------------
                                            201.124420   data required time
                                            -44.730980   data arrival time
---------------------------------------------------------------------------------------------
                                            156.393433   slack (MET)


Startpoint: rst_n (input port clocked by clk)
Endpoint: _244_ (recovery check against rising-edge clock clk)
Path Group: asynchronous
Path Type: max

Fanout         Cap        Slew       Delay        Time   Description
---------------------------------------------------------------------------------------------
                                  0.000000    0.000000   clock clk (rise edge)
                                  0.000000    0.000000   clock network delay (propagated)
                                 40.000000   40.000000 ^ input external delay
     1    0.005798    0.204653    0.080476   40.080479 ^ rst_n (in)
                                                         rst_n (net)
                      0.204653    0.000000   40.080479 ^ input4/I (gf180mcu_fd_sc_mcu7t5v0__buf_1)
     1    0.007822    0.262059    0.347917   40.428394 ^ input4/Z (gf180mcu_fd_sc_mcu7t5v0__buf_1)
                                                         net4 (net)
                      0.262059    0.000366   40.428761 ^ fanout49/I (gf180mcu_fd_sc_mcu7t5v0__dlyb_1)
     1    0.007555    0.292947    1.383430   41.812191 ^ fanout49/Z (gf180mcu_fd_sc_mcu7t5v0__dlyb_1)
                                                         net49 (net)
                      0.292947    0.000373   41.812565 ^ wire51/I (gf180mcu_fd_sc_mcu7t5v0__buf_1)
     4    0.032790    0.828461    0.704684   42.517246 ^ wire51/Z (gf180mcu_fd_sc_mcu7t5v0__buf_1)
                                                         net51 (net)
                      0.828465    0.000991   42.518238 ^ fanout41/I (gf180mcu_fd_sc_mcu7t5v0__dlyb_1)
     4    0.030787    0.793560    1.750401   44.268639 ^ fanout41/Z (gf180mcu_fd_sc_mcu7t5v0__dlyb_1)
                                                         net41 (net)
                      0.793562    0.000981   44.269619 ^ load_slew44/I (gf180mcu_fd_sc_mcu7t5v0__buf_2)
     3    0.024947    0.344743    0.460158   44.729778 ^ load_slew44/Z (gf180mcu_fd_sc_mcu7t5v0__buf_2)
                                                         net44 (net)
                      0.344745    0.001201   44.730980 ^ _244_/RN (gf180mcu_fd_sc_mcu7t5v0__dffrnq_1)
                                             44.730980   data arrival time

                                200.000000  200.000000   clock clk (rise edge)
                                  0.000000  200.000000   clock source latency
     1    0.043337    0.298221    0.151559  200.151550 ^ clk (in)
                                                         clk (net)
                      0.298224    0.000000  200.151550 ^ clkbuf_0_clk/I (gf180mcu_fd_sc_mcu7t5v0__clkbuf_16)
     8    0.200996    0.354491    0.506944  200.658493 ^ clkbuf_0_clk/Z (gf180mcu_fd_sc_mcu7t5v0__clkbuf_16)
                                                         clknet_0_clk (net)
                      0.354508    0.003737  200.662231 ^ clkbuf_3_7__f_clk/I (gf180mcu_fd_sc_mcu7t5v0__clkbuf_16)
     6    0.032478    0.136836    0.364082  201.026321 ^ clkbuf_3_7__f_clk/Z (gf180mcu_fd_sc_mcu7t5v0__clkbuf_16)
                                                         clknet_3_7__leaf_clk (net)
                      0.136838    0.001137  201.027451 ^ _244_/CLK (gf180mcu_fd_sc_mcu7t5v0__dffrnq_1)
                                 -0.250000  200.777451   clock uncertainty
                                  0.000000  200.777451   clock reconvergence pessimism
                                  0.347496  201.124954   library recovery time
                                            201.124954   data required time
---------------------------------------------------------------------------------------------
                                            201.124954   data required time
                                            -44.730980   data arrival time
---------------------------------------------------------------------------------------------
                                            156.393967   slack (MET)


Startpoint: _217_ (rising edge-triggered flip-flop clocked by clk)
Endpoint: move_en (output port clocked by clk)
Path Group: clk
Path Type: max

Fanout         Cap        Slew       Delay        Time   Description
---------------------------------------------------------------------------------------------
                                  0.000000    0.000000   clock clk (rise edge)
                                  0.000000    0.000000   clock source latency
     1    0.043337    0.298221    0.151565    0.151565 ^ clk (in)
                                                         clk (net)
                      0.298224    0.000000    0.151565 ^ clkbuf_0_clk/I (gf180mcu_fd_sc_mcu7t5v0__clkbuf_16)
     8    0.200996    0.354491    0.506933    0.658498 ^ clkbuf_0_clk/Z (gf180mcu_fd_sc_mcu7t5v0__clkbuf_16)
                                                         clknet_0_clk (net)
                      0.354508    0.003747    0.662245 ^ clkbuf_3_2__f_clk/I (gf180mcu_fd_sc_mcu7t5v0__clkbuf_16)
     6    0.031161    0.135101    0.362658    1.024903 ^ clkbuf_3_2__f_clk/Z (gf180mcu_fd_sc_mcu7t5v0__clkbuf_16)
                                                         clknet_3_2__leaf_clk (net)
                      0.135102    0.000738    1.025641 ^ _217_/CLK (gf180mcu_fd_sc_mcu7t5v0__dffrnq_1)
     2    0.020148    0.572450    1.498097    2.523738 ^ _217_/Q (gf180mcu_fd_sc_mcu7t5v0__dffrnq_1)
                                                         net10 (net)
                      0.572450    0.000733    2.524470 ^ output10/I (gf180mcu_fd_sc_mcu7t5v0__buf_2)
     1    0.076940    0.936845    0.790976    3.315447 ^ output10/Z (gf180mcu_fd_sc_mcu7t5v0__buf_2)
                                                         move_en (net)
                      0.936850    0.001290    3.316737 ^ move_en (out)
                                              3.316737   data arrival time

                                200.000000  200.000000   clock clk (rise edge)
                                  0.000000  200.000000   clock network delay (propagated)
                                 -0.250000  199.750000   clock uncertainty
                                  0.000000  199.750000   clock reconvergence pessimism
                                -40.000000  159.749985   output external delay
                                            159.749985   data required time
---------------------------------------------------------------------------------------------
                                            159.749985   data required time
                                             -3.316737   data arrival time
---------------------------------------------------------------------------------------------
                                            156.433243   slack (MET)


Startpoint: rst_n (input port clocked by clk)
Endpoint: _241_ (recovery check against rising-edge clock clk)
Path Group: asynchronous
Path Type: max

Fanout         Cap        Slew       Delay        Time   Description
---------------------------------------------------------------------------------------------
                                  0.000000    0.000000   clock clk (rise edge)
                                  0.000000    0.000000   clock network delay (propagated)
                                 40.000000   40.000000 ^ input external delay
     1    0.005798    0.204653    0.080476   40.080479 ^ rst_n (in)
                                                         rst_n (net)
                      0.204653    0.000000   40.080479 ^ input4/I (gf180mcu_fd_sc_mcu7t5v0__buf_1)
     1    0.007822    0.262059    0.347917   40.428394 ^ input4/Z (gf180mcu_fd_sc_mcu7t5v0__buf_1)
                                                         net4 (net)
                      0.262059    0.000366   40.428761 ^ fanout49/I (gf180mcu_fd_sc_mcu7t5v0__dlyb_1)
     1    0.007555    0.292947    1.383430   41.812191 ^ fanout49/Z (gf180mcu_fd_sc_mcu7t5v0__dlyb_1)
                                                         net49 (net)
                      0.292947    0.000373   41.812565 ^ wire51/I (gf180mcu_fd_sc_mcu7t5v0__buf_1)
     4    0.032790    0.828461    0.704684   42.517246 ^ wire51/Z (gf180mcu_fd_sc_mcu7t5v0__buf_1)
                                                         net51 (net)
                      0.828464    0.000895   42.518143 ^ fanout37/I (gf180mcu_fd_sc_mcu7t5v0__dlyb_1)
     3    0.019403    0.545196    1.595517   44.113659 ^ fanout37/Z (gf180mcu_fd_sc_mcu7t5v0__dlyb_1)
                                                         net37 (net)
                      0.545196    0.000384   44.114044 ^ load_slew40/I (gf180mcu_fd_sc_mcu7t5v0__clkbuf_2)
     3    0.026673    0.367667    0.542602   44.656647 ^ load_slew40/Z (gf180mcu_fd_sc_mcu7t5v0__clkbuf_2)
                                                         net40 (net)
                      0.367669    0.001258   44.657902 ^ _241_/RN (gf180mcu_fd_sc_mcu7t5v0__dffrnq_1)
                                             44.657902   data arrival time

                                200.000000  200.000000   clock clk (rise edge)
                                  0.000000  200.000000   clock source latency
     1    0.043337    0.298221    0.151559  200.151550 ^ clk (in)
                                                         clk (net)
                      0.298224    0.000000  200.151550 ^ clkbuf_0_clk/I (gf180mcu_fd_sc_mcu7t5v0__clkbuf_16)
     8    0.200996    0.354491    0.506944  200.658493 ^ clkbuf_0_clk/Z (gf180mcu_fd_sc_mcu7t5v0__clkbuf_16)
                                                         clknet_0_clk (net)
                      0.354508    0.003752  200.662247 ^ clkbuf_3_0__f_clk/I (gf180mcu_fd_sc_mcu7t5v0__clkbuf_16)
     6    0.036406    0.141994    0.368644  201.030899 ^ clkbuf_3_0__f_clk/Z (gf180mcu_fd_sc_mcu7t5v0__clkbuf_16)
                                                         clknet_3_0__leaf_clk (net)
                      0.141999    0.001336  201.032227 ^ _241_/CLK (gf180mcu_fd_sc_mcu7t5v0__dffrnq_1)
                                 -0.250000  200.782227   clock uncertainty
                                  0.000000  200.782227   clock reconvergence pessimism
                                  0.348454  201.130676   library recovery time
                                            201.130676   data required time
---------------------------------------------------------------------------------------------
                                            201.130676   data required time
                                            -44.657902   data arrival time
---------------------------------------------------------------------------------------------
                                            156.472763   slack (MET)


Startpoint: rst_n (input port clocked by clk)
Endpoint: _234_ (recovery check against rising-edge clock clk)
Path Group: asynchronous
Path Type: max

Fanout         Cap        Slew       Delay        Time   Description
---------------------------------------------------------------------------------------------
                                  0.000000    0.000000   clock clk (rise edge)
                                  0.000000    0.000000   clock network delay (propagated)
                                 40.000000   40.000000 ^ input external delay
     1    0.005798    0.204653    0.080476   40.080479 ^ rst_n (in)
                                                         rst_n (net)
                      0.204653    0.000000   40.080479 ^ input4/I (gf180mcu_fd_sc_mcu7t5v0__buf_1)
     1    0.007822    0.262059    0.347917   40.428394 ^ input4/Z (gf180mcu_fd_sc_mcu7t5v0__buf_1)
                                                         net4 (net)
                      0.262059    0.000366   40.428761 ^ fanout49/I (gf180mcu_fd_sc_mcu7t5v0__dlyb_1)
     1    0.007555    0.292947    1.383430   41.812191 ^ fanout49/Z (gf180mcu_fd_sc_mcu7t5v0__dlyb_1)
                                                         net49 (net)
                      0.292947    0.000373   41.812565 ^ wire51/I (gf180mcu_fd_sc_mcu7t5v0__buf_1)
     4    0.032790    0.828461    0.704684   42.517246 ^ wire51/Z (gf180mcu_fd_sc_mcu7t5v0__buf_1)
                                                         net51 (net)
                      0.828464    0.000895   42.518143 ^ fanout37/I (gf180mcu_fd_sc_mcu7t5v0__dlyb_1)
     3    0.019403    0.545196    1.595517   44.113659 ^ fanout37/Z (gf180mcu_fd_sc_mcu7t5v0__dlyb_1)
                                                         net37 (net)
                      0.545196    0.000384   44.114044 ^ load_slew39/I (gf180mcu_fd_sc_mcu7t5v0__clkbuf_2)
     3    0.024972    0.348811    0.531113   44.645157 ^ load_slew39/Z (gf180mcu_fd_sc_mcu7t5v0__clkbuf_2)
                                                         net39 (net)
                      0.348813    0.001315   44.646469 ^ _234_/RN (gf180mcu_fd_sc_mcu7t5v0__dffrnq_1)
                                             44.646469   data arrival time

                                200.000000  200.000000   clock clk (rise edge)
                                  0.000000  200.000000   clock source latency
     1    0.043337    0.298221    0.151559  200.151550 ^ clk (in)
                                                         clk (net)
                      0.298224    0.000000  200.151550 ^ clkbuf_0_clk/I (gf180mcu_fd_sc_mcu7t5v0__clkbuf_16)
     8    0.200996    0.354491    0.506944  200.658493 ^ clkbuf_0_clk/Z (gf180mcu_fd_sc_mcu7t5v0__clkbuf_16)
                                                         clknet_0_clk (net)
                      0.354508    0.003737  200.662231 ^ clkbuf_3_3__f_clk/I (gf180mcu_fd_sc_mcu7t5v0__clkbuf_16)
     6    0.030928    0.134794    0.362391  201.024628 ^ clkbuf_3_3__f_clk/Z (gf180mcu_fd_sc_mcu7t5v0__clkbuf_16)
                                                         clknet_3_3__leaf_clk (net)
                      0.134795    0.000853  201.025482 ^ _234_/CLK (gf180mcu_fd_sc_mcu7t5v0__dffrnq_1)
                                 -0.250000  200.775482   clock uncertainty
                                  0.000000  200.775482   clock reconvergence pessimism
                                  0.346795  201.122284   library recovery time
                                            201.122284   data required time
---------------------------------------------------------------------------------------------
                                            201.122284   data required time
                                            -44.646469   data arrival time
---------------------------------------------------------------------------------------------
                                            156.475815   slack (MET)


Startpoint: rst_n (input port clocked by clk)
Endpoint: _230_ (recovery check against rising-edge clock clk)
Path Group: asynchronous
Path Type: max

Fanout         Cap        Slew       Delay        Time   Description
---------------------------------------------------------------------------------------------
                                  0.000000    0.000000   clock clk (rise edge)
                                  0.000000    0.000000   clock network delay (propagated)
                                 40.000000   40.000000 ^ input external delay
     1    0.005798    0.204653    0.080476   40.080479 ^ rst_n (in)
                                                         rst_n (net)
                      0.204653    0.000000   40.080479 ^ input4/I (gf180mcu_fd_sc_mcu7t5v0__buf_1)
     1    0.007822    0.262059    0.347917   40.428394 ^ input4/Z (gf180mcu_fd_sc_mcu7t5v0__buf_1)
                                                         net4 (net)
                      0.262059    0.000366   40.428761 ^ fanout49/I (gf180mcu_fd_sc_mcu7t5v0__dlyb_1)
     1    0.007555    0.292947    1.383430   41.812191 ^ fanout49/Z (gf180mcu_fd_sc_mcu7t5v0__dlyb_1)
                                                         net49 (net)
                      0.292947    0.000373   41.812565 ^ wire51/I (gf180mcu_fd_sc_mcu7t5v0__buf_1)
     4    0.032790    0.828461    0.704684   42.517246 ^ wire51/Z (gf180mcu_fd_sc_mcu7t5v0__buf_1)
                                                         net51 (net)
                      0.828464    0.000895   42.518143 ^ fanout37/I (gf180mcu_fd_sc_mcu7t5v0__dlyb_1)
     3    0.019403    0.545196    1.595517   44.113659 ^ fanout37/Z (gf180mcu_fd_sc_mcu7t5v0__dlyb_1)
                                                         net37 (net)
                      0.545196    0.000384   44.114044 ^ load_slew40/I (gf180mcu_fd_sc_mcu7t5v0__clkbuf_2)
     3    0.026673    0.367667    0.542602   44.656647 ^ load_slew40/Z (gf180mcu_fd_sc_mcu7t5v0__clkbuf_2)
                                                         net40 (net)
                      0.367669    0.001172   44.657818 ^ _230_/RN (gf180mcu_fd_sc_mcu7t5v0__dffrnq_1)
                                             44.657818   data arrival time

                                200.000000  200.000000   clock clk (rise edge)
                                  0.000000  200.000000   clock source latency
     1    0.043337    0.298221    0.151559  200.151550 ^ clk (in)
                                                         clk (net)
                      0.298224    0.000000  200.151550 ^ clkbuf_0_clk/I (gf180mcu_fd_sc_mcu7t5v0__clkbuf_16)
     8    0.200996    0.354491    0.506944  200.658493 ^ clkbuf_0_clk/Z (gf180mcu_fd_sc_mcu7t5v0__clkbuf_16)
                                                         clknet_0_clk (net)
                      0.354528    0.005457  200.663956 ^ clkbuf_3_1__f_clk/I (gf180mcu_fd_sc_mcu7t5v0__clkbuf_16)
     6    0.038427    0.144642    0.370903  201.034851 ^ clkbuf_3_1__f_clk/Z (gf180mcu_fd_sc_mcu7t5v0__clkbuf_16)
                                                         clknet_3_1__leaf_clk (net)
                      0.144646    0.001393  201.036255 ^ _230_/CLK (gf180mcu_fd_sc_mcu7t5v0__dffrnq_1)
                                 -0.250000  200.786255   clock uncertainty
                                  0.000000  200.786255   clock reconvergence pessimism
                                  0.349233  201.135483   library recovery time
                                            201.135483   data required time
---------------------------------------------------------------------------------------------
                                            201.135483   data required time
                                            -44.657818   data arrival time
---------------------------------------------------------------------------------------------
                                            156.477661   slack (MET)


Startpoint: rst_n (input port clocked by clk)
Endpoint: _233_ (recovery check against rising-edge clock clk)
Path Group: asynchronous
Path Type: max

Fanout         Cap        Slew       Delay        Time   Description
---------------------------------------------------------------------------------------------
                                  0.000000    0.000000   clock clk (rise edge)
                                  0.000000    0.000000   clock network delay (propagated)
                                 40.000000   40.000000 ^ input external delay
     1    0.005798    0.204653    0.080476   40.080479 ^ rst_n (in)
                                                         rst_n (net)
                      0.204653    0.000000   40.080479 ^ input4/I (gf180mcu_fd_sc_mcu7t5v0__buf_1)
     1    0.007822    0.262059    0.347917   40.428394 ^ input4/Z (gf180mcu_fd_sc_mcu7t5v0__buf_1)
                                                         net4 (net)
                      0.262059    0.000366   40.428761 ^ fanout49/I (gf180mcu_fd_sc_mcu7t5v0__dlyb_1)
     1    0.007555    0.292947    1.383430   41.812191 ^ fanout49/Z (gf180mcu_fd_sc_mcu7t5v0__dlyb_1)
                                                         net49 (net)
                      0.292947    0.000373   41.812565 ^ wire51/I (gf180mcu_fd_sc_mcu7t5v0__buf_1)
     4    0.032790    0.828461    0.704684   42.517246 ^ wire51/Z (gf180mcu_fd_sc_mcu7t5v0__buf_1)
                                                         net51 (net)
                      0.828464    0.000895   42.518143 ^ fanout37/I (gf180mcu_fd_sc_mcu7t5v0__dlyb_1)
     3    0.019403    0.545196    1.595517   44.113659 ^ fanout37/Z (gf180mcu_fd_sc_mcu7t5v0__dlyb_1)
                                                         net37 (net)
                      0.545196    0.000384   44.114044 ^ load_slew39/I (gf180mcu_fd_sc_mcu7t5v0__clkbuf_2)
     3    0.024972    0.348811    0.531113   44.645157 ^ load_slew39/Z (gf180mcu_fd_sc_mcu7t5v0__clkbuf_2)
                                                         net39 (net)
                      0.348813    0.001315   44.646469 ^ _233_/RN (gf180mcu_fd_sc_mcu7t5v0__dffrnq_1)
                                             44.646469   data arrival time

                                200.000000  200.000000   clock clk (rise edge)
                                  0.000000  200.000000   clock source latency
     1    0.043337    0.298221    0.151559  200.151550 ^ clk (in)
                                                         clk (net)
                      0.298224    0.000000  200.151550 ^ clkbuf_0_clk/I (gf180mcu_fd_sc_mcu7t5v0__clkbuf_16)
     8    0.200996    0.354491    0.506944  200.658493 ^ clkbuf_0_clk/Z (gf180mcu_fd_sc_mcu7t5v0__clkbuf_16)
                                                         clknet_0_clk (net)
                      0.354528    0.005457  200.663956 ^ clkbuf_3_1__f_clk/I (gf180mcu_fd_sc_mcu7t5v0__clkbuf_16)
     6    0.038427    0.144642    0.370903  201.034851 ^ clkbuf_3_1__f_clk/Z (gf180mcu_fd_sc_mcu7t5v0__clkbuf_16)
                                                         clknet_3_1__leaf_clk (net)
                      0.144646    0.001393  201.036255 ^ _233_/CLK (gf180mcu_fd_sc_mcu7t5v0__dffrnq_1)
                                 -0.250000  200.786255   clock uncertainty
                                  0.000000  200.786255   clock reconvergence pessimism
                                  0.349693  201.135941   library recovery time
                                            201.135941   data required time
---------------------------------------------------------------------------------------------
                                            201.135941   data required time
                                            -44.646469   data arrival time
---------------------------------------------------------------------------------------------
                                            156.489471   slack (MET)


Startpoint: _220_ (rising edge-triggered flip-flop clocked by clk)
Endpoint: phase_state[1] (output port clocked by clk)
Path Group: clk
Path Type: max

Fanout         Cap        Slew       Delay        Time   Description
---------------------------------------------------------------------------------------------
                                  0.000000    0.000000   clock clk (rise edge)
                                  0.000000    0.000000   clock source latency
     1    0.043337    0.298221    0.151565    0.151565 ^ clk (in)
                                                         clk (net)
                      0.298224    0.000000    0.151565 ^ clkbuf_0_clk/I (gf180mcu_fd_sc_mcu7t5v0__clkbuf_16)
     8    0.200996    0.354491    0.506933    0.658498 ^ clkbuf_0_clk/Z (gf180mcu_fd_sc_mcu7t5v0__clkbuf_16)
                                                         clknet_0_clk (net)
                      0.354508    0.003758    0.662256 ^ clkbuf_3_0__f_clk/I (gf180mcu_fd_sc_mcu7t5v0__clkbuf_16)
     6    0.036406    0.141994    0.368647    1.030903 ^ clkbuf_3_0__f_clk/Z (gf180mcu_fd_sc_mcu7t5v0__clkbuf_16)
                                                         clknet_3_0__leaf_clk (net)
                      0.141995    0.000661    1.031564 ^ _220_/CLK (gf180mcu_fd_sc_mcu7t5v0__dffrnq_1)
     2    0.016463    0.494898    1.447902    2.479466 ^ _220_/Q (gf180mcu_fd_sc_mcu7t5v0__dffrnq_1)
                                                         net12 (net)
                      0.494898    0.000610    2.480076 ^ output12/I (gf180mcu_fd_sc_mcu7t5v0__buf_2)
     1    0.076045    0.925850    0.774763    3.254840 ^ output12/Z (gf180mcu_fd_sc_mcu7t5v0__buf_2)
                                                         phase_state[1] (net)
                      0.925872    0.002537    3.257377 ^ phase_state[1] (out)
                                              3.257377   data arrival time

                                200.000000  200.000000   clock clk (rise edge)
                                  0.000000  200.000000   clock network delay (propagated)
                                 -0.250000  199.750000   clock uncertainty
                                  0.000000  199.750000   clock reconvergence pessimism
                                -40.000000  159.749985   output external delay
                                            159.749985   data required time
---------------------------------------------------------------------------------------------
                                            159.749985   data required time
                                             -3.257377   data arrival time
---------------------------------------------------------------------------------------------
                                            156.492615   slack (MET)


Startpoint: soft_rst_n (input port clocked by clk)
Endpoint: _229_ (rising edge-triggered flip-flop clocked by clk)
Path Group: clk
Path Type: max

Fanout         Cap        Slew       Delay        Time   Description
---------------------------------------------------------------------------------------------
                                  0.000000    0.000000   clock clk (rise edge)
                                  0.000000    0.000000   clock network delay (propagated)
                                 40.000000   40.000000 ^ input external delay
     1    0.006252    0.215082    0.086668   40.086670 ^ soft_rst_n (in)
                                                         soft_rst_n (net)
                      0.215082    0.000000   40.086670 ^ input5/I (gf180mcu_fd_sc_mcu7t5v0__buf_1)
     5    0.032357    0.818064    0.682249   40.768917 ^ input5/Z (gf180mcu_fd_sc_mcu7t5v0__buf_1)
                                                         net5 (net)
                      0.818069    0.001180   40.770100 ^ fanout29/I (gf180mcu_fd_sc_mcu7t5v0__dlyb_1)
     2    0.010505    0.352987    1.471214   42.241314 ^ fanout29/Z (gf180mcu_fd_sc_mcu7t5v0__dlyb_1)
                                                         net29 (net)
                      0.352987    0.000455   42.241768 ^ wire32/I (gf180mcu_fd_sc_mcu7t5v0__buf_1)
     4    0.031283    0.793815    0.691117   42.932884 ^ wire32/Z (gf180mcu_fd_sc_mcu7t5v0__buf_1)
                                                         net32 (net)
                      0.793820    0.001172   42.934055 ^ _150_/A1 (gf180mcu_fd_sc_mcu7t5v0__nand2_1)
     2    0.015405    0.523565    0.383626   43.317680 v _150_/ZN (gf180mcu_fd_sc_mcu7t5v0__nand2_1)
                                                         _060_ (net)
                      0.523565    0.000338   43.318020 v _151_/A2 (gf180mcu_fd_sc_mcu7t5v0__oai21_1)
     1    0.006442    0.511488    0.444913   43.762932 ^ _151_/ZN (gf180mcu_fd_sc_mcu7t5v0__oai21_1)
                                                         _016_ (net)
                      0.511488    0.000330   43.763264 ^ _229_/D (gf180mcu_fd_sc_mcu7t5v0__dffrnq_1)
                                             43.763264   data arrival time

                                200.000000  200.000000   clock clk (rise edge)
                                  0.000000  200.000000   clock source latency
     1    0.043337    0.298221    0.151559  200.151550 ^ clk (in)
                                                         clk (net)
                      0.298224    0.000000  200.151550 ^ clkbuf_0_clk/I (gf180mcu_fd_sc_mcu7t5v0__clkbuf_16)
     8    0.200996    0.354491    0.506944  200.658493 ^ clkbuf_0_clk/Z (gf180mcu_fd_sc_mcu7t5v0__clkbuf_16)
                                                         clknet_0_clk (net)
                      0.354528    0.005457  200.663956 ^ clkbuf_3_1__f_clk/I (gf180mcu_fd_sc_mcu7t5v0__clkbuf_16)
     6    0.038427    0.144642    0.370903  201.034851 ^ clkbuf_3_1__f_clk/Z (gf180mcu_fd_sc_mcu7t5v0__clkbuf_16)
                                                         clknet_3_1__leaf_clk (net)
                      0.144647    0.001492  201.036346 ^ _229_/CLK (gf180mcu_fd_sc_mcu7t5v0__dffrnq_1)
                                 -0.250000  200.786346   clock uncertainty
                                  0.000000  200.786346   clock reconvergence pessimism
                                 -0.523470  200.262878   library setup time
                                            200.262878   data required time
---------------------------------------------------------------------------------------------
                                            200.262878   data required time
                                            -43.763264   data arrival time
---------------------------------------------------------------------------------------------
                                            156.499619   slack (MET)


Startpoint: _228_ (rising edge-triggered flip-flop clocked by clk)
Endpoint: votes_out_phase[3] (output port clocked by clk)
Path Group: clk
Path Type: max

Fanout         Cap        Slew       Delay        Time   Description
---------------------------------------------------------------------------------------------
                                  0.000000    0.000000   clock clk (rise edge)
                                  0.000000    0.000000   clock source latency
     1    0.043337    0.298221    0.151565    0.151565 ^ clk (in)
                                                         clk (net)
                      0.298224    0.000000    0.151565 ^ clkbuf_0_clk/I (gf180mcu_fd_sc_mcu7t5v0__clkbuf_16)
     8    0.200996    0.354491    0.506933    0.658498 ^ clkbuf_0_clk/Z (gf180mcu_fd_sc_mcu7t5v0__clkbuf_16)
                                                         clknet_0_clk (net)
                      0.354508    0.003748    0.662246 ^ clkbuf_3_6__f_clk/I (gf180mcu_fd_sc_mcu7t5v0__clkbuf_16)
     6    0.030645    0.134423    0.362075    1.024321 ^ clkbuf_3_6__f_clk/Z (gf180mcu_fd_sc_mcu7t5v0__clkbuf_16)
                                                         clknet_3_6__leaf_clk (net)
                      0.134423    0.000562    1.024883 ^ _228_/CLK (gf180mcu_fd_sc_mcu7t5v0__dffrnq_1)
     2    0.015442    0.473371    1.431704    2.456587 ^ _228_/Q (gf180mcu_fd_sc_mcu7t5v0__dffrnq_1)
                                                         net20 (net)
                      0.473371    0.000340    2.456927 ^ output20/I (gf180mcu_fd_sc_mcu7t5v0__buf_2)
     1    0.075377    0.917131    0.765733    3.222661 ^ output20/Z (gf180mcu_fd_sc_mcu7t5v0__buf_2)
                                                         votes_out_phase[3] (net)
                      0.917219    0.005040    3.227700 ^ votes_out_phase[3] (out)
                                              3.227700   data arrival time

                                200.000000  200.000000   clock clk (rise edge)
                                  0.000000  200.000000   clock network delay (propagated)
                                 -0.250000  199.750000   clock uncertainty
                                  0.000000  199.750000   clock reconvergence pessimism
                                -40.000000  159.749985   output external delay
                                            159.749985   data required time
---------------------------------------------------------------------------------------------
                                            159.749985   data required time
                                             -3.227700   data arrival time
---------------------------------------------------------------------------------------------
                                            156.522293   slack (MET)


Startpoint: _219_ (rising edge-triggered flip-flop clocked by clk)
Endpoint: phase_state[0] (output port clocked by clk)
Path Group: clk
Path Type: max

Fanout         Cap        Slew       Delay        Time   Description
---------------------------------------------------------------------------------------------
                                  0.000000    0.000000   clock clk (rise edge)
                                  0.000000    0.000000   clock source latency
     1    0.043337    0.298221    0.151565    0.151565 ^ clk (in)
                                                         clk (net)
                      0.298224    0.000000    0.151565 ^ clkbuf_0_clk/I (gf180mcu_fd_sc_mcu7t5v0__clkbuf_16)
     8    0.200996    0.354491    0.506933    0.658498 ^ clkbuf_0_clk/Z (gf180mcu_fd_sc_mcu7t5v0__clkbuf_16)
                                                         clknet_0_clk (net)
                      0.354508    0.003747    0.662245 ^ clkbuf_3_2__f_clk/I (gf180mcu_fd_sc_mcu7t5v0__clkbuf_16)
     6    0.031161    0.135101    0.362658    1.024903 ^ clkbuf_3_2__f_clk/Z (gf180mcu_fd_sc_mcu7t5v0__clkbuf_16)
                                                         clknet_3_2__leaf_clk (net)
                      0.135102    0.000576    1.025479 ^ _219_/CLK (gf180mcu_fd_sc_mcu7t5v0__dffrnq_1)
     2    0.015154    0.467336    1.427838    2.453317 ^ _219_/Q (gf180mcu_fd_sc_mcu7t5v0__dffrnq_1)
                                                         net11 (net)
                      0.467336    0.000336    2.453653 ^ output11/I (gf180mcu_fd_sc_mcu7t5v0__buf_2)
     1    0.075569    0.919336    0.766342    3.219995 ^ output11/Z (gf180mcu_fd_sc_mcu7t5v0__buf_2)
                                                         phase_state[0] (net)
                      0.919423    0.005029    3.225024 ^ phase_state[0] (out)
                                              3.225024   data arrival time

                                200.000000  200.000000   clock clk (rise edge)
                                  0.000000  200.000000   clock network delay (propagated)
                                 -0.250000  199.750000   clock uncertainty
                                  0.000000  199.750000   clock reconvergence pessimism
                                -40.000000  159.749985   output external delay
                                            159.749985   data required time
---------------------------------------------------------------------------------------------
                                            159.749985   data required time
                                             -3.225024   data arrival time
---------------------------------------------------------------------------------------------
                                            156.524963   slack (MET)


Startpoint: _218_ (rising edge-triggered flip-flop clocked by clk)
Endpoint: jitter_flag (output port clocked by clk)
Path Group: clk
Path Type: max

Fanout         Cap        Slew       Delay        Time   Description
---------------------------------------------------------------------------------------------
                                  0.000000    0.000000   clock clk (rise edge)
                                  0.000000    0.000000   clock source latency
     1    0.043337    0.298221    0.151565    0.151565 ^ clk (in)
                                                         clk (net)
                      0.298224    0.000000    0.151565 ^ clkbuf_0_clk/I (gf180mcu_fd_sc_mcu7t5v0__clkbuf_16)
     8    0.200996    0.354491    0.506933    0.658498 ^ clkbuf_0_clk/Z (gf180mcu_fd_sc_mcu7t5v0__clkbuf_16)
                                                         clknet_0_clk (net)
                      0.354508    0.003747    0.662245 ^ clkbuf_3_2__f_clk/I (gf180mcu_fd_sc_mcu7t5v0__clkbuf_16)
     6    0.031161    0.135101    0.362658    1.024903 ^ clkbuf_3_2__f_clk/Z (gf180mcu_fd_sc_mcu7t5v0__clkbuf_16)
                                                         clknet_3_2__leaf_clk (net)
                      0.135102    0.000576    1.025478 ^ _218_/CLK (gf180mcu_fd_sc_mcu7t5v0__dffrnq_1)
     2    0.014181    0.446609    1.413947    2.439425 ^ _218_/Q (gf180mcu_fd_sc_mcu7t5v0__dffrnq_1)
                                                         net7 (net)
                      0.446609    0.000761    2.440186 ^ output7/I (gf180mcu_fd_sc_mcu7t5v0__buf_2)
     1    0.076898    0.935466    0.774786    3.214972 ^ output7/Z (gf180mcu_fd_sc_mcu7t5v0__buf_2)
                                                         jitter_flag (net)
                      0.935487    0.002542    3.217515 ^ jitter_flag (out)
                                              3.217515   data arrival time

                                200.000000  200.000000   clock clk (rise edge)
                                  0.000000  200.000000   clock network delay (propagated)
                                 -0.250000  199.750000   clock uncertainty
                                  0.000000  199.750000   clock reconvergence pessimism
                                -40.000000  159.749985   output external delay
                                            159.749985   data required time
---------------------------------------------------------------------------------------------
                                            159.749985   data required time
                                             -3.217515   data arrival time
---------------------------------------------------------------------------------------------
                                            156.532486   slack (MET)


Startpoint: _223_ (rising edge-triggered flip-flop clocked by clk)
Endpoint: votes_in_phase[2] (output port clocked by clk)
Path Group: clk
Path Type: max

Fanout         Cap        Slew       Delay        Time   Description
---------------------------------------------------------------------------------------------
                                  0.000000    0.000000   clock clk (rise edge)
                                  0.000000    0.000000   clock source latency
     1    0.043337    0.298221    0.151565    0.151565 ^ clk (in)
                                                         clk (net)
                      0.298224    0.000000    0.151565 ^ clkbuf_0_clk/I (gf180mcu_fd_sc_mcu7t5v0__clkbuf_16)
     8    0.200996    0.354491    0.506933    0.658498 ^ clkbuf_0_clk/Z (gf180mcu_fd_sc_mcu7t5v0__clkbuf_16)
                                                         clknet_0_clk (net)
                      0.354508    0.003748    0.662246 ^ clkbuf_3_3__f_clk/I (gf180mcu_fd_sc_mcu7t5v0__clkbuf_16)
     6    0.030928    0.134794    0.362379    1.024624 ^ clkbuf_3_3__f_clk/Z (gf180mcu_fd_sc_mcu7t5v0__clkbuf_16)
                                                         clknet_3_3__leaf_clk (net)
                      0.134795    0.000568    1.025192 ^ _223_/CLK (gf180mcu_fd_sc_mcu7t5v0__dffrnq_1)
     2    0.014380    0.450927    1.416860    2.442052 ^ _223_/Q (gf180mcu_fd_sc_mcu7t5v0__dffrnq_1)
                                                         net15 (net)
                      0.450927    0.000327    2.442379 ^ output15/I (gf180mcu_fd_sc_mcu7t5v0__buf_2)
     1    0.076176    0.927188    0.770426    3.212805 ^ output15/Z (gf180mcu_fd_sc_mcu7t5v0__buf_2)
                                                         votes_in_phase[2] (net)
                      0.927210    0.002536    3.215341 ^ votes_in_phase[2] (out)
                                              3.215341   data arrival time

                                200.000000  200.000000   clock clk (rise edge)
                                  0.000000  200.000000   clock network delay (propagated)
                                 -0.250000  199.750000   clock uncertainty
                                  0.000000  199.750000   clock reconvergence pessimism
                                -40.000000  159.749985   output external delay
                                            159.749985   data required time
---------------------------------------------------------------------------------------------
                                            159.749985   data required time
                                             -3.215341   data arrival time
---------------------------------------------------------------------------------------------
                                            156.534637   slack (MET)


Startpoint: _216_ (rising edge-triggered flip-flop clocked by clk)
Endpoint: dir (output port clocked by clk)
Path Group: clk
Path Type: max

Fanout         Cap        Slew       Delay        Time   Description
---------------------------------------------------------------------------------------------
                                  0.000000    0.000000   clock clk (rise edge)
                                  0.000000    0.000000   clock source latency
     1    0.043337    0.298221    0.151565    0.151565 ^ clk (in)
                                                         clk (net)
                      0.298224    0.000000    0.151565 ^ clkbuf_0_clk/I (gf180mcu_fd_sc_mcu7t5v0__clkbuf_16)
     8    0.200996    0.354491    0.506933    0.658498 ^ clkbuf_0_clk/Z (gf180mcu_fd_sc_mcu7t5v0__clkbuf_16)
                                                         clknet_0_clk (net)
                      0.354508    0.003747    0.662245 ^ clkbuf_3_2__f_clk/I (gf180mcu_fd_sc_mcu7t5v0__clkbuf_16)
     6    0.031161    0.135101    0.362658    1.024903 ^ clkbuf_3_2__f_clk/Z (gf180mcu_fd_sc_mcu7t5v0__clkbuf_16)
                                                         clknet_3_2__leaf_clk (net)
                      0.135102    0.000574    1.025477 ^ _216_/CLK (gf180mcu_fd_sc_mcu7t5v0__dffrnq_1)
     2    0.013923    0.441240    1.410380    2.435857 ^ _216_/Q (gf180mcu_fd_sc_mcu7t5v0__dffrnq_1)
                                                         net6 (net)
                      0.441240    0.000653    2.436510 ^ output6/I (gf180mcu_fd_sc_mcu7t5v0__buf_2)
     1    0.076760    0.934305    0.774191    3.210701 ^ output6/Z (gf180mcu_fd_sc_mcu7t5v0__buf_2)
                                                         dir (net)
                      0.934310    0.001285    3.211987 ^ dir (out)
                                              3.211987   data arrival time

                                200.000000  200.000000   clock clk (rise edge)
                                  0.000000  200.000000   clock network delay (propagated)
                                 -0.250000  199.750000   clock uncertainty
                                  0.000000  199.750000   clock reconvergence pessimism
                                -40.000000  159.749985   output external delay
                                            159.749985   data required time
---------------------------------------------------------------------------------------------
                                            159.749985   data required time
                                             -3.211987   data arrival time
---------------------------------------------------------------------------------------------
                                            156.538010   slack (MET)


Startpoint: _222_ (rising edge-triggered flip-flop clocked by clk)
Endpoint: votes_in_phase[1] (output port clocked by clk)
Path Group: clk
Path Type: max

Fanout         Cap        Slew       Delay        Time   Description
---------------------------------------------------------------------------------------------
                                  0.000000    0.000000   clock clk (rise edge)
                                  0.000000    0.000000   clock source latency
     1    0.043337    0.298221    0.151565    0.151565 ^ clk (in)
                                                         clk (net)
                      0.298224    0.000000    0.151565 ^ clkbuf_0_clk/I (gf180mcu_fd_sc_mcu7t5v0__clkbuf_16)
     8    0.200996    0.354491    0.506933    0.658498 ^ clkbuf_0_clk/Z (gf180mcu_fd_sc_mcu7t5v0__clkbuf_16)
                                                         clknet_0_clk (net)
                      0.354508    0.003748    0.662246 ^ clkbuf_3_3__f_clk/I (gf180mcu_fd_sc_mcu7t5v0__clkbuf_16)
     6    0.030928    0.134794    0.362379    1.024624 ^ clkbuf_3_3__f_clk/Z (gf180mcu_fd_sc_mcu7t5v0__clkbuf_16)
                                                         clknet_3_3__leaf_clk (net)
                      0.134795    0.000569    1.025193 ^ _222_/CLK (gf180mcu_fd_sc_mcu7t5v0__dffrnq_1)
     2    0.014557    0.454654    1.419357    2.444550 ^ _222_/Q (gf180mcu_fd_sc_mcu7t5v0__dffrnq_1)
                                                         net14 (net)
                      0.454654    0.000327    2.444877 ^ output14/I (gf180mcu_fd_sc_mcu7t5v0__buf_2)
     1    0.075109    0.913987    0.761714    3.206591 ^ output14/Z (gf180mcu_fd_sc_mcu7t5v0__buf_2)
                                                         votes_in_phase[1] (net)
                      0.914075    0.005025    3.211616 ^ votes_in_phase[1] (out)
                                              3.211616   data arrival time

                                200.000000  200.000000   clock clk (rise edge)
                                  0.000000  200.000000   clock network delay (propagated)
                                 -0.250000  199.750000   clock uncertainty
                                  0.000000  199.750000   clock reconvergence pessimism
                                -40.000000  159.749985   output external delay
                                            159.749985   data required time
---------------------------------------------------------------------------------------------
                                            159.749985   data required time
                                             -3.211616   data arrival time
---------------------------------------------------------------------------------------------
                                            156.538376   slack (MET)


Startpoint: _226_ (rising edge-triggered flip-flop clocked by clk)
Endpoint: votes_out_phase[1] (output port clocked by clk)
Path Group: clk
Path Type: max

Fanout         Cap        Slew       Delay        Time   Description
---------------------------------------------------------------------------------------------
                                  0.000000    0.000000   clock clk (rise edge)
                                  0.000000    0.000000   clock source latency
     1    0.043337    0.298221    0.151565    0.151565 ^ clk (in)
                                                         clk (net)
                      0.298224    0.000000    0.151565 ^ clkbuf_0_clk/I (gf180mcu_fd_sc_mcu7t5v0__clkbuf_16)
     8    0.200996    0.354491    0.506933    0.658498 ^ clkbuf_0_clk/Z (gf180mcu_fd_sc_mcu7t5v0__clkbuf_16)
                                                         clknet_0_clk (net)
                      0.354508    0.003748    0.662246 ^ clkbuf_3_6__f_clk/I (gf180mcu_fd_sc_mcu7t5v0__clkbuf_16)
     6    0.030645    0.134423    0.362075    1.024321 ^ clkbuf_3_6__f_clk/Z (gf180mcu_fd_sc_mcu7t5v0__clkbuf_16)
                                                         clknet_3_6__leaf_clk (net)
                      0.134423    0.000560    1.024881 ^ _226_/CLK (gf180mcu_fd_sc_mcu7t5v0__dffrnq_1)
     2    0.013622    0.434991    1.406083    2.430963 ^ _226_/Q (gf180mcu_fd_sc_mcu7t5v0__dffrnq_1)
                                                         net18 (net)
                      0.434991    0.000312    2.431275 ^ output18/I (gf180mcu_fd_sc_mcu7t5v0__buf_2)
     1    0.076669    0.932796    0.771854    3.203129 ^ output18/Z (gf180mcu_fd_sc_mcu7t5v0__buf_2)
                                                         votes_out_phase[1] (net)
                      0.932818    0.002549    3.205677 ^ votes_out_phase[1] (out)
                                              3.205677   data arrival time

                                200.000000  200.000000   clock clk (rise edge)
                                  0.000000  200.000000   clock network delay (propagated)
                                 -0.250000  199.750000   clock uncertainty
                                  0.000000  199.750000   clock reconvergence pessimism
                                -40.000000  159.749985   output external delay
                                            159.749985   data required time
---------------------------------------------------------------------------------------------
                                            159.749985   data required time
                                             -3.205677   data arrival time
---------------------------------------------------------------------------------------------
                                            156.544327   slack (MET)


Startpoint: _227_ (rising edge-triggered flip-flop clocked by clk)
Endpoint: votes_out_phase[2] (output port clocked by clk)
Path Group: clk
Path Type: max

Fanout         Cap        Slew       Delay        Time   Description
---------------------------------------------------------------------------------------------
                                  0.000000    0.000000   clock clk (rise edge)
                                  0.000000    0.000000   clock source latency
     1    0.043337    0.298221    0.151565    0.151565 ^ clk (in)
                                                         clk (net)
                      0.298224    0.000000    0.151565 ^ clkbuf_0_clk/I (gf180mcu_fd_sc_mcu7t5v0__clkbuf_16)
     8    0.200996    0.354491    0.506933    0.658498 ^ clkbuf_0_clk/Z (gf180mcu_fd_sc_mcu7t5v0__clkbuf_16)
                                                         clknet_0_clk (net)
                      0.354508    0.003748    0.662246 ^ clkbuf_3_6__f_clk/I (gf180mcu_fd_sc_mcu7t5v0__clkbuf_16)
     6    0.030645    0.134423    0.362075    1.024321 ^ clkbuf_3_6__f_clk/Z (gf180mcu_fd_sc_mcu7t5v0__clkbuf_16)
                                                         clknet_3_6__leaf_clk (net)
                      0.134423    0.000562    1.024882 ^ _227_/CLK (gf180mcu_fd_sc_mcu7t5v0__dffrnq_1)
     2    0.013657    0.435768    1.406638    2.431521 ^ _227_/Q (gf180mcu_fd_sc_mcu7t5v0__dffrnq_1)
                                                         net19 (net)
                      0.435768    0.000312    2.431833 ^ output19/I (gf180mcu_fd_sc_mcu7t5v0__buf_2)
     1    0.074938    0.911960    0.758338    3.190171 ^ output19/Z (gf180mcu_fd_sc_mcu7t5v0__buf_2)
                                                         votes_out_phase[2] (net)
                      0.912048    0.005006    3.195177 ^ votes_out_phase[2] (out)
                                              3.195177   data arrival time

                                200.000000  200.000000   clock clk (rise edge)
                                  0.000000  200.000000   clock network delay (propagated)
                                 -0.250000  199.750000   clock uncertainty
                                  0.000000  199.750000   clock reconvergence pessimism
                                -40.000000  159.749985   output external delay
                                            159.749985   data required time
---------------------------------------------------------------------------------------------
                                            159.749985   data required time
                                             -3.195177   data arrival time
---------------------------------------------------------------------------------------------
                                            156.554810   slack (MET)


Startpoint: _224_ (rising edge-triggered flip-flop clocked by clk)
Endpoint: votes_in_phase[3] (output port clocked by clk)
Path Group: clk
Path Type: max

Fanout         Cap        Slew       Delay        Time   Description
---------------------------------------------------------------------------------------------
                                  0.000000    0.000000   clock clk (rise edge)
                                  0.000000    0.000000   clock source latency
     1    0.043337    0.298221    0.151565    0.151565 ^ clk (in)
                                                         clk (net)
                      0.298224    0.000000    0.151565 ^ clkbuf_0_clk/I (gf180mcu_fd_sc_mcu7t5v0__clkbuf_16)
     8    0.200996    0.354491    0.506933    0.658498 ^ clkbuf_0_clk/Z (gf180mcu_fd_sc_mcu7t5v0__clkbuf_16)
                                                         clknet_0_clk (net)
                      0.354508    0.003748    0.662246 ^ clkbuf_3_3__f_clk/I (gf180mcu_fd_sc_mcu7t5v0__clkbuf_16)
     6    0.030928    0.134794    0.362379    1.024624 ^ clkbuf_3_3__f_clk/Z (gf180mcu_fd_sc_mcu7t5v0__clkbuf_16)
                                                         clknet_3_3__leaf_clk (net)
                      0.134795    0.000566    1.025191 ^ _224_/CLK (gf180mcu_fd_sc_mcu7t5v0__dffrnq_1)
     2    0.013164    0.425377    1.399739    2.424930 ^ _224_/Q (gf180mcu_fd_sc_mcu7t5v0__dffrnq_1)
                                                         net16 (net)
                      0.425377    0.000304    2.425234 ^ output16/I (gf180mcu_fd_sc_mcu7t5v0__buf_2)
     1    0.075199    0.914913    0.758842    3.184075 ^ output16/Z (gf180mcu_fd_sc_mcu7t5v0__buf_2)
                                                         votes_in_phase[3] (net)
                      0.915001    0.005030    3.189105 ^ votes_in_phase[3] (out)
                                              3.189105   data arrival time

                                200.000000  200.000000   clock clk (rise edge)
                                  0.000000  200.000000   clock network delay (propagated)
                                 -0.250000  199.750000   clock uncertainty
                                  0.000000  199.750000   clock reconvergence pessimism
                                -40.000000  159.749985   output external delay
                                            159.749985   data required time
---------------------------------------------------------------------------------------------
                                            159.749985   data required time
                                             -3.189105   data arrival time
---------------------------------------------------------------------------------------------
                                            156.560898   slack (MET)


Startpoint: _225_ (rising edge-triggered flip-flop clocked by clk)
Endpoint: votes_out_phase[0] (output port clocked by clk)
Path Group: clk
Path Type: max

Fanout         Cap        Slew       Delay        Time   Description
---------------------------------------------------------------------------------------------
                                  0.000000    0.000000   clock clk (rise edge)
                                  0.000000    0.000000   clock source latency
     1    0.043337    0.298221    0.151565    0.151565 ^ clk (in)
                                                         clk (net)
                      0.298224    0.000000    0.151565 ^ clkbuf_0_clk/I (gf180mcu_fd_sc_mcu7t5v0__clkbuf_16)
     8    0.200996    0.354491    0.506933    0.658498 ^ clkbuf_0_clk/Z (gf180mcu_fd_sc_mcu7t5v0__clkbuf_16)
                                                         clknet_0_clk (net)
                      0.354508    0.003748    0.662246 ^ clkbuf_3_6__f_clk/I (gf180mcu_fd_sc_mcu7t5v0__clkbuf_16)
     6    0.030645    0.134423    0.362075    1.024321 ^ clkbuf_3_6__f_clk/Z (gf180mcu_fd_sc_mcu7t5v0__clkbuf_16)
                                                         clknet_3_6__leaf_clk (net)
                      0.134423    0.000560    1.024881 ^ _225_/CLK (gf180mcu_fd_sc_mcu7t5v0__dffrnq_1)
     2    0.012572    0.412929    1.391307    2.416187 ^ _225_/Q (gf180mcu_fd_sc_mcu7t5v0__dffrnq_1)
                                                         net17 (net)
                      0.412929    0.000295    2.416482 ^ output17/I (gf180mcu_fd_sc_mcu7t5v0__buf_2)
     1    0.075249    0.915457    0.757730    3.174212 ^ output17/Z (gf180mcu_fd_sc_mcu7t5v0__buf_2)
                                                         votes_out_phase[0] (net)
                      0.915544    0.005013    3.179225 ^ votes_out_phase[0] (out)
                                              3.179225   data arrival time

                                200.000000  200.000000   clock clk (rise edge)
                                  0.000000  200.000000   clock network delay (propagated)
                                 -0.250000  199.750000   clock uncertainty
                                  0.000000  199.750000   clock reconvergence pessimism
                                -40.000000  159.749985   output external delay
                                            159.749985   data required time
---------------------------------------------------------------------------------------------
                                            159.749985   data required time
                                             -3.179225   data arrival time
---------------------------------------------------------------------------------------------
                                            156.570770   slack (MET)


Startpoint: _221_ (rising edge-triggered flip-flop clocked by clk)
Endpoint: votes_in_phase[0] (output port clocked by clk)
Path Group: clk
Path Type: max

Fanout         Cap        Slew       Delay        Time   Description
---------------------------------------------------------------------------------------------
                                  0.000000    0.000000   clock clk (rise edge)
                                  0.000000    0.000000   clock source latency
     1    0.043337    0.298221    0.151565    0.151565 ^ clk (in)
                                                         clk (net)
                      0.298224    0.000000    0.151565 ^ clkbuf_0_clk/I (gf180mcu_fd_sc_mcu7t5v0__clkbuf_16)
     8    0.200996    0.354491    0.506933    0.658498 ^ clkbuf_0_clk/Z (gf180mcu_fd_sc_mcu7t5v0__clkbuf_16)
                                                         clknet_0_clk (net)
                      0.354508    0.003747    0.662245 ^ clkbuf_3_2__f_clk/I (gf180mcu_fd_sc_mcu7t5v0__clkbuf_16)
     6    0.031161    0.135101    0.362658    1.024903 ^ clkbuf_3_2__f_clk/Z (gf180mcu_fd_sc_mcu7t5v0__clkbuf_16)
                                                         clknet_3_2__leaf_clk (net)
                      0.135102    0.000575    1.025478 ^ _221_/CLK (gf180mcu_fd_sc_mcu7t5v0__dffrnq_1)
     2    0.012058    0.401996    1.384130    2.409608 ^ _221_/Q (gf180mcu_fd_sc_mcu7t5v0__dffrnq_1)
                                                         net13 (net)
                      0.401996    0.000283    2.409891 ^ output13/I (gf180mcu_fd_sc_mcu7t5v0__buf_2)
     1    0.074873    0.911074    0.753865    3.163756 ^ output13/Z (gf180mcu_fd_sc_mcu7t5v0__buf_2)
                                                         votes_in_phase[0] (net)
                      0.911161    0.005019    3.168775 ^ votes_in_phase[0] (out)
                                              3.168775   data arrival time

                                200.000000  200.000000   clock clk (rise edge)
                                  0.000000  200.000000   clock network delay (propagated)
                                 -0.250000  199.750000   clock uncertainty
                                  0.000000  199.750000   clock reconvergence pessimism
                                -40.000000  159.749985   output external delay
                                            159.749985   data required time
---------------------------------------------------------------------------------------------
                                            159.749985   data required time
                                             -3.168775   data arrival time
---------------------------------------------------------------------------------------------
                                            156.581207   slack (MET)


Startpoint: _243_ (rising edge-triggered flip-flop clocked by clk)
Endpoint: latch_phase90_ack (output port clocked by clk)
Path Group: clk
Path Type: max

Fanout         Cap        Slew       Delay        Time   Description
---------------------------------------------------------------------------------------------
                                  0.000000    0.000000   clock clk (rise edge)
                                  0.000000    0.000000   clock source latency
     1    0.043337    0.298221    0.151565    0.151565 ^ clk (in)
                                                         clk (net)
                      0.298224    0.000000    0.151565 ^ clkbuf_0_clk/I (gf180mcu_fd_sc_mcu7t5v0__clkbuf_16)
     8    0.200996    0.354491    0.506933    0.658498 ^ clkbuf_0_clk/Z (gf180mcu_fd_sc_mcu7t5v0__clkbuf_16)
                                                         clknet_0_clk (net)
                      0.354516    0.004529    0.663027 ^ clkbuf_3_5__f_clk/I (gf180mcu_fd_sc_mcu7t5v0__clkbuf_16)
     6    0.034167    0.139054    0.366036    1.029063 ^ clkbuf_3_5__f_clk/Z (gf180mcu_fd_sc_mcu7t5v0__clkbuf_16)
                                                         clknet_3_5__leaf_clk (net)
                      0.139058    0.001262    1.030325 ^ _243_/CLK (gf180mcu_fd_sc_mcu7t5v0__dffrnq_1)
     1    0.007748    0.308694    1.315918    2.346243 ^ _243_/Q (gf180mcu_fd_sc_mcu7t5v0__dffrnq_1)
                                                         net9 (net)
                      0.308694    0.000409    2.346653 ^ output9/I (gf180mcu_fd_sc_mcu7t5v0__buf_2)
     1    0.076447    0.930221    0.756341    3.102994 ^ output9/Z (gf180mcu_fd_sc_mcu7t5v0__buf_2)
                                                         latch_phase90_ack (net)
                      0.930226    0.001283    3.104277 ^ latch_phase90_ack (out)
                                              3.104277   data arrival time

                                200.000000  200.000000   clock clk (rise edge)
                                  0.000000  200.000000   clock network delay (propagated)
                                 -0.250000  199.750000   clock uncertainty
                                  0.000000  199.750000   clock reconvergence pessimism
                                -40.000000  159.749985   output external delay
                                            159.749985   data required time
---------------------------------------------------------------------------------------------
                                            159.749985   data required time
                                             -3.104277   data arrival time
---------------------------------------------------------------------------------------------
                                            156.645721   slack (MET)


Startpoint: _244_ (rising edge-triggered flip-flop clocked by clk)
Endpoint: latch_phase270_ack (output port clocked by clk)
Path Group: clk
Path Type: max

Fanout         Cap        Slew       Delay        Time   Description
---------------------------------------------------------------------------------------------
                                  0.000000    0.000000   clock clk (rise edge)
                                  0.000000    0.000000   clock source latency
     1    0.043337    0.298221    0.151565    0.151565 ^ clk (in)
                                                         clk (net)
                      0.298224    0.000000    0.151565 ^ clkbuf_0_clk/I (gf180mcu_fd_sc_mcu7t5v0__clkbuf_16)
     8    0.200996    0.354491    0.506933    0.658498 ^ clkbuf_0_clk/Z (gf180mcu_fd_sc_mcu7t5v0__clkbuf_16)
                                                         clknet_0_clk (net)
                      0.354508    0.003747    0.662245 ^ clkbuf_3_7__f_clk/I (gf180mcu_fd_sc_mcu7t5v0__clkbuf_16)
     6    0.032478    0.136836    0.364079    1.026324 ^ clkbuf_3_7__f_clk/Z (gf180mcu_fd_sc_mcu7t5v0__clkbuf_16)
                                                         clknet_3_7__leaf_clk (net)
                      0.136838    0.001141    1.027465 ^ _244_/CLK (gf180mcu_fd_sc_mcu7t5v0__dffrnq_1)
     1    0.006783    0.288296    1.299986    2.327451 ^ _244_/Q (gf180mcu_fd_sc_mcu7t5v0__dffrnq_1)
                                                         net8 (net)
                      0.288296    0.000198    2.327649 ^ output8/I (gf180mcu_fd_sc_mcu7t5v0__buf_2)
     1    0.076326    0.928762    0.753109    3.080758 ^ output8/Z (gf180mcu_fd_sc_mcu7t5v0__buf_2)
                                                         latch_phase270_ack (net)
                      0.928767    0.001280    3.082038 ^ latch_phase270_ack (out)
                                              3.082038   data arrival time

                                200.000000  200.000000   clock clk (rise edge)
                                  0.000000  200.000000   clock network delay (propagated)
                                 -0.250000  199.750000   clock uncertainty
                                  0.000000  199.750000   clock reconvergence pessimism
                                -40.000000  159.749985   output external delay
                                            159.749985   data required time
---------------------------------------------------------------------------------------------
                                            159.749985   data required time
                                             -3.082038   data arrival time
---------------------------------------------------------------------------------------------
                                            156.667953   slack (MET)


Startpoint: rst_n (input port clocked by clk)
Endpoint: _247_ (recovery check against rising-edge clock clk)
Path Group: asynchronous
Path Type: max

Fanout         Cap        Slew       Delay        Time   Description
---------------------------------------------------------------------------------------------
                                  0.000000    0.000000   clock clk (rise edge)
                                  0.000000    0.000000   clock network delay (propagated)
                                 40.000000   40.000000 ^ input external delay
     1    0.005798    0.204653    0.080476   40.080479 ^ rst_n (in)
                                                         rst_n (net)
                      0.204653    0.000000   40.080479 ^ input4/I (gf180mcu_fd_sc_mcu7t5v0__buf_1)
     1    0.007822    0.262059    0.347917   40.428394 ^ input4/Z (gf180mcu_fd_sc_mcu7t5v0__buf_1)
                                                         net4 (net)
                      0.262059    0.000366   40.428761 ^ fanout49/I (gf180mcu_fd_sc_mcu7t5v0__dlyb_1)
     1    0.007555    0.292947    1.383430   41.812191 ^ fanout49/Z (gf180mcu_fd_sc_mcu7t5v0__dlyb_1)
                                                         net49 (net)
                      0.292947    0.000373   41.812565 ^ wire51/I (gf180mcu_fd_sc_mcu7t5v0__buf_1)
     4    0.032790    0.828461    0.704684   42.517246 ^ wire51/Z (gf180mcu_fd_sc_mcu7t5v0__buf_1)
                                                         net51 (net)
                      0.828465    0.000991   42.518238 ^ fanout41/I (gf180mcu_fd_sc_mcu7t5v0__dlyb_1)
     4    0.030787    0.793560    1.750401   44.268639 ^ fanout41/Z (gf180mcu_fd_sc_mcu7t5v0__dlyb_1)
                                                         net41 (net)
                      0.793561    0.000909   44.269550 ^ _247_/RN (gf180mcu_fd_sc_mcu7t5v0__dffrnq_1)
                                             44.269550   data arrival time

                                200.000000  200.000000   clock clk (rise edge)
                                  0.000000  200.000000   clock source latency
     1    0.043337    0.298221    0.151559  200.151550 ^ clk (in)
                                                         clk (net)
                      0.298224    0.000000  200.151550 ^ clkbuf_0_clk/I (gf180mcu_fd_sc_mcu7t5v0__clkbuf_16)
     8    0.200996    0.354491    0.506944  200.658493 ^ clkbuf_0_clk/Z (gf180mcu_fd_sc_mcu7t5v0__clkbuf_16)
                                                         clknet_0_clk (net)
                      0.354508    0.003737  200.662231 ^ clkbuf_3_7__f_clk/I (gf180mcu_fd_sc_mcu7t5v0__clkbuf_16)
     6    0.032478    0.136836    0.364082  201.026321 ^ clkbuf_3_7__f_clk/Z (gf180mcu_fd_sc_mcu7t5v0__clkbuf_16)
                                                         clknet_3_7__leaf_clk (net)
                      0.136838    0.001151  201.027466 ^ _247_/CLK (gf180mcu_fd_sc_mcu7t5v0__dffrnq_1)
                                 -0.250000  200.777466   clock uncertainty
                                  0.000000  200.777466   clock reconvergence pessimism
                                  0.316663  201.094131   library recovery time
                                            201.094131   data required time
---------------------------------------------------------------------------------------------
                                            201.094131   data required time
                                            -44.269550   data arrival time
---------------------------------------------------------------------------------------------
                                            156.824570   slack (MET)


Startpoint: rst_n (input port clocked by clk)
Endpoint: _256_ (recovery check against rising-edge clock clk)
Path Group: asynchronous
Path Type: max

Fanout         Cap        Slew       Delay        Time   Description
---------------------------------------------------------------------------------------------
                                  0.000000    0.000000   clock clk (rise edge)
                                  0.000000    0.000000   clock network delay (propagated)
                                 40.000000   40.000000 ^ input external delay
     1    0.005798    0.204653    0.080476   40.080479 ^ rst_n (in)
                                                         rst_n (net)
                      0.204653    0.000000   40.080479 ^ input4/I (gf180mcu_fd_sc_mcu7t5v0__buf_1)
     1    0.007822    0.262059    0.347917   40.428394 ^ input4/Z (gf180mcu_fd_sc_mcu7t5v0__buf_1)
                                                         net4 (net)
                      0.262059    0.000366   40.428761 ^ fanout49/I (gf180mcu_fd_sc_mcu7t5v0__dlyb_1)
     1    0.007555    0.292947    1.383430   41.812191 ^ fanout49/Z (gf180mcu_fd_sc_mcu7t5v0__dlyb_1)
                                                         net49 (net)
                      0.292947    0.000373   41.812565 ^ wire51/I (gf180mcu_fd_sc_mcu7t5v0__buf_1)
     4    0.032790    0.828461    0.704684   42.517246 ^ wire51/Z (gf180mcu_fd_sc_mcu7t5v0__buf_1)
                                                         net51 (net)
                      0.828465    0.000991   42.518238 ^ fanout41/I (gf180mcu_fd_sc_mcu7t5v0__dlyb_1)
     4    0.030787    0.793560    1.750401   44.268639 ^ fanout41/Z (gf180mcu_fd_sc_mcu7t5v0__dlyb_1)
                                                         net41 (net)
                      0.793560    0.000639   44.269279 ^ _256_/RN (gf180mcu_fd_sc_mcu7t5v0__dffrnq_1)
                                             44.269279   data arrival time

                                200.000000  200.000000   clock clk (rise edge)
                                  0.000000  200.000000   clock source latency
     1    0.043337    0.298221    0.151559  200.151550 ^ clk (in)
                                                         clk (net)
                      0.298224    0.000000  200.151550 ^ clkbuf_0_clk/I (gf180mcu_fd_sc_mcu7t5v0__clkbuf_16)
     8    0.200996    0.354491    0.506944  200.658493 ^ clkbuf_0_clk/Z (gf180mcu_fd_sc_mcu7t5v0__clkbuf_16)
                                                         clknet_0_clk (net)
                      0.354516    0.004519  200.663010 ^ clkbuf_3_5__f_clk/I (gf180mcu_fd_sc_mcu7t5v0__clkbuf_16)
     6    0.034167    0.139054    0.366043  201.029053 ^ clkbuf_3_5__f_clk/Z (gf180mcu_fd_sc_mcu7t5v0__clkbuf_16)
                                                         clknet_3_5__leaf_clk (net)
                      0.139055    0.000611  201.029663 ^ _256_/CLK (gf180mcu_fd_sc_mcu7t5v0__dffrnq_1)
                                 -0.250000  200.779678   clock uncertainty
                                  0.000000  200.779678   clock reconvergence pessimism
                                  0.317336  201.097015   library recovery time
                                            201.097015   data required time
---------------------------------------------------------------------------------------------
                                            201.097015   data required time
                                            -44.269279   data arrival time
---------------------------------------------------------------------------------------------
                                            156.827728   slack (MET)


Startpoint: rst_n (input port clocked by clk)
Endpoint: _255_ (recovery check against rising-edge clock clk)
Path Group: asynchronous
Path Type: max

Fanout         Cap        Slew       Delay        Time   Description
---------------------------------------------------------------------------------------------
                                  0.000000    0.000000   clock clk (rise edge)
                                  0.000000    0.000000   clock network delay (propagated)
                                 40.000000   40.000000 ^ input external delay
     1    0.005798    0.204653    0.080476   40.080479 ^ rst_n (in)
                                                         rst_n (net)
                      0.204653    0.000000   40.080479 ^ input4/I (gf180mcu_fd_sc_mcu7t5v0__buf_1)
     1    0.007822    0.262059    0.347917   40.428394 ^ input4/Z (gf180mcu_fd_sc_mcu7t5v0__buf_1)
                                                         net4 (net)
                      0.262059    0.000366   40.428761 ^ fanout49/I (gf180mcu_fd_sc_mcu7t5v0__dlyb_1)
     1    0.007555    0.292947    1.383430   41.812191 ^ fanout49/Z (gf180mcu_fd_sc_mcu7t5v0__dlyb_1)
                                                         net49 (net)
                      0.292947    0.000373   41.812565 ^ wire51/I (gf180mcu_fd_sc_mcu7t5v0__buf_1)
     4    0.032790    0.828461    0.704684   42.517246 ^ wire51/Z (gf180mcu_fd_sc_mcu7t5v0__buf_1)
                                                         net51 (net)
                      0.828461    0.000600   42.517849 ^ fanout45/I (gf180mcu_fd_sc_mcu7t5v0__dlyb_1)
     3    0.025288    0.672159    1.675495   44.193344 ^ fanout45/Z (gf180mcu_fd_sc_mcu7t5v0__dlyb_1)
                                                         net45 (net)
                      0.672163    0.001165   44.194508 ^ _255_/RN (gf180mcu_fd_sc_mcu7t5v0__dffrnq_1)
                                             44.194508   data arrival time

                                200.000000  200.000000   clock clk (rise edge)
                                  0.000000  200.000000   clock source latency
     1    0.043337    0.298221    0.151559  200.151550 ^ clk (in)
                                                         clk (net)
                      0.298224    0.000000  200.151550 ^ clkbuf_0_clk/I (gf180mcu_fd_sc_mcu7t5v0__clkbuf_16)
     8    0.200996    0.354491    0.506944  200.658493 ^ clkbuf_0_clk/Z (gf180mcu_fd_sc_mcu7t5v0__clkbuf_16)
                                                         clknet_0_clk (net)
                      0.354516    0.004519  200.663010 ^ clkbuf_3_5__f_clk/I (gf180mcu_fd_sc_mcu7t5v0__clkbuf_16)
     6    0.034167    0.139054    0.366043  201.029053 ^ clkbuf_3_5__f_clk/Z (gf180mcu_fd_sc_mcu7t5v0__clkbuf_16)
                                                         clknet_3_5__leaf_clk (net)
                      0.139057    0.001137  201.030197 ^ _255_/CLK (gf180mcu_fd_sc_mcu7t5v0__dffrnq_1)
                                 -0.250000  200.780197   clock uncertainty
                                  0.000000  200.780197   clock reconvergence pessimism
                                  0.340138  201.120331   library recovery time
                                            201.120331   data required time
---------------------------------------------------------------------------------------------
                                            201.120331   data required time
                                            -44.194508   data arrival time
---------------------------------------------------------------------------------------------
                                            156.925827   slack (MET)


Startpoint: rst_n (input port clocked by clk)
Endpoint: _243_ (recovery check against rising-edge clock clk)
Path Group: asynchronous
Path Type: max

Fanout         Cap        Slew       Delay        Time   Description
---------------------------------------------------------------------------------------------
                                  0.000000    0.000000   clock clk (rise edge)
                                  0.000000    0.000000   clock network delay (propagated)
                                 40.000000   40.000000 ^ input external delay
     1    0.005798    0.204653    0.080476   40.080479 ^ rst_n (in)
                                                         rst_n (net)
                      0.204653    0.000000   40.080479 ^ input4/I (gf180mcu_fd_sc_mcu7t5v0__buf_1)
     1    0.007822    0.262059    0.347917   40.428394 ^ input4/Z (gf180mcu_fd_sc_mcu7t5v0__buf_1)
                                                         net4 (net)
                      0.262059    0.000366   40.428761 ^ fanout49/I (gf180mcu_fd_sc_mcu7t5v0__dlyb_1)
     1    0.007555    0.292947    1.383430   41.812191 ^ fanout49/Z (gf180mcu_fd_sc_mcu7t5v0__dlyb_1)
                                                         net49 (net)
                      0.292947    0.000373   41.812565 ^ wire51/I (gf180mcu_fd_sc_mcu7t5v0__buf_1)
     4    0.032790    0.828461    0.704684   42.517246 ^ wire51/Z (gf180mcu_fd_sc_mcu7t5v0__buf_1)
                                                         net51 (net)
                      0.828461    0.000600   42.517849 ^ fanout45/I (gf180mcu_fd_sc_mcu7t5v0__dlyb_1)
     3    0.025288    0.672159    1.675495   44.193344 ^ fanout45/Z (gf180mcu_fd_sc_mcu7t5v0__dlyb_1)
                                                         net45 (net)
                      0.672163    0.001101   44.194447 ^ _243_/RN (gf180mcu_fd_sc_mcu7t5v0__dffrnq_1)
                                             44.194447   data arrival time

                                200.000000  200.000000   clock clk (rise edge)
                                  0.000000  200.000000   clock source latency
     1    0.043337    0.298221    0.151559  200.151550 ^ clk (in)
                                                         clk (net)
                      0.298224    0.000000  200.151550 ^ clkbuf_0_clk/I (gf180mcu_fd_sc_mcu7t5v0__clkbuf_16)
     8    0.200996    0.354491    0.506944  200.658493 ^ clkbuf_0_clk/Z (gf180mcu_fd_sc_mcu7t5v0__clkbuf_16)
                                                         clknet_0_clk (net)
                      0.354516    0.004519  200.663010 ^ clkbuf_3_5__f_clk/I (gf180mcu_fd_sc_mcu7t5v0__clkbuf_16)
     6    0.034167    0.139054    0.366043  201.029053 ^ clkbuf_3_5__f_clk/Z (gf180mcu_fd_sc_mcu7t5v0__clkbuf_16)
                                                         clknet_3_5__leaf_clk (net)
                      0.139058    0.001265  201.030319 ^ _243_/CLK (gf180mcu_fd_sc_mcu7t5v0__dffrnq_1)
                                 -0.250000  200.780319   clock uncertainty
                                  0.000000  200.780319   clock reconvergence pessimism
                                  0.340139  201.120468   library recovery time
                                            201.120468   data required time
---------------------------------------------------------------------------------------------
                                            201.120468   data required time
                                            -44.194447   data arrival time
---------------------------------------------------------------------------------------------
                                            156.926010   slack (MET)


Startpoint: rst_n (input port clocked by clk)
Endpoint: _229_ (recovery check against rising-edge clock clk)
Path Group: asynchronous
Path Type: max

Fanout         Cap        Slew       Delay        Time   Description
---------------------------------------------------------------------------------------------
                                  0.000000    0.000000   clock clk (rise edge)
                                  0.000000    0.000000   clock network delay (propagated)
                                 40.000000   40.000000 ^ input external delay
     1    0.005798    0.204653    0.080476   40.080479 ^ rst_n (in)
                                                         rst_n (net)
                      0.204653    0.000000   40.080479 ^ input4/I (gf180mcu_fd_sc_mcu7t5v0__buf_1)
     1    0.007822    0.262059    0.347917   40.428394 ^ input4/Z (gf180mcu_fd_sc_mcu7t5v0__buf_1)
                                                         net4 (net)
                      0.262059    0.000366   40.428761 ^ fanout49/I (gf180mcu_fd_sc_mcu7t5v0__dlyb_1)
     1    0.007555    0.292947    1.383430   41.812191 ^ fanout49/Z (gf180mcu_fd_sc_mcu7t5v0__dlyb_1)
                                                         net49 (net)
                      0.292947    0.000373   41.812565 ^ wire51/I (gf180mcu_fd_sc_mcu7t5v0__buf_1)
     4    0.032790    0.828461    0.704684   42.517246 ^ wire51/Z (gf180mcu_fd_sc_mcu7t5v0__buf_1)
                                                         net51 (net)
                      0.828464    0.000895   42.518143 ^ fanout37/I (gf180mcu_fd_sc_mcu7t5v0__dlyb_1)
     3    0.019403    0.545196    1.595517   44.113659 ^ fanout37/Z (gf180mcu_fd_sc_mcu7t5v0__dlyb_1)
                                                         net37 (net)
                      0.545196    0.000441   44.114101 ^ _229_/RN (gf180mcu_fd_sc_mcu7t5v0__dffrnq_1)
                                             44.114101   data arrival time

                                200.000000  200.000000   clock clk (rise edge)
                                  0.000000  200.000000   clock source latency
     1    0.043337    0.298221    0.151559  200.151550 ^ clk (in)
                                                         clk (net)
                      0.298224    0.000000  200.151550 ^ clkbuf_0_clk/I (gf180mcu_fd_sc_mcu7t5v0__clkbuf_16)
     8    0.200996    0.354491    0.506944  200.658493 ^ clkbuf_0_clk/Z (gf180mcu_fd_sc_mcu7t5v0__clkbuf_16)
                                                         clknet_0_clk (net)
                      0.354528    0.005457  200.663956 ^ clkbuf_3_1__f_clk/I (gf180mcu_fd_sc_mcu7t5v0__clkbuf_16)
     6    0.038427    0.144642    0.370903  201.034851 ^ clkbuf_3_1__f_clk/Z (gf180mcu_fd_sc_mcu7t5v0__clkbuf_16)
                                                         clknet_3_1__leaf_clk (net)
                      0.144647    0.001492  201.036346 ^ _229_/CLK (gf180mcu_fd_sc_mcu7t5v0__dffrnq_1)
                                 -0.250000  200.786346   clock uncertainty
                                  0.000000  200.786346   clock reconvergence pessimism
                                  0.344902  201.131256   library recovery time
                                            201.131256   data required time
---------------------------------------------------------------------------------------------
                                            201.131256   data required time
                                            -44.114101   data arrival time
---------------------------------------------------------------------------------------------
                                            157.017151   slack (MET)


Startpoint: rst_n (input port clocked by clk)
Endpoint: _246_ (recovery check against rising-edge clock clk)
Path Group: asynchronous
Path Type: max

Fanout         Cap        Slew       Delay        Time   Description
---------------------------------------------------------------------------------------------
                                  0.000000    0.000000   clock clk (rise edge)
                                  0.000000    0.000000   clock network delay (propagated)
                                 40.000000   40.000000 ^ input external delay
     1    0.005798    0.204653    0.080476   40.080479 ^ rst_n (in)
                                                         rst_n (net)
                      0.204653    0.000000   40.080479 ^ input4/I (gf180mcu_fd_sc_mcu7t5v0__buf_1)
     1    0.007822    0.262059    0.347917   40.428394 ^ input4/Z (gf180mcu_fd_sc_mcu7t5v0__buf_1)
                                                         net4 (net)
                      0.262059    0.000366   40.428761 ^ fanout49/I (gf180mcu_fd_sc_mcu7t5v0__dlyb_1)
     1    0.007555    0.292947    1.383430   41.812191 ^ fanout49/Z (gf180mcu_fd_sc_mcu7t5v0__dlyb_1)
                                                         net49 (net)
                      0.292947    0.000373   41.812565 ^ wire51/I (gf180mcu_fd_sc_mcu7t5v0__buf_1)
     4    0.032790    0.828461    0.704684   42.517246 ^ wire51/Z (gf180mcu_fd_sc_mcu7t5v0__buf_1)
                                                         net51 (net)
                      0.828465    0.000995   42.518242 ^ wire50/I (gf180mcu_fd_sc_mcu7t5v0__clkbuf_2)
     3    0.032998    0.441753    0.627605   43.145847 ^ wire50/Z (gf180mcu_fd_sc_mcu7t5v0__clkbuf_2)
                                                         net50 (net)
                      0.441754    0.000977   43.146824 ^ _246_/RN (gf180mcu_fd_sc_mcu7t5v0__dffrnq_1)
                                             43.146824   data arrival time

                                200.000000  200.000000   clock clk (rise edge)
                                  0.000000  200.000000   clock source latency
     1    0.043337    0.298221    0.151559  200.151550 ^ clk (in)
                                                         clk (net)
                      0.298224    0.000000  200.151550 ^ clkbuf_0_clk/I (gf180mcu_fd_sc_mcu7t5v0__clkbuf_16)
     8    0.200996    0.354491    0.506944  200.658493 ^ clkbuf_0_clk/Z (gf180mcu_fd_sc_mcu7t5v0__clkbuf_16)
                                                         clknet_0_clk (net)
                      0.354508    0.003737  200.662231 ^ clkbuf_3_6__f_clk/I (gf180mcu_fd_sc_mcu7t5v0__clkbuf_16)
     6    0.030645    0.134423    0.362078  201.024307 ^ clkbuf_3_6__f_clk/Z (gf180mcu_fd_sc_mcu7t5v0__clkbuf_16)
                                                         clknet_3_6__leaf_clk (net)
                      0.134423    0.000568  201.024887 ^ _246_/CLK (gf180mcu_fd_sc_mcu7t5v0__dffrnq_1)
                                 -0.250000  200.774887   clock uncertainty
                                  0.000000  200.774887   clock reconvergence pessimism
                                  0.344407  201.119278   library recovery time
                                            201.119278   data required time
---------------------------------------------------------------------------------------------
                                            201.119278   data required time
                                            -43.146824   data arrival time
---------------------------------------------------------------------------------------------
                                            157.972458   slack (MET)


Startpoint: rst_n (input port clocked by clk)
Endpoint: _225_ (recovery check against rising-edge clock clk)
Path Group: asynchronous
Path Type: max

Fanout         Cap        Slew       Delay        Time   Description
---------------------------------------------------------------------------------------------
                                  0.000000    0.000000   clock clk (rise edge)
                                  0.000000    0.000000   clock network delay (propagated)
                                 40.000000   40.000000 ^ input external delay
     1    0.005798    0.204653    0.080476   40.080479 ^ rst_n (in)
                                                         rst_n (net)
                      0.204653    0.000000   40.080479 ^ input4/I (gf180mcu_fd_sc_mcu7t5v0__buf_1)
     1    0.007822    0.262059    0.347917   40.428394 ^ input4/Z (gf180mcu_fd_sc_mcu7t5v0__buf_1)
                                                         net4 (net)
                      0.262059    0.000366   40.428761 ^ fanout49/I (gf180mcu_fd_sc_mcu7t5v0__dlyb_1)
     1    0.007555    0.292947    1.383430   41.812191 ^ fanout49/Z (gf180mcu_fd_sc_mcu7t5v0__dlyb_1)
                                                         net49 (net)
                      0.292947    0.000373   41.812565 ^ wire51/I (gf180mcu_fd_sc_mcu7t5v0__buf_1)
     4    0.032790    0.828461    0.704684   42.517246 ^ wire51/Z (gf180mcu_fd_sc_mcu7t5v0__buf_1)
                                                         net51 (net)
                      0.828465    0.000995   42.518242 ^ wire50/I (gf180mcu_fd_sc_mcu7t5v0__clkbuf_2)
     3    0.032998    0.441753    0.627605   43.145847 ^ wire50/Z (gf180mcu_fd_sc_mcu7t5v0__clkbuf_2)
                                                         net50 (net)
                      0.441753    0.000675   43.146523 ^ _225_/RN (gf180mcu_fd_sc_mcu7t5v0__dffrnq_1)
                                             43.146523   data arrival time

                                200.000000  200.000000   clock clk (rise edge)
                                  0.000000  200.000000   clock source latency
     1    0.043337    0.298221    0.151559  200.151550 ^ clk (in)
                                                         clk (net)
                      0.298224    0.000000  200.151550 ^ clkbuf_0_clk/I (gf180mcu_fd_sc_mcu7t5v0__clkbuf_16)
     8    0.200996    0.354491    0.506944  200.658493 ^ clkbuf_0_clk/Z (gf180mcu_fd_sc_mcu7t5v0__clkbuf_16)
                                                         clknet_0_clk (net)
                      0.354508    0.003737  200.662231 ^ clkbuf_3_6__f_clk/I (gf180mcu_fd_sc_mcu7t5v0__clkbuf_16)
     6    0.030645    0.134423    0.362078  201.024307 ^ clkbuf_3_6__f_clk/Z (gf180mcu_fd_sc_mcu7t5v0__clkbuf_16)
                                                         clknet_3_6__leaf_clk (net)
                      0.134423    0.000568  201.024887 ^ _225_/CLK (gf180mcu_fd_sc_mcu7t5v0__dffrnq_1)
                                 -0.250000  200.774887   clock uncertainty
                                  0.000000  200.774887   clock reconvergence pessimism
                                  0.344407  201.119278   library recovery time
                                            201.119278   data required time
---------------------------------------------------------------------------------------------
                                            201.119278   data required time
                                            -43.146523   data arrival time
---------------------------------------------------------------------------------------------
                                            157.972748   slack (MET)


Startpoint: rst_n (input port clocked by clk)
Endpoint: _224_ (recovery check against rising-edge clock clk)
Path Group: asynchronous
Path Type: max

Fanout         Cap        Slew       Delay        Time   Description
---------------------------------------------------------------------------------------------
                                  0.000000    0.000000   clock clk (rise edge)
                                  0.000000    0.000000   clock network delay (propagated)
                                 40.000000   40.000000 ^ input external delay
     1    0.005798    0.204653    0.080476   40.080479 ^ rst_n (in)
                                                         rst_n (net)
                      0.204653    0.000000   40.080479 ^ input4/I (gf180mcu_fd_sc_mcu7t5v0__buf_1)
     1    0.007822    0.262059    0.347917   40.428394 ^ input4/Z (gf180mcu_fd_sc_mcu7t5v0__buf_1)
                                                         net4 (net)
                      0.262059    0.000366   40.428761 ^ fanout49/I (gf180mcu_fd_sc_mcu7t5v0__dlyb_1)
     1    0.007555    0.292947    1.383430   41.812191 ^ fanout49/Z (gf180mcu_fd_sc_mcu7t5v0__dlyb_1)
                                                         net49 (net)
                      0.292947    0.000373   41.812565 ^ wire51/I (gf180mcu_fd_sc_mcu7t5v0__buf_1)
     4    0.032790    0.828461    0.704684   42.517246 ^ wire51/Z (gf180mcu_fd_sc_mcu7t5v0__buf_1)
                                                         net51 (net)
                      0.828465    0.000995   42.518242 ^ wire50/I (gf180mcu_fd_sc_mcu7t5v0__clkbuf_2)
     3    0.032998    0.441753    0.627605   43.145847 ^ wire50/Z (gf180mcu_fd_sc_mcu7t5v0__clkbuf_2)
                                                         net50 (net)
                      0.441753    0.000675   43.146523 ^ _224_/RN (gf180mcu_fd_sc_mcu7t5v0__dffrnq_1)
                                             43.146523   data arrival time

                                200.000000  200.000000   clock clk (rise edge)
                                  0.000000  200.000000   clock source latency
     1    0.043337    0.298221    0.151559  200.151550 ^ clk (in)
                                                         clk (net)
                      0.298224    0.000000  200.151550 ^ clkbuf_0_clk/I (gf180mcu_fd_sc_mcu7t5v0__clkbuf_16)
     8    0.200996    0.354491    0.506944  200.658493 ^ clkbuf_0_clk/Z (gf180mcu_fd_sc_mcu7t5v0__clkbuf_16)
                                                         clknet_0_clk (net)
                      0.354508    0.003737  200.662231 ^ clkbuf_3_3__f_clk/I (gf180mcu_fd_sc_mcu7t5v0__clkbuf_16)
     6    0.030928    0.134794    0.362391  201.024628 ^ clkbuf_3_3__f_clk/Z (gf180mcu_fd_sc_mcu7t5v0__clkbuf_16)
                                                         clknet_3_3__leaf_clk (net)
                      0.134795    0.000554  201.025177 ^ _224_/CLK (gf180mcu_fd_sc_mcu7t5v0__dffrnq_1)
                                 -0.250000  200.775177   clock uncertainty
                                  0.000000  200.775177   clock reconvergence pessimism
                                  0.344516  201.119690   library recovery time
                                            201.119690   data required time
---------------------------------------------------------------------------------------------
                                            201.119690   data required time
                                            -43.146523   data arrival time
---------------------------------------------------------------------------------------------
                                            157.973175   slack (MET)


Startpoint: soft_rst_n (input port clocked by clk)
Endpoint: _247_ (rising edge-triggered flip-flop clocked by clk)
Path Group: clk
Path Type: max

Fanout         Cap        Slew       Delay        Time   Description
---------------------------------------------------------------------------------------------
                                  0.000000    0.000000   clock clk (rise edge)
                                  0.000000    0.000000   clock network delay (propagated)
                                 40.000000   40.000000 ^ input external delay
     1    0.006252    0.215082    0.086668   40.086670 ^ soft_rst_n (in)
                                                         soft_rst_n (net)
                      0.215082    0.000000   40.086670 ^ input5/I (gf180mcu_fd_sc_mcu7t5v0__buf_1)
     5    0.032357    0.818064    0.682249   40.768917 ^ input5/Z (gf180mcu_fd_sc_mcu7t5v0__buf_1)
                                                         net5 (net)
                      0.818073    0.001528   40.770447 ^ _126_/A1 (gf180mcu_fd_sc_mcu7t5v0__and2_1)
     1    0.005629    0.245270    0.504503   41.274948 ^ _126_/Z (gf180mcu_fd_sc_mcu7t5v0__and2_1)
                                                         _002_ (net)
                      0.245270    0.000142   41.275093 ^ _247_/D (gf180mcu_fd_sc_mcu7t5v0__dffrnq_1)
                                             41.275093   data arrival time

                                200.000000  200.000000   clock clk (rise edge)
                                  0.000000  200.000000   clock source latency
     1    0.043337    0.298221    0.151559  200.151550 ^ clk (in)
                                                         clk (net)
                      0.298224    0.000000  200.151550 ^ clkbuf_0_clk/I (gf180mcu_fd_sc_mcu7t5v0__clkbuf_16)
     8    0.200996    0.354491    0.506944  200.658493 ^ clkbuf_0_clk/Z (gf180mcu_fd_sc_mcu7t5v0__clkbuf_16)
                                                         clknet_0_clk (net)
                      0.354508    0.003737  200.662231 ^ clkbuf_3_7__f_clk/I (gf180mcu_fd_sc_mcu7t5v0__clkbuf_16)
     6    0.032478    0.136836    0.364082  201.026321 ^ clkbuf_3_7__f_clk/Z (gf180mcu_fd_sc_mcu7t5v0__clkbuf_16)
                                                         clknet_3_7__leaf_clk (net)
                      0.136838    0.001151  201.027466 ^ _247_/CLK (gf180mcu_fd_sc_mcu7t5v0__dffrnq_1)
                                 -0.250000  200.777466   clock uncertainty
                                  0.000000  200.777466   clock reconvergence pessimism
                                 -0.476772  200.300690   library setup time
                                            200.300690   data required time
---------------------------------------------------------------------------------------------
                                            200.300690   data required time
                                            -41.275093   data arrival time
---------------------------------------------------------------------------------------------
                                            159.025604   slack (MET)


Startpoint: soft_rst_n (input port clocked by clk)
Endpoint: _244_ (rising edge-triggered flip-flop clocked by clk)
Path Group: clk
Path Type: max

Fanout         Cap        Slew       Delay        Time   Description
---------------------------------------------------------------------------------------------
                                  0.000000    0.000000   clock clk (rise edge)
                                  0.000000    0.000000   clock network delay (propagated)
                                 40.000000   40.000000 ^ input external delay
     1    0.006252    0.215082    0.086668   40.086670 ^ soft_rst_n (in)
                                                         soft_rst_n (net)
                      0.215082    0.000000   40.086670 ^ input5/I (gf180mcu_fd_sc_mcu7t5v0__buf_1)
     5    0.032357    0.818064    0.682249   40.768917 ^ input5/Z (gf180mcu_fd_sc_mcu7t5v0__buf_1)
                                                         net5 (net)
                      0.818071    0.001368   40.770287 ^ _128_/A1 (gf180mcu_fd_sc_mcu7t5v0__and2_1)
     1    0.005321    0.238943    0.499899   41.270184 ^ _128_/Z (gf180mcu_fd_sc_mcu7t5v0__and2_1)
                                                         _004_ (net)
                      0.238943    0.000139   41.270325 ^ _244_/D (gf180mcu_fd_sc_mcu7t5v0__dffrnq_1)
                                             41.270325   data arrival time

                                200.000000  200.000000   clock clk (rise edge)
                                  0.000000  200.000000   clock source latency
     1    0.043337    0.298221    0.151559  200.151550 ^ clk (in)
                                                         clk (net)
                      0.298224    0.000000  200.151550 ^ clkbuf_0_clk/I (gf180mcu_fd_sc_mcu7t5v0__clkbuf_16)
     8    0.200996    0.354491    0.506944  200.658493 ^ clkbuf_0_clk/Z (gf180mcu_fd_sc_mcu7t5v0__clkbuf_16)
                                                         clknet_0_clk (net)
                      0.354508    0.003737  200.662231 ^ clkbuf_3_7__f_clk/I (gf180mcu_fd_sc_mcu7t5v0__clkbuf_16)
     6    0.032478    0.136836    0.364082  201.026321 ^ clkbuf_3_7__f_clk/Z (gf180mcu_fd_sc_mcu7t5v0__clkbuf_16)
                                                         clknet_3_7__leaf_clk (net)
                      0.136838    0.001137  201.027451 ^ _244_/CLK (gf180mcu_fd_sc_mcu7t5v0__dffrnq_1)
                                 -0.250000  200.777451   clock uncertainty
                                  0.000000  200.777451   clock reconvergence pessimism
                                 -0.475405  200.302048   library setup time
                                            200.302048   data required time
---------------------------------------------------------------------------------------------
                                            200.302048   data required time
                                            -41.270325   data arrival time
---------------------------------------------------------------------------------------------
                                            159.031723   slack (MET)


Startpoint: soft_rst_n (input port clocked by clk)
Endpoint: _248_ (rising edge-triggered flip-flop clocked by clk)
Path Group: clk
Path Type: max

Fanout         Cap        Slew       Delay        Time   Description
---------------------------------------------------------------------------------------------
                                  0.000000    0.000000   clock clk (rise edge)
                                  0.000000    0.000000   clock network delay (propagated)
                                 40.000000   40.000000 ^ input external delay
     1    0.006252    0.215082    0.086668   40.086670 ^ soft_rst_n (in)
                                                         soft_rst_n (net)
                      0.215082    0.000000   40.086670 ^ input5/I (gf180mcu_fd_sc_mcu7t5v0__buf_1)
     5    0.032357    0.818064    0.682249   40.768917 ^ input5/Z (gf180mcu_fd_sc_mcu7t5v0__buf_1)
                                                         net5 (net)
                      0.818071    0.001368   40.770287 ^ _127_/A1 (gf180mcu_fd_sc_mcu7t5v0__and2_1)
     1    0.004955    0.231440    0.494435   41.264721 ^ _127_/Z (gf180mcu_fd_sc_mcu7t5v0__and2_1)
                                                         _003_ (net)
                      0.231440    0.000131   41.264851 ^ _248_/D (gf180mcu_fd_sc_mcu7t5v0__dffrnq_1)
                                             41.264851   data arrival time

                                200.000000  200.000000   clock clk (rise edge)
                                  0.000000  200.000000   clock source latency
     1    0.043337    0.298221    0.151559  200.151550 ^ clk (in)
                                                         clk (net)
                      0.298224    0.000000  200.151550 ^ clkbuf_0_clk/I (gf180mcu_fd_sc_mcu7t5v0__clkbuf_16)
     8    0.200996    0.354491    0.506944  200.658493 ^ clkbuf_0_clk/Z (gf180mcu_fd_sc_mcu7t5v0__clkbuf_16)
                                                         clknet_0_clk (net)
                      0.354508    0.003737  200.662231 ^ clkbuf_3_7__f_clk/I (gf180mcu_fd_sc_mcu7t5v0__clkbuf_16)
     6    0.032478    0.136836    0.364082  201.026321 ^ clkbuf_3_7__f_clk/Z (gf180mcu_fd_sc_mcu7t5v0__clkbuf_16)
                                                         clknet_3_7__leaf_clk (net)
                      0.136839    0.001194  201.027512 ^ _248_/CLK (gf180mcu_fd_sc_mcu7t5v0__dffrnq_1)
                                 -0.250000  200.777512   clock uncertainty
                                  0.000000  200.777512   clock reconvergence pessimism
                                 -0.473783  200.303741   library setup time
                                            200.303741   data required time
---------------------------------------------------------------------------------------------
                                            200.303741   data required time
                                            -41.264851   data arrival time
---------------------------------------------------------------------------------------------
                                            159.038879   slack (MET)


Startpoint: soft_rst_n (input port clocked by clk)
Endpoint: _246_ (rising edge-triggered flip-flop clocked by clk)
Path Group: clk
Path Type: max

Fanout         Cap        Slew       Delay        Time   Description
---------------------------------------------------------------------------------------------
                                  0.000000    0.000000   clock clk (rise edge)
                                  0.000000    0.000000   clock network delay (propagated)
                                 40.000000   40.000000 ^ input external delay
     1    0.006252    0.215082    0.086668   40.086670 ^ soft_rst_n (in)
                                                         soft_rst_n (net)
                      0.215082    0.000000   40.086670 ^ input5/I (gf180mcu_fd_sc_mcu7t5v0__buf_1)
     5    0.032357    0.818064    0.682249   40.768917 ^ input5/Z (gf180mcu_fd_sc_mcu7t5v0__buf_1)
                                                         net5 (net)
                      0.818069    0.001180   40.770100 ^ _125_/A1 (gf180mcu_fd_sc_mcu7t5v0__and2_1)
     1    0.003927    0.210307    0.479059   41.249157 ^ _125_/Z (gf180mcu_fd_sc_mcu7t5v0__and2_1)
                                                         _001_ (net)
                      0.210307    0.000117   41.249275 ^ _246_/D (gf180mcu_fd_sc_mcu7t5v0__dffrnq_1)
                                             41.249275   data arrival time

                                200.000000  200.000000   clock clk (rise edge)
                                  0.000000  200.000000   clock source latency
     1    0.043337    0.298221    0.151559  200.151550 ^ clk (in)
                                                         clk (net)
                      0.298224    0.000000  200.151550 ^ clkbuf_0_clk/I (gf180mcu_fd_sc_mcu7t5v0__clkbuf_16)
     8    0.200996    0.354491    0.506944  200.658493 ^ clkbuf_0_clk/Z (gf180mcu_fd_sc_mcu7t5v0__clkbuf_16)
                                                         clknet_0_clk (net)
                      0.354508    0.003737  200.662231 ^ clkbuf_3_6__f_clk/I (gf180mcu_fd_sc_mcu7t5v0__clkbuf_16)
     6    0.030645    0.134423    0.362078  201.024307 ^ clkbuf_3_6__f_clk/Z (gf180mcu_fd_sc_mcu7t5v0__clkbuf_16)
                                                         clknet_3_6__leaf_clk (net)
                      0.134423    0.000568  201.024887 ^ _246_/CLK (gf180mcu_fd_sc_mcu7t5v0__dffrnq_1)
                                 -0.250000  200.774887   clock uncertainty
                                  0.000000  200.774887   clock reconvergence pessimism
                                 -0.469965  200.304916   library setup time
                                            200.304916   data required time
---------------------------------------------------------------------------------------------
                                            200.304916   data required time
                                            -41.249275   data arrival time
---------------------------------------------------------------------------------------------
                                            159.055649   slack (MET)



%OL_END_REPORT
%OL_CREATE_REPORT checks.rpt

===========================================================================
report_checks -unconstrained
===========================================================================
======================= nom_tt_025C_3v30 Corner ===================================

Startpoint: rst_n (input port clocked by clk)
Endpoint: _216_ (recovery check against rising-edge clock clk)
Path Group: asynchronous
Path Type: max

Fanout         Cap        Slew       Delay        Time   Description
---------------------------------------------------------------------------------------------
                                  0.000000    0.000000   clock clk (rise edge)
                                  0.000000    0.000000   clock network delay (propagated)
                                 40.000000   40.000000 ^ input external delay
     1    0.005798    0.204653    0.080476   40.080479 ^ rst_n (in)
                                                         rst_n (net)
                      0.204653    0.000000   40.080479 ^ input4/I (gf180mcu_fd_sc_mcu7t5v0__buf_1)
     1    0.007822    0.262059    0.347917   40.428394 ^ input4/Z (gf180mcu_fd_sc_mcu7t5v0__buf_1)
                                                         net4 (net)
                      0.262059    0.000366   40.428761 ^ fanout49/I (gf180mcu_fd_sc_mcu7t5v0__dlyb_1)
     1    0.007555    0.292947    1.383430   41.812191 ^ fanout49/Z (gf180mcu_fd_sc_mcu7t5v0__dlyb_1)
                                                         net49 (net)
                      0.292947    0.000373   41.812565 ^ wire51/I (gf180mcu_fd_sc_mcu7t5v0__buf_1)
     4    0.032790    0.828461    0.704684   42.517246 ^ wire51/Z (gf180mcu_fd_sc_mcu7t5v0__buf_1)
                                                         net51 (net)
                      0.828464    0.000895   42.518143 ^ fanout37/I (gf180mcu_fd_sc_mcu7t5v0__dlyb_1)
     3    0.019403    0.545196    1.595517   44.113659 ^ fanout37/Z (gf180mcu_fd_sc_mcu7t5v0__dlyb_1)
                                                         net37 (net)
                      0.545196    0.000384   44.114044 ^ load_slew39/I (gf180mcu_fd_sc_mcu7t5v0__clkbuf_2)
     3    0.024972    0.348811    0.531113   44.645157 ^ load_slew39/Z (gf180mcu_fd_sc_mcu7t5v0__clkbuf_2)
                                                         net39 (net)
                      0.348813    0.001236   44.646393 ^ fanout33/I (gf180mcu_fd_sc_mcu7t5v0__dlyb_1)
     3    0.026767    0.704294    1.663501   46.309895 ^ fanout33/Z (gf180mcu_fd_sc_mcu7t5v0__dlyb_1)
                                                         net33 (net)
                      0.704296    0.000945   46.310841 ^ load_slew36/I (gf180mcu_fd_sc_mcu7t5v0__buf_2)
     3    0.022013    0.311788    0.435570   46.746410 ^ load_slew36/Z (gf180mcu_fd_sc_mcu7t5v0__buf_2)
                                                         net36 (net)
                      0.311790    0.001123   46.747532 ^ wire35/I (gf180mcu_fd_sc_mcu7t5v0__buf_1)
     4    0.031837    0.806664    0.694119   47.441650 ^ wire35/Z (gf180mcu_fd_sc_mcu7t5v0__buf_1)
                                                         net35 (net)
                      0.806664    0.000597   47.442245 ^ load_slew34/I (gf180mcu_fd_sc_mcu7t5v0__clkbuf_2)
     3    0.030679    0.415743    0.609273   48.051521 ^ load_slew34/Z (gf180mcu_fd_sc_mcu7t5v0__clkbuf_2)
                                                         net34 (net)
                      0.415745    0.001286   48.052807 ^ _216_/RN (gf180mcu_fd_sc_mcu7t5v0__dffrnq_1)
                                             48.052807   data arrival time

                                200.000000  200.000000   clock clk (rise edge)
                                  0.000000  200.000000   clock source latency
     1    0.043337    0.298221    0.151559  200.151550 ^ clk (in)
                                                         clk (net)
                      0.298224    0.000000  200.151550 ^ clkbuf_0_clk/I (gf180mcu_fd_sc_mcu7t5v0__clkbuf_16)
     8    0.200996    0.354491    0.506944  200.658493 ^ clkbuf_0_clk/Z (gf180mcu_fd_sc_mcu7t5v0__clkbuf_16)
                                                         clknet_0_clk (net)
                      0.354508    0.003737  200.662231 ^ clkbuf_3_2__f_clk/I (gf180mcu_fd_sc_mcu7t5v0__clkbuf_16)
     6    0.031161    0.135101    0.362661  201.024902 ^ clkbuf_3_2__f_clk/Z (gf180mcu_fd_sc_mcu7t5v0__clkbuf_16)
                                                         clknet_3_2__leaf_clk (net)
                      0.135102    0.000583  201.025482 ^ _216_/CLK (gf180mcu_fd_sc_mcu7t5v0__dffrnq_1)
                                 -0.250000  200.775482   clock uncertainty
                                  0.000000  200.775482   clock reconvergence pessimism
                                  0.345244  201.120712   library recovery time
                                            201.120712   data required time
---------------------------------------------------------------------------------------------
                                            201.120712   data required time
                                            -48.052807   data arrival time
---------------------------------------------------------------------------------------------
                                            153.067902   slack (MET)


Startpoint: soft_rst_n (input port clocked by clk)
Endpoint: _242_ (rising edge-triggered flip-flop clocked by clk)
Path Group: clk
Path Type: max

Fanout         Cap        Slew       Delay        Time   Description
---------------------------------------------------------------------------------------------
                                  0.000000    0.000000   clock clk (rise edge)
                                  0.000000    0.000000   clock network delay (propagated)
                                 40.000000   40.000000 ^ input external delay
     1    0.006252    0.215082    0.086668   40.086670 ^ soft_rst_n (in)
                                                         soft_rst_n (net)
                      0.215082    0.000000   40.086670 ^ input5/I (gf180mcu_fd_sc_mcu7t5v0__buf_1)
     5    0.032357    0.818064    0.682249   40.768917 ^ input5/Z (gf180mcu_fd_sc_mcu7t5v0__buf_1)
                                                         net5 (net)
                      0.818069    0.001180   40.770100 ^ fanout29/I (gf180mcu_fd_sc_mcu7t5v0__dlyb_1)
     2    0.010505    0.352987    1.471214   42.241314 ^ fanout29/Z (gf180mcu_fd_sc_mcu7t5v0__dlyb_1)
                                                         net29 (net)
                      0.352987    0.000455   42.241768 ^ wire32/I (gf180mcu_fd_sc_mcu7t5v0__buf_1)
     4    0.031283    0.793815    0.691117   42.932884 ^ wire32/Z (gf180mcu_fd_sc_mcu7t5v0__buf_1)
                                                         net32 (net)
                      0.793820    0.001151   42.934036 ^ load_slew31/I (gf180mcu_fd_sc_mcu7t5v0__clkbuf_2)
     4    0.032997    0.441133    0.623590   43.557625 ^ load_slew31/Z (gf180mcu_fd_sc_mcu7t5v0__clkbuf_2)
                                                         net31 (net)
                      0.441134    0.001254   43.558880 ^ load_slew30/I (gf180mcu_fd_sc_mcu7t5v0__clkbuf_1)
     3    0.026687    0.678906    0.636646   44.195526 ^ load_slew30/Z (gf180mcu_fd_sc_mcu7t5v0__clkbuf_1)
                                                         net30 (net)
                      0.678911    0.001066   44.196590 ^ _108_/I (gf180mcu_fd_sc_mcu7t5v0__clkinv_1)
     4    0.025678    0.595539    0.524601   44.721191 v _108_/ZN (gf180mcu_fd_sc_mcu7t5v0__clkinv_1)
                                                         _101_ (net)
                      0.595539    0.000512   44.721703 v _142_/A1 (gf180mcu_fd_sc_mcu7t5v0__nor2_1)
     2    0.009696    0.613647    0.522750   45.244453 ^ _142_/ZN (gf180mcu_fd_sc_mcu7t5v0__nor2_1)
                                                         _054_ (net)
                      0.613647    0.000206   45.244659 ^ fanout21/I (gf180mcu_fd_sc_mcu7t5v0__dlyb_1)
     4    0.027274    0.714965    1.694048   46.938705 ^ fanout21/Z (gf180mcu_fd_sc_mcu7t5v0__dlyb_1)
                                                         net21 (net)
                      0.714970    0.001400   46.940105 ^ load_slew23/I (gf180mcu_fd_sc_mcu7t5v0__buf_2)
     3    0.024795    0.342274    0.454939   47.395046 ^ load_slew23/Z (gf180mcu_fd_sc_mcu7t5v0__buf_2)
                                                         net23 (net)
                      0.342277    0.001528   47.396572 ^ _180_/A2 (gf180mcu_fd_sc_mcu7t5v0__nand2_1)
     3    0.021152    0.577939    0.373824   47.770397 v _180_/ZN (gf180mcu_fd_sc_mcu7t5v0__nand2_1)
                                                         _080_ (net)
                      0.577942    0.000753   47.771149 v _191_/A2 (gf180mcu_fd_sc_mcu7t5v0__oai31_1)
     1    0.007405    1.027192    0.797609   48.568760 ^ _191_/ZN (gf180mcu_fd_sc_mcu7t5v0__oai31_1)
                                                         _029_ (net)
                      1.027192    0.000377   48.569138 ^ _242_/D (gf180mcu_fd_sc_mcu7t5v0__dffrnq_1)
                                             48.569138   data arrival time

                                200.000000  200.000000   clock clk (rise edge)
                                  0.000000  200.000000   clock source latency
     1    0.043337    0.298221    0.151559  200.151550 ^ clk (in)
                                                         clk (net)
                      0.298224    0.000000  200.151550 ^ clkbuf_0_clk/I (gf180mcu_fd_sc_mcu7t5v0__clkbuf_16)
     8    0.200996    0.354491    0.506944  200.658493 ^ clkbuf_0_clk/Z (gf180mcu_fd_sc_mcu7t5v0__clkbuf_16)
                                                         clknet_0_clk (net)
                      0.354508    0.003752  200.662247 ^ clkbuf_3_0__f_clk/I (gf180mcu_fd_sc_mcu7t5v0__clkbuf_16)
     6    0.036406    0.141994    0.368644  201.030899 ^ clkbuf_3_0__f_clk/Z (gf180mcu_fd_sc_mcu7t5v0__clkbuf_16)
                                                         clknet_3_0__leaf_clk (net)
                      0.141999    0.001336  201.032227 ^ _242_/CLK (gf180mcu_fd_sc_mcu7t5v0__dffrnq_1)
                                 -0.250000  200.782227   clock uncertainty
                                  0.000000  200.782227   clock reconvergence pessimism
                                 -0.588393  200.193848   library setup time
                                            200.193848   data required time
---------------------------------------------------------------------------------------------
                                            200.193848   data required time
                                            -48.569138   data arrival time
---------------------------------------------------------------------------------------------
                                            151.624710   slack (MET)




===========================================================================
report_checks --slack_max -0.01
============================================================================
======================= nom_tt_025C_3v30 Corner ===================================

No paths found.


===========================================================================
 report_check_types -max_slew -max_cap -max_fanout -violators
============================================================================
======================= nom_tt_025C_3v30 Corner ===================================

max capacitance

Pin                                        Limit         Cap       Slack
------------------------------------------------------------------------
clkbuf_0_clk/Z                          0.200000    0.200996   -0.000996 (VIOLATED)



===========================================================================
report_parasitic_annotation -report_unannotated
============================================================================
Found 7 unannotated drivers.
 clkload0/Z
 clkload1/Z
 clkload2/Z
 clkload3/Z
 clkload4/Z
 clkload5/Z
 clkload6/Z
Found 0 partially unannotated drivers.

===========================================================================
max slew violation count 0
Writing metric design__max_slew_violation__count__corner:nom_tt_025C_3v30: 0
max fanout violation count 0
Writing metric design__max_fanout_violation__count__corner:nom_tt_025C_3v30: 0
max cap violation count 1
Writing metric design__max_cap_violation__count__corner:nom_tt_025C_3v30: 1
============================================================================

===========================================================================
check_setup -verbose -unconstrained_endpoints -multiple_clock -no_clock -no_input_delay -loops -generated_clocks
===========================================================================
%OL_END_REPORT
%OL_CREATE_REPORT power.rpt

===========================================================================
 report_power
============================================================================
======================= nom_tt_025C_3v30 Corner ===================================

Group                    Internal    Switching      Leakage        Total
                            Power        Power        Power        Power (Watts)
------------------------------------------------------------------------
Sequential           4.812637e-05 2.367774e-07 7.953167e-09 4.837110e-05  33.7%
Combinational        2.132348e-06 3.004935e-06 7.974072e-09 5.145258e-06   3.6%
Clock                6.463628e-05 2.546597e-05 6.559330e-09 9.010881e-05  62.7%
Macro                0.000000e+00 0.000000e+00 0.000000e+00 0.000000e+00   0.0%
Pad                  0.000000e+00 0.000000e+00 0.000000e+00 0.000000e+00   0.0%
------------------------------------------------------------------------
Total                1.148950e-04 2.870768e-05 2.248658e-08 1.436252e-04 100.0%
                            80.0%        20.0%         0.0%
Writing metric power__internal__total: 0.00011489501048345119
Writing metric power__switching__total: 2.8707678211503662e-5
Writing metric power__leakage__total: 2.2486583262093518e-8
Writing metric power__total: 0.0001436251768609509

%OL_END_REPORT
%OL_CREATE_REPORT skew.min.rpt

===========================================================================
Clock Skew (Hold)
============================================================================
Writing metric clock__skew__worst_hold__corner:nom_tt_025C_3v30: -0.26106847977934095
======================= nom_tt_025C_3v30 Corner ===================================

Clock clk
1.025193 source latency _231_/CLK ^
-1.036261 target latency _233_/CLK ^
-0.250000 clock uncertainty
0.000000 CRPR
--------------
-0.261068 hold skew

%OL_END_REPORT
%OL_CREATE_REPORT skew.max.rpt

===========================================================================
Clock Skew (Setup)
============================================================================
Writing metric clock__skew__worst_setup__corner:nom_tt_025C_3v30: 0.2614758206185963
======================= nom_tt_025C_3v30 Corner ===================================

Clock clk
1.036356 source latency _229_/CLK ^
-1.024881 target latency _225_/CLK ^
0.250000 clock uncertainty
0.000000 CRPR
--------------
0.261476 setup skew

%OL_END_REPORT
%OL_CREATE_REPORT ws.min.rpt

===========================================================================
Worst Slack (Hold)
============================================================================
Writing metric timing__hold__ws__corner:nom_tt_025C_3v30: 1.0001690869714326
nom_tt_025C_3v30: 1.0001690869714326
%OL_END_REPORT
%OL_CREATE_REPORT ws.max.rpt

===========================================================================
Worst Slack (Setup)
============================================================================
Writing metric timing__setup__ws__corner:nom_tt_025C_3v30: 151.62470819174752
nom_tt_025C_3v30: 151.62470819174752
%OL_END_REPORT
%OL_CREATE_REPORT tns.min.rpt

===========================================================================
Total Negative Slack (Hold)
============================================================================
Writing metric timing__hold__tns__corner:nom_tt_025C_3v30: 0.0
nom_tt_025C_3v30: 0.0
%OL_END_REPORT
%OL_CREATE_REPORT tns.max.rpt

===========================================================================
Total Negative Slack (Setup)
============================================================================
Writing metric timing__setup__tns__corner:nom_tt_025C_3v30: 0.0
nom_tt_025C_3v30: 0.0
%OL_END_REPORT
%OL_CREATE_REPORT wns.min.rpt

===========================================================================
Worst Negative Slack (Hold)
============================================================================
Writing metric timing__hold__wns__corner:nom_tt_025C_3v30: 0
nom_tt_025C_3v30: 0
%OL_END_REPORT
%OL_CREATE_REPORT wns.max.rpt

===========================================================================
Worst Negative Slack (Setup)
============================================================================
Writing metric timing__setup__wns__corner:nom_tt_025C_3v30: 0.0
nom_tt_025C_3v30: 0.0
%OL_END_REPORT
%OL_CREATE_REPORT violator_list.rpt

===========================================================================
Violator List
============================================================================
Writing metric timing__hold_vio__count__corner:nom_tt_025C_3v30: 0
Writing metric timing__hold_r2r__ws__corner:nom_tt_025C_3v30: 1.000169
Writing metric timing__hold_r2r_vio__count__corner:nom_tt_025C_3v30: 0
Writing metric timing__setup_vio__count__corner:nom_tt_025C_3v30: 0
Writing metric timing__setup_r2r__ws__corner:nom_tt_025C_3v30: 1e30
Writing metric timing__setup_r2r_vio__count__corner:nom_tt_025C_3v30: 0
%OL_END_REPORT
%OL_CREATE_REPORT unpropagated.rpt
%OL_END_REPORT
%OL_CREATE_REPORT clock.rpt
Clock: clk
Sources: clk 
Generated: no
Virtual: yes
Propagated: no
Period: 200.000000

===========================================================================
report_clock_properties
============================================================================
Clock                   Period          Waveform
----------------------------------------------------
clk                 200.000000    0.000000100.000000

===========================================================================
report_clock_latency
============================================================================
Clock clk
rise -> rise
    min     max
0.000000 0.000000 source latency
1.024881         network latency _225_/CLK
        1.036356 network latency _229_/CLK
---------------
1.024881 1.036356 latency
        0.011476 skew

fall -> fall
    min     max
0.000000 0.000000 source latency
0.957193         network latency _225_/CLK
        0.969010 network latency _229_/CLK
---------------
0.957193 0.969010 latency
        0.011816 skew



===========================================================================
report_clock_min_period
============================================================================
clk period_min = 8.47 fmax = 118.07
%OL_END_REPORT
