net,length_um
clknet_0_clk_regs,1.15517mm
digital_domain_inst.delay_wave_cycle_x\[5\],965.18µm
digital_domain_inst.delay_wave_cycle_x\[7\],949.5µm
net1833,861.33µm
net1501,843.97µm
net922,818.77µm
_03956_,816.02µm
clk,783.31µm
net30,747.09µm
net1141,741.54µm
net1438,740.01µm
net1502,728.1µm
net26,721.43µm
net1071,719.24µm
net28,717.97µm
net320,715.22µm
_01186_,706.82µm
_04830_,700.61µm
net70,698.37µm
net71,691.6µm
_02794_,687.73µm
_04029_,686.71µm
net1859,676.48µm
_03768_,676.02µm
net72,661.41µm
net1500,653.57µm
digital_domain_inst.delay_wave_cycle_y\[7\],651.38µm
_03617_,649.6µm
net348,647.97µm
net2255,643.49µm
net161,640.79µm
net1432,639.8µm
digital_domain_inst.raw_edge3_x\[13\],637.02µm
_00885_,628.47µm
net2115,627.3µm
_03921_,623.33µm
net246,617.78µm
net1571,616.66µm
net1433,596.5µm
net875,595.99µm
digital_domain_inst.raw_edge2_y\[14\],591.28µm
_03790_,588.2µm
_03789_,587.49µm
clknet_3_3_0_clk_regs,583.26µm
net69,580.82µm
net2254,578.27µm
net587,572.47µm
net1331,562.54µm
net1463,562.34µm
net1505,560.66µm
net1603,559.94µm
digital_domain_inst.delay_wave_cycle_y\[5\],557.03µm
net372,555.31µm
_01602_,552.31µm
_03440_,552.16µm
net176,550.58µm
_03554_,550.07µm
digital_domain_inst.cfg_f_MEMS_fcw_x\[12\],548.54µm
_03901_,547.83µm
_03865_,547.78µm
_03856_,537.7µm
net1950,533.12µm
net19,525.84µm
net17,525.28µm
net24,524.36µm
_03708_,523.14µm
_01245_,519.12µm
digital_domain_inst.raw_edge1_y\[13\],514.84µm
net1795,510.72µm
digital_domain_inst.cfg_f_MEMS_fcw_x\[0\],508.85µm
net1142,504.86µm
clknet_3_4_0_clk_regs,498.65µm
_03603_,498.45µm
clknet_3_6_0_clk_regs,498.04µm
clknet_3_5_0_clk_regs,495.29µm
digital_domain_inst.cfg_phase270_offset_x\[16\],495.09µm
_01510_,492.44µm
net1742,484.5µm
net160,482.77µm
net173,481.65µm
_00696_,478.9µm
_03949_,477.68µm
digital_domain_inst.latch_error_x,474.47µm
_00633_,472.64µm
net973,470.45µm
digital_domain_inst.raw_edge1_x\[11\],469.02µm
net1886,467.24µm
net226,467.14µm
digital_domain_inst.raw_edge1_x\[12\],466.58µm
_04803_,462.56µm
_04069_,459.76µm
net1985,454.16µm
clknet_3_0_0_clk_regs,451.71µm
clknet_3_2_0_clk_regs,450.69µm
digital_domain_inst.raw_edge2_y\[15\],450.24µm
net1354,449.32µm
net579,447.54µm
_04105_,442.96µm
net1506,442.6µm
net939,440.36µm
clknet_3_7_0_clk_regs,437.71µm
net1,435.78µm
digital_domain_inst.raw_edge2_x\[10\],435.27µm
net1522,434.2µm
_00565_,433.03µm
net296,426.16µm
net1569,424.58µm
net1335,420.56µm
net403,415.01µm
digital_domain_inst.raw_edge2_x\[3\],414.09µm
net1267,413.99µm
_03668_,412.26µm
net1485,411µm
net1951,410.22µm
_00539_,407.27µm
net1956,406.61µm
digital_domain_inst.cfg_phase270_offset_x\[0\],405.79µm
net1583,404.32µm
net1419,402.74µm
net1504,402.64µm
_02384_,402.08µm
digital_domain_inst.spi_regs_inst.state_o\[0\],400.04µm
digital_domain_inst.cfg_phase90_offset_x\[2\],398.92µm
net10,397.7µm
_02345_,396.12µm
net1417,395.46µm
net1981,394.95µm
net1982,394.39µm
digital_domain_inst.signal_processor_y_inst.votes_in_phase\[1\],389.91µm
net1320,389.35µm
net1420,389.35µm
net1416,389.25µm
_03594_,387.57µm
_02383_,387.06µm
digital_domain_inst.phase_state_y\[1\],386.96µm
net1567,386.38µm
net1839,385.38µm
net1321,383.65µm
digital_domain_inst.signal_processor_x_inst.votes_out_phase\[0\],383.09µm
net1980,383.09µm
net1600,381.97µm
net1591,381µm
net256,380.85µm
net1219,380.49µm
net1866,380.03µm
net1984,379.22µm
net1830,377.44µm
net1421,374.84µm
digital_domain_inst.cfg_phase270_offset_x\[13\],374.56µm
digital_domain_inst.signal_processor_x_inst.votes_out_phase\[2\],371.89µm
net343,370.26µm
net1983,369.65µm
net1269,367.79µm
net1906,366.24µm
net1415,362.42µm
_02574_,362.32µm
digital_domain_inst.signal_processor_x_inst.votes_in_phase\[2\],360.23µm
digital_domain_inst.phase_state_x\[1\],359.67µm
net1324,359.67µm
net1149,357.84µm
digital_domain_inst.cfg_phase90_offset_x\[1\],357.63µm
net421,357.38µm
clknet_3_1_0_clk_regs,351.88µm
digital_domain_inst.wave_controller_y_inst.phase_acc\[16\],351.78µm
_05044_,351.17µm
net1322,350.56µm
digital_domain_inst.cfg_phase270_offset_x\[11\],350.2µm
net1572,350.05µm
digital_domain_inst.signal_processor_y_inst.votes_out_phase\[3\],349.54µm
net357,348.98µm
net1325,348.37µm
net1582,348.37µm
net1444,347.96µm
digital_domain_inst.cal_dir_y,347.25µm
net1326,346.13µm
_01594_,344.4µm
net1490,343.43µm
net788,341.09µm
digital_domain_inst.cfg_f_MEMS_fcw_y\[4\],340.53µm
net143,340.48µm
net68,339.46µm
digital_domain_inst.cfg_phase90_offset_y\[20\],338.39µm
net1468,338.29µm
net1570,338.29µm
digital_domain_inst.signal_processor_y_inst.votes_in_phase\[3\],337.32µm
net98,337.32µm
net1732,337.27µm
digital_domain_inst.cfg_phase90_offset_x\[13\],337.22µm
_00788_,336.76µm
net282,336.05µm
_00757_,335.13µm
_03698_,334.42µm
net317,334.19µm
_00887_,332.74µm
digital_domain_inst.signal_processor_x_inst.votes_out_phase\[3\],332.18µm
digital_domain_inst.raw_edge3_y\[2\],331.11µm
_03986_,328.77µm
net1584,328.21µm
_01531_,327.19µm
digital_domain_inst.raw_edge2_y\[4\],327.14µm
net73,327.04µm
_05619_,324.95µm
net1073,323.98µm
net1271,323.88µm
net1832,323.37µm
net1837,322.71µm
digital_domain_inst.cfg_phase90_offset_x\[8\],322.66µm
digital_domain_inst.raw_edge2_y\[17\],321.59µm
_03976_,321.44µm
digital_domain_inst.cfg_phase0_offset_y\[20\],321.28µm
digital_domain_inst.signal_processor_x_inst.votes_out_phase\[1\],321.03µm
net1289,320.47µm
_02271_,319.25µm
net20,319.2µm
digital_domain_inst.cfg_f_MEMS_fcw_x\[4\],318.89µm
net404,318.69µm
net666,318.69µm
digital_domain_inst.cfg_f_MEMS_fcw_y\[11\],317.11µm
net1376,317.11µm
digital_domain_inst.cfg_phase90_offset_y\[16\],316.73µm
net1445,315.99µm
digital_domain_inst.raw_edge3_x\[4\],315.89µm
digital_domain_inst.wave_controller_y_inst.phase_acc\[1\],314.82µm
digital_domain_inst.cfg_phase90_offset_x\[20\],314.72µm
digital_domain_inst.raw_edge3_y\[12\],313.8µm
net1314,313.64µm
net1499,313.6µm
digital_domain_inst.raw_edge3_y\[5\],313.01µm
net730,312.02µm
digital_domain_inst.spi_regs_inst.rw_n,310.39µm
net1462,310.34µm
net1474,309.88µm
net1451,309.83µm
net1418,309.22µm
_03922_,309.12µm
net937,308.76µm
net1824,308.71µm
net130,308.66µm
net877,308.2µm
_05772_,308.05µm
net233,308µm
_03704_,307.54µm
net163,306.42µm
_03567_,304.79µm
net1446,304.23µm
net1208,304.13µm
net936,303.62µm
net243,303.01µm
net940,302.55µm
net928,301.94µm
_02364_,301.89µm
clknet_leaf_18_clk_regs,301.07µm
net1270,300.36µm
digital_domain_inst.signal_processor_y_inst.votes_in_phase\[2\],300.21µm
net810,299.14µm
_03951_,299.04µm
net1661,298.68µm
net245,298.07µm
net1515,297.61µm
net1323,297.05µm
_01243_,296.8µm
_02755_,296.8µm
net1143,295.32µm
digital_domain_inst.cfg_phase90_offset_x\[0\],294.76µm
net1568,294.56µm
net1514,293.59µm
net1452,292.98µm
digital_domain_inst.cfg_phase270_offset_x\[10\],292.93µm
net498,291.24µm
net1441,290.18µm
_01500_,289.06µm
digital_domain_inst.signal_processor_x_inst.votes_in_phase\[3\],288.45µm
net1455,288.45µm
net1456,288.4µm
digital_domain_inst.cfg_phase270_offset_x\[19\],286.82µm
net1329,286.82µm
net1327,286.72µm
_05041_,286.31µm
net12,286.21µm
_02778_,285.65µm
digital_domain_inst.cfg_phase270_offset_y\[9\],285.24µm
digital_domain_inst.raw_edge3_y\[16\],285.19µm
net1512,284.53µm
net111,284.07µm
net203,283.97µm
_00777_,283.51µm
_03495_,283.41µm
digital_domain_inst.spi_regs_inst.reg_wr_data\[7\],283.41µm
_01569_,282.24µm
net1796,281.83µm
digital_domain_inst.raw_edge3_y\[4\],281.32µm
digital_domain_inst.cfg_phase270_offset_y\[13\],281.27µm
_04097_,281.17µm
net1828,281.12µm
net240,280.15µm
_01317_,279.54µm
net944,279.54µm
net1443,279.44µm
net1454,278.47µm
_01534_,278.37µm
_05550_,278.32µm
clknet_leaf_48_clk_regs,276.99µm
_02387_,276.84µm
delaynet_1_clk,276.74µm
net714,276.28µm
net1069,276.28µm
digital_domain_inst.cfg_phase90_offset_x\[14\],275.72µm
net1962,275.06µm
net1781,275.01µm
net1516,274.55µm
_01524_,274.19µm
net963,274.09µm
_04219_,273.99µm
digital_domain_inst.cfg_phase0_offset_y\[16\],273.38µm
net1328,272.77µm
net1390,272.31µm
net1273,272.16µm
net1590,271.65µm
net787,271.14µm
net1268,270.73µm
digital_domain_inst.cfg_phase0_offset_x\[14\],269.66µm
digital_domain_inst.cfg_phase90_offset_x\[10\],269.41µm
delaynet_0_clk,269.41µm
delaynet_2_clk,269.36µm
digital_domain_inst.cfg_phase270_offset_y\[20\],268.44µm
net1848,267.98µm
net1834,267.68µm
net1450,266.1µm
digital_domain_inst.raw_edge3_y\[20\],265.64µm
_03855_,265.54µm
digital_domain_inst.raw_edge2_x\[17\],265.54µm
_03864_,265.03µm
digital_domain_inst.cfg_phase270_offset_x\[12\],265.03µm
net1162,264.93µm
net1808,264.88µm
digital_domain_inst.cfg_phase0_offset_y\[18\],263.91µm
_03661_,263.81µm
digital_domain_inst.signal_processor_y_inst.votes_out_phase\[1\],263.81µm
digital_domain_inst.cfg_phase90_offset_x\[7\],262.84µm
net1792,262.74µm
digital_domain_inst.cal_dir_x,262.08µm
digital_domain_inst.cfg_phase270_offset_y\[10\],262.08µm
digital_domain_inst.spi_regs_inst.sclk_sync\[0\],261.62µm
digital_domain_inst.cfg_phase90_offset_y\[3\],261.44µm
_00704_,261.31µm
_00574_,261.16µm
digital_domain_inst.cfg_phase90_offset_y\[1\],261.11µm
digital_domain_inst.raw_edge3_y\[14\],261.06µm
clknet_leaf_37_clk_regs,260.65µm
digital_domain_inst.cfg_f_MEMS_fcw_x\[2\],259.94µm
net1520,259.94µm
net1768,259.89µm
net1275,258.92µm
net1903,257.65µm
clknet_leaf_26_clk_regs,257.54µm
_00576_,257.29µm
digital_domain_inst.wave_controller_y_inst.phase_acc\[12\],257.19µm
net250,257.09µm
_01320_,256.63µm
_05033_,256.58µm
net1330,256.53µm
net672,256.02µm
digital_domain_inst.wave_controller_x_inst.phase_acc\[6\],255.97µm
digital_domain_inst.cfg_phase90_offset_y\[18\],254.95µm
_01533_,253.83µm
net588,253.73µm
_05341_,253.68µm
net1825,253.22µm
digital_domain_inst.raw_edge2_y\[11\],253.17µm
digital_domain_inst.cal_phase0_offset_x\[0\],252.66µm
_02472_,252.56µm
net1503,252.05µm
digital_domain_inst.cfg_phase90_offset_x\[16\],251.54µm
digital_domain_inst.raw_edge2_y\[12\],251.49µm
clknet_leaf_31_clk_regs,251.49µm
digital_domain_inst.raw_edge3_y\[8\],250.52µm
_00773_,249.96µm
digital_domain_inst.cfg_phase270_offset_y\[7\],249.35µm
_00591_,249.25µm
digital_domain_inst.cfg_phase270_offset_x\[4\],248.79µm
digital_domain_inst.cfg_phase0_offset_x\[18\],248.25µm
net1453,248.23µm
digital_domain_inst.signal_processor_x_inst.votes_in_phase\[1\],248.18µm
digital_domain_inst.phase_state_x\[0\],248.08µm
net486,247.72µm
digital_domain_inst.cfg_f_MEMS_fcw_x\[9\],247.62µm
net1272,247.01µm
net140,246.96µm
clknet_leaf_13_clk_regs,246.65µm
digital_domain_inst.cfg_phase0_offset_x\[12\],246.6µm
digital_domain_inst.raw_edge3_x\[17\],246.4µm
_01537_,245.89µm
net121,245.53µm
net964,245.38µm
net244,245.28µm
net1447,244.87µm
net912,244.77µm
net965,244.36µm
clknet_leaf_21_clk_regs,244.31µm
net1513,243.7µm
net1546,243.19µm
net1819,243.19µm
digital_domain_inst.cfg_phase270_offset_y\[14\],242.63µm
_00669_,242.07µm
_00671_,241.36µm
net1264,240.95µm
clknet_leaf_28_clk_regs,240.95µm
_03721_,240.8µm
net1521,240.79µm
digital_domain_inst.cfg_phase90_offset_x\[3\],240.44µm
net1449,240.44µm
net1099,240.39µm
net607,240.24µm
net1312,239.78µm
net1820,239.78µm
digital_domain_inst.raw_edge1_y\[1\],238.66µm
net1517,238.25µm
net1724,238.19µm
_02274_,238.1µm
_00751_,237.82µm
_01483_,237.59µm
digital_domain_inst.cfg_phase90_offset_x\[15\],237.59µm
_04326_,236.98µm
net238,236.37µm
_04185_,236.32µm
net364,236.25µm
digital_domain_inst.raw_edge3_x\[10\],235.4µm
net1388,235.3µm
net1907,235.3µm
net935,235.2µm
_01529_,234.84µm
net921,234.38µm
_00665_,234.23µm
net1519,234.13µm
digital_domain_inst.raw_edge2_y\[2\],233.67µm
net934,233.52µm
clknet_leaf_24_clk_regs,233.26µm
net594,233.11µm
clknet_leaf_19_clk_regs,233.11µm
digital_domain_inst.cfg_phase270_offset_x\[8\],232.6µm
net197,232.4µm
digital_domain_inst.cfg_phase90_offset_y\[15\],232.04µm
digital_domain_inst.cfg_phase0_offset_y\[17\],231.94µm
_02343_,231.89µm
digital_domain_inst.cal_phase0_offset_x\[1\],231.43µm
net1274,230.97µm
net1863,230.72µm
_00573_,230.31µm
digital_domain_inst.cfg_phase270_offset_x\[15\],230.31µm
net22,230.26µm
net1751,230.26µm
_03575_,229.7µm
net1881,229.7µm
digital_domain_inst.signal_processor_x_inst.votes_in_phase\[0\],229.65µm
clknet_leaf_47_clk_regs,229.49µm
digital_domain_inst.wave_controller_x_inst.phase_acc\[5\],229.37µm
clknet_leaf_36_clk_regs,229.24µm
digital_domain_inst.cfg_phase0_offset_x\[20\],229.09µm
_03520_,228.58µm
digital_domain_inst.raw_edge3_y\[7\],228.58µm
_00667_,228.07µm
digital_domain_inst.cfg_phase270_offset_x\[7\],228.02µm
digital_domain_inst.cfg_phase90_offset_x\[19\],227.61µm
_04138_,227.46µm
net614,227.41µm
net848,227.41µm
net1265,227.41µm
clknet_leaf_7_clk_regs,226.39µm
digital_domain_inst.cfg_phase90_offset_x\[9\],225.78µm
net371,225.12µm
_02479_,224.56µm
_03795_,224.56µm
_04141_,224.56µm
net1829,224.56µm
_00781_,224µm
net1496,224µm
_02388_,223.54µm
net798,222.93µm
net1442,222.93µm
net846,222.47µm
net736,222.42µm
digital_domain_inst.raw_edge2_x\[20\],222.32µm
digital_domain_inst.raw_edge2_y\[7\],222.32µm
net1632,221.45µm
net1408,221.2µm
net1827,221.2µm
net1075,220.84µm
digital_domain_inst.cfg_phase0_offset_x\[16\],220.69µm
analog_readout_input,220.6µm
net938,220.18µm
net281,220.13µm
clknet_leaf_20_clk_regs,219.21µm
digital_domain_inst.cfg_phase90_offset_y\[12\],218.8µm
net1074,218.7µm
net1284,218.5µm
net1440,218.45µm
net1448,218.45µm
analog_readout_output,218.26µm
digital_domain_inst.latch_error_y,217.84µm
net897,217.43µm
net261,216.92µm
net1072,216.31µm
net690,216.21µm
net1491,215.75µm
digital_domain_inst.phase_offset_imported,215.65µm
net1479,215.6µm
_04214_,215.14µm
net1437,215.04µm
clknet_leaf_55_clk_regs,214.73µm
_01523_,214.07µm
digital_domain_inst.cal_phase0_offset_y\[1\],214.02µm
net219,214.02µm
digital_domain_inst.cfg_phase0_offset_x\[15\],213.97µm
_02339_,213.92µm
net120,213.56µm
_00659_,213.46µm
clknet_leaf_22_clk_regs,213.46µm
clknet_leaf_40_clk_regs,213.1µm
_03876_,212.85µm
digital_domain_inst.cfg_phase90_offset_x\[12\],212.85µm
_01459_,212.44µm
net1290,212.44µm
_00673_,212.39µm
clknet_leaf_57_clk_regs,212.34µm
_04123_,212.29µm
digital_domain_inst.raw_edge1_x\[15\],212.06µm
digital_domain_inst.raw_edge2_x\[2\],211.78µm
_02476_,211.22µm
net827,211.17µm
_01264_,211.12µm
net502,210.71µm
_04145_,210.66µm
digital_domain_inst.cfg_phase0_offset_x\[17\],210.66µm
net1765,210.05µm
clknet_leaf_11_clk_regs,209.64µm
net7,209.08µm
digital_domain_inst.raw_edge3_x\[20\],209.03µm
_03120_,208.93µm
digital_domain_inst.cfg_phase270_offset_y\[17\],208.57µm
_04157_,208.42µm
net1338,208.37µm
digital_domain_inst.raw_edge3_y\[15\],208.32µm
digital_domain_inst.wave_controller_x_inst.phase_acc\[16\],208.01µm
_03049_,207.86µm
_05032_,207.86µm
net943,207.86µm
digital_domain_inst.cfg_phase270_offset_y\[12\],207.25µm
digital_domain_inst.delay_wave_cycle_y\[4\],207.25µm
digital_domain_inst.cfg_phase270_offset_y\[19\],206.79µm
clknet_leaf_45_clk_regs,206.79µm
_00648_,206.74µm
net398,206.74µm
net1288,206.74µm
net346,206.64µm
_04237_,206.23µm
digital_domain_inst.raw_edge3_x\[14\],206.08µm
_00785_,205.62µm
net1743,205.57µm
net1794,205.57µm
_01466_,205.11µm
net1537,204.6µm
_00786_,204.59µm
digital_domain_inst.raw_edge3_x\[11\],203.48µm
net362,203.38µm
net29,203.33µm
net85,203.33µm
net74,203.28µm
net209,203.28µm
_00680_,202.82µm
net402,202.82µm
net520,202.77µm
_03674_,202.72µm
net874,202.51µm
clknet_leaf_46_clk_regs,202.51µm
net949,202.36µm
_00544_,202.31µm
digital_domain_inst.signal_processor_x_inst.comp_sync,201.65µm
net1939,201.24µm
net1618,201.19µm
net1690,201.19µm
net1315,201.14µm
net1782,201.14µm
digital_domain_inst.cfg_phase0_offset_x\[13\],201.09µm
_02473_,201.04µm
_00661_,200.48µm
net1078,200.17µm
net1298,200.07µm
_05694_,200.02µm
net308,199.51µm
net280,199.46µm
net1077,199.41µm
digital_domain_inst.raw_edge3_y\[10\],199.36µm
net1297,199µm
net1282,198.95µm
net564,198.85µm
net1495,198.85µm
clknet_leaf_8_clk_regs,198.49µm
net298,198.29µm
net1436,198.29µm
digital_domain_inst.signal_processor_y_inst.votes_out_phase\[2\],197.88µm
digital_domain_inst.spi_regs_inst.cs_n_sync,197.73µm
net597,197.68µm
_00780_,197.42µm
_00710_,197.27µm
net646,197.17µm
net470,197.02µm
net162,196.71µm
_02307_,196.61µm
digital_domain_inst.cfg_phase90_offset_y\[0\],196.61µm
clknet_leaf_29_clk_regs,196.3µm
_00658_,196.05µm
_03718_,195.59µm
digital_domain_inst.delay_wave_cycle_y\[0\],195.59µm
_01580_,195.54µm
net941,195.54µm
_02140_,195.49µm
_01536_,195.44µm
net1936,195.08µm
digital_domain_inst.raw_edge3_y\[3\],194.93µm
net200,194.88µm
digital_domain_inst.cfg_f_MEMS_fcw_x\[3\],194.47µm
_04027_,194.42µm
digital_domain_inst.cfg_f_MEMS_fcw_y\[6\],194.42µm
_02554_,194.32µm
net1769,193.96µm
digital_domain_inst.cfg_phase270_offset_x\[17\],193.81µm
net784,193.81µm
net1031,193.76µm
net1302,193.76µm
digital_domain_inst.raw_edge3_x\[12\],193.25µm
digital_domain_inst.signal_processor_y_inst.votes_out_phase\[0\],193.25µm
digital_domain_inst.cfg_phase270_offset_y\[15\],192.84µm
clknet_leaf_44_clk_regs,192.79µm
net25,192.69µm
_04061_,192.64µm
net680,192.23µm
_04098_,192.18µm
_03973_,192.13µm
net971,192.08µm
clknet_leaf_54_clk_regs,191.97µm
_00749_,191.16µm
digital_domain_inst.cfg_phase90_offset_y\[6\],191.06µm
net332,191.06µm
_01575_,191.01µm
_01153_,190.45µm
net733,189.99µm
net182,189.89µm
net1847,189.89µm
net693,189.84µm
clknet_leaf_2_clk_regs,189.58µm
_03723_,189.28µm
net1358,189.28µm
clknet_leaf_12_clk_regs,188.92µm
_03671_,188.82µm
net409,188.82µm
net1266,188.82µm
net1807,188.82µm
_04014_,188.77µm
digital_domain_inst.raw_edge3_y\[11\],188.77µm
net803,188.77µm
net1766,188.72µm
net373,188.36µm
net2208,188.21µm
net309,188.16µm
digital_domain_inst.cfg_phase90_offset_x\[17\],187.8µm
net1146,187.65µm
net785,187.6µm
digital_domain_inst.cfg_f_MEMS_fcw_y\[2\],187.14µm
digital_domain_inst.raw_edge2_x\[0\],187.14µm
net1174,187.14µm
net235,187.09µm
net1518,187.09µm
net1545,187.09µm
_02395_,187.04µm
digital_domain_inst.raw_edge1_y\[3\],187.04µm
net894,187.04µm
_04042_,186.68µm
net950,186.32µm
clknet_leaf_33_clk_regs,186.17µm
_00714_,186.07µm
_04870_,186.02µm
net687,185.97µm
net1139,185.97µm
net1179,185.97µm
net1319,185.92µm
net1714,185.56µm
net1823,185.51µm
net1878,185.46µm
net1767,184.9µm
net1779,184.85µm
_02141_,184.8µm
net1152,184.8µm
net1079,184.39µm
net1086,184.24µm
net1755,184.24µm
net1109,183.88µm
digital_domain_inst.raw_edge2_x\[4\],183.78µm
net1349,183.78µm
_00720_,183.73µm
digital_domain_inst.raw_edge3_x\[16\],183.73µm
net1746,183.73µm
_03562_,183.68µm
_04160_,183.68µm
_03687_,183.12µm
net660,182.71µm
net961,182.71µm
net1735,182.66µm
_04961_,182.56µm
net576,182.56µm
net732,182.56µm
net1865,182.56µm
_00632_,182.15µm
_00802_,182.05µm
_04044_,182.05µm
net599,182µm
net522,181.64µm
net1280,181.64µm
_00676_,181.59µm
_04004_,181.54µm
net336,181.44µm
digital_domain_inst.raw_edge1_y\[5\],181.03µm
net1739,181.03µm
net1821,181.03µm
_02588_,180.98µm
net1616,180.88µm
_05751_,180.47µm
_00682_,180.42µm
net55,179.86µm
net1602,179.25µm
net1815,179.25µm
net109,179.2µm
net21,178.79µm
net1817,178.69µm
net67,178.64µm
net87,178.64µm
digital_domain_inst.cfg_phase0_offset_x\[9\],178.18µm
_03606_,178.08µm
net557,178.08µm
net1747,178.08µm
net1783,177.62µm
net1838,177.62µm
digital_domain_inst.wave_controller_y_inst.phase_acc\[9\],177.57µm
net1353,177.57µm
net2028,177.57µm
clknet_leaf_52_clk_regs,177.21µm
net1933,177.11µm
net2241,177.06µm
net1439,177.01µm
net198,176.96µm
digital_domain_inst.cfg_f_MEMS_fcw_x\[5\],176.55µm
net266,176.5µm
net1281,176.5µm
_00789_,176.45µm
net903,176.45µm
_01584_,175.99µm
net636,175.99µm
net739,175.99µm
net199,175.94µm
net76,175.89µm
net1846,175.89µm
net83,175.84µm
net95,175.84µm
clknet_leaf_50_clk_regs,175.53µm
net415,175.5µm
clknet_leaf_49_clk_regs,175.43µm
_02144_,175.38µm
digital_domain_inst.raw_edge1_x\[19\],175.38µm
net1654,175.38µm
net580,175.33µm
net1202,175.28µm
_00707_,174.92µm
net783,174.87µm
net1279,174.82µm
net925,174.72µm
digital_domain_inst.raw_edge3_y\[13\],174.31µm
_01470_,174.26µm
_04070_,174.21µm
net334,174.21µm
net1741,173.8µm
net1791,173.72µm
net645,173.6µm
_03216_,173.24µm
net1133,173.24µm
_00883_,173.19µm
_02356_,173.19µm
net485,173.09µm
net2212,173.09µm
_04117_,173.04µm
net84,172.58µm
net883,172.53µm
net1401,172.53µm
digital_domain_inst.raw_edge3_y\[17\],172.12µm
net27,172.07µm
net563,171.97µm
net1648,171.97µm
_01582_,171.92µm
net1309,171.92µm
net1313,171.71µm
_00618_,171.61µm
net1435,171.56µm
net955,171.51µm
digital_domain_inst.raw_edge1_x\[18\],171.46µm
_04448_,171.05µm
net228,170.9µm
_00644_,170.49µm
net97,170.34µm
net361,170.34µm
net834,170.29µm
net1979,170.24µm
digital_domain_inst.cfg_phase270_offset_y\[16\],169.88µm
net262,169.83µm
_02270_,169.78µm
digital_domain_inst.cfg_phase0_offset_y\[14\],169.73µm
digital_domain_inst.cfg_phase270_offset_y\[5\],169.73µm
_00687_,169.68µm
net775,169.68µm
net1375,169.68µm
net1498,169.42µm
digital_domain_inst.cfg_phase270_offset_x\[6\],169.32µm
net31,169.32µm
_01452_,169.27µm
digital_domain_inst.cfg_phase0_offset_x\[8\],169.27µm
net65,169.17µm
net577,169.12µm
net1748,168.66µm
_00721_,168.61µm
_04621_,168.61µm
net715,168.61µm
net1389,168.61µm
net776,168.56µm
net1070,168.56µm
net1872,168.56µm
clknet_leaf_15_clk_regs,168.2µm
digital_domain_inst.cfg_phase0_offset_y\[11\],168.15µm
_03517_,168.1µm
_03834_,168.1µm
net1180,168.1µm
net1969,168.1µm
_03514_,167.79µm
digital_domain_inst.raw_edge3_x\[3\],167.69µm
_00545_,167.64µm
_00800_,167.54µm
_04134_,167.49µm
net142,167.49µm
net1037,167.49µm
net1627,167.33µm
clknet_leaf_34_clk_regs,167.28µm
digital_domain_inst.boot_complete,167.08µm
net2166,166.98µm
net293,166.93µm
net1905,166.88µm
clknet_leaf_14_clk_regs,166.67µm
net1790,166.57µm
net1662,166.47µm
net1177,166.37µm
net1754,166.37µm
net1889,166.37µm
net1877,166.32µm
net1928,166.32µm
clknet_leaf_1_clk_regs,165.96µm
net1692,165.91µm
_03909_,165.86µm
digital_domain_inst.cfg_f_MEMS_fcw_x\[6\],165.81µm
net257,165.81µm
net263,165.76µm
clknet_leaf_4_clk_regs,165.4µm
net13,165.35µm
_03436_,165.3µm
net267,165.3µm
net290,165.3µm
_03608_,165.2µm
digital_domain_inst.delay_wave_cycle_y\[6\],164.94µm
_04052_,164.79µm
digital_domain_inst.cfg_phase0_offset_y\[15\],164.74µm
net501,164.74µm
digital_domain_inst.raw_edge1_y\[8\],164.69µm
_01181_,164.64µm
net1304,164.64µm
net1614,164.64µm
_02309_,164.57µm
_00678_,164.33µm
_02589_,164.18µm
net598,164.18µm
net1481,164.13µm
_03516_,163.62µm
net1826,163.62µm
net128,163.57µm
net738,163.57µm
net1651,163.57µm
net1882,163.52µm
net882,163.39µm
_00742_,163.26µm
net524,163.11µm
_01467_,163.06µm
net1360,162.96µm
net1736,162.96µm
net2053,162.96µm
_00674_,162.6µm
net833,162.6µm
net42,162.5µm
net1644,162.5µm
_03977_,162.45µm
_04055_,162.45µm
_04221_,162.45µm
net1804,162.45µm
net1968,161.94µm
net683,161.89µm
net16,161.84µm
net1630,161.43µm
net1625,161.38µm
_02329_,161.33µm
_02598_,160.97µm
_00602_,160.87µm
_02633_,160.87µm
_01127_,160.82µm
net1760,160.82µm
net2238,160.82µm
net1635,160.72µm
clknet_leaf_51_clk_regs,160.36µm
net1065,160.31µm
digital_domain_inst.spi_regs_inst.state_o\[1\],160.21µm
_03890_,160.16µm
net993,160.16µm
net48,159.8µm
net1076,159.75µm
net960,159.65µm
net1175,159.65µm
_00801_,159.29µm
net876,159.19µm
net1553,159.19µm
net2190,159.19µm
_04106_,159.09µm
_05511_,159.09µm
net1067,159.04µm
net2114,159.04µm
clknet_leaf_0_clk_regs,158.78µm
net650,158.63µm
net570,158.53µm
net177,158.48µm
_00556_,158.07µm
net567,158.02µm
net731,158.02µm
digital_domain_inst.cfg_phase0_offset_x\[10\],157.97µm
net1391,157.91µm
net196,157.41µm
net572,157.41µm
net1134,157.41µm
net1187,157.41µm
net1207,157.41µm
net1382,157.41µm
net43,157.36µm
net1370,157.36µm
clknet_leaf_56_clk_regs,157µm
net376,156.9µm
net1402,156.85µm
net1831,156.44µm
net239,156.39µm
_00719_,156.34µm
net1757,156.34µm
clknet_leaf_39_clk_regs,156.34µm
_04050_,156.29µm
net493,156.29µm
net1153,156.29µm
clknet_leaf_41_clk_regs,155.98µm
net538,155.93µm
_01453_,155.88µm
net391,155.83µm
net475,155.78µm
_02385_,155.73µm
net1566,155.27µm
net1876,155.27µm
net1763,155.17µm
digital_domain_inst.cfg_phase270_offset_x\[1\],154.76µm
net423,154.71µm
digital_domain_inst.cfg_phase270_offset_x\[2\],154.66µm
net1027,154.05µm
net1492,154.05µm
net1511,154.05µm
net476,154µm
net862,154µm
net1778,154µm
clknet_leaf_23_clk_regs,153.74µm
_02996_,153.59µm
net2111,153.54µm
net504,153.49µm
net613,153.49µm
net1740,153.49µm
_03573_,153.44µm
_03595_,153.44µm
_03716_,153.44µm
net837,153.44µm
_00882_,152.98µm
net510,152.98µm
net2163,152.98µm
net168,152.93µm
net1303,152.88µm
clknet_leaf_5_clk_regs,152.52µm
net319,152.47µm
net904,152.42µm
net1601,152.37µm
net1552,151.91µm
net590,151.86µm
_02312_,151.81µm
net433,151.81µm
_03620_,151.76µm
_04011_,151.76µm
net1541,151.76µm
_00716_,151.45µm
net380,151.45µm
clknet_leaf_16_clk_regs,151.4µm
digital_domain_inst.cfg_phase0_offset_x\[11\],151.35µm
net1899,151.3µm
_04193_,151.2µm
net1296,151.2µm
clknet_leaf_3_clk_regs,150.89µm
net180,150.74µm
net304,150.74µm
net1706,150.74µm
net1857,150.74µm
_02358_,150.69µm
_03970_,150.69µm
digital_domain_inst.spi_regs_inst.rx_shift\[5\],150.69µm
net931,150.69µm
net1387,150.69µm
comp_x,149.89µm
_00698_,149.72µm
digital_domain_inst.cfg_phase0_offset_y\[12\],149.67µm
net728,149.57µm
_00549_,149.06µm
_00563_,149.06µm
digital_domain_inst.wave_controller_y_inst.phase_acc\[13\],149.06µm
net1053,149.06µm
net562,149.01µm
net1305,149.01µm
net1199,148.96µm
net909,148.81µm
_04119_,148.5µm
net539,148.45µm
net1524,148.45µm
net1728,148.45µm
_04046_,148.4µm
net384,148.4µm
net1759,148.17µm
digital_domain_inst.wave_controller_y_inst.wave_cycle_cnt\[0\],148.14µm
net611,147.94µm
net1773,147.94µm
net185,147.89µm
net1599,147.89µm
net664,147.84µm
net786,147.84µm
net1731,147.84µm
net405,147.66µm
digital_domain_inst.raw_edge2_x\[16\],147.43µm
digital_domain_inst.raw_edge2_x\[19\],147.43µm
net442,147.43µm
digital_domain_inst.cfg_phase90_offset_x\[5\],147.38µm
net541,147.38µm
net930,147.38µm
net1285,147.38µm
digital_domain_inst.raw_edge3_x\[18\],147.33µm
net836,147.28µm
net1595,146.92µm
clknet_leaf_38_clk_regs,146.92µm
_02093_,146.87µm
net1917,146.87µm
_02334_,146.82µm
net1737,146.82µm
_04694_,146.77µm
net1787,146.77µm
_03693_,146.72µm
net518,146.72µm
_04205_,146.31µm
net773,146.31µm
digital_domain_inst.cfg_phase0_offset_x\[1\],146.26µm
digital_domain_inst.cal_timeout_y,146.21µm
net56,146.16µm
net942,146.16µm
clknet_leaf_10_clk_regs,145.8µm
_02634_,145.75µm
net1084,145.75µm
_00986_,145.73µm
net2076,145.7µm
net86,145.65µm
net885,145.6µm
net1679,145.19µm
net1858,145.14µm
_00718_,145.04µm
net1609,145.04µm
_00567_,144.82µm
digital_domain_inst.cfg_phase0_offset_x\[3\],144.78µm
clknet_leaf_27_clk_regs,144.78µm
net2095,144.58µm
net1617,144.53µm
net1975,144.53µm
_03615_,144.48µm
net54,144.48µm
net204,144.48µm
net1206,144.48µm
net1395,144.48µm
net692,144.12µm
clknet_leaf_53_clk_regs,144.12µm
_00048_,143.97µm
net1033,143.97µm
net1564,143.97µm
net489,143.92µm
net809,143.92µm
_00848_,143.74µm
digital_domain_inst.cfg_phase90_offset_y\[10\],143.61µm
clknet_leaf_30_clk_regs,143.61µm
net954,143.51µm
net481,143.46µm
net1642,143.41µm
net395,143.36µm
net558,143.36µm
net1058,143.36µm
net1526,143.36µm
_04681_,143µm
net1413,143µm
net1596,142.95µm
_02038_,142.9µm
digital_domain_inst.cfg_phase0_offset_y\[8\],142.9µm
net1083,142.9µm
_01488_,142.85µm
net1381,142.85µm
net1789,142.49µm
_00779_,142.39µm
net1841,142.39µm
net1034,142.34µm
net1727,142.34µm
_02145_,142.29µm
digital_domain_inst.cfg_f_MEMS_fcw_x\[1\],142.29µm
digital_domain_inst.cfg_f_MEMS_fcw_y\[15\],142.29µm
net769,142.29µm
net884,142.29µm
net1777,142.29µm
net1925,142.29µm
net1340,142.24µm
clknet_leaf_25_clk_regs,141.88µm
_01540_,141.83µm
digital_domain_inst.cfg_f_MEMS_fcw_y\[12\],141.83µm
net425,141.83µm
_01721_,141.78µm
net1943,141.78µm
net1713,141.68µm
net59,141.58µm
clknet_leaf_6_clk_regs,141.42µm
net843,141.37µm
net441,141.22µm
net923,141.22µm
net1397,141.22µm
net1705,141.22µm
net1852,141.22µm
_02088_,141.17µm
_03441_,141.17µm
net559,141.12µm
net318,140.81µm
digital_domain_inst.raw_edge3_x\[7\],140.71µm
net91,140.71µm
net962,140.71µm
_00546_,140.66µm
_00612_,140.66µm
net365,140.66µm
net1996,140.66µm
digital_domain_inst.cfg_f_MEMS_fcw_x\[15\],140.61µm
net466,140.61µm
net1752,140.61µm
digital_domain_inst.raw_edge3_x\[19\],140.56µm
_01464_,140.15µm
net1364,140.1µm
net1385,140.1µm
net1816,140.1µm
digital_domain_inst.cfg_phase0_offset_y\[2\],140.07µm
net1167,140.05µm
net2112,140µm
clknet_leaf_32_clk_regs,139.74µm
net967,139.59µm
net276,139.54µm
net726,139.54µm
net1483,139.54µm
_02452_,139.49µm
clknet_leaf_43_clk_regs,139.49µm
net171,139.44µm
net1262,139.44µm
digital_domain_inst.raw_edge1_x\[8\],139.18µm
net2207,139.13µm
net600,139.03µm
net141,138.98µm
_00784_,138.93µm
net401,138.93µm
net568,138.93µm
net1843,138.93µm
_03891_,138.88µm
net1205,138.88µm
net1497,138.88µm
net458,138.66µm
net1089,138.57µm
net1937,138.57µm
_04151_,138.42µm
net1675,138.42µm
net1856,138.23µm
_02183_,137.86µm
net508,137.86µm
net370,137.81µm
net582,137.81µm
digital_domain_inst.spi_regs_inst.mosi_sync\[1\],137.76µm
net1624,137.35µm
_03717_,137.25µm
digital_domain_inst.raw_edge2_y\[6\],137.25µm
net351,137.25µm
net507,137.25µm
net602,137.25µm
net1836,137.25µm
net1018,137.2µm
net259,136.74µm
net288,136.74µm
net1295,136.74µm
_02793_,136.64µm
net575,136.64µm
net1946,136.64µm
digital_domain_inst.delay_wave_cycle_y\[3\],136.28µm
net1125,136.23µm
net2189,136.23µm
_03435_,136.18µm
net66,136.18µm
net444,136.13µm
net615,136.08µm
net933,136.08µm
net1898,136.08µm
net527,135.67µm
net641,135.67µm
net1046,135.67µm
net1871,135.62µm
_03515_,135.57µm
net457,135.57µm
net1351,135.57µm
net1581,135.57µm
net1723,135.57µm
net1730,135.57µm
net735,135.52µm
net1652,135.52µm
net1753,135.52µm
_01426_,135.11µm
digital_domain_inst.cfg_phase90_offset_x\[11\],135.11µm
net945,135.11µm
_03875_,135.06µm
net366,135.06µm
net820,135.06µm
_00750_,135.01µm
net1339,135.01µm
net2194,135.01µm
net927,134.96µm
net610,134.5µm
net1776,134.45µm
net2211,134.45µm
net52,134.4µm
_01498_,133.99µm
_03885_,133.99µm
digital_domain_inst.cal_phase0_offset_y\[0\],133.94µm
digital_domain_inst.cfg_f_MEMS_fcw_y\[7\],133.94µm
net696,133.94µm
digital_domain_inst.wave_controller_y_inst.phase_acc\[17\],133.89µm
net1657,133.89µm
net1811,133.89µm
net682,133.84µm
net2210,133.84µm
clknet_leaf_9_clk_regs,133.73µm
digital_domain_inst.wave_controller_y_inst.wave_cycle_cnt\[1\],133.53µm
_00741_,133.48µm
_02090_,133.48µm
net609,133.43µm
net18,133.38µm
net1719,133.38µm
net1805,133.38µm
digital_domain_inst.wave_controller_x_inst.phase_acc\[7\],133.33µm
net1855,133.33µm
net390,132.92µm
digital_domain_inst.soft_rst,132.87µm
net342,132.87µm
net249,132.82µm
net705,132.82µm
net835,132.82µm
net119,132.77µm
net845,132.77µm
net1645,132.77µm
_00542_,132.72µm
net446,132.36µm
net881,132.26µm
net220,132.21µm
net1634,132.21µm
net1862,132.21µm
net427,132.16µm
net1333,132.16µm
digital_domain_inst.wave_controller_x_inst.phase_acc\[11\],131.85µm
_02085_,131.8µm
net695,131.65µm
net1686,131.65µm
net1745,131.6µm
net81,131.19µm
_00688_,131.04µm
net2051,131.04µm
digital_domain_inst.cfg_phase90_offset_x\[18\],130.63µm
net118,130.58µm
net1916,130.58µm
_00805_,130.53µm
_04024_,130.53µm
digital_domain_inst.jitter_flag_y,130.53µm
net1459,130.53µm
net1551,130.53µm
net1799,130.53µm
_03991_,130.48µm
net473,130.48µm
_01549_,130.12µm
digital_domain_inst.raw_edge1_x\[5\],130.12µm
digital_domain_inst.raw_edge2_x\[15\],130.12µm
net2216,130.07µm
net422,130.02µm
net1176,130.02µm
net1891,130.02µm
_00782_,129.97µm
net593,129.97µm
net1200,129.97µm
_04049_,129.92µm
net264,129.92µm
net506,129.92µm
net1386,129.92µm
net1477,129.92µm
net1431,129.51µm
digital_domain_inst.cfg_phase0_offset_x\[5\],129.46µm
net1806,129.46µm
net737,129.36µm
net1308,129.36µm
digital_domain_inst.wave_controller_x_inst.phase_acc\[2\],129.1µm
net454,128.95µm
net462,128.91µm
net191,128.9µm
digital_domain_inst.cfg_phase270_offset_y\[8\],128.85µm
net1123,128.85µm
net2165,128.85µm
net333,128.8µm
net352,128.8µm
net1913,128.8µm
net94,128.44µm
_01541_,128.39µm
net169,128.34µm
net770,128.29µm
net1691,128.29µm
net1008,128.24µm
net1021,128.24µm
net1006,128.16µm
_02352_,127.88µm
_02308_,127.83µm
digital_domain_inst.raw_edge3_y\[19\],127.83µm
net1729,127.83µm
net2100,127.83µm
_01354_,127.78µm
_02179_,127.78µm
net1749,127.73µm
net2162,127.68µm
_02772_,127.27µm
digital_domain_inst.cfg_phase90_offset_x\[4\],127.22µm
digital_domain_inst.raw_edge1_y\[6\],127.17µm
net774,127.17µm
net1350,127.17µm
net1802,127.17µm
net537,127.12µm
net1059,127.12µm
net480,126.76µm
net2099,126.71µm
net924,126.61µm
net1253,126.61µm
digital_domain_inst.raw_edge2_y\[8\],126.56µm
net212,126.56µm
net893,126.56µm
net435,126.3µm
_00831_,126.15µm
_04297_,126.1µm
net831,126.1µm
_01513_,126.05µm
net386,126.05µm
net406,126.05µm
net584,126.05µm
net1959,126.05µm
net1380,126µm
net2230,126µm
digital_domain_inst.delay_wave_cycle_x\[6\],125.59µm
net64,125.59µm
_00816_,125.54µm
_03116_,125.54µm
net305,125.54µm
net311,125.54µm
net658,125.54µm
net1929,125.54µm
net1198,125.49µm
_00748_,125.44µm
net989,125.44µm
net789,125.08µm
net718,125.03µm
net1803,125.03µm
net387,124.98µm
net547,124.98µm
net591,124.98µm
net297,124.93µm
net417,124.93µm
net487,124.93µm
net1373,124.93µm
net1393,124.93µm
net1563,124.75µm
_02176_,124.52µm
_03255_,124.47µm
net139,124.47µm
net222,124.47µm
net251,124.42µm
digital_domain_inst.cfg_phase270_offset_y\[1\],124.37µm
net96,124.37µm
net1061,124.37µm
_03551_,124.32µm
net1895,124.32µm
net414,123.95µm
net1534,123.86µm
net337,123.81µm
net911,123.81µm
net1038,123.81µm
net1240,123.81µm
_02301_,123.76µm
net1032,123.76µm
net1263,123.4µm
digital_domain_inst.raw_edge3_x\[2\],123.3µm
net1909,123.3µm
net3,123.25µm
net895,123.25µm
net2109,123.25µm
clknet_leaf_17_clk_regs,122.84µm
_04120_,122.74µm
_02300_,122.69µm
net133,122.69µm
net1147,122.69µm
net1685,122.69µm
net2225,122.69µm
_04095_,122.64µm
digital_domain_inst.cfg_phase270_offset_y\[11\],122.64µm
net1135,122.64µm
net826,122.29µm
net1793,122.23µm
_03857_,122.18µm
digital_domain_inst.spi_regs_inst.rx_shift\[0\],122.18µm
net766,122.13µm
net1465,122.13µm
net1467,122.13µm
_02369_,122.08µm
net378,122.08µm
net443,122.08µm
net1712,122.08µm
net1967,122.08µm
_00690_,121.82µm
net464,121.72µm
_05660_,121.67µm
digital_domain_inst.signal_processor_y_inst.s270_pipe\[3\],121.67µm
_02751_,121.62µm
net996,121.62µm
net1850,121.62µm
net1883,121.57µm
_02915_,121.52µm
_03577_,121.52µm
digital_domain_inst.cfg_f_MEMS_fcw_y\[10\],121.52µm
net1977,121.52µm
net461,121.11µm
_01567_,121.06µm
digital_domain_inst.cfg_phase0_offset_y\[7\],121.06µm
_04022_,121.01µm
_04115_,121.01µm
_04505_,121.01µm
net1012,121.01µm
net1317,121.01µm
_00797_,120.96µm
_02377_,120.96µm
_03568_,120.96µm
net183,120.96µm
net1434,120.8µm
net1565,120.65µm
_03701_,120.5µm
net947,120.5µm
digital_domain_inst.raw_edge2_y\[18\],120.45µm
net1658,120.45µm
_02752_,120.4µm
net555,120.4µm
digital_domain_inst.cfg_f_MEMS_fcw_y\[0\],120.04µm
net647,119.99µm
net1945,119.99µm
net1482,119.94µm
net1508,119.94µm
net910,119.89µm
net1028,119.89µm
net1677,119.89µm
net1726,119.89µm
net1868,119.89µm
_02091_,119.84µm
_02575_,119.84µm
_02632_,119.84µm
_04082_,119.84µm
_04172_,119.84µm
net530,119.84µm
net697,119.84µm
net1406,119.84µm
analog_error_y_output,119.7µm
net363,119.38µm
net634,119.38µm
_01418_,119.33µm
_02065_,119.33µm
net574,119.33µm
_02887_,119.28µm
_03984_,119.28µm
net531,119.28µm
net635,119.28µm
net685,119.28µm
_00962_,118.82µm
_02325_,118.82µm
_04080_,118.82µm
net287,118.82µm
net985,118.82µm
net959,118.77µm
net1221,118.77µm
net1626,118.77µm
net1971,118.77µm
_03684_,118.72µm
net1734,118.72µm
_01308_,118.36µm
net60,118.31µm
digital_domain_inst.cfg_f_MEMS_fcw_y\[13\],118.26µm
net313,118.26µm
net729,118.26µm
_03914_,118.21µm
net708,118.21µm
net1557,118.21µm
_01526_,118.16µm
_03008_,118.16µm
digital_domain_inst.cfg_phase0_offset_y\[9\],118.16µm
net451,118.16µm
digital_domain_inst.raw_edge1_y\[20\],117.95µm
net1800,117.8µm
_01493_,117.75µm
net492,117.75µm
net513,117.75µm
net556,117.7µm
net2062,117.65µm
_02869_,117.6µm
net1256,117.6µm
digital_domain_inst.wave_controller_x_inst.phase_acc\[3\],117.29µm
_00610_,117.19µm
_03911_,117.19µm
net284,117.19µm
net396,117.19µm
net849,117.19µm
net1869,117.19µm
digital_domain_inst.cfg_phase0_offset_x\[19\],117.14µm
digital_domain_inst.cfg_phase270_offset_y\[18\],117.14µm
clknet_0_clk,117.14µm
net1047,117.09µm
net1656,117.04µm
_00815_,116.88µm
net972,116.68µm
net1409,116.68µm
_02296_,116.63µm
net1183,116.63µm
net1528,116.53µm
_03113_,116.48µm
_04174_,116.48µm
_01801_,116.12µm
net1343,116.07µm
net1835,116.07µm
net324,116.02µm
_03112_,115.97µm
digital_domain_inst.raw_edge2_y\[0\],115.97µm
net368,115.97µm
net1687,115.97µm
_03719_,115.92µm
net1844,115.92µm
net8,115.51µm
net1378,115.51µm
_02997_,115.46µm
net1476,115.46µm
net1798,115.46µm
_02336_,115.41µm
digital_domain_inst.spi_regs_inst.rx_shift\[3\],115.41µm
net167,115.41µm
net677,115.36µm
net1910,115.36µm
net2183,115.36µm
net331,115µm
net2245,114.95µm
_02041_,114.9µm
net93,114.9µm
net1613,114.9µm
net2215,114.9µm
net439,114.85µm
net1132,114.85µm
net1231,114.85µm
net829,114.8µm
net2002,114.8µm
net2138,114.8µm
analog_error_x_output,114.71µm
net6,114.49µm
net187,114.44µm
net819,114.39µm
digital_domain_inst.cfg_phase270_offset_x\[18\],114.34µm
net117,114.34µm
net175,114.34µm
net330,114.34µm
net34,114.29µm
net529,114.24µm
net1384,114.24µm
net338,114.06µm
_00968_,113.93µm
net1870,113.78µm
_00541_,113.73µm
net1138,113.73µm
net1220,113.73µm
net1788,113.73µm
net1966,113.73µm
net225,113.68µm
net1127,113.68µm
_00555_,113.37µm
net978,113.32µm
digital_domain_inst.cfg_phase270_offset_x\[3\],113.27µm
net1140,113.17µm
_01156_,113.12µm
net1356,113.12µm
_02314_,112.71µm
_01486_,112.66µm
_01487_,112.66µm
digital_domain_inst.raw_edge2_y\[9\],112.66µm
net1260,112.66µm
_03571_,112.61µm
_03981_,112.61µm
net830,112.61µm
net78,112.56µm
clknet_1_0__leaf_clk,112.46µm
_00841_,112.3µm
net760,112.28µm
net992,112.2µm
net998,112.15µm
net1023,112.15µm
net312,112.05µm
net704,112.05µm
net2043,112.05µm
_00776_,111.64µm
_00554_,111.59µm
net2226,111.54µm
_03947_,111.49µm
net90,111.44µm
net1851,111.44µm
_00969_,111.13µm
net1106,110.98µm
net1681,110.98µm
digital_domain_inst.cfg_phase0_offset_y\[5\],110.93µm
net952,110.93µm
net1057,110.93µm
net1470,110.93µm
_04682_,110.88µm
net499,110.88µm
net1051,110.88µm
net1030,110.65µm
_02583_,110.52µm
net114,110.52µm
_04660_,110.47µm
net1102,110.47µm
_01579_,110.42µm
digital_domain_inst.cfg_phase0_offset_y\[10\],110.42µm
net814,110.42µm
net1664,110.42µm
_00689_,110.37µm
_02359_,110.37µm
_02365_,110.37µm
net272,110.37µm
net767,110.37µm
net1458,110.37µm
_01450_,110.32µm
_03009_,110.32µm
digital_domain_inst.cfg_phase0_offset_y\[3\],110.32µm
net50,110.32µm
net734,110.32µm
net353,110.04µm
net5,109.96µm
net1019,109.96µm
digital_domain_inst.wave_controller_y_inst.phase_acc\[7\],109.91µm
_04959_,109.86µm
net1145,109.86µm
net1229,109.86µm
net1594,109.86µm
net201,109.81µm
net703,109.81µm
net1201,109.81µm
_01335_,109.76µm
_01361_,109.76µm
_02008_,109.76µm
net1300,109.63µm
net1165,109.4µm
net1758,109.4µm
net82,109.35µm
net340,109.35µm
net1054,109.35µm
net1543,109.35µm
net2025,109.35µm
digital_domain_inst.wave_controller_y_inst.phase_acc\[0\],109.3µm
net126,109.3µm
net1775,109.3µm
net1949,109.3µm
_01436_,109.25µm
_04203_,109.25µm
net1238,109.25µm
digital_domain_inst.spi_regs_inst.rx_shift\[6\],109.2µm
net1163,109.2µm
_01773_,108.89µm
_02437_,108.89µm
net638,108.89µm
digital_domain_inst.cfg_phase0_offset_x\[2\],108.79µm
digital_domain_inst.wave_controller_y_inst.wave_cycle_cnt\[4\],108.79µm
_00540_,108.74µm
net1718,108.69µm
net1931,108.69µm
_04220_,108.64µm
_00888_,108.38µm
_02405_,108.33µm
_02310_,108.23µm
digital_domain_inst.raw_edge1_x\[10\],108.23µm
digital_domain_inst.wave_controller_x_inst.phase_acc\[9\],108.23µm
net115,108.23µm
net1131,108.23µm
net932,108.18µm
digital_domain_inst.cfg_phase0_offset_x\[4\],108.13µm
net1874,108.13µm
digital_domain_inst.cfg_phase270_offset_y\[4\],108.08µm
net213,108.08µm
net341,107.62µm
net560,107.62µm
_00663_,107.57µm
_00745_,107.57µm
_00747_,107.57µm
_01319_,107.57µm
net639,107.57µm
net642,107.57µm
net158,107.52µm
net644,107.52µm
net1901,107.52µm
net1953,107.52µm
_00996_,107.11µm
net1704,107.11µm
_00975_,107.06µm
digital_domain_inst.raw_edge2_x\[18\],107.06µm
_01674_,107.01µm
_04210_,107.01µm
net991,107.01µm
net1169,107.01µm
net1527,107.01µm
net178,106.96µm
net1653,106.96µm
_00987_,106.6µm
_00966_,106.55µm
digital_domain_inst.cfg_phase270_offset_y\[6\],106.55µm
net101,106.55µm
net389,106.5µm
net438,106.5µm
_02368_,106.45µm
net801,106.45µm
net1550,106.45µm
net383,106.4µm
digital_domain_inst.delay_wave_cycle_x\[3\],106.29µm
_02098_,106.04µm
net135,106.04µm
net528,105.99µm
digital_domain_inst.raw_edge2_x\[1\],105.94µm
net535,105.94µm
net1392,105.94µm
net1875,105.94µm
digital_domain_inst.raw_edge1_x\[4\],105.89µm
digital_domain_inst.raw_edge2_x\[9\],105.89µm
net689,105.89µm
digital_domain_inst.raw_edge3_x\[6\],105.53µm
net981,105.48µm
_01585_,105.43µm
net77,105.43µm
digital_domain_inst.cfg_phase90_offset_y\[14\],105.38µm
_02316_,105.33µm
digital_domain_inst.wave_controller_y_inst.wave_cycle_cnt\[2\],105.33µm
net354,105.33µm
net428,105.33µm
net571,105.28µm
net1117,105.28µm
net1190,105.28µm
digital_domain_inst.raw_edge3_x\[9\],105.02µm
_00713_,104.87µm
net987,104.87µm
_00804_,104.82µm
_02268_,104.82µm
net657,104.82µm
net905,104.82µm
net1864,104.82µm
_03583_,104.77µm
net1428,104.77µm
_03648_,104.72µm
net553,104.72µm
net740,104.72µm
net850,104.72µm
net1194,104.72µm
net1222,104.36µm
digital_domain_inst.raw_edge2_y\[20\],104.31µm
net1203,104.31µm
_00620_,104.26µm
_01547_,104.26µm
_02592_,104.26µm
digital_domain_inst.cfg_phase0_offset_y\[4\],104.26µm
net1412,104.26µm
net2140,104.26µm
net601,104.21µm
net1000,104.21µm
_03912_,104.16µm
_04007_,104.16µm
net134,104.16µm
net536,104.16µm
net1623,104.16µm
net107,103.98µm
_01055_,103.75µm
digital_domain_inst.cfg_phase0_offset_y\[1\],103.75µm
net253,103.75µm
net1562,103.75µm
net1641,103.75µm
_01370_,103.7µm
digital_domain_inst.raw_edge1_x\[17\],103.7µm
net497,103.7µm
_05770_,103.65µm
net100,103.65µm
net1597,103.65µm
net2108,103.65µm
_04028_,103.6µm
net224,103.6µm
net2016,103.6µm
digital_domain_inst.spi_regs_inst.rx_shift\[2\],103.24µm
_02841_,103.14µm
digital_domain_inst.raw_edge1_x\[2\],103.14µm
digital_domain_inst.spi_regs_inst.sclk_d,103.09µm
net40,103.09µm
net360,103.09µm
net818,103.09µm
net842,103.09µm
net1965,103.09µm
_03874_,103.04µm
net57,103.04µm
net977,103.04µm
net1404,103.04µm
_00655_,102.68µm
net108,102.68µm
_02338_,102.63µm
net554,102.63µm
net953,102.58µm
_01587_,102.53µm
_02457_,102.53µm
net227,102.53µm
net1014,102.53µm
_00717_,102.5µm
_04300_,102.48µm
net1619,102.48µm
_00965_,102.27µm
_00603_,102.17µm
_02804_,102.02µm
net79,102.02µm
net908,102.02µm
net1892,102.02µm
net2032,102.02µm
_03722_,101.97µm
net1114,101.97µm
net1631,101.97µm
net265,101.92µm
_00961_,101.61µm
_00628_,101.56µm
net321,101.56µm
_00551_,101.51µm
net1118,101.51µm
net1489,101.51µm
net1650,101.46µm
net138,101.41µm
net808,101.41µm
net1911,101.41µm
net1938,101.41µm
net2060,101.41µm
_01548_,101.36µm
net659,101.36µm
net1573,101.05µm
_04181_,100.95µm
net626,100.95µm
_00035_,100.9µm
_04071_,100.9µm
net986,100.9µm
_00650_,100.85µm
_00683_,100.85µm
_02980_,100.85µm
net503,100.85µm
net514,100.85µm
net712,100.85µm
digital_domain_inst.raw_edge1_y\[18\],100.49µm
_00832_,100.44µm
_00600_,100.39µm
net857,100.39µm
net1022,100.39µm
net1607,100.39µm
_02332_,100.34µm
_02412_,100.34µm
digital_domain_inst.cfg_f_MEMS_fcw_y\[5\],100.34µm
_01542_,100.29µm
_03873_,100.29µm
_04158_,100.29µm
net170,100.29µm
net532,100.29µm
net1579,100.29µm
net2090,100.29µm
_01425_,100.24µm
net1036,100.24µm
net63,99.83µm
net1608,99.83µm
_02302_,99.78µm
net759,99.78µm
_00722_,99.73µm
_01667_,99.73µm
_04147_,99.73µm
net1223,99.73µm
net1311,99.68µm
net1555,99.32µm
_01673_,99.22µm
_02293_,99.22µm
_04002_,99.17µm
net229,99.17µm
net811,99.17µm
net913,99.17µm
net1809,99.17µm
net2188,99.17µm
digital_domain_inst.cfg_f_MEMS_fcw_x\[13\],99.12µm
net1559,99.12µm
_04281_,98.71µm
net89,98.71µm
net982,98.71µm
_02337_,98.66µm
net1124,98.66µm
net1166,98.66µm
net1587,98.66µm
_02782_,98.61µm
net302,98.61µm
net1171,98.61µm
net1403,98.61µm
net1638,98.61µm
net1853,98.61µm
_04107_,98.56µm
_04142_,98.56µm
net926,98.56µm
net1249,98.56µm
_03531_,98.5µm
_02361_,98.1µm
net1005,98.1µm
net1056,98.1µm
net1426,98.1µm
_00840_,98.05µm
_05773_,98.05µm
_02432_,98µm
_03578_,98µm
digital_domain_inst.cfg_f_MEMS_fcw_y\[1\],98µm
net673,98µm
net1717,98µm
net2180,98µm
digital_domain_inst.cfg_f_MEMS_fcw_y\[8\],97.59µm
net1045,97.59µm
net1733,97.59µm
net155,97.54µm
net533,97.54µm
net549,97.54µm
net841,97.54µm
net873,97.54µm
net1756,97.54µm
_02999_,97.49µm
_03699_,97.49µm
net420,97.49µm
net665,97.49µm
_01861_,97.44µm
_00977_,97.03µm
digital_domain_inst.spi_regs_inst.reg_wr_addr\[1\],97.03µm
_04485_,96.98µm
net1261,96.98µm
net2061,96.98µm
_03662_,96.93µm
_04722_,96.93µm
net880,96.93µm
net1128,96.93µm
net2147,96.93µm
_03587_,96.88µm
net2175,96.88µm
_03524_,96.72µm
net2214,96.52µm
_00589_,96.47µm
digital_domain_inst.wave_controller_y_inst.phase_acc\[6\],96.42µm
net1722,96.42µm
net956,96.37µm
net1049,96.37µm
net1250,96.37µm
net1422,96.37µm
_04482_,96.06µm
net1810,96.06µm
_00619_,96.01µm
_01739_,95.91µm
digital_domain_inst.cfg_phase90_offset_y\[8\],95.91µm
_00752_,95.86µm
_00812_,95.86µm
_04183_,95.86µm
net1044,95.86µm
_02311_,95.81µm
_02372_,95.81µm
_02802_,95.81µm
_04188_,95.81µm
_04504_,95.81µm
_05659_,95.81µm
net844,95.81µm
_03273_,95.45µm
_00974_,95.4µm
_04146_,95.35µm
net58,95.35µm
net516,95.35µm
net1930,95.3µm
net2027,95.3µm
_02586_,95.25µm
net919,95.25µm
net1786,95.25µm
digital_domain_inst.raw_edge2_y\[3\],95.2µm
_00000_,94.79µm
digital_domain_inst.wave_controller_y_inst.wave_cycle_cnt\[5\],94.79µm
net193,94.79µm
net289,94.79µm
net1715,94.79µm
_00606_,94.74µm
digital_domain_inst.cfg_phase90_offset_x\[6\],94.74µm
net1185,94.74µm
net1230,94.74µm
digital_domain_inst.raw_edge3_x\[15\],94.69µm
net1678,94.69µm
_00697_,94.64µm
_02267_,94.64µm
_04090_,94.64µm
net410,94.64µm
net1890,94.28µm
digital_domain_inst.raw_edge1_y\[0\],94.23µm
net606,94.23µm
net483,94.18µm
net2228,94.18µm
_01423_,94.13µm
_01543_,94.13µm
_02009_,94.13µm
_02283_,94.13µm
_03705_,94.13µm
_03895_,94.13µm
net1359,94.13µm
net1669,94.13µm
_01564_,94.08µm
net152,94.08µm
net521,94.08µm
net1885,94.08µm
net756,93.72µm
_00685_,93.67µm
_00694_,93.67µm
_00862_,93.62µm
digital_domain_inst.spi_regs_inst.rx_shift\[1\],93.62µm
net1337,93.62µm
_01482_,93.57µm
_02280_,93.57µm
digital_domain_inst.raw_edge1_x\[7\],93.57µm
net61,93.57µm
net858,93.57µm
net2085,93.57µm
net2223,93.57µm
_01566_,93.52µm
net1093,93.52µm
net2037,93.52µm
_00615_,93.16µm
digital_domain_inst.delay_wave_cycle_y\[1\],93.16µm
digital_domain_inst.raw_edge1_y\[15\],93.16µm
net274,93.11µm
net630,93.11µm
net236,93.06µm
_03032_,93.01µm
_04827_,93.01µm
net1129,93.01µm
net1867,93.01µm
_04089_,92.96µm
_04705_,92.96µm
net540,92.96µm
net1556,92.96µm
net1711,92.96µm
net1111,92.55µm
digital_domain_inst.raw_edge1_y\[19\],92.5µm
net110,92.5µm
net154,92.5µm
net616,92.5µm
net1822,92.5µm
digital_domain_inst.spi_regs_inst.rx_shift\[4\],92.45µm
net283,92.45µm
net1680,92.45µm
net1964,92.45µm
net2063,92.45µm
net1904,92.4µm
_02816_,92.04µm
net1578,92.04µm
net886,91.94µm
_01002_,91.89µm
_01391_,91.89µm
net385,91.89µm
net1066,91.89µm
net1151,91.89µm
_01223_,91.84µm
_03200_,91.84µm
net490,91.84µm
net828,91.84µm
net1025,91.84µm
net1366,91.84µm
net975,91.43µm
net1192,91.38µm
net1606,91.38µm
net743,91.33µm
net1888,91.33µm
_02050_,91.28µm
digital_domain_inst.cfg_phase90_offset_y\[11\],91.28µm
net356,91.28µm
_00649_,91.02µm
_00608_,90.87µm
digital_domain_inst.wave_controller_x_inst.phase_acc\[8\],90.87µm
net258,90.87µm
net870,90.87µm
net1487,90.87µm
net448,90.82µm
digital_domain_inst.raw_edge2_x\[5\],90.77µm
net382,90.77µm
net694,90.77µm
net1299,90.77µm
_00601_,90.31µm
net1424,90.31µm
net1547,90.31µm
digital_domain_inst.signal_processor_y_inst.cycle_count\[1\],90.26µm
net1379,90.26µm
_04211_,90.21µm
_02836_,90.16µm
_03894_,90.16µm
_04637_,90.16µm
net129,90.16µm
net328,90.16µm
net751,90.16µm
net1812,90.16µm
net1976,90.16µm
digital_domain_inst.ref_wave_y,90.06µm
_00670_,89.93µm
net976,89.75µm
net1900,89.75µm
net184,89.7µm
net1621,89.7µm
net1673,89.7µm
net127,89.65µm
net1119,89.65µm
_04129_,89.6µm
_01508_,89.24µm
net1368,89.24µm
digital_domain_inst.raw_edge2_y\[16\],89.19µm
_05244_,89.14µm
net900,89.14µm
net2184,89.14µm
_01571_,89.09µm
_03985_,89.09µm
_04111_,89.09µm
net1540,89.09µm
net2030,89.09µm
net2161,89.09µm
net545,89.04µm
net1659,89.04µm
net181,88.88µm
_00613_,88.68µm
digital_domain_inst.raw_edge1_x\[9\],88.68µm
_02389_,88.58µm
_03858_,88.58µm
net2179,88.58µm
_00796_,88.53µm
_02701_,88.53µm
net817,88.53µm
net888,88.48µm
net1113,88.48µm
net990,88.02µm
net1082,88.02µm
_00553_,87.97µm
net688,87.97µm
net723,87.97µm
net1896,87.97µm
net1999,87.97µm
_03902_,87.92µm
net2117,87.92µm
_00662_,87.56µm
_01484_,87.51µm
net447,87.51µm
net1919,87.51µm
net2155,87.51µm
_04083_,87.41µm
net592,87.41µm
net1244,87.41µm
net1374,87.41µm
net2101,87.41µm
net275,87.36µm
net1744,87.36µm
_04480_,87.05µm
net543,87.05µm
_00821_,86.95µm
digital_domain_inst.wave_controller_x_inst.phase_acc\[13\],86.95µm
net1156,86.95µm
_00830_,86.9µm
net146,86.9µm
net408,86.9µm
net668,86.9µm
net2064,86.9µm
_02594_,86.85µm
_04246_,86.85µm
net397,86.85µm
net505,86.85µm
net748,86.85µm
net1588,86.8µm
digital_domain_inst.wave_controller_x_inst.wave_cycle_cnt\[0\],86.54µm
net1040,86.49µm
net1399,86.39µm
_00809_,86.34µm
net595,86.34µm
net2036,86.34µm
_02066_,86.29µm
_02664_,86.29µm
_04288_,86.29µm
digital_domain_inst.cfg_f_MEMS_fcw_y\[3\],86.29µm
net278,86.29µm
net566,86.29µm
net1097,86.29µm
net1365,86.29µm
net1471,86.29µm
net1612,86.29µm
_01353_,86.24µm
_04072_,86.24µm
_04807_,86.24µm
net678,86.24µm
net920,86.24µm
_01554_,85.88µm
_00621_,85.83µm
_02116_,85.78µm
_03479_,85.78µm
digital_domain_inst.raw_edge1_y\[12\],85.78µm
digital_domain_inst.signal_processor_y_inst.cycle_count\[0\],85.78µm
net38,85.78µm
net104,85.78µm
net335,85.78µm
net1010,85.78µm
net1081,85.78µm
net1277,85.78µm
net1336,85.78µm
net1813,85.78µm
_01864_,85.73µm
_02587_,85.73µm
net102,85.73µm
net1923,85.73µm
_00755_,85.68µm
_03688_,85.68µm
_03998_,85.68µm
net294,85.68µm
net725,85.68µm
net825,85.68µm
net1643,85.68µm
net2026,85.68µm
net431,85.32µm
_00577_,85.27µm
net1922,85.27µm
net2001,85.27µm
_04039_,85.22µm
net252,85.22µm
net764,85.22µm
_01405_,85.17µm
_01562_,85.17µm
net605,85.17µm
net1035,85.17µm
_03650_,85.12µm
net474,85.12µm
net957,85.12µm
net2105,85.12µm
net2125,85.12µm
net765,84.86µm
_02294_,84.71µm
_04469_,84.71µm
digital_domain_inst.signal_processor_y_inst.s90_valid,84.66µm
net512,84.66µm
net804,84.66µm
net1429,84.66µm
net1536,84.66µm
_03872_,84.61µm
net758,84.61µm
net896,84.61µm
_03948_,84.56µm
net426,84.56µm
net581,84.2µm
_02277_,84.15µm
net326,84.15µm
net655,84.1µm
_00711_,84.05µm
_01515_,84.05µm
net214,84.05µm
net429,84.05µm
net988,84.05µm
net1880,84.05µm
_00818_,84µm
net1347,84µm
net459,83.64µm
digital_domain_inst.raw_edge1_x\[1\],83.59µm
_03239_,83.54µm
net1154,83.54µm
net2096,83.54µm
_02981_,83.49µm
digital_domain_inst.spi_regs_inst.state_o\[2\],83.49µm
net1860,83.49µm
_01558_,83.44µm
_02269_,83.44µm
_03548_,83.44µm
net1110,83.44µm
net1948,83.08µm
net269,83.03µm
_05662_,82.98µm
net1538,82.98µm
net1771,82.98µm
net1954,82.98µm
_00675_,82.93µm
_01438_,82.93µm
_03168_,82.93µm
net713,82.93µm
_01550_,82.88µm
_03584_,82.88µm
net1243,82.88µm
net1668,82.88µm
_03193_,82.52µm
digital_domain_inst.wave_controller_y_inst.wave_cycle_cnt\[3\],82.52µm
net124,82.52µm
_00679_,82.47µm
digital_domain_inst.raw_edge1_y\[10\],82.47µm
net625,82.47µm
net640,82.47µm
net1357,82.47µm
_02555_,82.42µm
net190,82.42µm
net815,82.42µm
net1188,82.42µm
net1854,82.42µm
_02331_,82.37µm
net149,82.37µm
net270,82.37µm
net722,82.37µm
net1239,82.37µm
net2247,82.37µm
_01261_,82.32µm
_04100_,82.32µm
net523,82.32µm
net2024,82.32µm
net2195,82.32µm
net1108,82.14µm
_02436_,81.91µm
net1649,81.91µm
net1050,81.86µm
net1845,81.86µm
net2152,81.86µm
_01200_,81.81µm
_01314_,81.81µm
_01318_,81.81µm
_02115_,81.81µm
digital_domain_inst.cfg_phase0_offset_y\[0\],81.81µm
net471,81.81µm
net1252,81.81µm
net2015,81.81µm
_01532_,81.76µm
digital_domain_inst.raw_edge3_x\[8\],81.76µm
net1544,81.76µm
_00798_,81.5µm
_00681_,81.45µm
net1332,81.35µm
digital_domain_inst.cfg_phase270_offset_x\[5\],81.3µm
net1186,81.3µm
net2186,81.3µm
_02458_,81.25µm
_02858_,81.25µm
net702,81.25µm
_02035_,81.2µm
_02560_,81.2µm
_02786_,81.2µm
_04222_,81.2µm
_04937_,80.74µm
digital_domain_inst.wave_controller_y_inst.phase_acc\[8\],80.74µm
net762,80.74µm
net796,80.74µm
net1092,80.74µm
net1242,80.74µm
digital_domain_inst.delay_wave_cycle_y\[2\],80.69µm
net709,80.69µm
net1640,80.69µm
net232,80.64µm
_01462_,80.18µm
digital_domain_inst.wave_controller_x_inst.phase_acc\[17\],80.18µm
net159,80.18µm
net1721,80.18µm
net1785,80.18µm
net2039,80.18µm
net2204,80.18µm
_01379_,80.13µm
_03574_,80.13µm
_03990_,80.13µm
net851,80.13µm
net1355,80.13µm
_01574_,80.08µm
_04101_,80.08µm
_04200_,80.08µm
net794,80.08µm
net914,80.08µm
net1710,80.08µm
net1912,80.08µm
digital_domain_inst.wave_controller_x_inst.phase_acc\[14\],79.82µm
net1248,79.8µm
_03727_,79.72µm
digital_domain_inst.signal_processor_x_inst.s90,79.72µm
net484,79.72µm
_05657_,79.67µm
_01560_,79.62µm
_01887_,79.62µm
_04242_,79.62µm
digital_domain_inst.cfg_phase0_offset_y\[19\],79.62µm
net772,79.62µm
_00695_,79.57µm
_01003_,79.57µm
_01883_,79.57µm
_02258_,79.57µm
_04067_,79.57µm
net619,79.57µm
net1011,79.57µm
net1148,79.57µm
net1400,79.57µm
net1593,79.57µm
net1908,79.57µm
_00909_,79.52µm
_02879_,79.52µm
net1604,79.52µm
net627,79.16µm
net757,79.11µm
net1039,79.11µm
net1276,79.11µm
_00548_,79.06µm
_00609_,79.06µm
net663,79.06µm
net890,79.06µm
_02736_,79.01µm
net164,79.01µm
net434,79.01µm
net656,79.01µm
net806,79.01µm
net1525,79.01µm
net1955,79.01µm
_01027_,78.96µm
_03591_,78.96µm
_00854_,78.73µm
_00820_,78.65µm
_00636_,78.5µm
_04786_,78.5µm
net2206,78.45µm
net2213,78.45µm
_03683_,78.4µm
digital_domain_inst.wave_controller_y_inst.phase_acc\[2\],78.4µm
clknet_1_1__leaf_clk,78.3µm
_02638_,78.09µm
_02672_,78.04µm
_01471_,77.99µm
_01950_,77.99µm
_04314_,77.99µm
net188,77.99µm
net550,77.89µm
_01201_,77.84µm
net478,77.84µm
_03290_,77.48µm
_00826_,77.43µm
_01461_,77.43µm
digital_domain_inst.wave_controller_y_inst.phase_acc\[10\],77.43µm
net379,77.43µm
net869,77.43µm
net1942,77.43µm
_00552_,77.38µm
_02673_,77.38µm
digital_domain_inst.raw_edge3_y\[6\],77.38µm
net871,77.38µm
net1610,77.38µm
net2169,77.38µm
_01447_,77.33µm
_01573_,77.33µm
net1189,77.33µm
_02023_,77.28µm
net194,77.28µm
net1015,77.28µm
net2014,77.28µm
net2244,77.28µm
digital_domain_inst.wave_controller_x_inst.wave_cycle_cnt\[2\],77.12µm
net1958,76.97µm
net1478,76.87µm
net195,76.82µm
_02363_,76.77µm
digital_domain_inst.raw_edge2_y\[13\],76.77µm
_01702_,76.72µm
net684,76.72µm
net1398,76.72µm
net2088,76.72µm
_05419_,76.36µm
_00672_,76.31µm
net561,76.31µm
net958,76.31µm
_00708_,76.26µm
_00822_,76.26µm
_02119_,76.26µm
_02546_,76.26µm
digital_domain_inst.raw_edge2_x\[14\],76.26µm
net2192,76.26µm
_02800_,76.21µm
_05653_,76.21µm
net838,76.21µm
_02880_,76.16µm
_03602_,76.16µm
net314,76.16µm
net268,75.93µm
net1182,75.85µm
net1346,75.8µm
_00616_,75.75µm
_02478_,75.75µm
digital_domain_inst.wave_controller_y_inst.phase_acc\[11\],75.7µm
net1410,75.7µm
net1576,75.7µm
_00743_,75.65µm
net103,75.65µm
net519,75.65µm
net824,75.65µm
net1636,75.65µm
net1684,75.65µm
net1997,75.65µm
net2097,75.65µm
_01545_,75.6µm
_01588_,75.6µm
_02443_,75.6µm
_03588_,75.6µm
_05575_,75.6µm
net816,75.6µm
_03292_,75.24µm
net166,75.19µm
_01203_,75.14µm
_01681_,75.14µm
_02490_,75.14µm
net701,75.14µm
net1103,75.14µm
net1761,75.14µm
net525,75.09µm
net768,75.09µm
net951,75.09µm
net1991,75.09µm
_01551_,75.04µm
_02181_,75.04µm
_03793_,75.04µm
net23,75.04µm
net106,75.04µm
net2224,75.04µm
net2168,74.68µm
_00795_,74.63µm
net1004,74.63µm
net1120,74.63µm
_04486_,74.58µm
digital_domain_inst.raw_edge3_x\[5\],74.58µm
net1405,74.58µm
net1539,74.58µm
_02571_,74.53µm
_04088_,74.53µm
net325,74.53µm
net779,74.53µm
net1973,74.53µm
_00981_,74.48µm
_05020_,74.22µm
_01901_,74.12µm
_03538_,74.12µm
net165,74.07µm
net1087,74.07µm
net2124,74.07µm
net2200,74.07µm
_00819_,74.02µm
_01731_,74.02µm
_02341_,74.02µm
_03021_,74.02µm
net2044,74.02µm
net2091,74.02µm
_02327_,73.97µm
net1173,73.97µm
net2068,73.97µm
_02527_,73.92µm
_02939_,73.92µm
_01559_,73.56µm
digital_domain_inst.delay_wave_cycle_x\[1\],73.51µm
_00810_,73.46µm
_00872_,73.46µm
_03877_,73.46µm
net1096,73.46µm
net1762,73.46µm
_03050_,73.41µm
_03647_,73.41µm
_03996_,73.41µm
digital_domain_inst.raw_edge1_x\[6\],73.41µm
digital_domain_inst.raw_edge2_x\[7\],73.41µm
net745,73.41µm
net879,73.41µm
net906,73.41µm
net1394,73.41µm
_00715_,73.36µm
net1278,73.36µm
net1361,73.13µm
net1228,73µm
digital_domain_inst.raw_edge1_y\[9\],72.95µm
net440,72.95µm
net2107,72.95µm
_03609_,72.9µm
_04241_,72.9µm
net711,72.9µm
_00586_,72.85µm
_01457_,72.85µm
_02043_,72.85µm
digital_domain_inst.cal_done_x,72.85µm
digital_domain_inst.wave_controller_x_inst.phase_acc\[20\],72.85µm
net156,72.85µm
net706,72.85µm
net994,72.85µm
net1561,72.85µm
net2202,72.85µm
_02357_,72.8µm
_03504_,72.39µm
net316,72.39µm
net1372,72.39µm
net1674,72.39µm
net721,72.34µm
net2102,72.34µm
net2104,72.34µm
net509,72.29µm
_02323_,72.24µm
_02480_,72.24µm
digital_domain_inst.raw_edge2_x\[6\],72.11µm
net649,71.83µm
net1473,71.83µm
_00723_,71.78µm
digital_domain_inst.cfg_f_MEMS_fcw_x\[7\],71.78µm
_01596_,71.73µm
_02039_,71.73µm
_02134_,71.73µm
_02276_,71.73µm
_05267_,71.73µm
digital_domain_inst.phase_state_y\[0\],71.73µm
net234,71.73µm
net534,71.73µm
net586,71.73µm
net1676,71.73µm
net2201,71.73µm
_03794_,71.68µm
_03908_,71.68µm
_04190_,71.68µm
net686,71.68µm
net1161,71.68µm
net2052,71.27µm
digital_domain_inst.wave_controller_x_inst.phase_acc\[4\],71.22µm
net9,71.22µm
net36,71.22µm
net2033,71.22µm
_00791_,71.17µm
_01694_,71.17µm
net2103,71.17µm
_01468_,71.12µm
_03867_,71.12µm
_04132_,71.12µm
net277,71.12µm
_00997_,70.81µm
net1915,70.81µm
_03492_,70.71µm
net33,70.71µm
net612,70.71µm
net670,70.71µm
_01251_,70.66µm
net1510,70.66µm
_00304_,70.61µm
_01497_,70.61µm
_02146_,70.61µm
_02335_,70.61µm
_02749_,70.61µm
net150,70.61µm
net753,70.61µm
net1689,70.61µm
net1926,70.61µm
net2130,70.61µm
net2150,70.61µm
_01336_,70.56µm
_01424_,70.56µm
_01683_,70.56µm
_04197_,70.56µm
net2034,70.56µm
net1088,70.25µm
_02151_,70.15µm
_03498_,70.15µm
net552,70.15µm
net623,70.15µm
_02160_,70.1µm
net300,70.1µm
net452,70.1µm
net495,70.1µm
net1725,70.1µm
_00284_,70.05µm
_01867_,70.05µm
_02829_,70.05µm
_03600_,70.05µm
net654,70.05µm
net661,70.05µm
net2031,70.05µm
_04817_,70µm
digital_domain_inst.raw_edge2_x\[13\],70µm
net424,70µm
net1196,70µm
net2146,70µm
digital_domain_inst.signal_processor_y_inst.s90,69.74µm
net1064,69.69µm
net211,69.59µm
_02250_,69.54µm
_03989_,69.54µm
_04614_,69.54µm
digital_domain_inst.wave_controller_y_inst.phase_acc\[5\],69.54µm
net898,69.54µm
net1137,69.54µm
net1637,69.54µm
net2172,69.54µm
_00803_,69.49µm
_01572_,69.49µm
_04793_,69.49µm
digital_domain_inst.cfg_phase270_offset_y\[0\],69.49µm
_01491_,69.44µm
_01521_,69.44µm
_03295_,69.44µm
_04010_,69.44µm
_04826_,69.44µm
_04876_,69.44µm
digital_domain_inst.raw_edge2_y\[5\],69.44µm
digital_domain_inst.spi_regs_inst.reg_wr_addr\[3\],69.44µm
net716,69.44µm
net853,69.44µm
net1611,69.44µm
net1629,69.44µm
net1960,69.44µm
net242,69.08µm
digital_domain_inst.cfg_phase0_offset_y\[13\],69.03µm
_01788_,68.98µm
_01576_,68.93µm
_02129_,68.93µm
_03935_,68.93µm
_01701_,68.88µm
_04872_,68.88µm
_05240_,68.88µm
_05649_,68.88µm
net208,68.88µm
net1254,68.88µm
net2229,68.88µm
net948,68.47µm
net2041,68.47µm
_00668_,68.42µm
_01884_,68.42µm
_04669_,68.42µm
digital_domain_inst.delay_wave_cycle_x\[0\],68.42µm
net92,68.42µm
net230,68.42µm
net482,68.42µm
net802,68.42µm
net1226,68.42µm
_02959_,68.37µm
_03703_,68.37µm
net53,68.37µm
net946,68.37µm
net1784,68.37µm
net1934,68.37µm
_03709_,68.32µm
net465,68.32µm
_02324_,67.96µm
digital_domain_inst.cfg_phase270_offset_y\[3\],67.91µm
_00283_,67.86µm
_00547_,67.86µm
_03680_,67.81µm
net310,67.81µm
net1549,67.81µm
_03604_,67.76µm
_03720_,67.76µm
_04051_,67.76µm
net1577,67.76µm
_02082_,67.4µm
digital_domain_inst.wave_controller_x_inst.phase_acc\[18\],67.35µm
net995,67.35µm
_00829_,67.3µm
_03394_,67.3µm
net2058,67.3µm
net347,67.25µm
net375,67.25µm
net852,67.25µm
net2131,67.25µm
_02259_,67.2µm
_04874_,67.2µm
net445,67.2µm
_00627_,66.84µm
_00793_,66.84µm
_02489_,66.84µm
digital_domain_inst.wave_controller_y_inst.wave_cycle_cnt\[7\],66.84µm
net604,66.84µm
net1060,66.84µm
_04712_,66.79µm
net1457,66.79µm
net2193,66.79µm
_00766_,66.74µm
_00953_,66.74µm
_03558_,66.74µm
net345,66.74µm
net1861,66.74µm
_01449_,66.69µm
digital_domain_inst.cfg_phase270_offset_y\[2\],66.69µm
net1063,66.69µm
_03572_,66.64µm
_04238_,66.64µm
net1873,66.64µm
digital_domain_inst.wave_controller_x_inst.wave_cycle_cnt\[6\],66.28µm
net578,66.28µm
_03170_,66.23µm
net1310,66.23µm
_00641_,66.18µm
_01184_,66.18µm
_02433_,66.18µm
_02885_,66.18µm
net589,66.18µm
net970,66.18µm
_03796_,66.13µm
_03967_,66.13µm
net1670,66.13µm
net1879,66.13µm
_02163_,66.08µm
_03711_,66.08µm
_03724_,66.08µm
_04204_,66.08µm
_04334_,66.08µm
net218,66.08µm
net1414,66.08µm
_02596_,65.77µm
digital_domain_inst.wave_controller_x_inst.wave_cycle_cnt\[7\],65.72µm
net867,65.72µm
net2143,65.72µm
_01986_,65.67µm
_02223_,65.67µm
_00775_,65.62µm
_01528_,65.62µm
_01987_,65.62µm
digital_domain_inst.cfg_phase90_offset_y\[13\],65.62µm
digital_domain_inst.wave_controller_y_inst.phase_acc\[20\],65.62µm
net192,65.62µm
_02068_,65.57µm
_02591_,65.57µm
net643,65.57µm
net1130,65.57µm
net2170,65.57µm
clknet_leaf_35_clk_regs,65.57µm
_04125_,65.52µm
_04304_,65.52µm
_05714_,65.52µm
net1707,65.52µm
_00851_,65.24µm
_00580_,65.11µm
_02328_,65.11µm
net1009,65.11µm
net2094,65.11µm
_01490_,65.06µm
net374,65.06µm
net491,65.06µm
net1291,65.06µm
net1989,65.06µm
net2252,65.06µm
_00646_,65.01µm
_01539_,65.01µm
_01659_,65.01µm
_02626_,65.01µm
_03748_,65.01µm
_03785_,65.01µm
digital_domain_inst.raw_edge1_y\[2\],65.01µm
_00994_,64.96µm
_01514_,64.96µm
_02208_,64.96µm
_04324_,64.96µm
net11,64.96µm
net271,64.96µm
net1605,64.96µm
_04517_,64.73µm
_00653_,64.55µm
_01330_,64.55µm
net1952,64.55µm
_00579_,64.5µm
_02062_,64.5µm
_04201_,64.5µm
_05731_,64.5µm
net113,64.5µm
net286,64.5µm
net1615,64.5µm
net1920,64.5µm
_01863_,64.45µm
_02165_,64.45µm
net285,64.45µm
net1157,64.45µm
_03197_,64.4µm
_03276_,64.4µm
_04677_,64.4µm
_05030_,64.4µm
net651,64.4µm
net907,64.4µm
_00763_,64.04µm
_02630_,64.04µm
net979,64.04µm
_01057_,63.94µm
digital_domain_inst.cfg_phase0_offset_x\[6\],63.94µm
net546,63.94µm
net860,63.94µm
net1160,63.94µm
net1287,63.94µm
_00571_,63.89µm
_02261_,63.89µm
_02275_,63.89µm
_02406_,63.89µm
net279,63.89µm
net840,63.89µm
net1293,63.89µm
_01472_,63.84µm
_03035_,63.84µm
_04470_,63.84µm
net123,63.48µm
net206,63.48µm
_01993_,63.43µm
_03039_,63.43µm
net231,63.43µm
_00285_,63.38µm
_01598_,63.38µm
_03024_,63.38µm
net49,63.38µm
net413,63.38µm
_02360_,63.33µm
_03565_,63.33µm
net137,63.33µm
net832,63.33µm
net1466,63.33µm
net2218,63.33µm
_02764_,63.28µm
net724,63.28µm
net1095,63.28µm
net1245,62.87µm
net2084,62.87µm
_00740_,62.82µm
_01269_,62.77µm
_02828_,62.77µm
digital_domain_inst.delay_wave_cycle_x\[4\],62.77µm
net2173,62.77µm
net771,62.72µm
net918,62.72µm
_01910_,62.51µm
_02604_,62.41µm
_03728_,62.41µm
net544,62.36µm
digital_domain_inst.raw_edge1_y\[7\],62.31µm
net37,62.26µm
net45,62.26µm
net1236,62.26µm
net1772,62.26µm
net2074,62.26µm
_02199_,62.21µm
net2080,62.21µm
clknet_leaf_42_clk_regs,62.21µm
net411,62.16µm
_03310_,61.8µm
digital_domain_inst.raw_edge1_y\[17\],61.8µm
net1001,61.8µm
net432,61.75µm
net392,61.7µm
net631,61.7µm
_03190_,61.65µm
_04195_,61.65µm
net148,61.65µm
net1214,61.65µm
net1780,61.65µm
_02756_,61.6µm
_04084_,61.6µm
digital_domain_inst.wave_controller_y_inst.phase_acc\[3\],61.19µm
net105,61.19µm
_00692_,61.14µm
_01509_,61.14µm
_04917_,61.14µm
net416,61.14µm
net839,61.14µm
net1362,61.14µm
net2219,61.14µm
_00543_,61.09µm
_00691_,61.09µm
_02617_,61.09µm
digital_domain_inst.cfg_phase270_offset_x\[14\],61.09µm
net407,61.09µm
net968,61.09µm
net1887,61.09µm
net861,61.04µm
net1407,61.04µm
_01463_,60.68µm
digital_domain_inst.spi_regs_inst.reg_wr_addr\[2\],60.68µm
_00630_,60.63µm
_03745_,60.63µm
_03396_,60.58µm
_03528_,60.58µm
net807,60.58µm
net1932,60.58µm
net2127,60.58µm
_02623_,60.53µm
_04918_,60.53µm
net295,60.53µm
net515,60.53µm
net1720,60.53µm
_01167_,60.48µm
_02842_,60.48µm
_03219_,60.48µm
_04689_,60.48µm
net2251,60.48µm
net1042,60.35µm
_03067_,60.12µm
digital_domain_inst.signal_processor_y_inst.s90_pipe\[3\],60.12µm
net856,60.07µm
net1159,60.07µm
net1509,60.07µm
_00705_,60.02µm
net974,60.02µm
net1013,60.02µm
_04916_,59.97µm
net174,59.97µm
net273,59.97µm
net400,59.97µm
net752,59.97µm
net915,59.97µm
net1085,59.97µm
net2018,59.92µm
net2123,59.56µm
_02819_,59.51µm
_01845_,59.46µm
digital_domain_inst.raw_edge1_x\[3\],59.46µm
net2136,59.46µm
net2177,59.46µm
_01149_,59.41µm
_01886_,59.41µm
_02976_,59.41µm
_03236_,59.41µm
_03585_,59.41µm
_04093_,59.41µm
digital_domain_inst.wave_controller_x_inst.phase_acc\[12\],59.41µm
net179,59.41µm
net1988,59.41µm
_02033_,59.36µm
_03605_,59.36µm
_03792_,59.36µm
_05729_,59.36µm
_04330_,59.23µm
digital_domain_inst.signal_processor_x_inst.s270_pipe\[3\],59.13µm
net237,59µm
_02272_,58.9µm
_02289_,58.9µm
digital_domain_inst.raw_edge3_y\[9\],58.9µm
net323,58.9µm
net2134,58.9µm
net2174,58.9µm
_00693_,58.85µm
_03031_,58.85µm
_03152_,58.85µm
net488,58.85µm
net669,58.85µm
net1367,58.85µm
net2049,58.85µm
net2083,58.85µm
net2240,58.85µm
_00588_,58.44µm
_02101_,58.44µm
_01906_,58.39µm
_02346_,58.39µm
_04511_,58.34µm
digital_domain_inst.cfg_f_MEMS_fcw_y\[14\],58.34µm
net2007,58.34µm
_02355_,58.29µm
_02636_,58.29µm
_03001_,58.29µm
_04729_,58.29µm
digital_domain_inst.cfg_phase90_offset_y\[9\],58.29µm
digital_domain_inst.raw_edge1_y\[4\],58.29µm
net892,58.29µm
net1098,58.29µm
net1683,58.29µm
net2142,58.29µm
_01586_,58.24µm
_02040_,58.24µm
_04086_,58.24µm
digital_domain_inst.cfg_f_MEMS_fcw_x\[10\],58.24µm
net62,58.24µm
net750,58.24µm
net780,58.24µm
net854,57.88µm
_02418_,57.83µm
net648,57.83µm
net1797,57.83µm
net2122,57.83µm
_00746_,57.78µm
_02541_,57.78µm
net307,57.78µm
net450,57.78µm
net1575,57.78µm
net2156,57.78µm
_03135_,57.73µm
_03715_,57.73µm
_03816_,57.73µm
_04512_,57.73µm
_05554_,57.73µm
net763,57.73µm
net2233,57.73µm
_02799_,57.68µm
_03433_,57.68µm
_03607_,57.68µm
_03883_,57.68µm
_03886_,57.68µm
net292,57.68µm
net1232,57.68µm
net2046,57.27µm
_00652_,57.22µm
_02795_,57.22µm
_02991_,57.22µm
_05726_,57.22µm
net349,57.22µm
net399,57.22µm
net1080,57.22µm
net1235,57.22µm
net1589,57.22µm
net2178,57.22µm
_00611_,57.17µm
_02099_,57.17µm
_03676_,57.17µm
_03691_,57.17µm
digital_domain_inst.raw_edge1_x\[13\],57.17µm
net671,57.17µm
net1101,57.17µm
net1709,57.17µm
net1801,57.17µm
net1914,57.17µm
net2072,57.17µm
net2171,57.17µm
_00039_,57.12µm
_03598_,57.12µm
net463,57.12µm
net517,57.12µm
_02941_,56.76µm
net966,56.71µm
_00643_,56.66µm
_01454_,56.66µm
_01670_,56.66µm
net157,56.66µm
net359,56.66µm
net2113,56.66µm
net2137,56.66µm
net2199,56.66µm
_00572_,56.61µm
_03525_,56.61µm
_05007_,56.61µm
_05732_,56.61µm
net791,56.61µm
net2000,56.61µm
_02162_,56.56µm
_03673_,56.56µm
_04013_,56.56µm
_04128_,56.56µm
net1647,56.56µm
_02963_,56.15µm
digital_domain_inst.raw_edge2_y\[10\],56.15µm
_04295_,56.1µm
digital_domain_inst.cfg_phase0_offset_y\[6\],56.1µm
_00637_,56.05µm
_01183_,56.05µm
_01301_,56.05µm
_01546_,56.05µm
_02847_,56.05µm
_03018_,56.05µm
_04169_,56.05µm
_04796_,56.05µm
digital_domain_inst.raw_edge2_y\[1\],56.05µm
digital_domain_inst.raw_edge3_y\[18\],56.05µm
net144,56.05µm
net653,56.05µm
net1052,56.05µm
net1068,56µm
_02347_,55.64µm
digital_domain_inst.signal_processor_x_inst.cycle_count\[1\],55.64µm
_02733_,55.59µm
net1990,55.59µm
_02423_,55.54µm
digital_domain_inst.cfg_phase90_offset_y\[2\],55.54µm
net675,55.54µm
net1306,55.54µm
net1978,55.54µm
_01679_,55.49µm
_01875_,55.49µm
_03553_,55.49µm
_03672_,55.49µm
_03871_,55.49µm
net1342,55.49µm
net1667,55.49µm
_04792_,55.44µm
net221,55.44µm
net800,55.44µm
_00654_,55.31µm
_00626_,55.08µm
_02582_,55.08µm
_03142_,55.08µm
_03257_,55.03µm
_05389_,55.03µm
net1947,55.03µm
_00582_,54.98µm
_00593_,54.98µm
_00825_,54.98µm
_02863_,54.98µm
_04245_,54.98µm
_05669_,54.98µm
digital_domain_inst.raw_edge1_y\[11\],54.98µm
digital_domain_inst.wave_controller_x_inst.cal_burst_armed,54.98µm
net477,54.98µm
net1307,54.98µm
net2235,54.98µm
_00578_,54.93µm
_02290_,54.93µm
_03118_,54.93µm
net500,54.93µm
net2158,54.93µm
_01604_,54.88µm
_02292_,54.88µm
_02926_,54.88µm
_04685_,54.88µm
_05577_,54.88µm
net1646,54.88µm
net1814,54.88µm
net2159,54.88µm
net2182,54.88µm
_01738_,54.75µm
_00625_,54.52µm
net652,54.47µm
net700,54.47µm
_01874_,54.42µm
net618,54.42µm
net1158,54.42µm
_00624_,54.37µm
_01706_,54.37µm
net419,54.37µm
net2017,54.37µm
_00566_,54.32µm
_00657_,54.32µm
_00976_,54.32µm
_02908_,54.32µm
_05363_,54.32µm
net583,54.32µm
net878,54.32µm
net2232,54.32µm
_00607_,53.91µm
_02599_,53.91µm
_02610_,53.91µm
digital_domain_inst.wave_controller_y_inst.wave_cycle_cnt\[6\],53.91µm
_03995_,53.86µm
_04862_,53.86µm
net997,53.86µm
_02027_,53.81µm
_04251_,53.81µm
net1628,53.81µm
net1893,53.81µm
net2121,53.81µm
_03924_,53.76µm
net585,53.76µm
net1750,53.76µm
net2151,53.76µm
net2222,53.76µm
_00599_,53.35µm
net327,53.35µm
net749,53.35µm
net1247,53.35µm
_03083_,53.3µm
_04290_,53.3µm
net260,53.3µm
net793,53.3µm
net1172,53.3µm
net1972,53.3µm
net2035,53.3µm
net2217,53.3µm
_00623_,53.25µm
_02790_,53.25µm
_02807_,53.25µm
_03453_,53.25µm
_04240_,53.25µm
_04679_,53.25µm
_05046_,53.25µm
_05234_,53.25µm
net315,53.25µm
net344,53.25µm
net1598,53.25µm
_01511_,53.2µm
_02298_,53.2µm
_04704_,53.2µm
net1091,53.2µm
_03155_,52.84µm
_02845_,52.79µm
_03100_,52.79µm
_00684_,52.74µm
_00853_,52.74µm
_01734_,52.74µm
_03424_,52.74µm
digital_domain_inst.cfg_phase270_offset_x\[20\],52.74µm
digital_domain_inst.cfg_phase90_offset_y\[4\],52.74µm
net2098,52.74µm
net2203,52.74µm
_00569_,52.69µm
_00575_,52.69µm
_03960_,52.69µm
_04179_,52.69µm
_05390_,52.69µm
digital_domain_inst.wave_controller_x_inst.phase_acc\[15\],52.69µm
net469,52.69µm
net2250,52.69µm
net1493,52.64µm
net1094,52.33µm
_00660_,52.28µm
_01957_,52.28µm
net217,52.28µm
net1002,52.28µm
_02568_,52.23µm
_02914_,52.23µm
digital_domain_inst.wave_controller_x_inst.wave_cycle_cnt\[1\],52.23µm
_02821_,52.18µm
_04498_,52.18µm
_04671_,52.18µm
digital_domain_inst.signal_processor_x_inst.cycle_count\[2\],52.18µm
net1024,52.18µm
_01305_,52.13µm
_01381_,52.13µm
_04690_,52.13µm
_04971_,52.13µm
_05400_,52.13µm
net916,52.13µm
_01168_,52.08µm
_01666_,52.08µm
_02266_,52.08µm
_02923_,52.08µm
_03091_,52.08µm
_03238_,52.08µm
_03892_,52.08µm
_04250_,52.08µm
_04617_,52.08µm
net216,52.08µm
net254,52.08µm
net1255,52.08µm
_03776_,51.67µm
_05665_,51.67µm
_00605_,51.62µm
_01627_,51.62µm
_01647_,51.62µm
_02516_,51.62µm
_02850_,51.62µm
_03256_,51.62µm
net1184,51.62µm
_00756_,51.57µm
_00878_,51.57µm
_01012_,51.57µm
_03391_,51.57µm
_03774_,51.57µm
_04153_,51.57µm
net681,51.57µm
net1213,51.57µm
net1770,51.57µm
net2176,51.57µm
_01480_,51.52µm
_04060_,51.52µm
net1897,51.52µm
net2135,51.52µm
_03093_,51.21µm
_04998_,51.21µm
net868,51.16µm
net1341,51.16µm
_02152_,51.11µm
net1055,51.11µm
_00666_,51.06µm
_01728_,51.06µm
_02427_,51.06µm
_02907_,51.06µm
digital_domain_inst.spi_regs_inst.bit_cnt\[0\],51.06µm
net727,51.06µm
net2070,51.06µm
_01784_,51.01µm
_01902_,51.01µm
_02156_,51.01µm
_03939_,51.01µm
net437,51.01µm
_01349_,50.96µm
_01442_,50.96µm
_01652_,50.96µm
_05001_,50.96µm
net350,50.96µm
net917,50.96µm
net1663,50.96µm
_01958_,50.55µm
net742,50.55µm
_03117_,50.5µm
_03199_,50.5µm
net1301,50.5µm
net1423,50.5µm
net1992,50.5µm
_03180_,50.45µm
_04491_,50.45µm
_04711_,50.45µm
_05722_,50.45µm
net984,50.45µm
net1995,50.45µm
_01876_,50.4µm
_02011_,50.4µm
_02497_,50.4µm
_03697_,50.4µm
_03962_,50.4µm
net628,50.4µm
net746,50.4µm
net799,50.4µm
_00638_,50.04µm
digital_domain_inst.signal_processor_x_inst.s90_valid,50.04µm
net1494,50.04µm
_01844_,49.99µm
_00866_,49.94µm
_01653_,49.94µm
_03385_,49.94µm
digital_domain_inst.cfg_phase0_offset_x\[0\],49.94µm
net551,49.94µm
net999,49.94µm
_01583_,49.89µm
_02903_,49.89µm
_03746_,49.89µm
_03844_,49.89µm
net75,49.89µm
net2023,49.89µm
_03521_,49.84µm
net1697,49.84µm
net859,49.58µm
_03870_,49.5µm
digital_domain_inst.raw_edge1_x\[20\],49.48µm
digital_domain_inst.cfg_phase90_offset_y\[7\],49.43µm
_00590_,49.38µm
_00645_,49.38µm
_01607_,49.38µm
_02317_,49.38µm
_04298_,49.38µm
net747,49.38µm
net2110,49.38µm
_02450_,49.33µm
_02922_,49.33µm
_03882_,49.33µm
_04077_,49.33µm
_04126_,49.33µm
digital_domain_inst.signal_processor_y_inst.cycle_count\[2\],49.33µm
net136,49.33µm
net205,49.33µm
net662,49.33µm
net698,49.33µm
net1708,49.33µm
_01896_,49.28µm
_03250_,49.28µm
_03651_,49.28µm
net369,49.28µm
net1700,49.28µm
_05232_,48.92µm
net573,48.92µm
_00963_,48.87µm
_02209_,48.87µm
_02654_,48.82µm
_02728_,48.82µm
_03327_,48.82µm
_04703_,48.82µm
net1530,48.82µm
_02197_,48.77µm
_03432_,48.77µm
_04026_,48.77µm
net88,48.77µm
net719,48.77µm
net2020,48.77µm
_01327_,48.72µm
_05549_,48.72µm
net1702,48.72µm
_02814_,48.41µm
digital_domain_inst.delay_wave_cycle_x\[2\],48.41µm
_01306_,48.36µm
_02678_,48.36µm
_00794_,48.31µm
digital_domain_inst.cfg_phase90_offset_y\[5\],48.31µm
net1334,48.31µm
_00839_,48.26µm
_01512_,48.26µm
_01519_,48.26µm
_03379_,48.26µm
net35,48.26µm
net1246,48.26µm
_00792_,48.21µm
_02392_,48.21µm
_02986_,48.21µm
_03918_,48.21µm
_04808_,48.21µm
_05216_,48.21µm
net1216,48.21µm
net1548,48.21µm
net1655,48.21µm
_01390_,48.16µm
_01595_,48.16µm
_01703_,48.16µm
_02729_,48.16µm
_03470_,48.16µm
net1344,48.16µm
net2092,48.16µm
net2185,48.16µm
net1554,47.98µm
net1944,47.85µm
_01859_,47.8µm
_01058_,47.75µm
_02118_,47.75µm
net1062,47.75µm
_01422_,47.7µm
_02838_,47.7µm
_03311_,47.7µm
_03418_,47.7µm
_05383_,47.7µm
net1894,47.7µm
_01481_,47.65µm
_04798_,47.65µm
net355,47.65µm
net2003,47.65µm
net2243,47.65µm
_01394_,47.6µm
_03248_,47.24µm
_02608_,47.19µm
_02843_,47.19µm
net864,47.19µm
net1927,47.19µm
_01690_,47.14µm
_02509_,47.14µm
_02651_,47.14µm
_02708_,47.14µm
_03461_,47.14µm
digital_domain_inst.spi_regs_inst.bit_cnt\[2\],47.14µm
_00595_,47.09µm
_01754_,47.09µm
_03249_,47.09µm
_05211_,47.09µm
_05410_,47.09µm
net1259,47.09µm
net1682,47.09µm
net2220,47.09µm
_01140_,47.04µm
_01720_,47.04µm
_01843_,47.04µm
_03765_,47.04µm
_04239_,47.04µm
_03312_,46.73µm
net872,46.68µm
_03282_,46.63µm
_03313_,46.63µm
_01621_,46.58µm
net39,46.58µm
net322,46.58µm
net2071,46.58µm
net2197,46.58µm
_01918_,46.53µm
_02084_,46.53µm
_03210_,46.53µm
_04225_,46.53µm
_04692_,46.53µm
digital_domain_inst.wave_controller_y_inst.cal_burst_active,46.53µm
net172,46.53µm
net215,46.53µm
net2198,46.53µm
_00739_,46.48µm
_01076_,46.48µm
_01527_,46.48µm
net1007,46.48µm
net1112,46.48µm
net1620,46.48µm
_01648_,46.12µm
_02840_,46.07µm
net621,46.07µm
net622,46.07µm
net1532,46.07µm
net2160,46.07µm
_00995_,46.02µm
_02034_,46.02µm
_03258_,46.02µm
_04285_,46.02µm
net2118,46.02µm
_00182_,45.97µm
_04289_,45.97µm
_05672_,45.97µm
_05746_,45.97µm
net717,45.97µm
net2069,45.97µm
net2132,45.97µm
_00306_,45.92µm
_01570_,45.92µm
_04809_,45.92µm
_05259_,45.92µm
net902,45.92µm
_00656_,45.61µm
_02278_,45.56µm
net526,45.56µm
_00570_,45.46µm
_00651_,45.46µm
_02121_,45.46µm
_02851_,45.46µm
_04717_,45.46µm
_01727_,45.41µm
_02053_,45.41µm
_02373_,45.41µm
_02572_,45.41µm
_02734_,45.41µm
_02925_,45.41µm
_02960_,45.41µm
_03336_,45.41µm
_04127_,45.41µm
net720,45.41µm
net1107,45.41µm
_01525_,45.36µm
_01985_,45.36µm
_04036_,45.36µm
net223,45.36µm
_04661_,45µm
_01577_,44.95µm
_01622_,44.95µm
_02291_,44.95µm
net1126,44.95µm
net2047,44.95µm
_00828_,44.9µm
_00838_,44.9µm
_01304_,44.9µm
_01813_,44.9µm
_02561_,44.9µm
_02725_,44.9µm
net1217,44.9µm
net1464,44.9µm
net1535,44.9µm
_01626_,44.85µm
_02013_,44.85µm
_02650_,44.85µm
net299,44.85µm
net1622,44.85µm
net2075,44.85µm
net2148,44.85µm
net2246,44.85µm
_01376_,44.8µm
_02449_,44.8µm
_02957_,44.8µm
_03419_,44.8µm
_04075_,44.8µm
net44,44.8µm
net1580,44.8µm
_01693_,44.39µm
_01711_,44.39µm
_02823_,44.39µm
_03016_,44.39µm
digital_domain_inst.raw_edge1_x\[0\],44.39µm
_00738_,44.34µm
_01664_,44.34µm
_05711_,44.34µm
digital_domain_inst.cfg_f_MEMS_fcw_x\[11\],44.34µm
digital_domain_inst.raw_edge1_y\[14\],44.34µm
net790,44.34µm
net1043,44.34µm
net1849,44.34µm
_02322_,44.29µm
_03707_,44.29µm
_04192_,44.29µm
_04867_,44.29µm
net377,44.29µm
net1136,44.29µm
_02286_,44.24µm
_02683_,44.24µm
_03846_,44.24µm
_04461_,44.24µm
_01287_,44.01µm
_03015_,43.88µm
net795,43.88µm
_00905_,43.83µm
_02975_,43.83µm
_03448_,43.83µm
_04675_,43.83µm
net1957,43.83µm
_02875_,43.78µm
_04124_,43.78µm
_05366_,43.78µm
net1164,43.78µm
net1460,43.78µm
net2004,43.78µm
_01347_,43.73µm
_01610_,43.73µm
_01914_,43.73µm
_01960_,43.73µm
_04797_,43.73µm
_05666_,43.73µm
_01246_,43.68µm
_01517_,43.68µm
_03983_,43.68µm
digital_domain_inst.spi_regs_inst.reg_wr_addr\[4\],43.68µm
net823,43.68µm
net2154,43.68µm
_01643_,43.37µm
_01469_,43.32µm
_00629_,43.27µm
net1211,43.27µm
net1286,43.27µm
_02820_,43.22µm
_03347_,43.22µm
net1840,43.22µm
net2234,43.22µm
_01001_,43.17µm
_01367_,43.17µm
_01552_,43.17µm
_01855_,43.17µm
_02577_,43.17µm
_02759_,43.17µm
_03226_,43.17µm
_03400_,43.17µm
_04613_,43.17µm
_04710_,43.17µm
digital_domain_inst.raw_edge1_x\[16\],43.17µm
net381,43.17µm
net1688,43.17µm
_01589_,43.12µm
_01924_,43.12µm
_02037_,43.12µm
_02431_,43.12µm
_04878_,43.12µm
_05063_,43.12µm
_05620_,43.12µm
net1963,43.12µm
_02958_,42.76µm
net2139,42.76µm
_00594_,42.71µm
digital_domain_inst.raw_edge2_x\[8\],42.71µm
net1210,42.71µm
_00585_,42.66µm
_01074_,42.66µm
_01516_,42.66µm
_02978_,42.66µm
_03164_,42.66µm
_04715_,42.66µm
_00937_,42.61µm
_01016_,42.61µm
_01553_,42.61µm
_04938_,42.61µm
_05370_,42.61µm
_05373_,42.61µm
_05500_,42.61µm
_05719_,42.61µm
net453,42.61µm
net479,42.61µm
net1694,42.61µm
net2066,42.61µm
net2129,42.61µm
_00647_,42.56µm
_02315_,42.56µm
_02566_,42.56µm
_03350_,42.56µm
_03434_,42.56µm
_03534_,42.56µm
_04186_,42.56µm
_05608_,42.56µm
net813,42.56µm
_02045_,42.41µm
_00783_,42.15µm
_02881_,42.15µm
digital_domain_inst.signal_processor_y_inst.comp_sync,42.15µm
_01631_,42.1µm
_01688_,42.1µm
_02846_,42.1µm
_03397_,42.1µm
_04444_,42.1µm
digital_domain_inst.wave_controller_x_inst.phase_acc\[0\],42.1µm
net388,42.1µm
net812,42.1µm
_00920_,42.05µm
_02656_,42.05µm
_04939_,42.05µm
_05181_,42.05µm
_05200_,42.05µm
net2054,42.05µm
_03094_,42µm
_03299_,42µm
_04328_,42µm
net676,42µm
net710,42µm
_02525_,41.69µm
_00827_,41.59µm
_01465_,41.59µm
_03365_,41.59µm
_04487_,41.59µm
net145,41.59µm
net2077,41.59µm
_00998_,41.54µm
_02871_,41.54µm
_04276_,41.54µm
_04978_,41.54µm
net1026,41.54µm
net1318,41.54µm
_02732_,41.49µm
_02984_,41.49µm
_03458_,41.49µm
_03843_,41.49µm
_05372_,41.49µm
net1411,41.49µm
net1699,41.49µm
_01332_,41.44µm
_02508_,41.44µm
_02665_,41.44µm
net1352,41.44µm
net1696,41.44µm
_04989_,41.21µm
digital_domain_inst.wave_controller_y_inst.ds_acc\[3\],41.21µm
_04477_,41.13µm
_04478_,41.08µm
_00598_,41.03µm
_05692_,41.03µm
_01819_,40.98µm
_04500_,40.98µm
_01235_,40.93µm
_01489_,40.93µm
_02637_,40.93µm
_03638_,40.93µm
_03866_,40.93µm
_04670_,40.93µm
digital_domain_inst.spi_regs_inst.reg_wr_addr\[0\],40.93µm
digital_domain_inst.spi_regs_inst.tx_shift\[1\],40.93µm
_01023_,40.88µm
_01979_,40.88µm
_02095_,40.88µm
_03395_,40.88µm
_04618_,40.88µm
net2205,40.88µm
_03412_,40.52µm
_05347_,40.52µm
net1842,40.52µm
_01638_,40.47µm
_03163_,40.47µm
net2029,40.47µm
_01139_,40.42µm
_02350_,40.42µm
_04508_,40.42µm
_05003_,40.42µm
_05642_,40.42µm
digital_domain_inst.spi_regs_inst.sclk_sync\[1\],40.42µm
_00305_,40.37µm
_01146_,40.37µm
_01165_,40.37µm
_01448_,40.37µm
_01675_,40.37µm
_01758_,40.37µm
_02442_,40.37µm
_03384_,40.37µm
_05717_,40.37µm
net1383,40.37µm
net1987,40.37µm
_02102_,40.32µm
_05553_,40.32µm
net467,40.32µm
net2012,40.32µm
_00631_,39.96µm
digital_domain_inst.signal_processor_x_inst.cycle_count\[0\],39.96µm
_00760_,39.91µm
_02690_,39.91µm
_02917_,39.91µm
_02973_,39.91µm
_03073_,39.91µm
_03542_,39.91µm
_04984_,39.91µm
net1427,39.91µm
net1902,39.91µm
_01650_,39.86µm
_02371_,39.86µm
_04642_,39.86µm
net51,39.86µm
net887,39.86µm
net1377,39.86µm
net1941,39.86µm
net2078,39.86µm
net2248,39.86µm
_00706_,39.81µm
_01195_,39.81µm
_01217_,39.81µm
_02022_,39.81µm
_02074_,39.81µm
_02133_,39.81µm
_02781_,39.81µm
_02898_,39.81µm
_03979_,39.81µm
_04309_,39.81µm
_04651_,39.81µm
net207,39.81µm
net679,39.81µm
net2048,39.81µm
_00918_,39.76µm
_01355_,39.76µm
_01751_,39.76µm
_03590_,39.76µm
_04804_,39.76µm
_04828_,39.76µm
_05242_,39.76µm
net2231,39.76µm
_01645_,39.35µm
_02012_,39.35µm
_04208_,39.35µm
_03243_,39.3µm
_04684_,39.3µm
net99,39.3µm
net430,39.3µm
net1701,39.3µm
_00799_,39.25µm
_02094_,39.25µm
_03027_,39.25µm
_04302_,39.25µm
net1016,39.25µm
net1100,39.25µm
net2009,39.25µm
_01123_,39.2µm
_01283_,39.2µm
_03462_,39.2µm
_03658_,39.2µm
_04148_,39.2µm
_04163_,39.2µm
_04226_,39.2µm
_04267_,39.2µm
net1104,39.2µm
_04467_,38.79µm
net1241,38.79µm
_01037_,38.74µm
_01494_,38.74µm
_01628_,38.74µm
_02080_,38.74µm
_02265_,38.74µm
_02545_,38.74µm
net147,38.74µm
net781,38.74µm
net855,38.74µm
_01535_,38.69µm
_03300_,38.69µm
_04702_,38.69µm
net891,38.69µm
_01538_,38.64µm
_02061_,38.64µm
_02306_,38.64µm
_02735_,38.64µm
_03840_,38.64µm
_04507_,38.64µm
_04869_,38.64µm
net2119,38.64µm
_00622_,38.38µm
_03444_,38.38µm
_02408_,38.23µm
_03105_,38.23µm
_04451_,38.23µm
digital_domain_inst.cal_timeout_x,38.23µm
_02774_,38.18µm
_03636_,38.18µm
_04664_,38.18µm
_05207_,38.18µm
_05353_,38.18µm
digital_domain_inst.raw_edge1_y\[16\],38.18µm
net1430,38.18µm
net1639,38.18µm
net2013,38.18µm
_01458_,38.13µm
_02185_,38.13µm
_02998_,38.13µm
_03075_,38.13µm
_03925_,38.13µm
_04676_,38.13µm
digital_domain_inst.wave_controller_x_inst.phase_acc\[10\],38.13µm
net2,38.13µm
net1472,38.13µm
_01680_,38.08µm
_02260_,38.08µm
_02333_,38.08µm
_03181_,38.08µm
_03220_,38.08µm
_04199_,38.08µm
_04623_,38.08µm
_04633_,38.08µm
_04673_,38.08µm
_05068_,38.08µm
net1115,38.08µm
net1921,37.77µm
_00568_,37.72µm
net624,37.72µm
_02401_,37.67µm
_02714_,37.67µm
_03382_,37.67µm
_00764_,37.62µm
_00972_,37.62µm
_01778_,37.62µm
_04466_,37.62µm
_05170_,37.62µm
_05251_,37.62µm
digital_domain_inst.wave_controller_x_inst.cal_burst_active,37.62µm
net633,37.62µm
net2093,37.62µm
_00206_,37.57µm
_00730_,37.57µm
_01231_,37.57µm
_02946_,37.57µm
_03151_,37.57µm
_03278_,37.57µm
_03628_,37.57µm
net1227,37.57µm
net1363,37.57µm
net1774,37.57µm
_02128_,37.52µm
_02692_,37.52µm
_04025_,37.52µm
_04065_,37.52µm
_04187_,37.52µm
_04985_,37.52µm
net822,37.52µm
net2087,37.52µm
_01655_,37.39µm
_02510_,37.16µm
_01644_,37.11µm
net1695,37.11µm
_00583_,37.06µm
_00761_,37.06µm
_01802_,37.06µm
_01829_,37.06µm
_01933_,37.06µm
_02295_,37.06µm
_03972_,37.06µm
_04534_,37.06µm
_05258_,37.06µm
_00772_,37.01µm
_03047_,37.01µm
_03414_,37.01µm
_04306_,37.01µm
net1672,37.01µm
net2249,37.01µm
_01437_,36.96µm
_01499_,36.96µm
_01593_,36.96µm
_01963_,36.96µm
_02063_,36.96µm
_02353_,36.96µm
_02375_,36.96µm
_04698_,36.96µm
_04709_,36.96µm
_04096_,36.68µm
_03611_,36.6µm
_01561_,36.55µm
_03349_,36.55µm
_04650_,36.55µm
net46,36.55µm
net1218,36.55µm
_01208_,36.5µm
_01946_,36.5µm
_03664_,36.5µm
_03781_,36.5µm
_04999_,36.5µm
_05379_,36.5µm
_00587_,36.45µm
_01612_,36.45µm
_01808_,36.45µm
_03340_,36.45µm
_05474_,36.45µm
net189,36.45µm
net393,36.45µm
net667,36.45µm
net821,36.45µm
net847,36.45µm
net1105,36.45µm
net1155,36.45µm
net2021,36.45µm
_01439_,36.4µm
_03560_,36.4µm
net511,36.4µm
_04497_,36.09µm
_01620_,35.99µm
_01995_,35.99µm
_02605_,35.99µm
_02419_,35.94µm
_02647_,35.94µm
_03058_,35.94µm
_04261_,35.94µm
_04308_,35.94µm
_04475_,35.94µm
_05036_,35.94µm
digital_domain_inst.spi_regs_inst.bit_cnt\[1\],35.94µm
digital_domain_inst.wave_controller_x_inst.capture_step\[2\],35.94µm
net301,35.94µm
net367,35.94µm
net2005,35.94µm
net2056,35.94µm
net2086,35.94µm
_01714_,35.89µm
_01992_,35.89µm
_02136_,35.89µm
_02919_,35.89µm
_03092_,35.89µm
_03242_,35.89µm
_03899_,35.89µm
_04161_,35.89µm
digital_domain_inst.latch_phase270_ack_y,35.89µm
_00774_,35.84µm
_00875_,35.84µm
_01386_,35.84µm
_01832_,35.84µm
_02321_,35.84µm
_02760_,35.84µm
_03752_,35.84µm
_04443_,35.84µm
net436,35.84µm
net1204,35.84µm
net1993,35.84µm
_03224_,35.53µm
_00959_,35.48µm
_01912_,35.48µm
_01935_,35.48µm
_01328_,35.43µm
_02112_,35.43µm
_03277_,35.43µm
net2128,35.43µm
_00932_,35.38µm
_01740_,35.38µm
_01846_,35.38µm
_02002_,35.38µm
_02441_,35.38µm
_02704_,35.38µm
_03057_,35.38µm
digital_domain_inst.wave_controller_x_inst.ds_acc\[7\],35.38µm
net2038,35.38µm
net2133,35.38µm
_01128_,35.33µm
_01309_,35.33µm
_01684_,35.33µm
_02032_,35.33µm
_02677_,35.33µm
_03480_,35.33µm
_03725_,35.33µm
_03804_,35.33µm
_04785_,35.33µm
_05058_,35.33µm
_05060_,35.33µm
net899,35.33µm
net2055,35.33µm
net2065,35.33µm
_00207_,35.28µm
_00404_,35.28µm
_00895_,35.28µm
_01502_,35.28µm
_01931_,35.28µm
_02285_,35.28µm
_03555_,35.28µm
_03905_,35.28µm
_05047_,35.28µm
_05332_,35.28µm
_05488_,35.28µm
net865,35.28µm
_02231_,34.92µm
_01398_,34.87µm
_03266_,34.87µm
net2067,34.87µm
_03019_,34.82µm
_03835_,34.82µm
digital_domain_inst.spi_regs_inst.reg_wr_addr\[5\],34.82µm
net889,34.82µm
_02137_,34.77µm
_03133_,34.77µm
_03264_,34.77µm
_03417_,34.77µm
_03429_,34.77µm
_03749_,34.77µm
_04268_,34.77µm
_04537_,34.77µm
_04604_,34.77µm
_04988_,34.77µm
digital_domain_inst.wave_controller_y_inst.ds_acc\[1\],34.77µm
net125,34.77µm
net2006,34.77µm
net2079,34.77µm
_00024_,34.72µm
_00394_,34.72µm
_01557_,34.72µm
_01823_,34.72µm
_02503_,34.72µm
_02597_,34.72µm
_03263_,34.72µm
_03541_,34.72µm
_05340_,34.72µm
net542,34.72µm
_01044_,34.36µm
_00808_,34.31µm
_03126_,34.31µm
_01218_,34.26µm
_01611_,34.26µm
_01768_,34.26µm
_02547_,34.26µm
_02601_,34.26µm
_02740_,34.26µm
_02974_,34.26µm
_03004_,34.26µm
_03401_,34.26µm
_04231_,34.26µm
_05674_,34.26µm
digital_domain_inst.signal_processor_y_inst.cnt_in\[0\],34.26µm
digital_domain_inst.wave_controller_y_inst.ds_acc\[2\],34.26µm
digital_domain_inst.wave_controller_y_inst.ds_acc\[4\],34.26µm
net47,34.26µm
net80,34.26µm
net782,34.26µm
_00664_,34.21µm
_01392_,34.21µm
_01395_,34.21µm
_01692_,34.21µm
_02108_,34.21µm
_02519_,34.21µm
_02785_,34.21µm
_03425_,34.21µm
_03761_,34.21µm
_04286_,34.21µm
_04810_,34.21µm
digital_domain_inst.wave_controller_y_inst.phase_acc\[4\],34.21µm
net797,34.21µm
net1144,34.21µm
net1209,34.21µm
_00817_,34.16µm
_01316_,34.16µm
_03175_,34.16µm
_03298_,34.16µm
_04223_,34.16µm
_04296_,34.16µm
_04858_,34.16µm
_05011_,34.16µm
_05160_,34.16µm
_05371_,34.16µm
digital_domain_inst.wave_controller_y_inst.comp_sync4,34.16µm
net455,34.16µm
net1316,33.91µm
_03007_,33.88µm
net1345,33.85µm
_03324_,33.8µm
_00762_,33.75µm
_01556_,33.75µm
_04474_,33.75µm
_04992_,33.75µm
_05378_,33.75µm
net741,33.75µm
net2059,33.75µm
_01682_,33.7µm
_01689_,33.7µm
_03640_,33.7µm
_04110_,33.7µm
_05008_,33.7µm
_05013_,33.7µm
net777,33.7µm
net1233,33.7µm
_00754_,33.65µm
_01685_,33.65µm
_01898_,33.65µm
_02236_,33.65µm
_02803_,33.65µm
_03957_,33.65µm
_04463_,33.65µm
_04706_,33.65µm
_04958_,33.65µm
digital_domain_inst.signal_processor_y_inst.cycle_count\[3\],33.65µm
net569,33.65µm
net1234,33.65µm
_01555_,33.6µm
_03502_,33.6µm
_04787_,33.6µm
_05368_,33.6µm
_05385_,33.29µm
net412,33.24µm
_03052_,33.19µm
_00753_,33.14µm
_02593_,33.14µm
_02739_,33.14µm
_04263_,33.14µm
_04530_,33.14µm
_04701_,33.14µm
net754,33.14µm
net755,33.14µm
_00550_,33.09µm
_00703_,33.09µm
_01197_,33.09µm
_01326_,33.09µm
_01724_,33.09µm
_02284_,33.09µm
_02835_,33.09µm
_03188_,33.09µm
_03937_,33.09µm
_04457_,33.09µm
_04495_,33.09µm
_04953_,33.09µm
_05002_,33.09µm
net132,33.09µm
net1935,33.09µm
net1974,33.09µm
_00642_,33.04µm
_01029_,33.04µm
_01716_,33.04µm
_01882_,33.04µm
_03987_,33.04µm
_05710_,33.04µm
net1348,33.04µm
net1924,33.04µm
_03060_,32.73µm
_05376_,32.73µm
net1884,32.68µm
_03510_,32.63µm
_05471_,32.63µm
_00581_,32.58µm
_01663_,32.58µm
_01842_,32.58µm
_01847_,32.58µm
_02380_,32.58µm
_02403_,32.58µm
_02420_,32.58µm
_03306_,32.58µm
_03338_,32.58µm
_03381_,32.58µm
_03763_,32.58µm
net2057,32.58µm
_01132_,32.53µm
_01237_,32.53µm
_01709_,32.53µm
_01774_,32.53µm
_01934_,32.53µm
_01964_,32.53µm
_01977_,32.53µm
_02164_,32.53µm
_02214_,32.53µm
_02482_,32.53µm
_02761_,32.53µm
_02769_,32.53µm
_02872_,32.53µm
_03166_,32.53µm
_03245_,32.53µm
_03535_,32.53µm
_05190_,32.53µm
_05536_,32.53µm
digital_domain_inst.wave_controller_x_inst.wave_cycle_cnt\[3\],32.53µm
_00299_,32.48µm
_01904_,32.48µm
_02579_,32.48µm
_02788_,32.48µm
_03750_,32.48µm
_04073_,32.48µm
_05345_,32.48µm
net1558,32.48µm
_03589_,32.2µm
_01804_,32.12µm
_02607_,32.07µm
_03068_,32.07µm
_03104_,32.07µm
_04648_,32.07µm
_04665_,32.07µm
_05394_,32.07µm
net707,32.07µm
_01614_,32.02µm
_02245_,32.02µm
_02539_,32.02µm
_02694_,32.02µm
_02883_,32.02µm
_03156_,32.02µm
_03194_,32.02µm
_03225_,32.02µm
_04209_,32.02µm
_01966_,31.97µm
_02067_,31.97µm
_02528_,31.97µm
_02868_,31.97µm
_02899_,31.97µm
_02945_,31.97µm
_04849_,31.97µm
_05654_,31.97µm
net122,31.97µm
net863,31.97µm
net1215,31.97µm
net2040,31.97µm
_00844_,31.92µm
_01154_,31.92µm
_01757_,31.92µm
_02590_,31.92µm
_04043_,31.92µm
_04632_,31.92µm
_04788_,31.92µm
_04799_,31.92µm
_04907_,31.92µm
digital_domain_inst.latch_phase90_ack_y,31.92µm
net866,31.92µm
_00842_,31.56µm
_00941_,31.56µm
_02856_,31.56µm
net1961,31.56µm
_02104_,31.51µm
_03010_,31.51µm
_05017_,31.51µm
_01351_,31.46µm
_01822_,31.46µm
_01944_,31.46µm
_02167_,31.46µm
_03011_,31.46µm
_03124_,31.46µm
_03361_,31.46µm
_04696_,31.46µm
_04752_,31.46µm
digital_domain_inst.cfg_f_MEMS_fcw_y\[9\],31.46µm
net32,31.46µm
net637,31.46µm
_01030_,31.41µm
_01175_,31.41µm
_01220_,31.41µm
_01300_,31.41µm
_01359_,31.41µm
_01400_,31.41µm
_01665_,31.41µm
_01848_,31.41µm
_02087_,31.41µm
_02767_,31.41µm
_02961_,31.41µm
_03131_,31.41µm
_03656_,31.41µm
_03946_,31.41µm
_04516_,31.41µm
_05661_,31.41µm
_05743_,31.41µm
net2167,31.41µm
net2221,31.41µm
_00947_,31.36µm
_01504_,31.36µm
_01834_,31.36µm
_02196_,31.36µm
_02228_,31.36µm
_02953_,31.36µm
_03150_,31.36µm
_04931_,31.36µm
_04974_,31.36µm
_05691_,31.36µm
_01059_,30.95µm
_03358_,30.95µm
net805,30.95µm
net1531,30.95µm
_00614_,30.9µm
_00734_,30.9µm
_00850_,30.9µm
_00964_,30.9µm
_01623_,30.9µm
_03320_,30.9µm
_03380_,30.9µm
_03490_,30.9µm
_04233_,30.9µm
_04264_,30.9µm
digital_domain_inst.wave_controller_x_inst.wave_cycle_cnt\[5\],30.9µm
net980,30.9µm
net1017,30.9µm
net2011,30.9µm
_00415_,30.85µm
_00855_,30.85µm
_01660_,30.85µm
_01725_,30.85µm
_02451_,30.85µm
_02536_,30.85µm
_02770_,30.85µm
_03144_,30.85µm
_03762_,30.85µm
_03769_,30.85µm
_05016_,30.85µm
_05177_,30.85µm
_05179_,30.85µm
_05209_,30.85µm
net1251,30.85µm
_01117_,30.8µm
_01144_,30.8µm
_01414_,30.8µm
_02864_,30.8µm
_04143_,30.8µm
_04935_,30.8µm
_05004_,30.8µm
digital_domain_inst.signal_processor_y_inst.votes_in_phase\[0\],30.8µm
_01066_,30.39µm
_01713_,30.39µm
_02705_,30.39µm
_04564_,30.39µm
net248,30.39µm
_02413_,30.34µm
_02580_,30.34µm
_02624_,30.34µm
_03376_,30.34µm
_04265_,30.34µm
_04527_,30.34µm
_04535_,30.34µm
_05171_,30.34µm
net929,30.34µm
_00765_,30.29µm
_01224_,30.29µm
_01333_,30.29µm
_01416_,30.29µm
_02024_,30.29µm
_02844_,30.29µm
_02870_,30.29µm
_03005_,30.29µm
_03346_,30.29µm
_04724_,30.29µm
_05508_,30.29µm
_05552_,30.29µm
digital_domain_inst.wave_controller_x_inst.ds_acc\[5\],30.29µm
net983,30.29µm
net1292,30.29µm
net1693,30.29µm
net1818,30.29µm
_01141_,30.24µm
_01187_,30.24µm
_01429_,30.24µm
_02256_,30.24µm
_03184_,30.24µm
_04230_,30.24µm
_04608_,30.24µm
_05052_,30.24µm
net14,30.24µm
net1764,30.24µm
net2237,30.24µm
_02409_,29.83µm
net291,29.83µm
net1918,29.83µm
_00971_,29.78µm
_01056_,29.78µm
_01696_,29.78µm
_01698_,29.78µm
_01873_,29.78µm
_01923_,29.78µm
_04446_,29.78µm
_04683_,29.78µm
digital_domain_inst.cfg_phase0_offset_x\[7\],29.78µm
_00559_,29.73µm
_00592_,29.73µm
_00930_,29.73µm
_01444_,29.73µm
_01824_,29.73µm
_02028_,29.73µm
_02655_,29.73µm
_02931_,29.73µm
_04152_,29.73µm
_04206_,29.73µm
_04687_,29.73µm
digital_domain_inst.raw_edge2_x\[11\],29.73µm
digital_domain_inst.spi_regs_inst.tx_shift\[4\],29.73µm
net1150,29.73µm
net2050,29.73µm
_00528_,29.68µm
_01143_,29.68µm
_01364_,29.68µm
_01479_,29.68µm
_01717_,29.68µm
_02120_,29.68µm
_02313_,29.68µm
_02435_,29.68µm
digital_domain_inst.latch_phase90_x,29.68µm
_04492_,29.45µm
_01831_,29.4µm
_03839_,29.32µm
_05193_,29.32µm
_02832_,29.27µm
_03283_,29.27µm
_03783_,29.27µm
_03847_,29.27µm
_04598_,29.27µm
digital_domain_inst.wave_controller_y_inst.cal_burst_count\[0\],29.27µm
_01164_,29.22µm
_01945_,29.22µm
_01965_,29.22µm
_02318_,29.22µm
_02434_,29.22µm
_02462_,29.22µm
_02797_,29.22µm
_03237_,29.22µm
_03729_,29.22µm
_03739_,29.22µm
_03742_,29.22µm
_04176_,29.22µm
_04654_,29.22µm
_05019_,29.22µm
net2126,29.22µm
_00255_,29.17µm
_00712_,29.17µm
_00824_,29.17µm
_01430_,29.17µm
_01927_,29.17µm
_02100_,29.17µm
_02439_,29.17µm
_02542_,29.17µm
_03081_,29.17µm
_03084_,29.17µm
_03735_,29.17µm
_04001_,29.17µm
_05387_,29.17µm
_05494_,29.17µm
net1998,29.17µm
net2081,29.17µm
net2236,29.17µm
_01606_,29.12µm
_02952_,29.12µm
_03629_,29.12µm
_03915_,29.12µm
_04599_,29.12µm
_05014_,29.12µm
_05253_,29.12µm
_05622_,29.12µm
net632,29.12µm
_00880_,28.81µm
_03736_,28.76µm
_03775_,28.76µm
_05165_,28.76µm
_02741_,28.71µm
_03808_,28.71µm
digital_domain_inst.wave_controller_y_inst.capture_step\[2\],28.71µm
net1592,28.71µm
_00884_,28.66µm
_02937_,28.66µm
_04311_,28.66µm
digital_domain_inst.wave_controller_x_inst.ds_acc\[6\],28.66µm
net1507,28.66µm
_00767_,28.61µm
_00811_,28.61µm
_01134_,28.61µm
_01605_,28.61µm
_02014_,28.61µm
_02052_,28.61µm
_02217_,28.61µm
_02578_,28.61µm
_03054_,28.61µm
_03173_,28.61µm
_03227_,28.61µm
_03457_,28.61µm
_03511_,28.61µm
_04040_,28.61µm
_04898_,28.61µm
_05175_,28.61µm
_05396_,28.61µm
net1369,28.61µm
_01122_,28.56µm
_02126_,28.56µm
_02491_,28.56µm
_02730_,28.56µm
_03801_,28.56µm
_03898_,28.56µm
_03940_,28.56µm
_04062_,28.56µm
_04137_,28.56µm
_04321_,28.56µm
_04494_,28.56µm
_04631_,28.56µm
_04643_,28.56µm
_04758_,28.56µm
_04857_,28.56µm
digital_domain_inst.wave_controller_y_inst.cal_burst_armed,28.56µm
_03202_,28.38µm
_04257_,28.2µm
_04528_,28.2µm
_01040_,28.15µm
_05048_,28.15µm
_05431_,28.15µm
digital_domain_inst.raw_edge1_x\[14\],28.15µm
_01036_,28.1µm
_02557_,28.1µm
_02865_,28.1µm
_03029_,28.1µm
_03354_,28.1µm
_03529_,28.1µm
_05693_,28.1µm
digital_domain_inst.wave_controller_x_inst.wave_cycle_cnt\[4\],28.1µm
net1560,28.1µm
_00487_,28.05µm
_00929_,28.05µm
_01276_,28.05µm
_01344_,28.05µm
_01897_,28.05µm
_02064_,28.05µm
_02218_,28.05µm
_02237_,28.05µm
_02402_,28.05µm
_02951_,28.05µm
_02983_,28.05µm
_03192_,28.05µm
_04092_,28.05µm
_04481_,28.05µm
_04624_,28.05µm
_04805_,28.05µm
_05230_,28.05µm
_05531_,28.05µm
net1178,28.05µm
net1396,28.05µm
_01976_,28µm
_03172_,28µm
_05428_,28µm
net1258,28µm
net1660,28µm
_01763_,27.74µm
_02615_,27.69µm
_03778_,27.64µm
_01129_,27.59µm
_01791_,27.59µm
_01905_,27.59µm
_02822_,27.59µm
_03289_,27.59µm
digital_domain_inst.wave_controller_x_inst.cal_burst_count\[0\],27.59µm
_00856_,27.54µm
_02124_,27.54µm
_02230_,27.54µm
_02524_,27.54µm
_03228_,27.54µm
_03279_,27.54µm
_03841_,27.54µm
_04484_,27.54µm
_04499_,27.54µm
_04506_,27.54µm
_05268_,27.54µm
net2191,27.54µm
_01199_,27.49µm
_01238_,27.49µm
_01363_,27.49µm
_01578_,27.49µm
_02018_,27.49µm
_02424_,27.49µm
_02810_,27.49µm
_02813_,27.49µm
_03108_,27.49µm
_03191_,27.49µm
_03833_,27.49µm
_04460_,27.49µm
_05067_,27.49µm
_05327_,27.49µm
_05475_,27.49µm
digital_domain_inst.raw_edge2_x\[12\],27.49µm
net1020,27.49µm
net1480,27.49µm
net2022,27.49µm
digital_domain_inst.read_en,27.46µm
_00836_,27.44µm
_01173_,27.44µm
_01302_,27.44µm
_01932_,27.44µm
_01991_,27.44µm
_03923_,27.44µm
net1224,27.44µm
_03625_,27.26µm
_02653_,27.08µm
digital_domain_inst.ref_wave_x,27.06µm
_00790_,27.03µm
_01618_,27.03µm
_02107_,27.03µm
_03807_,27.03µm
_04418_,27.03µm
_04538_,27.03µm
_05375_,27.03µm
digital_domain_inst.signal_processor_x_inst.cnt_in\[2\],27.03µm
_00597_,26.98µm
_01315_,26.98µm
_02106_,26.98µm
_02193_,26.98µm
_02715_,26.98µm
_03323_,26.98µm
_03399_,26.98µm
_03741_,26.98µm
_04041_,26.98µm
_04177_,26.98µm
_04678_,26.98µm
net901,26.98µm
net2149,26.98µm
_00849_,26.93µm
_01054_,26.93µm
_01064_,26.93µm
_01189_,26.93µm
_01406_,26.93µm
_03071_,26.93µm
_03372_,26.93µm
_03402_,26.93µm
_03413_,26.93µm
_03486_,26.93µm
_04571_,26.93µm
_04646_,26.93µm
_04983_,26.93µm
_05021_,26.93µm
_05753_,26.93µm
net1666,26.93µm
_01475_,26.88µm
_01492_,26.88µm
_02792_,26.88µm
_03195_,26.88µm
_03360_,26.88µm
_03679_,26.88µm
_03896_,26.88µm
_04967_,26.88µm
_05382_,26.88µm
_05489_,26.88µm
_05667_,26.88µm
net1475,26.88µm
_04379_,26.47µm
_05417_,26.47µm
_01196_,26.42µm
_01241_,26.42µm
_01881_,26.42µm
_02484_,26.42µm
_03824_,26.42µm
_05180_,26.42µm
_05360_,26.42µm
net1716,26.42µm
_00859_,26.37µm
_00900_,26.37µm
_01015_,26.37µm
_01050_,26.37µm
_01383_,26.37µm
_01747_,26.37µm
_01835_,26.37µm
_02459_,26.37µm
_02927_,26.37µm
_03343_,26.37µm
_03825_,26.37µm
_04021_,26.37µm
_04228_,26.37µm
_05425_,26.37µm
digital_domain_inst.signal_processor_x_inst.cnt_out\[2\],26.37µm
net1225,26.37µm
net1488,26.37µm
_00084_,26.32µm
_01248_,26.32µm
_01522_,26.32µm
_01772_,26.32µm
_02862_,26.32µm
_03204_,26.32µm
_03576_,26.32µm
_03906_,26.32µm
_04064_,26.32µm
_04217_,26.32µm
_05625_,26.32µm
digital_domain_inst.wave_controller_y_inst.phase_acc\[15\],26.32µm
digital_domain_inst.wave_controller_y_inst.phase_acc\[18\],26.32µm
net1029,26.32µm
_01633_,26.09µm
_01925_,25.96µm
_01221_,25.91µm
_01943_,25.91µm
_02718_,25.91µm
digital_domain_inst.wave_controller_y_inst.ds_acc\[5\],25.91µm
_00906_,25.86µm
_01662_,25.86µm
_01691_,25.86µm
_01805_,25.86µm
_02526_,25.86µm
_03383_,25.86µm
_03431_,25.86µm
_03666_,25.86µm
_04523_,25.86µm
_05593_,25.86µm
digital_domain_inst.jitter_flag_x,25.86µm
digital_domain_inst.signal_processor_x_inst.cycle_count\[3\],25.86µm
_00320_,25.81µm
_00335_,25.81µm
_00416_,25.81µm
_00814_,25.81µm
_01212_,25.81µm
_01440_,25.81µm
_01544_,25.81µm
_01765_,25.81µm
_02025_,25.81µm
_02049_,25.81µm
_02153_,25.81µm
_02178_,25.81µm
_02486_,25.81µm
_02603_,25.81µm
_03203_,25.81µm
_03371_,25.81µm
_03407_,25.81µm
_03421_,25.81µm
_03766_,25.81µm
_04615_,25.81µm
_05395_,25.81µm
_05675_,25.81µm
digital_domain_inst.cfg_phase270_offset_x\[9\],25.81µm
digital_domain_inst.signal_processor_y_inst.cnt_in\[3\],25.81µm
net596,25.81µm
net2008,25.81µm
net2227,25.81µm
_00254_,25.76µm
_00726_,25.76µm
_01188_,25.76µm
_01777_,25.76µm
_03936_,25.76µm
_04034_,25.76µm
_04493_,25.76µm
_05098_,25.76µm
_05754_,25.76µm
_02762_,25.5µm
_02416_,25.4µm
_00931_,25.35µm
_02042_,25.35µm
_02239_,25.35µm
_02618_,25.35µm
_03064_,25.35µm
digital_domain_inst.signal_processor_x_inst.s90_pipe\[3\],25.35µm
net418,25.35µm
net1191,25.35µm
_00604_,25.3µm
_01225_,25.3µm
_01365_,25.3µm
_01520_,25.3µm
_01868_,25.3µm
_01909_,25.3µm
_02157_,25.3µm
_02166_,25.3µm
_02438_,25.3µm
_02968_,25.3µm
_03254_,25.3µm
_03496_,25.3µm
_04734_,25.3µm
_04979_,25.3µm
_05546_,25.3µm
digital_domain_inst.latch_phase270_x,25.3µm
net449,25.3µm
net1168,25.3µm
_00185_,25.25µm
_00635_,25.25µm
_00919_,25.25µm
_00925_,25.25µm
_00980_,25.25µm
_01017_,25.25µm
_01705_,25.25µm
_01776_,25.25µm
_01911_,25.25µm
_01930_,25.25µm
_02055_,25.25µm
_02075_,25.25µm
_02096_,25.25µm
_02226_,25.25µm
_02520_,25.25µm
_03733_,25.25µm
_03958_,25.25µm
_04317_,25.25µm
_04416_,25.25µm
_04934_,25.25µm
_05237_,25.25µm
_05598_,25.25µm
net1940,25.25µm
_01348_,25.2µm
_02111_,25.2µm
_02461_,25.2µm
_03988_,25.2µm
_04085_,25.2µm
_04811_,25.2µm
_05187_,25.2µm
_05423_,25.2µm
net2042,25.2µm
_00771_,24.79µm
_02103_,24.79µm
_03232_,24.79µm
_03445_,24.79µm
_04283_,24.79µm
net1698,24.79µm
net2242,24.79µm
_00557_,24.74µm
_00940_,24.74µm
_01131_,24.74µm
_01291_,24.74µm
_01625_,24.74µm
_01761_,24.74µm
_01771_,24.74µm
_01949_,24.74µm
_02669_,24.74µm
_03231_,24.74µm
_03737_,24.74µm
_04663_,24.74µm
_05196_,24.74µm
_05448_,24.74µm
_00729_,24.69µm
_00823_,24.69µm
_01204_,24.69µm
_01741_,24.69µm
_02374_,24.69µm
_02540_,24.69µm
_02612_,24.69µm
_02679_,24.69µm
_02765_,24.69µm
_02812_,24.69µm
_02852_,24.69µm
_02859_,24.69µm
_03208_,24.69µm
_03271_,24.69µm
_04381_,24.69µm
_04509_,24.69µm
_04549_,24.69µm
_04686_,24.69µm
_05201_,24.69µm
digital_domain_inst.latch_phase270_y,24.69µm
net153,24.69µm
net186,24.69µm
net1585,24.69µm
net2045,24.69µm
_00021_,24.64µm
_00136_,24.64µm
_00847_,24.64µm
_01119_,24.64µm
_01518_,24.64µm
_01794_,24.64µm
_02026_,24.64µm
_02299_,24.64µm
_02779_,24.64µm
_03599_,24.64µm
_03633_,24.64µm
_03810_,24.64µm
_04006_,24.64µm
_04194_,24.64µm
_04278_,24.64µm
_04282_,24.64µm
_04316_,24.64µm
_04813_,24.64µm
_04908_,24.64µm
_05414_,24.64µm
net1195,24.64µm
_04986_,24.41µm
_03926_,24.33µm
_00634_,24.23µm
_00686_,24.23µm
_00617_,24.18µm
_01061_,24.18µm
_01428_,24.18µm
_01615_,24.18µm
_02046_,24.18µm
_02122_,24.18µm
_02411_,24.18µm
_04510_,24.18µm
_04518_,24.18µm
_05218_,24.18µm
_05427_,24.18µm
_05478_,24.18µm
digital_domain_inst.signal_processor_x_inst.cnt_out\[3\],24.18µm
net306,24.18µm
net1212,24.18µm
net1533,24.18µm
net1665,24.18µm
net2106,24.18µm
net2141,24.18µm
_01455_,24.13µm
_02523_,24.13µm
_03463_,24.13µm
_03649_,24.13µm
_03782_,24.13µm
_04655_,24.13µm
_04674_,24.13µm
_04748_,24.13µm
_05255_,24.13µm
_05325_,24.13µm
_05388_,24.13µm
digital_domain_inst.spi_regs_inst.spi_addr\[5\],24.13µm
net1116,24.13µm
_00025_,24.08µm
_01766_,24.08µm
_01837_,24.08µm
_03287_,24.08µm
_03393_,24.08µm
_03451_,24.08µm
_03897_,24.08µm
_04789_,24.08µm
_04896_,24.08µm
_05285_,24.08µm
_05412_,24.08µm
_05626_,24.08µm
_01028_,23.72µm
_02205_,23.67µm
_02224_,23.67µm
net41,23.67µm
net1970,23.67µm
_00982_,23.62µm
_01981_,23.62µm
_02123_,23.62µm
_02173_,23.62µm
_02518_,23.62µm
_02585_,23.62µm
_02889_,23.62µm
_03139_,23.62µm
_03230_,23.62µm
_03879_,23.62µm
_04522_,23.62µm
_04919_,23.62µm
_05343_,23.62µm
_05403_,23.62µm
net565,23.62µm
net1237,23.62µm
net2116,23.62µm
_00894_,23.57µm
_01789_,23.57µm
_01973_,23.57µm
_02036_,23.57µm
_02189_,23.57µm
_03013_,23.57µm
_03037_,23.57µm
_03143_,23.57µm
_03374_,23.57µm
_03657_,23.57µm
_03812_,23.57µm
_04483_,23.57µm
_04520_,23.57µm
_04865_,23.57µm
_05556_,23.57µm
digital_domain_inst.signal_processor_x_inst.cnt_in\[0\],23.57µm
net496,23.57µm
net1469,23.57µm
net1738,23.57µm
_00993_,23.52µm
_01145_,23.52µm
_01329_,23.52µm
_01563_,23.52µm
_01974_,23.52µm
_02092_,23.52µm
_02625_,23.52µm
_02936_,23.52µm
_03103_,23.52µm
_03473_,23.52µm
_03685_,23.52µm
_03689_,23.52µm
_04038_,23.52µm
_04266_,23.52µm
_04658_,23.52µm
_05316_,23.52µm
_05374_,23.52µm
digital_domain_inst.signal_processor_y_inst.cnt_out\[0\],23.52µm
_04977_,23.21µm
_02662_,23.16µm
_00807_,23.11µm
_01380_,23.11µm
_03823_,23.11µm
_05010_,23.11µm
net116,23.11µm
_00562_,23.06µm
_01331_,23.06µm
_02174_,23.06µm
_02581_,23.06µm
_02710_,23.06µm
_02773_,23.06µm
_03187_,23.06µm
_03331_,23.06µm
_03930_,23.06µm
_04743_,23.06µm
_04981_,23.06µm
_05027_,23.06µm
_05377_,23.06µm
_05398_,23.06µm
net1121,23.06µm
_00870_,23.01µm
_01095_,23.01µm
_01121_,23.01µm
_01249_,23.01µm
_01274_,23.01µm
_01750_,23.01µm
_01786_,23.01µm
_01916_,23.01µm
_01947_,23.01µm
_02044_,23.01µm
_03102_,23.01µm
_03272_,23.01µm
_03296_,23.01µm
_03411_,23.01µm
_03619_,23.01µm
_03632_,23.01µm
_03929_,23.01µm
_03944_,23.01µm
_04215_,23.01µm
_04248_,23.01µm
_04273_,23.01µm
_04392_,23.01µm
_04540_,23.01µm
_04688_,23.01µm
_04955_,23.01µm
_05198_,23.01µm
_05225_,23.01µm
_05442_,23.01µm
_05537_,23.01µm
net358,23.01µm
net468,23.01µm
net494,23.01µm
net2089,23.01µm
_00301_,22.96µm
_01150_,22.96µm
_01234_,22.96µm
_01854_,22.96µm
_01948_,22.96µm
_02207_,22.96µm
_02657_,22.96µm
_03373_,22.96µm
_03686_,22.96µm
_04113_,22.96µm
_04572_,22.96µm
_04871_,22.96µm
net2019,22.96µm
_01697_,22.55µm
_03014_,22.55µm
_03624_,22.55µm
_04277_,22.55µm
_05355_,22.55µm
digital_domain_inst.latch_phase90_y,22.55µm
_00725_,22.5µm
_00736_,22.5µm
_00990_,22.5µm
_00992_,22.5µm
_01091_,22.5µm
_02950_,22.5µm
_03201_,22.5µm
_03941_,22.5µm
_03953_,22.5µm
net629,22.5µm
_00561_,22.45µm
_00584_,22.45µm
_01089_,22.45µm
_01193_,22.45µm
_01501_,22.45µm
_01877_,22.45µm
_02169_,22.45µm
_03523_,22.45µm
_03569_,22.45µm
_03787_,22.45µm
_03809_,22.45µm
_03952_,22.45µm
_04543_,22.45µm
_04609_,22.45µm
_04708_,22.45µm
_04905_,22.45µm
_05025_,22.45µm
_05164_,22.45µm
_05742_,22.45µm
_01456_,22.4µm
_01651_,22.4µm
_02021_,22.4µm
_02060_,22.4µm
_02498_,22.4µm
_02784_,22.4µm
_03253_,22.4µm
_03849_,22.4µm
_04196_,22.4µm
_04755_,22.4µm
_04757_,22.4µm
digital_domain_inst.cfg_f_MEMS_fcw_x\[14\],22.4µm
net247,22.4µm
_02399_,21.99µm
_03404_,21.99µm
_01399_,21.94µm
_01748_,21.94µm
_01815_,21.94µm
_01998_,21.94µm
_02410_,21.94µm
_02616_,21.94µm
_02884_,21.94µm
_02900_,21.94µm
_03213_,21.94µm
_03751_,21.94µm
_04102_,21.94µm
_04640_,21.94µm
_05085_,21.94µm
_05202_,21.94µm
digital_domain_inst.wave_controller_y_inst.ds_acc\[0\],21.94µm
net131,21.94µm
net2253,21.94µm
_00208_,21.89µm
_00886_,21.89µm
_01069_,21.89µm
_01668_,21.89µm
_01779_,21.89µm
_01862_,21.89µm
_01999_,21.89µm
_02110_,21.89µm
_02465_,21.89µm
_02738_,21.89µm
_02775_,21.89µm
_02994_,21.89µm
_03040_,21.89µm
_03261_,21.89µm
_03293_,21.89µm
_03627_,21.89µm
_04212_,21.89µm
_04429_,21.89µm
_04612_,21.89µm
_04652_,21.89µm
_04653_,21.89µm
_04714_,21.89µm
_05066_,21.89µm
_05111_,21.89µm
_05124_,21.89µm
_05402_,21.89µm
_05429_,21.89µm
_05490_,21.89µm
digital_domain_inst.spi_regs_inst.mosi_sync\[0\],21.89µm
net1170,21.89µm
net1484,21.89µm
net2153,21.89µm
net2239,21.89µm
_00034_,21.84µm
_01292_,21.84µm
_02262_,21.84µm
_02893_,21.84µm
_03109_,21.84µm
_03110_,21.84µm
_03853_,21.84µm
_04393_,21.84µm
_04490_,21.84µm
_04720_,21.84µm
_05354_,21.84µm
_05493_,21.84µm
net699,21.84µm
_02454_,21.48µm
_01608_,21.43µm
_03368_,21.43µm
_05393_,21.43µm
net339,21.43µm
_00944_,21.38µm
_02916_,21.38µm
_03456_,21.38µm
_03755_,21.38µm
_03764_,21.38µm
_03968_,21.38µm
_04243_,21.38µm
_04431_,21.38µm
_05022_,21.38µm
_05227_,21.38µm
_05369_,21.38µm
_05399_,21.38µm
net1461,21.38µm
net1529,21.38µm
_00041_,21.33µm
_00219_,21.33µm
_00769_,21.33µm
_00946_,21.33µm
_01087_,21.33µm
_01202_,21.33µm
_01419_,21.33µm
_01421_,21.33µm
_01496_,21.33µm
_01782_,21.33µm
_01929_,21.33µm
_01980_,21.33µm
_02460_,21.33µm
_02680_,21.33µm
_02848_,21.33µm
_02924_,21.33µm
_03388_,21.33µm
_03430_,21.33µm
_03669_,21.33µm
_03734_,21.33µm
_03756_,21.33µm
_04581_,21.33µm
_04582_,21.33µm
_04638_,21.33µm
_04806_,21.33µm
net255,21.33µm
net1671,21.33µm
net1994,21.33µm
net2209,21.33µm
_00180_,21.28µm
_01096_,21.28µm
_01286_,21.28µm
_01678_,21.28µm
_01853_,21.28µm
_02255_,21.28µm
_02796_,21.28µm
_02837_,21.28µm
_03055_,21.28µm
_03302_,21.28µm
_03773_,21.28µm
_03884_,21.28µm
_04009_,21.28µm
_04031_,21.28µm
_04232_,21.28µm
_04287_,21.28µm
_04292_,21.28µm
_04972_,21.28µm
_05217_,21.28µm
_05408_,21.28µm
_05491_,21.28µm
digital_domain_inst.signal_processor_y_inst.s270_pipe\[1\],21.28µm
mems_drv_y,21.19µm
_03378_,20.92µm
_02905_,20.87µm
_03098_,20.87µm
digital_domain_inst.wave_controller_x_inst.ds_acc\[2\],20.87µm
_00787_,20.82µm
_01661_,20.82µm
_01833_,20.82µm
_01888_,20.82µm
_02148_,20.82µm
_02805_,20.82µm
_02928_,20.82µm
_02987_,20.82µm
_03107_,20.82µm
_03229_,20.82µm
_03758_,20.82µm
_04749_,20.82µm
_01014_,20.77µm
_01401_,20.77µm
_01431_,20.77µm
_01581_,20.77µm
_01640_,20.77µm
_01749_,20.77µm
_02147_,20.77µm
_02791_,20.77µm
_02854_,20.77µm
_03000_,20.77µm
_03147_,20.77µm
_03301_,20.77µm
_03330_,20.77µm
_03644_,20.77µm
_03845_,20.77µm
_03954_,20.77µm
_04736_,20.77µm
_05146_,20.77µm
_05664_,20.77µm
digital_domain_inst.wave_controller_y_inst.ds_acc\[6\],20.77µm
net744,20.77µm
net1486,20.77µm
net1542,20.77µm
_00485_,20.72µm
_00530_,20.72µm
_00806_,20.72µm
_00903_,20.72µm
_01073_,20.72µm
_01130_,20.72µm
_02213_,20.72µm
_02529_,20.72µm
_03387_,20.72µm
_03696_,20.72µm
_04310_,20.72µm
_04430_,20.72µm
_04801_,20.72µm
_04902_,20.72µm
_05023_,20.72µm
_05199_,20.72µm
_05530_,20.72µm
_05607_,20.72µm
_05747_,20.72µm
digital_domain_inst.wave_controller_x_inst.phase_acc\[1\],20.63µm
_04973_,20.36µm
_01983_,20.31µm
_05137_,20.31µm
_05279_,20.31µm
_01133_,20.26µm
_01780_,20.26µm
_02069_,20.26µm
_02195_,20.26µm
_02227_,20.26µm
_02535_,20.26µm
_03078_,20.26µm
_03177_,20.26µm
_04455_,20.26µm
_04503_,20.26µm
_05163_,20.26µm
_00077_,20.21µm
_00120_,20.21µm
_00421_,20.21µm
_00677_,20.21µm
_00877_,20.21µm
_01031_,20.21µm
_01170_,20.21µm
_01369_,20.21µm
_01797_,20.21µm
_01878_,20.21µm
_02083_,20.21µm
_02370_,20.21µm
_02853_,20.21µm
_03148_,20.21µm
_03280_,20.21µm
_03507_,20.21µm
_03653_,20.21µm
_03838_,20.21µm
_04247_,20.21µm
_04325_,20.21µm
_04464_,20.21µm
_04471_,20.21µm
_04542_,20.21µm
_04603_,20.21µm
_05150_,20.21µm
_05586_,20.21µm
digital_domain_inst.raw_edge2_y\[19\],20.21µm
net4,20.21µm
net456,20.21µm
net1041,20.21µm
_00865_,20.16µm
_00889_,20.16µm
_01011_,20.16µm
_01338_,20.16µm
_01377_,20.16µm
_01814_,20.16µm
_01821_,20.16µm
_02029_,20.16µm
_02125_,20.16µm
_02977_,20.16µm
_03798_,20.16µm
_03842_,20.16µm
_03932_,20.16µm
_04112_,20.16µm
_04496_,20.16µm
_04589_,20.16µm
_04900_,20.16µm
_05178_,20.16µm
_05256_,20.16µm
_05257_,20.16µm
_05698_,20.16µm
net2082,20.16µm
_05168_,19.8µm
_02906_,19.75µm
_01250_,19.7µm
_02407_,19.7µm
_02891_,19.7µm
_03262_,19.7µm
_03474_,19.7µm
_03805_,19.7µm
_04294_,19.7µm
_04453_,19.7µm
_05012_,19.7µm
_05362_,19.7µm
_05365_,19.7µm
digital_domain_inst.spi_regs_inst.tx_shift\[6\],19.7µm
_00061_,19.65µm
_00302_,19.65µm
_01067_,19.65µm
_01219_,19.65µm
_01288_,19.65µm
_01357_,19.65µm
_01474_,19.65µm
_01726_,19.65µm
_01982_,19.65µm
_02019_,19.65µm
_02417_,19.65µm
_02753_,19.65µm
_03472_,19.65µm
_03771_,19.65µm
_03826_,19.65µm
_04076_,19.65µm
_04567_,19.65µm
_04611_,19.65µm
_04901_,19.65µm
_04980_,19.65µm
_05212_,19.65µm
_05477_,19.65µm
_05501_,19.65µm
_05683_,19.65µm
_05750_,19.65µm
_00438_,19.6µm
_00512_,19.6µm
_00596_,19.6µm
_00640_,19.6µm
_00867_,19.6µm
_01265_,19.6µm
_01273_,19.6µm
_01830_,19.6µm
_03316_,19.6µm
_03784_,19.6µm
_03888_,19.6µm
_03971_,19.6µm
_04079_,19.6µm
_04372_,19.6µm
_04629_,19.6µm
_05096_,19.6µm
_05602_,19.6µm
_05621_,19.6µm
_00960_,19.37µm
_05072_,19.24µm
net329,19.24µm
_04548_,19.19µm
_05444_,19.19µm
digital_domain_inst.signal_processor_x_inst.cnt_out\[0\],19.19µm
_00744_,19.14µm
_00913_,19.14µm
_02127_,19.14µm
_03422_,19.14µm
_03468_,19.14µm
_03803_,19.14µm
_04762_,19.14µm
_05422_,19.14µm
digital_domain_inst.wave_controller_y_inst.ds_acc\[7\],19.14µm
net112,19.14µm
net969,19.14µm
net1090,19.14µm
_00417_,19.09µm
_00912_,19.09µm
_00934_,19.09µm
_01171_,19.09µm
_01445_,19.09µm
_02051_,19.09µm
_02155_,19.09µm
_02168_,19.09µm
_02204_,19.09µm
_02235_,19.09µm
_02243_,19.09µm
_02469_,19.09µm
_02600_,19.09µm
_02722_,19.09µm
_03206_,19.09µm
_03281_,19.09µm
_04234_,19.09µm
_04270_,19.09µm
_04546_,19.09µm
_04566_,19.09µm
_04602_,19.09µm
_04932_,19.09µm
_04990_,19.09µm
_05176_,19.09µm
_05229_,19.09µm
_05254_,19.09µm
_05281_,19.09µm
_05676_,19.09µm
digital_domain_inst.signal_processor_y_inst.cnt_in\[2\],19.09µm
digital_domain_inst.wave_controller_x_inst.comp_sync4,19.09µm
net2073,19.09µm
_00369_,19.04µm
_00440_,19.04µm
_00899_,19.04µm
_01006_,19.04µm
_01151_,19.04µm
_01427_,19.04µm
_01649_,19.04µm
_01671_,19.04µm
_02422_,19.04µm
_02477_,19.04µm
_02720_,19.04µm
_03355_,19.04µm
_03731_,19.04µm
_03860_,19.04µm
_04213_,19.04µm
_04825_,19.04µm
_05151_,19.04µm
_05208_,19.04µm
_05604_,19.04µm
digital_domain_inst.wave_controller_x_inst.phase_acc\[19\],19.04µm
digital_domain_inst.wave_controller_y_inst.capture_pending,19.04µm
_00924_,18.68µm
_02691_,18.68µm
_02611_,18.63µm
digital_domain_inst.cfg_f_MEMS_fcw_x\[8\],18.63µm
_00112_,18.58µm
_00893_,18.58µm
_00999_,18.58µm
_01409_,18.58µm
_01715_,18.58µm
_01744_,18.58µm
_01755_,18.58µm
_01870_,18.58µm
_02216_,18.58µm
_02642_,18.58µm
_03305_,18.58µm
_03332_,18.58µm
_05183_,18.58µm
_05769_,18.58µm
_00199_,18.53µm
_00224_,18.53µm
_00308_,18.53µm
_00702_,18.53µm
_01635_,18.53µm
_01817_,18.53µm
_02158_,18.53µm
_02320_,18.53µm
_03241_,18.53µm
_03481_,18.53µm
_03645_,18.53µm
_03797_,18.53µm
_03836_,18.53µm
_03910_,18.53µm
_04170_,18.53µm
_04408_,18.53µm
_05038_,18.53µm
_05194_,18.53µm
_05305_,18.53µm
_05432_,18.53µm
_05497_,18.53µm
_05520_,18.53µm
_05681_,18.53µm
_05716_,18.53µm
digital_domain_inst.spi_regs_inst.spi_addr\[2\],18.53µm
net151,18.53µm
net608,18.53µm
net691,18.53µm
_00420_,18.48µm
_01005_,18.48µm
_01049_,18.48µm
_01099_,18.48µm
_01137_,18.48µm
_01312_,18.48µm
_01919_,18.48µm
_02241_,18.48µm
_02342_,18.48µm
_02569_,18.48µm
_02712_,18.48µm
_03284_,18.48µm
_04155_,18.48µm
_04301_,18.48µm
_04323_,18.48µm
_04434_,18.48µm
_05130_,18.48µm
_05272_,18.48µm
_05538_,18.48µm
_05615_,18.48µm
dir_x,18.34µm
dir_y,18.34µm
move_en_x,18.34µm
move_en_y,18.34µm
net2144,18.2µm
_03319_,18.12µm
digital_domain_inst.spi_regs_inst.reg_wr_addr\[6\],18.07µm
_00921_,18.02µm
_01616_,18.02µm
_01781_,18.02µm
_01836_,18.02µm
_01942_,18.02µm
_02170_,18.02µm
_02244_,18.02µm
_02709_,18.02µm
_03314_,18.02µm
_03533_,18.02µm
_04459_,18.02µm
_05228_,18.02µm
_05300_,18.02µm
_05391_,18.02µm
net241,18.02µm
net1523,18.02µm
net2010,18.02µm
_00221_,17.97µm
_00225_,17.97µm
_00352_,17.97µm
_00911_,17.97µm
_01032_,17.97µm
_01042_,17.97µm
_01147_,17.97µm
_01284_,17.97µm
_01695_,17.97µm
_02048_,17.97µm
_02073_,17.97µm
_02287_,17.97µm
_02362_,17.97µm
_02470_,17.97µm
_02534_,17.97µm
_02934_,17.97µm
_02940_,17.97µm
_02985_,17.97µm
_03030_,17.97µm
_03596_,17.97µm
_03730_,17.97µm
_03811_,17.97µm
_03982_,17.97µm
_04015_,17.97µm
_04108_,17.97µm
_04341_,17.97µm
_04405_,17.97µm
_04606_,17.97µm
_04819_,17.97µm
_04890_,17.97µm
_04982_,17.97µm
_05070_,17.97µm
_05108_,17.97µm
_05110_,17.97µm
_05249_,17.97µm
_05297_,17.97µm
_05449_,17.97µm
_05451_,17.97µm
net548,17.97µm
_00028_,17.92µm
_01592_,17.92µm
_01722_,17.92µm
_01899_,17.92µm
_02530_,17.92µm
_02897_,17.92µm
_03304_,17.92µm
_03536_,17.92µm
_03819_,17.92µm
_03928_,17.92µm
_04012_,17.92µm
_04384_,17.92µm
_04409_,17.92µm
_04473_,17.92µm
_04680_,17.92µm
_04739_,17.92µm
_05733_,17.92µm
net1371,17.92µm
_02057_,17.69µm
net303,17.64µm
_00119_,17.51µm
_02240_,17.51µm
_04586_,17.51µm
_05286_,17.51µm
_01271_,17.46µm
_01869_,17.46µm
_01915_,17.46µm
_02081_,17.46µm
_02150_,17.46µm
_03198_,17.46µm
_03482_,17.46µm
_03488_,17.46µm
_04339_,17.46µm
_04450_,17.46µm
_04568_,17.46µm
_04641_,17.46µm
_04644_,17.46µm
_04975_,17.46µm
_05356_,17.46µm
_00032_,17.41µm
_00042_,17.41µm
_00057_,17.41µm
_00060_,17.41µm
_00189_,17.41µm
_00340_,17.41µm
_01045_,17.41µm
_01192_,17.41µm
_01322_,17.41µm
_01324_,17.41µm
_01894_,17.41µm
_02421_,17.41µm
_02532_,17.41µm
_02918_,17.41µm
_03061_,17.41µm
_03074_,17.41µm
_03212_,17.41µm
_03222_,17.41µm
_03286_,17.41µm
_03317_,17.41µm
_03442_,17.41µm
_03443_,17.41µm
_03974_,17.41µm
_04059_,17.41µm
_04227_,17.41µm
_04382_,17.41µm
_04383_,17.41µm
_04547_,17.41µm
_04576_,17.41µm
_04693_,17.41µm
_05015_,17.41µm
_05138_,17.41µm
_05148_,17.41µm
_05269_,17.41µm
_05290_,17.41µm
_05440_,17.41µm
_05456_,17.41µm
_05476_,17.41µm
_05652_,17.41µm
_05673_,17.41µm
_05705_,17.41µm
net210,17.41µm
net2196,17.41µm
_00244_,17.36µm
_00411_,17.36µm
_00455_,17.36µm
_00526_,17.36µm
_00735_,17.36µm
_01169_,17.36µm
_01473_,17.36µm
_01686_,17.36µm
_01710_,17.36µm
_02017_,17.36µm
_02109_,17.36µm
_02211_,17.36µm
_02501_,17.36µm
_02742_,17.36µm
_03477_,17.36µm
_04367_,17.36µm
_04738_,17.36µm
_04892_,17.36µm
_05142_,17.36µm
_05263_,17.36µm
_05420_,17.36µm
_05424_,17.36µm
_05668_,17.36µm
rst_n,17.22µm
mems_drv_x,17.22µm
_02645_,17µm
_02721_,16.95µm
_04726_,16.95µm
digital_domain_inst.signal_processor_x_inst.cnt_in\[3\],16.95µm
digital_domain_inst.signal_processor_x_inst.cnt_out\[1\],16.95µm
net1294,16.95µm
_01053_,16.9µm
_01903_,16.9µm
_01972_,16.9µm
_02233_,16.9µm
_02500_,16.9µm
_03025_,16.9µm
_03171_,16.9µm
_03369_,16.9µm
_03850_,16.9µm
_05458_,16.9µm
net1986,16.9µm
_00192_,16.85µm
_00200_,16.85µm
_00229_,16.85µm
_00278_,16.85µm
_00407_,16.85µm
_00510_,16.85µm
_00758_,16.85µm
_01065_,16.85µm
_01796_,16.85µm
_01803_,16.85µm
_01826_,16.85µm
_01978_,16.85µm
_02453_,16.85µm
_02559_,16.85µm
_02621_,16.85µm
_02685_,16.85µm
_02882_,16.85µm
_03044_,16.85µm
_03162_,16.85µm
_03339_,16.85µm
_03491_,16.85µm
_03552_,16.85µm
_03830_,16.85µm
_03832_,16.85µm
_04280_,16.85µm
_04291_,16.85µm
_04366_,16.85µm
_04390_,16.85µm
_04950_,16.85µm
_04966_,16.85µm
_04995_,16.85µm
_05064_,16.85µm
_05266_,16.85µm
_05468_,16.85µm
digital_domain_inst.signal_processor_x_inst.s270_pipe\[0\],16.85µm
digital_domain_inst.wave_controller_x_inst.ds_acc\[1\],16.85µm
digital_domain_inst.wave_controller_y_inst.capture_step\[0\],16.85µm
_00018_,16.8µm
_00059_,16.8µm
_00869_,16.8µm
_01100_,16.8µm
_01136_,16.8µm
_01148_,16.8µm
_01307_,16.8µm
_01658_,16.8µm
_01783_,16.8µm
_02475_,16.8µm
_02552_,16.8µm
_02809_,16.8µm
_02966_,16.8µm
_03165_,16.8µm
_03475_,16.8µm
_03494_,16.8µm
_04236_,16.8µm
_04725_,16.8µm
_04795_,16.8µm
_04906_,16.8µm
_04948_,16.8µm
_05334_,16.8µm
_05381_,16.8µm
_05730_,16.8µm
net1257,16.8µm
spi_cs_n,16.4µm
spi_mosi,16.4µm
_01609_,16.39µm
_01735_,16.39µm
_03342_,16.39µm
_04313_,16.39µm
_04697_,16.39µm
_05192_,16.39µm
_00973_,16.34µm
_01397_,16.34µm
_01975_,16.34µm
_01984_,16.34µm
_02252_,16.34µm
_02533_,16.34µm
_02967_,16.34µm
_03080_,16.34µm
_03484_,16.34µm
_03942_,16.34µm
_04802_,16.34µm
_05074_,16.34µm
_05172_,16.34µm
_05261_,16.34µm
_05724_,16.34µm
digital_domain_inst.signal_processor_y_inst.cnt_out\[1\],16.34µm
_00078_,16.29µm
_00418_,16.29µm
_00491_,16.29µm
_00520_,16.29µm
_00864_,16.29µm
_01007_,16.29µm
_01106_,16.29µm
_01712_,16.29µm
_01820_,16.29µm
_01850_,16.29µm
_01996_,16.29µm
_02257_,16.29µm
_02521_,16.29µm
_02635_,16.29µm
_02723_,16.29µm
_02746_,16.29µm
_02806_,16.29µm
_02938_,16.29µm
_02964_,16.29µm
_03106_,16.29µm
_03450_,16.29µm
_03916_,16.29µm
_03934_,16.29µm
_04017_,16.29µm
_04168_,16.29µm
_04590_,16.29µm
_04860_,16.29µm
_04868_,16.29µm
_04886_,16.29µm
_04997_,16.29µm
_05053_,16.29µm
_05173_,16.29µm
_05434_,16.29µm
_05447_,16.29µm
_05496_,16.29µm
_05514_,16.29µm
_05585_,16.29µm
_05658_,16.29µm
digital_domain_inst.cfg_phase90_offset_y\[19\],16.29µm
digital_domain_inst.signal_processor_y_inst.cnt_out\[3\],16.29µm
_00173_,16.24µm
_00281_,16.24µm
_00366_,16.24µm
_00468_,16.24µm
_00939_,16.24µm
_01110_,16.24µm
_01257_,16.24µm
_01298_,16.24µm
_01417_,16.24µm
_01908_,16.24µm
_01940_,16.24µm
_02005_,16.24µm
_02007_,16.24µm
_02180_,16.24µm
_02232_,16.24µm
_02595_,16.24µm
_03931_,16.24µm
_04023_,16.24µm
_04436_,16.24µm
_04526_,16.24µm
_04597_,16.24µm
_04840_,16.24µm
_04920_,16.24µm
_05233_,16.24µm
_05262_,16.24µm
_05296_,16.24µm
_05317_,16.24µm
_05699_,16.24µm
_05718_,16.24µm
digital_domain_inst.latch_phase90_ack_x,16.24µm
net1283,16.24µm
spi_sclk,15.89µm
_03157_,15.88µm
_00908_,15.83µm
_02954_,15.83µm
_03082_,15.83µm
_03780_,15.83µm
_00699_,15.78µm
_00733_,15.78µm
_00957_,15.78µm
_01071_,15.78µm
_01247_,15.78µm
_01969_,15.78µm
_02455_,15.78µm
_03309_,15.78µm
_03485_,15.78µm
_04456_,15.78µm
_04733_,15.78µm
net1048,15.78µm
_00134_,15.73µm
_00330_,15.73µm
_01088_,15.73µm
_01152_,15.73µm
_01258_,15.73µm
_01280_,15.73µm
_01443_,15.73µm
_01745_,15.73µm
_01851_,15.73µm
_01895_,15.73µm
_01926_,15.73µm
_02078_,15.73µm
_02130_,15.73µm
_02188_,15.73µm
_03033_,15.73µm
_03079_,15.73µm
_03140_,15.73µm
_03579_,15.73µm
_04253_,15.73µm
_04335_,15.73µm
_04437_,15.73µm
_04909_,15.73µm
_04987_,15.73µm
_05185_,15.73µm
_05247_,15.73µm
_05473_,15.73µm
_05492_,15.73µm
_05532_,15.73µm
_05545_,15.73µm
_05618_,15.73µm
_05655_,15.73µm
_05715_,15.73µm
_05748_,15.73µm
net2181,15.73µm
_00179_,15.68µm
_00363_,15.68µm
_00863_,15.68µm
_00896_,15.68µm
_00951_,15.68µm
_01229_,15.68µm
_01393_,15.68µm
_01568_,15.68µm
_01624_,15.68µm
_02186_,15.68µm
_02502_,15.68µm
_02613_,15.68µm
_02629_,15.68µm
_02698_,15.68µm
_02929_,15.68µm
_03088_,15.68µm
_03089_,15.68µm
_03121_,15.68µm
_03370_,15.68µm
_03678_,15.68µm
_04359_,15.68µm
_04394_,15.68µm
_04553_,15.68µm
_04782_,15.68µm
_04882_,15.68µm
_04887_,15.68µm
_04927_,15.68µm
_04976_,15.68µm
_05125_,15.68µm
_05224_,15.68µm
_05260_,15.68µm
_05361_,15.68µm
_05600_,15.68µm
digital_domain_inst.signal_processor_y_inst.s90_pipe\[1\],15.68µm
comp_y,15.44µm
_04449_,15.32µm
_01613_,15.27µm
_03268_,15.27µm
_05039_,15.27µm
_05273_,15.27µm
_05749_,15.27µm
_00564_,15.22µm
_00874_,15.22µm
_01478_,15.22µm
_01708_,15.22µm
_01941_,15.22µm
_02016_,15.22µm
_02117_,15.22µm
_02743_,15.22µm
_04756_,15.22µm
_04765_,15.22µm
_05113_,15.22µm
_05186_,15.22µm
_05506_,15.22µm
_05594_,15.22µm
digital_domain_inst.wave_controller_x_inst.ds_acc\[4\],15.22µm
_00079_,15.17µm
_00118_,15.17µm
_00127_,15.17µm
_00337_,15.17µm
_00778_,15.17µm
_00898_,15.17µm
_01163_,15.17µm
_01272_,15.17µm
_01360_,15.17µm
_01880_,15.17µm
_01938_,15.17µm
_02264_,15.17µm
_02481_,15.17µm
_02496_,15.17µm
_02689_,15.17µm
_02921_,15.17µm
_03614_,15.17µm
_03714_,15.17µm
_03893_,15.17µm
_04078_,15.17µm
_04378_,15.17µm
_04426_,15.17µm
_04554_,15.17µm
_04620_,15.17µm
_04636_,15.17µm
_04647_,15.17µm
_04760_,15.17µm
_04818_,15.17µm
_04866_,15.17µm
_05024_,15.17µm
_05061_,15.17µm
_05106_,15.17µm
_05119_,15.17µm
_05348_,15.17µm
_05465_,15.17µm
_05709_,15.17µm
digital_domain_inst.wave_controller_x_inst.ds_acc\[8\],15.17µm
_00004_,15.12µm
_00075_,15.12µm
_00135_,15.12µm
_00138_,15.12µm
_00201_,15.12µm
_00230_,15.12µm
_00279_,15.12µm
_00298_,15.12µm
_02748_,15.12µm
_02834_,15.12µm
_02857_,15.12µm
_03244_,15.12µm
_03285_,15.12µm
_03438_,15.12µm
_03439_,15.12µm
_03903_,15.12µm
_03950_,15.12µm
_03966_,15.12µm
_04121_,15.12µm
_04136_,15.12µm
_04175_,15.12µm
_04178_,15.12µm
_04346_,15.12µm
_04639_,15.12µm
_04965_,15.12µm
_05035_,15.12µm
_05215_,15.12µm
_05222_,15.12µm
_05623_,15.12µm
_05643_,15.12µm
_05534_,14.87µm
spi_miso_oe,14.72µm
_01790_,14.71µm
_05480_,14.71µm
_00942_,14.66µm
_00950_,14.66µm
_01048_,14.66µm
_01060_,14.66µm
_01211_,14.66µm
_01971_,14.66µm
_02097_,14.66µm
_02440_,14.66µm
_02614_,14.66µm
_02955_,14.66µm
_03182_,14.66µm
_03315_,14.66µm
_03367_,14.66µm
_03779_,14.66µm
_03786_,14.66µm
_04057_,14.66µm
_04329_,14.66µm
_05018_,14.66µm
_05188_,14.66µm
_05346_,14.66µm
_05392_,14.66µm
_05663_,14.66µm
_00341_,14.61µm
_00456_,14.61µm
_01182_,14.61µm
_01185_,14.61µm
_01334_,14.61µm
_01460_,14.61µm
_01856_,14.61µm
_01936_,14.61µm
_02058_,14.61µm
_02113_,14.61µm
_02396_,14.61µm
_02631_,14.61µm
_02658_,14.61µm
_02758_,14.61µm
_02956_,14.61µm
_03036_,14.61µm
_03259_,14.61µm
_03275_,14.61µm
_03335_,14.61µm
_03408_,14.61µm
_03446_,14.61µm
_04252_,14.61µm
_04354_,14.61µm
_04445_,14.61µm
_04544_,14.61µm
_04578_,14.61µm
_04728_,14.61µm
_04910_,14.61µm
_05051_,14.61µm
_05092_,14.61µm
_05134_,14.61µm
_05152_,14.61µm
_05342_,14.61µm
_05344_,14.61µm
_05357_,14.61µm
_05438_,14.61µm
_05574_,14.61µm
_05603_,14.61µm
_05629_,14.61µm
digital_domain_inst.wave_controller_y_inst.ds_acc\[8\],14.61µm
net460,14.61µm
_00033_,14.56µm
_00106_,14.56µm
_00142_,14.56µm
_00174_,14.56µm
_01135_,14.56µm
_01505_,14.56µm
_02056_,14.56µm
_02114_,14.56µm
_02154_,14.56µm
_02379_,14.56µm
_02426_,14.56µm
_02550_,14.56µm
_02648_,14.56µm
_02660_,14.56µm
_02911_,14.56µm
_02930_,14.56µm
_03041_,14.56µm
_03205_,14.56µm
_03291_,14.56µm
_03322_,14.56µm
_03333_,14.56µm
_03423_,14.56µm
_03610_,14.56µm
_03965_,14.56µm
_04388_,14.56µm
_04425_,14.56µm
_04593_,14.56µm
_04630_,14.56µm
_05050_,14.56µm
_05314_,14.56µm
_05320_,14.56µm
_05339_,14.56µm
_05358_,14.56µm
_05646_,14.56µm
_05727_,14.56µm
net202,14.56µm
_02798_,14.28µm
_03174_,14.28µm
_02646_,14.2µm
_01642_,14.15µm
_02089_,14.15µm
_02713_,14.15µm
digital_domain_inst.spi_regs_inst.reg_wr_en,14.15µm
net1122,14.15µm
_01206_,14.1µm
_01289_,14.1µm
_01477_,14.1µm
_01816_,14.1µm
_01967_,14.1µm
_02187_,14.1µm
_02203_,14.1µm
_02251_,14.1µm
_02827_,14.1µm
_02892_,14.1µm
_03072_,14.1µm
_03642_,14.1µm
_03740_,14.1µm
_03757_,14.1µm
_04053_,14.1µm
_04343_,14.1µm
_04699_,14.1µm
_05302_,14.1µm
_05723_,14.1µm
digital_domain_inst.signal_processor_x_inst.cnt_in\[1\],14.1µm
digital_domain_inst.spi_regs_inst.tx_shift\[3\],14.1µm
digital_domain_inst.wave_controller_x_inst.ds_acc\[0\],14.1µm
_00003_,14.05µm
_00009_,14.05µm
_00186_,14.05µm
_00222_,14.05µm
_00252_,14.05µm
_00307_,14.05µm
_00393_,14.05µm
_00532_,14.05µm
_00770_,14.05µm
_00881_,14.05µm
_01084_,14.05µm
_01411_,14.05µm
_01669_,14.05µm
_02202_,14.05µm
_02254_,14.05µm
_02297_,14.05µm
_02381_,14.05µm
_02444_,14.05µm
_02507_,14.05µm
_02606_,14.05µm
_02895_,14.05µm
_02970_,14.05µm
_02992_,14.05µm
_03247_,14.05µm
_03532_,14.05µm
_03713_,14.05µm
_03945_,14.05µm
_04033_,14.05µm
_04037_,14.05µm
_04114_,14.05µm
_04374_,14.05µm
_04645_,14.05µm
_04668_,14.05µm
_04753_,14.05µm
_05009_,14.05µm
_05219_,14.05µm
_05688_,14.05µm
digital_domain_inst.cfg_done,14.05µm
net617,14.05µm
net1197,14.05µm
net1574,14.05µm
_00102_,14µm
_00328_,14µm
_00876_,14µm
_01047_,14µm
_01075_,14µm
_01158_,14µm
_01239_,14µm
_01434_,14µm
_01795_,14µm
_01921_,14µm
_02326_,14µm
_02551_,14µm
_02776_,14µm
_02910_,14µm
_03447_,14µm
_03471_,14µm
_03601_,14µm
_03747_,14µm
_04074_,14µm
_04489_,14µm
_04515_,14µm
_04891_,14µm
_05000_,14µm
_05135_,14µm
_05241_,14µm
_05265_,14µm
_05606_,14µm
_05613_,14µm
_05616_,14µm
_05635_,14µm
_05670_,14µm
digital_domain_inst.signal_processor_y_inst.s270_pipe\[0\],14µm
_04666_,13.64µm
_02687_,13.59µm
_03476_,13.59µm
_05276_,13.59µm
_05306_,13.59µm
_00845_,13.54µm
_01041_,13.54µm
_01068_,13.54µm
_01311_,13.54µm
_02253_,13.54µm
_02319_,13.54µm
_02537_,13.54µm
_02558_,13.54µm
_02727_,13.54µm
_03046_,13.54µm
_03240_,13.54µm
_03420_,13.54µm
_03455_,13.54µm
_03817_,13.54µm
_04442_,13.54µm
_05720_,13.54µm
digital_domain_inst.spi_regs_inst.tx_shift\[0\],13.54µm
_00014_,13.49µm
_00058_,13.49µm
_00184_,13.49µm
_00215_,13.49µm
_00274_,13.49µm
_00297_,13.49µm
_00344_,13.49µm
_00482_,13.49µm
_00907_,13.49µm
_01161_,13.49µm
_01646_,13.49µm
_01719_,13.49µm
_01799_,13.49µm
_01858_,13.49µm
_01866_,13.49µm
_01879_,13.49µm
_01889_,13.49µm
_02020_,13.49µm
_02135_,13.49µm
_02430_,13.49µm
_02979_,13.49µm
_03017_,13.49µm
_03132_,13.49µm
_03392_,13.49µm
_03540_,13.49µm
_03695_,13.49µm
_03827_,13.49µm
_03868_,13.49µm
_04035_,13.49µm
_04349_,13.49µm
_04560_,13.49µm
_04695_,13.49µm
_04759_,13.49µm
_04933_,13.49µm
_04940_,13.49µm
_04964_,13.49µm
_05031_,13.49µm
_05367_,13.49µm
_05409_,13.49µm
_05486_,13.49µm
_05634_,13.49µm
_05644_,13.49µm
_05686_,13.49µm
digital_domain_inst.signal_processor_x_inst.s90_pipe\[0\],13.49µm
_00130_,13.44µm
_00338_,13.44µm
_00910_,13.44µm
_00917_,13.44µm
_00984_,13.44µm
_02652_,13.44µm
_02670_,13.44µm
_02757_,13.44µm
_02768_,13.44µm
_02817_,13.44µm
_02866_,13.44µm
_03209_,13.44µm
_03297_,13.44µm
_03389_,13.44µm
_03469_,13.44µm
_03543_,13.44µm
_03556_,13.44µm
_03586_,13.44µm
_03592_,13.44µm
_03788_,13.44µm
_03821_,13.44µm
_03917_,13.44µm
_04229_,13.44µm
_04410_,13.44µm
_04452_,13.44µm
_04895_,13.44µm
_05073_,13.44µm
_05191_,13.44µm
_05573_,13.44µm
net674,13.44µm
_02070_,13.03µm
_03003_,13.03µm
_00700_,12.98µm
_01244_,12.98µm
_02171_,12.98µm
_02200_,12.98µm
_02487_,12.98µm
_02602_,12.98µm
_03221_,12.98µm
_03933_,12.98µm
_04254_,12.98µm
_04352_,12.98µm
_05005_,12.98µm
_05384_,12.98µm
_05405_,12.98µm
_05406_,12.98µm
_05441_,12.98µm
net1181,12.98µm
_00045_,12.93µm
_00117_,12.93µm
_00159_,12.93µm
_00178_,12.93µm
_00286_,12.93µm
_00309_,12.93µm
_00342_,12.93µm
_00560_,12.93µm
_00724_,12.93µm
_00731_,12.93µm
_00927_,12.93µm
_00955_,12.93µm
_01018_,12.93µm
_01101_,12.93µm
_01215_,12.93µm
_01342_,12.93µm
_01637_,12.93µm
_01852_,12.93µm
_01872_,12.93µm
_01907_,12.93µm
_02221_,12.93µm
_02506_,12.93µm
_02886_,12.93µm
_02912_,12.93µm
_02920_,12.93µm
_03077_,12.93µm
_03134_,12.93µm
_03267_,12.93µm
_03351_,12.93µm
_04244_,12.93µm
_04269_,12.93µm
_04333_,12.93µm
_04368_,12.93µm
_04389_,12.93µm
_04435_,12.93µm
_04514_,12.93µm
_04559_,12.93µm
_04601_,12.93µm
_04833_,12.93µm
_04912_,12.93µm
_05117_,12.93µm
_05129_,12.93µm
_05145_,12.93µm
_05182_,12.93µm
_05547_,12.93µm
_05630_,12.93µm
_05636_,12.93µm
_05707_,12.93µm
_05708_,12.93µm
_05737_,12.93µm
_05740_,12.93µm
digital_domain_inst.wave_controller_y_inst.comp_sync0,12.93µm
net603,12.93µm
_00143_,12.88µm
_00183_,12.88µm
_00333_,12.88µm
_00403_,12.88µm
_00451_,12.88µm
_00462_,12.88µm
_00558_,12.88µm
_00768_,12.88µm
_01009_,12.88µm
_01046_,12.88µm
_01078_,12.88µm
_01279_,12.88µm
_02071_,12.88µm
_02142_,12.88µm
_02182_,12.88µm
_02212_,12.88µm
_02747_,12.88µm
_02763_,12.88µm
_02867_,12.88µm
_02993_,12.88µm
_03386_,12.88µm
_03465_,12.88µm
_03497_,12.88µm
_03887_,12.88µm
_04634_,12.88µm
_04700_,12.88µm
_04846_,12.88µm
_04884_,12.88µm
_04947_,12.88µm
_05102_,12.88µm
_05205_,12.88µm
_05238_,12.88µm
_05311_,12.88µm
_05690_,12.88µm
_05765_,12.88µm
digital_domain_inst.signal_processor_y_inst.cnt_in\[1\],12.88µm
net1703,12.88µm
_01937_,12.47µm
_02445_,12.47µm
_02644_,12.47µm
_04731_,12.47µm
_00728_,12.42µm
_00904_,12.42µm
_00926_,12.42µm
_01407_,12.42µm
_01871_,12.42µm
_02191_,12.42µm
_02548_,12.42µm
_02744_,12.42µm
_03136_,12.42µm
_03499_,12.42µm
_03623_,12.42µm
_04552_,12.42µm
_04740_,12.42µm
_05462_,12.42µm
_00354_,12.37µm
_00484_,12.37µm
_00506_,12.37µm
_00916_,12.37µm
_01085_,12.37µm
_01098_,12.37µm
_01114_,12.37µm
_01180_,12.37µm
_01285_,12.37µm
_01297_,12.37µm
_01356_,12.37µm
_01591_,12.37µm
_01672_,12.37µm
_01742_,12.37µm
_01928_,12.37µm
_01955_,12.37µm
_01959_,12.37µm
_02131_,12.37µm
_02282_,12.37µm
_02428_,12.37µm
_02446_,12.37µm
_02456_,12.37µm
_02666_,12.37µm
_02667_,12.37µm
_02902_,12.37µm
_03265_,12.37µm
_03329_,12.37µm
_03503_,12.37µm
_03547_,12.37µm
_03618_,12.37µm
_03706_,12.37µm
_03920_,12.37µm
_04063_,12.37µm
_04091_,12.37µm
_04165_,12.37µm
_04402_,12.37µm
_04427_,12.37µm
_04555_,12.37µm
_04616_,12.37µm
_04691_,12.37µm
_04761_,12.37µm
_04779_,12.37µm
_04814_,12.37µm
_04816_,12.37µm
_04822_,12.37µm
_04829_,12.37µm
_04942_,12.37µm
_05049_,12.37µm
_05467_,12.37µm
_05516_,12.37µm
_05528_,12.37µm
_05601_,12.37µm
_05734_,12.37µm
_05744_,12.37µm
_05760_,12.37µm
_00103_,12.32µm
_00123_,12.32µm
_00163_,12.32µm
_00190_,12.32µm
_00209_,12.32µm
_00251_,12.32µm
_00398_,12.32µm
_00406_,12.32µm
_01008_,12.32µm
_01034_,12.32µm
_01263_,12.32µm
_01476_,12.32µm
_01917_,12.32µm
_02076_,12.32µm
_02177_,12.32µm
_02386_,12.32µm
_02448_,12.32µm
_02471_,12.32µm
_02573_,12.32µm
_02818_,12.32µm
_02965_,12.32µm
_02971_,12.32µm
_03056_,12.32µm
_03141_,12.32µm
_03416_,12.32µm
_03655_,12.32µm
_03852_,12.32µm
_03955_,12.32µm
_04048_,12.32µm
_04189_,12.32µm
_04396_,12.32µm
_04422_,12.32µm
_04592_,12.32µm
_04605_,12.32µm
_05081_,12.32µm
_05221_,12.32µm
_05416_,12.32µm
_05484_,12.32µm
_05599_,12.32µm
net1633,12.32µm
_01752_,12.09µm
spi_miso,11.97µm
_00701_,11.91µm
_01617_,11.91µm
_01951_,11.91µm
_01990_,11.91µm
_04834_,11.91µm
_05197_,11.91µm
net778,11.91µm
_00709_,11.86µm
_01207_,11.86µm
_01358_,11.86µm
_01396_,11.86µm
_01408_,11.86µm
_01900_,11.86µm
_01988_,11.86µm
_02105_,11.86µm
_02348_,11.86µm
_02808_,11.86µm
_03053_,11.86µm
_03211_,11.86µm
_03260_,11.86µm
_03409_,11.86µm
_03959_,11.86µm
_04356_,11.86µm
_04897_,11.86µm
_05421_,11.86µm
_05430_,11.86µm
digital_domain_inst.spi_regs_inst.tx_shift\[5\],11.86µm
digital_domain_inst.wave_controller_y_inst.phase_acc\[14\],11.86µm
_00020_,11.81µm
_00043_,11.81µm
_00086_,11.81µm
_00154_,11.81µm
_00257_,11.81µm
_00258_,11.81µm
_00431_,11.81µm
_00454_,11.81µm
_00463_,11.81µm
_00954_,11.81µm
_00983_,11.81µm
_01105_,11.81µm
_01321_,11.81µm
_01350_,11.81µm
_01953_,11.81µm
_02194_,11.81µm
_02499_,11.81µm
_02511_,11.81µm
_02515_,11.81µm
_02811_,11.81µm
_02876_,11.81µm
_02948_,11.81µm
_03087_,11.81µm
_03160_,11.81µm
_03359_,11.81µm
_03406_,11.81µm
_03459_,11.81µm
_03549_,11.81µm
_03927_,11.81µm
_04103_,11.81µm
_04262_,11.81µm
_04274_,11.81µm
_04284_,11.81µm
_04476_,11.81µm
_04502_,11.81µm
_04941_,11.81µm
_04968_,11.81µm
_05056_,11.81µm
_05069_,11.81µm
_05174_,11.81µm
_05223_,11.81µm
_05364_,11.81µm
_05504_,11.81µm
_05565_,11.81µm
_05612_,11.81µm
_05677_,11.81µm
_05739_,11.81µm
_05764_,11.81µm
digital_domain_inst.cfg_phase90_offset_y\[17\],11.81µm
digital_domain_inst.spi_regs_inst.reg_wr_data\[0\],11.81µm
net1003,11.81µm
_00054_,11.76µm
_00066_,11.76µm
_00104_,11.76µm
_00140_,11.76µm
_00149_,11.76µm
_00300_,11.76µm
_00358_,11.76µm
_00389_,11.76µm
_00448_,11.76µm
_00502_,11.76µm
_00890_,11.76µm
_00970_,11.76µm
_01024_,11.76µm
_01043_,11.76µm
_01062_,11.76µm
_01083_,11.76µm
_01093_,11.76µm
_01214_,11.76µm
_01270_,11.76µm
_01885_,11.76µm
_02215_,11.76µm
_02394_,11.76µm
_02563_,11.76µm
_02894_,11.76µm
_03111_,11.76µm
_03161_,11.76µm
_03616_,11.76µm
_03800_,11.76µm
_04005_,11.76µm
_04135_,11.76µm
_04370_,11.76µm
_04412_,11.76µm
_04447_,11.76µm
_04844_,11.76µm
_04864_,11.76µm
_05006_,11.76µm
_05094_,11.76µm
_05167_,11.76µm
_05323_,11.76µm
_05560_,11.76µm
_05689_,11.76µm
digital_domain_inst.signal_processor_y_inst.cnt_out\[2\],11.76µm
digital_domain_inst.wave_controller_x_inst.cal_burst_count\[1\],11.76µm
_00727_,11.35µm
_01372_,11.35µm
_04843_,11.35µm
_05087_,11.35µm
_00505_,11.3µm
_01629_,11.3µm
_02219_,11.3µm
_02549_,11.3µm
_03303_,11.3µm
_03328_,11.3µm
_03813_,11.3µm
_04377_,11.3µm
_04594_,11.3µm
_05204_,11.3µm
_05437_,11.3µm
_00326_,11.25µm
_00343_,11.25µm
_00426_,11.25µm
_00472_,11.25µm
_00497_,11.25µm
_00535_,11.25µm
_00858_,11.25µm
_00879_,11.25µm
_00891_,11.25µm
_01033_,11.25µm
_01299_,11.25µm
_01346_,11.25µm
_01657_,11.25µm
_01730_,11.25µm
_01798_,11.25µm
_01800_,11.25µm
_01939_,11.25µm
_02175_,11.25µm
_02474_,11.25µm
_02531_,11.25µm
_02570_,11.25µm
_02584_,11.25µm
_02676_,11.25µm
_02686_,11.25µm
_02947_,11.25µm
_02995_,11.25µm
_03086_,11.25µm
_03123_,11.25µm
_03179_,11.25µm
_03460_,11.25µm
_03493_,11.25µm
_03563_,11.25µm
_04369_,11.25µm
_04662_,11.25µm
_04790_,11.25µm
_04930_,11.25µm
_05026_,11.25µm
_05029_,11.25µm
_05071_,11.25µm
_05154_,11.25µm
_05206_,11.25µm
_05275_,11.25µm
_05413_,11.25µm
_05464_,11.25µm
_05510_,11.25µm
_05555_,11.25µm
_05611_,11.25µm
_05756_,11.25µm
digital_domain_inst.wave_controller_x_inst.capture_step\[0\],11.25µm
net472,11.25µm
_00052_,11.2µm
_00094_,11.2µm
_00155_,11.2µm
_00237_,11.2µm
_00246_,11.2µm
_00339_,11.2µm
_00442_,11.2µm
_00459_,11.2µm
_00513_,11.2µm
_01051_,11.2µm
_01080_,11.2µm
_01103_,11.2µm
_01118_,11.2µm
_01190_,11.2µm
_01310_,11.2µm
_01323_,11.2µm
_01699_,11.2µm
_01840_,11.2µm
_02675_,11.2µm
_02815_,11.2µm
_03146_,11.2µm
_03158_,11.2µm
_03357_,11.2µm
_03410_,11.2µm
_03530_,11.2µm
_03545_,11.2µm
_03682_,11.2µm
_03907_,11.2µm
_03992_,11.2µm
_04122_,11.2µm
_04260_,11.2µm
_04404_,11.2µm
_04850_,11.2µm
_04925_,11.2µm
_05082_,11.2µm
_05099_,11.2µm
_05103_,11.2µm
_05155_,11.2µm
_05246_,11.2µm
_05335_,11.2µm
_05380_,11.2µm
_05521_,11.2µm
_05738_,11.2µm
digital_domain_inst.spi_regs_inst.spi_addr\[0\],11.2µm
_00732_,10.79µm
_02833_,10.79µm
_00737_,10.74µm
_00837_,10.74µm
_00857_,10.74µm
_01827_,10.74µm
_02054_,10.74µm
_02750_,10.74µm
_03153_,10.74µm
_03506_,10.74µm
_03612_,10.74µm
_03626_,10.74µm
_03634_,10.74µm
_03777_,10.74µm
_03963_,10.74µm
_04056_,10.74µm
_04853_,10.74µm
_04951_,10.74µm
_05309_,10.74µm
_05513_,10.74µm
net2157,10.74µm
_00056_,10.69µm
_00090_,10.69µm
_00121_,10.69µm
_00148_,10.69µm
_00175_,10.69µm
_00226_,10.69µm
_00241_,10.69µm
_00364_,10.69µm
_00372_,10.69µm
_00443_,10.69µm
_00492_,10.69µm
_01155_,10.69µm
_01384_,10.69µm
_01737_,10.69µm
_02201_,10.69µm
_02273_,10.69µm
_02393_,10.69µm
_02483_,10.69µm
_02682_,10.69µm
_02745_,10.69µm
_02830_,10.69µm
_03183_,10.69µm
_03235_,10.69µm
_03252_,10.69µm
_03270_,10.69µm
_03753_,10.69µm
_03869_,10.69µm
_04008_,10.69µm
_04047_,10.69µm
_04256_,10.69µm
_04348_,10.69µm
_04420_,10.69µm
_04532_,10.69µm
_04533_,10.69µm
_04667_,10.69µm
_04742_,10.69µm
_04794_,10.69µm
_04836_,10.69µm
_04838_,10.69µm
_04883_,10.69µm
_05037_,10.69µm
_05062_,10.69µm
_05114_,10.69µm
_05157_,10.69µm
_05210_,10.69µm
_05214_,10.69µm
_05350_,10.69µm
_05443_,10.69µm
_05498_,10.69µm
_05596_,10.69µm
digital_domain_inst.signal_processor_x_inst.s90_pipe\[1\],10.69µm
digital_domain_inst.spi_regs_inst.reg_wr_data\[6\],10.69µm
_00170_,10.64µm
_00198_,10.64µm
_00287_,10.64µm
_00313_,10.64µm
_00324_,10.64µm
_01124_,10.64µm
_01159_,10.64µm
_01262_,10.64µm
_01303_,10.64µm
_02030_,10.64µm
_02072_,10.64µm
_02132_,10.64µm
_02390_,10.64µm
_02609_,10.64µm
_02825_,10.64µm
_02890_,10.64µm
_03066_,10.64µm
_03119_,10.64µm
_03176_,10.64µm
_03189_,10.64µm
_03217_,10.64µm
_03251_,10.64µm
_03464_,10.64µm
_03690_,10.64µm
_04019_,10.64µm
_04045_,10.64µm
_04525_,10.64µm
_05109_,10.64µm
_05128_,10.64µm
_05271_,10.64µm
_05507_,10.64µm
_05567_,10.64µm
_03169_,10.23µm
_03654_,10.23µm
_00759_,10.18µm
_01226_,10.18µm
_01767_,10.18µm
_01785_,10.18µm
_01825_,10.18µm
_02468_,10.18µm
_02969_,10.18µm
_03223_,10.18µm
_03288_,10.18µm
_03452_,10.18µm
_03527_,10.18µm
_03561_,10.18µm
_03770_,10.18µm
_04167_,10.18µm
_04272_,10.18µm
_05264_,10.18µm
_05450_,10.18µm
_05703_,10.18µm
digital_domain_inst.signal_processor_x_inst.s270_pipe\[1\],10.18µm
_00013_,10.13µm
_00016_,10.13µm
_00115_,10.13µm
_00132_,10.13µm
_00157_,10.13µm
_00169_,10.13µm
_00233_,10.13µm
_00260_,10.13µm
_00399_,10.13µm
_00400_,10.13µm
_00424_,10.13µm
_00434_,10.13µm
_01115_,10.13µm
_01178_,10.13µm
_01194_,10.13µm
_01213_,10.13µm
_01368_,10.13µm
_01389_,10.13µm
_01746_,10.13µm
_01857_,10.13µm
_01865_,10.13µm
_01893_,10.13µm
_02367_,10.13µm
_02663_,10.13µm
_02962_,10.13µm
_03145_,10.13µm
_03167_,10.13µm
_03214_,10.13µm
_03215_,10.13µm
_03487_,10.13µm
_03544_,10.13µm
_03726_,10.13µm
_03767_,10.13µm
_03815_,10.13µm
_03848_,10.13µm
_04081_,10.13µm
_04159_,10.13µm
_04299_,10.13µm
_04303_,10.13µm
_04371_,10.13µm
_04501_,10.13µm
_04771_,10.13µm
_04774_,10.13µm
_04791_,10.13µm
_04848_,10.13µm
_04880_,10.13µm
_04944_,10.13µm
_05079_,10.13µm
_05527_,10.13µm
_05592_,10.13µm
_05761_,10.13µm
digital_domain_inst.spi_regs_inst.reg_wr_data\[4\],10.13µm
digital_domain_inst.spi_regs_inst.spi_addr\[4\],10.13µm
digital_domain_inst.wave_controller_y_inst.comp_sync1,10.13µm
_00110_,10.08µm
_00129_,10.08µm
_00289_,10.08µm
_00346_,10.08µm
_00425_,10.08µm
_00446_,10.08µm
_00470_,10.08µm
_00522_,10.08µm
_00527_,10.08µm
_01081_,10.08µm
_01232_,10.08µm
_01233_,10.08µm
_01769_,10.08µm
_02303_,10.08µm
_02354_,10.08µm
_02543_,10.08µm
_02702_,10.08µm
_02904_,10.08µm
_02943_,10.08µm
_03415_,10.08µm
_03537_,10.08µm
_03566_,10.08µm
_03613_,10.08µm
_03760_,10.08µm
_04130_,10.08µm
_04337_,10.08µm
_04737_,10.08µm
_04929_,10.08µm
_05310_,10.08µm
_05415_,10.08µm
_05435_,10.08µm
_03028_,9.85µm
_03076_,9.67µm
_03631_,9.67µm
_05282_,9.67µm
_05352_,9.67µm
_01565_,9.62µm
_02242_,9.62µm
_02576_,9.62µm
_02873_,9.62µm
_03045_,9.62µm
_03500_,9.62µm
_03522_,9.62µm
_03681_,9.62µm
_04741_,9.62µm
_04766_,9.62µm
_04915_,9.62µm
_04991_,9.62µm
_05057_,9.62µm
_05153_,9.62µm
_05678_,9.62µm
_05702_,9.62µm
_00037_,9.57µm
_00055_,9.57µm
_00087_,9.57µm
_00122_,9.57µm
_00124_,9.57µm
_00181_,9.57µm
_00272_,9.57µm
_00303_,9.57µm
_00359_,9.57µm
_00439_,9.57µm
_00453_,9.57µm
_00474_,9.57µm
_00490_,9.57µm
_00496_,9.57µm
_00902_,9.57µm
_01109_,9.57µm
_01198_,9.57µm
_01267_,9.57µm
_01366_,9.57µm
_01451_,9.57µm
_01601_,9.57µm
_01732_,9.57µm
_01793_,9.57µm
_02047_,9.57µm
_02288_,9.57µm
_02415_,9.57µm
_02467_,9.57µm
_02724_,9.57µm
_02754_,9.57µm
_02801_,9.57µm
_03048_,9.57µm
_03065_,9.57µm
_03137_,9.57µm
_03308_,9.57µm
_03635_,9.57µm
_03677_,9.57µm
_03802_,9.57µm
_04150_,9.57µm
_04255_,9.57µm
_04433_,9.57µm
_04440_,9.57µm
_04707_,9.57µm
_04745_,9.57µm
_04746_,9.57µm
_04768_,9.57µm
_04885_,9.57µm
_05133_,9.57µm
_05140_,9.57µm
_05308_,9.57µm
_05331_,9.57µm
_05333_,9.57µm
_05359_,9.57µm
_05685_,9.57µm
net2164,9.57µm
_00031_,9.52µm
_00038_,9.52µm
_00177_,9.52µm
_00194_,9.52µm
_00291_,9.52µm
_00370_,9.52µm
_00533_,9.52µm
_00833_,9.52µm
_00892_,9.52µm
_01021_,9.52µm
_01230_,9.52µm
_01293_,9.52µm
_01636_,9.52µm
_01811_,9.52µm
_01828_,9.52µm
_01994_,9.52µm
_03020_,9.52µm
_03196_,9.52µm
_03348_,9.52µm
_03426_,9.52µm
_03501_,9.52µm
_03526_,9.52µm
_03700_,9.52µm
_03799_,9.52µm
_03851_,9.52µm
_03854_,9.52µm
_04207_,9.52µm
_04573_,9.52µm
_04847_,9.52µm
_04879_,9.52µm
_04893_,9.52µm
_04994_,9.52µm
_05277_,9.52µm
_05349_,9.52µm
_05502_,9.52µm
_05579_,9.52µm
_05583_,9.52µm
_05647_,9.52µm
digital_domain_inst.cal_done_y,9.52µm
digital_domain_inst.spi_regs_inst.reg_wr_data\[1\],9.52µm
_02517_,9.11µm
_01619_,9.06µm
_01736_,9.06µm
_02190_,9.06µm
_02238_,9.06µm
_02466_,9.06µm
_02562_,9.06µm
_02711_,9.06µm
_03012_,9.06µm
_03269_,9.06µm
_03326_,9.06µm
_04144_,9.06µm
_04344_,9.06µm
_04751_,9.06µm
_04835_,9.06µm
_05077_,9.06µm
_05189_,9.06µm
_05295_,9.06µm
_05397_,9.06µm
_05745_,9.06µm
_00166_,9.01µm
_00211_,9.01µm
_00321_,9.01µm
_00350_,9.01µm
_00362_,9.01µm
_00405_,9.01µm
_00419_,9.01µm
_00452_,9.01µm
_00486_,9.01µm
_00495_,9.01µm
_01038_,9.01µm
_01142_,9.01µm
_01179_,9.01µm
_01191_,9.01µm
_01227_,9.01µm
_01600_,9.01µm
_01792_,9.01µm
_02003_,9.01µm
_02079_,9.01µm
_02234_,9.01µm
_02366_,9.01µm
_02398_,9.01µm
_03042_,9.01µm
_03185_,9.01µm
_03321_,9.01µm
_03353_,9.01µm
_03881_,9.01µm
_04235_,9.01µm
_04293_,9.01µm
_04320_,9.01µm
_04357_,9.01µm
_04361_,9.01µm
_04400_,9.01µm
_04438_,9.01µm
_04465_,9.01µm
_04969_,9.01µm
_05115_,9.01µm
_05236_,9.01µm
_05459_,9.01µm
_05564_,9.01µm
_05697_,9.01µm
_05728_,9.01µm
digital_domain_inst.latch_phase270_ack_x,9.01µm
digital_domain_inst.spi_regs_inst.reg_wr_data\[3\],9.01µm
net1193,9.01µm
_00001_,8.96µm
_00030_,8.96µm
_00040_,8.96µm
_00146_,8.96µm
_00193_,8.96µm
_00256_,8.96µm
_00266_,8.96µm
_00271_,8.96µm
_00375_,8.96µm
_00385_,8.96µm
_00423_,8.96µm
_00860_,8.96µm
_01092_,8.96µm
_01104_,8.96µm
_01282_,8.96µm
_01371_,8.96µm
_01374_,8.96µm
_01378_,8.96µm
_02172_,8.96µm
_02210_,8.96µm
_02565_,8.96µm
_02620_,8.96µm
_02693_,8.96µm
_02783_,8.96µm
_02824_,8.96µm
_02913_,8.96µm
_03023_,8.96µm
_03362_,8.96µm
_03390_,8.96µm
_03405_,8.96µm
_03818_,8.96µm
_03831_,8.96µm
_03880_,8.96µm
_04439_,8.96µm
_04769_,8.96µm
_04842_,8.96µm
_04861_,8.96µm
_04922_,8.96µm
_04928_,8.96µm
_04952_,8.96µm
_04970_,8.96µm
_05131_,8.96µm
_05326_,8.96µm
_05446_,8.96µm
_05463_,8.96µm
_05540_,8.96µm
_05572_,8.96µm
_05595_,8.96µm
digital_domain_inst.spi_regs_inst.spi_state,8.96µm
_02222_,8.5µm
_02247_,8.5µm
_02513_,8.5µm
_03034_,8.5µm
_03366_,8.5µm
_03559_,8.5µm
_04395_,8.5µm
_04556_,8.5µm
_04656_,8.5µm
_05337_,8.5µm
_00012_,8.45µm
_00044_,8.45µm
_00074_,8.45µm
_00076_,8.45µm
_00093_,8.45µm
_00125_,8.45µm
_00161_,8.45µm
_00217_,8.45µm
_00310_,8.45µm
_00355_,8.45µm
_00361_,8.45µm
_00447_,8.45µm
_00525_,8.45µm
_00935_,8.45µm
_01126_,8.45µm
_01210_,8.45µm
_01252_,8.45µm
_01373_,8.45µm
_01403_,8.45µm
_01507_,8.45µm
_01764_,8.45µm
_01770_,8.45µm
_01818_,8.45µm
_02004_,8.45µm
_02397_,8.45µm
_02697_,8.45µm
_02932_,8.45µm
_02949_,8.45µm
_03026_,8.45µm
_03051_,8.45µm
_03063_,8.45µm
_03069_,8.45µm
_03095_,8.45µm
_03710_,8.45µm
_03980_,8.45µm
_04259_,8.45µm
_04375_,8.45µm
_04411_,8.45µm
_04519_,8.45µm
_04562_,8.45µm
_04565_,8.45µm
_04575_,8.45µm
_04763_,8.45µm
_05028_,8.45µm
_05045_,8.45µm
_05084_,8.45µm
_05455_,8.45µm
_05533_,8.45µm
_05648_,8.45µm
net620,8.45µm
_00092_,8.4µm
_00172_,8.4µm
_00205_,8.4µm
_00325_,8.4µm
_00356_,8.4µm
_00367_,8.4µm
_00374_,8.4µm
_00380_,8.4µm
_00391_,8.4µm
_00396_,8.4µm
_00483_,8.4µm
_00538_,8.4µm
_00945_,8.4µm
_01420_,8.4µm
_01441_,8.4µm
_01687_,8.4µm
_01809_,8.4µm
_02564_,8.4µm
_02643_,8.4µm
_02671_,8.4µm
_02855_,8.4µm
_03070_,8.4µm
_03154_,8.4µm
_03294_,8.4µm
_03454_,8.4µm
_03467_,8.4µm
_03513_,8.4µm
_03652_,8.4µm
_03744_,8.4µm
_03820_,8.4µm
_03863_,8.4µm
_04319_,8.4µm
_04350_,8.4µm
_04364_,8.4µm
_04380_,8.4µm
_04387_,8.4µm
_04551_,8.4µm
_04627_,8.4µm
_04767_,8.4µm
_04904_,8.4µm
_04956_,8.4µm
_05042_,8.4µm
_05195_,8.4µm
_05287_,8.4µm
_05299_,8.4µm
_05318_,8.4µm
_05338_,8.4µm
_05411_,8.4µm
_05562_,8.4µm
_05566_,8.4µm
_05589_,8.4µm
_05609_,8.4µm
digital_domain_inst.signal_processor_x_inst.s90_pipe\[2\],8.4µm
_02015_,7.99µm
_00481_,7.94µm
_00956_,7.94µm
_01362_,7.94µm
_01753_,7.94µm
_02281_,7.94µm
_03428_,7.94µm
_03675_,7.94µm
_03938_,7.94µm
_04428_,7.94µm
_04441_,7.94µm
_04557_,7.94µm
_05650_,7.94µm
_00017_,7.89µm
_00133_,7.89µm
_00191_,7.89µm
_00197_,7.89µm
_00202_,7.89µm
_00316_,7.89µm
_00357_,7.89µm
_00383_,7.89µm
_00408_,7.89µm
_00428_,7.89µm
_00509_,7.89µm
_00511_,7.89µm
_01446_,7.89µm
_01760_,7.89µm
_01968_,7.89µm
_01970_,7.89µm
_02514_,7.89µm
_03178_,7.89µm
_03334_,7.89µm
_03861_,7.89µm
_04030_,7.89µm
_04279_,7.89µm
_04342_,7.89µm
_04351_,7.89µm
_04558_,7.89µm
_04561_,7.89µm
_04672_,7.89µm
_04747_,7.89µm
_04856_,7.89µm
_05101_,7.89µm
_05461_,7.89µm
_05519_,7.89µm
_05544_,7.89µm
_05570_,7.89µm
digital_domain_inst.signal_processor_y_inst.s90_pipe\[0\],7.89µm
_00006_,7.84µm
_00082_,7.84µm
_00165_,7.84µm
_00171_,7.84µm
_00187_,7.84µm
_00213_,7.84µm
_00267_,7.84µm
_00270_,7.84µm
_00315_,7.84µm
_00500_,7.84µm
_00948_,7.84µm
_01025_,7.84µm
_01125_,7.84µm
_01222_,7.84µm
_01228_,7.84µm
_01375_,7.84µm
_01412_,7.84µm
_01432_,7.84µm
_01433_,7.84µm
_01603_,7.84µm
_01759_,7.84µm
_01849_,7.84µm
_02192_,7.84µm
_02304_,7.84µm
_02429_,7.84µm
_02464_,7.84µm
_02522_,7.84µm
_02641_,7.84µm
_02935_,7.84µm
_03128_,7.84µm
_03246_,7.84µm
_03345_,7.84µm
_03597_,7.84µm
_03670_,7.84µm
_04066_,7.84µm
_04166_,7.84µm
_04318_,7.84µm
_04419_,7.84µm
_04423_,7.84µm
_04454_,7.84µm
_05097_,7.84µm
_05283_,7.84µm
_05322_,7.84µm
_05324_,7.84µm
_05328_,7.84µm
_05479_,7.84µm
_05539_,7.84µm
_05578_,7.84µm
_05651_,7.84µm
digital_domain_inst.signal_processor_x_inst.s270_pipe\[2\],7.84µm
_04000_,7.56µm
_03002_,7.43µm
_00116_,7.38µm
_00218_,7.38µm
_00268_,7.38µm
_00353_,7.38µm
_00843_,7.38µm
_01022_,7.38µm
_01259_,7.38µm
_02485_,7.38µm
_02717_,7.38µm
_02896_,7.38µm
_04058_,7.38µm
_04131_,7.38µm
_04754_,7.38µm
_04773_,7.38µm
_04845_,7.38µm
_04903_,7.38µm
_04926_,7.38µm
_05132_,7.38µm
_05166_,7.38µm
_05319_,7.38µm
_05329_,7.38µm
digital_domain_inst.spi_regs_inst.tx_shift\[2\],7.38µm
_00002_,7.33µm
_00022_,7.33µm
_00070_,7.33µm
_00099_,7.33µm
_00108_,7.33µm
_00109_,7.33µm
_00152_,7.33µm
_00158_,7.33µm
_00162_,7.33µm
_00259_,7.33µm
_00276_,7.33µm
_00348_,7.33µm
_00397_,7.33µm
_00979_,7.33µm
_01254_,7.33µm
_01590_,7.33µm
_01762_,7.33µm
_01839_,7.33µm
_01956_,7.33µm
_02340_,7.33µm
_02376_,7.33µm
_02404_,7.33µm
_02619_,7.33µm
_02640_,7.33µm
_02684_,7.33µm
_02716_,7.33µm
_03466_,7.33µm
_03509_,7.33µm
_03581_,7.33µm
_03641_,7.33µm
_03814_,7.33µm
_03889_,7.33µm
_03975_,7.33µm
_03994_,7.33µm
_04016_,7.33µm
_04068_,7.33µm
_04149_,7.33µm
_04218_,7.33µm
_04315_,7.33µm
_04353_,7.33µm
_04414_,7.33µm
_04536_,7.33µm
_04570_,7.33µm
_04607_,7.33µm
_04619_,7.33µm
_04824_,7.33µm
_04863_,7.33µm
_05118_,7.33µm
_05499_,7.33µm
_05563_,7.33µm
_05631_,7.33µm
_05680_,7.33µm
_05687_,7.33µm
_05695_,7.33µm
_05736_,7.33µm
digital_domain_inst.spi_regs_inst.spi_addr\[6\],7.33µm
_00029_,7.28µm
_00085_,7.28µm
_00095_,7.28µm
_00131_,7.28µm
_00145_,7.28µm
_00188_,7.28µm
_00238_,7.28µm
_00280_,7.28µm
_00282_,7.28µm
_00290_,7.28µm
_00314_,7.28µm
_00317_,7.28µm
_00334_,7.28µm
_00365_,7.28µm
_00386_,7.28µm
_00387_,7.28µm
_00395_,7.28µm
_00435_,7.28µm
_00444_,7.28µm
_00489_,7.28µm
_00498_,7.28µm
_00515_,7.28µm
_00516_,7.28µm
_01026_,7.28µm
_01097_,7.28µm
_01111_,7.28µm
_01113_,7.28µm
_01120_,7.28µm
_01256_,7.28µm
_01313_,7.28µm
_01775_,7.28µm
_01891_,7.28µm
_01952_,7.28µm
_01954_,7.28µm
_02149_,7.28µm
_02246_,7.28µm
_02391_,7.28µm
_02400_,7.28µm
_02488_,7.28µm
_02495_,7.28µm
_02538_,7.28µm
_02567_,7.28µm
_02780_,7.28µm
_03099_,7.28µm
_03122_,7.28µm
_03138_,7.28µm
_03149_,7.28µm
_03403_,7.28µm
_03437_,7.28µm
_03519_,7.28µm
_03663_,7.28µm
_03900_,7.28µm
_04032_,7.28µm
_04156_,7.28µm
_04171_,7.28µm
_04347_,7.28µm
_04577_,7.28µm
_04600_,7.28µm
_04657_,7.28µm
_04732_,7.28µm
_04744_,7.28µm
_04815_,7.28µm
_05034_,7.28µm
_05091_,7.28µm
_05126_,7.28µm
_05235_,7.28µm
_05292_,7.28µm
_05330_,7.28µm
_05452_,7.28µm
_05495_,7.28µm
_05588_,7.28µm
_05610_,7.28µm
_05641_,7.28µm
_05713_,7.28µm
digital_domain_inst.spi_regs_inst.cs_sync\[0\],7.28µm
net1586,7.28µm
_00422_,6.87µm
_00433_,6.87µm
_00327_,6.82µm
_00835_,6.82µm
_01082_,6.82µm
_01209_,6.82µm
_01260_,6.82µm
_01382_,6.82µm
_01962_,6.82µm
_02378_,6.82µm
_02707_,6.82µm
_03325_,6.82µm
_04275_,6.82µm
_04407_,6.82µm
_04894_,6.82µm
_05682_,6.82µm
_00080_,6.77µm
_00083_,6.77µm
_00089_,6.77µm
_00107_,6.77µm
_00111_,6.77µm
_00220_,6.77µm
_00227_,6.77µm
_00240_,6.77µm
_00242_,6.77µm
_00318_,6.77µm
_00392_,6.77µm
_00401_,6.77µm
_00441_,6.77µm
_00450_,6.77µm
_00871_,6.77µm
_01216_,6.77µm
_01266_,6.77µm
_01352_,6.77µm
_01387_,6.77µm
_01495_,6.77µm
_02447_,6.77µm
_02696_,6.77µm
_03318_,6.77µm
_03694_,6.77µm
_03964_,6.77µm
_04258_,6.77µm
_04385_,6.77µm
_04587_,6.77µm
_04591_,6.77µm
_04596_,6.77µm
_04628_,6.77µm
_04723_,6.77µm
_04852_,6.77µm
_04873_,6.77µm
_05090_,6.77µm
_05116_,6.77µm
_05161_,6.77µm
_05184_,6.77µm
_05220_,6.77µm
_05243_,6.77µm
_05288_,6.77µm
_05351_,6.77µm
_05433_,6.77µm
_05481_,6.77µm
_05526_,6.77µm
_05571_,6.77µm
_05632_,6.77µm
_00053_,6.72µm
_00067_,6.72µm
_00096_,6.72µm
_00235_,6.72µm
_00445_,6.72µm
_00514_,6.72µm
_00523_,6.72µm
_00529_,6.72µm
_00933_,6.72µm
_00936_,6.72µm
_00985_,6.72µm
_01004_,6.72µm
_01035_,6.72µm
_01079_,6.72µm
_01172_,6.72µm
_01240_,6.72µm
_01255_,6.72µm
_01339_,6.72µm
_01402_,6.72µm
_01435_,6.72µm
_01485_,6.72µm
_01597_,6.72µm
_01922_,6.72µm
_01961_,6.72µm
_02001_,6.72µm
_02225_,6.72µm
_02349_,6.72µm
_02544_,6.72µm
_02628_,6.72µm
_02860_,6.72µm
_02861_,6.72µm
_03207_,6.72µm
_03363_,6.72µm
_03483_,6.72µm
_03665_,6.72µm
_03702_,6.72µm
_03738_,6.72µm
_03961_,6.72µm
_04224_,6.72µm
_04249_,6.72µm
_04574_,6.72µm
_04770_,6.72µm
_04776_,6.72µm
_04855_,6.72µm
_04875_,6.72µm
_04881_,6.72µm
_05054_,6.72µm
_05065_,6.72µm
_05078_,6.72µm
_05107_,6.72µm
_05122_,6.72µm
_05226_,6.72µm
_05522_,6.72µm
_05684_,6.72µm
_05721_,6.72µm
digital_domain_inst.wave_controller_x_inst.comp_sync1,6.72µm
net2120,6.72µm
net2187,6.72µm
_03999_,6.44µm
_00262_,6.26µm
_00371_,6.26µm
_00388_,6.26µm
_00834_,6.26µm
_01236_,6.26µm
_02504_,6.26µm
_02731_,6.26µm
_02944_,6.26µm
_03186_,6.26µm
_03621_,6.26µm
_03622_,6.26µm
_04198_,6.26µm
_04363_,6.26µm
_04403_,6.26µm
_04911_,6.26µm
_05617_,6.26µm
_05640_,6.26µm
_00027_,6.21µm
_00046_,6.21µm
_00113_,6.21µm
_00168_,6.21µm
_00176_,6.21µm
_00212_,6.21µm
_00239_,6.21µm
_00458_,6.21µm
_00499_,6.21µm
_00521_,6.21µm
_00914_,6.21µm
_01160_,6.21µm
_01413_,6.21µm
_01656_,6.21µm
_01743_,6.21µm
_02512_,6.21µm
_02659_,6.21µm
_02699_,6.21µm
_02706_,6.21µm
_02942_,6.21µm
_03129_,6.21µm
_03518_,6.21µm
_03643_,6.21µm
_03646_,6.21µm
_03791_,6.21µm
_04184_,6.21µm
_04340_,6.21µm
_04345_,6.21µm
_04462_,6.21µm
_04622_,6.21µm
_04649_,6.21µm
_04784_,6.21µm
_04924_,6.21µm
_05055_,6.21µm
_05076_,6.21µm
_05274_,6.21µm
_05454_,6.21µm
_05584_,6.21µm
_05605_,6.21µm
_05712_,6.21µm
_00005_,6.16µm
_00047_,6.16µm
_00098_,6.16µm
_00105_,6.16µm
_00248_,6.16µm
_00253_,6.16µm
_00347_,6.16µm
_00427_,6.16µm
_00461_,6.16µm
_00915_,6.16µm
_00952_,6.16µm
_01070_,6.16µm
_01177_,6.16µm
_01506_,6.16µm
_01787_,6.16µm
_02206_,6.16µm
_02249_,6.16µm
_02695_,6.16µm
_02831_,6.16µm
_02874_,6.16µm
_02888_,6.16µm
_03114_,6.16µm
_03375_,6.16µm
_03639_,6.16µm
_04271_,6.16µm
_04305_,6.16µm
_04398_,6.16µm
_04399_,6.16µm
_04401_,6.16µm
_04524_,6.16µm
_04764_,6.16µm
_04841_,6.16µm
_04851_,6.16µm
_05040_,6.16µm
_05083_,6.16µm
_05139_,6.16µm
_05147_,6.16µm
_05304_,6.16µm
_05307_,6.16µm
_05386_,6.16µm
_05517_,6.16µm
_05752_,6.16µm
net761,6.16µm
net1425,6.16µm
_00536_,6.1µm
_01841_,5.88µm
_05120_,5.88µm
_05213_,5.75µm
_05483_,5.75µm
_00938_,5.7µm
_01010_,5.7µm
_01166_,5.7µm
_01294_,5.7µm
_01325_,5.7µm
_01704_,5.7µm
_01806_,5.7µm
_02220_,5.7µm
_02649_,5.7µm
_05453_,5.7µm
_05523_,5.7µm
_05762_,5.7µm
_05768_,5.7µm
_00065_,5.65µm
_00068_,5.65µm
_00126_,5.65µm
_00236_,5.65µm
_00249_,5.65µm
_00295_,5.65µm
_00378_,5.65µm
_00430_,5.65µm
_00457_,5.65µm
_00480_,5.65µm
_00494_,5.65µm
_00928_,5.65µm
_01138_,5.65µm
_01345_,5.65µm
_01756_,5.65µm
_01812_,5.65µm
_01838_,5.65µm
_02184_,5.65µm
_02382_,5.65µm
_02878_,5.65µm
_03090_,5.65µm
_03307_,5.65µm
_03759_,5.65µm
_03969_,5.65µm
_04336_,5.65µm
_04472_,5.65µm
_04539_,5.65µm
_04635_,5.65µm
_04659_,5.65µm
_04832_,5.65µm
_04859_,5.65µm
_04936_,5.65µm
_05080_,5.65µm
_05141_,5.65µm
_05426_,5.65µm
_05541_,5.65µm
_05758_,5.65µm
digital_domain_inst.signal_processor_y_inst.s90_pipe\[2\],5.65µm
digital_domain_inst.spi_regs_inst.reg_wr_data\[2\],5.65µm
_00008_,5.6µm
_00010_,5.6µm
_00050_,5.6µm
_00073_,5.6µm
_00204_,5.6µm
_00214_,5.6µm
_00261_,5.6µm
_00293_,5.6µm
_00296_,5.6µm
_00336_,5.6µm
_00409_,5.6µm
_00410_,5.6µm
_00464_,5.6µm
_00466_,5.6µm
_00988_,5.6µm
_01107_,5.6µm
_01275_,5.6µm
_01404_,5.6µm
_02198_,5.6µm
_02766_,5.6µm
_02839_,5.6µm
_02972_,5.6µm
_03097_,5.6µm
_03101_,5.6µm
_03115_,5.6µm
_03344_,5.6µm
_03398_,5.6µm
_03512_,5.6µm
_03570_,5.6µm
_04109_,5.6µm
_04721_,5.6µm
_04775_,5.6µm
_05112_,5.6µm
_05159_,5.6µm
_05313_,5.6µm
_05401_,5.6µm
_05418_,5.6µm
_05524_,5.6µm
_05559_,5.6µm
_05645_,5.6µm
digital_domain_inst.spi_regs_inst.spi_addr\[1\],5.6µm
_00036_,5.14µm
_00288_,5.14µm
_00322_,5.14µm
_00368_,5.14µm
_00402_,5.14µm
_01072_,5.14µm
_01268_,5.14µm
_01296_,5.14µm
_01340_,5.14µm
_01729_,5.14µm
_02494_,5.14µm
_02661_,5.14µm
_02877_,5.14µm
_02901_,5.14µm
_03096_,5.14µm
_03593_,5.14µm
_04307_,5.14µm
_04327_,5.14µm
_04823_,5.14µm
_04899_,5.14µm
_04914_,5.14µm
_04949_,5.14µm
_05143_,5.14µm
_05169_,5.14µm
_05278_,5.14µm
_05460_,5.14µm
_05542_,5.14µm
_05696_,5.14µm
_00023_,5.09µm
_00101_,5.09µm
_00232_,5.09µm
_00247_,5.09µm
_00501_,5.09µm
_01090_,5.09µm
_01116_,5.09µm
_02000_,5.09µm
_02344_,5.09µm
_02668_,5.09µm
_02989_,5.09µm
_03043_,5.09µm
_03127_,5.09µm
_03130_,5.09µm
_03582_,5.09µm
_03660_,5.09µm
_03667_,5.09µm
_03712_,5.09µm
_04154_,5.09µm
_04202_,5.09µm
_04365_,5.09µm
_04415_,5.09µm
_04529_,5.09µm
_04531_,5.09µm
_04943_,5.09µm
_05088_,5.09µm
_05289_,5.09µm
_05293_,5.09µm
_05294_,5.09µm
_05436_,5.09µm
_05735_,5.09µm
_00011_,5.04µm
_00026_,5.04µm
_00072_,5.04µm
_00081_,5.04µm
_00097_,5.04µm
_00128_,5.04µm
_00277_,5.04µm
_00319_,5.04µm
_00331_,5.04µm
_00351_,5.04µm
_00377_,5.04µm
_00382_,5.04µm
_00412_,5.04µm
_00465_,5.04µm
_00479_,5.04µm
_00503_,5.04µm
_00861_,5.04µm
_00967_,5.04µm
_00991_,5.04µm
_01290_,5.04µm
_01892_,5.04µm
_02138_,5.04µm
_02505_,5.04µm
_02627_,5.04µm
_02737_,5.04µm
_03489_,5.04µm
_03505_,5.04µm
_03754_,5.04µm
_03772_,5.04µm
_03806_,5.04µm
_03919_,5.04µm
_03943_,5.04µm
_03978_,5.04µm
_04355_,5.04µm
_04358_,5.04µm
_04458_,5.04µm
_04625_,5.04µm
_04718_,5.04µm
_04783_,5.04µm
_04821_,5.04µm
_04839_,5.04µm
_04960_,5.04µm
_05075_,5.04µm
_05095_,5.04µm
_05250_,5.04µm
_05487_,5.04µm
_05503_,5.04µm
_05569_,5.04µm
_05591_,5.04µm
_05614_,5.04µm
_05639_,5.04µm
_05755_,5.04µm
_05763_,5.04µm
net394,5.04µm
net2145,5.04µm
_01020_,4.76µm
_00460_,4.58µm
_01989_,4.58µm
_03659_,4.58µm
_03829_,4.58µm
_04140_,4.58µm
_04164_,4.58µm
_04376_,4.58µm
_04413_,4.58µm
_04541_,4.58µm
_04750_,4.58µm
_04954_,4.58µm
_05105_,4.58µm
_05485_,4.58µm
_05561_,4.58µm
_05637_,4.58µm
_05759_,4.58µm
_01094_,4.53µm
_01733_,4.53µm
_02556_,4.53µm
_02681_,4.53µm
_03085_,4.53µm
_03557_,4.53µm
_04479_,4.53µm
_05515_,4.53µm
_05624_,4.53µm
_00063_,4.48µm
_00195_,4.48µm
_00196_,4.48µm
_00203_,4.48µm
_00245_,4.48µm
_00263_,4.48µm
_00264_,4.48µm
_00332_,4.48µm
_00373_,4.48µm
_00376_,4.48µm
_00390_,4.48µm
_00414_,4.48µm
_00432_,4.48µm
_00473_,4.48µm
_00478_,4.48µm
_00639_,4.48µm
_00846_,4.48µm
_00852_,4.48µm
_00943_,4.48µm
_01000_,4.48µm
_01013_,4.48µm
_01019_,4.48µm
_01039_,4.48µm
_01052_,4.48µm
_01063_,4.48µm
_01102_,4.48µm
_01157_,4.48µm
_01205_,4.48µm
_01242_,4.48µm
_01295_,4.48µm
_01639_,4.48µm
_01700_,4.48µm
_01807_,4.48µm
_02086_,4.48µm
_02139_,4.48µm
_02248_,4.48µm
_02414_,4.48µm
_02492_,4.48µm
_02493_,4.48µm
_02674_,4.48µm
_02688_,4.48µm
_02771_,4.48µm
_02787_,4.48µm
_02982_,4.48µm
_03062_,4.48µm
_03218_,4.48µm
_03233_,4.48µm
_03234_,4.48µm
_03274_,4.48µm
_03546_,4.48µm
_03637_,4.48µm
_03732_,4.48µm
_03862_,4.48µm
_03993_,4.48µm
_04018_,4.48µm
_04087_,4.48µm
_04139_,4.48µm
_04162_,4.48µm
_04180_,4.48µm
_04338_,4.48µm
_04360_,4.48µm
_04391_,4.48µm
_04563_,4.48µm
_04579_,4.48µm
_04735_,4.48µm
_04780_,4.48µm
_04877_,4.48µm
_04993_,4.48µm
_05123_,4.48µm
_05144_,4.48µm
_05270_,4.48µm
_05312_,4.48µm
_05321_,4.48µm
_05439_,4.48µm
_05466_,4.48µm
_05505_,4.48µm
_05512_,4.48µm
_05543_,4.48µm
_05581_,4.48µm
_05638_,4.48µm
_05656_,4.48µm
_05679_,4.48µm
_05757_,4.48µm
_05771_,4.48µm
digital_domain_inst.wave_controller_x_inst.ds_acc\[3\],4.48µm
net15,4.48µm
_00922_,4.02µm
_01343_,4.02µm
_02077_,4.02µm
_04888_,4.02µm
_05089_,4.02µm
_05704_,4.02µm
digital_domain_inst.spi_regs_inst.reg_wr_data\[5\],4.02µm
_00429_,3.97µm
_01410_,3.97µm
_01599_,3.97µm
_04424_,3.97µm
_04923_,3.97µm
_05248_,3.97µm
_05469_,3.97µm
_05633_,3.97µm
_05700_,3.97µm
net792,3.97µm
_00007_,3.92µm
_00069_,3.92µm
_00150_,3.92µm
_00156_,3.92µm
_00164_,3.92µm
_00223_,3.92µm
_00231_,3.92µm
_00234_,3.92µm
_00243_,3.92µm
_00265_,3.92µm
_00273_,3.92µm
_00275_,3.92µm
_00311_,3.92µm
_00323_,3.92µm
_00379_,3.92µm
_00449_,3.92µm
_00467_,3.92µm
_00469_,3.92µm
_00476_,3.92µm
_00477_,3.92µm
_00488_,3.92µm
_00507_,3.92µm
_00537_,3.92µm
_01108_,3.92µm
_01112_,3.92µm
_01162_,3.92µm
_01503_,3.92µm
_01530_,3.92µm
_01654_,3.92µm
_01677_,3.92µm
_02031_,3.92µm
_02143_,3.92µm
_02159_,3.92µm
_02553_,3.92µm
_02719_,3.92µm
_02726_,3.92µm
_02777_,3.92µm
_03006_,3.92µm
_03377_,3.92µm
_03478_,3.92µm
_03564_,3.92µm
_03630_,3.92µm
_03743_,3.92µm
_03822_,3.92µm
_03837_,3.92µm
_03913_,3.92µm
_04099_,3.92µm
_04104_,3.92µm
_04118_,3.92µm
_04432_,3.92µm
_04588_,3.92µm
_04610_,3.92µm
_04626_,3.92µm
_04713_,3.92µm
_04716_,3.92µm
_04719_,3.92µm
_04777_,3.92µm
_04921_,3.92µm
_04963_,3.92µm
_05104_,3.92µm
_05252_,3.92µm
_05298_,3.92µm
_05301_,3.92µm
_05407_,3.92µm
_05445_,3.92µm
_05457_,3.92µm
_05482_,3.92µm
_05535_,3.92µm
_05557_,3.92µm
_05558_,3.92µm
_05568_,3.92µm
_05580_,3.92µm
_05587_,3.92µm
_05590_,3.92µm
_05701_,3.92µm
_05706_,3.92µm
_05766_,3.92µm
digital_domain_inst.signal_processor_y_inst.s270_pipe\[2\],3.92µm
digital_domain_inst.wave_controller_x_inst.capture_pending,3.92µm
_00873_,3.46µm
_01176_,3.46µm
_01277_,3.46µm
_01281_,3.46µm
_01337_,3.46µm
_01890_,3.46µm
_01913_,3.46µm
_03125_,3.46µm
_03508_,3.46µm
_03904_,3.46µm
_04133_,3.46µm
_04468_,3.46µm
_04962_,3.46µm
_05203_,3.46µm
_05509_,3.46µm
_04397_,3.41µm
_00015_,3.36µm
_00019_,3.36µm
_00071_,3.36µm
_00114_,3.36µm
_00141_,3.36µm
_00151_,3.36µm
_00167_,3.36µm
_00210_,3.36µm
_00216_,3.36µm
_00228_,3.36µm
_00292_,3.36µm
_00294_,3.36µm
_00349_,3.36µm
_00381_,3.36µm
_00384_,3.36µm
_00436_,3.36µm
_00437_,3.36µm
_00471_,3.36µm
_00475_,3.36µm
_00493_,3.36µm
_00517_,3.36µm
_00519_,3.36µm
_00923_,3.36µm
_00949_,3.36µm
_01630_,3.36µm
_01641_,3.36µm
_01810_,3.36µm
_01860_,3.36µm
_02059_,3.36µm
_02229_,3.36µm
_02279_,3.36µm
_02639_,3.36µm
_02703_,3.36µm
_02789_,3.36µm
_02849_,3.36µm
_03059_,3.36µm
_03337_,3.36µm
_03356_,3.36µm
_03539_,3.36µm
_03550_,3.36µm
_03997_,3.36µm
_04054_,3.36µm
_04094_,3.36µm
_04173_,3.36µm
_04331_,3.36µm
_04362_,3.36µm
_04513_,3.36µm
_04550_,3.36µm
_04569_,3.36µm
_04778_,3.36µm
_04781_,3.36µm
_04800_,3.36µm
_04812_,3.36µm
_04820_,3.36µm
_04889_,3.36µm
_05100_,3.36µm
_05158_,3.36µm
_05162_,3.36µm
_05336_,3.36µm
_05525_,3.36µm
_05582_,3.36µm
_05597_,3.36µm
_05628_,3.36µm
_05671_,3.36µm
_05741_,3.36µm
_05767_,3.36µm
digital_domain_inst.spi_regs_inst.spi_addr\[3\],3.36µm
digital_domain_inst.wave_controller_x_inst.comp_sync2,3.36µm
digital_domain_inst.wave_controller_y_inst.cal_burst_count\[1\],3.36µm
digital_domain_inst.wave_controller_y_inst.phase_acc\[19\],3.36µm
clk_regs,3.36µm
_05127_,2.95µm
_04417_,2.9µm
_04521_,2.9µm
_04772_,2.9µm
_04831_,2.9µm
_04913_,2.9µm
_05231_,2.9µm
_05239_,2.9µm
_00049_,2.8µm
_00051_,2.8µm
_00062_,2.8µm
_00064_,2.8µm
_00088_,2.8µm
_00091_,2.8µm
_00100_,2.8µm
_00137_,2.8µm
_00139_,2.8µm
_00147_,2.8µm
_00153_,2.8µm
_00160_,2.8µm
_00250_,2.8µm
_00269_,2.8µm
_00312_,2.8µm
_00329_,2.8µm
_00345_,2.8µm
_00360_,2.8µm
_00413_,2.8µm
_00504_,2.8µm
_00508_,2.8µm
_00518_,2.8µm
_00524_,2.8µm
_00531_,2.8µm
_00534_,2.8µm
_00868_,2.8µm
_00901_,2.8µm
_00958_,2.8µm
_00989_,2.8µm
_01253_,2.8µm
_01278_,2.8µm
_01385_,2.8µm
_01632_,2.8µm
_01718_,2.8µm
_01723_,2.8µm
_01920_,2.8µm
_01997_,2.8µm
_02006_,2.8µm
_02010_,2.8µm
_02263_,2.8µm
_02425_,2.8µm
_02463_,2.8µm
_02622_,2.8µm
_02700_,2.8µm
_02909_,2.8µm
_02990_,2.8µm
_03022_,2.8µm
_03038_,2.8µm
_03341_,2.8µm
_03352_,2.8µm
_03427_,2.8µm
_03859_,2.8µm
_04003_,2.8µm
_04116_,2.8µm
_04216_,2.8µm
_04312_,2.8µm
_04322_,2.8µm
_04332_,2.8µm
_04373_,2.8µm
_04386_,2.8µm
_04488_,2.8µm
_04545_,2.8µm
_04583_,2.8µm
_04585_,2.8µm
_04595_,2.8µm
_04730_,2.8µm
_04945_,2.8µm
_04946_,2.8µm
_04957_,2.8µm
_04996_,2.8µm
_05059_,2.8µm
_05086_,2.8µm
_05093_,2.8µm
_05136_,2.8µm
_05149_,2.8µm
_05156_,2.8µm
_05245_,2.8µm
_05280_,2.8µm
_05291_,2.8µm
_05470_,2.8µm
_05472_,2.8µm
_05529_,2.8µm
_05551_,2.8µm
_05576_,2.8µm
_05627_,2.8µm
digital_domain_inst.wave_controller_y_inst.comp_sync2,2.8µm
_00144_,2.74µm
_00897_,2.34µm
_02305_,2.34µm
_00978_,2.24µm
_01077_,2.24µm
_01086_,2.24µm
_01174_,2.24µm
_01341_,2.24µm
_01388_,2.24µm
_01415_,2.24µm
_01634_,2.24µm
_01676_,2.24µm
_01707_,2.24µm
_02161_,2.24µm
_02330_,2.24µm
_02826_,2.24µm
_02988_,2.24µm
_03159_,2.24µm
_03364_,2.24µm
_03449_,2.24µm
_03580_,2.24µm
_03692_,2.24µm
_03828_,2.24µm
_03878_,2.24µm
_04020_,2.24µm
_04182_,2.24µm
_04406_,2.24µm
_04421_,2.24µm
_04727_,2.24µm
_04854_,2.24µm
_05043_,2.24µm
_05121_,2.24µm
_05284_,2.24µm
_05315_,2.24µm
_05404_,2.24µm
_05548_,2.24µm
digital_domain_inst.wave_controller_x_inst.comp_sync0,2.24µm
_04584_,1.78µm
_00813_,1.68µm
_02351_,1.68µm
_02933_,1.68µm
_04191_,1.68µm
_04580_,1.68µm
_04837_,1.68µm
_05303_,1.68µm
_05518_,1.68µm
_05725_,1.68µm
