
===========================================================================
report_checks -path_delay max (Setup)
============================================================================
======================= min_ff_n40C_3v60 Corner ===================================

Startpoint: rst_n (input port clocked by clk)
Endpoint: _216_ (recovery check against rising-edge clock clk)
Path Group: asynchronous
Path Type: max

Fanout         Cap        Slew       Delay        Time   Description
---------------------------------------------------------------------------------------------
                      0.150000    0.000000    0.000000   clock clk (rise edge)
                                  0.000000    0.000000   clock network delay (ideal)
                                 40.000000   40.000000 ^ input external delay
    41    0.296717    4.342389    2.476693   42.476692 ^ rst_n (in)
                                                         rst_n (net)
                      4.342389    0.000000   42.476692 ^ _216_/RN (gf180mcu_fd_sc_mcu7t5v0__dffrnq_1)
                                             42.476692   data arrival time

                      0.150000  200.000000  200.000000   clock clk (rise edge)
                                  0.000000  200.000000   clock network delay (ideal)
                                 -0.250000  199.750000   clock uncertainty
                                  0.000000  199.750000   clock reconvergence pessimism
                                            199.750000 ^ _216_/CLK (gf180mcu_fd_sc_mcu7t5v0__dffrnq_1)
                                 -1.249618  198.500381   library recovery time
                                            198.500381   data required time
---------------------------------------------------------------------------------------------
                                            198.500381   data required time
                                            -42.476692   data arrival time
---------------------------------------------------------------------------------------------
                                            156.023682   slack (MET)


Startpoint: rst_n (input port clocked by clk)
Endpoint: _217_ (recovery check against rising-edge clock clk)
Path Group: asynchronous
Path Type: max

Fanout         Cap        Slew       Delay        Time   Description
---------------------------------------------------------------------------------------------
                      0.150000    0.000000    0.000000   clock clk (rise edge)
                                  0.000000    0.000000   clock network delay (ideal)
                                 40.000000   40.000000 ^ input external delay
    41    0.296717    4.342389    2.476693   42.476692 ^ rst_n (in)
                                                         rst_n (net)
                      4.342389    0.000000   42.476692 ^ _217_/RN (gf180mcu_fd_sc_mcu7t5v0__dffrnq_1)
                                             42.476692   data arrival time

                      0.150000  200.000000  200.000000   clock clk (rise edge)
                                  0.000000  200.000000   clock network delay (ideal)
                                 -0.250000  199.750000   clock uncertainty
                                  0.000000  199.750000   clock reconvergence pessimism
                                            199.750000 ^ _217_/CLK (gf180mcu_fd_sc_mcu7t5v0__dffrnq_1)
                                 -1.249618  198.500381   library recovery time
                                            198.500381   data required time
---------------------------------------------------------------------------------------------
                                            198.500381   data required time
                                            -42.476692   data arrival time
---------------------------------------------------------------------------------------------
                                            156.023682   slack (MET)


Startpoint: rst_n (input port clocked by clk)
Endpoint: _218_ (recovery check against rising-edge clock clk)
Path Group: asynchronous
Path Type: max

Fanout         Cap        Slew       Delay        Time   Description
---------------------------------------------------------------------------------------------
                      0.150000    0.000000    0.000000   clock clk (rise edge)
                                  0.000000    0.000000   clock network delay (ideal)
                                 40.000000   40.000000 ^ input external delay
    41    0.296717    4.342389    2.476693   42.476692 ^ rst_n (in)
                                                         rst_n (net)
                      4.342389    0.000000   42.476692 ^ _218_/RN (gf180mcu_fd_sc_mcu7t5v0__dffrnq_1)
                                             42.476692   data arrival time

                      0.150000  200.000000  200.000000   clock clk (rise edge)
                                  0.000000  200.000000   clock network delay (ideal)
                                 -0.250000  199.750000   clock uncertainty
                                  0.000000  199.750000   clock reconvergence pessimism
                                            199.750000 ^ _218_/CLK (gf180mcu_fd_sc_mcu7t5v0__dffrnq_1)
                                 -1.249618  198.500381   library recovery time
                                            198.500381   data required time
---------------------------------------------------------------------------------------------
                                            198.500381   data required time
                                            -42.476692   data arrival time
---------------------------------------------------------------------------------------------
                                            156.023682   slack (MET)


Startpoint: rst_n (input port clocked by clk)
Endpoint: _219_ (recovery check against rising-edge clock clk)
Path Group: asynchronous
Path Type: max

Fanout         Cap        Slew       Delay        Time   Description
---------------------------------------------------------------------------------------------
                      0.150000    0.000000    0.000000   clock clk (rise edge)
                                  0.000000    0.000000   clock network delay (ideal)
                                 40.000000   40.000000 ^ input external delay
    41    0.296717    4.342389    2.476693   42.476692 ^ rst_n (in)
                                                         rst_n (net)
                      4.342389    0.000000   42.476692 ^ _219_/RN (gf180mcu_fd_sc_mcu7t5v0__dffrnq_1)
                                             42.476692   data arrival time

                      0.150000  200.000000  200.000000   clock clk (rise edge)
                                  0.000000  200.000000   clock network delay (ideal)
                                 -0.250000  199.750000   clock uncertainty
                                  0.000000  199.750000   clock reconvergence pessimism
                                            199.750000 ^ _219_/CLK (gf180mcu_fd_sc_mcu7t5v0__dffrnq_1)
                                 -1.249618  198.500381   library recovery time
                                            198.500381   data required time
---------------------------------------------------------------------------------------------
                                            198.500381   data required time
                                            -42.476692   data arrival time
---------------------------------------------------------------------------------------------
                                            156.023682   slack (MET)


Startpoint: rst_n (input port clocked by clk)
Endpoint: _220_ (recovery check against rising-edge clock clk)
Path Group: asynchronous
Path Type: max

Fanout         Cap        Slew       Delay        Time   Description
---------------------------------------------------------------------------------------------
                      0.150000    0.000000    0.000000   clock clk (rise edge)
                                  0.000000    0.000000   clock network delay (ideal)
                                 40.000000   40.000000 ^ input external delay
    41    0.296717    4.342389    2.476693   42.476692 ^ rst_n (in)
                                                         rst_n (net)
                      4.342389    0.000000   42.476692 ^ _220_/RN (gf180mcu_fd_sc_mcu7t5v0__dffrnq_1)
                                             42.476692   data arrival time

                      0.150000  200.000000  200.000000   clock clk (rise edge)
                                  0.000000  200.000000   clock network delay (ideal)
                                 -0.250000  199.750000   clock uncertainty
                                  0.000000  199.750000   clock reconvergence pessimism
                                            199.750000 ^ _220_/CLK (gf180mcu_fd_sc_mcu7t5v0__dffrnq_1)
                                 -1.249618  198.500381   library recovery time
                                            198.500381   data required time
---------------------------------------------------------------------------------------------
                                            198.500381   data required time
                                            -42.476692   data arrival time
---------------------------------------------------------------------------------------------
                                            156.023682   slack (MET)


Startpoint: rst_n (input port clocked by clk)
Endpoint: _221_ (recovery check against rising-edge clock clk)
Path Group: asynchronous
Path Type: max

Fanout         Cap        Slew       Delay        Time   Description
---------------------------------------------------------------------------------------------
                      0.150000    0.000000    0.000000   clock clk (rise edge)
                                  0.000000    0.000000   clock network delay (ideal)
                                 40.000000   40.000000 ^ input external delay
    41    0.296717    4.342389    2.476693   42.476692 ^ rst_n (in)
                                                         rst_n (net)
                      4.342389    0.000000   42.476692 ^ _221_/RN (gf180mcu_fd_sc_mcu7t5v0__dffrnq_1)
                                             42.476692   data arrival time

                      0.150000  200.000000  200.000000   clock clk (rise edge)
                                  0.000000  200.000000   clock network delay (ideal)
                                 -0.250000  199.750000   clock uncertainty
                                  0.000000  199.750000   clock reconvergence pessimism
                                            199.750000 ^ _221_/CLK (gf180mcu_fd_sc_mcu7t5v0__dffrnq_1)
                                 -1.249618  198.500381   library recovery time
                                            198.500381   data required time
---------------------------------------------------------------------------------------------
                                            198.500381   data required time
                                            -42.476692   data arrival time
---------------------------------------------------------------------------------------------
                                            156.023682   slack (MET)


Startpoint: rst_n (input port clocked by clk)
Endpoint: _222_ (recovery check against rising-edge clock clk)
Path Group: asynchronous
Path Type: max

Fanout         Cap        Slew       Delay        Time   Description
---------------------------------------------------------------------------------------------
                      0.150000    0.000000    0.000000   clock clk (rise edge)
                                  0.000000    0.000000   clock network delay (ideal)
                                 40.000000   40.000000 ^ input external delay
    41    0.296717    4.342389    2.476693   42.476692 ^ rst_n (in)
                                                         rst_n (net)
                      4.342389    0.000000   42.476692 ^ _222_/RN (gf180mcu_fd_sc_mcu7t5v0__dffrnq_1)
                                             42.476692   data arrival time

                      0.150000  200.000000  200.000000   clock clk (rise edge)
                                  0.000000  200.000000   clock network delay (ideal)
                                 -0.250000  199.750000   clock uncertainty
                                  0.000000  199.750000   clock reconvergence pessimism
                                            199.750000 ^ _222_/CLK (gf180mcu_fd_sc_mcu7t5v0__dffrnq_1)
                                 -1.249618  198.500381   library recovery time
                                            198.500381   data required time
---------------------------------------------------------------------------------------------
                                            198.500381   data required time
                                            -42.476692   data arrival time
---------------------------------------------------------------------------------------------
                                            156.023682   slack (MET)


Startpoint: rst_n (input port clocked by clk)
Endpoint: _223_ (recovery check against rising-edge clock clk)
Path Group: asynchronous
Path Type: max

Fanout         Cap        Slew       Delay        Time   Description
---------------------------------------------------------------------------------------------
                      0.150000    0.000000    0.000000   clock clk (rise edge)
                                  0.000000    0.000000   clock network delay (ideal)
                                 40.000000   40.000000 ^ input external delay
    41    0.296717    4.342389    2.476693   42.476692 ^ rst_n (in)
                                                         rst_n (net)
                      4.342389    0.000000   42.476692 ^ _223_/RN (gf180mcu_fd_sc_mcu7t5v0__dffrnq_1)
                                             42.476692   data arrival time

                      0.150000  200.000000  200.000000   clock clk (rise edge)
                                  0.000000  200.000000   clock network delay (ideal)
                                 -0.250000  199.750000   clock uncertainty
                                  0.000000  199.750000   clock reconvergence pessimism
                                            199.750000 ^ _223_/CLK (gf180mcu_fd_sc_mcu7t5v0__dffrnq_1)
                                 -1.249618  198.500381   library recovery time
                                            198.500381   data required time
---------------------------------------------------------------------------------------------
                                            198.500381   data required time
                                            -42.476692   data arrival time
---------------------------------------------------------------------------------------------
                                            156.023682   slack (MET)


Startpoint: rst_n (input port clocked by clk)
Endpoint: _224_ (recovery check against rising-edge clock clk)
Path Group: asynchronous
Path Type: max

Fanout         Cap        Slew       Delay        Time   Description
---------------------------------------------------------------------------------------------
                      0.150000    0.000000    0.000000   clock clk (rise edge)
                                  0.000000    0.000000   clock network delay (ideal)
                                 40.000000   40.000000 ^ input external delay
    41    0.296717    4.342389    2.476693   42.476692 ^ rst_n (in)
                                                         rst_n (net)
                      4.342389    0.000000   42.476692 ^ _224_/RN (gf180mcu_fd_sc_mcu7t5v0__dffrnq_1)
                                             42.476692   data arrival time

                      0.150000  200.000000  200.000000   clock clk (rise edge)
                                  0.000000  200.000000   clock network delay (ideal)
                                 -0.250000  199.750000   clock uncertainty
                                  0.000000  199.750000   clock reconvergence pessimism
                                            199.750000 ^ _224_/CLK (gf180mcu_fd_sc_mcu7t5v0__dffrnq_1)
                                 -1.249618  198.500381   library recovery time
                                            198.500381   data required time
---------------------------------------------------------------------------------------------
                                            198.500381   data required time
                                            -42.476692   data arrival time
---------------------------------------------------------------------------------------------
                                            156.023682   slack (MET)


Startpoint: rst_n (input port clocked by clk)
Endpoint: _225_ (recovery check against rising-edge clock clk)
Path Group: asynchronous
Path Type: max

Fanout         Cap        Slew       Delay        Time   Description
---------------------------------------------------------------------------------------------
                      0.150000    0.000000    0.000000   clock clk (rise edge)
                                  0.000000    0.000000   clock network delay (ideal)
                                 40.000000   40.000000 ^ input external delay
    41    0.296717    4.342389    2.476693   42.476692 ^ rst_n (in)
                                                         rst_n (net)
                      4.342389    0.000000   42.476692 ^ _225_/RN (gf180mcu_fd_sc_mcu7t5v0__dffrnq_1)
                                             42.476692   data arrival time

                      0.150000  200.000000  200.000000   clock clk (rise edge)
                                  0.000000  200.000000   clock network delay (ideal)
                                 -0.250000  199.750000   clock uncertainty
                                  0.000000  199.750000   clock reconvergence pessimism
                                            199.750000 ^ _225_/CLK (gf180mcu_fd_sc_mcu7t5v0__dffrnq_1)
                                 -1.249618  198.500381   library recovery time
                                            198.500381   data required time
---------------------------------------------------------------------------------------------
                                            198.500381   data required time
                                            -42.476692   data arrival time
---------------------------------------------------------------------------------------------
                                            156.023682   slack (MET)


Startpoint: rst_n (input port clocked by clk)
Endpoint: _226_ (recovery check against rising-edge clock clk)
Path Group: asynchronous
Path Type: max

Fanout         Cap        Slew       Delay        Time   Description
---------------------------------------------------------------------------------------------
                      0.150000    0.000000    0.000000   clock clk (rise edge)
                                  0.000000    0.000000   clock network delay (ideal)
                                 40.000000   40.000000 ^ input external delay
    41    0.296717    4.342389    2.476693   42.476692 ^ rst_n (in)
                                                         rst_n (net)
                      4.342389    0.000000   42.476692 ^ _226_/RN (gf180mcu_fd_sc_mcu7t5v0__dffrnq_1)
                                             42.476692   data arrival time

                      0.150000  200.000000  200.000000   clock clk (rise edge)
                                  0.000000  200.000000   clock network delay (ideal)
                                 -0.250000  199.750000   clock uncertainty
                                  0.000000  199.750000   clock reconvergence pessimism
                                            199.750000 ^ _226_/CLK (gf180mcu_fd_sc_mcu7t5v0__dffrnq_1)
                                 -1.249618  198.500381   library recovery time
                                            198.500381   data required time
---------------------------------------------------------------------------------------------
                                            198.500381   data required time
                                            -42.476692   data arrival time
---------------------------------------------------------------------------------------------
                                            156.023682   slack (MET)


Startpoint: rst_n (input port clocked by clk)
Endpoint: _227_ (recovery check against rising-edge clock clk)
Path Group: asynchronous
Path Type: max

Fanout         Cap        Slew       Delay        Time   Description
---------------------------------------------------------------------------------------------
                      0.150000    0.000000    0.000000   clock clk (rise edge)
                                  0.000000    0.000000   clock network delay (ideal)
                                 40.000000   40.000000 ^ input external delay
    41    0.296717    4.342389    2.476693   42.476692 ^ rst_n (in)
                                                         rst_n (net)
                      4.342389    0.000000   42.476692 ^ _227_/RN (gf180mcu_fd_sc_mcu7t5v0__dffrnq_1)
                                             42.476692   data arrival time

                      0.150000  200.000000  200.000000   clock clk (rise edge)
                                  0.000000  200.000000   clock network delay (ideal)
                                 -0.250000  199.750000   clock uncertainty
                                  0.000000  199.750000   clock reconvergence pessimism
                                            199.750000 ^ _227_/CLK (gf180mcu_fd_sc_mcu7t5v0__dffrnq_1)
                                 -1.249618  198.500381   library recovery time
                                            198.500381   data required time
---------------------------------------------------------------------------------------------
                                            198.500381   data required time
                                            -42.476692   data arrival time
---------------------------------------------------------------------------------------------
                                            156.023682   slack (MET)


Startpoint: rst_n (input port clocked by clk)
Endpoint: _228_ (recovery check against rising-edge clock clk)
Path Group: asynchronous
Path Type: max

Fanout         Cap        Slew       Delay        Time   Description
---------------------------------------------------------------------------------------------
                      0.150000    0.000000    0.000000   clock clk (rise edge)
                                  0.000000    0.000000   clock network delay (ideal)
                                 40.000000   40.000000 ^ input external delay
    41    0.296717    4.342389    2.476693   42.476692 ^ rst_n (in)
                                                         rst_n (net)
                      4.342389    0.000000   42.476692 ^ _228_/RN (gf180mcu_fd_sc_mcu7t5v0__dffrnq_1)
                                             42.476692   data arrival time

                      0.150000  200.000000  200.000000   clock clk (rise edge)
                                  0.000000  200.000000   clock network delay (ideal)
                                 -0.250000  199.750000   clock uncertainty
                                  0.000000  199.750000   clock reconvergence pessimism
                                            199.750000 ^ _228_/CLK (gf180mcu_fd_sc_mcu7t5v0__dffrnq_1)
                                 -1.249618  198.500381   library recovery time
                                            198.500381   data required time
---------------------------------------------------------------------------------------------
                                            198.500381   data required time
                                            -42.476692   data arrival time
---------------------------------------------------------------------------------------------
                                            156.023682   slack (MET)


Startpoint: rst_n (input port clocked by clk)
Endpoint: _229_ (recovery check against rising-edge clock clk)
Path Group: asynchronous
Path Type: max

Fanout         Cap        Slew       Delay        Time   Description
---------------------------------------------------------------------------------------------
                      0.150000    0.000000    0.000000   clock clk (rise edge)
                                  0.000000    0.000000   clock network delay (ideal)
                                 40.000000   40.000000 ^ input external delay
    41    0.296717    4.342389    2.476693   42.476692 ^ rst_n (in)
                                                         rst_n (net)
                      4.342389    0.000000   42.476692 ^ _229_/RN (gf180mcu_fd_sc_mcu7t5v0__dffrnq_1)
                                             42.476692   data arrival time

                      0.150000  200.000000  200.000000   clock clk (rise edge)
                                  0.000000  200.000000   clock network delay (ideal)
                                 -0.250000  199.750000   clock uncertainty
                                  0.000000  199.750000   clock reconvergence pessimism
                                            199.750000 ^ _229_/CLK (gf180mcu_fd_sc_mcu7t5v0__dffrnq_1)
                                 -1.249618  198.500381   library recovery time
                                            198.500381   data required time
---------------------------------------------------------------------------------------------
                                            198.500381   data required time
                                            -42.476692   data arrival time
---------------------------------------------------------------------------------------------
                                            156.023682   slack (MET)


Startpoint: rst_n (input port clocked by clk)
Endpoint: _230_ (recovery check against rising-edge clock clk)
Path Group: asynchronous
Path Type: max

Fanout         Cap        Slew       Delay        Time   Description
---------------------------------------------------------------------------------------------
                      0.150000    0.000000    0.000000   clock clk (rise edge)
                                  0.000000    0.000000   clock network delay (ideal)
                                 40.000000   40.000000 ^ input external delay
    41    0.296717    4.342389    2.476693   42.476692 ^ rst_n (in)
                                                         rst_n (net)
                      4.342389    0.000000   42.476692 ^ _230_/RN (gf180mcu_fd_sc_mcu7t5v0__dffrnq_1)
                                             42.476692   data arrival time

                      0.150000  200.000000  200.000000   clock clk (rise edge)
                                  0.000000  200.000000   clock network delay (ideal)
                                 -0.250000  199.750000   clock uncertainty
                                  0.000000  199.750000   clock reconvergence pessimism
                                            199.750000 ^ _230_/CLK (gf180mcu_fd_sc_mcu7t5v0__dffrnq_1)
                                 -1.249618  198.500381   library recovery time
                                            198.500381   data required time
---------------------------------------------------------------------------------------------
                                            198.500381   data required time
                                            -42.476692   data arrival time
---------------------------------------------------------------------------------------------
                                            156.023682   slack (MET)


Startpoint: rst_n (input port clocked by clk)
Endpoint: _231_ (recovery check against rising-edge clock clk)
Path Group: asynchronous
Path Type: max

Fanout         Cap        Slew       Delay        Time   Description
---------------------------------------------------------------------------------------------
                      0.150000    0.000000    0.000000   clock clk (rise edge)
                                  0.000000    0.000000   clock network delay (ideal)
                                 40.000000   40.000000 ^ input external delay
    41    0.296717    4.342389    2.476693   42.476692 ^ rst_n (in)
                                                         rst_n (net)
                      4.342389    0.000000   42.476692 ^ _231_/RN (gf180mcu_fd_sc_mcu7t5v0__dffrnq_1)
                                             42.476692   data arrival time

                      0.150000  200.000000  200.000000   clock clk (rise edge)
                                  0.000000  200.000000   clock network delay (ideal)
                                 -0.250000  199.750000   clock uncertainty
                                  0.000000  199.750000   clock reconvergence pessimism
                                            199.750000 ^ _231_/CLK (gf180mcu_fd_sc_mcu7t5v0__dffrnq_1)
                                 -1.249618  198.500381   library recovery time
                                            198.500381   data required time
---------------------------------------------------------------------------------------------
                                            198.500381   data required time
                                            -42.476692   data arrival time
---------------------------------------------------------------------------------------------
                                            156.023682   slack (MET)


Startpoint: rst_n (input port clocked by clk)
Endpoint: _232_ (recovery check against rising-edge clock clk)
Path Group: asynchronous
Path Type: max

Fanout         Cap        Slew       Delay        Time   Description
---------------------------------------------------------------------------------------------
                      0.150000    0.000000    0.000000   clock clk (rise edge)
                                  0.000000    0.000000   clock network delay (ideal)
                                 40.000000   40.000000 ^ input external delay
    41    0.296717    4.342389    2.476693   42.476692 ^ rst_n (in)
                                                         rst_n (net)
                      4.342389    0.000000   42.476692 ^ _232_/RN (gf180mcu_fd_sc_mcu7t5v0__dffrnq_1)
                                             42.476692   data arrival time

                      0.150000  200.000000  200.000000   clock clk (rise edge)
                                  0.000000  200.000000   clock network delay (ideal)
                                 -0.250000  199.750000   clock uncertainty
                                  0.000000  199.750000   clock reconvergence pessimism
                                            199.750000 ^ _232_/CLK (gf180mcu_fd_sc_mcu7t5v0__dffrnq_1)
                                 -1.249618  198.500381   library recovery time
                                            198.500381   data required time
---------------------------------------------------------------------------------------------
                                            198.500381   data required time
                                            -42.476692   data arrival time
---------------------------------------------------------------------------------------------
                                            156.023682   slack (MET)


Startpoint: rst_n (input port clocked by clk)
Endpoint: _233_ (recovery check against rising-edge clock clk)
Path Group: asynchronous
Path Type: max

Fanout         Cap        Slew       Delay        Time   Description
---------------------------------------------------------------------------------------------
                      0.150000    0.000000    0.000000   clock clk (rise edge)
                                  0.000000    0.000000   clock network delay (ideal)
                                 40.000000   40.000000 ^ input external delay
    41    0.296717    4.342389    2.476693   42.476692 ^ rst_n (in)
                                                         rst_n (net)
                      4.342389    0.000000   42.476692 ^ _233_/RN (gf180mcu_fd_sc_mcu7t5v0__dffrnq_1)
                                             42.476692   data arrival time

                      0.150000  200.000000  200.000000   clock clk (rise edge)
                                  0.000000  200.000000   clock network delay (ideal)
                                 -0.250000  199.750000   clock uncertainty
                                  0.000000  199.750000   clock reconvergence pessimism
                                            199.750000 ^ _233_/CLK (gf180mcu_fd_sc_mcu7t5v0__dffrnq_1)
                                 -1.249618  198.500381   library recovery time
                                            198.500381   data required time
---------------------------------------------------------------------------------------------
                                            198.500381   data required time
                                            -42.476692   data arrival time
---------------------------------------------------------------------------------------------
                                            156.023682   slack (MET)


Startpoint: rst_n (input port clocked by clk)
Endpoint: _234_ (recovery check against rising-edge clock clk)
Path Group: asynchronous
Path Type: max

Fanout         Cap        Slew       Delay        Time   Description
---------------------------------------------------------------------------------------------
                      0.150000    0.000000    0.000000   clock clk (rise edge)
                                  0.000000    0.000000   clock network delay (ideal)
                                 40.000000   40.000000 ^ input external delay
    41    0.296717    4.342389    2.476693   42.476692 ^ rst_n (in)
                                                         rst_n (net)
                      4.342389    0.000000   42.476692 ^ _234_/RN (gf180mcu_fd_sc_mcu7t5v0__dffrnq_1)
                                             42.476692   data arrival time

                      0.150000  200.000000  200.000000   clock clk (rise edge)
                                  0.000000  200.000000   clock network delay (ideal)
                                 -0.250000  199.750000   clock uncertainty
                                  0.000000  199.750000   clock reconvergence pessimism
                                            199.750000 ^ _234_/CLK (gf180mcu_fd_sc_mcu7t5v0__dffrnq_1)
                                 -1.249618  198.500381   library recovery time
                                            198.500381   data required time
---------------------------------------------------------------------------------------------
                                            198.500381   data required time
                                            -42.476692   data arrival time
---------------------------------------------------------------------------------------------
                                            156.023682   slack (MET)


Startpoint: rst_n (input port clocked by clk)
Endpoint: _235_ (recovery check against rising-edge clock clk)
Path Group: asynchronous
Path Type: max

Fanout         Cap        Slew       Delay        Time   Description
---------------------------------------------------------------------------------------------
                      0.150000    0.000000    0.000000   clock clk (rise edge)
                                  0.000000    0.000000   clock network delay (ideal)
                                 40.000000   40.000000 ^ input external delay
    41    0.296717    4.342389    2.476693   42.476692 ^ rst_n (in)
                                                         rst_n (net)
                      4.342389    0.000000   42.476692 ^ _235_/RN (gf180mcu_fd_sc_mcu7t5v0__dffrnq_1)
                                             42.476692   data arrival time

                      0.150000  200.000000  200.000000   clock clk (rise edge)
                                  0.000000  200.000000   clock network delay (ideal)
                                 -0.250000  199.750000   clock uncertainty
                                  0.000000  199.750000   clock reconvergence pessimism
                                            199.750000 ^ _235_/CLK (gf180mcu_fd_sc_mcu7t5v0__dffrnq_1)
                                 -1.249618  198.500381   library recovery time
                                            198.500381   data required time
---------------------------------------------------------------------------------------------
                                            198.500381   data required time
                                            -42.476692   data arrival time
---------------------------------------------------------------------------------------------
                                            156.023682   slack (MET)


Startpoint: rst_n (input port clocked by clk)
Endpoint: _236_ (recovery check against rising-edge clock clk)
Path Group: asynchronous
Path Type: max

Fanout         Cap        Slew       Delay        Time   Description
---------------------------------------------------------------------------------------------
                      0.150000    0.000000    0.000000   clock clk (rise edge)
                                  0.000000    0.000000   clock network delay (ideal)
                                 40.000000   40.000000 ^ input external delay
    41    0.296717    4.342389    2.476693   42.476692 ^ rst_n (in)
                                                         rst_n (net)
                      4.342389    0.000000   42.476692 ^ _236_/RN (gf180mcu_fd_sc_mcu7t5v0__dffrnq_1)
                                             42.476692   data arrival time

                      0.150000  200.000000  200.000000   clock clk (rise edge)
                                  0.000000  200.000000   clock network delay (ideal)
                                 -0.250000  199.750000   clock uncertainty
                                  0.000000  199.750000   clock reconvergence pessimism
                                            199.750000 ^ _236_/CLK (gf180mcu_fd_sc_mcu7t5v0__dffrnq_1)
                                 -1.249618  198.500381   library recovery time
                                            198.500381   data required time
---------------------------------------------------------------------------------------------
                                            198.500381   data required time
                                            -42.476692   data arrival time
---------------------------------------------------------------------------------------------
                                            156.023682   slack (MET)


Startpoint: rst_n (input port clocked by clk)
Endpoint: _237_ (recovery check against rising-edge clock clk)
Path Group: asynchronous
Path Type: max

Fanout         Cap        Slew       Delay        Time   Description
---------------------------------------------------------------------------------------------
                      0.150000    0.000000    0.000000   clock clk (rise edge)
                                  0.000000    0.000000   clock network delay (ideal)
                                 40.000000   40.000000 ^ input external delay
    41    0.296717    4.342389    2.476693   42.476692 ^ rst_n (in)
                                                         rst_n (net)
                      4.342389    0.000000   42.476692 ^ _237_/RN (gf180mcu_fd_sc_mcu7t5v0__dffrnq_1)
                                             42.476692   data arrival time

                      0.150000  200.000000  200.000000   clock clk (rise edge)
                                  0.000000  200.000000   clock network delay (ideal)
                                 -0.250000  199.750000   clock uncertainty
                                  0.000000  199.750000   clock reconvergence pessimism
                                            199.750000 ^ _237_/CLK (gf180mcu_fd_sc_mcu7t5v0__dffrnq_1)
                                 -1.249618  198.500381   library recovery time
                                            198.500381   data required time
---------------------------------------------------------------------------------------------
                                            198.500381   data required time
                                            -42.476692   data arrival time
---------------------------------------------------------------------------------------------
                                            156.023682   slack (MET)


Startpoint: rst_n (input port clocked by clk)
Endpoint: _238_ (recovery check against rising-edge clock clk)
Path Group: asynchronous
Path Type: max

Fanout         Cap        Slew       Delay        Time   Description
---------------------------------------------------------------------------------------------
                      0.150000    0.000000    0.000000   clock clk (rise edge)
                                  0.000000    0.000000   clock network delay (ideal)
                                 40.000000   40.000000 ^ input external delay
    41    0.296717    4.342389    2.476693   42.476692 ^ rst_n (in)
                                                         rst_n (net)
                      4.342389    0.000000   42.476692 ^ _238_/RN (gf180mcu_fd_sc_mcu7t5v0__dffrnq_1)
                                             42.476692   data arrival time

                      0.150000  200.000000  200.000000   clock clk (rise edge)
                                  0.000000  200.000000   clock network delay (ideal)
                                 -0.250000  199.750000   clock uncertainty
                                  0.000000  199.750000   clock reconvergence pessimism
                                            199.750000 ^ _238_/CLK (gf180mcu_fd_sc_mcu7t5v0__dffrnq_1)
                                 -1.249618  198.500381   library recovery time
                                            198.500381   data required time
---------------------------------------------------------------------------------------------
                                            198.500381   data required time
                                            -42.476692   data arrival time
---------------------------------------------------------------------------------------------
                                            156.023682   slack (MET)


Startpoint: rst_n (input port clocked by clk)
Endpoint: _239_ (recovery check against rising-edge clock clk)
Path Group: asynchronous
Path Type: max

Fanout         Cap        Slew       Delay        Time   Description
---------------------------------------------------------------------------------------------
                      0.150000    0.000000    0.000000   clock clk (rise edge)
                                  0.000000    0.000000   clock network delay (ideal)
                                 40.000000   40.000000 ^ input external delay
    41    0.296717    4.342389    2.476693   42.476692 ^ rst_n (in)
                                                         rst_n (net)
                      4.342389    0.000000   42.476692 ^ _239_/RN (gf180mcu_fd_sc_mcu7t5v0__dffrnq_1)
                                             42.476692   data arrival time

                      0.150000  200.000000  200.000000   clock clk (rise edge)
                                  0.000000  200.000000   clock network delay (ideal)
                                 -0.250000  199.750000   clock uncertainty
                                  0.000000  199.750000   clock reconvergence pessimism
                                            199.750000 ^ _239_/CLK (gf180mcu_fd_sc_mcu7t5v0__dffrnq_1)
                                 -1.249618  198.500381   library recovery time
                                            198.500381   data required time
---------------------------------------------------------------------------------------------
                                            198.500381   data required time
                                            -42.476692   data arrival time
---------------------------------------------------------------------------------------------
                                            156.023682   slack (MET)


Startpoint: rst_n (input port clocked by clk)
Endpoint: _240_ (recovery check against rising-edge clock clk)
Path Group: asynchronous
Path Type: max

Fanout         Cap        Slew       Delay        Time   Description
---------------------------------------------------------------------------------------------
                      0.150000    0.000000    0.000000   clock clk (rise edge)
                                  0.000000    0.000000   clock network delay (ideal)
                                 40.000000   40.000000 ^ input external delay
    41    0.296717    4.342389    2.476693   42.476692 ^ rst_n (in)
                                                         rst_n (net)
                      4.342389    0.000000   42.476692 ^ _240_/RN (gf180mcu_fd_sc_mcu7t5v0__dffrnq_1)
                                             42.476692   data arrival time

                      0.150000  200.000000  200.000000   clock clk (rise edge)
                                  0.000000  200.000000   clock network delay (ideal)
                                 -0.250000  199.750000   clock uncertainty
                                  0.000000  199.750000   clock reconvergence pessimism
                                            199.750000 ^ _240_/CLK (gf180mcu_fd_sc_mcu7t5v0__dffrnq_1)
                                 -1.249618  198.500381   library recovery time
                                            198.500381   data required time
---------------------------------------------------------------------------------------------
                                            198.500381   data required time
                                            -42.476692   data arrival time
---------------------------------------------------------------------------------------------
                                            156.023682   slack (MET)


Startpoint: rst_n (input port clocked by clk)
Endpoint: _241_ (recovery check against rising-edge clock clk)
Path Group: asynchronous
Path Type: max

Fanout         Cap        Slew       Delay        Time   Description
---------------------------------------------------------------------------------------------
                      0.150000    0.000000    0.000000   clock clk (rise edge)
                                  0.000000    0.000000   clock network delay (ideal)
                                 40.000000   40.000000 ^ input external delay
    41    0.296717    4.342389    2.476693   42.476692 ^ rst_n (in)
                                                         rst_n (net)
                      4.342389    0.000000   42.476692 ^ _241_/RN (gf180mcu_fd_sc_mcu7t5v0__dffrnq_1)
                                             42.476692   data arrival time

                      0.150000  200.000000  200.000000   clock clk (rise edge)
                                  0.000000  200.000000   clock network delay (ideal)
                                 -0.250000  199.750000   clock uncertainty
                                  0.000000  199.750000   clock reconvergence pessimism
                                            199.750000 ^ _241_/CLK (gf180mcu_fd_sc_mcu7t5v0__dffrnq_1)
                                 -1.249618  198.500381   library recovery time
                                            198.500381   data required time
---------------------------------------------------------------------------------------------
                                            198.500381   data required time
                                            -42.476692   data arrival time
---------------------------------------------------------------------------------------------
                                            156.023682   slack (MET)


Startpoint: rst_n (input port clocked by clk)
Endpoint: _242_ (recovery check against rising-edge clock clk)
Path Group: asynchronous
Path Type: max

Fanout         Cap        Slew       Delay        Time   Description
---------------------------------------------------------------------------------------------
                      0.150000    0.000000    0.000000   clock clk (rise edge)
                                  0.000000    0.000000   clock network delay (ideal)
                                 40.000000   40.000000 ^ input external delay
    41    0.296717    4.342389    2.476693   42.476692 ^ rst_n (in)
                                                         rst_n (net)
                      4.342389    0.000000   42.476692 ^ _242_/RN (gf180mcu_fd_sc_mcu7t5v0__dffrnq_1)
                                             42.476692   data arrival time

                      0.150000  200.000000  200.000000   clock clk (rise edge)
                                  0.000000  200.000000   clock network delay (ideal)
                                 -0.250000  199.750000   clock uncertainty
                                  0.000000  199.750000   clock reconvergence pessimism
                                            199.750000 ^ _242_/CLK (gf180mcu_fd_sc_mcu7t5v0__dffrnq_1)
                                 -1.249618  198.500381   library recovery time
                                            198.500381   data required time
---------------------------------------------------------------------------------------------
                                            198.500381   data required time
                                            -42.476692   data arrival time
---------------------------------------------------------------------------------------------
                                            156.023682   slack (MET)


Startpoint: rst_n (input port clocked by clk)
Endpoint: _243_ (recovery check against rising-edge clock clk)
Path Group: asynchronous
Path Type: max

Fanout         Cap        Slew       Delay        Time   Description
---------------------------------------------------------------------------------------------
                      0.150000    0.000000    0.000000   clock clk (rise edge)
                                  0.000000    0.000000   clock network delay (ideal)
                                 40.000000   40.000000 ^ input external delay
    41    0.296717    4.342389    2.476693   42.476692 ^ rst_n (in)
                                                         rst_n (net)
                      4.342389    0.000000   42.476692 ^ _243_/RN (gf180mcu_fd_sc_mcu7t5v0__dffrnq_1)
                                             42.476692   data arrival time

                      0.150000  200.000000  200.000000   clock clk (rise edge)
                                  0.000000  200.000000   clock network delay (ideal)
                                 -0.250000  199.750000   clock uncertainty
                                  0.000000  199.750000   clock reconvergence pessimism
                                            199.750000 ^ _243_/CLK (gf180mcu_fd_sc_mcu7t5v0__dffrnq_1)
                                 -1.249618  198.500381   library recovery time
                                            198.500381   data required time
---------------------------------------------------------------------------------------------
                                            198.500381   data required time
                                            -42.476692   data arrival time
---------------------------------------------------------------------------------------------
                                            156.023682   slack (MET)


Startpoint: rst_n (input port clocked by clk)
Endpoint: _244_ (recovery check against rising-edge clock clk)
Path Group: asynchronous
Path Type: max

Fanout         Cap        Slew       Delay        Time   Description
---------------------------------------------------------------------------------------------
                      0.150000    0.000000    0.000000   clock clk (rise edge)
                                  0.000000    0.000000   clock network delay (ideal)
                                 40.000000   40.000000 ^ input external delay
    41    0.296717    4.342389    2.476693   42.476692 ^ rst_n (in)
                                                         rst_n (net)
                      4.342389    0.000000   42.476692 ^ _244_/RN (gf180mcu_fd_sc_mcu7t5v0__dffrnq_1)
                                             42.476692   data arrival time

                      0.150000  200.000000  200.000000   clock clk (rise edge)
                                  0.000000  200.000000   clock network delay (ideal)
                                 -0.250000  199.750000   clock uncertainty
                                  0.000000  199.750000   clock reconvergence pessimism
                                            199.750000 ^ _244_/CLK (gf180mcu_fd_sc_mcu7t5v0__dffrnq_1)
                                 -1.249618  198.500381   library recovery time
                                            198.500381   data required time
---------------------------------------------------------------------------------------------
                                            198.500381   data required time
                                            -42.476692   data arrival time
---------------------------------------------------------------------------------------------
                                            156.023682   slack (MET)


Startpoint: rst_n (input port clocked by clk)
Endpoint: _245_ (recovery check against rising-edge clock clk)
Path Group: asynchronous
Path Type: max

Fanout         Cap        Slew       Delay        Time   Description
---------------------------------------------------------------------------------------------
                      0.150000    0.000000    0.000000   clock clk (rise edge)
                                  0.000000    0.000000   clock network delay (ideal)
                                 40.000000   40.000000 ^ input external delay
    41    0.296717    4.342389    2.476693   42.476692 ^ rst_n (in)
                                                         rst_n (net)
                      4.342389    0.000000   42.476692 ^ _245_/RN (gf180mcu_fd_sc_mcu7t5v0__dffrnq_1)
                                             42.476692   data arrival time

                      0.150000  200.000000  200.000000   clock clk (rise edge)
                                  0.000000  200.000000   clock network delay (ideal)
                                 -0.250000  199.750000   clock uncertainty
                                  0.000000  199.750000   clock reconvergence pessimism
                                            199.750000 ^ _245_/CLK (gf180mcu_fd_sc_mcu7t5v0__dffrnq_1)
                                 -1.249618  198.500381   library recovery time
                                            198.500381   data required time
---------------------------------------------------------------------------------------------
                                            198.500381   data required time
                                            -42.476692   data arrival time
---------------------------------------------------------------------------------------------
                                            156.023682   slack (MET)


Startpoint: rst_n (input port clocked by clk)
Endpoint: _246_ (recovery check against rising-edge clock clk)
Path Group: asynchronous
Path Type: max

Fanout         Cap        Slew       Delay        Time   Description
---------------------------------------------------------------------------------------------
                      0.150000    0.000000    0.000000   clock clk (rise edge)
                                  0.000000    0.000000   clock network delay (ideal)
                                 40.000000   40.000000 ^ input external delay
    41    0.296717    4.342389    2.476693   42.476692 ^ rst_n (in)
                                                         rst_n (net)
                      4.342389    0.000000   42.476692 ^ _246_/RN (gf180mcu_fd_sc_mcu7t5v0__dffrnq_1)
                                             42.476692   data arrival time

                      0.150000  200.000000  200.000000   clock clk (rise edge)
                                  0.000000  200.000000   clock network delay (ideal)
                                 -0.250000  199.750000   clock uncertainty
                                  0.000000  199.750000   clock reconvergence pessimism
                                            199.750000 ^ _246_/CLK (gf180mcu_fd_sc_mcu7t5v0__dffrnq_1)
                                 -1.249618  198.500381   library recovery time
                                            198.500381   data required time
---------------------------------------------------------------------------------------------
                                            198.500381   data required time
                                            -42.476692   data arrival time
---------------------------------------------------------------------------------------------
                                            156.023682   slack (MET)


Startpoint: rst_n (input port clocked by clk)
Endpoint: _247_ (recovery check against rising-edge clock clk)
Path Group: asynchronous
Path Type: max

Fanout         Cap        Slew       Delay        Time   Description
---------------------------------------------------------------------------------------------
                      0.150000    0.000000    0.000000   clock clk (rise edge)
                                  0.000000    0.000000   clock network delay (ideal)
                                 40.000000   40.000000 ^ input external delay
    41    0.296717    4.342389    2.476693   42.476692 ^ rst_n (in)
                                                         rst_n (net)
                      4.342389    0.000000   42.476692 ^ _247_/RN (gf180mcu_fd_sc_mcu7t5v0__dffrnq_1)
                                             42.476692   data arrival time

                      0.150000  200.000000  200.000000   clock clk (rise edge)
                                  0.000000  200.000000   clock network delay (ideal)
                                 -0.250000  199.750000   clock uncertainty
                                  0.000000  199.750000   clock reconvergence pessimism
                                            199.750000 ^ _247_/CLK (gf180mcu_fd_sc_mcu7t5v0__dffrnq_1)
                                 -1.249618  198.500381   library recovery time
                                            198.500381   data required time
---------------------------------------------------------------------------------------------
                                            198.500381   data required time
                                            -42.476692   data arrival time
---------------------------------------------------------------------------------------------
                                            156.023682   slack (MET)


Startpoint: rst_n (input port clocked by clk)
Endpoint: _248_ (recovery check against rising-edge clock clk)
Path Group: asynchronous
Path Type: max

Fanout         Cap        Slew       Delay        Time   Description
---------------------------------------------------------------------------------------------
                      0.150000    0.000000    0.000000   clock clk (rise edge)
                                  0.000000    0.000000   clock network delay (ideal)
                                 40.000000   40.000000 ^ input external delay
    41    0.296717    4.342389    2.476693   42.476692 ^ rst_n (in)
                                                         rst_n (net)
                      4.342389    0.000000   42.476692 ^ _248_/RN (gf180mcu_fd_sc_mcu7t5v0__dffrnq_1)
                                             42.476692   data arrival time

                      0.150000  200.000000  200.000000   clock clk (rise edge)
                                  0.000000  200.000000   clock network delay (ideal)
                                 -0.250000  199.750000   clock uncertainty
                                  0.000000  199.750000   clock reconvergence pessimism
                                            199.750000 ^ _248_/CLK (gf180mcu_fd_sc_mcu7t5v0__dffrnq_1)
                                 -1.249618  198.500381   library recovery time
                                            198.500381   data required time
---------------------------------------------------------------------------------------------
                                            198.500381   data required time
                                            -42.476692   data arrival time
---------------------------------------------------------------------------------------------
                                            156.023682   slack (MET)


Startpoint: rst_n (input port clocked by clk)
Endpoint: _249_ (recovery check against rising-edge clock clk)
Path Group: asynchronous
Path Type: max

Fanout         Cap        Slew       Delay        Time   Description
---------------------------------------------------------------------------------------------
                      0.150000    0.000000    0.000000   clock clk (rise edge)
                                  0.000000    0.000000   clock network delay (ideal)
                                 40.000000   40.000000 ^ input external delay
    41    0.296717    4.342389    2.476693   42.476692 ^ rst_n (in)
                                                         rst_n (net)
                      4.342389    0.000000   42.476692 ^ _249_/RN (gf180mcu_fd_sc_mcu7t5v0__dffrnq_1)
                                             42.476692   data arrival time

                      0.150000  200.000000  200.000000   clock clk (rise edge)
                                  0.000000  200.000000   clock network delay (ideal)
                                 -0.250000  199.750000   clock uncertainty
                                  0.000000  199.750000   clock reconvergence pessimism
                                            199.750000 ^ _249_/CLK (gf180mcu_fd_sc_mcu7t5v0__dffrnq_1)
                                 -1.249618  198.500381   library recovery time
                                            198.500381   data required time
---------------------------------------------------------------------------------------------
                                            198.500381   data required time
                                            -42.476692   data arrival time
---------------------------------------------------------------------------------------------
                                            156.023682   slack (MET)


Startpoint: rst_n (input port clocked by clk)
Endpoint: _250_ (recovery check against rising-edge clock clk)
Path Group: asynchronous
Path Type: max

Fanout         Cap        Slew       Delay        Time   Description
---------------------------------------------------------------------------------------------
                      0.150000    0.000000    0.000000   clock clk (rise edge)
                                  0.000000    0.000000   clock network delay (ideal)
                                 40.000000   40.000000 ^ input external delay
    41    0.296717    4.342389    2.476693   42.476692 ^ rst_n (in)
                                                         rst_n (net)
                      4.342389    0.000000   42.476692 ^ _250_/RN (gf180mcu_fd_sc_mcu7t5v0__dffrnq_1)
                                             42.476692   data arrival time

                      0.150000  200.000000  200.000000   clock clk (rise edge)
                                  0.000000  200.000000   clock network delay (ideal)
                                 -0.250000  199.750000   clock uncertainty
                                  0.000000  199.750000   clock reconvergence pessimism
                                            199.750000 ^ _250_/CLK (gf180mcu_fd_sc_mcu7t5v0__dffrnq_1)
                                 -1.249618  198.500381   library recovery time
                                            198.500381   data required time
---------------------------------------------------------------------------------------------
                                            198.500381   data required time
                                            -42.476692   data arrival time
---------------------------------------------------------------------------------------------
                                            156.023682   slack (MET)


Startpoint: rst_n (input port clocked by clk)
Endpoint: _251_ (recovery check against rising-edge clock clk)
Path Group: asynchronous
Path Type: max

Fanout         Cap        Slew       Delay        Time   Description
---------------------------------------------------------------------------------------------
                      0.150000    0.000000    0.000000   clock clk (rise edge)
                                  0.000000    0.000000   clock network delay (ideal)
                                 40.000000   40.000000 ^ input external delay
    41    0.296717    4.342389    2.476693   42.476692 ^ rst_n (in)
                                                         rst_n (net)
                      4.342389    0.000000   42.476692 ^ _251_/RN (gf180mcu_fd_sc_mcu7t5v0__dffrnq_1)
                                             42.476692   data arrival time

                      0.150000  200.000000  200.000000   clock clk (rise edge)
                                  0.000000  200.000000   clock network delay (ideal)
                                 -0.250000  199.750000   clock uncertainty
                                  0.000000  199.750000   clock reconvergence pessimism
                                            199.750000 ^ _251_/CLK (gf180mcu_fd_sc_mcu7t5v0__dffrnq_1)
                                 -1.249618  198.500381   library recovery time
                                            198.500381   data required time
---------------------------------------------------------------------------------------------
                                            198.500381   data required time
                                            -42.476692   data arrival time
---------------------------------------------------------------------------------------------
                                            156.023682   slack (MET)


Startpoint: rst_n (input port clocked by clk)
Endpoint: _252_ (recovery check against rising-edge clock clk)
Path Group: asynchronous
Path Type: max

Fanout         Cap        Slew       Delay        Time   Description
---------------------------------------------------------------------------------------------
                      0.150000    0.000000    0.000000   clock clk (rise edge)
                                  0.000000    0.000000   clock network delay (ideal)
                                 40.000000   40.000000 ^ input external delay
    41    0.296717    4.342389    2.476693   42.476692 ^ rst_n (in)
                                                         rst_n (net)
                      4.342389    0.000000   42.476692 ^ _252_/RN (gf180mcu_fd_sc_mcu7t5v0__dffrnq_1)
                                             42.476692   data arrival time

                      0.150000  200.000000  200.000000   clock clk (rise edge)
                                  0.000000  200.000000   clock network delay (ideal)
                                 -0.250000  199.750000   clock uncertainty
                                  0.000000  199.750000   clock reconvergence pessimism
                                            199.750000 ^ _252_/CLK (gf180mcu_fd_sc_mcu7t5v0__dffrnq_1)
                                 -1.249618  198.500381   library recovery time
                                            198.500381   data required time
---------------------------------------------------------------------------------------------
                                            198.500381   data required time
                                            -42.476692   data arrival time
---------------------------------------------------------------------------------------------
                                            156.023682   slack (MET)


Startpoint: rst_n (input port clocked by clk)
Endpoint: _253_ (recovery check against rising-edge clock clk)
Path Group: asynchronous
Path Type: max

Fanout         Cap        Slew       Delay        Time   Description
---------------------------------------------------------------------------------------------
                      0.150000    0.000000    0.000000   clock clk (rise edge)
                                  0.000000    0.000000   clock network delay (ideal)
                                 40.000000   40.000000 ^ input external delay
    41    0.296717    4.342389    2.476693   42.476692 ^ rst_n (in)
                                                         rst_n (net)
                      4.342389    0.000000   42.476692 ^ _253_/RN (gf180mcu_fd_sc_mcu7t5v0__dffrnq_1)
                                             42.476692   data arrival time

                      0.150000  200.000000  200.000000   clock clk (rise edge)
                                  0.000000  200.000000   clock network delay (ideal)
                                 -0.250000  199.750000   clock uncertainty
                                  0.000000  199.750000   clock reconvergence pessimism
                                            199.750000 ^ _253_/CLK (gf180mcu_fd_sc_mcu7t5v0__dffrnq_1)
                                 -1.249618  198.500381   library recovery time
                                            198.500381   data required time
---------------------------------------------------------------------------------------------
                                            198.500381   data required time
                                            -42.476692   data arrival time
---------------------------------------------------------------------------------------------
                                            156.023682   slack (MET)


Startpoint: rst_n (input port clocked by clk)
Endpoint: _254_ (recovery check against rising-edge clock clk)
Path Group: asynchronous
Path Type: max

Fanout         Cap        Slew       Delay        Time   Description
---------------------------------------------------------------------------------------------
                      0.150000    0.000000    0.000000   clock clk (rise edge)
                                  0.000000    0.000000   clock network delay (ideal)
                                 40.000000   40.000000 ^ input external delay
    41    0.296717    4.342389    2.476693   42.476692 ^ rst_n (in)
                                                         rst_n (net)
                      4.342389    0.000000   42.476692 ^ _254_/RN (gf180mcu_fd_sc_mcu7t5v0__dffrnq_1)
                                             42.476692   data arrival time

                      0.150000  200.000000  200.000000   clock clk (rise edge)
                                  0.000000  200.000000   clock network delay (ideal)
                                 -0.250000  199.750000   clock uncertainty
                                  0.000000  199.750000   clock reconvergence pessimism
                                            199.750000 ^ _254_/CLK (gf180mcu_fd_sc_mcu7t5v0__dffrnq_1)
                                 -1.249618  198.500381   library recovery time
                                            198.500381   data required time
---------------------------------------------------------------------------------------------
                                            198.500381   data required time
                                            -42.476692   data arrival time
---------------------------------------------------------------------------------------------
                                            156.023682   slack (MET)


Startpoint: rst_n (input port clocked by clk)
Endpoint: _255_ (recovery check against rising-edge clock clk)
Path Group: asynchronous
Path Type: max

Fanout         Cap        Slew       Delay        Time   Description
---------------------------------------------------------------------------------------------
                      0.150000    0.000000    0.000000   clock clk (rise edge)
                                  0.000000    0.000000   clock network delay (ideal)
                                 40.000000   40.000000 ^ input external delay
    41    0.296717    4.342389    2.476693   42.476692 ^ rst_n (in)
                                                         rst_n (net)
                      4.342389    0.000000   42.476692 ^ _255_/RN (gf180mcu_fd_sc_mcu7t5v0__dffrnq_1)
                                             42.476692   data arrival time

                      0.150000  200.000000  200.000000   clock clk (rise edge)
                                  0.000000  200.000000   clock network delay (ideal)
                                 -0.250000  199.750000   clock uncertainty
                                  0.000000  199.750000   clock reconvergence pessimism
                                            199.750000 ^ _255_/CLK (gf180mcu_fd_sc_mcu7t5v0__dffrnq_1)
                                 -1.249618  198.500381   library recovery time
                                            198.500381   data required time
---------------------------------------------------------------------------------------------
                                            198.500381   data required time
                                            -42.476692   data arrival time
---------------------------------------------------------------------------------------------
                                            156.023682   slack (MET)


Startpoint: rst_n (input port clocked by clk)
Endpoint: _256_ (recovery check against rising-edge clock clk)
Path Group: asynchronous
Path Type: max

Fanout         Cap        Slew       Delay        Time   Description
---------------------------------------------------------------------------------------------
                      0.150000    0.000000    0.000000   clock clk (rise edge)
                                  0.000000    0.000000   clock network delay (ideal)
                                 40.000000   40.000000 ^ input external delay
    41    0.296717    4.342389    2.476693   42.476692 ^ rst_n (in)
                                                         rst_n (net)
                      4.342389    0.000000   42.476692 ^ _256_/RN (gf180mcu_fd_sc_mcu7t5v0__dffrnq_1)
                                             42.476692   data arrival time

                      0.150000  200.000000  200.000000   clock clk (rise edge)
                                  0.000000  200.000000   clock network delay (ideal)
                                 -0.250000  199.750000   clock uncertainty
                                  0.000000  199.750000   clock reconvergence pessimism
                                            199.750000 ^ _256_/CLK (gf180mcu_fd_sc_mcu7t5v0__dffrnq_1)
                                 -1.249618  198.500381   library recovery time
                                            198.500381   data required time
---------------------------------------------------------------------------------------------
                                            198.500381   data required time
                                            -42.476692   data arrival time
---------------------------------------------------------------------------------------------
                                            156.023682   slack (MET)


Startpoint: soft_rst_n (input port clocked by clk)
Endpoint: _242_ (rising edge-triggered flip-flop clocked by clk)
Path Group: clk
Path Type: max

Fanout         Cap        Slew       Delay        Time   Description
---------------------------------------------------------------------------------------------
                      0.150000    0.000000    0.000000   clock clk (rise edge)
                                  0.000000    0.000000   clock network delay (ideal)
                                 40.000000   40.000000 ^ input external delay
    23    0.078948    1.187674    0.662151   40.662151 ^ soft_rst_n (in)
                                                         soft_rst_n (net)
                      1.187674    0.000000   40.662151 ^ _108_/I (gf180mcu_fd_sc_mcu7t5v0__clkinv_1)
     4    0.017900    0.467899    0.330846   40.993000 v _108_/ZN (gf180mcu_fd_sc_mcu7t5v0__clkinv_1)
                                                         _101_ (net)
                      0.467899    0.000000   40.993000 v _142_/A1 (gf180mcu_fd_sc_mcu7t5v0__nor2_1)
    11    0.049034    1.358336    0.896890   41.889889 ^ _142_/ZN (gf180mcu_fd_sc_mcu7t5v0__nor2_1)
                                                         _054_ (net)
                      1.358336    0.000000   41.889889 ^ _180_/A2 (gf180mcu_fd_sc_mcu7t5v0__nand2_1)
     3    0.013708    0.407336    0.196973   42.086861 v _180_/ZN (gf180mcu_fd_sc_mcu7t5v0__nand2_1)
                                                         _080_ (net)
                      0.407336    0.000000   42.086861 v _191_/A2 (gf180mcu_fd_sc_mcu7t5v0__oai31_1)
     1    0.003020    0.406055    0.346184   42.433044 ^ _191_/ZN (gf180mcu_fd_sc_mcu7t5v0__oai31_1)
                                                         _029_ (net)
                      0.406055    0.000000   42.433044 ^ _242_/D (gf180mcu_fd_sc_mcu7t5v0__dffrnq_1)
                                             42.433044   data arrival time

                      0.150000  200.000000  200.000000   clock clk (rise edge)
                                  0.000000  200.000000   clock network delay (ideal)
                                 -0.250000  199.750000   clock uncertainty
                                  0.000000  199.750000   clock reconvergence pessimism
                                            199.750000 ^ _242_/CLK (gf180mcu_fd_sc_mcu7t5v0__dffrnq_1)
                                 -0.285942  199.464066   library setup time
                                            199.464066   data required time
---------------------------------------------------------------------------------------------
                                            199.464066   data required time
                                            -42.433044   data arrival time
---------------------------------------------------------------------------------------------
                                            157.031021   slack (MET)


Startpoint: soft_rst_n (input port clocked by clk)
Endpoint: _240_ (rising edge-triggered flip-flop clocked by clk)
Path Group: clk
Path Type: max

Fanout         Cap        Slew       Delay        Time   Description
---------------------------------------------------------------------------------------------
                      0.150000    0.000000    0.000000   clock clk (rise edge)
                                  0.000000    0.000000   clock network delay (ideal)
                                 40.000000   40.000000 ^ input external delay
    23    0.078948    1.187674    0.662151   40.662151 ^ soft_rst_n (in)
                                                         soft_rst_n (net)
                      1.187674    0.000000   40.662151 ^ _108_/I (gf180mcu_fd_sc_mcu7t5v0__clkinv_1)
     4    0.017900    0.467899    0.330846   40.993000 v _108_/ZN (gf180mcu_fd_sc_mcu7t5v0__clkinv_1)
                                                         _101_ (net)
                      0.467899    0.000000   40.993000 v _142_/A1 (gf180mcu_fd_sc_mcu7t5v0__nor2_1)
    11    0.049034    1.358336    0.896890   41.889889 ^ _142_/ZN (gf180mcu_fd_sc_mcu7t5v0__nor2_1)
                                                         _054_ (net)
                      1.358336    0.000000   41.889889 ^ _180_/A2 (gf180mcu_fd_sc_mcu7t5v0__nand2_1)
     3    0.013708    0.407336    0.196973   42.086861 v _180_/ZN (gf180mcu_fd_sc_mcu7t5v0__nand2_1)
                                                         _080_ (net)
                      0.407336    0.000000   42.086861 v _183_/B1 (gf180mcu_fd_sc_mcu7t5v0__oai22_1)
     1    0.003020    0.405741    0.340400   42.427261 ^ _183_/ZN (gf180mcu_fd_sc_mcu7t5v0__oai22_1)
                                                         _027_ (net)
                      0.405741    0.000000   42.427261 ^ _240_/D (gf180mcu_fd_sc_mcu7t5v0__dffrnq_1)
                                             42.427261   data arrival time

                      0.150000  200.000000  200.000000   clock clk (rise edge)
                                  0.000000  200.000000   clock network delay (ideal)
                                 -0.250000  199.750000   clock uncertainty
                                  0.000000  199.750000   clock reconvergence pessimism
                                            199.750000 ^ _240_/CLK (gf180mcu_fd_sc_mcu7t5v0__dffrnq_1)
                                 -0.285888  199.464096   library setup time
                                            199.464096   data required time
---------------------------------------------------------------------------------------------
                                            199.464096   data required time
                                            -42.427261   data arrival time
---------------------------------------------------------------------------------------------
                                            157.036835   slack (MET)


Startpoint: soft_rst_n (input port clocked by clk)
Endpoint: _239_ (rising edge-triggered flip-flop clocked by clk)
Path Group: clk
Path Type: max

Fanout         Cap        Slew       Delay        Time   Description
---------------------------------------------------------------------------------------------
                      0.150000    0.000000    0.000000   clock clk (rise edge)
                                  0.000000    0.000000   clock network delay (ideal)
                                 40.000000   40.000000 ^ input external delay
    23    0.078948    1.187674    0.662151   40.662151 ^ soft_rst_n (in)
                                                         soft_rst_n (net)
                      1.187674    0.000000   40.662151 ^ _108_/I (gf180mcu_fd_sc_mcu7t5v0__clkinv_1)
     4    0.017900    0.467899    0.330846   40.993000 v _108_/ZN (gf180mcu_fd_sc_mcu7t5v0__clkinv_1)
                                                         _101_ (net)
                      0.467899    0.000000   40.993000 v _142_/A1 (gf180mcu_fd_sc_mcu7t5v0__nor2_1)
    11    0.049034    1.358336    0.896890   41.889889 ^ _142_/ZN (gf180mcu_fd_sc_mcu7t5v0__nor2_1)
                                                         _054_ (net)
                      1.358336    0.000000   41.889889 ^ _180_/A2 (gf180mcu_fd_sc_mcu7t5v0__nand2_1)
     3    0.013708    0.407336    0.196973   42.086861 v _180_/ZN (gf180mcu_fd_sc_mcu7t5v0__nand2_1)
                                                         _080_ (net)
                      0.407336    0.000000   42.086861 v _181_/A2 (gf180mcu_fd_sc_mcu7t5v0__oai21_1)
     1    0.003020    0.245701    0.215358   42.302219 ^ _181_/ZN (gf180mcu_fd_sc_mcu7t5v0__oai21_1)
                                                         _026_ (net)
                      0.245701    0.000000   42.302219 ^ _239_/D (gf180mcu_fd_sc_mcu7t5v0__dffrnq_1)
                                             42.302219   data arrival time

                      0.150000  200.000000  200.000000   clock clk (rise edge)
                                  0.000000  200.000000   clock network delay (ideal)
                                 -0.250000  199.750000   clock uncertainty
                                  0.000000  199.750000   clock reconvergence pessimism
                                            199.750000 ^ _239_/CLK (gf180mcu_fd_sc_mcu7t5v0__dffrnq_1)
                                 -0.258502  199.491501   library setup time
                                            199.491501   data required time
---------------------------------------------------------------------------------------------
                                            199.491501   data required time
                                            -42.302219   data arrival time
---------------------------------------------------------------------------------------------
                                            157.189285   slack (MET)


Startpoint: soft_rst_n (input port clocked by clk)
Endpoint: _241_ (rising edge-triggered flip-flop clocked by clk)
Path Group: clk
Path Type: max

Fanout         Cap        Slew       Delay        Time   Description
---------------------------------------------------------------------------------------------
                      0.150000    0.000000    0.000000   clock clk (rise edge)
                                  0.000000    0.000000   clock network delay (ideal)
                                 40.000000   40.000000 ^ input external delay
    23    0.078948    1.187674    0.662151   40.662151 ^ soft_rst_n (in)
                                                         soft_rst_n (net)
                      1.187674    0.000000   40.662151 ^ _108_/I (gf180mcu_fd_sc_mcu7t5v0__clkinv_1)
     4    0.017900    0.467899    0.330846   40.993000 v _108_/ZN (gf180mcu_fd_sc_mcu7t5v0__clkinv_1)
                                                         _101_ (net)
                      0.467899    0.000000   40.993000 v _142_/A1 (gf180mcu_fd_sc_mcu7t5v0__nor2_1)
    11    0.049034    1.358336    0.896890   41.889889 ^ _142_/ZN (gf180mcu_fd_sc_mcu7t5v0__nor2_1)
                                                         _054_ (net)
                      1.358336    0.000000   41.889889 ^ _186_/A1 (gf180mcu_fd_sc_mcu7t5v0__nand2_1)
     1    0.004762    0.315928    0.118273   42.008163 v _186_/ZN (gf180mcu_fd_sc_mcu7t5v0__nand2_1)
                                                         _084_ (net)
                      0.315928    0.000000   42.008163 v _189_/A2 (gf180mcu_fd_sc_mcu7t5v0__aoi22_1)
     1    0.003020    0.295634    0.260233   42.268394 ^ _189_/ZN (gf180mcu_fd_sc_mcu7t5v0__aoi22_1)
                                                         _028_ (net)
                      0.295634    0.000000   42.268394 ^ _241_/D (gf180mcu_fd_sc_mcu7t5v0__dffrnq_1)
                                             42.268394   data arrival time

                      0.150000  200.000000  200.000000   clock clk (rise edge)
                                  0.000000  200.000000   clock network delay (ideal)
                                 -0.250000  199.750000   clock uncertainty
                                  0.000000  199.750000   clock reconvergence pessimism
                                            199.750000 ^ _241_/CLK (gf180mcu_fd_sc_mcu7t5v0__dffrnq_1)
                                 -0.267047  199.482941   library setup time
                                            199.482941   data required time
---------------------------------------------------------------------------------------------
                                            199.482941   data required time
                                            -42.268394   data arrival time
---------------------------------------------------------------------------------------------
                                            157.214554   slack (MET)


Startpoint: soft_rst_n (input port clocked by clk)
Endpoint: _217_ (rising edge-triggered flip-flop clocked by clk)
Path Group: clk
Path Type: max

Fanout         Cap        Slew       Delay        Time   Description
---------------------------------------------------------------------------------------------
                      0.150000    0.000000    0.000000   clock clk (rise edge)
                                  0.000000    0.000000   clock network delay (ideal)
                                 40.000000   40.000000 ^ input external delay
    23    0.078948    1.187674    0.662151   40.662151 ^ soft_rst_n (in)
                                                         soft_rst_n (net)
                      1.187674    0.000000   40.662151 ^ _108_/I (gf180mcu_fd_sc_mcu7t5v0__clkinv_1)
     4    0.017900    0.467899    0.330846   40.993000 v _108_/ZN (gf180mcu_fd_sc_mcu7t5v0__clkinv_1)
                                                         _101_ (net)
                      0.467899    0.000000   40.993000 v _142_/A1 (gf180mcu_fd_sc_mcu7t5v0__nor2_1)
    11    0.049034    1.358336    0.896890   41.889889 ^ _142_/ZN (gf180mcu_fd_sc_mcu7t5v0__nor2_1)
                                                         _054_ (net)
                      1.358336    0.000000   41.889889 ^ _197_/A2 (gf180mcu_fd_sc_mcu7t5v0__nand2_1)
     1    0.004677    0.297675    0.077712   41.967602 v _197_/ZN (gf180mcu_fd_sc_mcu7t5v0__nand2_1)
                                                         _092_ (net)
                      0.297675    0.000000   41.967602 v _198_/B (gf180mcu_fd_sc_mcu7t5v0__oai21_1)
     1    0.003020    0.283480    0.214332   42.181931 ^ _198_/ZN (gf180mcu_fd_sc_mcu7t5v0__oai21_1)
                                                         _031_ (net)
                      0.283480    0.000000   42.181931 ^ _217_/D (gf180mcu_fd_sc_mcu7t5v0__dffrnq_1)
                                             42.181931   data arrival time

                      0.150000  200.000000  200.000000   clock clk (rise edge)
                                  0.000000  200.000000   clock network delay (ideal)
                                 -0.250000  199.750000   clock uncertainty
                                  0.000000  199.750000   clock reconvergence pessimism
                                            199.750000 ^ _217_/CLK (gf180mcu_fd_sc_mcu7t5v0__dffrnq_1)
                                 -0.264967  199.485031   library setup time
                                            199.485031   data required time
---------------------------------------------------------------------------------------------
                                            199.485031   data required time
                                            -42.181931   data arrival time
---------------------------------------------------------------------------------------------
                                            157.303116   slack (MET)


Startpoint: soft_rst_n (input port clocked by clk)
Endpoint: _221_ (rising edge-triggered flip-flop clocked by clk)
Path Group: clk
Path Type: max

Fanout         Cap        Slew       Delay        Time   Description
---------------------------------------------------------------------------------------------
                      0.150000    0.000000    0.000000   clock clk (rise edge)
                                  0.000000    0.000000   clock network delay (ideal)
                                 40.000000   40.000000 ^ input external delay
    23    0.078948    1.187674    0.662151   40.662151 ^ soft_rst_n (in)
                                                         soft_rst_n (net)
                      1.187674    0.000000   40.662151 ^ _108_/I (gf180mcu_fd_sc_mcu7t5v0__clkinv_1)
     4    0.017900    0.467899    0.330846   40.993000 v _108_/ZN (gf180mcu_fd_sc_mcu7t5v0__clkinv_1)
                                                         _101_ (net)
                      0.467899    0.000000   40.993000 v _142_/A1 (gf180mcu_fd_sc_mcu7t5v0__nor2_1)
    11    0.049034    1.358336    0.896890   41.889889 ^ _142_/ZN (gf180mcu_fd_sc_mcu7t5v0__nor2_1)
                                                         _054_ (net)
                      1.358336    0.000000   41.889889 ^ _204_/A2 (gf180mcu_fd_sc_mcu7t5v0__nand2_1)
     1    0.004677    0.297675    0.077712   41.967602 v _204_/ZN (gf180mcu_fd_sc_mcu7t5v0__nand2_1)
                                                         _095_ (net)
                      0.297675    0.000000   41.967602 v _205_/B (gf180mcu_fd_sc_mcu7t5v0__oai21_1)
     1    0.003020    0.283480    0.214332   42.181931 ^ _205_/ZN (gf180mcu_fd_sc_mcu7t5v0__oai21_1)
                                                         _035_ (net)
                      0.283480    0.000000   42.181931 ^ _221_/D (gf180mcu_fd_sc_mcu7t5v0__dffrnq_1)
                                             42.181931   data arrival time

                      0.150000  200.000000  200.000000   clock clk (rise edge)
                                  0.000000  200.000000   clock network delay (ideal)
                                 -0.250000  199.750000   clock uncertainty
                                  0.000000  199.750000   clock reconvergence pessimism
                                            199.750000 ^ _221_/CLK (gf180mcu_fd_sc_mcu7t5v0__dffrnq_1)
                                 -0.264967  199.485031   library setup time
                                            199.485031   data required time
---------------------------------------------------------------------------------------------
                                            199.485031   data required time
                                            -42.181931   data arrival time
---------------------------------------------------------------------------------------------
                                            157.303116   slack (MET)


Startpoint: soft_rst_n (input port clocked by clk)
Endpoint: _222_ (rising edge-triggered flip-flop clocked by clk)
Path Group: clk
Path Type: max

Fanout         Cap        Slew       Delay        Time   Description
---------------------------------------------------------------------------------------------
                      0.150000    0.000000    0.000000   clock clk (rise edge)
                                  0.000000    0.000000   clock network delay (ideal)
                                 40.000000   40.000000 ^ input external delay
    23    0.078948    1.187674    0.662151   40.662151 ^ soft_rst_n (in)
                                                         soft_rst_n (net)
                      1.187674    0.000000   40.662151 ^ _108_/I (gf180mcu_fd_sc_mcu7t5v0__clkinv_1)
     4    0.017900    0.467899    0.330846   40.993000 v _108_/ZN (gf180mcu_fd_sc_mcu7t5v0__clkinv_1)
                                                         _101_ (net)
                      0.467899    0.000000   40.993000 v _142_/A1 (gf180mcu_fd_sc_mcu7t5v0__nor2_1)
    11    0.049034    1.358336    0.896890   41.889889 ^ _142_/ZN (gf180mcu_fd_sc_mcu7t5v0__nor2_1)
                                                         _054_ (net)
                      1.358336    0.000000   41.889889 ^ _206_/A2 (gf180mcu_fd_sc_mcu7t5v0__nand2_1)
     1    0.004677    0.297675    0.077712   41.967602 v _206_/ZN (gf180mcu_fd_sc_mcu7t5v0__nand2_1)
                                                         _096_ (net)
                      0.297675    0.000000   41.967602 v _207_/B (gf180mcu_fd_sc_mcu7t5v0__oai21_1)
     1    0.003020    0.283480    0.214332   42.181931 ^ _207_/ZN (gf180mcu_fd_sc_mcu7t5v0__oai21_1)
                                                         _036_ (net)
                      0.283480    0.000000   42.181931 ^ _222_/D (gf180mcu_fd_sc_mcu7t5v0__dffrnq_1)
                                             42.181931   data arrival time

                      0.150000  200.000000  200.000000   clock clk (rise edge)
                                  0.000000  200.000000   clock network delay (ideal)
                                 -0.250000  199.750000   clock uncertainty
                                  0.000000  199.750000   clock reconvergence pessimism
                                            199.750000 ^ _222_/CLK (gf180mcu_fd_sc_mcu7t5v0__dffrnq_1)
                                 -0.264967  199.485031   library setup time
                                            199.485031   data required time
---------------------------------------------------------------------------------------------
                                            199.485031   data required time
                                            -42.181931   data arrival time
---------------------------------------------------------------------------------------------
                                            157.303116   slack (MET)


Startpoint: soft_rst_n (input port clocked by clk)
Endpoint: _223_ (rising edge-triggered flip-flop clocked by clk)
Path Group: clk
Path Type: max

Fanout         Cap        Slew       Delay        Time   Description
---------------------------------------------------------------------------------------------
                      0.150000    0.000000    0.000000   clock clk (rise edge)
                                  0.000000    0.000000   clock network delay (ideal)
                                 40.000000   40.000000 ^ input external delay
    23    0.078948    1.187674    0.662151   40.662151 ^ soft_rst_n (in)
                                                         soft_rst_n (net)
                      1.187674    0.000000   40.662151 ^ _108_/I (gf180mcu_fd_sc_mcu7t5v0__clkinv_1)
     4    0.017900    0.467899    0.330846   40.993000 v _108_/ZN (gf180mcu_fd_sc_mcu7t5v0__clkinv_1)
                                                         _101_ (net)
                      0.467899    0.000000   40.993000 v _142_/A1 (gf180mcu_fd_sc_mcu7t5v0__nor2_1)
    11    0.049034    1.358336    0.896890   41.889889 ^ _142_/ZN (gf180mcu_fd_sc_mcu7t5v0__nor2_1)
                                                         _054_ (net)
                      1.358336    0.000000   41.889889 ^ _208_/A2 (gf180mcu_fd_sc_mcu7t5v0__nand2_1)
     1    0.004677    0.297675    0.077712   41.967602 v _208_/ZN (gf180mcu_fd_sc_mcu7t5v0__nand2_1)
                                                         _097_ (net)
                      0.297675    0.000000   41.967602 v _209_/B (gf180mcu_fd_sc_mcu7t5v0__oai21_1)
     1    0.003020    0.283480    0.214332   42.181931 ^ _209_/ZN (gf180mcu_fd_sc_mcu7t5v0__oai21_1)
                                                         _037_ (net)
                      0.283480    0.000000   42.181931 ^ _223_/D (gf180mcu_fd_sc_mcu7t5v0__dffrnq_1)
                                             42.181931   data arrival time

                      0.150000  200.000000  200.000000   clock clk (rise edge)
                                  0.000000  200.000000   clock network delay (ideal)
                                 -0.250000  199.750000   clock uncertainty
                                  0.000000  199.750000   clock reconvergence pessimism
                                            199.750000 ^ _223_/CLK (gf180mcu_fd_sc_mcu7t5v0__dffrnq_1)
                                 -0.264967  199.485031   library setup time
                                            199.485031   data required time
---------------------------------------------------------------------------------------------
                                            199.485031   data required time
                                            -42.181931   data arrival time
---------------------------------------------------------------------------------------------
                                            157.303116   slack (MET)


Startpoint: soft_rst_n (input port clocked by clk)
Endpoint: _224_ (rising edge-triggered flip-flop clocked by clk)
Path Group: clk
Path Type: max

Fanout         Cap        Slew       Delay        Time   Description
---------------------------------------------------------------------------------------------
                      0.150000    0.000000    0.000000   clock clk (rise edge)
                                  0.000000    0.000000   clock network delay (ideal)
                                 40.000000   40.000000 ^ input external delay
    23    0.078948    1.187674    0.662151   40.662151 ^ soft_rst_n (in)
                                                         soft_rst_n (net)
                      1.187674    0.000000   40.662151 ^ _108_/I (gf180mcu_fd_sc_mcu7t5v0__clkinv_1)
     4    0.017900    0.467899    0.330846   40.993000 v _108_/ZN (gf180mcu_fd_sc_mcu7t5v0__clkinv_1)
                                                         _101_ (net)
                      0.467899    0.000000   40.993000 v _142_/A1 (gf180mcu_fd_sc_mcu7t5v0__nor2_1)
    11    0.049034    1.358336    0.896890   41.889889 ^ _142_/ZN (gf180mcu_fd_sc_mcu7t5v0__nor2_1)
                                                         _054_ (net)
                      1.358336    0.000000   41.889889 ^ _210_/A2 (gf180mcu_fd_sc_mcu7t5v0__nand2_1)
     1    0.004677    0.297675    0.077712   41.967602 v _210_/ZN (gf180mcu_fd_sc_mcu7t5v0__nand2_1)
                                                         _098_ (net)
                      0.297675    0.000000   41.967602 v _211_/B (gf180mcu_fd_sc_mcu7t5v0__oai21_1)
     1    0.003020    0.283480    0.214332   42.181931 ^ _211_/ZN (gf180mcu_fd_sc_mcu7t5v0__oai21_1)
                                                         _038_ (net)
                      0.283480    0.000000   42.181931 ^ _224_/D (gf180mcu_fd_sc_mcu7t5v0__dffrnq_1)
                                             42.181931   data arrival time

                      0.150000  200.000000  200.000000   clock clk (rise edge)
                                  0.000000  200.000000   clock network delay (ideal)
                                 -0.250000  199.750000   clock uncertainty
                                  0.000000  199.750000   clock reconvergence pessimism
                                            199.750000 ^ _224_/CLK (gf180mcu_fd_sc_mcu7t5v0__dffrnq_1)
                                 -0.264967  199.485031   library setup time
                                            199.485031   data required time
---------------------------------------------------------------------------------------------
                                            199.485031   data required time
                                            -42.181931   data arrival time
---------------------------------------------------------------------------------------------
                                            157.303116   slack (MET)


Startpoint: soft_rst_n (input port clocked by clk)
Endpoint: _225_ (rising edge-triggered flip-flop clocked by clk)
Path Group: clk
Path Type: max

Fanout         Cap        Slew       Delay        Time   Description
---------------------------------------------------------------------------------------------
                      0.150000    0.000000    0.000000   clock clk (rise edge)
                                  0.000000    0.000000   clock network delay (ideal)
                                 40.000000   40.000000 ^ input external delay
    23    0.078948    1.187674    0.662151   40.662151 ^ soft_rst_n (in)
                                                         soft_rst_n (net)
                      1.187674    0.000000   40.662151 ^ _108_/I (gf180mcu_fd_sc_mcu7t5v0__clkinv_1)
     4    0.017900    0.467899    0.330846   40.993000 v _108_/ZN (gf180mcu_fd_sc_mcu7t5v0__clkinv_1)
                                                         _101_ (net)
                      0.467899    0.000000   40.993000 v _142_/A1 (gf180mcu_fd_sc_mcu7t5v0__nor2_1)
    11    0.049034    1.358336    0.896890   41.889889 ^ _142_/ZN (gf180mcu_fd_sc_mcu7t5v0__nor2_1)
                                                         _054_ (net)
                      1.358336    0.000000   41.889889 ^ _212_/A2 (gf180mcu_fd_sc_mcu7t5v0__nand2_1)
     1    0.004677    0.297675    0.077712   41.967602 v _212_/ZN (gf180mcu_fd_sc_mcu7t5v0__nand2_1)
                                                         _099_ (net)
                      0.297675    0.000000   41.967602 v _213_/B (gf180mcu_fd_sc_mcu7t5v0__oai21_1)
     1    0.003020    0.283480    0.214332   42.181931 ^ _213_/ZN (gf180mcu_fd_sc_mcu7t5v0__oai21_1)
                                                         _039_ (net)
                      0.283480    0.000000   42.181931 ^ _225_/D (gf180mcu_fd_sc_mcu7t5v0__dffrnq_1)
                                             42.181931   data arrival time

                      0.150000  200.000000  200.000000   clock clk (rise edge)
                                  0.000000  200.000000   clock network delay (ideal)
                                 -0.250000  199.750000   clock uncertainty
                                  0.000000  199.750000   clock reconvergence pessimism
                                            199.750000 ^ _225_/CLK (gf180mcu_fd_sc_mcu7t5v0__dffrnq_1)
                                 -0.264967  199.485031   library setup time
                                            199.485031   data required time
---------------------------------------------------------------------------------------------
                                            199.485031   data required time
                                            -42.181931   data arrival time
---------------------------------------------------------------------------------------------
                                            157.303116   slack (MET)


Startpoint: soft_rst_n (input port clocked by clk)
Endpoint: _226_ (rising edge-triggered flip-flop clocked by clk)
Path Group: clk
Path Type: max

Fanout         Cap        Slew       Delay        Time   Description
---------------------------------------------------------------------------------------------
                      0.150000    0.000000    0.000000   clock clk (rise edge)
                                  0.000000    0.000000   clock network delay (ideal)
                                 40.000000   40.000000 ^ input external delay
    23    0.078948    1.187674    0.662151   40.662151 ^ soft_rst_n (in)
                                                         soft_rst_n (net)
                      1.187674    0.000000   40.662151 ^ _108_/I (gf180mcu_fd_sc_mcu7t5v0__clkinv_1)
     4    0.017900    0.467899    0.330846   40.993000 v _108_/ZN (gf180mcu_fd_sc_mcu7t5v0__clkinv_1)
                                                         _101_ (net)
                      0.467899    0.000000   40.993000 v _142_/A1 (gf180mcu_fd_sc_mcu7t5v0__nor2_1)
    11    0.049034    1.358336    0.896890   41.889889 ^ _142_/ZN (gf180mcu_fd_sc_mcu7t5v0__nor2_1)
                                                         _054_ (net)
                      1.358336    0.000000   41.889889 ^ _214_/A2 (gf180mcu_fd_sc_mcu7t5v0__nand2_1)
     1    0.004677    0.297675    0.077712   41.967602 v _214_/ZN (gf180mcu_fd_sc_mcu7t5v0__nand2_1)
                                                         _100_ (net)
                      0.297675    0.000000   41.967602 v _215_/B (gf180mcu_fd_sc_mcu7t5v0__oai21_1)
     1    0.003020    0.283480    0.214332   42.181931 ^ _215_/ZN (gf180mcu_fd_sc_mcu7t5v0__oai21_1)
                                                         _040_ (net)
                      0.283480    0.000000   42.181931 ^ _226_/D (gf180mcu_fd_sc_mcu7t5v0__dffrnq_1)
                                             42.181931   data arrival time

                      0.150000  200.000000  200.000000   clock clk (rise edge)
                                  0.000000  200.000000   clock network delay (ideal)
                                 -0.250000  199.750000   clock uncertainty
                                  0.000000  199.750000   clock reconvergence pessimism
                                            199.750000 ^ _226_/CLK (gf180mcu_fd_sc_mcu7t5v0__dffrnq_1)
                                 -0.264967  199.485031   library setup time
                                            199.485031   data required time
---------------------------------------------------------------------------------------------
                                            199.485031   data required time
                                            -42.181931   data arrival time
---------------------------------------------------------------------------------------------
                                            157.303116   slack (MET)


Startpoint: soft_rst_n (input port clocked by clk)
Endpoint: _227_ (rising edge-triggered flip-flop clocked by clk)
Path Group: clk
Path Type: max

Fanout         Cap        Slew       Delay        Time   Description
---------------------------------------------------------------------------------------------
                      0.150000    0.000000    0.000000   clock clk (rise edge)
                                  0.000000    0.000000   clock network delay (ideal)
                                 40.000000   40.000000 ^ input external delay
    23    0.078948    1.187674    0.662151   40.662151 ^ soft_rst_n (in)
                                                         soft_rst_n (net)
                      1.187674    0.000000   40.662151 ^ _108_/I (gf180mcu_fd_sc_mcu7t5v0__clkinv_1)
     4    0.017900    0.467899    0.330846   40.993000 v _108_/ZN (gf180mcu_fd_sc_mcu7t5v0__clkinv_1)
                                                         _101_ (net)
                      0.467899    0.000000   40.993000 v _142_/A1 (gf180mcu_fd_sc_mcu7t5v0__nor2_1)
    11    0.049034    1.358336    0.896890   41.889889 ^ _142_/ZN (gf180mcu_fd_sc_mcu7t5v0__nor2_1)
                                                         _054_ (net)
                      1.358336    0.000000   41.889889 ^ _144_/A2 (gf180mcu_fd_sc_mcu7t5v0__nand2_1)
     1    0.004677    0.297675    0.077712   41.967602 v _144_/ZN (gf180mcu_fd_sc_mcu7t5v0__nand2_1)
                                                         _056_ (net)
                      0.297675    0.000000   41.967602 v _145_/B (gf180mcu_fd_sc_mcu7t5v0__oai21_1)
     1    0.003020    0.283480    0.214332   42.181931 ^ _145_/ZN (gf180mcu_fd_sc_mcu7t5v0__oai21_1)
                                                         _014_ (net)
                      0.283480    0.000000   42.181931 ^ _227_/D (gf180mcu_fd_sc_mcu7t5v0__dffrnq_1)
                                             42.181931   data arrival time

                      0.150000  200.000000  200.000000   clock clk (rise edge)
                                  0.000000  200.000000   clock network delay (ideal)
                                 -0.250000  199.750000   clock uncertainty
                                  0.000000  199.750000   clock reconvergence pessimism
                                            199.750000 ^ _227_/CLK (gf180mcu_fd_sc_mcu7t5v0__dffrnq_1)
                                 -0.264967  199.485031   library setup time
                                            199.485031   data required time
---------------------------------------------------------------------------------------------
                                            199.485031   data required time
                                            -42.181931   data arrival time
---------------------------------------------------------------------------------------------
                                            157.303116   slack (MET)


Startpoint: soft_rst_n (input port clocked by clk)
Endpoint: _228_ (rising edge-triggered flip-flop clocked by clk)
Path Group: clk
Path Type: max

Fanout         Cap        Slew       Delay        Time   Description
---------------------------------------------------------------------------------------------
                      0.150000    0.000000    0.000000   clock clk (rise edge)
                                  0.000000    0.000000   clock network delay (ideal)
                                 40.000000   40.000000 ^ input external delay
    23    0.078948    1.187674    0.662151   40.662151 ^ soft_rst_n (in)
                                                         soft_rst_n (net)
                      1.187674    0.000000   40.662151 ^ _108_/I (gf180mcu_fd_sc_mcu7t5v0__clkinv_1)
     4    0.017900    0.467899    0.330846   40.993000 v _108_/ZN (gf180mcu_fd_sc_mcu7t5v0__clkinv_1)
                                                         _101_ (net)
                      0.467899    0.000000   40.993000 v _142_/A1 (gf180mcu_fd_sc_mcu7t5v0__nor2_1)
    11    0.049034    1.358336    0.896890   41.889889 ^ _142_/ZN (gf180mcu_fd_sc_mcu7t5v0__nor2_1)
                                                         _054_ (net)
                      1.358336    0.000000   41.889889 ^ _147_/A2 (gf180mcu_fd_sc_mcu7t5v0__nand2_1)
     1    0.004677    0.297675    0.077712   41.967602 v _147_/ZN (gf180mcu_fd_sc_mcu7t5v0__nand2_1)
                                                         _058_ (net)
                      0.297675    0.000000   41.967602 v _148_/B (gf180mcu_fd_sc_mcu7t5v0__oai21_1)
     1    0.003020    0.283480    0.214332   42.181931 ^ _148_/ZN (gf180mcu_fd_sc_mcu7t5v0__oai21_1)
                                                         _015_ (net)
                      0.283480    0.000000   42.181931 ^ _228_/D (gf180mcu_fd_sc_mcu7t5v0__dffrnq_1)
                                             42.181931   data arrival time

                      0.150000  200.000000  200.000000   clock clk (rise edge)
                                  0.000000  200.000000   clock network delay (ideal)
                                 -0.250000  199.750000   clock uncertainty
                                  0.000000  199.750000   clock reconvergence pessimism
                                            199.750000 ^ _228_/CLK (gf180mcu_fd_sc_mcu7t5v0__dffrnq_1)
                                 -0.264967  199.485031   library setup time
                                            199.485031   data required time
---------------------------------------------------------------------------------------------
                                            199.485031   data required time
                                            -42.181931   data arrival time
---------------------------------------------------------------------------------------------
                                            157.303116   slack (MET)


Startpoint: soft_rst_n (input port clocked by clk)
Endpoint: _216_ (rising edge-triggered flip-flop clocked by clk)
Path Group: clk
Path Type: max

Fanout         Cap        Slew       Delay        Time   Description
---------------------------------------------------------------------------------------------
                      0.150000    0.000000    0.000000   clock clk (rise edge)
                                  0.000000    0.000000   clock network delay (ideal)
                                 40.000000   40.000000 ^ input external delay
    23    0.078948    1.187674    0.662151   40.662151 ^ soft_rst_n (in)
                                                         soft_rst_n (net)
                      1.187674    0.000000   40.662151 ^ _134_/A1 (gf180mcu_fd_sc_mcu7t5v0__nand2_1)
    10    0.048423    0.796172    0.594032   41.256184 v _134_/ZN (gf180mcu_fd_sc_mcu7t5v0__nand2_1)
                                                         _046_ (net)
                      0.796172    0.000000   41.256184 v _196_/B2 (gf180mcu_fd_sc_mcu7t5v0__oai32_1)
     1    0.003020    0.595644    0.300503   41.556686 ^ _196_/ZN (gf180mcu_fd_sc_mcu7t5v0__oai32_1)
                                                         _030_ (net)
                      0.595644    0.000000   41.556686 ^ _216_/D (gf180mcu_fd_sc_mcu7t5v0__dffrnq_1)
                                             41.556686   data arrival time

                      0.150000  200.000000  200.000000   clock clk (rise edge)
                                  0.000000  200.000000   clock network delay (ideal)
                                 -0.250000  199.750000   clock uncertainty
                                  0.000000  199.750000   clock reconvergence pessimism
                                            199.750000 ^ _216_/CLK (gf180mcu_fd_sc_mcu7t5v0__dffrnq_1)
                                 -0.302988  199.447006   library setup time
                                            199.447006   data required time
---------------------------------------------------------------------------------------------
                                            199.447006   data required time
                                            -41.556686   data arrival time
---------------------------------------------------------------------------------------------
                                            157.890320   slack (MET)


Startpoint: soft_rst_n (input port clocked by clk)
Endpoint: _231_ (rising edge-triggered flip-flop clocked by clk)
Path Group: clk
Path Type: max

Fanout         Cap        Slew       Delay        Time   Description
---------------------------------------------------------------------------------------------
                      0.150000    0.000000    0.000000   clock clk (rise edge)
                                  0.000000    0.000000   clock network delay (ideal)
                                 40.000000   40.000000 ^ input external delay
    23    0.078948    1.187674    0.662151   40.662151 ^ soft_rst_n (in)
                                                         soft_rst_n (net)
                      1.187674    0.000000   40.662151 ^ _143_/A1 (gf180mcu_fd_sc_mcu7t5v0__nand2_1)
     9    0.039798    0.706012    0.514074   41.176228 v _143_/ZN (gf180mcu_fd_sc_mcu7t5v0__nand2_1)
                                                         _055_ (net)
                      0.706012    0.000000   41.176228 v _159_/A1 (gf180mcu_fd_sc_mcu7t5v0__nor2_1)
     1    0.003020    0.252971    0.280707   41.456932 ^ _159_/ZN (gf180mcu_fd_sc_mcu7t5v0__nor2_1)
                                                         _018_ (net)
                      0.252971    0.000000   41.456932 ^ _231_/D (gf180mcu_fd_sc_mcu7t5v0__dffrnq_1)
                                             41.456932   data arrival time

                      0.150000  200.000000  200.000000   clock clk (rise edge)
                                  0.000000  200.000000   clock network delay (ideal)
                                 -0.250000  199.750000   clock uncertainty
                                  0.000000  199.750000   clock reconvergence pessimism
                                            199.750000 ^ _231_/CLK (gf180mcu_fd_sc_mcu7t5v0__dffrnq_1)
                                 -0.259746  199.490250   library setup time
                                            199.490250   data required time
---------------------------------------------------------------------------------------------
                                            199.490250   data required time
                                            -41.456932   data arrival time
---------------------------------------------------------------------------------------------
                                            158.033325   slack (MET)


Startpoint: soft_rst_n (input port clocked by clk)
Endpoint: _232_ (rising edge-triggered flip-flop clocked by clk)
Path Group: clk
Path Type: max

Fanout         Cap        Slew       Delay        Time   Description
---------------------------------------------------------------------------------------------
                      0.150000    0.000000    0.000000   clock clk (rise edge)
                                  0.000000    0.000000   clock network delay (ideal)
                                 40.000000   40.000000 ^ input external delay
    23    0.078948    1.187674    0.662151   40.662151 ^ soft_rst_n (in)
                                                         soft_rst_n (net)
                      1.187674    0.000000   40.662151 ^ _143_/A1 (gf180mcu_fd_sc_mcu7t5v0__nand2_1)
     9    0.039798    0.706012    0.514074   41.176228 v _143_/ZN (gf180mcu_fd_sc_mcu7t5v0__nand2_1)
                                                         _055_ (net)
                      0.706012    0.000000   41.176228 v _164_/A1 (gf180mcu_fd_sc_mcu7t5v0__nor2_1)
     1    0.003020    0.252971    0.280707   41.456932 ^ _164_/ZN (gf180mcu_fd_sc_mcu7t5v0__nor2_1)
                                                         _019_ (net)
                      0.252971    0.000000   41.456932 ^ _232_/D (gf180mcu_fd_sc_mcu7t5v0__dffrnq_1)
                                             41.456932   data arrival time

                      0.150000  200.000000  200.000000   clock clk (rise edge)
                                  0.000000  200.000000   clock network delay (ideal)
                                 -0.250000  199.750000   clock uncertainty
                                  0.000000  199.750000   clock reconvergence pessimism
                                            199.750000 ^ _232_/CLK (gf180mcu_fd_sc_mcu7t5v0__dffrnq_1)
                                 -0.259746  199.490250   library setup time
                                            199.490250   data required time
---------------------------------------------------------------------------------------------
                                            199.490250   data required time
                                            -41.456932   data arrival time
---------------------------------------------------------------------------------------------
                                            158.033325   slack (MET)


Startpoint: soft_rst_n (input port clocked by clk)
Endpoint: _233_ (rising edge-triggered flip-flop clocked by clk)
Path Group: clk
Path Type: max

Fanout         Cap        Slew       Delay        Time   Description
---------------------------------------------------------------------------------------------
                      0.150000    0.000000    0.000000   clock clk (rise edge)
                                  0.000000    0.000000   clock network delay (ideal)
                                 40.000000   40.000000 ^ input external delay
    23    0.078948    1.187674    0.662151   40.662151 ^ soft_rst_n (in)
                                                         soft_rst_n (net)
                      1.187674    0.000000   40.662151 ^ _143_/A1 (gf180mcu_fd_sc_mcu7t5v0__nand2_1)
     9    0.039798    0.706012    0.514074   41.176228 v _143_/ZN (gf180mcu_fd_sc_mcu7t5v0__nand2_1)
                                                         _055_ (net)
                      0.706012    0.000000   41.176228 v _168_/A1 (gf180mcu_fd_sc_mcu7t5v0__nor2_1)
     1    0.003020    0.252971    0.280707   41.456932 ^ _168_/ZN (gf180mcu_fd_sc_mcu7t5v0__nor2_1)
                                                         _020_ (net)
                      0.252971    0.000000   41.456932 ^ _233_/D (gf180mcu_fd_sc_mcu7t5v0__dffrnq_1)
                                             41.456932   data arrival time

                      0.150000  200.000000  200.000000   clock clk (rise edge)
                                  0.000000  200.000000   clock network delay (ideal)
                                 -0.250000  199.750000   clock uncertainty
                                  0.000000  199.750000   clock reconvergence pessimism
                                            199.750000 ^ _233_/CLK (gf180mcu_fd_sc_mcu7t5v0__dffrnq_1)
                                 -0.259746  199.490250   library setup time
                                            199.490250   data required time
---------------------------------------------------------------------------------------------
                                            199.490250   data required time
                                            -41.456932   data arrival time
---------------------------------------------------------------------------------------------
                                            158.033325   slack (MET)


Startpoint: soft_rst_n (input port clocked by clk)
Endpoint: _234_ (rising edge-triggered flip-flop clocked by clk)
Path Group: clk
Path Type: max

Fanout         Cap        Slew       Delay        Time   Description
---------------------------------------------------------------------------------------------
                      0.150000    0.000000    0.000000   clock clk (rise edge)
                                  0.000000    0.000000   clock network delay (ideal)
                                 40.000000   40.000000 ^ input external delay
    23    0.078948    1.187674    0.662151   40.662151 ^ soft_rst_n (in)
                                                         soft_rst_n (net)
                      1.187674    0.000000   40.662151 ^ _143_/A1 (gf180mcu_fd_sc_mcu7t5v0__nand2_1)
     9    0.039798    0.706012    0.514074   41.176228 v _143_/ZN (gf180mcu_fd_sc_mcu7t5v0__nand2_1)
                                                         _055_ (net)
                      0.706012    0.000000   41.176228 v _170_/A1 (gf180mcu_fd_sc_mcu7t5v0__nor2_1)
     1    0.003020    0.252971    0.280707   41.456932 ^ _170_/ZN (gf180mcu_fd_sc_mcu7t5v0__nor2_1)
                                                         _021_ (net)
                      0.252971    0.000000   41.456932 ^ _234_/D (gf180mcu_fd_sc_mcu7t5v0__dffrnq_1)
                                             41.456932   data arrival time

                      0.150000  200.000000  200.000000   clock clk (rise edge)
                                  0.000000  200.000000   clock network delay (ideal)
                                 -0.250000  199.750000   clock uncertainty
                                  0.000000  199.750000   clock reconvergence pessimism
                                            199.750000 ^ _234_/CLK (gf180mcu_fd_sc_mcu7t5v0__dffrnq_1)
                                 -0.259746  199.490250   library setup time
                                            199.490250   data required time
---------------------------------------------------------------------------------------------
                                            199.490250   data required time
                                            -41.456932   data arrival time
---------------------------------------------------------------------------------------------
                                            158.033325   slack (MET)


Startpoint: soft_rst_n (input port clocked by clk)
Endpoint: _235_ (rising edge-triggered flip-flop clocked by clk)
Path Group: clk
Path Type: max

Fanout         Cap        Slew       Delay        Time   Description
---------------------------------------------------------------------------------------------
                      0.150000    0.000000    0.000000   clock clk (rise edge)
                                  0.000000    0.000000   clock network delay (ideal)
                                 40.000000   40.000000 ^ input external delay
    23    0.078948    1.187674    0.662151   40.662151 ^ soft_rst_n (in)
                                                         soft_rst_n (net)
                      1.187674    0.000000   40.662151 ^ _143_/A1 (gf180mcu_fd_sc_mcu7t5v0__nand2_1)
     9    0.039798    0.706012    0.514074   41.176228 v _143_/ZN (gf180mcu_fd_sc_mcu7t5v0__nand2_1)
                                                         _055_ (net)
                      0.706012    0.000000   41.176228 v _173_/A1 (gf180mcu_fd_sc_mcu7t5v0__nor2_1)
     1    0.003020    0.252971    0.280707   41.456932 ^ _173_/ZN (gf180mcu_fd_sc_mcu7t5v0__nor2_1)
                                                         _022_ (net)
                      0.252971    0.000000   41.456932 ^ _235_/D (gf180mcu_fd_sc_mcu7t5v0__dffrnq_1)
                                             41.456932   data arrival time

                      0.150000  200.000000  200.000000   clock clk (rise edge)
                                  0.000000  200.000000   clock network delay (ideal)
                                 -0.250000  199.750000   clock uncertainty
                                  0.000000  199.750000   clock reconvergence pessimism
                                            199.750000 ^ _235_/CLK (gf180mcu_fd_sc_mcu7t5v0__dffrnq_1)
                                 -0.259746  199.490250   library setup time
                                            199.490250   data required time
---------------------------------------------------------------------------------------------
                                            199.490250   data required time
                                            -41.456932   data arrival time
---------------------------------------------------------------------------------------------
                                            158.033325   slack (MET)


Startpoint: soft_rst_n (input port clocked by clk)
Endpoint: _236_ (rising edge-triggered flip-flop clocked by clk)
Path Group: clk
Path Type: max

Fanout         Cap        Slew       Delay        Time   Description
---------------------------------------------------------------------------------------------
                      0.150000    0.000000    0.000000   clock clk (rise edge)
                                  0.000000    0.000000   clock network delay (ideal)
                                 40.000000   40.000000 ^ input external delay
    23    0.078948    1.187674    0.662151   40.662151 ^ soft_rst_n (in)
                                                         soft_rst_n (net)
                      1.187674    0.000000   40.662151 ^ _143_/A1 (gf180mcu_fd_sc_mcu7t5v0__nand2_1)
     9    0.039798    0.706012    0.514074   41.176228 v _143_/ZN (gf180mcu_fd_sc_mcu7t5v0__nand2_1)
                                                         _055_ (net)
                      0.706012    0.000000   41.176228 v _176_/A1 (gf180mcu_fd_sc_mcu7t5v0__nor2_1)
     1    0.003020    0.252971    0.280707   41.456932 ^ _176_/ZN (gf180mcu_fd_sc_mcu7t5v0__nor2_1)
                                                         _023_ (net)
                      0.252971    0.000000   41.456932 ^ _236_/D (gf180mcu_fd_sc_mcu7t5v0__dffrnq_1)
                                             41.456932   data arrival time

                      0.150000  200.000000  200.000000   clock clk (rise edge)
                                  0.000000  200.000000   clock network delay (ideal)
                                 -0.250000  199.750000   clock uncertainty
                                  0.000000  199.750000   clock reconvergence pessimism
                                            199.750000 ^ _236_/CLK (gf180mcu_fd_sc_mcu7t5v0__dffrnq_1)
                                 -0.259746  199.490250   library setup time
                                            199.490250   data required time
---------------------------------------------------------------------------------------------
                                            199.490250   data required time
                                            -41.456932   data arrival time
---------------------------------------------------------------------------------------------
                                            158.033325   slack (MET)


Startpoint: soft_rst_n (input port clocked by clk)
Endpoint: _238_ (rising edge-triggered flip-flop clocked by clk)
Path Group: clk
Path Type: max

Fanout         Cap        Slew       Delay        Time   Description
---------------------------------------------------------------------------------------------
                      0.150000    0.000000    0.000000   clock clk (rise edge)
                                  0.000000    0.000000   clock network delay (ideal)
                                 40.000000   40.000000 ^ input external delay
    23    0.078948    1.187674    0.662151   40.662151 ^ soft_rst_n (in)
                                                         soft_rst_n (net)
                      1.187674    0.000000   40.662151 ^ _143_/A1 (gf180mcu_fd_sc_mcu7t5v0__nand2_1)
     9    0.039798    0.706012    0.514074   41.176228 v _143_/ZN (gf180mcu_fd_sc_mcu7t5v0__nand2_1)
                                                         _055_ (net)
                      0.706012    0.000000   41.176228 v _178_/A1 (gf180mcu_fd_sc_mcu7t5v0__nor2_1)
     1    0.003020    0.252971    0.280707   41.456932 ^ _178_/ZN (gf180mcu_fd_sc_mcu7t5v0__nor2_1)
                                                         _025_ (net)
                      0.252971    0.000000   41.456932 ^ _238_/D (gf180mcu_fd_sc_mcu7t5v0__dffrnq_1)
                                             41.456932   data arrival time

                      0.150000  200.000000  200.000000   clock clk (rise edge)
                                  0.000000  200.000000   clock network delay (ideal)
                                 -0.250000  199.750000   clock uncertainty
                                  0.000000  199.750000   clock reconvergence pessimism
                                            199.750000 ^ _238_/CLK (gf180mcu_fd_sc_mcu7t5v0__dffrnq_1)
                                 -0.259746  199.490250   library setup time
                                            199.490250   data required time
---------------------------------------------------------------------------------------------
                                            199.490250   data required time
                                            -41.456932   data arrival time
---------------------------------------------------------------------------------------------
                                            158.033325   slack (MET)


Startpoint: soft_rst_n (input port clocked by clk)
Endpoint: _220_ (rising edge-triggered flip-flop clocked by clk)
Path Group: clk
Path Type: max

Fanout         Cap        Slew       Delay        Time   Description
---------------------------------------------------------------------------------------------
                      0.150000    0.000000    0.000000   clock clk (rise edge)
                                  0.000000    0.000000   clock network delay (ideal)
                                 40.000000   40.000000 ^ input external delay
    23    0.078948    1.187674    0.662151   40.662151 ^ soft_rst_n (in)
                                                         soft_rst_n (net)
                      1.187674    0.000000   40.662151 ^ _152_/A1 (gf180mcu_fd_sc_mcu7t5v0__nand2_1)
     5    0.023311    0.530705    0.356195   41.018349 v _152_/ZN (gf180mcu_fd_sc_mcu7t5v0__nand2_1)
                                                         _061_ (net)
                      0.530705    0.000000   41.018349 v _203_/B1 (gf180mcu_fd_sc_mcu7t5v0__oai22_1)
     1    0.003020    0.423517    0.378407   41.396755 ^ _203_/ZN (gf180mcu_fd_sc_mcu7t5v0__oai22_1)
                                                         _034_ (net)
                      0.423517    0.000000   41.396755 ^ _220_/D (gf180mcu_fd_sc_mcu7t5v0__dffrnq_1)
                                             41.396755   data arrival time

                      0.150000  200.000000  200.000000   clock clk (rise edge)
                                  0.000000  200.000000   clock network delay (ideal)
                                 -0.250000  199.750000   clock uncertainty
                                  0.000000  199.750000   clock reconvergence pessimism
                                            199.750000 ^ _220_/CLK (gf180mcu_fd_sc_mcu7t5v0__dffrnq_1)
                                 -0.288699  199.461304   library setup time
                                            199.461304   data required time
---------------------------------------------------------------------------------------------
                                            199.461304   data required time
                                            -41.396755   data arrival time
---------------------------------------------------------------------------------------------
                                            158.064560   slack (MET)


Startpoint: soft_rst_n (input port clocked by clk)
Endpoint: _237_ (rising edge-triggered flip-flop clocked by clk)
Path Group: clk
Path Type: max

Fanout         Cap        Slew       Delay        Time   Description
---------------------------------------------------------------------------------------------
                      0.150000    0.000000    0.000000   clock clk (rise edge)
                                  0.000000    0.000000   clock network delay (ideal)
                                 40.000000   40.000000 ^ input external delay
    23    0.078948    1.187674    0.662151   40.662151 ^ soft_rst_n (in)
                                                         soft_rst_n (net)
                      1.187674    0.000000   40.662151 ^ _143_/A1 (gf180mcu_fd_sc_mcu7t5v0__nand2_1)
     9    0.039798    0.706012    0.514074   41.176228 v _143_/ZN (gf180mcu_fd_sc_mcu7t5v0__nand2_1)
                                                         _055_ (net)
                      0.706012    0.000000   41.176228 v _177_/A2 (gf180mcu_fd_sc_mcu7t5v0__nor2_1)
     1    0.003020    0.258954    0.248257   41.424484 ^ _177_/ZN (gf180mcu_fd_sc_mcu7t5v0__nor2_1)
                                                         _024_ (net)
                      0.258954    0.000000   41.424484 ^ _237_/D (gf180mcu_fd_sc_mcu7t5v0__dffrnq_1)
                                             41.424484   data arrival time

                      0.150000  200.000000  200.000000   clock clk (rise edge)
                                  0.000000  200.000000   clock network delay (ideal)
                                 -0.250000  199.750000   clock uncertainty
                                  0.000000  199.750000   clock reconvergence pessimism
                                            199.750000 ^ _237_/CLK (gf180mcu_fd_sc_mcu7t5v0__dffrnq_1)
                                 -0.260770  199.489227   library setup time
                                            199.489227   data required time
---------------------------------------------------------------------------------------------
                                            199.489227   data required time
                                            -41.424484   data arrival time
---------------------------------------------------------------------------------------------
                                            158.064743   slack (MET)


Startpoint: soft_rst_n (input port clocked by clk)
Endpoint: _219_ (rising edge-triggered flip-flop clocked by clk)
Path Group: clk
Path Type: max

Fanout         Cap        Slew       Delay        Time   Description
---------------------------------------------------------------------------------------------
                      0.150000    0.000000    0.000000   clock clk (rise edge)
                                  0.000000    0.000000   clock network delay (ideal)
                                 40.000000   40.000000 ^ input external delay
    23    0.078948    1.187674    0.662151   40.662151 ^ soft_rst_n (in)
                                                         soft_rst_n (net)
                      1.187674    0.000000   40.662151 ^ _108_/I (gf180mcu_fd_sc_mcu7t5v0__clkinv_1)
     4    0.017900    0.467899    0.330846   40.993000 v _108_/ZN (gf180mcu_fd_sc_mcu7t5v0__clkinv_1)
                                                         _101_ (net)
                      0.467899    0.000000   40.993000 v _202_/A1 (gf180mcu_fd_sc_mcu7t5v0__oai31_1)
     1    0.003020    0.407976    0.349083   41.342083 ^ _202_/ZN (gf180mcu_fd_sc_mcu7t5v0__oai31_1)
                                                         _033_ (net)
                      0.407976    0.000000   41.342083 ^ _219_/D (gf180mcu_fd_sc_mcu7t5v0__dffrnq_1)
                                             41.342083   data arrival time

                      0.150000  200.000000  200.000000   clock clk (rise edge)
                                  0.000000  200.000000   clock network delay (ideal)
                                 -0.250000  199.750000   clock uncertainty
                                  0.000000  199.750000   clock reconvergence pessimism
                                            199.750000 ^ _219_/CLK (gf180mcu_fd_sc_mcu7t5v0__dffrnq_1)
                                 -0.286270  199.463730   library setup time
                                            199.463730   data required time
---------------------------------------------------------------------------------------------
                                            199.463730   data required time
                                            -41.342083   data arrival time
---------------------------------------------------------------------------------------------
                                            158.121658   slack (MET)


Startpoint: soft_rst_n (input port clocked by clk)
Endpoint: _218_ (rising edge-triggered flip-flop clocked by clk)
Path Group: clk
Path Type: max

Fanout         Cap        Slew       Delay        Time   Description
---------------------------------------------------------------------------------------------
                      0.150000    0.000000    0.000000   clock clk (rise edge)
                                  0.000000    0.000000   clock network delay (ideal)
                                 40.000000   40.000000 ^ input external delay
    23    0.078948    1.187674    0.662151   40.662151 ^ soft_rst_n (in)
                                                         soft_rst_n (net)
                      1.187674    0.000000   40.662151 ^ _108_/I (gf180mcu_fd_sc_mcu7t5v0__clkinv_1)
     4    0.017900    0.467899    0.330846   40.993000 v _108_/ZN (gf180mcu_fd_sc_mcu7t5v0__clkinv_1)
                                                         _101_ (net)
                      0.467899    0.000000   40.993000 v _200_/A1 (gf180mcu_fd_sc_mcu7t5v0__nor3_1)
     1    0.003020    0.307343    0.277069   41.270069 ^ _200_/ZN (gf180mcu_fd_sc_mcu7t5v0__nor3_1)
                                                         _032_ (net)
                      0.307343    0.000000   41.270069 ^ _218_/D (gf180mcu_fd_sc_mcu7t5v0__dffrnq_1)
                                             41.270069   data arrival time

                      0.150000  200.000000  200.000000   clock clk (rise edge)
                                  0.000000  200.000000   clock network delay (ideal)
                                 -0.250000  199.750000   clock uncertainty
                                  0.000000  199.750000   clock reconvergence pessimism
                                            199.750000 ^ _218_/CLK (gf180mcu_fd_sc_mcu7t5v0__dffrnq_1)
                                 -0.269050  199.480942   library setup time
                                            199.480942   data required time
---------------------------------------------------------------------------------------------
                                            199.480942   data required time
                                            -41.270069   data arrival time
---------------------------------------------------------------------------------------------
                                            158.210876   slack (MET)


Startpoint: soft_rst_n (input port clocked by clk)
Endpoint: _230_ (rising edge-triggered flip-flop clocked by clk)
Path Group: clk
Path Type: max

Fanout         Cap        Slew       Delay        Time   Description
---------------------------------------------------------------------------------------------
                      0.150000    0.000000    0.000000   clock clk (rise edge)
                                  0.000000    0.000000   clock network delay (ideal)
                                 40.000000   40.000000 ^ input external delay
    23    0.078948    1.187674    0.662151   40.662151 ^ soft_rst_n (in)
                                                         soft_rst_n (net)
                      1.187674    0.000000   40.662151 ^ _152_/A1 (gf180mcu_fd_sc_mcu7t5v0__nand2_1)
     5    0.023311    0.530705    0.356195   41.018349 v _152_/ZN (gf180mcu_fd_sc_mcu7t5v0__nand2_1)
                                                         _061_ (net)
                      0.530705    0.000000   41.018349 v _154_/A1 (gf180mcu_fd_sc_mcu7t5v0__nor2_1)
     1    0.003020    0.227925    0.239904   41.258251 ^ _154_/ZN (gf180mcu_fd_sc_mcu7t5v0__nor2_1)
                                                         _017_ (net)
                      0.227925    0.000000   41.258251 ^ _230_/D (gf180mcu_fd_sc_mcu7t5v0__dffrnq_1)
                                             41.258251   data arrival time

                      0.150000  200.000000  200.000000   clock clk (rise edge)
                                  0.000000  200.000000   clock network delay (ideal)
                                 -0.250000  199.750000   clock uncertainty
                                  0.000000  199.750000   clock reconvergence pessimism
                                            199.750000 ^ _230_/CLK (gf180mcu_fd_sc_mcu7t5v0__dffrnq_1)
                                 -0.255460  199.494537   library setup time
                                            199.494537   data required time
---------------------------------------------------------------------------------------------
                                            199.494537   data required time
                                            -41.258251   data arrival time
---------------------------------------------------------------------------------------------
                                            158.236298   slack (MET)


Startpoint: _217_ (rising edge-triggered flip-flop clocked by clk)
Endpoint: move_en (output port clocked by clk)
Path Group: clk
Path Type: max

Fanout         Cap        Slew       Delay        Time   Description
---------------------------------------------------------------------------------------------
                      0.150000    0.000000    0.000000   clock clk (rise edge)
                                  0.000000    0.000000   clock network delay (ideal)
                      0.150000    0.000000    0.000000 ^ _217_/CLK (gf180mcu_fd_sc_mcu7t5v0__dffrnq_1)
     2    0.077604    1.174827    1.343415    1.343415 ^ _217_/Q (gf180mcu_fd_sc_mcu7t5v0__dffrnq_1)
                                                         move_en (net)
                      1.174827    0.000000    1.343415 ^ move_en (out)
                                              1.343415   data arrival time

                      0.150000  200.000000  200.000000   clock clk (rise edge)
                                  0.000000  200.000000   clock network delay (ideal)
                                 -0.250000  199.750000   clock uncertainty
                                  0.000000  199.750000   clock reconvergence pessimism
                                -40.000000  159.749985   output external delay
                                            159.749985   data required time
---------------------------------------------------------------------------------------------
                                            159.749985   data required time
                                             -1.343415   data arrival time
---------------------------------------------------------------------------------------------
                                            158.406586   slack (MET)


Startpoint: _221_ (rising edge-triggered flip-flop clocked by clk)
Endpoint: votes_in_phase[0] (output port clocked by clk)
Path Group: clk
Path Type: max

Fanout         Cap        Slew       Delay        Time   Description
---------------------------------------------------------------------------------------------
                      0.150000    0.000000    0.000000   clock clk (rise edge)
                                  0.000000    0.000000   clock network delay (ideal)
                      0.150000    0.000000    0.000000 ^ _221_/CLK (gf180mcu_fd_sc_mcu7t5v0__dffrnq_1)
     2    0.077604    1.174827    1.343415    1.343415 ^ _221_/Q (gf180mcu_fd_sc_mcu7t5v0__dffrnq_1)
                                                         votes_in_phase[0] (net)
                      1.174827    0.000000    1.343415 ^ votes_in_phase[0] (out)
                                              1.343415   data arrival time

                      0.150000  200.000000  200.000000   clock clk (rise edge)
                                  0.000000  200.000000   clock network delay (ideal)
                                 -0.250000  199.750000   clock uncertainty
                                  0.000000  199.750000   clock reconvergence pessimism
                                -40.000000  159.749985   output external delay
                                            159.749985   data required time
---------------------------------------------------------------------------------------------
                                            159.749985   data required time
                                             -1.343415   data arrival time
---------------------------------------------------------------------------------------------
                                            158.406586   slack (MET)


Startpoint: _222_ (rising edge-triggered flip-flop clocked by clk)
Endpoint: votes_in_phase[1] (output port clocked by clk)
Path Group: clk
Path Type: max

Fanout         Cap        Slew       Delay        Time   Description
---------------------------------------------------------------------------------------------
                      0.150000    0.000000    0.000000   clock clk (rise edge)
                                  0.000000    0.000000   clock network delay (ideal)
                      0.150000    0.000000    0.000000 ^ _222_/CLK (gf180mcu_fd_sc_mcu7t5v0__dffrnq_1)
     2    0.077604    1.174827    1.343415    1.343415 ^ _222_/Q (gf180mcu_fd_sc_mcu7t5v0__dffrnq_1)
                                                         votes_in_phase[1] (net)
                      1.174827    0.000000    1.343415 ^ votes_in_phase[1] (out)
                                              1.343415   data arrival time

                      0.150000  200.000000  200.000000   clock clk (rise edge)
                                  0.000000  200.000000   clock network delay (ideal)
                                 -0.250000  199.750000   clock uncertainty
                                  0.000000  199.750000   clock reconvergence pessimism
                                -40.000000  159.749985   output external delay
                                            159.749985   data required time
---------------------------------------------------------------------------------------------
                                            159.749985   data required time
                                             -1.343415   data arrival time
---------------------------------------------------------------------------------------------
                                            158.406586   slack (MET)


Startpoint: _223_ (rising edge-triggered flip-flop clocked by clk)
Endpoint: votes_in_phase[2] (output port clocked by clk)
Path Group: clk
Path Type: max

Fanout         Cap        Slew       Delay        Time   Description
---------------------------------------------------------------------------------------------
                      0.150000    0.000000    0.000000   clock clk (rise edge)
                                  0.000000    0.000000   clock network delay (ideal)
                      0.150000    0.000000    0.000000 ^ _223_/CLK (gf180mcu_fd_sc_mcu7t5v0__dffrnq_1)
     2    0.077604    1.174827    1.343415    1.343415 ^ _223_/Q (gf180mcu_fd_sc_mcu7t5v0__dffrnq_1)
                                                         votes_in_phase[2] (net)
                      1.174827    0.000000    1.343415 ^ votes_in_phase[2] (out)
                                              1.343415   data arrival time

                      0.150000  200.000000  200.000000   clock clk (rise edge)
                                  0.000000  200.000000   clock network delay (ideal)
                                 -0.250000  199.750000   clock uncertainty
                                  0.000000  199.750000   clock reconvergence pessimism
                                -40.000000  159.749985   output external delay
                                            159.749985   data required time
---------------------------------------------------------------------------------------------
                                            159.749985   data required time
                                             -1.343415   data arrival time
---------------------------------------------------------------------------------------------
                                            158.406586   slack (MET)


Startpoint: _224_ (rising edge-triggered flip-flop clocked by clk)
Endpoint: votes_in_phase[3] (output port clocked by clk)
Path Group: clk
Path Type: max

Fanout         Cap        Slew       Delay        Time   Description
---------------------------------------------------------------------------------------------
                      0.150000    0.000000    0.000000   clock clk (rise edge)
                                  0.000000    0.000000   clock network delay (ideal)
                      0.150000    0.000000    0.000000 ^ _224_/CLK (gf180mcu_fd_sc_mcu7t5v0__dffrnq_1)
     2    0.077604    1.174827    1.343415    1.343415 ^ _224_/Q (gf180mcu_fd_sc_mcu7t5v0__dffrnq_1)
                                                         votes_in_phase[3] (net)
                      1.174827    0.000000    1.343415 ^ votes_in_phase[3] (out)
                                              1.343415   data arrival time

                      0.150000  200.000000  200.000000   clock clk (rise edge)
                                  0.000000  200.000000   clock network delay (ideal)
                                 -0.250000  199.750000   clock uncertainty
                                  0.000000  199.750000   clock reconvergence pessimism
                                -40.000000  159.749985   output external delay
                                            159.749985   data required time
---------------------------------------------------------------------------------------------
                                            159.749985   data required time
                                             -1.343415   data arrival time
---------------------------------------------------------------------------------------------
                                            158.406586   slack (MET)


Startpoint: _225_ (rising edge-triggered flip-flop clocked by clk)
Endpoint: votes_out_phase[0] (output port clocked by clk)
Path Group: clk
Path Type: max

Fanout         Cap        Slew       Delay        Time   Description
---------------------------------------------------------------------------------------------
                      0.150000    0.000000    0.000000   clock clk (rise edge)
                                  0.000000    0.000000   clock network delay (ideal)
                      0.150000    0.000000    0.000000 ^ _225_/CLK (gf180mcu_fd_sc_mcu7t5v0__dffrnq_1)
     2    0.077604    1.174827    1.343415    1.343415 ^ _225_/Q (gf180mcu_fd_sc_mcu7t5v0__dffrnq_1)
                                                         votes_out_phase[0] (net)
                      1.174827    0.000000    1.343415 ^ votes_out_phase[0] (out)
                                              1.343415   data arrival time

                      0.150000  200.000000  200.000000   clock clk (rise edge)
                                  0.000000  200.000000   clock network delay (ideal)
                                 -0.250000  199.750000   clock uncertainty
                                  0.000000  199.750000   clock reconvergence pessimism
                                -40.000000  159.749985   output external delay
                                            159.749985   data required time
---------------------------------------------------------------------------------------------
                                            159.749985   data required time
                                             -1.343415   data arrival time
---------------------------------------------------------------------------------------------
                                            158.406586   slack (MET)


Startpoint: _226_ (rising edge-triggered flip-flop clocked by clk)
Endpoint: votes_out_phase[1] (output port clocked by clk)
Path Group: clk
Path Type: max

Fanout         Cap        Slew       Delay        Time   Description
---------------------------------------------------------------------------------------------
                      0.150000    0.000000    0.000000   clock clk (rise edge)
                                  0.000000    0.000000   clock network delay (ideal)
                      0.150000    0.000000    0.000000 ^ _226_/CLK (gf180mcu_fd_sc_mcu7t5v0__dffrnq_1)
     2    0.077604    1.174827    1.343415    1.343415 ^ _226_/Q (gf180mcu_fd_sc_mcu7t5v0__dffrnq_1)
                                                         votes_out_phase[1] (net)
                      1.174827    0.000000    1.343415 ^ votes_out_phase[1] (out)
                                              1.343415   data arrival time

                      0.150000  200.000000  200.000000   clock clk (rise edge)
                                  0.000000  200.000000   clock network delay (ideal)
                                 -0.250000  199.750000   clock uncertainty
                                  0.000000  199.750000   clock reconvergence pessimism
                                -40.000000  159.749985   output external delay
                                            159.749985   data required time
---------------------------------------------------------------------------------------------
                                            159.749985   data required time
                                             -1.343415   data arrival time
---------------------------------------------------------------------------------------------
                                            158.406586   slack (MET)


Startpoint: _227_ (rising edge-triggered flip-flop clocked by clk)
Endpoint: votes_out_phase[2] (output port clocked by clk)
Path Group: clk
Path Type: max

Fanout         Cap        Slew       Delay        Time   Description
---------------------------------------------------------------------------------------------
                      0.150000    0.000000    0.000000   clock clk (rise edge)
                                  0.000000    0.000000   clock network delay (ideal)
                      0.150000    0.000000    0.000000 ^ _227_/CLK (gf180mcu_fd_sc_mcu7t5v0__dffrnq_1)
     2    0.077604    1.174827    1.343415    1.343415 ^ _227_/Q (gf180mcu_fd_sc_mcu7t5v0__dffrnq_1)
                                                         votes_out_phase[2] (net)
                      1.174827    0.000000    1.343415 ^ votes_out_phase[2] (out)
                                              1.343415   data arrival time

                      0.150000  200.000000  200.000000   clock clk (rise edge)
                                  0.000000  200.000000   clock network delay (ideal)
                                 -0.250000  199.750000   clock uncertainty
                                  0.000000  199.750000   clock reconvergence pessimism
                                -40.000000  159.749985   output external delay
                                            159.749985   data required time
---------------------------------------------------------------------------------------------
                                            159.749985   data required time
                                             -1.343415   data arrival time
---------------------------------------------------------------------------------------------
                                            158.406586   slack (MET)


Startpoint: _228_ (rising edge-triggered flip-flop clocked by clk)
Endpoint: votes_out_phase[3] (output port clocked by clk)
Path Group: clk
Path Type: max

Fanout         Cap        Slew       Delay        Time   Description
---------------------------------------------------------------------------------------------
                      0.150000    0.000000    0.000000   clock clk (rise edge)
                                  0.000000    0.000000   clock network delay (ideal)
                      0.150000    0.000000    0.000000 ^ _228_/CLK (gf180mcu_fd_sc_mcu7t5v0__dffrnq_1)
     2    0.077604    1.174827    1.343415    1.343415 ^ _228_/Q (gf180mcu_fd_sc_mcu7t5v0__dffrnq_1)
                                                         votes_out_phase[3] (net)
                      1.174827    0.000000    1.343415 ^ votes_out_phase[3] (out)
                                              1.343415   data arrival time

                      0.150000  200.000000  200.000000   clock clk (rise edge)
                                  0.000000  200.000000   clock network delay (ideal)
                                 -0.250000  199.750000   clock uncertainty
                                  0.000000  199.750000   clock reconvergence pessimism
                                -40.000000  159.749985   output external delay
                                            159.749985   data required time
---------------------------------------------------------------------------------------------
                                            159.749985   data required time
                                             -1.343415   data arrival time
---------------------------------------------------------------------------------------------
                                            158.406586   slack (MET)


Startpoint: _218_ (rising edge-triggered flip-flop clocked by clk)
Endpoint: jitter_flag (output port clocked by clk)
Path Group: clk
Path Type: max

Fanout         Cap        Slew       Delay        Time   Description
---------------------------------------------------------------------------------------------
                      0.150000    0.000000    0.000000   clock clk (rise edge)
                                  0.000000    0.000000   clock network delay (ideal)
                      0.150000    0.000000    0.000000 ^ _218_/CLK (gf180mcu_fd_sc_mcu7t5v0__dffrnq_1)
     2    0.077305    1.170480    1.340926    1.340926 ^ _218_/Q (gf180mcu_fd_sc_mcu7t5v0__dffrnq_1)
                                                         jitter_flag (net)
                      1.170480    0.000000    1.340926 ^ jitter_flag (out)
                                              1.340926   data arrival time

                      0.150000  200.000000  200.000000   clock clk (rise edge)
                                  0.000000  200.000000   clock network delay (ideal)
                                 -0.250000  199.750000   clock uncertainty
                                  0.000000  199.750000   clock reconvergence pessimism
                                -40.000000  159.749985   output external delay
                                            159.749985   data required time
---------------------------------------------------------------------------------------------
                                            159.749985   data required time
                                             -1.340926   data arrival time
---------------------------------------------------------------------------------------------
                                            158.409073   slack (MET)


Startpoint: _216_ (rising edge-triggered flip-flop clocked by clk)
Endpoint: dir (output port clocked by clk)
Path Group: clk
Path Type: max

Fanout         Cap        Slew       Delay        Time   Description
---------------------------------------------------------------------------------------------
                      0.150000    0.000000    0.000000   clock clk (rise edge)
                                  0.000000    0.000000   clock network delay (ideal)
                      0.150000    0.000000    0.000000 ^ _216_/CLK (gf180mcu_fd_sc_mcu7t5v0__dffrnq_1)
     2    0.077038    1.166597    1.338704    1.338704 ^ _216_/Q (gf180mcu_fd_sc_mcu7t5v0__dffrnq_1)
                                                         dir (net)
                      1.166597    0.000000    1.338704 ^ dir (out)
                                              1.338704   data arrival time

                      0.150000  200.000000  200.000000   clock clk (rise edge)
                                  0.000000  200.000000   clock network delay (ideal)
                                 -0.250000  199.750000   clock uncertainty
                                  0.000000  199.750000   clock reconvergence pessimism
                                -40.000000  159.749985   output external delay
                                            159.749985   data required time
---------------------------------------------------------------------------------------------
                                            159.749985   data required time
                                             -1.338704   data arrival time
---------------------------------------------------------------------------------------------
                                            158.411285   slack (MET)


Startpoint: _219_ (rising edge-triggered flip-flop clocked by clk)
Endpoint: phase_state[0] (output port clocked by clk)
Path Group: clk
Path Type: max

Fanout         Cap        Slew       Delay        Time   Description
---------------------------------------------------------------------------------------------
                      0.150000    0.000000    0.000000   clock clk (rise edge)
                                  0.000000    0.000000   clock network delay (ideal)
                      0.150000    0.000000    0.000000 ^ _219_/CLK (gf180mcu_fd_sc_mcu7t5v0__dffrnq_1)
     2    0.077050    1.166772    1.338803    1.338803 ^ _219_/Q (gf180mcu_fd_sc_mcu7t5v0__dffrnq_1)
                                                         phase_state[0] (net)
                      1.166772    0.000000    1.338803 ^ phase_state[0] (out)
                                              1.338803   data arrival time

                      0.150000  200.000000  200.000000   clock clk (rise edge)
                                  0.000000  200.000000   clock network delay (ideal)
                                 -0.250000  199.750000   clock uncertainty
                                  0.000000  199.750000   clock reconvergence pessimism
                                -40.000000  159.749985   output external delay
                                            159.749985   data required time
---------------------------------------------------------------------------------------------
                                            159.749985   data required time
                                             -1.338803   data arrival time
---------------------------------------------------------------------------------------------
                                            158.411194   slack (MET)


Startpoint: _220_ (rising edge-triggered flip-flop clocked by clk)
Endpoint: phase_state[1] (output port clocked by clk)
Path Group: clk
Path Type: max

Fanout         Cap        Slew       Delay        Time   Description
---------------------------------------------------------------------------------------------
                      0.150000    0.000000    0.000000   clock clk (rise edge)
                                  0.000000    0.000000   clock network delay (ideal)
                      0.150000    0.000000    0.000000 ^ _220_/CLK (gf180mcu_fd_sc_mcu7t5v0__dffrnq_1)
     2    0.077038    1.166597    1.338704    1.338704 ^ _220_/Q (gf180mcu_fd_sc_mcu7t5v0__dffrnq_1)
                                                         phase_state[1] (net)
                      1.166597    0.000000    1.338704 ^ phase_state[1] (out)
                                              1.338704   data arrival time

                      0.150000  200.000000  200.000000   clock clk (rise edge)
                                  0.000000  200.000000   clock network delay (ideal)
                                 -0.250000  199.750000   clock uncertainty
                                  0.000000  199.750000   clock reconvergence pessimism
                                -40.000000  159.749985   output external delay
                                            159.749985   data required time
---------------------------------------------------------------------------------------------
                                            159.749985   data required time
                                             -1.338704   data arrival time
---------------------------------------------------------------------------------------------
                                            158.411285   slack (MET)


Startpoint: soft_rst_n (input port clocked by clk)
Endpoint: _229_ (rising edge-triggered flip-flop clocked by clk)
Path Group: clk
Path Type: max

Fanout         Cap        Slew       Delay        Time   Description
---------------------------------------------------------------------------------------------
                      0.150000    0.000000    0.000000   clock clk (rise edge)
                                  0.000000    0.000000   clock network delay (ideal)
                                 40.000000   40.000000 ^ input external delay
    23    0.078948    1.187674    0.662151   40.662151 ^ soft_rst_n (in)
                                                         soft_rst_n (net)
                      1.187674    0.000000   40.662151 ^ _150_/A1 (gf180mcu_fd_sc_mcu7t5v0__nand2_1)
     2    0.009391    0.361884    0.190877   40.853027 v _150_/ZN (gf180mcu_fd_sc_mcu7t5v0__nand2_1)
                                                         _060_ (net)
                      0.361884    0.000000   40.853027 v _151_/A2 (gf180mcu_fd_sc_mcu7t5v0__oai21_1)
     1    0.003020    0.244068    0.207109   41.060139 ^ _151_/ZN (gf180mcu_fd_sc_mcu7t5v0__oai21_1)
                                                         _016_ (net)
                      0.244068    0.000000   41.060139 ^ _229_/D (gf180mcu_fd_sc_mcu7t5v0__dffrnq_1)
                                             41.060139   data arrival time

                      0.150000  200.000000  200.000000   clock clk (rise edge)
                                  0.000000  200.000000   clock network delay (ideal)
                                 -0.250000  199.750000   clock uncertainty
                                  0.000000  199.750000   clock reconvergence pessimism
                                            199.750000 ^ _229_/CLK (gf180mcu_fd_sc_mcu7t5v0__dffrnq_1)
                                 -0.258223  199.491776   library setup time
                                            199.491776   data required time
---------------------------------------------------------------------------------------------
                                            199.491776   data required time
                                            -41.060139   data arrival time
---------------------------------------------------------------------------------------------
                                            158.431641   slack (MET)


Startpoint: _244_ (rising edge-triggered flip-flop clocked by clk)
Endpoint: latch_phase270_ack (output port clocked by clk)
Path Group: clk
Path Type: max

Fanout         Cap        Slew       Delay        Time   Description
---------------------------------------------------------------------------------------------
                      0.150000    0.000000    0.000000   clock clk (rise edge)
                                  0.000000    0.000000   clock network delay (ideal)
                      0.150000    0.000000    0.000000 ^ _244_/CLK (gf180mcu_fd_sc_mcu7t5v0__dffrnq_1)
     1    0.072910    1.106574    1.304342    1.304342 ^ _244_/Q (gf180mcu_fd_sc_mcu7t5v0__dffrnq_1)
                                                         latch_phase270_ack (net)
                      1.106574    0.000000    1.304342 ^ latch_phase270_ack (out)
                                              1.304342   data arrival time

                      0.150000  200.000000  200.000000   clock clk (rise edge)
                                  0.000000  200.000000   clock network delay (ideal)
                                 -0.250000  199.750000   clock uncertainty
                                  0.000000  199.750000   clock reconvergence pessimism
                                -40.000000  159.749985   output external delay
                                            159.749985   data required time
---------------------------------------------------------------------------------------------
                                            159.749985   data required time
                                             -1.304342   data arrival time
---------------------------------------------------------------------------------------------
                                            158.445648   slack (MET)


Startpoint: _243_ (rising edge-triggered flip-flop clocked by clk)
Endpoint: latch_phase90_ack (output port clocked by clk)
Path Group: clk
Path Type: max

Fanout         Cap        Slew       Delay        Time   Description
---------------------------------------------------------------------------------------------
                      0.150000    0.000000    0.000000   clock clk (rise edge)
                                  0.000000    0.000000   clock network delay (ideal)
                      0.150000    0.000000    0.000000 ^ _243_/CLK (gf180mcu_fd_sc_mcu7t5v0__dffrnq_1)
     1    0.072910    1.106574    1.304342    1.304342 ^ _243_/Q (gf180mcu_fd_sc_mcu7t5v0__dffrnq_1)
                                                         latch_phase90_ack (net)
                      1.106574    0.000000    1.304342 ^ latch_phase90_ack (out)
                                              1.304342   data arrival time

                      0.150000  200.000000  200.000000   clock clk (rise edge)
                                  0.000000  200.000000   clock network delay (ideal)
                                 -0.250000  199.750000   clock uncertainty
                                  0.000000  199.750000   clock reconvergence pessimism
                                -40.000000  159.749985   output external delay
                                            159.749985   data required time
---------------------------------------------------------------------------------------------
                                            159.749985   data required time
                                             -1.304342   data arrival time
---------------------------------------------------------------------------------------------
                                            158.445648   slack (MET)


Startpoint: soft_rst_n (input port clocked by clk)
Endpoint: _244_ (rising edge-triggered flip-flop clocked by clk)
Path Group: clk
Path Type: max

Fanout         Cap        Slew       Delay        Time   Description
---------------------------------------------------------------------------------------------
                      0.150000    0.000000    0.000000   clock clk (rise edge)
                                  0.000000    0.000000   clock network delay (ideal)
                                 40.000000   40.000000 ^ input external delay
    23    0.078948    1.187674    0.662151   40.662151 ^ soft_rst_n (in)
                                                         soft_rst_n (net)
                      1.187674    0.000000   40.662151 ^ _128_/A1 (gf180mcu_fd_sc_mcu7t5v0__and2_1)
     1    0.003020    0.124179    0.303796   40.965950 ^ _128_/Z (gf180mcu_fd_sc_mcu7t5v0__and2_1)
                                                         _004_ (net)
                      0.124179    0.000000   40.965950 ^ _244_/D (gf180mcu_fd_sc_mcu7t5v0__dffrnq_1)
                                             40.965950   data arrival time

                      0.150000  200.000000  200.000000   clock clk (rise edge)
                                  0.000000  200.000000   clock network delay (ideal)
                                 -0.250000  199.750000   clock uncertainty
                                  0.000000  199.750000   clock reconvergence pessimism
                                            199.750000 ^ _244_/CLK (gf180mcu_fd_sc_mcu7t5v0__dffrnq_1)
                                 -0.235311  199.514679   library setup time
                                            199.514679   data required time
---------------------------------------------------------------------------------------------
                                            199.514679   data required time
                                            -40.965950   data arrival time
---------------------------------------------------------------------------------------------
                                            158.548737   slack (MET)


Startpoint: soft_rst_n (input port clocked by clk)
Endpoint: _245_ (rising edge-triggered flip-flop clocked by clk)
Path Group: clk
Path Type: max

Fanout         Cap        Slew       Delay        Time   Description
---------------------------------------------------------------------------------------------
                      0.150000    0.000000    0.000000   clock clk (rise edge)
                                  0.000000    0.000000   clock network delay (ideal)
                                 40.000000   40.000000 ^ input external delay
    23    0.078948    1.187674    0.662151   40.662151 ^ soft_rst_n (in)
                                                         soft_rst_n (net)
                      1.187674    0.000000   40.662151 ^ _124_/A1 (gf180mcu_fd_sc_mcu7t5v0__and2_1)
     1    0.003020    0.124179    0.303796   40.965950 ^ _124_/Z (gf180mcu_fd_sc_mcu7t5v0__and2_1)
                                                         _000_ (net)
                      0.124179    0.000000   40.965950 ^ _245_/D (gf180mcu_fd_sc_mcu7t5v0__dffrnq_1)
                                             40.965950   data arrival time

                      0.150000  200.000000  200.000000   clock clk (rise edge)
                                  0.000000  200.000000   clock network delay (ideal)
                                 -0.250000  199.750000   clock uncertainty
                                  0.000000  199.750000   clock reconvergence pessimism
                                            199.750000 ^ _245_/CLK (gf180mcu_fd_sc_mcu7t5v0__dffrnq_1)
                                 -0.235311  199.514679   library setup time
                                            199.514679   data required time
---------------------------------------------------------------------------------------------
                                            199.514679   data required time
                                            -40.965950   data arrival time
---------------------------------------------------------------------------------------------
                                            158.548737   slack (MET)


Startpoint: soft_rst_n (input port clocked by clk)
Endpoint: _246_ (rising edge-triggered flip-flop clocked by clk)
Path Group: clk
Path Type: max

Fanout         Cap        Slew       Delay        Time   Description
---------------------------------------------------------------------------------------------
                      0.150000    0.000000    0.000000   clock clk (rise edge)
                                  0.000000    0.000000   clock network delay (ideal)
                                 40.000000   40.000000 ^ input external delay
    23    0.078948    1.187674    0.662151   40.662151 ^ soft_rst_n (in)
                                                         soft_rst_n (net)
                      1.187674    0.000000   40.662151 ^ _125_/A1 (gf180mcu_fd_sc_mcu7t5v0__and2_1)
     1    0.003020    0.124179    0.303796   40.965950 ^ _125_/Z (gf180mcu_fd_sc_mcu7t5v0__and2_1)
                                                         _001_ (net)
                      0.124179    0.000000   40.965950 ^ _246_/D (gf180mcu_fd_sc_mcu7t5v0__dffrnq_1)
                                             40.965950   data arrival time

                      0.150000  200.000000  200.000000   clock clk (rise edge)
                                  0.000000  200.000000   clock network delay (ideal)
                                 -0.250000  199.750000   clock uncertainty
                                  0.000000  199.750000   clock reconvergence pessimism
                                            199.750000 ^ _246_/CLK (gf180mcu_fd_sc_mcu7t5v0__dffrnq_1)
                                 -0.235311  199.514679   library setup time
                                            199.514679   data required time
---------------------------------------------------------------------------------------------
                                            199.514679   data required time
                                            -40.965950   data arrival time
---------------------------------------------------------------------------------------------
                                            158.548737   slack (MET)


Startpoint: soft_rst_n (input port clocked by clk)
Endpoint: _247_ (rising edge-triggered flip-flop clocked by clk)
Path Group: clk
Path Type: max

Fanout         Cap        Slew       Delay        Time   Description
---------------------------------------------------------------------------------------------
                      0.150000    0.000000    0.000000   clock clk (rise edge)
                                  0.000000    0.000000   clock network delay (ideal)
                                 40.000000   40.000000 ^ input external delay
    23    0.078948    1.187674    0.662151   40.662151 ^ soft_rst_n (in)
                                                         soft_rst_n (net)
                      1.187674    0.000000   40.662151 ^ _126_/A1 (gf180mcu_fd_sc_mcu7t5v0__and2_1)
     1    0.003020    0.124179    0.303796   40.965950 ^ _126_/Z (gf180mcu_fd_sc_mcu7t5v0__and2_1)
                                                         _002_ (net)
                      0.124179    0.000000   40.965950 ^ _247_/D (gf180mcu_fd_sc_mcu7t5v0__dffrnq_1)
                                             40.965950   data arrival time

                      0.150000  200.000000  200.000000   clock clk (rise edge)
                                  0.000000  200.000000   clock network delay (ideal)
                                 -0.250000  199.750000   clock uncertainty
                                  0.000000  199.750000   clock reconvergence pessimism
                                            199.750000 ^ _247_/CLK (gf180mcu_fd_sc_mcu7t5v0__dffrnq_1)
                                 -0.235311  199.514679   library setup time
                                            199.514679   data required time
---------------------------------------------------------------------------------------------
                                            199.514679   data required time
                                            -40.965950   data arrival time
---------------------------------------------------------------------------------------------
                                            158.548737   slack (MET)


Startpoint: soft_rst_n (input port clocked by clk)
Endpoint: _248_ (rising edge-triggered flip-flop clocked by clk)
Path Group: clk
Path Type: max

Fanout         Cap        Slew       Delay        Time   Description
---------------------------------------------------------------------------------------------
                      0.150000    0.000000    0.000000   clock clk (rise edge)
                                  0.000000    0.000000   clock network delay (ideal)
                                 40.000000   40.000000 ^ input external delay
    23    0.078948    1.187674    0.662151   40.662151 ^ soft_rst_n (in)
                                                         soft_rst_n (net)
                      1.187674    0.000000   40.662151 ^ _127_/A1 (gf180mcu_fd_sc_mcu7t5v0__and2_1)
     1    0.003020    0.124179    0.303796   40.965950 ^ _127_/Z (gf180mcu_fd_sc_mcu7t5v0__and2_1)
                                                         _003_ (net)
                      0.124179    0.000000   40.965950 ^ _248_/D (gf180mcu_fd_sc_mcu7t5v0__dffrnq_1)
                                             40.965950   data arrival time

                      0.150000  200.000000  200.000000   clock clk (rise edge)
                                  0.000000  200.000000   clock network delay (ideal)
                                 -0.250000  199.750000   clock uncertainty
                                  0.000000  199.750000   clock reconvergence pessimism
                                            199.750000 ^ _248_/CLK (gf180mcu_fd_sc_mcu7t5v0__dffrnq_1)
                                 -0.235311  199.514679   library setup time
                                            199.514679   data required time
---------------------------------------------------------------------------------------------
                                            199.514679   data required time
                                            -40.965950   data arrival time
---------------------------------------------------------------------------------------------
                                            158.548737   slack (MET)


Startpoint: soft_rst_n (input port clocked by clk)
Endpoint: _249_ (rising edge-triggered flip-flop clocked by clk)
Path Group: clk
Path Type: max

Fanout         Cap        Slew       Delay        Time   Description
---------------------------------------------------------------------------------------------
                      0.150000    0.000000    0.000000   clock clk (rise edge)
                                  0.000000    0.000000   clock network delay (ideal)
                                 40.000000   40.000000 ^ input external delay
    23    0.078948    1.187674    0.662151   40.662151 ^ soft_rst_n (in)
                                                         soft_rst_n (net)
                      1.187674    0.000000   40.662151 ^ _120_/A1 (gf180mcu_fd_sc_mcu7t5v0__and2_1)
     1    0.003020    0.124179    0.303796   40.965950 ^ _120_/Z (gf180mcu_fd_sc_mcu7t5v0__and2_1)
                                                         _010_ (net)
                      0.124179    0.000000   40.965950 ^ _249_/D (gf180mcu_fd_sc_mcu7t5v0__dffrnq_1)
                                             40.965950   data arrival time

                      0.150000  200.000000  200.000000   clock clk (rise edge)
                                  0.000000  200.000000   clock network delay (ideal)
                                 -0.250000  199.750000   clock uncertainty
                                  0.000000  199.750000   clock reconvergence pessimism
                                            199.750000 ^ _249_/CLK (gf180mcu_fd_sc_mcu7t5v0__dffrnq_1)
                                 -0.235311  199.514679   library setup time
                                            199.514679   data required time
---------------------------------------------------------------------------------------------
                                            199.514679   data required time
                                            -40.965950   data arrival time
---------------------------------------------------------------------------------------------
                                            158.548737   slack (MET)


Startpoint: soft_rst_n (input port clocked by clk)
Endpoint: _250_ (rising edge-triggered flip-flop clocked by clk)
Path Group: clk
Path Type: max

Fanout         Cap        Slew       Delay        Time   Description
---------------------------------------------------------------------------------------------
                      0.150000    0.000000    0.000000   clock clk (rise edge)
                                  0.000000    0.000000   clock network delay (ideal)
                                 40.000000   40.000000 ^ input external delay
    23    0.078948    1.187674    0.662151   40.662151 ^ soft_rst_n (in)
                                                         soft_rst_n (net)
                      1.187674    0.000000   40.662151 ^ _121_/A1 (gf180mcu_fd_sc_mcu7t5v0__and2_1)
     1    0.003020    0.124179    0.303796   40.965950 ^ _121_/Z (gf180mcu_fd_sc_mcu7t5v0__and2_1)
                                                         _011_ (net)
                      0.124179    0.000000   40.965950 ^ _250_/D (gf180mcu_fd_sc_mcu7t5v0__dffrnq_1)
                                             40.965950   data arrival time

                      0.150000  200.000000  200.000000   clock clk (rise edge)
                                  0.000000  200.000000   clock network delay (ideal)
                                 -0.250000  199.750000   clock uncertainty
                                  0.000000  199.750000   clock reconvergence pessimism
                                            199.750000 ^ _250_/CLK (gf180mcu_fd_sc_mcu7t5v0__dffrnq_1)
                                 -0.235311  199.514679   library setup time
                                            199.514679   data required time
---------------------------------------------------------------------------------------------
                                            199.514679   data required time
                                            -40.965950   data arrival time
---------------------------------------------------------------------------------------------
                                            158.548737   slack (MET)


Startpoint: soft_rst_n (input port clocked by clk)
Endpoint: _251_ (rising edge-triggered flip-flop clocked by clk)
Path Group: clk
Path Type: max

Fanout         Cap        Slew       Delay        Time   Description
---------------------------------------------------------------------------------------------
                      0.150000    0.000000    0.000000   clock clk (rise edge)
                                  0.000000    0.000000   clock network delay (ideal)
                                 40.000000   40.000000 ^ input external delay
    23    0.078948    1.187674    0.662151   40.662151 ^ soft_rst_n (in)
                                                         soft_rst_n (net)
                      1.187674    0.000000   40.662151 ^ _122_/A1 (gf180mcu_fd_sc_mcu7t5v0__and2_1)
     1    0.003020    0.124179    0.303796   40.965950 ^ _122_/Z (gf180mcu_fd_sc_mcu7t5v0__and2_1)
                                                         _012_ (net)
                      0.124179    0.000000   40.965950 ^ _251_/D (gf180mcu_fd_sc_mcu7t5v0__dffrnq_1)
                                             40.965950   data arrival time

                      0.150000  200.000000  200.000000   clock clk (rise edge)
                                  0.000000  200.000000   clock network delay (ideal)
                                 -0.250000  199.750000   clock uncertainty
                                  0.000000  199.750000   clock reconvergence pessimism
                                            199.750000 ^ _251_/CLK (gf180mcu_fd_sc_mcu7t5v0__dffrnq_1)
                                 -0.235311  199.514679   library setup time
                                            199.514679   data required time
---------------------------------------------------------------------------------------------
                                            199.514679   data required time
                                            -40.965950   data arrival time
---------------------------------------------------------------------------------------------
                                            158.548737   slack (MET)


Startpoint: soft_rst_n (input port clocked by clk)
Endpoint: _252_ (rising edge-triggered flip-flop clocked by clk)
Path Group: clk
Path Type: max

Fanout         Cap        Slew       Delay        Time   Description
---------------------------------------------------------------------------------------------
                      0.150000    0.000000    0.000000   clock clk (rise edge)
                                  0.000000    0.000000   clock network delay (ideal)
                                 40.000000   40.000000 ^ input external delay
    23    0.078948    1.187674    0.662151   40.662151 ^ soft_rst_n (in)
                                                         soft_rst_n (net)
                      1.187674    0.000000   40.662151 ^ _123_/A1 (gf180mcu_fd_sc_mcu7t5v0__and2_1)
     1    0.003020    0.124179    0.303796   40.965950 ^ _123_/Z (gf180mcu_fd_sc_mcu7t5v0__and2_1)
                                                         _013_ (net)
                      0.124179    0.000000   40.965950 ^ _252_/D (gf180mcu_fd_sc_mcu7t5v0__dffrnq_1)
                                             40.965950   data arrival time

                      0.150000  200.000000  200.000000   clock clk (rise edge)
                                  0.000000  200.000000   clock network delay (ideal)
                                 -0.250000  199.750000   clock uncertainty
                                  0.000000  199.750000   clock reconvergence pessimism
                                            199.750000 ^ _252_/CLK (gf180mcu_fd_sc_mcu7t5v0__dffrnq_1)
                                 -0.235311  199.514679   library setup time
                                            199.514679   data required time
---------------------------------------------------------------------------------------------
                                            199.514679   data required time
                                            -40.965950   data arrival time
---------------------------------------------------------------------------------------------
                                            158.548737   slack (MET)


Startpoint: soft_rst_n (input port clocked by clk)
Endpoint: _253_ (rising edge-triggered flip-flop clocked by clk)
Path Group: clk
Path Type: max

Fanout         Cap        Slew       Delay        Time   Description
---------------------------------------------------------------------------------------------
                      0.150000    0.000000    0.000000   clock clk (rise edge)
                                  0.000000    0.000000   clock network delay (ideal)
                                 40.000000   40.000000 ^ input external delay
    23    0.078948    1.187674    0.662151   40.662151 ^ soft_rst_n (in)
                                                         soft_rst_n (net)
                      1.187674    0.000000   40.662151 ^ _116_/A1 (gf180mcu_fd_sc_mcu7t5v0__and2_1)
     1    0.003020    0.124179    0.303796   40.965950 ^ _116_/Z (gf180mcu_fd_sc_mcu7t5v0__and2_1)
                                                         _006_ (net)
                      0.124179    0.000000   40.965950 ^ _253_/D (gf180mcu_fd_sc_mcu7t5v0__dffrnq_1)
                                             40.965950   data arrival time

                      0.150000  200.000000  200.000000   clock clk (rise edge)
                                  0.000000  200.000000   clock network delay (ideal)
                                 -0.250000  199.750000   clock uncertainty
                                  0.000000  199.750000   clock reconvergence pessimism
                                            199.750000 ^ _253_/CLK (gf180mcu_fd_sc_mcu7t5v0__dffrnq_1)
                                 -0.235311  199.514679   library setup time
                                            199.514679   data required time
---------------------------------------------------------------------------------------------
                                            199.514679   data required time
                                            -40.965950   data arrival time
---------------------------------------------------------------------------------------------
                                            158.548737   slack (MET)


Startpoint: soft_rst_n (input port clocked by clk)
Endpoint: _254_ (rising edge-triggered flip-flop clocked by clk)
Path Group: clk
Path Type: max

Fanout         Cap        Slew       Delay        Time   Description
---------------------------------------------------------------------------------------------
                      0.150000    0.000000    0.000000   clock clk (rise edge)
                                  0.000000    0.000000   clock network delay (ideal)
                                 40.000000   40.000000 ^ input external delay
    23    0.078948    1.187674    0.662151   40.662151 ^ soft_rst_n (in)
                                                         soft_rst_n (net)
                      1.187674    0.000000   40.662151 ^ _117_/A1 (gf180mcu_fd_sc_mcu7t5v0__and2_1)
     1    0.003020    0.124179    0.303796   40.965950 ^ _117_/Z (gf180mcu_fd_sc_mcu7t5v0__and2_1)
                                                         _007_ (net)
                      0.124179    0.000000   40.965950 ^ _254_/D (gf180mcu_fd_sc_mcu7t5v0__dffrnq_1)
                                             40.965950   data arrival time

                      0.150000  200.000000  200.000000   clock clk (rise edge)
                                  0.000000  200.000000   clock network delay (ideal)
                                 -0.250000  199.750000   clock uncertainty
                                  0.000000  199.750000   clock reconvergence pessimism
                                            199.750000 ^ _254_/CLK (gf180mcu_fd_sc_mcu7t5v0__dffrnq_1)
                                 -0.235311  199.514679   library setup time
                                            199.514679   data required time
---------------------------------------------------------------------------------------------
                                            199.514679   data required time
                                            -40.965950   data arrival time
---------------------------------------------------------------------------------------------
                                            158.548737   slack (MET)


Startpoint: soft_rst_n (input port clocked by clk)
Endpoint: _255_ (rising edge-triggered flip-flop clocked by clk)
Path Group: clk
Path Type: max

Fanout         Cap        Slew       Delay        Time   Description
---------------------------------------------------------------------------------------------
                      0.150000    0.000000    0.000000   clock clk (rise edge)
                                  0.000000    0.000000   clock network delay (ideal)
                                 40.000000   40.000000 ^ input external delay
    23    0.078948    1.187674    0.662151   40.662151 ^ soft_rst_n (in)
                                                         soft_rst_n (net)
                      1.187674    0.000000   40.662151 ^ _118_/A1 (gf180mcu_fd_sc_mcu7t5v0__and2_1)
     1    0.003020    0.124179    0.303796   40.965950 ^ _118_/Z (gf180mcu_fd_sc_mcu7t5v0__and2_1)
                                                         _008_ (net)
                      0.124179    0.000000   40.965950 ^ _255_/D (gf180mcu_fd_sc_mcu7t5v0__dffrnq_1)
                                             40.965950   data arrival time

                      0.150000  200.000000  200.000000   clock clk (rise edge)
                                  0.000000  200.000000   clock network delay (ideal)
                                 -0.250000  199.750000   clock uncertainty
                                  0.000000  199.750000   clock reconvergence pessimism
                                            199.750000 ^ _255_/CLK (gf180mcu_fd_sc_mcu7t5v0__dffrnq_1)
                                 -0.235311  199.514679   library setup time
                                            199.514679   data required time
---------------------------------------------------------------------------------------------
                                            199.514679   data required time
                                            -40.965950   data arrival time
---------------------------------------------------------------------------------------------
                                            158.548737   slack (MET)


Startpoint: soft_rst_n (input port clocked by clk)
Endpoint: _256_ (rising edge-triggered flip-flop clocked by clk)
Path Group: clk
Path Type: max

Fanout         Cap        Slew       Delay        Time   Description
---------------------------------------------------------------------------------------------
                      0.150000    0.000000    0.000000   clock clk (rise edge)
                                  0.000000    0.000000   clock network delay (ideal)
                                 40.000000   40.000000 ^ input external delay
    23    0.078948    1.187674    0.662151   40.662151 ^ soft_rst_n (in)
                                                         soft_rst_n (net)
                      1.187674    0.000000   40.662151 ^ _119_/A1 (gf180mcu_fd_sc_mcu7t5v0__and2_1)
     1    0.003020    0.124179    0.303796   40.965950 ^ _119_/Z (gf180mcu_fd_sc_mcu7t5v0__and2_1)
                                                         _009_ (net)
                      0.124179    0.000000   40.965950 ^ _256_/D (gf180mcu_fd_sc_mcu7t5v0__dffrnq_1)
                                             40.965950   data arrival time

                      0.150000  200.000000  200.000000   clock clk (rise edge)
                                  0.000000  200.000000   clock network delay (ideal)
                                 -0.250000  199.750000   clock uncertainty
                                  0.000000  199.750000   clock reconvergence pessimism
                                            199.750000 ^ _256_/CLK (gf180mcu_fd_sc_mcu7t5v0__dffrnq_1)
                                 -0.235311  199.514679   library setup time
                                            199.514679   data required time
---------------------------------------------------------------------------------------------
                                            199.514679   data required time
                                            -40.965950   data arrival time
---------------------------------------------------------------------------------------------
                                            158.548737   slack (MET)


Startpoint: soft_rst_n (input port clocked by clk)
Endpoint: _243_ (rising edge-triggered flip-flop clocked by clk)
Path Group: clk
Path Type: max

Fanout         Cap        Slew       Delay        Time   Description
---------------------------------------------------------------------------------------------
                      0.150000    0.000000    0.000000   clock clk (rise edge)
                                  0.000000    0.000000   clock network delay (ideal)
                                 40.000000   40.000000 ^ input external delay
    23    0.078948    1.187674    0.662151   40.662151 ^ soft_rst_n (in)
                                                         soft_rst_n (net)
                      1.187674    0.000000   40.662151 ^ _115_/A2 (gf180mcu_fd_sc_mcu7t5v0__and2_1)
     1    0.003020    0.124141    0.257916   40.920067 ^ _115_/Z (gf180mcu_fd_sc_mcu7t5v0__and2_1)
                                                         _005_ (net)
                      0.124141    0.000000   40.920067 ^ _243_/D (gf180mcu_fd_sc_mcu7t5v0__dffrnq_1)
                                             40.920067   data arrival time

                      0.150000  200.000000  200.000000   clock clk (rise edge)
                                  0.000000  200.000000   clock network delay (ideal)
                                 -0.250000  199.750000   clock uncertainty
                                  0.000000  199.750000   clock reconvergence pessimism
                                            199.750000 ^ _243_/CLK (gf180mcu_fd_sc_mcu7t5v0__dffrnq_1)
                                 -0.235303  199.514694   library setup time
                                            199.514694   data required time
---------------------------------------------------------------------------------------------
                                            199.514694   data required time
                                            -40.920067   data arrival time
---------------------------------------------------------------------------------------------
                                            158.594620   slack (MET)



