net,length_um
clknet_3_0_0_clk_PAD2CORE,2.80208mm
clk_PAD2CORE,2.15385mm
clknet_3_4_0_clk_PAD2CORE,2.12074mm
clknet_3_7_0_clk_PAD2CORE,1.4648mm
clknet_3_6_0_clk_PAD2CORE,1.30138mm
clknet_3_2_0_clk_PAD2CORE,1.07136mm
net73,966.56µm
net85,951.49µm
net816,940.95µm
net817,865.81µm
net519,857.97µm
net74,852.88µm
clknet_3_1_0_clk_PAD2CORE,809.78µm
net242,796.01µm
net814,737.57µm
net605,714.25µm
i_chip_core.rst_n,670.7µm
net517,661.36µm
net488,658.67µm
clknet_3_5_0_clk_PAD2CORE,652.9µm
net511,652.6µm
net141,650.31µm
net241,643.64µm
net606,637.89µm
net509,637.02µm
net366,629.18µm
net815,628.98µm
net510,627.91µm
net496,620.88µm
clknet_2_1_0_clk_PAD2CORE,618.01µm
clknet_3_3_0_clk_PAD2CORE,612.38µm
net494,605µm
net571,604.69µm
net513,602.99µm
net484,597.16µm
net515,596.09µm
net302,593.14µm
net514,591.32µm
net505,589.32µm
net516,587.59µm
net422,579.9µm
net376,578.68µm
net1,577.15µm
clknet_2_3_0_clk_PAD2CORE,576.57µm
net492,571.35µm
net479,567.38µm
net490,567.38µm
net575,557.4µm
clknet_0_clk_PAD2CORE,555.01µm
net599,546.76µm
net813,546.61µm
net573,540.29µm
clknet_2_0_0_clk_PAD2CORE,536.02µm
net21,530.67µm
_01200_,529.81µm
net495,527.11µm
bidir_CORE2PAD\[3\],523.65µm
_00588_,521.41µm
net407,518.61µm
net405,513.01µm
net593,509.04µm
net527,508.73µm
net500,507.61µm
net595,505.17µm
net482,501.81µm
net303,501.3µm
net367,501.25µm
net497,499.06µm
net483,495.32µm
net487,494.07µm
net507,486.38µm
net544,482.16µm
clknet_2_2_0_clk_PAD2CORE,482.16µm
net602,480.78µm
net476,479.66µm
net27,478.34µm
net411,477.52µm
net579,476.86µm
i_chip_core.phase_state_x\[1\],474.47µm
net442,473.25µm
net471,472.69µm
net473,472.69µm
net538,471.06µm
net525,466.78µm
i_chip_core.signal_processor_y_inst.votes_in_phase\[2\],466.63µm
net380,466.53µm
net493,466.07µm
net123,465.56µm
net445,465.41µm
net481,463.81µm
net504,463.27µm
net486,462.76µm
net3,462.35µm
net534,462.2µm
net508,462µm
net443,461.49µm
net374,460.77µm
net540,458.08µm
net603,457.77µm
net350,456.65µm
_03798_,454.87µm
net536,454.34µm
i_chip_core.cfg_f_MEMS_fcw_y\[13\],451.41µm
net576,449.91µm
net444,449.22µm
i_chip_core.cfg_phase270_offset_y\[0\],449.17µm
net33,447.38µm
net498,446.59µm
_03797_,446.32µm
net604,445.3µm
i_chip_core.cal_timeout_y,444.18µm
net539,443.67µm
net478,441.02µm
_01067_,435.83µm
net439,434.94µm
net467,434.2µm
bidir_CORE2PAD\[5\],434.1µm
bidir_CORE2PAD\[11\],429.62µm
i_chip_core.cfg_phase90_offset_x\[7\],428.6µm
net122,428.04µm
net237,426.97µm
net566,425.7µm
net245,424.88µm
net464,424.17µm
net19,423.05µm
net528,422.44µm
net311,420.4µm
net475,419.69µm
i_chip_core.cfg_phase270_offset_y\[14\],418.98µm
i_chip_core.raw_edge2_y\[14\],415.72µm
net372,415.31µm
net543,413.33µm
i_chip_core.cfg_phase270_offset_x\[0\],412.26µm
net440,411.85µm
net546,411.65µm
net569,411.39µm
net139,410.73µm
net142,409.36µm
net261,409µm
net441,408.9µm
net574,408.44µm
net600,408.39µm
i_chip_core.cfg_phase90_offset_x\[14\],407.22µm
net542,407.12µm
net533,406.76µm
net20,406.3µm
net133,405.74µm
net741,402.33µm
net434,398.82µm
i_chip_core.wave_controller_x_inst.capture_step\[0\],398.77µm
net301,397.29µm
net502,397.24µm
_01070_,394.34µm
net438,394.34µm
i_chip_core.cfg_phase270_offset_y\[16\],394.29µm
net556,394.08µm
net547,393.88µm
_03687_,393.37µm
net127,393.37µm
net554,390.06µm
net239,389.4µm
net470,388.18µm
net425,386.5µm
i_chip_core.cfg_phase270_offset_x\[20\],385.43µm
net577,384.41µm
i_chip_core.raw_edge3_x\[20\],384.01µm
i_chip_core.delay_wave_cycle_y\[7\],382.78µm
net23,382.78µm
net596,380.85µm
net585,380.49µm
net567,380.08µm
i_chip_core.cfg_phase90_offset_y\[0\],379.88µm
_03820_,378.05µm
net466,377.13µm
i_chip_core.wave_controller_y_inst.capture_step\[0\],376.37µm
net7,375.91µm
net472,374.84µm
net535,374.74µm
i_chip_core.cfg_phase90_offset_x\[20\],374.18µm
net465,373.82µm
net477,373.72µm
net129,373.21µm
net459,372.83µm
i_chip_core.raw_edge3_y\[3\],372.5µm
i_chip_core.cfg_phase270_offset_y\[15\],371.99µm
net549,371.94µm
net389,371.76µm
i_chip_core.cfg_phase90_offset_y\[4\],370.77µm
i_chip_core.cfg_f_MEMS_fcw_y\[0\],370.46µm
net282,370.41µm
bidir_CORE2PAD\[9\],369.65µm
net572,367.81µm
net435,367.61µm
i_chip_core.cfg_f_MEMS_fcw_y\[14\],367.56µm
net6,364.2µm
net568,364.15µm
net489,363.49µm
net16,362.16µm
i_chip_core.raw_edge2_y\[20\],362.06µm
i_chip_core.cfg_phase270_offset_x\[5\],361.91µm
net461,361.86µm
net30,361.65µm
i_chip_core.cfg_phase90_offset_y\[12\],361.45µm
net416,361.45µm
net545,361.3µm
i_chip_core.raw_edge1_x\[20\],361.17µm
net136,359.21µm
net456,358.7µm
net550,358.6µm
_00005_,358.45µm
net598,357.99µm
i_chip_core.raw_edge3_y\[8\],356.92µm
net32,356.46µm
net565,356.46µm
net811,355.14µm
i_chip_core.cfg_phase270_offset_y\[2\],355.09µm
net240,354.53µm
clknet_leaf_58_clk_PAD2CORE,353.05µm
net520,352.69µm
net29,351.98µm
i_chip_core.phase_state_y\[1\],351.73µm
net452,351.37µm
net382,351.22µm
bidir_CORE2PAD\[10\],350.66µm
net584,350.66µm
net588,350.61µm
net592,350.61µm
net332,350.1µm
net388,349.18µm
net4,349.13µm
i_chip_core.cfg_phase90_offset_x\[0\],349.03µm
net5,349.03µm
net185,348.42µm
net512,348.42µm
net590,348.37µm
i_chip_core.raw_edge2_y\[3\],347.45µm
i_chip_core.state_machine_inst.state_q\[0\],347.3µm
net436,346.89µm
net257,345.67µm
i_chip_core.cfg_phase270_offset_x\[14\],345.52µm
i_chip_core.cfg_phase90_offset_x\[9\],345.44µm
i_chip_core.raw_edge3_x\[16\],344.5µm
i_chip_core.cfg_phase270_offset_x\[4\],344.04µm
i_chip_core.raw_edge1_x\[7\],343.43µm
net26,342.41µm
i_chip_core.jitter_flag_x,342.21µm
i_chip_core.cfg_phase90_offset_x\[5\],341.14µm
_03751_,340.58µm
i_chip_core.signal_processor_x_inst.votes_in_phase\[2\],339.97µm
i_chip_core.raw_edge1_y\[6\],339.51µm
net424,339.46µm
_04736_,339.36µm
_02298_,339.2µm
i_chip_core.raw_edge3_y\[16\],339µm
i_chip_core.raw_edge1_y\[16\],338.44µm
_03750_,337.78µm
i_chip_core.cfg_phase90_offset_x\[4\],337.78µm
i_chip_core.cfg_phase270_offset_y\[10\],337.73µm
net449,337.01µm
i_chip_core.cfg_phase90_offset_y\[6\],335.08µm
i_chip_core.raw_edge2_x\[16\],335.08µm
net537,335.08µm
net564,334.16µm
net559,333.86µm
_00615_,333.45µm
i_chip_core.spi_regs_inst.reg_wr_data\[7\],333.3µm
net458,332.84µm
net560,331.72µm
i_chip_core.input_in\[0\],331.53µm
i_chip_core.raw_edge1_x\[9\],331.06µm
i_chip_core.cfg_f_MEMS_fcw_y\[10\],330.45µm
net8,329.68µm
i_chip_core.cfg_phase270_offset_y\[5\],328.87µm
i_chip_core.raw_edge2_y\[4\],328.82µm
clknet_leaf_71_clk_PAD2CORE,328.31µm
net348,327.9µm
i_chip_core.wave_controller_y_inst.phase_acc\[12\],327.19µm
i_chip_core.signal_processor_y_inst.votes_out_phase\[1\],326.6µm
net480,326.12µm
net10,325.76µm
net11,325.61µm
net140,324.44µm
_00622_,323.88µm
net427,323.88µm
i_chip_core.cfg_phase90_offset_x\[12\],323.83µm
i_chip_core.raw_edge3_x\[10\],323.75µm
i_chip_core.delay_wave_cycle_y\[0\],323.37µm
net469,322.71µm
_00650_,322.66µm
net558,321.84µm
i_chip_core.raw_edge1_x\[18\],321.74µm
net548,321.18µm
i_chip_core.raw_edge3_x\[8\],321.03µm
net555,320.62µm
i_chip_core.jitter_flag_y,320.42µm
i_chip_core.raw_edge1_x\[19\],319.96µm
net121,319.4µm
i_chip_core.signal_processor_y_inst.votes_in_phase\[1\],319.3µm
net316,318.84µm
_04580_,318.69µm
i_chip_core.delay_wave_cycle_y\[1\],318.38µm
net124,317.92µm
net134,317.92µm
i_chip_core.cfg_phase270_offset_x\[19\],317.67µm
net120,317.36µm
net209,316.7µm
net437,316.55µm
i_chip_core.cfg_phase270_offset_y\[13\],316.5µm
i_chip_core.raw_edge1_y\[3\],316.5µm
i_chip_core.cfg_phase270_offset_y\[12\],315.43µm
_02360_,314.97µm
i_chip_core.cfg_phase90_offset_x\[8\],314.82µm
net812,312.58µm
_00649_,312.22µm
net462,311.74µm
net368,310.03µm
_00617_,309.22µm
net685,309.22µm
i_chip_core.cfg_f_MEMS_fcw_y\[2\],308.66µm
i_chip_core.cal_dir_y,308.61µm
i_chip_core.cfg_phase270_offset_y\[1\],308.2µm
i_chip_core.raw_edge3_x\[18\],308.1µm
i_chip_core.cfg_phase90_offset_y\[14\],307.69µm
_02657_,306.04µm
i_chip_core.raw_edge1_x\[1\],305.4µm
net100,305.4µm
net176,305.35µm
net395,305.35µm
i_chip_core.cfg_phase90_offset_x\[17\],305.3µm
i_chip_core.raw_edge1_y\[19\],305.3µm
i_chip_core.raw_edge3_x\[11\],305.25µm
i_chip_core.wave_controller_y_inst.phase_acc\[13\],304.79µm
i_chip_core.signal_processor_x_inst.votes_out_phase\[0\],304.74µm
net130,304.28µm
i_chip_core.cfg_phase90_offset_x\[10\],303.67µm
i_chip_core.raw_edge1_y\[20\],303.67µm
net278,303.67µm
i_chip_core.cfg_phase270_offset_x\[16\],303.16µm
net485,302.96µm
net9,302.69µm
net190,302.6µm
i_chip_core.cal_phase0_offset_x\[0\],302.45µm
_00614_,301.63µm
i_chip_core.raw_edge3_y\[11\],301.53µm
i_chip_core.cfg_phase90_offset_x\[13\],301.48µm
net562,300.66µm
i_chip_core.raw_edge2_y\[19\],300.41µm
i_chip_core.raw_edge3_y\[6\],300.36µm
net541,299.7µm
net163,299.14µm
net433,299.14µm
_00620_,298.53µm
net657,298.53µm
i_chip_core.cfg_phase90_offset_y\[3\],298.07µm
i_chip_core.cfg_phase90_offset_y\[19\],298.02µm
net268,298.02µm
net214,297.87µm
net414,297.66µm
net447,296.59µm
i_chip_core.delay_wave_cycle_x\[3\],296.34µm
i_chip_core.raw_edge2_y\[2\],296.34µm
i_chip_core.cfg_phase90_offset_x\[18\],294.71µm
i_chip_core.boot_complete,294.66µm
net379,294.61µm
_00621_,294.2µm
i_chip_core.raw_edge2_y\[5\],294.2µm
net22,293.84µm
_01435_,293.44µm
_02764_,293.09µm
i_chip_core.signal_processor_y_inst.votes_out_phase\[3\],293.01µm
net553,292.93µm
net260,291.96µm
net423,291.96µm
net460,291.91µm
_00618_,291.4µm
net392,290.79µm
net165,290.59µm
net283,290.18µm
net196,289.72µm
net309,289.52µm
bidir_CORE2PAD\[12\],288.55µm
_02332_,288.5µm
i_chip_core.cfg_phase270_offset_x\[13\],288.04µm
net451,288.04µm
net463,287.94µm
net323,285.36µm
net499,285.14µm
i_chip_core.raw_edge3_x\[9\],284.27µm
net264,284.22µm
_03237_,284.09µm
_02325_,283.51µm
net394,283.05µm
i_chip_core.cfg_phase270_offset_x\[2\],282.9µm
i_chip_core.cfg_phase270_offset_y\[9\],282.49µm
net426,281.93µm
net137,281.73µm
i_chip_core.spi_miso_oe,281.17µm
net243,281.17µm
_03385_,280µm
net267,279.18µm
i_chip_core.raw_edge1_y\[1\],278.42µm
net415,278.11µm
_00653_,277.91µm
net468,277.86µm
net164,277.76µm
i_chip_core.wave_controller_y_inst.phase_acc\[14\],277.4µm
net369,277.4µm
net551,277.4µm
net258,277.35µm
i_chip_core.cfg_phase90_offset_y\[9\],276.84µm
i_chip_core.raw_edge2_y\[0\],276.33µm
clknet_leaf_2_clk_PAD2CORE,276.33µm
i_chip_core.cfg_phase90_offset_y\[10\],276.13µm
net701,275.67µm
i_chip_core.cfg_f_MEMS_fcw_y\[3\],275.57µm
i_chip_core.signal_processor_x_inst.votes_out_phase\[1\],275.52µm
net597,274.7µm
i_chip_core.phase_state_y\[0\],273.89µm
net331,273.48µm
i_chip_core.raw_edge1_y\[5\],273.43µm
_04718_,273.38µm
i_chip_core.raw_edge2_x\[13\],272.97µm
net583,272.82µm
_02297_,272.46µm
clknet_leaf_26_clk_PAD2CORE,272.46µm
net430,271.8µm
i_chip_core.raw_edge1_y\[9\],271.34µm
_00616_,271.14µm
i_chip_core.cfg_phase270_offset_x\[12\],271.09µm
net457,270.68µm
net418,270.27µm
i_chip_core.raw_edge2_y\[18\],270.22µm
i_chip_core.cfg_phase90_offset_y\[11\],269.97µm
net76,269.87µm
net810,269.51µm
net518,269.16µm
net552,269µm
_00652_,268.39µm
net179,268.39µm
net15,267.93µm
i_chip_core.raw_edge2_x\[5\],267.88µm
clknet_leaf_8_clk_PAD2CORE,267.37µm
_04735_,266.2µm
_01432_,266.15µm
_01666_,266.15µm
i_chip_core.wave_controller_x_inst.phase_acc\[13\],265.84µm
net383,265.79µm
i_chip_core.raw_edge2_x\[12\],265.69µm
_02268_,265.49µm
i_chip_core.phase_state_x\[0\],265.49µm
i_chip_core.signal_processor_y_inst.votes_in_phase\[3\],265.12µm
net161,264.98µm
i_chip_core.cfg_f_MEMS_fcw_y\[4\],264.93µm
net632,264.47µm
_02334_,263.35µm
_00623_,262.79µm
net254,262.74µm
net809,262.74µm
net313,261.67µm
i_chip_core.raw_edge1_x\[8\],261.51µm
_00651_,261.11µm
_04713_,261.06µm
net327,260.45µm
net370,260.04µm
i_chip_core.cfg_phase270_offset_y\[11\],259.94µm
net522,259.48µm
net125,259.43µm
_00567_,258.97µm
net126,258.46µm
net262,257.9µm
net271,257.42µm
net429,257.34µm
i_chip_core.delay_wave_cycle_x\[7\],257.14µm
net330,255.66µm
i_chip_core.raw_edge2_x\[17\],255.05µm
net601,254.85µm
i_chip_core.spi_regs_inst.mosi_sync\[0\],253.12µm
i_chip_core.raw_edge2_x\[3\],253.11µm
net734,252.66µm
net199,252.2µm
_02398_,252.1µm
i_chip_core.spi_regs_inst.spi_addr\[4\],252.1µm
i_chip_core.raw_edge2_x\[19\],251.79µm
net208,251.64µm
_04729_,250.98µm
i_chip_core.raw_edge1_x\[13\],250.67µm
_04715_,249.81µm
net212,249.35µm
i_chip_core.cal_dir_x,249.3µm
i_chip_core.raw_edge3_x\[5\],248.94µm
net293,248.89µm
i_chip_core.spi_regs_inst.spi_addr\[5\],248.74µm
net63,248.64µm
net205,248.13µm
i_chip_core.cfg_phase270_offset_y\[7\],247.67µm
_02294_,247.62µm
i_chip_core.raw_edge3_y\[15\],247.11µm
i_chip_core.cfg_phase270_offset_x\[10\],247.06µm
i_chip_core.cfg_phase90_offset_x\[6\],247.06µm
_00659_,246.6µm
i_chip_core.cfg_phase90_offset_y\[5\],246.5µm
i_chip_core.raw_edge1_x\[10\],245.53µm
clknet_leaf_36_clk_PAD2CORE,244.36µm
i_chip_core.signal_processor_y_inst.votes_in_phase\[0\],244.26µm
_03038_,244.21µm
i_chip_core.raw_edge2_y\[13\],243.85µm
clknet_leaf_10_clk_PAD2CORE,243.39µm
net175,243.01µm
net320,242.73µm
_00603_,242.27µm
clknet_leaf_64_clk_PAD2CORE,242.12µm
i_chip_core.cfg_f_MEMS_fcw_y\[7\],241.97µm
net763,241.97µm
_02347_,241.51µm
i_chip_core.raw_edge1_x\[16\],241µm
i_chip_core.raw_edge1_y\[13\],240.44µm
net246,239.83µm
net581,239.42µm
i_chip_core.raw_edge2_y\[12\],239.32µm
net523,239.27µm
net131,239.17µm
_04586_,238.61µm
_00580_,238.35µm
net306,238.05µm
clknet_leaf_59_clk_PAD2CORE,237.41µm
_01066_,236.52µm
net187,236.52µm
i_chip_core.cfg_phase90_offset_y\[13\],236.47µm
i_chip_core.cfg_phase270_offset_x\[17\],236.42µm
net310,236.32µm
net37,235.86µm
clknet_leaf_25_clk_PAD2CORE,235.5µm
_02304_,235.4µm
i_chip_core.delay_wave_cycle_x\[6\],235.35µm
_00579_,234.94µm
i_chip_core.cfg_phase90_offset_y\[7\],234.79µm
i_chip_core.latch_error_y,234.18µm
net252,233.72µm
net453,233.62µm
_04681_,233.57µm
net24,232.65µm
i_chip_core.raw_edge1_x\[12\],232.6µm
i_chip_core.raw_edge2_x\[14\],232.6µm
_04727_,232.45µm
i_chip_core.cfg_phase90_offset_y\[20\],231.94µm
i_chip_core.cfg_phase90_offset_y\[8\],231.56µm
net43,231.43µm
i_chip_core.raw_edge1_y\[15\],231.38µm
i_chip_core.signal_processor_x_inst.votes_in_phase\[1\],231.38µm
net193,231.38µm
i_chip_core.signal_processor_x_inst.votes_out_phase\[2\],229.77µm
i_chip_core.cfg_phase90_offset_y\[16\],229.75µm
_03117_,228.63µm
i_chip_core.raw_edge1_x\[6\],228.17µm
net347,227.76µm
_02340_,227.46µm
net531,226.54µm
i_chip_core.cfg_phase270_offset_x\[18\],225.78µm
_02321_,225.27µm
i_chip_core.raw_edge3_y\[4\],225.27µm
i_chip_core.state_machine_inst.state_q\[1\],225.27µm
_01394_,224.76µm
_02278_,224.76µm
net290,224.61µm
_03052_,224.56µm
i_chip_core.raw_edge3_x\[17\],224.05µm
net446,222.93µm
net321,222.72µm
_02302_,222.47µm
i_chip_core.raw_edge2_y\[11\],222.47µm
net65,221.25µm
net295,220.74µm
net112,220.69µm
net393,220.53µm
net333,220.33µm
_02299_,219.72µm
clknet_leaf_19_clk_PAD2CORE,219.26µm
clknet_leaf_46_clk_PAD2CORE,219.11µm
net58,218.7µm
_02878_,218.6µm
i_chip_core.cfg_f_MEMS_fcw_y\[15\],218.55µm
net432,217.99µm
net628,217.99µm
net286,217.94µm
i_chip_core.raw_edge1_x\[3\],217.66µm
_02265_,217.58µm
i_chip_core.raw_edge3_x\[6\],216.46µm
i_chip_core.raw_edge2_x\[10\],215.75µm
i_chip_core.raw_edge3_x\[7\],215.39µm
net346,215.04µm
net386,214.98µm
_02158_,214.91µm
net280,214.73µm
net59,214.22µm
i_chip_core.spi_regs_inst.cs_n_sync,213.97µm
clknet_leaf_29_clk_PAD2CORE,213.66µm
i_chip_core.cfg_phase90_offset_y\[17\],213.41µm
i_chip_core.cfg_phase90_offset_y\[18\],213.41µm
net524,213.05µm
i_chip_core.cfg_phase90_offset_x\[15\],212.9µm
i_chip_core.raw_edge2_y\[16\],212.54µm
net106,212.29µm
i_chip_core.wave_controller_x_inst.phase_acc\[0\],211.42µm
i_chip_core.raw_edge2_y\[7\],211.27µm
_01390_,211.17µm
net103,211.1µm
_02348_,210.71µm
i_chip_core.wave_controller_x_inst.phase_acc\[3\],210.35µm
net53,210.1µm
net315,210.05µm
_01221_,209.73µm
net319,209.13µm
i_chip_core.cfg_phase270_offset_y\[18\],209.03µm
_03230_,208.88µm
_01925_,208.47µm
_04714_,208.32µm
i_chip_core.cfg_phase270_offset_x\[7\],207.96µm
i_chip_core.spi_regs_inst.reg_wr_data\[5\],207.91µm
net253,207.86µm
_03700_,207.76µm
i_chip_core.cfg_phase90_offset_y\[1\],207.35µm
i_chip_core.raw_edge1_y\[11\],207.35µm
clknet_leaf_9_clk_PAD2CORE,207.3µm
_03167_,207.2µm
i_chip_core.wave_controller_y_inst.phase_acc\[16\],206.63µm
net210,206.28µm
net107,206.08µm
_04733_,205.57µm
net105,205.16µm
net720,205.06µm
net506,204.5µm
_03055_,203.99µm
clknet_leaf_0_clk_PAD2CORE,203.99µm
net557,203.99µm
_00634_,203.68µm
net143,203.38µm
net633,203.38µm
_03017_,203.33µm
i_chip_core.cfg_phase270_offset_y\[8\],203.33µm
net284,203.33µm
clknet_leaf_20_clk_PAD2CORE,203.12µm
i_chip_core.cfg_phase270_offset_x\[6\],202.82µm
i_chip_core.wave_controller_x_inst.phase_acc\[2\],202.41µm
_02358_,202.31µm
net474,202.31µm
_02609_,202.26µm
i_chip_core.signal_processor_y_inst.comp_sync,202.21µm
_02749_,202.16µm
_00619_,201.7µm
clknet_leaf_56_clk_PAD2CORE,201.7µm
clknet_leaf_69_clk_PAD2CORE,201.19µm
_03106_,200.58µm
i_chip_core.raw_edge3_y\[14\],200.58µm
net110,200.48µm
i_chip_core.wave_controller_x_inst.phase_acc\[16\],200.22µm
_02312_,200.17µm
i_chip_core.cfg_phase270_offset_x\[15\],200.12µm
net275,200.07µm
_02105_,199.97µm
i_chip_core.cfg_phase270_offset_x\[8\],199.51µm
net704,199.36µm
clknet_leaf_51_clk_PAD2CORE,199.1µm
net17,199.05µm
net39,198.8µm
_02370_,198.39µm
_00624_,198.34µm
_02271_,198.29µm
_00610_,198.03µm
_02400_,197.88µm
i_chip_core.wave_controller_y_inst.phase_acc\[3\],197.88µm
i_chip_core.raw_edge1_x\[0\],197.73µm
net48,197.68µm
_02933_,197.32µm
_02773_,197.3µm
i_chip_core.cfg_phase90_offset_y\[15\],197.22µm
_03890_,196.09µm
_03236_,196.05µm
bidir_CORE2PAD\[13\],196.05µm
_03155_,196µm
i_chip_core.raw_edge2_x\[18\],195.59µm
net183,195.54µm
_00569_,194.98µm
_04738_,194.98µm
i_chip_core.raw_edge3_x\[3\],194.87µm
_03013_,194.73µm
_03179_,194.48µm
_00855_,194.47µm
net111,194.38µm
_00571_,193.86µm
bidir_CORE2PAD\[7\],193.86µm
net300,193.86µm
_04716_,193.76µm
_00657_,193.4µm
_03111_,193.25µm
_03116_,193.25µm
net144,192.89µm
net661,192.89µm
clknet_leaf_17_clk_PAD2CORE,192.84µm
net292,192.74µm
_00978_,192.18µm
i_chip_core.cfg_phase90_offset_x\[11\],192.13µm
clknet_leaf_68_clk_PAD2CORE,191.72µm
net248,191.67µm
_00568_,191.06µm
_00658_,190.6µm
i_chip_core.wave_controller_y_inst.phase_acc\[19\],190.55µm
_01386_,190.45µm
i_chip_core.cfg_f_MEMS_fcw_y\[11\],189.94µm
net162,189.89µm
clknet_leaf_34_clk_PAD2CORE,189.58µm
i_chip_core.cfg_phase270_offset_y\[17\],189.38µm
net532,188.97µm
_00597_,188.92µm
_02916_,188.91µm
net680,188.77µm
net417,187.75µm
net683,187.7µm
_02329_,187.6µm
net521,187.19µm
i_chip_core.spi_regs_inst.spi_addr\[6\],187.14µm
net420,186.78µm
clknet_leaf_47_clk_PAD2CORE,186.68µm
_03054_,186.12µm
net180,186.02µm
i_chip_core.raw_edge2_y\[10\],185.76µm
net38,185.46µm
net943,185.46µm
_03225_,185.33µm
net384,185.25µm
_03010_,184.9µm
net732,184.9µm
net665,184.39µm
net807,184.34µm
i_chip_core.raw_edge2_x\[15\],183.88µm
net673,183.83µm
i_chip_core.spi_regs_inst.reg_wr_data\[6\],183.78µm
net709,183.78µm
i_chip_core.signal_processor_x_inst.votes_in_phase\[0\],183.73µm
net428,183.37µm
clknet_leaf_31_clk_PAD2CORE,183.37µm
clknet_leaf_60_clk_PAD2CORE,183.37µm
net944,183.12µm
net220,182.71µm
i_chip_core.cfg_phase270_offset_y\[6\],182.66µm
i_chip_core.wave_controller_y_inst.phase_acc\[9\],182.66µm
i_chip_core.raw_edge3_x\[13\],182.61µm
net167,182.2µm
net247,182.05µm
clknet_leaf_27_clk_PAD2CORE,182.02µm
i_chip_core.signal_processor_y_inst.votes_out_phase\[0\],181.54µm
i_chip_core.wave_controller_y_inst.phase_acc\[2\],181.23µm
net299,180.98µm
i_chip_core.signal_processor_x_inst.s90_pipe\[3\],179.96µm
net197,179.81µm
net352,179.5µm
i_chip_core.state_machine_inst.state_q\[2\],179.35µm
i_chip_core.raw_edge3_y\[20\],179.3µm
net942,179.2µm
i_chip_core.wave_controller_x_inst.phase_acc\[5\],178.99µm
net42,178.84µm
net207,178.79µm
net771,178.74µm
_01419_,178.69µm
_02516_,178.69µm
net737,178.69µm
i_chip_core.raw_edge3_y\[12\],178.33µm
_02793_,177.01µm
i_chip_core.raw_edge3_y\[17\],177.01µm
_00585_,176.65µm
clknet_leaf_28_clk_PAD2CORE,176.65µm
_02768_,176.5µm
net211,176.45µm
_02338_,176.4µm
clknet_leaf_6_clk_PAD2CORE,176.14µm
clknet_leaf_12_clk_PAD2CORE,176.14µm
i_chip_core.wave_controller_y_inst.wave_cycle_cnt\[6\],175.48µm
net170,175.43µm
bidir_CORE2PAD\[4\],175.33µm
net155,175.33µm
i_chip_core.cal_phase0_offset_y\[0\],174.87µm
clknet_leaf_50_clk_PAD2CORE,174.87µm
net308,174.21µm
i_chip_core.raw_edge3_y\[5\],173.85µm
net265,173.7µm
_03005_,173.6µm
net431,173.34µm
i_chip_core.raw_edge1_y\[10\],173.29µm
i_chip_core.raw_edge2_x\[6\],173.29µm
_03178_,172.7µm
i_chip_core.wave_controller_x_inst.phase_acc\[12\],172.53µm
_03211_,172.48µm
_00573_,171.97µm
_02308_,171.51µm
i_chip_core.raw_edge1_x\[15\],171.46µm
net796,171.41µm
net77,170.95µm
i_chip_core.cfg_phase270_offset_x\[9\],170.9µm
net217,170.9µm
_02178_,170.85µm
i_chip_core.spi_regs_inst.spi_addr\[1\],170.85µm
_03021_,170.8µm
net57,170.64µm
i_chip_core.wave_controller_x_inst.phase_acc\[10\],170.59µm
_03851_,170.54µm
_04704_,170.39µm
i_chip_core.cal_timeout_x,170.34µm
i_chip_core.raw_edge2_x\[11\],170.34µm
i_chip_core.latch_error_x,170.29µm
i_chip_core.raw_edge2_x\[9\],169.93µm
clknet_leaf_67_clk_PAD2CORE,169.93µm
net276,169.88µm
_02359_,169.78µm
_02301_,169.22µm
_02991_,169.17µm
_03160_,169.17µm
clknet_leaf_13_clk_PAD2CORE,168.91µm
clknet_leaf_45_clk_PAD2CORE,168.91µm
net715,168.66µm
net226,168.61µm
i_chip_core.wave_controller_y_inst.phase_acc\[8\],168.15µm
i_chip_core.wave_controller_y_inst.phase_acc\[1\],168.1µm
net722,168µm
clknet_leaf_35_clk_PAD2CORE,167.64µm
_01665_,167.54µm
net671,167.54µm
_03209_,167.49µm
i_chip_core.cfg_phase270_offset_y\[19\],167.49µm
i_chip_core.wave_controller_x_inst.phase_acc\[7\],167.46µm
i_chip_core.raw_edge3_x\[14\],167.03µm
net168,167.03µm
_04280_,166.98µm
_02930_,166.93µm
_04135_,166.93µm
_01661_,166.88µm
_02896_,166.88µm
clknet_leaf_52_clk_PAD2CORE,166.67µm
net204,166.42µm
_00757_,166.01µm
i_chip_core.wave_controller_y_inst.phase_acc\[10\],165.96µm
net561,165.96µm
_03977_,165.91µm
net797,165.81µm
clknet_leaf_55_clk_PAD2CORE,165.55µm
net563,165.45µm
_02901_,165.2µm
_04651_,165.2µm
clknet_leaf_44_clk_PAD2CORE,164.99µm
i_chip_core.spi_regs_inst.spi_addr\[3\],164.94µm
i_chip_core.cfg_phase90_offset_y\[2\],164.89µm
_01636_,164.84µm
net296,164.84µm
net25,164.74µm
clknet_leaf_30_clk_PAD2CORE,164.74µm
_02275_,164.69µm
_02710_,164.69µm
net213,164.69µm
_03086_,164.64µm
clknet_leaf_23_clk_PAD2CORE,164.33µm
_00788_,164.23µm
_02394_,164.23µm
net740,164.23µm
_00777_,164.18µm
clknet_leaf_49_clk_PAD2CORE,163.87µm
_04728_,163.52µm
_00645_,163.26µm
clknet_leaf_43_clk_PAD2CORE,163.16µm
_00856_,163.11µm
_02140_,163.11µm
i_chip_core.raw_edge1_y\[8\],163.11µm
i_chip_core.raw_edge1_x\[5\],163.06µm
i_chip_core.spi_regs_inst.spi_addr\[2\],163.06µm
net171,163.06µm
i_chip_core.raw_edge1_x\[11\],162.7µm
clknet_leaf_63_clk_PAD2CORE,162.6µm
_03123_,162.45µm
i_chip_core.cfg_phase270_offset_y\[20\],162.45µm
net413,162.14µm
clknet_leaf_32_clk_PAD2CORE,162.14µm
_02288_,162.09µm
_02903_,162.04µm
net146,161.94µm
_02322_,161.58µm
_02285_,161.43µm
_02879_,161.38µm
net194,161.33µm
clknet_leaf_37_clk_PAD2CORE,160.41µm
net181,160.31µm
_01293_,160.16µm
_03081_,159.96µm
clknet_leaf_40_clk_PAD2CORE,159.8µm
_03025_,159.7µm
net328,159.34µm
net624,159.19µm
net288,159.09µm
clknet_leaf_54_clk_PAD2CORE,158.88µm
bidir_CORE2PAD\[14\],158.63µm
i_chip_core.cfg_phase270_offset_x\[3\],158.53µm
_00857_,157.46µm
net291,157.46µm
i_chip_core.signal_processor_y_inst.votes_out_phase\[2\],157.36µm
net770,157µm
clknet_leaf_16_clk_PAD2CORE,156.95µm
_03891_,156.9µm
net189,156.85µm
net666,156.85µm
net607,156.44µm
clknet_leaf_70_clk_PAD2CORE,156.24µm
i_chip_core.wave_controller_y_inst.phase_acc\[5\],155.73µm
_00606_,155.37µm
clknet_leaf_24_clk_PAD2CORE,155.37µm
net767,155.32µm
_02910_,155.17µm
net695,155.17µm
net329,155.01µm
clknet_leaf_33_clk_PAD2CORE,154.81µm
net215,154.71µm
net231,154.71µm
net689,154.71µm
net377,154.35µm
net662,154.1µm
clknet_leaf_65_clk_PAD2CORE,154.05µm
i_chip_core.wave_controller_x_inst.phase_acc\[11\],153.64µm
_01373_,153.59µm
i_chip_core.signal_processor_x_inst.votes_in_phase\[3\],153.54µm
net272,153.49µm
i_chip_core.raw_edge3_x\[19\],153.03µm
net188,153.03µm
clknet_leaf_4_clk_PAD2CORE,152.57µm
i_chip_core.wave_controller_y_inst.capture_pending,152.42µm
clknet_leaf_21_clk_PAD2CORE,152.42µm
_02738_,151.76µm
_01213_,151.35µm
net182,151.25µm
_01433_,150.74µm
_02355_,150.69µm
net614,150.69µm
net195,150.28µm
net304,150.23µm
net375,150.18µm
net710,150.18µm
bidir_CORE2PAD\[16\],150.13µm
_00775_,149.72µm
_02345_,149.63µm
net186,149.62µm
_03031_,149.52µm
bidir_CORE2PAD\[17\],149.16µm
net638,149.11µm
_00640_,149.06µm
net158,149.06µm
_02784_,149.01µm
i_chip_core.signal_processor_x_inst.votes_out_phase\[3\],149.01µm
_02990_,148.96µm
clknet_leaf_11_clk_PAD2CORE,148.6µm
i_chip_core.raw_edge3_y\[13\],148.55µm
net235,148.55µm
i_chip_core.cfg_f_MEMS_fcw_x\[11\],148.45µm
net325,148.45µm
_02790_,148.4µm
_03262_,148.4µm
net351,148.39µm
net529,148.09µm
_03088_,147.94µm
net75,147.89µm
net270,147.84µm
clknet_leaf_57_clk_PAD2CORE,147.63µm
net281,147.38µm
_02335_,146.92µm
net132,146.87µm
net681,146.87µm
net419,146.82µm
net147,146.77µm
clknet_leaf_61_clk_PAD2CORE,146.41µm
clknet_leaf_66_clk_PAD2CORE,146.41µm
_03386_,146.31µm
net230,146.31µm
_03156_,146.26µm
net153,145.65µm
_00776_,145.6µm
i_chip_core.cfg_phase270_offset_x\[11\],145.09µm
_02292_,144.63µm
net345,144.63µm
_03985_,144.53µm
clknet_leaf_18_clk_PAD2CORE,144.27µm
clknet_leaf_38_clk_PAD2CORE,144.27µm
clknet_leaf_53_clk_PAD2CORE,144.22µm
i_chip_core.raw_edge3_y\[7\],144.17µm
i_chip_core.wave_controller_y_inst.wave_cycle_cnt\[7\],144.12µm
net580,143.97µm
net202,143.51µm
net719,143.46µm
i_chip_core.raw_edge2_y\[6\],143.41µm
i_chip_core.signal_processor_x_inst.comp_sync,143.41µm
_01423_,143.34µm
clknet_leaf_62_clk_PAD2CORE,143.1µm
net178,143µm
net128,142.95µm
net326,142.9µm
i_chip_core.raw_edge2_y\[17\],142.85µm
_02283_,142.39µm
i_chip_core.raw_edge3_y\[19\],142.39µm
_02492_,142.34µm
bidir_CORE2PAD\[15\],142.34µm
bidir_CORE2PAD\[18\],142.29µm
net203,142.29µm
net198,142.24µm
_00600_,141.98µm
i_chip_core.raw_edge1_x\[14\],141.78µm
net691,141.73µm
i_chip_core.cfg_f_MEMS_fcw_x\[14\],141.27µm
net219,141.27µm
_01668_,141.17µm
i_chip_core.cal_phase0_offset_x\[1\],141.17µm
_02344_,141.12µm
_03073_,140.66µm
_04376_,140.66µm
net274,140.66µm
net631,140.61µm
i_chip_core.raw_edge3_y\[18\],140.25µm
_02803_,140.05µm
net285,139.69µm
i_chip_core.raw_edge2_x\[7\],139.64µm
i_chip_core.wave_controller_y_inst.wave_cycle_cnt\[3\],139.59µm
net390,139.59µm
_03177_,139.49µm
net501,139.44µm
clknet_leaf_41_clk_PAD2CORE,139.33µm
net297,139.23µm
_00570_,139.13µm
net244,139.08µm
net173,138.98µm
net358,138.57µm
_02293_,138.42µm
_02324_,138.42µm
_02988_,138.32µm
net677,138.09µm
net421,137.96µm
_02512_,137.91µm
net200,137.81µm
net530,137.6µm
_03888_,137.4µm
i_chip_core.wave_controller_x_inst.phase_acc\[9\],137.4µm
net682,137.35µm
_03269_,137.2µm
_00583_,136.79µm
bidir_CORE2PAD\[19\],136.79µm
net221,136.79µm
_02974_,136.69µm
net619,136.69µm
net287,136.23µm
net324,136.18µm
_03108_,136.08µm
_00736_,135.82µm
_01371_,135.72µm
net184,135.67µm
net216,135.62µm
_03051_,135.57µm
_03270_,135.57µm
net294,135.57µm
net730,135.57µm
_03109_,135.11µm
net148,135.11µm
_01993_,135.01µm
_02427_,135.01µm
_00843_,134.96µm
_04284_,134.45µm
_03215_,133.89µm
net269,133.89µm
_01212_,133.43µm
net684,133.38µm
_01379_,133.33µm
_01068_,132.82µm
_02349_,132.36µm
_00604_,132.26µm
_03074_,132.26µm
net679,131.14µm
net169,131.09µm
_03130_,130.85µm
i_chip_core.raw_edge3_x\[15\],130.63µm
_02904_,130.58µm
net781,130.12µm
_03972_,130.07µm
net317,130.07µm
i_chip_core.wave_controller_x_inst.phase_acc\[17\],130.02µm
_01231_,129.97µm
net298,129.97µm
net450,129.41µm
net289,129.05µm
clknet_leaf_7_clk_PAD2CORE,129.05µm
_02287_,128.95µm
_03011_,128.9µm
_04682_,128.85µm
net2,128.85µm
net731,128.85µm
_00639_,128.39µm
net801,128.39µm
net69,128.34µm
net760,128.34µm
_04378_,128.24µm
i_chip_core.wave_controller_x_inst.phase_acc\[4\],128.03µm
_00744_,127.78µm
i_chip_core.signal_processor_x_inst.s270_pipe\[3\],127.78µm
net718,127.78µm
i_chip_core.cfg_f_MEMS_fcw_x\[6\],127.68µm
net747,127.32µm
net448,127.22µm
_03213_,127.17µm
net623,127.17µm
_02101_,127.12µm
net149,126.61µm
_02778_,126.56µm
_00698_,126.25µm
bidir_CORE2PAD\[0\],126.15µm
i_chip_core.wave_controller_y_inst.phase_acc\[7\],126.15µm
_00854_,126.1µm
_01133_,126.1µm
i_chip_core.spi_regs_inst.reg_wr_addr\[1\],126.1µm
_02144_,126.05µm
net97,126.05µm
_01245_,126µm
i_chip_core.wave_controller_y_inst.phase_acc\[6\],125.69µm
i_chip_core.wave_controller_y_inst.phase_acc\[4\],125.64µm
net223,125.54µm
_02274_,125.49µm
_02284_,125.49µm
_02339_,125.49µm
clknet_leaf_42_clk_PAD2CORE,124.62µm
_04734_,124.42µm
i_chip_core.raw_edge1_y\[14\],123.91µm
i_chip_core.wave_controller_y_inst.wave_cycle_cnt\[0\],123.91µm
net787,123.86µm
_02639_,123.81µm
_03253_,123.76µm
net335,123.6µm
_00609_,123.3µm
i_chip_core.phase_offset_imported,123.25µm
net714,122.23µm
net772,122.18µm
_02791_,122.13µm
_00719_,121.82µm
net627,121.72µm
_02311_,121.67µm
net616,121.67µm
clknet_leaf_5_clk_PAD2CORE,121.06µm
_03115_,120.96µm
i_chip_core.wave_controller_x_inst.phase_acc\[6\],120.55µm
_00656_,120.45µm
_02788_,120.45µm
net266,120.19µm
_02734_,120.04µm
_01207_,119.89µm
net273,119.89µm
_02319_,119.84µm
_03033_,119.84µm
_02622_,119.48µm
_03285_,119.38µm
net192,119.38µm
_02640_,119.33µm
net40,119.28µm
_00646_,118.92µm
_02281_,118.92µm
_03185_,118.77µm
_03458_,118.77µm
bidir_CORE2PAD\[8\],118.72µm
_03544_,118.26µm
net277,118.26µm
net663,118.26µm
_02363_,118.21µm
i_chip_core.wave_controller_y_inst.phase_acc\[15\],118.16µm
_02267_,117.9µm
net670,117.19µm
net727,117.19µm
net28,117.09µm
net154,117.09µm
net654,117.09µm
_03020_,117.04µm
_03187_,117.04µm
_03699_,116.68µm
net766,116.68µm
_04689_,116.48µm
_04731_,116.17µm
net159,116.17µm
net582,116.02µm
_00613_,115.97µm
i_chip_core.wave_controller_y_inst.phase_acc\[11\],115.41µm
net805,115.41µm
_02782_,115.36µm
_04596_,114.95µm
_03199_,114.9µm
i_chip_core.cfg_f_MEMS_fcw_y\[5\],114.9µm
net249,114.9µm
net713,114.85µm
i_chip_core.wave_controller_y_inst.wave_cycle_cnt\[1\],114.49µm
net412,114.44µm
net201,114.34µm
net808,114.29µm
_02399_,113.88µm
_04598_,113.78µm
net87,113.73µm
_02366_,113.68µm
_00768_,113.54µm
i_chip_core.spi_regs_inst.reg_wr_addr\[0\],113.47µm
net218,113.12µm
_03258_,112.66µm
net349,112.66µm
net792,112.66µm
_00641_,112.61µm
net191,112.61µm
_00691_,112.15µm
_01069_,112.15µm
_00789_,112.1µm
i_chip_core.wave_controller_x_inst.phase_acc\[8\],112.05µm
_03242_,112µm
net678,111.13µm
_03042_,110.98µm
i_chip_core.wave_controller_y_inst.capture_step\[2\],110.93µm
net36,110.88µm
net385,110.62µm
i_chip_core.cfg_phase270_offset_x\[1\],110.52µm
i_chip_core.wave_controller_x_inst.phase_acc\[1\],110.52µm
_02350_,110.47µm
net733,110.42µm
_03121_,110.37µm
net172,110.37µm
net913,110.345µm
clknet_leaf_39_clk_PAD2CORE,110.06µm
_00635_,109.96µm
i_chip_core.cfg_done,109.96µm
_02627_,109.91µm
_04712_,109.91µm
_02886_,109.81µm
_03181_,109.3µm
_01953_,109.25µm
_02357_,109.25µm
net41,109.25µm
net649,109.25µm
net793,109.25µm
_04195_,109.2µm
i_chip_core.cfg_f_MEMS_fcw_x\[10\],109.2µm
_00708_,108.84µm
clknet_leaf_14_clk_PAD2CORE,108.79µm
net620,108.28µm
_00591_,108.18µm
_04446_,108.18µm
net238,108.18µm
net339,108.13µm
_03147_,108.08µm
_02241_,107.67µm
net656,107.67µm
_00661_,107.57µm
net91,107.52µm
net708,107.52µm
_01396_,107.45µm
net611,107.16µm
net570,107.11µm
net639,107.06µm
_02286_,107.01µm
net806,107.01µm
_03291_,106.96µm
net206,105.99µm
_02367_,105.89µm
_03300_,105.84µm
_00715_,105.48µm
_00746_,105.38µm
_02995_,105.38µm
_02515_,105.33µm
_00832_,105.28µm
net46,104.97µm
_00704_,104.87µm
net263,104.87µm
_01888_,104.82µm
_01900_,104.31µm
_03152_,104.26µm
bidir_CORE2PAD\[6\],104.26µm
net735,104.26µm
_02908_,104.21µm
_04594_,104.16µm
_02659_,103.98µm
_01203_,103.85µm
net686,103.8µm
net912,103.74µm
_02881_,103.7µm
_03967_,103.7µm
_03535_,103.65µm
_03087_,103.6µm
net391,103.29µm
_03393_,103.14µm
net697,103.09µm
_02919_,103.04µm
_03268_,103.04µm
_04652_,102.78µm
i_chip_core.cfg_f_MEMS_fcw_y\[6\],102.73µm
i_chip_core.wave_controller_y_inst.phase_acc\[0\],102.73µm
_02193_,102.63µm
net234,102.63µm
net783,102.63µm
_02361_,102.58µm
_02305_,102.53µm
_03129_,102.53µm
net86,102.53µm
net251,102.53µm
net578,102.53µm
net881,102.385µm
_00770_,102.12µm
_00681_,102.02µm
_00806_,102.02µm
net669,101.92µm
clknet_leaf_22_clk_PAD2CORE,101.76µm
_00566_,101.66µm
net166,101.51µm
_01135_,101.46µm
_02535_,101.46µm
net305,101.46µm
net658,101.46µm
_01196_,101.41µm
_02213_,101.41µm
i_chip_core.wave_controller_x_inst.wave_cycle_cnt\[0\],101.05µm
_03173_,100.85µm
_03369_,100.85µm
_02739_,100.8µm
net652,100.8µm
_00638_,100.54µm
net878,100.51µm
net93,100.34µm
net755,100.34µm
_03125_,100.29µm
_04600_,100.29µm
i_chip_core.cal_phase0_offset_y\[1\],100.29µm
net88,100.29µm
net789,100.29µm
_01349_,99.88µm
net617,99.78µm
net785,99.78µm
net90,99.73µm
net613,99.73µm
net503,99.68µm
_00756_,99.37µm
net157,99.32µm
_02333_,99.22µm
net749,99.22µm
net880,99.14µm
_03089_,99.12µm
net334,98.76µm
_03702_,98.66µm
net728,98.66µm
net750,98.66µm
_02893_,98.61µm
_03071_,98.61µm
_03246_,98.56µm
_04592_,98.56µm
clknet_leaf_48_clk_PAD2CORE,98.56µm
net721,98.15µm
net753,98.15µm
_02282_,98.1µm
i_chip_core.spi_regs_inst.sclk_sync\[0\],98.05µm
_02280_,98µm
_00761_,97.69µm
net650,97.64µm
_03024_,97.59µm
_02114_,97.54µm
_03259_,97.54µm
net625,97.54µm
_03077_,97.49µm
_00769_,97.03µm
_04697_,96.93µm
_03255_,96.88µm
net664,96.88µm
net31,96.52µm
clknet_leaf_15_clk_PAD2CORE,96.52µm
_00711_,96.42µm
_02157_,96.37µm
net92,96.32µm
_02343_,96.01µm
_00572_,95.91µm
net89,95.86µm
net712,95.86µm
_02352_,95.81µm
_03122_,95.76µm
_03207_,95.76µm
net99,95.45µm
_00765_,95.4µm
net113,95.35µm
_00586_,95.3µm
_00737_,95.25µm
_02229_,95.25µm
_01201_,95.2µm
_00759_,94.84µm
_04377_,94.79µm
_02646_,94.74µm
_02760_,94.74µm
net758,94.74µm
net879,94.725µm
_00694_,94.69µm
_02658_,94.69µm
_02755_,94.69µm
_04444_,94.64µm
_00772_,94.28µm
i_chip_core.raw_edge1_y\[18\],94.28µm
_02179_,94.13µm
_00642_,93.67µm
net341,93.67µm
net586,93.67µm
net762,93.57µm
_02513_,93.52µm
net62,93.52µm
net232,93.11µm
i_chip_core.wave_controller_x_inst.cal_burst_active,93.06µm
i_chip_core.wave_controller_x_inst.wave_cycle_cnt\[1\],93.06µm
i_chip_core.cfg_f_MEMS_fcw_x\[1\],93.01µm
net61,93.01µm
net744,92.55µm
i_chip_core.wave_controller_x_inst.phase_acc\[14\],92.5µm
net135,92.45µm
i_chip_core.cfg_f_MEMS_fcw_x\[15\],92.4µm
net794,92.09µm
_02252_,91.89µm
_02914_,91.89µm
_02935_,91.89µm
net742,91.89µm
net1044,91.89µm
_02891_,91.84µm
net694,91.84µm
net589,91.49µm
_00710_,91.43µm
_00767_,91.43µm
_03374_,91.33µm
_00817_,91.28µm
_03294_,91.28µm
_02381_,90.77µm
_02929_,90.77µm
i_chip_core.spi_regs_inst.rx_shift\[2\],90.72µm
_00601_,90.36µm
net859,90.24µm
_02137_,90.21µm
_04719_,90.16µm
_00726_,89.7µm
_03084_,89.7µm
_03955_,89.7µm
net698,89.7µm
_01986_,89.65µm
_02895_,89.65µm
bidir_CORE2PAD\[2\],89.65µm
i_chip_core.spi_regs_inst.rx_shift\[0\],89.65µm
net1046,89.6µm
net675,89.24µm
net699,89.24µm
_01125_,89.19µm
net774,89.19µm
net84,89.04µm
i_chip_core.delay_wave_cycle_x\[4\],88.68µm
_00742_,88.63µm
net692,88.63µm
net775,88.63µm
net336,88.58µm
_02728_,88.53µm
_03015_,88.53µm
i_chip_core.wave_controller_y_inst.phase_acc\[17\],88.53µm
_01151_,87.97µm
net653,87.97µm
net400,87.93µm
net746,87.92µm
net174,87.56µm
_00723_,87.46µm
net60,87.46µm
_02852_,87.41µm
_04448_,87.41µm
_02356_,86.95µm
_01225_,86.85µm
net160,86.85µm
net353,86.85µm
_01166_,86.8µm
_02880_,86.8µm
_02926_,86.8µm
_00716_,86.44µm
net777,86.44µm
_01731_,86.34µm
_03124_,86.29µm
net314,86.29µm
_02272_,86.24µm
net307,85.88µm
_00637_,85.78µm
_00740_,85.78µm
_03182_,85.68µm
_00685_,85.22µm
_03887_,85.22µm
_03133_,85.12µm
_00835_,84.81µm
net723,84.76µm
_03319_,84.71µm
_01128_,84.61µm
net751,84.61µm
_00949_,84.56µm
_01090_,84.56µm
_03610_,84.56µm
_03999_,84.56µm
net56,84.56µm
_00752_,84.3µm
net645,84.2µm
i_chip_core.cfg_f_MEMS_fcw_x\[9\],84.15µm
_01291_,84.1µm
_00833_,84.05µm
_02159_,84.05µm
net259,84.05µm
net773,84.05µm
_01730_,84µm
net337,83.74µm
_00582_,83.59µm
net791,83.59µm
net454,83.54µm
net711,83.54µm
_01667_,83.49µm
i_chip_core.signal_processor_y_inst.s90_pipe\[3\],83.49µm
net51,83.49µm
_02341_,83.44µm
net782,83.44µm
net905,83.375µm
net847,83.18µm
_01589_,82.93µm
_04122_,82.88µm
net355,82.62µm
net858,82.46µm
net1045,82.32µm
net705,82.24µm
_00749_,81.86µm
_03114_,81.86µm
net629,81.86µm
_02362_,81.81µm
_02907_,81.81µm
_02328_,81.76µm
_03674_,81.76µm
_03960_,81.76µm
bidir_PAD2CORE\[0\],81.37µm
i_chip_core.wave_controller_x_inst.wave_cycle_cnt\[4\],81.3µm
_02320_,81.25µm
_03951_,81.25µm
net66,81.25µm
net256,81.25µm
_04203_,81.2µm
net826,81.155µm
bidir_PAD2CORE\[1\],80.98µm
net365,80.79µm
net687,80.79µm
i_chip_core.spi_regs_inst.rx_shift\[5\],80.74µm
_02212_,80.69µm
net118,80.69µm
net861,80.675µm
net852,80.5µm
net860,80.5µm
net803,80.28µm
i_chip_core.raw_edge1_y\[4\],80.18µm
net788,80.18µm
_00748_,80.13µm
_04132_,80.08µm
_04267_,80.08µm
net397,79.94µm
net648,79.84µm
_02380_,79.77µm
net739,79.77µm
net403,79.73µm
net864,79.72µm
_00787_,79.62µm
i_chip_core.spi_regs_inst.spi_addr\[0\],79.62µm
_00952_,79.57µm
_01286_,79.57µm
_00983_,79.21µm
net408,79.2µm
_04057_,79.11µm
net640,79.11µm
_02619_,79.06µm
_04460_,79.06µm
_02655_,79.01µm
net854,78.97µm
_01639_,78.96µm
_02923_,78.96µm
_03002_,78.96µm
net840,78.89µm
net402,78.73µm
_00574_,78.55µm
_01223_,78.55µm
_03970_,78.55µm
_02351_,78.5µm
net743,78.5µm
_00797_,78.45µm
net156,78.45µm
net901,78.44µm
_03189_,78.4µm
net853,78.375µm
net924,78.34µm
net851,78.195µm
net841,77.98µm
net842,77.98µm
net674,77.94µm
_00814_,77.89µm
_02752_,77.89µm
_02375_,77.84µm
_03196_,77.84µm
net12,77.84µm
net406,77.7µm
net819,77.68µm
_03863_,77.48µm
net799,77.48µm
net862,77.42µm
_01422_,77.28µm
net50,77.28µm
i_chip_core.spi_regs_inst.mosi_sync\[1\],76.87µm
_02742_,76.82µm
net726,76.82µm
net882,76.77µm
net834,76.76µm
net827,76.74µm
net832,76.5µm
net409,76.37µm
net702,76.36µm
_02270_,76.31µm
net636,76.31µm
net839,76.3µm
net594,76.3µm
_04051_,76.26µm
_00706_,76.21µm
_00842_,76.21µm
net756,76.21µm
_01317_,76.16µm
_02911_,76.16µm
_04262_,76.16µm
net693,76.16µm
net884,76.14µm
net870,75.98µm
_00696_,75.85µm
_00794_,75.8µm
_01110_,75.8µm
net716,75.8µm
net703,75.75µm
net850,75.74µm
net378,75.74µm
_04486_,75.7µm
net312,75.7µm
net786,75.7µm
_02849_,75.65µm
_01144_,75.6µm
net911,75.57µm
net848,75.46µm
net,75.43µm
_01890_,75.24µm
i_chip_core.wave_controller_x_inst.capture_step\[2\],75.24µm
_03229_,75.19µm
net177,75.14µm
i_chip_core.signal_processor_y_inst.s270_pipe\[3\],75.09µm
net360,75.09µm
net700,75.09µm
_04422_,75.04µm
net929,75.02µm
net871,74.82µm
net868,74.815µm
net921,74.79µm
net404,74.77µm
_04188_,74.68µm
net357,74.63µm
net866,74.62µm
net833,74.535µm
_02431_,74.53µm
net102,74.53µm
net398,74.51µm
_03277_,74.48µm
_03280_,74.48µm
net939,74.34µm
bidir_PAD2CORE\[2\],74.33µm
net399,74.2µm
net937,74.19µm
net837,74.19µm
net830,74.17µm
net764,74.12µm
net838,74.06µm
_00644_,74.02µm
_03076_,74.02µm
net883,74.015µm
net396,73.99µm
_01410_,73.97µm
_03170_,73.97µm
net931,73.95µm
_01474_,73.92µm
_02160_,73.92µm
_04511_,73.92µm
net114,73.92µm
net934,73.885µm
net932,73.765µm
net824,73.65µm
net919,73.645µm
_00805_,73.56µm
net936,73.55µm
net927,73.52µm
_00808_,73.51µm
net933,73.51µm
_02258_,73.46µm
net322,73.46µm
net641,73.46µm
net846,73.455µm
net909,73.43µm
net608,73.41µm
_02390_,73.36µm
_02765_,73.36µm
net906,73.33µm
net410,73.31µm
net904,73.27µm
net920,73.185µm
net918,73.17µm
net935,73.16µm
net591,73.07µm
_04627_,73µm
i_chip_core.wave_controller_x_inst.phase_acc\[20\],72.95µm
i_chip_core.delay_wave_cycle_x\[5\],72.9µm
net825,72.8µm
net877,72.72µm
net849,72.66µm
net941,72.57µm
i_chip_core.spi_regs_inst.reg_wr_addr\[2\],72.49µm
net318,72.39µm
net897,72.27µm
_03037_,72.24µm
net898,72.15µm
net831,72.1µm
net401,72.1µm
net381,72.04µm
net900,71.955µm
_04114_,71.78µm
net940,71.75µm
_02342_,71.73µm
i_chip_core.cfg_phase0_offset_x\[18\],71.73µm
net634,71.73µm
net890,71.715µm
_02276_,71.68µm
_02876_,71.68µm
_03143_,71.68µm
_04605_,71.68µm
net938,71.51µm
net875,71.5µm
net876,71.465µm
net844,71.45µm
net587,71.45µm
net869,71.44µm
net843,71.415µm
net893,71.405µm
net872,71.345µm
net829,71.31µm
i_chip_core.wave_controller_x_inst.wave_cycle_cnt\[2\],71.27µm
_01198_,71.22µm
net798,71.22µm
_00590_,71.17µm
net874,71.14µm
_02806_,71.12µm
net885,71.03µm
net928,70.98µm
net835,70.98µm
net822,70.89µm
net888,70.89µm
net891,70.89µm
net855,70.85µm
net836,70.845µm
net873,70.8µm
net818,70.78µm
_00763_,70.66µm
net119,70.66µm
net823,70.635µm
_00735_,70.61µm
_02748_,70.61µm
net109,70.56µm
net922,70.47µm
net455,70.47µm
net907,70.32µm
net894,70.27µm
net867,70.22µm
_00778_,70.2µm
net889,70.19µm
net896,70.19µm
_00592_,70.15µm
_00654_,70.15µm
net795,70.15µm
net828,70.14µm
_03686_,70.1µm
net908,70.085µm
net915,70.055µm
_02731_,70.05µm
clknet_leaf_3_clk_PAD2CORE,70.05µm
_01940_,70µm
_04482_,70µm
net856,69.915µm
net910,69.91µm
net926,69.63µm
net902,69.63µm
_02118_,69.59µm
net338,69.59µm
_01242_,69.54µm
_01406_,69.54µm
net845,69.54µm
i_chip_core.wave_controller_x_inst.wave_cycle_cnt\[3\],69.54µm
net279,69.54µm
net863,69.505µm
net914,69.5µm
_04590_,69.49µm
net903,69.455µm
_01736_,69.44µm
net899,69.43µm
net820,69.35µm
net892,69.35µm
net865,69.19µm
net930,69.16µm
net895,69.07µm
net821,69.005µm
net925,68.99µm
_00751_,68.93µm
_00948_,68.93µm
_01062_,68.93µm
_03151_,68.88µm
_03694_,68.88µm
net923,68.79µm
net886,68.79µm
net887,68.72µm
net916,68.7µm
net857,68.67µm
net917,68.615µm
_01418_,68.52µm
_03350_,68.52µm
_04514_,68.52µm
_01718_,68.42µm
_02746_,68.42µm
_02346_,68.37µm
net101,68.32µm
i_chip_core.wave_controller_x_inst.capture_pending,67.91µm
i_chip_core.wave_controller_x_inst.wave_cycle_cnt\[5\],67.91µm
i_chip_core.wave_controller_y_inst.wave_cycle_cnt\[4\],67.91µm
net667,67.81µm
_03091_,67.76µm
_03267_,67.76µm
_03669_,67.76µm
i_chip_core.delay_wave_cycle_y\[5\],67.35µm
_00643_,67.25µm
_03683_,67.25µm
_02779_,67.2µm
_04063_,67.2µm
i_chip_core.spi_regs_inst.rx_shift\[4\],66.84µm
_01235_,66.69µm
_02751_,66.69µm
net363,66.69µm
_02307_,66.64µm
_03864_,66.23µm
_01690_,66.18µm
_03158_,66.18µm
_04628_,66.18µm
_01907_,66.13µm
_04036_,66.13µm
_01083_,66.08µm
_00717_,65.57µm
_02393_,65.52µm
_01097_,65.06µm
_01158_,65.06µm
_02243_,65.06µm
net776,65.06µm
net642,65.01µm
_01107_,64.96µm
_00755_,64.6µm
net651,64.55µm
net790,64.55µm
_02303_,64.5µm
_04484_,64.5µm
net340,64.5µm
_01836_,64.45µm
_02387_,64.45µm
net108,64.45µm
net635,64.45µm
_00996_,64.4µm
_01733_,64.4µm
_02323_,64.4µm
_03208_,64.4µm
net83,64.4µm
_04703_,64.04µm
net738,63.94µm
net361,63.89µm
net690,63.89µm
net229,63.84µm
net748,63.84µm
i_chip_core.raw_edge1_x\[2\],63.66µm
i_chip_core.raw_edge2_x\[1\],63.48µm
_03044_,63.43µm
_01919_,63.38µm
_03624_,63.38µm
_03223_,63.33µm
_03245_,63.33µm
_01112_,63.28µm
_01294_,63.28µm
_00608_,62.92µm
_01377_,62.92µm
_00697_,62.82µm
_04611_,62.82µm
net356,62.82µm
_00799_,62.77µm
_01759_,62.77µm
_02888_,62.77µm
_02679_,62.72µm
_03112_,62.72µm
_03171_,62.72µm
_00700_,62.49µm
_03558_,62.31µm
_00830_,62.26µm
_02313_,62.26µm
net609,62.26µm
_01638_,62.21µm
net622,62.21µm
_01149_,62.16µm
_04265_,62.16µm
net696,61.8µm
net725,61.8µm
_00722_,61.7µm
_01240_,61.7µm
_01283_,61.7µm
_02337_,61.7µm
_03532_,61.65µm
_02331_,61.6µm
_02371_,61.6µm
_00826_,61.34µm
net362,61.29µm
i_chip_core.delay_wave_cycle_x\[2\],61.19µm
_00957_,61.14µm
_02156_,61.14µm
_00745_,61.09µm
_02925_,61.04µm
_00687_,60.73µm
_00596_,60.68µm
_00739_,60.68µm
_04634_,60.63µm
_00713_,60.58µm
_04664_,60.58µm
i_chip_core.wave_controller_y_inst.phase_acc\[18\],60.53µm
net64,60.53µm
_01366_,60.48µm
_03140_,60.48µm
i_chip_core.spi_regs_inst.rx_shift\[3\],60.02µm
net94,60.02µm
net96,60.02µm
net802,60.02µm
_00838_,59.97µm
_00956_,59.97µm
_02377_,59.97µm
_02411_,59.97µm
_03432_,59.97µm
i_chip_core.wave_controller_y_inst.phase_acc\[20\],59.97µm
_02396_,59.92µm
_03019_,59.92µm
net44,59.56µm
_00960_,59.41µm
_01507_,59.41µm
_04240_,59.41µm
_02802_,59.36µm
_03696_,59.36µm
net104,59.36µm
_00684_,59.05µm
net779,59.05µm
_03866_,58.95µm
_04654_,58.95µm
i_chip_core.delay_wave_cycle_y\[4\],58.95µm
net49,58.95µm
_02494_,58.9µm
_03257_,58.9µm
net491,58.9µm
_00860_,58.85µm
_01095_,58.85µm
_02182_,58.8µm
_03274_,58.8µm
_03520_,58.8µm
_04544_,58.8µm
i_chip_core.wave_controller_y_inst.wave_cycle_cnt\[2\],58.8µm
i_chip_core.delay_wave_cycle_y\[2\],58.39µm
_00718_,58.34µm
i_chip_core.signal_processor_y_inst.s90,58.34µm
_02300_,58.29µm
_02326_,58.29µm
_01120_,58.24µm
_03148_,58.24µm
_01735_,57.83µm
i_chip_core.signal_processor_x_inst.soft_rst_n,57.83µm
_01898_,57.78µm
_03006_,57.78µm
_02291_,57.73µm
_02735_,57.73µm
_03849_,57.73µm
i_chip_core.signal_processor_y_inst.cycle_count\[1\],57.73µm
_00966_,57.68µm
_02681_,57.68µm
_04470_,57.68µm
_00682_,57.22µm
_00947_,57.22µm
_01146_,57.22µm
_01276_,57.22µm
_01688_,57.17µm
_03097_,57.17µm
net615,57.17µm
_01065_,57.12µm
_01175_,57.12µm
net768,56.76µm
_01708_,56.71µm
_03375_,56.71µm
_00729_,56.61µm
_01481_,56.61µm
_01488_,56.61µm
_01944_,56.61µm
_03442_,56.61µm
_00852_,56.15µm
_00741_,56.1µm
_04636_,56.1µm
_02406_,56.05µm
_03356_,56.05µm
_02741_,56µm
_03161_,56µm
_04054_,55.59µm
_04165_,55.59µm
_00837_,55.54µm
_01635_,55.49µm
_02152_,55.49µm
_02628_,55.49µm
_03868_,55.49µm
_02996_,55.44µm
_03526_,55.44µm
_02188_,55.03µm
_02199_,54.98µm
_02279_,54.98µm
_03137_,54.98µm
_03450_,54.98µm
i_chip_core.delay_wave_cycle_y\[6\],54.98µm
_02245_,54.93µm
_03599_,54.93µm
_02750_,54.88µm
_04129_,54.88µm
_00721_,54.62µm
_04035_,54.52µm
net647,54.47µm
_00961_,54.42µm
_02191_,54.37µm
i_chip_core.cfg_f_MEMS_fcw_x\[3\],54.37µm
_04658_,53.96µm
_00686_,53.91µm
_01356_,53.91µm
_00707_,53.81µm
_02256_,53.81µm
net655,53.81µm
_01057_,53.76µm
_01722_,53.76µm
_02766_,53.76µm
_04045_,53.4µm
_01674_,53.35µm
_02798_,53.35µm
_03354_,53.3µm
i_chip_core.spi_regs_inst.reg_wr_addr\[4\],53.3µm
_01229_,53.25µm
_02378_,53.25µm
_02836_,53.25µm
_02842_,53.25µm
_00743_,53.2µm
_01821_,53.2µm
_03438_,52.84µm
_01476_,52.79µm
i_chip_core.spi_regs_inst.rx_shift\[6\],52.79µm
_01569_,52.74µm
_01776_,52.74µm
_01641_,52.69µm
_03093_,52.64µm
_04126_,52.64µm
_00712_,52.28µm
_01557_,52.18µm
_04042_,52.18µm
_03957_,52.13µm
net354,52.13µm
_03366_,52.08µm
_04561_,52.08µm
net707,52.08µm
_00965_,51.62µm
_02033_,51.62µm
_04161_,51.62µm
_00607_,51.57µm
i_chip_core.raw_edge2_x\[2\],51.57µm
net54,51.57µm
_02112_,51.52µm
_02963_,51.52µm
i_chip_core.cfg_f_MEMS_fcw_x\[4\],51.52µm
i_chip_core.wave_controller_x_inst.wave_cycle_cnt\[6\],51.11µm
_01137_,51.06µm
_01202_,51.06µm
_02354_,51.06µm
_02461_,51.06µm
_04646_,51.06µm
i_chip_core.cfg_phase90_offset_x\[16\],51.06µm
i_chip_core.signal_processor_y_inst.cycle_count\[0\],51.06µm
_02654_,51.01µm
_03953_,51.01µm
_00958_,50.96µm
_02503_,50.96µm
i_chip_core.raw_edge1_y\[12\],50.6µm
_01454_,50.5µm
_02011_,50.5µm
_02763_,50.45µm
_03530_,50.45µm
_01224_,50.4µm
i_chip_core.signal_processor_x_inst.s90,50.4µm
_01378_,49.99µm
_00709_,49.94µm
_00753_,49.94µm
_03360_,49.94µm
_03407_,49.94µm
net116,49.94µm
net222,49.94µm
_00701_,49.89µm
_04179_,49.89µm
_04290_,49.89µm
i_chip_core.spi_regs_inst.bit_cnt\[1\],49.89µm
i_chip_core.spi_regs_inst.reg_wr_addr\[6\],49.89µm
net225,49.89µm
_04278_,49.84µm
_00720_,49.38µm
_00724_,49.38µm
_03443_,49.38µm
_04648_,49.38µm
_04206_,49.33µm
_04277_,49.33µm
net364,49.33µm
_00847_,49.28µm
_02138_,49.28µm
i_chip_core.spi_regs_inst.reg_wr_en,48.92µm
_00630_,48.87µm
_04647_,48.87µm
_03451_,48.82µm
_04032_,48.82µm
_01952_,48.77µm
_01970_,48.77µm
_03072_,48.77µm
_03224_,48.77µm
_01298_,48.72µm
_03029_,48.72µm
_01961_,48.36µm
_01169_,48.31µm
_03870_,48.26µm
_04260_,48.21µm
i_chip_core.cfg_f_MEMS_fcw_x\[13\],48.21µm
net115,48.21µm
net676,48.21µm
_01334_,48.16µm
_01595_,48.16µm
_02623_,47.8µm
_01368_,47.7µm
_04093_,47.7µm
_03159_,47.65µm
_04041_,47.65µm
_03176_,47.6µm
_02875_,47.19µm
_04669_,47.14µm
_02230_,47.09µm
_03059_,47.09µm
i_chip_core.raw_edge1_y\[7\],46.78µm
_03846_,46.63µm
i_chip_core.raw_edge2_x\[8\],46.63µm
_01264_,46.58µm
_01972_,46.58µm
_02133_,46.58µm
i_chip_core.cfg_phase270_offset_y\[3\],46.58µm
net82,46.58µm
_03040_,46.53µm
_01248_,46.48µm
_03671_,46.48µm
_04039_,46.48µm
_03883_,46.07µm
_00781_,46.02µm
_00914_,46.02µm
_02050_,46.02µm
i_chip_core.spi_regs_inst.rx_shift\[1\],46.02µm
_00975_,45.97µm
_04567_,45.97µm
net621,45.97µm
net804,45.97µm
_01922_,45.92µm
_03377_,45.92µm
_04187_,45.92µm
_04616_,45.92µm
_04642_,45.92µm
net757,45.46µm
_01384_,45.41µm
_01660_,45.41µm
_03440_,45.41µm
_04512_,45.41µm
i_chip_core.cfg_f_MEMS_fcw_x\[12\],45.41µm
net68,45.41µm
_00680_,45.36µm
_02767_,45.36µm
_01711_,44.9µm
i_chip_core.latch_phase270_y,44.9µm
_00581_,44.85µm
_01902_,44.85µm
_02870_,44.85µm
i_chip_core.delay_wave_cycle_y\[3\],44.85µm
net344,44.85µm
_02882_,44.8µm
_03216_,44.8µm
net13,44.8µm
_01052_,44.39µm
_01130_,44.34µm
_02107_,44.34µm
_02238_,44.34µm
i_chip_core.spi_regs_inst.spi_state,44.34µm
net359,44.34µm
_01806_,44.29µm
_04252_,44.29µm
net717,44.29µm
_02787_,44.24µm
i_chip_core.raw_edge2_y\[8\],44.24µm
i_chip_core.spi_regs_inst.bit_cnt\[0\],43.88µm
i_chip_core.cfg_phase90_offset_x\[19\],43.83µm
_01263_,43.78µm
_01744_,43.78µm
_04245_,43.78µm
_01909_,43.73µm
_02234_,43.73µm
_03368_,43.73µm
_04030_,43.73µm
i_chip_core.wave_controller_y_inst.wave_cycle_cnt\[5\],43.73µm
_00839_,43.68µm
_01278_,43.68µm
_02873_,43.68µm
_04118_,43.68µm
_00950_,43.22µm
_01763_,43.22µm
_01519_,43.17µm
_04037_,43.17µm
_02190_,43.12µm
_02453_,43.12µm
_03169_,43.12µm
net736,43.12µm
_01556_,42.66µm
_02698_,42.66µm
i_chip_core.latch_phase90_y,42.66µm
_01656_,42.61µm
_02277_,42.61µm
_03345_,42.61µm
_03882_,42.61µm
_03362_,42.56µm
net637,42.56µm
_01450_,42.15µm
_01824_,42.15µm
_01716_,42.1µm
_02226_,42.1µm
i_chip_core.raw_edge2_y\[1\],42.1µm
_04123_,42.05µm
i_chip_core.spi_regs_inst.sclk_sync\[1\],42.05µm
_01365_,42µm
_02900_,42µm
net255,41.59µm
_01389_,41.54µm
_01586_,41.54µm
_02273_,41.54µm
_04212_,41.54µm
_00663_,41.49µm
_02825_,41.49µm
_00846_,41.44µm
_01894_,41.44µm
_03056_,41.44µm
_03142_,41.44µm
_03296_,41.44µm
_03320_,41.44µm
_02823_,41.03µm
_01742_,40.98µm
i_chip_core.cfg_f_MEMS_fcw_y\[8\],40.98µm
i_chip_core.latch_phase90_x,40.98µm
_00702_,40.93µm
_01100_,40.93µm
_01897_,40.93µm
_01980_,40.93µm
_02189_,40.93µm
_04510_,40.93µm
i_chip_core.cfg_f_MEMS_fcw_x\[8\],40.93µm
net660,40.93µm
_01713_,40.88µm
net610,40.88µm
i_chip_core.raw_edge1_y\[2\],40.52µm
_01118_,40.47µm
_00762_,40.42µm
_01496_,40.42µm
_02499_,40.42µm
_03092_,40.42µm
_04096_,40.42µm
_00940_,40.37µm
_01927_,40.37µm
_03433_,40.37µm
_04181_,40.37µm
i_chip_core.signal_processor_y_inst.cycle_count\[2\],40.37µm
net724,40.37µm
_01173_,40.32µm
_02295_,40.32µm
_03066_,40.32µm
_03103_,40.32µm
_04251_,40.32µm
_04569_,40.24µm
_01670_,39.96µm
_01695_,39.96µm
_00673_,39.91µm
_00829_,39.91µm
_01844_,39.91µm
_01930_,39.91µm
_02290_,39.91µm
_00626_,39.86µm
_00703_,39.86µm
_01028_,39.86µm
_01723_,39.86µm
i_chip_core.delay_wave_cycle_x\[0\],39.86µm
i_chip_core.raw_edge3_y\[9\],39.86µm
_01080_,39.81µm
_01400_,39.81µm
_02815_,39.81µm
_03589_,39.81µm
_01273_,39.76µm
_02017_,39.76µm
_03587_,39.76µm
_04182_,39.76µm
_04639_,39.76µm
_01700_,39.35µm
_03949_,39.35µm
_04582_,39.35µm
i_chip_core.wave_controller_y_inst.cal_burst_count\[0\],39.35µm
_00754_,39.3µm
_03695_,39.3µm
_04574_,39.3µm
i_chip_core.signal_processor_x_inst.cnt_out\[3\],39.3µm
i_chip_core.wave_controller_y_inst.comp_sync4,39.3µm
_01644_,39.25µm
_02015_,39.25µm
_02167_,39.25µm
_02437_,39.25µm
i_chip_core.latch_phase270_x,39.25µm
_02479_,39.2µm
i_chip_core.signal_processor_x_inst.cycle_count\[3\],39.2µm
net227,39.2µm
_00892_,38.74µm
_00946_,38.74µm
_02725_,38.74µm
_03598_,38.74µm
_04038_,38.74µm
_04200_,38.74µm
_00982_,38.69µm
_02269_,38.69µm
_03582_,38.69µm
_03591_,38.69µm
_03969_,38.69µm
_04031_,38.69µm
net752,38.69µm
_03884_,38.64µm
_00584_,38.23µm
_00727_,38.23µm
_01508_,38.23µm
_02034_,38.23µm
_03197_,38.23µm
_04154_,38.23µm
_02246_,38.18µm
i_chip_core.wave_controller_x_inst.wave_cycle_cnt\[7\],38.18µm
_00758_,38.13µm
_02195_,38.13µm
_02476_,38.13µm
_03335_,38.13µm
_00867_,38.08µm
_02829_,38.08µm
_03595_,37.67µm
i_chip_core.spi_regs_inst.reg_wr_addr\[3\],37.67µm
net618,37.67µm
_02672_,37.62µm
_02699_,37.62µm
_03885_,37.62µm
i_chip_core.cfg_f_MEMS_fcw_x\[5\],37.62µm
i_chip_core.cfg_f_MEMS_fcw_y\[1\],37.62µm
_00953_,37.57µm
_03226_,37.57µm
i_chip_core.signal_processor_y_inst.cycle_count\[3\],37.57µm
_02577_,37.52µm
net342,37.16µm
_03583_,37.11µm
_04040_,37.06µm
_04081_,37.06µm
i_chip_core.wave_controller_x_inst.cal_burst_armed,37.06µm
_02197_,37.01µm
_03292_,37.01µm
_03436_,37.01µm
_03665_,37.01µm
i_chip_core.spi_regs_inst.reg_wr_addr\[5\],37.01µm
net659,37.01µm
_02383_,36.96µm
_02865_,36.96µm
_02913_,36.96µm
_03359_,36.96µm
_03372_,36.96µm
_00825_,36.55µm
_01605_,36.55µm
_01115_,36.45µm
_01817_,36.45µm
_03580_,36.45µm
_03874_,36.45µm
_04116_,36.45µm
_04247_,36.45µm
i_chip_core.signal_processor_x_inst.cycle_count\[2\],36.45µm
_00760_,36.17µm
_01728_,35.94µm
_02834_,35.94µm
_03039_,35.94µm
i_chip_core.signal_processor_y_inst.cnt_in\[3\],35.94µm
_00836_,35.89µm
_01018_,35.89µm
_01884_,35.89µm
_03441_,35.89µm
_03661_,35.89µm
i_chip_core.raw_edge3_x\[4\],35.89µm
net646,35.89µm
_01758_,35.84µm
_02262_,35.84µm
i_chip_core.cfg_f_MEMS_fcw_x\[0\],35.84µm
_02016_,35.43µm
_02409_,35.43µm
_02684_,35.43µm
_00627_,35.38µm
_00750_,35.38µm
_01693_,35.38µm
_04202_,35.38µm
_01055_,35.33µm
_01098_,35.33µm
_02642_,35.33µm
_04113_,35.33µm
i_chip_core.cfg_phase90_offset_x\[3\],35.33µm
i_chip_core.raw_edge2_x\[0\],35.33µm
i_chip_core.spi_regs_inst.tx_shift\[2\],35.33µm
_00000_,35.28µm
_02614_,35.28µm
_02936_,35.28µm
_03413_,35.28µm
_03534_,35.28µm
i_chip_core.cfg_f_MEMS_fcw_y\[12\],35.05µm
net373,34.92µm
_01892_,34.87µm
_01540_,34.82µm
_01863_,34.82µm
_03278_,34.82µm
_00815_,34.77µm
_01779_,34.77µm
_01903_,34.77µm
_02206_,34.77µm
_03525_,34.77µm
i_chip_core.spi_regs_inst.rw_n,34.77µm
_03184_,34.72µm
net706,34.72µm
_01950_,34.31µm
_02185_,34.31µm
_02616_,34.31µm
_03603_,34.31µm
_03958_,34.31µm
_01104_,34.26µm
_01193_,34.26µm
i_chip_core.raw_edge2_y\[15\],34.26µm
_02110_,34.21µm
_02336_,34.21µm
_02473_,34.21µm
_02581_,34.21µm
_03175_,34.21µm
_03593_,34.21µm
_04076_,34.21µm
_04190_,34.21µm
_04204_,34.21µm
net644,34.21µm
_01843_,34.16µm
_02181_,34.16µm
_02542_,34.16µm
_03448_,34.16µm
_03943_,34.16µm
_00636_,33.8µm
_00664_,33.75µm
net71,33.75µm
_01468_,33.7µm
_01497_,33.7µm
_01956_,33.7µm
_03353_,33.7µm
_03516_,33.7µm
i_chip_core.wave_controller_x_inst.comp_sync4,33.7µm
_00936_,33.65µm
_00992_,33.65µm
_01060_,33.65µm
_01659_,33.65µm
_01773_,33.65µm
_02460_,33.65µm
_03541_,33.65µm
_04073_,33.65µm
_01686_,33.6µm
_03194_,33.6µm
_02549_,33.24µm
_01409_,33.19µm
_02005_,33.19µm
_02413_,33.19µm
_04578_,33.19µm
_00738_,33.14µm
_00941_,33.14µm
_01601_,33.14µm
_02799_,33.14µm
_02835_,33.14µm
_03523_,33.14µm
_04046_,33.14µm
_04282_,33.14µm
_00929_,33.09µm
_00976_,33.09µm
_01542_,33.09µm
_02730_,33.09µm
_03672_,33.09µm
net228,33.09µm
_01072_,33.04µm
_02758_,33.04µm
_03131_,33.04µm
_04105_,33.04µm
_04255_,33.04µm
net761,33.04µm
_01184_,32.68µm
_00985_,32.63µm
_01013_,32.63µm
_01559_,32.63µm
_03430_,32.63µm
_01315_,32.58µm
_03381_,32.58µm
i_chip_core.raw_edge3_y\[2\],32.58µm
_01600_,32.53µm
_02089_,32.53µm
_02635_,32.53µm
_03531_,32.53µm
_01478_,32.48µm
_02729_,32.48µm
_04012_,32.48µm
_04272_,32.48µm
_04675_,32.48µm
net233,32.48µm
_00820_,32.07µm
_02456_,32.07µm
_03401_,32.07µm
net145,32.07µm
_01712_,32.02µm
_02523_,32.02µm
i_chip_core.cfg_phase0_offset_x\[5\],32.02µm
i_chip_core.raw_edge1_y\[0\],32.02µm
_00959_,31.97µm
_01181_,31.97µm
_01265_,31.97µm
_01710_,31.97µm
_02296_,31.97µm
_02504_,31.97µm
_02519_,31.97µm
_02691_,31.97µm
_03439_,31.97µm
net759,31.97µm
_02917_,31.92µm
_03615_,31.92µm
i_chip_core.cfg_f_MEMS_fcw_x\[2\],31.92µm
net668,31.92µm
_00699_,31.61µm
clknet_leaf_1_clk_PAD2CORE,31.56µm
_02103_,31.51µm
_02153_,31.51µm
_01025_,31.46µm
_01345_,31.41µm
_01747_,31.41µm
_03852_,31.41µm
_03856_,31.41µm
_04199_,31.41µm
_02689_,31.36µm
_03166_,31.36µm
net150,30.95µm
_00782_,30.9µm
_01655_,30.9µm
_02036_,30.9µm
_02237_,30.9µm
_02568_,30.9µm
_03749_,30.9µm
_00834_,30.85µm
_01385_,30.85µm
_01859_,30.85µm
_02128_,30.85µm
_02445_,30.85µm
_03522_,30.85µm
_04271_,30.85µm
i_chip_core.signal_processor_x_inst.cnt_in\[3\],30.85µm
net34,30.85µm
net35,30.85µm
_01957_,30.8µm
_02863_,30.8µm
_04286_,30.8µm
_00602_,30.39µm
_00688_,30.39µm
_00774_,30.39µm
_00922_,30.39µm
_01623_,30.39µm
_01407_,30.34µm
_01587_,30.34µm
_01615_,30.34µm
_02012_,30.34µm
_02826_,30.34µm
_02856_,30.34µm
_03947_,30.34µm
i_chip_core.cfg_phase0_offset_x\[13\],30.34µm
_00612_,30.29µm
_01258_,30.29µm
_01376_,30.29µm
_01456_,30.29µm
_02254_,30.29µm
_04127_,30.29µm
_00002_,30.24µm
_02812_,30.24µm
_02839_,30.24µm
_03100_,30.24µm
_03581_,30.24µm
_03660_,30.24µm
i_chip_core.signal_processor_x_inst.cycle_count\[0\],30.24µm
_00730_,29.93µm
_00578_,29.83µm
_01031_,29.83µm
_02536_,29.83µm
_04468_,29.83µm
i_chip_core.wave_controller_y_inst.ds_acc\[7\],29.83µm
net224,29.83µm
_01318_,29.78µm
_01766_,29.78µm
_03058_,29.78µm
_03403_,29.78µm
_03566_,29.78µm
_03848_,29.78µm
_04006_,29.78µm
_04676_,29.78µm
_00678_,29.73µm
_01525_,29.73µm
_02022_,29.73µm
_02500_,29.73µm
_02580_,29.73µm
_02721_,29.73µm
_04049_,29.73µm
i_chip_core.cfg_phase0_offset_y\[7\],29.73µm
net778,29.73µm
_01036_,29.68µm
_02862_,29.68µm
_03297_,29.68µm
i_chip_core.cfg_phase270_offset_y\[4\],29.32µm
_02606_,29.27µm
i_chip_core.cal_done_y,29.27µm
_00666_,29.22µm
i_chip_core.wave_controller_x_inst.capture_step\[1\],29.22µm
_00599_,29.17µm
_00971_,29.17µm
_02637_,29.17µm
_03000_,29.17µm
_03622_,29.17µm
i_chip_core.wave_controller_y_inst.ds_acc\[1\],29.17µm
_00859_,29.12µm
_04180_,28.83µm
_00866_,28.71µm
_02030_,28.71µm
_01509_,28.66µm
_02075_,28.66µm
_02565_,28.66µm
_03456_,28.66µm
_03964_,28.66µm
_00647_,28.61µm
_01901_,28.61µm
_02676_,28.61µm
_02912_,28.61µm
_03069_,28.61µm
_03191_,28.61µm
_04649_,28.61µm
i_chip_core.count\[5\],28.61µm
_00598_,28.56µm
_00887_,28.56µm
_03691_,28.56µm
_02421_,28.25µm
_02225_,28.2µm
_03982_,28.2µm
_00902_,28.15µm
_01949_,28.15µm
net151,28.15µm
_00862_,28.1µm
_02039_,28.1µm
_02446_,28.1µm
_02495_,28.1µm
_03328_,28.1µm
_03607_,28.1µm
_03922_,28.1µm
_00629_,28.05µm
_01179_,28.05µm
_01594_,28.05µm
_01617_,28.05µm
_02076_,28.05µm
_02084_,28.05µm
_02106_,28.05µm
_03113_,28.05µm
_04033_,28.05µm
_04050_,28.05µm
_04061_,28.05µm
_04622_,28.05µm
net72,28.05µm
_00964_,28µm
_01339_,28µm
_02175_,28µm
_03219_,28µm
_03464_,28µm
_03533_,28µm
_03946_,28µm
i_chip_core.raw_edge1_y\[17\],27.69µm
_00793_,27.64µm
_00931_,27.59µm
_04193_,27.59µm
i_chip_core.spi_regs_inst.bit_cnt\[2\],27.59µm
_01535_,27.54µm
_01786_,27.54µm
_01787_,27.54µm
_02000_,27.54µm
_02035_,27.54µm
_02554_,27.54µm
_02601_,27.54µm
_02714_,27.54µm
_02969_,27.54µm
_03446_,27.54µm
_04004_,27.54µm
_01075_,27.49µm
_01141_,27.49µm
_01176_,27.49µm
_01194_,27.49µm
_02566_,27.49µm
_03601_,27.49µm
_03886_,27.49µm
_04003_,27.49µm
_04010_,27.49µm
_00535_,27.44µm
_01918_,27.44µm
_02808_,27.44µm
_03942_,27.44µm
_01637_,27.08µm
_01706_,27.03µm
_02077_,27.03µm
_03363_,27.03µm
_02174_,26.98µm
_04198_,26.98µm
_04256_,26.98µm
_00120_,26.93µm
_01045_,26.93µm
_01784_,26.93µm
_02599_,26.93µm
_02795_,26.93µm
_02804_,26.93µm
_02838_,26.93µm
_03966_,26.93µm
_04459_,26.93µm
i_chip_core.wave_controller_x_inst.ds_acc\[7\],26.93µm
i_chip_core.wave_controller_y_inst.ds_acc\[3\],26.93µm
_00705_,26.88µm
_00891_,26.88µm
_03341_,26.88µm
_03878_,26.88µm
net14,26.88µm
net250,26.88µm
_01555_,26.47µm
_01752_,26.47µm
_02570_,26.47µm
_04019_,26.47µm
_01580_,26.42µm
_01862_,26.42µm
_02062_,26.42µm
_02590_,26.42µm
_02772_,26.42µm
_03309_,26.42µm
_03466_,26.42µm
_03627_,26.42µm
_04151_,26.42µm
_04688_,26.42µm
i_chip_core.cfg_phase0_offset_x\[7\],26.42µm
_00330_,26.37µm
_00938_,26.37µm
_00994_,26.37µm
_01850_,26.37µm
_02744_,26.37µm
_02801_,26.37µm
_04317_,26.37µm
_00672_,26.32µm
_00871_,26.32µm
_01632_,26.32µm
_02266_,26.32µm
_03548_,26.32µm
_01534_,25.96µm
_01959_,25.91µm
_02417_,25.91µm
_03437_,25.91µm
_03956_,25.91µm
_00564_,25.86µm
_01320_,25.86µm
_01835_,25.86µm
_02202_,25.86µm
_02440_,25.86µm
_02843_,25.86µm
_04139_,25.86µm
_04288_,25.86µm
i_chip_core.cfg_f_MEMS_fcw_x\[7\],25.86µm
_01415_,25.81µm
_01967_,25.81µm
_02736_,25.81µm
_04120_,25.81µm
_04156_,25.81µm
i_chip_core.wave_controller_x_inst.phase_acc\[19\],25.81µm
_01195_,25.76µm
_01653_,25.76µm
_03347_,25.76µm
_04210_,25.76µm
i_chip_core.cfg_phase0_offset_x\[4\],25.76µm
i_chip_core.delay_wave_cycle_x\[1\],25.76µm
_01479_,25.4µm
_01625_,25.4µm
_02025_,25.4µm
_00785_,25.35µm
_02447_,25.35µm
_02667_,25.35µm
_00875_,25.3µm
_01002_,25.3µm
_01190_,25.3µm
_01251_,25.3µm
_01520_,25.3µm
_01657_,25.3µm
_01943_,25.3µm
_02819_,25.3µm
_02978_,25.3µm
_04517_,25.3µm
i_chip_core.cfg_phase0_offset_y\[11\],25.3µm
_00683_,25.25µm
_01208_,25.25µm
_01445_,25.25µm
_01469_,25.25µm
_01511_,25.25µm
_02180_,25.25µm
_02327_,25.25µm
_02540_,25.25µm
_03202_,25.25µm
_03243_,25.25µm
_03588_,25.25µm
_04347_,25.25µm
i_chip_core.cfg_phase0_offset_x\[6\],25.25µm
i_chip_core.signal_processor_x_inst.cnt_out\[1\],25.25µm
net643,25.25µm
_01938_,25.2µm
_02598_,25.2µm
_03119_,25.2µm
_03326_,25.2µm
_00560_,24.79µm
_01375_,24.79µm
_02468_,24.79µm
_03586_,24.79µm
_00689_,24.74µm
_01222_,24.74µm
_01514_,24.74µm
_02250_,24.74µm
_02811_,24.74µm
_03875_,24.74µm
_04564_,24.74µm
i_chip_core.cfg_phase0_offset_x\[2\],24.74µm
net55,24.74µm
_00563_,24.69µm
_00942_,24.69µm
_01426_,24.69µm
_01558_,24.69µm
_01851_,24.69µm
_01921_,24.69µm
_02083_,24.69µm
_02796_,24.69µm
_03163_,24.69µm
_03658_,24.69µm
_03879_,24.69µm
_04024_,24.69µm
_04619_,24.69µm
_04678_,24.69µm
_00471_,24.64µm
_01088_,24.64µm
_01354_,24.64µm
_02059_,24.64µm
_02884_,24.64µm
_03057_,24.64µm
_03203_,24.64µm
_03775_,24.64µm
_04480_,24.64µm
_04587_,24.64µm
_02522_,24.28µm
_00562_,24.23µm
_00605_,24.23µm
_01522_,24.23µm
_01768_,24.23µm
_02244_,24.23µm
_00671_,24.18µm
_00999_,24.18µm
_01172_,24.18µm
_01261_,24.18µm
_01614_,24.18µm
_01621_,24.18µm
_02501_,24.18µm
_02604_,24.18µm
_02605_,24.18µm
_03961_,24.18µm
_04638_,24.18µm
i_chip_core.cfg_phase0_offset_y\[14\],24.18µm
net152,24.18µm
_00213_,24.13µm
_00695_,24.13µm
_00732_,24.13µm
_00909_,24.13µm
_00962_,24.13µm
_01048_,24.13µm
_01267_,24.13µm
_01343_,24.13µm
_01924_,24.13µm
_02548_,24.13µm
_02613_,24.13µm
_02902_,24.13µm
_02945_,24.13µm
_03239_,24.13µm
_03415_,24.13µm
_03468_,24.13µm
_04196_,24.13µm
_04289_,24.13µm
_04478_,24.13µm
_04576_,24.13µm
i_chip_core.cfg_phase0_offset_x\[9\],24.13µm
net765,24.13µm
net957,24.13µm
_00091_,24.08µm
_00550_,24.08µm
_00693_,24.08µm
_01466_,24.08µm
_01796_,24.08µm
_01800_,24.08µm
_01910_,24.08µm
_01942_,24.08µm
_02127_,24.08µm
_03528_,24.08µm
_01472_,23.72µm
_01547_,23.67µm
_02552_,23.67µm
_02567_,23.67µm
_04009_,23.67µm
_00223_,23.62µm
_00594_,23.62µm
_00786_,23.62µm
_00897_,23.62µm
_01227_,23.62µm
_01630_,23.62µm
_01840_,23.62µm
_01854_,23.62µm
_01931_,23.62µm
_01973_,23.62µm
_02024_,23.62µm
_02046_,23.62µm
_02410_,23.62µm
_02432_,23.62µm
_03978_,23.62µm
_04633_,23.62µm
i_chip_core.signal_processor_y_inst.cnt_in\[1\],23.62µm
i_chip_core.wave_controller_y_inst.cal_burst_armed,23.62µm
_00237_,23.57µm
_01140_,23.57µm
_01684_,23.57µm
_01795_,23.57µm
_01856_,23.57µm
_02459_,23.57µm
_02466_,23.57µm
_02858_,23.57µm
_03400_,23.57µm
_03547_,23.57µm
_03569_,23.57µm
_03605_,23.57µm
_03649_,23.57µm
_03926_,23.57µm
_04053_,23.57µm
i_chip_core.signal_processor_y_inst.s90_pipe\[0\],23.57µm
_00692_,23.52µm
_02395_,23.52µm
_02467_,23.52µm
_02478_,23.52µm
_03536_,23.52µm
_03584_,23.52µm
_03876_,23.52µm
_04298_,23.52µm
_04566_,23.52µm
_04672_,23.52µm
_00810_,23.16µm
i_chip_core.signal_processor_x_inst.cycle_count\[1\],23.16µm
_00944_,23.11µm
_01441_,23.11µm
_00633_,23.06µm
_01170_,23.06µm
_01302_,23.06µm
_01521_,23.06µm
_01988_,23.06µm
_02126_,23.06µm
_02527_,23.06µm
_02618_,23.06µm
_03154_,23.06µm
_03727_,23.06µm
_04158_,23.06µm
_04643_,23.06µm
_04696_,23.06µm
_00576_,23.01µm
_00631_,23.01µm
_01122_,23.01µm
_01885_,23.01µm
_02247_,23.01µm
_02249_,23.01µm
_02439_,23.01µm
_02487_,23.01µm
_03060_,23.01µm
_03453_,23.01µm
_03662_,23.01µm
_03664_,23.01µm
_03968_,23.01µm
_04011_,23.01µm
i_chip_core.cfg_phase0_offset_x\[17\],23.01µm
i_chip_core.spi_regs_inst.cs_sync\[0\],23.01µm
i_chip_core.wave_controller_x_inst.ds_acc\[4\],23.01µm
net754,23.01µm
_02090_,22.96µm
_03009_,22.96µm
i_chip_core.cal_done_x,22.96µm
i_chip_core.wave_controller_x_inst.ds_acc\[0\],22.96µm
net18,22.96µm
_03314_,22.65µm
_01697_,22.6µm
_00791_,22.55µm
_02958_,22.55µm
i_chip_core.count\[8\],22.55µm
_00804_,22.5µm
_00827_,22.5µm
_00906_,22.5µm
_01627_,22.5µm
_01807_,22.5µm
_01932_,22.5µm
_02952_,22.5µm
_03872_,22.5µm
_03940_,22.5µm
i_chip_core.count\[4\],22.5µm
_00853_,22.45µm
_01204_,22.45µm
_01482_,22.45µm
_01590_,22.45µm
_01842_,22.45µm
_01845_,22.45µm
_01978_,22.45µm
_02129_,22.45µm
_02509_,22.45µm
_02821_,22.45µm
_02976_,22.45µm
_03110_,22.45µm
_03303_,22.45µm
_03338_,22.45µm
_03343_,22.45µm
_03962_,22.45µm
_04573_,22.45µm
_04603_,22.45µm
i_chip_core.cfg_phase0_offset_y\[1\],22.45µm
i_chip_core.spi_regs_inst.tx_shift\[4\],22.45µm
_00733_,22.4µm
_01008_,22.4µm
_01327_,22.4µm
_02261_,22.4µm
_02641_,22.4µm
_03283_,22.4µm
_04065_,22.4µm
_04259_,22.4µm
i_chip_core.latch_phase90_ack_x,22.4µm
_00725_,21.99µm
_01039_,21.99µm
_01858_,21.99µm
_03645_,21.99µm
_03923_,21.99µm
_01325_,21.94µm
_01602_,21.94µm
_01677_,21.94µm
_01818_,21.94µm
_02123_,21.94µm
_02705_,21.94µm
_02877_,21.94µm
_03410_,21.94µm
_04565_,21.94µm
_04677_,21.94µm
i_chip_core.cfg_phase0_offset_x\[0\],21.94µm
i_chip_core.cfg_phase0_offset_y\[0\],21.94µm
i_chip_core.cfg_phase90_offset_x\[2\],21.94µm
net672,21.94µm
_00439_,21.89µm
_00773_,21.89µm
_01003_,21.89µm
_01038_,21.89µm
_01043_,21.89µm
_01424_,21.89µm
_01629_,21.89µm
_01658_,21.89µm
_01964_,21.89µm
_02116_,21.89µm
_02532_,21.89µm
_02595_,21.89µm
_02675_,21.89µm
_02723_,21.89µm
_03192_,21.89µm
_03273_,21.89µm
_03416_,21.89µm
_03419_,21.89µm
_03422_,21.89µm
_03476_,21.89µm
_03682_,21.89µm
_04056_,21.89µm
_04109_,21.89µm
_04249_,21.89µm
i_chip_core.wave_controller_x_inst.ds_acc\[2\],21.89µm
_00747_,21.84µm
_02368_,21.84µm
_02424_,21.84µm
_03101_,21.84µm
_03568_,21.84µm
_04098_,21.84µm
_03332_,21.43µm
_01101_,21.38µm
_01138_,21.38µm
_01764_,21.38µm
_01881_,21.38µm
_02131_,21.38µm
_02318_,21.38µm
_02454_,21.38µm
i_chip_core.cfg_phase0_offset_y\[12\],21.38µm
net70,21.38µm
_00675_,21.33µm
_01444_,21.33µm
_01760_,21.33µm
_01804_,21.33µm
_01879_,21.33µm
_02172_,21.33µm
_02448_,21.33µm
_02528_,21.33µm
_02656_,21.33µm
_02918_,21.33µm
_02960_,21.33µm
_03049_,21.33µm
_03231_,21.33µm
_03546_,21.33µm
_03621_,21.33µm
_04136_,21.33µm
_04173_,21.33µm
_04547_,21.33µm
_04623_,21.33µm
_00840_,21.28µm
_01484_,21.28µm
_03233_,21.28µm
_03329_,21.28µm
_03336_,21.28µm
_03616_,21.28µm
_04094_,21.28µm
_04362_,21.28µm
_04452_,21.28µm
_04632_,21.28µm
_01177_,21µm
_02019_,20.92µm
_01648_,20.87µm
_01812_,20.87µm
_02064_,20.87µm
_02718_,20.87µm
i_chip_core.cfg_phase90_offset_x\[1\],20.87µm
i_chip_core.wave_controller_x_inst.cal_burst_count\[0\],20.87µm
_00821_,20.82µm
_00863_,20.82µm
_01866_,20.82µm
_02260_,20.82µm
_02497_,20.82µm
_02585_,20.82µm
_03364_,20.82µm
_03408_,20.82µm
_03417_,20.82µm
_03552_,20.82µm
_04017_,20.82µm
_04144_,20.82µm
i_chip_core.cfg_phase0_offset_y\[3\],20.82µm
i_chip_core.signal_processor_y_inst.cnt_out\[3\],20.82µm
i_chip_core.spi_regs_inst.tx_shift\[3\],20.82µm
_00779_,20.77µm
_00874_,20.77µm
_01050_,20.77µm
_01077_,20.77µm
_01355_,20.77µm
_01453_,20.77µm
_01581_,20.77µm
_01669_,20.77µm
_01703_,20.77µm
_02419_,20.77µm
_02491_,20.77µm
_02510_,20.77µm
_02600_,20.77µm
_02717_,20.77µm
_02769_,20.77µm
_03571_,20.77µm
_03575_,20.77µm
_04115_,20.77µm
_04548_,20.77µm
i_chip_core.cfg_phase0_offset_y\[19\],20.77µm
net729,20.77µm
net745,20.77µm
_00008_,20.72µm
_00037_,20.72µm
_00943_,20.72µm
_00979_,20.72µm
_01071_,20.72µm
_01328_,20.72µm
_01886_,20.72µm
_02385_,20.72µm
_02526_,20.72µm
_02591_,20.72µm
_03032_,20.72µm
_03047_,20.72µm
_03383_,20.72µm
_04021_,20.72µm
_04300_,20.72µm
_04373_,20.72µm
_04450_,20.72µm
i_chip_core.signal_processor_y_inst.s90_pipe\[1\],20.72µm
net948,20.72µm
_01061_,20.31µm
_01233_,20.31µm
_01516_,20.31µm
_02489_,20.31µm
i_chip_core.wave_controller_y_inst.ds_acc\[2\],20.31µm
_00270_,20.26µm
_00625_,20.26µm
_01319_,20.26µm
_01374_,20.26µm
_01749_,20.26µm
_01771_,20.26µm
_01780_,20.26µm
_03459_,20.26µm
_04185_,20.26µm
_04214_,20.26µm
_04226_,20.26µm
i_chip_core.cfg_phase0_offset_x\[11\],20.26µm
_00561_,20.21µm
_00801_,20.21µm
_00818_,20.21µm
_00894_,20.21µm
_01042_,20.21µm
_01411_,20.21µm
_01756_,20.21µm
_01920_,20.21µm
_02162_,20.21µm
_02484_,20.21µm
_02816_,20.21µm
_02940_,20.21µm
_03228_,20.21µm
_03289_,20.21µm
_03517_,20.21µm
_04143_,20.21µm
_04244_,20.21µm
_04680_,20.21µm
i_chip_core.cfg_phase0_offset_x\[1\],20.21µm
_01189_,20.16µm
_02004_,20.16µm
_02573_,20.16µm
_02955_,20.16µm
_03499_,20.16µm
_01770_,19.85µm
_00934_,19.75µm
_02054_,19.75µm
_02201_,19.75µm
_00380_,19.7µm
_00877_,19.7µm
_01255_,19.7µm
_01414_,19.7µm
_01841_,19.7µm
_02098_,19.7µm
_02529_,19.7µm
_02553_,19.7µm
_02561_,19.7µm
_02572_,19.7µm
_02574_,19.7µm
_03666_,19.7µm
_03692_,19.7µm
_03850_,19.7µm
_03918_,19.7µm
_03959_,19.7µm
_04171_,19.7µm
i_chip_core.raw_edge1_x\[4\],19.7µm
net98,19.7µm
_00764_,19.65µm
_00885_,19.65µm
_00888_,19.65µm
_00896_,19.65µm
_01123_,19.65µm
_01307_,19.65µm
_01370_,19.65µm
_01504_,19.65µm
_01545_,19.65µm
_01633_,19.65µm
_01720_,19.65µm
_01831_,19.65µm
_02141_,19.65µm
_02161_,19.65µm
_02208_,19.65µm
_02223_,19.65µm
_02240_,19.65µm
_02608_,19.65µm
_02961_,19.65µm
_03721_,19.65µm
_03821_,19.65µm
_04069_,19.65µm
_04164_,19.65µm
_04168_,19.65µm
_04191_,19.65µm
_04270_,19.65µm
_04630_,19.65µm
net769,19.65µm
_00375_,19.6µm
_00378_,19.6µm
_00954_,19.6µm
_01004_,19.6µm
_01353_,19.6µm
_02688_,19.6µm
_02756_,19.6µm
_02992_,19.6µm
_03070_,19.6µm
_04018_,19.6µm
_04476_,19.6µm
_02946_,19.42µm
_04472_,19.32µm
net343,19.24µm
_03643_,19.19µm
_00155_,19.14µm
_00828_,19.14µm
_00915_,19.14µm
_01650_,19.14µm
_01848_,19.14µm
_01871_,19.14µm
_01877_,19.14µm
_01912_,19.14µm
_01928_,19.14µm
_02068_,19.14µm
_02092_,19.14µm
_03565_,19.14µm
_03921_,19.14µm
_04166_,19.14µm
i_chip_core.cfg_phase0_offset_y\[6\],19.14µm
i_chip_core.wave_controller_y_inst.ds_acc\[0\],19.14µm
_00009_,19.09µm
_00229_,19.09µm
_00384_,19.09µm
_00945_,19.09µm
_01171_,19.09µm
_01183_,19.09µm
_01346_,19.09µm
_01372_,19.09µm
_01452_,19.09µm
_01794_,19.09µm
_01805_,19.09µm
_01895_,19.09µm
_02236_,19.09µm
_02775_,19.09µm
_02869_,19.09µm
_03095_,19.09µm
_03264_,19.09µm
_03843_,19.09µm
_03929_,19.09µm
_03941_,19.09µm
_04044_,19.09µm
_04095_,19.09µm
_04194_,19.09µm
_04705_,19.09µm
net800,19.09µm
_00064_,19.04µm
_00670_,19.04µm
_01306_,19.04µm
_01642_,19.04µm
_01726_,19.04µm
_01748_,19.04µm
_01834_,19.04µm
_01983_,19.04µm
_02134_,19.04µm
_02511_,19.04µm
_02517_,19.04µm
_03174_,19.04µm
_03538_,19.04µm
_03629_,19.04µm
_03914_,19.04µm
_02474_,18.68µm
_00628_,18.63µm
_01719_,18.63µm
_02404_,18.63µm
_00595_,18.58µm
_01447_,18.58µm
_01486_,18.58µm
_01702_,18.58µm
_03082_,18.58µm
_03392_,18.58µm
_03976_,18.58µm
_04026_,18.58µm
i_chip_core.wave_controller_y_inst.ds_acc\[6\],18.58µm
_00053_,18.53µm
_00662_,18.53µm
_01086_,18.53µm
_01253_,18.53µm
_01266_,18.53µm
_01548_,18.53µm
_01741_,18.53µm
_01778_,18.53µm
_01827_,18.53µm
_01878_,18.53µm
_02471_,18.53µm
_02670_,18.53µm
_02776_,18.53µm
_02905_,18.53µm
_02921_,18.53µm
_02927_,18.53µm
_02934_,18.53µm
_03457_,18.53µm
_03650_,18.53µm
_04020_,18.53µm
_04189_,18.53µm
_04276_,18.53µm
_04488_,18.53µm
i_chip_core.signal_processor_x_inst.cnt_in\[1\],18.53µm
_00245_,18.48µm
_00819_,18.48µm
_00889_,18.48µm
_00937_,18.48µm
_01019_,18.48µm
_01186_,18.48µm
_01462_,18.48µm
_01495_,18.48µm
_02306_,18.48µm
_02443_,18.48µm
_02660_,18.48µm
_02998_,18.48µm
_03012_,18.48µm
_03431_,18.48µm
_03804_,18.48µm
_03871_,18.48µm
_04163_,18.48µm
_04520_,18.48µm
i_chip_core.signal_processor_y_inst.cnt_in\[2\],18.48µm
i_chip_core.signal_processor_y_inst.s90_valid,18.48µm
_00824_,18.07µm
_03426_,18.07µm
_00895_,18.02µm
_01236_,18.02µm
_01425_,18.02µm
_01491_,18.02µm
_01941_,18.02µm
_02066_,18.02µm
_03434_,18.02µm
_03570_,18.02µm
_03667_,18.02µm
_04356_,18.02µm
_00123_,17.97µm
_00408_,17.97µm
_00731_,17.97µm
_01154_,17.97µm
_01199_,17.97µm
_01338_,17.97µm
_01926_,17.97µm
_01977_,17.97µm
_01985_,17.97µm
_02086_,17.97µm
_02678_,17.97µm
_02857_,17.97µm
_03800_,17.97µm
_03853_,17.97µm
_03928_,17.97µm
_04117_,17.97µm
_04183_,17.97µm
_04184_,17.97µm
_04215_,17.97µm
_04230_,17.97µm
_04287_,17.97µm
_04416_,17.97µm
_04624_,17.97µm
i_chip_core.cfg_phase0_offset_x\[12\],17.97µm
i_chip_core.cfg_phase0_offset_x\[15\],17.97µm
i_chip_core.cfg_phase0_offset_y\[8\],17.97µm
net138,17.97µm
_00082_,17.92µm
_00990_,17.92µm
_01015_,17.92µm
_02078_,17.92µm
_02204_,17.92µm
_02215_,17.92µm
_02232_,17.92µm
_02462_,17.92µm
_02983_,17.92µm
_03527_,17.92µm
_03817_,17.92µm
_03937_,17.92µm
_04067_,17.92µm
_04466_,17.92µm
i_chip_core.raw_edge3_y\[10\],17.92µm
_03083_,17.69µm
_01568_,17.56µm
i_chip_core.wave_controller_x_inst.ds_acc\[5\],17.56µm
_00665_,17.51µm
_01874_,17.51µm
_04239_,17.51µm
_00150_,17.46µm
_00728_,17.46µm
_00766_,17.46µm
_00981_,17.46µm
_01174_,17.46µm
_01529_,17.46µm
_01541_,17.46µm
_01753_,17.46µm
_01830_,17.46µm
_02081_,17.46µm
_02184_,17.46µm
_04008_,17.46µm
_04176_,17.46µm
bidir_CORE2PAD\[1\],17.46µm
i_chip_core.signal_processor_x_inst.s90_valid,17.46µm
i_chip_core.wave_controller_y_inst.ds_acc\[4\],17.46µm
_00041_,17.41µm
_00186_,17.41µm
_00298_,17.41µm
_00783_,17.41µm
_00792_,17.41µm
_00873_,17.41µm
_00880_,17.41µm
_00977_,17.41µm
_01232_,17.41µm
_01312_,17.41µm
_01455_,17.41µm
_01471_,17.41µm
_01552_,17.41µm
_01828_,17.41µm
_02079_,17.41µm
_02210_,17.41µm
_02472_,17.41µm
_02592_,17.41µm
_02837_,17.41µm
_03046_,17.41µm
_03240_,17.41µm
_03406_,17.41µm
_03454_,17.41µm
_03483_,17.41µm
_03564_,17.41µm
_03613_,17.41µm
_03640_,17.41µm
_03646_,17.41µm
_03673_,17.41µm
_04099_,17.41µm
_04138_,17.41µm
_04238_,17.41µm
_04339_,17.41µm
_04575_,17.41µm
i_chip_core.count\[7\],17.41µm
_00861_,17.36µm
_01219_,17.36µm
_01430_,17.36µm
_01628_,17.36µm
_02155_,17.36µm
_02369_,17.36µm
_02537_,17.36µm
_02674_,17.36µm
_02822_,17.36µm
_03096_,17.36µm
_03399_,17.36µm
_03472_,17.36µm
_03497_,17.36µm
_03812_,17.36µm
_03828_,17.36µm
_03930_,17.36µm
_03931_,17.36µm
_04169_,17.36µm
_04192_,17.36µm
_04358_,17.36µm
_01562_,16.95µm
_02219_,16.95µm
net47,16.95µm
_00655_,16.9µm
_00951_,16.9µm
_00969_,16.9µm
_01564_,16.9µm
_02085_,16.9µm
_02093_,16.9µm
_02121_,16.9µm
_02477_,16.9µm
_02665_,16.9µm
_03559_,16.9µm
_04007_,16.9µm
net79,16.9µm
_00540_,16.85µm
_00679_,16.85µm
_00714_,16.85µm
_00920_,16.85µm
_00939_,16.85µm
_01085_,16.85µm
_01108_,16.85µm
_01470_,16.85µm
_01536_,16.85µm
_01563_,16.85µm
_01801_,16.85µm
_02108_,16.85µm
_02125_,16.85µm
_02486_,16.85µm
_02493_,16.85µm
_03001_,16.85µm
_03053_,16.85µm
_03068_,16.85µm
_03138_,16.85µm
_03724_,16.85µm
_03740_,16.85µm
_03822_,16.85µm
_03838_,16.85µm
_03936_,16.85µm
_04097_,16.85µm
_04121_,16.85µm
_04160_,16.85µm
_04205_,16.85µm
_04258_,16.85µm
_04338_,16.85µm
_04650_,16.85µm
i_chip_core.latch_phase270_ack_x,16.85µm
i_chip_core.signal_processor_y_inst.cnt_out\[2\],16.85µm
net982,16.85µm
net986,16.85µm
_01643_,16.8µm
_02481_,16.8µm
_02611_,16.8µm
_03318_,16.8µm
_03346_,16.8µm
_03773_,16.8µm
_03779_,16.8µm
_03932_,16.8µm
_04068_,16.8µm
_04075_,16.8µm
_04148_,16.8µm
_04242_,16.8µm
_04536_,16.8µm
_04585_,16.8µm
_04656_,16.8µm
i_chip_core.cfg_phase0_offset_x\[10\],16.8µm
i_chip_core.signal_processor_x_inst.cnt_in\[2\],16.8µm
i_chip_core.wave_controller_x_inst.phase_acc\[15\],16.8µm
_00558_,16.44µm
_01645_,16.44µm
_00559_,16.39µm
_02173_,16.39µm
_04029_,16.39µm
_00816_,16.34µm
_00822_,16.34µm
_00858_,16.34µm
_01616_,16.34µm
_01725_,16.34µm
_01790_,16.34µm
_01876_,16.34µm
_01975_,16.34µm
_02418_,16.34µm
_02817_,16.34µm
_03373_,16.34µm
_03896_,16.34µm
_03991_,16.34µm
_04083_,16.34µm
_04186_,16.34µm
_04307_,16.34µm
_04557_,16.34µm
_00147_,16.29µm
_00279_,16.29µm
_00326_,16.29µm
_00415_,16.29µm
_00429_,16.29µm
_00796_,16.29µm
_00926_,16.29µm
_01009_,16.29µm
_01335_,16.29µm
_01434_,16.29µm
_01438_,16.29µm
_01607_,16.29µm
_01799_,16.29µm
_01873_,16.29µm
_02045_,16.29µm
_02109_,16.29µm
_02120_,16.29µm
_02248_,16.29µm
_02702_,16.29µm
_02716_,16.29µm
_02733_,16.29µm
_03590_,16.29µm
_03676_,16.29µm
_03831_,16.29µm
_03833_,16.29µm
_04149_,16.29µm
_04231_,16.29µm
_04274_,16.29µm
_04364_,16.29µm
_04563_,16.29µm
_04604_,16.29µm
_04655_,16.29µm
i_chip_core.cfg_phase0_offset_y\[17\],16.29µm
i_chip_core.count\[6\],16.29µm
i_chip_core.count\[9\],16.29µm
i_chip_core.raw_edge3_x\[2\],16.29µm
i_chip_core.signal_processor_x_inst.s90_pipe\[1\],16.29µm
net946,16.29µm
_01054_,16.24µm
_01228_,16.24µm
_01303_,16.24µm
_01671_,16.24µm
_02102_,16.24µm
_02183_,16.24µm
_02228_,16.24µm
_03078_,16.24µm
_03098_,16.24µm
_03371_,16.24µm
_03619_,16.24µm
_03806_,16.24µm
_03916_,16.24µm
_03994_,16.24µm
_04197_,16.24µm
_04228_,16.24µm
_04522_,16.24µm
i_chip_core.wave_controller_y_inst.cal_burst_active,15.93µm
_02316_,15.88µm
i_chip_core.cfg_phase0_offset_y\[20\],15.83µm
_00660_,15.78µm
_00923_,15.78µm
_01288_,15.78µm
_01676_,15.78µm
_01849_,15.78µm
_01864_,15.78µm
_02056_,15.78µm
_02209_,15.78µm
_02666_,15.78µm
_03221_,15.78µm
_03251_,15.78µm
_03414_,15.78µm
_03617_,15.78µm
_00013_,15.73µm
_00096_,15.73µm
_00097_,15.73µm
_00146_,15.73µm
_00207_,15.73µm
_00227_,15.73µm
_00325_,15.73µm
_00529_,15.73µm
_00881_,15.73µm
_01024_,15.73µm
_01059_,15.73µm
_01084_,15.73µm
_01105_,15.73µm
_01289_,15.73µm
_01475_,15.73µm
_01578_,15.73µm
_02117_,15.73µm
_02555_,15.73µm
_02586_,15.73µm
_02588_,15.73µm
_02638_,15.73µm
_02643_,15.73µm
_02966_,15.73µm
_03136_,15.73µm
_03378_,15.73µm
_03424_,15.73µm
_03474_,15.73µm
_03811_,15.73µm
_03945_,15.73µm
_03989_,15.73µm
_04071_,15.73µm
_04221_,15.73µm
_04321_,15.73µm
_04432_,15.73µm
_04434_,15.73µm
_04541_,15.73µm
_04679_,15.73µm
i_chip_core.cfg_phase0_offset_y\[10\],15.73µm
i_chip_core.wave_controller_x_inst.ds_acc\[1\],15.73µm
i_chip_core.wave_controller_y_inst.ds_acc\[8\],15.73µm
net967,15.73µm
_00116_,15.68µm
_00676_,15.68µm
_00899_,15.68µm
_00911_,15.68µm
_01129_,15.68µm
_01314_,15.68µm
_01696_,15.68µm
_02070_,15.68µm
_02073_,15.68µm
_02242_,15.68µm
_02388_,15.68µm
_02783_,15.68µm
_03205_,15.68µm
_03311_,15.68µm
_03491_,15.68µm
_03495_,15.68µm
_03524_,15.68µm
_03781_,15.68µm
_04005_,15.68µm
_04106_,15.68µm
_04170_,15.68µm
_04201_,15.68µm
_04229_,15.68µm
_04295_,15.68µm
_04440_,15.68µm
_04572_,15.68µm
_01102_,15.27µm
_01976_,15.27µm
_03358_,15.27µm
_03391_,15.27µm
_00667_,15.22µm
_00690_,15.22µm
_00912_,15.22µm
_01280_,15.22µm
_01717_,15.22µm
_01935_,15.22µm
_01945_,15.22µm
_01951_,15.22µm
_02145_,15.22µm
_02154_,15.22µm
_03473_,15.22µm
_03647_,15.22µm
_04023_,15.22µm
_04070_,15.22µm
_04554_,15.22µm
_00174_,15.17µm
_00183_,15.17µm
_00278_,15.17µm
_00328_,15.17µm
_00335_,15.17µm
_00410_,15.17µm
_00430_,15.17µm
_00476_,15.17µm
_00980_,15.17µm
_00986_,15.17µm
_01191_,15.17µm
_01322_,15.17µm
_01352_,15.17µm
_01477_,15.17µm
_01570_,15.17µm
_01582_,15.17µm
_01891_,15.17µm
_02096_,15.17µm
_02416_,15.17µm
_02498_,15.17µm
_02525_,15.17µm
_02589_,15.17µm
_02770_,15.17µm
_02890_,15.17µm
_03008_,15.17µm
_03252_,15.17µm
_03425_,15.17µm
_03463_,15.17µm
_03561_,15.17µm
_03839_,15.17µm
_04043_,15.17µm
_04052_,15.17µm
_04086_,15.17µm
_04236_,15.17µm
_04456_,15.17µm
_04463_,15.17µm
_04499_,15.17µm
_04640_,15.17µm
i_chip_core.cfg_phase0_offset_x\[8\],15.17µm
i_chip_core.count\[3\],15.17µm
i_chip_core.raw_edge3_x\[12\],15.17µm
net968,15.17µm
_00046_,15.12µm
_00354_,15.12µm
_00457_,15.12µm
_00802_,15.12µm
_01139_,15.12µm
_01143_,15.12µm
_01299_,15.12µm
_01331_,15.12µm
_01487_,15.12µm
_01493_,15.12µm
_01683_,15.12µm
_02625_,15.12µm
_02761_,15.12µm
_03390_,15.12µm
_03502_,15.12µm
_03567_,15.12µm
_03693_,15.12µm
_03739_,15.12µm
_03889_,15.12µm
_04150_,15.12µm
_04319_,15.12µm
_04442_,15.12µm
_03925_,14.81µm
_01549_,14.76µm
_00575_,14.71µm
_02831_,14.71µm
_03447_,14.71µm
_04167_,14.71µm
i_chip_core.spi_regs_inst.tx_shift\[1\],14.71µm
_00795_,14.66µm
_01336_,14.66µm
_01344_,14.66µm
_01721_,14.66µm
_02533_,14.66µm
_03412_,14.66µm
_03469_,14.66µm
_03550_,14.66µm
_03560_,14.66µm
_03869_,14.66µm
_04079_,14.66µm
net45,14.66µm
net117,14.66µm
net626,14.66µm
_00332_,14.61µm
_00333_,14.61µm
_00883_,14.61µm
_01021_,14.61µm
_01131_,14.61µm
_01142_,14.61µm
_01147_,14.61µm
_01249_,14.61µm
_01297_,14.61µm
_01313_,14.61µm
_01323_,14.61µm
_01364_,14.61µm
_01461_,14.61µm
_01503_,14.61µm
_01526_,14.61µm
_01592_,14.61µm
_01672_,14.61µm
_01917_,14.61µm
_02579_,14.61µm
_02957_,14.61µm
_02965_,14.61µm
_03200_,14.61µm
_03260_,14.61µm
_03348_,14.61µm
_03625_,14.61µm
_03679_,14.61µm
_03801_,14.61µm
_03927_,14.61µm
_03987_,14.61µm
_03990_,14.61µm
_04101_,14.61µm
_04208_,14.61µm
_04493_,14.61µm
i_chip_core.latch_phase90_ack_y,14.61µm
net688,14.61µm
net780,14.61µm
_00314_,14.56µm
_00320_,14.56µm
_00327_,14.56µm
_00593_,14.56µm
_00989_,14.56µm
_01053_,14.56µm
_01091_,14.56µm
_01362_,14.56µm
_01392_,14.56µm
_01810_,14.56µm
_01893_,14.56µm
_02027_,14.56µm
_02042_,14.56µm
_02408_,14.56µm
_02469_,14.56µm
_03079_,14.56µm
_03266_,14.56µm
_03327_,14.56µm
_03500_,14.56µm
_03501_,14.56µm
_03596_,14.56µm
_03733_,14.56µm
_03911_,14.56µm
_04090_,14.56µm
_04366_,14.56µm
_04370_,14.56µm
_04400_,14.56µm
_04438_,14.56µm
net997,14.56µm
_01989_,14.2µm
_01367_,14.15µm
_01460_,14.15µm
i_chip_core.cfg_phase0_offset_y\[18\],14.15µm
_00780_,14.1µm
_00823_,14.1µm
_01037_,14.1µm
_01167_,14.1µm
_01675_,14.1µm
_01948_,14.1µm
_02719_,14.1µm
_03572_,14.1µm
_04013_,14.1µm
_04110_,14.1µm
_04250_,14.1µm
_04589_,14.1µm
i_chip_core.cfg_phase0_offset_y\[16\],14.1µm
i_chip_core.raw_edge2_x\[4\],14.1µm
net81,14.1µm
_00108_,14.05µm
_00121_,14.05µm
_00148_,14.05µm
_00149_,14.05µm
_00220_,14.05µm
_00252_,14.05µm
_00275_,14.05µm
_00418_,14.05µm
_00734_,14.05µm
_00851_,14.05µm
_00879_,14.05µm
_00927_,14.05µm
_01007_,14.05µm
_01301_,14.05µm
_01309_,14.05µm
_01532_,14.05µm
_01610_,14.05µm
_01662_,14.05µm
_01664_,14.05µm
_01880_,14.05µm
_01999_,14.05µm
_02168_,14.05µm
_02186_,14.05µm
_02634_,14.05µm
_02727_,14.05µm
_03026_,14.05µm
_03272_,14.05µm
_03288_,14.05µm
_03395_,14.05µm
_03405_,14.05µm
_03648_,14.05µm
_03810_,14.05µm
_03813_,14.05µm
_03915_,14.05µm
_04357_,14.05µm
_04372_,14.05µm
_04374_,14.05µm
_04411_,14.05µm
_04537_,14.05µm
_04631_,14.05µm
i_chip_core.wave_controller_x_inst.comp_sync1,14.05µm
i_chip_core.wave_controller_x_inst.ds_acc\[6\],14.05µm
_00007_,14µm
_00022_,14µm
_00132_,14µm
_00240_,14µm
_00323_,14µm
_00589_,14µm
_00890_,14µm
_01214_,14µm
_01981_,14µm
_01994_,14µm
_02072_,14µm
_02257_,14µm
_02584_,14µm
_02899_,14µm
_03063_,14µm
_03317_,14µm
_03444_,14µm
_03470_,14µm
_03742_,14µm
_03892_,14µm
_04644_,14µm
i_chip_core.spi_regs_inst.tx_shift\[0\],14µm
net971,14µm
_01571_,13.64µm
_01631_,13.59µm
_02139_,13.59µm
net52,13.59µm
net67,13.59µm
_00648_,13.54µm
_01156_,13.54µm
_01416_,13.54µm
_01500_,13.54µm
_01531_,13.54µm
_01792_,13.54µm
_02026_,13.54µm
_02067_,13.54µm
_02376_,13.54µm
_02452_,13.54µm
_02981_,13.54µm
_04237_,13.54µm
_04327_,13.54µm
_04653_,13.54µm
i_chip_core.cfg_phase0_offset_y\[15\],13.54µm
i_chip_core.cfg_phase0_offset_y\[4\],13.54µm
i_chip_core.cfg_phase0_offset_y\[5\],13.54µm
i_chip_core.cfg_phase0_offset_y\[9\],13.54µm
_00202_,13.49µm
_00800_,13.49µm
_01073_,13.49µm
_01152_,13.49µm
_01153_,13.49µm
_01295_,13.49µm
_01316_,13.49µm
_01332_,13.49µm
_01340_,13.49µm
_01483_,13.49µm
_01543_,13.49µm
_01982_,13.49µm
_02080_,13.49µm
_02264_,13.49µm
_02314_,13.49µm
_02402_,13.49µm
_02496_,13.49µm
_02809_,13.49µm
_02949_,13.49µm
_02956_,13.49µm
_03045_,13.49µm
_03145_,13.49µm
_03284_,13.49µm
_03325_,13.49µm
_03729_,13.49µm
_03841_,13.49µm
_03920_,13.49µm
_03952_,13.49µm
_00219_,13.44µm
_00849_,13.44µm
_01064_,13.44µm
_01188_,13.44µm
_01310_,13.44µm
_01363_,13.44µm
_01383_,13.44µm
_01550_,13.44µm
_01647_,13.44µm
_01958_,13.44µm
_02023_,13.44µm
_02048_,13.44µm
_02620_,13.44µm
_02892_,13.44µm
_03479_,13.44µm
_03513_,13.44µm
_03719_,13.44µm
_03836_,13.44µm
_04125_,13.44µm
_04375_,13.44µm
i_chip_core.signal_processor_x_inst.cnt_in\[0\],13.44µm
i_chip_core.signal_processor_y_inst.s270_pipe\[2\],13.44µm
i_chip_core.wave_controller_y_inst.cal_burst_count\[1\],13.44µm
net526,13.44µm
net969,13.44µm
_01032_,13.03µm
_03144_,13.03µm
_03238_,13.03µm
_03634_,13.03µm
_04462_,13.03µm
_01417_,12.98µm
_01823_,12.98µm
_01974_,12.98µm
_01996_,12.98µm
_02007_,12.98µm
_02038_,12.98µm
_02214_,12.98µm
_02485_,12.98µm
_02942_,12.98µm
_03384_,12.98µm
_03506_,12.98µm
_03910_,12.98µm
_04015_,12.98µm
_04016_,12.98µm
_04641_,12.98µm
i_chip_core.cfg_phase0_offset_x\[3\],12.98µm
_00092_,12.93µm
_00151_,12.93µm
_00160_,12.93µm
_00184_,12.93µm
_00189_,12.93µm
_00248_,12.93µm
_00865_,12.93µm
_01026_,12.93µm
_01161_,12.93µm
_01205_,12.93µm
_01413_,12.93µm
_01567_,12.93µm
_01574_,12.93µm
_01591_,12.93µm
_01593_,12.93µm
_01598_,12.93µm
_01606_,12.93µm
_01765_,12.93µm
_01906_,12.93µm
_01947_,12.93µm
_02171_,12.93µm
_02407_,12.93µm
_02636_,12.93µm
_02692_,12.93µm
_02707_,12.93µm
_02724_,12.93µm
_02850_,12.93µm
_02861_,12.93µm
_03247_,12.93µm
_03271_,12.93µm
_03445_,12.93µm
_03492_,12.93µm
_03518_,12.93µm
_03762_,12.93µm
_03799_,12.93µm
_04047_,12.93µm
_04124_,12.93µm
_04235_,12.93µm
_04285_,12.93µm
_04311_,12.93µm
_04361_,12.93µm
_04409_,12.93µm
_04458_,12.93µm
_04474_,12.93µm
_04528_,12.93µm
i_chip_core.cfg_phase0_offset_y\[13\],12.93µm
i_chip_core.cfg_phase0_offset_y\[2\],12.93µm
i_chip_core.signal_processor_x_inst.s270_pipe\[2\],12.93µm
i_chip_core.spi_regs_inst.tx_shift\[6\],12.93µm
net784,12.93µm
net977,12.93µm
net993,12.93µm
net1001,12.93µm
_00004_,12.88µm
_00006_,12.88µm
_00031_,12.88µm
_00058_,12.88µm
_00243_,12.88µm
_00257_,12.88µm
_00872_,12.88µm
_01017_,12.88µm
_01020_,12.88µm
_01357_,12.88µm
_01565_,12.88µm
_01680_,12.88µm
_01724_,12.88µm
_02021_,12.88µm
_02149_,12.88µm
_02520_,12.88µm
_02693_,12.88µm
_02715_,12.88µm
_03141_,12.88µm
_03482_,12.88µm
_03577_,12.88µm
_03656_,12.88µm
_03723_,12.88µm
_04082_,12.88µm
_04102_,12.88µm
_04340_,12.88µm
_04352_,12.88µm
_04408_,12.88µm
net956,12.88µm
_00811_,12.47µm
_01911_,12.47µm
_03389_,12.47µm
_01687_,12.42µm
_01802_,12.42µm
_01814_,12.42µm
_02315_,12.42µm
_02455_,12.42µm
_02562_,12.42µm
_02685_,12.42µm
_03554_,12.42µm
_04100_,12.42µm
i_chip_core.signal_processor_x_inst.s90_pipe\[0\],12.42µm
i_chip_core.spi_regs_inst.tx_shift\[5\],12.42µm
_00024_,12.37µm
_00212_,12.37µm
_00258_,12.37µm
_00331_,12.37µm
_00345_,12.37µm
_00352_,12.37µm
_00413_,12.37µm
_00538_,12.37µm
_00963_,12.37µm
_00967_,12.37µm
_01034_,12.37µm
_01082_,12.37µm
_01185_,12.37µm
_01246_,12.37µm
_01259_,12.37µm
_01308_,12.37µm
_01437_,12.37µm
_01612_,12.37µm
_01663_,12.37µm
_01679_,12.37µm
_01846_,12.37µm
_01889_,12.37µm
_01914_,12.37µm
_01934_,12.37µm
_01998_,12.37µm
_02006_,12.37µm
_02052_,12.37µm
_02094_,12.37µm
_02392_,12.37µm
_02514_,12.37µm
_02785_,12.37µm
_02848_,12.37µm
_02973_,12.37µm
_02979_,12.37µm
_02980_,12.37µm
_03041_,12.37µm
_03135_,12.37µm
_03263_,12.37µm
_03435_,12.37µm
_03478_,12.37µm
_03807_,12.37µm
_03981_,12.37µm
_04014_,12.37µm
_04155_,12.37µm
_04294_,12.37µm
_04497_,12.37µm
i_chip_core.analog_comp_y_inst.aout,12.37µm
i_chip_core.signal_processor_y_inst.s90_pipe\[2\],12.37µm
_00145_,12.32µm
_00206_,12.32µm
_00210_,12.32µm
_00244_,12.32µm
_00276_,12.32µm
_00336_,12.32µm
_00477_,12.32µm
_00556_,12.32µm
_00771_,12.32µm
_01047_,12.32µm
_01159_,12.32µm
_01311_,12.32µm
_01485_,12.32µm
_01538_,12.32µm
_01743_,12.32µm
_01791_,12.32µm
_01872_,12.32µm
_02135_,12.32µm
_02187_,12.32µm
_02541_,12.32µm
_02673_,12.32µm
_02706_,12.32µm
_02732_,12.32µm
_02846_,12.32µm
_03293_,12.32µm
_03315_,12.32µm
_03349_,12.32µm
_03488_,12.32µm
_03508_,12.32µm
_03592_,12.32µm
_03743_,12.32µm
_03898_,12.32µm
_03904_,12.32µm
_03988_,12.32µm
_04371_,12.32µm
_04626_,12.32µm
net964,12.32µm
_00864_,11.96µm
_03701_,11.96µm
_00577_,11.86µm
_01079_,11.86µm
_01321_,11.86µm
_01515_,11.86µm
_01588_,11.86µm
_01777_,11.86µm
_01822_,11.86µm
_01857_,11.86µm
_02136_,11.86µm
_02233_,11.86µm
_02403_,11.86µm
_02435_,11.86µm
_02558_,11.86µm
_02777_,11.86µm
_02820_,11.86µm
_03462_,11.86µm
_03600_,11.86µm
_03618_,11.86µm
_03802_,11.86µm
_04087_,11.86µm
_04172_,11.86µm
i_chip_core.cfg_phase0_offset_x\[19\],11.86µm
i_chip_core.cfg_phase0_offset_x\[20\],11.86µm
i_chip_core.raw_edge2_y\[9\],11.86µm
_00110_,11.81µm
_00131_,11.81µm
_00139_,11.81µm
_00171_,11.81µm
_00272_,11.81µm
_00281_,11.81µm
_00350_,11.81µm
_00451_,11.81µm
_00530_,11.81µm
_00542_,11.81µm
_01081_,11.81µm
_01206_,11.81µm
_01238_,11.81µm
_01271_,11.81µm
_02205_,11.81µm
_02559_,11.81µm
_02683_,11.81µm
_02743_,11.81µm
_03027_,11.81µm
_03261_,11.81µm
_03302_,11.81µm
_03310_,11.81µm
_03324_,11.81µm
_03404_,11.81µm
_03710_,11.81µm
_03755_,11.81µm
_03830_,11.81µm
_04268_,11.81µm
_04302_,11.81µm
_04351_,11.81µm
_04516_,11.81µm
_04556_,11.81µm
i_chip_core.signal_processor_y_inst.s270_pipe\[0\],11.81µm
i_chip_core.wave_controller_x_inst.phase_acc\[18\],11.81µm
net1030,11.81µm
net1035,11.81µm
_00073_,11.76µm
_00144_,11.76µm
_00178_,11.76µm
_00366_,11.76µm
_00845_,11.76µm
_00919_,11.76µm
_01063_,11.76µm
_01402_,11.76µm
_01421_,11.76µm
_01448_,11.76µm
_01527_,11.76µm
_01861_,11.76µm
_02442_,11.76µm
_02703_,11.76µm
_02709_,11.76µm
_02847_,11.76µm
_02932_,11.76µm
_02977_,11.76µm
_02986_,11.76µm
_03290_,11.76µm
_03312_,11.76µm
_03449_,11.76µm
_03494_,11.76µm
_03608_,11.76µm
_03638_,11.76µm
_03678_,11.76µm
_03791_,11.76µm
_03963_,11.76µm
_03983_,11.76µm
_04147_,11.76µm
_04279_,11.76µm
_04433_,11.76µm
_04495_,11.76µm
_04526_,11.76µm
_04532_,11.76µm
_04671_,11.76µm
_04722_,11.76µm
net1041,11.76µm
_00222_,11.7µm
_03845_,11.4µm
_00955_,11.35µm
_03998_,11.35µm
_01304_,11.3µm
_01505_,11.3µm
_01769_,11.3µm
_01870_,11.3µm
_02483_,11.3µm
_02984_,11.3µm
_03705_,11.3µm
_03847_,11.3µm
_03865_,11.3µm
i_chip_core.signal_processor_x_inst.s90_pipe\[2\],11.3µm
i_chip_core.signal_processor_y_inst.s270_pipe\[1\],11.3µm
_00083_,11.25µm
_00088_,11.25µm
_00159_,11.25µm
_00175_,11.25µm
_00188_,11.25µm
_00203_,11.25µm
_00225_,11.25µm
_00263_,11.25µm
_00347_,11.25µm
_00368_,11.25µm
_00382_,11.25µm
_00425_,11.25µm
_00473_,11.25µm
_00539_,11.25µm
_00548_,11.25µm
_00551_,11.25µm
_00904_,11.25µm
_00924_,11.25µm
_01087_,11.25µm
_01160_,11.25µm
_01652_,11.25µm
_01701_,11.25µm
_02047_,11.25µm
_02506_,11.25µm
_02524_,11.25µm
_02774_,11.25µm
_02833_,11.25µm
_02982_,11.25µm
_03023_,11.25µm
_03030_,11.25µm
_03043_,11.25µm
_03080_,11.25µm
_03188_,11.25µm
_03210_,11.25µm
_03545_,11.25µm
_03663_,11.25µm
_03829_,11.25µm
_03867_,11.25µm
_03971_,11.25µm
_04222_,11.25µm
_04227_,11.25µm
_04266_,11.25µm
_04291_,11.25µm
_04382_,11.25µm
_04435_,11.25µm
i_chip_core.analog_comp_x_inst.aout,11.25µm
i_chip_core.signal_processor_x_inst.s270_pipe\[0\],11.25µm
i_chip_core.spi_regs_inst.reg_wr_data\[1\],11.25µm
i_chip_core.wave_controller_x_inst.cal_burst_count\[1\],11.25µm
i_chip_core.wave_controller_y_inst.ds_acc\[5\],11.25µm
net989,11.25µm
net1024,11.25µm
_00027_,11.2µm
_00042_,11.2µm
_00104_,11.2µm
_00141_,11.2µm
_00201_,11.2µm
_00403_,11.2µm
_00414_,11.2µm
_00470_,11.2µm
_01044_,11.2µm
_01058_,11.2µm
_01092_,11.2µm
_01163_,11.2µm
_01618_,11.2µm
_01619_,11.2µm
_01819_,11.2µm
_01867_,11.2µm
_02010_,11.2µm
_02013_,11.2µm
_02099_,11.2µm
_02164_,11.2µm
_02414_,11.2µm
_02508_,11.2µm
_02547_,11.2µm
_02644_,11.2µm
_02695_,11.2µm
_02713_,11.2µm
_02740_,11.2µm
_03118_,11.2µm
_03172_,11.2µm
_03201_,11.2µm
_03232_,11.2µm
_03287_,11.2µm
_03352_,11.2µm
_03357_,11.2µm
_03423_,11.2µm
_03490_,11.2µm
_03557_,11.2µm
_03620_,11.2µm
_03677_,11.2µm
_03754_,11.2µm
_03832_,11.2µm
_03897_,11.2µm
_03944_,11.2µm
_04137_,11.2µm
_04209_,11.2µm
_04363_,11.2µm
_04461_,11.2µm
_04591_,11.2µm
_04606_,11.2µm
i_chip_core.signal_processor_x_inst.cnt_out\[2\],11.2µm
net387,11.2µm
net612,11.2µm
_01431_,10.79µm
_01691_,10.79µm
_03631_,10.79µm
_00587_,10.74µm
_00984_,10.74µm
_01016_,10.74µm
_01076_,10.74µm
_01750_,10.74µm
_02464_,10.74µm
_02845_,10.74µm
_04066_,10.74µm
i_chip_core.signal_processor_y_inst.cnt_out\[1\],10.74µm
_00016_,10.69µm
_00224_,10.69µm
_00254_,10.69µm
_00282_,10.69µm
_00295_,10.69µm
_00404_,10.69µm
_00508_,10.69µm
_00790_,10.69µm
_00813_,10.69µm
_00917_,10.69µm
_00991_,10.69µm
_01210_,10.69µm
_01284_,10.69µm
_01333_,10.69µm
_01463_,10.69µm
_01473_,10.69µm
_02111_,10.69µm
_02146_,10.69µm
_02450_,10.69µm
_02677_,10.69µm
_02866_,10.69µm
_02953_,10.69µm
_02993_,10.69µm
_03014_,10.69µm
_03471_,10.69µm
_03515_,10.69µm
_03718_,10.69µm
_03722_,10.69µm
_03827_,10.69µm
_03858_,10.69µm
_03861_,10.69µm
_04002_,10.69µm
_04072_,10.69µm
_04174_,10.69µm
_04301_,10.69µm
_04542_,10.69µm
_04568_,10.69µm
i_chip_core.spi_regs_inst.reg_wr_data\[0\],10.69µm
i_chip_core.spi_regs_inst.reg_wr_data\[2\],10.69µm
_00026_,10.64µm
_00030_,10.64µm
_00067_,10.64µm
_00161_,10.64µm
_00179_,10.64µm
_00208_,10.64µm
_00526_,10.64µm
_01337_,10.64µm
_01369_,10.64µm
_01681_,10.64µm
_01755_,10.64µm
_01813_,10.64µm
_01887_,10.64µm
_01923_,10.64µm
_02057_,10.64µm
_02177_,10.64µm
_02222_,10.64µm
_02235_,10.64µm
_02615_,10.64µm
_02794_,10.64µm
_02832_,10.64µm
_02868_,10.64µm
_02871_,10.64µm
_02906_,10.64µm
_02997_,10.64µm
_03003_,10.64µm
_03217_,10.64µm
_03398_,10.64µm
_03485_,10.64µm
_03486_,10.64µm
_03511_,10.64µm
_03725_,10.64µm
_03745_,10.64µm
_03789_,10.64µm
_03819_,10.64µm
_03859_,10.64µm
_03954_,10.64µm
_04001_,10.64µm
_04060_,10.64µm
_04078_,10.64µm
_04130_,10.64µm
_04146_,10.64µm
_04353_,10.64µm
_04571_,10.64µm
_04661_,10.64µm
_04663_,10.64µm
_04699_,10.64µm
i_chip_core.signal_processor_x_inst.s270_pipe\[1\],10.64µm
net95,10.64µm
net371,10.64µm
net949,10.64µm
_00973_,10.18µm
_01326_,10.18µm
_01608_,10.18µm
_02091_,10.18µm
_02534_,10.18µm
_02824_,10.18µm
_02931_,10.18µm
_03195_,10.18µm
_03281_,10.18µm
_03337_,10.18µm
_03396_,10.18µm
_03628_,10.18µm
_03935_,10.18µm
_04048_,10.18µm
_04059_,10.18µm
_00051_,10.13µm
_00173_,10.13µm
_00191_,10.13µm
_00299_,10.13µm
_00371_,10.13µm
_00379_,10.13µm
_00386_,10.13µm
_00547_,10.13µm
_00553_,10.13µm
_00903_,10.13µm
_01005_,10.13µm
_01218_,10.13µm
_01230_,10.13µm
_01285_,10.13µm
_01324_,10.13µm
_01382_,10.13µm
_01401_,10.13µm
_01530_,10.13µm
_01577_,10.13µm
_01781_,10.13µm
_01883_,10.13µm
_01979_,10.13µm
_02200_,10.13µm
_02231_,10.13µm
_02720_,10.13µm
_02818_,10.13µm
_02827_,10.13µm
_02897_,10.13µm
_02943_,10.13µm
_02972_,10.13µm
_03387_,10.13µm
_03418_,10.13µm
_03427_,10.13µm
_03766_,10.13µm
_03796_,10.13µm
_03803_,10.13µm
_03818_,10.13µm
_03825_,10.13µm
_04074_,10.13µm
_04175_,10.13µm
_04234_,10.13µm
_04246_,10.13µm
_04261_,10.13µm
_04314_,10.13µm
_04318_,10.13µm
_04403_,10.13µm
_04431_,10.13µm
i_chip_core.signal_processor_y_inst.cnt_out\[0\],10.13µm
i_chip_core.spi_regs_inst.sclk_d,10.13µm
i_chip_core.wave_controller_y_inst.comp_sync2,10.13µm
net995,10.13µm
_00010_,10.08µm
_00021_,10.08µm
_00054_,10.08µm
_00065_,10.08µm
_00499_,10.08µm
_00557_,10.08µm
_00933_,10.08µm
_01022_,10.08µm
_01243_,10.08µm
_01342_,10.08µm
_01494_,10.08µm
_01566_,10.08µm
_01604_,10.08µm
_01646_,10.08µm
_01793_,10.08µm
_01916_,10.08µm
_02227_,10.08µm
_02259_,10.08µm
_02289_,10.08µm
_02434_,10.08µm
_02521_,10.08µm
_02593_,10.08µm
_02951_,10.08µm
_02970_,10.08µm
_03214_,10.08µm
_03254_,10.08µm
_03573_,10.08µm
_03574_,10.08µm
_03604_,10.08µm
_03760_,10.08µm
_03814_,10.08µm
_03834_,10.08µm
_04178_,10.08µm
_04384_,10.08µm
_04428_,10.08µm
_04491_,10.08µm
_04519_,10.08µm
_04525_,10.08µm
_04529_,10.08µm
net953,10.08µm
_00310_,9.62µm
_01510_,9.62µm
_01847_,9.62µm
_01933_,9.62µm
_01936_,9.62µm
_02430_,9.62µm
_03429_,9.62µm
_03644_,9.62µm
_03706_,9.62µm
_03906_,9.62µm
_03992_,9.62µm
i_chip_core.cfg_phase0_offset_x\[14\],9.62µm
i_chip_core.cfg_phase0_offset_x\[16\],9.62µm
net970,9.62µm
_00014_,9.57µm
_00196_,9.57µm
_00269_,9.57µm
_00291_,9.57µm
_00322_,9.57µm
_00339_,9.57µm
_00401_,9.57µm
_00454_,9.57µm
_00509_,9.57µm
_00519_,9.57µm
_00541_,9.57µm
_01269_,9.57µm
_01397_,9.57µm
_01443_,9.57µm
_01572_,9.57µm
_01622_,9.57µm
_02198_,9.57µm
_02239_,9.57µm
_02490_,9.57µm
_02543_,9.57µm
_02686_,9.57µm
_02745_,9.57µm
_03105_,9.57µm
_03388_,9.57µm
_03394_,9.57µm
_03609_,9.57µm
_03637_,9.57µm
_03641_,9.57µm
_03680_,9.57µm
_03730_,9.57µm
_03840_,9.57µm
_03973_,9.57µm
_03997_,9.57µm
_04297_,9.57µm
_04399_,9.57µm
_04523_,9.57µm
i_chip_core.wave_controller_y_inst.comp_sync0,9.57µm
i_chip_core.wave_controller_y_inst.comp_sync1,9.57µm
net630,9.57µm
net1018,9.57µm
net1025,9.57µm
net1036,9.57µm
_00020_,9.52µm
_00040_,9.52µm
_00070_,9.52µm
_00236_,9.52µm
_00268_,9.52µm
_00383_,9.52µm
_00441_,9.52µm
_00460_,9.52µm
_00491_,9.52µm
_00870_,9.52µm
_00901_,9.52µm
_00995_,9.52µm
_01136_,9.52µm
_01180_,9.52µm
_01254_,9.52µm
_01292_,9.52µm
_01296_,9.52µm
_01360_,9.52µm
_01492_,9.52µm
_01613_,9.52µm
_01714_,9.52µm
_01816_,9.52µm
_01995_,9.52µm
_02003_,9.52µm
_02065_,9.52µm
_02151_,9.52µm
_02389_,9.52µm
_02612_,9.52µm
_02810_,9.52µm
_02915_,9.52µm
_03065_,9.52µm
_03132_,9.52µm
_03249_,9.52µm
_03484_,9.52µm
_03496_,9.52µm
_03784_,9.52µm
_03908_,9.52µm
_04062_,9.52µm
_04159_,9.52µm
_04223_,9.52µm
_04337_,9.52µm
_04503_,9.52µm
_04698_,9.52µm
_01576_,9.11µm
_02008_,9.11µm
_01237_,9.06µm
_01969_,9.06µm
_02830_,9.06µm
_02939_,9.06µm
_02941_,9.06µm
_03162_,9.06µm
_03370_,9.06µm
_03986_,9.06µm
_04077_,9.06µm
_00169_,9.01µm
_00180_,9.01µm
_00261_,9.01µm
_00363_,9.01µm
_00381_,9.01µm
_00486_,9.01µm
_00803_,9.01µm
_00869_,9.01µm
_00998_,9.01µm
_01127_,9.01µm
_01275_,9.01µm
_01279_,9.01µm
_01440_,9.01µm
_01451_,9.01µm
_01599_,9.01µm
_01682_,9.01µm
_01694_,9.01µm
_01705_,9.01µm
_01971_,9.01µm
_02001_,9.01µm
_02043_,9.01µm
_02142_,9.01µm
_02379_,9.01µm
_02423_,9.01µm
_02518_,9.01µm
_02587_,9.01µm
_02759_,9.01µm
_03461_,9.01µm
_03716_,9.01µm
_03717_,9.01µm
_03761_,9.01µm
_03777_,9.01µm
_04153_,9.01µm
_04322_,9.01µm
_04348_,9.01µm
_04355_,9.01µm
_04465_,9.01µm
_04530_,9.01µm
_04618_,9.01µm
i_chip_core.wave_controller_x_inst.comp_sync2,9.01µm
net236,9.01µm
net961,9.01µm
net1002,9.01µm
_00001_,8.96µm
_00048_,8.96µm
_00103_,8.96µm
_00216_,8.96µm
_00274_,8.96µm
_00411_,8.96µm
_00420_,8.96µm
_00438_,8.96µm
_00468_,8.96µm
_00478_,8.96µm
_00484_,8.96µm
_00494_,8.96µm
_00831_,8.96µm
_00913_,8.96µm
_00921_,8.96µm
_00970_,8.96µm
_01429_,8.96µm
_01544_,8.96µm
_01620_,8.96µm
_01757_,8.96µm
_01852_,8.96µm
_01965_,8.96µm
_02009_,8.96µm
_02020_,8.96µm
_02170_,8.96µm
_02310_,8.96µm
_02433_,8.96µm
_02441_,8.96µm
_02560_,8.96µm
_02607_,8.96µm
_02617_,8.96µm
_02662_,8.96µm
_02680_,8.96µm
_02690_,8.96µm
_02762_,8.96µm
_03150_,8.96µm
_03402_,8.96µm
_03409_,8.96µm
_03597_,8.96µm
_03614_,8.96µm
_03632_,8.96µm
_03768_,8.96µm
_03769_,8.96µm
_03854_,8.96µm
_03913_,8.96µm
_03993_,8.96µm
_04055_,8.96µm
_04091_,8.96µm
_04394_,8.96µm
_04410_,8.96µm
_04424_,8.96µm
_04534_,8.96µm
_04570_,8.96µm
_04595_,8.96µm
_04691_,8.96µm
i_chip_core.cfg_f_MEMS_fcw_y\[9\],8.96µm
i_chip_core.raw_edge1_x\[17\],8.96µm
i_chip_core.raw_edge2_x\[20\],8.96µm
net78,8.96µm
net987,8.96µm
net1028,8.96µm
_02044_,8.68µm
_02872_,8.55µm
_04233_,8.55µm
_01698_,8.5µm
_01740_,8.5µm
_02194_,8.5µm
_02251_,8.5µm
_02603_,8.5µm
_02800_,8.5µm
_02994_,8.5µm
_04108_,8.5µm
_04392_,8.5µm
net984,8.5µm
_00063_,8.45µm
_00101_,8.45µm
_00118_,8.45µm
_00142_,8.45µm
_00143_,8.45µm
_00192_,8.45µm
_00193_,8.45µm
_00221_,8.45µm
_00234_,8.45µm
_00293_,8.45µm
_00349_,8.45µm
_00377_,8.45µm
_00406_,8.45µm
_00426_,8.45µm
_00487_,8.45µm
_00907_,8.45µm
_00935_,8.45µm
_01329_,8.45µm
_01428_,8.45µm
_01498_,8.45µm
_01518_,8.45µm
_02029_,8.45µm
_02163_,8.45µm
_02176_,8.45µm
_02218_,8.45µm
_02649_,8.45µm
_02687_,8.45µm
_02780_,8.45µm
_02840_,8.45µm
_03016_,8.45µm
_03165_,8.45µm
_03190_,8.45µm
_03556_,8.45µm
_03636_,8.45µm
_03772_,8.45µm
_03900_,8.45µm
_04140_,8.45µm
_04162_,8.45µm
_04273_,8.45µm
_04315_,8.45µm
_04342_,8.45µm
_04492_,8.45µm
_04625_,8.45µm
i_chip_core.wave_controller_x_inst.ds_acc\[8\],8.45µm
net1003,8.45µm
net1010,8.45µm
net1020,8.45µm
net1033,8.45µm
_00038_,8.4µm
_00087_,8.4µm
_00187_,8.4µm
_00306_,8.4µm
_00343_,8.4µm
_00361_,8.4µm
_00472_,8.4µm
_00520_,8.4µm
_00543_,8.4µm
_00555_,8.4µm
_00993_,8.4µm
_01162_,8.4µm
_01247_,8.4µm
_01270_,8.4µm
_01330_,8.4µm
_01537_,8.4µm
_01584_,8.4µm
_01597_,8.4µm
_01678_,8.4µm
_01727_,8.4µm
_01797_,8.4µm
_01882_,8.4µm
_01915_,8.4µm
_02061_,8.4µm
_02063_,8.4µm
_02597_,8.4µm
_02864_,8.4µm
_03028_,8.4µm
_03048_,8.4µm
_03061_,8.4µm
_03090_,8.4µm
_03204_,8.4µm
_03212_,8.4µm
_03475_,8.4µm
_03481_,8.4µm
_03493_,8.4µm
_03763_,8.4µm
_03816_,8.4µm
_03880_,8.4µm
_03939_,8.4µm
_04111_,8.4µm
_04133_,8.4µm
_04283_,8.4µm
_04360_,8.4µm
_04368_,8.4µm
_04406_,8.4µm
_04494_,8.4µm
_04577_,8.4µm
_04593_,8.4µm
_04601_,8.4µm
_04617_,8.4µm
_04637_,8.4µm
_04662_,8.4µm
_04667_,8.4µm
_04737_,8.4µm
i_chip_core.spi_regs_inst.reg_wr_data\[3\],8.4µm
net945,8.4µm
net947,8.4µm
net994,8.4µm
net1005,8.4µm
_00255_,8.34µm
_02987_,8.12µm
_00669_,7.99µm
_02708_,7.99µm
_03562_,7.99µm
_00483_,7.94µm
_00809_,7.94µm
_01729_,7.94µm
_01937_,7.94µm
_01963_,7.94µm
_02049_,7.94µm
_02216_,7.94µm
_02415_,7.94µm
_02950_,7.94µm
_03555_,7.94µm
_04324_,7.94µm
_00059_,7.89µm
_00062_,7.89µm
_00127_,7.89µm
_00170_,7.89µm
_00172_,7.89µm
_00195_,7.89µm
_00209_,7.89µm
_00231_,7.89µm
_00232_,7.89µm
_00303_,7.89µm
_00316_,7.89µm
_00388_,7.89µm
_00445_,7.89µm
_00453_,7.89µm
_00464_,7.89µm
_00466_,7.89µm
_00469_,7.89µm
_00507_,7.89µm
_00886_,7.89µm
_00972_,7.89µm
_01692_,7.89µm
_01798_,7.89µm
_02386_,7.89µm
_02546_,7.89µm
_02789_,7.89µm
_02792_,7.89µm
_02860_,7.89µm
_02954_,7.89µm
_03220_,7.89µm
_03265_,7.89µm
_03602_,7.89µm
_03611_,7.89µm
_04232_,7.89µm
_04330_,7.89µm
_04349_,7.89µm
_04602_,7.89µm
_04723_,7.89µm
i_chip_core.latch_phase270_ack_y,7.89µm
net80,7.89µm
_00003_,7.84µm
_00023_,7.84µm
_00029_,7.84µm
_00061_,7.84µm
_00084_,7.84µm
_00122_,7.84µm
_00129_,7.84µm
_00137_,7.84µm
_00138_,7.84µm
_00165_,7.84µm
_00204_,7.84µm
_00230_,7.84µm
_00238_,7.84µm
_00256_,7.84µm
_00286_,7.84µm
_00355_,7.84µm
_00374_,7.84µm
_00432_,7.84µm
_00448_,7.84µm
_00475_,7.84µm
_00505_,7.84µm
_00515_,7.84µm
_00932_,7.84µm
_01150_,7.84µm
_01358_,7.84µm
_01405_,7.84µm
_01446_,7.84µm
_01459_,7.84µm
_01596_,7.84µm
_01651_,7.84µm
_01833_,7.84µm
_02002_,7.84µm
_02119_,7.84µm
_02263_,7.84µm
_02391_,7.84µm
_02538_,7.84µm
_02682_,7.84µm
_02867_,7.84µm
_03248_,7.84µm
_03411_,7.84µm
_03452_,7.84µm
_03467_,7.84µm
_03514_,7.84µm
_03626_,7.84µm
_03704_,7.84µm
_03708_,7.84µm
_03787_,7.84µm
_03809_,7.84µm
_04254_,7.84µm
_04316_,7.84µm
_04329_,7.84µm
_04336_,7.84µm
_04354_,7.84µm
_04391_,7.84µm
_04397_,7.84µm
_04420_,7.84µm
_04454_,7.84µm
_04535_,7.84µm
_04579_,7.84µm
_04583_,7.84µm
_04724_,7.84µm
i_chip_core.wave_controller_x_inst.comp_sync0,7.84µm
net996,7.84µm
_00611_,7.43µm
_01954_,7.43µm
_02412_,7.43µm
_02631_,7.43µm
_03907_,7.43µm
_04296_,7.43µm
_00674_,7.38µm
_01029_,7.38µm
_01035_,7.38µm
_01513_,7.38µm
_01762_,7.38µm
_02088_,7.38µm
_02115_,7.38µm
_02196_,7.38µm
_02309_,7.38µm
_03333_,7.38µm
_04224_,7.38µm
_04332_,7.38µm
net979,7.38µm
_00057_,7.33µm
_00079_,7.33µm
_00133_,7.33µm
_00176_,7.33µm
_00177_,7.33µm
_00181_,7.33µm
_00398_,7.33µm
_00496_,7.33µm
_00565_,7.33µm
_00876_,7.33µm
_00878_,7.33µm
_00898_,7.33µm
_01040_,7.33µm
_01215_,7.33µm
_01391_,7.33µm
_01754_,7.33µm
_01997_,7.33µm
_02028_,7.33µm
_02132_,7.33µm
_02382_,7.33µm
_02781_,7.33µm
_02841_,7.33µm
_03062_,7.33µm
_03067_,7.33µm
_03107_,7.33µm
_03306_,7.33µm
_03543_,7.33µm
_03579_,7.33µm
_03668_,7.33µm
_03689_,7.33µm
_03711_,7.33µm
_03764_,7.33µm
_03938_,7.33µm
_04263_,7.33µm
_04393_,7.33µm
_04395_,7.33µm
_04540_,7.33µm
_04608_,7.33µm
_04701_,7.33µm
net955,7.33µm
net973,7.33µm
_00011_,7.28µm
_00044_,7.28µm
_00047_,7.28µm
_00102_,7.28µm
_00130_,7.28µm
_00136_,7.28µm
_00163_,7.28µm
_00182_,7.28µm
_00185_,7.28µm
_00190_,7.28µm
_00259_,7.28µm
_00271_,7.28µm
_00289_,7.28µm
_00308_,7.28µm
_00337_,7.28µm
_00422_,7.28µm
_00423_,7.28µm
_00479_,7.28µm
_00524_,7.28µm
_00632_,7.28µm
_00882_,7.28µm
_00974_,7.28µm
_01014_,7.28µm
_01111_,7.28µm
_01121_,7.28µm
_01287_,7.28µm
_01351_,7.28µm
_01393_,7.28µm
_01395_,7.28µm
_01408_,7.28µm
_01501_,7.28µm
_01685_,7.28µm
_01820_,7.28µm
_01839_,7.28µm
_01853_,7.28µm
_01896_,7.28µm
_02041_,7.28µm
_02169_,7.28µm
_02463_,7.28µm
_02556_,7.28µm
_02557_,7.28µm
_02571_,7.28µm
_02583_,7.28µm
_02650_,7.28µm
_02668_,7.28µm
_02874_,7.28µm
_02938_,7.28µm
_02985_,7.28µm
_03050_,7.28µm
_03102_,7.28µm
_03307_,7.28µm
_03365_,7.28µm
_03367_,7.28µm
_03487_,7.28µm
_03505_,7.28µm
_03512_,7.28µm
_03519_,7.28µm
_03642_,7.28µm
_03715_,7.28µm
_03728_,7.28µm
_03736_,7.28µm
_03780_,7.28µm
_03842_,7.28µm
_03877_,7.28µm
_03894_,7.28µm
_03917_,7.28µm
_03924_,7.28µm
_04064_,7.28µm
_04211_,7.28µm
_04213_,7.28µm
_04220_,7.28µm
_04275_,7.28µm
_04388_,7.28µm
_04417_,7.28µm
_04421_,7.28µm
_04502_,7.28µm
_04506_,7.28µm
_04581_,7.28µm
_04599_,7.28µm
_04690_,7.28µm
_04740_,7.28µm
i_chip_core.signal_processor_x_inst.cnt_out\[0\],7.28µm
i_chip_core.wave_controller_x_inst.ds_acc\[3\],7.28µm
net975,7.28µm
_02971_,6.87µm
_00018_,6.82µm
_00152_,6.82µm
_00348_,6.82µm
_01023_,6.82µm
_01305_,6.82µm
_01634_,6.82µm
_02124_,6.82µm
_02150_,6.82µm
_02405_,6.82µm
_02653_,6.82µm
_02889_,6.82µm
_02962_,6.82µm
_03489_,6.82µm
_03612_,6.82µm
_03974_,6.82µm
_04418_,6.82µm
_04546_,6.82µm
net1029,6.82µm
_00075_,6.77µm
_00086_,6.77µm
_00112_,6.77µm
_00205_,6.77µm
_00239_,6.77µm
_00436_,6.77µm
_00437_,6.77µm
_00461_,6.77µm
_00467_,6.77µm
_00480_,6.77µm
_00510_,6.77µm
_00513_,6.77µm
_00514_,6.77µm
_00525_,6.77µm
_00531_,6.77µm
_00848_,6.77µm
_01033_,6.77µm
_01506_,6.77µm
_01838_,6.77µm
_01869_,6.77µm
_02203_,6.77µm
_02545_,6.77µm
_02596_,6.77µm
_02701_,6.77µm
_02805_,6.77µm
_03004_,6.77µm
_03241_,6.77µm
_03330_,6.77µm
_03331_,6.77µm
_03509_,6.77µm
_03903_,6.77µm
_04207_,6.77µm
_04269_,6.77µm
_04539_,6.77µm
_04588_,6.77µm
net1043,6.77µm
_00012_,6.72µm
_00032_,6.72µm
_00078_,6.72µm
_00095_,6.72µm
_00124_,6.72µm
_00164_,6.72µm
_00283_,6.72µm
_00302_,6.72µm
_00304_,6.72µm
_00305_,6.72µm
_00372_,6.72µm
_00373_,6.72µm
_00376_,6.72µm
_00417_,6.72µm
_00434_,6.72µm
_00435_,6.72µm
_00446_,6.72µm
_00452_,6.72µm
_00456_,6.72µm
_00485_,6.72µm
_00501_,6.72µm
_00532_,6.72µm
_00544_,6.72µm
_01010_,6.72µm
_01011_,6.72µm
_01148_,6.72µm
_01157_,6.72µm
_01178_,6.72µm
_01226_,6.72µm
_01274_,6.72µm
_01347_,6.72µm
_01380_,6.72µm
_01387_,6.72µm
_01457_,6.72µm
_01489_,6.72µm
_01609_,6.72µm
_01649_,6.72µm
_01707_,6.72µm
_01709_,6.72µm
_01715_,6.72µm
_01789_,6.72µm
_01825_,6.72µm
_01865_,6.72µm
_01968_,6.72µm
_01991_,6.72µm
_02055_,6.72µm
_02071_,6.72µm
_02130_,6.72µm
_02147_,6.72µm
_02374_,6.72µm
_02482_,6.72µm
_02610_,6.72µm
_02629_,6.72µm
_02944_,6.72µm
_03322_,6.72µm
_03344_,6.72µm
_03361_,6.72µm
_03382_,6.72µm
_03465_,6.72µm
_03480_,6.72µm
_03540_,6.72µm
_03563_,6.72µm
_03576_,6.72µm
_03578_,6.72µm
_03653_,6.72µm
_03654_,6.72µm
_03655_,6.72µm
_03681_,6.72µm
_03713_,6.72µm
_03765_,6.72µm
_03795_,6.72µm
_03805_,6.72µm
_03815_,6.72µm
_03835_,6.72µm
_03895_,6.72µm
_03912_,6.72µm
_03975_,6.72µm
_04216_,6.72µm
_04248_,6.72µm
_04253_,6.72µm
_04299_,6.72µm
_04310_,6.72µm
_04402_,6.72µm
_04475_,6.72µm
_04483_,6.72µm
_04498_,6.72µm
_04504_,6.72µm
_04505_,6.72µm
_04562_,6.72µm
_04609_,6.72µm
_04615_,6.72µm
_04660_,6.72µm
_04673_,6.72µm
_04706_,6.72µm
net990,6.72µm
_01624_,6.31µm
_02480_,6.31µm
_00357_,6.26µm
_00402_,6.26µm
_00459_,6.26µm
_01051_,6.26µm
_01449_,6.26µm
_02422_,6.26µm
_02425_,6.26µm
_02444_,6.26µm
_02807_,6.26µm
_03379_,6.26µm
_03688_,6.26µm
_04104_,6.26µm
_04142_,6.26µm
_04383_,6.26µm
net981,6.26µm
_00071_,6.21µm
_00194_,6.21µm
_00199_,6.21µm
_00214_,6.21µm
_00242_,6.21µm
_00246_,6.21µm
_00251_,6.21µm
_00277_,6.21µm
_00424_,6.21µm
_00455_,6.21µm
_00474_,6.21µm
_00537_,6.21µm
_00549_,6.21µm
_01000_,6.21µm
_01272_,6.21µm
_01300_,6.21µm
_01427_,6.21µm
_01533_,6.21µm
_01788_,6.21µm
_01960_,6.21µm
_02032_,6.21µm
_02364_,6.21µm
_02365_,6.21µm
_02530_,6.21µm
_02844_,6.21µm
_02898_,6.21µm
_02975_,6.21µm
_03018_,6.21µm
_03094_,6.21µm
_03104_,6.21µm
_03250_,6.21µm
_03355_,6.21µm
_03549_,6.21µm
_03734_,6.21µm
_03747_,6.21µm
_03785_,6.21µm
_03860_,6.21µm
_03979_,6.21µm
_04022_,6.21µm
_04084_,6.21µm
_04092_,6.21µm
_04415_,6.21µm
_04521_,6.21µm
_04613_,6.21µm
_04711_,6.21µm
i_chip_core.spi_regs_inst.reg_wr_data\[4\],6.21µm
_00055_,6.16µm
_00081_,6.16µm
_00249_,6.16µm
_00362_,6.16µm
_00365_,6.16µm
_00369_,6.16µm
_00370_,6.16µm
_00444_,6.16µm
_00534_,6.16µm
_00552_,6.16µm
_00668_,6.16µm
_01126_,6.16µm
_01197_,6.16µm
_01244_,6.16µm
_01256_,6.16µm
_01388_,6.16µm
_01442_,6.16µm
_01502_,6.16µm
_01585_,6.16µm
_01689_,6.16µm
_01808_,6.16µm
_01855_,6.16µm
_01868_,6.16µm
_01913_,6.16µm
_02143_,6.16µm
_02166_,6.16µm
_02192_,6.16µm
_02224_,6.16µm
_02384_,6.16µm
_02470_,6.16µm
_02661_,6.16µm
_02937_,6.16µm
_02947_,6.16µm
_03120_,6.16µm
_03146_,6.16µm
_03323_,6.16µm
_03380_,6.16µm
_03507_,6.16µm
_03685_,6.16µm
_03698_,6.16µm
_03756_,6.16µm
_04112_,6.16µm
_04257_,6.16µm
_04436_,6.16µm
_04508_,6.16µm
_04559_,6.16µm
_04614_,6.16µm
_04670_,6.16µm
_04710_,6.16µm
_04720_,6.16µm
_04739_,6.16µm
i_chip_core.signal_processor_y_inst.cnt_in\[0\],6.16µm
net1014,6.16µm
net1038,6.16µm
_00211_,5.7µm
_01955_,5.7µm
_02165_,5.7µm
_02505_,5.7µm
_02786_,5.7µm
_03022_,5.7µm
_03206_,5.7µm
_03342_,5.7µm
_03420_,5.7µm
_03455_,5.7µm
_03639_,5.7µm
_03824_,5.7µm
_04085_,5.7µm
_04312_,5.7µm
_04423_,5.7µm
_04621_,5.7µm
_04687_,5.7µm
net963,5.7µm
net1027,5.7µm
_00019_,5.65µm
_00074_,5.65µm
_00076_,5.65µm
_00119_,5.65µm
_00126_,5.65µm
_00134_,5.65µm
_00198_,5.65µm
_00247_,5.65µm
_00353_,5.65µm
_00359_,5.65µm
_00523_,5.65µm
_01673_,5.65µm
_01751_,5.65µm
_02051_,5.65µm
_02594_,5.65µm
_02948_,5.65µm
_03075_,5.65µm
_03227_,5.65µm
_03606_,5.65µm
_03670_,5.65µm
_03732_,5.65µm
_03748_,5.65µm
_03893_,5.65µm
_04058_,5.65µm
_04243_,5.65µm
_04328_,5.65µm
_04429_,5.65µm
net951,5.65µm
net988,5.65µm
_00039_,5.6µm
_00043_,5.6µm
_00049_,5.6µm
_00068_,5.6µm
_00089_,5.6µm
_00098_,5.6µm
_00107_,5.6µm
_00156_,5.6µm
_00228_,5.6µm
_00324_,5.6µm
_00351_,5.6µm
_00385_,5.6µm
_00465_,5.6µm
_00545_,5.6µm
_00546_,5.6µm
_00841_,5.6µm
_00928_,5.6µm
_01192_,5.6µm
_01277_,5.6µm
_01464_,5.6µm
_01553_,5.6µm
_02217_,5.6µm
_02397_,5.6µm
_02457_,5.6µm
_02507_,5.6µm
_02539_,5.6µm
_02550_,5.6µm
_02621_,5.6µm
_02633_,5.6µm
_02697_,5.6µm
_02771_,5.6µm
_02813_,5.6µm
_03036_,5.6µm
_03127_,5.6µm
_03153_,5.6µm
_03157_,5.6µm
_03222_,5.6µm
_03321_,5.6µm
_03334_,5.6µm
_03539_,5.6µm
_03553_,5.6µm
_03712_,5.6µm
_03737_,5.6µm
_04225_,5.6µm
_04292_,5.6µm
_04379_,5.6µm
_04425_,5.6µm
_04426_,5.6µm
_04552_,5.6µm
_04560_,5.6µm
_04666_,5.6µm
_04694_,5.6µm
_04700_,5.6µm
_04732_,5.6µm
net952,5.6µm
net959,5.6µm
net965,5.6µm
net1031,5.6µm
_00158_,5.14µm
_01281_,5.14µm
_01939_,5.14µm
_02757_,5.14µm
_02968_,5.14µm
_03503_,5.14µm
_03630_,5.14µm
_03826_,5.14µm
_03984_,5.14µm
_04281_,5.14µm
_04398_,5.14µm
_04549_,5.14µm
_04629_,5.14µm
net1022,5.14µm
_00311_,5.1µm
_00153_,5.09µm
_00241_,5.09µm
_00433_,5.09µm
_01359_,5.09µm
_01420_,5.09µm
_01480_,5.09µm
_01512_,5.09µm
_01640_,5.09µm
_01654_,5.09µm
_01826_,5.09µm
_01832_,5.09µm
_02037_,5.09µm
_02100_,5.09µm
_02113_,5.09µm
_02401_,5.09µm
_02449_,5.09µm
_02582_,5.09µm
_02645_,5.09µm
_02853_,5.09µm
_02922_,5.09µm
_03183_,5.09µm
_03275_,5.09µm
_03308_,5.09µm
_03744_,5.09µm
_03758_,5.09µm
_03905_,5.09µm
_04385_,5.09µm
_04427_,5.09µm
_04612_,5.09µm
_04645_,5.09µm
net1021,5.09µm
net1032,5.09µm
_00017_,5.04µm
_00035_,5.04µm
_00036_,5.04µm
_00077_,5.04µm
_00099_,5.04µm
_00125_,5.04µm
_00140_,5.04µm
_00200_,5.04µm
_00233_,5.04µm
_00253_,5.04µm
_00264_,5.04µm
_00265_,5.04µm
_00280_,5.04µm
_00284_,5.04µm
_00285_,5.04µm
_00290_,5.04µm
_00312_,5.04µm
_00317_,5.04µm
_00318_,5.04µm
_00329_,5.04µm
_00397_,5.04µm
_00400_,5.04µm
_00442_,5.04µm
_00512_,5.04µm
_00517_,5.04µm
_00533_,5.04µm
_00536_,5.04µm
_00930_,5.04µm
_01056_,5.04µm
_01134_,5.04µm
_01145_,5.04µm
_01220_,5.04µm
_01260_,5.04µm
_01699_,5.04µm
_01815_,5.04µm
_01987_,5.04µm
_02148_,5.04µm
_02578_,5.04µm
_02647_,5.04µm
_02664_,5.04µm
_02704_,5.04µm
_02712_,5.04µm
_02722_,5.04µm
_02894_,5.04µm
_02999_,5.04µm
_03035_,5.04µm
_03126_,5.04µm
_03134_,5.04µm
_03276_,5.04µm
_03659_,5.04µm
_03776_,5.04µm
_03788_,5.04µm
_03794_,5.04µm
_04028_,5.04µm
_04131_,5.04µm
_04219_,5.04µm
_04326_,5.04µm
_04413_,5.04µm
_04453_,5.04µm
_04513_,5.04µm
_04531_,5.04µm
_04545_,5.04µm
net966,5.04µm
net978,5.04µm
_00109_,4.58µm
_01116_,4.58µm
_01404_,4.58µm
_01579_,4.58µm
_01992_,4.58µm
_02014_,4.58µm
_02372_,4.58µm
_02851_,4.58µm
_03164_,4.58µm
_03282_,4.58µm
_03295_,4.58µm
_03537_,4.58µm
_04369_,4.58µm
net1008,4.58µm
_00217_,4.53µm
_00390_,4.53µm
_00396_,4.53µm
_00521_,4.53µm
_01093_,4.53µm
_01490_,4.53µm
_01739_,4.53µm
_01899_,4.53µm
_02855_,4.53µm
_03351_,4.53µm
_03594_,4.53µm
_04323_,4.53µm
_04367_,4.53µm
_04390_,4.53µm
_04518_,4.53µm
net1034,4.53µm
_00050_,4.48µm
_00066_,4.48µm
_00093_,4.48µm
_00100_,4.48µm
_00235_,4.48µm
_00260_,4.48µm
_00262_,4.48µm
_00266_,4.48µm
_00300_,4.48µm
_00313_,4.48µm
_00340_,4.48µm
_00342_,4.48µm
_00387_,4.48µm
_00391_,4.48µm
_00407_,4.48µm
_00412_,4.48µm
_00450_,4.48µm
_00462_,4.48µm
_00463_,4.48µm
_00481_,4.48µm
_00488_,4.48µm
_00490_,4.48µm
_00492_,4.48µm
_00522_,4.48µm
_00893_,4.48µm
_01106_,4.48µm
_01114_,4.48µm
_01182_,4.48µm
_01209_,4.48µm
_01458_,4.48µm
_01499_,4.48µm
_01704_,4.48µm
_01745_,4.48µm
_01772_,4.48µm
_01875_,4.48µm
_01905_,4.48µm
_02058_,4.48µm
_02104_,4.48µm
_02253_,4.48µm
_02330_,4.48µm
_02353_,4.48µm
_02428_,4.48µm
_02458_,4.48µm
_02465_,4.48µm
_02632_,4.48µm
_02711_,4.48µm
_02753_,4.48µm
_02964_,4.48µm
_03099_,4.48µm
_03168_,4.48µm
_03286_,4.48µm
_03510_,4.48µm
_03585_,4.48µm
_03635_,4.48µm
_03651_,4.48µm
_03657_,4.48µm
_03690_,4.48µm
_03735_,4.48µm
_03782_,4.48µm
_03902_,4.48µm
_04177_,4.48µm
_04325_,4.48µm
_04331_,4.48µm
_04345_,4.48µm
_04414_,4.48µm
_04464_,4.48µm
_04469_,4.48µm
_04550_,4.48µm
_04558_,4.48µm
_04610_,4.48µm
net1012,4.48µm
_00015_,4.02µm
_00968_,4.02µm
_01027_,4.02µm
_01049_,4.02µm
_01341_,4.02µm
_01860_,4.02µm
_03180_,4.02µm
_03731_,4.02µm
_03770_,4.02µm
_03837_,4.02µm
_03855_,4.02µm
_03901_,4.02µm
_04305_,4.02µm
_04387_,4.02µm
_04439_,4.02µm
_04507_,4.02µm
_04527_,4.02µm
_04584_,4.02µm
net985,4.02µm
net998,4.02µm
_00988_,3.97µm
_01465_,3.97µm
_02651_,3.97µm
_03193_,3.97µm
_03313_,3.97µm
_03707_,3.97µm
_03948_,3.97µm
_03965_,3.97µm
_04128_,3.97µm
_04708_,3.97µm
_00056_,3.92µm
_00090_,3.92µm
_00094_,3.92µm
_00106_,3.92µm
_00114_,3.92µm
_00115_,3.92µm
_00135_,3.92µm
_00162_,3.92µm
_00166_,3.92µm
_00167_,3.92µm
_00215_,3.92µm
_00226_,3.92µm
_00250_,3.92µm
_00287_,3.92µm
_00288_,3.92µm
_00292_,3.92µm
_00301_,3.92µm
_00307_,3.92µm
_00315_,3.92µm
_00356_,3.92µm
_00358_,3.92µm
_00360_,3.92µm
_00389_,3.92µm
_00405_,3.92µm
_00421_,3.92µm
_00431_,3.92µm
_00447_,3.92µm
_00482_,3.92µm
_00493_,3.92µm
_00495_,3.92µm
_00498_,3.92µm
_00500_,3.92µm
_00502_,3.92µm
_00511_,3.92µm
_00850_,3.92µm
_00868_,3.92µm
_00884_,3.92µm
_00900_,3.92µm
_01074_,3.92µm
_01094_,3.92µm
_01290_,3.92µm
_01403_,3.92µm
_01467_,3.92µm
_01554_,3.92µm
_01583_,3.92µm
_01782_,3.92µm
_01783_,3.92µm
_01809_,3.92µm
_01829_,3.92µm
_01837_,3.92µm
_01904_,3.92µm
_02082_,3.92µm
_02087_,3.92µm
_02551_,3.92µm
_02564_,3.92µm
_02576_,3.92µm
_02624_,3.92µm
_02630_,3.92µm
_02648_,3.92µm
_02854_,3.92µm
_02920_,3.92µm
_02989_,3.92µm
_03235_,3.92µm
_03244_,3.92µm
_03256_,3.92µm
_03340_,3.92µm
_03421_,3.92µm
_03477_,3.92µm
_03498_,3.92µm
_03623_,3.92µm
_03652_,3.92µm
_03675_,3.92µm
_03726_,3.92µm
_03741_,3.92µm
_03759_,3.92µm
_03767_,3.92µm
_03771_,3.92µm
_03774_,3.92µm
_03790_,3.92µm
_03844_,3.92µm
_03862_,3.92µm
_04119_,3.92µm
_04134_,3.92µm
_04264_,3.92µm
_04304_,3.92µm
_04306_,3.92µm
_04359_,3.92µm
_04451_,3.92µm
_04473_,3.92µm
_04479_,3.92µm
_04553_,3.92µm
_04620_,3.92µm
net980,3.92µm
net991,3.92µm
_01361_,3.46µm
_01775_,3.46µm
_01946_,3.46µm
_02018_,3.46µm
_02663_,3.46µm
_02967_,3.46µm
_03064_,3.46µm
_03298_,3.46µm
_03397_,3.46µm
_03753_,3.46µm
_03823_,3.46µm
_03899_,3.46µm
_04218_,3.46µm
_04241_,3.46µm
_04350_,3.46µm
_04443_,3.46µm
_04538_,3.46µm
net962,3.46µm
net976,3.46µm
net983,3.46µm
net1013,3.46µm
_01348_,3.41µm
_01785_,3.41µm
_02700_,3.41µm
_03757_,3.41µm
net1026,3.41µm
_00025_,3.36µm
_00028_,3.36µm
_00045_,3.36µm
_00060_,3.36µm
_00080_,3.36µm
_00085_,3.36µm
_00105_,3.36µm
_00113_,3.36µm
_00154_,3.36µm
_00157_,3.36µm
_00168_,3.36µm
_00197_,3.36µm
_00218_,3.36µm
_00267_,3.36µm
_00273_,3.36µm
_00309_,3.36µm
_00338_,3.36µm
_00341_,3.36µm
_00364_,3.36µm
_00367_,3.36µm
_00394_,3.36µm
_00399_,3.36µm
_00409_,3.36µm
_00416_,3.36µm
_00427_,3.36µm
_00443_,3.36µm
_00458_,3.36µm
_00497_,3.36µm
_00503_,3.36µm
_00504_,3.36µm
_00506_,3.36µm
_00516_,3.36µm
_00527_,3.36µm
_00528_,3.36µm
_00910_,3.36µm
_00997_,3.36µm
_01006_,3.36µm
_01012_,3.36µm
_01046_,3.36µm
_01078_,3.36µm
_01124_,3.36µm
_01164_,3.36µm
_01165_,3.36µm
_01187_,3.36µm
_01217_,3.36µm
_01350_,3.36µm
_01523_,3.36µm
_01551_,3.36µm
_01561_,3.36µm
_01573_,3.36µm
_01734_,3.36µm
_01774_,3.36µm
_01908_,3.36µm
_01984_,3.36µm
_02053_,3.36µm
_02095_,3.36µm
_02220_,3.36µm
_02426_,3.36µm
_02436_,3.36µm
_02544_,3.36µm
_02626_,3.36µm
_02652_,3.36µm
_02671_,3.36µm
_02696_,3.36µm
_02797_,3.36µm
_02859_,3.36µm
_02883_,3.36µm
_02887_,3.36µm
_02909_,3.36µm
_03007_,3.36µm
_03234_,3.36µm
_03460_,3.36µm
_03521_,3.36µm
_03529_,3.36µm
_03709_,3.36µm
_03738_,3.36µm
_03778_,3.36µm
_03808_,3.36µm
_03857_,3.36µm
_03909_,3.36µm
_03996_,3.36µm
_04027_,3.36µm
_04089_,3.36µm
_04309_,3.36µm
_04333_,3.36µm
_04335_,3.36µm
_04341_,3.36µm
_04346_,3.36µm
_04401_,3.36µm
_04407_,3.36µm
_04419_,3.36µm
_04437_,3.36µm
_04533_,3.36µm
_04543_,3.36µm
_04607_,3.36µm
_04693_,3.36µm
net958,3.36µm
net992,3.36µm
net999,3.36µm
net1016,3.36µm
net1037,3.36µm
net1039,3.36µm
net1040,3.36µm
net1042,3.36µm
_02669_,2.9µm
_03980_,2.9µm
_04380_,2.9µm
_04447_,2.9µm
_04449_,2.9µm
_04487_,2.9µm
_04702_,2.9µm
net954,2.9µm
net1000,2.9µm
net1009,2.9µm
net1011,2.9µm
_02531_,2.85µm
_02924_,2.85µm
_03714_,2.85µm
_04485_,2.85µm
_04509_,2.85µm
_04657_,2.85µm
_00033_,2.8µm
_00034_,2.8µm
_00052_,2.8µm
_00069_,2.8µm
_00072_,2.8µm
_00111_,2.8µm
_00117_,2.8µm
_00128_,2.8µm
_00294_,2.8µm
_00296_,2.8µm
_00297_,2.8µm
_00319_,2.8µm
_00321_,2.8µm
_00334_,2.8µm
_00344_,2.8µm
_00346_,2.8µm
_00392_,2.8µm
_00393_,2.8µm
_00395_,2.8µm
_00419_,2.8µm
_00428_,2.8µm
_00440_,2.8µm
_00449_,2.8µm
_00489_,2.8µm
_00518_,2.8µm
_00554_,2.8µm
_00916_,2.8µm
_00918_,2.8µm
_01096_,2.8µm
_01113_,2.8µm
_01117_,2.8µm
_01119_,2.8µm
_01132_,2.8µm
_01216_,2.8µm
_01239_,2.8µm
_01257_,2.8µm
_01439_,2.8µm
_01524_,2.8µm
_01528_,2.8µm
_01560_,2.8µm
_01575_,2.8µm
_01603_,2.8µm
_01611_,2.8µm
_01626_,2.8µm
_01732_,2.8µm
_01737_,2.8µm
_01738_,2.8µm
_01746_,2.8µm
_01803_,2.8µm
_01929_,2.8µm
_01990_,2.8µm
_02221_,2.8µm
_02255_,2.8µm
_02438_,2.8µm
_02451_,2.8µm
_02475_,2.8µm
_02488_,2.8µm
_02502_,2.8µm
_02602_,2.8µm
_02747_,2.8µm
_02885_,2.8µm
_02959_,2.8µm
_03085_,2.8µm
_03149_,2.8µm
_03198_,2.8µm
_03299_,2.8µm
_03304_,2.8µm
_03428_,2.8µm
_03684_,2.8µm
_03720_,2.8µm
_03752_,2.8µm
_03786_,2.8µm
_03793_,2.8µm
_04000_,2.8µm
_04025_,2.8µm
_04080_,2.8µm
_04103_,2.8µm
_04152_,2.8µm
_04308_,2.8µm
_04313_,2.8µm
_04343_,2.8µm
_04344_,2.8µm
_04365_,2.8µm
_04396_,2.8µm
_04405_,2.8µm
_04441_,2.8µm
_04457_,2.8µm
_04477_,2.8µm
_04500_,2.8µm
_04515_,2.8µm
_04668_,2.8µm
_04683_,2.8µm
_04707_,2.8µm
_04717_,2.8µm
_04726_,2.8µm
_04730_,2.8µm
net960,2.8µm
net974,2.8µm
net1004,2.8µm
net1006,2.8µm
_00905_,2.34µm
_02069_,2.34µm
_02317_,2.34µm
_02420_,2.34µm
_02569_,2.34µm
_03034_,2.34µm
_03128_,2.34µm
_03703_,2.34µm
_03995_,2.34µm
_04320_,2.34µm
_04381_,2.34µm
_04597_,2.34µm
net1015,2.34µm
net1017,2.34µm
_02694_,2.29µm
_00798_,2.24µm
_00844_,2.24µm
_01001_,2.24µm
_01030_,2.24µm
_01398_,2.24µm
_01412_,2.24µm
_01539_,2.24µm
_01761_,2.24µm
_01811_,2.24µm
_01966_,2.24µm
_02040_,2.24µm
_02097_,2.24µm
_02207_,2.24µm
_02211_,2.24µm
_02373_,2.24µm
_02726_,2.24µm
_02814_,2.24µm
_02828_,2.24µm
_02928_,2.24µm
_03139_,2.24µm
_03186_,2.24µm
_03218_,2.24µm
_03279_,2.24µm
_03305_,2.24µm
_03316_,2.24µm
_03339_,2.24µm
_03504_,2.24µm
_03551_,2.24µm
_03746_,2.24µm
_03783_,2.24µm
_03792_,2.24µm
_03881_,2.24µm
_03950_,2.24µm
_04088_,2.24µm
_04157_,2.24µm
_04217_,2.24µm
_04303_,2.24µm
_04334_,2.24µm
_04386_,2.24µm
_04389_,2.24µm
_04404_,2.24µm
_04412_,2.24µm
_04489_,2.24µm
_04551_,2.24µm
_04709_,2.24µm
net950,2.24µm
net972,2.24µm
net1007,2.24µm
net1023,2.24µm
_00908_,1.78µm
_01103_,1.78µm
_03301_,1.78µm
_04455_,1.78µm
_04501_,1.78µm
_01962_,1.73µm
_00677_,1.68µm
_00807_,1.68µm
_00812_,1.68µm
_00987_,1.68µm
_01041_,1.68µm
_01099_,1.68µm
_01252_,1.68µm
_01262_,1.68µm
_01399_,1.68µm
_01517_,1.68µm
_01767_,1.68µm
_02031_,1.68µm
_02060_,1.68µm
_02074_,1.68µm
_02122_,1.68µm
_02429_,1.68µm
_02563_,1.68µm
_02575_,1.68µm
_02737_,1.68µm
_02754_,1.68µm
_03376_,1.68µm
_03542_,1.68µm
_03633_,1.68µm
_03697_,1.68µm
_03873_,1.68µm
_03933_,1.68µm
_04034_,1.68µm
_04141_,1.68µm
_04293_,1.68µm
_04430_,1.68µm
_04471_,1.68µm
_04490_,1.68µm
_04496_,1.68µm
_04635_,1.68µm
_04665_,1.68µm
_04674_,1.68µm
net1019,1.68µm
_03919_,1.22µm
_00784_,1.12µm
_00925_,1.12µm
_01089_,1.12µm
_01109_,1.12µm
_01155_,1.12µm
_01168_,1.12µm
_01211_,1.12µm
_01234_,1.12µm
_01241_,1.12µm
_01268_,1.12µm
_01282_,1.12µm
_01381_,1.12µm
_01436_,1.12µm
_01546_,1.12µm
_03934_,1.12µm
_04107_,1.12µm
_04145_,1.12µm
_04445_,1.12µm
_04467_,1.12µm
_04481_,1.12µm
_04524_,1.12µm
_04555_,1.12µm
_04659_,1.12µm
_04684_,1.12µm
_04685_,1.12µm
_04686_,1.12µm
_04692_,1.12µm
_04695_,1.12µm
_04721_,1.12µm
_04725_,1.12µm
_01250_,0.56µm
