
===========================================================================
report_checks -path_delay max (Setup)
============================================================================
======================= nom_tt_025C_3v30 Corner ===================================

Startpoint: rst_n (input port clocked by clk)
Endpoint: _216_ (recovery check against rising-edge clock clk)
Path Group: asynchronous
Path Type: max

Fanout         Cap        Slew       Delay        Time   Description
---------------------------------------------------------------------------------------------
                                  0.000000    0.000000   clock clk (rise edge)
                                  0.000000    0.000000   clock network delay (propagated)
                                 40.000000   40.000000 ^ input external delay
    41    0.365766    8.750774    4.924708   44.924709 ^ rst_n (in)
                                                         rst_n (net)
                      8.750774    0.000000   44.924709 ^ _216_/RN (gf180mcu_fd_sc_mcu7t5v0__dffrnq_1)
                                             44.924709   data arrival time

                                200.000000  200.000000   clock clk (rise edge)
                                  0.000000  200.000000   clock source latency
    41    0.212060    1.310852    0.720434  200.720428 ^ clk (in)
                                                         clk (net)
                      1.310852    0.000000  200.720428 ^ _216_/CLK (gf180mcu_fd_sc_mcu7t5v0__dffrnq_1)
                                 -0.250000  200.470428   clock uncertainty
                                  0.000000  200.470428   clock reconvergence pessimism
                                 -2.519781  197.950653   library recovery time
                                            197.950653   data required time
---------------------------------------------------------------------------------------------
                                            197.950653   data required time
                                            -44.924709   data arrival time
---------------------------------------------------------------------------------------------
                                            153.025940   slack (MET)


Startpoint: rst_n (input port clocked by clk)
Endpoint: _217_ (recovery check against rising-edge clock clk)
Path Group: asynchronous
Path Type: max

Fanout         Cap        Slew       Delay        Time   Description
---------------------------------------------------------------------------------------------
                                  0.000000    0.000000   clock clk (rise edge)
                                  0.000000    0.000000   clock network delay (propagated)
                                 40.000000   40.000000 ^ input external delay
    41    0.365766    8.750774    4.924708   44.924709 ^ rst_n (in)
                                                         rst_n (net)
                      8.750774    0.000000   44.924709 ^ _217_/RN (gf180mcu_fd_sc_mcu7t5v0__dffrnq_1)
                                             44.924709   data arrival time

                                200.000000  200.000000   clock clk (rise edge)
                                  0.000000  200.000000   clock source latency
    41    0.212060    1.310852    0.720434  200.720428 ^ clk (in)
                                                         clk (net)
                      1.310852    0.000000  200.720428 ^ _217_/CLK (gf180mcu_fd_sc_mcu7t5v0__dffrnq_1)
                                 -0.250000  200.470428   clock uncertainty
                                  0.000000  200.470428   clock reconvergence pessimism
                                 -2.519781  197.950653   library recovery time
                                            197.950653   data required time
---------------------------------------------------------------------------------------------
                                            197.950653   data required time
                                            -44.924709   data arrival time
---------------------------------------------------------------------------------------------
                                            153.025940   slack (MET)


Startpoint: rst_n (input port clocked by clk)
Endpoint: _218_ (recovery check against rising-edge clock clk)
Path Group: asynchronous
Path Type: max

Fanout         Cap        Slew       Delay        Time   Description
---------------------------------------------------------------------------------------------
                                  0.000000    0.000000   clock clk (rise edge)
                                  0.000000    0.000000   clock network delay (propagated)
                                 40.000000   40.000000 ^ input external delay
    41    0.365766    8.750774    4.924708   44.924709 ^ rst_n (in)
                                                         rst_n (net)
                      8.750774    0.000000   44.924709 ^ _218_/RN (gf180mcu_fd_sc_mcu7t5v0__dffrnq_1)
                                             44.924709   data arrival time

                                200.000000  200.000000   clock clk (rise edge)
                                  0.000000  200.000000   clock source latency
    41    0.212060    1.310852    0.720434  200.720428 ^ clk (in)
                                                         clk (net)
                      1.310852    0.000000  200.720428 ^ _218_/CLK (gf180mcu_fd_sc_mcu7t5v0__dffrnq_1)
                                 -0.250000  200.470428   clock uncertainty
                                  0.000000  200.470428   clock reconvergence pessimism
                                 -2.519781  197.950653   library recovery time
                                            197.950653   data required time
---------------------------------------------------------------------------------------------
                                            197.950653   data required time
                                            -44.924709   data arrival time
---------------------------------------------------------------------------------------------
                                            153.025940   slack (MET)


Startpoint: rst_n (input port clocked by clk)
Endpoint: _219_ (recovery check against rising-edge clock clk)
Path Group: asynchronous
Path Type: max

Fanout         Cap        Slew       Delay        Time   Description
---------------------------------------------------------------------------------------------
                                  0.000000    0.000000   clock clk (rise edge)
                                  0.000000    0.000000   clock network delay (propagated)
                                 40.000000   40.000000 ^ input external delay
    41    0.365766    8.750774    4.924708   44.924709 ^ rst_n (in)
                                                         rst_n (net)
                      8.750774    0.000000   44.924709 ^ _219_/RN (gf180mcu_fd_sc_mcu7t5v0__dffrnq_1)
                                             44.924709   data arrival time

                                200.000000  200.000000   clock clk (rise edge)
                                  0.000000  200.000000   clock source latency
    41    0.212060    1.310852    0.720434  200.720428 ^ clk (in)
                                                         clk (net)
                      1.310852    0.000000  200.720428 ^ _219_/CLK (gf180mcu_fd_sc_mcu7t5v0__dffrnq_1)
                                 -0.250000  200.470428   clock uncertainty
                                  0.000000  200.470428   clock reconvergence pessimism
                                 -2.519781  197.950653   library recovery time
                                            197.950653   data required time
---------------------------------------------------------------------------------------------
                                            197.950653   data required time
                                            -44.924709   data arrival time
---------------------------------------------------------------------------------------------
                                            153.025940   slack (MET)


Startpoint: rst_n (input port clocked by clk)
Endpoint: _220_ (recovery check against rising-edge clock clk)
Path Group: asynchronous
Path Type: max

Fanout         Cap        Slew       Delay        Time   Description
---------------------------------------------------------------------------------------------
                                  0.000000    0.000000   clock clk (rise edge)
                                  0.000000    0.000000   clock network delay (propagated)
                                 40.000000   40.000000 ^ input external delay
    41    0.365766    8.750774    4.924708   44.924709 ^ rst_n (in)
                                                         rst_n (net)
                      8.750774    0.000000   44.924709 ^ _220_/RN (gf180mcu_fd_sc_mcu7t5v0__dffrnq_1)
                                             44.924709   data arrival time

                                200.000000  200.000000   clock clk (rise edge)
                                  0.000000  200.000000   clock source latency
    41    0.212060    1.310852    0.720434  200.720428 ^ clk (in)
                                                         clk (net)
                      1.310852    0.000000  200.720428 ^ _220_/CLK (gf180mcu_fd_sc_mcu7t5v0__dffrnq_1)
                                 -0.250000  200.470428   clock uncertainty
                                  0.000000  200.470428   clock reconvergence pessimism
                                 -2.519781  197.950653   library recovery time
                                            197.950653   data required time
---------------------------------------------------------------------------------------------
                                            197.950653   data required time
                                            -44.924709   data arrival time
---------------------------------------------------------------------------------------------
                                            153.025940   slack (MET)


Startpoint: rst_n (input port clocked by clk)
Endpoint: _221_ (recovery check against rising-edge clock clk)
Path Group: asynchronous
Path Type: max

Fanout         Cap        Slew       Delay        Time   Description
---------------------------------------------------------------------------------------------
                                  0.000000    0.000000   clock clk (rise edge)
                                  0.000000    0.000000   clock network delay (propagated)
                                 40.000000   40.000000 ^ input external delay
    41    0.365766    8.750774    4.924708   44.924709 ^ rst_n (in)
                                                         rst_n (net)
                      8.750774    0.000000   44.924709 ^ _221_/RN (gf180mcu_fd_sc_mcu7t5v0__dffrnq_1)
                                             44.924709   data arrival time

                                200.000000  200.000000   clock clk (rise edge)
                                  0.000000  200.000000   clock source latency
    41    0.212060    1.310852    0.720434  200.720428 ^ clk (in)
                                                         clk (net)
                      1.310852    0.000000  200.720428 ^ _221_/CLK (gf180mcu_fd_sc_mcu7t5v0__dffrnq_1)
                                 -0.250000  200.470428   clock uncertainty
                                  0.000000  200.470428   clock reconvergence pessimism
                                 -2.519781  197.950653   library recovery time
                                            197.950653   data required time
---------------------------------------------------------------------------------------------
                                            197.950653   data required time
                                            -44.924709   data arrival time
---------------------------------------------------------------------------------------------
                                            153.025940   slack (MET)


Startpoint: rst_n (input port clocked by clk)
Endpoint: _222_ (recovery check against rising-edge clock clk)
Path Group: asynchronous
Path Type: max

Fanout         Cap        Slew       Delay        Time   Description
---------------------------------------------------------------------------------------------
                                  0.000000    0.000000   clock clk (rise edge)
                                  0.000000    0.000000   clock network delay (propagated)
                                 40.000000   40.000000 ^ input external delay
    41    0.365766    8.750774    4.924708   44.924709 ^ rst_n (in)
                                                         rst_n (net)
                      8.750774    0.000000   44.924709 ^ _222_/RN (gf180mcu_fd_sc_mcu7t5v0__dffrnq_1)
                                             44.924709   data arrival time

                                200.000000  200.000000   clock clk (rise edge)
                                  0.000000  200.000000   clock source latency
    41    0.212060    1.310852    0.720434  200.720428 ^ clk (in)
                                                         clk (net)
                      1.310852    0.000000  200.720428 ^ _222_/CLK (gf180mcu_fd_sc_mcu7t5v0__dffrnq_1)
                                 -0.250000  200.470428   clock uncertainty
                                  0.000000  200.470428   clock reconvergence pessimism
                                 -2.519781  197.950653   library recovery time
                                            197.950653   data required time
---------------------------------------------------------------------------------------------
                                            197.950653   data required time
                                            -44.924709   data arrival time
---------------------------------------------------------------------------------------------
                                            153.025940   slack (MET)


Startpoint: rst_n (input port clocked by clk)
Endpoint: _223_ (recovery check against rising-edge clock clk)
Path Group: asynchronous
Path Type: max

Fanout         Cap        Slew       Delay        Time   Description
---------------------------------------------------------------------------------------------
                                  0.000000    0.000000   clock clk (rise edge)
                                  0.000000    0.000000   clock network delay (propagated)
                                 40.000000   40.000000 ^ input external delay
    41    0.365766    8.750774    4.924708   44.924709 ^ rst_n (in)
                                                         rst_n (net)
                      8.750774    0.000000   44.924709 ^ _223_/RN (gf180mcu_fd_sc_mcu7t5v0__dffrnq_1)
                                             44.924709   data arrival time

                                200.000000  200.000000   clock clk (rise edge)
                                  0.000000  200.000000   clock source latency
    41    0.212060    1.310852    0.720434  200.720428 ^ clk (in)
                                                         clk (net)
                      1.310852    0.000000  200.720428 ^ _223_/CLK (gf180mcu_fd_sc_mcu7t5v0__dffrnq_1)
                                 -0.250000  200.470428   clock uncertainty
                                  0.000000  200.470428   clock reconvergence pessimism
                                 -2.519781  197.950653   library recovery time
                                            197.950653   data required time
---------------------------------------------------------------------------------------------
                                            197.950653   data required time
                                            -44.924709   data arrival time
---------------------------------------------------------------------------------------------
                                            153.025940   slack (MET)


Startpoint: rst_n (input port clocked by clk)
Endpoint: _224_ (recovery check against rising-edge clock clk)
Path Group: asynchronous
Path Type: max

Fanout         Cap        Slew       Delay        Time   Description
---------------------------------------------------------------------------------------------
                                  0.000000    0.000000   clock clk (rise edge)
                                  0.000000    0.000000   clock network delay (propagated)
                                 40.000000   40.000000 ^ input external delay
    41    0.365766    8.750774    4.924708   44.924709 ^ rst_n (in)
                                                         rst_n (net)
                      8.750774    0.000000   44.924709 ^ _224_/RN (gf180mcu_fd_sc_mcu7t5v0__dffrnq_1)
                                             44.924709   data arrival time

                                200.000000  200.000000   clock clk (rise edge)
                                  0.000000  200.000000   clock source latency
    41    0.212060    1.310852    0.720434  200.720428 ^ clk (in)
                                                         clk (net)
                      1.310852    0.000000  200.720428 ^ _224_/CLK (gf180mcu_fd_sc_mcu7t5v0__dffrnq_1)
                                 -0.250000  200.470428   clock uncertainty
                                  0.000000  200.470428   clock reconvergence pessimism
                                 -2.519781  197.950653   library recovery time
                                            197.950653   data required time
---------------------------------------------------------------------------------------------
                                            197.950653   data required time
                                            -44.924709   data arrival time
---------------------------------------------------------------------------------------------
                                            153.025940   slack (MET)


Startpoint: rst_n (input port clocked by clk)
Endpoint: _225_ (recovery check against rising-edge clock clk)
Path Group: asynchronous
Path Type: max

Fanout         Cap        Slew       Delay        Time   Description
---------------------------------------------------------------------------------------------
                                  0.000000    0.000000   clock clk (rise edge)
                                  0.000000    0.000000   clock network delay (propagated)
                                 40.000000   40.000000 ^ input external delay
    41    0.365766    8.750774    4.924708   44.924709 ^ rst_n (in)
                                                         rst_n (net)
                      8.750774    0.000000   44.924709 ^ _225_/RN (gf180mcu_fd_sc_mcu7t5v0__dffrnq_1)
                                             44.924709   data arrival time

                                200.000000  200.000000   clock clk (rise edge)
                                  0.000000  200.000000   clock source latency
    41    0.212060    1.310852    0.720434  200.720428 ^ clk (in)
                                                         clk (net)
                      1.310852    0.000000  200.720428 ^ _225_/CLK (gf180mcu_fd_sc_mcu7t5v0__dffrnq_1)
                                 -0.250000  200.470428   clock uncertainty
                                  0.000000  200.470428   clock reconvergence pessimism
                                 -2.519781  197.950653   library recovery time
                                            197.950653   data required time
---------------------------------------------------------------------------------------------
                                            197.950653   data required time
                                            -44.924709   data arrival time
---------------------------------------------------------------------------------------------
                                            153.025940   slack (MET)


Startpoint: rst_n (input port clocked by clk)
Endpoint: _226_ (recovery check against rising-edge clock clk)
Path Group: asynchronous
Path Type: max

Fanout         Cap        Slew       Delay        Time   Description
---------------------------------------------------------------------------------------------
                                  0.000000    0.000000   clock clk (rise edge)
                                  0.000000    0.000000   clock network delay (propagated)
                                 40.000000   40.000000 ^ input external delay
    41    0.365766    8.750774    4.924708   44.924709 ^ rst_n (in)
                                                         rst_n (net)
                      8.750774    0.000000   44.924709 ^ _226_/RN (gf180mcu_fd_sc_mcu7t5v0__dffrnq_1)
                                             44.924709   data arrival time

                                200.000000  200.000000   clock clk (rise edge)
                                  0.000000  200.000000   clock source latency
    41    0.212060    1.310852    0.720434  200.720428 ^ clk (in)
                                                         clk (net)
                      1.310852    0.000000  200.720428 ^ _226_/CLK (gf180mcu_fd_sc_mcu7t5v0__dffrnq_1)
                                 -0.250000  200.470428   clock uncertainty
                                  0.000000  200.470428   clock reconvergence pessimism
                                 -2.519781  197.950653   library recovery time
                                            197.950653   data required time
---------------------------------------------------------------------------------------------
                                            197.950653   data required time
                                            -44.924709   data arrival time
---------------------------------------------------------------------------------------------
                                            153.025940   slack (MET)


Startpoint: rst_n (input port clocked by clk)
Endpoint: _227_ (recovery check against rising-edge clock clk)
Path Group: asynchronous
Path Type: max

Fanout         Cap        Slew       Delay        Time   Description
---------------------------------------------------------------------------------------------
                                  0.000000    0.000000   clock clk (rise edge)
                                  0.000000    0.000000   clock network delay (propagated)
                                 40.000000   40.000000 ^ input external delay
    41    0.365766    8.750774    4.924708   44.924709 ^ rst_n (in)
                                                         rst_n (net)
                      8.750774    0.000000   44.924709 ^ _227_/RN (gf180mcu_fd_sc_mcu7t5v0__dffrnq_1)
                                             44.924709   data arrival time

                                200.000000  200.000000   clock clk (rise edge)
                                  0.000000  200.000000   clock source latency
    41    0.212060    1.310852    0.720434  200.720428 ^ clk (in)
                                                         clk (net)
                      1.310852    0.000000  200.720428 ^ _227_/CLK (gf180mcu_fd_sc_mcu7t5v0__dffrnq_1)
                                 -0.250000  200.470428   clock uncertainty
                                  0.000000  200.470428   clock reconvergence pessimism
                                 -2.519781  197.950653   library recovery time
                                            197.950653   data required time
---------------------------------------------------------------------------------------------
                                            197.950653   data required time
                                            -44.924709   data arrival time
---------------------------------------------------------------------------------------------
                                            153.025940   slack (MET)


Startpoint: rst_n (input port clocked by clk)
Endpoint: _228_ (recovery check against rising-edge clock clk)
Path Group: asynchronous
Path Type: max

Fanout         Cap        Slew       Delay        Time   Description
---------------------------------------------------------------------------------------------
                                  0.000000    0.000000   clock clk (rise edge)
                                  0.000000    0.000000   clock network delay (propagated)
                                 40.000000   40.000000 ^ input external delay
    41    0.365766    8.750774    4.924708   44.924709 ^ rst_n (in)
                                                         rst_n (net)
                      8.750774    0.000000   44.924709 ^ _228_/RN (gf180mcu_fd_sc_mcu7t5v0__dffrnq_1)
                                             44.924709   data arrival time

                                200.000000  200.000000   clock clk (rise edge)
                                  0.000000  200.000000   clock source latency
    41    0.212060    1.310852    0.720434  200.720428 ^ clk (in)
                                                         clk (net)
                      1.310852    0.000000  200.720428 ^ _228_/CLK (gf180mcu_fd_sc_mcu7t5v0__dffrnq_1)
                                 -0.250000  200.470428   clock uncertainty
                                  0.000000  200.470428   clock reconvergence pessimism
                                 -2.519781  197.950653   library recovery time
                                            197.950653   data required time
---------------------------------------------------------------------------------------------
                                            197.950653   data required time
                                            -44.924709   data arrival time
---------------------------------------------------------------------------------------------
                                            153.025940   slack (MET)


Startpoint: rst_n (input port clocked by clk)
Endpoint: _229_ (recovery check against rising-edge clock clk)
Path Group: asynchronous
Path Type: max

Fanout         Cap        Slew       Delay        Time   Description
---------------------------------------------------------------------------------------------
                                  0.000000    0.000000   clock clk (rise edge)
                                  0.000000    0.000000   clock network delay (propagated)
                                 40.000000   40.000000 ^ input external delay
    41    0.365766    8.750774    4.924708   44.924709 ^ rst_n (in)
                                                         rst_n (net)
                      8.750774    0.000000   44.924709 ^ _229_/RN (gf180mcu_fd_sc_mcu7t5v0__dffrnq_1)
                                             44.924709   data arrival time

                                200.000000  200.000000   clock clk (rise edge)
                                  0.000000  200.000000   clock source latency
    41    0.212060    1.310852    0.720434  200.720428 ^ clk (in)
                                                         clk (net)
                      1.310852    0.000000  200.720428 ^ _229_/CLK (gf180mcu_fd_sc_mcu7t5v0__dffrnq_1)
                                 -0.250000  200.470428   clock uncertainty
                                  0.000000  200.470428   clock reconvergence pessimism
                                 -2.519781  197.950653   library recovery time
                                            197.950653   data required time
---------------------------------------------------------------------------------------------
                                            197.950653   data required time
                                            -44.924709   data arrival time
---------------------------------------------------------------------------------------------
                                            153.025940   slack (MET)


Startpoint: rst_n (input port clocked by clk)
Endpoint: _230_ (recovery check against rising-edge clock clk)
Path Group: asynchronous
Path Type: max

Fanout         Cap        Slew       Delay        Time   Description
---------------------------------------------------------------------------------------------
                                  0.000000    0.000000   clock clk (rise edge)
                                  0.000000    0.000000   clock network delay (propagated)
                                 40.000000   40.000000 ^ input external delay
    41    0.365766    8.750774    4.924708   44.924709 ^ rst_n (in)
                                                         rst_n (net)
                      8.750774    0.000000   44.924709 ^ _230_/RN (gf180mcu_fd_sc_mcu7t5v0__dffrnq_1)
                                             44.924709   data arrival time

                                200.000000  200.000000   clock clk (rise edge)
                                  0.000000  200.000000   clock source latency
    41    0.212060    1.310852    0.720434  200.720428 ^ clk (in)
                                                         clk (net)
                      1.310852    0.000000  200.720428 ^ _230_/CLK (gf180mcu_fd_sc_mcu7t5v0__dffrnq_1)
                                 -0.250000  200.470428   clock uncertainty
                                  0.000000  200.470428   clock reconvergence pessimism
                                 -2.519781  197.950653   library recovery time
                                            197.950653   data required time
---------------------------------------------------------------------------------------------
                                            197.950653   data required time
                                            -44.924709   data arrival time
---------------------------------------------------------------------------------------------
                                            153.025940   slack (MET)


Startpoint: rst_n (input port clocked by clk)
Endpoint: _231_ (recovery check against rising-edge clock clk)
Path Group: asynchronous
Path Type: max

Fanout         Cap        Slew       Delay        Time   Description
---------------------------------------------------------------------------------------------
                                  0.000000    0.000000   clock clk (rise edge)
                                  0.000000    0.000000   clock network delay (propagated)
                                 40.000000   40.000000 ^ input external delay
    41    0.365766    8.750774    4.924708   44.924709 ^ rst_n (in)
                                                         rst_n (net)
                      8.750774    0.000000   44.924709 ^ _231_/RN (gf180mcu_fd_sc_mcu7t5v0__dffrnq_1)
                                             44.924709   data arrival time

                                200.000000  200.000000   clock clk (rise edge)
                                  0.000000  200.000000   clock source latency
    41    0.212060    1.310852    0.720434  200.720428 ^ clk (in)
                                                         clk (net)
                      1.310852    0.000000  200.720428 ^ _231_/CLK (gf180mcu_fd_sc_mcu7t5v0__dffrnq_1)
                                 -0.250000  200.470428   clock uncertainty
                                  0.000000  200.470428   clock reconvergence pessimism
                                 -2.519781  197.950653   library recovery time
                                            197.950653   data required time
---------------------------------------------------------------------------------------------
                                            197.950653   data required time
                                            -44.924709   data arrival time
---------------------------------------------------------------------------------------------
                                            153.025940   slack (MET)


Startpoint: rst_n (input port clocked by clk)
Endpoint: _232_ (recovery check against rising-edge clock clk)
Path Group: asynchronous
Path Type: max

Fanout         Cap        Slew       Delay        Time   Description
---------------------------------------------------------------------------------------------
                                  0.000000    0.000000   clock clk (rise edge)
                                  0.000000    0.000000   clock network delay (propagated)
                                 40.000000   40.000000 ^ input external delay
    41    0.365766    8.750774    4.924708   44.924709 ^ rst_n (in)
                                                         rst_n (net)
                      8.750774    0.000000   44.924709 ^ _232_/RN (gf180mcu_fd_sc_mcu7t5v0__dffrnq_1)
                                             44.924709   data arrival time

                                200.000000  200.000000   clock clk (rise edge)
                                  0.000000  200.000000   clock source latency
    41    0.212060    1.310852    0.720434  200.720428 ^ clk (in)
                                                         clk (net)
                      1.310852    0.000000  200.720428 ^ _232_/CLK (gf180mcu_fd_sc_mcu7t5v0__dffrnq_1)
                                 -0.250000  200.470428   clock uncertainty
                                  0.000000  200.470428   clock reconvergence pessimism
                                 -2.519781  197.950653   library recovery time
                                            197.950653   data required time
---------------------------------------------------------------------------------------------
                                            197.950653   data required time
                                            -44.924709   data arrival time
---------------------------------------------------------------------------------------------
                                            153.025940   slack (MET)


Startpoint: rst_n (input port clocked by clk)
Endpoint: _233_ (recovery check against rising-edge clock clk)
Path Group: asynchronous
Path Type: max

Fanout         Cap        Slew       Delay        Time   Description
---------------------------------------------------------------------------------------------
                                  0.000000    0.000000   clock clk (rise edge)
                                  0.000000    0.000000   clock network delay (propagated)
                                 40.000000   40.000000 ^ input external delay
    41    0.365766    8.750774    4.924708   44.924709 ^ rst_n (in)
                                                         rst_n (net)
                      8.750774    0.000000   44.924709 ^ _233_/RN (gf180mcu_fd_sc_mcu7t5v0__dffrnq_1)
                                             44.924709   data arrival time

                                200.000000  200.000000   clock clk (rise edge)
                                  0.000000  200.000000   clock source latency
    41    0.212060    1.310852    0.720434  200.720428 ^ clk (in)
                                                         clk (net)
                      1.310852    0.000000  200.720428 ^ _233_/CLK (gf180mcu_fd_sc_mcu7t5v0__dffrnq_1)
                                 -0.250000  200.470428   clock uncertainty
                                  0.000000  200.470428   clock reconvergence pessimism
                                 -2.519781  197.950653   library recovery time
                                            197.950653   data required time
---------------------------------------------------------------------------------------------
                                            197.950653   data required time
                                            -44.924709   data arrival time
---------------------------------------------------------------------------------------------
                                            153.025940   slack (MET)


Startpoint: rst_n (input port clocked by clk)
Endpoint: _234_ (recovery check against rising-edge clock clk)
Path Group: asynchronous
Path Type: max

Fanout         Cap        Slew       Delay        Time   Description
---------------------------------------------------------------------------------------------
                                  0.000000    0.000000   clock clk (rise edge)
                                  0.000000    0.000000   clock network delay (propagated)
                                 40.000000   40.000000 ^ input external delay
    41    0.365766    8.750774    4.924708   44.924709 ^ rst_n (in)
                                                         rst_n (net)
                      8.750774    0.000000   44.924709 ^ _234_/RN (gf180mcu_fd_sc_mcu7t5v0__dffrnq_1)
                                             44.924709   data arrival time

                                200.000000  200.000000   clock clk (rise edge)
                                  0.000000  200.000000   clock source latency
    41    0.212060    1.310852    0.720434  200.720428 ^ clk (in)
                                                         clk (net)
                      1.310852    0.000000  200.720428 ^ _234_/CLK (gf180mcu_fd_sc_mcu7t5v0__dffrnq_1)
                                 -0.250000  200.470428   clock uncertainty
                                  0.000000  200.470428   clock reconvergence pessimism
                                 -2.519781  197.950653   library recovery time
                                            197.950653   data required time
---------------------------------------------------------------------------------------------
                                            197.950653   data required time
                                            -44.924709   data arrival time
---------------------------------------------------------------------------------------------
                                            153.025940   slack (MET)


Startpoint: rst_n (input port clocked by clk)
Endpoint: _235_ (recovery check against rising-edge clock clk)
Path Group: asynchronous
Path Type: max

Fanout         Cap        Slew       Delay        Time   Description
---------------------------------------------------------------------------------------------
                                  0.000000    0.000000   clock clk (rise edge)
                                  0.000000    0.000000   clock network delay (propagated)
                                 40.000000   40.000000 ^ input external delay
    41    0.365766    8.750774    4.924705   44.924706 ^ rst_n (in)
                                                         rst_n (net)
                      8.750774    0.000000   44.924706 ^ _235_/RN (gf180mcu_fd_sc_mcu7t5v0__dffrnq_1)
                                             44.924706   data arrival time

                                200.000000  200.000000   clock clk (rise edge)
                                  0.000000  200.000000   clock source latency
    41    0.212060    1.310852    0.720434  200.720428 ^ clk (in)
                                                         clk (net)
                      1.310852    0.000000  200.720428 ^ _235_/CLK (gf180mcu_fd_sc_mcu7t5v0__dffrnq_1)
                                 -0.250000  200.470428   clock uncertainty
                                  0.000000  200.470428   clock reconvergence pessimism
                                 -2.519781  197.950653   library recovery time
                                            197.950653   data required time
---------------------------------------------------------------------------------------------
                                            197.950653   data required time
                                            -44.924706   data arrival time
---------------------------------------------------------------------------------------------
                                            153.025940   slack (MET)


Startpoint: rst_n (input port clocked by clk)
Endpoint: _236_ (recovery check against rising-edge clock clk)
Path Group: asynchronous
Path Type: max

Fanout         Cap        Slew       Delay        Time   Description
---------------------------------------------------------------------------------------------
                                  0.000000    0.000000   clock clk (rise edge)
                                  0.000000    0.000000   clock network delay (propagated)
                                 40.000000   40.000000 ^ input external delay
    41    0.365766    8.750774    4.924705   44.924706 ^ rst_n (in)
                                                         rst_n (net)
                      8.750774    0.000000   44.924706 ^ _236_/RN (gf180mcu_fd_sc_mcu7t5v0__dffrnq_1)
                                             44.924706   data arrival time

                                200.000000  200.000000   clock clk (rise edge)
                                  0.000000  200.000000   clock source latency
    41    0.212060    1.310852    0.720434  200.720428 ^ clk (in)
                                                         clk (net)
                      1.310852    0.000000  200.720428 ^ _236_/CLK (gf180mcu_fd_sc_mcu7t5v0__dffrnq_1)
                                 -0.250000  200.470428   clock uncertainty
                                  0.000000  200.470428   clock reconvergence pessimism
                                 -2.519781  197.950653   library recovery time
                                            197.950653   data required time
---------------------------------------------------------------------------------------------
                                            197.950653   data required time
                                            -44.924706   data arrival time
---------------------------------------------------------------------------------------------
                                            153.025940   slack (MET)


Startpoint: rst_n (input port clocked by clk)
Endpoint: _237_ (recovery check against rising-edge clock clk)
Path Group: asynchronous
Path Type: max

Fanout         Cap        Slew       Delay        Time   Description
---------------------------------------------------------------------------------------------
                                  0.000000    0.000000   clock clk (rise edge)
                                  0.000000    0.000000   clock network delay (propagated)
                                 40.000000   40.000000 ^ input external delay
    41    0.365766    8.750774    4.924705   44.924706 ^ rst_n (in)
                                                         rst_n (net)
                      8.750774    0.000000   44.924706 ^ _237_/RN (gf180mcu_fd_sc_mcu7t5v0__dffrnq_1)
                                             44.924706   data arrival time

                                200.000000  200.000000   clock clk (rise edge)
                                  0.000000  200.000000   clock source latency
    41    0.212060    1.310852    0.720434  200.720428 ^ clk (in)
                                                         clk (net)
                      1.310852    0.000000  200.720428 ^ _237_/CLK (gf180mcu_fd_sc_mcu7t5v0__dffrnq_1)
                                 -0.250000  200.470428   clock uncertainty
                                  0.000000  200.470428   clock reconvergence pessimism
                                 -2.519781  197.950653   library recovery time
                                            197.950653   data required time
---------------------------------------------------------------------------------------------
                                            197.950653   data required time
                                            -44.924706   data arrival time
---------------------------------------------------------------------------------------------
                                            153.025940   slack (MET)


Startpoint: rst_n (input port clocked by clk)
Endpoint: _238_ (recovery check against rising-edge clock clk)
Path Group: asynchronous
Path Type: max

Fanout         Cap        Slew       Delay        Time   Description
---------------------------------------------------------------------------------------------
                                  0.000000    0.000000   clock clk (rise edge)
                                  0.000000    0.000000   clock network delay (propagated)
                                 40.000000   40.000000 ^ input external delay
    41    0.365766    8.750774    4.924705   44.924706 ^ rst_n (in)
                                                         rst_n (net)
                      8.750774    0.000000   44.924706 ^ _238_/RN (gf180mcu_fd_sc_mcu7t5v0__dffrnq_1)
                                             44.924706   data arrival time

                                200.000000  200.000000   clock clk (rise edge)
                                  0.000000  200.000000   clock source latency
    41    0.212060    1.310852    0.720434  200.720428 ^ clk (in)
                                                         clk (net)
                      1.310852    0.000000  200.720428 ^ _238_/CLK (gf180mcu_fd_sc_mcu7t5v0__dffrnq_1)
                                 -0.250000  200.470428   clock uncertainty
                                  0.000000  200.470428   clock reconvergence pessimism
                                 -2.519781  197.950653   library recovery time
                                            197.950653   data required time
---------------------------------------------------------------------------------------------
                                            197.950653   data required time
                                            -44.924706   data arrival time
---------------------------------------------------------------------------------------------
                                            153.025940   slack (MET)


Startpoint: rst_n (input port clocked by clk)
Endpoint: _239_ (recovery check against rising-edge clock clk)
Path Group: asynchronous
Path Type: max

Fanout         Cap        Slew       Delay        Time   Description
---------------------------------------------------------------------------------------------
                                  0.000000    0.000000   clock clk (rise edge)
                                  0.000000    0.000000   clock network delay (propagated)
                                 40.000000   40.000000 ^ input external delay
    41    0.365766    8.750774    4.924708   44.924709 ^ rst_n (in)
                                                         rst_n (net)
                      8.750774    0.000000   44.924709 ^ _239_/RN (gf180mcu_fd_sc_mcu7t5v0__dffrnq_1)
                                             44.924709   data arrival time

                                200.000000  200.000000   clock clk (rise edge)
                                  0.000000  200.000000   clock source latency
    41    0.212060    1.310852    0.720434  200.720428 ^ clk (in)
                                                         clk (net)
                      1.310852    0.000000  200.720428 ^ _239_/CLK (gf180mcu_fd_sc_mcu7t5v0__dffrnq_1)
                                 -0.250000  200.470428   clock uncertainty
                                  0.000000  200.470428   clock reconvergence pessimism
                                 -2.519781  197.950653   library recovery time
                                            197.950653   data required time
---------------------------------------------------------------------------------------------
                                            197.950653   data required time
                                            -44.924709   data arrival time
---------------------------------------------------------------------------------------------
                                            153.025940   slack (MET)


Startpoint: rst_n (input port clocked by clk)
Endpoint: _240_ (recovery check against rising-edge clock clk)
Path Group: asynchronous
Path Type: max

Fanout         Cap        Slew       Delay        Time   Description
---------------------------------------------------------------------------------------------
                                  0.000000    0.000000   clock clk (rise edge)
                                  0.000000    0.000000   clock network delay (propagated)
                                 40.000000   40.000000 ^ input external delay
    41    0.365766    8.750774    4.924708   44.924709 ^ rst_n (in)
                                                         rst_n (net)
                      8.750774    0.000000   44.924709 ^ _240_/RN (gf180mcu_fd_sc_mcu7t5v0__dffrnq_1)
                                             44.924709   data arrival time

                                200.000000  200.000000   clock clk (rise edge)
                                  0.000000  200.000000   clock source latency
    41    0.212060    1.310852    0.720434  200.720428 ^ clk (in)
                                                         clk (net)
                      1.310852    0.000000  200.720428 ^ _240_/CLK (gf180mcu_fd_sc_mcu7t5v0__dffrnq_1)
                                 -0.250000  200.470428   clock uncertainty
                                  0.000000  200.470428   clock reconvergence pessimism
                                 -2.519781  197.950653   library recovery time
                                            197.950653   data required time
---------------------------------------------------------------------------------------------
                                            197.950653   data required time
                                            -44.924709   data arrival time
---------------------------------------------------------------------------------------------
                                            153.025940   slack (MET)


Startpoint: rst_n (input port clocked by clk)
Endpoint: _241_ (recovery check against rising-edge clock clk)
Path Group: asynchronous
Path Type: max

Fanout         Cap        Slew       Delay        Time   Description
---------------------------------------------------------------------------------------------
                                  0.000000    0.000000   clock clk (rise edge)
                                  0.000000    0.000000   clock network delay (propagated)
                                 40.000000   40.000000 ^ input external delay
    41    0.365766    8.750774    4.924708   44.924709 ^ rst_n (in)
                                                         rst_n (net)
                      8.750774    0.000000   44.924709 ^ _241_/RN (gf180mcu_fd_sc_mcu7t5v0__dffrnq_1)
                                             44.924709   data arrival time

                                200.000000  200.000000   clock clk (rise edge)
                                  0.000000  200.000000   clock source latency
    41    0.212060    1.310852    0.720434  200.720428 ^ clk (in)
                                                         clk (net)
                      1.310852    0.000000  200.720428 ^ _241_/CLK (gf180mcu_fd_sc_mcu7t5v0__dffrnq_1)
                                 -0.250000  200.470428   clock uncertainty
                                  0.000000  200.470428   clock reconvergence pessimism
                                 -2.519781  197.950653   library recovery time
                                            197.950653   data required time
---------------------------------------------------------------------------------------------
                                            197.950653   data required time
                                            -44.924709   data arrival time
---------------------------------------------------------------------------------------------
                                            153.025940   slack (MET)


Startpoint: rst_n (input port clocked by clk)
Endpoint: _242_ (recovery check against rising-edge clock clk)
Path Group: asynchronous
Path Type: max

Fanout         Cap        Slew       Delay        Time   Description
---------------------------------------------------------------------------------------------
                                  0.000000    0.000000   clock clk (rise edge)
                                  0.000000    0.000000   clock network delay (propagated)
                                 40.000000   40.000000 ^ input external delay
    41    0.365766    8.750774    4.924708   44.924709 ^ rst_n (in)
                                                         rst_n (net)
                      8.750774    0.000000   44.924709 ^ _242_/RN (gf180mcu_fd_sc_mcu7t5v0__dffrnq_1)
                                             44.924709   data arrival time

                                200.000000  200.000000   clock clk (rise edge)
                                  0.000000  200.000000   clock source latency
    41    0.212060    1.310852    0.720434  200.720428 ^ clk (in)
                                                         clk (net)
                      1.310852    0.000000  200.720428 ^ _242_/CLK (gf180mcu_fd_sc_mcu7t5v0__dffrnq_1)
                                 -0.250000  200.470428   clock uncertainty
                                  0.000000  200.470428   clock reconvergence pessimism
                                 -2.519781  197.950653   library recovery time
                                            197.950653   data required time
---------------------------------------------------------------------------------------------
                                            197.950653   data required time
                                            -44.924709   data arrival time
---------------------------------------------------------------------------------------------
                                            153.025940   slack (MET)


Startpoint: rst_n (input port clocked by clk)
Endpoint: _243_ (recovery check against rising-edge clock clk)
Path Group: asynchronous
Path Type: max

Fanout         Cap        Slew       Delay        Time   Description
---------------------------------------------------------------------------------------------
                                  0.000000    0.000000   clock clk (rise edge)
                                  0.000000    0.000000   clock network delay (propagated)
                                 40.000000   40.000000 ^ input external delay
    41    0.365766    8.750774    4.924705   44.924706 ^ rst_n (in)
                                                         rst_n (net)
                      8.750774    0.000000   44.924706 ^ _243_/RN (gf180mcu_fd_sc_mcu7t5v0__dffrnq_1)
                                             44.924706   data arrival time

                                200.000000  200.000000   clock clk (rise edge)
                                  0.000000  200.000000   clock source latency
    41    0.212060    1.310852    0.720434  200.720428 ^ clk (in)
                                                         clk (net)
                      1.310852    0.000000  200.720428 ^ _243_/CLK (gf180mcu_fd_sc_mcu7t5v0__dffrnq_1)
                                 -0.250000  200.470428   clock uncertainty
                                  0.000000  200.470428   clock reconvergence pessimism
                                 -2.519781  197.950653   library recovery time
                                            197.950653   data required time
---------------------------------------------------------------------------------------------
                                            197.950653   data required time
                                            -44.924706   data arrival time
---------------------------------------------------------------------------------------------
                                            153.025940   slack (MET)


Startpoint: rst_n (input port clocked by clk)
Endpoint: _244_ (recovery check against rising-edge clock clk)
Path Group: asynchronous
Path Type: max

Fanout         Cap        Slew       Delay        Time   Description
---------------------------------------------------------------------------------------------
                                  0.000000    0.000000   clock clk (rise edge)
                                  0.000000    0.000000   clock network delay (propagated)
                                 40.000000   40.000000 ^ input external delay
    41    0.365766    8.750774    4.924705   44.924706 ^ rst_n (in)
                                                         rst_n (net)
                      8.750774    0.000000   44.924706 ^ _244_/RN (gf180mcu_fd_sc_mcu7t5v0__dffrnq_1)
                                             44.924706   data arrival time

                                200.000000  200.000000   clock clk (rise edge)
                                  0.000000  200.000000   clock source latency
    41    0.212060    1.310852    0.720434  200.720428 ^ clk (in)
                                                         clk (net)
                      1.310852    0.000000  200.720428 ^ _244_/CLK (gf180mcu_fd_sc_mcu7t5v0__dffrnq_1)
                                 -0.250000  200.470428   clock uncertainty
                                  0.000000  200.470428   clock reconvergence pessimism
                                 -2.519781  197.950653   library recovery time
                                            197.950653   data required time
---------------------------------------------------------------------------------------------
                                            197.950653   data required time
                                            -44.924706   data arrival time
---------------------------------------------------------------------------------------------
                                            153.025940   slack (MET)


Startpoint: rst_n (input port clocked by clk)
Endpoint: _245_ (recovery check against rising-edge clock clk)
Path Group: asynchronous
Path Type: max

Fanout         Cap        Slew       Delay        Time   Description
---------------------------------------------------------------------------------------------
                                  0.000000    0.000000   clock clk (rise edge)
                                  0.000000    0.000000   clock network delay (propagated)
                                 40.000000   40.000000 ^ input external delay
    41    0.365766    8.750774    4.924705   44.924706 ^ rst_n (in)
                                                         rst_n (net)
                      8.750774    0.000000   44.924706 ^ _245_/RN (gf180mcu_fd_sc_mcu7t5v0__dffrnq_1)
                                             44.924706   data arrival time

                                200.000000  200.000000   clock clk (rise edge)
                                  0.000000  200.000000   clock source latency
    41    0.212060    1.310852    0.720434  200.720428 ^ clk (in)
                                                         clk (net)
                      1.310852    0.000000  200.720428 ^ _245_/CLK (gf180mcu_fd_sc_mcu7t5v0__dffrnq_1)
                                 -0.250000  200.470428   clock uncertainty
                                  0.000000  200.470428   clock reconvergence pessimism
                                 -2.519781  197.950653   library recovery time
                                            197.950653   data required time
---------------------------------------------------------------------------------------------
                                            197.950653   data required time
                                            -44.924706   data arrival time
---------------------------------------------------------------------------------------------
                                            153.025940   slack (MET)


Startpoint: rst_n (input port clocked by clk)
Endpoint: _246_ (recovery check against rising-edge clock clk)
Path Group: asynchronous
Path Type: max

Fanout         Cap        Slew       Delay        Time   Description
---------------------------------------------------------------------------------------------
                                  0.000000    0.000000   clock clk (rise edge)
                                  0.000000    0.000000   clock network delay (propagated)
                                 40.000000   40.000000 ^ input external delay
    41    0.365766    8.750774    4.924708   44.924709 ^ rst_n (in)
                                                         rst_n (net)
                      8.750774    0.000000   44.924709 ^ _246_/RN (gf180mcu_fd_sc_mcu7t5v0__dffrnq_1)
                                             44.924709   data arrival time

                                200.000000  200.000000   clock clk (rise edge)
                                  0.000000  200.000000   clock source latency
    41    0.212060    1.310852    0.720434  200.720428 ^ clk (in)
                                                         clk (net)
                      1.310852    0.000000  200.720428 ^ _246_/CLK (gf180mcu_fd_sc_mcu7t5v0__dffrnq_1)
                                 -0.250000  200.470428   clock uncertainty
                                  0.000000  200.470428   clock reconvergence pessimism
                                 -2.519781  197.950653   library recovery time
                                            197.950653   data required time
---------------------------------------------------------------------------------------------
                                            197.950653   data required time
                                            -44.924709   data arrival time
---------------------------------------------------------------------------------------------
                                            153.025940   slack (MET)


Startpoint: rst_n (input port clocked by clk)
Endpoint: _247_ (recovery check against rising-edge clock clk)
Path Group: asynchronous
Path Type: max

Fanout         Cap        Slew       Delay        Time   Description
---------------------------------------------------------------------------------------------
                                  0.000000    0.000000   clock clk (rise edge)
                                  0.000000    0.000000   clock network delay (propagated)
                                 40.000000   40.000000 ^ input external delay
    41    0.365766    8.750774    4.924705   44.924706 ^ rst_n (in)
                                                         rst_n (net)
                      8.750774    0.000000   44.924706 ^ _247_/RN (gf180mcu_fd_sc_mcu7t5v0__dffrnq_1)
                                             44.924706   data arrival time

                                200.000000  200.000000   clock clk (rise edge)
                                  0.000000  200.000000   clock source latency
    41    0.212060    1.310852    0.720434  200.720428 ^ clk (in)
                                                         clk (net)
                      1.310852    0.000000  200.720428 ^ _247_/CLK (gf180mcu_fd_sc_mcu7t5v0__dffrnq_1)
                                 -0.250000  200.470428   clock uncertainty
                                  0.000000  200.470428   clock reconvergence pessimism
                                 -2.519781  197.950653   library recovery time
                                            197.950653   data required time
---------------------------------------------------------------------------------------------
                                            197.950653   data required time
                                            -44.924706   data arrival time
---------------------------------------------------------------------------------------------
                                            153.025940   slack (MET)


Startpoint: rst_n (input port clocked by clk)
Endpoint: _248_ (recovery check against rising-edge clock clk)
Path Group: asynchronous
Path Type: max

Fanout         Cap        Slew       Delay        Time   Description
---------------------------------------------------------------------------------------------
                                  0.000000    0.000000   clock clk (rise edge)
                                  0.000000    0.000000   clock network delay (propagated)
                                 40.000000   40.000000 ^ input external delay
    41    0.365766    8.750774    4.924705   44.924706 ^ rst_n (in)
                                                         rst_n (net)
                      8.750774    0.000000   44.924706 ^ _248_/RN (gf180mcu_fd_sc_mcu7t5v0__dffrnq_1)
                                             44.924706   data arrival time

                                200.000000  200.000000   clock clk (rise edge)
                                  0.000000  200.000000   clock source latency
    41    0.212060    1.310852    0.720434  200.720428 ^ clk (in)
                                                         clk (net)
                      1.310852    0.000000  200.720428 ^ _248_/CLK (gf180mcu_fd_sc_mcu7t5v0__dffrnq_1)
                                 -0.250000  200.470428   clock uncertainty
                                  0.000000  200.470428   clock reconvergence pessimism
                                 -2.519781  197.950653   library recovery time
                                            197.950653   data required time
---------------------------------------------------------------------------------------------
                                            197.950653   data required time
                                            -44.924706   data arrival time
---------------------------------------------------------------------------------------------
                                            153.025940   slack (MET)


Startpoint: rst_n (input port clocked by clk)
Endpoint: _249_ (recovery check against rising-edge clock clk)
Path Group: asynchronous
Path Type: max

Fanout         Cap        Slew       Delay        Time   Description
---------------------------------------------------------------------------------------------
                                  0.000000    0.000000   clock clk (rise edge)
                                  0.000000    0.000000   clock network delay (propagated)
                                 40.000000   40.000000 ^ input external delay
    41    0.365766    8.750774    4.924705   44.924706 ^ rst_n (in)
                                                         rst_n (net)
                      8.750774    0.000000   44.924706 ^ _249_/RN (gf180mcu_fd_sc_mcu7t5v0__dffrnq_1)
                                             44.924706   data arrival time

                                200.000000  200.000000   clock clk (rise edge)
                                  0.000000  200.000000   clock source latency
    41    0.212060    1.310852    0.720434  200.720428 ^ clk (in)
                                                         clk (net)
                      1.310852    0.000000  200.720428 ^ _249_/CLK (gf180mcu_fd_sc_mcu7t5v0__dffrnq_1)
                                 -0.250000  200.470428   clock uncertainty
                                  0.000000  200.470428   clock reconvergence pessimism
                                 -2.519781  197.950653   library recovery time
                                            197.950653   data required time
---------------------------------------------------------------------------------------------
                                            197.950653   data required time
                                            -44.924706   data arrival time
---------------------------------------------------------------------------------------------
                                            153.025940   slack (MET)


Startpoint: rst_n (input port clocked by clk)
Endpoint: _250_ (recovery check against rising-edge clock clk)
Path Group: asynchronous
Path Type: max

Fanout         Cap        Slew       Delay        Time   Description
---------------------------------------------------------------------------------------------
                                  0.000000    0.000000   clock clk (rise edge)
                                  0.000000    0.000000   clock network delay (propagated)
                                 40.000000   40.000000 ^ input external delay
    41    0.365766    8.750774    4.924705   44.924706 ^ rst_n (in)
                                                         rst_n (net)
                      8.750774    0.000000   44.924706 ^ _250_/RN (gf180mcu_fd_sc_mcu7t5v0__dffrnq_1)
                                             44.924706   data arrival time

                                200.000000  200.000000   clock clk (rise edge)
                                  0.000000  200.000000   clock source latency
    41    0.212060    1.310852    0.720434  200.720428 ^ clk (in)
                                                         clk (net)
                      1.310852    0.000000  200.720428 ^ _250_/CLK (gf180mcu_fd_sc_mcu7t5v0__dffrnq_1)
                                 -0.250000  200.470428   clock uncertainty
                                  0.000000  200.470428   clock reconvergence pessimism
                                 -2.519781  197.950653   library recovery time
                                            197.950653   data required time
---------------------------------------------------------------------------------------------
                                            197.950653   data required time
                                            -44.924706   data arrival time
---------------------------------------------------------------------------------------------
                                            153.025940   slack (MET)


Startpoint: rst_n (input port clocked by clk)
Endpoint: _251_ (recovery check against rising-edge clock clk)
Path Group: asynchronous
Path Type: max

Fanout         Cap        Slew       Delay        Time   Description
---------------------------------------------------------------------------------------------
                                  0.000000    0.000000   clock clk (rise edge)
                                  0.000000    0.000000   clock network delay (propagated)
                                 40.000000   40.000000 ^ input external delay
    41    0.365766    8.750774    4.924705   44.924706 ^ rst_n (in)
                                                         rst_n (net)
                      8.750774    0.000000   44.924706 ^ _251_/RN (gf180mcu_fd_sc_mcu7t5v0__dffrnq_1)
                                             44.924706   data arrival time

                                200.000000  200.000000   clock clk (rise edge)
                                  0.000000  200.000000   clock source latency
    41    0.212060    1.310852    0.720434  200.720428 ^ clk (in)
                                                         clk (net)
                      1.310852    0.000000  200.720428 ^ _251_/CLK (gf180mcu_fd_sc_mcu7t5v0__dffrnq_1)
                                 -0.250000  200.470428   clock uncertainty
                                  0.000000  200.470428   clock reconvergence pessimism
                                 -2.519781  197.950653   library recovery time
                                            197.950653   data required time
---------------------------------------------------------------------------------------------
                                            197.950653   data required time
                                            -44.924706   data arrival time
---------------------------------------------------------------------------------------------
                                            153.025940   slack (MET)


Startpoint: rst_n (input port clocked by clk)
Endpoint: _252_ (recovery check against rising-edge clock clk)
Path Group: asynchronous
Path Type: max

Fanout         Cap        Slew       Delay        Time   Description
---------------------------------------------------------------------------------------------
                                  0.000000    0.000000   clock clk (rise edge)
                                  0.000000    0.000000   clock network delay (propagated)
                                 40.000000   40.000000 ^ input external delay
    41    0.365766    8.750774    4.924705   44.924706 ^ rst_n (in)
                                                         rst_n (net)
                      8.750774    0.000000   44.924706 ^ _252_/RN (gf180mcu_fd_sc_mcu7t5v0__dffrnq_1)
                                             44.924706   data arrival time

                                200.000000  200.000000   clock clk (rise edge)
                                  0.000000  200.000000   clock source latency
    41    0.212060    1.310852    0.720434  200.720428 ^ clk (in)
                                                         clk (net)
                      1.310852    0.000000  200.720428 ^ _252_/CLK (gf180mcu_fd_sc_mcu7t5v0__dffrnq_1)
                                 -0.250000  200.470428   clock uncertainty
                                  0.000000  200.470428   clock reconvergence pessimism
                                 -2.519781  197.950653   library recovery time
                                            197.950653   data required time
---------------------------------------------------------------------------------------------
                                            197.950653   data required time
                                            -44.924706   data arrival time
---------------------------------------------------------------------------------------------
                                            153.025940   slack (MET)


Startpoint: rst_n (input port clocked by clk)
Endpoint: _253_ (recovery check against rising-edge clock clk)
Path Group: asynchronous
Path Type: max

Fanout         Cap        Slew       Delay        Time   Description
---------------------------------------------------------------------------------------------
                                  0.000000    0.000000   clock clk (rise edge)
                                  0.000000    0.000000   clock network delay (propagated)
                                 40.000000   40.000000 ^ input external delay
    41    0.365766    8.750774    4.924705   44.924706 ^ rst_n (in)
                                                         rst_n (net)
                      8.750774    0.000000   44.924706 ^ _253_/RN (gf180mcu_fd_sc_mcu7t5v0__dffrnq_1)
                                             44.924706   data arrival time

                                200.000000  200.000000   clock clk (rise edge)
                                  0.000000  200.000000   clock source latency
    41    0.212060    1.310852    0.720434  200.720428 ^ clk (in)
                                                         clk (net)
                      1.310852    0.000000  200.720428 ^ _253_/CLK (gf180mcu_fd_sc_mcu7t5v0__dffrnq_1)
                                 -0.250000  200.470428   clock uncertainty
                                  0.000000  200.470428   clock reconvergence pessimism
                                 -2.519781  197.950653   library recovery time
                                            197.950653   data required time
---------------------------------------------------------------------------------------------
                                            197.950653   data required time
                                            -44.924706   data arrival time
---------------------------------------------------------------------------------------------
                                            153.025940   slack (MET)


Startpoint: rst_n (input port clocked by clk)
Endpoint: _254_ (recovery check against rising-edge clock clk)
Path Group: asynchronous
Path Type: max

Fanout         Cap        Slew       Delay        Time   Description
---------------------------------------------------------------------------------------------
                                  0.000000    0.000000   clock clk (rise edge)
                                  0.000000    0.000000   clock network delay (propagated)
                                 40.000000   40.000000 ^ input external delay
    41    0.365766    8.750774    4.924705   44.924706 ^ rst_n (in)
                                                         rst_n (net)
                      8.750774    0.000000   44.924706 ^ _254_/RN (gf180mcu_fd_sc_mcu7t5v0__dffrnq_1)
                                             44.924706   data arrival time

                                200.000000  200.000000   clock clk (rise edge)
                                  0.000000  200.000000   clock source latency
    41    0.212060    1.310852    0.720434  200.720428 ^ clk (in)
                                                         clk (net)
                      1.310852    0.000000  200.720428 ^ _254_/CLK (gf180mcu_fd_sc_mcu7t5v0__dffrnq_1)
                                 -0.250000  200.470428   clock uncertainty
                                  0.000000  200.470428   clock reconvergence pessimism
                                 -2.519781  197.950653   library recovery time
                                            197.950653   data required time
---------------------------------------------------------------------------------------------
                                            197.950653   data required time
                                            -44.924706   data arrival time
---------------------------------------------------------------------------------------------
                                            153.025940   slack (MET)


Startpoint: rst_n (input port clocked by clk)
Endpoint: _255_ (recovery check against rising-edge clock clk)
Path Group: asynchronous
Path Type: max

Fanout         Cap        Slew       Delay        Time   Description
---------------------------------------------------------------------------------------------
                                  0.000000    0.000000   clock clk (rise edge)
                                  0.000000    0.000000   clock network delay (propagated)
                                 40.000000   40.000000 ^ input external delay
    41    0.365766    8.750774    4.924705   44.924706 ^ rst_n (in)
                                                         rst_n (net)
                      8.750774    0.000000   44.924706 ^ _255_/RN (gf180mcu_fd_sc_mcu7t5v0__dffrnq_1)
                                             44.924706   data arrival time

                                200.000000  200.000000   clock clk (rise edge)
                                  0.000000  200.000000   clock source latency
    41    0.212060    1.310852    0.720434  200.720428 ^ clk (in)
                                                         clk (net)
                      1.310852    0.000000  200.720428 ^ _255_/CLK (gf180mcu_fd_sc_mcu7t5v0__dffrnq_1)
                                 -0.250000  200.470428   clock uncertainty
                                  0.000000  200.470428   clock reconvergence pessimism
                                 -2.519781  197.950653   library recovery time
                                            197.950653   data required time
---------------------------------------------------------------------------------------------
                                            197.950653   data required time
                                            -44.924706   data arrival time
---------------------------------------------------------------------------------------------
                                            153.025940   slack (MET)


Startpoint: rst_n (input port clocked by clk)
Endpoint: _256_ (recovery check against rising-edge clock clk)
Path Group: asynchronous
Path Type: max

Fanout         Cap        Slew       Delay        Time   Description
---------------------------------------------------------------------------------------------
                                  0.000000    0.000000   clock clk (rise edge)
                                  0.000000    0.000000   clock network delay (propagated)
                                 40.000000   40.000000 ^ input external delay
    41    0.365766    8.750774    4.924705   44.924706 ^ rst_n (in)
                                                         rst_n (net)
                      8.750774    0.000000   44.924706 ^ _256_/RN (gf180mcu_fd_sc_mcu7t5v0__dffrnq_1)
                                             44.924706   data arrival time

                                200.000000  200.000000   clock clk (rise edge)
                                  0.000000  200.000000   clock source latency
    41    0.212060    1.310852    0.720434  200.720428 ^ clk (in)
                                                         clk (net)
                      1.310852    0.000000  200.720428 ^ _256_/CLK (gf180mcu_fd_sc_mcu7t5v0__dffrnq_1)
                                 -0.250000  200.470428   clock uncertainty
                                  0.000000  200.470428   clock reconvergence pessimism
                                 -2.519781  197.950653   library recovery time
                                            197.950653   data required time
---------------------------------------------------------------------------------------------
                                            197.950653   data required time
                                            -44.924706   data arrival time
---------------------------------------------------------------------------------------------
                                            153.025940   slack (MET)


Startpoint: soft_rst_n (input port clocked by clk)
Endpoint: _242_ (rising edge-triggered flip-flop clocked by clk)
Path Group: clk
Path Type: max

Fanout         Cap        Slew       Delay        Time   Description
---------------------------------------------------------------------------------------------
                                  0.000000    0.000000   clock clk (rise edge)
                                  0.000000    0.000000   clock network delay (propagated)
                                 40.000000   40.000000 ^ input external delay
    23    0.118739    2.889096    1.600565   41.600567 ^ soft_rst_n (in)
                                                         soft_rst_n (net)
                      2.889096    0.000000   41.600567 ^ _108_/I (gf180mcu_fd_sc_mcu7t5v0__clkinv_1)
     4    0.020119    0.947509    0.664105   42.264671 v _108_/ZN (gf180mcu_fd_sc_mcu7t5v0__clkinv_1)
                                                         _101_ (net)
                      0.947509    0.000412   42.265083 v _142_/A1 (gf180mcu_fd_sc_mcu7t5v0__nor2_1)
    11    0.070399    3.319059    2.159368   44.424450 ^ _142_/ZN (gf180mcu_fd_sc_mcu7t5v0__nor2_1)
                                                         _054_ (net)
                      3.319059    0.001261   44.425713 ^ _180_/A2 (gf180mcu_fd_sc_mcu7t5v0__nand2_1)
     3    0.016488    0.840432    0.399282   44.824993 v _180_/ZN (gf180mcu_fd_sc_mcu7t5v0__nand2_1)
                                                         _080_ (net)
                      0.840432    0.000348   44.825344 v _191_/A2 (gf180mcu_fd_sc_mcu7t5v0__oai31_1)
     1    0.004836    0.874119    0.742052   45.567394 ^ _191_/ZN (gf180mcu_fd_sc_mcu7t5v0__oai31_1)
                                                         _029_ (net)
                      0.874119    0.000131   45.567528 ^ _242_/D (gf180mcu_fd_sc_mcu7t5v0__dffrnq_1)
                                             45.567528   data arrival time

                                200.000000  200.000000   clock clk (rise edge)
                                  0.000000  200.000000   clock source latency
    41    0.212060    1.310852    0.720434  200.720428 ^ clk (in)
                                                         clk (net)
                      1.310852    0.000000  200.720428 ^ _242_/CLK (gf180mcu_fd_sc_mcu7t5v0__dffrnq_1)
                                 -0.250000  200.470428   clock uncertainty
                                  0.000000  200.470428   clock reconvergence pessimism
                                 -0.388426  200.082001   library setup time
                                            200.082001   data required time
---------------------------------------------------------------------------------------------
                                            200.082001   data required time
                                            -45.567528   data arrival time
---------------------------------------------------------------------------------------------
                                            154.514481   slack (MET)


Startpoint: soft_rst_n (input port clocked by clk)
Endpoint: _240_ (rising edge-triggered flip-flop clocked by clk)
Path Group: clk
Path Type: max

Fanout         Cap        Slew       Delay        Time   Description
---------------------------------------------------------------------------------------------
                                  0.000000    0.000000   clock clk (rise edge)
                                  0.000000    0.000000   clock network delay (propagated)
                                 40.000000   40.000000 ^ input external delay
    23    0.118739    2.889096    1.600565   41.600567 ^ soft_rst_n (in)
                                                         soft_rst_n (net)
                      2.889096    0.000000   41.600567 ^ _108_/I (gf180mcu_fd_sc_mcu7t5v0__clkinv_1)
     4    0.020119    0.947509    0.664105   42.264671 v _108_/ZN (gf180mcu_fd_sc_mcu7t5v0__clkinv_1)
                                                         _101_ (net)
                      0.947509    0.000412   42.265083 v _142_/A1 (gf180mcu_fd_sc_mcu7t5v0__nor2_1)
    11    0.070399    3.319059    2.159368   44.424450 ^ _142_/ZN (gf180mcu_fd_sc_mcu7t5v0__nor2_1)
                                                         _054_ (net)
                      3.319059    0.001261   44.425713 ^ _180_/A2 (gf180mcu_fd_sc_mcu7t5v0__nand2_1)
     3    0.016488    0.840432    0.399282   44.824993 v _180_/ZN (gf180mcu_fd_sc_mcu7t5v0__nand2_1)
                                                         _080_ (net)
                      0.840432    0.000359   44.825352 v _183_/B1 (gf180mcu_fd_sc_mcu7t5v0__oai22_1)
     1    0.004218    0.760653    0.682750   45.508102 ^ _183_/ZN (gf180mcu_fd_sc_mcu7t5v0__oai22_1)
                                                         _027_ (net)
                      0.760653    0.000121   45.508224 ^ _240_/D (gf180mcu_fd_sc_mcu7t5v0__dffrnq_1)
                                             45.508224   data arrival time

                                200.000000  200.000000   clock clk (rise edge)
                                  0.000000  200.000000   clock source latency
    41    0.212060    1.310852    0.720434  200.720428 ^ clk (in)
                                                         clk (net)
                      1.310852    0.000000  200.720428 ^ _240_/CLK (gf180mcu_fd_sc_mcu7t5v0__dffrnq_1)
                                 -0.250000  200.470428   clock uncertainty
                                  0.000000  200.470428   clock reconvergence pessimism
                                 -0.377240  200.093185   library setup time
                                            200.093185   data required time
---------------------------------------------------------------------------------------------
                                            200.093185   data required time
                                            -45.508224   data arrival time
---------------------------------------------------------------------------------------------
                                            154.584976   slack (MET)


Startpoint: soft_rst_n (input port clocked by clk)
Endpoint: _239_ (rising edge-triggered flip-flop clocked by clk)
Path Group: clk
Path Type: max

Fanout         Cap        Slew       Delay        Time   Description
---------------------------------------------------------------------------------------------
                                  0.000000    0.000000   clock clk (rise edge)
                                  0.000000    0.000000   clock network delay (propagated)
                                 40.000000   40.000000 ^ input external delay
    23    0.118739    2.889096    1.600565   41.600567 ^ soft_rst_n (in)
                                                         soft_rst_n (net)
                      2.889096    0.000000   41.600567 ^ _108_/I (gf180mcu_fd_sc_mcu7t5v0__clkinv_1)
     4    0.020119    0.947509    0.664105   42.264671 v _108_/ZN (gf180mcu_fd_sc_mcu7t5v0__clkinv_1)
                                                         _101_ (net)
                      0.947509    0.000412   42.265083 v _142_/A1 (gf180mcu_fd_sc_mcu7t5v0__nor2_1)
    11    0.070399    3.319059    2.159368   44.424450 ^ _142_/ZN (gf180mcu_fd_sc_mcu7t5v0__nor2_1)
                                                         _054_ (net)
                      3.319059    0.001261   44.425713 ^ _180_/A2 (gf180mcu_fd_sc_mcu7t5v0__nand2_1)
     3    0.016488    0.840432    0.399282   44.824993 v _180_/ZN (gf180mcu_fd_sc_mcu7t5v0__nand2_1)
                                                         _080_ (net)
                      0.840432    0.000359   44.825352 v _181_/A2 (gf180mcu_fd_sc_mcu7t5v0__oai21_1)
     1    0.004313    0.465843    0.444317   45.269669 ^ _181_/ZN (gf180mcu_fd_sc_mcu7t5v0__oai21_1)
                                                         _026_ (net)
                      0.465843    0.000121   45.269791 ^ _239_/D (gf180mcu_fd_sc_mcu7t5v0__dffrnq_1)
                                             45.269791   data arrival time

                                200.000000  200.000000   clock clk (rise edge)
                                  0.000000  200.000000   clock source latency
    41    0.212060    1.310852    0.720434  200.720428 ^ clk (in)
                                                         clk (net)
                      1.310852    0.000000  200.720428 ^ _239_/CLK (gf180mcu_fd_sc_mcu7t5v0__dffrnq_1)
                                 -0.250000  200.470428   clock uncertainty
                                  0.000000  200.470428   clock reconvergence pessimism
                                 -0.333992  200.136429   library setup time
                                            200.136429   data required time
---------------------------------------------------------------------------------------------
                                            200.136429   data required time
                                            -45.269791   data arrival time
---------------------------------------------------------------------------------------------
                                            154.866638   slack (MET)


Startpoint: soft_rst_n (input port clocked by clk)
Endpoint: _241_ (rising edge-triggered flip-flop clocked by clk)
Path Group: clk
Path Type: max

Fanout         Cap        Slew       Delay        Time   Description
---------------------------------------------------------------------------------------------
                                  0.000000    0.000000   clock clk (rise edge)
                                  0.000000    0.000000   clock network delay (propagated)
                                 40.000000   40.000000 ^ input external delay
    23    0.118739    2.889096    1.600565   41.600567 ^ soft_rst_n (in)
                                                         soft_rst_n (net)
                      2.889096    0.000000   41.600567 ^ _108_/I (gf180mcu_fd_sc_mcu7t5v0__clkinv_1)
     4    0.020119    0.947509    0.664105   42.264671 v _108_/ZN (gf180mcu_fd_sc_mcu7t5v0__clkinv_1)
                                                         _101_ (net)
                      0.947509    0.000412   42.265083 v _142_/A1 (gf180mcu_fd_sc_mcu7t5v0__nor2_1)
    11    0.070399    3.319059    2.159368   44.424450 ^ _142_/ZN (gf180mcu_fd_sc_mcu7t5v0__nor2_1)
                                                         _054_ (net)
                      3.319059    0.001265   44.425716 ^ _186_/A1 (gf180mcu_fd_sc_mcu7t5v0__nand2_1)
     1    0.005218    0.649276    0.203951   44.629665 v _186_/ZN (gf180mcu_fd_sc_mcu7t5v0__nand2_1)
                                                         _084_ (net)
                      0.649276    0.000167   44.629833 v _189_/A2 (gf180mcu_fd_sc_mcu7t5v0__aoi22_1)
     1    0.004641    0.582287    0.536662   45.166496 ^ _189_/ZN (gf180mcu_fd_sc_mcu7t5v0__aoi22_1)
                                                         _028_ (net)
                      0.582287    0.000128   45.166622 ^ _241_/D (gf180mcu_fd_sc_mcu7t5v0__dffrnq_1)
                                             45.166622   data arrival time

                                200.000000  200.000000   clock clk (rise edge)
                                  0.000000  200.000000   clock source latency
    41    0.212060    1.310852    0.720434  200.720428 ^ clk (in)
                                                         clk (net)
                      1.310852    0.000000  200.720428 ^ _241_/CLK (gf180mcu_fd_sc_mcu7t5v0__dffrnq_1)
                                 -0.250000  200.470428   clock uncertainty
                                  0.000000  200.470428   clock reconvergence pessimism
                                 -0.353039  200.117386   library setup time
                                            200.117386   data required time
---------------------------------------------------------------------------------------------
                                            200.117386   data required time
                                            -45.166622   data arrival time
---------------------------------------------------------------------------------------------
                                            154.950760   slack (MET)


Startpoint: soft_rst_n (input port clocked by clk)
Endpoint: _228_ (rising edge-triggered flip-flop clocked by clk)
Path Group: clk
Path Type: max

Fanout         Cap        Slew       Delay        Time   Description
---------------------------------------------------------------------------------------------
                                  0.000000    0.000000   clock clk (rise edge)
                                  0.000000    0.000000   clock network delay (propagated)
                                 40.000000   40.000000 ^ input external delay
    23    0.118739    2.889096    1.600565   41.600567 ^ soft_rst_n (in)
                                                         soft_rst_n (net)
                      2.889096    0.000000   41.600567 ^ _108_/I (gf180mcu_fd_sc_mcu7t5v0__clkinv_1)
     4    0.020119    0.947509    0.664105   42.264671 v _108_/ZN (gf180mcu_fd_sc_mcu7t5v0__clkinv_1)
                                                         _101_ (net)
                      0.947509    0.000412   42.265083 v _142_/A1 (gf180mcu_fd_sc_mcu7t5v0__nor2_1)
    11    0.070399    3.319059    2.159368   44.424450 ^ _142_/ZN (gf180mcu_fd_sc_mcu7t5v0__nor2_1)
                                                         _054_ (net)
                      3.319059    0.001261   44.425713 ^ _147_/A2 (gf180mcu_fd_sc_mcu7t5v0__nand2_1)
     1    0.006138    0.624240    0.148411   44.574123 v _147_/ZN (gf180mcu_fd_sc_mcu7t5v0__nand2_1)
                                                         _058_ (net)
                      0.624240    0.000181   44.574306 v _148_/B (gf180mcu_fd_sc_mcu7t5v0__oai21_1)
     1    0.004181    0.581999    0.428113   45.002419 ^ _148_/ZN (gf180mcu_fd_sc_mcu7t5v0__oai21_1)
                                                         _015_ (net)
                      0.581999    0.000121   45.002537 ^ _228_/D (gf180mcu_fd_sc_mcu7t5v0__dffrnq_1)
                                             45.002537   data arrival time

                                200.000000  200.000000   clock clk (rise edge)
                                  0.000000  200.000000   clock source latency
    41    0.212060    1.310852    0.720434  200.720428 ^ clk (in)
                                                         clk (net)
                      1.310852    0.000000  200.720428 ^ _228_/CLK (gf180mcu_fd_sc_mcu7t5v0__dffrnq_1)
                                 -0.250000  200.470428   clock uncertainty
                                  0.000000  200.470428   clock reconvergence pessimism
                                 -0.352992  200.117432   library setup time
                                            200.117432   data required time
---------------------------------------------------------------------------------------------
                                            200.117432   data required time
                                            -45.002537   data arrival time
---------------------------------------------------------------------------------------------
                                            155.114899   slack (MET)


Startpoint: soft_rst_n (input port clocked by clk)
Endpoint: _227_ (rising edge-triggered flip-flop clocked by clk)
Path Group: clk
Path Type: max

Fanout         Cap        Slew       Delay        Time   Description
---------------------------------------------------------------------------------------------
                                  0.000000    0.000000   clock clk (rise edge)
                                  0.000000    0.000000   clock network delay (propagated)
                                 40.000000   40.000000 ^ input external delay
    23    0.118739    2.889096    1.600565   41.600567 ^ soft_rst_n (in)
                                                         soft_rst_n (net)
                      2.889096    0.000000   41.600567 ^ _108_/I (gf180mcu_fd_sc_mcu7t5v0__clkinv_1)
     4    0.020119    0.947509    0.664105   42.264671 v _108_/ZN (gf180mcu_fd_sc_mcu7t5v0__clkinv_1)
                                                         _101_ (net)
                      0.947509    0.000412   42.265083 v _142_/A1 (gf180mcu_fd_sc_mcu7t5v0__nor2_1)
    11    0.070399    3.319059    2.159368   44.424450 ^ _142_/ZN (gf180mcu_fd_sc_mcu7t5v0__nor2_1)
                                                         _054_ (net)
                      3.319059    0.001261   44.425713 ^ _144_/A2 (gf180mcu_fd_sc_mcu7t5v0__nand2_1)
     1    0.006115    0.623740    0.147789   44.573502 v _144_/ZN (gf180mcu_fd_sc_mcu7t5v0__nand2_1)
                                                         _056_ (net)
                      0.623740    0.000181   44.573685 v _145_/B (gf180mcu_fd_sc_mcu7t5v0__oai21_1)
     1    0.003936    0.571856    0.423942   44.997623 ^ _145_/ZN (gf180mcu_fd_sc_mcu7t5v0__oai21_1)
                                                         _014_ (net)
                      0.571856    0.000117   44.997742 ^ _227_/D (gf180mcu_fd_sc_mcu7t5v0__dffrnq_1)
                                             44.997742   data arrival time

                                200.000000  200.000000   clock clk (rise edge)
                                  0.000000  200.000000   clock source latency
    41    0.212060    1.310852    0.720434  200.720428 ^ clk (in)
                                                         clk (net)
                      1.310852    0.000000  200.720428 ^ _227_/CLK (gf180mcu_fd_sc_mcu7t5v0__dffrnq_1)
                                 -0.250000  200.470428   clock uncertainty
                                  0.000000  200.470428   clock reconvergence pessimism
                                 -0.351333  200.119095   library setup time
                                            200.119095   data required time
---------------------------------------------------------------------------------------------
                                            200.119095   data required time
                                            -44.997742   data arrival time
---------------------------------------------------------------------------------------------
                                            155.121353   slack (MET)


Startpoint: soft_rst_n (input port clocked by clk)
Endpoint: _226_ (rising edge-triggered flip-flop clocked by clk)
Path Group: clk
Path Type: max

Fanout         Cap        Slew       Delay        Time   Description
---------------------------------------------------------------------------------------------
                                  0.000000    0.000000   clock clk (rise edge)
                                  0.000000    0.000000   clock network delay (propagated)
                                 40.000000   40.000000 ^ input external delay
    23    0.118739    2.889096    1.600565   41.600567 ^ soft_rst_n (in)
                                                         soft_rst_n (net)
                      2.889096    0.000000   41.600567 ^ _108_/I (gf180mcu_fd_sc_mcu7t5v0__clkinv_1)
     4    0.020119    0.947509    0.664105   42.264671 v _108_/ZN (gf180mcu_fd_sc_mcu7t5v0__clkinv_1)
                                                         _101_ (net)
                      0.947509    0.000412   42.265083 v _142_/A1 (gf180mcu_fd_sc_mcu7t5v0__nor2_1)
    11    0.070399    3.319059    2.159368   44.424450 ^ _142_/ZN (gf180mcu_fd_sc_mcu7t5v0__nor2_1)
                                                         _054_ (net)
                      3.319059    0.001261   44.425713 ^ _214_/A2 (gf180mcu_fd_sc_mcu7t5v0__nand2_1)
     1    0.005956    0.620144    0.143341   44.569054 v _214_/ZN (gf180mcu_fd_sc_mcu7t5v0__nand2_1)
                                                         _100_ (net)
                      0.620144    0.000178   44.569233 v _215_/B (gf180mcu_fd_sc_mcu7t5v0__oai21_1)
     1    0.003594    0.557648    0.417177   44.986408 ^ _215_/ZN (gf180mcu_fd_sc_mcu7t5v0__oai21_1)
                                                         _040_ (net)
                      0.557648    0.000110   44.986519 ^ _226_/D (gf180mcu_fd_sc_mcu7t5v0__dffrnq_1)
                                             44.986519   data arrival time

                                200.000000  200.000000   clock clk (rise edge)
                                  0.000000  200.000000   clock source latency
    41    0.212060    1.310852    0.720434  200.720428 ^ clk (in)
                                                         clk (net)
                      1.310852    0.000000  200.720428 ^ _226_/CLK (gf180mcu_fd_sc_mcu7t5v0__dffrnq_1)
                                 -0.250000  200.470428   clock uncertainty
                                  0.000000  200.470428   clock reconvergence pessimism
                                 -0.349009  200.121429   library setup time
                                            200.121429   data required time
---------------------------------------------------------------------------------------------
                                            200.121429   data required time
                                            -44.986519   data arrival time
---------------------------------------------------------------------------------------------
                                            155.134903   slack (MET)


Startpoint: soft_rst_n (input port clocked by clk)
Endpoint: _217_ (rising edge-triggered flip-flop clocked by clk)
Path Group: clk
Path Type: max

Fanout         Cap        Slew       Delay        Time   Description
---------------------------------------------------------------------------------------------
                                  0.000000    0.000000   clock clk (rise edge)
                                  0.000000    0.000000   clock network delay (propagated)
                                 40.000000   40.000000 ^ input external delay
    23    0.118739    2.889096    1.600565   41.600567 ^ soft_rst_n (in)
                                                         soft_rst_n (net)
                      2.889096    0.000000   41.600567 ^ _108_/I (gf180mcu_fd_sc_mcu7t5v0__clkinv_1)
     4    0.020119    0.947509    0.664105   42.264671 v _108_/ZN (gf180mcu_fd_sc_mcu7t5v0__clkinv_1)
                                                         _101_ (net)
                      0.947509    0.000412   42.265083 v _142_/A1 (gf180mcu_fd_sc_mcu7t5v0__nor2_1)
    11    0.070399    3.319059    2.159368   44.424450 ^ _142_/ZN (gf180mcu_fd_sc_mcu7t5v0__nor2_1)
                                                         _054_ (net)
                      3.319059    0.001261   44.425713 ^ _197_/A2 (gf180mcu_fd_sc_mcu7t5v0__nand2_1)
     1    0.004960    0.597561    0.115474   44.541187 v _197_/ZN (gf180mcu_fd_sc_mcu7t5v0__nand2_1)
                                                         _092_ (net)
                      0.597561    0.000163   44.541351 v _198_/B (gf180mcu_fd_sc_mcu7t5v0__oai21_1)
     1    0.004982    0.615209    0.432454   44.973804 ^ _198_/ZN (gf180mcu_fd_sc_mcu7t5v0__oai21_1)
                                                         _031_ (net)
                      0.615209    0.000135   44.973938 ^ _217_/D (gf180mcu_fd_sc_mcu7t5v0__dffrnq_1)
                                             44.973938   data arrival time

                                200.000000  200.000000   clock clk (rise edge)
                                  0.000000  200.000000   clock source latency
    41    0.212060    1.310852    0.720434  200.720428 ^ clk (in)
                                                         clk (net)
                      1.310852    0.000000  200.720428 ^ _217_/CLK (gf180mcu_fd_sc_mcu7t5v0__dffrnq_1)
                                 -0.250000  200.470428   clock uncertainty
                                  0.000000  200.470428   clock reconvergence pessimism
                                 -0.358424  200.112000   library setup time
                                            200.112000   data required time
---------------------------------------------------------------------------------------------
                                            200.112000   data required time
                                            -44.973938   data arrival time
---------------------------------------------------------------------------------------------
                                            155.138062   slack (MET)


Startpoint: soft_rst_n (input port clocked by clk)
Endpoint: _225_ (rising edge-triggered flip-flop clocked by clk)
Path Group: clk
Path Type: max

Fanout         Cap        Slew       Delay        Time   Description
---------------------------------------------------------------------------------------------
                                  0.000000    0.000000   clock clk (rise edge)
                                  0.000000    0.000000   clock network delay (propagated)
                                 40.000000   40.000000 ^ input external delay
    23    0.118739    2.889096    1.600565   41.600567 ^ soft_rst_n (in)
                                                         soft_rst_n (net)
                      2.889096    0.000000   41.600567 ^ _108_/I (gf180mcu_fd_sc_mcu7t5v0__clkinv_1)
     4    0.020119    0.947509    0.664105   42.264671 v _108_/ZN (gf180mcu_fd_sc_mcu7t5v0__clkinv_1)
                                                         _101_ (net)
                      0.947509    0.000412   42.265083 v _142_/A1 (gf180mcu_fd_sc_mcu7t5v0__nor2_1)
    11    0.070399    3.319059    2.159368   44.424450 ^ _142_/ZN (gf180mcu_fd_sc_mcu7t5v0__nor2_1)
                                                         _054_ (net)
                      3.319059    0.001261   44.425713 ^ _212_/A2 (gf180mcu_fd_sc_mcu7t5v0__nand2_1)
     1    0.005750    0.615479    0.137572   44.563286 v _212_/ZN (gf180mcu_fd_sc_mcu7t5v0__nand2_1)
                                                         _099_ (net)
                      0.615479    0.000174   44.563457 v _213_/B (gf180mcu_fd_sc_mcu7t5v0__oai21_1)
     1    0.003409    0.549929    0.412637   44.976097 ^ _213_/ZN (gf180mcu_fd_sc_mcu7t5v0__oai21_1)
                                                         _039_ (net)
                      0.549929    0.000107   44.976200 ^ _225_/D (gf180mcu_fd_sc_mcu7t5v0__dffrnq_1)
                                             44.976200   data arrival time

                                200.000000  200.000000   clock clk (rise edge)
                                  0.000000  200.000000   clock source latency
    41    0.212060    1.310852    0.720434  200.720428 ^ clk (in)
                                                         clk (net)
                      1.310852    0.000000  200.720428 ^ _225_/CLK (gf180mcu_fd_sc_mcu7t5v0__dffrnq_1)
                                 -0.250000  200.470428   clock uncertainty
                                  0.000000  200.470428   clock reconvergence pessimism
                                 -0.347746  200.122696   library setup time
                                            200.122696   data required time
---------------------------------------------------------------------------------------------
                                            200.122696   data required time
                                            -44.976200   data arrival time
---------------------------------------------------------------------------------------------
                                            155.146484   slack (MET)


Startpoint: soft_rst_n (input port clocked by clk)
Endpoint: _221_ (rising edge-triggered flip-flop clocked by clk)
Path Group: clk
Path Type: max

Fanout         Cap        Slew       Delay        Time   Description
---------------------------------------------------------------------------------------------
                                  0.000000    0.000000   clock clk (rise edge)
                                  0.000000    0.000000   clock network delay (propagated)
                                 40.000000   40.000000 ^ input external delay
    23    0.118739    2.889096    1.600565   41.600567 ^ soft_rst_n (in)
                                                         soft_rst_n (net)
                      2.889096    0.000000   41.600567 ^ _108_/I (gf180mcu_fd_sc_mcu7t5v0__clkinv_1)
     4    0.020119    0.947509    0.664105   42.264671 v _108_/ZN (gf180mcu_fd_sc_mcu7t5v0__clkinv_1)
                                                         _101_ (net)
                      0.947509    0.000412   42.265083 v _142_/A1 (gf180mcu_fd_sc_mcu7t5v0__nor2_1)
    11    0.070399    3.319059    2.159368   44.424450 ^ _142_/ZN (gf180mcu_fd_sc_mcu7t5v0__nor2_1)
                                                         _054_ (net)
                      3.319059    0.001261   44.425713 ^ _204_/A2 (gf180mcu_fd_sc_mcu7t5v0__nand2_1)
     1    0.005522    0.610308    0.131184   44.556896 v _204_/ZN (gf180mcu_fd_sc_mcu7t5v0__nand2_1)
                                                         _095_ (net)
                      0.610308    0.000171   44.557068 v _205_/B (gf180mcu_fd_sc_mcu7t5v0__oai21_1)
     1    0.003473    0.552609    0.412015   44.969082 ^ _205_/ZN (gf180mcu_fd_sc_mcu7t5v0__oai21_1)
                                                         _035_ (net)
                      0.552609    0.000107   44.969189 ^ _221_/D (gf180mcu_fd_sc_mcu7t5v0__dffrnq_1)
                                             44.969189   data arrival time

                                200.000000  200.000000   clock clk (rise edge)
                                  0.000000  200.000000   clock source latency
    41    0.212060    1.310852    0.720434  200.720428 ^ clk (in)
                                                         clk (net)
                      1.310852    0.000000  200.720428 ^ _221_/CLK (gf180mcu_fd_sc_mcu7t5v0__dffrnq_1)
                                 -0.250000  200.470428   clock uncertainty
                                  0.000000  200.470428   clock reconvergence pessimism
                                 -0.348184  200.122253   library setup time
                                            200.122253   data required time
---------------------------------------------------------------------------------------------
                                            200.122253   data required time
                                            -44.969189   data arrival time
---------------------------------------------------------------------------------------------
                                            155.153061   slack (MET)


Startpoint: soft_rst_n (input port clocked by clk)
Endpoint: _222_ (rising edge-triggered flip-flop clocked by clk)
Path Group: clk
Path Type: max

Fanout         Cap        Slew       Delay        Time   Description
---------------------------------------------------------------------------------------------
                                  0.000000    0.000000   clock clk (rise edge)
                                  0.000000    0.000000   clock network delay (propagated)
                                 40.000000   40.000000 ^ input external delay
    23    0.118739    2.889096    1.600565   41.600567 ^ soft_rst_n (in)
                                                         soft_rst_n (net)
                      2.889096    0.000000   41.600567 ^ _108_/I (gf180mcu_fd_sc_mcu7t5v0__clkinv_1)
     4    0.020119    0.947509    0.664105   42.264671 v _108_/ZN (gf180mcu_fd_sc_mcu7t5v0__clkinv_1)
                                                         _101_ (net)
                      0.947509    0.000412   42.265083 v _142_/A1 (gf180mcu_fd_sc_mcu7t5v0__nor2_1)
    11    0.070399    3.319059    2.159368   44.424450 ^ _142_/ZN (gf180mcu_fd_sc_mcu7t5v0__nor2_1)
                                                         _054_ (net)
                      3.319059    0.001261   44.425713 ^ _206_/A2 (gf180mcu_fd_sc_mcu7t5v0__nand2_1)
     1    0.005626    0.612682    0.134115   44.559826 v _206_/ZN (gf180mcu_fd_sc_mcu7t5v0__nand2_1)
                                                         _096_ (net)
                      0.612682    0.000174   44.560001 v _207_/B (gf180mcu_fd_sc_mcu7t5v0__oai21_1)
     1    0.003282    0.544611    0.409649   44.969650 ^ _207_/ZN (gf180mcu_fd_sc_mcu7t5v0__oai21_1)
                                                         _036_ (net)
                      0.544611    0.000107   44.969757 ^ _222_/D (gf180mcu_fd_sc_mcu7t5v0__dffrnq_1)
                                             44.969757   data arrival time

                                200.000000  200.000000   clock clk (rise edge)
                                  0.000000  200.000000   clock source latency
    41    0.212060    1.310852    0.720434  200.720428 ^ clk (in)
                                                         clk (net)
                      1.310852    0.000000  200.720428 ^ _222_/CLK (gf180mcu_fd_sc_mcu7t5v0__dffrnq_1)
                                 -0.250000  200.470428   clock uncertainty
                                  0.000000  200.470428   clock reconvergence pessimism
                                 -0.346876  200.123550   library setup time
                                            200.123550   data required time
---------------------------------------------------------------------------------------------
                                            200.123550   data required time
                                            -44.969757   data arrival time
---------------------------------------------------------------------------------------------
                                            155.153809   slack (MET)


Startpoint: soft_rst_n (input port clocked by clk)
Endpoint: _224_ (rising edge-triggered flip-flop clocked by clk)
Path Group: clk
Path Type: max

Fanout         Cap        Slew       Delay        Time   Description
---------------------------------------------------------------------------------------------
                                  0.000000    0.000000   clock clk (rise edge)
                                  0.000000    0.000000   clock network delay (propagated)
                                 40.000000   40.000000 ^ input external delay
    23    0.118739    2.889096    1.600565   41.600567 ^ soft_rst_n (in)
                                                         soft_rst_n (net)
                      2.889096    0.000000   41.600567 ^ _108_/I (gf180mcu_fd_sc_mcu7t5v0__clkinv_1)
     4    0.020119    0.947509    0.664105   42.264671 v _108_/ZN (gf180mcu_fd_sc_mcu7t5v0__clkinv_1)
                                                         _101_ (net)
                      0.947509    0.000412   42.265083 v _142_/A1 (gf180mcu_fd_sc_mcu7t5v0__nor2_1)
    11    0.070399    3.319059    2.159368   44.424450 ^ _142_/ZN (gf180mcu_fd_sc_mcu7t5v0__nor2_1)
                                                         _054_ (net)
                      3.319059    0.001261   44.425713 ^ _210_/A2 (gf180mcu_fd_sc_mcu7t5v0__nand2_1)
     1    0.005564    0.611277    0.132378   44.558090 v _210_/ZN (gf180mcu_fd_sc_mcu7t5v0__nand2_1)
                                                         _098_ (net)
                      0.611277    0.000171   44.558262 v _211_/B (gf180mcu_fd_sc_mcu7t5v0__oai21_1)
     1    0.003307    0.545671    0.409614   44.967873 ^ _211_/ZN (gf180mcu_fd_sc_mcu7t5v0__oai21_1)
                                                         _038_ (net)
                      0.545671    0.000107   44.967979 ^ _224_/D (gf180mcu_fd_sc_mcu7t5v0__dffrnq_1)
                                             44.967979   data arrival time

                                200.000000  200.000000   clock clk (rise edge)
                                  0.000000  200.000000   clock source latency
    41    0.212060    1.310852    0.720434  200.720428 ^ clk (in)
                                                         clk (net)
                      1.310852    0.000000  200.720428 ^ _224_/CLK (gf180mcu_fd_sc_mcu7t5v0__dffrnq_1)
                                 -0.250000  200.470428   clock uncertainty
                                  0.000000  200.470428   clock reconvergence pessimism
                                 -0.347049  200.123383   library setup time
                                            200.123383   data required time
---------------------------------------------------------------------------------------------
                                            200.123383   data required time
                                            -44.967979   data arrival time
---------------------------------------------------------------------------------------------
                                            155.155411   slack (MET)


Startpoint: soft_rst_n (input port clocked by clk)
Endpoint: _223_ (rising edge-triggered flip-flop clocked by clk)
Path Group: clk
Path Type: max

Fanout         Cap        Slew       Delay        Time   Description
---------------------------------------------------------------------------------------------
                                  0.000000    0.000000   clock clk (rise edge)
                                  0.000000    0.000000   clock network delay (propagated)
                                 40.000000   40.000000 ^ input external delay
    23    0.118739    2.889096    1.600565   41.600567 ^ soft_rst_n (in)
                                                         soft_rst_n (net)
                      2.889096    0.000000   41.600567 ^ _108_/I (gf180mcu_fd_sc_mcu7t5v0__clkinv_1)
     4    0.020119    0.947509    0.664105   42.264671 v _108_/ZN (gf180mcu_fd_sc_mcu7t5v0__clkinv_1)
                                                         _101_ (net)
                      0.947509    0.000412   42.265083 v _142_/A1 (gf180mcu_fd_sc_mcu7t5v0__nor2_1)
    11    0.070399    3.319059    2.159368   44.424450 ^ _142_/ZN (gf180mcu_fd_sc_mcu7t5v0__nor2_1)
                                                         _054_ (net)
                      3.319059    0.001261   44.425713 ^ _208_/A2 (gf180mcu_fd_sc_mcu7t5v0__nand2_1)
     1    0.005362    0.606691    0.126718   44.552429 v _208_/ZN (gf180mcu_fd_sc_mcu7t5v0__nand2_1)
                                                         _097_ (net)
                      0.606691    0.000171   44.552601 v _209_/B (gf180mcu_fd_sc_mcu7t5v0__oai21_1)
     1    0.003113    0.537560    0.404967   44.957569 ^ _209_/ZN (gf180mcu_fd_sc_mcu7t5v0__oai21_1)
                                                         _037_ (net)
                      0.537560    0.000103   44.957672 ^ _223_/D (gf180mcu_fd_sc_mcu7t5v0__dffrnq_1)
                                             44.957672   data arrival time

                                200.000000  200.000000   clock clk (rise edge)
                                  0.000000  200.000000   clock source latency
    41    0.212060    1.310852    0.720434  200.720428 ^ clk (in)
                                                         clk (net)
                      1.310852    0.000000  200.720428 ^ _223_/CLK (gf180mcu_fd_sc_mcu7t5v0__dffrnq_1)
                                 -0.250000  200.470428   clock uncertainty
                                  0.000000  200.470428   clock reconvergence pessimism
                                 -0.345723  200.124710   library setup time
                                            200.124710   data required time
---------------------------------------------------------------------------------------------
                                            200.124710   data required time
                                            -44.957672   data arrival time
---------------------------------------------------------------------------------------------
                                            155.167038   slack (MET)


Startpoint: soft_rst_n (input port clocked by clk)
Endpoint: _216_ (rising edge-triggered flip-flop clocked by clk)
Path Group: clk
Path Type: max

Fanout         Cap        Slew       Delay        Time   Description
---------------------------------------------------------------------------------------------
                                  0.000000    0.000000   clock clk (rise edge)
                                  0.000000    0.000000   clock network delay (propagated)
                                 40.000000   40.000000 ^ input external delay
    23    0.118739    2.889096    1.600576   41.600578 ^ soft_rst_n (in)
                                                         soft_rst_n (net)
                      2.889096    0.000000   41.600578 ^ _134_/A1 (gf180mcu_fd_sc_mcu7t5v0__nand2_1)
    10    0.063057    1.713444    1.332495   42.933071 v _134_/ZN (gf180mcu_fd_sc_mcu7t5v0__nand2_1)
                                                         _046_ (net)
                      1.713444    0.001140   42.934212 v _196_/B2 (gf180mcu_fd_sc_mcu7t5v0__oai32_1)
     1    0.004304    1.134625    0.613770   43.547981 ^ _196_/ZN (gf180mcu_fd_sc_mcu7t5v0__oai32_1)
                                                         _030_ (net)
                      1.134625    0.000121   43.548103 ^ _216_/D (gf180mcu_fd_sc_mcu7t5v0__dffrnq_1)
                                             43.548103   data arrival time

                                200.000000  200.000000   clock clk (rise edge)
                                  0.000000  200.000000   clock source latency
    41    0.212060    1.310852    0.720434  200.720428 ^ clk (in)
                                                         clk (net)
                      1.310852    0.000000  200.720428 ^ _216_/CLK (gf180mcu_fd_sc_mcu7t5v0__dffrnq_1)
                                 -0.250000  200.470428   clock uncertainty
                                  0.000000  200.470428   clock reconvergence pessimism
                                 -0.414110  200.056320   library setup time
                                            200.056320   data required time
---------------------------------------------------------------------------------------------
                                            200.056320   data required time
                                            -43.548103   data arrival time
---------------------------------------------------------------------------------------------
                                            156.508224   slack (MET)


Startpoint: _217_ (rising edge-triggered flip-flop clocked by clk)
Endpoint: move_en (output port clocked by clk)
Path Group: clk
Path Type: max

Fanout         Cap        Slew       Delay        Time   Description
---------------------------------------------------------------------------------------------
                                  0.000000    0.000000   clock clk (rise edge)
                                  0.000000    0.000000   clock source latency
    41    0.212060    1.310852    0.720434    0.720434 ^ clk (in)
                                                         clk (net)
                      1.310852    0.000000    0.720434 ^ _217_/CLK (gf180mcu_fd_sc_mcu7t5v0__dffrnq_1)
     2    0.077610    1.927444    2.465777    3.186211 ^ _217_/Q (gf180mcu_fd_sc_mcu7t5v0__dffrnq_1)
                                                         move_en (net)
                      1.927444    0.000000    3.186211 ^ move_en (out)
                                              3.186211   data arrival time

                                200.000000  200.000000   clock clk (rise edge)
                                  0.000000  200.000000   clock network delay (propagated)
                                 -0.250000  199.750000   clock uncertainty
                                  0.000000  199.750000   clock reconvergence pessimism
                                -40.000000  159.749985   output external delay
                                            159.749985   data required time
---------------------------------------------------------------------------------------------
                                            159.749985   data required time
                                             -3.186211   data arrival time
---------------------------------------------------------------------------------------------
                                            156.563782   slack (MET)


Startpoint: _221_ (rising edge-triggered flip-flop clocked by clk)
Endpoint: votes_in_phase[0] (output port clocked by clk)
Path Group: clk
Path Type: max

Fanout         Cap        Slew       Delay        Time   Description
---------------------------------------------------------------------------------------------
                                  0.000000    0.000000   clock clk (rise edge)
                                  0.000000    0.000000   clock source latency
    41    0.212060    1.310852    0.720434    0.720434 ^ clk (in)
                                                         clk (net)
                      1.310852    0.000000    0.720434 ^ _221_/CLK (gf180mcu_fd_sc_mcu7t5v0__dffrnq_1)
     2    0.077610    1.927444    2.465777    3.186211 ^ _221_/Q (gf180mcu_fd_sc_mcu7t5v0__dffrnq_1)
                                                         votes_in_phase[0] (net)
                      1.927444    0.000000    3.186211 ^ votes_in_phase[0] (out)
                                              3.186211   data arrival time

                                200.000000  200.000000   clock clk (rise edge)
                                  0.000000  200.000000   clock network delay (propagated)
                                 -0.250000  199.750000   clock uncertainty
                                  0.000000  199.750000   clock reconvergence pessimism
                                -40.000000  159.749985   output external delay
                                            159.749985   data required time
---------------------------------------------------------------------------------------------
                                            159.749985   data required time
                                             -3.186211   data arrival time
---------------------------------------------------------------------------------------------
                                            156.563782   slack (MET)


Startpoint: _222_ (rising edge-triggered flip-flop clocked by clk)
Endpoint: votes_in_phase[1] (output port clocked by clk)
Path Group: clk
Path Type: max

Fanout         Cap        Slew       Delay        Time   Description
---------------------------------------------------------------------------------------------
                                  0.000000    0.000000   clock clk (rise edge)
                                  0.000000    0.000000   clock source latency
    41    0.212060    1.310852    0.720434    0.720434 ^ clk (in)
                                                         clk (net)
                      1.310852    0.000000    0.720434 ^ _222_/CLK (gf180mcu_fd_sc_mcu7t5v0__dffrnq_1)
     2    0.077610    1.927444    2.465777    3.186211 ^ _222_/Q (gf180mcu_fd_sc_mcu7t5v0__dffrnq_1)
                                                         votes_in_phase[1] (net)
                      1.927444    0.000000    3.186211 ^ votes_in_phase[1] (out)
                                              3.186211   data arrival time

                                200.000000  200.000000   clock clk (rise edge)
                                  0.000000  200.000000   clock network delay (propagated)
                                 -0.250000  199.750000   clock uncertainty
                                  0.000000  199.750000   clock reconvergence pessimism
                                -40.000000  159.749985   output external delay
                                            159.749985   data required time
---------------------------------------------------------------------------------------------
                                            159.749985   data required time
                                             -3.186211   data arrival time
---------------------------------------------------------------------------------------------
                                            156.563782   slack (MET)


Startpoint: _223_ (rising edge-triggered flip-flop clocked by clk)
Endpoint: votes_in_phase[2] (output port clocked by clk)
Path Group: clk
Path Type: max

Fanout         Cap        Slew       Delay        Time   Description
---------------------------------------------------------------------------------------------
                                  0.000000    0.000000   clock clk (rise edge)
                                  0.000000    0.000000   clock source latency
    41    0.212060    1.310852    0.720434    0.720434 ^ clk (in)
                                                         clk (net)
                      1.310852    0.000000    0.720434 ^ _223_/CLK (gf180mcu_fd_sc_mcu7t5v0__dffrnq_1)
     2    0.077610    1.927444    2.465777    3.186211 ^ _223_/Q (gf180mcu_fd_sc_mcu7t5v0__dffrnq_1)
                                                         votes_in_phase[2] (net)
                      1.927444    0.000000    3.186211 ^ votes_in_phase[2] (out)
                                              3.186211   data arrival time

                                200.000000  200.000000   clock clk (rise edge)
                                  0.000000  200.000000   clock network delay (propagated)
                                 -0.250000  199.750000   clock uncertainty
                                  0.000000  199.750000   clock reconvergence pessimism
                                -40.000000  159.749985   output external delay
                                            159.749985   data required time
---------------------------------------------------------------------------------------------
                                            159.749985   data required time
                                             -3.186211   data arrival time
---------------------------------------------------------------------------------------------
                                            156.563782   slack (MET)


Startpoint: _224_ (rising edge-triggered flip-flop clocked by clk)
Endpoint: votes_in_phase[3] (output port clocked by clk)
Path Group: clk
Path Type: max

Fanout         Cap        Slew       Delay        Time   Description
---------------------------------------------------------------------------------------------
                                  0.000000    0.000000   clock clk (rise edge)
                                  0.000000    0.000000   clock source latency
    41    0.212060    1.310852    0.720434    0.720434 ^ clk (in)
                                                         clk (net)
                      1.310852    0.000000    0.720434 ^ _224_/CLK (gf180mcu_fd_sc_mcu7t5v0__dffrnq_1)
     2    0.077610    1.927444    2.465777    3.186211 ^ _224_/Q (gf180mcu_fd_sc_mcu7t5v0__dffrnq_1)
                                                         votes_in_phase[3] (net)
                      1.927444    0.000000    3.186211 ^ votes_in_phase[3] (out)
                                              3.186211   data arrival time

                                200.000000  200.000000   clock clk (rise edge)
                                  0.000000  200.000000   clock network delay (propagated)
                                 -0.250000  199.750000   clock uncertainty
                                  0.000000  199.750000   clock reconvergence pessimism
                                -40.000000  159.749985   output external delay
                                            159.749985   data required time
---------------------------------------------------------------------------------------------
                                            159.749985   data required time
                                             -3.186211   data arrival time
---------------------------------------------------------------------------------------------
                                            156.563782   slack (MET)


Startpoint: _225_ (rising edge-triggered flip-flop clocked by clk)
Endpoint: votes_out_phase[0] (output port clocked by clk)
Path Group: clk
Path Type: max

Fanout         Cap        Slew       Delay        Time   Description
---------------------------------------------------------------------------------------------
                                  0.000000    0.000000   clock clk (rise edge)
                                  0.000000    0.000000   clock source latency
    41    0.212060    1.310852    0.720434    0.720434 ^ clk (in)
                                                         clk (net)
                      1.310852    0.000000    0.720434 ^ _225_/CLK (gf180mcu_fd_sc_mcu7t5v0__dffrnq_1)
     2    0.077610    1.927444    2.465777    3.186210 ^ _225_/Q (gf180mcu_fd_sc_mcu7t5v0__dffrnq_1)
                                                         votes_out_phase[0] (net)
                      1.927444    0.000000    3.186210 ^ votes_out_phase[0] (out)
                                              3.186210   data arrival time

                                200.000000  200.000000   clock clk (rise edge)
                                  0.000000  200.000000   clock network delay (propagated)
                                 -0.250000  199.750000   clock uncertainty
                                  0.000000  199.750000   clock reconvergence pessimism
                                -40.000000  159.749985   output external delay
                                            159.749985   data required time
---------------------------------------------------------------------------------------------
                                            159.749985   data required time
                                             -3.186210   data arrival time
---------------------------------------------------------------------------------------------
                                            156.563782   slack (MET)


Startpoint: _226_ (rising edge-triggered flip-flop clocked by clk)
Endpoint: votes_out_phase[1] (output port clocked by clk)
Path Group: clk
Path Type: max

Fanout         Cap        Slew       Delay        Time   Description
---------------------------------------------------------------------------------------------
                                  0.000000    0.000000   clock clk (rise edge)
                                  0.000000    0.000000   clock source latency
    41    0.212060    1.310852    0.720434    0.720434 ^ clk (in)
                                                         clk (net)
                      1.310852    0.000000    0.720434 ^ _226_/CLK (gf180mcu_fd_sc_mcu7t5v0__dffrnq_1)
     2    0.077610    1.927444    2.465777    3.186210 ^ _226_/Q (gf180mcu_fd_sc_mcu7t5v0__dffrnq_1)
                                                         votes_out_phase[1] (net)
                      1.927444    0.000000    3.186210 ^ votes_out_phase[1] (out)
                                              3.186210   data arrival time

                                200.000000  200.000000   clock clk (rise edge)
                                  0.000000  200.000000   clock network delay (propagated)
                                 -0.250000  199.750000   clock uncertainty
                                  0.000000  199.750000   clock reconvergence pessimism
                                -40.000000  159.749985   output external delay
                                            159.749985   data required time
---------------------------------------------------------------------------------------------
                                            159.749985   data required time
                                             -3.186210   data arrival time
---------------------------------------------------------------------------------------------
                                            156.563782   slack (MET)


Startpoint: _227_ (rising edge-triggered flip-flop clocked by clk)
Endpoint: votes_out_phase[2] (output port clocked by clk)
Path Group: clk
Path Type: max

Fanout         Cap        Slew       Delay        Time   Description
---------------------------------------------------------------------------------------------
                                  0.000000    0.000000   clock clk (rise edge)
                                  0.000000    0.000000   clock source latency
    41    0.212060    1.310852    0.720434    0.720434 ^ clk (in)
                                                         clk (net)
                      1.310852    0.000000    0.720434 ^ _227_/CLK (gf180mcu_fd_sc_mcu7t5v0__dffrnq_1)
     2    0.077610    1.927444    2.465777    3.186210 ^ _227_/Q (gf180mcu_fd_sc_mcu7t5v0__dffrnq_1)
                                                         votes_out_phase[2] (net)
                      1.927444    0.000000    3.186210 ^ votes_out_phase[2] (out)
                                              3.186210   data arrival time

                                200.000000  200.000000   clock clk (rise edge)
                                  0.000000  200.000000   clock network delay (propagated)
                                 -0.250000  199.750000   clock uncertainty
                                  0.000000  199.750000   clock reconvergence pessimism
                                -40.000000  159.749985   output external delay
                                            159.749985   data required time
---------------------------------------------------------------------------------------------
                                            159.749985   data required time
                                             -3.186210   data arrival time
---------------------------------------------------------------------------------------------
                                            156.563782   slack (MET)


Startpoint: _228_ (rising edge-triggered flip-flop clocked by clk)
Endpoint: votes_out_phase[3] (output port clocked by clk)
Path Group: clk
Path Type: max

Fanout         Cap        Slew       Delay        Time   Description
---------------------------------------------------------------------------------------------
                                  0.000000    0.000000   clock clk (rise edge)
                                  0.000000    0.000000   clock source latency
    41    0.212060    1.310852    0.720433    0.720433 ^ clk (in)
                                                         clk (net)
                      1.310852    0.000000    0.720433 ^ _228_/CLK (gf180mcu_fd_sc_mcu7t5v0__dffrnq_1)
     2    0.077610    1.927444    2.465777    3.186210 ^ _228_/Q (gf180mcu_fd_sc_mcu7t5v0__dffrnq_1)
                                                         votes_out_phase[3] (net)
                      1.927444    0.000000    3.186210 ^ votes_out_phase[3] (out)
                                              3.186210   data arrival time

                                200.000000  200.000000   clock clk (rise edge)
                                  0.000000  200.000000   clock network delay (propagated)
                                 -0.250000  199.750000   clock uncertainty
                                  0.000000  199.750000   clock reconvergence pessimism
                                -40.000000  159.749985   output external delay
                                            159.749985   data required time
---------------------------------------------------------------------------------------------
                                            159.749985   data required time
                                             -3.186210   data arrival time
---------------------------------------------------------------------------------------------
                                            156.563782   slack (MET)


Startpoint: _218_ (rising edge-triggered flip-flop clocked by clk)
Endpoint: jitter_flag (output port clocked by clk)
Path Group: clk
Path Type: max

Fanout         Cap        Slew       Delay        Time   Description
---------------------------------------------------------------------------------------------
                                  0.000000    0.000000   clock clk (rise edge)
                                  0.000000    0.000000   clock source latency
    41    0.212060    1.310852    0.720434    0.720434 ^ clk (in)
                                                         clk (net)
                      1.310852    0.000000    0.720434 ^ _218_/CLK (gf180mcu_fd_sc_mcu7t5v0__dffrnq_1)
     2    0.077304    1.920165    2.461654    3.182088 ^ _218_/Q (gf180mcu_fd_sc_mcu7t5v0__dffrnq_1)
                                                         jitter_flag (net)
                      1.920165    0.000000    3.182088 ^ jitter_flag (out)
                                              3.182088   data arrival time

                                200.000000  200.000000   clock clk (rise edge)
                                  0.000000  200.000000   clock network delay (propagated)
                                 -0.250000  199.750000   clock uncertainty
                                  0.000000  199.750000   clock reconvergence pessimism
                                -40.000000  159.749985   output external delay
                                            159.749985   data required time
---------------------------------------------------------------------------------------------
                                            159.749985   data required time
                                             -3.182088   data arrival time
---------------------------------------------------------------------------------------------
                                            156.567902   slack (MET)


Startpoint: _216_ (rising edge-triggered flip-flop clocked by clk)
Endpoint: dir (output port clocked by clk)
Path Group: clk
Path Type: max

Fanout         Cap        Slew       Delay        Time   Description
---------------------------------------------------------------------------------------------
                                  0.000000    0.000000   clock clk (rise edge)
                                  0.000000    0.000000   clock source latency
    41    0.212060    1.310852    0.720434    0.720434 ^ clk (in)
                                                         clk (net)
                      1.310852    0.000000    0.720434 ^ _216_/CLK (gf180mcu_fd_sc_mcu7t5v0__dffrnq_1)
     2    0.077033    1.913718    2.458004    3.178438 ^ _216_/Q (gf180mcu_fd_sc_mcu7t5v0__dffrnq_1)
                                                         dir (net)
                      1.913718    0.000000    3.178438 ^ dir (out)
                                              3.178438   data arrival time

                                200.000000  200.000000   clock clk (rise edge)
                                  0.000000  200.000000   clock network delay (propagated)
                                 -0.250000  199.750000   clock uncertainty
                                  0.000000  199.750000   clock reconvergence pessimism
                                -40.000000  159.749985   output external delay
                                            159.749985   data required time
---------------------------------------------------------------------------------------------
                                            159.749985   data required time
                                             -3.178438   data arrival time
---------------------------------------------------------------------------------------------
                                            156.571548   slack (MET)


Startpoint: _220_ (rising edge-triggered flip-flop clocked by clk)
Endpoint: phase_state[1] (output port clocked by clk)
Path Group: clk
Path Type: max

Fanout         Cap        Slew       Delay        Time   Description
---------------------------------------------------------------------------------------------
                                  0.000000    0.000000   clock clk (rise edge)
                                  0.000000    0.000000   clock source latency
    41    0.212060    1.310852    0.720434    0.720434 ^ clk (in)
                                                         clk (net)
                      1.310852    0.000000    0.720434 ^ _220_/CLK (gf180mcu_fd_sc_mcu7t5v0__dffrnq_1)
     2    0.077033    1.913718    2.458004    3.178438 ^ _220_/Q (gf180mcu_fd_sc_mcu7t5v0__dffrnq_1)
                                                         phase_state[1] (net)
                      1.913718    0.000000    3.178438 ^ phase_state[1] (out)
                                              3.178438   data arrival time

                                200.000000  200.000000   clock clk (rise edge)
                                  0.000000  200.000000   clock network delay (propagated)
                                 -0.250000  199.750000   clock uncertainty
                                  0.000000  199.750000   clock reconvergence pessimism
                                -40.000000  159.749985   output external delay
                                            159.749985   data required time
---------------------------------------------------------------------------------------------
                                            159.749985   data required time
                                             -3.178438   data arrival time
---------------------------------------------------------------------------------------------
                                            156.571548   slack (MET)


Startpoint: _219_ (rising edge-triggered flip-flop clocked by clk)
Endpoint: phase_state[0] (output port clocked by clk)
Path Group: clk
Path Type: max

Fanout         Cap        Slew       Delay        Time   Description
---------------------------------------------------------------------------------------------
                                  0.000000    0.000000   clock clk (rise edge)
                                  0.000000    0.000000   clock source latency
    41    0.212060    1.310852    0.720434    0.720434 ^ clk (in)
                                                         clk (net)
                      1.310852    0.000000    0.720434 ^ _219_/CLK (gf180mcu_fd_sc_mcu7t5v0__dffrnq_1)
     2    0.076998    1.912885    2.457532    3.177966 ^ _219_/Q (gf180mcu_fd_sc_mcu7t5v0__dffrnq_1)
                                                         phase_state[0] (net)
                      1.912885    0.000000    3.177966 ^ phase_state[0] (out)
                                              3.177966   data arrival time

                                200.000000  200.000000   clock clk (rise edge)
                                  0.000000  200.000000   clock network delay (propagated)
                                 -0.250000  199.750000   clock uncertainty
                                  0.000000  199.750000   clock reconvergence pessimism
                                -40.000000  159.749985   output external delay
                                            159.749985   data required time
---------------------------------------------------------------------------------------------
                                            159.749985   data required time
                                             -3.177966   data arrival time
---------------------------------------------------------------------------------------------
                                            156.572037   slack (MET)


Startpoint: _244_ (rising edge-triggered flip-flop clocked by clk)
Endpoint: latch_phase270_ack (output port clocked by clk)
Path Group: clk
Path Type: max

Fanout         Cap        Slew       Delay        Time   Description
---------------------------------------------------------------------------------------------
                                  0.000000    0.000000   clock clk (rise edge)
                                  0.000000    0.000000   clock source latency
    41    0.212060    1.310852    0.720433    0.720433 ^ clk (in)
                                                         clk (net)
                      1.310852    0.000000    0.720433 ^ _244_/CLK (gf180mcu_fd_sc_mcu7t5v0__dffrnq_1)
     1    0.072910    1.815635    2.402459    3.122892 ^ _244_/Q (gf180mcu_fd_sc_mcu7t5v0__dffrnq_1)
                                                         latch_phase270_ack (net)
                      1.815635    0.000000    3.122892 ^ latch_phase270_ack (out)
                                              3.122892   data arrival time

                                200.000000  200.000000   clock clk (rise edge)
                                  0.000000  200.000000   clock network delay (propagated)
                                 -0.250000  199.750000   clock uncertainty
                                  0.000000  199.750000   clock reconvergence pessimism
                                -40.000000  159.749985   output external delay
                                            159.749985   data required time
---------------------------------------------------------------------------------------------
                                            159.749985   data required time
                                             -3.122892   data arrival time
---------------------------------------------------------------------------------------------
                                            156.627106   slack (MET)


Startpoint: _243_ (rising edge-triggered flip-flop clocked by clk)
Endpoint: latch_phase90_ack (output port clocked by clk)
Path Group: clk
Path Type: max

Fanout         Cap        Slew       Delay        Time   Description
---------------------------------------------------------------------------------------------
                                  0.000000    0.000000   clock clk (rise edge)
                                  0.000000    0.000000   clock source latency
    41    0.212060    1.310852    0.720433    0.720433 ^ clk (in)
                                                         clk (net)
                      1.310852    0.000000    0.720433 ^ _243_/CLK (gf180mcu_fd_sc_mcu7t5v0__dffrnq_1)
     1    0.072910    1.815635    2.402459    3.122891 ^ _243_/Q (gf180mcu_fd_sc_mcu7t5v0__dffrnq_1)
                                                         latch_phase90_ack (net)
                      1.815635    0.000000    3.122891 ^ latch_phase90_ack (out)
                                              3.122891   data arrival time

                                200.000000  200.000000   clock clk (rise edge)
                                  0.000000  200.000000   clock network delay (propagated)
                                 -0.250000  199.750000   clock uncertainty
                                  0.000000  199.750000   clock reconvergence pessimism
                                -40.000000  159.749985   output external delay
                                            159.749985   data required time
---------------------------------------------------------------------------------------------
                                            159.749985   data required time
                                             -3.122891   data arrival time
---------------------------------------------------------------------------------------------
                                            156.627106   slack (MET)


Startpoint: soft_rst_n (input port clocked by clk)
Endpoint: _236_ (rising edge-triggered flip-flop clocked by clk)
Path Group: clk
Path Type: max

Fanout         Cap        Slew       Delay        Time   Description
---------------------------------------------------------------------------------------------
                                  0.000000    0.000000   clock clk (rise edge)
                                  0.000000    0.000000   clock network delay (propagated)
                                 40.000000   40.000000 ^ input external delay
    23    0.118739    2.889096    1.600576   41.600578 ^ soft_rst_n (in)
                                                         soft_rst_n (net)
                      2.889096    0.000000   41.600578 ^ _143_/A1 (gf180mcu_fd_sc_mcu7t5v0__nand2_1)
     9    0.059427    1.655159    1.278920   42.879498 v _143_/ZN (gf180mcu_fd_sc_mcu7t5v0__nand2_1)
                                                         _055_ (net)
                      1.655159    0.001076   42.880573 v _176_/A1 (gf180mcu_fd_sc_mcu7t5v0__nor2_1)
     1    0.004022    0.534373    0.617007   43.497581 ^ _176_/ZN (gf180mcu_fd_sc_mcu7t5v0__nor2_1)
                                                         _023_ (net)
                      0.534373    0.000117   43.497696 ^ _236_/D (gf180mcu_fd_sc_mcu7t5v0__dffrnq_1)
                                             43.497696   data arrival time

                                200.000000  200.000000   clock clk (rise edge)
                                  0.000000  200.000000   clock source latency
    41    0.212060    1.310852    0.720434  200.720428 ^ clk (in)
                                                         clk (net)
                      1.310852    0.000000  200.720428 ^ _236_/CLK (gf180mcu_fd_sc_mcu7t5v0__dffrnq_1)
                                 -0.250000  200.470428   clock uncertainty
                                  0.000000  200.470428   clock reconvergence pessimism
                                 -0.345202  200.125229   library setup time
                                            200.125229   data required time
---------------------------------------------------------------------------------------------
                                            200.125229   data required time
                                            -43.497696   data arrival time
---------------------------------------------------------------------------------------------
                                            156.627533   slack (MET)


Startpoint: soft_rst_n (input port clocked by clk)
Endpoint: _238_ (rising edge-triggered flip-flop clocked by clk)
Path Group: clk
Path Type: max

Fanout         Cap        Slew       Delay        Time   Description
---------------------------------------------------------------------------------------------
                                  0.000000    0.000000   clock clk (rise edge)
                                  0.000000    0.000000   clock network delay (propagated)
                                 40.000000   40.000000 ^ input external delay
    23    0.118739    2.889096    1.600576   41.600578 ^ soft_rst_n (in)
                                                         soft_rst_n (net)
                      2.889096    0.000000   41.600578 ^ _143_/A1 (gf180mcu_fd_sc_mcu7t5v0__nand2_1)
     9    0.059427    1.655159    1.278920   42.879498 v _143_/ZN (gf180mcu_fd_sc_mcu7t5v0__nand2_1)
                                                         _055_ (net)
                      1.655159    0.001076   42.880573 v _178_/A1 (gf180mcu_fd_sc_mcu7t5v0__nor2_1)
     1    0.003975    0.532363    0.615284   43.495857 ^ _178_/ZN (gf180mcu_fd_sc_mcu7t5v0__nor2_1)
                                                         _025_ (net)
                      0.532363    0.000117   43.495975 ^ _238_/D (gf180mcu_fd_sc_mcu7t5v0__dffrnq_1)
                                             43.495975   data arrival time

                                200.000000  200.000000   clock clk (rise edge)
                                  0.000000  200.000000   clock source latency
    41    0.212060    1.310852    0.720434  200.720428 ^ clk (in)
                                                         clk (net)
                      1.310852    0.000000  200.720428 ^ _238_/CLK (gf180mcu_fd_sc_mcu7t5v0__dffrnq_1)
                                 -0.250000  200.470428   clock uncertainty
                                  0.000000  200.470428   clock reconvergence pessimism
                                 -0.344873  200.125565   library setup time
                                            200.125565   data required time
---------------------------------------------------------------------------------------------
                                            200.125565   data required time
                                            -43.495975   data arrival time
---------------------------------------------------------------------------------------------
                                            156.629593   slack (MET)


Startpoint: soft_rst_n (input port clocked by clk)
Endpoint: _235_ (rising edge-triggered flip-flop clocked by clk)
Path Group: clk
Path Type: max

Fanout         Cap        Slew       Delay        Time   Description
---------------------------------------------------------------------------------------------
                                  0.000000    0.000000   clock clk (rise edge)
                                  0.000000    0.000000   clock network delay (propagated)
                                 40.000000   40.000000 ^ input external delay
    23    0.118739    2.889096    1.600576   41.600578 ^ soft_rst_n (in)
                                                         soft_rst_n (net)
                      2.889096    0.000000   41.600578 ^ _143_/A1 (gf180mcu_fd_sc_mcu7t5v0__nand2_1)
     9    0.059427    1.655159    1.278920   42.879498 v _143_/ZN (gf180mcu_fd_sc_mcu7t5v0__nand2_1)
                                                         _055_ (net)
                      1.655159    0.001076   42.880573 v _173_/A1 (gf180mcu_fd_sc_mcu7t5v0__nor2_1)
     1    0.003958    0.531688    0.614705   43.495277 ^ _173_/ZN (gf180mcu_fd_sc_mcu7t5v0__nor2_1)
                                                         _022_ (net)
                      0.531688    0.000117   43.495396 ^ _235_/D (gf180mcu_fd_sc_mcu7t5v0__dffrnq_1)
                                             43.495396   data arrival time

                                200.000000  200.000000   clock clk (rise edge)
                                  0.000000  200.000000   clock source latency
    41    0.212060    1.310852    0.720434  200.720428 ^ clk (in)
                                                         clk (net)
                      1.310852    0.000000  200.720428 ^ _235_/CLK (gf180mcu_fd_sc_mcu7t5v0__dffrnq_1)
                                 -0.250000  200.470428   clock uncertainty
                                  0.000000  200.470428   clock reconvergence pessimism
                                 -0.344762  200.125671   library setup time
                                            200.125671   data required time
---------------------------------------------------------------------------------------------
                                            200.125671   data required time
                                            -43.495396   data arrival time
---------------------------------------------------------------------------------------------
                                            156.630280   slack (MET)


Startpoint: soft_rst_n (input port clocked by clk)
Endpoint: _232_ (rising edge-triggered flip-flop clocked by clk)
Path Group: clk
Path Type: max

Fanout         Cap        Slew       Delay        Time   Description
---------------------------------------------------------------------------------------------
                                  0.000000    0.000000   clock clk (rise edge)
                                  0.000000    0.000000   clock network delay (propagated)
                                 40.000000   40.000000 ^ input external delay
    23    0.118739    2.889096    1.600576   41.600578 ^ soft_rst_n (in)
                                                         soft_rst_n (net)
                      2.889096    0.000000   41.600578 ^ _143_/A1 (gf180mcu_fd_sc_mcu7t5v0__nand2_1)
     9    0.059427    1.655159    1.278920   42.879498 v _143_/ZN (gf180mcu_fd_sc_mcu7t5v0__nand2_1)
                                                         _055_ (net)
                      1.655159    0.001076   42.880573 v _164_/A1 (gf180mcu_fd_sc_mcu7t5v0__nor2_1)
     1    0.003848    0.527055    0.610740   43.491314 ^ _164_/ZN (gf180mcu_fd_sc_mcu7t5v0__nor2_1)
                                                         _019_ (net)
                      0.527055    0.000114   43.491428 ^ _232_/D (gf180mcu_fd_sc_mcu7t5v0__dffrnq_1)
                                             43.491428   data arrival time

                                200.000000  200.000000   clock clk (rise edge)
                                  0.000000  200.000000   clock source latency
    41    0.212060    1.310852    0.720434  200.720428 ^ clk (in)
                                                         clk (net)
                      1.310852    0.000000  200.720428 ^ _232_/CLK (gf180mcu_fd_sc_mcu7t5v0__dffrnq_1)
                                 -0.250000  200.470428   clock uncertainty
                                  0.000000  200.470428   clock reconvergence pessimism
                                 -0.344005  200.126434   library setup time
                                            200.126434   data required time
---------------------------------------------------------------------------------------------
                                            200.126434   data required time
                                            -43.491428   data arrival time
---------------------------------------------------------------------------------------------
                                            156.634995   slack (MET)


Startpoint: soft_rst_n (input port clocked by clk)
Endpoint: _231_ (rising edge-triggered flip-flop clocked by clk)
Path Group: clk
Path Type: max

Fanout         Cap        Slew       Delay        Time   Description
---------------------------------------------------------------------------------------------
                                  0.000000    0.000000   clock clk (rise edge)
                                  0.000000    0.000000   clock network delay (propagated)
                                 40.000000   40.000000 ^ input external delay
    23    0.118739    2.889096    1.600576   41.600578 ^ soft_rst_n (in)
                                                         soft_rst_n (net)
                      2.889096    0.000000   41.600578 ^ _143_/A1 (gf180mcu_fd_sc_mcu7t5v0__nand2_1)
     9    0.059427    1.655159    1.278920   42.879498 v _143_/ZN (gf180mcu_fd_sc_mcu7t5v0__nand2_1)
                                                         _055_ (net)
                      1.655159    0.001076   42.880573 v _159_/A1 (gf180mcu_fd_sc_mcu7t5v0__nor2_1)
     1    0.003743    0.522646    0.606967   43.487541 ^ _159_/ZN (gf180mcu_fd_sc_mcu7t5v0__nor2_1)
                                                         _018_ (net)
                      0.522646    0.000114   43.487656 ^ _231_/D (gf180mcu_fd_sc_mcu7t5v0__dffrnq_1)
                                             43.487656   data arrival time

                                200.000000  200.000000   clock clk (rise edge)
                                  0.000000  200.000000   clock source latency
    41    0.212060    1.310852    0.720434  200.720428 ^ clk (in)
                                                         clk (net)
                      1.310852    0.000000  200.720428 ^ _231_/CLK (gf180mcu_fd_sc_mcu7t5v0__dffrnq_1)
                                 -0.250000  200.470428   clock uncertainty
                                  0.000000  200.470428   clock reconvergence pessimism
                                 -0.343283  200.127151   library setup time
                                            200.127151   data required time
---------------------------------------------------------------------------------------------
                                            200.127151   data required time
                                            -43.487656   data arrival time
---------------------------------------------------------------------------------------------
                                            156.639496   slack (MET)


Startpoint: soft_rst_n (input port clocked by clk)
Endpoint: _234_ (rising edge-triggered flip-flop clocked by clk)
Path Group: clk
Path Type: max

Fanout         Cap        Slew       Delay        Time   Description
---------------------------------------------------------------------------------------------
                                  0.000000    0.000000   clock clk (rise edge)
                                  0.000000    0.000000   clock network delay (propagated)
                                 40.000000   40.000000 ^ input external delay
    23    0.118739    2.889096    1.600576   41.600578 ^ soft_rst_n (in)
                                                         soft_rst_n (net)
                      2.889096    0.000000   41.600578 ^ _143_/A1 (gf180mcu_fd_sc_mcu7t5v0__nand2_1)
     9    0.059427    1.655159    1.278920   42.879498 v _143_/ZN (gf180mcu_fd_sc_mcu7t5v0__nand2_1)
                                                         _055_ (net)
                      1.655159    0.001076   42.880573 v _170_/A1 (gf180mcu_fd_sc_mcu7t5v0__nor2_1)
     1    0.003499    0.512405    0.598206   43.478779 ^ _170_/ZN (gf180mcu_fd_sc_mcu7t5v0__nor2_1)
                                                         _021_ (net)
                      0.512405    0.000110   43.478889 ^ _234_/D (gf180mcu_fd_sc_mcu7t5v0__dffrnq_1)
                                             43.478889   data arrival time

                                200.000000  200.000000   clock clk (rise edge)
                                  0.000000  200.000000   clock source latency
    41    0.212060    1.310852    0.720434  200.720428 ^ clk (in)
                                                         clk (net)
                      1.310852    0.000000  200.720428 ^ _234_/CLK (gf180mcu_fd_sc_mcu7t5v0__dffrnq_1)
                                 -0.250000  200.470428   clock uncertainty
                                  0.000000  200.470428   clock reconvergence pessimism
                                 -0.341608  200.128815   library setup time
                                            200.128815   data required time
---------------------------------------------------------------------------------------------
                                            200.128815   data required time
                                            -43.478889   data arrival time
---------------------------------------------------------------------------------------------
                                            156.649918   slack (MET)


Startpoint: soft_rst_n (input port clocked by clk)
Endpoint: _233_ (rising edge-triggered flip-flop clocked by clk)
Path Group: clk
Path Type: max

Fanout         Cap        Slew       Delay        Time   Description
---------------------------------------------------------------------------------------------
                                  0.000000    0.000000   clock clk (rise edge)
                                  0.000000    0.000000   clock network delay (propagated)
                                 40.000000   40.000000 ^ input external delay
    23    0.118739    2.889096    1.600576   41.600578 ^ soft_rst_n (in)
                                                         soft_rst_n (net)
                      2.889096    0.000000   41.600578 ^ _143_/A1 (gf180mcu_fd_sc_mcu7t5v0__nand2_1)
     9    0.059427    1.655159    1.278920   42.879498 v _143_/ZN (gf180mcu_fd_sc_mcu7t5v0__nand2_1)
                                                         _055_ (net)
                      1.655159    0.001076   42.880573 v _168_/A1 (gf180mcu_fd_sc_mcu7t5v0__nor2_1)
     1    0.003414    0.508840    0.595161   43.475735 ^ _168_/ZN (gf180mcu_fd_sc_mcu7t5v0__nor2_1)
                                                         _020_ (net)
                      0.508840    0.000107   43.475842 ^ _233_/D (gf180mcu_fd_sc_mcu7t5v0__dffrnq_1)
                                             43.475842   data arrival time

                                200.000000  200.000000   clock clk (rise edge)
                                  0.000000  200.000000   clock source latency
    41    0.212060    1.310852    0.720434  200.720428 ^ clk (in)
                                                         clk (net)
                      1.310852    0.000000  200.720428 ^ _233_/CLK (gf180mcu_fd_sc_mcu7t5v0__dffrnq_1)
                                 -0.250000  200.470428   clock uncertainty
                                  0.000000  200.470428   clock reconvergence pessimism
                                 -0.341025  200.129395   library setup time
                                            200.129395   data required time
---------------------------------------------------------------------------------------------
                                            200.129395   data required time
                                            -43.475842   data arrival time
---------------------------------------------------------------------------------------------
                                            156.653564   slack (MET)


Startpoint: soft_rst_n (input port clocked by clk)
Endpoint: _237_ (rising edge-triggered flip-flop clocked by clk)
Path Group: clk
Path Type: max

Fanout         Cap        Slew       Delay        Time   Description
---------------------------------------------------------------------------------------------
                                  0.000000    0.000000   clock clk (rise edge)
                                  0.000000    0.000000   clock network delay (propagated)
                                 40.000000   40.000000 ^ input external delay
    23    0.118739    2.889096    1.600576   41.600578 ^ soft_rst_n (in)
                                                         soft_rst_n (net)
                      2.889096    0.000000   41.600578 ^ _143_/A1 (gf180mcu_fd_sc_mcu7t5v0__nand2_1)
     9    0.059427    1.655159    1.278920   42.879498 v _143_/ZN (gf180mcu_fd_sc_mcu7t5v0__nand2_1)
                                                         _055_ (net)
                      1.655159    0.001073   42.880569 v _177_/A2 (gf180mcu_fd_sc_mcu7t5v0__nor2_1)
     1    0.003968    0.525510    0.533259   43.413830 ^ _177_/ZN (gf180mcu_fd_sc_mcu7t5v0__nor2_1)
                                                         _024_ (net)
                      0.525510    0.000117   43.413944 ^ _237_/D (gf180mcu_fd_sc_mcu7t5v0__dffrnq_1)
                                             43.413944   data arrival time

                                200.000000  200.000000   clock clk (rise edge)
                                  0.000000  200.000000   clock source latency
    41    0.212060    1.310852    0.720434  200.720428 ^ clk (in)
                                                         clk (net)
                      1.310852    0.000000  200.720428 ^ _237_/CLK (gf180mcu_fd_sc_mcu7t5v0__dffrnq_1)
                                 -0.250000  200.470428   clock uncertainty
                                  0.000000  200.470428   clock reconvergence pessimism
                                 -0.343752  200.126678   library setup time
                                            200.126678   data required time
---------------------------------------------------------------------------------------------
                                            200.126678   data required time
                                            -43.413944   data arrival time
---------------------------------------------------------------------------------------------
                                            156.712738   slack (MET)


Startpoint: soft_rst_n (input port clocked by clk)
Endpoint: _220_ (rising edge-triggered flip-flop clocked by clk)
Path Group: clk
Path Type: max

Fanout         Cap        Slew       Delay        Time   Description
---------------------------------------------------------------------------------------------
                                  0.000000    0.000000   clock clk (rise edge)
                                  0.000000    0.000000   clock network delay (propagated)
                                 40.000000   40.000000 ^ input external delay
    23    0.118739    2.889096    1.600576   41.600578 ^ soft_rst_n (in)
                                                         soft_rst_n (net)
                      2.889096    0.000000   41.600578 ^ _152_/A1 (gf180mcu_fd_sc_mcu7t5v0__nand2_1)
     5    0.030926    1.160802    0.804086   42.404663 v _152_/ZN (gf180mcu_fd_sc_mcu7t5v0__nand2_1)
                                                         _061_ (net)
                      1.160802    0.000600   42.405262 v _203_/B1 (gf180mcu_fd_sc_mcu7t5v0__oai22_1)
     1    0.003985    0.802466    0.776691   43.181953 ^ _203_/ZN (gf180mcu_fd_sc_mcu7t5v0__oai22_1)
                                                         _034_ (net)
                      0.802466    0.000117   43.182072 ^ _220_/D (gf180mcu_fd_sc_mcu7t5v0__dffrnq_1)
                                             43.182072   data arrival time

                                200.000000  200.000000   clock clk (rise edge)
                                  0.000000  200.000000   clock source latency
    41    0.212060    1.310852    0.720434  200.720428 ^ clk (in)
                                                         clk (net)
                      1.310852    0.000000  200.720428 ^ _220_/CLK (gf180mcu_fd_sc_mcu7t5v0__dffrnq_1)
                                 -0.250000  200.470428   clock uncertainty
                                  0.000000  200.470428   clock reconvergence pessimism
                                 -0.381362  200.089066   library setup time
                                            200.089066   data required time
---------------------------------------------------------------------------------------------
                                            200.089066   data required time
                                            -43.182072   data arrival time
---------------------------------------------------------------------------------------------
                                            156.906998   slack (MET)


Startpoint: soft_rst_n (input port clocked by clk)
Endpoint: _219_ (rising edge-triggered flip-flop clocked by clk)
Path Group: clk
Path Type: max

Fanout         Cap        Slew       Delay        Time   Description
---------------------------------------------------------------------------------------------
                                  0.000000    0.000000   clock clk (rise edge)
                                  0.000000    0.000000   clock network delay (propagated)
                                 40.000000   40.000000 ^ input external delay
    23    0.118739    2.889096    1.600565   41.600567 ^ soft_rst_n (in)
                                                         soft_rst_n (net)
                      2.889096    0.000000   41.600567 ^ _108_/I (gf180mcu_fd_sc_mcu7t5v0__clkinv_1)
     4    0.020119    0.947509    0.664105   42.264671 v _108_/ZN (gf180mcu_fd_sc_mcu7t5v0__clkinv_1)
                                                         _101_ (net)
                      0.947509    0.000416   42.265087 v _202_/A1 (gf180mcu_fd_sc_mcu7t5v0__oai31_1)
     1    0.004371    0.859731    0.728758   42.993843 ^ _202_/ZN (gf180mcu_fd_sc_mcu7t5v0__oai31_1)
                                                         _033_ (net)
                      0.859731    0.000124   42.993969 ^ _219_/D (gf180mcu_fd_sc_mcu7t5v0__dffrnq_1)
                                             42.993969   data arrival time

                                200.000000  200.000000   clock clk (rise edge)
                                  0.000000  200.000000   clock source latency
    41    0.212060    1.310852    0.720434  200.720428 ^ clk (in)
                                                         clk (net)
                      1.310852    0.000000  200.720428 ^ _219_/CLK (gf180mcu_fd_sc_mcu7t5v0__dffrnq_1)
                                 -0.250000  200.470428   clock uncertainty
                                  0.000000  200.470428   clock reconvergence pessimism
                                 -0.387008  200.083420   library setup time
                                            200.083420   data required time
---------------------------------------------------------------------------------------------
                                            200.083420   data required time
                                            -42.993969   data arrival time
---------------------------------------------------------------------------------------------
                                            157.089462   slack (MET)


Startpoint: soft_rst_n (input port clocked by clk)
Endpoint: _230_ (rising edge-triggered flip-flop clocked by clk)
Path Group: clk
Path Type: max

Fanout         Cap        Slew       Delay        Time   Description
---------------------------------------------------------------------------------------------
                                  0.000000    0.000000   clock clk (rise edge)
                                  0.000000    0.000000   clock network delay (propagated)
                                 40.000000   40.000000 ^ input external delay
    23    0.118739    2.889096    1.600576   41.600578 ^ soft_rst_n (in)
                                                         soft_rst_n (net)
                      2.889096    0.000000   41.600578 ^ _152_/A1 (gf180mcu_fd_sc_mcu7t5v0__nand2_1)
     5    0.030926    1.160802    0.804086   42.404663 v _152_/ZN (gf180mcu_fd_sc_mcu7t5v0__nand2_1)
                                                         _061_ (net)
                      1.160802    0.000593   42.405254 v _154_/A1 (gf180mcu_fd_sc_mcu7t5v0__nor2_1)
     1    0.004250    0.479497    0.517378   42.922634 ^ _154_/ZN (gf180mcu_fd_sc_mcu7t5v0__nor2_1)
                                                         _017_ (net)
                      0.479497    0.000121   42.922756 ^ _230_/D (gf180mcu_fd_sc_mcu7t5v0__dffrnq_1)
                                             42.922756   data arrival time

                                200.000000  200.000000   clock clk (rise edge)
                                  0.000000  200.000000   clock source latency
    41    0.212060    1.310852    0.720434  200.720428 ^ clk (in)
                                                         clk (net)
                      1.310852    0.000000  200.720428 ^ _230_/CLK (gf180mcu_fd_sc_mcu7t5v0__dffrnq_1)
                                 -0.250000  200.470428   clock uncertainty
                                  0.000000  200.470428   clock reconvergence pessimism
                                 -0.336226  200.134201   library setup time
                                            200.134201   data required time
---------------------------------------------------------------------------------------------
                                            200.134201   data required time
                                            -42.922756   data arrival time
---------------------------------------------------------------------------------------------
                                            157.211456   slack (MET)


Startpoint: soft_rst_n (input port clocked by clk)
Endpoint: _218_ (rising edge-triggered flip-flop clocked by clk)
Path Group: clk
Path Type: max

Fanout         Cap        Slew       Delay        Time   Description
---------------------------------------------------------------------------------------------
                                  0.000000    0.000000   clock clk (rise edge)
                                  0.000000    0.000000   clock network delay (propagated)
                                 40.000000   40.000000 ^ input external delay
    23    0.118739    2.889096    1.600565   41.600567 ^ soft_rst_n (in)
                                                         soft_rst_n (net)
                      2.889096    0.000000   41.600567 ^ _108_/I (gf180mcu_fd_sc_mcu7t5v0__clkinv_1)
     4    0.020119    0.947509    0.664105   42.264671 v _108_/ZN (gf180mcu_fd_sc_mcu7t5v0__clkinv_1)
                                                         _101_ (net)
                      0.947509    0.000409   42.265079 v _200_/A1 (gf180mcu_fd_sc_mcu7t5v0__nor3_1)
     1    0.003425    0.587207    0.548017   42.813095 ^ _200_/ZN (gf180mcu_fd_sc_mcu7t5v0__nor3_1)
                                                         _032_ (net)
                      0.587207    0.000107   42.813202 ^ _218_/D (gf180mcu_fd_sc_mcu7t5v0__dffrnq_1)
                                             42.813202   data arrival time

                                200.000000  200.000000   clock clk (rise edge)
                                  0.000000  200.000000   clock source latency
    41    0.212060    1.310852    0.720434  200.720428 ^ clk (in)
                                                         clk (net)
                      1.310852    0.000000  200.720428 ^ _218_/CLK (gf180mcu_fd_sc_mcu7t5v0__dffrnq_1)
                                 -0.250000  200.470428   clock uncertainty
                                  0.000000  200.470428   clock reconvergence pessimism
                                 -0.353844  200.116577   library setup time
                                            200.116577   data required time
---------------------------------------------------------------------------------------------
                                            200.116577   data required time
                                            -42.813202   data arrival time
---------------------------------------------------------------------------------------------
                                            157.303375   slack (MET)


Startpoint: soft_rst_n (input port clocked by clk)
Endpoint: _229_ (rising edge-triggered flip-flop clocked by clk)
Path Group: clk
Path Type: max

Fanout         Cap        Slew       Delay        Time   Description
---------------------------------------------------------------------------------------------
                                  0.000000    0.000000   clock clk (rise edge)
                                  0.000000    0.000000   clock network delay (propagated)
                                 40.000000   40.000000 ^ input external delay
    23    0.118739    2.889096    1.600576   41.600578 ^ soft_rst_n (in)
                                                         soft_rst_n (net)
                      2.889096    0.000000   41.600578 ^ _150_/A1 (gf180mcu_fd_sc_mcu7t5v0__nand2_1)
     2    0.015346    0.847079    0.480597   42.081173 v _150_/ZN (gf180mcu_fd_sc_mcu7t5v0__nand2_1)
                                                         _060_ (net)
                      0.847079    0.000338   42.081512 v _151_/A2 (gf180mcu_fd_sc_mcu7t5v0__oai21_1)
     1    0.003617    0.440337    0.425814   42.507324 ^ _151_/ZN (gf180mcu_fd_sc_mcu7t5v0__oai21_1)
                                                         _016_ (net)
                      0.440337    0.000110   42.507435 ^ _229_/D (gf180mcu_fd_sc_mcu7t5v0__dffrnq_1)
                                             42.507435   data arrival time

                                200.000000  200.000000   clock clk (rise edge)
                                  0.000000  200.000000   clock source latency
    41    0.212060    1.310852    0.720434  200.720428 ^ clk (in)
                                                         clk (net)
                      1.310852    0.000000  200.720428 ^ _229_/CLK (gf180mcu_fd_sc_mcu7t5v0__dffrnq_1)
                                 -0.250000  200.470428   clock uncertainty
                                  0.000000  200.470428   clock reconvergence pessimism
                                 -0.329820  200.140610   library setup time
                                            200.140610   data required time
---------------------------------------------------------------------------------------------
                                            200.140610   data required time
                                            -42.507435   data arrival time
---------------------------------------------------------------------------------------------
                                            157.633179   slack (MET)


Startpoint: soft_rst_n (input port clocked by clk)
Endpoint: _247_ (rising edge-triggered flip-flop clocked by clk)
Path Group: clk
Path Type: max

Fanout         Cap        Slew       Delay        Time   Description
---------------------------------------------------------------------------------------------
                                  0.000000    0.000000   clock clk (rise edge)
                                  0.000000    0.000000   clock network delay (propagated)
                                 40.000000   40.000000 ^ input external delay
    23    0.118739    2.889096    1.600540   41.600540 ^ soft_rst_n (in)
                                                         soft_rst_n (net)
                      2.889096    0.000000   41.600540 ^ _126_/A1 (gf180mcu_fd_sc_mcu7t5v0__and2_1)
     1    0.006976    0.304824    0.610495   42.211037 ^ _126_/Z (gf180mcu_fd_sc_mcu7t5v0__and2_1)
                                                         _002_ (net)
                      0.304824    0.000167   42.211205 ^ _247_/D (gf180mcu_fd_sc_mcu7t5v0__dffrnq_1)
                                             42.211205   data arrival time

                                200.000000  200.000000   clock clk (rise edge)
                                  0.000000  200.000000   clock source latency
    41    0.212060    1.310852    0.720434  200.720428 ^ clk (in)
                                                         clk (net)
                      1.310852    0.000000  200.720428 ^ _247_/CLK (gf180mcu_fd_sc_mcu7t5v0__dffrnq_1)
                                 -0.250000  200.470428   clock uncertainty
                                  0.000000  200.470428   clock reconvergence pessimism
                                 -0.307655  200.162781   library setup time
                                            200.162781   data required time
---------------------------------------------------------------------------------------------
                                            200.162781   data required time
                                            -42.211205   data arrival time
---------------------------------------------------------------------------------------------
                                            157.951584   slack (MET)


Startpoint: soft_rst_n (input port clocked by clk)
Endpoint: _249_ (rising edge-triggered flip-flop clocked by clk)
Path Group: clk
Path Type: max

Fanout         Cap        Slew       Delay        Time   Description
---------------------------------------------------------------------------------------------
                                  0.000000    0.000000   clock clk (rise edge)
                                  0.000000    0.000000   clock network delay (propagated)
                                 40.000000   40.000000 ^ input external delay
    23    0.118739    2.889096    1.600540   41.600540 ^ soft_rst_n (in)
                                                         soft_rst_n (net)
                      2.889096    0.000000   41.600540 ^ _120_/A1 (gf180mcu_fd_sc_mcu7t5v0__and2_1)
     1    0.005086    0.266732    0.580680   42.181221 ^ _120_/Z (gf180mcu_fd_sc_mcu7t5v0__and2_1)
                                                         _010_ (net)
                      0.266732    0.000135   42.181358 ^ _249_/D (gf180mcu_fd_sc_mcu7t5v0__dffrnq_1)
                                             42.181358   data arrival time

                                200.000000  200.000000   clock clk (rise edge)
                                  0.000000  200.000000   clock source latency
    41    0.212060    1.310852    0.720434  200.720428 ^ clk (in)
                                                         clk (net)
                      1.310852    0.000000  200.720428 ^ _249_/CLK (gf180mcu_fd_sc_mcu7t5v0__dffrnq_1)
                                 -0.250000  200.470428   clock uncertainty
                                  0.000000  200.470428   clock reconvergence pessimism
                                 -0.299858  200.170563   library setup time
                                            200.170563   data required time
---------------------------------------------------------------------------------------------
                                            200.170563   data required time
                                            -42.181358   data arrival time
---------------------------------------------------------------------------------------------
                                            157.989212   slack (MET)


Startpoint: soft_rst_n (input port clocked by clk)
Endpoint: _250_ (rising edge-triggered flip-flop clocked by clk)
Path Group: clk
Path Type: max

Fanout         Cap        Slew       Delay        Time   Description
---------------------------------------------------------------------------------------------
                                  0.000000    0.000000   clock clk (rise edge)
                                  0.000000    0.000000   clock network delay (propagated)
                                 40.000000   40.000000 ^ input external delay
    23    0.118739    2.889096    1.600540   41.600540 ^ soft_rst_n (in)
                                                         soft_rst_n (net)
                      2.889096    0.000000   41.600540 ^ _121_/A1 (gf180mcu_fd_sc_mcu7t5v0__and2_1)
     1    0.004556    0.256054    0.572321   42.172863 ^ _121_/Z (gf180mcu_fd_sc_mcu7t5v0__and2_1)
                                                         _011_ (net)
                      0.256054    0.000128   42.172989 ^ _250_/D (gf180mcu_fd_sc_mcu7t5v0__dffrnq_1)
                                             42.172989   data arrival time

                                200.000000  200.000000   clock clk (rise edge)
                                  0.000000  200.000000   clock source latency
    41    0.212060    1.310852    0.720434  200.720428 ^ clk (in)
                                                         clk (net)
                      1.310852    0.000000  200.720428 ^ _250_/CLK (gf180mcu_fd_sc_mcu7t5v0__dffrnq_1)
                                 -0.250000  200.470428   clock uncertainty
                                  0.000000  200.470428   clock reconvergence pessimism
                                 -0.297291  200.173141   library setup time
                                            200.173141   data required time
---------------------------------------------------------------------------------------------
                                            200.173141   data required time
                                            -42.172989   data arrival time
---------------------------------------------------------------------------------------------
                                            158.000153   slack (MET)


Startpoint: soft_rst_n (input port clocked by clk)
Endpoint: _244_ (rising edge-triggered flip-flop clocked by clk)
Path Group: clk
Path Type: max

Fanout         Cap        Slew       Delay        Time   Description
---------------------------------------------------------------------------------------------
                                  0.000000    0.000000   clock clk (rise edge)
                                  0.000000    0.000000   clock network delay (propagated)
                                 40.000000   40.000000 ^ input external delay
    23    0.118739    2.889096    1.600540   41.600540 ^ soft_rst_n (in)
                                                         soft_rst_n (net)
                      2.889096    0.000000   41.600540 ^ _128_/A1 (gf180mcu_fd_sc_mcu7t5v0__and2_1)
     1    0.004386    0.252631    0.569639   42.170181 ^ _128_/Z (gf180mcu_fd_sc_mcu7t5v0__and2_1)
                                                         _004_ (net)
                      0.252631    0.000124   42.170303 ^ _244_/D (gf180mcu_fd_sc_mcu7t5v0__dffrnq_1)
                                             42.170303   data arrival time

                                200.000000  200.000000   clock clk (rise edge)
                                  0.000000  200.000000   clock source latency
    41    0.212060    1.310852    0.720434  200.720428 ^ clk (in)
                                                         clk (net)
                      1.310852    0.000000  200.720428 ^ _244_/CLK (gf180mcu_fd_sc_mcu7t5v0__dffrnq_1)
                                 -0.250000  200.470428   clock uncertainty
                                  0.000000  200.470428   clock reconvergence pessimism
                                 -0.296468  200.173965   library setup time
                                            200.173965   data required time
---------------------------------------------------------------------------------------------
                                            200.173965   data required time
                                            -42.170303   data arrival time
---------------------------------------------------------------------------------------------
                                            158.003662   slack (MET)


Startpoint: soft_rst_n (input port clocked by clk)
Endpoint: _253_ (rising edge-triggered flip-flop clocked by clk)
Path Group: clk
Path Type: max

Fanout         Cap        Slew       Delay        Time   Description
---------------------------------------------------------------------------------------------
                                  0.000000    0.000000   clock clk (rise edge)
                                  0.000000    0.000000   clock network delay (propagated)
                                 40.000000   40.000000 ^ input external delay
    23    0.118739    2.889096    1.600540   41.600540 ^ soft_rst_n (in)
                                                         soft_rst_n (net)
                      2.889096    0.000000   41.600540 ^ _116_/A1 (gf180mcu_fd_sc_mcu7t5v0__and2_1)
     1    0.004321    0.251316    0.568612   42.169151 ^ _116_/Z (gf180mcu_fd_sc_mcu7t5v0__and2_1)
                                                         _006_ (net)
                      0.251316    0.000124   42.169277 ^ _253_/D (gf180mcu_fd_sc_mcu7t5v0__dffrnq_1)
                                             42.169277   data arrival time

                                200.000000  200.000000   clock clk (rise edge)
                                  0.000000  200.000000   clock source latency
    41    0.212060    1.310852    0.720434  200.720428 ^ clk (in)
                                                         clk (net)
                      1.310852    0.000000  200.720428 ^ _253_/CLK (gf180mcu_fd_sc_mcu7t5v0__dffrnq_1)
                                 -0.250000  200.470428   clock uncertainty
                                  0.000000  200.470428   clock reconvergence pessimism
                                 -0.296152  200.174271   library setup time
                                            200.174271   data required time
---------------------------------------------------------------------------------------------
                                            200.174271   data required time
                                            -42.169277   data arrival time
---------------------------------------------------------------------------------------------
                                            158.005005   slack (MET)


Startpoint: soft_rst_n (input port clocked by clk)
Endpoint: _248_ (rising edge-triggered flip-flop clocked by clk)
Path Group: clk
Path Type: max

Fanout         Cap        Slew       Delay        Time   Description
---------------------------------------------------------------------------------------------
                                  0.000000    0.000000   clock clk (rise edge)
                                  0.000000    0.000000   clock network delay (propagated)
                                 40.000000   40.000000 ^ input external delay
    23    0.118739    2.889096    1.600540   41.600540 ^ soft_rst_n (in)
                                                         soft_rst_n (net)
                      2.889096    0.000000   41.600540 ^ _127_/A1 (gf180mcu_fd_sc_mcu7t5v0__and2_1)
     1    0.004092    0.246707    0.565006   42.165546 ^ _127_/Z (gf180mcu_fd_sc_mcu7t5v0__and2_1)
                                                         _003_ (net)
                      0.246707    0.000117   42.165665 ^ _248_/D (gf180mcu_fd_sc_mcu7t5v0__dffrnq_1)
                                             42.165665   data arrival time

                                200.000000  200.000000   clock clk (rise edge)
                                  0.000000  200.000000   clock source latency
    41    0.212060    1.310852    0.720434  200.720428 ^ clk (in)
                                                         clk (net)
                      1.310852    0.000000  200.720428 ^ _248_/CLK (gf180mcu_fd_sc_mcu7t5v0__dffrnq_1)
                                 -0.250000  200.470428   clock uncertainty
                                  0.000000  200.470428   clock reconvergence pessimism
                                 -0.295044  200.175385   library setup time
                                            200.175385   data required time
---------------------------------------------------------------------------------------------
                                            200.175385   data required time
                                            -42.165665   data arrival time
---------------------------------------------------------------------------------------------
                                            158.009720   slack (MET)


Startpoint: soft_rst_n (input port clocked by clk)
Endpoint: _245_ (rising edge-triggered flip-flop clocked by clk)
Path Group: clk
Path Type: max

Fanout         Cap        Slew       Delay        Time   Description
---------------------------------------------------------------------------------------------
                                  0.000000    0.000000   clock clk (rise edge)
                                  0.000000    0.000000   clock network delay (propagated)
                                 40.000000   40.000000 ^ input external delay
    23    0.118739    2.889096    1.600540   41.600540 ^ soft_rst_n (in)
                                                         soft_rst_n (net)
                      2.889096    0.000000   41.600540 ^ _124_/A1 (gf180mcu_fd_sc_mcu7t5v0__and2_1)
     1    0.003906    0.242958    0.562075   42.162617 ^ _124_/Z (gf180mcu_fd_sc_mcu7t5v0__and2_1)
                                                         _000_ (net)
                      0.242958    0.000117   42.162735 ^ _245_/D (gf180mcu_fd_sc_mcu7t5v0__dffrnq_1)
                                             42.162735   data arrival time

                                200.000000  200.000000   clock clk (rise edge)
                                  0.000000  200.000000   clock source latency
    41    0.212060    1.310852    0.720434  200.720428 ^ clk (in)
                                                         clk (net)
                      1.310852    0.000000  200.720428 ^ _245_/CLK (gf180mcu_fd_sc_mcu7t5v0__dffrnq_1)
                                 -0.250000  200.470428   clock uncertainty
                                  0.000000  200.470428   clock reconvergence pessimism
                                 -0.294142  200.176300   library setup time
                                            200.176300   data required time
---------------------------------------------------------------------------------------------
                                            200.176300   data required time
                                            -42.162735   data arrival time
---------------------------------------------------------------------------------------------
                                            158.013565   slack (MET)


Startpoint: soft_rst_n (input port clocked by clk)
Endpoint: _251_ (rising edge-triggered flip-flop clocked by clk)
Path Group: clk
Path Type: max

Fanout         Cap        Slew       Delay        Time   Description
---------------------------------------------------------------------------------------------
                                  0.000000    0.000000   clock clk (rise edge)
                                  0.000000    0.000000   clock network delay (propagated)
                                 40.000000   40.000000 ^ input external delay
    23    0.118739    2.889096    1.600540   41.600540 ^ soft_rst_n (in)
                                                         soft_rst_n (net)
                      2.889096    0.000000   41.600540 ^ _122_/A1 (gf180mcu_fd_sc_mcu7t5v0__and2_1)
     1    0.003817    0.241148    0.560657   42.161198 ^ _122_/Z (gf180mcu_fd_sc_mcu7t5v0__and2_1)
                                                         _012_ (net)
                      0.241148    0.000114   42.161312 ^ _251_/D (gf180mcu_fd_sc_mcu7t5v0__dffrnq_1)
                                             42.161312   data arrival time

                                200.000000  200.000000   clock clk (rise edge)
                                  0.000000  200.000000   clock source latency
    41    0.212060    1.310852    0.720434  200.720428 ^ clk (in)
                                                         clk (net)
                      1.310852    0.000000  200.720428 ^ _251_/CLK (gf180mcu_fd_sc_mcu7t5v0__dffrnq_1)
                                 -0.250000  200.470428   clock uncertainty
                                  0.000000  200.470428   clock reconvergence pessimism
                                 -0.293707  200.176727   library setup time
                                            200.176727   data required time
---------------------------------------------------------------------------------------------
                                            200.176727   data required time
                                            -42.161312   data arrival time
---------------------------------------------------------------------------------------------
                                            158.015411   slack (MET)


Startpoint: soft_rst_n (input port clocked by clk)
Endpoint: _246_ (rising edge-triggered flip-flop clocked by clk)
Path Group: clk
Path Type: max

Fanout         Cap        Slew       Delay        Time   Description
---------------------------------------------------------------------------------------------
                                  0.000000    0.000000   clock clk (rise edge)
                                  0.000000    0.000000   clock network delay (propagated)
                                 40.000000   40.000000 ^ input external delay
    23    0.118739    2.889096    1.600540   41.600540 ^ soft_rst_n (in)
                                                         soft_rst_n (net)
                      2.889096    0.000000   41.600540 ^ _125_/A1 (gf180mcu_fd_sc_mcu7t5v0__and2_1)
     1    0.003795    0.240700    0.560309   42.160851 ^ _125_/Z (gf180mcu_fd_sc_mcu7t5v0__and2_1)
                                                         _001_ (net)
                      0.240700    0.000114   42.160965 ^ _246_/D (gf180mcu_fd_sc_mcu7t5v0__dffrnq_1)
                                             42.160965   data arrival time

                                200.000000  200.000000   clock clk (rise edge)
                                  0.000000  200.000000   clock source latency
    41    0.212060    1.310852    0.720434  200.720428 ^ clk (in)
                                                         clk (net)
                      1.310852    0.000000  200.720428 ^ _246_/CLK (gf180mcu_fd_sc_mcu7t5v0__dffrnq_1)
                                 -0.250000  200.470428   clock uncertainty
                                  0.000000  200.470428   clock reconvergence pessimism
                                 -0.293599  200.176834   library setup time
                                            200.176834   data required time
---------------------------------------------------------------------------------------------
                                            200.176834   data required time
                                            -42.160965   data arrival time
---------------------------------------------------------------------------------------------
                                            158.015869   slack (MET)


Startpoint: soft_rst_n (input port clocked by clk)
Endpoint: _254_ (rising edge-triggered flip-flop clocked by clk)
Path Group: clk
Path Type: max

Fanout         Cap        Slew       Delay        Time   Description
---------------------------------------------------------------------------------------------
                                  0.000000    0.000000   clock clk (rise edge)
                                  0.000000    0.000000   clock network delay (propagated)
                                 40.000000   40.000000 ^ input external delay
    23    0.118739    2.889096    1.600540   41.600540 ^ soft_rst_n (in)
                                                         soft_rst_n (net)
                      2.889096    0.000000   41.600540 ^ _117_/A1 (gf180mcu_fd_sc_mcu7t5v0__and2_1)
     1    0.003515    0.235046    0.555893   42.156433 ^ _117_/Z (gf180mcu_fd_sc_mcu7t5v0__and2_1)
                                                         _007_ (net)
                      0.235046    0.000110   42.156544 ^ _254_/D (gf180mcu_fd_sc_mcu7t5v0__dffrnq_1)
                                             42.156544   data arrival time

                                200.000000  200.000000   clock clk (rise edge)
                                  0.000000  200.000000   clock source latency
    41    0.212060    1.310852    0.720434  200.720428 ^ clk (in)
                                                         clk (net)
                      1.310852    0.000000  200.720428 ^ _254_/CLK (gf180mcu_fd_sc_mcu7t5v0__dffrnq_1)
                                 -0.250000  200.470428   clock uncertainty
                                  0.000000  200.470428   clock reconvergence pessimism
                                 -0.292240  200.178177   library setup time
                                            200.178177   data required time
---------------------------------------------------------------------------------------------
                                            200.178177   data required time
                                            -42.156544   data arrival time
---------------------------------------------------------------------------------------------
                                            158.021637   slack (MET)


Startpoint: soft_rst_n (input port clocked by clk)
Endpoint: _252_ (rising edge-triggered flip-flop clocked by clk)
Path Group: clk
Path Type: max

Fanout         Cap        Slew       Delay        Time   Description
---------------------------------------------------------------------------------------------
                                  0.000000    0.000000   clock clk (rise edge)
                                  0.000000    0.000000   clock network delay (propagated)
                                 40.000000   40.000000 ^ input external delay
    23    0.118739    2.889096    1.600540   41.600540 ^ soft_rst_n (in)
                                                         soft_rst_n (net)
                      2.889096    0.000000   41.600540 ^ _123_/A1 (gf180mcu_fd_sc_mcu7t5v0__and2_1)
     1    0.003427    0.233190    0.554387   42.154926 ^ _123_/Z (gf180mcu_fd_sc_mcu7t5v0__and2_1)
                                                         _013_ (net)
                      0.233190    0.000107   42.155033 ^ _252_/D (gf180mcu_fd_sc_mcu7t5v0__dffrnq_1)
                                             42.155033   data arrival time

                                200.000000  200.000000   clock clk (rise edge)
                                  0.000000  200.000000   clock source latency
    41    0.212060    1.310852    0.720434  200.720428 ^ clk (in)
                                                         clk (net)
                      1.310852    0.000000  200.720428 ^ _252_/CLK (gf180mcu_fd_sc_mcu7t5v0__dffrnq_1)
                                 -0.250000  200.470428   clock uncertainty
                                  0.000000  200.470428   clock reconvergence pessimism
                                 -0.291793  200.178635   library setup time
                                            200.178635   data required time
---------------------------------------------------------------------------------------------
                                            200.178635   data required time
                                            -42.155033   data arrival time
---------------------------------------------------------------------------------------------
                                            158.023605   slack (MET)


Startpoint: soft_rst_n (input port clocked by clk)
Endpoint: _256_ (rising edge-triggered flip-flop clocked by clk)
Path Group: clk
Path Type: max

Fanout         Cap        Slew       Delay        Time   Description
---------------------------------------------------------------------------------------------
                                  0.000000    0.000000   clock clk (rise edge)
                                  0.000000    0.000000   clock network delay (propagated)
                                 40.000000   40.000000 ^ input external delay
    23    0.118739    2.889096    1.600540   41.600540 ^ soft_rst_n (in)
                                                         soft_rst_n (net)
                      2.889096    0.000000   41.600540 ^ _119_/A1 (gf180mcu_fd_sc_mcu7t5v0__and2_1)
     1    0.003135    0.226615    0.548798   42.149338 ^ _119_/Z (gf180mcu_fd_sc_mcu7t5v0__and2_1)
                                                         _009_ (net)
                      0.226615    0.000103   42.149441 ^ _256_/D (gf180mcu_fd_sc_mcu7t5v0__dffrnq_1)
                                             42.149441   data arrival time

                                200.000000  200.000000   clock clk (rise edge)
                                  0.000000  200.000000   clock source latency
    41    0.212060    1.310852    0.720434  200.720428 ^ clk (in)
                                                         clk (net)
                      1.310852    0.000000  200.720428 ^ _256_/CLK (gf180mcu_fd_sc_mcu7t5v0__dffrnq_1)
                                 -0.250000  200.470428   clock uncertainty
                                  0.000000  200.470428   clock reconvergence pessimism
                                 -0.290213  200.180222   library setup time
                                            200.180222   data required time
---------------------------------------------------------------------------------------------
                                            200.180222   data required time
                                            -42.149441   data arrival time
---------------------------------------------------------------------------------------------
                                            158.030777   slack (MET)


Startpoint: soft_rst_n (input port clocked by clk)
Endpoint: _255_ (rising edge-triggered flip-flop clocked by clk)
Path Group: clk
Path Type: max

Fanout         Cap        Slew       Delay        Time   Description
---------------------------------------------------------------------------------------------
                                  0.000000    0.000000   clock clk (rise edge)
                                  0.000000    0.000000   clock network delay (propagated)
                                 40.000000   40.000000 ^ input external delay
    23    0.118739    2.889096    1.600540   41.600540 ^ soft_rst_n (in)
                                                         soft_rst_n (net)
                      2.889096    0.000000   41.600540 ^ _118_/A1 (gf180mcu_fd_sc_mcu7t5v0__and2_1)
     1    0.003072    0.225216    0.547605   42.148148 ^ _118_/Z (gf180mcu_fd_sc_mcu7t5v0__and2_1)
                                                         _008_ (net)
                      0.225216    0.000103   42.148251 ^ _255_/D (gf180mcu_fd_sc_mcu7t5v0__dffrnq_1)
                                             42.148251   data arrival time

                                200.000000  200.000000   clock clk (rise edge)
                                  0.000000  200.000000   clock source latency
    41    0.212060    1.310852    0.720434  200.720428 ^ clk (in)
                                                         clk (net)
                      1.310852    0.000000  200.720428 ^ _255_/CLK (gf180mcu_fd_sc_mcu7t5v0__dffrnq_1)
                                 -0.250000  200.470428   clock uncertainty
                                  0.000000  200.470428   clock reconvergence pessimism
                                 -0.289876  200.180557   library setup time
                                            200.180557   data required time
---------------------------------------------------------------------------------------------
                                            200.180557   data required time
                                            -42.148251   data arrival time
---------------------------------------------------------------------------------------------
                                            158.032318   slack (MET)


Startpoint: soft_rst_n (input port clocked by clk)
Endpoint: _243_ (rising edge-triggered flip-flop clocked by clk)
Path Group: clk
Path Type: max

Fanout         Cap        Slew       Delay        Time   Description
---------------------------------------------------------------------------------------------
                                  0.000000    0.000000   clock clk (rise edge)
                                  0.000000    0.000000   clock network delay (propagated)
                                 40.000000   40.000000 ^ input external delay
    23    0.118739    2.889096    1.600540   41.600540 ^ soft_rst_n (in)
                                                         soft_rst_n (net)
                      2.889096    0.000000   41.600540 ^ _115_/A2 (gf180mcu_fd_sc_mcu7t5v0__and2_1)
     1    0.004427    0.253109    0.471292   42.071835 ^ _115_/Z (gf180mcu_fd_sc_mcu7t5v0__and2_1)
                                                         _005_ (net)
                      0.253109    0.000124   42.071957 ^ _243_/D (gf180mcu_fd_sc_mcu7t5v0__dffrnq_1)
                                             42.071957   data arrival time

                                200.000000  200.000000   clock clk (rise edge)
                                  0.000000  200.000000   clock source latency
    41    0.212060    1.310852    0.720434  200.720428 ^ clk (in)
                                                         clk (net)
                      1.310852    0.000000  200.720428 ^ _243_/CLK (gf180mcu_fd_sc_mcu7t5v0__dffrnq_1)
                                 -0.250000  200.470428   clock uncertainty
                                  0.000000  200.470428   clock reconvergence pessimism
                                 -0.296583  200.173843   library setup time
                                            200.173843   data required time
---------------------------------------------------------------------------------------------
                                            200.173843   data required time
                                            -42.071957   data arrival time
---------------------------------------------------------------------------------------------
                                            158.101883   slack (MET)



