net,length_um
clknet_0_clk,1.20949mm
wave_controller_y_inst/net314,692.1µm
clknet_3_2__leaf_clk,665.53µm
net396,663.75µm
wave_controller_y_inst/net144,651.22µm
spi_regs_inst/net463,639.49µm
spi_regs_inst/net473,624.7µm
clk,605.93µm
wave_controller_y_inst/net386,604.9µm
spi_regs_inst/net461,604.59µm
wave_controller_y_inst/net172,575.37µm
net625,574.66µm
wave_controller_x_inst/net394,569.26µm
spi_regs_inst/net459,566.97µm
spi_regs_inst/net479,547.32µm
net527,545.33µm
wave_controller_y_inst/net137,542.08µm
clknet_3_7__leaf_clk,531.28µm
clknet_3_3__leaf_clk,529.88µm
wave_controller_y_inst/net142,521.61µm
spi_regs_inst/net467,512.81µm
clknet_3_0__leaf_clk,507.15µm
wave_controller_y_inst/net24,505.57µm
wave_controller_x_inst/net70,494.68µm
wave_controller_x_inst/net323,493.05µm
net595,468.41µm
spi_regs_inst/net481,463.98µm
spi_regs_inst/net465,459.6µm
spi_regs_inst/net471,458.84µm
net566,454.82µm
clknet_3_5__leaf_clk,454µm
wave_controller_x_inst/net162,443.21µm
wave_controller_x_inst/net76,443.11µm
net605,438.27µm
wave_controller_y_inst/net409,438.22µm
wave_controller_y_inst/net143,435.17µm
wave_controller_y_inst/net25,432.98µm
wave_controller_y_inst/net408,432.94µm
wave_controller_y_inst/net23,430µm
wave_controller_y_inst/_1160_,427.43µm
wave_controller_y_inst/net122,426.82µm
net451,424.73µm
cal_timeout_x,424.49µm
wave_controller_y_inst/net135,419.74µm
cal_done_x,416.96µm
net609,416.84µm
wave_controller_x_inst/net161,415.62µm
spi_regs_inst/net469,414.83µm
clknet_3_1__leaf_clk,410.07µm
wave_controller_x_inst/net155,409.51µm
cal_timeout_y,408.95µm
net441,402.99µm
spi_regs_inst/net486,402.28µm
spi_regs_inst/net484,402.17µm
wave_controller_y_inst/net26,399.53µm
wave_controller_x_inst/net36,398µm
wave_controller_y_inst/net381,397.85µm
wave_controller_y_inst/net140,396.78µm
net452,393.83µm
wave_controller_x_inst/net160,392.86µm
delay_wave_cycle_y\[2\],391.13µm
raw_edge3_x\[4\],391.13µm
net497,390.52µm
wave_controller_y_inst/net59,388.28µm
cfg_phase270_offset_x\[14\],386.44µm
clknet_3_6__leaf_clk,383.39µm
delay_wave_cycle_x\[6\],382.78µm
delay_wave_cycle_x\[4\],382.73µm
wave_controller_y_inst/capture_step\[0\],382.02µm
net392,379.88µm
net490,378.81µm
net457,377.54µm
spi_regs_inst/net488,376.16µm
spi_regs_inst/net227,372.14µm
raw_edge1_y\[4\],371.99µm
wave_controller_y_inst/net145,371.94µm
delay_wave_cycle_y\[6\],370.92µm
wave_controller_x_inst/net34,370µm
delay_wave_cycle_y\[0\],369.8µm
cal_done_y,367.07µm
net500,366.82µm
net494,365.42µm
wave_controller_x_inst/net177,365.32µm
spi_regs_inst/net425,362.47µm
wave_controller_y_inst/net171,362.11µm
net620,362.01µm
spi_regs_inst/net475,361.45µm
net522,361.04µm
raw_edge3_y\[12\],360.23µm
net393,359.06µm
wave_controller_y_inst/net52,358.54µm
net593,357.33µm
net385,355.75µm
net521,355.34µm
wave_controller_y_inst/net410,354.48µm
net454,352.95µm
cfg_phase90_offset_x\[12\],351.95µm
clknet_3_4__leaf_clk,351.93µm
net424,350.71µm
net528,350.4µm
net418,350.05µm
delay_wave_cycle_x\[2\],349.41µm
delay_wave_cycle_x\[1\],348.52µm
net445,347.91µm
net458,347.86µm
raw_edge1_x\[6\],347.4µm
net447,346.48µm
raw_edge3_x\[20\],345.67µm
cfg_phase270_offset_y\[2\],344.61µm
raw_edge1_y\[9\],344.09µm
spi_regs_inst/net489,343.99µm
cfg_phase270_offset_x\[19\],343.48µm
raw_edge2_y\[0\],342.41µm
net422,342.26µm
net5,342.21µm
raw_edge2_x\[11\],341.75µm
wave_controller_y_inst/net53,341.75µm
delay_wave_cycle_x\[7\],341.7µm
wave_controller_y_inst/net133,340.58µm
raw_edge1_x\[3\],335.64µm
raw_edge3_y\[10\],335.03µm
wave_controller_x_inst/_1161_,333.35µm
wave_controller_x_inst/net156,332.23µm
wave_controller_x_inst/_0487_,332.13µm
delay_wave_cycle_y\[7\],330.5µm
raw_edge1_x\[4\],326.78µm
spi_regs_inst/net466,324.03µm
wave_controller_x_inst/_1160_,323.83µm
net456,323.22µm
wave_controller_x_inst/net153,321.54µm
spi_regs_inst/net464,320.98µm
net529,320.16µm
raw_edge2_x\[16\],319.91µm
wave_controller_y_inst/net313,319.5µm
wave_controller_y_inst/net138,319.4µm
net517,319.35µm
net449,319.25µm
raw_edge3_y\[20\],318.18µm
wave_controller_y_inst/_1278_,317.62µm
spi_regs_inst/net326,317.26µm
raw_edge1_y\[7\],316.65µm
wave_controller_x_inst/net322,314.82µm
votes_out_phase_x\[3\],313.7µm
cal_phase0_offset_x\[1\],313.19µm
spi_regs_inst/_0657_,312.95µm
wave_controller_x_inst/net321,312.22µm
raw_edge1_y\[16\],311.15µm
wave_controller_y_inst/net49,311µm
wave_controller_x_inst/net37,310.34µm
raw_edge3_x\[8\],308.2µm
net10,308.05µm
raw_edge2_y\[4\],307.54µm
net423,307.03µm
net518,306.47µm
clknet_leaf_47_clk,306.47µm
wave_controller_x_inst/_0488_,306.37µm
net395,306.05µm
wave_controller_y_inst/net380,305.91µm
cfg_f_MEMS_fcw_y\[14\],305.84µm
raw_edge1_y\[19\],303.97µm
raw_edge2_y\[6\],303.11µm
wave_controller_x_inst/net35,302.7µm
analog[1],302.31µm
net443,301.73µm
wave_controller_y_inst/net27,301.58µm
cfg_phase270_offset_x\[18\],301.53µm
net525,301.48µm
net450,300.97µm
raw_edge1_x\[9\],300.92µm
raw_edge1_y\[17\],300.92µm
net594,300.26µm
raw_edge1_x\[5\],299.19µm
raw_edge1_x\[11\],298.73µm
net414,298.12µm
raw_edge1_y\[14\],297.51µm
wave_controller_x_inst/net589,296.9µm
spi_regs_inst/net238,296.08µm
spi_regs_inst/net462,295.22µm
spi_regs_inst/_0561_,294.84µm
wave_controller_x_inst/net435,294.35µm
net511,294.1µm
net491,293.74µm
net504,293.26µm
cfg_phase90_offset_y\[17\],293.03µm
delay_wave_cycle_y\[4\],292.52µm
wave_controller_y_inst/net58,292.42µm
cfg_phase270_offset_x\[1\],292.34µm
cfg_phase90_offset_x\[11\],291.45µm
net413,291.26µm
wave_controller_x_inst/net65,291.05µm
delay_wave_cycle_y\[3\],290.79µm
spi_regs_inst/net477,290.74µm
wave_controller_x_inst/net157,290.38µm
cfg_phase90_offset_x\[2\],290.18µm
cfg_phase270_offset_y\[0\],289.66µm
cfg_phase90_offset_x\[15\],289.54µm
cfg_phase90_offset_x\[20\],289.46µm
cal_dir_x,288.6µm
raw_edge1_x\[19\],288.19µm
net513,288.19µm
cfg_phase90_offset_x\[9\],287.6µm
delay_wave_cycle_x\[0\],287.43µm
net448,284.93µm
raw_edge3_x\[10\],284.63µm
cfg_phase0_offset_x\[11\],284.02µm
spi_regs_inst/net264,282.96µm
cfg_phase270_offset_y\[8\],282.29µm
net421,282.29µm
cfg_phase270_offset_x\[17\],282.07µm
net535,281.98µm
cfg_phase0_offset_x\[4\],281.37µm
raw_edge2_y\[8\],281.22µm
votes_out_phase_x\[0\],280.82µm
raw_edge1_y\[15\],280.2µm
raw_edge2_y\[10\],280.15µm
raw_edge3_x\[11\],280.15µm
wave_controller_x_inst/net75,279.13µm
cal_phase0_offset_y\[1\],279.03µm
wave_controller_x_inst/phase_acc\[12\],277.4µm
cfg_phase270_offset_y\[17\],276.45µm
wave_controller_y_inst/net55,275.72µm
net416,275.72µm
spi_regs_inst/net230,274.14µm
clknet_leaf_44_clk,274.09µm
net384,274.04µm
raw_edge3_x\[12\],273.48µm
raw_edge3_x\[9\],273.38µm
spi_regs_inst/net281,273.38µm
net510,273.15µm
wave_controller_x_inst/net436,272.92µm
spi_regs_inst/net460,272.51µm
net455,271.29µm
wave_controller_y_inst/net51,270.27µm
raw_edge2_y\[7\],269.71µm
raw_edge1_x\[13\],269µm
delay_wave_cycle_x\[3\],268.54µm
net446,268.34µm
spi_regs_inst/_0622_,268.06µm
delay_wave_cycle_x\[5\],267.98µm
spi_regs_inst/_0271_,267.88µm
wave_controller_x_inst/net67,267.88µm
raw_edge2_y\[14\],267.47µm
raw_edge1_x\[10\],266.3µm
wave_controller_y_inst/net132,266.2µm
net417,265.64µm
cfg_phase90_offset_x\[8\],265.08µm
raw_edge3_y\[8\],265.08µm
spi_regs_inst/net207,263.45µm
wave_controller_y_inst/net56,263.4µm
net507,263.35µm
net584,262.64µm
raw_edge2_y\[20\],261.11µm
wave_controller_y_inst/_0491_,261.01µm
spi_regs_inst/net208,260.86µm
net523,260.8µm
spi_regs_inst/_0682_,260.55µm
wave_controller_y_inst/net400,260.32µm
spi_regs_inst/net482,259.43µm
net415,259.38µm
net499,258.87µm
votes_out_phase_x\[2\],258.77µm
net501,258.36µm
raw_edge3_x\[5\],258.26µm
net530,258.05µm
net493,256.68µm
cfg_phase270_offset_y\[14\],256.63µm
wave_controller_x_inst/net176,256.12µm
cfg_phase90_offset_x\[10\],255.1µm
wave_controller_y_inst/net540,255.1µm
wave_controller_y_inst/phase_acc\[12\],254.95µm
wave_controller_x_inst/net431,253.78µm
clknet_leaf_53_clk,253.37µm
wave_controller_y_inst/net556,253.32µm
cfg_phase90_offset_x\[3\],253.27µm
cfg_phase90_offset_x\[17\],253.22µm
clknet_leaf_35_clk,253.22µm
wave_controller_x_inst/net73,252.76µm
cfg_phase90_offset_x\[18\],252.5µm
raw_edge1_y\[18\],252.35µm
raw_edge2_x\[0\],252.05µm
net442,251.69µm
cfg_phase270_offset_x\[0\],251.64µm
raw_edge2_y\[18\],251.13µm
spi_regs_inst/_0598_,251.11µm
raw_edge3_x\[14\],250.98µm
cfg_phase270_offset_x\[13\],250.57µm
wave_controller_y_inst/_1350_,249.4µm
votes_out_phase_y\[2\],248.33µm
delay_wave_cycle_y\[1\],248.23µm
wave_controller_y_inst/net502,247.57µm
spi_regs_inst/_0563_,247.16µm
raw_edge3_x\[19\],246.45µm
spi_regs_inst/net94,246.45µm
raw_edge3_x\[13\],246.04µm
wave_controller_y_inst/net356,246.04µm
cfg_phase0_offset_x\[0\],245.98µm
wave_controller_x_inst/net158,245.89µm
wave_controller_x_inst/net72,245.38µm
wave_controller_x_inst/net375,245.12µm
net520,244.56µm
cfg_phase0_offset_x\[20\],244.26µm
clknet_leaf_31_clk,243.9µm
spi_regs_inst/_0607_,242.55µm
cfg_phase270_offset_x\[8\],242.07µm
raw_edge1_y\[12\],241.92µm
wave_controller_x_inst/_1350_,241.86µm
wave_controller_x_inst/net427,241.81µm
jitter_flag_y,241.46µm
spi_regs_inst/net284,240.95µm
latch_error_x,240.85µm
raw_edge2_y\[19\],240.44µm
raw_edge3_y\[15\],239.32µm
raw_edge1_x\[16\],237.84µm
raw_edge3_y\[16\],237.59µm
cfg_phase270_offset_y\[16\],236.62µm
spi_regs_inst/_0208_,236.47µm
raw_edge3_x\[2\],235.91µm
cfg_phase90_offset_y\[8\],235.55µm
wave_controller_y_inst/net412,235.5µm
net453,235.4µm
cfg_f_MEMS_fcw_y\[8\],234.79µm
raw_edge1_y\[13\],234.79µm
cfg_phase90_offset_x\[16\],234.69µm
spi_regs_inst/net206,234.46µm
spi_regs_inst/_0675_,233.72µm
raw_edge1_y\[5\],233.67µm
cal_phase270_offset_y\[7\],233.62µm
wave_controller_y_inst/net50,233.62µm
wave_controller_x_inst/net38,233.21µm
cal_phase90_offset_y\[6\],233.16µm
wave_controller_x_inst/_0617_,233.11µm
raw_edge1_x\[7\],232.55µm
wave_controller_y_inst/net498,232.5µm
wave_controller_y_inst/net48,232.45µm
spi_regs_inst/net93,232.4µm
wave_controller_y_inst/net402,231.94µm
raw_edge3_y\[5\],231.38µm
wave_controller_x_inst/_1246_,230.92µm
wave_controller_y_inst/net357,230.92µm
spi_regs_inst/reg_wr_data\[0\],230.72µm
cal_phase90_offset_x\[16\],230.31µm
wave_controller_y_inst/_0722_,229.75µm
cfg_phase90_offset_y\[18\],229.19µm
state_o\[0\],228.07µm
raw_edge2_y\[13\],227.46µm
wave_controller_y_inst/net353,227.05µm
raw_edge1_x\[14\],226.54µm
spi_regs_inst/reg_wr_data\[1\],225.88µm
spi_regs_inst/net29,225.83µm
wave_controller_y_inst/net324,225.78µm
spi_regs_inst/_0226_,225.22µm
clknet_leaf_24_clk,224.91µm
spi_regs_inst/net185,224.82µm
wave_controller_y_inst/net407,224.81µm
cfg_phase270_offset_y\[1\],224.61µm
net444,224.2µm
cfg_phase270_offset_x\[16\],224.15µm
cfg_f_MEMS_fcw_x\[13\],223.69µm
raw_edge1_x\[20\],223.49µm
spi_regs_inst/_0642_,223.18µm
spi_regs_inst/_0212_,222.98µm
spi_regs_inst/net41,222.93µm
net515,222.52µm
cfg_phase270_offset_y\[7\],222.42µm
spi_regs_inst/net78,222.42µm
spi_regs_inst/net278,222.37µm
spi_regs_inst/net32,222.32µm
wave_controller_y_inst/_1238_,221.6µm
wave_controller_y_inst/net403,221.25µm
net582,220.84µm
wave_controller_x_inst/net371,220.33µm
net533,220.33µm
wave_controller_y_inst/net503,220.18µm
spi_regs_inst/net335,219.82µm
votes_in_phase_y\[2\],219.72µm
spi_regs_inst/net20,219.48µm
cfg_phase90_offset_x\[19\],219.06µm
cfg_f_MEMS_fcw_x\[0\],219.01µm
votes_in_phase_y\[3\],218.92µm
clknet_leaf_32_clk,218.6µm
wave_controller_x_inst/net325,218.4µm
raw_edge3_x\[7\],218.22µm
spi_regs_inst/net468,218.09µm
raw_edge1_y\[11\],218.04µm
cfg_phase270_offset_x\[20\],217.99µm
raw_edge2_x\[19\],217.53µm
wave_controller_y_inst/net509,217.07µm
raw_edge1_y\[20\],216.97µm
raw_edge1_x\[18\],216.92µm
jitter_flag_x,216.41µm
phase_state_x\[0\],216.26µm
spi_regs_inst/reg_wr_data\[7\],216.21µm
cfg_phase0_offset_y\[2\],215.85µm
raw_edge3_x\[17\],215.8µm
raw_edge3_x\[3\],215.75µm
wave_controller_x_inst/net372,215.65µm
phase_state_x\[1\],215.6µm
wave_controller_x_inst/_1235_,215.19µm
spi_regs_inst/net565,215.19µm
clknet_leaf_26_clk,215.09µm
spi_regs_inst/net103,215.01µm
net496,214.53µm
spi_regs_inst/net104,214.27µm
spi_regs_inst/_0665_,214.12µm
wave_controller_x_inst/net390,213.56µm
spi_regs_inst/net80,213.51µm
wave_controller_y_inst/net505,213.51µm
spi_regs_inst/net82,213.41µm
wave_controller_y_inst/net351,213.15µm
wave_controller_x_inst/net68,213.1µm
wave_controller_x_inst/net374,213.05µm
spi_regs_inst/_0373_,212.9µm
wave_controller_x_inst/net369,212.54µm
spi_regs_inst/reg_wr_data\[5\],212.34µm
spi_regs_inst/net112,211.83µm
spi_regs_inst/net129,211.83µm
cfg_phase0_offset_x\[17\],211.78µm
raw_edge2_x\[14\],211.42µm
net389,211.37µm
wave_controller_x_inst/_0492_,211.22µm
cal_phase0_offset_y\[6\],211.17µm
spi_regs_inst/_0699_,210.81µm
spi_regs_inst/_0287_,210.1µm
cfg_phase90_offset_y\[19\],209.54µm
spi_regs_inst/net92,209.44µm
cfg_phase90_offset_x\[14\],209.36µm
cal_phase270_offset_x\[7\],208.93µm
spi_regs_inst/_0718_,208.93µm
raw_edge3_y\[13\],208.52µm
wave_controller_y_inst/_1235_,208.52µm
wave_controller_x_inst/net437,208.52µm
raw_edge1_x\[17\],207.96µm
spi_regs_inst/net21,207.91µm
spi_regs_inst/net22,207.91µm
spi_regs_inst/net31,207.91µm
wave_controller_y_inst/net354,207.91µm
spi_regs_inst/_0619_,207.5µm
wave_controller_y_inst/_1246_,207.45µm
cfg_phase270_offset_y\[12\],207.4µm
cfg_phase90_offset_y\[16\],207.4µm
raw_edge3_y\[7\],207.3µm
wave_controller_y_inst/_1086_,206.94µm
cfg_phase0_offset_x\[2\],206.84µm
cfg_phase90_offset_x\[6\],206.74µm
spi_regs_inst/_0615_,206.66µm
wave_controller_y_inst/net57,205.87µm
cfg_f_MEMS_fcw_x\[3\],205.82µm
signal_processor_y_inst/_046_,205.77µm
spi_regs_inst/net19,205.06µm
spi_regs_inst/net30,205.01µm
spi_regs_inst/_0297_,204.89µm
wave_controller_x_inst/phase_acc\[10\],204.65µm
cal_phase90_offset_x\[11\],204.5µm
spi_regs_inst/net18,204.5µm
spi_regs_inst/net106,204.45µm
spi_regs_inst/net183,204.45µm
cfg_phase270_offset_y\[9\],204.04µm
cal_phase90_offset_x\[5\],203.94µm
raw_edge1_x\[0\],203.94µm
spi_regs_inst/net89,203.84µm
cal_phase0_offset_x\[0\],203.68µm
signal_processor_y_inst/net196,203.63µm
wave_controller_y_inst/net555,203.48µm
cfg_f_MEMS_fcw_y\[12\],203.38µm
state_o\[1\],203.38µm
cal_phase90_offset_x\[15\],202.21µm
cal_phase90_offset_y\[0\],201.81µm
spi_regs_inst/net476,201.8µm
cfg_phase90_offset_y\[1\],201.65µm
spi_regs_inst/_0305_,201.6µm
cfg_phase0_offset_x\[14\],201.09µm
net612,200.63µm
spi_regs_inst/net107,200.58µm
spi_regs_inst/net239,200.58µm
wave_controller_y_inst/net558,200.58µm
wave_controller_y_inst/net607,200.02µm
net615,200.02µm
raw_edge1_y\[6\],199.97µm
spi_regs_inst/net224,199.61µm
clknet_leaf_8_clk,199µm
spi_regs_inst/_0719_,198.9µm
cfg_phase0_offset_y\[8\],198.34µm
net553,197.88µm
wave_controller_x_inst/phase_acc\[16\],197.47µm
wave_controller_x_inst/net376,197.32µm
wave_controller_x_inst/net69,197.17µm
cfg_phase0_offset_x\[8\],196.81µm
cfg_phase0_offset_x\[13\],196.66µm
phase_state_y\[0\],196.66µm
raw_edge3_x\[16\],196.66µm
clknet_leaf_33_clk,196.15µm
cal_phase90_offset_x\[14\],196.1µm
cfg_phase0_offset_y\[20\],196.1µm
cal_phase0_offset_x\[4\],196µm
spi_regs_inst/net105,195.64µm
wave_controller_y_inst/net506,194.62µm
wave_controller_y_inst/_1242_,194.47µm
spi_regs_inst/_0565_,194.22µm
clknet_leaf_55_clk,194.11µm
cfg_phase270_offset_y\[18\],194.01µm
wave_controller_x_inst/net426,193.91µm
raw_edge3_x\[15\],193.86µm
cfg_phase90_offset_y\[12\],193.81µm
cfg_f_MEMS_fcw_x\[12\],193.25µm
spi_regs_inst/reg_wr_data\[6\],193.25µm
wave_controller_x_inst/net71,193.25µm
clknet_leaf_57_clk,192.99µm
wave_controller_x_inst/net581,192.89µm
spi_regs_inst/net102,192.64µm
wave_controller_y_inst/_1245_,192.28µm
net547,192.23µm
net561,192.23µm
clknet_leaf_28_clk,191.77µm
wave_controller_x_inst/_1277_,191.62µm
cfg_phase0_offset_x\[6\],191.57µm
votes_out_phase_y\[1\],191.57µm
net577,191.52µm
spi_regs_inst/net131,191.16µm
votes_out_phase_y\[3\],190.89µm
cfg_phase0_offset_x\[10\],190.7µm
wave_controller_y_inst/net47,190.6µm
raw_edge2_x\[3\],190.55µm
cfg_phase0_offset_y\[15\],189.99µm
spi_regs_inst/net40,189.38µm
cfg_phase270_offset_x\[3\],189.28µm
clknet_leaf_48_clk,189.12µm
wave_controller_y_inst/net358,188.97µm
net579,188.97µm
clknet_leaf_58_clk,188.97µm
net543,188.92µm
cal_phase90_offset_x\[9\],188.87µm
wave_controller_y_inst/_1241_,188.36µm
cfg_phase0_offset_x\[3\],188.26µm
cal_dir_y,188.21µm
votes_in_phase_x\[2\],187.65µm
spi_regs_inst/net483,187.24µm
raw_edge2_y\[5\],187.04µm
wave_controller_x_inst/_1248_,186.78µm
wave_controller_x_inst/net66,186.63µm
spi_regs_inst/net113,186.13µm
wave_controller_y_inst/_1226_,186.12µm
wave_controller_y_inst/net355,186.07µm
cfg_phase90_offset_y\[6\],185.66µm
wave_controller_x_inst/net586,185.61µm
clknet_leaf_56_clk,185.56µm
cfg_phase270_offset_y\[19\],185.05µm
cal_phase90_offset_y\[9\],184.9µm
cfg_phase270_offset_x\[15\],184.44µm
wave_controller_y_inst/phase_acc\[17\],184.39µm
cal_phase270_offset_x\[5\],184.34µm
cfg_phase0_offset_y\[3\],184.34µm
raw_edge2_y\[1\],184.34µm
wave_controller_y_inst/net536,184.08µm
clknet_leaf_23_clk,183.93µm
spi_regs_inst/_0377_,183.72µm
net592,183.68µm
wave_controller_y_inst/_1239_,183.27µm
state_o\[2\],183.22µm
cfg_phase0_offset_x\[12\],182.76µm
cfg_f_MEMS_fcw_y\[3\],182.66µm
wave_controller_y_inst/net495,182.66µm
cfg_phase270_offset_x\[4\],182.61µm
spi_regs_inst/net474,182.15µm
clknet_leaf_12_clk,181.79µm
clknet_leaf_34_clk,181.69µm
wave_controller_x_inst/_1312_,181.54µm
wave_controller_x_inst/_1086_,181.28µm
wave_controller_x_inst/net359,181.13µm
wave_controller_y_inst/net508,181.03µm
net604,180.47µm
cfg_phase270_offset_y\[4\],180.42µm
raw_edge3_y\[6\],180.42µm
spi_regs_inst/_0232_,180.41µm
clknet_leaf_0_clk,180.11µm
wave_controller_x_inst/net373,180.01µm
cfg_phase90_offset_y\[3\],179.96µm
signal_processor_x_inst/net197,179.91µm
wave_controller_y_inst/net598,179.45µm
raw_edge3_y\[18\],179.4µm
cal_phase270_offset_y\[15\],179.25µm
spi_regs_inst/_0272_,179.1µm
cfg_phase270_offset_y\[13\],178.94µm
spi_regs_inst/_0667_,178.89µm
cfg_phase0_offset_y\[10\],178.79µm
cfg_phase270_offset_y\[15\],178.79µm
wave_controller_x_inst/net591,178.79µm
spi_regs_inst/_0484_,178.74µm
spi_regs_inst/net288,178.74µm
wave_controller_y_inst/net596,178.74µm
wave_controller_y_inst/net514,178.28µm
wave_controller_y_inst/_1227_,178.23µm
cal_phase90_offset_x\[20\],178.22µm
wave_controller_y_inst/net342,177.97µm
signal_processor_y_inst/_055_,177.92µm
wave_controller_x_inst/_1238_,177.87µm
net578,177.77µm
cfg_phase270_offset_y\[5\],177.72µm
spi_regs_inst/net272,177.67µm
cfg_phase0_offset_x\[16\],177.62µm
raw_edge2_x\[4\],177.57µm
wave_controller_x_inst/net315,177.57µm
net576,177.26µm
spi_regs_inst/net583,177.11µm
cal_phase270_offset_y\[17\],176.96µm
spi_regs_inst/net472,176.45µm
net572,176.14µm
cfg_phase0_offset_x\[18\],175.94µm
spi_regs_inst/_0679_,175.94µm
wave_controller_x_inst/_1305_,175.84µm
net550,175.53µm
cal_phase0_offset_y\[14\],175.33µm
votes_in_phase_y\[1\],175.28µm
clknet_leaf_25_clk,174.97µm
raw_edge2_x\[2\],174.87µm
cal_phase270_offset_y\[0\],174.82µm
net622,174.82µm
spi_regs_inst/net563,174.46µm
clknet_leaf_19_clk,174.41µm
wave_controller_y_inst/_1248_,174.36µm
wave_controller_y_inst/net411,174.31µm
wave_controller_y_inst/phase_acc\[15\],174.21µm
wave_controller_y_inst/phase_acc\[11\],174.03µm
wave_controller_y_inst/_1240_,174µm
wave_controller_x_inst/phase_acc\[8\],173.29µm
votes_in_phase_x\[0\],173.19µm
wave_controller_x_inst/_1243_,172.78µm
spi_regs_inst/net231,172.68µm
cfg_f_MEMS_fcw_x\[2\],172.63µm
spi_regs_inst/_0210_,172.58µm
cal_phase90_offset_x\[4\],172.53µm
signal_processor_x_inst/_055_,172.17µm
spi_regs_inst/_0361_,171.68µm
cal_phase0_offset_y\[0\],171.41µm
spi_regs_inst/_0646_,171µm
spi_regs_inst/spi_addr\[0\],170.95µm
raw_edge1_x\[15\],170.39µm
clknet_leaf_1_clk,169.98µm
wave_controller_x_inst/net377,169.93µm
wave_controller_y_inst/phase_acc\[8\],169.83µm
wave_controller_x_inst/net391,169.83µm
spi_regs_inst/_0492_,169.68µm
spi_regs_inst/net304,169.68µm
cfg_phase90_offset_x\[5\],169.27µm
wave_controller_x_inst/_0491_,169.27µm
wave_controller_y_inst/net492,169.22µm
wave_controller_x_inst/net439,168.81µm
cal_phase270_offset_y\[16\],168.71µm
raw_edge3_y\[9\],168.61µm
clknet_leaf_13_clk,168.3µm
wave_controller_y_inst/_1243_,167.69µm
raw_edge1_y\[0\],167.59µm
signal_processor_x_inst/net570,167.08µm
cfg_phase270_offset_y\[6\],166.93µm
wave_controller_x_inst/net524,166.93µm
wave_controller_x_inst/_1226_,166.52µm
cfg_phase270_offset_x\[2\],166.42µm
spi_regs_inst/_0621_,166.37µm
net549,166.01µm
spi_regs_inst/net562,165.96µm
wave_controller_y_inst/_0619_,165.91µm
spi_regs_inst/spi_addr\[1\],165.86µm
spi_regs_inst/_0294_,165.73µm
clknet_leaf_22_clk,165.5µm
spi_regs_inst/net241,165.25µm
spi_regs_inst/_0288_,164.86µm
cfg_phase90_offset_y\[10\],164.79µm
cfg_phase270_offset_y\[10\],164.33µm
boot_complete,164.18µm
cfg_phase270_offset_x\[6\],164.18µm
votes_out_phase_x\[1\],164.18µm
cal_phase270_offset_x\[3\],164.08µm
wave_controller_x_inst/phase_acc\[17\],163.72µm
raw_edge1_y\[1\],163.67µm
spi_regs_inst/net599,163.21µm
wave_controller_y_inst/net420,162.65µm
cfg_f_MEMS_fcw_x\[14\],162.55µm
cfg_phase90_offset_y\[0\],162.55µm
wave_controller_y_inst/phase_acc\[14\],162.5µm
cfg_phase0_offset_x\[19\],162.45µm
wave_controller_x_inst/net590,162.24µm
spi_regs_inst/net601,161.48µm
cfg_f_MEMS_fcw_x\[1\],161.33µm
spi_regs_inst/_0350_,161.33µm
wave_controller_x_inst/net74,161.33µm
cal_phase90_offset_x\[0\],161.28µm
net567,160.87µm
spi_regs_inst/net203,160.82µm
wave_controller_x_inst/net531,160.77µm
net573,160.31µm
spi_regs_inst/net551,159.9µm
clknet_leaf_10_clk,159.85µm
clknet_leaf_43_clk,159.85µm
spi_regs_inst/net259,159.65µm
cal_phase270_offset_x\[6\],159.6µm
cal_phase90_offset_x\[3\],159.14µm
cfg_phase0_offset_y\[19\],158.63µm
wave_controller_y_inst/phase_acc\[10\],158.12µm
wave_controller_y_inst/net597,158.07µm
raw_edge3_x\[18\],158.02µm
wave_controller_y_inst/phase_acc\[18\],157.76µm
raw_edge2_y\[9\],157.51µm
spi_regs_inst/net240,157.51µm
cal_phase270_offset_x\[9\],157.46µm
votes_in_phase_x\[1\],157.36µm
clknet_leaf_40_clk,157.05µm
cal_phase0_offset_y\[3\],156.93µm
cal_phase270_offset_y\[10\],156.85µm
clknet_leaf_11_clk,156.59µm
net532,156.54µm
cfg_phase90_offset_y\[11\],155.93µm
wave_controller_x_inst/_1237_,155.88µm
cfg_phase90_offset_x\[13\],155.83µm
spi_regs_inst/net217,155.83µm
spi_regs_inst/net614,155.83µm
raw_edge3_y\[11\],155.78µm
spi_regs_inst/net232,155.78µm
wave_controller_x_inst/net440,155.42µm
spi_regs_inst/net253,155.32µm
spi_regs_inst/net329,155.32µm
latch_error_y,155.17µm
clknet_leaf_16_clk,154.91µm
clknet_leaf_45_clk,154.81µm
phase_state_y\[1\],154.66µm
net552,154.25µm
clknet_leaf_51_clk,154.2µm
raw_edge2_x\[9\],154.15µm
cal_phase270_offset_x\[15\],153.59µm
raw_edge2_y\[16\],153.59µm
wave_controller_y_inst/phase_acc\[4\],153.08µm
wave_controller_x_inst/net430,152.93µm
wave_controller_x_inst/net619,152.42µm
cal_phase0_offset_y\[10\],152.37µm
clknet_leaf_14_clk,152.11µm
spi_regs_inst/net301,152.01µm
wave_controller_x_inst/_1244_,151.96µm
spi_regs_inst/net189,151.86µm
cfg_phase0_offset_y\[0\],151.81µm
cfg_phase0_offset_y\[17\],151.45µm
cfg_phase270_offset_y\[20\],151.35µm
wave_controller_y_inst/_0714_,151.35µm
net624,151.2µm
cfg_phase0_offset_y\[11\],150.79µm
wave_controller_y_inst/_0307_,150.13µm
spi_regs_inst/net279,150.13µm
cfg_phase90_offset_y\[14\],149.67µm
net545,149.67µm
spi_regs_inst/_0560_,149.62µm
wave_controller_y_inst/_1317_,149.57µm
spi_regs_inst/net283,149.52µm
wave_controller_y_inst/net308,149.16µm
cal_phase270_offset_x\[0\],149.01µm
clknet_leaf_27_clk,148.75µm
wave_controller_y_inst/phase_acc\[5\],148.6µm
spi_regs_inst/net223,148.55µm
spi_regs_inst/_0345_,148.45µm
spi_regs_inst/net273,148.45µm
cal_phase90_offset_x\[12\],148.4µm
spi_regs_inst/net195,147.99µm
spi_regs_inst/net219,147.94µm
spi_regs_inst/net247,147.89µm
spi_regs_inst/_0452_,147.48µm
wave_controller_x_inst/net617,147.43µm
cal_phase90_offset_y\[7\],147.33µm
spi_regs_inst/_0219_,147.33µm
cfg_phase90_offset_y\[20\],146.77µm
clknet_leaf_18_clk,146.56µm
clknet_leaf_50_clk,146.36µm
cfg_phase270_offset_x\[9\],146.31µm
spi_regs_inst/net210,146.31µm
wave_controller_x_inst/phase_acc\[18\],146.21µm
wave_controller_x_inst/_1242_,145.85µm
spi_regs_inst/_0295_,145.7µm
net559,145.65µm
net383,145.29µm
wave_controller_y_inst/_1230_,145.24µm
wave_controller_x_inst/net526,145.24µm
clknet_leaf_52_clk,145.19µm
wave_controller_x_inst/net434,145.09µm
wave_controller_x_inst/net159,145.04µm
spi_regs_inst/net334,144.78µm
net571,144.68µm
raw_edge1_y\[2\],144.63µm
wave_controller_x_inst/_1273_,144.63µm
clknet_leaf_29_clk,144.63µm
cfg_phase90_offset_y\[15\],144.58µm
spi_regs_inst/net225,144.58µm
cal_phase90_offset_y\[10\],144.48µm
spi_regs_inst/_0419_,144.48µm
wave_controller_y_inst/net512,144.27µm
cfg_phase90_offset_x\[1\],144.17µm
spi_regs_inst/_0274_,144.17µm
cfg_phase0_offset_x\[7\],144.12µm
spi_regs_inst/_0576_,144.12µm
spi_regs_inst/net182,144.12µm
wave_controller_x_inst/phase_acc\[11\],144.07µm
spi_regs_inst/net585,144.07µm
votes_in_phase_y\[0\],143.97µm
spi_regs_inst/_0429_,143.97µm
spi_regs_inst/_0471_,143.97µm
cal_phase270_offset_y\[2\],143.92µm
spi_regs_inst/net330,143.66µm
spi_regs_inst/_0248_,143.36µm
wave_controller_y_inst/_1390_,143.36µm
spi_regs_inst/net291,143.14µm
cfg_phase0_offset_x\[5\],142.95µm
raw_edge2_x\[6\],142.95µm
wave_controller_y_inst/phase_acc\[2\],142.95µm
clknet_leaf_42_clk,142.44µm
spi_regs_inst/net289,142.39µm
cfg_phase90_offset_y\[9\],141.98µm
net569,141.93µm
spi_regs_inst/net275,141.88µm
net568,141.88µm
spi_regs_inst/net235,141.78µm
clknet_leaf_9_clk,141.47µm
cfg_f_MEMS_fcw_y\[4\],141.27µm
spi_regs_inst/_0723_,141.27µm
cfg_phase0_offset_y\[18\],141.17µm
spi_regs_inst/net261,141.17µm
clknet_leaf_39_clk,140.86µm
wave_controller_y_inst/_1312_,140.71µm
wave_controller_x_inst/net360,140.61µm
spi_regs_inst/net221,140.4µm
clknet_leaf_20_clk,140.3µm
votes_in_phase_x\[3\],140.15µm
spi_regs_inst/_0503_,140.1µm
clknet_leaf_4_clk,139.74µm
wave_controller_x_inst/_1266_,139.64µm
spi_regs_inst/net613,139.64µm
spi_regs_inst/net218,139.54µm
cfg_phase90_offset_y\[7\],139.44µm
wave_controller_y_inst/net309,139.33µm
cfg_phase270_offset_y\[11\],139.08µm
spi_regs_inst/net169,139.08µm
spi_regs_inst/_0623_,138.98µm
votes_out_phase_y\[0\],138.93µm
spi_regs_inst/net575,138.06µm
wave_controller_x_inst/net616,137.86µm
cal_phase90_offset_y\[2\],137.76µm
wave_controller_y_inst/_1244_,137.45µm
clknet_leaf_7_clk,136.89µm
spi_regs_inst/net212,136.84µm
spi_regs_inst/net213,136.79µm
clknet_leaf_37_clk,136.79µm
clknet_leaf_49_clk,136.79µm
spi_regs_inst/_0308_,136.68µm
spi_regs_inst/net610,136.38µm
cal_phase0_offset_y\[2\],136.28µm
cfg_phase90_offset_x\[4\],136.28µm
soft_rst,136.18µm
net541,135.77µm
spi_regs_inst/_0721_,135.72µm
net548,135.72µm
cal_phase0_offset_y\[8\],135.57µm
spi_regs_inst/_0722_,135.24µm
wave_controller_x_inst/phase_acc\[15\],135.16µm
signal_processor_y_inst/net382,135.16µm
wave_controller_y_inst/_1680_,135.11µm
spi_regs_inst/_0431_,135.06µm
wave_controller_y_inst/_0642_,134.96µm
clknet_leaf_17_clk,134.75µm
cfg_phase0_offset_y\[14\],134.6µm
wave_controller_x_inst/_1303_,134.55µm
net546,134.45µm
spi_regs_inst/_0423_,134.03µm
spi_regs_inst/net280,133.94µm
cal_phase270_offset_y\[9\],133.89µm
spi_regs_inst/_0575_,133.89µm
clknet_leaf_30_clk,133.48µm
spi_regs_inst/_0383_,133.38µm
spi_regs_inst/net260,133.33µm
wave_controller_y_inst/_1287_,133.28µm
wave_controller_x_inst/_0650_,133.06µm
wave_controller_y_inst/_1277_,132.82µm
spi_regs_inst/net276,132.82µm
spi_regs_inst/net271,132.21µm
raw_edge1_y\[3\],132.16µm
wave_controller_x_inst/net316,131.9µm
spi_regs_inst/net274,131.85µm
spi_regs_inst/net332,131.34µm
spi_regs_inst/net282,131.14µm
signal_processor_y_inst/_042_,131.09µm
spi_regs_inst/net220,130.68µm
cal_phase270_offset_y\[14\],130.63µm
spi_regs_inst/net268,130.63µm
cal_phase90_offset_x\[17\],130.58µm
cfg_phase90_offset_x\[0\],130.12µm
clknet_leaf_3_clk,130.12µm
wave_controller_y_inst/_1232_,130.07µm
wave_controller_x_inst/_1338_,130.02µm
spi_regs_inst/spi_addr\[3\],129.66µm
wave_controller_x_inst/_1230_,129.46µm
clknet_leaf_5_clk,129µm
spi_regs_inst/net228,128.95µm
spi_regs_inst/net254,128.9µm
cfg_f_MEMS_fcw_x\[9\],128.29µm
clknet_leaf_46_clk,127.83µm
raw_edge3_y\[14\],127.78µm
wave_controller_y_inst/net401,127.73µm
cal_phase90_offset_y\[17\],127.68µm
wave_controller_y_inst/net399,127.32µm
cfg_phase270_offset_x\[7\],127.22µm
wave_controller_y_inst/capture_pending,127.22µm
spi_regs_inst/net270,127.17µm
net623,127.17µm
spi_regs_inst/net258,126.3µm
wave_controller_y_inst/_1237_,126.2µm
clknet_leaf_38_clk,125.79µm
wave_controller_y_inst/_0565_,125.49µm
spi_regs_inst/net214,125.49µm
wave_controller_x_inst/capture_pending,125.18µm
wave_controller_y_inst/_1285_,124.93µm
spi_regs_inst/net237,124.93µm
clknet_leaf_2_clk,124.52µm
raw_edge2_x\[5\],124.47µm
wave_controller_x_inst/phase_acc\[4\],124.47µm
spi_regs_inst/net188,124.47µm
spi_regs_inst/_0562_,124.42µm
wave_controller_y_inst/phase_acc\[6\],124.42µm
wave_controller_x_inst/net64,124.37µm
wave_controller_y_inst/_1082_,124.32µm
spi_regs_inst/net204,124.06µm
raw_edge2_x\[17\],123.91µm
wave_controller_y_inst/net84,123.91µm
spi_regs_inst/net168,123.86µm
signal_processor_x_inst/net387,123.55µm
wave_controller_y_inst/net538,123.4µm
spi_regs_inst/_0720_,123.25µm
cal_phase0_offset_y\[7\],123.2µm
spi_regs_inst/_0451_,123.01µm
spi_regs_inst/net249,122.79µm
spi_regs_inst/_0464_,122.69µm
cal_phase90_offset_y\[18\],122.18µm
spi_regs_inst/net216,122.18µm
cal_phase0_offset_x\[15\],122.13µm
wave_controller_x_inst/_1310_,122.13µm
clknet_leaf_6_clk,121.82µm
spi_regs_inst/_0659_,121.67µm
wave_controller_y_inst/_1267_,121.67µm
spi_regs_inst/net265,121.67µm
spi_regs_inst/_0229_,121.62µm
wave_controller_x_inst/net618,121.57µm
wave_controller_y_inst/net539,121.52µm
signal_processor_x_inst/net388,121.31µm
spi_regs_inst/net243,121.21µm
wave_controller_y_inst/_0305_,121.06µm
wave_controller_y_inst/phase_acc\[1\],121.06µm
wave_controller_x_inst/net165,121.06µm
spi_regs_inst/spi_addr\[2\],120.65µm
spi_regs_inst/_0712_,120.6µm
net560,120.5µm
cal_phase90_offset_x\[8\],120.4µm
wave_controller_y_inst/_0263_,120.4µm
net542,119.99µm
spi_regs_inst/_0698_,119.94µm
cfg_f_MEMS_fcw_x\[15\],119.89µm
spi_regs_inst/_0608_,119.89µm
spi_regs_inst/_0325_,119.86µm
clknet_leaf_54_clk,119.48µm
wave_controller_y_inst/net406,119.43µm
cfg_phase90_offset_y\[5\],119.38µm
spi_regs_inst/_0482_,119.38µm
spi_regs_inst/_0511_,119.33µm
cal_phase90_offset_y\[8\],119.28µm
spi_regs_inst/net244,119.28µm
spi_regs_inst/_0410_,119.14µm
wave_controller_y_inst/_1266_,119.07µm
spi_regs_inst/net234,118.92µm
spi_regs_inst/_0546_,118.77µm
wave_controller_x_inst/_1276_,118.77µm
spi_regs_inst/net327,118.51µm
wave_controller_y_inst/phase_acc\[3\],117.8µm
cfg_f_MEMS_fcw_x\[8\],117.75µm
cal_phase270_offset_y\[4\],117.65µm
wave_controller_x_inst/net361,117.29µm
spi_regs_inst/net211,117.14µm
spi_regs_inst/net285,117.14µm
spi_regs_inst/net209,116.68µm
cfg_phase90_offset_x\[7\],116.58µm
spi_regs_inst/net266,116.58µm
spi_regs_inst/_0677_,116.53µm
wave_controller_y_inst/net146,116.53µm
cfg_phase0_offset_x\[9\],116.17µm
raw_edge2_y\[2\],116.12µm
wave_controller_x_inst/_1232_,115.97µm
spi_regs_inst/net269,115.97µm
spi_regs_inst/_0427_,115.92µm
spi_regs_inst/net602,115.56µm
spi_regs_inst/net229,115.51µm
spi_regs_inst/_0359_,115.41µm
cfg_phase270_offset_x\[5\],115µm
spi_regs_inst/_0223_,115µm
wave_controller_x_inst/_1275_,115µm
phase_offset_imported,114.9µm
wave_controller_y_inst/net45,114.49µm
wave_controller_x_inst/net428,114.44µm
wave_controller_x_inst/net88,114.39µm
cfg_f_MEMS_fcw_x\[5\],114.24µm
wave_controller_x_inst/net438,113.93µm
spi_regs_inst/net242,113.88µm
spi_regs_inst/_0391_,113.83µm
wave_controller_y_inst/_1276_,113.83µm
cal_phase90_offset_x\[18\],113.73µm
spi_regs_inst/_0408_,113.73µm
cfg_phase270_offset_x\[11\],113.32µm
cfg_phase0_offset_x\[15\],113.22µm
cfg_phase0_offset_y\[5\],113.17µm
wave_controller_x_inst/_0721_,113.17µm
spi_regs_inst/net262,112.81µm
wave_controller_y_inst/net603,112.76µm
wave_controller_y_inst/net310,112.66µm
cal_phase90_offset_x\[7\],112.61µm
raw_edge3_y\[17\],112.15µm
spi_regs_inst/_0704_,112.1µm
cal_phase270_offset_y\[5\],112.05µm
spi_regs_inst/_0725_,112.05µm
wave_controller_x_inst/net62,112.05µm
wave_controller_y_inst/_1255_,112µm
spi_regs_inst/net201,111.69µm
wave_controller_x_inst/_1269_,111.64µm
spi_regs_inst/net290,111.59µm
wave_controller_x_inst/net368,111.59µm
spi_regs_inst/net236,111.54µm
clknet_leaf_41_clk,111.18µm
wave_controller_x_inst/_1240_,111.03µm
wave_controller_x_inst/phase_acc\[6\],110.93µm
wave_controller_x_inst/wave_cycle_cnt\[3\],110.93µm
cal_phase90_offset_x\[2\],110.88µm
spi_regs_inst/_0544_,110.88µm
spi_regs_inst/_0493_,110.81µm
spi_regs_inst/net336,110.52µm
spi_regs_inst/_0277_,110.47µm
wave_controller_y_inst/net44,110.47µm
spi_regs_inst/_0239_,110.42µm
spi_regs_inst/_0724_,110.37µm
wave_controller_x_inst/phase_acc\[1\],110.06µm
wave_controller_x_inst/phase_acc\[5\],110.01µm
cfg_f_MEMS_fcw_x\[7\],109.91µm
wave_controller_x_inst/_1227_,109.86µm
spi_regs_inst/net611,109.4µm
wave_controller_x_inst/_1308_,108.64µm
spi_regs_inst/net233,108.23µm
spi_regs_inst/net202,108.13µm
spi_regs_inst/net246,108.13µm
cfg_f_MEMS_fcw_y\[1\],107.72µm
spi_regs_inst/net226,107.57µm
wave_controller_x_inst/net317,107.52µm
wave_controller_x_inst/wave_cycle_cnt\[5\],107.21µm
cal_phase270_offset_y\[20\],107.06µm
spi_regs_inst/net215,107.06µm
spi_regs_inst/net600,106.6µm
spi_regs_inst/_0336_,106.55µm
signal_processor_y_inst/_041_,106.19µm
spi_regs_inst/_0673_,105.99µm
spi_regs_inst/_0564_,105.94µm
clknet_leaf_36_clk,105.94µm
read_en,105.89µm
wave_controller_x_inst/_0263_,105.89µm
wave_controller_y_inst/_0152_,105.89µm
spi_regs_inst/_0293_,105.72µm
cfg_phase270_offset_x\[12\],105.48µm
spi_regs_inst/net305,105.43µm
spi_regs_inst/_0225_,105.38µm
spi_regs_inst/rx_shift\[2\],105.38µm
wave_controller_y_inst/net79,105.38µm
spi_regs_inst/_0545_,105.28µm
wave_controller_x_inst/_0565_,105.28µm
spi_regs_inst/net292,105.15µm
wave_controller_x_inst/_1313_,104.87µm
spi_regs_inst/net250,104.87µm
wave_controller_y_inst/net397,104.87µm
wave_controller_y_inst/_1262_,104.82µm
spi_regs_inst/net470,104.82µm
wave_controller_x_inst/_1267_,104.77µm
wave_controller_y_inst/_1634_,104.77µm
cal_phase270_offset_x\[12\],104.72µm
wave_controller_y_inst/net175,104.72µm
spi_regs_inst/_0703_,104.36µm
clknet_leaf_15_clk,104.31µm
clknet_leaf_21_clk,103.75µm
spi_regs_inst/_0671_,103.7µm
wave_controller_y_inst/_1313_,103.7µm
signal_processor_x_inst/net198,103.7µm
raw_edge2_x\[1\],103.34µm
wave_controller_y_inst/_1310_,103.24µm
spi_regs_inst/net257,103.14µm
spi_regs_inst/net303,103.09µm
wave_controller_y_inst/net77,103.04µm
wave_controller_y_inst/net54,102.78µm
spi_regs_inst/net248,102.63µm
spi_regs_inst/_0376_,102.61µm
spi_regs_inst/net256,102.53µm
wave_controller_y_inst/_1210_,102.48µm
wave_controller_x_inst/net429,102.22µm
spi_regs_inst/_0683_,102.17µm
spi_regs_inst/_0692_,102.07µm
signal_processor_x_inst/_046_,102.02µm
cfg_phase90_offset_y\[4\],101.97µm
cal_phase90_offset_y\[15\],101.92µm
wave_controller_x_inst/phase_acc\[3\],101.71µm
cfg_f_MEMS_fcw_x\[10\],101.46µm
spi_regs_inst/_0690_,101.41µm
wave_controller_x_inst/_1314_,101.41µm
spi_regs_inst/_0420_,101.36µm
wave_controller_x_inst/net81,101.36µm
wave_controller_y_inst/_1635_,100.8µm
cal_phase270_offset_x\[17\],100.52µm
spi_regs_inst/_0605_,100.34µm
cfg_phase0_offset_x\[1\],99.93µm
wave_controller_x_inst/_0720_,99.68µm
wave_controller_x_inst/_1390_,99.68µm
spi_regs_inst/net170,99.32µm
cal_phase0_offset_x\[19\],99.22µm
wave_controller_x_inst/_0714_,99.17µm
wave_controller_y_inst/_1093_,99.12µm
net9,98.71µm
spi_regs_inst/net222,98.66µm
spi_regs_inst/net252,98.61µm
wave_controller_x_inst/phase_acc\[2\],98.2µm
spi_regs_inst/net181,98.2µm
raw_edge3_y\[2\],98.1µm
spi_regs_inst/_0216_,98.1µm
spi_regs_inst/_0228_,98.05µm
cal_phase270_offset_y\[1\],98µm
spi_regs_inst/_0591_,97.84µm
wave_controller_x_inst/_1649_,97.72µm
wave_controller_x_inst/_1307_,97.59µm
wave_controller_y_inst/_1346_,97.59µm
cal_phase0_offset_x\[14\],97.54µm
wave_controller_x_inst/_1346_,97.54µm
spi_regs_inst/net331,97.54µm
spi_regs_inst/_0685_,97.49µm
wave_controller_x_inst/_1317_,97.49µm
wave_controller_y_inst/_1094_,97.49µm
cfg_f_MEMS_fcw_y\[0\],97.34µm
spi_regs_inst/net199,96.98µm
wave_controller_x_inst/_0629_,96.93µm
spi_regs_inst/_0375_,96.88µm
wave_controller_x_inst/_1239_,96.52µm
spi_regs_inst/_0417_,96.47µm
cfg_f_MEMS_fcw_x\[6\],96.42µm
wave_controller_x_inst/_1270_,96.42µm
spi_regs_inst/net245,96.42µm
spi_regs_inst/_0211_,96.37µm
wave_controller_y_inst/_0629_,96.37µm
spi_regs_inst/rx_shift\[5\],95.91µm
signal_processor_y_inst/comp_pipe\[3\],95.81µm
spi_regs_inst/net263,95.76µm
wave_controller_x_inst/_1752_,95.4µm
spi_regs_inst/_0387_,95.35µm
wave_controller_y_inst/net350,95.35µm
wave_controller_x_inst/_1234_,95.2µm
spi_regs_inst/_0583_,94.84µm
spi_regs_inst/net287,94.79µm
wave_controller_y_inst/_1314_,94.74µm
wave_controller_y_inst/_0544_,94.64µm
wave_controller_y_inst/net174,94.64µm
wave_controller_x_inst/_1635_,94.18µm
wave_controller_y_inst/_0490_,93.77µm
spi_regs_inst/_0434_,93.72µm
wave_controller_x_inst/_1680_,93.72µm
cfg_phase0_offset_y\[13\],93.67µm
wave_controller_x_inst/_0994_,93.57µm
spi_regs_inst/_0709_,93.52µm
wave_controller_y_inst/net150,93.11µm
spi_regs_inst/_0477_,93.06µm
spi_regs_inst/net251,93.06µm
wave_controller_y_inst/net537,93.06µm
wave_controller_y_inst/phase_acc\[20\],92.96µm
signal_processor_y_inst/_054_,92.5µm
cal_phase90_offset_y\[12\],92.4µm
spi_regs_inst/_0384_,92.4µm
wave_controller_x_inst/phase_acc\[0\],92.09µm
cfg_phase0_offset_y\[16\],91.89µm
wave_controller_x_inst/_1268_,91.84µm
wave_controller_x_inst/_1315_,91.38µm
spi_regs_inst/_0445_,91.33µm
wave_controller_x_inst/net60,91.33µm
spi_regs_inst/net544,90.92µm
wave_controller_y_inst/net343,90.46µm
wave_controller_y_inst/wave_cycle_cnt\[5\],90.41µm
wave_controller_x_inst/_1301_,90.36µm
cal_phase0_offset_x\[2\],90.26µm
spi_regs_inst/_0700_,90.26µm
wave_controller_x_inst/net318,90.26µm
wave_controller_x_inst/_0448_,90.21µm
cfg_phase0_offset_y\[9\],89.65µm
spi_regs_inst/net277,89.65µm
spi_regs_inst/_0567_,89.6µm
cfg_phase0_offset_y\[4\],89.14µm
spi_regs_inst/reg_wr_addr\[3\],89.14µm
wave_controller_x_inst/_1241_,89.14µm
wave_controller_y_inst/_1360_,89.14µm
signal_processor_y_inst/s270_pipe\[3\],89.09µm
wave_controller_x_inst/net179,89.09µm
spi_regs_inst/reg_wr_addr\[2\],88.68µm
spi_regs_inst/_0696_,88.58µm
cal_phase90_offset_y\[5\],88.53µm
signal_processor_x_inst/_042_,88.53µm
signal_processor_x_inst/_054_,88.48µm
wave_controller_x_inst/_0846_,88.48µm
wave_controller_x_inst/_1634_,87.97µm
cal_phase0_offset_y\[5\],87.92µm
cal_phase270_offset_x\[4\],87.92µm
wave_controller_y_inst/_0555_,87.92µm
wave_controller_y_inst/_1065_,87.92µm
signal_processor_y_inst/_061_,87.56µm
spi_regs_inst/_0702_,87.41µm
cal_phase90_offset_y\[11\],87.36µm
spi_regs_inst/_0301_,87.36µm
wave_controller_x_inst/_1445_,86.95µm
wave_controller_x_inst/_0212_,86.85µm
wave_controller_y_inst/_0528_,86.29µm
wave_controller_x_inst/_1426_,86.24µm
wave_controller_y_inst/_0690_,86.24µm
spi_regs_inst/_0711_,85.93µm
wave_controller_x_inst/net534,85.88µm
cfg_phase270_offset_x\[10\],85.73µm
spi_regs_inst/_0527_,85.73µm
spi_regs_inst/net205,85.73µm
wave_controller_x_inst/_1361_,85.12µm
signal_processor_x_inst/_041_,84.61µm
spi_regs_inst/_0466_,84.61µm
spi_regs_inst/net95,84.56µm
wave_controller_y_inst/net46,84.2µm
wave_controller_y_inst/_1273_,84.15µm
wave_controller_x_inst/net320,84.15µm
spi_regs_inst/_0449_,84.05µm
spi_regs_inst/_0678_,84.05µm
wave_controller_x_inst/_1074_,84.05µm
wave_controller_y_inst/net42,83.69µm
spi_regs_inst/rx_shift\[4\],83.49µm
wave_controller_y_inst/_0788_,83.44µm
wave_controller_y_inst/_0975_,83.44µm
wave_controller_x_inst/_0372_,83.16µm
signal_processor_y_inst/s90_pipe\[3\],83.03µm
spi_regs_inst/net297,82.98µm
cal_phase90_offset_y\[3\],82.88µm
wave_controller_x_inst/_1094_,82.88µm
wave_controller_x_inst/_1342_,82.57µm
wave_controller_y_inst/net148,82.57µm
spi_regs_inst/reg_wr_addr\[0\],82.52µm
spi_regs_inst/_0224_,82.47µm
wave_controller_y_inst/net312,82.47µm
spi_regs_inst/_0603_,82.42µm
raw_edge2_y\[3\],81.91µm
wave_controller_x_inst/_1300_,81.81µm
spi_regs_inst/net300,81.4µm
cal_phase0_offset_y\[4\],81.25µm
cal_phase90_offset_x\[19\],81.2µm
spi_regs_inst/_0254_,81.2µm
_04_,80.69µm
wave_controller_y_inst/net419,80.69µm
spi_regs_inst/spi_addr\[5\],80.23µm
spi_regs_inst/_0270_,80.13µm
spi_regs_inst/_0314_,80.13µm
spi_regs_inst/_0655_,80.13µm
cal_phase0_offset_y\[9\],80.08µm
spi_regs_inst/_0378_,80.08µm
spi_regs_inst/_0616_,80.08µm
wave_controller_y_inst/net85,79.67µm
raw_edge3_x\[6\],79.62µm
wave_controller_x_inst/_0390_,79.62µm
wave_controller_y_inst/_1224_,79.62µm
raw_edge3_y\[3\],79.06µm
signal_processor_y_inst/_057_,79.06µm
wave_controller_y_inst/_0848_,79.06µm
spi_regs_inst/_0542_,79.01µm
spi_regs_inst/mosi_sync\[1\],79.01µm
wave_controller_y_inst/_1671_,79.01µm
spi_regs_inst/net186,79.01µm
wave_controller_x_inst/_1489_,78.96µm
wave_controller_y_inst/net96,78.96µm
wave_controller_x_inst/net163,78.96µm
wave_controller_x_inst/_1093_,78.65µm
spi_regs_inst/_0664_,78.55µm
cal_phase0_offset_x\[6\],78.45µm
spi_regs_inst/_0476_,78.4µm
wave_controller_y_inst/_0638_,78.4µm
wave_controller_y_inst/_1441_,78.4µm
spi_regs_inst/_0291_,78.05µm
wave_controller_y_inst/_0510_,77.89µm
cal_phase0_offset_x\[7\],77.84µm
wave_controller_y_inst/_0541_,77.84µm
spi_regs_inst/_0706_,77.48µm
spi_regs_inst/_0661_,77.38µm
spi_regs_inst/net267,77.33µm
spi_regs_inst/_0533_,77.28µm
spi_regs_inst/_0666_,76.87µm
cfg_f_MEMS_fcw_y\[6\],76.72µm
spi_regs_inst/_0317_,76.72µm
wave_controller_y_inst/_1254_,76.72µm
wave_controller_x_inst/net366,76.49µm
spi_regs_inst/_0566_,76.26µm
spi_regs_inst/_0701_,76.26µm
spi_regs_inst/net99,76.21µm
cal_phase270_offset_y\[3\],76.16µm
spi_regs_inst/_0363_,76.16µm
spi_regs_inst/_0475_,75.7µm
spi_regs_inst/rx_shift\[3\],75.7µm
wave_controller_x_inst/_0500_,75.7µm
spi_regs_inst/net17,75.65µm
spi_regs_inst/_0306_,75.6µm
spi_regs_inst/_0483_,75.6µm
signal_processor_y_inst/s90,75.34µm
wave_controller_x_inst/net367,75.24µm
spi_regs_inst/_0680_,75.19µm
wave_controller_y_inst/_1315_,75.09µm
spi_regs_inst/net485,75.09µm
soft_rst_n,75.04µm
spi_regs_inst/_0310_,75.04µm
wave_controller_x_inst/_0152_,75.04µm
raw_edge3_y\[19\],74.63µm
wave_controller_x_inst/_1465_,74.53µm
spi_regs_inst/_0422_,74.48µm
wave_controller_y_inst/comp_sync0,74.48µm
wave_controller_y_inst/phase_acc\[16\],74.48µm
wave_controller_y_inst/net349,74.48µm
wave_controller_y_inst/net352,74.07µm
wave_controller_y_inst/_0323_,73.97µm
wave_controller_y_inst/_1465_,73.97µm
cal_phase0_offset_x\[13\],73.92µm
cal_phase0_offset_x\[18\],73.92µm
spi_regs_inst/_0473_,73.92µm
wave_controller_y_inst/_1585_,73.92µm
wave_controller_x_inst/wave_cycle_cnt\[4\],73.61µm
spi_regs_inst/_0708_,73.51µm
spi_regs_inst/_0528_,73.46µm
spi_regs_inst/_0676_,73.46µm
cal_phase0_offset_x\[10\],73.36µm
wave_controller_y_inst/wave_cycle_cnt\[0\],73.05µm
wave_controller_x_inst/_1459_,72.95µm
spi_regs_inst/net328,72.95µm
wave_controller_x_inst/net432,72.95µm
wave_controller_x_inst/_0834_,72.85µm
wave_controller_x_inst/_0642_,72.34µm
spi_regs_inst/_0264_,72.29µm
wave_controller_x_inst/_1455_,72.29µm
wave_controller_x_inst/net365,72.29µm
cal_phase0_offset_x\[16\],72.24µm
spi_regs_inst/_0469_,72.24µm
wave_controller_y_inst/_1456_,71.88µm
spi_regs_inst/_0304_,71.73µm
wave_controller_x_inst/_0213_,71.73µm
wave_controller_x_inst/phase_acc\[9\],71.73µm
wave_controller_y_inst/_1066_,71.68µm
wave_controller_y_inst/_1675_,71.68µm
spi_regs_inst/_0315_,71.22µm
wave_controller_y_inst/_0546_,71.22µm
spi_regs_inst/_0617_,71.12µm
wave_controller_y_inst/_1270_,70.76µm
wave_controller_x_inst/net516,70.71µm
wave_controller_x_inst/_0485_,70.66µm
wave_controller_x_inst/_1265_,70.66µm
wave_controller_x_inst/net587,70.66µm
wave_controller_x_inst/_0788_,70.61µm
wave_controller_y_inst/_1586_,70.56µm
spi_regs_inst/net574,70.38µm
wave_controller_y_inst/phase_acc\[0\],70.25µm
wave_controller_y_inst/_1305_,70.2µm
raw_edge1_x\[12\],70.15µm
wave_controller_x_inst/phase_acc\[7\],70.1µm
wave_controller_x_inst/net178,70.05µm
spi_regs_inst/_0234_,70µm
wave_controller_y_inst/_1476_,69.74µm
wave_controller_x_inst/net164,69.59µm
wave_controller_y_inst/net344,69.59µm
wave_controller_y_inst/net405,69.59µm
spi_regs_inst/_0338_,69.49µm
spi_regs_inst/_0250_,69.44µm
spi_regs_inst/_0323_,69.44µm
wave_controller_y_inst/_0390_,69.44µm
spi_regs_inst/_0687_,69.03µm
spi_regs_inst/net187,69.03µm
wave_controller_y_inst/_0834_,68.98µm
spi_regs_inst/_0695_,68.93µm
wave_controller_x_inst/_0510_,68.93µm
wave_controller_y_inst/phase_acc\[9\],68.93µm
wave_controller_x_inst/net363,68.93µm
wave_controller_x_inst/_1360_,68.88µm
spi_regs_inst/net184,68.88µm
wave_controller_y_inst/net398,68.47µm
cfg_f_MEMS_fcw_x\[11\],68.42µm
spi_regs_inst/_0688_,68.42µm
wave_controller_x_inst/_0486_,68.37µm
wave_controller_y_inst/_0448_,68.37µm
cal_phase90_offset_y\[19\],68.32µm
wave_controller_y_inst/_1338_,67.91µm
spi_regs_inst/_0222_,67.86µm
spi_regs_inst/_0531_,67.86µm
wave_controller_x_inst/_1432_,67.81µm
spi_regs_inst/_0261_,67.76µm
wave_controller_x_inst/_0449_,67.3µm
spi_regs_inst/_0355_,67.2µm
spi_regs_inst/_0707_,67.2µm
signal_processor_x_inst/comp_pipe\[3\],66.84µm
spi_regs_inst/_0358_,66.79µm
spi_regs_inst/_0672_,66.74µm
wave_controller_x_inst/_0848_,66.74µm
wave_controller_x_inst/_1255_,66.74µm
wave_controller_y_inst/net404,66.74µm
cal_phase0_offset_y\[16\],66.69µm
spi_regs_inst/_0247_,66.69µm
spi_regs_inst/_0507_,66.69µm
spi_regs_inst/net91,66.69µm
signal_processor_x_inst/cycle_count\[0\],66.18µm
wave_controller_y_inst/_1269_,66.18µm
wave_controller_y_inst/wave_cycle_cnt\[3\],66.18µm
wave_controller_y_inst/_0425_,66.13µm
spi_regs_inst/net101,66.13µm
spi_regs_inst/reg_wr_addr\[1\],65.77µm
wave_controller_x_inst/net63,65.72µm
spi_regs_inst/_0379_,65.67µm
wave_controller_y_inst/_1461_,65.62µm
wave_controller_y_inst/_1627_,65.52µm
spi_regs_inst/_0517_,65.16µm
wave_controller_x_inst/net433,65.11µm
spi_regs_inst/_0586_,65.06µm
spi_regs_inst/net190,65.06µm
wave_controller_x_inst/_0878_,65.01µm
wave_controller_x_inst/net97,64.96µm
wave_controller_x_inst/wave_cycle_cnt\[2\],64.7µm
spi_regs_inst/spi_addr\[4\],64.6µm
wave_controller_x_inst/_1272_,64.6µm
spi_regs_inst/_0587_,64.45µm
wave_controller_y_inst/_0529_,64.4µm
wave_controller_y_inst/_1249_,63.94µm
wave_controller_x_inst/_1254_,63.89µm
wave_controller_y_inst/_0982_,63.89µm
wave_controller_x_inst/_0546_,63.84µm
wave_controller_x_inst/_1343_,63.53µm
wave_controller_x_inst/net370,63.53µm
wave_controller_y_inst/_0994_,63.38µm
wave_controller_y_inst/_0189_,63.33µm
wave_controller_y_inst/_0300_,63.33µm
wave_controller_y_inst/_0879_,63.33µm
spi_regs_inst/_0324_,63.28µm
spi_regs_inst/_0534_,63.28µm
wave_controller_y_inst/_0212_,63.28µm
spi_regs_inst/rx_shift\[0\],62.87µm
wave_controller_y_inst/_1306_,62.87µm
wave_controller_x_inst/_1245_,62.82µm
wave_controller_x_inst/_1637_,62.77µm
wave_controller_y_inst/_0265_,62.72µm
spi_regs_inst/_0263_,62.16µm
spi_regs_inst/_0327_,62.16µm
spi_regs_inst/_0713_,62.16µm
wave_controller_y_inst/_0325_,62.16µm
wave_controller_y_inst/_1745_,62.16µm
spi_regs_inst/net255,62.16µm
delay_wave_cycle_y\[5\],61.75µm
spi_regs_inst/_0592_,61.75µm
wave_controller_y_inst/_0846_,61.75µm
wave_controller_y_inst/net149,61.7µm
wave_controller_y_inst/_1462_,61.65µm
wave_controller_y_inst/wave_cycle_cnt\[6\],61.65µm
spi_regs_inst/_0245_,61.6µm
spi_regs_inst/_0396_,61.6µm
wave_controller_y_inst/_1637_,61.6µm
wave_controller_x_inst/net362,61.24µm
spi_regs_inst/_0694_,61.19µm
spi_regs_inst/_0002_,61.14µm
wave_controller_y_inst/wave_cycle_cnt\[1\],61.14µm
wave_controller_x_inst/_0630_,61.09µm
wave_controller_x_inst/_0879_,61.09µm
wave_controller_x_inst/_1661_,61.09µm
wave_controller_y_inst/_0936_,61.09µm
spi_regs_inst/net200,61.09µm
spi_regs_inst/_0530_,61.04µm
wave_controller_y_inst/_0373_,60.53µm
signal_processor_x_inst/_006_,60.48µm
spi_regs_inst/_0367_,60.48µm
wave_controller_y_inst/_1265_,60.48µm
spi_regs_inst/net100,60.48µm
wave_controller_x_inst/_0490_,60.4µm
wave_controller_x_inst/net519,60.07µm
wave_controller_x_inst/net114,60.02µm
spi_regs_inst/_0217_,59.97µm
spi_regs_inst/_0446_,59.97µm
wave_controller_y_inst/_0485_,59.97µm
cal_phase0_offset_y\[17\],59.92µm
wave_controller_y_inst/net346,59.56µm
wave_controller_y_inst/net608,59.56µm
wave_controller_x_inst/_1428_,59.46µm
wave_controller_y_inst/_0618_,59.46µm
spi_regs_inst/_0353_,59.41µm
spi_regs_inst/_0491_,59.36µm
wave_controller_x_inst/_0000_,59.36µm
signal_processor_x_inst/_061_,58.9µm
spi_regs_inst/rx_shift\[6\],58.9µm
wave_controller_x_inst/_0307_,58.9µm
wave_controller_y_inst/net108,58.9µm
wave_controller_x_inst/_0982_,58.85µm
wave_controller_y_inst/_1039_,58.85µm
wave_controller_y_inst/_1071_,58.8µm
cal_start,58.29µm
wave_controller_x_inst/_0472_,58.24µm
signal_processor_x_inst/s90,57.88µm
spi_regs_inst/_0697_,57.83µm
cfg_phase90_offset_y\[2\],57.78µm
wave_controller_x_inst/_0613_,57.73µm
spi_regs_inst/net286,57.73µm
wave_controller_y_inst/_0536_,57.68µm
wave_controller_y_inst/net173,57.68µm
wave_controller_y_inst/_1341_,57.27µm
spi_regs_inst/_0578_,57.22µm
wave_controller_x_inst/_0189_,57.22µm
wave_controller_x_inst/_0618_,57.22µm
spi_regs_inst/net306,57.22µm
cal_phase270_offset_x\[13\],57.17µm
wave_controller_x_inst/_0544_,57.17µm
cal_phase0_offset_x\[11\],57.12µm
wave_controller_x_inst/_1475_,57.12µm
spi_regs_inst/_0633_,56.66µm
wave_controller_x_inst/phase_acc\[20\],56.61µm
wave_controller_y_inst/net134,56.61µm
wave_controller_x_inst/_1065_,56.56µm
signal_processor_y_inst/cycle_count\[0\],56.1µm
wave_controller_x_inst/_1476_,56.1µm
wave_controller_x_inst/_0373_,56.05µm
wave_controller_y_inst/_0256_,56.05µm
wave_controller_x_inst/_0138_,56µm
wave_controller_y_inst/_1447_,55.59µm
wave_controller_y_inst/wave_cycle_cnt\[4\],55.59µm
spi_regs_inst/_0670_,55.54µm
raw_edge2_y\[15\],55.49µm
signal_processor_x_inst/_070_,55.49µm
spi_regs_inst/_0320_,55.49µm
wave_controller_x_inst/_0265_,55.49µm
wave_controller_x_inst/_0686_,55.49µm
wave_controller_y_inst/_1531_,55.49µm
wave_controller_x_inst/net319,55.49µm
cal_phase90_offset_y\[1\],55.44µm
spi_regs_inst/_0715_,55.44µm
wave_controller_y_inst/_1074_,55.44µm
wave_controller_y_inst/_1075_,55.44µm
signal_processor_x_inst/s90_pipe\[3\],55.03µm
cal_phase0_offset_x\[5\],54.98µm
wave_controller_x_inst/_0649_,54.98µm
wave_controller_y_inst/_1459_,54.98µm
wave_controller_x_inst/_1381_,54.93µm
wave_controller_x_inst/_1642_,54.93µm
spi_regs_inst/_0286_,54.88µm
spi_regs_inst/_0290_,54.88µm
wave_controller_y_inst/_1291_,54.42µm
spi_regs_inst/_0590_,54.37µm
wave_controller_y_inst/_0069_,54.37µm
wave_controller_y_inst/phase_acc\[7\],54.37µm
spi_regs_inst/_0474_,54.32µm
spi_regs_inst/_0549_,54.32µm
wave_controller_x_inst/_0638_,54.32µm
wave_controller_y_inst/_1275_,53.91µm
cfg_phase270_offset_y\[3\],53.86µm
spi_regs_inst/_0411_,53.86µm
wave_controller_x_inst/_1249_,53.86µm
wave_controller_x_inst/_1071_,53.81µm
wave_controller_y_inst/_1505_,53.81µm
spi_regs_inst/_0519_,53.76µm
wave_controller_y_inst/_0213_,53.76µm
wave_controller_x_inst/_1291_,53.45µm
spi_regs_inst/_0559_,53.35µm
signal_processor_y_inst/_066_,53.3µm
spi_regs_inst/_0207_,53.25µm
wave_controller_y_inst/_0360_,53.25µm
wave_controller_y_inst/_0997_,53.25µm
wave_controller_y_inst/_0635_,53.2µm
wave_controller_y_inst/net348,53.01µm
wave_controller_x_inst/_1306_,52.79µm
wave_controller_x_inst/_1329_,52.74µm
wave_controller_y_inst/_1308_,52.74µm
wave_controller_y_inst/_1336_,52.74µm
wave_controller_y_inst/phase_acc\[13\],52.74µm
spi_regs_inst/_0501_,52.69µm
spi_regs_inst/_0717_,52.69µm
wave_controller_x_inst/_0917_,52.18µm
wave_controller_x_inst/_0256_,52.13µm
wave_controller_y_inst/wave_cycle_cnt\[2\],52.13µm
spi_regs_inst/_0594_,52.08µm
wave_controller_x_inst/_1211_,52.08µm
wave_controller_x_inst/_1324_,52.08µm
wave_controller_x_inst/_1488_,52.08µm
wave_controller_y_inst/_1452_,52.08µm
wave_controller_y_inst/_1460_,52.08µm
wave_controller_x_inst/_1036_,51.62µm
wave_controller_x_inst/phase_acc\[14\],51.62µm
raw_edge2_x\[10\],51.57µm
cal_phase0_offset_x\[12\],51.52µm
wave_controller_y_inst/_1344_,51.11µm
spi_regs_inst/cs_n_sync,51.06µm
wave_controller_y_inst/_0614_,51.01µm
wave_controller_y_inst/_1335_,51.01µm
wave_controller_y_inst/_1463_,51.01µm
spi_regs_inst/_0480_,50.96µm
spi_regs_inst/_0221_,50.6µm
raw_edge1_y\[8\],50.5µm
wave_controller_y_inst/_0486_,50.5µm
wave_controller_y_inst/_0993_,50.5µm
spi_regs_inst/_0285_,50.45µm
wave_controller_x_inst/_1665_,50.45µm
wave_controller_y_inst/_0449_,50.45µm
wave_controller_y_inst/_0729_,50.45µm
wave_controller_y_inst/_1727_,50.45µm
cfg_done,50.4µm
spi_regs_inst/_0413_,50.4µm
wave_controller_y_inst/_1395_,50.4µm
spi_regs_inst/_0579_,50.17µm
wave_controller_x_inst/wave_cycle_cnt\[7\],50.04µm
wave_controller_y_inst/_1470_,50.04µm
wave_controller_y_inst/_0294_,49.99µm
spi_regs_inst/_0577_,49.94µm
wave_controller_x_inst/_0294_,49.94µm
wave_controller_x_inst/_1505_,49.94µm
wave_controller_y_inst/_0720_,49.94µm
wave_controller_x_inst/_0374_,49.89µm
wave_controller_x_inst/_1039_,49.89µm
wave_controller_y_inst/_0316_,49.89µm
cal_phase270_offset_y\[12\],49.84µm
wave_controller_x_inst/_0683_,49.38µm
wave_controller_x_inst/_1205_,49.33µm
wave_controller_x_inst/_1463_,49.33µm
wave_controller_x_inst/_1484_,49.33µm
wave_controller_y_inst/_0609_,49.33µm
latch_phase90_y,49.28µm
wave_controller_y_inst/_1729_,49.28µm
spi_regs_inst/_0686_,48.97µm
spi_regs_inst/_0674_,48.92µm
wave_controller_x_inst/_1585_,48.82µm
wave_controller_y_inst/_0886_,48.82µm
cal_phase0_offset_x\[17\],48.77µm
cal_phase270_offset_x\[1\],48.77µm
wave_controller_y_inst/net43,48.77µm
wave_controller_y_inst/net347,48.77µm
wave_controller_y_inst/_1351_,48.72µm
wave_controller_y_inst/_1347_,48.64µm
wave_controller_x_inst/_0993_,48.31µm
wave_controller_x_inst/_1617_,48.31µm
wave_controller_x_inst/_1262_,48.26µm
cal_phase90_offset_x\[1\],48.21µm
wave_controller_x_inst/_1466_,48.21µm
wave_controller_y_inst/_1268_,48.21µm
wave_controller_y_inst/_1455_,48.21µm
wave_controller_y_inst/_1665_,48.21µm
spi_regs_inst/rx_shift\[1\],48.16µm
wave_controller_x_inst/_1659_,48.16µm
wave_controller_y_inst/_0859_,48.16µm
wave_controller_x_inst/comp_sync3,47.75µm
wave_controller_x_inst/_0384_,47.7µm
wave_controller_y_inst/net345,47.7µm
signal_processor_x_inst/_088_,47.65µm
wave_controller_y_inst/_0965_,47.65µm
cal_phase270_offset_x\[19\],47.6µm
wave_controller_y_inst/_0721_,47.6µm
wave_controller_y_inst/_1345_,47.24µm
raw_edge2_x\[15\],47.19µm
wave_controller_y_inst/cal_burst_active,47.19µm
wave_controller_x_inst/_0541_,47.09µm
spi_regs_inst/_0481_,47.04µm
wave_controller_x_inst/_0289_,46.68µm
cal_phase270_offset_x\[20\],46.58µm
spi_regs_inst/_0269_,46.53µm
wave_controller_x_inst/_1478_,46.53µm
spi_regs_inst/_0668_,46.07µm
wave_controller_y_inst/_1297_,46.07µm
spi_regs_inst/_0478_,46.02µm
spi_regs_inst/_0523_,46.02µm
wave_controller_x_inst/_1332_,46.02µm
wave_controller_y_inst/_0694_,46.02µm
spi_regs_inst/net180,46.02µm
wave_controller_y_inst/net125,45.97µm
wave_controller_x_inst/_1064_,45.92µm
wave_controller_y_inst/_0143_,45.92µm
spi_regs_inst/_0218_,45.51µm
wave_controller_y_inst/_0688_,45.46µm
wave_controller_y_inst/_1755_,45.46µm
spi_regs_inst/spi_state,45µm
cfg_phase0_offset_y\[12\],44.95µm
cal_phase90_offset_x\[13\],44.85µm
wave_controller_x_inst/_0920_,44.85µm
wave_controller_y_inst/_1432_,44.85µm
wave_controller_y_inst/_1489_,44.85µm
comp_y,44.8µm
spi_regs_inst/_0282_,44.8µm
wave_controller_x_inst/_1531_,44.8µm
wave_controller_y_inst/_1247_,44.8µm
wave_controller_y_inst/_1534_,44.8µm
spi_regs_inst/_0227_,44.44µm
wave_controller_y_inst/_0500_,44.34µm
cal_phase270_offset_y\[19\],44.29µm
wave_controller_x_inst/_1298_,44.29µm
wave_controller_x_inst/_1522_,44.29µm
spi_regs_inst/_0400_,44.24µm
wave_controller_x_inst/_0624_,44.24µm
wave_controller_x_inst/_0975_,44.24µm
wave_controller_x_inst/wave_cycle_cnt\[0\],44.24µm
state_machine_inst/_12_,43.88µm
spi_regs_inst/_0681_,43.83µm
spi_regs_inst/_0209_,43.78µm
wave_controller_x_inst/_1204_,43.78µm
latch_phase90_x,43.73µm
wave_controller_x_inst/_1755_,43.73µm
wave_controller_y_inst/_0567_,43.73µm
wave_controller_y_inst/_0934_,43.73µm
wave_controller_y_inst/_1163_,43.73µm
wave_controller_y_inst/_1333_,43.73µm
spi_regs_inst/_0311_,43.68µm
spi_regs_inst/_0548_,43.68µm
wave_controller_x_inst/_1441_,43.68µm
wave_controller_y_inst/_1433_,43.68µm
wave_controller_x_inst/_0614_,43.27µm
wave_controller_y_inst/_0718_,43.27µm
wave_controller_x_inst/_0504_,43.22µm
wave_controller_x_inst/phase_acc\[13\],43.22µm
wave_controller_y_inst/_0780_,43.22µm
wave_controller_y_inst/_1011_,43.22µm
wave_controller_y_inst/_1329_,43.22µm
wave_controller_y_inst/net147,43.22µm
cal_phase90_offset_y\[4\],43.17µm
spi_regs_inst/_0352_,43.17µm
wave_controller_x_inst/_0580_,43.12µm
wave_controller_x_inst/_1296_,43.12µm
wave_controller_y_inst/net109,43.12µm
wave_controller_y_inst/_1303_,42.91µm
signal_processor_y_inst/_101_,42.76µm
spi_regs_inst/net333,42.71µm
raw_edge2_y\[11\],42.66µm
spi_regs_inst/_0206_,42.66µm
wave_controller_x_inst/_0724_,42.61µm
wave_controller_x_inst/_0923_,42.61µm
wave_controller_y_inst/_0492_,42.61µm
wave_controller_y_inst/_0730_,42.61µm
signal_processor_y_inst/_073_,42.56µm
spi_regs_inst/_0241_,42.56µm
wave_controller_x_inst/_0567_,42.56µm
wave_controller_y_inst/_0487_,42.56µm
wave_controller_x_inst/_0516_,42.15µm
raw_edge2_x\[7\],42.1µm
wave_controller_x_inst/_0831_,42.1µm
spi_regs_inst/_0266_,42.05µm
wave_controller_x_inst/_1395_,42.05µm
wave_controller_y_inst/_0138_,42.05µm
wave_controller_y_inst/_0630_,42.05µm
wave_controller_y_inst/_1204_,42.05µm
wave_controller_y_inst/_0724_,42µm
signal_processor_y_inst/_102_,41.54µm
signal_processor_x_inst/_102_,41.49µm
spi_regs_inst/_0380_,41.49µm
wave_controller_y_inst/_0243_,41.49µm
wave_controller_y_inst/_1205_,41.49µm
wave_controller_x_inst/_0584_,41.44µm
wave_controller_y_inst/_0700_,41.44µm
wave_controller_y_inst/net311,41.44µm
wave_controller_x_inst/_0247_,41.13µm
wave_controller_x_inst/_1297_,41.03µm
spi_regs_inst/reg_wr_addr\[4\],40.98µm
wave_controller_x_inst/_0715_,40.93µm
wave_controller_y_inst/_0475_,40.93µm
wave_controller_y_inst/_0878_,40.88µm
signal_processor_y_inst/_088_,40.75µm
wave_controller_y_inst/_1324_,40.47µm
wave_controller_x_inst/_1336_,40.42µm
wave_controller_y_inst/_1320_,40.42µm
cal_phase90_offset_x\[6\],40.37µm
wave_controller_x_inst/_0231_,40.37µm
wave_controller_x_inst/_1206_,40.37µm
wave_controller_y_inst/_0921_,40.37µm
wave_controller_y_inst/_1458_,40.37µm
wave_controller_y_inst/_1488_,40.37µm
spi_regs_inst/_0276_,40.32µm
wave_controller_x_inst/_0581_,40.32µm
wave_controller_y_inst/_0129_,40.32µm
wave_controller_x_inst/net364,40.32µm
raw_edge1_x\[1\],40.06µm
wave_controller_x_inst/_0827_,39.86µm
wave_controller_x_inst/_1351_,39.86µm
wave_controller_x_inst/_1586_,39.86µm
wave_controller_y_inst/_1426_,39.86µm
spi_regs_inst/_0329_,39.81µm
wave_controller_x_inst/_0965_,39.81µm
wave_controller_y_inst/_0683_,39.81µm
wave_controller_y_inst/_1493_,39.81µm
wave_controller_y_inst/net124,39.81µm
wave_controller_y_inst/_0537_,39.76µm
signal_processor_y_inst/cnt_out\[0\],39.4µm
wave_controller_x_inst/wave_cycle_cnt\[6\],39.35µm
wave_controller_y_inst/_0253_,39.35µm
wave_controller_x_inst/_0842_,39.3µm
wave_controller_x_inst/_1047_,39.3µm
wave_controller_y_inst/_0488_,39.3µm
wave_controller_y_inst/_1309_,39.3µm
spi_regs_inst/net302,39.3µm
cfg_f_MEMS_fcw_y\[10\],39.25µm
cfg_phase0_offset_y\[1\],39.25µm
wave_controller_x_inst/_1579_,39.25µm
wave_controller_y_inst/_0180_,39.25µm
spi_regs_inst/net478,39.25µm
spi_regs_inst/_0242_,39.2µm
wave_controller_x_inst/_0531_,39.2µm
wave_controller_x_inst/_1407_,39.2µm
wave_controller_x_inst/_0615_,38.79µm
wave_controller_x_inst/_0836_,38.79µm
spi_regs_inst/_0365_,38.74µm
wave_controller_y_inst/_1307_,38.74µm
wave_controller_x_inst/_1042_,38.69µm
spi_regs_inst/_0669_,38.64µm
wave_controller_x_inst/_1671_,38.64µm
wave_controller_y_inst/_0247_,38.64µm
wave_controller_y_inst/_0595_,38.28µm
wave_controller_x_inst/_1341_,38.23µm
wave_controller_y_inst/_0584_,38.23µm
cfg_phase90_offset_y\[13\],38.18µm
wave_controller_x_inst/_1335_,38.18µm
wave_controller_x_inst/_1462_,38.18µm
wave_controller_y_inst/_0716_,38.18µm
signal_processor_x_inst/cycle_count\[1\],38.13µm
signal_processor_y_inst/_006_,38.13µm
spi_regs_inst/_0514_,38.13µm
wave_controller_y_inst/_0258_,38.13µm
wave_controller_y_inst/_0968_,38.13µm
wave_controller_x_inst/wave_cycle_cnt\[1\],38.08µm
wave_controller_y_inst/_0842_,38.08µm
wave_controller_y_inst/_1319_,38.08µm
cfg_phase0_offset_y\[6\],37.67µm
spi_regs_inst/_0213_,37.67µm
wave_controller_x_inst/_1334_,37.67µm
wave_controller_y_inst/_1617_,37.67µm
wave_controller_x_inst/_1344_,37.62µm
wave_controller_x_inst/_1470_,37.62µm
wave_controller_y_inst/net110,37.62µm
spi_regs_inst/_0258_,37.57µm
spi_regs_inst/_0581_,37.57µm
spi_regs_inst/reg_wr_addr\[5\],37.57µm
spi_regs_inst/spi_addr\[6\],37.57µm
wave_controller_x_inst/_0609_,37.57µm
wave_controller_x_inst/_1468_,37.57µm
wave_controller_y_inst/_0154_,37.57µm
wave_controller_y_inst/_0496_,37.57µm
wave_controller_y_inst/_0923_,37.57µm
wave_controller_y_inst/_1361_,37.57µm
spi_regs_inst/_0395_,37.52µm
wave_controller_x_inst/_0336_,37.52µm
wave_controller_x_inst/_1075_,37.52µm
wave_controller_y_inst/_0581_,37.52µm
wave_controller_x_inst/_0852_,37.06µm
wave_controller_y_inst/_1289_,37.06µm
wave_controller_y_inst/_1696_,37.06µm
spi_regs_inst/_0509_,37.01µm
wave_controller_x_inst/_0209_,37.01µm
wave_controller_x_inst/_0360_,37.01µm
wave_controller_x_inst/_1670_,37.01µm
wave_controller_y_inst/_0135_,37.01µm
spi_regs_inst/_0710_,36.96µm
wave_controller_x_inst/_0305_,36.96µm
wave_controller_x_inst/_1293_,36.96µm
signal_processor_y_inst/cycle_count\[1\],36.6µm
wave_controller_x_inst/_1458_,36.5µm
wave_controller_x_inst/_1675_,36.5µm
wave_controller_y_inst/_1357_,36.5µm
wave_controller_y_inst/_1428_,36.5µm
wave_controller_y_inst/comp_sync3,36.5µm
spi_regs_inst/_0235_,36.45µm
wave_controller_x_inst/_1066_,36.45µm
cal_phase270_offset_y\[13\],36.4µm
spi_regs_inst/_0220_,36.4µm
wave_controller_y_inst/_0607_,36.4µm
spi_regs_inst/reg_wr_en,35.99µm
wave_controller_x_inst/_0425_,35.99µm
spi_regs_inst/_0574_,35.94µm
spi_regs_inst/_0612_,35.94µm
wave_controller_y_inst/_0702_,35.94µm
wave_controller_y_inst/_1624_,35.94µm
spi_regs_inst/_0344_,35.89µm
wave_controller_x_inst/_0730_,35.89µm
wave_controller_y_inst/_1579_,35.89µm
cal_phase270_offset_x\[16\],35.84µm
wave_controller_x_inst/_1011_,35.84µm
wave_controller_x_inst/_1061_,35.84µm
wave_controller_y_inst/_0713_,35.84µm
wave_controller_y_inst/_0917_,35.84µm
wave_controller_y_inst/_1343_,35.84µm
wave_controller_y_inst/_0736_,35.48µm
wave_controller_x_inst/_1318_,35.43µm
wave_controller_y_inst/_0163_,35.43µm
wave_controller_x_inst/net61,35.43µm
spi_regs_inst/_0298_,35.38µm
wave_controller_x_inst/_0257_,35.38µm
raw_edge1_y\[10\],35.33µm
spi_regs_inst/tx_shift\[0\],35.33µm
wave_controller_x_inst/_1069_,35.33µm
wave_controller_x_inst/_1745_,35.33µm
wave_controller_y_inst/_0310_,35.33µm
wave_controller_y_inst/_0353_,35.33µm
wave_controller_y_inst/_0989_,35.33µm
spi_regs_inst/_0440_,35.28µm
spi_regs_inst/_0611_,35.28µm
wave_controller_x_inst/_1326_,35.28µm
wave_controller_x_inst/_1375_,35.28µm
wave_controller_y_inst/_1161_,35.28µm
spi_regs_inst/_0645_,34.87µm
spi_regs_inst/_0693_,34.87µm
wave_controller_x_inst/_0839_,34.87µm
wave_controller_y_inst/net33,34.87µm
wave_controller_x_inst/_0323_,34.82µm
wave_controller_x_inst/_0943_,34.82µm
wave_controller_y_inst/_1301_,34.82µm
raw_edge2_y\[12\],34.77µm
signal_processor_y_inst/_080_,34.77µm
wave_controller_x_inst/_0688_,34.77µm
wave_controller_x_inst/_1733_,34.77µm
wave_controller_y_inst/_1399_,34.77µm
wave_controller_y_inst/_1694_,34.77µm
signal_processor_x_inst/_080_,34.36µm
spi_regs_inst/_0638_,34.31µm
wave_controller_x_inst/_0453_,34.31µm
wave_controller_x_inst/_0971_,34.31µm
wave_controller_x_inst/_0829_,34.26µm
wave_controller_y_inst/_0336_,34.26µm
spi_regs_inst/_0265_,34.21µm
spi_regs_inst/_0328_,34.21µm
spi_regs_inst/_0415_,34.21µm
wave_controller_x_inst/_0984_,34.21µm
wave_controller_x_inst/_1379_,34.21µm
wave_controller_y_inst/_0829_,34.21µm
wave_controller_y_inst/_1518_,34.16µm
spi_regs_inst/bit_cnt\[0\],33.8µm
wave_controller_y_inst/_0289_,33.8µm
wave_controller_x_inst/_1331_,33.7µm
wave_controller_y_inst/_0646_,33.7µm
wave_controller_y_inst/_0854_,33.7µm
wave_controller_y_inst/_1342_,33.7µm
raw_edge1_x\[8\],33.65µm
wave_controller_x_inst/_0300_,33.65µm
wave_controller_x_inst/_1285_,33.65µm
wave_controller_x_inst/_1492_,33.65µm
wave_controller_x_inst/_1599_,33.65µm
wave_controller_y_inst/_0350_,33.65µm
wave_controller_y_inst/_0943_,33.65µm
wave_controller_y_inst/_1080_,33.65µm
wave_controller_y_inst/_1734_,33.65µm
cal_phase0_offset_x\[8\],33.6µm
wave_controller_x_inst/_0635_,33.6µm
wave_controller_y_inst/_0696_,33.6µm
spi_regs_inst/_0663_,33.29µm
wave_controller_x_inst/_0180_,33.24µm
net7,33.19µm
wave_controller_x_inst/_0719_,33.19µm
wave_controller_x_inst/_0961_,33.19µm
wave_controller_y_inst/_1348_,33.19µm
wave_controller_y_inst/wave_cycle_cnt\[7\],33.19µm
signal_processor_y_inst/_070_,33.14µm
wave_controller_x_inst/_0299_,33.14µm
wave_controller_x_inst/_1713_,33.14µm
wave_controller_y_inst/_0692_,33.14µm
latch_phase270_y,33.09µm
signal_processor_x_inst/_076_,33.09µm
spi_regs_inst/tx_shift\[2\],33.09µm
wave_controller_x_inst/_0371_,33.09µm
wave_controller_x_inst/_0729_,33.09µm
wave_controller_y_inst/_0463_,33.09µm
wave_controller_y_inst/_1027_,33.09µm
wave_controller_y_inst/_1062_,33.09µm
spi_regs_inst/net299,33.09µm
signal_processor_x_inst/_050_,33.04µm
wave_controller_x_inst/_0643_,33.04µm
wave_controller_x_inst/_1694_,33.04µm
wave_controller_y_inst/_0264_,33.04µm
wave_controller_y_inst/_0658_,33.04µm
wave_controller_x_inst/_0716_,32.63µm
spi_regs_inst/_0620_,32.58µm
spi_regs_inst/_0705_,32.58µm
wave_controller_x_inst/_0154_,32.58µm
wave_controller_y_inst/_0328_,32.58µm
wave_controller_y_inst/_0384_,32.58µm
wave_controller_y_inst/_1337_,32.58µm
wave_controller_y_inst/_1445_,32.58µm
wave_controller_y_inst/_1614_,32.58µm
signal_processor_x_inst/_101_,32.53µm
wave_controller_x_inst/_0918_,32.53µm
wave_controller_y_inst/_0008_,32.53µm
wave_controller_y_inst/_1186_,32.53µm
wave_controller_y_inst/_1294_,32.53µm
wave_controller_y_inst/_1599_,32.53µm
wave_controller_y_inst/net86,32.53µm
wave_controller_x_inst/_0825_,32.48µm
wave_controller_x_inst/_0854_,32.48µm
wave_controller_y_inst/_0048_,32.48µm
wave_controller_y_inst/_0306_,32.48µm
wave_controller_y_inst/_1061_,32.48µm
wave_controller_x_inst/_1412_,32.07µm
wave_controller_x_inst/net128,32.02µm
spi_miso_oe,31.97µm
spi_regs_inst/_0600_,31.97µm
wave_controller_y_inst/_0361_,31.97µm
wave_controller_y_inst/_0613_,31.97µm
wave_controller_y_inst/_1630_,31.97µm
wave_controller_y_inst/net118,31.97µm
spi_regs_inst/mosi_sync\[0\],31.92µm
wave_controller_y_inst/_0715_,31.92µm
wave_controller_y_inst/_0723_,31.92µm
wave_controller_x_inst/_1461_,31.56µm
wave_controller_x_inst/_0322_,31.51µm
wave_controller_x_inst/_0718_,31.51µm
wave_controller_y_inst/_0274_,31.51µm
raw_edge2_x\[13\],31.46µm
wave_controller_x_inst/_1188_,31.46µm
wave_controller_x_inst/_1660_,31.46µm
wave_controller_y_inst/_1091_,31.46µm
wave_controller_x_inst/_0241_,31.41µm
wave_controller_x_inst/_0270_,31.41µm
wave_controller_x_inst/_0288_,31.41µm
wave_controller_x_inst/_0418_,31.41µm
wave_controller_x_inst/_0973_,31.41µm
spi_regs_inst/net296,31.41µm
spi_regs_inst/_0348_,31.36µm
spi_regs_inst/_0486_,31.36µm
wave_controller_x_inst/_0309_,31µm
wave_controller_x_inst/_0702_,30.95µm
wave_controller_x_inst/_1357_,30.95µm
wave_controller_y_inst/_1322_,30.95µm
wave_controller_x_inst/_0429_,30.9µm
wave_controller_y_inst/_1735_,30.9µm
wave_controller_y_inst/net123,30.9µm
spi_regs_inst/net379,30.9µm
mems_drv_y,30.85µm
raw_edge2_y\[17\],30.85µm
signal_processor_y_inst/_050_,30.85µm
wave_controller_x_inst/_0694_,30.85µm
wave_controller_y_inst/_0139_,30.85µm
wave_controller_y_inst/_0304_,30.85µm
spi_regs_inst/_0260_,30.8µm
spi_regs_inst/_0428_,30.8µm
spi_regs_inst/reg_wr_data\[4\],30.8µm
wave_controller_x_inst/_0008_,30.8µm
wave_controller_x_inst/_0287_,30.8µm
wave_controller_x_inst/_1309_,30.8µm
wave_controller_x_inst/_1457_,30.8µm
wave_controller_y_inst/_1064_,30.8µm
wave_controller_y_inst/_1681_,30.8µm
wave_controller_x_inst/net116,30.8µm
wave_controller_x_inst/_1287_,30.59µm
wave_controller_x_inst/_0394_,30.44µm
wave_controller_x_inst/_0325_,30.39µm
wave_controller_x_inst/_1734_,30.39µm
wave_controller_x_inst/cal_burst_active,30.39µm
wave_controller_y_inst/ds_acc\[3\],30.39µm
spi_regs_inst/_0522_,30.34µm
spi_regs_inst/_0601_,30.34µm
wave_controller_x_inst/_0461_,30.34µm
wave_controller_x_inst/_0646_,30.34µm
wave_controller_y_inst/_1646_,30.34µm
signal_processor_y_inst/_044_,30.29µm
wave_controller_y_inst/_1484_,30.29µm
signal_processor_y_inst/_089_,30.24µm
spi_regs_inst/_0448_,30.24µm
wave_controller_x_inst/_1690_,30.24µm
wave_controller_y_inst/_1118_,30.24µm
wave_controller_y_inst/_1469_,30.24µm
spi_regs_inst/rw_n,29.78µm
wave_controller_x_inst/_1347_,29.78µm
wave_controller_x_inst/_1353_,29.78µm
wave_controller_x_inst/_1483_,29.78µm
wave_controller_y_inst/_0516_,29.78µm
wave_controller_y_inst/_0686_,29.78µm
wave_controller_y_inst/_0852_,29.78µm
spi_regs_inst/_0599_,29.73µm
wave_controller_x_inst/_0926_,29.73µm
wave_controller_x_inst/_1327_,29.73µm
wave_controller_y_inst/_0382_,29.73µm
wave_controller_y_inst/_1475_,29.73µm
wave_controller_y_inst/_1544_,29.73µm
spi_regs_inst/net194,29.73µm
cal_phase90_offset_x\[10\],29.68µm
spi_regs_inst/_0351_,29.68µm
wave_controller_x_inst/_1320_,29.68µm
wave_controller_y_inst/_1299_,29.68µm
wave_controller_y_inst/_1607_,29.27µm
latch_phase270_x,29.22µm
spi_regs_inst/_0570_,29.22µm
wave_controller_x_inst/_0780_,29.22µm
wave_controller_y_inst/_0418_,29.22µm
wave_controller_x_inst/net127,29.22µm
spi_regs_inst/_0326_,29.17µm
spi_regs_inst/_0541_,29.17µm
wave_controller_x_inst/_0304_,29.17µm
wave_controller_x_inst/_0775_,29.17µm
wave_controller_x_inst/_1080_,29.17µm
wave_controller_x_inst/_1467_,29.17µm
wave_controller_x_inst/_1747_,29.17µm
wave_controller_y_inst/_1300_,29.17µm
wave_controller_y_inst/_1381_,29.17µm
wave_controller_y_inst/_1412_,29.17µm
wave_controller_y_inst/_1690_,29.17µm
wave_controller_y_inst/_1733_,29.17µm
wave_controller_x_inst/net98,29.17µm
signal_processor_y_inst/_028_,29.12µm
spi_regs_inst/_0443_,29.12µm
spi_regs_inst/_0662_,29.12µm
wave_controller_y_inst/_0166_,29.12µm
wave_controller_y_inst/_0414_,29.12µm
signal_processor_y_inst/s90_valid,28.76µm
wave_controller_x_inst/_1598_,28.71µm
wave_controller_y_inst/_0429_,28.71µm
wave_controller_y_inst/_1491_,28.71µm
mems_drv_x,28.66µm
spi_regs_inst/_0580_,28.66µm
spi_regs_inst/bit_cnt\[1\],28.66µm
wave_controller_x_inst/_1639_,28.66µm
wave_controller_x_inst/cal_burst_armed,28.66µm
wave_controller_y_inst/_1321_,28.66µm
wave_controller_x_inst/net166,28.66µm
signal_processor_x_inst/cnt_out\[0\],28.61µm
wave_controller_x_inst/_0132_,28.61µm
wave_controller_x_inst/_0139_,28.61µm
wave_controller_x_inst/_0229_,28.61µm
wave_controller_x_inst/_0884_,28.61µm
wave_controller_x_inst/_0989_,28.61µm
wave_controller_y_inst/_1035_,28.61µm
wave_controller_y_inst/_1040_,28.61µm
wave_controller_y_inst/_1404_,28.61µm
wave_controller_y_inst/_1583_,28.61µm
wave_controller_x_inst/_0678_,28.56µm
spi_regs_inst/net191,28.56µm
wave_controller_x_inst/_0968_,28.2µm
wave_controller_x_inst/_1294_,28.15µm
wave_controller_x_inst/_1729_,28.15µm
wave_controller_y_inst/_0926_,28.15µm
spi_regs_inst/_0597_,28.1µm
spi_regs_inst/_0626_,28.1µm
wave_controller_x_inst/_0402_,28.1µm
wave_controller_x_inst/_1447_,28.1µm
wave_controller_y_inst/_1478_,28.1µm
spi_regs_inst/net480,28.1µm
cal_phase90_offset_y\[16\],28.05µm
signal_processor_y_inst/_047_,28.05µm
spi_regs_inst/_0625_,28.05µm
wave_controller_x_inst/_0274_,28.05µm
wave_controller_x_inst/_0770_,28.05µm
wave_controller_x_inst/_0814_,28.05µm
wave_controller_y_inst/_0343_,28.05µm
wave_controller_y_inst/_1016_,28.05µm
wave_controller_y_inst/_1499_,28.05µm
wave_controller_y_inst/_1508_,28.05µm
wave_controller_x_inst/net130,28.05µm
net3,28µm
spi_regs_inst/_0244_,28µm
wave_controller_x_inst/_1122_,28µm
wave_controller_x_inst/_1259_,28µm
wave_controller_x_inst/_1624_,28µm
wave_controller_y_inst/_1757_,28µm
wave_controller_x_inst/_0736_,27.59µm
wave_controller_y_inst/ds_acc\[6\],27.59µm
wave_controller_x_inst/_0173_,27.54µm
wave_controller_x_inst/_0277_,27.54µm
wave_controller_x_inst/_1345_,27.54µm
spi_regs_inst/net193,27.54µm
signal_processor_x_inst/_044_,27.49µm
signal_processor_x_inst/cnt_in\[0\],27.49µm
wave_controller_x_inst/_0103_,27.49µm
wave_controller_x_inst/_0253_,27.49µm
wave_controller_y_inst/_0367_,27.49µm
wave_controller_y_inst/_1331_,27.49µm
net621,27.49µm
net2,27.44µm
spi_regs_inst/_0606_,27.44µm
wave_controller_x_inst/_0193_,27.44µm
wave_controller_x_inst/_0783_,27.44µm
spi_regs_inst/net307,27.44µm
wave_controller_y_inst/_0971_,27.13µm
signal_processor_y_inst/cnt_out\[1\],27.03µm
wave_controller_y_inst/_0322_,27.03µm
wave_controller_y_inst/_0831_,27.03µm
wave_controller_x_inst/_0239_,26.98µm
wave_controller_x_inst/_0726_,26.98µm
wave_controller_x_inst/_0997_,26.98µm
wave_controller_y_inst/_1568_,26.98µm
spi_regs_inst/_0454_,26.93µm
wave_controller_x_inst/_0135_,26.93µm
wave_controller_x_inst/_1499_,26.93µm
wave_controller_y_inst/_0679_,26.93µm
wave_controller_y_inst/_1626_,26.93µm
cfg_phase0_offset_y\[7\],26.88µm
wave_controller_x_inst/_0528_,26.88µm
wave_controller_y_inst/_0354_,26.88µm
wave_controller_y_inst/_0719_,26.88µm
wave_controller_y_inst/_1457_,26.88µm
raw_edge3_y\[4\],26.47µm
spi_regs_inst/_0214_,26.47µm
spi_regs_inst/_0596_,26.42µm
wave_controller_x_inst/_0243_,26.42µm
wave_controller_x_inst/_0367_,26.42µm
wave_controller_y_inst/_1423_,26.42µm
wave_controller_y_inst/_1581_,26.42µm
raw_edge2_x\[18\],26.37µm
spi_regs_inst/_0284_,26.37µm
wave_controller_x_inst/_0055_,26.37µm
wave_controller_x_inst/_0143_,26.37µm
wave_controller_x_inst/_0513_,26.37µm
wave_controller_x_inst/_0690_,26.37µm
wave_controller_y_inst/_0067_,26.37µm
wave_controller_y_inst/_0183_,26.37µm
wave_controller_y_inst/_0252_,26.37µm
wave_controller_y_inst/_0604_,26.37µm
wave_controller_y_inst/_1298_,26.37µm
wave_controller_y_inst/_1427_,26.37µm
signal_processor_y_inst/cnt_in\[3\],26.32µm
spi_regs_inst/_0488_,26.32µm
wave_controller_x_inst/_0538_,26.32µm
wave_controller_y_inst/_0772_,26.32µm
raw_edge2_x\[20\],25.91µm
wave_controller_x_inst/_0435_,25.91µm
wave_controller_y_inst/_0144_,25.91µm
wave_controller_y_inst/_0814_,25.91µm
wave_controller_y_inst/_1430_,25.91µm
wave_controller_x_inst/_0332_,25.86µm
wave_controller_x_inst/_1091_,25.86µm
wave_controller_x_inst/_1251_,25.86µm
wave_controller_x_inst/_1359_,25.86µm
wave_controller_y_inst/_1111_,25.86µm
wave_controller_y_inst/_1358_,25.86µm
wave_controller_y_inst/net152,25.86µm
raw_edge2_x\[12\],25.81µm
wave_controller_x_inst/_0208_,25.81µm
wave_controller_x_inst/_0981_,25.81µm
wave_controller_x_inst/_1002_,25.81µm
wave_controller_x_inst/_1146_,25.81µm
wave_controller_y_inst/_1206_,25.81µm
wave_controller_y_inst/_1726_,25.81µm
cal_phase270_offset_y\[11\],25.76µm
signal_processor_y_inst/_011_,25.76µm
spi_regs_inst/_0525_,25.76µm
spi_regs_inst/_0543_,25.76µm
spi_regs_inst/_0634_,25.76µm
wave_controller_x_inst/_0821_,25.76µm
wave_controller_x_inst/_0876_,25.76µm
wave_controller_x_inst/_1423_,25.76µm
wave_controller_y_inst/net139,25.76µm
wave_controller_y_inst/_1468_,25.35µm
wave_controller_x_inst/_0145_,25.3µm
wave_controller_x_inst/_0220_,25.3µm
wave_controller_x_inst/_0822_,25.3µm
wave_controller_x_inst/_1460_,25.3µm
spi_regs_inst/_0335_,25.25µm
wave_controller_x_inst/_0619_,25.25µm
wave_controller_x_inst/_1290_,25.25µm
wave_controller_x_inst/_1712_,25.25µm
wave_controller_y_inst/_0596_,25.25µm
wave_controller_y_inst/_1318_,25.25µm
wave_controller_y_inst/_1629_,25.25µm
cal_phase0_offset_y\[11\],25.2µm
spi_regs_inst/_0060_,25.2µm
wave_controller_x_inst/_0457_,25.2µm
wave_controller_x_inst/_1077_,25.2µm
wave_controller_x_inst/_1545_,25.2µm
wave_controller_x_inst/_1706_,25.2µm
wave_controller_x_inst/_1721_,25.2µm
wave_controller_y_inst/_0735_,25.2µm
wave_controller_y_inst/_1012_,25.2µm
wave_controller_y_inst/_0145_,24.84µm
dir_x,24.79µm
wave_controller_x_inst/_1358_,24.79µm
wave_controller_x_inst/_1559_,24.79µm
wave_controller_y_inst/_0653_,24.79µm
wave_controller_y_inst/_1102_,24.79µm
signal_processor_x_inst/cycle_count\[3\],24.74µm
wave_controller_x_inst/_1681_,24.74µm
wave_controller_y_inst/_0208_,24.74µm
wave_controller_y_inst/_0209_,24.74µm
wave_controller_y_inst/_0282_,24.74µm
wave_controller_y_inst/_0707_,24.74µm
wave_controller_y_inst/_0984_,24.74µm
wave_controller_y_inst/_1002_,24.74µm
wave_controller_y_inst/_1137_,24.74µm
wave_controller_y_inst/_1546_,24.74µm
wave_controller_y_inst/_1661_,24.74µm
wave_controller_x_inst/net117,24.74µm
spi_regs_inst/net337,24.74µm
wave_controller_x_inst/_0813_,24.69µm
wave_controller_x_inst/_1280_,24.69µm
wave_controller_x_inst/_1292_,24.69µm
wave_controller_x_inst/_1528_,24.69µm
wave_controller_y_inst/_0395_,24.69µm
wave_controller_y_inst/_0617_,24.69µm
wave_controller_y_inst/_0770_,24.69µm
wave_controller_y_inst/_1069_,24.69µm
wave_controller_y_inst/_1570_,24.69µm
wave_controller_y_inst/_1610_,24.69µm
wave_controller_y_inst/_1710_,24.69µm
wave_controller_y_inst/_1763_,24.69µm
cal_phase90_offset_y\[13\],24.64µm
spi_regs_inst/_0252_,24.64µm
spi_regs_inst/_0444_,24.64µm
wave_controller_x_inst/_0840_,24.64µm
wave_controller_x_inst/_0912_,24.64µm
wave_controller_y_inst/_0331_,24.64µm
wave_controller_y_inst/_1688_,24.64µm
wave_controller_y_inst/_0402_,24.46µm
wave_controller_x_inst/_1348_,24.28µm
wave_controller_x_inst/_0354_,24.23µm
wave_controller_y_inst/_0782_,24.23µm
signal_processor_y_inst/_078_,24.18µm
wave_controller_x_inst/_0160_,24.18µm
wave_controller_x_inst/_0444_,24.18µm
wave_controller_x_inst/_1127_,24.18µm
wave_controller_x_inst/_1540_,24.18µm
wave_controller_y_inst/_0309_,24.18µm
wave_controller_y_inst/_0392_,24.18µm
wave_controller_y_inst/_0836_,24.18µm
wave_controller_y_inst/_0920_,24.18µm
wave_controller_x_inst/_0468_,24.13µm
wave_controller_x_inst/_0833_,24.13µm
wave_controller_x_inst/_0859_,24.13µm
wave_controller_x_inst/_0893_,24.13µm
wave_controller_x_inst/_0895_,24.13µm
wave_controller_y_inst/_0257_,24.13µm
wave_controller_y_inst/_0444_,24.13µm
wave_controller_y_inst/_0757_,24.13µm
signal_processor_y_inst/_033_,24.08µm
wave_controller_x_inst/_0640_,24.08µm
wave_controller_x_inst/_0679_,24.08µm
wave_controller_y_inst/_1467_,24.08µm
wave_controller_y_inst/net120,24.08µm
spi_regs_inst/net298,24.08µm
wave_controller_x_inst/_1322_,23.77µm
wave_controller_x_inst/_0475_,23.67µm
wave_controller_x_inst/_0804_,23.67µm
cal_phase270_offset_x\[2\],23.62µm
spi_miso,23.62µm
wave_controller_x_inst/_0236_,23.62µm
wave_controller_x_inst/_0659_,23.62µm
wave_controller_x_inst/_1111_,23.62µm
wave_controller_x_inst/_1376_,23.62µm
wave_controller_x_inst/_1446_,23.62µm
wave_controller_y_inst/_0884_,23.62µm
wave_controller_y_inst/_1356_,23.62µm
wave_controller_x_inst/_0784_,23.57µm
wave_controller_x_inst/_0883_,23.57µm
wave_controller_x_inst/_1194_,23.57µm
wave_controller_x_inst/_1612_,23.57µm
wave_controller_y_inst/_0218_,23.57µm
wave_controller_y_inst/_1440_,23.57µm
cal_phase90_offset_y\[20\],23.52µm
wave_controller_x_inst/_0129_,23.52µm
wave_controller_x_inst/_0385_,23.52µm
wave_controller_x_inst/_0636_,23.52µm
wave_controller_y_inst/_0184_,23.52µm
wave_controller_y_inst/_1290_,23.52µm
wave_controller_y_inst/ds_acc\[8\],23.52µm
signal_processor_y_inst/_082_,23.16µm
wave_controller_x_inst/_1631_,23.16µm
wave_controller_y_inst/_1706_,23.16µm
wave_controller_x_inst/_0596_,23.11µm
wave_controller_y_inst/_0649_,23.11µm
wave_controller_y_inst/_0876_,23.11µm
wave_controller_y_inst/_1558_,23.11µm
signal_processor_x_inst/cnt_in\[2\],23.06µm
signal_processor_x_inst/cycle_count\[2\],23.06µm
spi_regs_inst/_0613_,23.06µm
wave_controller_x_inst/_1452_,23.06µm
wave_controller_x_inst/_1583_,23.06µm
wave_controller_x_inst/_1717_,23.06µm
wave_controller_y_inst/_0374_,23.06µm
wave_controller_y_inst/_1146_,23.06µm
wave_controller_y_inst/_1234_,23.06µm
wave_controller_y_inst/_1724_,23.06µm
spi_regs_inst/_0499_,23.01µm
wave_controller_x_inst/_1623_,23.01µm
wave_controller_y_inst/_0693_,23.01µm
wave_controller_y_inst/_0822_,23.01µm
wave_controller_y_inst/_0839_,23.01µm
wave_controller_x_inst/net167,23.01µm
signal_processor_x_inst/_048_,22.96µm
spi_regs_inst/_0535_,22.96µm
spi_regs_inst/_0624_,22.96µm
wave_controller_y_inst/_0239_,22.96µm
wave_controller_y_inst/_0457_,22.96µm
wave_controller_y_inst/_0493_,22.96µm
wave_controller_y_inst/_0796_,22.96µm
wave_controller_y_inst/_1280_,22.96µm
wave_controller_y_inst/capture_step\[2\],22.96µm
net4,22.55µm
wave_controller_x_inst/_1102_,22.55µm
wave_controller_x_inst/_1137_,22.55µm
wave_controller_x_inst/_1735_,22.55µm
wave_controller_y_inst/_0578_,22.55µm
signal_processor_x_inst/_053_,22.5µm
spi_regs_inst/bit_cnt\[2\],22.5µm
wave_controller_x_inst/_0221_,22.5µm
wave_controller_x_inst/_0400_,22.5µm
wave_controller_x_inst/_0616_,22.5µm
wave_controller_x_inst/_0862_,22.5µm
wave_controller_x_inst/_1016_,22.5µm
wave_controller_x_inst/_1247_,22.5µm
wave_controller_x_inst/_1419_,22.5µm
wave_controller_y_inst/_0833_,22.5µm
spi_regs_inst/_0233_,22.45µm
spi_regs_inst/_0455_,22.45µm
wave_controller_x_inst/_0262_,22.45µm
wave_controller_x_inst/_1383_,22.45µm
wave_controller_y_inst/_1209_,22.45µm
wave_controller_y_inst/_1492_,22.45µm
wave_controller_x_inst/net115,22.45µm
wave_controller_y_inst/net554,22.45µm
spi_regs_inst/_0421_,22.4µm
wave_controller_x_inst/_0805_,22.4µm
wave_controller_x_inst/_0998_,22.4µm
wave_controller_x_inst/_1087_,22.4µm
wave_controller_x_inst/_1250_,22.4µm
wave_controller_y_inst/_0411_,22.4µm
wave_controller_x_inst/_0518_,22.04µm
spi_regs_inst/_0589_,21.99µm
wave_controller_x_inst/_1295_,21.99µm
wave_controller_y_inst/_0366_,21.99µm
wave_controller_y_inst/_1155_,21.99µm
wave_controller_y_inst/_1271_,21.99µm
signal_processor_x_inst/s270_pipe\[3\],21.94µm
wave_controller_x_inst/_0707_,21.94µm
wave_controller_x_inst/_1000_,21.94µm
wave_controller_x_inst/_1415_,21.94µm
wave_controller_x_inst/_1491_,21.94µm
wave_controller_x_inst/_1630_,21.94µm
wave_controller_y_inst/_0394_,21.94µm
wave_controller_y_inst/_0598_,21.94µm
wave_controller_y_inst/_1008_,21.94µm
wave_controller_y_inst/_1559_,21.94µm
signal_processor_y_inst/_029_,21.89µm
signal_processor_y_inst/_077_,21.89µm
spi_regs_inst/_0340_,21.89µm
spi_regs_inst/_0402_,21.89µm
spi_regs_inst/reg_wr_addr\[6\],21.89µm
state_machine_inst/_07_,21.89µm
wave_controller_x_inst/_0625_,21.89µm
wave_controller_x_inst/_0696_,21.89µm
wave_controller_x_inst/_0725_,21.89µm
wave_controller_x_inst/_1508_,21.89µm
wave_controller_x_inst/_1572_,21.89µm
wave_controller_x_inst/_1629_,21.89µm
wave_controller_y_inst/_0141_,21.89µm
wave_controller_y_inst/_0206_,21.89µm
wave_controller_y_inst/_0365_,21.89µm
wave_controller_y_inst/_0786_,21.89µm
wave_controller_y_inst/_1006_,21.89µm
wave_controller_y_inst/_1545_,21.89µm
wave_controller_y_inst/_1738_,21.89µm
raw_edge1_x\[2\],21.84µm
wave_controller_x_inst/_0870_,21.84µm
wave_controller_x_inst/_1502_,21.84µm
wave_controller_x_inst/_1608_,21.84µm
wave_controller_x_inst/_1684_,21.84µm
wave_controller_y_inst/_0821_,21.84µm
wave_controller_y_inst/_1251_,21.84µm
wave_controller_y_inst/_1516_,21.84µm
wave_controller_y_inst/_1596_,21.84µm
wave_controller_y_inst/_1713_,21.84µm
wave_controller_y_inst/ds_acc\[5\],21.84µm
wave_controller_y_inst/_0185_,21.56µm
wave_controller_x_inst/_1607_,21.48µm
wave_controller_x_inst/_1646_,21.43µm
wave_controller_x_inst/_1730_,21.43µm
spi_regs_inst/net378,21.43µm
wave_controller_x_inst/_0428_,21.38µm
wave_controller_x_inst/_0442_,21.38µm
wave_controller_x_inst/_0555_,21.38µm
wave_controller_x_inst/_0712_,21.38µm
wave_controller_y_inst/_0172_,21.38µm
wave_controller_y_inst/_0227_,21.38µm
wave_controller_y_inst/_0430_,21.38µm
wave_controller_y_inst/_0435_,21.38µm
wave_controller_y_inst/_0678_,21.38µm
wave_controller_y_inst/_1571_,21.38µm
spi_regs_inst/net295,21.38µm
cal_phase270_offset_x\[8\],21.33µm
spi_regs_inst/_0573_,21.33µm
spi_regs_inst/_0604_,21.33µm
spi_regs_inst/_0660_,21.33µm
state_machine_inst/_08_,21.33µm
wave_controller_x_inst/_0178_,21.33µm
wave_controller_x_inst/_0776_,21.33µm
wave_controller_x_inst/_0817_,21.33µm
wave_controller_x_inst/_1082_,21.33µm
wave_controller_x_inst/_1278_,21.33µm
wave_controller_y_inst/_0124_,21.33µm
wave_controller_y_inst/_0178_,21.33µm
wave_controller_y_inst/_0699_,21.33µm
wave_controller_y_inst/_0998_,21.33µm
wave_controller_y_inst/_1660_,21.33µm
wave_controller_y_inst/_1758_,21.33µm
wave_controller_y_inst/ds_acc\[7\],21.33µm
cal_phase0_offset_y\[15\],21.28µm
spi_regs_inst/_0506_,21.28µm
spi_regs_inst/_0656_,21.28µm
wave_controller_x_inst/_0218_,21.28µm
wave_controller_x_inst/_0586_,21.28µm
wave_controller_x_inst/_1590_,21.28µm
wave_controller_y_inst/_0278_,21.28µm
wave_controller_y_inst/_0332_,21.28µm
wave_controller_y_inst/_0918_,21.28µm
wave_controller_y_inst/_1522_,21.28µm
wave_controller_x_inst/_0353_,21µm
net665,20.945µm
wave_controller_x_inst/_1155_,20.92µm
wave_controller_y_inst/_0996_,20.92µm
wave_controller_x_inst/_1321_,20.87µm
wave_controller_y_inst/_0712_,20.87µm
wave_controller_y_inst/_1042_,20.87µm
wave_controller_y_inst/_1702_,20.87µm
spi_regs_inst/_0347_,20.82µm
wave_controller_x_inst/_0350_,20.82µm
wave_controller_x_inst/_0653_,20.82µm
wave_controller_x_inst/_0934_,20.82µm
wave_controller_x_inst/_0976_,20.82µm
wave_controller_y_inst/_0669_,20.82µm
wave_controller_y_inst/net121,20.82µm
cal_phase270_offset_y\[8\],20.77µm
move_en_y,20.77µm
signal_processor_y_inst/cycle_count\[2\],20.77µm
spi_regs_inst/_0240_,20.77µm
spi_regs_inst/_0460_,20.77µm
wave_controller_x_inst/_0395_,20.77µm
wave_controller_x_inst/_1062_,20.77µm
wave_controller_x_inst/_1727_,20.77µm
wave_controller_y_inst/_0317_,20.77µm
wave_controller_y_inst/_0346_,20.77µm
wave_controller_y_inst/_0615_,20.77µm
wave_controller_y_inst/_0644_,20.77µm
wave_controller_y_inst/_0652_,20.77µm
wave_controller_y_inst/_0673_,20.77µm
wave_controller_y_inst/_0675_,20.77µm
wave_controller_y_inst/_0805_,20.77µm
wave_controller_y_inst/_0864_,20.77µm
wave_controller_y_inst/_1325_,20.77µm
wave_controller_y_inst/net83,20.77µm
wave_controller_x_inst/_0278_,20.72µm
wave_controller_x_inst/_0744_,20.72µm
wave_controller_x_inst/_0888_,20.72µm
wave_controller_x_inst/_1501_,20.72µm
wave_controller_y_inst/_0674_,20.72µm
wave_controller_y_inst/_0855_,20.72µm
wave_controller_y_inst/_1567_,20.72µm
wave_controller_x_inst/_1333_,20.31µm
wave_controller_x_inst/_1702_,20.31µm
signal_processor_y_inst/cnt_in\[2\],20.26µm
wave_controller_x_inst/_0439_,20.26µm
wave_controller_x_inst/_0628_,20.26µm
wave_controller_y_inst/_0262_,20.26µm
wave_controller_y_inst/_0945_,20.26µm
wave_controller_y_inst/_1446_,20.26µm
wave_controller_y_inst/_1566_,20.26µm
wave_controller_y_inst/_1752_,20.26µm
spi_regs_inst/net293,20.26µm
move_en_x,20.21µm
signal_processor_x_inst/_016_,20.21µm
spi_regs_inst/_0008_,20.21µm
spi_regs_inst/_0081_,20.21µm
spi_regs_inst/sclk_sync\[0\],20.21µm
state_machine_inst/_09_,20.21µm
wave_controller_x_inst/_0826_,20.21µm
wave_controller_x_inst/_0866_,20.21µm
wave_controller_x_inst/_0925_,20.21µm
wave_controller_x_inst/_1224_,20.21µm
wave_controller_y_inst/_0018_,20.21µm
wave_controller_y_inst/_0813_,20.21µm
wave_controller_y_inst/_0817_,20.21µm
wave_controller_y_inst/_1376_,20.21µm
wave_controller_y_inst/_1407_,20.21µm
wave_controller_y_inst/net136,20.21µm
spi_regs_inst/_0510_,20.16µm
spi_regs_inst/_0637_,20.16µm
wave_controller_x_inst/_1644_,20.16µm
wave_controller_x_inst/comp_sync0,20.16µm
wave_controller_y_inst/_0764_,20.16µm
wave_controller_y_inst/_1369_,20.16µm
wave_controller_y_inst/_1556_,20.16µm
analog[3],20.07µm
wave_controller_x_inst/_1701_,19.88µm
wave_controller_x_inst/_0227_,19.75µm
wave_controller_x_inst/_1319_,19.75µm
wave_controller_y_inst/_1540_,19.75µm
raw_edge2_x\[8\],19.7µm
spi_regs_inst/_0313_,19.7µm
wave_controller_x_inst/_0328_,19.7µm
wave_controller_x_inst/_0844_,19.7µm
wave_controller_x_inst/_1558_,19.7µm
wave_controller_y_inst/_0170_,19.7µm
wave_controller_y_inst/_0229_,19.7µm
wave_controller_y_inst/_0456_,19.7µm
wave_controller_y_inst/_0466_,19.7µm
wave_controller_y_inst/_1483_,19.7µm
wave_controller_y_inst/_1762_,19.7µm
signal_processor_x_inst/_075_,19.65µm
signal_processor_x_inst/_077_,19.65µm
spi_regs_inst/_0629_,19.65µm
wave_controller_x_inst/_0060_,19.65µm
wave_controller_x_inst/_0331_,19.65µm
wave_controller_x_inst/_0343_,19.65µm
wave_controller_x_inst/_0463_,19.65µm
wave_controller_x_inst/_0671_,19.65µm
wave_controller_x_inst/_0796_,19.65µm
wave_controller_x_inst/_1337_,19.65µm
wave_controller_y_inst/_0717_,19.65µm
wave_controller_y_inst/_1448_,19.65µm
wave_controller_y_inst/_1502_,19.65µm
wave_controller_y_inst/cal_burst_count\[1\],19.65µm
wave_controller_y_inst/net111,19.65µm
wave_controller_x_inst/_0456_,19.6µm
wave_controller_x_inst/_0692_,19.6µm
wave_controller_x_inst/_0762_,19.6µm
wave_controller_x_inst/_1618_,19.6µm
wave_controller_x_inst/capture_step\[0\],19.6µm
wave_controller_y_inst/_0130_,19.6µm
wave_controller_y_inst/_0173_,19.6µm
wave_controller_y_inst/_0259_,19.6µm
wave_controller_y_inst/_0267_,19.6µm
wave_controller_y_inst/_0287_,19.6µm
wave_controller_y_inst/_0295_,19.6µm
wave_controller_y_inst/_0405_,19.6µm
wave_controller_y_inst/_0538_,19.6µm
wave_controller_y_inst/_0915_,19.6µm
wave_controller_y_inst/_0978_,19.6µm
wave_controller_y_inst/_1353_,19.6µm
wave_controller_y_inst/_1678_,19.6µm
signal_processor_x_inst/net341,19.6µm
analog[2],19.51µm
net676,19.265µm
net681,19.265µm
wave_controller_y_inst/_1698_,19.24µm
spi_regs_inst/_0584_,19.19µm
wave_controller_x_inst/_0664_,19.19µm
wave_controller_x_inst/_1553_,19.19µm
wave_controller_y_inst/_0453_,19.19µm
wave_controller_y_inst/_1359_,19.19µm
wave_controller_y_inst/_1712_,19.19µm
signal_processor_x_inst/_078_,19.14µm
spi_regs_inst/_0649_,19.14µm
spi_regs_inst/_0714_,19.14µm
wave_controller_x_inst/_0308_,19.14µm
wave_controller_x_inst/_0333_,19.14µm
wave_controller_x_inst/_0441_,19.14µm
wave_controller_x_inst/_0654_,19.14µm
wave_controller_x_inst/_0699_,19.14µm
wave_controller_x_inst/_0786_,19.14µm
wave_controller_x_inst/_0996_,19.14µm
wave_controller_x_inst/_1589_,19.14µm
wave_controller_y_inst/_0216_,19.14µm
wave_controller_y_inst/_0840_,19.14µm
wave_controller_y_inst/_0875_,19.14µm
wave_controller_y_inst/_1466_,19.14µm
wave_controller_x_inst/net90,19.14µm
wave_controller_x_inst/net588,19.14µm
signal_processor_x_inst/cnt_in\[3\],19.09µm
signal_processor_y_inst/cnt_out\[2\],19.09µm
spi_regs_inst/_0182_,19.09µm
wave_controller_x_inst/_0023_,19.09µm
wave_controller_x_inst/_0144_,19.09µm
wave_controller_x_inst/_0258_,19.09µm
wave_controller_x_inst/_0346_,19.09µm
wave_controller_x_inst/_0383_,19.09µm
wave_controller_x_inst/_0543_,19.09µm
wave_controller_x_inst/_0583_,19.09µm
wave_controller_x_inst/_0936_,19.09µm
wave_controller_x_inst/_1207_,19.09µm
wave_controller_x_inst/_1710_,19.09µm
wave_controller_y_inst/_0066_,19.09µm
wave_controller_y_inst/_0312_,19.09µm
wave_controller_y_inst/_0342_,19.09µm
wave_controller_y_inst/_0371_,19.09µm
wave_controller_y_inst/_0671_,19.09µm
wave_controller_y_inst/_0803_,19.09µm
wave_controller_y_inst/_0986_,19.09µm
wave_controller_y_inst/_1050_,19.09µm
signal_processor_x_inst/_073_,19.04µm
signal_processor_x_inst/_082_,19.04µm
signal_processor_x_inst/cnt_out\[1\],19.04µm
spi_regs_inst/_0529_,19.04µm
spi_regs_inst/tx_shift\[5\],19.04µm
wave_controller_x_inst/_1757_,19.04µm
wave_controller_y_inst/_0193_,19.04µm
wave_controller_y_inst/_0518_,19.04µm
wave_controller_y_inst/_0827_,19.04µm
wave_controller_y_inst/_1548_,19.04µm
wave_controller_y_inst/_1677_,19.04µm
analog[0],18.9µm
net673,18.9µm
net674,18.9µm
net634,18.705µm
wave_controller_x_inst/_0224_,18.68µm
wave_controller_x_inst/_0875_,18.63µm
wave_controller_x_inst/_1601_,18.63µm
wave_controller_y_inst/_0132_,18.63µm
wave_controller_y_inst/_0231_,18.63µm
wave_controller_y_inst/_0787_,18.63µm
wave_controller_y_inst/_1767_,18.63µm
signal_processor_y_inst/cycle_count\[3\],18.58µm
wave_controller_x_inst/_0197_,18.58µm
wave_controller_x_inst/_0276_,18.58µm
wave_controller_x_inst/_0700_,18.58µm
wave_controller_x_inst/_1027_,18.58µm
wave_controller_x_inst/_1117_,18.58µm
wave_controller_x_inst/_1440_,18.58µm
wave_controller_x_inst/_1626_,18.58µm
wave_controller_x_inst/capture_step\[2\],18.58µm
wave_controller_y_inst/_0273_,18.58µm
wave_controller_y_inst/_0862_,18.58µm
wave_controller_y_inst/_1601_,18.58µm
wave_controller_y_inst/_1721_,18.58µm
signal_processor_y_inst/s90_pipe\[0\],18.53µm
spi_regs_inst/_0368_,18.53µm
wave_controller_x_inst/_0066_,18.53µm
wave_controller_x_inst/_0216_,18.53µm
wave_controller_x_inst/_0279_,18.53µm
wave_controller_x_inst/_0342_,18.53µm
wave_controller_x_inst/_0512_,18.53µm
wave_controller_x_inst/_0644_,18.53µm
wave_controller_x_inst/_0800_,18.53µm
wave_controller_x_inst/_0864_,18.53µm
wave_controller_x_inst/_1396_,18.53µm
wave_controller_x_inst/_1625_,18.53µm
wave_controller_x_inst/_1656_,18.53µm
wave_controller_x_inst/_1682_,18.53µm
wave_controller_y_inst/_0164_,18.53µm
wave_controller_y_inst/_0192_,18.53µm
wave_controller_y_inst/_0632_,18.53µm
wave_controller_y_inst/_0740_,18.53µm
wave_controller_y_inst/_1682_,18.53µm
wave_controller_y_inst/_1765_,18.53µm
signal_processor_y_inst/net339,18.53µm
cal_phase270_offset_x\[14\],18.48µm
signal_processor_x_inst/_068_,18.48µm
signal_processor_y_inst/_026_,18.48µm
wave_controller_x_inst/_0272_,18.48µm
wave_controller_x_inst/_0375_,18.48µm
wave_controller_x_inst/_0795_,18.48µm
wave_controller_x_inst/_0953_,18.48µm
wave_controller_y_inst/_0624_,18.48µm
wave_controller_y_inst/_0804_,18.48µm
net678,18.145µm
net668,18.145µm
wave_controller_x_inst/_0226_,18.12µm
wave_controller_x_inst/_0366_,18.07µm
wave_controller_x_inst/_0787_,18.07µm
wave_controller_x_inst/_0887_,18.07µm
wave_controller_x_inst/_1688_,18.07µm
signal_processor_x_inst/_028_,18.02µm
signal_processor_x_inst/cnt_out\[2\],18.02µm
spi_regs_inst/_0716_,18.02µm
wave_controller_x_inst/_0344_,18.02µm
wave_controller_x_inst/_0681_,18.02µm
wave_controller_x_inst/_0737_,18.02µm
wave_controller_x_inst/_1534_,18.02µm
wave_controller_y_inst/_0672_,18.02µm
wave_controller_y_inst/_0891_,18.02µm
comp_x,17.97µm
signal_processor_x_inst/_057_,17.97µm
signal_processor_y_inst/_027_,17.97µm
spi_regs_inst/sclk_sync\[1\],17.97µm
wave_controller_x_inst/_0382_,17.97µm
wave_controller_x_inst/_0398_,17.97µm
wave_controller_x_inst/_0523_,17.97µm
wave_controller_x_inst/_0960_,17.97µm
wave_controller_y_inst/_0005_,17.97µm
wave_controller_y_inst/_0096_,17.97µm
wave_controller_y_inst/_0197_,17.97µm
wave_controller_y_inst/_0203_,17.97µm
wave_controller_y_inst/_0726_,17.97µm
wave_controller_y_inst/_1295_,17.97µm
wave_controller_y_inst/_1332_,17.97µm
wave_controller_y_inst/_1739_,17.97µm
wave_controller_y_inst/_1746_,17.97µm
cal_phase0_offset_x\[9\],17.92µm
signal_processor_x_inst/cnt_in\[1\],17.92µm
signal_processor_y_inst/_045_,17.92µm
spi_regs_inst/_0360_,17.92µm
wave_controller_x_inst/_0206_,17.92µm
wave_controller_x_inst/_0225_,17.92µm
wave_controller_x_inst/_0592_,17.92µm
wave_controller_x_inst/_0898_,17.92µm
wave_controller_x_inst/_1121_,17.92µm
wave_controller_x_inst/_1763_,17.92µm
wave_controller_y_inst/_0359_,17.92µm
wave_controller_y_inst/_0413_,17.92µm
wave_controller_y_inst/_0472_,17.92µm
wave_controller_y_inst/_0542_,17.92µm
wave_controller_y_inst/_0825_,17.92µm
wave_controller_y_inst/_1164_,17.92µm
wave_controller_y_inst/_1168_,17.92µm
wave_controller_y_inst/_1293_,17.92µm
wave_controller_y_inst/net151,17.92µm
spi_regs_inst/net192,17.92µm
net633,17.585µm
net647,17.585µm
net654,17.585µm
net656,17.585µm
net658,17.585µm
dir_y,17.51µm
wave_controller_x_inst/_0660_,17.51µm
wave_controller_x_inst/_0705_,17.51µm
wave_controller_x_inst/_1698_,17.51µm
wave_controller_y_inst/_0284_,17.51µm
wave_controller_y_inst/_0950_,17.51µm
wave_controller_y_inst/_1211_,17.51µm
wave_controller_y_inst/_1383_,17.51µm
wave_controller_y_inst/_1439_,17.51µm
signal_processor_y_inst/_091_,17.46µm
wave_controller_x_inst/_0392_,17.46µm
wave_controller_x_inst/_0467_,17.46µm
wave_controller_x_inst/_0595_,17.46µm
wave_controller_x_inst/_0623_,17.46µm
wave_controller_x_inst/_1653_,17.46µm
wave_controller_y_inst/_0047_,17.46µm
wave_controller_y_inst/_0691_,17.46µm
wave_controller_y_inst/_0908_,17.46µm
wave_controller_y_inst/_1649_,17.46µm
spi_regs_inst/_0654_,17.41µm
wave_controller_x_inst/_0313_,17.41µm
wave_controller_x_inst/_0697_,17.41µm
wave_controller_x_inst/_0713_,17.41µm
wave_controller_x_inst/_1040_,17.41µm
wave_controller_x_inst/_1404_,17.41µm
wave_controller_x_inst/_1472_,17.41µm
wave_controller_x_inst/_1500_,17.41µm
wave_controller_x_inst/_1603_,17.41µm
wave_controller_x_inst/_1628_,17.41µm
wave_controller_y_inst/_0628_,17.41µm
wave_controller_y_inst/_0682_,17.41µm
wave_controller_y_inst/_0888_,17.41µm
wave_controller_y_inst/_0899_,17.41µm
wave_controller_y_inst/_0929_,17.41µm
wave_controller_y_inst/_0960_,17.41µm
wave_controller_y_inst/_1170_,17.41µm
wave_controller_y_inst/_1576_,17.41µm
wave_controller_y_inst/net141,17.41µm
wave_controller_y_inst/net606,17.41µm
signal_processor_x_inst/_018_,17.36µm
spi_regs_inst/_0333_,17.36µm
wave_controller_x_inst/_0815_,17.36µm
wave_controller_x_inst/_1655_,17.36µm
wave_controller_y_inst/_0593_,17.36µm
wave_controller_y_inst/_0685_,17.36µm
wave_controller_y_inst/_0807_,17.36µm
wave_controller_y_inst/_1368_,17.36µm
wave_controller_y_inst/_1529_,17.36µm
wave_controller_y_inst/_1573_,17.36µm
wave_controller_y_inst/_1728_,17.36µm
wave_controller_y_inst/cal_burst_armed,17.36µm
net629,17.22µm
net642,17.22µm
net650,17.22µm
net652,17.22µm
net659,17.22µm
net661,17.22µm
net667,17.22µm
rst_n,17.22µm
bidir_out[2],17.22µm
net627,17.025µm
net,17.025µm
wave_controller_x_inst/_1493_,16.95µm
wave_controller_y_inst/_1229_,16.95µm
wave_controller_y_inst/_1296_,16.95µm
wave_controller_y_inst/_1323_,16.95µm
signal_processor_x_inst/s90_valid,16.9µm
wave_controller_x_inst/_0203_,16.9µm
wave_controller_x_inst/_0361_,16.9µm
wave_controller_x_inst/_0517_,16.9µm
wave_controller_x_inst/_0693_,16.9µm
wave_controller_x_inst/_1373_,16.9µm
wave_controller_x_inst/_1570_,16.9µm
wave_controller_y_inst/_0428_,16.9µm
wave_controller_y_inst/_0442_,16.9µm
wave_controller_y_inst/_0465_,16.9µm
wave_controller_y_inst/_0468_,16.9µm
wave_controller_y_inst/_0616_,16.9µm
wave_controller_y_inst/_0626_,16.9µm
wave_controller_y_inst/_0819_,16.9µm
wave_controller_y_inst/_0956_,16.9µm
wave_controller_y_inst/_1009_,16.9µm
wave_controller_y_inst/_1282_,16.9µm
wave_controller_y_inst/_1473_,16.9µm
wave_controller_y_inst/_1666_,16.9µm
spi_regs_inst/_0178_,16.85µm
spi_regs_inst/_0296_,16.85µm
spi_regs_inst/sclk_d,16.85µm
state_machine_inst/_00_,16.85µm
wave_controller_x_inst/_0281_,16.85µm
wave_controller_x_inst/_0572_,16.85µm
wave_controller_x_inst/_0588_,16.85µm
wave_controller_x_inst/_0669_,16.85µm
wave_controller_x_inst/_0750_,16.85µm
wave_controller_x_inst/_0777_,16.85µm
wave_controller_x_inst/_0818_,16.85µm
wave_controller_x_inst/_0986_,16.85µm
wave_controller_x_inst/_1050_,16.85µm
wave_controller_x_inst/_1116_,16.85µm
wave_controller_x_inst/_1538_,16.85µm
wave_controller_x_inst/_1696_,16.85µm
wave_controller_y_inst/_0299_,16.85µm
wave_controller_y_inst/_0385_,16.85µm
wave_controller_y_inst/_0645_,16.85µm
wave_controller_y_inst/_0810_,16.85µm
wave_controller_y_inst/_0938_,16.85µm
wave_controller_y_inst/_1511_,16.85µm
wave_controller_y_inst/_1526_,16.85µm
wave_controller_y_inst/_1564_,16.85µm
net8,16.8µm
cfg_f_MEMS_fcw_y\[15\],16.8µm
spi_regs_inst/_0255_,16.8µm
spi_regs_inst/_0397_,16.8µm
spi_regs_inst/_0652_,16.8µm
state_machine_inst/_11_,16.8µm
wave_controller_x_inst/_0222_,16.8µm
wave_controller_x_inst/_0318_,16.8µm
wave_controller_x_inst/_0477_,16.8µm
wave_controller_x_inst/_0550_,16.8µm
wave_controller_x_inst/_0929_,16.8µm
wave_controller_x_inst/_0930_,16.8µm
wave_controller_x_inst/_1005_,16.8µm
wave_controller_x_inst/_1765_,16.8µm
wave_controller_y_inst/_0010_,16.8µm
wave_controller_y_inst/_0032_,16.8µm
wave_controller_y_inst/_0226_,16.8µm
wave_controller_y_inst/_0600_,16.8µm
wave_controller_y_inst/_1769_,16.8µm
wave_controller_x_inst/_1581_,16.49µm
net635,16.465µm
net657,16.465µm
signal_processor_y_inst/cnt_in\[1\],16.39µm
spi_regs_inst/tx_shift\[6\],16.39µm
wave_controller_x_inst/_0141_,16.39µm
wave_controller_x_inst/_0133_,16.34µm
wave_controller_x_inst/_0172_,16.34µm
wave_controller_x_inst/_0192_,16.34µm
wave_controller_x_inst/_0365_,16.34µm
wave_controller_x_inst/_0411_,16.34µm
wave_controller_x_inst/_0557_,16.34µm
wave_controller_x_inst/_0590_,16.34µm
wave_controller_x_inst/_0656_,16.34µm
wave_controller_x_inst/_0735_,16.34µm
wave_controller_x_inst/_1400_,16.34µm
wave_controller_y_inst/_0224_,16.34µm
wave_controller_y_inst/_0236_,16.34µm
wave_controller_y_inst/_0277_,16.34µm
wave_controller_y_inst/_0830_,16.34µm
wave_controller_y_inst/_0973_,16.34µm
wave_controller_y_inst/_1434_,16.34µm
signal_processor_y_inst/s90_pipe\[1\],16.29µm
spi_regs_inst/tx_shift\[3\],16.29µm
state_machine_inst/_02_,16.29µm
wave_controller_x_inst/_0417_,16.29µm
wave_controller_x_inst/_0756_,16.29µm
wave_controller_x_inst/_0950_,16.29µm
wave_controller_x_inst/_1299_,16.29µm
wave_controller_x_inst/_1384_,16.29µm
wave_controller_x_inst/_1641_,16.29µm
wave_controller_x_inst/_1761_,16.29µm
wave_controller_y_inst/_0281_,16.29µm
wave_controller_y_inst/_0288_,16.29µm
wave_controller_y_inst/_0445_,16.29µm
wave_controller_y_inst/_0650_,16.29µm
wave_controller_y_inst/_0697_,16.29µm
wave_controller_y_inst/_0737_,16.29µm
wave_controller_y_inst/_0808_,16.29µm
wave_controller_y_inst/_1018_,16.29µm
wave_controller_y_inst/_1098_,16.29µm
wave_controller_y_inst/_1292_,16.29µm
wave_controller_y_inst/_1685_,16.29µm
wave_controller_x_inst/net87,16.29µm
wave_controller_x_inst/net686,16.29µm
cal_phase270_offset_x\[11\],16.24µm
signal_processor_y_inst/_064_,16.24µm
wave_controller_x_inst/_0049_,16.24µm
wave_controller_x_inst/_0050_,16.24µm
wave_controller_x_inst/_0340_,16.24µm
wave_controller_x_inst/_0568_,16.24µm
wave_controller_x_inst/_0927_,16.24µm
wave_controller_x_inst/_1356_,16.24µm
wave_controller_x_inst/_1479_,16.24µm
wave_controller_x_inst/_1480_,16.24µm
wave_controller_y_inst/_0221_,16.24µm
wave_controller_y_inst/_0602_,16.24µm
wave_controller_y_inst/_0976_,16.24µm
wave_controller_y_inst/_1274_,16.24µm
wave_controller_y_inst/_1555_,16.24µm
wave_controller_y_inst/_1631_,16.24µm
spi_regs_inst/net687,16.24µm
bidir_in[0],16.1µm
wave_controller_x_inst/_0496_,15.96µm
wave_controller_x_inst/_1511_,15.83µm
wave_controller_x_inst/_1678_,15.83µm
wave_controller_y_inst/_0477_,15.83µm
wave_controller_y_inst/_0784_,15.83µm
cal_phase0_offset_x\[3\],15.78µm
spi_regs_inst/_0462_,15.78µm
wave_controller_x_inst/_0430_,15.78µm
wave_controller_x_inst/_0622_,15.78µm
wave_controller_x_inst/_1610_,15.78µm
wave_controller_y_inst/_0441_,15.78µm
wave_controller_y_inst/_1693_,15.78µm
wave_controller_y_inst/_1773_,15.78µm
signal_processor_x_inst/_011_,15.73µm
signal_processor_x_inst/cnt_out\[3\],15.73µm
signal_processor_y_inst/_067_,15.73µm
signal_processor_y_inst/s270_pipe\[1\],15.73µm
spi_regs_inst/_0166_,15.73µm
spi_regs_inst/_0595_,15.73µm
wave_controller_x_inst/_0182_,15.73µm
wave_controller_x_inst/_0413_,15.73µm
wave_controller_x_inst/_0465_,15.73µm
wave_controller_x_inst/_0639_,15.73µm
wave_controller_x_inst/_0685_,15.73µm
wave_controller_x_inst/_0824_,15.73µm
wave_controller_x_inst/_0855_,15.73µm
wave_controller_x_inst/_1704_,15.73µm
wave_controller_x_inst/_1724_,15.73µm
wave_controller_y_inst/_0103_,15.73µm
wave_controller_y_inst/_0182_,15.73µm
wave_controller_y_inst/_0483_,15.73µm
wave_controller_y_inst/_0505_,15.73µm
wave_controller_y_inst/_0531_,15.73µm
wave_controller_y_inst/_0577_,15.73µm
wave_controller_y_inst/_1015_,15.73µm
wave_controller_y_inst/_1203_,15.73µm
wave_controller_y_inst/_1620_,15.73µm
wave_controller_y_inst/_1772_,15.73µm
wave_controller_x_inst/net39,15.73µm
wave_controller_x_inst/net580,15.73µm
spi_regs_inst/_0067_,15.68µm
spi_regs_inst/_0110_,15.68µm
spi_regs_inst/_0144_,15.68µm
spi_regs_inst/_0280_,15.68µm
wave_controller_x_inst/_1576_,15.68µm
wave_controller_x_inst/_1621_,15.68µm
wave_controller_y_inst/_0093_,15.68µm
wave_controller_y_inst/_0155_,15.68µm
wave_controller_y_inst/_0550_,15.68µm
wave_controller_y_inst/_0654_,15.68µm
wave_controller_y_inst/_1612_,15.68µm
wave_controller_y_inst/_1654_,15.68µm
wave_controller_y_inst/_1701_,15.68µm
wave_controller_y_inst/_1774_,15.68µm
wave_controller_x_inst/_1666_,15.4µm
wave_controller_x_inst/_0701_,15.32µm
wave_controller_x_inst/_1758_,15.32µm
wave_controller_y_inst/_0659_,15.32µm
spi_regs_inst/_0571_,15.27µm
wave_controller_x_inst/net126,15.27µm
signal_processor_y_inst/_076_,15.22µm
wave_controller_x_inst/_0128_,15.22µm
wave_controller_x_inst/_0819_,15.22µm
wave_controller_x_inst/_0886_,15.22µm
wave_controller_x_inst/_1038_,15.22µm
wave_controller_x_inst/_1043_,15.22µm
wave_controller_x_inst/_1289_,15.22µm
wave_controller_x_inst/_1556_,15.22µm
wave_controller_x_inst/_1568_,15.22µm
wave_controller_x_inst/_1685_,15.22µm
wave_controller_y_inst/_0417_,15.22µm
wave_controller_y_inst/_0451_,15.22µm
wave_controller_y_inst/_0530_,15.22µm
wave_controller_y_inst/_1259_,15.22µm
wave_controller_y_inst/_1496_,15.22µm
wave_controller_y_inst/_1645_,15.22µm
wave_controller_y_inst/_1658_,15.22µm
wave_controller_x_inst/net154,15.22µm
signal_processor_x_inst/_019_,15.17µm
signal_processor_y_inst/cnt_in\[0\],15.17µm
spi_regs_inst/_0357_,15.17µm
wave_controller_x_inst/_0078_,15.17µm
wave_controller_x_inst/_0109_,15.17µm
wave_controller_x_inst/_0162_,15.17µm
wave_controller_x_inst/_0252_,15.17µm
wave_controller_x_inst/_0807_,15.17µm
wave_controller_x_inst/_0977_,15.17µm
wave_controller_x_inst/_1323_,15.17µm
wave_controller_x_inst/_1325_,15.17µm
wave_controller_x_inst/_1388_,15.17µm
wave_controller_x_inst/_1532_,15.17µm
wave_controller_y_inst/_0165_,15.17µm
wave_controller_y_inst/_0220_,15.17µm
wave_controller_y_inst/_0473_,15.17µm
wave_controller_y_inst/_0540_,15.17µm
wave_controller_y_inst/_0585_,15.17µm
wave_controller_y_inst/_0625_,15.17µm
wave_controller_y_inst/_0666_,15.17µm
wave_controller_y_inst/_0732_,15.17µm
wave_controller_y_inst/_0883_,15.17µm
wave_controller_y_inst/_1096_,15.17µm
wave_controller_y_inst/_1648_,15.17µm
spi_regs_inst/_0322_,15.12µm
wave_controller_x_inst/_0587_,15.12µm
wave_controller_x_inst/_0944_,15.12µm
wave_controller_x_inst/_1085_,15.12µm
wave_controller_x_inst/_1354_,15.12µm
wave_controller_x_inst/_1521_,15.12µm
wave_controller_x_inst/_1737_,15.12µm
wave_controller_y_inst/_0024_,15.12µm
wave_controller_y_inst/_0270_,15.12µm
wave_controller_y_inst/_0375_,15.12µm
wave_controller_y_inst/_0440_,15.12µm
wave_controller_y_inst/_0447_,15.12µm
wave_controller_y_inst/_0799_,15.12µm
wave_controller_y_inst/_0815_,15.12µm
wave_controller_y_inst/_1003_,15.12µm
wave_controller_y_inst/_1058_,15.12µm
wave_controller_y_inst/_1373_,15.12µm
wave_controller_y_inst/_1521_,15.12µm
wave_controller_y_inst/ds_acc\[0\],15.12µm
wave_controller_y_inst/ds_acc\[4\],15.12µm
net636,14.785µm
input_in,14.785µm
wave_controller_y_inst/_1354_,14.76µm
wave_controller_x_inst/_0295_,14.71µm
wave_controller_x_inst/cal_burst_count\[1\],14.71µm
wave_controller_y_inst/_0586_,14.71µm
signal_processor_y_inst/_104_,14.66µm
wave_controller_x_inst/_0142_,14.66µm
wave_controller_x_inst/_0165_,14.66µm
wave_controller_x_inst/_0620_,14.66µm
wave_controller_x_inst/_0757_,14.66µm
wave_controller_x_inst/_0857_,14.66µm
wave_controller_x_inst/_1573_,14.66µm
wave_controller_y_inst/_0160_,14.66µm
wave_controller_y_inst/_0339_,14.66µm
wave_controller_y_inst/_0623_,14.66µm
wave_controller_y_inst/_1000_,14.66µm
wave_controller_y_inst/_1001_,14.66µm
wave_controller_y_inst/_1032_,14.66µm
wave_controller_y_inst/_1311_,14.66µm
wave_controller_y_inst/_1326_,14.66µm
wave_controller_y_inst/_1591_,14.66µm
wave_controller_y_inst/_1747_,14.66µm
wave_controller_y_inst/_1761_,14.66µm
spi_regs_inst/net487,14.66µm
signal_processor_y_inst/s270_pipe\[0\],14.61µm
spi_regs_inst/_0014_,14.61µm
spi_regs_inst/_0278_,14.61µm
spi_regs_inst/_0593_,14.61µm
wave_controller_x_inst/_0035_,14.61µm
wave_controller_x_inst/_0170_,14.61µm
wave_controller_x_inst/_0259_,14.61µm
wave_controller_x_inst/_0414_,14.61µm
wave_controller_x_inst/_0612_,14.61µm
wave_controller_x_inst/_0647_,14.61µm
wave_controller_x_inst/_1113_,14.61µm
wave_controller_x_inst/_1196_,14.61µm
wave_controller_x_inst/_1311_,14.61µm
wave_controller_x_inst/_1427_,14.61µm
wave_controller_x_inst/_1469_,14.61µm
wave_controller_x_inst/_1507_,14.61µm
wave_controller_x_inst/_1544_,14.61µm
wave_controller_x_inst/_1547_,14.61µm
wave_controller_x_inst/_1739_,14.61µm
wave_controller_y_inst/_0001_,14.61µm
wave_controller_y_inst/_0572_,14.61µm
wave_controller_y_inst/_0594_,14.61µm
wave_controller_y_inst/_0868_,14.61µm
wave_controller_y_inst/_0905_,14.61µm
wave_controller_y_inst/_1411_,14.61µm
signal_processor_x_inst/_029_,14.56µm
signal_processor_x_inst/_074_,14.56µm
spi_regs_inst/_0639_,14.56µm
wave_controller_x_inst/_0048_,14.56µm
wave_controller_x_inst/_0183_,14.56µm
wave_controller_x_inst/_0440_,14.56µm
wave_controller_x_inst/_0479_,14.56µm
wave_controller_x_inst/_0530_,14.56µm
wave_controller_x_inst/_0851_,14.56µm
wave_controller_x_inst/_0959_,14.56µm
wave_controller_x_inst/_1252_,14.56µm
wave_controller_x_inst/_1774_,14.56µm
wave_controller_y_inst/_0162_,14.56µm
wave_controller_y_inst/_0169_,14.56µm
wave_controller_y_inst/_0380_,14.56µm
wave_controller_y_inst/_0519_,14.56µm
wave_controller_y_inst/_0725_,14.56µm
wave_controller_y_inst/_0738_,14.56µm
wave_controller_y_inst/_0913_,14.56µm
wave_controller_y_inst/_1185_,14.56µm
wave_controller_y_inst/_1208_,14.56µm
wave_controller_y_inst/_1228_,14.56µm
wave_controller_y_inst/_1650_,14.56µm
wave_controller_y_inst/_1742_,14.56µm
net626,14.225µm
net644,14.225µm
spi_regs_inst/_0572_,14.15µm
spi_regs_inst/tx_shift\[4\],14.15µm
wave_controller_x_inst/_1286_,14.15µm
signal_processor_x_inst/_063_,14.1µm
wave_controller_x_inst/_0327_,14.1µm
wave_controller_x_inst/_0608_,14.1µm
wave_controller_x_inst/_0945_,14.1µm
wave_controller_x_inst/_1012_,14.1µm
wave_controller_x_inst/_1209_,14.1µm
wave_controller_x_inst/_1218_,14.1µm
wave_controller_x_inst/_1444_,14.1µm
wave_controller_y_inst/_0134_,14.1µm
wave_controller_y_inst/_0705_,14.1µm
wave_controller_y_inst/_0812_,14.1µm
wave_controller_y_inst/_1139_,14.1µm
wave_controller_y_inst/_1642_,14.1µm
signal_processor_x_inst/_010_,14.05µm
signal_processor_x_inst/_021_,14.05µm
spi_regs_inst/_0016_,14.05µm
wave_controller_x_inst/_0101_,14.05µm
wave_controller_x_inst/_0284_,14.05µm
wave_controller_x_inst/_0306_,14.05µm
wave_controller_x_inst/_0364_,14.05µm
wave_controller_x_inst/_0445_,14.05µm
wave_controller_x_inst/_0709_,14.05µm
wave_controller_x_inst/_0793_,14.05µm
wave_controller_x_inst/_0868_,14.05µm
wave_controller_x_inst/_0892_,14.05µm
wave_controller_x_inst/_1015_,14.05µm
wave_controller_x_inst/_1022_,14.05µm
wave_controller_x_inst/_1078_,14.05µm
wave_controller_x_inst/_1256_,14.05µm
wave_controller_x_inst/_1339_,14.05µm
wave_controller_x_inst/_1369_,14.05µm
wave_controller_x_inst/_1439_,14.05µm
wave_controller_x_inst/_1451_,14.05µm
wave_controller_x_inst/_1561_,14.05µm
wave_controller_x_inst/_1722_,14.05µm
wave_controller_x_inst/_1746_,14.05µm
wave_controller_x_inst/ds_acc\[0\],14.05µm
wave_controller_y_inst/_0148_,14.05µm
wave_controller_y_inst/_0439_,14.05µm
wave_controller_y_inst/_0620_,14.05µm
wave_controller_y_inst/_0826_,14.05µm
wave_controller_y_inst/_1375_,14.05µm
wave_controller_y_inst/_1616_,14.05µm
wave_controller_y_inst/_1657_,14.05µm
wave_controller_y_inst/_1716_,14.05µm
signal_processor_y_inst/_090_,14µm
spi_regs_inst/_0015_,14µm
state_machine_inst/_17_,14µm
wave_controller_x_inst/_0053_,14µm
wave_controller_x_inst/_0378_,14µm
wave_controller_x_inst/_0493_,14µm
wave_controller_x_inst/_0838_,14µm
wave_controller_x_inst/_0899_,14µm
wave_controller_x_inst/_0931_,14µm
wave_controller_x_inst/_0938_,14µm
wave_controller_x_inst/_0978_,14µm
wave_controller_x_inst/_1543_,14µm
wave_controller_y_inst/_0210_,14µm
wave_controller_y_inst/_0254_,14µm
wave_controller_y_inst/_0261_,14µm
wave_controller_y_inst/_0376_,14µm
wave_controller_y_inst/_0407_,14µm
wave_controller_y_inst/_0507_,14µm
wave_controller_y_inst/_0636_,14µm
wave_controller_y_inst/_0639_,14µm
wave_controller_y_inst/_0708_,14µm
wave_controller_y_inst/_0750_,14µm
wave_controller_y_inst/_1057_,14µm
wave_controller_y_inst/_1479_,14µm
wave_controller_y_inst/_1500_,14µm
wave_controller_y_inst/_1562_,14µm
net672,13.86µm
wave_controller_y_inst/_0664_,13.69µm
wave_controller_y_inst/_0701_,13.64µm
wave_controller_x_inst/_1596_,13.59µm
wave_controller_x_inst/_1648_,13.59µm
signal_processor_x_inst/_066_,13.54µm
wave_controller_x_inst/_0691_,13.54µm
wave_controller_x_inst/_0797_,13.54µm
wave_controller_x_inst/_0823_,13.54µm
wave_controller_x_inst/_0830_,13.54µm
wave_controller_x_inst/_1006_,13.54µm
wave_controller_x_inst/_1018_,13.54µm
wave_controller_x_inst/_1714_,13.54µm
wave_controller_y_inst/_0215_,13.54µm
wave_controller_y_inst/_0283_,13.54µm
wave_controller_y_inst/_0345_,13.54µm
wave_controller_y_inst/_0450_,13.54µm
wave_controller_y_inst/_0731_,13.54µm
wave_controller_y_inst/_0762_,13.54µm
wave_controller_y_inst/_0818_,13.54µm
wave_controller_y_inst/_0902_,13.54µm
wave_controller_y_inst/_1136_,13.54µm
wave_controller_y_inst/_1415_,13.54µm
wave_controller_y_inst/_1472_,13.54µm
wave_controller_y_inst/_1507_,13.54µm
wave_controller_y_inst/_1608_,13.54µm
wave_controller_y_inst/_1707_,13.54µm
cfg_f_MEMS_fcw_y\[7\],13.49µm
signal_processor_y_inst/_032_,13.49µm
spi_regs_inst/_0130_,13.49µm
spi_regs_inst/_0145_,13.49µm
spi_regs_inst/_0215_,13.49µm
wave_controller_x_inst/_0012_,13.49µm
wave_controller_x_inst/_0070_,13.49µm
wave_controller_x_inst/_0106_,13.49µm
wave_controller_x_inst/_0136_,13.49µm
wave_controller_x_inst/_0146_,13.49µm
wave_controller_x_inst/_0207_,13.49µm
wave_controller_x_inst/_0251_,13.49µm
wave_controller_x_inst/_0317_,13.49µm
wave_controller_x_inst/_0335_,13.49µm
wave_controller_x_inst/_0341_,13.49µm
wave_controller_x_inst/_0345_,13.49µm
wave_controller_x_inst/_0482_,13.49µm
wave_controller_x_inst/_1282_,13.49µm
wave_controller_x_inst/_1471_,13.49µm
wave_controller_x_inst/_1520_,13.49µm
wave_controller_x_inst/_1674_,13.49µm
wave_controller_y_inst/_0133_,13.49µm
wave_controller_y_inst/_0398_,13.49µm
wave_controller_y_inst/_0400_,13.49µm
wave_controller_y_inst/_0431_,13.49µm
wave_controller_y_inst/_0741_,13.49µm
wave_controller_y_inst/_0954_,13.49µm
wave_controller_y_inst/_0995_,13.49µm
wave_controller_y_inst/_1231_,13.49µm
wave_controller_y_inst/_1250_,13.49µm
wave_controller_y_inst/_1281_,13.49µm
wave_controller_y_inst/_1283_,13.49µm
wave_controller_y_inst/_1330_,13.49µm
wave_controller_y_inst/_1419_,13.49µm
wave_controller_y_inst/_1436_,13.49µm
wave_controller_y_inst/_1623_,13.49µm
cal_phase90_offset_y\[14\],13.44µm
wave_controller_x_inst/_0125_,13.44µm
wave_controller_x_inst/_0376_,13.44µm
wave_controller_x_inst/_0405_,13.44µm
wave_controller_x_inst/_0494_,13.44µm
wave_controller_x_inst/_0673_,13.44µm
wave_controller_x_inst/_0677_,13.44µm
wave_controller_x_inst/_1567_,13.44µm
wave_controller_x_inst/_1592_,13.44µm
wave_controller_x_inst/_1687_,13.44µm
wave_controller_x_inst/_1762_,13.44µm
wave_controller_y_inst/_0023_,13.44µm
wave_controller_y_inst/_0112_,13.44µm
wave_controller_y_inst/_0151_,13.44µm
wave_controller_y_inst/_0520_,13.44µm
wave_controller_y_inst/_0563_,13.44µm
wave_controller_y_inst/_0681_,13.44µm
wave_controller_y_inst/_0912_,13.44µm
wave_controller_y_inst/_1196_,13.44µm
wave_controller_y_inst/_1327_,13.44µm
wave_controller_y_inst/_1482_,13.44µm
wave_controller_y_inst/_1509_,13.44µm
wave_controller_y_inst/_1547_,13.44µm
wave_controller_y_inst/_1563_,13.44µm
wave_controller_y_inst/_1673_,13.44µm
net663,13.155µm
net684,13.105µm
wave_controller_x_inst/_1231_,13.03µm
wave_controller_y_inst/_0795_,13.03µm
wave_controller_y_inst/_1272_,13.03µm
wave_controller_y_inst/_1480_,13.03µm
wave_controller_x_inst/net119,13.03µm
wave_controller_x_inst/_0201_,12.98µm
wave_controller_x_inst/_0266_,12.98µm
wave_controller_x_inst/_0480_,12.98µm
wave_controller_x_inst/_0652_,12.98µm
wave_controller_x_inst/_0773_,12.98µm
wave_controller_x_inst/_0812_,12.98µm
wave_controller_x_inst/_0988_,12.98µm
wave_controller_y_inst/_0851_,12.98µm
wave_controller_y_inst/_0930_,12.98µm
wave_controller_y_inst/_0949_,12.98µm
wave_controller_y_inst/_0992_,12.98µm
wave_controller_y_inst/_1598_,12.98µm
signal_processor_x_inst/_024_,12.93µm
signal_processor_y_inst/_023_,12.93µm
signal_processor_y_inst/_024_,12.93µm
signal_processor_y_inst/_096_,12.93µm
spi_regs_inst/_0172_,12.93µm
spi_regs_inst/_0279_,12.93µm
spi_regs_inst/_0650_,12.93µm
wave_controller_x_inst/_0006_,12.93µm
wave_controller_x_inst/_0033_,12.93µm
wave_controller_x_inst/_0058_,12.93µm
wave_controller_x_inst/_0185_,12.93µm
wave_controller_x_inst/_0215_,12.93µm
wave_controller_x_inst/_0377_,12.93µm
wave_controller_x_inst/_0526_,12.93µm
wave_controller_x_inst/_0663_,12.93µm
wave_controller_x_inst/_0882_,12.93µm
wave_controller_x_inst/_0894_,12.93µm
wave_controller_x_inst/_0947_,12.93µm
wave_controller_x_inst/_1257_,12.93µm
wave_controller_x_inst/_1316_,12.93µm
wave_controller_x_inst/_1434_,12.93µm
wave_controller_x_inst/_1697_,12.93µm
wave_controller_y_inst/_0014_,12.93µm
wave_controller_y_inst/_0255_,12.93µm
wave_controller_y_inst/_0260_,12.93µm
wave_controller_y_inst/_0319_,12.93µm
wave_controller_y_inst/_0437_,12.93µm
wave_controller_y_inst/_0569_,12.93µm
wave_controller_y_inst/_0580_,12.93µm
wave_controller_y_inst/_0603_,12.93µm
wave_controller_y_inst/_0824_,12.93µm
wave_controller_y_inst/_0980_,12.93µm
wave_controller_y_inst/_1036_,12.93µm
wave_controller_y_inst/_1252_,12.93µm
wave_controller_y_inst/_1288_,12.93µm
wave_controller_y_inst/_1352_,12.93µm
wave_controller_y_inst/_1388_,12.93µm
wave_controller_y_inst/_1393_,12.93µm
wave_controller_y_inst/_1418_,12.93µm
wave_controller_y_inst/_1670_,12.93µm
wave_controller_y_inst/_1697_,12.93µm
signal_processor_x_inst/_026_,12.88µm
spi_regs_inst/_0042_,12.88µm
spi_regs_inst/_0401_,12.88µm
spi_regs_inst/_0467_,12.88µm
spi_regs_inst/_0609_,12.88µm
wave_controller_x_inst/_0163_,12.88µm
wave_controller_x_inst/_0204_,12.88µm
wave_controller_x_inst/_0275_,12.88µm
wave_controller_x_inst/_0282_,12.88µm
wave_controller_x_inst/_0598_,12.88µm
wave_controller_x_inst/_0820_,12.88µm
wave_controller_x_inst/_0853_,12.88µm
wave_controller_x_inst/_0902_,12.88µm
wave_controller_x_inst/_0908_,12.88µm
wave_controller_x_inst/_0980_,12.88µm
wave_controller_x_inst/_1057_,12.88µm
wave_controller_x_inst/_1208_,12.88µm
wave_controller_x_inst/_1417_,12.88µm
wave_controller_x_inst/_1433_,12.88µm
wave_controller_x_inst/_1588_,12.88µm
wave_controller_x_inst/_1738_,12.88µm
wave_controller_y_inst/_0068_,12.88µm
wave_controller_y_inst/_0321_,12.88µm
wave_controller_y_inst/_0576_,12.88µm
wave_controller_y_inst/_0592_,12.88µm
wave_controller_y_inst/_0967_,12.88µm
wave_controller_y_inst/_1034_,12.88µm
wave_controller_y_inst/_1078_,12.88µm
wave_controller_y_inst/_1501_,12.88µm
wave_controller_y_inst/_1641_,12.88µm
wave_controller_y_inst/_1643_,12.88µm
wave_controller_y_inst/_1709_,12.88µm
signal_processor_x_inst/net340,12.88µm
net679,12.74µm
net675,12.545µm
net631,12.545µm
net639,12.545µm
net640,12.545µm
net641,12.545µm
net645,12.545µm
wave_controller_x_inst/_0626_,12.47µm
wave_controller_x_inst/_1017_,12.47µm
wave_controller_y_inst/net557,12.47µm
signal_processor_y_inst/cnt_out\[3\],12.42µm
spi_regs_inst/_0585_,12.42µm
spi_regs_inst/_0618_,12.42µm
wave_controller_x_inst/_0235_,12.42µm
wave_controller_x_inst/_0412_,12.42µm
wave_controller_x_inst/_0880_,12.42µm
wave_controller_x_inst/_1443_,12.42µm
wave_controller_x_inst/_1695_,12.42µm
wave_controller_y_inst/_1528_,12.42µm
signal_processor_x_inst/s90_pipe\[1\],12.37µm
spi_regs_inst/_0430_,12.37µm
spi_regs_inst/_0689_,12.37µm
wave_controller_x_inst/_0137_,12.37µm
wave_controller_x_inst/_0594_,12.37µm
wave_controller_x_inst/_0662_,12.37µm
wave_controller_x_inst/_0666_,12.37µm
wave_controller_x_inst/_0684_,12.37µm
wave_controller_x_inst/_0740_,12.37µm
wave_controller_x_inst/_0785_,12.37µm
wave_controller_x_inst/_0810_,12.37µm
wave_controller_x_inst/_1029_,12.37µm
wave_controller_x_inst/_1139_,12.37µm
wave_controller_x_inst/_1253_,12.37µm
wave_controller_x_inst/_1401_,12.37µm
wave_controller_x_inst/_1448_,12.37µm
wave_controller_x_inst/_1482_,12.37µm
wave_controller_x_inst/_1591_,12.37µm
wave_controller_x_inst/_1645_,12.37µm
wave_controller_x_inst/_1707_,12.37µm
wave_controller_x_inst/ds_acc\[4\],12.37µm
wave_controller_y_inst/_0056_,12.37µm
wave_controller_y_inst/_0406_,12.37µm
wave_controller_y_inst/_0504_,12.37µm
wave_controller_y_inst/_0680_,12.37µm
wave_controller_y_inst/_0866_,12.37µm
wave_controller_y_inst/_0870_,12.37µm
wave_controller_y_inst/_1024_,12.37µm
wave_controller_y_inst/_1046_,12.37µm
wave_controller_y_inst/_1387_,12.37µm
wave_controller_y_inst/_1639_,12.37µm
wave_controller_y_inst/_1704_,12.37µm
wave_controller_y_inst/_1744_,12.37µm
wave_controller_y_inst/cal_burst_count\[0\],12.37µm
signal_processor_x_inst/_072_,12.32µm
signal_processor_x_inst/_085_,12.32µm
spi_regs_inst/_0052_,12.32µm
spi_regs_inst/_0114_,12.32µm
spi_regs_inst/_0123_,12.32µm
spi_regs_inst/_0157_,12.32µm
spi_regs_inst/_0371_,12.32µm
spi_regs_inst/_0500_,12.32µm
wave_controller_x_inst/_0001_,12.32µm
wave_controller_x_inst/_0095_,12.32µm
wave_controller_x_inst/_0121_,12.32µm
wave_controller_x_inst/_0171_,12.32µm
wave_controller_x_inst/_0337_,12.32µm
wave_controller_x_inst/_0357_,12.32µm
wave_controller_x_inst/_0363_,12.32µm
wave_controller_x_inst/_0458_,12.32µm
wave_controller_x_inst/_0722_,12.32µm
wave_controller_x_inst/_0759_,12.32µm
wave_controller_x_inst/_0761_,12.32µm
wave_controller_x_inst/_1079_,12.32µm
wave_controller_x_inst/_1114_,12.32µm
wave_controller_x_inst/_1473_,12.32µm
wave_controller_x_inst/_1716_,12.32µm
wave_controller_y_inst/_0038_,12.32µm
wave_controller_y_inst/_0050_,12.32µm
wave_controller_y_inst/_0058_,12.32µm
wave_controller_y_inst/_0128_,12.32µm
wave_controller_y_inst/_0301_,12.32µm
wave_controller_y_inst/_0381_,12.32µm
wave_controller_y_inst/_0391_,12.32µm
wave_controller_y_inst/_0412_,12.32µm
wave_controller_y_inst/_0774_,12.32µm
wave_controller_y_inst/_0931_,12.32µm
wave_controller_y_inst/_0947_,12.32µm
wave_controller_y_inst/_1127_,12.32µm
wave_controller_y_inst/_1141_,12.32µm
wave_controller_y_inst/_1167_,12.32µm
wave_controller_y_inst/_1213_,12.32µm
wave_controller_y_inst/_1389_,12.32µm
wave_controller_y_inst/_1414_,12.32µm
wave_controller_x_inst/_0519_,12.04µm
net680,11.985µm
spi_regs_inst/_0303_,11.91µm
wave_controller_x_inst/_0130_,11.91µm
wave_controller_y_inst/_1019_,11.91µm
spi_regs_inst/_0364_,11.86µm
wave_controller_x_inst/_0155_,11.86µm
wave_controller_x_inst/_0164_,11.86µm
wave_controller_x_inst/_0210_,11.86µm
wave_controller_x_inst/_0264_,11.86µm
wave_controller_x_inst/_1548_,11.86µm
wave_controller_x_inst/_1614_,11.86µm
wave_controller_x_inst/_1693_,11.86µm
wave_controller_x_inst/_1741_,11.86µm
wave_controller_y_inst/_0433_,11.86µm
wave_controller_y_inst/_0551_,11.86µm
wave_controller_y_inst/_0964_,11.86µm
wave_controller_y_inst/_1017_,11.86µm
wave_controller_y_inst/_1200_,11.86µm
wave_controller_y_inst/_1719_,11.86µm
spi_regs_inst/net294,11.86µm
signal_processor_y_inst/_043_,11.81µm
signal_processor_y_inst/_075_,11.81µm
spi_regs_inst/_0109_,11.81µm
spi_regs_inst/_0354_,11.81µm
spi_regs_inst/_0458_,11.81µm
spi_regs_inst/reg_wr_data\[3\],11.81µm
wave_controller_x_inst/_0014_,11.81µm
wave_controller_x_inst/_0564_,11.81µm
wave_controller_x_inst/_0634_,11.81µm
wave_controller_x_inst/_0667_,11.81µm
wave_controller_x_inst/_0949_,11.81µm
wave_controller_x_inst/_1096_,11.81µm
wave_controller_x_inst/_1163_,11.81µm
wave_controller_x_inst/_1170_,11.81µm
wave_controller_x_inst/_1190_,11.81µm
wave_controller_x_inst/_1436_,11.81µm
wave_controller_x_inst/_1571_,11.81µm
wave_controller_x_inst/_1669_,11.81µm
wave_controller_x_inst/_1772_,11.81µm
wave_controller_y_inst/_0195_,11.81µm
wave_controller_y_inst/_0334_,11.81µm
wave_controller_y_inst/_0514_,11.81µm
wave_controller_y_inst/_0927_,11.81µm
wave_controller_y_inst/_0963_,11.81µm
wave_controller_y_inst/_1020_,11.81µm
wave_controller_y_inst/_1221_,11.81µm
wave_controller_y_inst/_1334_,11.81µm
wave_controller_y_inst/_1622_,11.81µm
wave_controller_y_inst/_1717_,11.81µm
cal_done,11.76µm
cfg_f_MEMS_fcw_x\[4\],11.76µm
signal_processor_x_inst/_045_,11.76µm
signal_processor_x_inst/_047_,11.76µm
signal_processor_x_inst/_089_,11.76µm
signal_processor_y_inst/_010_,11.76µm
spi_regs_inst/_0007_,11.76µm
spi_regs_inst/_0079_,11.76µm
spi_regs_inst/_0088_,11.76µm
spi_regs_inst/_0151_,11.76µm
spi_regs_inst/_0508_,11.76µm
wave_controller_x_inst/_0158_,11.76µm
wave_controller_x_inst/_0169_,11.76µm
wave_controller_x_inst/_0536_,11.76µm
wave_controller_x_inst/_0559_,11.76µm
wave_controller_x_inst/_0676_,11.76µm
wave_controller_x_inst/_0781_,11.76µm
wave_controller_x_inst/_0856_,11.76µm
wave_controller_x_inst/_1103_,11.76µm
wave_controller_x_inst/_1108_,11.76µm
wave_controller_x_inst/_1283_,11.76µm
wave_controller_x_inst/_1490_,11.76µm
wave_controller_x_inst/_1565_,11.76µm
wave_controller_x_inst/_1703_,11.76µm
wave_controller_x_inst/_1744_,11.76µm
wave_controller_x_inst/_1748_,11.76µm
wave_controller_x_inst/cal_burst_count\[0\],11.76µm
wave_controller_y_inst/_0266_,11.76µm
wave_controller_y_inst/_0340_,11.76µm
wave_controller_y_inst/_0872_,11.76µm
wave_controller_y_inst/_0877_,11.76µm
wave_controller_y_inst/_0894_,11.76µm
wave_controller_y_inst/_0907_,11.76µm
wave_controller_y_inst/_0942_,11.76µm
wave_controller_y_inst/_1023_,11.76µm
wave_controller_y_inst/_1056_,11.76µm
wave_controller_y_inst/_1108_,11.76µm
wave_controller_y_inst/_1487_,11.76µm
bidir_out[8],11.62µm
bidir_out[9],11.62µm
net628,11.425µm
net632,11.425µm
net637,11.425µm
net638,11.425µm
net653,11.425µm
net660,11.425µm
net666,11.425µm
net670,11.425µm
wave_controller_x_inst/_0134_,11.35µm
wave_controller_x_inst/_0153_,11.35µm
wave_controller_y_inst/_0597_,11.35µm
wave_controller_y_inst/_0797_,11.35µm
wave_controller_y_inst/_1253_,11.35µm
wave_controller_y_inst/net28,11.35µm
spi_regs_inst/_0390_,11.3µm
spi_regs_inst/_0588_,11.3µm
spi_regs_inst/tx_shift\[1\],11.3µm
wave_controller_x_inst/_0316_,11.3µm
wave_controller_x_inst/_0339_,11.3µm
wave_controller_x_inst/_0469_,11.3µm
wave_controller_x_inst/_0489_,11.3µm
wave_controller_x_inst/_0507_,11.3µm
wave_controller_x_inst/_0764_,11.3µm
wave_controller_x_inst/_0782_,11.3µm
wave_controller_x_inst/_1001_,11.3µm
wave_controller_x_inst/_1743_,11.3µm
wave_controller_x_inst/_1767_,11.3µm
wave_controller_y_inst/_0225_,11.3µm
wave_controller_y_inst/_0302_,11.3µm
wave_controller_y_inst/_0408_,11.3µm
wave_controller_y_inst/_0467_,11.3µm
wave_controller_y_inst/_0643_,11.3µm
wave_controller_y_inst/_0790_,11.3µm
wave_controller_y_inst/_1379_,11.3µm
wave_controller_y_inst/_1574_,11.3µm
wave_controller_y_inst/_1656_,11.3µm
wave_controller_y_inst/_1730_,11.3µm
signal_processor_x_inst/_043_,11.25µm
signal_processor_y_inst/_016_,11.25µm
signal_processor_y_inst/_038_,11.25µm
signal_processor_y_inst/comp_pipe\[1\],11.25µm
spi_regs_inst/_0183_,11.25µm
wave_controller_x_inst/_0195_,11.25µm
wave_controller_x_inst/_0593_,11.25µm
wave_controller_x_inst/_0611_,11.25µm
wave_controller_x_inst/_0799_,11.25µm
wave_controller_x_inst/_0816_,11.25µm
wave_controller_x_inst/_0932_,11.25µm
wave_controller_x_inst/_0964_,11.25µm
wave_controller_x_inst/_0987_,11.25µm
wave_controller_x_inst/_1013_,11.25µm
wave_controller_x_inst/_1035_,11.25µm
wave_controller_x_inst/_1650_,11.25µm
wave_controller_x_inst/_1651_,11.25µm
wave_controller_x_inst/_1736_,11.25µm
wave_controller_y_inst/_0364_,11.25µm
wave_controller_y_inst/_0379_,11.25µm
wave_controller_y_inst/_0424_,11.25µm
wave_controller_y_inst/_0579_,11.25µm
wave_controller_y_inst/_0781_,11.25µm
wave_controller_y_inst/_0887_,11.25µm
wave_controller_y_inst/_0898_,11.25µm
wave_controller_y_inst/_0944_,11.25µm
wave_controller_y_inst/_0985_,11.25µm
wave_controller_y_inst/_1038_,11.25µm
wave_controller_y_inst/_1099_,11.25µm
wave_controller_y_inst/_1386_,11.25µm
wave_controller_y_inst/_1403_,11.25µm
wave_controller_y_inst/_1449_,11.25µm
wave_controller_y_inst/_1450_,11.25µm
wave_controller_y_inst/_1490_,11.25µm
wave_controller_y_inst/_1517_,11.25µm
wave_controller_y_inst/_1536_,11.25µm
wave_controller_y_inst/_1684_,11.25µm
net1,11.2µm
cal_phase0_offset_x\[20\],11.2µm
cfg_f_MEMS_fcw_y\[2\],11.2µm
latch_phase90_ack_x,11.2µm
signal_processor_x_inst/_105_,11.2µm
signal_processor_y_inst/_053_,11.2µm
signal_processor_y_inst/_094_,11.2µm
spi_regs_inst/_0302_,11.2µm
spi_regs_inst/_0389_,11.2µm
wave_controller_x_inst/_0074_,11.2µm
wave_controller_x_inst/_0166_,11.2µm
wave_controller_x_inst/_0184_,11.2µm
wave_controller_x_inst/_0190_,11.2µm
wave_controller_x_inst/_0298_,11.2µm
wave_controller_x_inst/_0315_,11.2µm
wave_controller_x_inst/_0321_,11.2µm
wave_controller_x_inst/_0379_,11.2µm
wave_controller_x_inst/_0406_,11.2µm
wave_controller_x_inst/_0450_,11.2µm
wave_controller_x_inst/_0524_,11.2µm
wave_controller_x_inst/_0570_,11.2µm
wave_controller_x_inst/_0632_,11.2µm
wave_controller_x_inst/_0645_,11.2µm
wave_controller_x_inst/_0665_,11.2µm
wave_controller_x_inst/_0687_,11.2µm
wave_controller_x_inst/_0731_,11.2µm
wave_controller_x_inst/_0758_,11.2µm
wave_controller_x_inst/_0992_,11.2µm
wave_controller_x_inst/_1771_,11.2µm
wave_controller_x_inst/comp_sync4,11.2µm
wave_controller_x_inst/ds_acc\[3\],11.2µm
wave_controller_y_inst/_0015_,11.2µm
wave_controller_y_inst/_0045_,11.2µm
wave_controller_y_inst/_0101_,11.2µm
wave_controller_y_inst/_0108_,11.2µm
wave_controller_y_inst/_0118_,11.2µm
wave_controller_y_inst/_0291_,11.2µm
wave_controller_y_inst/_0410_,11.2µm
wave_controller_y_inst/_0423_,11.2µm
wave_controller_y_inst/_0522_,11.2µm
wave_controller_y_inst/_0574_,11.2µm
wave_controller_y_inst/_0777_,11.2µm
wave_controller_y_inst/_0981_,11.2µm
wave_controller_y_inst/_1165_,11.2µm
wave_controller_y_inst/_1264_,11.2µm
wave_controller_y_inst/_1372_,11.2µm
wave_controller_y_inst/_1431_,11.2µm
wave_controller_y_inst/_1435_,11.2µm
wave_controller_y_inst/_1551_,11.2µm
wave_controller_y_inst/_1603_,11.2µm
wave_controller_y_inst/_1711_,11.2µm
net646,11.06µm
net664,11.06µm
net685,10.865µm
wave_controller_x_inst/_0271_,10.79µm
wave_controller_x_inst/_0755_,10.79µm
wave_controller_y_inst/_0434_,10.79µm
wave_controller_y_inst/_0893_,10.79µm
wave_controller_y_inst/_1033_,10.78µm
signal_processor_y_inst/_068_,10.74µm
spi_regs_inst/_0332_,10.74µm
spi_regs_inst/_0456_,10.74µm
spi_regs_inst/_0647_,10.74µm
wave_controller_x_inst/_0310_,10.74µm
wave_controller_x_inst/_0381_,10.74µm
wave_controller_x_inst/_1034_,10.74µm
wave_controller_x_inst/_1422_,10.74µm
wave_controller_y_inst/_0640_,10.74µm
wave_controller_y_inst/_1152_,10.74µm
wave_controller_y_inst/_1236_,10.74µm
wave_controller_y_inst/_1580_,10.74µm
spi_regs_inst/net564,10.74µm
cfg_f_MEMS_fcw_y\[5\],10.69µm
signal_processor_x_inst/_051_,10.69µm
signal_processor_x_inst/comp_pipe\[2\],10.69µm
signal_processor_y_inst/_063_,10.69µm
spi_regs_inst/_0034_,10.69µm
spi_regs_inst/_0334_,10.69µm
spi_regs_inst/_0547_,10.69µm
state_machine_inst/_14_,10.69µm
wave_controller_x_inst/_0018_,10.69µm
wave_controller_x_inst/_0065_,10.69µm
wave_controller_x_inst/_0167_,10.69µm
wave_controller_x_inst/_0291_,10.69µm
wave_controller_x_inst/_0303_,10.69µm
wave_controller_x_inst/_0563_,10.69µm
wave_controller_x_inst/_0574_,10.69µm
wave_controller_x_inst/_0877_,10.69µm
wave_controller_x_inst/_0907_,10.69µm
wave_controller_x_inst/_0969_,10.69µm
wave_controller_x_inst/_1141_,10.69µm
wave_controller_x_inst/_1182_,10.69µm
wave_controller_x_inst/_1605_,10.69µm
wave_controller_x_inst/comp_sync2,10.69µm
wave_controller_y_inst/_0120_,10.69µm
wave_controller_y_inst/_0142_,10.69µm
wave_controller_y_inst/_0248_,10.69µm
wave_controller_y_inst/_0462_,10.69µm
wave_controller_y_inst/_0521_,10.69µm
wave_controller_y_inst/_0588_,10.69µm
wave_controller_y_inst/_0695_,10.69µm
wave_controller_y_inst/_0709_,10.69µm
wave_controller_y_inst/_0749_,10.69µm
wave_controller_y_inst/_0783_,10.69µm
wave_controller_y_inst/_0844_,10.69µm
wave_controller_y_inst/_0933_,10.69µm
wave_controller_y_inst/_1113_,10.69µm
wave_controller_y_inst/_1304_,10.69µm
wave_controller_y_inst/_1422_,10.69µm
wave_controller_y_inst/_1443_,10.69µm
wave_controller_y_inst/_1589_,10.69µm
wave_controller_y_inst/_1633_,10.69µm
wave_controller_y_inst/_1720_,10.69µm
cal_phase0_offset_y\[12\],10.64µm
latch_phase270_ack_x,10.64µm
signal_processor_x_inst/_104_,10.64µm
signal_processor_x_inst/s270_pipe\[2\],10.64µm
signal_processor_y_inst/_003_,10.64µm
signal_processor_y_inst/_034_,10.64µm
signal_processor_y_inst/_048_,10.64µm
signal_processor_y_inst/_058_,10.64µm
signal_processor_y_inst/_084_,10.64µm
spi_regs_inst/_0126_,10.64µm
spi_regs_inst/_0132_,10.64µm
spi_regs_inst/_0307_,10.64µm
spi_regs_inst/_0381_,10.64µm
spi_regs_inst/_0521_,10.64µm
wave_controller_x_inst/_0056_,10.64µm
wave_controller_x_inst/_0059_,10.64µm
wave_controller_x_inst/_0108_,10.64µm
wave_controller_x_inst/_0250_,10.64µm
wave_controller_x_inst/_0273_,10.64µm
wave_controller_x_inst/_0319_,10.64µm
wave_controller_x_inst/_0447_,10.64µm
wave_controller_x_inst/_0534_,10.64µm
wave_controller_x_inst/_0575_,10.64µm
wave_controller_x_inst/_0589_,10.64µm
wave_controller_x_inst/_0760_,10.64µm
wave_controller_x_inst/_0767_,10.64µm
wave_controller_x_inst/_0774_,10.64µm
wave_controller_x_inst/_0896_,10.64µm
wave_controller_x_inst/_1210_,10.64µm
wave_controller_x_inst/_1622_,10.64µm
wave_controller_x_inst/_1770_,10.64µm
wave_controller_y_inst/_0217_,10.64µm
wave_controller_y_inst/_0403_,10.64µm
wave_controller_y_inst/_0484_,10.64µm
wave_controller_y_inst/_0914_,10.64µm
wave_controller_y_inst/_1005_,10.64µm
wave_controller_y_inst/_1043_,10.64µm
wave_controller_y_inst/_1349_,10.64µm
wave_controller_y_inst/_1538_,10.64µm
wave_controller_y_inst/_1560_,10.64µm
wave_controller_y_inst/_1590_,10.64µm
wave_controller_y_inst/_1731_,10.64µm
wave_controller_x_inst/_0302_,10.36µm
net630,10.305µm
net643,10.305µm
net649,10.305µm
net662,10.305µm
bidir_out[0],10.305µm
bidir_out[1],10.305µm
bidir_out[3],10.305µm
wave_controller_x_inst/_0967_,10.23µm
wave_controller_x_inst/_1510_,10.23µm
wave_controller_y_inst/_0480_,10.23µm
_03_,10.18µm
spi_regs_inst/_0268_,10.18µm
wave_controller_x_inst/_0232_,10.18µm
wave_controller_x_inst/_0551_,10.18µm
wave_controller_x_inst/_1008_,10.18µm
wave_controller_x_inst/_1409_,10.18µm
wave_controller_x_inst/_1709_,10.18µm
wave_controller_x_inst/_1719_,10.18µm
wave_controller_y_inst/_0286_,10.18µm
wave_controller_y_inst/_0313_,10.18µm
wave_controller_y_inst/_0383_,10.18µm
wave_controller_y_inst/_0419_,10.18µm
wave_controller_y_inst/_0590_,10.18µm
wave_controller_y_inst/_1117_,10.18µm
wave_controller_y_inst/_1198_,10.18µm
wave_controller_y_inst/_1651_,10.18µm
signal_processor_y_inst/_087_,10.13µm
signal_processor_y_inst/_098_,10.13µm
spi_regs_inst/_0120_,10.13µm
spi_regs_inst/_0129_,10.13µm
spi_regs_inst/_0186_,10.13µm
spi_regs_inst/_0409_,10.13µm
spi_regs_inst/_0426_,10.13µm
spi_regs_inst/_0489_,10.13µm
spi_regs_inst/_0551_,10.13µm
spi_regs_inst/_0653_,10.13µm
wave_controller_x_inst/_0013_,10.13µm
wave_controller_x_inst/_0017_,10.13µm
wave_controller_x_inst/_0148_,10.13µm
wave_controller_x_inst/_0217_,10.13µm
wave_controller_x_inst/_0348_,10.13µm
wave_controller_x_inst/_0386_,10.13µm
wave_controller_x_inst/_0432_,10.13µm
wave_controller_x_inst/_0462_,10.13µm
wave_controller_x_inst/_0585_,10.13µm
wave_controller_x_inst/_0621_,10.13µm
wave_controller_x_inst/_0873_,10.13µm
wave_controller_x_inst/_1406_,10.13µm
wave_controller_x_inst/_1537_,10.13µm
wave_controller_x_inst/ds_acc\[6\],10.13µm
wave_controller_y_inst/_0046_,10.13µm
wave_controller_y_inst/_0073_,10.13µm
wave_controller_y_inst/_0102_,10.13µm
wave_controller_y_inst/_0123_,10.13µm
wave_controller_y_inst/_0188_,10.13µm
wave_controller_y_inst/_0201_,10.13µm
wave_controller_y_inst/_0219_,10.13µm
wave_controller_y_inst/_0416_,10.13µm
wave_controller_y_inst/_0747_,10.13µm
wave_controller_y_inst/_0860_,10.13µm
wave_controller_y_inst/_0974_,10.13µm
wave_controller_y_inst/_1122_,10.13µm
wave_controller_y_inst/_1124_,10.13µm
wave_controller_y_inst/_1126_,10.13µm
wave_controller_y_inst/_1316_,10.13µm
wave_controller_y_inst/_1524_,10.13µm
wave_controller_y_inst/_1618_,10.13µm
wave_controller_y_inst/_1672_,10.13µm
_05_,10.08µm
_07_,10.08µm
net6,10.08µm
net12,10.08µm
signal_processor_x_inst/_084_,10.08µm
spi_regs_inst/_0041_,10.08µm
spi_regs_inst/_0127_,10.08µm
wave_controller_x_inst/_0076_,10.08µm
wave_controller_x_inst/_0261_,10.08µm
wave_controller_x_inst/_0410_,10.08µm
wave_controller_x_inst/_0637_,10.08µm
wave_controller_x_inst/_0768_,10.08µm
wave_controller_x_inst/_0772_,10.08µm
wave_controller_x_inst/_1052_,10.08µm
wave_controller_x_inst/_1189_,10.08µm
wave_controller_x_inst/_1216_,10.08µm
wave_controller_x_inst/_1284_,10.08µm
wave_controller_x_inst/_1392_,10.08µm
wave_controller_x_inst/_1539_,10.08µm
wave_controller_x_inst/_1546_,10.08µm
wave_controller_x_inst/_1569_,10.08µm
wave_controller_x_inst/_1638_,10.08µm
wave_controller_x_inst/_1723_,10.08µm
wave_controller_x_inst/ds_acc\[7\],10.08µm
wave_controller_y_inst/_0106_,10.08µm
wave_controller_y_inst/_0171_,10.08µm
wave_controller_y_inst/_0194_,10.08µm
wave_controller_y_inst/_0470_,10.08µm
wave_controller_y_inst/_0502_,10.08µm
wave_controller_y_inst/_0583_,10.08µm
wave_controller_y_inst/_0775_,10.08µm
wave_controller_y_inst/_0779_,10.08µm
wave_controller_y_inst/_0792_,10.08µm
wave_controller_y_inst/_0901_,10.08µm
wave_controller_y_inst/_0953_,10.08µm
wave_controller_y_inst/_0970_,10.08µm
wave_controller_y_inst/_1067_,10.08µm
wave_controller_y_inst/_1207_,10.08µm
net651,9.94µm
net655,9.94µm
bidir_in[1],9.94µm
bidir_in[2],9.94µm
bidir_oe[3],9.94µm
bidir_out[6],9.94µm
net677,9.745µm
net682,9.745µm
net683,9.745µm
wave_controller_x_inst/_1643_,9.67µm
wave_controller_y_inst/_0420_,9.67µm
wave_controller_y_inst/_0513_,9.67µm
wave_controller_y_inst/_0837_,9.67µm
wave_controller_y_inst/_0880_,9.67µm
wave_controller_y_inst/_1284_,9.67µm
wave_controller_x_inst/_0464_,9.62µm
wave_controller_x_inst/_0466_,9.62µm
wave_controller_x_inst/_1399_,9.62µm
wave_controller_x_inst/_1658_,9.62µm
wave_controller_x_inst/_1689_,9.62µm
wave_controller_y_inst/_0156_,9.62µm
wave_controller_y_inst/_0308_,9.62µm
wave_controller_y_inst/_0333_,9.62µm
wave_controller_y_inst/_0337_,9.62µm
wave_controller_y_inst/_0660_,9.62µm
wave_controller_y_inst/_0823_,9.62µm
wave_controller_y_inst/_1216_,9.62µm
wave_controller_y_inst/_1401_,9.62µm
wave_controller_y_inst/_1510_,9.62µm
wave_controller_y_inst/_1549_,9.62µm
wave_controller_y_inst/_1621_,9.62µm
cal_phase270_offset_y\[6\],9.57µm
signal_processor_x_inst/s270_pipe\[0\],9.57µm
signal_processor_y_inst/_000_,9.57µm
signal_processor_y_inst/_074_,9.57µm
signal_processor_y_inst/_100_,9.57µm
signal_processor_y_inst/_107_,9.57µm
spi_regs_inst/_0005_,9.57µm
spi_regs_inst/_0141_,9.57µm
spi_regs_inst/_0191_,9.57µm
spi_regs_inst/_0259_,9.57µm
spi_regs_inst/_0393_,9.57µm
spi_regs_inst/_0515_,9.57µm
spi_regs_inst/_0540_,9.57µm
wave_controller_x_inst/_0069_,9.57µm
wave_controller_x_inst/_0088_,9.57µm
wave_controller_x_inst/_0099_,9.57µm
wave_controller_x_inst/_0107_,9.57µm
wave_controller_x_inst/_0238_,9.57µm
wave_controller_x_inst/_0370_,9.57µm
wave_controller_x_inst/_0863_,9.57µm
wave_controller_x_inst/_0956_,9.57µm
wave_controller_x_inst/_1058_,9.57µm
wave_controller_x_inst/_1119_,9.57µm
wave_controller_x_inst/_1148_,9.57µm
wave_controller_x_inst/_1195_,9.57µm
wave_controller_x_inst/_1199_,9.57µm
wave_controller_x_inst/_1389_,9.57µm
wave_controller_x_inst/_1402_,9.57µm
wave_controller_y_inst/_0028_,9.57µm
wave_controller_y_inst/_0037_,9.57µm
wave_controller_y_inst/_0303_,9.57µm
wave_controller_y_inst/_0704_,9.57µm
wave_controller_y_inst/_0941_,9.57µm
wave_controller_y_inst/_1197_,9.57µm
wave_controller_y_inst/_1370_,9.57µm
wave_controller_y_inst/_1400_,9.57µm
wave_controller_y_inst/_1444_,9.57µm
wave_controller_y_inst/_1615_,9.57µm
wave_controller_y_inst/comp_sync4,9.57µm
signal_processor_y_inst/net338,9.57µm
cal_phase0_offset_y\[13\],9.52µm
signal_processor_x_inst/_083_,9.52µm
signal_processor_y_inst/_049_,9.52µm
spi_regs_inst/_0039_,9.52µm
spi_regs_inst/_0139_,9.52µm
spi_regs_inst/_0262_,9.52µm
spi_regs_inst/_0424_,9.52µm
spi_regs_inst/_0496_,9.52µm
wave_controller_x_inst/_0007_,9.52µm
wave_controller_x_inst/_0034_,9.52µm
wave_controller_x_inst/_0409_,9.52µm
wave_controller_x_inst/_0451_,9.52µm
wave_controller_x_inst/_0521_,9.52µm
wave_controller_x_inst/_0558_,9.52µm
wave_controller_x_inst/_0861_,9.52µm
wave_controller_x_inst/_0910_,9.52µm
wave_controller_x_inst/_1019_,9.52µm
wave_controller_x_inst/_1101_,9.52µm
wave_controller_x_inst/_1200_,9.52µm
wave_controller_x_inst/_1288_,9.52µm
wave_controller_x_inst/_1527_,9.52µm
wave_controller_x_inst/_1566_,9.52µm
wave_controller_x_inst/_1594_,9.52µm
wave_controller_x_inst/_1768_,9.52µm
wave_controller_x_inst/ds_acc\[5\],9.52µm
wave_controller_y_inst/_0077_,9.52µm
wave_controller_y_inst/_0269_,9.52µm
wave_controller_y_inst/_0298_,9.52µm
wave_controller_y_inst/_0534_,9.52µm
wave_controller_y_inst/_0743_,9.52µm
wave_controller_y_inst/_0755_,9.52µm
wave_controller_y_inst/_0791_,9.52µm
wave_controller_y_inst/_0871_,9.52µm
wave_controller_y_inst/_0895_,9.52µm
wave_controller_y_inst/_1047_,9.52µm
wave_controller_y_inst/_1101_,9.52µm
wave_controller_y_inst/_1162_,9.52µm
wave_controller_y_inst/_1175_,9.52µm
wave_controller_y_inst/_1183_,9.52µm
wave_controller_y_inst/_1187_,9.52µm
wave_controller_y_inst/_1454_,9.52µm
wave_controller_y_inst/_1485_,9.52µm
wave_controller_y_inst/_1495_,9.52µm
wave_controller_x_inst/_0803_,9.11µm
wave_controller_x_inst/_0837_,9.11µm
wave_controller_x_inst/_1304_,9.11µm
signal_processor_x_inst/_107_,9.06µm
wave_controller_x_inst/_0283_,9.06µm
wave_controller_x_inst/_0573_,9.06µm
wave_controller_x_inst/_0602_,9.06µm
wave_controller_x_inst/_0627_,9.06µm
wave_controller_x_inst/_0658_,9.06µm
wave_controller_x_inst/_0790_,9.06µm
wave_controller_x_inst/_0905_,9.06µm
wave_controller_x_inst/_0915_,9.06µm
wave_controller_x_inst/_1274_,9.06µm
wave_controller_x_inst/_1405_,9.06µm
wave_controller_x_inst/_1430_,9.06µm
wave_controller_x_inst/_1749_,9.06µm
wave_controller_y_inst/_0386_,9.06µm
wave_controller_y_inst/_0557_,9.06µm
wave_controller_y_inst/_0570_,9.06µm
wave_controller_y_inst/_0571_,9.06µm
wave_controller_y_inst/_0656_,9.06µm
wave_controller_y_inst/_0961_,9.06µm
wave_controller_y_inst/_1539_,9.06µm
wave_controller_y_inst/_1653_,9.06µm
wave_controller_y_inst/_1686_,9.06µm
signal_processor_x_inst/_091_,9.01µm
signal_processor_y_inst/_037_,9.01µm
spi_regs_inst/_0098_,9.01µm
spi_regs_inst/_0196_,9.01µm
spi_regs_inst/_0230_,9.01µm
spi_regs_inst/_0236_,9.01µm
spi_regs_inst/_0366_,9.01µm
wave_controller_x_inst/_0174_,9.01µm
wave_controller_x_inst/_0254_,9.01µm
wave_controller_x_inst/_0380_,9.01µm
wave_controller_x_inst/_0420_,9.01µm
wave_controller_x_inst/_0424_,9.01µm
wave_controller_x_inst/_0914_,9.01µm
wave_controller_x_inst/_0916_,9.01µm
wave_controller_x_inst/_1107_,9.01µm
wave_controller_x_inst/_1138_,9.01µm
wave_controller_x_inst/_1149_,9.01µm
wave_controller_x_inst/_1152_,9.01µm
wave_controller_x_inst/_1158_,9.01µm
wave_controller_x_inst/_1418_,9.01µm
wave_controller_x_inst/_1518_,9.01µm
wave_controller_x_inst/_1541_,9.01µm
wave_controller_x_inst/_1563_,9.01µm
wave_controller_x_inst/_1593_,9.01µm
wave_controller_y_inst/_0027_,9.01µm
wave_controller_y_inst/_0558_,9.01µm
wave_controller_y_inst/_0911_,9.01µm
wave_controller_y_inst/_1092_,9.01µm
wave_controller_y_inst/_1134_,9.01µm
wave_controller_y_inst/_1172_,9.01µm
wave_controller_y_inst/_1184_,9.01µm
wave_controller_y_inst/_1416_,9.01µm
wave_controller_y_inst/_1523_,9.01µm
signal_processor_x_inst/_023_,8.96µm
signal_processor_y_inst/_040_,8.96µm
spi_regs_inst/_0029_,8.96µm
spi_regs_inst/_0059_,8.96µm
spi_regs_inst/_0089_,8.96µm
spi_regs_inst/_0135_,8.96µm
spi_regs_inst/_0341_,8.96µm
spi_regs_inst/_0472_,8.96µm
spi_regs_inst/_0518_,8.96µm
spi_regs_inst/_0569_,8.96µm
spi_regs_inst/_0641_,8.96µm
wave_controller_x_inst/_0045_,8.96µm
wave_controller_x_inst/_0063_,8.96µm
wave_controller_x_inst/_0147_,8.96µm
wave_controller_x_inst/_0569_,8.96µm
wave_controller_x_inst/_0798_,8.96µm
wave_controller_x_inst/_1026_,8.96µm
wave_controller_x_inst/_1106_,8.96µm
wave_controller_x_inst/_1164_,8.96µm
wave_controller_x_inst/_1166_,8.96µm
wave_controller_x_inst/_1176_,8.96µm
wave_controller_x_inst/_1228_,8.96µm
wave_controller_x_inst/_1260_,8.96µm
wave_controller_x_inst/_1397_,8.96µm
wave_controller_x_inst/_1431_,8.96µm
wave_controller_x_inst/_1464_,8.96µm
wave_controller_x_inst/_1496_,8.96µm
wave_controller_x_inst/_1633_,8.96µm
wave_controller_x_inst/_1672_,8.96µm
wave_controller_x_inst/_1711_,8.96µm
wave_controller_y_inst/_0078_,8.96µm
wave_controller_y_inst/_0099_,8.96µm
wave_controller_y_inst/_0149_,8.96µm
wave_controller_y_inst/_0167_,8.96µm
wave_controller_y_inst/_0230_,8.96µm
wave_controller_y_inst/_0276_,8.96µm
wave_controller_y_inst/_0344_,8.96µm
wave_controller_y_inst/_0501_,8.96µm
wave_controller_y_inst/_0523_,8.96µm
wave_controller_y_inst/_0634_,8.96µm
wave_controller_y_inst/_1048_,8.96µm
wave_controller_y_inst/_1097_,8.96µm
wave_controller_y_inst/_1194_,8.96µm
wave_controller_y_inst/_1402_,8.96µm
wave_controller_y_inst/_1471_,8.96µm
wave_controller_y_inst/_1577_,8.96µm
wave_controller_y_inst/_1632_,8.96µm
wave_controller_y_inst/_1638_,8.96µm
wave_controller_y_inst/_1663_,8.96µm
wave_controller_y_inst/_1715_,8.96µm
net671,8.82µm
bidir_out[4],8.82µm
bidir_out[5],8.82µm
net669,8.675µm
signal_processor_x_inst/_100_,8.5µm
signal_processor_x_inst/_106_,8.5µm
spi_regs_inst/_0610_,8.5µm
wave_controller_x_inst/_0175_,8.5µm
wave_controller_x_inst/_0408_,8.5µm
wave_controller_x_inst/_0995_,8.5µm
wave_controller_x_inst/_1009_,8.5µm
wave_controller_x_inst/_1201_,8.5µm
wave_controller_x_inst/_1271_,8.5µm
wave_controller_x_inst/_1555_,8.5µm
wave_controller_y_inst/_0421_,8.5µm
wave_controller_y_inst/_0633_,8.5µm
wave_controller_y_inst/_0988_,8.5µm
wave_controller_y_inst/_1371_,8.5µm
cfg_f_MEMS_fcw_y\[11\],8.45µm
signal_processor_x_inst/_020_,8.45µm
signal_processor_x_inst/_025_,8.45µm
signal_processor_x_inst/_030_,8.45µm
signal_processor_x_inst/_086_,8.45µm
signal_processor_y_inst/comp_pipe\[2\],8.45µm
spi_regs_inst/_0125_,8.45µm
spi_regs_inst/_0133_,8.45µm
state_machine_inst/_10_,8.45µm
wave_controller_x_inst/_0010_,8.45µm
wave_controller_x_inst/_0011_,8.45µm
wave_controller_x_inst/_0062_,8.45µm
wave_controller_x_inst/_0219_,8.45µm
wave_controller_x_inst/_0352_,8.45µm
wave_controller_x_inst/_0553_,8.45µm
wave_controller_x_inst/_0904_,8.45µm
wave_controller_x_inst/_0913_,8.45µm
wave_controller_x_inst/_1023_,8.45µm
wave_controller_x_inst/_1048_,8.45µm
wave_controller_x_inst/_1060_,8.45µm
wave_controller_x_inst/_1100_,8.45µm
wave_controller_x_inst/_1143_,8.45µm
wave_controller_x_inst/_1172_,8.45µm
wave_controller_x_inst/_1225_,8.45µm
wave_controller_x_inst/_1503_,8.45µm
wave_controller_x_inst/_1764_,8.45µm
wave_controller_y_inst/_0040_,8.45µm
wave_controller_y_inst/_0072_,8.45µm
wave_controller_y_inst/_0146_,8.45µm
wave_controller_y_inst/_0175_,8.45µm
wave_controller_y_inst/_0228_,8.45µm
wave_controller_y_inst/_0370_,8.45µm
wave_controller_y_inst/_0611_,8.45µm
wave_controller_y_inst/_0832_,8.45µm
wave_controller_y_inst/_0853_,8.45µm
wave_controller_y_inst/_0946_,8.45µm
wave_controller_y_inst/_1084_,8.45µm
wave_controller_y_inst/_1123_,8.45µm
wave_controller_y_inst/_1202_,8.45µm
wave_controller_y_inst/_1365_,8.45µm
wave_controller_y_inst/_1425_,8.45µm
wave_controller_y_inst/_1602_,8.45µm
wave_controller_y_inst/_1692_,8.45µm
wave_controller_y_inst/_1723_,8.45µm
wave_controller_y_inst/ds_acc\[1\],8.45µm
signal_processor_x_inst/_015_,8.4µm
signal_processor_x_inst/s90_pipe\[2\],8.4µm
signal_processor_y_inst/_008_,8.4µm
signal_processor_y_inst/_071_,8.4µm
spi_regs_inst/_0018_,8.4µm
spi_regs_inst/_0077_,8.4µm
spi_regs_inst/_0142_,8.4µm
spi_regs_inst/_0154_,8.4µm
spi_regs_inst/_0158_,8.4µm
spi_regs_inst/_0171_,8.4µm
spi_regs_inst/_0372_,8.4µm
spi_regs_inst/_0441_,8.4µm
spi_regs_inst/_0516_,8.4µm
spi_regs_inst/_0568_,8.4µm
spi_regs_inst/_0630_,8.4µm
wave_controller_x_inst/_0003_,8.4µm
wave_controller_x_inst/_0061_,8.4µm
wave_controller_x_inst/_0097_,8.4µm
wave_controller_x_inst/_0205_,8.4µm
wave_controller_x_inst/_0230_,8.4µm
wave_controller_x_inst/_0248_,8.4µm
wave_controller_x_inst/_0296_,8.4µm
wave_controller_x_inst/_0311_,8.4µm
wave_controller_x_inst/_0347_,8.4µm
wave_controller_x_inst/_0356_,8.4µm
wave_controller_x_inst/_0474_,8.4µm
wave_controller_x_inst/_0483_,8.4µm
wave_controller_x_inst/_0505_,8.4µm
wave_controller_x_inst/_0535_,8.4µm
wave_controller_x_inst/_0578_,8.4µm
wave_controller_x_inst/_0591_,8.4µm
wave_controller_x_inst/_0604_,8.4µm
wave_controller_x_inst/_0675_,8.4µm
wave_controller_x_inst/_0717_,8.4µm
wave_controller_x_inst/_0734_,8.4µm
wave_controller_x_inst/_0769_,8.4µm
wave_controller_x_inst/_0791_,8.4µm
wave_controller_x_inst/_0806_,8.4µm
wave_controller_x_inst/_0901_,8.4µm
wave_controller_x_inst/_1007_,8.4µm
wave_controller_x_inst/_1109_,8.4µm
wave_controller_x_inst/_1229_,8.4µm
wave_controller_x_inst/_1340_,8.4µm
wave_controller_x_inst/_1453_,8.4µm
wave_controller_x_inst/_1456_,8.4µm
wave_controller_y_inst/_0030_,8.4µm
wave_controller_y_inst/_0041_,8.4µm
wave_controller_y_inst/_0087_,8.4µm
wave_controller_y_inst/_0091_,8.4µm
wave_controller_y_inst/_0137_,8.4µm
wave_controller_y_inst/_0200_,8.4µm
wave_controller_y_inst/_0207_,8.4µm
wave_controller_y_inst/_0238_,8.4µm
wave_controller_y_inst/_0279_,8.4µm
wave_controller_y_inst/_0296_,8.4µm
wave_controller_y_inst/_0377_,8.4µm
wave_controller_y_inst/_0415_,8.4µm
wave_controller_y_inst/_0443_,8.4µm
wave_controller_y_inst/_0651_,8.4µm
wave_controller_y_inst/_0785_,8.4µm
wave_controller_y_inst/_0858_,8.4µm
wave_controller_y_inst/_0990_,8.4µm
wave_controller_y_inst/_1029_,8.4µm
wave_controller_y_inst/_1083_,8.4µm
wave_controller_y_inst/_1115_,8.4µm
wave_controller_y_inst/_1142_,8.4µm
wave_controller_y_inst/_1166_,8.4µm
wave_controller_y_inst/_1171_,8.4µm
wave_controller_y_inst/_1191_,8.4µm
wave_controller_y_inst/_1453_,8.4µm
wave_controller_y_inst/_1519_,8.4µm
wave_controller_y_inst/_1553_,8.4µm
wave_controller_y_inst/_1565_,8.4µm
wave_controller_y_inst/_1613_,8.4µm
wave_controller_y_inst/_1667_,8.4µm
wave_controller_y_inst/_1714_,8.4µm
wave_controller_y_inst/ds_acc\[2\],8.4µm
net648,8.31µm
bidir_out[7],8.31µm
wave_controller_x_inst/_0314_,7.99µm
wave_controller_x_inst/_0948_,7.99µm
wave_controller_x_inst/_1526_,7.99µm
wave_controller_x_inst/_1673_,7.99µm
wave_controller_y_inst/_0205_,7.99µm
signal_processor_x_inst/_103_,7.94µm
signal_processor_y_inst/_060_,7.94µm
state_machine_inst/_04_,7.94µm
wave_controller_x_inst/_0194_,7.94µm
wave_controller_x_inst/_0393_,7.94µm
wave_controller_x_inst/_0600_,7.94µm
wave_controller_x_inst/_0808_,7.94µm
wave_controller_x_inst/_0871_,7.94µm
wave_controller_x_inst/_1370_,7.94µm
wave_controller_y_inst/_0076_,7.94µm
wave_controller_y_inst/_0341_,7.94µm
wave_controller_y_inst/_0378_,7.94µm
wave_controller_y_inst/_0469_,7.94µm
wave_controller_y_inst/_0489_,7.94µm
wave_controller_y_inst/_0857_,7.94µm
wave_controller_y_inst/_0937_,7.94µm
wave_controller_y_inst/_1384_,7.94µm
wave_controller_y_inst/_1405_,7.94µm
wave_controller_y_inst/_1409_,7.94µm
wave_controller_y_inst/_1417_,7.94µm
wave_controller_y_inst/_1575_,7.94µm
wave_controller_y_inst/_1743_,7.94µm
signal_processor_x_inst/comp_pipe\[0\],7.89µm
signal_processor_y_inst/_097_,7.89µm
spi_regs_inst/_0049_,7.89µm
spi_regs_inst/_0056_,7.89µm
spi_regs_inst/_0097_,7.89µm
spi_regs_inst/_0107_,7.89µm
spi_regs_inst/_0281_,7.89µm
spi_regs_inst/_0330_,7.89µm
spi_regs_inst/_0439_,7.89µm
spi_regs_inst/_0487_,7.89µm
wave_controller_x_inst/_0002_,7.89µm
wave_controller_x_inst/_0082_,7.89µm
wave_controller_x_inst/_0157_,7.89µm
wave_controller_x_inst/_0268_,7.89µm
wave_controller_x_inst/_0403_,7.89µm
wave_controller_x_inst/_0710_,7.89µm
wave_controller_x_inst/_0903_,7.89µm
wave_controller_x_inst/_1168_,7.89µm
wave_controller_x_inst/_1506_,7.89µm
wave_controller_x_inst/_1509_,7.89µm
wave_controller_x_inst/_1524_,7.89µm
wave_controller_x_inst/_1728_,7.89µm
wave_controller_y_inst/_0071_,7.89µm
wave_controller_y_inst/_0117_,7.89µm
wave_controller_y_inst/_0196_,7.89µm
wave_controller_y_inst/_0275_,7.89µm
wave_controller_y_inst/_0525_,7.89µm
wave_controller_y_inst/_0562_,7.89µm
wave_controller_y_inst/_0687_,7.89µm
wave_controller_y_inst/_0773_,7.89µm
wave_controller_y_inst/_0798_,7.89µm
wave_controller_y_inst/_0892_,7.89µm
wave_controller_y_inst/_0957_,7.89µm
wave_controller_y_inst/_1013_,7.89µm
wave_controller_y_inst/_1106_,7.89µm
wave_controller_y_inst/_1592_,7.89µm
_02_,7.84µm
_06_,7.84µm
cal_phase270_offset_x\[10\],7.84µm
cal_phase270_offset_x\[18\],7.84µm
signal_processor_x_inst/_049_,7.84µm
spi_regs_inst/_0160_,7.84µm
spi_regs_inst/_0184_,7.84µm
spi_regs_inst/_0459_,7.84µm
spi_regs_inst/_0495_,7.84µm
spi_regs_inst/_0502_,7.84µm
spi_regs_inst/_0555_,7.84µm
spi_regs_inst/_0635_,7.84µm
spi_regs_inst/_0648_,7.84µm
wave_controller_x_inst/_0029_,7.84µm
wave_controller_x_inst/_0032_,7.84µm
wave_controller_x_inst/_0040_,7.84µm
wave_controller_x_inst/_0075_,7.84µm
wave_controller_x_inst/_0214_,7.84µm
wave_controller_x_inst/_0240_,7.84µm
wave_controller_x_inst/_0312_,7.84µm
wave_controller_x_inst/_0368_,7.84µm
wave_controller_x_inst/_0369_,7.84µm
wave_controller_x_inst/_0388_,7.84µm
wave_controller_x_inst/_0421_,7.84µm
wave_controller_x_inst/_0471_,7.84µm
wave_controller_x_inst/_0502_,7.84µm
wave_controller_x_inst/_0509_,7.84µm
wave_controller_x_inst/_0601_,7.84µm
wave_controller_x_inst/_0672_,7.84µm
wave_controller_x_inst/_0698_,7.84µm
wave_controller_x_inst/_0703_,7.84µm
wave_controller_x_inst/_0765_,7.84µm
wave_controller_x_inst/_0845_,7.84µm
wave_controller_x_inst/_0941_,7.84µm
wave_controller_x_inst/_0942_,7.84µm
wave_controller_x_inst/_0954_,7.84µm
wave_controller_x_inst/_0970_,7.84µm
wave_controller_x_inst/_1028_,7.84µm
wave_controller_x_inst/_1068_,7.84µm
wave_controller_x_inst/_1123_,7.84µm
wave_controller_x_inst/_1134_,7.84µm
wave_controller_x_inst/_1136_,7.84µm
wave_controller_x_inst/_1185_,7.84µm
wave_controller_x_inst/_1366_,7.84µm
wave_controller_x_inst/_1386_,7.84µm
wave_controller_x_inst/_1497_,7.84µm
wave_controller_x_inst/_1616_,7.84µm
wave_controller_x_inst/_1652_,7.84µm
wave_controller_x_inst/_1667_,7.84µm
wave_controller_x_inst/_1750_,7.84µm
wave_controller_x_inst/_1756_,7.84µm
wave_controller_y_inst/_0017_,7.84µm
wave_controller_y_inst/_0020_,7.84µm
wave_controller_y_inst/_0044_,7.84µm
wave_controller_y_inst/_0062_,7.84µm
wave_controller_y_inst/_0107_,7.84µm
wave_controller_y_inst/_0136_,7.84µm
wave_controller_y_inst/_0204_,7.84µm
wave_controller_y_inst/_0211_,7.84µm
wave_controller_y_inst/_0222_,7.84µm
wave_controller_y_inst/_0251_,7.84µm
wave_controller_y_inst/_0327_,7.84µm
wave_controller_y_inst/_0368_,7.84µm
wave_controller_y_inst/_0438_,7.84µm
wave_controller_y_inst/_0461_,7.84µm
wave_controller_y_inst/_0548_,7.84µm
wave_controller_y_inst/_0568_,7.84µm
wave_controller_y_inst/_0661_,7.84µm
wave_controller_y_inst/_0733_,7.84µm
wave_controller_y_inst/_0765_,7.84µm
wave_controller_y_inst/_0873_,7.84µm
wave_controller_y_inst/_0885_,7.84µm
wave_controller_y_inst/_0903_,7.84µm
wave_controller_y_inst/_0910_,7.84µm
wave_controller_y_inst/_0948_,7.84µm
wave_controller_y_inst/_0962_,7.84µm
wave_controller_y_inst/_1025_,7.84µm
wave_controller_y_inst/_1063_,7.84µm
wave_controller_y_inst/_1110_,7.84µm
wave_controller_y_inst/_1222_,7.84µm
wave_controller_y_inst/_1263_,7.84µm
wave_controller_y_inst/_1339_,7.84µm
wave_controller_y_inst/_1385_,7.84µm
wave_controller_y_inst/_1397_,7.84µm
wave_controller_y_inst/_1451_,7.84µm
wave_controller_y_inst/_1594_,7.84µm
wave_controller_y_inst/_1606_,7.84µm
wave_controller_y_inst/_1625_,7.84µm
wave_controller_y_inst/_1640_,7.84µm
wave_controller_y_inst/_1644_,7.84µm
wave_controller_y_inst/_1659_,7.84µm
wave_controller_y_inst/_1687_,7.84µm
wave_controller_y_inst/_1768_,7.84µm
wave_controller_x_inst/_1281_,7.61µm
wave_controller_y_inst/_0517_,7.43µm
wave_controller_y_inst/_0559_,7.43µm
spi_regs_inst/_0640_,7.38µm
spi_regs_inst/_0691_,7.38µm
wave_controller_x_inst/_0478_,7.38µm
wave_controller_x_inst/_0704_,7.38µm
wave_controller_x_inst/_0974_,7.38µm
wave_controller_x_inst/_1033_,7.38µm
wave_controller_y_inst/_0153_,7.38µm
wave_controller_y_inst/_0179_,7.38µm
wave_controller_y_inst/_0393_,7.38µm
wave_controller_y_inst/_0587_,7.38µm
wave_controller_y_inst/_1406_,7.38µm
wave_controller_y_inst/_1703_,7.38µm
signal_processor_x_inst/_002_,7.33µm
signal_processor_x_inst/_039_,7.33µm
signal_processor_y_inst/_012_,7.33µm
spi_regs_inst/_0027_,7.33µm
spi_regs_inst/_0044_,7.33µm
spi_regs_inst/_0112_,7.33µm
spi_regs_inst/_0136_,7.33µm
spi_regs_inst/_0177_,7.33µm
spi_regs_inst/_0386_,7.33µm
spi_regs_inst/_0438_,7.33µm
spi_regs_inst/_0497_,7.33µm
wave_controller_x_inst/_0073_,7.33µm
wave_controller_x_inst/_0110_,7.33µm
wave_controller_x_inst/_0115_,7.33µm
wave_controller_x_inst/_0515_,7.33µm
wave_controller_x_inst/_0599_,7.33µm
wave_controller_x_inst/_0607_,7.33µm
wave_controller_x_inst/_0695_,7.33µm
wave_controller_x_inst/_1024_,7.33µm
wave_controller_x_inst/_1044_,7.33µm
wave_controller_x_inst/_1620_,7.33µm
wave_controller_y_inst/_0003_,7.33µm
wave_controller_y_inst/_0016_,7.33µm
wave_controller_y_inst/_0060_,7.33µm
wave_controller_y_inst/_0125_,7.33µm
wave_controller_y_inst/_0356_,7.33µm
wave_controller_y_inst/_0404_,7.33µm
wave_controller_y_inst/_0459_,7.33µm
wave_controller_y_inst/_0582_,7.33µm
wave_controller_y_inst/_0763_,7.33µm
wave_controller_y_inst/_0867_,7.33µm
wave_controller_y_inst/_0869_,7.33µm
wave_controller_y_inst/_0890_,7.33µm
wave_controller_y_inst/_0991_,7.33µm
wave_controller_y_inst/_1044_,7.33µm
wave_controller_y_inst/_1107_,7.33µm
wave_controller_y_inst/_1125_,7.33µm
wave_controller_y_inst/_1189_,7.33µm
wave_controller_y_inst/_1217_,7.33µm
wave_controller_y_inst/_1363_,7.33µm
wave_controller_y_inst/_1474_,7.33µm
wave_controller_y_inst/_1486_,7.33µm
wave_controller_y_inst/_1552_,7.33µm
net15,7.28µm
cal_phase270_offset_y\[18\],7.28µm
signal_processor_x_inst/_004_,7.28µm
signal_processor_x_inst/_017_,7.28µm
signal_processor_y_inst/_062_,7.28µm
signal_processor_y_inst/_079_,7.28µm
signal_processor_y_inst/_103_,7.28µm
signal_processor_y_inst/s90_pipe\[2\],7.28µm
spi_regs_inst/_0013_,7.28µm
spi_regs_inst/_0026_,7.28µm
spi_regs_inst/_0035_,7.28µm
spi_regs_inst/_0090_,7.28µm
spi_regs_inst/_0093_,7.28µm
spi_regs_inst/_0095_,7.28µm
spi_regs_inst/_0102_,7.28µm
spi_regs_inst/_0134_,7.28µm
spi_regs_inst/_0161_,7.28µm
spi_regs_inst/_0170_,7.28µm
spi_regs_inst/_0238_,7.28µm
spi_regs_inst/_0316_,7.28µm
spi_regs_inst/_0407_,7.28µm
spi_regs_inst/_0416_,7.28µm
spi_regs_inst/_0494_,7.28µm
spi_regs_inst/_0632_,7.28µm
state_machine_inst/_05_,7.28µm
wave_controller_x_inst/_0025_,7.28µm
wave_controller_x_inst/_0030_,7.28µm
wave_controller_x_inst/_0041_,7.28µm
wave_controller_x_inst/_0054_,7.28µm
wave_controller_x_inst/_0057_,7.28µm
wave_controller_x_inst/_0090_,7.28µm
wave_controller_x_inst/_0094_,7.28µm
wave_controller_x_inst/_0188_,7.28µm
wave_controller_x_inst/_0415_,7.28µm
wave_controller_x_inst/_0473_,7.28µm
wave_controller_x_inst/_0560_,7.28µm
wave_controller_x_inst/_0561_,7.28µm
wave_controller_x_inst/_0605_,7.28µm
wave_controller_x_inst/_0682_,7.28µm
wave_controller_x_inst/_0727_,7.28µm
wave_controller_x_inst/_0957_,7.28µm
wave_controller_x_inst/_0985_,7.28µm
wave_controller_x_inst/_1014_,7.28µm
wave_controller_x_inst/_1056_,7.28µm
wave_controller_x_inst/_1104_,7.28µm
wave_controller_x_inst/_1126_,7.28µm
wave_controller_x_inst/_1162_,7.28µm
wave_controller_x_inst/_1215_,7.28µm
wave_controller_x_inst/_1264_,7.28µm
wave_controller_x_inst/_1382_,7.28µm
wave_controller_x_inst/_1411_,7.28µm
wave_controller_x_inst/_1486_,7.28µm
wave_controller_x_inst/_1533_,7.28µm
wave_controller_x_inst/_1636_,7.28µm
wave_controller_x_inst/_1700_,7.28µm
wave_controller_x_inst/_1718_,7.28µm
wave_controller_y_inst/_0000_,7.28µm
wave_controller_y_inst/_0034_,7.28µm
wave_controller_y_inst/_0035_,7.28µm
wave_controller_y_inst/_0053_,7.28µm
wave_controller_y_inst/_0079_,7.28µm
wave_controller_y_inst/_0085_,7.28µm
wave_controller_y_inst/_0086_,7.28µm
wave_controller_y_inst/_0104_,7.28µm
wave_controller_y_inst/_0223_,7.28µm
wave_controller_y_inst/_0362_,7.28µm
wave_controller_y_inst/_0446_,7.28µm
wave_controller_y_inst/_0561_,7.28µm
wave_controller_y_inst/_0589_,7.28µm
wave_controller_y_inst/_0591_,7.28µm
wave_controller_y_inst/_0599_,7.28µm
wave_controller_y_inst/_0601_,7.28µm
wave_controller_y_inst/_0662_,7.28µm
wave_controller_y_inst/_0734_,7.28µm
wave_controller_y_inst/_0745_,7.28µm
wave_controller_y_inst/_0766_,7.28µm
wave_controller_y_inst/_0806_,7.28µm
wave_controller_y_inst/_0847_,7.28µm
wave_controller_y_inst/_0928_,7.28µm
wave_controller_y_inst/_0966_,7.28µm
wave_controller_y_inst/_0979_,7.28µm
wave_controller_y_inst/_0987_,7.28µm
wave_controller_y_inst/_1014_,7.28µm
wave_controller_y_inst/_1037_,7.28µm
wave_controller_y_inst/_1052_,7.28µm
wave_controller_y_inst/_1153_,7.28µm
wave_controller_y_inst/_1173_,7.28µm
wave_controller_y_inst/_1178_,7.28µm
wave_controller_y_inst/_1214_,7.28µm
wave_controller_y_inst/_1530_,7.28µm
wave_controller_y_inst/_1532_,7.28µm
wave_controller_y_inst/_1597_,7.28µm
wave_controller_y_inst/_1604_,7.28µm
wave_controller_y_inst/_1652_,7.28µm
wave_controller_y_inst/_1732_,7.28µm
wave_controller_y_inst/_1741_,7.28µm
wave_controller_y_inst/_1754_,7.28µm
wave_controller_y_inst/_0237_,6.92µm
wave_controller_x_inst/_0286_,6.87µm
wave_controller_x_inst/_0983_,6.87µm
wave_controller_x_inst/_1454_,6.87µm
signal_processor_x_inst/_062_,6.82µm
signal_processor_x_inst/_064_,6.82µm
spi_regs_inst/_0362_,6.82µm
spi_regs_inst/_0450_,6.82µm
wave_controller_x_inst/_0156_,6.82µm
wave_controller_x_inst/_0423_,6.82µm
wave_controller_x_inst/_0552_,6.82µm
wave_controller_x_inst/_0680_,6.82µm
wave_controller_x_inst/_0802_,6.82µm
wave_controller_x_inst/_1192_,6.82µm
wave_controller_x_inst/_1530_,6.82µm
wave_controller_x_inst/_1654_,6.82µm
wave_controller_y_inst/_0524_,6.82µm
wave_controller_y_inst/_0753_,6.82µm
wave_controller_y_inst/_0861_,6.82µm
wave_controller_y_inst/_0882_,6.82µm
wave_controller_y_inst/_1151_,6.82µm
wave_controller_y_inst/_1233_,6.82µm
wave_controller_y_inst/_1256_,6.82µm
wave_controller_y_inst/_1392_,6.82µm
cal_phase0_offset_y\[19\],6.77µm
latch_phase270_ack_y,6.77µm
signal_processor_x_inst/_005_,6.77µm
signal_processor_x_inst/_058_,6.77µm
signal_processor_x_inst/_099_,6.77µm
signal_processor_y_inst/_059_,6.77µm
spi_regs_inst/_0096_,6.77µm
spi_regs_inst/_0137_,6.77µm
spi_regs_inst/_0175_,6.77µm
spi_regs_inst/_0199_,6.77µm
spi_regs_inst/_0394_,6.77µm
state_machine_inst/_03_,6.77µm
wave_controller_x_inst/_0044_,6.77µm
wave_controller_x_inst/_0052_,6.77µm
wave_controller_x_inst/_0179_,6.77µm
wave_controller_x_inst/_0200_,6.77µm
wave_controller_x_inst/_0202_,6.77µm
wave_controller_x_inst/_0522_,6.77µm
wave_controller_x_inst/_0571_,6.77µm
wave_controller_x_inst/_0841_,6.77µm
wave_controller_x_inst/_0991_,6.77µm
wave_controller_x_inst/_1010_,6.77µm
wave_controller_x_inst/_1032_,6.77µm
wave_controller_x_inst/_1073_,6.77µm
wave_controller_x_inst/_1363_,6.77µm
wave_controller_x_inst/_1429_,6.77µm
wave_controller_x_inst/_1449_,6.77µm
wave_controller_x_inst/_1514_,6.77µm
wave_controller_x_inst/_1632_,6.77µm
wave_controller_x_inst/_1773_,6.77µm
wave_controller_y_inst/_0002_,6.77µm
wave_controller_y_inst/_0029_,6.77µm
wave_controller_y_inst/_0083_,6.77µm
wave_controller_y_inst/_0131_,6.77µm
wave_controller_y_inst/_0250_,6.77µm
wave_controller_y_inst/_0329_,6.77µm
wave_controller_y_inst/_0494_,6.77µm
wave_controller_y_inst/_0532_,6.77µm
wave_controller_y_inst/_0955_,6.77µm
wave_controller_y_inst/_1054_,6.77µm
wave_controller_y_inst/_1095_,6.77µm
wave_controller_y_inst/_1121_,6.77µm
wave_controller_y_inst/_1148_,6.77µm
wave_controller_y_inst/_1438_,6.77µm
wave_controller_y_inst/phase_acc\[19\],6.77µm
signal_processor_x_inst/_000_,6.72µm
signal_processor_x_inst/_059_,6.72µm
signal_processor_x_inst/comp_pipe\[1\],6.72µm
signal_processor_y_inst/_072_,6.72µm
signal_processor_y_inst/_093_,6.72µm
spi_regs_inst/_0006_,6.72µm
spi_regs_inst/_0062_,6.72µm
spi_regs_inst/_0069_,6.72µm
spi_regs_inst/_0071_,6.72µm
spi_regs_inst/_0072_,6.72µm
spi_regs_inst/_0074_,6.72µm
spi_regs_inst/_0083_,6.72µm
spi_regs_inst/_0099_,6.72µm
spi_regs_inst/_0111_,6.72µm
spi_regs_inst/_0131_,6.72µm
spi_regs_inst/_0162_,6.72µm
spi_regs_inst/_0176_,6.72µm
spi_regs_inst/_0189_,6.72µm
spi_regs_inst/_0198_,6.72µm
spi_regs_inst/_0201_,6.72µm
spi_regs_inst/_0205_,6.72µm
spi_regs_inst/_0243_,6.72µm
spi_regs_inst/_0267_,6.72µm
spi_regs_inst/_0299_,6.72µm
spi_regs_inst/_0309_,6.72µm
spi_regs_inst/_0319_,6.72µm
spi_regs_inst/_0382_,6.72µm
spi_regs_inst/_0433_,6.72µm
wave_controller_x_inst/_0019_,6.72µm
wave_controller_x_inst/_0021_,6.72µm
wave_controller_x_inst/_0071_,6.72µm
wave_controller_x_inst/_0131_,6.72µm
wave_controller_x_inst/_0249_,6.72µm
wave_controller_x_inst/_0358_,6.72µm
wave_controller_x_inst/_0359_,6.72µm
wave_controller_x_inst/_0419_,6.72µm
wave_controller_x_inst/_0434_,6.72µm
wave_controller_x_inst/_0438_,6.72µm
wave_controller_x_inst/_0452_,6.72µm
wave_controller_x_inst/_0476_,6.72µm
wave_controller_x_inst/_0498_,6.72µm
wave_controller_x_inst/_0548_,6.72µm
wave_controller_x_inst/_0576_,6.72µm
wave_controller_x_inst/_0651_,6.72µm
wave_controller_x_inst/_0739_,6.72µm
wave_controller_x_inst/_0743_,6.72µm
wave_controller_x_inst/_0745_,6.72µm
wave_controller_x_inst/_0858_,6.72µm
wave_controller_x_inst/_0935_,6.72µm
wave_controller_x_inst/_0990_,6.72µm
wave_controller_x_inst/_1046_,6.72µm
wave_controller_x_inst/_1049_,6.72µm
wave_controller_x_inst/_1055_,6.72µm
wave_controller_x_inst/_1128_,6.72µm
wave_controller_x_inst/_1133_,6.72µm
wave_controller_x_inst/_1197_,6.72µm
wave_controller_x_inst/_1220_,6.72µm
wave_controller_x_inst/_1258_,6.72µm
wave_controller_x_inst/_1403_,6.72µm
wave_controller_x_inst/_1408_,6.72µm
wave_controller_x_inst/_1498_,6.72µm
wave_controller_x_inst/_1602_,6.72µm
wave_controller_x_inst/_1663_,6.72µm
wave_controller_y_inst/_0065_,6.72µm
wave_controller_y_inst/_0084_,6.72µm
wave_controller_y_inst/_0090_,6.72µm
wave_controller_y_inst/_0111_,6.72µm
wave_controller_y_inst/_0241_,6.72µm
wave_controller_y_inst/_0409_,6.72µm
wave_controller_y_inst/_0497_,6.72µm
wave_controller_y_inst/_0545_,6.72µm
wave_controller_y_inst/_0751_,6.72µm
wave_controller_y_inst/_0793_,6.72µm
wave_controller_y_inst/_0816_,6.72µm
wave_controller_y_inst/_0977_,6.72µm
wave_controller_y_inst/_1149_,6.72µm
wave_controller_y_inst/_1158_,6.72µm
wave_controller_y_inst/_1286_,6.72µm
wave_controller_y_inst/_1420_,6.72µm
wave_controller_y_inst/_1424_,6.72µm
wave_controller_y_inst/_1442_,6.72µm
wave_controller_y_inst/_1636_,6.72µm
wave_controller_y_inst/_1647_,6.72µm
wave_controller_y_inst/_1655_,6.72µm
wave_controller_y_inst/_1664_,6.72µm
wave_controller_y_inst/_0464_,6.44µm
wave_controller_x_inst/_0351_,6.31µm
wave_controller_x_inst/_0437_,6.31µm
signal_processor_y_inst/_036_,6.26µm
signal_processor_y_inst/_099_,6.26µm
spi_regs_inst/_0465_,6.26µm
spi_regs_inst/_0556_,6.26µm
wave_controller_x_inst/_0228_,6.26µm
wave_controller_x_inst/_0269_,6.26µm
wave_controller_x_inst/_0459_,6.26µm
wave_controller_x_inst/_0633_,6.26µm
wave_controller_x_inst/_1031_,6.26µm
wave_controller_x_inst/_1090_,6.26µm
wave_controller_x_inst/_1202_,6.26µm
wave_controller_x_inst/_1574_,6.26µm
wave_controller_x_inst/_1662_,6.26µm
wave_controller_y_inst/_0187_,6.26µm
wave_controller_y_inst/_0314_,6.26µm
wave_controller_y_inst/_0752_,6.26µm
wave_controller_y_inst/_1366_,6.26µm
wave_controller_y_inst/_1396_,6.26µm
wave_controller_y_inst/_1770_,6.26µm
signal_processor_x_inst/_008_,6.21µm
signal_processor_y_inst/_020_,6.21µm
spi_regs_inst/_0010_,6.21µm
spi_regs_inst/_0057_,6.21µm
spi_regs_inst/_0068_,6.21µm
spi_regs_inst/_0138_,6.21µm
spi_regs_inst/_0200_,6.21µm
spi_regs_inst/_0526_,6.21µm
spi_regs_inst/_0628_,6.21µm
spi_regs_inst/_0636_,6.21µm
spi_regs_inst/cs_sync\[0\],6.21µm
wave_controller_x_inst/_0324_,6.21µm
wave_controller_x_inst/_0431_,6.21µm
wave_controller_x_inst/_0525_,6.21µm
wave_controller_x_inst/_0648_,6.21µm
wave_controller_x_inst/_1165_,6.21µm
wave_controller_x_inst/_1191_,6.21µm
wave_controller_x_inst/_1368_,6.21µm
wave_controller_x_inst/_1551_,6.21µm
wave_controller_x_inst/_1557_,6.21µm
wave_controller_y_inst/_0019_,6.21µm
wave_controller_y_inst/_0088_,6.21µm
wave_controller_y_inst/_0100_,6.21µm
wave_controller_y_inst/_0105_,6.21µm
wave_controller_y_inst/_0115_,6.21µm
wave_controller_y_inst/_0161_,6.21µm
wave_controller_y_inst/_0326_,6.21µm
wave_controller_y_inst/_0338_,6.21µm
wave_controller_y_inst/_0698_,6.21µm
wave_controller_y_inst/_1087_,6.21µm
wave_controller_y_inst/_1131_,6.21µm
wave_controller_y_inst/_1176_,6.21µm
wave_controller_y_inst/_1378_,6.21µm
wave_controller_y_inst/_1391_,6.21µm
wave_controller_y_inst/_1408_,6.21µm
wave_controller_y_inst/_1497_,6.21µm
wave_controller_y_inst/_1541_,6.21µm
wave_controller_y_inst/_1619_,6.21µm
wave_controller_y_inst/_1737_,6.21µm
cal_timeout,6.16µm
raw_edge3_x\[1\],6.16µm
signal_processor_x_inst/_038_,6.16µm
signal_processor_x_inst/_087_,6.16µm
signal_processor_y_inst/_051_,6.16µm
signal_processor_y_inst/comp_pipe\[0\],6.16µm
spi_regs_inst/_0065_,6.16µm
spi_regs_inst/_0082_,6.16µm
spi_regs_inst/_0119_,6.16µm
spi_regs_inst/_0140_,6.16µm
spi_regs_inst/_0181_,6.16µm
spi_regs_inst/_0185_,6.16µm
spi_regs_inst/_0369_,6.16µm
spi_regs_inst/_0453_,6.16µm
spi_regs_inst/_0457_,6.16µm
spi_regs_inst/_0504_,6.16µm
spi_regs_inst/_0512_,6.16µm
spi_regs_inst/_0658_,6.16µm
spi_regs_inst/_0684_,6.16µm
wave_controller_x_inst/_0080_,6.16µm
wave_controller_x_inst/_0150_,6.16µm
wave_controller_x_inst/_0255_,6.16µm
wave_controller_x_inst/_0320_,6.16µm
wave_controller_x_inst/_0433_,6.16µm
wave_controller_x_inst/_0641_,6.16µm
wave_controller_x_inst/_0749_,6.16µm
wave_controller_x_inst/_0754_,6.16µm
wave_controller_x_inst/_0889_,6.16µm
wave_controller_x_inst/_0891_,6.16µm
wave_controller_x_inst/_0900_,6.16µm
wave_controller_x_inst/_1020_,6.16µm
wave_controller_x_inst/_1054_,6.16µm
wave_controller_x_inst/_1183_,6.16µm
wave_controller_x_inst/_1203_,6.16µm
wave_controller_x_inst/_1222_,6.16µm
wave_controller_x_inst/_1425_,6.16µm
wave_controller_x_inst/_1481_,6.16µm
wave_controller_x_inst/_1560_,6.16µm
wave_controller_x_inst/_1578_,6.16µm
wave_controller_x_inst/_1597_,6.16µm
wave_controller_x_inst/_1615_,6.16µm
wave_controller_x_inst/_1676_,6.16µm
wave_controller_x_inst/_1677_,6.16µm
wave_controller_x_inst/_1683_,6.16µm
wave_controller_x_inst/_1754_,6.16µm
wave_controller_y_inst/_0094_,6.16µm
wave_controller_y_inst/_0202_,6.16µm
wave_controller_y_inst/_0245_,6.16µm
wave_controller_y_inst/_0311_,6.16µm
wave_controller_y_inst/_0315_,6.16µm
wave_controller_y_inst/_0318_,6.16µm
wave_controller_y_inst/_0573_,6.16µm
wave_controller_y_inst/_0627_,6.16µm
wave_controller_y_inst/_0676_,6.16µm
wave_controller_y_inst/_0759_,6.16µm
wave_controller_y_inst/_0767_,6.16µm
wave_controller_y_inst/_0809_,6.16µm
wave_controller_y_inst/_0838_,6.16µm
wave_controller_y_inst/_0896_,6.16µm
wave_controller_y_inst/_1022_,6.16µm
wave_controller_y_inst/_1051_,6.16µm
wave_controller_y_inst/_1055_,6.16µm
wave_controller_y_inst/_1068_,6.16µm
wave_controller_y_inst/_1120_,6.16µm
wave_controller_y_inst/_1193_,6.16µm
wave_controller_y_inst/_1257_,6.16µm
wave_controller_y_inst/_1520_,6.16µm
wave_controller_y_inst/_1533_,6.16µm
wave_controller_y_inst/_1569_,6.16µm
wave_controller_y_inst/_1764_,6.16µm
wave_controller_y_inst/_0552_,5.75µm
spi_regs_inst/_0418_,5.7µm
wave_controller_x_inst/_0911_,5.7µm
wave_controller_x_inst/_1233_,5.7µm
wave_controller_x_inst/_1437_,5.7µm
wave_controller_x_inst/_1564_,5.7µm
wave_controller_x_inst/_1575_,5.7µm
wave_controller_x_inst/_1720_,5.7µm
wave_controller_y_inst/_0515_,5.7µm
wave_controller_y_inst/_0527_,5.7µm
wave_controller_y_inst/_0543_,5.7µm
wave_controller_y_inst/_0575_,5.7µm
wave_controller_y_inst/_1133_,5.7µm
wave_controller_y_inst/_1374_,5.7µm
wave_controller_y_inst/_1668_,5.7µm
wave_controller_y_inst/_1676_,5.7µm
wave_controller_y_inst/_1689_,5.7µm
signal_processor_x_inst/_013_,5.65µm
signal_processor_y_inst/_019_,5.65µm
signal_processor_y_inst/_022_,5.65µm
spi_regs_inst/_0012_,5.65µm
spi_regs_inst/_0031_,5.65µm
spi_regs_inst/_0045_,5.65µm
spi_regs_inst/_0108_,5.65µm
spi_regs_inst/_0122_,5.65µm
spi_regs_inst/_0146_,5.65µm
spi_regs_inst/_0153_,5.65µm
spi_regs_inst/_0167_,5.65µm
spi_regs_inst/_0537_,5.65µm
wave_controller_x_inst/_0015_,5.65µm
wave_controller_x_inst/_0037_,5.65µm
wave_controller_x_inst/_0038_,5.65µm
wave_controller_x_inst/_0481_,5.65µm
wave_controller_x_inst/_0746_,5.65µm
wave_controller_x_inst/_0922_,5.65µm
wave_controller_x_inst/_0933_,5.65µm
wave_controller_x_inst/_1184_,5.65µm
wave_controller_x_inst/_1371_,5.65µm
wave_controller_x_inst/_1378_,5.65µm
wave_controller_x_inst/_1584_,5.65µm
wave_controller_y_inst/_0049_,5.65µm
wave_controller_y_inst/_0113_,5.65µm
wave_controller_y_inst/_0249_,5.65µm
wave_controller_y_inst/_0358_,5.65µm
wave_controller_y_inst/_0478_,5.65µm
wave_controller_y_inst/_0499_,5.65µm
wave_controller_y_inst/_0769_,5.65µm
wave_controller_y_inst/_0919_,5.65µm
wave_controller_y_inst/_0939_,5.65µm
wave_controller_y_inst/_1010_,5.65µm
wave_controller_y_inst/_1114_,5.65µm
wave_controller_y_inst/_1302_,5.65µm
wave_controller_y_inst/_1340_,5.65µm
wave_controller_y_inst/_1477_,5.65µm
wave_controller_y_inst/_1512_,5.65µm
wave_controller_y_inst/_1669_,5.65µm
raw_edge3_y\[0\],5.6µm
signal_processor_x_inst/_001_,5.6µm
signal_processor_x_inst/_027_,5.6µm
signal_processor_x_inst/_069_,5.6µm
signal_processor_y_inst/_021_,5.6µm
signal_processor_y_inst/_025_,5.6µm
spi_regs_inst/_0064_,5.6µm
spi_regs_inst/_0115_,5.6µm
spi_regs_inst/_0203_,5.6µm
spi_regs_inst/_0403_,5.6µm
spi_regs_inst/_0436_,5.6µm
spi_regs_inst/_0513_,5.6µm
spi_regs_inst/_0553_,5.6µm
wave_controller_x_inst/_0009_,5.6µm
wave_controller_x_inst/_0028_,5.6µm
wave_controller_x_inst/_0081_,5.6µm
wave_controller_x_inst/_0084_,5.6µm
wave_controller_x_inst/_0085_,5.6µm
wave_controller_x_inst/_0211_,5.6µm
wave_controller_x_inst/_0260_,5.6µm
wave_controller_x_inst/_0549_,5.6µm
wave_controller_x_inst/_0741_,5.6µm
wave_controller_x_inst/_0794_,5.6µm
wave_controller_x_inst/_0962_,5.6µm
wave_controller_x_inst/_1053_,5.6µm
wave_controller_x_inst/_1083_,5.6µm
wave_controller_x_inst/_1135_,5.6µm
wave_controller_x_inst/_1145_,5.6µm
wave_controller_x_inst/_1187_,5.6µm
wave_controller_x_inst/_1198_,5.6µm
wave_controller_x_inst/_1364_,5.6µm
wave_controller_x_inst/_1365_,5.6µm
wave_controller_x_inst/_1529_,5.6µm
wave_controller_x_inst/_1577_,5.6µm
wave_controller_x_inst/_1742_,5.6µm
wave_controller_x_inst/ds_acc\[1\],5.6µm
wave_controller_x_inst/ds_acc\[2\],5.6µm
wave_controller_y_inst/_0036_,5.6µm
wave_controller_y_inst/_0057_,5.6µm
wave_controller_y_inst/_0089_,5.6µm
wave_controller_y_inst/_0110_,5.6µm
wave_controller_y_inst/_0158_,5.6µm
wave_controller_y_inst/_0268_,5.6µm
wave_controller_y_inst/_0297_,5.6µm
wave_controller_y_inst/_0324_,5.6µm
wave_controller_y_inst/_0471_,5.6µm
wave_controller_y_inst/_0526_,5.6µm
wave_controller_y_inst/_0622_,5.6µm
wave_controller_y_inst/_0850_,5.6µm
wave_controller_y_inst/_0889_,5.6µm
wave_controller_y_inst/_0932_,5.6µm
wave_controller_y_inst/_0958_,5.6µm
wave_controller_y_inst/_1073_,5.6µm
wave_controller_y_inst/_1128_,5.6µm
wave_controller_y_inst/_1129_,5.6µm
wave_controller_y_inst/_1138_,5.6µm
wave_controller_y_inst/_1181_,5.6µm
wave_controller_y_inst/_1506_,5.6µm
wave_controller_y_inst/_1722_,5.6µm
wave_controller_y_inst/_1749_,5.6µm
wave_controller_y_inst/_1759_,5.6µm
signal_processor_x_inst/_034_,5.14µm
signal_processor_y_inst/_085_,5.14µm
spi_regs_inst/_0256_,5.14µm
spi_regs_inst/_0505_,5.14µm
wave_controller_x_inst/_0068_,5.14µm
wave_controller_x_inst/_0072_,5.14µm
wave_controller_x_inst/_0187_,5.14µm
wave_controller_x_inst/_0748_,5.14µm
wave_controller_x_inst/_0963_,5.14µm
wave_controller_y_inst/_0006_,5.14µm
wave_controller_y_inst/_0033_,5.14µm
wave_controller_y_inst/_0039_,5.14µm
wave_controller_y_inst/_0042_,5.14µm
wave_controller_y_inst/_0070_,5.14µm
wave_controller_y_inst/_0351_,5.14µm
wave_controller_y_inst/_0802_,5.14µm
signal_processor_x_inst/_094_,5.09µm
signal_processor_y_inst/s270_pipe\[2\],5.09µm
spi_regs_inst/_0023_,5.09µm
spi_regs_inst/_0075_,5.09µm
spi_regs_inst/_0148_,5.09µm
spi_regs_inst/_0187_,5.09µm
spi_regs_inst/_0342_,5.09µm
wave_controller_x_inst/_0443_,5.09µm
wave_controller_x_inst/_0946_,5.09µm
wave_controller_x_inst/_1132_,5.09µm
wave_controller_x_inst/_1140_,5.09µm
wave_controller_x_inst/_1487_,5.09µm
wave_controller_x_inst/_1523_,5.09µm
wave_controller_x_inst/_1705_,5.09µm
wave_controller_x_inst/_1726_,5.09µm
wave_controller_y_inst/_0122_,5.09µm
wave_controller_y_inst/_0233_,5.09µm
wave_controller_y_inst/_0271_,5.09µm
wave_controller_y_inst/_0372_,5.09µm
wave_controller_y_inst/_0454_,5.09µm
wave_controller_y_inst/_0482_,5.09µm
wave_controller_y_inst/_0606_,5.09µm
wave_controller_y_inst/_0621_,5.09µm
wave_controller_y_inst/_0744_,5.09µm
wave_controller_y_inst/_1004_,5.09µm
net16,5.04µm
cfg_f_MEMS_fcw_y\[9\],5.04µm
signal_processor_x_inst/_007_,5.04µm
signal_processor_x_inst/_032_,5.04µm
signal_processor_x_inst/_033_,5.04µm
signal_processor_x_inst/s270_pipe\[1\],5.04µm
signal_processor_y_inst/_009_,5.04µm
signal_processor_y_inst/_035_,5.04µm
spi_regs_inst/_0001_,5.04µm
spi_regs_inst/_0004_,5.04µm
spi_regs_inst/_0030_,5.04µm
spi_regs_inst/_0048_,5.04µm
spi_regs_inst/_0103_,5.04µm
spi_regs_inst/_0159_,5.04µm
spi_regs_inst/_0165_,5.04µm
spi_regs_inst/_0179_,5.04µm
spi_regs_inst/_0202_,5.04µm
spi_regs_inst/_0249_,5.04µm
spi_regs_inst/_0251_,5.04µm
spi_regs_inst/_0337_,5.04µm
spi_regs_inst/_0406_,5.04µm
spi_regs_inst/_0442_,5.04µm
spi_regs_inst/_0520_,5.04µm
spi_regs_inst/_0536_,5.04µm
wave_controller_x_inst/_0022_,5.04µm
wave_controller_x_inst/_0024_,5.04µm
wave_controller_x_inst/_0047_,5.04µm
wave_controller_x_inst/_0079_,5.04µm
wave_controller_x_inst/_0083_,5.04µm
wave_controller_x_inst/_0098_,5.04µm
wave_controller_x_inst/_0123_,5.04µm
wave_controller_x_inst/_0124_,5.04µm
wave_controller_x_inst/_0127_,5.04µm
wave_controller_x_inst/_0267_,5.04µm
wave_controller_x_inst/_0460_,5.04µm
wave_controller_x_inst/_0527_,5.04µm
wave_controller_x_inst/_0547_,5.04µm
wave_controller_x_inst/_0562_,5.04µm
wave_controller_x_inst/_0582_,5.04µm
wave_controller_x_inst/_0832_,5.04µm
wave_controller_x_inst/_0966_,5.04µm
wave_controller_x_inst/_1092_,5.04µm
wave_controller_x_inst/_1110_,5.04µm
wave_controller_x_inst/_1118_,5.04µm
wave_controller_x_inst/_1167_,5.04µm
wave_controller_x_inst/_1174_,5.04µm
wave_controller_x_inst/_1352_,5.04µm
wave_controller_y_inst/_0007_,5.04µm
wave_controller_y_inst/_0012_,5.04µm
wave_controller_y_inst/_0191_,5.04µm
wave_controller_y_inst/_0348_,5.04µm
wave_controller_y_inst/_0481_,5.04µm
wave_controller_y_inst/_0554_,5.04µm
wave_controller_y_inst/_0556_,5.04µm
wave_controller_y_inst/_0560_,5.04µm
wave_controller_y_inst/_0667_,5.04µm
wave_controller_y_inst/_0677_,5.04µm
wave_controller_y_inst/_0789_,5.04µm
wave_controller_y_inst/_0865_,5.04µm
wave_controller_y_inst/_0900_,5.04µm
wave_controller_y_inst/_0972_,5.04µm
wave_controller_y_inst/_1076_,5.04µm
wave_controller_y_inst/_1089_,5.04µm
wave_controller_y_inst/_1090_,5.04µm
wave_controller_y_inst/_1100_,5.04µm
wave_controller_y_inst/_1143_,5.04µm
wave_controller_y_inst/_1159_,5.04µm
wave_controller_y_inst/_1328_,5.04µm
wave_controller_y_inst/_1481_,5.04µm
wave_controller_y_inst/_1503_,5.04µm
wave_controller_y_inst/_1513_,5.04µm
wave_controller_y_inst/_1537_,5.04µm
wave_controller_y_inst/_1543_,5.04µm
wave_controller_y_inst/_1588_,5.04µm
wave_controller_y_inst/_1593_,5.04µm
wave_controller_y_inst/_1595_,5.04µm
wave_controller_y_inst/_1771_,5.04µm
wave_controller_x_inst/_0399_,4.63µm
signal_processor_x_inst/_056_,4.58µm
signal_processor_y_inst/_083_,4.58µm
spi_regs_inst/_0204_,4.58µm
spi_regs_inst/_0292_,4.58µm
spi_regs_inst/_0405_,4.58µm
spi_regs_inst/_0470_,4.58µm
spi_regs_inst/_0539_,4.58µm
state_machine_inst/_01_,4.58µm
wave_controller_x_inst/_0096_,4.58µm
wave_controller_x_inst/_0151_,4.58µm
wave_controller_x_inst/_0196_,4.58µm
wave_controller_x_inst/_0539_,4.58µm
wave_controller_x_inst/_0789_,4.58µm
wave_controller_x_inst/_1180_,4.58µm
wave_controller_x_inst/_1263_,4.58µm
wave_controller_x_inst/_1513_,4.58µm
wave_controller_x_inst/_1604_,4.58µm
wave_controller_y_inst/_0369_,4.58µm
wave_controller_y_inst/_0508_,4.58µm
wave_controller_y_inst/_0608_,4.58µm
wave_controller_y_inst/_0631_,4.58µm
wave_controller_y_inst/_0746_,4.58µm
wave_controller_y_inst/_0760_,4.58µm
wave_controller_y_inst/_0820_,4.58µm
wave_controller_y_inst/_1031_,4.58µm
wave_controller_y_inst/_1377_,4.58µm
wave_controller_y_inst/_1380_,4.58µm
wave_controller_y_inst/_1464_,4.58µm
wave_controller_y_inst/_1527_,4.58µm
wave_controller_y_inst/_1557_,4.58µm
signal_processor_x_inst/_071_,4.53µm
spi_regs_inst/_0163_,4.53µm
spi_regs_inst/_0339_,4.53µm
spi_regs_inst/_0643_,4.53µm
wave_controller_x_inst/_0016_,4.53µm
wave_controller_x_inst/_0031_,4.53µm
wave_controller_x_inst/_0752_,4.53µm
wave_controller_x_inst/_0771_,4.53µm
wave_controller_x_inst/_0937_,4.53µm
wave_controller_x_inst/_0952_,4.53µm
wave_controller_x_inst/_1004_,4.53µm
wave_controller_x_inst/_1051_,4.53µm
wave_controller_x_inst/_1151_,4.53µm
wave_controller_x_inst/_1159_,4.53µm
wave_controller_x_inst/_1181_,4.53µm
wave_controller_x_inst/_1562_,4.53µm
wave_controller_x_inst/_1580_,4.53µm
wave_controller_x_inst/_1609_,4.53µm
wave_controller_y_inst/_0605_,4.53µm
wave_controller_y_inst/_0776_,4.53µm
wave_controller_y_inst/_0924_,4.53µm
wave_controller_y_inst/_0983_,4.53µm
wave_controller_y_inst/_1021_,4.53µm
wave_controller_y_inst/_1182_,4.53µm
wave_controller_y_inst/_1218_,4.53µm
wave_controller_y_inst/_1572_,4.53µm
net13,4.48µm
signal_processor_x_inst/_014_,4.48µm
signal_processor_x_inst/_022_,4.48µm
signal_processor_x_inst/_036_,4.48µm
signal_processor_x_inst/_060_,4.48µm
signal_processor_x_inst/s90_pipe\[0\],4.48µm
signal_processor_y_inst/_001_,4.48µm
signal_processor_y_inst/_005_,4.48µm
signal_processor_y_inst/_017_,4.48µm
signal_processor_y_inst/_018_,4.48µm
spi_regs_inst/_0003_,4.48µm
spi_regs_inst/_0011_,4.48µm
spi_regs_inst/_0020_,4.48µm
spi_regs_inst/_0022_,4.48µm
spi_regs_inst/_0032_,4.48µm
spi_regs_inst/_0036_,4.48µm
spi_regs_inst/_0037_,4.48µm
spi_regs_inst/_0038_,4.48µm
spi_regs_inst/_0040_,4.48µm
spi_regs_inst/_0046_,4.48µm
spi_regs_inst/_0050_,4.48µm
spi_regs_inst/_0073_,4.48µm
spi_regs_inst/_0086_,4.48µm
spi_regs_inst/_0100_,4.48µm
spi_regs_inst/_0113_,4.48µm
spi_regs_inst/_0118_,4.48µm
spi_regs_inst/_0149_,4.48µm
spi_regs_inst/_0152_,4.48µm
spi_regs_inst/_0164_,4.48µm
spi_regs_inst/_0257_,4.48µm
spi_regs_inst/_0398_,4.48µm
spi_regs_inst/_0437_,4.48µm
spi_regs_inst/_0463_,4.48µm
spi_regs_inst/_0468_,4.48µm
spi_regs_inst/_0538_,4.48µm
spi_regs_inst/_0554_,4.48µm
spi_regs_inst/_0631_,4.48µm
state_machine_inst/_15_,4.48µm
wave_controller_x_inst/_0102_,4.48µm
wave_controller_x_inst/_0113_,4.48µm
wave_controller_x_inst/_0149_,4.48µm
wave_controller_x_inst/_0223_,4.48µm
wave_controller_x_inst/_0244_,4.48µm
wave_controller_x_inst/_0245_,4.48µm
wave_controller_x_inst/_0280_,4.48µm
wave_controller_x_inst/_0285_,4.48µm
wave_controller_x_inst/_0529_,4.48µm
wave_controller_x_inst/_0533_,4.48µm
wave_controller_x_inst/_0542_,4.48µm
wave_controller_x_inst/_0708_,4.48µm
wave_controller_x_inst/_0753_,4.48µm
wave_controller_x_inst/_0869_,4.48µm
wave_controller_x_inst/_0939_,4.48µm
wave_controller_x_inst/_0979_,4.48µm
wave_controller_x_inst/_1041_,4.48µm
wave_controller_x_inst/_1081_,4.48µm
wave_controller_x_inst/_1129_,4.48µm
wave_controller_x_inst/_1131_,4.48µm
wave_controller_x_inst/_1150_,4.48µm
wave_controller_x_inst/_1171_,4.48µm
wave_controller_x_inst/_1367_,4.48µm
wave_controller_x_inst/_1394_,4.48µm
wave_controller_x_inst/_1438_,4.48µm
wave_controller_x_inst/_1542_,4.48µm
wave_controller_x_inst/_1595_,4.48µm
wave_controller_x_inst/_1664_,4.48µm
wave_controller_y_inst/_0054_,4.48µm
wave_controller_y_inst/_0095_,4.48µm
wave_controller_y_inst/_0114_,4.48µm
wave_controller_y_inst/_0116_,4.48µm
wave_controller_y_inst/_0168_,4.48µm
wave_controller_y_inst/_0176_,4.48µm
wave_controller_y_inst/_0280_,4.48µm
wave_controller_y_inst/_0290_,4.48µm
wave_controller_y_inst/_0335_,4.48µm
wave_controller_y_inst/_0401_,4.48µm
wave_controller_y_inst/_0455_,4.48µm
wave_controller_y_inst/_0503_,4.48µm
wave_controller_y_inst/_0553_,4.48µm
wave_controller_y_inst/_0754_,4.48µm
wave_controller_y_inst/_0758_,4.48µm
wave_controller_y_inst/_0761_,4.48µm
wave_controller_y_inst/_0874_,4.48µm
wave_controller_y_inst/_0925_,4.48µm
wave_controller_y_inst/_1007_,4.48µm
wave_controller_y_inst/_1045_,4.48µm
wave_controller_y_inst/_1049_,4.48µm
wave_controller_y_inst/_1072_,4.48µm
wave_controller_y_inst/_1109_,4.48µm
wave_controller_y_inst/_1150_,4.48µm
wave_controller_y_inst/_1177_,4.48µm
wave_controller_y_inst/_1220_,4.48µm
wave_controller_y_inst/_1410_,4.48µm
wave_controller_y_inst/_1578_,4.48µm
wave_controller_y_inst/_1611_,4.48µm
wave_controller_y_inst/_1753_,4.48µm
wave_controller_x_inst/_0064_,4.12µm
signal_processor_x_inst/_093_,4.02µm
signal_processor_x_inst/_096_,4.02µm
signal_processor_x_inst/_097_,4.02µm
signal_processor_y_inst/_004_,4.02µm
wave_controller_x_inst/_0246_,4.02µm
wave_controller_x_inst/_0290_,4.02µm
wave_controller_x_inst/_0484_,4.02µm
wave_controller_x_inst/_0723_,4.02µm
wave_controller_x_inst/_0742_,4.02µm
wave_controller_x_inst/_0778_,4.02µm
wave_controller_x_inst/_1003_,4.02µm
wave_controller_x_inst/_1435_,4.02µm
wave_controller_x_inst/_1517_,4.02µm
wave_controller_x_inst/_1725_,4.02µm
wave_controller_y_inst/_0157_,4.02µm
wave_controller_y_inst/_0232_,4.02µm
wave_controller_y_inst/_0916_,4.02µm
wave_controller_y_inst/_0951_,4.02µm
wave_controller_y_inst/_1215_,4.02µm
wave_controller_y_inst/_1695_,4.02µm
spi_regs_inst/_0194_,3.97µm
spi_regs_inst/_0461_,3.97µm
wave_controller_x_inst/_0422_,3.97µm
wave_controller_x_inst/_0921_,3.97µm
wave_controller_x_inst/_0924_,3.97µm
wave_controller_x_inst/_1097_,3.97µm
wave_controller_x_inst/_1349_,3.97µm
wave_controller_x_inst/_1494_,3.97µm
wave_controller_x_inst/ds_acc\[8\],3.97µm
wave_controller_y_inst/_0177_,3.97µm
wave_controller_y_inst/_0198_,3.97µm
wave_controller_y_inst/_0881_,3.97µm
wave_controller_y_inst/_1104_,3.97µm
_00_,3.92µm
cal_phase0_offset_y\[20\],3.92µm
signal_processor_x_inst/_009_,3.92µm
signal_processor_x_inst/_037_,3.92µm
signal_processor_x_inst/_052_,3.92µm
signal_processor_x_inst/_065_,3.92µm
signal_processor_y_inst/_013_,3.92µm
signal_processor_y_inst/_015_,3.92µm
signal_processor_y_inst/_031_,3.92µm
signal_processor_y_inst/_039_,3.92µm
signal_processor_y_inst/_052_,3.92µm
signal_processor_y_inst/_056_,3.92µm
signal_processor_y_inst/_069_,3.92µm
spi_regs_inst/_0009_,3.92µm
spi_regs_inst/_0019_,3.92µm
spi_regs_inst/_0025_,3.92µm
spi_regs_inst/_0063_,3.92µm
spi_regs_inst/_0085_,3.92µm
spi_regs_inst/_0094_,3.92µm
spi_regs_inst/_0128_,3.92µm
spi_regs_inst/_0143_,3.92µm
spi_regs_inst/_0150_,3.92µm
spi_regs_inst/_0156_,3.92µm
spi_regs_inst/_0173_,3.92µm
spi_regs_inst/_0174_,3.92µm
spi_regs_inst/_0188_,3.92µm
spi_regs_inst/_0197_,3.92µm
spi_regs_inst/_0246_,3.92µm
spi_regs_inst/_0343_,3.92µm
spi_regs_inst/_0425_,3.92µm
spi_regs_inst/_0432_,3.92µm
spi_regs_inst/_0447_,3.92µm
spi_regs_inst/_0479_,3.92µm
spi_regs_inst/_0532_,3.92µm
spi_regs_inst/_0552_,3.92µm
spi_regs_inst/_0651_,3.92µm
spi_regs_inst/reg_wr_data\[2\],3.92µm
state_machine_inst/_13_,3.92µm
wave_controller_x_inst/_0036_,3.92µm
wave_controller_x_inst/_0039_,3.92µm
wave_controller_x_inst/_0042_,3.92µm
wave_controller_x_inst/_0077_,3.92µm
wave_controller_x_inst/_0116_,3.92µm
wave_controller_x_inst/_0117_,3.92µm
wave_controller_x_inst/_0119_,3.92µm
wave_controller_x_inst/_0120_,3.92µm
wave_controller_x_inst/_0122_,3.92µm
wave_controller_x_inst/_0126_,3.92µm
wave_controller_x_inst/_0234_,3.92µm
wave_controller_x_inst/_0301_,3.92µm
wave_controller_x_inst/_0362_,3.92µm
wave_controller_x_inst/_0387_,3.92µm
wave_controller_x_inst/_0389_,3.92µm
wave_controller_x_inst/_0401_,3.92µm
wave_controller_x_inst/_0426_,3.92µm
wave_controller_x_inst/_0508_,3.92µm
wave_controller_x_inst/_0511_,3.92µm
wave_controller_x_inst/_0537_,3.92µm
wave_controller_x_inst/_0545_,3.92µm
wave_controller_x_inst/_0577_,3.92µm
wave_controller_x_inst/_0606_,3.92µm
wave_controller_x_inst/_0655_,3.92µm
wave_controller_x_inst/_0711_,3.92µm
wave_controller_x_inst/_0779_,3.92µm
wave_controller_x_inst/_0906_,3.92µm
wave_controller_x_inst/_0909_,3.92µm
wave_controller_x_inst/_0919_,3.92µm
wave_controller_x_inst/_0999_,3.92µm
wave_controller_x_inst/_1021_,3.92µm
wave_controller_x_inst/_1045_,3.92µm
wave_controller_x_inst/_1095_,3.92µm
wave_controller_x_inst/_1144_,3.92µm
wave_controller_x_inst/_1147_,3.92µm
wave_controller_x_inst/_1391_,3.92µm
wave_controller_x_inst/_1393_,3.92µm
wave_controller_x_inst/_1450_,3.92µm
wave_controller_x_inst/_1474_,3.92µm
wave_controller_x_inst/_1504_,3.92µm
wave_controller_x_inst/_1519_,3.92µm
wave_controller_x_inst/_1549_,3.92µm
wave_controller_x_inst/_1686_,3.92µm
wave_controller_x_inst/_1715_,3.92µm
wave_controller_y_inst/_0013_,3.92µm
wave_controller_y_inst/_0022_,3.92µm
wave_controller_y_inst/_0025_,3.92µm
wave_controller_y_inst/_0026_,3.92µm
wave_controller_y_inst/_0031_,3.92µm
wave_controller_y_inst/_0081_,3.92µm
wave_controller_y_inst/_0082_,3.92µm
wave_controller_y_inst/_0098_,3.92µm
wave_controller_y_inst/_0121_,3.92µm
wave_controller_y_inst/_0126_,3.92µm
wave_controller_y_inst/_0181_,3.92µm
wave_controller_y_inst/_0234_,3.92µm
wave_controller_y_inst/_0242_,3.92µm
wave_controller_y_inst/_0246_,3.92µm
wave_controller_y_inst/_0347_,3.92µm
wave_controller_y_inst/_0352_,3.92µm
wave_controller_y_inst/_0388_,3.92µm
wave_controller_y_inst/_0399_,3.92µm
wave_controller_y_inst/_0432_,3.92µm
wave_controller_y_inst/_0498_,3.92µm
wave_controller_y_inst/_0506_,3.92µm
wave_controller_y_inst/_0564_,3.92µm
wave_controller_y_inst/_0566_,3.92µm
wave_controller_y_inst/_0610_,3.92µm
wave_controller_y_inst/_0612_,3.92µm
wave_controller_y_inst/_0657_,3.92µm
wave_controller_y_inst/_0670_,3.92µm
wave_controller_y_inst/_0711_,3.92µm
wave_controller_y_inst/_0742_,3.92µm
wave_controller_y_inst/_0768_,3.92µm
wave_controller_y_inst/_0811_,3.92µm
wave_controller_y_inst/_0835_,3.92µm
wave_controller_y_inst/_0841_,3.92µm
wave_controller_y_inst/_0959_,3.92µm
wave_controller_y_inst/_1041_,3.92µm
wave_controller_y_inst/_1053_,3.92µm
wave_controller_y_inst/_1059_,3.92µm
wave_controller_y_inst/_1103_,3.92µm
wave_controller_y_inst/_1157_,3.92µm
wave_controller_y_inst/_1188_,3.92µm
wave_controller_y_inst/_1223_,3.92µm
wave_controller_y_inst/_1258_,3.92µm
wave_controller_y_inst/_1355_,3.92µm
wave_controller_y_inst/_1367_,3.92µm
wave_controller_y_inst/_1429_,3.92µm
wave_controller_y_inst/_1494_,3.92µm
wave_controller_y_inst/_1504_,3.92µm
wave_controller_y_inst/_1514_,3.92µm
wave_controller_y_inst/_1515_,3.92µm
wave_controller_y_inst/_1535_,3.92µm
wave_controller_y_inst/_1584_,3.92µm
wave_controller_y_inst/_1600_,3.92µm
wave_controller_y_inst/_1662_,3.92µm
wave_controller_y_inst/_1700_,3.92µm
wave_controller_y_inst/_1705_,3.92µm
wave_controller_y_inst/_1751_,3.92µm
signal_processor_x_inst/_090_,3.46µm
signal_processor_y_inst/_086_,3.46µm
spi_regs_inst/_0550_,3.46µm
wave_controller_x_inst/_0407_,3.46µm
wave_controller_x_inst/_0436_,3.46µm
wave_controller_x_inst/_0470_,3.46µm
wave_controller_x_inst/_0809_,3.46µm
wave_controller_x_inst/_0847_,3.46µm
wave_controller_x_inst/_1098_,3.46µm
wave_controller_x_inst/_1105_,3.46µm
wave_controller_x_inst/_1398_,3.46µm
wave_controller_x_inst/_1627_,3.46µm
wave_controller_y_inst/_0422_,3.46µm
wave_controller_y_inst/_1026_,3.46µm
wave_controller_y_inst/_1140_,3.46µm
wave_controller_y_inst/_1174_,3.46µm
wave_controller_y_inst/_1279_,3.46µm
wave_controller_y_inst/_1679_,3.46µm
wave_controller_y_inst/_1748_,3.46µm
wave_controller_y_inst/_1760_,3.46µm
wave_controller_y_inst/comp_sync2,3.46µm
spi_regs_inst/_0312_,3.41µm
spi_regs_inst/_0412_,3.41µm
wave_controller_x_inst/_1169_,3.41µm
wave_controller_y_inst/_0140_,3.41µm
_01_,3.36µm
cal_phase0_offset_y\[18\],3.36µm
raw_edge3_x\[0\],3.36µm
signal_processor_x_inst/_012_,3.36µm
signal_processor_x_inst/_031_,3.36µm
signal_processor_x_inst/_035_,3.36µm
signal_processor_y_inst/_030_,3.36µm
signal_processor_y_inst/_081_,3.36µm
signal_processor_y_inst/_105_,3.36µm
spi_regs_inst/_0000_,3.36µm
spi_regs_inst/_0021_,3.36µm
spi_regs_inst/_0024_,3.36µm
spi_regs_inst/_0033_,3.36µm
spi_regs_inst/_0043_,3.36µm
spi_regs_inst/_0047_,3.36µm
spi_regs_inst/_0053_,3.36µm
spi_regs_inst/_0054_,3.36µm
spi_regs_inst/_0058_,3.36µm
spi_regs_inst/_0061_,3.36µm
spi_regs_inst/_0070_,3.36µm
spi_regs_inst/_0078_,3.36µm
spi_regs_inst/_0080_,3.36µm
spi_regs_inst/_0124_,3.36µm
spi_regs_inst/_0147_,3.36µm
spi_regs_inst/_0155_,3.36µm
spi_regs_inst/_0169_,3.36µm
spi_regs_inst/_0192_,3.36µm
spi_regs_inst/_0237_,3.36µm
spi_regs_inst/_0331_,3.36µm
spi_regs_inst/_0349_,3.36µm
spi_regs_inst/_0370_,3.36µm
spi_regs_inst/_0385_,3.36µm
spi_regs_inst/_0388_,3.36µm
spi_regs_inst/_0392_,3.36µm
spi_regs_inst/_0414_,3.36µm
spi_regs_inst/_0435_,3.36µm
spi_regs_inst/_0490_,3.36µm
state_machine_inst/_16_,3.36µm
wave_controller_x_inst/_0004_,3.36µm
wave_controller_x_inst/_0005_,3.36µm
wave_controller_x_inst/_0020_,3.36µm
wave_controller_x_inst/_0026_,3.36µm
wave_controller_x_inst/_0043_,3.36µm
wave_controller_x_inst/_0046_,3.36µm
wave_controller_x_inst/_0067_,3.36µm
wave_controller_x_inst/_0086_,3.36µm
wave_controller_x_inst/_0089_,3.36µm
wave_controller_x_inst/_0091_,3.36µm
wave_controller_x_inst/_0092_,3.36µm
wave_controller_x_inst/_0105_,3.36µm
wave_controller_x_inst/_0114_,3.36µm
wave_controller_x_inst/_0159_,3.36µm
wave_controller_x_inst/_0186_,3.36µm
wave_controller_x_inst/_0191_,3.36µm
wave_controller_x_inst/_0233_,3.36µm
wave_controller_x_inst/_0237_,3.36µm
wave_controller_x_inst/_0334_,3.36µm
wave_controller_x_inst/_0404_,3.36µm
wave_controller_x_inst/_0446_,3.36µm
wave_controller_x_inst/_0668_,3.36µm
wave_controller_x_inst/_0728_,3.36µm
wave_controller_x_inst/_0872_,3.36µm
wave_controller_x_inst/_0874_,3.36µm
wave_controller_x_inst/_0897_,3.36µm
wave_controller_x_inst/_0928_,3.36µm
wave_controller_x_inst/_0972_,3.36µm
wave_controller_x_inst/_1025_,3.36µm
wave_controller_x_inst/_1037_,3.36µm
wave_controller_x_inst/_1070_,3.36µm
wave_controller_x_inst/_1072_,3.36µm
wave_controller_x_inst/_1076_,3.36µm
wave_controller_x_inst/_1089_,3.36µm
wave_controller_x_inst/_1099_,3.36µm
wave_controller_x_inst/_1125_,3.36µm
wave_controller_x_inst/_1130_,3.36µm
wave_controller_x_inst/_1153_,3.36µm
wave_controller_x_inst/_1157_,3.36µm
wave_controller_x_inst/_1178_,3.36µm
wave_controller_x_inst/_1186_,3.36µm
wave_controller_x_inst/_1219_,3.36µm
wave_controller_x_inst/_1221_,3.36µm
wave_controller_x_inst/_1261_,3.36µm
wave_controller_x_inst/_1413_,3.36µm
wave_controller_x_inst/_1414_,3.36µm
wave_controller_x_inst/_1421_,3.36µm
wave_controller_x_inst/_1424_,3.36µm
wave_controller_x_inst/_1477_,3.36µm
wave_controller_x_inst/_1485_,3.36µm
wave_controller_x_inst/_1516_,3.36µm
wave_controller_x_inst/_1525_,3.36µm
wave_controller_x_inst/_1536_,3.36µm
wave_controller_x_inst/_1587_,3.36µm
wave_controller_x_inst/_1731_,3.36µm
wave_controller_x_inst/_1751_,3.36µm
wave_controller_x_inst/_1759_,3.36µm
wave_controller_x_inst/comp_sync1,3.36µm
wave_controller_y_inst/_0004_,3.36µm
wave_controller_y_inst/_0009_,3.36µm
wave_controller_y_inst/_0011_,3.36µm
wave_controller_y_inst/_0051_,3.36µm
wave_controller_y_inst/_0052_,3.36µm
wave_controller_y_inst/_0055_,3.36µm
wave_controller_y_inst/_0063_,3.36µm
wave_controller_y_inst/_0064_,3.36µm
wave_controller_y_inst/_0074_,3.36µm
wave_controller_y_inst/_0080_,3.36µm
wave_controller_y_inst/_0092_,3.36µm
wave_controller_y_inst/_0097_,3.36µm
wave_controller_y_inst/_0109_,3.36µm
wave_controller_y_inst/_0119_,3.36µm
wave_controller_y_inst/_0127_,3.36µm
wave_controller_y_inst/_0159_,3.36µm
wave_controller_y_inst/_0272_,3.36µm
wave_controller_y_inst/_0349_,3.36µm
wave_controller_y_inst/_0357_,3.36µm
wave_controller_y_inst/_0436_,3.36µm
wave_controller_y_inst/_0460_,3.36µm
wave_controller_y_inst/_0474_,3.36µm
wave_controller_y_inst/_0533_,3.36µm
wave_controller_y_inst/_0641_,3.36µm
wave_controller_y_inst/_0655_,3.36µm
wave_controller_y_inst/_0665_,3.36µm
wave_controller_y_inst/_0727_,3.36µm
wave_controller_y_inst/_0801_,3.36µm
wave_controller_y_inst/_0843_,3.36µm
wave_controller_y_inst/_0856_,3.36µm
wave_controller_y_inst/_0922_,3.36µm
wave_controller_y_inst/_0940_,3.36µm
wave_controller_y_inst/_0999_,3.36µm
wave_controller_y_inst/_1028_,3.36µm
wave_controller_y_inst/_1085_,3.36µm
wave_controller_y_inst/_1088_,3.36µm
wave_controller_y_inst/_1116_,3.36µm
wave_controller_y_inst/_1119_,3.36µm
wave_controller_y_inst/_1132_,3.36µm
wave_controller_y_inst/_1144_,3.36µm
wave_controller_y_inst/_1156_,3.36µm
wave_controller_y_inst/_1180_,3.36µm
wave_controller_y_inst/_1190_,3.36µm
wave_controller_y_inst/_1201_,3.36µm
wave_controller_y_inst/_1364_,3.36µm
wave_controller_y_inst/_1691_,3.36µm
wave_controller_y_inst/_1708_,3.36µm
wave_controller_y_inst/_1736_,3.36µm
signal_processor_y_inst/_065_,2.9µm
signal_processor_y_inst/_106_,2.9µm
spi_regs_inst/_0283_,2.9µm
spi_regs_inst/_0321_,2.9µm
spi_regs_inst/_0558_,2.9µm
wave_controller_x_inst/_0355_,2.9µm
wave_controller_x_inst/_0497_,2.9µm
wave_controller_x_inst/_0532_,2.9µm
wave_controller_x_inst/_1084_,2.9µm
wave_controller_x_inst/_1420_,2.9µm
wave_controller_x_inst/_1668_,2.9µm
wave_controller_y_inst/_0147_,2.9µm
wave_controller_y_inst/_0355_,2.9µm
wave_controller_y_inst/_0647_,2.9µm
wave_controller_y_inst/_0663_,2.9µm
wave_controller_y_inst/_0756_,2.9µm
wave_controller_y_inst/_1070_,2.9µm
wave_controller_y_inst/_1199_,2.9µm
wave_controller_y_inst/_1398_,2.9µm
spi_regs_inst/_0231_,2.85µm
spi_regs_inst/_0346_,2.85µm
spi_regs_inst/_0374_,2.85µm
spi_regs_inst/_0524_,2.85µm
wave_controller_y_inst/_0214_,2.85µm
wave_controller_y_inst/_1060_,2.85µm
net11,2.8µm
net14,2.8µm
cfg_f_MEMS_fcw_y\[13\],2.8µm
signal_processor_x_inst/_003_,2.8µm
signal_processor_x_inst/_040_,2.8µm
signal_processor_x_inst/_081_,2.8µm
signal_processor_x_inst/_092_,2.8µm
signal_processor_x_inst/_095_,2.8µm
signal_processor_x_inst/_098_,2.8µm
signal_processor_y_inst/_002_,2.8µm
signal_processor_y_inst/_007_,2.8µm
signal_processor_y_inst/_014_,2.8µm
signal_processor_y_inst/_092_,2.8µm
spi_regs_inst/_0017_,2.8µm
spi_regs_inst/_0028_,2.8µm
spi_regs_inst/_0051_,2.8µm
spi_regs_inst/_0055_,2.8µm
spi_regs_inst/_0066_,2.8µm
spi_regs_inst/_0076_,2.8µm
spi_regs_inst/_0084_,2.8µm
spi_regs_inst/_0087_,2.8µm
spi_regs_inst/_0091_,2.8µm
spi_regs_inst/_0092_,2.8µm
spi_regs_inst/_0101_,2.8µm
spi_regs_inst/_0104_,2.8µm
spi_regs_inst/_0105_,2.8µm
spi_regs_inst/_0106_,2.8µm
spi_regs_inst/_0116_,2.8µm
spi_regs_inst/_0117_,2.8µm
spi_regs_inst/_0121_,2.8µm
spi_regs_inst/_0168_,2.8µm
spi_regs_inst/_0180_,2.8µm
spi_regs_inst/_0190_,2.8µm
spi_regs_inst/_0193_,2.8µm
spi_regs_inst/_0195_,2.8µm
spi_regs_inst/_0253_,2.8µm
spi_regs_inst/_0273_,2.8µm
spi_regs_inst/_0289_,2.8µm
spi_regs_inst/_0356_,2.8µm
spi_regs_inst/_0498_,2.8µm
spi_regs_inst/_0627_,2.8µm
state_machine_inst/_06_,2.8µm
wave_controller_x_inst/_0027_,2.8µm
wave_controller_x_inst/_0051_,2.8µm
wave_controller_x_inst/_0087_,2.8µm
wave_controller_x_inst/_0093_,2.8µm
wave_controller_x_inst/_0100_,2.8µm
wave_controller_x_inst/_0104_,2.8µm
wave_controller_x_inst/_0111_,2.8µm
wave_controller_x_inst/_0112_,2.8µm
wave_controller_x_inst/_0118_,2.8µm
wave_controller_x_inst/_0140_,2.8µm
wave_controller_x_inst/_0168_,2.8µm
wave_controller_x_inst/_0176_,2.8µm
wave_controller_x_inst/_0177_,2.8µm
wave_controller_x_inst/_0181_,2.8µm
wave_controller_x_inst/_0198_,2.8µm
wave_controller_x_inst/_0292_,2.8µm
wave_controller_x_inst/_0293_,2.8µm
wave_controller_x_inst/_0330_,2.8µm
wave_controller_x_inst/_0396_,2.8µm
wave_controller_x_inst/_0397_,2.8µm
wave_controller_x_inst/_0416_,2.8µm
wave_controller_x_inst/_0454_,2.8µm
wave_controller_x_inst/_0455_,2.8µm
wave_controller_x_inst/_0495_,2.8µm
wave_controller_x_inst/_0501_,2.8µm
wave_controller_x_inst/_0503_,2.8µm
wave_controller_x_inst/_0514_,2.8µm
wave_controller_x_inst/_0540_,2.8µm
wave_controller_x_inst/_0556_,2.8µm
wave_controller_x_inst/_0579_,2.8µm
wave_controller_x_inst/_0597_,2.8µm
wave_controller_x_inst/_0657_,2.8µm
wave_controller_x_inst/_0674_,2.8µm
wave_controller_x_inst/_0747_,2.8µm
wave_controller_x_inst/_0751_,2.8µm
wave_controller_x_inst/_0763_,2.8µm
wave_controller_x_inst/_0766_,2.8µm
wave_controller_x_inst/_0828_,2.8µm
wave_controller_x_inst/_0843_,2.8µm
wave_controller_x_inst/_0850_,2.8µm
wave_controller_x_inst/_0860_,2.8µm
wave_controller_x_inst/_0867_,2.8µm
wave_controller_x_inst/_0885_,2.8µm
wave_controller_x_inst/_0940_,2.8µm
wave_controller_x_inst/_0951_,2.8µm
wave_controller_x_inst/_1063_,2.8µm
wave_controller_x_inst/_1154_,2.8µm
wave_controller_x_inst/_1175_,2.8µm
wave_controller_x_inst/_1223_,2.8µm
wave_controller_x_inst/_1372_,2.8µm
wave_controller_x_inst/_1377_,2.8µm
wave_controller_x_inst/_1380_,2.8µm
wave_controller_x_inst/_1385_,2.8µm
wave_controller_x_inst/_1387_,2.8µm
wave_controller_x_inst/_1495_,2.8µm
wave_controller_x_inst/_1512_,2.8µm
wave_controller_x_inst/_1535_,2.8µm
wave_controller_x_inst/_1552_,2.8µm
wave_controller_x_inst/_1554_,2.8µm
wave_controller_x_inst/_1600_,2.8µm
wave_controller_x_inst/_1647_,2.8µm
wave_controller_x_inst/_1699_,2.8µm
wave_controller_x_inst/_1766_,2.8µm
wave_controller_x_inst/_1769_,2.8µm
wave_controller_y_inst/_0021_,2.8µm
wave_controller_y_inst/_0043_,2.8µm
wave_controller_y_inst/_0059_,2.8µm
wave_controller_y_inst/_0061_,2.8µm
wave_controller_y_inst/_0075_,2.8µm
wave_controller_y_inst/_0150_,2.8µm
wave_controller_y_inst/_0186_,2.8µm
wave_controller_y_inst/_0199_,2.8µm
wave_controller_y_inst/_0292_,2.8µm
wave_controller_y_inst/_0330_,2.8µm
wave_controller_y_inst/_0363_,2.8µm
wave_controller_y_inst/_0387_,2.8µm
wave_controller_y_inst/_0452_,2.8µm
wave_controller_y_inst/_0479_,2.8µm
wave_controller_y_inst/_0495_,2.8µm
wave_controller_y_inst/_0509_,2.8µm
wave_controller_y_inst/_0511_,2.8µm
wave_controller_y_inst/_0512_,2.8µm
wave_controller_y_inst/_0535_,2.8µm
wave_controller_y_inst/_0648_,2.8µm
wave_controller_y_inst/_0668_,2.8µm
wave_controller_y_inst/_0703_,2.8µm
wave_controller_y_inst/_0706_,2.8µm
wave_controller_y_inst/_0728_,2.8µm
wave_controller_y_inst/_0748_,2.8µm
wave_controller_y_inst/_0778_,2.8µm
wave_controller_y_inst/_0828_,2.8µm
wave_controller_y_inst/_0845_,2.8µm
wave_controller_y_inst/_0863_,2.8µm
wave_controller_y_inst/_0909_,2.8µm
wave_controller_y_inst/_0935_,2.8µm
wave_controller_y_inst/_0952_,2.8µm
wave_controller_y_inst/_0969_,2.8µm
wave_controller_y_inst/_1030_,2.8µm
wave_controller_y_inst/_1077_,2.8µm
wave_controller_y_inst/_1105_,2.8µm
wave_controller_y_inst/_1135_,2.8µm
wave_controller_y_inst/_1154_,2.8µm
wave_controller_y_inst/_1169_,2.8µm
wave_controller_y_inst/_1179_,2.8µm
wave_controller_y_inst/_1192_,2.8µm
wave_controller_y_inst/_1195_,2.8µm
wave_controller_y_inst/_1225_,2.8µm
wave_controller_y_inst/_1261_,2.8µm
wave_controller_y_inst/_1394_,2.8µm
wave_controller_y_inst/_1525_,2.8µm
wave_controller_y_inst/_1550_,2.8µm
wave_controller_y_inst/_1554_,2.8µm
wave_controller_y_inst/_1609_,2.8µm
wave_controller_y_inst/_1683_,2.8µm
wave_controller_y_inst/_1699_,2.8µm
wave_controller_y_inst/_1740_,2.8µm
wave_controller_y_inst/_1750_,2.8µm
wave_controller_y_inst/_1756_,2.8µm
wave_controller_y_inst/_1766_,2.8µm
wave_controller_y_inst/comp_sync1,2.8µm
wave_controller_x_inst/_0661_,2.34µm
wave_controller_x_inst/_0689_,2.34µm
wave_controller_x_inst/_0865_,2.34µm
wave_controller_x_inst/_0958_,2.34µm
wave_controller_x_inst/_1115_,2.34µm
wave_controller_x_inst/_1124_,2.34µm
wave_controller_x_inst/_1212_,2.34µm
wave_controller_y_inst/_0244_,2.34µm
wave_controller_y_inst/_0476_,2.34µm
wave_controller_y_inst/_0771_,2.34µm
wave_controller_y_inst/_0800_,2.34µm
wave_controller_y_inst/_0849_,2.34µm
wave_controller_y_inst/_1628_,2.34µm
wave_controller_y_inst/_1674_,2.34µm
wave_controller_x_inst/_1550_,2.29µm
wave_controller_x_inst/_1640_,2.29µm
wave_controller_y_inst/_0426_,2.29µm
wave_controller_y_inst/_0689_,2.29µm
raw_edge3_y\[1\],2.24µm
signal_processor_y_inst/_095_,2.24µm
spi_regs_inst/_0275_,2.24µm
spi_regs_inst/_0404_,2.24µm
spi_regs_inst/_0485_,2.24µm
spi_regs_inst/_0557_,2.24µm
spi_regs_inst/_0582_,2.24µm
spi_regs_inst/_0602_,2.24µm
spi_regs_inst/_0614_,2.24µm
wave_controller_x_inst/_0242_,2.24µm
wave_controller_x_inst/_0329_,2.24µm
wave_controller_x_inst/_0349_,2.24µm
wave_controller_x_inst/_0732_,2.24µm
wave_controller_x_inst/_0801_,2.24µm
wave_controller_x_inst/_0811_,2.24µm
wave_controller_x_inst/_0849_,2.24µm
wave_controller_x_inst/_0881_,2.24µm
wave_controller_x_inst/_0890_,2.24µm
wave_controller_x_inst/_0955_,2.24µm
wave_controller_x_inst/_1030_,2.24µm
wave_controller_x_inst/_1059_,2.24µm
wave_controller_x_inst/_1067_,2.24µm
wave_controller_x_inst/_1088_,2.24µm
wave_controller_x_inst/_1120_,2.24µm
wave_controller_x_inst/_1173_,2.24µm
wave_controller_x_inst/_1193_,2.24µm
wave_controller_x_inst/_1328_,2.24µm
wave_controller_x_inst/_1330_,2.24µm
wave_controller_x_inst/_1355_,2.24µm
wave_controller_x_inst/_1374_,2.24µm
wave_controller_x_inst/_1410_,2.24µm
wave_controller_x_inst/_1416_,2.24µm
wave_controller_x_inst/_1442_,2.24µm
wave_controller_x_inst/_1606_,2.24µm
wave_controller_x_inst/_1613_,2.24µm
wave_controller_x_inst/_1679_,2.24µm
wave_controller_x_inst/_1691_,2.24µm
wave_controller_x_inst/_1692_,2.24µm
wave_controller_x_inst/_1732_,2.24µm
wave_controller_x_inst/_1760_,2.24µm
wave_controller_y_inst/_0190_,2.24µm
wave_controller_y_inst/_0293_,2.24µm
wave_controller_y_inst/_0320_,2.24µm
wave_controller_y_inst/_0389_,2.24µm
wave_controller_y_inst/_0396_,2.24µm
wave_controller_y_inst/_0897_,2.24µm
wave_controller_y_inst/_0906_,2.24µm
wave_controller_y_inst/_1079_,2.24µm
wave_controller_y_inst/_1081_,2.24µm
wave_controller_y_inst/_1130_,2.24µm
wave_controller_y_inst/_1362_,2.24µm
wave_controller_y_inst/_1382_,2.24µm
wave_controller_y_inst/_1421_,2.24µm
wave_controller_y_inst/_1437_,2.24µm
wave_controller_y_inst/_1561_,2.24µm
wave_controller_y_inst/_1582_,2.24µm
wave_controller_y_inst/_1587_,2.24µm
wave_controller_y_inst/_1605_,2.24µm
wave_controller_y_inst/_1718_,2.24µm
wave_controller_y_inst/_1725_,2.24µm
spi_regs_inst/_0300_,1.78µm
spi_regs_inst/_0644_,1.78µm
wave_controller_x_inst/_0670_,1.78µm
wave_controller_x_inst/_1236_,1.78µm
wave_controller_x_inst/_1708_,1.78µm
wave_controller_y_inst/_0427_,1.78µm
spi_regs_inst/_0318_,1.68µm
wave_controller_x_inst/_0161_,1.68µm
wave_controller_x_inst/_0199_,1.68µm
wave_controller_x_inst/_0297_,1.68µm
wave_controller_x_inst/_0338_,1.68µm
wave_controller_x_inst/_0391_,1.68µm
wave_controller_x_inst/_0520_,1.68µm
wave_controller_x_inst/_0554_,1.68µm
wave_controller_x_inst/_0566_,1.68µm
wave_controller_x_inst/_0610_,1.68µm
wave_controller_x_inst/_0631_,1.68µm
wave_controller_x_inst/_0706_,1.68µm
wave_controller_x_inst/_0738_,1.68µm
wave_controller_x_inst/_0835_,1.68µm
wave_controller_x_inst/_1142_,1.68µm
wave_controller_x_inst/_1177_,1.68µm
wave_controller_x_inst/_1179_,1.68µm
wave_controller_x_inst/_1217_,1.68µm
wave_controller_x_inst/_1279_,1.68µm
wave_controller_x_inst/_1515_,1.68µm
wave_controller_x_inst/_1582_,1.68µm
wave_controller_x_inst/_1619_,1.68µm
wave_controller_x_inst/_1657_,1.68µm
wave_controller_x_inst/_1740_,1.68µm
wave_controller_x_inst/phase_acc\[19\],1.68µm
wave_controller_y_inst/_0174_,1.68µm
wave_controller_y_inst/_0235_,1.68µm
wave_controller_y_inst/_0240_,1.68µm
wave_controller_y_inst/_0285_,1.68µm
wave_controller_y_inst/_0458_,1.68µm
wave_controller_y_inst/_0539_,1.68µm
wave_controller_y_inst/_0794_,1.68µm
wave_controller_y_inst/_0904_,1.68µm
wave_controller_y_inst/_1145_,1.68µm
wave_controller_y_inst/_1212_,1.68µm
wave_controller_y_inst/_1413_,1.68µm
wave_controller_y_inst/_1498_,1.68µm
latch_phase90_ack_y,1.12µm
signal_processor_x_inst/_067_,1.12µm
signal_processor_x_inst/_079_,1.12µm
spi_regs_inst/_0399_,1.12µm
wave_controller_x_inst/_0326_,1.12µm
wave_controller_x_inst/_0427_,1.12µm
wave_controller_x_inst/_0499_,1.12µm
wave_controller_x_inst/_0506_,1.12µm
wave_controller_x_inst/_0603_,1.12µm
wave_controller_x_inst/_0733_,1.12µm
wave_controller_x_inst/_0792_,1.12µm
wave_controller_x_inst/_1112_,1.12µm
wave_controller_x_inst/_1156_,1.12µm
wave_controller_x_inst/_1213_,1.12µm
wave_controller_x_inst/_1214_,1.12µm
wave_controller_x_inst/_1302_,1.12µm
wave_controller_x_inst/_1362_,1.12µm
wave_controller_x_inst/_1611_,1.12µm
wave_controller_x_inst/_1753_,1.12µm
wave_controller_y_inst/_0397_,1.12µm
wave_controller_y_inst/_0547_,1.12µm
wave_controller_y_inst/_0549_,1.12µm
wave_controller_y_inst/_0637_,1.12µm
wave_controller_y_inst/_0684_,1.12µm
wave_controller_y_inst/_0710_,1.12µm
wave_controller_y_inst/_0739_,1.12µm
wave_controller_y_inst/_1112_,1.12µm
wave_controller_y_inst/_1147_,1.12µm
wave_controller_y_inst/_1219_,1.12µm
wave_controller_y_inst/_1260_,1.12µm
wave_controller_y_inst/_1542_,1.12µm
