net,length_um
clknet_0_clk,1.07326mm
net34,736.9µm
net502,661.41µm
net296,596.55µm
net639,596.55µm
clk,596.26µm
net73,590.77µm
net297,588.61µm
net287,587.69µm
net596,576.73µm
clknet_3_6__leaf_clk,563.15µm
net465,548.44µm
clknet_3_3__leaf_clk,540.12µm
net471,539.73µm
clknet_3_7__leaf_clk,514.53µm
net457,509.95µm
net454,506.39µm
clknet_3_2__leaf_clk,498.7µm
clknet_3_0__leaf_clk,497.12µm
net429,491.68µm
net485,489.59µm
clknet_3_5__leaf_clk,482.92µm
net461,482.77µm
net329,475.2µm
net453,472.99µm
net158,470.55µm
net480,468.51µm
net486,467.7µm
net466,465.46µm
net187,463.98µm
net294,461.42µm
net459,456.09µm
net189,454.21µm
net291,453.9µm
net474,453.87µm
net172,453.34µm
net500,451.1µm
net492,447.18µm
net44,438.17µm
net496,437.2µm
net148,435.32µm
net328,430.64µm
net504,430.18µm
net184,429.77µm
net383,428.6µm
cfg_phase270_offset_y\[2\],428.09µm
net427,426.82µm
net524,426.36µm
net498,423.05µm
cfg_phase90_offset_y\[2\],422.85µm
net506,422.17µm
net449,419.64µm
net450,419.64µm
net478,419.54µm
delay_wave_cycle_x\[6\],418.52µm
net426,413.44µm
net548,412.56µm
net428,412.31µm
net430,412.26µm
net481,410.12µm
net407,406.81µm
net68,403.91µm
net447,403.4µm
net503,403.3µm
net463,402.94µm
net78,402.53µm
net505,402.05µm
net397,400.96µm
net439,400.6µm
net54,399.53µm
net337,399.43µm
net477,397.29µm
delay_wave_cycle_y\[7\],386.5µm
net455,386.04µm
net638,385.07µm
net161,384.36µm
net445,383.29µm
net164,382.58µm
net398,380.79µm
net51,380.64µm
net595,380.59µm
net163,379.47µm
_04612_,378.2µm
net36,377.36µm
net150,375.96µm
net521,375.45µm
cfg_phase270_offset_y\[0\],374.84µm
net441,372.6µm
net546,372.55µm
raw_edge1_x\[20\],371.48µm
net519,370.97µm
net518,370.46µm
net420,369.39µm
net5,368.73µm
net76,368.63µm
net46,368.12µm
net154,366.67µm
net469,364.2µm
net468,362.62µm
net442,360.89µm
net507,360.89µm
net541,359.82µm
cfg_phase270_offset_y\[6\],359.57µm
clknet_3_4__leaf_clk,359.16µm
_03836_,358.5µm
net483,357.53µm
net620,356.97µm
net540,356.46µm
raw_edge3_x\[4\],356.41µm
net444,355.75µm
net49,355.7µm
clknet_3_1__leaf_clk,353.1µm
_04657_,353µm
net451,352.64µm
net409,351.32µm
delay_wave_cycle_x\[4\],351.27µm
net149,349.64µm
cfg_phase270_offset_x\[4\],349.54µm
net476,348.88µm
net47,348.37µm
net62,348.11µm
_01813_,347.34µm
net425,347.3µm
net391,345.77µm
cfg_phase90_offset_y\[6\],345.72µm
cfg_phase90_offset_y\[9\],345.67µm
net418,343.99µm
clknet_leaf_37_clk,343.22µm
raw_edge3_x\[2\],342.92µm
net423,341.85µm
raw_edge3_y\[6\],341.65µm
net57,341.34µm
cfg_phase90_offset_x\[17\],339.08µm
net295,337.17µm
net422,335.13µm
net79,334.52µm
net424,334.42µm
_00568_,333.4µm
_01180_,332.64µm
cfg_phase270_offset_y\[1\],330.5µm
net448,329.94µm
cfg_phase90_offset_x\[16\],329.48µm
net553,326.68µm
net438,325.61µm
net440,325.61µm
cfg_phase90_offset_y\[0\],325.36µm
net393,324.9µm
delay_wave_cycle_x\[0\],324.39µm
delay_wave_cycle_y\[5\],323.68µm
net404,321.08µm
raw_edge1_x\[2\],320.01µm
cfg_phase270_offset_x\[7\],319.86µm
net381,319.04µm
cfg_f_MEMS_fcw_y\[14\],318.84µm
cal_dir_x,318.23µm
cfg_phase270_offset_y\[11\],317.67µm
net452,317.67µm
cfg_phase270_offset_y\[13\],316.5µm
net417,316.45µm
net410,316.09µm
cal_phase0_offset_y\[0\],315.94µm
spi_regs_inst.reg_wr_data\[1\],314.72µm
net413,314.41µm
net151,313.24µm
net464,313.24µm
net528,313.19µm
net515,311.46µm
cfg_phase90_offset_y\[7\],310.9µm
cfg_phase90_offset_x\[18\],309.88µm
net41,309.27µm
net443,309.27µm
raw_edge1_x\[16\],307.74µm
raw_edge2_x\[10\],307.69µm
spi_regs_inst.mosi_sync\[0\],307.44µm
net250,306.52µm
cfg_phase90_offset_x\[19\],306.47µm
cfg_phase90_offset_y\[4\],305.96µm
delay_wave_cycle_x\[7\],305.2µm
net530,305.09µm
signal_processor_y_inst.votes_out_phase\[3\],304.87µm
raw_edge1_x\[5\],304.84µm
cfg_phase270_offset_y\[8\],304.33µm
_04638_,303.01µm
raw_edge2_y\[20\],303.01µm
net37,302.75µm
_01717_,301.58µm
net156,301.48µm
net327,300.36µm
cal_timeout_y,299.09µm
raw_edge3_x\[3\],298.73µm
raw_edge3_x\[6\],298.17µm
cfg_phase90_offset_x\[3\],297.51µm
net286,297.05µm
cfg_f_MEMS_fcw_y\[1\],297µm
net479,296.85µm
net180,296.08µm
cfg_phase90_offset_y\[12\],295.32µm
raw_edge1_x\[9\],295.27µm
cfg_phase90_offset_y\[5\],294.76µm
cfg_phase270_offset_y\[10\],294.66µm
raw_edge3_x\[11\],294.25µm
state_machine_inst.state_q\[1\],294.25µm
net473,293.69µm
raw_edge3_x\[14\],292.42µm
net395,292.42µm
raw_edge3_y\[7\],292.06µm
net52,292.06µm
net320,291.6µm
net446,291.5µm
raw_edge3_y\[5\],289.11µm
delay_wave_cycle_y\[0\],288.6µm
raw_edge1_x\[10\],288.6µm
cfg_phase270_offset_y\[12\],288.5µm
delay_wave_cycle_x\[3\],287.99µm
raw_edge2_x\[9\],287.43µm
net152,286.92µm
raw_edge2_y\[14\],286.56µm
raw_edge1_x\[3\],286.36µm
raw_edge1_y\[5\],286.26µm
cfg_f_MEMS_fcw_y\[8\],285.19µm
signal_processor_y_inst.votes_in_phase\[1\],285.05µm
net534,284.83µm
net490,284.68µm
raw_edge2_x\[0\],283.92µm
net489,283.51µm
net380,283.15µm
net66,283.05µm
raw_edge2_y\[9\],283µm
net325,282.95µm
net74,280.66µm
cfg_phase90_offset_x\[2\],279.64µm
cal_timeout_x,279.54µm
_04620_,279.49µm
net458,279.13µm
cfg_f_MEMS_fcw_y\[11\],278.57µm
raw_edge3_x\[10\],278.52µm
_00646_,278.42µm
net501,277.96µm
cfg_f_MEMS_fcw_x\[9\],277.91µm
cfg_phase270_offset_y\[14\],276.79µm
_03153_,276.13µm
net421,275.77µm
net529,275.72µm
raw_edge3_y\[3\],275.26µm
raw_edge2_y\[5\],274.55µm
delay_wave_cycle_x\[2\],274.45µm
net126,273.99µm
net520,273.02µm
cfg_phase270_offset_y\[16\],272.92µm
raw_edge1_x\[12\],272.54µm
_00580_,272.31µm
_01720_,272.21µm
raw_edge2_x\[13\],271.39µm
raw_edge1_y\[7\],271.24µm
net411,271.14µm
delay_wave_cycle_y\[1\],271.09µm
spi_regs_inst.cs_sync\[0\],270.53µm
net516,269.84µm
raw_edge1_y\[16\],269.41µm
raw_edge1_y\[17\],268.95µm
spi_regs_inst.sclk_sync\[0\],268.8µm
raw_edge3_x\[15\],268.44µm
net475,267.78µm
raw_edge3_x\[9\],267.32µm
cfg_phase90_offset_x\[20\],267.22µm
net545,265.94µm
cfg_phase90_offset_y\[18\],265.74µm
raw_edge1_x\[11\],265.59µm
net415,265.59µm
state_machine_inst.state_q\[2\],265.13µm
net309,265.13µm
net310,265.13µm
net594,265.08µm
cal_phase0_offset_x\[1\],265.03µm
net416,264.72µm
net308,264.52µm
net298,263.5µm
raw_edge3_y\[12\],263.35µm
raw_edge3_x\[13\],262.89µm
cfg_phase270_offset_y\[5\],262.18µm
net38,262.18µm
net460,262.13µm
cfg_phase90_offset_y\[16\],261.72µm
net470,261.72µm
cfg_phase90_offset_x\[4\],261.62µm
_00567_,261.21µm
raw_edge2_x\[3\],261.06µm
cfg_phase90_offset_x\[6\],260.5µm
net147,259.68µm
net433,258.51µm
cfg_phase270_offset_y\[9\],258.26µm
net167,257.8µm
cfg_phase90_offset_y\[8\],257.65µm
net300,256.68µm
_00649_,256.58µm
net525,256.5µm
_04654_,256.06µm
raw_edge3_y\[10\],255.71µm
net323,255.71µm
net536,255.15µm
net389,254.44µm
signal_processor_y_inst.votes_out_phase\[0\],254.34µm
cfg_phase270_offset_x\[2\],254.29µm
cfg_phase270_offset_y\[7\],253.83µm
raw_edge2_y\[10\],253.73µm
cfg_f_MEMS_fcw_x\[4\],252.66µm
raw_edge1_y\[8\],252.66µm
net419,251.64µm
net558,251.44µm
signal_processor_y_inst.votes_in_phase\[2\],251.12µm
raw_edge1_x\[18\],250.62µm
net213,250.01µm
_00579_,249.45µm
raw_edge3_x\[16\],248.79µm
_02981_,248.69µm
_01771_,248.67µm
net330,247.21µm
_01899_,246.96µm
cfg_phase270_offset_x\[14\],246.45µm
_01826_,246.19µm
raw_edge1_x\[7\],246.09µm
cal_phase0_offset_y\[1\],245.43µm
raw_edge3_y\[8\],245.43µm
net400,245.43µm
net484,245.33µm
raw_edge1_y\[11\],244.92µm
clknet_leaf_24_clk,244.92µm
clknet_leaf_50_clk,244.92µm
_01590_,244.79µm
_04642_,243.09µm
net544,243.09µm
cfg_phase270_offset_x\[19\],242.91µm
_02627_,242.69µm
net345,242.53µm
net322,241.97µm
net572,241.66µm
raw_edge2_x\[12\],241.61µm
cfg_phase90_offset_y\[13\],241.51µm
_03198_,240.34µm
spi_miso_oe,240.29µm
wave_controller_y_inst.phase_acc\[15\],239.78µm
raw_edge1_x\[17\],239.42µm
net155,238.3µm
raw_edge1_x\[13\],238.15µm
raw_edge3_x\[8\],238.15µm
raw_edge3_y\[17\],238.15µm
signal_processor_x_inst.votes_out_phase\[2\],237.08µm
net610,237.03µm
net552,235.96µm
net431,235.86µm
net313,235.65µm
net535,235.6µm
raw_edge1_x\[1\],235.4µm
cfg_phase270_offset_y\[18\],234.94µm
net61,233.57µm
net508,233.31µm
cal_phase0_offset_x\[0\],233.16µm
_00650_,232.7µm
wave_controller_y_inst.phase_acc\[16\],232.27µm
_01767_,232.16µm
net153,232.09µm
_01758_,232.02µm
net614,231.12µm
signal_processor_y_inst.votes_in_phase\[3\],230.92µm
net538,230.82µm
cfg_f_MEMS_fcw_x\[13\],229.29µm
raw_edge1_x\[15\],228.07µm
delay_wave_cycle_x\[5\],228.02µm
net65,227.71µm
net303,227.1µm
net384,227.05µm
wave_controller_y_inst.phase_acc\[14\],226.39µm
net522,226.03µm
net526,225.98µm
raw_edge3_y\[20\],225.73µm
net55,225.73µm
_00611_,225.32µm
net27,225.32µm
raw_edge1_y\[14\],225.22µm
raw_edge2_y\[8\],225.09µm
net390,224.81µm
_03145_,224.71µm
raw_edge3_y\[18\],224.66µm
net632,224.15µm
spi_regs_inst.mosi_sync\[1\],223.59µm
_01782_,223.08µm
raw_edge1_y\[19\],222.57µm
net631,222.42µm
net539,222.11µm
raw_edge2_x\[20\],222.01µm
_00642_,220.79µm
_03708_,220.69µm
jitter_flag_x,220.18µm
net69,219.57µm
net512,219.16µm
net124,219.11µm
phase_state_y\[0\],219.06µm
net412,218.65µm
_03347_,218.09µm
net625,217.99µm
net586,217.94µm
net495,217.58µm
cfg_phase90_offset_x\[7\],217.43µm
signal_processor_x_inst.votes_in_phase\[3\],216.82µm
net514,216.46µm
_03259_,216.32µm
cfg_phase90_offset_y\[14\],215.24µm
clknet_leaf_43_clk,214.68µm
raw_edge3_x\[17\],214.63µm
_04641_,214.58µm
raw_edge2_x\[11\],214.53µm
net618,213.61µm
net402,213.56µm
cfg_phase270_offset_x\[16\],213µm
net435,212.95µm
_04251_,212.9µm
net341,212.44µm
net436,211.83µm
latch_error_y,211.78µm
net64,211.12µm
clknet_leaf_0_clk,210.86µm
net136,210.56µm
wave_controller_x_inst.phase_acc\[12\],210.4µm
delay_wave_cycle_x\[1\],210.1µm
cfg_f_MEMS_fcw_y\[13\],209.49µm
net592,209.18µm
_03252_,208.98µm
net58,208.98µm
_03753_,208.93µm
_04647_,208.77µm
net399,208.67µm
jitter_flag_y,208.58µm
raw_edge1_y\[12\],208.47µm
raw_edge2_y\[17\],208.37µm
net171,208.37µm
net386,208.06µm
raw_edge3_x\[12\],207.86µm
net363,207.86µm
_02701_,207.76µm
_00676_,207.09µm
cfg_phase270_offset_x\[8\],205.62µm
net437,205.62µm
clknet_leaf_28_clk,204.7µm
_00638_,204.09µm
raw_edge1_x\[14\],204.09µm
net304,203.89µm
net59,202.92µm
_02932_,202.26µm
_03707_,202.26µm
cfg_f_MEMS_fcw_y\[2\],202.26µm
net434,201.8µm
signal_processor_y_inst.votes_in_phase\[0\],201.65µm
net573,201.65µm
_04653_,201.48µm
raw_edge2_y\[4\],201.39µm
net401,201.29µm
net579,201.24µm
cfg_phase270_offset_x\[15\],200.68µm
cfg_phase270_offset_x\[18\],200.68µm
net568,200.68µm
cfg_phase270_offset_y\[19\],200.63µm
raw_edge2_x\[17\],200.53µm
spi_regs_inst.reg_wr_data\[6\],200.53µm
clknet_leaf_36_clk,200.17µm
_03075_,200.02µm
raw_edge1_y\[10\],199µm
net626,198.49µm
cfg_phase270_offset_x\[17\],197.83µm
clknet_leaf_10_clk,197.42µm
raw_edge3_y\[13\],196.76µm
_00644_,196.71µm
net629,196.71µm
_03132_,196.56µm
cfg_f_MEMS_fcw_y\[12\],196.56µm
clknet_leaf_2_clk,196.3µm
raw_edge1_x\[19\],196.25µm
net634,196.2µm
net324,195.79µm
net600,195.79µm
net509,195.54µm
net39,195.49µm
raw_edge3_y\[4\],195.08µm
net542,195.08µm
net179,194.98µm
clknet_leaf_18_clk,194.72µm
_02130_,194.42µm
_04242_,194.42µm
net633,194.06µm
raw_edge3_x\[7\],193.86µm
_00612_,193.81µm
_01722_,193.81µm
clknet_leaf_57_clk,193.55µm
cfg_phase270_offset_x\[3\],192.89µm
_00637_,192.43µm
net623,191.21µm
raw_edge1_x\[0\],191.16µm
net637,191.16µm
clknet_leaf_42_clk,190.75µm
net575,190.6µm
net601,190.09µm
cfg_phase270_offset_x\[20\],189.99µm
net366,189.94µm
clknet_leaf_9_clk,189.48µm
cfg_f_MEMS_fcw_y\[4\],189.38µm
_00824_,189.28µm
signal_processor_x_inst.votes_in_phase\[0\],188.82µm
_01778_,188.72µm
net376,188.51µm
net196,188.46µm
clknet_leaf_45_clk,188.26µm
wave_controller_x_inst.phase_acc\[11\],188.18µm
raw_edge2_x\[16\],187.7µm
_02925_,187.65µm
net301,187.6µm
net70,187.5µm
net414,187.29µm
clknet_leaf_8_clk,187.29µm
clknet_leaf_23_clk,187.24µm
_04629_,187.19µm
net289,187.14µm
cfg_phase90_offset_y\[10\],186.58µm
net563,186.58µm
cfg_f_MEMS_fcw_y\[9\],186.02µm
clknet_leaf_47_clk,185.71µm
wave_controller_x_inst.phase_acc\[8\],185.61µm
net527,185.51µm
_03235_,185.41µm
_02016_,185.36µm
_01178_,185.15µm
_01785_,185.15µm
net581,185.15µm
net472,184.85µm
_02196_,184.46µm
_01765_,184.34µm
_04582_,184.29µm
_00614_,183.83µm
net182,183.27µm
net292,183.17µm
_00639_,182.91µm
net510,182.71µm
net605,182.66µm
net406,182.15µm
net42,182.05µm
raw_edge3_y\[11\],181.69µm
net211,181.54µm
_00570_,181.18µm
clknet_leaf_14_clk,181.18µm
clknet_leaf_48_clk,181.18µm
net556,181.08µm
_02145_,181.03µm
net170,180.42µm
net543,180.42µm
net266,179.96µm
raw_edge1_y\[6\],179.81µm
raw_edge2_y\[12\],179.81µm
net487,179.45µm
clknet_leaf_49_clk,179.25µm
_01786_,178.94µm
net609,178.89µm
clknet_leaf_53_clk,178.89µm
clknet_leaf_21_clk,178.79µm
net622,178.43µm
_00597_,178.18µm
clknet_leaf_27_clk,178.18µm
cfg_f_MEMS_fcw_y\[6\],178.13µm
phase_state_x\[0\],178.13µm
_01761_,177.82µm
_01342_,177.62µm
raw_edge2_y\[13\],177.62µm
net493,176.8µm
net344,176.65µm
_03160_,176.55µm
net223,176.45µm
spi_regs_inst.cs_n_sync,176.4µm
net403,175.78µm
_03088_,175.48µm
net585,175.43µm
net209,175.38µm
net379,175.38µm
clknet_leaf_26_clk,175.07µm
net517,174.87µm
clknet_leaf_54_clk,174.82µm
net288,174.26µm
net169,173.8µm
net271,173.6µm
wave_controller_x_inst.phase_acc\[16\],173.39µm
net227,173.29µm
net432,173.19µm
net462,173.14µm
_01339_,172.78µm
_02782_,172.58µm
_00626_,172.53µm
net343,172.32µm
net347,172.17µm
raw_edge3_x\[18\],172.07µm
clknet_leaf_56_clk,171.71µm
clknet_leaf_22_clk,171.2µm
clknet_leaf_11_clk,171.1µm
_02868_,171µm
net160,170.85µm
_00645_,170.34µm
net576,170.03µm
net583,169.83µm
_04408_,169.78µm
_01834_,169.37µm
cfg_phase270_offset_x\[5\],169.27µm
net378,168.91µm
clknet_leaf_30_clk,168.86µm
net181,168.76µm
_03338_,168.66µm
wave_controller_x_inst.capture_pending,168.4µm
clknet_leaf_25_clk,168.35µm
net597,168.25µm
analog[1],167.91µm
_04557_,167.59µm
cfg_f_MEMS_fcw_x\[1\],167.49µm
clknet_leaf_46_clk,167.13µm
net547,166.98µm
net361,166.52µm
_03147_,165.86µm
_03149_,165.57µm
net604,165.45µm
_00714_,165.4µm
net252,165.35µm
cfg_f_MEMS_fcw_y\[15\],165.25µm
wave_controller_x_inst.phase_acc\[5\],164.84µm
net242,164.84µm
_02873_,164.79µm
net188,164.69µm
net554,164.33µm
net81,163.72µm
_04162_,163.57µm
wave_controller_x_inst.phase_acc\[13\],163.16µm
clknet_leaf_19_clk,163.16µm
_03110_,163.11µm
net607,163.06µm
net566,162.6µm
wave_controller_x_inst.phase_acc\[17\],162.55µm
net231,162.55µm
state_machine_inst.state_q\[0\],162.4µm
net237,161.99µm
net259,161.94µm
clknet_leaf_12_clk,161.58µm
net198,161.57µm
net616,161.48µm
clknet_leaf_5_clk,161.02µm
clknet_leaf_20_clk,160.92µm
net45,160.82µm
cfg_f_MEMS_fcw_x\[11\],160.31µm
_01546_,160.26µm
cfg_f_MEMS_fcw_x\[12\],160.26µm
cfg_phase90_offset_y\[11\],160.16µm
net385,160.05µm
cfg_f_MEMS_fcw_y\[0\],159.8µm
net178,159.6µm
net557,159.34µm
cfg_phase270_offset_x\[6\],159.19µm
net276,159.14µm
_01192_,159.09µm
net346,158.73µm
net307,158.63µm
_02741_,158.58µm
cfg_phase270_offset_x\[1\],158.58µm
net245,158.58µm
clknet_leaf_39_clk,158.17µm
_00004_,157.97µm
_00607_,157.97µm
_04623_,157.92µm
clknet_leaf_17_clk,157.61µm
raw_edge3_x\[20\],157.46µm
net197,157.46µm
_03943_,157.1µm
raw_edge2_x\[18\],157µm
raw_edge1_y\[18\],156.9µm
net580,156.9µm
net281,156.85µm
_00584_,156.49µm
net109,156.44µm
net274,156.39µm
cfg_phase90_offset_x\[0\],156.29µm
net602,155.93µm
net264,155.88µm
net482,155.73µm
clknet_leaf_31_clk,155.32µm
cfg_phase270_offset_y\[15\],155.27µm
cfg_phase90_offset_x\[5\],154.66µm
net275,154.56µm
net258,154.15µm
net340,154.15µm
net190,154.1µm
clknet_leaf_41_clk,153.59µm
_04087_,152.93µm
net612,152.93µm
_03254_,152.88µm
clknet_leaf_32_clk,152.62µm
_00823_,152.42µm
net577,152.42µm
_01719_,152.04µm
_04248_,151.96µm
raw_edge2_y\[6\],151.96µm
net176,151.91µm
_01190_,151.81µm
latch_error_x,151.81µm
net284,151.3µm
phase_state_x\[1\],151.2µm
_00596_,150.89µm
_02860_,150.74µm
_03116_,150.74µm
_01897_,150.64µm
net488,150.23µm
_02871_,150.18µm
_03165_,150.08µm
_01838_,149.77µm
spi_regs_inst.reg_wr_addr\[0\],149.67µm
_01361_,149.52µm
_02129_,149.16µm
wave_controller_y_inst.phase_acc\[3\],149.16µm
raw_edge1_y\[13\],149.11µm
clknet_leaf_3_clk,148.65µm
clknet_leaf_16_clk,148.65µm
cfg_phase90_offset_x\[13\],148.6µm
net80,148.6µm
wave_controller_x_inst.phase_acc\[10\],148.55µm
_03175_,148.5µm
net183,148.45µm
_03142_,148.4µm
net513,147.43µm
net388,147.38µm
cfg_phase90_offset_y\[17\],147.33µm
_01875_,147.28µm
net387,147.07µm
net405,146.92µm
net348,146.31µm
net359,146.26µm
_01702_,146.21µm
_03148_,146.16µm
net290,145.8µm
signal_processor_x_inst.comp_sync,145.75µm
_03114_,145.65µm
_02957_,145.62µm
_00573_,145.24µm
_01751_,145.24µm
clknet_leaf_51_clk,145.24µm
net559,145.19µm
_01196_,145.14µm
_03074_,145.04µm
_03871_,144.68µm
_03193_,144.58µm
net60,144.53µm
net608,144.07µm
net240,144.02µm
net352,143.61µm
net317,143.46µm
net222,143.36µm
clknet_leaf_6_clk,143.2µm
_02705_,142.95µm
_02723_,142.95µm
signal_processor_x_inst.votes_in_phase\[1\],142.9µm
_03194_,142.77µm
clknet_leaf_29_clk,142.54µm
net598,142.44µm
raw_edge3_x\[19\],142.39µm
net199,142.39µm
net587,142.39µm
net273,142.34µm
net555,141.93µm
net589,141.93µm
net396,141.83µm
cfg_phase90_offset_y\[20\],141.78µm
clknet_leaf_13_clk,141.47µm
net195,141.27µm
_04471_,141.22µm
_03047_,140.93µm
net248,140.81µm
wave_controller_x_inst.phase_acc\[7\],140.76µm
_02727_,140.61µm
net550,140.35µm
net511,140.3µm
net531,140.3µm
wave_controller_y_inst.phase_acc\[4\],140.2µm
_02875_,140.15µm
_01116_,140.05µm
signal_processor_x_inst.votes_in_phase\[2\],140.05µm
_02973_,139.88µm
_02718_,139.59µm
_01901_,139.49µm
_02013_,139.03µm
_04178_,138.98µm
net244,138.98µm
clknet_leaf_15_clk,138.98µm
net319,138.93µm
net277,138.89µm
_02982_,138.65µm
_00632_,138.47µm
wave_controller_y_inst.phase_acc\[6\],138.47µm
_01886_,138.42µm
net200,138.42µm
net257,138.42µm
net562,138.01µm
net318,137.86µm
_01859_,137.4µm
cfg_phase270_offset_x\[0\],137.25µm
cfg_done,136.89µm
net256,136.84µm
net636,136.84µm
net331,136.69µm
net569,136.69µm
wave_controller_y_inst.phase_acc\[13\],136.64µm
_01764_,136.28µm
net269,136.23µm
_00630_,136.18µm
net537,136.18µm
_01862_,136.08µm
clknet_leaf_55_clk,135.92µm
net565,135.72µm
net159,135.67µm
wave_controller_y_inst.phase_acc\[12\],135.06µm
net218,135.01µm
_04651_,134.96µm
_00633_,134.7µm
_00582_,134.6µm
net191,134.5µm
net220,134.5µm
clknet_leaf_1_clk,134.24µm
_01358_,133.99µm
_04626_,133.89µm
cfg_phase90_offset_x\[1\],133.89µm
wave_controller_x_inst.wave_cycle_cnt\[7\],133.48µm
net591,133.48µm
net549,132.97µm
net321,132.92µm
net599,132.92µm
clknet_leaf_40_clk,132.92µm
_02929_,132.87µm
_03081_,132.82µm
_01747_,132.77µm
spi_regs_inst.sclk_sync\[1\],132.77µm
cal_dir_y,132.26µm
_01357_,131.85µm
clknet_leaf_52_clk,131.8µm
cfg_phase270_offset_y\[20\],131.75µm
wave_controller_y_inst.phase_acc\[0\],131.75µm
net157,131.7µm
net168,131.7µm
net175,131.7µm
_04617_,131.6µm
_04011_,131.24µm
net210,131.19µm
cfg_f_MEMS_fcw_x\[7\],131.09µm
_03069_,130.53µm
_01853_,130.07µm
_02470_,129.92µm
_03174_,129.46µm
cfg_phase90_offset_x\[12\],129.41µm
_00634_,128.95µm
_02268_,128.9µm
net205,128.34µm
net224,128.34µm
net246,128.29µm
net249,128.29µm
net590,127.88µm
net267,127.78µm
_01763_,127.27µm
net217,127.22µm
net561,127.22µm
clknet_leaf_58_clk,127.17µm
net339,126.96µm
net377,126.71µm
net166,126.61µm
net207,126.2µm
net280,126.05µm
net532,125.69µm
_00631_,125.59µm
_01820_,125.59µm
net254,125.59µm
_00589_,125.03µm
net203,124.98µm
net243,124.98µm
net89,124.93µm
wave_controller_x_inst.phase_acc\[9\],124.67µm
net494,124.57µm
net615,124.47µm
_01760_,124.42µm
net312,124.37µm
wave_controller_y_inst.phase_acc\[10\],124.19µm
net603,124.06µm
clknet_leaf_34_clk,123.91µm
_01757_,123.86µm
_03202_,123.81µm
raw_edge2_x\[19\],123.45µm
wave_controller_x_inst.wave_cycle_cnt\[4\],123.35µm
net332,123.35µm
_02766_,123.25µm
_03223_,123.1µm
net570,122.84µm
net279,122.74µm
_01147_,122.69µm
net627,122.33µm
_01756_,122.26µm
_04241_,122.18µm
net193,122.18µm
net260,122.18µm
_02966_,122.13µm
net362,122.13µm
cfg_phase90_offset_y\[19\],121.67µm
_00740_,121.57µm
net355,121.26µm
net567,121.16µm
_02335_,121.01µm
_02923_,120.96µm
net72,120.96µm
_01900_,120.6µm
_02747_,120.5µm
_04410_,120.5µm
net564,120.5µm
net236,120.45µm
spi_regs_inst.spi_addr\[2\],119.94µm
_00590_,119.89µm
_01725_,119.84µm
_01611_,119.48µm
net215,119.48µm
_00941_,119.33µm
_02014_,119.33µm
raw_edge1_y\[9\],118.92µm
raw_edge3_y\[9\],118.87µm
spi_regs_inst.spi_addr\[3\],118.87µm
_03184_,118.86µm
_00591_,118.82µm
_01770_,118.82µm
net221,118.82µm
_03135_,118.77µm
_02843_,118.26µm
cfg_f_MEMS_fcw_x\[10\],118.26µm
net185,118.26µm
net98,118.21µm
_02917_,118.16µm
net216,118.16µm
clknet_leaf_38_clk,117.8µm
net232,117.7µm
net48,117.65µm
net201,117.65µm
net82,117.6µm
raw_edge1_y\[15\],117.24µm
_02643_,117.04µm
net235,117.04µm
_02945_,116.68µm
net108,116.68µm
clknet_leaf_33_clk,116.63µm
_01177_,116.48µm
_02738_,116.48µm
raw_edge3_y\[16\],116.22µm
cfg_f_MEMS_fcw_x\[5\],116.2µm
net40,115.97µm
_03062_,115.92µm
net278,115.51µm
_01183_,115.46µm
clknet_leaf_4_clk,115.46µm
_02783_,115.34µm
wave_controller_x_inst.phase_acc\[1\],115.05µm
_00598_,114.95µm
net523,114.95µm
_01811_,114.9µm
net251,114.9µm
wave_controller_y_inst.phase_acc\[1\],114.39µm
_00619_,114.34µm
_00613_,114.29µm
net392,113.98µm
wave_controller_x_inst.wave_cycle_cnt\[5\],113.83µm
net241,113.68µm
wave_controller_x_inst.phase_acc\[0\],113.37µm
net272,113.32µm
net214,113.17µm
_01594_,113.12µm
_00572_,112.71µm
_02405_,112.71µm
_01562_,112.2µm
_01132_,112.1µm
_03314_,112.1µm
net467,112.05µm
_03072_,112µm
_00628_,111.69µm
_00701_,111.69µm
net212,111.64µm
_01773_,111.54µm
spi_regs_inst.rx_shift\[5\],111.54µm
net315,111.26µm
raw_edge2_y\[16\],111.08µm
net239,111.08µm
raw_edge2_x\[7\],111.03µm
wave_controller_y_inst.phase_acc\[9\],111.03µm
_03205_,110.98µm
_02367_,110.93µm
net85,110.93µm
net314,110.93µm
_03197_,110.88µm
net335,110.88µm
wave_controller_x_inst.phase_acc\[20\],110.42µm
wave_controller_y_inst.phase_acc\[17\],110.37µm
_00636_,110.32µm
net349,110.16µm
_02267_,109.81µm
_01797_,109.6µm
_01836_,109.3µm
net30,109.2µm
net226,108.84µm
clknet_leaf_7_clk,108.84µm
signal_processor_x_inst.votes_out_phase\[0\],108.74µm
_01588_,108.71µm
_00756_,108.33µm
net270,108.18µm
_02969_,108.13µm
_02968_,108.08µm
_03105_,108.08µm
cfg_f_MEMS_fcw_x\[3\],107.72µm
net302,107.67µm
_03508_,107.62µm
_01270_,107.57µm
net225,107.16µm
_01772_,107.06µm
_02330_,107.06µm
_03097_,107.06µm
_03128_,107.01µm
wave_controller_y_inst.phase_acc\[5\],106.6µm
_00566_,106.55µm
net588,106.55µm
net261,106.45µm
net533,106.14µm
net338,106.09µm
net121,105.94µm
net263,105.94µm
_00640_,105.43µm
_00595_,105.38µm
_01925_,105.33µm
raw_edge3_y\[14\],105.33µm
net293,105.28µm
_02711_,104.95µm
_01554_,104.92µm
_00609_,104.87µm
_02158_,104.87µm
net262,104.87µm
net268,104.87µm
net582,104.82µm
_02494_,104.72µm
_00737_,104.61µm
_04247_,104.51µm
clknet_leaf_35_clk,104.41µm
_00770_,104.31µm
_03243_,104.16µm
net35,104.16µm
_03331_,103.75µm
net174,103.7µm
_04554_,103.65µm
net368,103.65µm
_02046_,103.6µm
_02869_,103.6µm
_03249_,103.6µm
net29,103.36µm
_01753_,103.29µm
raw_edge1_y\[4\],103.19µm
_03038_,103.14µm
net140,103.09µm
wave_controller_y_inst.phase_acc\[8\],102.96µm
net628,102.68µm
_00599_,102.63µm
_00691_,102.58µm
_01814_,102.58µm
_01830_,102.58µm
net32,102.58µm
net71,102.58µm
_03204_,102.53µm
clknet_leaf_44_clk,102.22µm
_01480_,102.12µm
wave_controller_x_inst.wave_cycle_cnt\[6\],102.12µm
cfg_phase90_offset_x\[14\],102.02µm
_03626_,101.92µm
_00752_,101.69µm
net233,101.46µm
_01812_,101.41µm
phase_state_y\[1\],101.41µm
_03182_,101.36µm
net86,101.36µm
net33,101.3µm
_00821_,101µm
_00716_,100.85µm
_01263_,100.8µm
_02346_,100.8µm
raw_edge1_x\[6\],100.39µm
wave_controller_y_inst.capture_step\[2\],100.39µm
net83,100.24µm
net31,99.98µm
_00608_,99.96µm
_01895_,99.88µm
_00703_,99.78µm
_02974_,99.68µm
net24,99.17µm
_00712_,98.71µm
_01809_,98.71µm
_01630_,98.66µm
cfg_phase90_offset_x\[10\],98.66µm
_02409_,98.15µm
net206,98.1µm
_02366_,98µm
_02885_,97.54µm
net234,97.54µm
mems_drv_y,97.49µm
_03209_,97.44µm
_03239_,97.44µm
signal_processor_x_inst.votes_out_phase\[3\],97.44µm
_00585_,97.08µm
_01872_,96.98µm
_01815_,96.47µm
cfg_phase270_offset_y\[17\],96.37µm
cfg_phase270_offset_x\[11\],96.32µm
net93,96.09µm
spi_regs_inst.rx_shift\[0\],95.96µm
_00767_,95.86µm
net28,95.81µm
net247,95.25µm
_01833_,94.79µm
_01839_,94.69µm
_04088_,94.69µm
net95,94.69µm
net408,94.33µm
_01194_,94.08µm
net230,93.67µm
net208,93.62µm
_03024_,93.57µm
signal_processor_x_inst.votes_out_phase\[1\],93.52µm
net351,93.26µm
net255,93.21µm
_03201_,93.16µm
_03095_,93.11µm
cfg_phase270_offset_x\[12\],93.11µm
_01800_,93.06µm
read_en,93.06µm
_02964_,93.01µm
net228,92.55µm
net192,92.4µm
_00726_,92.09µm
raw_edge3_y\[15\],92.04µm
net283,91.94µm
net99,91.89µm
_02785_,91.61µm
wave_controller_x_inst.phase_acc\[4\],91.53µm
_00944_,91.43µm
_01766_,91.43µm
net96,90.92µm
net619,90.92µm
_00763_,90.87µm
cfg_phase270_offset_x\[9\],90.87µm
_03237_,90.82µm
spi_miso,90.77µm
_00615_,90.31µm
_00643_,90.31µm
_00956_,90.31µm
_01096_,90.26µm
_01779_,90.26µm
_04669_,90.26µm
_01595_,90.21µm
net253,90.21µm
wave_controller_x_inst.phase_acc\[6\],89.95µm
wave_controller_x_inst.wave_cycle_cnt\[1\],89.9µm
net306,89.75µm
net611,89.75µm
net635,89.34µm
_00754_,89.14µm
_01568_,89.14µm
_01328_,89.04µm
net365,88.68µm
_04555_,88.63µm
net375,88.58µm
_01819_,88.48µm
_03487_,88.48µm
net204,88.02µm
net265,88.02µm
_00745_,87.97µm
wave_controller_y_inst.phase_acc\[11\],87.97µm
_01108_,87.92µm
_00635_,87.56µm
_00755_,87.51µm
_01843_,87.41µm
_03942_,87.36µm
spi_regs_inst.spi_state,87µm
_03112_,86.85µm
_00594_,86.8µm
_02696_,86.8µm
_00765_,86.44µm
_01842_,86.39µm
_00810_,86.34µm
net229,86.29µm
_02506_,86.24µm
delay_wave_cycle_y\[6\],85.88µm
net177,85.83µm
net299,85.83µm
net20,85.73µm
_00602_,85.42µm
_03819_,85.37µm
cfg_phase90_offset_x\[9\],85.32µm
_00604_,85.22µm
_01816_,85.22µm
_00743_,85.17µm
_02801_,85.12µm
_01718_,84.76µm
_03558_,84.66µm
_03124_,84.56µm
_01841_,84.15µm
_02630_,84.14µm
_00648_,84.05µm
_00673_,84.05µm
_00689_,84.05µm
_02629_,84.05µm
_03324_,84.05µm
spi_regs_inst.reg_wr_addr\[2\],84.05µm
_03217_,84µm
signal_processor_y_inst.votes_out_phase\[1\],84µm
net357,83.69µm
_02710_,83.54µm
_00564_,83.49µm
_00811_,83.49µm
cfg_f_MEMS_fcw_y\[3\],83.49µm
cfg_phase270_offset_x\[10\],83.49µm
_00954_,83.44µm
net50,83.03µm
_01648_,82.98µm
signal_processor_y_inst.votes_out_phase\[2\],82.88µm
net606,82.47µm
_00736_,82.42µm
_01823_,82.42µm
raw_edge1_y\[20\],82.42µm
net370,82.42µm
_02238_,82.32µm
_02930_,82.32µm
_00651_,81.91µm
_01874_,81.86µm
_03059_,81.81µm
_03189_,81.81µm
net354,81.81µm
_03406_,81.76µm
_04220_,81.76µm
_00569_,81.3µm
_03339_,81.25µm
_03638_,81.25µm
_04393_,81.2µm
_00753_,80.79µm
_01750_,80.79µm
net173,80.74µm
_02165_,80.64µm
_02507_,80.64µm
_03435_,80.64µm
net87,80.64µm
net219,80.18µm
_03421_,80.13µm
_00960_,79.62µm
_03230_,79.62µm
_04235_,79.57µm
_01835_,79.52µm
_02111_,79.52µm
_03063_,79.52µm
delay_wave_cycle_y\[4\],79.01µm
_02045_,78.96µm
_04033_,78.96µm
_02694_,78.45µm
_02764_,78.45µm
_01612_,78.4µm
_02472_,78.4µm
_02724_,78.4µm
net135,78.4µm
net326,78.4µm
wave_controller_x_inst.phase_acc\[2\],78.09µm
_01330_,78.04µm
_03653_,78.04µm
_02679_,77.99µm
_01591_,77.89µm
_03077_,77.89µm
_03319_,77.89µm
_03509_,77.89µm
net97,77.89µm
net130,77.89µm
net202,77.89µm
_01377_,77.84µm
wave_controller_y_inst.wave_cycle_cnt\[4\],77.43µm
_00620_,77.38µm
_03234_,77.33µm
_04463_,77.33µm
net88,77.28µm
net128,77.28µm
net129,77.28µm
_03221_,76.92µm
_03754_,76.92µm
net63,76.92µm
net137,76.92µm
_03644_,76.87µm
_02941_,76.82µm
_03336_,76.72µm
_03281_,76.26µm
cfg_f_MEMS_fcw_x\[0\],76.21µm
_02491_,75.75µm
spi_regs_inst.reg_wr_addr\[1\],75.7µm
_00016_,75.65µm
_02603_,75.65µm
_02728_,75.65µm
_04461_,75.65µm
_01197_,75.6µm
net107,75.6µm
_04581_,75.34µm
raw_edge2_y\[18\],75.19µm
_02733_,75.09µm
wave_controller_x_inst.wave_cycle_cnt\[2\],75.09µm
_03117_,75.04µm
_04070_,75.04µm
_00966_,74.73µm
_00965_,74.58µm
_01745_,74.58µm
_03068_,74.58µm
_02971_,74.53µm
_01641_,74.48µm
_03087_,74.48µm
_00601_,74.07µm
raw_edge1_x\[4\],74.07µm
_01077_,73.97µm
_02607_,73.97µm
_04307_,73.97µm
_02830_,73.92µm
net23,73.92µm
_03526_,73.71µm
_00593_,73.69µm
spi_regs_inst.spi_addr\[0\],73.56µm
_01788_,73.41µm
_01866_,73.41µm
_04082_,73.41µm
_02878_,73.36µm
phase_offset_imported,73.36µm
spi_regs_inst.spi_addr\[4\],73.1µm
_02624_,73.05µm
_00699_,72.9µm
_00845_,72.85µm
_01101_,72.85µm
_02263_,72.85µm
net133,72.85µm
_03079_,72.8µm
net131,72.8µm
net138,72.8µm
_03066_,72.34µm
_01776_,72.29µm
_03162_,72.29µm
wave_controller_x_inst.phase_acc\[3\],71.88µm
_01768_,71.83µm
_01831_,71.78µm
net593,71.78µm
_01373_,71.73µm
_00980_,71.32µm
_01822_,71.32µm
_00729_,71.27µm
net186,71.22µm
_02413_,71.17µm
cfg_f_MEMS_fcw_x\[14\],71.17µm
_00583_,71.12µm
_01628_,71.12µm
_02173_,71.12µm
signal_processor_y_inst.comp_sync,71.12µm
net144,71.12µm
delay_wave_cycle_y\[3\],70.81µm
_00749_,70.76µm
spi_regs_inst.reg_wr_addr\[3\],70.76µm
_00803_,70.66µm
_01748_,70.66µm
_00586_,70.61µm
_01817_,70.61µm
_01863_,70.61µm
_04232_,70.61µm
net311,70.38µm
_00801_,70.15µm
_02927_,70.1µm
cfg_f_MEMS_fcw_x\[8\],70µm
_01338_,69.59µm
net342,69.54µm
_00592_,69.44µm
wave_controller_y_inst.wave_cycle_cnt\[1\],69.13µm
_00697_,69.03µm
_01413_,69.03µm
_03139_,69.03µm
_00571_,68.98µm
_04077_,68.93µm
_03932_,68.88µm
_01072_,68.52µm
_04409_,68.52µm
raw_edge2_y\[1\],68.42µm
_01152_,68.37µm
_03821_,68.37µm
raw_edge2_x\[5\],68.37µm
_01181_,68.32µm
_03964_,67.86µm
_00826_,67.81µm
_03992_,67.81µm
_02706_,67.76µm
_02959_,67.76µm
_00822_,67.45µm
_03481_,67.3µm
_04254_,67.3µm
_00621_,67.25µm
_00799_,67.25µm
_01769_,67.25µm
_02849_,67.25µm
net132,67.25µm
_01864_,67.2µm
_03627_,67.2µm
wave_controller_y_inst.phase_acc\[2\],66.84µm
_00647_,66.79µm
net106,66.74µm
_02702_,66.69µm
_03335_,66.69µm
_01566_,66.64µm
_03089_,66.64µm
net141,66.64µm
_03915_,66.23µm
net372,66.23µm
spi_regs_inst.rx_shift\[4\],66.18µm
_02108_,66.13µm
_02520_,66.13µm
_01113_,66.08µm
_03649_,66.08µm
_04015_,66.08µm
_04600_,66.08µm
_00777_,65.67µm
net367,65.67µm
_00833_,65.62µm
net356,65.57µm
_02136_,65.52µm
_02960_,65.52µm
_03242_,65.52µm
_04532_,65.52µm
_00574_,65.11µm
raw_edge2_x\[2\],65.11µm
wave_controller_y_inst.phase_acc\[18\],65.06µm
net336,65.06µm
_02891_,65.01µm
_02237_,64.96µm
_02642_,64.96µm
net145,64.96µm
net369,64.6µm
_01829_,64.55µm
net358,64.5µm
net143,64.45µm
_03140_,64.4µm
net353,64.4µm
_03317_,64.04µm
net305,63.94µm
net382,63.94µm
_01280_,63.89µm
_01780_,63.89µm
_01840_,63.89µm
_00858_,63.48µm
_04635_,63.38µm
_02721_,63.33µm
net21,63.33µm
_03049_,63.28µm
net139,63.28µm
_00828_,62.87µm
wave_controller_y_inst.phase_acc\[7\],62.82µm
net333,62.82µm
_04216_,62.72µm
net134,62.72µm
_02163_,62.51µm
net374,62.31µm
_03873_,62.26µm
_00758_,62.21µm
_03543_,62.16µm
_02049_,61.75µm
_02852_,61.7µm
_00973_,61.65µm
_03561_,61.65µm
net282,61.6µm
signal_processor_y_inst.cycle_count\[0\],61.34µm
_00968_,61.09µm
_01275_,61.09µm
_02381_,61.04µm
_01129_,60.76µm
_04407_,60.58µm
_02220_,60.53µm
_02703_,60.53µm
wave_controller_x_inst.phase_acc\[14\],60.53µm
_01825_,60.48µm
_02939_,60.48µm
_03631_,60.48µm
net103,60.48µm
_02953_,60.02µm
_00800_,59.97µm
raw_edge1_y\[3\],59.97µm
raw_edge2_x\[6\],59.97µm
net238,59.97µm
net491,59.97µm
_01799_,59.92µm
_03060_,59.92µm
_00751_,59.56µm
net90,59.56µm
net560,59.46µm
_00827_,59.41µm
_01091_,59.41µm
_01121_,59.41µm
_01616_,59.41µm
_04609_,59.41µm
_00951_,59.36µm
_02740_,59.36µm
_00766_,59µm
_00786_,58.95µm
_00672_,58.9µm
_01915_,58.9µm
_01324_,58.85µm
_01856_,58.85µm
_01935_,58.85µm
_02539_,58.85µm
_01182_,58.8µm
_01629_,58.8µm
_02936_,58.8µm
_04660_,58.8µm
_00012_,58.29µm
_01871_,58.29µm
_03611_,58.29µm
_02903_,58.24µm
_03157_,58.24µm
net194,58.24µm
_04239_,57.88µm
latch_phase90_y,57.78µm
_00757_,57.73µm
_00829_,57.73µm
_02074_,57.73µm
_04540_,57.73µm
spi_regs_inst.rx_shift\[2\],57.73µm
_01080_,57.68µm
_01162_,57.68µm
_03076_,57.68µm
_00705_,57.32µm
_00678_,57.22µm
_02028_,57.22µm
_03258_,57.22µm
_01343_,57.17µm
_02380_,57.17µm
_03015_,57.17µm
_04005_,57.17µm
_04358_,57.17µm
net373,57.17µm
_01134_,57.12µm
_01266_,57.12µm
_03275_,57.12µm
_03619_,57.12µm
_01700_,56.76µm
raw_edge2_y\[3\],56.71µm
_00693_,56.66µm
_02448_,56.66µm
_04158_,56.66µm
latch_phase90_x,56.66µm
_00747_,56.61µm
_02900_,56.61µm
spi_regs_inst.rx_shift\[1\],56.61µm
_01908_,56.56µm
_02835_,56.56µm
_02926_,56.56µm
_04315_,56.56µm
cfg_phase90_offset_x\[8\],56.15µm
_01281_,56.05µm
_03469_,56µm
_03084_,55.63µm
net84,55.54µm
net334,55.54µm
_03050_,55.49µm
_00895_,54.98µm
_04308_,54.98µm
net56,54.98µm
_00942_,54.93µm
_01849_,54.93µm
_03061_,54.93µm
_04135_,54.93µm
_02698_,54.88µm
_02116_,54.52µm
_02118_,54.47µm
_01160_,54.32µm
net142,54.32µm
signal_processor_x_inst.s90,53.86µm
_00695_,53.81µm
_02468_,53.81µm
_03562_,53.81µm
_01701_,53.25µm
_02082_,53.25µm
_02552_,53.25µm
_02856_,53.2µm
_01323_,52.84µm
_00802_,52.74µm
_00962_,52.74µm
_02623_,52.74µm
_01598_,52.69µm
_01774_,52.69µm
_02193_,52.69µm
net316,52.69µm
_03082_,52.36µm
wave_controller_y_inst.wave_cycle_cnt\[5\],52.33µm
_02563_,52.18µm
_00943_,52.13µm
_01587_,52.13µm
_02467_,52.13µm
_02948_,52.13µm
_02176_,52.08µm
_02370_,52.08µm
_03020_,52.08µm
_03222_,52.08µm
_00727_,51.82µm
net364,51.72µm
_00830_,51.67µm
raw_edge2_y\[11\],51.67µm
_04550_,51.62µm
_04592_,51.62µm
_01560_,51.57µm
_02978_,51.52µm
_03071_,51.52µm
_03929_,51.52µm
wave_controller_y_inst.wave_cycle_cnt\[3\],51.26µm
_00707_,51.11µm
_01356_,51.06µm
_01399_,51.06µm
net77,51.06µm
_01173_,50.96µm
_02000_,50.6µm
_02022_,50.55µm
spi_regs_inst.spi_addr\[5\],50.55µm
_01136_,50.5µm
_01397_,50.5µm
_03542_,50.5µm
_01122_,50.45µm
_01664_,50.45µm
_02503_,50.45µm
_03055_,50.4µm
_00789_,50.22µm
_03865_,49.99µm
signal_processor_y_inst.s90_pipe\[3\],49.99µm
_02352_,49.94µm
_02644_,49.94µm
_04458_,49.94µm
_00746_,49.89µm
_02128_,49.84µm
_00603_,49.53µm
_03391_,49.43µm
_00838_,49.38µm
_00947_,49.38µm
_02184_,49.33µm
_03393_,49.33µm
_02487_,49.28µm
_02707_,49.28µm
_02717_,49.28µm
_02726_,49.28µm
_02837_,49.28µm
_01781_,48.87µm
_01420_,48.82µm
_01907_,48.82µm
raw_edge2_y\[2\],48.82µm
_00855_,48.77µm
_00979_,48.77µm
_02699_,48.77µm
_03587_,48.77µm
_02273_,48.72µm
_03137_,48.72µm
_01894_,48.31µm
_01570_,48.26µm
_01551_,48.21µm
net146,48.21µm
net578,48.21µm
net584,48.21µm
_02811_,48.16µm
_01355_,47.65µm
_00957_,47.19µm
_00948_,47.14µm
_01636_,47.14µm
net67,47.14µm
_02160_,47.09µm
_02867_,47.09µm
_00679_,46.73µm
_03422_,46.58µm
_01226_,46.53µm
_03043_,46.53µm
_03486_,46.53µm
net92,46.53µm
net104,46.48µm
_00759_,46.17µm
_03403_,46.17µm
_02779_,46.12µm
net127,46.12µm
_00654_,45.97µm
_03478_,45.97µm
_04529_,45.97µm
_02543_,45.92µm
_03994_,45.92µm
_01755_,45.46µm
_02080_,45.46µm
_03870_,45.46µm
_01699_,45.41µm
_02714_,45.41µm
_02850_,45.41µm
_03032_,45.41µm
_03921_,45.41µm
net53,45.41µm
_01783_,45.36µm
_03993_,45.36µm
_01191_,45.13µm
_00730_,45µm
_01206_,44.9µm
signal_processor_x_inst.s90_pipe\[3\],44.9µm
net350,44.9µm
_00675_,44.85µm
_03187_,44.85µm
_00610_,44.8µm
_01151_,44.8µm
_01174_,44.8µm
_01919_,44.34µm
_01927_,44.34µm
_01969_,44.34µm
_04240_,44.34µm
_04535_,44.34µm
_04023_,44.29µm
_01296_,44.24µm
_02110_,44.24µm
_02147_,44.24µm
_02745_,44.24µm
_04549_,44.24µm
_00683_,43.88µm
_01269_,43.88µm
_01845_,43.88µm
_02227_,43.88µm
_00713_,43.83µm
_04150_,43.83µm
_01617_,43.78µm
_02675_,43.78µm
_00709_,43.73µm
_02038_,43.73µm
_02378_,43.73µm
_02861_,43.73µm
_02993_,43.73µm
_03102_,43.68µm
_01821_,43.32µm
net125,43.27µm
_02292_,43.22µm
_02188_,43.17µm
_03920_,43.17µm
wave_controller_y_inst.wave_cycle_cnt\[0\],43.17µm
net499,43.17µm
_02069_,43.12µm
_02348_,43.12µm
_03126_,43.12µm
_02605_,42.71µm
_03553_,42.71µm
_01596_,42.66µm
_04536_,42.66µm
spi_regs_inst.rx_shift\[3\],42.66µm
_00027_,42.61µm
_03083_,42.61µm
_03226_,42.61µm
_03491_,42.61µm
_02954_,42.56µm
spi_regs_inst.bit_cnt\[0\],42.2µm
_02171_,42.15µm
_00836_,42.05µm
_00952_,42.05µm
_02933_,42.05µm
_03922_,42.05µm
cfg_phase0_offset_y\[19\],42.05µm
raw_edge2_x\[4\],42.05µm
_00950_,42µm
_01828_,42µm
_02040_,42µm
_02361_,42µm
_02604_,42µm
_04456_,42µm
latch_phase270_y,42µm
_01011_,41.54µm
_00681_,41.49µm
_00937_,41.49µm
_02151_,41.49µm
_02192_,41.44µm
_04662_,41.44µm
_00600_,41.03µm
_01631_,41.03µm
_04530_,41.03µm
_00959_,40.98µm
_01031_,40.98µm
_01632_,40.98µm
_01340_,40.93µm
_04157_,40.93µm
_04551_,40.93µm
_03270_,40.88µm
_03511_,40.88µm
_04560_,40.62µm
_02496_,40.52µm
_00721_,40.47µm
_00840_,40.47µm
_02655_,40.47µm
_03988_,40.47µm
_00722_,40.42µm
_01352_,40.42µm
net360,40.42µm
_01143_,40.37µm
_02970_,40.37µm
_00865_,40.32µm
_01879_,40.32µm
_02848_,40.32µm
_02851_,40.32µm
_01744_,39.91µm
_04454_,39.91µm
_04508_,39.91µm
_01850_,39.86µm
_02339_,39.86µm
_03946_,39.86µm
raw_edge2_y\[7\],39.86µm
signal_processor_y_inst.cycle_count\[1\],39.86µm
spi_regs_inst.rx_shift\[6\],39.86µm
_00706_,39.81µm
_00720_,39.81µm
_03413_,39.81µm
_03621_,39.81µm
_04207_,39.81µm
_04452_,39.81µm
_03203_,39.76µm
_02799_,39.4µm
_01601_,39.35µm
_02172_,39.35µm
_02213_,39.35µm
_03857_,39.35µm
clknet_leaf_59_clk,39.35µm
_01775_,39.3µm
_00686_,39.25µm
_01205_,39.25µm
_02235_,39.25µm
_02297_,39.25µm
_02601_,39.25µm
_03350_,39.25µm
_03564_,39.25µm
_04467_,39.25µm
_01233_,39.2µm
_02887_,39.2µm
_03118_,39.2µm
_03426_,39.2µm
_01584_,38.74µm
_00652_,38.69µm
_02363_,38.69µm
spi_regs_inst.spi_addr\[6\],38.69µm
_01810_,38.64µm
_02802_,38.64µm
analog[3],38.5µm
_00832_,38.23µm
_02375_,38.23µm
_01026_,38.18µm
_02113_,38.18µm
_02239_,38.18µm
latch_phase270_x,38.18µm
raw_edge1_y\[2\],38.18µm
_04140_,38.13µm
_01193_,38.08µm
_01851_,38.08µm
_01924_,38.08µm
_04236_,38.08µm
_01406_,37.72µm
_02234_,37.72µm
_03646_,37.67µm
_04465_,37.67µm
_00744_,37.62µm
_01752_,37.62µm
_02657_,37.62µm
_03127_,37.62µm
_03394_,37.62µm
_00860_,37.57µm
_00877_,37.57µm
_01111_,37.57µm
_01599_,37.57µm
_01762_,37.57µm
_01987_,37.57µm
_02309_,37.57µm
_02905_,37.57µm
_03099_,37.52µm
_03250_,37.52µm
_04593_,37.52µm
cfg_phase270_offset_y\[3\],37.11µm
_02919_,37.06µm
_03518_,37.06µm
_03861_,37.06µm
_04168_,37.06µm
_04556_,37.06µm
_02205_,37.01µm
_02587_,37.01µm
_04089_,37.01µm
cfg_phase0_offset_y\[20\],37.01µm
count\[0\],37.01µm
_02233_,36.96µm
_03213_,36.96µm
_04678_,36.96µm
net22,36.96µm
_01787_,36.55µm
net713,36.54µm
_02509_,36.5µm
count\[2\],36.5µm
_00872_,36.45µm
_02210_,36.45µm
_04380_,36.45µm
net621,36.45µm
_00768_,36.4µm
_02262_,36.4µm
net497,36.04µm
wave_controller_y_inst.wave_cycle_cnt\[2\],35.99µm
_00698_,35.94µm
_00788_,35.94µm
_01295_,35.94µm
_01232_,35.89µm
_02114_,35.89µm
_02197_,35.89µm
_02600_,35.89µm
_03280_,35.89µm
_04013_,35.89µm
raw_edge1_y\[1\],35.89µm
_01117_,35.84µm
_01248_,35.84µm
_01627_,35.84µm
_01873_,35.84µm
_02716_,35.84µm
_02838_,35.84µm
_04229_,35.84µm
_04646_,35.84µm
_00762_,35.48µm
net751,35.42µm
_02226_,35.38µm
_02240_,35.38µm
_03322_,35.38µm
_02376_,35.33µm
_04226_,35.33µm
_00021_,35.28µm
_02058_,35.28µm
_02439_,35.28µm
_02474_,35.28µm
_02822_,35.28µm
_03251_,35.28µm
_03570_,35.28µm
_00748_,34.87µm
_01705_,34.87µm
_02456_,34.87µm
_01055_,34.82µm
_01663_,34.82µm
_02076_,34.82µm
_02123_,34.82µm
_02182_,34.82µm
_03419_,34.82µm
boot_complete,34.82µm
_01176_,34.77µm
_01262_,34.77µm
_01963_,34.77µm
_03343_,34.77µm
_04001_,34.77µm
_04142_,34.77µm
net113,34.77µm
_02713_,34.72µm
_02846_,34.72µm
_02943_,34.72µm
_04545_,34.72µm
_00776_,34.31µm
_02337_,34.31µm
_03820_,34.31µm
_01795_,34.26µm
_01921_,34.26µm
_00376_,34.21µm
_00795_,34.21µm
_02305_,34.21µm
_02777_,34.21µm
_02787_,34.21µm
_02950_,34.21µm
_03647_,34.21µm
mems_drv_x,34.21µm
_01304_,34.16µm
_01334_,34.16µm
_01858_,34.16µm
_02325_,34.16µm
_02581_,34.16µm
_03058_,34.16µm
_04585_,34.16µm
net100,33.8µm
_00565_,33.75µm
_02683_,33.75µm
net4,33.75µm
net105,33.75µm
_00764_,33.7µm
_03215_,33.7µm
_03606_,33.7µm
cfg_phase0_offset_y\[1\],33.7µm
count\[1\],33.7µm
signal_processor_x_inst.cycle_count\[0\],33.7µm
_01256_,33.65µm
_01383_,33.65µm
_01891_,33.65µm
_02529_,33.65µm
_03178_,33.65µm
_03321_,33.65µm
_03472_,33.65µm
_03678_,33.65µm
_04552_,33.65µm
_02068_,33.19µm
_02544_,33.19µm
net669,33.18µm
_03925_,33.14µm
_03989_,33.14µm
_01998_,33.09µm
_03632_,33.09µm
_04009_,33.09µm
_04079_,33.09µm
signal_processor_y_inst.s270_pipe\[3\],33.09µm
_01245_,33.04µm
_02004_,33.04µm
_02030_,33.04µm
_03474_,33.04µm
_00761_,32.68µm
_04668_,32.68µm
raw_edge2_x\[15\],32.63µm
_00969_,32.58µm
_02401_,32.58µm
_02441_,32.58µm
_02690_,32.58µm
raw_edge1_y\[0\],32.58µm
raw_edge2_x\[1\],32.58µm
_00704_,32.53µm
_01621_,32.53µm
_03537_,32.53µm
raw_edge2_x\[8\],32.53µm
spi_regs_inst.spi_addr\[1\],32.53µm
_01128_,32.48µm
_01602_,32.48µm
_02075_,32.48µm
_02622_,32.48µm
_03580_,32.48µm
_04397_,32.48µm
_01350_,32.2µm
_01644_,32.2µm
_01392_,32.07µm
_01715_,32.07µm
_01716_,32.02µm
_01890_,32.02µm
_02286_,32.02µm
net285,32.02µm
_01246_,31.97µm
wave_controller_x_inst.phase_acc\[15\],31.97µm
_01308_,31.92µm
_01854_,31.92µm
_03328_,31.92µm
_00831_,31.51µm
_00894_,31.51µm
_01942_,31.51µm
_03539_,31.51µm
count\[10\],31.51µm
count\[14\],31.51µm
_00742_,31.41µm
_01058_,31.41µm
_01993_,31.41µm
_02547_,31.41µm
_02663_,31.41µm
_04166_,31.41µm
_04665_,31.41µm
signal_processor_y_inst.s90,31.41µm
net75,31.41µm
_01103_,31.36µm
_01105_,31.36µm
_01576_,31.36µm
_02199_,31.36µm
_02350_,31.36µm
_02829_,31.36µm
_03144_,31.36µm
_04074_,31.36µm
_01445_,30.95µm
_03552_,30.95µm
_03923_,30.95µm
_04495_,30.95µm
_00617_,30.9µm
_00798_,30.9µm
_00949_,30.9µm
_01574_,30.9µm
_01693_,30.9µm
_02010_,30.9µm
_02023_,30.9µm
_02522_,30.9µm
_04459_,30.9µm
_01198_,30.85µm
_02824_,30.85µm
_03156_,30.85µm
_03176_,30.85µm
_04490_,30.85µm
cfg_phase270_offset_y\[4\],30.85µm
_00990_,30.8µm
_01322_,30.8µm
_01704_,30.8µm
_03515_,30.8µm
_00719_,30.39µm
_01944_,30.39µm
_03417_,30.39µm
signal_processor_x_inst.cycle_count\[1\],30.39µm
_01053_,30.34µm
_01521_,30.34µm
_01662_,30.34µm
_01703_,30.34µm
_01792_,30.34µm
_01889_,30.34µm
_03399_,30.34µm
_04124_,30.34µm
_01482_,30.29µm
_01491_,30.29µm
_02229_,30.29µm
_02812_,30.29µm
_03986_,30.29µm
_04145_,30.29µm
_01360_,30.24µm
_01572_,30.24µm
_03236_,30.24µm
_01741_,29.88µm
_00790_,29.83µm
delay_wave_cycle_y\[2\],29.83µm
net685,29.82µm
net707,29.82µm
_00837_,29.78µm
_01407_,29.78µm
_02295_,29.78µm
_02387_,29.78µm
_03937_,29.78µm
count\[19\],29.78µm
wave_controller_x_inst.wave_cycle_cnt\[0\],29.78µm
_00938_,29.73µm
_01607_,29.73µm
_01624_,29.73µm
_01861_,29.73µm
_02095_,29.73µm
_03300_,29.73µm
_03333_,29.73µm
_03998_,29.73µm
cfg_phase0_offset_y\[12\],29.73µm
raw_edge2_y\[19\],29.73µm
net574,29.73µm
_01635_,29.68µm
_03181_,29.68µm
_03568_,29.68µm
_03939_,29.68µm
_04160_,29.68µm
_04541_,29.68µm
raw_edge3_x\[5\],29.68µm
wave_controller_y_inst.wave_cycle_cnt\[6\],29.45µm
_01386_,29.27µm
_01784_,29.27µm
_04522_,29.27µm
net394,29.27µm
_00769_,29.22µm
_00846_,29.22µm
_00955_,29.22µm
_01175_,29.22µm
_01185_,29.22µm
_01441_,29.22µm
_02841_,29.22µm
_03869_,29.22µm
_04144_,29.22µm
wave_controller_y_inst.cal_burst_active,29.22µm
_00916_,29.17µm
_01007_,29.17µm
_01381_,29.17µm
_01846_,29.17µm
_02955_,29.17µm
_04538_,29.17µm
_02323_,29.12µm
_04191_,29.12µm
_00981_,28.76µm
_02481_,28.76µm
_00773_,28.71µm
net658,28.7µm
_00575_,28.66µm
_00605_,28.66µm
_00781_,28.66µm
_03409_,28.66µm
net371,28.66µm
_00331_,28.61µm
_00690_,28.61µm
_00891_,28.61µm
_00902_,28.61µm
_01057_,28.61µm
_01307_,28.61µm
_02345_,28.61µm
_02862_,28.61µm
spi_regs_inst.reg_wr_addr\[5\],28.61µm
_00307_,28.56µm
_01549_,28.56µm
_01827_,28.56µm
_02584_,28.56µm
_02689_,28.56µm
_03195_,28.56µm
_04211_,28.56µm
_04453_,28.56µm
_02084_,28.28µm
_00732_,28.25µm
_01533_,28.15µm
_00976_,28.1µm
_02810_,28.1µm
_04462_,28.1µm
raw_edge2_x\[14\],28.1µm
_00622_,28.05µm
_01144_,28.05µm
_01837_,28.05µm
_02019_,28.05µm
_02047_,28.05µm
_03009_,28.05µm
_03154_,28.05µm
_03866_,28.05µm
_04548_,28.05µm
raw_edge2_y\[15\],28.05µm
_00377_,28µm
_01547_,28µm
_02251_,28µm
_02307_,28µm
net3,28µm
wave_controller_y_inst.capture_step\[0\],28µm
net120,28µm
_02154_,27.59µm
_03398_,27.59µm
_04133_,27.59µm
cfg_phase0_offset_y\[14\],27.54µm
_00708_,27.49µm
_03692_,27.49µm
wave_controller_x_inst.phase_acc\[18\],27.49µm
_01126_,27.44µm
_01065_,27.08µm
_02126_,27.08µm
_00731_,27.03µm
_01224_,27.03µm
_02277_,27.03µm
_00874_,26.98µm
_01272_,26.98µm
_01999_,26.98µm
_04004_,26.98µm
_00685_,26.93µm
_03758_,26.93µm
_04221_,26.93µm
_04500_,26.93µm
spi_regs_inst.tx_shift\[1\],26.93µm
_01222_,26.88µm
_02131_,26.88µm
_02586_,26.88µm
_03634_,26.88µm
_04214_,26.88µm
_04223_,26.88µm
_04520_,26.88µm
_01404_,26.7µm
_00760_,26.42µm
_00805_,26.42µm
_01414_,26.42µm
_04644_,26.42µm
wave_controller_y_inst.wave_cycle_cnt\[7\],26.42µm
_00933_,26.37µm
_01437_,26.37µm
_01996_,26.37µm
_02009_,26.37µm
_02912_,26.37µm
_02997_,26.37µm
_03931_,26.37µm
_04078_,26.37µm
_01213_,26.32µm
_02351_,26.32µm
_02394_,26.32µm
_03488_,26.32µm
_04485_,26.32µm
_02466_,26.09µm
_01738_,25.96µm
_02211_,25.91µm
net647,25.9µm
net668,25.9µm
net694,25.9µm
_00694_,25.86µm
_02398_,25.86µm
_02454_,25.86µm
_04122_,25.86µm
cfg_phase0_offset_x\[18\],25.86µm
_00287_,25.81µm
_00880_,25.81µm
_01451_,25.81µm
_02621_,25.81µm
_02864_,25.81µm
_03546_,25.81µm
cal_done_y,25.81µm
dir_y,25.81µm
wave_controller_y_inst.ds_acc\[7\],25.81µm
net617,25.81µm
_00588_,25.76µm
_01667_,25.76µm
_02769_,25.76µm
_03018_,25.76µm
_03364_,25.76µm
signal_processor_x_inst.cnt_in\[1\],25.76µm
bidir_in[0],25.62µm
bidir_out[10],25.62µm
_01325_,25.4µm
_02203_,25.35µm
_02217_,25.35µm
_00778_,25.3µm
_02410_,25.3µm
_03639_,25.3µm
_04141_,25.3µm
_00330_,25.25µm
_01093_,25.25µm
_01362_,25.25µm
_01585_,25.25µm
_01623_,25.25µm
_02567_,25.25µm
_02884_,25.25µm
_03240_,25.25µm
_03483_,25.25µm
_03547_,25.25µm
_03766_,25.25µm
_03896_,25.25µm
_04036_,25.25µm
_04068_,25.25µm
move_en_y,25.25µm
spi_regs_inst.rw_n,25.25µm
_00587_,25.2µm
_01239_,25.2µm
_01405_,25.2µm
_01742_,25.2µm
_01847_,25.2µm
_02321_,25.2µm
_03019_,25.2µm
_03397_,25.2µm
_03579_,25.2µm
_01669_,24.79µm
_02588_,24.79µm
_03560_,24.79µm
_04516_,24.79µm
_00918_,24.74µm
_01082_,24.74µm
_01418_,24.74µm
_01552_,24.74µm
_02319_,24.74µm
_02349_,24.74µm
_02649_,24.74µm
_02732_,24.74µm
_03377_,24.74µm
_03462_,24.74µm
_04096_,24.74µm
spi_regs_inst.tx_shift\[4\],24.74µm
net123,24.74µm
_00667_,24.69µm
_00682_,24.69µm
_00782_,24.69µm
_01258_,24.69µm
_01259_,24.69µm
_01316_,24.69µm
_02051_,24.69µm
_02553_,24.69µm
_03092_,24.69µm
_03365_,24.69µm
_03480_,24.69µm
cfg_phase0_offset_x\[16\],24.69µm
wave_controller_y_inst.ds_acc\[6\],24.69µm
net116,24.69µm
_00696_,24.64µm
_01936_,24.64µm
_02289_,24.64µm
_02495_,24.64µm
_03299_,24.64µm
_03400_,24.64µm
_04114_,24.64µm
raw_edge3_y\[19\],24.64µm
signal_processor_x_inst.cnt_out\[1\],24.51µm
_01561_,24.23µm
_02628_,24.23µm
net102,24.23µm
_01556_,24.18µm
_01884_,24.18µm
_02105_,24.18µm
_03288_,24.18µm
_03917_,24.18µm
_04146_,24.18µm
_04155_,24.18µm
count\[16\],24.18µm
_02979_,24.13µm
_03016_,24.13µm
_03457_,24.13µm
_03524_,24.13µm
_03545_,24.13µm
net10,24.13µm
cfg_phase270_offset_x\[13\],24.13µm
signal_processor_y_inst.cnt_in\[1\],24.13µm
signal_processor_y_inst.cycle_count\[2\],24.13µm
wave_controller_x_inst.capture_step\[2\],24.13µm
_01292_,24.08µm
_02231_,24.08µm
_03053_,24.08µm
_03411_,24.08µm
_04534_,24.08µm
_04643_,24.08µm
cal_done_x,24.08µm
bidir_in[2],23.94µm
_02214_,23.67µm
_02372_,23.67µm
_00723_,23.62µm
_01341_,23.62µm
_01497_,23.62µm
_02222_,23.62µm
_02488_,23.62µm
_03271_,23.62µm
_03320_,23.62µm
cfg_phase0_offset_y\[11\],23.62µm
signal_processor_y_inst.cnt_out\[1\],23.62µm
spi_regs_inst.tx_shift\[0\],23.62µm
net456,23.62µm
_00260_,23.57µm
_01123_,23.57µm
_01127_,23.57µm
_01398_,23.57µm
_01431_,23.57µm
_01532_,23.57µm
_01832_,23.57µm
_01914_,23.57µm
_02001_,23.57µm
_03035_,23.57µm
_04038_,23.57µm
_04542_,23.57µm
move_en_x,23.57µm
_00397_,23.52µm
_00841_,23.52µm
_00927_,23.52µm
_01333_,23.52µm
_01473_,23.52µm
_02476_,23.52µm
_02972_,23.52µm
_04584_,23.52µm
raw_edge1_x\[8\],23.11µm
_01216_,23.06µm
_01371_,23.06µm
_01438_,23.06µm
_01498_,23.06µm
_01659_,23.06µm
_01933_,23.06µm
_02036_,23.06µm
_02083_,23.06µm
_03330_,23.06µm
_03528_,23.06µm
_04143_,23.06µm
_04607_,23.06µm
cfg_f_MEMS_fcw_y\[5\],23.06µm
raw_edge3_y\[2\],23.06µm
_00625_,23.01µm
_00883_,23.01µm
_01311_,23.01µm
_01326_,23.01µm
_01462_,23.01µm
_01558_,23.01µm
_02373_,23.01µm
_02612_,23.01µm
_02734_,23.01µm
_02886_,23.01µm
_03885_,23.01µm
cfg_phase0_offset_y\[10\],23.01µm
count\[13\],23.01µm
_02670_,22.96µm
_04544_,22.96µm
_04572_,22.96µm
cfg_phase0_offset_x\[17\],22.96µm
net660,22.82µm
_00983_,22.5µm
_01712_,22.5µm
_02353_,22.5µm
_02579_,22.5µm
_03658_,22.5µm
_03887_,22.5µm
cfg_phase90_offset_y\[15\],22.5µm
spi_regs_inst.sclk_d,22.5µm
wave_controller_x_inst.ds_acc\[6\],22.5µm
_02098_,22.45µm
_02174_,22.45µm
_02463_,22.45µm
_02987_,22.45µm
_03987_,22.45µm
_00097_,22.4µm
_00655_,22.4µm
_01054_,22.4µm
_01332_,22.4µm
_02368_,22.4µm
_02525_,22.4µm
_02548_,22.4µm
_02750_,22.4µm
_03151_,22.4µm
_03256_,22.4µm
_03996_,22.4µm
_04279_,22.4µm
cfg_phase0_offset_x\[1\],22.4µm
bidir_out[19],22.26µm
_01034_,22.09µm
_02259_,22.09µm
_04504_,22.09µm
_01043_,21.99µm
_01287_,21.99µm
_02278_,21.99µm
_02560_,21.99µm
_02589_,21.99µm
_04486_,21.99µm
_01297_,21.94µm
_02358_,21.94µm
_02691_,21.94µm
net111,21.94µm
_00378_,21.89µm
_01265_,21.89µm
_01540_,21.89µm
_01689_,21.89µm
_01759_,21.89µm
_02099_,21.89µm
_03859_,21.89µm
_03883_,21.89µm
_04084_,21.89µm
signal_processor_y_inst.cycle_count\[3\],21.89µm
_00825_,21.84µm
_01163_,21.84µm
_01237_,21.84µm
_01303_,21.84µm
_01721_,21.84µm
_01740_,21.84µm
_02255_,21.84µm
_02447_,21.84µm
_04618_,21.84µm
net758,21.7µm
bidir_out[12],21.7µm
bidir_out[13],21.7µm
_01062_,21.43µm
_01463_,21.43µm
_03158_,21.43µm
_01320_,21.38µm
_01442_,21.38µm
_01455_,21.38µm
_01909_,21.38µm
_01948_,21.38µm
_01992_,21.38µm
_02428_,21.38µm
_03772_,21.38µm
_04112_,21.38µm
_04493_,21.38µm
net101,21.38µm
_00197_,21.33µm
_00700_,21.33µm
_01387_,21.33µm
_02626_,21.33µm
_02684_,21.33µm
_02845_,21.33µm
_02881_,21.33µm
_02967_,21.33µm
_02983_,21.33µm
_03051_,21.33µm
_04212_,21.33µm
cfg_f_MEMS_fcw_y\[10\],21.33µm
dir_x,21.33µm
signal_processor_y_inst.cnt_in\[3\],21.33µm
_00577_,21.28µm
_00982_,21.28µm
_01457_,21.28µm
_01917_,21.28µm
_02254_,21.28µm
_03028_,21.28µm
_03476_,21.28µm
_04619_,21.28µm
cfg_f_MEMS_fcw_x\[6\],21.28µm
net115,21.28µm
analog[0],21.14µm
net649,21.14µm
_02901_,21.1µm
_01965_,20.92µm
_00920_,20.87µm
_00964_,20.87µm
_02223_,20.87µm
_02617_,20.87µm
_03040_,20.87µm
spi_regs_inst.reg_wr_addr\[4\],20.87µm
_00848_,20.82µm
_01513_,20.82µm
_02457_,20.82µm
_02479_,20.82µm
_03990_,20.82µm
_04120_,20.82µm
_04213_,20.82µm
spi_regs_inst.tx_shift\[6\],20.82µm
_01038_,20.77µm
_01517_,20.77µm
_02326_,20.77µm
_02590_,20.77µm
_02593_,20.77µm
_02609_,20.77µm
_02752_,20.77µm
_02775_,20.77µm
_03012_,20.77µm
_03166_,20.77µm
_03334_,20.77µm
_03507_,20.77µm
_04039_,20.77µm
_04224_,20.77µm
_04573_,20.77µm
cfg_f_MEMS_fcw_y\[7\],20.77µm
signal_processor_y_inst.s90_pipe\[0\],20.77µm
spi_regs_inst.reg_wr_data\[4\],20.77µm
wave_controller_x_inst.comp_sync4,20.77µm
_00020_,20.72µm
_01300_,20.72µm
_01638_,20.72µm
_01807_,20.72µm
_04177_,20.72µm
net2,20.72µm
signal_processor_x_inst.cycle_count\[3\],20.72µm
bidir_out[17],20.58µm
_00994_,20.36µm
_00739_,20.31µm
_01443_,20.31µm
_01470_,20.31µm
_02216_,20.31µm
_04372_,20.31µm
_04468_,20.31µm
_01313_,20.26µm
_01483_,20.26µm
_02018_,20.26µm
_02393_,20.26µm
_03446_,20.26µm
_03706_,20.26µm
_03782_,20.26µm
_03892_,20.26µm
_04553_,20.26µm
_04611_,20.26µm
cfg_phase90_offset_y\[3\],20.26µm
_00734_,20.21µm
_00772_,20.21µm
_00857_,20.21µm
_00926_,20.21µm
_00958_,20.21µm
_01064_,20.21µm
_01167_,20.21µm
_02035_,20.21µm
_02050_,20.21µm
_02315_,20.21µm
_02681_,20.21µm
_02788_,20.21µm
_03415_,20.21µm
_03484_,20.21µm
_04060_,20.21µm
signal_processor_x_inst.cycle_count\[2\],20.21µm
_00053_,20.16µm
_01844_,20.16µm
_02260_,20.16µm
_02863_,20.16µm
_02870_,20.16µm
_03141_,20.16µm
_03616_,20.16µm
_04578_,20.16µm
wave_controller_x_inst.capture_step\[0\],20.16µm
net642,20.02µm
bidir_out[14],20.02µm
_04591_,19.8µm
_01695_,19.75µm
_02003_,19.75µm
_02270_,19.75µm
_02515_,19.75µm
_02899_,19.75µm
_03548_,19.75µm
_00623_,19.7µm
_00717_,19.7µm
_00972_,19.7µm
_01228_,19.7µm
_01250_,19.7µm
_01347_,19.7µm
_02536_,19.7µm
_02640_,19.7µm
_04583_,19.7µm
net613,19.7µm
_00085_,19.65µm
_00715_,19.65µm
_00779_,19.65µm
_00888_,19.65µm
_01166_,19.65µm
_01234_,19.65µm
_01327_,19.65µm
_01586_,19.65µm
_01668_,19.65µm
_01798_,19.65µm
_02017_,19.65µm
_02104_,19.65µm
_02132_,19.65µm
_02224_,19.65µm
_02489_,19.65µm
_02790_,19.65µm
_03057_,19.65µm
_03260_,19.65µm
_03868_,19.65µm
_04153_,19.65µm
_04164_,19.65µm
_04171_,19.65µm
_04577_,19.65µm
_00196_,19.6µm
_00936_,19.6µm
_00999_,19.6µm
_01016_,19.6µm
_01104_,19.6µm
_01501_,19.6µm
_01682_,19.6µm
_02256_,19.6µm
_02287_,19.6µm
_02300_,19.6µm
_02440_,19.6µm
_02814_,19.6µm
_03557_,19.6µm
_04111_,19.6µm
analog[2],19.46µm
_01020_,19.24µm
_02518_,19.24µm
wave_controller_x_inst.cal_burst_armed,19.24µm
_00677_,19.19µm
_01427_,19.19µm
_02056_,19.19µm
_04506_,19.19µm
_04512_,19.19µm
count\[17\],19.19µm
signal_processor_x_inst.s90_valid,19.19µm
wave_controller_x_inst.cal_burst_count\[0\],19.19µm
net94,19.19µm
net655,19.18µm
net640,19.18µm
net665,19.18µm
net666,19.18µm
net673,19.18µm
net750,19.18µm
net675,19.18µm
net691,19.18µm
net684,19.18µm
net706,19.18µm
net712,19.18µm
net715,19.18µm
net702,19.18µm
net727,19.18µm
net728,19.18µm
net730,19.18µm
net733,19.18µm
net734,19.18µm
net719,19.18µm
net722,19.18µm
_00680_,19.14µm
_01481_,19.14µm
_01905_,19.14µm
_01918_,19.14µm
_01953_,19.14µm
_01989_,19.14µm
_02249_,19.14µm
_02303_,19.14µm
_02818_,19.14µm
_03436_,19.14µm
_03589_,19.14µm
_03935_,19.14µm
_03985_,19.14µm
_04196_,19.14µm
cfg_phase0_offset_x\[4\],19.14µm
spi_regs_inst.reg_wr_en,19.14µm
spi_regs_inst.tx_shift\[2\],19.14µm
_01394_,19.09µm
_01454_,19.09µm
_01499_,19.09µm
_01857_,19.09µm
_02033_,19.09µm
_02109_,19.09µm
_02209_,19.09µm
_02310_,19.09µm
_02419_,19.09µm
_02827_,19.09µm
_03255_,19.09µm
_03309_,19.09µm
_03402_,19.09µm
_03556_,19.09µm
_04199_,19.09µm
_04484_,19.09µm
_04595_,19.09µm
spi_regs_inst.reg_wr_data\[7\],19.09µm
_01254_,19.04µm
_01472_,19.04µm
_01676_,19.04µm
_01981_,19.04µm
_02134_,19.04µm
_02324_,19.04µm
_02595_,19.04µm
_03298_,19.04µm
_04047_,19.04µm
_04238_,19.04µm
_04288_,19.04µm
net165,19.04µm
net648,18.9µm
net757,18.9µm
bidir_oe[3],18.9µm
bidir_out[11],18.9µm
bidir_out[18],18.9µm
_01385_,18.63µm
_01458_,18.63µm
_01713_,18.63µm
_02661_,18.63µm
wave_controller_y_inst.cal_burst_count\[0\],18.63µm
net652,18.62µm
net643,18.62µm
_01310_,18.58µm
_01366_,18.58µm
_01488_,18.58µm
_02087_,18.58µm
_02181_,18.58µm
_02514_,18.58µm
_02895_,18.58µm
spi_regs_inst.bit_cnt\[2\],18.58µm
_00003_,18.53µm
_00794_,18.53µm
_00863_,18.53µm
_00904_,18.53µm
_00930_,18.53µm
_00970_,18.53µm
_01008_,18.53µm
_01235_,18.53µm
_01535_,18.53µm
_02133_,18.53µm
_02140_,18.53µm
_02198_,18.53µm
_02243_,18.53µm
_03090_,18.53µm
_03672_,18.53µm
_04312_,18.53µm
raw_edge2_y\[0\],18.53µm
_00892_,18.48µm
_03101_,18.48µm
_03366_,18.48µm
_03538_,18.48µm
_03918_,18.48µm
_04021_,18.48µm
_04080_,18.48µm
_04116_,18.48µm
_04675_,18.48µm
net680,18.34µm
net701,18.34µm
bidir_in[1],18.34µm
bidir_out[15],18.34µm
_02517_,18.12µm
_04630_,18.12µm
_00205_,18.07µm
_01506_,18.07µm
cfg_phase0_offset_x\[10\],18.07µm
spi_regs_inst.reg_wr_addr\[6\],18.07µm
net672,18.06µm
net677,18.06µm
net693,18.06µm
net721,18.06µm
_00558_,18.02µm
_00835_,18.02µm
_00935_,18.02µm
_01565_,18.02µm
_01670_,18.02µm
_01852_,18.02µm
_02143_,18.02µm
_02577_,18.02µm
_02648_,18.02µm
_03940_,18.02µm
_04566_,18.02µm
count\[15\],18.02µm
count\[8\],18.02µm
wave_controller_y_inst.ds_acc\[1\],18.02µm
_00193_,17.97µm
_00257_,17.97µm
_00283_,17.97µm
_00733_,17.97µm
_00993_,17.97µm
_01652_,17.97µm
_01867_,17.97µm
_02072_,17.97µm
_02359_,17.97µm
_02668_,17.97µm
_02791_,17.97µm
_02820_,17.97µm
_02906_,17.97µm
_02938_,17.97µm
_03048_,17.97µm
_03345_,17.97µm
_03815_,17.97µm
_03957_,17.97µm
_04180_,17.97µm
wave_controller_y_inst.ds_acc\[0\],17.97µm
_00702_,17.92µm
_00908_,17.92µm
_01511_,17.92µm
_01569_,17.92µm
_02557_,17.92µm
_02597_,17.92µm
_03770_,17.92µm
net687,17.78µm
bidir_out[16],17.78µm
_03901_,17.64µm
_02797_,17.51µm
signal_processor_x_inst.s270_pipe\[3\],17.51µm
net755,17.5µm
net747,17.5µm
net759,17.5µm
net736,17.5µm
_01531_,17.46µm
_02189_,17.46µm
_02528_,17.46µm
_03588_,17.46µm
_04518_,17.46µm
cfg_phase0_offset_x\[20\],17.46µm
cfg_phase0_offset_y\[18\],17.46µm
wave_controller_y_inst.comp_sync4,17.46µm
_00084_,17.41µm
_01685_,17.41µm
_01970_,17.41µm
_02459_,17.41µm
_02652_,17.41µm
_02911_,17.41µm
_02994_,17.41µm
_03085_,17.41µm
_03541_,17.41µm
_03603_,17.41µm
_03959_,17.41µm
_04020_,17.41µm
_04125_,17.41µm
_04172_,17.41µm
_04347_,17.41µm
cfg_phase0_offset_x\[13\],17.41µm
count\[18\],17.41µm
signal_processor_x_inst.cnt_out\[3\],17.41µm
signal_processor_y_inst.s270_pipe\[0\],17.41µm
net91,17.41µm
net624,17.41µm
_00333_,17.36µm
_00792_,17.36µm
_00934_,17.36µm
_01068_,17.36µm
_01240_,17.36µm
_01285_,17.36µm
_01882_,17.36µm
_02067_,17.36µm
_02407_,17.36µm
_02524_,17.36µm
_03011_,17.36µm
_03036_,17.36µm
_03122_,17.36µm
_03180_,17.36µm
_03383_,17.36µm
_03776_,17.36µm
_04183_,17.36µm
count\[12\],17.36µm
net650,17.22µm
net644,17.22µm
net664,17.22µm
net659,17.22µm
net661,17.22µm
net688,17.22µm
net689,17.22µm
net679,17.22µm
net708,17.22µm
net698,17.22µm
net704,17.22µm
net705,17.22µm
net725,17.22µm
net731,17.22µm
net717,17.22µm
net723,17.22µm
input_in,17.22µm
_02688_,17.13µm
_00984_,16.95µm
_02998_,16.95µm
net711,16.94µm
_00688_,16.9µm
_01251_,16.9µm
_01278_,16.9µm
_01692_,16.9µm
_02062_,16.9µm
_02444_,16.9µm
_02499_,16.9µm
cfg_phase0_offset_x\[14\],16.9µm
_00430_,16.85µm
_00653_,16.85µm
_00718_,16.85µm
_00797_,16.85µm
_01089_,16.85µm
_01389_,16.85µm
_01520_,16.85µm
_01600_,16.85µm
_01603_,16.85µm
_01608_,16.85µm
_01730_,16.85µm
_01893_,16.85µm
_01904_,16.85µm
_01926_,16.85µm
_02041_,16.85µm
_02097_,16.85µm
_02148_,16.85µm
_02167_,16.85µm
_02332_,16.85µm
_02377_,16.85µm
_02575_,16.85µm
_02591_,16.85µm
_02731_,16.85µm
_02739_,16.85µm
_02907_,16.85µm
_03173_,16.85µm
_03637_,16.85µm
_04094_,16.85µm
net9,16.85µm
cfg_phase90_offset_y\[1\],16.85µm
_00036_,16.8µm
_00450_,16.8µm
_00929_,16.8µm
_01155_,16.8µm
_01465_,16.8µm
_01529_,16.8µm
_01671_,16.8µm
_01952_,16.8µm
_01974_,16.8µm
_02054_,16.8µm
_02283_,16.8µm
_02634_,16.8µm
_02819_,16.8µm
_02823_,16.8µm
_03371_,16.8µm
_03495_,16.8µm
_03693_,16.8µm
_03794_,16.8µm
net7,16.8µm
net11,16.8µm
net696,16.66µm
_01459_,16.62µm
_00771_,16.49µm
_00629_,16.39µm
_00842_,16.39µm
_01379_,16.39µm
_01456_,16.39µm
_03379_,16.39µm
_00211_,16.34µm
_00220_,16.34µm
_01145_,16.34µm
_01351_,16.34µm
_01367_,16.34µm
_01737_,16.34µm
_02298_,16.34µm
_02374_,16.34µm
_02430_,16.34µm
_03522_,16.34µm
_03574_,16.34µm
_03756_,16.34µm
_04126_,16.34µm
_04147_,16.34µm
_04245_,16.34µm
cfg_phase0_offset_x\[5\],16.34µm
signal_processor_x_inst.cnt_out\[0\],16.34µm
signal_processor_x_inst.cnt_out\[2\],16.34µm
spi_regs_inst.tx_shift\[3\],16.34µm
_00851_,16.29µm
_01098_,16.29µm
_01119_,16.29µm
_01149_,16.29µm
_01200_,16.29µm
_01210_,16.29µm
_01526_,16.29µm
_01527_,16.29µm
_01559_,16.29µm
_02382_,16.29µm
_02399_,16.29µm
_02464_,16.29µm
_02551_,16.29µm
_02571_,16.29µm
_03277_,16.29µm
_03449_,16.29µm
_03510_,16.29µm
_03700_,16.29µm
_03933_,16.29µm
_03948_,16.29µm
_04464_,16.29µm
_04674_,16.29µm
net8,16.29µm
count\[7\],16.29µm
wave_controller_x_inst.cal_burst_active,16.29µm
wave_controller_y_inst.phase_acc\[20\],16.29µm
_00503_,16.24µm
_00692_,16.24µm
_01088_,16.24µm
_01450_,16.24µm
_01583_,16.24µm
_01962_,16.24µm
_02347_,16.24µm
_02761_,16.24µm
_02859_,16.24µm
_02888_,16.24µm
_03006_,16.24µm
_03022_,16.24µm
_03536_,16.24µm
_04415_,16.24µm
net670,16.1µm
_00560_,15.93µm
_04622_,15.88µm
_00616_,15.83µm
_01284_,15.83µm
_01647_,15.83µm
_01931_,15.83µm
_02206_,15.83µm
_02572_,15.83µm
_03367_,15.83µm
_03385_,15.83µm
_04524_,15.83µm
_01044_,15.78µm
_01329_,15.78µm
_01746_,15.78µm
_02089_,15.78µm
_02264_,15.78µm
_02477_,15.78µm
_02616_,15.78µm
_02988_,15.78µm
_03000_,15.78µm
_03659_,15.78µm
cfg_phase0_offset_x\[3\],15.78µm
cfg_phase0_offset_y\[15\],15.78µm
_00143_,15.73µm
_00210_,15.73µm
_00393_,15.73µm
_01024_,15.73µm
_01051_,15.73µm
_01229_,15.73µm
_01391_,15.73µm
_02021_,15.73µm
_02153_,15.73µm
_02190_,15.73µm
_02414_,15.73µm
_02417_,15.73µm
_02671_,15.73µm
_03001_,15.73µm
_03326_,15.73µm
_03374_,15.73µm
_03578_,15.73µm
_03593_,15.73µm
_03617_,15.73µm
_03952_,15.73µm
_03973_,15.73µm
_04044_,15.73µm
_04058_,15.73µm
_04173_,15.73µm
_04531_,15.73µm
cfg_phase0_offset_x\[7\],15.73µm
comp_y,15.73µm
signal_processor_y_inst.s270_pipe\[2\],15.73µm
_00030_,15.68µm
_00420_,15.68µm
_00940_,15.68µm
_01543_,15.68µm
_01697_,15.68µm
_01916_,15.68µm
_02161_,15.68µm
_02360_,15.68µm
_02594_,15.68µm
_03287_,15.68µm
_03301_,15.68µm
_03521_,15.68µm
_03666_,15.68µm
_03823_,15.68µm
_03951_,15.68µm
_04008_,15.68µm
_04208_,15.68µm
_04249_,15.68µm
_04317_,15.68µm
_04421_,15.68µm
count\[11\],15.68µm
net571,15.68µm
_01538_,15.27µm
_02012_,15.27µm
signal_processor_x_inst.cnt_in\[3\],15.27µm
_00911_,15.22µm
_00912_,15.22µm
_01432_,15.22µm
_01877_,15.22µm
_01910_,15.22µm
_01941_,15.22µm
_02202_,15.22µm
_02312_,15.22µm
_03225_,15.22µm
_03494_,15.22µm
_03566_,15.22µm
_03656_,15.22µm
_03867_,15.22µm
_04131_,15.22µm
_00107_,15.17µm
_00184_,15.17µm
_00399_,15.17µm
_00423_,15.17µm
_00885_,15.17µm
_00903_,15.17µm
_01290_,15.17µm
_01687_,15.17µm
_01706_,15.17µm
_01777_,15.17µm
_01930_,15.17µm
_01971_,15.17µm
_02228_,15.17µm
_02362_,15.17µm
_02497_,15.17µm
_02532_,15.17µm
_02555_,15.17µm
_02618_,15.17µm
_02744_,15.17µm
_02796_,15.17µm
_03029_,15.17µm
_03037_,15.17µm
_03485_,15.17µm
_03811_,15.17µm
_03824_,15.17µm
_04007_,15.17µm
_04026_,15.17µm
_04119_,15.17µm
_04194_,15.17µm
cfg_phase0_offset_y\[17\],15.17µm
cfg_phase0_offset_y\[2\],15.17µm
cfg_phase0_offset_y\[6\],15.17µm
spi_regs_inst.bit_cnt\[1\],15.17µm
_00064_,15.12µm
_00817_,15.12µm
_01378_,15.12µm
_01597_,15.12µm
_01619_,15.12µm
_01794_,15.12µm
_01954_,15.12µm
_02085_,15.12µm
_02778_,15.12µm
_02809_,15.12µm
_03026_,15.12µm
_03392_,15.12µm
_04016_,15.12µm
_04056_,15.12µm
_04139_,15.12µm
wave_controller_y_inst.phase_acc\[19\],15.12µm
net740,14.98µm
net741,14.98µm
_04110_,14.84µm
_03969_,14.76µm
_01633_,14.71µm
_01688_,14.71µm
_03650_,14.71µm
_00557_,14.66µm
_00662_,14.66µm
_00820_,14.66µm
_00923_,14.66µm
_01541_,14.66µm
_01922_,14.66µm
_02077_,14.66µm
_02101_,14.66µm
_02533_,14.66µm
_03503_,14.66µm
cfg_phase0_offset_x\[12\],14.66µm
cfg_phase0_offset_x\[15\],14.66µm
cfg_phase0_offset_x\[6\],14.66µm
cfg_phase0_offset_x\[9\],14.66µm
count\[4\],14.66µm
_00038_,14.61µm
_00352_,14.61µm
_00978_,14.61µm
_01201_,14.61µm
_01257_,14.61µm
_01276_,14.61µm
_01315_,14.61µm
_01321_,14.61µm
_01634_,14.61µm
_01672_,14.61µm
_01848_,14.61µm
_01964_,14.61µm
_02031_,14.61µm
_02057_,14.61µm
_02194_,14.61µm
_02261_,14.61µm
_02434_,14.61µm
_03268_,14.61µm
_03454_,14.61µm
_03482_,14.61µm
_03620_,14.61µm
_03663_,14.61µm
_03872_,14.61µm
_03968_,14.61µm
_04272_,14.61µm
_04314_,14.61µm
_04599_,14.61µm
cfg_phase0_offset_y\[5\],14.61µm
cfg_phase0_offset_y\[8\],14.61µm
net630,14.61µm
_00711_,14.56µm
_01042_,14.56µm
_01468_,14.56µm
_01478_,14.56µm
_02508_,14.56µm
_02645_,14.56µm
_03512_,14.56µm
_04281_,14.56µm
_04483_,14.56µm
_04498_,14.56µm
signal_processor_y_inst.s90_valid,14.56µm
_00240_,14.5µm
_00945_,14.15µm
_02168_,14.15µm
net745,14.14µm
net,14.14µm
_01048_,14.1µm
_01099_,14.1µm
_01164_,14.1µm
_01168_,14.1µm
_02117_,14.1µm
_02355_,14.1µm
_02437_,14.1µm
_02608_,14.1µm
_03442_,14.1µm
_03778_,14.1µm
_03926_,14.1µm
count\[3\],14.1µm
wave_controller_y_inst.ds_acc\[4\],14.1µm
_00080_,14.05µm
_00092_,14.05µm
_00206_,14.05µm
_00230_,14.05µm
_00282_,14.05µm
_00563_,14.05µm
_00618_,14.05µm
_01076_,14.05µm
_01139_,14.05µm
_01215_,14.05µm
_01525_,14.05µm
_01542_,14.05µm
_02152_,14.05µm
_02241_,14.05µm
_02340_,14.05µm
_02418_,14.05µm
_02561_,14.05µm
_03013_,14.05µm
_03108_,14.05µm
_03825_,14.05µm
_03912_,14.05µm
_04081_,14.05µm
_04237_,14.05µm
_04482_,14.05µm
_04492_,14.05µm
_04496_,14.05µm
_04513_,14.05µm
cfg_phase0_offset_x\[0\],14.05µm
wave_controller_y_inst.comp_sync0,14.05µm
wave_controller_y_inst.ds_acc\[8\],14.05µm
net119,14.05µm
_00252_,14µm
_00861_,14µm
_00914_,14µm
_01345_,14µm
_01691_,14µm
_01818_,14µm
_02026_,14µm
_02433_,14µm
_02894_,14µm
_02985_,14µm
_03664_,14µm
_03719_,14µm
_03960_,14µm
_03961_,14µm
_04085_,14µm
_04437_,14µm
_04440_,14µm
_04502_,14µm
signal_processor_x_inst.cnt_in\[0\],14µm
wave_controller_y_inst.ds_acc\[2\],14µm
_02314_,13.69µm
_00561_,13.59µm
_01402_,13.59µm
_01653_,13.59µm
_02284_,13.59µm
net729,13.58µm
net735,13.58µm
_00853_,13.54µm
_01046_,13.54µm
_01274_,13.54µm
_01665_,13.54µm
_01709_,13.54µm
_01808_,13.54µm
_01876_,13.54µm
_02139_,13.54µm
_02265_,13.54µm
_02313_,13.54µm
_02445_,13.54µm
_03352_,13.54µm
_03467_,13.54µm
_03685_,13.54µm
_03701_,13.54µm
_03875_,13.54µm
_03880_,13.54µm
_03978_,13.54µm
_04118_,13.54µm
_04514_,13.54µm
cfg_phase0_offset_y\[7\],13.54µm
_00035_,13.49µm
_00108_,13.49µm
_00153_,13.49µm
_00173_,13.49µm
_00368_,13.49µm
_00415_,13.49µm
_00449_,13.49µm
_00473_,13.49µm
_00477_,13.49µm
_00562_,13.49µm
_00656_,13.49µm
_00785_,13.49µm
_00913_,13.49µm
_00987_,13.49µm
_01030_,13.49µm
_01074_,13.49µm
_01212_,13.49µm
_01317_,13.49µm
_01368_,13.49µm
_01528_,13.49µm
_01536_,13.49µm
_01575_,13.49µm
_01618_,13.49µm
_01649_,13.49µm
_02092_,13.49µm
_02204_,13.49µm
_02207_,13.49µm
_02392_,13.49µm
_02598_,13.49µm
_02804_,13.49µm
_02897_,13.49µm
_02915_,13.49µm
_03034_,13.49µm
_03360_,13.49µm
_03376_,13.49µm
_03652_,13.49µm
_03906_,13.49µm
_03941_,13.49µm
_04030_,13.49µm
_04091_,13.49µm
_04102_,13.49µm
_04107_,13.49µm
_04134_,13.49µm
_04320_,13.49µm
_04359_,13.49µm
_04445_,13.49µm
_04488_,13.49µm
cfg_phase0_offset_x\[8\],13.49µm
wave_controller_x_inst.ds_acc\[4\],13.49µm
net112,13.49µm
_00236_,13.44µm
_01154_,13.44µm
_01878_,13.44µm
_01912_,13.44µm
_01967_,13.44µm
_02115_,13.44µm
_02759_,13.44µm
_02780_,13.44µm
_02880_,13.44µm
_03304_,13.44µm
_03660_,13.44µm
_03735_,13.44µm
_03976_,13.44µm
net15,13.44µm
net25,13.44µm
cfg_phase0_offset_x\[11\],13.44µm
net667,13.3µm
net657,13.3µm
_02768_,13.08µm
_01231_,13.03µm
_01364_,13.03µm
_01622_,13.03µm
_01735_,13.03µm
_02501_,13.03µm
_02825_,13.03µm
_03550_,13.03µm
_03963_,13.03µm
net737,13.02µm
net738,13.02µm
net739,13.02µm
net748,13.02µm
_00664_,12.98µm
_01060_,12.98µm
_01796_,12.98µm
_02071_,12.98µm
_02090_,12.98µm
_02631_,12.98µm
_02682_,12.98µm
_03429_,12.98µm
_03890_,12.98µm
_04136_,12.98µm
_04395_,12.98µm
wave_controller_y_inst.ds_acc\[5\],12.98µm
_00001_,12.93µm
_00009_,12.93µm
_00195_,12.93µm
_00198_,12.93µm
_00360_,12.93µm
_00370_,12.93µm
_00379_,12.93µm
_00548_,12.93µm
_00843_,12.93µm
_01039_,12.93µm
_01184_,12.93µm
_01277_,12.93µm
_01892_,12.93µm
_01950_,12.93µm
_01986_,12.93µm
_02029_,12.93µm
_02055_,12.93µm
_02106_,12.93µm
_02662_,12.93µm
_02672_,12.93µm
_02792_,12.93µm
_02798_,12.93µm
_03224_,12.93µm
_03279_,12.93µm
_03358_,12.93µm
_03362_,12.93µm
_03363_,12.93µm
_03408_,12.93µm
_03492_,12.93µm
_03581_,12.93µm
_03813_,12.93µm
_03897_,12.93µm
_03928_,12.93µm
_04127_,12.93µm
_04382_,12.93µm
_04435_,12.93µm
_04564_,12.93µm
net14,12.93µm
_00310_,12.88µm
_00809_,12.88µm
_00989_,12.88µm
_01107_,12.88µm
_01137_,12.88µm
_01305_,12.88µm
_01508_,12.88µm
_01615_,12.88µm
_01661_,12.88µm
_01686_,12.88µm
_01824_,12.88µm
_01943_,12.88µm
_01990_,12.88µm
_02027_,12.88µm
_02042_,12.88µm
_02060_,12.88µm
_02404_,12.88µm
_02534_,12.88µm
_02815_,12.88µm
_03109_,12.88µm
_03316_,12.88µm
_03325_,12.88µm
_03355_,12.88µm
_03555_,12.88µm
_03694_,12.88µm
_03714_,12.88µm
_03784_,12.88µm
_03886_,12.88µm
_04129_,12.88µm
_04189_,12.88µm
_04318_,12.88µm
_04431_,12.88µm
_04432_,12.88µm
wave_controller_x_inst.comp_sync1,12.88µm
wave_controller_x_inst.ds_acc\[7\],12.88µm
bidir_out[2],12.74µm
bidir_out[9],12.74µm
_02308_,12.6µm
_00928_,12.47µm
_00931_,12.47µm
_02124_,12.47µm
_02274_,12.47µm
_02354_,12.47µm
_03395_,12.47µm
_04024_,12.47µm
net674,12.46µm
net703,12.46µm
net718,12.46µm
_01219_,12.42µm
_01401_,12.42µm
_01972_,12.42µm
_02183_,12.42µm
_02317_,12.42µm
_02371_,12.42µm
_02432_,12.42µm
_02465_,12.42µm
_02502_,12.42µm
_02639_,12.42µm
_02839_,12.42µm
_02920_,12.42µm
_02961_,12.42µm
_02990_,12.42µm
_03327_,12.42µm
_03349_,12.42µm
_03516_,12.42µm
_03549_,12.42µm
_03575_,12.42µm
_03648_,12.42µm
_03788_,12.42µm
_04677_,12.42µm
wave_controller_y_inst.cal_burst_armed,12.42µm
_00037_,12.37µm
_00040_,12.37µm
_00046_,12.37µm
_00200_,12.37µm
_00224_,12.37µm
_00300_,12.37µm
_00413_,12.37µm
_00492_,12.37µm
_00559_,12.37µm
_00839_,12.37µm
_01094_,12.37µm
_01486_,12.37µm
_01606_,12.37µm
_01673_,12.37µm
_01978_,12.37µm
_01980_,12.37µm
_02166_,12.37µm
_02486_,12.37µm
_02620_,12.37µm
_03010_,12.37µm
_03179_,12.37µm
_03427_,12.37µm
_03448_,12.37µm
_03771_,12.37µm
_03780_,12.37µm
_03845_,12.37µm
_03853_,12.37µm
_04097_,12.37µm
_04387_,12.37µm
cfg_f_MEMS_fcw_x\[2\],12.37µm
_00222_,12.32µm
_00297_,12.32µm
_00411_,12.32µm
_00478_,12.32µm
_00834_,12.32µm
_00864_,12.32µm
_01130_,12.32µm
_01208_,12.32µm
_01319_,12.32µm
_01400_,12.32µm
_01487_,12.32µm
_01564_,12.32µm
_01714_,12.32µm
_01726_,12.32µm
_01804_,12.32µm
_01888_,12.32µm
_01961_,12.32µm
_02150_,12.32µm
_02318_,12.32µm
_02665_,12.32µm
_02828_,12.32µm
_02831_,12.32µm
_02995_,12.32µm
_03361_,12.32µm
_03544_,12.32µm
_03623_,12.32µm
_03661_,12.32µm
_03775_,12.32µm
_03848_,12.32µm
_03854_,12.32µm
_03876_,12.32µm
_04323_,12.32µm
_04352_,12.32µm
_04455_,12.32µm
_04681_,12.32µm
net656,12.18µm
net641,12.18µm
net686,12.18µm
net710,12.18µm
_02137_,11.91µm
_03269_,11.91µm
net716,11.9µm
_00641_,11.86µm
_00787_,11.86µm
_01110_,11.86µm
_01625_,11.86µm
_01903_,11.86µm
_01913_,11.86µm
_02304_,11.86µm
_02334_,11.86µm
_02482_,11.86µm
_02599_,11.86µm
_02753_,11.86µm
_03263_,11.86µm
_03519_,11.86µm
_03764_,11.86µm
_03965_,11.86µm
_04533_,11.86µm
cfg_phase0_offset_y\[13\],11.86µm
net162,11.86µm
_00050_,11.81µm
_00149_,11.81µm
_00386_,11.81µm
_00475_,11.81µm
_00553_,11.81µm
_00660_,11.81µm
_00819_,11.81µm
_01172_,11.81µm
_01207_,11.81µm
_01516_,11.81µm
_01626_,11.81µm
_01655_,11.81µm
_01657_,11.81µm
_01960_,11.81µm
_01979_,11.81µm
_02061_,11.81µm
_02177_,11.81µm
_02400_,11.81µm
_02516_,11.81µm
_02578_,11.81µm
_02636_,11.81µm
_02908_,11.81µm
_03046_,11.81µm
_03563_,11.81µm
_03862_,11.81µm
_03950_,11.81µm
_04066_,11.81µm
_04474_,11.81µm
_04671_,11.81µm
_00047_,11.76µm
_00183_,11.76µm
_00293_,11.76µm
_00421_,11.76µm
_00427_,11.76µm
_00452_,11.76µm
_00684_,11.76µm
_00884_,11.76µm
_00905_,11.76µm
_01032_,11.76µm
_01580_,11.76µm
_01651_,11.76µm
_01749_,11.76µm
_01937_,11.76µm
_01956_,11.76µm
_01985_,11.76µm
_02066_,11.76µm
_02685_,11.76µm
_02687_,11.76µm
_02793_,11.76µm
_03206_,11.76µm
_03323_,11.76µm
_03569_,11.76µm
_03774_,11.76µm
_03900_,11.76µm
_03966_,11.76µm
_04003_,11.76µm
_04099_,11.76µm
_04268_,11.76µm
_04389_,11.76µm
_04425_,11.76µm
signal_processor_y_inst.s90_pipe\[2\],11.76µm
_00578_,11.35µm
_01028_,11.35µm
_01479_,11.35µm
_02505_,11.35µm
_03934_,11.35µm
net654,11.34µm
net671,11.34µm
net662,11.34µm
net690,11.34µm
net681,11.34µm
net683,11.34µm
net714,11.34µm
net724,11.34µm
_00669_,11.3µm
_00674_,11.3µm
_00808_,11.3µm
_01519_,11.3µm
_01733_,11.3µm
_01997_,11.3µm
_02138_,11.3µm
_02232_,11.3µm
_02386_,11.3µm
_03496_,11.3µm
_03665_,11.3µm
_03888_,11.3µm
_03927_,11.3µm
_04184_,11.3µm
_04267_,11.3µm
cfg_phase0_offset_x\[2\],11.3µm
signal_processor_y_inst.cnt_in\[0\],11.3µm
net118,11.3µm
_00086_,11.25µm
_00190_,11.25µm
_00280_,11.25µm
_00289_,11.25µm
_00365_,11.25µm
_00807_,11.25µm
_00897_,11.25µm
_01211_,11.25µm
_01221_,11.25µm
_01288_,11.25µm
_02212_,11.25µm
_03143_,11.25µm
_03292_,11.25µm
_03405_,11.25µm
_03451_,11.25µm
_03514_,11.25µm
_03586_,11.25µm
_03716_,11.25µm
_03849_,11.25µm
_03936_,11.25µm
_04062_,11.25µm
_04093_,11.25µm
_04594_,11.25µm
_04605_,11.25µm
_04621_,11.25µm
cfg_phase0_offset_y\[4\],11.25µm
net551,11.25µm
_00011_,11.2µm
_00013_,11.2µm
_00072_,11.2µm
_00375_,11.2µm
_00451_,11.2µm
_00485_,11.2µm
_00687_,11.2µm
_00844_,11.2µm
_00899_,11.2µm
_01029_,11.2µm
_01078_,11.2µm
_01084_,11.2µm
_01382_,11.2µm
_01411_,11.2µm
_01474_,11.2µm
_01510_,11.2µm
_01881_,11.2µm
_01991_,11.2µm
_02159_,11.2µm
_02164_,11.2µm
_02179_,11.2µm
_02236_,11.2µm
_02369_,11.2µm
_02429_,11.2µm
_02471_,11.2µm
_02513_,11.2µm
_02568_,11.2µm
_02641_,11.2µm
_02751_,11.2µm
_03308_,11.2µm
_03310_,11.2µm
_03372_,11.2µm
_03430_,11.2µm
_03533_,11.2µm
_03594_,11.2µm
_03760_,11.2µm
_03793_,11.2µm
_03835_,11.2µm
_03860_,11.2µm
_03882_,11.2µm
_03905_,11.2µm
_03908_,11.2µm
_04210_,11.2µm
_04325_,11.2µm
_04327_,11.2µm
_04338_,11.2µm
_04356_,11.2µm
_04418_,11.2µm
net18,11.2µm
cfg_phase90_offset_x\[11\],11.2µm
wave_controller_x_inst.wave_cycle_cnt\[3\],11.2µm
net110,11.2µm
_00710_,11.12µm
net692,11.06µm
bidir_out[0],11.06µm
bidir_out[4],11.06µm
bidir_out[8],11.06µm
_00909_,10.74µm
_01050_,10.74µm
_01150_,10.74µm
_01179_,10.74µm
_01298_,10.74µm
_01469_,10.74µm
_01582_,10.74µm
_01642_,10.74µm
_02357_,10.74µm
_03104_,10.74µm
_03284_,10.74µm
_03444_,10.74µm
_03924_,10.74µm
_03970_,10.74µm
_03974_,10.74µm
_04045_,10.74µm
_04680_,10.74µm
cfg_phase0_offset_y\[16\],10.74µm
cfg_phase0_offset_y\[9\],10.74µm
cfg_phase90_offset_x\[15\],10.74µm
_00169_,10.69µm
_00185_,10.69µm
_00369_,10.69µm
_00429_,10.69µm
_00472_,10.69µm
_00494_,10.69µm
_00536_,10.69µm
_00783_,10.69µm
_00995_,10.69µm
_01041_,10.69µm
_01083_,10.69µm
_01186_,10.69µm
_01579_,10.69µm
_01743_,10.69µm
_02215_,10.69µm
_02388_,10.69µm
_02473_,10.69µm
_02510_,10.69µm
_02576_,10.69µm
_02730_,10.69µm
_02758_,10.69µm
_02813_,10.69µm
_02892_,10.69µm
_03002_,10.69µm
_03004_,10.69µm
_03111_,10.69µm
_03257_,10.69µm
_03290_,10.69µm
_03493_,10.69µm
_03863_,10.69µm
_03893_,10.69µm
_04138_,10.69µm
_04383_,10.69µm
_04404_,10.69µm
_04667_,10.69µm
cfg_phase0_offset_y\[0\],10.69µm
_00174_,10.64µm
_00178_,10.64µm
_00484_,10.64µm
_00550_,10.64µm
_00780_,10.64µm
_00852_,10.64µm
_00866_,10.64µm
_01100_,10.64µm
_01115_,10.64µm
_01203_,10.64µm
_01430_,10.64µm
_01475_,10.64µm
_01609_,10.64µm
_01880_,10.64µm
_02421_,10.64µm
_02658_,10.64µm
_02708_,10.64µm
_02770_,10.64µm
_03030_,10.64µm
_03168_,10.64µm
_03232_,10.64µm
_03412_,10.64µm
_03465_,10.64µm
_03605_,10.64µm
_03641_,10.64µm
_03680_,10.64µm
_03717_,10.64µm
_03858_,10.64µm
_04109_,10.64µm
_04123_,10.64µm
_04209_,10.64µm
_04259_,10.64µm
_04261_,10.64µm
_04313_,10.64µm
_04355_,10.64µm
_04371_,10.64µm
_04473_,10.64µm
_04558_,10.64µm
_04682_,10.64µm
signal_processor_y_inst.cnt_in\[2\],10.64µm
net682,10.55µm
_03500_,10.46µm
_00806_,10.23µm
_01067_,10.23µm
_01887_,10.23µm
_03559_,10.23µm
net663,10.22µm
net697,10.22µm
net699,10.22µm
net726,10.22µm
_00925_,10.18µm
_01426_,10.18µm
_01489_,10.18µm
_01674_,10.18µm
_02037_,10.18µm
_02311_,10.18µm
_03008_,10.18µm
_03133_,10.18µm
_03354_,10.18µm
_03497_,10.18µm
_04202_,10.18µm
_04457_,10.18µm
_00083_,10.13µm
_00103_,10.13µm
_00344_,10.13µm
_00414_,10.13µm
_00476_,10.13µm
_00666_,10.13µm
_00668_,10.13µm
_00816_,10.13µm
_00939_,10.13µm
_01025_,10.13µm
_01059_,10.13µm
_01410_,10.13µm
_01461_,10.13µm
_01492_,10.13µm
_01530_,10.13µm
_01789_,10.13µm
_01902_,10.13µm
_01940_,10.13µm
_01976_,10.13µm
_01983_,10.13µm
_01988_,10.13µm
_02086_,10.13µm
_02091_,10.13µm
_02306_,10.13µm
_02338_,10.13µm
_02511_,10.13µm
_02550_,10.13µm
_02592_,10.13µm
_02774_,10.13µm
_03227_,10.13µm
_03291_,10.13µm
_03440_,10.13µm
_03461_,10.13µm
_03531_,10.13µm
_03567_,10.13µm
_03730_,10.13µm
_03739_,10.13µm
_03822_,10.13µm
_04075_,10.13µm
_04117_,10.13µm
_04154_,10.13µm
_04349_,10.13µm
_04406_,10.13µm
_04422_,10.13µm
signal_processor_x_inst.s270_pipe\[0\],10.13µm
wave_controller_x_inst.ds_acc\[0\],10.13µm
_00005_,10.08µm
_00428_,10.08µm
_00515_,10.08µm
_00887_,10.08µm
_01291_,10.08µm
_01447_,10.08µm
_01523_,10.08µm
_02121_,10.08µm
_02127_,10.08µm
_02178_,10.08µm
_02275_,10.08µm
_02316_,10.08µm
_02402_,10.08µm
_02408_,10.08µm
_02484_,10.08µm
_02625_,10.08µm
_02754_,10.08µm
_03005_,10.08µm
_03439_,10.08µm
_03477_,10.08µm
_03573_,10.08µm
_03601_,10.08µm
_03695_,10.08µm
_03790_,10.08µm
_03967_,10.08µm
_04403_,10.08µm
_04491_,10.08µm
net26,10.08µm
signal_processor_x_inst.cnt_in\[2\],10.08µm
bidir_out[5],9.94µm
bidir_out[7],9.94µm
_01069_,9.67µm
_01086_,9.67µm
_01947_,9.67µm
_03607_,9.67µm
_03633_,9.67µm
net742,9.66µm
net753,9.66µm
net744,9.66µm
net746,9.66µm
_00576_,9.62µm
_00961_,9.62µm
_01012_,9.62µm
_01243_,9.62µm
_01393_,9.62µm
_01911_,9.62µm
_02610_,9.62µm
_03389_,9.62µm
_03891_,9.62µm
_03972_,9.62µm
_04050_,9.62µm
_04446_,9.62µm
spi_regs_inst.tx_shift\[5\],9.62µm
_00039_,9.57µm
_00098_,9.57µm
_00208_,9.57µm
_00221_,9.57µm
_00276_,9.57µm
_00291_,9.57µm
_00316_,9.57µm
_00353_,9.57µm
_00419_,9.57µm
_00432_,9.57µm
_00520_,9.57µm
_00804_,9.57µm
_00963_,9.57µm
_01015_,9.57µm
_01090_,9.57µm
_01170_,9.57µm
_01264_,9.57µm
_01331_,9.57µm
_01380_,9.57µm
_01390_,9.57µm
_01396_,9.57µm
_01453_,9.57µm
_01571_,9.57µm
_01613_,9.57µm
_01966_,9.57µm
_02059_,9.57µm
_02078_,9.57µm
_02119_,9.57µm
_02269_,9.57µm
_02389_,9.57µm
_02423_,9.57µm
_02729_,9.57µm
_02737_,9.57µm
_02757_,9.57µm
_02976_,9.57µm
_03155_,9.57µm
_03192_,9.57µm
_03295_,9.57µm
_03418_,9.57µm
_03681_,9.57µm
_03704_,9.57µm
_03743_,9.57µm
_03805_,9.57µm
_03843_,9.57µm
_04055_,9.57µm
_04330_,9.57µm
_04447_,9.57µm
_04501_,9.57µm
latch_phase90_ack_y,9.57µm
spi_regs_inst.reg_wr_data\[0\],9.57µm
wave_controller_x_inst.ds_acc\[5\],9.57µm
_00025_,9.52µm
_00104_,9.52µm
_00299_,9.52µm
_00301_,9.52µm
_00313_,9.52µm
_00813_,9.52µm
_00847_,9.52µm
_01047_,9.52µm
_01241_,9.52µm
_01268_,9.52µm
_01375_,9.52µm
_01415_,9.52µm
_01507_,9.52µm
_01539_,9.52µm
_01656_,9.52µm
_01711_,9.52µm
_01736_,9.52µm
_01870_,9.52µm
_02341_,9.52µm
_02390_,9.52µm
_02526_,9.52µm
_02583_,9.52µm
_02704_,9.52µm
_03470_,9.52µm
_03667_,9.52µm
_03689_,9.52µm
_03734_,9.52µm
_03809_,9.52µm
_03846_,9.52µm
_03852_,9.52µm
_03949_,9.52µm
_04018_,9.52µm
_04049_,9.52µm
_04067_,9.52µm
_04353_,9.52µm
_04521_,9.52µm
_04543_,9.52µm
_04614_,9.52µm
_04645_,9.52µm
signal_processor_x_inst.soft_rst_n,9.52µm
net749,9.38µm
net756,9.38µm
bidir_out[1],9.38µm
net651,9.1µm
net653,9.1µm
net709,9.1µm
net700,9.1µm
bidir_out[3],9.1µm
_01171_,9.06µm
_01920_,9.06µm
_02112_,9.06µm
_02280_,9.06µm
_02492_,9.06µm
_02541_,9.06µm
_02566_,9.06µm
_03294_,9.06µm
_03445_,9.06µm
_03565_,9.06µm
_03600_,9.06µm
_03671_,9.06µm
_03786_,9.06µm
_03981_,9.06µm
_04291_,9.06µm
_00096_,9.01µm
_00161_,9.01µm
_00188_,9.01µm
_00332_,9.01µm
_00334_,9.01µm
_00359_,9.01µm
_00422_,9.01µm
_00434_,9.01µm
_00479_,9.01µm
_00519_,9.01µm
_00889_,9.01µm
_01140_,9.01µm
_01187_,9.01µm
_01218_,9.01µm
_01225_,9.01µm
_01518_,9.01µm
_01563_,9.01µm
_01731_,9.01µm
_01949_,9.01µm
_02005_,9.01µm
_02141_,9.01µm
_02435_,9.01µm
_02458_,9.01µm
_02540_,9.01µm
_02898_,9.01µm
_02913_,9.01µm
_03045_,9.01µm
_03107_,9.01µm
_03164_,9.01µm
_03571_,9.01µm
_03657_,9.01µm
_03727_,9.01µm
_03810_,9.01µm
_04090_,9.01µm
_04100_,9.01µm
_04108_,9.01µm
_04374_,9.01µm
_04460_,9.01µm
_04652_,9.01µm
cfg_f_MEMS_fcw_x\[15\],9.01µm
_00052_,8.96µm
_00058_,8.96µm
_00099_,8.96µm
_00110_,8.96µm
_00130_,8.96µm
_00163_,8.96µm
_00249_,8.96µm
_00324_,8.96µm
_00381_,8.96µm
_00504_,8.96µm
_00542_,8.96µm
_00657_,8.96µm
_00875_,8.96µm
_01220_,8.96µm
_01388_,8.96µm
_01422_,8.96µm
_01449_,8.96µm
_01460_,8.96µm
_01515_,8.96µm
_01620_,8.96µm
_01645_,8.96µm
_01707_,8.96µm
_01754_,8.96µm
_01806_,8.96µm
_01951_,8.96µm
_02100_,8.96µm
_02247_,8.96µm
_02296_,8.96µm
_02320_,8.96µm
_02333_,8.96µm
_02420_,8.96µm
_02446_,8.96µm
_02449_,8.96µm
_02512_,8.96µm
_02542_,8.96µm
_02585_,8.96µm
_02882_,8.96µm
_03041_,8.96µm
_03185_,8.96µm
_03353_,8.96µm
_03359_,8.96µm
_03450_,8.96µm
_03520_,8.96µm
_03597_,8.96µm
_03643_,8.96µm
_03673_,8.96µm
_03679_,8.96µm
_03736_,8.96µm
_03745_,8.96µm
_04017_,8.96µm
_04106_,8.96µm
_04121_,8.96µm
_04137_,8.96µm
_04149_,8.96µm
_04289_,8.96µm
_04294_,8.96µm
_04606_,8.96µm
_04627_,8.96µm
_04636_,8.96µm
_04664_,8.96µm
net12,8.96µm
net761,8.96µm
rst_n,8.87µm
net646,8.82µm
net645,8.59µm
net752,8.59µm
net754,8.59µm
net676,8.59µm
net743,8.59µm
net695,8.59µm
net678,8.59µm
net732,8.59µm
_00119_,8.55µm
_01485_,8.55µm
_02821_,8.55µm
_03501_,8.55µm
_01955_,8.5µm
_02328_,8.5µm
_02461_,8.5µm
_02653_,8.5µm
_02736_,8.5µm
_03229_,8.5µm
_03289_,8.5µm
_03311_,8.5µm
_03898_,8.5µm
_00088_,8.45µm
_00135_,8.45µm
_00225_,8.45µm
_00302_,8.45µm
_00412_,8.45µm
_00425_,8.45µm
_00426_,8.45µm
_00448_,8.45µm
_00490_,8.45µm
_00661_,8.45µm
_00859_,8.45µm
_01004_,8.45µm
_01157_,8.45µm
_01202_,8.45µm
_01403_,8.45µm
_01444_,8.45µm
_02102_,8.45µm
_02186_,8.45µm
_02248_,8.45µm
_02416_,8.45µm
_02748_,8.45µm
_03190_,8.45µm
_03332_,8.45µm
_03344_,8.45µm
_03396_,8.45µm
_03468_,8.45µm
_03471_,8.45µm
_03591_,8.45µm
_03713_,8.45µm
_03752_,8.45µm
_03877_,8.45µm
_03903_,8.45µm
_03979_,8.45µm
_04069_,8.45µm
_04204_,8.45µm
_04219_,8.45µm
_04305_,8.45µm
_04339_,8.45µm
_04526_,8.45µm
_00093_,8.4µm
_00102_,8.4µm
_00367_,8.4µm
_00387_,8.4µm
_00471_,8.4µm
_00510_,8.4µm
_01085_,8.4µm
_01299_,8.4µm
_01337_,8.4µm
_01416_,8.4µm
_01545_,8.4µm
_01639_,8.4µm
_01666_,8.4µm
_01790_,8.4µm
_01898_,8.4µm
_01968_,8.4µm
_01982_,8.4µm
_02025_,8.4µm
_02242_,8.4µm
_02250_,8.4µm
_02331_,8.4µm
_02395_,8.4µm
_02422_,8.4µm
_02424_,8.4µm
_02582_,8.4µm
_02660_,8.4µm
_02695_,8.4µm
_02773_,8.4µm
_02854_,8.4µm
_03093_,8.4µm
_03200_,8.4µm
_03272_,8.4µm
_03306_,8.4µm
_03337_,8.4µm
_03375_,8.4µm
_03381_,8.4µm
_03459_,8.4µm
_03498_,8.4µm
_03530_,8.4µm
_03596_,8.4µm
_03630_,8.4µm
_03675_,8.4µm
_03800_,8.4µm
_03839_,8.4µm
_03851_,8.4µm
_03982_,8.4µm
_03983_,8.4µm
_04000_,8.4µm
_04061_,8.4µm
_04130_,8.4µm
_04231_,8.4µm
_04258_,8.4µm
_04302_,8.4µm
_04342_,8.4µm
_04360_,8.4µm
_04377_,8.4µm
_04429_,8.4µm
_04686_,8.4µm
net6,8.4µm
cfg_phase0_offset_y\[3\],8.4µm
count\[5\],8.4µm
net720,8.31µm
bidir_out[6],8.31µm
_03357_,8.04µm
_01732_,7.99µm
_00977_,7.94µm
_01102_,7.94µm
_01156_,7.94µm
_01199_,7.94µm
_01359_,7.94µm
_01555_,7.94µm
_01728_,7.94µm
_01883_,7.94µm
_02258_,7.94µm
_02383_,7.94µm
_02808_,7.94µm
_04071_,7.94µm
_04333_,7.94µm
_04336_,7.94µm
_00095_,7.89µm
_00114_,7.89µm
_00191_,7.89µm
_00199_,7.89µm
_00312_,7.89µm
_00424_,7.89µm
_00431_,7.89µm
_00446_,7.89µm
_00482_,7.89µm
_00533_,7.89µm
_00547_,7.89µm
_00724_,7.89µm
_01009_,7.89µm
_01056_,7.89µm
_01120_,7.89µm
_01261_,7.89µm
_01302_,7.89µm
_01557_,7.89µm
_01734_,7.89µm
_01929_,7.89µm
_01959_,7.89µm
_01973_,7.89µm
_02079_,7.89µm
_02364_,7.89µm
_02403_,7.89µm
_02537_,7.89µm
_02678_,7.89µm
_02817_,7.89µm
_03266_,7.89µm
_03425_,7.89µm
_03443_,7.89µm
_03502_,7.89µm
_03517_,7.89µm
_03697_,7.89µm
_04169_,7.89µm
_04430_,7.89µm
net122,7.89µm
_00000_,7.84µm
_00043_,7.84µm
_00063_,7.84µm
_00154_,7.84µm
_00156_,7.84µm
_00160_,7.84µm
_00167_,7.84µm
_00172_,7.84µm
_00180_,7.84µm
_00335_,7.84µm
_00350_,7.84µm
_00380_,7.84µm
_00396_,7.84µm
_00442_,7.84µm
_00444_,7.84µm
_00483_,7.84µm
_00486_,7.84µm
_00541_,7.84µm
_00671_,7.84µm
_00750_,7.84µm
_00815_,7.84µm
_00867_,7.84µm
_00871_,7.84µm
_00922_,7.84µm
_00946_,7.84µm
_01013_,7.84µm
_01019_,7.84µm
_01023_,7.84µm
_01027_,7.84µm
_01125_,7.84µm
_01188_,7.84µm
_01314_,7.84µm
_01363_,7.84µm
_01421_,7.84µm
_01467_,7.84µm
_01514_,7.84µm
_01573_,7.84µm
_01581_,7.84µm
_01604_,7.84µm
_01677_,7.84µm
_01939_,7.84µm
_02103_,7.84µm
_02200_,7.84µm
_02244_,7.84µm
_02285_,7.84µm
_02301_,7.84µm
_02356_,7.84µm
_02431_,7.84µm
_02453_,7.84µm
_02554_,7.84µm
_02570_,7.84µm
_02619_,7.84µm
_02760_,7.84µm
_02853_,7.84µm
_02879_,7.84µm
_02890_,7.84µm
_02909_,7.84µm
_02918_,7.84µm
_02958_,7.84µm
_03033_,7.84µm
_03080_,7.84µm
_03386_,7.84µm
_03499_,7.84µm
_03551_,7.84µm
_03592_,7.84µm
_03595_,7.84µm
_03625_,7.84µm
_03690_,7.84µm
_03718_,7.84µm
_03768_,7.84µm
_03792_,7.84µm
_03795_,7.84µm
_03899_,7.84µm
_03958_,7.84µm
_03962_,7.84µm
_04086_,7.84µm
_04115_,7.84µm
_04132_,7.84µm
_04170_,7.84µm
_04193_,7.84µm
_04195_,7.84µm
_04270_,7.84µm
_04292_,7.84µm
_04310_,7.84µm
_04420_,7.84µm
_04442_,7.84µm
_04631_,7.84µm
_04632_,7.84µm
_04659_,7.84µm
_04684_,7.84µm
signal_processor_x_inst.s90_pipe\[1\],7.84µm
signal_processor_y_inst.cnt_out\[2\],7.84µm
wave_controller_x_inst.ds_acc\[3\],7.84µm
wave_controller_x_inst.ds_acc\[8\],7.84µm
wave_controller_x_inst.phase_acc\[19\],7.84µm
_01425_,7.56µm
_01434_,7.43µm
_02500_,7.43µm
_03387_,7.43µm
wave_controller_y_inst.cal_burst_count\[1\],7.43µm
_00627_,7.38µm
_00906_,7.38µm
_01148_,7.38µm
_01214_,7.38µm
_01301_,7.38µm
_02053_,7.38µm
_02344_,7.38µm
_02613_,7.38µm
_02680_,7.38µm
_02794_,7.38µm
_02921_,7.38µm
_03007_,7.38µm
_03378_,7.38µm
_03884_,7.38µm
_04187_,7.38µm
_04451_,7.38µm
_00023_,7.33µm
_00101_,7.33µm
_00148_,7.33µm
_00209_,7.33µm
_00303_,7.33µm
_00319_,7.33µm
_00417_,7.33µm
_00418_,7.33µm
_00440_,7.33µm
_00474_,7.33µm
_00741_,7.33µm
_00992_,7.33µm
_01033_,7.33µm
_01204_,7.33µm
_02063_,7.33µm
_02135_,7.33µm
_02276_,7.33µm
_02327_,7.33µm
_02425_,7.33µm
_02450_,7.33µm
_02535_,7.33µm
_02889_,7.33µm
_02924_,7.33µm
_03296_,7.33µm
_03613_,7.33µm
_03682_,7.33µm
_03686_,7.33µm
_03687_,7.33µm
_03787_,7.33µm
_04073_,7.33µm
_04101_,7.33µm
_04201_,7.33µm
_04345_,7.33µm
_04354_,7.33µm
_04368_,7.33µm
wave_controller_x_inst.cal_burst_count\[1\],7.33µm
wave_controller_x_inst.ds_acc\[1\],7.33µm
_00006_,7.28µm
_00008_,7.28µm
_00014_,7.28µm
_00015_,7.28µm
_00019_,7.28µm
_00026_,7.28µm
_00055_,7.28µm
_00062_,7.28µm
_00070_,7.28µm
_00077_,7.28µm
_00131_,7.28µm
_00132_,7.28µm
_00134_,7.28µm
_00179_,7.28µm
_00247_,7.28µm
_00296_,7.28µm
_00329_,7.28µm
_00340_,7.28µm
_00348_,7.28µm
_00373_,7.28µm
_00383_,7.28µm
_00385_,7.28µm
_00402_,7.28µm
_00447_,7.28µm
_00457_,7.28µm
_00481_,7.28µm
_00506_,7.28µm
_00518_,7.28µm
_00531_,7.28µm
_00532_,7.28µm
_00535_,7.28µm
_00850_,7.28µm
_00856_,7.28µm
_00878_,7.28µm
_00953_,7.28µm
_01014_,7.28µm
_01081_,7.28µm
_01131_,7.28µm
_01159_,7.28µm
_01227_,7.28µm
_01282_,7.28µm
_01309_,7.28µm
_01440_,7.28µm
_01446_,7.28µm
_01452_,7.28µm
_01471_,7.28µm
_01494_,7.28µm
_01646_,7.28µm
_01678_,7.28µm
_01679_,7.28µm
_01680_,7.28µm
_01681_,7.28µm
_01729_,7.28µm
_01885_,7.28µm
_01957_,7.28µm
_01958_,7.28µm
_02006_,7.28µm
_02020_,7.28µm
_02073_,7.28µm
_02142_,7.28µm
_02293_,7.28µm
_02343_,7.28µm
_02455_,7.28µm
_02478_,7.28µm
_02480_,7.28µm
_02697_,7.28µm
_02720_,7.28µm
_02742_,7.28µm
_02840_,7.28µm
_02876_,7.28µm
_02984_,7.28µm
_03027_,7.28µm
_03073_,7.28µm
_03086_,7.28µm
_03130_,7.28µm
_03152_,7.28µm
_03210_,7.28µm
_03312_,7.28µm
_03453_,7.28µm
_03456_,7.28µm
_03490_,7.28µm
_03590_,7.28µm
_03614_,7.28µm
_03628_,7.28µm
_03798_,7.28µm
_03799_,7.28µm
_03802_,7.28µm
_03881_,7.28µm
_03913_,7.28µm
_03955_,7.28µm
_03977_,7.28µm
_03991_,7.28µm
_04010_,7.28µm
_04027_,7.28µm
_04152_,7.28µm
_04222_,7.28µm
_04228_,7.28µm
_04266_,7.28µm
_04304_,7.28µm
_04321_,7.28µm
_04444_,7.28µm
_04448_,7.28µm
_04489_,7.28µm
_04505_,7.28µm
_04509_,7.28µm
_04546_,7.28µm
_04602_,7.28µm
_04608_,7.28µm
_04613_,7.28µm
_04633_,7.28µm
_04685_,7.28µm
count\[6\],7.28µm
signal_processor_y_inst.s90_pipe\[1\],7.28µm
wave_controller_x_inst.ds_acc\[2\],7.28µm
wave_controller_y_inst.capture_pending,7.28µm
wave_controller_y_inst.ds_acc\[3\],7.28µm
_01592_,6.87µm
_02611_,6.87µm
_02991_,6.87µm
_03368_,6.87µm
_03576_,6.87µm
_03762_,6.87µm
_03971_,6.87µm
_00122_,6.82µm
_00658_,6.82µm
_00862_,6.82µm
_00886_,6.82µm
_00998_,6.82µm
_01376_,6.82µm
_01419_,6.82µm
_01504_,6.82µm
_01550_,6.82µm
_02052_,6.82µm
_02230_,6.82µm
_02246_,6.82µm
_02795_,6.82µm
_03123_,6.82µm
_03370_,6.82µm
_03534_,6.82µm
_03642_,6.82µm
_03997_,6.82µm
_04200_,6.82µm
_04206_,6.82µm
_04567_,6.82µm
net13,6.82µm
net16,6.82µm
_00066_,6.77µm
_00118_,6.77µm
_00136_,6.77µm
_00201_,6.77µm
_00215_,6.77µm
_00239_,6.77µm
_00277_,6.77µm
_00286_,6.77µm
_00295_,6.77µm
_00347_,6.77µm
_00416_,6.77µm
_00554_,6.77µm
_01010_,6.77µm
_01052_,6.77µm
_01209_,6.77µm
_01409_,6.77µm
_01984_,6.77µm
_01995_,6.77µm
_02498_,6.77µm
_02693_,6.77µm
_02807_,6.77µm
_02844_,6.77µm
_02940_,6.77µm
_03199_,6.77µm
_03303_,6.77µm
_03348_,6.77µm
_03540_,6.77µm
_03615_,6.77µm
_03651_,6.77µm
_03655_,6.77µm
_03691_,6.77µm
_03710_,6.77µm
_03749_,6.77µm
_03808_,6.77µm
_04059_,6.77µm
_04205_,6.77µm
_04337_,6.77µm
_04343_,6.77µm
_04367_,6.77µm
_04441_,6.77µm
_04650_,6.77µm
_04663_,6.77µm
net760,6.77µm
_00028_,6.72µm
_00033_,6.72µm
_00044_,6.72µm
_00126_,6.72µm
_00253_,6.72µm
_00298_,6.72µm
_00318_,6.72µm
_00345_,6.72µm
_00362_,6.72µm
_00465_,6.72µm
_00493_,6.72µm
_00497_,6.72µm
_00527_,6.72µm
_00538_,6.72µm
_00775_,6.72µm
_00879_,6.72µm
_01017_,6.72µm
_01097_,6.72µm
_01114_,6.72µm
_01133_,6.72µm
_01153_,6.72µm
_01161_,6.72µm
_01195_,6.72µm
_01353_,6.72µm
_01502_,6.72µm
_01512_,6.72µm
_01684_,6.72µm
_02002_,6.72µm
_02015_,6.72µm
_02024_,6.72µm
_02093_,6.72µm
_02175_,6.72µm
_02191_,6.72µm
_02282_,6.72µm
_02288_,6.72µm
_02322_,6.72µm
_02397_,6.72µm
_02469_,6.72µm
_02521_,6.72µm
_02666_,6.72µm
_02676_,6.72µm
_02883_,6.72µm
_02922_,6.72µm
_02928_,6.72µm
_02965_,6.72µm
_03119_,6.72µm
_03172_,6.72µm
_03241_,6.72µm
_03373_,6.72µm
_03702_,6.72µm
_03705_,6.72µm
_03761_,6.72µm
_03779_,6.72µm
_03783_,6.72µm
_03814_,6.72µm
_03830_,6.72µm
_04019_,6.72µm
_04043_,6.72µm
_04167_,6.72µm
_04203_,6.72µm
_04215_,6.72µm
_04234_,6.72µm
_04246_,6.72µm
_04260_,6.72µm
_04284_,6.72µm
_04296_,6.72µm
_04316_,6.72µm
_04348_,6.72µm
_04364_,6.72µm
_04365_,6.72µm
_04373_,6.72µm
_04390_,6.72µm
_04449_,6.72µm
_04481_,6.72µm
_04487_,6.72µm
_04507_,6.72µm
_04519_,6.72µm
_04588_,6.72µm
_04589_,6.72µm
_04604_,6.72µm
_04625_,6.72µm
_04673_,6.72µm
net117,6.72µm
_03608_,6.49µm
_02257_,6.31µm
_03878_,6.31µm
_04363_,6.31µm
_00157_,6.26µm
_00164_,6.26µm
_00244_,6.26µm
_01589_,6.26µm
_02195_,6.26µm
_02784_,6.26µm
_03021_,6.26µm
_03390_,6.26µm
_03554_,6.26µm
_03889_,6.26µm
_04401_,6.26µm
_00087_,6.21µm
_00112_,6.21µm
_00170_,6.21µm
_00175_,6.21µm
_00176_,6.21µm
_00234_,6.21µm
_00489_,6.21µm
_00491_,6.21µm
_00509_,6.21µm
_00985_,6.21µm
_01003_,6.21µm
_01495_,6.21µm
_02088_,6.21µm
_02162_,6.21µm
_02180_,6.21µm
_02201_,6.21µm
_02245_,6.21µm
_02396_,6.21µm
_02490_,6.21µm
_02580_,6.21µm
_02762_,6.21µm
_03115_,6.21µm
_03307_,6.21µm
_03431_,6.21µm
_03438_,6.21µm
_03529_,6.21µm
_03723_,6.21µm
_03729_,6.21µm
_03744_,6.21µm
_03818_,6.21µm
_03907_,6.21µm
_04006_,6.21µm
_04022_,6.21µm
_04165_,6.21µm
_04218_,6.21µm
_04658_,6.21µm
_04672_,6.21µm
count\[9\],6.21µm
signal_processor_x_inst.s90_pipe\[2\],6.21µm
_00233_,6.16µm
_00254_,6.16µm
_00255_,6.16µm
_00320_,6.16µm
_00526_,6.16µm
_00540_,6.16µm
_00551_,6.16µm
_00921_,6.16µm
_00986_,6.16µm
_01079_,6.16µm
_01124_,6.16µm
_01247_,6.16µm
_01294_,6.16µm
_01365_,6.16µm
_01424_,6.16µm
_01509_,6.16µm
_01658_,6.16µm
_01994_,6.16µm
_02044_,6.16µm
_02208_,6.16µm
_02412_,6.16µm
_02426_,6.16µm
_02443_,6.16µm
_02462_,6.16µm
_02635_,6.16µm
_02709_,6.16µm
_02763_,6.16µm
_02847_,6.16µm
_02866_,6.16µm
_03039_,6.16µm
_03096_,6.16µm
_03177_,6.16µm
_03207_,6.16µm
_03228_,6.16µm
_03278_,6.16µm
_03285_,6.16µm
_03305_,6.16µm
_03369_,6.16µm
_03433_,6.16µm
_03506_,6.16µm
_03585_,6.16µm
_03699_,6.16µm
_03712_,6.16µm
_03751_,6.16µm
_03797_,6.16µm
_03816_,6.16µm
_03894_,6.16µm
_03938_,6.16µm
_04025_,6.16µm
_04028_,6.16µm
_04095_,6.16µm
_04181_,6.16µm
_04192_,6.16µm
_04297_,6.16µm
_04300_,6.16µm
_04331_,6.16µm
_04414_,6.16µm
_04559_,6.16µm
_04601_,6.16µm
net43,6.16µm
_00971_,5.7µm
_01271_,5.7µm
_01423_,5.7µm
_01448_,5.7µm
_01660_,5.7µm
_01932_,5.7µm
_02144_,5.7µm
_02156_,5.7µm
_02475_,5.7µm
_02719_,5.7µm
_02806_,5.7µm
_03064_,5.7µm
_03129_,5.7µm
_03273_,5.7µm
_03286_,5.7µm
_03980_,5.7µm
_04472_,5.7µm
_04475_,5.7µm
_04494_,5.7µm
_04568_,5.7µm
latch_phase90_ack_x,5.7µm
_00067_,5.65µm
_00116_,5.65µm
_00177_,5.65µm
_00181_,5.65µm
_00182_,5.65µm
_00214_,5.65µm
_00305_,5.65µm
_00309_,5.65µm
_00409_,5.65µm
_00438_,5.65µm
_00507_,5.65µm
_00511_,5.65µm
_00514_,5.65µm
_00556_,5.65µm
_00791_,5.65µm
_00988_,5.65µm
_01040_,5.65µm
_01490_,5.65µm
_01928_,5.65µm
_02065_,5.65µm
_02070_,5.65µm
_02146_,5.65µm
_02149_,5.65µm
_02538_,5.65µm
_02638_,5.65µm
_02722_,5.65µm
_02749_,5.65µm
_02857_,5.65µm
_02893_,5.65µm
_02910_,5.65µm
_02946_,5.65µm
_02989_,5.65µm
_03212_,5.65µm
_03233_,5.65µm
_03407_,5.65µm
_03441_,5.65µm
_03475_,5.65µm
_03523_,5.65µm
_03624_,5.65µm
_03763_,5.65µm
_03999_,5.65µm
_04148_,5.65µm
_04174_,5.65µm
_04185_,5.65µm
_04190_,5.65µm
_04306_,5.65µm
_04334_,5.65µm
_00049_,5.6µm
_00065_,5.6µm
_00100_,5.6µm
_00147_,5.6µm
_00288_,5.6µm
_00343_,5.6µm
_00349_,5.6µm
_00406_,5.6µm
_00500_,5.6µm
_00670_,5.6µm
_00735_,5.6µm
_01018_,5.6µm
_01158_,5.6µm
_01217_,5.6µm
_01548_,5.6µm
_01567_,5.6µm
_01640_,5.6µm
_01690_,5.6µm
_01801_,5.6µm
_01803_,5.6µm
_01938_,5.6µm
_01977_,5.6µm
_02034_,5.6µm
_02187_,5.6µm
_02252_,5.6µm
_02281_,5.6µm
_02460_,5.6µm
_02504_,5.6µm
_02877_,5.6µm
_03003_,5.6µm
_03262_,5.6µm
_03341_,5.6µm
_03410_,5.6µm
_03434_,5.6µm
_03463_,5.6µm
_03525_,5.6µm
_03609_,5.6µm
_03668_,5.6µm
_03683_,5.6µm
_03684_,5.6µm
_03696_,5.6µm
_03698_,5.6µm
_03725_,5.6µm
_03731_,5.6µm
_03748_,5.6µm
_03841_,5.6µm
_03945_,5.6µm
_04092_,5.6µm
_04256_,5.6µm
_04274_,5.6µm
_04275_,5.6µm
_04278_,5.6µm
_04319_,5.6µm
_04340_,5.6µm
_04351_,5.6µm
_04378_,5.6µm
_04480_,5.6µm
_04679_,5.6µm
net19,5.6µm
comp_x,5.6µm
wave_controller_y_inst.comp_sync1,5.6µm
wave_controller_y_inst.comp_sync2,5.6µm
_00227_,5.54µm
_01348_,5.14µm
_02975_,5.14µm
_03196_,5.14µm
_03447_,5.14µm
_03669_,5.14µm
_03812_,5.14µm
_04035_,5.14µm
_04053_,5.14µm
_04400_,5.14µm
_00010_,5.09µm
_00237_,5.09µm
_00351_,5.09µm
_00355_,5.09µm
_00384_,5.09µm
_00453_,5.09µm
_00523_,5.09µm
_00624_,5.09µm
_01238_,5.09µm
_01279_,5.09µm
_02032_,5.09µm
_02415_,5.09µm
_02931_,5.09µm
_03247_,5.09µm
_03722_,5.09µm
_03728_,5.09µm
_03767_,5.09µm
_04029_,5.09µm
_04040_,5.09µm
_04054_,5.09µm
_04341_,5.09µm
_00017_,5.04µm
_00059_,5.04µm
_00060_,5.04µm
_00061_,5.04µm
_00082_,5.04µm
_00105_,5.04µm
_00125_,5.04µm
_00137_,5.04µm
_00146_,5.04µm
_00155_,5.04µm
_00186_,5.04µm
_00203_,5.04µm
_00212_,5.04µm
_00243_,5.04µm
_00248_,5.04µm
_00259_,5.04µm
_00264_,5.04µm
_00268_,5.04µm
_00278_,5.04µm
_00279_,5.04µm
_00281_,5.04µm
_00284_,5.04µm
_00339_,5.04µm
_00358_,5.04µm
_00361_,5.04µm
_00388_,5.04µm
_00454_,5.04µm
_00459_,5.04µm
_00464_,5.04µm
_00469_,5.04µm
_00513_,5.04µm
_00521_,5.04µm
_00525_,5.04µm
_00537_,5.04µm
_00539_,5.04µm
_00544_,5.04µm
_00549_,5.04µm
_00552_,5.04µm
_00725_,5.04µm
_00870_,5.04µm
_00967_,5.04µm
_01095_,5.04µm
_01141_,5.04µm
_01146_,5.04µm
_01335_,5.04µm
_01354_,5.04µm
_01428_,5.04µm
_01436_,5.04µm
_01496_,5.04µm
_01593_,5.04µm
_01610_,5.04µm
_01698_,5.04µm
_01727_,5.04µm
_01739_,5.04µm
_01869_,5.04µm
_02008_,5.04µm
_02039_,5.04µm
_02218_,5.04µm
_02527_,5.04µm
_02565_,5.04µm
_02646_,5.04µm
_02647_,5.04µm
_02725_,5.04µm
_02776_,5.04µm
_02836_,5.04µm
_02858_,5.04µm
_02962_,5.04µm
_03100_,5.04µm
_03274_,5.04µm
_03584_,5.04µm
_03618_,5.04µm
_03622_,5.04µm
_03674_,5.04µm
_03755_,5.04µm
_03838_,5.04µm
_03874_,5.04µm
_04042_,5.04µm
_04051_,5.04µm
_04072_,5.04µm
_04182_,5.04µm
_04198_,5.04µm
_04290_,5.04µm
_04309_,5.04µm
_04350_,5.04µm
_04361_,5.04µm
_04376_,5.04µm
_04388_,5.04µm
_04683_,5.04µm
net17,5.04µm
cfg_phase0_offset_x\[19\],5.04µm
latch_phase270_ack_x,5.04µm
signal_processor_x_inst.s90_pipe\[0\],5.04µm
wave_controller_x_inst.comp_sync0,5.04µm
net114,5.04µm
_00392_,4.98µm
_00606_,4.63µm
_00076_,4.58µm
_00327_,4.58µm
_00401_,4.58µm
_00814_,4.58µm
_01260_,4.58µm
_01346_,4.58µm
_01477_,4.58µm
_01696_,4.58µm
_01934_,4.58µm
_02832_,4.58µm
_03042_,4.58µm
_03103_,4.58µm
_03171_,4.58µm
_03356_,4.58µm
_03527_,4.58µm
_03956_,4.58µm
_04064_,4.58µm
_04065_,4.58µm
_04159_,4.58µm
_04179_,4.58µm
_04217_,4.58µm
_04396_,4.58µm
_04426_,4.58µm
_00138_,4.54µm
_00124_,4.53µm
_00142_,4.53µm
_00315_,4.53µm
_00435_,4.53µm
_00443_,4.53µm
_00456_,4.53µm
_01087_,4.53µm
_01522_,4.53µm
_03138_,4.53µm
_03282_,4.53µm
_03388_,4.53µm
_03577_,4.53µm
_03746_,4.53µm
_03757_,4.53µm
_04176_,4.53µm
_04285_,4.53µm
_04399_,4.53µm
_04419_,4.53µm
_00056_,4.48µm
_00079_,4.48µm
_00106_,4.48µm
_00115_,4.48µm
_00129_,4.48µm
_00145_,4.48µm
_00151_,4.48µm
_00158_,4.48µm
_00189_,4.48µm
_00207_,4.48µm
_00241_,4.48µm
_00245_,4.48µm
_00262_,4.48µm
_00266_,4.48µm
_00314_,4.48µm
_00317_,4.48µm
_00338_,4.48µm
_00357_,4.48µm
_00363_,4.48µm
_00364_,4.48µm
_00366_,4.48µm
_00371_,4.48µm
_00382_,4.48µm
_00398_,4.48µm
_00436_,4.48µm
_00445_,4.48µm
_00466_,4.48µm
_00468_,4.48µm
_00470_,4.48µm
_00487_,4.48µm
_00499_,4.48µm
_00501_,4.48µm
_00508_,4.48µm
_00522_,4.48µm
_00524_,4.48µm
_00534_,4.48µm
_00543_,4.48µm
_00546_,4.48µm
_00659_,4.48µm
_00774_,4.48µm
_00818_,4.48µm
_00882_,4.48µm
_00890_,4.48µm
_00910_,4.48µm
_01036_,4.48µm
_01049_,4.48µm
_01106_,4.48µm
_01253_,4.48µm
_01349_,4.48µm
_01372_,4.48µm
_01395_,4.48µm
_01476_,4.48µm
_01537_,4.48µm
_01643_,4.48µm
_01675_,4.48µm
_01855_,4.48µm
_01945_,4.48µm
_02185_,4.48µm
_02493_,4.48µm
_02549_,4.48µm
_02615_,4.48µm
_02656_,4.48µm
_02692_,4.48µm
_02765_,4.48µm
_02874_,4.48µm
_02914_,4.48µm
_02934_,4.48µm
_02952_,4.48µm
_02963_,4.48µm
_02992_,4.48µm
_03014_,4.48µm
_03025_,4.48µm
_03031_,4.48µm
_03169_,4.48µm
_03219_,4.48µm
_03384_,4.48µm
_03610_,4.48µm
_03737_,4.48µm
_03791_,4.48µm
_03826_,4.48µm
_03832_,4.48µm
_03833_,4.48µm
_03850_,4.48µm
_03919_,4.48µm
_03930_,4.48µm
_04014_,4.48µm
_04052_,4.48µm
_04098_,4.48µm
_04103_,4.48µm
_04113_,4.48µm
_04186_,4.48µm
_04197_,4.48µm
_04243_,4.48µm
_04265_,4.48µm
_04427_,4.48µm
_04428_,4.48µm
_04527_,4.48µm
_04547_,4.48µm
_04574_,4.48µm
_04575_,4.48µm
_04590_,4.48µm
_04655_,4.48µm
signal_processor_x_inst.s270_pipe\[1\],4.48µm
signal_processor_y_inst.cnt_out\[0\],4.48µm
spi_regs_inst.reg_wr_data\[5\],4.48µm
_00480_,4.42µm
_01293_,4.02µm
_01503_,4.02µm
_02633_,4.02µm
_02786_,4.02µm
_02855_,4.02µm
_03329_,4.02µm
_03404_,4.02µm
_03420_,4.02µm
_03645_,4.02µm
_03670_,4.02µm
_03777_,4.02µm
_03796_,4.02µm
_03975_,4.02µm
_04046_,4.02µm
_04175_,4.02µm
_04402_,4.02µm
_04478_,4.02µm
_00812_,3.97µm
_00869_,3.97µm
_00991_,3.97µm
_01006_,3.97µm
_01500_,3.97µm
_02011_,3.97µm
_02452_,3.97µm
_02951_,3.97µm
_03044_,3.97µm
_03612_,3.97µm
_03747_,3.97µm
_04269_,3.97µm
_04303_,3.97µm
_04344_,3.97µm
_04615_,3.97µm
_00032_,3.92µm
_00057_,3.92µm
_00068_,3.92µm
_00071_,3.92µm
_00090_,3.92µm
_00094_,3.92µm
_00121_,3.92µm
_00144_,3.92µm
_00162_,3.92µm
_00165_,3.92µm
_00187_,3.92µm
_00213_,3.92µm
_00228_,3.92µm
_00232_,3.92µm
_00235_,3.92µm
_00246_,3.92µm
_00251_,3.92µm
_00256_,3.92µm
_00258_,3.92µm
_00269_,3.92µm
_00271_,3.92µm
_00273_,3.92µm
_00274_,3.92µm
_00323_,3.92µm
_00325_,3.92µm
_00337_,3.92µm
_00390_,3.92µm
_00407_,3.92µm
_00455_,3.92µm
_00458_,3.92µm
_00495_,3.92µm
_00502_,3.92µm
_00505_,3.92µm
_00516_,3.92µm
_00581_,3.92µm
_00728_,3.92µm
_00796_,3.92µm
_00854_,3.92µm
_00896_,3.92µm
_00915_,3.92µm
_00975_,3.92µm
_01005_,3.92µm
_01035_,3.92µm
_01063_,3.92µm
_01073_,3.92µm
_01112_,3.92µm
_01165_,3.92µm
_01289_,3.92µm
_01306_,3.92µm
_01312_,3.92µm
_01412_,3.92µm
_01417_,3.92µm
_01708_,3.92µm
_01710_,3.92µm
_01860_,3.92µm
_01946_,3.92µm
_01975_,3.92µm
_02094_,3.92µm
_02169_,3.92µm
_02266_,3.92µm
_02272_,3.92µm
_02336_,3.92µm
_02391_,3.92µm
_02411_,3.92µm
_02436_,3.92µm
_02523_,3.92µm
_02558_,3.92µm
_02559_,3.92µm
_02564_,3.92µm
_02569_,3.92µm
_02574_,3.92µm
_02596_,3.92µm
_02602_,3.92µm
_02651_,3.92µm
_02771_,3.92µm
_02789_,3.92µm
_02842_,3.92µm
_02949_,3.92µm
_02977_,3.92µm
_02986_,3.92µm
_02999_,3.92µm
_03214_,3.92µm
_03253_,3.92µm
_03276_,3.92µm
_03293_,3.92µm
_03302_,3.92µm
_03423_,3.92µm
_03598_,3.92µm
_03635_,3.92µm
_03688_,3.92µm
_03720_,3.92µm
_03750_,3.92µm
_03773_,3.92µm
_03847_,3.92µm
_03856_,3.92µm
_03904_,3.92µm
_03910_,3.92µm
_04031_,3.92µm
_04041_,3.92µm
_04063_,3.92µm
_04083_,3.92µm
_04188_,3.92µm
_04230_,3.92µm
_04252_,3.92µm
_04253_,3.92µm
_04263_,3.92µm
_04328_,3.92µm
_04413_,3.92µm
_04417_,3.92µm
_04571_,3.92µm
_04648_,3.92µm
_03602_,3.64µm
_03091_,3.56µm
_01001_,3.46µm
_01169_,3.46µm
_01435_,3.46µm
_01466_,3.46µm
_01577_,3.46µm
_01923_,3.46µm
_02107_,3.46µm
_02406_,3.46µm
_02483_,3.46µm
_02485_,3.46µm
_02654_,3.46µm
_02669_,3.46µm
_02805_,3.46µm
_02865_,3.46µm
_03161_,3.46µm
_03231_,3.46µm
_03248_,3.46µm
_03346_,3.46µm
_03532_,3.46µm
_03738_,3.46µm
_03740_,3.46µm
_03995_,3.46µm
_04282_,3.46µm
_04295_,3.46µm
_04499_,3.46µm
_04511_,3.46µm
_04562_,3.46µm
_04579_,3.46µm
_02290_,3.41µm
_02896_,3.41µm
_03342_,3.41µm
_03513_,3.41µm
_03583_,3.41µm
_04161_,3.41µm
_04301_,3.41µm
_04424_,3.41µm
_04676_,3.41µm
signal_processor_y_inst.s270_pipe\[1\],3.41µm
_00002_,3.36µm
_00022_,3.36µm
_00024_,3.36µm
_00034_,3.36µm
_00041_,3.36µm
_00045_,3.36µm
_00048_,3.36µm
_00051_,3.36µm
_00069_,3.36µm
_00073_,3.36µm
_00081_,3.36µm
_00089_,3.36µm
_00111_,3.36µm
_00113_,3.36µm
_00123_,3.36µm
_00127_,3.36µm
_00128_,3.36µm
_00133_,3.36µm
_00139_,3.36µm
_00141_,3.36µm
_00150_,3.36µm
_00171_,3.36µm
_00216_,3.36µm
_00217_,3.36µm
_00219_,3.36µm
_00223_,3.36µm
_00229_,3.36µm
_00242_,3.36µm
_00250_,3.36µm
_00263_,3.36µm
_00267_,3.36µm
_00270_,3.36µm
_00272_,3.36µm
_00275_,3.36µm
_00294_,3.36µm
_00308_,3.36µm
_00311_,3.36µm
_00321_,3.36µm
_00326_,3.36µm
_00336_,3.36µm
_00346_,3.36µm
_00372_,3.36µm
_00374_,3.36µm
_00408_,3.36µm
_00410_,3.36µm
_00433_,3.36µm
_00439_,3.36µm
_00460_,3.36µm
_00461_,3.36µm
_00463_,3.36µm
_00488_,3.36µm
_00496_,3.36µm
_00512_,3.36µm
_00663_,3.36µm
_00793_,3.36µm
_00849_,3.36µm
_00893_,3.36µm
_00900_,3.36µm
_00924_,3.36µm
_00996_,3.36µm
_01000_,3.36µm
_01092_,3.36µm
_01223_,3.36µm
_01249_,3.36µm
_01252_,3.36µm
_01255_,3.36µm
_01286_,3.36µm
_01318_,3.36µm
_01384_,3.36µm
_01429_,3.36µm
_01493_,3.36µm
_01534_,3.36µm
_01614_,3.36µm
_01650_,3.36µm
_01683_,3.36µm
_01805_,3.36µm
_01865_,3.36µm
_01868_,3.36µm
_01906_,3.36µm
_02170_,3.36µm
_02365_,3.36µm
_02530_,3.36µm
_02614_,3.36µm
_02632_,3.36µm
_02650_,3.36µm
_02674_,3.36µm
_02686_,3.36µm
_02715_,3.36µm
_02735_,3.36µm
_02743_,3.36µm
_02833_,3.36µm
_02872_,3.36µm
_02902_,3.36µm
_02916_,3.36µm
_02996_,3.36µm
_03052_,3.36µm
_03065_,3.36µm
_03078_,3.36µm
_03098_,3.36µm
_03106_,3.36µm
_03120_,3.36µm
_03146_,3.36µm
_03170_,3.36µm
_03183_,3.36µm
_03208_,3.36µm
_03220_,3.36µm
_03414_,3.36µm
_03428_,3.36µm
_03452_,3.36µm
_03455_,3.36µm
_03458_,3.36µm
_03460_,3.36µm
_03504_,3.36µm
_03535_,3.36µm
_03582_,3.36µm
_03636_,3.36µm
_03654_,3.36µm
_03676_,3.36µm
_03709_,3.36µm
_03726_,3.36µm
_03742_,3.36µm
_03781_,3.36µm
_03801_,3.36µm
_03828_,3.36µm
_03831_,3.36µm
_03840_,3.36µm
_03842_,3.36µm
_03844_,3.36µm
_03909_,3.36µm
_03916_,3.36µm
_03953_,3.36µm
_04002_,3.36µm
_04037_,3.36µm
_04048_,3.36µm
_04104_,3.36µm
_04163_,3.36µm
_04244_,3.36µm
_04255_,3.36µm
_04264_,3.36µm
_04283_,3.36µm
_04286_,3.36µm
_04287_,3.36µm
_04293_,3.36µm
_04326_,3.36µm
_04329_,3.36µm
_04335_,3.36µm
_04357_,3.36µm
_04381_,3.36µm
_04392_,3.36µm
_04411_,3.36µm
_04438_,3.36µm
_04479_,3.36µm
_04586_,3.36µm
_04603_,3.36µm
_04624_,3.36µm
_04656_,3.36µm
net1,3.36µm
signal_processor_x_inst.s270_pipe\[2\],3.36µm
signal_processor_y_inst.cnt_out\[3\],3.36µm
spi_regs_inst.reg_wr_data\[2\],3.36µm
spi_regs_inst.reg_wr_data\[3\],3.36µm
_00901_,2.9µm
_01002_,2.9µm
_01022_,2.9µm
_01118_,2.9µm
_01273_,2.9µm
_02120_,2.9µm
_02385_,2.9µm
_02451_,2.9µm
_03265_,2.9µm
_03599_,2.9µm
_03724_,2.9µm
_03855_,2.9µm
_04151_,2.9µm
_04227_,2.9µm
_04273_,2.9µm
_04398_,2.9µm
_04433_,2.9µm
_02043_,2.85µm
_02225_,2.85µm
_02944_,2.85µm
_03211_,2.85µm
_03244_,2.85µm
_03640_,2.85µm
_03895_,2.85µm
_00007_,2.8µm
_00018_,2.8µm
_00029_,2.8µm
_00031_,2.8µm
_00042_,2.8µm
_00054_,2.8µm
_00074_,2.8µm
_00075_,2.8µm
_00078_,2.8µm
_00091_,2.8µm
_00109_,2.8µm
_00117_,2.8µm
_00120_,2.8µm
_00140_,2.8µm
_00152_,2.8µm
_00159_,2.8µm
_00166_,2.8µm
_00168_,2.8µm
_00192_,2.8µm
_00194_,2.8µm
_00202_,2.8µm
_00204_,2.8µm
_00218_,2.8µm
_00226_,2.8µm
_00231_,2.8µm
_00238_,2.8µm
_00261_,2.8µm
_00265_,2.8µm
_00285_,2.8µm
_00290_,2.8µm
_00292_,2.8µm
_00304_,2.8µm
_00306_,2.8µm
_00322_,2.8µm
_00328_,2.8µm
_00354_,2.8µm
_00356_,2.8µm
_00389_,2.8µm
_00391_,2.8µm
_00394_,2.8µm
_00395_,2.8µm
_00400_,2.8µm
_00403_,2.8µm
_00404_,2.8µm
_00405_,2.8µm
_00437_,2.8µm
_00441_,2.8µm
_00462_,2.8µm
_00467_,2.8µm
_00498_,2.8µm
_00517_,2.8µm
_00528_,2.8µm
_00529_,2.8µm
_00530_,2.8µm
_00545_,2.8µm
_00555_,2.8µm
_00868_,2.8µm
_00873_,2.8µm
_00876_,2.8µm
_00881_,2.8µm
_00974_,2.8µm
_00997_,2.8µm
_01021_,2.8µm
_01045_,2.8µm
_01142_,2.8µm
_01189_,2.8µm
_01370_,2.8µm
_01439_,2.8µm
_01464_,2.8µm
_01484_,2.8µm
_01505_,2.8µm
_01578_,2.8µm
_01605_,2.8µm
_01724_,2.8µm
_01802_,2.8µm
_01896_,2.8µm
_02007_,2.8µm
_02048_,2.8µm
_02122_,2.8µm
_02155_,2.8µm
_02219_,2.8µm
_02271_,2.8µm
_02279_,2.8µm
_02291_,2.8µm
_02299_,2.8µm
_02302_,2.8µm
_02438_,2.8µm
_02545_,2.8µm
_02546_,2.8µm
_02573_,2.8µm
_02606_,2.8µm
_02664_,2.8µm
_02667_,2.8µm
_02673_,2.8µm
_02677_,2.8µm
_02700_,2.8µm
_02746_,2.8µm
_02756_,2.8µm
_02772_,2.8µm
_02803_,2.8µm
_02826_,2.8µm
_02904_,2.8µm
_02935_,2.8µm
_03023_,2.8µm
_03056_,2.8µm
_03070_,2.8µm
_03113_,2.8µm
_03121_,2.8µm
_03125_,2.8µm
_03131_,2.8µm
_03134_,2.8µm
_03136_,2.8µm
_03167_,2.8µm
_03188_,2.8µm
_03216_,2.8µm
_03245_,2.8µm
_03283_,2.8µm
_03351_,2.8µm
_03380_,2.8µm
_03401_,2.8µm
_03416_,2.8µm
_03432_,2.8µm
_03437_,2.8µm
_03466_,2.8µm
_03489_,2.8µm
_03505_,2.8µm
_03572_,2.8µm
_03604_,2.8µm
_03629_,2.8µm
_03662_,2.8µm
_03715_,2.8µm
_03733_,2.8µm
_03765_,2.8µm
_03769_,2.8µm
_03827_,2.8µm
_03864_,2.8µm
_03902_,2.8µm
_03984_,2.8µm
_04012_,2.8µm
_04032_,2.8µm
_04057_,2.8µm
_04225_,2.8µm
_04257_,2.8µm
_04276_,2.8µm
_04299_,2.8µm
_04346_,2.8µm
_04366_,2.8µm
_04370_,2.8µm
_04375_,2.8µm
_04405_,2.8µm
_04423_,2.8µm
_04443_,2.8µm
_04476_,2.8µm
_04477_,2.8µm
_04503_,2.8µm
_04515_,2.8µm
_04517_,2.8µm
_04523_,2.8µm
_04525_,2.8µm
_04563_,2.8µm
_04576_,2.8µm
_04580_,2.8µm
_04628_,2.8µm
_04637_,2.8µm
_04661_,2.8µm
latch_phase270_ack_y,2.8µm
wave_controller_x_inst.comp_sync2,2.8µm
_00738_,2.34µm
_02064_,2.34µm
_02329_,2.34µm
_02342_,2.34µm
_02427_,2.34µm
_02519_,2.34µm
_02816_,2.34µm
_03094_,2.34µm
_03159_,2.34µm
_03732_,2.34µm
_03741_,2.34µm
_04034_,2.34µm
_04271_,2.34µm
_04277_,2.34µm
_04412_,2.34µm
_04528_,2.34µm
_04610_,2.34µm
_04616_,2.34µm
_04640_,2.34µm
_01244_,2.29µm
_02125_,2.29µm
_03318_,2.29µm
_00341_,2.24µm
_00342_,2.24µm
_00919_,2.24µm
_01061_,2.24µm
_01066_,2.24µm
_01109_,2.24µm
_01544_,2.24µm
_02081_,2.24µm
_02221_,2.24µm
_02384_,2.24µm
_02442_,2.24µm
_02637_,2.24µm
_02659_,2.24µm
_02712_,2.24µm
_02755_,2.24µm
_02800_,2.24µm
_02834_,2.24µm
_02942_,2.24µm
_03054_,2.24µm
_03150_,2.24µm
_03163_,2.24µm
_03191_,2.24µm
_03218_,2.24µm
_03238_,2.24µm
_03246_,2.24µm
_03315_,2.24µm
_03382_,2.24µm
_03424_,2.24µm
_03677_,2.24µm
_03703_,2.24µm
_03711_,2.24µm
_03837_,2.24µm
_03947_,2.24µm
_04076_,2.24µm
_04128_,2.24µm
_04156_,2.24µm
_04262_,2.24µm
_04280_,2.24µm
_04298_,2.24µm
_04311_,2.24µm
_04322_,2.24µm
_04324_,2.24µm
_04379_,2.24µm
_04436_,2.24µm
_04469_,2.24µm
_04497_,2.24µm
_04510_,2.24µm
_04537_,2.24µm
_04539_,2.24µm
_04569_,2.24µm
_04570_,2.24µm
_04649_,2.24µm
_04666_,2.24µm
_04670_,2.24µm
_02937_,1.96µm
_00784_,1.78µm
_02096_,1.78µm
_02980_,1.78µm
_03067_,1.78µm
_03479_,1.78µm
_04434_,1.78µm
_04596_,1.78µm
_00665_,1.68µm
_00907_,1.68µm
_00917_,1.68µm
_00932_,1.68µm
_01037_,1.68µm
_01070_,1.68µm
_01138_,1.68µm
_01336_,1.68µm
_01344_,1.68µm
_01654_,1.68µm
_01694_,1.68µm
_01723_,1.68µm
_01793_,1.68µm
_02157_,1.68µm
_02556_,1.68µm
_02767_,1.68µm
_02947_,1.68µm
_02956_,1.68µm
_03017_,1.68µm
_03186_,1.68µm
_03261_,1.68µm
_03264_,1.68µm
_03267_,1.68µm
_03313_,1.68µm
_03340_,1.68µm
_03464_,1.68µm
_03473_,1.68µm
_03789_,1.68µm
_03817_,1.68µm
_03834_,1.68µm
_03911_,1.68µm
_03944_,1.68µm
_04332_,1.68µm
_04391_,1.68µm
_04416_,1.68µm
_04439_,1.68µm
_04466_,1.68µm
_04470_,1.68µm
_04565_,1.68µm
_01071_,1.22µm
_04250_,1.22µm
_00898_,1.12µm
_01075_,1.12µm
_01135_,1.12µm
_01230_,1.12µm
_01236_,1.12µm
_01242_,1.12µm
_01267_,1.12µm
_01283_,1.12µm
_01369_,1.12µm
_01374_,1.12µm
_01408_,1.12µm
_01433_,1.12µm
_01524_,1.12µm
_01553_,1.12µm
_01637_,1.12µm
_01791_,1.12µm
_02253_,1.12µm
_02294_,1.12µm
_02379_,1.12µm
_02531_,1.12µm
_02562_,1.12µm
_02781_,1.12µm
_03297_,1.12µm
_03721_,1.12µm
_03759_,1.12µm
_03785_,1.12µm
_03803_,1.12µm
_03804_,1.12µm
_03806_,1.12µm
_03807_,1.12µm
_03829_,1.12µm
_03879_,1.12µm
_03914_,1.12µm
_03954_,1.12µm
_04105_,1.12µm
_04233_,1.12µm
_04362_,1.12µm
_04369_,1.12µm
_04384_,1.12µm
_04385_,1.12µm
_04386_,1.12µm
_04394_,1.12µm
_04450_,1.12µm
_04561_,1.12µm
_04587_,1.12µm
_04597_,1.12µm
_04598_,1.12µm
_04634_,1.12µm
_04639_,1.12µm
