net,length_um
clknet_0_clk,1.13272mm
net1570,700.08µm
net1571,689.56µm
clknet_3_2__leaf_clk,642.68µm
raw_edge2_x\[20\],521µm
spi_regs_inst/_0272_,516.72µm
clknet_3_7__leaf_clk,515.55µm
clknet_3_6__leaf_clk,513.92µm
clknet_3_0__leaf_clk,496.92µm
clknet_3_5__leaf_clk,456.14µm
net1224,435.93µm
raw_edge2_y\[12\],420.3µm
cfg_f_MEMS_fcw_x\[14\],416.33µm
clknet_3_4__leaf_clk,399.63µm
raw_edge2_x\[18\],392.86µm
cfg_phase90_offset_x\[17\],383.8µm
net880,381µm
clknet_3_3__leaf_clk,377.23µm
net1504,374.28µm
wave_controller_y_inst/phase_acc\[13\],364.38µm
jitter_flag_y,360.18µm
spi_regs_inst/net999,356.34µm
spi_regs_inst/net998,356.26µm
wave_controller_y_inst/net1145,355.29µm
spi_regs_inst/net957,350.1µm
net990,345.62µm
spi_regs_inst/net1000,343.94µm
votes_out_phase_x\[3\],343.48µm
cfg_f_MEMS_fcw_y\[14\],341.39µm
spi_regs_inst/net873,338.29µm
cfg_phase0_offset_x\[6\],333.25µm
wave_controller_x_inst/net900,330.5µm
spi_regs_inst/net871,329.94µm
cfg_phase0_offset_x\[4\],327.65µm
cfg_phase270_offset_y\[4\],327.65µm
net11,323.78µm
cfg_phase0_offset_x\[10\],323.27µm
spi_regs_inst/net875,322.75µm
votes_out_phase_x\[0\],320.42µm
wave_controller_y_inst/_1121_,320.11µm
spi_regs_inst/_0564_,318.33µm
clk,317.43µm
cfg_phase90_offset_x\[0\],314.82µm
spi_regs_inst/net1276,314.21µm
spi_regs_inst/net876,313.7µm
raw_edge3_x\[19\],311µm
net879,309.22µm
spi_regs_inst/net997,309.12µm
cfg_phase270_offset_x\[18\],308.71µm
clknet_3_1__leaf_clk,308.71µm
net1001,308.56µm
wave_controller_x_inst/net536,307.64µm
cfg_phase0_offset_x\[16\],306.57µm
cfg_phase270_offset_x\[1\],306.52µm
spi_regs_inst/_0519_,305.35µm
net878,304.08µm
cal_phase90_offset_y\[3\],303.08µm
net984,302.6µm
net983,301.89µm
spi_regs_inst/net996,301.84µm
cfg_phase0_offset_x\[17\],301.53µm
net973,299.8µm
jitter_flag_x,299.24µm
cal_phase270_offset_y\[15\],298.58µm
net980,296.9µm
spi_regs_inst/net470,295.68µm
net1543,295.17µm
cal_phase90_offset_y\[10\],293.49µm
net1197,293.28µm
wave_controller_y_inst/phase_acc\[8\],293.13µm
cal_done_x,293.03µm
clknet_leaf_7_clk,292.57µm
cfg_phase270_offset_x\[2\],291.3µm
cfg_phase270_offset_x\[4\],291.3µm
net991,289.67µm
net868,288.69µm
wave_controller_y_inst/_0737_,288.45µm
cfg_phase270_offset_y\[19\],287.58µm
cfg_phase270_offset_x\[14\],286.97µm
wave_controller_y_inst/_0611_,286.82µm
cfg_phase270_offset_y\[3\],286.31µm
wave_controller_x_inst/net255,285.85µm
net863,285.24µm
spi_regs_inst/net1112,285.14µm
cfg_phase90_offset_y\[18\],284.63µm
net985,284.63µm
spi_regs_inst/cs_sync\[0\],284.53µm
votes_out_phase_x\[2\],284.07µm
votes_out_phase_y\[2\],283.92µm
raw_edge1_y\[18\],283.71µm
state_o\[1\],283.05µm
net864,281.88µm
cfg_phase270_offset_y\[16\],281.17µm
cfg_phase90_offset_x\[6\],281.04µm
cal_phase90_offset_x\[4\],279.1µm
spi_regs_inst/_0692_,279.08µm
cfg_phase270_offset_y\[2\],278.37µm
delay_wave_cycle_y\[0\],276.78µm
phase_state_y\[1\],275.62µm
state_o\[0\],274.6µm
phase_state_y\[0\],274.55µm
cal_phase90_offset_y\[15\],273.28µm
net845,272.79µm
delay_wave_cycle_x\[2\],271.9µm
cfg_phase270_offset_x\[3\],271.8µm
spi_regs_inst/_0567_,271.7µm
net976,271.65µm
cal_phase90_offset_x\[8\],271.52µm
net963,270.8µm
cfg_phase90_offset_y\[17\],270.68µm
cfg_phase0_offset_y\[3\],270.53µm
net874,269.51µm
cfg_phase90_offset_x\[19\],267.5µm
net992,266.81µm
net858,265.01µm
cfg_f_MEMS_fcw_x\[4\],264.42µm
state_o\[2\],264.06µm
wave_controller_y_inst/net237,264.06µm
raw_edge2_x\[3\],263.86µm
net1242,263.64µm
votes_in_phase_y\[1\],262.18µm
cfg_phase270_offset_x\[19\],261.16µm
cfg_phase0_offset_y\[15\],259.43µm
cfg_phase90_offset_y\[0\],258.87µm
cfg_phase90_offset_y\[6\],258.82µm
clknet_leaf_29_clk,258.46µm
spi_regs_inst/cs_n_sync,256.63µm
net958,256.12µm
net966,256.12µm
spi_regs_inst/reg_wr_data\[4\],256.07µm
net970,256.02µm
net6,255.97µm
votes_in_phase_x\[2\],255.97µm
net16,255.92µm
cfg_phase270_offset_x\[0\],255.56µm
wave_controller_y_inst/net288,254.52µm
net975,253.37µm
net986,252.61µm
cfg_phase270_offset_x\[8\],252.1µm
cfg_phase90_offset_x\[15\],251.18µm
net968,250.93µm
raw_edge1_y\[20\],250.37µm
net860,250.19µm
raw_edge3_x\[12\],249.96µm
net862,249.86µm
boot_complete,249.25µm
wave_controller_y_inst/net28,248.84µm
cfg_f_MEMS_fcw_y\[4\],248.74µm
raw_edge3_x\[5\],248.64µm
spi_regs_inst/_0704_,248.35µm
raw_edge3_x\[18\],248.18µm
cfg_phase0_offset_y\[19\],247.72µm
cfg_phase90_offset_x\[16\],247.11µm
net994,247.01µm
spi_regs_inst/_0711_,246.66µm
net851,246.6µm
cal_phase90_offset_x\[6\],246.53µm
votes_out_phase_y\[1\],246.5µm
cal_phase90_offset_y\[4\],245.84µm
net1114,243.7µm
cal_phase90_offset_y\[14\],243.04µm
net841,243.04µm
cfg_f_MEMS_fcw_x\[8\],242.68µm
raw_edge1_y\[15\],242.63µm
delay_wave_cycle_x\[5\],241.92µm
raw_edge1_x\[9\],241.65µm
cfg_phase0_offset_x\[20\],241.56µm
raw_edge3_y\[6\],241.51µm
net969,241.51µm
spi_regs_inst/net326,240.85µm
cfg_phase90_offset_x\[5\],240.49µm
cfg_phase90_offset_x\[4\],240.39µm
spi_regs_inst/net989,240.33µm
cfg_f_MEMS_fcw_y\[0\],238.81µm
wave_controller_x_inst/_1122_,238.76µm
net866,238.71µm
raw_edge1_y\[11\],238.61µm
net993,238.56µm
raw_edge3_y\[20\],238.25µm
spi_regs_inst/_0694_,238.15µm
wave_controller_y_inst/_1326_,238.15µm
net987,238.1µm
wave_controller_x_inst/net692,238.05µm
cfg_phase270_offset_x\[7\],237.59µm
cal_phase90_offset_y\[13\],237.54µm
spi_regs_inst/net421,237.44µm
net7,237.03µm
spi_regs_inst/_0271_,237.03µm
cfg_phase0_offset_x\[18\],236.42µm
cfg_phase0_offset_x\[0\],235.91µm
raw_edge3_x\[17\],235.86µm
net978,235.86µm
spi_regs_inst/net386,235.35µm
cfg_phase0_offset_y\[2\],234.94µm
raw_edge1_x\[17\],234.94µm
cfg_phase270_offset_y\[18\],234.84µm
latch_error_x,234.79µm
spi_regs_inst/net1113,234.64µm
cfg_phase270_offset_y\[7\],234.23µm
raw_edge3_y\[10\],233.67µm
spi_regs_inst/_0452_,233.16µm
cfg_phase90_offset_x\[1\],233.01µm
clknet_leaf_34_clk,232.75µm
net1115,232.55µm
cfg_phase270_offset_y\[20\],232.04µm
net988,231.84µm
spi_regs_inst/_0225_,231.38µm
wave_controller_y_inst/net641,230.82µm
cal_phase90_offset_y\[11\],230.74µm
cfg_phase90_offset_y\[16\],230.41µm
votes_in_phase_y\[2\],230.26µm
cal_phase90_offset_y\[19\],230.21µm
spi_regs_inst/_0228_,230µm
wave_controller_y_inst/_1208_,229.9µm
spi_regs_inst/net414,229.75µm
raw_edge1_y\[2\],229.34µm
cfg_phase90_offset_x\[12\],229.24µm
spi_regs_inst/_0655_,228.02µm
cfg_phase270_offset_x\[5\],227.97µm
spi_regs_inst/_0002_,226.95µm
cal_phase90_offset_y\[8\],226.29µm
net972,226.29µm
spi_regs_inst/net877,225.68µm
net859,225.32µm
wave_controller_y_inst/net656,224.66µm
net854,223.64µm
cfg_phase90_offset_y\[20\],223.49µm
cfg_phase90_offset_x\[20\],223.13µm
spi_regs_inst/_0207_,222.98µm
net856,222.93µm
cal_phase90_offset_x\[13\],222.42µm
cfg_phase0_offset_y\[17\],221.96µm
spi_regs_inst/net1119,221.91µm
net967,221.45µm
raw_edge1_y\[10\],221.35µm
spi_regs_inst/_0624_,221.35µm
spi_regs_inst/net385,220.89µm
clknet_leaf_57_clk,220.43µm
spi_regs_inst/_0492_,220.37µm
cfg_phase90_offset_x\[8\],220.23µm
spi_regs_inst/net1116,220.23µm
cfg_phase90_offset_y\[3\],220.18µm
cal_phase90_offset_x\[16\],220.08µm
raw_edge2_x\[6\],219.16µm
spi_regs_inst/net448,219.16µm
wave_controller_x_inst/net303,219.11µm
net974,219.11µm
raw_edge3_x\[15\],218.55µm
cfg_phase0_offset_y\[18\],217.99µm
cal_phase90_offset_x\[15\],217.94µm
cfg_phase90_offset_y\[19\],217.63µm
spi_regs_inst/net391,217.48µm
wave_controller_x_inst/_1251_,217.43µm
wave_controller_y_inst/net654,217.38µm
net12,217.33µm
raw_edge3_y\[16\],217.02µm
spi_regs_inst/net438,216.77µm
net869,216.72µm
net848,215.95µm
cfg_phase0_offset_x\[19\],215.7µm
cfg_phase0_offset_x\[3\],215.34µm
spi_regs_inst/net1117,215.19µm
spi_regs_inst/sclk_sync\[1\],214.58µm
raw_edge3_x\[10\],214.12µm
spi_regs_inst/_0294_,213.97µm
spi_regs_inst/net425,213.05µm
cal_phase270_offset_y\[11\],213.01µm
raw_edge1_y\[14\],212.85µm
net857,212.29µm
spi_regs_inst/net388,212.02µm
net867,211.88µm
raw_edge3_x\[11\],211.78µm
cfg_phase270_offset_y\[15\],211.37µm
net852,211.22µm
wave_controller_x_inst/net698,211.17µm
spi_regs_inst/net431,210.81µm
spi_regs_inst/net1118,210.71µm
cfg_phase270_offset_y\[5\],210.2µm
wave_controller_x_inst/_1227_,210.2µm
spi_regs_inst/_0377_,209.96µm
clknet_leaf_9_clk,209.79µm
spi_regs_inst/net1111,209.08µm
spi_regs_inst/_0227_,209.03µm
wave_controller_x_inst/_1216_,209.03µm
spi_regs_inst/_0693_,208.98µm
raw_edge3_x\[20\],208.88µm
spi_regs_inst/spi_addr\[1\],208.57µm
delay_wave_cycle_y\[1\],207.81µm
cfg_phase0_offset_x\[5\],206.84µm
net842,206.69µm
cfg_phase90_offset_y\[12\],206.28µm
cal_phase90_offset_y\[9\],206.13µm
raw_edge1_y\[9\],205.62µm
votes_in_phase_y\[3\],205.57µm
clknet_leaf_10_clk,205.26µm
cfg_phase0_offset_y\[20\],205.06µm
raw_edge1_x\[10\],205.06µm
votes_out_phase_x\[1\],205.06µm
clknet_leaf_5_clk,204.7µm
clknet_leaf_2_clk,204.65µm
wave_controller_y_inst/_0615_,204.5µm
cfg_phase0_offset_y\[16\],203.94µm
votes_out_phase_y\[3\],203.89µm
cal_phase90_offset_x\[14\],203.85µm
wave_controller_x_inst/_1326_,203.33µm
cal_start,203.28µm
clknet_leaf_28_clk,202.46µm
wave_controller_y_inst/_1227_,202.36µm
spi_regs_inst/_0716_,202µm
raw_edge3_y\[17\],201.24µm
spi_regs_inst/net401,200.63µm
wave_controller_x_inst/_1053_,200.58µm
spi_regs_inst/net379,200.43µm
spi_regs_inst/net459,200.02µm
cfg_phase90_offset_y\[2\],199.51µm
raw_edge3_x\[6\],199.51µm
spi_regs_inst/_0708_,199.5µm
clknet_leaf_58_clk,199.46µm
spi_regs_inst/net447,199.05µm
wave_controller_x_inst/_1205_,199µm
cfg_phase270_offset_y\[6\],197.78µm
spi_regs_inst/_0560_,197.78µm
net865,197.78µm
wave_controller_y_inst/_1217_,197.22µm
spi_regs_inst/_0687_,196.71µm
wave_controller_y_inst/_1216_,196.66µm
spi_regs_inst/net446,196.05µm
spi_regs_inst/net428,195.74µm
net979,195.64µm
raw_edge2_x\[0\],195.44µm
cfg_phase90_offset_y\[7\],193.86µm
spi_regs_inst/net409,193.51µm
spi_regs_inst/net404,193.47µm
net977,193.45µm
net962,193.4µm
raw_edge3_y\[5\],193.3µm
spi_regs_inst/net466,192.69µm
spi_regs_inst/net1101,192.13µm
raw_edge3_y\[13\],191.21µm
cal_phase270_offset_x\[15\],191.01µm
clknet_leaf_4_clk,190.7µm
spi_regs_inst/spi_addr\[3\],190.6µm
clknet_leaf_26_clk,190.14µm
cfg_phase270_offset_x\[20\],189.94µm
spi_regs_inst/_0673_,189.58µm
wave_controller_y_inst/_1251_,189.48µm
raw_edge1_y\[0\],189.43µm
spi_regs_inst/_0721_,189.33µm
clknet_leaf_32_clk,188.36µm
cfg_phase90_offset_x\[7\],188.31µm
spi_regs_inst/_0706_,188.26µm
spi_regs_inst/net395,187.85µm
wave_controller_y_inst/_1246_,187.75µm
raw_edge2_x\[1\],187.14µm
wave_controller_y_inst/_1205_,186.73µm
delay_wave_cycle_x\[0\],185.97µm
wave_controller_x_inst/net700,185.92µm
raw_edge2_x\[2\],185.56µm
spi_regs_inst/_0224_,185.56µm
net846,184.8µm
net965,184.49µm
cal_phase90_offset_y\[20\],184.39µm
spi_regs_inst/net405,183.88µm
raw_edge3_x\[3\],183.83µm
spi_regs_inst/_0216_,183.32µm
spi_regs_inst/net435,183.12µm
spi_regs_inst/net393,182.86µm
spi_regs_inst/net312,182.66µm
spi_regs_inst/net408,182.66µm
cfg_phase90_offset_x\[14\],182.2µm
spi_regs_inst/net467,182.2µm
spi_regs_inst/_0713_,182.05µm
spi_regs_inst/_0355_,182µm
clknet_leaf_19_clk,181.79µm
spi_regs_inst/net1054,181.44µm
cfg_phase0_offset_y\[10\],180.98µm
latch_error_y,180.98µm
raw_edge1_x\[7\],180.98µm
cfg_phase270_offset_x\[13\],180.57µm
wave_controller_y_inst/_1218_,180.57µm
wave_controller_x_inst/net945,180.42µm
net961,180.42µm
net964,180.16µm
spi_regs_inst/net411,179.96µm
raw_edge2_y\[13\],179.86µm
spi_regs_inst/_0682_,179.86µm
spi_regs_inst/net417,179.45µm
cal_phase0_offset_x\[0\],178.23µm
wave_controller_y_inst/net815,178.23µm
raw_edge3_y\[7\],178.18µm
clknet_leaf_6_clk,177.72µm
spi_regs_inst/net400,177.52µm
spi_regs_inst/net167,177.06µm
spi_regs_inst/net398,177.06µm
spi_regs_inst/net406,177.06µm
spi_regs_inst/net419,177.06µm
cal_phase270_offset_y\[3\],177.01µm
spi_regs_inst/_0563_,176.55µm
spi_regs_inst/net397,176.55µm
spi_regs_inst/net1043,176.4µm
raw_edge1_x\[1\],175.89µm
raw_edge1_x\[8\],175.89µm
cfg_phase90_offset_y\[4\],175.43µm
raw_edge2_y\[18\],175.43µm
cal_phase90_offset_x\[1\],175.33µm
wave_controller_y_inst/net662,174.87µm
net959,174.87µm
cfg_phase0_offset_x\[12\],174.82µm
spi_regs_inst/net407,174.82µm
net8,174.77µm
cal_phase0_offset_x\[1\],174.51µm
raw_edge1_y\[3\],174.46µm
wave_controller_y_inst/_1222_,174.36µm
spi_regs_inst/net1127,174.26µm
spi_regs_inst/net1153,174.21µm
clknet_leaf_37_clk,173.95µm
cfg_f_MEMS_fcw_y\[10\],173.65µm
net960,173.6µm
wave_controller_x_inst/net228,173.04µm
spi_regs_inst/_0226_,172.82µm
spi_regs_inst/net1019,172.68µm
cfg_phase90_offset_x\[9\],172.63µm
wave_controller_y_inst/_0683_,172.53µm
spi_regs_inst/net412,172.48µm
spi_regs_inst/_0220_,172.07µm
votes_in_phase_x\[0\],172.02µm
spi_regs_inst/net166,171.92µm
spi_regs_inst/net424,171.51µm
net850,171.46µm
spi_regs_inst/net399,171.41µm
wave_controller_x_inst/net952,171.36µm
clknet_leaf_11_clk,171.1µm
clknet_leaf_18_clk,170.95µm
spi_regs_inst/_0603_,170.85µm
spi_regs_inst/net472,170.8µm
wave_controller_y_inst/_1053_,170.59µm
wave_controller_x_inst/net697,170.39µm
spi_regs_inst/net246,170.24µm
spi_regs_inst/_0219_,169.88µm
net870,169.78µm
wave_controller_y_inst/net761,169.68µm
wave_controller_x_inst/net300,169.27µm
wave_controller_y_inst/wave_cycle_cnt\[3\],168.76µm
spi_regs_inst/net382,168.66µm
spi_regs_inst/net157,168.65µm
cfg_phase270_offset_x\[6\],168.61µm
net1,168.61µm
clknet_leaf_1_clk,168.35µm
spi_regs_inst/_0550_,168.15µm
spi_regs_inst/net416,168.15µm
spi_regs_inst/_0214_,167.64µm
spi_regs_inst/_0678_,167.59µm
net971,167.08µm
wave_controller_x_inst/net533,166.93µm
spi_regs_inst/net436,166.67µm
wave_controller_x_inst/net699,166.62µm
clknet_leaf_39_clk,166.62µm
spi_regs_inst/net310,166.47µm
raw_edge1_x\[0\],166.42µm
spi_regs_inst/net396,166.42µm
spi_regs_inst/net1010,166.42µm
spi_regs_inst/net313,166.29µm
cal_phase0_offset_y\[14\],165.96µm
cal_phase270_offset_x\[17\],165.86µm
wave_controller_y_inst/net648,165.81µm
spi_regs_inst/net1014,165.76µm
wave_controller_x_inst/wave_cycle_cnt\[5\],164.89µm
spi_regs_inst/_0471_,164.79µm
wave_controller_y_inst/net190,164.74µm
wave_controller_x_inst/net265,164.69µm
cal_phase90_offset_y\[6\],164.56µm
spi_regs_inst/_0511_,164.56µm
clknet_leaf_42_clk,164.38µm
cal_phase0_offset_y\[8\],164.28µm
spi_regs_inst/net314,164.23µm
spi_regs_inst/net1147,164.18µm
wave_controller_y_inst/net168,164.08µm
wave_controller_x_inst/net91,163.62µm
wave_controller_x_inst/net951,163.62µm
wave_controller_x_inst/net293,163.57µm
spi_regs_inst/net442,163.57µm
clknet_leaf_16_clk,163.21µm
cal_phase0_offset_y\[9\],163.16µm
spi_regs_inst/net1091,163.06µm
votes_in_phase_y\[0\],163.01µm
spi_regs_inst/net158,163.01µm
wave_controller_x_inst/net125,162.96µm
spi_regs_inst/net380,162.96µm
wave_controller_x_inst/net109,162.45µm
spi_regs_inst/net201,162.45µm
spi_regs_inst/net1027,162.04µm
wave_controller_x_inst/_1291_,161.89µm
wave_controller_x_inst/net520,161.89µm
wave_controller_y_inst/_1245_,161.84µm
spi_regs_inst/_0646_,161.48µm
spi_regs_inst/net1132,161.43µm
spi_regs_inst/_0503_,161.33µm
wave_controller_y_inst/net198,161.33µm
wave_controller_y_inst/_1253_,160.97µm
spi_regs_inst/net308,160.77µm
clknet_leaf_38_clk,160.31µm
spi_regs_inst/_0722_,160.21µm
wave_controller_y_inst/capture_step\[2\],160.21µm
net855,160.21µm
spi_regs_inst/_0415_,160.16µm
wave_controller_y_inst/wave_cycle_cnt\[1\],160µm
cfg_phase270_offset_x\[15\],159.7µm
spi_regs_inst/net1077,159.7µm
wave_controller_x_inst/net1230,159.65µm
cfg_phase0_offset_x\[8\],159.6µm
spi_regs_inst/_0690_,159.14µm
net1121,159.14µm
spi_regs_inst/net1067,159.04µm
wave_controller_x_inst/net724,158.91µm
spi_regs_inst/net156,158.42µm
spi_regs_inst/net390,158.02µm
spi_regs_inst/_0221_,157.56µm
spi_regs_inst/net432,157.51µm
cal_phase270_offset_x\[16\],157.46µm
spi_regs_inst/net403,157.46µm
clknet_leaf_50_clk,157.46µm
cal_phase270_offset_y\[6\],157.41µm
wave_controller_y_inst/net640,157µm
wave_controller_y_inst/net646,156.9µm
spi_regs_inst/net315,156.56µm
wave_controller_x_inst/net931,156.39µm
spi_regs_inst/net321,156.34µm
wave_controller_x_inst/net740,156.29µm
spi_regs_inst/net1083,156.24µm
wave_controller_x_inst/_1213_,155.93µm
spi_regs_inst/_0212_,155.88µm
spi_regs_inst/net1084,155.68µm
cal_phase270_offset_x\[7\],155.29µm
wave_controller_y_inst/net655,155.27µm
raw_edge1_x\[14\],154.76µm
cfg_phase270_offset_y\[12\],154.71µm
wave_controller_y_inst/net504,154.71µm
spi_regs_inst/net383,154.56µm
spi_regs_inst/net1021,154.56µm
wave_controller_y_inst/net1178,154.56µm
spi_regs_inst/spi_addr\[2\],154.25µm
wave_controller_y_inst/net280,154.05µm
cfg_phase90_offset_x\[11\],154µm
wave_controller_x_inst/net206,153.64µm
wave_controller_x_inst/net226,153.59µm
net872,152.98µm
spi_regs_inst/net1078,152.98µm
raw_edge3_y\[15\],152.88µm
clknet_leaf_41_clk,152.67µm
net853,152.01µm
cfg_phase0_offset_x\[7\],151.91µm
raw_edge2_x\[17\],151.91µm
cfg_phase90_offset_x\[18\],151.86µm
raw_edge3_x\[13\],151.86µm
net1407,151.81µm
spi_regs_inst/net1013,151.25µm
wave_controller_x_inst/net534,151.2µm
wave_controller_y_inst/_0630_,150.84µm
spi_regs_inst/_0488_,150.74µm
spi_regs_inst/_0531_,150.74µm
wave_controller_y_inst/net499,150.74µm
clknet_leaf_27_clk,150.53µm
spi_regs_inst/_0654_,150.13µm
wave_controller_y_inst/net135,150.13µm
spi_regs_inst/net154,150.08µm
wave_controller_x_inst/_0613_,149.72µm
cfg_phase0_offset_x\[11\],149.67µm
wave_controller_y_inst/net57,149.62µm
spi_regs_inst/net311,149.62µm
cal_phase0_offset_y\[1\],149.21µm
clknet_leaf_31_clk,149.16µm
wave_controller_y_inst/_1248_,149.06µm
cfg_phase0_offset_x\[2\],148.65µm
cfg_phase270_offset_y\[14\],148.42µm
wave_controller_x_inst/net101,148.4µm
clknet_leaf_23_clk,148.19µm
clknet_leaf_21_clk,148.14µm
clknet_leaf_33_clk,148.09µm
clknet_leaf_48_clk,148.09µm
wave_controller_x_inst/_1254_,148.04µm
wave_controller_x_inst/phase_acc\[2\],147.99µm
wave_controller_y_inst/net353,147.99µm
wave_controller_x_inst/net366,147.99µm
cal_phase90_offset_x\[20\],147.89µm
wave_controller_x_inst/net530,147.89µm
clknet_leaf_54_clk,147.73µm
clknet_leaf_22_clk,147.58µm
wave_controller_x_inst/phase_acc\[3\],147.48µm
spi_regs_inst/net429,147.48µm
wave_controller_y_inst/net187,147.43µm
spi_regs_inst/net1031,147.38µm
spi_regs_inst/_0466_,147.33µm
wave_controller_y_inst/net544,147.33µm
wave_controller_x_inst/_0615_,147.28µm
clknet_leaf_14_clk,146.97µm
wave_controller_x_inst/net1267,146.92µm
wave_controller_y_inst/net834,146.87µm
clknet_leaf_3_clk,146.87µm
wave_controller_x_inst/net299,146.82µm
clknet_leaf_43_clk,146.82µm
spi_regs_inst/_0383_,146.77µm
wave_controller_x_inst/_1219_,146.77µm
net1500,146.77µm
wave_controller_x_inst/net216,146.72µm
spi_regs_inst/net387,146.26µm
wave_controller_y_inst/net1156,146.26µm
spi_regs_inst/_0211_,146.21µm
spi_regs_inst/_0679_,146.21µm
wave_controller_y_inst/_1364_,146.21µm
spi_regs_inst/net381,145.75µm
spi_regs_inst/net1097,145.28µm
wave_controller_x_inst/net710,145.14µm
cfg_phase90_offset_x\[13\],145.09µm
wave_controller_x_inst/net1308,145.09µm
wave_controller_x_inst/net1208,145.04µm
signal_processor_x_inst/_042_,144.68µm
spi_regs_inst/reg_wr_addr\[0\],144.63µm
wave_controller_x_inst/_0495_,144.63µm
spi_regs_inst/net1075,144.48µm
clknet_leaf_44_clk,144.4µm
clknet_leaf_56_clk,144.17µm
net1410,144.02µm
raw_edge2_x\[5\],143.56µm
spi_regs_inst/net410,143.46µm
spi_regs_inst/reg_wr_data\[3\],143.41µm
spi_regs_inst/net1006,143.38µm
cfg_phase0_offset_y\[13\],142.95µm
spi_regs_inst/_0717_,142.9µm
clknet_leaf_15_clk,142.9µm
wave_controller_x_inst/net258,142.85µm
wave_controller_x_inst/_1315_,142.34µm
wave_controller_y_inst/net816,142.34µm
spi_regs_inst/_0288_,142.29µm
wave_controller_y_inst/net759,142.29µm
wave_controller_y_inst/_1254_,142.24µm
cal_phase270_offset_y\[8\],142.13µm
raw_edge2_y\[4\],141.98µm
spi_regs_inst/_0666_,141.88µm
spi_regs_inst/_0562_,141.78µm
spi_regs_inst/_0642_,141.78µm
wave_controller_y_inst/net244,141.78µm
wave_controller_x_inst/net738,141.73µm
cal_phase270_offset_x\[9\],141.69µm
spi_regs_inst/_0575_,141.52µm
clknet_leaf_45_clk,141.47µm
clknet_leaf_13_clk,141.42µm
spi_regs_inst/_0659_,141.32µm
clknet_leaf_24_clk,141.32µm
raw_edge3_y\[18\],141.27µm
cal_phase0_offset_y\[16\],141.22µm
cfg_f_MEMS_fcw_y\[8\],141.22µm
cfg_phase90_offset_x\[10\],141.17µm
wave_controller_y_inst/net240,141.12µm
wave_controller_y_inst/net833,140.89µm
wave_controller_x_inst/capture_step\[2\],140.76µm
cfg_f_MEMS_fcw_y\[5\],140.71µm
soft_rst,140.71µm
wave_controller_x_inst/_1208_,140.71µm
spi_regs_inst/net1139,140.66µm
wave_controller_y_inst/_1009_,140.61µm
net1258,140.61µm
wave_controller_x_inst/net141,140.56µm
spi_regs_inst/net316,140.1µm
wave_controller_x_inst/net1309,140.1µm
wave_controller_x_inst/_1284_,139.54µm
wave_controller_y_inst/_1315_,139.54µm
spi_regs_inst/net434,139.54µm
net1239,139.49µm
raw_edge2_y\[19\],139.03µm
spi_regs_inst/net430,139.03µm
spi_regs_inst/net439,138.98µm
wave_controller_y_inst/_1224_,138.93µm
wave_controller_y_inst/_0893_,138.88µm
wave_controller_x_inst/net1409,138.88µm
wave_controller_x_inst/_1245_,138.57µm
cal_phase270_offset_x\[5\],138.52µm
clknet_leaf_59_clk,138.47µm
spi_regs_inst/_0707_,138.37µm
wave_controller_y_inst/_1243_,137.96µm
spi_regs_inst/net413,137.96µm
clknet_leaf_35_clk,137.96µm
clknet_leaf_36_clk,137.96µm
wave_controller_x_inst/_1253_,137.86µm
spi_regs_inst/net418,137.86µm
signal_processor_x_inst/net474,137.86µm
spi_regs_inst/_0477_,137.81µm
wave_controller_y_inst/_1233_,137.81µm
net1235,137.81µm
net1205,137.76µm
clknet_leaf_55_clk,137.4µm
soft_rst_n,137.3µm
spi_regs_inst/_0367_,137.3µm
cfg_phase90_offset_y\[8\],137.25µm
spi_regs_inst/_0662_,137.25µm
spi_regs_inst/net1047,137.25µm
wave_controller_y_inst/_1029_,137.2µm
wave_controller_y_inst/net840,136.99µm
raw_edge2_y\[9\],136.84µm
spi_regs_inst/net415,136.84µm
spi_regs_inst/_0546_,136.74µm
spi_regs_inst/_0696_,136.74µm
wave_controller_y_inst/net800,136.74µm
cal_dir_y,136.69µm
spi_regs_inst/net1092,136.69µm
spi_regs_inst/net433,136.28µm
clknet_leaf_47_clk,136.28µm
spi_regs_inst/net441,136.18µm
wave_controller_y_inst/_0703_,136.08µm
wave_controller_x_inst/_1316_,135.77µm
spi_regs_inst/net1102,135.67µm
cal_phase270_offset_x\[3\],135.62µm
spi_regs_inst/_0527_,135.62µm
spi_regs_inst/net444,135.62µm
wave_controller_x_inst/net296,135.57µm
spi_regs_inst/net1003,135.57µm
spi_regs_inst/net1026,135.52µm
spi_regs_inst/_0616_,135.16µm
votes_in_phase_x\[1\],135.11µm
wave_controller_x_inst/_1009_,135.11µm
spi_regs_inst/net384,135.11µm
wave_controller_y_inst/net647,135.11µm
cfg_phase270_offset_x\[9\],135.01µm
wave_controller_y_inst/_0441_,135.01µm
wave_controller_y_inst/phase_acc\[12\],134.65µm
wave_controller_x_inst/_1215_,134.6µm
net844,134.6µm
net849,134.6µm
spi_regs_inst/reg_wr_data\[2\],134.5µm
spi_regs_inst/net162,134.5µm
spi_regs_inst/_0235_,134.45µm
wave_controller_x_inst/net541,134.45µm
spi_regs_inst/net1025,134.45µm
cal_phase90_offset_y\[12\],134.4µm
spi_regs_inst/_0217_,133.94µm
spi_regs_inst/_0561_,133.89µm
spi_regs_inst/net1042,133.89µm
spi_regs_inst/_0361_,133.71µm
clknet_leaf_52_clk,133.63µm
wave_controller_x_inst/_1323_,133.53µm
clknet_leaf_53_clk,133.53µm
cfg_phase0_offset_y\[0\],132.82µm
cfg_phase0_offset_y\[1\],132.31µm
spi_regs_inst/_0254_,132.31µm
wave_controller_x_inst/_0630_,132.31µm
spi_regs_inst/_0215_,132.26µm
spi_regs_inst/_0719_,132.26µm
spi_regs_inst/reg_wr_data\[5\],132.26µm
spi_regs_inst/net575,132.26µm
spi_regs_inst/net1176,132.26µm
signal_processor_x_inst/_046_,131.75µm
spi_regs_inst/_0402_,131.75µm
wave_controller_y_inst/_0647_,131.65µm
wave_controller_x_inst/net259,131.65µm
wave_controller_y_inst/net1134,131.65µm
spi_regs_inst/net1086,131.6µm
wave_controller_y_inst/phase_acc\[2\],131.24µm
wave_controller_y_inst/_0629_,131.14µm
wave_controller_x_inst/_0611_,131.09µm
wave_controller_x_inst/_1246_,130.68µm
spi_regs_inst/_0587_,130.63µm
wave_controller_y_inst/net839,130.63µm
wave_controller_y_inst/phase_acc\[16\],130.58µm
wave_controller_x_inst/net264,130.58µm
cal_phase90_offset_x\[9\],130.53µm
wave_controller_x_inst/net739,130.48µm
spi_regs_inst/_0701_,130.37µm
clknet_leaf_30_clk,130.17µm
spi_regs_inst/net443,130.12µm
clknet_leaf_0_clk,130.12µm
spi_regs_inst/net1233,130.07µm
raw_edge1_x\[15\],130.02µm
cfg_phase270_offset_x\[12\],129.92µm
wave_controller_x_inst/net93,129.92µm
wave_controller_y_inst/_0621_,129.66µm
cfg_f_MEMS_fcw_x\[6\],129.46µm
wave_controller_y_inst/_0549_,129.41µm
spi_regs_inst/_0464_,129.35µm
wave_controller_y_inst/net1184,128.9µm
clknet_leaf_12_clk,128.9µm
wave_controller_x_inst/_0418_,128.8µm
raw_edge3_x\[8\],128.39µm
cfg_phase90_offset_y\[5\],128.34µm
spi_regs_inst/_0591_,128.34µm
spi_regs_inst/net392,128.34µm
wave_controller_y_inst/net195,128.29µm
wave_controller_y_inst/_0618_,127.88µm
wave_controller_x_inst/net227,127.88µm
wave_controller_x_inst/net522,127.88µm
wave_controller_x_inst/_1224_,127.83µm
wave_controller_y_inst/_1051_,127.83µm
spi_regs_inst/_0566_,127.78µm
wave_controller_x_inst/net1216,127.78µm
wave_controller_x_inst/net930,127.73µm
spi_regs_inst/net1074,127.73µm
wave_controller_x_inst/net897,127.68µm
spi_regs_inst/net1218,127.68µm
wave_controller_x_inst/_1321_,127.27µm
raw_edge3_y\[19\],127.22µm
spi_regs_inst/_0206_,127.22µm
wave_controller_x_inst/phase_acc\[4\],126.91µm
wave_controller_y_inst/net286,126.76µm
spi_regs_inst/_0668_,126.66µm
wave_controller_y_inst/_0712_,126.61µm
spi_regs_inst/net1090,126.56µm
wave_controller_y_inst/net1141,126.56µm
spi_regs_inst/_0576_,126.2µm
spi_regs_inst/net18,126.15µm
cfg_phase0_offset_y\[4\],126.1µm
wave_controller_y_inst/net758,126µm
wave_controller_x_inst/_1243_,125.64µm
wave_controller_x_inst/net950,125.64µm
spi_regs_inst/net1062,125.64µm
net861,125.59µm
spi_regs_inst/_0431_,125.44µm
spi_regs_inst/_0542_,125.44µm
spi_regs_inst/net1068,125.44µm
spi_regs_inst/net593,125.13µm
wave_controller_y_inst/net32,125.08µm
spi_regs_inst/_0523_,125.03µm
wave_controller_y_inst/_1314_,125.03µm
spi_regs_inst/_0677_,124.98µm
wave_controller_x_inst/net1228,124.98µm
net1340,124.98µm
cfg_f_MEMS_fcw_x\[1\],124.93µm
wave_controller_x_inst/_1364_,124.93µm
spi_regs_inst/net422,124.93µm
wave_controller_y_inst/net196,124.57µm
spi_regs_inst/net402,124.57µm
signal_processor_y_inst/net337,124.47µm
wave_controller_y_inst/net1144,124.47µm
wave_controller_y_inst/net812,124.42µm
wave_controller_y_inst/net36,124.37µm
wave_controller_y_inst/net72,124.37µm
wave_controller_y_inst/net243,124.37µm
wave_controller_x_inst/net1106,124.37µm
wave_controller_y_inst/net1503,124.37µm
cfg_phase270_offset_y\[13\],124.32µm
wave_controller_y_inst/net73,124.32µm
spi_regs_inst/reg_wr_addr\[1\],124.06µm
raw_edge3_y\[14\],124.01µm
spi_regs_inst/_0210_,124.01µm
raw_edge3_y\[3\],123.91µm
wave_controller_y_inst/phase_acc\[0\],123.91µm
wave_controller_y_inst/net503,123.86µm
wave_controller_y_inst/net785,123.81µm
wave_controller_x_inst/net1223,123.76µm
wave_controller_x_inst/phase_acc\[0\],123.4µm
wave_controller_x_inst/net531,123.35µm
phase_state_x\[1\],123.25µm
cfg_f_MEMS_fcw_y\[15\],123.2µm
wave_controller_y_inst/_0947_,123.2µm
wave_controller_y_inst/_1252_,123.2µm
raw_edge1_y\[17\],122.89µm
spi_regs_inst/_0476_,122.84µm
wave_controller_x_inst/_0713_,122.74µm
wave_controller_y_inst/net241,122.74µm
cal_phase90_offset_x\[3\],122.69µm
votes_in_phase_x\[3\],122.69µm
wave_controller_x_inst/net261,122.69µm
wave_controller_x_inst/net1378,122.69µm
wave_controller_x_inst/net917,122.28µm
spi_regs_inst/net320,122.23µm
wave_controller_x_inst/_0005_,122.18µm
net1219,122.18µm
net1468,122.18µm
wave_controller_x_inst/phase_acc\[6\],122.13µm
cal_phase90_offset_y\[18\],122.08µm
spi_regs_inst/_0419_,122.08µm
wave_controller_x_inst/_1217_,122.08µm
clknet_leaf_40_clk,121.82µm
wave_controller_x_inst/_1242_,121.72µm
wave_controller_y_inst/net756,121.67µm
wave_controller_y_inst/net35,121.62µm
wave_controller_x_inst/phase_acc\[16\],121.57µm
wave_controller_y_inst/net48,121.57µm
spi_regs_inst/net1096,121.57µm
spi_regs_inst/net1534,121.57µm
wave_controller_y_inst/net1149,121.52µm
net1406,121.16µm
wave_controller_y_inst/_0713_,121.06µm
wave_controller_y_inst/net1568,121.06µm
cal_phase0_offset_y\[10\],121.01µm
cal_phase90_offset_y\[16\],121.01µm
spi_regs_inst/_0705_,121.01µm
cal_phase90_offset_y\[2\],120.96µm
wave_controller_x_inst/_1029_,120.96µm
wave_controller_x_inst/_1241_,120.96µm
wave_controller_x_inst/net364,120.73µm
spi_regs_inst/net1046,120.65µm
wave_controller_x_inst/_0621_,120.6µm
votes_out_phase_y\[0\],120.45µm
wave_controller_x_inst/_0681_,120.4µm
cal_phase0_offset_x\[5\],120.12µm
spi_regs_inst/reg_wr_data\[6\],119.89µm
wave_controller_x_inst/net202,119.89µm
spi_regs_inst/net328,119.89µm
wave_controller_x_inst/net513,119.89µm
cal_phase0_offset_x\[4\],119.43µm
wave_controller_y_inst/net197,119.43µm
cfg_phase0_offset_x\[9\],119.38µm
cal_phase270_offset_x\[1\],119.33µm
cal_phase270_offset_y\[9\],119.33µm
raw_edge3_y\[12\],119.33µm
net5,119.33µm
wave_controller_x_inst/_0890_,119.33µm
spi_regs_inst/net1080,119.33µm
spi_regs_inst/_0723_,118.92µm
wave_controller_x_inst/net128,118.92µm
wave_controller_x_inst/net78,118.82µm
wave_controller_y_inst/net55,118.77µm
spi_regs_inst/net1065,118.77µm
cal_phase270_offset_y\[14\],118.72µm
cal_phase90_offset_y\[17\],118.72µm
wave_controller_y_inst/_1249_,118.72µm
cfg_phase0_offset_y\[7\],118.36µm
spi_regs_inst/_0675_,118.31µm
wave_controller_x_inst/_1292_,118.31µm
wave_controller_y_inst/net23,118.31µm
wave_controller_y_inst/net283,118.31µm
cfg_phase0_offset_y\[9\],118.26µm
wave_controller_x_inst/net932,118.26µm
spi_regs_inst/net1089,118.26µm
wave_controller_y_inst/net760,118.21µm
cfg_phase270_offset_x\[11\],118.16µm
spi_regs_inst/_0605_,118.16µm
wave_controller_y_inst/_0155_,118.16µm
net1231,118.16µm
wave_controller_y_inst/net54,117.75µm
cfg_phase270_offset_y\[8\],117.7µm
wave_controller_x_inst/net82,117.65µm
cal_phase90_offset_x\[11\],117.6µm
net1213,117.6µm
net1215,117.6µm
wave_controller_x_inst/net1289,117.6µm
clknet_leaf_49_clk,117.39µm
wave_controller_y_inst/net779,117.24µm
wave_controller_y_inst/net1192,117.24µm
wave_controller_y_inst/net1137,117.09µm
cfg_phase270_offset_y\[17\],117.04µm
spi_regs_inst/_0507_,117.04µm
signal_processor_y_inst/_042_,116.68µm
wave_controller_x_inst/net89,116.68µm
wave_controller_x_inst/net981,116.63µm
spi_regs_inst/net1029,116.63µm
raw_edge2_y\[8\],116.58µm
net1225,116.58µm
wave_controller_y_inst/_1461_,116.53µm
wave_controller_y_inst/net52,116.53µm
cal_phase90_offset_y\[5\],116.41µm
clknet_leaf_17_clk,116.32µm
wave_controller_x_inst/_1325_,116.07µm
wave_controller_x_inst/wave_cycle_cnt\[1\],116.07µm
wave_controller_x_inst/_1249_,116.02µm
cal_phase90_offset_x\[12\],115.92µm
wave_controller_y_inst/net349,115.92µm
wave_controller_x_inst/net704,115.51µm
cfg_phase90_offset_x\[3\],115.41µm
wave_controller_x_inst/net1271,115.36µm
wave_controller_x_inst/_0703_,115.13µm
wave_controller_x_inst/_1430_,115.1µm
spi_regs_inst/net1008,115µm
spi_regs_inst/net1016,114.95µm
wave_controller_y_inst/net26,114.9µm
spi_regs_inst/net563,114.85µm
cal_phase0_offset_x\[6\],114.48µm
wave_controller_y_inst/net31,114.39µm
spi_regs_inst/net1100,114.39µm
cfg_phase270_offset_x\[10\],114.34µm
wave_controller_y_inst/net179,114.29µm
spi_regs_inst/net589,114.29µm
signal_processor_y_inst/comp_pipe\[3\],114.24µm
spi_regs_inst/_0320_,114.24µm
wave_controller_x_inst/_1322_,113.78µm
wave_controller_y_inst/net488,113.78µm
cal_phase0_offset_x\[17\],113.73µm
spi_regs_inst/_0247_,113.73µm
spi_regs_inst/_0351_,113.73µm
wave_controller_y_inst/net181,113.73µm
wave_controller_y_inst/net668,113.73µm
wave_controller_x_inst/net1306,113.73µm
spi_regs_inst/_0517_,113.68µm
net1177,113.68µm
spi_regs_inst/_0667_,113.37µm
raw_edge3_y\[4\],113.27µm
spi_regs_inst/_0317_,113.22µm
wave_controller_y_inst/net487,113.22µm
wave_controller_y_inst/net498,113.22µm
raw_edge2_x\[16\],113.17µm
wave_controller_y_inst/_1203_,113.17µm
spi_regs_inst/net437,113.17µm
wave_controller_x_inst/net737,113.17µm
wave_controller_y_inst/phase_acc\[4\],112.81µm
spi_regs_inst/_0345_,112.76µm
spi_regs_inst/_0239_,112.73µm
spi_regs_inst/_0683_,112.71µm
net757,112.66µm
wave_controller_x_inst/net901,112.66µm
wave_controller_y_inst/net74,112.61µm
wave_controller_y_inst/net188,112.61µm
spi_regs_inst/net1005,112.61µm
wave_controller_y_inst/_0522_,112.56µm
wave_controller_x_inst/net111,112.2µm
wave_controller_x_inst/_1289_,112.15µm
wave_controller_x_inst/net81,112.05µm
spi_regs_inst/net266,112.05µm
spi_regs_inst/net1033,112.05µm
spi_regs_inst/net1069,112.05µm
cal_phase90_offset_x\[10\],112µm
spi_regs_inst/net469,112µm
cfg_phase0_offset_x\[14\],111.54µm
wave_controller_y_inst/_1319_,111.54µm
wave_controller_y_inst/_0923_,111.49µm
wave_controller_y_inst/net185,111.49µm
net843,111.44µm
wave_controller_y_inst/_1325_,111.08µm
net732,111.08µm
wave_controller_y_inst/_1241_,111.03µm
wave_controller_y_inst/_0784_,110.98µm
net847,110.98µm
wave_controller_x_inst/net717,110.7µm
raw_edge3_y\[9\],110.52µm
spi_regs_inst/net1061,110.52µm
cfg_phase270_offset_x\[17\],110.47µm
cal_timeout_x,110.42µm
wave_controller_y_inst/net279,110.42µm
spi_regs_inst/net1565,110.42µm
spi_regs_inst/_0358_,109.96µm
spi_regs_inst/net1007,109.86µm
raw_edge3_y\[8\],109.81µm
wave_controller_y_inst/_0156_,109.81µm
wave_controller_y_inst/_1316_,109.81µm
wave_controller_x_inst/net716,109.76µm
wave_controller_x_inst/net995,109.45µm
wave_controller_x_inst/net213,109.3µm
spi_regs_inst/net560,109.3µm
phase_state_x\[0\],109.25µm
cal_phase0_offset_y\[3\],109.2µm
wave_controller_y_inst/net242,108.89µm
wave_controller_y_inst/net177,108.74µm
spi_regs_inst/net394,108.74µm
wave_controller_y_inst/net502,108.74µm
spi_regs_inst/net1050,108.74µm
wave_controller_y_inst/_1291_,108.69µm
wave_controller_x_inst/net518,108.69µm
wave_controller_x_inst/net152,108.51µm
spi_regs_inst/net565,108.28µm
spi_regs_inst/_0436_,108.23µm
wave_controller_y_inst/net1191,108.23µm
spi_regs_inst/_0323_,108.22µm
cal_phase0_offset_y\[2\],108.18µm
wave_controller_y_inst/net639,108.18µm
spi_regs_inst/net1057,108.13µm
spi_regs_inst/net1071,108.13µm
wave_controller_x_inst/_0868_,108.08µm
wave_controller_x_inst/net297,107.67µm
spi_regs_inst/net1022,107.67µm
spi_regs_inst/net1053,107.67µm
wave_controller_y_inst/net493,107.62µm
wave_controller_x_inst/net1304,107.62µm
wave_controller_y_inst/_1220_,107.57µm
wave_controller_y_inst/net191,107.57µm
spi_regs_inst/net1040,107.57µm
spi_regs_inst/net1095,107.57µm
cal_phase0_offset_x\[15\],107.52µm
spi_regs_inst/_0661_,107.52µm
net1163,107.52µm
wave_controller_x_inst/_1051_,107.29µm
clknet_leaf_8_clk,107.26µm
spi_regs_inst/_0469_,107.16µm
wave_controller_x_inst/net889,107.06µm
cal_phase90_offset_x\[5\],106.96µm
spi_regs_inst/_0621_,106.96µm
wave_controller_x_inst/net1364,106.96µm
spi_regs_inst/_0261_,106.89µm
wave_controller_y_inst/net1148,106.6µm
spi_regs_inst/_0376_,106.5µm
net1454,106.5µm
cfg_phase270_offset_y\[0\],106.45µm
spi_regs_inst/_0427_,106.45µm
wave_controller_x_inst/_1432_,106.45µm
wave_controller_y_inst/_0811_,106.45µm
wave_controller_y_inst/phase_acc\[1\],106.45µm
spi_regs_inst/_0422_,106.4µm
spi_regs_inst/_0720_,105.94µm
spi_regs_inst/net610,105.84µm
wave_controller_y_inst/net1157,105.61µm
wave_controller_y_inst/net347,105.56µm
wave_controller_x_inst/_1233_,105.53µm
wave_controller_x_inst/_1203_,105.43µm
spi_regs_inst/_0209_,105.38µm
cfg_done,105.33µm
signal_processor_y_inst/_055_,105.33µm
spi_regs_inst/net1036,105.33µm
spi_regs_inst/net1085,105.33µm
net1452,105.33µm
clknet_leaf_20_clk,105.07µm
signal_processor_x_inst/_041_,104.92µm
wave_controller_y_inst/net352,104.87µm
wave_controller_x_inst/_1281_,104.82µm
wave_controller_x_inst/net1227,104.82µm
wave_controller_y_inst/_0003_,104.77µm
net748,104.72µm
raw_edge2_x\[12\],104.26µm
net1161,104.26µm
spi_regs_inst/_0676_,104.21µm
wave_controller_x_inst/net725,104.21µm
spi_regs_inst/_0305_,104.16µm
wave_controller_x_inst/wave_cycle_cnt\[4\],103.85µm
spi_regs_inst/_0545_,103.83µm
spi_regs_inst/_0710_,103.7µm
wave_controller_y_inst/net51,103.7µm
wave_controller_x_inst/net219,103.7µm
wave_controller_x_inst/net516,103.7µm
wave_controller_y_inst/net778,103.7µm
wave_controller_x_inst/net301,103.65µm
spi_regs_inst/net557,103.65µm
spi_regs_inst/_0483_,103.19µm
wave_controller_x_inst/net982,103.19µm
wave_controller_x_inst/net86,103.14µm
wave_controller_y_inst/net290,103.09µm
spi_regs_inst/_0481_,103.04µm
wave_controller_x_inst/net209,103.04µm
spi_regs_inst/net1056,103.04µm
wave_controller_y_inst/phase_acc\[17\],102.53µm
spi_regs_inst/_0712_,102.07µm
raw_edge2_y\[16\],102.02µm
spi_regs_inst/_0307_,102.02µm
wave_controller_x_inst/net254,102.02µm
wave_controller_x_inst/net1236,102.02µm
spi_regs_inst/_0671_,101.97µm
wave_controller_x_inst/net688,101.92µm
spi_regs_inst/net1037,101.92µm
wave_controller_y_inst/net27,101.51µm
spi_regs_inst/net1038,101.46µm
net1512,101.46µm
wave_controller_x_inst/_0714_,101.41µm
wave_controller_x_inst/net1238,100.95µm
wave_controller_x_inst/net1275,100.95µm
wave_controller_y_inst/net67,100.85µm
wave_controller_x_inst/net263,100.85µm
cfg_phase0_offset_x\[1\],100.49µm
wave_controller_y_inst/_1242_,100.49µm
wave_controller_x_inst/net681,100.44µm
wave_controller_y_inst/net836,100.44µm
raw_edge1_y\[13\],100.39µm
wave_controller_y_inst/_0645_,100.29µm
spi_regs_inst/net1098,100.29µm
wave_controller_y_inst/net1185,100.29µm
wave_controller_y_inst/net70,100.24µm
spi_regs_inst/net556,100.24µm
net1402,100.24µm
wave_controller_y_inst/net281,99.78µm
wave_controller_x_inst/net727,99.78µm
clknet_leaf_51_clk,99.78µm
wave_controller_y_inst/_0378_,99.73µm
spi_regs_inst/net1066,99.73µm
spi_regs_inst/_0395_,99.68µm
spi_regs_inst/net1018,99.27µm
wave_controller_y_inst/_1327_,99.22µm
wave_controller_y_inst/_1434_,99.22µm
wave_controller_x_inst/net116,99.22µm
wave_controller_x_inst/net129,99.22µm
spi_regs_inst/net420,99.22µm
spi_regs_inst/net389,99.17µm
spi_regs_inst/_0474_,98.81µm
wave_controller_x_inst/net217,98.81µm
wave_controller_x_inst/net94,98.76µm
spi_regs_inst/_0584_,98.71µm
cfg_f_MEMS_fcw_x\[0\],98.61µm
cfg_phase0_offset_y\[8\],98.61µm
spi_regs_inst/net440,98.56µm
net734,98.56µm
wave_controller_x_inst/net1303,98.56µm
spi_regs_inst/net1041,98.15µm
wave_controller_x_inst/_1218_,98.1µm
delay_wave_cycle_y\[5\],98.05µm
spi_regs_inst/net325,98.05µm
spi_regs_inst/net458,98.05µm
spi_regs_inst/_0297_,98µm
wave_controller_x_inst/net120,98µm
wave_controller_y_inst/_1323_,97.69µm
spi_regs_inst/net423,97.54µm
spi_regs_inst/net1088,97.54µm
wave_controller_y_inst/_1284_,97.49µm
wave_controller_y_inst/net183,97.49µm
wave_controller_y_inst/net1122,97.49µm
wave_controller_x_inst/_1314_,97.13µm
cfg_phase270_offset_x\[16\],97.03µm
wave_controller_x_inst/net126,97.03µm
spi_regs_inst/net426,97.03µm
wave_controller_y_inst/net1199,96.98µm
cal_phase0_offset_x\[19\],96.93µm
spi_regs_inst/_0702_,96.93µm
net1510,96.93µm
wave_controller_x_inst/net90,96.88µm
spi_regs_inst/_0429_,96.72µm
wave_controller_x_inst/net529,96.42µm
spi_regs_inst/net1081,96.42µm
net1131,96.37µm
spi_regs_inst/_0458_,96.32µm
wave_controller_y_inst/net814,96.32µm
raw_edge1_x\[13\],96.01µm
wave_controller_x_inst/net294,96.01µm
raw_edge1_y\[4\],95.91µm
wave_controller_y_inst/net1171,95.91µm
wave_controller_x_inst/net1232,95.91µm
spi_regs_inst/net465,95.86µm
wave_controller_y_inst/net492,95.86µm
wave_controller_x_inst/_1605_,95.81µm
wave_controller_y_inst/net71,95.81µm
wave_controller_x_inst/net203,95.81µm
wave_controller_y_inst/net630,95.81µm
spi_regs_inst/_0534_,95.76µm
wave_controller_x_inst/_1721_,95.76µm
spi_regs_inst/_0700_,95.5µm
spi_regs_inst/_0223_,95.3µm
wave_controller_y_inst/net47,95.3µm
spi_regs_inst/net445,95.3µm
wave_controller_x_inst/net955,95.3µm
wave_controller_x_inst/_0645_,95.25µm
wave_controller_y_inst/_0609_,95.25µm
net744,95.25µm
wave_controller_y_inst/net819,95.25µm
spi_regs_inst/net1035,95.25µm
wave_controller_y_inst/net1563,95.25µm
cfg_phase90_offset_y\[14\],94.79µm
spi_regs_inst/net554,94.79µm
signal_processor_x_inst/net343,94.74µm
spi_regs_inst/net1063,94.74µm
signal_processor_y_inst/net335,94.69µm
net731,94.28µm
spi_regs_inst/_0664_,94.23µm
wave_controller_y_inst/_1297_,94.18µm
wave_controller_y_inst/net501,94.18µm
net1160,94.18µm
signal_processor_x_inst/_061_,94.13µm
spi_regs_inst/reg_wr_addr\[3\],94.1µm
spi_regs_inst/net611,94.08µm
wave_controller_y_inst/net825,94.08µm
spi_regs_inst/net1094,94.08µm
raw_edge2_y\[15\],93.77µm
spi_regs_inst/net377,93.77µm
wave_controller_y_inst/_1281_,93.72µm
spi_regs_inst/_0218_,93.67µm
cfg_phase270_offset_y\[9\],93.62µm
wave_controller_y_inst/_1587_,93.62µm
wave_controller_y_inst/net350,93.62µm
raw_edge2_x\[19\],93.57µm
spi_regs_inst/_0285_,93.53µm
raw_edge3_x\[9\],93.52µm
raw_edge2_x\[15\],93.21µm
wave_controller_x_inst/_1225_,93.16µm
cfg_phase0_offset_x\[13\],93.11µm
wave_controller_x_inst/_1244_,93.06µm
wave_controller_y_inst/_1333_,93.06µm
signal_processor_y_inst/net473,93.06µm
wave_controller_y_inst/net1187,93.06µm
spi_regs_inst/reg_wr_data\[0\],93.01µm
spi_regs_inst/net1093,93.01µm
net1146,93.01µm
wave_controller_y_inst/net1190,93.01µm
spi_regs_inst/_0295_,92.74µm
wave_controller_x_inst/_1226_,92.65µm
wave_controller_y_inst/_1226_,92.6µm
wave_controller_y_inst/net43,92.5µm
wave_controller_y_inst/net804,92.5µm
net1198,92.5µm
spi_regs_inst/net1024,92.45µm
raw_edge3_x\[7\],92.4µm
spi_regs_inst/net1506,92.4µm
cal_phase0_offset_y\[0\],91.99µm
wave_controller_y_inst/net1201,91.94µm
cfg_f_MEMS_fcw_x\[12\],91.89µm
spi_regs_inst/_0324_,91.84µm
wave_controller_x_inst/_1448_,91.43µm
cal_phase270_offset_y\[19\],91.38µm
wave_controller_x_inst/net253,91.38µm
net4,91.33µm
wave_controller_x_inst/_1293_,91.33µm
wave_controller_x_inst/_1431_,91.33µm
wave_controller_y_inst/net805,91.33µm
spi_regs_inst/_0387_,91.28µm
wave_controller_y_inst/_0692_,91.28µm
spi_regs_inst/_0680_,91.24µm
spi_regs_inst/_0298_,91.22µm
wave_controller_y_inst/net1136,90.92µm
cfg_f_MEMS_fcw_x\[10\],90.87µm
net1202,90.87µm
cfg_phase90_offset_y\[15\],90.82µm
wave_controller_x_inst/net295,90.77µm
cal_phase90_offset_x\[7\],90.72µm
cfg_phase90_offset_x\[2\],90.31µm
spi_regs_inst/_0592_,90.31µm
spi_regs_inst/net1048,90.31µm
spi_regs_inst/_0208_,90.26µm
cfg_f_MEMS_fcw_y\[3\],90.21µm
wave_controller_x_inst/_1297_,90.16µm
wave_controller_x_inst/_1344_,90.16µm
wave_controller_x_inst/net76,90.16µm
wave_controller_x_inst/net100,90.16µm
spi_regs_inst/net374,90.16µm
spi_regs_inst/net609,90.16µm
spi_regs_inst/net1073,90.16µm
wave_controller_x_inst/net1262,90.16µm
wave_controller_x_inst/phase_acc\[12\],89.85µm
wave_controller_x_inst/_0647_,89.75µm
wave_controller_y_inst/_0413_,89.7µm
spi_regs_inst/_0611_,89.65µm
wave_controller_y_inst/_1322_,89.65µm
spi_regs_inst/net1028,89.6µm
wave_controller_x_inst/net1204,89.19µm
wave_controller_x_inst/_0683_,89.14µm
wave_controller_x_inst/_1586_,89.14µm
spi_regs_inst/net1064,89.14µm
wave_controller_x_inst/_1212_,89.09µm
wave_controller_x_inst/_1425_,89.09µm
wave_controller_x_inst/_1435_,89.09µm
wave_controller_x_inst/net113,89.09µm
wave_controller_x_inst/net956,89.09µm
spi_regs_inst/net1011,89.09µm
spi_regs_inst/net1017,89.09µm
wave_controller_x_inst/net1408,89.09µm
net1432,89.09µm
cal_phase0_offset_x\[12\],89.04µm
spi_regs_inst/_0697_,89.04µm
signal_processor_x_inst/net339,89.04µm
wave_controller_y_inst/net657,88.63µm
wave_controller_y_inst/net1555,88.63µm
wave_controller_y_inst/_1350_,88.58µm
wave_controller_y_inst/capture_pending,88.58µm
wave_controller_y_inst/net247,88.58µm
wave_controller_x_inst/net689,88.58µm
wave_controller_y_inst/phase_acc\[20\],88.53µm
wave_controller_x_inst/net914,88.53µm
spi_regs_inst/net1167,88.53µm
net1220,88.53µm
wave_controller_y_inst/_0150_,88.48µm
spi_regs_inst/net323,88.48µm
wave_controller_x_inst/net225,88.17µm
wave_controller_y_inst/_0520_,88.12µm
spi_regs_inst/net450,88.12µm
cal_timeout_y,88.02µm
wave_controller_y_inst/net184,88.02µm
spi_regs_inst/net1039,87.97µm
spi_regs_inst/net1373,87.97µm
wave_controller_x_inst/_1282_,87.92µm
wave_controller_y_inst/net1183,87.92µm
raw_edge2_x\[11\],87.46µm
wave_controller_x_inst/_1286_,87.46µm
wave_controller_x_inst/net161,87.46µm
wave_controller_y_inst/net479,87.46µm
spi_regs_inst/net1060,87.46µm
cal_phase270_offset_y\[0\],87.41µm
net1339,87.41µm
spi_regs_inst/_0243_,87.36µm
wave_controller_y_inst/net160,87.36µm
wave_controller_y_inst/net282,87µm
spi_regs_inst/_0434_,86.97µm
wave_controller_x_inst/net224,86.95µm
wave_controller_y_inst/net146,86.9µm
wave_controller_x_inst/net252,86.9µm
wave_controller_x_inst/net933,86.9µm
wave_controller_x_inst/net1298,86.9µm
wave_controller_y_inst/net780,86.85µm
spi_regs_inst/net1045,86.85µm
net1214,86.85µm
cal_phase270_offset_y\[10\],86.8µm
cfg_f_MEMS_fcw_x\[7\],86.8µm
wave_controller_y_inst/net22,86.8µm
wave_controller_y_inst/_1448_,86.44µm
wave_controller_x_inst/net298,86.44µm
cal_phase0_offset_x\[13\],86.29µm
wave_controller_x_inst/phase_acc\[8\],86.29µm
wave_controller_y_inst/_1430_,86.29µm
raw_edge3_x\[4\],86.24µm
spi_regs_inst/net454,86.24µm
wave_controller_x_inst/net943,85.83µm
wave_controller_x_inst/_1429_,85.78µm
wave_controller_y_inst/net1554,85.78µm
spi_regs_inst/net1569,85.78µm
wave_controller_x_inst/net84,85.73µm
wave_controller_x_inst/net260,85.73µm
wave_controller_x_inst/net708,85.73µm
wave_controller_x_inst/_0971_,85.68µm
raw_edge1_y\[12\],85.32µm
wave_controller_x_inst/_0378_,85.22µm
wave_controller_x_inst/net302,85.22µm
wave_controller_x_inst/net528,85.22µm
wave_controller_y_inst/net1151,85.22µm
wave_controller_y_inst/net42,85.17µm
spi_regs_inst/net319,85.17µm
wave_controller_x_inst/net1253,85.17µm
cal_phase270_offset_y\[17\],85.12µm
spi_regs_inst/_0430_,85.12µm
spi_regs_inst/_0495_,85.12µm
wave_controller_x_inst/wave_cycle_cnt\[3\],84.89µm
wave_controller_y_inst/_1219_,84.71µm
wave_controller_y_inst/net248,84.71µm
net1120,84.71µm
spi_regs_inst/net307,84.66µm
wave_controller_y_inst/net1484,84.66µm
spi_regs_inst/_0608_,84.61µm
wave_controller_y_inst/_0414_,84.61µm
wave_controller_y_inst/net30,84.61µm
wave_controller_x_inst/net505,84.61µm
cal_phase0_offset_x\[14\],84.56µm
spi_regs_inst/_0315_,84.56µm
spi_regs_inst/_0448_,84.56µm
spi_regs_inst/_0577_,84.25µm
wave_controller_y_inst/_1449_,84.2µm
cfg_phase0_offset_y\[5\],84.15µm
spi_regs_inst/net331,84.15µm
spi_regs_inst/net1049,84.15µm
cfg_f_MEMS_fcw_x\[9\],84.1µm
signal_processor_x_inst/_055_,84.1µm
wave_controller_y_inst/net351,84.1µm
wave_controller_x_inst/net532,84.1µm
spi_regs_inst/_0461_,84.05µm
spi_regs_inst/_0718_,84.05µm
spi_regs_inst/net1059,84.05µm
spi_regs_inst/net1034,84µm
signal_processor_y_inst/s90,83.59µm
cal_phase90_offset_x\[0\],83.54µm
spi_regs_inst/_0293_,83.44µm
wave_controller_x_inst/_1210_,83.44µm
wave_controller_x_inst/net110,83.44µm
wave_controller_x_inst/net267,83.44µm
wave_controller_y_inst/net1553,83.44µm
spi_regs_inst/rx_shift\[2\],83.13µm
spi_regs_inst/_0689_,83.03µm
wave_controller_x_inst/_1276_,82.98µm
wave_controller_y_inst/net835,82.98µm
cal_phase270_offset_y\[20\],82.93µm
wave_controller_x_inst/_0155_,82.93µm
cal_phase270_offset_x\[12\],82.88µm
wave_controller_y_inst/net25,82.52µm
delay_wave_cycle_y\[3\],82.47µm
wave_controller_x_inst/net149,82.47µm
spi_regs_inst/_0623_,82.42µm
wave_controller_y_inst/_0552_,82.37µm
wave_controller_y_inst/net192,82.37µm
wave_controller_y_inst/net769,82.37µm
spi_regs_inst/net1469,82.32µm
clknet_leaf_46_clk,81.91µm
wave_controller_y_inst/_1460_,81.86µm
wave_controller_x_inst/net220,81.86µm
wave_controller_x_inst/net1265,81.86µm
cfg_phase90_offset_y\[13\],81.81µm
wave_controller_x_inst/phase_acc\[17\],81.81µm
cal_phase270_offset_y\[12\],81.76µm
wave_controller_x_inst/_0561_,81.76µm
spi_regs_inst/_0583_,81.55µm
spi_regs_inst/net378,81.35µm
raw_edge1_x\[12\],81.3µm
wave_controller_y_inst/net234,81.3µm
wave_controller_y_inst/net775,81.3µm
cal_phase270_offset_x\[0\],81.2µm
spi_regs_inst/_0451_,81.2µm
spi_regs_inst/reg_wr_addr\[2\],80.94µm
raw_edge2_y\[17\],80.74µm
spi_regs_inst/_0586_,80.74µm
wave_controller_y_inst/_1225_,80.74µm
net1241,80.74µm
wave_controller_x_inst/wave_cycle_cnt\[6\],80.69µm
wave_controller_y_inst/_1289_,80.69µm
wave_controller_y_inst/net777,80.69µm
cfg_f_MEMS_fcw_x\[5\],80.64µm
net17,80.64µm
spi_regs_inst/_0396_,80.64µm
spi_regs_inst/_0669_,80.64µm
wave_controller_x_inst/_0953_,80.64µm
wave_controller_y_inst/net807,80.64µm
wave_controller_y_inst/net1552,80.64µm
cfg_phase0_offset_x\[15\],80.23µm
wave_controller_x_inst/_0972_,80.18µm
wave_controller_x_inst/net367,80.18µm
wave_controller_x_inst/net521,80.18µm
wave_controller_x_inst/net886,80.18µm
wave_controller_x_inst/net205,80.13µm
wave_controller_y_inst/net477,80.13µm
wave_controller_x_inst/net1292,80.13µm
spi_regs_inst/_0363_,80.08µm
spi_regs_inst/_0413_,80.08µm
wave_controller_y_inst/_0909_,80.08µm
spi_regs_inst/_0559_,79.77µm
wave_controller_y_inst/wave_cycle_cnt\[2\],79.67µm
wave_controller_x_inst/net85,79.57µm
wave_controller_y_inst/net239,79.57µm
wave_controller_x_inst/net292,79.57µm
wave_controller_y_inst/net1180,79.57µm
wave_controller_x_inst/_1399_,79.52µm
signal_processor_x_inst/net341,79.52µm
spi_regs_inst/net719,79.52µm
wave_controller_x_inst/net1350,79.52µm
wave_controller_y_inst/net784,79.11µm
cfg_phase90_offset_y\[9\],79.06µm
raw_edge1_y\[7\],79.06µm
wave_controller_x_inst/net535,79.06µm
wave_controller_x_inst/net923,79.06µm
spi_regs_inst/_0590_,79.01µm
wave_controller_x_inst/_0549_,79.01µm
wave_controller_y_inst/_0825_,78.96µm
wave_controller_y_inst/_1286_,78.96µm
raw_edge1_x\[3\],78.55µm
spi_regs_inst/net1070,78.55µm
cal_phase0_offset_x\[16\],78.45µm
wave_controller_x_inst/capture_step\[0\],78.45µm
wave_controller_y_inst/phase_acc\[15\],78.4µm
spi_regs_inst/net604,78.4µm
spi_regs_inst/spi_addr\[5\],77.99µm
wave_controller_y_inst/net629,77.99µm
spi_regs_inst/_0372_,77.94µm
wave_controller_y_inst/_1429_,77.94µm
spi_regs_inst/net451,77.94µm
wave_controller_y_inst/net1128,77.94µm
raw_edge3_y\[11\],77.89µm
spi_regs_inst/_0417_,77.89µm
spi_regs_inst/_0449_,77.89µm
spi_regs_inst/_0688_,77.89µm
spi_regs_inst/_0695_,77.89µm
wave_controller_y_inst/_1279_,77.89µm
wave_controller_y_inst/phase_acc\[14\],77.89µm
spi_regs_inst/net1099,77.89µm
wave_controller_y_inst/net1488,77.89µm
delay_wave_cycle_x\[6\],77.81µm
spi_regs_inst/spi_addr\[4\],77.68µm
raw_edge2_y\[7\],77.43µm
wave_controller_y_inst/_0714_,77.43µm
wave_controller_y_inst/_1321_,77.43µm
wave_controller_x_inst/net365,77.43µm
spi_regs_inst/_0670_,77.38µm
wave_controller_y_inst/net776,77.38µm
spi_regs_inst/net1375,77.38µm
spi_regs_inst/_0724_,77.33µm
wave_controller_y_inst/net490,77.33µm
raw_edge1_y\[6\],77.28µm
wave_controller_y_inst/net245,77.28µm
net537,77.28µm
wave_controller_x_inst/net938,77.28µm
wave_controller_y_inst/net838,76.92µm
wave_controller_y_inst/net21,76.87µm
spi_regs_inst/net546,76.87µm
cfg_phase90_offset_y\[11\],76.82µm
raw_edge1_x\[6\],76.82µm
spi_regs_inst/net570,76.82µm
spi_regs_inst/_0242_,76.72µm
wave_controller_y_inst/net61,76.72µm
wave_controller_y_inst/net62,76.72µm
wave_controller_x_inst/net1240,76.72µm
spi_regs_inst/net1465,76.72µm
spi_regs_inst/_0229_,76.36µm
wave_controller_y_inst/net1133,76.31µm
raw_edge2_x\[9\],76.26µm
wave_controller_x_inst/_1557_,76.26µm
wave_controller_x_inst/net207,76.26µm
raw_edge3_y\[2\],76.21µm
wave_controller_x_inst/_0692_,76.21µm
wave_controller_x_inst/_1037_,76.16µm
wave_controller_y_inst/_0643_,76.16µm
spi_regs_inst/net1459,76.16µm
spi_regs_inst/net1082,75.8µm
wave_controller_x_inst/_0606_,75.75µm
wave_controller_y_inst/phase_acc\[11\],75.75µm
wave_controller_y_inst/net481,75.75µm
net1380,75.7µm
wave_controller_x_inst/net105,75.65µm
wave_controller_x_inst/net361,75.65µm
wave_controller_y_inst/net653,75.65µm
wave_controller_x_inst/net680,75.65µm
wave_controller_x_inst/net1249,75.65µm
spi_regs_inst/_0241_,75.6µm
spi_regs_inst/_0385_,75.6µm
wave_controller_x_inst/_1220_,75.6µm
wave_controller_x_inst/phase_acc\[10\],75.6µm
wave_controller_y_inst/net285,75.6µm
wave_controller_y_inst/net1130,75.6µm
wave_controller_x_inst/net1248,75.6µm
spi_regs_inst/net1020,75.34µm
wave_controller_x_inst/wave_cycle_cnt\[0\],75.24µm
signal_processor_x_inst/net729,75.19µm
wave_controller_y_inst/_0710_,75.14µm
wave_controller_x_inst/net1261,75.14µm
wave_controller_x_inst/net359,75.09µm
wave_controller_x_inst/_0636_,75.04µm
wave_controller_y_inst/_1721_,75.04µm
wave_controller_y_inst/net33,74.68µm
wave_controller_y_inst/net478,74.68µm
wave_controller_y_inst/wave_cycle_cnt\[0\],74.63µm
wave_controller_y_inst/wave_cycle_cnt\[6\],74.63µm
wave_controller_x_inst/_1228_,74.58µm
wave_controller_x_inst/net929,74.58µm
wave_controller_x_inst/net941,74.58µm
wave_controller_y_inst/net69,74.53µm
wave_controller_x_inst/_0911_,74.48µm
spi_regs_inst/net456,74.48µm
cfg_phase0_offset_y\[14\],74.07µm
wave_controller_y_inst/_1435_,74.07µm
spi_regs_inst/net327,74.02µm
wave_controller_x_inst/net904,74.02µm
wave_controller_y_inst/net1489,74.02µm
wave_controller_y_inst/_1206_,73.97µm
spi_regs_inst/net1542,73.97µm
wave_controller_x_inst/_0737_,73.92µm
spi_regs_inst/net1403,73.92µm
wave_controller_y_inst/net755,73.61µm
raw_edge2_y\[0\],73.51µm
wave_controller_x_inst/net212,73.46µm
wave_controller_x_inst/net946,73.46µm
spi_regs_inst/_0364_,73.41µm
wave_controller_y_inst/net346,73.41µm
spi_regs_inst/_0348_,73.36µm
wave_controller_x_inst/_1722_,73.36µm
wave_controller_y_inst/net186,73.36µm
wave_controller_y_inst/net235,73.36µm
wave_controller_x_inst/_0572_,72.9µm
wave_controller_x_inst/_1312_,72.9µm
wave_controller_y_inst/net287,72.9µm
wave_controller_y_inst/net1189,72.9µm
cfg_f_MEMS_fcw_y\[6\],72.85µm
spi_regs_inst/_0304_,72.85µm
wave_controller_x_inst/_0486_,72.85µm
wave_controller_x_inst/_1285_,72.85µm
wave_controller_x_inst/net713,72.85µm
wave_controller_y_inst/_0005_,72.8µm
spi_regs_inst/net559,72.8µm
spi_regs_inst/rx_shift\[5\],72.49µm
wave_controller_y_inst/phase_acc\[3\],72.39µm
spi_regs_inst/_0290_,72.34µm
wave_controller_y_inst/net809,72.34µm
spi_regs_inst/net1032,72.34µm
wave_controller_y_inst/net1140,72.34µm
wave_controller_y_inst/_1300_,72.29µm
wave_controller_y_inst/net1165,72.29µm
spi_regs_inst/net19,72.24µm
wave_controller_x_inst/_1327_,72.06µm
signal_processor_x_inst/_088_,71.78µm
wave_controller_y_inst/net1560,71.78µm
wave_controller_x_inst/_1221_,71.73µm
wave_controller_y_inst/net284,71.73µm
wave_controller_y_inst/net767,71.73µm
cal_phase270_offset_x\[6\],71.68µm
cal_phase270_offset_y\[13\],71.68µm
spi_regs_inst/_0379_,71.68µm
wave_controller_x_inst/_1309_,71.68µm
wave_controller_x_inst/_1354_,71.68µm
wave_controller_y_inst/net169,71.68µm
spi_regs_inst/_0222_,71.32µm
wave_controller_y_inst/phase_acc\[7\],71.32µm
wave_controller_x_inst/_1275_,71.27µm
wave_controller_x_inst/net214,71.27µm
wave_controller_y_inst/net661,71.22µm
net742,71.22µm
wave_controller_y_inst/net830,71.22µm
wave_controller_y_inst/net1125,71.22µm
wave_controller_x_inst/net1222,71.22µm
wave_controller_y_inst/net1498,71.22µm
spi_regs_inst/net1541,71.22µm
wave_controller_y_inst/net40,71.17µm
spi_regs_inst/net555,71.17µm
spi_regs_inst/net605,71.17µm
spi_regs_inst/net1055,71.17µm
spi_regs_inst/_0299_,71.12µm
spi_regs_inst/_0350_,71.12µm
wave_controller_x_inst/net75,71.12µm
signal_processor_y_inst/net336,71.12µm
wave_controller_y_inst/net791,71.12µm
wave_controller_y_inst/_1228_,71.04µm
wave_controller_x_inst/phase_acc\[11\],70.71µm
wave_controller_x_inst/net83,70.71µm
wave_controller_x_inst/net508,70.71µm
wave_controller_x_inst/net918,70.71µm
wave_controller_x_inst/net690,70.66µm
wave_controller_x_inst/_0451_,70.61µm
wave_controller_y_inst/net751,70.61µm
signal_processor_x_inst/net340,70.56µm
net1349,70.56µm
raw_edge2_y\[3\],70.2µm
wave_controller_y_inst/_1436_,70.15µm
cfg_phase0_offset_y\[11\],70.1µm
wave_controller_y_inst/phase_acc\[6\],70.1µm
spi_regs_inst/net591,70.05µm
signal_processor_y_inst/_102_,70µm
wave_controller_y_inst/net637,69.64µm
signal_processor_y_inst/_046_,69.54µm
wave_controller_y_inst/net194,69.54µm
wave_controller_y_inst/net645,69.54µm
wave_controller_y_inst/net660,69.54µm
wave_controller_x_inst/net726,69.54µm
spi_regs_inst/_0375_,69.49µm
wave_controller_x_inst/_0209_,69.49µm
wave_controller_x_inst/_0529_,69.44µm
wave_controller_y_inst/net232,69.44µm
wave_controller_y_inst/net832,69.44µm
spi_regs_inst/net1212,69.44µm
delay_wave_cycle_x\[7\],69.03µm
wave_controller_y_inst/net782,69.03µm
wave_controller_x_inst/_0614_,68.98µm
wave_controller_x_inst/net722,68.98µm
cfg_phase0_offset_y\[6\],68.93µm
wave_controller_y_inst/_1269_,68.93µm
spi_regs_inst/net322,68.93µm
wave_controller_x_inst/net712,68.93µm
wave_controller_y_inst/net1502,68.93µm
wave_controller_x_inst/_1252_,68.88µm
wave_controller_y_inst/net476,68.62µm
wave_controller_x_inst/_1248_,68.47µm
clknet_leaf_25_clk,68.47µm
wave_controller_y_inst/_0420_,68.42µm
wave_controller_y_inst/phase_acc\[9\],68.42µm
wave_controller_y_inst/net50,68.42µm
wave_controller_x_inst/net97,68.42µm
wave_controller_y_inst/net1480,68.42µm
spi_regs_inst/_0617_,68.37µm
spi_regs_inst/rx_shift\[1\],68.37µm
wave_controller_y_inst/_0861_,68.37µm
cal_phase270_offset_x\[20\],68.32µm
wave_controller_y_inst/_1309_,68.32µm
wave_controller_y_inst/net500,68.32µm
raw_edge2_x\[7\],67.91µm
wave_controller_y_inst/_1215_,67.86µm
wave_controller_x_inst/net102,67.86µm
wave_controller_y_inst/net1124,67.86µm
wave_controller_y_inst/net1196,67.86µm
wave_controller_y_inst/net489,67.81µm
spi_regs_inst/net612,67.81µm
wave_controller_x_inst/net123,67.76µm
spi_regs_inst/net602,67.76µm
wave_controller_y_inst/net485,67.35µm
wave_controller_x_inst/_1414_,67.3µm
wave_controller_y_inst/_0897_,67.3µm
wave_controller_x_inst/net114,67.3µm
spi_regs_inst/_0698_,67.25µm
wave_controller_y_inst/_0197_,67.25µm
wave_controller_y_inst/_0600_,67.25µm
wave_controller_x_inst/net77,67.25µm
spi_regs_inst/net1079,67.25µm
spi_regs_inst/net1531,67.25µm
spi_regs_inst/_0535_,67.2µm
wave_controller_y_inst/net754,67.2µm
wave_controller_y_inst/net1181,67.2µm
wave_controller_y_inst/_1433_,66.99µm
wave_controller_x_inst/net112,66.89µm
wave_controller_x_inst/net121,66.84µm
net1164,66.84µm
raw_edge2_y\[2\],66.79µm
wave_controller_y_inst/net666,66.79µm
spi_regs_inst/_0638_,66.74µm
spi_regs_inst/_0709_,66.74µm
wave_controller_y_inst/_0423_,66.74µm
wave_controller_x_inst/net691,66.74µm
wave_controller_y_inst/net794,66.74µm
spi_regs_inst/_0612_,66.69µm
wave_controller_y_inst/_0602_,66.69µm
wave_controller_y_inst/_0613_,66.69µm
spi_regs_inst/_0263_,66.64µm
spi_regs_inst/_0359_,66.64µm
wave_controller_y_inst/net44,66.64µm
wave_controller_y_inst/net480,66.64µm
spi_regs_inst/_0645_,66.23µm
wave_controller_x_inst/net1300,66.23µm
net1388,66.23µm
spi_regs_inst/_0280_,66.18µm
wave_controller_x_inst/_0994_,66.18µm
wave_controller_x_inst/_1433_,66.18µm
wave_controller_x_inst/net211,66.18µm
wave_controller_x_inst/net507,66.18µm
wave_controller_x_inst/net523,66.18µm
wave_controller_x_inst/net540,66.18µm
spi_regs_inst/net564,66.18µm
wave_controller_x_inst/_1279_,66.13µm
wave_controller_y_inst/net543,66.13µm
spi_regs_inst/_0306_,66.08µm
wave_controller_x_inst/net222,66.08µm
wave_controller_x_inst/net362,66.08µm
wave_controller_x_inst/net1256,66.08µm
net1272,66.08µm
wave_controller_y_inst/_1210_,65.72µm
wave_controller_x_inst/net1203,65.67µm
cal_done_y,65.62µm
spi_regs_inst/_0408_,65.62µm
spi_regs_inst/net1072,65.62µm
wave_controller_x_inst/net1301,65.62µm
net1496,65.62µm
wave_controller_x_inst/_0643_,65.57µm
wave_controller_y_inst/_0612_,65.57µm
wave_controller_y_inst/_1431_,65.57µm
wave_controller_y_inst/net1158,65.57µm
wave_controller_x_inst/net95,65.52µm
wave_controller_x_inst/net928,65.52µm
wave_controller_y_inst/_0617_,65.11µm
wave_controller_x_inst/net935,65.11µm
raw_edge2_y\[10\],65.06µm
wave_controller_y_inst/net621,65.06µm
spi_regs_inst/_0549_,65.04µm
wave_controller_y_inst/_1299_,65.01µm
wave_controller_x_inst/net675,65.01µm
wave_controller_y_inst/net1490,65.01µm
spi_regs_inst/_0633_,64.96µm
wave_controller_x_inst/net1274,64.96µm
wave_controller_y_inst/_1432_,64.7µm
wave_controller_x_inst/net80,64.6µm
wave_controller_x_inst/net268,64.55µm
spi_regs_inst/net1058,64.55µm
wave_controller_x_inst/_1308_,64.5µm
wave_controller_y_inst/_1383_,64.5µm
wave_controller_x_inst/net954,64.5µm
cal_phase90_offset_x\[18\],64.45µm
signal_processor_y_inst/_088_,64.45µm
spi_regs_inst/_0674_,64.45µm
wave_controller_x_inst/_0441_,64.45µm
wave_controller_y_inst/net41,64.45µm
wave_controller_x_inst/net99,64.45µm
wave_controller_y_inst/net475,64.45µm
net1437,64.45µm
net1495,64.45µm
spi_regs_inst/_0411_,64.4µm
wave_controller_x_inst/net1369,64.4µm
signal_processor_x_inst/s90,64.04µm
signal_processor_x_inst/net728,64.04µm
signal_processor_y_inst/_041_,63.99µm
wave_controller_x_inst/_0617_,63.99µm
wave_controller_y_inst/net1182,63.99µm
signal_processor_x_inst/comp_pipe\[3\],63.94µm
wave_controller_x_inst/net1297,63.94µm
cal_phase90_offset_y\[1\],63.89µm
wave_controller_y_inst/net143,63.89µm
wave_controller_x_inst/net257,63.89µm
spi_regs_inst/net309,63.89µm
wave_controller_x_inst/net1321,63.89µm
wave_controller_x_inst/net1365,63.89µm
spi_regs_inst/_0473_,63.84µm
wave_controller_y_inst/_0252_,63.84µm
wave_controller_y_inst/_1722_,63.84µm
spi_regs_inst/net576,63.84µm
wave_controller_y_inst/net799,63.84µm
wave_controller_y_inst/_0486_,63.65µm
wave_controller_x_inst/net709,63.43µm
wave_controller_y_inst/net789,63.43µm
wave_controller_x_inst/_0430_,63.38µm
net1417,63.38µm
spi_regs_inst/net1462,63.38µm
wave_controller_y_inst/net68,63.33µm
spi_regs_inst/net277,63.33µm
spi_regs_inst/net562,63.33µm
spi_regs_inst/_0353_,63.28µm
wave_controller_x_inst/_0503_,63.28µm
wave_controller_y_inst/_1004_,63.28µm
wave_controller_x_inst/_1269_,62.92µm
wave_controller_x_inst/net671,62.87µm
spi_regs_inst/net1044,62.87µm
latch_phase270_y,62.82µm
spi_regs_inst/_0423_,62.82µm
wave_controller_y_inst/_0307_,62.82µm
wave_controller_y_inst/net1474,62.82µm
wave_controller_x_inst/phase_acc\[15\],62.77µm
wave_controller_y_inst/_0529_,62.72µm
wave_controller_y_inst/_1292_,62.31µm
spi_regs_inst/net552,62.26µm
net1188,62.26µm
wave_controller_x_inst/net1283,62.21µm
wave_controller_x_inst/_0897_,62.16µm
wave_controller_y_inst/_1044_,62.16µm
wave_controller_x_inst/net885,61.8µm
raw_edge3_x\[2\],61.75µm
wave_controller_x_inst/net369,61.7µm
wave_controller_y_inst/net774,61.7µm
wave_controller_y_inst/_1308_,61.65µm
spi_regs_inst/net1051,61.65µm
spi_regs_inst/_0665_,61.6µm
wave_controller_y_inst/_0652_,61.6µm
wave_controller_x_inst/_1434_,61.24µm
wave_controller_y_inst/_1320_,61.19µm
wave_controller_y_inst/net1200,61.19µm
spi_regs_inst/net1395,61.19µm
spi_regs_inst/spi_addr\[0\],61.14µm
wave_controller_x_inst/net88,61.14µm
wave_controller_x_inst/net693,61.09µm
wave_controller_x_inst/_0825_,61.04µm
wave_controller_y_inst/net233,61.04µm
spi_regs_inst/net457,61.04µm
wave_controller_x_inst/_0672_,60.68µm
wave_controller_x_inst/net894,60.68µm
wave_controller_y_inst/net1162,60.63µm
cfg_phase270_offset_y\[1\],60.58µm
wave_controller_x_inst/_0485_,60.58µm
spi_regs_inst/net603,60.58µm
net743,60.58µm
wave_controller_x_inst/net934,60.58µm
wave_controller_y_inst/net1123,60.58µm
wave_controller_x_inst/net1287,60.58µm
spi_regs_inst/_0660_,60.53µm
wave_controller_y_inst/net652,60.53µm
wave_controller_y_inst/net345,60.27µm
wave_controller_y_inst/_1332_,60.07µm
wave_controller_x_inst/net898,60.07µm
raw_edge1_x\[5\],60.02µm
spi_regs_inst/net427,60.02µm
wave_controller_x_inst/net703,60.02µm
wave_controller_y_inst/net1155,60.02µm
raw_edge1_x\[20\],59.97µm
spi_regs_inst/net585,59.97µm
wave_controller_x_inst/net1210,59.97µm
wave_controller_x_inst/net1296,59.97µm
wave_controller_y_inst/net1478,59.97µm
wave_controller_x_inst/_0893_,59.92µm
wave_controller_x_inst/_1715_,59.92µm
wave_controller_y_inst/_1034_,59.92µm
wave_controller_x_inst/net106,59.92µm
wave_controller_x_inst/net1252,59.56µm
wave_controller_y_inst/net1445,59.51µm
raw_edge2_y\[1\],59.46µm
wave_controller_y_inst/_0614_,59.46µm
wave_controller_x_inst/net360,59.46µm
delay_wave_cycle_y\[4\],59.41µm
wave_controller_x_inst/_1007_,59.41µm
wave_controller_y_inst/net49,59.41µm
spi_regs_inst/net561,59.41µm
spi_regs_inst/net1012,59.41µm
spi_regs_inst/net1015,59.36µm
net1405,59.36µm
net1447,59.36µm
spi_regs_inst/net1464,59.36µm
wave_controller_y_inst/net356,59µm
wave_controller_y_inst/phase_acc\[10\],58.95µm
net746,58.95µm
wave_controller_y_inst/net802,58.95µm
raw_edge1_y\[5\],58.9µm
spi_regs_inst/_0672_,58.9µm
spi_regs_inst/net372,58.9µm
signal_processor_x_inst/net1329,58.9µm
raw_edge1_x\[19\],58.85µm
spi_regs_inst/_0541_,58.85µm
wave_controller_x_inst/_1032_,58.8µm
wave_controller_x_inst/phase_acc\[20\],58.8µm
wave_controller_y_inst/_0208_,58.8µm
wave_controller_y_inst/net58,58.8µm
spi_regs_inst/net376,58.8µm
wave_controller_y_inst/net811,58.8µm
wave_controller_y_inst/net1546,58.49µm
wave_controller_y_inst/_1312_,58.44µm
wave_controller_y_inst/_0672_,58.34µm
wave_controller_x_inst/net949,58.34µm
wave_controller_x_inst/net1105,58.34µm
wave_controller_y_inst/net1174,58.34µm
cal_phase270_offset_y\[7\],58.29µm
net2,58.29µm
spi_regs_inst/_0620_,58.29µm
wave_controller_x_inst/_0150_,58.29µm
wave_controller_x_inst/_1598_,58.29µm
wave_controller_x_inst/net1351,58.29µm
raw_edge2_y\[20\],58.24µm
spi_regs_inst/net1524,58.24µm
wave_controller_y_inst/_0631_,57.93µm
wave_controller_y_inst/net178,57.83µm
wave_controller_x_inst/net511,57.83µm
wave_controller_x_inst/net682,57.83µm
cfg_phase0_offset_y\[12\],57.78µm
wave_controller_x_inst/net527,57.78µm
spi_regs_inst/net1518,57.78µm
spi_regs_inst/_0610_,57.73µm
wave_controller_y_inst/_1425_,57.73µm
wave_controller_x_inst/net103,57.73µm
spi_regs_inst/net606,57.73µm
spi_regs_inst/net1345,57.73µm
cal_phase90_offset_x\[17\],57.68µm
spi_regs_inst/_0482_,57.68µm
wave_controller_x_inst/_1034_,57.68µm
wave_controller_x_inst/net139,57.68µm
wave_controller_y_inst/net622,57.68µm
wave_controller_x_inst/_0414_,57.32µm
wave_controller_y_inst/_1304_,57.32µm
net1103,57.32µm
wave_controller_y_inst/_1283_,57.27µm
wave_controller_x_inst/net890,57.27µm
net1446,57.27µm
spi_regs_inst/net271,57.22µm
wave_controller_y_inst/net355,57.22µm
wave_controller_x_inst/net888,57.22µm
wave_controller_y_inst/net1557,57.22µm
spi_regs_inst/_0443_,57.17µm
wave_controller_x_inst/_1121_,57.17µm
spi_regs_inst/net275,57.17µm
wave_controller_x_inst/net1266,57.17µm
wave_controller_x_inst/_0811_,57.12µm
wave_controller_y_inst/_0708_,57.12µm
wave_controller_y_inst/_0841_,57.12µm
raw_edge1_x\[11\],56.66µm
wave_controller_x_inst/net148,56.66µm
wave_controller_y_inst/net495,56.66µm
wave_controller_y_inst/net631,56.66µm
wave_controller_x_inst/net916,56.66µm
wave_controller_y_inst/net1175,56.66µm
spi_regs_inst/_0514_,56.61µm
wave_controller_x_inst/_1319_,56.61µm
wave_controller_x_inst/_1460_,56.61µm
wave_controller_x_inst/net122,56.61µm
signal_processor_x_inst/net342,56.61µm
wave_controller_y_inst/net772,56.61µm
net1179,56.61µm
net1245,56.61µm
spi_regs_inst/net1523,56.61µm
spi_regs_inst/_0598_,56.56µm
wave_controller_x_inst/_1369_,56.56µm
wave_controller_y_inst/net497,56.56µm
wave_controller_x_inst/net1320,56.56µm
wave_controller_x_inst/net1361,56.56µm
wave_controller_y_inst/net1551,56.56µm
cfg_phase270_offset_y\[10\],56.15µm
raw_edge2_y\[6\],56.15µm
wave_controller_y_inst/net496,56.1µm
wave_controller_y_inst/net1154,56.1µm
spi_regs_inst/net1399,56.1µm
raw_edge3_x\[14\],56.05µm
spi_regs_inst/_0686_,56.05µm
spi_regs_inst/_0699_,56.05µm
wave_controller_x_inst/_0552_,56.05µm
spi_regs_inst/net583,56.05µm
wave_controller_y_inst/net665,56.05µm
spi_regs_inst/net1076,56.05µm
net1444,56.05µm
spi_regs_inst/_0312_,56µm
wave_controller_x_inst/_0522_,56µm
wave_controller_x_inst/_1004_,56µm
net1159,56µm
wave_controller_x_inst/net887,55.77µm
signal_processor_y_inst/net333,55.59µm
wave_controller_x_inst/net510,55.59µm
signal_processor_y_inst/s270_pipe\[3\],55.54µm
spi_regs_inst/_0426_,55.54µm
spi_regs_inst/_0685_,55.54µm
spi_regs_inst/spi_state,55.54µm
spi_regs_inst/net318,55.54µm
spi_regs_inst/net471,55.54µm
spi_regs_inst/_0336_,55.49µm
wave_controller_x_inst/_0513_,55.49µm
wave_controller_x_inst/_0966_,55.49µm
wave_controller_y_inst/_1247_,55.49µm
wave_controller_y_inst/net658,55.49µm
net1415,55.49µm
spi_regs_inst/_0250_,55.44µm
wave_controller_x_inst/_0560_,55.44µm
wave_controller_y_inst/_0434_,55.44µm
wave_controller_x_inst/net509,55.44µm
wave_controller_y_inst/net1567,55.44µm
spi_regs_inst/_0291_,55.03µm
wave_controller_x_inst/net515,55.03µm
wave_controller_x_inst/_0197_,54.98µm
spi_regs_inst/net452,54.98µm
wave_controller_x_inst/net696,54.98µm
wave_controller_x_inst/net940,54.98µm
cal_phase270_offset_x\[2\],54.93µm
wave_controller_x_inst/_0413_,54.93µm
wave_controller_y_inst/_0953_,54.93µm
spi_regs_inst/net566,54.93µm
net1419,54.93µm
signal_processor_x_inst/cnt_in\[0\],54.52µm
wave_controller_x_inst/net107,54.47µm
wave_controller_y_inst/net627,54.47µm
signal_processor_y_inst/net334,54.42µm
wave_controller_x_inst/net512,54.42µm
wave_controller_y_inst/net1477,54.42µm
signal_processor_x_inst/s90_pipe\[3\],54.37µm
wave_controller_x_inst/_0515_,54.37µm
wave_controller_x_inst/net119,54.37µm
wave_controller_x_inst/net1260,54.37µm
wave_controller_x_inst/_0861_,54.32µm
spi_regs_inst/net596,54.32µm
spi_regs_inst/net1004,54.32µm
wave_controller_x_inst/_0710_,54.01µm
raw_edge2_y\[14\],53.96µm
wave_controller_y_inst/net66,53.86µm
wave_controller_x_inst/net221,53.86µm
wave_controller_y_inst/net236,53.86µm
net745,53.86µm
wave_controller_x_inst/net1302,53.86µm
wave_controller_y_inst/net1486,53.86µm
wave_controller_x_inst/comp_sync3,53.81µm
wave_controller_x_inst/net706,53.81µm
wave_controller_x_inst/_0536_,53.76µm
spi_regs_inst/net273,53.76µm
spi_regs_inst/_0579_,53.4µm
wave_controller_x_inst/wave_cycle_cnt\[2\],53.4µm
spi_regs_inst/rx_shift\[3\],53.35µm
wave_controller_y_inst/net46,53.35µm
wave_controller_x_inst/net358,53.35µm
delay_wave_cycle_y\[7\],53.3µm
wave_controller_x_inst/net371,53.3µm
wave_controller_x_inst/net679,53.3µm
wave_controller_y_inst/net813,53.3µm
wave_controller_x_inst/net1290,53.3µm
cal_dir_x,53.25µm
raw_edge1_y\[19\],53.25µm
spi_regs_inst/net306,53.25µm
wave_controller_y_inst/net642,53.25µm
wave_controller_y_inst/net770,53.25µm
wave_controller_y_inst/net801,53.25µm
wave_controller_y_inst/net822,53.25µm
net1138,53.25µm
net1450,53.25µm
wave_controller_x_inst/_0955_,53.2µm
wave_controller_y_inst/_1301_,53.2µm
wave_controller_y_inst/net189,52.79µm
net1539,52.79µm
spi_regs_inst/_0600_,52.74µm
wave_controller_y_inst/net636,52.74µm
spi_regs_inst/net1382,52.74µm
spi_regs_inst/net1533,52.74µm
wave_controller_y_inst/_1414_,52.69µm
wave_controller_y_inst/net817,52.69µm
wave_controller_y_inst/net1143,52.69µm
spi_regs_inst/spi_addr\[6\],52.64µm
spi_regs_inst/net1528,52.64µm
net1234,52.33µm
latch_phase270_x,52.28µm
wave_controller_x_inst/phase_acc\[5\],52.28µm
wave_controller_y_inst/net1562,52.28µm
delay_wave_cycle_x\[4\],52.23µm
wave_controller_x_inst/net1207,52.23µm
net1317,52.18µm
spi_regs_inst/_0569_,52.13µm
spi_regs_inst/reg_wr_addr\[5\],52.13µm
wave_controller_y_inst/phase_acc\[5\],52.13µm
wave_controller_y_inst/net144,52.13µm
spi_regs_inst/net601,52.13µm
wave_controller_y_inst/net768,52.13µm
wave_controller_x_inst/net1280,52.13µm
signal_processor_x_inst/net1313,52.13µm
cal_phase0_offset_y\[18\],52.08µm
wave_controller_y_inst/_1189_,52.08µm
wave_controller_y_inst/net39,52.08µm
spi_regs_inst/net720,52.08µm
spi_regs_inst/_0615_,51.72µm
wave_controller_x_inst/_1302_,51.72µm
wave_controller_y_inst/net1108,51.67µm
wave_controller_x_inst/net1295,51.67µm
signal_processor_x_inst/net1311,51.62µm
wave_controller_y_inst/_0259_,51.57µm
wave_controller_y_inst/_0488_,51.57µm
spi_regs_inst/net588,51.57µm
net1338,51.57µm
raw_edge2_x\[8\],51.52µm
wave_controller_x_inst/_0156_,51.52µm
wave_controller_x_inst/_0629_,51.52µm
wave_controller_x_inst/_1294_,51.52µm
wave_controller_x_inst/_1295_,51.52µm
spi_regs_inst/net461,51.52µm
net747,51.52µm
spi_regs_inst/net1377,51.52µm
spi_regs_inst/net272,51.34µm
wave_controller_y_inst/net620,51.11µm
wave_controller_y_inst/_1234_,51.06µm
wave_controller_y_inst/_1464_,51.06µm
wave_controller_x_inst/net357,51.06µm
spi_regs_inst/net1023,51.06µm
spi_regs_inst/net1346,51.06µm
net1353,51.06µm
cal_phase0_offset_y\[20\],51.01µm
cfg_phase270_offset_y\[11\],51.01µm
wave_controller_x_inst/_0801_,51.01µm
wave_controller_y_inst/_1285_,51.01µm
wave_controller_y_inst/_1294_,51.01µm
wave_controller_y_inst/_1419_,51.01µm
spi_regs_inst/net608,51.01µm
wave_controller_y_inst/net1550,51.01µm
wave_controller_x_inst/_0901_,50.96µm
wave_controller_y_inst/_0296_,50.96µm
spi_regs_inst/net375,50.96µm
spi_regs_inst/net580,50.96µm
wave_controller_x_inst/_0631_,50.55µm
spi_regs_inst/net1521,50.55µm
spi_regs_inst/_0657_,50.5µm
wave_controller_x_inst/_0554_,50.5µm
wave_controller_y_inst/wave_cycle_cnt\[5\],50.5µm
wave_controller_x_inst/net1357,50.5µm
wave_controller_x_inst/_0434_,50.45µm
wave_controller_x_inst/net124,50.45µm
wave_controller_y_inst/net231,50.45µm
spi_regs_inst/net550,50.45µm
signal_processor_x_inst/net1330,50.45µm
wave_controller_y_inst/net1471,50.45µm
wave_controller_y_inst/_1190_,50.4µm
wave_controller_y_inst/net64,50.4µm
wave_controller_x_inst/net896,50.4µm
wave_controller_x_inst/net919,50.4µm
spi_regs_inst/net1009,50.4µm
spi_regs_inst/bit_cnt\[0\],50.04µm
wave_controller_y_inst/_1221_,49.99µm
raw_edge2_y\[11\],49.94µm
wave_controller_y_inst/_1244_,49.94µm
spi_regs_inst/net581,49.94µm
wave_controller_y_inst/net793,49.94µm
wave_controller_y_inst/net798,49.94µm
wave_controller_y_inst/net818,49.94µm
wave_controller_x_inst/net1367,49.94µm
spi_regs_inst/net1516,49.94µm
wave_controller_y_inst/_0606_,49.89µm
wave_controller_y_inst/net494,49.89µm
wave_controller_y_inst/net651,49.89µm
wave_controller_y_inst/net824,49.89µm
signal_processor_x_inst/net1323,49.89µm
spi_regs_inst/net1536,49.89µm
wave_controller_y_inst/_1298_,49.84µm
wave_controller_y_inst/_1660_,49.84µm
spi_regs_inst/rx_shift\[0\],49.43µm
wave_controller_y_inst/_1276_,49.43µm
wave_controller_x_inst/phase_acc\[1\],49.38µm
wave_controller_x_inst/net695,49.38µm
wave_controller_x_inst/net912,49.38µm
cal_phase90_offset_y\[0\],49.33µm
wave_controller_y_inst/_0132_,49.33µm
wave_controller_y_inst/_1213_,49.33µm
wave_controller_x_inst/net678,49.33µm
net1538,49.33µm
wave_controller_x_inst/_0715_,49.28µm
wave_controller_y_inst/_1282_,49.28µm
wave_controller_y_inst/net1547,49.28µm
net1566,48.92µm
wave_controller_y_inst/_0583_,48.87µm
wave_controller_x_inst/net1277,48.87µm
wave_controller_x_inst/net1293,48.82µm
phase_offset_imported,48.77µm
spi_regs_inst/tx_shift\[3\],48.77µm
wave_controller_y_inst/net45,48.77µm
spi_regs_inst/net578,48.77µm
spi_regs_inst/net590,48.77µm
wave_controller_x_inst/net913,48.77µm
spi_regs_inst/net1390,48.77µm
wave_controller_x_inst/_1492_,48.72µm
wave_controller_y_inst/_0490_,48.72µm
wave_controller_y_inst/net180,48.72µm
wave_controller_x_inst/net256,48.72µm
wave_controller_x_inst/net915,48.72µm
net1404,48.72µm
spi_regs_inst/net276,48.36µm
delay_wave_cycle_y\[6\],48.31µm
signal_processor_x_inst/_102_,48.31µm
wave_controller_y_inst/_1443_,48.31µm
wave_controller_x_inst/net891,48.31µm
wave_controller_y_inst/net1150,48.31µm
wave_controller_y_inst/_0262_,48.26µm
wave_controller_y_inst/net820,48.26µm
wave_controller_x_inst/net927,48.26µm
net1244,48.26µm
spi_regs_inst/net1392,48.26µm
cal_phase0_offset_y\[4\],48.21µm
spi_regs_inst/mosi_sync\[1\],48.21µm
wave_controller_x_inst/_1383_,48.21µm
wave_controller_y_inst/_0091_,48.21µm
wave_controller_y_inst/net133,48.21µm
wave_controller_x_inst/net723,48.21µm
net1152,48.21µm
wave_controller_y_inst/net1194,48.21µm
wave_controller_y_inst/net1466,48.21µm
wave_controller_y_inst/net1545,48.21µm
spi_regs_inst/_0326_,48.16µm
spi_regs_inst/_0528_,48.16µm
wave_controller_y_inst/_1353_,48.16µm
wave_controller_y_inst/net132,48.16µm
wave_controller_y_inst/net1170,48.16µm
signal_processor_x_inst/net1324,48.16µm
wave_controller_x_inst/_0447_,47.75µm
wave_controller_y_inst/net1476,47.75µm
raw_edge2_x\[14\],47.7µm
spi_regs_inst/_0530_,47.7µm
wave_controller_y_inst/_0971_,47.7µm
spi_regs_inst/_0264_,47.65µm
wave_controller_x_inst/_0307_,47.65µm
wave_controller_y_inst/net56,47.65µm
net1381,47.65µm
wave_controller_x_inst/_1311_,47.6µm
wave_controller_y_inst/_1471_,47.6µm
wave_controller_x_inst/_0608_,47.29µm
wave_controller_x_inst/net677,47.24µm
raw_edge1_y\[1\],47.14µm
raw_edge2_x\[13\],47.14µm
wave_controller_x_inst/_1720_,47.14µm
wave_controller_y_inst/_0563_,47.14µm
spi_regs_inst/net595,47.14µm
net1336,47.14µm
spi_regs_inst/_0589_,47.09µm
wave_controller_x_inst/_1401_,47.04µm
wave_controller_x_inst/phase_acc\[14\],47.04µm
net1352,47.04µm
signal_processor_x_inst/net1412,47.04µm
wave_controller_x_inst/net670,46.68µm
wave_controller_y_inst/net633,46.63µm
wave_controller_y_inst/net1482,46.63µm
wave_controller_x_inst/_0322_,46.58µm
wave_controller_y_inst/_0485_,46.58µm
wave_controller_y_inst/_1302_,46.58µm
wave_controller_y_inst/net781,46.58µm
delay_wave_cycle_x\[1\],46.53µm
net3,46.53µm
spi_regs_inst/_0568_,46.53µm
wave_controller_x_inst/_0712_,46.53µm
wave_controller_y_inst/_0260_,46.53µm
wave_controller_y_inst/_0385_,46.53µm
wave_controller_y_inst/net59,46.53µm
wave_controller_x_inst/net519,46.53µm
wave_controller_y_inst/net797,46.53µm
signal_processor_x_inst/net1315,46.53µm
wave_controller_x_inst/_0652_,46.48µm
wave_controller_y_inst/net164,46.48µm
spi_regs_inst/net547,46.48µm
spi_regs_inst/net592,46.3µm
net1250,46.12µm
signal_processor_y_inst/cycle_count\[0\],46.07µm
wave_controller_x_inst/net1370,46.07µm
wave_controller_y_inst/net664,46.02µm
wave_controller_y_inst/net828,46.02µm
net1243,46.02µm
spi_regs_inst/net1343,46.02µm
spi_regs_inst/net1397,46.02µm
signal_processor_y_inst/net1414,46.02µm
signal_processor_y_inst/_061_,45.97µm
wave_controller_y_inst/_0183_,45.97µm
wave_controller_y_inst/_0863_,45.97µm
spi_regs_inst/net1400,45.97µm
wave_controller_y_inst/net1493,45.97µm
spi_regs_inst/_0454_,45.92µm
wave_controller_x_inst/_1298_,45.92µm
wave_controller_y_inst/net38,45.92µm
wave_controller_x_inst/net147,45.92µm
wave_controller_y_inst/net1129,45.92µm
net1513,45.92µm
wave_controller_y_inst/net1142,45.56µm
wave_controller_x_inst/capture_pending,45.51µm
wave_controller_x_inst/net1257,45.51µm
wave_controller_y_inst/_1052_,45.46µm
spi_regs_inst/net329,45.46µm
wave_controller_y_inst/net643,45.46µm
wave_controller_y_inst/net1186,45.46µm
wave_controller_y_inst/_0249_,45.41µm
wave_controller_y_inst/_0978_,45.41µm
wave_controller_y_inst/net344,45.41µm
wave_controller_x_inst/net526,45.41µm
spi_regs_inst/_0444_,45.36µm
spi_regs_inst/_0663_,44.95µm
wave_controller_x_inst/_1332_,44.9µm
wave_controller_y_inst/_0917_,44.9µm
wave_controller_x_inst/net229,44.9µm
wave_controller_y_inst/net623,44.9µm
wave_controller_x_inst/net1319,44.9µm
wave_controller_y_inst/net1548,44.9µm
spi_regs_inst/_0390_,44.85µm
spi_regs_inst/_0516_,44.85µm
wave_controller_x_inst/_0488_,44.85µm
wave_controller_x_inst/_0885_,44.85µm
wave_controller_x_inst/_1234_,44.85µm
wave_controller_x_inst/net1299,44.85µm
net1441,44.85µm
spi_regs_inst/net1509,44.85µm
wave_controller_x_inst/_0296_,44.8µm
wave_controller_y_inst/net171,44.8µm
spi_regs_inst/net616,44.8µm
wave_controller_x_inst/net909,44.8µm
net1126,44.44µm
wave_controller_x_inst/net1383,44.44µm
signal_processor_x_inst/s270_pipe\[3\],44.39µm
spi_regs_inst/_0632_,44.39µm
wave_controller_x_inst/_0242_,44.39µm
wave_controller_y_inst/net1110,44.39µm
spi_regs_inst/tx_shift\[2\],44.34µm
wave_controller_x_inst/net1282,44.34µm
spi_regs_inst/_0594_,44.29µm
spi_regs_inst/reg_wr_addr\[6\],44.29µm
wave_controller_x_inst/_0650_,44.29µm
wave_controller_x_inst/_0909_,44.29µm
wave_controller_x_inst/_0918_,44.29µm
wave_controller_x_inst/_1272_,44.29µm
wave_controller_y_inst/_1451_,44.29µm
wave_controller_y_inst/phase_acc\[18\],44.29µm
wave_controller_x_inst/net506,44.29µm
wave_controller_x_inst/net893,44.29µm
net1376,44.29µm
wave_controller_y_inst/net1491,44.29µm
wave_controller_y_inst/_1032_,44.24µm
wave_controller_y_inst/net60,44.24µm
raw_edge2_y\[5\],43.88µm
wave_controller_y_inst/_1275_,43.88µm
net1418,43.83µm
cfg_phase90_offset_y\[10\],43.78µm
spi_regs_inst/_0255_,43.78µm
wave_controller_x_inst/_1442_,43.78µm
wave_controller_x_inst/net208,43.78µm
net1467,43.78µm
wave_controller_y_inst/net1470,43.78µm
signal_processor_x_inst/_064_,43.73µm
wave_controller_x_inst/_0260_,43.73µm
spi_regs_inst/net453,43.73µm
spi_regs_inst/net468,43.73µm
net1384,43.73µm
net1494,43.73µm
wave_controller_x_inst/_0708_,43.68µm
wave_controller_x_inst/_0764_,43.68µm
wave_controller_y_inst/_0467_,43.68µm
wave_controller_y_inst/_1705_,43.68µm
wave_controller_y_inst/net482,43.32µm
wave_controller_x_inst/net138,43.27µm
wave_controller_x_inst/net218,43.27µm
spi_regs_inst/_0308_,43.22µm
wave_controller_y_inst/_0964_,43.22µm
spi_regs_inst/net1344,43.22µm
spi_regs_inst/net1456,43.22µm
spi_regs_inst/_0596_,43.17µm
wave_controller_y_inst/_0622_,43.17µm
wave_controller_y_inst/_0818_,43.17µm
spi_regs_inst/net1461,43.17µm
net1229,43.12µm
net1318,43.12µm
spi_regs_inst/net1333,43.12µm
signal_processor_y_inst/net1420,43.12µm
wave_controller_y_inst/net1481,43.12µm
wave_controller_x_inst/_1305_,42.76µm
signal_processor_y_inst/cnt_in\[1\],42.71µm
signal_processor_y_inst/cycle_count\[1\],42.71µm
wave_controller_y_inst/_0624_,42.71µm
spi_regs_inst/net582,42.71µm
spi_regs_inst/net1401,42.71µm
wave_controller_x_inst/net79,42.66µm
net1427,42.66µm
spi_regs_inst/net1526,42.66µm
wave_controller_y_inst/_1492_,42.61µm
wave_controller_y_inst/net193,42.61µm
spi_regs_inst/net462,42.61µm
spi_regs_inst/net600,42.61µm
wave_controller_x_inst/net911,42.61µm
spi_regs_inst/net1107,42.61µm
wave_controller_x_inst/net1285,42.61µm
spi_regs_inst/_0325_,42.56µm
wave_controller_x_inst/_0857_,42.56µm
wave_controller_y_inst/_0843_,42.56µm
wave_controller_y_inst/_1493_,42.56µm
wave_controller_x_inst/net920,42.56µm
spi_regs_inst/net1460,42.2µm
wave_controller_y_inst/_1598_,42.15µm
net1426,42.15µm
raw_edge1_y\[16\],42.1µm
spi_regs_inst/_0703_,42.1µm
wave_controller_y_inst/_1655_,42.1µm
wave_controller_y_inst/net618,42.1µm
wave_controller_x_inst/net948,42.1µm
spi_regs_inst/_0446_,42.05µm
wave_controller_x_inst/net215,42.05µm
spi_regs_inst/net274,42.05µm
spi_regs_inst/net317,42.05µm
spi_regs_inst/net586,42.05µm
wave_controller_x_inst/net683,42.05µm
wave_controller_y_inst/net831,42.05µm
wave_controller_x_inst/net903,42.05µm
net1337,42.05µm
cal_phase270_offset_x\[4\],42µm
wave_controller_x_inst/_1471_,42µm
wave_controller_x_inst/_1703_,42µm
wave_controller_y_inst/_0827_,42µm
wave_controller_y_inst/net63,42µm
signal_processor_x_inst/net1413,42µm
wave_controller_x_inst/_1436_,41.64µm
wave_controller_x_inst/net902,41.64µm
wave_controller_y_inst/net484,41.59µm
signal_processor_y_inst/_068_,41.54µm
wave_controller_x_inst/net685,41.54µm
wave_controller_y_inst/net1173,41.54µm
wave_controller_x_inst/net1368,41.54µm
net1449,41.54µm
cal_phase0_offset_y\[13\],41.49µm
raw_edge3_x\[16\],41.49µm
signal_processor_y_inst/_057_,41.49µm
wave_controller_x_inst/_1504_,41.49µm
spi_regs_inst/net324,41.49µm
wave_controller_y_inst/net750,41.49µm
spi_regs_inst/_0539_,41.44µm
wave_controller_x_inst/_0917_,41.44µm
spi_regs_inst/net545,41.44µm
raw_edge1_x\[2\],41.03µm
spi_regs_inst/net574,40.98µm
wave_controller_x_inst/net714,40.98µm
cfg_f_MEMS_fcw_x\[11\],40.93µm
wave_controller_x_inst/_0607_,40.93µm
wave_controller_y_inst/_0209_,40.93µm
wave_controller_y_inst/_0636_,40.93µm
wave_controller_y_inst/_1187_,40.93µm
net1436,40.93µm
spi_regs_inst/_0585_,40.88µm
wave_controller_y_inst/_0906_,40.88µm
spi_regs_inst/net598,40.88µm
wave_controller_y_inst/_1295_,40.47µm
spi_regs_inst/net614,40.47µm
wave_controller_y_inst/_1441_,40.42µm
wave_controller_y_inst/net619,40.42µm
wave_controller_x_inst/net1273,40.42µm
net1332,40.42µm
spi_regs_inst/_0276_,40.37µm
spi_regs_inst/rx_shift\[4\],40.37µm
wave_controller_x_inst/_0829_,40.37µm
wave_controller_y_inst/_0503_,40.37µm
wave_controller_y_inst/_0918_,40.37µm
wave_controller_y_inst/_0966_,40.37µm
wave_controller_y_inst/_1511_,40.37µm
wave_controller_x_inst/net363,40.37µm
spi_regs_inst/net463,40.37µm
wave_controller_x_inst/net701,40.37µm
wave_controller_y_inst/net790,40.37µm
wave_controller_x_inst/net953,40.37µm
wave_controller_x_inst/_0423_,40.32µm
wave_controller_y_inst/_0272_,40.32µm
wave_controller_y_inst/_0410_,40.32µm
wave_controller_y_inst/_0505_,40.32µm
wave_controller_y_inst/net159,40.32µm
signal_processor_x_inst/_080_,39.91µm
wave_controller_x_inst/_0132_,39.86µm
wave_controller_x_inst/_1222_,39.86µm
wave_controller_x_inst/_1443_,39.86µm
wave_controller_y_inst/_0242_,39.86µm
wave_controller_x_inst/net1279,39.86µm
cal_phase0_offset_x\[10\],39.81µm
wave_controller_x_inst/_0809_,39.81µm
wave_controller_y_inst/_0764_,39.81µm
wave_controller_y_inst/_1726_,39.81µm
wave_controller_x_inst/net291,39.81µm
wave_controller_y_inst/net638,39.81µm
spi_regs_inst/_0259_,39.76µm
spi_regs_inst/_0369_,39.76µm
spi_regs_inst/_0486_,39.76µm
spi_regs_inst/_0509_,39.76µm
wave_controller_x_inst/_0644_,39.76µm
wave_controller_y_inst/_1255_,39.76µm
wave_controller_y_inst/_1354_,39.76µm
wave_controller_x_inst/net87,39.76µm
spi_regs_inst/_0570_,39.4µm
wave_controller_y_inst/net634,39.4µm
wave_controller_y_inst/net821,39.35µm
spi_regs_inst/net1342,39.35µm
spi_regs_inst/net1529,39.35µm
wave_controller_y_inst/net753,39.3µm
wave_controller_y_inst/net1485,39.3µm
wave_controller_x_inst/_0259_,39.25µm
wave_controller_x_inst/_1440_,39.25µm
wave_controller_y_inst/net348,39.25µm
net1314,39.25µm
signal_processor_x_inst/net1328,39.25µm
wave_controller_x_inst/net1362,39.25µm
spi_regs_inst/_0391_,39.2µm
wave_controller_y_inst/_0136_,39.2µm
wave_controller_y_inst/_1183_,39.2µm
net1424,38.84µm
wave_controller_x_inst/_0618_,38.79µm
wave_controller_y_inst/_1293_,38.74µm
wave_controller_y_inst/_1704_,38.74µm
wave_controller_y_inst/net644,38.74µm
signal_processor_y_inst/net1434,38.74µm
net1519,38.74µm
wave_controller_x_inst/_1300_,38.69µm
wave_controller_x_inst/_1451_,38.69µm
wave_controller_y_inst/_0766_,38.69µm
wave_controller_x_inst/net910,38.69µm
net1386,38.69µm
spi_regs_inst/net1423,38.69µm
wave_controller_y_inst/net1558,38.69µm
spi_regs_inst/_0274_,38.64µm
wave_controller_y_inst/_0901_,38.64µm
wave_controller_y_inst/_1663_,38.64µm
wave_controller_y_inst/net649,38.64µm
wave_controller_x_inst/net1286,38.64µm
spi_regs_inst/net1341,38.64µm
net1428,38.64µm
spi_regs_inst/net1508,38.64µm
wave_controller_x_inst/net155,38.46µm
wave_controller_y_inst/net765,38.28µm
wave_controller_x_inst/_0231_,38.23µm
wave_controller_x_inst/_1320_,38.23µm
wave_controller_y_inst/net752,38.23µm
signal_processor_x_inst/_076_,38.18µm
wave_controller_x_inst/_0680_,38.18µm
wave_controller_x_inst/net370,38.18µm
wave_controller_x_inst/net925,38.18µm
cfg_f_MEMS_fcw_x\[13\],38.13µm
spi_regs_inst/_0384_,38.13µm
spi_regs_inst/_0245_,38.08µm
spi_regs_inst/_0578_,38.08µm
wave_controller_x_inst/_1044_,38.08µm
wave_controller_x_inst/_1046_,38.08µm
wave_controller_x_inst/net947,37.72µm
wave_controller_x_inst/_1328_,37.67µm
wave_controller_x_inst/net1278,37.67µm
wave_controller_x_inst/_1307_,37.62µm
wave_controller_y_inst/_1272_,37.62µm
wave_controller_x_inst/net115,37.62µm
wave_controller_y_inst/net1166,37.62µm
net1442,37.62µm
signal_processor_x_inst/cnt_in\[1\],37.57µm
wave_controller_x_inst/_0610_,37.57µm
wave_controller_x_inst/_0704_,37.57µm
wave_controller_x_inst/_1267_,37.57µm
wave_controller_y_inst/_0593_,37.57µm
wave_controller_y_inst/_0727_,37.57µm
wave_controller_y_inst/_1265_,37.57µm
wave_controller_y_inst/net153,37.57µm
spi_regs_inst/net584,37.57µm
spi_regs_inst/net1398,37.57µm
cal_phase90_offset_x\[2\],37.52µm
spi_regs_inst/_0281_,37.52µm
spi_regs_inst/_0532_,37.52µm
wave_controller_x_inst/_1541_,37.52µm
wave_controller_x_inst/net899,37.52µm
wave_controller_x_inst/_0420_,37.16µm
net1335,37.11µm
wave_controller_y_inst/net1473,37.11µm
wave_controller_x_inst/_0456_,37.06µm
wave_controller_y_inst/net175,37.06µm
signal_processor_y_inst/net749,37.06µm
wave_controller_y_inst/net1195,37.06µm
wave_controller_x_inst/_0384_,37.01µm
wave_controller_x_inst/_0841_,37.01µm
wave_controller_y_inst/_0389_,37.01µm
wave_controller_y_inst/_1122_,37.01µm
net733,37.01µm
wave_controller_x_inst/net921,37.01µm
net1255,37.01µm
signal_processor_y_inst/_054_,36.96µm
spi_regs_inst/_0287_,36.96µm
spi_regs_inst/_0725_,36.96µm
wave_controller_x_inst/_0570_,36.96µm
wave_controller_x_inst/_1726_,36.96µm
wave_controller_y_inst/_1608_,36.96µm
wave_controller_x_inst/net223,36.96µm
net1425,36.96µm
wave_controller_y_inst/_1278_,36.7µm
wave_controller_x_inst/net137,36.55µm
wave_controller_x_inst/net173,36.55µm
net1254,36.55µm
spi_regs_inst/rx_shift\[6\],36.5µm
wave_controller_x_inst/_1571_,36.5µm
wave_controller_y_inst/_0616_,36.5µm
wave_controller_y_inst/_1268_,36.5µm
wave_controller_x_inst/net673,36.5µm
wave_controller_x_inst/net721,36.5µm
wave_controller_x_inst/net1305,36.5µm
net1421,36.5µm
signal_processor_y_inst/_066_,36.45µm
spi_regs_inst/_0484_,36.45µm
wave_controller_x_inst/_0204_,36.45µm
wave_controller_x_inst/_0278_,36.45µm
wave_controller_y_inst/_0831_,36.45µm
signal_processor_y_inst/cycle_count\[2\],36.4µm
wave_controller_x_inst/_0711_,36.4µm
wave_controller_x_inst/_1650_,36.4µm
wave_controller_x_inst/_1751_,36.4µm
wave_controller_y_inst/_0487_,36.4µm
wave_controller_y_inst/_1552_,36.4µm
wave_controller_y_inst/_1715_,36.4µm
wave_controller_y_inst/net163,36.4µm
signal_processor_x_inst/cycle_count\[0\],36.04µm
spi_regs_inst/reg_wr_addr\[4\],36.04µm
wave_controller_x_inst/_1465_,36.04µm
wave_controller_x_inst/_0290_,35.99µm
spi_regs_inst/_0314_,35.94µm
wave_controller_x_inst/_0262_,35.94µm
wave_controller_x_inst/_1543_,35.94µm
wave_controller_y_inst/_0732_,35.94µm
wave_controller_y_inst/net837,35.94µm
cfg_f_MEMS_fcw_y\[1\],35.89µm
signal_processor_y_inst/_078_,35.89µm
signal_processor_y_inst/_080_,35.89µm
spi_regs_inst/sclk_sync\[0\],35.89µm
wave_controller_x_inst/_0532_,35.89µm
wave_controller_x_inst/_0699_,35.89µm
wave_controller_x_inst/_1511_,35.89µm
wave_controller_y_inst/_0178_,35.89µm
wave_controller_y_inst/net182,35.89µm
wave_controller_y_inst/net1501,35.89µm
spi_regs_inst/_0510_,35.84µm
wave_controller_x_inst/_0818_,35.84µm
wave_controller_y_inst/_0322_,35.84µm
spi_regs_inst/net1374,35.84µm
net1334,35.48µm
wave_controller_x_inst/_0321_,35.43µm
wave_controller_x_inst/_0784_,35.43µm
wave_controller_x_inst/_1662_,35.43µm
wave_controller_y_inst/_1465_,35.43µm
raw_edge1_x\[4\],35.38µm
wave_controller_x_inst/_1587_,35.38µm
wave_controller_y_inst/_0358_,35.38µm
spi_regs_inst/_0572_,35.33µm
spi_regs_inst/_0599_,35.33µm
wave_controller_y_inst/_0571_,35.33µm
wave_controller_y_inst/_0699_,35.33µm
wave_controller_y_inst/_0829_,35.33µm
wave_controller_y_inst/net624,35.33µm
wave_controller_y_inst/net650,35.33µm
wave_controller_x_inst/net715,35.33µm
net1331,35.33µm
wave_controller_y_inst/net1472,35.33µm
wave_controller_y_inst/net1487,35.33µm
spi_regs_inst/_0238_,35.28µm
spi_regs_inst/_0319_,35.28µm
spi_regs_inst/_0715_,35.28µm
wave_controller_y_inst/_1037_,35.28µm
wave_controller_y_inst/_1440_,35.28µm
wave_controller_x_inst/_0233_,34.87µm
wave_controller_y_inst/_0287_,34.87µm
signal_processor_x_inst/_044_,34.82µm
spi_regs_inst/net464,34.82µm
wave_controller_y_inst/net628,34.82µm
cal_phase270_offset_y\[16\],34.77µm
delay_wave_cycle_x\[3\],34.77µm
spi_regs_inst/_0457_,34.77µm
wave_controller_x_inst/_1288_,34.77µm
wave_controller_x_inst/_1441_,34.77µm
wave_controller_y_inst/_0205_,34.77µm
wave_controller_y_inst/_0318_,34.77µm
wave_controller_y_inst/net34,34.77µm
wave_controller_x_inst/net96,34.77µm
wave_controller_x_inst/net104,34.77µm
net1451,34.77µm
wave_controller_y_inst/net1499,34.77µm
spi_regs_inst/_0548_,34.72µm
wave_controller_x_inst/_0732_,34.72µm
wave_controller_x_inst/_1350_,34.72µm
wave_controller_y_inst/_0960_,34.72µm
wave_controller_y_inst/net626,34.72µm
wave_controller_y_inst/net766,34.72µm
wave_controller_x_inst/net1104,34.72µm
wave_controller_y_inst/net1135,34.72µm
wave_controller_x_inst/_0580_,34.36µm
wave_controller_y_inst/_0674_,34.36µm
wave_controller_y_inst/net131,34.36µm
spi_regs_inst/reg_wr_en,34.31µm
wave_controller_y_inst/_0585_,34.31µm
wave_controller_y_inst/_1645_,34.31µm
spi_regs_inst/net1348,34.31µm
spi_regs_inst/_0571_,34.26µm
wave_controller_x_inst/_0252_,34.26µm
wave_controller_x_inst/_0352_,34.26µm
wave_controller_x_inst/_1304_,34.26µm
spi_regs_inst/net373,34.26µm
wave_controller_y_inst/net1559,34.26µm
cal_phase0_offset_x\[2\],34.21µm
wave_controller_y_inst/_0695_,34.21µm
wave_controller_y_inst/_1629_,34.21µm
wave_controller_x_inst/net251,34.21µm
wave_controller_x_inst/net1358,34.21µm
signal_processor_y_inst/cnt_out\[3\],34.16µm
wave_controller_x_inst/_0960_,34.16µm
signal_processor_x_inst/_045_,33.75µm
spi_regs_inst/net1422,33.75µm
signal_processor_x_inst/cnt_out\[3\],33.7µm
spi_regs_inst/_0354_,33.7µm
wave_controller_x_inst/_0205_,33.7µm
wave_controller_x_inst/_0354_,33.7µm
wave_controller_y_inst/_0384_,33.7µm
wave_controller_x_inst/net204,33.7µm
signal_processor_x_inst/net1312,33.7µm
wave_controller_x_inst/_0223_,33.65µm
wave_controller_x_inst/_0978_,33.65µm
wave_controller_x_inst/cal_burst_count\[0\],33.65µm
wave_controller_y_inst/_1442_,33.65µm
wave_controller_y_inst/net145,33.65µm
spi_regs_inst/net571,33.65µm
signal_processor_x_inst/_054_,33.6µm
wave_controller_y_inst/_0352_,33.6µm
wave_controller_y_inst/_0580_,33.6µm
wave_controller_y_inst/_1007_,33.6µm
wave_controller_x_inst/_1278_,33.29µm
wave_controller_x_inst/_0674_,33.24µm
wave_controller_y_inst/_1381_,33.19µm
wave_controller_y_inst/net625,33.19µm
signal_processor_x_inst/net1325,33.19µm
spi_regs_inst/net1391,33.19µm
spi_regs_inst/_0467_,33.14µm
wave_controller_x_inst/_0804_,33.14µm
wave_controller_x_inst/_0999_,33.14µm
wave_controller_x_inst/_1464_,33.14µm
wave_controller_y_inst/_0311_,33.14µm
wave_controller_y_inst/_1720_,33.14µm
wave_controller_x_inst/net524,33.14µm
signal_processor_x_inst/net735,33.14µm
wave_controller_x_inst/net1226,33.14µm
spi_regs_inst/net1393,33.14µm
spi_regs_inst/net1394,33.14µm
spi_regs_inst/net1520,33.14µm
wave_controller_y_inst/_0470_,33.09µm
wave_controller_y_inst/_1463_,33.09µm
wave_controller_y_inst/_1500_,33.09µm
wave_controller_y_inst/ds_acc\[5\],33.09µm
wave_controller_y_inst/net667,33.09µm
wave_controller_x_inst/net1316,33.09µm
spi_regs_inst/net1347,33.09µm
spi_regs_inst/net1564,33.09µm
signal_processor_y_inst/_089_,33.04µm
wave_controller_y_inst/_0231_,33.04µm
wave_controller_x_inst/_0133_,32.63µm
wave_controller_x_inst/_0186_,32.63µm
wave_controller_x_inst/_0276_,32.63µm
wave_controller_x_inst/net1294,32.63µm
wave_controller_x_inst/_0602_,32.58µm
wave_controller_x_inst/_0695_,32.58µm
wave_controller_x_inst/_1453_,32.58µm
wave_controller_y_inst/_0807_,32.58µm
wave_controller_y_inst/net142,32.58µm
wave_controller_y_inst/net1168,32.58µm
wave_controller_x_inst/net1360,32.58µm
spi_regs_inst/net1372,32.58µm
signal_processor_y_inst/net1439,32.58µm
net1448,32.58µm
spi_regs_inst/net1525,32.58µm
wave_controller_x_inst/_0943_,32.53µm
wave_controller_x_inst/_1500_,32.53µm
wave_controller_y_inst/_0350_,32.53µm
wave_controller_y_inst/_1306_,32.53µm
wave_controller_x_inst/_0036_,32.48µm
wave_controller_x_inst/_0324_,32.48µm
wave_controller_x_inst/_1538_,32.48µm
wave_controller_x_inst/_1665_,32.48µm
net1217,32.48µm
wave_controller_y_inst/_0448_,32.12µm
wave_controller_y_inst/_0943_,32.12µm
signal_processor_y_inst/_048_,32.07µm
wave_controller_y_inst/_1683_,32.07µm
wave_controller_x_inst/net118,32.07µm
cal_phase0_offset_y\[15\],32.02µm
wave_controller_y_inst/_0290_,32.02µm
wave_controller_y_inst/_0544_,32.02µm
spi_regs_inst/_0639_,31.97µm
wave_controller_y_inst/_0538_,31.97µm
wave_controller_y_inst/_1729_,31.97µm
wave_controller_x_inst/net140,31.97µm
spi_regs_inst/net1458,31.97µm
signal_processor_x_inst/_074_,31.92µm
spi_regs_inst/_0493_,31.92µm
wave_controller_y_inst/_0857_,31.92µm
wave_controller_x_inst/_1301_,31.79µm
wave_controller_y_inst/_0460_,31.56µm
signal_processor_x_inst/cycle_count\[1\],31.51µm
wave_controller_y_inst/_1307_,31.51µm
wave_controller_y_inst/_1557_,31.51µm
cal_phase0_offset_x\[3\],31.46µm
signal_processor_x_inst/_101_,31.46µm
wave_controller_y_inst/_0386_,31.46µm
spi_regs_inst/net330,31.46µm
spi_regs_inst/net615,31.46µm
spi_regs_inst/_0244_,31.41µm
spi_regs_inst/_0597_,31.41µm
wave_controller_x_inst/_1493_,31.41µm
wave_controller_y_inst/_1262_,31.41µm
wave_controller_y_inst/_1328_,31.41µm
wave_controller_y_inst/_1401_,31.41µm
wave_controller_x_inst/net684,31.41µm
wave_controller_y_inst/net795,31.41µm
spi_regs_inst/net1505,31.41µm
spi_regs_inst/_0412_,31.36µm
wave_controller_x_inst/_0217_,31.36µm
wave_controller_y_inst/_1504_,31.36µm
wave_controller_y_inst/_1577_,31.36µm
wave_controller_x_inst/_1519_,30.95µm
wave_controller_y_inst/_1239_,30.95µm
wave_controller_x_inst/_0739_,30.9µm
wave_controller_x_inst/_1517_,30.9µm
spi_regs_inst/_0460_,30.85µm
wave_controller_y_inst/_0275_,30.85µm
wave_controller_y_inst/_0406_,30.85µm
wave_controller_y_inst/_0628_,30.85µm
wave_controller_y_inst/_1513_,30.85µm
wave_controller_y_inst/net29,30.85µm
state_machine_inst/net305,30.85µm
spi_regs_inst/_0248_,30.8µm
wave_controller_x_inst/_0263_,30.8µm
wave_controller_y_inst/_1046_,30.8µm
wave_controller_y_inst/net24,30.8µm
spi_regs_inst/net1537,30.8µm
wave_controller_x_inst/_0694_,30.57µm
wave_controller_x_inst/net908,30.44µm
wave_controller_y_inst/_0217_,30.39µm
wave_controller_y_inst/_1550_,30.39µm
signal_processor_x_inst/_089_,30.34µm
wave_controller_x_inst/_0008_,30.34µm
wave_controller_x_inst/_1608_,30.34µm
wave_controller_x_inst/net672,30.34µm
spi_regs_inst/_0230_,30.29µm
wave_controller_x_inst/_0359_,30.29µm
wave_controller_x_inst/_0767_,30.29µm
wave_controller_x_inst/ds_acc\[3\],30.29µm
wave_controller_y_inst/_0739_,30.29µm
wave_controller_y_inst/_1595_,30.29µm
wave_controller_y_inst/net787,30.29µm
wave_controller_x_inst/_1645_,30.24µm
wave_controller_y_inst/_0634_,30.24µm
wave_controller_y_inst/_0654_,30.24µm
wave_controller_x_inst/net174,30.24µm
spi_regs_inst/net460,30.24µm
wave_controller_x_inst/net539,30.24µm
wave_controller_x_inst/net884,29.88µm
wave_controller_x_inst/_0253_,29.78µm
wave_controller_x_inst/_0659_,29.78µm
wave_controller_y_inst/_0680_,29.78µm
wave_controller_y_inst/_0804_,29.78µm
spi_regs_inst/net718,29.78µm
spi_regs_inst/net1517,29.78µm
cal_phase90_offset_y\[7\],29.73µm
wave_controller_x_inst/_0780_,29.73µm
wave_controller_x_inst/_0964_,29.73µm
wave_controller_x_inst/_1449_,29.73µm
wave_controller_y_inst/_0192_,29.73µm
wave_controller_y_inst/_0222_,29.73µm
wave_controller_y_inst/_1416_,29.73µm
wave_controller_y_inst/net491,29.73µm
wave_controller_y_inst/net635,29.73µm
spi_regs_inst/net1087,29.73µm
wave_controller_x_inst/net1291,29.73µm
wave_controller_x_inst/_0154_,29.68µm
wave_controller_x_inst/_0429_,29.68µm
wave_controller_x_inst/_1544_,29.68µm
wave_controller_y_inst/_0768_,29.68µm
wave_controller_y_inst/_1517_,29.68µm
wave_controller_y_inst/_1539_,29.68µm
wave_controller_x_inst/net250,29.68µm
wave_controller_x_inst/net1355,29.68µm
wave_controller_y_inst/net796,29.32µm
wave_controller_x_inst/_0949_,29.27µm
wave_controller_y_inst/_0276_,29.27µm
wave_controller_y_inst/_0738_,29.27µm
wave_controller_y_inst/_1588_,29.27µm
wave_controller_x_inst/_1196_,29.22µm
wave_controller_x_inst/_1635_,29.22µm
wave_controller_y_inst/_0435_,29.22µm
wave_controller_x_inst/net1322,29.22µm
spi_regs_inst/net1507,29.22µm
spi_regs_inst/net1527,29.22µm
spi_regs_inst/_0213_,29.17µm
spi_regs_inst/_0414_,29.17µm
wave_controller_x_inst/_0136_,29.17µm
wave_controller_x_inst/_0490_,29.17µm
wave_controller_x_inst/_0837_,29.17µm
wave_controller_y_inst/_0284_,29.17µm
wave_controller_x_inst/net92,29.17µm
spi_regs_inst/net1431,29.17µm
net13,29.12µm
wave_controller_x_inst/_1052_,29.12µm
wave_controller_y_inst/_1647_,29.12µm
wave_controller_y_inst/net762,29.12µm
wave_controller_x_inst/_0249_,28.71µm
wave_controller_y_inst/_0799_,28.71µm
spi_regs_inst/net1030,28.71µm
wave_controller_y_inst/_0321_,28.66µm
wave_controller_y_inst/_1746_,28.66µm
wave_controller_x_inst/net108,28.66µm
net1443,28.66µm
cal_phase270_offset_x\[13\],28.61µm
wave_controller_x_inst/_0329_,28.61µm
wave_controller_x_inst/_0797_,28.61µm
wave_controller_x_inst/phase_acc\[9\],28.61µm
wave_controller_y_inst/_0337_,28.61µm
wave_controller_y_inst/_1708_,28.61µm
net1385,28.61µm
cal_phase0_offset_y\[17\],28.56µm
signal_processor_y_inst/_073_,28.56µm
spi_regs_inst/_0533_,28.56µm
wave_controller_x_inst/_0183_,28.56µm
wave_controller_x_inst/_0358_,28.56µm
wave_controller_x_inst/_0596_,28.56µm
wave_controller_x_inst/_1595_,28.56µm
wave_controller_x_inst/_1696_,28.56µm
wave_controller_y_inst/_0949_,28.56µm
spi_regs_inst/net572,28.56µm
wave_controller_x_inst/_0807_,28.15µm
wave_controller_y_inst/_1723_,28.15µm
delay_wave_cycle_y\[2\],28.1µm
signal_processor_x_inst/cycle_count\[3\],28.1µm
signal_processor_y_inst/_044_,28.1µm
wave_controller_x_inst/_0757_,28.1µm
wave_controller_x_inst/_1656_,28.1µm
wave_controller_y_inst/_1400_,28.1µm
wave_controller_y_inst/_1747_,28.1µm
wave_controller_y_inst/cal_burst_count\[0\],28.1µm
wave_controller_y_inst/wave_cycle_cnt\[4\],28.1µm
spi_regs_inst/net270,28.1µm
spi_regs_inst/net573,28.1µm
wave_controller_y_inst/net792,28.1µm
wave_controller_x_inst/net1356,28.1µm
cal_phase270_offset_y\[2\],28.05µm
wave_controller_x_inst/_0176_,28.05µm
wave_controller_y_inst/_0142_,28.05µm
wave_controller_y_inst/_0368_,28.05µm
wave_controller_y_inst/_0608_,28.05µm
wave_controller_y_inst/_0678_,28.05µm
wave_controller_y_inst/_1703_,28.05µm
wave_controller_y_inst/net354,28.05µm
net1522,28.05µm
spi_regs_inst/_0286_,28µm
wave_controller_x_inst/_0639_,28µm
wave_controller_x_inst/_1036_,28µm
wave_controller_y_inst/_1232_,28µm
wave_controller_y_inst/net176,28µm
spi_regs_inst/_0574_,27.64µm
wave_controller_x_inst/_0957_,27.59µm
wave_controller_x_inst/_0600_,27.54µm
wave_controller_y_inst/_0430_,27.54µm
wave_controller_y_inst/_0558_,27.54µm
wave_controller_y_inst/_0972_,27.54µm
wave_controller_x_inst/net694,27.54µm
spi_regs_inst/_0231_,27.49µm
spi_regs_inst/_0504_,27.49µm
spi_regs_inst/mosi_sync\[0\],27.49µm
wave_controller_x_inst/_0029_,27.49µm
wave_controller_x_inst/_0491_,27.49µm
wave_controller_x_inst/_1495_,27.49µm
wave_controller_x_inst/_1547_,27.49µm
wave_controller_y_inst/_0774_,27.49µm
wave_controller_y_inst/_1734_,27.49µm
net1435,27.49µm
wave_controller_x_inst/_0749_,27.44µm
wave_controller_x_inst/_1647_,27.44µm
wave_controller_x_inst/_1677_,27.44µm
wave_controller_x_inst/cal_burst_active,27.44µm
wave_controller_y_inst/_0255_,27.44µm
wave_controller_y_inst/_0526_,27.44µm
wave_controller_y_inst/_1665_,27.44µm
wave_controller_x_inst/net687,27.44µm
raw_edge1_x\[16\],27.08µm
wave_controller_x_inst/_1507_,27.03µm
wave_controller_y_inst/_0568_,27.03µm
wave_controller_y_inst/_1751_,27.03µm
wave_controller_y_inst/net65,27.03µm
signal_processor_y_inst/cnt_in\[3\],26.98µm
signal_processor_y_inst/s90_pipe\[3\],26.98µm
state_machine_inst/_07_,26.98µm
wave_controller_y_inst/_0306_,26.98µm
signal_processor_y_inst/cnt_out\[1\],26.93µm
wave_controller_x_inst/_0406_,26.93µm
wave_controller_x_inst/_0948_,26.93µm
wave_controller_y_inst/_0646_,26.93µm
wave_controller_y_inst/_1581_,26.93µm
wave_controller_x_inst/net707,26.93µm
wave_controller_y_inst/net1483,26.93µm
wave_controller_x_inst/_1381_,26.88µm
wave_controller_x_inst/_1690_,26.88µm
wave_controller_y_inst/_0447_,26.88µm
wave_controller_y_inst/_0475_,26.88µm
wave_controller_y_inst/_0722_,26.88µm
wave_controller_y_inst/_1369_,26.88µm
wave_controller_x_inst/net686,26.88µm
wave_controller_x_inst/net926,26.88µm
wave_controller_y_inst/net1109,26.88µm
signal_processor_y_inst/cnt_out\[0\],26.57µm
wave_controller_y_inst/_0373_,26.47µm
signal_processor_x_inst/cnt_out\[0\],26.42µm
wave_controller_x_inst/_0304_,26.42µm
wave_controller_x_inst/_0409_,26.42µm
wave_controller_x_inst/_0646_,26.42µm
wave_controller_x_inst/comp_sync4,26.42µm
wave_controller_y_inst/_0821_,26.42µm
wave_controller_y_inst/_1311_,26.42µm
wave_controller_y_inst/_1406_,26.42µm
wave_controller_y_inst/_1673_,26.42µm
spi_regs_inst/net599,26.42µm
signal_processor_x_inst/_050_,26.37µm
wave_controller_x_inst/_0410_,26.37µm
wave_controller_x_inst/_0467_,26.37µm
wave_controller_x_inst/_0527_,26.37µm
wave_controller_y_inst/_0347_,26.37µm
wave_controller_y_inst/_0372_,26.37µm
wave_controller_y_inst/_1257_,26.37µm
wave_controller_y_inst/_1305_,26.37µm
wave_controller_x_inst/net1288,26.37µm
spi_regs_inst/net1514,26.37µm
wave_controller_x_inst/_0609_,26.32µm
wave_controller_x_inst/_0705_,26.32µm
wave_controller_x_inst/_0862_,26.32µm
wave_controller_x_inst/_1663_,26.32µm
wave_controller_x_inst/_1728_,26.32µm
wave_controller_y_inst/_0409_,26.32µm
wave_controller_y_inst/_0419_,26.32µm
wave_controller_y_inst/_0855_,26.32µm
wave_controller_y_inst/ds_acc\[6\],26.32µm
wave_controller_y_inst/net632,26.32µm
wave_controller_x_inst/_0738_,25.91µm
wave_controller_y_inst/_1566_,25.91µm
cfg_f_MEMS_fcw_y\[12\],25.86µm
cfg_phase90_offset_y\[1\],25.86µm
wave_controller_x_inst/_0436_,25.86µm
wave_controller_y_inst/_0186_,25.86µm
wave_controller_y_inst/_1310_,25.86µm
wave_controller_x_inst/_0255_,25.81µm
wave_controller_x_inst/_0308_,25.81µm
wave_controller_x_inst/_0542_,25.81µm
wave_controller_x_inst/_0766_,25.81µm
wave_controller_x_inst/_0824_,25.81µm
wave_controller_x_inst/_0887_,25.81µm
wave_controller_x_inst/_1012_,25.81µm
wave_controller_x_inst/_1262_,25.81µm
wave_controller_x_inst/_1473_,25.81µm
wave_controller_y_inst/_0819_,25.81µm
wave_controller_y_inst/_1563_,25.81µm
wave_controller_x_inst/net170,25.81µm
wave_controller_y_inst/net289,25.81µm
signal_processor_y_inst/_013_,25.76µm
spi_regs_inst/_0601_,25.76µm
wave_controller_x_inst/_1349_,25.76µm
wave_controller_y_inst/_0162_,25.76µm
wave_controller_y_inst/_0907_,25.76µm
wave_controller_y_inst/_1711_,25.76µm
net1246,25.76µm
wave_controller_x_inst/_0425_,25.4µm
spi_regs_inst/_0573_,25.35µm
spi_regs_inst/_0647_,25.35µm
wave_controller_x_inst/_0239_,25.35µm
wave_controller_y_inst/_0184_,25.35µm
wave_controller_y_inst/_0836_,25.35µm
wave_controller_y_inst/cal_burst_armed,25.35µm
wave_controller_x_inst/net1269,25.35µm
signal_processor_x_inst/_082_,25.3µm
signal_processor_y_inst/_076_,25.3µm
spi_regs_inst/_0416_,25.3µm
wave_controller_x_inst/_0342_,25.3µm
wave_controller_x_inst/_0760_,25.3µm
wave_controller_x_inst/_1558_,25.3µm
wave_controller_y_inst/_0396_,25.3µm
wave_controller_y_inst/_0676_,25.3µm
wave_controller_y_inst/_1656_,25.3µm
wave_controller_y_inst/_1693_,25.3µm
wave_controller_y_inst/net663,25.3µm
wave_controller_x_inst/net922,25.3µm
cal_phase0_offset_x\[9\],25.25µm
raw_edge1_x\[18\],25.25µm
signal_processor_x_inst/_024_,25.25µm
spi_regs_inst/_0593_,25.25µm
spi_regs_inst/tx_shift\[5\],25.25µm
wave_controller_x_inst/_0679_,25.25µm
wave_controller_x_inst/_1186_,25.25µm
wave_controller_x_inst/_1363_,25.25µm
wave_controller_x_inst/_1579_,25.25µm
wave_controller_x_inst/_1661_,25.25µm
wave_controller_y_inst/_0353_,25.25µm
wave_controller_y_inst/_0655_,25.25µm
wave_controller_y_inst/_0659_,25.25µm
wave_controller_y_inst/_0778_,25.25µm
wave_controller_y_inst/_1030_,25.25µm
wave_controller_y_inst/_1331_,25.25µm
wave_controller_y_inst/_1560_,25.25µm
raw_edge3_y\[1\],25.2µm
spi_regs_inst/_0366_,25.2µm
spi_regs_inst/_0489_,25.2µm
wave_controller_x_inst/_0612_,25.2µm
wave_controller_y_inst/_0248_,25.2µm
wave_controller_y_inst/_1370_,25.2µm
wave_controller_x_inst/_1329_,24.79µm
wave_controller_x_inst/_1747_,24.79µm
wave_controller_y_inst/_0239_,24.79µm
wave_controller_y_inst/_1426_,24.79µm
wave_controller_y_inst/_0359_,24.74µm
wave_controller_y_inst/_0801_,24.74µm
wave_controller_y_inst/_1273_,24.74µm
wave_controller_y_inst/_1277_,24.74µm
wave_controller_y_inst/_1567_,24.74µm
cfg_f_MEMS_fcw_x\[2\],24.69µm
signal_processor_x_inst/_068_,24.69µm
signal_processor_y_inst/_101_,24.69µm
spi_regs_inst/_0681_,24.69µm
wave_controller_x_inst/_0398_,24.69µm
wave_controller_x_inst/_0461_,24.69µm
wave_controller_x_inst/_1370_,24.69µm
wave_controller_x_inst/_1682_,24.69µm
wave_controller_y_inst/_0187_,24.69µm
wave_controller_y_inst/_0278_,24.69µm
wave_controller_y_inst/_0536_,24.69µm
wave_controller_y_inst/_1538_,24.69µm
wave_controller_y_inst/_1748_,24.69µm
wave_controller_y_inst/net249,24.69µm
net736,24.69µm
spi_regs_inst/_0399_,24.64µm
spi_regs_inst/_0604_,24.64µm
spi_regs_inst/_0637_,24.64µm
wave_controller_x_inst/_0037_,24.64µm
wave_controller_x_inst/_0055_,24.64µm
wave_controller_x_inst/_0143_,24.64µm
wave_controller_x_inst/_1185_,24.64µm
wave_controller_x_inst/_1583_,24.64µm
wave_controller_x_inst/_1673_,24.64µm
wave_controller_y_inst/_0154_,24.64µm
wave_controller_y_inst/_1532_,24.64µm
wave_controller_y_inst/net200,24.64µm
spi_regs_inst/net1396,24.64µm
wave_controller_x_inst/_0698_,24.33µm
wave_controller_y_inst/_0365_,24.28µm
wave_controller_x_inst/phase_acc\[18\],24.23µm
spi_regs_inst/_0344_,24.18µm
wave_controller_x_inst/_0475_,24.18µm
wave_controller_x_inst/_0976_,24.18µm
wave_controller_x_inst/_1192_,24.18µm
wave_controller_x_inst/_1358_,24.18µm
wave_controller_x_inst/_1374_,24.18µm
wave_controller_y_inst/_0405_,24.18µm
wave_controller_y_inst/_0900_,24.18µm
spi_regs_inst/net455,24.18µm
net1389,24.18µm
signal_processor_y_inst/net1440,24.18µm
spi_regs_inst/_0260_,24.13µm
spi_regs_inst/_0407_,24.13µm
wave_controller_x_inst/_0227_,24.13µm
wave_controller_x_inst/_0881_,24.13µm
wave_controller_x_inst/_1483_,24.13µm
wave_controller_y_inst/_0220_,24.13µm
wave_controller_y_inst/_0225_,24.13µm
wave_controller_y_inst/_0251_,24.13µm
wave_controller_y_inst/_0948_,24.13µm
wave_controller_y_inst/_1569_,24.13µm
wave_controller_y_inst/net134,24.13µm
wave_controller_x_inst/net517,24.13µm
spi_regs_inst/net577,24.13µm
wave_controller_x_inst/net944,24.13µm
net1237,24.13µm
spi_regs_inst/_0284_,24.08µm
wave_controller_x_inst/_0268_,24.08µm
wave_controller_x_inst/_0505_,24.08µm
wave_controller_x_inst/_0941_,24.08µm
wave_controller_x_inst/_1152_,24.08µm
wave_controller_y_inst/_0382_,24.08µm
wave_controller_y_inst/_0632_,24.08µm
wave_controller_y_inst/_1192_,24.08µm
wave_controller_y_inst/_1367_,24.08µm
wave_controller_x_inst/_0218_,23.67µm
wave_controller_y_inst/_1329_,23.67µm
signal_processor_y_inst/_050_,23.62µm
spi_regs_inst/_0234_,23.62µm
wave_controller_x_inst/_0166_,23.62µm
wave_controller_x_inst/_1356_,23.62µm
wave_controller_y_inst/_1445_,23.62µm
wave_controller_x_inst/net165,23.62µm
net1463,23.62µm
signal_processor_y_inst/_082_,23.57µm
signal_processor_y_inst/_103_,23.57µm
spi_regs_inst/tx_shift\[0\],23.57µm
wave_controller_x_inst/_1299_,23.57µm
wave_controller_x_inst/_1659_,23.57µm
wave_controller_x_inst/cal_burst_armed,23.57µm
wave_controller_y_inst/_0253_,23.57µm
wave_controller_y_inst/_0679_,23.57µm
wave_controller_y_inst/_1267_,23.57µm
wave_controller_y_inst/_1501_,23.57µm
wave_controller_y_inst/net199,23.57µm
wave_controller_x_inst/net210,23.57µm
wave_controller_x_inst/net514,23.57µm
cal_phase90_offset_x\[19\],23.52µm
signal_processor_y_inst/_034_,23.52µm
spi_regs_inst/_0329_,23.52µm
spi_regs_inst/_0515_,23.52µm
wave_controller_x_inst/_0820_,23.52µm
wave_controller_x_inst/_1607_,23.52µm
wave_controller_y_inst/_0594_,23.52µm
wave_controller_y_inst/_0911_,23.52µm
wave_controller_y_inst/_1161_,23.52µm
wave_controller_y_inst/_0334_,23.21µm
wave_controller_y_inst/_0941_,23.11µm
wave_controller_y_inst/_1164_,23.11µm
spi_regs_inst/net449,23.11µm
wave_controller_y_inst/net806,23.11µm
spi_regs_inst/_0649_,23.06µm
spi_regs_inst/bit_cnt\[1\],23.06µm
wave_controller_x_inst/_0419_,23.06µm
wave_controller_x_inst/_0565_,23.06µm
wave_controller_x_inst/_0774_,23.06µm
wave_controller_x_inst/_1050_,23.06µm
wave_controller_x_inst/_1190_,23.06µm
wave_controller_y_inst/_0404_,23.06µm
wave_controller_y_inst/_1548_,23.06µm
latch_phase270_ack_y,23.01µm
signal_processor_x_inst/_030_,23.01µm
signal_processor_x_inst/_066_,23.01µm
signal_processor_y_inst/_060_,23.01µm
spi_regs_inst/_0335_,23.01µm
wave_controller_x_inst/_0386_,23.01µm
wave_controller_x_inst/_1025_,23.01µm
wave_controller_x_inst/_1458_,23.01µm
wave_controller_y_inst/_0776_,23.01µm
wave_controller_y_inst/_0785_,23.01µm
wave_controller_y_inst/_0976_,23.01µm
wave_controller_y_inst/_1002_,23.01µm
wave_controller_y_inst/_1303_,23.01µm
wave_controller_y_inst/_1733_,23.01µm
wave_controller_x_inst/net230,23.01µm
spi_regs_inst/net1457,23.01µm
net1511,23.01µm
spi_regs_inst/_0313_,22.96µm
spi_regs_inst/_0340_,22.96µm
wave_controller_x_inst/_0030_,22.96µm
wave_controller_x_inst/_0053_,22.96µm
wave_controller_x_inst/_0526_,22.96µm
wave_controller_x_inst/_0579_,22.96µm
wave_controller_x_inst/_1187_,22.96µm
wave_controller_y_inst/_0174_,22.96µm
wave_controller_y_inst/_0955_,22.96µm
wave_controller_y_inst/_1458_,22.96µm
wave_controller_x_inst/net907,22.96µm
spi_regs_inst/net1532,22.96µm
wave_controller_x_inst/_1704_,22.6µm
wave_controller_y_inst/_0304_,22.6µm
spi_regs_inst/_0581_,22.55µm
wave_controller_x_inst/_1521_,22.55µm
wave_controller_y_inst/_0619_,22.55µm
wave_controller_y_inst/_1541_,22.55µm
wave_controller_x_inst/net676,22.55µm
spi_regs_inst/_0565_,22.5µm
wave_controller_x_inst/_0212_,22.5µm
wave_controller_x_inst/_0569_,22.5µm
wave_controller_x_inst/_0654_,22.5µm
wave_controller_x_inst/_1273_,22.5µm
wave_controller_x_inst/_1705_,22.5µm
wave_controller_y_inst/_0274_,22.5µm
wave_controller_y_inst/_0313_,22.5µm
wave_controller_y_inst/_0324_,22.5µm
wave_controller_y_inst/_0354_,22.5µm
wave_controller_y_inst/_0426_,22.5µm
wave_controller_y_inst/_1618_,22.5µm
wave_controller_x_inst/net936,22.5µm
signal_processor_y_inst/_083_,22.45µm
spi_regs_inst/_0409_,22.45µm
wave_controller_x_inst/_0628_,22.45µm
wave_controller_x_inst/_1024_,22.45µm
wave_controller_x_inst/_1407_,22.45µm
wave_controller_x_inst/_1423_,22.45µm
wave_controller_x_inst/_1474_,22.45µm
wave_controller_x_inst/_1676_,22.45µm
wave_controller_y_inst/_0684_,22.45µm
wave_controller_y_inst/_0780_,22.45µm
wave_controller_y_inst/_1207_,22.45µm
wave_controller_y_inst/_1349_,22.45µm
wave_controller_y_inst/_1682_,22.45µm
wave_controller_y_inst/cal_burst_active,22.45µm
wave_controller_y_inst/net172,22.45µm
wave_controller_x_inst/net269,22.45µm
spi_regs_inst/net558,22.45µm
signal_processor_y_inst/_049_,22.4µm
wave_controller_x_inst/_0023_,22.4µm
wave_controller_x_inst/_0334_,22.4µm
wave_controller_x_inst/_0849_,22.4µm
wave_controller_x_inst/_0894_,22.4µm
wave_controller_x_inst/_0907_,22.4µm
wave_controller_x_inst/_1480_,22.4µm
wave_controller_y_inst/_1259_,22.4µm
wave_controller_y_inst/_1696_,22.4µm
wave_controller_y_inst/_1698_,22.4µm
spi_regs_inst/net597,22.4µm
wave_controller_y_inst/net1453,22.4µm
dir_y,22.26µm
wave_controller_y_inst/_0610_,22.04µm
wave_controller_y_inst/_1614_,21.99µm
spi_regs_inst/tx_shift\[4\],21.94µm
wave_controller_x_inst/_0624_,21.94µm
wave_controller_x_inst/_1236_,21.94µm
wave_controller_y_inst/_0269_,21.94µm
wave_controller_y_inst/_0572_,21.94µm
wave_controller_y_inst/_0669_,21.94µm
wave_controller_y_inst/_1229_,21.94µm
wave_controller_y_inst/_1271_,21.94µm
spi_regs_inst/_0173_,21.89µm
spi_regs_inst/_0301_,21.89µm
spi_regs_inst/tx_shift\[6\],21.89µm
wave_controller_x_inst/_0142_,21.89µm
wave_controller_x_inst/_0172_,21.89µm
wave_controller_x_inst/_0302_,21.89µm
wave_controller_x_inst/_0912_,21.89µm
wave_controller_x_inst/_1550_,21.89µm
wave_controller_x_inst/_1617_,21.89µm
wave_controller_y_inst/_0342_,21.89µm
wave_controller_y_inst/_0348_,21.89µm
wave_controller_y_inst/_0605_,21.89µm
wave_controller_y_inst/_0939_,21.89µm
wave_controller_y_inst/_1738_,21.89µm
wave_controller_y_inst/net542,21.89µm
spi_regs_inst/net568,21.89µm
spi_regs_inst/_0156_,21.84µm
wave_controller_x_inst/_0071_,21.84µm
wave_controller_x_inst/_0632_,21.84µm
wave_controller_x_inst/_1463_,21.84µm
wave_controller_y_inst/_0094_,21.84µm
wave_controller_y_inst/_0582_,21.84µm
wave_controller_y_inst/_0820_,21.84µm
wave_controller_y_inst/_1290_,21.84µm
wave_controller_y_inst/_1474_,21.84µm
wave_controller_y_inst/_1531_,21.84µm
spi_regs_inst/net587,21.84µm
wave_controller_x_inst/_1335_,21.43µm
wave_controller_y_inst/_0649_,21.43µm
wave_controller_y_inst/_0698_,21.43µm
wave_controller_y_inst/_1112_,21.43µm
spi_regs_inst/bit_cnt\[2\],21.38µm
wave_controller_x_inst/_0676_,21.38µm
wave_controller_y_inst/_1238_,21.38µm
wave_controller_y_inst/ds_acc\[2\],21.38µm
wave_controller_y_inst/wave_cycle_cnt\[7\],21.38µm
net1259,21.38µm
signal_processor_x_inst/net1310,21.38µm
cal_phase0_offset_x\[11\],21.33µm
cal_phase270_offset_y\[5\],21.33µm
signal_processor_x_inst/_028_,21.33µm
signal_processor_y_inst/_029_,21.33µm
spi_regs_inst/_0103_,21.33µm
wave_controller_x_inst/_0395_,21.33µm
wave_controller_x_inst/_0405_,21.33µm
wave_controller_x_inst/_0424_,21.33µm
wave_controller_x_inst/_0906_,21.33µm
wave_controller_x_inst/_1265_,21.33µm
wave_controller_x_inst/_1389_,21.33µm
wave_controller_x_inst/_1723_,21.33µm
wave_controller_y_inst/_0160_,21.33µm
wave_controller_y_inst/_0489_,21.33µm
wave_controller_y_inst/_0856_,21.33µm
wave_controller_y_inst/_1389_,21.33µm
wave_controller_x_inst/net892,21.33µm
spi_regs_inst/_0277_,21.28µm
spi_regs_inst/_0485_,21.28µm
wave_controller_x_inst/_0389_,21.28µm
wave_controller_x_inst/_0851_,21.28µm
wave_controller_x_inst/_1475_,21.28µm
wave_controller_x_inst/_1536_,21.28µm
wave_controller_x_inst/_1738_,21.28µm
wave_controller_y_inst/_0052_,21.28µm
wave_controller_y_inst/_0994_,21.28µm
wave_controller_y_inst/_1036_,21.28µm
wave_controller_y_inst/_1418_,21.28µm
wave_controller_y_inst/net788,21.28µm
move_en_y,21.14µm
wave_controller_x_inst/_0365_,20.87µm
wave_controller_x_inst/_1618_,20.87µm
wave_controller_y_inst/_1439_,20.87µm
spi_regs_inst/_0626_,20.82µm
wave_controller_x_inst/_0355_,20.82µm
wave_controller_x_inst/_1560_,20.82µm
wave_controller_y_inst/_0325_,20.82µm
wave_controller_y_inst/_0779_,20.82µm
wave_controller_y_inst/_1700_,20.82µm
wave_controller_y_inst/net486,20.82µm
wave_controller_x_inst/net924,20.82µm
wave_controller_x_inst/net1284,20.82µm
wave_controller_x_inst/_0544_,20.77µm
wave_controller_x_inst/_0787_,20.77µm
wave_controller_x_inst/_0939_,20.77µm
wave_controller_y_inst/_0128_,20.77µm
wave_controller_y_inst/_0326_,20.77µm
wave_controller_y_inst/_0570_,20.77µm
wave_controller_y_inst/_1223_,20.77µm
wave_controller_y_inst/ds_acc\[0\],20.77µm
wave_controller_x_inst/net525,20.77µm
cal_phase0_offset_y\[6\],20.72µm
spi_regs_inst/_0622_,20.72µm
state_machine_inst/_17_,20.72µm
wave_controller_x_inst/_0052_,20.72µm
wave_controller_x_inst/_0313_,20.72µm
wave_controller_x_inst/_1576_,20.72µm
wave_controller_y_inst/_0397_,20.72µm
wave_controller_y_inst/_0728_,20.72µm
wave_controller_y_inst/_0952_,20.72µm
wave_controller_y_inst/_1529_,20.72µm
wave_controller_x_inst/net937,20.72µm
wave_controller_x_inst/net1363,20.72µm
wave_controller_x_inst/_1331_,20.31µm
wave_controller_y_inst/_0644_,20.31µm
signal_processor_x_inst/_070_,20.26µm
wave_controller_x_inst/_0049_,20.26µm
wave_controller_x_inst/_0085_,20.26µm
wave_controller_x_inst/_0171_,20.26µm
wave_controller_x_inst/_0375_,20.26µm
wave_controller_x_inst/_0587_,20.26µm
wave_controller_x_inst/_0700_,20.26µm
wave_controller_x_inst/_0827_,20.26µm
wave_controller_x_inst/_1386_,20.26µm
wave_controller_x_inst/_1400_,20.26µm
wave_controller_y_inst/net773,20.26µm
spi_regs_inst/_0619_,20.21µm
wave_controller_x_inst/_0046_,20.21µm
wave_controller_x_inst/_0225_,20.21µm
wave_controller_x_inst/_0347_,20.21µm
wave_controller_x_inst/_0462_,20.21µm
wave_controller_x_inst/_0538_,20.21µm
wave_controller_x_inst/_0586_,20.21µm
wave_controller_x_inst/_0653_,20.21µm
wave_controller_x_inst/_1526_,20.21µm
wave_controller_x_inst/_1585_,20.21µm
wave_controller_x_inst/_1642_,20.21µm
wave_controller_y_inst/_0223_,20.21µm
wave_controller_y_inst/_0329_,20.21µm
wave_controller_y_inst/_0401_,20.21µm
wave_controller_y_inst/_0436_,20.21µm
wave_controller_y_inst/_0564_,20.21µm
wave_controller_y_inst/_0777_,20.21µm
wave_controller_y_inst/ds_acc\[4\],20.21µm
spi_regs_inst/_0182_,20.16µm
wave_controller_x_inst/_0202_,20.16µm
wave_controller_x_inst/_0295_,20.16µm
wave_controller_x_inst/_0311_,20.16µm
wave_controller_x_inst/_0360_,20.16µm
wave_controller_x_inst/_0595_,20.16µm
wave_controller_x_inst/_1532_,20.16µm
wave_controller_x_inst/phase_acc\[13\],20.16µm
wave_controller_y_inst/_0361_,20.16µm
wave_controller_y_inst/_0560_,20.16µm
wave_controller_y_inst/_1085_,20.16µm
wave_controller_y_inst/_1518_,20.16µm
wave_controller_y_inst/_1554_,20.16µm
net730,20.16µm
wave_controller_y_inst/_0339_,19.8µm
signal_processor_x_inst/_057_,19.75µm
signal_processor_x_inst/_053_,19.7µm
signal_processor_y_inst/cnt_out\[2\],19.7µm
wave_controller_x_inst/_0316_,19.7µm
wave_controller_x_inst/_0852_,19.7µm
wave_controller_x_inst/_0983_,19.7µm
wave_controller_x_inst/_1498_,19.7µm
wave_controller_x_inst/_1614_,19.7µm
wave_controller_x_inst/_1716_,19.7µm
wave_controller_y_inst/_0133_,19.7µm
wave_controller_y_inst/_0510_,19.7µm
wave_controller_y_inst/_0569_,19.7µm
wave_controller_y_inst/_1212_,19.7µm
wave_controller_y_inst/_1573_,19.7µm
wave_controller_y_inst/_1625_,19.7µm
wave_controller_y_inst/_1671_,19.7µm
wave_controller_y_inst/comp_sync3,19.7µm
spi_regs_inst/_0525_,19.65µm
spi_regs_inst/_0582_,19.65µm
spi_regs_inst/_0625_,19.65µm
wave_controller_x_inst/_0332_,19.65µm
wave_controller_x_inst/_0440_,19.65µm
wave_controller_x_inst/_0566_,19.65µm
wave_controller_x_inst/_0924_,19.65µm
wave_controller_x_inst/_1071_,19.65µm
wave_controller_x_inst/_1184_,19.65µm
wave_controller_x_inst/_1274_,19.65µm
wave_controller_x_inst/_1317_,19.65µm
wave_controller_x_inst/_1420_,19.65µm
wave_controller_x_inst/_1711_,19.65µm
wave_controller_y_inst/_0332_,19.65µm
wave_controller_y_inst/_0566_,19.65µm
wave_controller_y_inst/_0694_,19.65µm
wave_controller_y_inst/_0844_,19.65µm
wave_controller_y_inst/_1153_,19.65µm
wave_controller_y_inst/_1174_,19.65µm
wave_controller_y_inst/_1630_,19.65µm
wave_controller_y_inst/_1718_,19.65µm
wave_controller_y_inst/comp_sync4,19.65µm
wave_controller_y_inst/net37,19.65µm
raw_edge2_x\[4\],19.6µm
signal_processor_y_inst/_052_,19.6µm
signal_processor_y_inst/_085_,19.6µm
spi_regs_inst/_0270_,19.6µm
wave_controller_x_inst/_0466_,19.6µm
wave_controller_x_inst/_0487_,19.6µm
wave_controller_x_inst/_1255_,19.6µm
wave_controller_x_inst/_1515_,19.6µm
wave_controller_y_inst/_0346_,19.6µm
wave_controller_y_inst/_0734_,19.6µm
wave_controller_y_inst/_1089_,19.6µm
wave_controller_y_inst/_1394_,19.6µm
wave_controller_x_inst/net304,19.6µm
ref_wave_x,19.46µm
wave_controller_x_inst/_0843_,19.32µm
wave_controller_x_inst/_1306_,19.24µm
wave_controller_y_inst/_1662_,19.24µm
wave_controller_x_inst/_0318_,19.19µm
wave_controller_y_inst/_0308_,19.19µm
wave_controller_y_inst/_1579_,19.19µm
signal_processor_y_inst/_053_,19.14µm
signal_processor_y_inst/_091_,19.14µm
wave_controller_x_inst/_0180_,19.14µm
wave_controller_x_inst/_0274_,19.14µm
wave_controller_x_inst/_0662_,19.14µm
wave_controller_x_inst/_0814_,19.14µm
wave_controller_x_inst/_0816_,19.14µm
wave_controller_x_inst/_0836_,19.14µm
wave_controller_x_inst/_1552_,19.14µm
wave_controller_x_inst/_1655_,19.14µm
wave_controller_x_inst/_1660_,19.14µm
wave_controller_y_inst/_0330_,19.14µm
wave_controller_y_inst/_0996_,19.14µm
wave_controller_y_inst/_1667_,19.14µm
net1172,19.14µm
signal_processor_y_inst/net1429,19.14µm
wave_controller_x_inst/_0014_,19.09µm
wave_controller_x_inst/_0935_,19.09µm
wave_controller_x_inst/_1003_,19.09µm
wave_controller_x_inst/_1023_,19.09µm
wave_controller_x_inst/_1229_,19.09µm
wave_controller_x_inst/_1239_,19.09µm
wave_controller_x_inst/_1457_,19.09µm
wave_controller_x_inst/_1497_,19.09µm
wave_controller_y_inst/_0086_,19.09µm
wave_controller_y_inst/_0182_,19.09µm
wave_controller_y_inst/_0408_,19.09µm
wave_controller_y_inst/_0662_,19.09µm
wave_controller_y_inst/_0800_,19.09µm
wave_controller_y_inst/_0838_,19.09µm
wave_controller_y_inst/_0988_,19.09µm
wave_controller_y_inst/_1250_,19.09µm
wave_controller_y_inst/_1324_,19.09µm
wave_controller_y_inst/_1423_,19.09µm
wave_controller_y_inst/_1540_,19.09µm
spi_regs_inst/_0282_,19.04µm
wave_controller_x_inst/_0494_,19.04µm
wave_controller_x_inst/_0831_,19.04µm
wave_controller_x_inst/_1028_,19.04µm
wave_controller_x_inst/_1188_,19.04µm
wave_controller_y_inst/_0288_,19.04µm
wave_controller_y_inst/_0556_,19.04µm
wave_controller_y_inst/_0871_,19.04µm
wave_controller_y_inst/_0910_,19.04µm
wave_controller_y_inst/_0935_,19.04µm
wave_controller_y_inst/_1101_,19.04µm
wave_controller_y_inst/_1154_,19.04µm
wave_controller_y_inst/_1358_,19.04µm
wave_controller_y_inst/_1392_,19.04µm
wave_controller_y_inst/_1457_,19.04µm
wave_controller_y_inst/_1570_,19.04µm
wave_controller_y_inst/net483,19.04µm
signal_processor_x_inst/net1326,19.04µm
spi_regs_inst/net1379,19.04µm
comp_x,18.9µm
wave_controller_x_inst/_0374_,18.68µm
wave_controller_y_inst/_0667_,18.68µm
wave_controller_y_inst/_0341_,18.63µm
wave_controller_y_inst/_0517_,18.63µm
wave_controller_y_inst/_0664_,18.63µm
signal_processor_x_inst/cnt_out\[2\],18.58µm
signal_processor_y_inst/_003_,18.58µm
spi_regs_inst/_0327_,18.58µm
wave_controller_x_inst/_0337_,18.58µm
wave_controller_x_inst/_0996_,18.58µm
wave_controller_x_inst/_1573_,18.58µm
wave_controller_x_inst/_1590_,18.58µm
wave_controller_x_inst/_1683_,18.58µm
wave_controller_x_inst/ds_acc\[5\],18.58µm
wave_controller_y_inst/_0956_,18.58µm
wave_controller_y_inst/_1519_,18.58µm
wave_controller_y_inst/_1526_,18.58µm
wave_controller_y_inst/net659,18.58µm
wave_controller_y_inst/net783,18.58µm
cal_phase0_offset_y\[12\],18.53µm
signal_processor_x_inst/s270_pipe\[0\],18.53µm
spi_regs_inst/_0252_,18.53µm
spi_regs_inst/_0405_,18.53µm
spi_regs_inst/_0456_,18.53µm
spi_regs_inst/_0538_,18.53µm
wave_controller_x_inst/_0151_,18.53µm
wave_controller_x_inst/_0241_,18.53µm
wave_controller_x_inst/_0445_,18.53µm
wave_controller_x_inst/_0453_,18.53µm
wave_controller_x_inst/_0520_,18.53µm
wave_controller_x_inst/_0690_,18.53µm
wave_controller_x_inst/_0779_,18.53µm
wave_controller_x_inst/_0997_,18.53µm
wave_controller_x_inst/_1057_,18.53µm
wave_controller_x_inst/_1396_,18.53µm
wave_controller_x_inst/_1569_,18.53µm
wave_controller_x_inst/_1748_,18.53µm
wave_controller_y_inst/_0137_,18.53µm
wave_controller_y_inst/_0438_,18.53µm
wave_controller_y_inst/_0453_,18.53µm
wave_controller_y_inst/_0886_,18.53µm
wave_controller_y_inst/_0942_,18.53µm
wave_controller_y_inst/_1041_,18.53µm
wave_controller_y_inst/_1346_,18.53µm
wave_controller_y_inst/_1542_,18.53µm
wave_controller_y_inst/_1603_,18.53µm
wave_controller_y_inst/_1635_,18.53µm
wave_controller_y_inst/net130,18.53µm
wave_controller_x_inst/net151,18.53µm
wave_controller_y_inst/net617,18.53µm
wave_controller_y_inst/net786,18.53µm
wave_controller_y_inst/net808,18.53µm
wave_controller_x_inst/net1354,18.53µm
net1492,18.53µm
net1535,18.53µm
spi_regs_inst/_0311_,18.48µm
spi_regs_inst/_0491_,18.48µm
spi_regs_inst/_0606_,18.48µm
spi_regs_inst/_0641_,18.48µm
wave_controller_x_inst/_0404_,18.48µm
wave_controller_x_inst/_0684_,18.48µm
wave_controller_x_inst/_0916_,18.48µm
wave_controller_x_inst/_1531_,18.48µm
wave_controller_x_inst/_1712_,18.48µm
wave_controller_y_inst/_0191_,18.48µm
wave_controller_y_inst/_0391_,18.48µm
wave_controller_y_inst/_0888_,18.48µm
wave_controller_y_inst/_0926_,18.48µm
wave_controller_y_inst/_1196_,18.48µm
wave_controller_y_inst/_1484_,18.48µm
wave_controller_y_inst/_1634_,18.48µm
wave_controller_y_inst/_1650_,18.48µm
wave_controller_y_inst/net1556,18.48µm
wave_controller_x_inst/net702,18.25µm
wave_controller_y_inst/_1716_,18.12µm
signal_processor_x_inst/cnt_out\[1\],18.07µm
wave_controller_x_inst/_0642_,18.07µm
wave_controller_x_inst/_1561_,18.07µm
wave_controller_y_inst/_0653_,18.07µm
wave_controller_y_inst/_0974_,18.07µm
spi_regs_inst/_0588_,18.02µm
wave_controller_x_inst/_0269_,18.02µm
wave_controller_x_inst/_0460_,18.02µm
wave_controller_x_inst/_0640_,18.02µm
wave_controller_y_inst/_0268_,18.02µm
wave_controller_y_inst/_0316_,18.02µm
wave_controller_y_inst/_0433_,18.02µm
wave_controller_y_inst/_0707_,18.02µm
wave_controller_y_inst/_0924_,18.02µm
wave_controller_y_inst/_0932_,18.02µm
net538,18.02µm
wave_controller_y_inst/net763,18.02µm
spi_regs_inst/net1002,18.02µm
signal_processor_y_inst/cycle_count\[3\],17.97µm
spi_regs_inst/_0339_,17.97µm
spi_regs_inst/_0421_,17.97µm
wave_controller_x_inst/_0099_,17.97µm
wave_controller_x_inst/_0288_,17.97µm
wave_controller_x_inst/_0335_,17.97µm
wave_controller_x_inst/_0568_,17.97µm
wave_controller_x_inst/_0806_,17.97µm
wave_controller_x_inst/_0856_,17.97µm
wave_controller_x_inst/_1191_,17.97µm
wave_controller_x_inst/_1446_,17.97µm
wave_controller_x_inst/_1638_,17.97µm
wave_controller_x_inst/_1695_,17.97µm
wave_controller_y_inst/_0812_,17.97µm
wave_controller_y_inst/_1023_,17.97µm
wave_controller_y_inst/_1373_,17.97µm
wave_controller_y_inst/_1615_,17.97µm
wave_controller_y_inst/_1741_,17.97µm
signal_processor_x_inst/cnt_in\[3\],17.92µm
spi_regs_inst/_0480_,17.92µm
wave_controller_x_inst/_0007_,17.92µm
wave_controller_x_inst/_0084_,17.92µm
wave_controller_x_inst/_0563_,17.92µm
wave_controller_x_inst/_0585_,17.92µm
wave_controller_x_inst/_0718_,17.92µm
wave_controller_x_inst/_1514_,17.92µm
wave_controller_y_inst/_0425_,17.92µm
wave_controller_y_inst/_0578_,17.92µm
wave_controller_y_inst/_0639_,17.92µm
wave_controller_y_inst/_0858_,17.92µm
wave_controller_y_inst/_1039_,17.92µm
wave_controller_y_inst/_1097_,17.92µm
wave_controller_y_inst/_1744_,17.92µm
wave_controller_y_inst/net771,17.92µm
wave_controller_x_inst/net905,17.92µm
spi_regs_inst/net1387,17.92µm
spi_regs_inst/net1530,17.92µm
dir_x,17.78µm
mems_drv_x,17.78µm
mems_drv_y,17.78µm
move_en_x,17.78µm
read_en,17.78µm
ref_wave_y,17.78µm
raw_edge1_y\[8\],17.56µm
spi_regs_inst/_0580_,17.56µm
wave_controller_y_inst/_0355_,17.51µm
wave_controller_x_inst/_0162_,17.46µm
wave_controller_x_inst/_0678_,17.46µm
wave_controller_x_inst/_0727_,17.46µm
wave_controller_x_inst/_1069_,17.46µm
wave_controller_y_inst/_0370_,17.46µm
wave_controller_y_inst/_0916_,17.46µm
wave_controller_y_inst/_1025_,17.46µm
wave_controller_y_inst/_1547_,17.46µm
wave_controller_y_inst/_1594_,17.46µm
cal_phase0_offset_x\[8\],17.41µm
cal_phase270_offset_x\[8\],17.41µm
cfg_f_MEMS_fcw_x\[3\],17.41µm
spi_regs_inst/_0236_,17.41µm
spi_regs_inst/_0497_,17.41µm
wave_controller_x_inst/_0287_,17.41µm
wave_controller_x_inst/_0353_,17.41µm
wave_controller_x_inst/_0812_,17.41µm
wave_controller_x_inst/_0863_,17.41µm
wave_controller_x_inst/_1597_,17.41µm
wave_controller_x_inst/_1679_,17.41µm
wave_controller_y_inst/_0109_,17.41µm
wave_controller_y_inst/_0207_,17.41µm
wave_controller_y_inst/_0235_,17.41µm
wave_controller_y_inst/_0380_,17.41µm
wave_controller_y_inst/_0417_,17.41µm
wave_controller_y_inst/_0711_,17.41µm
wave_controller_y_inst/_0920_,17.41µm
wave_controller_y_inst/_1061_,17.41µm
wave_controller_y_inst/_1162_,17.41µm
wave_controller_y_inst/_1204_,17.41µm
wave_controller_y_inst/_1385_,17.41µm
wave_controller_y_inst/_1676_,17.41µm
spi_regs_inst/_0064_,17.36µm
wave_controller_x_inst/_0385_,17.36µm
wave_controller_x_inst/_1197_,17.36µm
wave_controller_x_inst/_1674_,17.36µm
wave_controller_y_inst/_1185_,17.36µm
wave_controller_y_inst/_1368_,17.36µm
wave_controller_y_inst/_1386_,17.36µm
wave_controller_y_inst/_1613_,17.36µm
wave_controller_y_inst/_1659_,17.36µm
wave_controller_y_inst/net1193,17.36µm
spi_regs_inst/net1371,17.36µm
comp_y,17.22µm
wave_controller_y_inst/_1335_,16.95µm
signal_processor_x_inst/_091_,16.9µm
signal_processor_x_inst/cnt_in\[2\],16.9µm
signal_processor_x_inst/s90_valid,16.9µm
state_machine_inst/_11_,16.9µm
wave_controller_x_inst/_0189_,16.9µm
wave_controller_x_inst/_0234_,16.9µm
wave_controller_x_inst/_0426_,16.9µm
wave_controller_x_inst/_0838_,16.9µm
wave_controller_x_inst/_0848_,16.9µm
wave_controller_x_inst/_0913_,16.9µm
wave_controller_x_inst/_1577_,16.9µm
wave_controller_y_inst/_0151_,16.9µm
wave_controller_y_inst/_0171_,16.9µm
wave_controller_y_inst/_0461_,16.9µm
wave_controller_y_inst/_0640_,16.9µm
wave_controller_y_inst/_0685_,16.9µm
wave_controller_y_inst/_0912_,16.9µm
wave_controller_y_inst/_1688_,16.9µm
wave_controller_x_inst/net368,16.9µm
spi_regs_inst/net551,16.9µm
wave_controller_x_inst/net1307,16.9µm
signal_processor_x_inst/net1327,16.9µm
cal_phase270_offset_x\[10\],16.85µm
latch_phase90_x,16.85µm
raw_edge2_x\[10\],16.85µm
signal_processor_x_inst/_073_,16.85µm
spi_regs_inst/_0631_,16.85µm
wave_controller_x_inst/_0137_,16.85µm
wave_controller_x_inst/_0201_,16.85µm
wave_controller_x_inst/_0330_,16.85µm
wave_controller_x_inst/_0345_,16.85µm
wave_controller_x_inst/_0932_,16.85µm
wave_controller_x_inst/_1056_,16.85µm
wave_controller_x_inst/_1189_,16.85µm
wave_controller_x_inst/_1257_,16.85µm
wave_controller_y_inst/_0285_,16.85µm
wave_controller_y_inst/_0550_,16.85µm
wave_controller_y_inst/_0747_,16.85µm
wave_controller_y_inst/_1184_,16.85µm
wave_controller_y_inst/_1357_,16.85µm
wave_controller_y_inst/_1363_,16.85µm
wave_controller_y_inst/_1544_,16.85µm
spi_regs_inst/_0008_,16.8µm
spi_regs_inst/_0171_,16.8µm
wave_controller_x_inst/_0530_,16.8µm
wave_controller_x_inst/_0952_,16.8µm
wave_controller_x_inst/_1162_,16.8µm
wave_controller_x_inst/_1581_,16.8µm
wave_controller_x_inst/_1629_,16.8µm
wave_controller_y_inst/_0075_,16.8µm
wave_controller_y_inst/_0482_,16.8µm
wave_controller_y_inst/_0914_,16.8µm
wave_controller_y_inst/_1057_,16.8µm
wave_controller_y_inst/_1152_,16.8µm
wave_controller_y_inst/_1191_,16.8µm
wave_controller_y_inst/_1214_,16.8µm
wave_controller_y_inst/_1459_,16.8µm
wave_controller_y_inst/_1680_,16.8µm
wave_controller_y_inst/_0398_,16.39µm
wave_controller_y_inst/_1597_,16.39µm
spi_regs_inst/net569,16.39µm
cal_phase270_offset_x\[14\],16.34µm
wave_controller_x_inst/_0464_,16.34µm
wave_controller_x_inst/_0637_,16.34µm
wave_controller_x_inst/_1283_,16.34µm
wave_controller_x_inst/_1378_,16.34µm
wave_controller_x_inst/_1439_,16.34µm
wave_controller_x_inst/_1479_,16.34µm
wave_controller_x_inst/_1700_,16.34µm
wave_controller_x_inst/_1746_,16.34µm
wave_controller_y_inst/_0152_,16.34µm
wave_controller_y_inst/_0172_,16.34µm
wave_controller_y_inst/_0464_,16.34µm
wave_controller_y_inst/_0783_,16.34µm
wave_controller_y_inst/_1395_,16.34µm
wave_controller_y_inst/_1446_,16.34µm
spi_regs_inst/_0175_,16.29µm
spi_regs_inst/_0630_,16.29µm
spi_regs_inst/sclk_d,16.29µm
wave_controller_x_inst/_0031_,16.29µm
wave_controller_x_inst/_0152_,16.29µm
wave_controller_x_inst/_0483_,16.29µm
wave_controller_x_inst/_0778_,16.29µm
wave_controller_x_inst/_0823_,16.29µm
wave_controller_x_inst/_0922_,16.29µm
wave_controller_x_inst/_0926_,16.29µm
wave_controller_x_inst/_0947_,16.29µm
wave_controller_x_inst/_1259_,16.29µm
wave_controller_x_inst/_1630_,16.29µm
wave_controller_x_inst/_1733_,16.29µm
wave_controller_y_inst/_0402_,16.29µm
wave_controller_y_inst/_0744_,16.29µm
wave_controller_y_inst/_0999_,16.29µm
wave_controller_y_inst/_1438_,16.29µm
wave_controller_y_inst/_1583_,16.29µm
wave_controller_y_inst/_1725_,16.29µm
wave_controller_y_inst/net278,16.29µm
signal_processor_y_inst/net332,16.29µm
wave_controller_x_inst/net1206,16.29µm
signal_processor_y_inst/_064_,16.24µm
signal_processor_y_inst/_074_,16.24µm
spi_regs_inst/_0609_,16.24µm
wave_controller_x_inst/_0165_,16.24µm
wave_controller_x_inst/_0372_,16.24µm
wave_controller_x_inst/_0753_,16.24µm
wave_controller_x_inst/_0869_,16.24µm
wave_controller_x_inst/_0925_,16.24µm
wave_controller_x_inst/_1005_,16.24µm
wave_controller_x_inst/_1516_,16.24µm
wave_controller_x_inst/_1592_,16.24µm
wave_controller_x_inst/_1729_,16.24µm
wave_controller_y_inst/_0591_,16.24µm
wave_controller_y_inst/_0681_,16.24µm
wave_controller_y_inst/_0847_,16.24µm
wave_controller_y_inst/_0930_,16.24µm
wave_controller_y_inst/_0967_,16.24µm
wave_controller_y_inst/_1005_,16.24µm
wave_controller_y_inst/_1356_,16.24µm
wave_controller_y_inst/_1428_,16.24µm
wave_controller_y_inst/net1544,16.24µm
wave_controller_y_inst/_0576_,16.05µm
wave_controller_y_inst/_1473_,15.88µm
signal_processor_y_inst/cnt_in\[0\],15.83µm
wave_controller_x_inst/_0963_,15.83µm
wave_controller_y_inst/_0263_,15.83µm
wave_controller_y_inst/_0452_,15.83µm
wave_controller_y_inst/_0951_,15.83µm
signal_processor_y_inst/_045_,15.78µm
wave_controller_x_inst/_0407_,15.78µm
wave_controller_x_inst/_0751_,15.78µm
wave_controller_x_inst/_0785_,15.78µm
wave_controller_x_inst/_1411_,15.78µm
wave_controller_y_inst/_0721_,15.78µm
wave_controller_y_inst/_0788_,15.78µm
wave_controller_x_inst/net117,15.78µm
spi_regs_inst/net553,15.78µm
net1430,15.78µm
net1455,15.78µm
wave_controller_y_inst/net1479,15.78µm
cal_phase270_offset_x\[19\],15.73µm
signal_processor_x_inst/_100_,15.73µm
spi_regs_inst/_0470_,15.73µm
spi_regs_inst/_0613_,15.73µm
wave_controller_x_inst/_0061_,15.73µm
wave_controller_x_inst/_0331_,15.73µm
wave_controller_x_inst/_0380_,15.73µm
wave_controller_x_inst/_0443_,15.73µm
wave_controller_x_inst/_0528_,15.73µm
wave_controller_x_inst/_0657_,15.73µm
wave_controller_x_inst/_0723_,15.73µm
wave_controller_x_inst/_0872_,15.73µm
wave_controller_x_inst/_0962_,15.73µm
wave_controller_x_inst/_1049_,15.73µm
wave_controller_x_inst/_1200_,15.73µm
wave_controller_x_inst/_1277_,15.73µm
wave_controller_y_inst/_0345_,15.73µm
wave_controller_y_inst/_0468_,15.73µm
wave_controller_y_inst/_0696_,15.73µm
wave_controller_y_inst/_0786_,15.73µm
wave_controller_y_inst/_0852_,15.73µm
wave_controller_y_inst/_0977_,15.73µm
wave_controller_y_inst/_0990_,15.73µm
wave_controller_y_inst/_1236_,15.73µm
wave_controller_y_inst/_1409_,15.73µm
wave_controller_y_inst/_1437_,15.73µm
wave_controller_y_inst/_1507_,15.73µm
wave_controller_y_inst/_1596_,15.73µm
wave_controller_y_inst/_1636_,15.73µm
wave_controller_y_inst/_1640_,15.73µm
wave_controller_y_inst/comp_sync1,15.73µm
wave_controller_y_inst/net764,15.73µm
wave_controller_x_inst/net895,15.73µm
net1268,15.73µm
net1416,15.73µm
spi_regs_inst/_0118_,15.68µm
spi_regs_inst/_0142_,15.68µm
spi_regs_inst/_0478_,15.68µm
spi_regs_inst/_0529_,15.68µm
wave_controller_x_inst/_0139_,15.68µm
wave_controller_x_inst/_0576_,15.68µm
wave_controller_x_inst/_0685_,15.68µm
wave_controller_x_inst/_0832_,15.68µm
wave_controller_x_inst/_0888_,15.68µm
wave_controller_x_inst/_1539_,15.68µm
wave_controller_x_inst/_1667_,15.68µm
wave_controller_y_inst/_0056_,15.68µm
wave_controller_y_inst/_0087_,15.68µm
wave_controller_y_inst/_0234_,15.68µm
wave_controller_y_inst/_0349_,15.68µm
wave_controller_y_inst/_0471_,15.68µm
wave_controller_y_inst/_0689_,15.68µm
wave_controller_y_inst/_1413_,15.68µm
wave_controller_y_inst/_1678_,15.68µm
wave_controller_y_inst/_1728_,15.68µm
spi_regs_inst/net1515,15.68µm
signal_processor_y_inst/cnt_in\[2\],15.27µm
wave_controller_x_inst/_0341_,15.27µm
wave_controller_x_inst/_1684_,15.27µm
wave_controller_y_inst/_0143_,15.27µm
wave_controller_y_inst/_1521_,15.27µm
spi_regs_inst/net549,15.27µm
wave_controller_x_inst/net1211,15.27µm
wave_controller_x_inst/_0157_,15.22µm
wave_controller_x_inst/_0214_,15.22µm
wave_controller_x_inst/_0343_,15.22µm
wave_controller_x_inst/_0813_,15.22µm
wave_controller_x_inst/_1270_,15.22µm
wave_controller_x_inst/_1554_,15.22µm
wave_controller_y_inst/_0166_,15.22µm
wave_controller_y_inst/_0204_,15.22µm
wave_controller_y_inst/_0227_,15.22µm
wave_controller_y_inst/_0454_,15.22µm
wave_controller_y_inst/_0574_,15.22µm
wave_controller_y_inst/_1391_,15.22µm
wave_controller_y_inst/_1677_,15.22µm
wave_controller_y_inst/ds_acc\[3\],15.22µm
wave_controller_y_inst/net20,15.22µm
wave_controller_y_inst/net827,15.22µm
cfg_f_MEMS_fcw_y\[2\],15.17µm
signal_processor_x_inst/_058_,15.17µm
signal_processor_x_inst/_093_,15.17µm
wave_controller_x_inst/_0021_,15.17µm
wave_controller_x_inst/_0178_,15.17µm
wave_controller_x_inst/_0248_,15.17µm
wave_controller_x_inst/_0272_,15.17µm
wave_controller_x_inst/_0312_,15.17µm
wave_controller_x_inst/_0469_,15.17µm
wave_controller_x_inst/_0633_,15.17µm
wave_controller_x_inst/_0691_,15.17µm
wave_controller_x_inst/_0759_,15.17µm
wave_controller_x_inst/_0981_,15.17µm
wave_controller_x_inst/_1039_,15.17µm
wave_controller_x_inst/_1413_,15.17µm
wave_controller_x_inst/_1599_,15.17µm
wave_controller_x_inst/_1666_,15.17µm
wave_controller_x_inst/ds_acc\[2\],15.17µm
wave_controller_x_inst/ds_acc\[7\],15.17µm
wave_controller_y_inst/_0006_,15.17µm
wave_controller_y_inst/_0407_,15.17µm
wave_controller_y_inst/_0412_,15.17µm
wave_controller_y_inst/_0462_,15.17µm
wave_controller_y_inst/_0797_,15.17µm
wave_controller_y_inst/_0868_,15.17µm
wave_controller_y_inst/_0963_,15.17µm
wave_controller_y_inst/_1038_,15.17µm
wave_controller_y_inst/_1094_,15.17µm
wave_controller_y_inst/_1103_,15.17µm
wave_controller_y_inst/_1444_,15.17µm
wave_controller_y_inst/_1483_,15.17µm
wave_controller_y_inst/_1556_,15.17µm
cal_phase0_offset_y\[11\],15.12µm
signal_processor_x_inst/s90_pipe\[2\],15.12µm
spi_regs_inst/_0462_,15.12µm
spi_regs_inst/_0648_,15.12µm
wave_controller_x_inst/_0169_,15.12µm
wave_controller_x_inst/_0701_,15.12µm
wave_controller_x_inst/_0744_,15.12µm
wave_controller_x_inst/_0773_,15.12µm
wave_controller_x_inst/_0886_,15.12µm
wave_controller_x_inst/_0895_,15.12µm
wave_controller_x_inst/_0988_,15.12µm
wave_controller_x_inst/_1018_,15.12µm
wave_controller_x_inst/_1313_,15.12µm
wave_controller_x_inst/_1333_,15.12µm
wave_controller_x_inst/_1418_,15.12µm
wave_controller_x_inst/_1428_,15.12µm
wave_controller_x_inst/_1459_,15.12µm
wave_controller_x_inst/_1529_,15.12µm
wave_controller_x_inst/_1562_,15.12µm
wave_controller_x_inst/_1572_,15.12µm
wave_controller_y_inst/_0045_,15.12µm
wave_controller_y_inst/_0159_,15.12µm
wave_controller_y_inst/_0202_,15.12µm
wave_controller_y_inst/_0561_,15.12µm
wave_controller_y_inst/_0658_,15.12µm
wave_controller_y_inst/_0723_,15.12µm
wave_controller_y_inst/_0824_,15.12µm
wave_controller_y_inst/_0878_,15.12µm
wave_controller_y_inst/_0885_,15.12µm
wave_controller_y_inst/_1024_,15.12µm
wave_controller_y_inst/_1175_,15.12µm
wave_controller_y_inst/_1313_,15.12µm
wave_controller_y_inst/_1505_,15.12µm
wave_controller_y_inst/_1584_,15.12µm
wave_controller_y_inst/net803,15.12µm
wave_controller_x_inst/net906,15.12µm
state_machine_inst/_12_,14.71µm
wave_controller_x_inst/_1296_,14.71µm
wave_controller_y_inst/_0991_,14.71µm
signal_processor_x_inst/_104_,14.66µm
signal_processor_x_inst/cycle_count\[2\],14.66µm
wave_controller_x_inst/_0222_,14.66µm
wave_controller_x_inst/_0470_,14.66µm
wave_controller_x_inst/_0497_,14.66µm
wave_controller_x_inst/_0558_,14.66µm
wave_controller_x_inst/_0974_,14.66µm
wave_controller_x_inst/_1416_,14.66µm
wave_controller_y_inst/_0212_,14.66µm
wave_controller_y_inst/_0214_,14.66µm
wave_controller_y_inst/_0374_,14.66µm
wave_controller_y_inst/_0573_,14.66µm
wave_controller_y_inst/_0642_,14.66µm
wave_controller_y_inst/_1270_,14.66µm
wave_controller_y_inst/_1558_,14.66µm
net1561,14.66µm
latch_phase90_y,14.61µm
signal_processor_x_inst/_020_,14.61µm
spi_regs_inst/_0714_,14.61µm
wave_controller_x_inst/_0101_,14.61µm
wave_controller_x_inst/_0547_,14.61µm
wave_controller_x_inst/_0578_,14.61µm
wave_controller_x_inst/_0583_,14.61µm
wave_controller_x_inst/_1020_,14.61µm
wave_controller_x_inst/_1103_,14.61µm
wave_controller_x_inst/_1206_,14.61µm
wave_controller_x_inst/_1223_,14.61µm
wave_controller_x_inst/_1280_,14.61µm
wave_controller_x_inst/_1438_,14.61µm
wave_controller_x_inst/_1505_,14.61µm
wave_controller_x_inst/_1591_,14.61µm
wave_controller_x_inst/_1621_,14.61µm
wave_controller_x_inst/_1697_,14.61µm
wave_controller_y_inst/_0010_,14.61µm
wave_controller_y_inst/_0451_,14.61µm
wave_controller_y_inst/_0579_,14.61µm
wave_controller_y_inst/_0665_,14.61µm
wave_controller_y_inst/_0750_,14.61µm
wave_controller_y_inst/_0862_,14.61µm
wave_controller_y_inst/_1084_,14.61µm
wave_controller_y_inst/_1361_,14.61µm
wave_controller_y_inst/_1481_,14.61µm
wave_controller_y_inst/_1684_,14.61µm
wave_controller_y_inst/_1740_,14.61µm
wave_controller_y_inst/_1742_,14.61µm
net1251,14.61µm
signal_processor_x_inst/_106_,14.56µm
spi_regs_inst/_0201_,14.56µm
spi_regs_inst/_0440_,14.56µm
spi_regs_inst/_0506_,14.56µm
wave_controller_x_inst/_0161_,14.56µm
wave_controller_x_inst/_0340_,14.56µm
wave_controller_x_inst/_0524_,14.56µm
wave_controller_x_inst/_0669_,14.56µm
wave_controller_x_inst/_0673_,14.56µm
wave_controller_x_inst/_0750_,14.56µm
wave_controller_x_inst/_1334_,14.56µm
wave_controller_x_inst/comp_sync2,14.56µm
wave_controller_y_inst/_0043_,14.56µm
wave_controller_y_inst/_0309_,14.56µm
wave_controller_y_inst/_0559_,14.56µm
wave_controller_y_inst/_0587_,14.56µm
wave_controller_y_inst/_0867_,14.56µm
wave_controller_y_inst/_0946_,14.56µm
wave_controller_y_inst/_0959_,14.56µm
wave_controller_y_inst/_1000_,14.56µm
wave_controller_y_inst/_1136_,14.56µm
wave_controller_y_inst/_1261_,14.56µm
wave_controller_y_inst/_1266_,14.56µm
wave_controller_y_inst/_1651_,14.56µm
wave_controller_y_inst/_1674_,14.56µm
wave_controller_y_inst/_1712_,14.56µm
wave_controller_y_inst/phase_acc\[19\],14.56µm
wave_controller_x_inst/_1204_,14.38µm
wave_controller_y_inst/_0233_,14.2µm
wave_controller_x_inst/_0138_,14.15µm
wave_controller_x_inst/_1310_,14.15µm
wave_controller_x_inst/_1540_,14.15µm
wave_controller_x_inst/_1619_,14.15µm
wave_controller_y_inst/_1069_,14.15µm
wave_controller_x_inst/_0128_,14.1µm
wave_controller_x_inst/_0326_,14.1µm
wave_controller_x_inst/_0396_,14.1µm
wave_controller_x_inst/_1250_,14.1µm
wave_controller_x_inst/_1736_,14.1µm
wave_controller_y_inst/_0157_,14.1µm
wave_controller_y_inst/_0540_,14.1µm
wave_controller_y_inst/_1453_,14.1µm
raw_edge3_x\[0\],14.05µm
spi_regs_inst/_0614_,14.05µm
wave_controller_x_inst/_0079_,14.05µm
wave_controller_x_inst/_0828_,14.05µm
wave_controller_x_inst/_1137_,14.05µm
wave_controller_x_inst/_1237_,14.05µm
wave_controller_x_inst/_1238_,14.05µm
wave_controller_x_inst/_1290_,14.05µm
wave_controller_x_inst/_1351_,14.05µm
wave_controller_x_inst/_1372_,14.05µm
wave_controller_x_inst/_1409_,14.05µm
wave_controller_x_inst/_1419_,14.05µm
wave_controller_x_inst/_1424_,14.05µm
wave_controller_x_inst/_1741_,14.05µm
wave_controller_x_inst/ds_acc\[6\],14.05µm
wave_controller_y_inst/_0014_,14.05µm
wave_controller_y_inst/_0179_,14.05µm
wave_controller_y_inst/_0201_,14.05µm
wave_controller_y_inst/_0317_,14.05µm
wave_controller_y_inst/_0411_,14.05µm
wave_controller_y_inst/_0512_,14.05µm
wave_controller_y_inst/_0548_,14.05µm
wave_controller_y_inst/_0577_,14.05µm
wave_controller_y_inst/_0623_,14.05µm
wave_controller_y_inst/_0883_,14.05µm
wave_controller_y_inst/_0983_,14.05µm
wave_controller_y_inst/_1530_,14.05µm
wave_controller_x_inst/net262,14.05µm
signal_processor_x_inst/net338,14.05µm
net741,14.05µm
wave_controller_x_inst/net1247,14.05µm
wave_controller_y_inst/net1497,14.05µm
spi_regs_inst/_0406_,14µm
wave_controller_x_inst/_0173_,14µm
wave_controller_x_inst/_0448_,14µm
wave_controller_x_inst/_0693_,14µm
wave_controller_x_inst/_0748_,14µm
wave_controller_x_inst/_0930_,14µm
wave_controller_x_inst/_1104_,14µm
wave_controller_x_inst/_1330_,14µm
wave_controller_x_inst/_1357_,14µm
wave_controller_x_inst/_1568_,14µm
wave_controller_y_inst/_0141_,14µm
wave_controller_y_inst/_0718_,14µm
wave_controller_y_inst/_0751_,14µm
wave_controller_y_inst/_0762_,14µm
wave_controller_y_inst/_0823_,14µm
wave_controller_y_inst/_1510_,14µm
wave_controller_y_inst/_1593_,14µm
wave_controller_y_inst/_1611_,14µm
wave_controller_y_inst/_1661_,14µm
wave_controller_y_inst/_1672_,14µm
wave_controller_x_inst/_0696_,13.59µm
wave_controller_y_inst/_0221_,13.59µm
wave_controller_y_inst/_0230_,13.59µm
signal_processor_x_inst/_048_,13.54µm
wave_controller_x_inst/_0147_,13.54µm
wave_controller_x_inst/_0243_,13.54µm
wave_controller_x_inst/_0325_,13.54µm
wave_controller_x_inst/_0459_,13.54µm
wave_controller_x_inst/_0517_,13.54µm
wave_controller_x_inst/_0782_,13.54µm
wave_controller_x_inst/_1403_,13.54µm
wave_controller_x_inst/_1627_,13.54µm
wave_controller_y_inst/_0165_,13.54µm
wave_controller_y_inst/_0218_,13.54µm
wave_controller_y_inst/_0340_,13.54µm
wave_controller_y_inst/_0344_,13.54µm
wave_controller_y_inst/_0424_,13.54µm
wave_controller_y_inst/_1360_,13.54µm
wave_controller_y_inst/_1709_,13.54µm
wave_controller_x_inst/net136,13.54µm
net1540,13.54µm
cal_phase270_offset_x\[11\],13.49µm
state_machine_inst/_02_,13.49µm
wave_controller_x_inst/_0047_,13.49µm
wave_controller_x_inst/_0108_,13.49µm
wave_controller_x_inst/_0349_,13.49µm
wave_controller_x_inst/_0362_,13.49µm
wave_controller_x_inst/_0388_,13.49µm
wave_controller_x_inst/_0416_,13.49µm
wave_controller_x_inst/_0622_,13.49µm
wave_controller_x_inst/_0746_,13.49µm
wave_controller_x_inst/_0855_,13.49µm
wave_controller_x_inst/_0875_,13.49µm
wave_controller_x_inst/_0965_,13.49µm
wave_controller_x_inst/_1026_,13.49µm
wave_controller_x_inst/_1048_,13.49µm
wave_controller_x_inst/_1337_,13.49µm
wave_controller_x_inst/_1375_,13.49µm
wave_controller_x_inst/_1412_,13.49µm
wave_controller_y_inst/_0012_,13.49µm
wave_controller_y_inst/_0445_,13.49µm
wave_controller_y_inst/_0736_,13.49µm
wave_controller_y_inst/_1008_,13.49µm
wave_controller_y_inst/_1188_,13.49µm
wave_controller_y_inst/_1407_,13.49µm
wave_controller_y_inst/_1478_,13.49µm
wave_controller_y_inst/_1509_,13.49µm
wave_controller_y_inst/_1605_,13.49µm
wave_controller_y_inst/_1628_,13.49µm
wave_controller_y_inst/_1745_,13.49µm
spi_regs_inst/net607,13.49µm
spi_regs_inst/_0000_,13.44µm
spi_regs_inst/_0386_,13.44µm
spi_regs_inst/_0490_,13.44µm
state_machine_inst/_15_,13.44µm
wave_controller_x_inst/_0219_,13.44µm
wave_controller_x_inst/_0603_,13.44µm
wave_controller_x_inst/_0682_,13.44µm
wave_controller_x_inst/_0821_,13.44µm
wave_controller_x_inst/_1150_,13.44µm
wave_controller_x_inst/_1373_,13.44µm
wave_controller_x_inst/_1481_,13.44µm
wave_controller_x_inst/_1482_,13.44µm
wave_controller_y_inst/_0169_,13.44µm
wave_controller_y_inst/_0338_,13.44µm
wave_controller_y_inst/_0492_,13.44µm
wave_controller_y_inst/_0590_,13.44µm
wave_controller_y_inst/_0657_,13.44µm
wave_controller_y_inst/_0760_,13.44µm
wave_controller_y_inst/_0837_,13.44µm
wave_controller_y_inst/_0945_,13.44µm
wave_controller_y_inst/_0969_,13.44µm
wave_controller_y_inst/_1211_,13.44µm
wave_controller_y_inst/_1536_,13.44µm
wave_controller_y_inst/_1606_,13.44µm
wave_controller_y_inst/_1622_,13.44µm
wave_controller_y_inst/_1623_,13.44µm
wave_controller_x_inst/_0339_,13.03µm
wave_controller_y_inst/_0813_,13.03µm
wave_controller_x_inst/_0790_,12.98µm
wave_controller_x_inst/_0967_,12.98µm
wave_controller_x_inst/_1089_,12.98µm
wave_controller_x_inst/_1477_,12.98µm
wave_controller_x_inst/_1593_,12.98µm
wave_controller_y_inst/_0250_,12.98µm
wave_controller_y_inst/_0302_,12.98µm
wave_controller_y_inst/_0542_,12.98µm
wave_controller_y_inst/_1015_,12.98µm
wave_controller_y_inst/_1502_,12.98µm
wave_controller_y_inst/_1642_,12.98µm
net1209,12.98µm
net1433,12.98µm
cfg_f_MEMS_fcw_y\[13\],12.93µm
signal_processor_y_inst/_070_,12.93µm
signal_processor_y_inst/_094_,12.93µm
spi_regs_inst/_0113_,12.93µm
spi_regs_inst/_0126_,12.93µm
spi_regs_inst/_0441_,12.93µm
wave_controller_x_inst/_0006_,12.93µm
wave_controller_x_inst/_0048_,12.93µm
wave_controller_x_inst/_0182_,12.93µm
wave_controller_x_inst/_0251_,12.93µm
wave_controller_x_inst/_0258_,12.93µm
wave_controller_x_inst/_0310_,12.93µm
wave_controller_x_inst/_1055_,12.93µm
wave_controller_x_inst/_1102_,12.93µm
wave_controller_x_inst/_1112_,12.93µm
wave_controller_x_inst/_1143_,12.93µm
wave_controller_x_inst/_1153_,12.93µm
wave_controller_x_inst/_1678_,12.93µm
wave_controller_x_inst/_1691_,12.93µm
wave_controller_x_inst/_1724_,12.93µm
wave_controller_y_inst/_0543_,12.93µm
wave_controller_y_inst/_0854_,12.93µm
wave_controller_y_inst/_1200_,12.93µm
wave_controller_y_inst/_1388_,12.93µm
wave_controller_y_inst/_1551_,12.93µm
wave_controller_y_inst/_1620_,12.93µm
signal_processor_x_inst/_021_,12.88µm
signal_processor_x_inst/s90_pipe\[1\],12.88µm
spi_regs_inst/_0188_,12.88µm
spi_regs_inst/_0266_,12.88µm
spi_regs_inst/_0401_,12.88µm
spi_regs_inst/_0552_,12.88µm
state_machine_inst/_14_,12.88µm
wave_controller_x_inst/_0144_,12.88µm
wave_controller_x_inst/_0267_,12.88µm
wave_controller_x_inst/_0581_,12.88µm
wave_controller_x_inst/_0641_,12.88µm
wave_controller_x_inst/_0687_,12.88µm
wave_controller_x_inst/_0776_,12.88µm
wave_controller_x_inst/_1256_,12.88µm
wave_controller_x_inst/_1353_,12.88µm
wave_controller_x_inst/_1594_,12.88µm
wave_controller_x_inst/_1640_,12.88µm
wave_controller_x_inst/_1670_,12.88µm
wave_controller_x_inst/_1725_,12.88µm
wave_controller_y_inst/_0084_,12.88µm
wave_controller_y_inst/_0335_,12.88µm
wave_controller_y_inst/_0687_,12.88µm
wave_controller_y_inst/_0753_,12.88µm
wave_controller_y_inst/_0849_,12.88µm
wave_controller_y_inst/_1177_,12.88µm
wave_controller_y_inst/_1256_,12.88µm
wave_controller_y_inst/_1296_,12.88µm
wave_controller_y_inst/_1374_,12.88µm
wave_controller_y_inst/_1408_,12.88µm
wave_controller_y_inst/_1452_,12.88µm
wave_controller_y_inst/_1520_,12.88µm
wave_controller_y_inst/_1619_,12.88µm
wave_controller_x_inst/net939,12.88µm
wave_controller_x_inst/_1266_,12.47µm
wave_controller_x_inst/_1681_,12.47µm
wave_controller_y_inst/_0806_,12.47µm
wave_controller_y_inst/_1578_,12.47µm
cfg_f_MEMS_fcw_y\[9\],12.42µm
signal_processor_y_inst/_063_,12.42µm
wave_controller_x_inst/_0275_,12.42µm
wave_controller_x_inst/_0390_,12.42µm
wave_controller_x_inst/_1092_,12.42µm
wave_controller_x_inst/_1194_,12.42µm
wave_controller_x_inst/_1518_,12.42µm
wave_controller_y_inst/_0513_,12.42µm
wave_controller_y_inst/_0565_,12.42µm
wave_controller_y_inst/_0957_,12.42µm
wave_controller_y_inst/_1420_,12.42µm
wave_controller_y_inst/_1691_,12.42µm
signal_processor_x_inst/_023_,12.37µm
signal_processor_y_inst/_009_,12.37µm
signal_processor_y_inst/_028_,12.37µm
spi_regs_inst/_0051_,12.37µm
spi_regs_inst/_0105_,12.37µm
spi_regs_inst/_0352_,12.37µm
spi_regs_inst/tx_shift\[1\],12.37µm
state_machine_inst/_05_,12.37µm
wave_controller_x_inst/_0022_,12.37µm
wave_controller_x_inst/_0122_,12.37µm
wave_controller_x_inst/_0206_,12.37µm
wave_controller_x_inst/_0452_,12.37µm
wave_controller_x_inst/_0620_,12.37µm
wave_controller_x_inst/_0992_,12.37µm
wave_controller_x_inst/_1077_,12.37µm
wave_controller_x_inst/_1140_,12.37µm
wave_controller_x_inst/_1173_,12.37µm
wave_controller_x_inst/_1268_,12.37µm
wave_controller_x_inst/_1406_,12.37µm
wave_controller_x_inst/_1484_,12.37µm
wave_controller_x_inst/_1564_,12.37µm
wave_controller_x_inst/_1671_,12.37µm
wave_controller_x_inst/_1717_,12.37µm
wave_controller_x_inst/phase_acc\[19\],12.37µm
wave_controller_y_inst/_0068_,12.37µm
wave_controller_y_inst/_0088_,12.37µm
wave_controller_y_inst/_0147_,12.37µm
wave_controller_y_inst/_0180_,12.37µm
wave_controller_y_inst/_0210_,12.37µm
wave_controller_y_inst/_0395_,12.37µm
wave_controller_y_inst/_0428_,12.37µm
wave_controller_y_inst/_1013_,12.37µm
wave_controller_y_inst/_1102_,12.37µm
wave_controller_y_inst/_1202_,12.37µm
wave_controller_y_inst/_1399_,12.37µm
wave_controller_y_inst/_1571_,12.37µm
wave_controller_y_inst/_1601_,12.37µm
wave_controller_y_inst/_1632_,12.37µm
latch_phase270_ack_x,12.32µm
spi_regs_inst/_0007_,12.32µm
spi_regs_inst/_0183_,12.32µm
spi_regs_inst/_0658_,12.32µm
wave_controller_x_inst/_0177_,12.32µm
wave_controller_x_inst/_0192_,12.32µm
wave_controller_x_inst/_0198_,12.32µm
wave_controller_x_inst/_0229_,12.32µm
wave_controller_x_inst/_0317_,12.32µm
wave_controller_x_inst/_0898_,12.32µm
wave_controller_x_inst/_1093_,12.32µm
wave_controller_x_inst/_1207_,12.32µm
wave_controller_x_inst/ds_acc\[1\],12.32µm
wave_controller_y_inst/_0053_,12.32µm
wave_controller_y_inst/_0107_,12.32µm
wave_controller_y_inst/_0240_,12.32µm
wave_controller_y_inst/_0246_,12.32µm
wave_controller_y_inst/_0375_,12.32µm
wave_controller_y_inst/_0432_,12.32µm
wave_controller_y_inst/_0459_,12.32µm
wave_controller_y_inst/_0499_,12.32µm
wave_controller_y_inst/_0515_,12.32µm
wave_controller_y_inst/_0748_,12.32µm
wave_controller_y_inst/_1018_,12.32µm
wave_controller_y_inst/_1107_,12.32µm
wave_controller_y_inst/_1260_,12.32µm
wave_controller_y_inst/_1482_,12.32µm
wave_controller_y_inst/_1498_,12.32µm
wave_controller_y_inst/_1607_,12.32µm
wave_controller_y_inst/_1616_,12.32µm
wave_controller_x_inst/_0190_,12.09µm
rst_n,11.95µm
wave_controller_x_inst/_0220_,11.91µm
wave_controller_x_inst/_0729_,11.91µm
wave_controller_y_inst/_0931_,11.91µm
wave_controller_x_inst/_0293_,11.86µm
wave_controller_x_inst/_0463_,11.86µm
wave_controller_x_inst/_0655_,11.86µm
wave_controller_x_inst/_0721_,11.86µm
wave_controller_x_inst/_0728_,11.86µm
wave_controller_x_inst/_0942_,11.86µm
wave_controller_x_inst/_1731_,11.86µm
wave_controller_y_inst/_0196_,11.86µm
wave_controller_y_inst/_0796_,11.86µm
wave_controller_y_inst/_1287_,11.86µm
wave_controller_y_inst/_1412_,11.86µm
wave_controller_y_inst/_1562_,11.86µm
cal_phase270_offset_y\[1\],11.81µm
spi_regs_inst/_0368_,11.81µm
spi_regs_inst/_0397_,11.81µm
wave_controller_x_inst/_0086_,11.81µm
wave_controller_x_inst/_0210_,11.81µm
wave_controller_x_inst/_0454_,11.81µm
wave_controller_x_inst/_0492_,11.81µm
wave_controller_x_inst/_0559_,11.81µm
wave_controller_x_inst/_0588_,11.81µm
wave_controller_x_inst/_0601_,11.81µm
wave_controller_x_inst/_0762_,11.81µm
wave_controller_x_inst/_0808_,11.81µm
wave_controller_x_inst/_0846_,11.81µm
wave_controller_x_inst/_0873_,11.81µm
wave_controller_x_inst/_1001_,11.81µm
wave_controller_x_inst/_1061_,11.81µm
wave_controller_x_inst/_1110_,11.81µm
wave_controller_x_inst/_1447_,11.81µm
wave_controller_x_inst/_1461_,11.81µm
wave_controller_x_inst/_1624_,11.81µm
wave_controller_x_inst/_1628_,11.81µm
wave_controller_y_inst/_0059_,11.81µm
wave_controller_y_inst/_0138_,11.81µm
wave_controller_y_inst/_0188_,11.81µm
wave_controller_y_inst/_0206_,11.81µm
wave_controller_y_inst/_0213_,11.81µm
wave_controller_y_inst/_0293_,11.81µm
wave_controller_y_inst/_0480_,11.81µm
wave_controller_y_inst/_0483_,11.81µm
wave_controller_y_inst/_0557_,11.81µm
wave_controller_y_inst/_0575_,11.81µm
wave_controller_y_inst/_0902_,11.81µm
wave_controller_y_inst/_0913_,11.81µm
wave_controller_y_inst/_1086_,11.81µm
wave_controller_y_inst/_1231_,11.81µm
wave_controller_y_inst/_1274_,11.81µm
wave_controller_y_inst/_1378_,11.81µm
wave_controller_y_inst/_1462_,11.81µm
wave_controller_y_inst/_1487_,11.81µm
wave_controller_y_inst/_1631_,11.81µm
wave_controller_y_inst/comp_sync2,11.81µm
signal_processor_x_inst/_016_,11.76µm
signal_processor_x_inst/_031_,11.76µm
signal_processor_x_inst/_049_,11.76µm
signal_processor_x_inst/_078_,11.76µm
signal_processor_y_inst/_100_,11.76µm
spi_regs_inst/_0169_,11.76µm
spi_regs_inst/_0237_,11.76µm
spi_regs_inst/_0450_,11.76µm
spi_regs_inst/reg_wr_data\[1\],11.76µm
wave_controller_x_inst/_0158_,11.76µm
wave_controller_x_inst/_0246_,11.76µm
wave_controller_x_inst/_0261_,11.76µm
wave_controller_x_inst/_0323_,11.76µm
wave_controller_x_inst/_0391_,11.76µm
wave_controller_x_inst/_0664_,11.76µm
wave_controller_x_inst/_0870_,11.76µm
wave_controller_x_inst/_0940_,11.76µm
wave_controller_x_inst/_0968_,11.76µm
wave_controller_x_inst/_1106_,11.76µm
wave_controller_x_inst/_1144_,11.76µm
wave_controller_x_inst/_1336_,11.76µm
wave_controller_x_inst/_1542_,11.76µm
wave_controller_x_inst/_1646_,11.76µm
wave_controller_y_inst/_0008_,11.76µm
wave_controller_y_inst/_0071_,11.76µm
wave_controller_y_inst/_0126_,11.76µm
wave_controller_y_inst/_0331_,11.76µm
wave_controller_y_inst/_0671_,11.76µm
wave_controller_y_inst/_1393_,11.76µm
wave_controller_y_inst/_1417_,11.76µm
wave_controller_y_inst/_1543_,11.76µm
wave_controller_y_inst/_1546_,11.76µm
wave_controller_y_inst/_1743_,11.76µm
wave_controller_x_inst/net127,11.76µm
wave_controller_x_inst/net883,11.76µm
spi_miso_oe,11.44µm
wave_controller_y_inst/_0216_,11.35µm
wave_controller_y_inst/_0875_,11.35µm
spi_regs_inst/_0322_,11.3µm
wave_controller_x_inst/_0213_,11.3µm
wave_controller_x_inst/_0284_,11.3µm
wave_controller_x_inst/_0291_,11.3µm
wave_controller_x_inst/_0867_,11.3µm
wave_controller_x_inst/_1002_,11.3µm
wave_controller_x_inst/_1230_,11.3µm
wave_controller_x_inst/_1653_,11.3µm
wave_controller_x_inst/_1708_,11.3µm
wave_controller_x_inst/ds_acc\[4\],11.3µm
wave_controller_x_inst/wave_cycle_cnt\[7\],11.3µm
wave_controller_y_inst/_0247_,11.3µm
wave_controller_y_inst/_0466_,11.3µm
wave_controller_y_inst/_0749_,11.3µm
wave_controller_y_inst/_0789_,11.3µm
wave_controller_y_inst/_1230_,11.3µm
wave_controller_y_inst/_1479_,11.3µm
wave_controller_y_inst/_1527_,11.3µm
wave_controller_y_inst/_1533_,11.3µm
wave_controller_y_inst/_1545_,11.3µm
wave_controller_y_inst/_1666_,11.3µm
latch_phase90_ack_x,11.25µm
signal_processor_x_inst/_018_,11.25µm
signal_processor_y_inst/s90_pipe\[2\],11.25µm
spi_regs_inst/_0021_,11.25µm
spi_regs_inst/_0540_,11.25µm
spi_regs_inst/_0557_,11.25µm
spi_regs_inst/_0643_,11.25µm
wave_controller_x_inst/_0091_,11.25µm
wave_controller_x_inst/_0106_,11.25µm
wave_controller_x_inst/_0160_,11.25µm
wave_controller_x_inst/_0336_,11.25µm
wave_controller_x_inst/_0348_,11.25µm
wave_controller_x_inst/_0516_,11.25µm
wave_controller_x_inst/_0745_,11.25µm
wave_controller_x_inst/_0815_,11.25µm
wave_controller_x_inst/_0819_,11.25µm
wave_controller_x_inst/_0936_,11.25µm
wave_controller_x_inst/_1107_,11.25µm
wave_controller_x_inst/_1303_,11.25µm
wave_controller_x_inst/_1426_,11.25µm
wave_controller_x_inst/_1615_,11.25µm
wave_controller_x_inst/_1620_,11.25µm
wave_controller_x_inst/_1732_,11.25µm
wave_controller_x_inst/_1739_,11.25µm
wave_controller_y_inst/_0161_,11.25µm
wave_controller_y_inst/_0189_,11.25µm
wave_controller_y_inst/_0211_,11.25µm
wave_controller_y_inst/_0625_,11.25µm
wave_controller_y_inst/_0832_,11.25µm
wave_controller_y_inst/_0846_,11.25µm
wave_controller_y_inst/_0922_,11.25µm
wave_controller_y_inst/_1087_,11.25µm
wave_controller_y_inst/_1108_,11.25µm
wave_controller_y_inst/_1139_,11.25µm
wave_controller_y_inst/_1158_,11.25µm
wave_controller_y_inst/_1495_,11.25µm
wave_controller_y_inst/_1592_,11.25µm
wave_controller_y_inst/comp_sync0,11.25µm
wave_controller_x_inst/net669,11.25µm
cfg_f_MEMS_fcw_x\[15\],11.2µm
signal_processor_x_inst/_047_,11.2µm
signal_processor_y_inst/_007_,11.2µm
signal_processor_y_inst/_077_,11.2µm
spi_regs_inst/_0020_,11.2µm
spi_regs_inst/_0050_,11.2µm
spi_regs_inst/_0066_,11.2µm
spi_regs_inst/_0141_,11.2µm
spi_regs_inst/_0459_,11.2µm
spi_regs_inst/_0595_,11.2µm
spi_regs_inst/_0629_,11.2µm
state_machine_inst/_01_,11.2µm
wave_controller_x_inst/_0004_,11.2µm
wave_controller_x_inst/_0041_,11.2µm
wave_controller_x_inst/_0058_,11.2µm
wave_controller_x_inst/_0070_,11.2µm
wave_controller_x_inst/_0250_,11.2µm
wave_controller_x_inst/_0271_,11.2µm
wave_controller_x_inst/_0387_,11.2µm
wave_controller_x_inst/_0433_,11.2µm
wave_controller_x_inst/_0479_,11.2µm
wave_controller_x_inst/_0668_,11.2µm
wave_controller_x_inst/_0720_,11.2µm
wave_controller_x_inst/_0923_,11.2µm
wave_controller_x_inst/_1108_,11.2µm
wave_controller_x_inst/_1118_,11.2µm
wave_controller_x_inst/_1142_,11.2µm
wave_controller_x_inst/_1209_,11.2µm
wave_controller_x_inst/_1371_,11.2µm
wave_controller_x_inst/_1376_,11.2µm
wave_controller_x_inst/_1631_,11.2µm
wave_controller_x_inst/_1710_,11.2µm
wave_controller_y_inst/_0013_,11.2µm
wave_controller_y_inst/_0016_,11.2µm
wave_controller_y_inst/_0102_,11.2µm
wave_controller_y_inst/_0149_,11.2µm
wave_controller_y_inst/_0298_,11.2µm
wave_controller_y_inst/_0305_,11.2µm
wave_controller_y_inst/_0360_,11.2µm
wave_controller_y_inst/_0442_,11.2µm
wave_controller_y_inst/_0443_,11.2µm
wave_controller_y_inst/_0519_,11.2µm
wave_controller_y_inst/_0607_,11.2µm
wave_controller_y_inst/_0735_,11.2µm
wave_controller_y_inst/_0765_,11.2µm
wave_controller_y_inst/_0803_,11.2µm
wave_controller_y_inst/_1014_,11.2µm
wave_controller_y_inst/_1093_,11.2µm
wave_controller_y_inst/_1095_,11.2µm
wave_controller_y_inst/_1151_,11.2µm
wave_controller_y_inst/_1403_,11.2µm
wave_controller_y_inst/_1472_,11.2µm
wave_controller_y_inst/capture_step\[0\],11.2µm
spi_regs_inst/net579,11.2µm
spi_sclk,10.83µm
spi_miso,10.83µm
wave_controller_y_inst/_0697_,10.79µm
spi_regs_inst/_0262_,10.74µm
wave_controller_x_inst/_0399_,10.74µm
wave_controller_x_inst/_0471_,10.74µm
wave_controller_x_inst/_0499_,10.74µm
wave_controller_x_inst/_0980_,10.74µm
wave_controller_x_inst/_1261_,10.74µm
wave_controller_x_inst/_1566_,10.74µm
wave_controller_x_inst/_1752_,10.74µm
wave_controller_y_inst/_0144_,10.74µm
wave_controller_y_inst/_0237_,10.74µm
wave_controller_y_inst/_0291_,10.74µm
wave_controller_y_inst/_0390_,10.74µm
wave_controller_y_inst/_0534_,10.74µm
wave_controller_y_inst/_0782_,10.74µm
signal_processor_x_inst/_103_,10.69µm
signal_processor_y_inst/_015_,10.69µm
signal_processor_y_inst/_092_,10.69µm
signal_processor_y_inst/comp_pipe\[0\],10.69µm
signal_processor_y_inst/s270_pipe\[2\],10.69µm
spi_regs_inst/_0073_,10.69µm
spi_regs_inst/_0135_,10.69µm
spi_regs_inst/_0347_,10.69µm
spi_regs_inst/_0442_,10.69µm
spi_regs_inst/_0607_,10.69µm
spi_regs_inst/rw_n,10.69µm
wave_controller_x_inst/_0018_,10.69µm
wave_controller_x_inst/_0094_,10.69µm
wave_controller_x_inst/_0107_,10.69µm
wave_controller_x_inst/_0145_,10.69µm
wave_controller_x_inst/_0315_,10.69µm
wave_controller_x_inst/_0366_,10.69µm
wave_controller_x_inst/_0397_,10.69µm
wave_controller_x_inst/_0468_,10.69µm
wave_controller_x_inst/_0484_,10.69µm
wave_controller_x_inst/_0616_,10.69µm
wave_controller_x_inst/_0697_,10.69µm
wave_controller_x_inst/_0771_,10.69µm
wave_controller_x_inst/_0783_,10.69µm
wave_controller_x_inst/_0810_,10.69µm
wave_controller_x_inst/_0858_,10.69µm
wave_controller_x_inst/_1119_,10.69µm
wave_controller_x_inst/_1168_,10.69µm
wave_controller_x_inst/_1388_,10.69µm
wave_controller_x_inst/_1613_,10.69µm
wave_controller_x_inst/phase_acc\[7\],10.69µm
wave_controller_y_inst/_0271_,10.69µm
wave_controller_y_inst/_0320_,10.69µm
wave_controller_y_inst/_0514_,10.69µm
wave_controller_y_inst/_0535_,10.69µm
wave_controller_y_inst/_0584_,10.69µm
wave_controller_y_inst/_0743_,10.69µm
wave_controller_y_inst/_0860_,10.69µm
wave_controller_y_inst/_0866_,10.69µm
wave_controller_y_inst/_1001_,10.69µm
wave_controller_y_inst/_1080_,10.69µm
wave_controller_y_inst/_1138_,10.69µm
wave_controller_y_inst/_1454_,10.69µm
wave_controller_y_inst/_1697_,10.69µm
spi_regs_inst/net613,10.69µm
signal_processor_x_inst/_019_,10.64µm
signal_processor_y_inst/_012_,10.64µm
spi_regs_inst/_0115_,10.64µm
spi_regs_inst/_0321_,10.64µm
spi_regs_inst/_0410_,10.64µm
spi_regs_inst/_0498_,10.64µm
wave_controller_x_inst/_0019_,10.64µm
wave_controller_x_inst/_0028_,10.64µm
wave_controller_x_inst/_0159_,10.64µm
wave_controller_x_inst/_0298_,10.64µm
wave_controller_x_inst/_0300_,10.64µm
wave_controller_x_inst/_0523_,10.64µm
wave_controller_x_inst/_0573_,10.64µm
wave_controller_x_inst/_0770_,10.64µm
wave_controller_x_inst/_1000_,10.64µm
wave_controller_x_inst/_1141_,10.64µm
wave_controller_x_inst/_1361_,10.64µm
wave_controller_x_inst/_1565_,10.64µm
wave_controller_x_inst/_1616_,10.64µm
wave_controller_y_inst/_0004_,10.64µm
wave_controller_y_inst/_0219_,10.64µm
wave_controller_y_inst/_0295_,10.64µm
wave_controller_y_inst/_0301_,10.64µm
wave_controller_y_inst/_0312_,10.64µm
wave_controller_y_inst/_0315_,10.64µm
wave_controller_y_inst/_0440_,10.64µm
wave_controller_y_inst/_0491_,10.64µm
wave_controller_y_inst/_0494_,10.64µm
wave_controller_y_inst/_0524_,10.64µm
wave_controller_y_inst/_0567_,10.64µm
wave_controller_y_inst/_0651_,10.64µm
wave_controller_y_inst/_0746_,10.64µm
wave_controller_y_inst/_0864_,10.64µm
wave_controller_y_inst/_1380_,10.64µm
wave_controller_y_inst/_1410_,10.64µm
wave_controller_y_inst/_1564_,10.64µm
wave_controller_y_inst/_1679_,10.64µm
wave_controller_y_inst/_1690_,10.64µm
wave_controller_y_inst/_1707_,10.64µm
wave_controller_x_inst/net711,10.64µm
wave_controller_x_inst/net1263,10.64µm
wave_controller_x_inst/net1359,10.64µm
spi_regs_inst/_0656_,10.41µm
wave_controller_x_inst/_0803_,10.23µm
wave_controller_y_inst/_1568_,10.23µm
spi_regs_inst/_0494_,10.18µm
wave_controller_x_inst/_0373_,10.18µm
wave_controller_x_inst/_0393_,10.18µm
wave_controller_x_inst/_0761_,10.18µm
wave_controller_x_inst/_0781_,10.18µm
wave_controller_x_inst/_0892_,10.18µm
wave_controller_x_inst/_1360_,10.18µm
wave_controller_x_inst/_1530_,10.18µm
wave_controller_x_inst/_1606_,10.18µm
wave_controller_x_inst/_1612_,10.18µm
wave_controller_y_inst/_1415_,10.18µm
wave_controller_y_inst/_1586_,10.18µm
wave_controller_y_inst/_1687_,10.18µm
wave_controller_y_inst/net238,10.18µm
cfg_f_MEMS_fcw_y\[7\],10.13µm
signal_processor_x_inst/_033_,10.13µm
signal_processor_x_inst/_051_,10.13µm
signal_processor_x_inst/_067_,10.13µm
signal_processor_y_inst/_023_,10.13µm
signal_processor_y_inst/s270_pipe\[1\],10.13µm
spi_regs_inst/_0039_,10.13µm
spi_regs_inst/_0125_,10.13µm
spi_regs_inst/_0522_,10.13µm
wave_controller_x_inst/_0009_,10.13µm
wave_controller_x_inst/_0016_,10.13µm
wave_controller_x_inst/_0069_,10.13µm
wave_controller_x_inst/_0102_,10.13µm
wave_controller_x_inst/_0257_,10.13µm
wave_controller_x_inst/_0282_,10.13µm
wave_controller_x_inst/_0346_,10.13µm
wave_controller_x_inst/_0455_,10.13µm
wave_controller_x_inst/_0482_,10.13µm
wave_controller_x_inst/_0519_,10.13µm
wave_controller_x_inst/_0545_,10.13µm
wave_controller_x_inst/_0667_,10.13µm
wave_controller_x_inst/_0991_,10.13µm
wave_controller_x_inst/_1198_,10.13µm
wave_controller_x_inst/_1546_,10.13µm
wave_controller_x_inst/_1644_,10.13µm
wave_controller_x_inst/_1687_,10.13µm
wave_controller_x_inst/comp_sync0,10.13µm
wave_controller_x_inst/ds_acc\[0\],10.13µm
wave_controller_y_inst/_0025_,10.13µm
wave_controller_y_inst/_0062_,10.13µm
wave_controller_y_inst/_0256_,10.13µm
wave_controller_y_inst/_0289_,10.13µm
wave_controller_y_inst/_0297_,10.13µm
wave_controller_y_inst/_0599_,10.13µm
wave_controller_y_inst/_0648_,10.13µm
wave_controller_y_inst/_0663_,10.13µm
wave_controller_y_inst/_0670_,10.13µm
wave_controller_y_inst/_0686_,10.13µm
wave_controller_y_inst/_0745_,10.13µm
wave_controller_y_inst/_0908_,10.13µm
wave_controller_y_inst/_1237_,10.13µm
wave_controller_y_inst/_1317_,10.13µm
wave_controller_y_inst/_1402_,10.13µm
wave_controller_y_inst/_1424_,10.13µm
wave_controller_y_inst/_1497_,10.13µm
wave_controller_y_inst/_1612_,10.13µm
wave_controller_y_inst/_1694_,10.13µm
wave_controller_y_inst/ds_acc\[7\],10.13µm
spi_regs_inst/_0046_,10.08µm
spi_regs_inst/_0651_,10.08µm
wave_controller_x_inst/_0088_,10.08µm
wave_controller_x_inst/_0129_,10.08µm
wave_controller_x_inst/_0191_,10.08µm
wave_controller_x_inst/_0376_,10.08µm
wave_controller_x_inst/_0556_,10.08µm
wave_controller_x_inst/_0623_,10.08µm
wave_controller_x_inst/_0860_,10.08µm
wave_controller_x_inst/_0883_,10.08µm
wave_controller_x_inst/_0915_,10.08µm
wave_controller_x_inst/_1136_,10.08µm
wave_controller_x_inst/_1271_,10.08µm
wave_controller_x_inst/_1340_,10.08µm
wave_controller_x_inst/_1346_,10.08µm
wave_controller_x_inst/_1490_,10.08µm
wave_controller_x_inst/_1513_,10.08µm
wave_controller_x_inst/_1527_,10.08µm
wave_controller_y_inst/_0040_,10.08µm
wave_controller_y_inst/_0111_,10.08µm
wave_controller_y_inst/_0129_,10.08µm
wave_controller_y_inst/_0333_,10.08µm
wave_controller_y_inst/_0377_,10.08µm
wave_controller_y_inst/_0496_,10.08µm
wave_controller_y_inst/_0555_,10.08µm
wave_controller_y_inst/_0740_,10.08µm
wave_controller_y_inst/_0890_,10.08µm
wave_controller_y_inst/_0925_,10.08µm
wave_controller_y_inst/_0985_,10.08µm
wave_controller_y_inst/_1060_,10.08µm
wave_controller_y_inst/_1125_,10.08µm
wave_controller_y_inst/_1132_,10.08µm
wave_controller_y_inst/_1341_,10.08µm
wave_controller_y_inst/_1599_,10.08µm
wave_controller_y_inst/_1617_,10.08µm
wave_controller_y_inst/_1714_,10.08µm
wave_controller_x_inst/net705,10.08µm
wave_controller_x_inst/net1281,10.08µm
wave_controller_x_inst/_0211_,9.67µm
wave_controller_x_inst/_0540_,9.67µm
wave_controller_x_inst/_1341_,9.67µm
wave_controller_x_inst/_1734_,9.67µm
wave_controller_y_inst/_0532_,9.67µm
wave_controller_y_inst/_0554_,9.67µm
cal_phase270_offset_y\[4\],9.62µm
spi_regs_inst/_0334_,9.62µm
wave_controller_x_inst/_0188_,9.62µm
wave_controller_x_inst/_0208_,9.62µm
wave_controller_x_inst/_0314_,9.62µm
wave_controller_x_inst/_0920_,9.62µm
wave_controller_x_inst/_0950_,9.62µm
wave_controller_x_inst/_1232_,9.62µm
wave_controller_x_inst/_1385_,9.62µm
wave_controller_y_inst/_0243_,9.62µm
wave_controller_y_inst/_0700_,9.62µm
wave_controller_y_inst/_0995_,9.62µm
wave_controller_y_inst/_1288_,9.62µm
wave_controller_y_inst/_1404_,9.62µm
wave_controller_y_inst/_1468_,9.62µm
net10,9.57µm
signal_processor_y_inst/_011_,9.57µm
spi_regs_inst/_0256_,9.57µm
spi_regs_inst/_0265_,9.57µm
spi_regs_inst/_0278_,9.57µm
state_machine_inst/_08_,9.57µm
wave_controller_x_inst/_0370_,9.57µm
wave_controller_x_inst/_0754_,9.57µm
wave_controller_x_inst/_0788_,9.57µm
wave_controller_x_inst/_0839_,9.57µm
wave_controller_x_inst/_1021_,9.57µm
wave_controller_x_inst/_1072_,9.57µm
wave_controller_x_inst/_1113_,9.57µm
wave_controller_x_inst/_1151_,9.57µm
wave_controller_x_inst/_1472_,9.57µm
wave_controller_x_inst/_1555_,9.57µm
wave_controller_x_inst/_1641_,9.57µm
wave_controller_x_inst/_1672_,9.57µm
wave_controller_y_inst/_0011_,9.57µm
wave_controller_y_inst/_0035_,9.57µm
wave_controller_y_inst/_0173_,9.57µm
wave_controller_y_inst/_0300_,9.57µm
wave_controller_y_inst/_0314_,9.57µm
wave_controller_y_inst/_0429_,9.57µm
wave_controller_y_inst/_0463_,9.57µm
wave_controller_y_inst/_0509_,9.57µm
wave_controller_y_inst/_0851_,9.57µm
wave_controller_y_inst/_0927_,9.57µm
wave_controller_y_inst/_0986_,9.57µm
wave_controller_y_inst/_1026_,9.57µm
spi_regs_inst/net548,9.57µm
wave_controller_y_inst/net1475,9.57µm
net14,9.52µm
signal_processor_x_inst/_097_,9.52µm
signal_processor_y_inst/s90_valid,9.52µm
spi_regs_inst/_0019_,9.52µm
spi_regs_inst/_0063_,9.52µm
spi_regs_inst/_0070_,9.52µm
spi_regs_inst/_0155_,9.52µm
spi_regs_inst/_0232_,9.52µm
spi_regs_inst/_0341_,9.52µm
wave_controller_x_inst/_0051_,9.52µm
wave_controller_x_inst/_0187_,9.52µm
wave_controller_x_inst/_0266_,9.52µm
wave_controller_x_inst/_0415_,9.52µm
wave_controller_x_inst/_0590_,9.52µm
wave_controller_x_inst/_0656_,9.52µm
wave_controller_x_inst/_0798_,9.52µm
wave_controller_x_inst/_0864_,9.52µm
wave_controller_x_inst/_0956_,9.52µm
wave_controller_x_inst/_1054_,9.52µm
wave_controller_x_inst/_1145_,9.52µm
wave_controller_x_inst/_1355_,9.52µm
wave_controller_x_inst/_1368_,9.52µm
wave_controller_x_inst/_1417_,9.52µm
wave_controller_x_inst/_1600_,9.52µm
wave_controller_x_inst/_1675_,9.52µm
wave_controller_x_inst/_1686_,9.52µm
wave_controller_x_inst/_1744_,9.52µm
wave_controller_y_inst/_0266_,9.52µm
wave_controller_y_inst/_0545_,9.52µm
wave_controller_y_inst/_0816_,9.52µm
wave_controller_y_inst/_0839_,9.52µm
wave_controller_y_inst/_0928_,9.52µm
wave_controller_y_inst/_0954_,9.52µm
wave_controller_y_inst/_0962_,9.52µm
wave_controller_y_inst/_1128_,9.52µm
wave_controller_y_inst/_1535_,9.52µm
wave_controller_y_inst/_1670_,9.52µm
wave_controller_y_inst/_1699_,9.52µm
wave_controller_y_inst/_1739_,9.52µm
spi_regs_inst/net594,9.52µm
spi_regs_inst/_0618_,9.16µm
spi_mosi,9.15µm
wave_controller_x_inst/_0357_,9.06µm
wave_controller_x_inst/_0722_,9.06µm
wave_controller_x_inst/_0799_,9.06µm
wave_controller_y_inst/_0145_,9.06µm
wave_controller_y_inst/_0371_,9.06µm
wave_controller_y_inst/_0530_,9.06µm
wave_controller_y_inst/_0781_,9.06µm
wave_controller_y_inst/_1105_,9.06µm
wave_controller_y_inst/_1405_,9.06µm
wave_controller_y_inst/ds_acc\[1\],9.06µm
wave_controller_x_inst/net150,9.06µm
cal_phase0_offset_y\[19\],9.01µm
signal_processor_y_inst/s270_pipe\[0\],9.01µm
spi_regs_inst/_0121_,9.01µm
spi_regs_inst/_0356_,9.01µm
spi_regs_inst/_0388_,9.01µm
spi_regs_inst/_0500_,9.01µm
spi_regs_inst/_0512_,9.01µm
spi_regs_inst/_0513_,9.01µm
spi_regs_inst/_0544_,9.01µm
state_machine_inst/_03_,9.01µm
wave_controller_x_inst/_0001_,9.01µm
wave_controller_x_inst/_0010_,9.01µm
wave_controller_x_inst/_0033_,9.01µm
wave_controller_x_inst/_0056_,9.01µm
wave_controller_x_inst/_0066_,9.01µm
wave_controller_x_inst/_0123_,9.01µm
wave_controller_x_inst/_0594_,9.01µm
wave_controller_x_inst/_0800_,9.01µm
wave_controller_x_inst/_0959_,9.01µm
wave_controller_x_inst/_1096_,9.01µm
wave_controller_x_inst/_1324_,9.01µm
wave_controller_x_inst/_1377_,9.01µm
wave_controller_x_inst/_1380_,9.01µm
wave_controller_x_inst/_1394_,9.01µm
wave_controller_x_inst/_1415_,9.01µm
wave_controller_x_inst/_1534_,9.01µm
wave_controller_x_inst/_1545_,9.01µm
wave_controller_y_inst/_0069_,9.01µm
wave_controller_y_inst/_0081_,9.01µm
wave_controller_y_inst/_0418_,9.01µm
wave_controller_y_inst/_0444_,9.01µm
wave_controller_y_inst/_0706_,9.01µm
wave_controller_y_inst/_1133_,9.01µm
wave_controller_y_inst/_1147_,9.01µm
wave_controller_y_inst/_1235_,9.01µm
wave_controller_y_inst/_1379_,9.01µm
wave_controller_y_inst/_1580_,9.01µm
wave_controller_y_inst/_1591_,9.01µm
wave_controller_y_inst/_1646_,9.01µm
wave_controller_y_inst/_1685_,9.01µm
cfg_f_MEMS_fcw_y\[11\],8.96µm
signal_processor_x_inst/_008_,8.96µm
signal_processor_y_inst/_072_,8.96µm
spi_regs_inst/_0025_,8.96µm
spi_regs_inst/_0077_,8.96µm
spi_regs_inst/_0100_,8.96µm
spi_regs_inst/_0116_,8.96µm
spi_regs_inst/_0445_,8.96µm
spi_regs_inst/_0691_,8.96µm
state_machine_inst/_00_,8.96µm
state_machine_inst/_06_,8.96µm
wave_controller_x_inst/_0067_,8.96µm
wave_controller_x_inst/_0199_,8.96µm
wave_controller_x_inst/_0216_,8.96µm
wave_controller_x_inst/_0283_,8.96µm
wave_controller_x_inst/_0285_,8.96µm
wave_controller_x_inst/_0309_,8.96µm
wave_controller_x_inst/_0351_,8.96µm
wave_controller_x_inst/_0361_,8.96µm
wave_controller_x_inst/_0392_,8.96µm
wave_controller_x_inst/_0619_,8.96µm
wave_controller_x_inst/_0634_,8.96µm
wave_controller_x_inst/_0742_,8.96µm
wave_controller_x_inst/_0796_,8.96µm
wave_controller_x_inst/_0880_,8.96µm
wave_controller_x_inst/_0929_,8.96µm
wave_controller_x_inst/_0938_,8.96µm
wave_controller_x_inst/_1010_,8.96µm
wave_controller_x_inst/_1027_,8.96µm
wave_controller_x_inst/_1035_,8.96µm
wave_controller_x_inst/_1172_,8.96µm
wave_controller_x_inst/_1195_,8.96µm
wave_controller_x_inst/_1379_,8.96µm
wave_controller_x_inst/_1528_,8.96µm
wave_controller_x_inst/_1570_,8.96µm
wave_controller_x_inst/_1633_,8.96µm
wave_controller_x_inst/_1718_,8.96µm
wave_controller_y_inst/_0055_,8.96µm
wave_controller_y_inst/_0080_,8.96µm
wave_controller_y_inst/_0105_,8.96µm
wave_controller_y_inst/_0123_,8.96µm
wave_controller_y_inst/_0146_,8.96µm
wave_controller_y_inst/_0455_,8.96µm
wave_controller_y_inst/_0500_,8.96µm
wave_controller_y_inst/_0506_,8.96µm
wave_controller_y_inst/_0720_,8.96µm
wave_controller_y_inst/_0887_,8.96µm
wave_controller_y_inst/_1003_,8.96µm
wave_controller_y_inst/_1081_,8.96µm
wave_controller_y_inst/_1115_,8.96µm
wave_controller_y_inst/_1119_,8.96µm
wave_controller_y_inst/_1124_,8.96µm
wave_controller_y_inst/_1160_,8.96µm
wave_controller_y_inst/_1167_,8.96µm
wave_controller_y_inst/_1334_,8.96µm
wave_controller_y_inst/_1371_,8.96µm
wave_controller_y_inst/_1390_,8.96µm
wave_controller_y_inst/_1503_,8.96µm
wave_controller_y_inst/_1514_,8.96µm
wave_controller_y_inst/_1658_,8.96µm
wave_controller_y_inst/_1681_,8.96µm
wave_controller_y_inst/net826,8.96µm
wave_controller_x_inst/net1366,8.96µm
spi_cs_n,8.64µm
wave_controller_x_inst/_0371_,8.6µm
wave_controller_x_inst/_0501_,8.55µm
wave_controller_x_inst/_0195_,8.5µm
wave_controller_x_inst/_0472_,8.5µm
wave_controller_x_inst/_0575_,8.5µm
wave_controller_x_inst/_0597_,8.5µm
wave_controller_x_inst/_1059_,8.5µm
wave_controller_x_inst/_1359_,8.5µm
wave_controller_x_inst/_1405_,8.5µm
wave_controller_x_inst/_1452_,8.5µm
wave_controller_x_inst/_1469_,8.5µm
wave_controller_y_inst/_0343_,8.5µm
wave_controller_y_inst/_0403_,8.5µm
wave_controller_y_inst/_0539_,8.5µm
wave_controller_y_inst/_0588_,8.5µm
wave_controller_y_inst/_1528_,8.5µm
wave_controller_y_inst/_1621_,8.5µm
wave_controller_y_inst/_1686_,8.5µm
wave_controller_y_inst/_1717_,8.5µm
wave_controller_x_inst/net1264,8.5µm
spi_regs_inst/_0095_,8.46µm
signal_processor_x_inst/_006_,8.45µm
signal_processor_y_inst/_014_,8.45µm
signal_processor_y_inst/_104_,8.45µm
spi_regs_inst/_0015_,8.45µm
spi_regs_inst/_0081_,8.45µm
spi_regs_inst/_0109_,8.45µm
spi_regs_inst/_0119_,8.45µm
spi_regs_inst/_0602_,8.45µm
wave_controller_x_inst/_0072_,8.45µm
wave_controller_x_inst/_0146_,8.45µm
wave_controller_x_inst/_0289_,8.45µm
wave_controller_x_inst/_0457_,8.45µm
wave_controller_x_inst/_0535_,8.45µm
wave_controller_x_inst/_0677_,8.45µm
wave_controller_x_inst/_0847_,8.45µm
wave_controller_x_inst/_0866_,8.45µm
wave_controller_x_inst/_0899_,8.45µm
wave_controller_x_inst/_1016_,8.45µm
wave_controller_x_inst/_1105_,8.45µm
wave_controller_x_inst/_1109_,8.45µm
wave_controller_x_inst/_1603_,8.45µm
wave_controller_x_inst/_1669_,8.45µm
wave_controller_x_inst/_1737_,8.45µm
wave_controller_y_inst/_0009_,8.45µm
wave_controller_y_inst/_0019_,8.45µm
wave_controller_y_inst/_0106_,8.45µm
wave_controller_y_inst/_0228_,8.45µm
wave_controller_y_inst/_0245_,8.45µm
wave_controller_y_inst/_0282_,8.45µm
wave_controller_y_inst/_0477_,8.45µm
wave_controller_y_inst/_0637_,8.45µm
wave_controller_y_inst/_0656_,8.45µm
wave_controller_y_inst/_0704_,8.45µm
wave_controller_y_inst/_0773_,8.45µm
wave_controller_y_inst/_0792_,8.45µm
wave_controller_y_inst/_0810_,8.45µm
wave_controller_y_inst/_0815_,8.45µm
wave_controller_y_inst/_1155_,8.45µm
wave_controller_y_inst/_1180_,8.45µm
wave_controller_y_inst/_1387_,8.45µm
wave_controller_y_inst/_1496_,8.45µm
wave_controller_y_inst/cal_burst_count\[1\],8.45µm
spi_regs_inst/net567,8.45µm
cal_done,8.4µm
cal_phase0_offset_x\[7\],8.4µm
signal_processor_x_inst/_062_,8.4µm
signal_processor_x_inst/_063_,8.4µm
signal_processor_y_inst/_006_,8.4µm
signal_processor_y_inst/_056_,8.4µm
spi_regs_inst/_0042_,8.4µm
spi_regs_inst/_0082_,8.4µm
spi_regs_inst/_0110_,8.4µm
spi_regs_inst/_0131_,8.4µm
spi_regs_inst/_0140_,8.4µm
spi_regs_inst/_0303_,8.4µm
spi_regs_inst/_0309_,8.4µm
spi_regs_inst/_0432_,8.4µm
spi_regs_inst/_0554_,8.4µm
state_machine_inst/_16_,8.4µm
wave_controller_x_inst/_0000_,8.4µm
wave_controller_x_inst/_0062_,8.4µm
wave_controller_x_inst/_0064_,8.4µm
wave_controller_x_inst/_0095_,8.4µm
wave_controller_x_inst/_0100_,8.4µm
wave_controller_x_inst/_0103_,8.4µm
wave_controller_x_inst/_0118_,8.4µm
wave_controller_x_inst/_0215_,8.4µm
wave_controller_x_inst/_0247_,8.4µm
wave_controller_x_inst/_0382_,8.4µm
wave_controller_x_inst/_0489_,8.4µm
wave_controller_x_inst/_0878_,8.4µm
wave_controller_x_inst/_0945_,8.4µm
wave_controller_x_inst/_0979_,8.4µm
wave_controller_x_inst/_0989_,8.4µm
wave_controller_x_inst/_1015_,8.4µm
wave_controller_x_inst/_1040_,8.4µm
wave_controller_x_inst/_1125_,8.4µm
wave_controller_x_inst/_1132_,8.4µm
wave_controller_x_inst/_1287_,8.4µm
wave_controller_x_inst/_1391_,8.4µm
wave_controller_x_inst/_1410_,8.4µm
wave_controller_x_inst/_1588_,8.4µm
wave_controller_x_inst/_1707_,8.4µm
wave_controller_x_inst/_1742_,8.4µm
wave_controller_y_inst/_0042_,8.4µm
wave_controller_y_inst/_0050_,8.4µm
wave_controller_y_inst/_0095_,8.4µm
wave_controller_y_inst/_0177_,8.4µm
wave_controller_y_inst/_0277_,8.4µm
wave_controller_y_inst/_0393_,8.4µm
wave_controller_y_inst/_0493_,8.4µm
wave_controller_y_inst/_0527_,8.4µm
wave_controller_y_inst/_0533_,8.4µm
wave_controller_y_inst/_0661_,8.4µm
wave_controller_y_inst/_0709_,8.4µm
wave_controller_y_inst/_0742_,8.4µm
wave_controller_y_inst/_0759_,8.4µm
wave_controller_y_inst/_0940_,8.4µm
wave_controller_y_inst/_0981_,8.4µm
wave_controller_y_inst/_1022_,8.4µm
wave_controller_y_inst/_1113_,8.4µm
wave_controller_y_inst/_1116_,8.4µm
wave_controller_y_inst/_1131_,8.4µm
wave_controller_y_inst/_1178_,8.4µm
wave_controller_y_inst/_1344_,8.4µm
wave_controller_y_inst/_1559_,8.4µm
wave_controller_y_inst/_1575_,8.4µm
wave_controller_y_inst/_1600_,8.4µm
wave_controller_y_inst/_1643_,8.4µm
wave_controller_y_inst/_1644_,8.4µm
wave_controller_x_inst/_0403_,8.09µm
wave_controller_x_inst/_0344_,7.99µm
wave_controller_x_inst/_1601_,7.99µm
wave_controller_x_inst/_0184_,7.94µm
wave_controller_x_inst/_0534_,7.94µm
wave_controller_x_inst/_0896_,7.94µm
wave_controller_x_inst/_1445_,7.94µm
wave_controller_x_inst/_1563_,7.94µm
wave_controller_x_inst/_1611_,7.94µm
wave_controller_x_inst/_1743_,7.94µm
wave_controller_y_inst/_0226_,7.94µm
wave_controller_y_inst/_0701_,7.94µm
wave_controller_y_inst/_0882_,7.94µm
wave_controller_y_inst/_1006_,7.94µm
wave_controller_y_inst/_1561_,7.94µm
spi_regs_inst/net1052,7.94µm
signal_processor_x_inst/_005_,7.89µm
signal_processor_x_inst/_032_,7.89µm
signal_processor_x_inst/s270_pipe\[2\],7.89µm
signal_processor_y_inst/_017_,7.89µm
signal_processor_y_inst/_075_,7.89µm
signal_processor_y_inst/s90_pipe\[1\],7.89µm
spi_regs_inst/_0045_,7.89µm
wave_controller_x_inst/_0015_,7.89µm
wave_controller_x_inst/_0149_,7.89µm
wave_controller_x_inst/_0306_,7.89µm
wave_controller_x_inst/_0428_,7.89µm
wave_controller_x_inst/_0444_,7.89µm
wave_controller_x_inst/_0496_,7.89µm
wave_controller_x_inst/_0546_,7.89µm
wave_controller_x_inst/_0577_,7.89µm
wave_controller_x_inst/_0833_,7.89µm
wave_controller_x_inst/_0928_,7.89µm
wave_controller_x_inst/_0954_,7.89µm
wave_controller_x_inst/_1042_,7.89µm
wave_controller_x_inst/_1045_,7.89µm
wave_controller_x_inst/_1081_,7.89µm
wave_controller_x_inst/_1235_,7.89µm
wave_controller_x_inst/_1384_,7.89µm
wave_controller_x_inst/_1392_,7.89µm
wave_controller_x_inst/_1444_,7.89µm
wave_controller_x_inst/_1509_,7.89µm
wave_controller_x_inst/_1510_,7.89µm
wave_controller_x_inst/cal_burst_count\[1\],7.89µm
wave_controller_y_inst/_0079_,7.89µm
wave_controller_y_inst/_0592_,7.89µm
wave_controller_y_inst/_0620_,7.89µm
wave_controller_y_inst/_0835_,7.89µm
wave_controller_y_inst/_0987_,7.89µm
wave_controller_y_inst/_1011_,7.89µm
wave_controller_y_inst/_1040_,7.89µm
wave_controller_y_inst/_1375_,7.89µm
wave_controller_y_inst/_1508_,7.89µm
wave_controller_y_inst/_1585_,7.89µm
wave_controller_y_inst/_1639_,7.89µm
wave_controller_y_inst/_1653_,7.89µm
cal_phase0_offset_x\[18\],7.84µm
spi_regs_inst/_0004_,7.84µm
spi_regs_inst/_0018_,7.84µm
spi_regs_inst/_0048_,7.84µm
spi_regs_inst/_0122_,7.84µm
spi_regs_inst/_0133_,7.84µm
spi_regs_inst/_0137_,7.84µm
spi_regs_inst/_0186_,7.84µm
spi_regs_inst/_0258_,7.84µm
spi_regs_inst/_0343_,7.84µm
spi_regs_inst/_0381_,7.84µm
spi_regs_inst/_0393_,7.84µm
spi_regs_inst/_0438_,7.84µm
spi_regs_inst/_0627_,7.84µm
state_machine_inst/_04_,7.84µm
wave_controller_x_inst/_0105_,7.84µm
wave_controller_x_inst/_0193_,7.84µm
wave_controller_x_inst/_0200_,7.84µm
wave_controller_x_inst/_0411_,7.84µm
wave_controller_x_inst/_0421_,7.84µm
wave_controller_x_inst/_0435_,7.84µm
wave_controller_x_inst/_0446_,7.84µm
wave_controller_x_inst/_0477_,7.84µm
wave_controller_x_inst/_0514_,7.84µm
wave_controller_x_inst/_0553_,7.84µm
wave_controller_x_inst/_0562_,7.84µm
wave_controller_x_inst/_0574_,7.84µm
wave_controller_x_inst/_0635_,7.84µm
wave_controller_x_inst/_0670_,7.84µm
wave_controller_x_inst/_0702_,7.84µm
wave_controller_x_inst/_0741_,7.84µm
wave_controller_x_inst/_0769_,7.84µm
wave_controller_x_inst/_0805_,7.84µm
wave_controller_x_inst/_1097_,7.84µm
wave_controller_x_inst/_1098_,7.84µm
wave_controller_x_inst/_1124_,7.84µm
wave_controller_x_inst/_1139_,7.84µm
wave_controller_x_inst/_1175_,7.84µm
wave_controller_x_inst/_1199_,7.84µm
wave_controller_x_inst/_1404_,7.84µm
wave_controller_x_inst/_1488_,7.84µm
wave_controller_x_inst/_1501_,7.84µm
wave_controller_x_inst/_1610_,7.84µm
wave_controller_x_inst/_1623_,7.84µm
wave_controller_x_inst/_1632_,7.84µm
wave_controller_x_inst/_1698_,7.84µm
wave_controller_x_inst/_1709_,7.84µm
wave_controller_x_inst/ds_acc\[8\],7.84µm
wave_controller_y_inst/_0048_,7.84µm
wave_controller_y_inst/_0057_,7.84µm
wave_controller_y_inst/_0058_,7.84µm
wave_controller_y_inst/_0099_,7.84µm
wave_controller_y_inst/_0190_,7.84µm
wave_controller_y_inst/_0199_,7.84µm
wave_controller_y_inst/_0203_,7.84µm
wave_controller_y_inst/_0241_,7.84µm
wave_controller_y_inst/_0294_,7.84µm
wave_controller_y_inst/_0356_,7.84µm
wave_controller_y_inst/_0481_,7.84µm
wave_controller_y_inst/_0601_,7.84µm
wave_controller_y_inst/_0675_,7.84µm
wave_controller_y_inst/_0717_,7.84µm
wave_controller_y_inst/_0767_,7.84µm
wave_controller_y_inst/_0814_,7.84µm
wave_controller_y_inst/_0840_,7.84µm
wave_controller_y_inst/_0895_,7.84µm
wave_controller_y_inst/_0965_,7.84µm
wave_controller_y_inst/_0992_,7.84µm
wave_controller_y_inst/_0998_,7.84µm
wave_controller_y_inst/_1083_,7.84µm
wave_controller_y_inst/_1118_,7.84µm
wave_controller_y_inst/_1140_,7.84µm
wave_controller_y_inst/_1355_,7.84µm
wave_controller_y_inst/_1366_,7.84µm
wave_controller_y_inst/_1516_,7.84µm
wave_controller_y_inst/_1524_,7.84µm
wave_controller_y_inst/_1589_,7.84µm
wave_controller_y_inst/_1590_,7.84µm
wave_controller_y_inst/_1633_,7.84µm
wave_controller_y_inst/_1702_,7.84µm
wave_controller_y_inst/_1732_,7.84µm
wave_controller_y_inst/net829,7.84µm
wave_controller_x_inst/net942,7.84µm
wave_controller_y_inst/_1050_,7.43µm
signal_processor_y_inst/_062_,7.38µm
signal_processor_y_inst/_098_,7.38µm
spi_regs_inst/_0114_,7.38µm
wave_controller_x_inst/_0367_,7.38µm
wave_controller_x_inst/_0480_,7.38µm
wave_controller_x_inst/_0789_,7.38µm
wave_controller_x_inst/_1651_,7.38µm
wave_controller_x_inst/_1735_,7.38µm
wave_controller_y_inst/_0049_,7.38µm
wave_controller_y_inst/_0215_,7.38µm
wave_controller_y_inst/_0267_,7.38µm
wave_controller_y_inst/_0399_,7.38µm
wave_controller_y_inst/_0938_,7.38µm
wave_controller_y_inst/_0980_,7.38µm
wave_controller_y_inst/_1197_,7.38µm
wave_controller_y_inst/_1263_,7.38µm
net1221,7.38µm
wave_controller_y_inst/net1549,7.38µm
latch_phase90_ack_y,7.33µm
signal_processor_x_inst/_065_,7.33µm
signal_processor_x_inst/_107_,7.33µm
spi_regs_inst/_0083_,7.33µm
spi_regs_inst/_0102_,7.33µm
spi_regs_inst/_0111_,7.33µm
spi_regs_inst/_0136_,7.33µm
spi_regs_inst/_0163_,7.33µm
spi_regs_inst/_0199_,7.33µm
spi_regs_inst/_0289_,7.33µm
spi_regs_inst/_0332_,7.33µm
spi_regs_inst/_0521_,7.33µm
spi_regs_inst/reg_wr_data\[7\],7.33µm
wave_controller_x_inst/_0140_,7.33µm
wave_controller_x_inst/_0203_,7.33µm
wave_controller_x_inst/_0245_,7.33µm
wave_controller_x_inst/_0350_,7.33µm
wave_controller_x_inst/_0589_,7.33µm
wave_controller_x_inst/_0731_,7.33µm
wave_controller_x_inst/_0763_,7.33µm
wave_controller_x_inst/_1402_,7.33µm
wave_controller_x_inst/_1658_,7.33µm
wave_controller_y_inst/_0007_,7.33µm
wave_controller_y_inst/_0015_,7.33µm
wave_controller_y_inst/_0024_,7.33µm
wave_controller_y_inst/_0273_,7.33µm
wave_controller_y_inst/_0472_,7.33µm
wave_controller_y_inst/_0504_,7.33µm
wave_controller_y_inst/_0771_,7.33µm
wave_controller_y_inst/_0798_,7.33µm
wave_controller_y_inst/_0877_,7.33µm
wave_controller_y_inst/_1027_,7.33µm
wave_controller_y_inst/_1048_,7.33µm
wave_controller_y_inst/_1168_,7.33µm
wave_controller_y_inst/_1427_,7.33µm
wave_controller_y_inst/_1565_,7.33µm
signal_processor_x_inst/_034_,7.28µm
signal_processor_x_inst/s270_pipe\[1\],7.28µm
signal_processor_y_inst/_002_,7.28µm
signal_processor_y_inst/_010_,7.28µm
signal_processor_y_inst/_037_,7.28µm
signal_processor_y_inst/_093_,7.28µm
spi_regs_inst/_0026_,7.28µm
spi_regs_inst/_0034_,7.28µm
spi_regs_inst/_0090_,7.28µm
spi_regs_inst/_0093_,7.28µm
spi_regs_inst/_0149_,7.28µm
spi_regs_inst/_0159_,7.28µm
spi_regs_inst/_0174_,7.28µm
spi_regs_inst/_0176_,7.28µm
spi_regs_inst/_0177_,7.28µm
spi_regs_inst/_0180_,7.28µm
spi_regs_inst/_0192_,7.28µm
spi_regs_inst/_0331_,7.28µm
spi_regs_inst/_0338_,7.28µm
spi_regs_inst/_0360_,7.28µm
spi_regs_inst/_0475_,7.28µm
spi_regs_inst/_0508_,7.28µm
wave_controller_x_inst/_0017_,7.28µm
wave_controller_x_inst/_0032_,7.28µm
wave_controller_x_inst/_0093_,7.28µm
wave_controller_x_inst/_0116_,7.28µm
wave_controller_x_inst/_0119_,7.28µm
wave_controller_x_inst/_0125_,7.28µm
wave_controller_x_inst/_0127_,7.28µm
wave_controller_x_inst/_0228_,7.28µm
wave_controller_x_inst/_0237_,7.28µm
wave_controller_x_inst/_0338_,7.28µm
wave_controller_x_inst/_0508_,7.28µm
wave_controller_x_inst/_0582_,7.28µm
wave_controller_x_inst/_0593_,7.28µm
wave_controller_x_inst/_0604_,7.28µm
wave_controller_x_inst/_0709_,7.28µm
wave_controller_x_inst/_0724_,7.28µm
wave_controller_x_inst/_0733_,7.28µm
wave_controller_x_inst/_0817_,7.28µm
wave_controller_x_inst/_0910_,7.28µm
wave_controller_x_inst/_0934_,7.28µm
wave_controller_x_inst/_0970_,7.28µm
wave_controller_x_inst/_0973_,7.28µm
wave_controller_x_inst/_0993_,7.28µm
wave_controller_x_inst/_1030_,7.28µm
wave_controller_x_inst/_1058_,7.28µm
wave_controller_x_inst/_1064_,7.28µm
wave_controller_x_inst/_1100_,7.28µm
wave_controller_x_inst/_1115_,7.28µm
wave_controller_x_inst/_1116_,7.28µm
wave_controller_x_inst/_1174_,7.28µm
wave_controller_x_inst/_1345_,7.28µm
wave_controller_x_inst/_1499_,7.28µm
wave_controller_x_inst/_1524_,7.28µm
wave_controller_x_inst/_1559_,7.28µm
wave_controller_x_inst/_1578_,7.28µm
wave_controller_x_inst/_1657_,7.28µm
wave_controller_x_inst/_1685_,7.28µm
wave_controller_x_inst/_1693_,7.28µm
wave_controller_x_inst/_1706_,7.28µm
wave_controller_y_inst/_0030_,7.28µm
wave_controller_y_inst/_0060_,7.28µm
wave_controller_y_inst/_0096_,7.28µm
wave_controller_y_inst/_0113_,7.28µm
wave_controller_y_inst/_0158_,7.28µm
wave_controller_y_inst/_0437_,7.28µm
wave_controller_y_inst/_0456_,7.28µm
wave_controller_y_inst/_0474_,7.28µm
wave_controller_y_inst/_0495_,7.28µm
wave_controller_y_inst/_0595_,7.28µm
wave_controller_y_inst/_0596_,7.28µm
wave_controller_y_inst/_0603_,7.28µm
wave_controller_y_inst/_0968_,7.28µm
wave_controller_y_inst/_1010_,7.28µm
wave_controller_y_inst/_1028_,7.28µm
wave_controller_y_inst/_1092_,7.28µm
wave_controller_y_inst/_1098_,7.28µm
wave_controller_y_inst/_1144_,7.28µm
wave_controller_y_inst/_1146_,7.28µm
wave_controller_y_inst/_1173_,7.28µm
wave_controller_y_inst/_1352_,7.28µm
wave_controller_y_inst/_1455_,7.28µm
wave_controller_y_inst/_1477_,7.28µm
wave_controller_y_inst/_1576_,7.28µm
wave_controller_y_inst/_1654_,7.28µm
wave_controller_y_inst/_1657_,7.28µm
wave_controller_y_inst/_1713_,7.28µm
wave_controller_y_inst/net53,7.28µm
wave_controller_x_inst/_0990_,6.87µm
wave_controller_x_inst/_1680_,6.87µm
wave_controller_y_inst/_1330_,6.87µm
spi_regs_inst/_0333_,6.82µm
spi_regs_inst/_0437_,6.82µm
spi_regs_inst/_0468_,6.82µm
wave_controller_x_inst/_0221_,6.82µm
wave_controller_x_inst/_0292_,6.82µm
wave_controller_x_inst/_0432_,6.82µm
wave_controller_x_inst/_0512_,6.82µm
wave_controller_x_inst/_0792_,6.82µm
wave_controller_x_inst/_0905_,6.82µm
wave_controller_x_inst/_1263_,6.82µm
wave_controller_x_inst/_1489_,6.82µm
wave_controller_x_inst/_1694_,6.82µm
wave_controller_x_inst/_1749_,6.82µm
wave_controller_y_inst/_0688_,6.82µm
wave_controller_y_inst/_0958_,6.82µm
wave_controller_y_inst/_0970_,6.82µm
wave_controller_y_inst/_1372_,6.82µm
wave_controller_y_inst/_1396_,6.82µm
wave_controller_y_inst/_1486_,6.82µm
raw_edge3_x\[1\],6.77µm
signal_processor_x_inst/_009_,6.77µm
signal_processor_x_inst/_027_,6.77µm
signal_processor_y_inst/_024_,6.77µm
signal_processor_y_inst/_027_,6.77µm
spi_regs_inst/_0052_,6.77µm
spi_regs_inst/_0067_,6.77µm
spi_regs_inst/_0091_,6.77µm
spi_regs_inst/_0129_,6.77µm
spi_regs_inst/_0269_,6.77µm
spi_regs_inst/_0370_,6.77µm
spi_regs_inst/_0418_,6.77µm
spi_regs_inst/_0472_,6.77µm
wave_controller_x_inst/_0168_,6.77µm
wave_controller_x_inst/_0174_,6.77µm
wave_controller_x_inst/_0207_,6.77µm
wave_controller_x_inst/_0303_,6.77µm
wave_controller_x_inst/_0509_,6.77µm
wave_controller_x_inst/_0658_,6.77µm
wave_controller_x_inst/_0791_,6.77µm
wave_controller_x_inst/_1041_,6.77µm
wave_controller_x_inst/_1094_,6.77µm
wave_controller_x_inst/_1193_,6.77µm
wave_controller_x_inst/_1343_,6.77µm
wave_controller_x_inst/_1421_,6.77µm
wave_controller_x_inst/_1652_,6.77µm
wave_controller_y_inst/_0017_,6.77µm
wave_controller_y_inst/_0022_,6.77µm
wave_controller_y_inst/_0065_,6.77µm
wave_controller_y_inst/_0067_,6.77µm
wave_controller_y_inst/_0098_,6.77µm
wave_controller_y_inst/_0125_,6.77µm
wave_controller_y_inst/_0135_,6.77µm
wave_controller_y_inst/_0270_,6.77µm
wave_controller_y_inst/_0427_,6.77µm
wave_controller_y_inst/_0638_,6.77µm
wave_controller_y_inst/_0973_,6.77µm
wave_controller_y_inst/_1150_,6.77µm
wave_controller_y_inst/_1156_,6.77µm
wave_controller_y_inst/_1157_,6.77µm
wave_controller_y_inst/_1450_,6.77µm
wave_controller_y_inst/_1490_,6.77µm
wave_controller_y_inst/_1737_,6.77µm
cal_phase0_offset_x\[20\],6.72µm
signal_processor_x_inst/_025_,6.72µm
signal_processor_x_inst/s90_pipe\[0\],6.72µm
signal_processor_y_inst/_097_,6.72µm
spi_regs_inst/_0014_,6.72µm
spi_regs_inst/_0022_,6.72µm
spi_regs_inst/_0023_,6.72µm
spi_regs_inst/_0028_,6.72µm
spi_regs_inst/_0057_,6.72µm
spi_regs_inst/_0065_,6.72µm
spi_regs_inst/_0069_,6.72µm
spi_regs_inst/_0127_,6.72µm
spi_regs_inst/_0161_,6.72µm
spi_regs_inst/_0168_,6.72µm
spi_regs_inst/_0178_,6.72µm
spi_regs_inst/_0185_,6.72µm
spi_regs_inst/_0197_,6.72µm
spi_regs_inst/_0499_,6.72µm
spi_regs_inst/_0555_,6.72µm
wave_controller_x_inst/_0012_,6.72µm
wave_controller_x_inst/_0074_,6.72µm
wave_controller_x_inst/_0076_,6.72µm
wave_controller_x_inst/_0097_,6.72µm
wave_controller_x_inst/_0450_,6.72µm
wave_controller_x_inst/_0474_,6.72µm
wave_controller_x_inst/_0548_,6.72µm
wave_controller_x_inst/_0625_,6.72µm
wave_controller_x_inst/_0663_,6.72µm
wave_controller_x_inst/_0755_,6.72µm
wave_controller_x_inst/_0931_,6.72µm
wave_controller_x_inst/_0986_,6.72µm
wave_controller_x_inst/_1033_,6.72µm
wave_controller_x_inst/_1111_,6.72µm
wave_controller_x_inst/_1177_,6.72µm
wave_controller_x_inst/_1231_,6.72µm
wave_controller_x_inst/_1240_,6.72µm
wave_controller_x_inst/_1506_,6.72µm
wave_controller_x_inst/_1533_,6.72µm
wave_controller_x_inst/_1582_,6.72µm
wave_controller_x_inst/_1609_,6.72µm
wave_controller_y_inst/_0041_,6.72µm
wave_controller_y_inst/_0046_,6.72µm
wave_controller_y_inst/_0140_,6.72µm
wave_controller_y_inst/_0163_,6.72µm
wave_controller_y_inst/_0258_,6.72µm
wave_controller_y_inst/_0283_,6.72µm
wave_controller_y_inst/_0310_,6.72µm
wave_controller_y_inst/_0323_,6.72µm
wave_controller_y_inst/_0362_,6.72µm
wave_controller_y_inst/_0366_,6.72µm
wave_controller_y_inst/_0381_,6.72µm
wave_controller_y_inst/_0387_,6.72µm
wave_controller_y_inst/_0388_,6.72µm
wave_controller_y_inst/_0421_,6.72µm
wave_controller_y_inst/_0553_,6.72µm
wave_controller_y_inst/_0666_,6.72µm
wave_controller_y_inst/_0758_,6.72µm
wave_controller_y_inst/_0761_,6.72µm
wave_controller_y_inst/_0787_,6.72µm
wave_controller_y_inst/_0817_,6.72µm
wave_controller_y_inst/_0848_,6.72µm
wave_controller_y_inst/_0850_,6.72µm
wave_controller_y_inst/_0896_,6.72µm
wave_controller_y_inst/_0919_,6.72µm
wave_controller_y_inst/_0997_,6.72µm
wave_controller_y_inst/_1020_,6.72µm
wave_controller_y_inst/_1035_,6.72µm
wave_controller_y_inst/_1065_,6.72µm
wave_controller_y_inst/_1090_,6.72µm
wave_controller_y_inst/_1127_,6.72µm
wave_controller_y_inst/_1176_,6.72µm
wave_controller_y_inst/_1186_,6.72µm
wave_controller_y_inst/_1337_,6.72µm
wave_controller_y_inst/_1582_,6.72µm
wave_controller_y_inst/_1627_,6.72µm
wave_controller_y_inst/_1689_,6.72µm
wave_controller_y_inst/_1692_,6.72µm
wave_controller_y_inst/_1719_,6.72µm
wave_controller_y_inst/_1724_,6.72µm
wave_controller_y_inst/_1752_,6.72µm
wave_controller_y_inst/net1169,6.72µm
wave_controller_y_inst/_0369_,6.31µm
signal_processor_x_inst/_014_,6.26µm
signal_processor_x_inst/_015_,6.26µm
signal_processor_y_inst/_039_,6.26µm
signal_processor_y_inst/_040_,6.26µm
signal_processor_y_inst/_106_,6.26µm
spi_regs_inst/_0640_,6.26µm
wave_controller_x_inst/_0044_,6.26µm
wave_controller_x_inst/_0224_,6.26µm
wave_controller_x_inst/_0368_,6.26µm
wave_controller_x_inst/_0951_,6.26µm
wave_controller_x_inst/_0985_,6.26µm
wave_controller_x_inst/_1158_,6.26µm
wave_controller_x_inst/_1395_,6.26µm
wave_controller_x_inst/_1567_,6.26µm
wave_controller_x_inst/_1702_,6.26µm
wave_controller_y_inst/_0104_,6.26µm
wave_controller_y_inst/_0279_,6.26µm
wave_controller_y_inst/_0479_,6.26µm
wave_controller_y_inst/_0497_,6.26µm
wave_controller_y_inst/_0693_,6.26µm
wave_controller_y_inst/_0802_,6.26µm
wave_controller_y_inst/_0874_,6.26µm
wave_controller_y_inst/_1016_,6.26µm
signal_processor_y_inst/_099_,6.21µm
spi_regs_inst/_0033_,6.21µm
spi_regs_inst/_0059_,6.21µm
spi_regs_inst/_0096_,6.21µm
spi_regs_inst/_0145_,6.21µm
spi_regs_inst/_0200_,6.21µm
spi_regs_inst/_0253_,6.21µm
spi_regs_inst/_0365_,6.21µm
spi_regs_inst/_0389_,6.21µm
spi_regs_inst/_0398_,6.21µm
spi_regs_inst/_0404_,6.21µm
spi_regs_inst/_0447_,6.21µm
spi_regs_inst/_0501_,6.21µm
spi_regs_inst/_0553_,6.21µm
wave_controller_x_inst/_0059_,6.21µm
wave_controller_x_inst/_0060_,6.21µm
wave_controller_x_inst/_0068_,6.21µm
wave_controller_x_inst/_0080_,6.21µm
wave_controller_x_inst/_0083_,6.21µm
wave_controller_x_inst/_0098_,6.21µm
wave_controller_x_inst/_0319_,6.21µm
wave_controller_x_inst/_0478_,6.21µm
wave_controller_x_inst/_0865_,6.21µm
wave_controller_x_inst/_1149_,6.21µm
wave_controller_x_inst/_1159_,6.21µm
wave_controller_x_inst/_1338_,6.21µm
wave_controller_x_inst/_1470_,6.21µm
wave_controller_y_inst/_0064_,6.21µm
wave_controller_y_inst/_0078_,6.21µm
wave_controller_y_inst/_0083_,6.21µm
wave_controller_y_inst/_0400_,6.21µm
wave_controller_y_inst/_0626_,6.21µm
wave_controller_y_inst/_1342_,6.21µm
wave_controller_y_inst/_1469_,6.21µm
signal_processor_x_inst/_043_,6.16µm
signal_processor_x_inst/_071_,6.16µm
signal_processor_x_inst/_075_,6.16µm
signal_processor_y_inst/_000_,6.16µm
signal_processor_y_inst/_021_,6.16µm
signal_processor_y_inst/_035_,6.16µm
signal_processor_y_inst/_067_,6.16µm
spi_regs_inst/_0257_,6.16µm
spi_regs_inst/_0424_,6.16µm
spi_regs_inst/_0465_,6.16µm
spi_regs_inst/_0551_,6.16µm
spi_regs_inst/_0634_,6.16µm
wave_controller_x_inst/_0256_,6.16µm
wave_controller_x_inst/_0277_,6.16µm
wave_controller_x_inst/_0297_,6.16µm
wave_controller_x_inst/_0333_,6.16µm
wave_controller_x_inst/_0369_,6.16µm
wave_controller_x_inst/_0394_,6.16µm
wave_controller_x_inst/_0458_,6.16µm
wave_controller_x_inst/_0671_,6.16µm
wave_controller_x_inst/_0688_,6.16µm
wave_controller_x_inst/_0716_,6.16µm
wave_controller_x_inst/_0786_,6.16µm
wave_controller_x_inst/_0874_,6.16µm
wave_controller_x_inst/_0879_,6.16µm
wave_controller_x_inst/_1073_,6.16µm
wave_controller_x_inst/_1085_,6.16µm
wave_controller_x_inst/_1264_,6.16µm
wave_controller_x_inst/_1366_,6.16µm
wave_controller_x_inst/_1596_,6.16µm
wave_controller_x_inst/_1604_,6.16µm
wave_controller_x_inst/_1688_,6.16µm
wave_controller_x_inst/_1689_,6.16µm
wave_controller_x_inst/_1714_,6.16µm
wave_controller_y_inst/_0031_,6.16µm
wave_controller_y_inst/_0077_,6.16µm
wave_controller_y_inst/_0100_,6.16µm
wave_controller_y_inst/_0118_,6.16µm
wave_controller_y_inst/_0119_,6.16µm
wave_controller_y_inst/_0139_,6.16µm
wave_controller_y_inst/_0167_,6.16µm
wave_controller_y_inst/_0200_,6.16µm
wave_controller_y_inst/_0281_,6.16µm
wave_controller_y_inst/_0422_,6.16µm
wave_controller_y_inst/_0562_,6.16µm
wave_controller_y_inst/_0581_,6.16µm
wave_controller_y_inst/_0650_,6.16µm
wave_controller_y_inst/_0752_,6.16µm
wave_controller_y_inst/_0772_,6.16µm
wave_controller_y_inst/_0828_,6.16µm
wave_controller_y_inst/_0884_,6.16µm
wave_controller_y_inst/_0929_,6.16µm
wave_controller_y_inst/_0984_,6.16µm
wave_controller_y_inst/_1012_,6.16µm
wave_controller_y_inst/_1056_,6.16µm
wave_controller_y_inst/_1077_,6.16µm
wave_controller_y_inst/_1163_,6.16µm
wave_controller_y_inst/_1181_,6.16µm
wave_controller_y_inst/_1198_,6.16µm
wave_controller_y_inst/_1347_,6.16µm
wave_controller_y_inst/_1447_,6.16µm
wave_controller_y_inst/_1626_,6.16µm
wave_controller_y_inst/_1638_,6.16µm
wave_controller_y_inst/_1675_,6.16µm
wave_controller_x_inst/net674,6.16µm
wave_controller_y_inst/_0790_,5.88µm
wave_controller_y_inst/_0392_,5.75µm
signal_processor_x_inst/_060_,5.7µm
signal_processor_y_inst/_033_,5.7µm
spi_regs_inst/_0128_,5.7µm
spi_regs_inst/_0132_,5.7µm
spi_regs_inst/_0240_,5.7µm
spi_regs_inst/_0496_,5.7µm
spi_regs_inst/_0520_,5.7µm
spi_regs_inst/_0543_,5.7µm
wave_controller_x_inst/_0473_,5.7µm
wave_controller_x_inst/_0591_,5.7µm
wave_controller_x_inst/_0661_,5.7µm
wave_controller_x_inst/_0871_,5.7µm
wave_controller_x_inst/_0919_,5.7µm
wave_controller_x_inst/_1075_,5.7µm
wave_controller_x_inst/_1348_,5.7µm
wave_controller_x_inst/_1486_,5.7µm
wave_controller_x_inst/_1580_,5.7µm
wave_controller_x_inst/_1713_,5.7µm
wave_controller_y_inst/_0586_,5.7µm
wave_controller_y_inst/_1049_,5.7µm
wave_controller_y_inst/_1106_,5.7µm
wave_controller_y_inst/_1574_,5.7µm
wave_controller_y_inst/_1706_,5.7µm
signal_processor_x_inst/_022_,5.65µm
spi_regs_inst/_0005_,5.65µm
spi_regs_inst/_0024_,5.65µm
spi_regs_inst/_0027_,5.65µm
spi_regs_inst/_0062_,5.65µm
spi_regs_inst/_0130_,5.65µm
spi_regs_inst/_0157_,5.65µm
spi_regs_inst/_0170_,5.65µm
spi_regs_inst/_0181_,5.65µm
spi_regs_inst/_0310_,5.65µm
spi_regs_inst/_0346_,5.65µm
spi_regs_inst/_0362_,5.65µm
spi_regs_inst/_0374_,5.65µm
spi_regs_inst/_0455_,5.65µm
spi_regs_inst/_0518_,5.65µm
spi_regs_inst/_0636_,5.65µm
state_machine_inst/_13_,5.65µm
wave_controller_x_inst/_0020_,5.65µm
wave_controller_x_inst/_0063_,5.65µm
wave_controller_x_inst/_0126_,5.65µm
wave_controller_x_inst/_0131_,5.65µm
wave_controller_x_inst/_0686_,5.65µm
wave_controller_x_inst/_0834_,5.65µm
wave_controller_x_inst/_0854_,5.65µm
wave_controller_x_inst/_1090_,5.65µm
wave_controller_x_inst/_1123_,5.65µm
wave_controller_x_inst/_1131_,5.65µm
wave_controller_x_inst/_1347_,5.65µm
wave_controller_x_inst/_1367_,5.65µm
wave_controller_x_inst/_1584_,5.65µm
wave_controller_y_inst/_0000_,5.65µm
wave_controller_y_inst/_0037_,5.65µm
wave_controller_y_inst/_0047_,5.65µm
wave_controller_y_inst/_0066_,5.65µm
wave_controller_y_inst/_0073_,5.65µm
wave_controller_y_inst/_0092_,5.65µm
wave_controller_y_inst/_0168_,5.65µm
wave_controller_y_inst/_0194_,5.65µm
wave_controller_y_inst/_0416_,5.65µm
wave_controller_y_inst/_0450_,5.65µm
wave_controller_y_inst/_0528_,5.65µm
wave_controller_y_inst/_0822_,5.65µm
wave_controller_y_inst/_0873_,5.65µm
wave_controller_y_inst/_0899_,5.65µm
wave_controller_y_inst/_1066_,5.65µm
wave_controller_y_inst/_1071_,5.65µm
wave_controller_y_inst/_1165_,5.65µm
wave_controller_y_inst/_1318_,5.65µm
wave_controller_y_inst/_1664_,5.65µm
signal_processor_x_inst/_029_,5.6µm
signal_processor_x_inst/_037_,5.6µm
signal_processor_x_inst/_069_,5.6µm
signal_processor_x_inst/_077_,5.6µm
signal_processor_x_inst/_090_,5.6µm
signal_processor_x_inst/_095_,5.6µm
signal_processor_y_inst/_047_,5.6µm
signal_processor_y_inst/comp_pipe\[2\],5.6µm
spi_regs_inst/_0086_,5.6µm
spi_regs_inst/_0143_,5.6µm
spi_regs_inst/_0190_,5.6µm
spi_regs_inst/_0300_,5.6µm
spi_regs_inst/_0342_,5.6µm
spi_regs_inst/_0373_,5.6µm
spi_regs_inst/_0382_,5.6µm
spi_regs_inst/_0479_,5.6µm
spi_regs_inst/_0487_,5.6µm
wave_controller_x_inst/_0002_,5.6µm
wave_controller_x_inst/_0003_,5.6µm
wave_controller_x_inst/_0013_,5.6µm
wave_controller_x_inst/_0110_,5.6µm
wave_controller_x_inst/_0226_,5.6µm
wave_controller_x_inst/_0401_,5.6µm
wave_controller_x_inst/_0412_,5.6µm
wave_controller_x_inst/_0504_,5.6µm
wave_controller_x_inst/_0507_,5.6µm
wave_controller_x_inst/_0734_,5.6µm
wave_controller_x_inst/_0900_,5.6µm
wave_controller_x_inst/_0977_,5.6µm
wave_controller_x_inst/_1031_,5.6µm
wave_controller_x_inst/_1065_,5.6µm
wave_controller_x_inst/_1147_,5.6µm
wave_controller_x_inst/_1164_,5.6µm
wave_controller_x_inst/_1258_,5.6µm
wave_controller_x_inst/_1260_,5.6µm
wave_controller_x_inst/_1551_,5.6µm
wave_controller_x_inst/_1625_,5.6µm
wave_controller_x_inst/_1745_,5.6µm
wave_controller_y_inst/_0028_,5.6µm
wave_controller_y_inst/_0034_,5.6µm
wave_controller_y_inst/_0114_,5.6µm
wave_controller_y_inst/_0115_,5.6µm
wave_controller_y_inst/_0336_,5.6µm
wave_controller_y_inst/_0473_,5.6µm
wave_controller_y_inst/_0808_,5.6µm
wave_controller_y_inst/_0865_,5.6µm
wave_controller_y_inst/_0869_,5.6µm
wave_controller_y_inst/_1031_,5.6µm
wave_controller_y_inst/_1070_,5.6µm
wave_controller_y_inst/_1100_,5.6µm
wave_controller_y_inst/_1172_,5.6µm
wave_controller_y_inst/_1194_,5.6µm
wave_controller_y_inst/_1610_,5.6µm
wave_controller_y_inst/net823,5.6µm
signal_processor_x_inst/_096_,5.14µm
spi_regs_inst/_0316_,5.14µm
wave_controller_x_inst/_0230_,5.14µm
wave_controller_x_inst/_0958_,5.14µm
wave_controller_x_inst/_1087_,5.14µm
wave_controller_x_inst/_1178_,5.14µm
wave_controller_x_inst/_1397_,5.14µm
wave_controller_x_inst/_1398_,5.14µm
wave_controller_x_inst/_1535_,5.14µm
wave_controller_y_inst/_0039_,5.14µm
wave_controller_y_inst/_0870_,5.14µm
wave_controller_y_inst/_1064_,5.14µm
wave_controller_y_inst/_1109_,5.14µm
wave_controller_y_inst/_1359_,5.14µm
wave_controller_x_inst/_0090_,5.1µm
wave_controller_x_inst/_0111_,5.1µm
raw_edge3_y\[0\],5.09µm
signal_processor_y_inst/_008_,5.09µm
signal_processor_y_inst/_081_,5.09µm
signal_processor_y_inst/comp_pipe\[1\],5.09µm
spi_regs_inst/_0009_,5.09µm
spi_regs_inst/_0036_,5.09µm
spi_regs_inst/_0058_,5.09µm
spi_regs_inst/_0080_,5.09µm
spi_regs_inst/_0134_,5.09µm
wave_controller_x_inst/_0194_,5.09µm
wave_controller_x_inst/_0294_,5.09µm
wave_controller_x_inst/_0364_,5.09µm
wave_controller_x_inst/_0537_,5.09µm
wave_controller_x_inst/_0584_,5.09µm
wave_controller_x_inst/_0626_,5.09µm
wave_controller_x_inst/_1082_,5.09µm
wave_controller_x_inst/_1133_,5.09µm
wave_controller_x_inst/_1408_,5.09µm
wave_controller_x_inst/_1427_,5.09µm
wave_controller_y_inst/_0038_,5.09µm
wave_controller_y_inst/_0076_,5.09µm
wave_controller_y_inst/_0134_,5.09µm
wave_controller_y_inst/_0195_,5.09µm
wave_controller_y_inst/_0319_,5.09µm
wave_controller_y_inst/_0961_,5.09µm
wave_controller_y_inst/_1045_,5.09µm
wave_controller_y_inst/_1062_,5.09µm
wave_controller_y_inst/_1166_,5.09µm
wave_controller_y_inst/_1411_,5.09µm
wave_controller_y_inst/_1476_,5.09µm
net15,5.04µm
signal_processor_x_inst/_012_,5.04µm
signal_processor_x_inst/_035_,5.04µm
signal_processor_x_inst/_056_,5.04µm
signal_processor_x_inst/_085_,5.04µm
signal_processor_x_inst/comp_pipe\[2\],5.04µm
signal_processor_y_inst/_016_,5.04µm
spi_regs_inst/_0006_,5.04µm
spi_regs_inst/_0010_,5.04µm
spi_regs_inst/_0012_,5.04µm
spi_regs_inst/_0029_,5.04µm
spi_regs_inst/_0037_,5.04µm
spi_regs_inst/_0040_,5.04µm
spi_regs_inst/_0044_,5.04µm
spi_regs_inst/_0054_,5.04µm
spi_regs_inst/_0056_,5.04µm
spi_regs_inst/_0079_,5.04µm
spi_regs_inst/_0089_,5.04µm
spi_regs_inst/_0106_,5.04µm
spi_regs_inst/_0108_,5.04µm
spi_regs_inst/_0144_,5.04µm
spi_regs_inst/_0198_,5.04µm
spi_regs_inst/_0246_,5.04µm
spi_regs_inst/_0349_,5.04µm
spi_regs_inst/_0425_,5.04µm
state_machine_inst/_09_,5.04µm
wave_controller_x_inst/_0035_,5.04µm
wave_controller_x_inst/_0057_,5.04µm
wave_controller_x_inst/_0065_,5.04µm
wave_controller_x_inst/_0075_,5.04µm
wave_controller_x_inst/_0081_,5.04µm
wave_controller_x_inst/_0092_,5.04µm
wave_controller_x_inst/_0281_,5.04µm
wave_controller_x_inst/_0301_,5.04µm
wave_controller_x_inst/_0363_,5.04µm
wave_controller_x_inst/_0383_,5.04µm
wave_controller_x_inst/_0402_,5.04µm
wave_controller_x_inst/_0743_,5.04µm
wave_controller_x_inst/_0747_,5.04µm
wave_controller_x_inst/_0830_,5.04µm
wave_controller_x_inst/_0889_,5.04µm
wave_controller_x_inst/_0902_,5.04µm
wave_controller_x_inst/_0908_,5.04µm
wave_controller_x_inst/_0998_,5.04µm
wave_controller_x_inst/_1017_,5.04µm
wave_controller_x_inst/_1070_,5.04µm
wave_controller_x_inst/_1084_,5.04µm
wave_controller_x_inst/_1127_,5.04µm
wave_controller_x_inst/_1182_,5.04µm
wave_controller_x_inst/_1548_,5.04µm
wave_controller_x_inst/_1574_,5.04µm
wave_controller_x_inst/_1602_,5.04µm
wave_controller_x_inst/_1622_,5.04µm
wave_controller_x_inst/_1649_,5.04µm
wave_controller_x_inst/_1668_,5.04µm
wave_controller_y_inst/_0026_,5.04µm
wave_controller_y_inst/_0074_,5.04µm
wave_controller_y_inst/_0093_,5.04µm
wave_controller_y_inst/_0121_,5.04µm
wave_controller_y_inst/_0523_,5.04µm
wave_controller_y_inst/_0716_,5.04µm
wave_controller_y_inst/_0725_,5.04µm
wave_controller_y_inst/_0729_,5.04µm
wave_controller_y_inst/_0809_,5.04µm
wave_controller_y_inst/_0872_,5.04µm
wave_controller_y_inst/_0903_,5.04µm
wave_controller_y_inst/_1063_,5.04µm
wave_controller_y_inst/_1104_,5.04µm
wave_controller_y_inst/_1123_,5.04µm
wave_controller_y_inst/_1169_,5.04µm
wave_controller_y_inst/_1240_,5.04µm
wave_controller_y_inst/_1475_,5.04µm
wave_controller_y_inst/_1480_,5.04µm
wave_controller_x_inst/net98,5.04µm
signal_processor_x_inst/_040_,4.58µm
signal_processor_y_inst/_090_,4.58µm
spi_regs_inst/_0302_,4.58µm
spi_regs_inst/_0433_,4.58µm
spi_regs_inst/_0526_,4.58µm
spi_regs_inst/_0537_,4.58µm
spi_regs_inst/_0635_,4.58µm
wave_controller_x_inst/_0011_,4.58µm
wave_controller_x_inst/_0054_,4.58µm
wave_controller_x_inst/_1120_,4.58µm
wave_controller_x_inst/_1247_,4.58µm
wave_controller_x_inst/_1339_,4.58µm
wave_controller_x_inst/_1496_,4.58µm
wave_controller_y_inst/_0446_,4.58µm
wave_controller_y_inst/_0546_,4.58µm
wave_controller_y_inst/_0627_,4.58µm
wave_controller_y_inst/_0845_,4.58µm
wave_controller_y_inst/_1114_,4.58µm
wave_controller_y_inst/_1149_,4.58µm
wave_controller_y_inst/_1280_,4.58µm
signal_processor_x_inst/_003_,4.53µm
spi_regs_inst/_0049_,4.53µm
spi_regs_inst/_0055_,4.53µm
spi_regs_inst/_0194_,4.53µm
spi_regs_inst/_0203_,4.53µm
spi_regs_inst/_0249_,4.53µm
spi_regs_inst/_0547_,4.53µm
wave_controller_x_inst/_0525_,4.53µm
wave_controller_x_inst/_0850_,4.53µm
wave_controller_x_inst/_1146_,4.53µm
wave_controller_x_inst/_1163_,4.53µm
wave_controller_x_inst/_1485_,4.53µm
wave_controller_y_inst/_0033_,4.53µm
wave_controller_y_inst/_0054_,4.53µm
wave_controller_y_inst/_0257_,4.53µm
wave_controller_y_inst/_0498_,4.53µm
wave_controller_y_inst/_0501_,4.53µm
wave_controller_y_inst/_0604_,4.53µm
wave_controller_y_inst/_0691_,4.53µm
wave_controller_y_inst/_0726_,4.53µm
wave_controller_y_inst/_0791_,4.53µm
wave_controller_y_inst/_1130_,4.53µm
wave_controller_y_inst/_1648_,4.53µm
signal_processor_x_inst/_004_,4.48µm
signal_processor_x_inst/_010_,4.48µm
signal_processor_x_inst/_086_,4.48µm
signal_processor_y_inst/_031_,4.48µm
signal_processor_y_inst/_065_,4.48µm
signal_processor_y_inst/_069_,4.48µm
spi_regs_inst/_0016_,4.48µm
spi_regs_inst/_0017_,4.48µm
spi_regs_inst/_0035_,4.48µm
spi_regs_inst/_0038_,4.48µm
spi_regs_inst/_0068_,4.48µm
spi_regs_inst/_0085_,4.48µm
spi_regs_inst/_0112_,4.48µm
spi_regs_inst/_0120_,4.48µm
spi_regs_inst/_0138_,4.48µm
spi_regs_inst/_0160_,4.48µm
spi_regs_inst/_0233_,4.48µm
spi_regs_inst/_0273_,4.48µm
spi_regs_inst/_0392_,4.48µm
spi_regs_inst/_0453_,4.48µm
wave_controller_x_inst/_0050_,4.48µm
wave_controller_x_inst/_0082_,4.48µm
wave_controller_x_inst/_0096_,4.48µm
wave_controller_x_inst/_0109_,4.48µm
wave_controller_x_inst/_0120_,4.48µm
wave_controller_x_inst/_0153_,4.48µm
wave_controller_x_inst/_0175_,4.48µm
wave_controller_x_inst/_0381_,4.48µm
wave_controller_x_inst/_0431_,4.48µm
wave_controller_x_inst/_0442_,4.48µm
wave_controller_x_inst/_0518_,4.48µm
wave_controller_x_inst/_0541_,4.48µm
wave_controller_x_inst/_0551_,4.48µm
wave_controller_x_inst/_0555_,4.48µm
wave_controller_x_inst/_0571_,4.48µm
wave_controller_x_inst/_0592_,4.48µm
wave_controller_x_inst/_0605_,4.48µm
wave_controller_x_inst/_0772_,4.48µm
wave_controller_x_inst/_0775_,4.48µm
wave_controller_x_inst/_0826_,4.48µm
wave_controller_x_inst/_0842_,4.48µm
wave_controller_x_inst/_0876_,4.48µm
wave_controller_x_inst/_1008_,4.48µm
wave_controller_x_inst/_1043_,4.48µm
wave_controller_x_inst/_1047_,4.48µm
wave_controller_x_inst/_1114_,4.48µm
wave_controller_x_inst/_1165_,4.48µm
wave_controller_x_inst/_1390_,4.48µm
wave_controller_x_inst/_1450_,4.48µm
wave_controller_x_inst/_1466_,4.48µm
wave_controller_x_inst/_1503_,4.48µm
wave_controller_x_inst/_1525_,4.48µm
wave_controller_x_inst/_1537_,4.48µm
wave_controller_x_inst/_1699_,4.48µm
wave_controller_y_inst/_0020_,4.48µm
wave_controller_y_inst/_0036_,4.48µm
wave_controller_y_inst/_0063_,4.48µm
wave_controller_y_inst/_0085_,4.48µm
wave_controller_y_inst/_0090_,4.48µm
wave_controller_y_inst/_0097_,4.48µm
wave_controller_y_inst/_0112_,4.48µm
wave_controller_y_inst/_0238_,4.48µm
wave_controller_y_inst/_0244_,4.48µm
wave_controller_y_inst/_0261_,4.48µm
wave_controller_y_inst/_0303_,4.48µm
wave_controller_y_inst/_0328_,4.48µm
wave_controller_y_inst/_0363_,4.48µm
wave_controller_y_inst/_0383_,4.48µm
wave_controller_y_inst/_0439_,4.48µm
wave_controller_y_inst/_0507_,4.48µm
wave_controller_y_inst/_0633_,4.48µm
wave_controller_y_inst/_0635_,4.48µm
wave_controller_y_inst/_0690_,4.48µm
wave_controller_y_inst/_0763_,4.48µm
wave_controller_y_inst/_0775_,4.48µm
wave_controller_y_inst/_0859_,4.48µm
wave_controller_y_inst/_0891_,4.48µm
wave_controller_y_inst/_0915_,4.48µm
wave_controller_y_inst/_0934_,4.48µm
wave_controller_y_inst/_0937_,4.48µm
wave_controller_y_inst/_0989_,4.48µm
wave_controller_y_inst/_1054_,4.48µm
wave_controller_y_inst/_1055_,4.48µm
wave_controller_y_inst/_1068_,4.48µm
wave_controller_y_inst/_1073_,4.48µm
wave_controller_y_inst/_1126_,4.48µm
wave_controller_y_inst/_1171_,4.48µm
wave_controller_y_inst/_1522_,4.48µm
wave_controller_y_inst/_1572_,4.48µm
wave_controller_y_inst/_1609_,4.48µm
wave_controller_y_inst/_1750_,4.48µm
wave_controller_y_inst/_0164_,4.07µm
signal_processor_x_inst/_013_,4.02µm
spi_regs_inst/_0524_,4.02µm
wave_controller_x_inst/_0130_,4.02µm
wave_controller_x_inst/_0651_,4.02µm
wave_controller_x_inst/_0736_,4.02µm
wave_controller_x_inst/_0777_,4.02µm
wave_controller_x_inst/_1088_,4.02µm
wave_controller_x_inst/_1181_,4.02µm
wave_controller_x_inst/_1342_,4.02µm
wave_controller_x_inst/_1393_,4.02µm
wave_controller_y_inst/_0148_,4.02µm
wave_controller_y_inst/_0469_,4.02µm
wave_controller_y_inst/_0879_,4.02µm
wave_controller_y_inst/_1142_,4.02µm
cal_phase270_offset_x\[18\],3.97µm
signal_processor_y_inst/_079_,3.97µm
spi_regs_inst/_0031_,3.97µm
spi_regs_inst/_0117_,3.97µm
spi_regs_inst/_0166_,3.97µm
wave_controller_x_inst/_0181_,3.97µm
wave_controller_x_inst/_0961_,3.97µm
wave_controller_x_inst/_0975_,3.97µm
wave_controller_x_inst/_1170_,3.97µm
wave_controller_x_inst/_1491_,3.97µm
wave_controller_y_inst/_0364_,3.97µm
wave_controller_y_inst/_0889_,3.97µm
wave_controller_y_inst/_1117_,3.97µm
signal_processor_x_inst/_026_,3.92µm
signal_processor_x_inst/_038_,3.92µm
signal_processor_x_inst/_052_,3.92µm
signal_processor_x_inst/_084_,3.92µm
signal_processor_x_inst/_105_,3.92µm
signal_processor_x_inst/comp_pipe\[1\],3.92µm
signal_processor_y_inst/_019_,3.92µm
signal_processor_y_inst/_058_,3.92µm
signal_processor_y_inst/_087_,3.92µm
signal_processor_y_inst/_105_,3.92µm
signal_processor_y_inst/s90_pipe\[0\],3.92µm
spi_regs_inst/_0003_,3.92µm
spi_regs_inst/_0043_,3.92µm
spi_regs_inst/_0061_,3.92µm
spi_regs_inst/_0074_,3.92µm
spi_regs_inst/_0084_,3.92µm
spi_regs_inst/_0087_,3.92µm
spi_regs_inst/_0098_,3.92µm
spi_regs_inst/_0104_,3.92µm
spi_regs_inst/_0124_,3.92µm
spi_regs_inst/_0139_,3.92µm
spi_regs_inst/_0148_,3.92µm
spi_regs_inst/_0164_,3.92µm
spi_regs_inst/_0167_,3.92µm
spi_regs_inst/_0189_,3.92µm
spi_regs_inst/_0205_,3.92µm
spi_regs_inst/_0357_,3.92µm
spi_regs_inst/_0378_,3.92µm
spi_regs_inst/_0428_,3.92µm
spi_regs_inst/_0502_,3.92µm
spi_regs_inst/_0536_,3.92µm
spi_regs_inst/_0628_,3.92µm
spi_regs_inst/_0684_,3.92µm
state_machine_inst/_10_,3.92µm
wave_controller_x_inst/_0025_,3.92µm
wave_controller_x_inst/_0034_,3.92µm
wave_controller_x_inst/_0077_,3.92µm
wave_controller_x_inst/_0089_,3.92µm
wave_controller_x_inst/_0113_,3.92µm
wave_controller_x_inst/_0121_,3.92µm
wave_controller_x_inst/_0163_,3.92µm
wave_controller_x_inst/_0167_,3.92µm
wave_controller_x_inst/_0179_,3.92µm
wave_controller_x_inst/_0196_,3.92µm
wave_controller_x_inst/_0244_,3.92µm
wave_controller_x_inst/_0279_,3.92µm
wave_controller_x_inst/_0299_,3.92µm
wave_controller_x_inst/_0320_,3.92µm
wave_controller_x_inst/_0438_,3.92µm
wave_controller_x_inst/_0476_,3.92µm
wave_controller_x_inst/_0531_,3.92µm
wave_controller_x_inst/_0567_,3.92µm
wave_controller_x_inst/_0675_,3.92µm
wave_controller_x_inst/_0707_,3.92µm
wave_controller_x_inst/_0730_,3.92µm
wave_controller_x_inst/_0768_,3.92µm
wave_controller_x_inst/_0822_,3.92µm
wave_controller_x_inst/_0853_,3.92µm
wave_controller_x_inst/_0882_,3.92µm
wave_controller_x_inst/_0944_,3.92µm
wave_controller_x_inst/_0946_,3.92µm
wave_controller_x_inst/_1006_,3.92µm
wave_controller_x_inst/_1011_,3.92µm
wave_controller_x_inst/_1038_,3.92µm
wave_controller_x_inst/_1060_,3.92µm
wave_controller_x_inst/_1066_,3.92µm
wave_controller_x_inst/_1086_,3.92µm
wave_controller_x_inst/_1134_,3.92µm
wave_controller_x_inst/_1148_,3.92µm
wave_controller_x_inst/_1154_,3.92µm
wave_controller_x_inst/_1166_,3.92µm
wave_controller_x_inst/_1167_,3.92µm
wave_controller_x_inst/_1362_,3.92µm
wave_controller_x_inst/_1422_,3.92µm
wave_controller_x_inst/_1456_,3.92µm
wave_controller_x_inst/_1468_,3.92µm
wave_controller_x_inst/_1476_,3.92µm
wave_controller_x_inst/_1512_,3.92µm
wave_controller_x_inst/_1549_,3.92µm
wave_controller_x_inst/_1639_,3.92µm
wave_controller_x_inst/_1643_,3.92µm
wave_controller_x_inst/_1648_,3.92µm
wave_controller_x_inst/_1692_,3.92µm
wave_controller_x_inst/_1719_,3.92µm
wave_controller_x_inst/_1730_,3.92µm
wave_controller_x_inst/_1740_,3.92µm
wave_controller_x_inst/comp_sync1,3.92µm
wave_controller_y_inst/_0001_,3.92µm
wave_controller_y_inst/_0018_,3.92µm
wave_controller_y_inst/_0029_,3.92µm
wave_controller_y_inst/_0051_,3.92µm
wave_controller_y_inst/_0061_,3.92µm
wave_controller_y_inst/_0103_,3.92µm
wave_controller_y_inst/_0116_,3.92µm
wave_controller_y_inst/_0120_,3.92µm
wave_controller_y_inst/_0122_,3.92µm
wave_controller_y_inst/_0124_,3.92µm
wave_controller_y_inst/_0175_,3.92µm
wave_controller_y_inst/_0198_,3.92µm
wave_controller_y_inst/_0265_,3.92µm
wave_controller_y_inst/_0394_,3.92µm
wave_controller_y_inst/_0415_,3.92µm
wave_controller_y_inst/_0457_,3.92µm
wave_controller_y_inst/_0508_,3.92µm
wave_controller_y_inst/_0511_,3.92µm
wave_controller_y_inst/_0547_,3.92µm
wave_controller_y_inst/_0731_,3.92µm
wave_controller_y_inst/_0741_,3.92µm
wave_controller_y_inst/_0756_,3.92µm
wave_controller_y_inst/_0757_,3.92µm
wave_controller_y_inst/_0793_,3.92µm
wave_controller_y_inst/_0853_,3.92µm
wave_controller_y_inst/_0894_,3.92µm
wave_controller_y_inst/_0898_,3.92µm
wave_controller_y_inst/_0933_,3.92µm
wave_controller_y_inst/_0950_,3.92µm
wave_controller_y_inst/_0975_,3.92µm
wave_controller_y_inst/_1058_,3.92µm
wave_controller_y_inst/_1072_,3.92µm
wave_controller_y_inst/_1076_,3.92µm
wave_controller_y_inst/_1088_,3.92µm
wave_controller_y_inst/_1096_,3.92µm
wave_controller_y_inst/_1143_,3.92µm
wave_controller_y_inst/_1179_,3.92µm
wave_controller_y_inst/_1340_,3.92µm
wave_controller_y_inst/_1343_,3.92µm
wave_controller_y_inst/_1384_,3.92µm
wave_controller_y_inst/_1397_,3.92µm
wave_controller_y_inst/_1491_,3.92µm
wave_controller_y_inst/_1525_,3.92µm
wave_controller_y_inst/_1534_,3.92µm
wave_controller_y_inst/_1641_,3.92µm
wave_controller_y_inst/_1649_,3.92µm
wave_controller_y_inst/net810,3.92µm
net1411,3.92µm
wave_controller_x_inst/_1318_,3.64µm
wave_controller_x_inst/_0134_,3.46µm
wave_controller_x_inst/_0665_,3.46µm
wave_controller_x_inst/_0844_,3.46µm
wave_controller_x_inst/_1128_,3.46µm
wave_controller_x_inst/_1135_,3.46µm
wave_controller_y_inst/_0130_,3.46µm
wave_controller_y_inst/_0876_,3.46µm
wave_controller_y_inst/_1079_,3.46µm
wave_controller_y_inst/_1159_,3.46µm
wave_controller_y_inst/_1199_,3.46µm
wave_controller_x_inst/_0500_,3.41µm
wave_controller_x_inst/_0927_,3.41µm
wave_controller_x_inst/_1201_,3.41µm
wave_controller_x_inst/_1454_,3.41µm
wave_controller_x_inst/_1750_,3.41µm
wave_controller_y_inst/_0551_,3.41µm
wave_controller_y_inst/_1148_,3.41µm
cal_phase0_offset_y\[7\],3.36µm
net9,3.36µm
signal_processor_x_inst/_017_,3.36µm
signal_processor_x_inst/_036_,3.36µm
signal_processor_x_inst/_039_,3.36µm
signal_processor_x_inst/_098_,3.36µm
signal_processor_y_inst/_004_,3.36µm
signal_processor_y_inst/_020_,3.36µm
signal_processor_y_inst/_025_,3.36µm
signal_processor_y_inst/_026_,3.36µm
signal_processor_y_inst/_030_,3.36µm
signal_processor_y_inst/_032_,3.36µm
signal_processor_y_inst/_038_,3.36µm
spi_regs_inst/_0013_,3.36µm
spi_regs_inst/_0047_,3.36µm
spi_regs_inst/_0071_,3.36µm
spi_regs_inst/_0072_,3.36µm
spi_regs_inst/_0075_,3.36µm
spi_regs_inst/_0092_,3.36µm
spi_regs_inst/_0094_,3.36µm
spi_regs_inst/_0107_,3.36µm
spi_regs_inst/_0153_,3.36µm
spi_regs_inst/_0165_,3.36µm
spi_regs_inst/_0172_,3.36µm
spi_regs_inst/_0191_,3.36µm
spi_regs_inst/_0195_,3.36µm
spi_regs_inst/_0204_,3.36µm
spi_regs_inst/_0268_,3.36µm
spi_regs_inst/_0292_,3.36µm
spi_regs_inst/_0330_,3.36µm
spi_regs_inst/_0371_,3.36µm
spi_regs_inst/_0463_,3.36µm
spi_regs_inst/_0556_,3.36µm
spi_regs_inst/_0652_,3.36µm
spi_regs_inst/_0653_,3.36µm
wave_controller_x_inst/_0027_,3.36µm
wave_controller_x_inst/_0042_,3.36µm
wave_controller_x_inst/_0045_,3.36µm
wave_controller_x_inst/_0073_,3.36µm
wave_controller_x_inst/_0087_,3.36µm
wave_controller_x_inst/_0104_,3.36µm
wave_controller_x_inst/_0270_,3.36µm
wave_controller_x_inst/_0280_,3.36µm
wave_controller_x_inst/_0327_,3.36µm
wave_controller_x_inst/_0481_,3.36µm
wave_controller_x_inst/_0502_,3.36µm
wave_controller_x_inst/_0521_,3.36µm
wave_controller_x_inst/_0599_,3.36µm
wave_controller_x_inst/_0638_,3.36µm
wave_controller_x_inst/_0706_,3.36µm
wave_controller_x_inst/_0726_,3.36µm
wave_controller_x_inst/_0758_,3.36µm
wave_controller_x_inst/_0921_,3.36µm
wave_controller_x_inst/_0933_,3.36µm
wave_controller_x_inst/_0969_,3.36µm
wave_controller_x_inst/_1013_,3.36µm
wave_controller_x_inst/_1019_,3.36µm
wave_controller_x_inst/_1063_,3.36µm
wave_controller_x_inst/_1074_,3.36µm
wave_controller_x_inst/_1095_,3.36µm
wave_controller_x_inst/_1099_,3.36µm
wave_controller_x_inst/_1129_,3.36µm
wave_controller_x_inst/_1156_,3.36µm
wave_controller_x_inst/_1160_,3.36µm
wave_controller_x_inst/_1176_,3.36µm
wave_controller_x_inst/_1478_,3.36µm
wave_controller_x_inst/_1520_,3.36µm
wave_controller_x_inst/_1523_,3.36µm
wave_controller_x_inst/_1556_,3.36µm
wave_controller_x_inst/_1575_,3.36µm
wave_controller_x_inst/_1589_,3.36µm
wave_controller_x_inst/_1664_,3.36µm
wave_controller_y_inst/_0002_,3.36µm
wave_controller_y_inst/_0021_,3.36µm
wave_controller_y_inst/_0027_,3.36µm
wave_controller_y_inst/_0032_,3.36µm
wave_controller_y_inst/_0070_,3.36µm
wave_controller_y_inst/_0072_,3.36µm
wave_controller_y_inst/_0082_,3.36µm
wave_controller_y_inst/_0089_,3.36µm
wave_controller_y_inst/_0108_,3.36µm
wave_controller_y_inst/_0110_,3.36µm
wave_controller_y_inst/_0117_,3.36µm
wave_controller_y_inst/_0127_,3.36µm
wave_controller_y_inst/_0153_,3.36µm
wave_controller_y_inst/_0224_,3.36µm
wave_controller_y_inst/_0236_,3.36µm
wave_controller_y_inst/_0286_,3.36µm
wave_controller_y_inst/_0292_,3.36µm
wave_controller_y_inst/_0476_,3.36µm
wave_controller_y_inst/_0484_,3.36µm
wave_controller_y_inst/_0521_,3.36µm
wave_controller_y_inst/_0597_,3.36µm
wave_controller_y_inst/_0598_,3.36µm
wave_controller_y_inst/_0641_,3.36µm
wave_controller_y_inst/_0677_,3.36µm
wave_controller_y_inst/_0682_,3.36µm
wave_controller_y_inst/_0733_,3.36µm
wave_controller_y_inst/_0770_,3.36µm
wave_controller_y_inst/_0805_,3.36µm
wave_controller_y_inst/_0833_,3.36µm
wave_controller_y_inst/_0834_,3.36µm
wave_controller_y_inst/_0944_,3.36µm
wave_controller_y_inst/_0993_,3.36µm
wave_controller_y_inst/_1021_,3.36µm
wave_controller_y_inst/_1042_,3.36µm
wave_controller_y_inst/_1043_,3.36µm
wave_controller_y_inst/_1074_,3.36µm
wave_controller_y_inst/_1082_,3.36µm
wave_controller_y_inst/_1091_,3.36µm
wave_controller_y_inst/_1120_,3.36µm
wave_controller_y_inst/_1137_,3.36µm
wave_controller_y_inst/_1182_,3.36µm
wave_controller_y_inst/_1338_,3.36µm
wave_controller_y_inst/_1351_,3.36µm
wave_controller_y_inst/_1377_,3.36µm
wave_controller_y_inst/_1421_,3.36µm
wave_controller_y_inst/_1456_,3.36µm
wave_controller_y_inst/_1466_,3.36µm
wave_controller_y_inst/_1470_,3.36µm
wave_controller_y_inst/_1485_,3.36µm
wave_controller_y_inst/_1506_,3.36µm
wave_controller_y_inst/_1512_,3.36µm
wave_controller_y_inst/_1523_,3.36µm
wave_controller_y_inst/_1549_,3.36µm
wave_controller_y_inst/_1668_,3.36µm
wave_controller_y_inst/_1731_,3.36µm
wave_controller_y_inst/_1735_,3.36µm
wave_controller_x_inst/net882,3.36µm
signal_processor_x_inst/comp_pipe\[0\],2.9µm
signal_processor_y_inst/_071_,2.9µm
spi_regs_inst/_0267_,2.9µm
wave_controller_x_inst/_0170_,2.9µm
wave_controller_x_inst/_0627_,2.9µm
wave_controller_x_inst/_0752_,2.9µm
wave_controller_x_inst/_1022_,2.9µm
wave_controller_x_inst/_1522_,2.9µm
wave_controller_y_inst/_0264_,2.9µm
wave_controller_y_inst/_0715_,2.9µm
wave_controller_y_inst/_0754_,2.9µm
wave_controller_y_inst/_0794_,2.9µm
wave_controller_y_inst/_0936_,2.9µm
wave_controller_y_inst/_1209_,2.9µm
wave_controller_y_inst/_1488_,2.9µm
wave_controller_y_inst/_1553_,2.9µm
spi_regs_inst/_0283_,2.85µm
spi_regs_inst/_0394_,2.85µm
wave_controller_x_inst/_1502_,2.85µm
wave_controller_y_inst/_0131_,2.85µm
wave_controller_y_inst/_1134_,2.85µm
signal_processor_x_inst/_000_,2.8µm
signal_processor_x_inst/_001_,2.8µm
signal_processor_x_inst/_002_,2.8µm
signal_processor_x_inst/_007_,2.8µm
signal_processor_x_inst/_011_,2.8µm
signal_processor_x_inst/_081_,2.8µm
signal_processor_x_inst/_092_,2.8µm
signal_processor_x_inst/_094_,2.8µm
signal_processor_y_inst/_001_,2.8µm
signal_processor_y_inst/_005_,2.8µm
signal_processor_y_inst/_018_,2.8µm
signal_processor_y_inst/_022_,2.8µm
signal_processor_y_inst/_036_,2.8µm
signal_processor_y_inst/_059_,2.8µm
signal_processor_y_inst/_086_,2.8µm
signal_processor_y_inst/_096_,2.8µm
spi_regs_inst/_0001_,2.8µm
spi_regs_inst/_0011_,2.8µm
spi_regs_inst/_0030_,2.8µm
spi_regs_inst/_0032_,2.8µm
spi_regs_inst/_0041_,2.8µm
spi_regs_inst/_0053_,2.8µm
spi_regs_inst/_0060_,2.8µm
spi_regs_inst/_0076_,2.8µm
spi_regs_inst/_0078_,2.8µm
spi_regs_inst/_0088_,2.8µm
spi_regs_inst/_0097_,2.8µm
spi_regs_inst/_0099_,2.8µm
spi_regs_inst/_0101_,2.8µm
spi_regs_inst/_0123_,2.8µm
spi_regs_inst/_0146_,2.8µm
spi_regs_inst/_0147_,2.8µm
spi_regs_inst/_0150_,2.8µm
spi_regs_inst/_0151_,2.8µm
spi_regs_inst/_0152_,2.8µm
spi_regs_inst/_0154_,2.8µm
spi_regs_inst/_0158_,2.8µm
spi_regs_inst/_0162_,2.8µm
spi_regs_inst/_0179_,2.8µm
spi_regs_inst/_0184_,2.8µm
spi_regs_inst/_0187_,2.8µm
spi_regs_inst/_0193_,2.8µm
spi_regs_inst/_0196_,2.8µm
spi_regs_inst/_0202_,2.8µm
spi_regs_inst/_0275_,2.8µm
spi_regs_inst/_0328_,2.8µm
spi_regs_inst/_0380_,2.8µm
spi_regs_inst/_0400_,2.8µm
spi_regs_inst/_0420_,2.8µm
spi_regs_inst/_0558_,2.8µm
spi_regs_inst/_0650_,2.8µm
wave_controller_x_inst/_0024_,2.8µm
wave_controller_x_inst/_0026_,2.8µm
wave_controller_x_inst/_0038_,2.8µm
wave_controller_x_inst/_0039_,2.8µm
wave_controller_x_inst/_0040_,2.8µm
wave_controller_x_inst/_0043_,2.8µm
wave_controller_x_inst/_0078_,2.8µm
wave_controller_x_inst/_0112_,2.8µm
wave_controller_x_inst/_0114_,2.8µm
wave_controller_x_inst/_0115_,2.8µm
wave_controller_x_inst/_0117_,2.8µm
wave_controller_x_inst/_0124_,2.8µm
wave_controller_x_inst/_0141_,2.8µm
wave_controller_x_inst/_0232_,2.8µm
wave_controller_x_inst/_0235_,2.8µm
wave_controller_x_inst/_0238_,2.8µm
wave_controller_x_inst/_0240_,2.8µm
wave_controller_x_inst/_0254_,2.8µm
wave_controller_x_inst/_0265_,2.8µm
wave_controller_x_inst/_0305_,2.8µm
wave_controller_x_inst/_0377_,2.8µm
wave_controller_x_inst/_0379_,2.8µm
wave_controller_x_inst/_0417_,2.8µm
wave_controller_x_inst/_0427_,2.8µm
wave_controller_x_inst/_0437_,2.8µm
wave_controller_x_inst/_0439_,2.8µm
wave_controller_x_inst/_0465_,2.8µm
wave_controller_x_inst/_0493_,2.8µm
wave_controller_x_inst/_0510_,2.8µm
wave_controller_x_inst/_0533_,2.8µm
wave_controller_x_inst/_0539_,2.8µm
wave_controller_x_inst/_0543_,2.8µm
wave_controller_x_inst/_0550_,2.8µm
wave_controller_x_inst/_0648_,2.8µm
wave_controller_x_inst/_0660_,2.8µm
wave_controller_x_inst/_0666_,2.8µm
wave_controller_x_inst/_0689_,2.8µm
wave_controller_x_inst/_0717_,2.8µm
wave_controller_x_inst/_0719_,2.8µm
wave_controller_x_inst/_0740_,2.8µm
wave_controller_x_inst/_0765_,2.8µm
wave_controller_x_inst/_0795_,2.8µm
wave_controller_x_inst/_0802_,2.8µm
wave_controller_x_inst/_0835_,2.8µm
wave_controller_x_inst/_0845_,2.8µm
wave_controller_x_inst/_0859_,2.8µm
wave_controller_x_inst/_0884_,2.8µm
wave_controller_x_inst/_0904_,2.8µm
wave_controller_x_inst/_0914_,2.8µm
wave_controller_x_inst/_0984_,2.8µm
wave_controller_x_inst/_0987_,2.8µm
wave_controller_x_inst/_1062_,2.8µm
wave_controller_x_inst/_1080_,2.8µm
wave_controller_x_inst/_1101_,2.8µm
wave_controller_x_inst/_1138_,2.8µm
wave_controller_x_inst/_1155_,2.8µm
wave_controller_x_inst/_1157_,2.8µm
wave_controller_x_inst/_1169_,2.8µm
wave_controller_x_inst/_1171_,2.8µm
wave_controller_x_inst/_1180_,2.8µm
wave_controller_x_inst/_1183_,2.8µm
wave_controller_x_inst/_1202_,2.8µm
wave_controller_x_inst/_1214_,2.8µm
wave_controller_x_inst/_1352_,2.8µm
wave_controller_x_inst/_1365_,2.8µm
wave_controller_x_inst/_1382_,2.8µm
wave_controller_x_inst/_1387_,2.8µm
wave_controller_x_inst/_1455_,2.8µm
wave_controller_x_inst/_1462_,2.8µm
wave_controller_x_inst/_1636_,2.8µm
wave_controller_x_inst/_1637_,2.8µm
wave_controller_y_inst/_0023_,2.8µm
wave_controller_y_inst/_0044_,2.8µm
wave_controller_y_inst/_0101_,2.8µm
wave_controller_y_inst/_0170_,2.8µm
wave_controller_y_inst/_0176_,2.8µm
wave_controller_y_inst/_0193_,2.8µm
wave_controller_y_inst/_0229_,2.8µm
wave_controller_y_inst/_0232_,2.8µm
wave_controller_y_inst/_0299_,2.8µm
wave_controller_y_inst/_0327_,2.8µm
wave_controller_y_inst/_0351_,2.8µm
wave_controller_y_inst/_0357_,2.8µm
wave_controller_y_inst/_0465_,2.8µm
wave_controller_y_inst/_0478_,2.8µm
wave_controller_y_inst/_0516_,2.8µm
wave_controller_y_inst/_0518_,2.8µm
wave_controller_y_inst/_0525_,2.8µm
wave_controller_y_inst/_0531_,2.8µm
wave_controller_y_inst/_0537_,2.8µm
wave_controller_y_inst/_0589_,2.8µm
wave_controller_y_inst/_0660_,2.8µm
wave_controller_y_inst/_0673_,2.8µm
wave_controller_y_inst/_0705_,2.8µm
wave_controller_y_inst/_0755_,2.8µm
wave_controller_y_inst/_0769_,2.8µm
wave_controller_y_inst/_0830_,2.8µm
wave_controller_y_inst/_0904_,2.8µm
wave_controller_y_inst/_0979_,2.8µm
wave_controller_y_inst/_1019_,2.8µm
wave_controller_y_inst/_1059_,2.8µm
wave_controller_y_inst/_1075_,2.8µm
wave_controller_y_inst/_1129_,2.8µm
wave_controller_y_inst/_1135_,2.8µm
wave_controller_y_inst/_1141_,2.8µm
wave_controller_y_inst/_1145_,2.8µm
wave_controller_y_inst/_1336_,2.8µm
wave_controller_y_inst/_1362_,2.8µm
wave_controller_y_inst/_1376_,2.8µm
wave_controller_y_inst/_1422_,2.8µm
wave_controller_y_inst/_1537_,2.8µm
wave_controller_y_inst/_1555_,2.8µm
wave_controller_y_inst/_1604_,2.8µm
wave_controller_y_inst/_1637_,2.8µm
wave_controller_y_inst/_1652_,2.8µm
wave_controller_y_inst/_1669_,2.8µm
wave_controller_y_inst/_1695_,2.8µm
wave_controller_y_inst/_1701_,2.8µm
wave_controller_y_inst/_1736_,2.8µm
wave_controller_y_inst/ds_acc\[8\],2.8µm
signal_processor_x_inst/_087_,2.34µm
wave_controller_x_inst/_0264_,2.34µm
wave_controller_x_inst/_0408_,2.34µm
wave_controller_x_inst/_0903_,2.34µm
wave_controller_x_inst/_1068_,2.34µm
wave_controller_x_inst/_1079_,2.34µm
wave_controller_x_inst/_1126_,2.34µm
wave_controller_x_inst/_1130_,2.34µm
wave_controller_x_inst/_1508_,2.34µm
wave_controller_x_inst/_1626_,2.34µm
wave_controller_y_inst/_0280_,2.34µm
wave_controller_y_inst/_0458_,2.34µm
wave_controller_y_inst/_0842_,2.34µm
wave_controller_y_inst/_0892_,2.34µm
wave_controller_y_inst/_1047_,2.34µm
wave_controller_y_inst/_1170_,2.34µm
wave_controller_x_inst/_0449_,2.29µm
wave_controller_x_inst/_1067_,2.29µm
cal_phase270_offset_y\[18\],2.24µm
signal_processor_y_inst/_043_,2.24µm
signal_processor_y_inst/_084_,2.24µm
signal_processor_y_inst/_107_,2.24µm
spi_regs_inst/_0251_,2.24µm
spi_regs_inst/_0296_,2.24µm
spi_regs_inst/_0318_,2.24µm
spi_regs_inst/_0435_,2.24µm
spi_regs_inst/_0439_,2.24µm
spi_regs_inst/_0505_,2.24µm
wave_controller_x_inst/_0236_,2.24µm
wave_controller_x_inst/_0273_,2.24µm
wave_controller_x_inst/_0286_,2.24µm
wave_controller_x_inst/_0506_,2.24µm
wave_controller_x_inst/_0557_,2.24µm
wave_controller_x_inst/_0564_,2.24µm
wave_controller_x_inst/_0598_,2.24µm
wave_controller_x_inst/_0649_,2.24µm
wave_controller_x_inst/_0793_,2.24µm
wave_controller_x_inst/_0794_,2.24µm
wave_controller_x_inst/_0891_,2.24µm
wave_controller_x_inst/_0995_,2.24µm
wave_controller_x_inst/_1083_,2.24µm
wave_controller_x_inst/_1091_,2.24µm
wave_controller_x_inst/_1487_,2.24µm
wave_controller_x_inst/_1553_,2.24µm
wave_controller_y_inst/_0181_,2.24µm
wave_controller_y_inst/_0376_,2.24µm
wave_controller_y_inst/_0431_,2.24µm
wave_controller_y_inst/_0449_,2.24µm
wave_controller_y_inst/_0502_,2.24µm
wave_controller_y_inst/_0668_,2.24µm
wave_controller_y_inst/_0702_,2.24µm
wave_controller_y_inst/_0795_,2.24µm
wave_controller_y_inst/_0880_,2.24µm
wave_controller_y_inst/_0881_,2.24µm
wave_controller_y_inst/_0921_,2.24µm
wave_controller_y_inst/_0982_,2.24µm
wave_controller_y_inst/_1017_,2.24µm
wave_controller_y_inst/_1033_,2.24µm
wave_controller_y_inst/_1099_,2.24µm
wave_controller_y_inst/_1111_,2.24µm
wave_controller_y_inst/_1201_,2.24µm
wave_controller_y_inst/_1264_,2.24µm
wave_controller_y_inst/_1345_,2.24µm
wave_controller_y_inst/_1365_,2.24µm
wave_controller_y_inst/_1382_,2.24µm
wave_controller_y_inst/_1398_,2.24µm
wave_controller_y_inst/_1499_,2.24µm
wave_controller_y_inst/_1624_,2.24µm
wave_controller_y_inst/_1730_,2.24µm
wave_controller_x_inst/net881,2.24µm
wave_controller_x_inst/net1270,2.24µm
net1438,2.24µm
cal_timeout,1.78µm
spi_regs_inst/_0403_,1.78µm
cal_phase0_offset_y\[5\],1.68µm
signal_processor_x_inst/_072_,1.68µm
signal_processor_x_inst/_083_,1.68µm
signal_processor_y_inst/_051_,1.68µm
spi_regs_inst/_0279_,1.68µm
spi_regs_inst/_0337_,1.68µm
wave_controller_x_inst/_0356_,1.68µm
wave_controller_x_inst/_0400_,1.68µm
wave_controller_x_inst/_0725_,1.68µm
wave_controller_x_inst/_0735_,1.68µm
wave_controller_x_inst/_0937_,1.68µm
wave_controller_x_inst/_0982_,1.68µm
wave_controller_x_inst/_1117_,1.68µm
wave_controller_x_inst/_1179_,1.68µm
wave_controller_x_inst/_1211_,1.68µm
wave_controller_x_inst/_1437_,1.68µm
wave_controller_x_inst/_1701_,1.68µm
wave_controller_y_inst/_0254_,1.68µm
wave_controller_y_inst/_0367_,1.68µm
wave_controller_y_inst/_0379_,1.68µm
wave_controller_y_inst/_0826_,1.68µm
wave_controller_y_inst/_0905_,1.68µm
wave_controller_y_inst/_1067_,1.68µm
wave_controller_y_inst/_1339_,1.68µm
wave_controller_y_inst/_1348_,1.68µm
wave_controller_y_inst/_1467_,1.68µm
wave_controller_y_inst/_1489_,1.68µm
wave_controller_y_inst/_1494_,1.68µm
wave_controller_y_inst/_1710_,1.68µm
wave_controller_y_inst/_1749_,1.68µm
wave_controller_x_inst/_0185_,1.22µm
signal_processor_x_inst/_059_,1.12µm
signal_processor_x_inst/_079_,1.12µm
signal_processor_x_inst/_099_,1.12µm
signal_processor_y_inst/_095_,1.12µm
spi_regs_inst/_0644_,1.12µm
wave_controller_x_inst/_0135_,1.12µm
wave_controller_x_inst/_0148_,1.12µm
wave_controller_x_inst/_0164_,1.12µm
wave_controller_x_inst/_0328_,1.12µm
wave_controller_x_inst/_0422_,1.12µm
wave_controller_x_inst/_0498_,1.12µm
wave_controller_x_inst/_0511_,1.12µm
wave_controller_x_inst/_0756_,1.12µm
wave_controller_x_inst/_0840_,1.12µm
wave_controller_x_inst/_0877_,1.12µm
wave_controller_x_inst/_1014_,1.12µm
wave_controller_x_inst/_1076_,1.12µm
wave_controller_x_inst/_1078_,1.12µm
wave_controller_x_inst/_1161_,1.12µm
wave_controller_x_inst/_1467_,1.12µm
wave_controller_x_inst/_1494_,1.12µm
wave_controller_x_inst/_1634_,1.12µm
wave_controller_x_inst/_1654_,1.12µm
wave_controller_x_inst/_1727_,1.12µm
wave_controller_y_inst/_0185_,1.12µm
wave_controller_y_inst/_0541_,1.12µm
wave_controller_y_inst/_0719_,1.12µm
wave_controller_y_inst/_0724_,1.12µm
wave_controller_y_inst/_0730_,1.12µm
wave_controller_y_inst/_1078_,1.12µm
wave_controller_y_inst/_1110_,1.12µm
wave_controller_y_inst/_1193_,1.12µm
wave_controller_y_inst/_1195_,1.12µm
wave_controller_y_inst/_1258_,1.12µm
wave_controller_y_inst/_1515_,1.12µm
wave_controller_y_inst/_1602_,1.12µm
wave_controller_y_inst/_1727_,1.12µm
