net,length_um
clknet_0_clk_regs,1.28774mm
net1554,1.06756mm
clknet_3_4__leaf_clk_regs,703.3µm
net1339,584.33µm
clknet_3_6__leaf_clk_regs,575.52µm
clk,532.125µm
net13,530.93µm
spi_regs_inst/_0272_,520.48µm
wave_controller_x_inst/_0615_,507.51µm
net14,506.8µm
clknet_3_1__leaf_clk_regs,475.79µm
clknet_3_3__leaf_clk_regs,463.32µm
wave_controller_y_inst/_0615_,459.45µm
net11,459.25µm
raw_edge2_y\[4\],449.78µm
cfg_f_MEMS_fcw_y\[14\],447.84µm
net12,446.37µm
cfg_f_MEMS_fcw_x\[14\],414.19µm
clknet_3_5__leaf_clk_regs,410.27µm
spi_regs_inst/_0564_,405.49µm
cfg_phase90_offset_x\[17\],404.52µm
net15,394.29µm
comp_y,389.52µm
spi_regs_inst/net860,384.77µm
spi_regs_inst/net943,381.46µm
jitter_flag_y,375.35µm
clknet_3_0__leaf_clk_regs,368.93µm
wave_controller_y_inst/phase_acc\[13\],368.17µm
raw_edge2_x\[10\],364.3µm
net1200,363.79µm
net866,361.81µm
spi_regs_inst/net979,361.38µm
wave_controller_x_inst/phase_acc\[13\],360.94µm
wave_controller_x_inst/phase_acc\[8\],358.45µm
net982,356.77µm
wave_controller_y_inst/net1121,355.19µm
votes_out_phase_x\[3\],354.12µm
spi_regs_inst/net980,352.34µm
wave_controller_x_inst/_1121_,350.66µm
delay_wave_cycle_x\[1\],348.47µm
cfg_f_MEMS_fcw_y\[4\],346.89µm
cal_done_x,343.48µm
cfg_phase270_offset_y\[2\],342.82µm
wave_controller_y_inst/net268,340.63µm
cfg_phase270_offset_y\[4\],339.05µm
raw_edge2_x\[11\],339µm
wave_controller_x_inst/net520,339µm
net861,338.24µm
spi_regs_inst/net981,338.24µm
net863,336.61µm
cfg_phase90_offset_x\[2\],330.45µm
wave_controller_y_inst/net228,328.36µm
votes_out_phase_y\[2\],326.68µm
cfg_phase270_offset_y\[3\],325.36µm
cfg_phase0_offset_x\[4\],324.39µm
net858,324.33µm
cfg_phase270_offset_x\[2\],323.22µm
net955,319.81µm
phase_state_y\[0\],319.35µm
clknet_3_2__leaf_clk_regs,318.28µm
clknet_leaf_7_clk_regs,317.11µm
raw_edge3_x\[19\],315.94µm
raw_edge2_x\[18\],312.83µm
delay_wave_cycle_y\[2\],310.86µm
cal_phase270_offset_y\[15\],309.19µm
spi_regs_inst/net978,308.1µm
phase_state_y\[1\],305.35µm
spi_regs_inst/net1091,305.35µm
spi_regs_inst/net862,304.69µm
votes_out_phase_x\[0\],303.72µm
cfg_phase0_offset_y\[3\],302.02µm
spi_regs_inst/net71,301.8µm
net956,300.92µm
state_o\[2\],300.82µm
wave_controller_y_inst/net488,300.31µm
cal_phase90_offset_x\[4\],295.18µm
net967,294.61µm
net983,293.08µm
wave_controller_x_inst/net669,291.91µm
net973,291.2µm
cfg_phase270_offset_x\[14\],290.99µm
net966,290.38µm
spi_regs_inst/net453,290.33µm
cal_phase90_offset_y\[10\],288.96µm
cfg_phase90_offset_x\[18\],288.55µm
net952,287.58µm
cfg_phase0_offset_y\[2\],287.53µm
clknet_3_7__leaf_clk_regs,287.53µm
net960,287.33µm
net865,287.22µm
cfg_phase270_offset_y\[16\],286.36µm
cfg_phase90_offset_y\[18\],286.31µm
cfg_phase90_offset_x\[0\],285.29µm
cfg_phase270_offset_x\[4\],285.07µm
cfg_phase270_offset_x\[0\],284.17µm
cfg_phase270_offset_x\[18\],284.07µm
cfg_phase0_offset_x\[0\],283.51µm
delay_wave_cycle_x\[2\],283.06µm
raw_edge3_x\[16\],282.95µm
cfg_phase270_offset_x\[3\],282.44µm
net974,282.34µm
net838,281.51µm
wave_controller_x_inst/_0636_,281.32µm
cfg_phase90_offset_x\[3\],280.76µm
cfg_phase270_offset_y\[19\],280.3µm
spi_regs_inst/net854,279.44µm
net947,279.18µm
raw_edge3_x\[17\],278.62µm
cfg_phase270_offset_y\[5\],278.42µm
votes_out_phase_x\[2\],277.86µm
cal_phase90_offset_y\[15\],277.81µm
wave_controller_x_inst/_1122_,276.33µm
net864,275.62µm
jitter_flag_x,275.11µm
net977,275.06µm
raw_edge1_x\[18\],274.7µm
raw_edge3_x\[12\],274.6µm
net948,274.55µm
net855,273.97µm
cfg_phase270_offset_y\[7\],273.94µm
cfg_phase90_offset_x\[15\],273.43µm
net971,273.33µm
spi_regs_inst/net417,273.02µm
cfg_phase270_offset_x\[19\],272.77µm
cfg_phase270_offset_x\[6\],271.34µm
delay_wave_cycle_y\[0\],271.09µm
net849,269.76µm
spi_regs_inst/_0567_,269.46µm
wave_controller_x_inst/_0737_,269.05µm
spi_regs_inst/net306,268.9µm
cfg_phase90_offset_y\[3\],268.49µm
wave_controller_x_inst/_0611_,268.39µm
net851,268.34µm
net829,268.21µm
net850,265.54µm
cfg_phase90_offset_y\[0\],264.57µm
raw_edge1_x\[9\],264.52µm
net959,263.69µm
cfg_phase270_offset_x\[16\],262.69µm
wave_controller_y_inst/_1121_,262.33µm
raw_edge3_x\[11\],261.67µm
net832,260.45µm
cfg_phase270_offset_y\[6\],259.99µm
votes_in_phase_y\[1\],259.99µm
spi_regs_inst/_0718_,259.99µm
net963,258.87µm
raw_edge1_y\[15\],258.26µm
net950,258.21µm
cfg_phase0_offset_x\[18\],257.75µm
net839,257.09µm
raw_edge1_y\[14\],255.05µm
spi_regs_inst/net403,254.95µm
cal_phase90_offset_x\[8\],254.44µm
cfg_f_MEMS_fcw_x\[4\],253.88µm
clknet_leaf_1_clk_regs,252.86µm
net972,251.64µm
cfg_phase90_offset_x\[19\],251.08µm
state_o\[1\],251.08µm
raw_edge1_y\[18\],251.03µm
bidir_out[6],250.74µm
spi_regs_inst/net366,250.62µm
cal_phase90_offset_x\[13\],250.37µm
cfg_phase90_offset_y\[6\],249.86µm
cfg_phase90_offset_y\[2\],249.81µm
net970,249.51µm
votes_in_phase_y\[2\],249.3µm
delay_wave_cycle_x\[5\],249.2µm
spi_regs_inst/net364,248.99µm
net944,248.84µm
cfg_phase90_offset_y\[17\],248.74µm
spi_regs_inst/_0228_,248.74µm
spi_regs_inst/net429,248.74µm
net975,248.24µm
raw_edge3_x\[10\],248.18µm
wave_controller_y_inst/_1122_,247.72µm
net953,247.72µm
spi_regs_inst/net372,247.11µm
raw_edge3_y\[12\],246.55µm
spi_regs_inst/_0624_,246.45µm
net1217,245.63µm
comp_x,245.47µm
spi_regs_inst/spi_addr\[2\],245.33µm
votes_in_phase_x\[2\],244.92µm
spi_regs_inst/_0706_,244.36µm
cal_phase0_offset_y\[1\],244.26µm
cfg_phase0_offset_y\[18\],244.26µm
cal_phase90_offset_y\[19\],243.75µm
clknet_leaf_29_clk_regs,243.7µm
spi_regs_inst/net1092,243.14µm
cfg_phase270_offset_y\[20\],242.78µm
spi_regs_inst/net1095,242.63µm
cfg_phase90_offset_x\[6\],242.58µm
net962,242.12µm
raw_edge1_y\[9\],240.85µm
spi_regs_inst/net414,240.8µm
cfg_phase270_offset_x\[8\],240.39µm
cfg_phase0_offset_x\[3\],239.93µm
cal_phase270_offset_x\[15\],239.44µm
spi_regs_inst/net1093,238.81µm
cfg_phase0_offset_x\[16\],238.71µm
delaynet_1_clk,238.66µm
cal_phase90_offset_y\[11\],238.05µm
net853,238.05µm
cfg_phase90_offset_y\[19\],237.69µm
cfg_phase90_offset_y\[20\],237.08µm
spi_regs_inst/net1090,236.93µm
bidir_out[7],236.74µm
net844,235.25µm
raw_edge1_y\[10\],234.89µm
spi_regs_inst/_0693_,234.79µm
cal_phase90_offset_y\[3\],234.74µm
analog[0],234.5µm
spi_regs_inst/_0287_,234.28µm
spi_regs_inst/net363,233.16µm
spi_regs_inst/net451,233.01µm
net1558,232.78µm
net968,232.65µm
spi_regs_inst/net410,232.6µm
cfg_phase0_offset_y\[19\],232.45µm
read_en,232.05µm
spi_regs_inst/net413,231.58µm
spi_regs_inst/net419,231.43µm
net16,231.38µm
cfg_phase90_offset_x\[1\],230.92µm
net946,230.92µm
spi_regs_inst/_0492_,230.87µm
cfg_phase0_offset_x\[10\],230.77µm
cfg_phase0_offset_x\[17\],230.41µm
raw_edge2_y\[13\],229.9µm
net847,229.8µm
wave_controller_y_inst/net623,229.7µm
delaynet_0_clk,229.04µm
cal_phase270_offset_y\[14\],228.53µm
net856,227.56µm
raw_edge1_y\[11\],227.46µm
spi_regs_inst/_0704_,227.46µm
cal_phase90_offset_y\[13\],227.28µm
spi_regs_inst/net396,227.27µm
cal_phase90_offset_x\[14\],227µm
cal_phase90_offset_x\[15\],226.9µm
spi_regs_inst/_0271_,226.44µm
cfg_phase270_offset_y\[15\],225.93µm
spi_regs_inst/net430,225.78µm
cfg_phase270_offset_y\[18\],225.12µm
votes_in_phase_y\[3\],225.12µm
clknet_leaf_10_clk_regs,224.66µm
wave_controller_x_inst/_1205_,224.25µm
raw_edge3_y\[20\],224.1µm
spi_regs_inst/_0655_,223.49µm
net842,223.12µm
cal_phase90_offset_x\[6\],222.98µm
raw_edge3_x\[20\],222.52µm
votes_out_phase_y\[1\],222.47µm
net954,222.42µm
cal_phase270_offset_y\[11\],222.37µm
cfg_phase0_offset_x\[20\],221.86µm
wave_controller_x_inst/net282,221.2µm
spi_regs_inst/net999,220.79µm
cal_phase90_offset_y\[8\],220.34µm
cfg_f_MEMS_fcw_y\[0\],219.72µm
net958,219.62µm
cfg_phase90_offset_x\[16\],219.57µm
spi_regs_inst/net358,219.26µm
spi_regs_inst/_0207_,219.21µm
wave_controller_x_inst/_1227_,219.21µm
raw_edge1_y\[20\],219.11µm
spi_regs_inst/net455,219.06µm
wave_controller_y_inst/net633,219.06µm
cfg_phase90_offset_y\[7\],219.01µm
analog[1],218.62µm
wave_controller_y_inst/_1217_,218.55µm
spi_regs_inst/net1094,218.5µm
cfg_phase90_offset_y\[4\],217.94µm
spi_regs_inst/net292,217.53µm
votes_out_phase_y\[3\],217.33µm
cfg_phase0_offset_y\[17\],216.92µm
raw_edge1_x\[10\],216.92µm
spi_regs_inst/net361,215.9µm
wave_controller_y_inst/net270,215.6µm
raw_edge3_y\[17\],215.44µm
spi_regs_inst/net388,215.19µm
boot_complete,214.63µm
delay_wave_cycle_y\[1\],214.53µm
raw_edge3_x\[15\],214.48µm
spi_regs_inst/net377,214.35µm
cfg_phase90_offset_x\[20\],213.51µm
wave_controller_x_inst/_1213_,213.51µm
clknet_leaf_4_clk_regs,212.95µm
clknet_leaf_11_clk_regs,212.95µm
cal_phase0_offset_y\[8\],212.9µm
net828,212.85µm
wave_controller_y_inst/_1225_,212.49µm
clknet_leaf_46_clk_regs,212.49µm
cfg_phase90_offset_x\[12\],212.34µm
cfg_phase0_offset_y\[10\],211.12µm
raw_edge1_y\[3\],210.86µm
raw_edge2_x\[6\],210.71µm
cfg_phase0_offset_y\[20\],210.66µm
spi_regs_inst/net1102,210.66µm
spi_regs_inst/net1021,210.1µm
spi_regs_inst/_0210_,209.64µm
raw_edge3_x\[13\],209.03µm
raw_edge3_y\[5\],208.98µm
cfg_phase90_offset_y\[16\],208.93µm
spi_regs_inst/net391,208.88µm
spi_regs_inst/net406,208.88µm
delaynet_2_clk,208.88µm
raw_edge3_y\[16\],208.52µm
spi_regs_inst/net422,208.47µm
cfg_phase270_offset_x\[5\],208.08µm
cfg_phase0_offset_y\[7\],207.91µm
raw_edge3_x\[5\],207.86µm
wave_controller_y_inst/_1221_,207.65µm
spi_regs_inst/net392,207.53µm
cfg_phase0_offset_x\[19\],207.3µm
spi_regs_inst/spi_addr\[3\],207.3µm
raw_edge1_x\[7\],206.84µm
spi_regs_inst/_0690_,206.23µm
wave_controller_y_inst/_1216_,205.82µm
wave_controller_y_inst/_1208_,205.67µm
spi_regs_inst/net397,205.28µm
raw_edge3_x\[18\],204.5µm
wave_controller_y_inst/net640,204.5µm
wave_controller_x_inst/net683,204.45µm
net833,204.09µm
net859,203.94µm
wave_controller_x_inst/wave_cycle_cnt\[5\],203.58µm
wave_controller_x_inst/net685,202.97µm
raw_edge3_y\[7\],202.87µm
net969,202.82µm
wave_controller_y_inst/_1205_,202.77µm
wave_controller_x_inst/net670,202.77µm
spi_regs_inst/_0220_,202.73µm
clknet_leaf_49_clk_regs,202.36µm
clknet_leaf_35_clk_regs,202.31µm
votes_out_phase_x\[1\],201.75µm
clknet_leaf_19_clk_regs,201.24µm
raw_edge1_x\[17\],201.09µm
delay_wave_cycle_x\[0\],200.58µm
spi_regs_inst/_0507_,200.48µm
net961,200.39µm
spi_regs_inst/_0682_,200.3µm
net846,200.02µm
wave_controller_x_inst/_1217_,199.92µm
net837,199.56µm
clknet_leaf_27_clk_regs,199.56µm
net857,199.51µm
cfg_phase270_offset_y\[12\],199.46µm
cal_phase90_offset_y\[4\],198.85µm
spi_regs_inst/_0227_,197.32µm
spi_regs_inst/net411,197.22µm
clknet_leaf_2_clk_regs,196.96µm
net835,196.86µm
raw_edge1_x\[1\],196.76µm
spi_regs_inst/_0724_,196.76µm
wave_controller_y_inst/_1213_,196.71µm
wave_controller_y_inst/_1326_,196.66µm
spi_regs_inst/_0711_,196.61µm
net845,195.64µm
cfg_phase0_offset_x\[5\],195.54µm
net976,195.49µm
cfg_phase270_offset_x\[20\],195.44µm
cfg_phase90_offset_x\[5\],195.08µm
spi_regs_inst/_0563_,193.96µm
spi_regs_inst/_0675_,193.49µm
cal_phase90_offset_y\[9\],193.42µm
clknet_leaf_33_clk_regs,193.4µm
cfg_phase0_offset_y\[0\],193.35µm
spi_regs_inst/_0214_,193.25µm
spi_regs_inst/_0713_,192.28µm
clknet_leaf_28_clk_regs,191.77µm
net1552,191.52µm
bidir_out[4],191.38µm
cfg_phase90_offset_y\[5\],191.06µm
spi_regs_inst/net384,190.7µm
wave_controller_y_inst/_1251_,190.6µm
cfg_phase0_offset_x\[2\],190.55µm
raw_edge2_x\[20\],190.5µm
wave_controller_x_inst/_1218_,190.45µm
clknet_leaf_0_clk_regs,190.09µm
spi_regs_inst/spi_addr\[1\],189.99µm
cal_phase0_offset_x\[0\],189.43µm
wave_controller_y_inst/net634,188.82µm
clknet_leaf_3_clk_regs,188.51µm
wave_controller_y_inst/_0621_,188.41µm
net843,188.31µm
spi_regs_inst/net442,188.26µm
wave_controller_y_inst/phase_acc\[2\],188.21µm
spi_regs_inst/_0550_,187.6µm
cfg_phase270_offset_y\[14\],186.48µm
raw_edge3_y\[4\],186.17µm
wave_controller_y_inst/net332,186.07µm
spi_regs_inst/net991,185.97µm
spi_regs_inst/net1081,185.56µm
spi_regs_inst/net416,185.51µm
spi_regs_inst/net360,185.41µm
spi_regs_inst/net374,184.9µm
clknet_leaf_53_clk_regs,184.59µm
latch_error_x,183.78µm
spi_regs_inst/net252,183.45µm
raw_edge3_x\[6\],183.27µm
spi_regs_inst/_0519_,182.71µm
raw_edge3_y\[13\],182.66µm
spi_regs_inst/net415,182.1µm
spi_regs_inst/net1034,182.1µm
wave_controller_x_inst/net919,182.05µm
spi_regs_inst/_0217_,181.64µm
spi_regs_inst/_0219_,181.03µm
spi_regs_inst/net394,181.03µm
cal_phase270_offset_x\[9\],180.73µm
cfg_phase90_offset_x\[8\],180.42µm
spi_regs_inst/net359,180.42µm
spi_regs_inst/net149,179.58µm
cal_start,179.25µm
bidir_out[5],179.06µm
wave_controller_x_inst/net905,178.89µm
cfg_phase90_offset_y\[12\],178.84µm
raw_edge3_x\[3\],178.84µm
cfg_phase90_offset_x\[4\],178.79µm
clknet_leaf_9_clk_regs,178.79µm
wave_controller_y_inst/net799,178.74µm
net852,178.74µm
raw_edge2_y\[16\],178.28µm
wave_controller_y_inst/_1246_,177.62µm
spi_regs_inst/net555,177.57µm
spi_regs_inst/_0666_,177.21µm
spi_regs_inst/net1210,177.11µm
cal_phase90_offset_y\[12\],177.01µm
spi_regs_inst/reg_wr_addr\[2\],176.6µm
wave_controller_y_inst/_1253_,176.6µm
cfg_phase0_offset_x\[7\],176.45µm
wave_controller_y_inst/net1119,176.45µm
spi_regs_inst/_0646_,176.09µm
net945,175.99µm
cfg_phase0_offset_x\[8\],175.94µm
wave_controller_y_inst/net157,175.38µm
cfg_phase0_offset_x\[6\],174.82µm
spi_regs_inst/_0383_,174.77µm
spi_regs_inst/net409,174.72µm
spi_regs_inst/_0717_,174.36µm
wave_controller_y_inst/_1227_,174.36µm
clknet_leaf_42_clk_regs,174.36µm
votes_in_phase_x\[0\],174.21µm
spi_regs_inst/net418,173.8µm
wave_controller_x_inst/net677,173.75µm
spi_regs_inst/_0642_,173.7µm
spi_regs_inst/_0678_,173.6µm
spi_regs_inst/_0677_,173.27µm
wave_controller_x_inst/_1053_,173.24µm
wave_controller_x_inst/_1251_,173.24µm
soft_rst,173.09µm
spi_regs_inst/net294,173.09µm
spi_regs_inst/_0511_,172.58µm
spi_regs_inst/net296,172.58µm
spi_regs_inst/net1068,172.58µm
votes_in_phase_y\[0\],172.53µm
spi_regs_inst/_0236_,172.53µm
spi_regs_inst/net420,172.48µm
spi_regs_inst/net994,172.48µm
clknet_leaf_38_clk_regs,172.3µm
raw_edge1_y\[2\],171.51µm
cal_phase270_offset_y\[6\],170.85µm
cal_phase90_offset_x\[16\],170.85µm
cal_phase90_offset_y\[0\],170.39µm
wave_controller_x_inst/net346,170.39µm
spi_regs_inst/net988,170.33µm
spi_regs_inst/net293,170.29µm
spi_regs_inst/net378,170.29µm
spi_regs_inst/_0603_,170.24µm
clknet_leaf_36_clk_regs,169.98µm
net951,169.88µm
wave_controller_x_inst/_0703_,169.78µm
wave_controller_x_inst/phase_acc\[7\],169.73µm
wave_controller_y_inst/net186,169.68µm
spi_regs_inst/net376,169.37µm
wave_controller_x_inst/_1233_,169.32µm
cal_phase270_offset_y\[3\],169.27µm
wave_controller_x_inst/phase_acc\[1\],169.27µm
latch_error_y,169.22µm
spi_regs_inst/net369,169.22µm
spi_regs_inst/_0576_,169.17µm
wave_controller_x_inst/net887,169.12µm
bidir_out[8],168.98µm
spi_regs_inst/_0229_,168.71µm
spi_regs_inst/reg_wr_addr\[3\],168.71µm
cal_phase90_offset_y\[7\],168.56µm
wave_controller_y_inst/wave_cycle_cnt\[1\],168.3µm
wave_controller_y_inst/_0703_,168.2µm
wave_controller_y_inst/_1218_,168.15µm
spi_regs_inst/net150,168.1µm
spi_regs_inst/net428,167.59µm
spi_regs_inst/net1123,167.44µm
cfg_phase0_offset_y\[15\],167.28µm
spi_regs_inst/net1065,167.03µm
wave_controller_y_inst/net260,166.98µm
wave_controller_y_inst/_0683_,166.57µm
wave_controller_y_inst/net222,166.42µm
wave_controller_y_inst/net486,166.32µm
clknet_leaf_16_clk_regs,166.16µm
wave_controller_x_inst/_1253_,166.01µm
spi_regs_inst/_0471_,165.96µm
cfg_phase90_offset_x\[9\],165.86µm
cfg_phase270_offset_y\[8\],165.81µm
raw_edge3_y\[10\],165.81µm
wave_controller_y_inst/_1222_,165.3µm
wave_controller_y_inst/_0713_,164.42µm
wave_controller_y_inst/_1203_,164.33µm
spi_regs_inst/net1007,164.13µm
spi_regs_inst/_0721_,163.72µm
spi_regs_inst/net412,163.72µm
cal_phase90_offset_y\[20\],163.67µm
spi_regs_inst/_0709_,163.67µm
spi_regs_inst/_0218_,163.21µm
spi_regs_inst/_0488_,163.11µm
cal_phase270_offset_y\[9\],162.5µm
cfg_phase0_offset_y\[16\],162.5µm
wave_controller_y_inst/_1245_,162.09µm
spi_regs_inst/_0215_,162.04µm
spi_regs_inst/net367,161.94µm
spi_regs_inst/net287,161.89µm
clknet_leaf_14_clk_regs,161.63µm
raw_edge2_y\[11\],161.48µm
raw_edge3_y\[14\],161.33µm
wave_controller_y_inst/_1364_,161.33µm
net1458,161.33µm
spi_regs_inst/reg_wr_addr\[1\],161.02µm
spi_regs_inst/_0575_,160.92µm
wave_controller_x_inst/net274,160.82µm
wave_controller_y_inst/net820,160.77µm
spi_regs_inst/net426,160.36µm
wave_controller_x_inst/net676,160.31µm
cfg_f_MEMS_fcw_y\[10\],160.26µm
spi_regs_inst/net989,160.26µm
spi_regs_inst/net1066,160.26µm
spi_regs_inst/_0361_,159.92µm
cal_phase0_offset_y\[9\],159.8µm
wave_controller_y_inst/net68,159.65µm
wave_controller_x_inst/net684,159.65µm
spi_regs_inst/_0476_,159.04µm
spi_regs_inst/net1048,158.63µm
wave_controller_x_inst/capture_step\[2\],158.58µm
spi_regs_inst/net450,158.58µm
clknet_leaf_34_clk_regs,158.12µm
net1496,157.92µm
wave_controller_x_inst/_1208_,157.66µm
cal_phase270_offset_x\[6\],157.56µm
raw_edge2_y\[9\],157.56µm
wave_controller_y_inst/wave_cycle_cnt\[3\],157.56µm
spi_regs_inst/net437,157.51µm
wave_controller_x_inst/_0893_,157.41µm
wave_controller_y_inst/net622,157.18µm
clknet_leaf_39_clk_regs,157.05µm
clknet_leaf_41_clk_regs,157µm
spi_regs_inst/net402,156.95µm
wave_controller_x_inst/_1009_,156.9µm
spi_regs_inst/_0562_,156.85µm
cal_phase90_offset_x\[10\],156.29µm
cfg_phase90_offset_x\[14\],156.29µm
wave_controller_x_inst/_0683_,156.24µm
spi_regs_inst/_0687_,155.78µm
spi_regs_inst/net373,155.78µm
net1429,155.73µm
cal_phase90_offset_x\[2\],155.68µm
wave_controller_x_inst/_1246_,155.27µm
net830,155.27µm
cfg_phase90_offset_y\[8\],155.12µm
spi_regs_inst/net1024,155.12µm
net841,154.71µm
wave_controller_x_inst/net518,154.61µm
clknet_leaf_17_clk_regs,154.35µm
cal_phase270_offset_x\[7\],154.2µm
cfg_phase0_offset_y\[13\],154.2µm
clknet_leaf_32_clk_regs,154.2µm
spi_regs_inst/_0723_,153.97µm
spi_regs_inst/net423,153.54µm
wave_controller_x_inst/net212,153.49µm
wave_controller_x_inst/net107,153.44µm
wave_controller_y_inst/net827,153.18µm
wave_controller_x_inst/net918,153.08µm
spi_regs_inst/net381,152.98µm
spi_regs_inst/_0654_,152.93µm
clknet_leaf_55_clk_regs,152.57µm
cal_phase0_offset_y\[14\],152.55µm
raw_edge1_x\[15\],152.47µm
spi_regs_inst/_0355_,152.42µm
wave_controller_y_inst/_0647_,152.37µm
spi_regs_inst/net1456,152.32µm
wave_controller_x_inst/net519,151.96µm
spi_regs_inst/_0708_,151.86µm
spi_regs_inst/_0209_,151.35µm
wave_controller_y_inst/phase_acc\[0\],151.35µm
cfg_phase270_offset_x\[13\],151.25µm
spi_regs_inst/_0659_,151.25µm
wave_controller_x_inst/net240,151.25µm
wave_controller_y_inst/net55,151.2µm
net1152,150.89µm
wave_controller_x_inst/_1248_,150.84µm
spi_regs_inst/net1077,150.84µm
wave_controller_x_inst/net201,150.79µm
spi_regs_inst/net382,150.79µm
spi_regs_inst/reg_wr_addr\[0\],150.48µm
wave_controller_y_inst/_1248_,150.18µm
wave_controller_y_inst/_0156_,150.13µm
wave_controller_y_inst/_0155_,150.08µm
cal_phase270_offset_x\[5\],149.83µm
cal_phase90_offset_x\[9\],149.72µm
cfg_phase0_offset_y\[4\],149.57µm
spi_regs_inst/net425,149.57µm
wave_controller_y_inst/_0893_,149.52µm
spi_regs_inst/net1082,149.26µm
spi_regs_inst/net385,149.11µm
spi_regs_inst/net1001,149.01µm
net1494,149.01µm
cal_phase0_offset_x\[5\],148.98µm
cfg_phase0_offset_x\[12\],148.5µm
spi_regs_inst/_0415_,148.45µm
wave_controller_x_inst/_0712_,148.45µm
cal_phase90_offset_x\[11\],148.4µm
wave_controller_x_inst/_0784_,148.4µm
spi_regs_inst/net1051,148.3µm
raw_edge2_x\[1\],148.14µm
clknet_leaf_48_clk_regs,148.09µm
spi_regs_inst/net295,147.89µm
net738,147.89µm
spi_regs_inst/net408,147.43µm
spi_regs_inst/_0464_,147.33µm
wave_controller_x_inst/wave_cycle_cnt\[1\],147.07µm
wave_controller_x_inst/_1029_,146.82µm
wave_controller_x_inst/net675,146.82µm
spi_regs_inst/_0607_,146.77µm
wave_controller_x_inst/net667,146.72µm
clknet_leaf_20_clk_regs,146.64µm
clknet_leaf_43_clk_regs,146.46µm
cal_phase90_offset_y\[16\],146.36µm
clknet_leaf_12_clk_regs,146.36µm
clknet_leaf_18_clk_regs,146.36µm
wave_controller_x_inst/_0645_,146.26µm
wave_controller_x_inst/net124,146.26µm
raw_edge3_y\[15\],146.21µm
spi_regs_inst/_0208_,146.21µm
wave_controller_x_inst/_1245_,145.93µm
spi_regs_inst/net398,145.75µm
wave_controller_x_inst/_0630_,145.7µm
wave_controller_y_inst/_1323_,145.7µm
spi_regs_inst/net421,145.65µm
net1495,145.65µm
net1132,145.6µm
cal_phase270_offset_x\[2\],145.48µm
spi_regs_inst/_0692_,145.19µm
wave_controller_x_inst/net135,145.09µm
wave_controller_x_inst/net243,145.09µm
raw_edge1_x\[14\],144.68µm
spi_regs_inst/net399,144.58µm
raw_edge3_y\[19\],144.53µm
wave_controller_y_inst/net70,144.53µm
wave_controller_y_inst/net176,144.53µm
spi_regs_inst/net1035,144.53µm
raw_edge2_x\[0\],144.22µm
spi_regs_inst/net586,144.04µm
wave_controller_y_inst/net740,144.02µm
spi_regs_inst/net1032,143.92µm
wave_controller_x_inst/net1443,143.92µm
clknet_leaf_51_clk_regs,143.71µm
clknet_leaf_31_clk_regs,143.61µm
votes_out_phase_y\[0\],143.46µm
wave_controller_x_inst/_0811_,143.46µm
spi_regs_inst/_0452_,143.41µm
spi_regs_inst/net297,143.41µm
net709,143.41µm
spi_regs_inst/net1028,143.36µm
wave_controller_x_inst/net504,142.95µm
wave_controller_y_inst/net130,142.9µm
signal_processor_x_inst/net457,142.9µm
wave_controller_y_inst/net1165,142.9µm
wave_controller_x_inst/net103,142.85µm
wave_controller_y_inst/net471,142.39µm
clknet_leaf_37_clk_regs,142.39µm
wave_controller_y_inst/_1255_,142.34µm
net742,142.29µm
wave_controller_y_inst/net800,142.29µm
net957,142.29µm
cal_phase270_offset_y\[8\],142.26µm
wave_controller_y_inst/net153,142.24µm
clknet_leaf_57_clk_regs,141.88µm
net1427,141.83µm
raw_edge3_y\[18\],141.78µm
wave_controller_x_inst/net942,141.73µm
spi_regs_inst/net1042,141.68µm
spi_regs_inst/_0542_,141.27µm
spi_regs_inst/net1080,141.27µm
wave_controller_y_inst/net51,141.17µm
clknet_leaf_21_clk_regs,140.86µm
clknet_leaf_52_clk_regs,140.86µm
wave_controller_x_inst/net678,140.76µm
wave_controller_y_inst/_1243_,140.66µm
spi_regs_inst/net427,140.61µm
wave_controller_y_inst/net184,140.56µm
cfg_phase0_offset_y\[6\],140.15µm
wave_controller_x_inst/net241,140.15µm
wave_controller_y_inst/_1009_,140.05µm
spi_regs_inst/_0317_,140µm
wave_controller_x_inst/net704,140µm
spi_regs_inst/net1058,140µm
clknet_leaf_23_clk_regs,139.64µm
clknet_leaf_40_clk_regs,139.64µm
net722,139.54µm
spi_regs_inst/net1033,139.54µm
wave_controller_y_inst/_1207_,139.49µm
wave_controller_x_inst/net926,139.49µm
wave_controller_y_inst/_0947_,139.16µm
spi_regs_inst/_0226_,139.08µm
spi_regs_inst/_0419_,139.03µm
wave_controller_y_inst/phase_acc\[8\],138.98µm
spi_regs_inst/_0493_,138.88µm
clknet_leaf_26_clk_regs,138.57µm
wave_controller_x_inst/_0418_,138.47µm
net964,138.42µm
cal_phase0_offset_x\[17\],138.37µm
cal_phase90_offset_y\[18\],138.37µm
wave_controller_x_inst/net109,138.37µm
spi_regs_inst/net1060,138.37µm
wave_controller_x_inst/net112,138.32µm
spi_regs_inst/net389,138.32µm
spi_regs_inst/_0211_,137.91µm
wave_controller_y_inst/_1233_,137.91µm
spi_regs_inst/net371,137.86µm
spi_regs_inst/net387,137.86µm
spi_regs_inst/_0605_,137.76µm
raw_edge2_x\[12\],137.35µm
spi_regs_inst/net1071,137.3µm
spi_regs_inst/_0225_,137.25µm
wave_controller_x_inst/net246,137.2µm
clknet_leaf_58_clk_regs,137.04µm
wave_controller_y_inst/phase_acc\[17\],136.94µm
cfg_phase270_offset_x\[1\],136.79µm
spi_regs_inst/net365,136.74µm
spi_regs_inst/_0373_,136.28µm
wave_controller_y_inst/_0712_,136.18µm
wave_controller_y_inst/net261,136.18µm
cfg_done,136.13µm
wave_controller_x_inst/net113,136.13µm
spi_regs_inst/net1008,136.13µm
wave_controller_x_inst/_0549_,136.08µm
spi_regs_inst/net538,135.93µm
wave_controller_y_inst/net166,135.62µm
wave_controller_y_inst/net479,135.57µm
wave_controller_y_inst/net487,135.52µm
clknet_leaf_8_clk_regs,135.21µm
cfg_phase0_offset_y\[1\],135.16µm
spi_regs_inst/net1190,135.16µm
wave_controller_x_inst/_0609_,135.11µm
wave_controller_x_inst/_0947_,134.96µm
wave_controller_y_inst/phase_acc\[16\],134.6µm
raw_edge3_y\[9\],134.55µm
wave_controller_x_inst/net209,134.45µm
net1191,134.45µm
net743,134.4µm
spi_regs_inst/net291,133.99µm
net1337,133.89µm
spi_regs_inst/_0254_,133.84µm
clknet_leaf_44_clk_regs,133.58µm
spi_regs_inst/_0707_,133.53µm
spi_regs_inst/net1070,133.48µm
wave_controller_y_inst/phase_acc\[4\],133.43µm
wave_controller_x_inst/net874,133.43µm
spi_regs_inst/net1011,133.43µm
spi_regs_inst/net993,133.38µm
spi_regs_inst/_0546_,133.33µm
wave_controller_y_inst/net819,133.02µm
delay_wave_cycle_x\[6\],132.92µm
wave_controller_x_inst/net210,132.87µm
spi_regs_inst/net536,132.82µm
cfg_phase0_offset_y\[5\],132.77µm
wave_controller_x_inst/net75,132.77µm
wave_controller_x_inst/net1184,132.77µm
spi_regs_inst/_0212_,132.72µm
spi_regs_inst/net1015,132.44µm
spi_regs_inst/_0323_,132.36µm
spi_regs_inst/_0710_,132.31µm
spi_regs_inst/net424,132.31µm
cal_phase90_offset_x\[5\],131.7µm
cfg_phase90_offset_x\[11\],131.7µm
spi_regs_inst/_0668_,131.7µm
cal_phase90_offset_x\[20\],131.65µm
cal_phase90_offset_y\[17\],131.65µm
spi_regs_inst/_0531_,131.6µm
analog[2],131.59µm
cal_phase0_offset_x\[4\],131.3µm
spi_regs_inst/_0206_,131.14µm
spi_regs_inst/_0679_,131.14µm
wave_controller_y_inst/net769,131.14µm
cfg_phase270_offset_y\[17\],131.09µm
cfg_phase90_offset_x\[13\],131.09µm
wave_controller_x_inst/_1219_,131.09µm
wave_controller_y_inst/net1124,131.04µm
spi_regs_inst/net575,130.63µm
spi_regs_inst/net1056,130.63µm
cal_phase90_offset_x\[12\],130.53µm
wave_controller_x_inst/net886,129.97µm
spi_regs_inst/_0235_,129.92µm
wave_controller_x_inst/net721,129.92µm
net1428,129.65µm
wave_controller_y_inst/net1172,129.46µm
phase_state_x\[0\],129.41µm
net949,129.41µm
wave_controller_x_inst/net690,129.36µm
spi_regs_inst/net1063,129.13µm
spi_regs_inst/net592,129.04µm
wave_controller_y_inst/wave_cycle_cnt\[2\],128.95µm
spi_regs_inst/_0367_,128.9µm
wave_controller_y_inst/_1430_,128.9µm
wave_controller_x_inst/net1198,128.9µm
signal_processor_y_inst/comp_pipe\[3\],128.85µm
spi_regs_inst/net404,128.85µm
net719,128.85µm
wave_controller_x_inst/_0621_,128.64µm
spi_regs_inst/net987,128.49µm
wave_controller_x_inst/net698,128.44µm
spi_regs_inst/net1057,128.29µm
wave_controller_y_inst/capture_step\[2\],127.88µm
wave_controller_x_inst/net691,127.78µm
spi_regs_inst/net1064,127.73µm
spi_regs_inst/_0307_,127.68µm
spi_regs_inst/net380,127.68µm
wave_controller_x_inst/_1432_,127.47µm
spi_regs_inst/net1054,127.22µm
wave_controller_x_inst/_1364_,127.17µm
spi_regs_inst/net1059,127.17µm
cal_phase0_offset_x\[12\],127.12µm
spi_regs_inst/_0671_,127.12µm
spi_regs_inst/net1061,127.12µm
spi_regs_inst/net17,126.71µm
wave_controller_y_inst/net469,126.71µm
wave_controller_y_inst/net798,126.71µm
net1129,126.66µm
wave_controller_y_inst/_1350_,126.56µm
wave_controller_y_inst/net21,126.56µm
signal_processor_x_inst/net321,126.15µm
cfg_phase0_offset_x\[1\],126.1µm
spi_regs_inst/_0216_,126.1µm
wave_controller_x_inst/_0522_,126.05µm
wave_controller_x_inst/net278,126.05µm
spi_regs_inst/reg_wr_data\[5\],126µm
spi_regs_inst/_0466_,125.59µm
wave_controller_x_inst/net93,125.54µm
net707,125.54µm
wave_controller_x_inst/net1189,125.54µm
wave_controller_x_inst/phase_acc\[2\],125.49µm
wave_controller_y_inst/_1321_,125.49µm
wave_controller_x_inst/wave_cycle_cnt\[4\],125.18µm
spi_regs_inst/_0662_,125.08µm
cfg_phase270_offset_x\[15\],125.03µm
wave_controller_x_inst/net502,124.98µm
spi_regs_inst/net407,124.93µm
wave_controller_x_inst/net1239,124.93µm
spi_regs_inst/_0345_,124.88µm
spi_regs_inst/_0596_,124.88µm
spi_regs_inst/net375,124.88µm
raw_edge2_y\[18\],124.62µm
signal_processor_y_inst/net314,124.42µm
cal_phase90_offset_x\[7\],124.37µm
raw_edge2_x\[17\],124.37µm
wave_controller_x_inst/_1220_,124.37µm
net1101,124.37µm
wave_controller_x_inst/net1209,124.37µm
cal_phase0_offset_y\[2\],124.32µm
spi_regs_inst/_0402_,124.32µm
spi_regs_inst/spi_addr\[4\],124.32µm
wave_controller_x_inst/net78,124.32µm
wave_controller_x_inst/net200,124.32µm
wave_controller_x_inst/net497,123.96µm
spi_regs_inst/net574,123.96µm
wave_controller_x_inst/net658,123.91µm
wave_controller_y_inst/_0630_,123.86µm
spi_regs_inst/_0667_,123.81µm
wave_controller_x_inst/net273,123.81µm
spi_regs_inst/net566,123.4µm
wave_controller_y_inst/net24,123.35µm
wave_controller_x_inst/_1284_,123.3µm
spi_regs_inst/net529,123.3µm
cal_phase0_offset_y\[10\],123.25µm
raw_edge3_y\[3\],123.25µm
wave_controller_x_inst/net892,123.25µm
spi_regs_inst/_0621_,123.2µm
spi_regs_inst/net571,123.2µm
wave_controller_y_inst/_1224_,122.89µm
clknet_leaf_50_clk_regs,122.89µm
net1115,122.79µm
spi_regs_inst/_0523_,122.74µm
wave_controller_x_inst/_0441_,122.74µm
wave_controller_y_inst/_1433_,122.74µm
spi_regs_inst/net301,122.74µm
wave_controller_x_inst/_1210_,122.69µm
wave_controller_y_inst/net1151,122.64µm
clknet_leaf_22_clk_regs,122.43µm
analog[3],122.34µm
cfg_f_MEMS_fcw_x\[0\],122.28µm
net831,122.28µm
cal_phase0_offset_x\[6\],122.18µm
raw_edge2_x\[16\],122.13µm
wave_controller_y_inst/_0549_,122.13µm
spi_regs_inst/net1049,122.13µm
cfg_f_MEMS_fcw_y\[5\],122.08µm
spi_regs_inst/_0387_,122.08µm
clknet_leaf_25_clk_regs,121.77µm
spi_regs_inst/_0705_,121.72µm
spi_regs_inst/net1020,121.72µm
raw_edge1_y\[0\],121.67µm
wave_controller_x_inst/_0613_,121.62µm
wave_controller_y_inst/_0609_,121.62µm
signal_processor_y_inst/net316,121.62µm
spi_regs_inst/net357,121.62µm
spi_regs_inst/_0288_,121.57µm
wave_controller_x_inst/phase_acc\[9\],121.57µm
wave_controller_y_inst/net28,121.57µm
spi_regs_inst/_0474_,121.52µm
wave_controller_x_inst/_1322_,121.52µm
clknet_leaf_54_clk_regs,121.16µm
cfg_phase90_offset_x\[7\],121.11µm
wave_controller_x_inst/_1315_,121.06µm
delay_wave_cycle_y\[5\],121.01µm
spi_regs_inst/net1050,121.01µm
spi_regs_inst/_0458_,120.96µm
wave_controller_y_inst/_0923_,120.96µm
spi_regs_inst/net1029,120.96µm
spi_regs_inst/net1055,120.96µm
clknet_leaf_15_clk_regs,120.78µm
wave_controller_x_inst/phase_acc\[3\],120.55µm
spi_regs_inst/net405,120.55µm
spi_regs_inst/net557,120.55µm
wave_controller_x_inst/net1244,120.55µm
wave_controller_x_inst/_1434_,120.45µm
wave_controller_x_inst/net1442,120.45µm
spi_regs_inst/_0514_,120.4µm
cfg_phase270_offset_x\[7\],119.94µm
raw_edge1_y\[13\],119.94µm
wave_controller_y_inst/net175,119.94µm
wave_controller_y_inst/net1097,119.94µm
wave_controller_y_inst/net767,119.89µm
net1196,119.89µm
signal_processor_x_inst/_042_,119.71µm
wave_controller_x_inst/net344,119.38µm
net1086,119.38µm
cfg_f_MEMS_fcw_y\[8\],119.33µm
cal_phase270_offset_x\[12\],119.28µm
signal_processor_y_inst/_042_,119.25µm
spi_regs_inst/net400,119.02µm
wave_controller_x_inst/net703,118.92µm
wave_controller_y_inst/net50,118.87µm
net1216,118.82µm
net1249,118.82µm
wave_controller_y_inst/net1107,118.77µm
spi_regs_inst/net258,118.72µm
spi_regs_inst/net1076,118.41µm
raw_edge2_y\[12\],118.31µm
wave_controller_y_inst/net628,118.26µm
spi_regs_inst/net1003,118.26µm
wave_controller_x_inst/_1224_,118.21µm
wave_controller_y_inst/net178,118.21µm
phase_state_x\[1\],118.16µm
wave_controller_x_inst/net87,118.16µm
spi_regs_inst/net1006,118.16µm
net1109,118.16µm
wave_controller_x_inst/net1178,117.98µm
net1288,117.85µm
spi_regs_inst/_0566_,117.8µm
wave_controller_y_inst/net330,117.75µm
cfg_f_MEMS_fcw_x\[10\],117.7µm
wave_controller_x_inst/net211,117.7µm
wave_controller_x_inst/net83,117.65µm
wave_controller_x_inst/net195,117.65µm
wave_controller_x_inst/net198,117.65µm
wave_controller_x_inst/net515,117.65µm
wave_controller_x_inst/net932,117.6µm
wave_controller_x_inst/net511,117.24µm
cal_phase90_offset_x\[0\],117.19µm
clknet_leaf_6_clk_regs,117.19µm
cfg_f_MEMS_fcw_x\[8\],117.14µm
wave_controller_x_inst/net872,117.14µm
spi_regs_inst/net1043,117.14µm
mems_drv_x,117.13µm
wave_controller_y_inst/phase_acc\[3\],117.09µm
spi_regs_inst/_0481_,117.04µm
clknet_leaf_47_clk_regs,116.73µm
spi_regs_inst/_0559_,116.63µm
wave_controller_x_inst/_0617_,116.63µm
wave_controller_y_inst/_1242_,116.63µm
net1214,116.63µm
net1489,116.63µm
raw_edge1_x\[0\],116.58µm
wave_controller_y_inst/_0811_,116.58µm
wave_controller_y_inst/net183,116.58µm
spi_regs_inst/net390,116.58µm
spi_regs_inst/net701,116.58µm
spi_regs_inst/_0483_,116.53µm
wave_controller_y_inst/_0784_,116.53µm
wave_controller_y_inst/_1431_,116.17µm
wave_controller_y_inst/_1432_,116.17µm
wave_controller_y_inst/net179,116.12µm
wave_controller_x_inst/net720,116.07µm
cal_phase270_offset_y\[20\],115.97µm
wave_controller_x_inst/_1241_,115.97µm
spi_regs_inst/net1041,115.97µm
wave_controller_y_inst/net177,115.92µm
wave_controller_y_inst/net1157,115.92µm
wave_controller_x_inst/_1316_,115.61µm
cal_dir_y,115.46µm
cal_timeout_x,115.46µm
raw_edge2_x\[4\],115.46µm
wave_controller_x_inst/net506,115.46µm
wave_controller_y_inst/net1116,115.46µm
wave_controller_x_inst/_0713_,115.41µm
wave_controller_x_inst/_1291_,115.41µm
wave_controller_x_inst/net85,115.41µm
wave_controller_x_inst/net199,115.41µm
cal_phase90_offset_y\[6\],115.36µm
net1201,115.36µm
spi_regs_inst/net547,115.05µm
wave_controller_y_inst/net784,114.95µm
spi_regs_inst/net985,114.9µm
cal_phase0_offset_x\[15\],114.85µm
spi_regs_inst/net290,114.85µm
spi_regs_inst/net303,114.85µm
wave_controller_y_inst/net1111,114.85µm
wave_controller_x_inst/net1202,114.85µm
net1254,114.85µm
spi_regs_inst/_0434_,114.8µm
wave_controller_y_inst/net1167,114.49µm
wave_controller_y_inst/net470,114.39µm
clknet_leaf_45_clk_regs,114.39µm
cal_phase0_offset_x\[1\],114.34µm
votes_in_phase_x\[1\],114.34µm
spi_regs_inst/net1046,114.34µm
raw_edge2_x\[15\],114.29µm
clknet_leaf_5_clk_regs,113.98µm
cal_phase270_offset_x\[17\],113.73µm
wave_controller_y_inst/net46,113.68µm
wave_controller_y_inst/net31,113.32µm
spi_regs_inst/_0683_,113.27µm
wave_controller_x_inst/net899,113.27µm
wave_controller_x_inst/_1212_,113.22µm
wave_controller_y_inst/net826,113.22µm
raw_edge2_y\[2\],112.81µm
spi_regs_inst/_0722_,112.71µm
spi_regs_inst/_0436_,112.66µm
raw_edge2_y\[1\],112.61µm
wave_controller_y_inst/_0150_,112.61µm
net1430,112.61µm
wave_controller_x_inst/net194,112.2µm
clknet_leaf_13_clk_regs,112.2µm
spi_regs_inst/_0688_,112.15µm
wave_controller_x_inst/_0710_,112.15µm
wave_controller_x_inst/_1321_,112.15µm
spi_regs_inst/net370,112.1µm
net728,112.05µm
spi_regs_inst/net986,112.05µm
spi_regs_inst/_0689_,112µm
wave_controller_y_inst/net484,112µm
spi_regs_inst/_0306_,111.94µm
wave_controller_x_inst/_1203_,111.77µm
cfg_f_MEMS_fcw_x\[7\],111.54µm
wave_controller_y_inst/net813,111.54µm
wave_controller_y_inst/net612,111.49µm
spi_regs_inst/net1000,111.49µm
spi_regs_inst/net1079,111.44µm
wave_controller_y_inst/_1053_,111.13µm
spi_regs_inst/_0261_,111.03µm
wave_controller_x_inst/_1243_,111.03µm
net834,111.03µm
spi_regs_inst/net998,110.98µm
spi_regs_inst/net1127,110.98µm
wave_controller_y_inst/_0378_,110.93µm
wave_controller_y_inst/_0486_,110.93µm
wave_controller_y_inst/net481,110.93µm
wave_controller_y_inst/net44,110.88µm
spi_regs_inst/net401,110.88µm
wave_controller_y_inst/_1249_,110.47µm
net1213,110.47µm
spi_regs_inst/_0612_,110.42µm
wave_controller_y_inst/_1291_,110.42µm
wave_controller_x_inst/net206,110.42µm
wave_controller_y_inst/net225,110.37µm
wave_controller_x_inst/_0155_,110.32µm
spi_regs_inst/net1017,109.96µm
spi_regs_inst/_0358_,109.91µm
spi_regs_inst/_0578_,109.91µm
wave_controller_y_inst/_0692_,109.86µm
cal_phase0_offset_x\[16\],109.81µm
cal_phase90_offset_x\[1\],109.81µm
cfg_phase0_offset_y\[8\],109.81µm
wave_controller_x_inst/net202,109.81µm
wave_controller_y_inst/net762,109.81µm
wave_controller_x_inst/phase_acc\[12\],109.5µm
cfg_phase270_offset_y\[0\],109.4µm
spi_regs_inst/net256,109.35µm
wave_controller_x_inst/_1323_,109.3µm
wave_controller_y_inst/net751,109.3µm
wave_controller_y_inst/net809,109.3µm
spi_regs_inst/net1039,109.3µm
spi_regs_inst/_0351_,109.25µm
wave_controller_y_inst/net642,109.25µm
wave_controller_x_inst/wave_cycle_cnt\[0\],109.2µm
wave_controller_x_inst/net1234,109.2µm
spi_regs_inst/_0645_,108.89µm
spi_regs_inst/_0661_,108.89µm
wave_controller_y_inst/_1434_,108.89µm
votes_in_phase_x\[3\],108.84µm
spi_regs_inst/net393,108.84µm
wave_controller_y_inst/_1241_,108.79µm
wave_controller_y_inst/phase_acc\[12\],108.79µm
wave_controller_x_inst/net73,108.79µm
wave_controller_x_inst/net86,108.79µm
cal_phase270_offset_y\[19\],108.74µm
wave_controller_x_inst/_0612_,108.74µm
wave_controller_x_inst/net123,108.74µm
wave_controller_x_inst/net523,108.74µm
wave_controller_x_inst/net666,108.74µm
spi_regs_inst/_0720_,108.71µm
wave_controller_x_inst/phase_acc\[16\],108.69µm
wave_controller_y_inst/net741,108.69µm
wave_controller_y_inst/net821,108.69µm
wave_controller_y_inst/net65,108.64µm
wave_controller_y_inst/net483,108.64µm
wave_controller_x_inst/net1321,108.64µm
spi_regs_inst/net1010,108.33µm
spi_regs_inst/_0469_,108.28µm
wave_controller_x_inst/_1216_,108.23µm
spi_regs_inst/net984,108.18µm
spi_regs_inst/net432,108.13µm
wave_controller_y_inst/net49,108.08µm
spi_regs_inst/_0712_,107.62µm
wave_controller_y_inst/_0563_,107.62µm
spi_regs_inst/net289,107.57µm
wave_controller_y_inst/net322,107.57µm
wave_controller_y_inst/_0434_,107.52µm
wave_controller_x_inst/net896,107.52µm
spi_regs_inst/_0577_,107.16µm
raw_edge1_y\[17\],107.11µm
wave_controller_x_inst/_1252_,107.06µm
wave_controller_y_inst/phase_acc\[18\],107.06µm
wave_controller_x_inst/net517,107.06µm
net1105,107.01µm
wave_controller_y_inst/net61,106.96µm
wave_controller_x_inst/net277,106.96µm
spi_regs_inst/_0583_,106.65µm
cal_phase270_offset_y\[0\],106.55µm
wave_controller_y_inst/_1315_,106.5µm
wave_controller_x_inst/net104,106.5µm
wave_controller_x_inst/net193,106.5µm
spi_regs_inst/net567,106.5µm
wave_controller_y_inst/_0613_,106.45µm
wave_controller_x_inst/net119,106.45µm
wave_controller_x_inst/net204,106.45µm
wave_controller_y_inst/_1587_,106.4µm
wave_controller_y_inst/net66,106.4µm
wave_controller_x_inst/net234,106.4µm
spi_regs_inst/net383,106.4µm
wave_controller_y_inst/phase_acc\[1\],106.12µm
wave_controller_y_inst/_0714_,105.94µm
cal_phase0_offset_x\[14\],105.89µm
wave_controller_y_inst/net732,105.89µm
wave_controller_y_inst/net836,105.89µm
net1110,105.89µm
spi_regs_inst/_0527_,105.43µm
cfg_phase90_offset_x\[10\],105.38µm
spi_regs_inst/net1016,105.38µm
spi_regs_inst/net1022,105.38µm
wave_controller_y_inst/net458,105.33µm
wave_controller_x_inst/net489,105.33µm
net718,105.33µm
net5,105.28µm
wave_controller_x_inst/net883,105.28µm
wave_controller_y_inst/net525,104.87µm
clknet_leaf_30_clk_regs,104.87µm
wave_controller_y_inst/net462,104.82µm
net1143,104.82µm
spi_regs_inst/_0427_,104.49µm
cfg_phase270_offset_y\[13\],104.41µm
spi_regs_inst/_0700_,104.31µm
spi_regs_inst/net386,104.26µm
spi_regs_inst/net542,104.26µm
spi_regs_inst/net1005,104.26µm
net1153,104.26µm
cal_phase0_offset_y\[16\],104.21µm
wave_controller_x_inst/_0643_,104.21µm
wave_controller_x_inst/net237,104.21µm
wave_controller_x_inst/net81,104.16µm
wave_controller_y_inst/net757,104.16µm
spi_regs_inst/net1004,104.16µm
wave_controller_y_inst/net26,103.85µm
wave_controller_x_inst/net82,103.75µm
wave_controller_x_inst/net191,103.7µm
net1131,103.7µm
net1136,103.7µm
wave_controller_y_inst/_1314_,103.6µm
wave_controller_y_inst/_1721_,103.6µm
wave_controller_y_inst/net1158,103.6µm
spi_regs_inst/_0239_,103.5µm
wave_controller_x_inst/net280,103.14µm
wave_controller_y_inst/_1293_,103.09µm
wave_controller_x_inst/net203,103.09µm
wave_controller_y_inst/net264,103.09µm
wave_controller_y_inst/net788,103.09µm
wave_controller_y_inst/net1166,102.97µm
spi_regs_inst/_0376_,102.58µm
wave_controller_y_inst/net34,102.58µm
cfg_phase0_offset_x\[14\],102.53µm
wave_controller_x_inst/net77,102.53µm
wave_controller_x_inst/net342,102.53µm
wave_controller_y_inst/net735,102.53µm
spi_regs_inst/_0477_,102.07µm
wave_controller_x_inst/phase_acc\[5\],102.02µm
wave_controller_y_inst/net140,102.02µm
spi_regs_inst/net300,102.02µm
wave_controller_x_inst/net343,101.97µm
spi_regs_inst/net1026,101.97µm
wave_controller_y_inst/net629,101.92µm
wave_controller_y_inst/_0600_,101.79µm
wave_controller_x_inst/_0378_,101.74µm
wave_controller_x_inst/_0714_,101.56µm
wave_controller_y_inst/net47,101.56µm
spi_regs_inst/net255,101.51µm
spi_regs_inst/net449,101.51µm
cal_timeout_y,101.46µm
wave_controller_y_inst/_1316_,101.46µm
wave_controller_x_inst/net888,101.46µm
spi_regs_inst/net1045,101.46µm
net1117,101.46µm
wave_controller_x_inst/net1188,101.46µm
wave_controller_x_inst/net923,101.41µm
spi_regs_inst/net1027,101.41µm
spi_regs_inst/_0572_,101.36µm
spi_regs_inst/_0633_,101.36µm
net1476,101.36µm
clknet_leaf_56_clk_regs,101.05µm
wave_controller_x_inst/_1312_,100.95µm
wave_controller_x_inst/net147,100.95µm
wave_controller_x_inst/net205,100.8µm
spi_regs_inst/net556,100.67µm
wave_controller_x_inst/net648,100.67µm
raw_edge2_x\[5\],100.44µm
wave_controller_x_inst/net208,100.44µm
wave_controller_y_inst/net173,100.34µm
wave_controller_x_inst/net513,100.34µm
spi_regs_inst/net997,100.34µm
spi_regs_inst/net253,100.29µm
wave_controller_x_inst/net275,100.29µm
spi_regs_inst/net996,100.29µm
wave_controller_x_inst/_1350_,100.24µm
spi_regs_inst/net308,100.24µm
spi_regs_inst/net585,100.24µm
wave_controller_x_inst/_1430_,99.98µm
spi_regs_inst/_0224_,99.93µm
spi_regs_inst/rx_shift\[2\],99.83µm
wave_controller_x_inst/_1289_,99.83µm
wave_controller_x_inst/net938,99.78µm
wave_controller_x_inst/net912,99.73µm
net1211,99.73µm
wave_controller_x_inst/net242,99.68µm
wave_controller_y_inst/net262,99.68µm
spi_regs_inst/net545,99.68µm
wave_controller_x_inst/net693,99.68µm
wave_controller_x_inst/net931,99.68µm
raw_edge3_y\[2\],99.32µm
spi_regs_inst/reg_wr_en,99.32µm
wave_controller_y_inst/net464,99.27µm
spi_regs_inst/net1002,99.27µm
wave_controller_y_inst/_1325_,99.22µm
wave_controller_x_inst/net493,99.22µm
net1108,99.12µm
signal_processor_y_inst/net723,98.81µm
wave_controller_y_inst/net23,98.71µm
wave_controller_y_inst/net482,98.71µm
raw_edge2_x\[2\],98.66µm
wave_controller_y_inst/net485,98.66µm
wave_controller_y_inst/net41,98.61µm
wave_controller_y_inst/net185,98.61µm
spi_regs_inst/net1052,98.61µm
net1479,98.61µm
wave_controller_y_inst/net40,98.56µm
spi_regs_inst/net544,98.56µm
wave_controller_x_inst/_0486_,98.1µm
wave_controller_y_inst/net1176,98.1µm
wave_controller_x_inst/net1193,98.05µm
wave_controller_x_inst/net89,98µm
spi_regs_inst/net593,98µm
wave_controller_y_inst/net787,97.59µm
spi_regs_inst/_0377_,97.54µm
spi_regs_inst/net288,97.54µm
spi_regs_inst/_0716_,97.44µm
wave_controller_y_inst/net221,97.44µm
net1138,97.21µm
wave_controller_x_inst/_1431_,97.03µm
raw_edge2_y\[3\],96.98µm
spi_regs_inst/_0320_,96.88µm
wave_controller_y_inst/_1436_,96.88µm
wave_controller_x_inst/net347,96.88µm
clknet_leaf_24_clk_regs,96.52µm
wave_controller_y_inst/_1292_,96.37µm
spi_regs_inst/_0245_,96.32µm
spi_regs_inst/_0372_,96.32µm
wave_controller_x_inst/_1557_,96.09µm
wave_controller_y_inst/_1254_,96.01µm
wave_controller_y_inst/net224,95.96µm
cfg_phase0_offset_x\[11\],95.91µm
spi_regs_inst/reg_wr_data\[2\],95.91µm
cal_done_y,95.81µm
wave_controller_x_inst/net192,95.81µm
wave_controller_y_inst/_0522_,95.76µm
wave_controller_x_inst/net146,95.76µm
spi_regs_inst/net995,95.76µm
wave_controller_y_inst/net37,95.4µm
spi_regs_inst/_0534_,95.38µm
wave_controller_y_inst/_1252_,95.35µm
wave_controller_x_inst/net102,95.3µm
wave_controller_x_inst/_0972_,95.25µm
wave_controller_x_inst/_1308_,95.25µm
wave_controller_x_inst/net207,95.25µm
wave_controller_y_inst/net791,95.25µm
wave_controller_x_inst/net1243,95.25µm
spi_regs_inst/_0312_,95.2µm
wave_controller_x_inst/net1235,95.2µm
wave_controller_x_inst/_1242_,94.84µm
spi_regs_inst/net362,94.84µm
wave_controller_y_inst/net824,94.84µm
wave_controller_y_inst/_1435_,94.74µm
spi_regs_inst/_0274_,94.69µm
spi_regs_inst/_0295_,94.69µm
spi_regs_inst/_0637_,94.69µm
wave_controller_x_inst/net1179,94.69µm
net1375,94.69µm
raw_edge3_x\[9\],94.23µm
spi_regs_inst/net584,94.23µm
spi_regs_inst/net1040,94.23µm
wave_controller_x_inst/_0971_,94.18µm
wave_controller_x_inst/_1433_,94.18µm
wave_controller_x_inst/_0156_,94.13µm
spi_regs_inst/_0545_,94.08µm
signal_processor_y_inst/_055_,93.67µm
wave_controller_y_inst/_0612_,93.62µm
wave_controller_x_inst/net903,93.62µm
wave_controller_x_inst/net1256,93.62µm
wave_controller_y_inst/_0978_,93.57µm
wave_controller_x_inst/net668,93.57µm
spi_regs_inst/net1540,93.57µm
wave_controller_y_inst/_0441_,93.52µm
wave_controller_y_inst/net59,93.52µm
wave_controller_y_inst/net1161,93.24µm
wave_controller_y_inst/_1312_,93.11µm
wave_controller_x_inst/net1180,93.11µm
wave_controller_x_inst/_0614_,93.06µm
wave_controller_y_inst/net460,93.06µm
spi_regs_inst/_0454_,93.01µm
wave_controller_y_inst/net331,93.01µm
spi_regs_inst/net1062,93.01µm
wave_controller_x_inst/net891,92.96µm
net1357,92.96µm
cfg_phase0_offset_y\[14\],92.55µm
raw_edge2_x\[7\],92.55µm
raw_edge2_y\[5\],92.5µm
spi_regs_inst/_0510_,92.5µm
net1173,92.5µm
wave_controller_x_inst/net143,92.45µm
wave_controller_y_inst/net749,92.45µm
wave_controller_x_inst/_0552_,92.4µm
wave_controller_y_inst/_0611_,92.4µm
wave_controller_x_inst/net911,92.4µm
spi_regs_inst/net528,92.04µm
wave_controller_x_inst/_1440_,91.94µm
wave_controller_y_inst/_1449_,91.94µm
raw_edge2_x\[19\],91.84µm
spi_regs_inst/_0622_,91.48µm
wave_controller_x_inst/net496,91.43µm
wave_controller_x_inst/net516,91.43µm
spi_regs_inst/_0697_,91.38µm
wave_controller_x_inst/phase_acc\[17\],91.38µm
net1451,91.38µm
raw_edge1_x\[3\],91.33µm
wave_controller_x_inst/_0923_,91.33µm
spi_regs_inst/net441,91.33µm
wave_controller_y_inst/_0503_,91.28µm
wave_controller_y_inst/net328,90.92µm
spi_regs_inst/_0555_,90.87µm
wave_controller_y_inst/net32,90.87µm
spi_regs_inst/net379,90.87µm
spi_regs_inst/net1075,90.87µm
wave_controller_x_inst/net1085,90.87µm
spi_regs_inst/reg_wr_addr\[5\],90.82µm
wave_controller_x_inst/net341,90.82µm
wave_controller_x_inst/_0692_,90.77µm
net1475,90.77µm
cal_phase90_offset_y\[2\],90.72µm
wave_controller_y_inst/net35,90.72µm
wave_controller_x_inst/net885,90.72µm
raw_edge1_x\[5\],90.41µm
cal_phase0_offset_y\[0\],90.31µm
cfg_phase270_offset_x\[9\],90.31µm
cfg_phase90_offset_y\[14\],90.31µm
spi_regs_inst/rx_shift\[0\],90.31µm
wave_controller_y_inst/_1269_,90.26µm
wave_controller_x_inst/net1208,90.26µm
spi_regs_inst/_0501_,90.21µm
wave_controller_x_inst/net74,90.21µm
wave_controller_y_inst/_1044_,90.16µm
spi_regs_inst/net591,90.16µm
net1135,89.8µm
spi_regs_inst/_0429_,89.76µm
signal_processor_x_inst/net712,89.75µm
wave_controller_y_inst/net180,89.7µm
wave_controller_x_inst/net1195,89.7µm
wave_controller_x_inst/net695,89.65µm
wave_controller_y_inst/net783,89.65µm
cal_phase0_offset_x\[10\],89.6µm
wave_controller_x_inst/net682,89.6µm
spi_regs_inst/net1072,89.6µm
net1096,89.24µm
wave_controller_x_inst/net1223,89.19µm
cal_phase0_offset_y\[3\],89.14µm
wave_controller_y_inst/_0617_,89.14µm
spi_regs_inst/net305,89.14µm
wave_controller_y_inst/net811,89.14µm
cal_phase270_offset_y\[10\],89.09µm
wave_controller_x_inst/net503,89.09µm
spi_regs_inst/_0528_,89.04µm
wave_controller_y_inst/_0467_,89.04µm
wave_controller_y_inst/net613,89.04µm
wave_controller_y_inst/net730,89.04µm
net739,89.04µm
wave_controller_y_inst/net840,89.04µm
spi_regs_inst/net1328,89.04µm
wave_controller_x_inst/_1314_,88.68µm
spi_regs_inst/net577,88.63µm
net1192,88.63µm
wave_controller_x_inst/net247,88.58µm
spi_regs_inst/net1037,88.58µm
spi_regs_inst/_0448_,88.53µm
spi_regs_inst/_0609_,88.53µm
wave_controller_x_inst/net902,88.53µm
wave_controller_x_inst/net1237,88.53µm
spi_regs_inst/_0305_,88.48µm
wave_controller_y_inst/net167,88.48µm
wave_controller_y_inst/net620,88.48µm
wave_controller_y_inst/net774,88.48µm
wave_controller_x_inst/net915,88.48µm
wave_controller_x_inst/net880,88.25µm
wave_controller_y_inst/_1289_,88.12µm
wave_controller_y_inst/net63,88.12µm
spi_regs_inst/_0280_,88.07µm
spi_regs_inst/_0221_,88.02µm
spi_regs_inst/rx_shift\[4\],88.02µm
wave_controller_y_inst/_1228_,88.02µm
spi_regs_inst/_0247_,87.97µm
wave_controller_x_inst/_1300_,87.97µm
wave_controller_y_inst/net171,87.97µm
spi_regs_inst/net1009,87.97µm
wave_controller_y_inst/_0520_,87.92µm
wave_controller_y_inst/net219,87.92µm
net1230,87.92µm
wave_controller_y_inst/net606,87.66µm
wave_controller_x_inst/net281,87.64µm
wave_controller_x_inst/net117,87.56µm
wave_controller_y_inst/_0643_,87.46µm
wave_controller_y_inst/net229,87.46µm
spi_regs_inst/net1036,87.46µm
spi_regs_inst/_0298_,87.42µm
wave_controller_y_inst/_1319_,87.41µm
spi_regs_inst/_0297_,87.36µm
spi_regs_inst/_0554_,87.36µm
wave_controller_y_inst/_0485_,87.36µm
wave_controller_y_inst/phase_acc\[6\],87µm
wave_controller_x_inst/net276,87µm
wave_controller_x_inst/net491,87µm
spi_regs_inst/_0669_,86.95µm
spi_regs_inst/_0719_,86.9µm
wave_controller_x_inst/phase_acc\[15\],86.9µm
wave_controller_x_inst/net245,86.9µm
spi_regs_inst/net285,86.9µm
raw_edge2_y\[17\],86.85µm
spi_regs_inst/_0657_,86.85µm
spi_regs_inst/net353,86.85µm
wave_controller_x_inst/net697,86.85µm
wave_controller_y_inst/net1544,86.8µm
wave_controller_y_inst/_0650_,86.39µm
wave_controller_x_inst/_1448_,86.34µm
wave_controller_x_inst/net650,86.34µm
wave_controller_x_inst/net906,86.34µm
cal_phase0_offset_x\[19\],86.29µm
spi_regs_inst/reg_wr_addr\[4\],86.24µm
wave_controller_x_inst/_1037_,86.24µm
wave_controller_y_inst/net621,85.83µm
cfg_phase90_offset_y\[11\],85.78µm
raw_edge1_x\[13\],85.78µm
wave_controller_x_inst/_1464_,85.78µm
wave_controller_x_inst/net120,85.78µm
wave_controller_y_inst/net217,85.78µm
wave_controller_y_inst/net607,85.78µm
wave_controller_y_inst/net789,85.68µm
wave_controller_x_inst/_0572_,85.27µm
spi_regs_inst/net1142,85.27µm
wave_controller_x_inst/net660,85.22µm
wave_controller_x_inst/net937,85.22µm
wave_controller_x_inst/net1212,85.22µm
wave_controller_x_inst/net1226,85.22µm
net1327,85.22µm
spi_regs_inst/_0598_,85.17µm
wave_controller_x_inst/_0150_,85.17µm
wave_controller_x_inst/net916,85.17µm
wave_controller_y_inst/net1415,85.17µm
spi_regs_inst/net1504,85.17µm
cal_phase0_offset_x\[11\],85.12µm
cfg_f_MEMS_fcw_y\[9\],85.12µm
spi_regs_inst/_0375_,85.12µm
wave_controller_y_inst/phase_acc\[9\],85.12µm
wave_controller_y_inst/net216,84.81µm
signal_processor_y_inst/net456,84.71µm
wave_controller_x_inst/_1309_,84.66µm
wave_controller_y_inst/net323,84.66µm
wave_controller_x_inst/net679,84.66µm
mems_drv_y,84.65µm
spi_regs_inst/_0617_,84.61µm
wave_controller_x_inst/net152,84.61µm
wave_controller_y_inst/net461,84.61µm
net706,84.61µm
cal_phase0_offset_y\[6\],84.56µm
wave_controller_y_inst/phase_acc\[7\],84.56µm
wave_controller_y_inst/net758,84.56µm
spi_regs_inst/net1013,84.56µm
raw_edge2_x\[9\],84.15µm
cfg_f_MEMS_fcw_y\[3\],84.1µm
spi_regs_inst/_0699_,84.1µm
wave_controller_y_inst/_1320_,84.1µm
wave_controller_y_inst/_1722_,84.05µm
wave_controller_y_inst/net56,84.05µm
net521,84.05µm
wave_controller_y_inst/net172,84µm
wave_controller_y_inst/net763,83.59µm
wave_controller_y_inst/net57,83.54µm
spi_regs_inst/net537,83.54µm
net1530,83.54µm
cal_phase90_offset_x\[3\],83.44µm
spi_regs_inst/_0430_,83.44µm
wave_controller_x_inst/net1186,83.03µm
wave_controller_x_inst/_1286_,82.98µm
wave_controller_y_inst/net25,82.98µm
cfg_phase0_offset_y\[9\],82.93µm
raw_edge1_y\[5\],82.93µm
wave_controller_x_inst/_1721_,82.93µm
wave_controller_y_inst/_0423_,82.93µm
spi_regs_inst/net1069,82.93µm
net1448,82.88µm
wave_controller_x_inst/wave_cycle_cnt\[6\],82.47µm
wave_controller_y_inst/_0616_,82.47µm
spi_regs_inst/net448,82.47µm
wave_controller_y_inst/net803,82.47µm
wave_controller_x_inst/_0610_,82.42µm
spi_regs_inst/net1012,82.42µm
net1369,82.42µm
spi_regs_inst/net1488,82.42µm
wave_controller_x_inst/phase_acc\[20\],82.37µm
wave_controller_y_inst/_1284_,82.37µm
wave_controller_y_inst/capture_pending,82.37µm
wave_controller_x_inst/_0911_,82.32µm
wave_controller_y_inst/net476,82.32µm
wave_controller_y_inst/_1429_,81.96µm
wave_controller_y_inst/net463,81.91µm
spi_regs_inst/_0350_,81.86µm
wave_controller_y_inst/net266,81.86µm
wave_controller_y_inst/net1113,81.86µm
spi_regs_inst/_0539_,81.81µm
wave_controller_x_inst/_1383_,81.81µm
wave_controller_y_inst/_1276_,81.76µm
wave_controller_x_inst/net92,81.76µm
wave_controller_y_inst/net1512,81.76µm
wave_controller_y_inst/_0552_,81.3µm
spi_regs_inst/net543,81.3µm
wave_controller_x_inst/net657,81.3µm
signal_processor_y_inst/net315,81.25µm
wave_controller_y_inst/net1392,81.25µm
spi_regs_inst/net1473,81.25µm
spi_regs_inst/_0587_,81.2µm
wave_controller_x_inst/net1432,81.2µm
net1551,81.2µm
cfg_phase270_offset_y\[9\],80.94µm
raw_edge3_x\[2\],80.84µm
wave_controller_x_inst/net673,80.79µm
wave_controller_y_inst/_1448_,80.74µm
raw_edge3_x\[8\],80.69µm
spi_regs_inst/net553,80.69µm
spi_regs_inst/_0673_,80.64µm
wave_controller_x_inst/_1034_,80.64µm
wave_controller_y_inst/net1155,80.64µm
spi_regs_inst/_0580_,80.28µm
wave_controller_x_inst/net1262,80.23µm
net1542,80.23µm
raw_edge2_x\[8\],80.18µm
spi_regs_inst/_0592_,80.18µm
wave_controller_x_inst/_1327_,80.18µm
wave_controller_x_inst/net340,80.18µm
spi_regs_inst/reg_wr_data\[0\],80.13µm
wave_controller_x_inst/_1297_,80.13µm
wave_controller_y_inst/net215,80.13µm
spi_regs_inst/net1074,80.13µm
spi_regs_inst/net1333,80.13µm
spi_regs_inst/_0395_,80.08µm
spi_regs_inst/_0408_,80.08µm
wave_controller_x_inst/_0423_,80.08µm
wave_controller_y_inst/_1438_,79.72µm
spi_regs_inst/rx_shift\[1\],79.67µm
wave_controller_x_inst/_1325_,79.67µm
signal_processor_x_inst/_041_,79.62µm
wave_controller_y_inst/net218,79.62µm
spi_regs_inst/net1467,79.62µm
spi_regs_inst/_0610_,79.57µm
cfg_phase270_offset_x\[12\],79.52µm
wave_controller_y_inst/_1297_,79.52µm
net1177,79.52µm
spi_regs_inst/net1408,79.52µm
raw_edge2_y\[6\],79.16µm
wave_controller_y_inst/net30,79.11µm
spi_regs_inst/_0552_,79.06µm
wave_controller_y_inst/_1440_,79.06µm
wave_controller_y_inst/_1605_,79.06µm
wave_controller_y_inst/net263,79.06µm
wave_controller_y_inst/net1510,79.06µm
wave_controller_y_inst/net267,79.01µm
wave_controller_x_inst/net901,79.01µm
cfg_f_MEMS_fcw_x\[6\],78.96µm
wave_controller_y_inst/net1154,78.96µm
wave_controller_x_inst/net1233,78.96µm
wave_controller_x_inst/net1253,78.96µm
wave_controller_x_inst/net674,78.6µm
wave_controller_y_inst/net1391,78.5µm
spi_regs_inst/_0263_,78.45µm
spi_regs_inst/_0449_,78.45µm
wave_controller_y_inst/_0529_,78.45µm
wave_controller_y_inst/_0737_,78.45µm
wave_controller_y_inst/_1219_,78.45µm
wave_controller_x_inst/net941,78.45µm
wave_controller_x_inst/_0622_,78.4µm
spi_regs_inst/net433,78.4µm
wave_controller_y_inst/net731,78.4µm
wave_controller_x_inst/net868,78.4µm
wave_controller_y_inst/net168,77.99µm
net1250,77.99µm
wave_controller_x_inst/_0485_,77.94µm
wave_controller_x_inst/net1219,77.94µm
wave_controller_x_inst/_1295_,77.89µm
wave_controller_x_inst/_1547_,77.89µm
wave_controller_y_inst/_0764_,77.89µm
spi_regs_inst/net1014,77.89µm
net1356,77.89µm
wave_controller_y_inst/_0259_,77.84µm
spi_regs_inst/net251,77.84µm
spi_regs_inst/net570,77.84µm
wave_controller_y_inst/_0710_,77.48µm
spi_regs_inst/reg_wr_data\[3\],77.38µm
wave_controller_x_inst/_1254_,77.38µm
wave_controller_x_inst/phase_acc\[0\],77.38µm
wave_controller_y_inst/net1515,77.38µm
wave_controller_y_inst/net136,77.33µm
cfg_phase90_offset_y\[9\],77.28µm
wave_controller_x_inst/_0414_,77.28µm
wave_controller_y_inst/_0287_,77.28µm
wave_controller_y_inst/net327,77.28µm
wave_controller_x_inst/net965,76.87µm
cfg_phase270_offset_y\[10\],76.82µm
spi_regs_inst/_0638_,76.82µm
spi_regs_inst/net307,76.82µm
spi_regs_inst/net572,76.82µm
wave_controller_x_inst/net921,76.82µm
wave_controller_x_inst/net1194,76.82µm
wave_controller_x_inst/net869,76.77µm
spi_regs_inst/_0586_,76.72µm
wave_controller_y_inst/net182,76.31µm
raw_edge1_x\[12\],76.26µm
wave_controller_x_inst/net877,76.26µm
spi_regs_inst/net1519,76.26µm
wave_controller_y_inst/net223,76.21µm
wave_controller_y_inst/net736,76.21µm
wave_controller_y_inst/net1098,76.21µm
wave_controller_y_inst/net1386,76.21µm
spi_regs_inst/_0290_,76.16µm
spi_regs_inst/_0422_,76.16µm
spi_regs_inst/_0473_,76.16µm
spi_regs_inst/_0715_,76.16µm
wave_controller_x_inst/_1429_,76.16µm
wave_controller_x_inst/net1314,76.16µm
state_machine_inst/net284,75.8µm
wave_controller_x_inst/_1228_,75.75µm
spi_regs_inst/mosi_sync\[1\],75.7µm
net1492,75.7µm
spi_regs_inst/reg_wr_data\[6\],75.65µm
wave_controller_x_inst/_0252_,75.65µm
wave_controller_y_inst/net27,75.65µm
signal_processor_x_inst/net1282,75.65µm
wave_controller_y_inst/_1206_,75.6µm
wave_controller_x_inst/net121,75.6µm
wave_controller_x_inst/phase_acc\[6\],75.24µm
wave_controller_y_inst/net1125,75.24µm
wave_controller_y_inst/net1156,75.19µm
cal_phase270_offset_y\[12\],75.14µm
cfg_phase270_offset_x\[17\],75.14µm
wave_controller_x_inst/phase_acc\[18\],75.14µm
wave_controller_x_inst/net499,75.14µm
wave_controller_y_inst/phase_acc\[5\],75.09µm
wave_controller_y_inst/net632,75.09µm
wave_controller_y_inst/net1099,75.09µm
spi_regs_inst/net1474,75.09µm
spi_regs_inst/_0451_,75.04µm
spi_regs_inst/_0694_,75.04µm
spi_regs_inst/net440,75.04µm
wave_controller_x_inst/net649,74.68µm
spi_regs_inst/_0632_,74.63µm
wave_controller_x_inst/net510,74.63µm
wave_controller_y_inst/net761,74.63µm
cal_phase0_offset_x\[13\],74.58µm
wave_controller_x_inst/net867,74.58µm
wave_controller_y_inst/net1400,74.58µm
spi_regs_inst/net1483,74.58µm
wave_controller_y_inst/net181,74.53µm
cal_phase270_offset_y\[7\],74.48µm
spi_regs_inst/_0413_,74.48µm
spi_regs_inst/_0423_,74.48µm
signal_processor_x_inst/net317,74.48µm
spi_regs_inst/net569,74.48µm
net1265,74.48µm
raw_edge2_x\[14\],74.22µm
raw_edge1_y\[7\],74.12µm
wave_controller_x_inst/net79,74.12µm
wave_controller_x_inst/_1292_,74.07µm
cfg_phase270_offset_x\[10\],74.02µm
wave_controller_x_inst/net279,74.02µm
signal_processor_x_inst/net319,74.02µm
wave_controller_x_inst/net514,74.02µm
signal_processor_y_inst/net1364,74.02µm
delay_wave_cycle_y\[4\],73.97µm
wave_controller_x_inst/_1425_,73.97µm
spi_regs_inst/net286,73.97µm
wave_controller_y_inst/net814,73.97µm
wave_controller_x_inst/net1199,73.97µm
spi_regs_inst/_0363_,73.92µm
wave_controller_y_inst/net768,73.92µm
wave_controller_y_inst/net1388,73.56µm
wave_controller_x_inst/net339,73.51µm
wave_controller_x_inst/net345,73.51µm
raw_edge2_x\[3\],73.46µm
wave_controller_x_inst/_1390_,73.46µm
spi_regs_inst/net1047,73.46µm
wave_controller_x_inst/net1203,73.46µm
spi_regs_inst/net1335,73.46µm
cfg_phase0_offset_x\[9\],73.41µm
wave_controller_x_inst/_1550_,73.41µm
wave_controller_y_inst/net526,73.41µm
wave_controller_x_inst/net656,73.41µm
spi_regs_inst/_0379_,73.36µm
wave_controller_x_inst/_1354_,73.36µm
wave_controller_x_inst/net105,73.36µm
net1185,73.08µm
wave_controller_x_inst/net1258,72.95µm
signal_processor_y_inst/s90_pipe\[3\],72.9µm
wave_controller_x_inst/_1279_,72.9µm
raw_edge1_x\[20\],72.85µm
wave_controller_x_inst/_1269_,72.85µm
net1478,72.85µm
spi_regs_inst/_0304_,72.8µm
spi_regs_inst/_0324_,72.8µm
net1502,72.8µm
wave_controller_y_inst/net1424,72.54µm
wave_controller_x_inst/_1436_,72.49µm
spi_regs_inst/_0571_,72.44µm
spi_regs_inst/rx_shift\[3\],72.44µm
wave_controller_y_inst/_1226_,72.44µm
wave_controller_y_inst/_1286_,72.39µm
wave_controller_x_inst/net98,72.39µm
wave_controller_y_inst/net637,72.39µm
wave_controller_x_inst/_1221_,72.34µm
wave_controller_x_inst/net233,72.34µm
spi_regs_inst/net431,72.34µm
net1163,72.34µm
wave_controller_x_inst/net115,72.29µm
wave_controller_y_inst/net158,72.29µm
spi_regs_inst/net699,72.29µm
wave_controller_y_inst/net1104,72.24µm
net1300,72.24µm
wave_controller_x_inst/net500,71.88µm
spi_regs_inst/_0223_,71.78µm
spi_regs_inst/_0591_,71.78µm
wave_controller_x_inst/_0619_,71.78µm
wave_controller_y_inst/net39,71.78µm
spi_regs_inst/net444,71.78µm
signal_processor_x_inst/net715,71.78µm
wave_controller_y_inst/net1175,71.78µm
wave_controller_y_inst/net1421,71.78µm
cfg_f_MEMS_fcw_x\[3\],71.73µm
wave_controller_y_inst/_0911_,71.73µm
spi_regs_inst/net454,71.73µm
spi_regs_inst/net590,71.73µm
wave_controller_y_inst/net792,71.73µm
wave_controller_x_inst/net940,71.73µm
wave_controller_y_inst/_0834_,71.68µm
wave_controller_x_inst/_1226_,71.45µm
wave_controller_y_inst/_0414_,71.37µm
wave_controller_x_inst/wave_cycle_cnt\[3\],71.27µm
spi_regs_inst/net368,71.27µm
wave_controller_x_inst/net235,71.22µm
wave_controller_y_inst/net643,71.22µm
wave_controller_y_inst/_1210_,71.17µm
wave_controller_y_inst/phase_acc\[20\],71.17µm
wave_controller_y_inst/net770,71.17µm
wave_controller_x_inst/net924,71.17µm
signal_processor_x_inst/_088_,71.12µm
wave_controller_y_inst/_0260_,71.12µm
wave_controller_y_inst/net326,71.12µm
spi_regs_inst/net1018,71.12µm
wave_controller_y_inst/net638,70.71µm
wave_controller_x_inst/net694,70.71µm
wave_controller_y_inst/net733,70.71µm
spi_regs_inst/_0660_,70.66µm
wave_controller_y_inst/comp_sync3,70.66µm
cfg_phase270_offset_y\[1\],70.61µm
spi_regs_inst/_0568_,70.61µm
spi_regs_inst/net527,70.61µm
wave_controller_y_inst/net609,70.61µm
wave_controller_y_inst/net795,70.61µm
spi_regs_inst/net1019,70.61µm
wave_controller_y_inst/_1419_,70.56µm
spi_regs_inst/net583,70.56µm
wave_controller_y_inst/net1159,70.56µm
wave_controller_y_inst/net227,70.1µm
wave_controller_y_inst/net600,70.1µm
net1298,70.1µm
spi_regs_inst/_0269_,70.05µm
wave_controller_x_inst/net239,70.05µm
spi_regs_inst/net298,70.05µm
wave_controller_x_inst/net929,70.05µm
net1269,70.05µm
wave_controller_y_inst/net20,70µm
wave_controller_y_inst/net64,70µm
spi_regs_inst/net587,70µm
spi_regs_inst/_0353_,69.82µm
raw_edge1_y\[4\],69.54µm
spi_regs_inst/_0702_,69.54µm
wave_controller_y_inst/phase_acc\[14\],69.54µm
wave_controller_x_inst/net72,69.54µm
wave_controller_x_inst/net871,69.54µm
spi_regs_inst/net1031,69.54µm
wave_controller_y_inst/net1385,69.54µm
spi_regs_inst/_0281_,69.49µm
spi_regs_inst/_0301_,69.49µm
spi_regs_inst/_0348_,69.49µm
spi_regs_inst/_0417_,69.49µm
wave_controller_x_inst/_1276_,69.49µm
wave_controller_y_inst/net760,69.49µm
wave_controller_y_inst/net1508,69.49µm
wave_controller_y_inst/_0590_,69.44µm
wave_controller_y_inst/net805,69.44µm
wave_controller_y_inst/net467,69.26µm
signal_processor_y_inst/net313,69.08µm
signal_processor_x_inst/_061_,69.03µm
wave_controller_y_inst/_1333_,68.98µm
wave_controller_y_inst/net790,68.98µm
spi_regs_inst/net1067,68.98µm
raw_edge1_x\[11\],68.93µm
spi_regs_inst/_0701_,68.93µm
wave_controller_y_inst/_1281_,68.93µm
wave_controller_x_inst/net897,68.93µm
wave_controller_x_inst/net939,68.93µm
net1396,68.88µm
delay_wave_cycle_x\[4\],68.52µm
wave_controller_y_inst/_0672_,68.42µm
wave_controller_y_inst/_1039_,68.42µm
signal_processor_x_inst/comp_pipe\[3\],68.37µm
wave_controller_x_inst/_0672_,68.37µm
spi_regs_inst/net552,68.37µm
wave_controller_x_inst/net927,68.37µm
wave_controller_y_inst/net1103,68.37µm
spi_regs_inst/_0336_,68.32µm
spi_regs_inst/_0556_,68.32µm
spi_regs_inst/_0597_,68.32µm
wave_controller_y_inst/net475,68.32µm
wave_controller_y_inst/net816,67.96µm
wave_controller_x_inst/net1325,67.91µm
cal_phase270_offset_x\[0\],67.86µm
spi_regs_inst/net1078,67.86µm
spi_regs_inst/net1471,67.86µm
raw_edge3_x\[14\],67.81µm
signal_processor_y_inst/_041_,67.81µm
spi_regs_inst/_0561_,67.81µm
wave_controller_y_inst/net33,67.81µm
net1553,67.81µm
cal_phase0_offset_y\[20\],67.76µm
wave_controller_x_inst/_0529_,67.76µm
wave_controller_x_inst/net97,67.76µm
wave_controller_y_inst/net610,67.76µm
wave_controller_y_inst/_1278_,67.35µm
signal_processor_x_inst/net318,67.35µm
spi_regs_inst/net565,67.35µm
wave_controller_y_inst/net1141,67.35µm
spi_regs_inst/_0703_,67.3µm
spi_regs_inst/net354,67.3µm
wave_controller_y_inst/net1126,67.25µm
spi_regs_inst/net1407,67.25µm
wave_controller_x_inst/_0413_,67.2µm
wave_controller_x_inst/net248,67.2µm
wave_controller_x_inst/net1232,67.2µm
cfg_phase270_offset_x\[11\],66.79µm
spi_regs_inst/_0600_,66.74µm
wave_controller_y_inst/_0610_,66.74µm
wave_controller_x_inst/net91,66.74µm
wave_controller_y_inst/net230,66.74µm
signal_processor_y_inst/net727,66.74µm
wave_controller_y_inst/net1547,66.74µm
raw_edge3_y\[11\],66.69µm
wave_controller_x_inst/_0503_,66.69µm
wave_controller_x_inst/_1399_,66.69µm
wave_controller_y_inst/_0209_,66.69µm
net1224,66.69µm
wave_controller_x_inst/net1264,66.69µm
wave_controller_x_inst/net1308,66.69µm
net1352,66.69µm
soft_rst_n,66.64µm
spi_regs_inst/_0665_,66.64µm
wave_controller_x_inst/net108,66.64µm
signal_processor_y_inst/net724,66.28µm
wave_controller_y_inst/net473,66.23µm
wave_controller_x_inst/net505,66.23µm
net848,66.23µm
net1215,66.23µm
spi_regs_inst/spi_addr\[5\],66.18µm
wave_controller_x_inst/net350,66.18µm
wave_controller_y_inst/net644,66.18µm
net1477,66.18µm
raw_edge1_x\[6\],66.08µm
wave_controller_x_inst/_1278_,65.85µm
signal_processor_x_inst/s90,65.72µm
wave_controller_y_inst/_1327_,65.62µm
spi_regs_inst/_0579_,65.57µm
wave_controller_x_inst/_0953_,65.57µm
spi_regs_inst/net436,65.57µm
wave_controller_x_inst/net494,65.57µm
signal_processor_x_inst/net1279,65.57µm
wave_controller_y_inst/net1378,65.57µm
spi_regs_inst/_0315_,65.52µm
spi_regs_inst/net582,65.52µm
spi_regs_inst/net589,65.52µm
spi_regs_inst/net1023,65.52µm
wave_controller_x_inst/_1443_,65.16µm
wave_controller_x_inst/net890,65.16µm
wave_controller_x_inst/net492,65.11µm
cfg_phase0_offset_y\[11\],65.06µm
spi_regs_inst/_0672_,65.06µm
wave_controller_x_inst/_0955_,65.06µm
wave_controller_x_inst/phase_acc\[4\],65.06µm
wave_controller_x_inst/net904,65.06µm
wave_controller_y_inst/net1120,65.06µm
cfg_phase90_offset_y\[10\],65.01µm
wave_controller_x_inst/_0608_,65.01µm
wave_controller_y_inst/_0614_,65.01µm
spi_regs_inst/_0431_,64.96µm
wave_controller_y_inst/_0284_,64.96µm
wave_controller_y_inst/net226,64.96µm
wave_controller_x_inst/net1207,64.96µm
wave_controller_y_inst/net1507,64.96µm
wave_controller_y_inst/net778,64.65µm
wave_controller_x_inst/_1319_,64.55µm
wave_controller_x_inst/net882,64.55µm
wave_controller_y_inst/net1411,64.55µm
spi_regs_inst/spi_addr\[0\],64.5µm
wave_controller_x_inst/_1552_,64.5µm
wave_controller_y_inst/net806,64.5µm
spi_regs_inst/net1025,64.5µm
wave_controller_x_inst/net1228,64.5µm
raw_edge2_y\[14\],64.45µm
wave_controller_y_inst/net639,64.45µm
spi_regs_inst/net1053,64.45µm
wave_controller_y_inst/net1422,64.45µm
cal_phase270_offset_y\[13\],64.4µm
wave_controller_x_inst/_0647_,64.4µm
wave_controller_x_inst/_1722_,64.4µm
wave_controller_y_inst/net1089,63.99µm
delay_wave_cycle_y\[6\],63.94µm
wave_controller_x_inst/_1281_,63.94µm
spi_regs_inst/net1030,63.94µm
spi_regs_inst/_0250_,63.89µm
wave_controller_x_inst/_0766_,63.89µm
wave_controller_x_inst/_1299_,63.89µm
wave_controller_x_inst/_1409_,63.89µm
wave_controller_x_inst/_1173_,63.84µm
wave_controller_y_inst/net603,63.84µm
wave_controller_x_inst/_1282_,63.61µm
delay_wave_cycle_x\[7\],63.43µm
wave_controller_y_inst/net1171,63.43µm
wave_controller_y_inst/_1244_,63.38µm
wave_controller_y_inst/_1399_,63.38µm
wave_controller_x_inst/net110,63.38µm
wave_controller_y_inst/net335,63.38µm
wave_controller_x_inst/_1460_,63.33µm
wave_controller_y_inst/_0631_,63.33µm
wave_controller_y_inst/net127,63.33µm
wave_controller_x_inst/net159,63.33µm
spi_regs_inst/net1501,63.33µm
cal_phase270_offset_y\[17\],63.28µm
spi_regs_inst/_0482_,63.28µm
wave_controller_y_inst/_0897_,63.28µm
spi_regs_inst/_0676_,62.92µm
net708,62.87µm
net1268,62.87µm
wave_controller_x_inst/_1401_,62.82µm
wave_controller_x_inst/_1605_,62.82µm
spi_regs_inst/net541,62.82µm
wave_controller_x_inst/phase_acc\[14\],62.77µm
wave_controller_x_inst/net101,62.77µm
net1130,62.77µm
spi_regs_inst/net1404,62.77µm
wave_controller_y_inst/net1526,62.77µm
spi_regs_inst/_0614_,62.72µm
wave_controller_y_inst/net614,62.72µm
wave_controller_y_inst/net1545,62.72µm
wave_controller_x_inst/net652,62.46µm
net1137,62.41µm
spi_regs_inst/spi_addr\[6\],62.36µm
wave_controller_x_inst/net145,62.31µm
wave_controller_y_inst/net1133,62.31µm
wave_controller_y_inst/net45,62.26µm
wave_controller_x_inst/net118,62.26µm
net1274,62.26µm
wave_controller_x_inst/net1313,62.26µm
wave_controller_x_inst/_1451_,62.21µm
wave_controller_y_inst/_0652_,62.21µm
wave_controller_y_inst/_1557_,62.21µm
wave_controller_x_inst/net76,62.21µm
wave_controller_y_inst/net737,62.21µm
wave_controller_x_inst/net914,62.21µm
cal_phase270_offset_x\[4\],62.16µm
raw_edge1_x\[4\],62.16µm
spi_regs_inst/_0000_,62.16µm
wave_controller_y_inst/_0413_,62.16µm
signal_processor_y_inst/net726,62.16µm
spi_regs_inst/net1205,62.16µm
wave_controller_y_inst/net1100,61.85µm
raw_edge2_y\[8\],61.8µm
signal_processor_y_inst/net1353,61.75µm
wave_controller_x_inst/_0964_,61.7µm
wave_controller_x_inst/_1249_,61.7µm
wave_controller_x_inst/_1420_,61.7µm
wave_controller_x_inst/comp_sync4,61.7µm
wave_controller_y_inst/net333,61.7µm
wave_controller_y_inst/net744,61.7µm
wave_controller_x_inst/net873,61.7µm
spi_regs_inst/_0670_,61.65µm
wave_controller_y_inst/_0570_,61.65µm
wave_controller_x_inst/net659,61.65µm
spi_regs_inst/_0547_,61.6µm
wave_controller_x_inst/_0606_,61.24µm
spi_regs_inst/_0569_,61.19µm
wave_controller_x_inst/_0602_,61.19µm
spi_regs_inst/_0264_,61.14µm
wave_controller_x_inst/net661,61.14µm
wave_controller_y_inst/net775,61.14µm
wave_controller_x_inst/net1182,61.14µm
cfg_f_MEMS_fcw_x\[13\],61.09µm
cfg_phase0_offset_x\[13\],61.09µm
raw_edge3_x\[7\],61.09µm
wave_controller_y_inst/net785,61.09µm
wave_controller_x_inst/net879,61.09µm
spi_regs_inst/_0503_,61.04µm
spi_regs_inst/_0535_,61.04µm
wave_controller_y_inst/_0348_,61.04µm
wave_controller_x_inst/net96,61.04µm
net1462,60.63µm
wave_controller_y_inst/_1504_,60.58µm
wave_controller_y_inst/phase_acc\[15\],60.58µm
wave_controller_y_inst/net782,60.58µm
wave_controller_x_inst/net1439,60.58µm
spi_regs_inst/net1535,60.58µm
wave_controller_x_inst/net687,60.53µm
wave_controller_y_inst/net1390,60.53µm
wave_controller_x_inst/_0260_,60.48µm
wave_controller_x_inst/_0520_,60.48µm
wave_controller_x_inst/_0994_,60.48µm
wave_controller_y_inst/_0091_,60.48µm
spi_regs_inst/net352,60.48µm
wave_controller_x_inst/net936,60.48µm
wave_controller_x_inst/_1302_,60.12µm
wave_controller_y_inst/net1114,60.12µm
wave_controller_y_inst/net19,60.07µm
wave_controller_x_inst/net688,60.07µm
wave_controller_x_inst/phase_acc\[11\],60.02µm
spi_regs_inst/net356,60.02µm
wave_controller_x_inst/net495,60.02µm
wave_controller_y_inst/net1548,60.02µm
cfg_f_MEMS_fcw_y\[2\],59.97µm
cfg_phase90_offset_y\[15\],59.97µm
wave_controller_x_inst/net95,59.97µm
wave_controller_x_inst/net907,59.97µm
wave_controller_x_inst/net1261,59.97µm
spi_regs_inst/net1503,59.97µm
wave_controller_x_inst/_1435_,59.92µm
wave_controller_y_inst/_0488_,59.92µm
wave_controller_y_inst/_0861_,59.92µm
signal_processor_x_inst/_102_,59.51µm
wave_controller_x_inst/_1239_,59.51µm
wave_controller_y_inst/_1298_,59.51µm
signal_processor_y_inst/cycle_count\[0\],59.41µm
spi_regs_inst/_0396_,59.41µm
wave_controller_y_inst/net472,59.41µm
wave_controller_x_inst/net1204,59.41µm
net1292,59.41µm
wave_controller_y_inst/net1384,59.41µm
wave_controller_y_inst/net1416,59.41µm
wave_controller_y_inst/net1418,59.41µm
wave_controller_x_inst/_0526_,59.36µm
signal_processor_y_inst/s90,59µm
wave_controller_x_inst/_1333_,58.95µm
wave_controller_y_inst/net750,58.95µm
raw_edge2_y\[19\],58.9µm
spi_regs_inst/_0698_,58.9µm
wave_controller_y_inst/net1149,58.9µm
wave_controller_x_inst/net1238,58.9µm
spi_regs_inst/_0581_,58.85µm
wave_controller_x_inst/_0209_,58.85µm
wave_controller_x_inst/_1414_,58.85µm
wave_controller_y_inst/_0953_,58.85µm
wave_controller_x_inst/net90,58.8µm
wave_controller_y_inst/net823,58.8µm
net1367,58.39µm
spi_regs_inst/_0686_,58.34µm
spi_regs_inst/tx_shift\[3\],58.34µm
wave_controller_x_inst/_1244_,58.34µm
wave_controller_y_inst/_0825_,58.34µm
wave_controller_x_inst/net1242,58.34µm
cal_phase270_offset_x\[11\],58.29µm
wave_controller_x_inst/_0966_,58.29µm
wave_controller_x_inst/_1326_,58.29µm
wave_controller_y_inst/_0955_,58.29µm
spi_regs_inst/net573,58.29µm
wave_controller_y_inst/net1383,58.29µm
wave_controller_y_inst/_1416_,58.24µm
wave_controller_x_inst/_0239_,57.83µm
wave_controller_y_inst/net822,57.83µm
wave_controller_x_inst/net934,57.83µm
spi_regs_inst/net1482,57.83µm
spi_regs_inst/_0136_,57.78µm
wave_controller_x_inst/_1583_,57.78µm
wave_controller_y_inst/_1383_,57.78µm
wave_controller_y_inst/net336,57.78µm
wave_controller_y_inst/net812,57.78µm
net1273,57.78µm
signal_processor_x_inst/net1285,57.78µm
wave_controller_x_inst/net1459,57.78µm
spi_regs_inst/net1517,57.78µm
wave_controller_y_inst/_0231_,57.73µm
wave_controller_x_inst/net878,57.73µm
cal_phase270_offset_x\[13\],57.68µm
signal_processor_y_inst/_089_,57.68µm
spi_regs_inst/_0602_,57.68µm
wave_controller_y_inst/net797,57.68µm
wave_controller_y_inst/net1140,57.68µm
wave_controller_x_inst/net1309,57.68µm
wave_controller_x_inst/net681,57.27µm
wave_controller_y_inst/net818,57.27µm
spi_regs_inst/net1454,57.27µm
latch_phase90_x,57.22µm
spi_regs_inst/rx_shift\[5\],57.22µm
wave_controller_x_inst/_0352_,57.22µm
wave_controller_x_inst/_1225_,57.22µm
wave_controller_x_inst/net236,57.22µm
wave_controller_y_inst/net1511,57.22µm
wave_controller_x_inst/_0652_,57.17µm
wave_controller_x_inst/_0764_,57.17µm
spi_regs_inst/net311,57.17µm
spi_regs_inst/net1521,57.17µm
spi_regs_inst/net1537,57.17µm
wave_controller_x_inst/_0259_,57.12µm
wave_controller_y_inst/_1034_,57.12µm
wave_controller_y_inst/_1285_,57.12µm
wave_controller_y_inst/_1491_,57.12µm
net1393,57.12µm
wave_controller_y_inst/net1145,56.84µm
spi_regs_inst/net1038,56.71µm
net1370,56.71µm
wave_controller_y_inst/_1322_,56.66µm
wave_controller_y_inst/net325,56.66µm
net1083,56.66µm
net1426,56.66µm
wave_controller_y_inst/_0420_,56.61µm
spi_regs_inst/net304,56.61µm
phase_offset_imported,56.56µm
spi_regs_inst/_0411_,56.56µm
spi_regs_inst/_0548_,56.56µm
wave_controller_x_inst/_0897_,56.56µm
wave_controller_x_inst/_1328_,56.56µm
wave_controller_y_inst/_0909_,56.56µm
spi_regs_inst/net588,56.56µm
net1221,56.56µm
signal_processor_x_inst/net711,56.43µm
delay_wave_cycle_y\[7\],56.2µm
spi_regs_inst/spi_state,56.15µm
wave_controller_x_inst/_1298_,56.15µm
wave_controller_x_inst/net106,56.15µm
wave_controller_x_inst/net122,56.15µm
cfg_f_MEMS_fcw_x\[1\],56.1µm
spi_regs_inst/_0299_,56.1µm
spi_regs_inst/_0364_,56.1µm
wave_controller_y_inst/net69,56.1µm
spi_regs_inst/net578,56.1µm
wave_controller_y_inst/net1169,56.1µm
cfg_phase90_offset_y\[13\],56.05µm
wave_controller_y_inst/_1460_,56.05µm
wave_controller_y_inst/net67,56.05µm
wave_controller_x_inst/net197,56.05µm
wave_controller_x_inst/net680,56.05µm
cal_phase90_offset_y\[5\],56µm
spi_regs_inst/_0325_,56µm
spi_regs_inst/_0653_,56µm
wave_controller_x_inst/net131,56µm
spi_regs_inst/net351,56µm
wave_controller_x_inst/net1311,56µm
wave_controller_x_inst/net1312,56µm
wave_controller_x_inst/wave_cycle_cnt\[2\],55.69µm
raw_edge2_y\[7\],55.59µm
spi_regs_inst/_0725_,55.59µm
spi_regs_inst/cs_n_sync,55.59µm
cfg_phase270_offset_y\[11\],55.54µm
wave_controller_x_inst/_1265_,55.54µm
wave_controller_y_inst/_0217_,55.54µm
wave_controller_y_inst/_0583_,55.54µm
wave_controller_y_inst/net1174,55.54µm
spi_regs_inst/_0222_,55.49µm
wave_controller_x_inst/_0618_,55.49µm
wave_controller_x_inst/_0715_,55.49µm
wave_controller_x_inst/_1004_,55.49µm
spi_regs_inst/net597,55.49µm
wave_controller_y_inst/net627,55.49µm
wave_controller_y_inst/net765,55.49µm
net1323,55.49µm
signal_processor_y_inst/_078_,55.44µm
net1374,55.44µm
net7,55.03µm
wave_controller_x_inst/phase_acc\[19\],55.03µm
wave_controller_y_inst/_1306_,55.03µm
wave_controller_x_inst/net647,54.98µm
wave_controller_y_inst/net1146,54.98µm
net1344,54.98µm
wave_controller_y_inst/net1514,54.98µm
raw_edge1_y\[1\],54.93µm
wave_controller_x_inst/_0861_,54.93µm
wave_controller_y_inst/_0137_,54.93µm
delay_wave_cycle_y\[3\],54.88µm
wave_controller_x_inst/_1255_,54.88µm
wave_controller_y_inst/net771,54.88µm
net1297,54.88µm
spi_regs_inst/net992,54.47µm
spi_regs_inst/_0285_,54.42µm
spi_regs_inst/_0584_,54.42µm
wave_controller_x_inst/_0708_,54.42µm
wave_controller_y_inst/net1414,54.42µm
wave_controller_x_inst/net1446,54.42µm
spi_regs_inst/_0294_,54.37µm
spi_regs_inst/_0681_,54.37µm
spi_regs_inst/bit_cnt\[0\],54.37µm
wave_controller_x_inst/_0620_,54.37µm
wave_controller_y_inst/_1304_,54.37µm
wave_controller_y_inst/net128,54.37µm
wave_controller_y_inst/net466,54.37µm
wave_controller_x_inst/net692,54.37µm
spi_regs_inst/_0291_,54.32µm
spi_regs_inst/_0478_,54.32µm
spi_regs_inst/reg_wr_data\[4\],54.32µm
wave_controller_x_inst/_1715_,54.32µm
wave_controller_y_inst/_1220_,54.32µm
wave_controller_y_inst/net1420,54.32µm
wave_controller_x_inst/_1386_,53.96µm
wave_controller_y_inst/net617,53.86µm
cal_phase0_offset_y\[18\],53.81µm
wave_controller_x_inst/_0242_,53.81µm
spi_regs_inst/net439,53.81µm
wave_controller_y_inst/net796,53.81µm
spi_regs_inst/_0117_,53.76µm
wave_controller_y_inst/_0593_,53.76µm
wave_controller_x_inst/net196,53.76µm
wave_controller_x_inst/net1318,53.4µm
wave_controller_x_inst/_1598_,53.3µm
wave_controller_y_inst/_1532_,53.3µm
spi_regs_inst/net299,53.3µm
wave_controller_x_inst/net662,53.3µm
wave_controller_x_inst/net889,53.3µm
net1266,53.3µm
cal_phase270_offset_x\[10\],53.25µm
spi_regs_inst/_0641_,53.25µm
wave_controller_y_inst/_0709_,53.25µm
wave_controller_y_inst/net780,53.25µm
cal_phase0_offset_x\[8\],53.2µm
spi_regs_inst/_0246_,53.2µm
spi_regs_inst/_0385_,53.2µm
spi_regs_inst/_0620_,53.2µm
spi_regs_inst/_0695_,53.2µm
wave_controller_x_inst/_0650_,53.2µm
wave_controller_y_inst/_0818_,53.2µm
signal_processor_y_inst/_046_,52.89µm
wave_controller_y_inst/_0205_,52.89µm
wave_controller_y_inst/_0627_,52.74µm
wave_controller_y_inst/net126,52.74µm
wave_controller_y_inst/_0384_,52.69µm
wave_controller_y_inst/net1550,52.69µm
spi_regs_inst/_0513_,52.64µm
wave_controller_y_inst/_1004_,52.64µm
wave_controller_y_inst/wave_cycle_cnt\[5\],52.28µm
raw_edge1_x\[19\],52.23µm
wave_controller_x_inst/net1461,52.23µm
cal_phase90_offset_x\[17\],52.18µm
signal_processor_x_inst/_101_,52.18µm
spi_regs_inst/reg_wr_addr\[6\],52.18µm
wave_controller_x_inst/_1441_,52.18µm
wave_controller_y_inst/_0561_,52.18µm
signal_processor_x_inst/net1280,52.18µm
raw_edge1_y\[12\],52.13µm
wave_controller_y_inst/_0132_,52.13µm
wave_controller_y_inst/_0307_,52.13µm
wave_controller_y_inst/_0618_,52.13µm
cal_phase0_offset_x\[2\],52.08µm
spi_regs_inst/_0560_,52.08µm
wave_controller_x_inst/_0768_,52.08µm
wave_controller_y_inst/_0525_,52.08µm
wave_controller_y_inst/net747,52.08µm
net1206,52.08µm
wave_controller_y_inst/net1417,52.08µm
wave_controller_y_inst/_0252_,51.67µm
wave_controller_y_inst/net459,51.67µm
wave_controller_x_inst/net490,51.67µm
wave_controller_x_inst/net928,51.67µm
wave_controller_x_inst/_0217_,51.62µm
wave_controller_x_inst/_1449_,51.62µm
wave_controller_x_inst/net133,51.62µm
wave_controller_y_inst/net478,51.62µm
wave_controller_y_inst/net619,51.62µm
wave_controller_y_inst/net1509,51.62µm
signal_processor_x_inst/_070_,51.57µm
wave_controller_x_inst/_0334_,51.57µm
wave_controller_x_inst/capture_step\[0\],51.57µm
wave_controller_x_inst/net116,51.57µm
signal_processor_x_inst/net320,51.52µm
wave_controller_y_inst/net337,51.52µm
wave_controller_y_inst/_0606_,51.06µm
wave_controller_y_inst/_1275_,51.06µm
wave_controller_x_inst/net100,51.06µm
spi_regs_inst/net546,51.06µm
signal_processor_x_inst/s270_pipe\[3\],51.01µm
signal_processor_y_inst/_082_,51.01µm
signal_processor_y_inst/_088_,51.01µm
spi_regs_inst/_0314_,51.01µm
wave_controller_y_inst/_0863_,51.01µm
wave_controller_y_inst/_1309_,51.01µm
wave_controller_y_inst/net636,51.01µm
wave_controller_x_inst/net653,51.01µm
spi_regs_inst/_0509_,50.96µm
spi_regs_inst/_0616_,50.96µm
wave_controller_x_inst/net1263,50.96µm
state_o\[0\],50.55µm
spi_regs_inst/net452,50.55µm
wave_controller_y_inst/net626,50.55µm
wave_controller_x_inst/_1453_,50.5µm
spi_regs_inst/net395,50.5µm
signal_processor_x_inst/net1283,50.5µm
wave_controller_x_inst/net1306,50.5µm
wave_controller_y_inst/_0680_,50.45µm
spi_regs_inst/net550,50.45µm
net1277,50.45µm
wave_controller_y_inst/net1419,50.45µm
wave_controller_x_inst/net1440,50.45µm
spi_regs_inst/net1518,50.45µm
wave_controller_x_inst/_0064_,50.4µm
wave_controller_y_inst/phase_acc\[10\],50.4µm
spi_regs_inst/net446,50.4µm
spi_regs_inst/net558,50.4µm
signal_processor_y_inst/net1346,50.4µm
signal_processor_x_inst/cnt_out\[0\],50.04µm
wave_controller_x_inst/_0538_,50.04µm
wave_controller_y_inst/_0318_,50.04µm
wave_controller_y_inst/_0239_,49.99µm
wave_controller_y_inst/_0242_,49.99µm
wave_controller_x_inst/_1275_,49.94µm
spi_regs_inst/_0446_,49.89µm
wave_controller_x_inst/_0396_,49.89µm
wave_controller_y_inst/net468,49.89µm
spi_regs_inst/net599,49.89µm
wave_controller_y_inst/net631,49.89µm
wave_controller_y_inst/net777,49.89µm
cal_phase270_offset_x\[20\],49.84µm
wave_controller_x_inst/net1438,49.84µm
wave_controller_y_inst/_0572_,49.43µm
signal_processor_x_inst/net1281,49.43µm
spi_regs_inst/_0685_,49.38µm
spi_regs_inst/net568,49.38µm
wave_controller_y_inst/net773,49.38µm
wave_controller_x_inst/net1490,49.38µm
spi_regs_inst/net554,49.33µm
spi_regs_inst/_0311_,49.28µm
spi_regs_inst/_0495_,49.28µm
spi_regs_inst/_0656_,49.28µm
wave_controller_x_inst/net522,49.28µm
wave_controller_y_inst/net635,49.28µm
signal_processor_x_inst/net716,49.28µm
signal_processor_y_inst/net312,48.92µm
wave_controller_y_inst/_1726_,48.87µm
wave_controller_x_inst/net895,48.87µm
spi_regs_inst/net1523,48.87µm
latch_phase270_y,48.82µm
raw_edge1_y\[16\],48.82µm
state_machine_inst/_11_,48.82µm
wave_controller_y_inst/phase_acc\[11\],48.82µm
net1218,48.82µm
spi_regs_inst/_0426_,48.77µm
wave_controller_x_inst/_0631_,48.77µm
spi_regs_inst/net539,48.77µm
net1276,48.77µm
wave_controller_x_inst/_0767_,48.72µm
wave_controller_y_inst/_0649_,48.72µm
wave_controller_y_inst/_1441_,48.72µm
signal_processor_x_inst/_046_,48.41µm
wave_controller_y_inst/wave_cycle_cnt\[4\],48.31µm
wave_controller_y_inst/net602,48.31µm
net1491,48.31µm
wave_controller_x_inst/_1294_,48.26µm
wave_controller_y_inst/net793,48.26µm
spi_regs_inst/_0213_,48.21µm
wave_controller_y_inst/net43,48.21µm
wave_controller_x_inst/net663,48.21µm
net1341,48.21µm
raw_edge1_y\[6\],48.16µm
wave_controller_y_inst/_0739_,48.16µm
wave_controller_y_inst/net18,48.16µm
wave_controller_y_inst/net477,48.16µm
cfg_phase90_offset_y\[1\],47.8µm
signal_processor_y_inst/cycle_count\[3\],47.75µm
wave_controller_x_inst/net1252,47.75µm
wave_controller_y_inst/net1387,47.75µm
spi_regs_inst/_0648_,47.7µm
spi_regs_inst/net1464,47.7µm
spi_regs_inst/net1485,47.7µm
wave_controller_x_inst/_0570_,47.65µm
wave_controller_y_inst/_0939_,47.65µm
wave_controller_y_inst/_0964_,47.65µm
wave_controller_y_inst/net259,47.65µm
wave_controller_y_inst/net1162,47.65µm
wave_controller_y_inst/net1389,47.65µm
wave_controller_x_inst/_1107_,47.6µm
wave_controller_x_inst/net508,47.6µm
spi_regs_inst/net530,47.6µm
wave_controller_y_inst/net1546,47.19µm
spi_regs_inst/_0256_,47.14µm
wave_controller_x_inst/_1277_,47.14µm
wave_controller_x_inst/net1304,47.14µm
wave_controller_x_inst/net1326,47.14µm
spi_regs_inst/net1332,47.14µm
net1373,47.14µm
spi_regs_inst/net1498,47.14µm
wave_controller_x_inst/_0384_,47.09µm
wave_controller_x_inst/_0480_,47.09µm
wave_controller_y_inst/_0267_,47.09µm
spi_regs_inst/net435,47.09µm
spi_regs_inst/net700,47.09µm
net1363,47.09µm
raw_edge3_x\[4\],47.04µm
wave_controller_x_inst/_1191_,47.04µm
wave_controller_y_inst/_0715_,47.04µm
wave_controller_y_inst/_1715_,46.68µm
spi_regs_inst/_0570_,46.63µm
wave_controller_y_inst/_1295_,46.63µm
spi_regs_inst/_0674_,46.58µm
wave_controller_x_inst/_1283_,46.58µm
wave_controller_x_inst/_1329_,46.58µm
wave_controller_x_inst/_0434_,46.53µm
wave_controller_y_inst/_0829_,46.53µm
wave_controller_y_inst/net754,46.53µm
wave_controller_y_inst/net1525,46.53µm
spi_regs_inst/_0241_,46.48µm
wave_controller_x_inst/_0052_,46.48µm
wave_controller_y_inst/_0585_,46.48µm
wave_controller_y_inst/net1088,46.48µm
spi_regs_inst/net1405,46.48µm
wave_controller_y_inst/net62,46.07µm
wave_controller_y_inst/net137,46.07µm
spi_regs_inst/_0557_,46.02µm
spi_regs_inst/tx_shift\[2\],46.02µm
wave_controller_x_inst/_0676_,46.02µm
wave_controller_x_inst/_0765_,46.02µm
wave_controller_x_inst/_1273_,46.02µm
wave_controller_y_inst/_1265_,46.02µm
wave_controller_y_inst/_1464_,46.02µm
signal_processor_y_inst/net1348,46.02µm
wave_controller_y_inst/_1051_,45.97µm
wave_controller_y_inst/_1307_,45.97µm
wave_controller_x_inst/net189,45.97µm
spi_regs_inst/net1487,45.97µm
spi_regs_inst/_0461_,45.92µm
wave_controller_x_inst/_1559_,45.92µm
wave_controller_y_inst/net1410,45.92µm
wave_controller_y_inst/net1522,45.51µm
raw_edge1_y\[8\],45.46µm
wave_controller_y_inst/_0634_,45.46µm
wave_controller_y_inst/_1268_,45.46µm
wave_controller_y_inst/net808,45.46µm
cal_phase90_offset_x\[18\],45.41µm
spi_regs_inst/_0582_,45.41µm
wave_controller_x_inst/_1301_,45.41µm
wave_controller_y_inst/_1187_,45.41µm
net1139,45.41µm
spi_regs_inst/net1402,45.41µm
spi_regs_inst/net1455,45.41µm
spi_regs_inst/net1538,45.41µm
wave_controller_x_inst/_0841_,45.36µm
wave_controller_x_inst/net163,45.36µm
wave_controller_x_inst/net655,45.36µm
wave_controller_x_inst/_1442_,45.05µm
signal_processor_y_inst/_101_,45µm
wave_controller_y_inst/net802,45µm
wave_controller_x_inst/_1320_,44.95µm
wave_controller_y_inst/net53,44.95µm
wave_controller_x_inst/_0807_,44.9µm
wave_controller_y_inst/_1743_,44.9µm
wave_controller_x_inst/net893,44.9µm
spi_regs_inst/net1453,44.9µm
latch_phase90_y,44.85µm
wave_controller_x_inst/_0358_,44.85µm
wave_controller_x_inst/_0365_,44.85µm
wave_controller_y_inst/net188,44.85µm
spi_regs_inst/net1329,44.85µm
raw_edge3_x\[1\],44.8µm
spi_regs_inst/_0326_,44.8µm
spi_regs_inst/_0391_,44.8µm
spi_regs_inst/_0601_,44.8µm
spi_regs_inst/_0618_,44.8µm
wave_controller_x_inst/_0505_,44.8µm
wave_controller_y_inst/_0064_,44.8µm
raw_edge2_y\[0\],44.44µm
signal_processor_y_inst/_080_,44.39µm
wave_controller_x_inst/_0142_,44.39µm
state_machine_inst/_07_,44.34µm
wave_controller_x_inst/_0290_,44.34µm
wave_controller_y_inst/_1595_,44.34µm
wave_controller_x_inst/net1247,44.34µm
wave_controller_x_inst/net1260,44.34µm
spi_regs_inst/net1486,44.34µm
cal_phase0_offset_y\[13\],44.29µm
wave_controller_x_inst/_0561_,44.29µm
wave_controller_y_inst/_0332_,44.29µm
wave_controller_y_inst/_0619_,44.29µm
spi_regs_inst/net257,44.29µm
signal_processor_y_inst/net729,44.29µm
signal_processor_y_inst/net1345,44.29µm
net1449,44.29µm
net1452,44.29µm
cal_phase0_offset_y\[12\],44.24µm
spi_regs_inst/_0658_,44.24µm
wave_controller_x_inst/_0825_,44.24µm
wave_controller_y_inst/_0136_,44.24µm
wave_controller_y_inst/net825,44.24µm
net1122,44.24µm
net1236,44.24µm
wave_controller_x_inst/_0262_,43.88µm
net4,43.83µm
signal_processor_x_inst/cycle_count\[3\],43.83µm
wave_controller_x_inst/_1558_,43.78µm
wave_controller_y_inst/_0306_,43.78µm
wave_controller_y_inst/net625,43.78µm
cal_phase0_offset_y\[15\],43.73µm
spi_regs_inst/_0354_,43.73µm
spi_regs_inst/_0636_,43.73µm
wave_controller_x_inst/_1521_,43.73µm
wave_controller_y_inst/_0186_,43.73µm
wave_controller_y_inst/_0419_,43.73µm
wave_controller_y_inst/_0524_,43.73µm
spi_regs_inst/net1397,43.73µm
cal_phase270_offset_x\[1\],43.68µm
spi_regs_inst/_0696_,43.68µm
spi_regs_inst/_0714_,43.68µm
wave_controller_x_inst/_0705_,43.68µm
wave_controller_x_inst/net1322,43.68µm
raw_edge1_y\[19\],43.32µm
wave_controller_x_inst/cal_burst_armed,43.27µm
wave_controller_x_inst/_1285_,43.22µm
wave_controller_y_inst/_0451_,43.22µm
wave_controller_y_inst/_1598_,43.22µm
wave_controller_x_inst/net898,43.22µm
spi_regs_inst/net1331,43.22µm
spi_regs_inst/_0640_,43.17µm
wave_controller_y_inst/_0659_,43.17µm
spi_regs_inst/net302,43.17µm
wave_controller_y_inst/_0885_,43.12µm
wave_controller_y_inst/_1111_,43.12µm
net1343,43.12µm
wave_controller_y_inst/net1425,43.12µm
net1505,43.12µm
wave_controller_y_inst/net54,42.71µm
cal_phase0_offset_x\[9\],42.66µm
delay_wave_cycle_x\[3\],42.66µm
spi_regs_inst/_0135_,42.66µm
wave_controller_y_inst/_0602_,42.66µm
wave_controller_y_inst/_0932_,42.66µm
wave_controller_x_inst/net338,42.66µm
wave_controller_x_inst/net705,42.66µm
net1342,42.66µm
wave_controller_x_inst/net1460,42.66µm
net1529,42.66µm
spi_regs_inst/net1534,42.66µm
raw_edge2_x\[13\],42.61µm
spi_regs_inst/_0599_,42.61µm
spi_regs_inst/_0608_,42.61µm
wave_controller_x_inst/_0616_,42.61µm
wave_controller_x_inst/net654,42.61µm
wave_controller_y_inst/net1380,42.61µm
spi_regs_inst/net1470,42.61µm
cfg_f_MEMS_fcw_y\[6\],42.56µm
wave_controller_y_inst/_0901_,42.56µm
cal_dir_x,42.1µm
wave_controller_y_inst/_0935_,42.1µm
wave_controller_y_inst/_1741_,42.1µm
wave_controller_y_inst/wave_cycle_cnt\[0\],42.1µm
wave_controller_x_inst/net1257,42.1µm
wave_controller_x_inst/net1316,42.1µm
spi_regs_inst/_0549_,42.05µm
wave_controller_y_inst/_0636_,42.05µm
wave_controller_y_inst/_1300_,42.05µm
wave_controller_x_inst/net190,42.05µm
wave_controller_y_inst/_1354_,42µm
wave_controller_x_inst/_0183_,41.59µm
wave_controller_y_inst/_1332_,41.59µm
spi_regs_inst/net1466,41.59µm
cal_phase0_offset_y\[4\],41.54µm
wave_controller_x_inst/_1645_,41.54µm
wave_controller_y_inst/_1302_,41.54µm
spi_regs_inst/net563,41.54µm
wave_controller_x_inst/net1255,41.54µm
signal_processor_x_inst/_054_,41.49µm
spi_regs_inst/_0585_,41.49µm
wave_controller_y_inst/_0738_,41.49µm
wave_controller_y_inst/_0831_,41.49µm
wave_controller_y_inst/_1672_,41.49µm
wave_controller_x_inst/net214,41.49µm
spi_regs_inst/net564,41.49µm
signal_processor_y_inst/net1350,41.49µm
spi_regs_inst/_0541_,41.44µm
wave_controller_x_inst/_0554_,41.44µm
wave_controller_y_inst/_1640_,41.44µm
spi_regs_inst/net1532,41.03µm
raw_edge2_y\[10\],40.98µm
wave_controller_x_inst/_0407_,40.98µm
spi_regs_inst/net548,40.98µm
spi_regs_inst/net581,40.98µm
wave_controller_y_inst/net604,40.98µm
cal_phase270_offset_x\[8\],40.93µm
signal_processor_x_inst/_082_,40.93µm
signal_processor_x_inst/cnt_in\[0\],40.93µm
spi_regs_inst/_0530_,40.93µm
wave_controller_x_inst/_1187_,40.93µm
signal_processor_x_inst/net1284,40.93µm
spi_regs_inst/net1338,40.93µm
wave_controller_x_inst/net1437,40.93µm
wave_controller_x_inst/_0628_,40.88µm
wave_controller_y_inst/net60,40.88µm
wave_controller_x_inst/net689,40.88µm
spi_regs_inst/net1394,40.88µm
raw_edge3_y\[8\],40.47µm
wave_controller_x_inst/net99,40.47µm
wave_controller_x_inst/net498,40.47µm
wave_controller_x_inst/net1220,40.47µm
cfg_phase0_offset_y\[12\],40.42µm
wave_controller_x_inst/_1389_,40.42µm
wave_controller_y_inst/_1328_,40.42µm
wave_controller_x_inst/net156,40.42µm
wave_controller_x_inst/net162,40.42µm
wave_controller_x_inst/net920,40.42µm
wave_controller_x_inst/net1320,40.42µm
net1528,40.42µm
spi_regs_inst/_0359_,40.37µm
wave_controller_x_inst/_0654_,40.37µm
wave_controller_x_inst/_1486_,40.37µm
wave_controller_y_inst/_1112_,40.37µm
wave_controller_x_inst/net144,40.37µm
wave_controller_y_inst/net605,40.37µm
spi_regs_inst/_0322_,40.32µm
state_machine_inst/_12_,40.32µm
wave_controller_x_inst/_0596_,40.32µm
wave_controller_y_inst/net164,40.32µm
spi_regs_inst/_0649_,39.91µm
wave_controller_x_inst/_0674_,39.91µm
wave_controller_y_inst/_1705_,39.91µm
wave_controller_x_inst/_1728_,39.86µm
wave_controller_y_inst/_0966_,39.86µm
wave_controller_y_inst/_1023_,39.86µm
wave_controller_y_inst/_1370_,39.86µm
wave_controller_y_inst/_1443_,39.86µm
wave_controller_y_inst/_1457_,39.86µm
wave_controller_y_inst/_1751_,39.86µm
wave_controller_y_inst/net1168,39.86µm
wave_controller_x_inst/net1229,39.86µm
net1359,39.86µm
spi_regs_inst/net1465,39.86µm
wave_controller_x_inst/_0053_,39.81µm
wave_controller_x_inst/_1465_,39.81µm
wave_controller_y_inst/_0841_,39.81µm
wave_controller_y_inst/_1052_,39.81µm
wave_controller_y_inst/_1204_,39.81µm
wave_controller_y_inst/_1474_,39.81µm
wave_controller_x_inst/net509,39.81µm
spi_regs_inst/net598,39.81µm
wave_controller_y_inst/net616,39.81µm
signal_processor_x_inst/net714,39.81µm
net725,39.81µm
wave_controller_y_inst/net1399,39.81µm
spi_regs_inst/_0133_,39.76µm
spi_regs_inst/_0491_,39.76µm
wave_controller_x_inst/_0557_,39.76µm
wave_controller_x_inst/_0829_,39.76µm
wave_controller_x_inst/_1234_,39.76µm
wave_controller_y_inst/net524,39.76µm
signal_processor_x_inst/cycle_count\[0\],39.45µm
spi_regs_inst/bit_cnt\[2\],39.35µm
wave_controller_x_inst/_0600_,39.35µm
wave_controller_y_inst/_0342_,39.35µm
wave_controller_y_inst/_0836_,39.35µm
wave_controller_y_inst/_1552_,39.35µm
wave_controller_x_inst/_0205_,39.3µm
wave_controller_x_inst/_1519_,39.3µm
wave_controller_x_inst/net1251,39.3µm
latch_phase270_x,39.25µm
signal_processor_x_inst/_080_,39.25µm
spi_regs_inst/_0414_,39.25µm
wave_controller_y_inst/_0311_,39.25µm
wave_controller_y_inst/_0462_,39.25µm
wave_controller_y_inst/_1161_,39.25µm
spi_regs_inst/_0113_,39.2µm
spi_regs_inst/_0664_,39.2µm
wave_controller_x_inst/_1044_,39.2µm
wave_controller_y_inst/_1037_,39.2µm
wave_controller_y_inst/net58,38.79µm
wave_controller_x_inst/net1248,38.79µm
wave_controller_y_inst/net1379,38.79µm
wave_controller_x_inst/_0467_,38.74µm
wave_controller_x_inst/_0624_,38.74µm
wave_controller_y_inst/_0556_,38.74µm
wave_controller_x_inst/net702,38.74µm
wave_controller_x_inst/net1084,38.74µm
wave_controller_x_inst/net1445,38.74µm
wave_controller_x_inst/_0699_,38.69µm
wave_controller_x_inst/_1587_,38.69µm
wave_controller_y_inst/_1511_,38.69µm
net1270,38.69µm
wave_controller_x_inst/net1307,38.69µm
spi_regs_inst/_0484_,38.64µm
wave_controller_y_inst/_0138_,38.64µm
wave_controller_y_inst/_0490_,38.64µm
wave_controller_y_inst/_0708_,38.64µm
wave_controller_y_inst/_0812_,38.64µm
wave_controller_y_inst/_1308_,38.64µm
wave_controller_y_inst/_1663_,38.64µm
wave_controller_y_inst/net1160,38.64µm
spi_regs_inst/net1469,38.64µm
wave_controller_x_inst/_1571_,38.28µm
spi_regs_inst/tx_shift\[5\],38.23µm
spi_regs_inst/net1336,38.23µm
spi_regs_inst/_0499_,38.18µm
wave_controller_x_inst/_1293_,38.18µm
wave_controller_y_inst/_1212_,38.18µm
wave_controller_x_inst/net213,38.18µm
wave_controller_y_inst/net474,38.18µm
wave_controller_x_inst/net1441,38.18µm
signal_processor_x_inst/_068_,38.13µm
spi_regs_inst/_0273_,38.13µm
wave_controller_x_inst/_1007_,38.13µm
wave_controller_y_inst/_0321_,38.13µm
wave_controller_y_inst/_0655_,38.13µm
wave_controller_x_inst/net512,38.13µm
spi_regs_inst/_0644_,38.08µm
wave_controller_x_inst/_0491_,38.08µm
wave_controller_y_inst/_0004_,38.08µm
wave_controller_y_inst/_0385_,38.08µm
wave_controller_y_inst/_0753_,38.08µm
wave_controller_y_inst/net1164,38.08µm
raw_edge1_x\[16\],37.72µm
signal_processor_y_inst/_061_,37.67µm
wave_controller_x_inst/_0655_,37.67µm
wave_controller_x_inst/net1319,37.67µm
signal_processor_y_inst/_068_,37.62µm
wave_controller_x_inst/_0046_,37.62µm
wave_controller_x_inst/_0513_,37.62µm
wave_controller_x_inst/_0820_,37.62µm
wave_controller_x_inst/_1493_,37.62µm
wave_controller_y_inst/_1703_,37.62µm
wave_controller_y_inst/net753,37.62µm
wave_controller_x_inst/_0515_,37.57µm
wave_controller_x_inst/_1303_,37.57µm
wave_controller_x_inst/_1555_,37.57µm
wave_controller_x_inst/_1632_,37.57µm
wave_controller_y_inst/_1239_,37.57µm
wave_controller_y_inst/_1571_,37.57µm
cal_phase270_offset_x\[3\],37.52µm
spi_regs_inst/_0517_,37.52µm
wave_controller_x_inst/_0430_,37.52µm
wave_controller_x_inst/_0639_,37.52µm
wave_controller_x_inst/_0901_,37.52µm
wave_controller_y_inst/_0571_,37.52µm
wave_controller_y_inst/_0894_,37.52µm
wave_controller_y_inst/_1046_,37.52µm
wave_controller_x_inst/net272,37.52µm
wave_controller_x_inst/net1435,37.52µm
wave_controller_y_inst/_1272_,37.11µm
wave_controller_y_inst/_1425_,37.06µm
wave_controller_y_inst/_1645_,37.06µm
cal_phase0_offset_y\[11\],37.01µm
wave_controller_x_inst/_0451_,37.01µm
wave_controller_x_inst/_0757_,37.01µm
wave_controller_x_inst/_1471_,37.01µm
wave_controller_y_inst/_0765_,37.01µm
wave_controller_y_inst/_1115_,37.01µm
wave_controller_y_inst/_1259_,37.01µm
wave_controller_y_inst/_1267_,37.01µm
wave_controller_y_inst/_1313_,37.01µm
wave_controller_y_inst/net22,37.01µm
wave_controller_x_inst/net84,37.01µm
spi_regs_inst/net535,37.01µm
spi_regs_inst/net1044,37.01µm
net1271,37.01µm
net1366,37.01µm
wave_controller_y_inst/net1513,37.01µm
spi_regs_inst/net1541,37.01µm
spi_regs_inst/_0652_,36.96µm
wave_controller_x_inst/_0635_,36.96µm
wave_controller_x_inst/_0831_,36.96µm
wave_controller_x_inst/_0834_,36.96µm
wave_controller_x_inst/_0916_,36.96µm
wave_controller_x_inst/_1257_,36.96µm
wave_controller_y_inst/_0696_,36.96µm
wave_controller_y_inst/_1183_,36.96µm
spi_regs_inst/tx_shift\[0\],36.55µm
spi_regs_inst/net1406,36.55µm
cfg_f_MEMS_fcw_y\[12\],36.5µm
signal_processor_y_inst/s90_valid,36.5µm
spi_regs_inst/rx_shift\[6\],36.5µm
wave_controller_x_inst/_0322_,36.5µm
wave_controller_x_inst/_0653_,36.5µm
wave_controller_x_inst/_0739_,36.5µm
wave_controller_y_inst/_0916_,36.5µm
wave_controller_y_inst/_1358_,36.5µm
spi_regs_inst/net560,36.5µm
wave_controller_y_inst/net776,36.5µm
wave_controller_y_inst/net781,36.5µm
net1361,36.5µm
spi_regs_inst/_0663_,36.45µm
wave_controller_x_inst/_0420_,36.45µm
wave_controller_x_inst/_0447_,36.45µm
wave_controller_x_inst/_0632_,36.45µm
wave_controller_x_inst/_0909_,36.45µm
wave_controller_x_inst/_0924_,36.45µm
wave_controller_x_inst/_0957_,36.45µm
wave_controller_x_inst/_1536_,36.45µm
wave_controller_y_inst/_1190_,36.45µm
spi_regs_inst/net1499,36.45µm
spi_regs_inst/net1516,36.45µm
signal_processor_y_inst/cycle_count\[1\],36.4µm
spi_regs_inst/_0293_,36.4µm
wave_controller_x_inst/_0231_,36.4µm
wave_controller_y_inst/_0349_,36.4µm
wave_controller_y_inst/net141,36.4µm
net1524,36.4µm
wave_controller_x_inst/_1305_,35.99µm
signal_processor_x_inst/cycle_count\[1\],35.94µm
wave_controller_x_inst/_0935_,35.94µm
wave_controller_x_inst/_1272_,35.94µm
wave_controller_x_inst/_1332_,35.94µm
wave_controller_y_inst/_0409_,35.94µm
spi_regs_inst/net445,35.94µm
net1147,35.94µm
net1360,35.94µm
net1447,35.94µm
spi_regs_inst/net1481,35.94µm
signal_processor_x_inst/_048_,35.89µm
spi_regs_inst/_0116_,35.89µm
spi_regs_inst/_0565_,35.89µm
wave_controller_x_inst/_0308_,35.89µm
wave_controller_x_inst/_0918_,35.89µm
wave_controller_x_inst/_0931_,35.89µm
wave_controller_y_inst/_0608_,35.89µm
wave_controller_y_inst/_0986_,35.89µm
wave_controller_y_inst/_1353_,35.89µm
wave_controller_y_inst/_1671_,35.89µm
spi_regs_inst/net254,35.89µm
net1245,35.89µm
signal_processor_y_inst/net1351,35.89µm
signal_processor_x_inst/_083_,35.84µm
wave_controller_x_inst/_0488_,35.84µm
wave_controller_x_inst/_1544_,35.84µm
wave_controller_y_inst/_0410_,35.84µm
wave_controller_y_inst/_0527_,35.84µm
wave_controller_y_inst/_0983_,35.84µm
spi_regs_inst/net1463,35.84µm
wave_controller_y_inst/_1294_,35.56µm
wave_controller_x_inst/net1187,35.53µm
wave_controller_x_inst/_1304_,35.48µm
wave_controller_y_inst/_1493_,35.48µm
wave_controller_y_inst/_0398_,35.43µm
wave_controller_x_inst/net1433,35.43µm
net1450,35.43µm
wave_controller_x_inst/_0718_,35.38µm
wave_controller_x_inst/_0812_,35.38µm
wave_controller_y_inst/_0397_,35.38µm
wave_controller_y_inst/_0448_,35.38µm
wave_controller_y_inst/_1406_,35.38µm
wave_controller_y_inst/_1407_,35.38µm
wave_controller_y_inst/_1600_,35.38µm
wave_controller_y_inst/net752,35.38µm
spi_regs_inst/net1533,35.38µm
spi_regs_inst/_0384_,35.33µm
spi_regs_inst/tx_shift\[1\],35.33µm
wave_controller_x_inst/_0565_,35.33µm
wave_controller_x_inst/_0566_,35.33µm
wave_controller_x_inst/_0567_,35.33µm
wave_controller_x_inst/_0679_,35.33µm
wave_controller_x_inst/_0843_,35.33µm
wave_controller_y_inst/_1647_,35.33µm
wave_controller_y_inst/net160,35.33µm
wave_controller_y_inst/net329,35.33µm
wave_controller_x_inst/net1275,35.33µm
signal_processor_x_inst/_085_,35.28µm
wave_controller_x_inst/_0601_,35.28µm
wave_controller_y_inst/_0546_,35.28µm
wave_controller_x_inst/_1716_,34.92µm
signal_processor_x_inst/cnt_out\[1\],34.87µm
wave_controller_x_inst/_0318_,34.87µm
wave_controller_y_inst/_0723_,34.87µm
net1231,34.87µm
wave_controller_x_inst/_0680_,34.82µm
wave_controller_y_inst/_1283_,34.82µm
wave_controller_x_inst/net1302,34.82µm
wave_controller_x_inst/_0544_,34.77µm
wave_controller_x_inst/_0774_,34.77µm
wave_controller_x_inst/_0785_,34.77µm
wave_controller_x_inst/_1288_,34.77µm
wave_controller_x_inst/_1290_,34.77µm
wave_controller_x_inst/_1457_,34.77µm
wave_controller_y_inst/_0587_,34.77µm
wave_controller_y_inst/_0778_,34.77µm
wave_controller_y_inst/_1428_,34.77µm
wave_controller_y_inst/net1549,34.77µm
spi_regs_inst/_0319_,34.72µm
wave_controller_x_inst/_0634_,34.72µm
wave_controller_x_inst/_1161_,34.72µm
wave_controller_x_inst/_1186_,34.72µm
wave_controller_x_inst/_1586_,34.72µm
wave_controller_x_inst/_1718_,34.72µm
wave_controller_y_inst/_0006_,34.72µm
wave_controller_y_inst/_0622_,34.72µm
spi_regs_inst/net531,34.72µm
spi_regs_inst/net310,34.36µm
signal_processor_x_inst/_055_,34.31µm
wave_controller_y_inst/_0580_,34.31µm
wave_controller_y_inst/_1611_,34.31µm
signal_processor_y_inst/_044_,34.26µm
signal_processor_y_inst/_102_,34.26µm
wave_controller_x_inst/_1663_,34.26µm
wave_controller_y_inst/_0220_,34.26µm
wave_controller_y_inst/_0695_,34.26µm
wave_controller_y_inst/_1579_,34.26µm
net1358,34.26µm
spi_regs_inst/_0516_,34.21µm
wave_controller_x_inst/_0128_,34.21µm
wave_controller_x_inst/_1104_,34.21µm
wave_controller_x_inst/_1504_,34.21µm
wave_controller_y_inst/_0373_,34.21µm
wave_controller_y_inst/_0447_,34.21µm
wave_controller_y_inst/_1149_,34.21µm
wave_controller_y_inst/_1541_,34.21µm
wave_controller_y_inst/_1746_,34.21µm
wave_controller_y_inst/cal_burst_count\[0\],34.21µm
net1520,34.21µm
signal_processor_y_inst/cnt_out\[0\],34.16µm
spi_regs_inst/_0260_,34.16µm
spi_regs_inst/_0284_,34.16µm
spi_regs_inst/_0479_,34.16µm
wave_controller_x_inst/_0487_,34.16µm
wave_controller_x_inst/_0695_,34.16µm
wave_controller_x_inst/_0857_,34.16µm
wave_controller_y_inst/_0322_,34.16µm
wave_controller_y_inst/_0352_,34.16µm
wave_controller_y_inst/_0698_,34.16µm
wave_controller_y_inst/_0860_,34.16µm
wave_controller_y_inst/_1471_,34.16µm
wave_controller_y_inst/_1473_,34.16µm
wave_controller_y_inst/_1688_,34.16µm
wave_controller_x_inst/net88,34.16µm
wave_controller_x_inst/_1566_,33.88µm
wave_controller_x_inst/_1358_,33.75µm
wave_controller_y_inst/_0632_,33.75µm
signal_processor_y_inst/cnt_in\[0\],33.7µm
wave_controller_x_inst/_0664_,33.7µm
wave_controller_y_inst/_0999_,33.7µm
wave_controller_y_inst/_1279_,33.7µm
wave_controller_y_inst/_1400_,33.7µm
wave_controller_y_inst/_1738_,33.7µm
wave_controller_x_inst/net349,33.7µm
spi_regs_inst/_0443_,33.65µm
spi_regs_inst/_0615_,33.65µm
wave_controller_x_inst/_0436_,33.65µm
wave_controller_x_inst/_0920_,33.65µm
wave_controller_y_inst/_0151_,33.65µm
wave_controller_y_inst/_0180_,33.65µm
wave_controller_y_inst/_0365_,33.65µm
wave_controller_y_inst/_0554_,33.65µm
wave_controller_y_inst/_1072_,33.65µm
spi_regs_inst/net434,33.65µm
wave_controller_y_inst/net759,33.65µm
net1272,33.65µm
spi_regs_inst/_0134_,33.6µm
spi_regs_inst/_0593_,33.6µm
spi_regs_inst/_0619_,33.6µm
wave_controller_x_inst/_0180_,33.6µm
wave_controller_x_inst/_0579_,33.6µm
wave_controller_x_inst/_1556_,33.6µm
wave_controller_y_inst/_1486_,33.6µm
wave_controller_y_inst/_1739_,33.6µm
net8,33.24µm
wave_controller_x_inst/_0738_,33.24µm
net1563,33.165µm
net1602,33.165µm
spi_regs_inst/_0574_,33.14µm
wave_controller_x_inst/_1554_,33.14µm
wave_controller_y_inst/_1683_,33.14µm
wave_controller_y_inst/_1716_,33.14µm
wave_controller_y_inst/net29,33.14µm
wave_controller_x_inst/net908,33.14µm
net1291,33.14µm
net1365,33.14µm
cfg_f_MEMS_fcw_x\[2\],33.09µm
wave_controller_x_inst/_0509_,33.09µm
wave_controller_y_inst/_0304_,33.09µm
wave_controller_y_inst/_0509_,33.09µm
wave_controller_y_inst/_0868_,33.09µm
wave_controller_y_inst/_1232_,33.09µm
wave_controller_y_inst/_1742_,33.09µm
wave_controller_y_inst/net139,33.09µm
wave_controller_y_inst/net169,33.09µm
spi_regs_inst/_0308_,33.04µm
spi_regs_inst/_0515_,33.04µm
spi_regs_inst/_0604_,33.04µm
wave_controller_x_inst/_0527_,33.04µm
wave_controller_y_inst/_0296_,33.04µm
wave_controller_y_inst/_0326_,33.04µm
wave_controller_y_inst/_0907_,33.04µm
wave_controller_y_inst/_1028_,33.04µm
wave_controller_y_inst/_1050_,33.04µm
wave_controller_y_inst/_1583_,33.04µm
wave_controller_y_inst/_1656_,33.04µm
wave_controller_y_inst/net801,33.04µm
wave_controller_x_inst/net1259,33.04µm
signal_processor_y_inst/net1349,33.04µm
signal_processor_y_inst/cnt_in\[1\],32.63µm
wave_controller_y_inst/_1305_,32.63µm
wave_controller_y_inst/_1635_,32.63µm
wave_controller_x_inst/net935,32.63µm
net1601,32.605µm
wave_controller_x_inst/_1661_,32.58µm
wave_controller_x_inst/_1700_,32.58µm
wave_controller_y_inst/_0807_,32.58µm
wave_controller_y_inst/_0971_,32.58µm
wave_controller_y_inst/_1238_,32.58µm
wave_controller_y_inst/net154,32.58µm
wave_controller_x_inst/net501,32.58µm
spi_regs_inst/net532,32.58µm
wave_controller_x_inst/net1301,32.58µm
cal_phase270_offset_x\[16\],32.53µm
spi_regs_inst/_0242_,32.53µm
wave_controller_x_inst/_0152_,32.53µm
wave_controller_x_inst/_0540_,32.53µm
wave_controller_x_inst/_1423_,32.53µm
wave_controller_x_inst/_1507_,32.53µm
wave_controller_y_inst/_0662_,32.53µm
wave_controller_y_inst/_0857_,32.53µm
wave_controller_y_inst/_0918_,32.53µm
wave_controller_y_inst/_1189_,32.53µm
wave_controller_y_inst/_1619_,32.53µm
wave_controller_y_inst/net1423,32.53µm
spi_regs_inst/_0504_,32.48µm
wave_controller_x_inst/_0136_,32.48µm
wave_controller_x_inst/_1511_,32.48µm
wave_controller_y_inst/_0987_,32.48µm
wave_controller_y_inst/_1420_,32.48µm
wave_controller_y_inst/_1490_,32.48µm
signal_processor_x_inst/net1287,32.48µm
wave_controller_y_inst/net1413,32.48µm
wave_controller_x_inst/net910,32.12µm
wave_controller_y_inst/net772,32.07µm
wave_controller_x_inst/_1247_,32.02µm
wave_controller_x_inst/phase_acc\[10\],32.02µm
wave_controller_y_inst/_0559_,32.02µm
wave_controller_y_inst/net1148,32.02µm
net1372,32.02µm
spi_regs_inst/_0595_,31.97µm
wave_controller_x_inst/_0353_,31.97µm
wave_controller_y_inst/_0262_,31.97µm
wave_controller_y_inst/_0334_,31.97µm
wave_controller_y_inst/_0433_,31.97µm
wave_controller_y_inst/_0505_,31.97µm
wave_controller_y_inst/_0990_,31.97µm
spi_regs_inst/net447,31.97µm
spi_regs_inst/net990,31.97µm
signal_processor_y_inst/_075_,31.92µm
spi_regs_inst/_0626_,31.92µm
wave_controller_x_inst/_0528_,31.92µm
wave_controller_x_inst/_0607_,31.92µm
wave_controller_x_inst/_0780_,31.92µm
wave_controller_x_inst/_1103_,31.92µm
wave_controller_x_inst/_1726_,31.92µm
wave_controller_y_inst/_1356_,31.92µm
wave_controller_y_inst/net42,31.92µm
wave_controller_x_inst/_0276_,31.56µm
wave_controller_x_inst/_1262_,31.51µm
wave_controller_x_inst/_1306_,31.51µm
wave_controller_y_inst/_0470_,31.51µm
wave_controller_y_inst/_1566_,31.51µm
net1617,31.485µm
cfg_phase0_offset_x\[15\],31.46µm
signal_processor_y_inst/_053_,31.46µm
wave_controller_x_inst/_0385_,31.46µm
wave_controller_x_inst/_0662_,31.46µm
wave_controller_x_inst/_0801_,31.46µm
wave_controller_x_inst/_1307_,31.46µm
wave_controller_x_inst/_1662_,31.46µm
wave_controller_y_inst/net465,31.46µm
signal_processor_y_inst/net1354,31.46µm
net1444,31.46µm
signal_processor_y_inst/_073_,31.41µm
spi_regs_inst/_0486_,31.41µm
wave_controller_x_inst/_0814_,31.41µm
wave_controller_x_inst/_0871_,31.41µm
wave_controller_x_inst/_0939_,31.41µm
wave_controller_x_inst/_1002_,31.41µm
wave_controller_x_inst/_1268_,31.41µm
wave_controller_y_inst/_0633_,31.41µm
wave_controller_y_inst/_0674_,31.41µm
wave_controller_y_inst/_1188_,31.41µm
wave_controller_x_inst/net111,31.41µm
wave_controller_x_inst/net696,31.41µm
wave_controller_y_inst/net1150,31.41µm
signal_processor_y_inst/_070_,31.36µm
spi_regs_inst/_0339_,31.36µm
wave_controller_x_inst/_0886_,31.36µm
wave_controller_y_inst/_0489_,31.36µm
wave_controller_y_inst/_0566_,31.36µm
wave_controller_y_inst/net817,31.36µm
wave_controller_x_inst/net876,31.36µm
wave_controller_y_inst/_0460_,31µm
wave_controller_y_inst/_0313_,30.95µm
wave_controller_x_inst/net671,30.95µm
wave_controller_y_inst/net745,30.95µm
wave_controller_x_inst/_0249_,30.9µm
wave_controller_x_inst/_0307_,30.9µm
wave_controller_x_inst/comp_sync3,30.9µm
spi_regs_inst/net1395,30.9µm
cal_phase90_offset_y\[1\],30.85µm
wave_controller_x_inst/_0133_,30.85µm
wave_controller_x_inst/_0220_,30.85µm
wave_controller_x_inst/_0728_,30.85µm
wave_controller_x_inst/_0874_,30.85µm
wave_controller_x_inst/_0988_,30.85µm
wave_controller_x_inst/net1324,30.85µm
spi_regs_inst/_0680_,30.8µm
wave_controller_x_inst/_0773_,30.8µm
wave_controller_x_inst/_1529_,30.8µm
wave_controller_x_inst/_1581_,30.8µm
wave_controller_y_inst/_0406_,30.8µm
wave_controller_y_inst/_0770_,30.8µm
wave_controller_y_inst/_1032_,30.8µm
wave_controller_y_inst/_1078_,30.8µm
wave_controller_y_inst/_1693_,30.8µm
spi_regs_inst/net533,30.8µm
bidir_out[1],30.415µm
spi_regs_inst/bit_cnt\[1\],30.39µm
wave_controller_y_inst/_0276_,30.39µm
wave_controller_y_inst/_0779_,30.39µm
wave_controller_y_inst/_1262_,30.39µm
spi_regs_inst/net596,30.39µm
spi_regs_inst/net1330,30.39µm
signal_processor_x_inst/cycle_count\[2\],30.34µm
signal_processor_y_inst/_054_,30.34µm
spi_regs_inst/_0589_,30.34µm
wave_controller_x_inst/_1463_,30.34µm
wave_controller_y_inst/_0801_,30.34µm
wave_controller_y_inst/_0941_,30.34µm
wave_controller_y_inst/_1594_,30.34µm
spi_regs_inst/net562,30.34µm
signal_processor_y_inst/net1355,30.34µm
spi_regs_inst/net1472,30.34µm
wave_controller_x_inst/_0337_,30.29µm
wave_controller_x_inst/_0355_,30.29µm
wave_controller_x_inst/_0698_,30.29µm
wave_controller_x_inst/_1185_,30.29µm
wave_controller_x_inst/_1560_,30.29µm
wave_controller_x_inst/_1573_,30.29µm
wave_controller_x_inst/_1708_,30.29µm
wave_controller_y_inst/_1630_,30.29µm
wave_controller_y_inst/wave_cycle_cnt\[6\],30.29µm
spi_regs_inst/net594,30.29µm
wave_controller_x_inst/net665,30.29µm
wave_controller_x_inst/net1246,30.29µm
wave_controller_y_inst/net1412,30.29µm
net10,30.24µm
spi_regs_inst/_0412_,30.24µm
spi_regs_inst/_0485_,30.24µm
wave_controller_x_inst/_0317_,30.24µm
wave_controller_x_inst/_0401_,30.24µm
wave_controller_x_inst/_0523_,30.24µm
wave_controller_y_inst/_0557_,30.24µm
wave_controller_y_inst/_0589_,30.24µm
wave_controller_y_inst/_0607_,30.24µm
wave_controller_y_inst/_1397_,30.24µm
wave_controller_y_inst/_1665_,30.24µm
signal_processor_y_inst/s270_pipe\[3\],29.88µm
signal_processor_x_inst/cnt_in\[2\],29.83µm
wave_controller_y_inst/_1465_,29.83µm
net1295,29.83µm
net1616,29.805µm
wave_controller_x_inst/_0331_,29.78µm
wave_controller_x_inst/_0338_,29.78µm
wave_controller_x_inst/_0425_,29.78µm
wave_controller_x_inst/_0578_,29.78µm
wave_controller_x_inst/_1052_,29.78µm
wave_controller_x_inst/_1188_,29.78µm
wave_controller_x_inst/_1461_,29.78µm
wave_controller_x_inst/_1579_,29.78µm
wave_controller_x_inst/_1614_,29.78µm
wave_controller_y_inst/_0133_,29.78µm
wave_controller_y_inst/net334,29.78µm
raw_edge2_y\[20\],29.73µm
spi_regs_inst/_0441_,29.73µm
spi_regs_inst/_0643_,29.73µm
wave_controller_x_inst/_0117_,29.73µm
wave_controller_x_inst/_0406_,29.73µm
wave_controller_x_inst/_0657_,29.73µm
wave_controller_x_inst/_0799_,29.73µm
wave_controller_x_inst/_0889_,29.73µm
wave_controller_x_inst/_1180_,29.73µm
wave_controller_y_inst/_0193_,29.73µm
wave_controller_y_inst/_0837_,29.73µm
wave_controller_y_inst/_1658_,29.73µm
wave_controller_x_inst/net114,29.73µm
wave_controller_x_inst/_0258_,29.68µm
wave_controller_x_inst/_1331_,29.68µm
wave_controller_x_inst/_1513_,29.68µm
wave_controller_y_inst/_0568_,29.68µm
wave_controller_y_inst/_0678_,29.68µm
wave_controller_y_inst/_1311_,29.68µm
clknet_1_0__leaf_clk,29.44µm
wave_controller_x_inst/_1267_,29.27µm
wave_controller_y_inst/_1113_,29.27µm
wave_controller_y_inst/net618,29.27µm
signal_processor_x_inst/_047_,29.22µm
wave_controller_x_inst/_0216_,29.22µm
wave_controller_x_inst/_0556_,29.22µm
wave_controller_x_inst/_1539_,29.22µm
wave_controller_x_inst/_1601_,29.22µm
wave_controller_y_inst/_0233_,29.22µm
spi_regs_inst/net438,29.22µm
spi_regs_inst/net443,29.22µm
net1290,29.22µm
net1296,29.22µm
raw_edge3_y\[6\],29.17µm
spi_regs_inst/_0232_,29.17µm
spi_regs_inst/_0558_,29.17µm
wave_controller_x_inst/_0094_,29.17µm
wave_controller_x_inst/_0151_,29.17µm
wave_controller_x_inst/_0186_,29.17µm
wave_controller_x_inst/_0456_,29.17µm
wave_controller_x_inst/_0816_,29.17µm
wave_controller_x_inst/_0896_,29.17µm
wave_controller_x_inst/_0906_,29.17µm
wave_controller_x_inst/_0932_,29.17µm
wave_controller_x_inst/_1628_,29.17µm
wave_controller_y_inst/_0913_,29.17µm
wave_controller_y_inst/_1508_,29.17µm
wave_controller_y_inst/_1677_,29.17µm
wave_controller_y_inst/_1733_,29.17µm
wave_controller_x_inst/net132,29.17µm
spi_regs_inst/net355,29.17µm
net1267,29.17µm
wave_controller_x_inst/_0143_,29.12µm
wave_controller_x_inst/_0863_,29.12µm
wave_controller_x_inst/_1393_,29.12µm
wave_controller_y_inst/_0309_,29.12µm
wave_controller_y_inst/_0767_,29.12µm
wave_controller_y_inst/_0960_,29.12µm
wave_controller_y_inst/_1386_,29.12µm
spi_regs_inst/net540,29.12µm
wave_controller_y_inst/_0452_,28.76µm
wave_controller_y_inst/_0732_,28.71µm
wave_controller_y_inst/_1277_,28.71µm
wave_controller_y_inst/_1299_,28.71µm
spi_miso,28.66µm
spi_regs_inst/_0647_,28.66µm
wave_controller_x_inst/_1106_,28.66µm
wave_controller_x_inst/_1608_,28.66µm
wave_controller_x_inst/cal_burst_count\[0\],28.66µm
wave_controller_y_inst/_0425_,28.66µm
wave_controller_y_inst/_0480_,28.66µm
wave_controller_y_inst/net125,28.66µm
wave_controller_x_inst/net142,28.66µm
wave_controller_x_inst/_0404_,28.61µm
wave_controller_x_inst/_0493_,28.61µm
wave_controller_x_inst/_0558_,28.61µm
wave_controller_x_inst/_0917_,28.61µm
wave_controller_x_inst/_1492_,28.61µm
wave_controller_x_inst/_1577_,28.61µm
wave_controller_x_inst/_1724_,28.61µm
wave_controller_y_inst/_0392_,28.61µm
wave_controller_y_inst/_0676_,28.61µm
wave_controller_y_inst/_1199_,28.61µm
wave_controller_y_inst/_1529_,28.61µm
wave_controller_y_inst/_1568_,28.61µm
wave_controller_y_inst/_1573_,28.61µm
wave_controller_y_inst/net48,28.61µm
wave_controller_y_inst/net155,28.61µm
wave_controller_y_inst/net630,28.61µm
wave_controller_x_inst/_0166_,28.56µm
wave_controller_x_inst/_0296_,28.56µm
wave_controller_x_inst/_0349_,28.56µm
wave_controller_x_inst/_0359_,28.56µm
wave_controller_x_inst/_0706_,28.56µm
wave_controller_x_inst/_1229_,28.56µm
wave_controller_x_inst/_1667_,28.56µm
wave_controller_y_inst/_0664_,28.56µm
wave_controller_y_inst/_1185_,28.56µm
wave_controller_y_inst/_1696_,28.56µm
net734,28.56µm
wave_controller_x_inst/net249,28.15µm
signal_processor_x_inst/s90_valid,28.1µm
wave_controller_x_inst/_0374_,28.1µm
wave_controller_x_inst/_0941_,28.1µm
wave_controller_x_inst/_1266_,28.1µm
wave_controller_x_inst/_1647_,28.1µm
wave_controller_y_inst/_0162_,28.1µm
wave_controller_y_inst/_0324_,28.1µm
wave_controller_y_inst/_0435_,28.1µm
wave_controller_y_inst/_0699_,28.1µm
wave_controller_y_inst/_0931_,28.1µm
signal_processor_x_inst/_074_,28.05µm
spi_regs_inst/_0248_,28.05µm
wave_controller_x_inst/_0233_,28.05µm
wave_controller_x_inst/_0313_,28.05µm
wave_controller_x_inst/_0711_,28.05µm
wave_controller_x_inst/_0867_,28.05µm
wave_controller_x_inst/_0869_,28.05µm
wave_controller_x_inst/_0877_,28.05µm
wave_controller_x_inst/_1353_,28.05µm
wave_controller_x_inst/_1418_,28.05µm
wave_controller_y_inst/_0272_,28.05µm
wave_controller_y_inst/_0573_,28.05µm
wave_controller_y_inst/_0581_,28.05µm
wave_controller_y_inst/_0646_,28.05µm
wave_controller_y_inst/_1700_,28.05µm
wave_controller_y_inst/_1704_,28.05µm
wave_controller_y_inst/net187,28.05µm
signal_processor_y_inst/_066_,28µm
spi_regs_inst/_0137_,28µm
wave_controller_x_inst/_0289_,28µm
wave_controller_x_inst/_0837_,28µm
wave_controller_x_inst/_1206_,28µm
wave_controller_x_inst/_1466_,28µm
wave_controller_y_inst/_0900_,28µm
wave_controller_y_inst/_1446_,28µm
wave_controller_x_inst/net94,28µm
raw_edge1_x\[8\],27.59µm
signal_processor_x_inst/_066_,27.59µm
wave_controller_y_inst/_0275_,27.54µm
wave_controller_y_inst/_0843_,27.54µm
wave_controller_y_inst/_0917_,27.54µm
wave_controller_y_inst/_0920_,27.54µm
wave_controller_y_inst/_0988_,27.54µm
wave_controller_y_inst/_1360_,27.54µm
wave_controller_y_inst/_1451_,27.54µm
spi_regs_inst/net580,27.54µm
signal_processor_y_inst/s270_pipe\[0\],27.49µm
spi_regs_inst/_0112_,27.49µm
spi_regs_inst/_0244_,27.49µm
spi_regs_inst/_0282_,27.49µm
wave_controller_x_inst/_0389_,27.49µm
wave_controller_x_inst/_0788_,27.49µm
wave_controller_x_inst/_1483_,27.49µm
wave_controller_y_inst/_0052_,27.49µm
wave_controller_y_inst/_0316_,27.49µm
wave_controller_y_inst/_0382_,27.49µm
wave_controller_y_inst/_0804_,27.49µm
wave_controller_y_inst/_1463_,27.49µm
wave_controller_y_inst/_1747_,27.49µm
wave_controller_y_inst/net138,27.49µm
wave_controller_y_inst/net624,27.49µm
wave_controller_y_inst/net1087,27.49µm
wave_controller_x_inst/_0288_,27.44µm
wave_controller_x_inst/_0849_,27.44µm
wave_controller_x_inst/_1446_,27.44µm
wave_controller_y_inst/_0142_,27.44µm
wave_controller_y_inst/_0290_,27.44µm
wave_controller_y_inst/net608,27.44µm
net1299,27.44µm
signal_processor_y_inst/_050_,27.03µm
wave_controller_x_inst/_0804_,27.03µm
wave_controller_y_inst/_0358_,27.03µm
net1586,27.005µm
net1590,27.005µm
signal_processor_x_inst/s90_pipe\[3\],26.98µm
wave_controller_x_inst/_0171_,26.98µm
wave_controller_x_inst/_0182_,26.98µm
wave_controller_x_inst/_1385_,26.98µm
wave_controller_y_inst/_0560_,26.98µm
wave_controller_y_inst/_0685_,26.98µm
wave_controller_y_inst/_1270_,26.98µm
wave_controller_y_inst/_1453_,26.98µm
wave_controller_y_inst/_1498_,26.98µm
wave_controller_y_inst/_1513_,26.98µm
wave_controller_y_inst/comp_sync4,26.98µm
raw_edge3_x\[0\],26.93µm
spi_regs_inst/_0500_,26.93µm
wave_controller_x_inst/_0490_,26.93µm
wave_controller_x_inst/_0663_,26.93µm
wave_controller_x_inst/_0936_,26.93µm
wave_controller_x_inst/_1105_,26.93µm
wave_controller_x_inst/_1119_,26.93µm
wave_controller_x_inst/_1480_,26.93µm
wave_controller_x_inst/_1595_,26.93µm
wave_controller_x_inst/_1597_,26.93µm
wave_controller_y_inst/_0288_,26.93µm
wave_controller_y_inst/_1007_,26.93µm
wave_controller_y_inst/ds_acc\[7\],26.93µm
wave_controller_x_inst/net134,26.93µm
spi_regs_inst/_0365_,26.88µm
spi_regs_inst/_0623_,26.88µm
wave_controller_x_inst/_0494_,26.88µm
wave_controller_x_inst/_0753_,26.88µm
wave_controller_x_inst/_0968_,26.88µm
wave_controller_x_inst/_1280_,26.88µm
wave_controller_x_inst/_1698_,26.88µm
wave_controller_y_inst/_0482_,26.88µm
wave_controller_y_inst/_1234_,26.88µm
wave_controller_y_inst/_1472_,26.88µm
wave_controller_y_inst/_1655_,26.88µm
wave_controller_y_inst/net766,26.88µm
wave_controller_y_inst/_0684_,26.47µm
wave_controller_y_inst/net645,26.47µm
input_in,26.445µm
wave_controller_x_inst/_0697_,26.42µm
wave_controller_x_inst/_0727_,26.42µm
wave_controller_y_inst/_0253_,26.42µm
wave_controller_y_inst/_0347_,26.42µm
wave_controller_y_inst/_1368_,26.42µm
wave_controller_y_inst/_1673_,26.42µm
spi_regs_inst/net534,26.42µm
cal_phase0_offset_x\[3\],26.37µm
signal_processor_y_inst/_104_,26.37µm
wave_controller_x_inst/_0574_,26.37µm
wave_controller_x_inst/_0858_,26.37µm
wave_controller_x_inst/_1179_,26.37µm
wave_controller_x_inst/_1236_,26.37µm
wave_controller_x_inst/_1714_,26.37µm
wave_controller_x_inst/cal_burst_active,26.37µm
wave_controller_x_inst/ds_acc\[3\],26.37µm
wave_controller_y_inst/_0197_,26.37µm
wave_controller_y_inst/_0912_,26.37µm
wave_controller_y_inst/_1197_,26.37µm
wave_controller_y_inst/_1236_,26.37µm
wave_controller_y_inst/_1349_,26.37µm
wave_controller_y_inst/_1381_,26.37µm
wave_controller_y_inst/_1667_,26.37µm
wave_controller_y_inst/_1729_,26.37µm
wave_controller_y_inst/cal_burst_active,26.37µm
wave_controller_y_inst/net161,26.37µm
wave_controller_y_inst/net810,26.37µm
spi_regs_inst/_0258_,26.32µm
wave_controller_x_inst/_0776_,26.32µm
wave_controller_x_inst/_0806_,26.32µm
wave_controller_x_inst/_1711_,26.32µm
wave_controller_y_inst/_1536_,26.32µm
wave_controller_y_inst/_1550_,26.32µm
wave_controller_y_inst/net804,26.32µm
wave_controller_y_inst/_1331_,25.91µm
wave_controller_y_inst/_1577_,25.91µm
wave_controller_y_inst/net1377,25.91µm
signal_processor_y_inst/_045_,25.86µm
spi_regs_inst/_0588_,25.86µm
wave_controller_y_inst/_0495_,25.86µm
wave_controller_y_inst/_0544_,25.86µm
wave_controller_y_inst/_1257_,25.86µm
wave_controller_y_inst/_1395_,25.86µm
wave_controller_x_inst/net925,25.86µm
wave_controller_x_inst/_0162_,25.81µm
wave_controller_x_inst/_0332_,25.81µm
wave_controller_x_inst/_0590_,25.81µm
wave_controller_x_inst/_0640_,25.81µm
wave_controller_x_inst/_0681_,25.81µm
wave_controller_x_inst/_0694_,25.81µm
wave_controller_x_inst/_0836_,25.81µm
wave_controller_x_inst/_0885_,25.81µm
wave_controller_x_inst/_0983_,25.81µm
wave_controller_x_inst/_1373_,25.81µm
wave_controller_y_inst/_0569_,25.81µm
wave_controller_y_inst/_0645_,25.81µm
wave_controller_y_inst/_0694_,25.81µm
wave_controller_y_inst/_0933_,25.81µm
wave_controller_y_inst/_1230_,25.81µm
wave_controller_y_inst/_1303_,25.81µm
wave_controller_y_inst/_1373_,25.81µm
wave_controller_y_inst/_1682_,25.81µm
wave_controller_x_inst/_0169_,25.76µm
wave_controller_x_inst/_0287_,25.76µm
wave_controller_x_inst/_0309_,25.76µm
wave_controller_x_inst/_0980_,25.76µm
wave_controller_x_inst/_0987_,25.76µm
wave_controller_x_inst/_1028_,25.76µm
wave_controller_x_inst/_1256_,25.76µm
wave_controller_y_inst/_0669_,25.76µm
wave_controller_y_inst/_0880_,25.76µm
wave_controller_y_inst/_1414_,25.76µm
wave_controller_y_inst/_1533_,25.76µm
wave_controller_y_inst/_1740_,25.76µm
wave_controller_y_inst/net1409,25.76µm
spi_regs_inst/net1480,25.76µm
wave_controller_x_inst/_0223_,25.4µm
wave_controller_x_inst/_1473_,25.4µm
cfg_f_MEMS_fcw_x\[5\],25.35µm
wave_controller_x_inst/_0204_,25.35µm
wave_controller_x_inst/_0499_,25.35µm
wave_controller_x_inst/_1655_,25.35µm
wave_controller_y_inst/_0329_,25.35µm
wave_controller_y_inst/_0976_,25.35µm
wave_controller_y_inst/_1442_,25.35µm
wave_controller_y_inst/_1507_,25.35µm
spi_regs_inst/net1500,25.35µm
net1560,25.325µm
net1585,25.325µm
net1593,25.325µm
net1598,25.325µm
net1599,25.325µm
cal_phase270_offset_x\[14\],25.3µm
spi_regs_inst/_0257_,25.3µm
wave_controller_x_inst/_1653_,25.3µm
wave_controller_x_inst/_1739_,25.3µm
wave_controller_y_inst/_0644_,25.3µm
wave_controller_y_inst/_0722_,25.3µm
wave_controller_y_inst/_0943_,25.3µm
wave_controller_y_inst/_1581_,25.3µm
wave_controller_y_inst/_1718_,25.3µm
spi_regs_inst/net1403,25.3µm
spi_regs_inst/_0071_,25.25µm
wave_controller_x_inst/_0176_,25.25µm
wave_controller_x_inst/_0732_,25.25µm
wave_controller_x_inst/_1411_,25.25µm
wave_controller_x_inst/_1462_,25.25µm
wave_controller_x_inst/_1676_,25.25µm
wave_controller_x_inst/_1752_,25.25µm
wave_controller_y_inst/_0389_,25.25µm
wave_controller_y_inst/_0494_,25.25µm
wave_controller_y_inst/_0721_,25.25µm
wave_controller_y_inst/_0794_,25.25µm
wave_controller_y_inst/_0878_,25.25µm
wave_controller_y_inst/_0980_,25.25µm
wave_controller_y_inst/_1417_,25.25µm
wave_controller_y_inst/_1462_,25.25µm
wave_controller_y_inst/net232,25.25µm
wave_controller_x_inst/_0391_,25.2µm
wave_controller_x_inst/_1438_,25.2µm
wave_controller_x_inst/_1541_,25.2µm
wave_controller_x_inst/_1576_,25.2µm
wave_controller_y_inst/_0875_,25.2µm
wave_controller_y_inst/_1158_,25.2µm
wave_controller_y_inst/_1596_,25.2µm
wave_controller_y_inst/_1632_,25.2µm
net1227,25.2µm
wave_controller_y_inst/_0386_,24.79µm
net1566,24.765µm
net1592,24.765µm
net1594,24.765µm
net1600,24.765µm
cfg_f_MEMS_fcw_y\[1\],24.74µm
signal_processor_x_inst/_045_,24.74µm
spi_regs_inst/_0606_,24.74µm
wave_controller_x_inst/_0253_,24.74µm
wave_controller_y_inst/_0436_,24.74µm
wave_controller_y_inst/_0579_,24.74µm
wave_controller_y_inst/_0667_,24.74µm
cal_phase0_offset_y\[7\],24.69µm
cal_phase270_offset_y\[5\],24.69µm
signal_processor_y_inst/_105_,24.69µm
spi_regs_inst/_0512_,24.69µm
wave_controller_x_inst/_1444_,24.69µm
wave_controller_x_inst/_1532_,24.69µm
wave_controller_x_inst/_1650_,24.69µm
wave_controller_x_inst/_1723_,24.69µm
wave_controller_y_inst/_0166_,24.69µm
wave_controller_y_inst/_0204_,24.69µm
wave_controller_y_inst/_0269_,24.69µm
wave_controller_y_inst/_0289_,24.69µm
wave_controller_y_inst/_0325_,24.69µm
wave_controller_y_inst/_0540_,24.69µm
wave_controller_y_inst/_0744_,24.69µm
wave_controller_y_inst/_1720_,24.69µm
wave_controller_x_inst/net238,24.69µm
spi_regs_inst/net1368,24.69µm
cal_phase0_offset_x\[18\],24.64µm
cal_phase270_offset_y\[2\],24.64µm
signal_processor_y_inst/_062_,24.64µm
spi_regs_inst/_0533_,24.64µm
wave_controller_x_inst/_0008_,24.64µm
wave_controller_x_inst/_0306_,24.64µm
wave_controller_x_inst/_0536_,24.64µm
wave_controller_x_inst/_0721_,24.64µm
wave_controller_x_inst/_0862_,24.64µm
wave_controller_x_inst/_0910_,24.64µm
wave_controller_x_inst/_1570_,24.64µm
wave_controller_y_inst/_0159_,24.64µm
wave_controller_y_inst/_0404_,24.64µm
wave_controller_y_inst/_0746_,24.64µm
wave_controller_y_inst/_1013_,24.64µm
wave_controller_y_inst/_1469_,24.64µm
wave_controller_y_inst/_1544_,24.64µm
wave_controller_y_inst/_1659_,24.64µm
wave_controller_x_inst/net651,24.64µm
wave_controller_y_inst/_0653_,24.28µm
net1591,24.255µm
wave_controller_y_inst/_0213_,24.23µm
wave_controller_y_inst/_0538_,24.23µm
wave_controller_y_inst/_1723_,24.23µm
net1608,24.205µm
net1564,24.205µm
net1568,24.205µm
net1578,24.205µm
wave_controller_x_inst/_0212_,24.18µm
wave_controller_x_inst/_0274_,24.18µm
wave_controller_x_inst/_0354_,24.18µm
wave_controller_x_inst/_0976_,24.18µm
wave_controller_x_inst/_1635_,24.18µm
wave_controller_x_inst/_1747_,24.18µm
wave_controller_y_inst/_0201_,24.18µm
wave_controller_y_inst/_0255_,24.18µm
wave_controller_y_inst/_0558_,24.18µm
wave_controller_y_inst/_0821_,24.18µm
wave_controller_y_inst/_0972_,24.18µm
wave_controller_y_inst/_1608_,24.18µm
wave_controller_y_inst/_1628_,24.18µm
wave_controller_y_inst/ds_acc\[1\],24.18µm
wave_controller_y_inst/net641,24.18µm
wave_controller_x_inst/net933,24.18µm
spi_regs_inst/_0243_,24.13µm
spi_regs_inst/_0316_,24.13µm
spi_regs_inst/_0329_,24.13µm
spi_regs_inst/_0366_,24.13µm
wave_controller_x_inst/_0786_,24.13µm
wave_controller_x_inst/_0868_,24.13µm
wave_controller_x_inst/_0887_,24.13µm
wave_controller_x_inst/_1036_,24.13µm
wave_controller_x_inst/_1230_,24.13µm
wave_controller_x_inst/_1318_,24.13µm
wave_controller_x_inst/_1540_,24.13µm
wave_controller_x_inst/_1656_,24.13µm
wave_controller_y_inst/_0245_,24.13µm
wave_controller_y_inst/_0424_,24.13µm
wave_controller_y_inst/_0483_,24.13µm
wave_controller_y_inst/_0951_,24.13µm
wave_controller_y_inst/_0954_,24.13µm
wave_controller_y_inst/_0969_,24.13µm
wave_controller_y_inst/_1180_,24.13µm
wave_controller_y_inst/_1261_,24.13µm
spi_regs_inst/_0333_,24.08µm
spi_regs_inst/_0462_,24.08µm
spi_regs_inst/_0489_,24.08µm
wave_controller_x_inst/_0218_,24.08µm
wave_controller_x_inst/_0224_,24.08µm
wave_controller_x_inst/_0329_,24.08µm
wave_controller_x_inst/_0435_,24.08µm
wave_controller_x_inst/_0462_,24.08µm
wave_controller_x_inst/_0492_,24.08µm
wave_controller_x_inst/_1118_,24.08µm
wave_controller_x_inst/_1270_,24.08µm
wave_controller_x_inst/_1356_,24.08µm
wave_controller_x_inst/_1561_,24.08µm
wave_controller_y_inst/_0533_,24.08µm
wave_controller_y_inst/_0601_,24.08µm
wave_controller_y_inst/_1049_,24.08µm
wave_controller_y_inst/_1229_,24.08µm
wave_controller_y_inst/_1501_,24.08µm
wave_controller_y_inst/net151,24.08µm
net1618,23.695µm
wave_controller_x_inst/_0398_,23.67µm
wave_controller_x_inst/_0797_,23.67µm
wave_controller_y_inst/_1263_,23.67µm
wave_controller_y_inst/cal_burst_armed,23.67µm
net1584,23.645µm
net1603,23.645µm
bidir_out[2],23.645µm
net,23.645µm
wave_controller_x_inst/_0722_,23.62µm
wave_controller_x_inst/_1618_,23.62µm
wave_controller_x_inst/_1627_,23.62µm
wave_controller_y_inst/_1548_,23.62µm
wave_controller_y_inst/_1698_,23.62µm
wave_controller_y_inst/net265,23.62µm
spi_regs_inst/net309,23.62µm
spi_regs_inst/net551,23.62µm
net1581,23.615µm
spi_regs_inst/_0173_,23.57µm
wave_controller_x_inst/_0207_,23.57µm
wave_controller_x_inst/_0321_,23.57µm
wave_controller_x_inst/_0342_,23.57µm
wave_controller_x_inst/_0412_,23.57µm
wave_controller_x_inst/_0442_,23.57µm
wave_controller_x_inst/_0562_,23.57µm
wave_controller_x_inst/_0658_,23.57µm
wave_controller_x_inst/_0878_,23.57µm
wave_controller_x_inst/_0879_,23.57µm
wave_controller_x_inst/_1238_,23.57µm
wave_controller_x_inst/_1600_,23.57µm
wave_controller_y_inst/_0074_,23.57µm
wave_controller_y_inst/_0353_,23.57µm
wave_controller_y_inst/_0526_,23.57µm
wave_controller_y_inst/_0596_,23.57µm
wave_controller_y_inst/_1650_,23.57µm
wave_controller_y_inst/_1728_,23.57µm
net1340,23.57µm
wave_controller_x_inst/net1434,23.57µm
spi_regs_inst/_0187_,23.52µm
spi_regs_inst/_0270_,23.52µm
spi_regs_inst/_0409_,23.52µm
wave_controller_x_inst/_0096_,23.52µm
wave_controller_x_inst/_0248_,23.52µm
wave_controller_x_inst/_0832_,23.52µm
wave_controller_x_inst/_1101_,23.52µm
wave_controller_x_inst/_1190_,23.52µm
wave_controller_x_inst/_1384_,23.52µm
wave_controller_x_inst/_1665_,23.52µm
wave_controller_x_inst/_1691_,23.52µm
wave_controller_x_inst/_1736_,23.52µm
wave_controller_x_inst/wave_cycle_cnt\[7\],23.52µm
wave_controller_y_inst/_0774_,23.52µm
wave_controller_y_inst/_0968_,23.52µm
wave_controller_y_inst/_1282_,23.52µm
wave_controller_y_inst/_1591_,23.52µm
net1565,23.135µm
net1572,23.135µm
wave_controller_x_inst/_1311_,23.11µm
wave_controller_y_inst/_0335_,23.11µm
net1527,23.11µm
net1610,23.085µm
net1615,23.085µm
net1576,23.085µm
spi_regs_inst/_0002_,23.06µm
wave_controller_x_inst/_0330_,23.06µm
wave_controller_y_inst/_0285_,23.06µm
wave_controller_y_inst/_0766_,23.06µm
wave_controller_y_inst/_1329_,23.06µm
wave_controller_y_inst/_1744_,23.06µm
spi_regs_inst/net561,23.06µm
wave_controller_y_inst/net779,23.06µm
signal_processor_x_inst/cnt_out\[2\],23.01µm
spi_regs_inst/_0130_,23.01µm
spi_regs_inst/_0177_,23.01µm
state_machine_inst/_10_,23.01µm
wave_controller_x_inst/_0153_,23.01µm
wave_controller_x_inst/_0283_,23.01µm
wave_controller_x_inst/_0393_,23.01µm
wave_controller_x_inst/_0641_,23.01µm
wave_controller_x_inst/_0927_,23.01µm
wave_controller_x_inst/_1146_,23.01µm
wave_controller_x_inst/_1192_,23.01µm
wave_controller_x_inst/_1274_,23.01µm
wave_controller_x_inst/_1615_,23.01µm
wave_controller_x_inst/_1704_,23.01µm
wave_controller_y_inst/_0120_,23.01µm
wave_controller_y_inst/_0163_,23.01µm
wave_controller_y_inst/_0320_,23.01µm
wave_controller_y_inst/_0432_,23.01µm
wave_controller_y_inst/_0492_,23.01µm
wave_controller_y_inst/_0949_,23.01µm
wave_controller_y_inst/_0974_,23.01µm
wave_controller_y_inst/_0985_,23.01µm
wave_controller_y_inst/_1008_,23.01µm
wave_controller_y_inst/_1101_,23.01µm
wave_controller_y_inst/_1119_,23.01µm
wave_controller_y_inst/_1402_,23.01µm
wave_controller_y_inst/_1543_,23.01µm
wave_controller_y_inst/_1660_,23.01µm
wave_controller_x_inst/net900,23.01µm
wave_controller_y_inst/net1118,23.01µm
_05_,22.96µm
spi_regs_inst/_0042_,22.96µm
spi_regs_inst/_0119_,22.96µm
spi_regs_inst/_0238_,22.96µm
spi_regs_inst/_0538_,22.96µm
spi_regs_inst/_0639_,22.96µm
wave_controller_x_inst/_0004_,22.96µm
wave_controller_x_inst/_0178_,22.96µm
wave_controller_x_inst/_0684_,22.96µm
wave_controller_x_inst/_0894_,22.96µm
wave_controller_x_inst/_1032_,22.96µm
wave_controller_x_inst/_1330_,22.96µm
wave_controller_x_inst/_1640_,22.96µm
wave_controller_y_inst/_0174_,22.96µm
wave_controller_y_inst/_0682_,22.96µm
wave_controller_y_inst/_0780_,22.96µm
wave_controller_y_inst/_0925_,22.96µm
wave_controller_y_inst/_1105_,22.96µm
wave_controller_y_inst/_1401_,22.96µm
wave_controller_y_inst/net220,22.96µm
net1181,22.96µm
wave_controller_x_inst/_1568_,22.55µm
signal_processor_x_inst/_078_,22.5µm
signal_processor_y_inst/_103_,22.5µm
signal_processor_y_inst/cycle_count\[2\],22.5µm
wave_controller_x_inst/_0386_,22.5µm
wave_controller_x_inst/_1630_,22.5µm
wave_controller_y_inst/_0813_,22.5µm
wave_controller_y_inst/ds_acc\[3\],22.5µm
net1567,22.495µm
signal_processor_y_inst/_076_,22.45µm
signal_processor_y_inst/_096_,22.45µm
spi_regs_inst/_0286_,22.45µm
spi_regs_inst/_0532_,22.45µm
wave_controller_x_inst/_0137_,22.45µm
wave_controller_x_inst/_0580_,22.45µm
wave_controller_x_inst/_0649_,22.45µm
wave_controller_x_inst/_0760_,22.45µm
wave_controller_x_inst/_0855_,22.45µm
wave_controller_x_inst/_0919_,22.45µm
wave_controller_x_inst/_0956_,22.45µm
wave_controller_x_inst/_0999_,22.45µm
wave_controller_x_inst/_1189_,22.45µm
wave_controller_x_inst/_1355_,22.45µm
wave_controller_y_inst/_0337_,22.45µm
wave_controller_y_inst/_0359_,22.45µm
wave_controller_y_inst/_0487_,22.45µm
wave_controller_y_inst/_0660_,22.45µm
wave_controller_y_inst/_0855_,22.45µm
wave_controller_x_inst/net348,22.45µm
wave_controller_x_inst/net1294,22.45µm
spi_regs_inst/_0457_,22.4µm
spi_regs_inst/_0518_,22.4µm
wave_controller_x_inst/_0054_,22.4µm
wave_controller_x_inst/_0197_,22.4µm
wave_controller_x_inst/_0371_,22.4µm
wave_controller_x_inst/_0375_,22.4µm
wave_controller_x_inst/_0990_,22.4µm
wave_controller_x_inst/_1454_,22.4µm
wave_controller_x_inst/_1459_,22.4µm
wave_controller_x_inst/_1522_,22.4µm
wave_controller_y_inst/_0827_,22.4µm
wave_controller_y_inst/_1363_,22.4µm
wave_controller_y_inst/_1393_,22.4µm
signal_processor_x_inst/net713,22.4µm
wave_controller_x_inst/_0222_,21.99µm
wave_controller_y_inst/_1676_,21.99µm
wave_controller_y_inst/net324,21.99µm
net1611,21.965µm
net1575,21.965µm
net1577,21.965µm
cal_timeout,21.94µm
wave_controller_x_inst/_0213_,21.94µm
wave_controller_x_inst/_0225_,21.94µm
wave_controller_x_inst/_1112_,21.94µm
wave_controller_x_inst/_1412_,21.94µm
wave_controller_x_inst/_1548_,21.94µm
wave_controller_x_inst/ds_acc\[0\],21.94µm
wave_controller_y_inst/_0211_,21.94µm
wave_controller_y_inst/_0405_,21.94µm
wave_controller_y_inst/_0637_,21.94µm
wave_controller_y_inst/_0796_,21.94µm
wave_controller_y_inst/_0870_,21.94µm
wave_controller_y_inst/_1223_,21.94µm
wave_controller_y_inst/_1625_,21.94µm
wave_controller_y_inst/net269,21.94µm
wave_controller_x_inst/net1310,21.94µm
_03_,21.89µm
dir_x,21.89µm
signal_processor_y_inst/_027_,21.89µm
spi_regs_inst/_0440_,21.89µm
spi_regs_inst/_0526_,21.89µm
wave_controller_x_inst/_0397_,21.89µm
wave_controller_x_inst/_0545_,21.89µm
wave_controller_x_inst/_0707_,21.89µm
wave_controller_x_inst/_0770_,21.89µm
wave_controller_x_inst/_1705_,21.89µm
wave_controller_y_inst/_0191_,21.89µm
wave_controller_y_inst/_0686_,21.89µm
wave_controller_y_inst/_0944_,21.89µm
wave_controller_y_inst/_1404_,21.89µm
wave_controller_x_inst/net686,21.89µm
spi_regs_inst/_0459_,21.84µm
spi_regs_inst/_0629_,21.84µm
wave_controller_x_inst/_0312_,21.84µm
wave_controller_x_inst/_0411_,21.84µm
wave_controller_x_inst/_0648_,21.84µm
wave_controller_x_inst/_0690_,21.84µm
wave_controller_x_inst/_0900_,21.84µm
wave_controller_x_inst/_1413_,21.84µm
wave_controller_x_inst/_1474_,21.84µm
wave_controller_x_inst/_1585_,21.84µm
wave_controller_y_inst/_0586_,21.84µm
wave_controller_y_inst/_1059_,21.84µm
wave_controller_y_inst/_1510_,21.84µm
wave_controller_x_inst/net870,21.84µm
wave_controller_y_inst/net1382,21.84µm
wave_controller_x_inst/_1215_,21.48µm
net1614,21.455µm
wave_controller_x_inst/_1620_,21.43µm
wave_controller_y_inst/_1271_,21.43µm
net1613,21.405µm
net1605,21.405µm
bidir_oe[3],21.405µm
signal_processor_x_inst/_063_,21.38µm
wave_controller_x_inst/_0255_,21.38µm
wave_controller_x_inst/_0629_,21.38µm
wave_controller_x_inst/_0970_,21.38µm
wave_controller_x_inst/_1089_,21.38µm
wave_controller_x_inst/_1263_,21.38µm
wave_controller_y_inst/_0222_,21.38µm
wave_controller_y_inst/_0355_,21.38µm
wave_controller_y_inst/_0799_,21.38µm
wave_controller_y_inst/net129,21.38µm
latch_phase90_ack_y,21.33µm
signal_processor_y_inst/_086_,21.33µm
spi_regs_inst/_0128_,21.33µm
wave_controller_x_inst/_0106_,21.33µm
wave_controller_x_inst/_0372_,21.33µm
wave_controller_x_inst/_0460_,21.33µm
wave_controller_x_inst/_0470_,21.33µm
wave_controller_x_inst/_0729_,21.33µm
wave_controller_x_inst/_0818_,21.33µm
wave_controller_x_inst/_0960_,21.33µm
wave_controller_x_inst/_1035_,21.33µm
wave_controller_x_inst/_1050_,21.33µm
wave_controller_x_inst/_1370_,21.33µm
wave_controller_x_inst/_1381_,21.33µm
wave_controller_x_inst/_1417_,21.33µm
wave_controller_x_inst/_1452_,21.33µm
wave_controller_x_inst/_1469_,21.33µm
wave_controller_y_inst/_0250_,21.33µm
wave_controller_y_inst/_0416_,21.33µm
wave_controller_y_inst/_0426_,21.33µm
wave_controller_y_inst/_0443_,21.33µm
wave_controller_y_inst/_0624_,21.33µm
wave_controller_y_inst/_0858_,21.33µm
wave_controller_y_inst/ds_acc\[5\],21.33µm
wave_controller_x_inst/net1240,21.33µm
wave_controller_x_inst/net1241,21.33µm
signal_processor_x_inst/net1278,21.33µm
signal_processor_x_inst/_075_,21.28µm
signal_processor_x_inst/cnt_in\[1\],21.28µm
spi_regs_inst/_0255_,21.28µm
spi_regs_inst/_0506_,21.28µm
wave_controller_x_inst/_0532_,21.28µm
wave_controller_x_inst/_0533_,21.28µm
wave_controller_x_inst/_0756_,21.28µm
wave_controller_x_inst/_0848_,21.28µm
wave_controller_x_inst/_1201_,21.28µm
wave_controller_x_inst/_1602_,21.28µm
wave_controller_x_inst/_1720_,21.28µm
wave_controller_y_inst/_0344_,21.28µm
wave_controller_y_inst/_0514_,21.28µm
wave_controller_y_inst/_0575_,21.28µm
wave_controller_x_inst/net80,21.28µm
wave_controller_x_inst/net507,21.28µm
wave_controller_x_inst/net664,21.28µm
wave_controller_y_inst/net764,21.28µm
net1569,20.895µm
net1571,20.895µm
net1583,20.895µm
net1588,20.895µm
wave_controller_x_inst/_0269_,20.87µm
wave_controller_x_inst/_1400_,20.87µm
wave_controller_y_inst/_0202_,20.87µm
wave_controller_y_inst/_0354_,20.87µm
wave_controller_y_inst/_1301_,20.87µm
net1606,20.845µm
net1612,20.845µm
bidir_out[0],20.845µm
wave_controller_x_inst/_0147_,20.82µm
wave_controller_x_inst/_0339_,20.82µm
wave_controller_x_inst/_0344_,20.82µm
wave_controller_x_inst/_1404_,20.82µm
wave_controller_y_inst/_0192_,20.82µm
wave_controller_y_inst/_0368_,20.82µm
wave_controller_y_inst/_1444_,20.82µm
wave_controller_y_inst/_1487_,20.82µm
wave_controller_y_inst/_1517_,20.82µm
wave_controller_y_inst/net615,20.82µm
wave_controller_x_inst/net881,20.82µm
cal_phase270_offset_y\[4\],20.77µm
spi_regs_inst/_0259_,20.77µm
spi_regs_inst/_0369_,20.77µm
state_machine_inst/_05_,20.77µm
wave_controller_x_inst/_0361_,20.77µm
wave_controller_x_inst/_0576_,20.77µm
wave_controller_x_inst/_0954_,20.77µm
wave_controller_x_inst/_1681_,20.77µm
wave_controller_x_inst/_1750_,20.77µm
wave_controller_y_inst/_0013_,20.77µm
wave_controller_y_inst/_0208_,20.77µm
wave_controller_y_inst/_0459_,20.77µm
wave_controller_y_inst/_0785_,20.77µm
wave_controller_y_inst/_0882_,20.77µm
wave_controller_y_inst/_1030_,20.77µm
wave_controller_y_inst/_1152_,20.77µm
wave_controller_y_inst/_1182_,20.77µm
wave_controller_y_inst/_1500_,20.77µm
wave_controller_y_inst/net165,20.77µm
spi_regs_inst/_0070_,20.72µm
wave_controller_x_inst/_0174_,20.72µm
wave_controller_x_inst/_0304_,20.72µm
wave_controller_x_inst/_0324_,20.72µm
wave_controller_x_inst/_0348_,20.72µm
wave_controller_x_inst/_0599_,20.72µm
wave_controller_x_inst/_0642_,20.72µm
wave_controller_x_inst/_0824_,20.72µm
wave_controller_x_inst/_0978_,20.72µm
wave_controller_x_inst/_1016_,20.72µm
wave_controller_x_inst/_1363_,20.72µm
wave_controller_x_inst/_1488_,20.72µm
wave_controller_x_inst/_1624_,20.72µm
wave_controller_y_inst/_0819_,20.72µm
wave_controller_y_inst/_1024_,20.72µm
wave_controller_y_inst/_1076_,20.72µm
wave_controller_y_inst/_1124_,20.72µm
wave_controller_y_inst/_1337_,20.72µm
wave_controller_y_inst/_1574_,20.72µm
wave_controller_x_inst/net894,20.72µm
wave_controller_x_inst/net922,20.72µm
wave_controller_x_inst/_0452_,20.36µm
wave_controller_x_inst/_0870_,20.31µm
wave_controller_y_inst/_0152_,20.31µm
wave_controller_y_inst/_1734_,20.31µm
signal_processor_y_inst/_048_,20.26µm
spi_regs_inst/tx_shift\[4\],20.26µm
wave_controller_x_inst/_0200_,20.26µm
wave_controller_x_inst/_0366_,20.26µm
wave_controller_x_inst/_0392_,20.26µm
wave_controller_y_inst/_0073_,20.26µm
wave_controller_y_inst/_0308_,20.26µm
wave_controller_y_inst/_1426_,20.26µm
wave_controller_y_inst/_1661_,20.26µm
wave_controller_y_inst/net38,20.26µm
wave_controller_y_inst/net748,20.26µm
wave_controller_y_inst/net1170,20.26µm
net1289,20.26µm
spi_regs_inst/_0050_,20.21µm
spi_regs_inst/_0279_,20.21µm
wave_controller_x_inst/_0237_,20.21µm
wave_controller_x_inst/_0405_,20.21µm
wave_controller_x_inst/_0564_,20.21µm
wave_controller_x_inst/_0569_,20.21µm
wave_controller_x_inst/_0591_,20.21µm
wave_controller_x_inst/_0817_,20.21µm
wave_controller_x_inst/_1396_,20.21µm
wave_controller_x_inst/_1484_,20.21µm
wave_controller_y_inst/_0023_,20.21µm
wave_controller_y_inst/_0105_,20.21µm
wave_controller_y_inst/_0115_,20.21µm
wave_controller_y_inst/_0340_,20.21µm
wave_controller_y_inst/_0469_,20.21µm
wave_controller_y_inst/_0472_,20.21µm
wave_controller_y_inst/_0629_,20.21µm
wave_controller_y_inst/_0924_,20.21µm
wave_controller_y_inst/_1461_,20.21µm
wave_controller_y_inst/_1584_,20.21µm
wave_controller_y_inst/_1725_,20.21µm
spi_regs_inst/net1073,20.21µm
_07_,20.16µm
signal_processor_x_inst/_049_,20.16µm
signal_processor_x_inst/_091_,20.16µm
spi_regs_inst/_0179_,20.16µm
spi_regs_inst/_0650_,20.16µm
wave_controller_x_inst/_0160_,20.16µm
wave_controller_x_inst/_0326_,20.16µm
wave_controller_x_inst/_0805_,20.16µm
wave_controller_x_inst/_0872_,20.16µm
wave_controller_x_inst/_0890_,20.16µm
wave_controller_x_inst/_0938_,20.16µm
wave_controller_x_inst/_1202_,20.16µm
wave_controller_x_inst/_1517_,20.16µm
wave_controller_x_inst/_1562_,20.16µm
wave_controller_x_inst/_1682_,20.16µm
wave_controller_y_inst/_0022_,20.16µm
wave_controller_y_inst/_0360_,20.16µm
wave_controller_y_inst/_0604_,20.16µm
wave_controller_y_inst/_0768_,20.16µm
wave_controller_y_inst/_0890_,20.16µm
wave_controller_y_inst/_1256_,20.16µm
wave_controller_y_inst/_1280_,20.16µm
wave_controller_y_inst/_1418_,20.16µm
wave_controller_y_inst/_1526_,20.16µm
wave_controller_x_inst/_0188_,19.75µm
wave_controller_x_inst/_1683_,19.75µm
net1607,19.725µm
net1559,19.725µm
net1562,19.725µm
net1609,19.725µm
net1579,19.725µm
net1595,19.725µm
bidir_in[1],19.725µm
bidir_out[3],19.725µm
_04_,19.7µm
signal_processor_x_inst/_089_,19.7µm
signal_processor_y_inst/_063_,19.7µm
wave_controller_x_inst/_0201_,19.7µm
wave_controller_x_inst/_0341_,19.7µm
wave_controller_x_inst/_0343_,19.7µm
wave_controller_x_inst/_0424_,19.7µm
wave_controller_x_inst/_0667_,19.7µm
wave_controller_x_inst/_0949_,19.7µm
wave_controller_x_inst/_1660_,19.7µm
wave_controller_x_inst/_1679_,19.7µm
wave_controller_y_inst/_0574_,19.7µm
wave_controller_y_inst/_1389_,19.7µm
wave_controller_y_inst/_1569_,19.7µm
wave_controller_y_inst/net756,19.7µm
spi_regs_inst/net1497,19.7µm
signal_processor_x_inst/_073_,19.65µm
spi_regs_inst/_0168_,19.65µm
spi_regs_inst/_0178_,19.65µm
spi_regs_inst/_0438_,19.65µm
wave_controller_x_inst/_0364_,19.65µm
wave_controller_x_inst/_0559_,19.65µm
wave_controller_x_inst/_0644_,19.65µm
wave_controller_x_inst/_0779_,19.65µm
wave_controller_x_inst/_0845_,19.65µm
wave_controller_x_inst/_1184_,19.65µm
wave_controller_x_inst/_1250_,19.65µm
wave_controller_x_inst/_1479_,19.65µm
wave_controller_x_inst/_1498_,19.65µm
wave_controller_x_inst/_1734_,19.65µm
wave_controller_x_inst/comp_sync0,19.65µm
wave_controller_y_inst/_0128_,19.65µm
wave_controller_y_inst/_0225_,19.65µm
wave_controller_y_inst/_0261_,19.65µm
wave_controller_y_inst/_0380_,19.65µm
wave_controller_y_inst/_0475_,19.65µm
wave_controller_y_inst/_0548_,19.65µm
wave_controller_y_inst/_0591_,19.65µm
wave_controller_y_inst/_1396_,19.65µm
wave_controller_y_inst/wave_cycle_cnt\[7\],19.65µm
cfg_f_MEMS_fcw_x\[12\],19.6µm
signal_processor_x_inst/_065_,19.6µm
signal_processor_y_inst/_031_,19.6µm
signal_processor_y_inst/cnt_in\[3\],19.6µm
spi_regs_inst/_0085_,19.6µm
spi_regs_inst/_0310_,19.6µm
spi_regs_inst/_0368_,19.6µm
wave_controller_x_inst/_0278_,19.6µm
wave_controller_x_inst/_0438_,19.6µm
wave_controller_x_inst/_0701_,19.6µm
wave_controller_x_inst/_0720_,19.6µm
wave_controller_x_inst/_0735_,19.6µm
wave_controller_x_inst/_0876_,19.6µm
wave_controller_x_inst/_1194_,19.6µm
wave_controller_x_inst/_1437_,19.6µm
wave_controller_y_inst/_0291_,19.6µm
wave_controller_y_inst/_0370_,19.6µm
wave_controller_y_inst/_0481_,19.6µm
wave_controller_y_inst/_0856_,19.6µm
wave_controller_y_inst/_0881_,19.6µm
wave_controller_y_inst/_1388_,19.6µm
wave_controller_y_inst/_1593_,19.6µm
wave_controller_x_inst/net244,19.6µm
wave_controller_y_inst/net1376,19.6µm
wave_controller_y_inst/_1597_,19.24µm
signal_processor_x_inst/_044_,19.19µm
wave_controller_x_inst/_0138_,19.19µm
wave_controller_y_inst/_0248_,19.19µm
net1561,19.165µm
net1570,19.165µm
net1573,19.165µm
net1574,19.165µm
net1596,19.165µm
bidir_in[0],19.165µm
bidir_in[2],19.165µm
rst_n,19.165µm
signal_processor_y_inst/_021_,19.14µm
spi_regs_inst/_0321_,19.14µm
state_machine_inst/_08_,19.14µm
wave_controller_x_inst/_0285_,19.14µm
wave_controller_x_inst/_0390_,19.14µm
wave_controller_x_inst/_0410_,19.14µm
wave_controller_x_inst/_0432_,19.14µm
wave_controller_x_inst/_0585_,19.14µm
wave_controller_x_inst/_1395_,19.14µm
wave_controller_y_inst/_1310_,19.14µm
wave_controller_y_inst/_1620_,19.14µm
cal_phase0_offset_x\[7\],19.09µm
signal_processor_x_inst/_026_,19.09µm
signal_processor_x_inst/_050_,19.09µm
signal_processor_y_inst/_051_,19.09µm
wave_controller_x_inst/_0235_,19.09µm
wave_controller_x_inst/_0263_,19.09µm
wave_controller_x_inst/_0581_,19.09µm
wave_controller_x_inst/_0586_,19.09µm
wave_controller_x_inst/_0685_,19.09µm
wave_controller_x_inst/_1198_,19.09µm
wave_controller_x_inst/_1207_,19.09µm
wave_controller_x_inst/_1259_,19.09µm
wave_controller_x_inst/_1489_,19.09µm
wave_controller_x_inst/_1542_,19.09µm
wave_controller_x_inst/_1569_,19.09µm
wave_controller_x_inst/_1666_,19.09µm
wave_controller_x_inst/_1672_,19.09µm
wave_controller_y_inst/_0092_,19.09µm
wave_controller_y_inst/_0093_,19.09µm
wave_controller_y_inst/_0153_,19.09µm
wave_controller_y_inst/_0399_,19.09µm
wave_controller_y_inst/_0454_,19.09µm
wave_controller_y_inst/_0493_,19.09µm
wave_controller_y_inst/_0592_,19.09µm
wave_controller_y_inst/_0823_,19.09µm
wave_controller_y_inst/_1489_,19.09µm
wave_controller_y_inst/_1524_,19.09µm
wave_controller_y_inst/_1588_,19.09µm
wave_controller_y_inst/comp_sync1,19.09µm
wave_controller_x_inst/net283,19.09µm
wave_controller_y_inst/net1506,19.09µm
cfg_f_MEMS_fcw_x\[9\],19.04µm
spi_regs_inst/_0086_,19.04µm
spi_regs_inst/_0087_,19.04µm
spi_regs_inst/_0148_,19.04µm
spi_regs_inst/_0467_,19.04µm
wave_controller_x_inst/_0158_,19.04µm
wave_controller_x_inst/_0517_,19.04µm
wave_controller_x_inst/_0914_,19.04µm
wave_controller_x_inst/_1046_,19.04µm
wave_controller_x_inst/_1157_,19.04µm
wave_controller_x_inst/_1612_,19.04µm
wave_controller_x_inst/_1634_,19.04µm
wave_controller_y_inst/_0228_,19.04µm
wave_controller_y_inst/_0798_,19.04µm
wave_controller_y_inst/_0879_,19.04µm
wave_controller_y_inst/_1162_,19.04µm
wave_controller_y_inst/_1237_,19.04µm
wave_controller_y_inst/_1483_,19.04µm
wave_controller_y_inst/_1484_,19.04µm
wave_controller_y_inst/_1582_,19.04µm
spi_regs_inst/_0573_,18.63µm
wave_controller_x_inst/_0838_,18.63µm
wave_controller_y_inst/_1558_,18.63µm
wave_controller_y_inst/_1614_,18.63µm
wave_controller_y_inst/_1708_,18.63µm
net1580,18.605µm
net1587,18.605µm
net1589,18.605µm
wave_controller_x_inst/_0129_,18.58µm
wave_controller_x_inst/_0144_,18.58µm
wave_controller_x_inst/_0448_,18.58µm
wave_controller_x_inst/_1015_,18.58µm
wave_controller_x_inst/_1392_,18.58µm
wave_controller_x_inst/_1481_,18.58µm
wave_controller_x_inst/_1495_,18.58µm
wave_controller_y_inst/_0165_,18.58µm
wave_controller_y_inst/_0707_,18.58µm
wave_controller_y_inst/_1578_,18.58µm
signal_processor_x_inst/_030_,18.53µm
signal_processor_x_inst/_076_,18.53µm
spi_regs_inst/_0045_,18.53µm
spi_regs_inst/_0145_,18.53µm
wave_controller_x_inst/_0149_,18.53µm
wave_controller_x_inst/_0241_,18.53µm
wave_controller_x_inst/_0547_,18.53µm
wave_controller_x_inst/_0884_,18.53µm
wave_controller_x_inst/_0888_,18.53µm
wave_controller_x_inst/_1005_,18.53µm
wave_controller_x_inst/_1578_,18.53µm
wave_controller_x_inst/_1623_,18.53µm
wave_controller_x_inst/_1625_,18.53µm
wave_controller_x_inst/_1751_,18.53µm
wave_controller_x_inst/ds_acc\[5\],18.53µm
wave_controller_y_inst/_0062_,18.53µm
wave_controller_y_inst/_0206_,18.53µm
wave_controller_y_inst/_0278_,18.53µm
wave_controller_y_inst/_0361_,18.53µm
wave_controller_y_inst/_0407_,18.53µm
wave_controller_y_inst/_0536_,18.53µm
wave_controller_y_inst/_0762_,18.53µm
wave_controller_y_inst/_0817_,18.53µm
wave_controller_y_inst/_1026_,18.53µm
wave_controller_y_inst/_1089_,18.53µm
wave_controller_y_inst/_1191_,18.53µm
wave_controller_y_inst/_1712_,18.53µm
wave_controller_y_inst/ds_acc\[2\],18.53µm
wave_controller_x_inst/net646,18.53µm
wave_controller_x_inst/net909,18.53µm
signal_processor_x_inst/_069_,18.48µm
wave_controller_x_inst/_0568_,18.48µm
wave_controller_x_inst/_0997_,18.48µm
wave_controller_x_inst/_1012_,18.48µm
wave_controller_x_inst/_1391_,18.48µm
wave_controller_y_inst/_0183_,18.48µm
wave_controller_y_inst/_0372_,18.48µm
wave_controller_y_inst/_0501_,18.48µm
wave_controller_y_inst/_0661_,18.48µm
wave_controller_y_inst/_1002_,18.48µm
wave_controller_y_inst/_1087_,18.48µm
wave_controller_y_inst/_1163_,18.48µm
wave_controller_y_inst/_1184_,18.48µm
wave_controller_x_inst/net884,18.48µm
wave_controller_x_inst/net1197,18.48µm
net1398,18.48µm
raw_edge2_y\[15\],18.07µm
net1582,18.045µm
net1597,18.045µm
net1604,18.045µm
raw_edge1_x\[2\],18.02µm
wave_controller_x_inst/_0199_,18.02µm
wave_controller_x_inst/_0370_,18.02µm
wave_controller_x_inst/_1613_,18.02µm
wave_controller_x_inst/_1695_,18.02µm
wave_controller_y_inst/_0178_,18.02µm
wave_controller_y_inst/_0263_,18.02µm
wave_controller_y_inst/_0428_,18.02µm
wave_controller_y_inst/_0565_,18.02µm
wave_controller_y_inst/_0576_,18.02µm
wave_controller_y_inst/_0693_,18.02µm
wave_controller_y_inst/_0838_,18.02µm
wave_controller_y_inst/_0928_,18.02µm
wave_controller_y_inst/_1521_,18.02µm
wave_controller_x_inst/net1303,18.02µm
signal_processor_x_inst/_051_,17.97µm
signal_processor_x_inst/cnt_out\[3\],17.97µm
spi_regs_inst/_0234_,17.97µm
spi_regs_inst/_0628_,17.97µm
wave_controller_x_inst/_0589_,17.97µm
wave_controller_x_inst/_0656_,17.97µm
wave_controller_x_inst/_0789_,17.97µm
wave_controller_x_inst/_0881_,17.97µm
wave_controller_x_inst/_0989_,17.97µm
wave_controller_x_inst/_1014_,17.97µm
wave_controller_x_inst/_1048_,17.97µm
wave_controller_x_inst/_1174_,17.97µm
wave_controller_x_inst/_1563_,17.97µm
wave_controller_x_inst/comp_sync1,17.97µm
wave_controller_y_inst/_0240_,17.97µm
wave_controller_y_inst/_0301_,17.97µm
wave_controller_y_inst/_0346_,17.97µm
wave_controller_y_inst/_0471_,17.97µm
wave_controller_y_inst/_0724_,17.97µm
wave_controller_y_inst/_0926_,17.97µm
wave_controller_y_inst/_1073_,17.97µm
wave_controller_y_inst/_1179_,17.97µm
wave_controller_y_inst/_1317_,17.97µm
wave_controller_y_inst/_1336_,17.97µm
wave_controller_y_inst/_1467_,17.97µm
wave_controller_y_inst/comp_sync2,17.97µm
spi_regs_inst/_0125_,17.92µm
spi_regs_inst/_0231_,17.92µm
spi_regs_inst/_0472_,17.92µm
spi_regs_inst/_0480_,17.92µm
wave_controller_x_inst/_0203_,17.92µm
wave_controller_x_inst/_0346_,17.92µm
wave_controller_x_inst/_0402_,17.92µm
wave_controller_x_inst/_0733_,17.92µm
wave_controller_x_inst/_0751_,17.92µm
wave_controller_x_inst/_1019_,17.92µm
wave_controller_x_inst/_1567_,17.92µm
wave_controller_y_inst/_0056_,17.92µm
wave_controller_y_inst/_0182_,17.92µm
wave_controller_y_inst/_0498_,17.92µm
wave_controller_y_inst/_0681_,17.92µm
wave_controller_y_inst/_0749_,17.92µm
wave_controller_y_inst/_1010_,17.92µm
wave_controller_y_inst/_1022_,17.92µm
wave_controller_y_inst/_1054_,17.92µm
wave_controller_y_inst/_1366_,17.92µm
wave_controller_y_inst/net1144,17.92µm
wave_controller_x_inst/net1225,17.92µm
signal_processor_x_inst/cnt_in\[3\],17.51µm
wave_controller_x_inst/_1313_,17.51µm
wave_controller_y_inst/_0227_,17.51µm
wave_controller_y_inst/_1590_,17.51µm
dir_y,17.46µm
signal_processor_y_inst/_057_,17.46µm
signal_processor_y_inst/cnt_out\[3\],17.46µm
wave_controller_x_inst/_0459_,17.46µm
wave_controller_x_inst/_1232_,17.46µm
wave_controller_x_inst/_1684_,17.46µm
wave_controller_y_inst/_0223_,17.46µm
wave_controller_y_inst/_0266_,17.46µm
wave_controller_y_inst/_0938_,17.46µm
wave_controller_y_inst/_1439_,17.46µm
wave_controller_y_inst/_1748_,17.46µm
cal_phase270_offset_y\[16\],17.41µm
latch_phase270_ack_x,17.41µm
signal_processor_y_inst/_011_,17.41µm
signal_processor_y_inst/_047_,17.41µm
spi_regs_inst/_0051_,17.41µm
spi_regs_inst/_0276_,17.41µm
spi_regs_inst/_0490_,17.41µm
wave_controller_x_inst/_0382_,17.41µm
wave_controller_x_inst/_0426_,17.41µm
wave_controller_x_inst/_0688_,17.41µm
wave_controller_x_inst/_0769_,17.41µm
wave_controller_x_inst/_0777_,17.41µm
wave_controller_x_inst/_0943_,17.41µm
wave_controller_x_inst/_0981_,17.41µm
wave_controller_x_inst/_1000_,17.41µm
wave_controller_x_inst/_1001_,17.41µm
wave_controller_x_inst/_1199_,17.41µm
wave_controller_x_inst/_1407_,17.41µm
wave_controller_x_inst/_1424_,17.41µm
wave_controller_x_inst/_1500_,17.41µm
wave_controller_x_inst/_1616_,17.41µm
wave_controller_x_inst/_1690_,17.41µm
wave_controller_x_inst/_1694_,17.41µm
wave_controller_x_inst/_1732_,17.41µm
wave_controller_y_inst/_0171_,17.41µm
wave_controller_y_inst/_0270_,17.41µm
wave_controller_y_inst/_0718_,17.41µm
wave_controller_y_inst/_1488_,17.41µm
wave_controller_y_inst/_1534_,17.41µm
wave_controller_y_inst/_1580_,17.41µm
cal_phase90_offset_x\[19\],17.36µm
signal_processor_y_inst/_107_,17.36µm
signal_processor_y_inst/cnt_in\[2\],17.36µm
spi_regs_inst/_0114_,17.36µm
spi_regs_inst/_0522_,17.36µm
wave_controller_x_inst/_0360_,17.36µm
wave_controller_x_inst/_0433_,17.36µm
wave_controller_x_inst/_0465_,17.36µm
wave_controller_x_inst/_0815_,17.36µm
wave_controller_x_inst/_1077_,17.36µm
wave_controller_x_inst/_1394_,17.36µm
wave_controller_x_inst/_1508_,17.36µm
wave_controller_x_inst/_1738_,17.36µm
wave_controller_y_inst/_0046_,17.36µm
wave_controller_y_inst/_0461_,17.36µm
wave_controller_y_inst/_0776_,17.36µm
wave_controller_y_inst/_0802_,17.36µm
wave_controller_y_inst/_0886_,17.36µm
wave_controller_y_inst/_1070_,17.36µm
wave_controller_y_inst/_1084_,17.36µm
wave_controller_y_inst/_1413_,17.36µm
wave_controller_y_inst/_1546_,17.36µm
wave_controller_y_inst/_1714_,17.36µm
wave_controller_y_inst/net611,17.36µm
wave_controller_x_inst/_1335_,17µm
signal_processor_y_inst/_064_,16.95µm
wave_controller_x_inst/_0821_,16.95µm
wave_controller_x_inst/_1593_,16.95µm
wave_controller_x_inst/_1743_,16.95µm
wave_controller_y_inst/_1247_,16.95µm
wave_controller_y_inst/_1445_,16.95µm
net9,16.9µm
wave_controller_x_inst/_0583_,16.9µm
wave_controller_x_inst/_0792_,16.9µm
wave_controller_x_inst/_0951_,16.9µm
wave_controller_x_inst/_1629_,16.9µm
wave_controller_x_inst/_1712_,16.9µm
wave_controller_y_inst/_0256_,16.9µm
wave_controller_y_inst/_0341_,16.9µm
wave_controller_y_inst/_0654_,16.9µm
wave_controller_y_inst/_0679_,16.9µm
wave_controller_y_inst/_0942_,16.9µm
wave_controller_y_inst/_0948_,16.9µm
wave_controller_y_inst/_1093_,16.9µm
wave_controller_y_inst/_1437_,16.9µm
signal_processor_x_inst/s90_pipe\[0\],16.85µm
spi_regs_inst/_0180_,16.85µm
spi_regs_inst/_0252_,16.85µm
spi_regs_inst/_0340_,16.85µm
wave_controller_x_inst/_0002_,16.85µm
wave_controller_x_inst/_0154_,16.85µm
wave_controller_x_inst/_0190_,16.85µm
wave_controller_x_inst/_0272_,16.85µm
wave_controller_x_inst/_0454_,16.85µm
wave_controller_x_inst/_0475_,16.85µm
wave_controller_x_inst/_0573_,16.85µm
wave_controller_x_inst/_0593_,16.85µm
wave_controller_x_inst/_0709_,16.85µm
wave_controller_x_inst/_0787_,16.85µm
wave_controller_x_inst/_0827_,16.85µm
wave_controller_x_inst/_0986_,16.85µm
wave_controller_x_inst/_1059_,16.85µm
wave_controller_x_inst/_1733_,16.85µm
wave_controller_y_inst/_0172_,16.85µm
wave_controller_y_inst/_0194_,16.85µm
wave_controller_y_inst/_0391_,16.85µm
wave_controller_y_inst/_0523_,16.85µm
wave_controller_y_inst/_0530_,16.85µm
wave_controller_y_inst/_0867_,16.85µm
wave_controller_y_inst/_0919_,16.85µm
wave_controller_y_inst/_1033_,16.85µm
wave_controller_y_inst/_1181_,16.85µm
wave_controller_y_inst/_1194_,16.85µm
wave_controller_y_inst/_1621_,16.85µm
wave_controller_y_inst/_1662_,16.85µm
signal_processor_y_inst/net1347,16.85µm
net2,16.8µm
signal_processor_y_inst/_083_,16.8µm
wave_controller_x_inst/_0347_,16.8µm
wave_controller_x_inst/_0457_,16.8µm
wave_controller_x_inst/_0482_,16.8µm
wave_controller_x_inst/_0483_,16.8µm
wave_controller_x_inst/_0563_,16.8µm
wave_controller_x_inst/_0796_,16.8µm
wave_controller_x_inst/_1057_,16.8µm
wave_controller_x_inst/_1070_,16.8µm
wave_controller_x_inst/_1175_,16.8µm
wave_controller_x_inst/_1349_,16.8µm
wave_controller_x_inst/_1603_,16.8µm
wave_controller_y_inst/_0238_,16.8µm
wave_controller_y_inst/_0274_,16.8µm
wave_controller_y_inst/_0504_,16.8µm
wave_controller_y_inst/_0625_,16.8µm
wave_controller_y_inst/_1538_,16.8µm
wave_controller_y_inst/_1576_,16.8µm
wave_controller_y_inst/_1697_,16.8µm
wave_controller_y_inst/net148,16.8µm
wave_controller_y_inst/net174,16.8µm
wave_controller_y_inst/_1069_,16.57µm
wave_controller_y_inst/_0729_,16.39µm
wave_controller_y_inst/_0991_,16.39µm
signal_processor_x_inst/_057_,16.34µm
wave_controller_x_inst/_0159_,16.34µm
wave_controller_x_inst/_0165_,16.34µm
wave_controller_x_inst/_1713_,16.34µm
wave_controller_x_inst/ds_acc\[1\],16.34µm
wave_controller_y_inst/_0216_,16.34µm
wave_controller_y_inst/_0249_,16.34µm
wave_controller_y_inst/_0268_,16.34µm
wave_controller_y_inst/_0727_,16.34µm
wave_controller_y_inst/_0797_,16.34µm
wave_controller_y_inst/_0910_,16.34µm
wave_controller_y_inst/_1273_,16.34µm
wave_controller_y_inst/_1678_,16.34µm
wave_controller_x_inst/net917,16.34µm
signal_processor_x_inst/s90_pipe\[1\],16.29µm
spi_regs_inst/_0054_,16.29µm
spi_regs_inst/_0494_,16.29µm
spi_regs_inst/_0524_,16.29µm
wave_controller_x_inst/_0227_,16.29µm
wave_controller_x_inst/_0314_,16.29µm
wave_controller_x_inst/_0400_,16.29µm
wave_controller_x_inst/_0731_,16.29µm
wave_controller_x_inst/_0759_,16.29µm
wave_controller_x_inst/_1031_,16.29µm
wave_controller_x_inst/_1211_,16.29µm
wave_controller_x_inst/_1362_,16.29µm
wave_controller_y_inst/_0477_,16.29µm
wave_controller_y_inst/_0545_,16.29µm
wave_controller_y_inst/_0706_,16.29µm
wave_controller_y_inst/_0783_,16.29µm
wave_controller_y_inst/_1154_,16.29µm
wave_controller_y_inst/_1174_,16.29µm
wave_controller_y_inst/_1545_,16.29µm
wave_controller_y_inst/net271,16.29µm
_01_,16.24µm
signal_processor_x_inst/_012_,16.24µm
signal_processor_x_inst/_086_,16.24µm
spi_regs_inst/_0262_,16.24µm
state_machine_inst/_06_,16.24µm
wave_controller_x_inst/_0037_,16.24µm
wave_controller_x_inst/_0238_,16.24µm
wave_controller_x_inst/_0295_,16.24µm
wave_controller_x_inst/_0431_,16.24µm
wave_controller_x_inst/_0500_,16.24µm
wave_controller_x_inst/_0626_,16.24µm
wave_controller_x_inst/_0659_,16.24µm
wave_controller_x_inst/_0985_,16.24µm
wave_controller_x_inst/_0991_,16.24µm
wave_controller_x_inst/_1018_,16.24µm
wave_controller_x_inst/_1060_,16.24µm
wave_controller_x_inst/_1458_,16.24µm
wave_controller_x_inst/_1621_,16.24µm
wave_controller_x_inst/_1641_,16.24µm
wave_controller_x_inst/_1651_,16.24µm
wave_controller_x_inst/_1735_,16.24µm
wave_controller_x_inst/_1742_,16.24µm
wave_controller_y_inst/_0100_,16.24µm
wave_controller_y_inst/_0154_,16.24µm
wave_controller_y_inst/_0401_,16.24µm
wave_controller_y_inst/_0403_,16.24µm
wave_controller_y_inst/_0473_,16.24µm
wave_controller_y_inst/_0626_,16.24µm
wave_controller_y_inst/_0945_,16.24µm
wave_controller_y_inst/_0958_,16.24µm
wave_controller_y_inst/_1130_,16.24µm
wave_controller_y_inst/_1567_,16.24µm
spi_regs_inst/net579,16.24µm
net1371,16.24µm
wave_controller_x_inst/_0250_,15.83µm
wave_controller_x_inst/_0316_,15.83µm
wave_controller_x_inst/_0813_,15.83µm
wave_controller_x_inst/_1378_,15.83µm
wave_controller_x_inst/_1673_,15.83µm
wave_controller_y_inst/_0189_,15.83µm
wave_controller_y_inst/_0218_,15.83µm
wave_controller_y_inst/_0430_,15.83µm
wave_controller_x_inst/_0145_,15.78µm
wave_controller_x_inst/_0251_,15.78µm
wave_controller_x_inst/_0844_,15.78µm
wave_controller_x_inst/_1051_,15.78µm
wave_controller_y_inst/_0188_,15.78µm
wave_controller_y_inst/_0411_,15.78µm
wave_controller_y_inst/_0543_,15.78µm
wave_controller_y_inst/_1005_,15.78µm
wave_controller_y_inst/_1392_,15.78µm
wave_controller_y_inst/_1479_,15.78µm
wave_controller_x_inst/net1222,15.78µm
latch_phase270_ack_y,15.73µm
spi_regs_inst/_0029_,15.73µm
spi_regs_inst/_0096_,15.73µm
spi_regs_inst/_0170_,15.73µm
spi_regs_inst/_0338_,15.73µm
spi_regs_inst/_0344_,15.73µm
spi_regs_inst/_0525_,15.73µm
spi_regs_inst/rw_n,15.73µm
wave_controller_x_inst/_0001_,15.73µm
wave_controller_x_inst/_0055_,15.73µm
wave_controller_x_inst/_0481_,15.73µm
wave_controller_x_inst/_1023_,15.73µm
wave_controller_x_inst/_1372_,15.73µm
wave_controller_x_inst/_1406_,15.73µm
wave_controller_x_inst/_1506_,15.73µm
wave_controller_x_inst/_1530_,15.73µm
wave_controller_x_inst/_1538_,15.73µm
wave_controller_x_inst/_1658_,15.73µm
wave_controller_x_inst/_1677_,15.73µm
wave_controller_y_inst/_0104_,15.73µm
wave_controller_y_inst/_0126_,15.73µm
wave_controller_y_inst/_0251_,15.73µm
wave_controller_y_inst/_0315_,15.73µm
wave_controller_y_inst/_0438_,15.73µm
wave_controller_y_inst/_0528_,15.73µm
wave_controller_y_inst/_0657_,15.73µm
wave_controller_y_inst/_0697_,15.73µm
wave_controller_y_inst/_0748_,15.73µm
wave_controller_y_inst/_0957_,15.73µm
wave_controller_y_inst/_1006_,15.73µm
wave_controller_y_inst/_1679_,15.73µm
wave_controller_y_inst/capture_step\[0\],15.73µm
signal_processor_y_inst/_084_,15.68µm
spi_regs_inst/_0084_,15.68µm
spi_regs_inst/_0088_,15.68µm
spi_regs_inst/_0233_,15.68µm
spi_regs_inst/_0389_,15.68µm
spi_regs_inst/_0502_,15.68µm
spi_regs_inst/_0537_,15.68µm
spi_regs_inst/_0543_,15.68µm
wave_controller_x_inst/_0132_,15.68µm
wave_controller_x_inst/_0294_,15.68µm
wave_controller_x_inst/_0588_,15.68µm
wave_controller_x_inst/_0595_,15.68µm
wave_controller_x_inst/_0604_,15.68µm
wave_controller_x_inst/_0996_,15.68µm
wave_controller_x_inst/_1040_,15.68µm
wave_controller_x_inst/_1055_,15.68µm
wave_controller_x_inst/_1130_,15.68µm
wave_controller_x_inst/_1162_,15.68µm
wave_controller_x_inst/_1193_,15.68µm
wave_controller_x_inst/_1388_,15.68µm
wave_controller_x_inst/_1501_,15.68µm
wave_controller_x_inst/_1680_,15.68µm
wave_controller_y_inst/_0042_,15.68µm
wave_controller_y_inst/_0139_,15.68µm
wave_controller_y_inst/_0234_,15.68µm
wave_controller_y_inst/_0394_,15.68µm
wave_controller_y_inst/_0491_,15.68µm
wave_controller_y_inst/_0499_,15.68µm
wave_controller_y_inst/_0689_,15.68µm
wave_controller_y_inst/_0956_,15.68µm
wave_controller_y_inst/_1147_,15.68µm
wave_controller_y_inst/_1196_,15.68µm
wave_controller_y_inst/_1324_,15.68µm
wave_controller_y_inst/_1531_,15.68µm
wave_controller_x_inst/_0234_,15.22µm
wave_controller_x_inst/_0419_,15.22µm
wave_controller_x_inst/_0542_,15.22µm
wave_controller_x_inst/_0929_,15.22µm
wave_controller_x_inst/capture_pending,15.22µm
wave_controller_y_inst/_0339_,15.22µm
wave_controller_y_inst/_0445_,15.22µm
wave_controller_y_inst/_0700_,15.22µm
wave_controller_y_inst/_0789_,15.22µm
wave_controller_y_inst/_1612_,15.22µm
wave_controller_x_inst/net1305,15.22µm
signal_processor_x_inst/_027_,15.17µm
signal_processor_x_inst/_067_,15.17µm
spi_regs_inst/_0033_,15.17µm
spi_regs_inst/_0041_,15.17µm
spi_regs_inst/_0175_,15.17µm
wave_controller_x_inst/_0105_,15.17µm
wave_controller_x_inst/_0115_,15.17µm
wave_controller_x_inst/_0181_,15.17µm
wave_controller_x_inst/_0215_,15.17µm
wave_controller_x_inst/_0232_,15.17µm
wave_controller_x_inst/_0281_,15.17µm
wave_controller_x_inst/_0335_,15.17µm
wave_controller_x_inst/_0772_,15.17µm
wave_controller_x_inst/_0895_,15.17µm
wave_controller_x_inst/_1093_,15.17µm
wave_controller_x_inst/_1147_,15.17µm
wave_controller_x_inst/_1553_,15.17µm
wave_controller_x_inst/_1617_,15.17µm
wave_controller_x_inst/_1727_,15.17µm
wave_controller_y_inst/_0814_,15.17µm
wave_controller_y_inst/_0824_,15.17µm
wave_controller_y_inst/_0962_,15.17µm
wave_controller_y_inst/_1132_,15.17µm
wave_controller_y_inst/_1266_,15.17µm
wave_controller_y_inst/_1422_,15.17µm
wave_controller_y_inst/_1424_,15.17µm
wave_controller_y_inst/_1523_,15.17µm
wave_controller_y_inst/_1681_,15.17µm
wave_controller_y_inst/_1684_,15.17µm
wave_controller_y_inst/_1689_,15.17µm
wave_controller_y_inst/ds_acc\[0\],15.17µm
wave_controller_y_inst/net52,15.17µm
spi_regs_inst/net595,15.17µm
_06_,15.12µm
signal_processor_x_inst/_018_,15.12µm
signal_processor_y_inst/s270_pipe\[1\],15.12µm
spi_regs_inst/_0093_,15.12µm
spi_regs_inst/_0342_,15.12µm
spi_regs_inst/_0594_,15.12µm
wave_controller_x_inst/_0135_,15.12µm
wave_controller_x_inst/_0146_,15.12µm
wave_controller_x_inst/_0167_,15.12µm
wave_controller_x_inst/_0256_,15.12µm
wave_controller_x_inst/_0373_,15.12µm
wave_controller_x_inst/_0535_,15.12µm
wave_controller_x_inst/_0605_,15.12µm
wave_controller_x_inst/_0791_,15.12µm
wave_controller_x_inst/_1379_,15.12µm
wave_controller_x_inst/_1693_,15.12µm
wave_controller_x_inst/_1707_,15.12µm
wave_controller_x_inst/_1709_,15.12µm
wave_controller_y_inst/_0094_,15.12µm
wave_controller_y_inst/_0140_,15.12µm
wave_controller_y_inst/_0374_,15.12µm
wave_controller_y_inst/_0668_,15.12µm
wave_controller_y_inst/_0673_,15.12µm
wave_controller_y_inst/_0719_,15.12µm
wave_controller_y_inst/_0883_,15.12µm
wave_controller_y_inst/_0889_,15.12µm
wave_controller_y_inst/_1575_,15.12µm
wave_controller_y_inst/_1618_,15.12µm
wave_controller_y_inst/_1653_,15.12µm
net1293,15.12µm
net1556,15.12µm
wave_controller_x_inst/_0524_,14.71µm
wave_controller_x_inst/_1360_,14.71µm
wave_controller_x_inst/_1606_,14.71µm
cal_phase0_offset_y\[5\],14.66µm
state_machine_inst/_15_,14.66µm
wave_controller_x_inst/_0883_,14.66µm
wave_controller_x_inst/_0912_,14.66µm
wave_controller_x_inst/_0963_,14.66µm
wave_controller_x_inst/_1088_,14.66µm
wave_controller_x_inst/_1642_,14.66µm
wave_controller_y_inst/_0277_,14.66µm
wave_controller_y_inst/_0412_,14.66µm
wave_controller_y_inst/_0513_,14.66µm
wave_controller_y_inst/_0542_,14.66µm
wave_controller_y_inst/_0640_,14.66µm
wave_controller_y_inst/_0816_,14.66µm
wave_controller_y_inst/_0864_,14.66µm
wave_controller_y_inst/_1061_,14.66µm
wave_controller_y_inst/_1503_,14.66µm
wave_controller_y_inst/_1686_,14.66µm
wave_controller_y_inst/_1752_,14.66µm
wave_controller_x_inst/net1317,14.66µm
raw_edge3_y\[1\],14.61µm
signal_processor_x_inst/_004_,14.61µm
signal_processor_x_inst/_033_,14.61µm
signal_processor_x_inst/_104_,14.61µm
spi_regs_inst/_0080_,14.61µm
spi_regs_inst/_0390_,14.61µm
wave_controller_x_inst/_0455_,14.61µm
wave_controller_x_inst/_0833_,14.61µm
wave_controller_x_inst/_0864_,14.61µm
wave_controller_x_inst/_0946_,14.61µm
wave_controller_x_inst/_1071_,14.61µm
wave_controller_x_inst/_1100_,14.61µm
wave_controller_x_inst/_1153_,14.61µm
wave_controller_x_inst/_1183_,14.61µm
wave_controller_x_inst/_1264_,14.61µm
wave_controller_x_inst/_1546_,14.61µm
wave_controller_x_inst/_1591_,14.61µm
wave_controller_x_inst/_1699_,14.61µm
wave_controller_x_inst/_1729_,14.61µm
wave_controller_x_inst/ds_acc\[7\],14.61µm
wave_controller_y_inst/_0014_,14.61µm
wave_controller_y_inst/_0028_,14.61µm
wave_controller_y_inst/_0292_,14.61µm
wave_controller_y_inst/_0319_,14.61µm
wave_controller_y_inst/_0506_,14.61µm
wave_controller_y_inst/_0564_,14.61µm
wave_controller_y_inst/_0704_,14.61µm
wave_controller_y_inst/_0914_,14.61µm
wave_controller_y_inst/_0921_,14.61µm
wave_controller_y_inst/_0952_,14.61µm
wave_controller_y_inst/_1133_,14.61µm
wave_controller_y_inst/_1178_,14.61µm
wave_controller_y_inst/_1409_,14.61µm
spi_regs_inst/net559,14.61µm
wave_controller_x_inst/net913,14.61µm
cfg_f_MEMS_fcw_x\[11\],14.56µm
signal_processor_x_inst/_107_,14.56µm
spi_regs_inst/_0007_,14.56µm
spi_regs_inst/_0420_,14.56µm
wave_controller_x_inst/_0014_,14.56µm
wave_controller_x_inst/_0704_,14.56µm
wave_controller_x_inst/_0860_,14.56µm
wave_controller_x_inst/_1124_,14.56µm
wave_controller_x_inst/_1134_,14.56µm
wave_controller_x_inst/_1287_,14.56µm
wave_controller_x_inst/_1491_,14.56µm
wave_controller_x_inst/_1703_,14.56µm
wave_controller_y_inst/_0012_,14.56µm
wave_controller_y_inst/_0158_,14.56µm
wave_controller_y_inst/_0381_,14.56µm
wave_controller_y_inst/_0639_,14.56µm
wave_controller_y_inst/_1011_,14.56µm
wave_controller_y_inst/_1129_,14.56µm
wave_controller_y_inst/_1450_,14.56µm
wave_controller_y_inst/_1477_,14.56µm
wave_controller_x_inst/net1436,14.56µm
wave_controller_x_inst/_1671_,14.15µm
wave_controller_y_inst/net1381,14.15µm
signal_processor_y_inst/_060_,14.1µm
signal_processor_y_inst/cnt_out\[1\],14.1µm
wave_controller_x_inst/_0172_,14.1µm
wave_controller_x_inst/_0191_,14.1µm
wave_controller_x_inst/_0211_,14.1µm
wave_controller_x_inst/_0638_,14.1µm
wave_controller_x_inst/_0696_,14.1µm
wave_controller_x_inst/_1177_,14.1µm
wave_controller_x_inst/_1371_,14.1µm
wave_controller_x_inst/_1688_,14.1µm
wave_controller_y_inst/_0207_,14.1µm
wave_controller_y_inst/_0456_,14.1µm
wave_controller_y_inst/_0658_,14.1µm
wave_controller_y_inst/_1709_,14.1µm
spi_regs_inst/_0111_,14.05µm
spi_regs_inst/_0172_,14.05µm
spi_regs_inst/_0360_,14.05µm
spi_regs_inst/_0544_,14.05µm
wave_controller_x_inst/_0029_,14.05µm
wave_controller_x_inst/_0168_,14.05µm
wave_controller_x_inst/_0437_,14.05µm
wave_controller_x_inst/_1025_,14.05µm
wave_controller_x_inst/_1260_,14.05µm
wave_controller_x_inst/_1472_,14.05µm
wave_controller_y_inst/_0029_,14.05µm
wave_controller_y_inst/_0075_,14.05µm
wave_controller_y_inst/_0302_,14.05µm
wave_controller_y_inst/_0429_,14.05µm
wave_controller_y_inst/_0760_,14.05µm
wave_controller_y_inst/_0851_,14.05µm
wave_controller_y_inst/_0981_,14.05µm
wave_controller_y_inst/_1040_,14.05µm
wave_controller_y_inst/_1384_,14.05µm
wave_controller_y_inst/_1480_,14.05µm
wave_controller_y_inst/_1481_,14.05µm
wave_controller_y_inst/_1495_,14.05µm
wave_controller_y_inst/_1540_,14.05µm
signal_processor_y_inst/_007_,14µm
signal_processor_y_inst/_030_,14µm
signal_processor_y_inst/_092_,14µm
signal_processor_y_inst/comp_pipe\[0\],14µm
spi_regs_inst/_0249_,14µm
spi_regs_inst/_0266_,14µm
wave_controller_x_inst/_0195_,14µm
wave_controller_x_inst/_0395_,14µm
wave_controller_x_inst/_0661_,14µm
wave_controller_x_inst/_0670_,14µm
wave_controller_x_inst/_0882_,14µm
wave_controller_x_inst/_1499_,14µm
wave_controller_x_inst/_1689_,14µm
wave_controller_y_inst/_0215_,14µm
wave_controller_y_inst/_0314_,14µm
wave_controller_y_inst/_0402_,14µm
wave_controller_y_inst/_0478_,14µm
wave_controller_y_inst/_0848_,14µm
wave_controller_y_inst/_0871_,14µm
wave_controller_y_inst/_0934_,14µm
wave_controller_y_inst/_1060_,14µm
wave_controller_y_inst/_1081_,14µm
wave_controller_y_inst/_1592_,14µm
wave_controller_y_inst/_1710_,14µm
wave_controller_y_inst/_1711_,14µm
net1128,14µm
wave_controller_x_inst/_1528_,13.59µm
wave_controller_y_inst/_0200_,13.59µm
wave_controller_y_inst/_0967_,13.59µm
move_en_y,13.54µm
state_machine_inst/_04_,13.54µm
wave_controller_x_inst/_0325_,13.54µm
wave_controller_x_inst/_0429_,13.54µm
wave_controller_x_inst/_0498_,13.54µm
wave_controller_x_inst/_0928_,13.54µm
wave_controller_x_inst/_1376_,13.54µm
wave_controller_x_inst/_1482_,13.54µm
wave_controller_y_inst/_0517_,13.54µm
wave_controller_y_inst/_0578_,13.54µm
wave_controller_y_inst/_0786_,13.54µm
wave_controller_y_inst/_0815_,13.54µm
wave_controller_y_inst/_0930_,13.54µm
wave_controller_y_inst/_1385_,13.54µm
spi_regs_inst/_0026_,13.49µm
spi_regs_inst/_0063_,13.49µm
spi_regs_inst/_0127_,13.49µm
spi_regs_inst/_0196_,13.49µm
spi_regs_inst/_0613_,13.49µm
spi_regs_inst/sclk_d,13.49µm
wave_controller_x_inst/_0030_,13.49µm
wave_controller_x_inst/_0084_,13.49µm
wave_controller_x_inst/_0163_,13.49µm
wave_controller_x_inst/_0206_,13.49µm
wave_controller_x_inst/_0571_,13.49µm
wave_controller_x_inst/_0646_,13.49µm
wave_controller_x_inst/_0755_,13.49µm
wave_controller_x_inst/_0800_,13.49µm
wave_controller_x_inst/_0891_,13.49µm
wave_controller_x_inst/_0913_,13.49µm
wave_controller_x_inst/_1131_,13.49µm
wave_controller_x_inst/_1149_,13.49µm
wave_controller_x_inst/_1152_,13.49µm
wave_controller_x_inst/_1271_,13.49µm
wave_controller_x_inst/_1369_,13.49µm
wave_controller_x_inst/_1533_,13.49µm
wave_controller_x_inst/_1543_,13.49µm
wave_controller_x_inst/_1609_,13.49µm
wave_controller_x_inst/_1622_,13.49µm
wave_controller_x_inst/_1638_,13.49µm
wave_controller_y_inst/_0149_,13.49µm
wave_controller_y_inst/_0214_,13.49µm
wave_controller_y_inst/_0279_,13.49µm
wave_controller_y_inst/_0500_,13.49µm
wave_controller_y_inst/_0532_,13.49µm
wave_controller_y_inst/_0535_,13.49µm
wave_controller_y_inst/_0716_,13.49µm
wave_controller_y_inst/_0792_,13.49µm
wave_controller_y_inst/net755,13.49µm
cfg_f_MEMS_fcw_y\[11\],13.44µm
latch_phase90_ack_x,13.44µm
spi_regs_inst/_0017_,13.44µm
spi_regs_inst/_0097_,13.44µm
spi_regs_inst/_0265_,13.44µm
spi_regs_inst/_0399_,13.44µm
spi_regs_inst/_0465_,13.44µm
wave_controller_x_inst/_0011_,13.44µm
wave_controller_x_inst/_0027_,13.44µm
wave_controller_x_inst/_0061_,13.44µm
wave_controller_x_inst/_0157_,13.44µm
wave_controller_x_inst/_0388_,13.44µm
wave_controller_x_inst/_0521_,13.44µm
wave_controller_x_inst/_1108_,13.44µm
wave_controller_x_inst/_1497_,13.44µm
wave_controller_y_inst/_0053_,13.44µm
wave_controller_y_inst/_0453_,13.44µm
wave_controller_y_inst/_0963_,13.44µm
wave_controller_y_inst/_1374_,13.44µm
wave_controller_x_inst/net672,13.44µm
net1539,13.44µm
wave_controller_x_inst/_1374_,13.21µm
wave_controller_x_inst/_1619_,13.03µm
wave_controller_x_inst/_0189_,12.98µm
wave_controller_x_inst/_0315_,12.98µm
wave_controller_x_inst/_0464_,12.98µm
wave_controller_x_inst/_1428_,12.98µm
wave_controller_x_inst/_1611_,12.98µm
wave_controller_x_inst/_1746_,12.98µm
wave_controller_y_inst/_0497_,12.98µm
wave_controller_y_inst/_1215_,12.98µm
wave_controller_y_inst/_1624_,12.98µm
wave_controller_y_inst/_1691_,12.98µm
signal_processor_x_inst/_021_,12.93µm
signal_processor_x_inst/_025_,12.93µm
signal_processor_x_inst/_064_,12.93µm
signal_processor_y_inst/_018_,12.93µm
signal_processor_y_inst/_019_,12.93µm
signal_processor_y_inst/comp_pipe\[2\],12.93µm
spi_regs_inst/_0023_,12.93µm
spi_regs_inst/_0141_,12.93µm
spi_regs_inst/_0195_,12.93µm
wave_controller_x_inst/_0003_,12.93µm
wave_controller_x_inst/_0049_,12.93µm
wave_controller_x_inst/_0066_,12.93µm
wave_controller_x_inst/_0291_,12.93µm
wave_controller_x_inst/_0345_,12.93µm
wave_controller_x_inst/_0828_,12.93µm
wave_controller_x_inst/_0847_,12.93µm
wave_controller_x_inst/_0977_,12.93µm
wave_controller_x_inst/_1368_,12.93µm
wave_controller_x_inst/_1476_,12.93µm
wave_controller_x_inst/_1590_,12.93µm
wave_controller_x_inst/_1592_,12.93µm
wave_controller_x_inst/_1717_,12.93µm
wave_controller_x_inst/_1731_,12.93µm
wave_controller_x_inst/comp_sync2,12.93µm
wave_controller_y_inst/_0024_,12.93µm
wave_controller_y_inst/_0116_,12.93µm
wave_controller_y_inst/_0466_,12.93µm
wave_controller_y_inst/_0534_,12.93µm
wave_controller_y_inst/_0594_,12.93µm
wave_controller_y_inst/_0873_,12.93µm
wave_controller_y_inst/_1447_,12.93µm
wave_controller_y_inst/_1452_,12.93µm
wave_controller_y_inst/_1559_,12.93µm
wave_controller_y_inst/_1613_,12.93µm
wave_controller_y_inst/_1649_,12.93µm
wave_controller_y_inst/_1657_,12.93µm
wave_controller_x_inst/net250,12.93µm
move_en_x,12.88µm
signal_processor_x_inst/_015_,12.88µm
signal_processor_x_inst/_038_,12.88µm
signal_processor_y_inst/_009_,12.88µm
spi_regs_inst/_0001_,12.88µm
spi_regs_inst/_0008_,12.88µm
spi_regs_inst/_0081_,12.88µm
spi_regs_inst/_0505_,12.88µm
wave_controller_x_inst/_0026_,12.88µm
wave_controller_x_inst/_0228_,12.88µm
wave_controller_x_inst/_0471_,12.88µm
wave_controller_x_inst/_0625_,12.88µm
wave_controller_x_inst/_0771_,12.88µm
wave_controller_x_inst/_0810_,12.88µm
wave_controller_x_inst/_0846_,12.88µm
wave_controller_x_inst/_0856_,12.88µm
wave_controller_x_inst/_0950_,12.88µm
wave_controller_x_inst/_0958_,12.88µm
wave_controller_x_inst/_1073_,12.88µm
wave_controller_x_inst/_1084_,12.88µm
wave_controller_x_inst/_1165_,12.88µm
wave_controller_x_inst/_1531_,12.88µm
wave_controller_x_inst/ds_acc\[4\],12.88µm
wave_controller_y_inst/_0008_,12.88µm
wave_controller_y_inst/_0061_,12.88µm
wave_controller_y_inst/_0300_,12.88µm
wave_controller_y_inst/_0468_,12.88µm
wave_controller_y_inst/_0510_,12.88µm
wave_controller_y_inst/_0531_,12.88µm
wave_controller_y_inst/_0747_,12.88µm
wave_controller_y_inst/_0844_,12.88µm
wave_controller_y_inst/_0929_,12.88µm
wave_controller_y_inst/_1014_,12.88µm
wave_controller_y_inst/_1102_,12.88µm
wave_controller_y_inst/_1175_,12.88µm
wave_controller_y_inst/_1403_,12.88µm
wave_controller_y_inst/_1586_,12.88µm
wave_controller_y_inst/_1664_,12.88µm
wave_controller_y_inst/_1732_,12.88µm
wave_controller_x_inst/_1154_,12.47µm
wave_controller_y_inst/_0464_,12.47µm
wave_controller_x_inst/_0302_,12.42µm
wave_controller_x_inst/_0666_,12.42µm
wave_controller_x_inst/_0823_,12.42µm
wave_controller_x_inst/_1204_,12.42µm
wave_controller_x_inst/_1222_,12.42µm
wave_controller_x_inst/_1475_,12.42µm
wave_controller_x_inst/_1594_,12.42µm
wave_controller_y_inst/_0588_,12.42µm
wave_controller_y_inst/_1018_,12.42µm
wave_controller_y_inst/_1482_,12.42µm
wave_controller_y_inst/_1606_,12.42µm
net3,12.37µm
signal_processor_y_inst/_074_,12.37µm
spi_regs_inst/_0129_,12.37µm
spi_regs_inst/_0313_,12.37µm
spi_regs_inst/_0403_,12.37µm
spi_regs_inst/_0445_,12.37µm
spi_regs_inst/_0470_,12.37µm
spi_regs_inst/sclk_sync\[1\],12.37µm
wave_controller_x_inst/_0048_,12.37µm
wave_controller_x_inst/_0070_,12.37µm
wave_controller_x_inst/_0077_,12.37µm
wave_controller_x_inst/_0311_,12.37µm
wave_controller_x_inst/_0453_,12.37µm
wave_controller_x_inst/_0477_,12.37µm
wave_controller_x_inst/_0560_,12.37µm
wave_controller_x_inst/_0637_,12.37µm
wave_controller_x_inst/_0808_,12.37µm
wave_controller_x_inst/_0840_,12.37µm
wave_controller_x_inst/_0851_,12.37µm
wave_controller_x_inst/_0922_,12.37µm
wave_controller_x_inst/_0959_,12.37µm
wave_controller_x_inst/_0992_,12.37µm
wave_controller_x_inst/_1061_,12.37µm
wave_controller_x_inst/_1140_,12.37µm
wave_controller_x_inst/_1490_,12.37µm
wave_controller_x_inst/_1535_,12.37µm
wave_controller_x_inst/_1551_,12.37µm
wave_controller_x_inst/_1580_,12.37µm
wave_controller_x_inst/_1659_,12.37µm
wave_controller_y_inst/_0035_,12.37µm
wave_controller_y_inst/_0160_,12.37µm
wave_controller_y_inst/_0331_,12.37µm
wave_controller_y_inst/_0390_,12.37µm
wave_controller_y_inst/_0936_,12.37µm
wave_controller_y_inst/_0992_,12.37µm
wave_controller_y_inst/_1035_,12.37µm
wave_controller_y_inst/_1341_,12.37µm
wave_controller_y_inst/_1515_,12.37µm
wave_controller_y_inst/_1530_,12.37µm
wave_controller_y_inst/_1601_,12.37µm
wave_controller_y_inst/_1629_,12.37µm
wave_controller_y_inst/_1652_,12.37µm
signal_processor_x_inst/_019_,12.32µm
signal_processor_x_inst/_105_,12.32µm
signal_processor_y_inst/_077_,12.32µm
signal_processor_y_inst/_079_,12.32µm
spi_regs_inst/_0015_,12.32µm
spi_regs_inst/_0068_,12.32µm
spi_regs_inst/_0166_,12.32µm
spi_regs_inst/_0171_,12.32µm
spi_regs_inst/_0192_,12.32µm
spi_regs_inst/_0237_,12.32µm
spi_regs_inst/_0268_,12.32µm
spi_regs_inst/_0468_,12.32µm
wave_controller_x_inst/_0177_,12.32µm
wave_controller_x_inst/_0368_,12.32µm
wave_controller_x_inst/_0651_,12.32µm
wave_controller_x_inst/_0678_,12.32µm
wave_controller_x_inst/_0730_,12.32µm
wave_controller_x_inst/_0752_,12.32µm
wave_controller_x_inst/_0798_,12.32µm
wave_controller_x_inst/_0852_,12.32µm
wave_controller_x_inst/_1006_,12.32µm
wave_controller_x_inst/_1062_,12.32µm
wave_controller_x_inst/_1195_,12.32µm
wave_controller_x_inst/_1196_,12.32µm
wave_controller_x_inst/_1231_,12.32µm
wave_controller_x_inst/_1366_,12.32µm
wave_controller_x_inst/_1477_,12.32µm
wave_controller_x_inst/_1737_,12.32µm
wave_controller_y_inst/_0037_,12.32µm
wave_controller_y_inst/_0219_,12.32µm
wave_controller_y_inst/_0258_,12.32µm
wave_controller_y_inst/_0393_,12.32µm
wave_controller_y_inst/_0476_,12.32µm
wave_controller_y_inst/_0788_,12.32µm
wave_controller_y_inst/_0830_,12.32µm
wave_controller_y_inst/_0887_,12.32µm
wave_controller_y_inst/_0902_,12.32µm
wave_controller_y_inst/_0970_,12.32µm
wave_controller_y_inst/_0982_,12.32µm
wave_controller_y_inst/_1097_,12.32µm
wave_controller_y_inst/_1123_,12.32µm
wave_controller_y_inst/_1155_,12.32µm
wave_controller_y_inst/_1157_,12.32µm
wave_controller_y_inst/_1343_,12.32µm
wave_controller_y_inst/_1347_,12.32µm
wave_controller_y_inst/_1375_,12.32µm
wave_controller_y_inst/_1410_,12.32µm
wave_controller_y_inst/_1509_,12.32µm
wave_controller_y_inst/_1547_,12.32µm
wave_controller_y_inst/net746,12.32µm
wave_controller_y_inst/_0184_,11.91µm
wave_controller_x_inst/_0293_,11.86µm
wave_controller_x_inst/_0778_,11.86µm
wave_controller_x_inst/_0790_,11.86µm
wave_controller_x_inst/_0925_,11.86µm
wave_controller_x_inst/_1380_,11.86µm
wave_controller_x_inst/_1403_,11.86µm
wave_controller_x_inst/_1421_,11.86µm
wave_controller_x_inst/_1503_,11.86µm
wave_controller_y_inst/_0866_,11.86µm
wave_controller_y_inst/_1192_,11.86µm
wave_controller_y_inst/_1497_,11.86µm
wave_controller_y_inst/_1542_,11.86µm
wave_controller_y_inst/_1745_,11.86µm
cal_phase0_offset_x\[20\],11.81µm
cal_phase270_offset_x\[18\],11.81µm
cal_phase90_offset_y\[14\],11.81µm
signal_processor_y_inst/_043_,11.81µm
spi_regs_inst/_0416_,11.81µm
wave_controller_x_inst/_0000_,11.81µm
wave_controller_x_inst/_0005_,11.81µm
wave_controller_x_inst/_0035_,11.81µm
wave_controller_x_inst/_0214_,11.81µm
wave_controller_x_inst/_0284_,11.81µm
wave_controller_x_inst/_0394_,11.81µm
wave_controller_x_inst/_0463_,11.81µm
wave_controller_x_inst/_1013_,11.81µm
wave_controller_x_inst/_1068_,11.81µm
wave_controller_x_inst/_1102_,11.81µm
wave_controller_x_inst/_1197_,11.81µm
wave_controller_x_inst/_1317_,11.81µm
wave_controller_x_inst/_1445_,11.81µm
wave_controller_y_inst/_0054_,11.81µm
wave_controller_y_inst/_0079_,11.81µm
wave_controller_y_inst/_0196_,11.81µm
wave_controller_y_inst/_0244_,11.81µm
wave_controller_y_inst/_0463_,11.81µm
wave_controller_y_inst/_0648_,11.81µm
wave_controller_y_inst/_0665_,11.81µm
wave_controller_y_inst/_0852_,11.81µm
wave_controller_y_inst/_0872_,11.81µm
wave_controller_y_inst/_1114_,11.81µm
wave_controller_y_inst/_1151_,11.81µm
wave_controller_y_inst/_1260_,11.81µm
wave_controller_y_inst/_1551_,11.81µm
wave_controller_y_inst/_1554_,11.81µm
net717,11.81µm
net1286,11.81µm
signal_processor_x_inst/_043_,11.76µm
signal_processor_x_inst/s90_pipe\[2\],11.76µm
signal_processor_y_inst/_022_,11.76µm
spi_regs_inst/_0018_,11.76µm
spi_regs_inst/_0156_,11.76µm
spi_regs_inst/_0343_,11.76µm
spi_regs_inst/_0357_,11.76µm
spi_regs_inst/_0553_,11.76µm
wave_controller_x_inst/_0025_,11.76µm
wave_controller_x_inst/_0063_,11.76µm
wave_controller_x_inst/_0111_,11.76µm
wave_controller_x_inst/_0126_,11.76µm
wave_controller_x_inst/_0185_,11.76µm
wave_controller_x_inst/_0362_,11.76µm
wave_controller_x_inst/_0446_,11.76µm
wave_controller_x_inst/_0577_,11.76µm
wave_controller_x_inst/_0603_,11.76µm
wave_controller_x_inst/_0669_,11.76µm
wave_controller_x_inst/_0716_,11.76µm
wave_controller_x_inst/_0725_,11.76µm
wave_controller_x_inst/_0744_,11.76µm
wave_controller_x_inst/_1049_,11.76µm
wave_controller_x_inst/_1075_,11.76µm
wave_controller_x_inst/_1078_,11.76µm
wave_controller_x_inst/_1387_,11.76µm
wave_controller_y_inst/_0146_,11.76µm
wave_controller_y_inst/_0375_,11.76µm
wave_controller_y_inst/_0408_,11.76µm
wave_controller_y_inst/_0603_,11.76µm
wave_controller_y_inst/_0620_,11.76µm
wave_controller_y_inst/_0666_,11.76µm
wave_controller_y_inst/_0677_,11.76µm
wave_controller_y_inst/_0705_,11.76µm
wave_controller_y_inst/_0728_,11.76µm
wave_controller_y_inst/_0822_,11.76µm
wave_controller_y_inst/_1211_,11.76µm
wave_controller_y_inst/_1214_,11.76µm
wave_controller_y_inst/_1264_,11.76µm
wave_controller_y_inst/_1357_,11.76µm
wave_controller_y_inst/_1371_,11.76µm
wave_controller_y_inst/_1494_,11.76µm
wave_controller_y_inst/_1562_,11.76µm
wave_controller_y_inst/_1617_,11.76µm
wave_controller_y_inst/_1750_,11.76µm
wave_controller_y_inst/net794,11.76µm
wave_controller_x_inst/net1183,11.76µm
signal_processor_y_inst/_091_,11.48µm
signal_processor_y_inst/_067_,11.3µm
signal_processor_y_inst/cnt_out\[2\],11.3µm
spi_regs_inst/_0625_,11.3µm
wave_controller_x_inst/_0267_,11.3µm
wave_controller_x_inst/_1644_,11.3µm
wave_controller_x_inst/_1646_,11.3µm
wave_controller_x_inst/_1745_,11.3µm
wave_controller_y_inst/_0790_,11.3µm
wave_controller_y_inst/_0996_,11.3µm
wave_controller_y_inst/_1025_,11.3µm
wave_controller_y_inst/_1378_,11.3µm
wave_controller_y_inst/_1415_,11.3µm
wave_controller_y_inst/_1651_,11.3µm
wave_controller_y_inst/_1687_,11.3µm
spi_regs_inst/net1401,11.3µm
signal_processor_x_inst/_006_,11.25µm
signal_processor_y_inst/comp_pipe\[1\],11.25µm
spi_regs_inst/_0028_,11.25µm
spi_regs_inst/_0036_,11.25µm
spi_regs_inst/_0062_,11.25µm
spi_regs_inst/_0230_,11.25µm
spi_regs_inst/_0332_,11.25µm
spi_regs_inst/_0487_,11.25µm
spi_regs_inst/_0540_,11.25µm
spi_regs_inst/_0634_,11.25µm
wave_controller_x_inst/_0033_,11.25µm
wave_controller_x_inst/_0091_,11.25µm
wave_controller_x_inst/_0202_,11.25µm
wave_controller_x_inst/_0310_,11.25µm
wave_controller_x_inst/_0541_,11.25µm
wave_controller_x_inst/_0700_,11.25µm
wave_controller_x_inst/_0741_,11.25µm
wave_controller_x_inst/_0775_,11.25µm
wave_controller_x_inst/_1534_,11.25µm
wave_controller_x_inst/_1582_,11.25µm
wave_controller_x_inst/_1730_,11.25µm
wave_controller_y_inst/_0007_,11.25µm
wave_controller_y_inst/_0017_,11.25µm
wave_controller_y_inst/_0077_,11.25µm
wave_controller_y_inst/_0293_,11.25µm
wave_controller_y_inst/_0582_,11.25µm
wave_controller_y_inst/_0734_,11.25µm
wave_controller_y_inst/_0993_,11.25µm
wave_controller_y_inst/_1027_,11.25µm
wave_controller_y_inst/_1031_,11.25µm
wave_controller_y_inst/_1100_,11.25µm
wave_controller_y_inst/_1156_,11.25µm
wave_controller_y_inst/_1164_,11.25µm
wave_controller_y_inst/_1235_,11.25µm
wave_controller_y_inst/_1454_,11.25µm
wave_controller_y_inst/_1539_,11.25µm
wave_controller_y_inst/net601,11.25µm
cfg_f_MEMS_fcw_y\[15\],11.2µm
signal_processor_x_inst/_097_,11.2µm
signal_processor_y_inst/_025_,11.2µm
signal_processor_y_inst/_034_,11.2µm
spi_regs_inst/_0004_,11.2µm
spi_regs_inst/_0053_,11.2µm
spi_regs_inst/_0067_,11.2µm
spi_regs_inst/_0159_,11.2µm
spi_regs_inst/_0197_,11.2µm
wave_controller_x_inst/_0006_,11.2µm
wave_controller_x_inst/_0051_,11.2µm
wave_controller_x_inst/_0113_,11.2µm
wave_controller_x_inst/_0131_,11.2µm
wave_controller_x_inst/_0221_,11.2µm
wave_controller_x_inst/_0299_,11.2µm
wave_controller_x_inst/_0327_,11.2µm
wave_controller_x_inst/_0363_,11.2µm
wave_controller_x_inst/_0427_,11.2µm
wave_controller_x_inst/_0575_,11.2µm
wave_controller_x_inst/_0686_,11.2µm
wave_controller_x_inst/_0948_,11.2µm
wave_controller_x_inst/_1010_,11.2µm
wave_controller_x_inst/_1136_,11.2µm
wave_controller_x_inst/_1565_,11.2µm
wave_controller_x_inst/_1599_,11.2µm
wave_controller_x_inst/_1696_,11.2µm
wave_controller_y_inst/_0011_,11.2µm
wave_controller_y_inst/_0096_,11.2µm
wave_controller_y_inst/_0112_,11.2µm
wave_controller_y_inst/_0161_,11.2µm
wave_controller_y_inst/_0243_,11.2µm
wave_controller_y_inst/_0371_,11.2µm
wave_controller_y_inst/_0641_,11.2µm
wave_controller_y_inst/_0759_,11.2µm
wave_controller_y_inst/_0763_,11.2µm
wave_controller_y_inst/_0775_,11.2µm
wave_controller_y_inst/_1106_,11.2µm
wave_controller_y_inst/_1116_,11.2µm
wave_controller_y_inst/_1134_,11.2µm
wave_controller_y_inst/_1318_,11.2µm
wave_controller_y_inst/_1391_,11.2µm
wave_controller_y_inst/_1466_,11.2µm
wave_controller_y_inst/_1506_,11.2µm
spi_regs_inst/net1484,11.2µm
spi_regs_inst/_0167_,10.86µm
wave_controller_x_inst/_1405_,10.79µm
wave_controller_y_inst/_0444_,10.79µm
spi_regs_inst/_0498_,10.74µm
spi_regs_inst/tx_shift\[6\],10.74µm
wave_controller_x_inst/_0208_,10.74µm
wave_controller_x_inst/_0277_,10.74µm
wave_controller_x_inst/_0403_,10.74µm
wave_controller_x_inst/_0444_,10.74µm
wave_controller_x_inst/_0461_,10.74µm
wave_controller_x_inst/_0534_,10.74µm
wave_controller_x_inst/_1439_,10.74µm
wave_controller_y_inst/_0145_,10.74µm
wave_controller_y_inst/_0235_,10.74µm
wave_controller_y_inst/_0806_,10.74µm
wave_controller_y_inst/_0849_,10.74µm
wave_controller_y_inst/net36,10.74µm
cal_phase0_offset_y\[19\],10.69µm
cal_phase270_offset_y\[18\],10.69µm
signal_processor_y_inst/_056_,10.69µm
spi_regs_inst/_0016_,10.69µm
spi_regs_inst/_0072_,10.69µm
spi_regs_inst/_0079_,10.69µm
spi_regs_inst/_0424_,10.69µm
wave_controller_x_inst/_0045_,10.69µm
wave_controller_x_inst/_0122_,10.69µm
wave_controller_x_inst/_0280_,10.69µm
wave_controller_x_inst/_0282_,10.69µm
wave_controller_x_inst/_0501_,10.69µm
wave_controller_x_inst/_0546_,10.69µm
wave_controller_x_inst/_0865_,10.69µm
wave_controller_x_inst/_1038_,10.69µm
wave_controller_x_inst/_1092_,10.69µm
wave_controller_x_inst/_1133_,10.69µm
wave_controller_x_inst/_1144_,10.69µm
wave_controller_x_inst/_1209_,10.69µm
wave_controller_x_inst/_1524_,10.69µm
wave_controller_x_inst/_1564_,10.69µm
wave_controller_x_inst/_1697_,10.69µm
wave_controller_y_inst/_0076_,10.69µm
wave_controller_y_inst/_0173_,10.69µm
wave_controller_y_inst/_0317_,10.69µm
wave_controller_y_inst/_0333_,10.69µm
wave_controller_y_inst/_0539_,10.69µm
wave_controller_y_inst/_0701_,10.69µm
wave_controller_y_inst/_0791_,10.69µm
wave_controller_y_inst/_0937_,10.69µm
wave_controller_y_inst/_1003_,10.69µm
wave_controller_y_inst/_1043_,10.69µm
wave_controller_y_inst/_1290_,10.69µm
wave_controller_y_inst/_1377_,10.69µm
wave_controller_y_inst/_1646_,10.69µm
wave_controller_y_inst/_1702_,10.69µm
net1112,10.69µm
spi_regs_inst/net1468,10.69µm
signal_processor_y_inst/_008_,10.64µm
signal_processor_y_inst/_071_,10.64µm
spi_regs_inst/_0003_,10.64µm
spi_regs_inst/_0027_,10.64µm
spi_regs_inst/_0030_,10.64µm
spi_regs_inst/_0065_,10.64µm
spi_regs_inst/_0069_,10.64µm
spi_regs_inst/_0120_,10.64µm
spi_regs_inst/_0123_,10.64µm
spi_regs_inst/_0378_,10.64µm
spi_regs_inst/_0425_,10.64µm
spi_regs_inst/_0630_,10.64µm
wave_controller_x_inst/_0028_,10.64µm
wave_controller_x_inst/_0058_,10.64µm
wave_controller_x_inst/_0062_,10.64µm
wave_controller_x_inst/_0074_,10.64µm
wave_controller_x_inst/_0092_,10.64µm
wave_controller_x_inst/_0134_,10.64µm
wave_controller_x_inst/_0210_,10.64µm
wave_controller_x_inst/_0275_,10.64µm
wave_controller_x_inst/_0443_,10.64µm
wave_controller_x_inst/_0474_,10.64µm
wave_controller_x_inst/_0555_,10.64µm
wave_controller_x_inst/_0754_,10.64µm
wave_controller_x_inst/_0853_,10.64µm
wave_controller_x_inst/_1039_,10.64µm
wave_controller_x_inst/_1099_,10.64µm
wave_controller_x_inst/_1156_,10.64µm
wave_controller_x_inst/_1336_,10.64µm
wave_controller_x_inst/_1545_,10.64µm
wave_controller_x_inst/_1706_,10.64µm
wave_controller_y_inst/_0005_,10.64µm
wave_controller_y_inst/_0036_,10.64µm
wave_controller_y_inst/_0059_,10.64µm
wave_controller_y_inst/_0063_,10.64µm
wave_controller_y_inst/_0101_,10.64µm
wave_controller_y_inst/_0226_,10.64µm
wave_controller_y_inst/_0803_,10.64µm
wave_controller_y_inst/_0940_,10.64µm
wave_controller_y_inst/_0950_,10.64µm
wave_controller_y_inst/_0984_,10.64µm
wave_controller_y_inst/_1086_,10.64µm
wave_controller_y_inst/_1110_,10.64µm
wave_controller_y_inst/_1334_,10.64µm
wave_controller_y_inst/_1344_,10.64µm
wave_controller_y_inst/_1412_,10.64µm
wave_controller_y_inst/_1643_,10.64µm
wave_controller_y_inst/_1690_,10.64µm
wave_controller_y_inst/_1695_,10.64µm
spi_regs_inst/_0460_,10.23µm
wave_controller_x_inst/_0303_,10.23µm
wave_controller_x_inst/_1741_,10.23µm
wave_controller_y_inst/_0343_,10.23µm
wave_controller_y_inst/_1012_,10.23µm
wave_controller_y_inst/_1209_,10.23µm
wave_controller_x_inst/_0266_,10.18µm
wave_controller_x_inst/_0300_,10.18µm
wave_controller_x_inst/_0822_,10.18µm
wave_controller_x_inst/_1410_,10.18µm
wave_controller_y_inst/_0144_,10.18µm
wave_controller_y_inst/_0751_,10.18µm
wave_controller_y_inst/_1139_,10.18µm
wave_controller_y_inst/_1296_,10.18µm
wave_controller_y_inst/_1518_,10.18µm
wave_controller_y_inst/_1644_,10.18µm
_02_,10.13µm
signal_processor_x_inst/_031_,10.13µm
signal_processor_x_inst/_095_,10.13µm
signal_processor_x_inst/_106_,10.13µm
signal_processor_x_inst/s270_pipe\[0\],10.13µm
signal_processor_x_inst/s270_pipe\[2\],10.13µm
signal_processor_y_inst/_017_,10.13µm
signal_processor_y_inst/_040_,10.13µm
signal_processor_y_inst/s90_pipe\[1\],10.13µm
spi_regs_inst/_0104_,10.13µm
spi_regs_inst/_0154_,10.13µm
spi_regs_inst/_0162_,10.13µm
spi_regs_inst/_0204_,10.13µm
spi_regs_inst/_0296_,10.13µm
spi_regs_inst/_0371_,10.13µm
spi_regs_inst/_0435_,10.13µm
spi_regs_inst/_0456_,10.13µm
spi_regs_inst/_0463_,10.13µm
wave_controller_x_inst/_0093_,10.13µm
wave_controller_x_inst/_0120_,10.13µm
wave_controller_x_inst/_0194_,10.13µm
wave_controller_x_inst/_0270_,10.13µm
wave_controller_x_inst/_0428_,10.13µm
wave_controller_x_inst/_0478_,10.13µm
wave_controller_x_inst/_0489_,10.13µm
wave_controller_x_inst/_0582_,10.13µm
wave_controller_x_inst/_0763_,10.13µm
wave_controller_x_inst/_0873_,10.13µm
wave_controller_x_inst/_0962_,10.13µm
wave_controller_x_inst/_1069_,10.13µm
wave_controller_x_inst/_1357_,10.13µm
wave_controller_x_inst/_1408_,10.13µm
wave_controller_x_inst/_1426_,10.13µm
wave_controller_x_inst/_1502_,10.13µm
wave_controller_x_inst/_1636_,10.13µm
wave_controller_y_inst/_0210_,10.13µm
wave_controller_y_inst/_0628_,10.13µm
wave_controller_y_inst/_0793_,10.13µm
wave_controller_y_inst/_0846_,10.13µm
wave_controller_y_inst/_1380_,10.13µm
wave_controller_y_inst/_1499_,10.13µm
wave_controller_y_inst/_1537_,10.13µm
signal_processor_x_inst/_071_,10.08µm
signal_processor_x_inst/_098_,10.08µm
signal_processor_y_inst/_087_,10.08µm
spi_regs_inst/_0335_,10.08µm
wave_controller_x_inst/_0095_,10.08µm
wave_controller_x_inst/_0184_,10.08µm
wave_controller_x_inst/_0292_,10.08µm
wave_controller_x_inst/_0369_,10.08µm
wave_controller_x_inst/_0416_,10.08µm
wave_controller_x_inst/_0940_,10.08µm
wave_controller_x_inst/_0967_,10.08µm
wave_controller_x_inst/_0995_,10.08µm
wave_controller_x_inst/_1024_,10.08µm
wave_controller_x_inst/_1065_,10.08µm
wave_controller_x_inst/_1324_,10.08µm
wave_controller_x_inst/_1467_,10.08µm
wave_controller_x_inst/_1525_,10.08µm
wave_controller_x_inst/_1526_,10.08µm
wave_controller_x_inst/_1588_,10.08µm
wave_controller_y_inst/_0003_,10.08µm
wave_controller_y_inst/_0143_,10.08µm
wave_controller_y_inst/_0175_,10.08µm
wave_controller_y_inst/_0312_,10.08µm
wave_controller_y_inst/_0364_,10.08µm
wave_controller_y_inst/_0418_,10.08µm
wave_controller_y_inst/_0502_,10.08µm
wave_controller_y_inst/_0782_,10.08µm
wave_controller_y_inst/_1082_,10.08µm
wave_controller_y_inst/_1369_,10.08µm
wave_controller_y_inst/_1527_,10.08µm
wave_controller_y_inst/_1561_,10.08µm
wave_controller_y_inst/_1563_,10.08µm
wave_controller_y_inst/_1615_,10.08µm
wave_controller_y_inst/ds_acc\[4\],10.08µm
wave_controller_y_inst/net231,10.08µm
wave_controller_y_inst/_1560_,9.67µm
bidir_out[9],9.645µm
cal_done,9.62µm
signal_processor_y_inst/_058_,9.62µm
spi_regs_inst/reg_wr_data\[7\],9.62µm
wave_controller_x_inst/_0783_,9.62µm
wave_controller_x_inst/ds_acc\[6\],9.62µm
wave_controller_y_inst/_0148_,9.62µm
wave_controller_y_inst/_0246_,9.62µm
wave_controller_y_inst/_1274_,9.62µm
wave_controller_y_inst/_1379_,9.62µm
wave_controller_y_inst/_1556_,9.62µm
wave_controller_y_inst/net170,9.62µm
_00_,9.57µm
signal_processor_x_inst/_103_,9.57µm
signal_processor_x_inst/comp_pipe\[2\],9.57µm
signal_processor_y_inst/_013_,9.57µm
spi_regs_inst/_0022_,9.57µm
spi_regs_inst/_0039_,9.57µm
spi_regs_inst/_0059_,9.57µm
spi_regs_inst/_0075_,9.57µm
spi_regs_inst/_0118_,9.57µm
spi_regs_inst/_0183_,9.57µm
spi_regs_inst/_0327_,9.57µm
wave_controller_x_inst/_0085_,9.57µm
wave_controller_x_inst/_0103_,9.57µm
wave_controller_x_inst/_0109_,9.57µm
wave_controller_x_inst/_0236_,9.57µm
wave_controller_x_inst/_0279_,9.57µm
wave_controller_x_inst/_0319_,9.57µm
wave_controller_x_inst/_0734_,9.57µm
wave_controller_x_inst/_0746_,9.57µm
wave_controller_x_inst/_0750_,9.57µm
wave_controller_x_inst/_0854_,9.57µm
wave_controller_x_inst/_0944_,9.57µm
wave_controller_x_inst/_1235_,9.57µm
wave_controller_x_inst/_1310_,9.57µm
wave_controller_x_inst/_1509_,9.57µm
wave_controller_x_inst/_1686_,9.57µm
wave_controller_y_inst/_0027_,9.57µm
wave_controller_y_inst/_0111_,9.57µm
wave_controller_y_inst/_0190_,9.57µm
wave_controller_y_inst/_0584_,9.57µm
wave_controller_y_inst/_0769_,9.57µm
wave_controller_y_inst/_0808_,9.57µm
wave_controller_y_inst/_0809_,9.57µm
wave_controller_y_inst/_0922_,9.57µm
wave_controller_y_inst/_1063_,9.57µm
wave_controller_y_inst/_1103_,9.57µm
wave_controller_y_inst/_1387_,9.57µm
wave_controller_y_inst/_1502_,9.57µm
wave_controller_y_inst/_1516_,9.57µm
wave_controller_y_inst/_1727_,9.57µm
wave_controller_y_inst/cal_burst_count\[1\],9.57µm
net1134,9.57µm
spi_regs_inst/net1536,9.57µm
net1,9.52µm
signal_processor_x_inst/_020_,9.52µm
signal_processor_x_inst/_093_,9.52µm
signal_processor_y_inst/_037_,9.52µm
spi_regs_inst/_0057_,9.52µm
spi_regs_inst/_0151_,9.52µm
spi_regs_inst/_0691_,9.52µm
state_machine_inst/_00_,9.52µm
state_machine_inst/_17_,9.52µm
wave_controller_x_inst/_0056_,9.52µm
wave_controller_x_inst/_0247_,9.52µm
wave_controller_x_inst/_0377_,9.52µm
wave_controller_x_inst/_0671_,9.52µm
wave_controller_x_inst/_0702_,9.52µm
wave_controller_x_inst/_0749_,9.52µm
wave_controller_x_inst/_0782_,9.52µm
wave_controller_x_inst/_0802_,9.52µm
wave_controller_x_inst/_1008_,9.52µm
wave_controller_x_inst/_1083_,9.52µm
wave_controller_x_inst/_1115_,9.52µm
wave_controller_x_inst/_1159_,9.52µm
wave_controller_x_inst/_1334_,9.52µm
wave_controller_y_inst/_0009_,9.52µm
wave_controller_y_inst/_0134_,9.52µm
wave_controller_y_inst/_0187_,9.52µm
wave_controller_y_inst/_0512_,9.52µm
wave_controller_y_inst/_0642_,9.52µm
wave_controller_y_inst/_0862_,9.52µm
wave_controller_y_inst/_0959_,9.52µm
wave_controller_y_inst/_1000_,9.52µm
wave_controller_y_inst/_1125_,9.52µm
wave_controller_y_inst/_1172_,9.52µm
wave_controller_y_inst/_1492_,9.52µm
wave_controller_y_inst/_1603_,9.52µm
wave_controller_y_inst/_1627_,9.52µm
wave_controller_y_inst/_1638_,9.52µm
wave_controller_y_inst/_1669_,9.52µm
wave_controller_y_inst/ds_acc\[6\],9.52µm
spi_regs_inst/net1531,9.52µm
wave_controller_x_inst/_1416_,9.11µm
wave_controller_x_inst/_1518_,9.11µm
wave_controller_x_inst/_0530_,9.06µm
wave_controller_x_inst/_0866_,9.06µm
wave_controller_x_inst/_0942_,9.06µm
wave_controller_y_inst/_0147_,9.06µm
wave_controller_y_inst/_0330_,9.06µm
wave_controller_y_inst/_0369_,9.06µm
wave_controller_y_inst/_1137_,9.06µm
wave_controller_y_inst/_1287_,9.06µm
wave_controller_y_inst/_1330_,9.06µm
signal_processor_x_inst/_008_,9.01µm
signal_processor_x_inst/_037_,9.01µm
signal_processor_x_inst/_084_,9.01µm
spi_regs_inst/_0098_,9.01µm
spi_regs_inst/_0103_,9.01µm
spi_regs_inst/_0122_,9.01µm
spi_regs_inst/_0191_,9.01µm
spi_regs_inst/_0356_,9.01µm
spi_regs_inst/_0520_,9.01µm
wave_controller_x_inst/_0009_,9.01µm
wave_controller_x_inst/_0127_,9.01µm
wave_controller_x_inst/_0196_,9.01µm
wave_controller_x_inst/_0597_,9.01µm
wave_controller_x_inst/_0673_,9.01µm
wave_controller_x_inst/_0965_,9.01µm
wave_controller_x_inst/_0969_,9.01µm
wave_controller_x_inst/_1117_,9.01µm
wave_controller_x_inst/_1129_,9.01µm
wave_controller_x_inst/_1164_,9.01µm
wave_controller_x_inst/_1296_,9.01µm
wave_controller_x_inst/_1341_,9.01µm
wave_controller_x_inst/_1456_,9.01µm
wave_controller_y_inst/_0058_,9.01µm
wave_controller_y_inst/_0086_,9.01µm
wave_controller_y_inst/_0212_,9.01µm
wave_controller_y_inst/_0224_,9.01µm
wave_controller_y_inst/_0400_,9.01µm
wave_controller_y_inst/_0541_,9.01µm
wave_controller_y_inst/_0850_,9.01µm
wave_controller_y_inst/_0865_,9.01µm
wave_controller_y_inst/_0898_,9.01µm
wave_controller_y_inst/_0927_,9.01µm
wave_controller_y_inst/_1351_,9.01µm
wave_controller_y_inst/_1421_,9.01µm
signal_processor_x_inst/_034_,8.96µm
signal_processor_x_inst/_087_,8.96µm
signal_processor_y_inst/_000_,8.96µm
signal_processor_y_inst/_085_,8.96µm
spi_regs_inst/_0019_,8.96µm
spi_regs_inst/_0105_,8.96µm
spi_regs_inst/_0138_,8.96µm
spi_regs_inst/_0292_,8.96µm
spi_regs_inst/_0393_,8.96µm
state_machine_inst/_09_,8.96µm
wave_controller_x_inst/_0038_,8.96µm
wave_controller_x_inst/_0072_,8.96µm
wave_controller_x_inst/_0104_,8.96µm
wave_controller_x_inst/_0246_,8.96µm
wave_controller_x_inst/_0351_,8.96µm
wave_controller_x_inst/_0440_,8.96µm
wave_controller_x_inst/_0469_,8.96µm
wave_controller_x_inst/_0553_,8.96µm
wave_controller_x_inst/_0795_,8.96µm
wave_controller_x_inst/_0930_,8.96µm
wave_controller_x_inst/_1170_,8.96µm
wave_controller_x_inst/_1261_,8.96µm
wave_controller_x_inst/_1487_,8.96µm
wave_controller_x_inst/_1687_,8.96µm
wave_controller_y_inst/_0002_,8.96µm
wave_controller_y_inst/_0015_,8.96µm
wave_controller_y_inst/_0039_,8.96µm
wave_controller_y_inst/_0117_,8.96µm
wave_controller_y_inst/_0123_,8.96µm
wave_controller_y_inst/_0264_,8.96µm
wave_controller_y_inst/_0327_,8.96µm
wave_controller_y_inst/_0367_,8.96µm
wave_controller_y_inst/_0479_,8.96µm
wave_controller_y_inst/_0687_,8.96µm
wave_controller_y_inst/_1016_,8.96µm
wave_controller_y_inst/_1029_,8.96µm
wave_controller_y_inst/_1067_,8.96µm
wave_controller_y_inst/_1090_,8.96µm
wave_controller_y_inst/_1150_,8.96µm
wave_controller_y_inst/_1176_,8.96µm
wave_controller_y_inst/_1680_,8.96µm
wave_controller_y_inst/_1717_,8.96µm
wave_controller_y_inst/_1736_,8.96µm
signal_processor_y_inst/net1362,8.96µm
net1557,8.96µm
wave_controller_x_inst/ds_acc\[2\],8.55µm
signal_processor_x_inst/_053_,8.5µm
signal_processor_x_inst/_060_,8.5µm
spi_regs_inst/_0529_,8.5µm
wave_controller_x_inst/_1240_,8.5µm
wave_controller_x_inst/_1375_,8.5µm
wave_controller_y_inst/_0084_,8.5µm
wave_controller_y_inst/_0395_,8.5µm
wave_controller_y_inst/_1335_,8.5µm
wave_controller_y_inst/_1564_,8.5µm
wave_controller_y_inst/net815,8.5µm
cfg_f_MEMS_fcw_y\[7\],8.45µm
signal_processor_x_inst/_029_,8.45µm
signal_processor_x_inst/_081_,8.45µm
signal_processor_y_inst/_028_,8.45µm
signal_processor_y_inst/_035_,8.45µm
signal_processor_y_inst/s90_pipe\[2\],8.45µm
spi_regs_inst/_0052_,8.45µm
spi_regs_inst/_0074_,8.45µm
spi_regs_inst/_0146_,8.45µm
spi_regs_inst/_0200_,8.45µm
spi_regs_inst/_0278_,8.45µm
spi_regs_inst/_0309_,8.45µm
spi_regs_inst/_0352_,8.45µm
spi_regs_inst/_0370_,8.45µm
spi_regs_inst/_0444_,8.45µm
spi_regs_inst/_0496_,8.45µm
wave_controller_x_inst/_0050_,8.45µm
wave_controller_x_inst/_0075_,8.45µm
wave_controller_x_inst/_0097_,8.45µm
wave_controller_x_inst/_0124_,8.45µm
wave_controller_x_inst/_0192_,8.45µm
wave_controller_x_inst/_0594_,8.45µm
wave_controller_x_inst/_0723_,8.45µm
wave_controller_x_inst/_0850_,8.45µm
wave_controller_x_inst/_0902_,8.45µm
wave_controller_x_inst/_1043_,8.45µm
wave_controller_x_inst/_1143_,8.45µm
wave_controller_x_inst/_1182_,8.45µm
wave_controller_x_inst/_1402_,8.45µm
wave_controller_x_inst/_1596_,8.45µm
wave_controller_y_inst/_0118_,8.45µm
wave_controller_y_inst/_0237_,8.45µm
wave_controller_y_inst/_0787_,8.45µm
wave_controller_y_inst/_0979_,8.45µm
wave_controller_y_inst/_1021_,8.45µm
wave_controller_y_inst/_1127_,8.45µm
wave_controller_y_inst/_1250_,8.45µm
wave_controller_y_inst/_1359_,8.45µm
wave_controller_y_inst/_1610_,8.45µm
wave_controller_y_inst/_1622_,8.45µm
wave_controller_y_inst/_1692_,8.45µm
cal_phase0_offset_y\[17\],8.4µm
signal_processor_x_inst/_005_,8.4µm
signal_processor_x_inst/_010_,8.4µm
signal_processor_y_inst/_006_,8.4µm
signal_processor_y_inst/_026_,8.4µm
spi_regs_inst/_0032_,8.4µm
spi_regs_inst/_0110_,8.4µm
spi_regs_inst/_0132_,8.4µm
spi_regs_inst/_0240_,8.4µm
spi_regs_inst/_0275_,8.4µm
wave_controller_x_inst/_0139_,8.4µm
wave_controller_x_inst/_0140_,8.4µm
wave_controller_x_inst/_0173_,8.4µm
wave_controller_x_inst/_0244_,8.4µm
wave_controller_x_inst/_0245_,8.4µm
wave_controller_x_inst/_0408_,8.4µm
wave_controller_x_inst/_0421_,8.4µm
wave_controller_x_inst/_0476_,8.4µm
wave_controller_x_inst/_0508_,8.4µm
wave_controller_x_inst/_0512_,8.4µm
wave_controller_x_inst/_0743_,8.4µm
wave_controller_x_inst/_0974_,8.4µm
wave_controller_x_inst/_1086_,8.4µm
wave_controller_x_inst/_1132_,8.4µm
wave_controller_x_inst/_1139_,8.4µm
wave_controller_x_inst/_1237_,8.4µm
wave_controller_x_inst/_1397_,8.4µm
wave_controller_x_inst/_1419_,8.4µm
wave_controller_x_inst/_1468_,8.4µm
wave_controller_x_inst/_1675_,8.4µm
wave_controller_x_inst/ds_acc\[8\],8.4µm
wave_controller_y_inst/_0069_,8.4µm
wave_controller_y_inst/_0103_,8.4µm
wave_controller_y_inst/_0108_,8.4µm
wave_controller_y_inst/_0129_,8.4µm
wave_controller_y_inst/_0203_,8.4µm
wave_controller_y_inst/_0229_,8.4µm
wave_controller_y_inst/_0247_,8.4µm
wave_controller_y_inst/_0577_,8.4µm
wave_controller_y_inst/_0720_,8.4µm
wave_controller_y_inst/_0826_,8.4µm
wave_controller_y_inst/_0859_,8.4µm
wave_controller_y_inst/_0995_,8.4µm
wave_controller_y_inst/_1015_,8.4µm
wave_controller_y_inst/_1019_,8.4µm
wave_controller_y_inst/_1057_,8.4µm
wave_controller_y_inst/_1104_,8.4µm
wave_controller_y_inst/_1427_,8.4µm
wave_controller_y_inst/_1631_,8.4µm
wave_controller_y_inst/_1666_,8.4µm
wave_controller_y_inst/_1749_,8.4µm
spi_regs_inst/net1334,8.4µm
wave_controller_x_inst/_1223_,7.99µm
signal_processor_x_inst/_000_,7.94µm
spi_regs_inst/_0289_,7.94µm
spi_regs_inst/_0386_,7.94µm
wave_controller_x_inst/_0268_,7.94µm
wave_controller_x_inst/_0445_,7.94µm
wave_controller_x_inst/_0587_,7.94µm
wave_controller_x_inst/_0781_,7.94µm
wave_controller_x_inst/_0875_,7.94µm
wave_controller_x_inst/_1109_,7.94µm
wave_controller_x_inst/_1427_,7.94µm
wave_controller_x_inst/_1604_,7.94µm
wave_controller_y_inst/_0055_,7.94µm
wave_controller_y_inst/_0283_,7.94µm
wave_controller_y_inst/_0465_,7.94µm
wave_controller_y_inst/_0663_,7.94µm
wave_controller_y_inst/_0869_,7.94µm
wave_controller_y_inst/_0994_,7.94µm
wave_controller_y_inst/_1288_,7.94µm
wave_controller_y_inst/_1570_,7.94µm
raw_edge3_y\[0\],7.89µm
signal_processor_x_inst/_017_,7.89µm
signal_processor_x_inst/_032_,7.89µm
signal_processor_y_inst/_029_,7.89µm
spi_regs_inst/_0199_,7.89µm
wave_controller_x_inst/_0034_,7.89µm
wave_controller_x_inst/_0102_,7.89µm
wave_controller_x_inst/_0121_,7.89µm
wave_controller_x_inst/_0123_,7.89µm
wave_controller_x_inst/_0175_,7.89µm
wave_controller_x_inst/_0450_,7.89µm
wave_controller_x_inst/_0473_,7.89µm
wave_controller_x_inst/_0518_,7.89µm
wave_controller_x_inst/_0525_,7.89µm
wave_controller_x_inst/_0550_,7.89µm
wave_controller_x_inst/_0740_,7.89µm
wave_controller_x_inst/_0747_,7.89µm
wave_controller_x_inst/_0907_,7.89µm
wave_controller_x_inst/_1339_,7.89µm
wave_controller_x_inst/_1343_,7.89µm
wave_controller_x_inst/_1344_,7.89µm
wave_controller_y_inst/_0127_,7.89µm
wave_controller_y_inst/_0164_,7.89µm
wave_controller_y_inst/_0388_,7.89µm
wave_controller_y_inst/_0455_,7.89µm
wave_controller_y_inst/_0474_,7.89µm
wave_controller_y_inst/_0690_,7.89µm
wave_controller_y_inst/_1107_,7.89µm
wave_controller_y_inst/_1146_,7.89µm
wave_controller_y_inst/_1153_,7.89µm
wave_controller_y_inst/_1173_,7.89µm
wave_controller_y_inst/_1339_,7.89µm
wave_controller_y_inst/_1376_,7.89µm
wave_controller_y_inst/_1522_,7.89µm
wave_controller_y_inst/_1637_,7.89µm
net1457,7.89µm
net6,7.84µm
signal_processor_x_inst/_001_,7.84µm
signal_processor_x_inst/_014_,7.84µm
signal_processor_y_inst/_014_,7.84µm
spi_regs_inst/_0035_,7.84µm
spi_regs_inst/_0037_,7.84µm
spi_regs_inst/_0061_,7.84µm
spi_regs_inst/_0066_,7.84µm
spi_regs_inst/_0100_,7.84µm
spi_regs_inst/_0102_,7.84µm
spi_regs_inst/_0139_,7.84µm
spi_regs_inst/_0147_,7.84µm
spi_regs_inst/_0152_,7.84µm
spi_regs_inst/_0164_,7.84µm
spi_regs_inst/_0186_,7.84µm
spi_regs_inst/_0251_,7.84µm
spi_regs_inst/_0428_,7.84µm
spi_regs_inst/_0437_,7.84µm
spi_regs_inst/_0442_,7.84µm
spi_regs_inst/_0611_,7.84µm
wave_controller_x_inst/_0043_,7.84µm
wave_controller_x_inst/_0083_,7.84µm
wave_controller_x_inst/_0087_,7.84µm
wave_controller_x_inst/_0226_,7.84µm
wave_controller_x_inst/_0298_,7.84µm
wave_controller_x_inst/_0340_,7.84µm
wave_controller_x_inst/_0350_,7.84µm
wave_controller_x_inst/_0380_,7.84µm
wave_controller_x_inst/_0399_,7.84µm
wave_controller_x_inst/_0496_,7.84µm
wave_controller_x_inst/_0543_,7.84µm
wave_controller_x_inst/_0592_,7.84µm
wave_controller_x_inst/_0598_,7.84µm
wave_controller_x_inst/_0693_,7.84µm
wave_controller_x_inst/_0898_,7.84µm
wave_controller_x_inst/_0937_,7.84µm
wave_controller_x_inst/_0945_,7.84µm
wave_controller_x_inst/_0984_,7.84µm
wave_controller_x_inst/_1021_,7.84µm
wave_controller_x_inst/_1027_,7.84µm
wave_controller_x_inst/_1082_,7.84µm
wave_controller_x_inst/_1090_,7.84µm
wave_controller_x_inst/_1097_,7.84µm
wave_controller_x_inst/_1116_,7.84µm
wave_controller_x_inst/_1120_,7.84µm
wave_controller_x_inst/_1365_,7.84µm
wave_controller_x_inst/_1450_,7.84µm
wave_controller_x_inst/_1527_,7.84µm
wave_controller_x_inst/_1610_,7.84µm
wave_controller_x_inst/_1664_,7.84µm
wave_controller_x_inst/_1710_,7.84µm
wave_controller_x_inst/_1744_,7.84µm
wave_controller_y_inst/_0001_,7.84µm
wave_controller_y_inst/_0299_,7.84µm
wave_controller_y_inst/_0458_,7.84µm
wave_controller_y_inst/_0507_,7.84µm
wave_controller_y_inst/_0547_,7.84µm
wave_controller_y_inst/_0725_,7.84µm
wave_controller_y_inst/_0735_,7.84µm
wave_controller_y_inst/_0771_,7.84µm
wave_controller_y_inst/_0832_,7.84µm
wave_controller_y_inst/_0965_,7.84µm
wave_controller_y_inst/_1168_,7.84µm
wave_controller_y_inst/_1338_,7.84µm
wave_controller_y_inst/_1361_,7.84µm
wave_controller_y_inst/_1485_,7.84µm
wave_controller_y_inst/_1609_,7.84µm
signal_processor_x_inst/net710,7.84µm
wave_controller_y_inst/_1623_,7.43µm
spi_regs_inst/_0347_,7.38µm
wave_controller_x_inst/_0998_,7.38µm
wave_controller_x_inst/_1081_,7.38µm
wave_controller_x_inst/_1113_,7.38µm
wave_controller_y_inst/_0047_,7.38µm
wave_controller_y_inst/_0070_,7.38µm
wave_controller_y_inst/_0083_,7.38µm
wave_controller_y_inst/_0157_,7.38µm
wave_controller_y_inst/_0437_,7.38µm
wave_controller_y_inst/_0888_,7.38µm
wave_controller_y_inst/_1077_,7.38µm
wave_controller_y_inst/_1405_,7.38µm
wave_controller_y_inst/_1519_,7.38µm
wave_controller_y_inst/_1731_,7.38µm
wave_controller_x_inst/net1315,7.38µm
spi_regs_inst/_0109_,7.33µm
spi_regs_inst/_0144_,7.33µm
spi_regs_inst/_0362_,7.33µm
spi_regs_inst/_0508_,7.33µm
state_machine_inst/_16_,7.33µm
wave_controller_x_inst/_0012_,7.33µm
wave_controller_x_inst/_0040_,7.33µm
wave_controller_x_inst/_0059_,7.33µm
wave_controller_x_inst/_0068_,7.33µm
wave_controller_x_inst/_0069_,7.33µm
wave_controller_x_inst/_0100_,7.33µm
wave_controller_x_inst/_0141_,7.33µm
wave_controller_x_inst/_0273_,7.33µm
wave_controller_x_inst/_0357_,7.33µm
wave_controller_x_inst/_0458_,7.33µm
wave_controller_x_inst/_0466_,7.33µm
wave_controller_x_inst/_0468_,7.33µm
wave_controller_x_inst/_0479_,7.33µm
wave_controller_x_inst/_1171_,7.33µm
wave_controller_x_inst/_1342_,7.33µm
wave_controller_x_inst/_1478_,7.33µm
wave_controller_x_inst/_1572_,7.33µm
wave_controller_x_inst/_1652_,7.33µm
wave_controller_x_inst/_1692_,7.33µm
wave_controller_y_inst/_0031_,7.33µm
wave_controller_y_inst/_0072_,7.33µm
wave_controller_y_inst/_0102_,7.33µm
wave_controller_y_inst/_0179_,7.33µm
wave_controller_y_inst/_0273_,7.33µm
wave_controller_y_inst/_0417_,7.33µm
wave_controller_y_inst/_0496_,7.33µm
wave_controller_y_inst/_0551_,7.33µm
wave_controller_y_inst/_0567_,7.33µm
wave_controller_y_inst/_0810_,7.33µm
wave_controller_y_inst/_1065_,7.33µm
wave_controller_y_inst/_1094_,7.33µm
wave_controller_y_inst/_1143_,7.33µm
wave_controller_y_inst/_1169_,7.33µm
wave_controller_y_inst/_1365_,7.33µm
wave_controller_y_inst/_1602_,7.33µm
net1555,7.33µm
signal_processor_y_inst/_004_,7.28µm
signal_processor_y_inst/_020_,7.28µm
signal_processor_y_inst/_093_,7.28µm
spi_regs_inst/_0024_,7.28µm
spi_regs_inst/_0043_,7.28µm
spi_regs_inst/_0082_,7.28µm
spi_regs_inst/_0277_,7.28µm
spi_regs_inst/_0300_,7.28µm
spi_regs_inst/_0331_,7.28µm
spi_regs_inst/_0400_,7.28µm
spi_regs_inst/_0404_,7.28µm
spi_regs_inst/_0405_,7.28µm
spi_regs_inst/_0450_,7.28µm
spi_regs_inst/mosi_sync\[0\],7.28µm
state_machine_inst/_01_,7.28µm
wave_controller_x_inst/_0018_,7.28µm
wave_controller_x_inst/_0039_,7.28µm
wave_controller_x_inst/_0078_,7.28µm
wave_controller_x_inst/_0101_,7.28µm
wave_controller_x_inst/_0161_,7.28µm
wave_controller_x_inst/_0305_,7.28µm
wave_controller_x_inst/_0376_,7.28µm
wave_controller_x_inst/_0387_,7.28µm
wave_controller_x_inst/_0497_,7.28µm
wave_controller_x_inst/_0689_,7.28µm
wave_controller_x_inst/_0691_,7.28µm
wave_controller_x_inst/_0726_,7.28µm
wave_controller_x_inst/_0736_,7.28µm
wave_controller_x_inst/_0748_,7.28µm
wave_controller_x_inst/_0762_,7.28µm
wave_controller_x_inst/_0819_,7.28µm
wave_controller_x_inst/_1011_,7.28µm
wave_controller_x_inst/_1017_,7.28µm
wave_controller_x_inst/_1041_,7.28µm
wave_controller_x_inst/_1080_,7.28µm
wave_controller_x_inst/_1096_,7.28µm
wave_controller_x_inst/_1135_,7.28µm
wave_controller_x_inst/_1338_,7.28µm
wave_controller_x_inst/_1348_,7.28µm
wave_controller_x_inst/_1377_,7.28µm
wave_controller_x_inst/_1422_,7.28µm
wave_controller_x_inst/_1505_,7.28µm
wave_controller_x_inst/_1510_,7.28µm
wave_controller_x_inst/_1637_,7.28µm
wave_controller_x_inst/_1669_,7.28µm
wave_controller_x_inst/_1702_,7.28µm
wave_controller_x_inst/_1725_,7.28µm
wave_controller_y_inst/_0041_,7.28µm
wave_controller_y_inst/_0043_,7.28µm
wave_controller_y_inst/_0048_,7.28µm
wave_controller_y_inst/_0066_,7.28µm
wave_controller_y_inst/_0090_,7.28µm
wave_controller_y_inst/_0124_,7.28µm
wave_controller_y_inst/_0177_,7.28µm
wave_controller_y_inst/_0199_,7.28µm
wave_controller_y_inst/_0221_,7.28µm
wave_controller_y_inst/_0280_,7.28µm
wave_controller_y_inst/_0281_,7.28µm
wave_controller_y_inst/_0515_,7.28µm
wave_controller_y_inst/_0595_,7.28µm
wave_controller_y_inst/_0638_,7.28µm
wave_controller_y_inst/_0675_,7.28µm
wave_controller_y_inst/_0741_,7.28µm
wave_controller_y_inst/_0845_,7.28µm
wave_controller_y_inst/_0854_,7.28µm
wave_controller_y_inst/_0895_,7.28µm
wave_controller_y_inst/_0906_,7.28µm
wave_controller_y_inst/_1017_,7.28µm
wave_controller_y_inst/_1055_,7.28µm
wave_controller_y_inst/_1118_,7.28µm
wave_controller_y_inst/_1165_,7.28µm
wave_controller_y_inst/_1231_,7.28µm
wave_controller_y_inst/_1394_,7.28µm
wave_controller_y_inst/_1458_,7.28µm
wave_controller_y_inst/_1475_,7.28µm
wave_controller_y_inst/_1514_,7.28µm
wave_controller_y_inst/_1528_,7.28µm
wave_controller_y_inst/_1535_,7.28µm
wave_controller_y_inst/_1639_,7.28µm
wave_controller_y_inst/_1642_,7.28µm
net1493,7.28µm
spi_regs_inst/_0635_,6.82µm
wave_controller_x_inst/_0665_,6.82µm
wave_controller_y_inst/_0457_,6.82µm
wave_controller_y_inst/_0726_,6.82µm
wave_controller_y_inst/_0781_,6.82µm
wave_controller_y_inst/_0975_,6.82µm
wave_controller_y_inst/_1120_,6.82µm
signal_processor_x_inst/_016_,6.77µm
signal_processor_x_inst/_052_,6.77µm
signal_processor_x_inst/_058_,6.77µm
signal_processor_x_inst/_092_,6.77µm
spi_regs_inst/_0140_,6.77µm
spi_regs_inst/_0143_,6.77µm
spi_regs_inst/_0407_,6.77µm
spi_regs_inst/_0421_,6.77µm
wave_controller_x_inst/_0021_,6.77µm
wave_controller_x_inst/_0024_,6.77µm
wave_controller_x_inst/_0047_,6.77µm
wave_controller_x_inst/_0065_,6.77µm
wave_controller_x_inst/_0079_,6.77µm
wave_controller_x_inst/_0086_,6.77µm
wave_controller_x_inst/_0099_,6.77µm
wave_controller_x_inst/_0119_,6.77µm
wave_controller_x_inst/_0502_,6.77µm
wave_controller_x_inst/_1026_,6.77µm
wave_controller_x_inst/_1701_,6.77µm
wave_controller_y_inst/_0045_,6.77µm
wave_controller_y_inst/_0050_,6.77µm
wave_controller_y_inst/_0051_,6.77µm
wave_controller_y_inst/_0057_,6.77µm
wave_controller_y_inst/_0088_,6.77µm
wave_controller_y_inst/_0282_,6.77µm
wave_controller_y_inst/_0387_,6.77µm
wave_controller_y_inst/_0415_,6.77µm
wave_controller_y_inst/_0656_,6.77µm
wave_controller_y_inst/_0752_,6.77µm
wave_controller_y_inst/_1058_,6.77µm
wave_controller_y_inst/_1126_,6.77µm
wave_controller_y_inst/_1148_,6.77µm
wave_controller_y_inst/_1398_,6.77µm
wave_controller_y_inst/_1724_,6.77µm
signal_processor_x_inst/_059_,6.72µm
signal_processor_y_inst/_005_,6.72µm
signal_processor_y_inst/_036_,6.72µm
signal_processor_y_inst/_038_,6.72µm
signal_processor_y_inst/_097_,6.72µm
signal_processor_y_inst/_099_,6.72µm
spi_regs_inst/_0047_,6.72µm
spi_regs_inst/_0078_,6.72µm
spi_regs_inst/_0083_,6.72µm
spi_regs_inst/_0094_,6.72µm
spi_regs_inst/_0124_,6.72µm
spi_regs_inst/_0161_,6.72µm
spi_regs_inst/_0176_,6.72µm
spi_regs_inst/_0182_,6.72µm
spi_regs_inst/_0185_,6.72µm
spi_regs_inst/_0398_,6.72µm
spi_regs_inst/_0418_,6.72µm
spi_regs_inst/_0439_,6.72µm
spi_regs_inst/_0475_,6.72µm
spi_regs_inst/_0631_,6.72µm
wave_controller_x_inst/_0019_,6.72µm
wave_controller_x_inst/_0080_,6.72µm
wave_controller_x_inst/_0082_,6.72µm
wave_controller_x_inst/_0090_,6.72µm
wave_controller_x_inst/_0193_,6.72µm
wave_controller_x_inst/_0243_,6.72µm
wave_controller_x_inst/_0409_,6.72µm
wave_controller_x_inst/_0417_,6.72µm
wave_controller_x_inst/_0745_,6.72µm
wave_controller_x_inst/_0880_,6.72µm
wave_controller_x_inst/_0921_,6.72µm
wave_controller_x_inst/_1166_,6.72µm
wave_controller_x_inst/_1200_,6.72µm
wave_controller_x_inst/_1214_,6.72µm
wave_controller_x_inst/_1361_,6.72µm
wave_controller_x_inst/_1415_,6.72µm
wave_controller_x_inst/_1633_,6.72µm
wave_controller_y_inst/_0018_,6.72µm
wave_controller_y_inst/_0044_,6.72µm
wave_controller_y_inst/_0119_,6.72µm
wave_controller_y_inst/_0169_,6.72µm
wave_controller_y_inst/_0176_,6.72µm
wave_controller_y_inst/_0298_,6.72µm
wave_controller_y_inst/_0303_,6.72µm
wave_controller_y_inst/_0351_,6.72µm
wave_controller_y_inst/_0362_,6.72µm
wave_controller_y_inst/_0366_,6.72µm
wave_controller_y_inst/_0598_,6.72µm
wave_controller_y_inst/_0651_,6.72µm
wave_controller_y_inst/_0740_,6.72µm
wave_controller_y_inst/_0758_,6.72µm
wave_controller_y_inst/_0777_,6.72µm
wave_controller_y_inst/_0820_,6.72µm
wave_controller_y_inst/_0853_,6.72µm
wave_controller_y_inst/_0884_,6.72µm
wave_controller_y_inst/_0892_,6.72µm
wave_controller_y_inst/_0896_,6.72µm
wave_controller_y_inst/_1092_,6.72µm
wave_controller_y_inst/_1099_,6.72µm
wave_controller_y_inst/_1128_,6.72µm
wave_controller_y_inst/_1135_,6.72µm
wave_controller_y_inst/_1140_,6.72µm
wave_controller_y_inst/_1200_,6.72µm
wave_controller_y_inst/_1201_,6.72µm
wave_controller_y_inst/_1346_,6.72µm
wave_controller_y_inst/_1459_,6.72µm
wave_controller_y_inst/_1478_,6.72µm
wave_controller_y_inst/_1626_,6.72µm
wave_controller_y_inst/_1641_,6.72µm
wave_controller_y_inst/_1674_,6.72µm
wave_controller_y_inst/_1675_,6.72µm
wave_controller_y_inst/_1713_,6.72µm
wave_controller_y_inst/_1735_,6.72µm
wave_controller_y_inst/net1106,6.72µm
wave_controller_x_inst/_1657_,6.31µm
cal_phase270_offset_y\[1\],6.26µm
spi_regs_inst/_0267_,6.26µm
spi_regs_inst/_0394_,6.26µm
state_machine_inst/_14_,6.26µm
wave_controller_x_inst/_0261_,6.26µm
wave_controller_x_inst/_0472_,6.26µm
wave_controller_x_inst/_0904_,6.26µm
wave_controller_x_inst/_0926_,6.26µm
wave_controller_x_inst/_1178_,6.26µm
wave_controller_x_inst/_1337_,6.26µm
wave_controller_y_inst/_0067_,6.26µm
wave_controller_y_inst/_0080_,6.26µm
wave_controller_y_inst/_0130_,6.26µm
signal_processor_x_inst/_023_,6.21µm
signal_processor_y_inst/_002_,6.21µm
signal_processor_y_inst/_015_,6.21µm
signal_processor_y_inst/_032_,6.21µm
spi_regs_inst/_0034_,6.21µm
spi_regs_inst/_0202_,6.21µm
spi_regs_inst/_0374_,6.21µm
spi_regs_inst/_0433_,6.21µm
wave_controller_x_inst/_0007_,6.21µm
wave_controller_x_inst/_0088_,6.21µm
wave_controller_x_inst/_0179_,6.21µm
wave_controller_x_inst/_0257_,6.21µm
wave_controller_x_inst/_0320_,6.21µm
wave_controller_x_inst/_0328_,6.21µm
wave_controller_x_inst/_1056_,6.21µm
wave_controller_x_inst/_1141_,6.21µm
wave_controller_y_inst/_0032_,6.21µm
wave_controller_y_inst/_0068_,6.21µm
wave_controller_y_inst/_0141_,6.21µm
wave_controller_y_inst/_0168_,6.21µm
wave_controller_y_inst/_0356_,6.21µm
wave_controller_y_inst/_1041_,6.21µm
wave_controller_y_inst/_1138_,6.21µm
wave_controller_y_inst/_1166_,6.21µm
wave_controller_y_inst/_1198_,6.21µm
wave_controller_y_inst/_1372_,6.21µm
wave_controller_y_inst/_1636_,6.21µm
wave_controller_y_inst/net480,6.21µm
cfg_f_MEMS_fcw_x\[15\],6.16µm
signal_processor_x_inst/_013_,6.16µm
signal_processor_x_inst/_062_,6.16µm
signal_processor_y_inst/_081_,6.16µm
signal_processor_y_inst/_106_,6.16µm
spi_regs_inst/_0020_,6.16µm
spi_regs_inst/_0328_,6.16µm
spi_regs_inst/_0341_,6.16µm
spi_regs_inst/_0346_,6.16µm
spi_regs_inst/_0590_,6.16µm
spi_regs_inst/_0651_,6.16µm
wave_controller_x_inst/_0089_,6.16µm
wave_controller_x_inst/_0107_,6.16µm
wave_controller_x_inst/_0108_,6.16µm
wave_controller_x_inst/_0230_,6.16µm
wave_controller_x_inst/_0379_,6.16µm
wave_controller_x_inst/_0383_,6.16µm
wave_controller_x_inst/_0633_,6.16µm
wave_controller_x_inst/_0794_,6.16µm
wave_controller_x_inst/_0905_,6.16µm
wave_controller_x_inst/_0975_,6.16µm
wave_controller_x_inst/_1160_,6.16µm
wave_controller_x_inst/_1163_,6.16µm
wave_controller_x_inst/_1181_,6.16µm
wave_controller_x_inst/_1352_,6.16µm
wave_controller_x_inst/_1367_,6.16µm
wave_controller_x_inst/_1749_,6.16µm
wave_controller_y_inst/_0016_,6.16µm
wave_controller_y_inst/_0040_,6.16µm
wave_controller_y_inst/_0078_,6.16µm
wave_controller_y_inst/_0081_,6.16µm
wave_controller_y_inst/_0085_,6.16µm
wave_controller_y_inst/_0125_,6.16µm
wave_controller_y_inst/_0198_,6.16µm
wave_controller_y_inst/_0232_,6.16µm
wave_controller_y_inst/_0553_,6.16µm
wave_controller_y_inst/_0750_,6.16µm
wave_controller_y_inst/_0755_,6.16µm
wave_controller_y_inst/_0773_,6.16µm
wave_controller_y_inst/_1047_,6.16µm
wave_controller_y_inst/_1079_,6.16µm
wave_controller_y_inst/_1171_,6.16µm
wave_controller_y_inst/_1670_,6.16µm
spi_regs_inst/net576,6.16µm
wave_controller_x_inst/net1431,6.16µm
wave_controller_y_inst/_0756_,5.75µm
signal_processor_x_inst/_056_,5.7µm
spi_regs_inst/_0090_,5.7µm
spi_regs_inst/_0432_,5.7µm
spi_regs_inst/_0453_,5.7µm
wave_controller_x_inst/_0297_,5.7µm
wave_controller_x_inst/_0510_,5.7µm
wave_controller_x_inst/_0859_,5.7µm
wave_controller_x_inst/_1042_,5.7µm
wave_controller_x_inst/_1674_,5.7µm
wave_controller_x_inst/_1748_,5.7µm
wave_controller_y_inst/_0109_,5.7µm
wave_controller_y_inst/_0427_,5.7µm
wave_controller_y_inst/_0874_,5.7µm
wave_controller_y_inst/_0905_,5.7µm
wave_controller_y_inst/_1042_,5.7µm
wave_controller_y_inst/_1080_,5.7µm
wave_controller_y_inst/_1167_,5.7µm
spi_regs_inst/_0091_,5.65µm
spi_regs_inst/_0101_,5.65µm
spi_regs_inst/_0160_,5.65µm
spi_regs_inst/_0349_,5.65µm
state_machine_inst/_02_,5.65µm
wave_controller_x_inst/_0073_,5.65µm
wave_controller_x_inst/_0758_,5.65µm
wave_controller_x_inst/_0835_,5.65µm
wave_controller_x_inst/_1003_,5.65µm
wave_controller_x_inst/_1098_,5.65µm
wave_controller_y_inst/_0033_,5.65µm
wave_controller_y_inst/_0087_,5.65µm
wave_controller_y_inst/_0131_,5.65µm
wave_controller_y_inst/_0511_,5.65µm
wave_controller_y_inst/_0757_,5.65µm
wave_controller_y_inst/_1668_,5.65µm
wave_controller_y_inst/net786,5.65µm
signal_processor_x_inst/_011_,5.6µm
signal_processor_x_inst/_099_,5.6µm
signal_processor_y_inst/_033_,5.6µm
spi_regs_inst/_0012_,5.6µm
spi_regs_inst/_0014_,5.6µm
spi_regs_inst/_0126_,5.6µm
spi_regs_inst/_0153_,5.6µm
spi_regs_inst/_0194_,5.6µm
spi_regs_inst/_0397_,5.6µm
spi_regs_inst/_0410_,5.6µm
wave_controller_x_inst/_0032_,5.6µm
wave_controller_x_inst/_0044_,5.6µm
wave_controller_x_inst/_0229_,5.6µm
wave_controller_x_inst/_0301_,5.6µm
wave_controller_x_inst/_0495_,5.6µm
wave_controller_x_inst/_0514_,5.6µm
wave_controller_x_inst/_0551_,5.6µm
wave_controller_x_inst/_0584_,5.6µm
wave_controller_x_inst/_0826_,5.6µm
wave_controller_x_inst/_1045_,5.6µm
wave_controller_x_inst/_1074_,5.6µm
wave_controller_x_inst/_1549_,5.6µm
wave_controller_x_inst/_1685_,5.6µm
wave_controller_y_inst/_0010_,5.6µm
wave_controller_y_inst/_0060_,5.6µm
wave_controller_y_inst/_0089_,5.6µm
wave_controller_y_inst/_0271_,5.6µm
wave_controller_y_inst/_0295_,5.6µm
wave_controller_y_inst/_0338_,5.6µm
wave_controller_y_inst/_0442_,5.6µm
wave_controller_y_inst/_0484_,5.6µm
wave_controller_y_inst/_0518_,5.6µm
wave_controller_y_inst/_0635_,5.6µm
wave_controller_y_inst/_0670_,5.6µm
wave_controller_y_inst/_0671_,5.6µm
wave_controller_y_inst/_0743_,5.6µm
wave_controller_y_inst/_0835_,5.6µm
wave_controller_y_inst/_0877_,5.6µm
wave_controller_y_inst/_1083_,5.6µm
wave_controller_y_inst/_1095_,5.6µm
wave_controller_y_inst/_1108_,5.6µm
wave_controller_y_inst/_1145_,5.6µm
wave_controller_y_inst/_1193_,5.6µm
wave_controller_y_inst/_1195_,5.6µm
wave_controller_y_inst/_1240_,5.6µm
wave_controller_y_inst/_1455_,5.6µm
wave_controller_y_inst/_1654_,5.6µm
wave_controller_y_inst/phase_acc\[19\],5.6µm
signal_processor_x_inst/_002_,5.14µm
wave_controller_x_inst/_0170_,5.14µm
wave_controller_x_inst/_0675_,5.14µm
wave_controller_x_inst/_1063_,5.14µm
wave_controller_x_inst/_1537_,5.14µm
wave_controller_y_inst/_0711_,5.14µm
wave_controller_y_inst/_1056_,5.14µm
wave_controller_y_inst/_1170_,5.14µm
wave_controller_y_inst/_1342_,5.14µm
wave_controller_y_inst/_1685_,5.14µm
cal_phase270_offset_x\[19\],5.09µm
signal_processor_y_inst/s90_pipe\[0\],5.09µm
spi_regs_inst/_0181_,5.09µm
spi_regs_inst/_0193_,5.09µm
spi_regs_inst/_0302_,5.09µm
wave_controller_x_inst/_0036_,5.09µm
wave_controller_x_inst/_0067_,5.09µm
wave_controller_x_inst/_1142_,5.09µm
wave_controller_x_inst/_1574_,5.09µm
wave_controller_x_inst/_1575_,5.09µm
wave_controller_x_inst/_1648_,5.09µm
wave_controller_y_inst/_0049_,5.09µm
wave_controller_y_inst/_0396_,5.09µm
wave_controller_y_inst/_0946_,5.09µm
wave_controller_y_inst/_1136_,5.09µm
wave_controller_y_inst/_1345_,5.09µm
signal_processor_x_inst/_035_,5.04µm
signal_processor_x_inst/_039_,5.04µm
signal_processor_x_inst/s270_pipe\[1\],5.04µm
signal_processor_y_inst/_003_,5.04µm
signal_processor_y_inst/_010_,5.04µm
signal_processor_y_inst/_065_,5.04µm
spi_regs_inst/_0005_,5.04µm
spi_regs_inst/_0046_,5.04µm
spi_regs_inst/_0089_,5.04µm
spi_regs_inst/_0163_,5.04µm
spi_regs_inst/_0318_,5.04µm
wave_controller_x_inst/_0022_,5.04µm
wave_controller_x_inst/_0060_,5.04µm
wave_controller_x_inst/_0271_,5.04µm
wave_controller_x_inst/_0803_,5.04µm
wave_controller_x_inst/_0839_,5.04µm
wave_controller_x_inst/_0952_,5.04µm
wave_controller_x_inst/_1123_,5.04µm
wave_controller_x_inst/_1128_,5.04µm
wave_controller_x_inst/_1150_,5.04µm
wave_controller_x_inst/_1167_,5.04µm
wave_controller_x_inst/_1351_,5.04µm
wave_controller_x_inst/_1485_,5.04µm
wave_controller_x_inst/_1516_,5.04µm
wave_controller_x_inst/_1654_,5.04µm
wave_controller_y_inst/_0021_,5.04µm
wave_controller_y_inst/_0377_,5.04µm
wave_controller_y_inst/_0431_,5.04µm
wave_controller_y_inst/_0439_,5.04µm
wave_controller_y_inst/_0508_,5.04µm
wave_controller_y_inst/_0521_,5.04µm
wave_controller_y_inst/_0691_,5.04µm
wave_controller_y_inst/_0742_,5.04µm
wave_controller_y_inst/_0899_,5.04µm
wave_controller_y_inst/_1068_,5.04µm
wave_controller_y_inst/_1085_,5.04µm
wave_controller_y_inst/_1352_,5.04µm
wave_controller_y_inst/_1633_,5.04µm
wave_controller_y_inst/_1694_,5.04µm
wave_controller_y_inst/_1730_,5.04µm
spi_regs_inst/_0253_,4.58µm
spi_regs_inst/_0334_,4.58µm
wave_controller_x_inst/_0506_,4.58µm
wave_controller_x_inst/_0892_,4.58µm
wave_controller_x_inst/_1067_,4.58µm
wave_controller_x_inst/_1169_,4.58µm
wave_controller_y_inst/_0254_,4.58µm
wave_controller_y_inst/_0961_,4.58µm
wave_controller_y_inst/_0989_,4.58µm
wave_controller_y_inst/_1117_,4.58µm
wave_controller_y_inst/net807,4.58µm
spi_regs_inst/_0406_,4.53µm
wave_controller_x_inst/_0548_,4.53µm
wave_controller_x_inst/_0623_,4.53µm
wave_controller_x_inst/_0627_,4.53µm
wave_controller_x_inst/_0761_,4.53µm
wave_controller_x_inst/_1054_,4.53µm
wave_controller_x_inst/_1066_,4.53µm
wave_controller_x_inst/_1347_,4.53µm
wave_controller_x_inst/_1382_,4.53µm
wave_controller_y_inst/_1071_,4.53µm
wave_controller_y_inst/_1074_,4.53µm
wave_controller_y_inst/_1160_,4.53µm
spi_regs_inst/net549,4.53µm
signal_processor_x_inst/_079_,4.48µm
spi_regs_inst/_0040_,4.48µm
spi_regs_inst/_0049_,4.48µm
spi_regs_inst/_0099_,4.48µm
spi_regs_inst/_0115_,4.48µm
spi_regs_inst/_0174_,4.48µm
spi_regs_inst/_0198_,4.48µm
spi_regs_inst/_0205_,4.48µm
spi_regs_inst/_0380_,4.48µm
spi_regs_inst/_0455_,4.48µm
spi_regs_inst/_0536_,4.48µm
spi_regs_inst/_0684_,4.48µm
wave_controller_x_inst/_0013_,4.48µm
wave_controller_x_inst/_0015_,4.48µm
wave_controller_x_inst/_0031_,4.48µm
wave_controller_x_inst/_0042_,4.48µm
wave_controller_x_inst/_0057_,4.48µm
wave_controller_x_inst/_0112_,4.48µm
wave_controller_x_inst/_0125_,4.48µm
wave_controller_x_inst/_0415_,4.48µm
wave_controller_x_inst/_0439_,4.48µm
wave_controller_x_inst/_0484_,4.48µm
wave_controller_x_inst/_0537_,4.48µm
wave_controller_x_inst/_0842_,4.48µm
wave_controller_x_inst/_0961_,4.48µm
wave_controller_x_inst/_1020_,4.48µm
wave_controller_x_inst/_1138_,4.48µm
wave_controller_x_inst/_1345_,4.48µm
wave_controller_x_inst/_1455_,4.48µm
wave_controller_x_inst/_1494_,4.48µm
wave_controller_x_inst/_1589_,4.48µm
wave_controller_x_inst/_1740_,4.48µm
wave_controller_y_inst/_0065_,4.48µm
wave_controller_y_inst/_0082_,4.48µm
wave_controller_y_inst/_0098_,4.48µm
wave_controller_y_inst/_0106_,4.48µm
wave_controller_y_inst/_0113_,4.48µm
wave_controller_y_inst/_0114_,4.48µm
wave_controller_y_inst/_0185_,4.48µm
wave_controller_y_inst/_0286_,4.48µm
wave_controller_y_inst/_0310_,4.48µm
wave_controller_y_inst/_0363_,4.48µm
wave_controller_y_inst/_0519_,4.48µm
wave_controller_y_inst/_0537_,4.48µm
wave_controller_y_inst/_0623_,4.48µm
wave_controller_y_inst/_0736_,4.48µm
wave_controller_y_inst/_0805_,4.48µm
wave_controller_y_inst/_0828_,4.48µm
wave_controller_y_inst/_0876_,4.48µm
wave_controller_y_inst/_0997_,4.48µm
wave_controller_y_inst/_0998_,4.48µm
wave_controller_y_inst/_1045_,4.48µm
wave_controller_y_inst/_1159_,4.48µm
wave_controller_y_inst/_1340_,4.48µm
wave_controller_y_inst/_1505_,4.48µm
wave_controller_y_inst/_1555_,4.48µm
wave_controller_y_inst/_1719_,4.48µm
signal_processor_y_inst/_049_,4.02µm
wave_controller_x_inst/_0507_,4.02µm
wave_controller_x_inst/_0516_,4.02µm
wave_controller_x_inst/_1022_,4.02µm
wave_controller_x_inst/_1398_,4.02µm
wave_controller_y_inst/_0297_,4.02µm
wave_controller_y_inst/_0761_,4.02µm
wave_controller_y_inst/_1109_,4.02µm
wave_controller_y_inst/_1131_,4.02µm
wave_controller_y_inst/_1699_,4.02µm
signal_processor_y_inst/_100_,3.97µm
spi_regs_inst/_0283_,3.97µm
wave_controller_x_inst/_1158_,3.97µm
wave_controller_y_inst/_0833_,3.97µm
wave_controller_y_inst/_1468_,3.97µm
wave_controller_y_inst/_1616_,3.97µm
spi_miso_oe,3.92µm
signal_processor_x_inst/_022_,3.92µm
signal_processor_x_inst/_040_,3.92µm
signal_processor_x_inst/_077_,3.92µm
signal_processor_x_inst/_100_,3.92µm
signal_processor_x_inst/comp_pipe\[1\],3.92µm
signal_processor_y_inst/_016_,3.92µm
signal_processor_y_inst/_039_,3.92µm
signal_processor_y_inst/_052_,3.92µm
signal_processor_y_inst/_059_,3.92µm
spi_regs_inst/_0006_,3.92µm
spi_regs_inst/_0009_,3.92µm
spi_regs_inst/_0025_,3.92µm
spi_regs_inst/_0031_,3.92µm
spi_regs_inst/_0048_,3.92µm
spi_regs_inst/_0056_,3.92µm
spi_regs_inst/_0108_,3.92µm
spi_regs_inst/_0149_,3.92µm
spi_regs_inst/_0155_,3.92µm
spi_regs_inst/_0157_,3.92µm
spi_regs_inst/_0165_,3.92µm
spi_regs_inst/_0169_,3.92µm
spi_regs_inst/_0188_,3.92µm
spi_regs_inst/_0381_,3.92µm
spi_regs_inst/_0627_,3.92µm
state_machine_inst/_13_,3.92µm
wave_controller_x_inst/_0010_,3.92µm
wave_controller_x_inst/_0016_,3.92µm
wave_controller_x_inst/_0076_,3.92µm
wave_controller_x_inst/_0081_,3.92µm
wave_controller_x_inst/_0098_,3.92µm
wave_controller_x_inst/_0118_,3.92µm
wave_controller_x_inst/_0130_,3.92µm
wave_controller_x_inst/_0148_,3.92µm
wave_controller_x_inst/_0187_,3.92µm
wave_controller_x_inst/_0219_,3.92µm
wave_controller_x_inst/_0381_,3.92µm
wave_controller_x_inst/_0539_,3.92µm
wave_controller_x_inst/_0809_,3.92µm
wave_controller_x_inst/_0903_,3.92µm
wave_controller_x_inst/_0908_,3.92µm
wave_controller_x_inst/_1072_,3.92µm
wave_controller_x_inst/_1087_,3.92µm
wave_controller_x_inst/_1094_,3.92µm
wave_controller_x_inst/_1148_,3.92µm
wave_controller_x_inst/_1151_,3.92µm
wave_controller_x_inst/_1359_,3.92µm
wave_controller_x_inst/_1523_,3.92µm
wave_controller_x_inst/_1607_,3.92µm
wave_controller_x_inst/_1626_,3.92µm
wave_controller_x_inst/cal_burst_count\[1\],3.92µm
wave_controller_y_inst/_0034_,3.92µm
wave_controller_y_inst/_0038_,3.92µm
wave_controller_y_inst/_0121_,3.92µm
wave_controller_y_inst/_0170_,3.92µm
wave_controller_y_inst/_0236_,3.92µm
wave_controller_y_inst/_0350_,3.92µm
wave_controller_y_inst/_0357_,3.92µm
wave_controller_y_inst/_0422_,3.92µm
wave_controller_y_inst/_0446_,3.92µm
wave_controller_y_inst/_0562_,3.92µm
wave_controller_y_inst/_0733_,3.92µm
wave_controller_y_inst/_0745_,3.92µm
wave_controller_y_inst/_0908_,3.92µm
wave_controller_y_inst/_1062_,3.92µm
wave_controller_y_inst/_1088_,3.92µm
wave_controller_y_inst/_1096_,3.92µm
wave_controller_y_inst/_1355_,3.92µm
wave_controller_y_inst/_1367_,3.92µm
wave_controller_y_inst/_1589_,3.92µm
wave_controller_y_inst/_1706_,3.92µm
spi_regs_inst/_0401_,3.51µm
signal_processor_x_inst/comp_pipe\[0\],3.46µm
wave_controller_x_inst/_0336_,3.46µm
wave_controller_x_inst/_0531_,3.46µm
wave_controller_x_inst/_0717_,3.46µm
wave_controller_x_inst/_1091_,3.46µm
wave_controller_x_inst/_1114_,3.46µm
wave_controller_x_inst/_1126_,3.46µm
wave_controller_x_inst/_1145_,3.46µm
wave_controller_x_inst/_1155_,3.46µm
wave_controller_x_inst/_1168_,3.46µm
wave_controller_y_inst/_0345_,3.46µm
wave_controller_y_inst/_0605_,3.46µm
wave_controller_y_inst/_0731_,3.46µm
wave_controller_y_inst/_0772_,3.46µm
wave_controller_y_inst/_0904_,3.46µm
wave_controller_y_inst/_0973_,3.46µm
wave_controller_y_inst/_1001_,3.46µm
wave_controller_y_inst/_1144_,3.46µm
wave_controller_x_inst/_0449_,3.41µm
wave_controller_x_inst/_1079_,3.41µm
wave_controller_x_inst/_1137_,3.41µm
wave_controller_y_inst/_0181_,3.41µm
wave_controller_y_inst/_0383_,3.41µm
wave_controller_y_inst/_0449_,3.41µm
wave_controller_y_inst/_0800_,3.41µm
clk_regs,3.36µm
signal_processor_x_inst/_028_,3.36µm
signal_processor_x_inst/_036_,3.36µm
signal_processor_y_inst/_001_,3.36µm
spi_regs_inst/_0010_,3.36µm
spi_regs_inst/_0021_,3.36µm
spi_regs_inst/_0064_,3.36µm
spi_regs_inst/_0073_,3.36µm
spi_regs_inst/_0077_,3.36µm
spi_regs_inst/_0092_,3.36µm
spi_regs_inst/_0095_,3.36µm
spi_regs_inst/_0106_,3.36µm
spi_regs_inst/_0107_,3.36µm
spi_regs_inst/_0131_,3.36µm
spi_regs_inst/_0184_,3.36µm
spi_regs_inst/_0189_,3.36µm
spi_regs_inst/_0201_,3.36µm
spi_regs_inst/_0203_,3.36µm
spi_regs_inst/_0303_,3.36µm
spi_regs_inst/_0337_,3.36µm
spi_regs_inst/_0382_,3.36µm
spi_regs_inst/cs_sync\[0\],3.36µm
spi_regs_inst/reg_wr_data\[1\],3.36µm
spi_regs_inst/sclk_sync\[0\],3.36µm
wave_controller_x_inst/_0017_,3.36µm
wave_controller_x_inst/_0041_,3.36µm
wave_controller_x_inst/_0071_,3.36µm
wave_controller_x_inst/_0110_,3.36µm
wave_controller_x_inst/_0114_,3.36µm
wave_controller_x_inst/_0164_,3.36µm
wave_controller_x_inst/_0286_,3.36µm
wave_controller_x_inst/_0323_,3.36µm
wave_controller_x_inst/_0668_,3.36µm
wave_controller_x_inst/_0677_,3.36µm
wave_controller_x_inst/_0682_,3.36µm
wave_controller_x_inst/_0724_,3.36µm
wave_controller_x_inst/_0899_,3.36µm
wave_controller_x_inst/_1030_,3.36µm
wave_controller_x_inst/_1047_,3.36µm
wave_controller_x_inst/_1064_,3.36µm
wave_controller_x_inst/_1110_,3.36µm
wave_controller_x_inst/_1127_,3.36µm
wave_controller_x_inst/_1346_,3.36µm
wave_controller_x_inst/_1447_,3.36µm
wave_controller_x_inst/_1512_,3.36µm
wave_controller_x_inst/_1520_,3.36µm
wave_controller_x_inst/_1631_,3.36µm
wave_controller_x_inst/_1668_,3.36µm
wave_controller_x_inst/_1670_,3.36µm
wave_controller_y_inst/_0000_,3.36µm
wave_controller_y_inst/_0019_,3.36µm
wave_controller_y_inst/_0020_,3.36µm
wave_controller_y_inst/_0026_,3.36µm
wave_controller_y_inst/_0071_,3.36µm
wave_controller_y_inst/_0095_,3.36µm
wave_controller_y_inst/_0097_,3.36µm
wave_controller_y_inst/_0099_,3.36µm
wave_controller_y_inst/_0107_,3.36µm
wave_controller_y_inst/_0122_,3.36µm
wave_controller_y_inst/_0241_,3.36µm
wave_controller_y_inst/_0265_,3.36µm
wave_controller_y_inst/_0305_,3.36µm
wave_controller_y_inst/_0379_,3.36µm
wave_controller_y_inst/_0516_,3.36µm
wave_controller_y_inst/_0550_,3.36µm
wave_controller_y_inst/_0702_,3.36µm
wave_controller_y_inst/_0717_,3.36µm
wave_controller_y_inst/_0730_,3.36µm
wave_controller_y_inst/_0754_,3.36µm
wave_controller_y_inst/_0795_,3.36µm
wave_controller_y_inst/_0891_,3.36µm
wave_controller_y_inst/_1038_,3.36µm
wave_controller_y_inst/_1141_,3.36µm
wave_controller_y_inst/_1142_,3.36µm
wave_controller_y_inst/_1411_,3.36µm
wave_controller_y_inst/_1456_,3.36µm
wave_controller_y_inst/_1572_,3.36µm
wave_controller_y_inst/_1585_,3.36µm
wave_controller_y_inst/_1607_,3.36µm
wave_controller_y_inst/_1701_,3.36µm
wave_controller_y_inst/_1707_,3.36µm
wave_controller_y_inst/ds_acc\[8\],3.36µm
wave_controller_x_inst/net875,3.36µm
wave_controller_x_inst/net930,3.36µm
wave_controller_y_inst/net1543,3.36µm
clknet_0_clk,3.36µm
signal_processor_y_inst/_090_,2.9µm
wave_controller_x_inst/_0367_,2.9µm
wave_controller_x_inst/_1678_,2.9µm
wave_controller_y_inst/_0915_,2.9µm
wave_controller_y_inst/_1048_,2.9µm
wave_controller_y_inst/_1549_,2.9µm
wave_controller_y_inst/_1553_,2.9µm
wave_controller_y_inst/_1565_,2.9µm
signal_processor_x_inst/_003_,2.8µm
signal_processor_x_inst/_007_,2.8µm
signal_processor_x_inst/_009_,2.8µm
signal_processor_x_inst/_024_,2.8µm
signal_processor_x_inst/_072_,2.8µm
signal_processor_x_inst/_094_,2.8µm
signal_processor_x_inst/_096_,2.8µm
signal_processor_y_inst/_012_,2.8µm
signal_processor_y_inst/_023_,2.8µm
signal_processor_y_inst/_024_,2.8µm
signal_processor_y_inst/_069_,2.8µm
signal_processor_y_inst/_072_,2.8µm
signal_processor_y_inst/_098_,2.8µm
signal_processor_y_inst/s270_pipe\[2\],2.8µm
spi_regs_inst/_0011_,2.8µm
spi_regs_inst/_0013_,2.8µm
spi_regs_inst/_0038_,2.8µm
spi_regs_inst/_0044_,2.8µm
spi_regs_inst/_0055_,2.8µm
spi_regs_inst/_0058_,2.8µm
spi_regs_inst/_0060_,2.8µm
spi_regs_inst/_0076_,2.8µm
spi_regs_inst/_0121_,2.8µm
spi_regs_inst/_0142_,2.8µm
spi_regs_inst/_0150_,2.8µm
spi_regs_inst/_0158_,2.8µm
spi_regs_inst/_0190_,2.8µm
spi_regs_inst/_0447_,2.8µm
spi_regs_inst/_0497_,2.8µm
spi_regs_inst/_0521_,2.8µm
wave_controller_x_inst/_0020_,2.8µm
wave_controller_x_inst/_0023_,2.8µm
wave_controller_x_inst/_0116_,2.8µm
wave_controller_x_inst/_0198_,2.8µm
wave_controller_x_inst/_0264_,2.8µm
wave_controller_x_inst/_0265_,2.8µm
wave_controller_x_inst/_0333_,2.8µm
wave_controller_x_inst/_0356_,2.8µm
wave_controller_x_inst/_0422_,2.8µm
wave_controller_x_inst/_0504_,2.8µm
wave_controller_x_inst/_0519_,2.8µm
wave_controller_x_inst/_0687_,2.8µm
wave_controller_x_inst/_0719_,2.8µm
wave_controller_x_inst/_0742_,2.8µm
wave_controller_x_inst/_0830_,2.8µm
wave_controller_x_inst/_0915_,2.8µm
wave_controller_x_inst/_0934_,2.8µm
wave_controller_x_inst/_0982_,2.8µm
wave_controller_x_inst/_0993_,2.8µm
wave_controller_x_inst/_1033_,2.8µm
wave_controller_x_inst/_1058_,2.8µm
wave_controller_x_inst/_1172_,2.8µm
wave_controller_x_inst/_1176_,2.8µm
wave_controller_x_inst/_1496_,2.8µm
wave_controller_x_inst/_1514_,2.8µm
wave_controller_x_inst/_1515_,2.8µm
wave_controller_x_inst/_1649_,2.8µm
wave_controller_y_inst/_0025_,2.8µm
wave_controller_y_inst/_0030_,2.8µm
wave_controller_y_inst/_0110_,2.8µm
wave_controller_y_inst/_0195_,2.8µm
wave_controller_y_inst/_0257_,2.8µm
wave_controller_y_inst/_0294_,2.8µm
wave_controller_y_inst/_0323_,2.8µm
wave_controller_y_inst/_0336_,2.8µm
wave_controller_y_inst/_0421_,2.8µm
wave_controller_y_inst/_0440_,2.8µm
wave_controller_y_inst/_0450_,2.8µm
wave_controller_y_inst/_0555_,2.8µm
wave_controller_y_inst/_0599_,2.8µm
wave_controller_y_inst/_0839_,2.8µm
wave_controller_y_inst/_0840_,2.8µm
wave_controller_y_inst/_0842_,2.8µm
wave_controller_y_inst/_0847_,2.8µm
wave_controller_y_inst/_0903_,2.8µm
wave_controller_y_inst/_0977_,2.8µm
wave_controller_y_inst/_1066_,2.8µm
wave_controller_y_inst/_1091_,2.8µm
wave_controller_y_inst/_1098_,2.8µm
wave_controller_y_inst/_1177_,2.8µm
wave_controller_y_inst/_1202_,2.8µm
wave_controller_y_inst/_1258_,2.8µm
wave_controller_y_inst/_1362_,2.8µm
wave_controller_y_inst/_1496_,2.8µm
wave_controller_y_inst/_1525_,2.8µm
wave_controller_y_inst/_1648_,2.8µm
wave_controller_y_inst/_1737_,2.8µm
wave_controller_y_inst/comp_sync0,2.8µm
signal_processor_y_inst/_094_,2.34µm
wave_controller_x_inst/_0240_,2.34µm
wave_controller_x_inst/_1584_,2.34µm
wave_controller_x_inst/_1719_,2.34µm
wave_controller_y_inst/_1423_,2.34µm
wave_controller_y_inst/_1604_,2.34µm
cfg_f_MEMS_fcw_y\[13\],2.24µm
signal_processor_x_inst/_090_,2.24µm
spi_regs_inst/_0392_,2.24µm
spi_regs_inst/_0551_,2.24µm
state_machine_inst/_03_,2.24µm
wave_controller_x_inst/_0793_,2.24µm
wave_controller_x_inst/_0973_,2.24µm
wave_controller_x_inst/_0979_,2.24µm
wave_controller_x_inst/_1258_,2.24µm
wave_controller_x_inst/_1470_,2.24µm
wave_controller_x_inst/_1639_,2.24µm
wave_controller_y_inst/_0167_,2.24µm
wave_controller_y_inst/_0230_,2.24µm
wave_controller_y_inst/_0376_,2.24µm
wave_controller_y_inst/_0597_,2.24µm
wave_controller_y_inst/_0688_,2.24µm
wave_controller_y_inst/_1020_,2.24µm
wave_controller_y_inst/_1036_,2.24µm
wave_controller_y_inst/_1186_,2.24µm
wave_controller_y_inst/_1382_,2.24µm
wave_controller_y_inst/_1408_,2.24µm
wave_controller_y_inst/_1470_,2.24µm
wave_controller_y_inst/_1476_,2.24µm
wave_controller_y_inst/_1512_,2.24µm
wave_controller_y_inst/_1520_,2.24µm
wave_controller_y_inst/_1599_,2.24µm
wave_controller_y_inst/_1390_,1.78µm
signal_processor_y_inst/_095_,1.68µm
spi_regs_inst/_0330_,1.68µm
spi_regs_inst/_0388_,1.68µm
wave_controller_x_inst/_0254_,1.68µm
wave_controller_x_inst/_0511_,1.68µm
wave_controller_x_inst/_0660_,1.68µm
wave_controller_x_inst/_0933_,1.68µm
wave_controller_x_inst/_1076_,1.68µm
wave_controller_x_inst/_1085_,1.68µm
wave_controller_x_inst/_1095_,1.68µm
wave_controller_x_inst/_1111_,1.68µm
wave_controller_x_inst/_1125_,1.68µm
wave_controller_x_inst/_1340_,1.68µm
wave_controller_x_inst/_1643_,1.68µm
wave_controller_y_inst/_0135_,1.68µm
wave_controller_y_inst/_0328_,1.68µm
wave_controller_y_inst/_1064_,1.68µm
wave_controller_y_inst/_1075_,1.68µm
wave_controller_y_inst/_1348_,1.68µm
wave_controller_y_inst/_1634_,1.68µm
