net,length_um
clknet_0_clk,1.67556mm
net982,1.17661mm
wrapper_inst.digital_domain_inst.raw_edge3_y\[12\],1.14845mm
wrapper_inst.digital_domain_inst.signal_processor_x_inst.votes_out_phase\[1\],1.13247mm
net1793,1.08446mm
net1314,1.05183mm
_04127_,977.35µm
_00604_,971.8µm
net1712,919.67µm
net1818,915.19µm
clk,909.3µm
net2233,909.13µm
net1608,908.93µm
_01854_,908.32µm
wrapper_inst.digital_domain_inst.cfg_phase270_offset_y\[14\],847.94µm
wrapper_inst.digital_domain_inst.phase_state_x\[1\],841.73µm
net2211,840.1µm
net1734,820.04µm
net1616,795.3µm
_05329_,794.79µm
_03566_,790.87µm
net1037,790.31µm
net2317,781.35µm
net1716,780.28µm
_00917_,778.65µm
net2683,770.76µm
net1590,766.69µm
_05925_,763.43µm
net1316,755.59µm
wrapper_inst.digital_domain_inst.signal_processor_x_inst.votes_in_phase\[3\],753.3µm
wrapper_inst.digital_domain_inst.signal_processor_x_inst.votes_out_phase\[3\],749.43µm
net1279,739.21µm
net528,737.06µm
wrapper_inst.digital_domain_inst.phase_state_x\[0\],729.78µm
_05034_,722.55µm
net1147,719.75µm
net1612,718.02µm
net765,717.61µm
net2813,715.27µm
net1744,715.17µm
wrapper_inst.digital_domain_inst.cfg_phase270_offset_y\[11\],699.13µm
net1024,699.08µm
_04101_,697.96µm
_05315_,696.08µm
net2278,690.17µm
_03202_,688.9µm
_02771_,688.39µm
_05890_,683.91µm
_05877_,682.79µm
net2263,680.04µm
net1554,674.85µm
net1904,672µm
net1468,670.47µm
net1223,666.6µm
_05033_,660.9µm
net2312,659.22µm
net1851,653.06µm
net2177,645.27µm
net2277,645.22µm
net2245,639.62µm
net40,637.38µm
net618,628.98µm
net1313,622.21µm
net1300,619.46µm
net1557,617.37µm
net2313,616.71µm
_05852_,607.19µm
_04276_,606.22µm
wrapper_inst.digital_domain_inst.cfg_phase270_offset_x\[4\],601.03µm
_05838_,598.69µm
_03156_,596.55µm
wrapper_inst.digital_domain_inst.raw_edge1_x\[5\],580.99µm
net1620,574.53µm
net541,570.89µm
net1293,570.89µm
net1711,567.89µm
wrapper_inst.digital_domain_inst.spi_regs_inst.reg_wr_data\[7\],567.38µm
net2024,563.92µm
wrapper_inst.digital_domain_inst.raw_edge1_x\[9\],552.97µm
net2008,552.87µm
net431,546.71µm
_01359_,545.74µm
_00605_,545.08µm
_05791_,544.42µm
net760,542.89µm
wrapper_inst.digital_domain_inst.raw_edge3_y\[9\],539.09µm
net1187,535.56µm
net1159,532.1µm
_05977_,522.53µm
_04452_,514.13µm
net803,512.45µm
net2814,511.99µm
net452,511.33µm
_05314_,510.92µm
net524,507.08µm
net22,504.61µm
wrapper_inst.digital_domain_inst.raw_edge3_y\[19\],503.74µm
net1842,500.89µm
_05976_,494.48µm
net2225,494.07µm
_05953_,487.81µm
net372,482.92µm
net2208,481.75µm
net1388,478.85µm
wrapper_inst.digital_domain_inst.signal_processor_x_inst.votes_in_phase\[2\],470.5µm
_03570_,470.09µm
net808,467.09µm
net533,463.83µm
net2271,452.12µm
net1057,446.98µm
_03999_,445.3µm
_02271_,442.96µm
net484,439.75µm
clknet_4_2_0_clk,437.96µm
net2455,437.41µm
_05812_,436.9µm
net53,435.88µm
_02008_,434.05µm
net1835,431.3µm
net1315,430.84µm
_03591_,430.64µm
net1973,427.89µm
net1819,426.72µm
net2214,426.26µm
wrapper_inst.digital_domain_inst.raw_edge3_x\[19\],422.76µm
net745,421.98µm
_05786_,421.83µm
net2017,421.22µm
wrapper_inst.digital_domain_inst.raw_edge1_x\[17\],417.2µm
wrapper_inst.digital_domain_inst.wave_controller_x_inst.phase_acc\[17\],416.79µm
net1409,415.06µm
net82,414.55µm
net1821,409.92µm
_02422_,409.46µm
net2209,409.41µm
net2681,404.52µm
net2319,403.3µm
net1237,403.25µm
wrapper_inst.digital_domain_inst.raw_edge1_x\[12\],401.52µm
wrapper_inst.digital_domain_inst.signal_processor_x_inst.votes_in_phase\[1\],399.38µm
wrapper_inst.digital_domain_inst.phase_state_y\[0\],398.21µm
net2682,397.29µm
net85,397.19µm
net2407,396.58µm
net2292,396.07µm
wrapper_inst.digital_domain_inst.cfg_f_MEMS_fcw_x\[4\],393.37µm
net2197,390.42µm
net2291,386.5µm
clknet_4_3_0_clk,386.5µm
net2188,385.43µm
_02569_,383.7µm
net2322,382.63µm
net1713,381.97µm
_05474_,381.51µm
wrapper_inst.digital_domain_inst.cal_done_x,381.36µm
wrapper_inst.digital_domain_inst.cfg_f_MEMS_fcw_x\[3\],380.29µm
net2790,379.42µm
net2311,374.79µm
wrapper_inst.digital_domain_inst.raw_edge1_x\[10\],373.57µm
net2320,372.45µm
net1922,369.65µm
_00615_,367.97µm
net1810,367.2µm
net622,366.54µm
net1896,366.29µm
_05026_,365.73µm
wrapper_inst.digital_domain_inst.raw_edge2_x\[11\],364.76µm
net1743,363.44µm
net422,360.84µm
net54,360.13µm
net1259,360.08µm
_03490_,359.62µm
clknet_leaf_57_clk,358.85µm
_03441_,357.94µm
_05480_,357.84µm
wrapper_inst.digital_domain_inst.signal_processor_x_inst.votes_in_phase\[0\],356.82µm
net1970,355.14µm
_00608_,353.36µm
net1782,352.85µm
net1822,352.24µm
_05364_,351.17µm
clknet_4_8_0_clk,349.74µm
net1307,348.32µm
net1975,347.3µm
wrapper_inst.digital_domain_inst.cfg_phase0_offset_y\[13\],346.84µm
net1297,345.72µm
wrapper_inst.digital_domain_inst.jitter_flag_y,344.55µm
_00914_,343.28µm
net1749,341.75µm
net2321,341.6µm
wrapper_inst.digital_domain_inst.cfg_phase270_offset_y\[6\],340.58µm
net497,340.07µm
net1741,340.07µm
wrapper_inst.digital_domain_inst.spi_regs_inst.reg_wr_data\[5\],338.95µm
net823,338.24µm
wrapper_inst.digital_domain_inst.raw_edge3_x\[20\],337.93µm
wrapper_inst.digital_domain_inst.cfg_phase90_offset_x\[1\],337.88µm
net2812,335.49µm
wrapper_inst.digital_domain_inst.cfg_phase0_offset_x\[16\],335.08µm
_05505_,334.93µm
net851,334.47µm
_03579_,334.44µm
wrapper_inst.digital_domain_inst.raw_edge2_y\[3\],333.96µm
wrapper_inst.digital_domain_inst.cfg_phase270_offset_y\[16\],333.91µm
net1791,333.25µm
wrapper_inst.digital_domain_inst.cfg_phase270_offset_y\[5\],332.28µm
wrapper_inst.digital_domain_inst.cfg_phase0_offset_x\[15\],331.26µm
_02426_,331.21µm
net2078,331.06µm
net2326,330.65µm
net531,329.89µm
_03458_,329.33µm
net2324,328.92µm
net1614,328.87µm
_03549_,328.72µm
wrapper_inst.digital_domain_inst.cfg_phase270_offset_x\[3\],328.31µm
_03556_,327.24µm
net1281,325.46µm
net1045,324.95µm
wrapper_inst.digital_domain_inst.cfg_phase270_offset_x\[0\],324.11µm
_04124_,323.45µm
wrapper_inst.digital_domain_inst.cal_phase0_offset_x\[1\],322.3µm
wrapper_inst.digital_domain_inst.signal_processor_y_inst.votes_out_phase\[1\],322.25µm
clknet_4_9_0_clk,321.64µm
wrapper_inst.digital_domain_inst.cfg_phase0_offset_x\[20\],321.08µm
_05322_,320.37µm
net2328,320.32µm
net389,319.91µm
net1974,319.81µm
net1715,318.13µm
net1969,318.13µm
net1790,317.72µm
net1802,317.67µm
clknet_4_15_0_clk,317.67µm
net1867,317.62µm
net1815,316.45µm
net809,315.94µm
_03449_,315.38µm
wrapper_inst.digital_domain_inst.cfg_phase0_offset_x\[17\],314.82µm
net1165,314.21µm
clknet_4_12_0_clk,313.24µm
wrapper_inst.digital_domain_inst.raw_edge2_x\[12\],311.97µm
wrapper_inst.digital_domain_inst.cfg_phase270_offset_x\[7\],311.51µm
net1817,310.95µm
net1714,310.8µm
net187,310.29µm
net1012,309.88µm
net3,309.78µm
wrapper_inst.digital_domain_inst.cal_done_y,309.78µm
net1615,309.32µm
net1737,308.76µm
net204,308.61µm
net1545,307.59µm
net1783,307.54µm
clknet_leaf_50_clk,307.03µm
_03597_,306.32µm
_05503_,305.76µm
clknet_4_4_0_clk,304.84µm
_05420_,304.64µm
wrapper_inst.digital_domain_inst.cfg_phase0_offset_y\[1\],304.38µm
wrapper_inst.digital_domain_inst.cfg_phase270_offset_y\[18\],302.88µm
net621,302.55µm
net1425,302.09µm
wrapper_inst.digital_domain_inst.raw_edge3_y\[11\],301.84µm
net2196,300.87µm
_05351_,300.72µm
net1812,300.21µm
_03450_,299.7µm
net2323,298.68µm
clknet_4_13_0_clk,298.68µm
net1290,298.12µm
wrapper_inst.digital_domain_inst.latch_error_x,297.66µm
net637,297.56µm
net1740,297.46µm
_04414_,296.85µm
wrapper_inst.digital_domain_inst.signal_processor_y_inst.votes_in_phase\[2\],296.34µm
wrapper_inst.digital_domain_inst.cfg_phase270_offset_y\[8\],295.73µm
net1275,295.37µm
wrapper_inst.digital_domain_inst.raw_edge3_y\[20\],295.22µm
wrapper_inst.digital_domain_inst.cfg_phase0_offset_y\[10\],294.81µm
_00832_,294.71µm
net1205,294.71µm
_03459_,294.66µm
net1410,294.66µm
net1739,294.25µm
clknet_4_0_0_clk,294.15µm
wrapper_inst.digital_domain_inst.delay_wave_cycle_y\[0\],293.69µm
wrapper_inst.digital_domain_inst.delay_wave_cycle_y\[1\],293.54µm
clknet_4_14_0_clk,293.54µm
wrapper_inst.digital_domain_inst.delay_wave_cycle_x\[4\],293.08µm
net1750,293.08µm
net1792,291.86µm
_00602_,291.2µm
net2454,289.67µm
_04646_,289.01µm
net1804,289.01µm
wrapper_inst.digital_domain_inst.cfg_phase0_offset_y\[11\],288.55µm
_05658_,288.45µm
wrapper_inst.digital_domain_inst.signal_processor_x_inst.comp_sync,287.28µm
net2074,286.72µm
_00834_,286.31µm
net1768,286.31µm
net1291,286.26µm
wrapper_inst.digital_domain_inst.cfg_phase90_offset_y\[8\],285.8µm
net161,285.65µm
net634,285.24µm
net801,285.24µm
net1154,284.53µm
wrapper_inst.digital_domain_inst.signal_processor_x_inst.votes_out_phase\[2\],283.92µm
clknet_4_11_0_clk,283.51µm
wrapper_inst.digital_domain_inst.raw_edge3_y\[2\],282.44µm
net1738,282.39µm
net1820,282.34µm
wrapper_inst.digital_domain_inst.cfg_phase0_offset_y\[0\],281.17µm
wrapper_inst.digital_domain_inst.cfg_phase270_offset_y\[17\],281.17µm
net2162,280.76µm
net1169,280.71µm
_05419_,280.56µm
net829,280.15µm
net1619,280.15µm
wrapper_inst.digital_domain_inst.signal_processor_x_inst.votes_out_phase\[0\],280µm
wrapper_inst.digital_domain_inst.raw_edge1_y\[10\],279.83µm
net1865,278.98µm
net2126,278.52µm
net1274,277.96µm
_00621_,277.81µm
wrapper_inst.digital_domain_inst.cfg_phase90_offset_x\[4\],277.76µm
net1742,277.76µm
wrapper_inst.digital_domain_inst.cfg_phase90_offset_x\[8\],277.4µm
net2327,277.3µm
net2329,277.3µm
net402,277.25µm
net2034,277.25µm
wrapper_inst.digital_domain_inst.spi_regs_inst.reg_wr_data\[0\],277.2µm
wrapper_inst.digital_domain_inst.raw_edge1_x\[13\],276.23µm
net2459,276.13µm
net749,275.67µm
wrapper_inst.digital_domain_inst.cfg_phase0_offset_x\[19\],275.62µm
net2318,272.87µm
net2351,272.87µm
net879,272.21µm
_00802_,271.8µm
wrapper_inst.digital_domain_inst.cfg_phase90_offset_x\[15\],271.65µm
net2315,271.14µm
net1789,270.07µm
wrapper_inst.digital_domain_inst.signal_processor_y_inst.votes_in_phase\[1\],268.49µm
wrapper_inst.digital_domain_inst.cfg_phase90_offset_x\[18\],267.73µm
wrapper_inst.digital_domain_inst.raw_edge2_y\[11\],267.27µm
net1816,267.12µm
net711,266.76µm
wrapper_inst.digital_domain_inst.raw_edge3_y\[4\],266.71µm
net358,266.66µm
net1588,266.66µm
net2418,265.79µm
net1160,265.49µm
wrapper_inst.digital_domain_inst.cfg_phase90_offset_x\[16\],265.03µm
wrapper_inst.digital_domain_inst.raw_edge3_y\[6\],265.03µm
_03517_,264.93µm
net1167,263.96µm
wrapper_inst.digital_domain_inst.cfg_phase90_offset_x\[3\],263.91µm
wrapper_inst.digital_domain_inst.cfg_phase90_offset_y\[10\],263.91µm
_02066_,262.84µm
_03451_,262.69µm
_06023_,262.13µm
net1168,261.52µm
net2489,261.52µm
clknet_4_5_0_clk,261.16µm
wrapper_inst.digital_domain_inst.cfg_phase0_offset_x\[13\],261.11µm
net817,261.06µm
wrapper_inst.digital_domain_inst.raw_edge1_y\[0\],261.01µm
wrapper_inst.digital_domain_inst.raw_edge2_y\[20\],260.55µm
wrapper_inst.digital_domain_inst.signal_processor_y_inst.votes_out_phase\[2\],260.55µm
wrapper_inst.digital_domain_inst.cfg_phase0_offset_x\[12\],260.45µm
net989,260.4µm
wrapper_inst.digital_domain_inst.cfg_phase270_offset_y\[20\],259.89µm
wrapper_inst.digital_domain_inst.cfg_phase270_offset_y\[9\],259.33µm
net1834,259.33µm
_03574_,258.77µm
wrapper_inst.digital_domain_inst.cfg_phase0_offset_y\[6\],258.36µm
wrapper_inst.digital_domain_inst.cfg_phase270_offset_x\[10\],258.36µm
wrapper_inst.digital_domain_inst.cfg_phase90_offset_y\[12\],258.36µm
_05538_,257.65µm
_05726_,257.09µm
net1047,255.97µm
net1365,255.51µm
clknet_4_1_0_clk,255.51µm
wrapper_inst.digital_domain_inst.raw_edge2_y\[17\],255.46µm
net1166,255µm
net1972,254.39µm
wrapper_inst.digital_domain_inst.jitter_flag_x,254.24µm
net141,253.88µm
wrapper_inst.digital_domain_inst.latch_error_y,253.32µm
net675,253.22µm
net1549,253.12µm
wrapper_inst.digital_domain_inst.cfg_phase270_offset_x\[2\],252.71µm
_04215_,252.56µm
wrapper_inst.digital_domain_inst.cfg_phase90_offset_x\[6\],252.56µm
net2507,252.1µm
net2385,252.05µm
net2298,251.74µm
wrapper_inst.digital_domain_inst.cfg_phase90_offset_x\[0\],250.42µm
net1260,250.37µm
_02092_,249.96µm
_05773_,249.3µm
wrapper_inst.digital_domain_inst.cfg_phase90_offset_y\[18\],249.3µm
net586,248.79µm
_02086_,248.69µm
_05724_,247.57µm
_02757_,247.16µm
net1580,247.16µm
net1273,246.65µm
clknet_leaf_48_clk,246.04µm
wrapper_inst.digital_domain_inst.cfg_phase0_offset_y\[12\],245.99µm
wrapper_inst.digital_domain_inst.raw_edge2_y\[4\],245.99µm
net1803,245.99µm
net500,245.94µm
net1794,245.33µm
net624,244.87µm
_00774_,244.46µm
_05448_,244.26µm
_00797_,243.8µm
wrapper_inst.digital_domain_inst.cfg_f_MEMS_fcw_x\[9\],243.7µm
net766,243.14µm
_05709_,243.09µm
wrapper_inst.digital_domain_inst.cfg_phase90_offset_y\[5\],242.68µm
net1971,242.53µm
wrapper_inst.digital_domain_inst.cfg_phase90_offset_y\[1\],242.17µm
net498,240.29µm
net576,240.24µm
wrapper_inst.digital_domain_inst.cfg_phase0_offset_x\[3\],239.93µm
wrapper_inst.digital_domain_inst.cfg_phase90_offset_y\[4\],239.83µm
_05192_,239.78µm
net198,239.73µm
net464,239.32µm
net700,239.17µm
net2330,239.17µm
wrapper_inst.digital_domain_inst.raw_edge3_x\[3\],238.66µm
net572,238.61µm
net83,238µm
wrapper_inst.digital_domain_inst.raw_edge2_y\[0\],237.13µm
_00831_,236.98µm
net1989,236.98µm
net1788,236.87µm
clknet_leaf_8_clk,236.62µm
_00579_,236.57µm
wrapper_inst.digital_domain_inst.raw_edge1_y\[15\],236.52µm
net1044,236.47µm
net2495,235.35µm
wrapper_inst.digital_domain_inst.boot_complete,234.84µm
wrapper_inst.digital_domain_inst.signal_processor_y_inst.votes_out_phase\[3\],234.84µm
net1567,234.84µm
net2135,234.84µm
net1156,234.38µm
net106,233.52µm
net1552,233.11µm
wrapper_inst.digital_domain_inst.cfg_phase270_offset_x\[6\],232.6µm
wrapper_inst.digital_domain_inst.cfg_phase270_offset_x\[9\],232.5µm
net2186,232.45µm
wrapper_inst.digital_domain_inst.raw_edge1_y\[6\],231.63µm
_00764_,231.43µm
_03575_,231.33µm
_03539_,231.24µm
net1589,230.87µm
_05730_,230.77µm
net1085,230.77µm
net575,230.31µm
net1798,230.31µm
net1020,230.26µm
wrapper_inst.digital_domain_inst.wave_controller_y_inst.phase_acc\[8\],229.75µm
net820,229.75µm
net1776,229.75µm
clknet_4_10_0_clk,229.39µm
wrapper_inst.digital_domain_inst.cfg_phase90_offset_y\[15\],228.68µm
clknet_leaf_56_clk,228.68µm
net1130,228.58µm
wrapper_inst.digital_domain_inst.cfg_phase270_offset_y\[13\],228.02µm
net1553,227.97µm
wrapper_inst.digital_domain_inst.cfg_phase270_offset_x\[15\],227.84µm
net126,227.51µm
net623,227.46µm
net2325,226.9µm
_02142_,226.85µm
wrapper_inst.digital_domain_inst.raw_edge3_y\[17\],226.39µm
net964,226.29µm
net1405,225.78µm
net1878,225.78µm
_04648_,225.73µm
wrapper_inst.digital_domain_inst.signal_processor_y_inst.votes_in_phase\[0\],225.22µm
net1182,225.22µm
net1383,224.76µm
net1277,224.2µm
net810,224.15µm
net1284,224.1µm
net18,224µm
net535,224µm
net1302,224µm
wrapper_inst.digital_domain_inst.spi_regs_inst.mosi_sync\[1\],223.64µm
wrapper_inst.digital_domain_inst.raw_edge3_x\[7\],223.59µm
net1560,223.54µm
clknet_leaf_13_clk,223.54µm
net1322,223.08µm
net1561,222.98µm
net387,221.86µm
_00577_,221.45µm
wrapper_inst.digital_domain_inst.cfg_phase90_offset_y\[19\],221.2µm
clknet_leaf_42_clk,220.84µm
wrapper_inst.digital_domain_inst.phase_offset_imported,220.28µm
clknet_leaf_47_clk,220.28µm
wrapper_inst.digital_domain_inst.cfg_phase270_offset_y\[19\],220.23µm
wrapper_inst.digital_domain_inst.raw_edge3_y\[15\],220.18µm
net95,220.18µm
clknet_leaf_46_clk,220.18µm
net1116,219.52µm
net1895,219.06µm
net94,219.01µm
net636,218.96µm
net24,218.5µm
net1019,218.45µm
wrapper_inst.digital_domain_inst.raw_edge1_y\[17\],218.04µm
_00761_,217.99µm
net16,217.94µm
net2264,217.89µm
net1631,217.84µm
_00560_,216.97µm
net1038,216.92µm
wrapper_inst.digital_domain_inst.spi_regs_inst.rw_n,216.9µm
net802,216.87µm
net2185,216.82µm
clknet_leaf_22_clk,216.41µm
net129,215.19µm
net1748,215.14µm
net605,214.58µm
net744,214.58µm
net1595,214.58µm
net2249,214.58µm
net19,214.53µm
clknet_leaf_28_clk,214.12µm
net2215,214.07µm
net356,214.02µm
net2428,214.02µm
net961,213.41µm
net1537,212.85µm
net1272,212.49µm
net414,212.29µm
clknet_leaf_55_clk,212.03µm
wrapper_inst.digital_domain_inst.cfg_phase270_offset_y\[10\],211.96µm
_00767_,211.83µm
_05507_,211.78µm
wrapper_inst.digital_domain_inst.raw_edge3_x\[10\],211.78µm
net1624,211.78µm
wrapper_inst.digital_domain_inst.cfg_phase0_offset_x\[1\],211.73µm
_05504_,211.68µm
_05746_,211.68µm
net479,211.68µm
wrapper_inst.digital_domain_inst.raw_edge3_y\[14\],211.27µm
net1787,211.22µm
net1920,211.22µm
_04424_,210.61µm
_00692_,209.84µm
_04471_,209.74µm
net1555,209.59µm
wrapper_inst.digital_domain_inst.cfg_phase0_offset_y\[17\],209.49µm
net2050,209.13µm
clknet_leaf_18_clk,209.13µm
net2183,208.98µm
_03984_,208.93µm
net2228,208.93µm
net2014,208.52µm
net523,208.47µm
net1220,208.47µm
net1845,208.42µm
clknet_leaf_63_clk,208.06µm
_04432_,207.91µm
clknet_4_7_0_clk,207.91µm
wrapper_inst.digital_domain_inst.cfg_phase90_offset_y\[6\],207.25µm
net339,207.2µm
_06015_,206.64µm
clknet_leaf_5_clk,206.38µm
_03199_,206.28µm
net472,206.28µm
wrapper_inst.digital_domain_inst.raw_edge1_y\[20\],206.08µm
net1433,205.72µm
net1659,205.62µm
net2258,205.62µm
net2379,205.52µm
_00575_,205.16µm
net2019,205.11µm
net4,205.01µm
net1848,205.01µm
_00759_,204.65µm
_03532_,204.51µm
net960,204.5µm
_05891_,203.99µm
net628,203.99µm
net8,203.89µm
wrapper_inst.digital_domain_inst.cfg_phase270_offset_y\[12\],203.89µm
net1541,203.48µm
net1568,203.43µm
net1556,203.38µm
net660,203.33µm
net1138,203.33µm
net986,203.28µm
net1247,203.28µm
net2036,203.28µm
_05707_,202.92µm
_03594_,202.77µm
wrapper_inst.digital_domain_inst.raw_edge1_y\[3\],202.31µm
_04484_,202.26µm
_05483_,202.16µm
_05945_,202.16µm
wrapper_inst.digital_domain_inst.cfg_phase90_offset_y\[16\],201.85µm
wrapper_inst.digital_domain_inst.cfg_phase0_offset_x\[4\],201.8µm
_02998_,201.65µm
net1844,201.65µm
clknet_leaf_58_clk,201.57µm
_00680_,201.29µm
net203,201.14µm
net2063,201.14µm
net1041,200.58µm
net2316,200.53µm
net1916,200.48µm
_00698_,200.07µm
net665,200.02µm
net408,199.97µm
net516,199.97µm
net1559,199.56µm
net2059,199.51µm
_00916_,199.46µm
wrapper_inst.digital_domain_inst.spi_regs_inst.reg_wr_data\[1\],199.46µm
net2157,199.46µm
net2187,199.46µm
net2007,199.1µm
net1879,198.9µm
_03553_,198.85µm
net699,198.85µm
net2236,198.85µm
wrapper_inst.digital_domain_inst.cfg_phase90_offset_y\[17\],198.49µm
net1152,198.39µm
_03537_,198.34µm
wrapper_inst.digital_domain_inst.raw_edge3_x\[17\],198.34µm
net1010,198.34µm
net1607,198.34µm
net1309,198.29µm
clknet_leaf_53_clk,197.93µm
net152,197.73µm
net401,197.73µm
net2767,197.73µm
net894,197.68µm
net1847,197.22µm
net2719,197.22µm
wrapper_inst.digital_domain_inst.raw_edge2_y\[19\],197.17µm
net2559,197.17µm
_05800_,197.12µm
wrapper_inst.digital_domain_inst.raw_edge1_y\[4\],196.76µm
net807,196.66µm
net981,196.61µm
clknet_leaf_54_clk,196.4µm
net1155,196.25µm
net195,195.59µm
wrapper_inst.digital_domain_inst.cfg_phase0_offset_y\[15\],195.49µm
net1949,195.49µm
net1858,195.44µm
net1913,195.44µm
clknet_leaf_31_clk,195.08µm
clknet_4_6_0_clk,194.98µm
_00661_,194.93µm
_03531_,194.93µm
_05332_,194.93µm
_00696_,194.42µm
net2718,194.37µm
wrapper_inst.digital_domain_inst.raw_edge3_x\[11\],194.01µm
net587,193.96µm
_05692_,193.81µm
wrapper_inst.digital_domain_inst.raw_edge3_x\[15\],193.81µm
net1924,193.81µm
net124,193.76µm
wrapper_inst.digital_domain_inst.raw_edge3_x\[5\],193.4µm
net1204,193.4µm
net413,193.25µm
net272,193.2µm
net1551,193.2µm
clknet_leaf_36_clk,192.99µm
net769,192.84µm
net2006,192.74µm
net2744,192.74µm
net491,192.69µm
net1518,192.69µm
net1892,192.69µm
net2143,192.69µm
net1145,192.64µm
net2170,192.64µm
clknet_leaf_4_clk,192.33µm
_00829_,192.28µm
clknet_leaf_41_clk,192.28µm
wrapper_inst.digital_domain_inst.cal_dir_x,192.23µm
clknet_leaf_51_clk,192.23µm
net483,192.18µm
net1894,192.18µm
net1991,192.18µm
net2250,192.13µm
net2496,192.13µm
_03562_,191.82µm
_03453_,191.77µm
net632,191.72µm
net1752,191.72µm
net125,191.67µm
net1516,191.52µm
_03581_,191.29µm
net480,191.16µm
clknet_leaf_11_clk,191.16µm
_03578_,191.11µm
wrapper_inst.digital_domain_inst.cfg_f_MEMS_fcw_y\[8\],191.11µm
wrapper_inst.digital_domain_inst.cfg_phase0_offset_x\[8\],190.62µm
net2226,190.5µm
_00793_,190.45µm
net1882,190.45µm
net2447,190.45µm
net400,190.4µm
wrapper_inst.digital_domain_inst.cfg_phase90_offset_y\[11\],189.99µm
wrapper_inst.digital_domain_inst.raw_edge3_y\[16\],189.94µm
_00675_,189.53µm
wrapper_inst.digital_domain_inst.cfg_phase0_offset_x\[6\],189.43µm
wrapper_inst.digital_domain_inst.signal_processor_y_inst.votes_in_phase\[3\],189.43µm
net1257,189.38µm
net21,189.33µm
net1305,189.33µm
_05922_,189.28µm
net828,188.82µm
_02095_,188.77µm
_04474_,188.77µm
_05316_,188.77µm
_03550_,188.72µm
net84,188.72µm
net1692,187.8µm
net1809,187.7µm
net1833,187.7µm
_02269_,187.65µm
net1832,187.65µm
net1903,187.6µm
net2519,187.6µm
clknet_leaf_52_clk,187.34µm
net1592,187.19µm
net1808,187.09µm
_05991_,187.04µm
net1342,187.04µm
net2199,187.04µm
clknet_leaf_14_clk,186.68µm
net328,186.58µm
_02504_,186.53µm
net1777,186.53µm
net180,186.17µm
net471,186.07µm
wrapper_inst.digital_domain_inst.signal_processor_y_inst.votes_out_phase\[0\],186.02µm
wrapper_inst.digital_domain_inst.wave_controller_x_inst.phase_acc\[20\],186.02µm
net1087,185.97µm
net1467,185.97µm
net2333,185.97µm
_05813_,185.46µm
net1751,185.46µm
_01896_,185.36µm
_00765_,185.18µm
_00665_,184.9µm
net1643,184.85µm
net347,184.8µm
net1773,184.8µm
net2289,184.8µm
_00760_,184.54µm
net1394,184.44µm
net2746,184.39µm
_00806_,184.34µm
net343,184.34µm
net20,184.29µm
net923,184.29µm
net2227,183.83µm
net130,183.78µm
net2053,183.78µm
clknet_leaf_16_clk,183.78µm
_03154_,183.68µm
_05363_,183.68µm
_01362_,183.47µm
clknet_leaf_35_clk,183.37µm
net798,183.22µm
_05825_,183.17µm
net1566,183.17µm
net2508,183.17µm
net551,183.12µm
net1992,183.12µm
_00766_,182.76µm
net1009,182.71µm
net1855,182.56µm
_00796_,182.15µm
_01838_,182.15µm
net1186,182.05µm
_01110_,181.59µm
net38,181.03µm
net1761,181.03µm
net2337,181.03µm
net2434,180.93µm
_05362_,180.88µm
net485,180.88µm
wrapper_inst.digital_domain_inst.wave_controller_x_inst.phase_acc\[3\],180.77µm
_04458_,180.47µm
net568,180.42µm
net1157,180.42µm
net2231,180.37µm
net2266,180.37µm
net1870,180.32µm
clknet_leaf_23_clk,180.06µm
net1150,179.91µm
net1199,179.81µm
net1460,179.81µm
net2274,179.81µm
net1824,179.76µm
net103,179.3µm
net174,179.2µm
net1403,179.2µm
net1881,179.2µm
net1914,179.2µm
clknet_leaf_2_clk,178.99µm
wrapper_inst.digital_domain_inst.raw_edge3_x\[13\],178.89µm
_03536_,178.79µm
net663,178.69µm
net2012,178.64µm
_00583_,178.33µm
wrapper_inst.digital_domain_inst.cal_phase0_offset_y\[0\],178.33µm
_03516_,178.23µm
net1601,178.23µm
net1825,178.18µm
net2108,178.18µm
net2168,178.18µm
_04103_,178.13µm
net1068,178.13µm
net1849,178.13µm
net2062,178.08µm
net1148,177.77µm
wrapper_inst.digital_domain_inst.cfg_phase0_offset_y\[9\],177.72µm
net1464,177.62µm
net959,177.57µm
net1170,177.57µm
net434,177.52µm
net1486,177.52µm
clknet_leaf_33_clk,177.41µm
wrapper_inst.digital_domain_inst.raw_edge2_x\[15\],177.11µm
wrapper_inst.digital_domain_inst.spi_regs_inst.state_o\[1\],177.06µm
net2244,177.06µm
wrapper_inst.digital_domain_inst.phase_state_y\[1\],177.01µm
net2242,176.96µm
clknet_leaf_20_clk,176.7µm
_01688_,176.6µm
net1163,176.6µm
net1733,176.55µm
_00639_,176.5µm
net475,176.5µm
net546,176.5µm
net1899,176.5µm
net1340,176.45µm
net2389,176.45µm
net1117,176.4µm
net512,176.04µm
wrapper_inst.digital_domain_inst.cfg_phase90_offset_x\[9\],175.99µm
net609,175.99µm
_04483_,175.94µm
net144,175.94µm
net892,175.89µm
net1088,175.89µm
net2190,175.89µm
net2520,175.89µm
net2628,175.89µm
net2510,175.53µm
net558,175.43µm
net1206,175.38µm
net2436,175.38µm
_04423_,175.33µm
net1121,175.33µm
wrapper_inst.digital_domain_inst.raw_edge3_x\[12\],175.12µm
net2412,175.02µm
net2045,174.72µm
net2259,174.72µm
wrapper_inst.digital_domain_inst.raw_edge1_y\[18\],174.26µm
net2058,174.26µm
net2239,174.26µm
_00668_,174.21µm
wrapper_inst.digital_domain_inst.raw_edge2_y\[13\],174.21µm
net1915,174.21µm
net853,174.16µm
_05878_,173.65µm
net974,173.65µm
net985,173.65µm
_05025_,173.21µm
net2253,173.14µm
_05335_,173.04µm
net179,173.04µm
_00660_,172.63µm
net1158,172.58µm
net1256,172.58µm
net2201,172.58µm
net2369,172.53µm
_05954_,172.07µm
net1245,172.02µm
_00919_,171.97µm
_05023_,171.97µm
_05450_,171.97µm
net1288,171.97µm
net205,171.66µm
net1115,171.41µm
net1632,171.41µm
wrapper_inst.digital_domain_inst.raw_edge2_y\[12\],170.8µm
net1129,170.8µm
net1883,170.8µm
net1910,170.8µm
clknet_leaf_3_clk,170.54µm
net815,170.44µm
net1312,170.44µm
net1952,170.39µm
_05367_,170.29µm
net687,170.29µm
net2286,170.29µm
_04420_,170.24µm
net1581,169.93µm
_04207_,169.83µm
net429,169.78µm
net910,169.78µm
net455,169.73µm
net2583,169.73µm
net724,169.68µm
net1466,169.68µm
clknet_leaf_61_clk,169.37µm
clknet_leaf_17_clk,169.27µm
_05711_,169.22µm
net604,169.22µm
net1404,169.22µm
clknet_leaf_40_clk,169.22µm
_00763_,169.17µm
net1856,169.17µm
net2260,169.17µm
wrapper_inst.digital_domain_inst.cfg_f_MEMS_fcw_y\[3\],169.12µm
clknet_leaf_30_clk,168.86µm
_02078_,168.66µm
wrapper_inst.digital_domain_inst.cfg_phase0_offset_x\[7\],168.66µm
net206,168.66µm
net2238,168.66µm
wrapper_inst.digital_domain_inst.cfg_phase90_offset_y\[20\],168.61µm
net2433,168.61µm
_02684_,168.56µm
net399,168.56µm
net1621,168.56µm
net1859,168.56µm
net1006,168.3µm
net2106,168.25µm
net759,168.1µm
net1289,168.1µm
net2388,168.1µm
_04482_,168.05µm
wrapper_inst.digital_domain_inst.spi_regs_inst.spi_addr\[4\],167.64µm
net980,167.59µm
_00700_,167.54µm
_04149_,167.54µm
_04476_,167.54µm
net2272,167.54µm
_05684_,167.49µm
_04218_,167.44µm
net1086,167.44µm
_00754_,167.03µm
_03898_,167.03µm
wrapper_inst.digital_domain_inst.cal_phase0_offset_x\[0\],166.98µm
net2252,166.67µm
wrapper_inst.digital_domain_inst.spi_regs_inst.spi_addr\[0\],166.57µm
clknet_leaf_26_clk,166.47µm
_00606_,166.42µm
net77,166.42µm
wrapper_inst.digital_domain_inst.cfg_f_MEMS_fcw_x\[6\],166.37µm
net1572,166.37µm
net843,166.32µm
clknet_leaf_44_clk,166.01µm
net2290,165.91µm
wrapper_inst.digital_domain_inst.spi_regs_inst.spi_addr\[3\],165.86µm
net858,165.86µm
net1287,165.86µm
net1310,165.86µm
wrapper_inst.digital_domain_inst.wave_controller_x_inst.phase_acc\[9\],165.76µm
net2276,165.76µm
clknet_leaf_62_clk,165.6µm
clknet_leaf_6_clk,165.55µm
_01363_,165.45µm
clknet_leaf_12_clk,165.4µm
wrapper_inst.digital_domain_inst.cfg_phase270_offset_x\[17\],165.35µm
wrapper_inst.digital_domain_inst.spi_regs_inst.reg_wr_addr\[1\],165.3µm
net2118,165.3µm
net1955,165.2µm
net2504,165.2µm
_00769_,164.89µm
wrapper_inst.digital_domain_inst.cfg_phase270_offset_y\[15\],164.84µm
net600,164.79µm
net734,164.74µm
net786,164.74µm
net1397,164.69µm
_03554_,164.64µm
_05828_,164.64µm
_00733_,164.33µm
net606,164.28µm
wrapper_inst.digital_domain_inst.cfg_phase90_offset_y\[3\],164.23µm
net1270,164.23µm
_03485_,164.18µm
_03569_,164.18µm
net737,164.18µm
net976,164.18µm
net2221,164.13µm
net1395,163.72µm
net1391,163.67µm
_05866_,163.52µm
net1623,163.26µm
net560,163.21µm
_02520_,163.11µm
_01416_,163.06µm
net1893,163.01µm
net830,162.96µm
_00593_,162.6µm
net790,162.55µm
net1306,162.5µm
net1766,162.5µm
wrapper_inst.digital_domain_inst.cfg_phase270_offset_y\[4\],162.45µm
net683,162.45µm
_00566_,162.4µm
net1069,162.4µm
wrapper_inst.digital_domain_inst.cal_phase0_offset_y\[1\],161.99µm
_03918_,161.94µm
_06019_,161.94µm
wrapper_inst.digital_domain_inst.cfg_phase0_offset_y\[19\],161.94µm
wrapper_inst.digital_domain_inst.raw_edge2_x\[16\],161.94µm
wrapper_inst.digital_domain_inst.spi_regs_inst.sclk_sync\[1\],161.89µm
_00679_,161.58µm
_00771_,161.43µm
net659,161.38µm
net672,161.38µm
net1706,161.38µm
_04139_,161.33µm
net709,161.33µm
net2514,161.33µm
net23,161.28µm
wrapper_inst.digital_domain_inst.wave_controller_y_inst.wave_cycle_cnt\[7\],161.07µm
net884,160.97µm
_00862_,160.87µm
wrapper_inst.digital_domain_inst.cfg_phase90_offset_x\[14\],160.87µm
net1255,160.82µm
_00694_,160.36µm
_03448_,160.31µm
net140,160.31µm
net1016,160.26µm
net1362,160.26µm
wrapper_inst.digital_domain_inst.spi_regs_inst.spi_addr\[5\],160.21µm
net1408,160.21µm
net2013,160.21µm
net2742,160.21µm
clknet_leaf_38_clk,160.21µm
net2353,160.16µm
net1334,159.75µm
_00804_,159.65µm
clknet_leaf_45_clk,159.24µm
_01874_,159.19µm
wrapper_inst.digital_domain_inst.raw_edge3_y\[13\],159.14µm
net2594,159.14µm
_01111_,159.09µm
net7,159.09µm
net1814,159.09µm
_04479_,159.04µm
_05901_,159.04µm
_05999_,159.04µm
net688,158.96µm
clknet_leaf_1_clk,158.68µm
net1131,158.58µm
net1222,158.58µm
net2654,158.58µm
_01918_,158.48µm
clknet_leaf_10_clk,158.32µm
clknet_leaf_24_clk,158.17µm
_04140_,158.12µm
wrapper_inst.digital_domain_inst.wave_controller_x_inst.wave_cycle_cnt\[7\],158.12µm
net1346,158.07µm
net2141,158.07µm
net2384,158.02µm
net2094,157.97µm
net2465,157.97µm
_03895_,157.92µm
_05694_,157.92µm
net1871,157.92µm
clknet_leaf_60_clk,157.92µm
wrapper_inst.digital_domain_inst.raw_edge3_x\[2\],157.56µm
net627,157.56µm
net615,157.51µm
net2364,157.51µm
wrapper_inst.digital_domain_inst.spi_regs_inst.reg_wr_data\[6\],157.46µm
net1015,157.46µm
net1422,157.46µm
net2100,157.46µm
wrapper_inst.digital_domain_inst.raw_edge2_y\[16\],157.41µm
net145,157.41µm
net2397,157.41µm
_00048_,157.36µm
clknet_leaf_59_clk,157.1µm
net676,156.9µm
net832,156.85µm
net1576,156.49µm
wrapper_inst.digital_domain_inst.cfg_phase0_offset_x\[10\],156.39µm
net1941,156.39µm
net2213,156.34µm
_00830_,156.29µm
net2217,156.29µm
net864,156.24µm
net908,156.24µm
_03580_,155.83µm
wrapper_inst.digital_domain_inst.cfg_phase270_offset_x\[20\],155.78µm
net626,155.78µm
net1668,155.78µm
_03484_,155.73µm
net966,155.68µm
net2164,155.68µm
_00662_,155.37µm
net1874,155.22µm
net963,155.17µm
net1283,155.17µm
net2655,155.12µm
net1629,154.76µm
clknet_leaf_25_clk,154.71µm
net763,154.66µm
net539,154.61µm
_00731_,154.35µm
wrapper_inst.digital_domain_inst.wave_controller_y_inst.phase_acc\[16\],154.15µm
net625,154.15µm
clknet_leaf_7_clk,154.15µm
net2446,154.1µm
net2518,154µm
net1384,153.8µm
wrapper_inst.digital_domain_inst.wave_controller_x_inst.wave_cycle_cnt\[0\],153.74µm
net1136,153.59µm
net1027,153.54µm
net1296,153.49µm
net2531,153.49µm
net49,153.44µm
net861,153.44µm
net1947,153.44µm
net614,153.36µm
_01588_,153.21µm
_00029_,153.03µm
_04444_,153.03µm
net2395,153.03µm
net78,152.98µm
net1359,152.93µm
_04647_,152.47µm
net108,152.47µm
net119,152.47µm
net75,152.42µm
net1031,152.42µm
_03546_,152.37µm
net893,152.37µm
net1301,152.37µm
net1854,152.37µm
net2582,152.37µm
_01181_,152.01µm
net1072,151.86µm
net1419,151.86µm
net2243,151.86µm
net2505,151.86µm
net868,151.81µm
_01372_,151.35µm
net2155,151.35µm
net2212,151.3µm
wrapper_inst.digital_domain_inst.cfg_phase0_offset_x\[5\],151.25µm
net550,151.25µm
net2086,151.25µm
net2181,151.2µm
wrapper_inst.digital_domain_inst.cfg_phase90_offset_y\[13\],150.84µm
net1193,150.84µm
net836,150.79µm
_03506_,150.69µm
_01364_,150.28µm
net971,150.23µm
net2486,150.23µm
_03551_,150.13µm
_04860_,150.13µm
wrapper_inst.digital_domain_inst.cfg_phase0_offset_y\[16\],150.13µm
net196,149.72µm
net1198,149.72µm
net1120,149.62µm
_04415_,149.57µm
_05839_,149.52µm
net48,149.26µm
net385,149.11µm
net565,149.11µm
net1866,149.11µm
wrapper_inst.digital_domain_inst.cfg_phase90_offset_x\[10\],149.06µm
net1378,149.06µm
net1649,149.06µm
_05921_,149.01µm
net1218,148.96µm
_01651_,148.8µm
net727,148.61µm
net2128,148.5µm
net2478,148.5µm
_00795_,148.45µm
net2,148.45µm
net2343,147.99µm
_00718_,147.94µm
net41,147.94µm
net631,147.94µm
net2516,147.94µm
_05453_,147.89µm
wrapper_inst.digital_domain_inst.wave_controller_y_inst.phase_acc\[19\],147.89µm
net80,147.89µm
net988,147.89µm
_04463_,147.84µm
_00723_,147.48µm
_00872_,147.43µm
net589,147.38µm
wrapper_inst.digital_domain_inst.cfg_phase270_offset_y\[1\],147.33µm
net789,147.33µm
net2502,147.33µm
net2509,147.28µm
clknet_leaf_29_clk,146.92µm
net931,146.87µm
net1176,146.87µm
net69,146.82µm
_04050_,146.77µm
net412,146.77µm
net564,146.77µm
net2285,146.77µm
_06028_,146.72µm
net1327,146.72µm
net1731,146.49µm
_03535_,146.36µm
net2810,146.36µm
_01572_,146.26µm
_03445_,146.26µm
net74,146.26µm
net656,146.21µm
net969,146.21µm
net405,146.16µm
net2122,145.7µm
net2189,145.7µm
net2261,145.7µm
net743,145.65µm
net2090,145.65µm
net638,145.6µm
net553,145.3µm
_00702_,145.19µm
_01898_,145.19µm
_00691_,145.14µm
net924,145.09µm
net2471,145.09µm
net2280,145.04µm
wrapper_inst.digital_domain_inst.raw_edge1_y\[19\],144.68µm
wrapper_inst.digital_domain_inst.raw_edge3_x\[14\],144.68µm
net2207,144.63µm
net391,144.53µm
net1080,144.53µm
net1402,144.53µm
net2030,144.53µm
_00703_,144.48µm
net863,144.48µm
clknet_leaf_27_clk,144.22µm
clknet_leaf_21_clk,144.17µm
_00730_,144.12µm
net406,144.02µm
net1880,144.02µm
net2099,144.02µm
wrapper_inst.digital_domain_inst.cfg_phase90_offset_x\[19\],143.97µm
net592,143.97µm
net2430,143.97µm
net2219,143.92µm
clknet_leaf_39_clk,143.66µm
net2604,143.56µm
net693,143.51µm
net903,143.46µm
net2450,143.46µm
net115,143.41µm
net595,143.41µm
net1221,143.41µm
net2097,143.41µm
net1891,143.36µm
net2396,143.11µm
net933,142.95µm
_05357_,142.9µm
_01182_,142.85µm
_02766_,142.85µm
_05494_,142.85µm
net473,142.85µm
net1927,142.85µm
net2165,142.85µm
net392,142.8µm
net1646,142.8µm
net1864,142.8µm
wrapper_inst.digital_domain_inst.cfg_phase90_offset_y\[2\],142.34µm
net394,142.34µm
wrapper_inst.digital_domain_inst.cfg_f_MEMS_fcw_y\[0\],142.29µm
net1055,142.29µm
_01569_,142.24µm
net2224,142.24µm
net513,142.21µm
_02094_,141.83µm
wrapper_inst.digital_domain_inst.raw_edge2_y\[2\],141.78µm
net2700,141.78µm
net552,141.73µm
net1075,141.73µm
net1295,141.73µm
net2256,141.73µm
net2262,141.68µm
wrapper_inst.digital_domain_inst.cfg_phase270_offset_x\[16\],141.27µm
net1984,141.27µm
net2175,141.22µm
_04455_,141.17µm
_05365_,141.17µm
wrapper_inst.digital_domain_inst.cfg_phase90_offset_y\[0\],141.17µm
net395,141.17µm
net2076,141.17µm
net2268,140.71µm
_00569_,140.66µm
net52,140.66µm
net721,140.66µm
net1271,140.66µm
net1282,140.66µm
net2435,140.66µm
_00683_,140.56µm
_05501_,140.56µm
net580,140.56µm
net653,140.15µm
_00563_,140.1µm
_05473_,140.1µm
net678,140.1µm
_00609_,140.05µm
net388,140.05µm
net839,140.05µm
net890,140.05µm
net2690,140.05µm
net1507,139.64µm
net45,139.59µm
wrapper_inst.digital_domain_inst.raw_edge2_x\[17\],139.54µm
_05860_,139.44µm
net2240,139.44µm
net2411,139.44µm
net826,139.31µm
clknet_leaf_43_clk,139.18µm
net2408,139.13µm
net697,139.03µm
net1333,138.98µm
net1889,138.98µm
net2386,138.98µm
wrapper_inst.digital_domain_inst.cfg_phase0_offset_y\[20\],138.93µm
net1682,138.93µm
net2467,138.93µm
_00672_,138.88µm
_04213_,138.88µm
net1898,138.88µm
net1441,138.57µm
net1547,138.42µm
net1890,138.42µm
net2220,138.42µm
_02401_,138.37µm
net1698,138.37µm
net2194,138.37µm
net2448,138.37µm
net1540,138.11µm
wrapper_inst.digital_domain_inst.raw_edge1_y\[14\],138.06µm
_01529_,137.96µm
net490,137.96µm
net664,137.91µm
net1364,137.91µm
wrapper_inst.digital_domain_inst.cfg_f_MEMS_fcw_x\[14\],137.86µm
_05721_,137.81µm
_05996_,137.81µm
net821,137.81µm
net1465,137.81µm
net2184,137.81µm
net2203,137.81µm
net46,137.76µm
net1235,137.35µm
net2627,137.25µm
net1902,137.06µm
_04390_,136.97µm
net1644,136.89µm
net2807,136.84µm
net2281,136.79µm
_01052_,136.74µm
net1694,136.74µm
clknet_leaf_37_clk,136.74µm
net1702,136.69µm
net578,136.64µm
net1757,136.64µm
net633,136.23µm
wrapper_inst.digital_domain_inst.spi_regs_inst.rx_shift\[0\],136.18µm
net1456,136.18µm
net2473,136.18µm
wrapper_inst.digital_domain_inst.spi_regs_inst.rx_shift\[2\],136.13µm
net1530,136.13µm
net2477,136.13µm
_05958_,136.08µm
net1392,135.72µm
wrapper_inst.digital_domain_inst.cfg_phase270_offset_y\[2\],135.67µm
net122,135.67µm
net1248,135.67µm
_02417_,135.62µm
net1127,135.62µm
net1857,135.62µm
net183,135.57µm
net332,135.57µm
net1487,135.57µm
net2150,135.57µm
net1386,135.52µm
net1461,135.52µm
net870,135.26µm
net1609,135.21µm
net1901,135.06µm
_01065_,135.01µm
net1398,135.01µm
net2144,135.01µm
net2383,135.01µm
net1672,134.96µm
net1653,134.55µm
_00840_,134.5µm
net1853,134.5µm
net496,134.45µm
net2273,134.4µm
net1232,134.27µm
_04451_,133.94µm
net1687,133.94µm
net2709,133.94µm
_02356_,133.89µm
_04406_,133.89µm
net98,133.89µm
net189,133.89µm
net919,133.89µm
net794,133.84µm
net2464,133.43µm
clknet_leaf_9_clk,133.43µm
_02141_,133.38µm
_05458_,133.38µm
net505,133.33µm
net2338,133.33µm
net2444,133.33µm
net1179,132.87µm
net2494,132.87µm
net2461,132.82µm
_03368_,132.77µm
net2425,132.77µm
net70,132.36µm
_02341_,132.31µm
net1435,132.31µm
_03057_,132.26µm
net2077,132.26µm
_03533_,132.21µm
net834,132.21µm
net857,132.21µm
net2284,132.21µm
_03552_,132.16µm
net1605,132.16µm
net2192,132.16µm
net2483,132.16µm
net1442,131.8µm
net2404,131.8µm
wrapper_inst.digital_domain_inst.cfg_f_MEMS_fcw_y\[12\],131.7µm
net403,131.65µm
net733,131.65µm
net2267,131.65µm
net2611,131.6µm
_01365_,131.29µm
_01667_,131.24µm
_01360_,131.14µm
net862,131.09µm
net2133,131.09µm
net2193,131.04µm
net1430,130.79µm
_01414_,130.73µm
_04150_,130.63µm
_06018_,130.63µm
net2148,130.63µm
_03555_,130.58µm
_01370_,130.53µm
net899,130.53µm
net1930,130.53µm
net2048,130.53µm
net2339,130.53µm
net889,130.22µm
_00873_,130.17µm
_01217_,130.07µm
wrapper_inst.digital_domain_inst.cfg_phase0_offset_y\[18\],130.07µm
net2270,130.07µm
_00768_,130.02µm
net686,130.02µm
_05077_,129.97µm
_05366_,129.97µm
_05850_,129.97µm
net44,129.97µm
net192,129.97µm
net1100,129.97µm
net1862,129.97µm
net2052,129.97µm
net2548,129.97µm
net1736,129.79µm
net2283,129.56µm
net1229,129.51µm
net139,129.46µm
net2110,129.46µm
_00669_,129.41µm
_00798_,129.41µm
_01737_,129.41µm
net694,129.41µm
net1473,129.41µm
net186,129.36µm
_03679_,129µm
net242,129µm
_04401_,128.9µm
wrapper_inst.digital_domain_inst.wave_controller_x_inst.wave_cycle_cnt\[1\],128.9µm
net2406,128.9µm
net346,128.85µm
net1463,128.85µm
net373,128.63µm
net2348,128.54µm
net1437,128.44µm
net2593,128.44µm
wrapper_inst.digital_domain_inst.raw_edge1_y\[9\],128.39µm
net597,128.34µm
net1399,128.29µm
net1732,128.29µm
_04538_,127.83µm
_05039_,127.83µm
_00773_,127.78µm
_03482_,127.78µm
net375,127.78µm
_02753_,127.73µm
wrapper_inst.digital_domain_inst.wave_controller_x_inst.phase_acc\[11\],127.73µm
net573,127.73µm
net1641,127.73µm
_00663_,127.47µm
wrapper_inst.digital_domain_inst.raw_edge1_y\[5\],127.42µm
wrapper_inst.digital_domain_inst.cfg_phase90_offset_x\[5\],127.27µm
net1647,127.27µm
net2044,127.27µm
net856,127.22µm
net977,127.22µm
net2230,127.17µm
net596,127.12µm
net838,126.76µm
net1457,126.76µm
net1444,126.71µm
_00010_,126.66µm
net1231,126.66µm
_05937_,126.61µm
net1211,126.61µm
_05354_,126.56µm
net1919,126.56µm
net2269,126.56µm
net143,126.2µm
net411,126.1µm
net732,126.1µm
net748,126.1µm
net2134,126.1µm
net2218,126.1µm
net2578,126.1µm
net330,126.05µm
net1014,126.05µm
net2365,126.05µm
_05998_,126µm
net635,126µm
net1470,126µm
net1801,126µm
net2561,126µm
_04151_,125.49µm
_05917_,125.49µm
net404,125.49µm
net591,125.49µm
net1034,125.49µm
_03383_,125.18µm
wrapper_inst.digital_domain_inst.raw_edge2_x\[6\],125.13µm
net1696,125.03µm
wrapper_inst.digital_domain_inst.wave_controller_y_inst.phase_acc\[5\],124.98µm
net859,124.98µm
net2350,124.98µm
net2560,124.98µm
_03548_,124.93µm
net138,124.88µm
net1723,124.88µm
net326,124.65µm
net117,124.47µm
_00677_,124.42µm
net352,124.42µm
net476,124.42µm
net975,124.42µm
net1264,124.42µm
net439,124.4µm
net107,124.37µm
net756,124.37µm
net1254,124.37µm
net1321,124.37µm
net750,124.32µm
net2139,124.32µm
wrapper_inst.digital_domain_inst.raw_edge1_x\[19\],123.96µm
net772,123.91µm
net1253,123.91µm
wrapper_inst.digital_domain_inst.cfg_phase270_offset_x\[14\],123.86µm
clknet_leaf_32_clk,123.86µm
_03056_,123.81µm
_04456_,123.81µm
wrapper_inst.digital_domain_inst.raw_edge2_y\[10\],123.81µm
net435,123.81µm
net529,123.81µm
net2400,123.81µm
net738,123.76µm
net2073,123.76µm
net153,123.4µm
net563,123.35µm
_04128_,123.3µm
net514,123.3µm
net520,123.3µm
_02093_,123.25µm
_03179_,123.25µm
net800,123.25µm
_05490_,123.2µm
wrapper_inst.digital_domain_inst.raw_edge2_x\[5\],123.2µm
net1533,123.2µm
net2115,122.84µm
net2085,122.79µm
net2093,122.79µm
wrapper_inst.digital_domain_inst.spi_regs_inst.state_o\[2\],122.74µm
net1124,122.74µm
_05967_,122.69µm
net499,122.69µm
net1436,122.64µm
net2180,122.64µm
net2378,122.64µm
_01652_,122.28µm
wrapper_inst.digital_domain_inst.raw_edge1_y\[8\],122.28µm
_00728_,122.23µm
_00748_,122.23µm
net579,122.23µm
net730,122.23µm
net1226,122.23µm
_03957_,122.18µm
net1303,122.18µm
net1699,122.18µm
net619,122.13µm
net1250,122.13µm
net1324,122.13µm
net1026,122.08µm
net2457,122.08µm
net263,121.67µm
net376,121.62µm
net2469,121.62µm
_00607_,121.57µm
_05369_,121.57µm
net1073,121.57µm
net1531,121.57µm
net1286,121.16µm
_00880_,121.11µm
net428,121.11µm
wrapper_inst.digital_domain_inst.wave_controller_x_inst.capture_pending,121.06µm
_01574_,121.01µm
net73,121.01µm
net740,121.01µm
_02348_,120.96µm
_03972_,120.96µm
net2440,120.96µm
net2525,120.96µm
net562,120.55µm
net1298,120.55µm
net1725,120.55µm
_03502_,120.5µm
net1029,120.5µm
net2675,120.5µm
net194,120.45µm
net501,120.45µm
net2646,120.45µm
net323,120.4µm
net2202,120.4µm
net651,120.17µm
_01358_,120.14µm
net671,120.09µm
clknet_leaf_34_clk,120.09µm
wrapper_inst.digital_domain_inst.cfg_phase270_offset_x\[18\],119.94µm
net250,119.94µm
net1046,119.94µm
net2357,119.94µm
net454,119.89µm
net2512,119.89µm
_05959_,119.84µm
net2288,119.84µm
wrapper_inst.digital_domain_inst.cfg_phase90_offset_x\[2\],119.53µm
net1884,119.53µm
_02624_,119.43µm
net492,119.43µm
net169,119.38µm
net371,119.38µm
net2352,119.38µm
net148,119.33µm
net643,119.33µm
net2401,119.33µm
_05951_,119.28µm
net334,119.28µm
net1074,119.28µm
net1420,119.28µm
net2070,118.97µm
_01570_,118.92µm
_03959_,118.87µm
net243,118.87µm
net1181,118.87µm
net1688,118.87µm
_00736_,118.82µm
_04407_,118.82µm
wrapper_inst.digital_domain_inst.raw_edge2_x\[20\],118.82µm
net1353,118.82µm
_01220_,118.77µm
_03561_,118.77µm
net2649,118.77µm
_00664_,118.72µm
net536,118.72µm
net2023,118.72µm
_04440_,118.54µm
net56,118.31µm
net617,118.31µm
net1558,118.31µm
_03563_,118.26µm
net370,118.26µm
net833,118.26µm
wrapper_inst.digital_domain_inst.cfg_phase270_offset_y\[0\],118.21µm
net708,118.21µm
net2275,118.21µm
net1550,118.16µm
net2247,118.16µm
net2254,118.16µm
wrapper_inst.digital_domain_inst.cfg_phase270_offset_y\[7\],118.1µm
net669,117.85µm
net547,117.8µm
net882,117.8µm
net1539,117.8µm
_05681_,117.7µm
net854,117.7µm
net1361,117.7µm
net2487,117.7µm
wrapper_inst.digital_domain_inst.wave_controller_y_inst.comp_sync2,117.65µm
_01956_,117.6µm
net1137,117.6µm
wrapper_inst.digital_domain_inst.wave_controller_x_inst.wave_cycle_cnt\[6\],117.19µm
_00772_,117.14µm
_01415_,117.14µm
net819,117.14µm
_00918_,117.09µm
_05983_,117.09µm
_01684_,116.81µm
_00572_,116.63µm
_04454_,116.58µm
net10,116.58µm
net775,116.58µm
net1407,116.58µm
net1909,116.58µm
net2368,116.58µm
net2421,116.58µm
_04829_,116.53µm
net1114,116.53µm
net1352,116.53µm
net2005,116.53µm
wrapper_inst.digital_domain_inst.wave_controller_x_inst.phase_acc\[10\],116.07µm
wrapper_inst.digital_domain_inst.wave_controller_y_inst.phase_acc\[15\],116.02µm
net1177,116.02µm
net1372,116.02µm
_05452_,115.97µm
net2131,115.97µm
net436,115.92µm
net191,115.61µm
_01166_,115.56µm
net1575,115.51µm
_03442_,115.46µm
net1996,115.46µm
wrapper_inst.digital_domain_inst.wave_controller_x_inst.phase_acc\[19\],115.41µm
wrapper_inst.digital_domain_inst.wave_controller_x_inst.phase_acc\[4\],115.41µm
net569,115.41µm
net742,115.41µm
net1371,115.41µm
net1603,115.41µm
net2257,115.41µm
net2310,115.41µm
_05729_,115.36µm
_05816_,115.36µm
_05932_,115.36µm
net1662,115.36µm
_00637_,115.05µm
net1850,114.95µm
clknet_leaf_49_clk,114.95µm
_01289_,114.9µm
net474,114.9µm
net1888,114.9µm
net2079,114.9µm
clknet_leaf_64_clk,114.9µm
net507,114.85µm
net2191,114.85µm
_03652_,114.49µm
_00629_,114.39µm
net142,114.39µm
net891,114.34µm
net1380,114.34µm
net2235,114.34µm
_03572_,114.29µm
_04433_,114.29µm
net1243,114.29µm
net1622,114.29µm
_06014_,114.24µm
net610,114.24µm
net728,114.24µm
_01149_,113.88µm
net1048,113.88µm
_01640_,113.83µm
net1427,113.83µm
_01016_,113.78µm
net65,113.78µm
net1459,113.78µm
net1645,113.78µm
_05911_,113.73µm
net487,113.68µm
net1357,113.68µm
net2642,113.32µm
_00725_,113.27µm
_02722_,113.27µm
_03385_,113.22µm
net2173,113.22µm
net2470,113.22µm
_04212_,113.12µm
_04430_,113.12µm
net771,113.12µm
net1654,113.12µm
_04473_,112.76µm
wrapper_inst.digital_domain_inst.raw_edge1_y\[13\],112.71µm
wrapper_inst.digital_domain_inst.spi_regs_inst.rx_shift\[1\],112.71µm
net147,112.71µm
net1292,112.71µm
wrapper_inst.digital_domain_inst.wave_controller_y_inst.phase_acc\[4\],112.66µm
net1304,112.66µm
_00559_,112.61µm
net1202,112.61µm
net2103,112.61µm
net2403,112.61µm
_01628_,112.56µm
_03456_,112.56µm
net90,112.56µm
net2745,112.56µm
_03598_,112.25µm
net1670,112.25µm
_00693_,112.15µm
wrapper_inst.digital_domain_inst.wave_controller_y_inst.cal_burst_active,112.15µm
net1360,112.15µm
_01858_,112.1µm
net690,112.05µm
net2010,112.05µm
net453,112µm
net1330,111.84µm
net369,111.64µm
net1280,111.59µm
_03312_,111.54µm
_05792_,111.54µm
wrapper_inst.digital_domain_inst.delay_wave_cycle_y\[6\],111.54µm
net1319,111.54µm
_03534_,111.49µm
_05912_,111.49µm
wrapper_inst.digital_domain_inst.spi_regs_inst.reg_wr_addr\[3\],111.49µm
net968,111.49µm
net1140,111.49µm
_05690_,111.44µm
wrapper_inst.digital_domain_inst.raw_edge3_y\[7\],111.18µm
_00801_,111.13µm
_04422_,111.1µm
_03586_,111.03µm
net684,111.03µm
net2475,111.03µm
_03452_,110.98µm
net249,110.98µm
net2443,110.98µm
net1331,110.93µm
net1506,110.93µm
net2488,110.93µm
_01891_,110.88µm
_04520_,110.88µm
net2104,110.88µm
net2592,110.88µm
_00799_,110.52µm
_00676_,110.47µm
_04436_,110.47µm
net1542,110.47µm
net1710,110.47µm
wrapper_inst.digital_domain_inst.raw_edge1_x\[16\],110.42µm
net100,110.42µm
net1683,110.42µm
net1709,110.37µm
net6,110.32µm
net770,110.32µm
net2089,110.32µm
_03483_,109.91µm
_04226_,109.91µm
net1481,109.91µm
net2736,109.91µm
_01715_,109.86µm
wrapper_inst.digital_domain_inst.raw_edge2_x\[18\],109.86µm
net746,109.86µm
net761,109.86µm
_01040_,109.81µm
_03443_,109.81µm
wrapper_inst.digital_domain_inst.wave_controller_x_inst.phase_acc\[7\],109.81µm
net850,109.81µm
net2346,109.81µm
net2800,109.76µm
net1579,109.5µm
_00603_,109.35µm
net1635,109.35µm
net1658,109.35µm
net216,109.3µm
net1538,109.3µm
net1964,109.3µm
net2116,109.3µm
net2142,109.3µm
_05475_,109.25µm
net88,109.25µm
net92,109.25µm
net181,109.25µm
net331,109.2µm
net2119,109.2µm
net814,108.95µm
_00624_,108.79µm
net190,108.79µm
_04438_,108.74µm
_05291_,108.74µm
net577,108.74µm
net1104,108.74µm
net1685,108.74µm
_04904_,108.69µm
net32,108.69µm
net81,108.69µm
net1675,108.69µm
net2145,108.69µm
wrapper_inst.digital_domain_inst.cfg_f_MEMS_fcw_x\[1\],108.64µm
net197,108.64µm
_00561_,108.28µm
net668,108.23µm
net1959,108.23µm
net2499,108.23µm
net2580,108.23µm
wrapper_inst.digital_domain_inst.wave_controller_y_inst.phase_acc\[12\],108.18µm
net1103,108.18µm
net1144,108.18µm
net1192,108.18µm
_03135_,108.13µm
wrapper_inst.digital_domain_inst.cfg_phase0_offset_x\[18\],108.13µm
net571,108.13µm
net1965,108.13µm
net2715,108.13µm
_00039_,108.08µm
net887,108.08µm
wrapper_inst.digital_domain_inst.cfg_phase0_offset_y\[4\],107.77µm
net398,107.67µm
net2018,107.67µm
net112,107.62µm
net1190,107.62µm
net2431,107.62µm
_02019_,107.57µm
wrapper_inst.digital_domain_inst.wave_controller_y_inst.wave_cycle_cnt\[4\],107.57µm
net1040,107.57µm
net1490,107.52µm
net1501,107.16µm
net644,107.11µm
_03524_,107.06µm
net1007,107.06µm
net1565,107.06µm
net2020,107.06µm
_02425_,106.96µm
net182,106.96µm
wrapper_inst.digital_domain_inst.cfg_phase270_offset_x\[8\],106.65µm
net254,106.6µm
net2491,106.6µm
_00742_,106.55µm
_01172_,106.5µm
wrapper_inst.digital_domain_inst.cfg_phase0_offset_x\[9\],106.5µm
net984,106.5µm
wrapper_inst.digital_domain_inst.raw_edge3_y\[10\],106.45µm
net28,106.45µm
net1178,106.45µm
net1413,106.45µm
net1700,106.45µm
net2427,106.45µm
wrapper_inst.digital_domain_inst.wave_controller_x_inst.phase_acc\[12\],106.4µm
clknet_leaf_0_clk,106.24µm
net1493,106.12µm
_00752_,106.04µm
wrapper_inst.digital_domain_inst.delay_wave_cycle_y\[5\],106.04µm
net1691,106.04µm
net599,105.99µm
wrapper_inst.digital_domain_inst.cfg_phase0_offset_x\[14\],105.94µm
wrapper_inst.digital_domain_inst.wave_controller_x_inst.cal_burst_active,105.94µm
net1954,105.94µm
net2042,105.94µm
_01770_,105.89µm
_04477_,105.89µm
net620,105.89µm
net1416,105.89µm
net1639,105.89µm
net1868,105.89µm
_04533_,105.84µm
net2422,105.84µm
wrapper_inst.digital_domain_inst.cfg_phase0_offset_x\[2\],105.53µm
_02514_,105.43µm
wrapper_inst.digital_domain_inst.cfg_phase90_offset_x\[12\],105.43µm
net1446,105.43µm
net1860,105.43µm
net462,105.38µm
net467,105.38µm
net925,105.38µm
_00845_,105.33µm
_01573_,105.33µm
net30,105.33µm
net67,105.33µm
net1445,105.33µm
net2124,105.33µm
net2169,105.33µm
net2200,105.33µm
_05900_,105.28µm
net2160,105.28µm
net2717,105.28µm
net2891,104.9µm
_03558_,104.87µm
wrapper_inst.digital_domain_inst.wave_controller_y_inst.wave_cycle_cnt\[6\],104.87µm
_02927_,104.82µm
net1299,104.82µm
net1354,104.82µm
net1664,104.82µm
_01112_,104.77µm
net351,104.77µm
net506,104.77µm
net758,104.77µm
net942,104.77µm
net2449,104.77µm
wrapper_inst.digital_domain_inst.raw_edge3_y\[8\],104.76µm
_01583_,104.72µm
_05563_,104.72µm
net542,104.72µm
net739,104.72µm
net813,104.72µm
net1196,104.46µm
_00667_,104.31µm
net909,104.31µm
net1213,104.31µm
net333,104.26µm
net517,104.26µm
net787,104.26µm
net1729,104.26µm
net2061,104.26µm
_00066_,104.21µm
net1393,104.21µm
net2003,104.21µm
net2147,104.21µm
net540,104.16µm
net561,104.16µm
net2123,104.16µm
_01183_,103.85µm
wrapper_inst.digital_domain_inst.wave_controller_y_inst.phase_acc\[14\],103.85µm
net441,103.75µm
wrapper_inst.digital_domain_inst.cfg_phase270_offset_x\[19\],103.74µm
_00836_,103.7µm
_04000_,103.7µm
net2234,103.7µm
wrapper_inst.digital_domain_inst.cfg_phase90_offset_x\[11\],103.65µm
net72,103.65µm
net493,103.65µm
net983,103.65µm
net1417,103.65µm
_03495_,103.6µm
_03544_,103.6µm
net2163,103.6µm
net1328,103.19µm
net1571,103.19µm
net2762,103.19µm
_03545_,103.14µm
_05180_,103.14µm
wrapper_inst.digital_domain_inst.raw_edge1_x\[4\],103.14µm
wrapper_inst.digital_domain_inst.cfg_phase0_offset_y\[8\],103.09µm
net698,103.09µm
_03557_,103.04µm
_05500_,103.04µm
net134,103.04µm
net2069,103.04µm
wrapper_inst.digital_domain_inst.wave_controller_x_inst.capture_step\[2\],102.81µm
_01366_,102.73µm
_01374_,102.63µm
net43,102.63µm
net368,102.58µm
net611,102.58µm
net1945,102.58µm
net2696,102.58µm
net2789,102.58µm
wrapper_inst.digital_domain_inst.move_en_y_internal,102.53µm
net482,102.53µm
net885,102.53µm
net1375,102.53µm
net1703,102.53µm
net2530,102.53µm
_03596_,102.48µm
_05783_,102.48µm
net2390,102.48µm
_05016_,102.12µm
net570,102.07µm
net1439,102.07µm
_01152_,102.02µm
wrapper_inst.digital_domain_inst.cfg_phase90_offset_x\[17\],102.02µm
net1079,102.02µm
net2114,102.02µm
net2377,102.02µm
net1838,101.97µm
_05687_,101.92µm
_06020_,101.92µm
net780,101.92µm
net2334,101.92µm
net2836,101.88µm
wrapper_inst.digital_domain_inst.cfg_phase0_offset_y\[5\],101.56µm
net390,101.56µm
net2195,101.51µm
wrapper_inst.digital_domain_inst.wave_controller_y_inst.phase_acc\[13\],101.46µm
_04773_,101.41µm
_05716_,101.41µm
net384,101.41µm
net1585,101.41µm
_05870_,101.36µm
net583,101.36µm
_00688_,100.95µm
_01718_,100.95µm
net1113,100.95µm
net1606,100.95µm
net1778,100.9µm
net2314,100.9µm
net2442,100.9µm
net2803,100.9µm
net2890,100.85µm
net896,100.85µm
net1377,100.85µm
net1449,100.85µm
_01051_,100.8µm
net447,100.8µm
net799,100.8µm
net1695,100.8µm
net2843,100.64µm
net1174,100.54µm
_03974_,100.39µm
wrapper_inst.digital_domain_inst.cfg_phase0_offset_x\[0\],100.39µm
net432,100.39µm
net1056,100.39µm
net2726,100.39µm
_02070_,100.34µm
net246,100.34µm
net267,100.29µm
net1269,100.29µm
net1763,100.29µm
net2029,100.29µm
net2832,100.25µm
_03588_,100.24µm
_00744_,100.03µm
_01666_,99.98µm
net34,99.88µm
_00000_,99.83µm
wrapper_inst.digital_domain_inst.delay_wave_cycle_x\[7\],99.83µm
_05888_,99.78µm
net662,99.78µm
net1458,99.78µm
_01249_,99.73µm
net1233,99.73µm
net2146,99.73µm
net2179,99.73µm
_01889_,99.68µm
_02718_,99.68µm
_03542_,99.68µm
net510,99.68µm
net691,99.68µm
net718,99.42µm
net1987,99.42µm
_03476_,99.27µm
net527,99.22µm
net1336,99.22µm
net1906,99.22µm
net1983,99.22µm
net2754,99.22µm
_00878_,99.17µm
net522,99.17µm
net1276,99.17µm
net1387,99.17µm
net2766,99.17µm
wrapper_inst.digital_domain_inst.cfg_f_MEMS_fcw_y\[5\],99.12µm
net1638,99.12µm
net2016,99.12µm
_03771_,98.81µm
wrapper_inst.digital_domain_inst.raw_edge3_x\[16\],98.81µm
_03923_,98.76µm
net1598,98.76µm
net1872,98.76µm
net2835,98.74µm
_00701_,98.71µm
net705,98.71µm
net1381,98.71µm
net1627,98.66µm
net1774,98.66µm
_05300_,98.61µm
net846,98.61µm
net1133,98.61µm
net2101,98.61µm
_01669_,98.56µm
net271,98.56µm
net355,98.56µm
net2599,98.56µm
wrapper_inst.digital_domain_inst.cfg_phase90_offset_y\[7\],98.15µm
net2697,98.15µm
_05347_,98.1µm
wrapper_inst.digital_domain_inst.raw_edge2_y\[14\],98.1µm
net114,98.1µm
net1240,98.1µm
net1562,98.1µm
net1584,98.1µm
net1948,98.1µm
net2506,98.1µm
_01121_,98.05µm
_04852_,98.05µm
net2309,98.05µm
_01120_,98µm
wrapper_inst.digital_domain_inst.cfg_f_MEMS_fcw_y\[14\],98µm
net341,98µm
net538,98µm
net1251,98µm
net1162,97.85µm
net1004,97.82µm
net1366,97.64µm
net2579,97.64µm
_00874_,97.59µm
_01611_,97.59µm
net1574,97.59µm
net1759,97.59µm
net2039,97.59µm
wrapper_inst.digital_domain_inst.raw_edge3_y\[3\],97.54µm
net1887,97.54µm
net2476,97.54µm
_01053_,97.49µm
_05819_,97.49µm
net679,97.49µm
net2413,97.49µm
_03493_,97.44µm
_05737_,97.42µm
net437,97.08µm
net713,97.08µm
net2370,97.03µm
_01041_,96.98µm
wrapper_inst.digital_domain_inst.cfg_f_MEMS_fcw_y\[15\],96.98µm
net97,96.98µm
net99,96.98µm
net135,96.98µm
net430,96.98µm
net2011,96.98µm
_01575_,96.93µm
_05334_,96.93µm
wrapper_inst.digital_domain_inst.raw_edge2_x\[13\],96.93µm
net1063,96.93µm
net1827,96.93µm
net2223,96.93µm
net2360,96.93µm
net2367,96.93µm
net2462,96.93µm
net701,96.88µm
_00889_,96.57µm
net1095,96.57µm
net458,96.47µm
_04404_,96.42µm
_04710_,96.42µm
net1139,96.42µm
_03528_,96.37µm
_04891_,96.37µm
net682,96.37µm
net849,96.37µm
net987,96.37µm
net2205,96.37µm
net593,96.32µm
net979,96.32µm
net1613,96.32µm
net1995,96.01µm
net363,95.91µm
net2650,95.91µm
_02069_,95.86µm
_04465_,95.86µm
net1118,95.86µm
_02509_,95.81µm
wrapper_inst.digital_domain_inst.wave_controller_x_inst.phase_acc\[2\],95.81µm
net1841,95.81µm
net2602,95.81µm
_05323_,95.76µm
net1764,95.76µm
net1424,95.4µm
net2363,95.35µm
net2647,95.35µm
wrapper_inst.digital_domain_inst.raw_edge2_x\[19\],95.3µm
_01373_,95.25µm
_04113_,95.25µm
wrapper_inst.digital_domain_inst.cfg_f_MEMS_fcw_y\[1\],95.25µm
net1953,95.25µm
net2665,95.25µm
net2680,95.25µm
_06001_,95.2µm
net588,95.2µm
net712,95.2µm
wrapper_inst.digital_domain_inst.signal_processor_y_inst.s270_pipe\[3\],94.84µm
net2679,94.84µm
clknet_leaf_15_clk,94.84µm
_04574_,94.79µm
net1650,94.79µm
net338,94.74µm
net449,94.74µm
net2140,94.74µm
net2423,94.74µm
_05199_,94.69µm
_05822_,94.69µm
net1339,94.69µm
net1494,94.69µm
net2248,94.69µm
_00839_,94.64µm
net2136,94.64µm
net2834,94.39µm
_00670_,94.23µm
_01118_,94.23µm
_01148_,94.23µm
_00745_,94.18µm
_04546_,94.18µm
_04859_,94.18µm
net440,94.18µm
wrapper_inst.digital_domain_inst.cfg_f_MEMS_fcw_y\[10\],94.13µm
net177,94.13µm
net451,94.13µm
net1718,94.13µm
net2153,94.13µm
net2500,94.13µm
_00717_,94.08µm
net972,94.08µm
net1661,94.08µm
net2084,94.08µm
net2420,93.67µm
_00708_,93.62µm
_01165_,93.62µm
net171,93.62µm
_04405_,93.57µm
mems_drv_y_OUT,93.53µm
net785,93.52µm
net2080,93.52µm
_01119_,93.16µm
net1503,93.11µm
_01368_,93.06µm
_02421_,93.06µm
net912,93.06µm
net2072,93.01µm
net2344,93.01µm
net2557,93.01µm
net2727,93.01µm
net2788,93.01µm
_05845_,92.96µm
net229,92.96µm
net953,92.96µm
_01168_,92.6µm
net1900,92.6µm
net2371,92.6µm
_03623_,92.55µm
_00739_,92.5µm
_03894_,92.5µm
net842,92.5µm
net1126,92.5µm
net2000,92.5µm
net2410,92.5µm
_00571_,92.45µm
_03527_,92.45µm
net1066,92.45µm
_01952_,92.4µm
_02973_,92.4µm
_05704_,92.4µm
net677,92.4µm
net680,92.4µm
net1462,92.4µm
net1771,92.4µm
net284,91.99µm
net1673,91.94µm
net2833,91.925µm
_03543_,91.89µm
_04425_,91.89µm
net2056,91.89µm
_04263_,91.84µm
_05898_,91.84µm
net397,91.48µm
_00652_,91.43µm
_04032_,91.43µm
wrapper_inst.digital_domain_inst.signal_processor_x_inst.cycle_count\[0\],91.43µm
net1128,91.43µm
_03695_,91.38µm
net1164,91.38µm
net1421,91.38µm
net2714,91.38µm
net2796,91.38µm
net2809,91.38µm
_03446_,91.33µm
net602,91.33µm
net1195,91.33µm
net2375,91.33µm
_05185_,91.28µm
_05701_,91.28µm
_05821_,91.28µm
net469,91.28µm
net1030,91.28µm
net1679,90.97µm
wrapper_inst.digital_domain_inst.raw_edge1_x\[3\],90.92µm
_00721_,90.87µm
_01959_,90.87µm
_03492_,90.87µm
net1597,90.87µm
net1876,90.87µm
_03440_,90.82µm
_05811_,90.82µm
_05831_,90.82µm
net64,90.82µm
net804,90.82µm
_00687_,90.77µm
_04431_,90.77µm
_05559_,90.77µm
net2482,90.77µm
net722,90.72µm
net967,90.72µm
net1149,90.72µm
net51,90.36µm
net367,90.31µm
net666,90.31µm
net2513,90.31µm
_00915_,90.26µm
_01587_,90.26µm
net2666,90.26µm
_03955_,90.21µm
_04521_,90.21µm
net567,90.21µm
net2066,90.21µm
net325,90.16µm
net1345,90.16µm
net1367,90.16µm
_04490_,90.02µm
net2161,89.96µm
net920,89.85µm
net674,89.8µm
net1678,89.75µm
net1755,89.75µm
net1907,89.7µm
net796,89.65µm
net2622,89.65µm
_05876_,89.6µm
_02515_,89.29µm
net1936,89.29µm
net442,89.24µm
net2566,89.24µm
net393,89.14µm
net652,89.14µm
net1648,89.14µm
net2373,89.14µm
_01213_,89.09µm
_01704_,89.09µm
_03158_,89.09µm
_03460_,89.09µm
_03956_,89.09µm
net762,89.09µm
net2484,89.09µm
_01903_,89.04µm
_05842_,89.04µm
net1846,88.68µm
_03174_,88.63µm
net1795,88.63µm
_01982_,88.58µm
net710,88.58µm
net778,88.58µm
net1826,88.58µm
net2206,88.58µm
net2725,88.58µm
wrapper_inst.digital_domain_inst.spi_regs_inst.reg_wr_addr\[0\],88.53µm
net26,88.53µm
net241,88.53µm
net364,88.53µm
net2091,88.53µm
net2463,88.53µm
_04216_,88.48µm
_04911_,88.48µm
net1064,88.48µm
net1604,88.48µm
net166,88.17µm
net2543,88.12µm
_04059_,88.07µm
_05169_,88.07µm
net556,88.07µm
net1311,88.07µm
net2393,88.07µm
wrapper_inst.digital_domain_inst.raw_edge1_y\[7\],88.02µm
net947,88.02µm
net1813,88.02µm
net1958,88.02µm
_01689_,87.97µm
net456,87.97µm
net1035,87.97µm
net1440,87.97µm
net2232,87.97µm
_05935_,87.92µm
_05519_,87.61µm
_00868_,87.56µm
_00585_,87.51µm
_01612_,87.51µm
_03889_,87.51µm
_04447_,87.51µm
net754,87.51µm
net1239,87.51µm
_01986_,87.46µm
_04435_,87.46µm
net227,87.46µm
net366,87.46µm
net1483,87.46µm
net1962,87.46µm
net2068,87.46µm
net219,87.41µm
net1258,87.41µm
net1535,87.41µm
_03678_,87.36µm
_05352_,87.36µm
net410,87.36µm
net486,87.36µm
net1432,87.36µm
net1655,87.36µm
net2120,87.36µm
net2174,87.36µm
_01493_,87.05µm
_00737_,87µm
_04228_,87µm
net151,87µm
net418,86.95µm
net1448,86.95µm
net2112,86.95µm
net935,86.9µm
net1093,86.9µm
_01977_,86.85µm
_05462_,86.85µm
_05508_,86.85µm
net494,86.85µm
net1453,86.85µm
net2332,86.85µm
net2740,86.85µm
_00589_,86.8µm
_03969_,86.8µm
_05257_,86.8µm
net1415,86.49µm
_00666_,86.44µm
_00835_,86.39µm
wrapper_inst.digital_domain_inst.delay_wave_cycle_y\[7\],86.39µm
net1246,86.39µm
net2572,86.39µm
net847,86.34µm
net902,86.34µm
net1033,86.34µm
net1677,86.34µm
_00828_,86.24µm
_02720_,86.24µm
net93,86.24µm
net184,86.24µm
net2624,86.24µm
wrapper_inst.digital_domain_inst.wave_controller_x_inst.wave_cycle_cnt\[2\],85.98µm
_00734_,85.88µm
net1981,85.88µm
net1285,85.83µm
_03835_,85.78µm
net245,85.78µm
net252,85.78µm
net1032,85.78µm
net1634,85.78µm
net1997,85.78µm
net2129,85.78µm
net2398,85.78µm
net2589,85.78µm
_05014_,85.73µm
net1060,85.73µm
_05342_,85.68µm
net755,85.68µm
net1496,85.68µm
net2152,85.68µm
net2605,85.68µm
_04926_,85.47µm
net1966,85.37µm
net1642,85.32µm
_01665_,85.27µm
net417,85.27µm
net735,85.27µm
net1382,85.27µm
net1923,85.27µm
net1926,85.27µm
net869,85.26µm
_03345_,85.22µm
_03813_,85.22µm
wrapper_inst.digital_domain_inst.raw_edge1_x\[0\],85.22µm
net1090,85.22µm
net1325,85.22µm
net1943,85.22µm
_02010_,85.17µm
_02138_,85.17µm
_02171_,85.17µm
_05078_,85.17µm
net1724,85.17µm
net2438,85.17µm
net2643,85.17µm
_01187_,85.12µm
_03589_,85.12µm
net1099,85.12µm
_01028_,84.71µm
_03568_,84.71µm
_05073_,84.71µm
net212,84.71µm
_05290_,84.66µm
_05873_,84.66µm
net2573,84.66µm
_04920_,84.61µm
_05512_,84.61µm
net128,84.61µm
net1201,84.61µm
net2130,84.61µm
net2409,84.61µm
net2595,84.61µm
net2755,84.61µm
_01538_,84.56µm
net934,84.56µm
net2376,84.56µm
_01143_,84.2µm
_03420_,84.15µm
net150,84.15µm
net816,84.15µm
_01639_,84.1µm
wrapper_inst.digital_domain_inst.raw_edge1_y\[2\],84.1µm
net224,84.1µm
net901,84.1µm
net1216,84.1µm
net2241,84.1µm
_05258_,84µm
_05425_,84µm
net321,84µm
net2456,83.74µm
_01167_,83.59µm
net1081,83.59µm
net1143,83.54µm
net1348,83.54µm
net2811,83.54µm
_05899_,83.49µm
net260,83.49µm
net559,83.49µm
net2361,83.49µm
_02012_,83.44µm
_03066_,83.08µm
net696,83.08µm
_00633_,83.03µm
_03696_,83.03µm
net279,83.03µm
_01463_,82.98µm
_04475_,82.98µm
_04674_,82.98µm
wrapper_inst.digital_domain_inst.raw_edge1_x\[1\],82.98µm
net137,82.98µm
net269,82.98µm
net1390,82.98µm
_02879_,82.93µm
_04641_,82.93µm
net160,82.93µm
net582,82.93µm
_03188_,82.88µm
_04211_,82.88µm
net747,82.88µm
net1021,82.52µm
_03491_,82.47µm
_04837_,82.47µm
net68,82.47µm
net1212,82.47µm
_00673_,82.42µm
_00751_,82.42µm
net603,82.42µm
net1669,82.42µm
net1094,82.37µm
net1210,82.37µm
net2692,82.37µm
_00821_,82.32µm
_03137_,82.32µm
_03529_,82.32µm
_04864_,82.32µm
_05465_,82.32µm
net956,82.32µm
net2608,82.01µm
net178,81.91µm
net797,81.91µm
net994,81.91µm
_03201_,81.86µm
net55,81.86µm
net424,81.86µm
net1267,81.86µm
_02272_,81.81µm
_05509_,81.81µm
net354,81.81µm
net566,81.81µm
net641,81.81µm
_00792_,81.76µm
_04445_,81.76µm
net791,81.76µm
net1350,81.76µm
net1586,81.76µm
net2158,81.76µm
net2432,81.76µm
net244,81.45µm
_00689_,81.35µm
net581,81.35µm
net1153,81.35µm
net1532,81.35µm
wrapper_inst.digital_domain_inst.cfg_phase0_offset_y\[14\],81.3µm
wrapper_inst.digital_domain_inst.wave_controller_x_inst.wave_cycle_cnt\[5\],81.3µm
net867,81.3µm
net1189,81.3µm
net1412,81.3µm
_04036_,81.25µm
net309,81.25µm
net629,81.25µm
net2439,81.25µm
net2537,81.25µm
net2658,81.25µm
net2699,81.25µm
_02273_,81.2µm
_05043_,81.2µm
net1626,81.2µm
net1680,81.2µm
net2121,81.2µm
_04183_,80.84µm
_01007_,80.79µm
net1097,80.79µm
net2096,80.79µm
net2781,80.79µm
wrapper_inst.digital_domain_inst.raw_edge1_y\[1\],80.74µm
net448,80.74µm
net1937,80.74µm
net2341,80.74µm
_00706_,80.69µm
_03573_,80.69µm
_03989_,80.69µm
net655,80.69µm
net2713,80.69µm
_04478_,80.64µm
_05075_,80.64µm
_05715_,80.64µm
net1697,80.64µm
net2632,80.64µm
net2668,80.64µm
_04060_,80.33µm
_03547_,80.28µm
_05719_,80.23µm
net1720,80.23µm
_02277_,80.18µm
net973,80.18µm
net1119,80.18µm
_04749_,80.13µm
net840,80.13µm
_01605_,80.08µm
_02503_,80.08µm
_05019_,80.08µm
net1337,80.08µm
_01376_,79.95µm
net825,79.9µm
_02098_,79.87µm
net1925,79.82µm
_04512_,79.77µm
_04878_,79.67µm
net288,79.67µm
_01296_,79.62µm
_04461_,79.62µm
net2105,79.62µm
_03576_,79.6µm
_00564_,79.57µm
_03654_,79.57µm
wrapper_inst.digital_domain_inst.wave_controller_y_inst.phase_acc\[2\],79.57µm
net407,79.57µm
net1134,79.57µm
net1263,79.57µm
net1800,79.57µm
_01142_,79.52µm
_02352_,79.52µm
_05355_,79.52µm
net423,79.52µm
net1401,79.52µm
net2359,79.52µm
net1951,79.21µm
wrapper_inst.digital_domain_inst.wave_controller_y_inst.wave_cycle_cnt\[5\],79.16µm
net1061,79.16µm
net1108,79.16µm
net2887,79.14µm
wrapper_inst.digital_domain_inst.raw_edge1_x\[18\],79.06µm
wrapper_inst.digital_domain_inst.raw_edge3_x\[18\],79.06µm
net943,79.06µm
net1526,79.06µm
net2222,79.06µm
net2342,79.06µm
_05482_,79.01µm
net1944,79.01µm
net2590,79.01µm
_03565_,78.96µm
_03980_,78.96µm
_05187_,78.96µm
net792,78.96µm
net1146,78.96µm
wrapper_inst.digital_domain_inst.raw_edge2_x\[4\],78.6µm
net995,78.6µm
_04353_,78.55µm
net1262,78.55µm
net2515,78.55µm
_02983_,78.5µm
net350,78.5µm
net881,78.5µm
net916,78.5µm
_02254_,78.45µm
_04549_,78.45µm
wrapper_inst.digital_domain_inst.spi_regs_inst.reg_wr_en,78.45µm
net71,78.45µm
net590,78.45µm
net729,78.45µm
net779,78.45µm
net2354,78.45µm
_05698_,78.4µm
net598,78.4µm
net649,78.4µm
net1940,78.4µm
net2417,78.4µm
_04054_,78.3µm
net2046,78.11µm
_00686_,77.99µm
_00750_,77.99µm
net294,77.99µm
net1479,77.99µm
net1754,77.99µm
net1756,77.99µm
net1780,77.99µm
_03998_,77.94µm
wrapper_inst.digital_domain_inst.raw_edge3_x\[6\],77.94µm
net1049,77.94µm
net1775,77.94µm
_01774_,77.89µm
_03932_,77.89µm
net706,77.89µm
net1994,77.89µm
net2028,77.89µm
net2049,77.89µm
net2071,77.84µm
net938,77.58µm
_01625_,77.53µm
net1191,77.53µm
net2606,77.48µm
net58,77.43µm
net658,77.43µm
_00568_,77.38µm
_03655_,77.38µm
net489,77.38µm
net736,77.38µm
net1261,77.38µm
_02340_,77.33µm
net11,77.33µm
net163,77.33µm
net382,77.33µm
net978,77.33µm
_00580_,77.28µm
_04235_,77.28µm
_05558_,77.28µm
_05696_,77.28µm
_06010_,77.28µm
wrapper_inst.digital_domain_inst.cfg_f_MEMS_fcw_y\[6\],77.28µm
wrapper_inst.digital_domain_inst.cfg_phase90_offset_x\[20\],77.28µm
net764,77.28µm
net954,77.28µm
net1961,77.28µm
net2166,77.28µm
_04946_,76.87µm
wrapper_inst.digital_domain_inst.signal_processor_x_inst.s90_pipe\[3\],76.87µm
net2570,76.87µm
_00837_,76.82µm
_02349_,76.82µm
_03559_,76.82µm
net104,76.82µm
net511,76.82µm
net1236,76.82µm
net1474,76.82µm
net1652,76.82µm
net1727,76.82µm
net1728,76.82µm
net783,76.77µm
net2382,76.77µm
net2451,76.77µm
_01064_,76.72µm
net42,76.72µm
net340,76.72µm
net1122,76.72µm
net1912,76.72µm
net2651,76.72µm
net1823,76.36µm
net1707,76.31µm
net1963,76.31µm
net214,76.26µm
_02087_,76.21µm
net105,76.21µm
net521,76.21µm
net1426,76.21µm
net1519,76.21µm
net1534,76.21µm
net1938,76.21µm
net2498,76.21µm
net2517,76.21µm
_05196_,76.16µm
net311,76.16µm
net670,76.16µm
net1877,76.16µm
net2392,76.16µm
net2729,76.16µm
_04894_,75.8µm
net348,75.75µm
net1355,75.75µm
net2540,75.75µm
_01070_,75.7µm
net13,75.7µm
net757,75.7µm
net2694,75.7µm
_01637_,75.65µm
_03520_,75.65µm
_05918_,75.65µm
_05995_,75.65µm
net905,75.65µm
net930,75.65µm
net1510,75.65µm
net1563,75.65µm
net1885,75.65µm
_04441_,75.6µm
net915,75.6µm
net1065,75.6µm
net1929,75.24µm
net2603,75.24µm
net777,75.19µm
net1000,75.19µm
net1564,75.19µm
_01597_,75.14µm
net751,75.14µm
net855,75.14µm
net1928,75.14µm
net2113,75.14µm
net2453,75.14µm
_03958_,75.09µm
_05282_,75.09µm
net173,75.09µm
net946,75.09µm
net1347,75.09µm
net2553,75.09µm
net767,75.04µm
net1278,75.04µm
net1332,74.78µm
_00753_,74.73µm
_00729_,74.68µm
_01079_,74.68µm
_01176_,74.68µm
net324,74.68µm
net871,74.68µm
net1999,74.68µm
_04387_,74.63µm
net457,74.58µm
net468,74.58µm
net543,74.58µm
net726,74.58µm
net1062,74.58µm
net1385,74.58µm
net1578,74.58µm
_02274_,74.53µm
_04364_,74.53µm
_05537_,74.53µm
net793,74.53µm
net1123,74.53µm
net1376,74.53µm
net2082,74.53µm
_02345_,74.48µm
_03564_,74.48µm
_05793_,74.48µm
net1011,74.48µm
net1370,74.48µm
net1414,74.48µm
net257,74.17µm
_00732_,74.07µm
_02909_,74.07µm
net256,74.07µm
net613,74.07µm
net1135,74.07µm
net2004,74.07µm
_04562_,74.02µm
_05349_,73.97µm
net222,73.97µm
net795,73.97µm
net824,73.97µm
net991,73.97µm
net2480,73.97µm
_05718_,73.92µm
_05885_,73.92µm
net164,73.92µm
net2892,73.8µm
_00699_,73.56µm
_00651_,73.51µm
_01332_,73.51µm
_03943_,73.51µm
net232,73.51µm
net443,73.51µm
net1318,73.51µm
net1338,73.51µm
_04264_,73.46µm
_05874_,73.46µm
net273,73.46µm
net2102,73.46µm
_00876_,73.41µm
_01537_,73.41µm
_03479_,73.41µm
_03993_,73.41µm
_05919_,73.41µm
net900,73.41µm
net1587,73.41µm
net2305,73.41µm
net2673,73.41µm
_00163_,73.36µm
net17,73.36µm
wrapper_inst.digital_domain_inst.raw_edge3_y\[5\],73.36µm
net477,73.36µm
net2625,73.36µm
net2831,73.12µm
clknet_leaf_19_clk,73.1µm
_00648_,72.95µm
_05009_,72.95µm
net218,72.95µm
net831,72.95µm
net1059,72.95µm
net2172,72.95µm
_00716_,72.9µm
_00920_,72.9µm
net647,72.9µm
net1107,72.9µm
_00846_,72.85µm
_03480_,72.85µm
net774,72.85µm
net1109,72.85µm
net1452,72.85µm
net2355,72.85µm
net2676,72.85µm
net2678,72.85µm
_02913_,72.8µm
_04418_,72.8µm
net2826,72.6µm
net936,72.44µm
net1214,72.39µm
net2685,72.39µm
_01670_,72.34µm
_03582_,72.34µm
wrapper_inst.digital_domain_inst.raw_edge3_y\[18\],72.34µm
net554,72.34µm
_05181_,72.29µm
net297,72.29µm
net537,72.29µm
_02950_,72.24µm
wrapper_inst.digital_domain_inst.cal_timeout_y,72.24µm
net1657,72.24µm
net2445,72.24µm
net2895,72.18µm
net2374,72.01µm
wrapper_inst.digital_domain_inst.delay_wave_cycle_x\[0\],71.93µm
_01677_,71.88µm
_04067_,71.83µm
wrapper_inst.digital_domain_inst.raw_edge1_x\[14\],71.83µm
net89,71.83µm
net781,71.83µm
net1504,71.83µm
_01258_,71.78µm
_03649_,71.78µm
_05562_,71.78µm
_05956_,71.78µm
net221,71.78µm
net782,71.78µm
net895,71.78µm
net1058,71.78µm
_04048_,71.73µm
_05579_,71.73µm
wrapper_inst.digital_domain_inst.cfg_f_MEMS_fcw_y\[9\],71.73µm
net185,71.73µm
net359,71.73µm
net519,71.73µm
net1105,71.73µm
net1194,71.73µm
net1681,71.73µm
net2031,71.73µm
net2037,71.73µm
net2576,71.73µm
_02100_,71.68µm
_03922_,71.68µm
_05705_,71.68µm
_05948_,71.68µm
net1497,71.68µm
net2897,71.38µm
net1502,71.37µm
_01696_,71.32µm
wrapper_inst.digital_domain_inst.delay_wave_cycle_x\[6\],71.27µm
net992,71.27µm
net1617,71.27µm
net2405,71.27µm
net2652,71.27µm
_02686_,71.22µm
wrapper_inst.digital_domain_inst.spi_regs_inst.reg_wr_addr\[2\],71.22µm
wrapper_inst.digital_domain_inst.wave_controller_y_inst.phase_acc\[10\],71.22µm
net703,71.22µm
net1651,71.22µm
net2533,71.22µm
net2574,71.22µm
_04039_,71.17µm
wrapper_inst.digital_domain_inst.raw_edge2_y\[5\],71.17µm
wrapper_inst.digital_domain_inst.raw_edge2_y\[8\],71.17µm
wrapper_inst.digital_domain_inst.wave_controller_y_inst.phase_acc\[6\],71.17µm
net255,71.17µm
net806,71.17µm
net1797,71.17µm
net2297,71.17µm
net2424,71.17µm
_03990_,71.12µm
_04090_,71.12µm
net1472,71.12µm
net1666,71.12µm
net1746,71.12µm
net2795,71.12µm
net2366,70.76µm
wrapper_inst.digital_domain_inst.wave_controller_y_inst.phase_acc\[0\],70.71µm
net2804,70.71µm
net2856,70.69µm
_01057_,70.66µm
_04002_,70.66µm
net425,70.66µm
net725,70.66µm
net2306,70.66µm
net2492,70.66µm
_02351_,70.61µm
_02420_,70.61µm
net2899,70.61µm
wrapper_inst.digital_domain_inst.cfg_f_MEMS_fcw_x\[13\],70.61µm
net1406,70.61µm
_00870_,70.56µm
net2857,70.525µm
net2901,70.42µm
net2871,70.27µm
ref_wave_y_OUT,70.25µm
_00722_,70.2µm
_02088_,70.2µm
_04500_,70.2µm
_04541_,70.2µm
wrapper_inst.digital_domain_inst.signal_processor_y_inst.s90_valid,70.2µm
wrapper_inst.digital_domain_inst.cfg_f_MEMS_fcw_y\[2\],70.15µm
net2703,70.15µm
net2902,70.12µm
net1730,70.1µm
comp_x,70.09µm
_03637_,70.05µm
_05307_,70.05µm
net888,70.05µm
net1018,70.05µm
net1443,70.05µm
net1721,70.05µm
net1769,70.05µm
net1831,70.05µm
net2571,70.05µm
net2771,70.05µm
net2896,70.04µm
_03538_,70µm
_03933_,70µm
wrapper_inst.digital_domain_inst.spi_regs_inst.rx_shift\[4\],70µm
net608,70µm
net1228,70µm
net1990,70µm
net2009,70µm
net2898,69.96µm
_00726_,69.69µm
_01616_,69.64µm
net2859,69.61µm
wrapper_inst.digital_domain_inst.cfg_phase270_offset_x\[5\],69.59µm
net379,69.59µm
net1886,69.59µm
read_en_OUT,69.58µm
_03924_,69.54µm
_03928_,69.54µm
_04934_,69.54µm
net1071,69.54µm
net2040,69.54µm
_00855_,69.49µm
net193,69.49µm
net741,69.49µm
_05992_,69.44µm
net470,69.44µm
net584,69.44µm
net1454,69.44µm
net2095,69.44µm
net2869,69.355µm
net2837,69.24µm
comp_y,69.09µm
_04596_,69.08µm
wrapper_inst.digital_domain_inst.cfg_phase0_offset_x\[11\],69.08µm
net844,69.08µm
_00741_,69.03µm
_03162_,69.03µm
net2167,69.03µm
net2437,69.03µm
net2756,69.03µm
_04693_,68.98µm
wrapper_inst.digital_domain_inst.raw_edge2_y\[6\],68.98µm
net841,68.98µm
net1921,68.98µm
net2780,68.98µm
_05691_,68.93µm
net957,68.93µm
net2481,68.93µm
net2784,68.93µm
_02933_,68.88µm
_03523_,68.88µm
_05299_,68.88µm
_05373_,68.88µm
net420,68.88µm
net1051,68.88µm
net2829,68.83µm
_05087_,68.52µm
_05573_,68.52µm
_01742_,68.47µm
_04491_,68.47µm
_01506_,68.42µm
net2615,68.42µm
_01840_,68.37µm
net466,68.37µm
net2864,68.34µm
wrapper_inst.digital_domain_inst.cfg_phase90_offset_y\[14\],68.32µm
net526,68.32µm
net1242,68.32µm
net2032,68.32µm
net2870,68.3µm
net2852,68.22µm
net2824,68.18µm
net2858,68.14µm
net2825,68.09µm
net2841,68.06µm
wrapper_inst.digital_domain_inst.cfg_phase0_offset_y\[2\],68.06µm
_01634_,68.01µm
wrapper_inst.digital_domain_inst.signal_processor_x_inst.s90_valid,68.01µm
net1110,68.01µm
_01330_,67.96µm
net2878,67.95µm
net2827,67.915µm
_04076_,67.91µm
wrapper_inst.digital_domain_inst.spi_regs_inst.sclk_d,67.91µm
net225,67.91µm
net1932,67.91µm
net2792,67.91µm
_01012_,67.86µm
_03697_,67.86µm
net158,67.86µm
net1197,67.86µm
net1209,67.86µm
net1785,67.86µm
net2567,67.86µm
net2853,67.85µm
_04858_,67.81µm
_05955_,67.81µm
_05986_,67.81µm
net211,67.81µm
net848,67.81µm
net2415,67.81µm
net2839,67.805µm
spi_sclk,67.78µm
_01660_,67.76µm
_04698_,67.76µm
_04796_,67.76µm
_04853_,67.76µm
net2855,67.76µm
net132,67.76µm
net1665,67.76µm
net2347,67.76µm
net2711,67.76µm
net2724,67.76µm
net2847,67.67µm
_04550_,67.61µm
_05061_,67.55µm
net2862,67.53µm
net2905,67.52µm
net2840,67.5µm
net2817,67.455µm
net2900,67.39µm
_01635_,67.35µm
_04266_,67.3µm
net1091,67.3µm
net2818,67.26µm
_02357_,67.25µm
_04402_,67.25µm
_05642_,67.25µm
_05763_,67.25µm
_05978_,67.25µm
wrapper_inst.digital_domain_inst.signal_processor_x_inst.s270_pipe\[3\],67.25µm
net266,67.25µm
net1188,67.25µm
net2047,67.25µm
net2302,67.25µm
net2522,67.25µm
net2612,67.25µm
_00740_,67.2µm
_03503_,67.2µm
_05320_,67.2µm
net47,67.2µm
net446,67.2µm
net2137,67.2µm
dir_y_OUT,67.13µm
net2844,67.06µm
net2822,66.98µm
move_en_y_OUT,66.86µm
net2823,66.85µm
_01174_,66.79µm
_01436_,66.79µm
_04871_,66.79µm
wrapper_inst.digital_domain_inst.signal_processor_y_inst.cycle_count\[0\],66.79µm
net217,66.79µm
net1499,66.79µm
net2721,66.79µm
net2866,66.78µm
net2867,66.78µm
net1701,66.74µm
net2054,66.74µm
net2149,66.74µm
net2738,66.74µm
net2828,66.7µm
_00616_,66.69µm
_01786_,66.69µm
_01876_,66.69µm
_03942_,66.69µm
_05454_,66.69µm
_05491_,66.69µm
net1946,66.69µm
net2294,66.69µm
net2640,66.69µm
mems_drv_x_OUT,66.66µm
net2821,66.645µm
_00805_,66.64µm
_05446_,66.64µm
net1480,66.64µm
net2092,66.53µm
net2851,66.525µm
net2842,66.505µm
net,66.5µm
net2868,66.37µm
net2875,66.34µm
_00743_,66.28µm
spi_miso_oe,66.28µm
net2819,66.255µm
net268,66.23µm
net1633,66.23µm
net1968,66.23µm
net2588,66.23µm
net2735,66.23µm
net2816,66.22µm
_01092_,66.18µm
_04087_,66.18µm
net876,66.18µm
net2758,66.18µm
_01145_,66.13µm
_01472_,66.13µm
_02174_,66.13µm
_02343_,66.13µm
_03457_,66.13µm
_04307_,66.13µm
_05861_,66.13µm
net2838,66.13µm
wrapper_inst.digital_domain_inst.spi_regs_inst.rx_shift\[3\],66.13µm
dir_x_OUT,66.13µm
net1767,66.13µm
_00619_,66.08µm
_04640_,66.08µm
_05476_,66.08µm
_05787_,66.08µm
net880,66.08µm
net2861,66µm
ref_wave_x_OUT,66µm
net2894,65.81µm
net2849,65.72µm
net2873,65.72µm
net1985,65.72µm
net2846,65.71µm
net2904,65.71µm
_01319_,65.67µm
_04725_,65.67µm
_05168_,65.67µm
net1368,65.67µm
net2613,65.67µm
_01953_,65.62µm
_04084_,65.62µm
_05893_,65.62µm
wrapper_inst.digital_domain_inst.raw_edge2_x\[1\],65.62µm
spi_miso_OUT,65.62µm
net1722,65.62µm
net1933,65.62µm
net2303,65.62µm
net2752,65.62µm
net2872,65.615µm
spi_cs_n,65.59µm
_01219_,65.57µm
_01385_,65.57µm
_02083_,65.57µm
_03571_,65.57µm
net230,65.57µm
net2472,65.57µm
_04386_,65.52µm
_05790_,65.52µm
net433,65.52µm
net2830,65.465µm
net2860,65.455µm
net2876,65.31µm
spi_mosi,65.3µm
net2863,65.285µm
net2906,65.24µm
net2854,65.225µm
_04970_,65.21µm
net2848,65.175µm
net2850,65.17µm
_01910_,65.16µm
_01507_,65.11µm
_03631_,65.11µm
_04806_,65.11µm
net612,65.11µm
net1438,65.11µm
net2877,65.1µm
_02745_,65.06µm
_03641_,65.06µm
_04485_,65.06µm
net63,65.06µm
net866,65.06µm
net904,65.06µm
net1520,65.06µm
net2772,65.06µm
net2886,65.02µm
net2882,65.015µm
_05358_,65.01µm
_06005_,65.01µm
wrapper_inst.digital_domain_inst.wave_controller_y_inst.capture_step\[2\],65.01µm
net133,65.01µm
net149,65.01µm
net752,65.01µm
net1183,65.01µm
_05471_,64.96µm
_05841_,64.96µm
net673,64.96µm
net1807,64.96µm
net2888,64.88µm
_01979_,64.73µm
_00849_,64.55µm
_01222_,64.55µm
_05383_,64.55µm
wrapper_inst.digital_domain_inst.raw_edge1_x\[11\],64.55µm
net2132,64.55µm
net2349,64.55µm
net2565,64.55µm
net2820,64.54µm
_03331_,64.5µm
_05301_,64.5µm
wrapper_inst.digital_domain_inst.signal_processor_x_inst.cycle_count\[1\],64.5µm
net1511,64.5µm
_02935_,64.45µm
_05005_,64.45µm
net176,64.45µm
net2414,64.45µm
net2631,64.45µm
move_en_x_OUT,64.4µm
net2597,64.4µm
net2865,64.37µm
rst_n,64.31µm
net2903,64.26µm
net2884,64.26µm
net2815,64.145µm
wrapper_inst.digital_domain_inst.cfg_phase270_offset_x\[1\],64.04µm
net702,64.04µm
net287,63.99µm
net1674,63.99µm
net1786,63.99µm
_00674_,63.94µm
_01673_,63.94µm
_03611_,63.94µm
_04897_,63.94µm
_05011_,63.94µm
net921,63.94µm
net1492,63.94µm
net1582,63.94µm
net1979,63.94µm
net2460,63.94µm
_03617_,63.89µm
_05472_,63.89µm
net118,63.89µm
net236,63.89µm
_05346_,63.84µm
net275,63.84µm
net503,63.84µm
net822,63.84µm
net965,63.84µm
net2881,63.83µm
net2879,63.7µm
net2874,63.62µm
_03346_,63.53µm
net2845,63.525µm
_03530_,63.51µm
net1106,63.48µm
_01972_,63.43µm
_02358_,63.43µm
_02756_,63.43µm
_03945_,63.43µm
net1308,63.43µm
net1618,63.43µm
_03864_,63.38µm
net270,63.38µm
net1225,63.38µm
net2550,63.38µm
net2883,63.35µm
_01725_,63.33µm
_03071_,63.33µm
_05506_,63.33µm
net154,63.33µm
net292,63.33µm
net1141,63.33µm
net1478,63.33µm
net2733,63.33µm
_05339_,63.28µm
_05502_,63.28µm
net2159,63.28µm
net2345,63.28µm
net2720,63.28µm
net2889,63.05µm
net2893,63.02µm
net2880,63.015µm
_04614_,62.92µm
net2885,62.92µm
_00682_,62.87µm
_01989_,62.87µm
_03494_,62.82µm
net929,62.82µm
net1142,62.82µm
net1630,62.82µm
net2636,62.82µm
_03919_,62.77µm
_03954_,62.77µm
_04851_,62.77µm
wrapper_inst.digital_domain_inst.delay_wave_cycle_y\[4\],62.77µm
wrapper_inst.digital_domain_inst.raw_edge2_y\[7\],62.77µm
net109,62.77µm
net1570,62.77µm
net2111,62.72µm
net2156,62.72µm
net2536,62.72µm
_01454_,62.31µm
_05445_,62.31µm
net1957,62.31µm
_01113_,62.26µm
_01710_,62.26µm
_03710_,62.26µm
_04389_,62.26µm
net1477,62.26µm
net1543,62.26µm
net1599,62.26µm
net1656,62.26µm
net2307,62.26µm
net2601,62.26µm
net2630,62.26µm
net2808,62.26µm
_01116_,62.21µm
_01312_,62.21µm
_05750_,62.21µm
net276,62.21µm
net645,62.21µm
net999,62.21µm
net2027,62.21µm
net2664,62.21µm
_01976_,62.16µm
_02780_,62.16µm
wrapper_inst.digital_domain_inst.wave_controller_x_inst.wave_cycle_cnt\[3\],62.16µm
net444,62.16µm
net616,62.16µm
net1351,62.16µm
net1611,62.16µm
_04072_,62.08µm
net234,61.8µm
net1805,61.8µm
net911,61.75µm
net996,61.75µm
_02914_,61.7µm
net1429,61.7µm
net1447,61.7µm
net2585,61.7µm
_04001_,61.65µm
_04439_,61.65µm
net937,61.65µm
net1411,61.65µm
net2591,61.65µm
_01816_,61.6µm
_02209_,61.6µm
_03193_,61.6µm
net2645,61.6µm
net27,61.32µm
wrapper_inst.digital_domain_inst.signal_processor_y_inst.cnt_in\[0\],61.29µm
_04556_,61.14µm
_04578_,61.14µm
_04689_,61.14µm
net274,61.14µm
net906,61.14µm
net1640,61.14µm
_04249_,61.09µm
_05309_,61.09µm
net213,61.09µm
_00180_,61.04µm
_01886_,61.04µm
_01928_,61.04µm
_03860_,61.04µm
_03951_,61.04µm
_04684_,61.04µm
net59,61.04µm
net508,60.73µm
_00856_,60.68µm
_01594_,60.68µm
net233,60.68µm
net646,60.68µm
wrapper_inst.digital_domain_inst.wave_controller_y_inst.phase_acc\[20\],60.63µm
net502,60.63µm
net1610,60.63µm
_00762_,60.58µm
_01543_,60.58µm
_04199_,60.58µm
_04245_,60.58µm
_04668_,60.58µm
net962,60.58µm
net2051,60.58µm
net2656,60.58µm
_04058_,60.53µm
net168,60.53µm
net349,60.53µm
net2614,60.53µm
net2663,60.53µm
net2799,60.53µm
net2802,60.53µm
_03342_,60.48µm
_05762_,60.48µm
wrapper_inst.digital_domain_inst.raw_edge1_x\[7\],60.12µm
net2708,60.12µm
net928,60.07µm
net1602,60.07µm
_01641_,60.02µm
_03718_,60.02µm
net360,60.02µm
net1005,60.02µm
net1096,60.02µm
net1249,60.02µm
_01164_,59.97µm
_02354_,59.97µm
_03608_,59.97µm
_04975_,59.97µm
net1102,59.97µm
net1171,59.97µm
net2065,59.97µm
net1828,59.92µm
net2774,59.92µm
_03871_,59.69µm
net692,59.56µm
net2523,59.56µm
_00586_,59.51µm
_00715_,59.51µm
_03386_,59.51µm
net91,59.51µm
net172,59.51µm
net1525,59.51µm
_01581_,59.46µm
net1294,59.46µm
net2568,59.46µm
net2764,59.46µm
_01150_,59.41µm
_04865_,59.41µm
_05198_,59.41µm
net344,59.41µm
net1358,59.41µm
net2335,59.41µm
_01215_,59.36µm
_02268_,59.36µm
_05340_,59.36µm
net812,59.36µm
net1028,59.36µm
net1450,59.36µm
net2088,59.36µm
_01075_,59.1µm
_04057_,59.1µm
_01314_,58.95µm
net29,58.95µm
net1735,58.95µm
_01504_,58.9µm
_03062_,58.9µm
net460,58.9µm
_01661_,58.85µm
_02693_,58.85µm
_05268_,58.85µm
net607,58.85µm
net1717,58.85µm
_01418_,58.8µm
_04210_,58.8µm
net231,58.49µm
_04877_,58.44µm
net731,58.44µm
_00671_,58.39µm
_01015_,58.39µm
net261,58.39µm
net939,58.39µm
net2785,58.39µm
_01073_,58.34µm
_05308_,58.34µm
net574,58.34µm
net2739,58.34µm
_00720_,58.29µm
_00775_,58.29µm
_04046_,58.29µm
_05359_,58.29µm
net465,58.29µm
net1628,58.29µm
net2064,58.29µm
net2728,58.29µm
_05833_,58.24µm
net12,58.24µm
wrapper_inst.digital_domain_inst.signal_processor_y_inst.comp_sync,58.24µm
net689,58.24µm
net1500,58.24µm
_01274_,57.88µm
_04250_,57.88µm
_00817_,57.83µm
_02755_,57.83µm
_05035_,57.83µm
_05426_,57.83µm
_05732_,57.83µm
net57,57.83µm
net265,57.83µm
net640,57.83µm
net1356,57.83µm
_01624_,57.78µm
_02127_,57.78µm
_02775_,57.78µm
_04686_,57.78µm
net1660,57.78µm
_03348_,57.73µm
_05230_,57.73µm
net14,57.73µm
net1719,57.73µm
_01505_,57.68µm
_05469_,57.68µm
_05706_,57.68µm
net157,57.68µm
net1485,57.68µm
net2293,57.68µm
_05293_,57.37µm
_00697_,57.32µm
_00913_,57.32µm
_04642_,57.32µm
_03016_,57.27µm
net2458,57.27µm
_00655_,57.22µm
_00678_,57.22µm
_01642_,57.22µm
_05264_,57.22µm
net907,57.22µm
net1512,57.22µm
net2067,57.22µm
net2564,57.22µm
_00875_,57.17µm
_02461_,57.17µm
_03961_,57.17µm
_04045_,57.17µm
wrapper_inst.digital_domain_inst.cfg_f_MEMS_fcw_x\[15\],57.17µm
wrapper_inst.digital_domain_inst.spi_regs_inst.bit_cnt\[2\],57.17µm
net101,57.17µm
net357,57.17µm
net2657,57.17µm
_01775_,57.12µm
_04243_,57.12µm
_04548_,57.12µm
_05022_,57.12µm
net768,57.12µm
_00690_,56.81µm
_01008_,56.76µm
net883,56.76µm
_01251_,56.71µm
_02920_,56.71µm
_03541_,56.71µm
_01353_,56.66µm
_01477_,56.66µm
_01714_,56.66µm
_04437_,56.66µm
_05222_,56.66µm
net1039,56.66µm
net1918,56.66µm
_01729_,56.61µm
_03904_,56.61µm
_03921_,56.61µm
_04644_,56.61µm
_05460_,56.61µm
_05714_,56.61µm
wrapper_inst.digital_domain_inst.cfg_phase270_offset_x\[11\],56.61µm
net33,56.61µm
net509,56.61µm
net827,56.61µm
net1935,56.61µm
net2532,56.61µm
net2546,56.61µm
net2730,56.61µm
_02951_,56.56µm
net518,56.56µm
net585,56.56µm
net1185,56.56µm
net2554,56.56µm
_04332_,56.3µm
_03621_,56.2µm
_04527_,56.2µm
net2629,56.2µm
_01397_,56.15µm
_03927_,56.15µm
net2639,56.15µm
_00800_,56.1µm
_01369_,56.1µm
_02685_,56.1µm
_02711_,56.1µm
_03725_,56.1µm
_03971_,56.1µm
_05218_,56.1µm
net1528,56.1µm
net2722,56.1µm
_05957_,56.05µm
net719,56.05µm
net2154,56.05µm
net2610,56.05µm
net2672,56.05µm
net2707,56.05µm
_01422_,56µm
_04026_,56µm
_05495_,56µm
_03511_,55.64µm
_03613_,55.64µm
net277,55.64µm
_03522_,55.59µm
_04679_,55.59µm
_00877_,55.54µm
_02097_,55.54µm
_04097_,55.54µm
net630,55.54µm
net1043,55.54µm
net1514,55.54µm
net2176,55.54µm
net2534,55.54µm
net2761,55.54µm
_01224_,55.49µm
_02090_,55.49µm
_04388_,55.49µm
_05387_,55.49µm
wrapper_inst.digital_domain_inst.wave_controller_y_inst.phase_acc\[7\],55.49µm
net2598,55.49µm
net2806,55.49µm
_03587_,55.44µm
_03759_,55.44µm
_04403_,55.44µm
_04664_,55.44µm
_05595_,55.44µm
net515,55.44µm
net2493,55.08µm
_02031_,55.03µm
net419,55.03µm
_04846_,54.98µm
net251,54.98µm
net2749,54.98µm
_03398_,54.93µm
_03585_,54.93µm
_03645_,54.93µm
_05036_,54.93µm
net2452,54.93µm
_05003_,54.88µm
_05632_,54.88µm
net353,54.88µm
_01603_,54.57µm
net1548,54.57µm
_03903_,54.52µm
net2539,54.52µm
net1544,54.47µm
net2399,54.47µm
_01014_,54.42µm
_02675_,54.42µm
_03683_,54.42µm
_04972_,54.42µm
_05440_,54.42µm
wrapper_inst.digital_domain_inst.wave_controller_y_inst.capture_step\[0\],54.42µm
net87,54.42µm
net545,54.42µm
net1053,54.42µm
net2542,54.42µm
net2661,54.42µm
_04410_,54.37µm
net9,54.37µm
net1326,54.37µm
net2151,54.37µm
net2416,54.37µm
net2633,54.37µm
net2686,54.37µm
net2753,54.37µm
_00803_,54.32µm
_03947_,54.32µm
_04650_,54.32µm
_04683_,54.32µm
_03633_,54.11µm
net259,54.01µm
_01499_,53.91µm
_05070_,53.91µm
net61,53.91µm
_01835_,53.86µm
_02668_,53.86µm
_02844_,53.86µm
_02919_,53.86µm
wrapper_inst.digital_domain_inst.spi_regs_inst.reg_wr_addr\[5\],53.86µm
net958,53.86µm
net1779,53.86µm
net1806,53.86µm
net2549,53.86µm
net2689,53.86µm
net2770,53.86µm
_00778_,53.81µm
_00937_,53.81µm
_02414_,53.81µm
_03618_,53.81µm
_04667_,53.81µm
_05736_,53.81µm
net2237,53.81µm
net2279,53.81µm
net2805,53.81µm
_01400_,53.76µm
_02415_,53.76µm
_05810_,53.76µm
wrapper_inst.digital_domain_inst.signal_processor_y_inst.cnt_in\[1\],53.76µm
net534,53.76µm
net2081,53.76µm
net2620,53.76µm
net291,53.45µm
_00656_,53.35µm
_00847_,53.35µm
_01342_,53.35µm
_02089_,53.35µm
_03703_,53.35µm
wrapper_inst.digital_domain_inst.spi_regs_inst.bit_cnt\[0\],53.35µm
net1363,53.35µm
net2043,53.35µm
net2529,53.35µm
_01613_,53.3µm
_01650_,53.3µm
_03920_,53.3µm
_03935_,53.3µm
wrapper_inst.digital_domain_inst.raw_edge1_x\[2\],53.3µm
net322,53.3µm
net1986,53.3µm
net2485,53.3µm
net2545,53.3µm
net2712,53.3µm
_00871_,53.25µm
_01756_,53.25µm
_03472_,53.25µm
_03584_,53.25µm
_05191_,53.25µm
_05941_,53.25µm
net120,53.25µm
_01316_,53.2µm
_02091_,53.2µm
_03692_,53.2µm
net175,53.2µm
net1745,53.2µm
net2688,53.2µm
net2381,52.94µm
_00684_,52.79µm
_05042_,52.79µm
_05586_,52.79µm
_02067_,52.74µm
_03991_,52.74µm
_05105_,52.74µm
_05437_,52.74µm
wrapper_inst.digital_domain_inst.signal_processor_y_inst.cnt_out\[0\],52.74µm
net788,52.74µm
_00164_,52.69µm
_01563_,52.69µm
_03986_,52.69µm
net1244,52.69µm
net1489,52.69µm
net2107,52.69µm
net2282,52.69µm
net2538,52.69µm
net2648,52.69µm
net2801,52.69µm
_04832_,52.64µm
net532,52.64µm
net1036,52.64µm
net1230,52.64µm
net1998,52.64µm
_04290_,52.41µm
net262,52.33µm
_03768_,52.28µm
net215,52.28µm
net913,52.28µm
_01495_,52.23µm
_01618_,52.23µm
_04948_,52.23µm
_05152_,52.23µm
_00950_,52.18µm
_04421_,52.18µm
net310,52.18µm
net1111,52.18µm
net1335,52.18µm
net1451,52.18µm
net1484,52.18µm
_00035_,52.13µm
_01500_,52.13µm
_02518_,52.13µm
_03540_,52.13µm
_04516_,52.13µm
_04709_,52.13µm
_05313_,52.13µm
_05788_,52.13µm
net1132,52.13µm
net1268,52.13µm
net1546,52.13µm
_01216_,52.08µm
_01656_,52.08µm
_02199_,52.08µm
_03152_,52.08µm
_04572_,52.08µm
_05184_,52.08µm
_05894_,52.08µm
net525,52.08µm
_04663_,51.72µm
net601,51.72µm
net1747,51.72µm
_00785_,51.67µm
_03712_,51.67µm
_04252_,51.67µm
net293,51.67µm
_03405_,51.62µm
_03599_,51.62µm
_03783_,51.62µm
_03952_,51.62µm
_05664_,51.62µm
wrapper_inst.digital_domain_inst.delay_wave_cycle_x\[5\],51.62µm
net342,51.62µm
net1017,51.62µm
net2138,51.62µm
_00020_,51.57µm
_01163_,51.57µm
_03351_,51.57µm
_03595_,51.57µm
_06031_,51.57µm
wrapper_inst.digital_domain_inst.move_en_x_internal,51.57µm
wrapper_inst.digital_domain_inst.wave_controller_y_inst.phase_acc\[9\],51.57µm
net438,51.57µm
_03200_,51.52µm
net811,51.52µm
net837,51.52µm
net1704,51.52µm
net940,51.31µm
_01035_,51.16µm
_02740_,51.16µm
net1001,51.16µm
_04166_,51.11µm
net25,51.11µm
net1671,51.11µm
_04308_,51.06µm
_04517_,51.06µm
_04652_,51.06µm
_04704_,51.06µm
net1811,51.06µm
_00781_,51.01µm
_01137_,51.01µm
_01519_,51.01µm
_02712_,51.01µm
_03415_,51.01µm
_04144_,51.01µm
_04342_,51.01µm
_04539_,51.01µm
_05021_,51.01µm
_05170_,51.01µm
_05598_,51.01µm
wrapper_inst.digital_domain_inst.cfg_f_MEMS_fcw_x\[7\],51.01µm
wrapper_inst.digital_domain_inst.spi_regs_inst.rx_shift\[5\],51.01µm
net116,51.01µm
net1939,51.01µm
net2616,51.01µm
net2705,51.01µm
_01352_,50.96µm
_03949_,50.96µm
_04466_,50.96µm
net264,50.96µm
net945,50.96µm
net2693,50.96µm
_04074_,50.65µm
net1977,50.65µm
wrapper_inst.digital_domain_inst.raw_edge3_x\[8\],50.6µm
wrapper_inst.digital_domain_inst.signal_processor_y_inst.s90_pipe\[3\],50.6µm
_01350_,50.55µm
_03015_,50.55µm
net878,50.55µm
net952,50.55µm
net1184,50.55µm
_03847_,50.5µm
net281,50.5µm
_01851_,50.45µm
_01897_,50.45µm
_03518_,50.45µm
_04116_,50.45µm
_05468_,50.45µm
wrapper_inst.digital_domain_inst.spi_regs_inst.reg_wr_addr\[4\],50.45µm
wrapper_inst.digital_domain_inst.wave_controller_y_inst.phase_acc\[3\],50.45µm
net377,50.45µm
net932,50.45µm
_00864_,50.4µm
_04360_,50.4µm
_04631_,50.4µm
_05156_,50.4µm
_05666_,50.4µm
_05889_,50.4µm
net993,50.4µm
_00891_,50.27µm
_04918_,50.04µm
wrapper_inst.digital_domain_inst.raw_edge1_x\[15\],49.99µm
_03387_,49.94µm
net717,49.94µm
net1837,49.94µm
net2637,49.94µm
net2775,49.94µm
_00623_,49.89µm
_01086_,49.89µm
_02256_,49.89µm
_02347_,49.89µm
_02747_,49.89µm
_02915_,49.89µm
_04331_,49.89µm
_04711_,49.89µm
wrapper_inst.digital_domain_inst.wave_controller_x_inst.ref_ds_acc\[2\],49.89µm
net874,49.89µm
net2783,49.89µm
_01122_,49.84µm
_05249_,49.84µm
_05263_,49.84µm
_05585_,49.84µm
_05795_,49.84µm
_05832_,49.84µm
_04189_,49.48µm
wrapper_inst.digital_domain_inst.cfg_phase90_offset_x\[7\],49.48µm
net237,49.43µm
net2670,49.43µm
net2777,49.43µm
_02776_,49.38µm
_04525_,49.38µm
net60,49.38µm
net667,49.38µm
net1505,49.38µm
net2635,49.38µm
net2750,49.38µm
_02433_,49.33µm
_03061_,49.33µm
net66,49.33µm
net208,49.33µm
net557,49.33µm
net2524,49.33µm
_00558_,49.28µm
_04383_,49.28µm
net1476,49.28µm
net2296,49.28µm
_01268_,48.92µm
_03053_,48.87µm
net2791,48.87µm
_02478_,48.82µm
_02717_,48.82µm
_04399_,48.82µm
_05068_,48.82µm
_05103_,48.82µm
net165,48.82µm
net1077,48.82µm
_00529_,48.77µm
_01713_,48.77µm
_02207_,48.77µm
_03616_,48.77µm
_03751_,48.77µm
_04489_,48.77µm
_05703_,48.77µm
net2528,48.77µm
_03983_,48.72µm
net201,48.72µm
net1373,48.72µm
net2109,48.72µm
net307,48.54µm
_03607_,48.31µm
net110,48.31µm
net1475,48.31µm
net2776,48.31µm
_01591_,48.26µm
_02877_,48.26µm
_03643_,48.26µm
_03886_,48.26µm
net220,48.26µm
net776,48.26µm
net1083,48.26µm
net1508,48.26µm
net1693,48.26µm
net2551,48.26µm
_01401_,48.21µm
_03064_,48.21µm
_03719_,48.21µm
_03938_,48.21µm
_04232_,48.21µm
_04802_,48.21µm
net1726,48.21µm
_05000_,48.16µm
_05477_,48.16µm
_06007_,48.16µm
wrapper_inst.digital_domain_inst.raw_edge2_x\[8\],48.16µm
net2391,48.16µm
net1861,47.98µm
_00685_,47.75µm
_04598_,47.75µm
net445,47.75µm
net2723,47.75µm
_00735_,47.7µm
_01131_,47.7µm
_01620_,47.7µm
_01728_,47.7µm
_02444_,47.7µm
_05205_,47.7µm
net86,47.7µm
net1770,47.7µm
net1942,47.7µm
net2083,47.7µm
net2684,47.7µm
net2701,47.7µm
_03329_,47.65µm
_03332_,47.65µm
net290,47.65µm
net2526,47.65µm
net2734,47.65µm
_01577_,47.6µm
_02002_,47.6µm
_03349_,47.6µm
_03508_,47.6µm
wrapper_inst.digital_domain_inst.soft_rst,47.6µm
net2098,47.6µm
net2251,47.6µm
_01011_,47.29µm
_04872_,47.29µm
_05529_,47.29µm
_03646_,47.24µm
_01488_,47.19µm
_02710_,47.19µm
_04112_,47.19µm
_04924_,47.19µm
_05653_,47.19µm
net1495,47.19µm
net1676,47.19µm
_00790_,47.14µm
_00815_,47.14µm
_02517_,47.14µm
_04253_,47.14µm
_04504_,47.14µm
_05085_,47.14µm
_05287_,47.14µm
wrapper_inst.digital_domain_inst.wave_controller_x_inst.comp_sync4,47.14µm
net380,47.14µm
net459,47.14µm
net1400,47.14µm
net2782,47.14µm
_00822_,47.09µm
_01615_,47.09µm
_02203_,47.09µm
_03067_,47.09µm
_03681_,47.09µm
net386,47.09µm
_00038_,47.04µm
_04206_,47.04µm
_05447_,47.04µm
net136,47.04µm
net345,47.04µm
net955,47.04µm
net2547,47.04µm
net2555,47.04µm
_00863_,46.68µm
_05443_,46.68µm
_01044_,46.63µm
_01846_,46.63µm
_02911_,46.63µm
_04927_,46.63µm
_00989_,46.58µm
_02671_,46.58µm
_03047_,46.58µm
_03481_,46.58µm
_03807_,46.58µm
_03887_,46.58µm
_04339_,46.58µm
net944,46.58µm
net1523,46.58µm
net2710,46.58µm
_04363_,46.53µm
_04753_,46.53µm
_04941_,46.53µm
net1509,46.53µm
_01586_,46.48µm
_04656_,46.48µm
net1076,46.48µm
net1863,46.48µm
net2001,46.4µm
net282,46.12µm
net427,46.07µm
_03014_,46.02µm
_03363_,46.02µm
_03612_,46.02µm
_04910_,46.02µm
net76,46.02µm
net209,46.02µm
net2426,46.02µm
net2747,46.02µm
_00712_,45.97µm
_00749_,45.97µm
_01384_,45.97µm
_01386_,45.97µm
_03560_,45.97µm
_05027_,45.97µm
_05550_,45.97µm
wrapper_inst.digital_domain_inst.wave_controller_x_inst.ref_ds_acc\[1\],45.97µm
net898,45.97µm
_03414_,45.92µm
wrapper_inst.digital_domain_inst.cfg_phase90_offset_y\[9\],45.92µm
net286,45.92µm
net681,45.92µm
net1374,45.92µm
net1960,45.71µm
_00921_,45.56µm
_00635_,45.51µm
_01798_,45.51µm
_03912_,45.51µm
_03931_,45.51µm
_05102_,45.51µm
_05552_,45.51µm
net2695,45.51µm
_01055_,45.46µm
_01117_,45.46µm
_01781_,45.46µm
net886,45.46µm
net2358,45.46µm
net2760,45.46µm
_01399_,45.41µm
_03318_,45.41µm
_03335_,45.41µm
_04294_,45.41µm
_06036_,45.41µm
net784,45.41µm
net1023,45.41µm
net2503,45.41µm
_01711_,45.36µm
_04042_,45.36µm
net481,45.36µm
net845,45.36µm
net2125,45.36µm
_04493_,45.23µm
_01169_,45.13µm
_00852_,44.95µm
_02772_,44.95µm
net362,44.95µm
net415,44.95µm
_00820_,44.9µm
_03313_,44.9µm
_03940_,44.9µm
_05136_,44.9µm
wrapper_inst.digital_domain_inst.raw_edge2_x\[0\],44.9µm
net1784,44.9µm
net2731,44.9µm
_01839_,44.85µm
_02342_,44.85µm
_03396_,44.85µm
_03439_,44.85µm
_04681_,44.85µm
_04995_,44.85µm
wrapper_inst.digital_domain_inst.cfg_phase0_offset_y\[3\],44.85µm
wrapper_inst.digital_domain_inst.wave_controller_y_inst.ref_ds_acc\[6\],44.85µm
net2787,44.85µm
_00838_,44.8µm
_01444_,44.8µm
_04996_,44.8µm
_05882_,44.8µm
wrapper_inst.digital_domain_inst.cfg_f_MEMS_fcw_x\[11\],44.8µm
net818,44.8µm
net1469,44.8µm
net2127,44.8µm
_04279_,44.54µm
_03682_,44.49µm
_00719_,44.44µm
_05133_,44.44µm
_02136_,44.39µm
_03315_,44.39µm
_04690_,44.39µm
wrapper_inst.digital_domain_inst.cfg_phase270_offset_y\[3\],44.39µm
wrapper_inst.digital_domain_inst.delay_wave_cycle_x\[1\],44.39µm
_02183_,44.34µm
_02875_,44.34µm
_04328_,44.34µm
wrapper_inst.digital_domain_inst.wave_controller_y_inst.phase_acc\[17\],44.34µm
net1172,44.34µm
net1423,44.34µm
_01576_,44.29µm
_03478_,44.29µm
_03666_,44.29µm
_04380_,44.29µm
_04804_,44.29µm
_05755_,44.29µm
net685,44.29µm
net951,44.29µm
net1101,44.29µm
net1583,44.29µm
net2671,44.29µm
_01702_,44.24µm
_02048_,44.24µm
_04382_,44.24µm
_05177_,44.24µm
_05887_,44.24µm
_04955_,43.88µm
net1839,43.88µm
_00710_,43.83µm
_00711_,43.83µm
_00757_,43.83µm
_05122_,43.83µm
_01371_,43.78µm
_01496_,43.78µm
_02980_,43.78µm
_03647_,43.78µm
_03911_,43.78µm
wrapper_inst.digital_domain_inst.raw_edge1_y\[16\],43.78µm
wrapper_inst.digital_domain_inst.signal_processor_y_inst.cnt_out\[1\],43.78µm
net1092,43.78µm
net1760,43.78µm
net2669,43.78µm
_01106_,43.73µm
_01593_,43.73µm
_03640_,43.73µm
_03985_,43.73µm
_04755_,43.73µm
_05007_,43.73µm
_05186_,43.73µm
_05292_,43.73µm
_05807_,43.73µm
_05980_,43.73µm
wrapper_inst.digital_domain_inst.latch_phase270_x,43.73µm
net285,43.73µm
net315,43.73µm
net1498,43.73µm
net2087,43.73µm
net2204,43.73µm
net2798,43.73µm
_00015_,43.68µm
_01852_,43.68µm
_03994_,43.68µm
_04311_,43.68µm
_05134_,43.68µm
_05679_,43.68µm
net1529,43.68µm
_01455_,43.32µm
_01622_,43.32µm
_04961_,43.27µm
_00807_,43.22µm
_01161_,43.22µm
_01943_,43.22µm
_03112_,43.22µm
_03743_,43.22µm
_03929_,43.22µm
_05574_,43.22µm
wrapper_inst.digital_domain_inst.cfg_f_MEMS_fcw_y\[7\],43.22µm
net2584,43.22µm
_01512_,43.17µm
_01722_,43.17µm
_01947_,43.17µm
_04335_,43.17µm
_04922_,43.17µm
_05193_,43.17µm
_05296_,43.17µm
net426,43.17µm
net2210,43.17µm
net2618,43.17µm
_01160_,43.12µm
_02944_,43.12µm
_04675_,43.12µm
net378,43.12µm
net2441,43.12µm
net461,42.89µm
_04906_,42.81µm
net36,42.81µm
_05406_,42.76µm
_01653_,42.71µm
_04883_,42.71µm
_05109_,42.71µm
net773,42.71µm
net2022,42.71µm
_01626_,42.66µm
_03657_,42.66µm
_03880_,42.66µm
_05209_,42.66µm
_05245_,42.66µm
net31,42.66µm
net320,42.66µm
_01487_,42.61µm
_01592_,42.61µm
_01738_,42.61µm
_02073_,42.61µm
net155,42.61µm
net852,42.61µm
_00851_,42.56µm
_03403_,42.56µm
_03583_,42.56µm
_05424_,42.56µm
_05549_,42.56µm
_05676_,42.56µm
_05738_,42.56µm
_05758_,42.56µm
_05994_,42.56µm
net2569,42.56µm
_02701_,42.25µm
_01361_,42.15µm
_02513_,42.15µm
_02781_,42.15µm
_02917_,42.15µm
_03730_,42.15µm
_04088_,42.15µm
net159,42.15µm
net1978,42.15µm
net2619,42.15µm
_01068_,42.1µm
_01420_,42.1µm
_01554_,42.1µm
_01857_,42.1µm
_03075_,42.1µm
_03878_,42.1µm
_05015_,42.1µm
_05304_,42.1µm
_05525_,42.1µm
_03283_,42.05µm
_03905_,42.05µm
_05001_,42.05µm
_05044_,42.05µm
_05098_,42.05µm
_06016_,42.05µm
_06035_,42.05µm
_03960_,42µm
_05934_,42µm
_05985_,42µm
net1078,42µm
net2641,42µm
_03844_,41.64µm
_05515_,41.64µm
wrapper_inst.digital_domain_inst.signal_processor_x_inst.cnt_out\[2\],41.64µm
net1829,41.64µm
_01457_,41.59µm
_04066_,41.59µm
_00597_,41.54µm
_01180_,41.54µm
_04875_,41.54µm
_04909_,41.54µm
_05158_,41.54µm
net121,41.54µm
net2623,41.54µm
_01483_,41.49µm
_01614_,41.49µm
_02103_,41.49µm
_03224_,41.49µm
_04661_,41.49µm
_05613_,41.49µm
net1219,41.49µm
_02180_,41.44µm
_03720_,41.44µm
_04718_,41.44µm
_05248_,41.44µm
_05111_,41.26µm
_01649_,41.13µm
_02299_,41.13µm
_05118_,41.13µm
net156,41.13µm
_00727_,41.08µm
_01345_,41.03µm
_01347_,41.03µm
_04741_,41.03µm
_05415_,41.03µm
wrapper_inst.digital_domain_inst.spi_regs_inst.bit_cnt\[1\],41.03µm
net1013,41.03µm
net2674,41.03µm
_04649_,41.02µm
_00810_,40.98µm
_01300_,40.98µm
_01778_,40.98µm
_02346_,40.98µm
_04330_,40.98µm
_04800_,40.98µm
wrapper_inst.digital_domain_inst.raw_edge1_x\[6\],40.98µm
net1022,40.98µm
net1637,40.98µm
_01194_,40.93µm
_01590_,40.93µm
_03344_,40.93µm
_03603_,40.93µm
_04529_,40.93µm
net365,40.93µm
net1521,40.93µm
net2025,40.93µm
_01178_,40.88µm
_01701_,40.88µm
_01721_,40.88µm
net1125,40.88µm
net2387,40.88µm
wrapper_inst.digital_domain_inst.delay_wave_cycle_y\[3\],40.52µm
wrapper_inst.digital_domain_inst.signal_processor_y_inst.cycle_count\[1\],40.52µm
net301,40.52µm
_03639_,40.47µm
wrapper_inst.digital_domain_inst.raw_edge1_x\[8\],40.47µm
net1208,40.47µm
_01492_,40.42µm
_01559_,40.42µm
_02144_,40.42µm
_02230_,40.42µm
net289,40.42µm
net648,40.42µm
net2002,40.42µm
_04397_,40.37µm
_04469_,40.37µm
_05493_,40.37µm
net714,40.37µm
net990,40.37µm
net1836,40.37µm
net2394,40.37µm
net2541,40.37µm
net2702,40.37µm
_00187_,40.32µm
_01619_,40.32µm
_01699_,40.32µm
_03981_,40.32µm
_04051_,40.32µm
_04395_,40.32µm
_05210_,40.32µm
_05733_,40.32µm
_05862_,40.32µm
net1227,40.32µm
net2563,40.32µm
_01685_,40.04µm
_05265_,40.01µm
net1988,39.96µm
_00848_,39.91µm
_02472_,39.91µm
_05242_,39.91µm
net248,39.91µm
_01087_,39.86µm
_02487_,39.86µm
_03663_,39.86µm
_03977_,39.86µm
_04694_,39.86µm
_04903_,39.86µm
_05121_,39.86µm
_05405_,39.86µm
wrapper_inst.digital_domain_inst.cfg_phase270_offset_x\[12\],39.86µm
wrapper_inst.digital_domain_inst.raw_edge2_x\[2\],39.86µm
net247,39.86µm
_00809_,39.81µm
_01539_,39.81µm
_02957_,39.81µm
_03389_,39.81µm
_03515_,39.81µm
_04062_,39.81µm
_04967_,39.81µm
_05135_,39.81µm
_05376_,39.81µm
_05433_,39.81µm
_05944_,39.81µm
wrapper_inst.digital_domain_inst.wave_controller_y_inst.cal_burst_armed,39.81µm
net657,39.81µm
net2653,39.81µm
net2716,39.81µm
_00296_,39.76µm
_01797_,39.76µm
_02276_,39.76µm
_03836_,39.76µm
_04049_,39.76µm
_04462_,39.76µm
_04506_,39.76µm
_04833_,39.76µm
_05407_,39.4µm
_00709_,39.35µm
_01146_,39.35µm
_03391_,39.35µm
_00707_,39.3µm
_01237_,39.3µm
_01672_,39.3µm
_01930_,39.3µm
_04381_,39.3µm
_04457_,39.3µm
net1180,39.3µm
net1569,39.3µm
net1625,39.3µm
net2596,39.3µm
net2607,39.3µm
_00007_,39.25µm
_01582_,39.25µm
_01812_,39.25µm
_02038_,39.25µm
_03606_,39.25µm
_03934_,39.25µm
_04109_,39.25µm
_04356_,39.25µm
_05055_,39.25µm
_05524_,39.25µm
net1067,39.25µm
_01123_,39.2µm
_01647_,39.2µm
_02075_,39.2µm
_02204_,39.2µm
_03638_,39.2µm
_03789_,39.2µm
_04327_,39.2µm
_05466_,39.2µm
_06000_,39.2µm
net1967,39.2µm
net2609,39.2µm
_03939_,38.84µm
_04854_,38.84µm
net202,38.81µm
_03625_,38.79µm
_01201_,38.74µm
_01631_,38.74µm
_04135_,38.74µm
net409,38.74µm
net875,38.74µm
_00786_,38.69µm
_01022_,38.69µm
_01428_,38.69µm
_01608_,38.69µm
_01643_,38.69µm
_01767_,38.69µm
_02082_,38.69µm
_02215_,38.69µm
_04200_,38.69µm
_04807_,38.69µm
_05712_,38.69µm
net1908,38.69µm
net2246,38.69µm
net2621,38.69µm
_01179_,38.64µm
_01736_,38.64µm
_02072_,38.64µm
_03628_,38.64µm
_05081_,38.64µm
net2617,38.64µm
_03096_,38.36µm
_00746_,38.28µm
net1897,38.28µm
_01534_,38.23µm
_04318_,38.23µm
wrapper_inst.digital_domain_inst.wave_controller_x_inst.cal_burst_count\[0\],38.23µm
_03673_,38.18µm
_04518_,38.18µm
_04632_,38.18µm
wrapper_inst.digital_domain_inst.signal_processor_y_inst.s90,38.18µm
net2773,38.18µm
_02005_,38.13µm
_02064_,38.13µm
_02498_,38.13µm
_02978_,38.13µm
_03507_,38.13µm
_03689_,38.13µm
_04108_,38.13µm
_04591_,38.13µm
_04769_,38.13µm
_04870_,38.13µm
_05167_,38.13µm
wrapper_inst.digital_domain_inst.wave_controller_y_inst.ref_ds_acc\[5\],38.13µm
_00627_,38.08µm
_01630_,38.08µm
_02449_,38.08µm
_02328_,37.72µm
_02302_,37.67µm
_03454_,37.67µm
_03721_,37.67µm
_03881_,37.67µm
_01842_,37.62µm
_02312_,37.62µm
_02399_,37.62µm
_02945_,37.62µm
_03343_,37.62µm
_03739_,37.62µm
_04095_,37.62µm
_05056_,37.62µm
_05545_,37.62µm
net283,37.62µm
net2216,37.62µm
net2372,37.62µm
net2586,37.62µm
net2660,37.62µm
_00160_,37.57µm
_01114_,37.57µm
_01147_,37.57µm
_01159_,37.57µm
_01328_,37.57µm
_01482_,37.57µm
_02125_,37.57µm
_03467_,37.57µm
_03988_,37.57µm
_04385_,37.57µm
_05629_,37.57µm
_06027_,37.57µm
wrapper_inst.digital_domain_inst.cfg_phase90_offset_x\[13\],37.57µm
net1054,37.57µm
net1471,37.57µm
net2075,37.57µm
net2544,37.57µm
net2706,37.57µm
net2763,37.57µm
_01129_,37.52µm
_01200_,37.52µm
_01378_,37.52µm
_01518_,37.52µm
_03670_,37.52µm
_03953_,37.52µm
_04329_,37.52µm
_04815_,37.52µm
_05627_,37.52µm
net2295,37.52µm
_04790_,37.16µm
_01049_,37.11µm
_05065_,37.11µm
net207,37.11µm
_00787_,37.06µm
_04497_,37.06µm
_04503_,37.06µm
net337,37.06µm
net1203,37.06µm
net2299,37.06µm
_01261_,37.01µm
_01561_,37.01µm
_03059_,37.01µm
_04003_,37.01µm
_04429_,37.01µm
_05012_,37.01µm
_05150_,37.01µm
wrapper_inst.digital_domain_inst.signal_processor_y_inst.cycle_count\[2\],37.01µm
net450,37.01µm
net1517,37.01µm
_01066_,36.96µm
_01944_,36.96µm
_02045_,36.96µm
_03299_,36.96µm
_03642_,36.96µm
_05057_,36.96µm
_05175_,36.96µm
wrapper_inst.digital_domain_inst.spi_regs_inst.reg_wr_addr\[6\],36.96µm
net530,36.96µm
_00813_,36.55µm
_01002_,36.55µm
_04029_,36.55µm
_05578_,36.55µm
net313,36.55µm
net1758,36.55µm
net2015,36.55µm
_00714_,36.5µm
_01759_,36.5µm
_02468_,36.5µm
_04177_,36.5µm
_04638_,36.5µm
wrapper_inst.digital_domain_inst.wave_controller_y_inst.phase_acc\[1\],36.5µm
net2229,36.5µm
net2793,36.5µm
_00641_,36.45µm
_01234_,36.45µm
_01503_,36.45µm
_01741_,36.45µm
_01750_,36.45µm
_01978_,36.45µm
_02878_,36.45µm
_02937_,36.45µm
_04093_,36.45µm
_04610_,36.45µm
_05528_,36.45µm
net319,36.45µm
_03298_,36.4µm
_03925_,36.4µm
_04560_,36.4µm
_04855_,36.4µm
_04862_,36.4µm
_05143_,36.4µm
_05539_,36.4µm
_05840_,36.4µm
_05853_,36.4µm
net2178,36.4µm
net2304,36.4µm
net2575,36.4µm
_03672_,36.09µm
_04881_,36.04µm
_00972_,35.99µm
_02954_,35.99µm
_04111_,35.99µm
_04680_,35.99µm
_05254_,35.99µm
_00824_,35.94µm
_00879_,35.94µm
_01429_,35.94µm
_02202_,35.94µm
_03116_,35.94µm
_03411_,35.94µm
_03842_,35.94µm
_03950_,35.94µm
_04236_,35.94µm
_04319_,35.94µm
_04666_,35.94µm
_05148_,35.94µm
net102,35.94µm
net253,35.94µm
net299,35.94µm
net306,35.94µm
net865,35.94µm
net2468,35.94µm
_00657_,35.89µm
_00819_,35.89µm
_00931_,35.89µm
_01275_,35.89µm
_01739_,35.89µm
_03419_,35.89µm
_03688_,35.89µm
_04204_,35.89µm
_04657_,35.89µm
_05356_,35.89µm
_05672_,35.89µm
net872,35.89µm
net1200,35.89µm
net2743,35.89µm
_00101_,35.84µm
_01542_,35.84µm
_01678_,35.84µm
_01853_,35.84µm
_02874_,35.84µm
_03144_,35.84µm
_04902_,35.84µm
_05678_,35.84µm
_06003_,35.84µm
_06008_,35.84µm
net228,35.84µm
net1905,35.84µm
_05640_,35.48µm
wrapper_inst.digital_domain_inst.signal_processor_x_inst.cycle_count\[2\],35.48µm
net295,35.48µm
net1455,35.43µm
_01520_,35.38µm
_01885_,35.38µm
_02191_,35.38µm
_02725_,35.38µm
_02922_,35.38µm
_02971_,35.38µm
_03825_,35.38µm
_04030_,35.38µm
_04669_,35.38µm
_04868_,35.38µm
net421,35.38µm
net1217,35.38µm
_01248_,35.33µm
_01380_,35.33µm
_01484_,35.33µm
_01606_,35.33µm
_02079_,35.33µm
_02405_,35.33µm
_02432_,35.33µm
_03192_,35.33µm
_05013_,35.33µm
_05038_,35.33µm
_05094_,35.33µm
_05400_,35.33µm
_05685_,35.33µm
wrapper_inst.digital_domain_inst.raw_edge3_x\[4\],35.33µm
net39,35.33µm
net1112,35.33µm
net2765,35.33µm
_00001_,35.28µm
_01140_,35.28µm
_01494_,35.28µm
_01528_,35.28µm
_01623_,35.28µm
_01925_,35.28µm
_02259_,35.28µm
_02782_,35.28µm
_03149_,35.28µm
_03519_,35.28µm
_04284_,35.28µm
_04510_,35.28µm
_04914_,35.28µm
_05673_,35.28µm
_05928_,35.28µm
_01034_,34.87µm
_01489_,34.87µm
_01757_,34.87µm
_02333_,34.87µm
_02338_,34.87µm
_02891_,34.87µm
_04148_,34.87µm
_04487_,34.87µm
net1491,34.87µm
_01304_,34.82µm
_03143_,34.82µm
_03400_,34.82µm
_03659_,34.82µm
_03665_,34.82µm
_04092_,34.82µm
_04676_,34.82µm
wrapper_inst.digital_domain_inst.wave_controller_x_inst.ref_ds_acc\[4\],34.82µm
net463,34.82µm
net544,34.82µm
net2691,34.82µm
_00857_,34.77µm
_00902_,34.77µm
_00959_,34.77µm
_02176_,34.77µm
_02942_,34.77µm
_04396_,34.77µm
_04555_,34.77µm
_04691_,34.77µm
_04695_,34.77µm
_04812_,34.77µm
_05008_,34.77µm
_05241_,34.77µm
_05370_,34.77µm
_05434_,34.77µm
net860,34.77µm
net897,34.77µm
net1976,34.77µm
_01392_,34.72µm
_02788_,34.72µm
_02916_,34.72µm
_03392_,34.72µm
_03505_,34.72µm
_04639_,34.72µm
_05188_,34.72µm
_05203_,34.72µm
wrapper_inst.digital_domain_inst.spi_regs_inst.tx_shift\[3\],34.72µm
net2479,34.72µm
net704,34.31µm
_00922_,34.26µm
_01105_,34.26µm
_01197_,34.26µm
_02876_,34.26µm
_03009_,34.26µm
_04564_,34.26µm
net62,34.26µm
net2659,34.26µm
_00057_,34.21µm
_01005_,34.21µm
_01419_,34.21µm
_01490_,34.21µm
_01748_,34.21µm
_03233_,34.21µm
_03987_,34.21µm
_04748_,34.21µm
_05091_,34.21µm
_05413_,34.21µm
wrapper_inst.digital_domain_inst.cfg_phase0_offset_y\[7\],34.21µm
wrapper_inst.digital_domain_inst.raw_edge2_x\[10\],34.21µm
net927,34.21µm
net2638,34.21µm
net2769,34.21µm
_01228_,34.16µm
_01311_,34.16µm
_01413_,34.16µm
_02214_,34.16µm
_03018_,34.16µm
_03252_,34.16µm
_05686_,34.16µm
wrapper_inst.digital_domain_inst.raw_edge2_y\[15\],34.16µm
net2501,34.16µm
_05037_,34.11µm
_02754_,33.93µm
net2429,33.85µm
_01654_,33.75µm
_02736_,33.75µm
_04173_,33.75µm
_05123_,33.75µm
_05554_,33.75µm
_02930_,33.7µm
_05380_,33.7µm
net1840,33.7µm
_01059_,33.65µm
_01909_,33.65µm
_02284_,33.65µm
_03360_,33.65µm
_03785_,33.65µm
_03948_,33.65µm
_04505_,33.65µm
_05654_,33.65µm
wrapper_inst.digital_domain_inst.cal_timeout_x,33.65µm
net1690,33.65µm
net2662,33.65µm
_00850_,33.6µm
_01449_,33.6µm
_01565_,33.6µm
_03011_,33.6µm
_03593_,33.6µm
_03662_,33.6µm
_04480_,33.6µm
wrapper_inst.digital_domain_inst.wave_controller_x_inst.phase_acc\[14\],33.6µm
net35,33.6µm
_03274_,33.19µm
_04688_,33.19µm
_05665_,33.19µm
net2535,33.19µm
_02949_,33.14µm
_03849_,33.14µm
_04110_,33.14µm
_04120_,33.14µm
_04823_,33.14µm
_04950_,33.14µm
_05227_,33.14µm
_05590_,33.14µm
_00812_,33.09µm
_01108_,33.09µm
_02918_,33.09µm
_02948_,33.09µm
_03022_,33.09µm
_03650_,33.09µm
_03820_,33.09µm
_03930_,33.09µm
_04411_,33.09µm
_04706_,33.09µm
_04777_,33.09µm
_04939_,33.09µm
_05661_,33.09µm
_05735_,33.09µm
net1042,33.09µm
_03065_,33.04µm
_03754_,33.04µm
_04292_,33.04µm
_04361_,33.04µm
_04467_,33.04µm
_04757_,33.04µm
_05298_,33.04µm
wrapper_inst.digital_domain_inst.raw_edge2_x\[3\],33.04µm
net381,33.04µm
_00794_,32.63µm
_01425_,32.63µm
_01491_,32.63µm
_01988_,32.63µm
_02291_,32.63µm
_03146_,32.63µm
_05416_,32.63µm
net1577,32.63µm
net2021,32.63µm
_01633_,32.58µm
_02167_,32.58µm
_04242_,32.58µm
_04602_,32.58µm
wrapper_inst.digital_domain_inst.spi_regs_inst.mosi_sync\[0\],32.58µm
net111,32.58µm
net383,32.58µm
net1428,32.58µm
_00567_,32.53µm
_00644_,32.53µm
_01062_,32.53µm
_01173_,32.53µm
_01199_,32.53µm
_01629_,32.53µm
_02335_,32.53µm
_03455_,32.53µm
_04056_,32.53µm
_04118_,32.53µm
_04923_,32.53µm
_05104_,32.53µm
_05451_,32.53µm
_05486_,32.53µm
wrapper_inst.digital_domain_inst.wave_controller_x_inst.ref_ds_acc\[7\],32.53µm
net1524,32.53µm
net1689,32.53µm
_00204_,32.48µm
_02729_,32.48µm
_02750_,32.48µm
_03226_,32.48µm
_03334_,32.48µm
_03997_,32.48µm
_05029_,32.48µm
_05535_,32.48µm
net50,32.48µm
net723,32.48µm
_01485_,32.12µm
_02769_,32.07µm
_03727_,32.07µm
_04869_,32.07µm
_04893_,32.07µm
_05099_,32.07µm
_05399_,32.07µm
net2779,32.07µm
_00808_,32.02µm
_01662_,32.02µm
_03155_,32.02µm
_03615_,32.02µm
_04551_,32.02µm
_04660_,32.02µm
_04925_,32.02µm
_05216_,32.02µm
net200,32.02µm
net305,32.02µm
net361,32.02µm
net1343,32.02µm
_00630_,31.97µm
_00770_,31.97µm
_01375_,31.97µm
_01476_,31.97µm
_02139_,31.97µm
_02732_,31.97µm
_03142_,31.97µm
_03499_,31.97µm
_03810_,31.97µm
_03906_,31.97µm
_04014_,31.97µm
_04230_,31.97µm
_05530_,31.97µm
_05834_,31.97µm
net258,31.97µm
net278,31.97µm
net2466,31.97µm
net2634,31.97µm
net2748,31.97µm
net2778,31.97µm
_01579_,31.92µm
_01877_,31.92µm
_03737_,31.92µm
_03937_,31.92µm
_04079_,31.92µm
_04306_,31.92µm
_04449_,31.92µm
_04892_,31.92µm
_05020_,31.92µm
_05421_,31.92µm
net1002,31.92µm
net1344,31.92µm
_01984_,31.51µm
_02113_,31.51µm
_03791_,31.51µm
wrapper_inst.digital_domain_inst.wave_controller_x_inst.wave_cycle_cnt\[4\],31.51µm
net1781,31.51µm
_01911_,31.46µm
_02181_,31.46µm
_04016_,31.46µm
_04267_,31.46µm
_04879_,31.46µm
_05031_,31.46µm
wrapper_inst.digital_domain_inst.wave_controller_y_inst.ds_acc\[5\],31.46µm
net548,31.46µm
_00869_,31.41µm
_01078_,31.41µm
_01135_,31.41µm
_01387_,31.41µm
_01985_,31.41µm
_02080_,31.41µm
_02324_,31.41µm
_04295_,31.41µm
_04567_,31.41µm
_04678_,31.41µm
_04721_,31.41µm
_05006_,31.41µm
_05237_,31.41µm
wrapper_inst.digital_domain_inst.wave_controller_y_inst.cal_burst_count\[0\],31.41µm
net1173,31.41µm
net2759,31.41µm
_02036_,31.36µm
_02216_,31.36µm
_03750_,31.36µm
_05190_,31.36µm
net1161,31.36µm
_01464_,31µm
_02760_,31µm
net296,31µm
_00653_,30.95µm
_03619_,30.95µm
wrapper_inst.digital_domain_inst.wave_controller_y_inst.wave_cycle_cnt\[2\],30.95µm
net1266,30.95µm
net1329,30.95µm
_01081_,30.9µm
_01552_,30.9µm
_03042_,30.9µm
_04677_,30.9µm
_05145_,30.9µm
_05611_,30.9µm
wrapper_inst.digital_domain_inst.wave_controller_x_inst.phase_acc\[6\],30.9µm
net2527,30.9µm
net2556,30.9µm
_01096_,30.85µm
_02068_,30.85µm
_02406_,30.85µm
_02524_,30.85µm
_03040_,30.85µm
_03074_,30.85µm
_03140_,30.85µm
_04372_,30.85µm
_04391_,30.85µm
_04759_,30.85µm
_05479_,30.85µm
_05547_,30.85µm
wrapper_inst.digital_domain_inst.signal_processor_x_inst.cnt_out\[0\],30.85µm
wrapper_inst.digital_domain_inst.wave_controller_x_inst.phase_acc\[1\],30.85µm
net170,30.85µm
net1513,30.85µm
net2340,30.85µm
_00071_,30.8µm
_01101_,30.8µm
_01190_,30.8µm
_01481_,30.8µm
_01913_,30.8µm
_02051_,30.8µm
_03021_,30.8µm
_04338_,30.8µm
_04933_,30.8µm
_05054_,30.8µm
_05403_,30.8µm
_05637_,30.8µm
_05660_,30.8µm
_05808_,30.8µm
net922,30.8µm
net1151,30.8µm
_03602_,30.44µm
_04552_,30.44µm
_00911_,30.39µm
_05517_,30.39µm
wrapper_inst.digital_domain_inst.signal_processor_y_inst.cnt_in\[2\],30.39µm
net2732,30.39µm
_00280_,30.34µm
_00658_,30.34µm
_00908_,30.34µm
_02225_,30.34µm
_03055_,30.34µm
_03709_,30.34µm
_03817_,30.34µm
_03907_,30.34µm
_03936_,30.34µm
_04998_,30.34µm
_05067_,30.34µm
wrapper_inst.digital_domain_inst.wave_controller_y_inst.ds_acc\[6\],30.34µm
net805,30.34µm
net914,30.34µm
net2033,30.34µm
net2497,30.34µm
_01276_,30.29µm
_01277_,30.29µm
_01902_,30.29µm
_02211_,30.29µm
_02594_,30.29µm
_03037_,30.29µm
_03664_,30.29µm
_03795_,30.29µm
_04221_,30.29µm
_04540_,30.29µm
_05010_,30.29µm
net1591,30.29µm
net2419,30.29µm
net2797,30.29µm
_01393_,30.24µm
_01912_,30.24µm
_02441_,30.24µm
_02495_,30.24µm
_02880_,30.24µm
_03496_,30.24µm
_05311_,30.24µm
_05343_,30.24µm
_06039_,30.24µm
net1025,30.24µm
wrapper_inst.digital_domain_inst.wave_controller_x_inst.ref_ds_acc\[6\],29.88µm
_01091_,29.83µm
_01273_,29.83µm
_04132_,29.83µm
_05243_,29.83µm
_02332_,29.78µm
_02500_,29.78µm
_03408_,29.78µm
_04220_,29.78µm
_04229_,29.78µm
_04488_,29.78µm
_05166_,29.78µm
_05221_,29.78µm
_05497_,29.78µm
_05989_,29.78µm
net2198,29.78µm
net2562,29.78µm
_00897_,29.73µm
_02057_,29.73µm
_02221_,29.73µm
_02264_,29.73µm
_02741_,29.73µm
_03044_,29.73µm
_03293_,29.73µm
_03704_,29.73µm
_04126_,29.73µm
_04413_,29.73µm
_04526_,29.73µm
_04989_,29.73µm
_05063_,29.73µm
_05107_,29.73µm
_05318_,29.73µm
_05386_,29.73µm
_05444_,29.73µm
wrapper_inst.digital_domain_inst.raw_edge1_y\[11\],29.73µm
net2698,29.73µm
_00004_,29.68µm
_00182_,29.68µm
_00551_,29.68µm
_01404_,29.68µm
_01560_,29.68µm
_02691_,29.68µm
_02898_,29.68µm
_02952_,29.68µm
_04073_,29.68µm
_04900_,29.68µm
_05312_,29.68µm
net335,29.68µm
net2757,29.68µm
_02705_,29.37µm
_03277_,29.32µm
_03724_,29.32µm
_04809_,29.32µm
_00776_,29.27µm
_02575_,29.27µm
_04055_,29.27µm
wrapper_inst.digital_domain_inst.wave_controller_y_inst.phase_acc\[18\],29.27µm
_00612_,29.22µm
_00940_,29.22µm
_00960_,29.22µm
_01126_,29.22µm
_02958_,29.22µm
_04077_,29.22µm
_04262_,29.22µm
_04583_,29.22µm
_04861_,29.22µm
_05913_,29.22µm
wrapper_inst.digital_domain_inst.spi_regs_inst.tx_shift\[5\],29.22µm
net37,29.22µm
net316,29.22µm
_00041_,29.17µm
_00823_,29.17µm
_00910_,29.17µm
_01417_,29.17µm
_01859_,29.17µm
_02063_,29.17µm
_02643_,29.17µm
_04908_,29.17µm
wrapper_inst.digital_domain_inst.latch_phase90_x,29.17µm
net495,29.17µm
net716,29.17µm
net1265,29.17µm
_01039_,29.12µm
_01233_,29.12µm
_02323_,29.12µm
_02943_,29.12µm
_03173_,29.12µm
_03246_,29.12µm
_03874_,29.12µm
_04107_,29.12µm
_04275_,29.12µm
_04765_,29.12µm
_04964_,29.12µm
_05113_,29.12µm
_05636_,29.12µm
wrapper_inst.digital_domain_inst.wave_controller_x_inst.phase_acc\[13\],29.12µm
net1875,29.12µm
_00649_,28.71µm
_03634_,28.71µm
_04273_,28.71µm
_05635_,28.71µm
_06032_,28.71µm
_00052_,28.66µm
_00923_,28.66µm
_01648_,28.66µm
_01749_,28.66µm
_03119_,28.66µm
_03728_,28.66µm
_03992_,28.66µm
_04225_,28.66µm
_04554_,28.66µm
_04604_,28.66µm
_04789_,28.66µm
net720,28.66µm
_00591_,28.61µm
_00993_,28.61µm
_01151_,28.61µm
_01175_,28.61µm
_02186_,28.61µm
_02859_,28.61µm
_03054_,28.61µm
_03401_,28.61µm
_03826_,28.61µm
_03926_,28.61µm
_04845_,28.61µm
_04876_,28.61µm
_05717_,28.61µm
_05895_,28.61µm
_06051_,28.61µm
net835,28.61µm
net2117,28.61µm
_00045_,28.56µm
_01315_,28.56µm
_01607_,28.56µm
_01638_,28.56µm
_01698_,28.56µm
_01870_,28.56µm
_02262_,28.56µm
_02704_,28.56µm
_03424_,28.56µm
_04096_,28.56µm
_04561_,28.56µm
_06013_,28.56µm
wrapper_inst.digital_domain_inst.wave_controller_y_inst.wave_cycle_cnt\[3\],28.56µm
_02065_,28.2µm
_03713_,28.2µm
_03941_,28.2µm
_01627_,28.15µm
_01809_,28.15µm
_02728_,28.15µm
_03094_,28.15µm
_03338_,28.15µm
_04310_,28.15µm
_04978_,28.15µm
_05224_,28.15µm
_00811_,28.1µm
_00814_,28.1µm
_02280_,28.1µm
_02492_,28.1µm
_03620_,28.1µm
_03848_,28.1µm
_04022_,28.1µm
_04222_,28.1µm
_04258_,28.1µm
_04277_,28.1µm
_04592_,28.1µm
wrapper_inst.digital_domain_inst.wave_controller_y_inst.wave_cycle_cnt\[1\],28.1µm
net650,28.1µm
_00072_,28.05µm
_00964_,28.05µm
_01349_,28.05µm
_01644_,28.05µm
_01806_,28.05µm
_02194_,28.05µm
_02439_,28.05µm
_03168_,28.05µm
_03347_,28.05µm
_04233_,28.05µm
_04780_,28.05µm
_05069_,28.05µm
_05178_,28.05µm
_05295_,28.05µm
_05617_,28.05µm
wrapper_inst.digital_domain_inst.wave_controller_x_inst.cal_burst_count\[1\],28.05µm
_01448_,28µm
_02667_,28µm
_02969_,28µm
_03098_,28µm
_03610_,28µm
_04863_,28µm
_05269_,28µm
_05306_,28µm
_05374_,28µm
_05404_,28µm
_05412_,28µm
_05461_,28µm
_05488_,28µm
_05650_,28µm
_05809_,28µm
net240,28µm
net2265,28µm
net2521,28µm
net2677,28µm
net1765,27.64µm
_00826_,27.59µm
_01284_,27.59µm
_02055_,27.59µm
_03648_,27.59µm
_05182_,27.59µm
net873,27.59µm
net2041,27.59µm
net2474,27.59µm
net2667,27.59µm
_00596_,27.54µm
_00965_,27.54µm
_01321_,27.54µm
_02062_,27.54µm
_04247_,27.54µm
_04884_,27.54µm
wrapper_inst.digital_domain_inst.latch_phase270_ack_y,27.54µm
wrapper_inst.digital_domain_inst.signal_processor_x_inst.s90,27.54µm
net949,27.54µm
_00279_,27.49µm
_01511_,27.49µm
_01600_,27.49µm
_01796_,27.49µm
_02116_,27.49µm
_02197_,27.49µm
_02672_,27.49µm
_03043_,27.49µm
_03510_,27.49µm
_03734_,27.49µm
_03901_,27.49µm
_05095_,27.49µm
_05219_,27.49µm
_05843_,27.49µm
_05988_,27.49µm
net329,27.49µm
net1389,27.49µm
_00179_,27.44µm
_00247_,27.44µm
_00888_,27.44µm
_01765_,27.44µm
_01975_,27.44µm
_02266_,27.44µm
_02768_,27.44µm
_03736_,27.44µm
_04336_,27.44µm
_04513_,27.44µm
_05207_,27.44µm
_05432_,27.44µm
_05489_,27.44µm
_05496_,27.44µm
_05626_,27.44µm
_01133_,27.03µm
_03629_,27.03µm
_03756_,27.03µm
_04348_,27.03µm
_04408_,27.03µm
_01046_,26.98µm
_03027_,26.98µm
_03170_,26.98µm
_03798_,26.98µm
_04787_,26.98µm
_04817_,26.98µm
_05338_,26.98µm
wrapper_inst.digital_domain_inst.cfg_f_MEMS_fcw_x\[12\],26.98µm
net131,26.98µm
_00175_,26.93µm
_00460_,26.93µm
_00930_,26.93µm
_01403_,26.93µm
_01439_,26.93µm
_01497_,26.93µm
_02153_,26.93µm
_02344_,26.93µm
_02868_,26.93µm
_03191_,26.93µm
_04086_,26.93µm
_04376_,26.93µm
_04393_,26.93µm
_04499_,26.93µm
_04921_,26.93µm
_05381_,26.93µm
_05402_,26.93µm
_05408_,26.93µm
net113,26.93µm
net1323,26.93µm
_00002_,26.88µm
_01156_,26.88µm
_01186_,26.88µm
_01280_,26.88µm
_01526_,26.88µm
_01683_,26.88µm
_02604_,26.88µm
_03024_,26.88µm
_03060_,26.88µm
_03195_,26.88µm
_03336_,26.88µm
_03397_,26.88µm
_03592_,26.88µm
_04170_,26.88µm
_04369_,26.88µm
_04705_,26.88µm
_04801_,26.88µm
_05674_,26.88µm
_05930_,26.88µm
wrapper_inst.digital_domain_inst.raw_edge2_x\[9\],26.88µm
net918,26.65µm
_05427_,26.6µm
_03036_,26.52µm
_01408_,26.47µm
_02696_,26.47µm
_01099_,26.42µm
_01532_,26.42µm
_02157_,26.42µm
_02723_,26.42µm
_02805_,26.42µm
_02905_,26.42µm
_03770_,26.42µm
_04534_,26.42µm
net123,26.42µm
net877,26.42µm
_00053_,26.37µm
_00557_,26.37µm
_00724_,26.37µm
_01344_,26.37µm
_01383_,26.37µm
_01632_,26.37µm
_02137_,26.37µm
_02145_,26.37µm
_02172_,26.37µm
_02301_,26.37µm
_03498_,26.37µm
_04021_,26.37µm
_04129_,26.37µm
_04595_,26.37µm
_04799_,26.37µm
_04988_,26.37µm
_05129_,26.37µm
wrapper_inst.digital_domain_inst.spi_regs_inst.state_o\[0\],26.37µm
net308,26.37µm
net715,26.37µm
net948,26.37µm
net1003,26.37µm
net2626,26.37µm
_01000_,26.32µm
_01221_,26.32µm
_01379_,26.32µm
_01527_,26.32µm
_02990_,26.32µm
_03092_,26.32µm
_03438_,26.32µm
_04208_,26.32µm
_04280_,26.32µm
_04368_,26.32µm
_04835_,26.32µm
_05283_,26.32µm
wrapper_inst.digital_domain_inst.signal_processor_x_inst.cnt_in\[3\],26.32µm
_04653_,25.96µm
_04913_,25.96µm
_00592_,25.91µm
_01306_,25.91µm
_01794_,25.91µm
_02115_,25.91µm
_04662_,25.91µm
_05108_,25.91µm
_02482_,25.86µm
_03764_,25.86µm
_03775_,25.86µm
_03858_,25.86µm
_05569_,25.86µm
_05646_,25.86µm
_06045_,25.86µm
wrapper_inst.digital_domain_inst.wave_controller_y_inst.ref_ds_acc\[4\],25.86µm
_00046_,25.81µm
_01555_,25.81µm
_01659_,25.81µm
_01810_,25.81µm
_02143_,25.81µm
_02367_,25.81µm
_02559_,25.81µm
_03023_,25.81µm
_03131_,25.81µm
_03749_,25.81µm
_04514_,25.81µm
_04760_,25.81µm
_04822_,25.81µm
_05052_,25.81µm
_05272_,25.81µm
_05393_,25.81µm
_05540_,25.81µm
_06004_,25.81µm
net970,25.81µm
_00177_,25.76µm
_01508_,25.76µm
_01841_,25.76µm
_02409_,25.76µm
_02506_,25.76µm
_03020_,25.76µm
_03273_,25.76µm
_03996_,25.76µm
_04176_,25.76µm
_05303_,25.76µm
_05731_,25.76µm
_05784_,25.76µm
wrapper_inst.digital_domain_inst.wave_controller_x_inst.phase_acc\[16\],25.76µm
net167,25.76µm
_00854_,25.4µm
_02470_,25.35µm
_05137_,25.35µm
_06042_,25.35µm
_01305_,25.3µm
_02006_,25.3µm
_03908_,25.3µm
_04255_,25.3µm
_04460_,25.3µm
_04658_,25.3µm
_04850_,25.3µm
_05438_,25.3µm
wrapper_inst.digital_domain_inst.cal_dir_y,25.3µm
_00065_,25.25µm
_00141_,25.25µm
_00738_,25.25µm
_01009_,25.25µm
_01645_,25.25µm
_01785_,25.25µm
_01931_,25.25µm
_02081_,25.25µm
_02200_,25.25µm
_02241_,25.25µm
_02286_,25.25µm
_02688_,25.25µm
_02947_,25.25µm
_04061_,25.25µm
_04082_,25.25µm
_04821_,25.25µm
_05083_,25.25µm
_05119_,25.25µm
_05310_,25.25µm
_05608_,25.25µm
_05609_,25.25µm
_05620_,25.25µm
wrapper_inst.digital_domain_inst.wave_controller_x_inst.ref_ds_acc\[0\],25.25µm
net2600,25.25µm
net2644,25.25µm
_01263_,25.2µm
_01865_,25.2µm
_01867_,25.2µm
_02317_,25.2µm
_03341_,25.2µm
_04160_,25.2µm
_04374_,25.2µm
_04885_,25.2µm
_04997_,25.2µm
_05194_,25.2µm
_05379_,25.2µm
_05722_,25.2µm
_05927_,25.2µm
wrapper_inst.digital_domain_inst.wave_controller_x_inst.cal_burst_armed,25.2µm
_04223_,24.84µm
net199,24.84µm
_01465_,24.79µm
_03046_,24.79µm
_04570_,24.79µm
wrapper_inst.digital_domain_inst.spi_regs_inst.rx_shift\[6\],24.79µm
_00539_,24.74µm
_00540_,24.74µm
_00650_,24.74µm
_01525_,24.74µm
_01589_,24.74µm
_02403_,24.74µm
_02589_,24.74µm
_02593_,24.74µm
_03698_,24.74µm
net639,24.74µm
net1950,24.74µm
net2558,24.74µm
_00511_,24.69µm
_00515_,24.69µm
_00947_,24.69µm
_01486_,24.69µm
_02023_,24.69µm
_02059_,24.69µm
_02382_,24.69µm
_02416_,24.69µm
_02907_,24.69µm
_02996_,24.69µm
_03196_,24.69µm
_04519_,24.69µm
_04962_,24.69µm
wrapper_inst.digital_domain_inst.wave_controller_x_inst.ref_ds_acc\[5\],24.69µm
wrapper_inst.digital_domain_inst.wave_controller_y_inst.wave_cycle_cnt\[0\],24.69µm
net1207,24.69µm
net1934,24.69µm
_00082_,24.64µm
_01024_,24.64µm
_01820_,24.64µm
_02360_,24.64µm
_02708_,24.64µm
_02724_,24.64µm
_02968_,24.64µm
_03487_,24.64µm
_04190_,24.64µm
_04735_,24.64µm
_05132_,24.64µm
_05441_,24.64µm
_05818_,24.64µm
wrapper_inst.digital_domain_inst.raw_edge2_x\[7\],24.64µm
wrapper_inst.digital_domain_inst.wave_controller_x_inst.ref_ds_acc\[3\],24.64µm
net1396,24.64µm
net2060,24.64µm
net2356,24.64µm
_04269_,24.28µm
_03766_,24.23µm
_04117_,24.23µm
_04793_,24.23µm
_00996_,24.18µm
_01025_,24.18µm
_01521_,24.18µm
_01719_,24.18µm
_01869_,24.18µm
_02154_,24.18µm
_02311_,24.18µm
_02543_,24.18µm
_02555_,24.18µm
_03050_,24.18µm
_04593_,24.18µm
_04597_,24.18µm
_05046_,24.18µm
_00061_,24.13µm
_00087_,24.13µm
_00323_,24.13µm
_00505_,24.13µm
_01132_,24.13µm
_01204_,24.13µm
_01208_,24.13µm
_01440_,24.13µm
_02217_,24.13µm
_02220_,24.13µm
_02521_,24.13µm
_02542_,24.13µm
_02752_,24.13µm
_03406_,24.13µm
_03514_,24.13µm
_04068_,24.13µm
_04282_,24.13µm
_05173_,24.13µm
_05541_,24.13µm
_05743_,24.13µm
wrapper_inst.digital_domain_inst.cfg_f_MEMS_fcw_y\[4\],24.13µm
net1911,24.13µm
net2331,24.13µm
_00043_,24.08µm
_00186_,24.08µm
_00514_,24.08µm
_00816_,24.08µm
_01940_,24.08µm
_02539_,24.08µm
_03284_,24.08µm
_03745_,24.08µm
_03760_,24.08µm
_03837_,24.08µm
_04394_,24.08µm
_04559_,24.08µm
_05781_,24.08µm
wrapper_inst.digital_domain_inst.cfg_phase270_offset_x\[13\],24.08µm
wrapper_inst.digital_domain_inst.raw_edge1_y\[12\],24.08µm
net312,24.08µm
net1515,24.08µm
net2301,24.08µm
_02726_,23.8µm
_05565_,23.72µm
_02899_,23.67µm
_05080_,23.67µm
net2057,23.67µm
_00695_,23.62µm
_01141_,23.62µm
_01864_,23.62µm
_03859_,23.62µm
_04161_,23.62µm
_04172_,23.62µm
_04659_,23.62µm
_05255_,23.62µm
_00118_,23.57µm
_00882_,23.57µm
_01077_,23.57µm
_01961_,23.57µm
_02190_,23.57µm
_03685_,23.57µm
_04043_,23.57µm
_04085_,23.57µm
_04122_,23.57µm
_04167_,23.57µm
_04366_,23.57µm
_04605_,23.57µm
_04782_,23.57µm
_04987_,23.57µm
_05124_,23.57µm
_05594_,23.57µm
net2026,23.57µm
net2182,23.57µm
net2751,23.57µm
_00336_,23.52µm
_00447_,23.52µm
_01020_,23.52µm
_01104_,23.52µm
_01210_,23.52µm
_01339_,23.52µm
_01426_,23.52µm
_01443_,23.52µm
_01564_,23.52µm
_01636_,23.52µm
_01772_,23.52µm
_01783_,23.52µm
_01829_,23.52µm
_02140_,23.52µm
_02218_,23.52µm
_02392_,23.52µm
_02856_,23.52µm
_02902_,23.52µm
_03148_,23.52µm
_03239_,23.52µm
_03390_,23.52µm
_03468_,23.52µm
_03651_,23.52µm
_04315_,23.52µm
_04378_,23.52µm
_05587_,23.52µm
_05615_,23.52µm
_05804_,23.52µm
wrapper_inst.digital_domain_inst.signal_processor_y_inst.cnt_out\[2\],23.52µm
wrapper_inst.digital_domain_inst.wave_controller_y_inst.comp_sync4,23.52µm
net1082,23.52µm
net1956,23.29µm
_04935_,23.24µm
_00747_,23.11µm
_02430_,23.11µm
_05414_,23.11µm
_05436_,23.11µm
_00987_,23.06µm
_02219_,23.06µm
_02689_,23.06µm
_03049_,23.06µm
_03350_,23.06µm
_03407_,23.06µm
_03702_,23.06µm
_04317_,23.06µm
_04535_,23.06µm
_04713_,23.06µm
_05236_,23.06µm
wrapper_inst.digital_domain_inst.signal_processor_x_inst.cnt_in\[2\],23.06µm
net1317,23.06µm
net2581,23.06µm
_00070_,23.01µm
_00508_,23.01µm
_01128_,23.01µm
_01202_,23.01µm
_01255_,23.01µm
_01431_,23.01µm
_01712_,23.01µm
_02085_,23.01µm
_02296_,23.01µm
_02413_,23.01µm
_02419_,23.01µm
_02749_,23.01µm
_03605_,23.01µm
_03828_,23.01µm
_04585_,23.01µm
_04696_,23.01µm
_05128_,23.01µm
_05139_,23.01µm
_05631_,23.01µm
_05759_,23.01µm
_05798_,23.01µm
_05883_,23.01µm
wrapper_inst.digital_domain_inst.signal_processor_x_inst.cnt_in\[0\],23.01µm
net238,23.01µm
net280,23.01µm
net1522,23.01µm
net1636,23.01µm
net2308,23.01µm
_00543_,22.96µm
_01460_,22.96µm
_01682_,22.96µm
_01991_,22.96µm
_02243_,22.96µm
_02305_,22.96µm
_02431_,22.96µm
_04027_,22.96µm
_04186_,22.96µm
_04733_,22.96µm
_05144_,22.96µm
_05581_,22.96µm
_05760_,22.96µm
_05993_,22.96µm
_06091_,22.96µm
wrapper_inst.digital_domain_inst.wave_controller_y_inst.ds_acc\[3\],22.96µm
net127,22.96µm
_05215_,22.78µm
_01856_,22.6µm
_00818_,22.55µm
_02326_,22.55µm
_02429_,22.55µm
_02525_,22.55µm
_03109_,22.55µm
_04346_,22.55µm
_04771_,22.55µm
net2552,22.55µm
_01279_,22.5µm
_01390_,22.5µm
_02319_,22.5µm
_03381_,22.5µm
_03676_,22.5µm
_04038_,22.5µm
_04811_,22.5µm
net941,22.5µm
net1252,22.5µm
_00439_,22.45µm
_00941_,22.45µm
_00946_,22.45µm
_01446_,22.45µm
_01782_,22.45µm
_02052_,22.45µm
_02454_,22.45µm
_02819_,22.45µm
_03328_,22.45µm
_04017_,22.45µm
_04260_,22.45µm
_04274_,22.45µm
_04300_,22.45µm
_04303_,22.45µm
_04746_,22.45µm
_04916_,22.45µm
_05086_,22.45µm
_05325_,22.45µm
_05431_,22.45µm
_05527_,22.45µm
_05777_,22.45µm
wrapper_inst.digital_domain_inst.raw_edge2_y\[18\],22.45µm
net303,22.45µm
net1379,22.45µm
net1708,22.45µm
net1799,22.45µm
net1873,22.45µm
net1917,22.45µm
net2362,22.45µm
_00028_,22.4µm
_01236_,22.4µm
_01395_,22.4µm
_01687_,22.4µm
_01960_,22.4µm
_02434_,22.4µm
_02627_,22.4µm
_02972_,22.4µm
_03033_,22.4µm
_03227_,22.4µm
_03500_,22.4µm
_03854_,22.4µm
_04018_,22.4µm
_04071_,22.4µm
_04193_,22.4µm
_04362_,22.4µm
_04983_,22.4µm
_05575_,22.4µm
_05647_,22.4µm
_05987_,22.4µm
_06083_,22.4µm
net188,22.4µm
net998,22.4µm
net1488,22.4µm
net1573,22.4µm
_01433_,21.99µm
_02037_,21.99µm
_02192_,21.99µm
_02818_,21.99µm
_04379_,21.99µm
net1320,21.99µm
_00161_,21.94µm
_01095_,21.94µm
_01523_,21.94µm
_02239_,21.94µm
_02690_,21.94µm
_02733_,21.94µm
_03627_,21.94µm
_03636_,21.94µm
_03740_,21.94µm
_03752_,21.94µm
_04040_,21.94µm
_04340_,21.94µm
_04370_,21.94µm
_04495_,21.94µm
_04831_,21.94µm
_05112_,21.94µm
wrapper_inst.digital_domain_inst.wave_controller_y_inst.ref_ds_acc\[2\],21.94µm
wrapper_inst.digital_domain_inst.wave_controller_y_inst.ref_ds_acc\[3\],21.94µm
net950,21.94µm
net1175,21.94µm
_00999_,21.89µm
_01900_,21.89µm
_02188_,21.89µm
_02325_,21.89µm
_02424_,21.89µm
_02612_,21.89µm
_03801_,21.89µm
_03846_,21.89µm
_04377_,21.89µm
_05256_,21.89µm
_05348_,21.89µm
_05693_,21.89µm
_05910_,21.89µm
net926,21.89µm
net2794,21.89µm
_00705_,21.84µm
_02110_,21.84µm
_02313_,21.84µm
_03231_,21.84µm
_03265_,21.84µm
_03367_,21.84µm
_03729_,21.84µm
_04464_,21.84µm
_04899_,21.84µm
_04905_,21.84µm
_04984_,21.84µm
_05028_,21.84µm
_05331_,21.84µm
_05796_,21.84µm
_06057_,21.84µm
wrapper_inst.digital_domain_inst.wave_controller_x_inst.phase_acc\[15\],21.84µm
net298,21.84µm
net1684,21.71µm
_02748_,21.61µm
_03035_,21.48µm
_03030_,21.43µm
_04184_,21.43µm
_04256_,21.43µm
_05090_,21.43µm
_00199_,21.38µm
_02162_,21.38µm
_02285_,21.38µm
_02715_,21.38µm
_03393_,21.38µm
_04296_,21.38µm
_04699_,21.38µm
_04986_,21.38µm
_05030_,21.38µm
_06086_,21.38µm
net317,21.38µm
net2687,21.38µm
_00088_,21.33µm
_00713_,21.33µm
_00758_,21.33µm
_00895_,21.33µm
_00978_,21.33µm
_01061_,21.33µm
_01244_,21.33µm
_01462_,21.33µm
_01746_,21.33µm
_01967_,21.33µm
_02104_,21.33µm
_02196_,21.33µm
_02334_,21.33µm
_02362_,21.33µm
_02404_,21.33µm
_02644_,21.33µm
_02703_,21.33µm
_03079_,21.33µm
_03102_,21.33µm
_03590_,21.33µm
_03742_,21.33µm
_03891_,21.33µm
_04011_,21.33µm
_04312_,21.33µm
_04357_,21.33µm
_04743_,21.33µm
_05485_,21.33µm
_05625_,21.33µm
_05847_,21.33µm
wrapper_inst.digital_domain_inst.delay_wave_cycle_y\[2\],21.33µm
net304,21.33µm
net661,21.33µm
_00463_,21.28µm
_00533_,21.28µm
_00574_,21.28µm
_00944_,21.28µm
_01734_,21.28µm
_01848_,21.28µm
_02499_,21.28µm
_03477_,21.28µm
_03741_,21.28µm
_03902_,21.28µm
_04125_,21.28µm
_04164_,21.28µm
_04898_,21.28µm
_04956_,21.28µm
_05333_,21.28µm
_05981_,21.28µm
wrapper_inst.digital_domain_inst.wave_controller_x_inst.ds_acc\[8\],21.28µm
_04320_,21.05µm
_02294_,20.92µm
_00610_,20.87µm
_02261_,20.87µm
_02459_,20.87µm
_04114_,20.87µm
_04566_,20.87µm
_04734_,20.87µm
_04786_,20.87µm
wrapper_inst.digital_domain_inst.raw_edge3_x\[9\],20.87µm
_00905_,20.82µm
_00927_,20.82µm
_00956_,20.82µm
_01072_,20.82µm
_01125_,20.82µm
_01153_,20.82µm
_01766_,20.82µm
_01981_,20.82µm
_02679_,20.82µm
_03744_,20.82µm
_04005_,20.82µm
_04037_,20.82µm
_04081_,20.82µm
_04217_,20.82µm
_04528_,20.82µm
_04887_,20.82µm
_05411_,20.82µm
_06068_,20.82µm
net146,20.82µm
net162,20.82µm
net235,20.82µm
net374,20.82µm
net1215,20.82µm
net1224,20.82µm
net1341,20.82µm
_04281_,20.81µm
_00396_,20.77µm
_00512_,20.77µm
_00525_,20.77µm
_00645_,20.77µm
_00966_,20.77µm
_01043_,20.77µm
_01441_,20.77µm
_02370_,20.77µm
_02423_,20.77µm
_02463_,20.77µm
_02540_,20.77µm
_02588_,20.77µm
_02620_,20.77µm
_02677_,20.77µm
_03008_,20.77µm
_03088_,20.77µm
_03134_,20.77µm
_04426_,20.77µm
_05153_,20.77µm
_05275_,20.77µm
_05394_,20.77µm
_05597_,20.77µm
_05600_,20.77µm
_05619_,20.77µm
_05695_,20.77µm
wrapper_inst.digital_domain_inst.raw_edge2_x\[14\],20.77µm
wrapper_inst.digital_domain_inst.signal_processor_x_inst.cycle_count\[3\],20.77µm
wrapper_inst.digital_domain_inst.wave_controller_x_inst.capture_step\[0\],20.77µm
wrapper_inst.digital_domain_inst.wave_controller_x_inst.phase_acc\[18\],20.77µm
_00193_,20.72µm
_00998_,20.72µm
_01264_,20.72µm
_01671_,20.72µm
_01868_,20.72µm
_02881_,20.72µm
_03025_,20.72µm
_03160_,20.72µm
_03909_,20.72µm
_04195_,20.72µm
_04278_,20.72µm
_04459_,20.72µm
_04617_,20.72µm
_05076_,20.72µm
_06034_,20.72µm
net2490,20.72µm
_04531_,20.44µm
_04287_,20.36µm
_03622_,20.31µm
net1234,20.31µm
_01013_,20.26µm
_01320_,20.26µm
_01800_,20.26µm
_01919_,20.26µm
_03026_,20.26µm
_03045_,20.26µm
_03068_,20.26µm
_03077_,20.26µm
_03626_,20.26µm
_03677_,20.26µm
_03714_,20.26µm
_04196_,20.26µm
_04724_,20.26µm
_04740_,20.26µm
_05231_,20.26µm
_05266_,20.26µm
_05543_,20.26µm
_05614_,20.26µm
_05744_,20.26µm
net707,20.26µm
_01421_,20.21µm
_01478_,20.21µm
_01578_,20.21µm
_02213_,20.21µm
_02355_,20.21µm
_02396_,20.21µm
_02560_,20.21µm
_02678_,20.21µm
_02694_,20.21µm
_02828_,20.21µm
_02857_,20.21µm
_02910_,20.21µm
_03032_,20.21µm
_03105_,20.21µm
_03814_,20.21µm
_03853_,20.21µm
_04291_,20.21µm
_04293_,20.21µm
_04344_,20.21µm
_04443_,20.21µm
_04973_,20.21µm
_05229_,20.21µm
_05602_,20.21µm
_06049_,20.21µm
wrapper_inst.digital_domain_inst.delay_wave_cycle_x\[2\],20.21µm
wrapper_inst.digital_domain_inst.signal_processor_x_inst.s90_pipe\[1\],20.21µm
wrapper_inst.digital_domain_inst.wave_controller_y_inst.phase_acc\[11\],20.21µm
net2038,20.21µm
net2768,20.21µm
_00025_,20.16µm
_00368_,20.16µm
_00437_,20.16µm
_01157_,20.16µm
_01317_,20.16µm
_01706_,20.16µm
_01825_,20.16µm
_01914_,20.16µm
_02126_,20.16µm
_02288_,20.16µm
_02814_,20.16µm
_03099_,20.16µm
_03159_,20.16µm
_03361_,20.16µm
_03917_,20.16µm
_04165_,20.16µm
_04271_,20.16µm
_04481_,20.16µm
_04912_,20.16µm
_05271_,20.16µm
_05510_,20.16µm
_05881_,20.16µm
_05904_,20.16µm
net396,20.16µm
_06052_,19.8µm
_04580_,19.75µm
_04582_,19.75µm
_01090_,19.7µm
_01334_,19.7µm
_01514_,19.7µm
_01599_,19.7µm
_01917_,19.7µm
_02451_,19.7µm
_02884_,19.7µm
_03133_,19.7µm
_03164_,19.7µm
_04155_,19.7µm
_04270_,19.7µm
_04747_,19.7µm
_05096_,19.7µm
_00058_,19.65µm
_00278_,19.65µm
_00977_,19.65µm
_02016_,19.65µm
_02480_,19.65µm
_02613_,19.65µm
_02648_,19.65µm
_02765_,19.65µm
_02770_,19.65µm
_03003_,19.65µm
_03251_,19.65µm
_03281_,19.65µm
_04105_,19.65µm
_04289_,19.65µm
_04302_,19.65µm
_04577_,19.65µm
_04622_,19.65µm
_04959_,19.65µm
_05385_,19.65µm
_05492_,19.65µm
_05534_,19.65µm
_05675_,19.65µm
_05814_,19.65µm
net314,19.65µm
net1596,19.65µm
_00162_,19.6µm
_00476_,19.6µm
_01010_,19.6µm
_02026_,19.6µm
_03352_,19.6µm
_03366_,19.6µm
_03388_,19.6µm
_03964_,19.6µm
_04398_,19.6µm
_05202_,19.6µm
_05584_,19.6µm
_05739_,19.6µm
_05779_,19.6µm
_05837_,19.6µm
_05846_,19.6µm
_05933_,19.6µm
wrapper_inst.digital_domain_inst.spi_regs_inst.spi_state,19.6µm
_02293_,19.24µm
_01290_,19.19µm
_05142_,19.19µm
_00861_,19.14µm
_00953_,19.14µm
_01322_,19.14µm
_01516_,19.14µm
_02101_,19.14µm
_02871_,19.14µm
_03010_,19.14µm
_03216_,19.14µm
_03339_,19.14µm
_03660_,19.14µm
_03806_,19.14µm
_04159_,19.14µm
_04283_,19.14µm
_04665_,19.14µm
_05114_,19.14µm
net1705,19.14µm
_00176_,19.09µm
_00208_,19.09µm
_00980_,19.09µm
_01192_,19.09µm
_02032_,19.09µm
_02490_,19.09µm
_02716_,19.09µm
_02979_,19.09µm
_03150_,19.09µm
_03207_,19.09µm
_03731_,19.09µm
_03796_,19.09µm
_03815_,19.09µm
_03851_,19.09µm
_03868_,19.09µm
_03899_,19.09µm
_04052_,19.09µm
_04187_,19.09µm
_04244_,19.09µm
_04568_,19.09µm
_04625_,19.09µm
_04700_,19.09µm
_04813_,19.09µm
_04814_,19.09µm
_04907_,19.09µm
_05051_,19.09µm
_05060_,19.09µm
_05276_,19.09µm
_05820_,19.09µm
_05868_,19.09µm
net997,19.09µm
_00578_,19.04µm
_00979_,19.04µm
_01270_,19.04µm
_01278_,19.04µm
_01389_,19.04µm
_01937_,19.04µm
_02411_,19.04µm
_02928_,19.04µm
_02963_,19.04µm
_03884_,19.04µm
_04888_,19.04µm
_05251_,19.04µm
_05341_,19.04µm
wrapper_inst.digital_domain_inst.cfg_f_MEMS_fcw_x\[2\],19.04µm
net1434,19.04µm
_05644_,18.68µm
_00788_,18.63µm
_00894_,18.63µm
_01942_,18.63µm
_03609_,18.63µm
_03726_,18.63µm
_04121_,18.63µm
_04322_,18.63µm
net695,18.63µm
_00209_,18.58µm
_02318_,18.58µm
_02576_,18.58µm
_02714_,18.58µm
_02792_,18.58µm
_02794_,18.58µm
_03875_,18.58µm
_03965_,18.58µm
_04323_,18.58µm
_04522_,18.58µm
_04576_,18.58µm
_04990_,18.58µm
_05140_,18.58µm
wrapper_inst.digital_domain_inst.raw_edge2_y\[1\],18.58µm
net96,18.58µm
net2402,18.58µm
_00262_,18.53µm
_00316_,18.53µm
_00534_,18.53µm
_00599_,18.53µm
_00983_,18.53µm
_01089_,18.53µm
_01227_,18.53µm
_01253_,18.53µm
_01875_,18.53µm
_01879_,18.53µm
_01974_,18.53µm
_02737_,18.53µm
_02773_,18.53µm
_02977_,18.53µm
_03093_,18.53µm
_03308_,18.53µm
_03671_,18.53µm
_03890_,18.53µm
_04065_,18.53µm
_04219_,18.53µm
_04754_,18.53µm
_04977_,18.53µm
_04980_,18.53µm
_05572_,18.53µm
_05920_,18.53µm
_06060_,18.53µm
_06090_,18.53µm
wrapper_inst.digital_domain_inst.cfg_f_MEMS_fcw_x\[8\],18.53µm
wrapper_inst.digital_domain_inst.wave_controller_x_inst.phase_acc\[5\],18.53µm
net1830,18.53µm
_00159_,18.48µm
_00518_,18.48µm
_01245_,18.48µm
_01326_,18.48µm
_01348_,18.48µm
_01435_,18.48µm
_01598_,18.48µm
_01788_,18.48µm
_01916_,18.48µm
_01922_,18.48µm
_02043_,18.48µm
_02129_,18.48µm
_02249_,18.48µm
_03129_,18.48µm
_04178_,18.48µm
_05223_,18.48µm
_05319_,18.48µm
_06025_,18.48µm
net15,18.48µm
net1593,18.48µm
_00973_,18.25µm
net79,18.07µm
_01082_,18.02µm
_01475_,18.02µm
_01844_,18.02µm
_02278_,18.02µm
_02496_,18.02µm
_03686_,18.02µm
_03885_,18.02µm
_04033_,18.02µm
_04098_,18.02µm
_04468_,18.02µm
_04772_,18.02µm
_04981_,18.02µm
_05990_,18.02µm
net223,18.02µm
net2737,18.02µm
_01054_,17.97µm
_01291_,17.97µm
_01551_,17.97µm
_01964_,17.97µm
_02040_,17.97µm
_02408_,17.97µm
_02544_,17.97µm
_02639_,17.97µm
_02681_,17.97µm
_02699_,17.97µm
_02848_,17.97µm
_03128_,17.97µm
_03166_,17.97µm
_03213_,17.97µm
_03656_,17.97µm
_03658_,17.97µm
_03872_,17.97µm
_04343_,17.97µm
_04375_,17.97µm
_04507_,17.97µm
_04543_,17.97µm
_04838_,17.97µm
_04953_,17.97µm
_04965_,17.97µm
_05130_,17.97µm
_05154_,17.97µm
_05428_,17.97µm
_05757_,17.97µm
_05854_,17.97µm
net1594,17.97µm
net2287,17.97µm
_00056_,17.92µm
_00994_,17.92µm
_01189_,17.92µm
_01286_,17.92µm
_01562_,17.92µm
_01695_,17.92µm
_01743_,17.92µm
_02117_,17.92µm
_02389_,17.92µm
_02847_,17.92µm
_03048_,17.92µm
_03138_,17.92µm
_03255_,17.92µm
_03305_,17.92µm
_03762_,17.92µm
_04202_,17.92µm
_04589_,17.92µm
_04963_,17.92µm
net210,17.92µm
_05628_,17.56µm
_01343_,17.51µm
_01745_,17.51µm
_02320_,17.51µm
net1772,17.51µm
_00756_,17.46µm
_00890_,17.46µm
_01501_,17.46µm
_01997_,17.46µm
_02201_,17.46µm
_02231_,17.46µm
_02554_,17.46µm
_02887_,17.46µm
_03816_,17.46µm
_04553_,17.46µm
_04993_,17.46µm
_05160_,17.46µm
_05553_,17.46µm
_05864_,17.46µm
net2171,17.46µm
net2380,17.46µm
_01093_,17.41µm
_01138_,17.41µm
_01203_,17.41µm
_01382_,17.41µm
_01517_,17.41µm
_01760_,17.41µm
_02114_,17.41µm
_02118_,17.41µm
_02283_,17.41µm
_02322_,17.41µm
_02337_,17.41µm
_03019_,17.41µm
_03052_,17.41µm
_03206_,17.41µm
_03521_,17.41µm
_03838_,17.41µm
_04013_,17.41µm
_04197_,17.41µm
_04325_,17.41µm
_04774_,17.41µm
_04825_,17.41µm
_05045_,17.41µm
_05097_,17.41µm
_05273_,17.41µm
_05285_,17.41µm
_05337_,17.41µm
_05487_,17.41µm
_05546_,17.41µm
_05863_,17.41µm
_05936_,17.41µm
_06059_,17.41µm
wrapper_inst.digital_domain_inst.cfg_f_MEMS_fcw_y\[11\],17.41µm
net2511,17.41µm
_00095_,17.36µm
_00201_,17.36µm
_01063_,17.36µm
_02132_,17.36µm
_02248_,17.36µm
_03100_,17.36µm
_03416_,17.36µm
_03823_,17.36µm
_05514_,17.36µm
_05662_,17.36µm
_05902_,17.36µm
_05929_,17.36µm
wrapper_inst.digital_domain_inst.wave_controller_x_inst.ds_acc\[5\],17.36µm
net300,17.36µm
net594,17.36µm
_01824_,16.95µm
_04739_,16.95µm
_01412_,16.9µm
_01502_,16.9µm
_01510_,16.9µm
_01813_,16.9µm
_02184_,16.9µm
_02623_,16.9µm
_02727_,16.9µm
_02802_,16.9µm
_02912_,16.9µm
_02939_,16.9µm
_03630_,16.9µm
_03674_,16.9µm
_03821_,16.9µm
_04288_,16.9µm
_05092_,16.9µm
_05204_,16.9µm
wrapper_inst.digital_domain_inst.delay_wave_cycle_x\[3\],16.9µm
wrapper_inst.digital_domain_inst.signal_processor_y_inst.cnt_out\[3\],16.9µm
_00125_,16.85µm
_00223_,16.85µm
_00494_,16.85µm
_00899_,16.85µm
_00912_,16.85µm
_00924_,16.85µm
_01029_,16.85µm
_01313_,16.85µm
_01522_,16.85µm
_01776_,16.85µm
_01872_,16.85µm
_01946_,16.85µm
_02412_,16.85µm
_02602_,16.85µm
_02621_,16.85µm
_02731_,16.85µm
_02777_,16.85µm
_02838_,16.85µm
_02872_,16.85µm
_03013_,16.85µm
_03083_,16.85µm
_03486_,16.85µm
_03776_,16.85µm
_04004_,16.85µm
_04623_,16.85µm
_04728_,16.85µm
_04843_,16.85µm
_05232_,16.85µm
_05802_,16.85µm
_05896_,16.85µm
_05908_,16.85µm
wrapper_inst.digital_domain_inst.cfg_f_MEMS_fcw_x\[10\],16.85µm
net654,16.85µm
_00413_,16.8µm
_00552_,16.8µm
_01026_,16.8µm
_01080_,16.8µm
_01530_,16.8µm
_01693_,16.8µm
_01708_,16.8µm
_01732_,16.8µm
_01837_,16.8µm
_01954_,16.8µm
_02034_,16.8µm
_02460_,16.8µm
_02833_,16.8µm
_03303_,16.8µm
_03509_,16.8µm
_03513_,16.8µm
_04181_,16.8µm
_04347_,16.8µm
_05261_,16.8µm
_05378_,16.8µm
wrapper_inst.digital_domain_inst.wave_controller_x_inst.ds_acc\[7\],16.8µm
_00628_,16.39µm
_01115_,16.39µm
_00981_,16.34µm
_01262_,16.34µm
_01727_,16.34µm
_01819_,16.34µm
_02050_,16.34µm
_02173_,16.34µm
_02175_,16.34µm
_02279_,16.34µm
_02385_,16.34µm
_02810_,16.34µm
_02903_,16.34µm
_03790_,16.34µm
_04174_,16.34µm
_04231_,16.34µm
_04238_,16.34µm
_05053_,16.34µm
_05066_,16.34µm
_05651_,16.34µm
wrapper_inst.digital_domain_inst.wave_controller_x_inst.ds_acc\[6\],16.34µm
_00077_,16.29µm
_00098_,16.29µm
_00337_,16.29µm
_00493_,16.29µm
_00898_,16.29µm
_01038_,16.29µm
_01467_,16.29µm
_01733_,16.29µm
_01887_,16.29µm
_02743_,16.29µm
_03172_,16.29µm
_03661_,16.29µm
_03913_,16.29µm
_04586_,16.29µm
_04651_,16.29µm
_04824_,16.29µm
_04930_,16.29µm
_05047_,16.29µm
_05240_,16.29µm
_05442_,16.29µm
_06033_,16.29µm
_06077_,16.29µm
_06084_,16.29µm
_00220_,16.24µm
_00252_,16.24µm
_00372_,16.24µm
_00974_,16.24µm
_01185_,16.24µm
_01327_,16.24µm
_01550_,16.24µm
_01893_,16.24µm
_01936_,16.24µm
_02025_,16.24µm
_02257_,16.24µm
_02410_,16.24µm
_02549_,16.24µm
_02619_,16.24µm
_03208_,16.24µm
_03272_,16.24µm
_03462_,16.24µm
_03962_,16.24µm
_04012_,16.24µm
_04234_,16.24µm
_04304_,16.24µm
_04629_,16.24µm
_04896_,16.24µm
_05171_,16.24µm
_05727_,16.24µm
_06037_,16.24µm
_06058_,16.24µm
wrapper_inst.digital_domain_inst.spi_regs_inst.reg_wr_data\[2\],16.24µm
net302,16.24µm
net318,16.24µm
net1663,16.24µm
_00594_,15.83µm
_03395_,15.83µm
_03818_,15.83µm
_00789_,15.78µm
_01709_,15.78µm
_01934_,15.78µm
_02897_,15.78µm
_02988_,15.78µm
_03161_,15.78µm
_04530_,15.78µm
_04979_,15.78µm
_05971_,15.78µm
_00040_,15.73µm
_00060_,15.73µm
_00121_,15.73µm
_00245_,15.73µm
_00335_,15.73µm
_00903_,15.73µm
_01037_,15.73µm
_01042_,15.73µm
_01124_,15.73µm
_01144_,15.73µm
_01294_,15.73µm
_01862_,15.73µm
_01926_,15.73µm
_01999_,15.73µm
_02020_,15.73µm
_02265_,15.73µm
_02469_,15.73µm
_02516_,15.73µm
_02618_,15.73µm
_02742_,15.73µm
_02758_,15.73µm
_02999_,15.73µm
_03221_,15.73µm
_03280_,15.73µm
_03601_,15.73µm
_03604_,15.73µm
_03786_,15.73µm
_03857_,15.73µm
_03888_,15.73µm
_03892_,15.73µm
_04091_,15.73µm
_04123_,15.73µm
_04201_,15.73µm
_04305_,15.73µm
_04416_,15.73µm
_04849_,15.73µm
_05115_,15.73µm
wrapper_inst.digital_domain_inst.cfg_f_MEMS_fcw_x\[0\],15.73µm
wrapper_inst.digital_domain_inst.signal_processor_x_inst.cnt_out\[3\],15.73µm
net239,15.73µm
_00005_,15.68µm
_00351_,15.68µm
_00491_,15.68µm
_00958_,15.68µm
_01195_,15.68µm
_01259_,15.68µm
_02719_,15.68µm
_02830_,15.68µm
_02974_,15.68µm
_03279_,15.68µm
_03863_,15.68µm
_03944_,15.68µm
_03946_,15.68µm
_03963_,15.68µm
_04180_,15.68µm
_04314_,15.68µm
_04565_,15.68µm
_05018_,15.68µm
_05157_,15.68µm
_05857_,15.68µm
wrapper_inst.digital_domain_inst.wave_controller_y_inst.ds_acc\[7\],15.68µm
net2786,15.68µm
_00841_,15.27µm
_01451_,15.27µm
_01828_,15.27µm
_03337_,15.27µm
_00654_,15.22µm
_00901_,15.22µm
_01003_,15.22µm
_01100_,15.22µm
_01951_,15.22µm
_01955_,15.22µm
_02152_,15.22µm
_02247_,15.22µm
_02508_,15.22µm
_02597_,15.22µm
_02697_,15.22µm
_03007_,15.22µm
_03264_,15.22µm
_03644_,15.22µm
_03694_,15.22µm
_03967_,15.22µm
_04767_,15.22µm
_04944_,15.22µm
_05212_,15.22µm
_05384_,15.22µm
_05805_,15.22µm
wrapper_inst.digital_domain_inst.spi_regs_inst.tx_shift\[6\],15.22µm
net2741,15.22µm
_00120_,15.17µm
_00137_,15.17µm
_00139_,15.17µm
_00582_,15.17µm
_00625_,15.17µm
_00884_,15.17µm
_00949_,15.17µm
_01297_,15.17µm
_01445_,15.17µm
_01668_,15.17µm
_01735_,15.17µm
_01818_,15.17µm
_01883_,15.17µm
_01963_,15.17µm
_02084_,15.17µm
_02156_,15.17µm
_02522_,15.17µm
_02870_,15.17µm
_02956_,15.17µm
_03006_,15.17µm
_03215_,15.17µm
_03488_,15.17µm
_03707_,15.17µm
_03780_,15.17µm
_03794_,15.17µm
_03805_,15.17µm
_04358_,15.17µm
_04523_,15.17µm
_04834_,15.17µm
_04957_,15.17µm
_04994_,15.17µm
_05239_,15.17µm
_05279_,15.17µm
_05305_,15.17µm
_05526_,15.17µm
_05580_,15.17µm
_05612_,15.17µm
_05659_,15.17µm
_06062_,15.17µm
wrapper_inst.digital_domain_inst.wave_controller_x_inst.phase_acc\[0\],15.17µm
net1084,15.17µm
net1241,15.17µm
net1418,15.17µm
net1843,15.17µm
net1869,15.17µm
_00249_,15.12µm
_00327_,15.12µm
_00462_,15.12µm
_00530_,15.12µm
_00573_,15.12µm
_00975_,15.12µm
_01158_,15.12µm
_01232_,15.12µm
_01474_,15.12µm
_01817_,15.12µm
_01850_,15.12µm
_01941_,15.12µm
_02170_,15.12µm
_02182_,15.12µm
_02534_,15.12µm
_02601_,15.12µm
_02670_,15.12µm
_02841_,15.12µm
_02953_,15.12µm
_03004_,15.12µm
_03132_,15.12µm
_03282_,15.12µm
_03340_,15.12µm
_03432_,15.12µm
_04028_,15.12µm
_04053_,15.12µm
_04063_,15.12µm
_04248_,15.12µm
_04352_,15.12µm
_04571_,15.12µm
_04717_,15.12µm
_05004_,15.12µm
_05032_,15.12µm
_05088_,15.12µm
_05260_,15.12µm
_05294_,15.12µm
_05723_,15.12µm
_05767_,15.12µm
_05824_,15.12µm
_05869_,15.12µm
wrapper_inst.digital_domain_inst.spi_regs_inst.spi_addr\[2\],15.12µm
_02489_,14.76µm
_01801_,14.71µm
_03781_,14.71µm
_03979_,14.71µm
_04309_,14.71µm
_04492_,14.71µm
wrapper_inst.digital_domain_inst.wave_controller_x_inst.ds_acc\[1\],14.71µm
_00178_,14.66µm
_00827_,14.66µm
_01323_,14.66µm
_01498_,14.66µm
_02491_,14.66µm
_02570_,14.66µm
_02785_,14.66µm
_02986_,14.66µm
_03466_,14.66µm
_03680_,14.66µm
_03691_,14.66µm
_03819_,14.66µm
_03840_,14.66µm
_04637_,14.66µm
_04712_,14.66µm
_05165_,14.66µm
_05601_,14.66µm
_06040_,14.66µm
net1482,14.66µm
net1667,14.66µm
net2704,14.66µm
_00055_,14.61µm
_00222_,14.61µm
_00418_,14.61µm
_00929_,14.61µm
_00933_,14.61µm
_00992_,14.61µm
_01127_,14.61µm
_01381_,14.61µm
_01398_,14.61µm
_01723_,14.61µm
_01777_,14.61µm
_01915_,14.61µm
_02165_,14.61µm
_02329_,14.61µm
_02384_,14.61µm
_02579_,14.61µm
_02625_,14.61µm
_02655_,14.61µm
_02839_,14.61µm
_02941_,14.61µm
_03012_,14.61µm
_03082_,14.61µm
_03097_,14.61µm
_03378_,14.61µm
_03577_,14.61µm
_04020_,14.61µm
_04286_,14.61µm
_04299_,14.61µm
_04590_,14.61µm
_04615_,14.61µm
_04645_,14.61µm
_04672_,14.61µm
_04719_,14.61µm
_05050_,14.61µm
_05062_,14.61µm
_05250_,14.61µm
_05533_,14.61µm
_05765_,14.61µm
_05886_,14.61µm
_00090_,14.56µm
_00133_,14.56µm
_00363_,14.56µm
_00417_,14.56µm
_01209_,14.56µm
_01308_,14.56µm
_01338_,14.56µm
_02240_,14.56µm
_02361_,14.56µm
_02365_,14.56µm
_02481_,14.56µm
_02582_,14.56µm
_02608_,14.56µm
_02709_,14.56µm
_03063_,14.56µm
_03236_,14.56µm
_03765_,14.56µm
_04070_,14.56µm
_04265_,14.56µm
_05277_,14.56µm
_05872_,14.56µm
wrapper_inst.digital_domain_inst.spi_regs_inst.spi_addr\[6\],14.56µm
_03302_,14.15µm
_05274_,14.15µm
net2587,14.15µm
_00240_,14.11µm
_00842_,14.1µm
_01191_,14.1µm
_01524_,14.1µm
_01700_,14.1µm
_02168_,14.1µm
_03784_,14.1µm
_04163_,14.1µm
_04285_,14.1µm
_04687_,14.1µm
_04702_,14.1µm
_05159_,14.1µm
_05688_,14.1µm
_05892_,14.1µm
net1098,14.1µm
net1762,14.1µm
_00135_,14.05µm
_00174_,14.05µm
_00257_,14.05µm
_00317_,14.05µm
_00339_,14.05µm
_00893_,14.05µm
_01218_,14.05µm
_01281_,14.05µm
_01329_,14.05µm
_01406_,14.05µm
_01450_,14.05µm
_01995_,14.05µm
_02164_,14.05µm
_02263_,14.05µm
_02375_,14.05µm
_02523_,14.05µm
_02636_,14.05µm
_02783_,14.05µm
_03101_,14.05µm
_03182_,14.05µm
_03209_,14.05µm
_03218_,14.05µm
_03275_,14.05µm
_03309_,14.05µm
_03357_,14.05µm
_03417_,14.05µm
_03700_,14.05µm
_03705_,14.05µm
_03809_,14.05µm
_03975_,14.05µm
_04099_,14.05µm
_04104_,14.05µm
_04450_,14.05µm
_04601_,14.05µm
_04901_,14.05µm
_05002_,14.05µm
_05084_,14.05µm
_05375_,14.05µm
_05522_,14.05µm
_05697_,14.05µm
_05770_,14.05µm
_05984_,14.05µm
wrapper_inst.digital_domain_inst.cfg_f_MEMS_fcw_x\[5\],14.05µm
wrapper_inst.digital_domain_inst.cfg_f_MEMS_fcw_y\[13\],14.05µm
wrapper_inst.digital_domain_inst.spi_regs_inst.cs_sync\[0\],14.05µm
net336,14.05µm
net1369,14.05µm
net1982,14.05µm
_00272_,14µm
_00311_,14µm
_00420_,14µm
_00464_,14µm
_00881_,14µm
_01720_,14µm
_01907_,14µm
_02058_,14µm
_02267_,14µm
_02552_,14µm
_02603_,14µm
_02617_,14µm
_02646_,14µm
_02797_,14µm
_02855_,14µm
_02934_,14µm
_02976_,14µm
_03005_,14µm
_03198_,14µm
_03839_,14µm
_04345_,14µm
_04937_,14µm
_05024_,14µm
_05151_,14µm
_05217_,14µm
_05228_,14µm
_05463_,14µm
_05801_,14µm
_06044_,14µm
_02458_,13.59µm
_04968_,13.59µm
_05288_,13.59µm
_00643_,13.54µm
_00896_,13.54µm
_01223_,13.54µm
_01923_,13.54µm
_02304_,13.54µm
_02457_,13.54µm
_02626_,13.54µm
_02739_,13.54µm
_02867_,13.54µm
_02893_,13.54µm
_02984_,13.54µm
_03850_,13.54µm
_04494_,13.54µm
_04558_,13.54µm
_04842_,13.54µm
_04958_,13.54µm
_05548_,13.54µm
_05761_,13.54µm
wrapper_inst.digital_domain_inst.signal_processor_x_inst.cnt_out\[1\],13.54µm
wrapper_inst.digital_domain_inst.wave_controller_y_inst.ref_ds_acc\[7\],13.54µm
_00184_,13.49µm
_00207_,13.49µm
_00885_,13.49µm
_00887_,13.49µm
_01085_,13.49µm
_01252_,13.49µm
_01310_,13.49µm
_01602_,13.49µm
_01694_,13.49µm
_01758_,13.49µm
_01968_,13.49µm
_02001_,13.49µm
_02321_,13.49µm
_02479_,13.49µm
_02558_,13.49µm
_02590_,13.49µm
_02759_,13.49µm
_02940_,13.49µm
_03229_,13.49µm
_03269_,13.49µm
_03384_,13.49µm
_03653_,13.49µm
_03867_,13.49µm
_04182_,13.49µm
_04246_,13.49µm
_04400_,13.49µm
_04581_,13.49µm
_04727_,13.49µm
_05093_,13.49µm
_05101_,13.49µm
_05214_,13.49µm
_05353_,13.49µm
_05391_,13.49µm
_05815_,13.49µm
wrapper_inst.digital_domain_inst.latch_phase270_y,13.49µm
wrapper_inst.digital_domain_inst.spi_regs_inst.tx_shift\[1\],13.49µm
net1070,13.49µm
net1089,13.49µm
net1753,13.49µm
net1931,13.49µm
_00093_,13.44µm
_00119_,13.44µm
_00195_,13.44µm
_00205_,13.44µm
_00229_,13.44µm
_01094_,13.44µm
_01198_,13.44µm
_01473_,13.44µm
_02004_,13.44µm
_02336_,13.44µm
_02353_,13.44µm
_02527_,13.44µm
_02638_,13.44µm
_02854_,13.44µm
_03169_,13.44µm
_03447_,13.44µm
_03690_,13.44µm
_03693_,13.44µm
_03856_,13.44µm
net1008,13.44µm
_02609_,13.08µm
_03070_,13.08µm
_04237_,13.08µm
_01212_,13.03µm
_01479_,13.03µm
_03757_,13.03µm
_04943_,13.03µm
net1349,13.03µm
_01098_,12.98µm
_01102_,12.98µm
_01962_,12.98µm
_02245_,12.98µm
_04316_,12.98µm
_04798_,12.98µm
_05141_,12.98µm
_05645_,12.98µm
net1527,12.98µm
_00166_,12.93µm
_00224_,12.93µm
_00344_,12.93µm
_00600_,12.93µm
_00611_,12.93µm
_00783_,12.93µm
_00784_,12.93µm
_00866_,12.93µm
_01001_,12.93µm
_01206_,12.93µm
_01283_,12.93µm
_01288_,12.93µm
_01402_,12.93µm
_01405_,12.93µm
_01845_,12.93µm
_01866_,12.93µm
_01958_,12.93µm
_01994_,12.93µm
_02177_,12.93µm
_02198_,12.93µm
_02440_,12.93µm
_02585_,12.93µm
_02633_,12.93µm
_02702_,12.93µm
_02863_,12.93µm
_03080_,12.93µm
_03190_,12.93µm
_03211_,12.93µm
_03237_,12.93µm
_03297_,12.93µm
_03669_,12.93µm
_03832_,12.93µm
_03869_,12.93µm
_04175_,12.93µm
_05233_,12.93µm
_05389_,12.93µm
_06029_,12.93µm
_06071_,12.93µm
wrapper_inst.digital_domain_inst.latch_phase90_y,12.93µm
wrapper_inst.digital_domain_inst.signal_processor_y_inst.s90_pipe\[2\],12.93µm
net1050,12.93µm
_00030_,12.88µm
_00190_,12.88µm
_00314_,12.88µm
_00502_,12.88µm
_00948_,12.88µm
_01601_,12.88µm
_01676_,12.88µm
_01861_,12.88µm
_02447_,12.88µm
_02536_,12.88µm
_02580_,12.88µm
_02673_,12.88µm
_02835_,12.88µm
_02926_,12.88µm
_03106_,12.88µm
_03176_,12.88µm
_03203_,12.88µm
_03243_,12.88µm
_03316_,12.88µm
_03358_,12.88µm
_03968_,12.88µm
_04031_,12.88µm
_04655_,12.88µm
_04827_,12.88µm
_05720_,12.88µm
net1536,12.88µm
_05610_,12.65µm
_05915_,12.47µm
_00588_,12.42µm
_01821_,12.42µm
_01971_,12.42µm
_02179_,12.42µm
_03779_,12.42µm
_03866_,12.42µm
_04158_,12.42µm
_04367_,12.42µm
_04737_,12.42µm
_05100_,12.42µm
_05390_,12.42µm
_05423_,12.42µm
_05848_,12.42µm
_00032_,12.37µm
_00124_,12.37µm
_00277_,12.37µm
_00465_,12.37µm
_00555_,12.37µm
_00659_,12.37µm
_00926_,12.37µm
_01018_,12.37µm
_01103_,12.37µm
_01184_,12.37µm
_01231_,12.37µm
_01664_,12.37µm
_01996_,12.37µm
_02000_,12.37µm
_02163_,12.37µm
_02287_,12.37µm
_02306_,12.37µm
_02455_,12.37µm
_02486_,12.37µm
_02493_,12.37µm
_02822_,12.37µm
_03687_,12.37µm
_03758_,12.37µm
_03811_,12.37µm
_03893_,12.37µm
_04015_,12.37µm
_04162_,12.37µm
_04428_,12.37µm
_04532_,12.37µm
_04557_,12.37µm
_04588_,12.37µm
_04608_,12.37µm
_04715_,12.37µm
_04874_,12.37µm
_04974_,12.37µm
_05176_,12.37µm
_05286_,12.37µm
_05417_,12.37µm
_05618_,12.37µm
_05667_,12.37µm
_05806_,12.37µm
_05903_,12.37µm
_00338_,12.32µm
_00375_,12.32µm
_00626_,12.32µm
_00970_,12.32µm
_00986_,12.32µm
_01071_,12.32µm
_01924_,12.32µm
_01969_,12.32µm
_02024_,12.32µm
_02060_,12.32µm
_02507_,12.32µm
_02572_,12.32µm
_02687_,12.32µm
_02888_,12.32µm
_03470_,12.32µm
_03748_,12.32µm
_03769_,12.32µm
_03804_,12.32µm
_03916_,12.32µm
_04137_,12.32µm
_04239_,12.32µm
_04579_,12.32µm
_04890_,12.32µm
_05247_,12.32µm
_05253_,12.32µm
_05663_,12.32µm
net1052,12.32µm
net1993,12.32µm
_00431_,12.26µm
_03822_,11.96µm
_02295_,11.91µm
_02476_,11.91µm
_03125_,11.91µm
_05566_,11.91µm
_00455_,11.86µm
_00825_,11.86µm
_01480_,11.86µm
_01609_,11.86µm
_01744_,11.86µm
_01894_,11.86µm
_01920_,11.86µm
_02011_,11.86µm
_02210_,11.86µm
_02789_,11.86µm
_03028_,11.86µm
_03774_,11.86µm
_03824_,11.86µm
_05208_,11.86µm
net642,11.86µm
_00024_,11.81µm
_00068_,11.81µm
_00097_,11.81µm
_00481_,11.81µm
_00562_,11.81µm
_00601_,11.81µm
_00636_,11.81µm
_01030_,11.81µm
_01779_,11.81µm
_01935_,11.81µm
_01945_,11.81µm
_02017_,11.81µm
_02466_,11.81µm
_02567_,11.81µm
_02607_,11.81µm
_02774_,11.81µm
_02786_,11.81µm
_02796_,11.81µm
_02804_,11.81µm
_02809_,11.81µm
_02936_,11.81µm
_03185_,11.81µm
_03291_,11.81µm
_03300_,11.81µm
_03753_,11.81µm
_03995_,11.81µm
_04008_,11.81µm
_04080_,11.81µm
_04573_,11.81µm
_04766_,11.81µm
_04770_,11.81µm
_04819_,11.81µm
_04828_,11.81µm
_04951_,11.81µm
_05197_,11.81µm
_05464_,11.81µm
_06024_,11.81µm
_06050_,11.81µm
wrapper_inst.digital_domain_inst.signal_processor_y_inst.cycle_count\[3\],11.81µm
wrapper_inst.digital_domain_inst.spi_regs_inst.tx_shift\[2\],11.81µm
net1980,11.81µm
net2035,11.81µm
net2255,11.81µm
net2336,11.81µm
_00210_,11.76µm
_00398_,11.76µm
_00777_,11.76µm
_00990_,11.76µm
_01004_,11.76µm
_01139_,11.76µm
_01235_,11.76µm
_01271_,11.76µm
_01731_,11.76µm
_01764_,11.76µm
_02128_,11.76µm
_02161_,11.76µm
_02372_,11.76µm
_02438_,11.76µm
_02563_,11.76µm
_02631_,11.76µm
_02634_,11.76µm
_02664_,11.76µm
_02744_,11.76µm
_02850_,11.76µm
_02924_,11.76µm
_03038_,11.76µm
_03089_,11.76µm
_03258_,11.76µm
_03296_,11.76µm
_03369_,11.76µm
_03675_,11.76µm
_03900_,11.76µm
_04044_,11.76µm
_04203_,11.76µm
_04547_,11.76µm
_04938_,11.76µm
_05226_,11.76µm
_05238_,11.76µm
_05377_,11.76µm
_05571_,11.76µm
_05794_,11.76µm
wrapper_inst.digital_domain_inst.wave_controller_y_inst.capture_pending,11.76µm
_00634_,11.45µm
_00681_,11.35µm
_00791_,11.35µm
_02029_,11.35µm
_02041_,11.35µm
_02485_,11.35µm
_02565_,11.35µm
_03746_,11.35µm
_04168_,11.35µm
_00379_,11.3µm
_00513_,11.3µm
_00780_,11.3µm
_01423_,11.3µm
_01769_,11.3µm
_01830_,11.3µm
_02151_,11.3µm
_02187_,11.3µm
_02908_,11.3µm
_03017_,11.3µm
_03359_,11.3µm
_05246_,11.3µm
_05439_,11.3µm
_05621_,11.3µm
_00023_,11.25µm
_00106_,11.25µm
_00183_,11.25µm
_00217_,11.25µm
_00369_,11.25µm
_00537_,11.25µm
_00581_,11.25µm
_00859_,11.25µm
_00954_,11.25µm
_01048_,11.25µm
_01272_,11.25µm
_01367_,11.25µm
_01461_,11.25µm
_01541_,11.25µm
_01811_,11.25µm
_01873_,11.25µm
_02047_,11.25µm
_02124_,11.25µm
_02158_,11.25µm
_02308_,11.25µm
_02511_,11.25µm
_02811_,11.25µm
_02849_,11.25µm
_02987_,11.25µm
_03108_,11.25µm
_03232_,11.25µm
_03433_,11.25µm
_03471_,11.25µm
_04041_,11.25µm
_04075_,11.25µm
_04192_,11.25µm
_04321_,11.25µm
_04326_,11.25µm
_04603_,11.25µm
_04643_,11.25µm
_05328_,11.25µm
_05544_,11.25µm
_05829_,11.25µm
_05844_,11.25µm
_05909_,11.25µm
wrapper_inst.digital_domain_inst.signal_processor_y_inst.s270_pipe\[2\],11.25µm
net226,11.25µm
_00113_,11.2µm
_00157_,11.2µm
_00397_,11.2µm
_00469_,11.2µm
_00565_,11.2µm
_00779_,11.2µm
_01031_,11.2µm
_01058_,11.2µm
_01109_,11.2µm
_01531_,11.2µm
_01545_,11.2µm
_01787_,11.2µm
_01789_,11.2µm
_01822_,11.2µm
_01843_,11.2µm
_01929_,11.2µm
_01973_,11.2µm
_02232_,11.2µm
_02505_,11.2µm
_02574_,11.2µm
_02676_,11.2µm
_02692_,11.2µm
_02700_,11.2µm
_02787_,11.2µm
_02853_,11.2µm
_02861_,11.2µm
_02869_,11.2µm
_02962_,11.2µm
_03113_,11.2µm
_03287_,11.2µm
_03567_,11.2µm
_04106_,11.2µm
_04341_,11.2µm
_04412_,11.2µm
_04606_,11.2µm
_04716_,11.2µm
_04751_,11.2µm
_04778_,11.2µm
_04895_,11.2µm
_05372_,11.2µm
_05398_,11.2µm
_05623_,11.2µm
_05748_,11.2µm
_05782_,11.2µm
_05785_,11.2µm
_06081_,11.2µm
net1,11.2µm
wrapper_inst.digital_domain_inst.raw_edge1_x\[20\],11.2µm
net2055,11.2µm
_02042_,10.79µm
_02894_,10.79µm
_02895_,10.79µm
_04723_,10.79µm
_01690_,10.74µm
_02160_,10.74µm
_02223_,10.74µm
_02298_,10.74µm
_02315_,10.74µm
_02374_,10.74µm
_02379_,10.74µm
_02550_,10.74µm
_03711_,10.74µm
_03792_,10.74µm
_03841_,10.74µm
_04153_,10.74µm
_04384_,10.74µm
_04844_,10.74µm
_05149_,10.74µm
wrapper_inst.digital_domain_inst.signal_processor_x_inst.cnt_in\[1\],10.74µm
net504,10.74µm
net917,10.74µm
_00034_,10.69µm
_00069_,10.69µm
_00169_,10.69µm
_00185_,10.69µm
_00360_,10.69µm
_00906_,10.69µm
_00945_,10.69µm
_01205_,10.69µm
_01430_,10.69µm
_01674_,10.69µm
_01836_,10.69µm
_01849_,10.69µm
_01939_,10.69µm
_02046_,10.69µm
_02074_,10.69µm
_02112_,10.69µm
_02169_,10.69µm
_02350_,10.69µm
_02453_,10.69µm
_02474_,10.69µm
_02532_,10.69µm
_02545_,10.69µm
_02598_,10.69µm
_02645_,10.69µm
_02873_,10.69µm
_03843_,10.69µm
_04006_,10.69µm
_04169_,10.69µm
_04240_,10.69µm
_04371_,10.69µm
_05127_,10.69µm
_05284_,10.69µm
_05532_,10.69µm
_05577_,10.69µm
_05742_,10.69µm
_05776_,10.69µm
_06047_,10.69µm
_06066_,10.69µm
wrapper_inst.digital_domain_inst.signal_processor_x_inst.s270_pipe\[2\],10.69µm
net1686,10.69µm
_00051_,10.64µm
_00239_,10.64µm
_00349_,10.64µm
_00395_,10.64µm
_00935_,10.64µm
_00984_,10.64µm
_01171_,10.64µm
_01333_,10.64µm
_01341_,10.64µm
_01610_,10.64µm
_01823_,10.64µm
_02146_,10.64µm
_02228_,10.64µm
_02452_,10.64µm
_02529_,10.64µm
_02606_,10.64µm
_02610_,10.64µm
_02834_,10.64µm
_02842_,10.64µm
_02843_,10.64µm
_02985_,10.64µm
_03127_,10.64µm
_03235_,10.64µm
_03364_,10.64µm
_04334_,10.64µm
_04359_,10.64µm
_04762_,10.64µm
_04763_,10.64µm
_04810_,10.64µm
_04932_,10.64µm
_05634_,10.64µm
_05751_,10.64µm
wrapper_inst.digital_domain_inst.wave_controller_y_inst.ds_acc\[0\],10.64µm
wrapper_inst.digital_domain_inst.wave_controller_y_inst.ds_acc\[1\],10.64µm
net1238,10.64µm
_02730_,10.23µm
_05855_,10.23µm
wrapper_inst.digital_domain_inst.wave_controller_y_inst.ref_ds_acc\[0\],10.23µm
_00620_,10.18µm
_00755_,10.18µm
_00833_,10.18µm
_01027_,10.18µm
_01076_,10.18µm
_01307_,10.18µm
_01325_,10.18µm
_01544_,10.18µm
_02695_,10.18µm
_03114_,10.18µm
_03421_,10.18µm
_03800_,10.18µm
_04188_,10.18µm
_04781_,10.18µm
_05326_,10.18µm
_05764_,10.18µm
_05946_,10.18µm
net416,10.18µm
net1600,10.18µm
_00054_,10.13µm
_00134_,10.13µm
_00236_,10.13µm
_00244_,10.13µm
_00354_,10.13µm
_00438_,10.13µm
_00450_,10.13µm
_00496_,10.13µm
_00497_,10.13µm
_00506_,10.13µm
_00507_,10.13µm
_01265_,10.13µm
_01282_,10.13µm
_01302_,10.13µm
_01692_,10.13µm
_01938_,10.13µm
_02028_,10.13µm
_02106_,10.13µm
_02122_,10.13µm
_02189_,10.13µm
_02212_,10.13µm
_02418_,10.13µm
_02445_,10.13µm
_02450_,10.13µm
_02611_,10.13µm
_02751_,10.13µm
_02824_,10.13µm
_03086_,10.13µm
_03175_,10.13µm
_03271_,10.13µm
_03799_,10.13µm
_03896_,10.13µm
_04448_,10.13µm
_04509_,10.13µm
_04545_,10.13µm
_04563_,10.13µm
_04729_,10.13µm
_05195_,10.13µm
_05536_,10.13µm
_05657_,10.13µm
_05710_,10.13µm
_05747_,10.13µm
_05923_,10.13µm
_05975_,10.13µm
_06089_,10.13µm
wrapper_inst.digital_domain_inst.signal_processor_y_inst.cnt_in\[3\],10.13µm
wrapper_inst.digital_domain_inst.signal_processor_y_inst.s270_pipe\[0\],10.13µm
wrapper_inst.digital_domain_inst.wave_controller_x_inst.comp_sync2,10.13µm
wrapper_inst.digital_domain_inst.wave_controller_x_inst.ds_acc\[0\],10.13µm
net327,10.13µm
_00153_,10.08µm
_00290_,10.08µm
_00318_,10.08µm
_00380_,10.08µm
_00595_,10.08µm
_01084_,10.08µm
_01269_,10.08µm
_01557_,10.08µm
_01826_,10.08µm
_01927_,10.08µm
_02061_,10.08µm
_02206_,10.08µm
_02253_,10.08µm
_02292_,10.08µm
_02494_,10.08µm
_02501_,10.08µm
_02583_,10.08µm
_02587_,10.08µm
_02599_,10.08µm
_02784_,10.08µm
_02923_,10.08µm
_03078_,10.08µm
_03244_,10.08µm
_03380_,10.08µm
_03418_,10.08µm
_03473_,10.08µm
_04470_,10.08µm
_04636_,10.08µm
_04889_,10.08µm
_05017_,10.08µm
_05174_,10.08µm
_05280_,10.08µm
_05568_,10.08µm
_05603_,10.08µm
_05624_,10.08µm
_05639_,10.08µm
_05680_,10.08µm
_05768_,10.08µm
_05867_,10.08µm
_05972_,10.08µm
_02300_,9.8µm
_00570_,9.72µm
_02236_,9.67µm
_02901_,9.67µm
_00188_,9.62µm
_00598_,9.62µm
_00900_,9.62µm
_01130_,9.62µm
_01442_,9.62µm
_01860_,9.62µm
_02033_,9.62µm
_02800_,9.62µm
_02806_,9.62µm
_03123_,9.62µm
_03197_,9.62µm
_03365_,9.62µm
_03382_,9.62µm
_03684_,9.62µm
_04744_,9.62µm
_04794_,9.62µm
_05858_,9.62µm
_06012_,9.62µm
_06030_,9.62µm
_00003_,9.57µm
_00009_,9.57µm
_00059_,9.57µm
_00130_,9.57µm
_00143_,9.57µm
_00171_,9.57µm
_00301_,9.57µm
_00422_,9.57µm
_00510_,9.57µm
_00909_,9.57µm
_01309_,9.57µm
_01427_,9.57µm
_01621_,9.57µm
_01802_,9.57µm
_01966_,9.57µm
_02309_,9.57µm
_02368_,9.57µm
_02400_,9.57µm
_02528_,9.57µm
_02547_,9.57µm
_02581_,9.57µm
_02595_,9.57µm
_02614_,9.57µm
_02653_,9.57µm
_02808_,9.57µm
_02812_,9.57µm
_02825_,9.57µm
_03001_,9.57µm
_03104_,9.57µm
_03180_,9.57µm
_03253_,9.57µm
_03311_,9.57µm
_03354_,9.57µm
_03356_,9.57µm
_03412_,9.57µm
_03436_,9.57µm
_03797_,9.57µm
_04511_,9.57µm
_04542_,9.57µm
_04722_,9.57µm
_04873_,9.57µm
_04886_,9.57µm
_05484_,9.57µm
_05683_,9.57µm
_05961_,9.57µm
_05964_,9.57µm
_05969_,9.57µm
_06043_,9.57µm
wrapper_inst.digital_domain_inst.latch_phase90_ack_y,9.57µm
wrapper_inst.digital_domain_inst.wave_controller_x_inst.ds_acc\[4\],9.57µm
net753,9.57µm
_00037_,9.52µm
_00047_,9.52µm
_00173_,9.52µm
_00181_,9.52µm
_00331_,9.52µm
_00384_,9.52µm
_00429_,9.52µm
_00488_,9.52µm
_00853_,9.52µm
_00967_,9.52µm
_00988_,9.52µm
_01267_,9.52µm
_01515_,9.52µm
_01803_,9.52µm
_01993_,9.52µm
_02054_,9.52µm
_02359_,9.52µm
_02364_,9.52µm
_02387_,9.52µm
_02427_,9.52µm
_02663_,9.52µm
_02746_,9.52µm
_02929_,9.52µm
_02959_,9.52µm
_03031_,9.52µm
_03147_,9.52µm
_03763_,9.52µm
_03802_,9.52µm
_03812_,9.52µm
_03855_,9.52µm
_03862_,9.52µm
_03876_,9.52µm
_03883_,9.52µm
_04354_,9.52µm
_04427_,9.52µm
_04498_,9.52µm
_04621_,9.52µm
_04738_,9.52µm
_04745_,9.52µm
_04820_,9.52µm
_05179_,9.52µm
_05871_,9.52µm
_05952_,9.52µm
_05997_,9.52µm
_06054_,9.52µm
_06055_,9.52µm
wrapper_inst.digital_domain_inst.spi_regs_inst.cs_n_sync,9.52µm
wrapper_inst.digital_domain_inst.spi_regs_inst.tx_shift\[4\],9.52µm
_02530_,9.11µm
_04194_,9.11µm
_05401_,9.11µm
_00504_,9.06µm
_01716_,9.06µm
_01880_,9.06µm
_02310_,9.06µm
_03029_,9.06µm
_03039_,9.06µm
_03261_,9.06µm
_03624_,9.06µm
_04094_,9.06µm
_04268_,9.06µm
_04720_,9.06µm
_04847_,9.06µm
_04982_,9.06µm
_05049_,9.06µm
_00042_,9.01µm
_00085_,9.01µm
_00226_,9.01µm
_00227_,9.01µm
_00235_,9.01µm
_00269_,9.01µm
_00276_,9.01µm
_00405_,9.01µm
_00453_,9.01µm
_00997_,9.01µm
_01032_,9.01µm
_01155_,9.01µm
_01388_,9.01µm
_01391_,9.01µm
_01604_,9.01µm
_01705_,9.01µm
_01726_,9.01µm
_01793_,9.01µm
_01957_,9.01µm
_02018_,9.01µm
_02102_,9.01µm
_02629_,9.01µm
_02641_,9.01µm
_02656_,9.01µm
_02803_,9.01µm
_02829_,9.01µm
_02837_,9.01µm
_02840_,9.01µm
_02946_,9.01µm
_03214_,9.01µm
_03278_,9.01µm
_03777_,9.01µm
_04257_,9.01µm
_04365_,9.01µm
_04627_,9.01µm
_04816_,9.01µm
_04940_,9.01µm
_05252_,9.01µm
_05429_,9.01µm
_05435_,9.01µm
_05564_,9.01µm
wrapper_inst.digital_domain_inst.wave_controller_x_inst.phase_acc\[8\],9.01µm
wrapper_inst.digital_domain_inst.wave_controller_y_inst.ref_ds_acc\[1\],9.01µm
_00096_,8.96µm
_00219_,8.96µm
_00294_,8.96µm
_00441_,8.96µm
_00451_,8.96µm
_00860_,8.96µm
_01056_,8.96µm
_01193_,8.96µm
_01752_,8.96µm
_01763_,8.96µm
_01790_,8.96µm
_01855_,8.96µm
_01933_,8.96µm
_02022_,8.96µm
_02076_,8.96µm
_02242_,8.96µm
_02289_,8.96µm
_02388_,8.96µm
_02391_,8.96µm
_02456_,8.96µm
_02571_,8.96µm
_02577_,8.96µm
_02615_,8.96µm
_02635_,8.96µm
_02865_,8.96µm
_02955_,8.96µm
_02970_,8.96µm
_02993_,8.96µm
_03249_,8.96µm
_03254_,8.96µm
_03326_,8.96µm
_03782_,8.96µm
_03803_,8.96µm
_04136_,8.96µm
_04209_,8.96µm
_04214_,8.96µm
_04446_,8.96µm
_04524_,8.96µm
_04848_,8.96µm
_05120_,8.96µm
_05201_,8.96µm
_05388_,8.96µm
_05772_,8.96µm
_05778_,8.96µm
_06017_,8.96µm
wrapper_inst.digital_domain_inst.signal_processor_y_inst.s90_pipe\[0\],8.96µm
wrapper_inst.digital_domain_inst.wave_controller_x_inst.ref_ds_acc\[8\],8.96µm
net1431,8.96µm
net2300,8.96µm
_02376_,8.55µm
_04351_,8.55µm
_04818_,8.55µm
_01324_,8.5µm
_01791_,8.5µm
_01808_,8.5µm
_01992_,8.5µm
_02366_,8.5µm
_02502_,8.5µm
_02584_,8.5µm
_02892_,8.5µm
_02900_,8.5µm
_02904_,8.5µm
_03353_,8.5µm
_03882_,8.5µm
_04019_,8.5µm
_04254_,8.5µm
_06076_,8.5µm
_00145_,8.45µm
_00194_,8.45µm
_00214_,8.45µm
_00427_,8.45µm
_00445_,8.45µm
_00614_,8.45µm
_00618_,8.45µm
_00938_,8.45µm
_01050_,8.45µm
_01285_,8.45µm
_01336_,8.45µm
_01356_,8.45µm
_01468_,8.45µm
_01680_,8.45µm
_01833_,8.45µm
_02275_,8.45µm
_02380_,8.45µm
_02778_,8.45µm
_02975_,8.45µm
_03051_,8.45µm
_03090_,8.45µm
_03130_,8.45µm
_03330_,8.45µm
_03430_,8.45µm
_03501_,8.45µm
_03668_,8.45µm
_03723_,8.45µm
_03747_,8.45µm
_03827_,8.45µm
_03830_,8.45µm
_03915_,8.45µm
_04069_,8.45µm
_04115_,8.45µm
_04130_,8.45µm
_04779_,8.45µm
_05126_,8.45µm
_05225_,8.45µm
_05397_,8.45µm
_05596_,8.45µm
_05940_,8.45µm
_06011_,8.45µm
_06022_,8.45µm
wrapper_inst.digital_domain_inst.spi_regs_inst.sclk_sync\[0\],8.45µm
net488,8.45µm
_00017_,8.4µm
_00022_,8.4µm
_00091_,8.4µm
_00150_,8.4µm
_00155_,8.4µm
_00156_,8.4µm
_00228_,8.4µm
_00292_,8.4µm
_00293_,8.4µm
_00328_,8.4µm
_00414_,8.4µm
_00424_,8.4µm
_00434_,8.4µm
_00443_,8.4µm
_00444_,8.4µm
_00484_,8.4µm
_00495_,8.4µm
_00517_,8.4µm
_00524_,8.4µm
_00554_,8.4µm
_00640_,8.4µm
_00642_,8.4µm
_01154_,8.4µm
_01301_,8.4µm
_01730_,8.4µm
_01754_,8.4µm
_01804_,8.4µm
_01980_,8.4µm
_01998_,8.4µm
_02049_,8.4µm
_02193_,8.4µm
_02394_,8.4µm
_02535_,8.4µm
_02657_,8.4µm
_02707_,8.4µm
_02798_,8.4µm
_02815_,8.4µm
_02938_,8.4µm
_03145_,8.4µm
_03183_,8.4µm
_03861_,8.4µm
_03970_,8.4µm
_04078_,8.4µm
_04313_,8.4µm
_04355_,8.4µm
_04701_,8.4µm
_05117_,8.4µm
_05267_,8.4µm
_05324_,8.4µm
_05327_,8.4µm
_05336_,8.4µm
_05392_,8.4µm
_05521_,8.4µm
_05641_,8.4µm
_05670_,8.4µm
_05939_,8.4µm
_05949_,8.4µm
_06078_,8.4µm
wrapper_inst.digital_domain_inst.wave_controller_y_inst.ds_acc\[2\],8.4µm
_02327_,7.99µm
_03241_,7.99µm
_00254_,7.94µm
_00844_,7.94µm
_01895_,7.94µm
_01932_,7.94µm
_02035_,7.94µm
_02282_,7.94µm
_02316_,7.94µm
_03489_,7.94µm
_03706_,7.94µm
_03976_,7.94µm
_04138_,7.94µm
_04185_,7.94µm
_04569_,7.94µm
_04616_,7.94µm
_04633_,7.94µm
_04742_,7.94µm
_04942_,7.94µm
_05089_,7.94µm
_05551_,7.94µm
_05655_,7.94µm
_05884_,7.94µm
_06065_,7.94µm
_00006_,7.89µm
_00062_,7.89µm
_00231_,7.89µm
_00242_,7.89µm
_00258_,7.89µm
_00325_,7.89µm
_00407_,7.89µm
_00483_,7.89µm
_00535_,7.89µm
_00647_,7.89µm
_00782_,7.89µm
_00936_,7.89µm
_00995_,7.89µm
_01335_,7.89µm
_01377_,7.89µm
_01452_,7.89µm
_01547_,7.89µm
_02030_,7.89µm
_02546_,7.89µm
_02561_,7.89µm
_02662_,7.89µm
_02889_,7.89µm
_02967_,7.89µm
_02992_,7.89µm
_03153_,7.89µm
_03223_,7.89µm
_03250_,7.89µm
_03371_,7.89µm
_03614_,7.89µm
_03733_,7.89µm
_03877_,7.89µm
_04034_,7.89µm
_04133_,7.89µm
_04417_,7.89µm
_04673_,7.89µm
_04726_,7.89µm
_05262_,7.89µm
_05344_,7.89µm
_05745_,7.89µm
_05907_,7.89µm
_06085_,7.89µm
wrapper_inst.digital_domain_inst.signal_processor_x_inst.s270_pipe\[1\],7.89µm
_00073_,7.84µm
_00115_,7.84µm
_00148_,7.84µm
_00158_,7.84µm
_00170_,7.84µm
_00281_,7.84µm
_00332_,7.84µm
_00342_,7.84µm
_00377_,7.84µm
_00459_,7.84µm
_00477_,7.84µm
_00503_,7.84µm
_00541_,7.84µm
_00584_,7.84µm
_00587_,7.84µm
_00613_,7.84µm
_01242_,7.84µm
_01243_,7.84µm
_01394_,7.84µm
_01580_,7.84µm
_01814_,7.84µm
_02071_,7.84µm
_02135_,7.84µm
_02233_,7.84µm
_02395_,7.84µm
_02462_,7.84µm
_02548_,7.84µm
_02651_,7.84µm
_02762_,7.84µm
_02831_,7.84µm
_02989_,7.84µm
_03002_,7.84µm
_03111_,7.84µm
_03194_,7.84µm
_03220_,7.84µm
_03222_,7.84µm
_03247_,7.84µm
_03317_,7.84µm
_03373_,7.84µm
_03428_,7.84µm
_03497_,7.84µm
_03761_,7.84µm
_03833_,7.84µm
_04064_,7.84µm
_04156_,7.84µm
_04324_,7.84µm
_04409_,7.84µm
_04544_,7.84µm
_04620_,7.84µm
_04626_,7.84µm
_04703_,7.84µm
_04797_,7.84µm
_04919_,7.84µm
_04966_,7.84µm
_04969_,7.84µm
_04999_,7.84µm
_05116_,7.84µm
_05189_,7.84µm
_05368_,7.84µm
_05409_,7.84µm
_05513_,7.84µm
_05570_,7.84µm
_05769_,7.84µm
_05774_,7.84µm
_05914_,7.84µm
_05970_,7.84µm
_06075_,7.84µm
wrapper_inst.digital_domain_inst.wave_controller_x_inst.comp_sync0,7.84µm
net549,7.84µm
net2577,7.84µm
_00957_,7.75µm
_01177_,7.43µm
_00260_,7.38µm
_00299_,7.38µm
_00326_,7.38µm
_00542_,7.38µm
_00843_,7.38µm
_01863_,7.38µm
_01882_,7.38µm
_02195_,7.38µm
_02616_,7.38µm
_03262_,7.38µm
_03375_,7.38µm
_03787_,7.38µm
_03845_,7.38µm
_04707_,7.38µm
_04764_,7.38µm
_05211_,7.38µm
_00086_,7.33µm
_00109_,7.33µm
_00122_,7.33µm
_00212_,7.33µm
_00267_,7.33µm
_00382_,7.33µm
_00419_,7.33µm
_00440_,7.33µm
_00442_,7.33µm
_00548_,7.33µm
_01691_,7.33µm
_01747_,7.33µm
_01847_,7.33µm
_01904_,7.33µm
_01983_,7.33µm
_02096_,7.33µm
_02120_,7.33µm
_02251_,7.33µm
_02381_,7.33µm
_02390_,7.33µm
_02551_,7.33µm
_02640_,7.33µm
_02674_,7.33µm
_02882_,7.33µm
_03122_,7.33µm
_03126_,7.33µm
_03225_,7.33µm
_03245_,7.33µm
_03257_,7.33µm
_03285_,7.33µm
_03289_,7.33µm
_03304_,7.33µm
_03873_,7.33µm
_04985_,7.33µm
_05516_,7.33µm
_05780_,7.33µm
_06002_,7.33µm
_06070_,7.33µm
_06087_,7.33µm
wrapper_inst.digital_domain_inst.signal_processor_x_inst.s90_pipe\[0\],7.33µm
wrapper_inst.digital_domain_inst.spi_regs_inst.reg_wr_data\[4\],7.33µm
_00008_,7.28µm
_00067_,7.28µm
_00092_,7.28µm
_00108_,7.28µm
_00116_,7.28µm
_00123_,7.28µm
_00127_,7.28µm
_00167_,7.28µm
_00202_,7.28µm
_00264_,7.28µm
_00306_,7.28µm
_00307_,7.28µm
_00313_,7.28µm
_00333_,7.28µm
_00352_,7.28µm
_00359_,7.28µm
_00373_,7.28µm
_00383_,7.28µm
_00387_,7.28µm
_00390_,7.28µm
_00392_,7.28µm
_00399_,7.28µm
_00400_,7.28µm
_00406_,7.28µm
_00411_,7.28µm
_00421_,7.28µm
_00452_,7.28µm
_00461_,7.28µm
_00470_,7.28µm
_00472_,7.28µm
_00475_,7.28µm
_00480_,7.28µm
_00485_,7.28µm
_00487_,7.28µm
_00492_,7.28µm
_00522_,7.28µm
_00546_,7.28µm
_00907_,7.28µm
_00985_,7.28µm
_01017_,7.28µm
_01239_,7.28µm
_01287_,7.28µm
_01411_,7.28µm
_01595_,7.28µm
_01646_,7.28µm
_01799_,7.28µm
_01987_,7.28µm
_02014_,7.28µm
_02021_,7.28µm
_02130_,7.28µm
_02147_,7.28µm
_02159_,7.28µm
_02238_,7.28µm
_02255_,7.28µm
_02303_,7.28µm
_02369_,7.28µm
_02467_,7.28µm
_02637_,7.28µm
_02652_,7.28µm
_02779_,7.28µm
_02795_,7.28µm
_02821_,7.28µm
_03115_,7.28µm
_03120_,7.28µm
_03178_,7.28µm
_03259_,7.28µm
_03270_,7.28µm
_03290_,7.28µm
_03295_,7.28µm
_03333_,7.28µm
_03394_,7.28µm
_03413_,7.28µm
_03600_,7.28µm
_03870_,7.28µm
_04145_,7.28µm
_04241_,7.28µm
_04272_,7.28µm
_04442_,7.28µm
_04795_,7.28µm
_04960_,7.28µm
_05520_,7.28µm
_05671_,7.28µm
_05708_,7.28µm
_05849_,7.28µm
_05865_,7.28µm
_05897_,7.28µm
_06080_,7.28µm
_06088_,7.28µm
wrapper_inst.digital_domain_inst.signal_processor_x_inst.s90_pipe\[2\],7.28µm
wrapper_inst.digital_domain_inst.spi_regs_inst.reg_wr_data\[3\],7.28µm
_00468_,7.22µm
_00263_,6.87µm
_05234_,6.87µm
_00622_,6.82µm
_00961_,6.82µm
_01331_,6.82µm
_01337_,6.82µm
_01553_,6.82µm
_01697_,6.82µm
_02483_,6.82µm
_02564_,6.82µm
_02647_,6.82µm
_02735_,6.82µm
_02966_,6.82µm
_03370_,6.82µm
_04251_,6.82µm
_05048_,6.82µm
_05567_,6.82µm
_00140_,6.77µm
_00216_,6.77µm
_00234_,6.77µm
_00255_,6.77µm
_00345_,6.77µm
_00353_,6.77µm
_00391_,6.77µm
_00448_,6.77µm
_00509_,6.77µm
_00704_,6.77µm
_00865_,6.77µm
_00932_,6.77µm
_00943_,6.77µm
_00955_,6.77µm
_00963_,6.77µm
_01036_,6.77µm
_01247_,6.77µm
_01568_,6.77µm
_01834_,6.77µm
_02133_,6.77µm
_02226_,6.77µm
_02307_,6.77µm
_02398_,6.77µm
_02448_,6.77µm
_02537_,6.77µm
_02605_,6.77µm
_02713_,6.77µm
_02866_,6.77µm
_03072_,6.77µm
_03103_,6.77µm
_03165_,6.77µm
_03187_,6.77µm
_03320_,6.77µm
_03323_,6.77µm
_03431_,6.77µm
_03525_,6.77µm
_03699_,6.77µm
_04047_,6.77µm
_04154_,6.77µm
_04191_,6.77µm
_04612_,6.77µm
_04685_,6.77µm
_04731_,6.77µm
_04945_,6.77µm
_05110_,6.77µm
_05235_,6.77µm
_05361_,6.77µm
_05499_,6.77µm
_05766_,6.77µm
_05775_,6.77µm
_05926_,6.77µm
wrapper_inst.digital_domain_inst.cfg_done,6.77µm
wrapper_inst.digital_domain_inst.wave_controller_x_inst.ds_acc\[2\],6.77µm
net555,6.77µm
_00018_,6.72µm
_00019_,6.72µm
_00021_,6.72µm
_00036_,6.72µm
_00075_,6.72µm
_00100_,6.72µm
_00146_,6.72µm
_00149_,6.72µm
_00168_,6.72µm
_00196_,6.72µm
_00215_,6.72µm
_00221_,6.72µm
_00285_,6.72µm
_00309_,6.72µm
_00330_,6.72µm
_00355_,6.72µm
_00357_,6.72µm
_00376_,6.72µm
_00378_,6.72µm
_00401_,6.72µm
_00412_,6.72µm
_00482_,6.72µm
_00617_,6.72µm
_00883_,6.72µm
_00971_,6.72µm
_01006_,6.72µm
_01067_,6.72µm
_01134_,6.72µm
_01162_,6.72µm
_01355_,6.72µm
_01434_,6.72µm
_01437_,6.72µm
_01556_,6.72µm
_01751_,6.72µm
_01780_,6.72µm
_01795_,6.72µm
_02013_,6.72µm
_02155_,6.72µm
_02235_,6.72µm
_02246_,6.72µm
_02252_,6.72µm
_02435_,6.72µm
_02443_,6.72µm
_02484_,6.72µm
_02650_,6.72µm
_02790_,6.72µm
_02960_,6.72µm
_02961_,6.72µm
_02965_,6.72µm
_02994_,6.72µm
_03081_,6.72µm
_03107_,6.72µm
_03256_,6.72µm
_03263_,6.72µm
_03362_,6.72µm
_03423_,6.72µm
_03461_,6.72µm
_03469_,6.72µm
_03474_,6.72µm
_03667_,6.72µm
_03793_,6.72µm
_03865_,6.72µm
_04143_,6.72µm
_04224_,6.72µm
_04337_,6.72µm
_04373_,6.72µm
_04419_,6.72µm
_04434_,6.72µm
_04486_,6.72µm
_04496_,6.72µm
_04537_,6.72µm
_04575_,6.72µm
_04618_,6.72µm
_04761_,6.72µm
_04830_,6.72µm
_04929_,6.72µm
_05131_,6.72µm
_05350_,6.72µm
_05371_,6.72µm
_05457_,6.72µm
_05498_,6.72µm
_05606_,6.72µm
_05677_,6.72µm
_05797_,6.72µm
_05823_,6.72µm
_05879_,6.72µm
_06021_,6.72µm
_06046_,6.72µm
wrapper_inst.digital_domain_inst.signal_processor_y_inst.s270_pipe\[1\],6.72µm
_02738_,6.31µm
_00197_,6.26µm
_00213_,6.26µm
_01761_,6.26µm
_01990_,6.26µm
_02108_,6.26µm
_02526_,6.26µm
_02801_,6.26µm
_03058_,6.26µm
_04025_,6.26µm
_04152_,6.26µm
_04515_,6.26µm
_04776_,6.26µm
_05360_,6.26µm
_05396_,6.26µm
_06026_,6.26µm
_00011_,6.21µm
_00027_,6.21µm
_00132_,6.21µm
_00152_,6.21µm
_00273_,6.21µm
_00385_,6.21µm
_00425_,6.21µm
_00428_,6.21µm
_00952_,6.21µm
_01679_,6.21µm
_01908_,6.21µm
_02229_,6.21µm
_02473_,6.21µm
_02557_,6.21µm
_02680_,6.21µm
_02820_,6.21µm
_02864_,6.21µm
_02885_,6.21µm
_03034_,6.21µm
_03136_,6.21µm
_03139_,6.21µm
_03151_,6.21µm
_03217_,6.21µm
_03230_,6.21µm
_03301_,6.21µm
_04142_,6.21µm
_04147_,6.21µm
_04599_,6.21µm
_04697_,6.21µm
_04805_,6.21µm
_04867_,6.21µm
_05161_,6.21µm
_05556_,6.21µm
_05576_,6.21µm
wrapper_inst.digital_domain_inst.spi_regs_inst.tx_shift\[0\],6.21µm
wrapper_inst.digital_domain_inst.wave_controller_x_inst.comp_sync1,6.21µm
_00031_,6.16µm
_00110_,6.16µm
_00203_,6.16µm
_00211_,6.16µm
_00246_,6.16µm
_00340_,6.16µm
_00402_,6.16µm
_00436_,6.16µm
_00531_,6.16µm
_00550_,6.16µm
_00939_,6.16µm
_01047_,6.16µm
_01097_,6.16µm
_01196_,6.16µm
_01241_,6.16µm
_01295_,6.16µm
_01540_,6.16µm
_01807_,6.16µm
_01970_,6.16µm
_02039_,6.16µm
_02123_,6.16µm
_02166_,6.16µm
_02290_,6.16µm
_02437_,6.16µm
_02488_,6.16µm
_02553_,6.16µm
_02562_,6.16µm
_02586_,6.16µm
_02660_,6.16µm
_02764_,6.16µm
_02827_,6.16µm
_02896_,6.16µm
_02932_,6.16µm
_02981_,6.16µm
_03095_,6.16µm
_03228_,6.16µm
_03267_,6.16µm
_03402_,6.16µm
_03773_,6.16µm
_03852_,6.16µm
_03966_,6.16µm
_04024_,6.16µm
_04089_,6.16µm
_04179_,6.16µm
_04584_,6.16µm
_04630_,6.16µm
_04736_,6.16µm
_04752_,6.16µm
_04947_,6.16µm
_04971_,6.16µm
_04992_,6.16µm
_05147_,6.16µm
_05200_,6.16µm
_05270_,6.16µm
_05511_,6.16µm
_05561_,6.16µm
_05582_,6.16µm
_05591_,6.16µm
_05830_,6.16µm
_05875_,6.16µm
_05905_,6.16µm
_05942_,6.16µm
_05962_,6.16µm
_05965_,6.16µm
_06041_,6.16µm
_06069_,6.16µm
wrapper_inst.digital_domain_inst.signal_processor_x_inst.s270_pipe\[0\],6.16µm
wrapper_inst.digital_domain_inst.wave_controller_y_inst.comp_sync1,6.16µm
wrapper_inst.digital_domain_inst.wave_controller_y_inst.ds_acc\[8\],6.16µm
net1852,6.16µm
_00590_,5.7µm
_01558_,5.7µm
_01686_,5.7µm
_02378_,5.7µm
_02823_,5.7µm
_03073_,5.7µm
_04007_,5.7µm
_04634_,5.7µm
_05589_,5.7µm
_05668_,5.7µm
_06063_,5.7µm
_00094_,5.65µm
_00129_,5.65µm
_00192_,5.65µm
_00241_,5.65µm
_00409_,5.65µm
_00415_,5.65µm
_00490_,5.65µm
_00519_,5.65µm
_00632_,5.65µm
_00646_,5.65µm
_00928_,5.65µm
_00962_,5.65µm
_01226_,5.65µm
_01409_,5.65µm
_01890_,5.65µm
_02053_,5.65µm
_02270_,5.65µm
_02393_,5.65µm
_02512_,5.65µm
_03110_,5.65µm
_03177_,5.65µm
_03242_,5.65µm
_03464_,5.65µm
_04102_,5.65µm
_04141_,5.65µm
_04785_,5.65µm
_04917_,5.65µm
_04991_,5.65µm
_05040_,5.65µm
_05079_,5.65µm
_05278_,5.65µm
_05330_,5.65µm
_05395_,5.65µm
_05410_,5.65µm
_05418_,5.65µm
_05542_,5.65µm
_05826_,5.65µm
_06073_,5.65µm
wrapper_inst.digital_domain_inst.wave_controller_y_inst.cal_burst_count\[1\],5.65µm
_00076_,5.6µm
_00080_,5.6µm
_00111_,5.6µm
_00114_,5.6µm
_00147_,5.6µm
_00230_,5.6µm
_00237_,5.6µm
_00250_,5.6µm
_00251_,5.6µm
_00253_,5.6µm
_00266_,5.6µm
_00274_,5.6µm
_00275_,5.6µm
_00289_,5.6µm
_00329_,5.6µm
_00341_,5.6µm
_00362_,5.6µm
_00366_,5.6µm
_00367_,5.6µm
_00528_,5.6µm
_00549_,5.6µm
_00886_,5.6µm
_00976_,5.6µm
_01021_,5.6µm
_01246_,5.6µm
_01535_,5.6µm
_01536_,5.6µm
_01663_,5.6µm
_01805_,5.6µm
_02150_,5.6µm
_02208_,5.6µm
_02234_,5.6µm
_02258_,5.6µm
_02281_,5.6µm
_02314_,5.6µm
_02531_,5.6µm
_02566_,5.6µm
_02596_,5.6µm
_02600_,5.6µm
_02813_,5.6µm
_03117_,5.6µm
_03204_,5.6µm
_03307_,5.6µm
_03314_,5.6µm
_03427_,5.6µm
_03738_,5.6µm
_03778_,5.6µm
_04035_,5.6µm
_04131_,5.6µm
_04205_,5.6µm
_04624_,5.6µm
_04792_,5.6µm
_04882_,5.6µm
_05213_,5.6µm
_05449_,5.6µm
_05682_,5.6µm
_05856_,5.6µm
_05979_,5.6µm
_05206_,5.42µm
_00012_,5.14µm
_00033_,5.14µm
_00138_,5.14µm
_00287_,5.14µm
_00312_,5.14µm
_01023_,5.14µm
_01298_,5.14µm
_02475_,5.14µm
_02665_,5.14µm
_02964_,5.14µm
_03240_,5.14µm
_04730_,5.14µm
_05756_,5.14µm
_00136_,5.09µm
_00218_,5.09µm
_00348_,5.09µm
_00454_,5.09µm
_00474_,5.09µm
_00576_,5.09µm
_01083_,5.09µm
_01211_,5.09µm
_01250_,5.09µm
_01318_,5.09µm
_01357_,5.09µm
_01881_,5.09µm
_01905_,5.09µm
_01948_,5.09µm
_02027_,5.09µm
_02331_,5.09µm
_02591_,5.09µm
_02845_,5.09µm
_03091_,5.09µm
_03184_,5.09µm
_03260_,5.09µm
_03372_,5.09µm
_03374_,5.09µm
_03788_,5.09µm
_05064_,5.09µm
_05456_,5.09µm
_05459_,5.09µm
_05481_,5.09µm
_05555_,5.09µm
_05649_,5.09µm
_05906_,5.09µm
_06067_,5.09µm
_00013_,5.04µm
_00014_,5.04µm
_00026_,5.04µm
_00050_,5.04µm
_00063_,5.04µm
_00064_,5.04µm
_00081_,5.04µm
_00083_,5.04µm
_00102_,5.04µm
_00112_,5.04µm
_00128_,5.04µm
_00131_,5.04µm
_00154_,5.04µm
_00200_,5.04µm
_00233_,5.04µm
_00259_,5.04µm
_00261_,5.04µm
_00310_,5.04µm
_00350_,5.04µm
_00381_,5.04µm
_00416_,5.04µm
_00423_,5.04µm
_00433_,5.04µm
_00486_,5.04µm
_00501_,5.04µm
_00526_,5.04µm
_00553_,5.04µm
_00925_,5.04µm
_00942_,5.04µm
_01410_,5.04µm
_01447_,5.04µm
_01456_,5.04µm
_01762_,5.04µm
_01832_,5.04µm
_01950_,5.04µm
_02224_,5.04µm
_02250_,5.04µm
_02383_,5.04µm
_02402_,5.04µm
_02622_,5.04µm
_02661_,5.04µm
_02931_,5.04µm
_02997_,5.04µm
_03076_,5.04µm
_03294_,5.04µm
_03325_,5.04µm
_03327_,5.04µm
_03410_,5.04µm
_03426_,5.04µm
_04023_,5.04µm
_04227_,5.04µm
_04501_,5.04µm
_04587_,5.04µm
_04708_,5.04µm
_04756_,5.04µm
_04791_,5.04µm
_04856_,5.04µm
_04949_,5.04µm
_05106_,5.04µm
_05155_,5.04µm
_05183_,5.04µm
_05607_,5.04µm
_05622_,5.04µm
_05702_,5.04µm
_05740_,5.04µm
_05827_,5.04µm
_05836_,5.04µm
net5,5.04µm
_00074_,4.58µm
_01060_,4.58µm
_01260_,4.58µm
_01453_,4.58µm
_01703_,4.58µm
_02222_,4.58µm
_02363_,4.58µm
_02628_,4.58µm
_02630_,4.58µm
_02642_,4.58µm
_02995_,4.58µm
_03041_,4.58µm
_03248_,4.58µm
_03276_,4.58µm
_03463_,4.58µm
_03735_,4.58µm
_04261_,4.58µm
_04732_,4.58µm
_04928_,4.58µm
_05164_,4.58µm
_05220_,4.58µm
_05259_,4.58µm
_05599_,4.58µm
_05630_,4.58µm
_00523_,4.53µm
_00934_,4.53µm
_01585_,4.53µm
_01717_,4.53µm
_01906_,4.53µm
_01949_,4.53µm
_02721_,4.53µm
_02826_,4.53µm
_03084_,4.53µm
_03118_,4.53µm
_03422_,4.53µm
_03475_,4.53µm
_03716_,4.53µm
_04146_,4.53µm
_05162_,4.53µm
_05560_,4.53µm
_05963_,4.53µm
_06053_,4.53µm
_00016_,4.48µm
_00099_,4.48µm
_00225_,4.48µm
_00256_,4.48µm
_00284_,4.48µm
_00288_,4.48µm
_00295_,4.48µm
_00300_,4.48µm
_00304_,4.48µm
_00305_,4.48µm
_00322_,4.48µm
_00324_,4.48µm
_00356_,4.48µm
_00364_,4.48µm
_00371_,4.48µm
_00388_,4.48µm
_00449_,4.48µm
_00456_,4.48µm
_00467_,4.48µm
_00520_,4.48µm
_00521_,4.48µm
_00532_,4.48µm
_00536_,4.48µm
_00538_,4.48µm
_00556_,4.48µm
_01136_,4.48µm
_01207_,4.48µm
_01229_,4.48µm
_01354_,4.48µm
_01407_,4.48µm
_01513_,4.48µm
_01675_,4.48µm
_01707_,4.48µm
_01899_,4.48µm
_02107_,4.48µm
_02119_,4.48µm
_02149_,4.48µm
_02205_,4.48µm
_02371_,4.48µm
_02533_,4.48µm
_02658_,4.48µm
_02817_,4.48µm
_02886_,4.48µm
_02982_,4.48µm
_03163_,4.48µm
_03186_,4.48µm
_03212_,4.48µm
_03319_,4.48µm
_04301_,4.48µm
_04392_,4.48µm
_04472_,4.48µm
_04594_,4.48µm
_04600_,4.48µm
_04609_,4.48µm
_04654_,4.48µm
_04670_,4.48µm
_04775_,4.48µm
_04783_,4.48µm
_05125_,4.48µm
_05138_,4.48µm
_05345_,4.48µm
_05557_,4.48µm
_05588_,4.48µm
_05669_,4.48µm
_05700_,4.48µm
_05753_,4.48µm
_05754_,4.48µm
_05974_,4.48µm
_06079_,4.48µm
wrapper_inst.digital_domain_inst.latch_phase90_ack_x,4.48µm
net478,4.48µm
net1796,4.48µm
_01230_,4.02µm
_02099_,4.02µm
_02339_,4.02µm
_02568_,4.02µm
_02683_,4.02µm
_02761_,4.02µm
_04936_,4.02µm
_05244_,4.02µm
_00473_,3.97µm
_01784_,3.97µm
_02991_,3.97µm
_03266_,3.97µm
_03829_,3.97µm
_04453_,3.97µm
_04536_,3.97µm
_05281_,3.97µm
_05699_,3.97µm
_05725_,3.97µm
_06009_,3.97µm
_06064_,3.97µm
_00103_,3.92µm
_00107_,3.92µm
_00142_,3.92µm
_00144_,3.92µm
_00189_,3.92µm
_00198_,3.92µm
_00206_,3.92µm
_00248_,3.92µm
_00270_,3.92µm
_00283_,3.92µm
_00303_,3.92µm
_00308_,3.92µm
_00370_,3.92µm
_00393_,3.92µm
_00394_,3.92µm
_00432_,3.92µm
_00466_,3.92µm
_00516_,3.92µm
_00527_,3.92µm
_00638_,3.92µm
_00968_,3.92µm
_01045_,3.92µm
_01069_,3.92µm
_01088_,3.92µm
_01188_,3.92µm
_01214_,3.92µm
_01299_,3.92µm
_01458_,3.92µm
_01466_,3.92µm
_01470_,3.92µm
_01533_,3.92µm
_01549_,3.92µm
_01753_,3.92µm
_01773_,3.92µm
_01831_,3.92µm
_02007_,3.92µm
_02111_,3.92µm
_02131_,3.92µm
_02227_,3.92µm
_02330_,3.92µm
_02373_,3.92µm
_02397_,3.92µm
_02510_,3.92µm
_02578_,3.92µm
_02659_,3.92µm
_02666_,3.92µm
_02682_,3.92µm
_02706_,3.92µm
_02799_,3.92µm
_02807_,3.92µm
_02836_,3.92µm
_02852_,3.92µm
_02862_,3.92µm
_02883_,3.92µm
_02890_,3.92µm
_02925_,3.92µm
_03069_,3.92µm
_03141_,3.92µm
_03189_,3.92µm
_03268_,3.92µm
_03321_,3.92µm
_03376_,3.92µm
_03377_,3.92µm
_03379_,3.92µm
_03435_,3.92µm
_03437_,3.92µm
_03526_,3.92µm
_03708_,3.92µm
_03767_,3.92µm
_03772_,3.92µm
_03831_,3.92µm
_04157_,3.92µm
_04508_,3.92µm
_04714_,3.92µm
_04758_,3.92µm
_04768_,3.92µm
_04840_,3.92µm
_04841_,3.92µm
_04866_,3.92µm
_04931_,3.92µm
_05074_,3.92µm
_05163_,3.92µm
_05317_,3.92µm
_05321_,3.92µm
_05430_,3.92µm
_05518_,3.92µm
_05523_,3.92µm
_05583_,3.92µm
_05648_,3.92µm
_05689_,3.92µm
_05789_,3.92µm
_05859_,3.92µm
_05943_,3.92µm
_05950_,3.92µm
_05973_,3.92µm
_06061_,3.92µm
wrapper_inst.digital_domain_inst.spi_regs_inst.spi_addr\[1\],3.92µm
wrapper_inst.digital_domain_inst.wave_controller_y_inst.ds_acc\[4\],3.92µm
wrapper_inst.digital_domain_inst.wave_controller_y_inst.ref_ds_acc\[8\],3.92µm
_00892_,3.46µm
_01170_,3.46µm
_02148_,3.46µm
_02297_,3.46µm
_02632_,3.46µm
_02649_,3.46µm
_02654_,3.46µm
_03157_,3.46µm
_03219_,3.46µm
_03286_,3.46µm
_03399_,3.46µm
_03425_,3.46µm
_03504_,3.46µm
_04333_,3.46µm
_05059_,3.46µm
_05592_,3.46µm
_05652_,3.46µm
_05966_,3.46µm
_06038_,3.46µm
_00904_,3.41µm
_01617_,3.41µm
_02134_,3.41µm
_03322_,3.41µm
_03755_,3.41µm
_03978_,3.41µm
_04635_,3.41µm
_04976_,3.41µm
_00084_,3.36µm
_00104_,3.36µm
_00105_,3.36µm
_00117_,3.36µm
_00126_,3.36µm
_00151_,3.36µm
_00172_,3.36µm
_00191_,3.36µm
_00232_,3.36µm
_00238_,3.36µm
_00243_,3.36µm
_00265_,3.36µm
_00268_,3.36µm
_00297_,3.36µm
_00302_,3.36µm
_00315_,3.36µm
_00319_,3.36µm
_00334_,3.36µm
_00346_,3.36µm
_00347_,3.36µm
_00358_,3.36µm
_00361_,3.36µm
_00374_,3.36µm
_00408_,3.36µm
_00457_,3.36µm
_00458_,3.36µm
_00471_,3.36µm
_00498_,3.36µm
_00499_,3.36µm
_00545_,3.36µm
_00547_,3.36µm
_00867_,3.36µm
_00951_,3.36µm
_00982_,3.36µm
_00991_,3.36µm
_01074_,3.36µm
_01240_,3.36µm
_01292_,3.36µm
_01293_,3.36µm
_01303_,3.36µm
_01351_,3.36µm
_01432_,3.36µm
_01469_,3.36µm
_01509_,3.36µm
_01548_,3.36µm
_01655_,3.36µm
_01768_,3.36µm
_01771_,3.36µm
_01827_,3.36µm
_01871_,3.36µm
_01921_,3.36µm
_02009_,3.36µm
_02178_,3.36µm
_02237_,3.36µm
_02260_,3.36µm
_02442_,3.36µm
_02477_,3.36µm
_02497_,3.36µm
_02519_,3.36µm
_02556_,3.36µm
_02669_,3.36µm
_02734_,3.36µm
_02846_,3.36µm
_02860_,3.36µm
_03000_,3.36µm
_03085_,3.36µm
_03121_,3.36µm
_03306_,3.36µm
_03355_,3.36µm
_03434_,3.36µm
_03444_,3.36µm
_03465_,3.36µm
_03635_,3.36µm
_03732_,3.36µm
_03808_,3.36µm
_03834_,3.36µm
_03879_,3.36µm
_03910_,3.36µm
_03982_,3.36µm
_04009_,3.36µm
_04083_,3.36µm
_04297_,3.36µm
_04349_,3.36µm
_04350_,3.36µm
_04502_,3.36µm
_04611_,3.36µm
_04671_,3.36µm
_04836_,3.36µm
_04915_,3.36µm
_05082_,3.36µm
_05146_,3.36µm
_05297_,3.36µm
_05302_,3.36µm
_05422_,3.36µm
_05470_,3.36µm
_05531_,3.36µm
_05633_,3.36µm
_05713_,3.36µm
_05728_,3.36µm
_05734_,3.36µm
_05803_,3.36µm
_05817_,3.36µm
_05851_,3.36µm
_05960_,3.36µm
_05968_,3.36µm
_06072_,3.36µm
_06093_,3.36µm
wrapper_inst.digital_domain_inst.latch_phase270_ack_x,3.36µm
wrapper_inst.digital_domain_inst.raw_edge2_y\[9\],3.36µm
wrapper_inst.digital_domain_inst.signal_processor_y_inst.s90_pipe\[1\],3.36µm
_02428_,2.9µm
_02791_,2.9µm
_03973_,2.9µm
_04298_,2.9µm
_04808_,2.9µm
_05478_,2.9µm
_05656_,2.9µm
_06048_,2.9µm
_04954_,2.85µm
_00044_,2.8µm
_00049_,2.8µm
_00078_,2.8µm
_00079_,2.8µm
_00089_,2.8µm
_00165_,2.8µm
_00271_,2.8µm
_00282_,2.8µm
_00286_,2.8µm
_00291_,2.8µm
_00298_,2.8µm
_00320_,2.8µm
_00321_,2.8µm
_00343_,2.8µm
_00365_,2.8µm
_00386_,2.8µm
_00389_,2.8µm
_00403_,2.8µm
_00404_,2.8µm
_00410_,2.8µm
_00426_,2.8µm
_00430_,2.8µm
_00435_,2.8µm
_00446_,2.8µm
_00478_,2.8µm
_00479_,2.8µm
_00489_,2.8µm
_00500_,2.8µm
_00544_,2.8µm
_01019_,2.8µm
_01238_,2.8µm
_01266_,2.8µm
_01340_,2.8µm
_01346_,2.8µm
_01424_,2.8µm
_01438_,2.8µm
_01459_,2.8µm
_01471_,2.8µm
_01566_,2.8µm
_01596_,2.8µm
_01681_,2.8µm
_01740_,2.8µm
_01815_,2.8µm
_01878_,2.8µm
_01892_,2.8µm
_01965_,2.8µm
_02044_,2.8µm
_02077_,2.8µm
_02386_,2.8µm
_02446_,2.8µm
_02464_,2.8µm
_02465_,2.8µm
_02698_,2.8µm
_02793_,2.8µm
_02816_,2.8µm
_02921_,2.8µm
_03087_,2.8µm
_03171_,2.8µm
_03205_,2.8µm
_03234_,2.8µm
_03429_,2.8µm
_03512_,2.8µm
_03717_,2.8µm
_03722_,2.8µm
_03897_,2.8µm
_04010_,2.8µm
_04171_,2.8µm
_04613_,2.8µm
_04619_,2.8µm
_04628_,2.8µm
_04682_,2.8µm
_04692_,2.8µm
_04803_,2.8µm
_04839_,2.8µm
_04857_,2.8µm
_04880_,2.8µm
_05041_,2.8µm
_05058_,2.8µm
_05071_,2.8µm
_05072_,2.8µm
_05172_,2.8µm
_05289_,2.8µm
_05455_,2.8µm
_05604_,2.8µm
_05616_,2.8µm
_05638_,2.8µm
_05643_,2.8µm
_05749_,2.8µm
_05799_,2.8µm
_05916_,2.8µm
_05982_,2.8µm
_06074_,2.8µm
_06082_,2.8µm
_06092_,2.8µm
wrapper_inst.digital_domain_inst.wave_controller_x_inst.ds_acc\[3\],2.8µm
wrapper_inst.digital_domain_inst.wave_controller_y_inst.comp_sync0,2.8µm
_01901_,2.34µm
_02906_,2.34µm
_03167_,2.34µm
_03181_,2.34µm
_03292_,2.34µm
_03701_,2.34µm
_04750_,2.34µm
_05835_,2.34µm
_00631_,2.24µm
_01033_,2.24µm
_01107_,2.24µm
_01225_,2.24µm
_01254_,2.24µm
_01257_,2.24µm
_01396_,2.24µm
_01546_,2.24µm
_01567_,2.24µm
_01571_,2.24µm
_01584_,2.24µm
_01658_,2.24µm
_01724_,2.24µm
_01755_,2.24µm
_01792_,2.24µm
_01884_,2.24µm
_02003_,2.24µm
_02015_,2.24µm
_02056_,2.24µm
_02121_,2.24µm
_02185_,2.24µm
_02377_,2.24µm
_02436_,2.24µm
_02541_,2.24µm
_02573_,2.24µm
_02767_,2.24µm
_02832_,2.24µm
_02858_,2.24µm
_03124_,2.24µm
_03288_,2.24µm
_03324_,2.24µm
_03404_,2.24µm
_03409_,2.24µm
_03632_,2.24µm
_03715_,2.24µm
_03914_,2.24µm
_04100_,2.24µm
_04119_,2.24µm
_04198_,2.24µm
_04259_,2.24µm
_04788_,2.24µm
_04826_,2.24µm
_04952_,2.24µm
_05382_,2.24µm
_05593_,2.24µm
_05741_,2.24µm
_05771_,2.24µm
_05880_,2.24µm
_05924_,2.24µm
_04607_,1.78µm
_00858_,1.68µm
_00969_,1.68µm
_01256_,1.68µm
_01657_,1.68µm
_01888_,1.68µm
_02105_,1.68µm
_02109_,1.68µm
_02244_,1.68µm
_02407_,1.68µm
_02471_,1.68µm
_02538_,1.68µm
_02592_,1.68µm
_02763_,1.68µm
_02851_,1.68µm
_03210_,1.68µm
_03238_,1.68µm
_03310_,1.68µm
_04134_,1.68µm
_04784_,1.68µm
_05467_,1.68µm
_05605_,1.68µm
_05752_,1.68µm
_05931_,1.68µm
_05938_,1.68µm
_05947_,1.68µm
_06006_,1.68µm
_06056_,1.68µm
