
 /----------------------------------------------------------------------------\
 |  yosys -- Yosys Open SYnthesis Suite                                       |
 |  Copyright (C) 2012 - 2026  Claire Xenia Wolf <claire@yosyshq.com>         |
 |  Distributed under an ISC-like license, type "license" to see terms        |
 \----------------------------------------------------------------------------/
 Yosys 0.67 (git sha1 2d1509d1b, Release, GNU /usr/bin/c++ 13.3.0)

1. Executing Liberty frontend: /foss/pdks/gf180mcuD/libs.ref/gf180mcu_fd_sc_mcu7t5v0/lib/gf180mcu_fd_sc_mcu7t5v0__tt_025C_3v30.lib
Imported 229 cell types from liberty file.
[INFO] Using SDC file '/workspace/librelane/runs/RUN_2026-08-25_20-00-22/06-yosys-synthesis/synthesis.abc.sdc' for ABC…use_slang

2. Executing SLANG frontend.
Top level design units:
    wrapper


Build succeeded: 0 errors, 0 warnings

2.1. Executing PROC_CLEAN pass (remove empty switches from decision trees).
Found and cleaned up 1 empty switch in `\wrapper.$861'.
Found and cleaned up 1 empty switch in `\wrapper.$850'.
Found and cleaned up 1 empty switch in `\wrapper.$837'.
Found and cleaned up 1 empty switch in `\wrapper.$777'.
Found and cleaned up 1 empty switch in `\wrapper.$766'.
Found and cleaned up 1 empty switch in `\wrapper.$753'.
Found and cleaned up 1 empty switch in `\wrapper.$700'.
Found and cleaned up 1 empty switch in `\wrapper.$695'.
Found and cleaned up 1 empty switch in `\wrapper.$690'.
Removing empty process `wrapper.$685'.
Found and cleaned up 1 empty switch in `\wrapper.$678'.
Found and cleaned up 1 empty switch in `\wrapper.$675'.
Removing empty process `wrapper.$663'.
Found and cleaned up 1 empty switch in `\wrapper.$656'.
Found and cleaned up 1 empty switch in `\wrapper.$653'.
Found and cleaned up 1 empty switch in `\wrapper.$624'.
Found and cleaned up 1 empty switch in `\wrapper.$510'.
Found and cleaned up 1 empty switch in `\wrapper.$480'.
Found and cleaned up 1 empty switch in `\wrapper.$474'.
Found and cleaned up 1 empty switch in `\wrapper.$415'.
Found and cleaned up 1 empty switch in `\wrapper.$410'.
Found and cleaned up 1 empty switch in `\wrapper.$405'.
Removing empty process `wrapper.$400'.
Found and cleaned up 1 empty switch in `\wrapper.$393'.
Found and cleaned up 1 empty switch in `\wrapper.$390'.
Removing empty process `wrapper.$378'.
Found and cleaned up 1 empty switch in `\wrapper.$371'.
Found and cleaned up 1 empty switch in `\wrapper.$368'.
Found and cleaned up 1 empty switch in `\wrapper.$339'.
Found and cleaned up 1 empty switch in `\wrapper.$225'.
Found and cleaned up 1 empty switch in `\wrapper.$195'.
Found and cleaned up 1 empty switch in `\wrapper.$189'.
Found and cleaned up 1 empty switch in `\wrapper.$166'.
Removing empty process `wrapper.$163'.
Found and cleaned up 1 empty switch in `\wrapper.$154'.
Found and cleaned up 1 empty switch in `\wrapper.$101'.
Found and cleaned up 1 empty switch in `\wrapper.$74'.
Found and cleaned up 1 empty switch in `\wrapper.$29'.
Removing empty process `wrapper.$18'.
Removing empty process `wrapper.$12'.
Cleaned up 33 empty switches.

2.2. Executing TRIBUF pass.

2.3. Executing PROC_RMDEAD pass (remove dead branches from decision trees).
Marked 2 switch rules as full_case in process $695 in module wrapper.
Marked 9 switch rules as full_case in process $861 in module wrapper.
Marked 1 switch rules as full_case in process $678 in module wrapper.
Removed 1 dead cases from process $675 in module wrapper.
Marked 1 switch rules as full_case in process $675 in module wrapper.
Marked 1 switch rules as full_case in process $850 in module wrapper.
Marked 1 switch rules as full_case in process $656 in module wrapper.
Removed 1 dead cases from process $653 in module wrapper.
Marked 1 switch rules as full_case in process $653 in module wrapper.
Marked 10 switch rules as full_case in process $624 in module wrapper.
Marked 16 switch rules as full_case in process $510 in module wrapper.
Marked 1 switch rules as full_case in process $480 in module wrapper.
Marked 2 switch rules as full_case in process $474 in module wrapper.
Marked 9 switch rules as full_case in process $415 in module wrapper.
Marked 2 switch rules as full_case in process $410 in module wrapper.
Marked 1 switch rules as full_case in process $837 in module wrapper.
Marked 1 switch rules as full_case in process $393 in module wrapper.
Removed 1 dead cases from process $390 in module wrapper.
Marked 1 switch rules as full_case in process $390 in module wrapper.
Marked 9 switch rules as full_case in process $777 in module wrapper.
Marked 1 switch rules as full_case in process $371 in module wrapper.
Removed 1 dead cases from process $368 in module wrapper.
Marked 1 switch rules as full_case in process $368 in module wrapper.
Marked 10 switch rules as full_case in process $339 in module wrapper.
Marked 16 switch rules as full_case in process $225 in module wrapper.
Marked 1 switch rules as full_case in process $195 in module wrapper.
Marked 2 switch rules as full_case in process $189 in module wrapper.
Marked 1 switch rules as full_case in process $766 in module wrapper.
Marked 9 switch rules as full_case in process $154 in module wrapper.
Marked 1 switch rules as full_case in process $74 in module wrapper.
Marked 9 switch rules as full_case in process $29 in module wrapper.
Marked 1 switch rules as full_case in process $753 in module wrapper.
Marked 9 switch rules as full_case in process $700 in module wrapper.
Removed a total of 4 dead cases.

2.4. Executing PROC_PRUNE pass (remove redundant assignments in processes).
Removed 147 redundant assignments.
Promoted 0 assignments to connections.

2.5. Executing PROC_INIT pass (extract init attributes).

2.6. Executing PROC_ROM pass (convert switches to ROMs).
Converted 4 switches.
<suppressed ~179 debug messages>

2.7. Executing PROC_MUX pass (convert decision trees to multiplexers).
Creating decoders for process `\wrapper.$695'.
     1/2: $digital_domain_inst.wave_controller_y_inst.ds_code$697
     2/2: $digital_domain_inst.wave_controller_y_inst.ds_code$698
Creating decoders for process `\wrapper.$690'.
     1/1: $digital_domain_inst.wave_controller_y_inst.ref_ds_code$693
Creating decoders for process `\wrapper.$861'.
     1/39: $digital_domain_inst.signal_processor_y_inst.cycle_count$883
     2/39: $digital_domain_inst.signal_processor_y_inst.cnt_out$882
     3/39: $digital_domain_inst.signal_processor_y_inst.cnt_in$881
     4/39: $digital_domain_inst.signal_processor_y_inst.jitter_flag$871
     5/39: $digital_domain_inst.signal_processor_y_inst.move_en$870
     6/39: $digital_domain_inst.signal_processor_y_inst.dir$869
     7/39: $digital_domain_inst.signal_processor_y_inst.jitter_flag$874
     8/39: $digital_domain_inst.signal_processor_y_inst.move_en$873
     9/39: $digital_domain_inst.signal_processor_y_inst.dir$872
    10/39: $digital_domain_inst.signal_processor_y_inst.votes_out_phase$880
    11/39: $digital_domain_inst.signal_processor_y_inst.votes_in_phase$879
    12/39: $digital_domain_inst.signal_processor_y_inst.jitter_flag$878
    13/39: $digital_domain_inst.signal_processor_y_inst.move_en$877
    14/39: $digital_domain_inst.signal_processor_y_inst.dir$876
    15/39: $digital_domain_inst.signal_processor_y_inst.cycle_count$893
    16/39: $digital_domain_inst.signal_processor_y_inst.cnt_out$892
    17/39: $digital_domain_inst.signal_processor_y_inst.cnt_in$891
    18/39: $digital_domain_inst.signal_processor_y_inst.s90_valid$890
    19/39: $digital_domain_inst.signal_processor_y_inst.votes_out_phase$889
    20/39: $digital_domain_inst.signal_processor_y_inst.votes_in_phase$888
    21/39: $digital_domain_inst.signal_processor_y_inst.phase_state$887
    22/39: $digital_domain_inst.signal_processor_y_inst.jitter_flag$886
    23/39: $digital_domain_inst.signal_processor_y_inst.move_en$885
    24/39: $digital_domain_inst.signal_processor_y_inst.dir$884
    25/39: $digital_domain_inst.signal_processor_y_inst.s90_valid$866
    26/39: $digital_domain_inst.signal_processor_y_inst.s90$865
    27/39: $digital_domain_inst.signal_processor_y_inst.cycle_count$906
    28/39: $digital_domain_inst.signal_processor_y_inst.cnt_out$905
    29/39: $digital_domain_inst.signal_processor_y_inst.cnt_in$904
    30/39: $digital_domain_inst.signal_processor_y_inst.s90_valid$903
    31/39: $digital_domain_inst.signal_processor_y_inst.s90$902
    32/39: $digital_domain_inst.signal_processor_y_inst.votes_out_phase$901
    33/39: $digital_domain_inst.signal_processor_y_inst.votes_in_phase$900
    34/39: $digital_domain_inst.signal_processor_y_inst.phase_state$899
    35/39: $digital_domain_inst.signal_processor_y_inst.jitter_flag$898
    36/39: $digital_domain_inst.signal_processor_y_inst.move_en$897
    37/39: $digital_domain_inst.signal_processor_y_inst.dir$896
    38/39: $digital_domain_inst.signal_processor_y_inst.latch_phase270_ack$895
    39/39: $digital_domain_inst.signal_processor_y_inst.latch_phase90_ack$894
Creating decoders for process `\wrapper.$678'.
     1/1: $digital_domain_inst.wave_controller_y_inst.u_ref_sine.amp$681
Creating decoders for process `\wrapper.$675'.
     1/1: $digital_domain_inst.wave_controller_y_inst.u_ref_sine.q_val$676
Creating decoders for process `\wrapper.$850'.
     1/4: $digital_domain_inst.signal_processor_y_inst.next_out$854
     2/4: $digital_domain_inst.signal_processor_y_inst.next_in$853
     3/4: $digital_domain_inst.signal_processor_y_inst.next_out$856
     4/4: $digital_domain_inst.signal_processor_y_inst.next_in$855
Creating decoders for process `\wrapper.$656'.
     1/1: $digital_domain_inst.wave_controller_y_inst.u_sine.amp$659
Creating decoders for process `\wrapper.$653'.
     1/1: $digital_domain_inst.wave_controller_y_inst.u_sine.q_val$654
Creating decoders for process `\wrapper.$624'.
     1/13: $digital_domain_inst.wave_controller_y_inst.latch_phase270$643
     2/13: $digital_domain_inst.wave_controller_y_inst.latch_phase90$642
     3/13: $digital_domain_inst.wave_controller_y_inst.latch_error$641
     4/13: $digital_domain_inst.wave_controller_y_inst.latch_phase270$640
     5/13: $digital_domain_inst.wave_controller_y_inst.latch_phase90$639
     6/13: $digital_domain_inst.wave_controller_y_inst.latch_phase270$636
     7/13: $digital_domain_inst.wave_controller_y_inst.latch_phase270$637
     8/13: $digital_domain_inst.wave_controller_y_inst.latch_phase90$632
     9/13: $digital_domain_inst.wave_controller_y_inst.latch_phase90$633
    10/13: $digital_domain_inst.wave_controller_y_inst.latch_error$644
    11/13: $digital_domain_inst.wave_controller_y_inst.latch_error$647
    12/13: $digital_domain_inst.wave_controller_y_inst.latch_phase270$646
    13/13: $digital_domain_inst.wave_controller_y_inst.latch_phase90$645
Creating decoders for process `\wrapper.$510'.
     1/84: $digital_domain_inst.wave_controller_y_inst.capture_step$569
     2/84: $digital_domain_inst.wave_controller_y_inst.capture_pending$568
     3/84: $digital_domain_inst.wave_controller_y_inst.capture_step$547
     4/84: $digital_domain_inst.wave_controller_y_inst.capture_pending$546
     5/84: $digital_domain_inst.wave_controller_y_inst.raw_edge3$545
     6/84: $digital_domain_inst.wave_controller_y_inst.raw_edge1$544
     7/84: $digital_domain_inst.wave_controller_y_inst.delay_wave_cycle$543
     8/84: $digital_domain_inst.wave_controller_y_inst.cal_done$542
     9/84: $digital_domain_inst.wave_controller_y_inst.capture_step$553
    10/84: $digital_domain_inst.wave_controller_y_inst.capture_pending$552
    11/84: $digital_domain_inst.wave_controller_y_inst.raw_edge3$551
    12/84: $digital_domain_inst.wave_controller_y_inst.raw_edge1$550
    13/84: $digital_domain_inst.wave_controller_y_inst.delay_wave_cycle$549
    14/84: $digital_domain_inst.wave_controller_y_inst.cal_done$548
    15/84: $digital_domain_inst.wave_controller_y_inst.capture_step$534
    16/84: $digital_domain_inst.wave_controller_y_inst.delay_wave_cycle$529
    17/84: $digital_domain_inst.wave_controller_y_inst.capture_pending$533
    18/84: $digital_domain_inst.wave_controller_y_inst.cal_dir$532
    19/84: $digital_domain_inst.wave_controller_y_inst.raw_edge2$531
    20/84: $digital_domain_inst.wave_controller_y_inst.raw_edge1$530
    21/84: $digital_domain_inst.wave_controller_y_inst.capture_step$540
    22/84: $digital_domain_inst.wave_controller_y_inst.capture_pending$539
    23/84: $digital_domain_inst.wave_controller_y_inst.cal_dir$538
    24/84: $digital_domain_inst.wave_controller_y_inst.raw_edge2$537
    25/84: $digital_domain_inst.wave_controller_y_inst.raw_edge1$536
    26/84: $digital_domain_inst.wave_controller_y_inst.delay_wave_cycle$535
    27/84: $digital_domain_inst.wave_controller_y_inst.capture_step$561
    28/84: $digital_domain_inst.wave_controller_y_inst.capture_pending$560
    29/84: $digital_domain_inst.wave_controller_y_inst.cal_dir$559
    30/84: $digital_domain_inst.wave_controller_y_inst.raw_edge3$558
    31/84: $digital_domain_inst.wave_controller_y_inst.raw_edge2$557
    32/84: $digital_domain_inst.wave_controller_y_inst.raw_edge1$556
    33/84: $digital_domain_inst.wave_controller_y_inst.delay_wave_cycle$555
    34/84: $digital_domain_inst.wave_controller_y_inst.cal_done$554
    35/84: $digital_domain_inst.wave_controller_y_inst.cal_dir$567
    36/84: $digital_domain_inst.wave_controller_y_inst.raw_edge3$566
    37/84: $digital_domain_inst.wave_controller_y_inst.raw_edge2$565
    38/84: $digital_domain_inst.wave_controller_y_inst.raw_edge1$564
    39/84: $digital_domain_inst.wave_controller_y_inst.delay_wave_cycle$563
    40/84: $digital_domain_inst.wave_controller_y_inst.cal_done$562
    41/84: $digital_domain_inst.wave_controller_y_inst.capture_step$577
    42/84: $digital_domain_inst.wave_controller_y_inst.capture_pending$576
    43/84: $digital_domain_inst.wave_controller_y_inst.cal_dir$575
    44/84: $digital_domain_inst.wave_controller_y_inst.raw_edge3$574
    45/84: $digital_domain_inst.wave_controller_y_inst.raw_edge2$573
    46/84: $digital_domain_inst.wave_controller_y_inst.raw_edge1$572
    47/84: $digital_domain_inst.wave_controller_y_inst.delay_wave_cycle$571
    48/84: $digital_domain_inst.wave_controller_y_inst.cal_done$570
    49/84: $digital_domain_inst.wave_controller_y_inst.capture_step$526
    50/84: $digital_domain_inst.wave_controller_y_inst.capture_pending$525
    51/84: $digital_domain_inst.wave_controller_y_inst.raw_edge1$524
    52/84: $digital_domain_inst.wave_controller_y_inst.delay_wave_cycle$523
    53/84: $digital_domain_inst.wave_controller_y_inst.cal_timeout$520
    54/84: $digital_domain_inst.wave_controller_y_inst.wave_cycle_cnt$518
    55/84: $digital_domain_inst.wave_controller_y_inst.capture_step$587
    56/84: $digital_domain_inst.wave_controller_y_inst.capture_pending$586
    57/84: $digital_domain_inst.wave_controller_y_inst.wave_cycle_cnt$585
    58/84: $digital_domain_inst.wave_controller_y_inst.cal_dir$584
    59/84: $digital_domain_inst.wave_controller_y_inst.raw_edge3$583
    60/84: $digital_domain_inst.wave_controller_y_inst.raw_edge2$582
    61/84: $digital_domain_inst.wave_controller_y_inst.raw_edge1$581
    62/84: $digital_domain_inst.wave_controller_y_inst.delay_wave_cycle$580
    63/84: $digital_domain_inst.wave_controller_y_inst.cal_timeout$579
    64/84: $digital_domain_inst.wave_controller_y_inst.cal_done$578
    65/84: $digital_domain_inst.wave_controller_y_inst.capture_step$597
    66/84: $digital_domain_inst.wave_controller_y_inst.capture_pending$596
    67/84: $digital_domain_inst.wave_controller_y_inst.wave_cycle_cnt$595
    68/84: $digital_domain_inst.wave_controller_y_inst.cal_dir$594
    69/84: $digital_domain_inst.wave_controller_y_inst.raw_edge3$593
    70/84: $digital_domain_inst.wave_controller_y_inst.raw_edge2$592
    71/84: $digital_domain_inst.wave_controller_y_inst.raw_edge1$591
    72/84: $digital_domain_inst.wave_controller_y_inst.delay_wave_cycle$590
    73/84: $digital_domain_inst.wave_controller_y_inst.cal_timeout$589
    74/84: $digital_domain_inst.wave_controller_y_inst.cal_done$588
    75/84: $digital_domain_inst.wave_controller_y_inst.capture_step$607
    76/84: $digital_domain_inst.wave_controller_y_inst.capture_pending$606
    77/84: $digital_domain_inst.wave_controller_y_inst.wave_cycle_cnt$605
    78/84: $digital_domain_inst.wave_controller_y_inst.cal_dir$604
    79/84: $digital_domain_inst.wave_controller_y_inst.raw_edge3$603
    80/84: $digital_domain_inst.wave_controller_y_inst.raw_edge2$602
    81/84: $digital_domain_inst.wave_controller_y_inst.raw_edge1$601
    82/84: $digital_domain_inst.wave_controller_y_inst.delay_wave_cycle$600
    83/84: $digital_domain_inst.wave_controller_y_inst.cal_timeout$599
    84/84: $digital_domain_inst.wave_controller_y_inst.cal_done$598
Creating decoders for process `\wrapper.$480'.
     1/5: $digital_domain_inst.wave_controller_y_inst.comp_sync4$488
     2/5: $digital_domain_inst.wave_controller_y_inst.comp_sync3$487
     3/5: $digital_domain_inst.wave_controller_y_inst.comp_sync2$486
     4/5: $digital_domain_inst.wave_controller_y_inst.comp_sync1$485
     5/5: $digital_domain_inst.wave_controller_y_inst.comp_sync0$484
Creating decoders for process `\wrapper.$474'.
     1/2: $digital_domain_inst.wave_controller_y_inst.phase_acc$478
     2/2: $digital_domain_inst.wave_controller_y_inst.phase_acc$479
Creating decoders for process `\wrapper.$415'.
     1/20: $digital_domain_inst.wave_controller_x_inst.cal_burst_count$439
     2/20: $digital_domain_inst.wave_controller_x_inst.cal_burst_active$438
     3/20: $digital_domain_inst.wave_controller_x_inst.cal_burst_armed$437
     4/20: $digital_domain_inst.wave_controller_x_inst.ref_wave$436
     5/20: $digital_domain_inst.wave_controller_x_inst.mems_drv$435
     6/20: $digital_domain_inst.wave_controller_x_inst.cal_burst_count$434
     7/20: $digital_domain_inst.wave_controller_x_inst.cal_burst_active$433
     8/20: $digital_domain_inst.wave_controller_x_inst.cal_burst_armed$432
     9/20: $digital_domain_inst.wave_controller_x_inst.ref_wave$431
    10/20: $digital_domain_inst.wave_controller_x_inst.mems_drv$430
    11/20: $digital_domain_inst.wave_controller_x_inst.cal_burst_count$421
    12/20: $digital_domain_inst.wave_controller_x_inst.cal_burst_active$420
    13/20: $digital_domain_inst.wave_controller_x_inst.cal_burst_count$423
    14/20: $digital_domain_inst.wave_controller_x_inst.cal_burst_active$422
    15/20: $digital_domain_inst.wave_controller_x_inst.cal_burst_count$426
    16/20: $digital_domain_inst.wave_controller_x_inst.cal_burst_active$425
    17/20: $digital_domain_inst.wave_controller_x_inst.cal_burst_armed$424
    18/20: $digital_domain_inst.wave_controller_x_inst.cal_burst_count$429
    19/20: $digital_domain_inst.wave_controller_x_inst.cal_burst_active$428
    20/20: $digital_domain_inst.wave_controller_x_inst.cal_burst_armed$427
Creating decoders for process `\wrapper.$410'.
     1/2: $digital_domain_inst.wave_controller_x_inst.ds_code$412
     2/2: $digital_domain_inst.wave_controller_x_inst.ds_code$413
Creating decoders for process `\wrapper.$405'.
     1/1: $digital_domain_inst.wave_controller_x_inst.ref_ds_code$408
Creating decoders for process `\wrapper.$837'.
     1/3: $digital_domain_inst.signal_processor_y_inst.s270_pipe$843
     2/3: $digital_domain_inst.signal_processor_y_inst.s90_pipe$842
     3/3: $digital_domain_inst.signal_processor_y_inst.comp_pipe$841
Creating decoders for process `\wrapper.$393'.
     1/1: $digital_domain_inst.wave_controller_x_inst.u_ref_sine.amp$396
Creating decoders for process `\wrapper.$390'.
     1/1: $digital_domain_inst.wave_controller_x_inst.u_ref_sine.q_val$391
Creating decoders for process `\wrapper.$777'.
     1/39: $digital_domain_inst.signal_processor_x_inst.cycle_count$799
     2/39: $digital_domain_inst.signal_processor_x_inst.cnt_out$798
     3/39: $digital_domain_inst.signal_processor_x_inst.cnt_in$797
     4/39: $digital_domain_inst.signal_processor_x_inst.jitter_flag$787
     5/39: $digital_domain_inst.signal_processor_x_inst.move_en$786
     6/39: $digital_domain_inst.signal_processor_x_inst.dir$785
     7/39: $digital_domain_inst.signal_processor_x_inst.jitter_flag$790
     8/39: $digital_domain_inst.signal_processor_x_inst.move_en$789
     9/39: $digital_domain_inst.signal_processor_x_inst.dir$788
    10/39: $digital_domain_inst.signal_processor_x_inst.votes_out_phase$796
    11/39: $digital_domain_inst.signal_processor_x_inst.votes_in_phase$795
    12/39: $digital_domain_inst.signal_processor_x_inst.jitter_flag$794
    13/39: $digital_domain_inst.signal_processor_x_inst.move_en$793
    14/39: $digital_domain_inst.signal_processor_x_inst.dir$792
    15/39: $digital_domain_inst.signal_processor_x_inst.cycle_count$809
    16/39: $digital_domain_inst.signal_processor_x_inst.cnt_out$808
    17/39: $digital_domain_inst.signal_processor_x_inst.cnt_in$807
    18/39: $digital_domain_inst.signal_processor_x_inst.s90_valid$806
    19/39: $digital_domain_inst.signal_processor_x_inst.votes_out_phase$805
    20/39: $digital_domain_inst.signal_processor_x_inst.votes_in_phase$804
    21/39: $digital_domain_inst.signal_processor_x_inst.phase_state$803
    22/39: $digital_domain_inst.signal_processor_x_inst.jitter_flag$802
    23/39: $digital_domain_inst.signal_processor_x_inst.move_en$801
    24/39: $digital_domain_inst.signal_processor_x_inst.dir$800
    25/39: $digital_domain_inst.signal_processor_x_inst.s90_valid$782
    26/39: $digital_domain_inst.signal_processor_x_inst.s90$781
    27/39: $digital_domain_inst.signal_processor_x_inst.cycle_count$822
    28/39: $digital_domain_inst.signal_processor_x_inst.cnt_out$821
    29/39: $digital_domain_inst.signal_processor_x_inst.cnt_in$820
    30/39: $digital_domain_inst.signal_processor_x_inst.s90_valid$819
    31/39: $digital_domain_inst.signal_processor_x_inst.s90$818
    32/39: $digital_domain_inst.signal_processor_x_inst.votes_out_phase$817
    33/39: $digital_domain_inst.signal_processor_x_inst.votes_in_phase$816
    34/39: $digital_domain_inst.signal_processor_x_inst.phase_state$815
    35/39: $digital_domain_inst.signal_processor_x_inst.jitter_flag$814
    36/39: $digital_domain_inst.signal_processor_x_inst.move_en$813
    37/39: $digital_domain_inst.signal_processor_x_inst.dir$812
    38/39: $digital_domain_inst.signal_processor_x_inst.latch_phase270_ack$811
    39/39: $digital_domain_inst.signal_processor_x_inst.latch_phase90_ack$810
Creating decoders for process `\wrapper.$371'.
     1/1: $digital_domain_inst.wave_controller_x_inst.u_sine.amp$374
Creating decoders for process `\wrapper.$368'.
     1/1: $digital_domain_inst.wave_controller_x_inst.u_sine.q_val$369
Creating decoders for process `\wrapper.$339'.
     1/13: $digital_domain_inst.wave_controller_x_inst.latch_phase270$358
     2/13: $digital_domain_inst.wave_controller_x_inst.latch_phase90$357
     3/13: $digital_domain_inst.wave_controller_x_inst.latch_error$356
     4/13: $digital_domain_inst.wave_controller_x_inst.latch_phase270$355
     5/13: $digital_domain_inst.wave_controller_x_inst.latch_phase90$354
     6/13: $digital_domain_inst.wave_controller_x_inst.latch_phase270$351
     7/13: $digital_domain_inst.wave_controller_x_inst.latch_phase270$352
     8/13: $digital_domain_inst.wave_controller_x_inst.latch_phase90$347
     9/13: $digital_domain_inst.wave_controller_x_inst.latch_phase90$348
    10/13: $digital_domain_inst.wave_controller_x_inst.latch_error$359
    11/13: $digital_domain_inst.wave_controller_x_inst.latch_error$362
    12/13: $digital_domain_inst.wave_controller_x_inst.latch_phase270$361
    13/13: $digital_domain_inst.wave_controller_x_inst.latch_phase90$360
Creating decoders for process `\wrapper.$225'.
     1/84: $digital_domain_inst.wave_controller_x_inst.capture_step$284
     2/84: $digital_domain_inst.wave_controller_x_inst.capture_pending$283
     3/84: $digital_domain_inst.wave_controller_x_inst.capture_step$262
     4/84: $digital_domain_inst.wave_controller_x_inst.capture_pending$261
     5/84: $digital_domain_inst.wave_controller_x_inst.raw_edge3$260
     6/84: $digital_domain_inst.wave_controller_x_inst.raw_edge1$259
     7/84: $digital_domain_inst.wave_controller_x_inst.delay_wave_cycle$258
     8/84: $digital_domain_inst.wave_controller_x_inst.cal_done$257
     9/84: $digital_domain_inst.wave_controller_x_inst.capture_step$268
    10/84: $digital_domain_inst.wave_controller_x_inst.capture_pending$267
    11/84: $digital_domain_inst.wave_controller_x_inst.raw_edge3$266
    12/84: $digital_domain_inst.wave_controller_x_inst.raw_edge1$265
    13/84: $digital_domain_inst.wave_controller_x_inst.delay_wave_cycle$264
    14/84: $digital_domain_inst.wave_controller_x_inst.cal_done$263
    15/84: $digital_domain_inst.wave_controller_x_inst.capture_step$249
    16/84: $digital_domain_inst.wave_controller_x_inst.delay_wave_cycle$244
    17/84: $digital_domain_inst.wave_controller_x_inst.capture_pending$248
    18/84: $digital_domain_inst.wave_controller_x_inst.cal_dir$247
    19/84: $digital_domain_inst.wave_controller_x_inst.raw_edge2$246
    20/84: $digital_domain_inst.wave_controller_x_inst.raw_edge1$245
    21/84: $digital_domain_inst.wave_controller_x_inst.capture_step$255
    22/84: $digital_domain_inst.wave_controller_x_inst.capture_pending$254
    23/84: $digital_domain_inst.wave_controller_x_inst.cal_dir$253
    24/84: $digital_domain_inst.wave_controller_x_inst.raw_edge2$252
    25/84: $digital_domain_inst.wave_controller_x_inst.raw_edge1$251
    26/84: $digital_domain_inst.wave_controller_x_inst.delay_wave_cycle$250
    27/84: $digital_domain_inst.wave_controller_x_inst.capture_step$276
    28/84: $digital_domain_inst.wave_controller_x_inst.capture_pending$275
    29/84: $digital_domain_inst.wave_controller_x_inst.cal_dir$274
    30/84: $digital_domain_inst.wave_controller_x_inst.raw_edge3$273
    31/84: $digital_domain_inst.wave_controller_x_inst.raw_edge2$272
    32/84: $digital_domain_inst.wave_controller_x_inst.raw_edge1$271
    33/84: $digital_domain_inst.wave_controller_x_inst.delay_wave_cycle$270
    34/84: $digital_domain_inst.wave_controller_x_inst.cal_done$269
    35/84: $digital_domain_inst.wave_controller_x_inst.cal_dir$282
    36/84: $digital_domain_inst.wave_controller_x_inst.raw_edge3$281
    37/84: $digital_domain_inst.wave_controller_x_inst.raw_edge2$280
    38/84: $digital_domain_inst.wave_controller_x_inst.raw_edge1$279
    39/84: $digital_domain_inst.wave_controller_x_inst.delay_wave_cycle$278
    40/84: $digital_domain_inst.wave_controller_x_inst.cal_done$277
    41/84: $digital_domain_inst.wave_controller_x_inst.capture_step$292
    42/84: $digital_domain_inst.wave_controller_x_inst.capture_pending$291
    43/84: $digital_domain_inst.wave_controller_x_inst.cal_dir$290
    44/84: $digital_domain_inst.wave_controller_x_inst.raw_edge3$289
    45/84: $digital_domain_inst.wave_controller_x_inst.raw_edge2$288
    46/84: $digital_domain_inst.wave_controller_x_inst.raw_edge1$287
    47/84: $digital_domain_inst.wave_controller_x_inst.delay_wave_cycle$286
    48/84: $digital_domain_inst.wave_controller_x_inst.cal_done$285
    49/84: $digital_domain_inst.wave_controller_x_inst.capture_step$241
    50/84: $digital_domain_inst.wave_controller_x_inst.capture_pending$240
    51/84: $digital_domain_inst.wave_controller_x_inst.raw_edge1$239
    52/84: $digital_domain_inst.wave_controller_x_inst.delay_wave_cycle$238
    53/84: $digital_domain_inst.wave_controller_x_inst.cal_timeout$235
    54/84: $digital_domain_inst.wave_controller_x_inst.wave_cycle_cnt$233
    55/84: $digital_domain_inst.wave_controller_x_inst.capture_step$302
    56/84: $digital_domain_inst.wave_controller_x_inst.capture_pending$301
    57/84: $digital_domain_inst.wave_controller_x_inst.wave_cycle_cnt$300
    58/84: $digital_domain_inst.wave_controller_x_inst.cal_dir$299
    59/84: $digital_domain_inst.wave_controller_x_inst.raw_edge3$298
    60/84: $digital_domain_inst.wave_controller_x_inst.raw_edge2$297
    61/84: $digital_domain_inst.wave_controller_x_inst.raw_edge1$296
    62/84: $digital_domain_inst.wave_controller_x_inst.delay_wave_cycle$295
    63/84: $digital_domain_inst.wave_controller_x_inst.cal_timeout$294
    64/84: $digital_domain_inst.wave_controller_x_inst.cal_done$293
    65/84: $digital_domain_inst.wave_controller_x_inst.capture_step$312
    66/84: $digital_domain_inst.wave_controller_x_inst.capture_pending$311
    67/84: $digital_domain_inst.wave_controller_x_inst.wave_cycle_cnt$310
    68/84: $digital_domain_inst.wave_controller_x_inst.cal_dir$309
    69/84: $digital_domain_inst.wave_controller_x_inst.raw_edge3$308
    70/84: $digital_domain_inst.wave_controller_x_inst.raw_edge2$307
    71/84: $digital_domain_inst.wave_controller_x_inst.raw_edge1$306
    72/84: $digital_domain_inst.wave_controller_x_inst.delay_wave_cycle$305
    73/84: $digital_domain_inst.wave_controller_x_inst.cal_timeout$304
    74/84: $digital_domain_inst.wave_controller_x_inst.cal_done$303
    75/84: $digital_domain_inst.wave_controller_x_inst.capture_step$322
    76/84: $digital_domain_inst.wave_controller_x_inst.capture_pending$321
    77/84: $digital_domain_inst.wave_controller_x_inst.wave_cycle_cnt$320
    78/84: $digital_domain_inst.wave_controller_x_inst.cal_dir$319
    79/84: $digital_domain_inst.wave_controller_x_inst.raw_edge3$318
    80/84: $digital_domain_inst.wave_controller_x_inst.raw_edge2$317
    81/84: $digital_domain_inst.wave_controller_x_inst.raw_edge1$316
    82/84: $digital_domain_inst.wave_controller_x_inst.delay_wave_cycle$315
    83/84: $digital_domain_inst.wave_controller_x_inst.cal_timeout$314
    84/84: $digital_domain_inst.wave_controller_x_inst.cal_done$313
Creating decoders for process `\wrapper.$195'.
     1/5: $digital_domain_inst.wave_controller_x_inst.comp_sync4$203
     2/5: $digital_domain_inst.wave_controller_x_inst.comp_sync3$202
     3/5: $digital_domain_inst.wave_controller_x_inst.comp_sync2$201
     4/5: $digital_domain_inst.wave_controller_x_inst.comp_sync1$200
     5/5: $digital_domain_inst.wave_controller_x_inst.comp_sync0$199
Creating decoders for process `\wrapper.$189'.
     1/2: $digital_domain_inst.wave_controller_x_inst.phase_acc$193
     2/2: $digital_domain_inst.wave_controller_x_inst.phase_acc$194
Creating decoders for process `\wrapper.$166'.
     1/2: $digital_domain_inst.state_machine_inst.read_en$168
     2/2: $digital_domain_inst.state_machine_inst.cal_start$167
Creating decoders for process `\wrapper.$766'.
     1/4: $digital_domain_inst.signal_processor_x_inst.next_out$770
     2/4: $digital_domain_inst.signal_processor_x_inst.next_in$769
     3/4: $digital_domain_inst.signal_processor_x_inst.next_out$772
     4/4: $digital_domain_inst.signal_processor_x_inst.next_in$771
Creating decoders for process `\wrapper.$154'.
     1/7: $digital_domain_inst.state_machine_inst.state_d$158
     2/7: $digital_domain_inst.state_machine_inst.state_d$159
     3/7: $digital_domain_inst.state_machine_inst.state_d$156
     4/7: $digital_domain_inst.state_machine_inst.state_d$157
     5/7: $digital_domain_inst.state_machine_inst.state_d$155
     6/7: $digital_domain_inst.state_machine_inst.state_d$160
     7/7: $digital_domain_inst.state_machine_inst.state_d$161
Creating decoders for process `\wrapper.$101'.
     1/1: $digital_domain_inst.spi_regs_inst.reg_rd_data$102
Creating decoders for process `\wrapper.$74'.
     1/38: $digital_domain_inst.spi_regs_inst.cfg_phase270_offset_y$84 [20:16]
     2/38: $digital_domain_inst.spi_regs_inst.cfg_phase270_offset_y$84 [15:8]
     3/38: $digital_domain_inst.spi_regs_inst.cfg_phase270_offset_y$84 [7:0]
     4/38: $digital_domain_inst.spi_regs_inst.cfg_phase90_offset_y$83 [15:8]
     5/38: $digital_domain_inst.spi_regs_inst.cfg_phase90_offset_y$83 [7:0]
     6/38: $digital_domain_inst.spi_regs_inst.cfg_phase0_offset_y$82 [15:8]
     7/38: $digital_domain_inst.spi_regs_inst.cfg_phase0_offset_y$82 [7:0]
     8/38: $digital_domain_inst.spi_regs_inst.cfg_phase270_offset_x$81 [15:8]
     9/38: $digital_domain_inst.spi_regs_inst.cfg_phase270_offset_x$81 [7:0]
    10/38: $digital_domain_inst.spi_regs_inst.cfg_phase90_offset_x$80 [15:8]
    11/38: $digital_domain_inst.spi_regs_inst.cfg_phase90_offset_x$80 [7:0]
    12/38: $digital_domain_inst.spi_regs_inst.cfg_phase0_offset_x$79 [15:8]
    13/38: $digital_domain_inst.spi_regs_inst.cfg_phase0_offset_x$79 [7:0]
    14/38: $digital_domain_inst.spi_regs_inst.cfg_f_MEMS_fcw_y$78 [7:0]
    15/38: $digital_domain_inst.spi_regs_inst.cfg_f_MEMS_fcw_x$77 [7:0]
    16/38: $digital_domain_inst.spi_regs_inst.phase_offset_imported$87
    17/38: $digital_domain_inst.spi_regs_inst.cfg_done$86
    18/38: $digital_domain_inst.spi_regs_inst.boot_complete$85
    19/38: $digital_domain_inst.spi_regs_inst.cfg_phase90_offset_y$83 [20:16]
    20/38: $digital_domain_inst.spi_regs_inst.cfg_phase0_offset_y$82 [20:16]
    21/38: $digital_domain_inst.spi_regs_inst.cfg_phase270_offset_x$81 [20:16]
    22/38: $digital_domain_inst.spi_regs_inst.cfg_phase90_offset_x$80 [20:16]
    23/38: $digital_domain_inst.spi_regs_inst.cfg_phase0_offset_x$79 [20:16]
    24/38: $digital_domain_inst.spi_regs_inst.cfg_f_MEMS_fcw_y$78 [15:8]
    25/38: $digital_domain_inst.spi_regs_inst.cfg_f_MEMS_fcw_x$77 [15:8]
    26/38: $digital_domain_inst.spi_regs_inst.soft_rst$88
    27/38: $digital_domain_inst.spi_regs_inst.soft_rst$100
    28/38: $digital_domain_inst.spi_regs_inst.phase_offset_imported$99
    29/38: $digital_domain_inst.spi_regs_inst.cfg_done$98
    30/38: $digital_domain_inst.spi_regs_inst.boot_complete$97
    31/38: $digital_domain_inst.spi_regs_inst.cfg_phase270_offset_y$96
    32/38: $digital_domain_inst.spi_regs_inst.cfg_phase90_offset_y$95
    33/38: $digital_domain_inst.spi_regs_inst.cfg_phase0_offset_y$94
    34/38: $digital_domain_inst.spi_regs_inst.cfg_phase270_offset_x$93
    35/38: $digital_domain_inst.spi_regs_inst.cfg_phase90_offset_x$92
    36/38: $digital_domain_inst.spi_regs_inst.cfg_phase0_offset_x$91
    37/38: $digital_domain_inst.spi_regs_inst.cfg_f_MEMS_fcw_y$90
    38/38: $digital_domain_inst.spi_regs_inst.cfg_f_MEMS_fcw_x$89
Creating decoders for process `\wrapper.$29'.
     1/35: $digital_domain_inst.spi_regs_inst.tx_shift$63
     2/35: $digital_domain_inst.spi_regs_inst.tx_shift$64
     3/35: $digital_domain_inst.spi_regs_inst.bit_cnt$46
     4/35: $digital_domain_inst.spi_regs_inst.reg_wr_data$36
     5/35: $digital_domain_inst.spi_regs_inst.reg_wr_addr$35
     6/35: $digital_domain_inst.spi_regs_inst.reg_wr_en$34
     7/35: $digital_domain_inst.spi_regs_inst.spi_addr$40
     8/35: $digital_domain_inst.spi_regs_inst.reg_wr_data$43
     9/35: $digital_domain_inst.spi_regs_inst.reg_wr_addr$42
    10/35: $digital_domain_inst.spi_regs_inst.reg_wr_en$41
    11/35: $digital_domain_inst.spi_regs_inst.rw_n$39
    12/35: $digital_domain_inst.spi_regs_inst.spi_state$38
    13/35: $digital_domain_inst.spi_regs_inst.reg_wr_data$51
    14/35: $digital_domain_inst.spi_regs_inst.reg_wr_addr$50
    15/35: $digital_domain_inst.spi_regs_inst.reg_wr_en$49
    16/35: $digital_domain_inst.spi_regs_inst.spi_addr$48
    17/35: $digital_domain_inst.spi_regs_inst.rw_n$47
    18/35: $digital_domain_inst.spi_regs_inst.spi_state$45
    19/35: $digital_domain_inst.spi_regs_inst.reg_wr_data$59
    20/35: $digital_domain_inst.spi_regs_inst.reg_wr_addr$58
    21/35: $digital_domain_inst.spi_regs_inst.reg_wr_en$57
    22/35: $digital_domain_inst.spi_regs_inst.rx_shift$56
    23/35: $digital_domain_inst.spi_regs_inst.spi_addr$55
    24/35: $digital_domain_inst.spi_regs_inst.rw_n$54
    25/35: $digital_domain_inst.spi_regs_inst.bit_cnt$53
    26/35: $digital_domain_inst.spi_regs_inst.spi_state$52
    27/35: $digital_domain_inst.spi_regs_inst.bit_cnt$66
    28/35: $digital_domain_inst.spi_regs_inst.spi_state$65
    29/35: $digital_domain_inst.spi_regs_inst.reg_wr_data$73
    30/35: $digital_domain_inst.spi_regs_inst.reg_wr_addr$72
    31/35: $digital_domain_inst.spi_regs_inst.reg_wr_en$71
    32/35: $digital_domain_inst.spi_regs_inst.tx_shift$70
    33/35: $digital_domain_inst.spi_regs_inst.rx_shift$69
    34/35: $digital_domain_inst.spi_regs_inst.spi_addr$68
    35/35: $digital_domain_inst.spi_regs_inst.rw_n$67
Creating decoders for process `\wrapper.$753'.
     1/3: $digital_domain_inst.signal_processor_x_inst.s270_pipe$759
     2/3: $digital_domain_inst.signal_processor_x_inst.s90_pipe$758
     3/3: $digital_domain_inst.signal_processor_x_inst.comp_pipe$757
Creating decoders for process `\wrapper.$700'.
     1/20: $digital_domain_inst.wave_controller_y_inst.cal_burst_count$724
     2/20: $digital_domain_inst.wave_controller_y_inst.cal_burst_active$723
     3/20: $digital_domain_inst.wave_controller_y_inst.cal_burst_armed$722
     4/20: $digital_domain_inst.wave_controller_y_inst.ref_wave$721
     5/20: $digital_domain_inst.wave_controller_y_inst.mems_drv$720
     6/20: $digital_domain_inst.wave_controller_y_inst.cal_burst_count$719
     7/20: $digital_domain_inst.wave_controller_y_inst.cal_burst_active$718
     8/20: $digital_domain_inst.wave_controller_y_inst.cal_burst_armed$717
     9/20: $digital_domain_inst.wave_controller_y_inst.ref_wave$716
    10/20: $digital_domain_inst.wave_controller_y_inst.mems_drv$715
    11/20: $digital_domain_inst.wave_controller_y_inst.cal_burst_count$706
    12/20: $digital_domain_inst.wave_controller_y_inst.cal_burst_active$705
    13/20: $digital_domain_inst.wave_controller_y_inst.cal_burst_count$708
    14/20: $digital_domain_inst.wave_controller_y_inst.cal_burst_active$707
    15/20: $digital_domain_inst.wave_controller_y_inst.cal_burst_count$711
    16/20: $digital_domain_inst.wave_controller_y_inst.cal_burst_active$710
    17/20: $digital_domain_inst.wave_controller_y_inst.cal_burst_armed$709
    18/20: $digital_domain_inst.wave_controller_y_inst.cal_burst_count$714
    19/20: $digital_domain_inst.wave_controller_y_inst.cal_burst_active$713
    20/20: $digital_domain_inst.wave_controller_y_inst.cal_burst_armed$712

2.8. Executing PROC_CLEAN pass (remove empty switches from decision trees).
Found and cleaned up 3 empty switches in `\wrapper.$695'.
Removing empty process `wrapper.$695'.
Found and cleaned up 1 empty switch in `\wrapper.$690'.
Removing empty process `wrapper.$690'.
Found and cleaned up 11 empty switches in `\wrapper.$861'.
Removing empty process `wrapper.$861'.
Found and cleaned up 1 empty switch in `\wrapper.$678'.
Removing empty process `wrapper.$678'.
Found and cleaned up 1 empty switch in `\wrapper.$675'.
Removing empty process `wrapper.$675'.
Found and cleaned up 3 empty switches in `\wrapper.$850'.
Removing empty process `wrapper.$850'.
Found and cleaned up 1 empty switch in `\wrapper.$656'.
Removing empty process `wrapper.$656'.
Found and cleaned up 1 empty switch in `\wrapper.$653'.
Removing empty process `wrapper.$653'.
Found and cleaned up 13 empty switches in `\wrapper.$624'.
Removing empty process `wrapper.$624'.
Found and cleaned up 25 empty switches in `\wrapper.$510'.
Removing empty process `wrapper.$510'.
Found and cleaned up 1 empty switch in `\wrapper.$480'.
Removing empty process `wrapper.$480'.
Found and cleaned up 3 empty switches in `\wrapper.$474'.
Removing empty process `wrapper.$474'.
Found and cleaned up 11 empty switches in `\wrapper.$415'.
Removing empty process `wrapper.$415'.
Found and cleaned up 3 empty switches in `\wrapper.$410'.
Removing empty process `wrapper.$410'.
Found and cleaned up 1 empty switch in `\wrapper.$405'.
Removing empty process `wrapper.$405'.
Found and cleaned up 1 empty switch in `\wrapper.$837'.
Removing empty process `wrapper.$837'.
Found and cleaned up 1 empty switch in `\wrapper.$393'.
Removing empty process `wrapper.$393'.
Found and cleaned up 1 empty switch in `\wrapper.$390'.
Removing empty process `wrapper.$390'.
Found and cleaned up 11 empty switches in `\wrapper.$777'.
Removing empty process `wrapper.$777'.
Found and cleaned up 1 empty switch in `\wrapper.$371'.
Removing empty process `wrapper.$371'.
Found and cleaned up 1 empty switch in `\wrapper.$368'.
Removing empty process `wrapper.$368'.
Found and cleaned up 13 empty switches in `\wrapper.$339'.
Removing empty process `wrapper.$339'.
Found and cleaned up 25 empty switches in `\wrapper.$225'.
Removing empty process `wrapper.$225'.
Found and cleaned up 1 empty switch in `\wrapper.$195'.
Removing empty process `wrapper.$195'.
Found and cleaned up 3 empty switches in `\wrapper.$189'.
Removing empty process `wrapper.$189'.
Found and cleaned up 1 empty switch in `\wrapper.$166'.
Removing empty process `wrapper.$166'.
Found and cleaned up 3 empty switches in `\wrapper.$766'.
Removing empty process `wrapper.$766'.
Found and cleaned up 13 empty switches in `\wrapper.$154'.
Removing empty process `wrapper.$154'.
Found and cleaned up 1 empty switch in `\wrapper.$101'.
Removing empty process `wrapper.$101'.
Found and cleaned up 3 empty switches in `\wrapper.$74'.
Removing empty process `wrapper.$74'.
Found and cleaned up 13 empty switches in `\wrapper.$29'.
Removing empty process `wrapper.$29'.
Found and cleaned up 1 empty switch in `\wrapper.$753'.
Removing empty process `wrapper.$753'.
Found and cleaned up 11 empty switches in `\wrapper.$700'.
Removing empty process `wrapper.$700'.
Cleaned up 183 empty switches.

2.9. Executing OPT_EXPR pass (perform const folding).
Optimizing module wrapper.
<suppressed ~466 debug messages>

3. Executing HIERARCHY pass (managing design hierarchy).

3.1. Analyzing design hierarchy..
Top module:  \wrapper

3.2. Analyzing design hierarchy..
Top module:  \wrapper
Removed 0 unused modules.
Renaming module wrapper to wrapper.

4. Executing ATTRMAP pass (move or copy attributes).

5. Executing HIERARCHY pass (managing design hierarchy).

5.1. Analyzing design hierarchy..
Top module:  \wrapper

5.2. Analyzing design hierarchy..
Top module:  \wrapper
Removed 0 unused modules.

6. Executing PROC_CLEAN pass (remove empty switches from decision trees).
Cleaned up 0 empty switches.

7. Executing PROC_RMDEAD pass (remove dead branches from decision trees).
Removed a total of 0 dead cases.

8. Executing PROC_PRUNE pass (remove redundant assignments in processes).
Removed 0 redundant assignments.
Promoted 0 assignments to connections.

9. Executing PROC_INIT pass (extract init attributes).

10. Executing PROC_ARST pass (detect async resets in processes).

11. Executing PROC_ROM pass (convert switches to ROMs).
Converted 0 switches.

12. Executing PROC_MUX pass (convert decision trees to multiplexers).

13. Executing PROC_DLATCH pass (convert process syncs to latches).

14. Executing PROC_DFF pass (convert process syncs to FFs).

15. Executing PROC_MEMWR pass (convert process memory writes to cells).

16. Executing PROC_CLEAN pass (remove empty switches from decision trees).
Cleaned up 0 empty switches.

17. Executing CHECK pass (checking for obvious problems).
Checking module wrapper...
Found and reported 0 problems.

18. Executing OPT_EXPR pass (perform const folding).
Optimizing module wrapper.

19. Executing OPT_EXPR pass (perform const folding).
Optimizing module wrapper.

20. Executing OPT_CLEAN pass (remove unused cells and wires).
Finding unused cells or wires in module \wrapper..
Removed 39 unused cells and 1810 unused wires.
<suppressed ~303 debug messages>

21. Executing OPT_EXPR pass (perform const folding).
Optimizing module wrapper.
<suppressed ~292 debug messages>

22. Executing OPT_MERGE pass (detect identical cells).
Finding identical cells in module `\wrapper'.
Computing hashes of 1789 cells of `\wrapper'.
Finding duplicate cells in `\wrapper'.
Computing hashes of 1701 cells of `\wrapper'.
Finding duplicate cells in `\wrapper'.
Computing hashes of 1699 cells of `\wrapper'.
Finding duplicate cells in `\wrapper'.
<suppressed ~270 debug messages>
Removed a total of 90 cells.

23. Executing OPT_MUXTREE pass (detect dead branches in mux trees).
Running muxtree optimizer on module \wrapper..
  Creating internal representation of mux trees.
  Evaluating internal representation of mux trees.
      Replacing known input bits on port A of cell $procmux$1602: \digital_domain_inst.wave_controller_x_inst.cal_burst_armed -> 1'0
      Replacing known input bits on port A of cell $procmux$1564: \digital_domain_inst.wave_controller_x_inst.cal_burst_active -> 1'0
      Replacing known input bits on port A of cell $procmux$1534: \digital_domain_inst.wave_controller_x_inst.cal_burst_active -> 1'1
      Replacing known input bits on port A of cell $procmux$4063: \digital_domain_inst.wave_controller_y_inst.cal_burst_armed -> 1'0
      Replacing known input bits on port A of cell $procmux$4025: \digital_domain_inst.wave_controller_y_inst.cal_burst_active -> 1'0
      Replacing known input bits on port A of cell $procmux$3995: \digital_domain_inst.wave_controller_y_inst.cal_burst_active -> 1'1
      Replacing known input bits on port B of cell $procmux$3767: \digital_domain_inst.spi_regs_inst.spi_state -> 1'1
  Analyzing evaluation results.
    dead port 2/2 on $mux $procmux$2867.
    dead port 2/2 on $mux $procmux$2865.
    dead port 1/2 on $mux $procmux$2861.
    dead port 2/2 on $mux $procmux$2858.
    dead port 2/2 on $mux $procmux$2856.
    dead port 1/2 on $mux $procmux$2851.
    dead port 2/2 on $mux $procmux$2848.
    dead port 2/2 on $mux $procmux$2846.
    dead port 1/2 on $mux $procmux$2841.
    dead port 2/2 on $mux $procmux$2838.
    dead port 2/2 on $mux $procmux$2836.
    dead port 1/2 on $mux $procmux$2831.
    dead port 2/2 on $mux $procmux$2828.
    dead port 2/2 on $mux $procmux$2826.
    dead port 1/2 on $mux $procmux$2821.
    dead port 2/2 on $mux $procmux$2818.
    dead port 2/2 on $mux $procmux$2816.
    dead port 1/2 on $mux $procmux$2811.
    dead port 2/2 on $mux $procmux$2808.
    dead port 2/2 on $mux $procmux$2806.
    dead port 1/2 on $mux $procmux$2800.
    dead port 2/2 on $mux $procmux$2797.
    dead port 2/2 on $mux $procmux$2795.
    dead port 1/2 on $mux $procmux$2789.
    dead port 2/2 on $mux $procmux$2786.
    dead port 2/2 on $mux $procmux$2784.
    dead port 1/2 on $mux $procmux$2778.
    dead port 2/2 on $mux $procmux$2775.
    dead port 2/2 on $mux $procmux$2773.
    dead port 1/2 on $mux $procmux$2767.
    dead port 2/2 on $mux $procmux$2764.
    dead port 2/2 on $mux $procmux$2762.
    dead port 1/2 on $mux $procmux$2756.
    dead port 2/2 on $mux $procmux$2753.
    dead port 2/2 on $mux $procmux$2751.
    dead port 1/2 on $mux $procmux$2745.
    dead port 2/2 on $mux $procmux$2742.
    dead port 2/2 on $mux $procmux$2740.
    dead port 1/2 on $mux $procmux$2734.
    dead port 2/2 on $mux $procmux$2731.
    dead port 2/2 on $mux $procmux$2729.
    dead port 1/2 on $mux $procmux$2723.
    dead port 2/2 on $mux $procmux$2720.
    dead port 2/2 on $mux $procmux$2718.
    dead port 1/2 on $mux $procmux$2716.
    dead port 1/2 on $mux $procmux$2710.
    dead port 2/2 on $mux $procmux$2707.
    dead port 2/2 on $mux $procmux$2705.
    dead port 1/2 on $mux $procmux$2703.
    dead port 1/2 on $mux $procmux$2697.
    dead port 2/2 on $mux $procmux$2694.
    dead port 2/2 on $mux $procmux$2692.
    dead port 1/2 on $mux $procmux$2690.
    dead port 1/2 on $mux $procmux$2684.
    dead port 2/2 on $mux $procmux$2681.
    dead port 2/2 on $mux $procmux$2679.
    dead port 1/2 on $mux $procmux$2677.
    dead port 1/2 on $mux $procmux$2671.
    dead port 2/2 on $mux $procmux$2668.
    dead port 2/2 on $mux $procmux$2666.
    dead port 1/2 on $mux $procmux$2664.
    dead port 1/2 on $mux $procmux$2658.
    dead port 2/2 on $mux $procmux$2655.
    dead port 2/2 on $mux $procmux$2653.
    dead port 1/2 on $mux $procmux$2651.
    dead port 1/2 on $mux $procmux$2645.
    dead port 2/2 on $mux $procmux$2642.
    dead port 2/2 on $mux $procmux$2640.
    dead port 1/2 on $mux $procmux$2638.
    dead port 2/2 on $mux $procmux$2636.
    dead port 1/2 on $mux $procmux$2630.
    dead port 2/2 on $mux $procmux$2627.
    dead port 2/2 on $mux $procmux$2625.
    dead port 1/2 on $mux $procmux$2623.
    dead port 2/2 on $mux $procmux$2621.
    dead port 1/2 on $mux $procmux$3105.
    dead port 1/2 on $mux $procmux$2613.
    dead port 2/2 on $mux $procmux$2610.
    dead port 2/2 on $mux $procmux$2608.
    dead port 1/2 on $mux $procmux$2606.
    dead port 2/2 on $mux $procmux$2604.
    dead port 2/2 on $mux $procmux$3102.
    dead port 2/2 on $mux $procmux$3111.
    dead port 1/2 on $mux $procmux$2596.
    dead port 2/2 on $mux $procmux$2593.
    dead port 2/2 on $mux $procmux$2591.
    dead port 1/2 on $mux $procmux$2589.
    dead port 2/2 on $mux $procmux$2587.
    dead port 1/2 on $mux $procmux$3100.
    dead port 1/2 on $mux $procmux$2580.
    dead port 2/2 on $mux $procmux$2577.
    dead port 2/2 on $mux $procmux$2575.
    dead port 1/2 on $mux $procmux$2573.
    dead port 2/2 on $mux $procmux$2571.
    dead port 1/2 on $mux $procmux$2565.
    dead port 2/2 on $mux $procmux$2562.
    dead port 2/2 on $mux $procmux$2560.
    dead port 1/2 on $mux $procmux$2558.
    dead port 2/2 on $mux $procmux$2556.
    dead port 1/2 on $mux $procmux$2549.
    dead port 2/2 on $mux $procmux$2546.
    dead port 2/2 on $mux $procmux$2544.
    dead port 1/2 on $mux $procmux$2542.
    dead port 2/2 on $mux $procmux$2540.
    dead port 2/2 on $mux $procmux$3089.
    dead port 1/2 on $mux $procmux$2532.
    dead port 2/2 on $mux $procmux$2529.
    dead port 2/2 on $mux $procmux$2527.
    dead port 1/2 on $mux $procmux$2525.
    dead port 2/2 on $mux $procmux$2523.
    dead port 1/2 on $mux $procmux$2515.
    dead port 2/2 on $mux $procmux$2512.
    dead port 2/2 on $mux $procmux$2510.
    dead port 1/2 on $mux $procmux$2508.
    dead port 2/2 on $mux $procmux$2506.
    dead port 2/2 on $mux $procmux$2504.
    dead port 2/2 on $mux $procmux$3084.
    dead port 1/2 on $mux $procmux$2497.
    dead port 2/2 on $mux $procmux$2494.
    dead port 2/2 on $mux $procmux$2492.
    dead port 1/2 on $mux $procmux$2490.
    dead port 2/2 on $mux $procmux$2488.
    dead port 2/2 on $mux $procmux$2486.
    dead port 1/2 on $mux $procmux$2479.
    dead port 2/2 on $mux $procmux$2476.
    dead port 2/2 on $mux $procmux$2474.
    dead port 1/2 on $mux $procmux$2472.
    dead port 2/2 on $mux $procmux$2470.
    dead port 2/2 on $mux $procmux$2468.
    dead port 1/2 on $mux $procmux$2461.
    dead port 2/2 on $mux $procmux$2458.
    dead port 2/2 on $mux $procmux$2456.
    dead port 1/2 on $mux $procmux$2454.
    dead port 2/2 on $mux $procmux$2452.
    dead port 2/2 on $mux $procmux$2450.
    dead port 1/2 on $mux $procmux$2443.
    dead port 2/2 on $mux $procmux$2440.
    dead port 2/2 on $mux $procmux$2438.
    dead port 1/2 on $mux $procmux$2436.
    dead port 2/2 on $mux $procmux$2434.
    dead port 2/2 on $mux $procmux$2432.
    dead port 1/2 on $mux $procmux$2425.
    dead port 2/2 on $mux $procmux$2422.
    dead port 2/2 on $mux $procmux$2420.
    dead port 1/2 on $mux $procmux$2418.
    dead port 2/2 on $mux $procmux$2416.
    dead port 2/2 on $mux $procmux$2414.
    dead port 1/2 on $mux $procmux$2407.
    dead port 2/2 on $mux $procmux$2404.
    dead port 2/2 on $mux $procmux$2402.
    dead port 1/2 on $mux $procmux$2400.
    dead port 2/2 on $mux $procmux$2398.
    dead port 2/2 on $mux $procmux$2396.
    dead port 2/2 on $mux $procmux$2394.
    dead port 1/2 on $mux $procmux$2387.
    dead port 2/2 on $mux $procmux$2384.
    dead port 2/2 on $mux $procmux$2382.
    dead port 1/2 on $mux $procmux$2380.
    dead port 2/2 on $mux $procmux$2378.
    dead port 2/2 on $mux $procmux$2376.
    dead port 2/2 on $mux $procmux$2374.
    dead port 1/2 on $mux $procmux$2367.
    dead port 2/2 on $mux $procmux$2364.
    dead port 2/2 on $mux $procmux$2362.
    dead port 1/2 on $mux $procmux$2360.
    dead port 2/2 on $mux $procmux$2358.
    dead port 2/2 on $mux $procmux$2356.
    dead port 2/2 on $mux $procmux$2354.
    dead port 1/2 on $mux $procmux$2347.
    dead port 2/2 on $mux $procmux$2344.
    dead port 2/2 on $mux $procmux$2342.
    dead port 1/2 on $mux $procmux$2340.
    dead port 2/2 on $mux $procmux$2338.
    dead port 2/2 on $mux $procmux$2336.
    dead port 1/2 on $mux $procmux$3070.
    dead port 2/2 on $mux $procmux$2334.
    dead port 1/2 on $mux $procmux$2327.
    dead port 2/2 on $mux $procmux$2324.
    dead port 2/2 on $mux $procmux$2322.
    dead port 1/2 on $mux $procmux$2320.
    dead port 2/2 on $mux $procmux$2318.
    dead port 2/2 on $mux $procmux$2316.
    dead port 2/2 on $mux $procmux$2314.
    dead port 1/2 on $mux $procmux$2308.
    dead port 2/2 on $mux $procmux$2305.
    dead port 2/2 on $mux $procmux$2303.
    dead port 1/2 on $mux $procmux$2301.
    dead port 2/2 on $mux $procmux$2299.
    dead port 2/2 on $mux $procmux$2297.
    dead port 2/2 on $mux $procmux$2295.
    dead port 1/2 on $mux $procmux$2288.
    dead port 2/2 on $mux $procmux$2285.
    dead port 2/2 on $mux $procmux$2283.
    dead port 1/2 on $mux $procmux$2281.
    dead port 2/2 on $mux $procmux$2279.
    dead port 2/2 on $mux $procmux$2277.
    dead port 1/2 on $mux $procmux$2271.
    dead port 2/2 on $mux $procmux$2268.
    dead port 2/2 on $mux $procmux$2266.
    dead port 1/2 on $mux $procmux$2264.
    dead port 2/2 on $mux $procmux$2262.
    dead port 2/2 on $mux $procmux$2260.
    dead port 1/2 on $mux $procmux$2254.
    dead port 2/2 on $mux $procmux$2251.
    dead port 2/2 on $mux $procmux$2249.
    dead port 1/2 on $mux $procmux$2247.
    dead port 2/2 on $mux $procmux$2245.
    dead port 2/2 on $mux $procmux$2243.
    dead port 1/2 on $mux $procmux$2237.
    dead port 2/2 on $mux $procmux$2234.
    dead port 2/2 on $mux $procmux$2232.
    dead port 1/2 on $mux $procmux$2230.
    dead port 2/2 on $mux $procmux$2228.
    dead port 2/2 on $mux $procmux$2226.
    dead port 1/2 on $mux $procmux$2220.
    dead port 2/2 on $mux $procmux$2217.
    dead port 2/2 on $mux $procmux$2215.
    dead port 1/2 on $mux $procmux$2213.
    dead port 2/2 on $mux $procmux$2211.
    dead port 2/2 on $mux $procmux$2209.
    dead port 1/2 on $mux $procmux$2203.
    dead port 2/2 on $mux $procmux$2200.
    dead port 2/2 on $mux $procmux$2198.
    dead port 1/2 on $mux $procmux$2196.
    dead port 2/2 on $mux $procmux$2194.
    dead port 2/2 on $mux $procmux$2192.
    dead port 1/2 on $mux $procmux$2186.
    dead port 2/2 on $mux $procmux$2183.
    dead port 2/2 on $mux $procmux$2181.
    dead port 1/2 on $mux $procmux$2179.
    dead port 2/2 on $mux $procmux$2177.
    dead port 2/2 on $mux $procmux$2175.
    dead port 2/2 on $mux $procmux$2173.
    dead port 1/2 on $mux $procmux$2167.
    dead port 2/2 on $mux $procmux$2164.
    dead port 2/2 on $mux $procmux$2162.
    dead port 1/2 on $mux $procmux$2160.
    dead port 2/2 on $mux $procmux$2158.
    dead port 2/2 on $mux $procmux$2156.
    dead port 2/2 on $mux $procmux$2154.
    dead port 1/2 on $mux $procmux$2148.
    dead port 2/2 on $mux $procmux$2145.
    dead port 2/2 on $mux $procmux$2143.
    dead port 1/2 on $mux $procmux$2141.
    dead port 2/2 on $mux $procmux$2139.
    dead port 2/2 on $mux $procmux$2137.
    dead port 2/2 on $mux $procmux$2135.
    dead port 1/2 on $mux $procmux$2129.
    dead port 2/2 on $mux $procmux$2126.
    dead port 2/2 on $mux $procmux$2124.
    dead port 1/2 on $mux $procmux$2122.
    dead port 2/2 on $mux $procmux$2120.
    dead port 2/2 on $mux $procmux$2118.
    dead port 2/2 on $mux $procmux$2116.
    dead port 1/2 on $mux $procmux$2110.
    dead port 2/2 on $mux $procmux$2107.
    dead port 2/2 on $mux $procmux$2105.
    dead port 1/2 on $mux $procmux$2103.
    dead port 2/2 on $mux $procmux$2101.
    dead port 2/2 on $mux $procmux$2099.
    dead port 2/2 on $mux $procmux$2097.
    dead port 1/2 on $mux $procmux$2091.
    dead port 2/2 on $mux $procmux$2088.
    dead port 2/2 on $mux $procmux$2086.
    dead port 1/2 on $mux $procmux$2084.
    dead port 2/2 on $mux $procmux$2082.
    dead port 2/2 on $mux $procmux$2080.
    dead port 2/2 on $mux $procmux$2078.
    dead port 1/2 on $mux $procmux$2072.
    dead port 2/2 on $mux $procmux$2069.
    dead port 2/2 on $mux $procmux$2067.
    dead port 1/2 on $mux $procmux$2065.
    dead port 1/2 on $mux $procmux$2059.
    dead port 2/2 on $mux $procmux$2056.
    dead port 2/2 on $mux $procmux$2054.
    dead port 1/2 on $mux $procmux$2052.
    dead port 1/2 on $mux $procmux$2034.
    dead port 1/2 on $mux $procmux$2027.
    dead port 2/2 on $mux $procmux$2024.
    dead port 1/2 on $mux $procmux$2017.
    dead port 2/2 on $mux $procmux$2014.
    dead port 1/2 on $mux $procmux$2012.
    dead port 1/2 on $mux $procmux$2006.
    dead port 2/2 on $mux $procmux$2003.
    dead port 1/2 on $mux $procmux$1996.
    dead port 2/2 on $mux $procmux$1993.
    dead port 1/2 on $mux $procmux$1991.
    dead port 1/2 on $mux $procmux$1985.
    dead port 2/2 on $mux $procmux$1982.
    dead port 1/2 on $mux $procmux$1976.
    dead port 2/2 on $mux $procmux$1973.
    dead port 1/2 on $mux $procmux$1967.
    dead port 2/2 on $mux $procmux$1964.
    dead port 1/2 on $mux $procmux$1958.
    dead port 1/2 on $mux $procmux$1951.
    dead port 1/2 on $mux $procmux$1888.
    dead port 1/2 on $mux $procmux$1883.
    dead port 1/2 on $mux $procmux$1878.
    dead port 1/2 on $mux $procmux$1871.
    dead port 1/2 on $mux $procmux$1864.
    dead port 1/2 on $mux $procmux$1857.
    dead port 1/2 on $mux $procmux$1850.
    dead port 1/2 on $mux $procmux$1843.
    dead port 1/2 on $mux $procmux$1836.
    dead port 1/2 on $mux $procmux$1829.
    dead port 1/2 on $mux $procmux$1822.
    dead port 1/2 on $mux $procmux$1815.
    dead port 1/2 on $mux $procmux$1808.
    dead port 2/2 on $mux $procmux$1805.
    dead port 1/2 on $mux $procmux$1799.
    dead port 2/2 on $mux $procmux$1796.
    dead port 1/2 on $mux $procmux$1790.
    dead port 2/2 on $mux $procmux$1787.
    dead port 1/2 on $mux $procmux$1781.
    dead port 2/2 on $mux $procmux$1778.
    dead port 1/2 on $mux $procmux$1772.
    dead port 2/2 on $mux $procmux$1769.
    dead port 1/2 on $mux $procmux$1763.
    dead port 2/2 on $mux $procmux$1760.
    dead port 2/2 on $mux $procmux$1758.
    dead port 1/2 on $mux $procmux$1751.
    dead port 2/2 on $mux $procmux$1748.
    dead port 2/2 on $mux $procmux$1746.
    dead port 1/2 on $mux $procmux$1739.
    dead port 2/2 on $mux $procmux$1736.
    dead port 2/2 on $mux $procmux$1734.
    dead port 1/2 on $mux $procmux$1727.
    dead port 2/2 on $mux $procmux$1724.
    dead port 2/2 on $mux $procmux$1722.
    dead port 1/2 on $mux $procmux$1720.
    dead port 1/2 on $mux $procmux$1713.
    dead port 2/2 on $mux $procmux$1710.
    dead port 2/2 on $mux $procmux$1708.
    dead port 1/2 on $mux $procmux$1706.
    dead port 1/2 on $mux $procmux$1699.
    dead port 2/2 on $mux $procmux$1696.
    dead port 2/2 on $mux $procmux$1694.
    dead port 1/2 on $mux $procmux$1692.
    dead port 1/2 on $mux $procmux$1685.
    dead port 2/2 on $mux $procmux$1682.
    dead port 1/2 on $mux $procmux$1676.
    dead port 2/2 on $mux $procmux$1673.
    dead port 1/2 on $mux $procmux$1667.
    dead port 2/2 on $mux $procmux$1664.
    dead port 2/2 on $mux $procmux$1640.
    dead port 2/2 on $mux $procmux$1635.
    dead port 2/2 on $mux $procmux$1633.
    dead port 2/2 on $mux $procmux$1626.
    dead port 2/2 on $mux $procmux$1624.
    dead port 2/2 on $mux $procmux$1617.
    dead port 2/2 on $mux $procmux$1615.
    dead port 2/2 on $mux $procmux$1608.
    dead port 2/2 on $mux $procmux$1606.
    dead port 2/2 on $mux $procmux$1604.
    dead port 2/2 on $mux $procmux$1597.
    dead port 2/2 on $mux $procmux$1595.
    dead port 2/2 on $mux $procmux$1593.
    dead port 2/2 on $mux $procmux$1585.
    dead port 2/2 on $mux $procmux$1583.
    dead port 2/2 on $mux $procmux$1581.
    dead port 2/2 on $mux $procmux$1573.
    dead port 2/2 on $mux $procmux$1571.
    dead port 2/2 on $mux $procmux$1569.
    dead port 1/2 on $mux $procmux$1567.
    dead port 2/2 on $mux $procmux$1559.
    dead port 2/2 on $mux $procmux$1557.
    dead port 2/2 on $mux $procmux$1555.
    dead port 1/2 on $mux $procmux$1553.
    dead port 2/2 on $mux $procmux$1545.
    dead port 2/2 on $mux $procmux$1543.
    dead port 2/2 on $mux $procmux$1541.
    dead port 1/2 on $mux $procmux$1539.
    dead port 2/2 on $mux $procmux$1536.
    dead port 2/2 on $mux $procmux$1529.
    dead port 2/2 on $mux $procmux$1527.
    dead port 2/2 on $mux $procmux$1525.
    dead port 1/2 on $mux $procmux$1523.
    dead port 2/2 on $mux $procmux$1520.
    dead port 2/2 on $mux $procmux$1513.
    dead port 2/2 on $mux $procmux$1507.
    dead port 2/2 on $mux $procmux$1501.
    dead port 2/2 on $mux $procmux$1494.
    dead port 2/2 on $mux $procmux$1487.
    dead port 1/2 on $mux $procmux$1456.
    dead port 1/2 on $mux $procmux$1396.
    dead port 1/2 on $mux $procmux$1390.
    dead port 1/2 on $mux $procmux$1384.
    dead port 1/2 on $mux $procmux$1378.
    dead port 1/2 on $mux $procmux$1372.
    dead port 1/2 on $mux $procmux$1366.
    dead port 1/2 on $mux $procmux$1360.
    dead port 1/2 on $mux $procmux$1354.
    dead port 1/2 on $mux $procmux$1348.
    dead port 1/2 on $mux $procmux$1342.
    dead port 1/2 on $mux $procmux$1336.
    dead port 2/2 on $mux $procmux$1333.
    dead port 1/2 on $mux $procmux$1328.
    dead port 2/2 on $mux $procmux$1325.
    dead port 1/2 on $mux $procmux$1320.
    dead port 2/2 on $mux $procmux$1317.
    dead port 1/2 on $mux $procmux$1312.
    dead port 2/2 on $mux $procmux$1309.
    dead port 1/2 on $mux $procmux$1304.
    dead port 2/2 on $mux $procmux$1301.
    dead port 1/2 on $mux $procmux$1296.
    dead port 2/2 on $mux $procmux$1293.
    dead port 1/2 on $mux $procmux$1288.
    dead port 2/2 on $mux $procmux$1285.
    dead port 1/2 on $mux $procmux$1280.
    dead port 2/2 on $mux $procmux$1277.
    dead port 1/2 on $mux $procmux$1272.
    dead port 2/2 on $mux $procmux$1269.
    dead port 1/2 on $mux $procmux$1264.
    dead port 2/2 on $mux $procmux$1261.
    dead port 1/2 on $mux $procmux$1256.
    dead port 2/2 on $mux $procmux$1253.
    dead port 2/2 on $mux $procmux$1251.
    dead port 1/2 on $mux $procmux$1247.
    dead port 2/2 on $mux $procmux$1244.
    dead port 2/2 on $mux $procmux$1242.
    dead port 1/2 on $mux $procmux$1237.
    dead port 2/2 on $mux $procmux$1234.
    dead port 2/2 on $mux $procmux$1232.
    dead port 1/2 on $mux $procmux$1227.
    dead port 2/2 on $mux $procmux$1224.
    dead port 2/2 on $mux $procmux$1222.
    dead port 1/2 on $mux $procmux$1217.
    dead port 2/2 on $mux $procmux$1214.
    dead port 2/2 on $mux $procmux$1212.
    dead port 1/2 on $mux $procmux$1207.
    dead port 2/2 on $mux $procmux$1204.
    dead port 2/2 on $mux $procmux$1202.
    dead port 1/2 on $mux $procmux$1197.
    dead port 2/2 on $mux $procmux$1194.
    dead port 2/2 on $mux $procmux$1192.
    dead port 1/2 on $mux $procmux$1186.
    dead port 2/2 on $mux $procmux$1183.
    dead port 2/2 on $mux $procmux$1181.
    dead port 1/2 on $mux $procmux$1175.
    dead port 2/2 on $mux $procmux$1172.
    dead port 2/2 on $mux $procmux$1170.
    dead port 1/2 on $mux $procmux$1164.
    dead port 2/2 on $mux $procmux$1161.
    dead port 2/2 on $mux $procmux$1159.
    dead port 1/2 on $mux $procmux$1153.
    dead port 2/2 on $mux $procmux$1150.
    dead port 2/2 on $mux $procmux$1148.
    dead port 1/2 on $mux $procmux$1142.
    dead port 2/2 on $mux $procmux$1139.
    dead port 2/2 on $mux $procmux$1137.
    dead port 1/2 on $mux $procmux$1131.
    dead port 2/2 on $mux $procmux$1128.
    dead port 2/2 on $mux $procmux$1126.
    dead port 1/2 on $mux $procmux$1120.
    dead port 2/2 on $mux $procmux$1117.
    dead port 2/2 on $mux $procmux$1115.
    dead port 1/2 on $mux $procmux$1109.
    dead port 2/2 on $mux $procmux$1106.
    dead port 2/2 on $mux $procmux$1104.
    dead port 1/2 on $mux $procmux$1102.
    dead port 1/2 on $mux $procmux$1096.
    dead port 2/2 on $mux $procmux$1093.
    dead port 2/2 on $mux $procmux$1091.
    dead port 1/2 on $mux $procmux$1089.
    dead port 1/2 on $mux $procmux$1083.
    dead port 2/2 on $mux $procmux$1080.
    dead port 2/2 on $mux $procmux$1078.
    dead port 1/2 on $mux $procmux$1076.
    dead port 1/2 on $mux $procmux$1070.
    dead port 2/2 on $mux $procmux$1067.
    dead port 2/2 on $mux $procmux$1065.
    dead port 1/2 on $mux $procmux$1063.
    dead port 1/2 on $mux $procmux$1057.
    dead port 2/2 on $mux $procmux$1054.
    dead port 2/2 on $mux $procmux$1052.
    dead port 1/2 on $mux $procmux$1050.
    dead port 1/2 on $mux $procmux$1044.
    dead port 2/2 on $mux $procmux$1041.
    dead port 2/2 on $mux $procmux$1039.
    dead port 1/2 on $mux $procmux$1037.
    dead port 1/2 on $mux $procmux$1031.
    dead port 2/2 on $mux $procmux$1028.
    dead port 2/2 on $mux $procmux$1026.
    dead port 1/2 on $mux $procmux$1024.
    dead port 2/2 on $mux $procmux$1022.
    dead port 1/2 on $mux $procmux$1016.
    dead port 2/2 on $mux $procmux$1013.
    dead port 2/2 on $mux $procmux$1011.
    dead port 1/2 on $mux $procmux$1009.
    dead port 2/2 on $mux $procmux$1007.
    dead port 1/2 on $mux $procmux$999.
    dead port 2/2 on $mux $procmux$996.
    dead port 2/2 on $mux $procmux$994.
    dead port 1/2 on $mux $procmux$992.
    dead port 2/2 on $mux $procmux$990.
    dead port 1/2 on $mux $procmux$3010.
    dead port 1/2 on $mux $procmux$982.
    dead port 2/2 on $mux $procmux$979.
    dead port 2/2 on $mux $procmux$977.
    dead port 1/2 on $mux $procmux$975.
    dead port 2/2 on $mux $procmux$973.
    dead port 1/2 on $mux $procmux$966.
    dead port 2/2 on $mux $procmux$963.
    dead port 2/2 on $mux $procmux$961.
    dead port 1/2 on $mux $procmux$959.
    dead port 2/2 on $mux $procmux$957.
    dead port 1/2 on $mux $procmux$3004.
    dead port 1/2 on $mux $procmux$951.
    dead port 2/2 on $mux $procmux$948.
    dead port 2/2 on $mux $procmux$946.
    dead port 1/2 on $mux $procmux$944.
    dead port 2/2 on $mux $procmux$942.
    dead port 1/2 on $mux $procmux$935.
    dead port 2/2 on $mux $procmux$932.
    dead port 2/2 on $mux $procmux$930.
    dead port 1/2 on $mux $procmux$928.
    dead port 2/2 on $mux $procmux$926.
    dead port 1/2 on $mux $procmux$2998.
    dead port 1/2 on $mux $procmux$918.
    dead port 2/2 on $mux $procmux$915.
    dead port 2/2 on $mux $procmux$913.
    dead port 1/2 on $mux $procmux$911.
    dead port 2/2 on $mux $procmux$909.
    dead port 1/2 on $mux $procmux$2992.
    dead port 1/2 on $mux $procmux$901.
    dead port 2/2 on $mux $procmux$898.
    dead port 2/2 on $mux $procmux$896.
    dead port 1/2 on $mux $procmux$894.
    dead port 2/2 on $mux $procmux$892.
    dead port 2/2 on $mux $procmux$890.
    dead port 1/2 on $mux $procmux$2986.
    dead port 1/2 on $mux $procmux$883.
    dead port 2/2 on $mux $procmux$880.
    dead port 2/2 on $mux $procmux$878.
    dead port 1/2 on $mux $procmux$876.
    dead port 2/2 on $mux $procmux$874.
    dead port 2/2 on $mux $procmux$872.
    dead port 1/2 on $mux $procmux$865.
    dead port 2/2 on $mux $procmux$862.
    dead port 2/2 on $mux $procmux$860.
    dead port 1/2 on $mux $procmux$858.
    dead port 2/2 on $mux $procmux$856.
    dead port 2/2 on $mux $procmux$854.
    dead port 1/2 on $mux $procmux$2980.
    dead port 1/2 on $mux $procmux$847.
    dead port 2/2 on $mux $procmux$844.
    dead port 2/2 on $mux $procmux$842.
    dead port 1/2 on $mux $procmux$840.
    dead port 2/2 on $mux $procmux$838.
    dead port 2/2 on $mux $procmux$836.
    dead port 1/2 on $mux $procmux$829.
    dead port 2/2 on $mux $procmux$826.
    dead port 2/2 on $mux $procmux$824.
    dead port 1/2 on $mux $procmux$822.
    dead port 2/2 on $mux $procmux$820.
    dead port 2/2 on $mux $procmux$818.
    dead port 1/2 on $mux $procmux$2974.
    dead port 1/2 on $mux $procmux$811.
    dead port 2/2 on $mux $procmux$808.
    dead port 2/2 on $mux $procmux$806.
    dead port 1/2 on $mux $procmux$804.
    dead port 2/2 on $mux $procmux$802.
    dead port 2/2 on $mux $procmux$800.
    dead port 1/2 on $mux $procmux$793.
    dead port 2/2 on $mux $procmux$790.
    dead port 2/2 on $mux $procmux$788.
    dead port 1/2 on $mux $procmux$786.
    dead port 2/2 on $mux $procmux$784.
    dead port 2/2 on $mux $procmux$782.
    dead port 1/2 on $mux $procmux$2968.
    dead port 2/2 on $mux $procmux$780.
    dead port 1/2 on $mux $procmux$773.
    dead port 2/2 on $mux $procmux$770.
    dead port 2/2 on $mux $procmux$768.
    dead port 1/2 on $mux $procmux$766.
    dead port 2/2 on $mux $procmux$764.
    dead port 2/2 on $mux $procmux$762.
    dead port 2/2 on $mux $procmux$760.
    dead port 1/2 on $mux $procmux$753.
    dead port 2/2 on $mux $procmux$750.
    dead port 2/2 on $mux $procmux$748.
    dead port 1/2 on $mux $procmux$746.
    dead port 2/2 on $mux $procmux$744.
    dead port 2/2 on $mux $procmux$742.
    dead port 1/2 on $mux $procmux$2962.
    dead port 2/2 on $mux $procmux$740.
    dead port 1/2 on $mux $procmux$733.
    dead port 2/2 on $mux $procmux$730.
    dead port 2/2 on $mux $procmux$728.
    dead port 1/2 on $mux $procmux$726.
    dead port 2/2 on $mux $procmux$724.
    dead port 2/2 on $mux $procmux$722.
    dead port 2/2 on $mux $procmux$720.
    dead port 1/2 on $mux $procmux$713.
    dead port 2/2 on $mux $procmux$710.
    dead port 2/2 on $mux $procmux$708.
    dead port 1/2 on $mux $procmux$706.
    dead port 2/2 on $mux $procmux$704.
    dead port 2/2 on $mux $procmux$702.
    dead port 1/2 on $mux $procmux$2956.
    dead port 2/2 on $mux $procmux$700.
    dead port 1/2 on $mux $procmux$694.
    dead port 2/2 on $mux $procmux$691.
    dead port 2/2 on $mux $procmux$689.
    dead port 1/2 on $mux $procmux$687.
    dead port 2/2 on $mux $procmux$685.
    dead port 2/2 on $mux $procmux$683.
    dead port 2/2 on $mux $procmux$681.
    dead port 1/2 on $mux $procmux$674.
    dead port 2/2 on $mux $procmux$671.
    dead port 2/2 on $mux $procmux$669.
    dead port 1/2 on $mux $procmux$667.
    dead port 2/2 on $mux $procmux$665.
    dead port 2/2 on $mux $procmux$663.
    dead port 1/2 on $mux $procmux$2950.
    dead port 1/2 on $mux $procmux$657.
    dead port 2/2 on $mux $procmux$654.
    dead port 2/2 on $mux $procmux$652.
    dead port 1/2 on $mux $procmux$650.
    dead port 2/2 on $mux $procmux$648.
    dead port 2/2 on $mux $procmux$646.
    dead port 2/2 on $mux $procmux$2947.
    dead port 1/2 on $mux $procmux$640.
    dead port 2/2 on $mux $procmux$637.
    dead port 2/2 on $mux $procmux$635.
    dead port 1/2 on $mux $procmux$633.
    dead port 2/2 on $mux $procmux$631.
    dead port 2/2 on $mux $procmux$629.
    dead port 1/2 on $mux $procmux$623.
    dead port 2/2 on $mux $procmux$620.
    dead port 2/2 on $mux $procmux$618.
    dead port 1/2 on $mux $procmux$616.
    dead port 2/2 on $mux $procmux$614.
    dead port 2/2 on $mux $procmux$612.
    dead port 1/2 on $mux $procmux$2942.
    dead port 1/2 on $mux $procmux$606.
    dead port 2/2 on $mux $procmux$603.
    dead port 2/2 on $mux $procmux$601.
    dead port 1/2 on $mux $procmux$599.
    dead port 2/2 on $mux $procmux$597.
    dead port 2/2 on $mux $procmux$595.
    dead port 2/2 on $mux $procmux$2939.
    dead port 1/2 on $mux $procmux$589.
    dead port 2/2 on $mux $procmux$586.
    dead port 2/2 on $mux $procmux$584.
    dead port 1/2 on $mux $procmux$582.
    dead port 2/2 on $mux $procmux$580.
    dead port 2/2 on $mux $procmux$578.
    dead port 1/2 on $mux $procmux$572.
    dead port 2/2 on $mux $procmux$569.
    dead port 2/2 on $mux $procmux$567.
    dead port 1/2 on $mux $procmux$565.
    dead port 2/2 on $mux $procmux$563.
    dead port 2/2 on $mux $procmux$561.
    dead port 1/2 on $mux $procmux$2934.
    dead port 2/2 on $mux $procmux$559.
    dead port 1/2 on $mux $procmux$553.
    dead port 2/2 on $mux $procmux$550.
    dead port 2/2 on $mux $procmux$548.
    dead port 1/2 on $mux $procmux$546.
    dead port 2/2 on $mux $procmux$544.
    dead port 2/2 on $mux $procmux$542.
    dead port 2/2 on $mux $procmux$2931.
    dead port 2/2 on $mux $procmux$540.
    dead port 1/2 on $mux $procmux$534.
    dead port 2/2 on $mux $procmux$531.
    dead port 2/2 on $mux $procmux$529.
    dead port 1/2 on $mux $procmux$527.
    dead port 2/2 on $mux $procmux$525.
    dead port 2/2 on $mux $procmux$523.
    dead port 2/2 on $mux $procmux$521.
    dead port 1/2 on $mux $procmux$515.
    dead port 2/2 on $mux $procmux$512.
    dead port 2/2 on $mux $procmux$510.
    dead port 1/2 on $mux $procmux$508.
    dead port 2/2 on $mux $procmux$506.
    dead port 2/2 on $mux $procmux$504.
    dead port 1/2 on $mux $procmux$2926.
    dead port 2/2 on $mux $procmux$502.
    dead port 1/2 on $mux $procmux$496.
    dead port 2/2 on $mux $procmux$493.
    dead port 2/2 on $mux $procmux$491.
    dead port 1/2 on $mux $procmux$489.
    dead port 2/2 on $mux $procmux$487.
    dead port 2/2 on $mux $procmux$485.
    dead port 2/2 on $mux $procmux$2923.
    dead port 2/2 on $mux $procmux$483.
    dead port 1/2 on $mux $procmux$477.
    dead port 2/2 on $mux $procmux$474.
    dead port 2/2 on $mux $procmux$472.
    dead port 1/2 on $mux $procmux$470.
    dead port 2/2 on $mux $procmux$468.
    dead port 2/2 on $mux $procmux$466.
    dead port 2/2 on $mux $procmux$464.
    dead port 1/2 on $mux $procmux$458.
    dead port 2/2 on $mux $procmux$455.
    dead port 2/2 on $mux $procmux$453.
    dead port 1/2 on $mux $procmux$451.
    dead port 1/2 on $mux $procmux$445.
    dead port 2/2 on $mux $procmux$442.
    dead port 2/2 on $mux $procmux$440.
    dead port 1/2 on $mux $procmux$438.
    dead port 1/2 on $mux $procmux$420.
    dead port 1/2 on $mux $procmux$413.
    dead port 2/2 on $mux $procmux$410.
    dead port 1/2 on $mux $procmux$403.
    dead port 2/2 on $mux $procmux$400.
    dead port 1/2 on $mux $procmux$398.
    dead port 1/2 on $mux $procmux$392.
    dead port 2/2 on $mux $procmux$389.
    dead port 1/2 on $mux $procmux$382.
    dead port 2/2 on $mux $procmux$379.
    dead port 1/2 on $mux $procmux$377.
    dead port 1/2 on $mux $procmux$371.
    dead port 2/2 on $mux $procmux$368.
    dead port 1/2 on $mux $procmux$362.
    dead port 2/2 on $mux $procmux$359.
    dead port 1/2 on $mux $procmux$353.
    dead port 2/2 on $mux $procmux$350.
    dead port 1/2 on $mux $procmux$344.
    dead port 1/2 on $mux $procmux$337.
    dead port 2/2 on $mux $procmux$320.
    dead port 2/2 on $mux $procmux$315.
    dead port 1/2 on $mux $procmux$255.
    dead port 1/2 on $mux $procmux$250.
    dead port 1/2 on $mux $procmux$245.
    dead port 1/2 on $mux $procmux$238.
    dead port 1/2 on $mux $procmux$231.
    dead port 1/2 on $mux $procmux$224.
    dead port 1/2 on $mux $procmux$217.
    dead port 1/2 on $mux $procmux$210.
    dead port 1/2 on $mux $procmux$203.
    dead port 1/2 on $mux $procmux$196.
    dead port 1/2 on $mux $procmux$189.
    dead port 1/2 on $mux $procmux$182.
    dead port 1/2 on $mux $procmux$175.
    dead port 2/2 on $mux $procmux$172.
    dead port 1/2 on $mux $procmux$166.
    dead port 2/2 on $mux $procmux$163.
    dead port 1/2 on $mux $procmux$157.
    dead port 2/2 on $mux $procmux$154.
    dead port 1/2 on $mux $procmux$148.
    dead port 2/2 on $mux $procmux$145.
    dead port 1/2 on $mux $procmux$139.
    dead port 2/2 on $mux $procmux$136.
    dead port 1/2 on $mux $procmux$130.
    dead port 2/2 on $mux $procmux$127.
    dead port 2/2 on $mux $procmux$125.
    dead port 1/2 on $mux $procmux$118.
    dead port 2/2 on $mux $procmux$115.
    dead port 2/2 on $mux $procmux$113.
    dead port 1/2 on $mux $procmux$106.
    dead port 2/2 on $mux $procmux$103.
    dead port 2/2 on $mux $procmux$101.
    dead port 1/2 on $mux $procmux$94.
    dead port 2/2 on $mux $procmux$91.
    dead port 2/2 on $mux $procmux$89.
    dead port 1/2 on $mux $procmux$87.
    dead port 1/2 on $mux $procmux$80.
    dead port 2/2 on $mux $procmux$77.
    dead port 2/2 on $mux $procmux$75.
    dead port 1/2 on $mux $procmux$73.
    dead port 1/2 on $mux $procmux$66.
    dead port 2/2 on $mux $procmux$63.
    dead port 2/2 on $mux $procmux$61.
    dead port 1/2 on $mux $procmux$59.
    dead port 1/2 on $mux $procmux$52.
    dead port 2/2 on $mux $procmux$49.
    dead port 1/2 on $mux $procmux$43.
    dead port 2/2 on $mux $procmux$40.
    dead port 1/2 on $mux $procmux$34.
    dead port 2/2 on $mux $procmux$31.
    dead port 2/2 on $mux $procmux$20.
    dead port 2/2 on $mux $procmux$4006.
    dead port 2/2 on $mux $procmux$4004.
    dead port 2/2 on $mux $procmux$4002.
    dead port 1/2 on $mux $procmux$4000.
    dead port 2/2 on $mux $procmux$3997.
    dead port 2/2 on $mux $procmux$3990.
    dead port 2/2 on $mux $procmux$3988.
    dead port 2/2 on $mux $procmux$3986.
    dead port 1/2 on $mux $procmux$3984.
    dead port 2/2 on $mux $procmux$3981.
    dead port 2/2 on $mux $procmux$3974.
    dead port 2/2 on $mux $procmux$3968.
    dead port 2/2 on $mux $procmux$3962.
    dead port 2/2 on $mux $procmux$3955.
    dead port 2/2 on $mux $procmux$3948.
    dead port 2/2 on $mux $procmux$3120.
    dead port 1/2 on $mux $procmux$4014.
    dead port 1/2 on $mux $procmux$3876.
    dead port 2/2 on $mux $procmux$3122.
    dead port 2/2 on $mux $procmux$4016.
    dead port 1/2 on $mux $procmux$3125.
    dead port 1/2 on $mux $procmux$3870.
    dead port 1/2 on $mux $procmux$3864.
    dead port 1/2 on $mux $procmux$3858.
    dead port 1/2 on $mux $procmux$3852.
    dead port 1/2 on $mux $procmux$3846.
    dead port 1/2 on $mux $procmux$3840.
    dead port 1/2 on $mux $procmux$3834.
    dead port 2/2 on $mux $procmux$4018.
    dead port 1/2 on $mux $procmux$2918.
    dead port 1/2 on $mux $procmux$3828.
    dead port 2/2 on $mux $procmux$3825.
    dead port 1/2 on $mux $procmux$3819.
    dead port 2/2 on $mux $procmux$3816.
    dead port 2/2 on $mux $procmux$3131.
    dead port 2/2 on $mux $procmux$4020.
    dead port 1/2 on $mux $procmux$3134.
    dead port 1/2 on $mux $procmux$3810.
    dead port 2/2 on $mux $procmux$3807.
    dead port 1/2 on $mux $procmux$3801.
    dead port 2/2 on $mux $procmux$3798.
    dead port 1/2 on $mux $procmux$3792.
    dead port 2/2 on $mux $procmux$3789.
    dead port 1/2 on $mux $procmux$3783.
    dead port 2/2 on $mux $procmux$3780.
    dead port 1/2 on $mux $procmux$3774.
    dead port 2/2 on $mux $procmux$3771.
    dead port 2/2 on $mux $procmux$3769.
    dead port 1/2 on $mux $procmux$3114.
    dead port 1/2 on $mux $procmux$3763.
    dead port 2/2 on $mux $procmux$3760.
    dead port 2/2 on $mux $procmux$3758.
    dead port 1/2 on $mux $procmux$3752.
    dead port 2/2 on $mux $procmux$3749.
    dead port 2/2 on $mux $procmux$3747.
    dead port 1/2 on $mux $procmux$3741.
    dead port 2/2 on $mux $procmux$3738.
    dead port 2/2 on $mux $procmux$3736.
    dead port 1/2 on $mux $procmux$4028.
    dead port 1/2 on $mux $procmux$3730.
    dead port 2/2 on $mux $procmux$3727.
    dead port 2/2 on $mux $procmux$3725.
    dead port 1/2 on $mux $procmux$3719.
    dead port 2/2 on $mux $procmux$3716.
    dead port 2/2 on $mux $procmux$3714.
    dead port 2/2 on $mux $procmux$4030.
    dead port 2/2 on $mux $procmux$3140.
    dead port 1/2 on $mux $procmux$3707.
    dead port 2/2 on $mux $procmux$3704.
    dead port 2/2 on $mux $procmux$3702.
    dead port 2/2 on $mux $procmux$3700.
    dead port 1/2 on $mux $procmux$3695.
    dead port 2/2 on $mux $procmux$3692.
    dead port 2/2 on $mux $procmux$2915.
    dead port 1/2 on $mux $procmux$3143.
    dead port 2/2 on $mux $procmux$4032.
    dead port 2/2 on $mux $procmux$3690.
    dead port 2/2 on $mux $procmux$3688.
    dead port 1/2 on $mux $procmux$3683.
    dead port 2/2 on $mux $procmux$3680.
    dead port 2/2 on $mux $procmux$4067.
    dead port 2/2 on $mux $procmux$3678.
    dead port 2/2 on $mux $procmux$4069.
    dead port 1/2 on $mux $procmux$2910.
    dead port 2/2 on $mux $procmux$2907.
    dead port 2/2 on $mux $procmux$4034.
    dead port 1/2 on $mux $procmux$2902.
    dead port 2/2 on $mux $procmux$3676.
    dead port 1/2 on $mux $procmux$3671.
    dead port 2/2 on $mux $procmux$3668.
    dead port 2/2 on $mux $procmux$2899.
    dead port 1/2 on $mux $procmux$3662.
    dead port 1/2 on $mux $procmux$3153.
    dead port 2/2 on $mux $procmux$4042.
    dead port 1/2 on $mux $procmux$3655.
    dead port 2/2 on $mux $procmux$3652.
    dead port 2/2 on $mux $procmux$3611.
    dead port 2/2 on $mux $procmux$3606.
    dead port 2/2 on $mux $procmux$3580.
    dead port 2/2 on $mux $procmux$3556.
    dead port 2/2 on $mux $procmux$3535.
    dead port 2/2 on $mux $procmux$3517.
    dead port 2/2 on $mux $procmux$4044.
    dead port 2/2 on $mux $procmux$3502.
    dead port 2/2 on $mux $procmux$4046.
    dead port 2/2 on $mux $procmux$3490.
    dead port 2/2 on $mux $procmux$3481.
    dead port 2/2 on $mux $procmux$3476.
    dead port 1/2 on $mux $procmux$2894.
    dead port 2/2 on $mux $procmux$3471.
    dead port 2/2 on $mux $procmux$2891.
    dead port 2/2 on $mux $procmux$3466.
    dead port 1/2 on $mux $procmux$2870.
    dead port 2/2 on $mux $procmux$4054.
    dead port 2/2 on $mux $procmux$3439.
    dead port 2/2 on $mux $procmux$3414.
    dead port 2/2 on $mux $procmux$4076.
    dead port 2/2 on $mux $procmux$4078.
    dead port 1/2 on $mux $procmux$2886.
    dead port 2/2 on $mux $procmux$2883.
    dead port 2/2 on $mux $procmux$4056.
    dead port 2/2 on $mux $procmux$3391.
    dead port 2/2 on $mux $procmux$3369.
    dead port 2/2 on $mux $procmux$4058.
    dead port 2/2 on $mux $procmux$3349.
    dead port 2/2 on $mux $procmux$3330.
    dead port 2/2 on $mux $procmux$3313.
    dead port 2/2 on $mux $procmux$3297.
    dead port 2/2 on $mux $procmux$3283.
    dead port 2/2 on $mux $procmux$3270.
    dead port 2/2 on $mux $procmux$4065.
    dead port 2/2 on $mux $procmux$3259.
    dead port 2/2 on $mux $procmux$3249.
    dead port 2/2 on $mux $procmux$3241.
    dead port 2/2 on $mux $procmux$3234.
    dead port 2/2 on $mux $procmux$4085.
    dead port 2/2 on $mux $procmux$4087.
    dead port 2/2 on $mux $procmux$4094.
    dead port 2/2 on $mux $procmux$4096.
    dead port 1/2 on $mux $procmux$2878.
    dead port 2/2 on $mux $procmux$2875.
Removed 914 multiplexer ports.
<suppressed ~1665 debug messages>

24. Executing OPT_REDUCE pass (consolidate $*mux and $reduce_* inputs).
  Optimizing cells in module \wrapper.
    New ctrl vector for $pmux cell $procmux$3076: $auto$opt_reduce.cc:137:opt_pmux$4099
  Optimizing cells in module \wrapper.
Performed a total of 6 changes.

25. Executing OPT_MERGE pass (detect identical cells).
Finding identical cells in module `\wrapper'.
Computing hashes of 781 cells of `\wrapper'.
Finding duplicate cells in `\wrapper'.
Computing hashes of 777 cells of `\wrapper'.
Finding duplicate cells in `\wrapper'.
Computing hashes of 773 cells of `\wrapper'.
Finding duplicate cells in `\wrapper'.
<suppressed ~24 debug messages>
Removed a total of 8 cells.

26. Executing OPT_DFF pass (perform DFF optimizations).
Changing const-value async load to async reset on $driver$digital_domain_inst.spi_regs_inst.cs_sync ($aldff) from module wrapper.
Changing const-value async load to async reset on $driver$digital_domain_inst.spi_regs_inst.sclk_sync ($aldff) from module wrapper.
Changing const-value async load to async reset on $driver$digital_domain_inst.spi_regs_inst.mosi_sync ($aldff) from module wrapper.
Changing const-value async load to async reset on $driver$digital_domain_inst.spi_regs_inst.sclk_d ($aldff) from module wrapper.
Changing const-value async load to async reset on $driver$digital_domain_inst.spi_regs_inst.spi_miso_oe ($aldff) from module wrapper.
Changing const-value async load to async reset on $driver$digital_domain_inst.spi_regs_inst.spi_state ($aldff) from module wrapper.
Changing const-value async load to async reset on $driver$digital_domain_inst.spi_regs_inst.bit_cnt ($aldff) from module wrapper.
Changing const-value async load to async reset on $driver$digital_domain_inst.spi_regs_inst.rw_n ($aldff) from module wrapper.
Changing const-value async load to async reset on $driver$digital_domain_inst.spi_regs_inst.spi_addr ($aldff) from module wrapper.
Changing const-value async load to async reset on $driver$digital_domain_inst.spi_regs_inst.rx_shift ($aldff) from module wrapper.
Changing const-value async load to async reset on $driver$digital_domain_inst.spi_regs_inst.tx_shift ($aldff) from module wrapper.
Changing const-value async load to async reset on $driver$digital_domain_inst.spi_regs_inst.reg_wr_en ($aldff) from module wrapper.
Changing const-value async load to async reset on $driver$digital_domain_inst.spi_regs_inst.reg_wr_addr ($aldff) from module wrapper.
Changing const-value async load to async reset on $driver$digital_domain_inst.spi_regs_inst.reg_wr_data ($aldff) from module wrapper.
Changing const-value async load to async reset on $driver$digital_domain_inst.spi_regs_inst.cfg_f_MEMS_fcw_x ($aldff) from module wrapper.
Changing const-value async load to async reset on $driver$digital_domain_inst.spi_regs_inst.cfg_f_MEMS_fcw_y ($aldff) from module wrapper.
Changing const-value async load to async reset on $driver$digital_domain_inst.spi_regs_inst.cfg_phase0_offset_x ($aldff) from module wrapper.
Changing const-value async load to async reset on $driver$digital_domain_inst.spi_regs_inst.cfg_phase90_offset_x ($aldff) from module wrapper.
Changing const-value async load to async reset on $driver$digital_domain_inst.spi_regs_inst.cfg_phase270_offset_x ($aldff) from module wrapper.
Changing const-value async load to async reset on $driver$digital_domain_inst.spi_regs_inst.cfg_phase0_offset_y ($aldff) from module wrapper.
Changing const-value async load to async reset on $driver$digital_domain_inst.spi_regs_inst.cfg_phase90_offset_y ($aldff) from module wrapper.
Changing const-value async load to async reset on $driver$digital_domain_inst.spi_regs_inst.cfg_phase270_offset_y ($aldff) from module wrapper.
Changing const-value async load to async reset on $driver$digital_domain_inst.spi_regs_inst.boot_complete ($aldff) from module wrapper.
Changing const-value async load to async reset on $driver$digital_domain_inst.spi_regs_inst.cfg_done ($aldff) from module wrapper.
Changing const-value async load to async reset on $driver$digital_domain_inst.spi_regs_inst.phase_offset_imported ($aldff) from module wrapper.
Changing const-value async load to async reset on $driver$digital_domain_inst.spi_regs_inst.soft_rst ($aldff) from module wrapper.
Changing const-value async load to async reset on $driver$digital_domain_inst.state_machine_inst.state_q ($aldff) from module wrapper.
Changing const-value async load to async reset on $driver$digital_domain_inst.wave_controller_x_inst.phase_acc ($aldff) from module wrapper.
Changing const-value async load to async reset on $driver$digital_domain_inst.wave_controller_x_inst.comp_sync0 ($aldff) from module wrapper.
Changing const-value async load to async reset on $driver$digital_domain_inst.wave_controller_x_inst.comp_sync1 ($aldff) from module wrapper.
Changing const-value async load to async reset on $driver$digital_domain_inst.wave_controller_x_inst.comp_sync2 ($aldff) from module wrapper.
Changing const-value async load to async reset on $driver$digital_domain_inst.wave_controller_x_inst.comp_sync3 ($aldff) from module wrapper.
Changing const-value async load to async reset on $driver$digital_domain_inst.wave_controller_x_inst.comp_sync4 ($aldff) from module wrapper.
Changing const-value async load to async reset on $driver$digital_domain_inst.wave_controller_x_inst.cal_done ($aldff) from module wrapper.
Changing const-value async load to async reset on $driver$digital_domain_inst.wave_controller_x_inst.cal_timeout ($aldff) from module wrapper.
Changing const-value async load to async reset on $driver$digital_domain_inst.wave_controller_x_inst.delay_wave_cycle ($aldff) from module wrapper.
Changing const-value async load to async reset on $driver$digital_domain_inst.wave_controller_x_inst.raw_edge1 ($aldff) from module wrapper.
Changing const-value async load to async reset on $driver$digital_domain_inst.wave_controller_x_inst.raw_edge2 ($aldff) from module wrapper.
Changing const-value async load to async reset on $driver$digital_domain_inst.wave_controller_x_inst.raw_edge3 ($aldff) from module wrapper.
Changing const-value async load to async reset on $driver$digital_domain_inst.wave_controller_x_inst.cal_dir ($aldff) from module wrapper.
Changing const-value async load to async reset on $driver$digital_domain_inst.wave_controller_x_inst.wave_cycle_cnt ($aldff) from module wrapper.
Changing const-value async load to async reset on $driver$digital_domain_inst.wave_controller_x_inst.capture_pending ($aldff) from module wrapper.
Changing const-value async load to async reset on $driver$digital_domain_inst.wave_controller_x_inst.capture_step ($aldff) from module wrapper.
Changing const-value async load to async reset on $driver$digital_domain_inst.wave_controller_x_inst.latch_phase90 ($aldff) from module wrapper.
Changing const-value async load to async reset on $driver$digital_domain_inst.wave_controller_x_inst.latch_phase270 ($aldff) from module wrapper.
Changing const-value async load to async reset on $driver$digital_domain_inst.wave_controller_x_inst.latch_error ($aldff) from module wrapper.
Changing const-value async load to async reset on $driver$digital_domain_inst.wave_controller_x_inst.ds_acc ($aldff) from module wrapper.
Changing const-value async load to async reset on $driver$digital_domain_inst.wave_controller_x_inst.ref_ds_acc ($aldff) from module wrapper.
Changing const-value async load to async reset on $driver$digital_domain_inst.wave_controller_x_inst.mems_drv ($aldff) from module wrapper.
Changing const-value async load to async reset on $driver$digital_domain_inst.wave_controller_x_inst.ref_wave ($aldff) from module wrapper.
Changing const-value async load to async reset on $driver$digital_domain_inst.wave_controller_x_inst.cal_burst_armed ($aldff) from module wrapper.
Changing const-value async load to async reset on $driver$digital_domain_inst.wave_controller_x_inst.cal_burst_active ($aldff) from module wrapper.
Changing const-value async load to async reset on $driver$digital_domain_inst.wave_controller_x_inst.cal_burst_count ($aldff) from module wrapper.
Changing const-value async load to async reset on $driver$digital_domain_inst.wave_controller_y_inst.phase_acc ($aldff) from module wrapper.
Changing const-value async load to async reset on $driver$digital_domain_inst.wave_controller_y_inst.comp_sync0 ($aldff) from module wrapper.
Changing const-value async load to async reset on $driver$digital_domain_inst.wave_controller_y_inst.comp_sync1 ($aldff) from module wrapper.
Changing const-value async load to async reset on $driver$digital_domain_inst.wave_controller_y_inst.comp_sync2 ($aldff) from module wrapper.
Changing const-value async load to async reset on $driver$digital_domain_inst.wave_controller_y_inst.comp_sync3 ($aldff) from module wrapper.
Changing const-value async load to async reset on $driver$digital_domain_inst.wave_controller_y_inst.comp_sync4 ($aldff) from module wrapper.
Changing const-value async load to async reset on $driver$digital_domain_inst.wave_controller_y_inst.cal_done ($aldff) from module wrapper.
Changing const-value async load to async reset on $driver$digital_domain_inst.wave_controller_y_inst.cal_timeout ($aldff) from module wrapper.
Changing const-value async load to async reset on $driver$digital_domain_inst.wave_controller_y_inst.delay_wave_cycle ($aldff) from module wrapper.
Changing const-value async load to async reset on $driver$digital_domain_inst.wave_controller_y_inst.raw_edge1 ($aldff) from module wrapper.
Changing const-value async load to async reset on $driver$digital_domain_inst.wave_controller_y_inst.raw_edge2 ($aldff) from module wrapper.
Changing const-value async load to async reset on $driver$digital_domain_inst.wave_controller_y_inst.raw_edge3 ($aldff) from module wrapper.
Changing const-value async load to async reset on $driver$digital_domain_inst.wave_controller_y_inst.cal_dir ($aldff) from module wrapper.
Changing const-value async load to async reset on $driver$digital_domain_inst.wave_controller_y_inst.wave_cycle_cnt ($aldff) from module wrapper.
Changing const-value async load to async reset on $driver$digital_domain_inst.wave_controller_y_inst.capture_pending ($aldff) from module wrapper.
Changing const-value async load to async reset on $driver$digital_domain_inst.wave_controller_y_inst.capture_step ($aldff) from module wrapper.
Changing const-value async load to async reset on $driver$digital_domain_inst.wave_controller_y_inst.latch_phase90 ($aldff) from module wrapper.
Changing const-value async load to async reset on $driver$digital_domain_inst.wave_controller_y_inst.latch_phase270 ($aldff) from module wrapper.
Changing const-value async load to async reset on $driver$digital_domain_inst.wave_controller_y_inst.latch_error ($aldff) from module wrapper.
Changing const-value async load to async reset on $driver$digital_domain_inst.wave_controller_y_inst.ds_acc ($aldff) from module wrapper.
Changing const-value async load to async reset on $driver$digital_domain_inst.wave_controller_y_inst.ref_ds_acc ($aldff) from module wrapper.
Changing const-value async load to async reset on $driver$digital_domain_inst.wave_controller_y_inst.mems_drv ($aldff) from module wrapper.
Changing const-value async load to async reset on $driver$digital_domain_inst.wave_controller_y_inst.ref_wave ($aldff) from module wrapper.
Changing const-value async load to async reset on $driver$digital_domain_inst.wave_controller_y_inst.cal_burst_armed ($aldff) from module wrapper.
Changing const-value async load to async reset on $driver$digital_domain_inst.wave_controller_y_inst.cal_burst_active ($aldff) from module wrapper.
Changing const-value async load to async reset on $driver$digital_domain_inst.wave_controller_y_inst.cal_burst_count ($aldff) from module wrapper.
Changing const-value async load to async reset on $driver$digital_domain_inst.signal_processor_x_inst.comp_pipe ($aldff) from module wrapper.
Changing const-value async load to async reset on $driver$digital_domain_inst.signal_processor_x_inst.s90_pipe ($aldff) from module wrapper.
Changing const-value async load to async reset on $driver$digital_domain_inst.signal_processor_x_inst.s270_pipe ($aldff) from module wrapper.
Changing const-value async load to async reset on $driver$digital_domain_inst.signal_processor_x_inst.latch_phase90_ack ($aldff) from module wrapper.
Changing const-value async load to async reset on $driver$digital_domain_inst.signal_processor_x_inst.latch_phase270_ack ($aldff) from module wrapper.
Changing const-value async load to async reset on $driver$digital_domain_inst.signal_processor_x_inst.dir ($aldff) from module wrapper.
Changing const-value async load to async reset on $driver$digital_domain_inst.signal_processor_x_inst.move_en ($aldff) from module wrapper.
Changing const-value async load to async reset on $driver$digital_domain_inst.signal_processor_x_inst.jitter_flag ($aldff) from module wrapper.
Changing const-value async load to async reset on $driver$digital_domain_inst.signal_processor_x_inst.phase_state ($aldff) from module wrapper.
Changing const-value async load to async reset on $driver$digital_domain_inst.signal_processor_x_inst.votes_in_phase ($aldff) from module wrapper.
Changing const-value async load to async reset on $driver$digital_domain_inst.signal_processor_x_inst.votes_out_phase ($aldff) from module wrapper.
Changing const-value async load to async reset on $driver$digital_domain_inst.signal_processor_x_inst.s90 ($aldff) from module wrapper.
Changing const-value async load to async reset on $driver$digital_domain_inst.signal_processor_x_inst.s90_valid ($aldff) from module wrapper.
Changing const-value async load to async reset on $driver$digital_domain_inst.signal_processor_x_inst.cnt_in ($aldff) from module wrapper.
Changing const-value async load to async reset on $driver$digital_domain_inst.signal_processor_x_inst.cnt_out ($aldff) from module wrapper.
Changing const-value async load to async reset on $driver$digital_domain_inst.signal_processor_x_inst.cycle_count ($aldff) from module wrapper.
Changing const-value async load to async reset on $driver$digital_domain_inst.signal_processor_y_inst.comp_pipe ($aldff) from module wrapper.
Changing const-value async load to async reset on $driver$digital_domain_inst.signal_processor_y_inst.s90_pipe ($aldff) from module wrapper.
Changing const-value async load to async reset on $driver$digital_domain_inst.signal_processor_y_inst.s270_pipe ($aldff) from module wrapper.
Changing const-value async load to async reset on $driver$digital_domain_inst.signal_processor_y_inst.latch_phase90_ack ($aldff) from module wrapper.
Changing const-value async load to async reset on $driver$digital_domain_inst.signal_processor_y_inst.latch_phase270_ack ($aldff) from module wrapper.
Changing const-value async load to async reset on $driver$digital_domain_inst.signal_processor_y_inst.dir ($aldff) from module wrapper.
Changing const-value async load to async reset on $driver$digital_domain_inst.signal_processor_y_inst.move_en ($aldff) from module wrapper.
Changing const-value async load to async reset on $driver$digital_domain_inst.signal_processor_y_inst.jitter_flag ($aldff) from module wrapper.
Changing const-value async load to async reset on $driver$digital_domain_inst.signal_processor_y_inst.phase_state ($aldff) from module wrapper.
Changing const-value async load to async reset on $driver$digital_domain_inst.signal_processor_y_inst.votes_in_phase ($aldff) from module wrapper.
Changing const-value async load to async reset on $driver$digital_domain_inst.signal_processor_y_inst.votes_out_phase ($aldff) from module wrapper.
Changing const-value async load to async reset on $driver$digital_domain_inst.signal_processor_y_inst.s90 ($aldff) from module wrapper.
Changing const-value async load to async reset on $driver$digital_domain_inst.signal_processor_y_inst.s90_valid ($aldff) from module wrapper.
Changing const-value async load to async reset on $driver$digital_domain_inst.signal_processor_y_inst.cnt_in ($aldff) from module wrapper.
Changing const-value async load to async reset on $driver$digital_domain_inst.signal_processor_y_inst.cnt_out ($aldff) from module wrapper.
Changing const-value async load to async reset on $driver$digital_domain_inst.signal_processor_y_inst.cycle_count ($aldff) from module wrapper.

27. Executing OPT_CLEAN pass (remove unused cells and wires).
Finding unused cells or wires in module \wrapper..
Removed 1 unused cells and 1022 unused wires.
<suppressed ~7 debug messages>

28. Executing OPT_EXPR pass (perform const folding).
Optimizing module wrapper.

29. Rerunning OPT passes. (Maybe there is more to do…)

30. Executing OPT_MUXTREE pass (detect dead branches in mux trees).
Running muxtree optimizer on module \wrapper..
  Creating internal representation of mux trees.
  Evaluating internal representation of mux trees.
  Analyzing evaluation results.
Removed 0 multiplexer ports.
<suppressed ~606 debug messages>

31. Executing OPT_REDUCE pass (consolidate $*mux and $reduce_* inputs).
  Optimizing cells in module \wrapper.
    New ctrl vector for $pmux cell $procmux$986: $auto$opt_reduce.cc:137:opt_pmux$4101
    New ctrl vector for $pmux cell $procmux$922: $auto$opt_reduce.cc:137:opt_pmux$4103
    New ctrl vector for $pmux cell $procmux$2536: $auto$opt_reduce.cc:137:opt_pmux$4105
    New ctrl vector for $pmux cell $procmux$2600: $auto$opt_reduce.cc:137:opt_pmux$4107
  Optimizing cells in module \wrapper.
Performed a total of 4 changes.

32. Executing OPT_MERGE pass (detect identical cells).
Finding identical cells in module `\wrapper'.
Computing hashes of 776 cells of `\wrapper'.
Finding duplicate cells in `\wrapper'.
Computing hashes of 774 cells of `\wrapper'.
Finding duplicate cells in `\wrapper'.
<suppressed ~6 debug messages>
Removed a total of 2 cells.

33. Executing OPT_DFF pass (perform DFF optimizations).

34. Executing OPT_CLEAN pass (remove unused cells and wires).
Finding unused cells or wires in module \wrapper..
Removed 0 unused cells and 2 unused wires.
<suppressed ~1 debug messages>

35. Executing OPT_EXPR pass (perform const folding).
Optimizing module wrapper.

36. Rerunning OPT passes. (Maybe there is more to do…)

37. Executing OPT_MUXTREE pass (detect dead branches in mux trees).
Running muxtree optimizer on module \wrapper..
  Creating internal representation of mux trees.
  Evaluating internal representation of mux trees.
  Analyzing evaluation results.
Removed 0 multiplexer ports.
<suppressed ~590 debug messages>

38. Executing OPT_REDUCE pass (consolidate $*mux and $reduce_* inputs).
  Optimizing cells in module \wrapper.
Performed a total of 0 changes.

39. Executing OPT_MERGE pass (detect identical cells).
Finding identical cells in module `\wrapper'.
Computing hashes of 774 cells of `\wrapper'.
Finding duplicate cells in `\wrapper'.
Removed a total of 0 cells.

40. Executing OPT_DFF pass (perform DFF optimizations).

41. Executing OPT_CLEAN pass (remove unused cells and wires).
Finding unused cells or wires in module \wrapper..

42. Executing OPT_EXPR pass (perform const folding).
Optimizing module wrapper.

43. Executing FSM pass (extract and optimize FSM).

43.1. Executing FSM_DETECT pass (finding FSMs in design).
Not marking wrapper.digital_domain_inst.state_machine_inst.state_q as FSM state register:
    Users of register don't seem to benefit from recoding.
Found FSM state register wrapper.digital_domain_inst.wave_controller_x_inst.capture_step.
Found FSM state register wrapper.digital_domain_inst.wave_controller_y_inst.capture_step.

43.2. Executing FSM_EXTRACT pass (extracting FSM from design).
Extracting FSM `\digital_domain_inst.wave_controller_x_inst.capture_step' from module `\wrapper'.
  found $adff cell for state register: $driver$digital_domain_inst.wave_controller_x_inst.capture_step
  root of input selection tree: $digital_domain_inst.wave_controller_x_inst.capture_step$322
  found reset state: 2'00 (from async reset)
  found ctrl input: \digital_domain_inst.spi_regs_inst.soft_rst
  found ctrl input: \digital_domain_inst.cal_start
  found ctrl input: $231y
  found ctrl input: \digital_domain_inst.wave_controller_x_inst.capture_pending
  found ctrl input: \digital_domain_inst.wave_controller_x_inst.window_open
  found ctrl input: $procmux$2081_CMP
  found ctrl input: $212y
  found ctrl input: $237y
  found ctrl input: $236y
  found ctrl input: \digital_domain_inst.wave_controller_x_inst.wave_is_valid
  found state code: 2'10
  found state code: 2'01
  found ctrl output: $212y
  found ctrl output: $procmux$2081_CMP
  ctrl inputs: { $237y $236y $231y \digital_domain_inst.wave_controller_x_inst.wave_is_valid \digital_domain_inst.wave_controller_x_inst.window_open \digital_domain_inst.wave_controller_x_inst.capture_pending \digital_domain_inst.spi_regs_inst.soft_rst \digital_domain_inst.cal_start }
  ctrl outputs: { $procmux$2081_CMP $digital_domain_inst.wave_controller_x_inst.capture_step$322 $212y }
  transition:       2'00 8'------00 ->       2'00 4'0001
  transition:       2'00 8'--0---01 ->       2'00 4'0001
  transition:       2'00 8'--1-0001 ->       2'00 4'0001
  transition:       2'00 8'-01-1001 ->       2'00 4'0001
  transition:       2'00 8'-1101001 ->       2'00 4'0001
  transition:       2'00 8'-1111001 ->       2'01 4'0011
  transition:       2'00 8'0-1--101 ->       2'00 4'0001
  transition:       2'00 8'1-1--101 ->       2'00 4'0001
  transition:       2'00 8'------1- ->       2'00 4'0001
  transition:       2'10 8'------00 ->       2'10 4'0100
  transition:       2'10 8'--0---01 ->       2'10 4'0100
  transition:       2'10 8'--1-0001 ->       2'00 4'0000
  transition:       2'10 8'0-1-1001 ->       2'10 4'0100
  transition:       2'10 8'1-1-1001 ->       2'00 4'0000
  transition:       2'10 8'0-1--101 ->       2'10 4'0100
  transition:       2'10 8'1-1--101 ->       2'00 4'0000
  transition:       2'10 8'------1- ->       2'00 4'0000
  transition:       2'01 8'------00 ->       2'01 4'1010
  transition:       2'01 8'--0---01 ->       2'01 4'1010
  transition:       2'01 8'--1-0001 ->       2'00 4'1000
  transition:       2'01 8'-01-1001 ->       2'01 4'1010
  transition:       2'01 8'-1101001 ->       2'00 4'1000
  transition:       2'01 8'-1111001 ->       2'10 4'1100
  transition:       2'01 8'0-1--101 ->       2'01 4'1010
  transition:       2'01 8'1-1--101 ->       2'00 4'1000
  transition:       2'01 8'------1- ->       2'00 4'1000
Extracting FSM `\digital_domain_inst.wave_controller_y_inst.capture_step' from module `\wrapper'.
  found $adff cell for state register: $driver$digital_domain_inst.wave_controller_y_inst.capture_step
  root of input selection tree: $digital_domain_inst.wave_controller_y_inst.capture_step$607
  found reset state: 2'00 (from async reset)
  found ctrl input: \digital_domain_inst.spi_regs_inst.soft_rst
  found ctrl input: \digital_domain_inst.wave_controller_y_inst.cal_start
  found ctrl input: $516y
  found ctrl input: \digital_domain_inst.wave_controller_y_inst.capture_pending
  found ctrl input: \digital_domain_inst.wave_controller_y_inst.window_open
  found ctrl input: $procmux$1004_CMP
  found ctrl input: $497y
  found ctrl input: $522y
  found ctrl input: $521y
  found ctrl input: \digital_domain_inst.wave_controller_y_inst.wave_is_valid
  found state code: 2'10
  found state code: 2'01
  found ctrl output: $497y
  found ctrl output: $procmux$1004_CMP
  ctrl inputs: { $522y $521y $516y \digital_domain_inst.wave_controller_y_inst.wave_is_valid \digital_domain_inst.wave_controller_y_inst.window_open \digital_domain_inst.wave_controller_y_inst.capture_pending \digital_domain_inst.wave_controller_y_inst.cal_start \digital_domain_inst.spi_regs_inst.soft_rst }
  ctrl outputs: { $procmux$1004_CMP $digital_domain_inst.wave_controller_y_inst.capture_step$607 $497y }
  transition:       2'00 8'------00 ->       2'00 4'0001
  transition:       2'00 8'--0---10 ->       2'00 4'0001
  transition:       2'00 8'--1-0010 ->       2'00 4'0001
  transition:       2'00 8'-01-1010 ->       2'00 4'0001
  transition:       2'00 8'-1101010 ->       2'00 4'0001
  transition:       2'00 8'-1111010 ->       2'01 4'0011
  transition:       2'00 8'0-1--110 ->       2'00 4'0001
  transition:       2'00 8'1-1--110 ->       2'00 4'0001
  transition:       2'00 8'-------1 ->       2'00 4'0001
  transition:       2'10 8'------00 ->       2'10 4'0100
  transition:       2'10 8'--0---10 ->       2'10 4'0100
  transition:       2'10 8'--1-0010 ->       2'00 4'0000
  transition:       2'10 8'0-1-1010 ->       2'10 4'0100
  transition:       2'10 8'1-1-1010 ->       2'00 4'0000
  transition:       2'10 8'0-1--110 ->       2'10 4'0100
  transition:       2'10 8'1-1--110 ->       2'00 4'0000
  transition:       2'10 8'-------1 ->       2'00 4'0000
  transition:       2'01 8'------00 ->       2'01 4'1010
  transition:       2'01 8'--0---10 ->       2'01 4'1010
  transition:       2'01 8'--1-0010 ->       2'00 4'1000
  transition:       2'01 8'-01-1010 ->       2'01 4'1010
  transition:       2'01 8'-1101010 ->       2'00 4'1000
  transition:       2'01 8'-1111010 ->       2'10 4'1100
  transition:       2'01 8'0-1--110 ->       2'01 4'1010
  transition:       2'01 8'1-1--110 ->       2'00 4'1000
  transition:       2'01 8'-------1 ->       2'00 4'1000

43.3. Executing FSM_OPT pass (simple optimizations of FSMs).
Optimizing FSM `$fsm$\digital_domain_inst.wave_controller_y_inst.capture_step$4112' from module `\wrapper'.
  Merging pattern 8'0-1--110 and 8'1-1--110 from group (0 0 4'0001).
  Merging pattern 8'1-1--110 and 8'0-1--110 from group (0 0 4'0001).
Optimizing FSM `$fsm$\digital_domain_inst.wave_controller_x_inst.capture_step$4108' from module `\wrapper'.
  Merging pattern 8'0-1--101 and 8'1-1--101 from group (0 0 4'0001).
  Merging pattern 8'1-1--101 and 8'0-1--101 from group (0 0 4'0001).

43.4. Executing OPT_CLEAN pass (remove unused cells and wires).
Finding unused cells or wires in module \wrapper..
Removed 28 unused cells and 28 unused wires.
<suppressed ~29 debug messages>

43.5. Executing FSM_OPT pass (simple optimizations of FSMs).
Optimizing FSM `$fsm$\digital_domain_inst.wave_controller_y_inst.capture_step$4112' from module `\wrapper'.
  Removing unused output signal $digital_domain_inst.wave_controller_y_inst.capture_step$607 [0].
  Removing unused output signal $digital_domain_inst.wave_controller_y_inst.capture_step$607 [1].
Optimizing FSM `$fsm$\digital_domain_inst.wave_controller_x_inst.capture_step$4108' from module `\wrapper'.
  Removing unused output signal $digital_domain_inst.wave_controller_x_inst.capture_step$322 [0].
  Removing unused output signal $digital_domain_inst.wave_controller_x_inst.capture_step$322 [1].

43.6. Executing FSM_RECODE pass (re-assigning FSM state encoding).
Recoding FSM `$fsm$\digital_domain_inst.wave_controller_y_inst.capture_step$4112' from module `\wrapper' using `auto' encoding:
  mapping auto encoding to `one-hot` for this FSM.
  00 -> --1
  10 -> -1-
  01 -> 1--
Recoding FSM `$fsm$\digital_domain_inst.wave_controller_x_inst.capture_step$4108' from module `\wrapper' using `auto' encoding:
  mapping auto encoding to `one-hot` for this FSM.
  00 -> --1
  10 -> -1-
  01 -> 1--

43.7. Executing FSM_INFO pass (dumping all available information on FSM cells).

FSM `$fsm$\digital_domain_inst.wave_controller_y_inst.capture_step$4112' from module `wrapper':
-------------------------------------

  Information on FSM $fsm$\digital_domain_inst.wave_controller_y_inst.capture_step$4112 (\digital_domain_inst.wave_controller_y_inst.capture_step):

  Number of input signals:    8
  Number of output signals:   2
  Number of state bits:       3

  Input signals:
    0: \digital_domain_inst.spi_regs_inst.soft_rst
    1: \digital_domain_inst.wave_controller_y_inst.cal_start
    2: \digital_domain_inst.wave_controller_y_inst.capture_pending
    3: \digital_domain_inst.wave_controller_y_inst.window_open
    4: \digital_domain_inst.wave_controller_y_inst.wave_is_valid
    5: $516y
    6: $521y
    7: $522y

  Output signals:
    0: $497y
    1: $procmux$1004_CMP

  State encoding:
    0:      3'--1  <RESET STATE>
    1:      3'-1-
    2:      3'1--

  Transition Table (state_in, ctrl_in, state_out, ctrl_out):
      0:     0 8'------00   ->     0 2'01
      1:     0 8'--1-0010   ->     0 2'01
      2:     0 8'-1101010   ->     0 2'01
      3:     0 8'-01-1010   ->     0 2'01
      4:     0 8'--1--110   ->     0 2'01
      5:     0 8'--0---10   ->     0 2'01
      6:     0 8'-------1   ->     0 2'01
      7:     0 8'-1111010   ->     2 2'01
      8:     1 8'--1-0010   ->     0 2'00
      9:     1 8'1-1-1010   ->     0 2'00
     10:     1 8'1-1--110   ->     0 2'00
     11:     1 8'-------1   ->     0 2'00
     12:     1 8'------00   ->     1 2'00
     13:     1 8'0-1-1010   ->     1 2'00
     14:     1 8'0-1--110   ->     1 2'00
     15:     1 8'--0---10   ->     1 2'00
     16:     2 8'--1-0010   ->     0 2'10
     17:     2 8'-1101010   ->     0 2'10
     18:     2 8'1-1--110   ->     0 2'10
     19:     2 8'-------1   ->     0 2'10
     20:     2 8'-1111010   ->     1 2'10
     21:     2 8'------00   ->     2 2'10
     22:     2 8'-01-1010   ->     2 2'10
     23:     2 8'0-1--110   ->     2 2'10
     24:     2 8'--0---10   ->     2 2'10

-------------------------------------

FSM `$fsm$\digital_domain_inst.wave_controller_x_inst.capture_step$4108' from module `wrapper':
-------------------------------------

  Information on FSM $fsm$\digital_domain_inst.wave_controller_x_inst.capture_step$4108 (\digital_domain_inst.wave_controller_x_inst.capture_step):

  Number of input signals:    8
  Number of output signals:   2
  Number of state bits:       3

  Input signals:
    0: \digital_domain_inst.cal_start
    1: \digital_domain_inst.spi_regs_inst.soft_rst
    2: \digital_domain_inst.wave_controller_x_inst.capture_pending
    3: \digital_domain_inst.wave_controller_x_inst.window_open
    4: \digital_domain_inst.wave_controller_x_inst.wave_is_valid
    5: $231y
    6: $236y
    7: $237y

  Output signals:
    0: $212y
    1: $procmux$2081_CMP

  State encoding:
    0:      3'--1  <RESET STATE>
    1:      3'-1-
    2:      3'1--

  Transition Table (state_in, ctrl_in, state_out, ctrl_out):
      0:     0 8'------00   ->     0 2'01
      1:     0 8'--1-0001   ->     0 2'01
      2:     0 8'-1101001   ->     0 2'01
      3:     0 8'-01-1001   ->     0 2'01
      4:     0 8'--1--101   ->     0 2'01
      5:     0 8'--0---01   ->     0 2'01
      6:     0 8'------1-   ->     0 2'01
      7:     0 8'-1111001   ->     2 2'01
      8:     1 8'--1-0001   ->     0 2'00
      9:     1 8'1-1-1001   ->     0 2'00
     10:     1 8'1-1--101   ->     0 2'00
     11:     1 8'------1-   ->     0 2'00
     12:     1 8'------00   ->     1 2'00
     13:     1 8'0-1-1001   ->     1 2'00
     14:     1 8'0-1--101   ->     1 2'00
     15:     1 8'--0---01   ->     1 2'00
     16:     2 8'--1-0001   ->     0 2'10
     17:     2 8'-1101001   ->     0 2'10
     18:     2 8'1-1--101   ->     0 2'10
     19:     2 8'------1-   ->     0 2'10
     20:     2 8'-1111001   ->     1 2'10
     21:     2 8'------00   ->     2 2'10
     22:     2 8'-01-1001   ->     2 2'10
     23:     2 8'0-1--101   ->     2 2'10
     24:     2 8'--0---01   ->     2 2'10

-------------------------------------

43.8. Executing FSM_MAP pass (mapping FSMs to basic logic).
Mapping FSM `$fsm$\digital_domain_inst.wave_controller_y_inst.capture_step$4112' from module `\wrapper'.
Mapping FSM `$fsm$\digital_domain_inst.wave_controller_x_inst.capture_step$4108' from module `\wrapper'.

44. Executing OPT_EXPR pass (perform const folding).
Optimizing module wrapper.
<suppressed ~8 debug messages>

45. Executing OPT_MERGE pass (detect identical cells).
Finding identical cells in module `\wrapper'.
Computing hashes of 824 cells of `\wrapper'.
Finding duplicate cells in `\wrapper'.
Computing hashes of 808 cells of `\wrapper'.
Finding duplicate cells in `\wrapper'.
<suppressed ~48 debug messages>
Removed a total of 16 cells.

46. Executing OPT_MUXTREE pass (detect dead branches in mux trees).
Running muxtree optimizer on module \wrapper..
  Creating internal representation of mux trees.
  Evaluating internal representation of mux trees.
  Analyzing evaluation results.
Removed 0 multiplexer ports.
<suppressed ~556 debug messages>

47. Executing OPT_REDUCE pass (consolidate $*mux and $reduce_* inputs).
  Optimizing cells in module \wrapper.
Performed a total of 0 changes.

48. Executing OPT_MERGE pass (detect identical cells).
Finding identical cells in module `\wrapper'.
Computing hashes of 808 cells of `\wrapper'.
Finding duplicate cells in `\wrapper'.
Removed a total of 0 cells.

49. Executing OPT_DFF pass (perform DFF optimizations).
Adding EN signal on $driver$digital_domain_inst.wave_controller_y_inst.wave_cycle_cnt ($adff) from module wrapper (D = $digital_domain_inst.wave_controller_y_inst.wave_cycle_cnt$605, Q = \digital_domain_inst.wave_controller_y_inst.wave_cycle_cnt).
Adding EN signal on $driver$digital_domain_inst.wave_controller_y_inst.raw_edge3 ($adff) from module wrapper (D = $digital_domain_inst.wave_controller_y_inst.raw_edge3$603, Q = \digital_domain_inst.wave_controller_y_inst.raw_edge3).
Adding EN signal on $driver$digital_domain_inst.wave_controller_y_inst.raw_edge2 ($adff) from module wrapper (D = $digital_domain_inst.wave_controller_y_inst.raw_edge2$602, Q = \digital_domain_inst.wave_controller_y_inst.raw_edge2).
Adding EN signal on $driver$digital_domain_inst.wave_controller_y_inst.raw_edge1 ($adff) from module wrapper (D = $digital_domain_inst.wave_controller_y_inst.raw_edge1$601, Q = \digital_domain_inst.wave_controller_y_inst.raw_edge1).
Adding EN signal on $driver$digital_domain_inst.wave_controller_y_inst.phase_acc ($adff) from module wrapper (D = $digital_domain_inst.wave_controller_y_inst.phase_acc$479, Q = \digital_domain_inst.wave_controller_y_inst.phase_acc).
Adding EN signal on $driver$digital_domain_inst.wave_controller_y_inst.latch_phase90 ($adff) from module wrapper (D = $digital_domain_inst.wave_controller_y_inst.latch_phase90$645, Q = \digital_domain_inst.wave_controller_y_inst.latch_phase90).
Adding EN signal on $driver$digital_domain_inst.wave_controller_y_inst.latch_phase270 ($adff) from module wrapper (D = $digital_domain_inst.wave_controller_y_inst.latch_phase270$646, Q = \digital_domain_inst.wave_controller_y_inst.latch_phase270).
Adding EN signal on $driver$digital_domain_inst.wave_controller_y_inst.latch_error ($adff) from module wrapper (D = $digital_domain_inst.wave_controller_y_inst.latch_error$647, Q = \digital_domain_inst.wave_controller_y_inst.latch_error).
Adding EN signal on $driver$digital_domain_inst.wave_controller_y_inst.delay_wave_cycle ($adff) from module wrapper (D = $digital_domain_inst.wave_controller_y_inst.delay_wave_cycle$600, Q = \digital_domain_inst.wave_controller_y_inst.delay_wave_cycle).
Adding EN signal on $driver$digital_domain_inst.wave_controller_y_inst.capture_pending ($adff) from module wrapper (D = $digital_domain_inst.wave_controller_y_inst.capture_pending$606, Q = \digital_domain_inst.wave_controller_y_inst.capture_pending).
Adding EN signal on $driver$digital_domain_inst.wave_controller_y_inst.cal_timeout ($adff) from module wrapper (D = $digital_domain_inst.wave_controller_y_inst.cal_timeout$599, Q = \digital_domain_inst.wave_controller_y_inst.cal_timeout).
Adding EN signal on $driver$digital_domain_inst.wave_controller_y_inst.cal_done ($adff) from module wrapper (D = $digital_domain_inst.wave_controller_y_inst.cal_done$598, Q = \digital_domain_inst.wave_controller_y_inst.cal_done).
Adding EN signal on $driver$digital_domain_inst.wave_controller_y_inst.cal_dir ($adff) from module wrapper (D = $digital_domain_inst.wave_controller_y_inst.cal_dir$604, Q = \digital_domain_inst.wave_controller_y_inst.cal_dir).
Adding EN signal on $driver$digital_domain_inst.wave_controller_y_inst.cal_burst_count ($adff) from module wrapper (D = $digital_domain_inst.wave_controller_y_inst.cal_burst_count$724, Q = \digital_domain_inst.wave_controller_y_inst.cal_burst_count).
Adding EN signal on $driver$digital_domain_inst.wave_controller_y_inst.cal_burst_armed ($adff) from module wrapper (D = $digital_domain_inst.wave_controller_y_inst.cal_burst_armed$722, Q = \digital_domain_inst.wave_controller_y_inst.cal_burst_armed).
Adding EN signal on $driver$digital_domain_inst.wave_controller_y_inst.cal_burst_active ($adff) from module wrapper (D = $digital_domain_inst.wave_controller_y_inst.cal_burst_active$723, Q = \digital_domain_inst.wave_controller_y_inst.cal_burst_active).
Adding EN signal on $driver$digital_domain_inst.wave_controller_x_inst.wave_cycle_cnt ($adff) from module wrapper (D = $digital_domain_inst.wave_controller_x_inst.wave_cycle_cnt$320, Q = \digital_domain_inst.wave_controller_x_inst.wave_cycle_cnt).
Adding EN signal on $driver$digital_domain_inst.wave_controller_x_inst.raw_edge3 ($adff) from module wrapper (D = $digital_domain_inst.wave_controller_x_inst.raw_edge3$318, Q = \digital_domain_inst.wave_controller_x_inst.raw_edge3).
Adding EN signal on $driver$digital_domain_inst.wave_controller_x_inst.raw_edge2 ($adff) from module wrapper (D = $digital_domain_inst.wave_controller_x_inst.raw_edge2$317, Q = \digital_domain_inst.wave_controller_x_inst.raw_edge2).
Adding EN signal on $driver$digital_domain_inst.wave_controller_x_inst.raw_edge1 ($adff) from module wrapper (D = $digital_domain_inst.wave_controller_x_inst.raw_edge1$316, Q = \digital_domain_inst.wave_controller_x_inst.raw_edge1).
Adding EN signal on $driver$digital_domain_inst.wave_controller_x_inst.phase_acc ($adff) from module wrapper (D = $digital_domain_inst.wave_controller_x_inst.phase_acc$194, Q = \digital_domain_inst.wave_controller_x_inst.phase_acc).
Adding EN signal on $driver$digital_domain_inst.wave_controller_x_inst.latch_phase90 ($adff) from module wrapper (D = $digital_domain_inst.wave_controller_x_inst.latch_phase90$360, Q = \digital_domain_inst.wave_controller_x_inst.latch_phase90).
Adding EN signal on $driver$digital_domain_inst.wave_controller_x_inst.latch_phase270 ($adff) from module wrapper (D = $digital_domain_inst.wave_controller_x_inst.latch_phase270$361, Q = \digital_domain_inst.wave_controller_x_inst.latch_phase270).
Adding EN signal on $driver$digital_domain_inst.wave_controller_x_inst.latch_error ($adff) from module wrapper (D = $digital_domain_inst.wave_controller_x_inst.latch_error$362, Q = \digital_domain_inst.wave_controller_x_inst.latch_error).
Adding EN signal on $driver$digital_domain_inst.wave_controller_x_inst.delay_wave_cycle ($adff) from module wrapper (D = $digital_domain_inst.wave_controller_x_inst.delay_wave_cycle$315, Q = \digital_domain_inst.wave_controller_x_inst.delay_wave_cycle).
Adding EN signal on $driver$digital_domain_inst.wave_controller_x_inst.capture_pending ($adff) from module wrapper (D = $digital_domain_inst.wave_controller_x_inst.capture_pending$321, Q = \digital_domain_inst.wave_controller_x_inst.capture_pending).
Adding EN signal on $driver$digital_domain_inst.wave_controller_x_inst.cal_timeout ($adff) from module wrapper (D = $digital_domain_inst.wave_controller_x_inst.cal_timeout$314, Q = \digital_domain_inst.wave_controller_x_inst.cal_timeout).
Adding EN signal on $driver$digital_domain_inst.wave_controller_x_inst.cal_done ($adff) from module wrapper (D = $digital_domain_inst.wave_controller_x_inst.cal_done$313, Q = \digital_domain_inst.wave_controller_x_inst.cal_done).
Adding EN signal on $driver$digital_domain_inst.wave_controller_x_inst.cal_dir ($adff) from module wrapper (D = $digital_domain_inst.wave_controller_x_inst.cal_dir$319, Q = \digital_domain_inst.wave_controller_x_inst.cal_dir).
Adding EN signal on $driver$digital_domain_inst.wave_controller_x_inst.cal_burst_count ($adff) from module wrapper (D = $digital_domain_inst.wave_controller_x_inst.cal_burst_count$439, Q = \digital_domain_inst.wave_controller_x_inst.cal_burst_count).
Adding EN signal on $driver$digital_domain_inst.wave_controller_x_inst.cal_burst_armed ($adff) from module wrapper (D = $digital_domain_inst.wave_controller_x_inst.cal_burst_armed$437, Q = \digital_domain_inst.wave_controller_x_inst.cal_burst_armed).
Adding EN signal on $driver$digital_domain_inst.wave_controller_x_inst.cal_burst_active ($adff) from module wrapper (D = $digital_domain_inst.wave_controller_x_inst.cal_burst_active$438, Q = \digital_domain_inst.wave_controller_x_inst.cal_burst_active).
Adding EN signal on $driver$digital_domain_inst.state_machine_inst.state_q ($adff) from module wrapper (D = \digital_domain_inst.state_machine_inst.state_d, Q = \digital_domain_inst.state_machine_inst.state_q).
Adding EN signal on $driver$digital_domain_inst.spi_regs_inst.tx_shift ($adff) from module wrapper (D = $digital_domain_inst.spi_regs_inst.tx_shift$63, Q = \digital_domain_inst.spi_regs_inst.tx_shift).
Adding EN signal on $driver$digital_domain_inst.spi_regs_inst.spi_state ($adff) from module wrapper (D = $digital_domain_inst.spi_regs_inst.spi_state$65, Q = \digital_domain_inst.spi_regs_inst.spi_state).
Adding EN signal on $driver$digital_domain_inst.spi_regs_inst.spi_addr ($adff) from module wrapper (D = $digital_domain_inst.spi_regs_inst.spi_addr$40, Q = \digital_domain_inst.spi_regs_inst.spi_addr).
Adding EN signal on $driver$digital_domain_inst.spi_regs_inst.rx_shift ($adff) from module wrapper (D = { \digital_domain_inst.spi_regs_inst.rx_shift [6:0] \digital_domain_inst.spi_regs_inst.mosi_sync [1] }, Q = \digital_domain_inst.spi_regs_inst.rx_shift).
Adding EN signal on $driver$digital_domain_inst.spi_regs_inst.rw_n ($adff) from module wrapper (D = \digital_domain_inst.spi_regs_inst.rx_shift [6], Q = \digital_domain_inst.spi_regs_inst.rw_n).
Adding EN signal on $driver$digital_domain_inst.spi_regs_inst.reg_wr_data ($adff) from module wrapper (D = { \digital_domain_inst.spi_regs_inst.rx_shift [6:0] \digital_domain_inst.spi_regs_inst.mosi_sync [1] }, Q = \digital_domain_inst.spi_regs_inst.reg_wr_data).
Adding EN signal on $driver$digital_domain_inst.spi_regs_inst.reg_wr_addr ($adff) from module wrapper (D = \digital_domain_inst.spi_regs_inst.spi_addr, Q = \digital_domain_inst.spi_regs_inst.reg_wr_addr).
Adding EN signal on $driver$digital_domain_inst.spi_regs_inst.phase_offset_imported ($adff) from module wrapper (D = \digital_domain_inst.spi_regs_inst.reg_wr_data [2], Q = \digital_domain_inst.spi_regs_inst.phase_offset_imported).
Adding EN signal on $driver$digital_domain_inst.spi_regs_inst.cfg_phase90_offset_y ($adff) from module wrapper (D = \digital_domain_inst.spi_regs_inst.reg_wr_data, Q = \digital_domain_inst.spi_regs_inst.cfg_phase90_offset_y [15:8]).
Adding EN signal on $driver$digital_domain_inst.spi_regs_inst.cfg_phase90_offset_y ($adff) from module wrapper (D = \digital_domain_inst.spi_regs_inst.reg_wr_data, Q = \digital_domain_inst.spi_regs_inst.cfg_phase90_offset_y [7:0]).
Adding EN signal on $driver$digital_domain_inst.spi_regs_inst.cfg_phase90_offset_y ($adff) from module wrapper (D = \digital_domain_inst.spi_regs_inst.reg_wr_data [4:0], Q = \digital_domain_inst.spi_regs_inst.cfg_phase90_offset_y [20:16]).
Adding EN signal on $driver$digital_domain_inst.spi_regs_inst.cfg_phase90_offset_x ($adff) from module wrapper (D = \digital_domain_inst.spi_regs_inst.reg_wr_data, Q = \digital_domain_inst.spi_regs_inst.cfg_phase90_offset_x [15:8]).
Adding EN signal on $driver$digital_domain_inst.spi_regs_inst.cfg_phase90_offset_x ($adff) from module wrapper (D = \digital_domain_inst.spi_regs_inst.reg_wr_data, Q = \digital_domain_inst.spi_regs_inst.cfg_phase90_offset_x [7:0]).
Adding EN signal on $driver$digital_domain_inst.spi_regs_inst.cfg_phase90_offset_x ($adff) from module wrapper (D = \digital_domain_inst.spi_regs_inst.reg_wr_data [4:0], Q = \digital_domain_inst.spi_regs_inst.cfg_phase90_offset_x [20:16]).
Adding EN signal on $driver$digital_domain_inst.spi_regs_inst.cfg_phase270_offset_y ($adff) from module wrapper (D = \digital_domain_inst.spi_regs_inst.reg_wr_data [4:0], Q = \digital_domain_inst.spi_regs_inst.cfg_phase270_offset_y [20:16]).
Adding EN signal on $driver$digital_domain_inst.spi_regs_inst.cfg_phase270_offset_y ($adff) from module wrapper (D = \digital_domain_inst.spi_regs_inst.reg_wr_data, Q = \digital_domain_inst.spi_regs_inst.cfg_phase270_offset_y [15:8]).
Adding EN signal on $driver$digital_domain_inst.spi_regs_inst.cfg_phase270_offset_y ($adff) from module wrapper (D = \digital_domain_inst.spi_regs_inst.reg_wr_data, Q = \digital_domain_inst.spi_regs_inst.cfg_phase270_offset_y [7:0]).
Adding EN signal on $driver$digital_domain_inst.spi_regs_inst.cfg_phase270_offset_x ($adff) from module wrapper (D = \digital_domain_inst.spi_regs_inst.reg_wr_data, Q = \digital_domain_inst.spi_regs_inst.cfg_phase270_offset_x [15:8]).
Adding EN signal on $driver$digital_domain_inst.spi_regs_inst.cfg_phase270_offset_x ($adff) from module wrapper (D = \digital_domain_inst.spi_regs_inst.reg_wr_data, Q = \digital_domain_inst.spi_regs_inst.cfg_phase270_offset_x [7:0]).
Adding EN signal on $driver$digital_domain_inst.spi_regs_inst.cfg_phase270_offset_x ($adff) from module wrapper (D = \digital_domain_inst.spi_regs_inst.reg_wr_data [4:0], Q = \digital_domain_inst.spi_regs_inst.cfg_phase270_offset_x [20:16]).
Adding EN signal on $driver$digital_domain_inst.spi_regs_inst.cfg_phase0_offset_y ($adff) from module wrapper (D = \digital_domain_inst.spi_regs_inst.reg_wr_data, Q = \digital_domain_inst.spi_regs_inst.cfg_phase0_offset_y [15:8]).
Adding EN signal on $driver$digital_domain_inst.spi_regs_inst.cfg_phase0_offset_y ($adff) from module wrapper (D = \digital_domain_inst.spi_regs_inst.reg_wr_data, Q = \digital_domain_inst.spi_regs_inst.cfg_phase0_offset_y [7:0]).
Adding EN signal on $driver$digital_domain_inst.spi_regs_inst.cfg_phase0_offset_y ($adff) from module wrapper (D = \digital_domain_inst.spi_regs_inst.reg_wr_data [4:0], Q = \digital_domain_inst.spi_regs_inst.cfg_phase0_offset_y [20:16]).
Adding EN signal on $driver$digital_domain_inst.spi_regs_inst.cfg_phase0_offset_x ($adff) from module wrapper (D = \digital_domain_inst.spi_regs_inst.reg_wr_data, Q = \digital_domain_inst.spi_regs_inst.cfg_phase0_offset_x [15:8]).
Adding EN signal on $driver$digital_domain_inst.spi_regs_inst.cfg_phase0_offset_x ($adff) from module wrapper (D = \digital_domain_inst.spi_regs_inst.reg_wr_data, Q = \digital_domain_inst.spi_regs_inst.cfg_phase0_offset_x [7:0]).
Adding EN signal on $driver$digital_domain_inst.spi_regs_inst.cfg_phase0_offset_x ($adff) from module wrapper (D = \digital_domain_inst.spi_regs_inst.reg_wr_data [4:0], Q = \digital_domain_inst.spi_regs_inst.cfg_phase0_offset_x [20:16]).
Adding EN signal on $driver$digital_domain_inst.spi_regs_inst.cfg_f_MEMS_fcw_y ($adff) from module wrapper (D = \digital_domain_inst.spi_regs_inst.reg_wr_data, Q = \digital_domain_inst.spi_regs_inst.cfg_f_MEMS_fcw_y [7:0]).
Adding EN signal on $driver$digital_domain_inst.spi_regs_inst.cfg_f_MEMS_fcw_y ($adff) from module wrapper (D = \digital_domain_inst.spi_regs_inst.reg_wr_data, Q = \digital_domain_inst.spi_regs_inst.cfg_f_MEMS_fcw_y [15:8]).
Adding EN signal on $driver$digital_domain_inst.spi_regs_inst.cfg_f_MEMS_fcw_x ($adff) from module wrapper (D = \digital_domain_inst.spi_regs_inst.reg_wr_data, Q = \digital_domain_inst.spi_regs_inst.cfg_f_MEMS_fcw_x [7:0]).
Adding EN signal on $driver$digital_domain_inst.spi_regs_inst.cfg_f_MEMS_fcw_x ($adff) from module wrapper (D = \digital_domain_inst.spi_regs_inst.reg_wr_data, Q = \digital_domain_inst.spi_regs_inst.cfg_f_MEMS_fcw_x [15:8]).
Adding EN signal on $driver$digital_domain_inst.spi_regs_inst.cfg_done ($adff) from module wrapper (D = \digital_domain_inst.spi_regs_inst.reg_wr_data [1], Q = \digital_domain_inst.spi_regs_inst.cfg_done).
Adding EN signal on $driver$digital_domain_inst.spi_regs_inst.boot_complete ($adff) from module wrapper (D = \digital_domain_inst.spi_regs_inst.reg_wr_data [0], Q = \digital_domain_inst.spi_regs_inst.boot_complete).
Adding EN signal on $driver$digital_domain_inst.spi_regs_inst.bit_cnt ($adff) from module wrapper (D = $digital_domain_inst.spi_regs_inst.bit_cnt$66, Q = \digital_domain_inst.spi_regs_inst.bit_cnt).
Adding EN signal on $driver$digital_domain_inst.signal_processor_y_inst.votes_out_phase ($adff) from module wrapper (D = $digital_domain_inst.signal_processor_y_inst.votes_out_phase$901, Q = \digital_domain_inst.signal_processor_y_inst.votes_out_phase).
Adding EN signal on $driver$digital_domain_inst.signal_processor_y_inst.votes_in_phase ($adff) from module wrapper (D = $digital_domain_inst.signal_processor_y_inst.votes_in_phase$900, Q = \digital_domain_inst.signal_processor_y_inst.votes_in_phase).
Adding EN signal on $driver$digital_domain_inst.signal_processor_y_inst.s90_valid ($adff) from module wrapper (D = $digital_domain_inst.signal_processor_y_inst.s90_valid$903, Q = \digital_domain_inst.signal_processor_y_inst.s90_valid).
Adding EN signal on $driver$digital_domain_inst.signal_processor_y_inst.s90 ($adff) from module wrapper (D = $digital_domain_inst.signal_processor_y_inst.s90$902, Q = \digital_domain_inst.signal_processor_y_inst.s90).
Adding EN signal on $driver$digital_domain_inst.signal_processor_y_inst.phase_state ($adff) from module wrapper (D = $digital_domain_inst.signal_processor_y_inst.phase_state$899, Q = \digital_domain_inst.signal_processor_y_inst.phase_state).
Adding EN signal on $driver$digital_domain_inst.signal_processor_y_inst.move_en ($adff) from module wrapper (D = $digital_domain_inst.signal_processor_y_inst.move_en$897, Q = \digital_domain_inst.signal_processor_y_inst.move_en).
Adding EN signal on $driver$digital_domain_inst.signal_processor_y_inst.jitter_flag ($adff) from module wrapper (D = $digital_domain_inst.signal_processor_y_inst.jitter_flag$898, Q = \digital_domain_inst.signal_processor_y_inst.jitter_flag).
Adding EN signal on $driver$digital_domain_inst.signal_processor_y_inst.dir ($adff) from module wrapper (D = $digital_domain_inst.signal_processor_y_inst.dir$896, Q = \digital_domain_inst.signal_processor_y_inst.dir).
Adding EN signal on $driver$digital_domain_inst.signal_processor_y_inst.cycle_count ($adff) from module wrapper (D = $digital_domain_inst.signal_processor_y_inst.cycle_count$906, Q = \digital_domain_inst.signal_processor_y_inst.cycle_count).
Adding EN signal on $driver$digital_domain_inst.signal_processor_y_inst.cnt_out ($adff) from module wrapper (D = $digital_domain_inst.signal_processor_y_inst.cnt_out$905, Q = \digital_domain_inst.signal_processor_y_inst.cnt_out).
Adding EN signal on $driver$digital_domain_inst.signal_processor_y_inst.cnt_in ($adff) from module wrapper (D = $digital_domain_inst.signal_processor_y_inst.cnt_in$904, Q = \digital_domain_inst.signal_processor_y_inst.cnt_in).
Adding EN signal on $driver$digital_domain_inst.signal_processor_x_inst.votes_out_phase ($adff) from module wrapper (D = $digital_domain_inst.signal_processor_x_inst.votes_out_phase$817, Q = \digital_domain_inst.signal_processor_x_inst.votes_out_phase).
Adding EN signal on $driver$digital_domain_inst.signal_processor_x_inst.votes_in_phase ($adff) from module wrapper (D = $digital_domain_inst.signal_processor_x_inst.votes_in_phase$816, Q = \digital_domain_inst.signal_processor_x_inst.votes_in_phase).
Adding EN signal on $driver$digital_domain_inst.signal_processor_x_inst.s90_valid ($adff) from module wrapper (D = $digital_domain_inst.signal_processor_x_inst.s90_valid$819, Q = \digital_domain_inst.signal_processor_x_inst.s90_valid).
Adding EN signal on $driver$digital_domain_inst.signal_processor_x_inst.s90 ($adff) from module wrapper (D = $digital_domain_inst.signal_processor_x_inst.s90$818, Q = \digital_domain_inst.signal_processor_x_inst.s90).
Adding EN signal on $driver$digital_domain_inst.signal_processor_x_inst.phase_state ($adff) from module wrapper (D = $digital_domain_inst.signal_processor_x_inst.phase_state$815, Q = \digital_domain_inst.signal_processor_x_inst.phase_state).
Adding EN signal on $driver$digital_domain_inst.signal_processor_x_inst.move_en ($adff) from module wrapper (D = $digital_domain_inst.signal_processor_x_inst.move_en$813, Q = \digital_domain_inst.signal_processor_x_inst.move_en).
Adding EN signal on $driver$digital_domain_inst.signal_processor_x_inst.jitter_flag ($adff) from module wrapper (D = $digital_domain_inst.signal_processor_x_inst.jitter_flag$814, Q = \digital_domain_inst.signal_processor_x_inst.jitter_flag).
Adding EN signal on $driver$digital_domain_inst.signal_processor_x_inst.dir ($adff) from module wrapper (D = $digital_domain_inst.signal_processor_x_inst.dir$812, Q = \digital_domain_inst.signal_processor_x_inst.dir).
Adding EN signal on $driver$digital_domain_inst.signal_processor_x_inst.cycle_count ($adff) from module wrapper (D = $digital_domain_inst.signal_processor_x_inst.cycle_count$822, Q = \digital_domain_inst.signal_processor_x_inst.cycle_count).
Adding EN signal on $driver$digital_domain_inst.signal_processor_x_inst.cnt_out ($adff) from module wrapper (D = $digital_domain_inst.signal_processor_x_inst.cnt_out$821, Q = \digital_domain_inst.signal_processor_x_inst.cnt_out).
Adding EN signal on $driver$digital_domain_inst.signal_processor_x_inst.cnt_in ($adff) from module wrapper (D = $digital_domain_inst.signal_processor_x_inst.cnt_in$820, Q = \digital_domain_inst.signal_processor_x_inst.cnt_in).

50. Executing OPT_CLEAN pass (remove unused cells and wires).
Finding unused cells or wires in module \wrapper..
Removed 57 unused cells and 71 unused wires.
<suppressed ~58 debug messages>

51. Executing OPT_EXPR pass (perform const folding).
Optimizing module wrapper.
<suppressed ~116 debug messages>

52. Rerunning OPT passes. (Maybe there is more to do…)

53. Executing OPT_MUXTREE pass (detect dead branches in mux trees).
Running muxtree optimizer on module \wrapper..
  Creating internal representation of mux trees.
  Evaluating internal representation of mux trees.
  Analyzing evaluation results.
Removed 0 multiplexer ports.
<suppressed ~484 debug messages>

54. Executing OPT_REDUCE pass (consolidate $*mux and $reduce_* inputs).
  Optimizing cells in module \wrapper.
Performed a total of 0 changes.

55. Executing OPT_MERGE pass (detect identical cells).
Finding identical cells in module `\wrapper'.
Computing hashes of 978 cells of `\wrapper'.
Finding duplicate cells in `\wrapper'.
Computing hashes of 878 cells of `\wrapper'.
Finding duplicate cells in `\wrapper'.
Computing hashes of 861 cells of `\wrapper'.
Finding duplicate cells in `\wrapper'.
<suppressed ~351 debug messages>
Removed a total of 117 cells.

56. Executing OPT_DFF pass (perform DFF optimizations).

57. Executing OPT_CLEAN pass (remove unused cells and wires).
Finding unused cells or wires in module \wrapper..
Removed 0 unused cells and 117 unused wires.
<suppressed ~1 debug messages>

58. Executing OPT_EXPR pass (perform const folding).
Optimizing module wrapper.

59. Rerunning OPT passes. (Maybe there is more to do…)

60. Executing OPT_MUXTREE pass (detect dead branches in mux trees).
Running muxtree optimizer on module \wrapper..
  Creating internal representation of mux trees.
  Evaluating internal representation of mux trees.
  Analyzing evaluation results.
Removed 0 multiplexer ports.
<suppressed ~490 debug messages>

61. Executing OPT_REDUCE pass (consolidate $*mux and $reduce_* inputs).
  Optimizing cells in module \wrapper.
Performed a total of 0 changes.

62. Executing OPT_MERGE pass (detect identical cells).
Finding identical cells in module `\wrapper'.
Computing hashes of 861 cells of `\wrapper'.
Finding duplicate cells in `\wrapper'.
Removed a total of 0 cells.

63. Executing OPT_DFF pass (perform DFF optimizations).

64. Executing OPT_CLEAN pass (remove unused cells and wires).
Finding unused cells or wires in module \wrapper..

65. Executing OPT_EXPR pass (perform const folding).
Optimizing module wrapper.

66. Executing WREDUCE pass (reducing word size of cells).
Removed top 26 address bits (of 32) from memory init port wrapper.$auto$mem.cc:351:emit$12 ($auto$proc_rom.cc:155:do_switch$10).
Removed top 26 address bits (of 32) from memory init port wrapper.$auto$mem.cc:351:emit$16 ($auto$proc_rom.cc:155:do_switch$14).
Removed top 26 address bits (of 32) from memory init port wrapper.$auto$mem.cc:351:emit$4 ($auto$proc_rom.cc:155:do_switch$2).
Removed top 26 address bits (of 32) from memory init port wrapper.$auto$mem.cc:351:emit$8 ($auto$proc_rom.cc:155:do_switch$6).
Removed top 1 bits (of 8) from FF cell wrapper.$auto$ff.cc:337:slice$4578 ($adffe).
Removed top 1 bits (of 3) from port B of cell wrapper.$auto$opt_dff.cc:320:make_patterns_logic$4549 ($ne).
Removed top 2 bits (of 4) from port B of cell wrapper.$auto$opt_dff.cc:320:make_patterns_logic$4539 ($ne).
Removed top 2 bits (of 5) from port B of cell wrapper.$auto$opt_dff.cc:320:make_patterns_logic$4470 ($ne).
Removed top 2 bits (of 5) from port B of cell wrapper.$auto$opt_dff.cc:320:make_patterns_logic$4467 ($ne).
Removed top 1 bits (of 3) from port B of cell wrapper.$auto$opt_dff.cc:320:make_patterns_logic$4411 ($ne).
Removed top 2 bits (of 4) from port B of cell wrapper.$auto$opt_dff.cc:320:make_patterns_logic$4401 ($ne).
Removed top 2 bits (of 5) from port B of cell wrapper.$auto$opt_dff.cc:320:make_patterns_logic$4332 ($ne).
Removed top 2 bits (of 5) from port B of cell wrapper.$auto$opt_dff.cc:320:make_patterns_logic$4329 ($ne).
Removed top 1 bits (of 5) from port B of cell wrapper.$auto$fsm_map.cc:77:implement_pattern_cache$4266 ($eq).
Removed top 1 bits (of 6) from port B of cell wrapper.$auto$fsm_map.cc:77:implement_pattern_cache$4262 ($eq).
Removed top 2 bits (of 3) from port B of cell wrapper.$auto$fsm_map.cc:77:implement_pattern_cache$4249 ($eq).
Removed top 1 bits (of 6) from port B of cell wrapper.$auto$fsm_map.cc:77:implement_pattern_cache$4241 ($eq).
Removed top 1 bits (of 3) from port B of cell wrapper.$auto$fsm_map.cc:77:implement_pattern_cache$4191 ($eq).
Removed top 1 bits (of 5) from port B of cell wrapper.$auto$fsm_map.cc:77:implement_pattern_cache$4187 ($eq).
Removed top 1 bits (of 6) from port B of cell wrapper.$auto$fsm_map.cc:77:implement_pattern_cache$4183 ($eq).
Removed top 1 bits (of 6) from port B of cell wrapper.$auto$fsm_map.cc:77:implement_pattern_cache$4162 ($eq).
Removed top 6 bits (of 7) from port B of cell wrapper.$37 ($add).
Removed top 2 bits (of 3) from port B of cell wrapper.$44 ($add).
Removed top 1 bits (of 22) from port A of cell wrapper.$185 ($add).
Removed top 6 bits (of 22) from port B of cell wrapper.$185 ($add).
Removed top 7 bits (of 8) from port B of cell wrapper.$216 ($eq).
Removed top 7 bits (of 8) from port B of cell wrapper.$232 ($add).
Removed top 1 bits (of 21) from port B of cell wrapper.$325 ($add).
Removed top 1 bits (of 21) from port B of cell wrapper.$329 ($add).
Removed top 3 bits (of 21) from port B of cell wrapper.$333 ($sub).
Removed top 3 bits (of 21) from port B of cell wrapper.$335 ($sub).
Removed top 3 bits (of 21) from port B of cell wrapper.$337 ($sub).
Removed top 5 bits (of 21) from port B of cell wrapper.$346 ($lt).
Removed top 5 bits (of 21) from port B of cell wrapper.$350 ($lt).
Removed top 1 bits (of 8) from port B of cell wrapper.$372 ($sub).
Removed top 1 bits (of 8) from port B of cell wrapper.$373 ($add).
Removed top 1 bits (of 9) from port A of cell wrapper.$381 ($add).
Removed top 1 bits (of 9) from port B of cell wrapper.$381 ($add).
Removed top 1 bits (of 8) from port B of cell wrapper.$394 ($sub).
Removed top 1 bits (of 8) from port B of cell wrapper.$395 ($add).
Removed top 1 bits (of 9) from port A of cell wrapper.$403 ($add).
Removed top 1 bits (of 9) from port B of cell wrapper.$403 ($add).
Removed top 1 bits (of 2) from port B of cell wrapper.$418 ($eq).
Removed top 1 bits (of 2) from port B of cell wrapper.$419 ($add).
Removed top 1 bits (of 22) from port A of cell wrapper.$470 ($add).
Removed top 6 bits (of 22) from port B of cell wrapper.$470 ($add).
Removed top 7 bits (of 8) from port B of cell wrapper.$501 ($eq).
Removed top 7 bits (of 8) from port B of cell wrapper.$517 ($add).
Removed top 1 bits (of 21) from port B of cell wrapper.$610 ($add).
Removed top 1 bits (of 21) from port B of cell wrapper.$614 ($add).
Removed top 3 bits (of 21) from port B of cell wrapper.$618 ($sub).
Removed top 3 bits (of 21) from port B of cell wrapper.$620 ($sub).
Removed top 3 bits (of 21) from port B of cell wrapper.$622 ($sub).
Removed top 5 bits (of 21) from port B of cell wrapper.$631 ($lt).
Removed top 5 bits (of 21) from port B of cell wrapper.$635 ($lt).
Removed top 1 bits (of 8) from port B of cell wrapper.$657 ($sub).
Removed top 1 bits (of 8) from port B of cell wrapper.$658 ($add).
Removed top 1 bits (of 9) from port A of cell wrapper.$666 ($add).
Removed top 1 bits (of 9) from port B of cell wrapper.$666 ($add).
Removed top 1 bits (of 8) from port B of cell wrapper.$679 ($sub).
Removed top 1 bits (of 8) from port B of cell wrapper.$680 ($add).
Removed top 1 bits (of 9) from port A of cell wrapper.$688 ($add).
Removed top 1 bits (of 9) from port B of cell wrapper.$688 ($add).
Removed top 1 bits (of 2) from port B of cell wrapper.$703 ($eq).
Removed top 1 bits (of 2) from port B of cell wrapper.$704 ($add).
Removed top 3 bits (of 4) from port B of cell wrapper.$767 ($add).
Removed top 3 bits (of 4) from port B of cell wrapper.$768 ($add).
Removed top 3 bits (of 4) from port B of cell wrapper.$791 ($add).
Removed top 3 bits (of 4) from port B of cell wrapper.$851 ($add).
Removed top 3 bits (of 4) from port B of cell wrapper.$852 ($add).
Removed top 3 bits (of 4) from port B of cell wrapper.$875 ($add).
Removed top 1 bits (of 2) from port B of cell wrapper.$procmux$314_CMP0 ($eq).
Removed top 1 bits (of 2) from port B of cell wrapper.$procmux$3083_CMP0 ($eq).
Removed top 1 bits (of 3) from port B of cell wrapper.$procmux$3112_CMP0 ($eq).
Removed top 2 bits (of 3) from port B of cell wrapper.$procmux$3123_CMP0 ($eq).
Removed top 1 bits (of 7) from port B of cell wrapper.$procmux$3175_CMP0 ($eq).
Removed top 1 bits (of 7) from port B of cell wrapper.$procmux$3176_CMP0 ($eq).
Removed top 1 bits (of 7) from port B of cell wrapper.$procmux$3177_CMP0 ($eq).
Removed top 1 bits (of 7) from port B of cell wrapper.$procmux$3178_CMP0 ($eq).
Removed top 1 bits (of 7) from port B of cell wrapper.$procmux$3179_CMP0 ($eq).
Removed top 1 bits (of 7) from port B of cell wrapper.$procmux$3180_CMP0 ($eq).
Removed top 1 bits (of 7) from port B of cell wrapper.$procmux$3181_CMP0 ($eq).
Removed top 1 bits (of 7) from port B of cell wrapper.$procmux$3182_CMP0 ($eq).
Removed top 1 bits (of 7) from port B of cell wrapper.$procmux$3183_CMP0 ($eq).
Removed top 1 bits (of 7) from port B of cell wrapper.$procmux$3184_CMP0 ($eq).
Removed top 1 bits (of 7) from port B of cell wrapper.$procmux$3185_CMP0 ($eq).
Removed top 1 bits (of 7) from port B of cell wrapper.$procmux$3186_CMP0 ($eq).
Removed top 1 bits (of 7) from port B of cell wrapper.$procmux$3187_CMP0 ($eq).
Removed top 1 bits (of 7) from port B of cell wrapper.$procmux$3188_CMP0 ($eq).
Removed top 1 bits (of 7) from port B of cell wrapper.$procmux$3189_CMP0 ($eq).
Removed top 1 bits (of 7) from port B of cell wrapper.$procmux$3190_CMP0 ($eq).
Removed top 1 bits (of 7) from port B of cell wrapper.$procmux$3191_CMP0 ($eq).
Removed top 1 bits (of 7) from port B of cell wrapper.$procmux$3192_CMP0 ($eq).
Removed top 1 bits (of 7) from port B of cell wrapper.$procmux$3193_CMP0 ($eq).
Removed top 1 bits (of 7) from port B of cell wrapper.$procmux$3194_CMP0 ($eq).
Removed top 1 bits (of 7) from port B of cell wrapper.$procmux$3195_CMP0 ($eq).
Removed top 1 bits (of 7) from port B of cell wrapper.$procmux$3196_CMP0 ($eq).
Removed top 1 bits (of 7) from port B of cell wrapper.$procmux$3197_CMP0 ($eq).
Removed top 1 bits (of 7) from port B of cell wrapper.$procmux$3198_CMP0 ($eq).
Removed top 1 bits (of 7) from port B of cell wrapper.$procmux$3199_CMP0 ($eq).
Removed top 1 bits (of 7) from port B of cell wrapper.$procmux$3200_CMP0 ($eq).
Removed top 1 bits (of 7) from port B of cell wrapper.$procmux$3201_CMP0 ($eq).
Removed top 1 bits (of 7) from port B of cell wrapper.$procmux$3202_CMP0 ($eq).
Removed top 1 bits (of 7) from port B of cell wrapper.$procmux$3203_CMP0 ($eq).
Removed top 1 bits (of 7) from port B of cell wrapper.$procmux$3204_CMP0 ($eq).
Removed top 1 bits (of 7) from port B of cell wrapper.$procmux$3205_CMP0 ($eq).
Removed top 1 bits (of 7) from port B of cell wrapper.$procmux$3206_CMP0 ($eq).
Removed top 2 bits (of 7) from port B of cell wrapper.$procmux$3207_CMP0 ($eq).
Removed top 2 bits (of 7) from port B of cell wrapper.$procmux$3208_CMP0 ($eq).
Removed top 2 bits (of 7) from port B of cell wrapper.$procmux$3209_CMP0 ($eq).
Removed top 2 bits (of 7) from port B of cell wrapper.$procmux$3210_CMP0 ($eq).
Removed top 2 bits (of 7) from port B of cell wrapper.$procmux$3211_CMP0 ($eq).
Removed top 2 bits (of 7) from port B of cell wrapper.$procmux$3212_CMP0 ($eq).
Removed top 2 bits (of 7) from port B of cell wrapper.$procmux$3213_CMP0 ($eq).
Removed top 2 bits (of 7) from port B of cell wrapper.$procmux$3214_CMP0 ($eq).
Removed top 3 bits (of 7) from port B of cell wrapper.$procmux$3215_CMP0 ($eq).
Removed top 3 bits (of 7) from port B of cell wrapper.$procmux$3216_CMP0 ($eq).
Removed top 3 bits (of 7) from port B of cell wrapper.$procmux$3217_CMP0 ($eq).
Removed top 3 bits (of 7) from port B of cell wrapper.$procmux$3218_CMP0 ($eq).
Removed top 3 bits (of 7) from port B of cell wrapper.$procmux$3219_CMP0 ($eq).
Removed top 3 bits (of 7) from port B of cell wrapper.$procmux$3220_CMP0 ($eq).
Removed top 3 bits (of 7) from port B of cell wrapper.$procmux$3221_CMP0 ($eq).
Removed top 3 bits (of 7) from port B of cell wrapper.$procmux$3222_CMP0 ($eq).
Removed top 4 bits (of 7) from port B of cell wrapper.$procmux$3223_CMP0 ($eq).
Removed top 4 bits (of 7) from port B of cell wrapper.$procmux$3224_CMP0 ($eq).
Removed top 4 bits (of 7) from port B of cell wrapper.$procmux$3225_CMP0 ($eq).
Removed top 4 bits (of 7) from port B of cell wrapper.$procmux$3226_CMP0 ($eq).
Removed top 5 bits (of 7) from port B of cell wrapper.$procmux$3227_CMP0 ($eq).
Removed top 5 bits (of 7) from port B of cell wrapper.$procmux$3228_CMP0 ($eq).
Removed top 6 bits (of 7) from port B of cell wrapper.$procmux$3229_CMP0 ($eq).
Removed top 2 bits (of 7) from port B of cell wrapper.$procmux$3233_CMP0 ($eq).
Removed top 2 bits (of 7) from port B of cell wrapper.$procmux$3240_CMP0 ($eq).
Removed top 2 bits (of 7) from port B of cell wrapper.$procmux$3248_CMP0 ($eq).
Removed top 2 bits (of 7) from port B of cell wrapper.$procmux$3258_CMP0 ($eq).
Removed top 2 bits (of 7) from port B of cell wrapper.$procmux$3269_CMP0 ($eq).
Removed top 3 bits (of 7) from port B of cell wrapper.$procmux$3282_CMP0 ($eq).
Removed top 3 bits (of 7) from port B of cell wrapper.$procmux$3296_CMP0 ($eq).
Removed top 3 bits (of 7) from port B of cell wrapper.$procmux$3312_CMP0 ($eq).
Removed top 3 bits (of 7) from port B of cell wrapper.$procmux$3329_CMP0 ($eq).
Removed top 3 bits (of 7) from port B of cell wrapper.$procmux$3348_CMP0 ($eq).
Removed top 3 bits (of 7) from port B of cell wrapper.$procmux$3368_CMP0 ($eq).
Removed top 4 bits (of 7) from port B of cell wrapper.$procmux$3390_CMP0 ($eq).
Removed top 4 bits (of 7) from port B of cell wrapper.$procmux$3413_CMP0 ($eq).
Removed top 5 bits (of 7) from port B of cell wrapper.$procmux$3438_CMP0 ($eq).
Removed top 6 bits (of 7) from port B of cell wrapper.$procmux$3465_CMP0 ($eq).
Removed top 2 bits (of 7) from port B of cell wrapper.$procmux$3489_CMP0 ($eq).
Removed top 2 bits (of 7) from port B of cell wrapper.$procmux$3501_CMP0 ($eq).
Removed top 3 bits (of 7) from port B of cell wrapper.$procmux$3516_CMP0 ($eq).
Removed top 3 bits (of 7) from port B of cell wrapper.$procmux$3534_CMP0 ($eq).
Removed top 4 bits (of 7) from port B of cell wrapper.$procmux$3555_CMP0 ($eq).
Removed top 4 bits (of 7) from port B of cell wrapper.$procmux$3579_CMP0 ($eq).
Removed top 5 bits (of 7) from port B of cell wrapper.$procmux$3605_CMP0 ($eq).
Removed top 2 bits (of 7) from port B of cell wrapper.$procmux$3610_CMP0 ($eq).

67. Executing PEEPOPT pass (run peephole optimizers).

68. Executing OPT_CLEAN pass (remove unused cells and wires).
Finding unused cells or wires in module \wrapper..

69. Executing ALUMACC pass (create $alu and $macc cells).
Extracting $alu and $macc cells in module wrapper:
  creating $macc model for $185 ($add).
  creating $macc model for $210 ($sub).
  creating $macc model for $221 ($sub).
  creating $macc model for $232 ($add).
  creating $macc model for $323 ($sub).
  creating $macc model for $325 ($add).
  creating $macc model for $327 ($sub).
  creating $macc model for $329 ($add).
  creating $macc model for $333 ($sub).
  creating $macc model for $335 ($sub).
  creating $macc model for $337 ($sub).
  creating $macc model for $345 ($sub).
  creating $macc model for $349 ($sub).
  creating $macc model for $365 ($sub).
  creating $macc model for $37 ($add).
  creating $macc model for $372 ($sub).
  creating $macc model for $373 ($add).
  creating $macc model for $381 ($add).
  creating $macc model for $383 ($sub).
  creating $macc model for $387 ($sub).
  creating $macc model for $394 ($sub).
  creating $macc model for $395 ($add).
  creating $macc model for $403 ($add).
  creating $macc model for $419 ($add).
  creating $macc model for $44 ($add).
  creating $macc model for $470 ($add).
  creating $macc model for $495 ($sub).
  creating $macc model for $506 ($sub).
  creating $macc model for $517 ($add).
  creating $macc model for $608 ($sub).
  creating $macc model for $610 ($add).
  creating $macc model for $612 ($sub).
  creating $macc model for $614 ($add).
  creating $macc model for $618 ($sub).
  creating $macc model for $620 ($sub).
  creating $macc model for $622 ($sub).
  creating $macc model for $630 ($sub).
  creating $macc model for $634 ($sub).
  creating $macc model for $650 ($sub).
  creating $macc model for $657 ($sub).
  creating $macc model for $658 ($add).
  creating $macc model for $666 ($add).
  creating $macc model for $668 ($sub).
  creating $macc model for $672 ($sub).
  creating $macc model for $679 ($sub).
  creating $macc model for $680 ($add).
  creating $macc model for $688 ($add).
  creating $macc model for $704 ($add).
  creating $macc model for $767 ($add).
  creating $macc model for $768 ($add).
  creating $macc model for $791 ($add).
  creating $macc model for $851 ($add).
  creating $macc model for $852 ($add).
  creating $macc model for $875 ($add).
  merging $macc model for $614 into $620.
  merging $macc model for $610 into $618.
  merging $macc model for $329 into $335.
  merging $macc model for $325 into $333.
  creating $alu model for $macc $768.
  creating $alu model for $macc $767.
  creating $alu model for $macc $704.
  creating $alu model for $macc $688.
  creating $alu model for $macc $680.
  creating $alu model for $macc $679.
  creating $alu model for $macc $672.
  creating $alu model for $macc $668.
  creating $alu model for $macc $666.
  creating $alu model for $macc $658.
  creating $alu model for $macc $657.
  creating $alu model for $macc $650.
  creating $alu model for $macc $634.
  creating $alu model for $macc $630.
  creating $alu model for $macc $622.
  creating $alu model for $macc $791.
  creating $alu model for $macc $612.
  creating $alu model for $macc $851.
  creating $alu model for $macc $608.
  creating $alu model for $macc $517.
  creating $alu model for $macc $506.
  creating $alu model for $macc $495.
  creating $alu model for $macc $470.
  creating $alu model for $macc $44.
  creating $alu model for $macc $419.
  creating $alu model for $macc $403.
  creating $alu model for $macc $395.
  creating $alu model for $macc $394.
  creating $alu model for $macc $387.
  creating $alu model for $macc $383.
  creating $alu model for $macc $381.
  creating $alu model for $macc $373.
  creating $alu model for $macc $372.
  creating $alu model for $macc $37.
  creating $alu model for $macc $365.
  creating $alu model for $macc $349.
  creating $alu model for $macc $345.
  creating $alu model for $macc $337.
  creating $alu model for $macc $852.
  creating $alu model for $macc $327.
  creating $alu model for $macc $875.
  creating $alu model for $macc $323.
  creating $alu model for $macc $232.
  creating $alu model for $macc $221.
  creating $alu model for $macc $210.
  creating $alu model for $macc $185.
  creating $macc cell for $620: $auto$alumacc.cc:382:replace_macc$4788
  creating $macc cell for $618: $auto$alumacc.cc:382:replace_macc$4789
  creating $macc cell for $335: $auto$alumacc.cc:382:replace_macc$4790
  creating $macc cell for $333: $auto$alumacc.cc:382:replace_macc$4791
  creating $alu model for $217 ($lt): merged with $221.
  creating $alu model for $346 ($lt): new $alu
  creating $alu model for $350 ($lt): new $alu
  creating $alu model for $502 ($lt): merged with $506.
  creating $alu model for $631 ($lt): new $alu
  creating $alu model for $635 ($lt): new $alu
  creating $alu model for $783 ($ge): new $alu
  creating $alu model for $784 ($ge): new $alu
  creating $alu model for $867 ($ge): new $alu
  creating $alu model for $868 ($ge): new $alu
  creating $alu cell for $868: $auto$alumacc.cc:512:replace_alu$4800
  creating $alu cell for $867: $auto$alumacc.cc:512:replace_alu$4813
  creating $alu cell for $784: $auto$alumacc.cc:512:replace_alu$4826
  creating $alu cell for $783: $auto$alumacc.cc:512:replace_alu$4839
  creating $alu cell for $635: $auto$alumacc.cc:512:replace_alu$4852
  creating $alu cell for $631: $auto$alumacc.cc:512:replace_alu$4857
  creating $alu cell for $350: $auto$alumacc.cc:512:replace_alu$4862
  creating $alu cell for $346: $auto$alumacc.cc:512:replace_alu$4867
  creating $alu cell for $185: $auto$alumacc.cc:512:replace_alu$4872
  creating $alu cell for $210: $auto$alumacc.cc:512:replace_alu$4875
  creating $alu cell for $221, $217: $auto$alumacc.cc:512:replace_alu$4878
  creating $alu cell for $232: $auto$alumacc.cc:512:replace_alu$4883
  creating $alu cell for $323: $auto$alumacc.cc:512:replace_alu$4886
  creating $alu cell for $875: $auto$alumacc.cc:512:replace_alu$4889
  creating $alu cell for $327: $auto$alumacc.cc:512:replace_alu$4892
  creating $alu cell for $852: $auto$alumacc.cc:512:replace_alu$4895
  creating $alu cell for $337: $auto$alumacc.cc:512:replace_alu$4898
  creating $alu cell for $345: $auto$alumacc.cc:512:replace_alu$4901
  creating $alu cell for $349: $auto$alumacc.cc:512:replace_alu$4904
  creating $alu cell for $365: $auto$alumacc.cc:512:replace_alu$4907
  creating $alu cell for $37: $auto$alumacc.cc:512:replace_alu$4910
  creating $alu cell for $372: $auto$alumacc.cc:512:replace_alu$4913
  creating $alu cell for $373: $auto$alumacc.cc:512:replace_alu$4916
  creating $alu cell for $381: $auto$alumacc.cc:512:replace_alu$4919
  creating $alu cell for $383: $auto$alumacc.cc:512:replace_alu$4922
  creating $alu cell for $387: $auto$alumacc.cc:512:replace_alu$4925
  creating $alu cell for $394: $auto$alumacc.cc:512:replace_alu$4928
  creating $alu cell for $395: $auto$alumacc.cc:512:replace_alu$4931
  creating $alu cell for $403: $auto$alumacc.cc:512:replace_alu$4934
  creating $alu cell for $419: $auto$alumacc.cc:512:replace_alu$4937
  creating $alu cell for $44: $auto$alumacc.cc:512:replace_alu$4940
  creating $alu cell for $470: $auto$alumacc.cc:512:replace_alu$4943
  creating $alu cell for $495: $auto$alumacc.cc:512:replace_alu$4946
  creating $alu cell for $506, $502: $auto$alumacc.cc:512:replace_alu$4949
  creating $alu cell for $517: $auto$alumacc.cc:512:replace_alu$4954
  creating $alu cell for $608: $auto$alumacc.cc:512:replace_alu$4957
  creating $alu cell for $851: $auto$alumacc.cc:512:replace_alu$4960
  creating $alu cell for $612: $auto$alumacc.cc:512:replace_alu$4963
  creating $alu cell for $791: $auto$alumacc.cc:512:replace_alu$4966
  creating $alu cell for $622: $auto$alumacc.cc:512:replace_alu$4969
  creating $alu cell for $630: $auto$alumacc.cc:512:replace_alu$4972
  creating $alu cell for $634: $auto$alumacc.cc:512:replace_alu$4975
  creating $alu cell for $650: $auto$alumacc.cc:512:replace_alu$4978
  creating $alu cell for $657: $auto$alumacc.cc:512:replace_alu$4981
  creating $alu cell for $658: $auto$alumacc.cc:512:replace_alu$4984
  creating $alu cell for $666: $auto$alumacc.cc:512:replace_alu$4987
  creating $alu cell for $668: $auto$alumacc.cc:512:replace_alu$4990
  creating $alu cell for $672: $auto$alumacc.cc:512:replace_alu$4993
  creating $alu cell for $679: $auto$alumacc.cc:512:replace_alu$4996
  creating $alu cell for $680: $auto$alumacc.cc:512:replace_alu$4999
  creating $alu cell for $688: $auto$alumacc.cc:512:replace_alu$5002
  creating $alu cell for $704: $auto$alumacc.cc:512:replace_alu$5005
  creating $alu cell for $767: $auto$alumacc.cc:512:replace_alu$5008
  creating $alu cell for $768: $auto$alumacc.cc:512:replace_alu$5011
  created 54 $alu and 4 $macc cells.

70. Executing SHARE pass (SAT-based resource sharing).
Found 4 cells in module wrapper that may be considered for resource sharing.
  Analyzing resource sharing options for $auto$mem.cc:305:emit$7 ($memrd_v2):
    Found 2 activation_patterns using ctrl signal { \digital_domain_inst.wave_controller_y_inst.cal_burst_active \digital_domain_inst.wave_controller_y_inst.cal_start \digital_domain_inst.spi_regs_inst.cfg_done }.
    No candidates found.
  Analyzing resource sharing options for $auto$mem.cc:305:emit$3 ($memrd_v2):
    Found 1 activation_patterns using ctrl signal $629y.
    No candidates found.
  Analyzing resource sharing options for $auto$mem.cc:305:emit$15 ($memrd_v2):
    Found 2 activation_patterns using ctrl signal { \digital_domain_inst.wave_controller_x_inst.cal_burst_active \digital_domain_inst.spi_regs_inst.cfg_done \digital_domain_inst.cal_start }.
    No candidates found.
  Analyzing resource sharing options for $auto$mem.cc:305:emit$11 ($memrd_v2):
    Found 1 activation_patterns using ctrl signal $344y.
    No candidates found.

71. Executing OPT_EXPR pass (perform const folding).
Optimizing module wrapper.
<suppressed ~4 debug messages>

72. Executing OPT_MERGE pass (detect identical cells).
Finding identical cells in module `\wrapper'.
Computing hashes of 885 cells of `\wrapper'.
Finding duplicate cells in `\wrapper'.
Removed a total of 0 cells.

73. Executing OPT_MUXTREE pass (detect dead branches in mux trees).
Running muxtree optimizer on module \wrapper..
  Creating internal representation of mux trees.
  Evaluating internal representation of mux trees.
  Analyzing evaluation results.
Removed 0 multiplexer ports.
<suppressed ~490 debug messages>

74. Executing OPT_REDUCE pass (consolidate $*mux and $reduce_* inputs).
  Optimizing cells in module \wrapper.
Performed a total of 0 changes.

75. Executing OPT_MERGE pass (detect identical cells).
Finding identical cells in module `\wrapper'.
Computing hashes of 885 cells of `\wrapper'.
Finding duplicate cells in `\wrapper'.
Removed a total of 0 cells.

76. Executing OPT_DFF pass (perform DFF optimizations).

77. Executing OPT_CLEAN pass (remove unused cells and wires).
Finding unused cells or wires in module \wrapper..
Removed 4 unused cells and 14 unused wires.
<suppressed ~9 debug messages>

78. Executing OPT_EXPR pass (perform const folding).
Optimizing module wrapper.

79. Rerunning OPT passes. (Maybe there is more to do…)

80. Executing OPT_MUXTREE pass (detect dead branches in mux trees).
Running muxtree optimizer on module \wrapper..
  Creating internal representation of mux trees.
  Evaluating internal representation of mux trees.
  Analyzing evaluation results.
Removed 0 multiplexer ports.
<suppressed ~490 debug messages>

81. Executing OPT_REDUCE pass (consolidate $*mux and $reduce_* inputs).
  Optimizing cells in module \wrapper.
Performed a total of 0 changes.

82. Executing OPT_MERGE pass (detect identical cells).
Finding identical cells in module `\wrapper'.
Computing hashes of 881 cells of `\wrapper'.
Finding duplicate cells in `\wrapper'.
Removed a total of 0 cells.

83. Executing OPT_DFF pass (perform DFF optimizations).

84. Executing OPT_CLEAN pass (remove unused cells and wires).
Finding unused cells or wires in module \wrapper..

85. Executing OPT_EXPR pass (perform const folding).
Optimizing module wrapper.

86. Executing MEMORY pass.

86.1. Executing OPT_MEM pass (optimize memories).
Performed a total of 0 transformations.

86.2. Executing OPT_MEM_PRIORITY pass (removing unnecessary memory write priority relations).
Performed a total of 0 transformations.

86.3. Executing OPT_MEM_FEEDBACK pass (finding memory read-to-write feedback paths).

86.4. Executing MEMORY_BMUX2ROM pass (converting muxes to ROMs).

86.5. Executing MEMORY_DFF pass (merging $dff cells to $memrd).
Checking read port `$auto$proc_rom.cc:155:do_switch$10'[0] in module `\wrapper': no output FF found.
Checking read port `$auto$proc_rom.cc:155:do_switch$14'[0] in module `\wrapper': no output FF found.
Checking read port `$auto$proc_rom.cc:155:do_switch$2'[0] in module `\wrapper': no output FF found.
Checking read port `$auto$proc_rom.cc:155:do_switch$6'[0] in module `\wrapper': no output FF found.
Checking read port address `$auto$proc_rom.cc:155:do_switch$10'[0] in module `\wrapper': no address FF found.
Checking read port address `$auto$proc_rom.cc:155:do_switch$14'[0] in module `\wrapper': no address FF found.
Checking read port address `$auto$proc_rom.cc:155:do_switch$2'[0] in module `\wrapper': no address FF found.
Checking read port address `$auto$proc_rom.cc:155:do_switch$6'[0] in module `\wrapper': no address FF found.

86.6. Executing OPT_CLEAN pass (remove unused cells and wires).
Finding unused cells or wires in module \wrapper..

86.7. Executing MEMORY_SHARE pass (consolidating $memrd/$memwr cells).

86.8. Executing OPT_MEM_WIDEN pass (optimize memories where all ports are wide).
Performed a total of 0 transformations.

86.9. Executing OPT_CLEAN pass (remove unused cells and wires).
Finding unused cells or wires in module \wrapper..

86.10. Executing MEMORY_COLLECT pass (generating $mem cells).

87. Executing OPT_CLEAN pass (remove unused cells and wires).
Finding unused cells or wires in module \wrapper..

88. Executing OPT_EXPR pass (perform const folding).
Optimizing module wrapper.
<suppressed ~208 debug messages>

89. Executing OPT_MERGE pass (detect identical cells).
Finding identical cells in module `\wrapper'.
Computing hashes of 753 cells of `\wrapper'.
Finding duplicate cells in `\wrapper'.
Computing hashes of 746 cells of `\wrapper'.
Finding duplicate cells in `\wrapper'.
<suppressed ~21 debug messages>
Removed a total of 7 cells.

90. Executing OPT_DFF pass (perform DFF optimizations).

91. Executing OPT_CLEAN pass (remove unused cells and wires).
Finding unused cells or wires in module \wrapper..
Removed 4 unused cells and 203 unused wires.
<suppressed ~5 debug messages>

92. Executing MEMORY_MAP pass (converting memories to logic and flip-flops).
Mapping memory $auto$proc_rom.cc:155:do_switch$10 in module \wrapper:
  created 64 $dff cells and 0 static cells of width 7.
  read interface: 0 $dff and 63 $mux cells.
  write interface: 0 write mux blocks.
Mapping memory $auto$proc_rom.cc:155:do_switch$14 in module \wrapper:
  created 64 $dff cells and 0 static cells of width 7.
  read interface: 0 $dff and 63 $mux cells.
  write interface: 0 write mux blocks.
Mapping memory $auto$proc_rom.cc:155:do_switch$2 in module \wrapper:
  created 64 $dff cells and 0 static cells of width 7.
  read interface: 0 $dff and 63 $mux cells.
  write interface: 0 write mux blocks.
Mapping memory $auto$proc_rom.cc:155:do_switch$6 in module \wrapper:
  created 64 $dff cells and 0 static cells of width 7.
  read interface: 0 $dff and 63 $mux cells.
  write interface: 0 write mux blocks.

93. Executing OPT_EXPR pass (perform const folding).
Optimizing module wrapper.
<suppressed ~34 debug messages>

94. Executing OPT_MERGE pass (detect identical cells).
Finding identical cells in module `\wrapper'.
Computing hashes of 966 cells of `\wrapper'.
Finding duplicate cells in `\wrapper'.
Computing hashes of 961 cells of `\wrapper'.
Finding duplicate cells in `\wrapper'.
<suppressed ~15 debug messages>
Removed a total of 5 cells.

95. Executing OPT_MUXTREE pass (detect dead branches in mux trees).
Running muxtree optimizer on module \wrapper..
  Creating internal representation of mux trees.
  Evaluating internal representation of mux trees.
  Analyzing evaluation results.
Removed 0 multiplexer ports.
<suppressed ~502 debug messages>

96. Executing OPT_REDUCE pass (consolidate $*mux and $reduce_* inputs).
  Optimizing cells in module \wrapper.
    Consolidated identical input bits for $mux cell $memory$auto$proc_rom.cc:155:do_switch$6$rdmux[0][5][1]$5749:
      Old ports: A=7'0001000, B=7'0001011, Y=$memory$auto$proc_rom.cc:155:do_switch$6$rdmux[0][4][0]$b$5700
      New ports: A=1'0, B=1'1, Y=$memory$auto$proc_rom.cc:155:do_switch$6$rdmux[0][4][0]$b$5700 [0]
      New connections: $memory$auto$proc_rom.cc:155:do_switch$6$rdmux[0][4][0]$b$5700 [6:1] = { 5'00010 $memory$auto$proc_rom.cc:155:do_switch$6$rdmux[0][4][0]$b$5700 [0] }
    Consolidated identical input bits for $mux cell $memory$auto$proc_rom.cc:155:do_switch$6$rdmux[0][5][0]$5746:
      Old ports: A=7'0000010, B=7'0000101, Y=$memory$auto$proc_rom.cc:155:do_switch$6$rdmux[0][4][0]$a$5699
      New ports: A=2'10, B=2'01, Y=$memory$auto$proc_rom.cc:155:do_switch$6$rdmux[0][4][0]$a$5699 [1:0]
      New connections: $memory$auto$proc_rom.cc:155:do_switch$6$rdmux[0][4][0]$a$5699 [6:2] = { 4'0000 $memory$auto$proc_rom.cc:155:do_switch$6$rdmux[0][4][0]$a$5699 [0] }
    Consolidated identical input bits for $mux cell $memory$auto$proc_rom.cc:155:do_switch$6$rdmux[0][5][22]$5812:
      Old ports: A=7'1110001, B=7'1110010, Y=$memory$auto$proc_rom.cc:155:do_switch$6$rdmux[0][4][11]$a$5732
      New ports: A=2'01, B=2'10, Y=$memory$auto$proc_rom.cc:155:do_switch$6$rdmux[0][4][11]$a$5732 [1:0]
      New connections: $memory$auto$proc_rom.cc:155:do_switch$6$rdmux[0][4][11]$a$5732 [6:2] = 5'11100
    Consolidated identical input bits for $mux cell $memory$auto$proc_rom.cc:155:do_switch$6$rdmux[0][4][14]$5740:
      Old ports: A=7'1111101, B=7'1111110, Y=$memory$auto$proc_rom.cc:155:do_switch$6$rdmux[0][3][7]$a$5696
      New ports: A=2'01, B=2'10, Y=$memory$auto$proc_rom.cc:155:do_switch$6$rdmux[0][3][7]$a$5696 [1:0]
      New connections: $memory$auto$proc_rom.cc:155:do_switch$6$rdmux[0][3][7]$a$5696 [6:2] = 5'11111
    Consolidated identical input bits for $mux cell $memory$auto$proc_rom.cc:155:do_switch$6$rdmux[0][5][23]$5815:
      Old ports: A=7'1110011, B=7'1110101, Y=$memory$auto$proc_rom.cc:155:do_switch$6$rdmux[0][4][11]$b$5733
      New ports: A=2'01, B=2'10, Y=$memory$auto$proc_rom.cc:155:do_switch$6$rdmux[0][4][11]$b$5733 [2:1]
      New connections: { $memory$auto$proc_rom.cc:155:do_switch$6$rdmux[0][4][11]$b$5733 [6:3] $memory$auto$proc_rom.cc:155:do_switch$6$rdmux[0][4][11]$b$5733 [0] } = 5'11101
    Consolidated identical input bits for $mux cell $memory$auto$proc_rom.cc:155:do_switch$6$rdmux[0][5][19]$5803:
      Old ports: A=7'1100111, B=7'1101001, Y=$memory$auto$proc_rom.cc:155:do_switch$6$rdmux[0][4][9]$b$5727
      New ports: A=2'01, B=2'10, Y={ $memory$auto$proc_rom.cc:155:do_switch$6$rdmux[0][4][9]$b$5727 [3] $memory$auto$proc_rom.cc:155:do_switch$6$rdmux[0][4][9]$b$5727 [1] }
      New connections: { $memory$auto$proc_rom.cc:155:do_switch$6$rdmux[0][4][9]$b$5727 [6:4] $memory$auto$proc_rom.cc:155:do_switch$6$rdmux[0][4][9]$b$5727 [2] $memory$auto$proc_rom.cc:155:do_switch$6$rdmux[0][4][9]$b$5727 [0] } = { 3'110 $memory$auto$proc_rom.cc:155:do_switch$6$rdmux[0][4][9]$b$5727 [1] 1'1 }
    Consolidated identical input bits for $mux cell $memory$auto$proc_rom.cc:155:do_switch$6$rdmux[0][5][26]$5824:
      Old ports: A=7'1111010, B=7'1111011, Y=$memory$auto$proc_rom.cc:155:do_switch$6$rdmux[0][4][13]$a$5738
      New ports: A=1'0, B=1'1, Y=$memory$auto$proc_rom.cc:155:do_switch$6$rdmux[0][4][13]$a$5738 [0]
      New connections: $memory$auto$proc_rom.cc:155:do_switch$6$rdmux[0][4][13]$a$5738 [6:1] = 6'111101
    Consolidated identical input bits for $mux cell $memory$auto$proc_rom.cc:155:do_switch$6$rdmux[0][5][25]$5821:
      Old ports: A=7'1111000, B=7'1111001, Y=$memory$auto$proc_rom.cc:155:do_switch$6$rdmux[0][4][12]$b$5736
      New ports: A=1'0, B=1'1, Y=$memory$auto$proc_rom.cc:155:do_switch$6$rdmux[0][4][12]$b$5736 [0]
      New connections: $memory$auto$proc_rom.cc:155:do_switch$6$rdmux[0][4][12]$b$5736 [6:1] = 6'111100
    Consolidated identical input bits for $mux cell $memory$auto$proc_rom.cc:155:do_switch$2$rdmux[0][5][26]$5635:
      Old ports: A=7'1111010, B=7'1111011, Y=$memory$auto$proc_rom.cc:155:do_switch$2$rdmux[0][4][13]$a$5549
      New ports: A=1'0, B=1'1, Y=$memory$auto$proc_rom.cc:155:do_switch$2$rdmux[0][4][13]$a$5549 [0]
      New connections: $memory$auto$proc_rom.cc:155:do_switch$2$rdmux[0][4][13]$a$5549 [6:1] = 6'111101
    Consolidated identical input bits for $mux cell $memory$auto$proc_rom.cc:155:do_switch$2$rdmux[0][5][25]$5632:
      Old ports: A=7'1111000, B=7'1111001, Y=$memory$auto$proc_rom.cc:155:do_switch$2$rdmux[0][4][12]$b$5547
      New ports: A=1'0, B=1'1, Y=$memory$auto$proc_rom.cc:155:do_switch$2$rdmux[0][4][12]$b$5547 [0]
      New connections: $memory$auto$proc_rom.cc:155:do_switch$2$rdmux[0][4][12]$b$5547 [6:1] = 6'111100
    Consolidated identical input bits for $mux cell $memory$auto$proc_rom.cc:155:do_switch$2$rdmux[0][5][24]$5629:
      Old ports: A=7'1110110, B=7'1110111, Y=$memory$auto$proc_rom.cc:155:do_switch$2$rdmux[0][4][12]$a$5546
      New ports: A=1'0, B=1'1, Y=$memory$auto$proc_rom.cc:155:do_switch$2$rdmux[0][4][12]$a$5546 [0]
      New connections: $memory$auto$proc_rom.cc:155:do_switch$2$rdmux[0][4][12]$a$5546 [6:1] = 6'111011
    Consolidated identical input bits for $mux cell $memory$auto$proc_rom.cc:155:do_switch$2$rdmux[0][5][23]$5626:
      Old ports: A=7'1110011, B=7'1110101, Y=$memory$auto$proc_rom.cc:155:do_switch$2$rdmux[0][4][11]$b$5544
      New ports: A=2'01, B=2'10, Y=$memory$auto$proc_rom.cc:155:do_switch$2$rdmux[0][4][11]$b$5544 [2:1]
      New connections: { $memory$auto$proc_rom.cc:155:do_switch$2$rdmux[0][4][11]$b$5544 [6:3] $memory$auto$proc_rom.cc:155:do_switch$2$rdmux[0][4][11]$b$5544 [0] } = 5'11101
    Consolidated identical input bits for $mux cell $memory$auto$proc_rom.cc:155:do_switch$2$rdmux[0][5][22]$5623:
      Old ports: A=7'1110001, B=7'1110010, Y=$memory$auto$proc_rom.cc:155:do_switch$2$rdmux[0][4][11]$a$5543
      New ports: A=2'01, B=2'10, Y=$memory$auto$proc_rom.cc:155:do_switch$2$rdmux[0][4][11]$a$5543 [1:0]
      New connections: $memory$auto$proc_rom.cc:155:do_switch$2$rdmux[0][4][11]$a$5543 [6:2] = 5'11100
    Consolidated identical input bits for $mux cell $memory$auto$proc_rom.cc:155:do_switch$2$rdmux[0][5][21]$5620:
      Old ports: A=7'1101110, B=7'1101111, Y=$memory$auto$proc_rom.cc:155:do_switch$2$rdmux[0][4][10]$b$5541
      New ports: A=1'0, B=1'1, Y=$memory$auto$proc_rom.cc:155:do_switch$2$rdmux[0][4][10]$b$5541 [0]
      New connections: $memory$auto$proc_rom.cc:155:do_switch$2$rdmux[0][4][10]$b$5541 [6:1] = 6'110111
    Consolidated identical input bits for $mux cell $memory$auto$proc_rom.cc:155:do_switch$2$rdmux[0][5][20]$5617:
      Old ports: A=7'1101010, B=7'1101100, Y=$memory$auto$proc_rom.cc:155:do_switch$2$rdmux[0][4][10]$a$5540
      New ports: A=2'01, B=2'10, Y=$memory$auto$proc_rom.cc:155:do_switch$2$rdmux[0][4][10]$a$5540 [2:1]
      New connections: { $memory$auto$proc_rom.cc:155:do_switch$2$rdmux[0][4][10]$a$5540 [6:3] $memory$auto$proc_rom.cc:155:do_switch$2$rdmux[0][4][10]$a$5540 [0] } = 5'11010
    Consolidated identical input bits for $mux cell $memory$auto$proc_rom.cc:155:do_switch$2$rdmux[0][5][19]$5614:
      Old ports: A=7'1100111, B=7'1101001, Y=$memory$auto$proc_rom.cc:155:do_switch$2$rdmux[0][4][9]$b$5538
      New ports: A=2'01, B=2'10, Y={ $memory$auto$proc_rom.cc:155:do_switch$2$rdmux[0][4][9]$b$5538 [3] $memory$auto$proc_rom.cc:155:do_switch$2$rdmux[0][4][9]$b$5538 [1] }
      New connections: { $memory$auto$proc_rom.cc:155:do_switch$2$rdmux[0][4][9]$b$5538 [6:4] $memory$auto$proc_rom.cc:155:do_switch$2$rdmux[0][4][9]$b$5538 [2] $memory$auto$proc_rom.cc:155:do_switch$2$rdmux[0][4][9]$b$5538 [0] } = { 3'110 $memory$auto$proc_rom.cc:155:do_switch$2$rdmux[0][4][9]$b$5538 [1] 1'1 }
    Consolidated identical input bits for $mux cell $memory$auto$proc_rom.cc:155:do_switch$2$rdmux[0][5][18]$5611:
      Old ports: A=7'1100011, B=7'1100101, Y=$memory$auto$proc_rom.cc:155:do_switch$2$rdmux[0][4][9]$a$5537
      New ports: A=2'01, B=2'10, Y=$memory$auto$proc_rom.cc:155:do_switch$2$rdmux[0][4][9]$a$5537 [2:1]
      New connections: { $memory$auto$proc_rom.cc:155:do_switch$2$rdmux[0][4][9]$a$5537 [6:3] $memory$auto$proc_rom.cc:155:do_switch$2$rdmux[0][4][9]$a$5537 [0] } = 5'11001
    Consolidated identical input bits for $mux cell $memory$auto$proc_rom.cc:155:do_switch$2$rdmux[0][5][17]$5608:
      Old ports: A=7'1011111, B=7'1100001, Y=$memory$auto$proc_rom.cc:155:do_switch$2$rdmux[0][4][8]$b$5535
      New ports: A=2'01, B=2'10, Y={ $memory$auto$proc_rom.cc:155:do_switch$2$rdmux[0][4][8]$b$5535 [5] $memory$auto$proc_rom.cc:155:do_switch$2$rdmux[0][4][8]$b$5535 [1] }
      New connections: { $memory$auto$proc_rom.cc:155:do_switch$2$rdmux[0][4][8]$b$5535 [6] $memory$auto$proc_rom.cc:155:do_switch$2$rdmux[0][4][8]$b$5535 [4:2] $memory$auto$proc_rom.cc:155:do_switch$2$rdmux[0][4][8]$b$5535 [0] } = { 1'1 $memory$auto$proc_rom.cc:155:do_switch$2$rdmux[0][4][8]$b$5535 [1] $memory$auto$proc_rom.cc:155:do_switch$2$rdmux[0][4][8]$b$5535 [1] $memory$auto$proc_rom.cc:155:do_switch$2$rdmux[0][4][8]$b$5535 [1] 1'1 }
    Consolidated identical input bits for $mux cell $memory$auto$proc_rom.cc:155:do_switch$2$rdmux[0][5][16]$5605:
      Old ports: A=7'1011011, B=7'1011101, Y=$memory$auto$proc_rom.cc:155:do_switch$2$rdmux[0][4][8]$a$5534
      New ports: A=2'01, B=2'10, Y=$memory$auto$proc_rom.cc:155:do_switch$2$rdmux[0][4][8]$a$5534 [2:1]
      New connections: { $memory$auto$proc_rom.cc:155:do_switch$2$rdmux[0][4][8]$a$5534 [6:3] $memory$auto$proc_rom.cc:155:do_switch$2$rdmux[0][4][8]$a$5534 [0] } = 5'10111
    Consolidated identical input bits for $mux cell $memory$auto$proc_rom.cc:155:do_switch$2$rdmux[0][5][15]$5602:
      Old ports: A=7'1010110, B=7'1011001, Y=$memory$auto$proc_rom.cc:155:do_switch$2$rdmux[0][4][7]$b$5532
      New ports: A=2'10, B=2'01, Y=$memory$auto$proc_rom.cc:155:do_switch$2$rdmux[0][4][7]$b$5532 [1:0]
      New connections: $memory$auto$proc_rom.cc:155:do_switch$2$rdmux[0][4][7]$b$5532 [6:2] = { 3'101 $memory$auto$proc_rom.cc:155:do_switch$2$rdmux[0][4][7]$b$5532 [0] $memory$auto$proc_rom.cc:155:do_switch$2$rdmux[0][4][7]$b$5532 [1] }
    Consolidated identical input bits for $mux cell $memory$auto$proc_rom.cc:155:do_switch$2$rdmux[0][5][14]$5599:
      Old ports: A=7'1010010, B=7'1010100, Y=$memory$auto$proc_rom.cc:155:do_switch$2$rdmux[0][4][7]$a$5531
      New ports: A=2'01, B=2'10, Y=$memory$auto$proc_rom.cc:155:do_switch$2$rdmux[0][4][7]$a$5531 [2:1]
      New connections: { $memory$auto$proc_rom.cc:155:do_switch$2$rdmux[0][4][7]$a$5531 [6:3] $memory$auto$proc_rom.cc:155:do_switch$2$rdmux[0][4][7]$a$5531 [0] } = 5'10100
    Consolidated identical input bits for $mux cell $memory$auto$proc_rom.cc:155:do_switch$2$rdmux[0][5][13]$5596:
      Old ports: A=7'1001101, B=7'1001111, Y=$memory$auto$proc_rom.cc:155:do_switch$2$rdmux[0][4][6]$b$5529
      New ports: A=1'0, B=1'1, Y=$memory$auto$proc_rom.cc:155:do_switch$2$rdmux[0][4][6]$b$5529 [1]
      New connections: { $memory$auto$proc_rom.cc:155:do_switch$2$rdmux[0][4][6]$b$5529 [6:2] $memory$auto$proc_rom.cc:155:do_switch$2$rdmux[0][4][6]$b$5529 [0] } = 6'100111
    Consolidated identical input bits for $mux cell $memory$auto$proc_rom.cc:155:do_switch$2$rdmux[0][5][12]$5593:
      Old ports: A=7'1001000, B=7'1001010, Y=$memory$auto$proc_rom.cc:155:do_switch$2$rdmux[0][4][6]$a$5528
      New ports: A=1'0, B=1'1, Y=$memory$auto$proc_rom.cc:155:do_switch$2$rdmux[0][4][6]$a$5528 [1]
      New connections: { $memory$auto$proc_rom.cc:155:do_switch$2$rdmux[0][4][6]$a$5528 [6:2] $memory$auto$proc_rom.cc:155:do_switch$2$rdmux[0][4][6]$a$5528 [0] } = 6'100100
    Consolidated identical input bits for $mux cell $memory$auto$proc_rom.cc:155:do_switch$2$rdmux[0][5][11]$5590:
      Old ports: A=7'1000011, B=7'1000101, Y=$memory$auto$proc_rom.cc:155:do_switch$2$rdmux[0][4][5]$b$5526
      New ports: A=2'01, B=2'10, Y=$memory$auto$proc_rom.cc:155:do_switch$2$rdmux[0][4][5]$b$5526 [2:1]
      New connections: { $memory$auto$proc_rom.cc:155:do_switch$2$rdmux[0][4][5]$b$5526 [6:3] $memory$auto$proc_rom.cc:155:do_switch$2$rdmux[0][4][5]$b$5526 [0] } = 5'10001
    Consolidated identical input bits for $mux cell $memory$auto$proc_rom.cc:155:do_switch$2$rdmux[0][5][10]$5587:
      Old ports: A=7'0111101, B=7'1000000, Y=$memory$auto$proc_rom.cc:155:do_switch$2$rdmux[0][4][5]$a$5525
      New ports: A=2'01, B=2'10, Y={ $memory$auto$proc_rom.cc:155:do_switch$2$rdmux[0][4][5]$a$5525 [6] $memory$auto$proc_rom.cc:155:do_switch$2$rdmux[0][4][5]$a$5525 [0] }
      New connections: $memory$auto$proc_rom.cc:155:do_switch$2$rdmux[0][4][5]$a$5525 [5:1] = { $memory$auto$proc_rom.cc:155:do_switch$2$rdmux[0][4][5]$a$5525 [0] $memory$auto$proc_rom.cc:155:do_switch$2$rdmux[0][4][5]$a$5525 [0] $memory$auto$proc_rom.cc:155:do_switch$2$rdmux[0][4][5]$a$5525 [0] $memory$auto$proc_rom.cc:155:do_switch$2$rdmux[0][4][5]$a$5525 [0] 1'0 }
    Consolidated identical input bits for $mux cell $memory$auto$proc_rom.cc:155:do_switch$2$rdmux[0][5][9]$5584:
      Old ports: A=7'0111000, B=7'0111010, Y=$memory$auto$proc_rom.cc:155:do_switch$2$rdmux[0][4][4]$b$5523
      New ports: A=1'0, B=1'1, Y=$memory$auto$proc_rom.cc:155:do_switch$2$rdmux[0][4][4]$b$5523 [1]
      New connections: { $memory$auto$proc_rom.cc:155:do_switch$2$rdmux[0][4][4]$b$5523 [6:2] $memory$auto$proc_rom.cc:155:do_switch$2$rdmux[0][4][4]$b$5523 [0] } = 6'011100
    Consolidated identical input bits for $mux cell $memory$auto$proc_rom.cc:155:do_switch$2$rdmux[0][5][8]$5581:
      Old ports: A=7'0110010, B=7'0110101, Y=$memory$auto$proc_rom.cc:155:do_switch$2$rdmux[0][4][4]$a$5522
      New ports: A=2'10, B=2'01, Y=$memory$auto$proc_rom.cc:155:do_switch$2$rdmux[0][4][4]$a$5522 [1:0]
      New connections: $memory$auto$proc_rom.cc:155:do_switch$2$rdmux[0][4][4]$a$5522 [6:2] = { 4'0110 $memory$auto$proc_rom.cc:155:do_switch$2$rdmux[0][4][4]$a$5522 [0] }
    Consolidated identical input bits for $mux cell $memory$auto$proc_rom.cc:155:do_switch$2$rdmux[0][5][7]$5578:
      Old ports: A=7'0101100, B=7'0101111, Y=$memory$auto$proc_rom.cc:155:do_switch$2$rdmux[0][4][3]$b$5520
      New ports: A=1'0, B=1'1, Y=$memory$auto$proc_rom.cc:155:do_switch$2$rdmux[0][4][3]$b$5520 [0]
      New connections: $memory$auto$proc_rom.cc:155:do_switch$2$rdmux[0][4][3]$b$5520 [6:1] = { 5'01011 $memory$auto$proc_rom.cc:155:do_switch$2$rdmux[0][4][3]$b$5520 [0] }
    Consolidated identical input bits for $mux cell $memory$auto$proc_rom.cc:155:do_switch$2$rdmux[0][5][6]$5575:
      Old ports: A=7'0100110, B=7'0101001, Y=$memory$auto$proc_rom.cc:155:do_switch$2$rdmux[0][4][3]$a$5519
      New ports: A=2'10, B=2'01, Y=$memory$auto$proc_rom.cc:155:do_switch$2$rdmux[0][4][3]$a$5519 [1:0]
      New connections: $memory$auto$proc_rom.cc:155:do_switch$2$rdmux[0][4][3]$a$5519 [6:2] = { 3'010 $memory$auto$proc_rom.cc:155:do_switch$2$rdmux[0][4][3]$a$5519 [0] $memory$auto$proc_rom.cc:155:do_switch$2$rdmux[0][4][3]$a$5519 [1] }
    Consolidated identical input bits for $mux cell $memory$auto$proc_rom.cc:155:do_switch$2$rdmux[0][5][5]$5572:
      Old ports: A=7'0100000, B=7'0100011, Y=$memory$auto$proc_rom.cc:155:do_switch$2$rdmux[0][4][2]$b$5517
      New ports: A=1'0, B=1'1, Y=$memory$auto$proc_rom.cc:155:do_switch$2$rdmux[0][4][2]$b$5517 [0]
      New connections: $memory$auto$proc_rom.cc:155:do_switch$2$rdmux[0][4][2]$b$5517 [6:1] = { 5'01000 $memory$auto$proc_rom.cc:155:do_switch$2$rdmux[0][4][2]$b$5517 [0] }
    Consolidated identical input bits for $mux cell $memory$auto$proc_rom.cc:155:do_switch$2$rdmux[0][5][4]$5569:
      Old ports: A=7'0011010, B=7'0011101, Y=$memory$auto$proc_rom.cc:155:do_switch$2$rdmux[0][4][2]$a$5516
      New ports: A=2'10, B=2'01, Y=$memory$auto$proc_rom.cc:155:do_switch$2$rdmux[0][4][2]$a$5516 [1:0]
      New connections: $memory$auto$proc_rom.cc:155:do_switch$2$rdmux[0][4][2]$a$5516 [6:2] = { 4'0011 $memory$auto$proc_rom.cc:155:do_switch$2$rdmux[0][4][2]$a$5516 [0] }
    Consolidated identical input bits for $mux cell $memory$auto$proc_rom.cc:155:do_switch$2$rdmux[0][5][3]$5566:
      Old ports: A=7'0010100, B=7'0010111, Y=$memory$auto$proc_rom.cc:155:do_switch$2$rdmux[0][4][1]$b$5514
      New ports: A=1'0, B=1'1, Y=$memory$auto$proc_rom.cc:155:do_switch$2$rdmux[0][4][1]$b$5514 [0]
      New connections: $memory$auto$proc_rom.cc:155:do_switch$2$rdmux[0][4][1]$b$5514 [6:1] = { 5'00101 $memory$auto$proc_rom.cc:155:do_switch$2$rdmux[0][4][1]$b$5514 [0] }
    Consolidated identical input bits for $mux cell $memory$auto$proc_rom.cc:155:do_switch$2$rdmux[0][5][2]$5563:
      Old ports: A=7'0001110, B=7'0010001, Y=$memory$auto$proc_rom.cc:155:do_switch$2$rdmux[0][4][1]$a$5513
      New ports: A=2'10, B=2'01, Y=$memory$auto$proc_rom.cc:155:do_switch$2$rdmux[0][4][1]$a$5513 [1:0]
      New connections: $memory$auto$proc_rom.cc:155:do_switch$2$rdmux[0][4][1]$a$5513 [6:2] = { 2'00 $memory$auto$proc_rom.cc:155:do_switch$2$rdmux[0][4][1]$a$5513 [0] $memory$auto$proc_rom.cc:155:do_switch$2$rdmux[0][4][1]$a$5513 [1] $memory$auto$proc_rom.cc:155:do_switch$2$rdmux[0][4][1]$a$5513 [1] }
    Consolidated identical input bits for $mux cell $memory$auto$proc_rom.cc:155:do_switch$2$rdmux[0][5][1]$5560:
      Old ports: A=7'0001000, B=7'0001011, Y=$memory$auto$proc_rom.cc:155:do_switch$2$rdmux[0][4][0]$b$5511
      New ports: A=1'0, B=1'1, Y=$memory$auto$proc_rom.cc:155:do_switch$2$rdmux[0][4][0]$b$5511 [0]
      New connections: $memory$auto$proc_rom.cc:155:do_switch$2$rdmux[0][4][0]$b$5511 [6:1] = { 5'00010 $memory$auto$proc_rom.cc:155:do_switch$2$rdmux[0][4][0]$b$5511 [0] }
    Consolidated identical input bits for $mux cell $memory$auto$proc_rom.cc:155:do_switch$2$rdmux[0][5][0]$5557:
      Old ports: A=7'0000010, B=7'0000101, Y=$memory$auto$proc_rom.cc:155:do_switch$2$rdmux[0][4][0]$a$5510
      New ports: A=2'10, B=2'01, Y=$memory$auto$proc_rom.cc:155:do_switch$2$rdmux[0][4][0]$a$5510 [1:0]
      New connections: $memory$auto$proc_rom.cc:155:do_switch$2$rdmux[0][4][0]$a$5510 [6:2] = { 4'0000 $memory$auto$proc_rom.cc:155:do_switch$2$rdmux[0][4][0]$a$5510 [0] }
    Consolidated identical input bits for $mux cell $memory$auto$proc_rom.cc:155:do_switch$6$rdmux[0][5][20]$5806:
      Old ports: A=7'1101010, B=7'1101100, Y=$memory$auto$proc_rom.cc:155:do_switch$6$rdmux[0][4][10]$a$5729
      New ports: A=2'01, B=2'10, Y=$memory$auto$proc_rom.cc:155:do_switch$6$rdmux[0][4][10]$a$5729 [2:1]
      New connections: { $memory$auto$proc_rom.cc:155:do_switch$6$rdmux[0][4][10]$a$5729 [6:3] $memory$auto$proc_rom.cc:155:do_switch$6$rdmux[0][4][10]$a$5729 [0] } = 5'11010
    Consolidated identical input bits for $mux cell $memory$auto$proc_rom.cc:155:do_switch$2$rdmux[0][4][14]$5551:
      Old ports: A=7'1111101, B=7'1111110, Y=$memory$auto$proc_rom.cc:155:do_switch$2$rdmux[0][3][7]$a$5507
      New ports: A=2'01, B=2'10, Y=$memory$auto$proc_rom.cc:155:do_switch$2$rdmux[0][3][7]$a$5507 [1:0]
      New connections: $memory$auto$proc_rom.cc:155:do_switch$2$rdmux[0][3][7]$a$5507 [6:2] = 5'11111
    Consolidated identical input bits for $mux cell $memory$auto$proc_rom.cc:155:do_switch$6$rdmux[0][5][12]$5782:
      Old ports: A=7'1001000, B=7'1001010, Y=$memory$auto$proc_rom.cc:155:do_switch$6$rdmux[0][4][6]$a$5717
      New ports: A=1'0, B=1'1, Y=$memory$auto$proc_rom.cc:155:do_switch$6$rdmux[0][4][6]$a$5717 [1]
      New connections: { $memory$auto$proc_rom.cc:155:do_switch$6$rdmux[0][4][6]$a$5717 [6:2] $memory$auto$proc_rom.cc:155:do_switch$6$rdmux[0][4][6]$a$5717 [0] } = 6'100100
    Consolidated identical input bits for $mux cell $memory$auto$proc_rom.cc:155:do_switch$6$rdmux[0][5][9]$5773:
      Old ports: A=7'0111000, B=7'0111010, Y=$memory$auto$proc_rom.cc:155:do_switch$6$rdmux[0][4][4]$b$5712
      New ports: A=1'0, B=1'1, Y=$memory$auto$proc_rom.cc:155:do_switch$6$rdmux[0][4][4]$b$5712 [1]
      New connections: { $memory$auto$proc_rom.cc:155:do_switch$6$rdmux[0][4][4]$b$5712 [6:2] $memory$auto$proc_rom.cc:155:do_switch$6$rdmux[0][4][4]$b$5712 [0] } = 6'011100
    Consolidated identical input bits for $mux cell $memory$auto$proc_rom.cc:155:do_switch$6$rdmux[0][5][8]$5770:
      Old ports: A=7'0110010, B=7'0110101, Y=$memory$auto$proc_rom.cc:155:do_switch$6$rdmux[0][4][4]$a$5711
      New ports: A=2'10, B=2'01, Y=$memory$auto$proc_rom.cc:155:do_switch$6$rdmux[0][4][4]$a$5711 [1:0]
      New connections: $memory$auto$proc_rom.cc:155:do_switch$6$rdmux[0][4][4]$a$5711 [6:2] = { 4'0110 $memory$auto$proc_rom.cc:155:do_switch$6$rdmux[0][4][4]$a$5711 [0] }
    Consolidated identical input bits for $mux cell $memory$auto$proc_rom.cc:155:do_switch$6$rdmux[0][5][7]$5767:
      Old ports: A=7'0101100, B=7'0101111, Y=$memory$auto$proc_rom.cc:155:do_switch$6$rdmux[0][4][3]$b$5709
      New ports: A=1'0, B=1'1, Y=$memory$auto$proc_rom.cc:155:do_switch$6$rdmux[0][4][3]$b$5709 [0]
      New connections: $memory$auto$proc_rom.cc:155:do_switch$6$rdmux[0][4][3]$b$5709 [6:1] = { 5'01011 $memory$auto$proc_rom.cc:155:do_switch$6$rdmux[0][4][3]$b$5709 [0] }
    Consolidated identical input bits for $mux cell $memory$auto$proc_rom.cc:155:do_switch$14$rdmux[0][5][26]$5446:
      Old ports: A=7'1111010, B=7'1111011, Y=$memory$auto$proc_rom.cc:155:do_switch$14$rdmux[0][4][13]$a$5360
      New ports: A=1'0, B=1'1, Y=$memory$auto$proc_rom.cc:155:do_switch$14$rdmux[0][4][13]$a$5360 [0]
      New connections: $memory$auto$proc_rom.cc:155:do_switch$14$rdmux[0][4][13]$a$5360 [6:1] = 6'111101
    Consolidated identical input bits for $mux cell $memory$auto$proc_rom.cc:155:do_switch$14$rdmux[0][5][25]$5443:
      Old ports: A=7'1111000, B=7'1111001, Y=$memory$auto$proc_rom.cc:155:do_switch$14$rdmux[0][4][12]$b$5358
      New ports: A=1'0, B=1'1, Y=$memory$auto$proc_rom.cc:155:do_switch$14$rdmux[0][4][12]$b$5358 [0]
      New connections: $memory$auto$proc_rom.cc:155:do_switch$14$rdmux[0][4][12]$b$5358 [6:1] = 6'111100
    Consolidated identical input bits for $mux cell $memory$auto$proc_rom.cc:155:do_switch$14$rdmux[0][5][24]$5440:
      Old ports: A=7'1110110, B=7'1110111, Y=$memory$auto$proc_rom.cc:155:do_switch$14$rdmux[0][4][12]$a$5357
      New ports: A=1'0, B=1'1, Y=$memory$auto$proc_rom.cc:155:do_switch$14$rdmux[0][4][12]$a$5357 [0]
      New connections: $memory$auto$proc_rom.cc:155:do_switch$14$rdmux[0][4][12]$a$5357 [6:1] = 6'111011
    Consolidated identical input bits for $mux cell $memory$auto$proc_rom.cc:155:do_switch$14$rdmux[0][5][23]$5437:
      Old ports: A=7'1110011, B=7'1110101, Y=$memory$auto$proc_rom.cc:155:do_switch$14$rdmux[0][4][11]$b$5355
      New ports: A=2'01, B=2'10, Y=$memory$auto$proc_rom.cc:155:do_switch$14$rdmux[0][4][11]$b$5355 [2:1]
      New connections: { $memory$auto$proc_rom.cc:155:do_switch$14$rdmux[0][4][11]$b$5355 [6:3] $memory$auto$proc_rom.cc:155:do_switch$14$rdmux[0][4][11]$b$5355 [0] } = 5'11101
    Consolidated identical input bits for $mux cell $memory$auto$proc_rom.cc:155:do_switch$14$rdmux[0][5][22]$5434:
      Old ports: A=7'1110001, B=7'1110010, Y=$memory$auto$proc_rom.cc:155:do_switch$14$rdmux[0][4][11]$a$5354
      New ports: A=2'01, B=2'10, Y=$memory$auto$proc_rom.cc:155:do_switch$14$rdmux[0][4][11]$a$5354 [1:0]
      New connections: $memory$auto$proc_rom.cc:155:do_switch$14$rdmux[0][4][11]$a$5354 [6:2] = 5'11100
    Consolidated identical input bits for $mux cell $memory$auto$proc_rom.cc:155:do_switch$14$rdmux[0][5][21]$5431:
      Old ports: A=7'1101110, B=7'1101111, Y=$memory$auto$proc_rom.cc:155:do_switch$14$rdmux[0][4][10]$b$5352
      New ports: A=1'0, B=1'1, Y=$memory$auto$proc_rom.cc:155:do_switch$14$rdmux[0][4][10]$b$5352 [0]
      New connections: $memory$auto$proc_rom.cc:155:do_switch$14$rdmux[0][4][10]$b$5352 [6:1] = 6'110111
    Consolidated identical input bits for $mux cell $memory$auto$proc_rom.cc:155:do_switch$14$rdmux[0][5][20]$5428:
      Old ports: A=7'1101010, B=7'1101100, Y=$memory$auto$proc_rom.cc:155:do_switch$14$rdmux[0][4][10]$a$5351
      New ports: A=2'01, B=2'10, Y=$memory$auto$proc_rom.cc:155:do_switch$14$rdmux[0][4][10]$a$5351 [2:1]
      New connections: { $memory$auto$proc_rom.cc:155:do_switch$14$rdmux[0][4][10]$a$5351 [6:3] $memory$auto$proc_rom.cc:155:do_switch$14$rdmux[0][4][10]$a$5351 [0] } = 5'11010
    Consolidated identical input bits for $mux cell $memory$auto$proc_rom.cc:155:do_switch$14$rdmux[0][5][19]$5425:
      Old ports: A=7'1100111, B=7'1101001, Y=$memory$auto$proc_rom.cc:155:do_switch$14$rdmux[0][4][9]$b$5349
      New ports: A=2'01, B=2'10, Y={ $memory$auto$proc_rom.cc:155:do_switch$14$rdmux[0][4][9]$b$5349 [3] $memory$auto$proc_rom.cc:155:do_switch$14$rdmux[0][4][9]$b$5349 [1] }
      New connections: { $memory$auto$proc_rom.cc:155:do_switch$14$rdmux[0][4][9]$b$5349 [6:4] $memory$auto$proc_rom.cc:155:do_switch$14$rdmux[0][4][9]$b$5349 [2] $memory$auto$proc_rom.cc:155:do_switch$14$rdmux[0][4][9]$b$5349 [0] } = { 3'110 $memory$auto$proc_rom.cc:155:do_switch$14$rdmux[0][4][9]$b$5349 [1] 1'1 }
    Consolidated identical input bits for $mux cell $memory$auto$proc_rom.cc:155:do_switch$14$rdmux[0][5][18]$5422:
      Old ports: A=7'1100011, B=7'1100101, Y=$memory$auto$proc_rom.cc:155:do_switch$14$rdmux[0][4][9]$a$5348
      New ports: A=2'01, B=2'10, Y=$memory$auto$proc_rom.cc:155:do_switch$14$rdmux[0][4][9]$a$5348 [2:1]
      New connections: { $memory$auto$proc_rom.cc:155:do_switch$14$rdmux[0][4][9]$a$5348 [6:3] $memory$auto$proc_rom.cc:155:do_switch$14$rdmux[0][4][9]$a$5348 [0] } = 5'11001
    Consolidated identical input bits for $mux cell $memory$auto$proc_rom.cc:155:do_switch$14$rdmux[0][5][17]$5419:
      Old ports: A=7'1011111, B=7'1100001, Y=$memory$auto$proc_rom.cc:155:do_switch$14$rdmux[0][4][8]$b$5346
      New ports: A=2'01, B=2'10, Y={ $memory$auto$proc_rom.cc:155:do_switch$14$rdmux[0][4][8]$b$5346 [5] $memory$auto$proc_rom.cc:155:do_switch$14$rdmux[0][4][8]$b$5346 [1] }
      New connections: { $memory$auto$proc_rom.cc:155:do_switch$14$rdmux[0][4][8]$b$5346 [6] $memory$auto$proc_rom.cc:155:do_switch$14$rdmux[0][4][8]$b$5346 [4:2] $memory$auto$proc_rom.cc:155:do_switch$14$rdmux[0][4][8]$b$5346 [0] } = { 1'1 $memory$auto$proc_rom.cc:155:do_switch$14$rdmux[0][4][8]$b$5346 [1] $memory$auto$proc_rom.cc:155:do_switch$14$rdmux[0][4][8]$b$5346 [1] $memory$auto$proc_rom.cc:155:do_switch$14$rdmux[0][4][8]$b$5346 [1] 1'1 }
    Consolidated identical input bits for $mux cell $memory$auto$proc_rom.cc:155:do_switch$14$rdmux[0][5][16]$5416:
      Old ports: A=7'1011011, B=7'1011101, Y=$memory$auto$proc_rom.cc:155:do_switch$14$rdmux[0][4][8]$a$5345
      New ports: A=2'01, B=2'10, Y=$memory$auto$proc_rom.cc:155:do_switch$14$rdmux[0][4][8]$a$5345 [2:1]
      New connections: { $memory$auto$proc_rom.cc:155:do_switch$14$rdmux[0][4][8]$a$5345 [6:3] $memory$auto$proc_rom.cc:155:do_switch$14$rdmux[0][4][8]$a$5345 [0] } = 5'10111
    Consolidated identical input bits for $mux cell $memory$auto$proc_rom.cc:155:do_switch$14$rdmux[0][5][15]$5413:
      Old ports: A=7'1010110, B=7'1011001, Y=$memory$auto$proc_rom.cc:155:do_switch$14$rdmux[0][4][7]$b$5343
      New ports: A=2'10, B=2'01, Y=$memory$auto$proc_rom.cc:155:do_switch$14$rdmux[0][4][7]$b$5343 [1:0]
      New connections: $memory$auto$proc_rom.cc:155:do_switch$14$rdmux[0][4][7]$b$5343 [6:2] = { 3'101 $memory$auto$proc_rom.cc:155:do_switch$14$rdmux[0][4][7]$b$5343 [0] $memory$auto$proc_rom.cc:155:do_switch$14$rdmux[0][4][7]$b$5343 [1] }
    Consolidated identical input bits for $mux cell $memory$auto$proc_rom.cc:155:do_switch$14$rdmux[0][5][14]$5410:
      Old ports: A=7'1010010, B=7'1010100, Y=$memory$auto$proc_rom.cc:155:do_switch$14$rdmux[0][4][7]$a$5342
      New ports: A=2'01, B=2'10, Y=$memory$auto$proc_rom.cc:155:do_switch$14$rdmux[0][4][7]$a$5342 [2:1]
      New connections: { $memory$auto$proc_rom.cc:155:do_switch$14$rdmux[0][4][7]$a$5342 [6:3] $memory$auto$proc_rom.cc:155:do_switch$14$rdmux[0][4][7]$a$5342 [0] } = 5'10100
    Consolidated identical input bits for $mux cell $memory$auto$proc_rom.cc:155:do_switch$14$rdmux[0][5][13]$5407:
      Old ports: A=7'1001101, B=7'1001111, Y=$memory$auto$proc_rom.cc:155:do_switch$14$rdmux[0][4][6]$b$5340
      New ports: A=1'0, B=1'1, Y=$memory$auto$proc_rom.cc:155:do_switch$14$rdmux[0][4][6]$b$5340 [1]
      New connections: { $memory$auto$proc_rom.cc:155:do_switch$14$rdmux[0][4][6]$b$5340 [6:2] $memory$auto$proc_rom.cc:155:do_switch$14$rdmux[0][4][6]$b$5340 [0] } = 6'100111
    Consolidated identical input bits for $mux cell $memory$auto$proc_rom.cc:155:do_switch$14$rdmux[0][5][12]$5404:
      Old ports: A=7'1001000, B=7'1001010, Y=$memory$auto$proc_rom.cc:155:do_switch$14$rdmux[0][4][6]$a$5339
      New ports: A=1'0, B=1'1, Y=$memory$auto$proc_rom.cc:155:do_switch$14$rdmux[0][4][6]$a$5339 [1]
      New connections: { $memory$auto$proc_rom.cc:155:do_switch$14$rdmux[0][4][6]$a$5339 [6:2] $memory$auto$proc_rom.cc:155:do_switch$14$rdmux[0][4][6]$a$5339 [0] } = 6'100100
    Consolidated identical input bits for $mux cell $memory$auto$proc_rom.cc:155:do_switch$14$rdmux[0][5][11]$5401:
      Old ports: A=7'1000011, B=7'1000101, Y=$memory$auto$proc_rom.cc:155:do_switch$14$rdmux[0][4][5]$b$5337
      New ports: A=2'01, B=2'10, Y=$memory$auto$proc_rom.cc:155:do_switch$14$rdmux[0][4][5]$b$5337 [2:1]
      New connections: { $memory$auto$proc_rom.cc:155:do_switch$14$rdmux[0][4][5]$b$5337 [6:3] $memory$auto$proc_rom.cc:155:do_switch$14$rdmux[0][4][5]$b$5337 [0] } = 5'10001
    Consolidated identical input bits for $mux cell $memory$auto$proc_rom.cc:155:do_switch$14$rdmux[0][5][10]$5398:
      Old ports: A=7'0111101, B=7'1000000, Y=$memory$auto$proc_rom.cc:155:do_switch$14$rdmux[0][4][5]$a$5336
      New ports: A=2'01, B=2'10, Y={ $memory$auto$proc_rom.cc:155:do_switch$14$rdmux[0][4][5]$a$5336 [6] $memory$auto$proc_rom.cc:155:do_switch$14$rdmux[0][4][5]$a$5336 [0] }
      New connections: $memory$auto$proc_rom.cc:155:do_switch$14$rdmux[0][4][5]$a$5336 [5:1] = { $memory$auto$proc_rom.cc:155:do_switch$14$rdmux[0][4][5]$a$5336 [0] $memory$auto$proc_rom.cc:155:do_switch$14$rdmux[0][4][5]$a$5336 [0] $memory$auto$proc_rom.cc:155:do_switch$14$rdmux[0][4][5]$a$5336 [0] $memory$auto$proc_rom.cc:155:do_switch$14$rdmux[0][4][5]$a$5336 [0] 1'0 }
    Consolidated identical input bits for $mux cell $memory$auto$proc_rom.cc:155:do_switch$14$rdmux[0][5][9]$5395:
      Old ports: A=7'0111000, B=7'0111010, Y=$memory$auto$proc_rom.cc:155:do_switch$14$rdmux[0][4][4]$b$5334
      New ports: A=1'0, B=1'1, Y=$memory$auto$proc_rom.cc:155:do_switch$14$rdmux[0][4][4]$b$5334 [1]
      New connections: { $memory$auto$proc_rom.cc:155:do_switch$14$rdmux[0][4][4]$b$5334 [6:2] $memory$auto$proc_rom.cc:155:do_switch$14$rdmux[0][4][4]$b$5334 [0] } = 6'011100
    Consolidated identical input bits for $mux cell $memory$auto$proc_rom.cc:155:do_switch$14$rdmux[0][5][8]$5392:
      Old ports: A=7'0110010, B=7'0110101, Y=$memory$auto$proc_rom.cc:155:do_switch$14$rdmux[0][4][4]$a$5333
      New ports: A=2'10, B=2'01, Y=$memory$auto$proc_rom.cc:155:do_switch$14$rdmux[0][4][4]$a$5333 [1:0]
      New connections: $memory$auto$proc_rom.cc:155:do_switch$14$rdmux[0][4][4]$a$5333 [6:2] = { 4'0110 $memory$auto$proc_rom.cc:155:do_switch$14$rdmux[0][4][4]$a$5333 [0] }
    Consolidated identical input bits for $mux cell $memory$auto$proc_rom.cc:155:do_switch$14$rdmux[0][5][7]$5389:
      Old ports: A=7'0101100, B=7'0101111, Y=$memory$auto$proc_rom.cc:155:do_switch$14$rdmux[0][4][3]$b$5331
      New ports: A=1'0, B=1'1, Y=$memory$auto$proc_rom.cc:155:do_switch$14$rdmux[0][4][3]$b$5331 [0]
      New connections: $memory$auto$proc_rom.cc:155:do_switch$14$rdmux[0][4][3]$b$5331 [6:1] = { 5'01011 $memory$auto$proc_rom.cc:155:do_switch$14$rdmux[0][4][3]$b$5331 [0] }
    Consolidated identical input bits for $mux cell $memory$auto$proc_rom.cc:155:do_switch$14$rdmux[0][5][6]$5386:
      Old ports: A=7'0100110, B=7'0101001, Y=$memory$auto$proc_rom.cc:155:do_switch$14$rdmux[0][4][3]$a$5330
      New ports: A=2'10, B=2'01, Y=$memory$auto$proc_rom.cc:155:do_switch$14$rdmux[0][4][3]$a$5330 [1:0]
      New connections: $memory$auto$proc_rom.cc:155:do_switch$14$rdmux[0][4][3]$a$5330 [6:2] = { 3'010 $memory$auto$proc_rom.cc:155:do_switch$14$rdmux[0][4][3]$a$5330 [0] $memory$auto$proc_rom.cc:155:do_switch$14$rdmux[0][4][3]$a$5330 [1] }
    Consolidated identical input bits for $mux cell $memory$auto$proc_rom.cc:155:do_switch$14$rdmux[0][5][5]$5383:
      Old ports: A=7'0100000, B=7'0100011, Y=$memory$auto$proc_rom.cc:155:do_switch$14$rdmux[0][4][2]$b$5328
      New ports: A=1'0, B=1'1, Y=$memory$auto$proc_rom.cc:155:do_switch$14$rdmux[0][4][2]$b$5328 [0]
      New connections: $memory$auto$proc_rom.cc:155:do_switch$14$rdmux[0][4][2]$b$5328 [6:1] = { 5'01000 $memory$auto$proc_rom.cc:155:do_switch$14$rdmux[0][4][2]$b$5328 [0] }
    Consolidated identical input bits for $mux cell $memory$auto$proc_rom.cc:155:do_switch$14$rdmux[0][5][4]$5380:
      Old ports: A=7'0011010, B=7'0011101, Y=$memory$auto$proc_rom.cc:155:do_switch$14$rdmux[0][4][2]$a$5327
      New ports: A=2'10, B=2'01, Y=$memory$auto$proc_rom.cc:155:do_switch$14$rdmux[0][4][2]$a$5327 [1:0]
      New connections: $memory$auto$proc_rom.cc:155:do_switch$14$rdmux[0][4][2]$a$5327 [6:2] = { 4'0011 $memory$auto$proc_rom.cc:155:do_switch$14$rdmux[0][4][2]$a$5327 [0] }
    Consolidated identical input bits for $mux cell $memory$auto$proc_rom.cc:155:do_switch$14$rdmux[0][5][3]$5377:
      Old ports: A=7'0010100, B=7'0010111, Y=$memory$auto$proc_rom.cc:155:do_switch$14$rdmux[0][4][1]$b$5325
      New ports: A=1'0, B=1'1, Y=$memory$auto$proc_rom.cc:155:do_switch$14$rdmux[0][4][1]$b$5325 [0]
      New connections: $memory$auto$proc_rom.cc:155:do_switch$14$rdmux[0][4][1]$b$5325 [6:1] = { 5'00101 $memory$auto$proc_rom.cc:155:do_switch$14$rdmux[0][4][1]$b$5325 [0] }
    Consolidated identical input bits for $mux cell $memory$auto$proc_rom.cc:155:do_switch$14$rdmux[0][5][2]$5374:
      Old ports: A=7'0001110, B=7'0010001, Y=$memory$auto$proc_rom.cc:155:do_switch$14$rdmux[0][4][1]$a$5324
      New ports: A=2'10, B=2'01, Y=$memory$auto$proc_rom.cc:155:do_switch$14$rdmux[0][4][1]$a$5324 [1:0]
      New connections: $memory$auto$proc_rom.cc:155:do_switch$14$rdmux[0][4][1]$a$5324 [6:2] = { 2'00 $memory$auto$proc_rom.cc:155:do_switch$14$rdmux[0][4][1]$a$5324 [0] $memory$auto$proc_rom.cc:155:do_switch$14$rdmux[0][4][1]$a$5324 [1] $memory$auto$proc_rom.cc:155:do_switch$14$rdmux[0][4][1]$a$5324 [1] }
    Consolidated identical input bits for $mux cell $memory$auto$proc_rom.cc:155:do_switch$14$rdmux[0][5][1]$5371:
      Old ports: A=7'0001000, B=7'0001011, Y=$memory$auto$proc_rom.cc:155:do_switch$14$rdmux[0][4][0]$b$5322
      New ports: A=1'0, B=1'1, Y=$memory$auto$proc_rom.cc:155:do_switch$14$rdmux[0][4][0]$b$5322 [0]
      New connections: $memory$auto$proc_rom.cc:155:do_switch$14$rdmux[0][4][0]$b$5322 [6:1] = { 5'00010 $memory$auto$proc_rom.cc:155:do_switch$14$rdmux[0][4][0]$b$5322 [0] }
    Consolidated identical input bits for $mux cell $memory$auto$proc_rom.cc:155:do_switch$14$rdmux[0][5][0]$5368:
      Old ports: A=7'0000010, B=7'0000101, Y=$memory$auto$proc_rom.cc:155:do_switch$14$rdmux[0][4][0]$a$5321
      New ports: A=2'10, B=2'01, Y=$memory$auto$proc_rom.cc:155:do_switch$14$rdmux[0][4][0]$a$5321 [1:0]
      New connections: $memory$auto$proc_rom.cc:155:do_switch$14$rdmux[0][4][0]$a$5321 [6:2] = { 4'0000 $memory$auto$proc_rom.cc:155:do_switch$14$rdmux[0][4][0]$a$5321 [0] }
    Consolidated identical input bits for $mux cell $memory$auto$proc_rom.cc:155:do_switch$6$rdmux[0][5][10]$5776:
      Old ports: A=7'0111101, B=7'1000000, Y=$memory$auto$proc_rom.cc:155:do_switch$6$rdmux[0][4][5]$a$5714
      New ports: A=2'01, B=2'10, Y={ $memory$auto$proc_rom.cc:155:do_switch$6$rdmux[0][4][5]$a$5714 [6] $memory$auto$proc_rom.cc:155:do_switch$6$rdmux[0][4][5]$a$5714 [0] }
      New connections: $memory$auto$proc_rom.cc:155:do_switch$6$rdmux[0][4][5]$a$5714 [5:1] = { $memory$auto$proc_rom.cc:155:do_switch$6$rdmux[0][4][5]$a$5714 [0] $memory$auto$proc_rom.cc:155:do_switch$6$rdmux[0][4][5]$a$5714 [0] $memory$auto$proc_rom.cc:155:do_switch$6$rdmux[0][4][5]$a$5714 [0] $memory$auto$proc_rom.cc:155:do_switch$6$rdmux[0][4][5]$a$5714 [0] 1'0 }
    Consolidated identical input bits for $mux cell $memory$auto$proc_rom.cc:155:do_switch$14$rdmux[0][4][14]$5362:
      Old ports: A=7'1111101, B=7'1111110, Y=$memory$auto$proc_rom.cc:155:do_switch$14$rdmux[0][3][7]$a$5318
      New ports: A=2'01, B=2'10, Y=$memory$auto$proc_rom.cc:155:do_switch$14$rdmux[0][3][7]$a$5318 [1:0]
      New connections: $memory$auto$proc_rom.cc:155:do_switch$14$rdmux[0][3][7]$a$5318 [6:2] = 5'11111
    Consolidated identical input bits for $mux cell $memory$auto$proc_rom.cc:155:do_switch$6$rdmux[0][5][17]$5797:
      Old ports: A=7'1011111, B=7'1100001, Y=$memory$auto$proc_rom.cc:155:do_switch$6$rdmux[0][4][8]$b$5724
      New ports: A=2'01, B=2'10, Y={ $memory$auto$proc_rom.cc:155:do_switch$6$rdmux[0][4][8]$b$5724 [5] $memory$auto$proc_rom.cc:155:do_switch$6$rdmux[0][4][8]$b$5724 [1] }
      New connections: { $memory$auto$proc_rom.cc:155:do_switch$6$rdmux[0][4][8]$b$5724 [6] $memory$auto$proc_rom.cc:155:do_switch$6$rdmux[0][4][8]$b$5724 [4:2] $memory$auto$proc_rom.cc:155:do_switch$6$rdmux[0][4][8]$b$5724 [0] } = { 1'1 $memory$auto$proc_rom.cc:155:do_switch$6$rdmux[0][4][8]$b$5724 [1] $memory$auto$proc_rom.cc:155:do_switch$6$rdmux[0][4][8]$b$5724 [1] $memory$auto$proc_rom.cc:155:do_switch$6$rdmux[0][4][8]$b$5724 [1] 1'1 }
    Consolidated identical input bits for $mux cell $memory$auto$proc_rom.cc:155:do_switch$6$rdmux[0][5][15]$5791:
      Old ports: A=7'1010110, B=7'1011001, Y=$memory$auto$proc_rom.cc:155:do_switch$6$rdmux[0][4][7]$b$5721
      New ports: A=2'10, B=2'01, Y=$memory$auto$proc_rom.cc:155:do_switch$6$rdmux[0][4][7]$b$5721 [1:0]
      New connections: $memory$auto$proc_rom.cc:155:do_switch$6$rdmux[0][4][7]$b$5721 [6:2] = { 3'101 $memory$auto$proc_rom.cc:155:do_switch$6$rdmux[0][4][7]$b$5721 [0] $memory$auto$proc_rom.cc:155:do_switch$6$rdmux[0][4][7]$b$5721 [1] }
    Consolidated identical input bits for $mux cell $memory$auto$proc_rom.cc:155:do_switch$6$rdmux[0][5][14]$5788:
      Old ports: A=7'1010010, B=7'1010100, Y=$memory$auto$proc_rom.cc:155:do_switch$6$rdmux[0][4][7]$a$5720
      New ports: A=2'01, B=2'10, Y=$memory$auto$proc_rom.cc:155:do_switch$6$rdmux[0][4][7]$a$5720 [2:1]
      New connections: { $memory$auto$proc_rom.cc:155:do_switch$6$rdmux[0][4][7]$a$5720 [6:3] $memory$auto$proc_rom.cc:155:do_switch$6$rdmux[0][4][7]$a$5720 [0] } = 5'10100
    Consolidated identical input bits for $mux cell $memory$auto$proc_rom.cc:155:do_switch$6$rdmux[0][5][13]$5785:
      Old ports: A=7'1001101, B=7'1001111, Y=$memory$auto$proc_rom.cc:155:do_switch$6$rdmux[0][4][6]$b$5718
      New ports: A=1'0, B=1'1, Y=$memory$auto$proc_rom.cc:155:do_switch$6$rdmux[0][4][6]$b$5718 [1]
      New connections: { $memory$auto$proc_rom.cc:155:do_switch$6$rdmux[0][4][6]$b$5718 [6:2] $memory$auto$proc_rom.cc:155:do_switch$6$rdmux[0][4][6]$b$5718 [0] } = 6'100111
    Consolidated identical input bits for $mux cell $memory$auto$proc_rom.cc:155:do_switch$10$rdmux[0][5][26]$5257:
      Old ports: A=7'1111010, B=7'1111011, Y=$memory$auto$proc_rom.cc:155:do_switch$10$rdmux[0][4][13]$a$5171
      New ports: A=1'0, B=1'1, Y=$memory$auto$proc_rom.cc:155:do_switch$10$rdmux[0][4][13]$a$5171 [0]
      New connections: $memory$auto$proc_rom.cc:155:do_switch$10$rdmux[0][4][13]$a$5171 [6:1] = 6'111101
    Consolidated identical input bits for $mux cell $memory$auto$proc_rom.cc:155:do_switch$10$rdmux[0][5][25]$5254:
      Old ports: A=7'1111000, B=7'1111001, Y=$memory$auto$proc_rom.cc:155:do_switch$10$rdmux[0][4][12]$b$5169
      New ports: A=1'0, B=1'1, Y=$memory$auto$proc_rom.cc:155:do_switch$10$rdmux[0][4][12]$b$5169 [0]
      New connections: $memory$auto$proc_rom.cc:155:do_switch$10$rdmux[0][4][12]$b$5169 [6:1] = 6'111100
    Consolidated identical input bits for $mux cell $memory$auto$proc_rom.cc:155:do_switch$10$rdmux[0][5][24]$5251:
      Old ports: A=7'1110110, B=7'1110111, Y=$memory$auto$proc_rom.cc:155:do_switch$10$rdmux[0][4][12]$a$5168
      New ports: A=1'0, B=1'1, Y=$memory$auto$proc_rom.cc:155:do_switch$10$rdmux[0][4][12]$a$5168 [0]
      New connections: $memory$auto$proc_rom.cc:155:do_switch$10$rdmux[0][4][12]$a$5168 [6:1] = 6'111011
    Consolidated identical input bits for $mux cell $memory$auto$proc_rom.cc:155:do_switch$10$rdmux[0][5][23]$5248:
      Old ports: A=7'1110011, B=7'1110101, Y=$memory$auto$proc_rom.cc:155:do_switch$10$rdmux[0][4][11]$b$5166
      New ports: A=2'01, B=2'10, Y=$memory$auto$proc_rom.cc:155:do_switch$10$rdmux[0][4][11]$b$5166 [2:1]
      New connections: { $memory$auto$proc_rom.cc:155:do_switch$10$rdmux[0][4][11]$b$5166 [6:3] $memory$auto$proc_rom.cc:155:do_switch$10$rdmux[0][4][11]$b$5166 [0] } = 5'11101
    Consolidated identical input bits for $mux cell $memory$auto$proc_rom.cc:155:do_switch$10$rdmux[0][5][22]$5245:
      Old ports: A=7'1110001, B=7'1110010, Y=$memory$auto$proc_rom.cc:155:do_switch$10$rdmux[0][4][11]$a$5165
      New ports: A=2'01, B=2'10, Y=$memory$auto$proc_rom.cc:155:do_switch$10$rdmux[0][4][11]$a$5165 [1:0]
      New connections: $memory$auto$proc_rom.cc:155:do_switch$10$rdmux[0][4][11]$a$5165 [6:2] = 5'11100
    Consolidated identical input bits for $mux cell $memory$auto$proc_rom.cc:155:do_switch$10$rdmux[0][5][21]$5242:
      Old ports: A=7'1101110, B=7'1101111, Y=$memory$auto$proc_rom.cc:155:do_switch$10$rdmux[0][4][10]$b$5163
      New ports: A=1'0, B=1'1, Y=$memory$auto$proc_rom.cc:155:do_switch$10$rdmux[0][4][10]$b$5163 [0]
      New connections: $memory$auto$proc_rom.cc:155:do_switch$10$rdmux[0][4][10]$b$5163 [6:1] = 6'110111
    Consolidated identical input bits for $mux cell $memory$auto$proc_rom.cc:155:do_switch$10$rdmux[0][5][20]$5239:
      Old ports: A=7'1101010, B=7'1101100, Y=$memory$auto$proc_rom.cc:155:do_switch$10$rdmux[0][4][10]$a$5162
      New ports: A=2'01, B=2'10, Y=$memory$auto$proc_rom.cc:155:do_switch$10$rdmux[0][4][10]$a$5162 [2:1]
      New connections: { $memory$auto$proc_rom.cc:155:do_switch$10$rdmux[0][4][10]$a$5162 [6:3] $memory$auto$proc_rom.cc:155:do_switch$10$rdmux[0][4][10]$a$5162 [0] } = 5'11010
    Consolidated identical input bits for $mux cell $memory$auto$proc_rom.cc:155:do_switch$10$rdmux[0][5][19]$5236:
      Old ports: A=7'1100111, B=7'1101001, Y=$memory$auto$proc_rom.cc:155:do_switch$10$rdmux[0][4][9]$b$5160
      New ports: A=2'01, B=2'10, Y={ $memory$auto$proc_rom.cc:155:do_switch$10$rdmux[0][4][9]$b$5160 [3] $memory$auto$proc_rom.cc:155:do_switch$10$rdmux[0][4][9]$b$5160 [1] }
      New connections: { $memory$auto$proc_rom.cc:155:do_switch$10$rdmux[0][4][9]$b$5160 [6:4] $memory$auto$proc_rom.cc:155:do_switch$10$rdmux[0][4][9]$b$5160 [2] $memory$auto$proc_rom.cc:155:do_switch$10$rdmux[0][4][9]$b$5160 [0] } = { 3'110 $memory$auto$proc_rom.cc:155:do_switch$10$rdmux[0][4][9]$b$5160 [1] 1'1 }
    Consolidated identical input bits for $mux cell $memory$auto$proc_rom.cc:155:do_switch$10$rdmux[0][5][18]$5233:
      Old ports: A=7'1100011, B=7'1100101, Y=$memory$auto$proc_rom.cc:155:do_switch$10$rdmux[0][4][9]$a$5159
      New ports: A=2'01, B=2'10, Y=$memory$auto$proc_rom.cc:155:do_switch$10$rdmux[0][4][9]$a$5159 [2:1]
      New connections: { $memory$auto$proc_rom.cc:155:do_switch$10$rdmux[0][4][9]$a$5159 [6:3] $memory$auto$proc_rom.cc:155:do_switch$10$rdmux[0][4][9]$a$5159 [0] } = 5'11001
    Consolidated identical input bits for $mux cell $memory$auto$proc_rom.cc:155:do_switch$10$rdmux[0][5][17]$5230:
      Old ports: A=7'1011111, B=7'1100001, Y=$memory$auto$proc_rom.cc:155:do_switch$10$rdmux[0][4][8]$b$5157
      New ports: A=2'01, B=2'10, Y={ $memory$auto$proc_rom.cc:155:do_switch$10$rdmux[0][4][8]$b$5157 [5] $memory$auto$proc_rom.cc:155:do_switch$10$rdmux[0][4][8]$b$5157 [1] }
      New connections: { $memory$auto$proc_rom.cc:155:do_switch$10$rdmux[0][4][8]$b$5157 [6] $memory$auto$proc_rom.cc:155:do_switch$10$rdmux[0][4][8]$b$5157 [4:2] $memory$auto$proc_rom.cc:155:do_switch$10$rdmux[0][4][8]$b$5157 [0] } = { 1'1 $memory$auto$proc_rom.cc:155:do_switch$10$rdmux[0][4][8]$b$5157 [1] $memory$auto$proc_rom.cc:155:do_switch$10$rdmux[0][4][8]$b$5157 [1] $memory$auto$proc_rom.cc:155:do_switch$10$rdmux[0][4][8]$b$5157 [1] 1'1 }
    Consolidated identical input bits for $mux cell $memory$auto$proc_rom.cc:155:do_switch$10$rdmux[0][5][16]$5227:
      Old ports: A=7'1011011, B=7'1011101, Y=$memory$auto$proc_rom.cc:155:do_switch$10$rdmux[0][4][8]$a$5156
      New ports: A=2'01, B=2'10, Y=$memory$auto$proc_rom.cc:155:do_switch$10$rdmux[0][4][8]$a$5156 [2:1]
      New connections: { $memory$auto$proc_rom.cc:155:do_switch$10$rdmux[0][4][8]$a$5156 [6:3] $memory$auto$proc_rom.cc:155:do_switch$10$rdmux[0][4][8]$a$5156 [0] } = 5'10111
    Consolidated identical input bits for $mux cell $memory$auto$proc_rom.cc:155:do_switch$10$rdmux[0][5][15]$5224:
      Old ports: A=7'1010110, B=7'1011001, Y=$memory$auto$proc_rom.cc:155:do_switch$10$rdmux[0][4][7]$b$5154
      New ports: A=2'10, B=2'01, Y=$memory$auto$proc_rom.cc:155:do_switch$10$rdmux[0][4][7]$b$5154 [1:0]
      New connections: $memory$auto$proc_rom.cc:155:do_switch$10$rdmux[0][4][7]$b$5154 [6:2] = { 3'101 $memory$auto$proc_rom.cc:155:do_switch$10$rdmux[0][4][7]$b$5154 [0] $memory$auto$proc_rom.cc:155:do_switch$10$rdmux[0][4][7]$b$5154 [1] }
    Consolidated identical input bits for $mux cell $memory$auto$proc_rom.cc:155:do_switch$10$rdmux[0][5][14]$5221:
      Old ports: A=7'1010010, B=7'1010100, Y=$memory$auto$proc_rom.cc:155:do_switch$10$rdmux[0][4][7]$a$5153
      New ports: A=2'01, B=2'10, Y=$memory$auto$proc_rom.cc:155:do_switch$10$rdmux[0][4][7]$a$5153 [2:1]
      New connections: { $memory$auto$proc_rom.cc:155:do_switch$10$rdmux[0][4][7]$a$5153 [6:3] $memory$auto$proc_rom.cc:155:do_switch$10$rdmux[0][4][7]$a$5153 [0] } = 5'10100
    Consolidated identical input bits for $mux cell $memory$auto$proc_rom.cc:155:do_switch$10$rdmux[0][5][13]$5218:
      Old ports: A=7'1001101, B=7'1001111, Y=$memory$auto$proc_rom.cc:155:do_switch$10$rdmux[0][4][6]$b$5151
      New ports: A=1'0, B=1'1, Y=$memory$auto$proc_rom.cc:155:do_switch$10$rdmux[0][4][6]$b$5151 [1]
      New connections: { $memory$auto$proc_rom.cc:155:do_switch$10$rdmux[0][4][6]$b$5151 [6:2] $memory$auto$proc_rom.cc:155:do_switch$10$rdmux[0][4][6]$b$5151 [0] } = 6'100111
    Consolidated identical input bits for $mux cell $memory$auto$proc_rom.cc:155:do_switch$10$rdmux[0][5][12]$5215:
      Old ports: A=7'1001000, B=7'1001010, Y=$memory$auto$proc_rom.cc:155:do_switch$10$rdmux[0][4][6]$a$5150
      New ports: A=1'0, B=1'1, Y=$memory$auto$proc_rom.cc:155:do_switch$10$rdmux[0][4][6]$a$5150 [1]
      New connections: { $memory$auto$proc_rom.cc:155:do_switch$10$rdmux[0][4][6]$a$5150 [6:2] $memory$auto$proc_rom.cc:155:do_switch$10$rdmux[0][4][6]$a$5150 [0] } = 6'100100
    Consolidated identical input bits for $mux cell $memory$auto$proc_rom.cc:155:do_switch$10$rdmux[0][5][11]$5212:
      Old ports: A=7'1000011, B=7'1000101, Y=$memory$auto$proc_rom.cc:155:do_switch$10$rdmux[0][4][5]$b$5148
      New ports: A=2'01, B=2'10, Y=$memory$auto$proc_rom.cc:155:do_switch$10$rdmux[0][4][5]$b$5148 [2:1]
      New connections: { $memory$auto$proc_rom.cc:155:do_switch$10$rdmux[0][4][5]$b$5148 [6:3] $memory$auto$proc_rom.cc:155:do_switch$10$rdmux[0][4][5]$b$5148 [0] } = 5'10001
    Consolidated identical input bits for $mux cell $memory$auto$proc_rom.cc:155:do_switch$10$rdmux[0][5][10]$5209:
      Old ports: A=7'0111101, B=7'1000000, Y=$memory$auto$proc_rom.cc:155:do_switch$10$rdmux[0][4][5]$a$5147
      New ports: A=2'01, B=2'10, Y={ $memory$auto$proc_rom.cc:155:do_switch$10$rdmux[0][4][5]$a$5147 [6] $memory$auto$proc_rom.cc:155:do_switch$10$rdmux[0][4][5]$a$5147 [0] }
      New connections: $memory$auto$proc_rom.cc:155:do_switch$10$rdmux[0][4][5]$a$5147 [5:1] = { $memory$auto$proc_rom.cc:155:do_switch$10$rdmux[0][4][5]$a$5147 [0] $memory$auto$proc_rom.cc:155:do_switch$10$rdmux[0][4][5]$a$5147 [0] $memory$auto$proc_rom.cc:155:do_switch$10$rdmux[0][4][5]$a$5147 [0] $memory$auto$proc_rom.cc:155:do_switch$10$rdmux[0][4][5]$a$5147 [0] 1'0 }
    Consolidated identical input bits for $mux cell $memory$auto$proc_rom.cc:155:do_switch$10$rdmux[0][5][9]$5206:
      Old ports: A=7'0111000, B=7'0111010, Y=$memory$auto$proc_rom.cc:155:do_switch$10$rdmux[0][4][4]$b$5145
      New ports: A=1'0, B=1'1, Y=$memory$auto$proc_rom.cc:155:do_switch$10$rdmux[0][4][4]$b$5145 [1]
      New connections: { $memory$auto$proc_rom.cc:155:do_switch$10$rdmux[0][4][4]$b$5145 [6:2] $memory$auto$proc_rom.cc:155:do_switch$10$rdmux[0][4][4]$b$5145 [0] } = 6'011100
    Consolidated identical input bits for $mux cell $memory$auto$proc_rom.cc:155:do_switch$10$rdmux[0][5][8]$5203:
      Old ports: A=7'0110010, B=7'0110101, Y=$memory$auto$proc_rom.cc:155:do_switch$10$rdmux[0][4][4]$a$5144
      New ports: A=2'10, B=2'01, Y=$memory$auto$proc_rom.cc:155:do_switch$10$rdmux[0][4][4]$a$5144 [1:0]
      New connections: $memory$auto$proc_rom.cc:155:do_switch$10$rdmux[0][4][4]$a$5144 [6:2] = { 4'0110 $memory$auto$proc_rom.cc:155:do_switch$10$rdmux[0][4][4]$a$5144 [0] }
    Consolidated identical input bits for $mux cell $memory$auto$proc_rom.cc:155:do_switch$10$rdmux[0][5][7]$5200:
      Old ports: A=7'0101100, B=7'0101111, Y=$memory$auto$proc_rom.cc:155:do_switch$10$rdmux[0][4][3]$b$5142
      New ports: A=1'0, B=1'1, Y=$memory$auto$proc_rom.cc:155:do_switch$10$rdmux[0][4][3]$b$5142 [0]
      New connections: $memory$auto$proc_rom.cc:155:do_switch$10$rdmux[0][4][3]$b$5142 [6:1] = { 5'01011 $memory$auto$proc_rom.cc:155:do_switch$10$rdmux[0][4][3]$b$5142 [0] }
    Consolidated identical input bits for $mux cell $memory$auto$proc_rom.cc:155:do_switch$10$rdmux[0][5][6]$5197:
      Old ports: A=7'0100110, B=7'0101001, Y=$memory$auto$proc_rom.cc:155:do_switch$10$rdmux[0][4][3]$a$5141
      New ports: A=2'10, B=2'01, Y=$memory$auto$proc_rom.cc:155:do_switch$10$rdmux[0][4][3]$a$5141 [1:0]
      New connections: $memory$auto$proc_rom.cc:155:do_switch$10$rdmux[0][4][3]$a$5141 [6:2] = { 3'010 $memory$auto$proc_rom.cc:155:do_switch$10$rdmux[0][4][3]$a$5141 [0] $memory$auto$proc_rom.cc:155:do_switch$10$rdmux[0][4][3]$a$5141 [1] }
    Consolidated identical input bits for $mux cell $memory$auto$proc_rom.cc:155:do_switch$10$rdmux[0][5][5]$5194:
      Old ports: A=7'0100000, B=7'0100011, Y=$memory$auto$proc_rom.cc:155:do_switch$10$rdmux[0][4][2]$b$5139
      New ports: A=1'0, B=1'1, Y=$memory$auto$proc_rom.cc:155:do_switch$10$rdmux[0][4][2]$b$5139 [0]
      New connections: $memory$auto$proc_rom.cc:155:do_switch$10$rdmux[0][4][2]$b$5139 [6:1] = { 5'01000 $memory$auto$proc_rom.cc:155:do_switch$10$rdmux[0][4][2]$b$5139 [0] }
    Consolidated identical input bits for $mux cell $memory$auto$proc_rom.cc:155:do_switch$10$rdmux[0][5][4]$5191:
      Old ports: A=7'0011010, B=7'0011101, Y=$memory$auto$proc_rom.cc:155:do_switch$10$rdmux[0][4][2]$a$5138
      New ports: A=2'10, B=2'01, Y=$memory$auto$proc_rom.cc:155:do_switch$10$rdmux[0][4][2]$a$5138 [1:0]
      New connections: $memory$auto$proc_rom.cc:155:do_switch$10$rdmux[0][4][2]$a$5138 [6:2] = { 4'0011 $memory$auto$proc_rom.cc:155:do_switch$10$rdmux[0][4][2]$a$5138 [0] }
    Consolidated identical input bits for $mux cell $memory$auto$proc_rom.cc:155:do_switch$10$rdmux[0][5][3]$5188:
      Old ports: A=7'0010100, B=7'0010111, Y=$memory$auto$proc_rom.cc:155:do_switch$10$rdmux[0][4][1]$b$5136
      New ports: A=1'0, B=1'1, Y=$memory$auto$proc_rom.cc:155:do_switch$10$rdmux[0][4][1]$b$5136 [0]
      New connections: $memory$auto$proc_rom.cc:155:do_switch$10$rdmux[0][4][1]$b$5136 [6:1] = { 5'00101 $memory$auto$proc_rom.cc:155:do_switch$10$rdmux[0][4][1]$b$5136 [0] }
    Consolidated identical input bits for $mux cell $memory$auto$proc_rom.cc:155:do_switch$10$rdmux[0][5][2]$5185:
      Old ports: A=7'0001110, B=7'0010001, Y=$memory$auto$proc_rom.cc:155:do_switch$10$rdmux[0][4][1]$a$5135
      New ports: A=2'10, B=2'01, Y=$memory$auto$proc_rom.cc:155:do_switch$10$rdmux[0][4][1]$a$5135 [1:0]
      New connections: $memory$auto$proc_rom.cc:155:do_switch$10$rdmux[0][4][1]$a$5135 [6:2] = { 2'00 $memory$auto$proc_rom.cc:155:do_switch$10$rdmux[0][4][1]$a$5135 [0] $memory$auto$proc_rom.cc:155:do_switch$10$rdmux[0][4][1]$a$5135 [1] $memory$auto$proc_rom.cc:155:do_switch$10$rdmux[0][4][1]$a$5135 [1] }
    Consolidated identical input bits for $mux cell $memory$auto$proc_rom.cc:155:do_switch$10$rdmux[0][5][1]$5182:
      Old ports: A=7'0001000, B=7'0001011, Y=$memory$auto$proc_rom.cc:155:do_switch$10$rdmux[0][4][0]$b$5133
      New ports: A=1'0, B=1'1, Y=$memory$auto$proc_rom.cc:155:do_switch$10$rdmux[0][4][0]$b$5133 [0]
      New connections: $memory$auto$proc_rom.cc:155:do_switch$10$rdmux[0][4][0]$b$5133 [6:1] = { 5'00010 $memory$auto$proc_rom.cc:155:do_switch$10$rdmux[0][4][0]$b$5133 [0] }
    Consolidated identical input bits for $mux cell $memory$auto$proc_rom.cc:155:do_switch$10$rdmux[0][5][0]$5179:
      Old ports: A=7'0000010, B=7'0000101, Y=$memory$auto$proc_rom.cc:155:do_switch$10$rdmux[0][4][0]$a$5132
      New ports: A=2'10, B=2'01, Y=$memory$auto$proc_rom.cc:155:do_switch$10$rdmux[0][4][0]$a$5132 [1:0]
      New connections: $memory$auto$proc_rom.cc:155:do_switch$10$rdmux[0][4][0]$a$5132 [6:2] = { 4'0000 $memory$auto$proc_rom.cc:155:do_switch$10$rdmux[0][4][0]$a$5132 [0] }
    Consolidated identical input bits for $mux cell $memory$auto$proc_rom.cc:155:do_switch$6$rdmux[0][5][16]$5794:
      Old ports: A=7'1011011, B=7'1011101, Y=$memory$auto$proc_rom.cc:155:do_switch$6$rdmux[0][4][8]$a$5723
      New ports: A=2'01, B=2'10, Y=$memory$auto$proc_rom.cc:155:do_switch$6$rdmux[0][4][8]$a$5723 [2:1]
      New connections: { $memory$auto$proc_rom.cc:155:do_switch$6$rdmux[0][4][8]$a$5723 [6:3] $memory$auto$proc_rom.cc:155:do_switch$6$rdmux[0][4][8]$a$5723 [0] } = 5'10111
    Consolidated identical input bits for $mux cell $memory$auto$proc_rom.cc:155:do_switch$10$rdmux[0][4][14]$5173:
      Old ports: A=7'1111101, B=7'1111110, Y=$memory$auto$proc_rom.cc:155:do_switch$10$rdmux[0][3][7]$a$5129
      New ports: A=2'01, B=2'10, Y=$memory$auto$proc_rom.cc:155:do_switch$10$rdmux[0][3][7]$a$5129 [1:0]
      New connections: $memory$auto$proc_rom.cc:155:do_switch$10$rdmux[0][3][7]$a$5129 [6:2] = 5'11111
    Consolidated identical input bits for $mux cell $memory$auto$proc_rom.cc:155:do_switch$6$rdmux[0][5][18]$5800:
      Old ports: A=7'1100011, B=7'1100101, Y=$memory$auto$proc_rom.cc:155:do_switch$6$rdmux[0][4][9]$a$5726
      New ports: A=2'01, B=2'10, Y=$memory$auto$proc_rom.cc:155:do_switch$6$rdmux[0][4][9]$a$5726 [2:1]
      New connections: { $memory$auto$proc_rom.cc:155:do_switch$6$rdmux[0][4][9]$a$5726 [6:3] $memory$auto$proc_rom.cc:155:do_switch$6$rdmux[0][4][9]$a$5726 [0] } = 5'11001
    Consolidated identical input bits for $mux cell $memory$auto$proc_rom.cc:155:do_switch$6$rdmux[0][5][11]$5779:
      Old ports: A=7'1000011, B=7'1000101, Y=$memory$auto$proc_rom.cc:155:do_switch$6$rdmux[0][4][5]$b$5715
      New ports: A=2'01, B=2'10, Y=$memory$auto$proc_rom.cc:155:do_switch$6$rdmux[0][4][5]$b$5715 [2:1]
      New connections: { $memory$auto$proc_rom.cc:155:do_switch$6$rdmux[0][4][5]$b$5715 [6:3] $memory$auto$proc_rom.cc:155:do_switch$6$rdmux[0][4][5]$b$5715 [0] } = 5'10001
    Consolidated identical input bits for $mux cell $memory$auto$proc_rom.cc:155:do_switch$6$rdmux[0][5][21]$5809:
      Old ports: A=7'1101110, B=7'1101111, Y=$memory$auto$proc_rom.cc:155:do_switch$6$rdmux[0][4][10]$b$5730
      New ports: A=1'0, B=1'1, Y=$memory$auto$proc_rom.cc:155:do_switch$6$rdmux[0][4][10]$b$5730 [0]
      New connections: $memory$auto$proc_rom.cc:155:do_switch$6$rdmux[0][4][10]$b$5730 [6:1] = 6'110111
    Consolidated identical input bits for $mux cell $memory$auto$proc_rom.cc:155:do_switch$6$rdmux[0][5][24]$5818:
      Old ports: A=7'1110110, B=7'1110111, Y=$memory$auto$proc_rom.cc:155:do_switch$6$rdmux[0][4][12]$a$5735
      New ports: A=1'0, B=1'1, Y=$memory$auto$proc_rom.cc:155:do_switch$6$rdmux[0][4][12]$a$5735 [0]
      New connections: $memory$auto$proc_rom.cc:155:do_switch$6$rdmux[0][4][12]$a$5735 [6:1] = 6'111011
    Consolidated identical input bits for $mux cell $memory$auto$proc_rom.cc:155:do_switch$6$rdmux[0][5][6]$5764:
      Old ports: A=7'0100110, B=7'0101001, Y=$memory$auto$proc_rom.cc:155:do_switch$6$rdmux[0][4][3]$a$5708
      New ports: A=2'10, B=2'01, Y=$memory$auto$proc_rom.cc:155:do_switch$6$rdmux[0][4][3]$a$5708 [1:0]
      New connections: $memory$auto$proc_rom.cc:155:do_switch$6$rdmux[0][4][3]$a$5708 [6:2] = { 3'010 $memory$auto$proc_rom.cc:155:do_switch$6$rdmux[0][4][3]$a$5708 [0] $memory$auto$proc_rom.cc:155:do_switch$6$rdmux[0][4][3]$a$5708 [1] }
    Consolidated identical input bits for $mux cell $memory$auto$proc_rom.cc:155:do_switch$6$rdmux[0][5][5]$5761:
      Old ports: A=7'0100000, B=7'0100011, Y=$memory$auto$proc_rom.cc:155:do_switch$6$rdmux[0][4][2]$b$5706
      New ports: A=1'0, B=1'1, Y=$memory$auto$proc_rom.cc:155:do_switch$6$rdmux[0][4][2]$b$5706 [0]
      New connections: $memory$auto$proc_rom.cc:155:do_switch$6$rdmux[0][4][2]$b$5706 [6:1] = { 5'01000 $memory$auto$proc_rom.cc:155:do_switch$6$rdmux[0][4][2]$b$5706 [0] }
    Consolidated identical input bits for $mux cell $procmux$3118:
      Old ports: A=3'010, B=3'100, Y=$digital_domain_inst.state_machine_inst.state_d$156
      New ports: A=2'01, B=2'10, Y=$digital_domain_inst.state_machine_inst.state_d$156 [2:1]
      New connections: $digital_domain_inst.state_machine_inst.state_d$156 [0] = 1'0
    Consolidated identical input bits for $mux cell $memory$auto$proc_rom.cc:155:do_switch$6$rdmux[0][5][4]$5758:
      Old ports: A=7'0011010, B=7'0011101, Y=$memory$auto$proc_rom.cc:155:do_switch$6$rdmux[0][4][2]$a$5705
      New ports: A=2'10, B=2'01, Y=$memory$auto$proc_rom.cc:155:do_switch$6$rdmux[0][4][2]$a$5705 [1:0]
      New connections: $memory$auto$proc_rom.cc:155:do_switch$6$rdmux[0][4][2]$a$5705 [6:2] = { 4'0011 $memory$auto$proc_rom.cc:155:do_switch$6$rdmux[0][4][2]$a$5705 [0] }
    Consolidated identical input bits for $mux cell $memory$auto$proc_rom.cc:155:do_switch$6$rdmux[0][5][3]$5755:
      Old ports: A=7'0010100, B=7'0010111, Y=$memory$auto$proc_rom.cc:155:do_switch$6$rdmux[0][4][1]$b$5703
      New ports: A=1'0, B=1'1, Y=$memory$auto$proc_rom.cc:155:do_switch$6$rdmux[0][4][1]$b$5703 [0]
      New connections: $memory$auto$proc_rom.cc:155:do_switch$6$rdmux[0][4][1]$b$5703 [6:1] = { 5'00101 $memory$auto$proc_rom.cc:155:do_switch$6$rdmux[0][4][1]$b$5703 [0] }
    Consolidated identical input bits for $mux cell $memory$auto$proc_rom.cc:155:do_switch$6$rdmux[0][5][2]$5752:
      Old ports: A=7'0001110, B=7'0010001, Y=$memory$auto$proc_rom.cc:155:do_switch$6$rdmux[0][4][1]$a$5702
      New ports: A=2'10, B=2'01, Y=$memory$auto$proc_rom.cc:155:do_switch$6$rdmux[0][4][1]$a$5702 [1:0]
      New connections: $memory$auto$proc_rom.cc:155:do_switch$6$rdmux[0][4][1]$a$5702 [6:2] = { 2'00 $memory$auto$proc_rom.cc:155:do_switch$6$rdmux[0][4][1]$a$5702 [0] $memory$auto$proc_rom.cc:155:do_switch$6$rdmux[0][4][1]$a$5702 [1] $memory$auto$proc_rom.cc:155:do_switch$6$rdmux[0][4][1]$a$5702 [1] }
  Optimizing cells in module \wrapper.
    Consolidated identical input bits for $mux cell $memory$auto$proc_rom.cc:155:do_switch$6$rdmux[0][4][13]$5737:
      Old ports: A=$memory$auto$proc_rom.cc:155:do_switch$6$rdmux[0][4][13]$a$5738, B=7'1111100, Y=$memory$auto$proc_rom.cc:155:do_switch$6$rdmux[0][3][6]$b$5694
      New ports: A={ 2'01 $memory$auto$proc_rom.cc:155:do_switch$6$rdmux[0][4][13]$a$5738 [0] }, B=3'100, Y=$memory$auto$proc_rom.cc:155:do_switch$6$rdmux[0][3][6]$b$5694 [2:0]
      New connections: $memory$auto$proc_rom.cc:155:do_switch$6$rdmux[0][3][6]$b$5694 [6:3] = 4'1111
    Consolidated identical input bits for $mux cell $memory$auto$proc_rom.cc:155:do_switch$6$rdmux[0][4][12]$5734:
      Old ports: A=$memory$auto$proc_rom.cc:155:do_switch$6$rdmux[0][4][12]$a$5735, B=$memory$auto$proc_rom.cc:155:do_switch$6$rdmux[0][4][12]$b$5736, Y=$memory$auto$proc_rom.cc:155:do_switch$6$rdmux[0][3][6]$a$5693
      New ports: A={ 2'01 $memory$auto$proc_rom.cc:155:do_switch$6$rdmux[0][4][12]$a$5735 [0] }, B={ 2'10 $memory$auto$proc_rom.cc:155:do_switch$6$rdmux[0][4][12]$b$5736 [0] }, Y={ $memory$auto$proc_rom.cc:155:do_switch$6$rdmux[0][3][6]$a$5693 [3] $memory$auto$proc_rom.cc:155:do_switch$6$rdmux[0][3][6]$a$5693 [1:0] }
      New connections: { $memory$auto$proc_rom.cc:155:do_switch$6$rdmux[0][3][6]$a$5693 [6:4] $memory$auto$proc_rom.cc:155:do_switch$6$rdmux[0][3][6]$a$5693 [2] } = { 3'111 $memory$auto$proc_rom.cc:155:do_switch$6$rdmux[0][3][6]$a$5693 [1] }
    Consolidated identical input bits for $mux cell $memory$auto$proc_rom.cc:155:do_switch$6$rdmux[0][4][11]$5731:
      Old ports: A=$memory$auto$proc_rom.cc:155:do_switch$6$rdmux[0][4][11]$a$5732, B=$memory$auto$proc_rom.cc:155:do_switch$6$rdmux[0][4][11]$b$5733, Y=$memory$auto$proc_rom.cc:155:do_switch$6$rdmux[0][3][5]$b$5691
      New ports: A={ 1'0 $memory$auto$proc_rom.cc:155:do_switch$6$rdmux[0][4][11]$a$5732 [1:0] }, B={ $memory$auto$proc_rom.cc:155:do_switch$6$rdmux[0][4][11]$b$5733 [2:1] 1'1 }, Y=$memory$auto$proc_rom.cc:155:do_switch$6$rdmux[0][3][5]$b$5691 [2:0]
      New connections: $memory$auto$proc_rom.cc:155:do_switch$6$rdmux[0][3][5]$b$5691 [6:3] = 4'1110
    Consolidated identical input bits for $mux cell $memory$auto$proc_rom.cc:155:do_switch$6$rdmux[0][4][10]$5728:
      Old ports: A=$memory$auto$proc_rom.cc:155:do_switch$6$rdmux[0][4][10]$a$5729, B=$memory$auto$proc_rom.cc:155:do_switch$6$rdmux[0][4][10]$b$5730, Y=$memory$auto$proc_rom.cc:155:do_switch$6$rdmux[0][3][5]$a$5690
      New ports: A={ $memory$auto$proc_rom.cc:155:do_switch$6$rdmux[0][4][10]$a$5729 [2:1] 1'0 }, B={ 2'11 $memory$auto$proc_rom.cc:155:do_switch$6$rdmux[0][4][10]$b$5730 [0] }, Y=$memory$auto$proc_rom.cc:155:do_switch$6$rdmux[0][3][5]$a$5690 [2:0]
      New connections: $memory$auto$proc_rom.cc:155:do_switch$6$rdmux[0][3][5]$a$5690 [6:3] = 4'1101
    Consolidated identical input bits for $mux cell $memory$auto$proc_rom.cc:155:do_switch$6$rdmux[0][4][9]$5725:
      Old ports: A=$memory$auto$proc_rom.cc:155:do_switch$6$rdmux[0][4][9]$a$5726, B=$memory$auto$proc_rom.cc:155:do_switch$6$rdmux[0][4][9]$b$5727, Y=$memory$auto$proc_rom.cc:155:do_switch$6$rdmux[0][3][4]$b$5688
      New ports: A={ 1'0 $memory$auto$proc_rom.cc:155:do_switch$6$rdmux[0][4][9]$a$5726 [2:1] }, B={ $memory$auto$proc_rom.cc:155:do_switch$6$rdmux[0][4][9]$b$5727 [3] $memory$auto$proc_rom.cc:155:do_switch$6$rdmux[0][4][9]$b$5727 [1] $memory$auto$proc_rom.cc:155:do_switch$6$rdmux[0][4][9]$b$5727 [1] }, Y=$memory$auto$proc_rom.cc:155:do_switch$6$rdmux[0][3][4]$b$5688 [3:1]
      New connections: { $memory$auto$proc_rom.cc:155:do_switch$6$rdmux[0][3][4]$b$5688 [6:4] $memory$auto$proc_rom.cc:155:do_switch$6$rdmux[0][3][4]$b$5688 [0] } = 4'1101
    Consolidated identical input bits for $mux cell $memory$auto$proc_rom.cc:155:do_switch$6$rdmux[0][4][8]$5722:
      Old ports: A=$memory$auto$proc_rom.cc:155:do_switch$6$rdmux[0][4][8]$a$5723, B=$memory$auto$proc_rom.cc:155:do_switch$6$rdmux[0][4][8]$b$5724, Y=$memory$auto$proc_rom.cc:155:do_switch$6$rdmux[0][3][4]$a$5687
      New ports: A={ 2'01 $memory$auto$proc_rom.cc:155:do_switch$6$rdmux[0][4][8]$a$5723 [2:1] }, B={ $memory$auto$proc_rom.cc:155:do_switch$6$rdmux[0][4][8]$b$5724 [5] $memory$auto$proc_rom.cc:155:do_switch$6$rdmux[0][4][8]$b$5724 [1] $memory$auto$proc_rom.cc:155:do_switch$6$rdmux[0][4][8]$b$5724 [1] $memory$auto$proc_rom.cc:155:do_switch$6$rdmux[0][4][8]$b$5724 [1] }, Y={ $memory$auto$proc_rom.cc:155:do_switch$6$rdmux[0][3][4]$a$5687 [5] $memory$auto$proc_rom.cc:155:do_switch$6$rdmux[0][3][4]$a$5687 [3:1] }
      New connections: { $memory$auto$proc_rom.cc:155:do_switch$6$rdmux[0][3][4]$a$5687 [6] $memory$auto$proc_rom.cc:155:do_switch$6$rdmux[0][3][4]$a$5687 [4] $memory$auto$proc_rom.cc:155:do_switch$6$rdmux[0][3][4]$a$5687 [0] } = { 1'1 $memory$auto$proc_rom.cc:155:do_switch$6$rdmux[0][3][4]$a$5687 [3] 1'1 }
    Consolidated identical input bits for $mux cell $memory$auto$proc_rom.cc:155:do_switch$6$rdmux[0][4][7]$5719:
      Old ports: A=$memory$auto$proc_rom.cc:155:do_switch$6$rdmux[0][4][7]$a$5720, B=$memory$auto$proc_rom.cc:155:do_switch$6$rdmux[0][4][7]$b$5721, Y=$memory$auto$proc_rom.cc:155:do_switch$6$rdmux[0][3][3]$b$5685
      New ports: A={ $memory$auto$proc_rom.cc:155:do_switch$6$rdmux[0][4][7]$a$5720 [2:1] 1'0 }, B={ $memory$auto$proc_rom.cc:155:do_switch$6$rdmux[0][4][7]$b$5721 [1] $memory$auto$proc_rom.cc:155:do_switch$6$rdmux[0][4][7]$b$5721 [1:0] }, Y=$memory$auto$proc_rom.cc:155:do_switch$6$rdmux[0][3][3]$b$5685 [2:0]
      New connections: $memory$auto$proc_rom.cc:155:do_switch$6$rdmux[0][3][3]$b$5685 [6:3] = { 3'101 $memory$auto$proc_rom.cc:155:do_switch$6$rdmux[0][3][3]$b$5685 [0] }
    Consolidated identical input bits for $mux cell $memory$auto$proc_rom.cc:155:do_switch$6$rdmux[0][4][6]$5716:
      Old ports: A=$memory$auto$proc_rom.cc:155:do_switch$6$rdmux[0][4][6]$a$5717, B=$memory$auto$proc_rom.cc:155:do_switch$6$rdmux[0][4][6]$b$5718, Y=$memory$auto$proc_rom.cc:155:do_switch$6$rdmux[0][3][3]$a$5684
      New ports: A={ $memory$auto$proc_rom.cc:155:do_switch$6$rdmux[0][4][6]$a$5717 [1] 1'0 }, B={ $memory$auto$proc_rom.cc:155:do_switch$6$rdmux[0][4][6]$b$5718 [1] 1'1 }, Y=$memory$auto$proc_rom.cc:155:do_switch$6$rdmux[0][3][3]$a$5684 [1:0]
      New connections: $memory$auto$proc_rom.cc:155:do_switch$6$rdmux[0][3][3]$a$5684 [6:2] = { 4'1001 $memory$auto$proc_rom.cc:155:do_switch$6$rdmux[0][3][3]$a$5684 [0] }
    Consolidated identical input bits for $mux cell $memory$auto$proc_rom.cc:155:do_switch$6$rdmux[0][4][5]$5713:
      Old ports: A=$memory$auto$proc_rom.cc:155:do_switch$6$rdmux[0][4][5]$a$5714, B=$memory$auto$proc_rom.cc:155:do_switch$6$rdmux[0][4][5]$b$5715, Y=$memory$auto$proc_rom.cc:155:do_switch$6$rdmux[0][3][2]$b$5682
      New ports: A={ $memory$auto$proc_rom.cc:155:do_switch$6$rdmux[0][4][5]$a$5714 [6] $memory$auto$proc_rom.cc:155:do_switch$6$rdmux[0][4][5]$a$5714 [0] $memory$auto$proc_rom.cc:155:do_switch$6$rdmux[0][4][5]$a$5714 [0] 1'0 $memory$auto$proc_rom.cc:155:do_switch$6$rdmux[0][4][5]$a$5714 [0] }, B={ 2'10 $memory$auto$proc_rom.cc:155:do_switch$6$rdmux[0][4][5]$b$5715 [2:1] 1'1 }, Y={ $memory$auto$proc_rom.cc:155:do_switch$6$rdmux[0][3][2]$b$5682 [6] $memory$auto$proc_rom.cc:155:do_switch$6$rdmux[0][3][2]$b$5682 [3:0] }
      New connections: $memory$auto$proc_rom.cc:155:do_switch$6$rdmux[0][3][2]$b$5682 [5:4] = { $memory$auto$proc_rom.cc:155:do_switch$6$rdmux[0][3][2]$b$5682 [3] $memory$auto$proc_rom.cc:155:do_switch$6$rdmux[0][3][2]$b$5682 [3] }
    Consolidated identical input bits for $mux cell $memory$auto$proc_rom.cc:155:do_switch$6$rdmux[0][4][4]$5710:
      Old ports: A=$memory$auto$proc_rom.cc:155:do_switch$6$rdmux[0][4][4]$a$5711, B=$memory$auto$proc_rom.cc:155:do_switch$6$rdmux[0][4][4]$b$5712, Y=$memory$auto$proc_rom.cc:155:do_switch$6$rdmux[0][3][2]$a$5681
      New ports: A={ 1'0 $memory$auto$proc_rom.cc:155:do_switch$6$rdmux[0][4][4]$a$5711 [1:0] }, B={ 1'1 $memory$auto$proc_rom.cc:155:do_switch$6$rdmux[0][4][4]$b$5712 [1] 1'0 }, Y={ $memory$auto$proc_rom.cc:155:do_switch$6$rdmux[0][3][2]$a$5681 [3] $memory$auto$proc_rom.cc:155:do_switch$6$rdmux[0][3][2]$a$5681 [1:0] }
      New connections: { $memory$auto$proc_rom.cc:155:do_switch$6$rdmux[0][3][2]$a$5681 [6:4] $memory$auto$proc_rom.cc:155:do_switch$6$rdmux[0][3][2]$a$5681 [2] } = { 3'011 $memory$auto$proc_rom.cc:155:do_switch$6$rdmux[0][3][2]$a$5681 [0] }
    Consolidated identical input bits for $mux cell $memory$auto$proc_rom.cc:155:do_switch$6$rdmux[0][4][3]$5707:
      Old ports: A=$memory$auto$proc_rom.cc:155:do_switch$6$rdmux[0][4][3]$a$5708, B=$memory$auto$proc_rom.cc:155:do_switch$6$rdmux[0][4][3]$b$5709, Y=$memory$auto$proc_rom.cc:155:do_switch$6$rdmux[0][3][1]$b$5679
      New ports: A={ $memory$auto$proc_rom.cc:155:do_switch$6$rdmux[0][4][3]$a$5708 [0] $memory$auto$proc_rom.cc:155:do_switch$6$rdmux[0][4][3]$a$5708 [1] $memory$auto$proc_rom.cc:155:do_switch$6$rdmux[0][4][3]$a$5708 [1:0] }, B={ 2'11 $memory$auto$proc_rom.cc:155:do_switch$6$rdmux[0][4][3]$b$5709 [0] $memory$auto$proc_rom.cc:155:do_switch$6$rdmux[0][4][3]$b$5709 [0] }, Y=$memory$auto$proc_rom.cc:155:do_switch$6$rdmux[0][3][1]$b$5679 [3:0]
      New connections: $memory$auto$proc_rom.cc:155:do_switch$6$rdmux[0][3][1]$b$5679 [6:4] = 3'010
    Consolidated identical input bits for $mux cell $memory$auto$proc_rom.cc:155:do_switch$6$rdmux[0][4][2]$5704:
      Old ports: A=$memory$auto$proc_rom.cc:155:do_switch$6$rdmux[0][4][2]$a$5705, B=$memory$auto$proc_rom.cc:155:do_switch$6$rdmux[0][4][2]$b$5706, Y=$memory$auto$proc_rom.cc:155:do_switch$6$rdmux[0][3][1]$a$5678
      New ports: A={ 2'01 $memory$auto$proc_rom.cc:155:do_switch$6$rdmux[0][4][2]$a$5705 [0] $memory$auto$proc_rom.cc:155:do_switch$6$rdmux[0][4][2]$a$5705 [1:0] }, B={ 3'100 $memory$auto$proc_rom.cc:155:do_switch$6$rdmux[0][4][2]$b$5706 [0] $memory$auto$proc_rom.cc:155:do_switch$6$rdmux[0][4][2]$b$5706 [0] }, Y={ $memory$auto$proc_rom.cc:155:do_switch$6$rdmux[0][3][1]$a$5678 [5] $memory$auto$proc_rom.cc:155:do_switch$6$rdmux[0][3][1]$a$5678 [3:0] }
      New connections: { $memory$auto$proc_rom.cc:155:do_switch$6$rdmux[0][3][1]$a$5678 [6] $memory$auto$proc_rom.cc:155:do_switch$6$rdmux[0][3][1]$a$5678 [4] } = { 1'0 $memory$auto$proc_rom.cc:155:do_switch$6$rdmux[0][3][1]$a$5678 [3] }
    Consolidated identical input bits for $mux cell $memory$auto$proc_rom.cc:155:do_switch$6$rdmux[0][4][1]$5701:
      Old ports: A=$memory$auto$proc_rom.cc:155:do_switch$6$rdmux[0][4][1]$a$5702, B=$memory$auto$proc_rom.cc:155:do_switch$6$rdmux[0][4][1]$b$5703, Y=$memory$auto$proc_rom.cc:155:do_switch$6$rdmux[0][3][0]$b$5676
      New ports: A={ $memory$auto$proc_rom.cc:155:do_switch$6$rdmux[0][4][1]$a$5702 [0] $memory$auto$proc_rom.cc:155:do_switch$6$rdmux[0][4][1]$a$5702 [1] $memory$auto$proc_rom.cc:155:do_switch$6$rdmux[0][4][1]$a$5702 [1] $memory$auto$proc_rom.cc:155:do_switch$6$rdmux[0][4][1]$a$5702 [1:0] }, B={ 3'101 $memory$auto$proc_rom.cc:155:do_switch$6$rdmux[0][4][1]$b$5703 [0] $memory$auto$proc_rom.cc:155:do_switch$6$rdmux[0][4][1]$b$5703 [0] }, Y=$memory$auto$proc_rom.cc:155:do_switch$6$rdmux[0][3][0]$b$5676 [4:0]
      New connections: $memory$auto$proc_rom.cc:155:do_switch$6$rdmux[0][3][0]$b$5676 [6:5] = 2'00
    Consolidated identical input bits for $mux cell $memory$auto$proc_rom.cc:155:do_switch$6$rdmux[0][4][0]$5698:
      Old ports: A=$memory$auto$proc_rom.cc:155:do_switch$6$rdmux[0][4][0]$a$5699, B=$memory$auto$proc_rom.cc:155:do_switch$6$rdmux[0][4][0]$b$5700, Y=$memory$auto$proc_rom.cc:155:do_switch$6$rdmux[0][3][0]$a$5675
      New ports: A={ 1'0 $memory$auto$proc_rom.cc:155:do_switch$6$rdmux[0][4][0]$a$5699 [0] $memory$auto$proc_rom.cc:155:do_switch$6$rdmux[0][4][0]$a$5699 [1:0] }, B={ 2'10 $memory$auto$proc_rom.cc:155:do_switch$6$rdmux[0][4][0]$b$5700 [0] $memory$auto$proc_rom.cc:155:do_switch$6$rdmux[0][4][0]$b$5700 [0] }, Y=$memory$auto$proc_rom.cc:155:do_switch$6$rdmux[0][3][0]$a$5675 [3:0]
      New connections: $memory$auto$proc_rom.cc:155:do_switch$6$rdmux[0][3][0]$a$5675 [6:4] = 3'000
    Consolidated identical input bits for $mux cell $memory$auto$proc_rom.cc:155:do_switch$6$rdmux[0][3][7]$5695:
      Old ports: A=$memory$auto$proc_rom.cc:155:do_switch$6$rdmux[0][3][7]$a$5696, B=7'1111111, Y=$memory$auto$proc_rom.cc:155:do_switch$6$rdmux[0][2][3]$b$5673
      New ports: A=$memory$auto$proc_rom.cc:155:do_switch$6$rdmux[0][3][7]$a$5696 [1:0], B=2'11, Y=$memory$auto$proc_rom.cc:155:do_switch$6$rdmux[0][2][3]$b$5673 [1:0]
      New connections: $memory$auto$proc_rom.cc:155:do_switch$6$rdmux[0][2][3]$b$5673 [6:2] = 5'11111
    Consolidated identical input bits for $mux cell $memory$auto$proc_rom.cc:155:do_switch$2$rdmux[0][4][13]$5548:
      Old ports: A=$memory$auto$proc_rom.cc:155:do_switch$2$rdmux[0][4][13]$a$5549, B=7'1111100, Y=$memory$auto$proc_rom.cc:155:do_switch$2$rdmux[0][3][6]$b$5505
      New ports: A={ 2'01 $memory$auto$proc_rom.cc:155:do_switch$2$rdmux[0][4][13]$a$5549 [0] }, B=3'100, Y=$memory$auto$proc_rom.cc:155:do_switch$2$rdmux[0][3][6]$b$5505 [2:0]
      New connections: $memory$auto$proc_rom.cc:155:do_switch$2$rdmux[0][3][6]$b$5505 [6:3] = 4'1111
    Consolidated identical input bits for $mux cell $memory$auto$proc_rom.cc:155:do_switch$2$rdmux[0][4][12]$5545:
      Old ports: A=$memory$auto$proc_rom.cc:155:do_switch$2$rdmux[0][4][12]$a$5546, B=$memory$auto$proc_rom.cc:155:do_switch$2$rdmux[0][4][12]$b$5547, Y=$memory$auto$proc_rom.cc:155:do_switch$2$rdmux[0][3][6]$a$5504
      New ports: A={ 2'01 $memory$auto$proc_rom.cc:155:do_switch$2$rdmux[0][4][12]$a$5546 [0] }, B={ 2'10 $memory$auto$proc_rom.cc:155:do_switch$2$rdmux[0][4][12]$b$5547 [0] }, Y={ $memory$auto$proc_rom.cc:155:do_switch$2$rdmux[0][3][6]$a$5504 [3] $memory$auto$proc_rom.cc:155:do_switch$2$rdmux[0][3][6]$a$5504 [1:0] }
      New connections: { $memory$auto$proc_rom.cc:155:do_switch$2$rdmux[0][3][6]$a$5504 [6:4] $memory$auto$proc_rom.cc:155:do_switch$2$rdmux[0][3][6]$a$5504 [2] } = { 3'111 $memory$auto$proc_rom.cc:155:do_switch$2$rdmux[0][3][6]$a$5504 [1] }
    Consolidated identical input bits for $mux cell $memory$auto$proc_rom.cc:155:do_switch$2$rdmux[0][4][11]$5542:
      Old ports: A=$memory$auto$proc_rom.cc:155:do_switch$2$rdmux[0][4][11]$a$5543, B=$memory$auto$proc_rom.cc:155:do_switch$2$rdmux[0][4][11]$b$5544, Y=$memory$auto$proc_rom.cc:155:do_switch$2$rdmux[0][3][5]$b$5502
      New ports: A={ 1'0 $memory$auto$proc_rom.cc:155:do_switch$2$rdmux[0][4][11]$a$5543 [1:0] }, B={ $memory$auto$proc_rom.cc:155:do_switch$2$rdmux[0][4][11]$b$5544 [2:1] 1'1 }, Y=$memory$auto$proc_rom.cc:155:do_switch$2$rdmux[0][3][5]$b$5502 [2:0]
      New connections: $memory$auto$proc_rom.cc:155:do_switch$2$rdmux[0][3][5]$b$5502 [6:3] = 4'1110
    Consolidated identical input bits for $mux cell $memory$auto$proc_rom.cc:155:do_switch$2$rdmux[0][4][10]$5539:
      Old ports: A=$memory$auto$proc_rom.cc:155:do_switch$2$rdmux[0][4][10]$a$5540, B=$memory$auto$proc_rom.cc:155:do_switch$2$rdmux[0][4][10]$b$5541, Y=$memory$auto$proc_rom.cc:155:do_switch$2$rdmux[0][3][5]$a$5501
      New ports: A={ $memory$auto$proc_rom.cc:155:do_switch$2$rdmux[0][4][10]$a$5540 [2:1] 1'0 }, B={ 2'11 $memory$auto$proc_rom.cc:155:do_switch$2$rdmux[0][4][10]$b$5541 [0] }, Y=$memory$auto$proc_rom.cc:155:do_switch$2$rdmux[0][3][5]$a$5501 [2:0]
      New connections: $memory$auto$proc_rom.cc:155:do_switch$2$rdmux[0][3][5]$a$5501 [6:3] = 4'1101
    Consolidated identical input bits for $mux cell $memory$auto$proc_rom.cc:155:do_switch$2$rdmux[0][4][9]$5536:
      Old ports: A=$memory$auto$proc_rom.cc:155:do_switch$2$rdmux[0][4][9]$a$5537, B=$memory$auto$proc_rom.cc:155:do_switch$2$rdmux[0][4][9]$b$5538, Y=$memory$auto$proc_rom.cc:155:do_switch$2$rdmux[0][3][4]$b$5499
      New ports: A={ 1'0 $memory$auto$proc_rom.cc:155:do_switch$2$rdmux[0][4][9]$a$5537 [2:1] }, B={ $memory$auto$proc_rom.cc:155:do_switch$2$rdmux[0][4][9]$b$5538 [3] $memory$auto$proc_rom.cc:155:do_switch$2$rdmux[0][4][9]$b$5538 [1] $memory$auto$proc_rom.cc:155:do_switch$2$rdmux[0][4][9]$b$5538 [1] }, Y=$memory$auto$proc_rom.cc:155:do_switch$2$rdmux[0][3][4]$b$5499 [3:1]
      New connections: { $memory$auto$proc_rom.cc:155:do_switch$2$rdmux[0][3][4]$b$5499 [6:4] $memory$auto$proc_rom.cc:155:do_switch$2$rdmux[0][3][4]$b$5499 [0] } = 4'1101
    Consolidated identical input bits for $mux cell $memory$auto$proc_rom.cc:155:do_switch$2$rdmux[0][4][8]$5533:
      Old ports: A=$memory$auto$proc_rom.cc:155:do_switch$2$rdmux[0][4][8]$a$5534, B=$memory$auto$proc_rom.cc:155:do_switch$2$rdmux[0][4][8]$b$5535, Y=$memory$auto$proc_rom.cc:155:do_switch$2$rdmux[0][3][4]$a$5498
      New ports: A={ 2'01 $memory$auto$proc_rom.cc:155:do_switch$2$rdmux[0][4][8]$a$5534 [2:1] }, B={ $memory$auto$proc_rom.cc:155:do_switch$2$rdmux[0][4][8]$b$5535 [5] $memory$auto$proc_rom.cc:155:do_switch$2$rdmux[0][4][8]$b$5535 [1] $memory$auto$proc_rom.cc:155:do_switch$2$rdmux[0][4][8]$b$5535 [1] $memory$auto$proc_rom.cc:155:do_switch$2$rdmux[0][4][8]$b$5535 [1] }, Y={ $memory$auto$proc_rom.cc:155:do_switch$2$rdmux[0][3][4]$a$5498 [5] $memory$auto$proc_rom.cc:155:do_switch$2$rdmux[0][3][4]$a$5498 [3:1] }
      New connections: { $memory$auto$proc_rom.cc:155:do_switch$2$rdmux[0][3][4]$a$5498 [6] $memory$auto$proc_rom.cc:155:do_switch$2$rdmux[0][3][4]$a$5498 [4] $memory$auto$proc_rom.cc:155:do_switch$2$rdmux[0][3][4]$a$5498 [0] } = { 1'1 $memory$auto$proc_rom.cc:155:do_switch$2$rdmux[0][3][4]$a$5498 [3] 1'1 }
    Consolidated identical input bits for $mux cell $memory$auto$proc_rom.cc:155:do_switch$2$rdmux[0][4][7]$5530:
      Old ports: A=$memory$auto$proc_rom.cc:155:do_switch$2$rdmux[0][4][7]$a$5531, B=$memory$auto$proc_rom.cc:155:do_switch$2$rdmux[0][4][7]$b$5532, Y=$memory$auto$proc_rom.cc:155:do_switch$2$rdmux[0][3][3]$b$5496
      New ports: A={ $memory$auto$proc_rom.cc:155:do_switch$2$rdmux[0][4][7]$a$5531 [2:1] 1'0 }, B={ $memory$auto$proc_rom.cc:155:do_switch$2$rdmux[0][4][7]$b$5532 [1] $memory$auto$proc_rom.cc:155:do_switch$2$rdmux[0][4][7]$b$5532 [1:0] }, Y=$memory$auto$proc_rom.cc:155:do_switch$2$rdmux[0][3][3]$b$5496 [2:0]
      New connections: $memory$auto$proc_rom.cc:155:do_switch$2$rdmux[0][3][3]$b$5496 [6:3] = { 3'101 $memory$auto$proc_rom.cc:155:do_switch$2$rdmux[0][3][3]$b$5496 [0] }
    Consolidated identical input bits for $mux cell $memory$auto$proc_rom.cc:155:do_switch$2$rdmux[0][4][6]$5527:
      Old ports: A=$memory$auto$proc_rom.cc:155:do_switch$2$rdmux[0][4][6]$a$5528, B=$memory$auto$proc_rom.cc:155:do_switch$2$rdmux[0][4][6]$b$5529, Y=$memory$auto$proc_rom.cc:155:do_switch$2$rdmux[0][3][3]$a$5495
      New ports: A={ $memory$auto$proc_rom.cc:155:do_switch$2$rdmux[0][4][6]$a$5528 [1] 1'0 }, B={ $memory$auto$proc_rom.cc:155:do_switch$2$rdmux[0][4][6]$b$5529 [1] 1'1 }, Y=$memory$auto$proc_rom.cc:155:do_switch$2$rdmux[0][3][3]$a$5495 [1:0]
      New connections: $memory$auto$proc_rom.cc:155:do_switch$2$rdmux[0][3][3]$a$5495 [6:2] = { 4'1001 $memory$auto$proc_rom.cc:155:do_switch$2$rdmux[0][3][3]$a$5495 [0] }
    Consolidated identical input bits for $mux cell $memory$auto$proc_rom.cc:155:do_switch$2$rdmux[0][4][5]$5524:
      Old ports: A=$memory$auto$proc_rom.cc:155:do_switch$2$rdmux[0][4][5]$a$5525, B=$memory$auto$proc_rom.cc:155:do_switch$2$rdmux[0][4][5]$b$5526, Y=$memory$auto$proc_rom.cc:155:do_switch$2$rdmux[0][3][2]$b$5493
      New ports: A={ $memory$auto$proc_rom.cc:155:do_switch$2$rdmux[0][4][5]$a$5525 [6] $memory$auto$proc_rom.cc:155:do_switch$2$rdmux[0][4][5]$a$5525 [0] $memory$auto$proc_rom.cc:155:do_switch$2$rdmux[0][4][5]$a$5525 [0] 1'0 $memory$auto$proc_rom.cc:155:do_switch$2$rdmux[0][4][5]$a$5525 [0] }, B={ 2'10 $memory$auto$proc_rom.cc:155:do_switch$2$rdmux[0][4][5]$b$5526 [2:1] 1'1 }, Y={ $memory$auto$proc_rom.cc:155:do_switch$2$rdmux[0][3][2]$b$5493 [6] $memory$auto$proc_rom.cc:155:do_switch$2$rdmux[0][3][2]$b$5493 [3:0] }
      New connections: $memory$auto$proc_rom.cc:155:do_switch$2$rdmux[0][3][2]$b$5493 [5:4] = { $memory$auto$proc_rom.cc:155:do_switch$2$rdmux[0][3][2]$b$5493 [3] $memory$auto$proc_rom.cc:155:do_switch$2$rdmux[0][3][2]$b$5493 [3] }
    Consolidated identical input bits for $mux cell $memory$auto$proc_rom.cc:155:do_switch$2$rdmux[0][4][4]$5521:
      Old ports: A=$memory$auto$proc_rom.cc:155:do_switch$2$rdmux[0][4][4]$a$5522, B=$memory$auto$proc_rom.cc:155:do_switch$2$rdmux[0][4][4]$b$5523, Y=$memory$auto$proc_rom.cc:155:do_switch$2$rdmux[0][3][2]$a$5492
      New ports: A={ 1'0 $memory$auto$proc_rom.cc:155:do_switch$2$rdmux[0][4][4]$a$5522 [1:0] }, B={ 1'1 $memory$auto$proc_rom.cc:155:do_switch$2$rdmux[0][4][4]$b$5523 [1] 1'0 }, Y={ $memory$auto$proc_rom.cc:155:do_switch$2$rdmux[0][3][2]$a$5492 [3] $memory$auto$proc_rom.cc:155:do_switch$2$rdmux[0][3][2]$a$5492 [1:0] }
      New connections: { $memory$auto$proc_rom.cc:155:do_switch$2$rdmux[0][3][2]$a$5492 [6:4] $memory$auto$proc_rom.cc:155:do_switch$2$rdmux[0][3][2]$a$5492 [2] } = { 3'011 $memory$auto$proc_rom.cc:155:do_switch$2$rdmux[0][3][2]$a$5492 [0] }
    Consolidated identical input bits for $mux cell $memory$auto$proc_rom.cc:155:do_switch$2$rdmux[0][4][3]$5518:
      Old ports: A=$memory$auto$proc_rom.cc:155:do_switch$2$rdmux[0][4][3]$a$5519, B=$memory$auto$proc_rom.cc:155:do_switch$2$rdmux[0][4][3]$b$5520, Y=$memory$auto$proc_rom.cc:155:do_switch$2$rdmux[0][3][1]$b$5490
      New ports: A={ $memory$auto$proc_rom.cc:155:do_switch$2$rdmux[0][4][3]$a$5519 [0] $memory$auto$proc_rom.cc:155:do_switch$2$rdmux[0][4][3]$a$5519 [1] $memory$auto$proc_rom.cc:155:do_switch$2$rdmux[0][4][3]$a$5519 [1:0] }, B={ 2'11 $memory$auto$proc_rom.cc:155:do_switch$2$rdmux[0][4][3]$b$5520 [0] $memory$auto$proc_rom.cc:155:do_switch$2$rdmux[0][4][3]$b$5520 [0] }, Y=$memory$auto$proc_rom.cc:155:do_switch$2$rdmux[0][3][1]$b$5490 [3:0]
      New connections: $memory$auto$proc_rom.cc:155:do_switch$2$rdmux[0][3][1]$b$5490 [6:4] = 3'010
    Consolidated identical input bits for $mux cell $memory$auto$proc_rom.cc:155:do_switch$2$rdmux[0][4][2]$5515:
      Old ports: A=$memory$auto$proc_rom.cc:155:do_switch$2$rdmux[0][4][2]$a$5516, B=$memory$auto$proc_rom.cc:155:do_switch$2$rdmux[0][4][2]$b$5517, Y=$memory$auto$proc_rom.cc:155:do_switch$2$rdmux[0][3][1]$a$5489
      New ports: A={ 2'01 $memory$auto$proc_rom.cc:155:do_switch$2$rdmux[0][4][2]$a$5516 [0] $memory$auto$proc_rom.cc:155:do_switch$2$rdmux[0][4][2]$a$5516 [1:0] }, B={ 3'100 $memory$auto$proc_rom.cc:155:do_switch$2$rdmux[0][4][2]$b$5517 [0] $memory$auto$proc_rom.cc:155:do_switch$2$rdmux[0][4][2]$b$5517 [0] }, Y={ $memory$auto$proc_rom.cc:155:do_switch$2$rdmux[0][3][1]$a$5489 [5] $memory$auto$proc_rom.cc:155:do_switch$2$rdmux[0][3][1]$a$5489 [3:0] }
      New connections: { $memory$auto$proc_rom.cc:155:do_switch$2$rdmux[0][3][1]$a$5489 [6] $memory$auto$proc_rom.cc:155:do_switch$2$rdmux[0][3][1]$a$5489 [4] } = { 1'0 $memory$auto$proc_rom.cc:155:do_switch$2$rdmux[0][3][1]$a$5489 [3] }
    Consolidated identical input bits for $mux cell $memory$auto$proc_rom.cc:155:do_switch$2$rdmux[0][4][1]$5512:
      Old ports: A=$memory$auto$proc_rom.cc:155:do_switch$2$rdmux[0][4][1]$a$5513, B=$memory$auto$proc_rom.cc:155:do_switch$2$rdmux[0][4][1]$b$5514, Y=$memory$auto$proc_rom.cc:155:do_switch$2$rdmux[0][3][0]$b$5487
      New ports: A={ $memory$auto$proc_rom.cc:155:do_switch$2$rdmux[0][4][1]$a$5513 [0] $memory$auto$proc_rom.cc:155:do_switch$2$rdmux[0][4][1]$a$5513 [1] $memory$auto$proc_rom.cc:155:do_switch$2$rdmux[0][4][1]$a$5513 [1] $memory$auto$proc_rom.cc:155:do_switch$2$rdmux[0][4][1]$a$5513 [1:0] }, B={ 3'101 $memory$auto$proc_rom.cc:155:do_switch$2$rdmux[0][4][1]$b$5514 [0] $memory$auto$proc_rom.cc:155:do_switch$2$rdmux[0][4][1]$b$5514 [0] }, Y=$memory$auto$proc_rom.cc:155:do_switch$2$rdmux[0][3][0]$b$5487 [4:0]
      New connections: $memory$auto$proc_rom.cc:155:do_switch$2$rdmux[0][3][0]$b$5487 [6:5] = 2'00
    Consolidated identical input bits for $mux cell $memory$auto$proc_rom.cc:155:do_switch$2$rdmux[0][4][0]$5509:
      Old ports: A=$memory$auto$proc_rom.cc:155:do_switch$2$rdmux[0][4][0]$a$5510, B=$memory$auto$proc_rom.cc:155:do_switch$2$rdmux[0][4][0]$b$5511, Y=$memory$auto$proc_rom.cc:155:do_switch$2$rdmux[0][3][0]$a$5486
      New ports: A={ 1'0 $memory$auto$proc_rom.cc:155:do_switch$2$rdmux[0][4][0]$a$5510 [0] $memory$auto$proc_rom.cc:155:do_switch$2$rdmux[0][4][0]$a$5510 [1:0] }, B={ 2'10 $memory$auto$proc_rom.cc:155:do_switch$2$rdmux[0][4][0]$b$5511 [0] $memory$auto$proc_rom.cc:155:do_switch$2$rdmux[0][4][0]$b$5511 [0] }, Y=$memory$auto$proc_rom.cc:155:do_switch$2$rdmux[0][3][0]$a$5486 [3:0]
      New connections: $memory$auto$proc_rom.cc:155:do_switch$2$rdmux[0][3][0]$a$5486 [6:4] = 3'000
    Consolidated identical input bits for $mux cell $memory$auto$proc_rom.cc:155:do_switch$2$rdmux[0][3][7]$5506:
      Old ports: A=$memory$auto$proc_rom.cc:155:do_switch$2$rdmux[0][3][7]$a$5507, B=7'1111111, Y=$memory$auto$proc_rom.cc:155:do_switch$2$rdmux[0][2][3]$b$5484
      New ports: A=$memory$auto$proc_rom.cc:155:do_switch$2$rdmux[0][3][7]$a$5507 [1:0], B=2'11, Y=$memory$auto$proc_rom.cc:155:do_switch$2$rdmux[0][2][3]$b$5484 [1:0]
      New connections: $memory$auto$proc_rom.cc:155:do_switch$2$rdmux[0][2][3]$b$5484 [6:2] = 5'11111
    Consolidated identical input bits for $mux cell $memory$auto$proc_rom.cc:155:do_switch$14$rdmux[0][4][13]$5359:
      Old ports: A=$memory$auto$proc_rom.cc:155:do_switch$14$rdmux[0][4][13]$a$5360, B=7'1111100, Y=$memory$auto$proc_rom.cc:155:do_switch$14$rdmux[0][3][6]$b$5316
      New ports: A={ 2'01 $memory$auto$proc_rom.cc:155:do_switch$14$rdmux[0][4][13]$a$5360 [0] }, B=3'100, Y=$memory$auto$proc_rom.cc:155:do_switch$14$rdmux[0][3][6]$b$5316 [2:0]
      New connections: $memory$auto$proc_rom.cc:155:do_switch$14$rdmux[0][3][6]$b$5316 [6:3] = 4'1111
    Consolidated identical input bits for $mux cell $memory$auto$proc_rom.cc:155:do_switch$14$rdmux[0][4][12]$5356:
      Old ports: A=$memory$auto$proc_rom.cc:155:do_switch$14$rdmux[0][4][12]$a$5357, B=$memory$auto$proc_rom.cc:155:do_switch$14$rdmux[0][4][12]$b$5358, Y=$memory$auto$proc_rom.cc:155:do_switch$14$rdmux[0][3][6]$a$5315
      New ports: A={ 2'01 $memory$auto$proc_rom.cc:155:do_switch$14$rdmux[0][4][12]$a$5357 [0] }, B={ 2'10 $memory$auto$proc_rom.cc:155:do_switch$14$rdmux[0][4][12]$b$5358 [0] }, Y={ $memory$auto$proc_rom.cc:155:do_switch$14$rdmux[0][3][6]$a$5315 [3] $memory$auto$proc_rom.cc:155:do_switch$14$rdmux[0][3][6]$a$5315 [1:0] }
      New connections: { $memory$auto$proc_rom.cc:155:do_switch$14$rdmux[0][3][6]$a$5315 [6:4] $memory$auto$proc_rom.cc:155:do_switch$14$rdmux[0][3][6]$a$5315 [2] } = { 3'111 $memory$auto$proc_rom.cc:155:do_switch$14$rdmux[0][3][6]$a$5315 [1] }
    Consolidated identical input bits for $mux cell $memory$auto$proc_rom.cc:155:do_switch$14$rdmux[0][4][11]$5353:
      Old ports: A=$memory$auto$proc_rom.cc:155:do_switch$14$rdmux[0][4][11]$a$5354, B=$memory$auto$proc_rom.cc:155:do_switch$14$rdmux[0][4][11]$b$5355, Y=$memory$auto$proc_rom.cc:155:do_switch$14$rdmux[0][3][5]$b$5313
      New ports: A={ 1'0 $memory$auto$proc_rom.cc:155:do_switch$14$rdmux[0][4][11]$a$5354 [1:0] }, B={ $memory$auto$proc_rom.cc:155:do_switch$14$rdmux[0][4][11]$b$5355 [2:1] 1'1 }, Y=$memory$auto$proc_rom.cc:155:do_switch$14$rdmux[0][3][5]$b$5313 [2:0]
      New connections: $memory$auto$proc_rom.cc:155:do_switch$14$rdmux[0][3][5]$b$5313 [6:3] = 4'1110
    Consolidated identical input bits for $mux cell $memory$auto$proc_rom.cc:155:do_switch$14$rdmux[0][4][10]$5350:
      Old ports: A=$memory$auto$proc_rom.cc:155:do_switch$14$rdmux[0][4][10]$a$5351, B=$memory$auto$proc_rom.cc:155:do_switch$14$rdmux[0][4][10]$b$5352, Y=$memory$auto$proc_rom.cc:155:do_switch$14$rdmux[0][3][5]$a$5312
      New ports: A={ $memory$auto$proc_rom.cc:155:do_switch$14$rdmux[0][4][10]$a$5351 [2:1] 1'0 }, B={ 2'11 $memory$auto$proc_rom.cc:155:do_switch$14$rdmux[0][4][10]$b$5352 [0] }, Y=$memory$auto$proc_rom.cc:155:do_switch$14$rdmux[0][3][5]$a$5312 [2:0]
      New connections: $memory$auto$proc_rom.cc:155:do_switch$14$rdmux[0][3][5]$a$5312 [6:3] = 4'1101
    Consolidated identical input bits for $mux cell $memory$auto$proc_rom.cc:155:do_switch$14$rdmux[0][4][9]$5347:
      Old ports: A=$memory$auto$proc_rom.cc:155:do_switch$14$rdmux[0][4][9]$a$5348, B=$memory$auto$proc_rom.cc:155:do_switch$14$rdmux[0][4][9]$b$5349, Y=$memory$auto$proc_rom.cc:155:do_switch$14$rdmux[0][3][4]$b$5310
      New ports: A={ 1'0 $memory$auto$proc_rom.cc:155:do_switch$14$rdmux[0][4][9]$a$5348 [2:1] }, B={ $memory$auto$proc_rom.cc:155:do_switch$14$rdmux[0][4][9]$b$5349 [3] $memory$auto$proc_rom.cc:155:do_switch$14$rdmux[0][4][9]$b$5349 [1] $memory$auto$proc_rom.cc:155:do_switch$14$rdmux[0][4][9]$b$5349 [1] }, Y=$memory$auto$proc_rom.cc:155:do_switch$14$rdmux[0][3][4]$b$5310 [3:1]
      New connections: { $memory$auto$proc_rom.cc:155:do_switch$14$rdmux[0][3][4]$b$5310 [6:4] $memory$auto$proc_rom.cc:155:do_switch$14$rdmux[0][3][4]$b$5310 [0] } = 4'1101
    Consolidated identical input bits for $mux cell $memory$auto$proc_rom.cc:155:do_switch$14$rdmux[0][4][8]$5344:
      Old ports: A=$memory$auto$proc_rom.cc:155:do_switch$14$rdmux[0][4][8]$a$5345, B=$memory$auto$proc_rom.cc:155:do_switch$14$rdmux[0][4][8]$b$5346, Y=$memory$auto$proc_rom.cc:155:do_switch$14$rdmux[0][3][4]$a$5309
      New ports: A={ 2'01 $memory$auto$proc_rom.cc:155:do_switch$14$rdmux[0][4][8]$a$5345 [2:1] }, B={ $memory$auto$proc_rom.cc:155:do_switch$14$rdmux[0][4][8]$b$5346 [5] $memory$auto$proc_rom.cc:155:do_switch$14$rdmux[0][4][8]$b$5346 [1] $memory$auto$proc_rom.cc:155:do_switch$14$rdmux[0][4][8]$b$5346 [1] $memory$auto$proc_rom.cc:155:do_switch$14$rdmux[0][4][8]$b$5346 [1] }, Y={ $memory$auto$proc_rom.cc:155:do_switch$14$rdmux[0][3][4]$a$5309 [5] $memory$auto$proc_rom.cc:155:do_switch$14$rdmux[0][3][4]$a$5309 [3:1] }
      New connections: { $memory$auto$proc_rom.cc:155:do_switch$14$rdmux[0][3][4]$a$5309 [6] $memory$auto$proc_rom.cc:155:do_switch$14$rdmux[0][3][4]$a$5309 [4] $memory$auto$proc_rom.cc:155:do_switch$14$rdmux[0][3][4]$a$5309 [0] } = { 1'1 $memory$auto$proc_rom.cc:155:do_switch$14$rdmux[0][3][4]$a$5309 [3] 1'1 }
    Consolidated identical input bits for $mux cell $memory$auto$proc_rom.cc:155:do_switch$14$rdmux[0][4][7]$5341:
      Old ports: A=$memory$auto$proc_rom.cc:155:do_switch$14$rdmux[0][4][7]$a$5342, B=$memory$auto$proc_rom.cc:155:do_switch$14$rdmux[0][4][7]$b$5343, Y=$memory$auto$proc_rom.cc:155:do_switch$14$rdmux[0][3][3]$b$5307
      New ports: A={ $memory$auto$proc_rom.cc:155:do_switch$14$rdmux[0][4][7]$a$5342 [2:1] 1'0 }, B={ $memory$auto$proc_rom.cc:155:do_switch$14$rdmux[0][4][7]$b$5343 [1] $memory$auto$proc_rom.cc:155:do_switch$14$rdmux[0][4][7]$b$5343 [1:0] }, Y=$memory$auto$proc_rom.cc:155:do_switch$14$rdmux[0][3][3]$b$5307 [2:0]
      New connections: $memory$auto$proc_rom.cc:155:do_switch$14$rdmux[0][3][3]$b$5307 [6:3] = { 3'101 $memory$auto$proc_rom.cc:155:do_switch$14$rdmux[0][3][3]$b$5307 [0] }
    Consolidated identical input bits for $mux cell $memory$auto$proc_rom.cc:155:do_switch$14$rdmux[0][4][6]$5338:
      Old ports: A=$memory$auto$proc_rom.cc:155:do_switch$14$rdmux[0][4][6]$a$5339, B=$memory$auto$proc_rom.cc:155:do_switch$14$rdmux[0][4][6]$b$5340, Y=$memory$auto$proc_rom.cc:155:do_switch$14$rdmux[0][3][3]$a$5306
      New ports: A={ $memory$auto$proc_rom.cc:155:do_switch$14$rdmux[0][4][6]$a$5339 [1] 1'0 }, B={ $memory$auto$proc_rom.cc:155:do_switch$14$rdmux[0][4][6]$b$5340 [1] 1'1 }, Y=$memory$auto$proc_rom.cc:155:do_switch$14$rdmux[0][3][3]$a$5306 [1:0]
      New connections: $memory$auto$proc_rom.cc:155:do_switch$14$rdmux[0][3][3]$a$5306 [6:2] = { 4'1001 $memory$auto$proc_rom.cc:155:do_switch$14$rdmux[0][3][3]$a$5306 [0] }
    Consolidated identical input bits for $mux cell $memory$auto$proc_rom.cc:155:do_switch$14$rdmux[0][4][5]$5335:
      Old ports: A=$memory$auto$proc_rom.cc:155:do_switch$14$rdmux[0][4][5]$a$5336, B=$memory$auto$proc_rom.cc:155:do_switch$14$rdmux[0][4][5]$b$5337, Y=$memory$auto$proc_rom.cc:155:do_switch$14$rdmux[0][3][2]$b$5304
      New ports: A={ $memory$auto$proc_rom.cc:155:do_switch$14$rdmux[0][4][5]$a$5336 [6] $memory$auto$proc_rom.cc:155:do_switch$14$rdmux[0][4][5]$a$5336 [0] $memory$auto$proc_rom.cc:155:do_switch$14$rdmux[0][4][5]$a$5336 [0] 1'0 $memory$auto$proc_rom.cc:155:do_switch$14$rdmux[0][4][5]$a$5336 [0] }, B={ 2'10 $memory$auto$proc_rom.cc:155:do_switch$14$rdmux[0][4][5]$b$5337 [2:1] 1'1 }, Y={ $memory$auto$proc_rom.cc:155:do_switch$14$rdmux[0][3][2]$b$5304 [6] $memory$auto$proc_rom.cc:155:do_switch$14$rdmux[0][3][2]$b$5304 [3:0] }
      New connections: $memory$auto$proc_rom.cc:155:do_switch$14$rdmux[0][3][2]$b$5304 [5:4] = { $memory$auto$proc_rom.cc:155:do_switch$14$rdmux[0][3][2]$b$5304 [3] $memory$auto$proc_rom.cc:155:do_switch$14$rdmux[0][3][2]$b$5304 [3] }
    Consolidated identical input bits for $mux cell $memory$auto$proc_rom.cc:155:do_switch$14$rdmux[0][4][4]$5332:
      Old ports: A=$memory$auto$proc_rom.cc:155:do_switch$14$rdmux[0][4][4]$a$5333, B=$memory$auto$proc_rom.cc:155:do_switch$14$rdmux[0][4][4]$b$5334, Y=$memory$auto$proc_rom.cc:155:do_switch$14$rdmux[0][3][2]$a$5303
      New ports: A={ 1'0 $memory$auto$proc_rom.cc:155:do_switch$14$rdmux[0][4][4]$a$5333 [1:0] }, B={ 1'1 $memory$auto$proc_rom.cc:155:do_switch$14$rdmux[0][4][4]$b$5334 [1] 1'0 }, Y={ $memory$auto$proc_rom.cc:155:do_switch$14$rdmux[0][3][2]$a$5303 [3] $memory$auto$proc_rom.cc:155:do_switch$14$rdmux[0][3][2]$a$5303 [1:0] }
      New connections: { $memory$auto$proc_rom.cc:155:do_switch$14$rdmux[0][3][2]$a$5303 [6:4] $memory$auto$proc_rom.cc:155:do_switch$14$rdmux[0][3][2]$a$5303 [2] } = { 3'011 $memory$auto$proc_rom.cc:155:do_switch$14$rdmux[0][3][2]$a$5303 [0] }
    Consolidated identical input bits for $mux cell $memory$auto$proc_rom.cc:155:do_switch$14$rdmux[0][4][3]$5329:
      Old ports: A=$memory$auto$proc_rom.cc:155:do_switch$14$rdmux[0][4][3]$a$5330, B=$memory$auto$proc_rom.cc:155:do_switch$14$rdmux[0][4][3]$b$5331, Y=$memory$auto$proc_rom.cc:155:do_switch$14$rdmux[0][3][1]$b$5301
      New ports: A={ $memory$auto$proc_rom.cc:155:do_switch$14$rdmux[0][4][3]$a$5330 [0] $memory$auto$proc_rom.cc:155:do_switch$14$rdmux[0][4][3]$a$5330 [1] $memory$auto$proc_rom.cc:155:do_switch$14$rdmux[0][4][3]$a$5330 [1:0] }, B={ 2'11 $memory$auto$proc_rom.cc:155:do_switch$14$rdmux[0][4][3]$b$5331 [0] $memory$auto$proc_rom.cc:155:do_switch$14$rdmux[0][4][3]$b$5331 [0] }, Y=$memory$auto$proc_rom.cc:155:do_switch$14$rdmux[0][3][1]$b$5301 [3:0]
      New connections: $memory$auto$proc_rom.cc:155:do_switch$14$rdmux[0][3][1]$b$5301 [6:4] = 3'010
    Consolidated identical input bits for $mux cell $memory$auto$proc_rom.cc:155:do_switch$14$rdmux[0][4][2]$5326:
      Old ports: A=$memory$auto$proc_rom.cc:155:do_switch$14$rdmux[0][4][2]$a$5327, B=$memory$auto$proc_rom.cc:155:do_switch$14$rdmux[0][4][2]$b$5328, Y=$memory$auto$proc_rom.cc:155:do_switch$14$rdmux[0][3][1]$a$5300
      New ports: A={ 2'01 $memory$auto$proc_rom.cc:155:do_switch$14$rdmux[0][4][2]$a$5327 [0] $memory$auto$proc_rom.cc:155:do_switch$14$rdmux[0][4][2]$a$5327 [1:0] }, B={ 3'100 $memory$auto$proc_rom.cc:155:do_switch$14$rdmux[0][4][2]$b$5328 [0] $memory$auto$proc_rom.cc:155:do_switch$14$rdmux[0][4][2]$b$5328 [0] }, Y={ $memory$auto$proc_rom.cc:155:do_switch$14$rdmux[0][3][1]$a$5300 [5] $memory$auto$proc_rom.cc:155:do_switch$14$rdmux[0][3][1]$a$5300 [3:0] }
      New connections: { $memory$auto$proc_rom.cc:155:do_switch$14$rdmux[0][3][1]$a$5300 [6] $memory$auto$proc_rom.cc:155:do_switch$14$rdmux[0][3][1]$a$5300 [4] } = { 1'0 $memory$auto$proc_rom.cc:155:do_switch$14$rdmux[0][3][1]$a$5300 [3] }
    Consolidated identical input bits for $mux cell $memory$auto$proc_rom.cc:155:do_switch$14$rdmux[0][4][1]$5323:
      Old ports: A=$memory$auto$proc_rom.cc:155:do_switch$14$rdmux[0][4][1]$a$5324, B=$memory$auto$proc_rom.cc:155:do_switch$14$rdmux[0][4][1]$b$5325, Y=$memory$auto$proc_rom.cc:155:do_switch$14$rdmux[0][3][0]$b$5298
      New ports: A={ $memory$auto$proc_rom.cc:155:do_switch$14$rdmux[0][4][1]$a$5324 [0] $memory$auto$proc_rom.cc:155:do_switch$14$rdmux[0][4][1]$a$5324 [1] $memory$auto$proc_rom.cc:155:do_switch$14$rdmux[0][4][1]$a$5324 [1] $memory$auto$proc_rom.cc:155:do_switch$14$rdmux[0][4][1]$a$5324 [1:0] }, B={ 3'101 $memory$auto$proc_rom.cc:155:do_switch$14$rdmux[0][4][1]$b$5325 [0] $memory$auto$proc_rom.cc:155:do_switch$14$rdmux[0][4][1]$b$5325 [0] }, Y=$memory$auto$proc_rom.cc:155:do_switch$14$rdmux[0][3][0]$b$5298 [4:0]
      New connections: $memory$auto$proc_rom.cc:155:do_switch$14$rdmux[0][3][0]$b$5298 [6:5] = 2'00
    Consolidated identical input bits for $mux cell $memory$auto$proc_rom.cc:155:do_switch$14$rdmux[0][4][0]$5320:
      Old ports: A=$memory$auto$proc_rom.cc:155:do_switch$14$rdmux[0][4][0]$a$5321, B=$memory$auto$proc_rom.cc:155:do_switch$14$rdmux[0][4][0]$b$5322, Y=$memory$auto$proc_rom.cc:155:do_switch$14$rdmux[0][3][0]$a$5297
      New ports: A={ 1'0 $memory$auto$proc_rom.cc:155:do_switch$14$rdmux[0][4][0]$a$5321 [0] $memory$auto$proc_rom.cc:155:do_switch$14$rdmux[0][4][0]$a$5321 [1:0] }, B={ 2'10 $memory$auto$proc_rom.cc:155:do_switch$14$rdmux[0][4][0]$b$5322 [0] $memory$auto$proc_rom.cc:155:do_switch$14$rdmux[0][4][0]$b$5322 [0] }, Y=$memory$auto$proc_rom.cc:155:do_switch$14$rdmux[0][3][0]$a$5297 [3:0]
      New connections: $memory$auto$proc_rom.cc:155:do_switch$14$rdmux[0][3][0]$a$5297 [6:4] = 3'000
    Consolidated identical input bits for $mux cell $memory$auto$proc_rom.cc:155:do_switch$14$rdmux[0][3][7]$5317:
      Old ports: A=$memory$auto$proc_rom.cc:155:do_switch$14$rdmux[0][3][7]$a$5318, B=7'1111111, Y=$memory$auto$proc_rom.cc:155:do_switch$14$rdmux[0][2][3]$b$5295
      New ports: A=$memory$auto$proc_rom.cc:155:do_switch$14$rdmux[0][3][7]$a$5318 [1:0], B=2'11, Y=$memory$auto$proc_rom.cc:155:do_switch$14$rdmux[0][2][3]$b$5295 [1:0]
      New connections: $memory$auto$proc_rom.cc:155:do_switch$14$rdmux[0][2][3]$b$5295 [6:2] = 5'11111
    Consolidated identical input bits for $mux cell $memory$auto$proc_rom.cc:155:do_switch$10$rdmux[0][4][13]$5170:
      Old ports: A=$memory$auto$proc_rom.cc:155:do_switch$10$rdmux[0][4][13]$a$5171, B=7'1111100, Y=$memory$auto$proc_rom.cc:155:do_switch$10$rdmux[0][3][6]$b$5127
      New ports: A={ 2'01 $memory$auto$proc_rom.cc:155:do_switch$10$rdmux[0][4][13]$a$5171 [0] }, B=3'100, Y=$memory$auto$proc_rom.cc:155:do_switch$10$rdmux[0][3][6]$b$5127 [2:0]
      New connections: $memory$auto$proc_rom.cc:155:do_switch$10$rdmux[0][3][6]$b$5127 [6:3] = 4'1111
    Consolidated identical input bits for $mux cell $memory$auto$proc_rom.cc:155:do_switch$10$rdmux[0][4][12]$5167:
      Old ports: A=$memory$auto$proc_rom.cc:155:do_switch$10$rdmux[0][4][12]$a$5168, B=$memory$auto$proc_rom.cc:155:do_switch$10$rdmux[0][4][12]$b$5169, Y=$memory$auto$proc_rom.cc:155:do_switch$10$rdmux[0][3][6]$a$5126
      New ports: A={ 2'01 $memory$auto$proc_rom.cc:155:do_switch$10$rdmux[0][4][12]$a$5168 [0] }, B={ 2'10 $memory$auto$proc_rom.cc:155:do_switch$10$rdmux[0][4][12]$b$5169 [0] }, Y={ $memory$auto$proc_rom.cc:155:do_switch$10$rdmux[0][3][6]$a$5126 [3] $memory$auto$proc_rom.cc:155:do_switch$10$rdmux[0][3][6]$a$5126 [1:0] }
      New connections: { $memory$auto$proc_rom.cc:155:do_switch$10$rdmux[0][3][6]$a$5126 [6:4] $memory$auto$proc_rom.cc:155:do_switch$10$rdmux[0][3][6]$a$5126 [2] } = { 3'111 $memory$auto$proc_rom.cc:155:do_switch$10$rdmux[0][3][6]$a$5126 [1] }
    Consolidated identical input bits for $mux cell $memory$auto$proc_rom.cc:155:do_switch$10$rdmux[0][4][11]$5164:
      Old ports: A=$memory$auto$proc_rom.cc:155:do_switch$10$rdmux[0][4][11]$a$5165, B=$memory$auto$proc_rom.cc:155:do_switch$10$rdmux[0][4][11]$b$5166, Y=$memory$auto$proc_rom.cc:155:do_switch$10$rdmux[0][3][5]$b$5124
      New ports: A={ 1'0 $memory$auto$proc_rom.cc:155:do_switch$10$rdmux[0][4][11]$a$5165 [1:0] }, B={ $memory$auto$proc_rom.cc:155:do_switch$10$rdmux[0][4][11]$b$5166 [2:1] 1'1 }, Y=$memory$auto$proc_rom.cc:155:do_switch$10$rdmux[0][3][5]$b$5124 [2:0]
      New connections: $memory$auto$proc_rom.cc:155:do_switch$10$rdmux[0][3][5]$b$5124 [6:3] = 4'1110
    Consolidated identical input bits for $mux cell $memory$auto$proc_rom.cc:155:do_switch$10$rdmux[0][4][10]$5161:
      Old ports: A=$memory$auto$proc_rom.cc:155:do_switch$10$rdmux[0][4][10]$a$5162, B=$memory$auto$proc_rom.cc:155:do_switch$10$rdmux[0][4][10]$b$5163, Y=$memory$auto$proc_rom.cc:155:do_switch$10$rdmux[0][3][5]$a$5123
      New ports: A={ $memory$auto$proc_rom.cc:155:do_switch$10$rdmux[0][4][10]$a$5162 [2:1] 1'0 }, B={ 2'11 $memory$auto$proc_rom.cc:155:do_switch$10$rdmux[0][4][10]$b$5163 [0] }, Y=$memory$auto$proc_rom.cc:155:do_switch$10$rdmux[0][3][5]$a$5123 [2:0]
      New connections: $memory$auto$proc_rom.cc:155:do_switch$10$rdmux[0][3][5]$a$5123 [6:3] = 4'1101
    Consolidated identical input bits for $mux cell $memory$auto$proc_rom.cc:155:do_switch$10$rdmux[0][4][9]$5158:
      Old ports: A=$memory$auto$proc_rom.cc:155:do_switch$10$rdmux[0][4][9]$a$5159, B=$memory$auto$proc_rom.cc:155:do_switch$10$rdmux[0][4][9]$b$5160, Y=$memory$auto$proc_rom.cc:155:do_switch$10$rdmux[0][3][4]$b$5121
      New ports: A={ 1'0 $memory$auto$proc_rom.cc:155:do_switch$10$rdmux[0][4][9]$a$5159 [2:1] }, B={ $memory$auto$proc_rom.cc:155:do_switch$10$rdmux[0][4][9]$b$5160 [3] $memory$auto$proc_rom.cc:155:do_switch$10$rdmux[0][4][9]$b$5160 [1] $memory$auto$proc_rom.cc:155:do_switch$10$rdmux[0][4][9]$b$5160 [1] }, Y=$memory$auto$proc_rom.cc:155:do_switch$10$rdmux[0][3][4]$b$5121 [3:1]
      New connections: { $memory$auto$proc_rom.cc:155:do_switch$10$rdmux[0][3][4]$b$5121 [6:4] $memory$auto$proc_rom.cc:155:do_switch$10$rdmux[0][3][4]$b$5121 [0] } = 4'1101
    Consolidated identical input bits for $mux cell $memory$auto$proc_rom.cc:155:do_switch$10$rdmux[0][4][8]$5155:
      Old ports: A=$memory$auto$proc_rom.cc:155:do_switch$10$rdmux[0][4][8]$a$5156, B=$memory$auto$proc_rom.cc:155:do_switch$10$rdmux[0][4][8]$b$5157, Y=$memory$auto$proc_rom.cc:155:do_switch$10$rdmux[0][3][4]$a$5120
      New ports: A={ 2'01 $memory$auto$proc_rom.cc:155:do_switch$10$rdmux[0][4][8]$a$5156 [2:1] }, B={ $memory$auto$proc_rom.cc:155:do_switch$10$rdmux[0][4][8]$b$5157 [5] $memory$auto$proc_rom.cc:155:do_switch$10$rdmux[0][4][8]$b$5157 [1] $memory$auto$proc_rom.cc:155:do_switch$10$rdmux[0][4][8]$b$5157 [1] $memory$auto$proc_rom.cc:155:do_switch$10$rdmux[0][4][8]$b$5157 [1] }, Y={ $memory$auto$proc_rom.cc:155:do_switch$10$rdmux[0][3][4]$a$5120 [5] $memory$auto$proc_rom.cc:155:do_switch$10$rdmux[0][3][4]$a$5120 [3:1] }
      New connections: { $memory$auto$proc_rom.cc:155:do_switch$10$rdmux[0][3][4]$a$5120 [6] $memory$auto$proc_rom.cc:155:do_switch$10$rdmux[0][3][4]$a$5120 [4] $memory$auto$proc_rom.cc:155:do_switch$10$rdmux[0][3][4]$a$5120 [0] } = { 1'1 $memory$auto$proc_rom.cc:155:do_switch$10$rdmux[0][3][4]$a$5120 [3] 1'1 }
    Consolidated identical input bits for $mux cell $memory$auto$proc_rom.cc:155:do_switch$10$rdmux[0][4][7]$5152:
      Old ports: A=$memory$auto$proc_rom.cc:155:do_switch$10$rdmux[0][4][7]$a$5153, B=$memory$auto$proc_rom.cc:155:do_switch$10$rdmux[0][4][7]$b$5154, Y=$memory$auto$proc_rom.cc:155:do_switch$10$rdmux[0][3][3]$b$5118
      New ports: A={ $memory$auto$proc_rom.cc:155:do_switch$10$rdmux[0][4][7]$a$5153 [2:1] 1'0 }, B={ $memory$auto$proc_rom.cc:155:do_switch$10$rdmux[0][4][7]$b$5154 [1] $memory$auto$proc_rom.cc:155:do_switch$10$rdmux[0][4][7]$b$5154 [1:0] }, Y=$memory$auto$proc_rom.cc:155:do_switch$10$rdmux[0][3][3]$b$5118 [2:0]
      New connections: $memory$auto$proc_rom.cc:155:do_switch$10$rdmux[0][3][3]$b$5118 [6:3] = { 3'101 $memory$auto$proc_rom.cc:155:do_switch$10$rdmux[0][3][3]$b$5118 [0] }
    Consolidated identical input bits for $mux cell $memory$auto$proc_rom.cc:155:do_switch$10$rdmux[0][4][6]$5149:
      Old ports: A=$memory$auto$proc_rom.cc:155:do_switch$10$rdmux[0][4][6]$a$5150, B=$memory$auto$proc_rom.cc:155:do_switch$10$rdmux[0][4][6]$b$5151, Y=$memory$auto$proc_rom.cc:155:do_switch$10$rdmux[0][3][3]$a$5117
      New ports: A={ $memory$auto$proc_rom.cc:155:do_switch$10$rdmux[0][4][6]$a$5150 [1] 1'0 }, B={ $memory$auto$proc_rom.cc:155:do_switch$10$rdmux[0][4][6]$b$5151 [1] 1'1 }, Y=$memory$auto$proc_rom.cc:155:do_switch$10$rdmux[0][3][3]$a$5117 [1:0]
      New connections: $memory$auto$proc_rom.cc:155:do_switch$10$rdmux[0][3][3]$a$5117 [6:2] = { 4'1001 $memory$auto$proc_rom.cc:155:do_switch$10$rdmux[0][3][3]$a$5117 [0] }
    Consolidated identical input bits for $mux cell $memory$auto$proc_rom.cc:155:do_switch$10$rdmux[0][4][5]$5146:
      Old ports: A=$memory$auto$proc_rom.cc:155:do_switch$10$rdmux[0][4][5]$a$5147, B=$memory$auto$proc_rom.cc:155:do_switch$10$rdmux[0][4][5]$b$5148, Y=$memory$auto$proc_rom.cc:155:do_switch$10$rdmux[0][3][2]$b$5115
      New ports: A={ $memory$auto$proc_rom.cc:155:do_switch$10$rdmux[0][4][5]$a$5147 [6] $memory$auto$proc_rom.cc:155:do_switch$10$rdmux[0][4][5]$a$5147 [0] $memory$auto$proc_rom.cc:155:do_switch$10$rdmux[0][4][5]$a$5147 [0] 1'0 $memory$auto$proc_rom.cc:155:do_switch$10$rdmux[0][4][5]$a$5147 [0] }, B={ 2'10 $memory$auto$proc_rom.cc:155:do_switch$10$rdmux[0][4][5]$b$5148 [2:1] 1'1 }, Y={ $memory$auto$proc_rom.cc:155:do_switch$10$rdmux[0][3][2]$b$5115 [6] $memory$auto$proc_rom.cc:155:do_switch$10$rdmux[0][3][2]$b$5115 [3:0] }
      New connections: $memory$auto$proc_rom.cc:155:do_switch$10$rdmux[0][3][2]$b$5115 [5:4] = { $memory$auto$proc_rom.cc:155:do_switch$10$rdmux[0][3][2]$b$5115 [3] $memory$auto$proc_rom.cc:155:do_switch$10$rdmux[0][3][2]$b$5115 [3] }
    Consolidated identical input bits for $mux cell $memory$auto$proc_rom.cc:155:do_switch$10$rdmux[0][4][4]$5143:
      Old ports: A=$memory$auto$proc_rom.cc:155:do_switch$10$rdmux[0][4][4]$a$5144, B=$memory$auto$proc_rom.cc:155:do_switch$10$rdmux[0][4][4]$b$5145, Y=$memory$auto$proc_rom.cc:155:do_switch$10$rdmux[0][3][2]$a$5114
      New ports: A={ 1'0 $memory$auto$proc_rom.cc:155:do_switch$10$rdmux[0][4][4]$a$5144 [1:0] }, B={ 1'1 $memory$auto$proc_rom.cc:155:do_switch$10$rdmux[0][4][4]$b$5145 [1] 1'0 }, Y={ $memory$auto$proc_rom.cc:155:do_switch$10$rdmux[0][3][2]$a$5114 [3] $memory$auto$proc_rom.cc:155:do_switch$10$rdmux[0][3][2]$a$5114 [1:0] }
      New connections: { $memory$auto$proc_rom.cc:155:do_switch$10$rdmux[0][3][2]$a$5114 [6:4] $memory$auto$proc_rom.cc:155:do_switch$10$rdmux[0][3][2]$a$5114 [2] } = { 3'011 $memory$auto$proc_rom.cc:155:do_switch$10$rdmux[0][3][2]$a$5114 [0] }
    Consolidated identical input bits for $mux cell $memory$auto$proc_rom.cc:155:do_switch$10$rdmux[0][4][3]$5140:
      Old ports: A=$memory$auto$proc_rom.cc:155:do_switch$10$rdmux[0][4][3]$a$5141, B=$memory$auto$proc_rom.cc:155:do_switch$10$rdmux[0][4][3]$b$5142, Y=$memory$auto$proc_rom.cc:155:do_switch$10$rdmux[0][3][1]$b$5112
      New ports: A={ $memory$auto$proc_rom.cc:155:do_switch$10$rdmux[0][4][3]$a$5141 [0] $memory$auto$proc_rom.cc:155:do_switch$10$rdmux[0][4][3]$a$5141 [1] $memory$auto$proc_rom.cc:155:do_switch$10$rdmux[0][4][3]$a$5141 [1:0] }, B={ 2'11 $memory$auto$proc_rom.cc:155:do_switch$10$rdmux[0][4][3]$b$5142 [0] $memory$auto$proc_rom.cc:155:do_switch$10$rdmux[0][4][3]$b$5142 [0] }, Y=$memory$auto$proc_rom.cc:155:do_switch$10$rdmux[0][3][1]$b$5112 [3:0]
      New connections: $memory$auto$proc_rom.cc:155:do_switch$10$rdmux[0][3][1]$b$5112 [6:4] = 3'010
    Consolidated identical input bits for $mux cell $memory$auto$proc_rom.cc:155:do_switch$10$rdmux[0][4][2]$5137:
      Old ports: A=$memory$auto$proc_rom.cc:155:do_switch$10$rdmux[0][4][2]$a$5138, B=$memory$auto$proc_rom.cc:155:do_switch$10$rdmux[0][4][2]$b$5139, Y=$memory$auto$proc_rom.cc:155:do_switch$10$rdmux[0][3][1]$a$5111
      New ports: A={ 2'01 $memory$auto$proc_rom.cc:155:do_switch$10$rdmux[0][4][2]$a$5138 [0] $memory$auto$proc_rom.cc:155:do_switch$10$rdmux[0][4][2]$a$5138 [1:0] }, B={ 3'100 $memory$auto$proc_rom.cc:155:do_switch$10$rdmux[0][4][2]$b$5139 [0] $memory$auto$proc_rom.cc:155:do_switch$10$rdmux[0][4][2]$b$5139 [0] }, Y={ $memory$auto$proc_rom.cc:155:do_switch$10$rdmux[0][3][1]$a$5111 [5] $memory$auto$proc_rom.cc:155:do_switch$10$rdmux[0][3][1]$a$5111 [3:0] }
      New connections: { $memory$auto$proc_rom.cc:155:do_switch$10$rdmux[0][3][1]$a$5111 [6] $memory$auto$proc_rom.cc:155:do_switch$10$rdmux[0][3][1]$a$5111 [4] } = { 1'0 $memory$auto$proc_rom.cc:155:do_switch$10$rdmux[0][3][1]$a$5111 [3] }
    Consolidated identical input bits for $mux cell $memory$auto$proc_rom.cc:155:do_switch$10$rdmux[0][4][1]$5134:
      Old ports: A=$memory$auto$proc_rom.cc:155:do_switch$10$rdmux[0][4][1]$a$5135, B=$memory$auto$proc_rom.cc:155:do_switch$10$rdmux[0][4][1]$b$5136, Y=$memory$auto$proc_rom.cc:155:do_switch$10$rdmux[0][3][0]$b$5109
      New ports: A={ $memory$auto$proc_rom.cc:155:do_switch$10$rdmux[0][4][1]$a$5135 [0] $memory$auto$proc_rom.cc:155:do_switch$10$rdmux[0][4][1]$a$5135 [1] $memory$auto$proc_rom.cc:155:do_switch$10$rdmux[0][4][1]$a$5135 [1] $memory$auto$proc_rom.cc:155:do_switch$10$rdmux[0][4][1]$a$5135 [1:0] }, B={ 3'101 $memory$auto$proc_rom.cc:155:do_switch$10$rdmux[0][4][1]$b$5136 [0] $memory$auto$proc_rom.cc:155:do_switch$10$rdmux[0][4][1]$b$5136 [0] }, Y=$memory$auto$proc_rom.cc:155:do_switch$10$rdmux[0][3][0]$b$5109 [4:0]
      New connections: $memory$auto$proc_rom.cc:155:do_switch$10$rdmux[0][3][0]$b$5109 [6:5] = 2'00
    Consolidated identical input bits for $mux cell $memory$auto$proc_rom.cc:155:do_switch$10$rdmux[0][4][0]$5131:
      Old ports: A=$memory$auto$proc_rom.cc:155:do_switch$10$rdmux[0][4][0]$a$5132, B=$memory$auto$proc_rom.cc:155:do_switch$10$rdmux[0][4][0]$b$5133, Y=$memory$auto$proc_rom.cc:155:do_switch$10$rdmux[0][3][0]$a$5108
      New ports: A={ 1'0 $memory$auto$proc_rom.cc:155:do_switch$10$rdmux[0][4][0]$a$5132 [0] $memory$auto$proc_rom.cc:155:do_switch$10$rdmux[0][4][0]$a$5132 [1:0] }, B={ 2'10 $memory$auto$proc_rom.cc:155:do_switch$10$rdmux[0][4][0]$b$5133 [0] $memory$auto$proc_rom.cc:155:do_switch$10$rdmux[0][4][0]$b$5133 [0] }, Y=$memory$auto$proc_rom.cc:155:do_switch$10$rdmux[0][3][0]$a$5108 [3:0]
      New connections: $memory$auto$proc_rom.cc:155:do_switch$10$rdmux[0][3][0]$a$5108 [6:4] = 3'000
    Consolidated identical input bits for $mux cell $memory$auto$proc_rom.cc:155:do_switch$10$rdmux[0][3][7]$5128:
      Old ports: A=$memory$auto$proc_rom.cc:155:do_switch$10$rdmux[0][3][7]$a$5129, B=7'1111111, Y=$memory$auto$proc_rom.cc:155:do_switch$10$rdmux[0][2][3]$b$5106
      New ports: A=$memory$auto$proc_rom.cc:155:do_switch$10$rdmux[0][3][7]$a$5129 [1:0], B=2'11, Y=$memory$auto$proc_rom.cc:155:do_switch$10$rdmux[0][2][3]$b$5106 [1:0]
      New connections: $memory$auto$proc_rom.cc:155:do_switch$10$rdmux[0][2][3]$b$5106 [6:2] = 5'11111
  Optimizing cells in module \wrapper.
    Consolidated identical input bits for $mux cell $memory$auto$proc_rom.cc:155:do_switch$6$rdmux[0][3][6]$5692:
      Old ports: A=$memory$auto$proc_rom.cc:155:do_switch$6$rdmux[0][3][6]$a$5693, B=$memory$auto$proc_rom.cc:155:do_switch$6$rdmux[0][3][6]$b$5694, Y=$memory$auto$proc_rom.cc:155:do_switch$6$rdmux[0][2][3]$a$5672
      New ports: A={ $memory$auto$proc_rom.cc:155:do_switch$6$rdmux[0][3][6]$a$5693 [3] $memory$auto$proc_rom.cc:155:do_switch$6$rdmux[0][3][6]$a$5693 [1] $memory$auto$proc_rom.cc:155:do_switch$6$rdmux[0][3][6]$a$5693 [1:0] }, B={ 1'1 $memory$auto$proc_rom.cc:155:do_switch$6$rdmux[0][3][6]$b$5694 [2:0] }, Y=$memory$auto$proc_rom.cc:155:do_switch$6$rdmux[0][2][3]$a$5672 [3:0]
      New connections: $memory$auto$proc_rom.cc:155:do_switch$6$rdmux[0][2][3]$a$5672 [6:4] = 3'111
    Consolidated identical input bits for $mux cell $memory$auto$proc_rom.cc:155:do_switch$6$rdmux[0][3][5]$5689:
      Old ports: A=$memory$auto$proc_rom.cc:155:do_switch$6$rdmux[0][3][5]$a$5690, B=$memory$auto$proc_rom.cc:155:do_switch$6$rdmux[0][3][5]$b$5691, Y=$memory$auto$proc_rom.cc:155:do_switch$6$rdmux[0][2][2]$b$5670
      New ports: A={ 2'01 $memory$auto$proc_rom.cc:155:do_switch$6$rdmux[0][3][5]$a$5690 [2:0] }, B={ 2'10 $memory$auto$proc_rom.cc:155:do_switch$6$rdmux[0][3][5]$b$5691 [2:0] }, Y=$memory$auto$proc_rom.cc:155:do_switch$6$rdmux[0][2][2]$b$5670 [4:0]
      New connections: $memory$auto$proc_rom.cc:155:do_switch$6$rdmux[0][2][2]$b$5670 [6:5] = 2'11
    Consolidated identical input bits for $mux cell $memory$auto$proc_rom.cc:155:do_switch$6$rdmux[0][3][4]$5686:
      Old ports: A=$memory$auto$proc_rom.cc:155:do_switch$6$rdmux[0][3][4]$a$5687, B=$memory$auto$proc_rom.cc:155:do_switch$6$rdmux[0][3][4]$b$5688, Y=$memory$auto$proc_rom.cc:155:do_switch$6$rdmux[0][2][2]$a$5669
      New ports: A={ $memory$auto$proc_rom.cc:155:do_switch$6$rdmux[0][3][4]$a$5687 [5] $memory$auto$proc_rom.cc:155:do_switch$6$rdmux[0][3][4]$a$5687 [3] $memory$auto$proc_rom.cc:155:do_switch$6$rdmux[0][3][4]$a$5687 [3:1] }, B={ 2'10 $memory$auto$proc_rom.cc:155:do_switch$6$rdmux[0][3][4]$b$5688 [3:1] }, Y=$memory$auto$proc_rom.cc:155:do_switch$6$rdmux[0][2][2]$a$5669 [5:1]
      New connections: { $memory$auto$proc_rom.cc:155:do_switch$6$rdmux[0][2][2]$a$5669 [6] $memory$auto$proc_rom.cc:155:do_switch$6$rdmux[0][2][2]$a$5669 [0] } = 2'11
    Consolidated identical input bits for $mux cell $memory$auto$proc_rom.cc:155:do_switch$6$rdmux[0][3][3]$5683:
      Old ports: A=$memory$auto$proc_rom.cc:155:do_switch$6$rdmux[0][3][3]$a$5684, B=$memory$auto$proc_rom.cc:155:do_switch$6$rdmux[0][3][3]$b$5685, Y=$memory$auto$proc_rom.cc:155:do_switch$6$rdmux[0][2][1]$b$5667
      New ports: A={ 2'01 $memory$auto$proc_rom.cc:155:do_switch$6$rdmux[0][3][3]$a$5684 [0] $memory$auto$proc_rom.cc:155:do_switch$6$rdmux[0][3][3]$a$5684 [1:0] }, B={ 1'1 $memory$auto$proc_rom.cc:155:do_switch$6$rdmux[0][3][3]$b$5685 [0] $memory$auto$proc_rom.cc:155:do_switch$6$rdmux[0][3][3]$b$5685 [2:0] }, Y=$memory$auto$proc_rom.cc:155:do_switch$6$rdmux[0][2][1]$b$5667 [4:0]
      New connections: $memory$auto$proc_rom.cc:155:do_switch$6$rdmux[0][2][1]$b$5667 [6:5] = 2'10
    Consolidated identical input bits for $mux cell $memory$auto$proc_rom.cc:155:do_switch$6$rdmux[0][3][2]$5680:
      Old ports: A=$memory$auto$proc_rom.cc:155:do_switch$6$rdmux[0][3][2]$a$5681, B=$memory$auto$proc_rom.cc:155:do_switch$6$rdmux[0][3][2]$b$5682, Y=$memory$auto$proc_rom.cc:155:do_switch$6$rdmux[0][2][1]$a$5666
      New ports: A={ 2'01 $memory$auto$proc_rom.cc:155:do_switch$6$rdmux[0][3][2]$a$5681 [3] $memory$auto$proc_rom.cc:155:do_switch$6$rdmux[0][3][2]$a$5681 [0] $memory$auto$proc_rom.cc:155:do_switch$6$rdmux[0][3][2]$a$5681 [1:0] }, B={ $memory$auto$proc_rom.cc:155:do_switch$6$rdmux[0][3][2]$b$5682 [6] $memory$auto$proc_rom.cc:155:do_switch$6$rdmux[0][3][2]$b$5682 [3] $memory$auto$proc_rom.cc:155:do_switch$6$rdmux[0][3][2]$b$5682 [3:0] }, Y={ $memory$auto$proc_rom.cc:155:do_switch$6$rdmux[0][2][1]$a$5666 [6] $memory$auto$proc_rom.cc:155:do_switch$6$rdmux[0][2][1]$a$5666 [4:0] }
      New connections: $memory$auto$proc_rom.cc:155:do_switch$6$rdmux[0][2][1]$a$5666 [5] = $memory$auto$proc_rom.cc:155:do_switch$6$rdmux[0][2][1]$a$5666 [4]
    Consolidated identical input bits for $mux cell $memory$auto$proc_rom.cc:155:do_switch$6$rdmux[0][3][1]$5677:
      Old ports: A=$memory$auto$proc_rom.cc:155:do_switch$6$rdmux[0][3][1]$a$5678, B=$memory$auto$proc_rom.cc:155:do_switch$6$rdmux[0][3][1]$b$5679, Y=$memory$auto$proc_rom.cc:155:do_switch$6$rdmux[0][2][0]$b$5664
      New ports: A={ $memory$auto$proc_rom.cc:155:do_switch$6$rdmux[0][3][1]$a$5678 [5] $memory$auto$proc_rom.cc:155:do_switch$6$rdmux[0][3][1]$a$5678 [3] $memory$auto$proc_rom.cc:155:do_switch$6$rdmux[0][3][1]$a$5678 [3:0] }, B={ 2'10 $memory$auto$proc_rom.cc:155:do_switch$6$rdmux[0][3][1]$b$5679 [3:0] }, Y=$memory$auto$proc_rom.cc:155:do_switch$6$rdmux[0][2][0]$b$5664 [5:0]
      New connections: $memory$auto$proc_rom.cc:155:do_switch$6$rdmux[0][2][0]$b$5664 [6] = 1'0
    Consolidated identical input bits for $mux cell $memory$auto$proc_rom.cc:155:do_switch$6$rdmux[0][3][0]$5674:
      Old ports: A=$memory$auto$proc_rom.cc:155:do_switch$6$rdmux[0][3][0]$a$5675, B=$memory$auto$proc_rom.cc:155:do_switch$6$rdmux[0][3][0]$b$5676, Y=$memory$auto$proc_rom.cc:155:do_switch$6$rdmux[0][2][0]$a$5663
      New ports: A={ 1'0 $memory$auto$proc_rom.cc:155:do_switch$6$rdmux[0][3][0]$a$5675 [3:0] }, B=$memory$auto$proc_rom.cc:155:do_switch$6$rdmux[0][3][0]$b$5676 [4:0], Y=$memory$auto$proc_rom.cc:155:do_switch$6$rdmux[0][2][0]$a$5663 [4:0]
      New connections: $memory$auto$proc_rom.cc:155:do_switch$6$rdmux[0][2][0]$a$5663 [6:5] = 2'00
    Consolidated identical input bits for $mux cell $memory$auto$proc_rom.cc:155:do_switch$2$rdmux[0][3][6]$5503:
      Old ports: A=$memory$auto$proc_rom.cc:155:do_switch$2$rdmux[0][3][6]$a$5504, B=$memory$auto$proc_rom.cc:155:do_switch$2$rdmux[0][3][6]$b$5505, Y=$memory$auto$proc_rom.cc:155:do_switch$2$rdmux[0][2][3]$a$5483
      New ports: A={ $memory$auto$proc_rom.cc:155:do_switch$2$rdmux[0][3][6]$a$5504 [3] $memory$auto$proc_rom.cc:155:do_switch$2$rdmux[0][3][6]$a$5504 [1] $memory$auto$proc_rom.cc:155:do_switch$2$rdmux[0][3][6]$a$5504 [1:0] }, B={ 1'1 $memory$auto$proc_rom.cc:155:do_switch$2$rdmux[0][3][6]$b$5505 [2:0] }, Y=$memory$auto$proc_rom.cc:155:do_switch$2$rdmux[0][2][3]$a$5483 [3:0]
      New connections: $memory$auto$proc_rom.cc:155:do_switch$2$rdmux[0][2][3]$a$5483 [6:4] = 3'111
    Consolidated identical input bits for $mux cell $memory$auto$proc_rom.cc:155:do_switch$2$rdmux[0][3][5]$5500:
      Old ports: A=$memory$auto$proc_rom.cc:155:do_switch$2$rdmux[0][3][5]$a$5501, B=$memory$auto$proc_rom.cc:155:do_switch$2$rdmux[0][3][5]$b$5502, Y=$memory$auto$proc_rom.cc:155:do_switch$2$rdmux[0][2][2]$b$5481
      New ports: A={ 2'01 $memory$auto$proc_rom.cc:155:do_switch$2$rdmux[0][3][5]$a$5501 [2:0] }, B={ 2'10 $memory$auto$proc_rom.cc:155:do_switch$2$rdmux[0][3][5]$b$5502 [2:0] }, Y=$memory$auto$proc_rom.cc:155:do_switch$2$rdmux[0][2][2]$b$5481 [4:0]
      New connections: $memory$auto$proc_rom.cc:155:do_switch$2$rdmux[0][2][2]$b$5481 [6:5] = 2'11
    Consolidated identical input bits for $mux cell $memory$auto$proc_rom.cc:155:do_switch$2$rdmux[0][3][4]$5497:
      Old ports: A=$memory$auto$proc_rom.cc:155:do_switch$2$rdmux[0][3][4]$a$5498, B=$memory$auto$proc_rom.cc:155:do_switch$2$rdmux[0][3][4]$b$5499, Y=$memory$auto$proc_rom.cc:155:do_switch$2$rdmux[0][2][2]$a$5480
      New ports: A={ $memory$auto$proc_rom.cc:155:do_switch$2$rdmux[0][3][4]$a$5498 [5] $memory$auto$proc_rom.cc:155:do_switch$2$rdmux[0][3][4]$a$5498 [3] $memory$auto$proc_rom.cc:155:do_switch$2$rdmux[0][3][4]$a$5498 [3:1] }, B={ 2'10 $memory$auto$proc_rom.cc:155:do_switch$2$rdmux[0][3][4]$b$5499 [3:1] }, Y=$memory$auto$proc_rom.cc:155:do_switch$2$rdmux[0][2][2]$a$5480 [5:1]
      New connections: { $memory$auto$proc_rom.cc:155:do_switch$2$rdmux[0][2][2]$a$5480 [6] $memory$auto$proc_rom.cc:155:do_switch$2$rdmux[0][2][2]$a$5480 [0] } = 2'11
    Consolidated identical input bits for $mux cell $memory$auto$proc_rom.cc:155:do_switch$2$rdmux[0][3][3]$5494:
      Old ports: A=$memory$auto$proc_rom.cc:155:do_switch$2$rdmux[0][3][3]$a$5495, B=$memory$auto$proc_rom.cc:155:do_switch$2$rdmux[0][3][3]$b$5496, Y=$memory$auto$proc_rom.cc:155:do_switch$2$rdmux[0][2][1]$b$5478
      New ports: A={ 2'01 $memory$auto$proc_rom.cc:155:do_switch$2$rdmux[0][3][3]$a$5495 [0] $memory$auto$proc_rom.cc:155:do_switch$2$rdmux[0][3][3]$a$5495 [1:0] }, B={ 1'1 $memory$auto$proc_rom.cc:155:do_switch$2$rdmux[0][3][3]$b$5496 [0] $memory$auto$proc_rom.cc:155:do_switch$2$rdmux[0][3][3]$b$5496 [2:0] }, Y=$memory$auto$proc_rom.cc:155:do_switch$2$rdmux[0][2][1]$b$5478 [4:0]
      New connections: $memory$auto$proc_rom.cc:155:do_switch$2$rdmux[0][2][1]$b$5478 [6:5] = 2'10
    Consolidated identical input bits for $mux cell $memory$auto$proc_rom.cc:155:do_switch$2$rdmux[0][3][2]$5491:
      Old ports: A=$memory$auto$proc_rom.cc:155:do_switch$2$rdmux[0][3][2]$a$5492, B=$memory$auto$proc_rom.cc:155:do_switch$2$rdmux[0][3][2]$b$5493, Y=$memory$auto$proc_rom.cc:155:do_switch$2$rdmux[0][2][1]$a$5477
      New ports: A={ 2'01 $memory$auto$proc_rom.cc:155:do_switch$2$rdmux[0][3][2]$a$5492 [3] $memory$auto$proc_rom.cc:155:do_switch$2$rdmux[0][3][2]$a$5492 [0] $memory$auto$proc_rom.cc:155:do_switch$2$rdmux[0][3][2]$a$5492 [1:0] }, B={ $memory$auto$proc_rom.cc:155:do_switch$2$rdmux[0][3][2]$b$5493 [6] $memory$auto$proc_rom.cc:155:do_switch$2$rdmux[0][3][2]$b$5493 [3] $memory$auto$proc_rom.cc:155:do_switch$2$rdmux[0][3][2]$b$5493 [3:0] }, Y={ $memory$auto$proc_rom.cc:155:do_switch$2$rdmux[0][2][1]$a$5477 [6] $memory$auto$proc_rom.cc:155:do_switch$2$rdmux[0][2][1]$a$5477 [4:0] }
      New connections: $memory$auto$proc_rom.cc:155:do_switch$2$rdmux[0][2][1]$a$5477 [5] = $memory$auto$proc_rom.cc:155:do_switch$2$rdmux[0][2][1]$a$5477 [4]
    Consolidated identical input bits for $mux cell $memory$auto$proc_rom.cc:155:do_switch$2$rdmux[0][3][1]$5488:
      Old ports: A=$memory$auto$proc_rom.cc:155:do_switch$2$rdmux[0][3][1]$a$5489, B=$memory$auto$proc_rom.cc:155:do_switch$2$rdmux[0][3][1]$b$5490, Y=$memory$auto$proc_rom.cc:155:do_switch$2$rdmux[0][2][0]$b$5475
      New ports: A={ $memory$auto$proc_rom.cc:155:do_switch$2$rdmux[0][3][1]$a$5489 [5] $memory$auto$proc_rom.cc:155:do_switch$2$rdmux[0][3][1]$a$5489 [3] $memory$auto$proc_rom.cc:155:do_switch$2$rdmux[0][3][1]$a$5489 [3:0] }, B={ 2'10 $memory$auto$proc_rom.cc:155:do_switch$2$rdmux[0][3][1]$b$5490 [3:0] }, Y=$memory$auto$proc_rom.cc:155:do_switch$2$rdmux[0][2][0]$b$5475 [5:0]
      New connections: $memory$auto$proc_rom.cc:155:do_switch$2$rdmux[0][2][0]$b$5475 [6] = 1'0
    Consolidated identical input bits for $mux cell $memory$auto$proc_rom.cc:155:do_switch$2$rdmux[0][3][0]$5485:
      Old ports: A=$memory$auto$proc_rom.cc:155:do_switch$2$rdmux[0][3][0]$a$5486, B=$memory$auto$proc_rom.cc:155:do_switch$2$rdmux[0][3][0]$b$5487, Y=$memory$auto$proc_rom.cc:155:do_switch$2$rdmux[0][2][0]$a$5474
      New ports: A={ 1'0 $memory$auto$proc_rom.cc:155:do_switch$2$rdmux[0][3][0]$a$5486 [3:0] }, B=$memory$auto$proc_rom.cc:155:do_switch$2$rdmux[0][3][0]$b$5487 [4:0], Y=$memory$auto$proc_rom.cc:155:do_switch$2$rdmux[0][2][0]$a$5474 [4:0]
      New connections: $memory$auto$proc_rom.cc:155:do_switch$2$rdmux[0][2][0]$a$5474 [6:5] = 2'00
    Consolidated identical input bits for $mux cell $memory$auto$proc_rom.cc:155:do_switch$14$rdmux[0][3][6]$5314:
      Old ports: A=$memory$auto$proc_rom.cc:155:do_switch$14$rdmux[0][3][6]$a$5315, B=$memory$auto$proc_rom.cc:155:do_switch$14$rdmux[0][3][6]$b$5316, Y=$memory$auto$proc_rom.cc:155:do_switch$14$rdmux[0][2][3]$a$5294
      New ports: A={ $memory$auto$proc_rom.cc:155:do_switch$14$rdmux[0][3][6]$a$5315 [3] $memory$auto$proc_rom.cc:155:do_switch$14$rdmux[0][3][6]$a$5315 [1] $memory$auto$proc_rom.cc:155:do_switch$14$rdmux[0][3][6]$a$5315 [1:0] }, B={ 1'1 $memory$auto$proc_rom.cc:155:do_switch$14$rdmux[0][3][6]$b$5316 [2:0] }, Y=$memory$auto$proc_rom.cc:155:do_switch$14$rdmux[0][2][3]$a$5294 [3:0]
      New connections: $memory$auto$proc_rom.cc:155:do_switch$14$rdmux[0][2][3]$a$5294 [6:4] = 3'111
    Consolidated identical input bits for $mux cell $memory$auto$proc_rom.cc:155:do_switch$14$rdmux[0][3][5]$5311:
      Old ports: A=$memory$auto$proc_rom.cc:155:do_switch$14$rdmux[0][3][5]$a$5312, B=$memory$auto$proc_rom.cc:155:do_switch$14$rdmux[0][3][5]$b$5313, Y=$memory$auto$proc_rom.cc:155:do_switch$14$rdmux[0][2][2]$b$5292
      New ports: A={ 2'01 $memory$auto$proc_rom.cc:155:do_switch$14$rdmux[0][3][5]$a$5312 [2:0] }, B={ 2'10 $memory$auto$proc_rom.cc:155:do_switch$14$rdmux[0][3][5]$b$5313 [2:0] }, Y=$memory$auto$proc_rom.cc:155:do_switch$14$rdmux[0][2][2]$b$5292 [4:0]
      New connections: $memory$auto$proc_rom.cc:155:do_switch$14$rdmux[0][2][2]$b$5292 [6:5] = 2'11
    Consolidated identical input bits for $mux cell $memory$auto$proc_rom.cc:155:do_switch$14$rdmux[0][3][4]$5308:
      Old ports: A=$memory$auto$proc_rom.cc:155:do_switch$14$rdmux[0][3][4]$a$5309, B=$memory$auto$proc_rom.cc:155:do_switch$14$rdmux[0][3][4]$b$5310, Y=$memory$auto$proc_rom.cc:155:do_switch$14$rdmux[0][2][2]$a$5291
      New ports: A={ $memory$auto$proc_rom.cc:155:do_switch$14$rdmux[0][3][4]$a$5309 [5] $memory$auto$proc_rom.cc:155:do_switch$14$rdmux[0][3][4]$a$5309 [3] $memory$auto$proc_rom.cc:155:do_switch$14$rdmux[0][3][4]$a$5309 [3:1] }, B={ 2'10 $memory$auto$proc_rom.cc:155:do_switch$14$rdmux[0][3][4]$b$5310 [3:1] }, Y=$memory$auto$proc_rom.cc:155:do_switch$14$rdmux[0][2][2]$a$5291 [5:1]
      New connections: { $memory$auto$proc_rom.cc:155:do_switch$14$rdmux[0][2][2]$a$5291 [6] $memory$auto$proc_rom.cc:155:do_switch$14$rdmux[0][2][2]$a$5291 [0] } = 2'11
    Consolidated identical input bits for $mux cell $memory$auto$proc_rom.cc:155:do_switch$14$rdmux[0][3][3]$5305:
      Old ports: A=$memory$auto$proc_rom.cc:155:do_switch$14$rdmux[0][3][3]$a$5306, B=$memory$auto$proc_rom.cc:155:do_switch$14$rdmux[0][3][3]$b$5307, Y=$memory$auto$proc_rom.cc:155:do_switch$14$rdmux[0][2][1]$b$5289
      New ports: A={ 2'01 $memory$auto$proc_rom.cc:155:do_switch$14$rdmux[0][3][3]$a$5306 [0] $memory$auto$proc_rom.cc:155:do_switch$14$rdmux[0][3][3]$a$5306 [1:0] }, B={ 1'1 $memory$auto$proc_rom.cc:155:do_switch$14$rdmux[0][3][3]$b$5307 [0] $memory$auto$proc_rom.cc:155:do_switch$14$rdmux[0][3][3]$b$5307 [2:0] }, Y=$memory$auto$proc_rom.cc:155:do_switch$14$rdmux[0][2][1]$b$5289 [4:0]
      New connections: $memory$auto$proc_rom.cc:155:do_switch$14$rdmux[0][2][1]$b$5289 [6:5] = 2'10
    Consolidated identical input bits for $mux cell $memory$auto$proc_rom.cc:155:do_switch$14$rdmux[0][3][2]$5302:
      Old ports: A=$memory$auto$proc_rom.cc:155:do_switch$14$rdmux[0][3][2]$a$5303, B=$memory$auto$proc_rom.cc:155:do_switch$14$rdmux[0][3][2]$b$5304, Y=$memory$auto$proc_rom.cc:155:do_switch$14$rdmux[0][2][1]$a$5288
      New ports: A={ 2'01 $memory$auto$proc_rom.cc:155:do_switch$14$rdmux[0][3][2]$a$5303 [3] $memory$auto$proc_rom.cc:155:do_switch$14$rdmux[0][3][2]$a$5303 [0] $memory$auto$proc_rom.cc:155:do_switch$14$rdmux[0][3][2]$a$5303 [1:0] }, B={ $memory$auto$proc_rom.cc:155:do_switch$14$rdmux[0][3][2]$b$5304 [6] $memory$auto$proc_rom.cc:155:do_switch$14$rdmux[0][3][2]$b$5304 [3] $memory$auto$proc_rom.cc:155:do_switch$14$rdmux[0][3][2]$b$5304 [3:0] }, Y={ $memory$auto$proc_rom.cc:155:do_switch$14$rdmux[0][2][1]$a$5288 [6] $memory$auto$proc_rom.cc:155:do_switch$14$rdmux[0][2][1]$a$5288 [4:0] }
      New connections: $memory$auto$proc_rom.cc:155:do_switch$14$rdmux[0][2][1]$a$5288 [5] = $memory$auto$proc_rom.cc:155:do_switch$14$rdmux[0][2][1]$a$5288 [4]
    Consolidated identical input bits for $mux cell $memory$auto$proc_rom.cc:155:do_switch$14$rdmux[0][3][1]$5299:
      Old ports: A=$memory$auto$proc_rom.cc:155:do_switch$14$rdmux[0][3][1]$a$5300, B=$memory$auto$proc_rom.cc:155:do_switch$14$rdmux[0][3][1]$b$5301, Y=$memory$auto$proc_rom.cc:155:do_switch$14$rdmux[0][2][0]$b$5286
      New ports: A={ $memory$auto$proc_rom.cc:155:do_switch$14$rdmux[0][3][1]$a$5300 [5] $memory$auto$proc_rom.cc:155:do_switch$14$rdmux[0][3][1]$a$5300 [3] $memory$auto$proc_rom.cc:155:do_switch$14$rdmux[0][3][1]$a$5300 [3:0] }, B={ 2'10 $memory$auto$proc_rom.cc:155:do_switch$14$rdmux[0][3][1]$b$5301 [3:0] }, Y=$memory$auto$proc_rom.cc:155:do_switch$14$rdmux[0][2][0]$b$5286 [5:0]
      New connections: $memory$auto$proc_rom.cc:155:do_switch$14$rdmux[0][2][0]$b$5286 [6] = 1'0
    Consolidated identical input bits for $mux cell $memory$auto$proc_rom.cc:155:do_switch$14$rdmux[0][3][0]$5296:
      Old ports: A=$memory$auto$proc_rom.cc:155:do_switch$14$rdmux[0][3][0]$a$5297, B=$memory$auto$proc_rom.cc:155:do_switch$14$rdmux[0][3][0]$b$5298, Y=$memory$auto$proc_rom.cc:155:do_switch$14$rdmux[0][2][0]$a$5285
      New ports: A={ 1'0 $memory$auto$proc_rom.cc:155:do_switch$14$rdmux[0][3][0]$a$5297 [3:0] }, B=$memory$auto$proc_rom.cc:155:do_switch$14$rdmux[0][3][0]$b$5298 [4:0], Y=$memory$auto$proc_rom.cc:155:do_switch$14$rdmux[0][2][0]$a$5285 [4:0]
      New connections: $memory$auto$proc_rom.cc:155:do_switch$14$rdmux[0][2][0]$a$5285 [6:5] = 2'00
    Consolidated identical input bits for $mux cell $memory$auto$proc_rom.cc:155:do_switch$10$rdmux[0][3][6]$5125:
      Old ports: A=$memory$auto$proc_rom.cc:155:do_switch$10$rdmux[0][3][6]$a$5126, B=$memory$auto$proc_rom.cc:155:do_switch$10$rdmux[0][3][6]$b$5127, Y=$memory$auto$proc_rom.cc:155:do_switch$10$rdmux[0][2][3]$a$5105
      New ports: A={ $memory$auto$proc_rom.cc:155:do_switch$10$rdmux[0][3][6]$a$5126 [3] $memory$auto$proc_rom.cc:155:do_switch$10$rdmux[0][3][6]$a$5126 [1] $memory$auto$proc_rom.cc:155:do_switch$10$rdmux[0][3][6]$a$5126 [1:0] }, B={ 1'1 $memory$auto$proc_rom.cc:155:do_switch$10$rdmux[0][3][6]$b$5127 [2:0] }, Y=$memory$auto$proc_rom.cc:155:do_switch$10$rdmux[0][2][3]$a$5105 [3:0]
      New connections: $memory$auto$proc_rom.cc:155:do_switch$10$rdmux[0][2][3]$a$5105 [6:4] = 3'111
    Consolidated identical input bits for $mux cell $memory$auto$proc_rom.cc:155:do_switch$10$rdmux[0][3][5]$5122:
      Old ports: A=$memory$auto$proc_rom.cc:155:do_switch$10$rdmux[0][3][5]$a$5123, B=$memory$auto$proc_rom.cc:155:do_switch$10$rdmux[0][3][5]$b$5124, Y=$memory$auto$proc_rom.cc:155:do_switch$10$rdmux[0][2][2]$b$5103
      New ports: A={ 2'01 $memory$auto$proc_rom.cc:155:do_switch$10$rdmux[0][3][5]$a$5123 [2:0] }, B={ 2'10 $memory$auto$proc_rom.cc:155:do_switch$10$rdmux[0][3][5]$b$5124 [2:0] }, Y=$memory$auto$proc_rom.cc:155:do_switch$10$rdmux[0][2][2]$b$5103 [4:0]
      New connections: $memory$auto$proc_rom.cc:155:do_switch$10$rdmux[0][2][2]$b$5103 [6:5] = 2'11
    Consolidated identical input bits for $mux cell $memory$auto$proc_rom.cc:155:do_switch$10$rdmux[0][3][4]$5119:
      Old ports: A=$memory$auto$proc_rom.cc:155:do_switch$10$rdmux[0][3][4]$a$5120, B=$memory$auto$proc_rom.cc:155:do_switch$10$rdmux[0][3][4]$b$5121, Y=$memory$auto$proc_rom.cc:155:do_switch$10$rdmux[0][2][2]$a$5102
      New ports: A={ $memory$auto$proc_rom.cc:155:do_switch$10$rdmux[0][3][4]$a$5120 [5] $memory$auto$proc_rom.cc:155:do_switch$10$rdmux[0][3][4]$a$5120 [3] $memory$auto$proc_rom.cc:155:do_switch$10$rdmux[0][3][4]$a$5120 [3:1] }, B={ 2'10 $memory$auto$proc_rom.cc:155:do_switch$10$rdmux[0][3][4]$b$5121 [3:1] }, Y=$memory$auto$proc_rom.cc:155:do_switch$10$rdmux[0][2][2]$a$5102 [5:1]
      New connections: { $memory$auto$proc_rom.cc:155:do_switch$10$rdmux[0][2][2]$a$5102 [6] $memory$auto$proc_rom.cc:155:do_switch$10$rdmux[0][2][2]$a$5102 [0] } = 2'11
    Consolidated identical input bits for $mux cell $memory$auto$proc_rom.cc:155:do_switch$10$rdmux[0][3][3]$5116:
      Old ports: A=$memory$auto$proc_rom.cc:155:do_switch$10$rdmux[0][3][3]$a$5117, B=$memory$auto$proc_rom.cc:155:do_switch$10$rdmux[0][3][3]$b$5118, Y=$memory$auto$proc_rom.cc:155:do_switch$10$rdmux[0][2][1]$b$5100
      New ports: A={ 2'01 $memory$auto$proc_rom.cc:155:do_switch$10$rdmux[0][3][3]$a$5117 [0] $memory$auto$proc_rom.cc:155:do_switch$10$rdmux[0][3][3]$a$5117 [1:0] }, B={ 1'1 $memory$auto$proc_rom.cc:155:do_switch$10$rdmux[0][3][3]$b$5118 [0] $memory$auto$proc_rom.cc:155:do_switch$10$rdmux[0][3][3]$b$5118 [2:0] }, Y=$memory$auto$proc_rom.cc:155:do_switch$10$rdmux[0][2][1]$b$5100 [4:0]
      New connections: $memory$auto$proc_rom.cc:155:do_switch$10$rdmux[0][2][1]$b$5100 [6:5] = 2'10
    Consolidated identical input bits for $mux cell $memory$auto$proc_rom.cc:155:do_switch$10$rdmux[0][3][2]$5113:
      Old ports: A=$memory$auto$proc_rom.cc:155:do_switch$10$rdmux[0][3][2]$a$5114, B=$memory$auto$proc_rom.cc:155:do_switch$10$rdmux[0][3][2]$b$5115, Y=$memory$auto$proc_rom.cc:155:do_switch$10$rdmux[0][2][1]$a$5099
      New ports: A={ 2'01 $memory$auto$proc_rom.cc:155:do_switch$10$rdmux[0][3][2]$a$5114 [3] $memory$auto$proc_rom.cc:155:do_switch$10$rdmux[0][3][2]$a$5114 [0] $memory$auto$proc_rom.cc:155:do_switch$10$rdmux[0][3][2]$a$5114 [1:0] }, B={ $memory$auto$proc_rom.cc:155:do_switch$10$rdmux[0][3][2]$b$5115 [6] $memory$auto$proc_rom.cc:155:do_switch$10$rdmux[0][3][2]$b$5115 [3] $memory$auto$proc_rom.cc:155:do_switch$10$rdmux[0][3][2]$b$5115 [3:0] }, Y={ $memory$auto$proc_rom.cc:155:do_switch$10$rdmux[0][2][1]$a$5099 [6] $memory$auto$proc_rom.cc:155:do_switch$10$rdmux[0][2][1]$a$5099 [4:0] }
      New connections: $memory$auto$proc_rom.cc:155:do_switch$10$rdmux[0][2][1]$a$5099 [5] = $memory$auto$proc_rom.cc:155:do_switch$10$rdmux[0][2][1]$a$5099 [4]
    Consolidated identical input bits for $mux cell $memory$auto$proc_rom.cc:155:do_switch$10$rdmux[0][3][1]$5110:
      Old ports: A=$memory$auto$proc_rom.cc:155:do_switch$10$rdmux[0][3][1]$a$5111, B=$memory$auto$proc_rom.cc:155:do_switch$10$rdmux[0][3][1]$b$5112, Y=$memory$auto$proc_rom.cc:155:do_switch$10$rdmux[0][2][0]$b$5097
      New ports: A={ $memory$auto$proc_rom.cc:155:do_switch$10$rdmux[0][3][1]$a$5111 [5] $memory$auto$proc_rom.cc:155:do_switch$10$rdmux[0][3][1]$a$5111 [3] $memory$auto$proc_rom.cc:155:do_switch$10$rdmux[0][3][1]$a$5111 [3:0] }, B={ 2'10 $memory$auto$proc_rom.cc:155:do_switch$10$rdmux[0][3][1]$b$5112 [3:0] }, Y=$memory$auto$proc_rom.cc:155:do_switch$10$rdmux[0][2][0]$b$5097 [5:0]
      New connections: $memory$auto$proc_rom.cc:155:do_switch$10$rdmux[0][2][0]$b$5097 [6] = 1'0
    Consolidated identical input bits for $mux cell $memory$auto$proc_rom.cc:155:do_switch$10$rdmux[0][3][0]$5107:
      Old ports: A=$memory$auto$proc_rom.cc:155:do_switch$10$rdmux[0][3][0]$a$5108, B=$memory$auto$proc_rom.cc:155:do_switch$10$rdmux[0][3][0]$b$5109, Y=$memory$auto$proc_rom.cc:155:do_switch$10$rdmux[0][2][0]$a$5096
      New ports: A={ 1'0 $memory$auto$proc_rom.cc:155:do_switch$10$rdmux[0][3][0]$a$5108 [3:0] }, B=$memory$auto$proc_rom.cc:155:do_switch$10$rdmux[0][3][0]$b$5109 [4:0], Y=$memory$auto$proc_rom.cc:155:do_switch$10$rdmux[0][2][0]$a$5096 [4:0]
      New connections: $memory$auto$proc_rom.cc:155:do_switch$10$rdmux[0][2][0]$a$5096 [6:5] = 2'00
  Optimizing cells in module \wrapper.
    Consolidated identical input bits for $mux cell $memory$auto$proc_rom.cc:155:do_switch$6$rdmux[0][2][3]$5671:
      Old ports: A=$memory$auto$proc_rom.cc:155:do_switch$6$rdmux[0][2][3]$a$5672, B=$memory$auto$proc_rom.cc:155:do_switch$6$rdmux[0][2][3]$b$5673, Y=$memory$auto$proc_rom.cc:155:do_switch$6$rdmux[0][1][1]$b$5661
      New ports: A=$memory$auto$proc_rom.cc:155:do_switch$6$rdmux[0][2][3]$a$5672 [3:0], B={ 2'11 $memory$auto$proc_rom.cc:155:do_switch$6$rdmux[0][2][3]$b$5673 [1:0] }, Y=$memory$auto$proc_rom.cc:155:do_switch$6$rdmux[0][1][1]$b$5661 [3:0]
      New connections: $memory$auto$proc_rom.cc:155:do_switch$6$rdmux[0][1][1]$b$5661 [6:4] = 3'111
    Consolidated identical input bits for $mux cell $memory$auto$proc_rom.cc:155:do_switch$6$rdmux[0][2][2]$5668:
      Old ports: A=$memory$auto$proc_rom.cc:155:do_switch$6$rdmux[0][2][2]$a$5669, B=$memory$auto$proc_rom.cc:155:do_switch$6$rdmux[0][2][2]$b$5670, Y=$memory$auto$proc_rom.cc:155:do_switch$6$rdmux[0][1][1]$a$5660
      New ports: A={ $memory$auto$proc_rom.cc:155:do_switch$6$rdmux[0][2][2]$a$5669 [5:1] 1'1 }, B={ 1'1 $memory$auto$proc_rom.cc:155:do_switch$6$rdmux[0][2][2]$b$5670 [4:0] }, Y=$memory$auto$proc_rom.cc:155:do_switch$6$rdmux[0][1][1]$a$5660 [5:0]
      New connections: $memory$auto$proc_rom.cc:155:do_switch$6$rdmux[0][1][1]$a$5660 [6] = 1'1
    Consolidated identical input bits for $mux cell $memory$auto$proc_rom.cc:155:do_switch$6$rdmux[0][2][0]$5662:
      Old ports: A=$memory$auto$proc_rom.cc:155:do_switch$6$rdmux[0][2][0]$a$5663, B=$memory$auto$proc_rom.cc:155:do_switch$6$rdmux[0][2][0]$b$5664, Y=$memory$auto$proc_rom.cc:155:do_switch$6$rdmux[0][1][0]$a$5657
      New ports: A={ 1'0 $memory$auto$proc_rom.cc:155:do_switch$6$rdmux[0][2][0]$a$5663 [4:0] }, B=$memory$auto$proc_rom.cc:155:do_switch$6$rdmux[0][2][0]$b$5664 [5:0], Y=$memory$auto$proc_rom.cc:155:do_switch$6$rdmux[0][1][0]$a$5657 [5:0]
      New connections: $memory$auto$proc_rom.cc:155:do_switch$6$rdmux[0][1][0]$a$5657 [6] = 1'0
    Consolidated identical input bits for $mux cell $memory$auto$proc_rom.cc:155:do_switch$2$rdmux[0][2][3]$5482:
      Old ports: A=$memory$auto$proc_rom.cc:155:do_switch$2$rdmux[0][2][3]$a$5483, B=$memory$auto$proc_rom.cc:155:do_switch$2$rdmux[0][2][3]$b$5484, Y=$memory$auto$proc_rom.cc:155:do_switch$2$rdmux[0][1][1]$b$5472
      New ports: A=$memory$auto$proc_rom.cc:155:do_switch$2$rdmux[0][2][3]$a$5483 [3:0], B={ 2'11 $memory$auto$proc_rom.cc:155:do_switch$2$rdmux[0][2][3]$b$5484 [1:0] }, Y=$memory$auto$proc_rom.cc:155:do_switch$2$rdmux[0][1][1]$b$5472 [3:0]
      New connections: $memory$auto$proc_rom.cc:155:do_switch$2$rdmux[0][1][1]$b$5472 [6:4] = 3'111
    Consolidated identical input bits for $mux cell $memory$auto$proc_rom.cc:155:do_switch$2$rdmux[0][2][2]$5479:
      Old ports: A=$memory$auto$proc_rom.cc:155:do_switch$2$rdmux[0][2][2]$a$5480, B=$memory$auto$proc_rom.cc:155:do_switch$2$rdmux[0][2][2]$b$5481, Y=$memory$auto$proc_rom.cc:155:do_switch$2$rdmux[0][1][1]$a$5471
      New ports: A={ $memory$auto$proc_rom.cc:155:do_switch$2$rdmux[0][2][2]$a$5480 [5:1] 1'1 }, B={ 1'1 $memory$auto$proc_rom.cc:155:do_switch$2$rdmux[0][2][2]$b$5481 [4:0] }, Y=$memory$auto$proc_rom.cc:155:do_switch$2$rdmux[0][1][1]$a$5471 [5:0]
      New connections: $memory$auto$proc_rom.cc:155:do_switch$2$rdmux[0][1][1]$a$5471 [6] = 1'1
    Consolidated identical input bits for $mux cell $memory$auto$proc_rom.cc:155:do_switch$2$rdmux[0][2][0]$5473:
      Old ports: A=$memory$auto$proc_rom.cc:155:do_switch$2$rdmux[0][2][0]$a$5474, B=$memory$auto$proc_rom.cc:155:do_switch$2$rdmux[0][2][0]$b$5475, Y=$memory$auto$proc_rom.cc:155:do_switch$2$rdmux[0][1][0]$a$5468
      New ports: A={ 1'0 $memory$auto$proc_rom.cc:155:do_switch$2$rdmux[0][2][0]$a$5474 [4:0] }, B=$memory$auto$proc_rom.cc:155:do_switch$2$rdmux[0][2][0]$b$5475 [5:0], Y=$memory$auto$proc_rom.cc:155:do_switch$2$rdmux[0][1][0]$a$5468 [5:0]
      New connections: $memory$auto$proc_rom.cc:155:do_switch$2$rdmux[0][1][0]$a$5468 [6] = 1'0
    Consolidated identical input bits for $mux cell $memory$auto$proc_rom.cc:155:do_switch$14$rdmux[0][2][3]$5293:
      Old ports: A=$memory$auto$proc_rom.cc:155:do_switch$14$rdmux[0][2][3]$a$5294, B=$memory$auto$proc_rom.cc:155:do_switch$14$rdmux[0][2][3]$b$5295, Y=$memory$auto$proc_rom.cc:155:do_switch$14$rdmux[0][1][1]$b$5283
      New ports: A=$memory$auto$proc_rom.cc:155:do_switch$14$rdmux[0][2][3]$a$5294 [3:0], B={ 2'11 $memory$auto$proc_rom.cc:155:do_switch$14$rdmux[0][2][3]$b$5295 [1:0] }, Y=$memory$auto$proc_rom.cc:155:do_switch$14$rdmux[0][1][1]$b$5283 [3:0]
      New connections: $memory$auto$proc_rom.cc:155:do_switch$14$rdmux[0][1][1]$b$5283 [6:4] = 3'111
    Consolidated identical input bits for $mux cell $memory$auto$proc_rom.cc:155:do_switch$14$rdmux[0][2][2]$5290:
      Old ports: A=$memory$auto$proc_rom.cc:155:do_switch$14$rdmux[0][2][2]$a$5291, B=$memory$auto$proc_rom.cc:155:do_switch$14$rdmux[0][2][2]$b$5292, Y=$memory$auto$proc_rom.cc:155:do_switch$14$rdmux[0][1][1]$a$5282
      New ports: A={ $memory$auto$proc_rom.cc:155:do_switch$14$rdmux[0][2][2]$a$5291 [5:1] 1'1 }, B={ 1'1 $memory$auto$proc_rom.cc:155:do_switch$14$rdmux[0][2][2]$b$5292 [4:0] }, Y=$memory$auto$proc_rom.cc:155:do_switch$14$rdmux[0][1][1]$a$5282 [5:0]
      New connections: $memory$auto$proc_rom.cc:155:do_switch$14$rdmux[0][1][1]$a$5282 [6] = 1'1
    Consolidated identical input bits for $mux cell $memory$auto$proc_rom.cc:155:do_switch$14$rdmux[0][2][0]$5284:
      Old ports: A=$memory$auto$proc_rom.cc:155:do_switch$14$rdmux[0][2][0]$a$5285, B=$memory$auto$proc_rom.cc:155:do_switch$14$rdmux[0][2][0]$b$5286, Y=$memory$auto$proc_rom.cc:155:do_switch$14$rdmux[0][1][0]$a$5279
      New ports: A={ 1'0 $memory$auto$proc_rom.cc:155:do_switch$14$rdmux[0][2][0]$a$5285 [4:0] }, B=$memory$auto$proc_rom.cc:155:do_switch$14$rdmux[0][2][0]$b$5286 [5:0], Y=$memory$auto$proc_rom.cc:155:do_switch$14$rdmux[0][1][0]$a$5279 [5:0]
      New connections: $memory$auto$proc_rom.cc:155:do_switch$14$rdmux[0][1][0]$a$5279 [6] = 1'0
    Consolidated identical input bits for $mux cell $memory$auto$proc_rom.cc:155:do_switch$10$rdmux[0][2][3]$5104:
      Old ports: A=$memory$auto$proc_rom.cc:155:do_switch$10$rdmux[0][2][3]$a$5105, B=$memory$auto$proc_rom.cc:155:do_switch$10$rdmux[0][2][3]$b$5106, Y=$memory$auto$proc_rom.cc:155:do_switch$10$rdmux[0][1][1]$b$5094
      New ports: A=$memory$auto$proc_rom.cc:155:do_switch$10$rdmux[0][2][3]$a$5105 [3:0], B={ 2'11 $memory$auto$proc_rom.cc:155:do_switch$10$rdmux[0][2][3]$b$5106 [1:0] }, Y=$memory$auto$proc_rom.cc:155:do_switch$10$rdmux[0][1][1]$b$5094 [3:0]
      New connections: $memory$auto$proc_rom.cc:155:do_switch$10$rdmux[0][1][1]$b$5094 [6:4] = 3'111
    Consolidated identical input bits for $mux cell $memory$auto$proc_rom.cc:155:do_switch$10$rdmux[0][2][2]$5101:
      Old ports: A=$memory$auto$proc_rom.cc:155:do_switch$10$rdmux[0][2][2]$a$5102, B=$memory$auto$proc_rom.cc:155:do_switch$10$rdmux[0][2][2]$b$5103, Y=$memory$auto$proc_rom.cc:155:do_switch$10$rdmux[0][1][1]$a$5093
      New ports: A={ $memory$auto$proc_rom.cc:155:do_switch$10$rdmux[0][2][2]$a$5102 [5:1] 1'1 }, B={ 1'1 $memory$auto$proc_rom.cc:155:do_switch$10$rdmux[0][2][2]$b$5103 [4:0] }, Y=$memory$auto$proc_rom.cc:155:do_switch$10$rdmux[0][1][1]$a$5093 [5:0]
      New connections: $memory$auto$proc_rom.cc:155:do_switch$10$rdmux[0][1][1]$a$5093 [6] = 1'1
    Consolidated identical input bits for $mux cell $memory$auto$proc_rom.cc:155:do_switch$10$rdmux[0][2][0]$5095:
      Old ports: A=$memory$auto$proc_rom.cc:155:do_switch$10$rdmux[0][2][0]$a$5096, B=$memory$auto$proc_rom.cc:155:do_switch$10$rdmux[0][2][0]$b$5097, Y=$memory$auto$proc_rom.cc:155:do_switch$10$rdmux[0][1][0]$a$5090
      New ports: A={ 1'0 $memory$auto$proc_rom.cc:155:do_switch$10$rdmux[0][2][0]$a$5096 [4:0] }, B=$memory$auto$proc_rom.cc:155:do_switch$10$rdmux[0][2][0]$b$5097 [5:0], Y=$memory$auto$proc_rom.cc:155:do_switch$10$rdmux[0][1][0]$a$5090 [5:0]
      New connections: $memory$auto$proc_rom.cc:155:do_switch$10$rdmux[0][1][0]$a$5090 [6] = 1'0
  Optimizing cells in module \wrapper.
    Consolidated identical input bits for $mux cell $memory$auto$proc_rom.cc:155:do_switch$6$rdmux[0][1][1]$5659:
      Old ports: A=$memory$auto$proc_rom.cc:155:do_switch$6$rdmux[0][1][1]$a$5660, B=$memory$auto$proc_rom.cc:155:do_switch$6$rdmux[0][1][1]$b$5661, Y=$memory$auto$proc_rom.cc:155:do_switch$6$rdmux[0][0][0]$b$5655
      New ports: A=$memory$auto$proc_rom.cc:155:do_switch$6$rdmux[0][1][1]$a$5660 [5:0], B={ 2'11 $memory$auto$proc_rom.cc:155:do_switch$6$rdmux[0][1][1]$b$5661 [3:0] }, Y=$memory$auto$proc_rom.cc:155:do_switch$6$rdmux[0][0][0]$b$5655 [5:0]
      New connections: $memory$auto$proc_rom.cc:155:do_switch$6$rdmux[0][0][0]$b$5655 [6] = 1'1
    Consolidated identical input bits for $mux cell $memory$auto$proc_rom.cc:155:do_switch$2$rdmux[0][1][1]$5470:
      Old ports: A=$memory$auto$proc_rom.cc:155:do_switch$2$rdmux[0][1][1]$a$5471, B=$memory$auto$proc_rom.cc:155:do_switch$2$rdmux[0][1][1]$b$5472, Y=$memory$auto$proc_rom.cc:155:do_switch$2$rdmux[0][0][0]$b$5466
      New ports: A=$memory$auto$proc_rom.cc:155:do_switch$2$rdmux[0][1][1]$a$5471 [5:0], B={ 2'11 $memory$auto$proc_rom.cc:155:do_switch$2$rdmux[0][1][1]$b$5472 [3:0] }, Y=$memory$auto$proc_rom.cc:155:do_switch$2$rdmux[0][0][0]$b$5466 [5:0]
      New connections: $memory$auto$proc_rom.cc:155:do_switch$2$rdmux[0][0][0]$b$5466 [6] = 1'1
    Consolidated identical input bits for $mux cell $memory$auto$proc_rom.cc:155:do_switch$14$rdmux[0][1][1]$5281:
      Old ports: A=$memory$auto$proc_rom.cc:155:do_switch$14$rdmux[0][1][1]$a$5282, B=$memory$auto$proc_rom.cc:155:do_switch$14$rdmux[0][1][1]$b$5283, Y=$memory$auto$proc_rom.cc:155:do_switch$14$rdmux[0][0][0]$b$5277
      New ports: A=$memory$auto$proc_rom.cc:155:do_switch$14$rdmux[0][1][1]$a$5282 [5:0], B={ 2'11 $memory$auto$proc_rom.cc:155:do_switch$14$rdmux[0][1][1]$b$5283 [3:0] }, Y=$memory$auto$proc_rom.cc:155:do_switch$14$rdmux[0][0][0]$b$5277 [5:0]
      New connections: $memory$auto$proc_rom.cc:155:do_switch$14$rdmux[0][0][0]$b$5277 [6] = 1'1
    Consolidated identical input bits for $mux cell $memory$auto$proc_rom.cc:155:do_switch$10$rdmux[0][1][1]$5092:
      Old ports: A=$memory$auto$proc_rom.cc:155:do_switch$10$rdmux[0][1][1]$a$5093, B=$memory$auto$proc_rom.cc:155:do_switch$10$rdmux[0][1][1]$b$5094, Y=$memory$auto$proc_rom.cc:155:do_switch$10$rdmux[0][0][0]$b$5088
      New ports: A=$memory$auto$proc_rom.cc:155:do_switch$10$rdmux[0][1][1]$a$5093 [5:0], B={ 2'11 $memory$auto$proc_rom.cc:155:do_switch$10$rdmux[0][1][1]$b$5094 [3:0] }, Y=$memory$auto$proc_rom.cc:155:do_switch$10$rdmux[0][0][0]$b$5088 [5:0]
      New connections: $memory$auto$proc_rom.cc:155:do_switch$10$rdmux[0][0][0]$b$5088 [6] = 1'1
  Optimizing cells in module \wrapper.
Performed a total of 217 changes.

97. Executing OPT_MERGE pass (detect identical cells).
Finding identical cells in module `\wrapper'.
Computing hashes of 961 cells of `\wrapper'.
Finding duplicate cells in `\wrapper'.
Computing hashes of 865 cells of `\wrapper'.
Finding duplicate cells in `\wrapper'.
<suppressed ~288 debug messages>
Removed a total of 96 cells.

98. Executing OPT_SHARE pass.

99. Executing OPT_DFF pass (perform DFF optimizations).

100. Executing OPT_CLEAN pass (remove unused cells and wires).
Finding unused cells or wires in module \wrapper..
Removed 0 unused cells and 381 unused wires.
<suppressed ~1 debug messages>

101. Executing OPT_EXPR pass (perform const folding).
Optimizing module wrapper.
<suppressed ~4 debug messages>

102. Rerunning OPT passes. (Maybe there is more to do…)

103. Executing OPT_MUXTREE pass (detect dead branches in mux trees).
Running muxtree optimizer on module \wrapper..
  Creating internal representation of mux trees.
  Evaluating internal representation of mux trees.
  Analyzing evaluation results.
Removed 0 multiplexer ports.
<suppressed ~474 debug messages>

104. Executing OPT_REDUCE pass (consolidate $*mux and $reduce_* inputs).
  Optimizing cells in module \wrapper.
    Consolidated identical input bits for $mux cell $memory$auto$proc_rom.cc:155:do_switch$6$rdmux[0][4][12]$5734:
      Old ports: A={ 2'01 $memory$auto$proc_rom.cc:155:do_switch$6$rdmux[0][4][0]$b$5700 [0] }, B={ 2'10 $memory$auto$proc_rom.cc:155:do_switch$6$rdmux[0][4][0]$b$5700 [0] }, Y={ $memory$auto$proc_rom.cc:155:do_switch$6$rdmux[0][3][6]$a$5693 [3] $memory$auto$proc_rom.cc:155:do_switch$6$rdmux[0][3][6]$a$5693 [1:0] }
      New ports: A=2'01, B=2'10, Y={ $memory$auto$proc_rom.cc:155:do_switch$6$rdmux[0][3][6]$a$5693 [3] $memory$auto$proc_rom.cc:155:do_switch$6$rdmux[0][3][6]$a$5693 [1] }
      New connections: $memory$auto$proc_rom.cc:155:do_switch$6$rdmux[0][3][6]$a$5693 [0] = \digital_domain_inst.wave_controller_y_inst.u_sine.addr [0]
    Consolidated identical input bits for $mux cell $memory$auto$proc_rom.cc:155:do_switch$6$rdmux[0][4][9]$5725:
      Old ports: A={ 1'0 $memory$auto$proc_rom.cc:155:do_switch$6$rdmux[0][4][10]$a$5729 [2:1] }, B={ $memory$auto$proc_rom.cc:155:do_switch$6$rdmux[0][4][10]$a$5729 [2:1] $memory$auto$proc_rom.cc:155:do_switch$6$rdmux[0][4][10]$a$5729 [1] }, Y=$memory$auto$proc_rom.cc:155:do_switch$6$rdmux[0][3][4]$b$5688 [3:1]
      New ports: A={ 1'0 $memory$auto$proc_rom.cc:155:do_switch$6$rdmux[0][4][10]$a$5729 [2] }, B=$memory$auto$proc_rom.cc:155:do_switch$6$rdmux[0][4][10]$a$5729 [2:1], Y=$memory$auto$proc_rom.cc:155:do_switch$6$rdmux[0][3][4]$b$5688 [3:2]
      New connections: $memory$auto$proc_rom.cc:155:do_switch$6$rdmux[0][3][4]$b$5688 [1] = $memory$auto$proc_rom.cc:155:do_switch$6$rdmux[0][4][10]$a$5729 [1]
    Consolidated identical input bits for $mux cell $memory$auto$proc_rom.cc:155:do_switch$6$rdmux[0][4][8]$5722:
      Old ports: A={ 2'01 $memory$auto$proc_rom.cc:155:do_switch$6$rdmux[0][4][10]$a$5729 [2:1] }, B={ $memory$auto$proc_rom.cc:155:do_switch$6$rdmux[0][4][10]$a$5729 [2:1] $memory$auto$proc_rom.cc:155:do_switch$6$rdmux[0][4][10]$a$5729 [1] $memory$auto$proc_rom.cc:155:do_switch$6$rdmux[0][4][10]$a$5729 [1] }, Y={ $memory$auto$proc_rom.cc:155:do_switch$6$rdmux[0][3][4]$a$5687 [5] $memory$auto$proc_rom.cc:155:do_switch$6$rdmux[0][3][4]$a$5687 [3:1] }
      New ports: A={ 2'01 $memory$auto$proc_rom.cc:155:do_switch$6$rdmux[0][4][10]$a$5729 [2] }, B={ $memory$auto$proc_rom.cc:155:do_switch$6$rdmux[0][4][10]$a$5729 [2:1] $memory$auto$proc_rom.cc:155:do_switch$6$rdmux[0][4][10]$a$5729 [1] }, Y={ $memory$auto$proc_rom.cc:155:do_switch$6$rdmux[0][3][4]$a$5687 [5] $memory$auto$proc_rom.cc:155:do_switch$6$rdmux[0][3][4]$a$5687 [3:2] }
      New connections: $memory$auto$proc_rom.cc:155:do_switch$6$rdmux[0][3][4]$a$5687 [1] = $memory$auto$proc_rom.cc:155:do_switch$6$rdmux[0][4][10]$a$5729 [1]
    Consolidated identical input bits for $mux cell $memory$auto$proc_rom.cc:155:do_switch$6$rdmux[0][4][6]$5716:
      Old ports: A={ $memory$auto$proc_rom.cc:155:do_switch$6$rdmux[0][4][0]$b$5700 [0] 1'0 }, B={ $memory$auto$proc_rom.cc:155:do_switch$6$rdmux[0][4][0]$b$5700 [0] 1'1 }, Y=$memory$auto$proc_rom.cc:155:do_switch$6$rdmux[0][3][3]$a$5684 [1:0]
      New ports: A=1'0, B=1'1, Y=$memory$auto$proc_rom.cc:155:do_switch$6$rdmux[0][3][3]$a$5684 [0]
      New connections: $memory$auto$proc_rom.cc:155:do_switch$6$rdmux[0][3][3]$a$5684 [1] = \digital_domain_inst.wave_controller_y_inst.u_sine.addr [0]
    Consolidated identical input bits for $mux cell $memory$auto$proc_rom.cc:155:do_switch$14$rdmux[0][4][12]$5356:
      Old ports: A={ 2'01 $memory$auto$proc_rom.cc:155:do_switch$14$rdmux[0][4][0]$b$5322 [0] }, B={ 2'10 $memory$auto$proc_rom.cc:155:do_switch$14$rdmux[0][4][0]$b$5322 [0] }, Y={ $memory$auto$proc_rom.cc:155:do_switch$14$rdmux[0][3][6]$a$5315 [3] $memory$auto$proc_rom.cc:155:do_switch$14$rdmux[0][3][6]$a$5315 [1:0] }
      New ports: A=2'01, B=2'10, Y={ $memory$auto$proc_rom.cc:155:do_switch$14$rdmux[0][3][6]$a$5315 [3] $memory$auto$proc_rom.cc:155:do_switch$14$rdmux[0][3][6]$a$5315 [1] }
      New connections: $memory$auto$proc_rom.cc:155:do_switch$14$rdmux[0][3][6]$a$5315 [0] = \digital_domain_inst.wave_controller_x_inst.u_sine.addr [0]
    Consolidated identical input bits for $mux cell $memory$auto$proc_rom.cc:155:do_switch$14$rdmux[0][4][9]$5347:
      Old ports: A={ 1'0 $memory$auto$proc_rom.cc:155:do_switch$14$rdmux[0][4][10]$a$5351 [2:1] }, B={ $memory$auto$proc_rom.cc:155:do_switch$14$rdmux[0][4][10]$a$5351 [2:1] $memory$auto$proc_rom.cc:155:do_switch$14$rdmux[0][4][10]$a$5351 [1] }, Y=$memory$auto$proc_rom.cc:155:do_switch$14$rdmux[0][3][4]$b$5310 [3:1]
      New ports: A={ 1'0 $memory$auto$proc_rom.cc:155:do_switch$14$rdmux[0][4][10]$a$5351 [2] }, B=$memory$auto$proc_rom.cc:155:do_switch$14$rdmux[0][4][10]$a$5351 [2:1], Y=$memory$auto$proc_rom.cc:155:do_switch$14$rdmux[0][3][4]$b$5310 [3:2]
      New connections: $memory$auto$proc_rom.cc:155:do_switch$14$rdmux[0][3][4]$b$5310 [1] = $memory$auto$proc_rom.cc:155:do_switch$14$rdmux[0][4][10]$a$5351 [1]
    Consolidated identical input bits for $mux cell $memory$auto$proc_rom.cc:155:do_switch$14$rdmux[0][4][8]$5344:
      Old ports: A={ 2'01 $memory$auto$proc_rom.cc:155:do_switch$14$rdmux[0][4][10]$a$5351 [2:1] }, B={ $memory$auto$proc_rom.cc:155:do_switch$14$rdmux[0][4][10]$a$5351 [2:1] $memory$auto$proc_rom.cc:155:do_switch$14$rdmux[0][4][10]$a$5351 [1] $memory$auto$proc_rom.cc:155:do_switch$14$rdmux[0][4][10]$a$5351 [1] }, Y={ $memory$auto$proc_rom.cc:155:do_switch$14$rdmux[0][3][4]$a$5309 [5] $memory$auto$proc_rom.cc:155:do_switch$14$rdmux[0][3][4]$a$5309 [3:1] }
      New ports: A={ 2'01 $memory$auto$proc_rom.cc:155:do_switch$14$rdmux[0][4][10]$a$5351 [2] }, B={ $memory$auto$proc_rom.cc:155:do_switch$14$rdmux[0][4][10]$a$5351 [2:1] $memory$auto$proc_rom.cc:155:do_switch$14$rdmux[0][4][10]$a$5351 [1] }, Y={ $memory$auto$proc_rom.cc:155:do_switch$14$rdmux[0][3][4]$a$5309 [5] $memory$auto$proc_rom.cc:155:do_switch$14$rdmux[0][3][4]$a$5309 [3:2] }
      New connections: $memory$auto$proc_rom.cc:155:do_switch$14$rdmux[0][3][4]$a$5309 [1] = $memory$auto$proc_rom.cc:155:do_switch$14$rdmux[0][4][10]$a$5351 [1]
    Consolidated identical input bits for $mux cell $memory$auto$proc_rom.cc:155:do_switch$14$rdmux[0][4][6]$5338:
      Old ports: A={ $memory$auto$proc_rom.cc:155:do_switch$14$rdmux[0][4][0]$b$5322 [0] 1'0 }, B={ $memory$auto$proc_rom.cc:155:do_switch$14$rdmux[0][4][0]$b$5322 [0] 1'1 }, Y=$memory$auto$proc_rom.cc:155:do_switch$14$rdmux[0][3][3]$a$5306 [1:0]
      New ports: A=1'0, B=1'1, Y=$memory$auto$proc_rom.cc:155:do_switch$14$rdmux[0][3][3]$a$5306 [0]
      New connections: $memory$auto$proc_rom.cc:155:do_switch$14$rdmux[0][3][3]$a$5306 [1] = \digital_domain_inst.wave_controller_x_inst.u_sine.addr [0]
    Consolidated identical input bits for $mux cell $memory$auto$proc_rom.cc:155:do_switch$2$rdmux[0][4][12]$5545:
      Old ports: A={ 2'01 $memory$auto$proc_rom.cc:155:do_switch$2$rdmux[0][4][0]$b$5511 [0] }, B={ 2'10 $memory$auto$proc_rom.cc:155:do_switch$2$rdmux[0][4][0]$b$5511 [0] }, Y={ $memory$auto$proc_rom.cc:155:do_switch$2$rdmux[0][3][6]$a$5504 [3] $memory$auto$proc_rom.cc:155:do_switch$2$rdmux[0][3][6]$a$5504 [1:0] }
      New ports: A=2'01, B=2'10, Y={ $memory$auto$proc_rom.cc:155:do_switch$2$rdmux[0][3][6]$a$5504 [3] $memory$auto$proc_rom.cc:155:do_switch$2$rdmux[0][3][6]$a$5504 [1] }
      New connections: $memory$auto$proc_rom.cc:155:do_switch$2$rdmux[0][3][6]$a$5504 [0] = \digital_domain_inst.wave_controller_y_inst.u_ref_sine.addr [0]
    Consolidated identical input bits for $mux cell $memory$auto$proc_rom.cc:155:do_switch$2$rdmux[0][4][9]$5536:
      Old ports: A={ 1'0 $memory$auto$proc_rom.cc:155:do_switch$2$rdmux[0][4][10]$a$5540 [2:1] }, B={ $memory$auto$proc_rom.cc:155:do_switch$2$rdmux[0][4][10]$a$5540 [2:1] $memory$auto$proc_rom.cc:155:do_switch$2$rdmux[0][4][10]$a$5540 [1] }, Y=$memory$auto$proc_rom.cc:155:do_switch$2$rdmux[0][3][4]$b$5499 [3:1]
      New ports: A={ 1'0 $memory$auto$proc_rom.cc:155:do_switch$2$rdmux[0][4][10]$a$5540 [2] }, B=$memory$auto$proc_rom.cc:155:do_switch$2$rdmux[0][4][10]$a$5540 [2:1], Y=$memory$auto$proc_rom.cc:155:do_switch$2$rdmux[0][3][4]$b$5499 [3:2]
      New connections: $memory$auto$proc_rom.cc:155:do_switch$2$rdmux[0][3][4]$b$5499 [1] = $memory$auto$proc_rom.cc:155:do_switch$2$rdmux[0][4][10]$a$5540 [1]
    Consolidated identical input bits for $mux cell $memory$auto$proc_rom.cc:155:do_switch$2$rdmux[0][4][8]$5533:
      Old ports: A={ 2'01 $memory$auto$proc_rom.cc:155:do_switch$2$rdmux[0][4][10]$a$5540 [2:1] }, B={ $memory$auto$proc_rom.cc:155:do_switch$2$rdmux[0][4][10]$a$5540 [2:1] $memory$auto$proc_rom.cc:155:do_switch$2$rdmux[0][4][10]$a$5540 [1] $memory$auto$proc_rom.cc:155:do_switch$2$rdmux[0][4][10]$a$5540 [1] }, Y={ $memory$auto$proc_rom.cc:155:do_switch$2$rdmux[0][3][4]$a$5498 [5] $memory$auto$proc_rom.cc:155:do_switch$2$rdmux[0][3][4]$a$5498 [3:1] }
      New ports: A={ 2'01 $memory$auto$proc_rom.cc:155:do_switch$2$rdmux[0][4][10]$a$5540 [2] }, B={ $memory$auto$proc_rom.cc:155:do_switch$2$rdmux[0][4][10]$a$5540 [2:1] $memory$auto$proc_rom.cc:155:do_switch$2$rdmux[0][4][10]$a$5540 [1] }, Y={ $memory$auto$proc_rom.cc:155:do_switch$2$rdmux[0][3][4]$a$5498 [5] $memory$auto$proc_rom.cc:155:do_switch$2$rdmux[0][3][4]$a$5498 [3:2] }
      New connections: $memory$auto$proc_rom.cc:155:do_switch$2$rdmux[0][3][4]$a$5498 [1] = $memory$auto$proc_rom.cc:155:do_switch$2$rdmux[0][4][10]$a$5540 [1]
    Consolidated identical input bits for $mux cell $memory$auto$proc_rom.cc:155:do_switch$2$rdmux[0][4][6]$5527:
      Old ports: A={ $memory$auto$proc_rom.cc:155:do_switch$2$rdmux[0][4][0]$b$5511 [0] 1'0 }, B={ $memory$auto$proc_rom.cc:155:do_switch$2$rdmux[0][4][0]$b$5511 [0] 1'1 }, Y=$memory$auto$proc_rom.cc:155:do_switch$2$rdmux[0][3][3]$a$5495 [1:0]
      New ports: A=1'0, B=1'1, Y=$memory$auto$proc_rom.cc:155:do_switch$2$rdmux[0][3][3]$a$5495 [0]
      New connections: $memory$auto$proc_rom.cc:155:do_switch$2$rdmux[0][3][3]$a$5495 [1] = \digital_domain_inst.wave_controller_y_inst.u_ref_sine.addr [0]
    Consolidated identical input bits for $mux cell $memory$auto$proc_rom.cc:155:do_switch$10$rdmux[0][4][12]$5167:
      Old ports: A={ 2'01 $memory$auto$proc_rom.cc:155:do_switch$10$rdmux[0][4][0]$b$5133 [0] }, B={ 2'10 $memory$auto$proc_rom.cc:155:do_switch$10$rdmux[0][4][0]$b$5133 [0] }, Y={ $memory$auto$proc_rom.cc:155:do_switch$10$rdmux[0][3][6]$a$5126 [3] $memory$auto$proc_rom.cc:155:do_switch$10$rdmux[0][3][6]$a$5126 [1:0] }
      New ports: A=2'01, B=2'10, Y={ $memory$auto$proc_rom.cc:155:do_switch$10$rdmux[0][3][6]$a$5126 [3] $memory$auto$proc_rom.cc:155:do_switch$10$rdmux[0][3][6]$a$5126 [1] }
      New connections: $memory$auto$proc_rom.cc:155:do_switch$10$rdmux[0][3][6]$a$5126 [0] = \digital_domain_inst.wave_controller_x_inst.u_ref_sine.addr [0]
    Consolidated identical input bits for $mux cell $memory$auto$proc_rom.cc:155:do_switch$10$rdmux[0][4][9]$5158:
      Old ports: A={ 1'0 $memory$auto$proc_rom.cc:155:do_switch$10$rdmux[0][4][10]$a$5162 [2:1] }, B={ $memory$auto$proc_rom.cc:155:do_switch$10$rdmux[0][4][10]$a$5162 [2:1] $memory$auto$proc_rom.cc:155:do_switch$10$rdmux[0][4][10]$a$5162 [1] }, Y=$memory$auto$proc_rom.cc:155:do_switch$10$rdmux[0][3][4]$b$5121 [3:1]
      New ports: A={ 1'0 $memory$auto$proc_rom.cc:155:do_switch$10$rdmux[0][4][10]$a$5162 [2] }, B=$memory$auto$proc_rom.cc:155:do_switch$10$rdmux[0][4][10]$a$5162 [2:1], Y=$memory$auto$proc_rom.cc:155:do_switch$10$rdmux[0][3][4]$b$5121 [3:2]
      New connections: $memory$auto$proc_rom.cc:155:do_switch$10$rdmux[0][3][4]$b$5121 [1] = $memory$auto$proc_rom.cc:155:do_switch$10$rdmux[0][4][10]$a$5162 [1]
    Consolidated identical input bits for $mux cell $memory$auto$proc_rom.cc:155:do_switch$10$rdmux[0][4][8]$5155:
      Old ports: A={ 2'01 $memory$auto$proc_rom.cc:155:do_switch$10$rdmux[0][4][10]$a$5162 [2:1] }, B={ $memory$auto$proc_rom.cc:155:do_switch$10$rdmux[0][4][10]$a$5162 [2:1] $memory$auto$proc_rom.cc:155:do_switch$10$rdmux[0][4][10]$a$5162 [1] $memory$auto$proc_rom.cc:155:do_switch$10$rdmux[0][4][10]$a$5162 [1] }, Y={ $memory$auto$proc_rom.cc:155:do_switch$10$rdmux[0][3][4]$a$5120 [5] $memory$auto$proc_rom.cc:155:do_switch$10$rdmux[0][3][4]$a$5120 [3:1] }
      New ports: A={ 2'01 $memory$auto$proc_rom.cc:155:do_switch$10$rdmux[0][4][10]$a$5162 [2] }, B={ $memory$auto$proc_rom.cc:155:do_switch$10$rdmux[0][4][10]$a$5162 [2:1] $memory$auto$proc_rom.cc:155:do_switch$10$rdmux[0][4][10]$a$5162 [1] }, Y={ $memory$auto$proc_rom.cc:155:do_switch$10$rdmux[0][3][4]$a$5120 [5] $memory$auto$proc_rom.cc:155:do_switch$10$rdmux[0][3][4]$a$5120 [3:2] }
      New connections: $memory$auto$proc_rom.cc:155:do_switch$10$rdmux[0][3][4]$a$5120 [1] = $memory$auto$proc_rom.cc:155:do_switch$10$rdmux[0][4][10]$a$5162 [1]
    Consolidated identical input bits for $mux cell $memory$auto$proc_rom.cc:155:do_switch$10$rdmux[0][4][6]$5149:
      Old ports: A={ $memory$auto$proc_rom.cc:155:do_switch$10$rdmux[0][4][0]$b$5133 [0] 1'0 }, B={ $memory$auto$proc_rom.cc:155:do_switch$10$rdmux[0][4][0]$b$5133 [0] 1'1 }, Y=$memory$auto$proc_rom.cc:155:do_switch$10$rdmux[0][3][3]$a$5117 [1:0]
      New ports: A=1'0, B=1'1, Y=$memory$auto$proc_rom.cc:155:do_switch$10$rdmux[0][3][3]$a$5117 [0]
      New connections: $memory$auto$proc_rom.cc:155:do_switch$10$rdmux[0][3][3]$a$5117 [1] = \digital_domain_inst.wave_controller_x_inst.u_ref_sine.addr [0]
  Optimizing cells in module \wrapper.
    Consolidated identical input bits for $mux cell $memory$auto$proc_rom.cc:155:do_switch$6$rdmux[0][3][4]$5686:
      Old ports: A={ $memory$auto$proc_rom.cc:155:do_switch$6$rdmux[0][3][4]$a$5687 [5] $memory$auto$proc_rom.cc:155:do_switch$6$rdmux[0][3][4]$a$5687 [3] $memory$auto$proc_rom.cc:155:do_switch$6$rdmux[0][3][4]$a$5687 [3:1] }, B={ 2'10 $memory$auto$proc_rom.cc:155:do_switch$6$rdmux[0][3][4]$b$5688 [3:1] }, Y=$memory$auto$proc_rom.cc:155:do_switch$6$rdmux[0][2][2]$a$5669 [5:1]
      New ports: A={ $memory$auto$proc_rom.cc:155:do_switch$6$rdmux[0][3][4]$a$5687 [5] $memory$auto$proc_rom.cc:155:do_switch$6$rdmux[0][3][4]$a$5687 [3] $memory$auto$proc_rom.cc:155:do_switch$6$rdmux[0][3][4]$a$5687 [3:2] }, B={ 2'10 $memory$auto$proc_rom.cc:155:do_switch$6$rdmux[0][3][4]$b$5688 [3:2] }, Y=$memory$auto$proc_rom.cc:155:do_switch$6$rdmux[0][2][2]$a$5669 [5:2]
      New connections: $memory$auto$proc_rom.cc:155:do_switch$6$rdmux[0][2][2]$a$5669 [1] = $memory$auto$proc_rom.cc:155:do_switch$6$rdmux[0][4][10]$a$5729 [1]
    Consolidated identical input bits for $mux cell $memory$auto$proc_rom.cc:155:do_switch$14$rdmux[0][3][4]$5308:
      Old ports: A={ $memory$auto$proc_rom.cc:155:do_switch$14$rdmux[0][3][4]$a$5309 [5] $memory$auto$proc_rom.cc:155:do_switch$14$rdmux[0][3][4]$a$5309 [3] $memory$auto$proc_rom.cc:155:do_switch$14$rdmux[0][3][4]$a$5309 [3:1] }, B={ 2'10 $memory$auto$proc_rom.cc:155:do_switch$14$rdmux[0][3][4]$b$5310 [3:1] }, Y=$memory$auto$proc_rom.cc:155:do_switch$14$rdmux[0][2][2]$a$5291 [5:1]
      New ports: A={ $memory$auto$proc_rom.cc:155:do_switch$14$rdmux[0][3][4]$a$5309 [5] $memory$auto$proc_rom.cc:155:do_switch$14$rdmux[0][3][4]$a$5309 [3] $memory$auto$proc_rom.cc:155:do_switch$14$rdmux[0][3][4]$a$5309 [3:2] }, B={ 2'10 $memory$auto$proc_rom.cc:155:do_switch$14$rdmux[0][3][4]$b$5310 [3:2] }, Y=$memory$auto$proc_rom.cc:155:do_switch$14$rdmux[0][2][2]$a$5291 [5:2]
      New connections: $memory$auto$proc_rom.cc:155:do_switch$14$rdmux[0][2][2]$a$5291 [1] = $memory$auto$proc_rom.cc:155:do_switch$14$rdmux[0][4][10]$a$5351 [1]
    Consolidated identical input bits for $mux cell $memory$auto$proc_rom.cc:155:do_switch$2$rdmux[0][3][4]$5497:
      Old ports: A={ $memory$auto$proc_rom.cc:155:do_switch$2$rdmux[0][3][4]$a$5498 [5] $memory$auto$proc_rom.cc:155:do_switch$2$rdmux[0][3][4]$a$5498 [3] $memory$auto$proc_rom.cc:155:do_switch$2$rdmux[0][3][4]$a$5498 [3:1] }, B={ 2'10 $memory$auto$proc_rom.cc:155:do_switch$2$rdmux[0][3][4]$b$5499 [3:1] }, Y=$memory$auto$proc_rom.cc:155:do_switch$2$rdmux[0][2][2]$a$5480 [5:1]
      New ports: A={ $memory$auto$proc_rom.cc:155:do_switch$2$rdmux[0][3][4]$a$5498 [5] $memory$auto$proc_rom.cc:155:do_switch$2$rdmux[0][3][4]$a$5498 [3] $memory$auto$proc_rom.cc:155:do_switch$2$rdmux[0][3][4]$a$5498 [3:2] }, B={ 2'10 $memory$auto$proc_rom.cc:155:do_switch$2$rdmux[0][3][4]$b$5499 [3:2] }, Y=$memory$auto$proc_rom.cc:155:do_switch$2$rdmux[0][2][2]$a$5480 [5:2]
      New connections: $memory$auto$proc_rom.cc:155:do_switch$2$rdmux[0][2][2]$a$5480 [1] = $memory$auto$proc_rom.cc:155:do_switch$2$rdmux[0][4][10]$a$5540 [1]
    Consolidated identical input bits for $mux cell $memory$auto$proc_rom.cc:155:do_switch$10$rdmux[0][3][4]$5119:
      Old ports: A={ $memory$auto$proc_rom.cc:155:do_switch$10$rdmux[0][3][4]$a$5120 [5] $memory$auto$proc_rom.cc:155:do_switch$10$rdmux[0][3][4]$a$5120 [3] $memory$auto$proc_rom.cc:155:do_switch$10$rdmux[0][3][4]$a$5120 [3:1] }, B={ 2'10 $memory$auto$proc_rom.cc:155:do_switch$10$rdmux[0][3][4]$b$5121 [3:1] }, Y=$memory$auto$proc_rom.cc:155:do_switch$10$rdmux[0][2][2]$a$5102 [5:1]
      New ports: A={ $memory$auto$proc_rom.cc:155:do_switch$10$rdmux[0][3][4]$a$5120 [5] $memory$auto$proc_rom.cc:155:do_switch$10$rdmux[0][3][4]$a$5120 [3] $memory$auto$proc_rom.cc:155:do_switch$10$rdmux[0][3][4]$a$5120 [3:2] }, B={ 2'10 $memory$auto$proc_rom.cc:155:do_switch$10$rdmux[0][3][4]$b$5121 [3:2] }, Y=$memory$auto$proc_rom.cc:155:do_switch$10$rdmux[0][2][2]$a$5102 [5:2]
      New connections: $memory$auto$proc_rom.cc:155:do_switch$10$rdmux[0][2][2]$a$5102 [1] = $memory$auto$proc_rom.cc:155:do_switch$10$rdmux[0][4][10]$a$5162 [1]
  Optimizing cells in module \wrapper.
Performed a total of 20 changes.

105. Executing OPT_MERGE pass (detect identical cells).
Finding identical cells in module `\wrapper'.
Computing hashes of 861 cells of `\wrapper'.
Finding duplicate cells in `\wrapper'.
Computing hashes of 857 cells of `\wrapper'.
Finding duplicate cells in `\wrapper'.
<suppressed ~12 debug messages>
Removed a total of 4 cells.

106. Executing OPT_SHARE pass.

107. Executing OPT_DFF pass (perform DFF optimizations).

108. Executing OPT_CLEAN pass (remove unused cells and wires).
Finding unused cells or wires in module \wrapper..
Removed 0 unused cells and 8 unused wires.
<suppressed ~1 debug messages>

109. Executing OPT_EXPR pass (perform const folding).
Optimizing module wrapper.
<suppressed ~4 debug messages>

110. Rerunning OPT passes. (Maybe there is more to do…)

111. Executing OPT_MUXTREE pass (detect dead branches in mux trees).
Running muxtree optimizer on module \wrapper..
  Creating internal representation of mux trees.
  Evaluating internal representation of mux trees.
  Analyzing evaluation results.
Removed 0 multiplexer ports.
<suppressed ~466 debug messages>

112. Executing OPT_REDUCE pass (consolidate $*mux and $reduce_* inputs).
  Optimizing cells in module \wrapper.
Performed a total of 0 changes.

113. Executing OPT_MERGE pass (detect identical cells).
Finding identical cells in module `\wrapper'.
Computing hashes of 853 cells of `\wrapper'.
Finding duplicate cells in `\wrapper'.
Removed a total of 0 cells.

114. Executing OPT_SHARE pass.

115. Executing OPT_DFF pass (perform DFF optimizations).

116. Executing OPT_CLEAN pass (remove unused cells and wires).
Finding unused cells or wires in module \wrapper..
Removed 0 unused cells and 4 unused wires.
<suppressed ~1 debug messages>

117. Executing OPT_EXPR pass (perform const folding).
Optimizing module wrapper.

118. Rerunning OPT passes. (Maybe there is more to do…)

119. Executing OPT_MUXTREE pass (detect dead branches in mux trees).
Running muxtree optimizer on module \wrapper..
  Creating internal representation of mux trees.
  Evaluating internal representation of mux trees.
  Analyzing evaluation results.
Removed 0 multiplexer ports.
<suppressed ~466 debug messages>

120. Executing OPT_REDUCE pass (consolidate $*mux and $reduce_* inputs).
  Optimizing cells in module \wrapper.
Performed a total of 0 changes.

121. Executing OPT_MERGE pass (detect identical cells).
Finding identical cells in module `\wrapper'.
Computing hashes of 853 cells of `\wrapper'.
Finding duplicate cells in `\wrapper'.
Removed a total of 0 cells.

122. Executing OPT_SHARE pass.

123. Executing OPT_DFF pass (perform DFF optimizations).

124. Executing OPT_CLEAN pass (remove unused cells and wires).
Finding unused cells or wires in module \wrapper..

125. Executing OPT_EXPR pass (perform const folding).
Optimizing module wrapper.

126. Executing TECHMAP pass (map to technology primitives).

126.1. Executing Verilog-2005 frontend: /foss/tools/yosys/bin/../share/yosys/techmap.v
Parsing Verilog input from `/foss/tools/yosys/bin/../share/yosys/techmap.v' to AST representation.
Generating RTLIL representation for module `\_90_simplemap_bool_ops'.
Generating RTLIL representation for module `\_90_simplemap_reduce_ops'.
Generating RTLIL representation for module `\_90_simplemap_logic_ops'.
Generating RTLIL representation for module `\_90_simplemap_compare_ops'.
Generating RTLIL representation for module `\_90_simplemap_various'.
Generating RTLIL representation for module `\_90_simplemap_registers'.
Generating RTLIL representation for module `\_90_shift_ops_shr_shl_sshl_sshr'.
Generating RTLIL representation for module `\_90_shift_shiftx'.
Generating RTLIL representation for module `\_90_fa'.
Generating RTLIL representation for module `\_90_lcu_brent_kung'.
Generating RTLIL representation for module `\_90_alu'.
Generating RTLIL representation for module `\_90_macc'.
Generating RTLIL representation for module `\_90_alumacc'.
Generating RTLIL representation for module `$__div_mod_u'.
Generating RTLIL representation for module `$__div_mod_trunc'.
Generating RTLIL representation for module `\_90_div'.
Generating RTLIL representation for module `\_90_mod'.
Generating RTLIL representation for module `$__div_mod_floor'.
Generating RTLIL representation for module `\_90_divfloor'.
Generating RTLIL representation for module `\_90_modfloor'.
Generating RTLIL representation for module `\_90_pow'.
Generating RTLIL representation for module `\_90_demux'.
Generating RTLIL representation for module `\_90_lut'.
Generating RTLIL representation for module `$connect'.
Generating RTLIL representation for module `$input_port'.
Successfully finished Verilog frontend.

126.2. Continuing TECHMAP pass.
Using extmapper simplemap for cells of type $not.
Using template $paramod$32a7b7b86c07519b7537abc18e96f0331f97914d\_90_alu for cells of type $alu.
Using template $paramod$175e67c02b86e96b1288b9dc100122520d7240d8\_90_alu for cells of type $alu.
Using template $paramod$4ccbe221165818e15f326ddee3d1183c7924e12f\_90_alu for cells of type $alu.
Using template $paramod$befd47b1c77b68561d11d0cb61a0fae29b79f34c\_90_alu for cells of type $alu.
Using template $paramod$950cc9f9d9b07c09d0ee4a231126f2c8a3c4f78a\_90_alu for cells of type $alu.
Using template $paramod$dba81db10099960a821f4957f4cb0d31e021af4f\_90_alu for cells of type $alu.
Using template $paramod$c3cd1564c35d873179656addd6052d7ea8b6d991\_90_alu for cells of type $alu.
Using template $paramod$a1bc51c02ce12ac21eb18988e83292af48ed7d72\_90_alu for cells of type $alu.
Using template $paramod$5fb6b9fd94fd14bf0be6febfdd038aaac8fc4caf\_90_alu for cells of type $alu.
Using template $paramod$3ef7d3dd227da7627a99c5e5a6a4deb817573e39\_90_alu for cells of type $alu.
Using template $paramod$103b4016182df467cceab67bcf3e18e6361ec0fd\_90_alu for cells of type $alu.
Using template $paramod$138d3607c8d07487e5ecf266c62ec3bbea8f6632\_90_alu for cells of type $alu.
Using extmapper simplemap for cells of type $reduce_or.
Using extmapper simplemap for cells of type $or.
Using extmapper simplemap for cells of type $reduce_and.
Using template $paramod$740b056ede97228d3eae64ea2fdc81f0a33e0fe7\_90_alu for cells of type $alu.
Using extmapper maccmap for cells of type $macc_v2.
  add \digital_domain_inst.wave_controller_x_inst.raw_edge1 (21 bits, unsigned)
  sub { \digital_domain_inst.spi_regs_inst.cfg_f_MEMS_fcw_x 2'00 } (18 bits, unsigned)
  add $323y [20:1] (20 bits, unsigned)
  packed 1 (1) bits / 1 words into adder tree
  add \digital_domain_inst.wave_controller_x_inst.raw_edge2 (21 bits, unsigned)
  sub { \digital_domain_inst.spi_regs_inst.cfg_f_MEMS_fcw_x 2'00 } (18 bits, unsigned)
  add $327y [20:1] (20 bits, unsigned)
  packed 1 (1) bits / 1 words into adder tree
  add \digital_domain_inst.wave_controller_y_inst.raw_edge1 (21 bits, unsigned)
  sub { \digital_domain_inst.spi_regs_inst.cfg_f_MEMS_fcw_y 2'00 } (18 bits, unsigned)
  add $608y [20:1] (20 bits, unsigned)
  packed 1 (1) bits / 1 words into adder tree
  add \digital_domain_inst.wave_controller_y_inst.raw_edge2 (21 bits, unsigned)
  sub { \digital_domain_inst.spi_regs_inst.cfg_f_MEMS_fcw_y 2'00 } (18 bits, unsigned)
  add $612y [20:1] (20 bits, unsigned)
  packed 1 (1) bits / 1 words into adder tree
Using extmapper simplemap for cells of type $reduce_bool.
Using extmapper simplemap for cells of type $adffe.
Using extmapper simplemap for cells of type $ne.
Using extmapper simplemap for cells of type $and.
Using extmapper simplemap for cells of type $eq.
Using extmapper simplemap for cells of type $logic_not.
Using extmapper simplemap for cells of type $adff.
Using extmapper simplemap for cells of type $logic_and.
Using extmapper simplemap for cells of type $mux.
Using extmapper simplemap for cells of type $logic_or.
Using extmapper simplemap for cells of type $pmux.
Using template $paramod\_90_fa\WIDTH=32'00000000000000000000000000010101 for cells of type $fa.
Using extmapper simplemap for cells of type $pos.
Using template $paramod\_90_lcu_brent_kung\WIDTH=32'00000000000000000000000000010101 for cells of type $lcu.
Using extmapper simplemap for cells of type $xor.
Using template $paramod\_90_fa\WIDTH=32'00000000000000000000000000001000 for cells of type $fa.
Using template $paramod\_90_lcu_brent_kung\WIDTH=32'00000000000000000000000000001000 for cells of type $lcu.
Using template $paramod\_90_fa\WIDTH=32'00000000000000000000000000001001 for cells of type $fa.
Using template $paramod\_90_lcu_brent_kung\WIDTH=32'00000000000000000000000000001001 for cells of type $lcu.
Using template $paramod\_90_fa\WIDTH=32'00000000000000000000000000000010 for cells of type $fa.
Using template $paramod\_90_lcu_brent_kung\WIDTH=32'00000000000000000000000000000010 for cells of type $lcu.
Using template $paramod\_90_fa\WIDTH=32'00000000000000000000000000000100 for cells of type $fa.
Using template $paramod\_90_lcu_brent_kung\WIDTH=32'00000000000000000000000000000100 for cells of type $lcu.
Using template $paramod\_90_fa\WIDTH=32'00000000000000000000000000010110 for cells of type $fa.
Using template $paramod\_90_lcu_brent_kung\WIDTH=32'00000000000000000000000000010110 for cells of type $lcu.
Using template $paramod\_90_fa\WIDTH=32'00000000000000000000000000010011 for cells of type $fa.
Using template $paramod\_90_lcu_brent_kung\WIDTH=32'00000000000000000000000000010011 for cells of type $lcu.
Using template $paramod\_90_fa\WIDTH=32'00000000000000000000000000000111 for cells of type $fa.
Using template $paramod\_90_lcu_brent_kung\WIDTH=32'00000000000000000000000000000111 for cells of type $lcu.
Using template $paramod\_90_fa\WIDTH=32'00000000000000000000000000000011 for cells of type $fa.
Using template $paramod\_90_lcu_brent_kung\WIDTH=32'00000000000000000000000000000011 for cells of type $lcu.
No more expansions possible.
<suppressed ~5460 debug messages>

127. Executing OPT_EXPR pass (perform const folding).
Optimizing module wrapper.
<suppressed ~4634 debug messages>

128. Executing OPT_MERGE pass (detect identical cells).
Finding identical cells in module `\wrapper'.
Computing hashes of 9472 cells of `\wrapper'.
Finding duplicate cells in `\wrapper'.
Computing hashes of 8663 cells of `\wrapper'.
Finding duplicate cells in `\wrapper'.
Computing hashes of 8392 cells of `\wrapper'.
Finding duplicate cells in `\wrapper'.
Computing hashes of 8269 cells of `\wrapper'.
Finding duplicate cells in `\wrapper'.
Computing hashes of 8267 cells of `\wrapper'.
Finding duplicate cells in `\wrapper'.
Computing hashes of 8265 cells of `\wrapper'.
Finding duplicate cells in `\wrapper'.
Computing hashes of 8263 cells of `\wrapper'.
Finding duplicate cells in `\wrapper'.
Computing hashes of 8261 cells of `\wrapper'.
Finding duplicate cells in `\wrapper'.
Computing hashes of 8259 cells of `\wrapper'.
Finding duplicate cells in `\wrapper'.
Computing hashes of 8255 cells of `\wrapper'.
Finding duplicate cells in `\wrapper'.
<suppressed ~3651 debug messages>
Removed a total of 1217 cells.

129. Executing OPT_DFF pass (perform DFF optimizations).

130. Executing OPT_CLEAN pass (remove unused cells and wires).
Finding unused cells or wires in module \wrapper..
Removed 574 unused cells and 3521 unused wires.
<suppressed ~575 debug messages>

131. Executing OPT_EXPR pass (perform const folding).
Optimizing module wrapper.
<suppressed ~24 debug messages>

132. Executing OPT_MERGE pass (detect identical cells).
Finding identical cells in module `\wrapper'.
Computing hashes of 7657 cells of `\wrapper'.
Finding duplicate cells in `\wrapper'.
Removed a total of 0 cells.

133. Executing OPT_DFF pass (perform DFF optimizations).

134. Executing OPT_CLEAN pass (remove unused cells and wires).
Finding unused cells or wires in module \wrapper..
Removed 0 unused cells and 4 unused wires.
<suppressed ~1 debug messages>

135. Executing ABC pass (technology mapping using ABC).

135.1. Extracting gate netlist of module `\wrapper' to `<abc-temp-dir>/input.blif'..

135.1.1. Executed ABC.
Extracted 7089 gates and 7640 wires to a netlist network with 549 inputs and 389 outputs.
Running ABC script: <abc-temp-dir>/abc.script
ABC: UC Berkeley, ABC 1.01 (compiled Jul 27 2026 18:12:25)
ABC: abc 01> empty
ABC: abc 01> source <abc-temp-dir>/abc.script
ABC: + read_blif <abc-temp-dir>/input.blif 
ABC: + read_library <abc-temp-dir>/stdcells.genlib 
ABC: + strash 
ABC: + dretime 
ABC: + map 
ABC: + write_blif <abc-temp-dir>/output.blif 
ABC: 
ABC: YOSYS_ABC_DONE 

135.1.2. Re-integrating ABC results.
ABC RESULTS:               AND cells:      233
ABC RESULTS:            ANDNOT cells:     2402
ABC RESULTS:               MUX cells:      648
ABC RESULTS:              NAND cells:      134
ABC RESULTS:               NOR cells:      393
ABC RESULTS:               NOT cells:      357
ABC RESULTS:                OR cells:     1055
ABC RESULTS:             ORNOT cells:      437
ABC RESULTS:              XNOR cells:      232
ABC RESULTS:               XOR cells:      889
ABC RESULTS:        internal signals:     6702
ABC RESULTS:           input signals:      549
ABC RESULTS:          output signals:      389
Removing temp directory.
Removing global temp directory.

136. Executing OPT pass (performing simple optimizations).

136.1. Executing OPT_EXPR pass (perform const folding).
Optimizing module wrapper.
<suppressed ~64 debug messages>

136.2. Executing OPT_MERGE pass (detect identical cells).
Finding identical cells in module `\wrapper'.
Computing hashes of 7348 cells of `\wrapper'.
Finding duplicate cells in `\wrapper'.
Computing hashes of 7336 cells of `\wrapper'.
Finding duplicate cells in `\wrapper'.
<suppressed ~36 debug messages>
Removed a total of 12 cells.

136.3. Executing OPT_DFF pass (perform DFF optimizations).

136.4. Executing OPT_CLEAN pass (remove unused cells and wires).
Finding unused cells or wires in module \wrapper..
Removed 7 unused cells and 3715 unused wires.
<suppressed ~87 debug messages>

136.5. Finished fast OPT passes.

137. Executing HIERARCHY pass (managing design hierarchy).

137.1. Analyzing design hierarchy..
Top module:  \wrapper

137.2. Analyzing design hierarchy..
Top module:  \wrapper
Removed 0 unused modules.

138. Executing CHECK pass (checking for obvious problems).
Checking module wrapper...
Found and reported 0 problems.

139. Printing statistics.

=== wrapper ===

        +----------Local Count, excluding submodules.
        | 
     7027 wires
     8426 wire bits
      296 public wires
     1599 public wire bits
       18 ports
       18 port bits
     7329 cells
     2396   $_ANDNOT_
      229   $_AND_
      478   $_DFFE_PN0P_
        4   $_DFFE_PN1P_
       82   $_DFF_PN0_
        4   $_DFF_PN1_
      648   $_MUX_
      134   $_NAND_
      391   $_NOR_
      350   $_NOT_
      437   $_ORNOT_
     1055   $_OR_
      232   $_XNOR_
      889   $_XOR_

140. Executing OPT pass (performing simple optimizations).

140.1. Executing OPT_EXPR pass (perform const folding).
Optimizing module wrapper.

140.2. Executing OPT_MERGE pass (detect identical cells).
Finding identical cells in module `\wrapper'.
Computing hashes of 7329 cells of `\wrapper'.
Finding duplicate cells in `\wrapper'.
Removed a total of 0 cells.

140.3. Executing OPT_MUXTREE pass (detect dead branches in mux trees).
Running muxtree optimizer on module \wrapper..
  Creating internal representation of mux trees.
  No muxes found in this module.
Removed 0 multiplexer ports.

140.4. Executing OPT_REDUCE pass (consolidate $*mux and $reduce_* inputs).
  Optimizing cells in module \wrapper.
Performed a total of 0 changes.

140.5. Executing OPT_MERGE pass (detect identical cells).
Finding identical cells in module `\wrapper'.
Computing hashes of 7329 cells of `\wrapper'.
Finding duplicate cells in `\wrapper'.
Removed a total of 0 cells.

140.6. Executing OPT_DFF pass (perform DFF optimizations).

140.7. Executing OPT_CLEAN pass (remove unused cells and wires).
Finding unused cells or wires in module \wrapper..

140.8. Executing OPT_EXPR pass (perform const folding).
Optimizing module wrapper.

140.9. Finished fast OPT passes. (There is nothing left to do.)

141. Executing OPT_CLEAN pass (remove unused cells and wires).
Finding unused cells or wires in module \wrapper..
Removed 0 unused cells and 160 unused wires.
<suppressed ~160 debug messages>
{
   "creator": "Yosys 0.67 (git sha1 2d1509d1b, Release, GNU /usr/bin/c++ 13.3.0)",
   "invocation": "stat -json -liberty /workspace/librelane/runs/RUN_2026-08-25_20-00-22/tmp/b96ebfd010da43088cf9059057569826.lib ",
   "modules": {
      "\\wrapper": {
         "num_wires":         6867,
         "num_wire_bits":     7465,
         "num_pub_wires":     136,
         "num_pub_wire_bits": 638,
         "num_ports":         18,
         "num_port_bits":     18,
         "num_memories":      0,
         "num_memory_bits":   0,
         "num_processes":     0,
         "num_cells":         7329,
         "num_submodules":       0,
         "num_cells_by_type": {
            "$_ANDNOT_": 2396,
            "$_AND_": 229,
            "$_DFFE_PN0P_": 478,
            "$_DFFE_PN1P_": 4,
            "$_DFF_PN0_": 82,
            "$_DFF_PN1_": 4,
            "$_MUX_": 648,
            "$_NAND_": 134,
            "$_NOR_": 391,
            "$_NOT_": 350,
            "$_ORNOT_": 437,
            "$_OR_": 1055,
            "$_XNOR_": 232,
            "$_XOR_": 889
         }
      }
   },
      "design": {
         "num_wires":         6867,
         "num_wire_bits":     7465,
         "num_pub_wires":     136,
         "num_pub_wire_bits": 638,
         "num_ports":         18,
         "num_port_bits":     18,
         "num_memories":      0,
         "num_memory_bits":   0,
         "num_processes":     0,
         "num_cells":         7329,
         "num_submodules":       0,
         "num_cells_by_type": {
            "$_ANDNOT_": 2396,
            "$_AND_": 229,
            "$_DFFE_PN0P_": 478,
            "$_DFFE_PN1P_": 4,
            "$_DFF_PN0_": 82,
            "$_DFF_PN1_": 4,
            "$_MUX_": 648,
            "$_NAND_": 134,
            "$_NOR_": 391,
            "$_NOT_": 350,
            "$_ORNOT_": 437,
            "$_OR_": 1055,
            "$_XNOR_": 232,
            "$_XOR_": 889
         }
      }
}

142. Printing statistics.

=== wrapper ===

        +----------Local Count, excluding submodules.
        | 
     6867 wires
     7465 wire bits
      136 public wires
      638 public wire bits
       18 ports
       18 port bits
     7329 cells
     2396   $_ANDNOT_
      229   $_AND_
      478   $_DFFE_PN0P_
        4   $_DFFE_PN1P_
       82   $_DFF_PN0_
        4   $_DFF_PN1_
      648   $_MUX_
      134   $_NAND_
      391   $_NOR_
      350   $_NOT_
      437   $_ORNOT_
     1055   $_OR_
      232   $_XNOR_
      889   $_XOR_

   Area for cell type $_ANDNOT_ is unknown!
   Area for cell type $_AND_ is unknown!
   Area for cell type $_DFFE_PN0P_ is unknown!
   Area for cell type $_DFFE_PN1P_ is unknown!
   Area for cell type $_DFF_PN0_ is unknown!
   Area for cell type $_DFF_PN1_ is unknown!
   Area for cell type $_MUX_ is unknown!
   Area for cell type $_NAND_ is unknown!
   Area for cell type $_NOR_ is unknown!
   Area for cell type $_NOT_ is unknown!
   Area for cell type $_ORNOT_ is unknown!
   Area for cell type $_OR_ is unknown!
   Area for cell type $_XNOR_ is unknown!
   Area for cell type $_XOR_ is unknown!

143. Executing DFFLIBMAP pass (mapping DFF cells to sequential cells from liberty file).
  cell gf180mcu_fd_sc_mcu7t5v0__dffnq_1 (noninv, pins=3, area=65.86) is a direct match for cell type $_DFF_N_.
  cell gf180mcu_fd_sc_mcu7t5v0__dffq_1 (noninv, pins=3, area=63.66) is a direct match for cell type $_DFF_P_.
  cell gf180mcu_fd_sc_mcu7t5v0__dffnrnq_1 (noninv, pins=4, area=74.64) is a direct match for cell type $_DFF_NN0_.
  cell gf180mcu_fd_sc_mcu7t5v0__dffnsnq_1 (noninv, pins=4, area=79.03) is a direct match for cell type $_DFF_NN1_.
  cell gf180mcu_fd_sc_mcu7t5v0__dffrnq_1 (noninv, pins=4, area=74.64) is a direct match for cell type $_DFF_PN0_.
  cell gf180mcu_fd_sc_mcu7t5v0__dffsnq_1 (noninv, pins=4, area=79.03) is a direct match for cell type $_DFF_PN1_.
  cell gf180mcu_fd_sc_mcu7t5v0__dffnrsnq_1 (noninv, pins=5, area=94.39) is a direct match for cell type $_DFFSR_NNN_.
  cell gf180mcu_fd_sc_mcu7t5v0__dffrsnq_1 (noninv, pins=5, area=85.61) is a direct match for cell type $_DFFSR_PNN_.
  final dff cell mappings:
    \gf180mcu_fd_sc_mcu7t5v0__dffnq_1 _DFF_N_ (.CLKN( C), .D( D), .Q( Q));
    \gf180mcu_fd_sc_mcu7t5v0__dffq_1 _DFF_P_ (.CLK( C), .D( D), .Q( Q));
    \gf180mcu_fd_sc_mcu7t5v0__dffnrnq_1 _DFF_NN0_ (.CLKN( C), .D( D), .Q( Q), .RN( R));
    \gf180mcu_fd_sc_mcu7t5v0__dffnsnq_1 _DFF_NN1_ (.CLKN( C), .D( D), .Q( Q), .SETN( R));
    unmapped dff cell: $_DFF_NP0_
    unmapped dff cell: $_DFF_NP1_
    \gf180mcu_fd_sc_mcu7t5v0__dffrnq_1 _DFF_PN0_ (.CLK( C), .D( D), .Q( Q), .RN( R));
    \gf180mcu_fd_sc_mcu7t5v0__dffsnq_1 _DFF_PN1_ (.CLK( C), .D( D), .Q( Q), .SETN( R));
    unmapped dff cell: $_DFF_PP0_
    unmapped dff cell: $_DFF_PP1_
    unmapped dff cell: $_DFFE_NN_
    unmapped dff cell: $_DFFE_NP_
    unmapped dff cell: $_DFFE_PN_
    unmapped dff cell: $_DFFE_PP_
    \gf180mcu_fd_sc_mcu7t5v0__dffnrsnq_1 _DFFSR_NNN_ (.CLKN( C), .D( D), .Q( Q), .RN( R), .SETN( S));
    unmapped dff cell: $_DFFSR_NNP_
    unmapped dff cell: $_DFFSR_NPN_
    unmapped dff cell: $_DFFSR_NPP_
    \gf180mcu_fd_sc_mcu7t5v0__dffrsnq_1 _DFFSR_PNN_ (.CLK( C), .D( D), .Q( Q), .RN( R), .SETN( S));
    unmapped dff cell: $_DFFSR_PNP_
    unmapped dff cell: $_DFFSR_PPN_
    unmapped dff cell: $_DFFSR_PPP_

143.1. Executing DFFLEGALIZE pass (convert FFs to types supported by the target).
Mapping DFF cells in module `\wrapper':
  mapped 560 $_DFF_PN0_ cells to \gf180mcu_fd_sc_mcu7t5v0__dffrnq_1 cells.
  mapped 8 $_DFF_PN1_ cells to \gf180mcu_fd_sc_mcu7t5v0__dffsnq_1 cells.
{
   "creator": "Yosys 0.67 (git sha1 2d1509d1b, Release, GNU /usr/bin/c++ 13.3.0)",
   "invocation": "stat -json -liberty /workspace/librelane/runs/RUN_2026-08-25_20-00-22/tmp/b96ebfd010da43088cf9059057569826.lib ",
   "modules": {
      "\\wrapper": {
         "num_wires":         7349,
         "num_wire_bits":     7947,
         "num_pub_wires":     136,
         "num_pub_wire_bits": 638,
         "num_ports":         18,
         "num_port_bits":     18,
         "num_memories":      0,
         "num_memory_bits":   0,
         "num_processes":     0,
         "num_cells":         7811,
         "num_submodules":       0,
         "area":              42428.825600,
         "sequential_area":    42428.825600,
         "num_cells_by_type": {
            "$_ANDNOT_": 2396,
            "$_AND_": 229,
            "$_MUX_": 1130,
            "$_NAND_": 134,
            "$_NOR_": 391,
            "$_NOT_": 350,
            "$_ORNOT_": 437,
            "$_OR_": 1055,
            "$_XNOR_": 232,
            "$_XOR_": 889,
            "gf180mcu_fd_sc_mcu7t5v0__dffrnq_1": 560,
            "gf180mcu_fd_sc_mcu7t5v0__dffsnq_1": 8
         }
      }
   },
      "design": {
         "num_wires":         7349,
         "num_wire_bits":     7947,
         "num_pub_wires":     136,
         "num_pub_wire_bits": 638,
         "num_ports":         18,
         "num_port_bits":     18,
         "num_memories":      0,
         "num_memory_bits":   0,
         "num_processes":     0,
         "num_cells":         7811,
         "num_submodules":       0,
         "area":              42428.825600,
         "sequential_area":    42428.825600,
         "num_cells_by_type": {
            "$_ANDNOT_": 2396,
            "$_AND_": 229,
            "$_MUX_": 1130,
            "$_NAND_": 134,
            "$_NOR_": 391,
            "$_NOT_": 350,
            "$_ORNOT_": 437,
            "$_OR_": 1055,
            "$_XNOR_": 232,
            "$_XOR_": 889,
            "gf180mcu_fd_sc_mcu7t5v0__dffrnq_1": 560,
            "gf180mcu_fd_sc_mcu7t5v0__dffsnq_1": 8
         }
      }
}

144. Printing statistics.

=== wrapper ===

        +----------Local Count, excluding submodules.
        |        +-Local Area, excluding submodules.
        |        | 
     7349        - wires
     7947        - wire bits
      136        - public wires
      638        - public wire bits
       18        - ports
       18        - port bits
     7811 4.24E+04 cells
     2396        -   $_ANDNOT_
      229        -   $_AND_
     1130        -   $_MUX_
      134        -   $_NAND_
      391        -   $_NOR_
      350        -   $_NOT_
      437        -   $_ORNOT_
     1055        -   $_OR_
      232        -   $_XNOR_
      889        -   $_XOR_
      560 4.18E+04   gf180mcu_fd_sc_mcu7t5v0__dffrnq_1
        8  632.218   gf180mcu_fd_sc_mcu7t5v0__dffsnq_1

   Area for cell type $_ANDNOT_ is unknown!
   Area for cell type $_AND_ is unknown!
   Area for cell type $_MUX_ is unknown!
   Area for cell type $_NAND_ is unknown!
   Area for cell type $_NOR_ is unknown!
   Area for cell type $_NOT_ is unknown!
   Area for cell type $_ORNOT_ is unknown!
   Area for cell type $_OR_ is unknown!
   Area for cell type $_XNOR_ is unknown!
   Area for cell type $_XOR_ is unknown!

   Chip area for module '\wrapper': 42428.825600
     of which used for sequential elements: 42428.825600 (100.00%)

[INFO] Using generated ABC script '/workspace/librelane/runs/RUN_2026-08-25_20-00-22/06-yosys-synthesis/DELAY_2.abc'…

145. Executing ABC pass (technology mapping using ABC).

145.1. Extracting gate netlist of module `\wrapper' to `/tmp/yosys-abc-ouXkFB/input.blif'..

145.1.1. Executed ABC.
Extracted 7243 gates and 7803 wires to a netlist network with 560 inputs and 562 outputs.
Running ABC script: /tmp/yosys-abc-ouXkFB/abc.script
ABC: UC Berkeley, ABC 1.01 (compiled Jul 27 2026 18:12:25)
ABC: abc 01> empty
ABC: abc 01> source /tmp/yosys-abc-ouXkFB/abc.script
ABC: + read_blif /tmp/yosys-abc-ouXkFB/input.blif 
ABC: + read_scl /tmp/yosys-liberty-scl-cache/yosys_merged_c9e390fe.scl 
ABC: Warning: Detected 6 multi-output cells (for example, "gf180mcu_fd_sc_mcu7t5v0__addf_1").
ABC: + read_constr -v /workspace/librelane/runs/RUN_2026-08-25_20-00-22/06-yosys-synthesis/synthesis.abc.sdc 
ABC: Setting driving cell to be "gf180mcu_fd_sc_mcu7t5v0__inv_1/ZN".
ABC: Setting output load to be 72.910004.
ABC: + source /workspace/librelane/runs/RUN_2026-08-25_20-00-22/06-yosys-synthesis/DELAY_2.abc 
ABC: Error: The network is combinational.
ABC: The cell areas are multiplied by the factor: <num_fanins> ^ (0.90).
ABC: The cell delays are multiplied by the factor: <num_fanins> ^ (0.20).
ABC: Cannot find the default PI driving cell (gf180mcu_fd_sc_mcu7t5v0__inv_1/ZN) in the library.
ABC: WireLoad = "none"  Gates =   6101 (  7.0 %)   Cap = 17.8 ff (  5.4 %)   Area =   110519.54 ( 90.7 %)   Delay = 19278.29 ps  (  1.3 %)               
ABC: Path  0 --     245 : 0    6 pi                                A =   0.00  Df =   0.0   -0.0 ps  S =   0.0 ps  Cin =  0.0 ff  Cout =  26.4 ff  Cmax =   0.0 ff  G =    0  
ABC: Path  1 --    1303 : 1    6 gf180mcu_fd_sc_mcu7t5v0__clkinv_1 A =   8.78  Df = 417.1  -36.3 ps  S = 717.5 ps  Cin =  4.1 ff  Cout =  27.5 ff  Cmax = 349.5 ff  G =  666  
ABC: Path  2 --    2475 : 3    2 gf180mcu_fd_sc_mcu7t5v0__mux2_2   A =  32.93  Df =1049.6 -158.2 ps  S = 206.5 ps  Cin =  6.4 ff  Cout =   9.4 ff  Cmax = 720.9 ff  G =  147  
ABC: Path  3 --    2476 : 4    2 gf180mcu_fd_sc_mcu7t5v0__aoi22_1  A =  19.76  Df =1576.7 -400.4 ps  S = 705.4 ps  Cin =  4.7 ff  Cout =   7.7 ff  Cmax = 241.1 ff  G =  165  
ABC: Path  4 --    2477 : 4    1 gf180mcu_fd_sc_mcu7t5v0__nor4_1   A =  21.95  Df =1934.0 -101.0 ps  S = 808.7 ps  Cin =  3.7 ff  Cout =   3.9 ff  Cmax =  91.0 ff  G =  105  
ABC: Path  5 --    2479 : 4    1 gf180mcu_fd_sc_mcu7t5v0__aoi211_1 A =  21.95  Df =2586.4 -376.5 ps  S = 801.8 ps  Cin =  4.2 ff  Cout =   4.7 ff  Cmax = 120.6 ff  G =  111  
ABC: Path  6 --    2508 : 3    1 gf180mcu_fd_sc_mcu7t5v0__oai21_1  A =  17.56  Df =2869.4 -216.5 ps  S = 430.8 ps  Cin =  4.7 ff  Cout =   4.8 ff  Cmax = 181.9 ff  G =  100  
ABC: Path  7 --    2509 : 4    1 gf180mcu_fd_sc_mcu7t5v0__aoi22_1  A =  19.76  Df =3302.7 -456.8 ps  S = 575.8 ps  Cin =  4.7 ff  Cout =   4.9 ff  Cmax = 241.1 ff  G =  103  
ABC: Path  8 --    2515 : 3    1 gf180mcu_fd_sc_mcu7t5v0__oai21_1  A =  17.56  Df =3509.4 -325.6 ps  S = 434.9 ps  Cin =  4.7 ff  Cout =   4.6 ff  Cmax = 181.9 ff  G =   96  
ABC: Path  9 --    2519 : 5    1 gf180mcu_fd_sc_mcu7t5v0__oai221_1 A =  26.34  Df =3929.9 -391.7 ps  S = 937.5 ps  Cin =  4.7 ff  Cout =   4.8 ff  Cmax = 177.0 ff  G =  102  
ABC: Path 10 --    2524 : 4    2 gf180mcu_fd_sc_mcu7t5v0__aoi22_1  A =  19.76  Df =4215.8  -78.1 ps  S = 862.8 ps  Cin =  4.7 ff  Cout =   9.5 ff  Cmax = 241.1 ff  G =  203  
ABC: Path 11 --    2525 : 3    2 gf180mcu_fd_sc_mcu7t5v0__oai21_1  A =  17.56  Df =4708.4 -225.9 ps  S = 599.0 ps  Cin =  4.7 ff  Cout =   8.7 ff  Cmax = 181.9 ff  G =  183  
ABC: Path 12 --    2526 : 2    1 gf180mcu_fd_sc_mcu7t5v0__nand2_1  A =  10.98  Df =4885.4 -123.5 ps  S = 276.4 ps  Cin =  4.6 ff  Cout =   4.4 ff  Cmax = 322.3 ff  G =   95  
ABC: Path 13 --    2534 : 4    1 gf180mcu_fd_sc_mcu7t5v0__aoi211_1 A =  21.95  Df =5365.5 -393.0 ps  S = 804.7 ps  Cin =  4.2 ff  Cout =   4.7 ff  Cmax = 120.6 ff  G =  113  
ABC: Path 14 --    2548 : 4   10 gf180mcu_fd_sc_mcu7t5v0__oai211_1 A =  21.95  Df =6323.8  -12.4 ps  S =2089.4 ps  Cin =  4.6 ff  Cout =  40.5 ff  Cmax = 180.3 ff  G =  873  
ABC: Path 15 --    3194 : 4   41 gf180mcu_fd_sc_mcu7t5v0__nor4_1   A =  21.95  Df =15265.8-5827.5 ps  S =15250.1 ps  Cin =  3.7 ff  Cout = 169.5 ff  Cmax =  91.0 ff  G = 4550  
ABC: Path 16 --    3268 : 4    1 gf180mcu_fd_sc_mcu7t5v0__aoi211_1 A =  21.95  Df =15242.0-4374.5 ps  S =2503.2 ps  Cin =  4.2 ff  Cout =   4.6 ff  Cmax = 120.6 ff  G =  109  
ABC: Path 17 --    3270 : 4    1 gf180mcu_fd_sc_mcu7t5v0__oai31_1  A =  24.15  Df =19278.3-4524.9 ps  S =5900.7 ps  Cin =  4.4 ff  Cout =  72.9 ff  Cmax = 107.3 ff  G = 1649  
ABC: Start-point = pi244 (\digital_domain_inst.raw_edge1_x [8]).  End-point = po119 ($auto$rtlil.cc:3510:MuxGate$29791).
ABC: netlist                       : i/o =  560/  562  lat =    0  nd =  6101  edge =  17403  area =44662.35  delay =10290.49  lev = 25
ABC: + write_blif /tmp/yosys-abc-ouXkFB/output.blif 
ABC:                                                                                
ABC: YOSYS_ABC_DONE 

145.1.2. Re-integrating ABC results.
ABC RESULTS:   gf180mcu_fd_sc_mcu7t5v0__and2_1 cells:      158
ABC RESULTS:   gf180mcu_fd_sc_mcu7t5v0__and3_1 cells:      115
ABC RESULTS:   gf180mcu_fd_sc_mcu7t5v0__and4_1 cells:       86
ABC RESULTS:   gf180mcu_fd_sc_mcu7t5v0__aoi211_1 cells:      199
ABC RESULTS:   gf180mcu_fd_sc_mcu7t5v0__aoi21_1 cells:      556
ABC RESULTS:   gf180mcu_fd_sc_mcu7t5v0__aoi221_1 cells:       67
ABC RESULTS:   gf180mcu_fd_sc_mcu7t5v0__aoi222_1 cells:       52
ABC RESULTS:   gf180mcu_fd_sc_mcu7t5v0__aoi22_1 cells:      292
ABC RESULTS:   gf180mcu_fd_sc_mcu7t5v0__clkinv_1 cells:      428
ABC RESULTS:   gf180mcu_fd_sc_mcu7t5v0__mux2_2 cells:      223
ABC RESULTS:   gf180mcu_fd_sc_mcu7t5v0__nand2_1 cells:     1050
ABC RESULTS:   gf180mcu_fd_sc_mcu7t5v0__nand3_1 cells:      455
ABC RESULTS:   gf180mcu_fd_sc_mcu7t5v0__nand4_1 cells:      260
ABC RESULTS:   gf180mcu_fd_sc_mcu7t5v0__nor2_1 cells:      439
ABC RESULTS:   gf180mcu_fd_sc_mcu7t5v0__nor3_1 cells:      107
ABC RESULTS:   gf180mcu_fd_sc_mcu7t5v0__nor4_1 cells:      121
ABC RESULTS:   gf180mcu_fd_sc_mcu7t5v0__oai211_1 cells:      199
ABC RESULTS:   gf180mcu_fd_sc_mcu7t5v0__oai21_1 cells:      463
ABC RESULTS:   gf180mcu_fd_sc_mcu7t5v0__oai221_1 cells:       91
ABC RESULTS:   gf180mcu_fd_sc_mcu7t5v0__oai222_1 cells:        2
ABC RESULTS:   gf180mcu_fd_sc_mcu7t5v0__oai22_1 cells:       73
ABC RESULTS:   gf180mcu_fd_sc_mcu7t5v0__oai31_1 cells:       95
ABC RESULTS:   gf180mcu_fd_sc_mcu7t5v0__oai32_1 cells:       73
ABC RESULTS:   gf180mcu_fd_sc_mcu7t5v0__oai33_1 cells:        1
ABC RESULTS:   gf180mcu_fd_sc_mcu7t5v0__or2_1 cells:       97
ABC RESULTS:   gf180mcu_fd_sc_mcu7t5v0__or3_1 cells:       43
ABC RESULTS:   gf180mcu_fd_sc_mcu7t5v0__or4_1 cells:       10
ABC RESULTS:   gf180mcu_fd_sc_mcu7t5v0__xnor2_1 cells:       33
ABC RESULTS:   gf180mcu_fd_sc_mcu7t5v0__xnor3_1 cells:        6
ABC RESULTS:   gf180mcu_fd_sc_mcu7t5v0__xor2_1 cells:      229
ABC RESULTS:   gf180mcu_fd_sc_mcu7t5v0__xor3_1 cells:       78
ABC RESULTS:        internal signals:     6681
ABC RESULTS:           input signals:      560
ABC RESULTS:          output signals:      562
Removing temp directory.
Removing global temp directory.

146. Executing SETUNDEF pass (replace undef values with defined constants).

147. Executing HILOMAP pass (mapping to constant drivers).

148. Executing SPLITNETS pass (splitting up multi-bit signals).

149. Executing OPT_CLEAN pass (remove unused cells and wires).
Finding unused cells or wires in module \wrapper..
Removed 15 unused cells and 7947 unused wires.
<suppressed ~78 debug messages>

150. Executing INSBUF pass (insert buffer cells for connected wires).

151. Executing CHECK pass (checking for obvious problems).
Checking module wrapper...
Found and reported 0 problems.
{
   "creator": "Yosys 0.67 (git sha1 2d1509d1b, Release, GNU /usr/bin/c++ 13.3.0)",
   "invocation": "stat -json -liberty /workspace/librelane/runs/RUN_2026-08-25_20-00-22/tmp/b96ebfd010da43088cf9059057569826.lib ",
   "modules": {
      "\\wrapper": {
         "num_wires":         6670,
         "num_wire_bits":     6670,
         "num_pub_wires":     576,
         "num_pub_wire_bits": 576,
         "num_ports":         18,
         "num_port_bits":     18,
         "num_memories":      0,
         "num_memory_bits":   0,
         "num_processes":     0,
         "num_cells":         6663,
         "num_submodules":       0,
         "area":              152735.430400,
         "sequential_area":    42279.552000,
         "num_cells_by_type": {
            "gf180mcu_fd_sc_mcu7t5v0__and2_1": 158,
            "gf180mcu_fd_sc_mcu7t5v0__and3_1": 115,
            "gf180mcu_fd_sc_mcu7t5v0__and4_1": 86,
            "gf180mcu_fd_sc_mcu7t5v0__aoi211_1": 199,
            "gf180mcu_fd_sc_mcu7t5v0__aoi21_1": 556,
            "gf180mcu_fd_sc_mcu7t5v0__aoi221_1": 67,
            "gf180mcu_fd_sc_mcu7t5v0__aoi222_1": 52,
            "gf180mcu_fd_sc_mcu7t5v0__aoi22_1": 291,
            "gf180mcu_fd_sc_mcu7t5v0__clkinv_1": 427,
            "gf180mcu_fd_sc_mcu7t5v0__dffrnq_1": 558,
            "gf180mcu_fd_sc_mcu7t5v0__dffsnq_1": 8,
            "gf180mcu_fd_sc_mcu7t5v0__mux2_2": 223,
            "gf180mcu_fd_sc_mcu7t5v0__nand2_1": 1049,
            "gf180mcu_fd_sc_mcu7t5v0__nand3_1": 455,
            "gf180mcu_fd_sc_mcu7t5v0__nand4_1": 260,
            "gf180mcu_fd_sc_mcu7t5v0__nor2_1": 439,
            "gf180mcu_fd_sc_mcu7t5v0__nor3_1": 107,
            "gf180mcu_fd_sc_mcu7t5v0__nor4_1": 121,
            "gf180mcu_fd_sc_mcu7t5v0__oai211_1": 199,
            "gf180mcu_fd_sc_mcu7t5v0__oai21_1": 463,
            "gf180mcu_fd_sc_mcu7t5v0__oai221_1": 91,
            "gf180mcu_fd_sc_mcu7t5v0__oai222_1": 2,
            "gf180mcu_fd_sc_mcu7t5v0__oai22_1": 73,
            "gf180mcu_fd_sc_mcu7t5v0__oai31_1": 94,
            "gf180mcu_fd_sc_mcu7t5v0__oai32_1": 73,
            "gf180mcu_fd_sc_mcu7t5v0__oai33_1": 1,
            "gf180mcu_fd_sc_mcu7t5v0__or2_1": 97,
            "gf180mcu_fd_sc_mcu7t5v0__or3_1": 43,
            "gf180mcu_fd_sc_mcu7t5v0__or4_1": 10,
            "gf180mcu_fd_sc_mcu7t5v0__xnor2_1": 33,
            "gf180mcu_fd_sc_mcu7t5v0__xnor3_1": 6,
            "gf180mcu_fd_sc_mcu7t5v0__xor2_1": 229,
            "gf180mcu_fd_sc_mcu7t5v0__xor3_1": 78
         }
      }
   },
      "design": {
         "num_wires":         6670,
         "num_wire_bits":     6670,
         "num_pub_wires":     576,
         "num_pub_wire_bits": 576,
         "num_ports":         18,
         "num_port_bits":     18,
         "num_memories":      0,
         "num_memory_bits":   0,
         "num_processes":     0,
         "num_cells":         6663,
         "num_submodules":       0,
         "area":              152735.430400,
         "sequential_area":    42279.552000,
         "num_cells_by_type": {
            "gf180mcu_fd_sc_mcu7t5v0__and2_1": 158,
            "gf180mcu_fd_sc_mcu7t5v0__and3_1": 115,
            "gf180mcu_fd_sc_mcu7t5v0__and4_1": 86,
            "gf180mcu_fd_sc_mcu7t5v0__aoi211_1": 199,
            "gf180mcu_fd_sc_mcu7t5v0__aoi21_1": 556,
            "gf180mcu_fd_sc_mcu7t5v0__aoi221_1": 67,
            "gf180mcu_fd_sc_mcu7t5v0__aoi222_1": 52,
            "gf180mcu_fd_sc_mcu7t5v0__aoi22_1": 291,
            "gf180mcu_fd_sc_mcu7t5v0__clkinv_1": 427,
            "gf180mcu_fd_sc_mcu7t5v0__dffrnq_1": 558,
            "gf180mcu_fd_sc_mcu7t5v0__dffsnq_1": 8,
            "gf180mcu_fd_sc_mcu7t5v0__mux2_2": 223,
            "gf180mcu_fd_sc_mcu7t5v0__nand2_1": 1049,
            "gf180mcu_fd_sc_mcu7t5v0__nand3_1": 455,
            "gf180mcu_fd_sc_mcu7t5v0__nand4_1": 260,
            "gf180mcu_fd_sc_mcu7t5v0__nor2_1": 439,
            "gf180mcu_fd_sc_mcu7t5v0__nor3_1": 107,
            "gf180mcu_fd_sc_mcu7t5v0__nor4_1": 121,
            "gf180mcu_fd_sc_mcu7t5v0__oai211_1": 199,
            "gf180mcu_fd_sc_mcu7t5v0__oai21_1": 463,
            "gf180mcu_fd_sc_mcu7t5v0__oai221_1": 91,
            "gf180mcu_fd_sc_mcu7t5v0__oai222_1": 2,
            "gf180mcu_fd_sc_mcu7t5v0__oai22_1": 73,
            "gf180mcu_fd_sc_mcu7t5v0__oai31_1": 94,
            "gf180mcu_fd_sc_mcu7t5v0__oai32_1": 73,
            "gf180mcu_fd_sc_mcu7t5v0__oai33_1": 1,
            "gf180mcu_fd_sc_mcu7t5v0__or2_1": 97,
            "gf180mcu_fd_sc_mcu7t5v0__or3_1": 43,
            "gf180mcu_fd_sc_mcu7t5v0__or4_1": 10,
            "gf180mcu_fd_sc_mcu7t5v0__xnor2_1": 33,
            "gf180mcu_fd_sc_mcu7t5v0__xnor3_1": 6,
            "gf180mcu_fd_sc_mcu7t5v0__xor2_1": 229,
            "gf180mcu_fd_sc_mcu7t5v0__xor3_1": 78
         }
      }
}

152. Printing statistics.

=== wrapper ===

        +----------Local Count, excluding submodules.
        |        +-Local Area, excluding submodules.
        |        | 
     6670        - wires
     6670        - wire bits
      576        - public wires
      576        - public wire bits
       18        - ports
       18        - port bits
     6663 1.53E+05 cells
      158 2.77E+03   gf180mcu_fd_sc_mcu7t5v0__and2_1
      115  2524.48   gf180mcu_fd_sc_mcu7t5v0__and3_1
       86 2.08E+03   gf180mcu_fd_sc_mcu7t5v0__and4_1
      199 4.37E+03   gf180mcu_fd_sc_mcu7t5v0__aoi211_1
      556  9764.25   gf180mcu_fd_sc_mcu7t5v0__aoi21_1
       67 1.62E+03   gf180mcu_fd_sc_mcu7t5v0__aoi221_1
       52  1.6E+03   gf180mcu_fd_sc_mcu7t5v0__aoi222_1
      291 5.75E+03   gf180mcu_fd_sc_mcu7t5v0__aoi22_1
      427 3.75E+03   gf180mcu_fd_sc_mcu7t5v0__clkinv_1
      558 4.16E+04   gf180mcu_fd_sc_mcu7t5v0__dffrnq_1
        8  632.218   gf180mcu_fd_sc_mcu7t5v0__dffsnq_1
      223 7.34E+03   gf180mcu_fd_sc_mcu7t5v0__mux2_2
     1049 1.15E+04   gf180mcu_fd_sc_mcu7t5v0__nand2_1
      455 6.99E+03   gf180mcu_fd_sc_mcu7t5v0__nand3_1
      260 5.14E+03   gf180mcu_fd_sc_mcu7t5v0__nand4_1
      439 5.78E+03   gf180mcu_fd_sc_mcu7t5v0__nor2_1
      107 1.88E+03   gf180mcu_fd_sc_mcu7t5v0__nor3_1
      121 2.66E+03   gf180mcu_fd_sc_mcu7t5v0__nor4_1
      199 4.37E+03   gf180mcu_fd_sc_mcu7t5v0__oai211_1
      463 8.13E+03   gf180mcu_fd_sc_mcu7t5v0__oai21_1
       91  2.4E+03   gf180mcu_fd_sc_mcu7t5v0__oai221_1
        2   65.856   gf180mcu_fd_sc_mcu7t5v0__oai222_1
       73  1.6E+03   gf180mcu_fd_sc_mcu7t5v0__oai22_1
       94 2.27E+03   gf180mcu_fd_sc_mcu7t5v0__oai31_1
       73 1.92E+03   gf180mcu_fd_sc_mcu7t5v0__oai32_1
        1   32.928   gf180mcu_fd_sc_mcu7t5v0__oai33_1
       97  1.7E+03   gf180mcu_fd_sc_mcu7t5v0__or2_1
       43  943.936   gf180mcu_fd_sc_mcu7t5v0__or3_1
       10  263.424   gf180mcu_fd_sc_mcu7t5v0__or4_1
       33  941.741   gf180mcu_fd_sc_mcu7t5v0__xnor2_1
        6  316.109   gf180mcu_fd_sc_mcu7t5v0__xnor3_1
      229  6032.41   gf180mcu_fd_sc_mcu7t5v0__xor2_1
       78 3.94E+03   gf180mcu_fd_sc_mcu7t5v0__xor3_1

   Chip area for module '\wrapper': 152735.430400
     of which used for sequential elements: 42279.552000 (27.68%)

153. Executing Verilog backend.
Dumping module `\wrapper'.

154. Executing JSON backend.
