net,length_um
clknet_0_clk_regs,1.1176mm
digital_domain_inst.raw_edge1_x\[9\],841.17µm
net1232,808.64µm
net11,791.21µm
digital_domain_inst.raw_edge2_y\[14\],779.62µm
digital_domain_inst.raw_edge1_x\[12\],758.39µm
clk,720.94µm
clknet_3_0__leaf_clk_regs,708.14µm
_02276_,698.57µm
digital_domain_inst.raw_edge3_x\[4\],683.04µm
_03683_,679.33µm
_02312_,671.64µm
net1181,671.28µm
digital_domain_inst.raw_edge1_x\[19\],665.89µm
net2149,659.42µm
net1527,655.91µm
digital_domain_inst.raw_edge1_x\[10\],652.09µm
net367,649.65µm
_02388_,649.19µm
net1251,647.92µm
digital_domain_inst.raw_edge1_x\[8\],642.16µm
digital_domain_inst.raw_edge2_x\[10\],640.81µm
digital_domain_inst.cfg_phase90_offset_x\[7\],635.55µm
net1849,619.05µm
net186,617.68µm
net225,613.76µm
net1848,607.39µm
net12,603.45µm
digital_domain_inst.raw_edge2_x\[17\],602.02µm
net1798,596.14µm
_04190_,592.07µm
digital_domain_inst.raw_edge1_y\[13\],591.61µm
digital_domain_inst.raw_edge2_x\[20\],588.69µm
net1656,586.93µm
digital_domain_inst.raw_edge2_x\[18\],570.99µm
net1775,569.72µm
net842,566.87µm
net1646,565.8µm
_02323_,564.58µm
_04193_,558.42µm
digital_domain_inst.raw_edge2_y\[12\],556.89µm
digital_domain_inst.raw_edge3_y\[10\],552.76µm
digital_domain_inst.cfg_f_MEMS_fcw_x\[15\],547.88µm
clknet_3_4__leaf_clk_regs,542.38µm
net845,542.23µm
digital_domain_inst.read_en,538.81µm
clknet_3_2__leaf_clk_regs,534.44µm
net1184,531.74µm
_04077_,528.84µm
delaynet_0_clk,527.52µm
net843,526.04µm
net1475,525.38µm
digital_domain_inst.cfg_f_MEMS_fcw_x\[2\],523.95µm
clknet_3_5__leaf_clk_regs,514.94µm
clknet_3_1__leaf_clk_regs,504.91µm
digital_domain_inst.raw_edge2_y\[2\],504.86µm
net1648,501.86µm
net846,495.19µm
digital_domain_inst.raw_edge3_x\[9\],487.4µm
net1131,486.33µm
digital_domain_inst.raw_edge3_y\[14\],479.1µm
net1204,477.22µm
net1634,476.05µm
clknet_3_6__leaf_clk_regs,475.79µm
net1654,466.68µm
_01500_,462.25µm
net2150,462.1µm
_03994_,460.88µm
digital_domain_inst.raw_edge1_y\[7\],457.39µm
_04069_,445.96µm
_04186_,445.2µm
net1360,440.46µm
net1068,439.7µm
net1413,439.34µm
digital_domain_inst.signal_processor_x_inst.votes_in_phase\[3\],437.46µm
digital_domain_inst.wave_controller_y_inst.phase_acc\[10\],437.25µm
net1418,436.44µm
net381,429.06µm
net1879,426.16µm
net1211,424.73µm
net856,423.1µm
net1489,422.34µm
net875,421.37µm
digital_domain_inst.cal_dir_x,418.01µm
net1498,417.76µm
digital_domain_inst.raw_edge2_x\[13\],416.23µm
net844,415.06µm
net1723,415.06µm
net1863,414.6µm
net1526,414.5µm
net354,412.41µm
digital_domain_inst.raw_edge1_x\[18\],411.19µm
net1476,399.28µm
digital_domain_inst.wave_controller_x_inst.phase_acc\[18\],398.41µm
net1197,397.75µm
comp_y,397.54µm
net1269,396.78µm
net1477,396.58µm
clknet_3_7__leaf_clk_regs,393.98µm
digital_domain_inst.signal_processor_x_inst.votes_in_phase\[2\],392.15µm
digital_domain_inst.raw_edge2_x\[3\],391.13µm
net200,390.93µm
net1734,387.41µm
digital_domain_inst.cal_timeout_y,386.55µm
net235,386.15µm
net1066,385.43µm
digital_domain_inst.raw_edge2_y\[3\],385.33µm
net1327,382.53µm
digital_domain_inst.raw_edge3_x\[12\],380.34µm
net872,377.64µm
digital_domain_inst.delay_wave_cycle_x\[4\],374.79µm
net1722,372.45µm
digital_domain_inst.cfg_phase270_offset_y\[1\],368.91µm
net1352,367.71µm
net1814,367.66µm
net1182,367.15µm
net1474,366.9µm
net1361,366.49µm
net1409,366.44µm
digital_domain_inst.wave_controller_y_inst.ds_acc\[8\],362.93µm
net1410,362.88µm
_02572_,362.42µm
net1130,362.06µm
_03748_,361.2µm
_02270_,360.74µm
_03855_,360.08µm
net1203,359.21µm
net1253,356.21µm
net1226,353.41µm
digital_domain_inst.spi_regs_inst.state_o\[1\],352.44µm
net1297,352.34µm
net1212,349.59µm
digital_domain_inst.raw_edge2_x\[12\],349.54µm
digital_domain_inst.raw_edge3_x\[16\],349.18µm
_00696_,349.08µm
_03967_,348.88µm
_03597_,347.35µm
net1354,346.74µm
net139,346.18µm
net1411,345.57µm
_04141_,342.16µm
digital_domain_inst.raw_edge2_x\[5\],341.24µm
clknet_3_3__leaf_clk_regs,341.14µm
_01498_,340.37µm
digital_domain_inst.delay_wave_cycle_y\[0\],340.02µm
digital_domain_inst.cfg_phase0_offset_y\[5\],337.83µm
clknet_leaf_59_clk_regs,337.42µm
_03440_,336.56µm
_01509_,335.03µm
digital_domain_inst.raw_edge3_y\[11\],334.19µm
net982,333.76µm
net1441,329.58µm
net586,328.87µm
net1355,327.29µm
net348,326.07µm
net1450,324.49µm
net873,324.39µm
digital_domain_inst.raw_edge1_y\[5\],324.29µm
_00749_,323.88µm
net1067,323.32µm
net584,322.25µm
net1178,322.2µm
net5,321.49µm
net366,320.47µm
_04115_,320.37µm
digital_domain_inst.raw_edge3_x\[13\],320.32µm
net857,319.4µm
digital_domain_inst.cal_done_x,319.35µm
net1353,318.79µm
digital_domain_inst.cfg_phase90_offset_x\[10\],318.5µm
net1328,318.13µm
digital_domain_inst.cfg_phase0_offset_y\[1\],316.55µm
_02333_,316.5µm
digital_domain_inst.raw_edge3_x\[20\],315.43µm
digital_domain_inst.signal_processor_y_inst.votes_in_phase\[3\],313.7µm
net874,313.29µm
digital_domain_inst.raw_edge1_x\[5\],312.73µm
net847,311.51µm
net850,308.2µm
net840,307.54µm
net415,304.48µm
digital_domain_inst.cfg_phase270_offset_y\[0\],303.62µm
net1252,301.89µm
net1180,301.33µm
digital_domain_inst.cal_phase0_offset_x\[1\],300.92µm
net631,300.92µm
digital_domain_inst.phase_state_x\[1\],300.77µm
net185,300.72µm
net1303,300.31µm
_03678_,299.7µm
_04120_,296.24µm
net864,295.83µm
net841,295.32µm
digital_domain_inst.cfg_phase90_offset_y\[20\],294.2µm
_05041_,294.15µm
digital_domain_inst.raw_edge2_x\[19\],294.05µm
_03676_,294µm
digital_domain_inst.raw_edge1_y\[6\],293.54µm
net848,292.98µm
digital_domain_inst.cal_phase0_offset_x\[0\],292.59µm
net887,292.47µm
digital_domain_inst.delay_wave_cycle_y\[2\],292.42µm
net1344,291.3µm
digital_domain_inst.cfg_phase90_offset_x\[15\],291.2µm
net839,290.89µm
net355,290.84µm
digital_domain_inst.cfg_phase90_offset_x\[11\],290.69µm
digital_domain_inst.cfg_phase90_offset_y\[6\],289.67µm
net1407,289.01µm
_03594_,288.45µm
digital_domain_inst.raw_edge3_y\[17\],288.09µm
net635,287.94µm
net1781,286.87µm
_02365_,286.77µm
digital_domain_inst.cfg_phase90_offset_x\[14\],285.65µm
net1825,285.19µm
net278,284.68µm
net882,284.22µm
_01575_,284.07µm
net1233,283.46µm
net1329,282.95µm
digital_domain_inst.cfg_phase270_offset_x\[20\],282.85µm
net1510,282.39µm
digital_domain_inst.raw_edge1_y\[0\],282.34µm
net1117,281.27µm
digital_domain_inst.delay_wave_cycle_x\[2\],280.66µm
net1421,280.2µm
net1235,280.15µm
digital_domain_inst.raw_edge3_x\[11\],280.1µm
net1302,280.1µm
net1345,280.05µm
_04111_,280µm
net1358,279.18µm
digital_domain_inst.cfg_phase0_offset_y\[2\],279.03µm
net1234,278.93µm
digital_domain_inst.cfg_phase0_offset_x\[14\],278.37µm
net1716,278.32µm
digital_domain_inst.jitter_flag_x,277.3µm
digital_domain_inst.raw_edge3_x\[7\],276.69µm
digital_domain_inst.raw_edge1_y\[8\],275.82µm
net849,275.16µm
_04004_,275.06µm
digital_domain_inst.raw_edge1_y\[12\],274.55µm
net275,274.45µm
net1491,274.45µm
net1665,273.94µm
digital_domain_inst.cfg_phase270_offset_x\[13\],272.87µm
_02345_,272.82µm
_00608_,271.34µm
net1330,271.29µm
net1396,271.14µm
digital_domain_inst.raw_edge3_y\[3\],271.09µm
digital_domain_inst.cfg_phase270_offset_x\[8\],270.63µm
net270,270.58µm
digital_domain_inst.raw_edge3_y\[4\],269.41µm
clknet_leaf_13_clk_regs,268.95µm
_00578_,268.9µm
_01510_,268.85µm
net1356,268.49µm
digital_domain_inst.signal_processor_y_inst.votes_out_phase\[2\],268.24µm
digital_domain_inst.cfg_phase90_offset_y\[12\],267.93µm
digital_domain_inst.cfg_phase270_offset_x\[15\],267.83µm
digital_domain_inst.signal_processor_y_inst.votes_in_phase\[2\],267.83µm
digital_domain_inst.signal_processor_y_inst.votes_out_phase\[0\],267.22µm
digital_domain_inst.cfg_phase90_offset_y\[15\],266.81µm
net1406,266.3µm
_05032_,266.1µm
net1326,266µm
net1497,265.49µm
digital_domain_inst.delay_wave_cycle_x\[3\],265.03µm
_01562_,264.93µm
_00616_,264.52µm
net1420,264.52µm
net318,264.42µm
net1325,263.81µm
net1179,263.25µm
digital_domain_inst.spi_regs_inst.sclk_sync\[1\],262.69µm
_00601_,262.33µm
_01572_,262.28µm
_04219_,262.08µm
digital_domain_inst.jitter_flag_y,262.08µm
net984,262.08µm
net751,261.72µm
_03870_,261.52µm
net419,261.21µm
digital_domain_inst.cfg_f_MEMS_fcw_x\[9\],260.96µm
digital_domain_inst.signal_processor_x_inst.votes_out_phase\[0\],260.45µm
net640,260.45µm
net757,259.99µm
digital_domain_inst.raw_edge3_x\[5\],259.94µm
net1440,259.63µm
_01182_,258.77µm
net1636,258.36µm
digital_domain_inst.cfg_phase270_offset_y\[12\],258.31µm
net1451,258.31µm
digital_domain_inst.cfg_phase270_offset_x\[17\],257.29µm
net886,257.24µm
net1239,257.19µm
digital_domain_inst.signal_processor_x_inst.votes_out_phase\[3\],257.09µm
net512,257.04µm
digital_domain_inst.cal_phase0_offset_y\[0\],256.81µm
digital_domain_inst.raw_edge1_y\[16\],256.58µm
_01314_,256.07µm
net1542,256.02µm
net1796,256.02µm
net1401,255.97µm
net1412,255.97µm
net871,255.51µm
digital_domain_inst.raw_edge2_y\[16\],254.9µm
net1549,254.9µm
digital_domain_inst.cfg_phase270_offset_x\[5\],254.85µm
digital_domain_inst.raw_edge1_y\[11\],254.85µm
_00618_,254.8µm
digital_domain_inst.cfg_phase270_offset_x\[6\],254.72µm
_00603_,253.27µm
net1480,253.22µm
net321,253.17µm
net1196,252.76µm
digital_domain_inst.delay_wave_cycle_x\[1\],252.56µm
digital_domain_inst.cfg_phase90_offset_x\[2\],251.54µm
net983,251.54µm
net1623,251.54µm
_00754_,250.98µm
_00658_,250.93µm
digital_domain_inst.cfg_phase0_offset_x\[8\],250.93µm
_03976_,250.88µm
net985,250.42µm
_01576_,249.91µm
net518,249.91µm
net783,249.86µm
net1688,249.86µm
net1583,249.25µm
net1242,248.74µm
digital_domain_inst.cfg_phase90_offset_x\[12\],248.28µm
_00607_,248.23µm
_03918_,248.13µm
net1423,247.87µm
_00598_,247.77µm
_00605_,247.62µm
_03921_,247.62µm
digital_domain_inst.raw_edge3_y\[5\],247.57µm
net228,247.57µm
net1304,246.65µm
net700,246.5µm
_00661_,246.45µm
_01541_,246.01µm
digital_domain_inst.cfg_phase270_offset_y\[2\],245.94µm
net1359,245.33µm
digital_domain_inst.cfg_phase90_offset_y\[19\],243.85µm
digital_domain_inst.cfg_phase90_offset_x\[17\],243.8µm
_00743_,243.75µm
net1052,242.96µm
_04237_,242.63µm
net1405,242.63µm
_02337_,242.54µm
digital_domain_inst.raw_edge3_y\[2\],242.48µm
digital_domain_inst.raw_edge2_y\[7\],241.97µm
net1183,241.97µm
_02741_,241.61µm
_00542_,241.46µm
digital_domain_inst.cal_dir_y,241.41µm
net1756,241µm
_00035_,240.95µm
net884,240.9µm
digital_domain_inst.cfg_phase270_offset_x\[10\],240.39µm
digital_domain_inst.signal_processor_y_inst.votes_in_phase\[0\],240.29µm
delaynet_1_clk,240.24µm
net585,239.73µm
_02574_,239.68µm
clknet_leaf_11_clk_regs,239.37µm
net1875,239.27µm
net1726,238.71µm
net1351,238.66µm
digital_domain_inst.cfg_phase270_offset_y\[7\],238.61µm
net1576,238.2µm
_02473_,238.15µm
digital_domain_inst.raw_edge2_y\[4\],237.44µm
_01563_,236.98µm
net1676,236.98µm
digital_domain_inst.raw_edge1_x\[0\],236.47µm
digital_domain_inst.cfg_phase90_offset_x\[9\],236.42µm
net1357,236.06µm
net1400,236.01µm
net1721,235.93µm
net430,235.86µm
_03553_,235.25µm
_03554_,235.25µm
_00688_,235.02µm
net1362,234.79µm
net400,234.74µm
net284,234.33µm
_01491_,234.13µm
_01550_,233.67µm
_04185_,233.01µm
digital_domain_inst.cfg_phase270_offset_x\[12\],232.5µm
net476,232.45µm
_01561_,231.94µm
net170,231.94µm
_01556_,231.89µm
net1294,231.89µm
net1663,231.89µm
digital_domain_inst.cfg_phase270_offset_x\[18\],231.28µm
digital_domain_inst.cfg_phase90_offset_x\[19\],230.92µm
digital_domain_inst.latch_error_y,230.82µm
digital_domain_inst.raw_edge2_y\[1\],230.16µm
digital_domain_inst.raw_edge3_x\[8\],229.7µm
digital_domain_inst.cfg_phase270_offset_x\[7\],229.24µm
net1788,229.04µm
net1346,228.63µm
digital_domain_inst.cfg_phase270_offset_y\[3\],228.58µm
net391,228.58µm
net1976,228.53µm
net340,228.48µm
digital_domain_inst.cfg_f_MEMS_fcw_x\[5\],228.03µm
digital_domain_inst.cfg_f_MEMS_fcw_y\[5\],227.51µm
net604,227.51µm
_00709_,227.41µm
net317,227.41µm
_04209_,226.95µm
net1348,226.95µm
_00756_,225.22µm
_04903_,225.22µm
net1347,224.76µm
digital_domain_inst.cfg_phase270_offset_y\[18\],224.71µm
_00545_,224.66µm
_00609_,224.1µm
digital_domain_inst.cfg_phase90_offset_x\[20\],224.1µm
digital_domain_inst.raw_edge2_y\[10\],224.1µm
net1835,224.1µm
net1719,223.54µm
net1425,223.13µm
net1195,222.93µm
net921,222.37µm
digital_domain_inst.raw_edge3_y\[20\],222.06µm
_00746_,221.91µm
net1194,221.81µm
net1490,221.81µm
digital_domain_inst.cfg_f_MEMS_fcw_y\[6\],221.35µm
_02633_,221.3µm
digital_domain_inst.cfg_phase90_offset_y\[0\],221.3µm
digital_domain_inst.cfg_phase0_offset_y\[8\],220.79µm
net1689,220.69µm
digital_domain_inst.cfg_phase270_offset_y\[17\],220.33µm
digital_domain_inst.cfg_phase270_offset_x\[19\],219.67µm
digital_domain_inst.cfg_phase0_offset_y\[0\],219.57µm
clknet_leaf_35_clk_regs,219.26µm
net406,219.11µm
net1795,219.11µm
net1521,218.55µm
clknet_leaf_48_clk_regs,218.04µm
_00544_,217.99µm
_00000_,217.89µm
digital_domain_inst.raw_edge1_y\[9\],217.89µm
_00708_,217.38µm
digital_domain_inst.cfg_phase90_offset_x\[6\],217.33µm
_05554_,216.87µm
net1240,216.87µm
net1652,216.21µm
net733,215.83µm
digital_domain_inst.signal_processor_y_inst.votes_in_phase\[1\],215.8µm
_04090_,215.6µm
digital_domain_inst.wave_controller_x_inst.phase_acc\[2\],215.24µm
net662,215.04µm
net1597,214.63µm
digital_domain_inst.raw_edge3_y\[18\],214.53µm
net1666,214.53µm
_00883_,214.39µm
_00745_,214.02µm
digital_domain_inst.cfg_phase90_offset_y\[16\],214.02µm
net1349,214.02µm
net1555,213.92µm
clknet_leaf_34_clk_regs,213.66µm
clknet_leaf_50_clk_regs,213.56µm
net1369,213µm
clknet_leaf_30_clk_regs,213µm
digital_domain_inst.signal_processor_x_inst.votes_out_phase\[2\],212.9µm
_02328_,212.8µm
net1305,212.44µm
_00683_,212.34µm
digital_domain_inst.cfg_f_MEMS_fcw_x\[12\],212.34µm
net986,212.34µm
net1176,212.29µm
digital_domain_inst.cfg_phase270_offset_y\[16\],211.88µm
digital_domain_inst.wave_controller_x_inst.phase_acc\[11\],211.88µm
net1190,211.78µm
net398,211.73µm
clknet_leaf_22_clk_regs,211.57µm
net734,211.32µm
_02999_,211.22µm
net1047,211.17µm
net698,211.12µm
net1419,210.81µm
net394,210.76µm
clknet_leaf_39_clk_regs,210.76µm
net802,210.61µm
net1971,210.61µm
net1214,210.56µm
net654,210.1µm
_01534_,210µm
digital_domain_inst.cfg_phase0_offset_x\[13\],210µm
net1797,210µm
_01308_,209.79µm
net1664,209.54µm
net1720,208.98µm
net1627,208.65µm
net1238,208.37µm
net1847,208.37µm
_00681_,208.01µm
net1116,207.81µm
delaynet_2_clk,207.76µm
net1424,207.4µm
_01602_,207.35µm
digital_domain_inst.cfg_phase0_offset_y\[3\],207.35µm
net656,207.25µm
net19,207.2µm
digital_domain_inst.cal_timeout_x,206.89µm
clknet_leaf_29_clk_regs,206.84µm
digital_domain_inst.raw_edge2_y\[11\],206.74µm
net634,206.74µm
net648,206.74µm
_04220_,206.64µm
digital_domain_inst.cfg_phase270_offset_x\[11\],206.13µm
_00748_,205.67µm
digital_domain_inst.raw_edge2_x\[6\],205.62µm
digital_domain_inst.cfg_phase0_offset_y\[4\],205.16µm
net1508,205.11µm
net1831,205.11µm
_01543_,205.06µm
digital_domain_inst.cfg_phase270_offset_y\[8\],205.01µm
_00801_,204.55µm
net883,204.5µm
net950,204.4µm
_01492_,203.94µm
digital_domain_inst.cfg_phase90_offset_y\[10\],203.94µm
net1275,203.94µm
digital_domain_inst.signal_processor_x_inst.votes_out_phase\[1\],203.89µm
net142,203.89µm
digital_domain_inst.cfg_phase0_offset_y\[12\],203.53µm
net863,203.38µm
net1717,202.92µm
_00613_,202.87µm
_04870_,202.87µm
net793,202.82µm
net1713,202.77µm
digital_domain_inst.cfg_phase0_offset_y\[19\],202.26µm
_04024_,201.6µm
digital_domain_inst.wave_controller_y_inst.phase_acc\[6\],201.6µm
digital_domain_inst.wave_controller_x_inst.phase_acc\[6\],201.34µm
net1187,201.19µm
digital_domain_inst.cfg_phase90_offset_x\[13\],201.14µm
clknet_leaf_14_clk_regs,200.88µm
digital_domain_inst.raw_edge2_x\[14\],200.6µm
net522,200.58µm
net789,200.58µm
net855,200.58µm
net1152,200.53µm
net1177,200.48µm
net1175,200.12µm
_03606_,199.97µm
net1457,199.97µm
net168,199.92µm
digital_domain_inst.cal_phase0_offset_y\[1\],199.51µm
net1381,199.51µm
net614,199.41µm
net870,199.41µm
net977,199.41µm
_04126_,199.36µm
net979,199.36µm
_02392_,198.9µm
net1641,198.8µm
digital_domain_inst.cfg_f_MEMS_fcw_x\[0\],198.39µm
digital_domain_inst.raw_edge3_x\[15\],198.39µm
_04014_,198.29µm
net425,198.24µm
clknet_leaf_41_clk_regs,197.98µm
clknet_leaf_4_clk_regs,197.88µm
net658,197.73µm
_00620_,197.37µm
digital_domain_inst.phase_state_y\[1\],197.17µm
net148,197.17µm
_04058_,197.12µm
_00614_,196.71µm
digital_domain_inst.cfg_phase270_offset_x\[9\],196.56µm
net1101,196.56µm
digital_domain_inst.cfg_phase90_offset_y\[17\],196.35µm
_01304_,196.1µm
digital_domain_inst.cfg_phase0_offset_y\[16\],196.05µm
digital_domain_inst.cfg_phase270_offset_x\[2\],195.79µm
_00547_,195.44µm
net1764,195.03µm
digital_domain_inst.raw_edge3_x\[19\],194.98µm
net880,194.47µm
clknet_leaf_42_clk_regs,194.47µm
net869,194.01µm
_00685_,193.96µm
net1036,193.91µm
digital_domain_inst.wave_controller_y_inst.phase_acc\[7\],193.81µm
net1422,193.76µm
digital_domain_inst.cfg_phase270_offset_y\[15\],193.4µm
net1452,193.4µm
net54,193.25µm
net1640,193.25µm
clknet_leaf_3_clk_regs,193.19µm
net792,192.74µm
_01551_,192.69µm
digital_domain_inst.cfg_phase0_offset_y\[14\],192.69µm
net1341,192.69µm
_02554_,192.64µm
net410,192.23µm
net1499,192.23µm
_01584_,192.18µm
net1350,192.18µm
digital_domain_inst.cfg_phase90_offset_x\[16\],191.67µm
_02395_,191.57µm
_03587_,191.52µm
net1651,191.11µm
net337,191.06µm
net303,190.96µm
net1834,190.6µm
_03608_,190.5µm
_00005_,190.45µm
_00591_,190.45µm
net1390,190.45µm
net1678,189.43µm
digital_domain_inst.cfg_phase270_offset_y\[19\],189.38µm
net592,188.87µm
net1645,188.87µm
_04062_,188.82µm
_03864_,188.72µm
net1053,188.46µm
_01497_,188.26µm
net1632,188.26µm
clknet_leaf_44_clk_regs,188.21µm
digital_domain_inst.cfg_phase90_offset_x\[5\],187.75µm
net1283,187.75µm
digital_domain_inst.phase_state_x\[0\],187.65µm
net645,187.65µm
net727,187.65µm
net1074,187.24µm
net1343,187.19µm
_01454_,187.14µm
digital_domain_inst.cfg_phase270_offset_y\[9\],186.78µm
clknet_leaf_20_clk_regs,186.78µm
net1744,186.58µm
net2075,186.53µm
net1375,186.48µm
_00679_,186.12µm
digital_domain_inst.cfg_phase0_offset_y\[11\],186.12µm
net1227,186.12µm
_02309_,186.07µm
digital_domain_inst.cfg_phase90_offset_y\[1\],186.07µm
net747,185.97µm
net1389,185.97µm
_01583_,185.67µm
_00574_,185.61µm
net375,185.41µm
net1718,185µm
digital_domain_inst.cfg_phase270_offset_x\[4\],184.95µm
digital_domain_inst.cfg_phase0_offset_x\[15\],184.8µm
_00660_,184.64µm
clknet_leaf_9_clk_regs,184.64µm
net1735,184.44µm
net1241,184.29µm
net2146,184.29µm
_01508_,184.24µm
digital_domain_inst.raw_edge2_y\[18\],184.24µm
net1408,183.83µm
clknet_leaf_55_clk_regs,183.42µm
net2148,183.37µm
_01490_,183.22µm
net1219,183.22µm
_00776_,183.17µm
_03996_,183.17µm
clknet_leaf_6_clk_regs,182.81µm
net450,182.66µm
net1042,182.66µm
digital_domain_inst.raw_edge2_y\[8\],182.61µm
_01319_,182.2µm
net1426,182.2µm
digital_domain_inst.signal_processor_x_inst.votes_in_phase\[0\],182.15µm
net360,182.1µm
net1759,181.64µm
net1833,181.54µm
_03722_,181.44µm
_04057_,181.44µm
digital_domain_inst.raw_edge2_x\[15\],181.44µm
net925,181.44µm
clknet_leaf_16_clk_regs,181.13µm
net652,180.93µm
net444,180.52µm
digital_domain_inst.raw_edge3_y\[8\],180.42µm
_02331_,180.37µm
net1746,179.96µm
net595,179.91µm
_02632_,179.86µm
net408,179.86µm
net17,179.81µm
net661,179.81µm
net534,179.76µm
digital_domain_inst.raw_edge1_x\[7\],179.4µm
_00611_,179.25µm
net91,179.25µm
clknet_leaf_2_clk_regs,178.99µm
_01554_,178.79µm
_03873_,178.74µm
net1975,178.74µm
_04221_,178.69µm
clknet_leaf_51_clk_regs,178.38µm
net1690,178.18µm
net506,178.08µm
clknet_leaf_0_clk_regs,177.87µm
net1520,177.72µm
clknet_leaf_12_clk_regs,177.72µm
digital_domain_inst.raw_edge1_y\[15\],177.67µm
net237,177.57µm
net1449,177.57µm
net1822,177.57µm
net750,177.56µm
net1544,177.52µm
_00548_,177.26µm
_00671_,177.11µm
_00747_,177.11µm
net1288,177.11µm
digital_domain_inst.raw_edge2_y\[6\],176.96µm
net169,176.96µm
net1974,176.96µm
clknet_leaf_27_clk_regs,176.7µm
net1698,176.6µm
net1243,176.55µm
_03702_,176.5µm
net1667,176.5µm
_02277_,176.45µm
net252,176.45µm
net1702,176.45µm
_01425_,175.99µm
net579,175.99µm
net1701,175.99µm
_00800_,175.94µm
digital_domain_inst.raw_edge3_x\[10\],175.94µm
net295,175.84µm
net759,175.84µm
digital_domain_inst.cfg_phase270_offset_y\[4\],175.71µm
net996,175.33µm
net1887,175.33µm
_03816_,175.28µm
net1007,175.28µm
net987,174.97µm
clknet_leaf_7_clk_regs,174.97µm
_02387_,174.36µm
_01578_,174.31µm
net1248,174.31µm
net1279,174.21µm
net488,174.16µm
net1773,173.75µm
digital_domain_inst.cfg_phase0_offset_y\[7\],173.7µm
digital_domain_inst.cfg_phase270_offset_y\[20\],173.7µm
digital_domain_inst.cfg_phase90_offset_x\[4\],173.7µm
_00665_,173.65µm
_03795_,173.65µm
net338,173.65µm
net1772,173.65µm
_02332_,173.29µm
digital_domain_inst.raw_edge2_y\[17\],173.19µm
_04105_,173.04µm
net1453,172.58µm
net1644,172.58µm
_00576_,172.53µm
digital_domain_inst.raw_edge3_x\[6\],172.07µm
net1765,172.07µm
clknet_leaf_38_clk_regs,172.07µm
_01391_,171.97µm
_03885_,171.92µm
net1704,171.56µm
_04095_,171.46µm
net1185,171.46µm
digital_domain_inst.cfg_phase0_offset_x\[20\],171.41µm
net627,171.41µm
net726,171.36µm
net1210,170.9µm
net1257,170.9µm
digital_domain_inst.cfg_f_MEMS_fcw_y\[0\],170.85µm
net1509,170.85µm
net1854,170.85µm
net1855,170.8µm
digital_domain_inst.cfg_f_MEMS_fcw_y\[2\],170.29µm
net914,170.29µm
net1856,170.29µm
clknet_leaf_1_clk_regs,170.03µm
net1732,169.78µm
net810,169.73µm
net2036,169.73µm
net1363,169.37µm
_00571_,169.22µm
net18,169.17µm
net837,169.17µm
net1805,169.12µm
digital_domain_inst.cfg_phase270_offset_y\[6\],168.91µm
net1300,168.56µm
_02310_,168.44µm
net804,168.2µm
digital_domain_inst.cfg_phase0_offset_x\[10\],168.15µm
net1017,168.15µm
digital_domain_inst.cfg_f_MEMS_fcw_y\[11\],168.05µm
clknet_leaf_49_clk_regs,167.89µm
_00599_,167.79µm
clknet_leaf_25_clk_regs,167.64µm
net724,167.59µm
net162,167.54µm
clknet_leaf_45_clk_regs,167.54µm
net1,167.49µm
net504,167.49µm
net1754,167.49µm
net932,167.08µm
digital_domain_inst.cfg_phase0_offset_y\[17\],167.03µm
digital_domain_inst.phase_state_y\[0\],167.03µm
digital_domain_inst.signal_processor_x_inst.votes_in_phase\[1\],167.03µm
net72,167.03µm
net2020,167.03µm
_03718_,166.93µm
net620,166.93µm
net1556,166.93µm
_04203_,166.88µm
net99,166.88µm
_00689_,166.42µm
digital_domain_inst.raw_edge2_x\[16\],166.32µm
net1951,165.91µm
_02794_,165.86µm
digital_domain_inst.spi_regs_inst.reg_wr_addr\[3\],165.81µm
net1537,165.81µm
net432,165.8µm
_01489_,165.35µm
net583,165.25µm
_03709_,165.2µm
_00563_,164.79µm
net42,164.74µm
net52,164.74µm
net130,164.74µm
net602,164.69µm
_00691_,164.64µm
_04300_,164.64µm
net193,164.64µm
net1503,164.64µm
net1625,164.64µm
digital_domain_inst.cfg_phase0_offset_y\[18\],164.23µm
net395,164.18µm
net110,164.13µm
_04098_,164.08µm
clknet_leaf_47_clk_regs,163.87µm
_01426_,163.67µm
net1236,163.67µm
net1724,163.67µm
net1201,163.62µm
net1866,163.62µm
net1215,163.57µm
clknet_leaf_18_clk_regs,163.21µm
net1259,163.11µm
_03502_,163.06µm
net379,163.06µm
net1106,163.01µm
net232,162.96µm
net256,162.65µm
net1099,162.5µm
digital_domain_inst.signal_processor_y_inst.votes_out_phase\[1\],162.4µm
net1838,162.4µm
digital_domain_inst.cfg_phase0_offset_x\[9\],161.99µm
net924,161.99µm
net43,161.94µm
net227,161.89µm
net1547,161.89µm
net1749,161.89µm
net981,161.84µm
net1758,161.84µm
net788,161.71µm
digital_domain_inst.cfg_phase270_offset_y\[10\],161.43µm
net730,161.38µm
net782,161.38µm
net1432,161.38µm
net1519,161.38µm
_00007_,161.33µm
net161,161.33µm
net1247,161.33µm
net1888,161.33µm
net523,161.28µm
_00554_,160.97µm
_00573_,160.97µm
net378,160.82µm
net211,160.77µm
net1394,160.72µm
clknet_leaf_10_clk_regs,160.56µm
clknet_leaf_23_clk_regs,160.41µm
net1342,160.36µm
clknet_leaf_17_clk_regs,160.36µm
digital_domain_inst.cfg_phase0_offset_x\[17\],160.26µm
net590,160.09µm
net1460,159.8µm
digital_domain_inst.phase_offset_imported,159.7µm
digital_domain_inst.spi_regs_inst.spi_addr\[0\],159.7µm
net948,159.7µm
_01307_,159.65µm
_02048_,159.65µm
net302,159.65µm
net129,159.6µm
net1840,159.6µm
clknet_leaf_19_clk_regs,159.34µm
net1533,159.31µm
net818,159.23µm
net1609,159.19µm
net1695,159.19µm
net796,159.14µm
digital_domain_inst.cfg_f_MEMS_fcw_y\[9\],159.09µm
digital_domain_inst.wave_controller_y_inst.phase_acc\[18\],159.09µm
net449,159.09µm
_01381_,159.04µm
net280,158.68µm
_01549_,158.63µm
_01515_,158.58µm
_03590_,158.58µm
net259,158.58µm
net1828,158.58µm
digital_domain_inst.raw_edge1_y\[10\],158.53µm
net339,158.53µm
net1802,158.48µm
net1612,158.12µm
digital_domain_inst.wave_controller_x_inst.phase_acc\[5\],158.07µm
_00710_,158.02µm
_01536_,157.97µm
net1546,157.97µm
net1188,157.41µm
net1382,157.36µm
net331,157.33µm
_04142_,156.95µm
clknet_leaf_40_clk_regs,156.9µm
net497,156.85µm
net559,156.85µm
net623,156.85µm
net1429,156.85µm
net386,156.8µm
clknet_leaf_24_clk_regs,156.44µm
net7,156.34µm
net1677,156.34µm
net1112,156.29µm
_03914_,156.24µm
_01488_,155.88µm
net596,155.88µm
digital_domain_inst.cfg_phase90_offset_y\[8\],155.83µm
net311,155.83µm
net728,155.78µm
net452,155.73µm
net1970,155.73µm
_03902_,155.68µm
_04097_,155.22µm
digital_domain_inst.cfg_phase0_offset_x\[7\],155.22µm
net943,155.17µm
net1022,155.17µm
net1284,155.17µm
_04132_,155.12µm
digital_domain_inst.cfg_phase270_offset_y\[14\],154.81µm
digital_domain_inst.boot_complete,154.71µm
net206,154.66µm
net578,154.66µm
digital_domain_inst.cfg_phase90_offset_x\[3\],154.61µm
net1581,154.61µm
clknet_leaf_36_clk_regs,154.35µm
digital_domain_inst.cfg_phase90_offset_x\[8\],154.1µm
digital_domain_inst.wave_controller_x_inst.phase_acc\[9\],154.1µm
net1687,154.1µm
_01394_,154.05µm
_02393_,154.05µm
net743,153.93µm
clknet_leaf_28_clk_regs,153.84µm
net1271,153.77µm
net1916,153.54µm
_00619_,153.49µm
net1669,153.49µm
net2117,153.49µm
_00690_,153.03µm
clknet_leaf_43_clk_regs,153.03µm
_01730_,152.98µm
net388,152.98µm
net1118,152.98µm
net992,152.93µm
net1582,152.93µm
net1051,152.42µm
_02356_,152.37µm
net697,152.37µm
net344,152.32µm
digital_domain_inst.raw_edge3_y\[7\],151.91µm
net933,151.86µm
_00669_,151.81µm
net1045,151.81µm
_04222_,151.76µm
_00781_,151.35µm
net429,151.35µm
net383,151.25µm
digital_domain_inst.raw_edge1_x\[20\],151.2µm
clknet_leaf_58_clk_regs,150.89µm
digital_domain_inst.signal_processor_y_inst.votes_out_phase\[3\],150.79µm
net244,150.79µm
net1630,150.74µm
_01251_,150.69µm
net1001,150.69µm
net1731,150.64µm
net1548,150.51µm
_00780_,150.46µm
clknet_leaf_57_clk_regs,150.33µm
digital_domain_inst.spi_regs_inst.rw_n,150.13µm
net73,150.13µm
net763,150.13µm
net1125,150.13µm
_04027_,150.08µm
net2147,150.08µm
net245,149.67µm
net390,149.67µm
_03574_,149.62µm
net1789,149.62µm
net345,149.57µm
clknet_leaf_26_clk_regs,149.36µm
clknet_leaf_37_clk_regs,149.26µm
digital_domain_inst.cfg_phase0_offset_y\[9\],149.06µm
net15,148.96µm
net356,148.96µm
net1531,148.96µm
_01305_,148.55µm
_04082_,148.55µm
_02302_,148.5µm
_04046_,148.5µm
net1115,148.5µm
_03970_,148.4µm
_01588_,147.99µm
net1984,147.99µm
digital_domain_inst.cfg_phase270_offset_x\[3\],147.94µm
net861,147.94µm
net1364,147.94µm
net1268,147.89µm
clknet_leaf_33_clk_regs,147.68µm
_00752_,147.58µm
clknet_leaf_32_clk_regs,147.48µm
digital_domain_inst.cfg_phase270_offset_x\[0\],147.38µm
net1404,147.38µm
digital_domain_inst.cfg_phase0_offset_x\[11\],147.33µm
_03719_,147.28µm
_00577_,146.97µm
_00569_,146.87µm
digital_domain_inst.cfg_phase0_offset_y\[20\],146.87µm
net241,146.87µm
net364,146.87µm
net562,146.87µm
_00673_,146.82µm
net1256,146.82µm
digital_domain_inst.raw_edge1_x\[3\],146.77µm
net29,146.77µm
net215,146.77µm
_01567_,146.72µm
net1633,146.72µm
clknet_leaf_31_clk_regs,146.46µm
net1626,146.31µm
_04314_,146.26µm
net361,146.26µm
net1783,146.21µm
_02335_,146.16µm
digital_domain_inst.wave_controller_y_inst.wave_cycle_cnt\[4\],145.8µm
digital_domain_inst.raw_edge1_x\[11\],145.75µm
net1267,145.75µm
_01570_,145.7µm
digital_domain_inst.cfg_phase90_offset_x\[0\],145.61µm
net1700,145.6µm
net1127,145.19µm
digital_domain_inst.raw_edge3_x\[2\],145.14µm
digital_domain_inst.signal_processor_y_inst.s270_pipe\[3\],145.14µm
digital_domain_inst.raw_edge3_x\[3\],145.09µm
net1748,145.04µm
net1917,144.63µm
_00687_,144.58µm
_02778_,144.58µm
net1706,144.58µm
net1681,144.53µm
_04038_,144.48µm
net1740,144.48µm
net1148,144.02µm
net852,143.97µm
net862,143.97µm
net1289,143.97µm
net1806,143.97µm
digital_domain_inst.cfg_phase90_offset_y\[18\],143.92µm
net1860,143.92µm
net257,143.41µm
net966,143.41µm
_03991_,143.36µm
net941,143.36µm
net341,142.9µm
net1094,142.9µm
net608,142.85µm
net1553,142.85µm
_03435_,142.8µm
_00615_,142.44µm
digital_domain_inst.spi_regs_inst.spi_state,142.39µm
_02341_,142.29µm
net1703,142.29µm
_01436_,142.24µm
net832,141.83µm
net1699,141.83µm
_00567_,141.78µm
net860,141.73µm
net988,141.5µm
clknet_leaf_5_clk_regs,141.37µm
net689,141.32µm
net838,141.27µm
_02839_,141.22µm
_03768_,141.22µm
net474,141.22µm
_02772_,141.17µm
net621,141.17µm
net1070,141.17µm
net1624,141.17µm
_03603_,141.12µm
net729,140.79µm
net1741,140.66µm
_03548_,140.61µm
_04183_,140.61µm
net756,140.61µm
net1153,140.61µm
net931,140.56µm
_04208_,140.1µm
net605,140.05µm
net1502,140.05µm
_00714_,140µm
_04028_,140µm
digital_domain_inst.raw_edge3_x\[14\],140µm
_02327_,139.93µm
net701,139.64µm
net1779,139.59µm
net1614,139.54µm
net1653,139.54µm
net1794,139.54µm
_03567_,139.49µm
net1972,139.49µm
net69,139.03µm
net961,139.03µm
digital_domain_inst.spi_regs_inst.rx_shift\[5\],138.98µm
net905,138.98µm
net1287,138.98µm
_01494_,138.93µm
net1810,138.93µm
net1438,138.62µm
_00621_,138.52µm
net731,138.47µm
net1264,138.47µm
net451,138.42µm
net1278,138.42µm
_02752_,138.37µm
_03495_,138.37µm
net1780,138.37µm
net1818,138.37µm
net173,138.32µm
net59,137.91µm
_00675_,137.86µm
net944,137.86µm
net853,137.81µm
net1114,137.76µm
net1886,137.76µm
net79,137.53µm
net262,137.35µm
net1193,137.35µm
net520,137.3µm
net2076,137.3µm
_03516_,137.25µm
net946,137.25µm
net1107,137.2µm
net1313,137.2µm
net2072,137.2µm
net226,136.79µm
net313,136.79µm
_02358_,136.74µm
digital_domain_inst.spi_regs_inst.spi_addr\[1\],136.74µm
net1755,136.74µm
net945,136.69µm
net1782,136.69µm
net1803,136.69µm
net1842,136.69µm
_01452_,136.28µm
net1458,136.28µm
_00649_,136.23µm
net1619,136.23µm
_00742_,136.18µm
_00795_,136.18µm
digital_domain_inst.cfg_f_MEMS_fcw_y\[10\],136.18µm
net574,136.18µm
net1753,136.18µm
_01526_,136.13µm
net1496,136.13µm
net2074,136.08µm
_02405_,135.92µm
digital_domain_inst.wave_controller_x_inst.wave_cycle_cnt\[2\],135.92µm
digital_domain_inst.wave_controller_y_inst.wave_cycle_cnt\[1\],135.67µm
net949,135.67µm
net920,135.62µm
_04909_,135.57µm
digital_domain_inst.raw_edge2_y\[5\],135.57µm
net589,135.57µm
net487,135.52µm
net1209,135.52µm
_00632_,135.16µm
_01531_,135.16µm
net1274,135.11µm
net1507,135.11µm
net1522,135.11µm
net1062,135.06µm
net1680,135.06µm
_01546_,135.01µm
digital_domain_inst.wave_controller_x_inst.phase_acc\[16\],134.83µm
_00965_,134.7µm
net263,134.55µm
net1809,134.55µm
_01440_,134.5µm
_01571_,134.5µm
_05033_,134.5µm
net1813,134.5µm
_01594_,134.45µm
net325,134.45µm
net1650,134.45µm
_01595_,134.4µm
net741,134.4µm
_00644_,134.29µm
net934,134.04µm
net1395,133.99µm
net1844,133.99µm
net377,133.94µm
net555,133.94µm
net980,133.94µm
_00617_,133.89µm
net821,133.89µm
net1065,133.89µm
net30,133.84µm
net651,133.84µm
net1878,133.84µm
_00693_,133.48µm
digital_domain_inst.raw_edge2_x\[0\],133.38µm
net417,133.38µm
_04326_,133.28µm
_01501_,132.92µm
net433,132.92µm
_04072_,132.87µm
digital_domain_inst.cfg_phase270_offset_x\[14\],132.87µm
net575,132.82µm
_03255_,132.77µm
digital_domain_inst.cfg_phase0_offset_x\[18\],132.77µm
digital_domain_inst.raw_edge3_x\[17\],132.77µm
net220,132.77µm
net1545,132.77µm
_03674_,132.72µm
net1684,132.36µm
net686,132.31µm
net1935,132.31µm
net82,132.26µm
net1245,132.26µm
net1910,132.26µm
net1202,132.21µm
digital_domain_inst.raw_edge1_y\[14\],132.16µm
net1008,132.16µm
net347,131.89µm
_02598_,131.85µm
net1040,131.75µm
net1049,131.7µm
digital_domain_inst.cfg_f_MEMS_fcw_y\[8\],131.65µm
net323,131.65µm
net1459,131.65µm
_03901_,131.6µm
net428,131.6µm
net456,131.6µm
net1091,131.6µm
digital_domain_inst.wave_controller_x_inst.phase_acc\[13\],131.19µm
net1439,131.19µm
digital_domain_inst.raw_edge3_y\[19\],131.14µm
net1064,131.14µm
net1846,131.14µm
digital_domain_inst.cfg_phase90_offset_y\[14\],131.09µm
_00753_,131.04µm
net758,131.04µm
net2035,131.04µm
net1244,130.81µm
_02026_,130.63µm
net1738,130.63µm
net690,130.58µm
net859,130.58µm
net912,130.58µm
net1030,130.58µm
_04895_,130.53µm
net495,130.53µm
net1821,130.53µm
net426,130.48µm
net39,130.12µm
net1659,130.12µm
_00715_,130.07µm
digital_domain_inst.cfg_phase0_offset_y\[6\],130.07µm
net811,130.02µm
net328,129.97µm
net1092,129.92µm
net1035,129.61µm
net1541,129.61µm
net940,129.56µm
net1020,129.51µm
net1058,129.46µm
_02342_,129.41µm
_03973_,129.41µm
_04188_,129.36µm
net1000,129.36µm
net1023,129.36µm
net1096,129.36µm
_00674_,128.95µm
_02008_,128.95µm
_02751_,128.95µm
net521,128.95µm
net1658,128.95µm
_01553_,128.9µm
net823,128.9µm
net1523,128.9µm
net2125,128.9µm
digital_domain_inst.wave_controller_y_inst.phase_acc\[15\],128.85µm
net800,128.85µm
net643,128.8µm
net957,128.8µm
net1315,128.8µm
net2077,128.8µm
_00676_,128.49µm
clknet_leaf_61_clk_regs,128.44µm
net1715,128.34µm
net1736,128.34µm
_01566_,128.29µm
_02267_,128.29µm
net1307,128.29µm
net1827,128.29µm
_03955_,128.24µm
_01320_,127.88µm
net1808,127.83µm
_01481_,127.78µm
net414,127.78µm
net1380,127.73µm
net1135,127.68µm
net781,127.37µm
net1228,127.37µm
net1037,127.32µm
net1589,127.32µm
_00969_,127.27µm
net494,127.27µm
clknet_leaf_46_clk_regs,127.27µm
_00751_,127.22µm
digital_domain_inst.cfg_phase0_offset_x\[3\],127.22µm
net160,127.22µm
net1672,127.22µm
_02329_,127.17µm
net503,127.17µm
net533,127.17µm
net909,127.17µm
net1557,127.17µm
_01502_,127.12µm
_03551_,127.12µm
net1845,127.12µm
_00841_,126.92µm
_01466_,126.76µm
digital_domain_inst.wave_controller_y_inst.phase_acc\[8\],126.76µm
net292,126.71µm
net968,126.71µm
net1851,126.71µm
_01450_,126.66µm
digital_domain_inst.cfg_phase90_offset_y\[9\],126.66µm
net387,126.66µm
net459,126.66µm
net1639,126.66µm
_01486_,126.61µm
_03276_,126.61µm
_03951_,126.61µm
digital_domain_inst.cfg_f_MEMS_fcw_y\[1\],126.61µm
_00718_,126.56µm
net1217,126.56µm
net1670,126.56µm
_00662_,126.2µm
_00962_,126.15µm
digital_domain_inst.cfg_f_MEMS_fcw_x\[1\],126.15µm
net1126,126.15µm
_01540_,126.1µm
digital_domain_inst.cfg_phase0_offset_x\[19\],126.1µm
net517,126.1µm
net619,126.1µm
digital_domain_inst.cfg_phase90_offset_y\[3\],126.05µm
net2,126µm
net53,126µm
_02490_,125.64µm
net1293,125.49µm
_00713_,125.44µm
clknet_leaf_21_clk_regs,125.08µm
_04073_,125.03µm
net322,124.98µm
net413,124.98µm
net1868,124.98µm
_01439_,124.93µm
_01464_,124.93µm
_04088_,124.93µm
net1456,124.93µm
net222,124.88µm
net380,124.57µm
net1340,124.52µm
_00570_,124.42µm
_00826_,124.42µm
net10,124.42µm
net216,124.42µm
net297,124.42µm
net1691,124.42µm
_02377_,124.37µm
digital_domain_inst.cfg_f_MEMS_fcw_x\[14\],124.37µm
net929,124.37µm
net706,124.32µm
net1540,124.32µm
net926,123.91µm
net334,123.86µm
net421,123.86µm
net1472,123.86µm
net1596,123.81µm
net1867,123.81µm
net196,123.48µm
_02311_,123.4µm
_04013_,123.4µm
net1186,123.35µm
_04169_,123.3µm
net2019,123.3µm
net2116,123.3µm
net1043,123.25µm
net1869,123.2µm
_00568_,122.89µm
_01463_,122.79µm
net508,122.79µm
net558,122.79µm
_04134_,122.74µm
net248,122.74µm
net404,122.74µm
net1617,122.74µm
_02041_,122.69µm
digital_domain_inst.cfg_phase0_offset_x\[16\],122.69µm
net699,122.69µm
net791,122.69µm
net493,122.64µm
net580,122.64µm
digital_domain_inst.cfg_phase270_offset_x\[1\],122.23µm
net1587,122.23µm
digital_domain_inst.raw_edge3_y\[6\],122.18µm
net127,122.18µm
net279,122.18µm
_01569_,122.13µm
net1124,122.13µm
net1189,122.13µm
net84,122.08µm
net999,121.67µm
net1237,121.67µm
net409,121.62µm
net827,121.62µm
_03956_,121.57µm
net308,121.57µm
net524,121.57µm
net1622,121.57µm
net1628,121.57µm
net1311,121.52µm
net1938,121.06µm
net965,121.01µm
net473,120.96µm
net1033,120.96µm
net1455,120.96µm
net2142,120.96µm
_00600_,120.5µm
net128,120.4µm
net467,120.4µm
_05717_,119.99µm
net780,119.99µm
_03058_,119.94µm
_02586_,119.89µm
net294,119.89µm
net1100,119.89µm
net1964,119.89µm
_01474_,119.84µm
_04015_,119.84µm
net1169,119.84µm
net1629,119.84µm
net1787,119.84µm
_00606_,119.53µm
_03060_,119.53µm
net1551,119.51µm
_03704_,119.43µm
net224,119.43µm
_02437_,119.38µm
net470,119.38µm
net1038,119.38µm
net1739,119.38µm
_03881_,119.33µm
_04830_,119.33µm
net1804,119.33µm
net1930,119.33µm
net721,118.92µm
net2001,118.87µm
net1057,118.82µm
net291,118.77µm
net644,118.77µm
net1562,118.77µm
net2089,118.77µm
_00566_,118.72µm
digital_domain_inst.cfg_phase0_offset_y\[10\],118.72µm
net1862,118.51µm
net1149,118.41µm
net814,118.31µm
digital_domain_inst.raw_edge3_y\[9\],118.21µm
net561,118.21µm
net81,118.16µm
net755,118.16µm
net1839,118.16µm
net349,117.75µm
_00695_,117.7µm
net396,117.7µm
net1578,117.67µm
_00633_,117.65µm
digital_domain_inst.wave_controller_x_inst.phase_acc\[14\],117.65µm
net1638,117.65µm
_03517_,117.6µm
net50,117.6µm
net1225,117.6µm
net867,117.19µm
net1697,117.19µm
_01524_,117.14µm
_02412_,117.14µm
net498,117.14µm
net1150,117.14µm
net1536,117.14µm
_00819_,117.09µm
_02334_,117.09µm
net145,117.09µm
net1021,117.09µm
net1710,117.09µm
net234,117.04µm
net556,117µm
net2002,116.68µm
_00588_,116.58µm
net599,116.58µm
net1468,116.58µm
net1752,116.58µm
digital_domain_inst.cfg_f_MEMS_fcw_y\[13\],116.53µm
net1998,116.53µm
_00589_,116.32µm
_00886_,116.17µm
net958,116.17µm
net1098,116.12µm
_00677_,116.02µm
net27,116.02µm
net955,116.02µm
net702,115.97µm
net744,115.97µm
net1709,115.97µm
net2145,115.97µm
net287,115.92µm
net835,115.92µm
net1308,115.66µm
_02352_,115.51µm
net312,115.51µm
net715,115.51µm
net1093,115.51µm
clknet_0_clk,115.46µm
_00775_,115.41µm
_00885_,115.41µm
net63,115.41µm
net1417,115.41µm
net610,115.05µm
clknet_leaf_8_clk_regs,115.05µm
net2017,114.95µm
_03705_,114.9µm
net35,114.9µm
net109,114.9µm
net424,114.9µm
net1801,114.9µm
net1872,114.9µm
net1969,114.9µm
_02364_,114.85µm
net630,114.85µm
net2073,114.85µm
digital_domain_inst.raw_edge2_x\[4\],114.8µm
digital_domain_inst.wave_controller_y_inst.phase_acc\[5\],114.8µm
net560,114.8µm
net1766,114.8µm
net1777,114.8µm
digital_domain_inst.wave_controller_x_inst.phase_acc\[3\],114.72µm
_00650_,114.54µm
_00831_,114.54µm
digital_domain_inst.raw_edge1_y\[2\],114.44µm
digital_domain_inst.wave_controller_y_inst.phase_acc\[3\],114.44µm
net1393,114.44µm
digital_domain_inst.raw_edge3_y\[15\],114.39µm
net40,114.39µm
_01673_,114.34µm
_01058_,114.29µm
_01483_,114.29µm
net653,114.29µm
net865,114.29µm
net1683,114.29µm
net265,114.24µm
net1321,113.83µm
net125,113.78µm
net2139,113.78µm
clknet_leaf_52_clk_regs,113.78µm
net876,113.73µm
net1138,113.73µm
digital_domain_inst.wave_controller_x_inst.wave_cycle_cnt\[7\],113.32µm
net922,113.27µm
net532,113.17µm
net1730,113.17µm
_04150_,113.12µm
net108,113.12µm
net1039,113.12µm
net1173,113.12µm
_00987_,112.76µm
net58,112.76µm
_03441_,112.71µm
net684,112.71µm
net1705,112.71µm
_00546_,112.66µm
net481,112.66µm
net582,112.61µm
net1725,112.61µm
net1983,112.61µm
net80,112.56µm
net416,112.56µm
net1928,112.53µm
net1299,112.25µm
_02326_,112.15µm
net1273,112.15µm
net286,112.1µm
net1073,112.1µm
_01701_,112.05µm
digital_domain_inst.wave_controller_y_inst.phase_acc\[0\],112.05µm
net71,112.05µm
net255,112.05µm
net443,112µm
net629,112µm
net740,112µm
net1155,112µm
digital_domain_inst.cfg_f_MEMS_fcw_x\[10\],111.59µm
digital_domain_inst.wave_controller_x_inst.phase_acc\[12\],111.59µm
net1671,111.59µm
net1812,111.59µm
_00721_,111.49µm
_02307_,111.49µm
_04070_,111.49µm
net267,111.49µm
_04961_,111.44µm
digital_domain_inst.delay_wave_cycle_x\[6\],111.13µm
_01459_,111.08µm
_01455_,111.03µm
_02145_,110.98µm
digital_domain_inst.cfg_phase90_offset_y\[5\],110.98µm
_03595_,110.93µm
net239,110.93µm
net251,110.93µm
net1370,110.93µm
net647,110.88µm
net817,110.88µm
net1014,110.88µm
net1086,110.88µm
net1295,110.88µm
net1843,110.88µm
digital_domain_inst.wave_controller_y_inst.wave_cycle_cnt\[7\],110.47µm
net971,110.42µm
net1747,110.42µm
net1621,110.37µm
net1631,110.37µm
_04061_,110.32µm
_04230_,110.32µm
net330,110.32µm
net1853,109.86µm
net1999,109.86µm
_03865_,109.81µm
digital_domain_inst.cfg_phase90_offset_y\[7\],109.81µm
net1737,109.81µm
net2078,109.81µm
digital_domain_inst.cfg_phase0_offset_x\[2\],109.35µm
digital_domain_inst.spi_regs_inst.reg_wr_addr\[2\],109.35µm
net475,109.35µm
net501,109.35µm
digital_domain_inst.wave_controller_y_inst.wave_cycle_cnt\[6\],109.3µm
net247,109.3µm
net1635,109.3µm
_00697_,109.25µm
_05660_,109.25µm
net1095,109.25µm
net1655,109.25µm
net1761,109.2µm
net2093,109.2µm
clknet_1_0__leaf_clk,108.99µm
net960,108.97µm
_01667_,108.79µm
net65,108.79µm
net269,108.79µm
digital_domain_inst.cfg_phase90_offset_x\[1\],108.74µm
net812,108.74µm
net1383,108.74µm
_03583_,108.69µm
net373,108.69µm
net2013,108.69µm
net638,108.64µm
net397,108.13µm
net594,108.13µm
net1077,108.13µm
net2100,108.13µm
net343,108.08µm
net600,108.08µm
_00763_,107.72µm
_00888_,107.72µm
digital_domain_inst.raw_edge1_y\[19\],107.72µm
net499,107.67µm
net866,107.67µm
net77,107.62µm
net939,107.62µm
net1374,107.62µm
net1575,107.62µm
net1673,107.62µm
digital_domain_inst.cfg_phase90_offset_y\[2\],107.57µm
net146,107.26µm
net1436,107.11µm
net899,107.06µm
net1643,107.06µm
net798,107.01µm
net930,107.01µm
_00628_,106.73µm
net712,106.7µm
net150,106.55µm
net189,106.55µm
_04202_,106.5µm
net218,106.5µm
net277,106.5µm
net316,106.5µm
net458,106.5µm
net917,106.5µm
net1291,106.5µm
net492,106.45µm
net1530,106.45µm
net2106,106.45µm
_01335_,106.4µm
_01418_,106.4µm
_02325_,106.4µm
net285,106.4µm
_00692_,106.09µm
net1111,106.04µm
net399,105.99µm
net22,105.89µm
net611,105.89µm
net1929,105.84µm
digital_domain_inst.cfg_phase0_offset_x\[6\],105.43µm
net298,105.43µm
net514,105.43µm
clknet_leaf_56_clk_regs,105.43µm
_04084_,105.33µm
net14,105.33µm
net725,105.33µm
net1661,105.33µm
net1728,105.33µm
_04138_,105.28µm
net1479,105.28µm
net973,105.02µm
_00832_,104.92µm
digital_domain_inst.raw_edge1_x\[17\],104.87µm
net230,104.87µm
net1532,104.87µm
net576,104.82µm
net1852,104.82µm
_01577_,104.77µm
_03569_,104.77µm
net1231,104.77µm
net143,104.72µm
net1819,104.72µm
net350,104.31µm
_00975_,104.26µm
net1807,104.26µm
_01473_,104.21µm
_03878_,104.21µm
digital_domain_inst.delay_wave_cycle_x\[0\],104.21µm
net47,104.21µm
net457,104.21µm
net462,104.21µm
net1016,104.21µm
net1206,104.21µm
net1674,104.21µm
_00815_,104.16µm
net276,104.16µm
net618,104.16µm
net489,103.85µm
net1272,103.8µm
_00653_,103.75µm
_01318_,103.75µm
digital_domain_inst.cfg_f_MEMS_fcw_y\[12\],103.75µm
_00777_,103.7µm
net376,103.7µm
net907,103.7µm
_01472_,103.65µm
_03032_,103.65µm
digital_domain_inst.cfg_phase0_offset_x\[12\],103.65µm
net1075,103.65µm
_02383_,103.6µm
net1870,103.6µm
_00977_,103.24µm
_01445_,103.19µm
net718,103.19µm
net1168,103.14µm
net1817,103.14µm
_04042_,103.09µm
net1487,103.09µm
net1815,103.09µm
net1056,103.04µm
_01579_,102.98µm
_02630_,102.68µm
digital_domain_inst.raw_edge1_x\[1\],102.68µm
net36,102.63µm
_02406_,102.53µm
digital_domain_inst.cfg_f_MEMS_fcw_y\[14\],102.53µm
net214,102.53µm
net815,102.53µm
net1657,102.53µm
_02390_,102.48µm
clknet_leaf_54_clk_regs,102.12µm
net591,102.02µm
net1743,102.02µm
net6,101.97µm
net199,101.97µm
net243,101.97µm
net1528,101.92µm
net2143,101.92µm
_01580_,101.69µm
_00974_,101.66µm
net219,101.56µm
_02116_,101.46µm
_02296_,101.46µm
net1607,101.46µm
_00850_,101.41µm
net947,101.41µm
net1997,101.41µm
digital_domain_inst.cfg_phase0_offset_x\[0\],100.95µm
net299,100.95µm
_01264_,100.9µm
net1524,100.9µm
net2097,100.9µm
_02133_,100.85µm
digital_domain_inst.spi_regs_inst.reg_wr_addr\[4\],100.85µm
net363,100.85µm
net1923,100.85µm
_02594_,100.8µm
_03792_,100.8µm
net177,100.8µm
net427,100.8µm
net1041,100.8µm
_00757_,100.44µm
net191,100.39µm
net1010,100.39µm
net1529,100.39µm
net502,100.34µm
net1029,100.34µm
_04197_,100.29µm
net822,100.29µm
net1488,100.29µm
net1694,100.29µm
net1859,100.29µm
_00612_,100.24µm
net1543,100.24µm
_01573_,99.83µm
digital_domain_inst.delay_wave_cycle_x\[7\],99.83µm
net881,99.83µm
_01467_,99.78µm
_01487_,99.78µm
net136,99.78µm
_00986_,99.73µm
_01185_,99.73µm
net153,99.73µm
net403,99.73µm
net693,99.73µm
net1134,99.73µm
_03647_,99.68µm
_03708_,99.68µm
_04080_,99.68µm
net1712,99.68µm
net1649,99.37µm
net548,99.27µm
_01484_,99.22µm
net927,99.22µm
_02266_,99.17µm
_02324_,99.17µm
_04010_,99.17µm
net607,99.17µm
net1462,99.17µm
net1996,99.12µm
_00593_,98.76µm
_01458_,98.76µm
digital_domain_inst.cfg_phase270_offset_x\[16\],98.76µm
_01720_,98.71µm
_00604_,98.66µm
_01585_,98.66µm
_01788_,98.66µm
_01559_,98.61µm
net28,98.61µm
net105,98.61µm
net242,98.61µm
net1172,98.61µm
_03100_,98.56µm
_04049_,98.56µm
digital_domain_inst.raw_edge2_x\[1\],98.56µm
_00816_,98.3µm
_02638_,98.2µm
_05653_,98.2µm
digital_domain_inst.raw_edge1_y\[3\],98.2µm
net274,98.15µm
net1191,98.15µm
_00797_,98.1µm
net801,98.1µm
net1751,98.1µm
_01596_,98.05µm
_02355_,98.05µm
net314,98.05µm
net327,98µm
net816,97.71µm
net1611,97.64µm
_00655_,97.59µm
net282,97.59µm
net1046,97.59µm
net1444,97.59µm
net2012,97.59µm
_02338_,97.54µm
net974,97.54µm
net1323,97.54µm
net1552,97.54µm
net1993,97.54µm
_00624_,97.49µm
digital_domain_inst.raw_edge1_y\[17\],97.49µm
net44,97.49µm
net281,97.49µm
net1968,97.21µm
_00672_,97.08µm
net1306,96.98µm
net1437,96.98µm
_01475_,96.93µm
_02800_,96.93µm
digital_domain_inst.cfg_phase90_offset_y\[4\],96.93µm
net1642,96.93µm
_01734_,96.88µm
_02651_,96.88µm
net464,96.47µm
net1132,96.42µm
net1973,96.42µm
_03068_,96.37µm
net420,96.37µm
net963,96.37µm
_03891_,96.32µm
_00821_,95.96µm
net2056,95.96µm
_00766_,95.91µm
net739,95.91µm
net1199,95.91µm
_01499_,95.81µm
_03834_,95.81µm
net1554,95.81µm
_01437_,95.76µm
_03591_,95.76µm
_04187_,95.76µm
digital_domain_inst.spi_regs_inst.sclk_d,95.45µm
_00680_,95.4µm
net830,95.35µm
net964,95.35µm
net967,95.35µm
_03571_,95.3µm
net32,95.3µm
net266,95.3µm
net455,95.3µm
net923,95.3µm
net1255,95.3µm
net1920,95.3µm
_00694_,95.25µm
_03922_,95.25µm
_04129_,95.25µm
_04151_,95.25µm
net61,95.25µm
net86,95.25µm
_02650_,95.2µm
_01457_,94.94µm
net1282,94.74µm
net1616,94.74µm
_01598_,94.69µm
net301,94.69µm
net342,94.69µm
net819,94.69µm
net1962,94.69µm
net722,94.64µm
net795,94.38µm
net471,94.18µm
net906,94.18µm
net1220,94.18µm
net1784,94.18µm
net1924,94.18µm
_00796_,94.13µm
net51,94.13µm
net603,94.13µm
net1776,94.13µm
net156,94.08µm
net1463,93.87µm
digital_domain_inst.wave_controller_y_inst.wave_cycle_cnt\[3\],93.77µm
net66,93.77µm
net680,93.72µm
_00818_,93.67µm
net1019,93.67µm
net441,93.62µm
net1277,93.62µm
net1398,93.62µm
net1430,93.62µm
net2071,93.62µm
_03713_,93.57µm
net935,93.57µm
_04050_,93.52µm
digital_domain_inst.raw_edge3_y\[13\],93.52µm
net264,93.52µm
net405,93.52µm
net1133,93.52µm
net49,93.34µm
net895,93.21µm
digital_domain_inst.wave_controller_y_inst.wave_cycle_cnt\[2\],93.16µm
net1685,93.16µm
_00798_,93.11µm
_03193_,93.11µm
_05751_,93.11µm
_00575_,93.06µm
net490,93.06µm
net519,93.06µm
net1679,93.06µm
_01386_,93.01µm
_02134_,93.01µm
digital_domain_inst.signal_processor_x_inst.comp_sync,93.01µm
digital_domain_inst.spi_regs_inst.rx_shift\[6\],93.01µm
net1585,93.01µm
net2103,93.01µm
net2123,93.01µm
_02336_,92.96µm
_03908_,92.96µm
net98,92.96µm
net655,92.7µm
digital_domain_inst.delay_wave_cycle_x\[5\],92.6µm
net885,92.6µm
_00854_,92.55µm
_03984_,92.55µm
net289,92.55µm
digital_domain_inst.wave_controller_x_inst.phase_acc\[7\],92.5µm
net393,92.5µm
net1577,92.5µm
_01564_,92.45µm
net1312,92.45µm
_00183_,92.4µm
_03617_,92.4µm
_03688_,92.4µm
digital_domain_inst.signal_processor_y_inst.cycle_count\[0\],92.32µm
_04281_,92.14µm
net273,91.99µm
net484,91.99µm
_02361_,91.94µm
digital_domain_inst.delay_wave_cycle_y\[6\],91.94µm
net469,91.94µm
net704,91.94µm
net1121,91.94µm
net324,91.89µm
net601,91.89µm
net824,91.89µm
net993,91.89µm
_01183_,91.84µm
_01557_,91.84µm
_02479_,91.84µm
_03592_,91.84µm
_05341_,91.84µm
net1119,91.84µm
net1473,91.58µm
net2090,91.48µm
digital_domain_inst.spi_regs_inst.mosi_sync\[1\],91.33µm
net38,91.33µm
net536,91.33µm
net565,91.33µm
_02478_,91.28µm
digital_domain_inst.cfg_f_MEMS_fcw_y\[7\],91.28µm
net696,91.28µm
net1832,91.28µm
net1800,90.92µm
net515,90.87µm
net1332,90.87µm
net1005,90.82µm
net1071,90.82µm
_02011_,90.77µm
_04071_,90.77µm
net188,90.77µm
net1367,90.77µm
net1823,90.77µm
_00627_,90.72µm
_02436_,90.72µm
net1120,90.72µm
net1675,90.72µm
net1778,90.72µm
net908,90.69µm
net878,90.26µm
net896,90.26µm
net1266,90.26µm
net1482,90.26µm
net1567,90.26µm
net1858,90.26µm
net1079,90.21µm
net1478,90.21µm
net1902,90.21µm
_03558_,90.16µm
_03604_,90.16µm
_04128_,90.16µm
net33,89.88µm
_00622_,89.85µm
net564,89.85µm
net1483,89.75µm
net309,89.7µm
net320,89.7µm
_04288_,89.6µm
net879,89.6µm
net1024,89.6µm
net794,89.33µm
net171,89.29µm
_00638_,89.24µm
net1448,89.24µm
_00829_,89.19µm
net120,89.19µm
net107,89.14µm
_01300_,89.09µm
_03005_,89.09µm
net1044,89.09µm
net1535,89.09µm
net1560,89.09µm
net1012,88.73µm
net24,88.68µm
net453,88.68µm
_02144_,88.63µm
digital_domain_inst.raw_edge1_y\[18\],88.63µm
digital_domain_inst.spi_regs_inst.rx_shift\[4\],88.63µm
net892,88.63µm
net1445,88.63µm
net1579,88.63µm
_02357_,88.58µm
_03605_,88.58µm
digital_domain_inst.signal_processor_x_inst.s90,88.58µm
net1466,88.58µm
_02280_,88.53µm
_03083_,88.53µm
digital_domain_inst.cfg_f_MEMS_fcw_x\[3\],88.53µm
net732,88.53µm
_01547_,88.48µm
_04179_,88.48µm
net566,88.48µm
_01739_,88.12µm
digital_domain_inst.cal_done_y,88.12µm
net140,88.12µm
net1174,88.12µm
_01471_,88.02µm
digital_domain_inst.raw_edge2_y\[9\],88.02µm
net132,88.02µm
net760,88.02µm
net1618,88.02µm
digital_domain_inst.cfg_phase0_offset_x\[4\],87.97µm
net659,87.97µm
net1885,87.97µm
_03156_,87.92µm
_04017_,87.92µm
net1811,87.92µm
_00682_,87.56µm
net34,87.56µm
_03093_,87.46µm
net646,87.46µm
net675,87.46µm
net1050,87.46µm
net1816,87.46µm
_03886_,87.41µm
_04309_,87.41µm
net418,87.41µm
net787,87.41µm
_01477_,87.36µm
digital_domain_inst.signal_processor_y_inst.s90_pipe\[3\],87.36µm
_00684_,86.95µm
_00961_,86.95µm
net769,86.95µm
_00750_,86.9µm
net833,86.9µm
_01383_,86.85µm
net465,86.85µm
_02665_,86.8µm
net1428,86.8µm
_01462_,86.44µm
digital_domain_inst.cfg_phase90_offset_x\[18\],86.39µm
_02740_,86.34µm
_03703_,86.34µm
net622,86.34µm
_00623_,86.29µm
_03504_,86.29µm
net1613,86.29µm
net1660,86.29µm
net1122,86.24µm
net1693,86.24µm
digital_domain_inst.raw_edge1_y\[1\],85.88µm
net1290,85.88µm
_00678_,85.83µm
net615,85.83µm
net1986,85.83µm
_02755_,85.78µm
net937,85.78µm
digital_domain_inst.wave_controller_x_inst.capture_step\[2\],85.73µm
net1157,85.73µm
net1506,85.73µm
net1915,85.73µm
digital_domain_inst.raw_edge2_x\[2\],85.7µm
_01127_,85.68µm
_03620_,85.68µm
net223,85.68µm
net761,85.68µm
net1891,85.68µm
net1995,85.68µm
net1103,85.27µm
net1388,85.27µm
net1909,85.27µm
_00641_,85.22µm
_03998_,85.22µm
net1368,85.22µm
net799,85.17µm
net1102,85.17µm
net401,85.12µm
net617,85.12µm
net2028,84.89µm
net1166,84.81µm
net1771,84.71µm
net1943,84.71µm
net2079,84.71µm
net900,84.66µm
net1608,84.66µm
_00820_,84.61µm
_01702_,84.61µm
_01555_,84.56µm
digital_domain_inst.cfg_phase90_offset_y\[11\],84.2µm
net21,84.2µm
net723,84.15µm
_01910_,84.1µm
net516,84.1µm
net1258,84.1µm
_02140_,84.05µm
_01599_,84µm
net1786,84µm
net1919,84µm
_00585_,83.74µm
net639,83.74µm
_02588_,83.69µm
net1824,83.69µm
net479,83.64µm
digital_domain_inst.cfg_phase270_offset_y\[11\],83.59µm
net978,83.59µm
_01470_,83.54µm
_03638_,83.54µm
net238,83.54µm
net315,83.54µm
_00882_,83.49µm
_01548_,83.49µm
_03067_,83.49µm
_01326_,83.44µm
_02432_,83.44µm
_03254_,83.44µm
_04205_,83.44µm
net694,83.44µm
net1427,83.44µm
net74,83.08µm
net454,83.08µm
_02476_,83.03µm
digital_domain_inst.delay_wave_cycle_y\[3\],83.03µm
net1026,83.03µm
net1595,82.98µm
net2047,82.98µm
net749,82.93µm
net1292,82.93µm
net1447,82.93µm
_03273_,82.88µm
_04251_,82.52µm
_01986_,82.47µm
net466,82.47µm
net674,82.47µm
net1027,82.47µm
net147,82.42µm
net1978,82.42µm
_01465_,82.37µm
_03578_,82.37µm
_00996_,82.32µm
_03986_,82.32µm
_04906_,82.32µm
net737,82.32µm
digital_domain_inst.signal_processor_y_inst.cycle_count\[1\],82.06µm
net62,81.96µm
net26,81.91µm
net70,81.86µm
net1129,81.86µm
net1317,81.86µm
_03698_,81.81µm
_04044_,81.81µm
_03507_,81.76µm
_04025_,81.76µm
net716,81.76µm
digital_domain_inst.wave_controller_y_inst.phase_acc\[13\],81.35µm
net632,81.35µm
net942,81.35µm
net1222,81.35µm
net1927,81.35µm
_00966_,81.3µm
_01740_,81.3µm
net159,81.3µm
net660,81.3µm
net1982,81.3µm
_03576_,81.25µm
digital_domain_inst.raw_edge1_x\[16\],81.25µm
net57,81.25µm
net217,81.25µm
net478,81.25µm
net1301,81.25µm
_04066_,81.2µm
_04075_,81.2µm
_05511_,81.2µm
net593,81.2µm
_02452_,80.79µm
_05773_,80.79µm
net919,80.79µm
_01055_,80.74µm
_03648_,80.74µm
_03651_,80.74µm
net329,80.69µm
net976,80.69µm
_02023_,80.64µm
_04081_,80.64µm
_00652_,80.46µm
net1981,80.23µm
_00755_,80.18µm
_02090_,80.18µm
digital_domain_inst.wave_controller_y_inst.phase_acc\[11\],80.18µm
net117,80.18µm
net448,80.18µm
net673,80.18µm
net779,80.18µm
net1470,80.18µm
_01512_,80.13µm
_02997_,80.13µm
digital_domain_inst.cfg_f_MEMS_fcw_x\[13\],80.13µm
digital_domain_inst.raw_edge2_x\[11\],80.13µm
net970,80.13µm
net1511,80.13µm
_03598_,80.08µm
_03979_,80.08µm
_04018_,80.08µm
net115,80.08µm
net854,80.08µm
net1261,80.08µm
net68,79.62µm
net1003,79.62µm
net83,79.57µm
net1550,79.57µm
_01586_,79.52µm
_04092_,79.52µm
digital_domain_inst.cfg_f_MEMS_fcw_x\[11\],79.52µm
net1820,79.52µm
net2004,79.52µm
clknet_1_1__leaf_clk,79.33µm
digital_domain_inst.wave_controller_x_inst.wave_cycle_cnt\[0\],79.16µm
digital_domain_inst.wave_controller_x_inst.wave_cycle_cnt\[6\],79.16µm
net581,79.06µm
net994,79.06µm
net1055,79.06µm
_00182_,79.01µm
_02589_,79.01µm
_02623_,79.01µm
_05689_,79.01µm
net293,79.01µm
net346,79.01µm
net551,79.01µm
net587,79.01µm
net890,79.01µm
net431,78.96µm
digital_domain_inst.cfg_phase0_offset_y\[15\],78.7µm
_00707_,78.65µm
net969,78.55µm
net1830,78.55µm
_02764_,78.5µm
net90,78.5µm
net250,78.5µm
net306,78.45µm
net1061,78.45µm
_03588_,78.4µm
net657,78.4µm
net1588,78.4µm
net916,78.27µm
_04076_,78.17µm
net1154,78.09µm
_00625_,78.04µm
_01493_,78.04µm
net283,78.04µm
net1089,78.04µm
digital_domain_inst.cfg_f_MEMS_fcw_x\[7\],77.99µm
net1373,77.94µm
_01538_,77.89µm
_02009_,77.89µm
_02418_,77.89µm
digital_domain_inst.wave_controller_y_inst.comp_sync0,77.89µm
net641,77.89µm
net1265,77.89µm
_02022_,77.84µm
_05332_,77.84µm
_03043_,77.53µm
_00654_,77.48µm
net1249,77.48µm
net121,77.43µm
_02163_,77.38µm
_03021_,77.38µm
net133,77.38µm
net1032,77.38µm
net1505,77.38µm
_00645_,77.33µm
_01327_,77.33µm
net1163,77.33µm
_01379_,77.28µm
net208,77.28µm
net411,77.28µm
net626,77.28µm
net803,77.28µm
net1517,77.28µm
_01958_,76.97µm
net609,76.92µm
net1921,76.87µm
_05726_,76.82µm
net368,76.82µm
net571,76.82µm
net772,76.82µm
net336,76.77µm
_00909_,76.72µm
_01535_,76.72µm
net1198,76.72µm
_02250_,76.31µm
_03892_,76.31µm
net1083,76.31µm
net1662,76.31µm
_02368_,76.28µm
_02098_,76.26µm
_04989_,76.26µm
_01659_,76.21µm
net1561,76.21µm
net1793,76.21µm
net707,76.16µm
net1760,76.16µm
_00580_,75.8µm
digital_domain_inst.raw_edge1_x\[14\],75.75µm
net762,75.75µm
net94,75.7µm
net353,75.7µm
net482,75.7µm
_03064_,75.65µm
digital_domain_inst.cfg_phase270_offset_y\[5\],75.65µm
net748,75.65µm
net742,75.6µm
net889,75.6µm
net1525,75.6µm
net2030,75.6µm
net530,75.29µm
net1192,75.24µm
_01604_,75.19µm
_02509_,75.19µm
net179,75.19µm
net351,75.19µm
net445,75.19µm
net1223,75.19µm
digital_domain_inst.spi_regs_inst.cs_n_sync,75.14µm
net332,75.14µm
net525,75.14µm
net678,75.14µm
net1516,75.14µm
net1586,75.14µm
net1682,75.14µm
_00779_,75.09µm
_01283_,75.09µm
_03226_,75.09µm
net785,75.09µm
net2115,75.09µm
_01679_,75.04µm
_02829_,75.04µm
_03436_,75.04µm
_04022_,75.04µm
_04637_,75.04µm
_05052_,75.04µm
net774,74.68µm
_00587_,74.63µm
digital_domain_inst.cfg_phase0_offset_x\[1\],74.58µm
net1933,74.58µm
net2091,74.58µm
_03031_,74.53µm
_03856_,74.53µm
digital_domain_inst.raw_edge2_y\[15\],74.53µm
net676,74.53µm
net2141,74.53µm
net1224,74.48µm
net2095,74.48µm
net766,74.17µm
digital_domain_inst.wave_controller_y_inst.phase_acc\[9\],74.02µm
net572,74.02µm
net1260,74.02µm
_00840_,73.97µm
_01197_,73.97µm
_01611_,73.97µm
net1009,73.97µm
net2133,73.97µm
_00610_,73.92µm
_02274_,73.92µm
net1957,73.92µm
net1335,73.66µm
digital_domain_inst.delay_wave_cycle_y\[7\],73.56µm
_04330_,73.51µm
net103,73.51µm
_00659_,73.46µm
_01336_,73.46µm
digital_domain_inst.signal_processor_x_inst.s270_pipe\[3\],73.46µm
digital_domain_inst.signal_processor_y_inst.s90,73.46µm
net1167,73.46µm
net1566,73.46µm
digital_domain_inst.cfg_phase90_offset_y\[13\],73.41µm
net123,73.41µm
net319,73.41µm
net483,73.41µm
net1097,73.41µm
net1918,73.41µm
net2011,73.41µm
net258,73.36µm
net422,73.36µm
net1320,73.36µm
net1416,73.36µm
_03531_,73.25µm
net1250,72.95µm
_02053_,72.9µm
digital_domain_inst.cfg_phase0_offset_x\[5\],72.9µm
net1534,72.9µm
net820,72.85µm
net1637,72.85µm
net1899,72.85µm
_00551_,72.8µm
_03950_,72.8µm
net85,72.8µm
net677,72.8µm
net1539,72.8µm
_03310_,72.49µm
digital_domain_inst.spi_regs_inst.bit_cnt\[2\],72.49µm
net902,72.49µm
net1465,72.44µm
_00830_,72.39µm
_00862_,72.39µm
_04196_,72.39µm
_04959_,72.39µm
_02370_,72.34µm
_02739_,72.34µm
digital_domain_inst.spi_regs_inst.rx_shift\[1\],72.34µm
net260,72.34µm
net735,72.34µm
net485,72.29µm
net703,72.29µm
net953,72.29µm
net1087,72.29µm
net1338,72.29µm
net1952,72.29µm
_03197_,72.24µm
_03589_,72.24µm
digital_domain_inst.delay_wave_cycle_y\[4\],72.24µm
net577,72.24µm
net268,72.01µm
net158,71.98µm
_00866_,71.88µm
_02508_,71.88µm
_04239_,71.83µm
net828,71.78µm
net1707,71.73µm
_01468_,71.68µm
_02339_,71.68µm
_03882_,71.68µm
net97,71.68µm
net573,71.68µm
_00666_,71.32µm
net547,71.32µm
net710,71.32µm
_04250_,71.27µm
net1963,71.27µm
_02380_,71.22µm
net2112,71.22µm
_00656_,71.17µm
_03397_,71.17µm
_03640_,71.17µm
_04245_,71.17µm
net92,71.17µm
net307,71.17µm
net335,71.17µm
net486,71.17µm
net668,71.17µm
net834,71.17µm
net1486,71.17µm
net2109,71.17µm
net155,70.76µm
_00851_,70.71µm
_03498_,70.71µm
digital_domain_inst.wave_controller_x_inst.phase_acc\[0\],70.66µm
net1314,70.66µm
_01184_,70.61µm
_01354_,70.61µm
net210,70.61µm
net246,70.61µm
net385,70.61µm
net447,70.61µm
net1733,70.61µm
net1967,70.61µm
_00540_,70.56µm
net767,70.56µm
net174,70.38µm
_00631_,70.35µm
net529,70.15µm
net1085,70.15µm
net1768,70.15µm
_00812_,70.1µm
_01422_,70.1µm
_04722_,70.1µm
net111,70.1µm
net137,70.1µm
net149,70.1µm
net131,70.05µm
net8,70µm
net1770,70µm
digital_domain_inst.signal_processor_y_inst.s90_valid,69.74µm
net938,69.69µm
_02087_,69.59µm
net903,69.59µm
net1574,69.59µm
_01906_,69.54µm
net898,69.54µm
net904,69.54µm
net998,69.54µm
_02959_,69.49µm
_03524_,69.49µm
_04214_,69.49µm
digital_domain_inst.raw_edge2_y\[0\],69.49µm
digital_domain_inst.spi_regs_inst.state_o\[0\],69.49µm
net1763,69.49µm
net2144,69.49µm
_04181_,69.44µm
_01235_,69.03µm
net990,69.03µm
net2016,69.03µm
_04036_,68.98µm
net204,68.98µm
net402,68.98µm
net625,68.98µm
_00878_,68.93µm
_01674_,68.93µm
_02069_,68.93µm
_02583_,68.93µm
_02939_,68.93µm
net45,68.93µm
net1769,68.93µm
net2034,68.93µm
_02637_,68.88µm
net207,68.88µm
net1558,68.88µm
net1620,68.88µm
net995,68.57µm
digital_domain_inst.wave_controller_y_inst.phase_acc\[2\],68.47µm
_00181_,68.42µm
_01644_,68.42µm
_02179_,68.42µm
_03239_,68.42µm
net911,68.42µm
net1200,68.42µm
net1729,68.42µm
net2005,68.42µm
net2111,68.42µm
clknet_leaf_15_clk_regs,68.42µm
_01056_,68.37µm
_02265_,68.37µm
_05013_,68.37µm
net290,68.37µm
_04136_,68.32µm
net959,68.14µm
net542,67.96µm
net664,67.96µm
net1994,67.96µm
net261,67.91µm
_00983_,67.86µm
_02208_,67.86µm
net55,67.86µm
_03245_,67.81µm
net552,67.81µm
net1900,67.81µm
net2009,67.81µm
_01405_,67.76µm
_03396_,67.76µm
net538,67.45µm
_02443_,67.3µm
_05669_,67.3µm
net1434,67.3µm
net1926,67.3µm
net1946,67.3µm
net1985,67.3µm
net2018,67.3µm
net2087,67.3µm
_02836_,67.25µm
_05410_,67.25µm
net1592,67.25µm
_00810_,67.2µm
_04908_,67.2µm
net557,67.2µm
net1159,67.2µm
net2138,67.2µm
net122,66.89µm
_00648_,66.79µm
_02816_,66.79µm
net461,66.79µm
net598,66.79µm
net2114,66.79µm
_00639_,66.69µm
digital_domain_inst.spi_regs_inst.rx_shift\[2\],66.69µm
net101,66.69µm
net423,66.69µm
net666,66.69µm
net1205,66.69µm
net539,66.28µm
digital_domain_inst.spi_regs_inst.reg_wr_addr\[5\],66.23µm
_01950_,66.18µm
_02941_,66.18µm
digital_domain_inst.raw_edge2_y\[20\],66.18µm
net705,66.18µm
net709,66.18µm
net778,66.18µm
net1216,66.18µm
_02626_,66.13µm
_02654_,66.13µm
_03152_,66.13µm
net1059,66.13µm
net1072,66.13µm
net1711,66.13µm
_03585_,66.08µm
_03954_,66.08µm
_03985_,66.08µm
net382,65.67µm
net719,65.67µm
_01537_,65.62µm
_01683_,65.62µm
_05011_,65.62µm
digital_domain_inst.raw_edge1_x\[6\],65.62µm
net642,65.62µm
net2023,65.62µm
_00884_,65.57µm
_00887_,65.57µm
_01773_,65.57µm
_01957_,65.57µm
net1882,65.57µm
net1911,65.57µm
_04911_,65.52µm
_05120_,65.52µm
net384,65.52µm
net2049,65.52µm
net951,65.11µm
net1874,65.11µm
net1912,65.11µm
net2119,65.11µm
_01200_,65.06µm
digital_domain_inst.cfg_f_MEMS_fcw_x\[6\],65.06µm
net190,64.96µm
net2055,64.96µm
_00586_,64.55µm
_00717_,64.55µm
_00963_,64.55µm
_02362_,64.5µm
_04295_,64.5µm
net41,64.5µm
net1397,64.5µm
net1594,64.5µm
_05267_,64.45µm
net1140,64.45µm
net1942,64.45µm
net2101,64.45µm
_00590_,64.4µm
_01274_,64.4µm
_01287_,64.4µm
net201,64.4µm
net365,64.4µm
_04246_,64.14µm
_00848_,64.04µm
net46,63.99µm
net1602,63.99µm
_02582_,63.94µm
_02887_,63.94µm
_03007_,63.94µm
net104,63.94µm
net326,63.89µm
net567,63.89µm
net1141,63.89µm
net1334,63.89µm
net1601,63.89µm
net2043,63.89µm
_04006_,63.84µm
_04083_,63.84µm
net370,63.84µm
net371,63.84µm
net1309,63.84µm
net2060,63.84µm
_04110_,63.61µm
_00667_,63.48µm
net915,63.48µm
_02841_,63.43µm
net75,63.43µm
net511,63.43µm
net2063,63.43µm
_00711_,63.38µm
_00788_,63.38µm
_02101_,63.38µm
_02585_,63.38µm
net64,63.38µm
net1144,63.38µm
net720,63.33µm
net1108,63.33µm
net1991,63.33µm
_01040_,63.28µm
_02129_,63.28µm
_02308_,63.28µm
_03577_,63.28µm
net681,63.02µm
_03327_,62.97µm
_02136_,62.92µm
_00541_,62.87µm
digital_domain_inst.spi_regs_inst.rx_shift\[0\],62.87µm
net1333,62.87µm
_01725_,62.82µm
_04515_,62.82µm
net1892,62.82µm
net1932,62.82µm
_00686_,62.77µm
_03980_,62.77µm
_04238_,62.77µm
_04240_,62.77µm
net157,62.77µm
net233,62.77µm
net310,62.77µm
net813,62.77µm
net2094,62.77µm
_03988_,62.72µm
_05748_,62.72µm
net1940,62.72µm
net141,62.36µm
net126,62.31µm
net2086,62.31µm
_01670_,62.26µm
net1837,62.26µm
_01057_,62.21µm
_02359_,62.21µm
net112,62.21µm
net1934,62.21µm
net2069,62.21µm
_01353_,62.16µm
net119,62.16µm
net407,62.16µm
net790,62.16µm
net1386,62.16µm
net1571,62.16µm
net272,61.75µm
net2085,61.75µm
_03492_,61.7µm
digital_domain_inst.cfg_f_MEMS_fcw_x\[8\],61.7µm
net910,61.7µm
net1156,61.7µm
net1481,61.7µm
net1936,61.7µm
clknet_leaf_53_clk_regs,61.7µm
_01240_,61.65µm
net1903,61.65µm
net2014,61.65µm
net2083,61.65µm
_04872_,61.6µm
net1742,61.6µm
net509,61.24µm
digital_domain_inst.wave_controller_y_inst.wave_cycle_cnt\[5\],61.19µm
net1484,61.19µm
_00596_,61.14µm
_01529_,61.14µm
_01741_,61.14µm
net1104,61.14µm
net1170,61.14µm
net1949,61.14µm
net1990,61.14µm
net2008,61.14µm
_00646_,61.09µm
_04681_,61.09µm
_05020_,61.09µm
net1088,61.09µm
_00847_,61.04µm
_02024_,61.04µm
_02984_,61.04µm
_03661_,61.04µm
_05550_,61.04µm
net446,61.04µm
_01532_,60.73µm
net166,60.73µm
net650,60.68µm
net682,60.68µm
net637,60.63µm
net688,60.63µm
net1285,60.63µm
net1310,60.63µm
_01874_,60.58µm
_02571_,60.58µm
net205,60.58µm
net1208,60.58µm
_02099_,60.53µm
_02596_,60.53µm
_03154_,60.53µm
_03514_,60.53µm
net202,60.53µm
net1171,60.53µm
net1494,60.53µm
_04448_,60.5µm
net16,60.48µm
net114,60.48µm
net888,60.12µm
_03520_,60.07µm
net164,60.07µm
_00579_,60.02µm
net597,60.02µm
net893,60.02µm
net952,60.02µm
_04376_,59.97µm
net392,59.97µm
net1123,59.97µm
net1160,59.97µm
net1615,59.97µm
net1908,59.97µm
net2108,59.97µm
_03432_,59.92µm
_03874_,59.92µm
_02151_,59.51µm
_03444_,59.51µm
_05234_,59.51µm
_01688_,59.46µm
net746,59.46µm
net1082,59.46µm
_01693_,59.41µm
_01887_,59.41µm
_02300_,59.41µm
_02636_,59.41µm
_03897_,59.41µm
net333,59.41µm
net1161,59.41µm
net1950,59.41µm
net221,59.36µm
net1128,59.36µm
net60,59µm
_00630_,58.95µm
_00822_,58.95µm
_05048_,58.95µm
net836,58.95µm
net2120,58.95µm
_01528_,58.9µm
_02115_,58.9µm
_02278_,58.9µm
_03565_,58.9µm
net636,58.9µm
_00670_,58.85µm
_03697_,58.85µm
_03895_,58.85µm
_04029_,58.85µm
net531,58.85µm
net956,58.85µm
net1937,58.85µm
net563,58.8µm
net213,58.44µm
_03210_,58.39µm
_04298_,58.39µm
_00705_,58.34µm
_05347_,58.34µm
net182,58.34µm
net362,58.34µm
net768,58.34µm
_03564_,58.29µm
net1696,58.29µm
net1829,58.29µm
net2062,58.29µm
_00762_,58.24µm
_01322_,58.24µm
_01334_,58.24µm
_01582_,58.24µm
net1898,58.24µm
digital_domain_inst.signal_processor_x_inst.cycle_count\[0\],57.93µm
net765,57.88µm
net1262,57.88µm
_03187_,57.83µm
net2025,57.83µm
_00284_,57.78µm
_04328_,57.78µm
_05722_,57.78µm
net1883,57.78µm
_01843_,57.73µm
_02152_,57.73µm
_02379_,57.73µm
_03582_,57.73µm
_03923_,57.73µm
_04124_,57.73µm
_04201_,57.73µm
_04329_,57.73µm
digital_domain_inst.wave_controller_x_inst.phase_acc\[10\],57.73µm
_04008_,57.68µm
net134,57.68µm
_02820_,57.32µm
digital_domain_inst.delay_wave_cycle_y\[5\],57.32µm
_02457_,57.27µm
net93,57.27µm
net1979,57.27µm
_01684_,57.22µm
_01960_,57.22µm
_02093_,57.22µm
net88,57.22µm
net240,57.22µm
net1392,57.22µm
net2029,57.22µm
_01027_,57.17µm
_01461_,57.17µm
_03050_,57.17µm
digital_domain_inst.spi_regs_inst.reg_wr_addr\[0\],57.17µm
net797,57.17µm
net2010,57.17µm
_01245_,57.12µm
_01451_,57.12µm
net1485,57.12µm
_01269_,56.89µm
_03039_,56.81µm
_02871_,56.76µm
net1431,56.71µm
net1913,56.71µm
_01301_,56.66µm
digital_domain_inst.wave_controller_x_inst.phase_acc\[17\],56.66µm
net770,56.66µm
net1322,56.66µm
net1785,56.66µm
net2105,56.66µm
_01945_,56.61µm
_02146_,56.61µm
_03258_,56.61µm
_03453_,56.61µm
_04917_,56.61µm
net1864,56.61µm
net1953,56.61µm
_01330_,56.56µm
_02077_,56.56µm
net1518,56.56µm
net1276,56.25µm
net1565,56.2µm
_00970_,56.15µm
net1467,56.15µm
net1980,56.15µm
_01946_,56.1µm
_01987_,56.1µm
_02592_,56.1µm
_05374_,56.1µm
net87,56.1µm
net2015,56.1µm
_01883_,56.05µm
_02431_,56.05µm
_03391_,56.05µm
_05012_,56.05µm
digital_domain_inst.spi_regs_inst.bit_cnt\[0\],56.05µm
digital_domain_inst.wave_controller_x_inst.phase_acc\[8\],56.05µm
_01036_,56µm
_04159_,56µm
_03739_,55.64µm
_03155_,55.59µm
net736,55.59µm
_02617_,55.54µm
_02819_,55.54µm
net1826,55.54µm
_00741_,55.49µm
_01544_,55.49µm
_03243_,55.49µm
_03438_,55.49µm
_03615_,55.49µm
digital_domain_inst.wave_controller_y_inst.comp_sync1,55.49µm
net1461,55.49µm
net1714,55.49µm
_00817_,55.44µm
_01129_,55.44µm
_03699_,55.44µm
net1590,55.44µm
_02458_,55.23µm
_01302_,55.08µm
net1221,55.08µm
_00602_,55.03µm
_01901_,55.03µm
_02915_,55.03µm
_03073_,55.03µm
_01681_,54.98µm
digital_domain_inst.signal_processor_x_inst.s90_valid,54.98µm
_01195_,54.93µm
_01754_,54.93µm
_03429_,54.93µm
_04079_,54.93µm
digital_domain_inst.cfg_f_MEMS_fcw_y\[4\],54.93µm
digital_domain_inst.raw_edge2_y\[19\],54.93µm
digital_domain_inst.signal_processor_x_inst.cycle_count\[2\],54.93µm
net172,54.93µm
net305,54.93µm
net1538,54.93µm
_01525_,54.88µm
_04874_,54.88µm
net25,54.88µm
net695,54.88µm
net1686,54.88µm
_04661_,54.52µm
_01912_,54.47µm
digital_domain_inst.cfg_phase0_offset_y\[13\],54.47µm
net271,54.47µm
net507,54.47µm
_00828_,54.42µm
_01044_,54.42µm
net570,54.42µm
net1881,54.42µm
_01259_,54.37µm
_01517_,54.37µm
_02039_,54.37µm
_02733_,54.37µm
_02782_,54.37µm
_03740_,54.37µm
_05755_,54.37µm
net163,54.37µm
net1387,54.37µm
net1692,54.37µm
net1893,54.37µm
net1896,54.37µm
_00719_,54.32µm
_02294_,54.32µm
net1580,54.32µm
net2081,54.32µm
net544,54.01µm
net1324,53.96µm
_02316_,53.91µm
_03394_,53.91µm
digital_domain_inst.wave_controller_x_inst.wave_cycle_cnt\[1\],53.91µm
net1371,53.91µm
net1988,53.91µm
_00827_,53.86µm
_01347_,53.86µm
_02700_,53.86µm
_02856_,53.86µm
net151,53.86µm
net152,53.86µm
net195,53.86µm
net1610,53.86µm
_00706_,53.81µm
_01370_,53.81µm
_02497_,53.81µm
_02926_,53.81µm
net2070,53.81µm
_02166_,53.76µm
_02489_,53.76µm
_05501_,53.76µm
net144,53.76µm
net877,53.76µm
net1004,53.5µm
net1501,53.4µm
_00802_,53.35µm
_00976_,53.35µm
_02604_,53.35µm
_03414_,53.35µm
net2052,53.35µm
_00992_,53.3µm
net1904,53.3µm
_00626_,53.25µm
_03868_,53.25µm
_03924_,53.25µm
net1006,53.25µm
net1493,53.25µm
net2121,53.25µm
_04122_,53.2µm
_04686_,53.2µm
net669,53.2µm
net711,53.2µm
net1876,53.2µm
net1871,52.89µm
digital_domain_inst.signal_processor_x_inst.cycle_count\[1\],52.84µm
_02850_,52.79µm
_03538_,52.79µm
net359,52.79µm
net1745,52.79µm
_00875_,52.74µm
_01711_,52.74µm
_04030_,52.74µm
_04665_,52.74µm
_04712_,52.74µm
_04807_,52.74µm
net436,52.74µm
net663,52.74µm
_01784_,52.69µm
_01801_,52.69µm
_01804_,52.69µm
_02847_,52.69µm
_05770_,52.69µm
net962,52.69µm
net1604,52.69µm
_01309_,52.64µm
_02678_,52.64µm
_03671_,52.64µm
net809,52.64µm
_02525_,52.23µm
net753,52.23µm
net1013,52.23µm
net2044,52.23µm
net806,52.18µm
net1213,52.18µm
_00980_,52.13µm
_01199_,52.13µm
_01666_,52.13µm
_01859_,52.13µm
_03263_,52.13µm
net463,52.13µm
net851,52.13µm
net1504,52.13µm
net1791,52.13µm
_00647_,52.08µm
_02472_,52.08µm
_03433_,52.08µm
_05772_,52.08µm
net48,52.08µm
net138,52.08µm
net2038,52.08µm
_01380_,51.8µm
_02064_,51.72µm
net96,51.72µm
_00789_,51.67µm
_02028_,51.67µm
_04862_,51.67µm
net991,51.67µm
net667,51.62µm
net1316,51.62µm
net1384,51.62µm
net2065,51.62µm
_01237_,51.57µm
_01243_,51.57µm
_01423_,51.57µm
digital_domain_inst.raw_edge1_y\[4\],51.57µm
digital_domain_inst.spi_regs_inst.reg_wr_addr\[1\],51.57µm
net2007,51.57µm
_01610_,51.52µm
_02384_,51.52µm
_03252_,51.52µm
_04009_,51.52µm
net2092,51.52µm
_02914_,51.11µm
_01306_,51.06µm
_01469_,51.06µm
_03528_,51.06µm
net2022,51.06µm
_00597_,51.01µm
_02217_,51.01µm
_02353_,51.01µm
_02973_,51.01µm
_03049_,51.01µm
_04478_,51.01µm
_04623_,51.01µm
_04695_,51.01µm
_05714_,51.01µm
net460,51.01µm
_01139_,50.96µm
_01848_,50.96µm
net352,50.96µm
net2054,50.96µm
net2098,50.96µm
_01066_,50.5µm
_02978_,50.5µm
_03311_,50.5µm
net2113,50.5µm
net2131,50.5µm
_00561_,50.45µm
_00761_,50.45µm
_02413_,50.45µm
_05742_,50.45µm
net95,50.45µm
net825,50.45µm
net1433,50.45µm
_04145_,50.4µm
_04826_,50.4µm
_03480_,49.99µm
_05046_,49.99µm
net777,49.99µm
net1564,49.99µm
net1941,49.99µm
net2045,49.99µm
_02183_,49.94µm
_05385_,49.94µm
net1799,49.94µm
_03869_,49.89µm
_04711_,49.89µm
net1296,49.89µm
net2088,49.89µm
_00744_,49.84µm
_02181_,49.84µm
net1078,49.84µm
net1137,49.84µm
digital_domain_inst.spi_regs_inst.rx_shift\[3\],49.66µm
_04486_,49.53µm
_03256_,49.48µm
net2031,49.48µm
net2040,49.48µm
_00594_,49.43µm
_04290_,49.38µm
_05191_,49.38µm
net236,49.38µm
net1031,49.38µm
net1965,49.38µm
_02218_,49.33µm
_02775_,49.33µm
_03883_,49.33µm
net829,49.33µm
net1054,49.33µm
_01317_,49.28µm
_01480_,49.28µm
_01625_,49.28µm
net868,49.28µm
net1034,49.28µm
_02842_,48.92µm
_02295_,48.87µm
_03010_,48.87µm
_03611_,48.87µm
_05207_,48.87µm
_01819_,48.82µm
net165,48.82µm
net2050,48.82µm
_00560_,48.77µm
_00765_,48.77µm
_03395_,48.77µm
_04107_,48.77µm
_04261_,48.77µm
_05003_,48.77µm
digital_domain_inst.wave_controller_x_inst.cal_burst_armed,48.77µm
_02258_,48.72µm
_02283_,48.72µm
_04172_,48.72µm
net569,48.72µm
_02546_,48.36µm
_02153_,48.26µm
_03365_,48.26µm
net1081,48.26µm
net1435,48.26µm
net2082,48.26µm
_02814_,48.21µm
_03117_,48.21µm
_03636_,48.21µm
_04045_,48.21µm
net649,48.21µm
net1767,48.21µm
net2024,48.21µm
_05327_,48.16µm
net2068,48.16µm
_03584_,47.99µm
_02963_,47.8µm
_00825_,47.75µm
_02347_,47.75µm
_05672_,47.75µm
net1708,47.75µm
_01648_,47.7µm
_04289_,47.7µm
net1945,47.7µm
net1947,47.7µm
net2032,47.7µm
_01095_,47.65µm
_01444_,47.65µm
_03180_,47.65µm
net118,47.65µm
net1956,47.65µm
net2067,47.65µm
net2104,47.65µm
_01518_,47.6µm
_01886_,47.6µm
_04137_,47.6µm
_05200_,47.6µm
_05563_,47.6µm
net491,47.6µm
net1015,47.6µm
net1907,47.6µm
_03202_,47.24µm
net102,47.24µm
net1492,47.19µm
_00543_,47.14µm
_01196_,47.14µm
_01774_,47.14µm
_01842_,47.14µm
_02541_,47.14µm
_04650_,47.14µm
digital_domain_inst.wave_controller_x_inst.phase_acc\[4\],47.14µm
net1901,47.14µm
_00582_,47.09µm
_01706_,47.09µm
_03424_,47.09µm
_05242_,47.09µm
digital_domain_inst.signal_processor_y_inst.comp_sync,47.09µm
net1365,47.09µm
_00894_,47.04µm
_01132_,47.04µm
_02469_,47.04µm
_04086_,47.04µm
_04127_,47.04µm
_04633_,47.04µm
digital_domain_inst.spi_regs_inst.spi_addr\[5\],47.04µm
net543,47.04µm
net1002,47.04µm
_02843_,46.68µm
_03200_,46.68µm
_00584_,46.63µm
_02427_,46.63µm
_03003_,46.63µm
_04985_,46.63µm
net1319,46.63µm
net1905,46.63µm
_01620_,46.58µm
_01738_,46.58µm
_02561_,46.58µm
_03752_,46.58µm
digital_domain_inst.wave_controller_x_inst.wave_cycle_cnt\[3\],46.58µm
net254,46.58µm
net771,46.58µm
_01565_,46.53µm
_02451_,46.53µm
_04243_,46.53µm
net918,46.53µm
net928,46.53µm
_01364_,46.48µm
_02121_,46.48µm
_02595_,46.48µm
_03242_,46.48µm
_04005_,46.48µm
net683,46.48µm
net2066,46.48µm
net31,46.35µm
_05402_,46.17µm
_03510_,46.12µm
_02610_,46.07µm
net106,46.07µm
net1727,46.07µm
_01985_,46.02µm
_02046_,46.02µm
_02091_,46.02µm
_02855_,46.02µm
_03075_,46.02µm
_04676_,46.02µm
net510,46.02µm
_00643_,45.97µm
_00872_,45.97µm
_01449_,45.97µm
_01545_,45.97µm
_01854_,45.97µm
_02095_,45.97µm
_02925_,45.97µm
_03857_,45.97µm
net183,45.97µm
net203,45.97µm
net613,45.97µm
net1598,45.97µm
net1987,45.97µm
_00722_,45.92µm
_00953_,45.92µm
_01947_,45.92µm
_02656_,45.92µm
_03266_,45.92µm
_03844_,45.92µm
_04517_,45.92µm
_04715_,45.92µm
_04808_,45.92µm
_05642_,45.92µm
net1060,45.92µm
_00930_,45.64µm
_04267_,45.61µm
_04673_,45.51µm
digital_domain_inst.signal_processor_y_inst.cycle_count\[3\],45.51µm
digital_domain_inst.wave_controller_x_inst.phase_acc\[1\],45.51µm
net369,45.51µm
net540,45.51µm
_00920_,45.46µm
_02103_,45.46µm
_02289_,45.46µm
_05666_,45.46µm
net1512,45.46µm
_00555_,45.41µm
_00799_,45.41µm
_01949_,45.41µm
_03279_,45.41µm
_04849_,45.41µm
_04978_,45.41µm
digital_domain_inst.cfg_f_MEMS_fcw_y\[15\],45.41µm
digital_domain_inst.latch_phase270_x,45.41µm
net554,45.41µm
_02068_,45.36µm
_02616_,45.36µm
_03219_,45.36µm
_03624_,45.36µm
_04999_,45.36µm
net633,45.36µm
_02402_,45.1µm
_00668_,44.95µm
_02737_,44.95µm
_03417_,44.95µm
_05232_,44.95µm
net989,44.95µm
_00794_,44.9µm
_01731_,44.9µm
_02314_,44.9µm
_02607_,44.9µm
_03458_,44.9µm
digital_domain_inst.wave_controller_y_inst.phase_acc\[1\],44.9µm
net541,44.9µm
net1415,44.9µm
net2080,44.9µm
_01846_,44.85µm
_02080_,44.85µm
_02164_,44.85µm
_02694_,44.85µm
_02795_,44.85µm
_03745_,44.85µm
_04011_,44.85µm
_04204_,44.85µm
_04337_,44.85µm
net714,44.85µm
net972,44.85µm
net1018,44.85µm
net1090,44.85µm
_01533_,44.8µm
_04446_,44.8µm
_05545_,44.8µm
net805,44.8µm
net1559,44.8µm
clknet_leaf_60_clk_regs,44.8µm
_01539_,44.39µm
_03194_,44.39µm
_04523_,44.39µm
_05383_,44.39µm
_05617_,44.39µm
net197,44.39µm
net831,44.39µm
net1207,44.39µm
_01621_,44.34µm
_03823_,44.34µm
_04655_,44.34µm
digital_domain_inst.raw_edge1_y\[20\],44.34µm
net1992,44.34µm
_00429_,44.29µm
_00783_,44.29µm
_02822_,44.29µm
_03511_,44.29µm
_04052_,44.29µm
_04327_,44.29µm
digital_domain_inst.raw_edge3_x\[18\],44.29µm
digital_domain_inst.wave_controller_y_inst.ds_acc\[2\],44.29µm
net440,44.29µm
net671,44.29µm
net786,44.29µm
_01133_,44.24µm
_04106_,44.24µm
_04883_,44.24µm
_04890_,44.24µm
net1668,44.24µm
_03126_,43.93µm
_01823_,43.88µm
_04660_,43.88µm
_01935_,43.83µm
_02088_,43.83µm
_03024_,43.83µm
digital_domain_inst.wave_controller_y_inst.ds_acc\[3\],43.83µm
net752,43.83µm
_02259_,43.78µm
_02568_,43.78µm
_03940_,43.78µm
_04297_,43.78µm
_04402_,43.78µm
_04499_,43.78µm
net1914,43.78µm
_03354_,43.73µm
_03411_,43.73µm
_04480_,43.73µm
_04729_,43.73µm
_05665_,43.73µm
net1865,43.73µm
net2132,43.73µm
_00413_,43.68µm
_01355_,43.68µm
_02386_,43.68µm
_02608_,43.68µm
_03668_,43.68µm
_04012_,43.68µm
_04620_,43.68µm
net665,43.68µm
net1960,43.68µm
_00629_,43.42µm
_05177_,43.32µm
net745,43.32µm
net1873,43.27µm
net2129,43.27µm
_00664_,43.22µm
_01351_,43.22µm
_01652_,43.22µm
_02597_,43.22µm
_02708_,43.22µm
_05373_,43.22µm
_05674_,43.22µm
net568,43.22µm
_01923_,43.17µm
_02401_,43.17µm
_03633_,43.17µm
_04654_,43.17µm
net412,43.17µm
net775,43.17µm
net1109,43.17µm
net1977,43.17µm
_01002_,43.12µm
_01003_,43.12µm
_01325_,43.12µm
_01696_,43.12µm
_02057_,43.12µm
_03925_,43.12µm
_03927_,43.12µm
net1442,43.12µm
net37,42.76µm
_01653_,42.71µm
_01506_,42.66µm
_03525_,42.66µm
net1379,42.66µm
net1906,42.66µm
_01361_,42.61µm
_01479_,42.61µm
_02599_,42.61µm
_02786_,42.61µm
_04802_,42.61µm
net154,42.61µm
net1948,42.61µm
_01012_,42.56µm
_03091_,42.56µm
_03677_,42.56µm
_04199_,42.56µm
_04869_,42.56µm
_05023_,42.56µm
_02823_,42.53µm
_00583_,42.15µm
_01758_,42.15µm
_02239_,42.15µm
_04615_,42.15µm
_01751_,42.1µm
_02840_,42.1µm
_05403_,42.1µm
net1515,42.1µm
net2042,42.1µm
net2110,42.1µm
_00009_,42.05µm
_01717_,42.05µm
_01933_,42.05µm
_03379_,42.05µm
_03419_,42.05µm
_03619_,42.05µm
_04679_,42.05µm
_05662_,42.05µm
digital_domain_inst.wave_controller_x_inst.ds_acc\[1\],42.05µm
digital_domain_inst.wave_controller_y_inst.phase_acc\[20\],42.05µm
net192,42.05µm
net1647,42.05µm
net2053,42.05µm
_01645_,42µm
_02201_,42µm
_03425_,42µm
_03568_,42µm
_04494_,42µm
_04876_,42µm
_03385_,41.69µm
_04241_,41.69µm
_01647_,41.64µm
_04242_,41.59µm
_05196_,41.59µm
digital_domain_inst.spi_regs_inst.tx_shift\[1\],41.59µm
_01844_,41.54µm
_03736_,41.54µm
_03785_,41.54µm
_03847_,41.54µm
_04308_,41.54µm
_05218_,41.54µm
_05375_,41.54µm
_05419_,41.54µm
net434,41.54µm
net477,41.54µm
net2027,41.54µm
net2096,41.54µm
_00723_,41.49µm
_00870_,41.49µm
_01813_,41.49µm
_01952_,41.49µm
_01966_,41.49µm
_02119_,41.49µm
_02524_,41.49µm
_02858_,41.49µm
_02870_,41.49µm
_02937_,41.49µm
_04696_,41.49µm
net296,41.49µm
net537,41.49µm
net1454,41.49µm
net1572,41.49µm
net2003,41.49µm
_00947_,41.44µm
_02209_,41.44µm
_03532_,41.44µm
_03601_,41.44µm
_03687_,41.44µm
_05634_,41.44µm
digital_domain_inst.soft_rst,41.44µm
net1593,41.44µm
_04706_,41.13µm
digital_domain_inst.raw_edge1_x\[15\],41.08µm
_01643_,41.03µm
_03418_,41.03µm
_05001_,41.03µm
_02082_,40.98µm
_02555_,40.98µm
_03011_,40.98µm
_03290_,40.98µm
_05718_,40.98µm
net198,40.98µm
net1084,40.98µm
net2118,40.98µm
_03664_,40.93µm
_03858_,40.93µm
_04498_,40.93µm
_04817_,40.93µm
net1318,40.93µm
_01201_,40.88µm
_01429_,40.88µm
_03412_,40.88µm
_03997_,40.88µm
net672,40.88µm
net1989,40.88µm
_02516_,40.57µm
_02423_,40.47µm
_02569_,40.47µm
_03805_,40.47µm
net545,40.47µm
net1469,40.47µm
_01655_,40.42µm
_01876_,40.42µm
_02922_,40.42µm
_02980_,40.42µm
_03014_,40.42µm
_05094_,40.42µm
_05655_,40.42µm
digital_domain_inst.delay_wave_cycle_y\[1\],40.42µm
net913,40.42µm
_00227_,40.37µm
_00932_,40.37µm
_01616_,40.37µm
_03081_,40.37µm
_03257_,40.37µm
_03313_,40.37µm
_03400_,40.37µm
_04200_,40.37µm
_04393_,40.37µm
_04475_,40.37µm
_04698_,40.37µm
net1925,40.37µm
net2039,40.37µm
_00634_,40.32µm
_03497_,40.32µm
_04878_,40.32µm
_05317_,40.32µm
_05498_,40.32µm
net1025,40.32µm
_04984_,39.96µm
_04642_,39.91µm
net89,39.91µm
net2124,39.91µm
_01924_,39.86µm
_02126_,39.86µm
_03019_,39.86µm
_04827_,39.86µm
_00716_,39.81µm
_02110_,39.81µm
_04051_,39.81µm
_04801_,39.81µm
net372,39.81µm
net1897,39.81µm
_01360_,39.76µm
_03190_,39.76µm
_03372_,39.76µm
_03382_,39.76µm
_03769_,39.76µm
_04504_,39.76µm
net1877,39.76µm
net2134,39.76µm
_02346_,39.53µm
_02946_,39.45µm
_03004_,39.4µm
_02156_,39.35µm
net1229,39.35µm
_00903_,39.3µm
_02403_,39.3µm
_02879_,39.3µm
_04675_,39.3µm
net1603,39.3µm
net2099,39.3µm
net2102,39.3µm
_02176_,39.25µm
_02718_,39.25µm
_03299_,39.25µm
_04904_,39.25µm
_05209_,39.25µm
net78,39.25µm
_00180_,39.2µm
_01542_,39.2µm
_02113_,39.2µm
_02976_,39.2µm
_05500_,39.2µm
_02673_,38.84µm
_03104_,38.84µm
_01875_,38.79µm
_03236_,38.79µm
_03939_,38.79µm
_04482_,38.79µm
_00803_,38.74µm
_03055_,38.74µm
_03172_,38.74µm
_03824_,38.74µm
net1145,38.74µm
_03118_,38.69µm
_03783_,38.69µm
_05431_,38.69µm
digital_domain_inst.spi_regs_inst.reg_wr_data\[7\],38.69µm
digital_domain_inst.spi_regs_inst.tx_shift\[6\],38.69µm
net891,38.69µm
net1894,38.69µm
net2041,38.69µm
_00764_,38.64µm
_00867_,38.64µm
_01064_,38.64µm
_01424_,38.64µm
_01664_,38.64µm
_01668_,38.64µm
_03628_,38.64µm
_04691_,38.64µm
_04828_,38.64µm
_05063_,38.64µm
_05723_,38.64µm
net113,38.64µm
_00787_,38.23µm
_03629_,38.23µm
net2064,38.23µm
_01037_,38.18µm
_01376_,38.18µm
_02986_,38.18µm
_03016_,38.18µm
_04157_,38.18µm
net2126,38.18µm
_00773_,38.13µm
_01054_,38.13µm
_01716_,38.13µm
_02441_,38.13µm
digital_domain_inst.raw_edge2_y\[13\],38.13µm
net1514,38.13µm
_00849_,38.08µm
_02128_,38.08µm
_02710_,38.08µm
_03092_,38.08µm
_04085_,38.08µm
_01059_,37.72µm
_01663_,37.72µm
net175,37.72µm
_00531_,37.67µm
_00889_,37.67µm
_01830_,37.67µm
_02802_,37.67µm
_01029_,37.62µm
_02815_,37.62µm
_03142_,37.62µm
_03301_,37.62µm
_03761_,37.62µm
_05251_,37.62µm
digital_domain_inst.wave_controller_x_inst.ds_acc\[2\],37.62µm
digital_domain_inst.wave_controller_y_inst.cal_burst_active,37.62µm
net624,37.62µm
_00981_,37.57µm
_01048_,37.57µm
_01136_,37.57µm
_01504_,37.57µm
_01678_,37.57µm
_02056_,37.57µm
_02104_,37.57µm
_02560_,37.57µm
_04804_,37.57µm
net546,37.57µm
net1280,37.57µm
net2136,37.57µm
_00811_,37.52µm
_02869_,37.52µm
net4,37.52µm
net1164,37.52µm
_00760_,37.11µm
_00824_,37.11µm
_01448_,37.11µm
_01896_,37.11µm
_02672_,37.11µm
_02784_,37.11µm
_05216_,37.11µm
_05370_,37.11µm
net2059,37.11µm
_02862_,37.06µm
_03328_,37.06µm
_04231_,37.06µm
net187,37.06µm
net374,37.06µm
net670,37.06µm
_01617_,37.01µm
_01636_,37.01µm
net1605,37.01µm
net2127,37.01µm
_00774_,36.96µm
_00939_,36.96µm
_02450_,36.96µm
_03241_,36.96µm
_05442_,36.96µm
net588,36.96µm
_03250_,36.68µm
_00839_,36.55µm
net1403,36.55µm
net1446,36.55µm
_01724_,36.5µm
_01944_,36.5µm
_02141_,36.5µm
_02579_,36.5µm
_02704_,36.5µm
_02975_,36.5µm
_03401_,36.5µm
_03843_,36.5µm
net1790,36.5µm
net1939,36.5µm
_00657_,36.45µm
_00990_,36.45µm
_02510_,36.45µm
_02828_,36.45µm
_02899_,36.45µm
_03238_,36.45µm
digital_domain_inst.wave_controller_y_inst.phase_acc\[4\],36.45µm
net496,36.45µm
net1110,36.45µm
net2084,36.45µm
_02991_,36.4µm
_04158_,36.4µm
_00959_,35.99µm
_03413_,35.99µm
_05353_,35.99µm
_05719_,35.99µm
_02108_,35.94µm
_02518_,35.94µm
_02715_,35.94µm
_02793_,35.94µm
_03781_,35.94µm
net1143,35.94µm
_00173_,35.89µm
_01513_,35.89µm
_02043_,35.89µm
_02373_,35.89µm
_02629_,35.89µm
_02974_,35.89µm
_03282_,35.89µm
_03298_,35.89µm
_05730_,35.89µm
net550,35.89µm
_01665_,35.84µm
_04285_,35.84µm
_05372_,35.84µm
digital_domain_inst.wave_controller_x_inst.cal_burst_active,35.84µm
net612,35.84µm
net1165,35.84µm
_01690_,35.43µm
_03124_,35.43µm
_04463_,35.43µm
net1890,35.43µm
_01398_,35.38µm
_01626_,35.38µm
_02016_,35.38µm
_02769_,35.38µm
_02790_,35.38µm
_03105_,35.38µm
_03177_,35.38µm
_03324_,35.38µm
_03727_,35.38µm
_03929_,35.38µm
_05659_,35.38µm
digital_domain_inst.spi_regs_inst.tx_shift\[3\],35.38µm
net1270,35.38µm
_01587_,35.33µm
_01877_,35.33µm
_01965_,35.33µm
_02074_,35.33µm
_03110_,35.33µm
_02557_,35.28µm
_02593_,35.28µm
_03896_,35.28µm
net2130,35.28µm
_01618_,34.87µm
_02094_,34.87µm
_02846_,34.87µm
net1337,34.87µm
_02421_,34.82µm
_02898_,34.82µm
_03203_,34.82µm
_03350_,34.82µm
_05398_,34.82µm
_00876_,34.77µm
_00937_,34.77µm
_00994_,34.77µm
_02634_,34.77µm
_02725_,34.77µm
_02945_,34.77µm
_03133_,34.77µm
_03166_,34.77µm
_03575_,34.77µm
_05412_,34.77µm
digital_domain_inst.signal_processor_x_inst.cycle_count\[3\],34.77µm
net20,34.77µm
net1331,34.77µm
net1591,34.77µm
_00553_,34.72µm
_00945_,34.72µm
_01397_,34.72µm
_01427_,34.72µm
_02785_,34.72µm
_02845_,34.72µm
_02852_,34.72µm
_03201_,34.72µm
_03679_,34.72µm
_03737_,34.72µm
_03793_,34.72µm
_03909_,34.72µm
_04217_,34.72µm
net1366,34.72µm
_00972_,34.36µm
_00893_,34.31µm
_00964_,34.31µm
_01855_,34.31µm
_02759_,34.31µm
_02953_,34.31µm
net1944,34.31µm
_02002_,34.26µm
_02107_,34.26µm
_02194_,34.26µm
_03376_,34.26µm
_04244_,34.26µm
_04274_,34.26µm
_04717_,34.26µm
_05179_,34.26µm
_05414_,34.26µm
_05429_,34.26µm
digital_domain_inst.signal_processor_y_inst.cycle_count\[2\],34.26µm
net229,34.26µm
net528,34.26µm
net1378,34.26µm
net1563,34.26µm
_01255_,34.21µm
_01574_,34.21µm
_01713_,34.21µm
_01778_,34.21µm
_01980_,34.21µm
_02734_,34.21µm
_02808_,34.21µm
_03292_,34.21µm
_03788_,34.21µm
_04248_,34.21µm
_04294_,34.21µm
_04474_,34.21µm
_04694_,34.21µm
_05043_,34.21µm
_05163_,34.21µm
_05212_,34.21µm
_05649_,34.21µm
net231,34.21µm
net1263,34.21µm
_00539_,34.16µm
_00651_,34.16µm
_03866_,34.16µm
_04226_,34.16µm
_05546_,34.16µm
_01218_,33.8µm
_02605_,33.8µm
_03168_,33.8µm
_05211_,33.8µm
net1377,33.8µm
_01660_,33.75µm
_04263_,33.75µm
net1048,33.75µm
_01016_,33.7µm
_02162_,33.7µm
_02304_,33.7µm
_02705_,33.7µm
_03074_,33.7µm
_03990_,33.7µm
_04451_,33.7µm
_04664_,33.7µm
_04669_,33.7µm
net1376,33.7µm
net1414,33.7µm
net1959,33.7µm
_01217_,33.65µm
_01918_,33.65µm
_02211_,33.65µm
_02350_,33.65µm
_02662_,33.65µm
_02863_,33.65µm
_02875_,33.65µm
_04616_,33.65µm
_05450_,33.65µm
_00515_,33.6µm
_01181_,33.6µm
_01976_,33.6µm
_03047_,33.6µm
_03966_,33.6µm
_04540_,33.6µm
_04916_,33.6µm
_04939_,33.6µm
net358,33.6µm
net438,33.6µm
net713,33.6µm
net2021,33.6µm
_03349_,33.24µm
_00784_,33.19µm
_00786_,33.19µm
_02692_,33.19µm
digital_domain_inst.latch_phase90_x,33.19µm
net1151,33.19µm
net1385,33.19µm
_00823_,33.14µm
_01692_,33.14µm
_02591_,33.14µm
_04276_,33.14µm
net1954,33.14µm
_01359_,33.09µm
_01863_,33.09µm
_02981_,33.09µm
_03278_,33.09µm
_03360_,33.09µm
_03470_,33.09µm
_03596_,33.09µm
_03766_,33.09µm
_04477_,33.09µm
_04810_,33.09µm
_04967_,33.09µm
_05168_,33.09µm
_05667_,33.09µm
net1471,33.09µm
_01527_,33.04µm
_01872_,33.04µm
_02765_,33.04µm
_03286_,33.04µm
_03297_,33.04µm
_03384_,33.04µm
_04325_,33.04µm
_04564_,33.04µm
_05115_,33.04µm
_05732_,33.04µm
digital_domain_inst.signal_processor_y_inst.cnt_out\[2\],33.04µm
net180,33.04µm
net2048,33.04µm
_01822_,32.63µm
_00636_,32.58µm
_00856_,32.58µm
_00906_,32.58µm
_01881_,32.58µm
_02014_,32.58µm
_02157_,32.58µm
_02433_,32.58µm
_04530_,32.58µm
_05195_,32.58µm
net167,32.58µm
net500,32.58µm
net1063,32.58µm
net2122,32.58µm
_00957_,32.53µm
_01882_,32.53µm
_02169_,32.53µm
_02385_,32.53µm
_03131_,32.53µm
_03381_,32.53µm
_03555_,32.53µm
_03777_,32.53µm
_05230_,32.53µm
net628,32.53µm
net2128,32.53µm
_01006_,32.48µm
_01067_,32.48µm
_01230_,32.48µm
_02936_,32.48µm
_03300_,32.48µm
_03765_,32.48µm
_03987_,32.48µm
_04210_,32.48µm
_04621_,32.48µm
_04703_,32.48µm
_01808_,32.17µm
_01791_,32.12µm
_02272_,32.07µm
_03461_,32.07µm
_04971_,32.07µm
digital_domain_inst.wave_controller_y_inst.phase_acc\[16\],32.07µm
_02231_,32.02µm
_02606_,32.02µm
_02690_,32.02µm
_03078_,32.02µm
_03832_,32.02µm
_04518_,32.02µm
net1889,32.02µm
_01260_,31.97µm
_01292_,31.97µm
_01680_,31.97µm
_02111_,31.97µm
_02165_,31.97µm
_03264_,31.97µm
_03833_,31.97µm
_04264_,31.97µm
_04509_,31.97µm
_05171_,31.97µm
_05368_,31.97µm
digital_domain_inst.wave_controller_y_inst.phase_acc\[12\],31.97µm
net549,31.97µm
net1599,31.97µm
net1922,31.97µm
net2137,31.97µm
_02185_,31.92µm
_02462_,31.92µm
_03658_,31.92µm
_03796_,31.92µm
_03894_,31.92µm
_03959_,31.92µm
_04632_,31.92µm
_04704_,31.92µm
_05382_,31.92µm
_05582_,31.92µm
net773,31.92µm
_03448_,31.61µm
_03763_,31.61µm
_01703_,31.51µm
_03808_,31.51µm
_04461_,31.51µm
net1139,31.51µm
net1500,31.51µm
_01186_,31.46µm
_01349_,31.46µm
_01614_,31.46µm
_02536_,31.46µm
_03248_,31.46µm
_03346_,31.46µm
_03609_,31.46µm
_03839_,31.46µm
_03846_,31.46µm
_04268_,31.46µm
_04487_,31.46µm
_04497_,31.46µm
_04701_,31.46µm
net100,31.46µm
net526,31.46µm
net527,31.46µm
_00050_,31.41µm
_01977_,31.41µm
_02439_,31.41µm
_02683_,31.41µm
_03972_,31.41µm
_04973_,31.41µm
_05388_,31.41µm
_05636_,31.41µm
digital_domain_inst.wave_controller_y_inst.ds_acc\[7\],31.41µm
net288,31.41µm
net505,31.41µm
net708,31.41µm
net1147,31.41µm
net1958,31.41µm
_02343_,31.36µm
_03618_,31.36µm
_04937_,31.36µm
_05254_,31.36µm
digital_domain_inst.latch_error_x,31.36µm
net194,31µm
net679,31µm
_02804_,30.95µm
_02807_,30.95µm
_03057_,30.95µm
_04865_,30.95µm
digital_domain_inst.signal_processor_x_inst.cnt_in\[0\],30.95µm
_00592_,30.9µm
_02721_,30.9µm
_03150_,30.9µm
_04041_,30.9µm
_04508_,30.9µm
_05731_,30.9µm
digital_domain_inst.raw_edge3_y\[16\],30.9µm
_01631_,30.85µm
_01662_,30.85µm
_01833_,30.85µm
_02025_,30.85µm
_02256_,30.85µm
_02435_,30.85µm
_02952_,30.85µm
_03001_,30.85µm
_03304_,30.85µm
_03693_,30.85µm
_05201_,30.85µm
digital_domain_inst.wave_controller_x_inst.capture_step\[0\],30.85µm
digital_domain_inst.wave_controller_x_inst.ds_acc\[7\],30.85µm
net2140,30.85µm
_00048_,30.8µm
_00912_,30.8µm
_00918_,30.8µm
_00984_,30.8µm
_04040_,30.8µm
_05128_,30.8µm
_05240_,30.8µm
_05394_,30.8µm
digital_domain_inst.signal_processor_x_inst.cnt_out\[0\],30.8µm
net2026,30.8µm
_00635_,30.39µm
_01250_,30.39µm
_01276_,30.39µm
_02228_,30.39µm
_02927_,30.39µm
_03527_,30.39µm
_04972_,30.39µm
_05036_,30.39µm
_05710_,30.39µm
digital_domain_inst.wave_controller_y_inst.capture_step\[2\],30.39µm
_00698_,30.34µm
_01401_,30.34µm
_02117_,30.34µm
_03260_,30.34µm
digital_domain_inst.cfg_phase270_offset_y\[13\],30.34µm
_01190_,30.29µm
_02066_,30.29µm
_02394_,30.29µm
_03163_,30.29µm
_03563_,30.29µm
_03586_,30.29µm
_03733_,30.29µm
_03989_,30.29µm
_04301_,30.29µm
_05027_,30.29µm
_05058_,30.29µm
net1080,30.29µm
net1880,30.29µm
_01154_,30.24µm
_01446_,30.24µm
_01482_,30.24µm
_01761_,30.24µm
_02050_,30.24µm
_02545_,30.24µm
_04278_,30.24µm
_05706_,30.24µm
_02618_,29.88µm
net1569,29.88µm
_00793_,29.83µm
_01782_,29.83µm
_02722_,29.83µm
_04678_,29.83µm
_05616_,29.83µm
_01208_,29.78µm
_01697_,29.78µm
_02547_,29.78µm
_02821_,29.78µm
_02931_,29.78µm
_03025_,29.78µm
_03040_,29.78µm
_03306_,29.78µm
_03336_,29.78µm
_04770_,29.78µm
_05345_,29.78µm
digital_domain_inst.latch_phase90_y,29.78µm
net480,29.78µm
net687,29.78µm
_00859_,29.73µm
_00998_,29.73µm
_01411_,29.73µm
_02486_,29.73µm
_02527_,29.73µm
_02532_,29.73µm
_03774_,29.73µm
_04467_,29.73µm
_05087_,29.73µm
_05623_,29.73µm
net2000,29.73µm
_01627_,29.68µm
_01698_,29.68µm
_02566_,29.68µm
_02587_,29.68µm
_02881_,29.68µm
_03684_,29.68µm
_03689_,29.68µm
_03707_,29.68µm
_03960_,29.68µm
_04254_,29.68µm
_04998_,29.68µm
_05743_,29.68µm
_01858_,29.27µm
_00842_,29.22µm
_01060_,29.22µm
_01203_,29.22µm
_01220_,29.22µm
_01438_,29.22µm
_01861_,29.22µm
_02293_,29.22µm
_02442_,29.22µm
_02603_,29.22µm
_02714_,29.22µm
_03232_,29.22µm
_04689_,29.22µm
digital_domain_inst.wave_controller_x_inst.wave_cycle_cnt\[5\],29.22µm
_00455_,29.17µm
_01395_,29.17µm
_01780_,29.17µm
_01847_,29.17µm
_01979_,29.17µm
_02160_,29.17µm
_02354_,29.17µm
_03162_,29.17µm
_04323_,29.17µm
_04511_,29.17µm
_05010_,29.17µm
_05644_,29.17µm
net135,29.17µm
net897,29.17µm
net936,29.17µm
net1857,29.17µm
net2061,29.17µm
_00838_,29.12µm
_00860_,29.12µm
_00968_,29.12µm
_01404_,29.12µm
_01523_,29.12µm
_01781_,29.12µm
_03029_,29.12µm
_03898_,29.12µm
_04256_,29.12µm
_04803_,29.12µm
_01763_,28.76µm
_02680_,28.76µm
digital_domain_inst.signal_processor_x_inst.s90_pipe\[3\],28.76µm
_02118_,28.71µm
_03204_,28.71µm
_03374_,28.71µm
digital_domain_inst.signal_processor_x_inst.cnt_out\[2\],28.71µm
digital_domain_inst.spi_regs_inst.tx_shift\[0\],28.71µm
net468,28.71µm
_01613_,28.66µm
_02459_,28.66µm
_04682_,28.66µm
_05198_,28.66µm
net1584,28.66µm
_00194_,28.61µm
_01204_,28.61µm
_01241_,28.61µm
_01581_,28.61µm
_01675_,28.61µm
_01771_,28.61µm
_02191_,28.61µm
_03288_,28.61µm
_03347_,28.61µm
_03888_,28.61µm
_04117_,28.61µm
_04306_,28.61µm
_04607_,28.61µm
_04638_,28.61µm
digital_domain_inst.cfg_f_MEMS_fcw_y\[3\],28.61µm
_01120_,28.56µm
_02601_,28.56µm
_02698_,28.56µm
_02796_,28.56µm
_03445_,28.56µm
_04284_,28.56µm
_04394_,28.56µm
_04453_,28.56µm
_05050_,28.56µm
_05395_,28.56µm
_05432_,28.56µm
_02653_,28.35µm
_01995_,28.2µm
_01685_,28.15µm
_03935_,28.15µm
_00971_,28.1µm
_01628_,28.1µm
_01727_,28.1µm
_02216_,28.1µm
_03249_,28.1µm
_03335_,28.1µm
_05222_,28.1µm
digital_domain_inst.spi_regs_inst.state_o\[2\],28.1µm
net116,28.1µm
_00640_,28.05µm
_00900_,28.05µm
_01028_,28.05µm
_01853_,28.05µm
_01984_,28.05µm
_02061_,28.05µm
_02255_,28.05µm
_02833_,28.05µm
_03240_,28.05µm
_03798_,28.05µm
_03819_,28.05µm
_04283_,28.05µm
_05488_,28.05µm
_00879_,28µm
_00931_,28µm
_02214_,28µm
_02298_,28µm
_03485_,28µm
_03556_,28µm
_03920_,28µm
_04123_,28µm
_04198_,28µm
_04449_,28µm
_04526_,28µm
_05044_,28µm
_02226_,27.64µm
_05729_,27.59µm
net249,27.59µm
_01074_,27.54µm
_02461_,27.54µm
_02602_,27.54µm
_03035_,27.54µm
_03285_,27.54µm
_03289_,27.54µm
_03632_,27.54µm
_03728_,27.54µm
_03746_,27.54µm
_04469_,27.54µm
_05355_,27.54µm
net513,27.54µm
net1069,27.54µm
_00469_,27.49µm
_01053_,27.49µm
_01228_,27.49µm
_02225_,27.49µm
_02381_,27.49µm
_02996_,27.49µm
_03167_,27.49µm
_03383_,27.49µm
_04260_,27.49µm
_04796_,27.49µm
_04897_,27.49µm
_05497_,27.49µm
digital_domain_inst.wave_controller_y_inst.phase_acc\[14\],27.49µm
net754,27.49µm
net1076,27.49µm
net1281,27.49µm
net1402,27.49µm
_00289_,27.44µm
_01119_,27.44µm
_01146_,27.44µm
_01710_,27.44µm
_02262_,27.44µm
_02397_,27.44µm
_02913_,27.44µm
_04161_,27.44µm
_04614_,27.44µm
_05134_,27.44µm
_05436_,27.44µm
net76,27.44µm
_01888_,27.08µm
_02865_,27.08µm
_04685_,27.08µm
_02147_,27.03µm
_00905_,26.98µm
_01047_,26.98µm
_01796_,26.98µm
_02230_,26.98µm
_02306_,26.98µm
_02577_,26.98µm
_02774_,26.98µm
_03535_,26.98µm
_03884_,26.98µm
_05228_,26.98µm
net691,26.98µm
_00010_,26.93µm
_01004_,26.93µm
_01385_,26.93µm
_01589_,26.93µm
_01766_,26.93µm
_01779_,26.93µm
_01911_,26.93µm
_02042_,26.93µm
_02097_,26.93µm
_02985_,26.93µm
_03054_,26.93µm
_03660_,26.93µm
_03942_,26.93µm
_04762_,26.93µm
_04834_,26.93µm
_04866_,26.93µm
_05178_,26.93µm
_05486_,26.93µm
_05657_,26.93µm
digital_domain_inst.spi_regs_inst.tx_shift\[4\],26.93µm
digital_domain_inst.wave_controller_x_inst.cal_burst_count\[0\],26.93µm
_00283_,26.88µm
_00304_,26.88µm
_00519_,26.88µm
_02533_,26.88µm
_03463_,26.88µm
_04312_,26.88µm
_04593_,26.88µm
_04617_,26.88µm
_05219_,26.88µm
_05226_,26.88µm
net1218,26.88µm
_01981_,26.6µm
_04313_,26.52µm
_02523_,26.47µm
_02761_,26.47µm
_03319_,26.47µm
_05389_,26.47µm
_01367_,26.42µm
_01651_,26.42µm
_01897_,26.42µm
_02792_,26.42µm
_02916_,26.42µm
_03305_,26.42µm
_04485_,26.42µm
_05238_,26.42µm
_05390_,26.42µm
_05675_,26.42µm
net784,26.42µm
net1136,26.42µm
_00412_,26.37µm
_00704_,26.37µm
_01601_,26.37µm
_01745_,26.37µm
_01831_,26.37µm
_01867_,26.37µm
_02195_,26.37µm
_02399_,26.37µm
_02539_,26.37µm
_02619_,26.37µm
_02745_,26.37µm
_02880_,26.37µm
_03121_,26.37µm
_03199_,26.37µm
_03626_,26.37µm
_03797_,26.37µm
_03931_,26.37µm
_04286_,26.37µm
_04512_,26.37µm
_05176_,26.37µm
_05381_,26.37µm
_05455_,26.37µm
_05589_,26.37µm
net442,26.37µm
net2006,26.37µm
_00124_,26.32µm
_02065_,26.32µm
_02085_,26.32µm
_02173_,26.32µm
_02206_,26.32µm
_02781_,26.32µm
_02832_,26.32µm
_02857_,26.32µm
_03724_,26.32µm
_03981_,26.32µm
_04753_,26.32µm
_05181_,26.32µm
_05324_,26.32µm
_05494_,26.32µm
digital_domain_inst.wave_controller_x_inst.ds_acc\[6\],26.32µm
net437,26.32µm
net2107,26.32µm
_02013_,25.96µm
_02810_,25.96µm
_00941_,25.91µm
_00982_,25.91µm
_01622_,25.91µm
_01902_,25.91µm
_02655_,25.91µm
_02884_,25.91µm
_03529_,25.91µm
_04720_,25.91µm
net1336,25.91µm
_00572_,25.86µm
_01188_,25.86µm
_01864_,25.86µm
_01905_,25.86µm
_01964_,25.86µm
_03731_,25.86µm
_03787_,25.86µm
_04507_,25.86µm
_05165_,25.86µm
_05318_,25.86µm
_05376_,25.86µm
digital_domain_inst.spi_regs_inst.bit_cnt\[1\],25.86µm
net826,25.86µm
net2135,25.86µm
_00557_,25.81µm
_01904_,25.81µm
_02167_,25.81µm
_02213_,25.81µm
_02691_,25.81µm
_02958_,25.81µm
_03361_,25.81µm
_04162_,25.81µm
_04279_,25.81µm
_04390_,25.81µm
_04809_,25.81µm
_05274_,25.81µm
digital_domain_inst.raw_edge1_x\[4\],25.81µm
digital_domain_inst.wave_controller_x_inst.cal_burst_count\[1\],25.81µm
net212,25.81µm
net975,25.81µm
_00202_,25.76µm
_00703_,25.76µm
_01144_,25.76µm
_01316_,25.76µm
_01743_,25.76µm
_02109_,25.76µm
_02205_,25.76µm
_02391_,25.76µm
_02928_,25.76µm
_03650_,25.76µm
_04125_,25.76µm
_04293_,25.76µm
_05320_,25.76µm
net807,25.76µm
_02052_,25.35µm
_04974_,25.35µm
digital_domain_inst.wave_controller_x_inst.phase_acc\[20\],25.35µm
_00836_,25.3µm
_01873_,25.3µm
_02264_,25.3µm
_03144_,25.3µm
_03389_,25.3µm
_03393_,25.3µm
_03945_,25.3µm
_04527_,25.3µm
_05025_,25.3µm
net304,25.3µm
net2046,25.3µm
_02063_,25.25µm
_02424_,25.25µm
_02647_,25.25µm
_02767_,25.25µm
_02864_,25.25µm
_03473_,25.25µm
_04060_,25.25µm
_04265_,25.25µm
_04589_,25.25µm
_04653_,25.25µm
_04705_,25.25µm
_04710_,25.25µm
_04775_,25.25µm
_05654_,25.25µm
digital_domain_inst.spi_regs_inst.reg_wr_addr\[6\],25.25µm
net176,25.25µm
net1105,25.25µm
_00001_,25.2µm
_02260_,25.2µm
_02285_,25.2µm
_03380_,25.2µm
_03541_,25.2µm
_03928_,25.2µm
_04490_,25.2µm
_04813_,25.2µm
_04868_,25.2µm
digital_domain_inst.raw_edge2_x\[9\],25.2µm
digital_domain_inst.spi_regs_inst.spi_addr\[3\],25.2µm
net124,25.2µm
digital_domain_inst.raw_edge1_x\[2\],25.14µm
_03261_,24.84µm
_03810_,24.84µm
net253,24.84µm
_00853_,24.79µm
_01211_,24.74µm
_03015_,24.74µm
_03170_,24.74µm
_03262_,24.74µm
_03627_,24.74µm
_04586_,24.74µm
_04645_,24.74µm
_04651_,24.74µm
digital_domain_inst.wave_controller_y_inst.cal_burst_count\[0\],24.74µm
_00039_,24.69µm
_00045_,24.69µm
_00053_,24.69µm
_01691_,24.69µm
_01748_,24.69µm
_01816_,24.69µm
_01971_,24.69µm
_02440_,24.69µm
_02468_,24.69µm
_02753_,24.69µm
_02894_,24.69µm
_02919_,24.69µm
_03208_,24.69µm
_03362_,24.69µm
_03992_,24.69µm
_04047_,24.69µm
_04224_,24.69µm
_04389_,24.69µm
_04667_,24.69µm
_05406_,24.69µm
digital_domain_inst.spi_regs_inst.reg_wr_data\[5\],24.69µm
net1931,24.69µm
_00193_,24.64µm
_01329_,24.64µm
_02271_,24.64µm
_03213_,24.64µm
_03431_,24.64µm
_05081_,24.64µm
_05215_,24.64µm
_05262_,24.64µm
_05595_,24.64µm
_04538_,24.28µm
_04658_,24.28µm
_00880_,24.23µm
_01202_,24.23µm
_01399_,24.23µm
_02580_,24.23µm
_03378_,24.23µm
_04470_,24.23µm
net1162,24.23µm
_00792_,24.18µm
_01772_,24.18µm
_01821_,24.18µm
_02076_,24.18µm
_02124_,24.18µm
_02499_,24.18µm
_02624_,24.18µm
_02746_,24.18µm
_03530_,24.18µm
_04528_,24.18µm
_05369_,24.18µm
_05746_,24.18µm
net738,24.18µm
net954,24.18µm
_00431_,24.13µm
_00458_,24.13µm
_01249_,24.13µm
_01505_,24.13µm
_02032_,24.13µm
_02089_,24.13µm
_02438_,24.13µm
_03151_,24.13µm
_03225_,24.13µm
_03371_,24.13µm
_03666_,24.13µm
_04257_,24.13µm
_04352_,24.13µm
_04630_,24.13µm
_05007_,24.13µm
_05047_,24.13µm
_05258_,24.13µm
_05391_,24.13µm
digital_domain_inst.wave_controller_y_inst.cal_burst_armed,24.13µm
_00251_,24.08µm
_00306_,24.08µm
_00493_,24.08µm
_00521_,24.08µm
_01431_,24.08µm
_02038_,24.08µm
_02813_,24.08µm
_02960_,24.08µm
_03451_,24.08µm
_04035_,24.08µm
_04119_,24.08µm
_04429_,24.08µm
_04460_,24.08µm
_05259_,24.08µm
_05286_,24.08µm
_05640_,24.08µm
_01915_,23.72µm
_03018_,23.72µm
net439,23.72µm
_05225_,23.67µm
net435,23.67µm
_00925_,23.62µm
_01179_,23.62µm
_01619_,23.62µm
_01829_,23.62µm
_03462_,23.62µm
_03778_,23.62µm
_03782_,23.62µm
_03889_,23.62µm
_04273_,23.62µm
_04554_,23.62µm
_05422_,23.62µm
net692,23.62µm
net1399,23.62µm
net1606,23.62µm
_00759_,23.57µm
_01030_,23.57µm
_01134_,23.57µm
_01310_,23.57µm
_01416_,23.57µm
_01658_,23.57µm
_01845_,23.57µm
_02071_,23.57µm
_02105_,23.57µm
_02171_,23.57µm
_02223_,23.57µm
_02540_,23.57µm
_02893_,23.57µm
_02904_,23.57µm
_03052_,23.57µm
_03340_,23.57µm
_03452_,23.57µm
_03655_,23.57µm
_04033_,23.57µm
_04405_,23.57µm
_04782_,23.57µm
_05202_,23.57µm
_05339_,23.57µm
_05380_,23.57µm
net1573,23.57µm
net2057,23.57µm
_00993_,23.52µm
_01145_,23.52µm
_01265_,23.52µm
_01990_,23.52µm
_02736_,23.52µm
_02955_,23.52µm
_03323_,23.52µm
_03472_,23.52µm
_04247_,23.52µm
_04316_,23.52µm
_05316_,23.52µm
_05399_,23.52µm
_03835_,23.29µm
_01695_,23.16µm
_02245_,23.16µm
_00995_,23.11µm
_01642_,23.11µm
_02005_,23.11µm
_05361_,23.11µm
_00805_,23.06µm
_01231_,23.06µm
_01392_,23.06µm
_01442_,23.06µm
_01940_,23.06µm
_02917_,23.06µm
_03930_,23.06µm
_04520_,23.06µm
_05418_,23.06µm
_05733_,23.06µm
net997,23.06µm
_02172_,23.01µm
_02244_,23.01µm
_02269_,23.01µm
_02528_,23.01µm
_02827_,23.01µm
_03137_,23.01µm
_04366_,23.01µm
_04442_,23.01µm
_04977_,23.01µm
_05393_,23.01µm
digital_domain_inst.raw_edge2_x\[7\],23.01µm
net894,23.01µm
_01130_,22.96µm
_01344_,22.96µm
_01511_,22.96µm
_02204_,22.96µm
_02369_,22.96µm
_02426_,22.96µm
_02496_,22.96µm
_02799_,22.96µm
_03182_,22.96µm
_03434_,22.96µm
_04108_,22.96µm
_04280_,22.96µm
_04317_,22.96µm
_04995_,22.96µm
_05192_,22.96µm
_05325_,22.96µm
_05724_,22.96µm
_04992_,22.73µm
_01834_,22.55µm
_02434_,22.55µm
_02615_,22.55µm
_03625_,22.55µm
_00456_,22.5µm
_00845_,22.5µm
_01291_,22.5µm
_01333_,22.5µm
_01365_,22.5µm
_02123_,22.5µm
_02148_,22.5µm
_02859_,22.5µm
_03030_,22.5µm
_03277_,22.5µm
_03410_,22.5µm
_03657_,22.5µm
_04594_,22.5µm
_04733_,22.5µm
_05022_,22.5µm
_05224_,22.5µm
_05750_,22.5µm
net1495,22.5µm
net2058,22.5µm
_00352_,22.45µm
_01023_,22.45µm
_01161_,22.45µm
_01348_,22.45µm
_01390_,22.45µm
_01909_,22.45µm
_02222_,22.45µm
_02466_,22.45µm
_02614_,22.45µm
_03094_,22.45µm
_03109_,22.45µm
_03207_,22.45µm
_03231_,22.45µm
_03343_,22.45µm
_03831_,22.45µm
_03926_,22.45µm
_04315_,22.45µm
_04785_,22.45µm
_05197_,22.45µm
_05328_,22.45µm
net717,22.45µm
net1762,22.45µm
_00550_,22.4µm
_00917_,22.4µm
_01749_,22.4µm
_01916_,22.4µm
_02092_,22.4µm
_02149_,22.4µm
_02411_,22.4µm
_03314_,22.4µm
_03645_,22.4µm
_03801_,22.4µm
_04356_,22.4µm
_04560_,22.4µm
_04806_,22.4µm
_05619_,22.4µm
_05740_,22.4µm
_00960_,22.04µm
_03455_,22.04µm
_03751_,21.99µm
_04491_,21.99µm
_01031_,21.94µm
_02247_,21.94µm
_02883_,21.94µm
_02977_,21.94µm
_03037_,21.94µm
_03386_,21.94µm
_04112_,21.94µm
_04731_,21.94µm
_05182_,21.94µm
net535,21.94µm
net1230,21.94µm
_00198_,21.89µm
_00335_,21.89µm
_01271_,21.89µm
_01817_,21.89µm
_02299_,21.89µm
_02455_,21.89µm
_02685_,21.89µm
_03079_,21.89µm
_03280_,21.89µm
_03409_,21.89µm
_03776_,21.89µm
_04089_,21.89µm
_04102_,21.89µm
_04146_,21.89µm
_04148_,21.89µm
_04466_,21.89µm
_04991_,21.89µm
_05019_,21.89µm
_05071_,21.89µm
digital_domain_inst.wave_controller_x_inst.comp_sync4,21.89µm
net1011,21.89µm
net1146,21.89µm
_00224_,21.84µm
_00353_,21.84µm
_00435_,21.84µm
_01124_,21.84µm
_01164_,21.84µm
_01456_,21.84µm
_01650_,21.84µm
_02062_,21.84µm
_02224_,21.84µm
_02315_,21.84µm
_02709_,21.84µm
_03369_,21.84µm
_03735_,21.84µm
_04020_,21.84µm
_04253_,21.84µm
_04443_,21.84µm
_04489_,21.84µm
_04684_,21.84µm
_04798_,21.84µm
_04836_,21.84µm
_05006_,21.84µm
_05009_,21.84µm
_05030_,21.84µm
_05387_,21.84µm
_05435_,21.84µm
_05495_,21.84µm
_05575_,21.84µm
_05607_,21.84µm
digital_domain_inst.signal_processor_x_inst.cnt_in\[3\],21.84µm
net1841,21.84µm
_03373_,21.43µm
_03741_,21.43µm
_04255_,21.43µm
_00771_,21.38µm
_01270_,21.38µm
_01768_,21.38µm
_02035_,21.38µm
_02078_,21.38µm
_02236_,21.38µm
_02487_,21.38µm
_02891_,21.38µm
_03544_,21.38µm
_03549_,21.38µm
_04177_,21.38µm
_04456_,21.38µm
_04677_,21.38µm
_01757_,21.33µm
_01973_,21.33µm
_02677_,21.33µm
_02732_,21.33µm
_03071_,21.33µm
_03198_,21.33µm
_03216_,21.33µm
_03755_,21.33µm
_04488_,21.33µm
_04613_,21.33µm
_04792_,21.33µm
_04942_,21.33µm
_05024_,21.33µm
_05708_,21.33µm
net858,21.33µm
net1028,21.33µm
net1570,21.33µm
net1750,21.33µm
net2051,21.33µm
_00191_,21.28µm
_00864_,21.28µm
_01346_,21.28µm
_01591_,21.28µm
_01715_,21.28µm
_02340_,21.28µm
_02512_,21.28µm
_02749_,21.28µm
_02763_,21.28µm
_02964_,21.28µm
_02967_,21.28µm
_03160_,21.28µm
_03302_,21.28µm
_03408_,21.28µm
_03852_,21.28µm
_04444_,21.28µm
_04702_,21.28µm
_05217_,21.28µm
_05313_,21.28µm
_05330_,21.28µm
_05433_,21.28µm
_05553_,21.28µm
_05559_,21.28µm
_05715_,21.28µm
digital_domain_inst.wave_controller_y_inst.wave_cycle_cnt\[0\],21.28µm
net389,21.28µm
_00433_,21.22µm
_04000_,21.05µm
_02844_,20.97µm
_03312_,20.92µm
_02243_,20.87µm
_04225_,20.87µm
_04724_,20.87µm
digital_domain_inst.wave_controller_x_inst.ds_acc\[0\],20.87µm
net1757,20.87µm
_00565_,20.82µm
_01099_,20.82µm
_01212_,20.82µm
_01629_,20.82µm
_01640_,20.82µm
_01795_,20.82µm
_02951_,20.82µm
_03013_,20.82µm
_03547_,20.82µm
_04155_,20.82µm
_05180_,20.82µm
digital_domain_inst.latch_phase270_y,20.82µm
net1513,20.82µm
_00265_,20.77µm
_00484_,20.77µm
_01140_,20.77µm
_01514_,20.77µm
_01809_,20.77µm
_01917_,20.77µm
_02410_,20.77µm
_02900_,20.77µm
_02943_,20.77µm
_03148_,20.77µm
_03358_,20.77µm
_03486_,20.77µm
_03644_,20.77µm
_03872_,20.77µm
_04492_,20.77µm
_04688_,20.77µm
_05042_,20.77µm
_05108_,20.77µm
_05335_,20.77µm
_05658_,20.77µm
net67,20.77µm
net1113,20.77µm
net2033,20.77µm
_00315_,20.72µm
_00414_,20.72µm
_00522_,20.72µm
_00902_,20.72µm
_01232_,20.72µm
_02192_,20.72µm
_03368_,20.72µm
_03496_,20.72µm
_04091_,20.72µm
_04431_,20.72µm
_04510_,20.72µm
_04597_,20.72µm
_05560_,20.72µm
_05581_,20.72µm
_05679_,20.72µm
digital_domain_inst.wave_controller_x_inst.wave_cycle_cnt\[4\],20.72µm
net606,20.72µm
_03580_,20.42µm
_02409_,20.36µm
_01747_,20.31µm
_00393_,20.26µm
_00772_,20.26µm
_01315_,20.26µm
_01635_,20.26µm
_01742_,20.26µm
_01836_,20.26µm
_01941_,20.26µm
_02454_,20.26µm
_02645_,20.26µm
_03027_,20.26µm
_03136_,20.26µm
_03399_,20.26µm
_03450_,20.26µm
_03764_,20.26µm
_04666_,20.26µm
_05172_,20.26µm
_05536_,20.26µm
_05596_,20.26µm
_00257_,20.21µm
_00858_,20.21µm
_01495_,20.21µm
_01633_,20.21µm
_01948_,20.21µm
_02067_,20.21µm
_02079_,20.21µm
_02168_,20.21µm
_02498_,20.21µm
_03430_,20.21µm
_03729_,20.21µm
_04552_,20.21µm
_04697_,20.21µm
_05064_,20.21µm
_05124_,20.21µm
_05235_,20.21µm
digital_domain_inst.spi_regs_inst.reg_wr_data\[3\],20.21µm
net184,20.21µm
net685,20.21µm
_01073_,20.16µm
_01507_,20.16µm
_02253_,20.16µm
_02559_,20.16µm
_02838_,20.16µm
_03066_,20.16µm
_03153_,20.16µm
_03195_,20.16µm
_03406_,20.16µm
_03696_,20.16µm
_03813_,20.16µm
_04287_,20.16µm
_04322_,20.16µm
_04384_,20.16µm
_04693_,20.16µm
_04822_,20.16µm
_05425_,20.16µm
_05492_,20.16µm
_05600_,20.16µm
_05631_,20.16µm
digital_domain_inst.cfg_f_MEMS_fcw_x\[4\],20.16µm
digital_domain_inst.wave_controller_x_inst.ds_acc\[4\],20.16µm
_02012_,19.8µm
_03817_,19.8µm
_02938_,19.75µm
_02957_,19.75µm
_03107_,19.75µm
net808,19.75µm
_01061_,19.7µm
_01607_,19.7µm
_01682_,19.7µm
_01805_,19.7µm
_02408_,19.7µm
_02519_,19.7µm
_02895_,19.7µm
_03098_,19.7µm
_03165_,19.7µm
_04194_,19.7µm
_04211_,19.7µm
_04397_,19.7µm
_04736_,19.7µm
_05378_,19.7µm
_00309_,19.65µm
_00499_,19.65µm
_00730_,19.65µm
_01229_,19.65µm
_01597_,19.65µm
_01900_,19.65µm
_01925_,19.65µm
_01932_,19.65µm
_02552_,19.65µm
_02660_,19.65µm
_03026_,19.65µm
_03111_,19.65µm
_03212_,19.65µm
_03402_,19.65µm
_03562_,19.65µm
_04233_,19.65µm
_04236_,19.65µm
_04556_,19.65µm
_04618_,19.65µm
_04901_,19.65µm
_05423_,19.65µm
_05639_,19.65µm
_05683_,19.65µm
_05692_,19.65µm
digital_domain_inst.signal_processor_y_inst.cnt_in\[0\],19.65µm
digital_domain_inst.spi_regs_inst.reg_wr_data\[0\],19.65µm
digital_domain_inst.wave_controller_y_inst.capture_step\[0\],19.65µm
net2037,19.65µm
_00031_,19.6µm
_00595_,19.6µm
_00967_,19.6µm
_01382_,19.6µm
_01954_,19.6µm
_01972_,19.6µm
_02776_,19.6µm
_02983_,19.6µm
_03220_,19.6µm
_03572_,19.6µm
_03641_,19.6µm
_03662_,19.6µm
_03941_,19.6µm
_03946_,19.6µm
_03953_,19.6µm
_04227_,19.6µm
_04761_,19.6µm
_04846_,19.6µm
_05170_,19.6µm
_05445_,19.6µm
_05515_,19.6µm
_01903_,19.19µm
_02127_,19.19µm
_02646_,19.19µm
_02812_,19.19µm
_02906_,19.19µm
_04644_,19.19µm
_05661_,19.19µm
net764,19.19µm
_00434_,19.14µm
_02100_,19.14µm
_02138_,19.14µm
_02242_,19.14µm
_02500_,19.14µm
_02851_,19.14µm
_03033_,19.14µm
_03147_,19.14µm
_04457_,19.14µm
_04537_,19.14µm
_04599_,19.14µm
_05111_,19.14µm
_00208_,19.09µm
_00929_,19.09µm
_01293_,19.09µm
_01707_,19.09µm
_02212_,19.09µm
_02322_,19.09µm
_02713_,19.09µm
_02885_,19.09µm
_02924_,19.09µm
_03132_,19.09µm
_03468_,19.09µm
_03506_,19.09µm
_03830_,19.09µm
_04228_,19.09µm
_04403_,19.09µm
_04793_,19.09µm
_05039_,19.09µm
_05060_,19.09µm
net1298,19.09µm
net1464,19.09µm
net1895,19.09µm
_00869_,19.04µm
_03259_,19.04µm
_04206_,19.04µm
_04259_,19.04µm
_04344_,19.04µm
_04445_,19.04µm
_04880_,19.04µm
_05287_,19.04µm
_05326_,19.04µm
_05411_,19.04µm
digital_domain_inst.signal_processor_y_inst.cnt_out\[0\],19.04µm
_01755_,18.63µm
_02084_,18.63µm
_02613_,18.63µm
_00581_,18.58µm
_00940_,18.58µm
_01173_,18.58µm
_01661_,18.58µm
_01898_,18.58µm
_01983_,18.58µm
_02233_,18.58µm
_02484_,18.58µm
_02743_,18.58µm
_02762_,18.58µm
_02968_,18.58µm
_03120_,18.58µm
_04282_,18.58µm
_04299_,18.58µm
_04648_,18.58µm
_04726_,18.58µm
_04774_,18.58µm
_05018_,18.58µm
_05021_,18.58µm
_05175_,18.58µm
_05193_,18.58µm
_05408_,18.58µm
net300,18.58µm
net1884,18.58µm
_00502_,18.53µm
_00712_,18.53µm
_01009_,18.53µm
_01026_,18.53µm
_01131_,18.53µm
_01167_,18.53µm
_01284_,18.53µm
_01400_,18.53µm
_01694_,18.53µm
_01759_,18.53µm
_01930_,18.53µm
_01934_,18.53µm
_02122_,18.53µm
_02251_,18.53µm
_02261_,18.53µm
_02521_,18.53µm
_02562_,18.53µm
_02669_,18.53µm
_02723_,18.53µm
_02903_,18.53µm
_03084_,18.53µm
_03143_,18.53µm
_03762_,18.53µm
_04270_,18.53µm
_04563_,18.53µm
_04743_,18.53µm
_05017_,18.53µm
_05174_,18.53µm
_05451_,18.53µm
_05747_,18.53µm
_00423_,18.48µm
_00813_,18.48µm
_01191_,18.48µm
_01227_,18.48µm
_01323_,18.48µm
_01374_,18.48µm
_01375_,18.48µm
_02051_,18.48µm
_02374_,18.48µm
_02773_,18.48µm
_02801_,18.48µm
_03119_,18.48µm
_03271_,18.48µm
_03325_,18.48µm
_03457_,18.48µm
_03482_,18.48µm
_03672_,18.48µm
_03977_,18.48µm
_04636_,18.48µm
_04714_,18.48µm
_05306_,18.48µm
_05564_,18.48µm
_05663_,18.48µm
_05707_,18.48µm
_02935_,18.2µm
_01288_,18.12µm
_04581_,18.07µm
_05458_,18.07µm
_00086_,18.02µm
_00934_,18.02µm
_01075_,18.02µm
_01247_,18.02µm
_01263_,18.02µm
_01289_,18.02µm
_01870_,18.02µm
_02075_,18.02µm
_02189_,18.02µm
_03082_,18.02µm
_03185_,18.02µm
_04604_,18.02µm
_04663_,18.02µm
_04766_,18.02µm
_04988_,18.02µm
_05256_,18.02µm
_05490_,18.02µm
net1850,18.02µm
_00345_,17.97µm
_01362_,17.97µm
_01417_,17.97µm
_01590_,17.97µm
_01593_,17.97µm
_01790_,17.97µm
_02045_,17.97µm
_02070_,17.97µm
_02154_,17.97µm
_02407_,17.97µm
_02502_,17.97µm
_02750_,17.97µm
_02770_,17.97µm
_02809_,17.97µm
_02866_,17.97µm
_02907_,17.97µm
_02918_,17.97µm
_03141_,17.97µm
_03355_,17.97µm
_03717_,17.97µm
_03749_,17.97µm
_03807_,17.97µm
_03854_,17.97µm
_03871_,17.97µm
_03962_,17.97µm
_04572_,17.97µm
_04815_,17.97µm
_05016_,17.97µm
_05249_,17.97µm
_05269_,17.97µm
_05379_,17.97µm
_05448_,17.97µm
_05711_,17.97µm
digital_domain_inst.wave_controller_y_inst.comp_sync4,17.97µm
net209,17.97µm
_00258_,17.92µm
_00518_,17.92µm
_01050_,17.92µm
_01110_,17.92µm
_01198_,17.92µm
_02504_,17.92µm
_02644_,17.92µm
_03906_,17.92µm
_04249_,17.92µm
_04391_,17.92µm
_05102_,17.92µm
_05544_,17.92µm
_05628_,17.92µm
digital_domain_inst.spi_regs_inst.spi_addr\[4\],17.92µm
_00808_,17.56µm
_05477_,17.56µm
clk_regs,17.53µm
_01802_,17.51µm
_02197_,17.51µm
_03281_,17.51µm
net181,17.51µm
_01014_,17.46µm
_01187_,17.46µm
_01248_,17.46µm
_01406_,17.46µm
_01789_,17.46µm
_01868_,17.46µm
_01998_,17.46µm
_03189_,17.46µm
_03270_,17.46µm
_03542_,17.46µm
_03771_,17.46µm
_04418_,17.46µm
_05296_,17.46µm
_05343_,17.46µm
_05400_,17.46µm
_05417_,17.46µm
_05504_,17.46µm
net776,17.46µm
_00055_,17.41µm
_00250_,17.41µm
_01008_,17.41µm
_01158_,17.41µm
_01606_,17.41µm
_01728_,17.41µm
_01735_,17.41µm
_02241_,17.41µm
_02318_,17.41µm
_02731_,17.41µm
_02949_,17.41µm
_02995_,17.41µm
_03053_,17.41µm
_03112_,17.41µm
_03196_,17.41µm
_03205_,17.41µm
_03211_,17.41µm
_03653_,17.41µm
_03692_,17.41µm
_03775_,17.41µm
_04484_,17.41µm
_04501_,17.41µm
_04565_,17.41µm
_04765_,17.41µm
_04886_,17.41µm
_04956_,17.41µm
_05112_,17.41µm
digital_domain_inst.raw_edge2_x\[8\],17.41µm
digital_domain_inst.spi_regs_inst.reg_wr_data\[2\],17.41µm
net1391,17.41µm
_01105_,17.36µm
_01153_,17.36µm
_01421_,17.36µm
_01832_,17.36µm
_02351_,17.36µm
_02372_,17.36µm
_02549_,17.36µm
_02711_,17.36µm
_03161_,17.36µm
_03228_,17.36µm
_03338_,17.36µm
_04311_,17.36µm
_04514_,17.36µm
_04612_,17.36µm
_04805_,17.36µm
_04940_,17.36µm
_04979_,17.36µm
_05503_,17.36µm
_05538_,17.36µm
_05686_,17.36µm
digital_domain_inst.signal_processor_y_inst.cnt_out\[3\],17.36µm
net357,17.36µm
net1372,17.36µm
_02049_,17.18µm
_03164_,17µm
_00740_,16.95µm
_02727_,16.95µm
_03471_,16.95µm
_05233_,16.95µm
_05252_,16.95µm
_05305_,16.95µm
_00316_,16.9µm
_00767_,16.9µm
_00769_,16.9µm
_00927_,16.9µm
_00942_,16.9µm
_01175_,16.9µm
_01608_,16.9µm
_01737_,16.9µm
_01931_,16.9µm
_02174_,16.9µm
_03534_,16.9µm
_04055_,16.9µm
_05183_,16.9µm
_05261_,16.9µm
digital_domain_inst.wave_controller_y_inst.ds_acc\[4\],16.9µm
_00259_,16.85µm
_00482_,16.85µm
_00491_,16.85µm
_00559_,16.85µm
_01266_,16.85µm
_01295_,16.85µm
_01377_,16.85µm
_01408_,16.85µm
_02203_,16.85µm
_02471_,16.85µm
_02940_,16.85µm
_03322_,16.85µm
_03339_,16.85µm
_03710_,16.85µm
_03725_,16.85µm
_03919_,16.85µm
_04113_,16.85µm
_04493_,16.85µm
_04535_,16.85µm
_04559_,16.85µm
_04957_,16.85µm
_05026_,16.85µm
_05113_,16.85µm
_05194_,16.85µm
digital_domain_inst.wave_controller_x_inst.ds_acc\[5\],16.85µm
_00103_,16.8µm
_00110_,16.8µm
_00260_,16.8µm
_00419_,16.8µm
_01123_,16.8µm
_01177_,16.8µm
_01814_,16.8µm
_02389_,16.8µm
_03188_,16.8µm
_03513_,16.8µm
_04093_,16.8µm
_04452_,16.8µm
_04844_,16.8µm
_04922_,16.8µm
_05103_,16.8µm
_05496_,16.8µm
_05516_,16.8µm
_05688_,16.8µm
_05354_,16.44µm
digital_domain_inst.raw_edge3_y\[12\],16.39µm
_00637_,16.34µm
_00728_,16.34µm
_01090_,16.34µm
_01159_,16.34µm
_01750_,16.34µm
_01776_,16.34µm
_02150_,16.34µm
_02284_,16.34µm
_02460_,16.34µm
_02520_,16.34µm
_02848_,16.34µm
_03080_,16.34µm
_03175_,16.34µm
_03184_,16.34µm
_03191_,16.34µm
_03222_,16.34µm
_03272_,16.34µm
_03756_,16.34µm
_04174_,16.34µm
_05072_,16.34µm
_05471_,16.34µm
net1836,16.34µm
_01432_,16.29µm
_01605_,16.29µm
_01609_,16.29µm
_01729_,16.29µm
_01927_,16.29µm
_02112_,16.29µm
_02178_,16.29µm
_02193_,16.29µm
_02237_,16.29µm
_02872_,16.29µm
_02966_,16.29µm
_03561_,16.29µm
_03742_,16.29µm
_03789_,16.29µm
_04043_,16.29µm
_04318_,16.29µm
_04611_,16.29µm
_04748_,16.29µm
_04752_,16.29µm
_04797_,16.29µm
_04854_,16.29µm
_05090_,16.29µm
_05155_,16.29µm
_05205_,16.29µm
_05637_,16.29µm
digital_domain_inst.wave_controller_x_inst.capture_pending,16.29µm
net472,16.29µm
_00130_,16.24µm
_00279_,16.24µm
_00494_,16.24µm
_00874_,16.24µm
_01082_,16.24µm
_01143_,16.24µm
_01242_,16.24µm
_01516_,16.24µm
_02215_,16.24µm
_02449_,16.24µm
_02791_,16.24µm
_03089_,16.24µm
_03599_,16.24µm
_03642_,16.24µm
_04139_,16.24µm
_04140_,16.24µm
_04192_,16.24µm
_04341_,16.24µm
_04354_,16.24µm
_04582_,16.24µm
_04641_,16.24µm
_04687_,16.24µm
_04749_,16.24µm
_05160_,16.24µm
_05190_,16.24µm
_05474_,16.24µm
_05493_,16.24µm
_05537_,16.24µm
_05618_,16.24µm
_05744_,16.24µm
digital_domain_inst.signal_processor_x_inst.cnt_in\[2\],16.24µm
digital_domain_inst.wave_controller_y_inst.ds_acc\[5\],16.24µm
net1955,16.24µm
_03999_,16.22µm
_05480_,15.96µm
_01101_,15.88µm
_00663_,15.83µm
_01712_,15.83µm
_03108_,15.83µm
_00726_,15.78µm
_00999_,15.78µm
_01206_,15.78µm
_01657_,15.78µm
_01689_,15.78µm
_01828_,15.78µm
_01835_,15.78µm
_01914_,15.78µm
_01982_,15.78µm
_02055_,15.78µm
_02503_,15.78µm
_02612_,15.78µm
_03072_,15.78µm
_03522_,15.78µm
_03910_,15.78µm
_04277_,15.78µm
_04473_,15.78µm
_05334_,15.78µm
net901,15.78µm
_00112_,15.73µm
_00332_,15.73µm
_00426_,15.73µm
_00490_,15.73µm
_00699_,15.73µm
_00910_,15.73µm
_01069_,15.73µm
_01233_,15.73µm
_01856_,15.73µm
_02106_,15.73µm
_02465_,15.73µm
_02611_,15.73µm
_02877_,15.73µm
_03041_,15.73µm
_03173_,15.73µm
_03630_,15.73µm
_03656_,15.73µm
_03744_,15.73µm
_03825_,15.73µm
_04001_,15.73µm
_04392_,15.73µm
_04464_,15.73µm
_04532_,15.73µm
_04652_,15.73µm
_05371_,15.73µm
_05513_,15.73µm
_05725_,15.73µm
_05753_,15.73µm
digital_domain_inst.signal_processor_y_inst.s90_pipe\[0\],15.73µm
digital_domain_inst.spi_regs_inst.reg_wr_data\[4\],15.73µm
_01018_,15.68µm
_01093_,15.68µm
_01552_,15.68µm
_02493_,15.68µm
_02817_,15.68µm
_02905_,15.68µm
_03178_,15.68µm
_03181_,15.68µm
_04163_,15.68µm
_04324_,15.68µm
_04382_,15.68µm
_05078_,15.68µm
_05705_,15.68µm
_04455_,15.27µm
_05279_,15.27µm
_00897_,15.22µm
_00924_,15.22µm
_01623_,15.22µm
_01926_,15.22µm
_02034_,15.22µm
_02257_,15.22µm
_02537_,15.22µm
_02565_,15.22µm
_03488_,15.22µm
_03623_,15.22µm
_03631_,15.22µm
_03738_,15.22µm
_03965_,15.22µm
_04372_,15.22µm
_04471_,15.22µm
_04811_,15.22µm
_05273_,15.22µm
_05396_,15.22µm
_05428_,15.22µm
net1158,15.22µm
net1246,15.22µm
_00008_,15.17µm
_00247_,15.17µm
_00354_,15.17µm
_00725_,15.17µm
_01128_,15.17µm
_01239_,15.17µm
_01273_,15.17µm
_01328_,15.17µm
_01969_,15.17µm
_02036_,15.17µm
_02363_,15.17µm
_02475_,15.17µm
_02811_,15.17µm
_03020_,15.17µm
_03157_,15.17µm
_03253_,15.17µm
_03612_,15.17µm
_03690_,15.17µm
_04176_,15.17µm
_04359_,15.17µm
_04548_,15.17µm
_04776_,15.17µm
_04799_,15.17µm
_05051_,15.17µm
_05342_,15.17µm
_05571_,15.17µm
_05693_,15.17µm
digital_domain_inst.spi_regs_inst.reg_wr_data\[6\],15.17µm
digital_domain_inst.wave_controller_x_inst.comp_sync0,15.17µm
_00195_,15.12µm
_00507_,15.12µm
_01021_,15.12µm
_01085_,15.12µm
_01244_,15.12µm
_01409_,15.12µm
_01600_,15.12µm
_01777_,15.12µm
_01818_,15.12µm
_01953_,15.12µm
_02037_,15.12µm
_03176_,15.12µm
_03179_,15.12µm
_04039_,15.12µm
_04355_,15.12µm
_04408_,15.12µm
_04948_,15.12µm
_05309_,15.12µm
_05599_,15.12µm
_05673_,15.12µm
_05447_,14.76µm
_03229_,14.71µm
_03267_,14.71µm
_00727_,14.66µm
_00946_,14.66µm
_00973_,14.66µm
_01017_,14.66µm
_01189_,14.66µm
_01939_,14.66µm
_02072_,14.66µm
_02240_,14.66µm
_03329_,14.66µm
_03481_,14.66µm
_04534_,14.66µm
_04590_,14.66µm
_04986_,14.66µm
_05188_,14.66µm
_05352_,14.66µm
_05363_,14.66µm
digital_domain_inst.spi_regs_inst.tx_shift\[5\],14.66µm
_00099_,14.61µm
_00230_,14.61µm
_00339_,14.61µm
_00454_,14.61µm
_00517_,14.61µm
_01001_,14.61µm
_01084_,14.61µm
_01214_,14.61µm
_01215_,14.61µm
_01225_,14.61µm
_01871_,14.61µm
_02018_,14.61µm
_02102_,14.61µm
_02180_,14.61µm
_02921_,14.61µm
_03115_,14.61µm
_03291_,14.61µm
_03947_,14.61µm
_04272_,14.61µm
_04307_,14.61µm
_04814_,14.61µm
_05055_,14.61µm
_05210_,14.61µm
_05716_,14.61µm
_05735_,14.61µm
net1142,14.61µm
_00036_,14.56µm
_00226_,14.56µm
_00368_,14.56µm
_00403_,14.56µm
_00552_,14.56µm
_00908_,14.56µm
_01253_,14.56µm
_01612_,14.56µm
_01996_,14.56µm
_02120_,14.56µm
_02268_,14.56µm
_02360_,14.56µm
_02643_,14.56µm
_02658_,14.56µm
_03183_,14.56µm
_03224_,14.56µm
_03237_,14.56µm
_03388_,14.56µm
_03499_,14.56µm
_03876_,14.56µm
_03974_,14.56µm
_04135_,14.56µm
_04420_,14.56µm
_04568_,14.56µm
_04829_,14.56µm
_04833_,14.56µm
_05077_,14.56µm
_05089_,14.56µm
_05552_,14.56µm
_05762_,14.56µm
digital_domain_inst.signal_processor_y_inst.s270_pipe\[1\],14.56µm
comp_x,14.43µm
_00770_,14.33µm
_05295_,14.15µm
_01087_,14.1µm
_01100_,14.1µm
_02207_,14.1µm
_02303_,14.1µm
_02419_,14.1µm
_02625_,14.1µm
_03227_,14.1µm
_03421_,14.1µm
_03523_,14.1µm
_03879_,14.1µm
_04450_,14.1µm
_05290_,14.1µm
_05727_,14.1µm
digital_domain_inst.signal_processor_x_inst.cnt_out\[1\],14.1µm
_00044_,14.05µm
_00291_,14.05µm
_00323_,14.05µm
_00340_,14.05µm
_00418_,14.05µm
_00443_,14.05µm
_01080_,14.05µm
_01125_,14.05µm
_01141_,14.05µm
_01279_,14.05µm
_01321_,14.05µm
_01708_,14.05µm
_01721_,14.05µm
_01993_,14.05µm
_02416_,14.05µm
_02620_,14.05µm
_02671_,14.05µm
_02777_,14.05µm
_02950_,14.05µm
_03484_,14.05µm
_03557_,14.05µm
_03570_,14.05µm
_03907_,14.05µm
_04529_,14.05µm
_04602_,14.05µm
_04609_,14.05µm
_04646_,14.05µm
_04923_,14.05µm
_05148_,14.05µm
_05329_,14.05µm
_05446_,14.05µm
digital_domain_inst.signal_processor_x_inst.cnt_out\[3\],14.05µm
net13,14.05µm
_00119_,14µm
_00391_,14µm
_00846_,14µm
_01137_,14µm
_01142_,14µm
_01280_,14µm
_01799_,14µm
_02292_,14µm
_02330_,14µm
_02456_,14µm
_02581_,14µm
_02631_,14µm
_02972_,14µm
_03459_,14µm
_03543_,14µm
_03685_,14µm
_03786_,14µm
_04032_,14µm
_04577_,14µm
_04629_,14µm
_04851_,14µm
_05227_,14µm
_05266_,14µm
_05509_,14µm
_05531_,14µm
_05567_,14µm
_05627_,14µm
_05734_,14µm
net1861,14µm
_01815_,13.59µm
_01820_,13.59µm
_00785_,13.54µm
_01638_,13.54µm
_02693_,13.54µm
_02779_,13.54µm
_02788_,13.54µm
_02882_,13.54µm
_03247_,13.54µm
_03370_,13.54µm
_03375_,13.54µm
_03447_,13.54µm
_04447_,13.54µm
_04571_,13.54µm
_04945_,13.54µm
_05185_,13.54µm
net56,13.54µm
net1286,13.54µm
net1966,13.54µm
_00030_,13.49µm
_00049_,13.49µm
_00190_,13.49µm
_00804_,13.49µm
_00807_,13.49µm
_01034_,13.49µm
_01076_,13.49µm
_01275_,13.49µm
_01373_,13.49µm
_01433_,13.49µm
_01476_,13.49µm
_01840_,13.49µm
_01866_,13.49µm
_01955_,13.49µm
_02021_,13.49µm
_02029_,13.49µm
_02526_,13.49µm
_02535_,13.49µm
_02600_,13.49µm
_02824_,13.49µm
_03061_,13.49µm
_03192_,13.49µm
_03341_,13.49µm
_03826_,13.49µm
_03903_,13.49µm
_03933_,13.49µm
_04369_,13.49µm
_04708_,13.49µm
_04859_,13.49µm
_04920_,13.49µm
_05074_,13.49µm
_05143_,13.49µm
digital_domain_inst.signal_processor_y_inst.s90_pipe\[1\],13.49µm
net178,13.49µm
net553,13.49µm
net1254,13.49µm
_00096_,13.44µm
_00113_,13.44µm
_00266_,13.44µm
_00276_,13.44µm
_00527_,13.44µm
_00562_,13.44µm
_00896_,13.44µm
_01005_,13.44µm
_01149_,13.44µm
_01332_,13.44µm
_01384_,13.44µm
_01892_,13.44µm
_02027_,13.44µm
_02697_,13.44µm
_03076_,13.44µm
_03613_,13.44µm
_03637_,13.44µm
_04147_,13.44µm
_04234_,13.44µm
_04699_,13.44µm
_04771_,13.44µm
_04935_,13.44µm
_04970_,13.44µm
_05150_,13.44µm
_05487_,13.44µm
_05508_,13.44µm
_04741_,13.08µm
_00834_,13.03µm
_01219_,13.03µm
digital_domain_inst.signal_processor_y_inst.cnt_in\[3\],13.03µm
net1568,13.03µm
net1961,13.03µm
_01884_,12.98µm
_02019_,12.98µm
_02227_,12.98µm
_02382_,12.98µm
_02482_,12.98µm
_03332_,12.98µm
_03780_,12.98µm
_03968_,12.98µm
_04516_,12.98µm
_04769_,12.98µm
_05229_,12.98µm
_05281_,12.98µm
_00295_,12.93µm
_00299_,12.93µm
_00312_,12.93µm
_00328_,12.93µm
_00360_,12.93µm
_00396_,12.93µm
_00758_,12.93µm
_00806_,12.93µm
_01169_,12.93µm
_01558_,12.93µm
_01603_,12.93µm
_01736_,12.93µm
_01765_,12.93µm
_01922_,12.93µm
_02470_,12.93µm
_02876_,12.93µm
_02892_,12.93µm
_02896_,12.93µm
_02994_,12.93µm
_03275_,12.93µm
_03284_,12.93µm
_03359_,12.93µm
_03654_,12.93µm
_03827_,12.93µm
_03848_,12.93µm
_04367_,12.93µm
_04549_,12.93µm
_04707_,12.93µm
_04823_,12.93µm
_05098_,12.93µm
_05213_,12.93µm
_05214_,12.93µm
_05521_,12.93µm
digital_domain_inst.signal_processor_x_inst.cnt_in\[1\],12.93µm
net1339,12.93µm
_00089_,12.88µm
_00248_,12.88µm
_00485_,12.88µm
_01007_,12.88µm
_01097_,12.88µm
_01246_,12.88µm
_01453_,12.88µm
_02414_,12.88µm
_02567_,12.88µm
_03086_,12.88µm
_03863_,12.88µm
_04056_,12.88µm
_04275_,12.88µm
_04296_,12.88µm
_04365_,12.88µm
_04542_,12.88µm
_04578_,12.88µm
_04831_,12.88µm
_05533_,12.88µm
_05565_,12.88µm
_05728_,12.88µm
_01943_,12.47µm
_02702_,12.47µm
_02798_,12.47µm
_04416_,12.47µm
_00782_,12.42µm
_00809_,12.42µm
_00833_,12.42µm
_00921_,12.42µm
_00989_,12.42µm
_02073_,12.42µm
_02378_,12.42µm
_02854_,12.42µm
_03223_,12.42µm
_03439_,12.42µm
_03474_,12.42µm
_03536_,12.42µm
_03681_,12.42µm
_04551_,12.42µm
_04994_,12.42µm
_05189_,12.42µm
_05272_,12.42µm
_05276_,12.42µm
_05462_,12.42µm
net1600,12.42µm
net1792,12.42µm
_00255_,12.37µm
_00341_,12.37µm
_00483_,12.37µm
_00497_,12.37µm
_00944_,12.37µm
_00950_,12.37µm
_00979_,12.37µm
_01062_,12.37µm
_01236_,12.37µm
_01312_,12.37µm
_01340_,12.37µm
_01797_,12.37µm
_01908_,12.37µm
_02060_,12.37µm
_02491_,12.37µm
_02548_,12.37µm
_02760_,12.37µm
_02835_,12.37µm
_02868_,12.37µm
_02912_,12.37µm
_03088_,12.37µm
_03174_,12.37µm
_03494_,12.37µm
_03521_,12.37µm
_03838_,12.37µm
_04377_,12.37µm
_04381_,12.37µm
_04755_,12.37µm
_04786_,12.37µm
_04850_,12.37µm
_04932_,12.37µm
_05005_,12.37µm
_05067_,12.37µm
_05086_,12.37µm
_05149_,12.37µm
_05253_,12.37µm
_05255_,12.37µm
_05263_,12.37µm
_05384_,12.37µm
_05427_,12.37µm
_05443_,12.37µm
_05520_,12.37µm
_05573_,12.37µm
_05604_,12.37µm
_05638_,12.37µm
_05652_,12.37µm
digital_domain_inst.signal_processor_y_inst.cnt_in\[2\],12.37µm
digital_domain_inst.signal_processor_y_inst.cnt_out\[1\],12.37µm
_00012_,12.32µm
_00097_,12.32µm
_00160_,12.32µm
_00209_,12.32µm
_00221_,12.32µm
_00231_,12.32µm
_00305_,12.32µm
_00400_,12.32µm
_00410_,12.32µm
_00642_,12.32µm
_01043_,12.32µm
_01180_,12.32µm
_01223_,12.32µm
_01803_,12.32µm
_01825_,12.32µm
_02007_,12.32µm
_02130_,12.32µm
_02199_,12.32µm
_02622_,12.32µm
_02682_,12.32µm
_02961_,12.32µm
_02987_,12.32µm
_03099_,12.32µm
_03235_,12.32µm
_03593_,12.32µm
_03669_,12.32µm
_04180_,12.32µm
_04345_,12.32µm
_04373_,12.32µm
_04506_,12.32µm
_04800_,12.32µm
_04835_,12.32µm
_04877_,12.32µm
_04892_,12.32µm
_04990_,12.32µm
_05059_,12.32µm
_05141_,12.32µm
_05221_,12.32µm
_05223_,12.32µm
_05421_,12.32µm
_05438_,12.32µm
_05466_,12.32µm
digital_domain_inst.spi_regs_inst.tx_shift\[2\],12.32µm
_02584_,11.91µm
_04640_,11.91µm
_04987_,11.91µm
_05166_,11.91µm
_05677_,11.91µm
_00003_,11.86µm
_00243_,11.86µm
_01978_,11.86µm
_02158_,11.86µm
_02910_,11.86µm
_02993_,11.86µm
_03046_,11.86µm
_03342_,11.86µm
_03404_,11.86µm
_03415_,11.86µm
_03639_,11.86µm
_03779_,11.86µm
_03937_,11.86µm
_04053_,11.86µm
_04269_,11.86µm
_04700_,11.86µm
_04757_,11.86µm
_05244_,11.86µm
_05358_,11.86µm
_05749_,11.86µm
_00054_,11.81µm
_00088_,11.81µm
_00239_,11.81µm
_00308_,11.81µm
_00314_,11.81µm
_00447_,11.81µm
_00520_,11.81µm
_01013_,11.81µm
_01077_,11.81µm
_01160_,11.81µm
_01165_,11.81µm
_01299_,11.81µm
_01337_,11.81µm
_01921_,11.81µm
_02137_,11.81µm
_02252_,11.81µm
_02319_,11.81µm
_02575_,11.81µm
_02687_,11.81µm
_02889_,11.81µm
_02902_,11.81µm
_02992_,11.81µm
_03230_,11.81µm
_03407_,11.81µm
_03491_,11.81µm
_03963_,11.81µm
_04168_,11.81µm
_04195_,11.81µm
_04387_,11.81µm
_04398_,11.81µm
_04553_,11.81µm
_04778_,11.81µm
_04965_,11.81µm
_05153_,11.81µm
_05362_,11.81µm
_05366_,11.81µm
_05549_,11.81µm
_05690_,11.81µm
_05697_,11.81µm
_05709_,11.81µm
_05713_,11.81µm
_05764_,11.81µm
digital_domain_inst.cfg_done,11.81µm
net23,11.81µm
net616,11.81µm
_00131_,11.76µm
_00156_,11.76µm
_00290_,11.76µm
_00408_,11.76µm
_00513_,11.76µm
_00732_,11.76µm
_00923_,11.76µm
_01238_,11.76µm
_01372_,11.76µm
_01860_,11.76µm
_01937_,11.76µm
_02155_,11.76µm
_02420_,11.76µm
_02446_,11.76µm
_02706_,11.76µm
_02923_,11.76µm
_02930_,11.76µm
_02947_,11.76µm
_02954_,11.76µm
_03102_,11.76µm
_03295_,11.76µm
_03427_,11.76µm
_03560_,11.76µm
_03734_,11.76µm
_03758_,11.76µm
_03971_,11.76µm
_04130_,11.76µm
_04215_,11.76µm
_04216_,11.76µm
_04310_,11.76µm
_04619_,11.76µm
_04674_,11.76µm
_04742_,11.76µm
_04772_,11.76µm
_04819_,11.76µm
_04884_,11.76µm
_04887_,11.76µm
_05083_,11.76µm
_05157_,11.76µm
_05167_,11.76µm
_05187_,11.76µm
_05331_,11.76µm
_05475_,11.76µm
_05485_,11.76µm
_05745_,11.76µm
_00197_,11.35µm
_00185_,11.3µm
_00201_,11.3µm
_00376_,11.3µm
_00720_,11.3µm
_00736_,11.3µm
_00916_,11.3µm
_01363_,11.3µm
_01891_,11.3µm
_01970_,11.3µm
_02234_,11.3µm
_03316_,11.3µm
_03320_,11.3µm
_04396_,11.3µm
_04481_,11.3µm
_04955_,11.3µm
_04980_,11.3µm
_05682_,11.3µm
_00254_,11.25µm
_00301_,11.25µm
_00371_,11.25µm
_00701_,11.25µm
_00739_,11.25µm
_00913_,11.25µm
_01311_,11.25µm
_01313_,11.25µm
_01389_,11.25µm
_01723_,11.25µm
_01811_,11.25µm
_01894_,11.25µm
_01938_,11.25µm
_01975_,11.25µm
_02317_,11.25µm
_02474_,11.25µm
_02538_,11.25µm
_02564_,11.25µm
_02803_,11.25µm
_02878_,11.25µm
_03090_,11.25µm
_03130_,11.25µm
_03545_,11.25µm
_03646_,11.25µm
_03649_,11.25µm
_03842_,11.25µm
_03982_,11.25µm
_04003_,11.25µm
_04067_,11.25µm
_04262_,11.25µm
_04351_,11.25µm
_04592_,11.25µm
_04622_,11.25µm
_04690_,11.25µm
_04861_,11.25µm
_04871_,11.25µm
_05029_,11.25µm
_05292_,11.25µm
_05360_,11.25µm
_05365_,11.25µm
_05377_,11.25µm
_05598_,11.25µm
_05632_,11.25µm
_05645_,11.25µm
digital_domain_inst.signal_processor_y_inst.s270_pipe\[0\],11.25µm
digital_domain_inst.wave_controller_x_inst.phase_acc\[19\],11.25µm
_00002_,11.2µm
_00013_,11.2µm
_00026_,11.2µm
_00090_,11.2µm
_00171_,11.2µm
_00189_,11.2µm
_00378_,11.2µm
_00386_,11.2µm
_00401_,11.2µm
_00470_,11.2µm
_00535_,11.2µm
_00556_,11.2µm
_00778_,11.2µm
_01285_,11.2µm
_01568_,11.2µm
_01878_,11.2µm
_01951_,11.2µm
_02015_,11.2µm
_02196_,11.2µm
_02282_,11.2µm
_02396_,11.2µm
_02453_,11.2µm
_02642_,11.2µm
_02701_,11.2µm
_03269_,11.2µm
_03392_,11.2µm
_03508_,11.2µm
_03659_,11.2µm
_03875_,11.2µm
_03912_,11.2µm
_04229_,11.2µm
_04266_,11.2µm
_04468_,11.2µm
_04522_,11.2µm
_04737_,11.2µm
_04852_,11.2µm
_04952_,11.2µm
_05105_,11.2µm
_05158_,11.2µm
_05206_,11.2µm
_05314_,11.2µm
_05323_,11.2µm
_05444_,11.2µm
_05592_,11.2µm
_05771_,11.2µm
digital_domain_inst.signal_processor_y_inst.cnt_in\[1\],11.2µm
net3,11.2µm
_01714_,10.79µm
_03122_,10.79µm
_00307_,10.74µm
_00790_,10.74µm
_01079_,10.74µm
_01207_,10.74µm
_01419_,10.74µm
_01869_,10.74µm
_01942_,10.74µm
_02254_,10.74µm
_03028_,10.74µm
_03820_,10.74µm
_03958_,10.74µm
_04500_,10.74µm
_04543_,10.74µm
_04744_,10.74µm
_04779_,10.74µm
_04789_,10.74µm
_04975_,10.74µm
_04983_,10.74µm
_05302_,10.74µm
_00075_,10.69µm
_00076_,10.69µm
_00136_,10.69µm
_00192_,10.69µm
_00313_,10.69µm
_00350_,10.69µm
_00466_,10.69µm
_00877_,10.69µm
_01065_,10.69µm
_01071_,10.69µm
_01103_,10.69µm
_01503_,10.69µm
_01519_,10.69µm
_01794_,10.69µm
_01827_,10.69µm
_01849_,10.69µm
_02040_,10.69µm
_02054_,10.69µm
_02177_,10.69µm
_02445_,10.69µm
_02797_,10.69µm
_03477_,10.69µm
_03610_,10.69µm
_03675_,10.69µm
_03809_,10.69µm
_03983_,10.69µm
_04207_,10.69µm
_04332_,10.69µm
_04441_,10.69µm
_04598_,10.69µm
_04680_,10.69µm
_04709_,10.69µm
_04784_,10.69µm
_04857_,10.69µm
_04860_,10.69µm
_04997_,10.69µm
_05085_,10.69µm
_05351_,10.69µm
_05460_,10.69µm
_05615_,10.69µm
digital_domain_inst.signal_processor_x_inst.s90_pipe\[0\],10.69µm
digital_domain_inst.signal_processor_x_inst.s90_pipe\[2\],10.69µm
digital_domain_inst.spi_regs_inst.reg_wr_data\[1\],10.69µm
digital_domain_inst.wave_controller_x_inst.phase_acc\[15\],10.69µm
digital_domain_inst.wave_controller_y_inst.phase_acc\[19\],10.69µm
_00127_,10.64µm
_00318_,10.64µm
_00398_,10.64µm
_00439_,10.64µm
_00724_,10.64µm
_00814_,10.64µm
_00928_,10.64µm
_01015_,10.64µm
_01168_,10.64µm
_01286_,10.64µm
_01338_,10.64µm
_01709_,10.64µm
_01885_,10.64µm
_01929_,10.64µm
_02006_,10.64µm
_02313_,10.64µm
_02530_,10.64µm
_02563_,10.64µm
_02648_,10.64µm
_02666_,10.64µm
_02674_,10.64µm
_02920_,10.64µm
_03366_,10.64µm
_03573_,10.64µm
_03665_,10.64µm
_03944_,10.64µm
_04156_,10.64µm
_04252_,10.64µm
_04436_,10.64µm
_04856_,10.64µm
_04864_,10.64µm
_04907_,10.64µm
_05107_,10.64µm
_05246_,10.64µm
_05424_,10.64µm
_05465_,10.64µm
_05478_,10.64µm
_05555_,10.64µm
_05720_,10.64µm
_05765_,10.64µm
digital_domain_inst.wave_controller_y_inst.ds_acc\[1\],10.64µm
_00997_,10.23µm
_04379_,10.23µm
_00063_,10.18µm
_00346_,10.18µm
_01807_,10.18µm
_02483_,10.18µm
_02635_,10.18µm
_02657_,10.18µm
_02684_,10.18µm
_02768_,10.18µm
_03268_,10.18µm
_05268_,10.18µm
_05270_,10.18µm
_05349_,10.18µm
digital_domain_inst.latch_phase90_ack_y,10.18µm
_00064_,10.13µm
_00104_,10.13µm
_00334_,10.13µm
_00364_,10.13µm
_00420_,10.13µm
_00430_,10.13µm
_00881_,10.13µm
_01172_,10.13µm
_01178_,10.13µm
_01358_,10.13µm
_01726_,10.13µm
_01762_,10.13µm
_02186_,10.13µm
_02422_,10.13µm
_02670_,10.13µm
_02688_,10.13µm
_02712_,10.13µm
_02867_,10.13µm
_02969_,10.13µm
_02989_,10.13µm
_03017_,10.13µm
_03116_,10.13µm
_03139_,10.13µm
_03169_,10.13µm
_03487_,10.13µm
_03509_,10.13µm
_03607_,10.13µm
_03616_,10.13µm
_03804_,10.13µm
_03932_,10.13µm
_03948_,10.13µm
_03975_,10.13µm
_04099_,10.13µm
_04191_,10.13µm
_04371_,10.13µm
_04824_,10.13µm
_04969_,10.13µm
_05407_,10.13µm
_05566_,10.13µm
_05712_,10.13µm
_05763_,10.13µm
_00421_,10.08µm
_00444_,10.08µm
_00487_,10.08µm
_00516_,10.08µm
_00891_,10.08µm
_00936_,10.08µm
_01051_,10.08µm
_01092_,10.08µm
_01135_,10.08µm
_01210_,10.08µm
_01268_,10.08µm
_01879_,10.08µm
_02170_,10.08µm
_02485_,10.08µm
_02511_,10.08µm
_02570_,10.08µm
_02988_,10.08µm
_03103_,10.08µm
_03146_,10.08µm
_03353_,10.08µm
_03533_,10.08µm
_03539_,10.08µm
_03540_,10.08µm
_03552_,10.08µm
_04048_,10.08µm
_04459_,10.08µm
_04634_,10.08µm
_04734_,10.08µm
_04767_,10.08µm
_04858_,10.08µm
_04888_,10.08µm
_05014_,10.08µm
_05116_,10.08µm
_05126_,10.08µm
_05337_,10.08µm
_05685_,10.08µm
_05694_,10.08µm
_05704_,10.08µm
_05759_,10.08µm
_03309_,9.9µm
_01968_,9.67µm
_00791_,9.62µm
_01705_,9.62µm
_01936_,9.62µm
_02083_,9.62µm
_02135_,9.62µm
_02200_,9.62µm
_02501_,9.62µm
_02728_,9.62µm
_03464_,9.62µm
_03465_,9.62µm
_03911_,9.62µm
_04483_,9.62µm
_05008_,9.62µm
_05076_,9.62µm
_05082_,9.62µm
_05300_,9.62µm
_05405_,9.62µm
_05625_,9.62µm
_05676_,9.62µm
_00212_,9.57µm
_00222_,9.57µm
_00241_,9.57µm
_00269_,9.57µm
_00286_,9.57µm
_00336_,9.57µm
_00356_,9.57µm
_00359_,9.57µm
_00369_,9.57µm
_00422_,9.57µm
_00432_,9.57µm
_00453_,9.57µm
_00464_,9.57µm
_00549_,9.57µm
_00564_,9.57µm
_00733_,9.57µm
_01081_,9.57µm
_01091_,9.57µm
_01278_,9.57µm
_01430_,9.57µm
_01770_,9.57µm
_01961_,9.57µm
_02198_,9.57µm
_02263_,9.57µm
_02818_,9.57µm
_02970_,9.57µm
_03294_,9.57µm
_03621_,9.57µm
_04319_,9.57µm
_04362_,9.57µm
_04462_,9.57µm
_04539_,9.57µm
_04608_,9.57µm
_04610_,9.57µm
_04756_,9.57µm
_04914_,9.57µm
_05057_,9.57µm
_05070_,9.57µm
_05092_,9.57µm
_05264_,9.57µm
_05297_,9.57µm
_05350_,9.57µm
_05591_,9.57µm
_05643_,9.57µm
digital_domain_inst.signal_processor_x_inst.s270_pipe\[1\],9.57µm
_00121_,9.52µm
_00263_,9.52µm
_00475_,9.52µm
_00914_,9.52µm
_00919_,9.52µm
_01011_,9.52µm
_01152_,9.52µm
_01257_,9.52µm
_01267_,9.52µm
_01630_,9.52µm
_01837_,9.52µm
_02142_,9.52µm
_02287_,9.52µm
_02480_,9.52µm
_02716_,9.52µm
_02948_,9.52µm
_03171_,9.52µm
_03206_,9.52µm
_03356_,9.52µm
_03367_,9.52µm
_03422_,9.52µm
_03454_,9.52µm
_03466_,9.52µm
_03700_,9.52µm
_03773_,9.52µm
_03811_,9.52µm
_03880_,9.52µm
_03890_,9.52µm
_03936_,9.52µm
_03993_,9.52µm
_04544_,9.52µm
_04574_,9.52µm
_04847_,9.52µm
_04919_,9.52µm
_05034_,9.52µm
_05239_,9.52µm
_05257_,9.52µm
_05277_,9.52µm
_05280_,9.52µm
_05288_,9.52µm
_05468_,9.52µm
_05524_,9.52µm
_05542_,9.52µm
_05641_,9.52µm
_05756_,9.52µm
digital_domain_inst.signal_processor_y_inst.s90_pipe\[2\],9.52µm
_02766_,9.11µm
_05346_,9.11µm
_00737_,9.06µm
_01193_,9.06µm
_01221_,9.06µm
_01786_,9.06µm
_02187_,9.06µm
_02663_,9.06µm
_02735_,9.06µm
_03056_,9.06µm
_03113_,9.06µm
_03251_,9.06µm
_03476_,9.06µm
_04434_,9.06µm
_04671_,9.06µm
_04981_,9.06µm
_05247_,9.06µm
_05357_,9.06µm
_05540_,9.06µm
_00116_,9.01µm
_00134_,9.01µm
_00206_,9.01µm
_00246_,9.01µm
_00285_,9.01µm
_00322_,9.01µm
_00358_,9.01µm
_00374_,9.01µm
_00956_,9.01µm
_01094_,9.01µm
_01107_,9.01µm
_01171_,9.01µm
_01303_,9.01µm
_01669_,9.01µm
_01704_,9.01µm
_01744_,9.01µm
_02003_,9.01µm
_02125_,9.01µm
_02641_,9.01µm
_02873_,9.01µm
_03036_,9.01µm
_03085_,9.01µm
_03138_,9.01µm
_03296_,9.01µm
_03579_,9.01µm
_03622_,9.01µm
_03673_,9.01µm
_03784_,9.01µm
_03829_,9.01µm
_03957_,9.01µm
_03961_,9.01µm
_04292_,9.01µm
_04605_,9.01µm
_04838_,9.01µm
_04891_,9.01µm
_04910_,9.01µm
_05491_,9.01µm
_05700_,9.01µm
_00021_,8.96µm
_00095_,8.96µm
_00133_,8.96µm
_00267_,8.96µm
_00288_,8.96µm
_00300_,8.96µm
_00365_,8.96µm
_00367_,8.96µm
_00530_,8.96µm
_01052_,8.96µm
_01106_,8.96µm
_01281_,8.96µm
_01324_,8.96µm
_01414_,8.96µm
_01632_,8.96µm
_01890_,8.96µm
_01992_,8.96µm
_02182_,8.96µm
_02202_,8.96µm
_02286_,8.96µm
_02430_,8.96µm
_02517_,8.96µm
_02578_,8.96µm
_02664_,8.96µm
_02681_,8.96µm
_02756_,8.96µm
_03045_,8.96µm
_03048_,8.96µm
_03062_,8.96µm
_03428_,8.96µm
_04002_,8.96µm
_04143_,8.96µm
_04291_,8.96µm
_04349_,8.96µm
_04395_,8.96µm
_04413_,8.96µm
_04425_,8.96µm
_04495_,8.96µm
_04567_,8.96µm
_04821_,8.96µm
_04867_,8.96µm
_04900_,8.96µm
_05117_,8.96µm
_05118_,8.96µm
_05154_,8.96µm
_05285_,8.96µm
_05299_,8.96µm
_05311_,8.96µm
_05512_,8.96µm
_05529_,8.96µm
_05561_,8.96µm
_05585_,8.96µm
_05608_,8.96µm
_05635_,8.96µm
_05680_,8.96µm
_03701_,8.68µm
_01889_,8.55µm
_00333_,8.5µm
_01366_,8.5µm
_01420_,8.5µm
_02081_,8.5µm
_02096_,8.5µm
_03023_,8.5µm
_03287_,8.5µm
_03475_,8.5µm
_03614_,8.5µm
_03652_,8.5µm
_03715_,8.5µm
_04411_,8.5µm
_04562_,8.5µm
_04941_,8.5µm
_05173_,8.5µm
_05237_,8.5µm
_05344_,8.5µm
_05691_,8.5µm
_00065_,8.45µm
_00218_,8.45µm
_00271_,8.45µm
_00330_,8.45µm
_00395_,8.45µm
_00440_,8.45µm
_00465_,8.45µm
_00558_,8.45µm
_00738_,8.45µm
_01045_,8.45µm
_01261_,8.45µm
_01368_,8.45µm
_01369_,8.45µm
_01637_,8.45µm
_01718_,8.45µm
_01753_,8.45µm
_01841_,8.45µm
_01865_,8.45µm
_01920_,8.45µm
_01962_,8.45µm
_02020_,8.45µm
_02513_,8.45µm
_02515_,8.45µm
_02551_,8.45µm
_02675_,8.45µm
_02676_,8.45µm
_02932_,8.45µm
_03283_,8.45µm
_03518_,8.45µm
_03905_,8.45µm
_03995_,8.45µm
_04059_,8.45µm
_04103_,8.45µm
_04321_,8.45µm
_04424_,8.45µm
_04426_,8.45µm
_04603_,8.45µm
_04913_,8.45µm
_04926_,8.45µm
_05505_,8.45µm
_05651_,8.45µm
_00058_,8.4µm
_00093_,8.4µm
_00135_,8.4µm
_00161_,8.4µm
_00205_,8.4µm
_00338_,8.4µm
_00363_,8.4µm
_00366_,8.4µm
_00382_,8.4µm
_00394_,8.4µm
_00416_,8.4µm
_00467_,8.4µm
_00943_,8.4µm
_00948_,8.4µm
_01078_,8.4µm
_01086_,8.4µm
_01147_,8.4µm
_01157_,8.4µm
_01296_,8.4µm
_01345_,8.4µm
_01357_,8.4µm
_01371_,8.4µm
_01434_,8.4µm
_01522_,8.4µm
_01671_,8.4µm
_02444_,8.4µm
_02481_,8.4µm
_02488_,8.4µm
_02529_,8.4µm
_02724_,8.4µm
_02834_,8.4µm
_03008_,8.4µm
_03134_,8.4µm
_03337_,8.4µm
_03344_,8.4µm
_03503_,8.4µm
_03799_,8.4µm
_03850_,8.4µm
_04232_,8.4µm
_04305_,8.4µm
_04335_,8.4µm
_04339_,8.4µm
_04386_,8.4µm
_04433_,8.4µm
_04503_,8.4µm
_04519_,8.4µm
_04521_,8.4µm
_04624_,8.4µm
_04732_,8.4µm
_05035_,8.4µm
_05097_,8.4µm
_05100_,8.4µm
_05131_,8.4µm
_05142_,8.4µm
_05248_,8.4µm
_05271_,8.4µm
_05338_,8.4µm
_05340_,8.4µm
_05348_,8.4µm
_05392_,8.4µm
_05426_,8.4µm
_05479_,8.4µm
_05517_,8.4µm
_05605_,8.4µm
_05613_,8.4µm
_05630_,8.4µm
_05633_,8.4µm
_05646_,8.4µm
_05678_,8.4µm
_05738_,8.4µm
digital_domain_inst.spi_regs_inst.mosi_sync\[0\],8.4µm
net1774,8.4µm
_05004_,8.17µm
_04361_,8.12µm
_00700_,7.99µm
_02805_,7.99µm
_03034_,7.99µm
_04740_,7.99µm
_05137_,7.99µm
_02210_,7.94µm
_02221_,7.94µm
_02290_,7.94µm
_03390_,7.94µm
_03663_,7.94µm
_04725_,7.94µm
_04930_,7.94µm
_05245_,7.94µm
_00033_,7.89µm
_00067_,7.89µm
_00070_,7.89µm
_00143_,7.89µm
_00186_,7.89µm
_00217_,7.89µm
_00232_,7.89µm
_00236_,7.89µm
_00274_,7.89µm
_00292_,7.89µm
_00327_,7.89µm
_00383_,7.89µm
_00441_,7.89µm
_00450_,7.89µm
_00528_,7.89µm
_01089_,7.89µm
_01393_,7.89µm
_01752_,7.89µm
_01764_,7.89µm
_02000_,7.89µm
_02017_,7.89µm
_02132_,7.89µm
_02248_,7.89µm
_02621_,7.89µm
_02888_,7.89µm
_03077_,7.89µm
_03293_,7.89µm
_03711_,7.89µm
_03754_,7.89µm
_03770_,7.89µm
_04173_,7.89µm
_04407_,7.89µm
_04561_,7.89µm
_04662_,7.89µm
_04934_,7.89µm
_04953_,7.89µm
_04960_,7.89µm
_05073_,7.89µm
_05138_,7.89µm
_05459_,7.89µm
_05528_,7.89µm
_05535_,7.89µm
_05556_,7.89µm
_05579_,7.89µm
_05610_,7.89µm
_05624_,7.89µm
_05650_,7.89µm
_05698_,7.89µm
_05699_,7.89µm
digital_domain_inst.spi_regs_inst.spi_addr\[2\],7.89µm
_00041_,7.84µm
_00087_,7.84µm
_00187_,7.84µm
_00210_,7.84µm
_00233_,7.84µm
_00273_,7.84µm
_00320_,7.84µm
_00357_,7.84µm
_00370_,7.84µm
_00388_,7.84µm
_00406_,7.84µm
_00427_,7.84µm
_00525_,7.84µm
_00731_,7.84µm
_01046_,7.84µm
_01068_,7.84µm
_01070_,7.84µm
_01102_,7.84µm
_01113_,7.84µm
_01209_,7.84µm
_01403_,7.84µm
_01428_,7.84µm
_01496_,7.84µm
_01798_,7.84µm
_01974_,7.84µm
_01991_,7.84µm
_02320_,7.84µm
_02652_,7.84µm
_02897_,7.84µm
_03149_,7.84µm
_03456_,7.84µm
_03460_,7.84µm
_03519_,7.84µm
_03682_,7.84µm
_03791_,7.84µm
_03938_,7.84µm
_04101_,7.84µm
_04118_,7.84µm
_04170_,7.84µm
_04343_,7.84µm
_04357_,7.84µm
_04419_,7.84µm
_04421_,7.84µm
_04496_,7.84µm
_04569_,7.84µm
_04656_,7.84µm
_04759_,7.84µm
_04832_,7.84µm
_04840_,7.84µm
_04925_,7.84µm
_05133_,7.84µm
_05146_,7.84µm
_05186_,7.84µm
_05236_,7.84µm
_05289_,7.84µm
_05441_,7.84µm
_05456_,7.84µm
_05506_,7.84µm
_05519_,7.84µm
_05558_,7.84µm
_05574_,7.84µm
_05587_,7.84µm
_05621_,7.84µm
_05664_,7.84µm
_05703_,7.84µm
_00149_,7.78µm
_05000_,7.56µm
_01290_,7.43µm
_00461_,7.38µm
_01350_,7.38µm
_02696_,7.38µm
_03002_,7.38µm
_03233_,7.38µm
_03334_,7.38µm
_04109_,7.38µm
_04454_,7.38µm
_05038_,7.38µm
_05145_,7.38µm
_05282_,7.38µm
_05386_,7.38µm
_05473_,7.38µm
_05741_,7.38µm
digital_domain_inst.wave_controller_y_inst.phase_acc\[17\],7.38µm
_00100_,7.33µm
_00207_,7.33µm
_00213_,7.33µm
_00253_,7.33µm
_00272_,7.33µm
_00287_,7.33µm
_00442_,7.33µm
_00863_,7.33µm
_00868_,7.33µm
_00892_,7.33µm
_00988_,7.33µm
_01032_,7.33µm
_01088_,7.33µm
_01163_,7.33µm
_01176_,7.33µm
_01331_,7.33µm
_01615_,7.33µm
_01646_,7.33µm
_01963_,7.33µm
_02229_,7.33µm
_02301_,7.33µm
_02425_,7.33µm
_02467_,7.33µm
_03483_,7.33µm
_03600_,7.33µm
_03726_,7.33µm
_03800_,7.33µm
_03860_,7.33µm
_03862_,7.33µm
_03949_,7.33µm
_03952_,7.33µm
_04271_,7.33µm
_04336_,7.33µm
_04374_,7.33µm
_04575_,7.33µm
_04639_,7.33µm
_04719_,7.33µm
_04746_,7.33µm
_04812_,7.33µm
_04924_,7.33µm
_05096_,7.33µm
_05106_,7.33µm
_05291_,7.33µm
_05364_,7.33µm
_05430_,7.33µm
_05518_,7.33µm
_05530_,7.33µm
_05547_,7.33µm
_05577_,7.33µm
_05721_,7.33µm
_05760_,7.33µm
digital_domain_inst.spi_regs_inst.cs_sync\[0\],7.33µm
digital_domain_inst.spi_regs_inst.sclk_sync\[0\],7.33µm
digital_domain_inst.wave_controller_x_inst.ds_acc\[3\],7.33µm
digital_domain_inst.wave_controller_y_inst.capture_pending,7.33µm
_00006_,7.28µm
_00051_,7.28µm
_00069_,7.28µm
_00106_,7.28µm
_00125_,7.28µm
_00159_,7.28µm
_00174_,7.28µm
_00177_,7.28µm
_00204_,7.28µm
_00214_,7.28µm
_00261_,7.28µm
_00264_,7.28µm
_00303_,7.28µm
_00348_,7.28µm
_00351_,7.28µm
_00380_,7.28µm
_00457_,7.28µm
_00462_,7.28µm
_00538_,7.28µm
_00852_,7.28µm
_00933_,7.28µm
_01039_,7.28µm
_01083_,7.28µm
_01104_,7.28µm
_01111_,7.28µm
_01156_,7.28µm
_01192_,7.28µm
_01216_,7.28µm
_01226_,7.28µm
_01441_,7.28µm
_01880_,7.28µm
_01959_,7.28µm
_02161_,7.28µm
_02447_,7.28µm
_02522_,7.28µm
_02640_,7.28µm
_02695_,7.28µm
_02707_,7.28µm
_02738_,7.28µm
_02757_,7.28µm
_03159_,7.28µm
_03218_,7.28µm
_03387_,7.28µm
_03853_,7.28µm
_03893_,7.28µm
_03899_,7.28µm
_04063_,7.28µm
_04114_,7.28µm
_04153_,7.28µm
_04165_,7.28µm
_04302_,7.28µm
_04331_,7.28µm
_04399_,7.28µm
_04439_,7.28µm
_04440_,7.28µm
_04546_,7.28µm
_04557_,7.28µm
_04627_,7.28µm
_04657_,7.28µm
_04668_,7.28µm
_04750_,7.28µm
_04795_,7.28µm
_04921_,7.28µm
_04929_,7.28µm
_04931_,7.28µm
_04947_,7.28µm
_04949_,7.28µm
_04962_,7.28µm
_04968_,7.28µm
_04982_,7.28µm
_05053_,7.28µm
_05164_,7.28µm
_05199_,7.28µm
_05204_,7.28µm
_05321_,7.28µm
_05420_,7.28µm
_05526_,7.28µm
_05570_,7.28µm
_05588_,7.28µm
_05629_,7.28µm
_05757_,7.28µm
digital_domain_inst.wave_controller_x_inst.ds_acc\[8\],7.28µm
dir_x,7.14µm
_00061_,6.82µm
_00702_,6.82µm
_00735_,6.82µm
_00907_,6.82µm
_02219_,6.82µm
_02505_,6.82µm
_02934_,6.82µm
_03331_,6.82µm
_03479_,6.82µm
_04643_,6.82µm
_04763_,6.82µm
_04915_,6.82µm
_05453_,6.82µm
_05532_,6.82µm
_00024_,6.77µm
_00037_,6.77µm
_00059_,6.77µm
_00068_,6.77µm
_00073_,6.77µm
_00108_,6.77µm
_00114_,6.77µm
_00117_,6.77µm
_00188_,6.77µm
_00282_,6.77µm
_00342_,6.77µm
_00343_,6.77µm
_00377_,6.77µm
_00381_,6.77µm
_00474_,6.77µm
_00734_,6.77µm
_01126_,6.77µm
_01443_,6.77µm
_01530_,6.77µm
_01719_,6.77µm
_01812_,6.77µm
_01851_,6.77µm
_02291_,6.77µm
_02717_,6.77µm
_02942_,6.77µm
_02971_,6.77µm
_02990_,6.77µm
_03398_,6.77µm
_03416_,6.77µm
_03420_,6.77µm
_03467_,6.77µm
_03501_,6.77µm
_03732_,6.77µm
_03790_,6.77µm
_03802_,6.77µm
_03851_,6.77µm
_04016_,6.77µm
_04096_,6.77µm
_04133_,6.77µm
_04388_,6.77µm
_04773_,6.77µm
_04820_,6.77µm
_04950_,6.77µm
_05054_,6.77µm
_05156_,6.77µm
_05322_,6.77µm
_05452_,6.77µm
_05557_,6.77µm
_05656_,6.77µm
_05702_,6.77µm
_05768_,6.77µm
_00025_,6.72µm
_00046_,6.72µm
_00047_,6.72µm
_00091_,6.72µm
_00120_,6.72µm
_00138_,6.72µm
_00155_,6.72µm
_00178_,6.72µm
_00234_,6.72µm
_00294_,6.72µm
_00319_,6.72µm
_00321_,6.72µm
_00325_,6.72µm
_00355_,6.72µm
_00437_,6.72µm
_00446_,6.72µm
_00844_,6.72µm
_00904_,6.72µm
_00991_,6.72µm
_01024_,6.72µm
_01117_,6.72µm
_01298_,6.72µm
_01402_,6.72µm
_01407_,6.72µm
_01413_,6.72µm
_01722_,6.72µm
_01783_,6.72µm
_01862_,6.72µm
_02175_,6.72µm
_02464_,6.72µm
_02507_,6.72µm
_02729_,6.72µm
_02744_,6.72µm
_02860_,6.72µm
_03038_,6.72µm
_03096_,6.72µm
_03114_,6.72µm
_03145_,6.72µm
_03405_,6.72µm
_03423_,6.72µm
_03469_,6.72µm
_03500_,6.72µm
_03759_,6.72µm
_03767_,6.72µm
_03806_,6.72µm
_03867_,6.72µm
_03917_,6.72µm
_04019_,6.72µm
_04026_,6.72µm
_04304_,6.72µm
_04358_,6.72µm
_04375_,6.72µm
_04401_,6.72µm
_04427_,6.72µm
_04545_,6.72µm
_04573_,6.72µm
_04601_,6.72µm
_04713_,6.72µm
_04943_,6.72µm
_04963_,6.72µm
_05028_,6.72µm
_05065_,6.72µm
_05109_,6.72µm
_05294_,6.72µm
_05315_,6.72µm
_05449_,6.72µm
_05461_,6.72µm
_05507_,6.72µm
_05510_,6.72µm
_05527_,6.72µm
_05572_,6.72µm
_05612_,6.72µm
digital_domain_inst.signal_processor_x_inst.s90_pipe\[1\],6.72µm
digital_domain_inst.wave_controller_y_inst.cal_burst_count\[1\],6.72µm
digital_domain_inst.wave_controller_y_inst.ds_acc\[6\],6.72µm
move_en_x,6.58µm
spi_miso_oe,6.58µm
_00768_,6.31µm
_05464_,6.31µm
_00375_,6.26µm
_01022_,6.26µm
_01108_,6.26µm
_01297_,6.26µm
_01356_,6.26µm
_01686_,6.26µm
_01967_,6.26µm
_02962_,6.26µm
_02965_,6.26µm
_03051_,6.26µm
_03244_,6.26µm
_03753_,6.26µm
_03845_,6.26µm
_04064_,6.26µm
_04415_,6.26µm
_04958_,6.26µm
_04993_,6.26µm
_05593_,6.26µm
_05620_,6.26µm
_00004_,6.21µm
_00015_,6.21µm
_00105_,6.21µm
_00162_,6.21µm
_00184_,6.21µm
_00203_,6.21µm
_00373_,6.21µm
_00387_,6.21µm
_00397_,6.21µm
_00399_,6.21µm
_00526_,6.21µm
_00915_,6.21µm
_01096_,6.21µm
_01170_,6.21µm
_01700_,6.21µm
_01800_,6.21µm
_01838_,6.21µm
_02159_,6.21µm
_02297_,6.21µm
_02367_,6.21µm
_02553_,6.21µm
_02742_,6.21µm
_02780_,6.21µm
_02861_,6.21µm
_03128_,6.21µm
_03129_,6.21µm
_03307_,6.21µm
_03490_,6.21µm
_03680_,6.21µm
_04074_,6.21µm
_04178_,6.21µm
_04348_,6.21µm
_04364_,6.21µm
_04437_,6.21µm
_04541_,6.21µm
_04570_,6.21µm
_04721_,6.21µm
_04837_,6.21µm
_04848_,6.21µm
_04882_,6.21µm
_04902_,6.21µm
_05031_,6.21µm
_05101_,6.21µm
_05319_,6.21µm
_05397_,6.21µm
_05514_,6.21µm
_05525_,6.21µm
_05543_,6.21µm
_05569_,6.21µm
_00016_,6.16µm
_00020_,6.16µm
_00028_,6.16µm
_00056_,6.16µm
_00107_,6.16µm
_00151_,6.16µm
_00235_,6.16µm
_00311_,6.16µm
_00344_,6.16µm
_00392_,6.16µm
_00402_,6.16µm
_00407_,6.16µm
_00495_,6.16µm
_00855_,6.16µm
_01063_,6.16µm
_01114_,6.16µm
_01341_,6.16µm
_01342_,6.16µm
_01435_,6.16µm
_01478_,6.16µm
_01733_,6.16µm
_01775_,6.16µm
_01893_,6.16µm
_01997_,6.16µm
_02086_,6.16µm
_02288_,6.16µm
_02428_,6.16µm
_02544_,6.16µm
_03326_,6.16µm
_03757_,6.16µm
_03818_,6.16µm
_03821_,6.16µm
_03841_,6.16µm
_03913_,6.16µm
_04054_,6.16µm
_04213_,6.16µm
_04428_,6.16µm
_04472_,6.16µm
_04505_,6.16µm
_04566_,6.16µm
_04588_,6.16µm
_04875_,6.16µm
_04885_,6.16µm
_04889_,6.16µm
_04938_,6.16µm
_04944_,6.16µm
_04976_,6.16µm
_05045_,6.16µm
_05062_,6.16µm
_05066_,6.16µm
_05127_,6.16µm
_05152_,6.16µm
_05284_,6.16µm
_05304_,6.16µm
_05648_,6.16µm
digital_domain_inst.wave_controller_y_inst.comp_sync2,6.16µm
digital_domain_inst.wave_controller_y_inst.ds_acc\[0\],6.16µm
_00405_,6.1µm
ref_wave_x,6.02µm
_01928_,5.93µm
_05597_,5.87µm
net9,5.75µm
_00837_,5.7µm
_00922_,5.7µm
_01277_,5.7µm
_01560_,5.7µm
_01810_,5.7µm
_02348_,5.7µm
_02699_,5.7µm
_02853_,5.7µm
_02956_,5.7µm
_03714_,5.7µm
_03794_,5.7µm
_04333_,5.7µm
_04964_,5.7µm
_04966_,5.7µm
_05356_,5.7µm
_05440_,5.7µm
_05609_,5.7µm
_05761_,5.7µm
_00019_,5.65µm
_00062_,5.65µm
_00140_,5.65µm
_00175_,5.65µm
_00297_,5.65µm
_00324_,5.65µm
_00404_,5.65µm
_00424_,5.65µm
_00468_,5.65µm
_00477_,5.65µm
_00480_,5.65µm
_00537_,5.65µm
_00938_,5.65µm
_00985_,5.65µm
_01041_,5.65µm
_01115_,5.65µm
_01234_,5.65µm
_01343_,5.65µm
_02139_,5.65µm
_02609_,5.65µm
_02659_,5.65µm
_02944_,5.65µm
_02982_,5.65µm
_03063_,5.65µm
_03070_,5.65µm
_03265_,5.65µm
_03357_,5.65µm
_03364_,5.65µm
_03969_,5.65µm
_04160_,5.65µm
_04400_,5.65µm
_04547_,5.65µm
_04745_,5.65µm
_04747_,5.65µm
_04760_,5.65µm
_04791_,5.65µm
_04946_,5.65µm
_05084_,5.65µm
_05161_,5.65µm
_05220_,5.65µm
_05401_,5.65µm
_05454_,5.65µm
_05469_,5.65µm
_05472_,5.65µm
_05622_,5.65µm
digital_domain_inst.latch_phase270_ack_x,5.65µm
_00023_,5.6µm
_00078_,5.6µm
_00092_,5.6µm
_00150_,5.6µm
_00238_,5.6µm
_00252_,5.6µm
_00331_,5.6µm
_00438_,5.6µm
_00459_,5.6µm
_00463_,5.6µm
_00496_,5.6µm
_00954_,5.6µm
_01112_,5.6µm
_01116_,5.6µm
_01388_,5.6µm
_01410_,5.6µm
_01460_,5.6µm
_01485_,5.6µm
_01649_,5.6µm
_01672_,5.6µm
_01699_,5.6µm
_01760_,5.6µm
_01785_,5.6µm
_02281_,5.6µm
_02429_,5.6µm
_02639_,5.6µm
_02748_,5.6µm
_02783_,5.6µm
_02908_,5.6µm
_03012_,5.6µm
_03087_,5.6µm
_03318_,5.6µm
_03635_,5.6µm
_03815_,5.6µm
_04078_,5.6µm
_04175_,5.6µm
_04212_,5.6µm
_04235_,5.6µm
_04320_,5.6µm
_04338_,5.6µm
_04513_,5.6µm
_04585_,5.6µm
_04718_,5.6µm
_04728_,5.6µm
_04842_,5.6µm
_04881_,5.6µm
_04912_,5.6µm
_05095_,5.6µm
_05135_,5.6µm
_05159_,5.6µm
_05298_,5.6µm
_05413_,5.6µm
_05483_,5.6µm
_05484_,5.6µm
_05576_,5.6µm
_05670_,5.6µm
rst_n,5.51µm
spi_cs_n,5.46µm
dir_y,5.25µm
move_en_y,5.25µm
ref_wave_y,5.25µm
_00052_,5.14µm
_00220_,5.14µm
_00317_,5.14µm
_00417_,5.14µm
_00861_,5.14µm
_01520_,5.14µm
_02033_,5.14µm
_02661_,5.14µm
_03106_,5.14µm
_03723_,5.14µm
_03803_,5.14µm
_04218_,5.14µm
_04350_,5.14µm
_04414_,5.14µm
_04465_,5.14µm
_04628_,5.14µm
_04927_,5.14µm
_05104_,5.14µm
_05130_,5.14µm
_05250_,5.14µm
_05336_,5.14µm
_05437_,5.14µm
_05758_,5.14µm
_00082_,5.09µm
_00128_,5.09µm
_00165_,5.09µm
_00237_,5.09µm
_00411_,5.09µm
_01121_,5.09µm
_01224_,5.09µm
_01913_,5.09µm
_02114_,5.09µm
_02874_,5.09µm
_03101_,5.09µm
_03234_,5.09µm
_03303_,5.09µm
_03526_,5.09µm
_03695_,5.09µm
_03859_,5.09µm
_03904_,5.09µm
_03934_,5.09µm
_04182_,5.09µm
_04342_,5.09µm
_04404_,5.09µm
_04583_,5.09µm
_04672_,5.09µm
_05040_,5.09µm
_05069_,5.09µm
_05080_,5.09µm
_05583_,5.09µm
_05739_,5.09µm
_00018_,5.04µm
_00029_,5.04µm
_00034_,5.04µm
_00043_,5.04µm
_00146_,5.04µm
_00211_,5.04µm
_00242_,5.04µm
_00270_,5.04µm
_00278_,5.04µm
_00298_,5.04µm
_00384_,5.04µm
_00415_,5.04µm
_00425_,5.04µm
_00436_,5.04µm
_00449_,5.04µm
_00479_,5.04µm
_00503_,5.04µm
_00514_,5.04µm
_00835_,5.04µm
_00901_,5.04µm
_00978_,5.04µm
_01020_,5.04µm
_01072_,5.04µm
_01194_,5.04µm
_01272_,5.04µm
_01826_,5.04µm
_01994_,5.04µm
_02238_,5.04µm
_02415_,5.04µm
_02573_,5.04µm
_02679_,5.04µm
_02719_,5.04µm
_03209_,5.04µm
_03274_,5.04µm
_03330_,5.04µm
_03426_,5.04µm
_03760_,5.04µm
_03877_,5.04µm
_04021_,5.04µm
_04065_,5.04µm
_04094_,5.04µm
_04154_,5.04µm
_04363_,5.04µm
_04432_,5.04µm
_04692_,5.04µm
_04794_,5.04µm
_04863_,5.04µm
_04898_,5.04µm
_04954_,5.04µm
_05049_,5.04µm
_05129_,5.04µm
_05140_,5.04µm
_05231_,5.04µm
_05293_,5.04µm
_05301_,5.04µm
_05312_,5.04µm
_05470_,5.04µm
_05476_,5.04µm
_05594_,5.04µm
_05668_,5.04µm
_05695_,5.04µm
_05766_,5.04µm
digital_domain_inst.signal_processor_x_inst.s270_pipe\[0\],5.04µm
digital_domain_inst.signal_processor_y_inst.s270_pipe\[2\],5.04µm
digital_domain_inst.spi_regs_inst.spi_addr\[6\],5.04µm
digital_domain_inst.wave_controller_x_inst.comp_sync1,5.04µm
mems_drv_x,4.9µm
_00865_,4.58µm
_00899_,4.58µm
_01899_,4.58µm
_02044_,4.58µm
_02232_,4.58µm
_02494_,4.58µm
_02506_,4.58µm
_02667_,4.58µm
_02726_,4.58µm
_03097_,4.58µm
_03317_,4.58µm
_03686_,4.58µm
_03822_,4.58µm
_04167_,4.58µm
_04189_,4.58µm
_04368_,4.58µm
_04928_,4.58µm
_05002_,4.58µm
_05061_,4.58µm
_05260_,4.58µm
_05502_,4.58µm
_05603_,4.58µm
digital_domain_inst.wave_controller_x_inst.comp_sync2,4.58µm
net1443,4.58µm
_00032_,4.53µm
_00057_,4.53µm
_00077_,4.53µm
_00280_,4.53µm
_00729_,4.53µm
_01282_,4.53µm
_01639_,4.53µm
_02001_,4.53µm
_02703_,4.53µm
_03127_,4.53µm
_03352_,4.53µm
_03443_,4.53µm
_03849_,4.53µm
_03943_,4.53µm
_04536_,4.53µm
_04555_,4.53µm
_04595_,4.53µm
_04933_,4.53µm
_05099_,4.53µm
_05110_,4.53µm
_05548_,4.53µm
_05614_,4.53µm
_00011_,4.48µm
_00017_,4.48µm
_00022_,4.48µm
_00040_,4.48µm
_00071_,4.48µm
_00079_,4.48µm
_00102_,4.48µm
_00111_,4.48µm
_00147_,4.48µm
_00163_,4.48µm
_00215_,4.48µm
_00216_,4.48µm
_00225_,4.48µm
_00240_,4.48µm
_00244_,4.48µm
_00268_,4.48µm
_00293_,4.48µm
_00460_,4.48µm
_00478_,4.48µm
_00501_,4.48µm
_00504_,4.48µm
_00509_,4.48µm
_00524_,4.48µm
_00873_,4.48µm
_00955_,4.48µm
_01000_,4.48µm
_01019_,4.48µm
_01035_,4.48µm
_01038_,4.48µm
_01042_,4.48µm
_01150_,4.48µm
_01205_,4.48µm
_01521_,4.48µm
_01806_,4.48µm
_01956_,4.48µm
_02010_,4.48µm
_02047_,4.48µm
_02235_,4.48µm
_02275_,4.48µm
_02398_,4.48µm
_02400_,4.48µm
_02404_,4.48µm
_02417_,4.48µm
_02492_,4.48µm
_02495_,4.48µm
_02543_,4.48µm
_02590_,4.48µm
_02720_,4.48µm
_02730_,4.48µm
_02825_,4.48µm
_03042_,4.48µm
_03065_,4.48µm
_03125_,4.48µm
_03135_,4.48µm
_03186_,4.48µm
_03321_,4.48µm
_03537_,4.48µm
_03602_,4.48µm
_03836_,4.48µm
_03840_,4.48µm
_03887_,4.48µm
_03900_,4.48µm
_03978_,4.48µm
_04152_,4.48µm
_04164_,4.48µm
_04531_,4.48µm
_04550_,4.48µm
_04635_,4.48µm
_04716_,4.48µm
_04818_,4.48µm
_04843_,4.48µm
_04896_,4.48µm
_05015_,4.48µm
_05037_,4.48µm
_05088_,4.48µm
_05093_,4.48µm
_05208_,4.48µm
_05308_,4.48µm
_05359_,4.48µm
_05457_,4.48µm
_05568_,4.48µm
_05611_,4.48µm
_05696_,4.48µm
_05701_,4.48µm
_05769_,4.48µm
_00144_,4.42µm
spi_miso,4.34µm
_04131_,4.06µm
_00142_,4.02µm
_02220_,4.02µm
_02531_,4.02µm
_02909_,4.02µm
_03437_,4.02µm
_04258_,4.02µm
_04576_,4.02µm
_05467_,4.02µm
_00166_,3.98µm
_00109_,3.97µm
_00337_,3.97µm
_00428_,3.97µm
_00843_,3.97µm
_01151_,3.97µm
_02004_,3.97µm
_02849_,3.97µm
_03747_,3.97µm
_04184_,3.97µm
_04378_,3.97µm
_04788_,3.97µm
_04816_,3.97µm
_05681_,3.97µm
_00014_,3.92µm
_00066_,3.92µm
_00074_,3.92µm
_00083_,3.92µm
_00098_,3.92µm
_00123_,3.92µm
_00132_,3.92µm
_00154_,3.92µm
_00158_,3.92µm
_00164_,3.92µm
_00199_,3.92µm
_00223_,3.92µm
_00256_,3.92µm
_00302_,3.92µm
_00329_,3.92µm
_00347_,3.92µm
_00409_,3.92µm
_00448_,3.92µm
_00476_,3.92µm
_00492_,3.92µm
_00529_,3.92µm
_00532_,3.92µm
_00533_,3.92µm
_00911_,3.92µm
_01010_,3.92µm
_01049_,3.92µm
_01098_,3.92µm
_01109_,3.92µm
_01118_,3.92µm
_01122_,3.92µm
_01138_,3.92µm
_01162_,3.92µm
_01222_,3.92µm
_01252_,3.92µm
_01294_,3.92µm
_01339_,3.92µm
_01352_,3.92µm
_01412_,3.92µm
_01415_,3.92µm
_01787_,3.92µm
_01792_,3.92µm
_01793_,3.92µm
_01839_,3.92µm
_01895_,3.92µm
_01989_,3.92µm
_02059_,3.92µm
_02143_,3.92µm
_02190_,3.92µm
_02279_,3.92µm
_02366_,3.92µm
_02376_,3.92µm
_02558_,3.92µm
_02789_,3.92µm
_03009_,3.92µm
_03022_,3.92µm
_03044_,3.92µm
_03095_,3.92µm
_03140_,3.92µm
_03221_,3.92µm
_03246_,3.92µm
_03308_,3.92µm
_03315_,3.92µm
_03345_,3.92µm
_03348_,3.92µm
_03403_,3.92µm
_03512_,3.92µm
_03546_,3.92µm
_03634_,3.92µm
_03730_,3.92µm
_03743_,3.92µm
_03814_,3.92µm
_03915_,3.92µm
_04023_,3.92µm
_04034_,3.92µm
_04068_,3.92µm
_04087_,3.92µm
_04100_,3.92µm
_04104_,3.92µm
_04121_,3.92µm
_04144_,3.92µm
_04166_,3.92µm
_04223_,3.92µm
_04334_,3.92µm
_04346_,3.92µm
_04409_,3.92µm
_04417_,3.92µm
_04422_,3.92µm
_04430_,3.92µm
_04438_,3.92µm
_04476_,3.92µm
_04479_,3.92µm
_04587_,3.92µm
_04670_,3.92µm
_04727_,3.92µm
_04777_,3.92µm
_04853_,3.92µm
_04893_,3.92µm
_04894_,3.92µm
_04899_,3.92µm
_04905_,3.92µm
_04951_,3.92µm
_05075_,3.92µm
_05079_,3.92µm
_05119_,3.92µm
_05121_,3.92µm
_05136_,3.92µm
_05139_,3.92µm
_05147_,3.92µm
_05184_,3.92µm
_05243_,3.92µm
_05265_,3.92µm
_05275_,3.92µm
_05367_,3.92µm
_05415_,3.92µm
_05439_,3.92µm
_05482_,3.92µm
_05523_,3.92µm
_05539_,3.92µm
_05562_,3.92µm
_05584_,3.92µm
_05687_,3.92µm
spi_mosi,3.83µm
spi_sclk,3.78µm
mems_drv_y,3.52µm
_01447_,3.46µm
_01857_,3.46µm
_02628_,3.46µm
_03442_,3.46µm
_03550_,3.46µm
_03559_,3.46µm
_03691_,3.46µm
_03720_,3.46µm
_03828_,3.46µm
_03916_,3.46µm
_04380_,3.46µm
_04579_,3.46µm
_04754_,3.46µm
_04783_,3.46µm
_04918_,3.46µm
_05203_,3.46µm
_05416_,3.46µm
_05601_,3.46µm
_05626_,3.46µm
_05767_,3.46µm
digital_domain_inst.signal_processor_x_inst.s270_pipe\[2\],3.46µm
_01155_,3.41µm
_02246_,3.41µm
_02627_,3.41µm
_02758_,3.41µm
_03712_,3.41µm
_04845_,3.41µm
_05162_,3.41µm
_00072_,3.36µm
_00080_,3.36µm
_00084_,3.36µm
_00085_,3.36µm
_00101_,3.36µm
_00118_,3.36µm
_00122_,3.36µm
_00129_,3.36µm
_00137_,3.36µm
_00145_,3.36µm
_00148_,3.36µm
_00167_,3.36µm
_00169_,3.36µm
_00176_,3.36µm
_00179_,3.36µm
_00200_,3.36µm
_00219_,3.36µm
_00228_,3.36µm
_00229_,3.36µm
_00249_,3.36µm
_00275_,3.36µm
_00281_,3.36µm
_00326_,3.36µm
_00349_,3.36µm
_00362_,3.36µm
_00445_,3.36µm
_00451_,3.36µm
_00452_,3.36µm
_00472_,3.36µm
_00486_,3.36µm
_00488_,3.36µm
_00498_,3.36µm
_00500_,3.36µm
_00508_,3.36µm
_00510_,3.36µm
_00512_,3.36µm
_00871_,3.36µm
_00890_,3.36µm
_00898_,3.36µm
_00926_,3.36µm
_00949_,3.36µm
_01025_,3.36µm
_01033_,3.36µm
_01148_,3.36µm
_01256_,3.36µm
_01387_,3.36µm
_01634_,3.36µm
_01654_,3.36µm
_01656_,3.36µm
_01676_,3.36µm
_01677_,3.36µm
_01687_,3.36µm
_01732_,3.36µm
_01852_,3.36µm
_01999_,3.36µm
_02031_,3.36µm
_02131_,3.36µm
_02184_,3.36µm
_02249_,3.36µm
_02273_,3.36µm
_02321_,3.36µm
_02371_,3.36µm
_02375_,3.36µm
_02477_,3.36µm
_02550_,3.36µm
_02649_,3.36µm
_02686_,3.36µm
_02754_,3.36µm
_02771_,3.36µm
_02806_,3.36µm
_02830_,3.36µm
_02837_,3.36µm
_02886_,3.36µm
_02901_,3.36µm
_02979_,3.36µm
_03000_,3.36µm
_03059_,3.36µm
_03069_,3.36µm
_03123_,3.36µm
_03158_,3.36µm
_03215_,3.36µm
_03351_,3.36µm
_03377_,3.36µm
_03446_,3.36µm
_03566_,3.36µm
_03670_,3.36µm
_03716_,3.36µm
_03721_,3.36µm
_03750_,3.36µm
_03772_,3.36µm
_03837_,3.36µm
_04037_,3.36µm
_04116_,3.36µm
_04149_,3.36µm
_04171_,3.36µm
_04303_,3.36µm
_04347_,3.36µm
_04383_,3.36µm
_04410_,3.36µm
_04412_,3.36µm
_04533_,3.36µm
_04558_,3.36µm
_04584_,3.36µm
_04625_,3.36µm
_04649_,3.36µm
_04730_,3.36µm
_04738_,3.36µm
_04739_,3.36µm
_04751_,3.36µm
_04764_,3.36µm
_04780_,3.36µm
_04781_,3.36µm
_04787_,3.36µm
_04790_,3.36µm
_04873_,3.36µm
_04879_,3.36µm
_04936_,3.36µm
_04996_,3.36µm
_05056_,3.36µm
_05091_,3.36µm
_05144_,3.36µm
_05151_,3.36µm
_05278_,3.36µm
_05283_,3.36µm
_05303_,3.36µm
_05307_,3.36µm
_05333_,3.36µm
_05404_,3.36µm
_05489_,3.36µm
_05499_,3.36µm
_05541_,3.36µm
_05578_,3.36µm
_05580_,3.36µm
_05586_,3.36µm
_05590_,3.36µm
_05606_,3.36µm
_05647_,3.36µm
_05671_,3.36µm
_05684_,3.36µm
_05736_,3.36µm
digital_domain_inst.latch_phase270_ack_y,3.36µm
digital_domain_inst.latch_phase90_ack_x,3.36µm
_00277_,3.3µm
_00958_,2.9µm
_01824_,2.9µm
_02349_,2.9µm
_02576_,2.9µm
_02998_,2.9µm
_04340_,2.9µm
_04435_,2.9µm
digital_domain_inst.spi_regs_inst.reg_wr_en,2.9µm
_00027_,2.8µm
_00038_,2.8µm
_00042_,2.8µm
_00060_,2.8µm
_00081_,2.8µm
_00094_,2.8µm
_00115_,2.8µm
_00126_,2.8µm
_00139_,2.8µm
_00141_,2.8µm
_00152_,2.8µm
_00153_,2.8µm
_00157_,2.8µm
_00168_,2.8µm
_00170_,2.8µm
_00172_,2.8µm
_00196_,2.8µm
_00245_,2.8µm
_00262_,2.8µm
_00296_,2.8µm
_00310_,2.8µm
_00361_,2.8µm
_00372_,2.8µm
_00379_,2.8µm
_00385_,2.8µm
_00389_,2.8µm
_00390_,2.8µm
_00471_,2.8µm
_00473_,2.8µm
_00481_,2.8µm
_00489_,2.8µm
_00505_,2.8µm
_00506_,2.8µm
_00511_,2.8µm
_00523_,2.8µm
_00534_,2.8µm
_00536_,2.8µm
_00857_,2.8µm
_00935_,2.8µm
_00951_,2.8µm
_01254_,2.8µm
_01258_,2.8µm
_01262_,2.8µm
_01396_,2.8µm
_01756_,2.8µm
_01769_,2.8µm
_01907_,2.8µm
_01919_,2.8µm
_01988_,2.8µm
_02058_,2.8µm
_02305_,2.8µm
_02448_,2.8µm
_02463_,2.8µm
_02534_,2.8µm
_02542_,2.8µm
_02668_,2.8µm
_02689_,2.8µm
_02787_,2.8µm
_02826_,2.8µm
_02929_,2.8µm
_03214_,2.8µm
_03217_,2.8µm
_03363_,2.8µm
_03478_,2.8µm
_03489_,2.8µm
_03505_,2.8µm
_03812_,2.8µm
_04353_,2.8µm
_04406_,2.8µm
_04423_,2.8µm
_04458_,2.8µm
_04525_,2.8µm
_04647_,2.8µm
_04659_,2.8µm
_04683_,2.8µm
_04723_,2.8µm
_04768_,2.8µm
_04825_,2.8µm
_04839_,2.8µm
_04841_,2.8µm
_04855_,2.8µm
_05114_,2.8µm
_05125_,2.8µm
_05132_,2.8µm
_05169_,2.8µm
_05551_,2.8µm
_05602_,2.8µm
_05737_,2.8µm
digital_domain_inst.raw_edge1_x\[13\],2.8µm
_01592_,2.34µm
_01624_,2.34µm
_02514_,2.34µm
_02831_,2.34µm
_03449_,2.34µm
_04502_,2.34µm
_05310_,2.34µm
_05434_,2.34µm
_05481_,2.34µm
_05522_,2.34µm
_04580_,2.29µm
_00895_,2.24µm
_01166_,2.24µm
_01213_,2.24µm
_01378_,2.24µm
_01641_,2.24µm
_01746_,2.24µm
_02030_,2.24µm
_02188_,2.24µm
_02344_,2.24µm
_02556_,2.24µm
_02747_,2.24µm
_02890_,2.24µm
_02911_,2.24µm
_03006_,2.24µm
_03333_,2.24µm
_03493_,2.24µm
_03515_,2.24µm
_03581_,2.24µm
_03643_,2.24µm
_03667_,2.24µm
_03694_,2.24µm
_03861_,2.24µm
_03964_,2.24µm
_04007_,2.24µm
_04370_,2.24µm
_04524_,2.24µm
_04591_,2.24µm
_04600_,2.24µm
_04631_,2.24µm
_04735_,2.24µm
_04758_,2.24µm
_05068_,2.24µm
_05122_,2.24µm
_05123_,2.24µm
_05241_,2.24µm
_05409_,2.24µm
_05463_,2.24µm
_05752_,2.24µm
_05754_,2.24µm
_00952_,1.68µm
_01174_,1.68µm
_01767_,1.68µm
_01850_,1.68µm
_02933_,1.68µm
_03706_,1.68µm
_04031_,1.68µm
_04360_,1.68µm
_04385_,1.68µm
_04596_,1.68µm
_04606_,1.68µm
_04626_,1.68µm
_05534_,1.68µm
