net,length_um
clknet_0_clk,1.2014mm
net628,724.38µm
net405,706.31µm
wave_controller_y_inst/net176,595.17µm
wave_controller_y_inst/net146,581.78µm
wave_controller_y_inst/net24,578.83µm
clk,573.35µm
wave_controller_y_inst/net323,556.18µm
net404,551.62µm
spi_regs_inst/net472,550.88µm
wave_controller_y_inst/net22,550.32µm
spi_regs_inst/net487,543.07µm
net402,541.87µm
spi_regs_inst/net468,538.56µm
spi_regs_inst/net470,527.31µm
clknet_3_2__leaf_clk,522.73µm
spi_regs_inst/net475,516.72µm
wave_controller_x_inst/net333,499.67µm
spi_regs_inst/net480,498.9µm
net608,498.5µm
clknet_3_7__leaf_clk,493.51µm
net513,491.98µm
cal_done_y,491.24µm
clknet_3_3__leaf_clk,489.74µm
wave_controller_x_inst/net33,477.01µm
wave_controller_y_inst/net395,474.98µm
wave_controller_x_inst/net35,471.72µm
net499,469.81µm
wave_controller_x_inst/net165,468.51µm
net434,465.67µm
clknet_3_6__leaf_clk,463.88µm
wave_controller_y_inst/net394,454.41µm
net570,446.57µm
wave_controller_y_inst/net139,441.58µm
wave_controller_x_inst/net164,441.39µm
spi_regs_inst/net489,440.56µm
clknet_3_5__leaf_clk,438.17µm
wave_controller_y_inst/net412,433.03µm
wave_controller_x_inst/net403,431.3µm
delay_wave_cycle_y\[0\],430.94µm
spi_regs_inst/net492,426.82µm
raw_edge2_x\[4\],424.07µm
wave_controller_x_inst/net162,421.42µm
net581,417.91µm
wave_controller_y_inst/net144,414.65µm
spi_regs_inst/net494,407.17µm
net511,406.81µm
spi_regs_inst/net476,406.76µm
raw_edge3_x\[4\],405.47µm
wave_controller_x_inst/_1278_,403.35µm
cfg_phase270_offset_x\[19\],398.36µm
delay_wave_cycle_y\[4\],398.36µm
raw_edge3_y\[20\],395.05µm
clknet_leaf_45_clk,394.64µm
wave_controller_y_inst/net140,394.49µm
wave_controller_y_inst/net145,393.83µm
raw_edge2_x\[20\],391.8µm
wave_controller_y_inst/_0744_,391.3µm
delay_wave_cycle_y\[5\],390.57µm
wave_controller_y_inst/net125,388.29µm
delay_wave_cycle_x\[4\],386.65µm
raw_edge2_y\[0\],385.8µm
spi_regs_inst/net471,385.58µm
raw_edge1_x\[11\],385.48µm
net505,384.03µm
delay_wave_cycle_y\[6\],383.24µm
phase_state_y\[0\],382.02µm
wave_controller_y_inst/_1161_,381.51µm
net433,381.46µm
wave_controller_y_inst/net142,380.69µm
net502,379.78µm
spi_regs_inst/net474,378.86µm
raw_edge2_y\[4\],376.75µm
net466,370.51µm
wave_controller_x_inst/net159,369.85µm
wave_controller_x_inst/net160,369.8µm
net527,368.07µm
cfg_phase0_offset_y\[15\],364.86µm
jitter_flag_y,364.71µm
wave_controller_y_inst/_1278_,363µm
wave_controller_y_inst/net53,362.52µm
wave_controller_x_inst/_0488_,362.47µm
cal_timeout_x,361.96µm
net454,361.91µm
net534,361.5µm
cfg_phase270_offset_y\[17\],361.45µm
wave_controller_x_inst/net181,358.04µm
wave_controller_y_inst/net334,357.99µm
net465,356.97µm
raw_edge1_x\[9\],356.87µm
clknet_3_4__leaf_clk,356.61µm
net498,356.46µm
spi_regs_inst/net478,354.07µm
wave_controller_y_inst/net147,353.97µm
wave_controller_x_inst/net166,353.97µm
net460,352.9µm
raw_edge3_x\[8\],352.64µm
net462,352.29µm
wave_controller_x_inst/net158,350.81µm
net529,350.81µm
clknet_3_0__leaf_clk,349.69µm
spi_regs_inst/net335,349.54µm
net523,348.97µm
raw_edge1_x\[5\],348.47µm
cfg_phase90_offset_x\[11\],347.45µm
wave_controller_y_inst/net23,346.74µm
delay_wave_cycle_y\[7\],345.72µm
raw_edge2_y\[11\],345.72µm
wave_controller_x_inst/net34,345.21µm
votes_in_phase_y\[2\],345.06µm
net457,343.58µm
net467,342.46µm
net627,341.85µm
raw_edge3_x\[10\],337.98µm
net458,337.98µm
wave_controller_y_inst/net56,337.78µm
wave_controller_y_inst/net50,337.73µm
net455,337.47µm
net463,336.86µm
votes_in_phase_y\[3\],334.98µm
spi_regs_inst/reg_wr_data\[5\],334.1µm
net501,334.06µm
wave_controller_y_inst/net21,333.55µm
raw_edge1_x\[4\],332.84µm
net508,330.65µm
raw_edge1_x\[6\],330.19µm
wave_controller_x_inst/net607,328.87µm
net456,328.41µm
wave_controller_y_inst/phase_acc\[12\],327.95µm
net10,327.6µm
net452,326.73µm
net620,323.27µm
raw_edge3_x\[7\],323.22µm
spi_regs_inst/_0657_,322.71µm
delay_wave_cycle_y\[2\],322.66µm
wave_controller_x_inst/_0617_,322.24µm
raw_edge1_x\[3\],321.08µm
raw_edge3_x\[12\],319.4µm
cal_phase0_offset_x\[1\],318.23µm
delay_wave_cycle_x\[6\],317.06µm
votes_out_phase_y\[2\],316.55µm
wave_controller_y_inst/_1160_,315.94µm
raw_edge1_y\[19\],315.63µm
net509,314.97µm
cfg_f_MEMS_fcw_y\[14\],314.7µm
raw_edge3_y\[16\],314.21µm
cfg_phase270_offset_x\[1\],313.97µm
cfg_phase270_offset_x\[18\],313.95µm
net425,313.9µm
raw_edge2_y\[20\],313.29µm
cfg_phase90_offset_x\[12\],313.17µm
spi_regs_inst/net481,313.14µm
cfg_phase0_offset_y\[20\],312.22µm
wave_controller_y_inst/net137,312.17µm
net431,312.17µm
delay_wave_cycle_x\[1\],312.07µm
raw_edge3_x\[9\],312.07µm
raw_edge2_y\[10\],310.54µm
wave_controller_x_inst/net445,309.98µm
raw_edge2_y\[13\],309.93µm
spi_regs_inst/net209,309.93µm
wave_controller_y_inst/net48,309.78µm
wave_controller_y_inst/net46,309.73µm
wave_controller_x_inst/net157,308.91µm
net429,308.06µm
wave_controller_x_inst/net32,307.64µm
spi_regs_inst/_0561_,307.59µm
cfg_phase270_offset_x\[14\],305.45µm
votes_out_phase_y\[1\],305.36µm
raw_edge1_y\[20\],304.89µm
cfg_phase270_offset_y\[16\],304.79µm
spi_regs_inst/reg_wr_data\[3\],304.74µm
raw_edge1_y\[5\],303.06µm
wave_controller_x_inst/net446,302.7µm
wave_controller_y_inst/net55,301.53µm
raw_edge1_y\[7\],300.97µm
delay_wave_cycle_x\[7\],300.87µm
wave_controller_x_inst/net180,300.36µm
net432,300.36µm
raw_edge3_x\[2\],299.85µm
cfg_phase90_offset_y\[18\],299.19µm
net423,298.07µm
cfg_phase90_offset_y\[12\],296.82µm
cfg_phase270_offset_y\[14\],296.59µm
spi_regs_inst/net469,296.44µm
net542,296.08µm
spi_regs_inst/net485,295.32µm
cfg_phase90_offset_x\[8\],295.27µm
cfg_phase270_offset_x\[17\],295.17µm
cfg_phase270_offset_y\[0\],294.2µm
raw_edge2_y\[7\],294.15µm
cal_done_x,293.54µm
wave_controller_y_inst/net419,292.98µm
wave_controller_x_inst/net459,292.67µm
net524,292.06µm
wave_controller_x_inst/_1160_,291.86µm
raw_edge3_y\[12\],291.6µm
votes_in_phase_y\[0\],290.13µm
net426,289.82µm
spi_regs_inst/net497,289.06µm
raw_edge1_y\[17\],288.6µm
net430,288.5µm
votes_out_phase_y\[3\],287.94µm
wave_controller_y_inst/net413,286.92µm
delay_wave_cycle_y\[3\],286.87µm
wave_controller_x_inst/net62,286.87µm
cfg_phase270_offset_y\[2\],286.75µm
spi_regs_inst/net244,286.66µm
net516,286.46µm
cal_start,286.41µm
spi_regs_inst/net483,286.31µm
spi_regs_inst/net495,285.85µm
raw_edge1_y\[14\],285.8µm
wave_controller_x_inst/_1245_,285.39µm
cfg_phase270_offset_y\[13\],285.34µm
cfg_phase90_offset_y\[19\],284.73µm
wave_controller_y_inst/net420,284.68µm
spi_regs_inst/reg_wr_data\[7\],284.58µm
wave_controller_y_inst/net418,284.17µm
net526,283.66µm
cfg_phase90_offset_x\[9\],283µm
spi_regs_inst/net267,282.95µm
cal_phase0_offset_y\[1\],282.85µm
wave_controller_x_inst/net70,281.88µm
cfg_phase90_offset_x\[20\],281.78µm
wave_controller_y_inst/net135,280.91µm
net594,280.15µm
net569,278.52µm
wave_controller_y_inst/net514,278.47µm
clknet_3_1__leaf_clk,278.06µm
raw_edge3_y\[10\],276.94µm
clknet_leaf_29_clk,276.89µm
cfg_phase270_offset_y\[19\],276.28µm
wave_controller_x_inst/net65,276.23µm
wave_controller_x_inst/net384,276.13µm
wave_controller_y_inst/net51,275.77µm
spi_regs_inst/_0227_,275.21µm
delay_wave_cycle_x\[5\],275.06µm
raw_edge1_y\[12\],273.58µm
net537,273.02µm
raw_edge3_y\[15\],272.87µm
net532,272.26µm
raw_edge1_x\[7\],271.95µm
wave_controller_x_inst/net447,271.85µm
cfg_phase90_offset_x\[3\],271.8µm
cfg_phase270_offset_y\[15\],271.7µm
cfg_phase0_offset_y\[12\],270.68µm
spi_regs_inst/_0598_,270.68µm
raw_edge2_x\[16\],270.58µm
wave_controller_y_inst/net45,269.61µm
wave_controller_y_inst/net364,268.54µm
net450,268.49µm
raw_edge2_y\[18\],267.98µm
spi_regs_inst/net243,267.83µm
raw_edge3_x\[5\],267.37µm
wave_controller_x_inst/_1234_,267.27µm
spi_regs_inst/reg_wr_data\[6\],266.61µm
spi_regs_inst/_0607_,266.28µm
cfg_phase270_offset_x\[0\],266µm
cfg_f_MEMS_fcw_y\[0\],265.74µm
delay_wave_cycle_x\[2\],265.64µm
net547,265.59µm
wave_controller_y_inst/net510,264.01µm
net464,263.4µm
raw_edge2_y\[16\],262.94µm
raw_edge3_x\[11\],262.89µm
net453,262.89µm
wave_controller_y_inst/net512,262.89µm
raw_edge3_y\[13\],262.33µm
raw_edge3_y\[2\],262.28µm
wave_controller_x_inst/net331,261.77µm
cal_phase0_offset_x\[0\],261.67µm
delay_wave_cycle_x\[0\],261.62µm
wave_controller_x_inst/_1161_,261.52µm
wave_controller_y_inst/net554,261.11µm
wave_controller_y_inst/net579,261.11µm
cfg_phase90_offset_x\[2\],260.96µm
wave_controller_y_inst/_1350_,260.09µm
net517,258.97µm
wave_controller_y_inst/_0491_,258.92µm
cfg_phase90_offset_y\[17\],258.31µm
wave_controller_y_inst/net410,257.85µm
raw_edge1_y\[8\],257.75µm
raw_edge2_y\[6\],257.7µm
net530,257.14µm
cfg_phase90_offset_y\[3\],256.53µm
wave_controller_x_inst/net622,255.81µm
net427,255.51µm
clknet_leaf_26_clk,255.51µm
wave_controller_y_inst/net365,255.05µm
votes_in_phase_y\[1\],254.8µm
raw_edge3_x\[20\],254.54µm
wave_controller_y_inst/net321,253.32µm
spi_regs_inst/net482,252.15µm
spi_regs_inst/net491,251.59µm
cfg_phase90_offset_x\[15\],250.52µm
net392,250.37µm
cfg_phase270_offset_y\[18\],250.11µm
wave_controller_y_inst/net500,250.01µm
raw_edge2_y\[3\],249.3µm
cal_dir_x,248.79µm
raw_edge2_y\[14\],248.33µm
delay_wave_cycle_x\[3\],248.28µm
net451,247.62µm
wave_controller_x_inst/net440,247.11µm
delay_wave_cycle_y\[1\],246.04µm
spi_regs_inst/_0619_,246.04µm
spi_regs_inst/_0682_,246.04µm
wave_controller_y_inst/net25,245.99µm
cfg_phase90_offset_x\[10\],245.53µm
cfg_phase0_offset_x\[0\],245.43µm
wave_controller_y_inst/net515,244.97µm
raw_edge2_x\[0\],244.87µm
spi_regs_inst/net490,243.8µm
wave_controller_y_inst/net568,243.14µm
wave_controller_x_inst/_0492_,242.58µm
latch_error_y,242.07µm
cfg_phase0_offset_y\[13\],242.02µm
spi_regs_inst/net91,241.92µm
spi_regs_inst/_0565_,241.46µm
signal_processor_x_inst/net200,241.33µm
cfg_f_MEMS_fcw_y\[3\],240.39µm
raw_edge1_y\[13\],239.93µm
spi_regs_inst/reg_wr_data\[0\],239.9µm
cfg_phase270_offset_x\[15\],239.88µm
spi_regs_inst/_0271_,239.88µm
spi_regs_inst/net92,239.1µm
cfg_phase270_offset_x\[2\],238.76µm
wave_controller_x_inst/phase_acc\[12\],238.66µm
cfg_phase0_offset_y\[10\],238.15µm
raw_edge2_x\[15\],238.15µm
cfg_phase270_offset_x\[20\],238.1µm
wave_controller_x_inst/net68,238.05µm
raw_edge1_y\[18\],237.84µm
spi_regs_inst/net473,237.64µm
clknet_leaf_13_clk,237.18µm
raw_edge1_x\[19\],237.13µm
cal_dir_y,237.03µm
wave_controller_y_inst/_1235_,236.47µm
spi_regs_inst/net90,236.47µm
wave_controller_x_inst/net72,236.06µm
wave_controller_x_inst/net626,235.5µm
wave_controller_x_inst/net73,235.35µm
phase_state_y\[1\],235.3µm
votes_out_phase_y\[0\],235.3µm
raw_edge1_x\[16\],234.94µm
wave_controller_x_inst/net66,233.82µm
raw_edge2_y\[19\],233.77µm
latch_error_x,233.62µm
cfg_phase0_offset_y\[8\],233.58µm
cfg_f_MEMS_fcw_y\[12\],233.27µm
cfg_phase0_offset_y\[0\],233.06µm
wave_controller_x_inst/net369,233.06µm
net590,232.5µm
net461,231.99µm
wave_controller_y_inst/net391,231.53µm
wave_controller_y_inst/net549,231.48µm
wave_controller_x_inst/net603,231.48µm
spi_regs_inst/_0719_,230.92µm
spi_regs_inst/net479,230.41µm
cfg_phase0_offset_x\[17\],230.36µm
wave_controller_x_inst/_1246_,229.9µm
wave_controller_x_inst/net436,229.9µm
clknet_leaf_47_clk,229.85µm
spi_regs_inst/net185,229.8µm
spi_regs_inst/_0642_,229.44µm
wave_controller_y_inst/net141,229.24µm
raw_edge3_x\[13\],229.19µm
raw_edge1_y\[6\],229.14µm
spi_regs_inst/net77,229.04µm
net536,228.73µm
raw_edge1_x\[13\],228.68µm
wave_controller_x_inst/net64,228.07µm
cfg_phase90_offset_x\[18\],228.02µm
raw_edge1_y\[2\],228.02µm
raw_edge1_y\[0\],227.56µm
raw_edge1_y\[11\],227.56µm
cfg_phase0_offset_y\[2\],226.85µm
cal_phase90_offset_y\[11\],226.29µm
net507,225.98µm
spi_regs_inst/_0699_,225.83µm
wave_controller_x_inst/net71,225.12µm
spi_regs_inst/_0665_,224.66µm
spi_regs_inst/reg_wr_data\[1\],224.61µm
wave_controller_x_inst/net625,223.69µm
cfg_phase90_offset_y\[0\],223.49µm
wave_controller_x_inst/net75,223.03µm
cal_phase270_offset_y\[15\],222.32µm
wave_controller_x_inst/_0722_,221.86µm
cfg_phase270_offset_y\[20\],221.3µm
spi_regs_inst/net38,221.25µm
wave_controller_y_inst/_1232_,220.94µm
net535,220.84µm
net580,220.84µm
raw_edge2_x\[14\],220.43µm
spi_regs_inst/net484,220.28µm
spi_regs_inst/net344,219.87µm
spi_regs_inst/net167,219.06µm
clknet_leaf_50_clk,218.65µm
clknet_leaf_42_clk,218.29µm
clknet_leaf_49_clk,217.99µm
cfg_phase0_offset_x\[4\],217.58µm
net566,217.43µm
wave_controller_x_inst/net63,216.97µm
wave_controller_y_inst/phase_acc\[18\],216.82µm
spi_regs_inst/_0563_,216.53µm
cfg_phase270_offset_x\[8\],216.21µm
net540,215.34µm
state_o\[0\],215.19µm
cal_phase90_offset_x\[9\],215.09µm
spi_regs_inst/net148,214.73µm
cfg_phase270_offset_y\[12\],214.68µm
net528,214.68µm
cfg_phase90_offset_y\[1\],214.63µm
wave_controller_x_inst/net381,214.63µm
net619,214.63µm
spi_regs_inst/net20,214.58µm
spi_regs_inst/net76,214.58µm
spi_regs_inst/net19,214.53µm
wave_controller_x_inst/_1277_,214.22µm
raw_edge2_x\[19\],214.07µm
wave_controller_x_inst/net163,213.61µm
raw_edge3_x\[17\],213.56µm
raw_edge3_y\[7\],213.51µm
spi_regs_inst/net39,213.41µm
wave_controller_y_inst/phase_acc\[17\],213.23µm
spi_regs_inst/net30,213.01µm
spi_regs_inst/net27,212.95µm
net521,212.59µm
spi_regs_inst/net29,212.39µm
analog[1],212.15µm
cfg_phase90_offset_x\[5\],211.98µm
wave_controller_x_inst/net401,211.42µm
cfg_f_MEMS_fcw_x\[0\],211.17µm
spi_regs_inst/_0297_,211.04µm
spi_regs_inst/net103,210.84µm
wave_controller_y_inst/net417,210.81µm
wave_controller_x_inst/_1350_,210.71µm
wave_controller_y_inst/net422,210.35µm
raw_edge1_x\[14\],210.25µm
wave_controller_y_inst/net368,210.2µm
cal_phase270_offset_x\[7\],210.05µm
raw_edge1_y\[9\],209.92µm
wave_controller_y_inst/net362,209.74µm
clknet_leaf_31_clk,209.69µm
cal_phase90_offset_x\[11\],209.49µm
spi_regs_inst/net18,209.49µm
raw_edge3_y\[8\],209.13µm
spi_regs_inst/_0718_,209.03µm
spi_regs_inst/net189,208.98µm
clknet_leaf_53_clk,208.06µm
wave_controller_y_inst/net416,208.01µm
raw_edge3_y\[11\],207.96µm
spi_regs_inst/net101,207.96µm
wave_controller_y_inst/phase_acc\[10\],207.91µm
net393,207.5µm
net400,207.45µm
wave_controller_x_inst/capture_pending,207.35µm
wave_controller_x_inst/phase_acc\[17\],206.89µm
cal_phase90_offset_y\[15\],206.23µm
spi_regs_inst/_0361_,205.9µm
spi_regs_inst/net193,205.67µm
wave_controller_x_inst/phase_acc\[11\],205.57µm
raw_edge2_x\[9\],205.26µm
spi_regs_inst/net496,205.16µm
cfg_phase90_offset_x\[17\],204.55µm
wave_controller_y_inst/net367,204.47µm
cfg_phase90_offset_x\[16\],204.04µm
net598,203.99µm
spi_regs_inst/net88,203.94µm
raw_edge2_y\[8\],203.89µm
wave_controller_x_inst/_1241_,203.89µm
raw_edge3_x\[19\],203.84µm
wave_controller_x_inst/net382,203.48µm
wave_controller_y_inst/net617,203.38µm
spi_regs_inst/net37,203.33µm
raw_edge1_x\[17\],202.92µm
net575,202.82µm
wave_controller_x_inst/net623,202.36µm
spi_regs_inst/_0272_,202.16µm
net539,201.85µm
votes_out_phase_x\[3\],201.75µm
cfg_phase0_offset_x\[20\],201.7µm
wave_controller_x_inst/net439,201.65µm
spi_regs_inst/net112,201.38µm
raw_edge1_x\[0\],201.19µm
spi_regs_inst/net102,201.19µm
raw_edge3_y\[5\],201.09µm
clknet_leaf_25_clk,200.68µm
wave_controller_y_inst/_1227_,200.63µm
cal_phase90_offset_x\[14\],200.07µm
wave_controller_x_inst/_1242_,200.07µm
cfg_phase270_offset_y\[7\],200.02µm
wave_controller_x_inst/net604,199.89µm
clknet_leaf_2_clk,199.56µm
cfg_phase90_offset_x\[6\],199.46µm
jitter_flag_x,199.46µm
spi_regs_inst/net104,199.41µm
spi_regs_inst/net107,199.01µm
wave_controller_y_inst/_1241_,198.95µm
wave_controller_y_inst/net99,198.8µm
net593,198.8µm
cfg_phase0_offset_x\[2\],198.34µm
cfg_f_MEMS_fcw_x\[3\],197.83µm
wave_controller_y_inst/_1086_,197.83µm
spi_regs_inst/_0484_,197.78µm
clknet_leaf_21_clk,197.32µm
wave_controller_y_inst/net89,197.27µm
wave_controller_x_inst/net449,196.86µm
wave_controller_y_inst/net138,196.2µm
wave_controller_y_inst/net506,196.1µm
spi_regs_inst/net106,195.44µm
spi_regs_inst/net132,195.44µm
clknet_leaf_28_clk,195.38µm
wave_controller_y_inst/net177,195.13µm
wave_controller_y_inst/net408,195.13µm
wave_controller_y_inst/net518,194.67µm
wave_controller_y_inst/net421,194.57µm
raw_edge3_x\[16\],194.42µm
wave_controller_y_inst/net428,194.16µm
raw_edge3_x\[3\],193.96µm
spi_regs_inst/net86,193.86µm
cfg_phase270_offset_x\[16\],193.45µm
wave_controller_x_inst/net383,193.4µm
net544,193.4µm
clknet_leaf_16_clk,193.4µm
spi_regs_inst/_0566_,193.3µm
wave_controller_y_inst/_1312_,192.79µm
cal_phase90_offset_x\[5\],192.74µm
wave_controller_x_inst/net531,192.46µm
wave_controller_y_inst/net577,191.87µm
wave_controller_x_inst/_1086_,191.82µm
cfg_phase90_offset_y\[16\],191.77µm
cal_phase90_offset_x\[16\],191.62µm
spi_regs_inst/net134,191.62µm
wave_controller_y_inst/net143,191.57µm
net555,191.16µm
cfg_phase270_offset_y\[4\],191.01µm
spi_regs_inst/net81,190.96µm
wave_controller_y_inst/_1242_,190.24µm
clknet_leaf_22_clk,190.09µm
cfg_f_MEMS_fcw_y\[8\],189.94µm
wave_controller_x_inst/net444,189.38µm
raw_edge2_x\[6\],189.02µm
wave_controller_y_inst/net520,189.02µm
wave_controller_x_inst/_1238_,188.82µm
spi_regs_inst/net611,188.31µm
net592,187.95µm
cfg_phase0_offset_y\[7\],187.75µm
cal_phase0_offset_y\[9\],187.7µm
spi_regs_inst/net28,187.7µm
cal_phase270_offset_y\[16\],187.6µm
spi_regs_inst/_0667_,187.34µm
wave_controller_y_inst/net322,187.34µm
clknet_leaf_33_clk,187.29µm
cfg_phase270_offset_y\[8\],187.24µm
spi_regs_inst/net105,187.09µm
clknet_leaf_38_clk,186.78µm
wave_controller_y_inst/net351,186.73µm
cfg_phase90_offset_y\[14\],186.68µm
raw_edge1_y\[1\],186.12µm
signal_processor_y_inst/net199,186.07µm
spi_regs_inst/_0248_,186.01µm
cal_phase270_offset_y\[7\],185.97µm
spi_regs_inst/_0615_,185.68µm
cfg_phase90_offset_y\[8\],185.56µm
cfg_phase90_offset_x\[0\],185.51µm
clknet_leaf_27_clk,185.25µm
cfg_f_MEMS_fcw_x\[5\],184.95µm
cfg_phase270_offset_y\[1\],184.44µm
raw_edge3_y\[6\],184.44µm
cfg_f_MEMS_fcw_x\[8\],184.03µm
wave_controller_x_inst/_1243_,183.98µm
cfg_phase0_offset_y\[14\],183.83µm
cal_phase270_offset_x\[5\],183.73µm
cal_phase270_offset_y\[2\],183.52µm
wave_controller_x_inst/_1244_,183.42µm
spi_regs_inst/net574,183.37µm
cfg_phase0_offset_x\[10\],183.32µm
raw_edge3_x\[15\],183.32µm
cfg_phase0_offset_y\[18\],183.22µm
clknet_leaf_41_clk,182.81µm
cfg_phase0_offset_x\[3\],182.66µm
spi_regs_inst/net283,182.61µm
clknet_leaf_36_clk,182.2µm
wave_controller_y_inst/_1226_,181.74µm
wave_controller_y_inst/net366,181.74µm
spi_regs_inst/net100,181.68µm
net615,181.59µm
cfg_phase0_offset_y\[19\],181.49µm
cfg_phase90_offset_y\[20\],181.13µm
wave_controller_y_inst/phase_acc\[11\],181.13µm
spi_regs_inst/net174,181.13µm
cfg_phase270_offset_y\[5\],180.98µm
wave_controller_x_inst/net332,180.98µm
raw_edge3_y\[17\],180.93µm
cal_phase0_offset_y\[0\],180.8µm
wave_controller_x_inst/_1390_,180.32µm
spi_regs_inst/_0608_,179.96µm
wave_controller_x_inst/net606,179.91µm
spi_regs_inst/net175,179.86µm
clknet_leaf_43_clk,179.5µm
wave_controller_x_inst/phase_acc\[18\],179.45µm
spi_regs_inst/net610,179.45µm
raw_edge1_x\[20\],179.4µm
cal_phase0_offset_y\[6\],179.36µm
wave_controller_x_inst/_1248_,179.35µm
cal_phase270_offset_y\[14\],179.3µm
raw_edge3_y\[18\],179.25µm
net519,179.25µm
wave_controller_x_inst/phase_acc\[5\],178.94µm
raw_edge3_x\[14\],178.38µm
wave_controller_y_inst/_1245_,178.28µm
wave_controller_y_inst/phase_acc\[2\],178.23µm
net504,178.13µm
spi_regs_inst/_0377_,177.82µm
cfg_phase0_offset_y\[17\],177.62µm
spi_regs_inst/_0376_,177.11µm
wave_controller_y_inst/_1246_,176.7µm
clknet_leaf_1_clk,176.7µm
cfg_f_MEMS_fcw_y\[4\],176.55µm
clknet_leaf_32_clk,176.14µm
cal_phase90_offset_x\[15\],175.99µm
signal_processor_x_inst/_055_,175.48µm
spi_regs_inst/net206,175.33µm
cfg_phase0_offset_x\[11\],174.92µm
raw_edge3_y\[4\],174.87µm
wave_controller_x_inst/phase_acc\[10\],174.46µm
wave_controller_x_inst/_1226_,174.36µm
spi_regs_inst/net289,174.26µm
clknet_leaf_6_clk,174µm
cal_phase90_offset_x\[18\],173.75µm
spi_regs_inst/net194,173.7µm
net576,173.7µm
wave_controller_y_inst/net314,173.29µm
clknet_leaf_40_clk,172.27µm
cfg_phase90_offset_y\[6\],172.07µm
cfg_phase90_offset_x\[19\],172.02µm
net557,172.02µm
wave_controller_x_inst/phase_acc\[8\],171.66µm
spi_regs_inst/net187,171.56µm
clknet_leaf_11_clk,171.1µm
clknet_leaf_0_clk,170.03µm
wave_controller_x_inst/_1227_,169.98µm
raw_edge1_x\[18\],169.93µm
spi_regs_inst/_0288_,169.38µm
cal_phase90_offset_x\[8\],169.22µm
wave_controller_x_inst/_1312_,169.22µm
clknet_leaf_9_clk,169.14µm
wave_controller_y_inst/_1266_,168.76µm
spi_regs_inst/net235,168.71µm
state_o\[1\],168.61µm
spi_regs_inst/net309,168.61µm
clknet_leaf_37_clk,168.35µm
net563,168.3µm
cfg_phase0_offset_x\[12\],168.15µm
wave_controller_x_inst/_1235_,168.1µm
cfg_phase270_offset_y\[6\],167.69µm
signal_processor_y_inst/_046_,167.69µm
cfg_phase0_offset_x\[18\],167.64µm
wave_controller_y_inst/_0635_,167.44µm
wave_controller_x_inst/net621,167.13µm
wave_controller_y_inst/phase_acc\[1\],167.08µm
signal_processor_x_inst/net586,167.08µm
clknet_leaf_7_clk,167.08µm
cfg_phase0_offset_y\[3\],167.03µm
spi_regs_inst/_0429_,166.93µm
cal_phase270_offset_x\[6\],166.52µm
raw_edge2_y\[1\],166.52µm
cfg_f_MEMS_fcw_x\[1\],165.96µm
signal_processor_y_inst/_055_,165.96µm
wave_controller_x_inst/_0491_,165.91µm
cfg_f_MEMS_fcw_y\[1\],165.86µm
votes_out_phase_x\[0\],165.81µm
cfg_phase0_offset_y\[11\],165.45µm
wave_controller_x_inst/phase_acc\[2\],165.3µm
spi_regs_inst/net338,164.94µm
net589,164.79µm
cfg_f_MEMS_fcw_y\[11\],164.74µm
cfg_f_MEMS_fcw_y\[13\],164.74µm
wave_controller_x_inst/net161,164.13µm
net583,163.72µm
spi_regs_inst/_0334_,163.71µm
spi_regs_inst/net241,163.57µm
spi_regs_inst/net343,163.26µm
clknet_leaf_24_clk,162.65µm
spi_regs_inst/net287,162.45µm
net584,162.09µm
wave_controller_y_inst/_0690_,161.89µm
cal_phase0_offset_y\[2\],161.78µm
spi_regs_inst/net272,161.43µm
raw_edge2_x\[3\],161.38µm
spi_regs_inst/_0482_,161.33µm
wave_controller_x_inst/net437,160.97µm
wave_controller_x_inst/net538,160.97µm
cal_phase90_offset_y\[17\],160.87µm
net591,160.87µm
cfg_f_MEMS_fcw_x\[6\],160.82µm
spi_regs_inst/spi_addr\[0\],160.82µm
cfg_phase90_offset_y\[15\],160.41µm
wave_controller_x_inst/net448,160.21µm
wave_controller_y_inst/net503,159.8µm
cfg_phase0_offset_x\[8\],159.75µm
spi_regs_inst/_0717_,159.7µm
spi_regs_inst/net253,159.6µm
cal_phase270_offset_y\[17\],159.19µm
wave_controller_y_inst/_1317_,159.19µm
spi_regs_inst/net211,159.14µm
cfg_phase270_offset_y\[3\],159.09µm
wave_controller_y_inst/_1680_,159.04µm
spi_regs_inst/net219,158.67µm
spi_regs_inst/net257,158.63µm
cfg_phase0_offset_x\[16\],158.58µm
spi_regs_inst/_0293_,158.58µm
clknet_leaf_35_clk,158.27µm
signal_processor_x_inst/net396,158.12µm
spi_regs_inst/net217,157.97µm
spi_regs_inst/net336,157.71µm
wave_controller_y_inst/_1238_,157.56µm
cal_phase90_offset_x\[7\],157.41µm
cfg_phase0_offset_x\[19\],157.41µm
spi_regs_inst/net256,157.36µm
cal_phase0_offset_y\[4\],157µm
cfg_phase90_offset_x\[14\],156.9µm
clknet_leaf_10_clk,156.39µm
spi_regs_inst/net251,156.37µm
cfg_f_MEMS_fcw_x\[13\],156.34µm
cal_phase90_offset_y\[18\],156.29µm
wave_controller_y_inst/net320,156.29µm
cfg_phase270_offset_x\[3\],156.24µm
spi_regs_inst/_0677_,156.24µm
clknet_leaf_12_clk,156.13µm
cfg_phase270_offset_x\[4\],155.78µm
spi_regs_inst/net613,155.78µm
spi_regs_inst/net268,155.53µm
spi_regs_inst/net198,155.27µm
spi_regs_inst/net248,155.27µm
spi_regs_inst/net207,155.22µm
wave_controller_x_inst/net443,155.22µm
spi_regs_inst/net292,155.17µm
clknet_leaf_3_clk,154.86µm
spi_regs_inst/net263,154.81µm
wave_controller_x_inst/_1269_,154.61µm
wave_controller_x_inst/net325,154.25µm
spi_regs_inst/net565,154.15µm
clknet_leaf_46_clk,154.15µm
spi_regs_inst/net218,154.07µm
cfg_phase0_offset_x\[6\],154.05µm
spi_regs_inst/_0646_,154.05µm
wave_controller_y_inst/phase_acc\[20\],154.05µm
wave_controller_y_inst/_1287_,153.82µm
clknet_leaf_8_clk,153.69µm
spi_regs_inst/net288,153.64µm
net560,153.59µm
votes_out_phase_x\[1\],153.54µm
spi_regs_inst/_0210_,153.54µm
clknet_leaf_14_clk,153.18µm
spi_regs_inst/spi_addr\[1\],153.13µm
wave_controller_y_inst/_1243_,153.08µm
clknet_leaf_5_clk,153.08µm
wave_controller_x_inst/net600,153.03µm
votes_out_phase_x\[2\],152.88µm
raw_edge2_x\[17\],152.52µm
clknet_leaf_15_clk,152.47µm
spi_regs_inst/net236,152.42µm
wave_controller_y_inst/net424,152.42µm
cal_phase270_offset_x\[3\],152.2µm
spi_regs_inst/spi_addr\[3\],152.01µm
spi_regs_inst/_0274_,151.91µm
spi_regs_inst/net275,151.91µm
votes_in_phase_x\[2\],151.76µm
clknet_leaf_4_clk,151.55µm
spi_regs_inst/_0492_,151.45µm
spi_regs_inst/net226,151.35µm
spi_regs_inst/net277,151.3µm
spi_regs_inst/net276,150.82µm
spi_regs_inst/net562,150.33µm
wave_controller_x_inst/net533,150.23µm
spi_regs_inst/net222,150.18µm
cal_phase90_offset_x\[3\],150.13µm
clknet_leaf_44_clk,149.82µm
wave_controller_x_inst/net379,149.77µm
wave_controller_y_inst/_1230_,149.67µm
cfg_phase90_offset_x\[4\],149.62µm
wave_controller_y_inst/_1248_,149.31µm
spi_regs_inst/net273,149.01µm
wave_controller_x_inst/net74,148.7µm
spi_regs_inst/_0345_,148.55µm
wave_controller_x_inst/_0649_,148.55µm
clknet_leaf_19_clk,148.09µm
raw_edge2_y\[17\],148.04µm
net389,148.04µm
wave_controller_y_inst/_1244_,147.99µm
spi_regs_inst/net221,147.94µm
cal_phase90_offset_x\[12\],147.89µm
raw_edge2_x\[2\],147.89µm
wave_controller_x_inst/net324,147.53µm
spi_regs_inst/net210,147.28µm
net545,147.02µm
spi_regs_inst/net280,146.97µm
spi_regs_inst/net286,146.77µm
cfg_f_MEMS_fcw_x\[14\],146.72µm
wave_controller_y_inst/net80,146.64µm
cfg_phase90_offset_x\[1\],146.31µm
spi_regs_inst/net274,146.26µm
wave_controller_x_inst/phase_acc\[6\],146.21µm
spi_regs_inst/net282,146.21µm
cal_phase270_offset_y\[0\],146.16µm
spi_regs_inst/net227,146.16µm
signal_processor_y_inst/net388,145.95µm
wave_controller_y_inst/phase_acc\[6\],145.75µm
phase_state_x\[1\],145.7µm
cfg_phase90_offset_x\[7\],145.65µm
clknet_leaf_51_clk,145.39µm
spi_regs_inst/net341,145.34µm
wave_controller_y_inst/_1310_,145.24µm
raw_edge1_y\[3\],145.19µm
net564,145.19µm
clknet_leaf_54_clk,145.14µm
spi_regs_inst/net240,144.73µm
spi_regs_inst/net271,144.58µm
cfg_phase90_offset_x\[13\],144.53µm
wave_controller_y_inst/net352,144.48µm
cfg_phase270_offset_x\[6\],144.12µm
net587,143.51µm
comp_x,143.46µm
net601,143.41µm
state_o\[2\],143.05µm
wave_controller_x_inst/net84,143.05µm
signal_processor_y_inst/_042_,142.54µm
spi_regs_inst/_0507_,142.44µm
spi_regs_inst/net291,142.39µm
spi_regs_inst/net228,142.34µm
clknet_leaf_34_clk,142.34µm
wave_controller_y_inst/_0487_,142.24µm
wave_controller_y_inst/_1065_,142.24µm
wave_controller_x_inst/net385,141.93µm
raw_edge1_x\[15\],141.88µm
spi_regs_inst/net612,141.88µm
spi_regs_inst/net270,141.83µm
clknet_leaf_23_clk,141.83µm
votes_in_phase_x\[0\],141.73µm
spi_regs_inst/net214,141.32µm
spi_regs_inst/net297,141.27µm
spi_regs_inst/_0560_,141.17µm
spi_regs_inst/net254,141.17µm
net595,140.81µm
spi_regs_inst/net614,140.81µm
clknet_leaf_52_clk,140.4µm
spi_regs_inst/_0723_,140.17µm
spi_regs_inst/_0511_,140.15µm
wave_controller_x_inst/net618,140.15µm
spi_regs_inst/_0294_,140µm
wave_controller_x_inst/net435,139.74µm
spi_regs_inst/net259,139.54µm
mems_drv_x,139.49µm
wave_controller_x_inst/net67,139.03µm
cfg_phase0_offset_x\[5\],138.98µm
wave_controller_x_inst/phase_acc\[3\],138.98µm
spi_regs_inst/net252,138.93µm
wave_controller_x_inst/net370,138.47µm
spi_regs_inst/_0616_,138.42µm
wave_controller_y_inst/_1277_,138.42µm
wave_controller_y_inst/phase_acc\[8\],138.37µm
net558,138.06µm
spi_regs_inst/net340,137.91µm
wave_controller_y_inst/_1273_,137.86µm
net399,137.76µm
cfg_phase90_offset_y\[5\],137.4µm
wave_controller_y_inst/_1267_,137.35µm
wave_controller_y_inst/_1265_,137.3µm
wave_controller_y_inst/net119,137.25µm
wave_controller_x_inst/_0650_,137.2µm
spi_regs_inst/_0387_,136.94µm
spi_regs_inst/_0704_,136.79µm
cal_phase270_offset_x\[15\],136.74µm
votes_in_phase_x\[1\],136.69µm
clknet_leaf_39_clk,136.38µm
spi_regs_inst/net261,136.23µm
wave_controller_y_inst/phase_acc\[4\],135.77µm
spi_regs_inst/spi_addr\[2\],135.72µm
signal_processor_x_inst/net201,135.72µm
wave_controller_y_inst/net390,135.67µm
cal_phase270_offset_y\[20\],135.62µm
spi_regs_inst/net213,135.62µm
spi_regs_inst/net238,135.62µm
wave_controller_x_inst/_0565_,135.52µm
net546,135.21µm
spi_regs_inst/_0359_,135.11µm
spi_regs_inst/net296,135.06µm
spi_regs_inst/_0375_,135.01µm
net582,134.6µm
cal_phase90_offset_x\[17\],134.55µm
spi_regs_inst/_0720_,134.55µm
cfg_phase90_offset_y\[4\],134.45µm
spi_regs_inst/net266,134.4µm
wave_controller_y_inst/net42,134.09µm
cal_phase90_offset_y\[12\],133.94µm
cfg_phase0_offset_y\[16\],133.94µm
spi_regs_inst/_0503_,133.94µm
cal_phase270_offset_x\[0\],133.89µm
spi_regs_inst/_0295_,133.84µm
clknet_leaf_17_clk,133.68µm
clknet_leaf_18_clk,133.53µm
spi_regs_inst/net231,133.43µm
cal_phase0_offset_y\[3\],133.33µm
wave_controller_y_inst/_1240_,133.07µm
wave_controller_x_inst/_1240_,133.02µm
cfg_phase270_offset_x\[9\],132.87µm
spi_regs_inst/net290,132.87µm
spi_regs_inst/net264,132.72µm
signal_processor_y_inst/net543,132.59µm
wave_controller_y_inst/_1313_,132.31µm
wave_controller_y_inst/net572,132.31µm
spi_regs_inst/_0621_,132.26µm
wave_controller_y_inst/net406,131.9µm
spi_regs_inst/net303,131.88µm
spi_regs_inst/_0576_,131.75µm
wave_controller_y_inst/_1066_,131.6µm
net556,131.24µm
spi_regs_inst/net220,131.14µm
cfg_phase270_offset_x\[13\],130.68µm
cfg_f_MEMS_fcw_x\[9\],130.63µm
wave_controller_x_inst/_0714_,130.63µm
cal_phase0_offset_y\[14\],130.58µm
spi_regs_inst/net345,130.53µm
votes_in_phase_x\[3\],129.97µm
spi_regs_inst/net195,129.97µm
spi_regs_inst/_0477_,129.92µm
wave_controller_x_inst/net69,129.66µm
wave_controller_y_inst/net136,129.66µm
cfg_phase0_offset_y\[5\],129.56µm
cfg_phase90_offset_y\[13\],129.41µm
wave_controller_x_inst/net438,129.23µm
net561,128.54µm
wave_controller_x_inst/phase_acc\[1\],128.49µm
cal_phase270_offset_y\[19\],128.24µm
spi_regs_inst/net188,127.83µm
spi_regs_inst/net246,127.83µm
wave_controller_y_inst/_0721_,127.78µm
wave_controller_x_inst/_1303_,127.32µm
cfg_phase90_offset_y\[7\],127.22µm
spi_regs_inst/_0285_,127.22µm
spi_regs_inst/_0419_,127.14µm
spi_regs_inst/_0676_,127.12µm
cfg_phase0_offset_x\[7\],126.71µm
wave_controller_y_inst/_0720_,126.71µm
raw_edge3_x\[18\],126.66µm
spi_regs_inst/_0219_,126.66µm
wave_controller_y_inst/net315,126.2µm
clknet_leaf_20_clk,126.15µm
cal_phase0_offset_x\[15\],126.1µm
wave_controller_y_inst/_1314_,126.05µm
wave_controller_y_inst/_0649_,126µm
wave_controller_y_inst/net550,125.64µm
spi_regs_inst/net300,125.59µm
spi_regs_inst/_0575_,125.44µm
wave_controller_y_inst/_1315_,125.44µm
spi_regs_inst/net216,125.13µm
spi_regs_inst/net559,125.13µm
spi_regs_inst/net609,125.03µm
spi_regs_inst/net242,124.93µm
wave_controller_x_inst/_0448_,124.88µm
wave_controller_y_inst/net361,124.67µm
spi_regs_inst/_0690_,124.42µm
wave_controller_y_inst/_0544_,124.42µm
phase_state_x\[0\],123.91µm
wave_controller_x_inst/_1270_,123.86µm
spi_regs_inst/net212,123.86µm
cal_phase270_offset_x\[8\],123.81µm
cal_phase270_offset_y\[11\],123.76µm
wave_controller_y_inst/net353,123.25µm
wave_controller_x_inst/net183,122.74µm
wave_controller_x_inst/_0263_,122.69µm
wave_controller_y_inst/_1239_,122.33µm
spi_regs_inst/net293,122.28µm
cfg_phase270_offset_x\[11\],122.13µm
wave_controller_y_inst/net573,121.72µm
spi_regs_inst/net239,121.67µm
net588,121.21µm
spi_regs_inst/net224,121.06µm
cfg_phase270_offset_y\[9\],121.01µm
spi_regs_inst/net260,121.01µm
wave_controller_x_inst/_1267_,120.5µm
signal_processor_x_inst/_042_,120.24µm
clknet_leaf_30_clk,120.04µm
soft_rst_n,119.84µm
spi_regs_inst/_0383_,119.84µm
spi_regs_inst/_0471_,119.84µm
wave_controller_y_inst/net150,119.28µm
wave_controller_y_inst/capture_pending,119.02µm
cfg_phase270_offset_y\[11\],118.87µm
wave_controller_x_inst/_1287_,118.46µm
wave_controller_x_inst/net59,118.36µm
wave_controller_y_inst/phase_acc\[9\],118.26µm
cal_phase90_offset_y\[3\],118.21µm
cfg_f_MEMS_fcw_x\[12\],118.21µm
wave_controller_y_inst/_0724_,118.21µm
spi_regs_inst/net250,117.6µm
spi_regs_inst/net233,117.29µm
wave_controller_x_inst/_0994_,117.19µm
wave_controller_y_inst/phase_acc\[5\],117.19µm
cfg_f_MEMS_fcw_x\[7\],117.14µm
spi_regs_inst/_0685_,117.14µm
cfg_phase90_offset_y\[11\],116.63µm
wave_controller_y_inst/_1269_,116.63µm
spi_regs_inst/net223,116.63µm
wave_controller_y_inst/_0565_,115.92µm
cfg_phase90_offset_y\[9\],115.71µm
spi_regs_inst/net477,115.56µm
spi_regs_inst/_0594_,115.51µm
net397,114.95µm
spi_regs_inst/rx_shift\[2\],114.85µm
cal_phase90_offset_y\[19\],114.39µm
spi_regs_inst/_0452_,114.39µm
spi_regs_inst/_0434_,114.34µm
spi_regs_inst/net278,114.34µm
wave_controller_x_inst/_0635_,114.29µm
cal_phase270_offset_y\[4\],114.24µm
comp_y,113.78µm
spi_regs_inst/_0277_,113.78µm
cal_phase0_offset_y\[5\],113.73µm
spi_regs_inst/_0700_,113.73µm
wave_controller_y_inst/net411,113.73µm
cal_phase90_offset_x\[20\],113.68µm
spi_regs_inst/_0287_,113.22µm
wave_controller_x_inst/_0449_,113.22µm
wave_controller_y_inst/_1234_,113.22µm
spi_regs_inst/net237,113.22µm
cal_phase0_offset_x\[10\],113.12µm
spi_regs_inst/_0215_,112.66µm
wave_controller_x_inst/_1637_,112.2µm
spi_regs_inst/net234,112.2µm
spi_regs_inst/net281,112.15µm
spi_regs_inst/_0493_,111.59µm
wave_controller_y_inst/net316,111.54µm
spi_regs_inst/_0264_,111.44µm
spi_regs_inst/_0308_,111.44µm
spi_regs_inst/_0286_,110.82µm
wave_controller_x_inst/_1310_,110.42µm
wave_controller_y_inst/net149,110.42µm
spi_regs_inst/net247,110.42µm
mems_drv_y,110.37µm
wave_controller_x_inst/_0613_,110.37µm
wave_controller_x_inst/net184,110.37µm
spi_regs_inst/_0466_,110.32µm
cfg_phase90_offset_y\[10\],110.01µm
wave_controller_y_inst/_0629_,109.91µm
spi_regs_inst/_0564_,109.86µm
spi_regs_inst/net232,109.86µm
wave_controller_y_inst/_0263_,109.81µm
spi_regs_inst/_0423_,109.35µm
raw_edge3_y\[9\],108.84µm
spi_regs_inst/net294,108.69µm
cal_phase270_offset_y\[8\],108.64µm
cfg_phase0_offset_x\[9\],108.28µm
wave_controller_x_inst/net326,108.28µm
signal_processor_x_inst/net398,108.23µm
wave_controller_x_inst/net78,108.13µm
spi_regs_inst/_0270_,108.08µm
spi_regs_inst/_0464_,108.08µm
wave_controller_x_inst/net371,107.57µm
wave_controller_y_inst/net552,107.57µm
spi_regs_inst/_0229_,107.21µm
wave_controller_y_inst/_1270_,107.16µm
spi_regs_inst/net17,107.16µm
spi_regs_inst/_0207_,107.11µm
cfg_f_MEMS_fcw_x\[11\],107.01µm
cal_phase90_offset_y\[5\],106.96µm
wave_controller_y_inst/_1360_,106.96µm
spi_regs_inst/_0411_,106.85µm
wave_controller_x_inst/phase_acc\[4\],106.55µm
spi_regs_inst/_0445_,106.5µm
wave_controller_x_inst/_1239_,106.5µm
spi_regs_inst/net225,106.5µm
spi_regs_inst/_0542_,106.45µm
spi_regs_inst/net299,106.45µm
wave_controller_y_inst/net108,106.4µm
spi_regs_inst/net249,106.4µm
raw_edge3_y\[19\],106.04µm
wave_controller_x_inst/_1232_,106.04µm
spi_regs_inst/net205,106.04µm
wave_controller_y_inst/net40,105.99µm
wave_controller_x_inst/_1305_,105.94µm
wave_controller_y_inst/_0541_,105.94µm
spi_regs_inst/net284,105.94µm
cal_phase90_offset_y\[16\],105.33µm
wave_controller_x_inst/_1426_,105.33µm
cal_phase90_offset_y\[9\],105.28µm
cfg_f_MEMS_fcw_x\[10\],105.28µm
signal_processor_x_inst/comp_pipe\[3\],104.92µm
cfg_phase0_offset_x\[15\],104.82µm
cfg_phase0_offset_y\[4\],104.26µm
spi_regs_inst/_0703_,104.16µm
wave_controller_y_inst/_0658_,104.16µm
spi_regs_inst/net245,103.6µm
wave_controller_x_inst/phase_acc\[0\],103.24µm
wave_controller_x_inst/_0943_,103.09µm
wave_controller_y_inst/_1673_,103.04µm
wave_controller_x_inst/net171,102.83µm
spi_regs_inst/_0336_,102.68µm
spi_regs_inst/_0365_,102.63µm
raw_edge2_x\[1\],102.53µm
cfg_phase0_offset_y\[9\],102.48µm
wave_controller_y_inst/phase_acc\[3\],102.07µm
soft_rst,102.02µm
spi_regs_inst/_0708_,102.02µm
spi_regs_inst/_0427_,101.97µm
wave_controller_x_inst/_0721_,101.97µm
cal_phase270_offset_x\[12\],101.92µm
cfg_phase0_offset_x\[14\],101.92µm
raw_edge3_y\[14\],101.56µm
spi_regs_inst/net308,101.51µm
spi_regs_inst/_0420_,101.36µm
wave_controller_x_inst/net182,101.36µm
spi_regs_inst/net339,101µm
spi_regs_inst/_0666_,100.9µm
wave_controller_y_inst/_1255_,100.85µm
boot_complete,100.8µm
spi_regs_inst/rx_shift\[4\],100.8µm
spi_regs_inst/_0664_,100.49µm
signal_processor_x_inst/_046_,100.39µm
spi_regs_inst/_0675_,100.34µm
spi_regs_inst/_0696_,100.24µm
spi_regs_inst/net310,99.88µm
wave_controller_x_inst/_1265_,99.78µm
cfg_f_MEMS_fcw_y\[6\],99.68µm
spi_regs_inst/net204,99.32µm
cfg_phase0_offset_x\[13\],99.27µm
wave_controller_x_inst/_1074_,99.22µm
wave_controller_x_inst/_1489_,99.22µm
spi_regs_inst/_0344_,99.17µm
wave_controller_y_inst/_1671_,99.12µm
cfg_phase0_offset_y\[1\],98.66µm
spi_regs_inst/_0446_,98.66µm
wave_controller_y_inst/_0299_,98.61µm
spi_regs_inst/_0491_,98µm
spi_regs_inst/_0417_,97.44µm
wave_controller_y_inst/_0302_,97.44µm
wave_controller_x_inst/_1275_,97.23µm
wave_controller_x_inst/_0629_,96.98µm
cfg_phase270_offset_x\[7\],96.88µm
spi_regs_inst/_0305_,96.88µm
wave_controller_x_inst/phase_acc\[15\],96.88µm
wave_controller_y_inst/_1752_,96.52µm
cfg_phase270_offset_y\[10\],96.47µm
wave_controller_x_inst/_1346_,96.37µm
raw_edge2_x\[10\],95.86µm
read_en,95.86µm
wave_controller_y_inst/net179,95.76µm
analog[2],95.62µm
wave_controller_x_inst/net378,95.4µm
spi_regs_inst/net215,95.35µm
clknet_leaf_48_clk,95.35µm
spi_regs_inst/net208,95.3µm
cfg_f_MEMS_fcw_y\[9\],95.25µm
spi_regs_inst/_0226_,94.79µm
wave_controller_x_inst/_1273_,94.74µm
wave_controller_y_inst/net551,94.74µm
phase_offset_imported,94.64µm
spi_regs_inst/net295,94.23µm
spi_regs_inst/_0591_,94.18µm
spi_regs_inst/_0624_,94.18µm
wave_controller_y_inst/_0528_,94.13µm
wave_controller_y_inst/phase_acc\[14\],94.13µm
wave_controller_y_inst/_0325_,94.08µm
spi_regs_inst/_0378_,93.9µm
signal_processor_x_inst/_041_,93.67µm
wave_controller_x_inst/_1266_,93.62µm
wave_controller_y_inst/_0516_,93.52µm
spi_regs_inst/net265,93.52µm
wave_controller_y_inst/net154,93.16µm
spi_regs_inst/_0623_,93.11µm
spi_regs_inst/_0221_,93.06µm
spi_regs_inst/net279,93.06µm
wave_controller_y_inst/net571,93.01µm
net597,93.01µm
spi_regs_inst/_0232_,92.96µm
spi_regs_inst/_0261_,92.96µm
wave_controller_x_inst/_1308_,92.45µm
spi_regs_inst/reg_wr_addr\[2\],91.99µm
wave_controller_x_inst/_0630_,91.89µm
wave_controller_x_inst/_0715_,91.38µm
spi_regs_inst/_0224_,91.28µm
spi_regs_inst/_0510_,91.28µm
spi_regs_inst/_0622_,91.28µm
wave_controller_y_inst/_0500_,91.28µm
wave_controller_x_inst/_1230_,90.97µm
spi_regs_inst/net306,90.92µm
wave_controller_x_inst/_1276_,90.82µm
wave_controller_y_inst/_1426_,90.82µm
wave_controller_y_inst/_0538_,90.72µm
wave_controller_y_inst/_1163_,90.72µm
raw_edge2_x\[5\],90.31µm
wave_controller_y_inst/_1338_,90.26µm
wave_controller_x_inst/net541,89.85µm
wave_controller_y_inst/_1224_,89.75µm
wave_controller_x_inst/_0724_,89.7µm
spi_regs_inst/net269,89.65µm
cfg_phase90_offset_y\[2\],89.24µm
wave_controller_x_inst/_0720_,89.14µm
wave_controller_x_inst/_1661_,89.14µm
spi_regs_inst/net262,89.14µm
spi_regs_inst/_0662_,89.09µm
spi_regs_inst/_0725_,89.09µm
wave_controller_x_inst/_0500_,89.09µm
spi_regs_inst/net301,89.09µm
spi_regs_inst/_0325_,89.04µm
wave_controller_x_inst/net442,88.58µm
net585,88.58µm
wave_controller_x_inst/_1093_,88.53µm
wave_controller_x_inst/_0390_,88.48µm
spi_regs_inst/_0697_,88.07µm
wave_controller_y_inst/_1465_,88.07µm
cfg_f_MEMS_fcw_y\[10\],88.02µm
spi_regs_inst/_0448_,87.97µm
spi_regs_inst/_0669_,87.92µm
wave_controller_y_inst/_0485_,87.92µm
wave_controller_x_inst/net60,87.56µm
cfg_phase270_offset_x\[5\],87.46µm
wave_controller_x_inst/_1315_,87.46µm
wave_controller_x_inst/net85,87.41µm
wave_controller_y_inst/_0372_,87.36µm
wave_controller_y_inst/wave_cycle_cnt\[5\],87.05µm
wave_controller_y_inst/wave_cycle_cnt\[6\],86.95µm
spi_regs_inst/_0379_,86.85µm
wave_controller_x_inst/phase_acc\[20\],86.85µm
spi_regs_inst/net298,86.85µm
spi_regs_inst/_0408_,86.29µm
wave_controller_x_inst/_1455_,86.24µm
spi_regs_inst/_0583_,85.88µm
spi_regs_inst/net197,85.88µm
cfg_phase270_offset_x\[12\],85.78µm
spi_regs_inst/_0721_,85.78µm
spi_regs_inst/reg_wr_data\[4\],85.78µm
wave_controller_x_inst/_1314_,85.78µm
wave_controller_y_inst/_0834_,85.73µm
wave_controller_y_inst/_1039_,85.73µm
spi_regs_inst/_0250_,85.68µm
spi_regs_inst/_0276_,85.68µm
wave_controller_y_inst/_0323_,85.68µm
spi_regs_inst/_0680_,85.22µm
cal_phase0_offset_x\[12\],85.17µm
wave_controller_y_inst/phase_acc\[13\],85.12µm
wave_controller_y_inst/_1071_,84.61µm
wave_controller_y_inst/net44,84.61µm
spi_regs_inst/_0694_,84.15µm
spi_regs_inst/_0517_,83.54µm
spi_regs_inst/net255,83.54µm
cal_phase0_offset_y\[8\],83.49µm
cal_phase90_offset_y\[1\],83.49µm
cal_phase270_offset_y\[1\],83.44µm
wave_controller_y_inst/_1375_,83.44µm
wave_controller_y_inst/_0642_,83.08µm
wave_controller_x_inst/wave_cycle_cnt\[5\],82.98µm
spi_regs_inst/_0523_,82.97µm
spi_regs_inst/_0358_,82.88µm
wave_controller_x_inst/_1036_,82.88µm
spi_regs_inst/_0659_,82.53µm
spi_regs_inst/_0228_,82.52µm
spi_regs_inst/_0586_,82.42µm
cal_phase0_offset_x\[6\],82.37µm
wave_controller_x_inst/_1317_,82.32µm
signal_processor_y_inst/_041_,82.06µm
wave_controller_y_inst/wave_cycle_cnt\[1\],81.96µm
wave_controller_y_inst/_1344_,81.91µm
spi_regs_inst/net230,81.91µm
wave_controller_x_inst/_0683_,81.86µm
wave_controller_y_inst/net93,81.81µm
cal_phase0_offset_x\[19\],81.76µm
spi_regs_inst/_0545_,81.76µm
wave_controller_y_inst/_0490_,81.4µm
cfg_phase270_offset_x\[10\],81.3µm
spi_regs_inst/_0617_,81.25µm
wave_controller_y_inst/_0948_,81.25µm
wave_controller_x_inst/net58,80.79µm
wave_controller_y_inst/net317,80.79µm
wave_controller_x_inst/_1342_,80.74µm
wave_controller_y_inst/_1343_,80.74µm
spi_regs_inst/rx_shift\[5\],80.69µm
wave_controller_y_inst/_0316_,80.69µm
spi_regs_inst/_0306_,80.64µm
spi_regs_inst/_0544_,80.64µm
wave_controller_x_inst/_0642_,80.64µm
wave_controller_x_inst/_0189_,80.33µm
wave_controller_y_inst/net354,80.33µm
wave_controller_y_inst/_0965_,80.23µm
spi_regs_inst/net285,80.18µm
spi_regs_inst/net307,80.18µm
wave_controller_y_inst/net319,80.18µm
wave_controller_x_inst/_1659_,79.72µm
cal_phase0_offset_y\[10\],79.67µm
wave_controller_x_inst/_1313_,79.67µm
wave_controller_y_inst/phase_acc\[7\],79.62µm
wave_controller_x_inst/net57,79.57µm
wave_controller_x_inst/net94,79.57µm
wave_controller_y_inst/phase_acc\[15\],79.16µm
spi_regs_inst/_0476_,79.11µm
signal_processor_y_inst/_101_,79.06µm
spi_regs_inst/_0239_,79.06µm
spi_regs_inst/_0351_,79.06µm
cal_phase90_offset_x\[19\],78.96µm
cal_phase90_offset_y\[4\],78.96µm
spi_regs_inst/_0706_,78.96µm
wave_controller_x_inst/_0879_,78.96µm
wave_controller_y_inst/_1346_,78.6µm
cfg_phase0_offset_y\[6\],78.55µm
raw_edge2_y\[9\],78.55µm
spi_regs_inst/_0712_,78.55µm
spi_regs_inst/_0481_,78.5µm
spi_regs_inst/_0695_,78.5µm
wave_controller_x_inst/_0925_,78.45µm
wave_controller_y_inst/_1432_,78.45µm
spi_regs_inst/_0291_,78.4µm
wave_controller_y_inst/_0630_,78.4µm
wave_controller_y_inst/_1341_,78.04µm
spi_regs_inst/_0661_,77.94µm
spi_regs_inst/_0688_,77.94µm
wave_controller_x_inst/_1680_,77.94µm
wave_controller_x_inst/net61,77.94µm
spi_regs_inst/_0689_,77.89µm
wave_controller_x_inst/phase_acc\[14\],77.89µm
wave_controller_x_inst/phase_acc\[9\],77.89µm
spi_regs_inst/_0282_,77.84µm
wave_controller_y_inst/wave_cycle_cnt\[2\],77.53µm
wave_controller_x_inst/_0212_,77.38µm
net5,77.33µm
spi_regs_inst/_0533_,77.28µm
wave_controller_y_inst/net358,76.92µm
wave_controller_x_inst/_1361_,76.87µm
signal_processor_x_inst/_088_,76.82µm
cal_phase270_offset_x\[4\],76.72µm
wave_controller_x_inst/_1071_,76.72µm
spi_regs_inst/net97,76.72µm
wave_controller_x_inst/_1301_,76.46µm
spi_regs_inst/_0454_,76.31µm
spi_regs_inst/spi_addr\[5\],76.31µm
wave_controller_y_inst/_1272_,76.26µm
wave_controller_x_inst/_0848_,76.21µm
spi_regs_inst/net229,76.21µm
spi_regs_inst/_0363_,76.16µm
spi_regs_inst/_0266_,75.75µm
wave_controller_x_inst/phase_acc\[7\],75.75µm
signal_processor_y_inst/_066_,75.7µm
wave_controller_y_inst/_1268_,75.65µm
wave_controller_y_inst/_1635_,75.65µm
spi_regs_inst/_0314_,75.6µm
spi_regs_inst/_0469_,75.6µm
wave_controller_y_inst/phase_acc\[0\],75.34µm
spi_regs_inst/reg_wr_addr\[3\],75.29µm
spi_regs_inst/_0584_,75.24µm
wave_controller_y_inst/_1476_,75.19µm
wave_controller_y_inst/_0213_,75.14µm
spi_regs_inst/_0475_,75.09µm
spi_regs_inst/_0237_,75.04µm
spi_regs_inst/_0301_,75.04µm
raw_edge2_y\[2\],74.63µm
signal_processor_x_inst/s90,74.63µm
spi_regs_inst/_0633_,74.63µm
spi_regs_inst/_0605_,74.58µm
wave_controller_y_inst/_1061_,73.97µm
cal_phase270_offset_x\[17\],73.92µm
signal_processor_y_inst/_078_,73.92µm
spi_regs_inst/_0527_,73.92µm
spi_regs_inst/_0679_,73.92µm
wave_controller_x_inst/_0152_,73.92µm
wave_controller_y_inst/_1307_,73.92µm
spi_regs_inst/net488,73.92µm
wave_controller_x_inst/net599,73.92µm
wave_controller_x_inst/_1039_,73.51µm
wave_controller_y_inst/_1306_,73.51µm
signal_processor_x_inst/_054_,73.46µm
spi_regs_inst/_0499_,73.36µm
wave_controller_y_inst/_1488_,73.36µm
wave_controller_y_inst/_1275_,73.1µm
spi_regs_inst/net192,72.9µm
wave_controller_x_inst/_1745_,72.85µm
cal_phase0_offset_y\[16\],72.8µm
wave_controller_x_inst/net328,72.44µm
wave_controller_x_inst/net522,72.44µm
wave_controller_x_inst/_0788_,72.34µm
spi_regs_inst/net493,72.34µm
spi_regs_inst/_0678_,72.29µm
spi_regs_inst/_0709_,71.78µm
wave_controller_y_inst/_1237_,71.78µm
latch_phase90_x,71.73µm
spi_regs_inst/_0304_,71.22µm
wave_controller_y_inst/net318,71.22µm
cal_phase270_offset_y\[5\],71.17µm
spi_regs_inst/_0603_,71.17µm
spi_regs_inst/net96,71.12µm
signal_processor_y_inst/s90,70.81µm
spi_regs_inst/_0437_,70.76µm
wave_controller_x_inst/_1307_,70.76µm
wave_controller_x_inst/net330,70.71µm
wave_controller_y_inst/_1634_,70.56µm
wave_controller_y_inst/net414,70.25µm
wave_controller_y_inst/_1262_,70.15µm
cal_phase90_offset_x\[2\],70.1µm
spi_regs_inst/rx_shift\[1\],70.05µm
wave_controller_x_inst/_1338_,70.05µm
wave_controller_y_inst/_0529_,70.05µm
spi_regs_inst/_0702_,70µm
spi_regs_inst/reg_wr_addr\[0\],69.54µm
wave_controller_x_inst/_1329_,69.54µm
wave_controller_x_inst/_1488_,69.54µm
wave_controller_y_inst/_0152_,69.54µm
wave_controller_x_inst/net329,69.54µm
wave_controller_y_inst/_0307_,69.44µm
analog[3],69.3µm
spi_regs_inst/net190,68.98µm
spi_regs_inst/_0211_,68.93µm
spi_regs_inst/_0531_,68.93µm
wave_controller_y_inst/net359,68.88µm
wave_controller_x_inst/_1237_,68.52µm
spi_regs_inst/_0212_,68.42µm
spi_regs_inst/_0225_,68.42µm
wave_controller_x_inst/_0289_,68.42µm
wave_controller_x_inst/_1465_,68.42µm
wave_controller_y_inst/_1463_,68.37µm
cal_phase0_offset_y\[7\],68.32µm
wave_controller_x_inst/_0307_,68.32µm
signal_processor_y_inst/comp_pipe\[3\],67.86µm
spi_regs_inst/_0562_,67.86µm
wave_controller_y_inst/_0486_,67.86µm
spi_regs_inst/_0213_,67.81µm
cal_phase270_offset_x\[10\],67.76µm
wave_controller_x_inst/net168,67.76µm
wave_controller_y_inst/_0989_,67.25µm
wave_controller_x_inst/wave_cycle_cnt\[4\],66.89µm
wave_controller_x_inst/net377,66.89µm
wave_controller_x_inst/wave_cycle_cnt\[3\],66.74µm
wave_controller_y_inst/net363,66.74µm
spi_regs_inst/_0265_,66.69µm
wave_controller_y_inst/_1428_,66.69µm
wave_controller_x_inst/_1291_,66.28µm
wave_controller_y_inst/_1308_,66.28µm
spi_regs_inst/spi_addr\[4\],66.23µm
wave_controller_x_inst/_1306_,66.23µm
wave_controller_x_inst/net170,66.23µm
wave_controller_x_inst/_0982_,66.18µm
wave_controller_y_inst/_1094_,66.18µm
cal_phase0_offset_x\[11\],66.08µm
cal_phase0_offset_x\[16\],66.08µm
cal_phase0_offset_x\[7\],66.08µm
wave_controller_x_inst/_0609_,66.08µm
wave_controller_x_inst/_0923_,66.08µm
wave_controller_y_inst/_0265_,65.67µm
spi_regs_inst/_0686_,65.62µm
spi_regs_inst/net98,65.57µm
wave_controller_y_inst/_1445_,65.52µm
wave_controller_x_inst/net441,65.11µm
wave_controller_y_inst/_1342_,65.06µm
wave_controller_x_inst/_0213_,65.01µm
wave_controller_y_inst/_0613_,65.01µm
signal_processor_y_inst/_054_,64.96µm
spi_regs_inst/_0208_,64.96µm
spi_regs_inst/_0546_,64.96µm
spi_regs_inst/_0687_,64.96µm
spi_regs_inst/spi_state,64.5µm
wave_controller_x_inst/_1445_,64.5µm
spi_regs_inst/_0715_,64.45µm
wave_controller_x_inst/_1249_,64.04µm
wave_controller_x_inst/_1347_,64.04µm
raw_edge1_x\[1\],63.99µm
spi_regs_inst/cs_n_sync,63.94µm
wave_controller_x_inst/_1417_,63.94µm
wave_controller_y_inst/_1093_,63.89µm
wave_controller_y_inst/_1276_,63.89µm
cal_phase90_offset_y\[13\],63.84µm
wave_controller_x_inst/_0989_,63.84µm
wave_controller_x_inst/_1441_,63.84µm
wave_controller_y_inst/_0212_,63.61µm
signal_processor_x_inst/_061_,63.48µm
net596,63.43µm
cal_phase270_offset_x\[11\],63.38µm
cal_phase270_offset_x\[20\],63.33µm
spi_regs_inst/_0323_,63.33µm
wave_controller_y_inst/net152,63.33µm
spi_regs_inst/_0315_,63.28µm
spi_regs_inst/_0670_,62.92µm
spi_regs_inst/rx_shift\[0\],62.92µm
spi_regs_inst/_0724_,62.87µm
wave_controller_y_inst/net43,62.87µm
spi_regs_inst/_0234_,62.82µm
wave_controller_y_inst/_1168_,62.82µm
wave_controller_y_inst/_0617_,62.77µm
wave_controller_y_inst/_1390_,62.77µm
spi_regs_inst/_0710_,62.72µm
wave_controller_y_inst/net355,62.72µm
wave_controller_y_inst/_1347_,62.26µm
wave_controller_y_inst/_1586_,62.26µm
wave_controller_y_inst/_0936_,62.21µm
spi_regs_inst/net311,62.21µm
wave_controller_x_inst/net376,62.21µm
cal_phase90_offset_y\[7\],62.16µm
wave_controller_x_inst/_0846_,62.16µm
spi_regs_inst/net337,61.8µm
spi_regs_inst/_0674_,61.75µm
wave_controller_y_inst/_0836_,61.7µm
wave_controller_y_inst/net360,61.65µm
spi_regs_inst/_0579_,61.29µm
spi_regs_inst/_0519_,61.14µm
wave_controller_y_inst/net124,61.14µm
wave_controller_x_inst/_0265_,61.09µm
wave_controller_x_inst/_1460_,61.09µm
wave_controller_y_inst/_0294_,61.09µm
cal_phase0_offset_y\[17\],61.04µm
spi_regs_inst/_0366_,61.04µm
spi_regs_inst/_0509_,61.04µm
wave_controller_x_inst/net113,61.04µm
spi_regs_inst/_0592_,60.91µm
spi_regs_inst/_0216_,60.63µm
cal_phase0_offset_x\[14\],60.58µm
spi_regs_inst/_0705_,60.58µm
wave_controller_x_inst/_1351_,60.58µm
spi_regs_inst/_0478_,60.53µm
spi_regs_inst/_0655_,60.53µm
spi_regs_inst/_0722_,60.53µm
spi_regs_inst/_0254_,60.48µm
spi_regs_inst/_0549_,60.48µm
wave_controller_x_inst/_0595_,60.48µm
spi_regs_inst/_0559_,60.17µm
wave_controller_x_inst/_1094_,60.12µm
wave_controller_x_inst/_0425_,60.07µm
wave_controller_x_inst/_1290_,60.02µm
cal_phase0_offset_x\[17\],59.97µm
spi_regs_inst/_0578_,59.97µm
spi_regs_inst/_0303_,59.92µm
wave_controller_x_inst/_1671_,59.92µm
wave_controller_x_inst/net327,59.46µm
spi_regs_inst/_0522_,59.41µm
spi_regs_inst/_0320_,59.36µm
signal_processor_y_inst/_061_,58.95µm
raw_edge2_x\[7\],58.9µm
spi_regs_inst/_0460_,58.85µm
wave_controller_x_inst/_0294_,58.85µm
wave_controller_y_inst/net357,58.85µm
wave_controller_y_inst/_1585_,58.8µm
wave_controller_y_inst/net127,58.8µm
wave_controller_y_inst/_0555_,58.34µm
wave_controller_y_inst/_0390_,58.24µm
cfg_phase0_offset_x\[1\],57.78µm
signal_processor_y_inst/_089_,57.78µm
spi_regs_inst/net258,57.78µm
spi_regs_inst/_0373_,57.73µm
wave_controller_y_inst/_1303_,57.73µm
wave_controller_y_inst/phase_acc\[16\],57.73µm
wave_controller_y_inst/net178,57.73µm
signal_processor_x_inst/s270_pipe\[3\],57.68µm
spi_regs_inst/_0329_,57.68µm
spi_regs_inst/_0528_,57.27µm
wave_controller_y_inst/net153,57.27µm
wave_controller_x_inst/_1289_,57.22µm
spi_regs_inst/_0245_,57.12µm
spi_regs_inst/_0474_,57.12µm
spi_regs_inst/_0611_,57.12µm
wave_controller_y_inst/_1305_,56.66µm
spi_regs_inst/_0449_,56.56µm
wave_controller_y_inst/_1291_,56.15µm
wave_controller_x_inst/_0658_,56.05µm
wave_controller_x_inst/_1065_,56.05µm
wave_controller_x_inst/_1341_,56.05µm
wave_controller_x_inst/net375,56.05µm
wave_controller_x_inst/_0770_,56µm
signal_processor_y_inst/_102_,55.69µm
wave_controller_x_inst/_0618_,55.64µm
wave_controller_y_inst/wave_cycle_cnt\[3\],55.64µm
wave_controller_x_inst/_0528_,55.54µm
spi_regs_inst/_0222_,55.49µm
wave_controller_y_inst/_1483_,55.49µm
spi_regs_inst/_0223_,55.03µm
raw_edge2_y\[15\],54.98µm
spi_regs_inst/_0486_,54.93µm
wave_controller_x_inst/_1412_,54.93µm
wave_controller_y_inst/_0886_,54.93µm
spi_regs_inst/_0473_,54.88µm
wave_controller_y_inst/_1441_,54.88µm
spi_regs_inst/_0707_,54.72µm
wave_controller_x_inst/_1462_,54.47µm
wave_controller_x_inst/phase_acc\[13\],54.42µm
wave_controller_y_inst/_1297_,54.42µm
cal_phase0_offset_x\[5\],54.32µm
wave_controller_x_inst/_1459_,54.06µm
wave_controller_y_inst/_1301_,53.96µm
wave_controller_x_inst/_0490_,53.91µm
wave_controller_x_inst/_1458_,53.86µm
wave_controller_x_inst/_1466_,53.86µm
wave_controller_x_inst/_1255_,53.81µm
wave_controller_x_inst/phase_acc\[16\],53.81µm
spi_regs_inst/_0396_,53.76µm
spi_regs_inst/_0567_,53.76µm
wave_controller_y_inst/_1329_,53.4µm
wave_controller_x_inst/_1649_,53.35µm
cal_phase0_offset_x\[8\],53.3µm
wave_controller_y_inst/_1351_,53.3µm
wave_controller_y_inst/_1172_,53.25µm
wave_controller_y_inst/net41,53.25µm
spi_regs_inst/net203,53.25µm
spi_regs_inst/_0317_,53.2µm
wave_controller_y_inst/wave_cycle_cnt\[0\],52.74µm
spi_regs_inst/_0524_,52.69µm
spi_regs_inst/_0672_,52.69µm
spi_regs_inst/_0384_,52.64µm
wave_controller_x_inst/_0300_,52.64µm
wave_controller_x_inst/_1268_,52.64µm
wave_controller_y_inst/_0536_,52.64µm
wave_controller_x_inst/_1463_,52.23µm
wave_controller_x_inst/_0373_,52.18µm
wave_controller_x_inst/_0429_,52.18µm
cal_phase90_offset_y\[14\],52.08µm
signal_processor_x_inst/_080_,52.08µm
wave_controller_y_inst/_0373_,52.08µm
wave_controller_y_inst/_1393_,52.08µm
wave_controller_y_inst/net356,51.82µm
wave_controller_x_inst/_0584_,51.77µm
raw_edge1_y\[16\],51.72µm
spi_regs_inst/rx_shift\[3\],51.67µm
wave_controller_x_inst/_1360_,51.67µm
spi_regs_inst/_0244_,51.57µm
wave_controller_x_inst/net115,51.57µm
wave_controller_x_inst/net380,51.57µm
wave_controller_x_inst/_1324_,51.11µm
spi_regs_inst/_0326_,51.06µm
wave_controller_x_inst/_0374_,51.06µm
wave_controller_x_inst/_0690_,51.06µm
wave_controller_x_inst/_0716_,51.06µm
wave_controller_y_inst/_0714_,51.06µm
wave_controller_x_inst/net169,51.06µm
signal_processor_x_inst/s90_pipe\[3\],51.01µm
spi_regs_inst/_0692_,51.01µm
wave_controller_y_inst/_0374_,51.01µm
signal_processor_y_inst/_010_,50.96µm
wave_controller_x_inst/_0730_,50.96µm
wave_controller_y_inst/_1457_,50.96µm
spi_regs_inst/net202,50.96µm
wave_controller_x_inst/_0496_,50.65µm
wave_controller_y_inst/_1460_,50.55µm
wave_controller_y_inst/_1531_,50.55µm
spi_regs_inst/_0290_,50.45µm
spi_regs_inst/_0348_,50.45µm
wave_controller_y_inst/_1670_,50.45µm
wave_controller_x_inst/_0472_,50.4µm
wave_controller_x_inst/_1641_,50.4µm
spi_regs_inst/net196,50.4µm
wave_controller_y_inst/_1470_,50.04µm
wave_controller_y_inst/_0846_,49.89µm
wave_controller_x_inst/net117,49.89µm
signal_processor_y_inst/_006_,49.84µm
wave_controller_x_inst/_1254_,49.84µm
wave_controller_x_inst/_1642_,49.84µm
wave_controller_y_inst/_0256_,49.84µm
wave_controller_x_inst/net525,49.84µm
wave_controller_x_inst/_0394_,49.43µm
raw_edge1_x\[8\],49.38µm
spi_regs_inst/_0241_,49.33µm
spi_regs_inst/_0247_,49.33µm
spi_regs_inst/_0278_,49.33µm
wave_controller_x_inst/_0486_,49.33µm
wave_controller_x_inst/_1247_,49.33µm
wave_controller_x_inst/_0287_,49.28µm
wave_controller_y_inst/_0581_,49.05µm
wave_controller_x_inst/_0516_,48.92µm
spi_regs_inst/_0663_,48.87µm
spi_regs_inst/reg_wr_addr\[1\],48.87µm
spi_regs_inst/_0414_,48.82µm
wave_controller_y_inst/_0683_,48.82µm
wave_controller_y_inst/_1407_,48.82µm
wave_controller_x_inst/net372,48.82µm
wave_controller_y_inst/_0492_,48.77µm
spi_regs_inst/_0217_,48.72µm
wave_controller_x_inst/_1446_,48.72µm
wave_controller_y_inst/_1395_,48.72µm
wave_controller_y_inst/net407,48.51µm
wave_controller_x_inst/_0638_,48.36µm
spi_regs_inst/_0206_,48.31µm
wave_controller_y_inst/_1455_,48.26µm
wave_controller_x_inst/_0485_,48.21µm
wave_controller_x_inst/_0510_,48.21µm
wave_controller_x_inst/_1727_,48.21µm
wave_controller_y_inst/comp_sync0,48.21µm
spi_regs_inst/_0534_,48.16µm
wave_controller_x_inst/_0371_,48.16µm
wave_controller_y_inst/_1376_,48.16µm
wave_controller_x_inst/_0965_,47.75µm
spi_regs_inst/net302,47.75µm
cal_phase0_offset_x\[2\],47.65µm
wave_controller_x_inst/_0740_,47.65µm
cal_phase0_offset_x\[18\],47.6µm
spi_regs_inst/_0269_,47.6µm
wave_controller_y_inst/_1381_,47.6µm
wave_controller_y_inst/wave_cycle_cnt\[4\],47.19µm
wave_controller_y_inst/_1649_,47.14µm
spi_regs_inst/rx_shift\[6\],47.09µm
signal_processor_x_inst/cnt_out\[0\],46.81µm
cal_phase90_offset_y\[10\],46.63µm
spi_regs_inst/reg_wr_addr\[4\],46.63µm
state_machine_inst/_12_,46.53µm
wave_controller_x_inst/_0172_,46.53µm
wave_controller_x_inst/_1475_,46.53µm
spi_regs_inst/net191,46.22µm
spi_regs_inst/_0577_,46.12µm
wave_controller_x_inst/_0839_,46.07µm
signal_processor_y_inst/_070_,46.02µm
wave_controller_y_inst/_0328_,46.02µm
wave_controller_y_inst/_1249_,46.02µm
signal_processor_y_inst/_088_,45.97µm
wave_controller_x_inst/_0917_,45.97µm
wave_controller_x_inst/_0936_,45.97µm
signal_processor_y_inst/_044_,45.92µm
wave_controller_y_inst/_0310_,45.92µm
wave_controller_y_inst/_1452_,45.92µm
signal_processor_x_inst/cnt_in\[0\],45.51µm
spi_regs_inst/_0457_,45.46µm
wave_controller_x_inst/_0305_,45.46µm
wave_controller_x_inst/_0247_,45.41µm
wave_controller_y_inst/_0993_,45.41µm
signal_processor_x_inst/_089_,45.36µm
spi_regs_inst/net342,45.36µm
signal_processor_y_inst/s270_pipe\[3\],45µm
wave_controller_x_inst/wave_cycle_cnt\[6\],44.95µm
wave_controller_y_inst/_1447_,44.9µm
wave_controller_x_inst/_0544_,44.85µm
wave_controller_x_inst/_0884_,44.85µm
wave_controller_y_inst/_0247_,44.85µm
wave_controller_y_inst/net151,44.85µm
wave_controller_x_inst/net373,44.85µm
wave_controller_x_inst/_1585_,44.8µm
wave_controller_y_inst/_0312_,44.8µm
wave_controller_y_inst/_1332_,44.8µm
spi_regs_inst/bit_cnt\[0\],44.57µm
wave_controller_x_inst/_0201_,44.44µm
wave_controller_x_inst/net374,44.44µm
wave_controller_y_inst/_0289_,44.39µm
spi_regs_inst/_0307_,44.34µm
wave_controller_x_inst/_0541_,44.34µm
wave_controller_x_inst/wave_cycle_cnt\[0\],44.34µm
cal_phase0_offset_y\[18\],44.29µm
spi_regs_inst/_0218_,44.29µm
wave_controller_x_inst/_1375_,44.29µm
wave_controller_x_inst/_1670_,44.29µm
cal_phase90_offset_x\[6\],44.24µm
wave_controller_x_inst/_1300_,44.24µm
wave_controller_y_inst/_0718_,43.88µm
spi_regs_inst/_0600_,43.78µm
wave_controller_x_inst/wave_cycle_cnt\[2\],43.78µm
wave_controller_y_inst/_0305_,43.78µm
wave_controller_y_inst/_1322_,43.78µm
wave_controller_y_inst/wave_cycle_cnt\[7\],43.78µm
spi_regs_inst/_0367_,43.73µm
wave_controller_x_inst/wave_cycle_cnt\[7\],43.73µm
wave_controller_y_inst/_0350_,43.73µm
wave_controller_y_inst/_0694_,43.73µm
wave_controller_y_inst/_1571_,43.73µm
spi_regs_inst/_0422_,43.68µm
wave_controller_y_inst/_0304_,43.68µm
wave_controller_y_inst/_0926_,43.68µm
spi_regs_inst/_0242_,43.17µm
spi_regs_inst/_0440_,43.17µm
wave_controller_y_inst/_1170_,43.17µm
signal_processor_y_inst/cycle_count\[0\],42.76µm
wave_controller_x_inst/_1356_,42.71µm
spi_regs_inst/mosi_sync\[1\],42.66µm
wave_controller_x_inst/_1069_,42.66µm
wave_controller_y_inst/_0143_,42.66µm
spi_regs_inst/_0298_,42.56µm
wave_controller_x_inst/_0139_,42.56µm
wave_controller_x_inst/_1478_,42.56µm
spi_regs_inst/_0645_,42.43µm
spi_regs_inst/_0668_,42.15µm
signal_processor_y_inst/cycle_count\[1\],42.1µm
wave_controller_x_inst/_1492_,42.1µm
wave_controller_y_inst/_1318_,42.1µm
spi_regs_inst/_0512_,42.05µm
wave_controller_y_inst/_0510_,42.05µm
wave_controller_y_inst/_1733_,42.05µm
spi_regs_inst/_0324_,42µm
wave_controller_x_inst/_1224_,42µm
wave_controller_y_inst/_1361_,42µm
wave_controller_x_inst/_0336_,41.54µm
wave_controller_x_inst/_0686_,41.54µm
wave_controller_x_inst/_1470_,41.54µm
spi_regs_inst/net305,41.54µm
spi_regs_inst/_0590_,41.49µm
wave_controller_x_inst/_1042_,41.49µm
wave_controller_y_inst/_0827_,41.49µm
wave_controller_y_inst/_0921_,41.49µm
wave_controller_y_inst/_1075_,41.49µm
wave_controller_x_inst/_0270_,41.44µm
wave_controller_y_inst/_0166_,41.44µm
wave_controller_y_inst/_1300_,41.08µm
wave_controller_x_inst/_0834_,41.03µm
wave_controller_y_inst/_1469_,40.98µm
raw_edge2_y\[12\],40.93µm
wave_controller_y_inst/_0270_,40.93µm
wave_controller_y_inst/_0699_,40.93µm
wave_controller_x_inst/_0876_,40.88µm
wave_controller_x_inst/_0918_,40.88µm
wave_controller_y_inst/_0139_,40.88µm
wave_controller_y_inst/_0504_,40.88µm
wave_controller_y_inst/_1489_,40.88µm
wave_controller_y_inst/_0614_,40.62µm
spi_miso,40.42µm
wave_controller_y_inst/_0859_,40.42µm
signal_processor_x_inst/cycle_count\[0\],40.37µm
wave_controller_x_inst/_0729_,40.37µm
wave_controller_x_inst/_1617_,40.37µm
wave_controller_y_inst/_1400_,40.37µm
wave_controller_y_inst/_1467_,40.37µm
cal_phase270_offset_x\[16\],40.32µm
spi_regs_inst/_0354_,40.32µm
spi_regs_inst/_0483_,40.32µm
wave_controller_y_inst/_0365_,40.32µm
wave_controller_y_inst/_0982_,40.32µm
signal_processor_x_inst/_102_,39.91µm
wave_controller_y_inst/_0189_,39.86µm
wave_controller_y_inst/_1607_,39.86µm
wave_controller_y_inst/_0971_,39.81µm
wave_controller_y_inst/_1309_,39.81µm
spi_regs_inst/net186,39.81µm
signal_processor_x_inst/_050_,39.76µm
spi_regs_inst/_0327_,39.76µm
wave_controller_x_inst/_0829_,39.76µm
wave_controller_y_inst/_1324_,39.35µm
spi_regs_inst/_0671_,39.3µm
wave_controller_x_inst/_0992_,39.3µm
wave_controller_x_inst/_1467_,39.3µm
signal_processor_y_inst/_053_,39.25µm
wave_controller_x_inst/_0612_,39.25µm
wave_controller_x_inst/_1461_,39.25µm
wave_controller_y_inst/_1468_,39.25µm
spi_regs_inst/_0400_,39.2µm
wave_controller_x_inst/_0384_,39.2µm
wave_controller_y_inst/_0624_,39.2µm
wave_controller_x_inst/_0430_,38.79µm
wave_controller_y_inst/_1331_,38.79µm
wave_controller_y_inst/_1254_,38.74µm
wave_controller_y_inst/_1289_,38.74µm
wave_controller_y_inst/_1694_,38.74µm
wave_controller_x_inst/_1344_,38.69µm
wave_controller_y_inst/_0448_,38.69µm
wave_controller_y_inst/_1335_,38.69µm
wave_controller_x_inst/_0325_,38.64µm
wave_controller_x_inst/_0555_,38.64µm
wave_controller_x_inst/_1538_,38.64µm
wave_controller_y_inst/_1368_,38.64µm
wave_controller_y_inst/_1502_,38.64µm
wave_controller_x_inst/net131,38.64µm
signal_processor_x_inst/_101_,38.18µm
spi_regs_inst/_0424_,38.18µm
wave_controller_x_inst/_1423_,38.18µm
wave_controller_y_inst/_0618_,38.18µm
cal_phase270_offset_x\[1\],38.13µm
spi_regs_inst/_0335_,38.13µm
spi_regs_inst/sclk_sync\[1\],38.13µm
wave_controller_x_inst/_0614_,38.13µm
wave_controller_x_inst/_1204_,38.13µm
wave_controller_x_inst/_1502_,38.13µm
wave_controller_y_inst/_1205_,38.13µm
wave_controller_y_inst/_1755_,38.13µm
cal_phase270_offset_y\[12\],38.08µm
cal_phase90_offset_y\[8\],38.08µm
spi_regs_inst/_0595_,38.08µm
wave_controller_y_inst/_0580_,38.08µm
wave_controller_y_inst/_1348_,37.72µm
wave_controller_x_inst/_0208_,37.62µm
wave_controller_y_inst/_0463_,37.62µm
wave_controller_x_inst/_1586_,37.57µm
wave_controller_y_inst/_1637_,37.57µm
wave_controller_x_inst/_1298_,37.16µm
wave_controller_x_inst/_1407_,37.11µm
wave_controller_x_inst/wave_cycle_cnt\[1\],37.11µm
wave_controller_y_inst/_1011_,37.11µm
wave_controller_x_inst/_1336_,37.06µm
wave_controller_y_inst/_0154_,37.06µm
wave_controller_y_inst/_0679_,37.06µm
wave_controller_x_inst/_0253_,37.01µm
wave_controller_y_inst/_0702_,37.01µm
wave_controller_x_inst/_0428_,36.96µm
wave_controller_y_inst/_0208_,36.96µm
wave_controller_y_inst/_1323_,36.6µm
wave_controller_x_inst/_1468_,36.55µm
wave_controller_x_inst/_0880_,36.5µm
wave_controller_x_inst/_1607_,36.5µm
wave_controller_y_inst/_1166_,36.5µm
signal_processor_y_inst/s90_pipe\[3\],36.45µm
spi_regs_inst/_0209_,36.45µm
spi_regs_inst/_0355_,36.45µm
spi_regs_inst/_0443_,36.45µm
wave_controller_x_inst/_0413_,36.45µm
wave_controller_x_inst/_0975_,36.45µm
wave_controller_x_inst/_1327_,36.45µm
wave_controller_y_inst/_0638_,36.45µm
wave_controller_y_inst/_0997_,36.45µm
wave_controller_y_inst/_1617_,36.45µm
spi_regs_inst/_0530_,36.4µm
spi_regs_inst/_0541_,36.4µm
wave_controller_x_inst/_0323_,36.4µm
wave_controller_y_inst/_1475_,36.4µm
wave_controller_x_inst/_1531_,35.99µm
wave_controller_y_inst/_1336_,35.99µm
wave_controller_x_inst/_0129_,35.94µm
wave_controller_x_inst/_0546_,35.94µm
wave_controller_x_inst/_1297_,35.94µm
wave_controller_y_inst/_1518_,35.94µm
wave_controller_y_inst/net567,35.94µm
wave_controller_x_inst/_0993_,35.89µm
wave_controller_y_inst/_1164_,35.89µm
wave_controller_y_inst/_1696_,35.89µm
wave_controller_y_inst/cal_burst_active,35.89µm
signal_processor_x_inst/_044_,35.84µm
wave_controller_x_inst/_0581_,35.84µm
wave_controller_x_inst/_0971_,35.84µm
wave_controller_x_inst/_1673_,35.43µm
wave_controller_y_inst/_1321_,35.43µm
cal_phase0_offset_x\[9\],35.38µm
wave_controller_x_inst/_0827_,35.38µm
wave_controller_x_inst/_0842_,35.38µm
wave_controller_y_inst/_0100_,35.38µm
wave_controller_y_inst/_0876_,35.38µm
wave_controller_x_inst/_1334_,35.33µm
wave_controller_x_inst/_1379_,35.33µm
wave_controller_x_inst/_1518_,35.33µm
wave_controller_y_inst/_0878_,35.33µm
net14,35.28µm
move_en_y,35.28µm
wave_controller_x_inst/_1499_,35.28µm
wave_controller_x_inst/_1566_,35.28µm
wave_controller_y_inst/_0287_,35.28µm
wave_controller_y_inst/_0367_,35.28µm
wave_controller_y_inst/_0371_,34.87µm
wave_controller_x_inst/_0769_,34.82µm
wave_controller_x_inst/_1205_,34.82µm
wave_controller_y_inst/_0424_,34.82µm
wave_controller_x_inst/_0360_,34.77µm
wave_controller_x_inst/_0583_,34.77µm
wave_controller_x_inst/_0854_,34.77µm
wave_controller_y_inst/_0006_,34.77µm
wave_controller_y_inst/_0322_,34.77µm
wave_controller_y_inst/_0923_,34.77µm
wave_controller_y_inst/_0925_,34.77µm
wave_controller_y_inst/comp_sync3,34.77µm
cal_phase270_offset_y\[6\],34.72µm
spi_regs_inst/_0002_,34.72µm
spi_regs_inst/_0431_,34.72µm
wave_controller_x_inst/_0586_,34.72µm
wave_controller_x_inst/_1075_,34.72µm
wave_controller_x_inst/net114,34.72µm
wave_controller_y_inst/_0870_,34.31µm
spi_regs_inst/_0252_,34.26µm
wave_controller_x_inst/_0694_,34.26µm
wave_controller_y_inst/_0129_,34.26µm
wave_controller_x_inst/net172,34.26µm
spi_regs_inst/_0458_,34.21µm
wave_controller_x_inst/_0893_,34.21µm
wave_controller_x_inst/_1011_,34.21µm
wave_controller_x_inst/_1206_,34.21µm
wave_controller_y_inst/_0650_,34.21µm
wave_controller_y_inst/_0884_,34.21µm
wave_controller_y_inst/_1538_,34.21µm
wave_controller_x_inst/_1335_,34.16µm
wave_controller_y_inst/net120,33.75µm
spi_regs_inst/_0548_,33.65µm
spi_regs_inst/_0638_,33.65µm
wave_controller_x_inst/_0405_,33.65µm
wave_controller_y_inst/_0586_,33.65µm
wave_controller_x_inst/net133,33.65µm
cal_phase0_offset_x\[13\],33.6µm
spi_regs_inst/_0147_,33.6µm
spi_regs_inst/_0371_,33.6µm
wave_controller_x_inst/_0926_,33.6µm
wave_controller_x_inst/_0984_,33.6µm
wave_controller_y_inst/_1299_,33.6µm
wave_controller_y_inst/_0384_,33.34µm
latch_phase90_y,33.19µm
wave_controller_x_inst/_0831_,33.19µm
wave_controller_x_inst/_1318_,33.14µm
wave_controller_x_inst/_1579_,33.14µm
wave_controller_y_inst/_0267_,33.14µm
wave_controller_y_inst/_0277_,33.14µm
wave_controller_y_inst/_0831_,33.14µm
wave_controller_y_inst/_1734_,33.14µm
cal_phase90_offset_y\[2\],33.09µm
cfg_f_MEMS_fcw_x\[15\],33.09µm
wave_controller_x_inst/_0385_,33.09µm
wave_controller_y_inst/_0183_,33.09µm
wave_controller_y_inst/_0531_,33.09µm
wave_controller_y_inst/_0991_,33.09µm
wave_controller_y_inst/_1146_,33.09µm
raw_edge2_x\[8\],33.04µm
signal_processor_y_inst/_076_,33.04µm
wave_controller_x_inst/_0504_,33.04µm
wave_controller_x_inst/_1061_,33.04µm
wave_controller_y_inst/_0239_,33.04µm
wave_controller_y_inst/_0441_,33.04µm
wave_controller_y_inst/_0814_,33.04µm
wave_controller_y_inst/_0920_,33.04µm
wave_controller_y_inst/_1080_,33.04µm
wave_controller_x_inst/_1348_,32.68µm
wave_controller_y_inst/_0138_,32.63µm
wave_controller_y_inst/_0442_,32.63µm
wave_controller_y_inst/_0588_,32.63µm
cal_phase270_offset_y\[3\],32.58µm
signal_processor_y_inst/_073_,32.58µm
spi_regs_inst/_0214_,32.58µm
wave_controller_x_inst/_1333_,32.58µm
spi_regs_inst/net313,32.58µm
spi_regs_inst/spi_addr\[6\],32.53µm
wave_controller_x_inst/_1443_,32.53µm
wave_controller_y_inst/_1721_,32.53µm
wave_controller_y_inst/net111,32.53µm
signal_processor_y_inst/_068_,32.48µm
wave_controller_x_inst/_1596_,32.48µm
wave_controller_x_inst/_0274_,32.12µm
raw_edge3_y\[3\],32.07µm
wave_controller_x_inst/_1320_,32.07µm
wave_controller_x_inst/_1331_,32.07µm
wave_controller_x_inst/_1505_,32.07µm
wave_controller_x_inst/_1694_,32.07µm
raw_edge1_y\[10\],32.02µm
spi_regs_inst/_0296_,32.02µm
wave_controller_y_inst/_0361_,32.02µm
wave_controller_y_inst/_1656_,32.02µm
spi_miso_oe,31.97µm
spi_regs_inst/_0310_,31.97µm
spi_regs_inst/reg_wr_en,31.97µm
wave_controller_x_inst/_0538_,31.97µm
wave_controller_x_inst/_0608_,31.97µm
wave_controller_x_inst/_0934_,31.97µm
wave_controller_y_inst/_1298_,31.97µm
wave_controller_y_inst/_1458_,31.97µm
spi_regs_inst/_0255_,31.92µm
wave_controller_x_inst/_1326_,31.92µm
wave_controller_x_inst/_1665_,31.92µm
wave_controller_y_inst/_0472_,31.92µm
wave_controller_y_inst/capture_step\[0\],31.92µm
wave_controller_x_inst/_1321_,31.74µm
wave_controller_x_inst/cal_burst_active,31.56µm
spi_regs_inst/_0589_,31.51µm
wave_controller_x_inst/_0997_,31.51µm
wave_controller_x_inst/comp_sync3,31.51µm
latch_phase270_y,31.46µm
spi_regs_inst/_0649_,31.46µm
spi_regs_inst/tx_shift\[4\],31.46µm
wave_controller_y_inst/_0854_,31.46µm
wave_controller_y_inst/_0994_,31.46µm
wave_controller_y_inst/_1204_,31.46µm
spi_regs_inst/_0606_,31.41µm
spi_regs_inst/tx_shift\[5\],31.41µm
wave_controller_x_inst/_0679_,31.41µm
wave_controller_y_inst/_0336_,31.41µm
wave_controller_y_inst/_1493_,31.41µm
wave_controller_y_inst/_1568_,31.41µm
spi_regs_inst/net312,31.41µm
wave_controller_y_inst/_0414_,31.36µm
wave_controller_x_inst/_1343_,31µm
wave_controller_x_inst/_0160_,30.9µm
wave_controller_y_inst/_0243_,30.9µm
signal_processor_x_inst/cnt_in\[2\],30.85µm
spi_regs_inst/bit_cnt\[1\],30.85µm
wave_controller_x_inst/_0653_,30.85µm
wave_controller_x_inst/_1624_,30.85µm
wave_controller_x_inst/_1729_,30.85µm
wave_controller_x_inst/_1734_,30.85µm
wave_controller_y_inst/_0428_,30.85µm
wave_controller_y_inst/_0646_,30.85µm
wave_controller_y_inst/_0788_,30.85µm
wave_controller_y_inst/_1271_,30.85µm
wave_controller_x_inst/net95,30.85µm
net616,30.85µm
spi_regs_inst/_0508_,30.8µm
wave_controller_x_inst/_0529_,30.8µm
wave_controller_x_inst/_0821_,30.8µm
wave_controller_y_inst/_0848_,30.8µm
wave_controller_x_inst/_0588_,30.39µm
wave_controller_x_inst/_1262_,30.34µm
wave_controller_y_inst/_0546_,30.34µm
wave_controller_y_inst/_1473_,30.34µm
wave_controller_y_inst/_1579_,30.34µm
wave_controller_y_inst/_1603_,30.34µm
wave_controller_y_inst/_1745_,30.34µm
signal_processor_x_inst/cycle_count\[1\],30.29µm
spi_regs_inst/_0713_,30.29µm
wave_controller_x_inst/_0180_,29.83µm
net7,29.78µm
wave_controller_x_inst/_0475_,29.78µm
raw_edge1_x\[12\],29.73µm
spi_regs_inst/_0648_,29.73µm
wave_controller_y_inst/_0616_,29.73µm
wave_controller_y_inst/_1320_,29.73µm
wave_controller_y_inst/_1665_,29.73µm
wave_controller_y_inst/net553,29.73µm
cal_phase90_offset_x\[10\],29.68µm
spi_regs_inst/_0444_,29.68µm
wave_controller_x_inst/_0920_,29.68µm
wave_controller_x_inst/_1712_,29.68µm
wave_controller_y_inst/_0050_,29.68µm
wave_controller_y_inst/_1285_,29.42µm
wave_controller_x_inst/_0342_,29.27µm
wave_controller_x_inst/_0354_,29.27µm
wave_controller_x_inst/_0414_,29.27µm
cal_phase270_offset_x\[2\],29.22µm
spi_regs_inst/_0604_,29.22µm
wave_controller_x_inst/_0221_,29.22µm
wave_controller_x_inst/_0402_,29.22µm
wave_controller_x_inst/_0702_,29.22µm
wave_controller_x_inst/_0968_,29.22µm
wave_controller_x_inst/_1285_,29.22µm
wave_controller_x_inst/_0012_,29.17µm
wave_controller_x_inst/_1500_,29.17µm
wave_controller_y_inst/_1757_,29.17µm
spi_regs_inst/_0513_,29.12µm
wave_controller_y_inst/_0210_,29.12µm
wave_controller_y_inst/_0934_,29.12µm
wave_controller_y_inst/_1591_,29.12µm
net660,28.785µm
wave_controller_x_inst/_0243_,28.71µm
wave_controller_x_inst/_0646_,28.71µm
wave_controller_x_inst/_1294_,28.71µm
wave_controller_y_inst/_0842_,28.71µm
dir_y,28.66µm
wave_controller_x_inst/_0718_,28.66µm
wave_controller_x_inst/_1491_,28.66µm
wave_controller_y_inst/_1583_,28.66µm
wave_controller_x_inst/net130,28.66µm
spi_regs_inst/_0284_,28.61µm
wave_controller_x_inst/_0639_,28.61µm
wave_controller_x_inst/_1309_,28.61µm
wave_controller_x_inst/_1755_,28.61µm
wave_controller_y_inst/_0226_,28.61µm
wave_controller_y_inst/_0318_,28.61µm
wave_controller_y_inst/_0862_,28.61µm
wave_controller_y_inst/ds_acc\[6\],28.61µm
raw_edge1_y\[4\],28.56µm
wave_controller_x_inst/_0178_,28.56µm
wave_controller_y_inst/_0331_,28.56µm
wave_controller_y_inst/_1436_,28.56µm
wave_controller_y_inst/_0475_,28.28µm
wave_controller_x_inst/_1428_,28.2µm
wave_controller_y_inst/_0227_,28.15µm
wave_controller_y_inst/_0615_,28.15µm
wave_controller_y_inst/_1027_,28.15µm
wave_controller_y_inst/_1337_,28.15µm
spi_regs_inst/_0599_,28.1µm
wave_controller_x_inst/_0859_,28.1µm
signal_processor_y_inst/_045_,28.05µm
spi_regs_inst/_0539_,28.05µm
wave_controller_x_inst/_0409_,28.05µm
wave_controller_x_inst/_0456_,28.05µm
wave_controller_x_inst/_0973_,28.05µm
wave_controller_y_inst/_0681_,28.05µm
wave_controller_y_inst/_1727_,28.05µm
wave_controller_y_inst/_1729_,28.05µm
cal_phase270_offset_x\[19\],28µm
spi_regs_inst/_0220_,28µm
spi_regs_inst/_0438_,28µm
spi_regs_inst/tx_shift\[0\],28µm
wave_controller_x_inst/_1064_,28µm
wave_controller_y_inst/_0209_,28µm
wave_controller_y_inst/_0840_,28µm
wave_controller_x_inst/_1630_,27.59µm
wave_controller_y_inst/net47,27.59µm
wave_controller_x_inst/_0567_,27.54µm
wave_controller_y_inst/_0712_,27.54µm
wave_controller_y_inst/_1544_,27.54µm
wave_controller_y_inst/_1712_,27.54µm
signal_processor_y_inst/cnt_out\[0\],27.49µm
spi_regs_inst/_0160_,27.49µm
spi_regs_inst/_0333_,27.49µm
spi_regs_inst/_0397_,27.49µm
spi_regs_inst/_0488_,27.49µm
spi_regs_inst/reg_wr_addr\[5\],27.49µm
wave_controller_x_inst/_1534_,27.49µm
wave_controller_x_inst/_1749_,27.49µm
wave_controller_y_inst/_0008_,27.49µm
wave_controller_y_inst/_0686_,27.49µm
wave_controller_y_inst/_1546_,27.49µm
wave_controller_x_inst/_0483_,27.44µm
wave_controller_y_inst/_0180_,27.44µm
wave_controller_y_inst/_0780_,27.44µm
wave_controller_y_inst/_0821_,27.44µm
raw_edge3_x\[6\],27.08µm
wave_controller_y_inst/_0736_,27.08µm
signal_processor_x_inst/_082_,27.03µm
wave_controller_x_inst/_0173_,27.03µm
wave_controller_x_inst/_0322_,27.03µm
wave_controller_x_inst/_0840_,27.03µm
wave_controller_x_inst/_1629_,27.03µm
wave_controller_y_inst/_0829_,27.03µm
wave_controller_y_inst/_1462_,27.03µm
spi_regs_inst/_0613_,26.98µm
wave_controller_x_inst/_0836_,26.98µm
wave_controller_x_inst/_1322_,26.98µm
wave_controller_x_inst/_1544_,26.98µm
wave_controller_y_inst/_0170_,26.98µm
wave_controller_y_inst/_0236_,26.98µm
wave_controller_y_inst/_1292_,26.98µm
cal_phase90_offset_x\[1\],26.93µm
signal_processor_x_inst/_066_,26.93µm
wave_controller_x_inst/_0930_,26.93µm
wave_controller_x_inst/_1354_,26.93µm
wave_controller_x_inst/_1480_,26.93µm
wave_controller_x_inst/_1752_,26.93µm
wave_controller_y_inst/_0918_,26.93µm
wave_controller_y_inst/_0961_,26.93µm
wave_controller_y_inst/_0968_,26.93µm
wave_controller_y_inst/_1357_,26.93µm
wave_controller_y_inst/_1558_,26.93µm
wave_controller_y_inst/_1601_,26.93µm
cal_phase90_offset_x\[13\],26.88µm
signal_processor_x_inst/comp_pipe\[0\],26.88µm
wave_controller_x_inst/_0209_,26.88µm
wave_controller_x_inst/_0264_,26.88µm
wave_controller_x_inst/_0550_,26.88µm
wave_controller_x_inst/_0813_,26.88µm
wave_controller_x_inst/_1508_,26.88µm
wave_controller_x_inst/_1572_,26.88µm
wave_controller_x_inst/_1675_,26.88µm
wave_controller_y_inst/_1293_,26.88µm
wave_controller_y_inst/_1545_,26.88µm
wave_controller_y_inst/_1627_,26.88µm
wave_controller_y_inst/_1693_,26.62µm
net659,26.545µm
wave_controller_y_inst/_1091_,26.52µm
raw_edge2_x\[18\],26.47µm
raw_edge1_y\[15\],26.42µm
wave_controller_x_inst/_0688_,26.42µm
wave_controller_x_inst/_1610_,26.42µm
wave_controller_x_inst/_1702_,26.42µm
wave_controller_y_inst/_0342_,26.42µm
wave_controller_y_inst/_0644_,26.42µm
wave_controller_x_inst/net116,26.42µm
spi_regs_inst/net304,26.42µm
cal_phase90_offset_y\[0\],26.37µm
cal_phase90_offset_y\[20\],26.37µm
raw_edge1_x\[2\],26.37µm
signal_processor_x_inst/_048_,26.37µm
signal_processor_x_inst/_053_,26.37µm
wave_controller_x_inst/_0143_,26.37µm
wave_controller_y_inst/_0163_,26.37µm
wave_controller_y_inst/_1614_,26.37µm
spi_regs_inst/_0601_,26.32µm
spi_regs_inst/_0625_,26.32µm
wave_controller_y_inst/_0685_,26.32µm
wave_controller_y_inst/_1423_,26.32µm
wave_controller_y_inst/_1763_,26.04µm
wave_controller_y_inst/_0252_,25.96µm
wave_controller_y_inst/_1646_,25.96µm
wave_controller_x_inst/_1758_,25.91µm
wave_controller_y_inst/_0488_,25.91µm
wave_controller_y_inst/_1698_,25.91µm
wave_controller_x_inst/_0411_,25.86µm
wave_controller_x_inst/_1401_,25.86µm
wave_controller_y_inst/_1466_,25.86µm
wave_controller_y_inst/_1730_,25.86µm
spi_regs_inst/net346,25.86µm
wave_controller_x_inst/_0057_,25.81µm
wave_controller_x_inst/_0424_,25.81µm
wave_controller_x_inst/_0696_,25.81µm
wave_controller_x_inst/_1012_,25.81µm
wave_controller_x_inst/_1689_,25.81µm
wave_controller_y_inst/_0602_,25.81µm
wave_controller_y_inst/_0735_,25.81µm
wave_controller_y_inst/_1624_,25.81µm
signal_processor_y_inst/_030_,25.76µm
wave_controller_x_inst/_0066_,25.76µm
wave_controller_x_inst/_0783_,25.76µm
spi_regs_inst/tx_shift\[1\],25.35µm
wave_controller_x_inst/_1146_,25.35µm
signal_processor_x_inst/_063_,25.3µm
spi_regs_inst/_0573_,25.3µm
wave_controller_x_inst/_0236_,25.3µm
wave_controller_x_inst/_0780_,25.3µm
wave_controller_x_inst/_0996_,25.3µm
wave_controller_x_inst/_1452_,25.3µm
wave_controller_x_inst/_1511_,25.3µm
wave_controller_x_inst/_1559_,25.3µm
wave_controller_y_inst/_0678_,25.3µm
wave_controller_y_inst/_0943_,25.3µm
wave_controller_y_inst/net54,25.3µm
signal_processor_x_inst/s90_valid,25.25µm
wave_controller_x_inst/_0071_,25.25µm
wave_controller_x_inst/_0616_,25.25µm
wave_controller_x_inst/_0796_,25.25µm
wave_controller_x_inst/_0961_,25.25µm
wave_controller_x_inst/_1359_,25.25µm
wave_controller_y_inst/_0059_,25.25µm
spi_regs_inst/_0126_,25.2µm
wave_controller_x_inst/_0736_,25.2µm
wave_controller_x_inst/_0866_,25.2µm
wave_controller_y_inst/_0608_,25.2µm
wave_controller_y_inst/_0645_,25.2µm
wave_controller_y_inst/_1155_,25.2µm
wave_controller_y_inst/_1294_,25.2µm
wave_controller_x_inst/_0145_,24.84µm
wave_controller_x_inst/_1137_,24.84µm
wave_controller_x_inst/_1433_,24.79µm
wave_controller_y_inst/capture_step\[2\],24.79µm
wave_controller_x_inst/_1730_,24.74µm
wave_controller_y_inst/_0173_,24.74µm
wave_controller_y_inst/_1372_,24.74µm
wave_controller_y_inst/_1399_,24.74µm
wave_controller_y_inst/net49,24.74µm
wave_controller_x_inst/_1155_,24.69µm
wave_controller_x_inst/_1299_,24.69µm
wave_controller_x_inst/_1381_,24.69µm
wave_controller_y_inst/_0014_,24.69µm
wave_controller_y_inst/_0855_,24.69µm
wave_controller_y_inst/_0917_,24.69µm
cal_phase0_offset_y\[20\],24.64µm
raw_edge2_x\[13\],24.64µm
signal_processor_y_inst/_106_,24.64µm
wave_controller_x_inst/_0457_,24.64µm
wave_controller_y_inst/_0274_,24.64µm
wave_controller_y_inst/_0339_,24.64µm
spi_regs_inst/_0612_,24.23µm
wave_controller_x_inst/_0154_,24.23µm
wave_controller_x_inst/_1091_,24.23µm
wave_controller_y_inst/_0852_,24.23µm
wave_controller_x_inst/_0875_,24.18µm
wave_controller_x_inst/_1062_,24.18µm
wave_controller_y_inst/_0507_,24.18µm
wave_controller_y_inst/_0787_,24.18µm
wave_controller_y_inst/_1534_,24.18µm
wave_controller_y_inst/net415,24.18µm
signal_processor_y_inst/_091_,24.13µm
spi_regs_inst/_0391_,24.13µm
spi_regs_inst/_0540_,24.13µm
wave_controller_x_inst/_0257_,24.13µm
wave_controller_x_inst/_0518_,24.13µm
wave_controller_x_inst/_0594_,24.13µm
wave_controller_x_inst/_0914_,24.13µm
wave_controller_x_inst/_1002_,24.13µm
wave_controller_x_inst/_1077_,24.13µm
wave_controller_x_inst/_1272_,24.13µm
wave_controller_x_inst/_1293_,24.13µm
wave_controller_x_inst/_1747_,24.13µm
wave_controller_y_inst/net110,24.13µm
wave_controller_x_inst/net121,24.13µm
raw_edge2_y\[5\],24.08µm
signal_processor_y_inst/cnt_in\[1\],24.08µm
spi_regs_inst/_0120_,24.08µm
spi_regs_inst/tx_shift\[2\],24.08µm
wave_controller_x_inst/_1087_,24.08µm
wave_controller_y_inst/_0218_,24.08µm
wave_controller_y_inst/_0633_,24.08µm
spi_regs_inst/_0580_,23.77µm
wave_controller_y_inst/_1492_,23.72µm
wave_controller_x_inst/_0304_,23.67µm
wave_controller_x_inst/_0852_,23.67µm
wave_controller_y_inst/_0950_,23.67µm
raw_edge1_x\[10\],23.62µm
signal_processor_x_inst/_047_,23.62µm
spi_regs_inst/sclk_d,23.62µm
wave_controller_x_inst/_0652_,23.62µm
wave_controller_y_inst/_0184_,23.62µm
wave_controller_y_inst/_0317_,23.62µm
wave_controller_y_inst/_0567_,23.62µm
wave_controller_y_inst/_0812_,23.62µm
wave_controller_y_inst/_1404_,23.62µm
wave_controller_y_inst/_1500_,23.62µm
wave_controller_y_inst/_1610_,23.62µm
wave_controller_x_inst/_0398_,23.57µm
wave_controller_x_inst/_0644_,23.57µm
wave_controller_x_inst/_1080_,23.57µm
wave_controller_x_inst/_1723_,23.57µm
wave_controller_y_inst/_0273_,23.57µm
wave_controller_y_inst/_0813_,23.57µm
wave_controller_y_inst/_1290_,23.57µm
wave_controller_y_inst/_1505_,23.57µm
wave_controller_y_inst/_1596_,23.57µm
wave_controller_y_inst/_1688_,23.57µm
spi_regs_inst/_0485_,23.52µm
wave_controller_x_inst/_0328_,23.52µm
wave_controller_x_inst/_0678_,23.52µm
wave_controller_x_inst/_0817_,23.52µm
wave_controller_x_inst/_1473_,23.52µm
wave_controller_x_inst/ds_acc\[6\],23.52µm
net671,23.185µm
wave_controller_x_inst/_0400_,23.16µm
wave_controller_y_inst/_1137_,23.16µm
wave_controller_x_inst/_1280_,23.11µm
wave_controller_x_inst/_1646_,23.11µm
wave_controller_y_inst/_0192_,23.11µm
wave_controller_y_inst/_0584_,23.11µm
wave_controller_y_inst/_1359_,23.11µm
wave_controller_y_inst/_1598_,23.11µm
wave_controller_y_inst/_1758_,23.11µm
signal_processor_y_inst/cnt_in\[3\],23.06µm
state_machine_inst/_08_,23.06µm
wave_controller_y_inst/_0309_,23.06µm
wave_controller_y_inst/_0429_,23.06µm
wave_controller_y_inst/_1019_,23.06µm
wave_controller_x_inst/net173,23.06µm
signal_processor_y_inst/cnt_in\[2\],23.01µm
spi_regs_inst/_0146_,23.01µm
wave_controller_x_inst/_0645_,23.01µm
wave_controller_x_inst/_1690_,23.01µm
wave_controller_y_inst/_0145_,23.01µm
wave_controller_y_inst/_0402_,23.01µm
wave_controller_y_inst/_1650_,23.01µm
cal_phase0_offset_y\[12\],22.96µm
signal_processor_x_inst/_073_,22.96µm
spi_regs_inst/_0413_,22.96µm
wave_controller_x_inst/_1014_,22.96µm
wave_controller_x_inst/_1639_,22.96µm
wave_controller_y_inst/_1383_,22.96µm
wave_controller_y_inst/_1553_,22.96µm
wave_controller_y_inst/_1570_,22.96µm
wave_controller_y_inst/net109,22.96µm
wave_controller_y_inst/net126,22.96µm
wave_controller_y_inst/_0258_,22.6µm
wave_controller_x_inst/_0141_,22.55µm
wave_controller_y_inst/_1333_,22.55µm
signal_processor_x_inst/cnt_in\[3\],22.5µm
signal_processor_x_inst/cnt_out\[3\],22.5µm
signal_processor_x_inst/s270_pipe\[0\],22.5µm
wave_controller_x_inst/_0332_,22.5µm
wave_controller_x_inst/_1509_,22.5µm
wave_controller_x_inst/_1688_,22.5µm
wave_controller_y_inst/_0224_,22.5µm
wave_controller_y_inst/_1682_,22.5µm
signal_processor_y_inst/_082_,22.45µm
spi_regs_inst/_0109_,22.45µm
spi_regs_inst/bit_cnt\[2\],22.45µm
wave_controller_x_inst/_0166_,22.45µm
wave_controller_x_inst/_0366_,22.45µm
wave_controller_x_inst/_0615_,22.45µm
wave_controller_x_inst/_0805_,22.45µm
wave_controller_x_inst/_1292_,22.45µm
wave_controller_x_inst/_1358_,22.45µm
wave_controller_x_inst/_1493_,22.45µm
wave_controller_x_inst/_1553_,22.45µm
wave_controller_x_inst/_1555_,22.45µm
wave_controller_y_inst/_0343_,22.45µm
wave_controller_y_inst/_0489_,22.45µm
wave_controller_y_inst/_0693_,22.45µm
wave_controller_y_inst/_0839_,22.45µm
wave_controller_y_inst/_0875_,22.45µm
wave_controller_y_inst/_1516_,22.45µm
wave_controller_y_inst/_1661_,22.45µm
wave_controller_y_inst/net128,22.45µm
net578,22.45µm
net4,22.4µm
wave_controller_x_inst/_0067_,22.4µm
wave_controller_x_inst/_0133_,22.4µm
wave_controller_x_inst/_0317_,22.4µm
wave_controller_x_inst/_1357_,22.4µm
wave_controller_x_inst/_1414_,22.4µm
wave_controller_y_inst/_0822_,22.4µm
wave_controller_y_inst/_1642_,22.4µm
wave_controller_x_inst/_0814_,22.09µm
net646,22.065µm
spi_regs_inst/_0581_,21.99µm
wave_controller_x_inst/_1319_,21.99µm
wave_controller_x_inst/_1598_,21.99µm
spi_regs_inst/net386,21.99µm
wave_controller_x_inst/_0162_,21.94µm
wave_controller_x_inst/_0886_,21.94µm
wave_controller_x_inst/_1353_,21.94µm
wave_controller_y_inst/_0707_,21.94µm
wave_controller_y_inst/_1295_,21.94µm
latch_phase270_x,21.89µm
spi_regs_inst/_0299_,21.89µm
spi_regs_inst/_0353_,21.89µm
wave_controller_x_inst/_0037_,21.89µm
wave_controller_x_inst/_0262_,21.89µm
wave_controller_x_inst/_0343_,21.89µm
wave_controller_x_inst/_0441_,21.89µm
wave_controller_x_inst/_0855_,21.89µm
wave_controller_x_inst/_1020_,21.89µm
wave_controller_x_inst/_1111_,21.89µm
wave_controller_x_inst/_1295_,21.89µm
wave_controller_x_inst/_1558_,21.89µm
wave_controller_y_inst/_0324_,21.89µm
wave_controller_y_inst/_0691_,21.89µm
wave_controller_y_inst/_0804_,21.89µm
wave_controller_y_inst/_1203_,21.89µm
wave_controller_y_inst/_1345_,21.89µm
wave_controller_y_inst/_1354_,21.89µm
signal_processor_x_inst/_077_,21.84µm
spi_regs_inst/tx_shift\[3\],21.84µm
wave_controller_x_inst/_1650_,21.84µm
wave_controller_y_inst/_0411_,21.84µm
wave_controller_y_inst/_1062_,21.84µm
spi_regs_inst/_0574_,21.48µm
wave_controller_x_inst/_0277_,21.48µm
signal_processor_x_inst/_074_,21.43µm
wave_controller_x_inst/_0382_,21.43µm
wave_controller_y_inst/_1304_,21.43µm
wave_controller_y_inst/_1412_,21.43µm
wave_controller_x_inst/_0183_,21.38µm
wave_controller_x_inst/_0239_,21.38µm
wave_controller_x_inst/_0350_,21.38µm
wave_controller_x_inst/_1259_,21.38µm
wave_controller_x_inst/_1568_,21.38µm
wave_controller_y_inst/_0444_,21.38µm
wave_controller_y_inst/_0496_,21.38µm
wave_controller_y_inst/_0729_,21.38µm
wave_controller_y_inst/_0893_,21.38µm
wave_controller_y_inst/_1074_,21.38µm
wave_controller_y_inst/_1319_,21.38µm
wave_controller_x_inst/net118,21.38µm
spi_regs_inst/_0369_,21.33µm
spi_regs_inst/_0587_,21.33µm
wave_controller_x_inst/_0142_,21.33µm
wave_controller_x_inst/_0825_,21.33µm
wave_controller_x_inst/_0921_,21.33µm
wave_controller_x_inst/_0995_,21.33µm
wave_controller_x_inst/_1431_,21.33µm
wave_controller_x_inst/_1570_,21.33µm
wave_controller_y_inst/_0057_,21.33µm
wave_controller_y_inst/_0346_,21.33µm
wave_controller_y_inst/_0627_,21.33µm
wave_controller_y_inst/_0973_,21.33µm
wave_controller_y_inst/_1012_,21.33µm
wave_controller_y_inst/_1251_,21.33µm
wave_controller_y_inst/_1660_,21.33µm
wave_controller_y_inst/_1738_,21.33µm
cal_phase270_offset_y\[10\],21.28µm
wave_controller_x_inst/_1483_,21.28µm
wave_controller_x_inst/_1545_,21.28µm
wave_controller_y_inst/_0639_,21.28µm
wave_controller_y_inst/_0913_,21.28µm
wave_controller_y_inst/_0985_,21.28µm
wave_controller_y_inst/_1555_,21.28µm
wave_controller_y_inst/_1567_,21.28µm
wave_controller_y_inst/_1599_,21.28µm
wave_controller_y_inst/_1666_,21.28µm
wave_controller_y_inst/net122,21.28µm
input_in,21.14µm
net637,20.945µm
cal_timeout_y,20.87µm
wave_controller_x_inst/_1735_,20.87µm
wave_controller_y_inst/_0465_,20.87µm
spi_regs_inst/_0626_,20.82µm
wave_controller_x_inst/_0206_,20.82µm
wave_controller_x_inst/_0383_,20.82µm
wave_controller_y_inst/_0229_,20.82µm
wave_controller_y_inst/_1588_,20.82µm
wave_controller_y_inst/net548,20.82µm
signal_processor_y_inst/_027_,20.77µm
signal_processor_y_inst/_093_,20.77µm
spi_regs_inst/_0343_,20.77µm
wave_controller_x_inst/_0439_,20.77µm
wave_controller_x_inst/_0442_,20.77µm
wave_controller_x_inst/_0786_,20.77µm
wave_controller_x_inst/_0896_,20.77µm
wave_controller_x_inst/_0947_,20.77µm
wave_controller_x_inst/_1001_,20.77µm
wave_controller_x_inst/_1027_,20.77µm
wave_controller_x_inst/_1409_,20.77µm
wave_controller_x_inst/_1762_,20.77µm
wave_controller_y_inst/_0130_,20.77µm
wave_controller_y_inst/_0279_,20.77µm
wave_controller_y_inst/_0445_,20.77µm
wave_controller_y_inst/_0467_,20.77µm
wave_controller_y_inst/_0474_,20.77µm
wave_controller_y_inst/_0493_,20.77µm
wave_controller_y_inst/_0731_,20.77µm
wave_controller_y_inst/_1651_,20.77µm
wave_controller_y_inst/_1713_,20.77µm
signal_processor_x_inst/net350,20.77µm
cal_phase270_offset_x\[13\],20.72µm
wave_controller_x_inst/_0059_,20.72µm
wave_controller_x_inst/_0218_,20.72µm
wave_controller_x_inst/_0231_,20.72µm
wave_controller_x_inst/_0493_,20.72µm
wave_controller_x_inst/_0897_,20.72µm
wave_controller_y_inst/_0193_,20.72µm
wave_controller_y_inst/_0306_,20.72µm
wave_controller_y_inst/_0653_,20.72µm
wave_controller_y_inst/_0696_,20.72µm
wave_controller_y_inst/_0817_,20.72µm
wave_controller_y_inst/_1482_,20.72µm
analog[0],20.58µm
net629,20.385µm
wave_controller_x_inst/_1419_,20.36µm
signal_processor_x_inst/cnt_in\[1\],20.31µm
wave_controller_x_inst/_0144_,20.31µm
wave_controller_x_inst/_1540_,20.31µm
wave_controller_x_inst/_0252_,20.26µm
wave_controller_x_inst/_1427_,20.26µm
wave_controller_x_inst/_1698_,20.26µm
wave_controller_y_inst/_0206_,20.26µm
wave_controller_y_inst/_0480_,20.26µm
wave_controller_y_inst/_0673_,20.26µm
wave_controller_y_inst/_1211_,20.26µm
wave_controller_y_inst/_1478_,20.26µm
wave_controller_y_inst/net82,20.26µm
wave_controller_y_inst/net123,20.26µm
signal_processor_x_inst/_019_,20.21µm
signal_processor_x_inst/cnt_out\[2\],20.21µm
signal_processor_x_inst/cycle_count\[3\],20.21µm
signal_processor_y_inst/cnt_out\[3\],20.21µm
wave_controller_x_inst/_0028_,20.21µm
wave_controller_x_inst/_0135_,20.21µm
wave_controller_x_inst/_0283_,20.21µm
wave_controller_x_inst/_0620_,20.21µm
wave_controller_x_inst/_0681_,20.21µm
wave_controller_x_inst/_0998_,20.21µm
wave_controller_x_inst/_1000_,20.21µm
wave_controller_x_inst/_1045_,20.21µm
wave_controller_x_inst/_1221_,20.21µm
wave_controller_x_inst/_1634_,20.21µm
wave_controller_x_inst/_1677_,20.21µm
wave_controller_y_inst/_0013_,20.21µm
wave_controller_y_inst/_1020_,20.21µm
wave_controller_y_inst/_1023_,20.21µm
wave_controller_y_inst/_1485_,20.21µm
wave_controller_y_inst/_1528_,20.21µm
spi_regs_inst/_0415_,20.16µm
wave_controller_x_inst/_0241_,20.16µm
wave_controller_x_inst/_0261_,20.16µm
wave_controller_x_inst/_0692_,20.16µm
wave_controller_x_inst/_0784_,20.16µm
wave_controller_x_inst/_0899_,20.16µm
wave_controller_y_inst/_0620_,20.16µm
wave_controller_y_inst/_0796_,20.16µm
wave_controller_y_inst/net31,20.16µm
spi_regs_inst/net387,20.16µm
net647,19.875µm
wave_controller_x_inst/_0367_,19.75µm
wave_controller_x_inst/_1717_,19.75µm
wave_controller_y_inst/_0135_,19.75µm
wave_controller_y_inst/_0786_,19.75µm
spi_regs_inst/_0647_,19.7µm
state_machine_inst/_09_,19.7µm
wave_controller_x_inst/_0165_,19.7µm
wave_controller_x_inst/_0192_,19.7µm
wave_controller_y_inst/_0284_,19.7µm
wave_controller_y_inst/_0295_,19.7µm
wave_controller_y_inst/_0430_,19.7µm
wave_controller_y_inst/_0572_,19.7µm
wave_controller_y_inst/_0654_,19.7µm
wave_controller_y_inst/_0945_,19.7µm
wave_controller_y_inst/_0998_,19.7µm
wave_controller_y_inst/_1016_,19.7µm
wave_controller_y_inst/_1762_,19.7µm
spi_regs_inst/_0251_,19.65µm
spi_regs_inst/_0660_,19.65µm
spi_regs_inst/_0693_,19.65µm
wave_controller_x_inst/_0132_,19.65µm
wave_controller_x_inst/_0691_,19.65µm
wave_controller_x_inst/_1284_,19.65µm
wave_controller_x_inst/_1411_,19.65µm
wave_controller_x_inst/_1693_,19.65µm
wave_controller_x_inst/_1721_,19.65µm
wave_controller_x_inst/_1742_,19.65µm
wave_controller_x_inst/_1767_,19.65µm
wave_controller_x_inst/ds_acc\[8\],19.65µm
wave_controller_y_inst/_0453_,19.65µm
wave_controller_y_inst/_1382_,19.65µm
wave_controller_y_inst/_1496_,19.65µm
wave_controller_y_inst/_1507_,19.65µm
wave_controller_y_inst/_1565_,19.65µm
wave_controller_y_inst/_1690_,19.65µm
wave_controller_y_inst/_1765_,19.65µm
cal_phase270_offset_x\[14\],19.6µm
signal_processor_y_inst/_090_,19.6µm
wave_controller_x_inst/_0531_,19.6µm
wave_controller_x_inst/_0580_,19.6µm
wave_controller_x_inst/_1047_,19.6µm
wave_controller_x_inst/_1696_,19.6µm
wave_controller_x_inst/_1713_,19.6µm
wave_controller_y_inst/_0451_,19.6µm
wave_controller_y_inst/_0963_,19.6µm
wave_controller_y_inst/_1082_,19.6µm
wave_controller_y_inst/_1384_,19.6µm
wave_controller_y_inst/_1720_,19.6µm
wave_controller_x_inst/_1681_,19.47µm
net681,19.265µm
net684,19.265µm
signal_processor_y_inst/cnt_out\[2\],19.19µm
wave_controller_x_inst/_0726_,19.19µm
wave_controller_x_inst/_0833_,19.19µm
wave_controller_y_inst/_0257_,19.19µm
wave_controller_y_inst/_0354_,19.19µm
spi_regs_inst/_0426_,19.14µm
spi_regs_inst/_0593_,19.14µm
spi_regs_inst/_0596_,19.14µm
spi_regs_inst/_0597_,19.14µm
spi_regs_inst/rw_n,19.14µm
wave_controller_x_inst/_0220_,19.14µm
wave_controller_x_inst/_0226_,19.14µm
wave_controller_x_inst/_0288_,19.14µm
wave_controller_x_inst/_0963_,19.14µm
wave_controller_x_inst/_1581_,19.14µm
wave_controller_y_inst/_0400_,19.14µm
wave_controller_y_inst/_0949_,19.14µm
wave_controller_y_inst/_1326_,19.14µm
wave_controller_y_inst/_1440_,19.14µm
wave_controller_y_inst/_1491_,19.14µm
wave_controller_y_inst/_1681_,19.14µm
wave_controller_y_inst/_1701_,19.14µm
wave_controller_y_inst/_1735_,19.14µm
wave_controller_x_inst/net129,19.14µm
spi_regs_inst/_0352_,19.09µm
spi_regs_inst/tx_shift\[6\],19.09µm
wave_controller_x_inst/_0217_,19.09µm
wave_controller_x_inst/_0348_,19.09µm
wave_controller_x_inst/_0501_,19.09µm
wave_controller_x_inst/_0764_,19.09µm
wave_controller_x_inst/_1395_,19.09µm
wave_controller_x_inst/_1623_,19.09µm
wave_controller_x_inst/_1638_,19.09µm
wave_controller_x_inst/_1660_,19.09µm
wave_controller_y_inst/_0082_,19.09µm
wave_controller_y_inst/_0300_,19.09µm
wave_controller_y_inst/_0308_,19.09µm
wave_controller_y_inst/_0353_,19.09µm
wave_controller_y_inst/_1210_,19.09µm
wave_controller_y_inst/net156,19.09µm
net2,19.04µm
net9,19.04µm
cal_phase0_offset_y\[15\],19.04µm
cal_phase270_offset_y\[9\],19.04µm
cfg_f_MEMS_fcw_x\[2\],19.04µm
signal_processor_y_inst/_057_,19.04µm
spi_regs_inst/_0634_,19.04µm
wave_controller_x_inst/_0029_,19.04µm
wave_controller_x_inst/_0393_,19.04µm
wave_controller_x_inst/_0467_,19.04µm
wave_controller_x_inst/_1601_,19.04µm
wave_controller_x_inst/_1761_,19.04µm
wave_controller_y_inst/_0915_,19.04µm
wave_controller_y_inst/_1069_,19.04µm
wave_controller_y_inst/_1328_,19.04µm
wave_controller_y_inst/_1353_,19.04µm
wave_controller_y_inst/_1417_,19.04µm
wave_controller_y_inst/_1707_,19.04µm
net677,18.9µm
net675,18.9µm
wave_controller_y_inst/_0395_,18.81µm
wave_controller_y_inst/_0996_,18.68µm
signal_processor_x_inst/_078_,18.63µm
wave_controller_y_inst/_0382_,18.63µm
wave_controller_y_inst/_0719_,18.63µm
spi_regs_inst/reg_wr_addr\[6\],18.58µm
wave_controller_x_inst/_0128_,18.58µm
wave_controller_x_inst/_0197_,18.58µm
wave_controller_x_inst/_0227_,18.58µm
wave_controller_x_inst/_0309_,18.58µm
wave_controller_x_inst/_0624_,18.58µm
wave_controller_x_inst/_0906_,18.58µm
wave_controller_x_inst/_0938_,18.58µm
wave_controller_x_inst/_1603_,18.58µm
wave_controller_x_inst/_1656_,18.58µm
wave_controller_y_inst/_0595_,18.58µm
wave_controller_y_inst/_0675_,18.58µm
wave_controller_y_inst/_0730_,18.58µm
wave_controller_y_inst/_1042_,18.58µm
cal_phase270_offset_x\[9\],18.53µm
spi_regs_inst/_0368_,18.53µm
wave_controller_x_inst/_0248_,18.53µm
wave_controller_x_inst/_1009_,18.53µm
wave_controller_x_inst/_1396_,18.53µm
wave_controller_x_inst/_1447_,18.53µm
wave_controller_x_inst/_1733_,18.53µm
wave_controller_y_inst/_0253_,18.53µm
wave_controller_y_inst/_0440_,18.53µm
wave_controller_y_inst/_0570_,18.53µm
wave_controller_y_inst/_0605_,18.53µm
wave_controller_y_inst/_0619_,18.53µm
wave_controller_y_inst/_1119_,18.53µm
wave_controller_y_inst/net409,18.53µm
cfg_f_MEMS_fcw_x\[4\],18.48µm
signal_processor_y_inst/_050_,18.48µm
wave_controller_x_inst/_0451_,18.48µm
wave_controller_x_inst/_1264_,18.48µm
wave_controller_x_inst/_1440_,18.48µm
wave_controller_x_inst/_1556_,18.48µm
wave_controller_x_inst/_1590_,18.48µm
wave_controller_y_inst/_0062_,18.48µm
wave_controller_y_inst/_0169_,18.48µm
wave_controller_y_inst/_0418_,18.48µm
wave_controller_y_inst/_0578_,18.48µm
wave_controller_y_inst/_0826_,18.48µm
spi_regs_inst/_0570_,18.07µm
wave_controller_x_inst/_0643_,18.07µm
wave_controller_y_inst/_0457_,18.07µm
wave_controller_y_inst/_0726_,18.07µm
signal_processor_x_inst/cycle_count\[2\],18.02µm
signal_processor_y_inst/_029_,18.02µm
spi_regs_inst/_0263_,18.02µm
wave_controller_x_inst/_0273_,18.02µm
wave_controller_x_inst/_0489_,18.02µm
wave_controller_x_inst/_0656_,18.02µm
wave_controller_x_inst/_1283_,18.02µm
wave_controller_x_inst/_1626_,18.02µm
wave_controller_y_inst/_0134_,18.02µm
wave_controller_y_inst/_0666_,18.02µm
wave_controller_y_inst/_0669_,18.02µm
wave_controller_y_inst/_0716_,18.02µm
wave_controller_y_inst/_0799_,18.02µm
wave_controller_y_inst/_1034_,18.02µm
wave_controller_y_inst/_1638_,18.02µm
wave_controller_y_inst/_1702_,18.02µm
signal_processor_y_inst/_022_,17.97µm
signal_processor_y_inst/s270_pipe\[0\],17.97µm
spi_regs_inst/_0101_,17.97µm
spi_regs_inst/_0118_,17.97µm
spi_regs_inst/_0145_,17.97µm
wave_controller_x_inst/_0022_,17.97µm
wave_controller_x_inst/_0175_,17.97µm
wave_controller_x_inst/_0709_,17.97µm
wave_controller_x_inst/capture_step\[2\],17.97µm
wave_controller_y_inst/_0259_,17.97µm
wave_controller_y_inst/_0461_,17.97µm
wave_controller_y_inst/_0521_,17.97µm
wave_controller_y_inst/_0887_,17.97µm
wave_controller_y_inst/_1117_,17.97µm
wave_controller_y_inst/_1199_,17.97µm
wave_controller_y_inst/_1206_,17.97µm
wave_controller_y_inst/_1418_,17.97µm
wave_controller_x_inst/_0138_,17.92µm
wave_controller_x_inst/_0195_,17.92µm
wave_controller_x_inst/_0225_,17.92µm
wave_controller_x_inst/_1191_,17.92µm
wave_controller_x_inst/_1589_,17.92µm
wave_controller_x_inst/_1685_,17.92µm
wave_controller_y_inst/_0120_,17.92µm
wave_controller_y_inst/_0128_,17.92µm
wave_controller_y_inst/_0518_,17.92µm
wave_controller_y_inst/_1064_,17.92µm
wave_controller_y_inst/_1077_,17.92µm
wave_controller_y_inst/_1327_,17.92µm
wave_controller_y_inst/_1639_,17.92µm
bidir_out[1],17.78µm
net650,17.585µm
net666,17.585µm
net672,17.585µm
wave_controller_x_inst/_0284_,17.51µm
wave_controller_x_inst/_0701_,17.51µm
wave_controller_x_inst/_0950_,17.51µm
wave_controller_x_inst/_1006_,17.51µm
wave_controller_y_inst/_1499_,17.51µm
net8,17.46µm
signal_processor_x_inst/_045_,17.46µm
signal_processor_y_inst/_064_,17.46µm
spi_regs_inst/_0572_,17.46µm
spi_regs_inst/_0681_,17.46µm
wave_controller_x_inst/_0210_,17.46µm
wave_controller_x_inst/_0216_,17.46µm
wave_controller_x_inst/_0286_,17.46µm
wave_controller_x_inst/_0361_,17.46µm
wave_controller_x_inst/_0772_,17.46µm
wave_controller_x_inst/_0868_,17.46µm
wave_controller_x_inst/_1599_,17.46µm
wave_controller_x_inst/_1678_,17.46µm
wave_controller_y_inst/_0185_,17.46µm
wave_controller_y_inst/_0337_,17.46µm
wave_controller_y_inst/_0883_,17.46µm
wave_controller_y_inst/_1697_,17.46µm
wave_controller_y_inst/_1741_,17.46µm
spi_regs_inst/_0258_,17.41µm
spi_regs_inst/_0441_,17.41µm
spi_regs_inst/_0505_,17.41µm
wave_controller_x_inst/_0045_,17.41µm
wave_controller_x_inst/_0279_,17.41µm
wave_controller_x_inst/_0318_,17.41µm
wave_controller_x_inst/_0458_,17.41µm
wave_controller_x_inst/_0605_,17.41µm
wave_controller_x_inst/_0632_,17.41µm
wave_controller_x_inst/_0673_,17.41µm
wave_controller_x_inst/_0762_,17.41µm
wave_controller_x_inst/_1210_,17.41µm
wave_controller_x_inst/_1211_,17.41µm
wave_controller_x_inst/_1296_,17.41µm
wave_controller_x_inst/_1706_,17.41µm
wave_controller_x_inst/_1739_,17.41µm
wave_controller_y_inst/_0162_,17.41µm
wave_controller_y_inst/_0222_,17.41µm
wave_controller_y_inst/_0281_,17.41µm
wave_controller_y_inst/_0692_,17.41µm
wave_controller_y_inst/_1659_,17.41µm
spi_regs_inst/_0050_,17.36µm
spi_regs_inst/_0235_,17.36µm
wave_controller_x_inst/_0302_,17.36µm
wave_controller_x_inst/_0593_,17.36µm
wave_controller_x_inst/_0654_,17.36µm
wave_controller_x_inst/_0818_,17.36µm
wave_controller_x_inst/_1521_,17.36µm
wave_controller_x_inst/_1621_,17.36µm
wave_controller_x_inst/_1703_,17.36µm
wave_controller_x_inst/_1722_,17.36µm
wave_controller_y_inst/_0750_,17.36µm
net632,17.22µm
net670,17.22µm
net674,17.22µm
bidir_out[0],17.22µm
wave_controller_x_inst/_0826_,16.95µm
wave_controller_x_inst/_0948_,16.95µm
wave_controller_y_inst/_0220_,16.95µm
wave_controller_y_inst/_1311_,16.95µm
signal_processor_y_inst/cycle_count\[3\],16.9µm
wave_controller_x_inst/_0572_,16.9µm
wave_controller_x_inst/_0782_,16.9µm
wave_controller_x_inst/_0815_,16.9µm
wave_controller_x_inst/_1102_,16.9µm
wave_controller_y_inst/_0688_,16.9µm
wave_controller_y_inst/_1484_,16.9µm
wave_controller_y_inst/_1704_,16.9µm
raw_edge2_x\[12\],16.85µm
signal_processor_y_inst/comp_pipe\[0\],16.85µm
spi_regs_inst/_0390_,16.85µm
spi_regs_inst/_0636_,16.85µm
wave_controller_x_inst/_0109_,16.85µm
wave_controller_x_inst/_0444_,16.85µm
wave_controller_x_inst/_1158_,16.85µm
wave_controller_x_inst/_1608_,16.85µm
wave_controller_x_inst/_1625_,16.85µm
wave_controller_x_inst/_1655_,16.85µm
wave_controller_x_inst/cal_burst_count\[0\],16.85µm
wave_controller_x_inst/ds_acc\[0\],16.85µm
wave_controller_y_inst/_0000_,16.85µm
wave_controller_y_inst/_1263_,16.85µm
wave_controller_y_inst/_1622_,16.85µm
signal_processor_x_inst/_069_,16.8µm
signal_processor_y_inst/_077_,16.8µm
wave_controller_x_inst/_0800_,16.8µm
wave_controller_x_inst/_1684_,16.8µm
wave_controller_x_inst/capture_step\[0\],16.8µm
wave_controller_y_inst/_0433_,16.8µm
wave_controller_y_inst/_0469_,16.8µm
wave_controller_y_inst/_0628_,16.8µm
wave_controller_y_inst/_0760_,16.8µm
wave_controller_y_inst/_0797_,16.8µm
wave_controller_y_inst/_0931_,16.8µm
wave_controller_y_inst/_0981_,16.8µm
wave_controller_y_inst/_1002_,16.8µm
wave_controller_y_inst/_1006_,16.8µm
wave_controller_y_inst/ds_acc\[5\],16.8µm
wave_controller_x_inst/net602,16.8µm
wave_controller_x_inst/net624,16.8µm
net654,16.66µm
net642,16.465µm
wave_controller_y_inst/_0144_,16.44µm
spi_regs_inst/_0632_,16.39µm
state_machine_inst/_11_,16.39µm
wave_controller_x_inst/_0453_,16.39µm
wave_controller_x_inst/_0521_,16.39µm
wave_controller_x_inst/_0628_,16.39µm
wave_controller_y_inst/_0132_,16.39µm
wave_controller_y_inst/_0456_,16.39µm
wave_controller_y_inst/_1626_,16.39µm
signal_processor_y_inst/cnt_in\[0\],16.34µm
spi_regs_inst/_0701_,16.34µm
wave_controller_x_inst/_0163_,16.34µm
wave_controller_x_inst/_0315_,16.34µm
wave_controller_x_inst/_0705_,16.34µm
wave_controller_x_inst/_0707_,16.34µm
wave_controller_x_inst/_0945_,16.34µm
wave_controller_x_inst/_1337_,16.34µm
wave_controller_x_inst/_1583_,16.34µm
wave_controller_y_inst/_0513_,16.34µm
wave_controller_y_inst/_0596_,16.34µm
wave_controller_y_inst/_0770_,16.34µm
wave_controller_y_inst/_1209_,16.34µm
wave_controller_y_inst/_1710_,16.34µm
wave_controller_y_inst/_1717_,16.34µm
signal_processor_y_inst/_028_,16.29µm
wave_controller_x_inst/_0229_,16.29µm
wave_controller_x_inst/_0507_,16.29µm
wave_controller_x_inst/_0626_,16.29µm
wave_controller_x_inst/_0750_,16.29µm
wave_controller_x_inst/_1019_,16.29µm
wave_controller_x_inst/_1349_,16.29µm
wave_controller_x_inst/_1522_,16.29µm
wave_controller_x_inst/_1682_,16.29µm
wave_controller_y_inst/_0109_,16.29µm
wave_controller_y_inst/_0609_,16.29µm
wave_controller_y_inst/_0762_,16.29µm
wave_controller_y_inst/_0953_,16.29µm
wave_controller_y_inst/_1017_,16.29µm
wave_controller_y_inst/_1524_,16.29µm
wave_controller_y_inst/_1706_,16.29µm
wave_controller_y_inst/cal_burst_count\[0\],16.29µm
wave_controller_y_inst/ds_acc\[3\],16.29µm
wave_controller_x_inst/net83,16.29µm
wave_controller_x_inst/_0064_,16.24µm
wave_controller_x_inst/_0851_,16.24µm
wave_controller_x_inst/_1220_,16.24µm
wave_controller_x_inst/_1571_,16.24µm
wave_controller_x_inst/_1708_,16.24µm
wave_controller_y_inst/_0425_,16.24µm
wave_controller_y_inst/_0594_,16.24µm
wave_controller_y_inst/_0659_,16.24µm
wave_controller_y_inst/_0937_,16.24µm
wave_controller_y_inst/_1402_,16.24µm
wave_controller_y_inst/_1454_,16.24µm
wave_controller_y_inst/_1551_,16.24µm
wave_controller_y_inst/_1629_,16.24µm
wave_controller_x_inst/_0602_,15.88µm
state_machine_inst/_04_,15.83µm
wave_controller_x_inst/_0224_,15.83µm
wave_controller_x_inst/_1345_,15.83µm
wave_controller_y_inst/_0172_,15.83µm
wave_controller_y_inst/_0466_,15.83µm
wave_controller_y_inst/_1427_,15.83µm
wave_controller_y_inst/_1608_,15.83µm
wave_controller_x_inst/_0331_,15.78µm
wave_controller_x_inst/_0341_,15.78µm
wave_controller_x_inst/_0659_,15.78µm
wave_controller_x_inst/_0664_,15.78µm
wave_controller_x_inst/_0731_,15.78µm
wave_controller_x_inst/_0787_,15.78µm
wave_controller_x_inst/_0808_,15.78µm
wave_controller_y_inst/_0398_,15.78µm
wave_controller_y_inst/_0417_,15.78µm
wave_controller_y_inst/_0783_,15.78µm
wave_controller_y_inst/_0837_,15.78µm
wave_controller_y_inst/_1038_,15.78µm
wave_controller_y_inst/_1207_,15.78µm
signal_processor_x_inst/_107_,15.73µm
signal_processor_y_inst/_031_,15.73µm
spi_regs_inst/_0178_,15.73µm
spi_regs_inst/_0571_,15.73µm
wave_controller_x_inst/_0060_,15.73µm
wave_controller_x_inst/_0184_,15.73µm
wave_controller_x_inst/_0276_,15.73µm
wave_controller_x_inst/_0417_,15.73µm
wave_controller_x_inst/_0465_,15.73µm
wave_controller_x_inst/_0543_,15.73µm
wave_controller_x_inst/_0559_,15.73µm
wave_controller_x_inst/_0790_,15.73µm
wave_controller_x_inst/_0812_,15.73µm
wave_controller_x_inst/_0822_,15.73µm
wave_controller_x_inst/_1044_,15.73µm
wave_controller_x_inst/_1651_,15.73µm
wave_controller_x_inst/ds_acc\[7\],15.73µm
wave_controller_y_inst/_0165_,15.73µm
wave_controller_y_inst/_0319_,15.73µm
wave_controller_y_inst/_0332_,15.73µm
wave_controller_y_inst/_0405_,15.73µm
wave_controller_y_inst/_0623_,15.73µm
wave_controller_y_inst/_0803_,15.73µm
wave_controller_y_inst/_0825_,15.73µm
wave_controller_y_inst/_0895_,15.73µm
wave_controller_y_inst/_1405_,15.73µm
spi_regs_inst/_0119_,15.68µm
spi_regs_inst/_0141_,15.68µm
spi_regs_inst/_0162_,15.68µm
spi_regs_inst/_0171_,15.68µm
spi_regs_inst/_0416_,15.68µm
wave_controller_x_inst/_0364_,15.68µm
wave_controller_x_inst/_0523_,15.68µm
wave_controller_x_inst/_1404_,15.68µm
wave_controller_y_inst/_0431_,15.68µm
wave_controller_y_inst/_0503_,15.68µm
wave_controller_y_inst/_0805_,15.68µm
wave_controller_y_inst/_1183_,15.68µm
wave_controller_y_inst/_1219_,15.68µm
wave_controller_y_inst/_1561_,15.68µm
wave_controller_y_inst/_1569_,15.68µm
wave_controller_y_inst/ds_acc\[1\],15.68µm
wave_controller_y_inst/_1559_,15.32µm
wave_controller_x_inst/_0590_,15.27µm
wave_controller_y_inst/_0375_,15.27µm
wave_controller_y_inst/_1008_,15.27µm
wave_controller_y_inst/_1111_,15.27µm
move_en_x,15.22µm
raw_edge2_x\[11\],15.22µm
signal_processor_y_inst/cnt_out\[1\],15.22µm
wave_controller_x_inst/_0130_,15.22µm
wave_controller_x_inst/_0266_,15.22µm
wave_controller_x_inst/_0445_,15.22µm
wave_controller_x_inst/_0660_,15.22µm
wave_controller_x_inst/_0986_,15.22µm
wave_controller_x_inst/_1524_,15.22µm
wave_controller_y_inst/_0830_,15.22µm
wave_controller_y_inst/_1102_,15.22µm
wave_controller_y_inst/_1422_,15.22µm
wave_controller_y_inst/_1566_,15.22µm
signal_processor_x_inst/_026_,15.17µm
signal_processor_y_inst/_037_,15.17µm
spi_regs_inst/_0140_,15.17µm
spi_regs_inst/_0184_,15.17µm
spi_regs_inst/_0520_,15.17µm
wave_controller_x_inst/_0121_,15.17µm
wave_controller_x_inst/_0339_,15.17µm
wave_controller_x_inst/_0878_,15.17µm
wave_controller_x_inst/_1271_,15.17µm
wave_controller_x_inst/_1325_,15.17µm
wave_controller_x_inst/_1496_,15.17µm
wave_controller_y_inst/_0044_,15.17µm
wave_controller_y_inst/_0242_,15.17µm
wave_controller_y_inst/_0286_,15.17µm
wave_controller_y_inst/_0449_,15.17µm
wave_controller_y_inst/_0520_,15.17µm
wave_controller_y_inst/_0551_,15.17µm
wave_controller_y_inst/_0740_,15.17µm
wave_controller_y_inst/_0798_,15.17µm
wave_controller_y_inst/_1189_,15.17µm
spi_regs_inst/net486,15.17µm
signal_processor_x_inst/_024_,15.12µm
signal_processor_x_inst/_028_,15.12µm
signal_processor_y_inst/_000_,15.12µm
signal_processor_y_inst/_020_,15.12µm
signal_processor_y_inst/_035_,15.12µm
signal_processor_y_inst/_075_,15.12µm
spi_regs_inst/_0054_,15.12µm
spi_regs_inst/_0072_,15.12µm
spi_regs_inst/_0395_,15.12µm
wave_controller_x_inst/_0068_,15.12µm
wave_controller_x_inst/_0134_,15.12µm
wave_controller_x_inst/_0222_,15.12µm
wave_controller_x_inst/_0564_,15.12µm
wave_controller_x_inst/_0599_,15.12µm
wave_controller_x_inst/_0857_,15.12µm
wave_controller_x_inst/_1005_,15.12µm
wave_controller_x_inst/_1316_,15.12µm
wave_controller_x_inst/_1612_,15.12µm
wave_controller_x_inst/_1635_,15.12µm
wave_controller_y_inst/_0026_,15.12µm
wave_controller_y_inst/_0117_,15.12µm
wave_controller_y_inst/_0200_,15.12µm
wave_controller_y_inst/_0379_,15.12µm
wave_controller_y_inst/_0590_,15.12µm
wave_controller_y_inst/_1253_,15.12µm
wave_controller_y_inst/_1508_,15.12µm
wave_controller_y_inst/_1589_,15.12µm
wave_controller_y_inst/_1658_,15.12µm
wave_controller_y_inst/_1768_,15.12µm
signal_processor_y_inst/_080_,14.71µm
wave_controller_x_inst/net87,14.71µm
wave_controller_x_inst/_0530_,14.66µm
wave_controller_x_inst/_0791_,14.66µm
wave_controller_y_inst/_0276_,14.66µm
wave_controller_y_inst/_0705_,14.66µm
wave_controller_y_inst/_1040_,14.66µm
wave_controller_y_inst/_1767_,14.66µm
wave_controller_y_inst/net79,14.66µm
signal_processor_x_inst/_027_,14.61µm
signal_processor_x_inst/_029_,14.61µm
signal_processor_x_inst/_068_,14.61µm
signal_processor_y_inst/_058_,14.61µm
spi_regs_inst/_0644_,14.61µm
wave_controller_x_inst/_0051_,14.61µm
wave_controller_x_inst/_0204_,14.61µm
wave_controller_x_inst/_0254_,14.61µm
wave_controller_x_inst/_0285_,14.61µm
wave_controller_x_inst/_0463_,14.61µm
wave_controller_x_inst/_1116_,14.61µm
wave_controller_x_inst/_1118_,14.61µm
wave_controller_x_inst/_1136_,14.61µm
wave_controller_x_inst/_1256_,14.61µm
wave_controller_x_inst/_1399_,14.61µm
wave_controller_x_inst/_1622_,14.61µm
wave_controller_y_inst/_0033_,14.61µm
wave_controller_y_inst/_0112_,14.61µm
wave_controller_y_inst/_0157_,14.61µm
wave_controller_y_inst/_0233_,14.61µm
wave_controller_y_inst/_0314_,14.61µm
wave_controller_y_inst/_0505_,14.61µm
wave_controller_y_inst/_0601_,14.61µm
wave_controller_y_inst/_0908_,14.61µm
wave_controller_y_inst/_0938_,14.61µm
wave_controller_y_inst/_0956_,14.61µm
wave_controller_y_inst/_1029_,14.61µm
wave_controller_y_inst/_1043_,14.61µm
wave_controller_y_inst/_1048_,14.61µm
wave_controller_y_inst/_1334_,14.61µm
wave_controller_y_inst/_1339_,14.61µm
wave_controller_y_inst/_1444_,14.61µm
wave_controller_y_inst/_1446_,14.61µm
signal_processor_x_inst/_085_,14.56µm
spi_regs_inst/_0340_,14.56µm
wave_controller_x_inst/_0079_,14.56µm
wave_controller_x_inst/_0170_,14.56µm
wave_controller_x_inst/_0272_,14.56µm
wave_controller_x_inst/_0776_,14.56µm
wave_controller_x_inst/_1406_,14.56µm
wave_controller_y_inst/_0864_,14.56µm
wave_controller_y_inst/_1000_,14.56µm
wave_controller_y_inst/_1212_,14.56µm
wave_controller_y_inst/_1280_,14.56µm
wave_controller_y_inst/_1719_,14.56µm
wave_controller_y_inst/ds_acc\[7\],14.56µm
net664,14.42µm
net630,14.225µm
net638,14.225µm
wave_controller_x_inst/_0625_,14.15µm
wave_controller_y_inst/_0643_,14.15µm
wave_controller_y_inst/_0888_,14.15µm
wave_controller_y_inst/net155,14.15µm
dir_x,14.1µm
signal_processor_y_inst/cycle_count\[2\],14.1µm
wave_controller_x_inst/_0450_,14.1µm
wave_controller_x_inst/_1648_,14.1µm
wave_controller_y_inst/_0194_,14.1µm
wave_controller_y_inst/_0519_,14.1µm
wave_controller_y_inst/_0652_,14.1µm
wave_controller_y_inst/_0844_,14.1µm
wave_controller_y_inst/_0898_,14.1µm
wave_controller_y_inst/_0902_,14.1µm
wave_controller_y_inst/_1060_,14.1µm
wave_controller_y_inst/_1645_,14.1µm
wave_controller_y_inst/_1739_,14.1µm
wave_controller_y_inst/_1746_,14.1µm
wave_controller_y_inst/_1747_,14.1µm
cal_phase0_offset_x\[3\],14.05µm
cal_phase90_offset_x\[0\],14.05µm
cfg_f_MEMS_fcw_y\[7\],14.05µm
signal_processor_y_inst/_096_,14.05µm
spi_regs_inst/_0051_,14.05µm
wave_controller_x_inst/_0035_,14.05µm
wave_controller_x_inst/_0113_,14.05µm
wave_controller_x_inst/_0146_,14.05µm
wave_controller_x_inst/_0376_,14.05µm
wave_controller_x_inst/_0395_,14.05µm
wave_controller_x_inst/_0967_,14.05µm
wave_controller_x_inst/_1400_,14.05µm
wave_controller_y_inst/_0011_,14.05µm
wave_controller_y_inst/_1089_,14.05µm
wave_controller_y_inst/_1228_,14.05µm
wave_controller_y_inst/_1654_,14.05µm
wave_controller_y_inst/_1708_,14.05µm
wave_controller_y_inst/cal_burst_count\[1\],14.05µm
cal_phase270_offset_y\[13\],14µm
spi_regs_inst/_0057_,14µm
spi_regs_inst/_0389_,14µm
spi_regs_inst/_0514_,14µm
wave_controller_x_inst/_0471_,14µm
wave_controller_x_inst/_0579_,14µm
wave_controller_x_inst/_0592_,14µm
wave_controller_x_inst/_0870_,14µm
wave_controller_x_inst/_1228_,14µm
wave_controller_x_inst/_1397_,14µm
wave_controller_x_inst/_1666_,14µm
wave_controller_x_inst/_1770_,14µm
wave_controller_y_inst/_0178_,14µm
wave_controller_y_inst/_0219_,14µm
wave_controller_y_inst/_0413_,14µm
wave_controller_y_inst/_0903_,14µm
wave_controller_y_inst/_1090_,14µm
net676,13.86µm
net679,13.86µm
net682,13.86µm
net639,13.665µm
net656,13.665µm
wave_controller_x_inst/_1757_,13.64µm
wave_controller_x_inst/_0601_,13.59µm
wave_controller_x_inst/_0915_,13.59µm
wave_controller_x_inst/_1016_,13.59µm
wave_controller_x_inst/_1209_,13.59µm
wave_controller_x_inst/_1738_,13.59µm
wave_controller_y_inst/_0636_,13.59µm
wave_controller_y_inst/_1296_,13.59µm
wave_controller_y_inst/_1522_,13.59µm
signal_processor_y_inst/_107_,13.54µm
spi_regs_inst/_0382_,13.54µm
spi_regs_inst/_0673_,13.54µm
wave_controller_x_inst/_0464_,13.54µm
wave_controller_x_inst/_0513_,13.54µm
wave_controller_x_inst/_0763_,13.54µm
wave_controller_x_inst/_0888_,13.54µm
wave_controller_x_inst/_0988_,13.54µm
wave_controller_x_inst/_1323_,13.54µm
wave_controller_x_inst/_1430_,13.54µm
wave_controller_y_inst/_0700_,13.54µm
wave_controller_y_inst/_0737_,13.54µm
wave_controller_y_inst/_0819_,13.54µm
wave_controller_y_inst/_0959_,13.54µm
cal_phase0_offset_y\[19\],13.49µm
signal_processor_x_inst/_022_,13.49µm
signal_processor_x_inst/s90_pipe\[1\],13.49µm
spi_regs_inst/_0279_,13.49µm
spi_regs_inst/_0480_,13.49µm
wave_controller_x_inst/_0058_,13.49µm
wave_controller_x_inst/_0072_,13.49µm
wave_controller_x_inst/_0346_,13.49µm
wave_controller_x_inst/_0468_,13.49µm
wave_controller_x_inst/_0597_,13.49µm
wave_controller_x_inst/_0619_,13.49µm
wave_controller_x_inst/_0777_,13.49µm
wave_controller_x_inst/_0887_,13.49µm
wave_controller_x_inst/_0898_,13.49µm
wave_controller_x_inst/_1127_,13.49µm
wave_controller_x_inst/_1389_,13.49µm
wave_controller_x_inst/_1503_,13.49µm
wave_controller_y_inst/_0146_,13.49µm
wave_controller_y_inst/_0283_,13.49µm
wave_controller_y_inst/_0406_,13.49µm
wave_controller_y_inst/_0530_,13.49µm
wave_controller_y_inst/_0592_,13.49µm
wave_controller_y_inst/_0612_,13.49µm
wave_controller_y_inst/_0709_,13.49µm
wave_controller_y_inst/_0868_,13.49µm
wave_controller_y_inst/_0879_,13.49µm
wave_controller_y_inst/_0905_,13.49µm
wave_controller_y_inst/_0930_,13.49µm
wave_controller_y_inst/_0986_,13.49µm
wave_controller_y_inst/_1096_,13.49µm
wave_controller_y_inst/_1131_,13.49µm
wave_controller_y_inst/_1576_,13.49µm
wave_controller_y_inst/_1714_,13.49µm
signal_processor_y_inst/net347,13.49µm
signal_processor_x_inst/_011_,13.44µm
signal_processor_x_inst/s270_pipe\[1\],13.44µm
spi_regs_inst/_0157_,13.44µm
spi_regs_inst/_0267_,13.44µm
wave_controller_x_inst/_0048_,13.44µm
wave_controller_x_inst/_0123_,13.44µm
wave_controller_x_inst/_0333_,13.44µm
wave_controller_x_inst/_0381_,13.44µm
wave_controller_x_inst/_0542_,13.44µm
wave_controller_x_inst/_0548_,13.44µm
wave_controller_x_inst/_0901_,13.44µm
wave_controller_x_inst/_0913_,13.44µm
wave_controller_x_inst/_1393_,13.44µm
wave_controller_x_inst/_1464_,13.44µm
wave_controller_x_inst/_1507_,13.44µm
wave_controller_x_inst/_1548_,13.44µm
wave_controller_x_inst/_1716_,13.44µm
wave_controller_y_inst/_0288_,13.44µm
wave_controller_y_inst/_0954_,13.44µm
wave_controller_y_inst/_1156_,13.44µm
wave_controller_y_inst/_1573_,13.44µm
wave_controller_y_inst/cal_burst_armed,13.44µm
wave_controller_y_inst/ds_acc\[0\],13.44µm
wave_controller_x_inst/_0669_,13.26µm
spi_regs_inst/_0075_,13.03µm
wave_controller_x_inst/_0308_,13.03µm
wave_controller_x_inst/cal_burst_count\[1\],13.03µm
spi_regs_inst/_0618_,12.98µm
wave_controller_x_inst/_0412_,12.98µm
wave_controller_x_inst/_0712_,12.98µm
wave_controller_x_inst/_0799_,12.98µm
wave_controller_x_inst/_1034_,12.98µm
wave_controller_x_inst/_1701_,12.98µm
wave_controller_y_inst/_0164_,12.98µm
wave_controller_y_inst/_0231_,12.98µm
wave_controller_y_inst/_1044_,12.98µm
wave_controller_y_inst/_1127_,12.98µm
wave_controller_y_inst/_1229_,12.98µm
wave_controller_y_inst/_1259_,12.98µm
wave_controller_y_inst/_1434_,12.98µm
wave_controller_y_inst/_1439_,12.98µm
wave_controller_y_inst/_1655_,12.98µm
wave_controller_x_inst/net36,12.98µm
spi_regs_inst/_0158_,12.93µm
spi_regs_inst/_0165_,12.93µm
spi_regs_inst/_0421_,12.93µm
spi_regs_inst/_0716_,12.93µm
wave_controller_x_inst/_0061_,12.93µm
wave_controller_x_inst/_0295_,12.93µm
wave_controller_x_inst/_0600_,12.93µm
wave_controller_x_inst/_0634_,12.93µm
wave_controller_x_inst/_0727_,12.93µm
wave_controller_x_inst/_0824_,12.93µm
wave_controller_x_inst/_0894_,12.93µm
wave_controller_x_inst/_1017_,12.93µm
wave_controller_x_inst/_1117_,12.93µm
wave_controller_x_inst/_1153_,12.93µm
wave_controller_x_inst/_1195_,12.93µm
wave_controller_x_inst/_1207_,12.93µm
wave_controller_x_inst/_1481_,12.93µm
wave_controller_y_inst/_0012_,12.93µm
wave_controller_y_inst/_0058_,12.93µm
wave_controller_y_inst/_0066_,12.93µm
wave_controller_y_inst/_0083_,12.93µm
wave_controller_y_inst/_0216_,12.93µm
wave_controller_y_inst/_0344_,12.93µm
wave_controller_y_inst/_0598_,12.93µm
wave_controller_y_inst/_0671_,12.93µm
wave_controller_y_inst/_0807_,12.93µm
wave_controller_y_inst/_0808_,12.93µm
wave_controller_y_inst/_0850_,12.93µm
wave_controller_y_inst/_0967_,12.93µm
wave_controller_y_inst/_1231_,12.93µm
wave_controller_y_inst/_1416_,12.93µm
signal_processor_y_inst/net348,12.93µm
signal_processor_x_inst/_072_,12.88µm
signal_processor_y_inst/_049_,12.88µm
spi_regs_inst/_0030_,12.88µm
spi_regs_inst/_0183_,12.88µm
spi_regs_inst/_0401_,12.88µm
wave_controller_x_inst/_0169_,12.88µm
wave_controller_x_inst/_0238_,12.88µm
wave_controller_x_inst/_0337_,12.88µm
wave_controller_x_inst/_0356_,12.88µm
wave_controller_x_inst/_0725_,12.88µm
wave_controller_x_inst/_0861_,12.88µm
wave_controller_x_inst/_0895_,12.88µm
wave_controller_x_inst/_0978_,12.88µm
wave_controller_x_inst/_1576_,12.88µm
wave_controller_y_inst/_0271_,12.88µm
wave_controller_y_inst/_0412_,12.88µm
wave_controller_y_inst/_0682_,12.88µm
wave_controller_y_inst/_1165_,12.88µm
wave_controller_y_inst/_1562_,12.88µm
wave_controller_y_inst/_1644_,12.88µm
wave_controller_y_inst/_1685_,12.88µm
wave_controller_y_inst/_1744_,12.88µm
wave_controller_y_inst/net52,12.88µm
wave_controller_y_inst/_1411_,12.6µm
net640,12.545µm
net641,12.545µm
net673,12.545µm
wave_controller_x_inst/_0193_,12.52µm
wave_controller_x_inst/_0675_,12.47µm
wave_controller_x_inst/_1714_,12.47µm
wave_controller_y_inst/_0625_,12.47µm
wave_controller_y_inst/_1548_,12.47µm
spi_regs_inst/_0654_,12.42µm
wave_controller_x_inst/_0365_,12.42µm
wave_controller_x_inst/_0830_,12.42µm
wave_controller_y_inst/_0254_,12.42µm
wave_controller_y_inst/_0394_,12.42µm
wave_controller_y_inst/_0722_,12.42µm
wave_controller_y_inst/_0769_,12.42µm
wave_controller_y_inst/_1218_,12.42µm
wave_controller_y_inst/_1233_,12.42µm
wave_controller_y_inst/_1540_,12.42µm
wave_controller_y_inst/_1574_,12.42µm
wave_controller_y_inst/_1653_,12.42µm
wave_controller_y_inst/_1771_,12.42µm
cal_phase270_offset_x\[18\],12.37µm
cfg_f_MEMS_fcw_y\[5\],12.37µm
signal_processor_x_inst/_104_,12.37µm
signal_processor_x_inst/cnt_out\[1\],12.37µm
signal_processor_y_inst/_025_,12.37µm
spi_regs_inst/_0041_,12.37µm
spi_regs_inst/_0085_,12.37µm
spi_regs_inst/_0319_,12.37µm
spi_regs_inst/_0495_,12.37µm
spi_regs_inst/_0629_,12.37µm
spi_regs_inst/_0653_,12.37µm
state_machine_inst/_07_,12.37µm
wave_controller_x_inst/_0010_,12.37µm
wave_controller_x_inst/_0014_,12.37µm
wave_controller_x_inst/_0469_,12.37µm
wave_controller_x_inst/_0480_,12.37µm
wave_controller_x_inst/_0536_,12.37µm
wave_controller_x_inst/_0611_,12.37µm
wave_controller_x_inst/_0693_,12.37µm
wave_controller_x_inst/_1050_,12.37µm
wave_controller_x_inst/_1200_,12.37µm
wave_controller_x_inst/_1662_,12.37µm
wave_controller_y_inst/_0155_,12.37µm
wave_controller_y_inst/_0389_,12.37µm
wave_controller_y_inst/_0857_,12.37µm
wave_controller_y_inst/_0941_,12.37µm
wave_controller_y_inst/_1055_,12.37µm
wave_controller_y_inst/_1433_,12.37µm
wave_controller_y_inst/_1648_,12.37µm
wave_controller_x_inst/net605,12.37µm
cal_phase270_offset_y\[18\],12.32µm
signal_processor_x_inst/_052_,12.32µm
spi_regs_inst/_0079_,12.32µm
spi_regs_inst/_0102_,12.32µm
spi_regs_inst/_0139_,12.32µm
spi_regs_inst/_0372_,12.32µm
wave_controller_x_inst/_0055_,12.32µm
wave_controller_x_inst/_0094_,12.32µm
wave_controller_x_inst/_0168_,12.32µm
wave_controller_x_inst/_0187_,12.32µm
wave_controller_x_inst/_0598_,12.32µm
wave_controller_x_inst/_0699_,12.32µm
wave_controller_x_inst/_0737_,12.32µm
wave_controller_x_inst/_0744_,12.32µm
wave_controller_x_inst/_0804_,12.32µm
wave_controller_x_inst/_0820_,12.32µm
wave_controller_x_inst/_0823_,12.32µm
wave_controller_x_inst/_0981_,12.32µm
wave_controller_x_inst/_1015_,12.32µm
wave_controller_x_inst/_1068_,12.32µm
wave_controller_x_inst/_1229_,12.32µm
wave_controller_x_inst/_1236_,12.32µm
wave_controller_x_inst/_1528_,12.32µm
wave_controller_x_inst/_1654_,12.32µm
wave_controller_x_inst/_1772_,12.32µm
wave_controller_y_inst/_0188_,12.32µm
wave_controller_y_inst/_0293_,12.32µm
wave_controller_y_inst/_0334_,12.32µm
wave_controller_y_inst/_0416_,12.32µm
wave_controller_y_inst/_0558_,12.32µm
wave_controller_y_inst/_0610_,12.32µm
wave_controller_y_inst/_0637_,12.32µm
wave_controller_y_inst/_0672_,12.32µm
wave_controller_y_inst/_0789_,12.32µm
wave_controller_y_inst/_0833_,12.32µm
wave_controller_y_inst/_0978_,12.32µm
wave_controller_y_inst/_1056_,12.32µm
wave_controller_y_inst/_1191_,12.32µm
wave_controller_y_inst/_1214_,12.32µm
wave_controller_y_inst/_1641_,12.32µm
wave_controller_y_inst/ds_acc\[2\],12.32µm
net653,12.18µm
net658,12.18µm
net667,12.18µm
bidir_oe[3],12.18µm
bidir_out[6],12.18µm
net678,11.985µm
net686,11.985µm
wave_controller_x_inst/_0258_,11.96µm
wave_controller_x_inst/_1040_,11.96µm
signal_processor_x_inst/_057_,11.91µm
wave_controller_x_inst/_1479_,11.91µm
wave_controller_x_inst/_1765_,11.91µm
wave_controller_y_inst/_0583_,11.91µm
wave_controller_x_inst/_0306_,11.86µm
wave_controller_x_inst/_0623_,11.86µm
wave_controller_x_inst/_1591_,11.86µm
wave_controller_x_inst/_1614_,11.86µm
wave_controller_y_inst/_0341_,11.86µm
wave_controller_y_inst/_1116_,11.86µm
wave_controller_y_inst/_1247_,11.86µm
wave_controller_y_inst/_1379_,11.86µm
wave_controller_y_inst/_1396_,11.86µm
wave_controller_y_inst/_1409_,11.86µm
wave_controller_y_inst/_1647_,11.86µm
cal_phase90_offset_x\[4\],11.81µm
signal_processor_x_inst/_030_,11.81µm
signal_processor_y_inst/_074_,11.81µm
spi_regs_inst/_0042_,11.81µm
spi_regs_inst/_0243_,11.81µm
spi_regs_inst/_0253_,11.81µm
spi_regs_inst/_0430_,11.81µm
spi_regs_inst/_0585_,11.81µm
spi_regs_inst/mosi_sync\[0\],11.81µm
state_machine_inst/_00_,11.81µm
wave_controller_x_inst/_0185_,11.81µm
wave_controller_x_inst/_0250_,11.81µm
wave_controller_x_inst/_0369_,11.81µm
wave_controller_x_inst/_0603_,11.81µm
wave_controller_x_inst/_0719_,11.81µm
wave_controller_x_inst/_0976_,11.81µm
wave_controller_x_inst/_0980_,11.81µm
wave_controller_x_inst/_1142_,11.81µm
wave_controller_x_inst/_1257_,11.81µm
wave_controller_x_inst/_1368_,11.81µm
wave_controller_x_inst/_1434_,11.81µm
wave_controller_x_inst/_1485_,11.81µm
wave_controller_x_inst/_1542_,11.81µm
wave_controller_x_inst/_1627_,11.81µm
wave_controller_x_inst/_1697_,11.81µm
wave_controller_x_inst/_1709_,11.81µm
wave_controller_x_inst/_1724_,11.81µm
wave_controller_x_inst/_1741_,11.81µm
wave_controller_y_inst/_0018_,11.81µm
wave_controller_y_inst/_0036_,11.81µm
wave_controller_y_inst/_0088_,11.81µm
wave_controller_y_inst/_0099_,11.81µm
wave_controller_y_inst/_0232_,11.81µm
wave_controller_y_inst/_0251_,11.81µm
wave_controller_y_inst/_0359_,11.81µm
wave_controller_y_inst/_0494_,11.81µm
wave_controller_y_inst/_0517_,11.81µm
wave_controller_y_inst/_0550_,11.81µm
wave_controller_y_inst/_0621_,11.81µm
wave_controller_y_inst/_0824_,11.81µm
wave_controller_y_inst/_1033_,11.81µm
wave_controller_y_inst/_1213_,11.81µm
wave_controller_y_inst/_1388_,11.81µm
wave_controller_y_inst/_1761_,11.81µm
signal_processor_x_inst/net349,11.81µm
cfg_f_MEMS_fcw_y\[2\],11.76µm
latch_phase90_ack_x,11.76µm
signal_processor_x_inst/_007_,11.76µm
signal_processor_y_inst/_047_,11.76µm
spi_regs_inst/_0451_,11.76µm
spi_regs_inst/_0641_,11.76µm
spi_regs_inst/_0643_,11.76µm
spi_regs_inst/_0656_,11.76µm
state_machine_inst/_16_,11.76µm
wave_controller_x_inst/_0095_,11.76µm
wave_controller_x_inst/_0136_,11.76µm
wave_controller_x_inst/_0379_,11.76µm
wave_controller_x_inst/_0434_,11.76µm
wave_controller_x_inst/_0508_,11.76µm
wave_controller_x_inst/_0723_,11.76µm
wave_controller_x_inst/_0778_,11.76µm
wave_controller_x_inst/_0793_,11.76µm
wave_controller_x_inst/_0841_,11.76µm
wave_controller_x_inst/_0959_,11.76µm
wave_controller_x_inst/_1089_,11.76µm
wave_controller_x_inst/_1126_,11.76µm
wave_controller_x_inst/_1133_,11.76µm
wave_controller_x_inst/_1174_,11.76µm
wave_controller_x_inst/_1184_,11.76µm
wave_controller_x_inst/_1222_,11.76µm
wave_controller_x_inst/_1223_,11.76µm
wave_controller_x_inst/_1484_,11.76µm
wave_controller_x_inst/ds_acc\[3\],11.76µm
wave_controller_y_inst/_0055_,11.76µm
wave_controller_y_inst/_0186_,11.76µm
wave_controller_y_inst/_0211_,11.76µm
wave_controller_y_inst/_0225_,11.76µm
wave_controller_y_inst/_0248_,11.76µm
wave_controller_y_inst/_0255_,11.76µm
wave_controller_y_inst/_0370_,11.76µm
wave_controller_y_inst/_0381_,11.76µm
wave_controller_y_inst/_0407_,11.76µm
wave_controller_y_inst/_0701_,11.76µm
wave_controller_y_inst/_0704_,11.76µm
wave_controller_y_inst/_0784_,11.76µm
wave_controller_y_inst/_0818_,11.76µm
wave_controller_y_inst/_0984_,11.76µm
wave_controller_y_inst/_1083_,11.76µm
wave_controller_y_inst/_1325_,11.76µm
net645,11.62µm
bidir_out[9],11.62µm
wave_controller_x_inst/_0155_,11.53µm
net631,11.425µm
net657,11.425µm
net665,11.425µm
wave_controller_y_inst/_0524_,11.35µm
wave_controller_y_inst/_0664_,11.35µm
signal_processor_y_inst/_048_,11.3µm
signal_processor_y_inst/_051_,11.3µm
spi_regs_inst/_0238_,11.3µm
wave_controller_x_inst/_0406_,11.3µm
wave_controller_x_inst/_0440_,11.3µm
wave_controller_x_inst/_0853_,11.3µm
wave_controller_x_inst/_0864_,11.3µm
wave_controller_x_inst/_1043_,11.3µm
wave_controller_x_inst/_1510_,11.3µm
wave_controller_x_inst/ds_acc\[5\],11.3µm
wave_controller_y_inst/_0175_,11.3µm
wave_controller_y_inst/_0552_,11.3µm
wave_controller_y_inst/_0660_,11.3µm
wave_controller_y_inst/_0866_,11.3µm
wave_controller_y_inst/_0882_,11.3µm
wave_controller_y_inst/_1050_,11.3µm
wave_controller_y_inst/_1109_,11.3µm
wave_controller_y_inst/_1264_,11.3µm
wave_controller_y_inst/_1675_,11.3µm
wave_controller_y_inst/_1773_,11.3µm
cal_phase0_offset_x\[20\],11.25µm
signal_processor_y_inst/s90_pipe\[0\],11.25µm
spi_regs_inst/_0311_,11.25µm
spi_regs_inst/_0479_,11.25µm
spi_regs_inst/_0582_,11.25µm
state_machine_inst/_13_,11.25µm
wave_controller_x_inst/_0006_,11.25µm
wave_controller_x_inst/_0011_,11.25µm
wave_controller_x_inst/_0196_,11.25µm
wave_controller_x_inst/_0268_,11.25µm
wave_controller_x_inst/_0347_,11.25µm
wave_controller_x_inst/_0355_,11.25µm
wave_controller_x_inst/_0476_,11.25µm
wave_controller_x_inst/_0551_,11.25µm
wave_controller_x_inst/_0575_,11.25µm
wave_controller_x_inst/_0596_,11.25µm
wave_controller_x_inst/_0621_,11.25µm
wave_controller_x_inst/_0631_,11.25µm
wave_controller_x_inst/_0671_,11.25µm
wave_controller_x_inst/_1082_,11.25µm
wave_controller_x_inst/_1176_,11.25µm
wave_controller_x_inst/_1231_,11.25µm
wave_controller_x_inst/_1372_,11.25µm
wave_controller_x_inst/_1402_,11.25µm
wave_controller_x_inst/_1526_,11.25µm
wave_controller_x_inst/_1539_,11.25µm
wave_controller_x_inst/_1564_,11.25µm
wave_controller_x_inst/_1658_,11.25µm
wave_controller_y_inst/_0043_,11.25µm
wave_controller_y_inst/_0056_,11.25µm
wave_controller_y_inst/_0093_,11.25µm
wave_controller_y_inst/_0327_,11.25µm
wave_controller_y_inst/_0385_,11.25µm
wave_controller_y_inst/_0785_,11.25µm
wave_controller_y_inst/_0867_,11.25µm
wave_controller_y_inst/_1358_,11.25µm
wave_controller_y_inst/_1593_,11.25µm
wave_controller_y_inst/_1605_,11.25µm
_04_,11.2µm
spi_regs_inst/_0020_,11.2µm
spi_regs_inst/_0137_,11.2µm
spi_regs_inst/_0393_,11.2µm
spi_regs_inst/_0494_,11.2µm
spi_regs_inst/_0547_,11.2µm
spi_regs_inst/_0714_,11.2µm
wave_controller_x_inst/_0063_,11.2µm
wave_controller_x_inst/_0386_,11.2µm
wave_controller_x_inst/_0526_,11.2µm
wave_controller_x_inst/_0667_,11.2µm
wave_controller_x_inst/_0677_,11.2µm
wave_controller_x_inst/_0741_,11.2µm
wave_controller_x_inst/_0908_,11.2µm
wave_controller_x_inst/_0953_,11.2µm
wave_controller_x_inst/_0974_,11.2µm
wave_controller_x_inst/_1196_,11.2µm
wave_controller_x_inst/_1212_,11.2µm
wave_controller_x_inst/_1418_,11.2µm
wave_controller_x_inst/_1432_,11.2µm
wave_controller_x_inst/_1532_,11.2µm
wave_controller_x_inst/_1628_,11.2µm
wave_controller_x_inst/_1744_,11.2µm
wave_controller_y_inst/_0126_,11.2µm
wave_controller_y_inst/_0174_,11.2µm
wave_controller_y_inst/_0190_,11.2µm
wave_controller_y_inst/_0204_,11.2µm
wave_controller_y_inst/_0262_,11.2µm
wave_controller_y_inst/_0282_,11.2µm
wave_controller_y_inst/_0386_,11.2µm
wave_controller_y_inst/_0593_,11.2µm
wave_controller_y_inst/_0599_,11.2µm
wave_controller_y_inst/_0768_,11.2µm
wave_controller_y_inst/_0914_,11.2µm
wave_controller_y_inst/_0928_,11.2µm
wave_controller_y_inst/_0970_,11.2µm
wave_controller_y_inst/_1005_,11.2µm
wave_controller_y_inst/_1221_,11.2µm
wave_controller_y_inst/_1369_,11.2µm
wave_controller_y_inst/_1386_,11.2µm
wave_controller_y_inst/_1511_,11.2µm
wave_controller_y_inst/_1539_,11.2µm
wave_controller_y_inst/_1676_,11.2µm
wave_controller_y_inst/_1695_,11.2µm
bidir_out[5],11.06µm
net643,10.915µm
net680,10.865µm
net687,10.865µm
net688,10.865µm
wave_controller_x_inst/_0795_,10.79µm
wave_controller_x_inst/_0862_,10.79µm
wave_controller_y_inst/_0393_,10.79µm
wave_controller_y_inst/_1406_,10.79µm
signal_processor_y_inst/s90_valid,10.74µm
wave_controller_x_inst/_0327_,10.74µm
wave_controller_x_inst/_0351_,10.74µm
wave_controller_x_inst/_0435_,10.74µm
wave_controller_x_inst/_0797_,10.74µm
wave_controller_x_inst/_1058_,10.74µm
wave_controller_x_inst/_1253_,10.74µm
wave_controller_x_inst/_1415_,10.74µm
wave_controller_x_inst/_1719_,10.74µm
wave_controller_x_inst/cal_burst_armed,10.74µm
wave_controller_y_inst/_0141_,10.74µm
wave_controller_y_inst/_0158_,10.74µm
wave_controller_y_inst/_0340_,10.74µm
wave_controller_y_inst/_0899_,10.74µm
wave_controller_y_inst/_0992_,10.74µm
wave_controller_y_inst/_1057_,10.74µm
wave_controller_y_inst/_1431_,10.74µm
wave_controller_y_inst/_1480_,10.74µm
cal_phase90_offset_y\[6\],10.69µm
signal_processor_x_inst/_091_,10.69µm
signal_processor_x_inst/comp_pipe\[2\],10.69µm
signal_processor_y_inst/_015_,10.69µm
signal_processor_y_inst/s270_pipe\[2\],10.69µm
spi_regs_inst/_0318_,10.69µm
spi_regs_inst/_0342_,10.69µm
spi_regs_inst/_0399_,10.69µm
spi_regs_inst/_0553_,10.69µm
spi_regs_inst/_0651_,10.69µm
wave_controller_x_inst/_0415_,10.69µm
wave_controller_x_inst/_0466_,10.69µm
wave_controller_x_inst/_0477_,10.69µm
wave_controller_x_inst/_0498_,10.69µm
wave_controller_x_inst/_0891_,10.69µm
wave_controller_x_inst/_0902_,10.69µm
wave_controller_x_inst/_0928_,10.69µm
wave_controller_x_inst/_1035_,10.69µm
wave_controller_x_inst/_1422_,10.69µm
wave_controller_x_inst/_1453_,10.69µm
wave_controller_x_inst/_1645_,10.69µm
wave_controller_y_inst/_0278_,10.69µm
wave_controller_y_inst/_0357_,10.69µm
wave_controller_y_inst/_0383_,10.69µm
wave_controller_y_inst/_0388_,10.69µm
wave_controller_y_inst/_0436_,10.69µm
wave_controller_y_inst/_0577_,10.69µm
wave_controller_y_inst/_0774_,10.69µm
wave_controller_y_inst/_0790_,10.69µm
wave_controller_y_inst/_0810_,10.69µm
wave_controller_y_inst/_0892_,10.69µm
wave_controller_y_inst/_0995_,10.69µm
wave_controller_y_inst/_1110_,10.69µm
wave_controller_y_inst/_1316_,10.69µm
wave_controller_y_inst/_1366_,10.69µm
wave_controller_y_inst/_1459_,10.69µm
wave_controller_y_inst/_1525_,10.69µm
wave_controller_y_inst/_1541_,10.69µm
_07_,10.64µm
spi_regs_inst/_0025_,10.64µm
spi_regs_inst/_0060_,10.64µm
spi_regs_inst/_0099_,10.64µm
spi_regs_inst/_0116_,10.64µm
spi_regs_inst/_0123_,10.64µm
spi_regs_inst/_0309_,10.64µm
spi_regs_inst/_0313_,10.64µm
spi_regs_inst/_0711_,10.64µm
wave_controller_x_inst/_0127_,10.64µm
wave_controller_x_inst/_0203_,10.64µm
wave_controller_x_inst/_0310_,10.64µm
wave_controller_x_inst/_0352_,10.64µm
wave_controller_x_inst/_0760_,10.64µm
wave_controller_x_inst/_0765_,10.64µm
wave_controller_x_inst/_0794_,10.64µm
wave_controller_x_inst/_0941_,10.64µm
wave_controller_x_inst/_1023_,10.64µm
wave_controller_x_inst/_1107_,10.64µm
wave_controller_x_inst/_1215_,10.64µm
wave_controller_x_inst/_1233_,10.64µm
wave_controller_x_inst/_1263_,10.64µm
wave_controller_x_inst/_1451_,10.64µm
wave_controller_x_inst/_1592_,10.64µm
wave_controller_y_inst/_0046_,10.64µm
wave_controller_y_inst/_0153_,10.64µm
wave_controller_y_inst/_0191_,10.64µm
wave_controller_y_inst/_0215_,10.64µm
wave_controller_y_inst/_0358_,10.64µm
wave_controller_y_inst/_0526_,10.64µm
wave_controller_y_inst/_0559_,10.64µm
wave_controller_y_inst/_0734_,10.64µm
wave_controller_y_inst/_0912_,10.64µm
wave_controller_y_inst/_1014_,10.64µm
wave_controller_y_inst/_1058_,10.64µm
wave_controller_y_inst/_1063_,10.64µm
wave_controller_y_inst/_1281_,10.64µm
wave_controller_y_inst/_1686_,10.64µm
wave_controller_y_inst/_1692_,10.64µm
wave_controller_y_inst/_1731_,10.64µm
wave_controller_y_inst/_1774_,10.64µm
spi_regs_inst/net692,10.64µm
net651,10.5µm
rst_n,10.5µm
bidir_out[8],10.5µm
wave_controller_y_inst/_1046_,10.36µm
net634,10.305µm
net635,10.305µm
net663,10.305µm
net668,10.305µm
net669,10.305µm
net,10.305µm
wave_controller_y_inst/_0313_,10.28µm
spi_regs_inst/_0283_,10.23µm
wave_controller_x_inst/_1469_,10.23µm
wave_controller_x_inst/_1567_,10.23µm
wave_controller_y_inst/_1623_,10.23µm
signal_processor_y_inst/_060_,10.18µm
wave_controller_x_inst/_0375_,10.18µm
wave_controller_x_inst/_0461_,10.18µm
wave_controller_x_inst/_0803_,10.18µm
wave_controller_x_inst/_1008_,10.18µm
wave_controller_x_inst/_1546_,10.18µm
wave_controller_x_inst/_1763_,10.18µm
wave_controller_y_inst/_0420_,10.18µm
wave_controller_y_inst/_0464_,10.18µm
wave_controller_y_inst/_0563_,10.18µm
wave_controller_y_inst/_0802_,10.18µm
wave_controller_y_inst/_0891_,10.18µm
wave_controller_y_inst/_0976_,10.18µm
wave_controller_y_inst/_1743_,10.18µm
net16,10.13µm
spi_regs_inst/_0044_,10.13µm
spi_regs_inst/_0117_,10.13µm
spi_regs_inst/_0128_,10.13µm
spi_regs_inst/_0175_,10.13µm
spi_regs_inst/_0231_,10.13µm
spi_regs_inst/_0332_,10.13µm
spi_regs_inst/_0364_,10.13µm
spi_regs_inst/cs_sync\[0\],10.13µm
state_machine_inst/_15_,10.13µm
wave_controller_x_inst/_0024_,10.13µm
wave_controller_x_inst/_0040_,10.13µm
wave_controller_x_inst/_0137_,10.13µm
wave_controller_x_inst/_0344_,10.13µm
wave_controller_x_inst/_0446_,10.13µm
wave_controller_x_inst/_0470_,10.13µm
wave_controller_x_inst/_0655_,10.13µm
wave_controller_x_inst/_0700_,10.13µm
wave_controller_x_inst/_0743_,10.13µm
wave_controller_x_inst/_0907_,10.13µm
wave_controller_x_inst/_0927_,10.13µm
wave_controller_x_inst/_1083_,10.13µm
wave_controller_x_inst/_1197_,10.13µm
wave_controller_x_inst/_1218_,10.13µm
wave_controller_x_inst/_1339_,10.13µm
wave_controller_x_inst/_1378_,10.13µm
wave_controller_x_inst/_1388_,10.13µm
wave_controller_x_inst/_1439_,10.13µm
wave_controller_x_inst/_1569_,10.13µm
wave_controller_x_inst/_1636_,10.13µm
wave_controller_y_inst/_0285_,10.13µm
wave_controller_y_inst/_0571_,10.13µm
wave_controller_y_inst/_0651_,10.13µm
wave_controller_y_inst/_0674_,10.13µm
wave_controller_y_inst/_0676_,10.13µm
wave_controller_y_inst/_0765_,10.13µm
wave_controller_y_inst/_0823_,10.13µm
wave_controller_y_inst/_1101_,10.13µm
wave_controller_y_inst/_1604_,10.13µm
wave_controller_y_inst/_1621_,10.13µm
wave_controller_y_inst/_1742_,10.13µm
signal_processor_y_inst/_099_,10.08µm
spi_regs_inst/_0260_,10.08µm
spi_regs_inst/_0330_,10.08µm
spi_regs_inst/_0350_,10.08µm
spi_regs_inst/_0357_,10.08µm
spi_regs_inst/_0394_,10.08µm
spi_regs_inst/_0455_,10.08µm
spi_regs_inst/_0468_,10.08µm
wave_controller_x_inst/_0034_,10.08µm
wave_controller_x_inst/_0158_,10.08µm
wave_controller_x_inst/_0164_,10.08µm
wave_controller_x_inst/_0259_,10.08µm
wave_controller_x_inst/_0301_,10.08µm
wave_controller_x_inst/_0511_,10.08µm
wave_controller_x_inst/_0557_,10.08µm
wave_controller_x_inst/_0571_,10.08µm
wave_controller_x_inst/_0685_,10.08µm
wave_controller_x_inst/_0738_,10.08µm
wave_controller_x_inst/_0775_,10.08µm
wave_controller_x_inst/_1003_,10.08µm
wave_controller_x_inst/_1261_,10.08µm
wave_controller_x_inst/_1593_,10.08µm
wave_controller_x_inst/_1707_,10.08µm
wave_controller_x_inst/_1774_,10.08µm
wave_controller_y_inst/_0032_,10.08µm
wave_controller_y_inst/_0102_,10.08µm
wave_controller_y_inst/_0118_,10.08µm
wave_controller_y_inst/_0264_,10.08µm
wave_controller_y_inst/_0356_,10.08µm
wave_controller_y_inst/_0396_,10.08µm
wave_controller_y_inst/_0579_,10.08µm
wave_controller_y_inst/_0655_,10.08µm
wave_controller_y_inst/_0795_,10.08µm
wave_controller_y_inst/_0851_,10.08µm
wave_controller_y_inst/_0957_,10.08µm
wave_controller_y_inst/_1018_,10.08µm
wave_controller_y_inst/_1073_,10.08µm
wave_controller_y_inst/_1527_,10.08µm
wave_controller_y_inst/_1581_,10.08µm
wave_controller_y_inst/phase_acc\[19\],10.08µm
spi_regs_inst/net689,10.08µm
net649,9.94µm
bidir_out[2],9.94µm
wave_controller_y_inst/_0333_,9.82µm
net683,9.745µm
net685,9.745µm
wave_controller_x_inst/_0666_,9.67µm
wave_controller_y_inst/_0410_,9.67µm
signal_processor_x_inst/_060_,9.62µm
signal_processor_x_inst/_076_,9.62µm
wave_controller_x_inst/_0156_,9.62µm
wave_controller_x_inst/_0281_,9.62µm
wave_controller_x_inst/_0316_,9.62µm
wave_controller_x_inst/_0410_,9.62µm
wave_controller_x_inst/_0524_,9.62µm
wave_controller_x_inst/_0819_,9.62µm
wave_controller_x_inst/_0871_,9.62µm
wave_controller_x_inst/_0960_,9.62µm
wave_controller_x_inst/_1013_,9.62µm
wave_controller_x_inst/_1282_,9.62µm
wave_controller_x_inst/_1504_,9.62µm
wave_controller_x_inst/_1773_,9.62µm
wave_controller_y_inst/_0133_,9.62µm
wave_controller_y_inst/_0205_,9.62µm
wave_controller_y_inst/_0437_,9.62µm
wave_controller_y_inst/_0459_,9.62µm
wave_controller_y_inst/_0468_,9.62µm
wave_controller_y_inst/_0877_,9.62µm
wave_controller_y_inst/_1256_,9.62µm
wave_controller_y_inst/_1419_,9.62µm
wave_controller_y_inst/_1643_,9.62µm
wave_controller_y_inst/_1749_,9.62µm
signal_processor_y_inst/_103_,9.57µm
spi_regs_inst/_0022_,9.57µm
spi_regs_inst/_0062_,9.57µm
spi_regs_inst/_0115_,9.57µm
spi_regs_inst/_0142_,9.57µm
spi_regs_inst/_0203_,9.57µm
spi_regs_inst/_0459_,9.57µm
spi_regs_inst/_0521_,9.57µm
spi_regs_inst/_0588_,9.57µm
state_machine_inst/_01_,9.57µm
wave_controller_x_inst/_0298_,9.57µm
wave_controller_x_inst/_0353_,9.57µm
wave_controller_x_inst/_0436_,9.57µm
wave_controller_x_inst/_0502_,9.57µm
wave_controller_x_inst/_0944_,9.57µm
wave_controller_x_inst/_0949_,9.57µm
wave_controller_x_inst/_0985_,9.57µm
wave_controller_x_inst/_1181_,9.57µm
wave_controller_x_inst/_1198_,9.57µm
wave_controller_x_inst/_1260_,9.57µm
wave_controller_x_inst/_1512_,9.57µm
wave_controller_x_inst/_1535_,9.57µm
wave_controller_x_inst/_1632_,9.57µm
wave_controller_x_inst/_1704_,9.57µm
wave_controller_x_inst/_1711_,9.57µm
wave_controller_y_inst/_0007_,9.57µm
wave_controller_y_inst/_0086_,9.57µm
wave_controller_y_inst/_0103_,9.57µm
wave_controller_y_inst/_0167_,9.57µm
wave_controller_y_inst/_0564_,9.57µm
wave_controller_y_inst/_0604_,9.57µm
wave_controller_y_inst/_0871_,9.57µm
wave_controller_y_inst/_0960_,9.57µm
wave_controller_y_inst/_1059_,9.57µm
wave_controller_y_inst/_1186_,9.57µm
wave_controller_y_inst/_1192_,9.57µm
wave_controller_y_inst/_1202_,9.57µm
wave_controller_y_inst/_1282_,9.57µm
wave_controller_y_inst/_1378_,9.57µm
wave_controller_y_inst/_1509_,9.57µm
wave_controller_y_inst/_1592_,9.57µm
wave_controller_y_inst/_1689_,9.57µm
wave_controller_y_inst/_1770_,9.57µm
net11,9.52µm
signal_processor_x_inst/_035_,9.52µm
signal_processor_x_inst/_065_,9.52µm
signal_processor_x_inst/_079_,9.52µm
signal_processor_x_inst/_084_,9.52µm
signal_processor_x_inst/_096_,9.52µm
signal_processor_x_inst/comp_pipe\[1\],9.52µm
signal_processor_x_inst/s90_pipe\[2\],9.52µm
signal_processor_y_inst/_007_,9.52µm
signal_processor_y_inst/_036_,9.52µm
signal_processor_y_inst/_063_,9.52µm
signal_processor_y_inst/_065_,9.52µm
spi_regs_inst/_0036_,9.52µm
spi_regs_inst/_0073_,9.52µm
spi_regs_inst/_0105_,9.52µm
spi_regs_inst/_0129_,9.52µm
spi_regs_inst/_0176_,9.52µm
spi_regs_inst/_0240_,9.52µm
spi_regs_inst/_0433_,9.52µm
spi_regs_inst/_0470_,9.52µm
spi_regs_inst/_0551_,9.52µm
wave_controller_x_inst/_0074_,9.52µm
wave_controller_x_inst/_0418_,9.52µm
wave_controller_x_inst/_0537_,9.52µm
wave_controller_x_inst/_0704_,9.52µm
wave_controller_x_inst/_0858_,9.52µm
wave_controller_x_inst/_1022_,9.52µm
wave_controller_x_inst/_1066_,9.52µm
wave_controller_x_inst/_1072_,9.52µm
wave_controller_x_inst/_1084_,9.52µm
wave_controller_x_inst/_1144_,9.52µm
wave_controller_x_inst/_1182_,9.52µm
wave_controller_x_inst/_1286_,9.52µm
wave_controller_x_inst/_1383_,9.52µm
wave_controller_x_inst/_1527_,9.52µm
wave_controller_x_inst/_1529_,9.52µm
wave_controller_x_inst/_1594_,9.52µm
wave_controller_x_inst/_1597_,9.52µm
wave_controller_x_inst/_1710_,9.52µm
wave_controller_y_inst/_0072_,9.52µm
wave_controller_y_inst/_0084_,9.52µm
wave_controller_y_inst/_0303_,9.52µm
wave_controller_y_inst/_0345_,9.52µm
wave_controller_y_inst/_0366_,9.52µm
wave_controller_y_inst/_0377_,9.52µm
wave_controller_y_inst/_0409_,9.52µm
wave_controller_y_inst/_0435_,9.52µm
wave_controller_y_inst/_0560_,9.52µm
wave_controller_y_inst/_0632_,9.52µm
wave_controller_y_inst/_0791_,9.52µm
wave_controller_y_inst/_1129_,9.52µm
wave_controller_y_inst/_1352_,9.52µm
wave_controller_y_inst/_1479_,9.52µm
wave_controller_y_inst/_1556_,9.52µm
wave_controller_y_inst/_1597_,9.52µm
wave_controller_y_inst/_1684_,9.52µm
wave_controller_y_inst/_1687_,9.52µm
wave_controller_y_inst/_1703_,9.52µm
wave_controller_y_inst/_1715_,9.52µm
net644,9.185µm
net648,9.185µm
net652,9.185µm
wave_controller_y_inst/_1630_,9.16µm
spi_regs_inst/_0568_,9.11µm
wave_controller_x_inst/_0844_,9.11µm
wave_controller_y_inst/_0477_,9.11µm
spi_regs_inst/_0569_,9.06µm
wave_controller_x_inst/_0313_,9.06µm
wave_controller_x_inst/_0403_,9.06µm
wave_controller_x_inst/_0883_,9.06µm
wave_controller_x_inst/_1033_,9.06µm
wave_controller_x_inst/_1038_,9.06µm
wave_controller_x_inst/_1444_,9.06µm
wave_controller_y_inst/_0557_,9.06µm
wave_controller_y_inst/_0656_,9.06µm
wave_controller_y_inst/_0990_,9.06µm
wave_controller_y_inst/_1158_,9.06µm
wave_controller_y_inst/_1174_,9.06µm
wave_controller_y_inst/_1526_,9.06µm
raw_edge3_x\[0\],9.01µm
signal_processor_x_inst/_014_,9.01µm
signal_processor_y_inst/_017_,9.01µm
spi_regs_inst/_0107_,9.01µm
spi_regs_inst/_0110_,9.01µm
spi_regs_inst/_0111_,9.01µm
spi_regs_inst/_0150_,9.01µm
spi_regs_inst/_0412_,9.01µm
spi_regs_inst/_0418_,9.01µm
spi_regs_inst/_0425_,9.01µm
spi_regs_inst/_0535_,9.01µm
wave_controller_x_inst/_0020_,9.01µm
wave_controller_x_inst/_0148_,9.01µm
wave_controller_x_inst/_0319_,9.01µm
wave_controller_x_inst/_0427_,9.01µm
wave_controller_x_inst/_0753_,9.01µm
wave_controller_x_inst/_0877_,9.01µm
wave_controller_x_inst/_0892_,9.01µm
wave_controller_x_inst/_1057_,9.01µm
wave_controller_x_inst/_1103_,9.01µm
wave_controller_x_inst/_1139_,9.01µm
wave_controller_x_inst/_1150_,9.01µm
wave_controller_x_inst/_1152_,9.01µm
wave_controller_x_inst/_1225_,9.01µm
wave_controller_x_inst/_1413_,9.01µm
wave_controller_x_inst/_1477_,9.01µm
wave_controller_x_inst/_1547_,9.01µm
wave_controller_x_inst/_1748_,9.01µm
wave_controller_y_inst/_0115_,9.01µm
wave_controller_y_inst/_0403_,9.01µm
wave_controller_y_inst/_0573_,9.01µm
wave_controller_y_inst/_0589_,9.01µm
wave_controller_y_inst/_0777_,9.01µm
wave_controller_y_inst/_0975_,9.01µm
wave_controller_y_inst/_1009_,9.01µm
wave_controller_y_inst/_1015_,9.01µm
wave_controller_y_inst/_1022_,9.01µm
wave_controller_y_inst/_1118_,9.01µm
wave_controller_y_inst/_1194_,9.01µm
wave_controller_y_inst/_1340_,9.01µm
wave_controller_y_inst/_1389_,9.01µm
wave_controller_y_inst/_1414_,9.01µm
wave_controller_y_inst/_1564_,9.01µm
wave_controller_y_inst/_1587_,9.01µm
wave_controller_y_inst/_1737_,9.01µm
signal_processor_x_inst/_093_,8.96µm
signal_processor_y_inst/_104_,8.96µm
spi_regs_inst/_0096_,8.96µm
spi_regs_inst/_0360_,8.96µm
spi_regs_inst/_0385_,8.96µm
spi_regs_inst/_0630_,8.96µm
state_machine_inst/_14_,8.96µm
wave_controller_x_inst/_0002_,8.96µm
wave_controller_x_inst/_0049_,8.96µm
wave_controller_x_inst/_0080_,8.96µm
wave_controller_x_inst/_0198_,8.96µm
wave_controller_x_inst/_0205_,8.96µm
wave_controller_x_inst/_0421_,8.96µm
wave_controller_x_inst/_0710_,8.96µm
wave_controller_x_inst/_0713_,8.96µm
wave_controller_x_inst/_0735_,8.96µm
wave_controller_x_inst/_0758_,8.96µm
wave_controller_x_inst/_0761_,8.96µm
wave_controller_x_inst/_0837_,8.96µm
wave_controller_x_inst/_0872_,8.96µm
wave_controller_x_inst/_0922_,8.96µm
wave_controller_x_inst/_1096_,8.96µm
wave_controller_x_inst/_1121_,8.96µm
wave_controller_x_inst/_1373_,8.96µm
wave_controller_x_inst/_1565_,8.96µm
wave_controller_x_inst/_1640_,8.96µm
wave_controller_x_inst/ds_acc\[1\],8.96µm
wave_controller_y_inst/_0061_,8.96µm
wave_controller_y_inst/_0067_,8.96µm
wave_controller_y_inst/_0070_,8.96µm
wave_controller_y_inst/_0399_,8.96µm
wave_controller_y_inst/_0483_,8.96µm
wave_controller_y_inst/_0717_,8.96µm
wave_controller_y_inst/_0757_,8.96µm
wave_controller_y_inst/_0809_,8.96µm
wave_controller_y_inst/_0815_,8.96µm
wave_controller_y_inst/_0942_,8.96µm
wave_controller_y_inst/_0947_,8.96µm
wave_controller_y_inst/_0987_,8.96µm
wave_controller_y_inst/_1104_,8.96µm
wave_controller_y_inst/_1140_,8.96µm
wave_controller_y_inst/_1150_,8.96µm
wave_controller_y_inst/_1201_,8.96µm
wave_controller_y_inst/_1260_,8.96µm
wave_controller_y_inst/_1420_,8.96µm
wave_controller_y_inst/_1530_,8.96µm
wave_controller_y_inst/_1536_,8.96µm
wave_controller_y_inst/_1590_,8.96µm
wave_controller_y_inst/_1631_,8.96µm
wave_controller_y_inst/_1723_,8.96µm
wave_controller_y_inst/_1754_,8.96µm
wave_controller_y_inst/_1772_,8.96µm
net661,8.82µm
net662,8.82µm
bidir_in[0],8.82µm
bidir_in[1],8.82µm
bidir_in[2],8.82µm
net633,8.675µm
net636,8.675µm
bidir_out[3],8.675µm
signal_processor_x_inst/_103_,8.55µm
wave_controller_x_inst/_0882_,8.55µm
wave_controller_y_inst/_0197_,8.55µm
spi_regs_inst/_0639_,8.5µm
wave_controller_x_inst/_0215_,8.5µm
wave_controller_x_inst/_0408_,8.5µm
wave_controller_x_inst/_1046_,8.5µm
wave_controller_x_inst/_1048_,8.5µm
wave_controller_x_inst/_1281_,8.5µm
wave_controller_y_inst/_0376_,8.5µm
wave_controller_y_inst/_0793_,8.5µm
wave_controller_y_inst/_1001_,8.5µm
wave_controller_y_inst/_1085_,8.5µm
wave_controller_y_inst/_1115_,8.5µm
wave_controller_y_inst/_1726_,8.5µm
wave_controller_y_inst/net26,8.5µm
signal_processor_x_inst/_099_,8.45µm
spi_regs_inst/_0092_,8.45µm
spi_regs_inst/_0312_,8.45µm
spi_regs_inst/_0501_,8.45µm
spi_regs_inst/_0532_,8.45µm
spi_regs_inst/_0552_,8.45µm
state_machine_inst/_06_,8.45µm
wave_controller_x_inst/_0027_,8.45µm
wave_controller_x_inst/_0090_,8.45µm
wave_controller_x_inst/_0171_,8.45µm
wave_controller_x_inst/_0182_,8.45µm
wave_controller_x_inst/_0211_,8.45µm
wave_controller_x_inst/_0246_,8.45µm
wave_controller_x_inst/_0282_,8.45µm
wave_controller_x_inst/_0462_,8.45µm
wave_controller_x_inst/_0695_,8.45µm
wave_controller_x_inst/_0747_,8.45µm
wave_controller_x_inst/_0889_,8.45µm
wave_controller_x_inst/_0905_,8.45µm
wave_controller_x_inst/_0956_,8.45µm
wave_controller_x_inst/_1056_,8.45µm
wave_controller_x_inst/_1143_,8.45µm
wave_controller_x_inst/_1183_,8.45µm
wave_controller_x_inst/_1365_,8.45µm
wave_controller_x_inst/_1436_,8.45µm
wave_controller_x_inst/_1438_,8.45µm
wave_controller_y_inst/_0016_,8.45µm
wave_controller_y_inst/_0040_,8.45µm
wave_controller_y_inst/_0045_,8.45µm
wave_controller_y_inst/_0087_,8.45µm
wave_controller_y_inst/_0106_,8.45µm
wave_controller_y_inst/_0108_,8.45µm
wave_controller_y_inst/_0201_,8.45µm
wave_controller_y_inst/_0771_,8.45µm
wave_controller_y_inst/_0776_,8.45µm
wave_controller_y_inst/_0849_,8.45µm
wave_controller_y_inst/_0924_,8.45µm
wave_controller_y_inst/_1025_,8.45µm
wave_controller_y_inst/_1045_,8.45µm
wave_controller_y_inst/_1200_,8.45µm
wave_controller_y_inst/_1453_,8.45µm
wave_controller_y_inst/_1456_,8.45µm
wave_controller_y_inst/_1669_,8.45µm
wave_controller_y_inst/_1732_,8.45µm
_03_,8.4µm
net13,8.4µm
latch_phase90_ack_y,8.4µm
signal_processor_x_inst/_000_,8.4µm
signal_processor_y_inst/_034_,8.4µm
signal_processor_y_inst/_059_,8.4µm
signal_processor_y_inst/_095_,8.4µm
spi_regs_inst/_0023_,8.4µm
spi_regs_inst/_0058_,8.4µm
spi_regs_inst/_0148_,8.4µm
spi_regs_inst/_0166_,8.4µm
spi_regs_inst/_0341_,8.4µm
spi_regs_inst/_0406_,8.4µm
spi_regs_inst/_0489_,8.4µm
spi_regs_inst/_0627_,8.4µm
spi_regs_inst/_0628_,8.4µm
state_machine_inst/_03_,8.4µm
wave_controller_x_inst/_0017_,8.4µm
wave_controller_x_inst/_0044_,8.4µm
wave_controller_x_inst/_0190_,8.4µm
wave_controller_x_inst/_0234_,8.4µm
wave_controller_x_inst/_0280_,8.4µm
wave_controller_x_inst/_0416_,8.4µm
wave_controller_x_inst/_0437_,8.4µm
wave_controller_x_inst/_0497_,8.4µm
wave_controller_x_inst/_0563_,8.4µm
wave_controller_x_inst/_0569_,8.4µm
wave_controller_x_inst/_0867_,8.4µm
wave_controller_x_inst/_0929_,8.4µm
wave_controller_x_inst/_1067_,8.4µm
wave_controller_x_inst/_1090_,8.4µm
wave_controller_x_inst/_1250_,8.4µm
wave_controller_x_inst/_1274_,8.4µm
wave_controller_x_inst/_1403_,8.4µm
wave_controller_x_inst/_1410_,8.4µm
wave_controller_x_inst/_1435_,8.4µm
wave_controller_x_inst/_1497_,8.4µm
wave_controller_x_inst/_1616_,8.4µm
wave_controller_x_inst/_1653_,8.4µm
wave_controller_x_inst/_1683_,8.4µm
wave_controller_x_inst/_1754_,8.4µm
wave_controller_x_inst/_1768_,8.4µm
wave_controller_y_inst/_0015_,8.4µm
wave_controller_y_inst/_0063_,8.4µm
wave_controller_y_inst/_0085_,8.4µm
wave_controller_y_inst/_0094_,8.4µm
wave_controller_y_inst/_0096_,8.4µm
wave_controller_y_inst/_0101_,8.4µm
wave_controller_y_inst/_0110_,8.4µm
wave_controller_y_inst/_0136_,8.4µm
wave_controller_y_inst/_0142_,8.4µm
wave_controller_y_inst/_0160_,8.4µm
wave_controller_y_inst/_0196_,8.4µm
wave_controller_y_inst/_0221_,8.4µm
wave_controller_y_inst/_0241_,8.4µm
wave_controller_y_inst/_0296_,8.4µm
wave_controller_y_inst/_0315_,8.4µm
wave_controller_y_inst/_0391_,8.4µm
wave_controller_y_inst/_0497_,8.4µm
wave_controller_y_inst/_0502_,8.4µm
wave_controller_y_inst/_0576_,8.4µm
wave_controller_y_inst/_0585_,8.4µm
wave_controller_y_inst/_0695_,8.4µm
wave_controller_y_inst/_0863_,8.4µm
wave_controller_y_inst/_0907_,8.4µm
wave_controller_y_inst/_1013_,8.4µm
wave_controller_y_inst/_1032_,8.4µm
wave_controller_y_inst/_1097_,8.4µm
wave_controller_y_inst/_1397_,8.4µm
wave_controller_y_inst/_1513_,8.4µm
wave_controller_y_inst/_1594_,8.4µm
wave_controller_y_inst/_1677_,8.4µm
wave_controller_y_inst/_1716_,8.4µm
wave_controller_y_inst/ds_acc\[4\],8.4µm
net655,8.31µm
bidir_out[4],8.31µm
bidir_out[7],8.31µm
wave_controller_x_inst/_0570_,8.17µm
wave_controller_y_inst/_0450_,7.99µm
signal_processor_x_inst/_064_,7.94µm
spi_regs_inst/_0610_,7.94µm
spi_regs_inst/_0683_,7.94µm
wave_controller_x_inst/_0233_,7.94µm
wave_controller_x_inst/_0392_,7.94µm
wave_controller_x_inst/_0505_,7.94µm
wave_controller_x_inst/_0607_,7.94µm
wave_controller_x_inst/_0773_,7.94µm
wave_controller_x_inst/_0798_,7.94µm
wave_controller_x_inst/_1371_,7.94µm
wave_controller_x_inst/_1384_,7.94µm
wave_controller_x_inst/_1405_,7.94µm
wave_controller_x_inst/_1633_,7.94µm
wave_controller_x_inst/_1687_,7.94µm
wave_controller_x_inst/_1695_,7.94µm
wave_controller_x_inst/_1720_,7.94µm
wave_controller_y_inst/_0038_,7.94µm
wave_controller_y_inst/_0408_,7.94µm
wave_controller_y_inst/_0568_,7.94µm
wave_controller_y_inst/_0988_,7.94µm
wave_controller_y_inst/_1052_,7.94µm
wave_controller_y_inst/_1443_,7.94µm
signal_processor_x_inst/_015_,7.89µm
signal_processor_x_inst/_016_,7.89µm
signal_processor_y_inst/_021_,7.89µm
signal_processor_y_inst/_085_,7.89µm
signal_processor_y_inst/comp_pipe\[1\],7.89µm
spi_regs_inst/_0027_,7.89µm
spi_regs_inst/_0187_,7.89µm
spi_regs_inst/_0292_,7.89µm
spi_regs_inst/_0380_,7.89µm
wave_controller_x_inst/_0018_,7.89µm
wave_controller_x_inst/_0023_,7.89µm
wave_controller_x_inst/_0167_,7.89µm
wave_controller_x_inst/_0260_,7.89µm
wave_controller_x_inst/_0372_,7.89µm
wave_controller_x_inst/_0378_,7.89µm
wave_controller_x_inst/_0589_,7.89µm
wave_controller_x_inst/_0732_,7.89µm
wave_controller_x_inst/_0912_,7.89µm
wave_controller_x_inst/_0957_,7.89µm
wave_controller_x_inst/_1032_,7.89µm
wave_controller_x_inst/_1311_,7.89µm
wave_controller_x_inst/_1456_,7.89µm
wave_controller_x_inst/_1691_,7.89µm
wave_controller_x_inst/_1740_,7.89µm
wave_controller_y_inst/_0024_,7.89µm
wave_controller_y_inst/_0031_,7.89µm
wave_controller_y_inst/_0140_,7.89µm
wave_controller_y_inst/_0392_,7.89µm
wave_controller_y_inst/_0470_,7.89µm
wave_controller_y_inst/_0575_,7.89µm
wave_controller_y_inst/_0708_,7.89µm
wave_controller_y_inst/_0781_,7.89µm
wave_controller_y_inst/_0894_,7.89µm
wave_controller_y_inst/_1068_,7.89µm
wave_controller_y_inst/_1274_,7.89µm
wave_controller_y_inst/_1387_,7.89µm
wave_controller_y_inst/_1517_,7.89µm
wave_controller_y_inst/_1724_,7.89µm
signal_processor_x_inst/_006_,7.84µm
signal_processor_x_inst/_020_,7.84µm
signal_processor_x_inst/_056_,7.84µm
signal_processor_x_inst/_075_,7.84µm
signal_processor_x_inst/_092_,7.84µm
signal_processor_y_inst/_014_,7.84µm
signal_processor_y_inst/_016_,7.84µm
spi_regs_inst/_0008_,7.84µm
spi_regs_inst/_0018_,7.84µm
spi_regs_inst/_0045_,7.84µm
spi_regs_inst/_0081_,7.84µm
spi_regs_inst/_0133_,7.84µm
spi_regs_inst/_0144_,7.84µm
spi_regs_inst/_0151_,7.84µm
spi_regs_inst/_0164_,7.84µm
wave_controller_x_inst/_0084_,7.84µm
wave_controller_x_inst/_0086_,7.84µm
wave_controller_x_inst/_0097_,7.84µm
wave_controller_x_inst/_0115_,7.84µm
wave_controller_x_inst/_0159_,7.84µm
wave_controller_x_inst/_0191_,7.84µm
wave_controller_x_inst/_0223_,7.84µm
wave_controller_x_inst/_0235_,7.84µm
wave_controller_x_inst/_0256_,7.84µm
wave_controller_x_inst/_0269_,7.84µm
wave_controller_x_inst/_0278_,7.84µm
wave_controller_x_inst/_0312_,7.84µm
wave_controller_x_inst/_0494_,7.84µm
wave_controller_x_inst/_0532_,7.84µm
wave_controller_x_inst/_0558_,7.84µm
wave_controller_x_inst/_0573_,7.84µm
wave_controller_x_inst/_0576_,7.84µm
wave_controller_x_inst/_0577_,7.84µm
wave_controller_x_inst/_0651_,7.84µm
wave_controller_x_inst/_0680_,7.84µm
wave_controller_x_inst/_0687_,7.84µm
wave_controller_x_inst/_0755_,7.84µm
wave_controller_x_inst/_0767_,7.84µm
wave_controller_x_inst/_0768_,7.84µm
wave_controller_x_inst/_0850_,7.84µm
wave_controller_x_inst/_0869_,7.84µm
wave_controller_x_inst/_0931_,7.84µm
wave_controller_x_inst/_0935_,7.84µm
wave_controller_x_inst/_0970_,7.84µm
wave_controller_x_inst/_1028_,7.84µm
wave_controller_x_inst/_1105_,7.84µm
wave_controller_x_inst/_1156_,7.84µm
wave_controller_x_inst/_1159_,7.84µm
wave_controller_x_inst/_1187_,7.84µm
wave_controller_x_inst/_1367_,7.84µm
wave_controller_x_inst/_1578_,7.84µm
wave_controller_x_inst/_1667_,7.84µm
wave_controller_x_inst/ds_acc\[2\],7.84µm
wave_controller_x_inst/phase_acc\[19\],7.84µm
wave_controller_y_inst/_0053_,7.84µm
wave_controller_y_inst/_0080_,7.84µm
wave_controller_y_inst/_0156_,7.84µm
wave_controller_y_inst/_0203_,7.84µm
wave_controller_y_inst/_0348_,7.84µm
wave_controller_y_inst/_0547_,7.84µm
wave_controller_y_inst/_0753_,7.84µm
wave_controller_y_inst/_0766_,7.84µm
wave_controller_y_inst/_0767_,7.84µm
wave_controller_y_inst/_0861_,7.84µm
wave_controller_y_inst/_0874_,7.84µm
wave_controller_y_inst/_1175_,7.84µm
wave_controller_y_inst/_1182_,7.84µm
wave_controller_y_inst/_1220_,7.84µm
wave_controller_y_inst/_1284_,7.84µm
wave_controller_y_inst/_1355_,7.84µm
wave_controller_y_inst/_1560_,7.84µm
wave_controller_y_inst/_1625_,7.84µm
wave_controller_y_inst/_1632_,7.84µm
wave_controller_y_inst/_1667_,7.84µm
wave_controller_y_inst/_1691_,7.84µm
wave_controller_y_inst/_1709_,7.84µm
wave_controller_y_inst/_1725_,7.84µm
wave_controller_y_inst/_1356_,7.48µm
wave_controller_x_inst/_1686_,7.43µm
wave_controller_x_inst/_0153_,7.38µm
wave_controller_x_inst/_0219_,7.38µm
wave_controller_x_inst/_0340_,7.38µm
wave_controller_x_inst/_0552_,7.38µm
wave_controller_x_inst/_0587_,7.38µm
wave_controller_x_inst/_0633_,7.38µm
wave_controller_x_inst/_0674_,7.38µm
wave_controller_x_inst/_0802_,7.38µm
wave_controller_x_inst/_0810_,7.38µm
wave_controller_x_inst/_0838_,7.38µm
wave_controller_x_inst/_1128_,7.38µm
wave_controller_x_inst/_1199_,7.38µm
wave_controller_x_inst/_1332_,7.38µm
wave_controller_x_inst/_1501_,7.38µm
wave_controller_y_inst/_0421_,7.38µm
wave_controller_y_inst/_0499_,7.38µm
wave_controller_y_inst/_0880_,7.38µm
wave_controller_y_inst/_0964_,7.38µm
wave_controller_y_inst/_1092_,7.38µm
wave_controller_y_inst/_1103_,7.38µm
wave_controller_y_inst/_1142_,7.38µm
wave_controller_y_inst/_1415_,7.38µm
signal_processor_x_inst/_031_,7.33µm
signal_processor_x_inst/_038_,7.33µm
signal_processor_x_inst/_095_,7.33µm
signal_processor_y_inst/_026_,7.33µm
signal_processor_y_inst/_100_,7.33µm
spi_regs_inst/_0039_,7.33µm
spi_regs_inst/_0059_,7.33µm
spi_regs_inst/_0093_,7.33µm
spi_regs_inst/_0122_,7.33µm
spi_regs_inst/_0186_,7.33µm
spi_regs_inst/_0280_,7.33µm
spi_regs_inst/_0402_,7.33µm
spi_regs_inst/_0465_,7.33µm
wave_controller_x_inst/_0073_,7.33µm
wave_controller_x_inst/_0110_,7.33µm
wave_controller_x_inst/_0147_,7.33µm
wave_controller_x_inst/_0174_,7.33µm
wave_controller_x_inst/_0431_,7.33µm
wave_controller_x_inst/_0517_,7.33µm
wave_controller_x_inst/_0739_,7.33µm
wave_controller_x_inst/_0779_,7.33µm
wave_controller_x_inst/_1104_,7.33µm
wave_controller_x_inst/_1114_,7.33µm
wave_controller_x_inst/_1130_,7.33µm
wave_controller_x_inst/_1370_,7.33µm
wave_controller_x_inst/_1392_,7.33µm
wave_controller_x_inst/_1442_,7.33µm
wave_controller_x_inst/_1530_,7.33µm
wave_controller_x_inst/_1613_,7.33µm
wave_controller_x_inst/_1643_,7.33µm
wave_controller_x_inst/_1771_,7.33µm
wave_controller_x_inst/ds_acc\[4\],7.33µm
wave_controller_y_inst/_0035_,7.33µm
wave_controller_y_inst/_0039_,7.33µm
wave_controller_y_inst/_0049_,7.33µm
wave_controller_y_inst/_0122_,7.33µm
wave_controller_y_inst/_0479_,7.33µm
wave_controller_y_inst/_0548_,7.33µm
wave_controller_y_inst/_0640_,7.33µm
wave_controller_y_inst/_0687_,7.33µm
wave_controller_y_inst/_0746_,7.33µm
wave_controller_y_inst/_0838_,7.33µm
wave_controller_y_inst/_0853_,7.33µm
wave_controller_y_inst/_1035_,7.33µm
wave_controller_y_inst/_1067_,7.33µm
wave_controller_y_inst/_1151_,7.33µm
wave_controller_y_inst/_1261_,7.33µm
_06_,7.28µm
cal_timeout,7.28µm
cfg_done,7.28µm
raw_edge3_y\[1\],7.28µm
signal_processor_x_inst/_094_,7.28µm
spi_regs_inst/_0016_,7.28µm
spi_regs_inst/_0024_,7.28µm
spi_regs_inst/_0040_,7.28µm
spi_regs_inst/_0043_,7.28µm
spi_regs_inst/_0080_,7.28µm
spi_regs_inst/_0090_,7.28µm
spi_regs_inst/_0177_,7.28µm
spi_regs_inst/_0180_,7.28µm
spi_regs_inst/_0246_,7.28µm
spi_regs_inst/_0257_,7.28µm
spi_regs_inst/_0275_,7.28µm
spi_regs_inst/_0347_,7.28µm
spi_regs_inst/_0374_,7.28µm
spi_regs_inst/_0436_,7.28µm
spi_regs_inst/_0453_,7.28µm
spi_regs_inst/_0463_,7.28µm
spi_regs_inst/_0498_,7.28µm
spi_regs_inst/_0525_,7.28µm
spi_regs_inst/_0554_,7.28µm
spi_regs_inst/_0614_,7.28µm
spi_regs_inst/_0620_,7.28µm
spi_regs_inst/_0631_,7.28µm
wave_controller_x_inst/_0001_,7.28µm
wave_controller_x_inst/_0004_,7.28µm
wave_controller_x_inst/_0039_,7.28µm
wave_controller_x_inst/_0112_,7.28µm
wave_controller_x_inst/_0125_,7.28µm
wave_controller_x_inst/_0179_,7.28µm
wave_controller_x_inst/_0232_,7.28µm
wave_controller_x_inst/_0292_,7.28µm
wave_controller_x_inst/_0296_,7.28µm
wave_controller_x_inst/_0362_,7.28µm
wave_controller_x_inst/_0368_,7.28µm
wave_controller_x_inst/_0420_,7.28µm
wave_controller_x_inst/_0422_,7.28µm
wave_controller_x_inst/_0432_,7.28µm
wave_controller_x_inst/_0443_,7.28µm
wave_controller_x_inst/_0455_,7.28µm
wave_controller_x_inst/_0479_,7.28µm
wave_controller_x_inst/_0610_,7.28µm
wave_controller_x_inst/_0756_,7.28µm
wave_controller_x_inst/_0835_,7.28µm
wave_controller_x_inst/_0942_,7.28µm
wave_controller_x_inst/_0958_,7.28µm
wave_controller_x_inst/_1029_,7.28µm
wave_controller_x_inst/_1049_,7.28µm
wave_controller_x_inst/_1095_,7.28µm
wave_controller_x_inst/_1101_,7.28µm
wave_controller_x_inst/_1135_,7.28µm
wave_controller_x_inst/_1166_,7.28µm
wave_controller_x_inst/_1180_,7.28µm
wave_controller_x_inst/_1520_,7.28µm
wave_controller_x_inst/_1560_,7.28µm
wave_controller_x_inst/_1580_,7.28µm
wave_controller_x_inst/_1631_,7.28µm
wave_controller_x_inst/_1676_,7.28µm
wave_controller_x_inst/_1725_,7.28µm
wave_controller_y_inst/_0048_,7.28µm
wave_controller_y_inst/_0091_,7.28µm
wave_controller_y_inst/_0114_,7.28µm
wave_controller_y_inst/_0214_,7.28µm
wave_controller_y_inst/_0217_,7.28µm
wave_controller_y_inst/_0245_,7.28µm
wave_controller_y_inst/_0266_,7.28µm
wave_controller_y_inst/_0269_,7.28µm
wave_controller_y_inst/_0290_,7.28µm
wave_controller_y_inst/_0301_,7.28µm
wave_controller_y_inst/_0351_,7.28µm
wave_controller_y_inst/_0355_,7.28µm
wave_controller_y_inst/_0368_,7.28µm
wave_controller_y_inst/_0434_,7.28µm
wave_controller_y_inst/_0439_,7.28µm
wave_controller_y_inst/_0471_,7.28µm
wave_controller_y_inst/_0511_,7.28µm
wave_controller_y_inst/_0527_,7.28µm
wave_controller_y_inst/_0582_,7.28µm
wave_controller_y_inst/_0591_,7.28µm
wave_controller_y_inst/_0648_,7.28µm
wave_controller_y_inst/_0698_,7.28µm
wave_controller_y_inst/_0703_,7.28µm
wave_controller_y_inst/_0751_,7.28µm
wave_controller_y_inst/_0759_,7.28µm
wave_controller_y_inst/_0801_,7.28µm
wave_controller_y_inst/_0910_,7.28µm
wave_controller_y_inst/_0974_,7.28µm
wave_controller_y_inst/_0979_,7.28µm
wave_controller_y_inst/_1047_,7.28µm
wave_controller_y_inst/_1133_,7.28µm
wave_controller_y_inst/_1171_,7.28µm
wave_controller_y_inst/_1177_,7.28µm
wave_controller_y_inst/_1179_,7.28µm
wave_controller_y_inst/_1195_,7.28µm
wave_controller_y_inst/_1370_,7.28µm
wave_controller_y_inst/_1392_,7.28µm
wave_controller_y_inst/_1550_,7.28µm
wave_controller_y_inst/_1612_,7.28µm
wave_controller_y_inst/_1664_,7.28µm
wave_controller_y_inst/_1678_,7.28µm
signal_processor_x_inst/_070_,6.82µm
signal_processor_y_inst/_011_,6.82µm
spi_regs_inst/_0001_,6.82µm
wave_controller_x_inst/_0345_,6.82µm
wave_controller_x_inst/_0447_,6.82µm
wave_controller_x_inst/_0568_,6.82µm
wave_controller_x_inst/_0757_,6.82µm
wave_controller_x_inst/_0807_,6.82µm
wave_controller_x_inst/_0933_,6.82µm
wave_controller_x_inst/_1188_,6.82µm
wave_controller_x_inst/_1288_,6.82µm
wave_controller_x_inst/_1574_,6.82µm
wave_controller_x_inst/_1746_,6.82µm
wave_controller_y_inst/_0148_,6.82µm
wave_controller_y_inst/_0179_,6.82µm
wave_controller_y_inst/_0562_,6.82µm
wave_controller_y_inst/_0929_,6.82µm
wave_controller_y_inst/_1162_,6.82µm
wave_controller_y_inst/_1430_,6.82µm
wave_controller_y_inst/_1711_,6.82µm
signal_processor_x_inst/_032_,6.77µm
signal_processor_x_inst/_036_,6.77µm
signal_processor_x_inst/_043_,6.77µm
signal_processor_y_inst/_019_,6.77µm
spi_regs_inst/_0021_,6.77µm
spi_regs_inst/_0026_,6.77µm
spi_regs_inst/_0053_,6.77µm
spi_regs_inst/_0182_,6.77µm
spi_regs_inst/_0199_,6.77µm
spi_regs_inst/_0439_,6.77µm
spi_regs_inst/_0652_,6.77µm
wave_controller_x_inst/_0056_,6.77µm
wave_controller_x_inst/_0099_,6.77µm
wave_controller_x_inst/_0107_,6.77µm
wave_controller_x_inst/_0149_,6.77µm
wave_controller_x_inst/_0255_,6.77µm
wave_controller_x_inst/_0314_,6.77µm
wave_controller_x_inst/_0433_,6.77µm
wave_controller_x_inst/_1024_,6.77µm
wave_controller_x_inst/_1437_,6.77µm
wave_controller_x_inst/_1516_,6.77µm
wave_controller_y_inst/_0002_,6.77µm
wave_controller_y_inst/_0105_,6.77µm
wave_controller_y_inst/_0125_,6.77µm
wave_controller_y_inst/_0495_,6.77µm
wave_controller_y_inst/_0512_,6.77µm
wave_controller_y_inst/_0561_,6.77µm
wave_controller_y_inst/_0677_,6.77µm
wave_controller_y_inst/_0764_,6.77µm
wave_controller_y_inst/_1036_,6.77µm
wave_controller_y_inst/_1128_,6.77µm
wave_controller_y_inst/_1188_,6.77µm
wave_controller_y_inst/_1380_,6.77µm
wave_controller_y_inst/_1425_,6.77µm
wave_controller_y_inst/_1450_,6.77µm
wave_controller_y_inst/_1753_,6.77µm
signal_processor_x_inst/_017_,6.72µm
signal_processor_x_inst/_018_,6.72µm
signal_processor_x_inst/_023_,6.72µm
signal_processor_x_inst/_051_,6.72µm
signal_processor_x_inst/_059_,6.72µm
signal_processor_x_inst/_071_,6.72µm
signal_processor_y_inst/_018_,6.72µm
signal_processor_y_inst/_067_,6.72µm
signal_processor_y_inst/_079_,6.72µm
signal_processor_y_inst/_105_,6.72µm
spi_regs_inst/_0005_,6.72µm
spi_regs_inst/_0034_,6.72µm
spi_regs_inst/_0071_,6.72µm
spi_regs_inst/_0086_,6.72µm
spi_regs_inst/_0153_,6.72µm
spi_regs_inst/_0173_,6.72µm
spi_regs_inst/_0174_,6.72µm
spi_regs_inst/_0181_,6.72µm
spi_regs_inst/_0190_,6.72µm
spi_regs_inst/_0200_,6.72µm
spi_regs_inst/_0281_,6.72µm
spi_regs_inst/_0331_,6.72µm
spi_regs_inst/_0506_,6.72µm
spi_regs_inst/_0537_,6.72µm
spi_regs_inst/_0555_,6.72µm
spi_regs_inst/_0558_,6.72µm
spi_regs_inst/_0658_,6.72µm
wave_controller_x_inst/_0087_,6.72µm
wave_controller_x_inst/_0091_,6.72µm
wave_controller_x_inst/_0108_,6.72µm
wave_controller_x_inst/_0119_,6.72µm
wave_controller_x_inst/_0120_,6.72µm
wave_controller_x_inst/_0124_,6.72µm
wave_controller_x_inst/_0194_,6.72µm
wave_controller_x_inst/_0251_,6.72µm
wave_controller_x_inst/_0311_,6.72µm
wave_controller_x_inst/_0363_,6.72µm
wave_controller_x_inst/_0396_,6.72µm
wave_controller_x_inst/_0473_,6.72µm
wave_controller_x_inst/_0509_,6.72µm
wave_controller_x_inst/_0512_,6.72µm
wave_controller_x_inst/_0515_,6.72µm
wave_controller_x_inst/_0534_,6.72µm
wave_controller_x_inst/_0553_,6.72µm
wave_controller_x_inst/_0640_,6.72µm
wave_controller_x_inst/_0881_,6.72µm
wave_controller_x_inst/_0903_,6.72µm
wave_controller_x_inst/_0910_,6.72µm
wave_controller_x_inst/_0954_,6.72µm
wave_controller_x_inst/_0977_,6.72µm
wave_controller_x_inst/_0983_,6.72µm
wave_controller_x_inst/_1004_,6.72µm
wave_controller_x_inst/_1021_,6.72µm
wave_controller_x_inst/_1052_,6.72µm
wave_controller_x_inst/_1085_,6.72µm
wave_controller_x_inst/_1173_,6.72µm
wave_controller_x_inst/_1202_,6.72µm
wave_controller_x_inst/_1216_,6.72µm
wave_controller_x_inst/_1258_,6.72µm
wave_controller_x_inst/_1537_,6.72µm
wave_controller_x_inst/_1541_,6.72µm
wave_controller_x_inst/_1602_,6.72µm
wave_controller_x_inst/_1618_,6.72µm
wave_controller_x_inst/_1647_,6.72µm
wave_controller_x_inst/_1736_,6.72µm
wave_controller_y_inst/_0119_,6.72µm
wave_controller_y_inst/_0151_,6.72µm
wave_controller_y_inst/_0161_,6.72µm
wave_controller_y_inst/_0168_,6.72µm
wave_controller_y_inst/_0275_,6.72µm
wave_controller_y_inst/_0415_,6.72µm
wave_controller_y_inst/_0543_,6.72µm
wave_controller_y_inst/_0549_,6.72µm
wave_controller_y_inst/_0553_,6.72µm
wave_controller_y_inst/_0587_,6.72µm
wave_controller_y_inst/_0600_,6.72µm
wave_controller_y_inst/_0661_,6.72µm
wave_controller_y_inst/_0710_,6.72µm
wave_controller_y_inst/_0772_,6.72µm
wave_controller_y_inst/_0828_,6.72µm
wave_controller_y_inst/_0881_,6.72µm
wave_controller_y_inst/_0897_,6.72µm
wave_controller_y_inst/_0909_,6.72µm
wave_controller_y_inst/_0935_,6.72µm
wave_controller_y_inst/_0955_,6.72µm
wave_controller_y_inst/_1123_,6.72µm
wave_controller_y_inst/_1134_,6.72µm
wave_controller_y_inst/_1215_,6.72µm
wave_controller_y_inst/_1283_,6.72µm
wave_controller_y_inst/_1286_,6.72µm
wave_controller_y_inst/_1363_,6.72µm
wave_controller_y_inst/_1367_,6.72µm
wave_controller_y_inst/_1477_,6.72µm
wave_controller_y_inst/_1481_,6.72µm
wave_controller_y_inst/_1501_,6.72µm
wave_controller_y_inst/_1535_,6.72µm
wave_controller_y_inst/_1613_,6.72µm
wave_controller_y_inst/_1615_,6.72µm
wave_controller_y_inst/_1618_,6.72µm
wave_controller_y_inst/_1628_,6.72µm
wave_controller_y_inst/_1636_,6.72µm
wave_controller_y_inst/_1640_,6.72µm
wave_controller_y_inst/_1662_,6.72µm
wave_controller_y_inst/_1683_,6.72µm
wave_controller_y_inst/_1705_,6.72µm
wave_controller_y_inst/_1759_,6.72µm
wave_controller_x_inst/_0214_,6.31µm
wave_controller_x_inst/_1304_,6.31µm
spi_regs_inst/_0398_,6.26µm
spi_regs_inst/_0410_,6.26µm
spi_regs_inst/_0640_,6.26µm
wave_controller_x_inst/_0103_,6.26µm
wave_controller_x_inst/_0126_,6.26µm
wave_controller_x_inst/_0578_,6.26µm
wave_controller_x_inst/_0636_,6.26µm
wave_controller_x_inst/_1140_,6.26µm
wave_controller_y_inst/_0020_,6.26µm
wave_controller_y_inst/_0149_,6.26µm
wave_controller_y_inst/_0378_,6.26µm
wave_controller_y_inst/_0380_,6.26µm
wave_controller_y_inst/_0626_,6.26µm
wave_controller_y_inst/_1196_,6.26µm
wave_controller_y_inst/_1563_,6.26µm
_01_,6.21µm
latch_phase270_ack_x,6.21µm
signal_processor_y_inst/_071_,6.21µm
spi_regs_inst/_0055_,6.21µm
spi_regs_inst/_0088_,6.21µm
spi_regs_inst/_0103_,6.21µm
spi_regs_inst/_0112_,6.21µm
spi_regs_inst/_0132_,6.21µm
spi_regs_inst/_0167_,6.21µm
spi_regs_inst/_0170_,6.21µm
spi_regs_inst/_0432_,6.21µm
spi_regs_inst/_0609_,6.21µm
wave_controller_x_inst/_0053_,6.21µm
wave_controller_x_inst/_0081_,6.21µm
wave_controller_x_inst/_0098_,6.21µm
wave_controller_x_inst/_0338_,6.21µm
wave_controller_x_inst/_0387_,6.21µm
wave_controller_x_inst/_0423_,6.21µm
wave_controller_x_inst/_0481_,6.21µm
wave_controller_x_inst/_0811_,6.21µm
wave_controller_x_inst/_1010_,6.21µm
wave_controller_x_inst/_1185_,6.21µm
wave_controller_x_inst/_1193_,6.21µm
wave_controller_x_inst/_1214_,6.21µm
wave_controller_x_inst/_1369_,6.21µm
wave_controller_x_inst/_1382_,6.21µm
wave_controller_x_inst/_1385_,6.21µm
wave_controller_x_inst/_1386_,6.21µm
wave_controller_y_inst/_0047_,6.21µm
wave_controller_y_inst/_0182_,6.21µm
wave_controller_y_inst/_0330_,6.21µm
wave_controller_y_inst/_0508_,6.21µm
wave_controller_y_inst/_0713_,6.21µm
wave_controller_y_inst/_0747_,6.21µm
wave_controller_y_inst/_0754_,6.21µm
wave_controller_y_inst/_0816_,6.21µm
wave_controller_y_inst/_0835_,6.21µm
wave_controller_y_inst/_1144_,6.21µm
wave_controller_y_inst/_1153_,6.21µm
wave_controller_y_inst/_1435_,6.21µm
wave_controller_y_inst/_1451_,6.21µm
wave_controller_y_inst/_1529_,6.21µm
net6,6.16µm
signal_processor_y_inst/_023_,6.16µm
signal_processor_y_inst/_084_,6.16µm
signal_processor_y_inst/_097_,6.16µm
spi_regs_inst/_0015_,6.16µm
spi_regs_inst/_0091_,6.16µm
spi_regs_inst/_0316_,6.16µm
spi_regs_inst/_0529_,6.16µm
spi_regs_inst/_0602_,6.16µm
state_machine_inst/_05_,6.16µm
wave_controller_x_inst/_0009_,6.16µm
wave_controller_x_inst/_0047_,6.16µm
wave_controller_x_inst/_0070_,6.16µm
wave_controller_x_inst/_0116_,6.16µm
wave_controller_x_inst/_0150_,6.16µm
wave_controller_x_inst/_0200_,6.16µm
wave_controller_x_inst/_0249_,6.16µm
wave_controller_x_inst/_0582_,6.16µm
wave_controller_x_inst/_0604_,6.16µm
wave_controller_x_inst/_0733_,6.16µm
wave_controller_x_inst/_0843_,6.16µm
wave_controller_x_inst/_1007_,6.16µm
wave_controller_x_inst/_1031_,6.16µm
wave_controller_x_inst/_1059_,6.16µm
wave_controller_x_inst/_1098_,6.16µm
wave_controller_x_inst/_1113_,6.16µm
wave_controller_x_inst/_1120_,6.16µm
wave_controller_x_inst/_1141_,6.16µm
wave_controller_x_inst/_1251_,6.16µm
wave_controller_x_inst/_1330_,6.16µm
wave_controller_x_inst/_1387_,6.16µm
wave_controller_x_inst/_1454_,6.16µm
wave_controller_x_inst/_1472_,6.16µm
wave_controller_x_inst/_1584_,6.16µm
wave_controller_x_inst/_1769_,6.16µm
wave_controller_y_inst/_0010_,6.16µm
wave_controller_y_inst/_0060_,6.16µm
wave_controller_y_inst/_0107_,6.16µm
wave_controller_y_inst/_0238_,6.16µm
wave_controller_y_inst/_0362_,6.16µm
wave_controller_y_inst/_0438_,6.16µm
wave_controller_y_inst/_0481_,6.16µm
wave_controller_y_inst/_0534_,6.16µm
wave_controller_y_inst/_0574_,6.16µm
wave_controller_y_inst/_0603_,6.16µm
wave_controller_y_inst/_0725_,6.16µm
wave_controller_y_inst/_0782_,6.16µm
wave_controller_y_inst/_0958_,6.16µm
wave_controller_y_inst/_1105_,6.16µm
wave_controller_y_inst/_1154_,6.16µm
wave_controller_y_inst/_1510_,6.16µm
wave_controller_y_inst/_1722_,6.16µm
wave_controller_x_inst/_0181_,5.88µm
wave_controller_y_inst/_1523_,5.88µm
wave_controller_y_inst/_0806_,5.75µm
spi_regs_inst/_0006_,5.7µm
spi_regs_inst/_0130_,5.7µm
wave_controller_x_inst/_0031_,5.7µm
wave_controller_x_inst/_0105_,5.7µm
wave_controller_x_inst/_0377_,5.7µm
wave_controller_x_inst/_0380_,5.7µm
wave_controller_x_inst/_0809_,5.7µm
wave_controller_x_inst/_0937_,5.7µm
wave_controller_x_inst/_1073_,5.7µm
wave_controller_x_inst/_1163_,5.7µm
wave_controller_x_inst/_1471_,5.7µm
wave_controller_x_inst/_1705_,5.7µm
wave_controller_y_inst/_0097_,5.7µm
wave_controller_y_inst/_0447_,5.7µm
wave_controller_y_inst/_1250_,5.7µm
wave_controller_y_inst/_1288_,5.7µm
wave_controller_y_inst/_1449_,5.7µm
wave_controller_y_inst/_1575_,5.7µm
wave_controller_y_inst/_1718_,5.7µm
signal_processor_x_inst/s270_pipe\[2\],5.65µm
spi_regs_inst/_0014_,5.65µm
spi_regs_inst/_0084_,5.65µm
spi_regs_inst/_0136_,5.65µm
spi_regs_inst/_0156_,5.65µm
spi_regs_inst/_0163_,5.65µm
spi_regs_inst/_0169_,5.65µm
spi_regs_inst/_0195_,5.65µm
spi_regs_inst/_0204_,5.65µm
spi_regs_inst/_0249_,5.65µm
spi_regs_inst/_0338_,5.65µm
spi_regs_inst/_0500_,5.65µm
wave_controller_x_inst/_0015_,5.65µm
wave_controller_x_inst/_0085_,5.65µm
wave_controller_x_inst/_0104_,5.65µm
wave_controller_x_inst/_0161_,5.65µm
wave_controller_x_inst/_0399_,5.65µm
wave_controller_x_inst/_0520_,5.65µm
wave_controller_x_inst/_0751_,5.65µm
wave_controller_x_inst/_0873_,5.65µm
wave_controller_x_inst/_0916_,5.65µm
wave_controller_x_inst/_1079_,5.65µm
wave_controller_x_inst/_1525_,5.65µm
wave_controller_y_inst/_0017_,5.65µm
wave_controller_y_inst/_0029_,5.65µm
wave_controller_y_inst/_0073_,5.65µm
wave_controller_y_inst/_0509_,5.65µm
wave_controller_y_inst/_0533_,5.65µm
wave_controller_y_inst/_0758_,5.65µm
wave_controller_y_inst/_0919_,5.65µm
wave_controller_y_inst/_0922_,5.65µm
wave_controller_y_inst/_1365_,5.65µm
wave_controller_y_inst/_1486_,5.65µm
wave_controller_y_inst/_1504_,5.65µm
wave_controller_y_inst/_1595_,5.65µm
_00_,5.6µm
cfg_f_MEMS_fcw_y\[15\],5.6µm
signal_processor_x_inst/_025_,5.6µm
signal_processor_y_inst/_008_,5.6µm
spi_regs_inst/_0010_,5.6µm
spi_regs_inst/_0012_,5.6µm
spi_regs_inst/_0061_,5.6µm
spi_regs_inst/_0063_,5.6µm
spi_regs_inst/_0064_,5.6µm
spi_regs_inst/_0094_,5.6µm
spi_regs_inst/_0131_,5.6µm
spi_regs_inst/_0450_,5.6µm
spi_regs_inst/_0462_,5.6µm
spi_regs_inst/_0467_,5.6µm
spi_regs_inst/_0516_,5.6µm
spi_regs_inst/_0550_,5.6µm
spi_regs_inst/_0650_,5.6µm
wave_controller_x_inst/_0032_,5.6µm
wave_controller_x_inst/_0036_,5.6µm
wave_controller_x_inst/_0038_,5.6µm
wave_controller_x_inst/_0043_,5.6µm
wave_controller_x_inst/_0069_,5.6µm
wave_controller_x_inst/_0076_,5.6µm
wave_controller_x_inst/_0077_,5.6µm
wave_controller_x_inst/_0088_,5.6µm
wave_controller_x_inst/_0102_,5.6µm
wave_controller_x_inst/_0357_,5.6µm
wave_controller_x_inst/_0459_,5.6µm
wave_controller_x_inst/_0514_,5.6µm
wave_controller_x_inst/_0662_,5.6µm
wave_controller_x_inst/_0708_,5.6µm
wave_controller_x_inst/_0785_,5.6µm
wave_controller_x_inst/_0789_,5.6µm
wave_controller_x_inst/_0856_,5.6µm
wave_controller_x_inst/_0874_,5.6µm
wave_controller_x_inst/_0964_,5.6µm
wave_controller_x_inst/_0999_,5.6µm
wave_controller_x_inst/_1376_,5.6µm
wave_controller_x_inst/_1495_,5.6µm
wave_controller_x_inst/_1605_,5.6µm
wave_controller_x_inst/_1609_,5.6µm
wave_controller_x_inst/_1743_,5.6µm
wave_controller_x_inst/comp_sync4,5.6µm
wave_controller_y_inst/_0042_,5.6µm
wave_controller_y_inst/_0074_,5.6µm
wave_controller_y_inst/_0116_,5.6µm
wave_controller_y_inst/_0159_,5.6µm
wave_controller_y_inst/_0363_,5.6µm
wave_controller_y_inst/_0422_,5.6µm
wave_controller_y_inst/_0515_,5.6µm
wave_controller_y_inst/_0523_,5.6µm
wave_controller_y_inst/_0911_,5.6µm
wave_controller_y_inst/_0932_,5.6µm
wave_controller_y_inst/_0977_,5.6µm
wave_controller_y_inst/_0999_,5.6µm
wave_controller_y_inst/_1041_,5.6µm
wave_controller_y_inst/_1072_,5.6µm
wave_controller_y_inst/_1148_,5.6µm
wave_controller_y_inst/_1198_,5.6µm
wave_controller_y_inst/_1401_,5.6µm
wave_controller_y_inst/_1448_,5.6µm
wave_controller_y_inst/_1472_,5.6µm
wave_controller_y_inst/_1474_,5.6µm
wave_controller_y_inst/_1582_,5.6µm
wave_controller_y_inst/_1584_,5.6µm
wave_controller_y_inst/_1602_,5.6µm
spi_regs_inst/_0502_,5.19µm
signal_processor_x_inst/_034_,5.14µm
spi_regs_inst/_0302_,5.14µm
spi_regs_inst/_0328_,5.14µm
wave_controller_x_inst/_0007_,5.14µm
wave_controller_x_inst/_0075_,5.14µm
wave_controller_x_inst/_0078_,5.14µm
wave_controller_x_inst/_0267_,5.14µm
wave_controller_x_inst/_0460_,5.14µm
wave_controller_x_inst/_0828_,5.14µm
wave_controller_x_inst/_1055_,5.14µm
wave_controller_x_inst/_1164_,5.14µm
wave_controller_x_inst/_1172_,5.14µm
wave_controller_x_inst/_1355_,5.14µm
wave_controller_x_inst/_1551_,5.14µm
wave_controller_x_inst/_1563_,5.14µm
wave_controller_y_inst/_0037_,5.14µm
wave_controller_y_inst/_0041_,5.14µm
wave_controller_y_inst/_0092_,5.14µm
wave_controller_y_inst/_0195_,5.14µm
wave_controller_y_inst/_0240_,5.14µm
wave_controller_y_inst/_0773_,5.14µm
wave_controller_y_inst/_1442_,5.14µm
wave_controller_y_inst/comp_sync4,5.14µm
cal_phase0_offset_x\[4\],5.09µm
signal_processor_x_inst/_062_,5.09µm
signal_processor_x_inst/_086_,5.09µm
spi_regs_inst/_0009_,5.09µm
spi_regs_inst/_0056_,5.09µm
spi_regs_inst/_0114_,5.09µm
spi_regs_inst/_0168_,5.09µm
spi_regs_inst/_0289_,5.09µm
spi_regs_inst/_0538_,5.09µm
state_machine_inst/_02_,5.09µm
state_machine_inst/_10_,5.09µm
wave_controller_x_inst/_0042_,5.09µm
wave_controller_x_inst/_0230_,5.09µm
wave_controller_x_inst/_0271_,5.09µm
wave_controller_x_inst/_0911_,5.09µm
wave_controller_x_inst/_0924_,5.09µm
wave_controller_x_inst/_1149_,5.09µm
wave_controller_x_inst/_1189_,5.09µm
wave_controller_x_inst/_1201_,5.09µm
wave_controller_x_inst/_1340_,5.09µm
wave_controller_x_inst/_1486_,5.09µm
wave_controller_x_inst/_1582_,5.09µm
wave_controller_x_inst/_1600_,5.09µm
wave_controller_x_inst/_1611_,5.09µm
wave_controller_x_inst/_1669_,5.09µm
wave_controller_x_inst/_1753_,5.09µm
wave_controller_x_inst/_1756_,5.09µm
wave_controller_x_inst/_1766_,5.09µm
wave_controller_y_inst/_0001_,5.09µm
wave_controller_y_inst/_0234_,5.09µm
wave_controller_y_inst/_0320_,5.09µm
wave_controller_y_inst/_0426_,5.09µm
wave_controller_y_inst/_0800_,5.09µm
wave_controller_y_inst/_0872_,5.09µm
wave_controller_y_inst/_0933_,5.09µm
wave_controller_y_inst/_0951_,5.09µm
wave_controller_y_inst/_1054_,5.09µm
wave_controller_y_inst/_1141_,5.09µm
wave_controller_y_inst/_1178_,5.09µm
wave_controller_y_inst/_1185_,5.09µm
wave_controller_y_inst/_1657_,5.09µm
wave_controller_y_inst/_1728_,5.09µm
wave_controller_y_inst/ds_acc\[8\],5.09µm
net1,5.04µm
cal_phase0_offset_y\[11\],5.04µm
signal_processor_x_inst/_012_,5.04µm
signal_processor_x_inst/_039_,5.04µm
signal_processor_x_inst/_087_,5.04µm
signal_processor_y_inst/_024_,5.04µm
signal_processor_y_inst/_033_,5.04µm
signal_processor_y_inst/_039_,5.04µm
spi_regs_inst/_0017_,5.04µm
spi_regs_inst/_0029_,5.04µm
spi_regs_inst/_0035_,5.04µm
spi_regs_inst/_0078_,5.04µm
spi_regs_inst/_0108_,5.04µm
spi_regs_inst/_0127_,5.04µm
spi_regs_inst/_0138_,5.04µm
spi_regs_inst/_0143_,5.04µm
spi_regs_inst/_0155_,5.04µm
spi_regs_inst/_0191_,5.04µm
spi_regs_inst/_0201_,5.04µm
wave_controller_x_inst/_0000_,5.04µm
wave_controller_x_inst/_0041_,5.04µm
wave_controller_x_inst/_0050_,5.04µm
wave_controller_x_inst/_0093_,5.04µm
wave_controller_x_inst/_0335_,5.04µm
wave_controller_x_inst/_0389_,5.04µm
wave_controller_x_inst/_0407_,5.04µm
wave_controller_x_inst/_0525_,5.04µm
wave_controller_x_inst/_0606_,5.04µm
wave_controller_x_inst/_0668_,5.04µm
wave_controller_x_inst/_0682_,5.04µm
wave_controller_x_inst/_0746_,5.04µm
wave_controller_x_inst/_0749_,5.04µm
wave_controller_x_inst/_0759_,5.04µm
wave_controller_x_inst/_0774_,5.04µm
wave_controller_x_inst/_0863_,5.04µm
wave_controller_x_inst/_1025_,5.04µm
wave_controller_x_inst/_1076_,5.04µm
wave_controller_x_inst/_1088_,5.04µm
wave_controller_x_inst/_1115_,5.04µm
wave_controller_x_inst/_1122_,5.04µm
wave_controller_x_inst/_1129_,5.04µm
wave_controller_x_inst/_1154_,5.04µm
wave_controller_x_inst/_1391_,5.04µm
wave_controller_x_inst/_1408_,5.04µm
wave_controller_x_inst/_1515_,5.04µm
wave_controller_x_inst/_1575_,5.04µm
wave_controller_x_inst/_1663_,5.04µm
wave_controller_y_inst/_0023_,5.04µm
wave_controller_y_inst/_0028_,5.04µm
wave_controller_y_inst/_0071_,5.04µm
wave_controller_y_inst/_0235_,5.04µm
wave_controller_y_inst/_0326_,5.04µm
wave_controller_y_inst/_0473_,5.04µm
wave_controller_y_inst/_0482_,5.04µm
wave_controller_y_inst/_0545_,5.04µm
wave_controller_y_inst/_0641_,5.04µm
wave_controller_y_inst/_0670_,5.04µm
wave_controller_y_inst/_0697_,5.04µm
wave_controller_y_inst/_0741_,5.04µm
wave_controller_y_inst/_0916_,5.04µm
wave_controller_y_inst/_0939_,5.04µm
wave_controller_y_inst/_1031_,5.04µm
wave_controller_y_inst/_1147_,5.04µm
wave_controller_y_inst/_1190_,5.04µm
wave_controller_y_inst/_1257_,5.04µm
wave_controller_y_inst/_1362_,5.04µm
wave_controller_y_inst/_1471_,5.04µm
wave_controller_y_inst/_1557_,5.04µm
wave_controller_y_inst/_1578_,5.04µm
wave_controller_y_inst/_1672_,5.04µm
wave_controller_y_inst/_1674_,5.04µm
wave_controller_x_inst/_1573_,4.68µm
wave_controller_y_inst/_1139_,4.63µm
signal_processor_x_inst/_098_,4.58µm
signal_processor_x_inst/_105_,4.58µm
spi_regs_inst/_0082_,4.58µm
spi_regs_inst/_0404_,4.58µm
spi_regs_inst/_0405_,4.58µm
spi_regs_inst/_0472_,4.58µm
wave_controller_x_inst/_0021_,4.58µm
wave_controller_x_inst/_0101_,4.58µm
wave_controller_x_inst/_0151_,4.58µm
wave_controller_x_inst/_0329_,4.58µm
wave_controller_x_inst/_0478_,4.58µm
wave_controller_x_inst/_1053_,4.58µm
wave_controller_x_inst/_1352_,4.58µm
wave_controller_x_inst/_1513_,4.58µm
wave_controller_x_inst/_1595_,4.58µm
wave_controller_y_inst/_0052_,4.58µm
wave_controller_y_inst/_0443_,4.58µm
wave_controller_y_inst/_0607_,4.58µm
wave_controller_y_inst/_1121_,4.58µm
wave_controller_y_inst/_1377_,4.58µm
wave_controller_y_inst/_1410_,4.58µm
raw_edge3_y\[0\],4.53µm
signal_processor_x_inst/s90_pipe\[0\],4.53µm
signal_processor_y_inst/_004_,4.53µm
spi_regs_inst/_0543_,4.53µm
wave_controller_x_inst/_0003_,4.53µm
wave_controller_x_inst/_0299_,4.53µm
wave_controller_x_inst/_0391_,4.53µm
wave_controller_x_inst/_0535_,4.53µm
wave_controller_x_inst/_0703_,4.53µm
wave_controller_x_inst/_0801_,4.53µm
wave_controller_x_inst/_0951_,4.53µm
wave_controller_x_inst/_0990_,4.53µm
wave_controller_x_inst/_1070_,4.53µm
wave_controller_x_inst/_1131_,4.53µm
wave_controller_x_inst/_1132_,4.53µm
wave_controller_x_inst/_1134_,4.53µm
wave_controller_x_inst/_1217_,4.53µm
wave_controller_y_inst/_0298_,4.53µm
wave_controller_y_inst/_0820_,4.53µm
wave_controller_y_inst/_1748_,4.53µm
signal_processor_x_inst/_049_,4.48µm
signal_processor_x_inst/_081_,4.48µm
signal_processor_x_inst/_090_,4.48µm
spi_regs_inst/_0019_,4.48µm
spi_regs_inst/_0047_,4.48µm
spi_regs_inst/_0048_,4.48µm
spi_regs_inst/_0070_,4.48µm
spi_regs_inst/_0076_,4.48µm
spi_regs_inst/_0097_,4.48µm
spi_regs_inst/_0104_,4.48µm
spi_regs_inst/_0113_,4.48µm
spi_regs_inst/_0121_,4.48µm
spi_regs_inst/_0134_,4.48µm
spi_regs_inst/_0152_,4.48µm
spi_regs_inst/_0179_,4.48µm
spi_regs_inst/_0268_,4.48µm
spi_regs_inst/_0349_,4.48µm
spi_regs_inst/_0386_,4.48µm
spi_regs_inst/_0428_,4.48µm
spi_regs_inst/_0456_,4.48µm
wave_controller_x_inst/_0092_,4.48µm
wave_controller_x_inst/_0100_,4.48µm
wave_controller_x_inst/_0111_,4.48µm
wave_controller_x_inst/_0177_,4.48µm
wave_controller_x_inst/_0202_,4.48µm
wave_controller_x_inst/_0207_,4.48µm
wave_controller_x_inst/_0228_,4.48µm
wave_controller_x_inst/_0330_,4.48µm
wave_controller_x_inst/_0397_,4.48µm
wave_controller_x_inst/_0404_,4.48µm
wave_controller_x_inst/_0519_,4.48µm
wave_controller_x_inst/_0545_,4.48µm
wave_controller_x_inst/_0661_,4.48µm
wave_controller_x_inst/_0754_,4.48µm
wave_controller_x_inst/_0885_,4.48µm
wave_controller_x_inst/_0946_,4.48µm
wave_controller_x_inst/_0987_,4.48µm
wave_controller_x_inst/_0991_,4.48µm
wave_controller_x_inst/_1051_,4.48µm
wave_controller_x_inst/_1054_,4.48µm
wave_controller_x_inst/_1123_,4.48µm
wave_controller_x_inst/_1145_,4.48µm
wave_controller_x_inst/_1151_,4.48µm
wave_controller_x_inst/_1162_,4.48µm
wave_controller_x_inst/_1165_,4.48µm
wave_controller_x_inst/_1171_,4.48µm
wave_controller_x_inst/_1177_,4.48µm
wave_controller_x_inst/_1179_,4.48µm
wave_controller_x_inst/_1208_,4.48µm
wave_controller_x_inst/_1219_,4.48µm
wave_controller_x_inst/_1394_,4.48µm
wave_controller_x_inst/_1457_,4.48µm
wave_controller_x_inst/_1523_,4.48µm
wave_controller_x_inst/_1536_,4.48µm
wave_controller_x_inst/_1588_,4.48µm
wave_controller_x_inst/_1604_,4.48µm
wave_controller_x_inst/_1644_,4.48µm
wave_controller_x_inst/_1668_,4.48µm
wave_controller_x_inst/_1700_,4.48µm
wave_controller_y_inst/_0003_,4.48µm
wave_controller_y_inst/_0019_,4.48µm
wave_controller_y_inst/_0021_,4.48µm
wave_controller_y_inst/_0034_,4.48µm
wave_controller_y_inst/_0077_,4.48µm
wave_controller_y_inst/_0089_,4.48µm
wave_controller_y_inst/_0113_,4.48µm
wave_controller_y_inst/_0124_,4.48µm
wave_controller_y_inst/_0127_,4.48µm
wave_controller_y_inst/_0171_,4.48µm
wave_controller_y_inst/_0202_,4.48µm
wave_controller_y_inst/_0207_,4.48µm
wave_controller_y_inst/_0249_,4.48µm
wave_controller_y_inst/_0338_,4.48µm
wave_controller_y_inst/_0446_,4.48µm
wave_controller_y_inst/_0506_,4.48µm
wave_controller_y_inst/_0535_,4.48µm
wave_controller_y_inst/_0539_,4.48µm
wave_controller_y_inst/_0622_,4.48µm
wave_controller_y_inst/_0732_,4.48µm
wave_controller_y_inst/_0749_,4.48µm
wave_controller_y_inst/_0761_,4.48µm
wave_controller_y_inst/_0869_,4.48µm
wave_controller_y_inst/_0890_,4.48µm
wave_controller_y_inst/_0944_,4.48µm
wave_controller_y_inst/_0952_,4.48µm
wave_controller_y_inst/_0980_,4.48µm
wave_controller_y_inst/_1007_,4.48µm
wave_controller_y_inst/_1049_,4.48µm
wave_controller_y_inst/_1076_,4.48µm
wave_controller_y_inst/_1126_,4.48µm
wave_controller_y_inst/_1149_,4.48µm
wave_controller_y_inst/_1157_,4.48µm
wave_controller_y_inst/_1169_,4.48µm
wave_controller_y_inst/_1176_,4.48µm
wave_controller_y_inst/_1217_,4.48µm
wave_controller_y_inst/_1514_,4.48µm
wave_controller_y_inst/_1532_,4.48µm
wave_controller_y_inst/_1577_,4.48µm
wave_controller_y_inst/_1619_,4.48µm
wave_controller_y_inst/_1620_,4.48µm
wave_controller_y_inst/_1663_,4.48µm
wave_controller_y_inst/_1736_,4.48µm
wave_controller_y_inst/comp_sync2,4.48µm
wave_controller_y_inst/net690,4.48µm
wave_controller_y_inst/_1070_,4.07µm
wave_controller_y_inst/_1095_,4.07µm
signal_processor_y_inst/_002_,4.02µm
signal_processor_y_inst/_032_,4.02µm
signal_processor_y_inst/_052_,4.02µm
signal_processor_y_inst/_098_,4.02µm
wave_controller_x_inst/_0647_,4.02µm
wave_controller_x_inst/_0717_,4.02µm
wave_controller_x_inst/_0771_,4.02µm
wave_controller_x_inst/_1186_,4.02µm
wave_controller_y_inst/_0631_,4.02µm
wave_controller_y_inst/_1003_,4.02µm
wave_controller_y_inst/_1010_,4.02µm
wave_controller_y_inst/_1225_,4.02µm
wave_controller_y_inst/_1498_,4.02µm
wave_controller_y_inst/_1547_,4.02µm
spi_regs_inst/_0259_,3.97µm
spi_regs_inst/_0496_,3.97µm
spi_regs_inst/_0515_,3.97µm
wave_controller_x_inst/_1448_,3.97µm
wave_controller_x_inst/_1550_,3.97µm
wave_controller_x_inst/_1557_,3.97µm
wave_controller_x_inst/_1732_,3.97µm
wave_controller_y_inst/_0532_,3.97µm
wave_controller_y_inst/_0755_,3.97µm
wave_controller_y_inst/_0901_,3.97µm
wave_controller_y_inst/_0969_,3.97µm
wave_controller_y_inst/_1099_,3.97µm
wave_controller_y_inst/_1100_,3.97µm
wave_controller_y_inst/_1143_,3.97µm
wave_controller_y_inst/_1222_,3.97µm
wave_controller_x_inst/net691,3.97µm
signal_processor_x_inst/_004_,3.92µm
signal_processor_x_inst/_009_,3.92µm
signal_processor_x_inst/_010_,3.92µm
signal_processor_x_inst/_013_,3.92µm
signal_processor_y_inst/_038_,3.92µm
signal_processor_y_inst/_081_,3.92µm
signal_processor_y_inst/_087_,3.92µm
signal_processor_y_inst/comp_pipe\[2\],3.92µm
spi_regs_inst/_0004_,3.92µm
spi_regs_inst/_0032_,3.92µm
spi_regs_inst/_0033_,3.92µm
spi_regs_inst/_0049_,3.92µm
spi_regs_inst/_0068_,3.92µm
spi_regs_inst/_0074_,3.92µm
spi_regs_inst/_0100_,3.92µm
spi_regs_inst/_0106_,3.92µm
spi_regs_inst/_0154_,3.92µm
spi_regs_inst/_0189_,3.92µm
spi_regs_inst/_0273_,3.92µm
spi_regs_inst/_0339_,3.92µm
spi_regs_inst/_0346_,3.92µm
spi_regs_inst/_0362_,3.92µm
spi_regs_inst/_0392_,3.92µm
spi_regs_inst/_0442_,3.92µm
spi_regs_inst/_0518_,3.92µm
spi_regs_inst/_0526_,3.92µm
spi_regs_inst/_0698_,3.92µm
spi_regs_inst/sclk_sync\[0\],3.92µm
state_machine_inst/_17_,3.92µm
wave_controller_x_inst/_0025_,3.92µm
wave_controller_x_inst/_0030_,3.92µm
wave_controller_x_inst/_0033_,3.92µm
wave_controller_x_inst/_0082_,3.92µm
wave_controller_x_inst/_0096_,3.92µm
wave_controller_x_inst/_0118_,3.92µm
wave_controller_x_inst/_0401_,3.92µm
wave_controller_x_inst/_0438_,3.92µm
wave_controller_x_inst/_0503_,3.92µm
wave_controller_x_inst/_0527_,3.92µm
wave_controller_x_inst/_0547_,3.92µm
wave_controller_x_inst/_0672_,3.92µm
wave_controller_x_inst/_0742_,3.92µm
wave_controller_x_inst/_0781_,3.92µm
wave_controller_x_inst/_0900_,3.92µm
wave_controller_x_inst/_0909_,3.92µm
wave_controller_x_inst/_1119_,3.92µm
wave_controller_x_inst/_1170_,3.92µm
wave_controller_x_inst/_1279_,3.92µm
wave_controller_x_inst/_1366_,3.92µm
wave_controller_x_inst/_1424_,3.92µm
wave_controller_x_inst/_1449_,3.92µm
wave_controller_x_inst/_1450_,3.92µm
wave_controller_x_inst/_1487_,3.92µm
wave_controller_x_inst/_1494_,3.92µm
wave_controller_x_inst/_1517_,3.92µm
wave_controller_x_inst/_1577_,3.92µm
wave_controller_x_inst/comp_sync2,3.92µm
wave_controller_y_inst/_0022_,3.92µm
wave_controller_y_inst/_0025_,3.92µm
wave_controller_y_inst/_0065_,3.92µm
wave_controller_y_inst/_0068_,3.92µm
wave_controller_y_inst/_0069_,3.92µm
wave_controller_y_inst/_0081_,3.92µm
wave_controller_y_inst/_0095_,3.92µm
wave_controller_y_inst/_0104_,3.92µm
wave_controller_y_inst/_0111_,3.92µm
wave_controller_y_inst/_0137_,3.92µm
wave_controller_y_inst/_0177_,3.92µm
wave_controller_y_inst/_0223_,3.92µm
wave_controller_y_inst/_0244_,3.92µm
wave_controller_y_inst/_0246_,3.92µm
wave_controller_y_inst/_0272_,3.92µm
wave_controller_y_inst/_0280_,3.92µm
wave_controller_y_inst/_0454_,3.92µm
wave_controller_y_inst/_0484_,3.92µm
wave_controller_y_inst/_0498_,3.92µm
wave_controller_y_inst/_0514_,3.92µm
wave_controller_y_inst/_0540_,3.92µm
wave_controller_y_inst/_0611_,3.92µm
wave_controller_y_inst/_0634_,3.92µm
wave_controller_y_inst/_0668_,3.92µm
wave_controller_y_inst/_0680_,3.92µm
wave_controller_y_inst/_0684_,3.92µm
wave_controller_y_inst/_0742_,3.92µm
wave_controller_y_inst/_0748_,3.92µm
wave_controller_y_inst/_0756_,3.92µm
wave_controller_y_inst/_0779_,3.92µm
wave_controller_y_inst/_1024_,3.92µm
wave_controller_y_inst/_1037_,3.92µm
wave_controller_y_inst/_1079_,3.92µm
wave_controller_y_inst/_1122_,3.92µm
wave_controller_y_inst/_1136_,3.92µm
wave_controller_y_inst/_1408_,3.92µm
wave_controller_y_inst/_1461_,3.92µm
wave_controller_y_inst/_1495_,3.92µm
wave_controller_y_inst/_1503_,3.92µm
wave_controller_y_inst/_1600_,3.92µm
wave_controller_y_inst/_1616_,3.92µm
wave_controller_y_inst/_1740_,3.92µm
wave_controller_y_inst/_1769_,3.92µm
spi_regs_inst/_0409_,3.46µm
spi_regs_inst/_0447_,3.46µm
spi_regs_inst/_0637_,3.46µm
wave_controller_x_inst/_0291_,3.46µm
wave_controller_x_inst/_0697_,3.46µm
wave_controller_x_inst/_0962_,3.46µm
wave_controller_x_inst/_1026_,3.46µm
wave_controller_x_inst/_1533_,3.46µm
wave_controller_x_inst/_1679_,3.46µm
wave_controller_y_inst/_0606_,3.46µm
wave_controller_y_inst/_0843_,3.46µm
wave_controller_y_inst/_0845_,3.46µm
wave_controller_y_inst/_0972_,3.46µm
wave_controller_y_inst/_1028_,3.46µm
wave_controller_y_inst/_1078_,3.46µm
wave_controller_y_inst/_1135_,3.46µm
wave_controller_y_inst/_1385_,3.46µm
wave_controller_y_inst/_1391_,3.46µm
wave_controller_y_inst/_1464_,3.46µm
wave_controller_y_inst/comp_sync1,3.46µm
spi_regs_inst/_0202_,3.41µm
wave_controller_x_inst/_0591_,3.41µm
wave_controller_x_inst/_0745_,3.41µm
wave_controller_x_inst/_1664_,3.41µm
wave_controller_x_inst/_1760_,3.41µm
wave_controller_y_inst/_0369_,3.41µm
wave_controller_y_inst/_0715_,3.41µm
net3,3.36µm
signal_processor_x_inst/_001_,3.36µm
signal_processor_x_inst/_002_,3.36µm
signal_processor_x_inst/_003_,3.36µm
signal_processor_x_inst/_005_,3.36µm
signal_processor_x_inst/_008_,3.36µm
signal_processor_x_inst/_033_,3.36µm
signal_processor_x_inst/_037_,3.36µm
signal_processor_x_inst/_040_,3.36µm
signal_processor_x_inst/_106_,3.36µm
signal_processor_y_inst/_003_,3.36µm
signal_processor_y_inst/_005_,3.36µm
signal_processor_y_inst/_012_,3.36µm
signal_processor_y_inst/_013_,3.36µm
signal_processor_y_inst/_072_,3.36µm
signal_processor_y_inst/_086_,3.36µm
spi_regs_inst/_0003_,3.36µm
spi_regs_inst/_0031_,3.36µm
spi_regs_inst/_0037_,3.36µm
spi_regs_inst/_0052_,3.36µm
spi_regs_inst/_0065_,3.36µm
spi_regs_inst/_0066_,3.36µm
spi_regs_inst/_0067_,3.36µm
spi_regs_inst/_0069_,3.36µm
spi_regs_inst/_0077_,3.36µm
spi_regs_inst/_0083_,3.36µm
spi_regs_inst/_0087_,3.36µm
spi_regs_inst/_0089_,3.36µm
spi_regs_inst/_0095_,3.36µm
spi_regs_inst/_0098_,3.36µm
spi_regs_inst/_0124_,3.36µm
spi_regs_inst/_0125_,3.36µm
spi_regs_inst/_0135_,3.36µm
spi_regs_inst/_0149_,3.36µm
spi_regs_inst/_0159_,3.36µm
spi_regs_inst/_0172_,3.36µm
spi_regs_inst/_0185_,3.36µm
spi_regs_inst/_0192_,3.36µm
spi_regs_inst/_0194_,3.36µm
spi_regs_inst/_0196_,3.36µm
spi_regs_inst/_0321_,3.36µm
spi_regs_inst/_0370_,3.36µm
spi_regs_inst/_0407_,3.36µm
spi_regs_inst/_0461_,3.36µm
spi_regs_inst/_0487_,3.36µm
spi_regs_inst/_0504_,3.36µm
spi_regs_inst/_0557_,3.36µm
spi_regs_inst/_0635_,3.36µm
spi_regs_inst/_0691_,3.36µm
spi_regs_inst/reg_wr_data\[2\],3.36µm
wave_controller_x_inst/_0013_,3.36µm
wave_controller_x_inst/_0016_,3.36µm
wave_controller_x_inst/_0019_,3.36µm
wave_controller_x_inst/_0026_,3.36µm
wave_controller_x_inst/_0046_,3.36µm
wave_controller_x_inst/_0052_,3.36µm
wave_controller_x_inst/_0062_,3.36µm
wave_controller_x_inst/_0065_,3.36µm
wave_controller_x_inst/_0083_,3.36µm
wave_controller_x_inst/_0089_,3.36µm
wave_controller_x_inst/_0106_,3.36µm
wave_controller_x_inst/_0114_,3.36µm
wave_controller_x_inst/_0117_,3.36µm
wave_controller_x_inst/_0122_,3.36µm
wave_controller_x_inst/_0199_,3.36µm
wave_controller_x_inst/_0275_,3.36µm
wave_controller_x_inst/_0303_,3.36µm
wave_controller_x_inst/_0358_,3.36µm
wave_controller_x_inst/_0426_,3.36µm
wave_controller_x_inst/_0452_,3.36µm
wave_controller_x_inst/_0474_,3.36µm
wave_controller_x_inst/_0482_,3.36µm
wave_controller_x_inst/_0522_,3.36µm
wave_controller_x_inst/_0539_,3.36µm
wave_controller_x_inst/_0560_,3.36µm
wave_controller_x_inst/_0561_,3.36µm
wave_controller_x_inst/_0562_,3.36µm
wave_controller_x_inst/_0627_,3.36µm
wave_controller_x_inst/_0648_,3.36µm
wave_controller_x_inst/_0684_,3.36µm
wave_controller_x_inst/_0706_,3.36µm
wave_controller_x_inst/_0766_,3.36µm
wave_controller_x_inst/_0792_,3.36µm
wave_controller_x_inst/_0860_,3.36µm
wave_controller_x_inst/_0932_,3.36µm
wave_controller_x_inst/_0939_,3.36µm
wave_controller_x_inst/_0955_,3.36µm
wave_controller_x_inst/_0966_,3.36µm
wave_controller_x_inst/_0972_,3.36µm
wave_controller_x_inst/_1063_,3.36µm
wave_controller_x_inst/_1092_,3.36µm
wave_controller_x_inst/_1109_,3.36µm
wave_controller_x_inst/_1124_,3.36µm
wave_controller_x_inst/_1125_,3.36µm
wave_controller_x_inst/_1148_,3.36µm
wave_controller_x_inst/_1167_,3.36µm
wave_controller_x_inst/_1169_,3.36µm
wave_controller_x_inst/_1194_,3.36µm
wave_controller_x_inst/_1302_,3.36µm
wave_controller_x_inst/_1364_,3.36µm
wave_controller_x_inst/_1374_,3.36µm
wave_controller_x_inst/_1398_,3.36µm
wave_controller_x_inst/_1420_,3.36µm
wave_controller_x_inst/_1476_,3.36µm
wave_controller_x_inst/_1498_,3.36µm
wave_controller_x_inst/_1506_,3.36µm
wave_controller_x_inst/_1519_,3.36µm
wave_controller_x_inst/_1554_,3.36µm
wave_controller_x_inst/_1562_,3.36µm
wave_controller_x_inst/_1587_,3.36µm
wave_controller_x_inst/_1606_,3.36µm
wave_controller_x_inst/_1674_,3.36µm
wave_controller_x_inst/_1715_,3.36µm
wave_controller_x_inst/_1718_,3.36µm
wave_controller_x_inst/_1737_,3.36µm
wave_controller_x_inst/_1750_,3.36µm
wave_controller_x_inst/_1751_,3.36µm
wave_controller_y_inst/_0009_,3.36µm
wave_controller_y_inst/_0027_,3.36µm
wave_controller_y_inst/_0030_,3.36µm
wave_controller_y_inst/_0054_,3.36µm
wave_controller_y_inst/_0075_,3.36µm
wave_controller_y_inst/_0076_,3.36µm
wave_controller_y_inst/_0078_,3.36µm
wave_controller_y_inst/_0079_,3.36µm
wave_controller_y_inst/_0123_,3.36µm
wave_controller_y_inst/_0181_,3.36µm
wave_controller_y_inst/_0198_,3.36µm
wave_controller_y_inst/_0230_,3.36µm
wave_controller_y_inst/_0237_,3.36µm
wave_controller_y_inst/_0260_,3.36µm
wave_controller_y_inst/_0261_,3.36µm
wave_controller_y_inst/_0292_,3.36µm
wave_controller_y_inst/_0321_,3.36µm
wave_controller_y_inst/_0329_,3.36µm
wave_controller_y_inst/_0335_,3.36µm
wave_controller_y_inst/_0360_,3.36µm
wave_controller_y_inst/_0401_,3.36µm
wave_controller_y_inst/_0404_,3.36µm
wave_controller_y_inst/_0423_,3.36µm
wave_controller_y_inst/_0432_,3.36µm
wave_controller_y_inst/_0452_,3.36µm
wave_controller_y_inst/_0501_,3.36µm
wave_controller_y_inst/_0525_,3.36µm
wave_controller_y_inst/_0537_,3.36µm
wave_controller_y_inst/_0597_,3.36µm
wave_controller_y_inst/_0667_,3.36µm
wave_controller_y_inst/_0728_,3.36µm
wave_controller_y_inst/_0743_,3.36µm
wave_controller_y_inst/_0752_,3.36µm
wave_controller_y_inst/_0792_,3.36µm
wave_controller_y_inst/_0811_,3.36µm
wave_controller_y_inst/_0832_,3.36µm
wave_controller_y_inst/_0847_,3.36µm
wave_controller_y_inst/_0885_,3.36µm
wave_controller_y_inst/_0927_,3.36µm
wave_controller_y_inst/_1021_,3.36µm
wave_controller_y_inst/_1081_,3.36µm
wave_controller_y_inst/_1084_,3.36µm
wave_controller_y_inst/_1088_,3.36µm
wave_controller_y_inst/_1107_,3.36µm
wave_controller_y_inst/_1112_,3.36µm
wave_controller_y_inst/_1113_,3.36µm
wave_controller_y_inst/_1124_,3.36µm
wave_controller_y_inst/_1125_,3.36µm
wave_controller_y_inst/_1138_,3.36µm
wave_controller_y_inst/_1145_,3.36µm
wave_controller_y_inst/_1173_,3.36µm
wave_controller_y_inst/_1184_,3.36µm
wave_controller_y_inst/_1236_,3.36µm
wave_controller_y_inst/_1349_,3.36µm
wave_controller_y_inst/_1364_,3.36µm
wave_controller_y_inst/_1371_,3.36µm
wave_controller_y_inst/_1373_,3.36µm
wave_controller_y_inst/_1394_,3.36µm
wave_controller_y_inst/_1429_,3.36µm
wave_controller_y_inst/_1494_,3.36µm
wave_controller_y_inst/_1497_,3.36µm
wave_controller_y_inst/_1512_,3.36µm
wave_controller_y_inst/_1537_,3.36µm
wave_controller_y_inst/_1549_,3.36µm
wave_controller_y_inst/_1750_,3.36µm
wave_controller_y_inst/_1751_,3.36µm
wave_controller_y_inst/_1766_,3.36µm
net12,2.9µm
cal_done,2.9µm
signal_processor_y_inst/s90_pipe\[2\],2.9µm
spi_regs_inst/_0381_,2.9µm
wave_controller_x_inst/_0157_,2.9µm
wave_controller_x_inst/_0370_,2.9µm
wave_controller_x_inst/_1168_,2.9µm
wave_controller_x_inst/_1178_,2.9µm
wave_controller_x_inst/_1192_,2.9µm
wave_controller_x_inst/_1377_,2.9µm
wave_controller_x_inst/_1552_,2.9µm
wave_controller_y_inst/_0297_,2.9µm
wave_controller_y_inst/_0542_,2.9µm
wave_controller_y_inst/_0727_,2.9µm
wave_controller_y_inst/_0946_,2.9µm
wave_controller_y_inst/_1187_,2.9µm
wave_controller_y_inst/_1193_,2.9µm
wave_controller_y_inst/_1633_,2.9µm
wave_controller_x_inst/_1728_,2.85µm
wave_controller_y_inst/_1668_,2.85µm
_02_,2.8µm
_05_,2.8µm
net15,2.8µm
signal_processor_x_inst/_021_,2.8µm
signal_processor_x_inst/_067_,2.8µm
signal_processor_x_inst/_097_,2.8µm
signal_processor_y_inst/_001_,2.8µm
signal_processor_y_inst/_009_,2.8µm
signal_processor_y_inst/_040_,2.8µm
signal_processor_y_inst/_043_,2.8µm
signal_processor_y_inst/_056_,2.8µm
signal_processor_y_inst/_069_,2.8µm
signal_processor_y_inst/_083_,2.8µm
signal_processor_y_inst/_092_,2.8µm
signal_processor_y_inst/s90_pipe\[1\],2.8µm
spi_regs_inst/_0000_,2.8µm
spi_regs_inst/_0007_,2.8µm
spi_regs_inst/_0011_,2.8µm
spi_regs_inst/_0013_,2.8µm
spi_regs_inst/_0028_,2.8µm
spi_regs_inst/_0038_,2.8µm
spi_regs_inst/_0046_,2.8µm
spi_regs_inst/_0161_,2.8µm
spi_regs_inst/_0188_,2.8µm
spi_regs_inst/_0193_,2.8µm
spi_regs_inst/_0197_,2.8µm
spi_regs_inst/_0198_,2.8µm
spi_regs_inst/_0205_,2.8µm
spi_regs_inst/_0233_,2.8µm
spi_regs_inst/_0236_,2.8µm
spi_regs_inst/_0300_,2.8µm
spi_regs_inst/_0337_,2.8µm
spi_regs_inst/_0356_,2.8µm
spi_regs_inst/_0497_,2.8µm
wave_controller_x_inst/_0005_,2.8µm
wave_controller_x_inst/_0008_,2.8µm
wave_controller_x_inst/_0054_,2.8µm
wave_controller_x_inst/_0131_,2.8µm
wave_controller_x_inst/_0140_,2.8µm
wave_controller_x_inst/_0176_,2.8µm
wave_controller_x_inst/_0237_,2.8µm
wave_controller_x_inst/_0244_,2.8µm
wave_controller_x_inst/_0245_,2.8µm
wave_controller_x_inst/_0321_,2.8µm
wave_controller_x_inst/_0334_,2.8µm
wave_controller_x_inst/_0349_,2.8µm
wave_controller_x_inst/_0454_,2.8µm
wave_controller_x_inst/_0487_,2.8µm
wave_controller_x_inst/_0566_,2.8µm
wave_controller_x_inst/_0657_,2.8µm
wave_controller_x_inst/_0663_,2.8µm
wave_controller_x_inst/_0711_,2.8µm
wave_controller_x_inst/_0806_,2.8µm
wave_controller_x_inst/_0832_,2.8µm
wave_controller_x_inst/_0847_,2.8µm
wave_controller_x_inst/_0890_,2.8µm
wave_controller_x_inst/_0969_,2.8µm
wave_controller_x_inst/_0979_,2.8µm
wave_controller_x_inst/_1081_,2.8µm
wave_controller_x_inst/_1097_,2.8µm
wave_controller_x_inst/_1100_,2.8µm
wave_controller_x_inst/_1106_,2.8µm
wave_controller_x_inst/_1138_,2.8µm
wave_controller_x_inst/_1175_,2.8µm
wave_controller_x_inst/_1213_,2.8µm
wave_controller_x_inst/_1252_,2.8µm
wave_controller_x_inst/_1380_,2.8µm
wave_controller_x_inst/_1425_,2.8µm
wave_controller_x_inst/_1482_,2.8µm
wave_controller_x_inst/_1490_,2.8µm
wave_controller_x_inst/_1549_,2.8µm
wave_controller_x_inst/_1619_,2.8µm
wave_controller_x_inst/_1620_,2.8µm
wave_controller_x_inst/_1657_,2.8µm
wave_controller_x_inst/_1699_,2.8µm
wave_controller_x_inst/_1726_,2.8µm
wave_controller_x_inst/_1759_,2.8µm
wave_controller_x_inst/comp_sync0,2.8µm
wave_controller_y_inst/_0004_,2.8µm
wave_controller_y_inst/_0005_,2.8µm
wave_controller_y_inst/_0051_,2.8µm
wave_controller_y_inst/_0064_,2.8µm
wave_controller_y_inst/_0090_,2.8µm
wave_controller_y_inst/_0098_,2.8µm
wave_controller_y_inst/_0121_,2.8µm
wave_controller_y_inst/_0131_,2.8µm
wave_controller_y_inst/_0147_,2.8µm
wave_controller_y_inst/_0176_,2.8µm
wave_controller_y_inst/_0199_,2.8µm
wave_controller_y_inst/_0291_,2.8µm
wave_controller_y_inst/_0311_,2.8µm
wave_controller_y_inst/_0352_,2.8µm
wave_controller_y_inst/_0397_,2.8µm
wave_controller_y_inst/_0427_,2.8µm
wave_controller_y_inst/_0460_,2.8µm
wave_controller_y_inst/_0554_,2.8µm
wave_controller_y_inst/_0657_,2.8µm
wave_controller_y_inst/_0663_,2.8µm
wave_controller_y_inst/_0723_,2.8µm
wave_controller_y_inst/_0858_,2.8µm
wave_controller_y_inst/_0865_,2.8µm
wave_controller_y_inst/_0873_,2.8µm
wave_controller_y_inst/_0896_,2.8µm
wave_controller_y_inst/_0900_,2.8µm
wave_controller_y_inst/_0962_,2.8µm
wave_controller_y_inst/_1004_,2.8µm
wave_controller_y_inst/_1026_,2.8µm
wave_controller_y_inst/_1053_,2.8µm
wave_controller_y_inst/_1114_,2.8µm
wave_controller_y_inst/_1130_,2.8µm
wave_controller_y_inst/_1208_,2.8µm
wave_controller_y_inst/_1223_,2.8µm
wave_controller_y_inst/_1374_,2.8µm
wave_controller_y_inst/_1421_,2.8µm
wave_controller_y_inst/_1424_,2.8µm
wave_controller_y_inst/_1506_,2.8µm
wave_controller_y_inst/_1519_,2.8µm
wave_controller_y_inst/_1533_,2.8µm
wave_controller_y_inst/_1543_,2.8µm
wave_controller_y_inst/_1554_,2.8µm
wave_controller_y_inst/_1572_,2.8µm
wave_controller_y_inst/_1606_,2.8µm
wave_controller_y_inst/_1679_,2.8µm
wave_controller_y_inst/_1700_,2.8µm
wave_controller_y_inst/_1756_,2.8µm
spi_regs_inst/_0435_,2.34µm
wave_controller_x_inst/_0186_,2.34µm
wave_controller_x_inst/_0290_,2.34µm
wave_controller_x_inst/_0484_,2.34µm
wave_controller_x_inst/_0499_,2.34µm
wave_controller_x_inst/_0622_,2.34µm
wave_controller_x_inst/_0748_,2.34µm
wave_controller_x_inst/_0849_,2.34µm
wave_controller_x_inst/_0865_,2.34µm
wave_controller_x_inst/_1328_,2.34µm
wave_controller_x_inst/_1543_,2.34µm
wave_controller_y_inst/_0250_,2.34µm
wave_controller_y_inst/_0462_,2.34µm
wave_controller_y_inst/_0476_,2.34µm
wave_controller_y_inst/_0733_,2.34µm
wave_controller_y_inst/_0778_,2.34µm
wave_controller_y_inst/_1106_,2.34µm
wave_controller_y_inst/_1108_,2.34µm
wave_controller_y_inst/_1152_,2.34µm
wave_controller_y_inst/_1197_,2.34µm
wave_controller_y_inst/_1252_,2.34µm
wave_controller_y_inst/_1302_,2.34µm
wave_controller_y_inst/_1515_,2.34µm
wave_controller_x_inst/_1692_,2.29µm
signal_processor_x_inst/_058_,2.24µm
signal_processor_x_inst/_100_,2.24µm
spi_regs_inst/_0256_,2.24µm
spi_regs_inst/_0262_,2.24µm
spi_regs_inst/_0388_,2.24µm
spi_regs_inst/_0403_,2.24µm
spi_regs_inst/_0536_,2.24µm
spi_regs_inst/_0684_,2.24µm
wave_controller_x_inst/_0240_,2.24µm
wave_controller_x_inst/_0293_,2.24µm
wave_controller_x_inst/_0326_,2.24µm
wave_controller_x_inst/_0388_,2.24µm
wave_controller_x_inst/_0637_,2.24µm
wave_controller_x_inst/_0689_,2.24µm
wave_controller_x_inst/_0698_,2.24µm
wave_controller_x_inst/_0845_,2.24µm
wave_controller_x_inst/_0952_,2.24µm
wave_controller_x_inst/_1030_,2.24µm
wave_controller_x_inst/_1060_,2.24µm
wave_controller_x_inst/_1099_,2.24µm
wave_controller_x_inst/_1108_,2.24µm
wave_controller_x_inst/_1147_,2.24µm
wave_controller_x_inst/_1157_,2.24µm
wave_controller_x_inst/_1190_,2.24µm
wave_controller_x_inst/_1363_,2.24µm
wave_controller_x_inst/_1416_,2.24µm
wave_controller_x_inst/_1421_,2.24µm
wave_controller_x_inst/_1429_,2.24µm
wave_controller_x_inst/_1474_,2.24µm
wave_controller_x_inst/_1514_,2.24µm
wave_controller_x_inst/_1764_,2.24µm
wave_controller_x_inst/comp_sync1,2.24µm
wave_controller_y_inst/_0150_,2.24µm
wave_controller_y_inst/_0187_,2.24µm
wave_controller_y_inst/_0268_,2.24µm
wave_controller_y_inst/_0364_,2.24µm
wave_controller_y_inst/_0387_,2.24µm
wave_controller_y_inst/_0458_,2.24µm
wave_controller_y_inst/_0478_,2.24µm
wave_controller_y_inst/_0522_,2.24µm
wave_controller_y_inst/_0566_,2.24µm
wave_controller_y_inst/_0662_,2.24µm
wave_controller_y_inst/_0665_,2.24µm
wave_controller_y_inst/_0689_,2.24µm
wave_controller_y_inst/_0738_,2.24µm
wave_controller_y_inst/_0763_,2.24µm
wave_controller_y_inst/_0775_,2.24µm
wave_controller_y_inst/_0841_,2.24µm
wave_controller_y_inst/_0856_,2.24µm
wave_controller_y_inst/_0860_,2.24µm
wave_controller_y_inst/_0889_,2.24µm
wave_controller_y_inst/_0906_,2.24µm
wave_controller_y_inst/_0966_,2.24µm
wave_controller_y_inst/_1030_,2.24µm
wave_controller_y_inst/_1051_,2.24µm
wave_controller_y_inst/_1087_,2.24µm
wave_controller_y_inst/_1098_,2.24µm
wave_controller_y_inst/_1120_,2.24µm
wave_controller_y_inst/_1159_,2.24µm
wave_controller_y_inst/_1180_,2.24µm
wave_controller_y_inst/_1279_,2.24µm
wave_controller_y_inst/_1330_,2.24µm
wave_controller_y_inst/_1398_,2.24µm
wave_controller_y_inst/_1437_,2.24µm
wave_controller_y_inst/_1438_,2.24µm
wave_controller_y_inst/_1487_,2.24µm
wave_controller_y_inst/_1490_,2.24µm
wave_controller_y_inst/_1520_,2.24µm
wave_controller_y_inst/_1521_,2.24µm
wave_controller_y_inst/_1552_,2.24µm
wave_controller_y_inst/_1580_,2.24µm
wave_controller_y_inst/_1699_,2.24µm
wave_controller_y_inst/_1760_,2.24µm
wave_controller_y_inst/_1764_,2.24µm
signal_processor_x_inst/_083_,1.78µm
wave_controller_x_inst/_0670_,1.78µm
wave_controller_x_inst/_1672_,1.78µm
wave_controller_y_inst/_0711_,1.78µm
wave_controller_y_inst/_1403_,1.78µm
wave_controller_y_inst/_1609_,1.78µm
cal_phase0_offset_y\[13\],1.68µm
raw_edge3_x\[1\],1.68µm
signal_processor_y_inst/_062_,1.68µm
signal_processor_y_inst/s270_pipe\[1\],1.68µm
spi_regs_inst/_0230_,1.68µm
spi_regs_inst/_0490_,1.68µm
wave_controller_x_inst/_0297_,1.68µm
wave_controller_x_inst/_0320_,1.68µm
wave_controller_x_inst/_0359_,1.68µm
wave_controller_x_inst/_0533_,1.68µm
wave_controller_x_inst/_0540_,1.68µm
wave_controller_x_inst/_0549_,1.68µm
wave_controller_x_inst/_0556_,1.68µm
wave_controller_x_inst/_0585_,1.68µm
wave_controller_x_inst/_0665_,1.68µm
wave_controller_x_inst/_0816_,1.68µm
wave_controller_x_inst/_0904_,1.68µm
wave_controller_x_inst/_0919_,1.68µm
wave_controller_x_inst/_0940_,1.68µm
wave_controller_x_inst/_1018_,1.68µm
wave_controller_x_inst/_1041_,1.68µm
wave_controller_x_inst/_1078_,1.68µm
wave_controller_x_inst/_1203_,1.68µm
wave_controller_x_inst/_1652_,1.68µm
wave_controller_x_inst/_1731_,1.68µm
wave_controller_y_inst/_0228_,1.68µm
wave_controller_y_inst/_0347_,1.68µm
wave_controller_y_inst/_0349_,1.68µm
wave_controller_y_inst/_0419_,1.68µm
wave_controller_y_inst/_0706_,1.68µm
wave_controller_y_inst/_0794_,1.68µm
wave_controller_y_inst/_0904_,1.68µm
wave_controller_y_inst/_0983_,1.68µm
wave_controller_y_inst/_1132_,1.68µm
wave_controller_y_inst/_1167_,1.68µm
wave_controller_y_inst/_1181_,1.68µm
wave_controller_y_inst/_1258_,1.68µm
wave_controller_y_inst/_1413_,1.68µm
wave_controller_y_inst/_1542_,1.68µm
wave_controller_y_inst/_1652_,1.68µm
latch_phase270_ack_y,1.12µm
signal_processor_y_inst/_094_,1.12µm
spi_regs_inst/_0322_,1.12µm
spi_regs_inst/_0556_,1.12µm
wave_controller_x_inst/_0188_,1.12µm
wave_controller_x_inst/_0242_,1.12µm
wave_controller_x_inst/_0324_,1.12µm
wave_controller_x_inst/_0419_,1.12µm
wave_controller_x_inst/_0495_,1.12µm
wave_controller_x_inst/_0506_,1.12µm
wave_controller_x_inst/_0554_,1.12µm
wave_controller_x_inst/_0574_,1.12µm
wave_controller_x_inst/_0641_,1.12µm
wave_controller_x_inst/_0676_,1.12µm
wave_controller_x_inst/_0728_,1.12µm
wave_controller_x_inst/_0734_,1.12µm
wave_controller_x_inst/_0752_,1.12µm
wave_controller_x_inst/_1037_,1.12µm
wave_controller_x_inst/_1110_,1.12µm
wave_controller_x_inst/_1112_,1.12µm
wave_controller_x_inst/_1362_,1.12µm
wave_controller_x_inst/_1561_,1.12µm
wave_controller_x_inst/_1615_,1.12µm
wave_controller_y_inst/_0455_,1.12µm
wave_controller_y_inst/_0569_,1.12µm
wave_controller_y_inst/_0647_,1.12µm
wave_controller_y_inst/_0739_,1.12µm
wave_controller_y_inst/_0745_,1.12µm
wave_controller_y_inst/_0940_,1.12µm
wave_controller_y_inst/_1216_,1.12µm
wave_controller_y_inst/_1611_,1.12µm
wave_controller_y_inst/_0556_,0.56µm
