
===========================================================================
report_checks -unconstrained
===========================================================================
======================= nom_ss_125C_4v50 Corner ===================================

Startpoint: rst_n_PAD (input port clocked by clk_PAD)
Endpoint: _09631_ (recovery check against rising-edge clock clk_PAD)
Path Group: asynchronous
Path Type: max

Fanout         Cap        Slew       Delay        Time   Description
---------------------------------------------------------------------------------------------
                                  0.000000    0.000000   clock clk_PAD (rise edge)
                                  0.000000    0.000000   clock network delay (propagated)
                                  8.000000    8.000000 ^ input external delay
     1    3.153662    0.000000    0.000000    8.000000 ^ rst_n_PAD (inout)
                                                         rst_n_PAD (net)
                      0.000000    0.000000    8.000000 ^ rst_n_pad/PAD (gf180mcu_fd_io__in_c)
     1    0.070589    0.423453    1.731938    9.731938 ^ rst_n_pad/Y (gf180mcu_fd_io__in_c)
                                                         i_chip_core.rst_n (net)
                      0.424127    0.007867    9.739805 ^ fanout813/I (gf180mcu_fd_sc_mcu7t5v0__dlyb_1)
     2    0.074500    2.115289    2.818197   12.558002 ^ fanout813/Z (gf180mcu_fd_sc_mcu7t5v0__dlyb_1)
                                                         net813 (net)
                      2.115425    0.009453   12.567455 ^ wire815/I (gf180mcu_fd_sc_mcu7t5v0__buf_8)
     1    0.077351    0.359959    0.525004   13.092459 ^ wire815/Z (gf180mcu_fd_sc_mcu7t5v0__buf_8)
                                                         net815 (net)
                      0.360133    0.010881   13.103340 ^ wire814/I (gf180mcu_fd_sc_mcu7t5v0__buf_8)
     1    0.071829    0.315584    0.419333   13.522674 ^ wire814/Z (gf180mcu_fd_sc_mcu7t5v0__buf_8)
                                                         net814 (net)
                      0.315732    0.010079   13.532752 ^ fanout812/I (gf180mcu_fd_sc_mcu7t5v0__dlyb_1)
     2    0.036297    1.094713    2.214437   15.747189 ^ fanout812/Z (gf180mcu_fd_sc_mcu7t5v0__dlyb_1)
                                                         net812 (net)
                      1.094725    0.002434   15.749622 ^ fanout811/I (gf180mcu_fd_sc_mcu7t5v0__dlyb_1)
     2    0.058853    1.696020    2.622867   18.372490 ^ fanout811/Z (gf180mcu_fd_sc_mcu7t5v0__dlyb_1)
                                                         net811 (net)
                      1.696077    0.005455   18.377945 ^ fanout810/I (gf180mcu_fd_sc_mcu7t5v0__dlyb_1)
     3    0.051348    1.494958    2.506761   20.884706 ^ fanout810/Z (gf180mcu_fd_sc_mcu7t5v0__dlyb_1)
                                                         net810 (net)
                      1.494981    0.003270   20.887976 ^ fanout809/I (gf180mcu_fd_sc_mcu7t5v0__dlyb_1)
     2    0.042308    1.253677    2.367123   23.255100 ^ fanout809/Z (gf180mcu_fd_sc_mcu7t5v0__dlyb_1)
                                                         net809 (net)
                      1.253677    0.000522   23.255623 ^ fanout790/I (gf180mcu_fd_sc_mcu7t5v0__dlyb_1)
     2    0.016154    0.579015    1.957098   25.212719 ^ fanout790/Z (gf180mcu_fd_sc_mcu7t5v0__dlyb_1)
                                                         net790 (net)
                      0.579015    0.000409   25.213129 ^ fanout789/I (gf180mcu_fd_sc_mcu7t5v0__dlyb_1)
     2    0.019489    0.662125    1.986184   27.199312 ^ fanout789/Z (gf180mcu_fd_sc_mcu7t5v0__dlyb_1)
                                                         net789 (net)
                      0.662125    0.000229   27.199541 ^ fanout782/I (gf180mcu_fd_sc_mcu7t5v0__dlyb_1)
     2    0.014698    0.543405    1.912296   29.111837 ^ fanout782/Z (gf180mcu_fd_sc_mcu7t5v0__dlyb_1)
                                                         net782 (net)
                      0.543405    0.000195   29.112032 ^ fanout776/I (gf180mcu_fd_sc_mcu7t5v0__dlyb_1)
     3    0.022057    0.728249    2.023461   31.135494 ^ fanout776/Z (gf180mcu_fd_sc_mcu7t5v0__dlyb_1)
                                                         net776 (net)
                      0.728249    0.000419   31.135912 ^ fanout775/I (gf180mcu_fd_sc_mcu7t5v0__dlyb_1)
     5    0.045645    1.343425    2.402778   33.538692 ^ fanout775/Z (gf180mcu_fd_sc_mcu7t5v0__dlyb_1)
                                                         net775 (net)
                      1.343425    0.000441   33.539131 ^ fanout774/I (gf180mcu_fd_sc_mcu7t5v0__dlyb_1)
     5    0.048795    1.427666    2.468550   36.007683 ^ fanout774/Z (gf180mcu_fd_sc_mcu7t5v0__dlyb_1)
                                                         net774 (net)
                      1.427671    0.001439   36.009121 ^ _09631_/RN (gf180mcu_fd_sc_mcu7t5v0__dffrnq_1)
                                             36.009121   data arrival time

                                 40.000000   40.000000   clock clk_PAD (rise edge)
                                  0.000000   40.000000   clock source latency
     1    0.223156    0.834665    0.000000   40.000000 ^ clk_pad/Y (gf180mcu_fd_io__in_s)
                                                         clk_PAD2CORE (net)
                      0.867289    0.088928   40.088928 ^ clkbuf_0_clk_PAD2CORE/I (gf180mcu_fd_sc_mcu7t5v0__clkbuf_16)
     4    0.102507    0.293818    0.639218   40.728146 ^ clkbuf_0_clk_PAD2CORE/Z (gf180mcu_fd_sc_mcu7t5v0__clkbuf_16)
                                                         clknet_0_clk_PAD2CORE (net)
                      0.294012    0.011525   40.739674 ^ clkbuf_2_1_0_clk_PAD2CORE/I (gf180mcu_fd_sc_mcu7t5v0__clkbuf_8)
     2    0.111737    0.463170    0.631655   41.371326 ^ clkbuf_2_1_0_clk_PAD2CORE/Z (gf180mcu_fd_sc_mcu7t5v0__clkbuf_8)
                                                         clknet_2_1_0_clk_PAD2CORE (net)
                      0.463572    0.014023   41.385349 ^ clkbuf_3_3_0_clk_PAD2CORE/I (gf180mcu_fd_sc_mcu7t5v0__clkbuf_8)
     9    0.185209    0.702703    0.820268   42.205620 ^ clkbuf_3_3_0_clk_PAD2CORE/Z (gf180mcu_fd_sc_mcu7t5v0__clkbuf_8)
                                                         clknet_3_3_0_clk_PAD2CORE (net)
                      0.702979    0.008416   42.214035 ^ clkbuf_leaf_41_clk_PAD2CORE/I (gf180mcu_fd_sc_mcu7t5v0__clkbuf_8)
    10    0.055022    0.296227    0.608473   42.822506 ^ clkbuf_leaf_41_clk_PAD2CORE/Z (gf180mcu_fd_sc_mcu7t5v0__clkbuf_8)
                                                         clknet_leaf_41_clk_PAD2CORE (net)
                      0.296227    0.000764   42.823273 ^ _09631_/CLK (gf180mcu_fd_sc_mcu7t5v0__dffrnq_1)
                                 -0.250000   42.573269   clock uncertainty
                                  0.000000   42.573269   clock reconvergence pessimism
                                  0.289015   42.862286   library recovery time
                                             42.862286   data required time
---------------------------------------------------------------------------------------------
                                             42.862286   data required time
                                            -36.009121   data arrival time
---------------------------------------------------------------------------------------------
                                              6.853164   slack (MET)


Startpoint: _10127_ (rising edge-triggered flip-flop clocked by clk_PAD)
Endpoint: _10035_ (rising edge-triggered flip-flop clocked by clk_PAD)
Path Group: clk_PAD
Path Type: max

Fanout         Cap        Slew       Delay        Time   Description
---------------------------------------------------------------------------------------------
                                  0.000000    0.000000   clock clk_PAD (rise edge)
                                  0.000000    0.000000   clock source latency
     1    0.223156    0.834665    0.000000    0.000000 ^ clk_pad/Y (gf180mcu_fd_io__in_s)
                                                         clk_PAD2CORE (net)
                      0.867289    0.088928    0.088928 ^ clkbuf_0_clk_PAD2CORE/I (gf180mcu_fd_sc_mcu7t5v0__clkbuf_16)
     4    0.102507    0.293818    0.639218    0.728146 ^ clkbuf_0_clk_PAD2CORE/Z (gf180mcu_fd_sc_mcu7t5v0__clkbuf_16)
                                                         clknet_0_clk_PAD2CORE (net)
                      0.294026    0.011914    0.740060 ^ clkbuf_2_2_0_clk_PAD2CORE/I (gf180mcu_fd_sc_mcu7t5v0__clkbuf_8)
     2    0.098264    0.422610    0.607835    1.347894 ^ clkbuf_2_2_0_clk_PAD2CORE/Z (gf180mcu_fd_sc_mcu7t5v0__clkbuf_8)
                                                         clknet_2_2_0_clk_PAD2CORE (net)
                      0.422691    0.008705    1.356599 ^ clkbuf_3_5_0_clk_PAD2CORE/I (gf180mcu_fd_sc_mcu7t5v0__clkbuf_8)
     9    0.194529    0.734163    0.829935    2.186534 ^ clkbuf_3_5_0_clk_PAD2CORE/Z (gf180mcu_fd_sc_mcu7t5v0__clkbuf_8)
                                                         clknet_3_5_0_clk_PAD2CORE (net)
                      0.734233    0.003727    2.190261 ^ clkbuf_leaf_56_clk_PAD2CORE/I (gf180mcu_fd_sc_mcu7t5v0__clkbuf_8)
     7    0.068494    0.339575    0.642132    2.832393 ^ clkbuf_leaf_56_clk_PAD2CORE/Z (gf180mcu_fd_sc_mcu7t5v0__clkbuf_8)
                                                         clknet_leaf_56_clk_PAD2CORE (net)
                      0.339576    0.001487    2.833880 ^ _10127_/CLK (gf180mcu_fd_sc_mcu7t5v0__dffsnq_1)
     3    0.079534    1.334401    2.250319    5.084198 v _10127_/Q (gf180mcu_fd_sc_mcu7t5v0__dffsnq_1)
                                                         i_chip_core.wave_controller_y_inst.capture_step[0] (net)
                      1.334401    0.000802    5.085001 v fanout389/I (gf180mcu_fd_sc_mcu7t5v0__dlyb_1)
    10    0.106099    1.863371    3.492372    8.577373 v fanout389/Z (gf180mcu_fd_sc_mcu7t5v0__dlyb_1)
                                                         net389 (net)
                      1.863371    0.001193    8.578566 v fanout387/I (gf180mcu_fd_sc_mcu7t5v0__dlyb_1)
     1    0.011595    0.493703    2.569005   11.147571 v fanout387/Z (gf180mcu_fd_sc_mcu7t5v0__dlyb_1)
                                                         net387 (net)
                      0.493703    0.000145   11.147715 v wire388/I (gf180mcu_fd_sc_mcu7t5v0__buf_4)
    10    0.106148    0.478416    0.685388   11.833103 v wire388/Z (gf180mcu_fd_sc_mcu7t5v0__buf_4)
                                                         net388 (net)
                      0.478751    0.007031   11.840134 v fanout386/I (gf180mcu_fd_sc_mcu7t5v0__dlyb_1)
    10    0.087262    1.591353    2.994483   14.834617 v fanout386/Z (gf180mcu_fd_sc_mcu7t5v0__dlyb_1)
                                                         net386 (net)
                      1.591353    0.000903   14.835520 v _05052_/I (gf180mcu_fd_sc_mcu7t5v0__clkinv_1)
     2    0.015638    0.751908    0.711704   15.547224 ^ _05052_/ZN (gf180mcu_fd_sc_mcu7t5v0__clkinv_1)
                                                         _00743_ (net)
                      0.751908    0.000306   15.547530 ^ fanout366/I (gf180mcu_fd_sc_mcu7t5v0__dlya_1)
    10    0.147920    4.092676    3.041126   18.588657 ^ fanout366/Z (gf180mcu_fd_sc_mcu7t5v0__dlya_1)
                                                         net366 (net)
                      4.092844    0.014806   18.603462 ^ _05619_/A1 (gf180mcu_fd_sc_mcu7t5v0__nand2_1)
     1    0.006228    0.912890    0.316986   18.920448 v _05619_/ZN (gf180mcu_fd_sc_mcu7t5v0__nand2_1)
                                                         _01272_ (net)
                      0.912890    0.000123   18.920570 v _05620_/B (gf180mcu_fd_sc_mcu7t5v0__oai21_1)
     2    0.016242    1.368089    0.770980   19.691551 ^ _05620_/ZN (gf180mcu_fd_sc_mcu7t5v0__oai21_1)
                                                         _01273_ (net)
                      1.368089    0.000279   19.691830 ^ _05621_/B1 (gf180mcu_fd_sc_mcu7t5v0__aoi22_1)
     1    0.005528    0.720536    0.489118   20.180946 v _05621_/ZN (gf180mcu_fd_sc_mcu7t5v0__aoi22_1)
                                                         _01274_ (net)
                      0.720536    0.000060   20.181007 v _05625_/A2 (gf180mcu_fd_sc_mcu7t5v0__aoi221_1)
     1    0.011970    1.739103    1.112872   21.293879 ^ _05625_/ZN (gf180mcu_fd_sc_mcu7t5v0__aoi221_1)
                                                         _01278_ (net)
                      1.739103    0.000343   21.294222 ^ _05633_/A1 (gf180mcu_fd_sc_mcu7t5v0__oai21_1)
     1    0.017616    0.853341    0.607812   21.902035 v _05633_/ZN (gf180mcu_fd_sc_mcu7t5v0__oai21_1)
                                                         _01286_ (net)
                      0.853341    0.000684   21.902718 v _05640_/A1 (gf180mcu_fd_sc_mcu7t5v0__aoi21_1)
     1    0.035932    2.237893    1.460444   23.363163 ^ _05640_/ZN (gf180mcu_fd_sc_mcu7t5v0__aoi21_1)
                                                         _01293_ (net)
                      2.237893    0.002030   23.365192 ^ _05649_/A1 (gf180mcu_fd_sc_mcu7t5v0__oai32_1)
     1    0.008317    0.710302    0.432250   23.797443 v _05649_/ZN (gf180mcu_fd_sc_mcu7t5v0__oai32_1)
                                                         _01302_ (net)
                      0.710302    0.000195   23.797638 v wire84/I (gf180mcu_fd_sc_mcu7t5v0__clkbuf_1)
     1    0.022361    0.654468    0.781338   24.578976 v wire84/Z (gf180mcu_fd_sc_mcu7t5v0__clkbuf_1)
                                                         net84 (net)
                      0.654472    0.000972   24.579948 v wire83/I (gf180mcu_fd_sc_mcu7t5v0__clkbuf_1)
     1    0.015614    0.487689    0.663128   25.243076 v wire83/Z (gf180mcu_fd_sc_mcu7t5v0__clkbuf_1)
                                                         net83 (net)
                      0.487690    0.000544   25.243620 v _05659_/A2 (gf180mcu_fd_sc_mcu7t5v0__oai211_1)
     1    0.008406    0.850965    0.607299   25.850918 ^ _05659_/ZN (gf180mcu_fd_sc_mcu7t5v0__oai211_1)
                                                         _01312_ (net)
                      0.850965    0.000188   25.851107 ^ _05662_/B1 (gf180mcu_fd_sc_mcu7t5v0__aoi22_1)
     2    0.014726    0.772168    0.601668   26.452774 v _05662_/ZN (gf180mcu_fd_sc_mcu7t5v0__aoi22_1)
                                                         _01315_ (net)
                      0.772168    0.000316   26.453091 v _05663_/A2 (gf180mcu_fd_sc_mcu7t5v0__nand2_1)
     2    0.012011    0.583363    0.555586   27.008677 ^ _05663_/ZN (gf180mcu_fd_sc_mcu7t5v0__nand2_1)
                                                         _01316_ (net)
                      0.583363    0.000226   27.008902 ^ _05664_/A2 (gf180mcu_fd_sc_mcu7t5v0__aoi21_1)
     1    0.018285    0.931054    0.458682   27.467585 v _05664_/ZN (gf180mcu_fd_sc_mcu7t5v0__aoi21_1)
                                                         _01317_ (net)
                      0.931054    0.000686   27.468269 v _05681_/A1 (gf180mcu_fd_sc_mcu7t5v0__oai22_1)
     1    0.012229    1.384184    0.813811   28.282082 ^ _05681_/ZN (gf180mcu_fd_sc_mcu7t5v0__oai22_1)
                                                         _01334_ (net)
                      1.384184    0.000449   28.282532 ^ _05696_/C (gf180mcu_fd_sc_mcu7t5v0__oai211_1)
     4    0.031063    1.487093    1.073277   29.355808 v _05696_/ZN (gf180mcu_fd_sc_mcu7t5v0__oai211_1)
                                                         _01349_ (net)
                      1.487093    0.001467   29.357275 v _08844_/A3 (gf180mcu_fd_sc_mcu7t5v0__nor4_1)
     2    0.013140    2.046500    1.476259   30.833534 ^ _08844_/ZN (gf180mcu_fd_sc_mcu7t5v0__nor4_1)
                                                         _04282_ (net)
                      2.046500    0.000224   30.833757 ^ wire44/I (gf180mcu_fd_sc_mcu7t5v0__clkbuf_1)
     2    0.016893    0.564039    0.789196   31.622953 ^ wire44/Z (gf180mcu_fd_sc_mcu7t5v0__clkbuf_1)
                                                         net44 (net)
                      0.564039    0.000330   31.623285 ^ _09036_/A3 (gf180mcu_fd_sc_mcu7t5v0__nand3_1)
     1    0.003364    0.723947    0.280153   31.903437 v _09036_/ZN (gf180mcu_fd_sc_mcu7t5v0__nand3_1)
                                                         _04443_ (net)
                      0.723947    0.000064   31.903502 v _09037_/A2 (gf180mcu_fd_sc_mcu7t5v0__and2_1)
     1    0.021985    0.475162    0.848981   32.752483 v _09037_/Z (gf180mcu_fd_sc_mcu7t5v0__and2_1)
                                                         _04444_ (net)
                      0.475162    0.000998   32.753479 v fanout20/I (gf180mcu_fd_sc_mcu7t5v0__dlyb_1)
     7    0.094350    1.693729    3.063732   35.817215 v fanout20/Z (gf180mcu_fd_sc_mcu7t5v0__dlyb_1)
                                                         net20 (net)
                      1.693979    0.011717   35.828930 v fanout16/I (gf180mcu_fd_sc_mcu7t5v0__dlyb_1)
    10    0.102789    1.814385    3.582990   39.411919 v fanout16/Z (gf180mcu_fd_sc_mcu7t5v0__dlyb_1)
                                                         net16 (net)
                      1.814416    0.004302   39.416222 v fanout15/I (gf180mcu_fd_sc_mcu7t5v0__dlyb_1)
    10    0.094876    1.698746    3.544376   42.960598 v fanout15/Z (gf180mcu_fd_sc_mcu7t5v0__dlyb_1)
                                                         net15 (net)
                      1.698769    0.003496   42.964092 v _09052_/A1 (gf180mcu_fd_sc_mcu7t5v0__oai21_1)
     1    0.004496    0.695920    0.765763   43.729858 ^ _09052_/ZN (gf180mcu_fd_sc_mcu7t5v0__oai21_1)
                                                         _00286_ (net)
                      0.695920    0.000050   43.729908 ^ _10035_/D (gf180mcu_fd_sc_mcu7t5v0__dffrnq_1)
                                             43.729908   data arrival time

                                 40.000000   40.000000   clock clk_PAD (rise edge)
                                  0.000000   40.000000   clock source latency
     1    0.223156    0.834665    0.000000   40.000000 ^ clk_pad/Y (gf180mcu_fd_io__in_s)
                                                         clk_PAD2CORE (net)
                      0.867289    0.088928   40.088928 ^ clkbuf_0_clk_PAD2CORE/I (gf180mcu_fd_sc_mcu7t5v0__clkbuf_16)
     4    0.102507    0.293818    0.639218   40.728146 ^ clkbuf_0_clk_PAD2CORE/Z (gf180mcu_fd_sc_mcu7t5v0__clkbuf_16)
                                                         clknet_0_clk_PAD2CORE (net)
                      0.294027    0.011934   40.740082 ^ clkbuf_2_3_0_clk_PAD2CORE/I (gf180mcu_fd_sc_mcu7t5v0__clkbuf_8)
     2    0.111760    0.463522    0.632067   41.372147 ^ clkbuf_2_3_0_clk_PAD2CORE/Z (gf180mcu_fd_sc_mcu7t5v0__clkbuf_8)
                                                         clknet_2_3_0_clk_PAD2CORE (net)
                      0.463926    0.014289   41.386436 ^ clkbuf_3_6_0_clk_PAD2CORE/I (gf180mcu_fd_sc_mcu7t5v0__clkbuf_8)
     9    0.311914    1.123439    1.062325   42.448761 ^ clkbuf_3_6_0_clk_PAD2CORE/Z (gf180mcu_fd_sc_mcu7t5v0__clkbuf_8)
                                                         clknet_3_6_0_clk_PAD2CORE (net)
                      1.123714    0.009670   42.458431 ^ clkbuf_leaf_7_clk_PAD2CORE/I (gf180mcu_fd_sc_mcu7t5v0__clkbuf_8)
     8    0.062477    0.332188    0.695341   43.153774 ^ clkbuf_leaf_7_clk_PAD2CORE/Z (gf180mcu_fd_sc_mcu7t5v0__clkbuf_8)
                                                         clknet_leaf_7_clk_PAD2CORE (net)
                      0.332188    0.000782   43.154556 ^ _10035_/CLK (gf180mcu_fd_sc_mcu7t5v0__dffrnq_1)
                                 -0.250000   42.904552   clock uncertainty
                                  0.000000   42.904552   clock reconvergence pessimism
                                 -0.652656   42.251900   library setup time
                                             42.251900   data required time
---------------------------------------------------------------------------------------------
                                             42.251900   data required time
                                            -43.729908   data arrival time
---------------------------------------------------------------------------------------------
                                             -1.478007   slack (VIOLATED)




===========================================================================
report_checks --slack_max -0.01
============================================================================
======================= nom_ss_125C_4v50 Corner ===================================

Startpoint: _10127_ (rising edge-triggered flip-flop clocked by clk_PAD)
Endpoint: _10035_ (rising edge-triggered flip-flop clocked by clk_PAD)
Path Group: clk_PAD
Path Type: max

Fanout         Cap        Slew       Delay        Time   Description
---------------------------------------------------------------------------------------------
                                  0.000000    0.000000   clock clk_PAD (rise edge)
                                  0.000000    0.000000   clock source latency
     1    0.223156    0.834665    0.000000    0.000000 ^ clk_pad/Y (gf180mcu_fd_io__in_s)
                                                         clk_PAD2CORE (net)
                      0.867289    0.088928    0.088928 ^ clkbuf_0_clk_PAD2CORE/I (gf180mcu_fd_sc_mcu7t5v0__clkbuf_16)
     4    0.102507    0.293818    0.639218    0.728146 ^ clkbuf_0_clk_PAD2CORE/Z (gf180mcu_fd_sc_mcu7t5v0__clkbuf_16)
                                                         clknet_0_clk_PAD2CORE (net)
                      0.294026    0.011914    0.740060 ^ clkbuf_2_2_0_clk_PAD2CORE/I (gf180mcu_fd_sc_mcu7t5v0__clkbuf_8)
     2    0.098264    0.422610    0.607835    1.347894 ^ clkbuf_2_2_0_clk_PAD2CORE/Z (gf180mcu_fd_sc_mcu7t5v0__clkbuf_8)
                                                         clknet_2_2_0_clk_PAD2CORE (net)
                      0.422691    0.008705    1.356599 ^ clkbuf_3_5_0_clk_PAD2CORE/I (gf180mcu_fd_sc_mcu7t5v0__clkbuf_8)
     9    0.194529    0.734163    0.829935    2.186534 ^ clkbuf_3_5_0_clk_PAD2CORE/Z (gf180mcu_fd_sc_mcu7t5v0__clkbuf_8)
                                                         clknet_3_5_0_clk_PAD2CORE (net)
                      0.734233    0.003727    2.190261 ^ clkbuf_leaf_56_clk_PAD2CORE/I (gf180mcu_fd_sc_mcu7t5v0__clkbuf_8)
     7    0.068494    0.339575    0.642132    2.832393 ^ clkbuf_leaf_56_clk_PAD2CORE/Z (gf180mcu_fd_sc_mcu7t5v0__clkbuf_8)
                                                         clknet_leaf_56_clk_PAD2CORE (net)
                      0.339576    0.001487    2.833880 ^ _10127_/CLK (gf180mcu_fd_sc_mcu7t5v0__dffsnq_1)
     3    0.079534    1.334401    2.250319    5.084198 v _10127_/Q (gf180mcu_fd_sc_mcu7t5v0__dffsnq_1)
                                                         i_chip_core.wave_controller_y_inst.capture_step[0] (net)
                      1.334401    0.000802    5.085001 v fanout389/I (gf180mcu_fd_sc_mcu7t5v0__dlyb_1)
    10    0.106099    1.863371    3.492372    8.577373 v fanout389/Z (gf180mcu_fd_sc_mcu7t5v0__dlyb_1)
                                                         net389 (net)
                      1.863371    0.001193    8.578566 v fanout387/I (gf180mcu_fd_sc_mcu7t5v0__dlyb_1)
     1    0.011595    0.493703    2.569005   11.147571 v fanout387/Z (gf180mcu_fd_sc_mcu7t5v0__dlyb_1)
                                                         net387 (net)
                      0.493703    0.000145   11.147715 v wire388/I (gf180mcu_fd_sc_mcu7t5v0__buf_4)
    10    0.106148    0.478416    0.685388   11.833103 v wire388/Z (gf180mcu_fd_sc_mcu7t5v0__buf_4)
                                                         net388 (net)
                      0.478751    0.007031   11.840134 v fanout386/I (gf180mcu_fd_sc_mcu7t5v0__dlyb_1)
    10    0.087262    1.591353    2.994483   14.834617 v fanout386/Z (gf180mcu_fd_sc_mcu7t5v0__dlyb_1)
                                                         net386 (net)
                      1.591353    0.000903   14.835520 v _05052_/I (gf180mcu_fd_sc_mcu7t5v0__clkinv_1)
     2    0.015638    0.751908    0.711704   15.547224 ^ _05052_/ZN (gf180mcu_fd_sc_mcu7t5v0__clkinv_1)
                                                         _00743_ (net)
                      0.751908    0.000306   15.547530 ^ fanout366/I (gf180mcu_fd_sc_mcu7t5v0__dlya_1)
    10    0.147920    4.092676    3.041126   18.588657 ^ fanout366/Z (gf180mcu_fd_sc_mcu7t5v0__dlya_1)
                                                         net366 (net)
                      4.092844    0.014806   18.603462 ^ _05619_/A1 (gf180mcu_fd_sc_mcu7t5v0__nand2_1)
     1    0.006228    0.912890    0.316986   18.920448 v _05619_/ZN (gf180mcu_fd_sc_mcu7t5v0__nand2_1)
                                                         _01272_ (net)
                      0.912890    0.000123   18.920570 v _05620_/B (gf180mcu_fd_sc_mcu7t5v0__oai21_1)
     2    0.016242    1.368089    0.770980   19.691551 ^ _05620_/ZN (gf180mcu_fd_sc_mcu7t5v0__oai21_1)
                                                         _01273_ (net)
                      1.368089    0.000279   19.691830 ^ _05621_/B1 (gf180mcu_fd_sc_mcu7t5v0__aoi22_1)
     1    0.005528    0.720536    0.489118   20.180946 v _05621_/ZN (gf180mcu_fd_sc_mcu7t5v0__aoi22_1)
                                                         _01274_ (net)
                      0.720536    0.000060   20.181007 v _05625_/A2 (gf180mcu_fd_sc_mcu7t5v0__aoi221_1)
     1    0.011970    1.739103    1.112872   21.293879 ^ _05625_/ZN (gf180mcu_fd_sc_mcu7t5v0__aoi221_1)
                                                         _01278_ (net)
                      1.739103    0.000343   21.294222 ^ _05633_/A1 (gf180mcu_fd_sc_mcu7t5v0__oai21_1)
     1    0.017616    0.853341    0.607812   21.902035 v _05633_/ZN (gf180mcu_fd_sc_mcu7t5v0__oai21_1)
                                                         _01286_ (net)
                      0.853341    0.000684   21.902718 v _05640_/A1 (gf180mcu_fd_sc_mcu7t5v0__aoi21_1)
     1    0.035932    2.237893    1.460444   23.363163 ^ _05640_/ZN (gf180mcu_fd_sc_mcu7t5v0__aoi21_1)
                                                         _01293_ (net)
                      2.237893    0.002030   23.365192 ^ _05649_/A1 (gf180mcu_fd_sc_mcu7t5v0__oai32_1)
     1    0.008317    0.710302    0.432250   23.797443 v _05649_/ZN (gf180mcu_fd_sc_mcu7t5v0__oai32_1)
                                                         _01302_ (net)
                      0.710302    0.000195   23.797638 v wire84/I (gf180mcu_fd_sc_mcu7t5v0__clkbuf_1)
     1    0.022361    0.654468    0.781338   24.578976 v wire84/Z (gf180mcu_fd_sc_mcu7t5v0__clkbuf_1)
                                                         net84 (net)
                      0.654472    0.000972   24.579948 v wire83/I (gf180mcu_fd_sc_mcu7t5v0__clkbuf_1)
     1    0.015614    0.487689    0.663128   25.243076 v wire83/Z (gf180mcu_fd_sc_mcu7t5v0__clkbuf_1)
                                                         net83 (net)
                      0.487690    0.000544   25.243620 v _05659_/A2 (gf180mcu_fd_sc_mcu7t5v0__oai211_1)
     1    0.008406    0.850965    0.607299   25.850918 ^ _05659_/ZN (gf180mcu_fd_sc_mcu7t5v0__oai211_1)
                                                         _01312_ (net)
                      0.850965    0.000188   25.851107 ^ _05662_/B1 (gf180mcu_fd_sc_mcu7t5v0__aoi22_1)
     2    0.014726    0.772168    0.601668   26.452774 v _05662_/ZN (gf180mcu_fd_sc_mcu7t5v0__aoi22_1)
                                                         _01315_ (net)
                      0.772168    0.000316   26.453091 v _05663_/A2 (gf180mcu_fd_sc_mcu7t5v0__nand2_1)
     2    0.012011    0.583363    0.555586   27.008677 ^ _05663_/ZN (gf180mcu_fd_sc_mcu7t5v0__nand2_1)
                                                         _01316_ (net)
                      0.583363    0.000226   27.008902 ^ _05664_/A2 (gf180mcu_fd_sc_mcu7t5v0__aoi21_1)
     1    0.018285    0.931054    0.458682   27.467585 v _05664_/ZN (gf180mcu_fd_sc_mcu7t5v0__aoi21_1)
                                                         _01317_ (net)
                      0.931054    0.000686   27.468269 v _05681_/A1 (gf180mcu_fd_sc_mcu7t5v0__oai22_1)
     1    0.012229    1.384184    0.813811   28.282082 ^ _05681_/ZN (gf180mcu_fd_sc_mcu7t5v0__oai22_1)
                                                         _01334_ (net)
                      1.384184    0.000449   28.282532 ^ _05696_/C (gf180mcu_fd_sc_mcu7t5v0__oai211_1)
     4    0.031063    1.487093    1.073277   29.355808 v _05696_/ZN (gf180mcu_fd_sc_mcu7t5v0__oai211_1)
                                                         _01349_ (net)
                      1.487093    0.001467   29.357275 v _08844_/A3 (gf180mcu_fd_sc_mcu7t5v0__nor4_1)
     2    0.013140    2.046500    1.476259   30.833534 ^ _08844_/ZN (gf180mcu_fd_sc_mcu7t5v0__nor4_1)
                                                         _04282_ (net)
                      2.046500    0.000224   30.833757 ^ wire44/I (gf180mcu_fd_sc_mcu7t5v0__clkbuf_1)
     2    0.016893    0.564039    0.789196   31.622953 ^ wire44/Z (gf180mcu_fd_sc_mcu7t5v0__clkbuf_1)
                                                         net44 (net)
                      0.564039    0.000330   31.623285 ^ _09036_/A3 (gf180mcu_fd_sc_mcu7t5v0__nand3_1)
     1    0.003364    0.723947    0.280153   31.903437 v _09036_/ZN (gf180mcu_fd_sc_mcu7t5v0__nand3_1)
                                                         _04443_ (net)
                      0.723947    0.000064   31.903502 v _09037_/A2 (gf180mcu_fd_sc_mcu7t5v0__and2_1)
     1    0.021985    0.475162    0.848981   32.752483 v _09037_/Z (gf180mcu_fd_sc_mcu7t5v0__and2_1)
                                                         _04444_ (net)
                      0.475162    0.000998   32.753479 v fanout20/I (gf180mcu_fd_sc_mcu7t5v0__dlyb_1)
     7    0.094350    1.693729    3.063732   35.817215 v fanout20/Z (gf180mcu_fd_sc_mcu7t5v0__dlyb_1)
                                                         net20 (net)
                      1.693979    0.011717   35.828930 v fanout16/I (gf180mcu_fd_sc_mcu7t5v0__dlyb_1)
    10    0.102789    1.814385    3.582990   39.411919 v fanout16/Z (gf180mcu_fd_sc_mcu7t5v0__dlyb_1)
                                                         net16 (net)
                      1.814416    0.004302   39.416222 v fanout15/I (gf180mcu_fd_sc_mcu7t5v0__dlyb_1)
    10    0.094876    1.698746    3.544376   42.960598 v fanout15/Z (gf180mcu_fd_sc_mcu7t5v0__dlyb_1)
                                                         net15 (net)
                      1.698769    0.003496   42.964092 v _09052_/A1 (gf180mcu_fd_sc_mcu7t5v0__oai21_1)
     1    0.004496    0.695920    0.765763   43.729858 ^ _09052_/ZN (gf180mcu_fd_sc_mcu7t5v0__oai21_1)
                                                         _00286_ (net)
                      0.695920    0.000050   43.729908 ^ _10035_/D (gf180mcu_fd_sc_mcu7t5v0__dffrnq_1)
                                             43.729908   data arrival time

                                 40.000000   40.000000   clock clk_PAD (rise edge)
                                  0.000000   40.000000   clock source latency
     1    0.223156    0.834665    0.000000   40.000000 ^ clk_pad/Y (gf180mcu_fd_io__in_s)
                                                         clk_PAD2CORE (net)
                      0.867289    0.088928   40.088928 ^ clkbuf_0_clk_PAD2CORE/I (gf180mcu_fd_sc_mcu7t5v0__clkbuf_16)
     4    0.102507    0.293818    0.639218   40.728146 ^ clkbuf_0_clk_PAD2CORE/Z (gf180mcu_fd_sc_mcu7t5v0__clkbuf_16)
                                                         clknet_0_clk_PAD2CORE (net)
                      0.294027    0.011934   40.740082 ^ clkbuf_2_3_0_clk_PAD2CORE/I (gf180mcu_fd_sc_mcu7t5v0__clkbuf_8)
     2    0.111760    0.463522    0.632067   41.372147 ^ clkbuf_2_3_0_clk_PAD2CORE/Z (gf180mcu_fd_sc_mcu7t5v0__clkbuf_8)
                                                         clknet_2_3_0_clk_PAD2CORE (net)
                      0.463926    0.014289   41.386436 ^ clkbuf_3_6_0_clk_PAD2CORE/I (gf180mcu_fd_sc_mcu7t5v0__clkbuf_8)
     9    0.311914    1.123439    1.062325   42.448761 ^ clkbuf_3_6_0_clk_PAD2CORE/Z (gf180mcu_fd_sc_mcu7t5v0__clkbuf_8)
                                                         clknet_3_6_0_clk_PAD2CORE (net)
                      1.123714    0.009670   42.458431 ^ clkbuf_leaf_7_clk_PAD2CORE/I (gf180mcu_fd_sc_mcu7t5v0__clkbuf_8)
     8    0.062477    0.332188    0.695341   43.153774 ^ clkbuf_leaf_7_clk_PAD2CORE/Z (gf180mcu_fd_sc_mcu7t5v0__clkbuf_8)
                                                         clknet_leaf_7_clk_PAD2CORE (net)
                      0.332188    0.000782   43.154556 ^ _10035_/CLK (gf180mcu_fd_sc_mcu7t5v0__dffrnq_1)
                                 -0.250000   42.904552   clock uncertainty
                                  0.000000   42.904552   clock reconvergence pessimism
                                 -0.652656   42.251900   library setup time
                                             42.251900   data required time
---------------------------------------------------------------------------------------------
                                             42.251900   data required time
                                            -43.729908   data arrival time
---------------------------------------------------------------------------------------------
                                             -1.478007   slack (VIOLATED)




===========================================================================
 report_check_types -max_slew -max_cap -max_fanout -violators
============================================================================
======================= nom_ss_125C_4v50 Corner ===================================

max slew

Pin                                        Limit        Slew       Slack
------------------------------------------------------------------------
_06777_/ZN                              3.000000    4.770411   -1.770411 (VIOLATED)
_07172_/B1                              3.000000    4.770411   -1.770411 (VIOLATED)
_07320_/B1                              3.000000    4.770411   -1.770411 (VIOLATED)
_07634_/B1                              3.000000    4.770411   -1.770411 (VIOLATED)
_07698_/B1                              3.000000    4.770411   -1.770411 (VIOLATED)
max_cap163/I                            3.000000    4.770411   -1.770411 (VIOLATED)
_05320_/ZN                              3.000000    4.610697   -1.610697 (VIOLATED)
analog[1].pad/ASIG5V                    3.000000    4.610697   -1.610697 (VIOLATED)
_07448_/A1                              3.000000    4.286221   -1.286221 (VIOLATED)
_06603_/A1                              3.000000    4.286085   -1.286085 (VIOLATED)
_06257_/A1                              3.000000    4.286027   -1.286028 (VIOLATED)
_06256_/A1                              3.000000    4.286017   -1.286018 (VIOLATED)
_06868_/A1                              3.000000    4.285977   -1.285977 (VIOLATED)
_06869_/A1                              3.000000    4.285967   -1.285967 (VIOLATED)
_08100_/B                               3.000000    4.285883   -1.285883 (VIOLATED)
_04964_/I                               3.000000    4.285869   -1.285869 (VIOLATED)
_07787_/A2                              3.000000    4.285869   -1.285869 (VIOLATED)
_07798_/A2                              3.000000    4.285869   -1.285869 (VIOLATED)
fanout571/Z                             3.000000    4.285869   -1.285869 (VIOLATED)
_09492_/S                               3.000000    4.176133   -1.176133 (VIOLATED)
_09497_/S                               3.000000    4.176131   -1.176131 (VIOLATED)
load_slew258/I                          3.000000    4.176125   -1.176125 (VIOLATED)
_09490_/S                               3.000000    4.176118   -1.176118 (VIOLATED)
_09489_/ZN                              3.000000    4.176103   -1.176103 (VIOLATED)
_09491_/S                               3.000000    4.176103   -1.176103 (VIOLATED)
_05619_/A1                              3.000000    4.092844   -1.092844 (VIOLATED)
_05620_/A1                              3.000000    4.092844   -1.092844 (VIOLATED)
_05617_/A1                              3.000000    4.092838   -1.092838 (VIOLATED)
_05618_/A1                              3.000000    4.092836   -1.092836 (VIOLATED)
_05634_/A1                              3.000000    4.092786   -1.092786 (VIOLATED)
_05635_/A1                              3.000000    4.092773   -1.092773 (VIOLATED)
_05577_/A2                              3.000000    4.092676   -1.092676 (VIOLATED)
_05578_/A2                              3.000000    4.092676   -1.092676 (VIOLATED)
_05653_/A1                              3.000000    4.092676   -1.092676 (VIOLATED)
_05706_/A1                              3.000000    4.092676   -1.092676 (VIOLATED)
fanout366/Z                             3.000000    4.092676   -1.092676 (VIOLATED)
_06751_/ZN                              3.000000    4.090050   -1.090050 (VIOLATED)
_06783_/B1                              3.000000    4.090050   -1.090050 (VIOLATED)
_07514_/B1                              3.000000    4.090050   -1.090050 (VIOLATED)
_07647_/C2                              3.000000    4.090050   -1.090050 (VIOLATED)
_07695_/B1                              3.000000    4.090050   -1.090050 (VIOLATED)
wire190/I                               3.000000    4.090050   -1.090050 (VIOLATED)
_06749_/ZN                              3.000000    4.074662   -1.074662 (VIOLATED)
_07320_/A2                              3.000000    4.074662   -1.074662 (VIOLATED)
_07519_/A2                              3.000000    4.074662   -1.074662 (VIOLATED)
_07691_/A2                              3.000000    4.074662   -1.074662 (VIOLATED)
load_slew193/I                          3.000000    4.074662   -1.074662 (VIOLATED)
_06714_/ZN                              3.000000    4.048217   -1.048217 (VIOLATED)
_07064_/A2                              3.000000    4.048217   -1.048217 (VIOLATED)
_07191_/B1                              3.000000    4.048217   -1.048217 (VIOLATED)
_07448_/A2                              3.000000    4.048217   -1.048217 (VIOLATED)
_07696_/A2                              3.000000    4.048217   -1.048217 (VIOLATED)
load_slew210/I                          3.000000    4.048217   -1.048217 (VIOLATED)
_06721_/ZN                              3.000000    4.039298   -1.039298 (VIOLATED)
_06782_/A2                              3.000000    4.039298   -1.039298 (VIOLATED)
_07071_/A3                              3.000000    4.039298   -1.039298 (VIOLATED)
_07169_/B1                              3.000000    4.039298   -1.039298 (VIOLATED)
_07588_/A2                              3.000000    4.039298   -1.039298 (VIOLATED)
max_cap205/I                            3.000000    4.039298   -1.039298 (VIOLATED)
_07741_/S                               3.000000    3.969618   -0.969618 (VIOLATED)
_07743_/S                               3.000000    3.969619   -0.969619 (VIOLATED)
_07740_/S                               3.000000    3.969614   -0.969614 (VIOLATED)
_07742_/S                               3.000000    3.969615   -0.969615 (VIOLATED)
_07734_/A2                              3.000000    3.969597   -0.969597 (VIOLATED)
_07744_/S                               3.000000    3.969597   -0.969597 (VIOLATED)
_07745_/S                               3.000000    3.969597   -0.969597 (VIOLATED)
_07746_/S                               3.000000    3.969597   -0.969597 (VIOLATED)
_07747_/S                               3.000000    3.969597   -0.969597 (VIOLATED)
fanout100/Z                             3.000000    3.969597   -0.969597 (VIOLATED)
fanout99/I                              3.000000    3.969597   -0.969597 (VIOLATED)
_06764_/ZN                              3.000000    3.903548   -0.903548 (VIOLATED)
_06782_/B1                              3.000000    3.903548   -0.903548 (VIOLATED)
_07174_/A2                              3.000000    3.903548   -0.903548 (VIOLATED)
_07336_/B1                              3.000000    3.903548   -0.903548 (VIOLATED)
_07687_/A2                              3.000000    3.903548   -0.903548 (VIOLATED)
load_slew176/I                          3.000000    3.903548   -0.903548 (VIOLATED)
_09498_/ZN                              3.000000    3.901017   -0.901017 (VIOLATED)
_09499_/S                               3.000000    3.901017   -0.901017 (VIOLATED)
_09503_/S                               3.000000    3.901017   -0.901017 (VIOLATED)
_09505_/S                               3.000000    3.901017   -0.901017 (VIOLATED)
_09506_/S                               3.000000    3.901017   -0.901017 (VIOLATED)
wire257/I                               3.000000    3.901017   -0.901017 (VIOLATED)
_09483_/ZN                              3.000000    3.900187   -0.900187 (VIOLATED)
_09484_/S                               3.000000    3.900187   -0.900187 (VIOLATED)
_09487_/S                               3.000000    3.900187   -0.900187 (VIOLATED)
max_cap259/I                            3.000000    3.900187   -0.900187 (VIOLATED)
_07191_/B2                              3.000000    3.855100   -0.855100 (VIOLATED)
_06600_/A1                              3.000000    3.855031   -0.855032 (VIOLATED)
_04966_/I                               3.000000    3.855024   -0.855024 (VIOLATED)
_06271_/A1                              3.000000    3.855007   -0.855007 (VIOLATED)
_06273_/A1                              3.000000    3.854995   -0.854995 (VIOLATED)
_06883_/A1                              3.000000    3.854919   -0.854919 (VIOLATED)
_06881_/A1                              3.000000    3.854912   -0.854912 (VIOLATED)
_07792_/A2                              3.000000    3.854841   -0.854841 (VIOLATED)
_07795_/A2                              3.000000    3.854841   -0.854841 (VIOLATED)
_07965_/A1                              3.000000    3.854841   -0.854841 (VIOLATED)
fanout573/Z                             3.000000    3.854841   -0.854841 (VIOLATED)
_08957_/A1                              3.000000    3.805615   -0.805615 (VIOLATED)
_08956_/B                               3.000000    3.805614   -0.805614 (VIOLATED)
_08970_/B                               3.000000    3.805604   -0.805604 (VIOLATED)
_08971_/A1                              3.000000    3.805601   -0.805601 (VIOLATED)
_08976_/A1                              3.000000    3.805584   -0.805584 (VIOLATED)
_08975_/B                               3.000000    3.805583   -0.805583 (VIOLATED)
_08993_/A1                              3.000000    3.805517   -0.805517 (VIOLATED)
_08992_/C                               3.000000    3.805507   -0.805507 (VIOLATED)
fanout420/I                             3.000000    3.805444   -0.805444 (VIOLATED)
fanout421/I                             3.000000    3.805444   -0.805444 (VIOLATED)
fanout422/Z                             3.000000    3.805444   -0.805444 (VIOLATED)
_09572_/S                               3.000000    3.769756   -0.769756 (VIOLATED)
_09567_/ZN                              3.000000    3.769744   -0.769744 (VIOLATED)
_09570_/S                               3.000000    3.769744   -0.769744 (VIOLATED)
max_cap248/I                            3.000000    3.769744   -0.769744 (VIOLATED)
_08960_/A2                              3.000000    3.745205   -0.745205 (VIOLATED)
_08952_/A2                              3.000000    3.745204   -0.745204 (VIOLATED)
_08963_/A2                              3.000000    3.745199   -0.745200 (VIOLATED)
_08965_/A2                              3.000000    3.745182   -0.745182 (VIOLATED)
_08978_/A2                              3.000000    3.745141   -0.745141 (VIOLATED)
_08981_/A2                              3.000000    3.745127   -0.745127 (VIOLATED)
_08985_/A2                              3.000000    3.745119   -0.745119 (VIOLATED)
_08987_/A2                              3.000000    3.745084   -0.745084 (VIOLATED)
_09006_/A2                              3.000000    3.744957   -0.744957 (VIOLATED)
_09024_/A2                              3.000000    3.744910   -0.744910 (VIOLATED)
fanout1/Z                               3.000000    3.744910   -0.744910 (VIOLATED)
_07089_/A1                              3.000000    3.688267   -0.688267 (VIOLATED)
_07147_/A1                              3.000000    3.688267   -0.688267 (VIOLATED)
_07090_/A1                              3.000000    3.688265   -0.688265 (VIOLATED)
_07118_/A1                              3.000000    3.688260   -0.688260 (VIOLATED)
_07119_/A1                              3.000000    3.688261   -0.688261 (VIOLATED)
_07765_/A2                              3.000000    3.688223   -0.688223 (VIOLATED)
_07764_/A2                              3.000000    3.688220   -0.688220 (VIOLATED)
_04957_/I                               3.000000    3.688216   -0.688216 (VIOLATED)
_07693_/A1                              3.000000    3.688189   -0.688189 (VIOLATED)
_08122_/A1                              3.000000    3.688189   -0.688189 (VIOLATED)
fanout575/Z                             3.000000    3.688189   -0.688189 (VIOLATED)
_06775_/ZN                              3.000000    3.598262   -0.598262 (VIOLATED)
_06788_/B1                              3.000000    3.598262   -0.598262 (VIOLATED)
_07445_/B1                              3.000000    3.598262   -0.598262 (VIOLATED)
_07509_/B1                              3.000000    3.598262   -0.598262 (VIOLATED)
_07581_/B1                              3.000000    3.598262   -0.598262 (VIOLATED)
_07690_/B1                              3.000000    3.598262   -0.598262 (VIOLATED)
max_cap165/I                            3.000000    3.598262   -0.598262 (VIOLATED)
_06765_/ZN                              3.000000    3.592529   -0.592529 (VIOLATED)
_07523_/B1                              3.000000    3.592529   -0.592529 (VIOLATED)
_07576_/A2                              3.000000    3.592529   -0.592529 (VIOLATED)
_07640_/B1                              3.000000    3.592529   -0.592529 (VIOLATED)
max_cap175/I                            3.000000    3.592529   -0.592529 (VIOLATED)
_06711_/ZN                              3.000000    3.581805   -0.581805 (VIOLATED)
_07191_/A2                              3.000000    3.581805   -0.581805 (VIOLATED)
_07700_/A2                              3.000000    3.581805   -0.581805 (VIOLATED)
wire212/I                               3.000000    3.581805   -0.581805 (VIOLATED)
wire221/I                               3.000000    3.552982   -0.552982 (VIOLATED)
_06575_/ZN                              3.000000    3.552968   -0.552968 (VIOLATED)
_07067_/A2                              3.000000    3.552968   -0.552968 (VIOLATED)
_07518_/A1                              3.000000    3.537347   -0.537347 (VIOLATED)
_06620_/A1                              3.000000    3.537304   -0.537304 (VIOLATED)
_06618_/A1                              3.000000    3.537301   -0.537301 (VIOLATED)
_06624_/C                               3.000000    3.537284   -0.537284 (VIOLATED)
_06157_/B                               3.000000    3.537265   -0.537265 (VIOLATED)
_06158_/A1                              3.000000    3.537263   -0.537263 (VIOLATED)
_06962_/A1                              3.000000    3.537250   -0.537250 (VIOLATED)
_06963_/A1                              3.000000    3.537247   -0.537247 (VIOLATED)
_07768_/A2                              3.000000    3.537177   -0.537177 (VIOLATED)
_07769_/A2                              3.000000    3.537177   -0.537177 (VIOLATED)
fanout579/Z                             3.000000    3.537177   -0.537177 (VIOLATED)
_04875_/I                               3.000000    3.473381   -0.473381 (VIOLATED)
_05202_/A1                              3.000000    3.473381   -0.473381 (VIOLATED)
_05203_/A1                              3.000000    3.473381   -0.473381 (VIOLATED)
_05234_/A1                              3.000000    3.473381   -0.473381 (VIOLATED)
_05256_/A1                              3.000000    3.473381   -0.473381 (VIOLATED)
_05580_/A1                              3.000000    3.473381   -0.473381 (VIOLATED)
_05670_/A1                              3.000000    3.473381   -0.473381 (VIOLATED)
_08532_/A1                              3.000000    3.473381   -0.473381 (VIOLATED)
_08780_/A1                              3.000000    3.473381   -0.473381 (VIOLATED)
_09033_/A1                              3.000000    3.473381   -0.473381 (VIOLATED)
fanout411/Z                             3.000000    3.473381   -0.473381 (VIOLATED)
_06705_/ZN                              3.000000    3.469533   -0.469533 (VIOLATED)
_07160_/A2                              3.000000    3.469533   -0.469533 (VIOLATED)
_07514_/A2                              3.000000    3.469533   -0.469533 (VIOLATED)
_07581_/A2                              3.000000    3.469533   -0.469533 (VIOLATED)
_07689_/A2                              3.000000    3.469533   -0.469533 (VIOLATED)
max_cap214/I                            3.000000    3.469533   -0.469533 (VIOLATED)
_09542_/I1                              3.000000    3.451753   -0.451753 (VIOLATED)
_09583_/I0                              3.000000    3.451694   -0.451694 (VIOLATED)
fanout514/I                             3.000000    3.451631   -0.451631 (VIOLATED)
fanout516/Z                             3.000000    3.451631   -0.451631 (VIOLATED)
max_cap517/I                            3.000000    3.451631   -0.451631 (VIOLATED)
_09192_/A1                              3.000000    3.447262   -0.447262 (VIOLATED)
_09210_/A1                              3.000000    3.447237   -0.447238 (VIOLATED)
_05544_/ZN                              3.000000    3.447205   -0.447205 (VIOLATED)
_05576_/A1                              3.000000    3.447205   -0.447205 (VIOLATED)
_09224_/B                               3.000000    3.447205   -0.447205 (VIOLATED)
_09226_/A1                              3.000000    3.447205   -0.447205 (VIOLATED)
wire242/I                               3.000000    3.447205   -0.447205 (VIOLATED)
_07524_/A1                              3.000000    3.435424   -0.435424 (VIOLATED)
_06594_/A1                              3.000000    3.435401   -0.435401 (VIOLATED)
_06593_/A1                              3.000000    3.435400   -0.435401 (VIOLATED)
_06250_/A1                              3.000000    3.435374   -0.435375 (VIOLATED)
_06249_/B                               3.000000    3.435367   -0.435367 (VIOLATED)
_06251_/A1                              3.000000    3.435364   -0.435364 (VIOLATED)
_06861_/B                               3.000000    3.435323   -0.435323 (VIOLATED)
_06862_/A1                              3.000000    3.435303   -0.435304 (VIOLATED)
_07784_/A2                              3.000000    3.435215   -0.435215 (VIOLATED)
_07786_/A2                              3.000000    3.435215   -0.435215 (VIOLATED)
fanout569/Z                             3.000000    3.435215   -0.435215 (VIOLATED)
_06716_/ZN                              3.000000    3.396469   -0.396470 (VIOLATED)
_07313_/A2                              3.000000    3.396469   -0.396470 (VIOLATED)
_07577_/A2                              3.000000    3.396469   -0.396470 (VIOLATED)
wire208/I                               3.000000    3.396469   -0.396470 (VIOLATED)
_08302_/A2                              3.000000    3.389763   -0.389764 (VIOLATED)
_08304_/A2                              3.000000    3.389760   -0.389760 (VIOLATED)
_08306_/A2                              3.000000    3.389751   -0.389751 (VIOLATED)
_08308_/A2                              3.000000    3.389746   -0.389746 (VIOLATED)
_08316_/A2                              3.000000    3.389729   -0.389730 (VIOLATED)
_08310_/A2                              3.000000    3.389728   -0.389728 (VIOLATED)
_08318_/A2                              3.000000    3.389728   -0.389728 (VIOLATED)
_08312_/A2                              3.000000    3.389725   -0.389725 (VIOLATED)
_08314_/A2                              3.000000    3.389705   -0.389705 (VIOLATED)
_08320_/A2                              3.000000    3.389705   -0.389705 (VIOLATED)
fanout7/Z                               3.000000    3.389705   -0.389705 (VIOLATED)
_08345_/A2                              3.000000    3.343816   -0.343816 (VIOLATED)
_08349_/A2                              3.000000    3.343814   -0.343814 (VIOLATED)
_08347_/A2                              3.000000    3.343812   -0.343813 (VIOLATED)
_08139_/B                               3.000000    3.343801   -0.343801 (VIOLATED)
_08351_/A2                              3.000000    3.343801   -0.343801 (VIOLATED)
_08353_/A2                              3.000000    3.343801   -0.343801 (VIOLATED)
_08355_/A2                              3.000000    3.343801   -0.343801 (VIOLATED)
_08357_/A2                              3.000000    3.343801   -0.343801 (VIOLATED)
_08359_/A2                              3.000000    3.343801   -0.343801 (VIOLATED)
_08361_/A2                              3.000000    3.343801   -0.343801 (VIOLATED)
fanout33/Z                              3.000000    3.343801   -0.343801 (VIOLATED)
_05771_/ZN                              3.000000    3.332888   -0.332888 (VIOLATED)
wire290/I                               3.000000    3.332888   -0.332888 (VIOLATED)
_07104_/A1                              3.000000    3.315542   -0.315542 (VIOLATED)
_07105_/A1                              3.000000    3.315542   -0.315542 (VIOLATED)
_08473_/A2                              3.000000    3.315520   -0.315520 (VIOLATED)
_08474_/A2                              3.000000    3.315491   -0.315491 (VIOLATED)
_09212_/A2                              3.000000    3.315482   -0.315483 (VIOLATED)
_08686_/A1                              3.000000    3.315472   -0.315472 (VIOLATED)
_08690_/A1                              3.000000    3.315472   -0.315472 (VIOLATED)
_08831_/A1                              3.000000    3.315472   -0.315472 (VIOLATED)
_08836_/A1                              3.000000    3.315472   -0.315472 (VIOLATED)
_09465_/I1                              3.000000    3.315472   -0.315472 (VIOLATED)
fanout556/Z                             3.000000    3.315472   -0.315472 (VIOLATED)
_09481_/A2                              3.000000    3.305917   -0.305917 (VIOLATED)
_09482_/A2                              3.000000    3.305915   -0.305915 (VIOLATED)
_09479_/A2                              3.000000    3.305913   -0.305913 (VIOLATED)
_09480_/A2                              3.000000    3.305911   -0.305912 (VIOLATED)
_09477_/A2                              3.000000    3.305898   -0.305898 (VIOLATED)
_09478_/A2                              3.000000    3.305896   -0.305896 (VIOLATED)
_09476_/S                               3.000000    3.305880   -0.305880 (VIOLATED)
_09474_/A2                              3.000000    3.305830   -0.305831 (VIOLATED)
_09475_/A2                              3.000000    3.305822   -0.305822 (VIOLATED)
_09468_/A2                              3.000000    3.305769   -0.305769 (VIOLATED)
fanout311/Z                             3.000000    3.305769   -0.305769 (VIOLATED)
_09521_/I1                              3.000000    3.298885   -0.298885 (VIOLATED)
_09443_/A1                              3.000000    3.298881   -0.298881 (VIOLATED)
_09552_/I0                              3.000000    3.298874   -0.298874 (VIOLATED)
wire496/I                               3.000000    3.298873   -0.298873 (VIOLATED)
_07743_/I1                              3.000000    3.298809   -0.298809 (VIOLATED)
fanout495/Z                             3.000000    3.298809   -0.298809 (VIOLATED)
_09510_/A1                              3.000000    3.298125   -0.298125 (VIOLATED)
_09543_/I1                              3.000000    3.298112   -0.298112 (VIOLATED)
fanout510/Z                             3.000000    3.297892   -0.297892 (VIOLATED)
max_cap511/I                            3.000000    3.297892   -0.297892 (VIOLATED)
_09518_/A2                              3.000000    3.279190   -0.279190 (VIOLATED)
_09517_/A2                              3.000000    3.279189   -0.279190 (VIOLATED)
_09519_/S                               3.000000    3.279187   -0.279188 (VIOLATED)
_09520_/S                               3.000000    3.279171   -0.279171 (VIOLATED)
_09521_/S                               3.000000    3.279155   -0.279155 (VIOLATED)
_09522_/S                               3.000000    3.279134   -0.279134 (VIOLATED)
_09523_/A2                              3.000000    3.279115   -0.279116 (VIOLATED)
_09524_/A2                              3.000000    3.279115   -0.279116 (VIOLATED)
_09525_/S                               3.000000    3.279115   -0.279116 (VIOLATED)
_09526_/A2                              3.000000    3.279115   -0.279116 (VIOLATED)
fanout254/Z                             3.000000    3.279115   -0.279116 (VIOLATED)
_09476_/I0                              3.000000    3.264466   -0.264466 (VIOLATED)
_09604_/I1                              3.000000    3.264465   -0.264465 (VIOLATED)
_05765_/I1                              3.000000    3.264455   -0.264455 (VIOLATED)
_09503_/I1                              3.000000    3.264321   -0.264321 (VIOLATED)
load_slew488/I                          3.000000    3.264290   -0.264290 (VIOLATED)
_07744_/I1                              3.000000    3.264213   -0.264213 (VIOLATED)
fanout487/Z                             3.000000    3.264213   -0.264213 (VIOLATED)
_06725_/ZN                              3.000000    3.248194   -0.248194 (VIOLATED)
_07321_/A2                              3.000000    3.248194   -0.248194 (VIOLATED)
_07441_/A2                              3.000000    3.248194   -0.248194 (VIOLATED)
_07587_/A2                              3.000000    3.248194   -0.248194 (VIOLATED)
_07643_/A2                              3.000000    3.248194   -0.248194 (VIOLATED)
load_slew199/I                          3.000000    3.248194   -0.248194 (VIOLATED)
_08248_/A2                              3.000000    3.240107   -0.240107 (VIOLATED)
_08251_/A2                              3.000000    3.240105   -0.240105 (VIOLATED)
_08254_/A2                              3.000000    3.240098   -0.240098 (VIOLATED)
_08257_/A2                              3.000000    3.240090   -0.240090 (VIOLATED)
_08260_/A2                              3.000000    3.240082   -0.240082 (VIOLATED)
_08266_/A2                              3.000000    3.240079   -0.240079 (VIOLATED)
_08263_/A2                              3.000000    3.240072   -0.240072 (VIOLATED)
_05420_/A1                              3.000000    3.240057   -0.240057 (VIOLATED)
_08269_/A2                              3.000000    3.240057   -0.240057 (VIOLATED)
_08272_/A2                              3.000000    3.240057   -0.240057 (VIOLATED)
fanout133/Z                             3.000000    3.240057   -0.240057 (VIOLATED)
_09537_/S                               3.000000    3.235368   -0.235368 (VIOLATED)
_09535_/A2                              3.000000    3.235367   -0.235367 (VIOLATED)
_09536_/A2                              3.000000    3.235367   -0.235367 (VIOLATED)
_09538_/A2                              3.000000    3.235367   -0.235367 (VIOLATED)
_09534_/S                               3.000000    3.235364   -0.235364 (VIOLATED)
_09529_/S                               3.000000    3.235364   -0.235364 (VIOLATED)
_09532_/A2                              3.000000    3.235363   -0.235363 (VIOLATED)
_09533_/A2                              3.000000    3.235363   -0.235363 (VIOLATED)
_09530_/S                               3.000000    3.235351   -0.235351 (VIOLATED)
_09531_/S                               3.000000    3.235351   -0.235351 (VIOLATED)
fanout252/Z                             3.000000    3.235351   -0.235351 (VIOLATED)
_08777_/A1                              3.000000    3.224614   -0.224614 (VIOLATED)
_08775_/A1                              3.000000    3.224612   -0.224612 (VIOLATED)
_08626_/A1                              3.000000    3.224611   -0.224611 (VIOLATED)
_04882_/I                               3.000000    3.224600   -0.224600 (VIOLATED)
_09025_/A1                              3.000000    3.224581   -0.224581 (VIOLATED)
_09093_/A1                              3.000000    3.224575   -0.224575 (VIOLATED)
_05150_/A2                              3.000000    3.224563   -0.224563 (VIOLATED)
_09221_/A1                              3.000000    3.224546   -0.224546 (VIOLATED)
_05151_/A2                              3.000000    3.224530   -0.224530 (VIOLATED)
_05152_/A2                              3.000000    3.224530   -0.224530 (VIOLATED)
fanout414/Z                             3.000000    3.224530   -0.224530 (VIOLATED)
_08502_/A2                              3.000000    3.222711   -0.222711 (VIOLATED)
_08500_/A2                              3.000000    3.222709   -0.222710 (VIOLATED)
_08814_/A1                              3.000000    3.222702   -0.222702 (VIOLATED)
_08815_/A1                              3.000000    3.222698   -0.222698 (VIOLATED)
_06490_/A1                              3.000000    3.222663   -0.222663 (VIOLATED)
_06492_/A1                              3.000000    3.222652   -0.222652 (VIOLATED)
_05970_/A1                              3.000000    3.222622   -0.222622 (VIOLATED)
_05971_/A1                              3.000000    3.222621   -0.222621 (VIOLATED)
_06653_/A1                              3.000000    3.222600   -0.222600 (VIOLATED)
_04930_/I                               3.000000    3.222589   -0.222589 (VIOLATED)
fanout554/Z                             3.000000    3.222589   -0.222589 (VIOLATED)
fanout120/I                             3.000000    3.211316   -0.211316 (VIOLATED)
_08989_/A1                              3.000000    3.211313   -0.211313 (VIOLATED)
_08994_/B1                              3.000000    3.211305   -0.211305 (VIOLATED)
_09005_/B1                              3.000000    3.211296   -0.211296 (VIOLATED)
_09008_/A1                              3.000000    3.211257   -0.211258 (VIOLATED)
fanout122/I                             3.000000    3.211186   -0.211186 (VIOLATED)
fanout123/Z                             3.000000    3.211186   -0.211186 (VIOLATED)
_05791_/I1                              3.000000    3.210371   -0.210372 (VIOLATED)
_09490_/I1                              3.000000    3.210352   -0.210352 (VIOLATED)
_07740_/I1                              3.000000    3.210330   -0.210331 (VIOLATED)
fanout514/Z                             3.000000    3.210330   -0.210331 (VIOLATED)
wire515/I                               3.000000    3.210330   -0.210331 (VIOLATED)
_08244_/B                               3.000000    3.186630   -0.186630 (VIOLATED)
_08247_/B                               3.000000    3.186630   -0.186630 (VIOLATED)
_08250_/B                               3.000000    3.186625   -0.186626 (VIOLATED)
_08253_/B                               3.000000    3.186617   -0.186617 (VIOLATED)
_08256_/B                               3.000000    3.186599   -0.186599 (VIOLATED)
_08259_/B                               3.000000    3.186576   -0.186576 (VIOLATED)
_08265_/B                               3.000000    3.186565   -0.186565 (VIOLATED)
_08262_/B                               3.000000    3.186564   -0.186564 (VIOLATED)
_08268_/B                               3.000000    3.186527   -0.186527 (VIOLATED)
_08147_/A2                              3.000000    3.186515   -0.186515 (VIOLATED)
fanout129/Z                             3.000000    3.186515   -0.186515 (VIOLATED)
_06785_/A1                              3.000000    3.164943   -0.164943 (VIOLATED)
_06611_/A1                              3.000000    3.164927   -0.164927 (VIOLATED)
_06587_/A1                              3.000000    3.164917   -0.164917 (VIOLATED)
_06209_/A1                              3.000000    3.164898   -0.164898 (VIOLATED)
_06210_/A1                              3.000000    3.164885   -0.164885 (VIOLATED)
_07011_/A1                              3.000000    3.164867   -0.164867 (VIOLATED)
_07010_/A1                              3.000000    3.164866   -0.164866 (VIOLATED)
_07012_/A1                              3.000000    3.164860   -0.164860 (VIOLATED)
_07776_/A2                              3.000000    3.164804   -0.164804 (VIOLATED)
_07806_/A2                              3.000000    3.164804   -0.164804 (VIOLATED)
fanout585/Z                             3.000000    3.164804   -0.164804 (VIOLATED)
_08282_/A2                              3.000000    3.162799   -0.162799 (VIOLATED)
_08280_/A2                              3.000000    3.162796   -0.162796 (VIOLATED)
_08284_/A2                              3.000000    3.162785   -0.162785 (VIOLATED)
_08286_/A2                              3.000000    3.162771   -0.162771 (VIOLATED)
_08288_/A2                              3.000000    3.162743   -0.162743 (VIOLATED)
_08290_/A2                              3.000000    3.162729   -0.162729 (VIOLATED)
_08292_/A2                              3.000000    3.162712   -0.162712 (VIOLATED)
_08294_/A2                              3.000000    3.162694   -0.162694 (VIOLATED)
_08296_/A2                              3.000000    3.162672   -0.162672 (VIOLATED)
_08298_/A2                              3.000000    3.162672   -0.162672 (VIOLATED)
fanout6/Z                               3.000000    3.162672   -0.162672 (VIOLATED)
_09557_/ZN                              3.000000    3.150444   -0.150444 (VIOLATED)
_09558_/S                               3.000000    3.150444   -0.150444 (VIOLATED)
_09559_/S                               3.000000    3.150444   -0.150444 (VIOLATED)
_09560_/S                               3.000000    3.150444   -0.150444 (VIOLATED)
wire249/I                               3.000000    3.150444   -0.150444 (VIOLATED)
_09201_/A1                              3.000000    3.148870   -0.148870 (VIOLATED)
_05571_/A1                              3.000000    3.148832   -0.148832 (VIOLATED)
_05572_/A1                              3.000000    3.148831   -0.148831 (VIOLATED)
_09214_/A1                              3.000000    3.148818   -0.148818 (VIOLATED)
_09215_/A2                              3.000000    3.148811   -0.148811 (VIOLATED)
_09227_/A1                              3.000000    3.148793   -0.148793 (VIOLATED)
fanout301/Z                             3.000000    3.148793   -0.148793 (VIOLATED)
max_cap302/I                            3.000000    3.148793   -0.148793 (VIOLATED)
_08282_/B1                              3.000000    3.139630   -0.139630 (VIOLATED)
_08280_/B1                              3.000000    3.139629   -0.139629 (VIOLATED)
_08284_/B1                              3.000000    3.139614   -0.139615 (VIOLATED)
_08286_/B1                              3.000000    3.139603   -0.139603 (VIOLATED)
_08288_/B1                              3.000000    3.139576   -0.139577 (VIOLATED)
_08290_/B1                              3.000000    3.139563   -0.139563 (VIOLATED)
_08292_/B1                              3.000000    3.139548   -0.139548 (VIOLATED)
_08294_/B1                              3.000000    3.139537   -0.139537 (VIOLATED)
_08296_/B1                              3.000000    3.139525   -0.139525 (VIOLATED)
_08298_/B1                              3.000000    3.139525   -0.139525 (VIOLATED)
fanout29/Z                              3.000000    3.139525   -0.139525 (VIOLATED)
_08359_/A1                              3.000000    3.120900   -0.120900 (VIOLATED)
_08316_/B2                              3.000000    3.120899   -0.120899 (VIOLATED)
_07917_/A1                              3.000000    3.120897   -0.120897 (VIOLATED)
_08267_/A1                              3.000000    3.120896   -0.120896 (VIOLATED)
_04894_/I                               3.000000    3.120886   -0.120886 (VIOLATED)
_05281_/A2                              3.000000    3.120886   -0.120886 (VIOLATED)
_05282_/A2                              3.000000    3.120886   -0.120886 (VIOLATED)
_08066_/A1                              3.000000    3.120886   -0.120886 (VIOLATED)
_08371_/A1                              3.000000    3.120886   -0.120886 (VIOLATED)
_08372_/A2                              3.000000    3.120886   -0.120886 (VIOLATED)
fanout449/Z                             3.000000    3.120886   -0.120886 (VIOLATED)
_05134_/A2                              3.000000    3.111117   -0.111117 (VIOLATED)
_05135_/A2                              3.000000    3.111116   -0.111116 (VIOLATED)
_09084_/A1                              3.000000    3.111105   -0.111105 (VIOLATED)
_05590_/A1                              3.000000    3.111104   -0.111104 (VIOLATED)
_09010_/I0                              3.000000    3.111104   -0.111104 (VIOLATED)
_08548_/A1                              3.000000    3.111093   -0.111093 (VIOLATED)
_08618_/A1                              3.000000    3.111093   -0.111093 (VIOLATED)
_04880_/I                               3.000000    3.111093   -0.111093 (VIOLATED)
_08781_/A1                              3.000000    3.111092   -0.111092 (VIOLATED)
_08474_/A1                              3.000000    3.111082   -0.111082 (VIOLATED)
fanout416/Z                             3.000000    3.111082   -0.111082 (VIOLATED)
_08302_/B1                              3.000000    3.110442   -0.110443 (VIOLATED)
_08304_/B1                              3.000000    3.110440   -0.110440 (VIOLATED)
_08306_/B1                              3.000000    3.110430   -0.110430 (VIOLATED)
_08308_/B1                              3.000000    3.110421   -0.110421 (VIOLATED)
_08310_/B1                              3.000000    3.110409   -0.110409 (VIOLATED)
_08316_/B1                              3.000000    3.110404   -0.110405 (VIOLATED)
_08318_/B1                              3.000000    3.110402   -0.110402 (VIOLATED)
_08312_/B1                              3.000000    3.110400   -0.110400 (VIOLATED)
_08314_/B1                              3.000000    3.110383   -0.110383 (VIOLATED)
_08320_/B1                              3.000000    3.110383   -0.110383 (VIOLATED)
fanout30/Z                              3.000000    3.110383   -0.110383 (VIOLATED)
_07153_/A1                              3.000000    3.102314   -0.102314 (VIOLATED)
_06343_/A1                              3.000000    3.102313   -0.102313 (VIOLATED)
_06629_/A1                              3.000000    3.102312   -0.102312 (VIOLATED)
_07056_/A1                              3.000000    3.102310   -0.102310 (VIOLATED)
_06688_/A1                              3.000000    3.102296   -0.102296 (VIOLATED)
_06687_/A1                              3.000000    3.102288   -0.102288 (VIOLATED)
_06728_/A1                              3.000000    3.102256   -0.102256 (VIOLATED)
_06753_/A1                              3.000000    3.102233   -0.102233 (VIOLATED)
fanout281/I                             3.000000    3.102203   -0.102203 (VIOLATED)
fanout280/I                             3.000000    3.102187   -0.102187 (VIOLATED)
fanout282/Z                             3.000000    3.102187   -0.102187 (VIOLATED)
_09446_/A1                              3.000000    3.090033   -0.090033 (VIOLATED)
load_slew483/I                          3.000000    3.089987   -0.089987 (VIOLATED)
max_cap484/I                            3.000000    3.089929   -0.089929 (VIOLATED)
_07745_/I1                              3.000000    3.089906   -0.089907 (VIOLATED)
fanout482/Z                             3.000000    3.089906   -0.089907 (VIOLATED)
_09566_/I1                              3.000000    3.076467   -0.076467 (VIOLATED)
_09433_/A1                              3.000000    3.076459   -0.076460 (VIOLATED)
_09538_/A1                              3.000000    3.076452   -0.076452 (VIOLATED)
_09449_/A1                              3.000000    3.076393   -0.076393 (VIOLATED)
_09526_/A1                              3.000000    3.076393   -0.076393 (VIOLATED)
_09556_/I0                              3.000000    3.076366   -0.076366 (VIOLATED)
_09497_/I1                              3.000000    3.076322   -0.076322 (VIOLATED)
fanout476/Z                             3.000000    3.076322   -0.076322 (VIOLATED)
_09428_/S                               3.000000    3.074908   -0.074908 (VIOLATED)
_09430_/A2                              3.000000    3.074907   -0.074907 (VIOLATED)
_09429_/A2                              3.000000    3.074907   -0.074907 (VIOLATED)
_09431_/A2                              3.000000    3.074896   -0.074896 (VIOLATED)
_09427_/S                               3.000000    3.074887   -0.074887 (VIOLATED)
_09425_/A2                              3.000000    3.074882   -0.074882 (VIOLATED)
_09426_/A2                              3.000000    3.074877   -0.074877 (VIOLATED)
_09423_/A2                              3.000000    3.074869   -0.074869 (VIOLATED)
_09424_/A2                              3.000000    3.074869   -0.074869 (VIOLATED)
_09422_/S                               3.000000    3.074854   -0.074854 (VIOLATED)
fanout264/Z                             3.000000    3.074854   -0.074854 (VIOLATED)
_09031_/B1                              3.000000    3.052988   -0.052988 (VIOLATED)
_09026_/A1                              3.000000    3.052987   -0.052987 (VIOLATED)
_09013_/B1                              3.000000    3.052986   -0.052986 (VIOLATED)
_09034_/A1                              3.000000    3.052986   -0.052986 (VIOLATED)
_09023_/B1                              3.000000    3.052979   -0.052979 (VIOLATED)
_09018_/A1                              3.000000    3.052958   -0.052958 (VIOLATED)
_09170_/B1                              3.000000    3.052950   -0.052951 (VIOLATED)
_08922_/A1                              3.000000    3.052941   -0.052941 (VIOLATED)
fanout121/I                             3.000000    3.052930   -0.052930 (VIOLATED)
fanout122/Z                             3.000000    3.052930   -0.052930 (VIOLATED)
_07462_/C                               3.000000    3.046085   -0.046085 (VIOLATED)
_07458_/ZN                              3.000000    3.046083   -0.046083 (VIOLATED)
_09315_/B                               3.000000    3.034008   -0.034008 (VIOLATED)
_09293_/A1                              3.000000    3.034007   -0.034007 (VIOLATED)
_08421_/A1                              3.000000    3.034006   -0.034006 (VIOLATED)
_08420_/A1                              3.000000    3.034003   -0.034003 (VIOLATED)
_08422_/A1                              3.000000    3.033998   -0.033998 (VIOLATED)
_05404_/A1                              3.000000    3.033977   -0.033977 (VIOLATED)
_07753_/B                               3.000000    3.033977   -0.033977 (VIOLATED)
_08139_/A1                              3.000000    3.033977   -0.033977 (VIOLATED)
_08141_/A1                              3.000000    3.033977   -0.033977 (VIOLATED)
_08842_/A1                              3.000000    3.033977   -0.033977 (VIOLATED)
fanout528/Z                             3.000000    3.033977   -0.033977 (VIOLATED)
_08343_/B1                              3.000000    3.030468   -0.030469 (VIOLATED)
_08345_/B1                              3.000000    3.030467   -0.030467 (VIOLATED)
_08349_/B1                              3.000000    3.030461   -0.030461 (VIOLATED)
_08347_/B1                              3.000000    3.030456   -0.030457 (VIOLATED)
_08351_/B1                              3.000000    3.030451   -0.030451 (VIOLATED)
_08353_/B1                              3.000000    3.030435   -0.030435 (VIOLATED)
_08355_/B1                              3.000000    3.030435   -0.030435 (VIOLATED)
_08357_/B1                              3.000000    3.030435   -0.030435 (VIOLATED)
_08359_/B1                              3.000000    3.030435   -0.030435 (VIOLATED)
_08361_/B1                              3.000000    3.030435   -0.030435 (VIOLATED)
fanout4/Z                               3.000000    3.030435   -0.030435 (VIOLATED)
_08622_/A1                              3.000000    3.025731   -0.025731 (VIOLATED)
_08834_/A1                              3.000000    3.025724   -0.025725 (VIOLATED)
_08771_/A1                              3.000000    3.025724   -0.025724 (VIOLATED)
_09090_/A1                              3.000000    3.025711   -0.025711 (VIOLATED)
_05657_/B                               3.000000    3.025697   -0.025697 (VIOLATED)
_05654_/A1                              3.000000    3.025687   -0.025687 (VIOLATED)
_08529_/A1                              3.000000    3.025660   -0.025660 (VIOLATED)
_04879_/I                               3.000000    3.025649   -0.025649 (VIOLATED)
_05141_/A2                              3.000000    3.025629   -0.025629 (VIOLATED)
_05142_/A2                              3.000000    3.025629   -0.025629 (VIOLATED)
fanout415/Z                             3.000000    3.025629   -0.025629 (VIOLATED)
_09045_/A1                              3.000000    3.010366   -0.010366 (VIOLATED)
_09042_/A1                              3.000000    3.010364   -0.010364 (VIOLATED)
_09048_/A1                              3.000000    3.010362   -0.010362 (VIOLATED)
_09039_/A1                              3.000000    3.010362   -0.010362 (VIOLATED)
_08426_/A1                              3.000000    3.010358   -0.010358 (VIOLATED)
_09051_/A1                              3.000000    3.010346   -0.010346 (VIOLATED)
_09054_/A1                              3.000000    3.010332   -0.010332 (VIOLATED)
_09057_/A1                              3.000000    3.010332   -0.010332 (VIOLATED)
_09060_/A1                              3.000000    3.010332   -0.010332 (VIOLATED)
_09063_/A1                              3.000000    3.010332   -0.010332 (VIOLATED)
fanout520/Z                             3.000000    3.010332   -0.010332 (VIOLATED)
_07336_/A1                              3.000000    3.006571   -0.006571 (VIOLATED)
_06263_/A1                              3.000000    3.006559   -0.006559 (VIOLATED)
_06262_/A1                              3.000000    3.006558   -0.006558 (VIOLATED)
_06269_/A1                              3.000000    3.006557   -0.006557 (VIOLATED)
_06598_/A1                              3.000000    3.006554   -0.006555 (VIOLATED)
_06874_/A1                              3.000000    3.006536   -0.006536 (VIOLATED)
_06875_/A1                              3.000000    3.006536   -0.006536 (VIOLATED)
_04965_/I                               3.000000    3.006483   -0.006483 (VIOLATED)
_07788_/A2                              3.000000    3.006483   -0.006483 (VIOLATED)
_07961_/A1                              3.000000    3.006483   -0.006483 (VIOLATED)
fanout572/Z                             3.000000    3.006483   -0.006483 (VIOLATED)

max fanout

Pin                                   Limit Fanout  Slack
---------------------------------------------------------
clkbuf_leaf_12_clk_PAD2CORE/Z            10     11        (VIOLATED)
clkbuf_leaf_27_clk_PAD2CORE/Z            10     11        (VIOLATED)
clkbuf_leaf_43_clk_PAD2CORE/Z            10     11        (VIOLATED)

max capacitance

Pin                                        Limit         Cap       Slack
------------------------------------------------------------------------
bidir_PAD[0]                            0.200000    3.530755   -3.330755 (VIOLATED)
bidir_PAD[10]                           0.200000    3.530755   -3.330755 (VIOLATED)
bidir_PAD[11]                           0.200000    3.530755   -3.330755 (VIOLATED)
bidir_PAD[12]                           0.200000    3.530755   -3.330755 (VIOLATED)
bidir_PAD[13]                           0.200000    3.530755   -3.330755 (VIOLATED)
bidir_PAD[14]                           0.200000    3.530755   -3.330755 (VIOLATED)
bidir_PAD[15]                           0.200000    3.530755   -3.330755 (VIOLATED)
bidir_PAD[16]                           0.200000    3.530755   -3.330755 (VIOLATED)
bidir_PAD[17]                           0.200000    3.530755   -3.330755 (VIOLATED)
bidir_PAD[18]                           0.200000    3.530755   -3.330755 (VIOLATED)
bidir_PAD[19]                           0.200000    3.530755   -3.330755 (VIOLATED)
bidir_PAD[1]                            0.200000    3.530755   -3.330755 (VIOLATED)
bidir_PAD[2]                            0.200000    3.530755   -3.330755 (VIOLATED)
bidir_PAD[3]                            0.200000    3.530755   -3.330755 (VIOLATED)
bidir_PAD[4]                            0.200000    3.530755   -3.330755 (VIOLATED)
bidir_PAD[5]                            0.200000    3.530755   -3.330755 (VIOLATED)
bidir_PAD[6]                            0.200000    3.530755   -3.330755 (VIOLATED)
bidir_PAD[7]                            0.200000    3.530755   -3.330755 (VIOLATED)
bidir_PAD[8]                            0.200000    3.530755   -3.330755 (VIOLATED)
bidir_PAD[9]                            0.200000    3.530755   -3.330755 (VIOLATED)
bidir[0].pad/PAD                        0.200000    3.530755   -3.330755 (VIOLATED)
bidir[10].pad/PAD                       0.200000    3.530755   -3.330755 (VIOLATED)
bidir[11].pad/PAD                       0.200000    3.530755   -3.330755 (VIOLATED)
bidir[12].pad/PAD                       0.200000    3.530755   -3.330755 (VIOLATED)
bidir[13].pad/PAD                       0.200000    3.530755   -3.330755 (VIOLATED)
bidir[14].pad/PAD                       0.200000    3.530755   -3.330755 (VIOLATED)
bidir[15].pad/PAD                       0.200000    3.530755   -3.330755 (VIOLATED)
bidir[16].pad/PAD                       0.200000    3.530755   -3.330755 (VIOLATED)
bidir[17].pad/PAD                       0.200000    3.530755   -3.330755 (VIOLATED)
bidir[18].pad/PAD                       0.200000    3.530755   -3.330755 (VIOLATED)
bidir[19].pad/PAD                       0.200000    3.530755   -3.330755 (VIOLATED)
bidir[1].pad/PAD                        0.200000    3.530755   -3.330755 (VIOLATED)
bidir[2].pad/PAD                        0.200000    3.530755   -3.330755 (VIOLATED)
bidir[3].pad/PAD                        0.200000    3.530755   -3.330755 (VIOLATED)
bidir[4].pad/PAD                        0.200000    3.530755   -3.330755 (VIOLATED)
bidir[5].pad/PAD                        0.200000    3.530755   -3.330755 (VIOLATED)
bidir[6].pad/PAD                        0.200000    3.530755   -3.330755 (VIOLATED)
bidir[7].pad/PAD                        0.200000    3.530755   -3.330755 (VIOLATED)
bidir[8].pad/PAD                        0.200000    3.530755   -3.330755 (VIOLATED)
bidir[9].pad/PAD                        0.200000    3.530755   -3.330755 (VIOLATED)
input_PAD                               0.200000    3.192950   -2.992950 (VIOLATED)
rst_n_PAD                               0.200000    3.192950   -2.992950 (VIOLATED)
clk_PAD                                 0.200000    3.189740   -2.989740 (VIOLATED)
clkbuf_3_0_0_clk_PAD2CORE/Z             0.200000    0.392283   -0.192283 (VIOLATED)
clkbuf_3_4_0_clk_PAD2CORE/Z             0.200000    0.346657   -0.146657 (VIOLATED)
clkbuf_3_7_0_clk_PAD2CORE/Z             0.200000    0.325433   -0.125433 (VIOLATED)
clkbuf_3_6_0_clk_PAD2CORE/Z             0.200000    0.311914   -0.111914 (VIOLATED)
clkbuf_3_2_0_clk_PAD2CORE/Z             0.200000    0.269291   -0.069291 (VIOLATED)
clkbuf_3_1_0_clk_PAD2CORE/Z             0.200000    0.232370   -0.032370 (VIOLATED)
clk_pad/Y                               0.200000    0.223156   -0.023156 (VIOLATED)



===========================================================================
report_parasitic_annotation -report_unannotated
============================================================================
Found 1925 unannotated drivers.
 analog_PAD[0]
 analog_PAD[10]
 analog_PAD[11]
 analog_PAD[12]
 analog_PAD[13]
 analog_PAD[14]
 analog_PAD[15]
 analog_PAD[16]
 analog_PAD[17]
 analog_PAD[18]
 analog_PAD[19]
 analog_PAD[1]
 analog_PAD[20]
 analog_PAD[21]
 analog_PAD[22]
 analog_PAD[23]
 analog_PAD[24]
 analog_PAD[25]
 analog_PAD[26]
 analog_PAD[27]
 analog_PAD[28]
 analog_PAD[29]
 analog_PAD[2]
 analog_PAD[30]
 analog_PAD[31]
 analog_PAD[32]
 analog_PAD[33]
 analog_PAD[34]
 analog_PAD[35]
 analog_PAD[36]
 analog_PAD[37]
 analog_PAD[38]
 analog_PAD[39]
 analog_PAD[3]
 analog_PAD[40]
 analog_PAD[41]
 analog_PAD[42]
 analog_PAD[43]
 analog_PAD[44]
 analog_PAD[45]
 analog_PAD[46]
 analog_PAD[47]
 analog_PAD[48]
 analog_PAD[49]
 analog_PAD[4]
 analog_PAD[50]
 analog_PAD[51]
 analog_PAD[52]
 analog_PAD[53]
 analog_PAD[54]
 analog_PAD[55]
 analog_PAD[56]
 analog_PAD[57]
 analog_PAD[58]
 analog_PAD[59]
 analog_PAD[5]
 analog_PAD[6]
 analog_PAD[7]
 analog_PAD[8]
 analog_PAD[9]
 bidir_PAD[0]
 bidir_PAD[10]
 bidir_PAD[11]
 bidir_PAD[12]
 bidir_PAD[13]
 bidir_PAD[14]
 bidir_PAD[15]
 bidir_PAD[16]
 bidir_PAD[17]
 bidir_PAD[18]
 bidir_PAD[19]
 bidir_PAD[1]
 bidir_PAD[2]
 bidir_PAD[3]
 bidir_PAD[4]
 bidir_PAD[5]
 bidir_PAD[6]
 bidir_PAD[7]
 bidir_PAD[8]
 bidir_PAD[9]
 clk_PAD
 input_PAD
 rst_n_PAD
 IO_CORNER_NORTH_EAST_INST/DVDD
 IO_CORNER_NORTH_EAST_INST/DVSS
 IO_CORNER_NORTH_EAST_INST/VDD
 IO_CORNER_NORTH_EAST_INST/VSS
 IO_CORNER_NORTH_WEST_INST/DVDD
 IO_CORNER_NORTH_WEST_INST/DVSS
 IO_CORNER_NORTH_WEST_INST/VDD
 IO_CORNER_NORTH_WEST_INST/VSS
 IO_CORNER_SOUTH_EAST_INST/DVDD
 IO_CORNER_SOUTH_EAST_INST/DVSS
 IO_CORNER_SOUTH_EAST_INST/VDD
 IO_CORNER_SOUTH_EAST_INST/VSS
 IO_CORNER_SOUTH_WEST_INST/DVDD
 IO_CORNER_SOUTH_WEST_INST/DVSS
 IO_CORNER_SOUTH_WEST_INST/VDD
 IO_CORNER_SOUTH_WEST_INST/VSS
 IO_FILL_IO_EAST_0_0/DVDD
 IO_FILL_IO_EAST_0_0/DVSS
 IO_FILL_IO_EAST_0_0/VDD
 IO_FILL_IO_EAST_0_0/VSS
 IO_FILL_IO_EAST_0_100/DVDD
 IO_FILL_IO_EAST_0_100/DVSS
 IO_FILL_IO_EAST_0_100/VDD
 IO_FILL_IO_EAST_0_100/VSS
 IO_FILL_IO_EAST_0_200/DVDD
 IO_FILL_IO_EAST_0_200/DVSS
 IO_FILL_IO_EAST_0_200/VDD
 IO_FILL_IO_EAST_0_200/VSS
 IO_FILL_IO_EAST_10_0/DVDD
 IO_FILL_IO_EAST_10_0/DVSS
 IO_FILL_IO_EAST_10_0/VDD
 IO_FILL_IO_EAST_10_0/VSS
 IO_FILL_IO_EAST_10_100/DVDD
 IO_FILL_IO_EAST_10_100/DVSS
 IO_FILL_IO_EAST_10_100/VDD
 IO_FILL_IO_EAST_10_100/VSS
 IO_FILL_IO_EAST_10_200/DVDD
 IO_FILL_IO_EAST_10_200/DVSS
 IO_FILL_IO_EAST_10_200/VDD
 IO_FILL_IO_EAST_10_200/VSS
 IO_FILL_IO_EAST_10_210/DVDD
 IO_FILL_IO_EAST_10_210/DVSS
 IO_FILL_IO_EAST_10_210/VDD
 IO_FILL_IO_EAST_10_210/VSS
 IO_FILL_IO_EAST_11_0/DVDD
 IO_FILL_IO_EAST_11_0/DVSS
 IO_FILL_IO_EAST_11_0/VDD
 IO_FILL_IO_EAST_11_0/VSS
 IO_FILL_IO_EAST_11_100/DVDD
 IO_FILL_IO_EAST_11_100/DVSS
 IO_FILL_IO_EAST_11_100/VDD
 IO_FILL_IO_EAST_11_100/VSS
 IO_FILL_IO_EAST_11_200/DVDD
 IO_FILL_IO_EAST_11_200/DVSS
 IO_FILL_IO_EAST_11_200/VDD
 IO_FILL_IO_EAST_11_200/VSS
 IO_FILL_IO_EAST_11_210/DVDD
 IO_FILL_IO_EAST_11_210/DVSS
 IO_FILL_IO_EAST_11_210/VDD
 IO_FILL_IO_EAST_11_210/VSS
 IO_FILL_IO_EAST_12_0/DVDD
 IO_FILL_IO_EAST_12_0/DVSS
 IO_FILL_IO_EAST_12_0/VDD
 IO_FILL_IO_EAST_12_0/VSS
 IO_FILL_IO_EAST_12_100/DVDD
 IO_FILL_IO_EAST_12_100/DVSS
 IO_FILL_IO_EAST_12_100/VDD
 IO_FILL_IO_EAST_12_100/VSS
 IO_FILL_IO_EAST_12_200/DVDD
 IO_FILL_IO_EAST_12_200/DVSS
 IO_FILL_IO_EAST_12_200/VDD
 IO_FILL_IO_EAST_12_200/VSS
 IO_FILL_IO_EAST_12_210/DVDD
 IO_FILL_IO_EAST_12_210/DVSS
 IO_FILL_IO_EAST_12_210/VDD
 IO_FILL_IO_EAST_12_210/VSS
 IO_FILL_IO_EAST_13_0/DVDD
 IO_FILL_IO_EAST_13_0/DVSS
 IO_FILL_IO_EAST_13_0/VDD
 IO_FILL_IO_EAST_13_0/VSS
 IO_FILL_IO_EAST_13_100/DVDD
 IO_FILL_IO_EAST_13_100/DVSS
 IO_FILL_IO_EAST_13_100/VDD
 IO_FILL_IO_EAST_13_100/VSS
 IO_FILL_IO_EAST_13_200/DVDD
 IO_FILL_IO_EAST_13_200/DVSS
 IO_FILL_IO_EAST_13_200/VDD
 IO_FILL_IO_EAST_13_200/VSS
 IO_FILL_IO_EAST_13_210/DVDD
 IO_FILL_IO_EAST_13_210/DVSS
 IO_FILL_IO_EAST_13_210/VDD
 IO_FILL_IO_EAST_13_210/VSS
 IO_FILL_IO_EAST_14_0/DVDD
 IO_FILL_IO_EAST_14_0/DVSS
 IO_FILL_IO_EAST_14_0/VDD
 IO_FILL_IO_EAST_14_0/VSS
 IO_FILL_IO_EAST_14_100/DVDD
 IO_FILL_IO_EAST_14_100/DVSS
 IO_FILL_IO_EAST_14_100/VDD
 IO_FILL_IO_EAST_14_100/VSS
 IO_FILL_IO_EAST_14_200/DVDD
 IO_FILL_IO_EAST_14_200/DVSS
 IO_FILL_IO_EAST_14_200/VDD
 IO_FILL_IO_EAST_14_200/VSS
 IO_FILL_IO_EAST_14_210/DVDD
 IO_FILL_IO_EAST_14_210/DVSS
 IO_FILL_IO_EAST_14_210/VDD
 IO_FILL_IO_EAST_14_210/VSS
 IO_FILL_IO_EAST_15_0/DVDD
 IO_FILL_IO_EAST_15_0/DVSS
 IO_FILL_IO_EAST_15_0/VDD
 IO_FILL_IO_EAST_15_0/VSS
 IO_FILL_IO_EAST_15_100/DVDD
 IO_FILL_IO_EAST_15_100/DVSS
 IO_FILL_IO_EAST_15_100/VDD
 IO_FILL_IO_EAST_15_100/VSS
 IO_FILL_IO_EAST_15_200/DVDD
 IO_FILL_IO_EAST_15_200/DVSS
 IO_FILL_IO_EAST_15_200/VDD
 IO_FILL_IO_EAST_15_200/VSS
 IO_FILL_IO_EAST_15_210/DVDD
 IO_FILL_IO_EAST_15_210/DVSS
 IO_FILL_IO_EAST_15_210/VDD
 IO_FILL_IO_EAST_15_210/VSS
 IO_FILL_IO_EAST_16_0/DVDD
 IO_FILL_IO_EAST_16_0/DVSS
 IO_FILL_IO_EAST_16_0/VDD
 IO_FILL_IO_EAST_16_0/VSS
 IO_FILL_IO_EAST_16_100/DVDD
 IO_FILL_IO_EAST_16_100/DVSS
 IO_FILL_IO_EAST_16_100/VDD
 IO_FILL_IO_EAST_16_100/VSS
 IO_FILL_IO_EAST_16_200/DVDD
 IO_FILL_IO_EAST_16_200/DVSS
 IO_FILL_IO_EAST_16_200/VDD
 IO_FILL_IO_EAST_16_200/VSS
 IO_FILL_IO_EAST_16_210/DVDD
 IO_FILL_IO_EAST_16_210/DVSS
 IO_FILL_IO_EAST_16_210/VDD
 IO_FILL_IO_EAST_16_210/VSS
 IO_FILL_IO_EAST_17_0/DVDD
 IO_FILL_IO_EAST_17_0/DVSS
 IO_FILL_IO_EAST_17_0/VDD
 IO_FILL_IO_EAST_17_0/VSS
 IO_FILL_IO_EAST_17_100/DVDD
 IO_FILL_IO_EAST_17_100/DVSS
 IO_FILL_IO_EAST_17_100/VDD
 IO_FILL_IO_EAST_17_100/VSS
 IO_FILL_IO_EAST_17_200/DVDD
 IO_FILL_IO_EAST_17_200/DVSS
 IO_FILL_IO_EAST_17_200/VDD
 IO_FILL_IO_EAST_17_200/VSS
 IO_FILL_IO_EAST_17_210/DVDD
 IO_FILL_IO_EAST_17_210/DVSS
 IO_FILL_IO_EAST_17_210/VDD
 IO_FILL_IO_EAST_17_210/VSS
 IO_FILL_IO_EAST_18_0/DVDD
 IO_FILL_IO_EAST_18_0/DVSS
 IO_FILL_IO_EAST_18_0/VDD
 IO_FILL_IO_EAST_18_0/VSS
 IO_FILL_IO_EAST_18_100/DVDD
 IO_FILL_IO_EAST_18_100/DVSS
 IO_FILL_IO_EAST_18_100/VDD
 IO_FILL_IO_EAST_18_100/VSS
 IO_FILL_IO_EAST_18_200/DVDD
 IO_FILL_IO_EAST_18_200/DVSS
 IO_FILL_IO_EAST_18_200/VDD
 IO_FILL_IO_EAST_18_200/VSS
 IO_FILL_IO_EAST_18_210/DVDD
 IO_FILL_IO_EAST_18_210/DVSS
 IO_FILL_IO_EAST_18_210/VDD
 IO_FILL_IO_EAST_18_210/VSS
 IO_FILL_IO_EAST_19_0/DVDD
 IO_FILL_IO_EAST_19_0/DVSS
 IO_FILL_IO_EAST_19_0/VDD
 IO_FILL_IO_EAST_19_0/VSS
 IO_FILL_IO_EAST_19_100/DVDD
 IO_FILL_IO_EAST_19_100/DVSS
 IO_FILL_IO_EAST_19_100/VDD
 IO_FILL_IO_EAST_19_100/VSS
 IO_FILL_IO_EAST_19_200/DVDD
 IO_FILL_IO_EAST_19_200/DVSS
 IO_FILL_IO_EAST_19_200/VDD
 IO_FILL_IO_EAST_19_200/VSS
 IO_FILL_IO_EAST_19_210/DVDD
 IO_FILL_IO_EAST_19_210/DVSS
 IO_FILL_IO_EAST_19_210/VDD
 IO_FILL_IO_EAST_19_210/VSS
 IO_FILL_IO_EAST_1_0/DVDD
 IO_FILL_IO_EAST_1_0/DVSS
 IO_FILL_IO_EAST_1_0/VDD
 IO_FILL_IO_EAST_1_0/VSS
 IO_FILL_IO_EAST_1_100/DVDD
 IO_FILL_IO_EAST_1_100/DVSS
 IO_FILL_IO_EAST_1_100/VDD
 IO_FILL_IO_EAST_1_100/VSS
 IO_FILL_IO_EAST_1_200/DVDD
 IO_FILL_IO_EAST_1_200/DVSS
 IO_FILL_IO_EAST_1_200/VDD
 IO_FILL_IO_EAST_1_200/VSS
 IO_FILL_IO_EAST_1_210/DVDD
 IO_FILL_IO_EAST_1_210/DVSS
 IO_FILL_IO_EAST_1_210/VDD
 IO_FILL_IO_EAST_1_210/VSS
 IO_FILL_IO_EAST_20_0/DVDD
 IO_FILL_IO_EAST_20_0/DVSS
 IO_FILL_IO_EAST_20_0/VDD
 IO_FILL_IO_EAST_20_0/VSS
 IO_FILL_IO_EAST_20_100/DVDD
 IO_FILL_IO_EAST_20_100/DVSS
 IO_FILL_IO_EAST_20_100/VDD
 IO_FILL_IO_EAST_20_100/VSS
 IO_FILL_IO_EAST_20_200/DVDD
 IO_FILL_IO_EAST_20_200/DVSS
 IO_FILL_IO_EAST_20_200/VDD
 IO_FILL_IO_EAST_20_200/VSS
 IO_FILL_IO_EAST_20_210/DVDD
 IO_FILL_IO_EAST_20_210/DVSS
 IO_FILL_IO_EAST_20_210/VDD
 IO_FILL_IO_EAST_20_210/VSS
 IO_FILL_IO_EAST_21_0/DVDD
 IO_FILL_IO_EAST_21_0/DVSS
 IO_FILL_IO_EAST_21_0/VDD
 IO_FILL_IO_EAST_21_0/VSS
 IO_FILL_IO_EAST_21_100/DVDD
 IO_FILL_IO_EAST_21_100/DVSS
 IO_FILL_IO_EAST_21_100/VDD
 IO_FILL_IO_EAST_21_100/VSS
 IO_FILL_IO_EAST_21_200/DVDD
 IO_FILL_IO_EAST_21_200/DVSS
 IO_FILL_IO_EAST_21_200/VDD
 IO_FILL_IO_EAST_21_200/VSS
 IO_FILL_IO_EAST_21_210/DVDD
 IO_FILL_IO_EAST_21_210/DVSS
 IO_FILL_IO_EAST_21_210/VDD
 IO_FILL_IO_EAST_21_210/VSS
 IO_FILL_IO_EAST_22_0/DVDD
 IO_FILL_IO_EAST_22_0/DVSS
 IO_FILL_IO_EAST_22_0/VDD
 IO_FILL_IO_EAST_22_0/VSS
 IO_FILL_IO_EAST_22_100/DVDD
 IO_FILL_IO_EAST_22_100/DVSS
 IO_FILL_IO_EAST_22_100/VDD
 IO_FILL_IO_EAST_22_100/VSS
 IO_FILL_IO_EAST_22_200/DVDD
 IO_FILL_IO_EAST_22_200/DVSS
 IO_FILL_IO_EAST_22_200/VDD
 IO_FILL_IO_EAST_22_200/VSS
 IO_FILL_IO_EAST_22_300/DVDD
 IO_FILL_IO_EAST_22_300/DVSS
 IO_FILL_IO_EAST_22_300/VDD
 IO_FILL_IO_EAST_22_300/VSS
 IO_FILL_IO_EAST_2_0/DVDD
 IO_FILL_IO_EAST_2_0/DVSS
 IO_FILL_IO_EAST_2_0/VDD
 IO_FILL_IO_EAST_2_0/VSS
 IO_FILL_IO_EAST_2_100/DVDD
 IO_FILL_IO_EAST_2_100/DVSS
 IO_FILL_IO_EAST_2_100/VDD
 IO_FILL_IO_EAST_2_100/VSS
 IO_FILL_IO_EAST_2_200/DVDD
 IO_FILL_IO_EAST_2_200/DVSS
 IO_FILL_IO_EAST_2_200/VDD
 IO_FILL_IO_EAST_2_200/VSS
 IO_FILL_IO_EAST_2_210/DVDD
 IO_FILL_IO_EAST_2_210/DVSS
 IO_FILL_IO_EAST_2_210/VDD
 IO_FILL_IO_EAST_2_210/VSS
 IO_FILL_IO_EAST_3_0/DVDD
 IO_FILL_IO_EAST_3_0/DVSS
 IO_FILL_IO_EAST_3_0/VDD
 IO_FILL_IO_EAST_3_0/VSS
 IO_FILL_IO_EAST_3_100/DVDD
 IO_FILL_IO_EAST_3_100/DVSS
 IO_FILL_IO_EAST_3_100/VDD
 IO_FILL_IO_EAST_3_100/VSS
 IO_FILL_IO_EAST_3_200/DVDD
 IO_FILL_IO_EAST_3_200/DVSS
 IO_FILL_IO_EAST_3_200/VDD
 IO_FILL_IO_EAST_3_200/VSS
 IO_FILL_IO_EAST_3_210/DVDD
 IO_FILL_IO_EAST_3_210/DVSS
 IO_FILL_IO_EAST_3_210/VDD
 IO_FILL_IO_EAST_3_210/VSS
 IO_FILL_IO_EAST_4_0/DVDD
 IO_FILL_IO_EAST_4_0/DVSS
 IO_FILL_IO_EAST_4_0/VDD
 IO_FILL_IO_EAST_4_0/VSS
 IO_FILL_IO_EAST_4_100/DVDD
 IO_FILL_IO_EAST_4_100/DVSS
 IO_FILL_IO_EAST_4_100/VDD
 IO_FILL_IO_EAST_4_100/VSS
 IO_FILL_IO_EAST_4_200/DVDD
 IO_FILL_IO_EAST_4_200/DVSS
 IO_FILL_IO_EAST_4_200/VDD
 IO_FILL_IO_EAST_4_200/VSS
 IO_FILL_IO_EAST_4_210/DVDD
 IO_FILL_IO_EAST_4_210/DVSS
 IO_FILL_IO_EAST_4_210/VDD
 IO_FILL_IO_EAST_4_210/VSS
 IO_FILL_IO_EAST_5_0/DVDD
 IO_FILL_IO_EAST_5_0/DVSS
 IO_FILL_IO_EAST_5_0/VDD
 IO_FILL_IO_EAST_5_0/VSS
 IO_FILL_IO_EAST_5_100/DVDD
 IO_FILL_IO_EAST_5_100/DVSS
 IO_FILL_IO_EAST_5_100/VDD
 IO_FILL_IO_EAST_5_100/VSS
 IO_FILL_IO_EAST_5_200/DVDD
 IO_FILL_IO_EAST_5_200/DVSS
 IO_FILL_IO_EAST_5_200/VDD
 IO_FILL_IO_EAST_5_200/VSS
 IO_FILL_IO_EAST_5_210/DVDD
 IO_FILL_IO_EAST_5_210/DVSS
 IO_FILL_IO_EAST_5_210/VDD
 IO_FILL_IO_EAST_5_210/VSS
 IO_FILL_IO_EAST_6_0/DVDD
 IO_FILL_IO_EAST_6_0/DVSS
 IO_FILL_IO_EAST_6_0/VDD
 IO_FILL_IO_EAST_6_0/VSS
 IO_FILL_IO_EAST_6_100/DVDD
 IO_FILL_IO_EAST_6_100/DVSS
 IO_FILL_IO_EAST_6_100/VDD
 IO_FILL_IO_EAST_6_100/VSS
 IO_FILL_IO_EAST_6_200/DVDD
 IO_FILL_IO_EAST_6_200/DVSS
 IO_FILL_IO_EAST_6_200/VDD
 IO_FILL_IO_EAST_6_200/VSS
 IO_FILL_IO_EAST_6_210/DVDD
 IO_FILL_IO_EAST_6_210/DVSS
 IO_FILL_IO_EAST_6_210/VDD
 IO_FILL_IO_EAST_6_210/VSS
 IO_FILL_IO_EAST_7_0/DVDD
 IO_FILL_IO_EAST_7_0/DVSS
 IO_FILL_IO_EAST_7_0/VDD
 IO_FILL_IO_EAST_7_0/VSS
 IO_FILL_IO_EAST_7_100/DVDD
 IO_FILL_IO_EAST_7_100/DVSS
 IO_FILL_IO_EAST_7_100/VDD
 IO_FILL_IO_EAST_7_100/VSS
 IO_FILL_IO_EAST_7_200/DVDD
 IO_FILL_IO_EAST_7_200/DVSS
 IO_FILL_IO_EAST_7_200/VDD
 IO_FILL_IO_EAST_7_200/VSS
 IO_FILL_IO_EAST_7_210/DVDD
 IO_FILL_IO_EAST_7_210/DVSS
 IO_FILL_IO_EAST_7_210/VDD
 IO_FILL_IO_EAST_7_210/VSS
 IO_FILL_IO_EAST_8_0/DVDD
 IO_FILL_IO_EAST_8_0/DVSS
 IO_FILL_IO_EAST_8_0/VDD
 IO_FILL_IO_EAST_8_0/VSS
 IO_FILL_IO_EAST_8_100/DVDD
 IO_FILL_IO_EAST_8_100/DVSS
 IO_FILL_IO_EAST_8_100/VDD
 IO_FILL_IO_EAST_8_100/VSS
 IO_FILL_IO_EAST_8_200/DVDD
 IO_FILL_IO_EAST_8_200/DVSS
 IO_FILL_IO_EAST_8_200/VDD
 IO_FILL_IO_EAST_8_200/VSS
 IO_FILL_IO_EAST_8_210/DVDD
 IO_FILL_IO_EAST_8_210/DVSS
 IO_FILL_IO_EAST_8_210/VDD
 IO_FILL_IO_EAST_8_210/VSS
 IO_FILL_IO_EAST_9_0/DVDD
 IO_FILL_IO_EAST_9_0/DVSS
 IO_FILL_IO_EAST_9_0/VDD
 IO_FILL_IO_EAST_9_0/VSS
 IO_FILL_IO_EAST_9_100/DVDD
 IO_FILL_IO_EAST_9_100/DVSS
 IO_FILL_IO_EAST_9_100/VDD
 IO_FILL_IO_EAST_9_100/VSS
 IO_FILL_IO_EAST_9_200/DVDD
 IO_FILL_IO_EAST_9_200/DVSS
 IO_FILL_IO_EAST_9_200/VDD
 IO_FILL_IO_EAST_9_200/VSS
 IO_FILL_IO_EAST_9_210/DVDD
 IO_FILL_IO_EAST_9_210/DVSS
 IO_FILL_IO_EAST_9_210/VDD
 IO_FILL_IO_EAST_9_210/VSS
 IO_FILL_IO_NORTH_0_0/DVDD
 IO_FILL_IO_NORTH_0_0/DVSS
 IO_FILL_IO_NORTH_0_0/VDD
 IO_FILL_IO_NORTH_0_0/VSS
 IO_FILL_IO_NORTH_0_100/DVDD
 IO_FILL_IO_NORTH_0_100/DVSS
 IO_FILL_IO_NORTH_0_100/VDD
 IO_FILL_IO_NORTH_0_100/VSS
 IO_FILL_IO_NORTH_0_200/DVDD
 IO_FILL_IO_NORTH_0_200/DVSS
 IO_FILL_IO_NORTH_0_200/VDD
 IO_FILL_IO_NORTH_0_200/VSS
 IO_FILL_IO_NORTH_10_0/DVDD
 IO_FILL_IO_NORTH_10_0/DVSS
 IO_FILL_IO_NORTH_10_0/VDD
 IO_FILL_IO_NORTH_10_0/VSS
 IO_FILL_IO_NORTH_10_100/DVDD
 IO_FILL_IO_NORTH_10_100/DVSS
 IO_FILL_IO_NORTH_10_100/VDD
 IO_FILL_IO_NORTH_10_100/VSS
 IO_FILL_IO_NORTH_10_200/DVDD
 IO_FILL_IO_NORTH_10_200/DVSS
 IO_FILL_IO_NORTH_10_200/VDD
 IO_FILL_IO_NORTH_10_200/VSS
 IO_FILL_IO_NORTH_10_210/DVDD
 IO_FILL_IO_NORTH_10_210/DVSS
 IO_FILL_IO_NORTH_10_210/VDD
 IO_FILL_IO_NORTH_10_210/VSS
 IO_FILL_IO_NORTH_11_0/DVDD
 IO_FILL_IO_NORTH_11_0/DVSS
 IO_FILL_IO_NORTH_11_0/VDD
 IO_FILL_IO_NORTH_11_0/VSS
 IO_FILL_IO_NORTH_11_100/DVDD
 IO_FILL_IO_NORTH_11_100/DVSS
 IO_FILL_IO_NORTH_11_100/VDD
 IO_FILL_IO_NORTH_11_100/VSS
 IO_FILL_IO_NORTH_11_200/DVDD
 IO_FILL_IO_NORTH_11_200/DVSS
 IO_FILL_IO_NORTH_11_200/VDD
 IO_FILL_IO_NORTH_11_200/VSS
 IO_FILL_IO_NORTH_11_210/DVDD
 IO_FILL_IO_NORTH_11_210/DVSS
 IO_FILL_IO_NORTH_11_210/VDD
 IO_FILL_IO_NORTH_11_210/VSS
 IO_FILL_IO_NORTH_12_0/DVDD
 IO_FILL_IO_NORTH_12_0/DVSS
 IO_FILL_IO_NORTH_12_0/VDD
 IO_FILL_IO_NORTH_12_0/VSS
 IO_FILL_IO_NORTH_12_100/DVDD
 IO_FILL_IO_NORTH_12_100/DVSS
 IO_FILL_IO_NORTH_12_100/VDD
 IO_FILL_IO_NORTH_12_100/VSS
 IO_FILL_IO_NORTH_12_200/DVDD
 IO_FILL_IO_NORTH_12_200/DVSS
 IO_FILL_IO_NORTH_12_200/VDD
 IO_FILL_IO_NORTH_12_200/VSS
 IO_FILL_IO_NORTH_12_210/DVDD
 IO_FILL_IO_NORTH_12_210/DVSS
 IO_FILL_IO_NORTH_12_210/VDD
 IO_FILL_IO_NORTH_12_210/VSS
 IO_FILL_IO_NORTH_13_0/DVDD
 IO_FILL_IO_NORTH_13_0/DVSS
 IO_FILL_IO_NORTH_13_0/VDD
 IO_FILL_IO_NORTH_13_0/VSS
 IO_FILL_IO_NORTH_13_100/DVDD
 IO_FILL_IO_NORTH_13_100/DVSS
 IO_FILL_IO_NORTH_13_100/VDD
 IO_FILL_IO_NORTH_13_100/VSS
 IO_FILL_IO_NORTH_13_200/DVDD
 IO_FILL_IO_NORTH_13_200/DVSS
 IO_FILL_IO_NORTH_13_200/VDD
 IO_FILL_IO_NORTH_13_200/VSS
 IO_FILL_IO_NORTH_13_210/DVDD
 IO_FILL_IO_NORTH_13_210/DVSS
 IO_FILL_IO_NORTH_13_210/VDD
 IO_FILL_IO_NORTH_13_210/VSS
 IO_FILL_IO_NORTH_14_0/DVDD
 IO_FILL_IO_NORTH_14_0/DVSS
 IO_FILL_IO_NORTH_14_0/VDD
 IO_FILL_IO_NORTH_14_0/VSS
 IO_FILL_IO_NORTH_14_100/DVDD
 IO_FILL_IO_NORTH_14_100/DVSS
 IO_FILL_IO_NORTH_14_100/VDD
 IO_FILL_IO_NORTH_14_100/VSS
 IO_FILL_IO_NORTH_14_200/DVDD
 IO_FILL_IO_NORTH_14_200/DVSS
 IO_FILL_IO_NORTH_14_200/VDD
 IO_FILL_IO_NORTH_14_200/VSS
 IO_FILL_IO_NORTH_14_210/DVDD
 IO_FILL_IO_NORTH_14_210/DVSS
 IO_FILL_IO_NORTH_14_210/VDD
 IO_FILL_IO_NORTH_14_210/VSS
 IO_FILL_IO_NORTH_15_0/DVDD
 IO_FILL_IO_NORTH_15_0/DVSS
 IO_FILL_IO_NORTH_15_0/VDD
 IO_FILL_IO_NORTH_15_0/VSS
 IO_FILL_IO_NORTH_15_100/DVDD
 IO_FILL_IO_NORTH_15_100/DVSS
 IO_FILL_IO_NORTH_15_100/VDD
 IO_FILL_IO_NORTH_15_100/VSS
 IO_FILL_IO_NORTH_15_200/DVDD
 IO_FILL_IO_NORTH_15_200/DVSS
 IO_FILL_IO_NORTH_15_200/VDD
 IO_FILL_IO_NORTH_15_200/VSS
 IO_FILL_IO_NORTH_15_210/DVDD
 IO_FILL_IO_NORTH_15_210/DVSS
 IO_FILL_IO_NORTH_15_210/VDD
 IO_FILL_IO_NORTH_15_210/VSS
 IO_FILL_IO_NORTH_16_0/DVDD
 IO_FILL_IO_NORTH_16_0/DVSS
 IO_FILL_IO_NORTH_16_0/VDD
 IO_FILL_IO_NORTH_16_0/VSS
 IO_FILL_IO_NORTH_16_100/DVDD
 IO_FILL_IO_NORTH_16_100/DVSS
 IO_FILL_IO_NORTH_16_100/VDD
 IO_FILL_IO_NORTH_16_100/VSS
 IO_FILL_IO_NORTH_16_200/DVDD
 IO_FILL_IO_NORTH_16_200/DVSS
 IO_FILL_IO_NORTH_16_200/VDD
 IO_FILL_IO_NORTH_16_200/VSS
 IO_FILL_IO_NORTH_16_210/DVDD
 IO_FILL_IO_NORTH_16_210/DVSS
 IO_FILL_IO_NORTH_16_210/VDD
 IO_FILL_IO_NORTH_16_210/VSS
 IO_FILL_IO_NORTH_17_0/DVDD
 IO_FILL_IO_NORTH_17_0/DVSS
 IO_FILL_IO_NORTH_17_0/VDD
 IO_FILL_IO_NORTH_17_0/VSS
 IO_FILL_IO_NORTH_17_100/DVDD
 IO_FILL_IO_NORTH_17_100/DVSS
 IO_FILL_IO_NORTH_17_100/VDD
 IO_FILL_IO_NORTH_17_100/VSS
 IO_FILL_IO_NORTH_17_200/DVDD
 IO_FILL_IO_NORTH_17_200/DVSS
 IO_FILL_IO_NORTH_17_200/VDD
 IO_FILL_IO_NORTH_17_200/VSS
 IO_FILL_IO_NORTH_17_210/DVDD
 IO_FILL_IO_NORTH_17_210/DVSS
 IO_FILL_IO_NORTH_17_210/VDD
 IO_FILL_IO_NORTH_17_210/VSS
 IO_FILL_IO_NORTH_18_0/DVDD
 IO_FILL_IO_NORTH_18_0/DVSS
 IO_FILL_IO_NORTH_18_0/VDD
 IO_FILL_IO_NORTH_18_0/VSS
 IO_FILL_IO_NORTH_18_100/DVDD
 IO_FILL_IO_NORTH_18_100/DVSS
 IO_FILL_IO_NORTH_18_100/VDD
 IO_FILL_IO_NORTH_18_100/VSS
 IO_FILL_IO_NORTH_18_200/DVDD
 IO_FILL_IO_NORTH_18_200/DVSS
 IO_FILL_IO_NORTH_18_200/VDD
 IO_FILL_IO_NORTH_18_200/VSS
 IO_FILL_IO_NORTH_18_210/DVDD
 IO_FILL_IO_NORTH_18_210/DVSS
 IO_FILL_IO_NORTH_18_210/VDD
 IO_FILL_IO_NORTH_18_210/VSS
 IO_FILL_IO_NORTH_19_0/DVDD
 IO_FILL_IO_NORTH_19_0/DVSS
 IO_FILL_IO_NORTH_19_0/VDD
 IO_FILL_IO_NORTH_19_0/VSS
 IO_FILL_IO_NORTH_19_100/DVDD
 IO_FILL_IO_NORTH_19_100/DVSS
 IO_FILL_IO_NORTH_19_100/VDD
 IO_FILL_IO_NORTH_19_100/VSS
 IO_FILL_IO_NORTH_19_200/DVDD
 IO_FILL_IO_NORTH_19_200/DVSS
 IO_FILL_IO_NORTH_19_200/VDD
 IO_FILL_IO_NORTH_19_200/VSS
 IO_FILL_IO_NORTH_19_210/DVDD
 IO_FILL_IO_NORTH_19_210/DVSS
 IO_FILL_IO_NORTH_19_210/VDD
 IO_FILL_IO_NORTH_19_210/VSS
 IO_FILL_IO_NORTH_1_0/DVDD
 IO_FILL_IO_NORTH_1_0/DVSS
 IO_FILL_IO_NORTH_1_0/VDD
 IO_FILL_IO_NORTH_1_0/VSS
 IO_FILL_IO_NORTH_1_100/DVDD
 IO_FILL_IO_NORTH_1_100/DVSS
 IO_FILL_IO_NORTH_1_100/VDD
 IO_FILL_IO_NORTH_1_100/VSS
 IO_FILL_IO_NORTH_1_200/DVDD
 IO_FILL_IO_NORTH_1_200/DVSS
 IO_FILL_IO_NORTH_1_200/VDD
 IO_FILL_IO_NORTH_1_200/VSS
 IO_FILL_IO_NORTH_1_210/DVDD
 IO_FILL_IO_NORTH_1_210/DVSS
 IO_FILL_IO_NORTH_1_210/VDD
 IO_FILL_IO_NORTH_1_210/VSS
 IO_FILL_IO_NORTH_20_0/DVDD
 IO_FILL_IO_NORTH_20_0/DVSS
 IO_FILL_IO_NORTH_20_0/VDD
 IO_FILL_IO_NORTH_20_0/VSS
 IO_FILL_IO_NORTH_20_100/DVDD
 IO_FILL_IO_NORTH_20_100/DVSS
 IO_FILL_IO_NORTH_20_100/VDD
 IO_FILL_IO_NORTH_20_100/VSS
 IO_FILL_IO_NORTH_20_200/DVDD
 IO_FILL_IO_NORTH_20_200/DVSS
 IO_FILL_IO_NORTH_20_200/VDD
 IO_FILL_IO_NORTH_20_200/VSS
 IO_FILL_IO_NORTH_20_210/DVDD
 IO_FILL_IO_NORTH_20_210/DVSS
 IO_FILL_IO_NORTH_20_210/VDD
 IO_FILL_IO_NORTH_20_210/VSS
 IO_FILL_IO_NORTH_21_0/DVDD
 IO_FILL_IO_NORTH_21_0/DVSS
 IO_FILL_IO_NORTH_21_0/VDD
 IO_FILL_IO_NORTH_21_0/VSS
 IO_FILL_IO_NORTH_21_100/DVDD
 IO_FILL_IO_NORTH_21_100/DVSS
 IO_FILL_IO_NORTH_21_100/VDD
 IO_FILL_IO_NORTH_21_100/VSS
 IO_FILL_IO_NORTH_21_200/DVDD
 IO_FILL_IO_NORTH_21_200/DVSS
 IO_FILL_IO_NORTH_21_200/VDD
 IO_FILL_IO_NORTH_21_200/VSS
 IO_FILL_IO_NORTH_21_210/DVDD
 IO_FILL_IO_NORTH_21_210/DVSS
 IO_FILL_IO_NORTH_21_210/VDD
 IO_FILL_IO_NORTH_21_210/VSS
 IO_FILL_IO_NORTH_22_0/DVDD
 IO_FILL_IO_NORTH_22_0/DVSS
 IO_FILL_IO_NORTH_22_0/VDD
 IO_FILL_IO_NORTH_22_0/VSS
 IO_FILL_IO_NORTH_22_100/DVDD
 IO_FILL_IO_NORTH_22_100/DVSS
 IO_FILL_IO_NORTH_22_100/VDD
 IO_FILL_IO_NORTH_22_100/VSS
 IO_FILL_IO_NORTH_22_200/DVDD
 IO_FILL_IO_NORTH_22_200/DVSS
 IO_FILL_IO_NORTH_22_200/VDD
 IO_FILL_IO_NORTH_22_200/VSS
 IO_FILL_IO_NORTH_22_300/DVDD
 IO_FILL_IO_NORTH_22_300/DVSS
 IO_FILL_IO_NORTH_22_300/VDD
 IO_FILL_IO_NORTH_22_300/VSS
 IO_FILL_IO_NORTH_2_0/DVDD
 IO_FILL_IO_NORTH_2_0/DVSS
 IO_FILL_IO_NORTH_2_0/VDD
 IO_FILL_IO_NORTH_2_0/VSS
 IO_FILL_IO_NORTH_2_100/DVDD
 IO_FILL_IO_NORTH_2_100/DVSS
 IO_FILL_IO_NORTH_2_100/VDD
 IO_FILL_IO_NORTH_2_100/VSS
 IO_FILL_IO_NORTH_2_200/DVDD
 IO_FILL_IO_NORTH_2_200/DVSS
 IO_FILL_IO_NORTH_2_200/VDD
 IO_FILL_IO_NORTH_2_200/VSS
 IO_FILL_IO_NORTH_2_210/DVDD
 IO_FILL_IO_NORTH_2_210/DVSS
 IO_FILL_IO_NORTH_2_210/VDD
 IO_FILL_IO_NORTH_2_210/VSS
 IO_FILL_IO_NORTH_3_0/DVDD
 IO_FILL_IO_NORTH_3_0/DVSS
 IO_FILL_IO_NORTH_3_0/VDD
 IO_FILL_IO_NORTH_3_0/VSS
 IO_FILL_IO_NORTH_3_100/DVDD
 IO_FILL_IO_NORTH_3_100/DVSS
 IO_FILL_IO_NORTH_3_100/VDD
 IO_FILL_IO_NORTH_3_100/VSS
 IO_FILL_IO_NORTH_3_200/DVDD
 IO_FILL_IO_NORTH_3_200/DVSS
 IO_FILL_IO_NORTH_3_200/VDD
 IO_FILL_IO_NORTH_3_200/VSS
 IO_FILL_IO_NORTH_3_210/DVDD
 IO_FILL_IO_NORTH_3_210/DVSS
 IO_FILL_IO_NORTH_3_210/VDD
 IO_FILL_IO_NORTH_3_210/VSS
 IO_FILL_IO_NORTH_4_0/DVDD
 IO_FILL_IO_NORTH_4_0/DVSS
 IO_FILL_IO_NORTH_4_0/VDD
 IO_FILL_IO_NORTH_4_0/VSS
 IO_FILL_IO_NORTH_4_100/DVDD
 IO_FILL_IO_NORTH_4_100/DVSS
 IO_FILL_IO_NORTH_4_100/VDD
 IO_FILL_IO_NORTH_4_100/VSS
 IO_FILL_IO_NORTH_4_200/DVDD
 IO_FILL_IO_NORTH_4_200/DVSS
 IO_FILL_IO_NORTH_4_200/VDD
 IO_FILL_IO_NORTH_4_200/VSS
 IO_FILL_IO_NORTH_4_210/DVDD
 IO_FILL_IO_NORTH_4_210/DVSS
 IO_FILL_IO_NORTH_4_210/VDD
 IO_FILL_IO_NORTH_4_210/VSS
 IO_FILL_IO_NORTH_5_0/DVDD
 IO_FILL_IO_NORTH_5_0/DVSS
 IO_FILL_IO_NORTH_5_0/VDD
 IO_FILL_IO_NORTH_5_0/VSS
 IO_FILL_IO_NORTH_5_100/DVDD
 IO_FILL_IO_NORTH_5_100/DVSS
 IO_FILL_IO_NORTH_5_100/VDD
 IO_FILL_IO_NORTH_5_100/VSS
 IO_FILL_IO_NORTH_5_200/DVDD
 IO_FILL_IO_NORTH_5_200/DVSS
 IO_FILL_IO_NORTH_5_200/VDD
 IO_FILL_IO_NORTH_5_200/VSS
 IO_FILL_IO_NORTH_5_210/DVDD
 IO_FILL_IO_NORTH_5_210/DVSS
 IO_FILL_IO_NORTH_5_210/VDD
 IO_FILL_IO_NORTH_5_210/VSS
 IO_FILL_IO_NORTH_6_0/DVDD
 IO_FILL_IO_NORTH_6_0/DVSS
 IO_FILL_IO_NORTH_6_0/VDD
 IO_FILL_IO_NORTH_6_0/VSS
 IO_FILL_IO_NORTH_6_100/DVDD
 IO_FILL_IO_NORTH_6_100/DVSS
 IO_FILL_IO_NORTH_6_100/VDD
 IO_FILL_IO_NORTH_6_100/VSS
 IO_FILL_IO_NORTH_6_200/DVDD
 IO_FILL_IO_NORTH_6_200/DVSS
 IO_FILL_IO_NORTH_6_200/VDD
 IO_FILL_IO_NORTH_6_200/VSS
 IO_FILL_IO_NORTH_6_210/DVDD
 IO_FILL_IO_NORTH_6_210/DVSS
 IO_FILL_IO_NORTH_6_210/VDD
 IO_FILL_IO_NORTH_6_210/VSS
 IO_FILL_IO_NORTH_7_0/DVDD
 IO_FILL_IO_NORTH_7_0/DVSS
 IO_FILL_IO_NORTH_7_0/VDD
 IO_FILL_IO_NORTH_7_0/VSS
 IO_FILL_IO_NORTH_7_100/DVDD
 IO_FILL_IO_NORTH_7_100/DVSS
 IO_FILL_IO_NORTH_7_100/VDD
 IO_FILL_IO_NORTH_7_100/VSS
 IO_FILL_IO_NORTH_7_200/DVDD
 IO_FILL_IO_NORTH_7_200/DVSS
 IO_FILL_IO_NORTH_7_200/VDD
 IO_FILL_IO_NORTH_7_200/VSS
 IO_FILL_IO_NORTH_7_210/DVDD
 IO_FILL_IO_NORTH_7_210/DVSS
 IO_FILL_IO_NORTH_7_210/VDD
 IO_FILL_IO_NORTH_7_210/VSS
 IO_FILL_IO_NORTH_8_0/DVDD
 IO_FILL_IO_NORTH_8_0/DVSS
 IO_FILL_IO_NORTH_8_0/VDD
 IO_FILL_IO_NORTH_8_0/VSS
 IO_FILL_IO_NORTH_8_100/DVDD
 IO_FILL_IO_NORTH_8_100/DVSS
 IO_FILL_IO_NORTH_8_100/VDD
 IO_FILL_IO_NORTH_8_100/VSS
 IO_FILL_IO_NORTH_8_200/DVDD
 IO_FILL_IO_NORTH_8_200/DVSS
 IO_FILL_IO_NORTH_8_200/VDD
 IO_FILL_IO_NORTH_8_200/VSS
 IO_FILL_IO_NORTH_8_210/DVDD
 IO_FILL_IO_NORTH_8_210/DVSS
 IO_FILL_IO_NORTH_8_210/VDD
 IO_FILL_IO_NORTH_8_210/VSS
 IO_FILL_IO_NORTH_9_0/DVDD
 IO_FILL_IO_NORTH_9_0/DVSS
 IO_FILL_IO_NORTH_9_0/VDD
 IO_FILL_IO_NORTH_9_0/VSS
 IO_FILL_IO_NORTH_9_100/DVDD
 IO_FILL_IO_NORTH_9_100/DVSS
 IO_FILL_IO_NORTH_9_100/VDD
 IO_FILL_IO_NORTH_9_100/VSS
 IO_FILL_IO_NORTH_9_200/DVDD
 IO_FILL_IO_NORTH_9_200/DVSS
 IO_FILL_IO_NORTH_9_200/VDD
 IO_FILL_IO_NORTH_9_200/VSS
 IO_FILL_IO_NORTH_9_210/DVDD
 IO_FILL_IO_NORTH_9_210/DVSS
 IO_FILL_IO_NORTH_9_210/VDD
 IO_FILL_IO_NORTH_9_210/VSS
 IO_FILL_IO_SOUTH_0_0/DVDD
 IO_FILL_IO_SOUTH_0_0/DVSS
 IO_FILL_IO_SOUTH_0_0/VDD
 IO_FILL_IO_SOUTH_0_0/VSS
 IO_FILL_IO_SOUTH_0_100/DVDD
 IO_FILL_IO_SOUTH_0_100/DVSS
 IO_FILL_IO_SOUTH_0_100/VDD
 IO_FILL_IO_SOUTH_0_100/VSS
 IO_FILL_IO_SOUTH_0_150/DVDD
 IO_FILL_IO_SOUTH_0_150/DVSS
 IO_FILL_IO_SOUTH_0_150/VDD
 IO_FILL_IO_SOUTH_0_150/VSS
 IO_FILL_IO_SOUTH_0_160/DVDD
 IO_FILL_IO_SOUTH_0_160/DVSS
 IO_FILL_IO_SOUTH_0_160/VDD
 IO_FILL_IO_SOUTH_0_160/VSS
 IO_FILL_IO_SOUTH_10_0/DVDD
 IO_FILL_IO_SOUTH_10_0/DVSS
 IO_FILL_IO_SOUTH_10_0/VDD
 IO_FILL_IO_SOUTH_10_0/VSS
 IO_FILL_IO_SOUTH_10_100/DVDD
 IO_FILL_IO_SOUTH_10_100/DVSS
 IO_FILL_IO_SOUTH_10_100/VDD
 IO_FILL_IO_SOUTH_10_100/VSS
 IO_FILL_IO_SOUTH_11_0/DVDD
 IO_FILL_IO_SOUTH_11_0/DVSS
 IO_FILL_IO_SOUTH_11_0/VDD
 IO_FILL_IO_SOUTH_11_0/VSS
 IO_FILL_IO_SOUTH_11_100/DVDD
 IO_FILL_IO_SOUTH_11_100/DVSS
 IO_FILL_IO_SOUTH_11_100/VDD
 IO_FILL_IO_SOUTH_11_100/VSS
 IO_FILL_IO_SOUTH_12_0/DVDD
 IO_FILL_IO_SOUTH_12_0/DVSS
 IO_FILL_IO_SOUTH_12_0/VDD
 IO_FILL_IO_SOUTH_12_0/VSS
 IO_FILL_IO_SOUTH_12_100/DVDD
 IO_FILL_IO_SOUTH_12_100/DVSS
 IO_FILL_IO_SOUTH_12_100/VDD
 IO_FILL_IO_SOUTH_12_100/VSS
 IO_FILL_IO_SOUTH_13_0/DVDD
 IO_FILL_IO_SOUTH_13_0/DVSS
 IO_FILL_IO_SOUTH_13_0/VDD
 IO_FILL_IO_SOUTH_13_0/VSS
 IO_FILL_IO_SOUTH_13_100/DVDD
 IO_FILL_IO_SOUTH_13_100/DVSS
 IO_FILL_IO_SOUTH_13_100/VDD
 IO_FILL_IO_SOUTH_13_100/VSS
 IO_FILL_IO_SOUTH_14_0/DVDD
 IO_FILL_IO_SOUTH_14_0/DVSS
 IO_FILL_IO_SOUTH_14_0/VDD
 IO_FILL_IO_SOUTH_14_0/VSS
 IO_FILL_IO_SOUTH_14_100/DVDD
 IO_FILL_IO_SOUTH_14_100/DVSS
 IO_FILL_IO_SOUTH_14_100/VDD
 IO_FILL_IO_SOUTH_14_100/VSS
 IO_FILL_IO_SOUTH_15_0/DVDD
 IO_FILL_IO_SOUTH_15_0/DVSS
 IO_FILL_IO_SOUTH_15_0/VDD
 IO_FILL_IO_SOUTH_15_0/VSS
 IO_FILL_IO_SOUTH_15_100/DVDD
 IO_FILL_IO_SOUTH_15_100/DVSS
 IO_FILL_IO_SOUTH_15_100/VDD
 IO_FILL_IO_SOUTH_15_100/VSS
 IO_FILL_IO_SOUTH_16_0/DVDD
 IO_FILL_IO_SOUTH_16_0/DVSS
 IO_FILL_IO_SOUTH_16_0/VDD
 IO_FILL_IO_SOUTH_16_0/VSS
 IO_FILL_IO_SOUTH_16_100/DVDD
 IO_FILL_IO_SOUTH_16_100/DVSS
 IO_FILL_IO_SOUTH_16_100/VDD
 IO_FILL_IO_SOUTH_16_100/VSS
 IO_FILL_IO_SOUTH_17_0/DVDD
 IO_FILL_IO_SOUTH_17_0/DVSS
 IO_FILL_IO_SOUTH_17_0/VDD
 IO_FILL_IO_SOUTH_17_0/VSS
 IO_FILL_IO_SOUTH_17_100/DVDD
 IO_FILL_IO_SOUTH_17_100/DVSS
 IO_FILL_IO_SOUTH_17_100/VDD
 IO_FILL_IO_SOUTH_17_100/VSS
 IO_FILL_IO_SOUTH_18_0/DVDD
 IO_FILL_IO_SOUTH_18_0/DVSS
 IO_FILL_IO_SOUTH_18_0/VDD
 IO_FILL_IO_SOUTH_18_0/VSS
 IO_FILL_IO_SOUTH_18_100/DVDD
 IO_FILL_IO_SOUTH_18_100/DVSS
 IO_FILL_IO_SOUTH_18_100/VDD
 IO_FILL_IO_SOUTH_18_100/VSS
 IO_FILL_IO_SOUTH_19_0/DVDD
 IO_FILL_IO_SOUTH_19_0/DVSS
 IO_FILL_IO_SOUTH_19_0/VDD
 IO_FILL_IO_SOUTH_19_0/VSS
 IO_FILL_IO_SOUTH_19_100/DVDD
 IO_FILL_IO_SOUTH_19_100/DVSS
 IO_FILL_IO_SOUTH_19_100/VDD
 IO_FILL_IO_SOUTH_19_100/VSS
 IO_FILL_IO_SOUTH_1_0/DVDD
 IO_FILL_IO_SOUTH_1_0/DVSS
 IO_FILL_IO_SOUTH_1_0/VDD
 IO_FILL_IO_SOUTH_1_0/VSS
 IO_FILL_IO_SOUTH_1_100/DVDD
 IO_FILL_IO_SOUTH_1_100/DVSS
 IO_FILL_IO_SOUTH_1_100/VDD
 IO_FILL_IO_SOUTH_1_100/VSS
 IO_FILL_IO_SOUTH_20_0/DVDD
 IO_FILL_IO_SOUTH_20_0/DVSS
 IO_FILL_IO_SOUTH_20_0/VDD
 IO_FILL_IO_SOUTH_20_0/VSS
 IO_FILL_IO_SOUTH_20_100/DVDD
 IO_FILL_IO_SOUTH_20_100/DVSS
 IO_FILL_IO_SOUTH_20_100/VDD
 IO_FILL_IO_SOUTH_20_100/VSS
 IO_FILL_IO_SOUTH_21_0/DVDD
 IO_FILL_IO_SOUTH_21_0/DVSS
 IO_FILL_IO_SOUTH_21_0/VDD
 IO_FILL_IO_SOUTH_21_0/VSS
 IO_FILL_IO_SOUTH_21_100/DVDD
 IO_FILL_IO_SOUTH_21_100/DVSS
 IO_FILL_IO_SOUTH_21_100/VDD
 IO_FILL_IO_SOUTH_21_100/VSS
 IO_FILL_IO_SOUTH_22_0/DVDD
 IO_FILL_IO_SOUTH_22_0/DVSS
 IO_FILL_IO_SOUTH_22_0/VDD
 IO_FILL_IO_SOUTH_22_0/VSS
 IO_FILL_IO_SOUTH_22_100/DVDD
 IO_FILL_IO_SOUTH_22_100/DVSS
 IO_FILL_IO_SOUTH_22_100/VDD
 IO_FILL_IO_SOUTH_22_100/VSS
 IO_FILL_IO_SOUTH_23_0/DVDD
 IO_FILL_IO_SOUTH_23_0/DVSS
 IO_FILL_IO_SOUTH_23_0/VDD
 IO_FILL_IO_SOUTH_23_0/VSS
 IO_FILL_IO_SOUTH_23_100/DVDD
 IO_FILL_IO_SOUTH_23_100/DVSS
 IO_FILL_IO_SOUTH_23_100/VDD
 IO_FILL_IO_SOUTH_23_100/VSS
 IO_FILL_IO_SOUTH_24_0/DVDD
 IO_FILL_IO_SOUTH_24_0/DVSS
 IO_FILL_IO_SOUTH_24_0/VDD
 IO_FILL_IO_SOUTH_24_0/VSS
 IO_FILL_IO_SOUTH_24_100/DVDD
 IO_FILL_IO_SOUTH_24_100/DVSS
 IO_FILL_IO_SOUTH_24_100/VDD
 IO_FILL_IO_SOUTH_24_100/VSS
 IO_FILL_IO_SOUTH_25_0/DVDD
 IO_FILL_IO_SOUTH_25_0/DVSS
 IO_FILL_IO_SOUTH_25_0/VDD
 IO_FILL_IO_SOUTH_25_0/VSS
 IO_FILL_IO_SOUTH_25_100/DVDD
 IO_FILL_IO_SOUTH_25_100/DVSS
 IO_FILL_IO_SOUTH_25_100/VDD
 IO_FILL_IO_SOUTH_25_100/VSS
 IO_FILL_IO_SOUTH_25_150/DVDD
 IO_FILL_IO_SOUTH_25_150/DVSS
 IO_FILL_IO_SOUTH_25_150/VDD
 IO_FILL_IO_SOUTH_25_150/VSS
 IO_FILL_IO_SOUTH_25_160/DVDD
 IO_FILL_IO_SOUTH_25_160/DVSS
 IO_FILL_IO_SOUTH_25_160/VDD
 IO_FILL_IO_SOUTH_25_160/VSS
 IO_FILL_IO_SOUTH_2_0/DVDD
 IO_FILL_IO_SOUTH_2_0/DVSS
 IO_FILL_IO_SOUTH_2_0/VDD
 IO_FILL_IO_SOUTH_2_0/VSS
 IO_FILL_IO_SOUTH_2_100/DVDD
 IO_FILL_IO_SOUTH_2_100/DVSS
 IO_FILL_IO_SOUTH_2_100/VDD
 IO_FILL_IO_SOUTH_2_100/VSS
 IO_FILL_IO_SOUTH_3_0/DVDD
 IO_FILL_IO_SOUTH_3_0/DVSS
 IO_FILL_IO_SOUTH_3_0/VDD
 IO_FILL_IO_SOUTH_3_0/VSS
 IO_FILL_IO_SOUTH_3_100/DVDD
 IO_FILL_IO_SOUTH_3_100/DVSS
 IO_FILL_IO_SOUTH_3_100/VDD
 IO_FILL_IO_SOUTH_3_100/VSS
 IO_FILL_IO_SOUTH_4_0/DVDD
 IO_FILL_IO_SOUTH_4_0/DVSS
 IO_FILL_IO_SOUTH_4_0/VDD
 IO_FILL_IO_SOUTH_4_0/VSS
 IO_FILL_IO_SOUTH_4_100/DVDD
 IO_FILL_IO_SOUTH_4_100/DVSS
 IO_FILL_IO_SOUTH_4_100/VDD
 IO_FILL_IO_SOUTH_4_100/VSS
 IO_FILL_IO_SOUTH_5_0/DVDD
 IO_FILL_IO_SOUTH_5_0/DVSS
 IO_FILL_IO_SOUTH_5_0/VDD
 IO_FILL_IO_SOUTH_5_0/VSS
 IO_FILL_IO_SOUTH_5_100/DVDD
 IO_FILL_IO_SOUTH_5_100/DVSS
 IO_FILL_IO_SOUTH_5_100/VDD
 IO_FILL_IO_SOUTH_5_100/VSS
 IO_FILL_IO_SOUTH_6_0/DVDD
 IO_FILL_IO_SOUTH_6_0/DVSS
 IO_FILL_IO_SOUTH_6_0/VDD
 IO_FILL_IO_SOUTH_6_0/VSS
 IO_FILL_IO_SOUTH_6_100/DVDD
 IO_FILL_IO_SOUTH_6_100/DVSS
 IO_FILL_IO_SOUTH_6_100/VDD
 IO_FILL_IO_SOUTH_6_100/VSS
 IO_FILL_IO_SOUTH_7_0/DVDD
 IO_FILL_IO_SOUTH_7_0/DVSS
 IO_FILL_IO_SOUTH_7_0/VDD
 IO_FILL_IO_SOUTH_7_0/VSS
 IO_FILL_IO_SOUTH_7_100/DVDD
 IO_FILL_IO_SOUTH_7_100/DVSS
 IO_FILL_IO_SOUTH_7_100/VDD
 IO_FILL_IO_SOUTH_7_100/VSS
 IO_FILL_IO_SOUTH_8_0/DVDD
 IO_FILL_IO_SOUTH_8_0/DVSS
 IO_FILL_IO_SOUTH_8_0/VDD
 IO_FILL_IO_SOUTH_8_0/VSS
 IO_FILL_IO_SOUTH_8_100/DVDD
 IO_FILL_IO_SOUTH_8_100/DVSS
 IO_FILL_IO_SOUTH_8_100/VDD
 IO_FILL_IO_SOUTH_8_100/VSS
 IO_FILL_IO_SOUTH_9_0/DVDD
 IO_FILL_IO_SOUTH_9_0/DVSS
 IO_FILL_IO_SOUTH_9_0/VDD
 IO_FILL_IO_SOUTH_9_0/VSS
 IO_FILL_IO_SOUTH_9_100/DVDD
 IO_FILL_IO_SOUTH_9_100/DVSS
 IO_FILL_IO_SOUTH_9_100/VDD
 IO_FILL_IO_SOUTH_9_100/VSS
 IO_FILL_IO_WEST_0_0/DVDD
 IO_FILL_IO_WEST_0_0/DVSS
 IO_FILL_IO_WEST_0_0/VDD
 IO_FILL_IO_WEST_0_0/VSS
 IO_FILL_IO_WEST_0_100/DVDD
 IO_FILL_IO_WEST_0_100/DVSS
 IO_FILL_IO_WEST_0_100/VDD
 IO_FILL_IO_WEST_0_100/VSS
 IO_FILL_IO_WEST_0_200/DVDD
 IO_FILL_IO_WEST_0_200/DVSS
 IO_FILL_IO_WEST_0_200/VDD
 IO_FILL_IO_WEST_0_200/VSS
 IO_FILL_IO_WEST_10_0/DVDD
 IO_FILL_IO_WEST_10_0/DVSS
 IO_FILL_IO_WEST_10_0/VDD
 IO_FILL_IO_WEST_10_0/VSS
 IO_FILL_IO_WEST_10_100/DVDD
 IO_FILL_IO_WEST_10_100/DVSS
 IO_FILL_IO_WEST_10_100/VDD
 IO_FILL_IO_WEST_10_100/VSS
 IO_FILL_IO_WEST_10_200/DVDD
 IO_FILL_IO_WEST_10_200/DVSS
 IO_FILL_IO_WEST_10_200/VDD
 IO_FILL_IO_WEST_10_200/VSS
 IO_FILL_IO_WEST_10_210/DVDD
 IO_FILL_IO_WEST_10_210/DVSS
 IO_FILL_IO_WEST_10_210/VDD
 IO_FILL_IO_WEST_10_210/VSS
 IO_FILL_IO_WEST_11_0/DVDD
 IO_FILL_IO_WEST_11_0/DVSS
 IO_FILL_IO_WEST_11_0/VDD
 IO_FILL_IO_WEST_11_0/VSS
 IO_FILL_IO_WEST_11_100/DVDD
 IO_FILL_IO_WEST_11_100/DVSS
 IO_FILL_IO_WEST_11_100/VDD
 IO_FILL_IO_WEST_11_100/VSS
 IO_FILL_IO_WEST_11_200/DVDD
 IO_FILL_IO_WEST_11_200/DVSS
 IO_FILL_IO_WEST_11_200/VDD
 IO_FILL_IO_WEST_11_200/VSS
 IO_FILL_IO_WEST_11_210/DVDD
 IO_FILL_IO_WEST_11_210/DVSS
 IO_FILL_IO_WEST_11_210/VDD
 IO_FILL_IO_WEST_11_210/VSS
 IO_FILL_IO_WEST_12_0/DVDD
 IO_FILL_IO_WEST_12_0/DVSS
 IO_FILL_IO_WEST_12_0/VDD
 IO_FILL_IO_WEST_12_0/VSS
 IO_FILL_IO_WEST_12_100/DVDD
 IO_FILL_IO_WEST_12_100/DVSS
 IO_FILL_IO_WEST_12_100/VDD
 IO_FILL_IO_WEST_12_100/VSS
 IO_FILL_IO_WEST_12_200/DVDD
 IO_FILL_IO_WEST_12_200/DVSS
 IO_FILL_IO_WEST_12_200/VDD
 IO_FILL_IO_WEST_12_200/VSS
 IO_FILL_IO_WEST_12_210/DVDD
 IO_FILL_IO_WEST_12_210/DVSS
 IO_FILL_IO_WEST_12_210/VDD
 IO_FILL_IO_WEST_12_210/VSS
 IO_FILL_IO_WEST_13_0/DVDD
 IO_FILL_IO_WEST_13_0/DVSS
 IO_FILL_IO_WEST_13_0/VDD
 IO_FILL_IO_WEST_13_0/VSS
 IO_FILL_IO_WEST_13_100/DVDD
 IO_FILL_IO_WEST_13_100/DVSS
 IO_FILL_IO_WEST_13_100/VDD
 IO_FILL_IO_WEST_13_100/VSS
 IO_FILL_IO_WEST_13_200/DVDD
 IO_FILL_IO_WEST_13_200/DVSS
 IO_FILL_IO_WEST_13_200/VDD
 IO_FILL_IO_WEST_13_200/VSS
 IO_FILL_IO_WEST_13_210/DVDD
 IO_FILL_IO_WEST_13_210/DVSS
 IO_FILL_IO_WEST_13_210/VDD
 IO_FILL_IO_WEST_13_210/VSS
 IO_FILL_IO_WEST_14_0/DVDD
 IO_FILL_IO_WEST_14_0/DVSS
 IO_FILL_IO_WEST_14_0/VDD
 IO_FILL_IO_WEST_14_0/VSS
 IO_FILL_IO_WEST_14_100/DVDD
 IO_FILL_IO_WEST_14_100/DVSS
 IO_FILL_IO_WEST_14_100/VDD
 IO_FILL_IO_WEST_14_100/VSS
 IO_FILL_IO_WEST_14_200/DVDD
 IO_FILL_IO_WEST_14_200/DVSS
 IO_FILL_IO_WEST_14_200/VDD
 IO_FILL_IO_WEST_14_200/VSS
 IO_FILL_IO_WEST_14_210/DVDD
 IO_FILL_IO_WEST_14_210/DVSS
 IO_FILL_IO_WEST_14_210/VDD
 IO_FILL_IO_WEST_14_210/VSS
 IO_FILL_IO_WEST_15_0/DVDD
 IO_FILL_IO_WEST_15_0/DVSS
 IO_FILL_IO_WEST_15_0/VDD
 IO_FILL_IO_WEST_15_0/VSS
 IO_FILL_IO_WEST_15_100/DVDD
 IO_FILL_IO_WEST_15_100/DVSS
 IO_FILL_IO_WEST_15_100/VDD
 IO_FILL_IO_WEST_15_100/VSS
 IO_FILL_IO_WEST_15_200/DVDD
 IO_FILL_IO_WEST_15_200/DVSS
 IO_FILL_IO_WEST_15_200/VDD
 IO_FILL_IO_WEST_15_200/VSS
 IO_FILL_IO_WEST_15_210/DVDD
 IO_FILL_IO_WEST_15_210/DVSS
 IO_FILL_IO_WEST_15_210/VDD
 IO_FILL_IO_WEST_15_210/VSS
 IO_FILL_IO_WEST_16_0/DVDD
 IO_FILL_IO_WEST_16_0/DVSS
 IO_FILL_IO_WEST_16_0/VDD
 IO_FILL_IO_WEST_16_0/VSS
 IO_FILL_IO_WEST_16_100/DVDD
 IO_FILL_IO_WEST_16_100/DVSS
 IO_FILL_IO_WEST_16_100/VDD
 IO_FILL_IO_WEST_16_100/VSS
 IO_FILL_IO_WEST_16_200/DVDD
 IO_FILL_IO_WEST_16_200/DVSS
 IO_FILL_IO_WEST_16_200/VDD
 IO_FILL_IO_WEST_16_200/VSS
 IO_FILL_IO_WEST_16_210/DVDD
 IO_FILL_IO_WEST_16_210/DVSS
 IO_FILL_IO_WEST_16_210/VDD
 IO_FILL_IO_WEST_16_210/VSS
 IO_FILL_IO_WEST_17_0/DVDD
 IO_FILL_IO_WEST_17_0/DVSS
 IO_FILL_IO_WEST_17_0/VDD
 IO_FILL_IO_WEST_17_0/VSS
 IO_FILL_IO_WEST_17_100/DVDD
 IO_FILL_IO_WEST_17_100/DVSS
 IO_FILL_IO_WEST_17_100/VDD
 IO_FILL_IO_WEST_17_100/VSS
 IO_FILL_IO_WEST_17_200/DVDD
 IO_FILL_IO_WEST_17_200/DVSS
 IO_FILL_IO_WEST_17_200/VDD
 IO_FILL_IO_WEST_17_200/VSS
 IO_FILL_IO_WEST_17_210/DVDD
 IO_FILL_IO_WEST_17_210/DVSS
 IO_FILL_IO_WEST_17_210/VDD
 IO_FILL_IO_WEST_17_210/VSS
 IO_FILL_IO_WEST_18_0/DVDD
 IO_FILL_IO_WEST_18_0/DVSS
 IO_FILL_IO_WEST_18_0/VDD
 IO_FILL_IO_WEST_18_0/VSS
 IO_FILL_IO_WEST_18_100/DVDD
 IO_FILL_IO_WEST_18_100/DVSS
 IO_FILL_IO_WEST_18_100/VDD
 IO_FILL_IO_WEST_18_100/VSS
 IO_FILL_IO_WEST_18_200/DVDD
 IO_FILL_IO_WEST_18_200/DVSS
 IO_FILL_IO_WEST_18_200/VDD
 IO_FILL_IO_WEST_18_200/VSS
 IO_FILL_IO_WEST_18_210/DVDD
 IO_FILL_IO_WEST_18_210/DVSS
 IO_FILL_IO_WEST_18_210/VDD
 IO_FILL_IO_WEST_18_210/VSS
 IO_FILL_IO_WEST_19_0/DVDD
 IO_FILL_IO_WEST_19_0/DVSS
 IO_FILL_IO_WEST_19_0/VDD
 IO_FILL_IO_WEST_19_0/VSS
 IO_FILL_IO_WEST_19_100/DVDD
 IO_FILL_IO_WEST_19_100/DVSS
 IO_FILL_IO_WEST_19_100/VDD
 IO_FILL_IO_WEST_19_100/VSS
 IO_FILL_IO_WEST_19_200/DVDD
 IO_FILL_IO_WEST_19_200/DVSS
 IO_FILL_IO_WEST_19_200/VDD
 IO_FILL_IO_WEST_19_200/VSS
 IO_FILL_IO_WEST_19_210/DVDD
 IO_FILL_IO_WEST_19_210/DVSS
 IO_FILL_IO_WEST_19_210/VDD
 IO_FILL_IO_WEST_19_210/VSS
 IO_FILL_IO_WEST_1_0/DVDD
 IO_FILL_IO_WEST_1_0/DVSS
 IO_FILL_IO_WEST_1_0/VDD
 IO_FILL_IO_WEST_1_0/VSS
 IO_FILL_IO_WEST_1_100/DVDD
 IO_FILL_IO_WEST_1_100/DVSS
 IO_FILL_IO_WEST_1_100/VDD
 IO_FILL_IO_WEST_1_100/VSS
 IO_FILL_IO_WEST_1_200/DVDD
 IO_FILL_IO_WEST_1_200/DVSS
 IO_FILL_IO_WEST_1_200/VDD
 IO_FILL_IO_WEST_1_200/VSS
 IO_FILL_IO_WEST_1_210/DVDD
 IO_FILL_IO_WEST_1_210/DVSS
 IO_FILL_IO_WEST_1_210/VDD
 IO_FILL_IO_WEST_1_210/VSS
 IO_FILL_IO_WEST_20_0/DVDD
 IO_FILL_IO_WEST_20_0/DVSS
 IO_FILL_IO_WEST_20_0/VDD
 IO_FILL_IO_WEST_20_0/VSS
 IO_FILL_IO_WEST_20_100/DVDD
 IO_FILL_IO_WEST_20_100/DVSS
 IO_FILL_IO_WEST_20_100/VDD
 IO_FILL_IO_WEST_20_100/VSS
 IO_FILL_IO_WEST_20_200/DVDD
 IO_FILL_IO_WEST_20_200/DVSS
 IO_FILL_IO_WEST_20_200/VDD
 IO_FILL_IO_WEST_20_200/VSS
 IO_FILL_IO_WEST_20_210/DVDD
 IO_FILL_IO_WEST_20_210/DVSS
 IO_FILL_IO_WEST_20_210/VDD
 IO_FILL_IO_WEST_20_210/VSS
 IO_FILL_IO_WEST_21_0/DVDD
 IO_FILL_IO_WEST_21_0/DVSS
 IO_FILL_IO_WEST_21_0/VDD
 IO_FILL_IO_WEST_21_0/VSS
 IO_FILL_IO_WEST_21_100/DVDD
 IO_FILL_IO_WEST_21_100/DVSS
 IO_FILL_IO_WEST_21_100/VDD
 IO_FILL_IO_WEST_21_100/VSS
 IO_FILL_IO_WEST_21_200/DVDD
 IO_FILL_IO_WEST_21_200/DVSS
 IO_FILL_IO_WEST_21_200/VDD
 IO_FILL_IO_WEST_21_200/VSS
 IO_FILL_IO_WEST_21_210/DVDD
 IO_FILL_IO_WEST_21_210/DVSS
 IO_FILL_IO_WEST_21_210/VDD
 IO_FILL_IO_WEST_21_210/VSS
 IO_FILL_IO_WEST_22_0/DVDD
 IO_FILL_IO_WEST_22_0/DVSS
 IO_FILL_IO_WEST_22_0/VDD
 IO_FILL_IO_WEST_22_0/VSS
 IO_FILL_IO_WEST_22_100/DVDD
 IO_FILL_IO_WEST_22_100/DVSS
 IO_FILL_IO_WEST_22_100/VDD
 IO_FILL_IO_WEST_22_100/VSS
 IO_FILL_IO_WEST_22_200/DVDD
 IO_FILL_IO_WEST_22_200/DVSS
 IO_FILL_IO_WEST_22_200/VDD
 IO_FILL_IO_WEST_22_200/VSS
 IO_FILL_IO_WEST_22_300/DVDD
 IO_FILL_IO_WEST_22_300/DVSS
 IO_FILL_IO_WEST_22_300/VDD
 IO_FILL_IO_WEST_22_300/VSS
 IO_FILL_IO_WEST_2_0/DVDD
 IO_FILL_IO_WEST_2_0/DVSS
 IO_FILL_IO_WEST_2_0/VDD
 IO_FILL_IO_WEST_2_0/VSS
 IO_FILL_IO_WEST_2_100/DVDD
 IO_FILL_IO_WEST_2_100/DVSS
 IO_FILL_IO_WEST_2_100/VDD
 IO_FILL_IO_WEST_2_100/VSS
 IO_FILL_IO_WEST_2_200/DVDD
 IO_FILL_IO_WEST_2_200/DVSS
 IO_FILL_IO_WEST_2_200/VDD
 IO_FILL_IO_WEST_2_200/VSS
 IO_FILL_IO_WEST_2_210/DVDD
 IO_FILL_IO_WEST_2_210/DVSS
 IO_FILL_IO_WEST_2_210/VDD
 IO_FILL_IO_WEST_2_210/VSS
 IO_FILL_IO_WEST_3_0/DVDD
 IO_FILL_IO_WEST_3_0/DVSS
 IO_FILL_IO_WEST_3_0/VDD
 IO_FILL_IO_WEST_3_0/VSS
 IO_FILL_IO_WEST_3_100/DVDD
 IO_FILL_IO_WEST_3_100/DVSS
 IO_FILL_IO_WEST_3_100/VDD
 IO_FILL_IO_WEST_3_100/VSS
 IO_FILL_IO_WEST_3_200/DVDD
 IO_FILL_IO_WEST_3_200/DVSS
 IO_FILL_IO_WEST_3_200/VDD
 IO_FILL_IO_WEST_3_200/VSS
 IO_FILL_IO_WEST_3_210/DVDD
 IO_FILL_IO_WEST_3_210/DVSS
 IO_FILL_IO_WEST_3_210/VDD
 IO_FILL_IO_WEST_3_210/VSS
 IO_FILL_IO_WEST_4_0/DVDD
 IO_FILL_IO_WEST_4_0/DVSS
 IO_FILL_IO_WEST_4_0/VDD
 IO_FILL_IO_WEST_4_0/VSS
 IO_FILL_IO_WEST_4_100/DVDD
 IO_FILL_IO_WEST_4_100/DVSS
 IO_FILL_IO_WEST_4_100/VDD
 IO_FILL_IO_WEST_4_100/VSS
 IO_FILL_IO_WEST_4_200/DVDD
 IO_FILL_IO_WEST_4_200/DVSS
 IO_FILL_IO_WEST_4_200/VDD
 IO_FILL_IO_WEST_4_200/VSS
 IO_FILL_IO_WEST_4_210/DVDD
 IO_FILL_IO_WEST_4_210/DVSS
 IO_FILL_IO_WEST_4_210/VDD
 IO_FILL_IO_WEST_4_210/VSS
 IO_FILL_IO_WEST_5_0/DVDD
 IO_FILL_IO_WEST_5_0/DVSS
 IO_FILL_IO_WEST_5_0/VDD
 IO_FILL_IO_WEST_5_0/VSS
 IO_FILL_IO_WEST_5_100/DVDD
 IO_FILL_IO_WEST_5_100/DVSS
 IO_FILL_IO_WEST_5_100/VDD
 IO_FILL_IO_WEST_5_100/VSS
 IO_FILL_IO_WEST_5_200/DVDD
 IO_FILL_IO_WEST_5_200/DVSS
 IO_FILL_IO_WEST_5_200/VDD
 IO_FILL_IO_WEST_5_200/VSS
 IO_FILL_IO_WEST_5_210/DVDD
 IO_FILL_IO_WEST_5_210/DVSS
 IO_FILL_IO_WEST_5_210/VDD
 IO_FILL_IO_WEST_5_210/VSS
 IO_FILL_IO_WEST_6_0/DVDD
 IO_FILL_IO_WEST_6_0/DVSS
 IO_FILL_IO_WEST_6_0/VDD
 IO_FILL_IO_WEST_6_0/VSS
 IO_FILL_IO_WEST_6_100/DVDD
 IO_FILL_IO_WEST_6_100/DVSS
 IO_FILL_IO_WEST_6_100/VDD
 IO_FILL_IO_WEST_6_100/VSS
 IO_FILL_IO_WEST_6_200/DVDD
 IO_FILL_IO_WEST_6_200/DVSS
 IO_FILL_IO_WEST_6_200/VDD
 IO_FILL_IO_WEST_6_200/VSS
 IO_FILL_IO_WEST_6_210/DVDD
 IO_FILL_IO_WEST_6_210/DVSS
 IO_FILL_IO_WEST_6_210/VDD
 IO_FILL_IO_WEST_6_210/VSS
 IO_FILL_IO_WEST_7_0/DVDD
 IO_FILL_IO_WEST_7_0/DVSS
 IO_FILL_IO_WEST_7_0/VDD
 IO_FILL_IO_WEST_7_0/VSS
 IO_FILL_IO_WEST_7_100/DVDD
 IO_FILL_IO_WEST_7_100/DVSS
 IO_FILL_IO_WEST_7_100/VDD
 IO_FILL_IO_WEST_7_100/VSS
 IO_FILL_IO_WEST_7_200/DVDD
 IO_FILL_IO_WEST_7_200/DVSS
 IO_FILL_IO_WEST_7_200/VDD
 IO_FILL_IO_WEST_7_200/VSS
 IO_FILL_IO_WEST_7_210/DVDD
 IO_FILL_IO_WEST_7_210/DVSS
 IO_FILL_IO_WEST_7_210/VDD
 IO_FILL_IO_WEST_7_210/VSS
 IO_FILL_IO_WEST_8_0/DVDD
 IO_FILL_IO_WEST_8_0/DVSS
 IO_FILL_IO_WEST_8_0/VDD
 IO_FILL_IO_WEST_8_0/VSS
 IO_FILL_IO_WEST_8_100/DVDD
 IO_FILL_IO_WEST_8_100/DVSS
 IO_FILL_IO_WEST_8_100/VDD
 IO_FILL_IO_WEST_8_100/VSS
 IO_FILL_IO_WEST_8_200/DVDD
 IO_FILL_IO_WEST_8_200/DVSS
 IO_FILL_IO_WEST_8_200/VDD
 IO_FILL_IO_WEST_8_200/VSS
 IO_FILL_IO_WEST_8_210/DVDD
 IO_FILL_IO_WEST_8_210/DVSS
 IO_FILL_IO_WEST_8_210/VDD
 IO_FILL_IO_WEST_8_210/VSS
 IO_FILL_IO_WEST_9_0/DVDD
 IO_FILL_IO_WEST_9_0/DVSS
 IO_FILL_IO_WEST_9_0/VDD
 IO_FILL_IO_WEST_9_0/VSS
 IO_FILL_IO_WEST_9_100/DVDD
 IO_FILL_IO_WEST_9_100/DVSS
 IO_FILL_IO_WEST_9_100/VDD
 IO_FILL_IO_WEST_9_100/VSS
 IO_FILL_IO_WEST_9_200/DVDD
 IO_FILL_IO_WEST_9_200/DVSS
 IO_FILL_IO_WEST_9_200/VDD
 IO_FILL_IO_WEST_9_200/VSS
 IO_FILL_IO_WEST_9_210/DVDD
 IO_FILL_IO_WEST_9_210/DVSS
 IO_FILL_IO_WEST_9_210/VDD
 IO_FILL_IO_WEST_9_210/VSS
 _05320_/ZN
 _05340_/Z
 _05357_/Z
 analog\[0\].pad/ASIG5V
 analog\[0\].pad/DVDD
 analog\[0\].pad/DVSS
 analog\[0\].pad/VDD
 analog\[0\].pad/VSS
 analog\[10\].pad/ASIG5V
 analog\[10\].pad/DVDD
 analog\[10\].pad/DVSS
 analog\[10\].pad/VDD
 analog\[10\].pad/VSS
 analog\[11\].pad/ASIG5V
 analog\[11\].pad/DVDD
 analog\[11\].pad/DVSS
 analog\[11\].pad/VDD
 analog\[11\].pad/VSS
 analog\[12\].pad/ASIG5V
 analog\[12\].pad/DVDD
 analog\[12\].pad/DVSS
 analog\[12\].pad/VDD
 analog\[12\].pad/VSS
 analog\[13\].pad/ASIG5V
 analog\[13\].pad/DVDD
 analog\[13\].pad/DVSS
 analog\[13\].pad/VDD
 analog\[13\].pad/VSS
 analog\[14\].pad/ASIG5V
 analog\[14\].pad/DVDD
 analog\[14\].pad/DVSS
 analog\[14\].pad/VDD
 analog\[14\].pad/VSS
 analog\[15\].pad/ASIG5V
 analog\[15\].pad/DVDD
 analog\[15\].pad/DVSS
 analog\[15\].pad/VDD
 analog\[15\].pad/VSS
 analog\[16\].pad/ASIG5V
 analog\[16\].pad/DVDD
 analog\[16\].pad/DVSS
 analog\[16\].pad/VDD
 analog\[16\].pad/VSS
 analog\[17\].pad/ASIG5V
 analog\[17\].pad/DVDD
 analog\[17\].pad/DVSS
 analog\[17\].pad/VDD
 analog\[17\].pad/VSS
 analog\[18\].pad/ASIG5V
 analog\[18\].pad/DVDD
 analog\[18\].pad/DVSS
 analog\[18\].pad/VDD
 analog\[18\].pad/VSS
 analog\[19\].pad/ASIG5V
 analog\[19\].pad/DVDD
 analog\[19\].pad/DVSS
 analog\[19\].pad/VDD
 analog\[19\].pad/VSS
 analog\[1\].pad/ASIG5V
 analog\[1\].pad/DVDD
 analog\[1\].pad/DVSS
 analog\[1\].pad/VDD
 analog\[1\].pad/VSS
 analog\[20\].pad/ASIG5V
 analog\[20\].pad/DVDD
 analog\[20\].pad/DVSS
 analog\[20\].pad/VDD
 analog\[20\].pad/VSS
 analog\[21\].pad/ASIG5V
 analog\[21\].pad/DVDD
 analog\[21\].pad/DVSS
 analog\[21\].pad/VDD
 analog\[21\].pad/VSS
 analog\[22\].pad/ASIG5V
 analog\[22\].pad/DVDD
 analog\[22\].pad/DVSS
 analog\[22\].pad/VDD
 analog\[22\].pad/VSS
 analog\[23\].pad/ASIG5V
 analog\[23\].pad/DVDD
 analog\[23\].pad/DVSS
 analog\[23\].pad/VDD
 analog\[23\].pad/VSS
 analog\[24\].pad/ASIG5V
 analog\[24\].pad/DVDD
 analog\[24\].pad/DVSS
 analog\[24\].pad/VDD
 analog\[24\].pad/VSS
 analog\[25\].pad/ASIG5V
 analog\[25\].pad/DVDD
 analog\[25\].pad/DVSS
 analog\[25\].pad/VDD
 analog\[25\].pad/VSS
 analog\[26\].pad/ASIG5V
 analog\[26\].pad/DVDD
 analog\[26\].pad/DVSS
 analog\[26\].pad/VDD
 analog\[26\].pad/VSS
 analog\[27\].pad/ASIG5V
 analog\[27\].pad/DVDD
 analog\[27\].pad/DVSS
 analog\[27\].pad/VDD
 analog\[27\].pad/VSS
 analog\[28\].pad/ASIG5V
 analog\[28\].pad/DVDD
 analog\[28\].pad/DVSS
 analog\[28\].pad/VDD
 analog\[28\].pad/VSS
 analog\[29\].pad/ASIG5V
 analog\[29\].pad/DVDD
 analog\[29\].pad/DVSS
 analog\[29\].pad/VDD
 analog\[29\].pad/VSS
 analog\[2\].pad/ASIG5V
 analog\[2\].pad/DVDD
 analog\[2\].pad/DVSS
 analog\[2\].pad/VDD
 analog\[2\].pad/VSS
 analog\[30\].pad/ASIG5V
 analog\[30\].pad/DVDD
 analog\[30\].pad/DVSS
 analog\[30\].pad/VDD
 analog\[30\].pad/VSS
 analog\[31\].pad/ASIG5V
 analog\[31\].pad/DVDD
 analog\[31\].pad/DVSS
 analog\[31\].pad/VDD
 analog\[31\].pad/VSS
 analog\[32\].pad/ASIG5V
 analog\[32\].pad/DVDD
 analog\[32\].pad/DVSS
 analog\[32\].pad/VDD
 analog\[32\].pad/VSS
 analog\[33\].pad/ASIG5V
 analog\[33\].pad/DVDD
 analog\[33\].pad/DVSS
 analog\[33\].pad/VDD
 analog\[33\].pad/VSS
 analog\[34\].pad/ASIG5V
 analog\[34\].pad/DVDD
 analog\[34\].pad/DVSS
 analog\[34\].pad/VDD
 analog\[34\].pad/VSS
 analog\[35\].pad/ASIG5V
 analog\[35\].pad/DVDD
 analog\[35\].pad/DVSS
 analog\[35\].pad/VDD
 analog\[35\].pad/VSS
 analog\[36\].pad/ASIG5V
 analog\[36\].pad/DVDD
 analog\[36\].pad/DVSS
 analog\[36\].pad/VDD
 analog\[36\].pad/VSS
 analog\[37\].pad/ASIG5V
 analog\[37\].pad/DVDD
 analog\[37\].pad/DVSS
 analog\[37\].pad/VDD
 analog\[37\].pad/VSS
 analog\[38\].pad/ASIG5V
 analog\[38\].pad/DVDD
 analog\[38\].pad/DVSS
 analog\[38\].pad/VDD
 analog\[38\].pad/VSS
 analog\[39\].pad/ASIG5V
 analog\[39\].pad/DVDD
 analog\[39\].pad/DVSS
 analog\[39\].pad/VDD
 analog\[39\].pad/VSS
 analog\[3\].pad/ASIG5V
 analog\[3\].pad/DVDD
 analog\[3\].pad/DVSS
 analog\[3\].pad/VDD
 analog\[3\].pad/VSS
 analog\[40\].pad/ASIG5V
 analog\[40\].pad/DVDD
 analog\[40\].pad/DVSS
 analog\[40\].pad/VDD
 analog\[40\].pad/VSS
 analog\[41\].pad/ASIG5V
 analog\[41\].pad/DVDD
 analog\[41\].pad/DVSS
 analog\[41\].pad/VDD
 analog\[41\].pad/VSS
 analog\[42\].pad/ASIG5V
 analog\[42\].pad/DVDD
 analog\[42\].pad/DVSS
 analog\[42\].pad/VDD
 analog\[42\].pad/VSS
 analog\[43\].pad/ASIG5V
 analog\[43\].pad/DVDD
 analog\[43\].pad/DVSS
 analog\[43\].pad/VDD
 analog\[43\].pad/VSS
 analog\[44\].pad/ASIG5V
 analog\[44\].pad/DVDD
 analog\[44\].pad/DVSS
 analog\[44\].pad/VDD
 analog\[44\].pad/VSS
 analog\[45\].pad/ASIG5V
 analog\[45\].pad/DVDD
 analog\[45\].pad/DVSS
 analog\[45\].pad/VDD
 analog\[45\].pad/VSS
 analog\[46\].pad/ASIG5V
 analog\[46\].pad/DVDD
 analog\[46\].pad/DVSS
 analog\[46\].pad/VDD
 analog\[46\].pad/VSS
 analog\[47\].pad/ASIG5V
 analog\[47\].pad/DVDD
 analog\[47\].pad/DVSS
 analog\[47\].pad/VDD
 analog\[47\].pad/VSS
 analog\[48\].pad/ASIG5V
 analog\[48\].pad/DVDD
 analog\[48\].pad/DVSS
 analog\[48\].pad/VDD
 analog\[48\].pad/VSS
 analog\[49\].pad/ASIG5V
 analog\[49\].pad/DVDD
 analog\[49\].pad/DVSS
 analog\[49\].pad/VDD
 analog\[49\].pad/VSS
 analog\[4\].pad/ASIG5V
 analog\[4\].pad/DVDD
 analog\[4\].pad/DVSS
 analog\[4\].pad/VDD
 analog\[4\].pad/VSS
 analog\[50\].pad/ASIG5V
 analog\[50\].pad/DVDD
 analog\[50\].pad/DVSS
 analog\[50\].pad/VDD
 analog\[50\].pad/VSS
 analog\[51\].pad/ASIG5V
 analog\[51\].pad/DVDD
 analog\[51\].pad/DVSS
 analog\[51\].pad/VDD
 analog\[51\].pad/VSS
 analog\[52\].pad/ASIG5V
 analog\[52\].pad/DVDD
 analog\[52\].pad/DVSS
 analog\[52\].pad/VDD
 analog\[52\].pad/VSS
 analog\[53\].pad/ASIG5V
 analog\[53\].pad/DVDD
 analog\[53\].pad/DVSS
 analog\[53\].pad/VDD
 analog\[53\].pad/VSS
 analog\[54\].pad/ASIG5V
 analog\[54\].pad/DVDD
 analog\[54\].pad/DVSS
 analog\[54\].pad/VDD
 analog\[54\].pad/VSS
 analog\[55\].pad/ASIG5V
 analog\[55\].pad/DVDD
 analog\[55\].pad/DVSS
 analog\[55\].pad/VDD
 analog\[55\].pad/VSS
 analog\[56\].pad/ASIG5V
 analog\[56\].pad/DVDD
 analog\[56\].pad/DVSS
 analog\[56\].pad/VDD
 analog\[56\].pad/VSS
 analog\[57\].pad/ASIG5V
 analog\[57\].pad/DVDD
 analog\[57\].pad/DVSS
 analog\[57\].pad/VDD
 analog\[57\].pad/VSS
 analog\[58\].pad/ASIG5V
 analog\[58\].pad/DVDD
 analog\[58\].pad/DVSS
 analog\[58\].pad/VDD
 analog\[58\].pad/VSS
 analog\[59\].pad/ASIG5V
 analog\[59\].pad/DVDD
 analog\[59\].pad/DVSS
 analog\[59\].pad/VDD
 analog\[59\].pad/VSS
 analog\[5\].pad/ASIG5V
 analog\[5\].pad/DVDD
 analog\[5\].pad/DVSS
 analog\[5\].pad/VDD
 analog\[5\].pad/VSS
 analog\[6\].pad/ASIG5V
 analog\[6\].pad/DVDD
 analog\[6\].pad/DVSS
 analog\[6\].pad/VDD
 analog\[6\].pad/VSS
 analog\[7\].pad/ASIG5V
 analog\[7\].pad/DVDD
 analog\[7\].pad/DVSS
 analog\[7\].pad/VDD
 analog\[7\].pad/VSS
 analog\[8\].pad/ASIG5V
 analog\[8\].pad/DVDD
 analog\[8\].pad/DVSS
 analog\[8\].pad/VDD
 analog\[8\].pad/VSS
 analog\[9\].pad/ASIG5V
 analog\[9\].pad/DVDD
 analog\[9\].pad/DVSS
 analog\[9\].pad/VDD
 analog\[9\].pad/VSS
 bidir\[0\].pad/DVDD
 bidir\[0\].pad/DVSS
 bidir\[0\].pad/PAD
 bidir\[0\].pad/VDD
 bidir\[0\].pad/VSS
 bidir\[10\].pad/DVDD
 bidir\[10\].pad/DVSS
 bidir\[10\].pad/PAD
 bidir\[10\].pad/VDD
 bidir\[10\].pad/VSS
 bidir\[10\].pad/Y
 bidir\[11\].pad/DVDD
 bidir\[11\].pad/DVSS
 bidir\[11\].pad/PAD
 bidir\[11\].pad/VDD
 bidir\[11\].pad/VSS
 bidir\[11\].pad/Y
 bidir\[12\].pad/DVDD
 bidir\[12\].pad/DVSS
 bidir\[12\].pad/PAD
 bidir\[12\].pad/VDD
 bidir\[12\].pad/VSS
 bidir\[12\].pad/Y
 bidir\[13\].pad/DVDD
 bidir\[13\].pad/DVSS
 bidir\[13\].pad/PAD
 bidir\[13\].pad/VDD
 bidir\[13\].pad/VSS
 bidir\[13\].pad/Y
 bidir\[14\].pad/DVDD
 bidir\[14\].pad/DVSS
 bidir\[14\].pad/PAD
 bidir\[14\].pad/VDD
 bidir\[14\].pad/VSS
 bidir\[14\].pad/Y
 bidir\[15\].pad/DVDD
 bidir\[15\].pad/DVSS
 bidir\[15\].pad/PAD
 bidir\[15\].pad/VDD
 bidir\[15\].pad/VSS
 bidir\[15\].pad/Y
 bidir\[16\].pad/DVDD
 bidir\[16\].pad/DVSS
 bidir\[16\].pad/PAD
 bidir\[16\].pad/VDD
 bidir\[16\].pad/VSS
 bidir\[16\].pad/Y
 bidir\[17\].pad/DVDD
 bidir\[17\].pad/DVSS
 bidir\[17\].pad/PAD
 bidir\[17\].pad/VDD
 bidir\[17\].pad/VSS
 bidir\[17\].pad/Y
 bidir\[18\].pad/DVDD
 bidir\[18\].pad/DVSS
 bidir\[18\].pad/PAD
 bidir\[18\].pad/VDD
 bidir\[18\].pad/VSS
 bidir\[18\].pad/Y
 bidir\[19\].pad/DVDD
 bidir\[19\].pad/DVSS
 bidir\[19\].pad/PAD
 bidir\[19\].pad/VDD
 bidir\[19\].pad/VSS
 bidir\[19\].pad/Y
 bidir\[1\].pad/DVDD
 bidir\[1\].pad/DVSS
 bidir\[1\].pad/PAD
 bidir\[1\].pad/VDD
 bidir\[1\].pad/VSS
 bidir\[2\].pad/DVDD
 bidir\[2\].pad/DVSS
 bidir\[2\].pad/PAD
 bidir\[2\].pad/VDD
 bidir\[2\].pad/VSS
 bidir\[3\].pad/DVDD
 bidir\[3\].pad/DVSS
 bidir\[3\].pad/PAD
 bidir\[3\].pad/VDD
 bidir\[3\].pad/VSS
 bidir\[3\].pad/Y
 bidir\[4\].pad/DVDD
 bidir\[4\].pad/DVSS
 bidir\[4\].pad/PAD
 bidir\[4\].pad/VDD
 bidir\[4\].pad/VSS
 bidir\[4\].pad/Y
 bidir\[5\].pad/DVDD
 bidir\[5\].pad/DVSS
 bidir\[5\].pad/PAD
 bidir\[5\].pad/VDD
 bidir\[5\].pad/VSS
 bidir\[5\].pad/Y
 bidir\[6\].pad/DVDD
 bidir\[6\].pad/DVSS
 bidir\[6\].pad/PAD
 bidir\[6\].pad/VDD
 bidir\[6\].pad/VSS
 bidir\[6\].pad/Y
 bidir\[7\].pad/DVDD
 bidir\[7\].pad/DVSS
 bidir\[7\].pad/PAD
 bidir\[7\].pad/VDD
 bidir\[7\].pad/VSS
 bidir\[7\].pad/Y
 bidir\[8\].pad/DVDD
 bidir\[8\].pad/DVSS
 bidir\[8\].pad/PAD
 bidir\[8\].pad/VDD
 bidir\[8\].pad/VSS
 bidir\[8\].pad/Y
 bidir\[9\].pad/DVDD
 bidir\[9\].pad/DVSS
 bidir\[9\].pad/PAD
 bidir\[9\].pad/VDD
 bidir\[9\].pad/VSS
 bidir\[9\].pad/Y
 clk_pad/DVDD
 clk_pad/DVSS
 clk_pad/VDD
 clk_pad/VSS
 clkload0/ZN
 clkload1/ZN
 clkload10/ZN
 clkload11/ZN
 clkload12/ZN
 clkload13/Z
 clkload14/ZN
 clkload15/ZN
 clkload16/ZN
 clkload17/ZN
 clkload18/ZN
 clkload19/ZN
 clkload2/ZN
 clkload20/ZN
 clkload21/ZN
 clkload22/ZN
 clkload23/ZN
 clkload24/ZN
 clkload25/ZN
 clkload26/ZN
 clkload27/ZN
 clkload28/Z
 clkload29/ZN
 clkload3/ZN
 clkload30/ZN
 clkload31/Z
 clkload32/Z
 clkload33/ZN
 clkload34/ZN
 clkload35/ZN
 clkload36/Z
 clkload37/ZN
 clkload38/ZN
 clkload39/ZN
 clkload4/ZN
 clkload40/ZN
 clkload41/Z
 clkload42/ZN
 clkload43/ZN
 clkload44/ZN
 clkload45/ZN
 clkload46/ZN
 clkload47/ZN
 clkload48/ZN
 clkload49/ZN
 clkload5/ZN
 clkload50/ZN
 clkload51/ZN
 clkload52/Z
 clkload53/ZN
 clkload6/ZN
 clkload7/ZN
 clkload8/ZN
 clkload9/ZN
 dvdd_pads\[0\].pad/DVDD
 dvdd_pads\[0\].pad/DVSS
 dvdd_pads\[0\].pad/VSS
 dvdd_pads\[1\].pad/DVDD
 dvdd_pads\[1\].pad/DVSS
 dvdd_pads\[1\].pad/VSS
 dvdd_pads\[2\].pad/DVDD
 dvdd_pads\[2\].pad/DVSS
 dvdd_pads\[2\].pad/VSS
 dvdd_pads\[3\].pad/DVDD
 dvdd_pads\[3\].pad/DVSS
 dvdd_pads\[3\].pad/VSS
 dvss_pads\[0\].pad/DVDD
 dvss_pads\[0\].pad/DVSS
 dvss_pads\[0\].pad/VDD
 dvss_pads\[1\].pad/DVDD
 dvss_pads\[1\].pad/DVSS
 dvss_pads\[1\].pad/VDD
 dvss_pads\[2\].pad/DVDD
 dvss_pads\[2\].pad/DVSS
 dvss_pads\[2\].pad/VDD
 dvss_pads\[3\].pad/DVDD
 dvss_pads\[3\].pad/DVSS
 dvss_pads\[3\].pad/VDD
 inputs\[0\].pad/DVDD
 inputs\[0\].pad/DVSS
 inputs\[0\].pad/VDD
 inputs\[0\].pad/VSS
 rst_n_pad/DVDD
 rst_n_pad/DVSS
 rst_n_pad/VDD
 rst_n_pad/VSS
Found 0 partially unannotated drivers.

===========================================================================
max slew violation count 536
max fanout violation count 3
max cap violation count 50
============================================================================

===========================================================================
check_setup -verbose -unconstrained_endpoints -multiple_clock -no_clock -no_input_delay -loops -generated_clocks
===========================================================================
Warning: There are 62 input ports missing set_input_delay.
  analog_PAD[0]
  analog_PAD[10]
  analog_PAD[11]
  analog_PAD[12]
  analog_PAD[13]
  analog_PAD[14]
  analog_PAD[15]
  analog_PAD[16]
  analog_PAD[17]
  analog_PAD[18]
  analog_PAD[19]
  analog_PAD[1]
  analog_PAD[20]
  analog_PAD[21]
  analog_PAD[22]
  analog_PAD[23]
  analog_PAD[24]
  analog_PAD[25]
  analog_PAD[26]
  analog_PAD[27]
  analog_PAD[28]
  analog_PAD[29]
  analog_PAD[2]
  analog_PAD[30]
  analog_PAD[31]
  analog_PAD[32]
  analog_PAD[33]
  analog_PAD[34]
  analog_PAD[35]
  analog_PAD[36]
  analog_PAD[37]
  analog_PAD[38]
  analog_PAD[39]
  analog_PAD[3]
  analog_PAD[40]
  analog_PAD[41]
  analog_PAD[42]
  analog_PAD[43]
  analog_PAD[44]
  analog_PAD[45]
  analog_PAD[46]
  analog_PAD[47]
  analog_PAD[48]
  analog_PAD[49]
  analog_PAD[4]
  analog_PAD[50]
  analog_PAD[51]
  analog_PAD[52]
  analog_PAD[53]
  analog_PAD[54]
  analog_PAD[55]
  analog_PAD[56]
  analog_PAD[57]
  analog_PAD[58]
  analog_PAD[59]
  analog_PAD[5]
  analog_PAD[6]
  analog_PAD[7]
  analog_PAD[8]
  analog_PAD[9]
  clk_PAD
  input_PAD
Warning: There are 66 unconstrained endpoints.
  analog_PAD[0]
  analog_PAD[10]
  analog_PAD[11]
  analog_PAD[12]
  analog_PAD[13]
  analog_PAD[14]
  analog_PAD[15]
  analog_PAD[16]
  analog_PAD[17]
  analog_PAD[18]
  analog_PAD[19]
  analog_PAD[1]
  analog_PAD[20]
  analog_PAD[21]
  analog_PAD[22]
  analog_PAD[23]
  analog_PAD[24]
  analog_PAD[25]
  analog_PAD[26]
  analog_PAD[27]
  analog_PAD[28]
  analog_PAD[29]
  analog_PAD[2]
  analog_PAD[30]
  analog_PAD[31]
  analog_PAD[32]
  analog_PAD[33]
  analog_PAD[34]
  analog_PAD[35]
  analog_PAD[36]
  analog_PAD[37]
  analog_PAD[38]
  analog_PAD[39]
  analog_PAD[3]
  analog_PAD[40]
  analog_PAD[41]
  analog_PAD[42]
  analog_PAD[43]
  analog_PAD[44]
  analog_PAD[45]
  analog_PAD[46]
  analog_PAD[47]
  analog_PAD[48]
  analog_PAD[49]
  analog_PAD[4]
  analog_PAD[50]
  analog_PAD[51]
  analog_PAD[52]
  analog_PAD[53]
  analog_PAD[54]
  analog_PAD[55]
  analog_PAD[56]
  analog_PAD[57]
  analog_PAD[58]
  analog_PAD[59]
  analog_PAD[5]
  analog_PAD[6]
  analog_PAD[7]
  analog_PAD[8]
  analog_PAD[9]
  bidir_PAD[0]
  bidir_PAD[1]
  bidir_PAD[2]
  clk_PAD
  input_PAD
  rst_n_PAD
