
===========================================================================
report_checks -unconstrained
===========================================================================
======================= min_ff_n40C_3v60 Corner ===================================

Startpoint: rst_n (input port clocked by clk)
Endpoint: _11549_ (recovery check against rising-edge clock clk)
Path Group: asynchronous
Path Type: max

Fanout         Cap        Slew       Delay        Time   Description
---------------------------------------------------------------------------------------------
                      0.150000    0.000000    0.000000   clock clk (rise edge)
                                  0.000000    0.000000   clock network delay (ideal)
                                 40.000000   40.000000 ^ input external delay
   548    3.960438   57.485565   32.915272   72.915276 ^ rst_n (in)
                                                         rst_n (net)
                     57.485565    0.000000   72.915276 ^ _11549_/RN (gf180mcu_fd_sc_mcu7t5v0__dffrnq_1)
                                             72.915276   data arrival time

                      0.150000  200.000000  200.000000   clock clk (rise edge)
                                  0.000000  200.000000   clock network delay (ideal)
                                 -0.250000  199.750000   clock uncertainty
                                  0.000000  199.750000   clock reconvergence pessimism
                                            199.750000 ^ _11549_/CLK (gf180mcu_fd_sc_mcu7t5v0__dffrnq_1)
                                -23.069925  176.680069   library recovery time
                                            176.680069   data required time
---------------------------------------------------------------------------------------------
                                            176.680069   data required time
                                            -72.915276   data arrival time
---------------------------------------------------------------------------------------------
                                            103.764793   slack (MET)


Startpoint: _11563_ (rising edge-triggered flip-flop clocked by clk)
Endpoint: move_en_x (output port clocked by clk)
Path Group: clk
Path Type: max

Fanout         Cap        Slew       Delay        Time   Description
---------------------------------------------------------------------------------------------
                      0.150000    0.000000    0.000000   clock clk (rise edge)
                                  0.000000    0.000000   clock network delay (ideal)
                      0.150000    0.000000    0.000000 ^ _11563_/CLK (gf180mcu_fd_sc_mcu7t5v0__dffrnq_1)
     2    0.077604    1.174827    1.343415    1.343415 ^ _11563_/Q (gf180mcu_fd_sc_mcu7t5v0__dffrnq_1)
                                                         move_en_x (net)
                      1.174827    0.000000    1.343415 ^ move_en_x (out)
                                              1.343415   data arrival time

                      0.150000  200.000000  200.000000   clock clk (rise edge)
                                  0.000000  200.000000   clock network delay (ideal)
                                 -0.250000  199.750000   clock uncertainty
                                  0.000000  199.750000   clock reconvergence pessimism
                                -40.000000  159.749985   output external delay
                                            159.749985   data required time
---------------------------------------------------------------------------------------------
                                            159.749985   data required time
                                             -1.343415   data arrival time
---------------------------------------------------------------------------------------------
                                            158.406586   slack (MET)




===========================================================================
report_checks --slack_max -0.01
============================================================================
======================= min_ff_n40C_3v60 Corner ===================================

No paths found.


===========================================================================
 report_check_types -max_slew -max_cap -max_fanout -violators
============================================================================
======================= min_ff_n40C_3v60 Corner ===================================

max slew

Pin                                        Limit        Slew       Slack
------------------------------------------------------------------------
rst_n                                   3.000000   57.485565  -54.485565 (VIOLATED)
_11549_/RN                              3.000000   57.485565  -54.485565 (VIOLATED)
_11550_/RN                              3.000000   57.485565  -54.485565 (VIOLATED)
_11551_/RN                              3.000000   57.485565  -54.485565 (VIOLATED)
_11552_/RN                              3.000000   57.485565  -54.485565 (VIOLATED)
_11553_/RN                              3.000000   57.485565  -54.485565 (VIOLATED)
_11554_/RN                              3.000000   57.485565  -54.485565 (VIOLATED)
_11555_/RN                              3.000000   57.485565  -54.485565 (VIOLATED)
_11556_/RN                              3.000000   57.485565  -54.485565 (VIOLATED)
_11557_/RN                              3.000000   57.485565  -54.485565 (VIOLATED)
_11558_/RN                              3.000000   57.485565  -54.485565 (VIOLATED)
_11559_/RN                              3.000000   57.485565  -54.485565 (VIOLATED)
_11560_/RN                              3.000000   57.485565  -54.485565 (VIOLATED)
_11561_/RN                              3.000000   57.485565  -54.485565 (VIOLATED)
_11562_/RN                              3.000000   57.485565  -54.485565 (VIOLATED)
_11563_/RN                              3.000000   57.485565  -54.485565 (VIOLATED)
_11564_/RN                              3.000000   57.485565  -54.485565 (VIOLATED)
_11565_/RN                              3.000000   57.485565  -54.485565 (VIOLATED)
_11566_/RN                              3.000000   57.485565  -54.485565 (VIOLATED)
_11567_/RN                              3.000000   57.485565  -54.485565 (VIOLATED)
_11568_/RN                              3.000000   57.485565  -54.485565 (VIOLATED)
_11569_/RN                              3.000000   57.485565  -54.485565 (VIOLATED)
_11570_/RN                              3.000000   57.485565  -54.485565 (VIOLATED)
_11571_/RN                              3.000000   57.485565  -54.485565 (VIOLATED)
_11572_/RN                              3.000000   57.485565  -54.485565 (VIOLATED)
_11573_/RN                              3.000000   57.485565  -54.485565 (VIOLATED)
_11574_/RN                              3.000000   57.485565  -54.485565 (VIOLATED)
_11575_/RN                              3.000000   57.485565  -54.485565 (VIOLATED)
_11576_/RN                              3.000000   57.485565  -54.485565 (VIOLATED)
_11577_/RN                              3.000000   57.485565  -54.485565 (VIOLATED)
_11578_/RN                              3.000000   57.485565  -54.485565 (VIOLATED)
_11579_/RN                              3.000000   57.485565  -54.485565 (VIOLATED)
_11580_/RN                              3.000000   57.485565  -54.485565 (VIOLATED)
_11581_/RN                              3.000000   57.485565  -54.485565 (VIOLATED)
_11582_/RN                              3.000000   57.485565  -54.485565 (VIOLATED)
_11583_/RN                              3.000000   57.485565  -54.485565 (VIOLATED)
_11584_/RN                              3.000000   57.485565  -54.485565 (VIOLATED)
_11585_/RN                              3.000000   57.485565  -54.485565 (VIOLATED)
_11586_/RN                              3.000000   57.485565  -54.485565 (VIOLATED)
_11587_/RN                              3.000000   57.485565  -54.485565 (VIOLATED)
_11588_/RN                              3.000000   57.485565  -54.485565 (VIOLATED)
_11589_/RN                              3.000000   57.485565  -54.485565 (VIOLATED)
_11590_/RN                              3.000000   57.485565  -54.485565 (VIOLATED)
_11591_/RN                              3.000000   57.485565  -54.485565 (VIOLATED)
_11592_/RN                              3.000000   57.485565  -54.485565 (VIOLATED)
_11593_/RN                              3.000000   57.485565  -54.485565 (VIOLATED)
_11594_/RN                              3.000000   57.485565  -54.485565 (VIOLATED)
_11595_/RN                              3.000000   57.485565  -54.485565 (VIOLATED)
_11596_/RN                              3.000000   57.485565  -54.485565 (VIOLATED)
_11597_/RN                              3.000000   57.485565  -54.485565 (VIOLATED)
_11598_/RN                              3.000000   57.485565  -54.485565 (VIOLATED)
_11599_/RN                              3.000000   57.485565  -54.485565 (VIOLATED)
_11600_/RN                              3.000000   57.485565  -54.485565 (VIOLATED)
_11601_/RN                              3.000000   57.485565  -54.485565 (VIOLATED)
_11602_/RN                              3.000000   57.485565  -54.485565 (VIOLATED)
_11603_/RN                              3.000000   57.485565  -54.485565 (VIOLATED)
_11604_/RN                              3.000000   57.485565  -54.485565 (VIOLATED)
_11605_/RN                              3.000000   57.485565  -54.485565 (VIOLATED)
_11606_/RN                              3.000000   57.485565  -54.485565 (VIOLATED)
_11607_/RN                              3.000000   57.485565  -54.485565 (VIOLATED)
_11608_/RN                              3.000000   57.485565  -54.485565 (VIOLATED)
_11609_/RN                              3.000000   57.485565  -54.485565 (VIOLATED)
_11610_/RN                              3.000000   57.485565  -54.485565 (VIOLATED)
_11611_/RN                              3.000000   57.485565  -54.485565 (VIOLATED)
_11612_/RN                              3.000000   57.485565  -54.485565 (VIOLATED)
_11613_/RN                              3.000000   57.485565  -54.485565 (VIOLATED)
_11614_/RN                              3.000000   57.485565  -54.485565 (VIOLATED)
_11615_/RN                              3.000000   57.485565  -54.485565 (VIOLATED)
_11616_/RN                              3.000000   57.485565  -54.485565 (VIOLATED)
_11617_/RN                              3.000000   57.485565  -54.485565 (VIOLATED)
_11618_/RN                              3.000000   57.485565  -54.485565 (VIOLATED)
_11619_/RN                              3.000000   57.485565  -54.485565 (VIOLATED)
_11620_/RN                              3.000000   57.485565  -54.485565 (VIOLATED)
_11621_/RN                              3.000000   57.485565  -54.485565 (VIOLATED)
_11622_/RN                              3.000000   57.485565  -54.485565 (VIOLATED)
_11623_/RN                              3.000000   57.485565  -54.485565 (VIOLATED)
_11624_/RN                              3.000000   57.485565  -54.485565 (VIOLATED)
_11625_/RN                              3.000000   57.485565  -54.485565 (VIOLATED)
_11626_/RN                              3.000000   57.485565  -54.485565 (VIOLATED)
_11627_/RN                              3.000000   57.485565  -54.485565 (VIOLATED)
_11628_/RN                              3.000000   57.485565  -54.485565 (VIOLATED)
_11629_/RN                              3.000000   57.485565  -54.485565 (VIOLATED)
_11630_/RN                              3.000000   57.485565  -54.485565 (VIOLATED)
_11631_/RN                              3.000000   57.485565  -54.485565 (VIOLATED)
_11632_/RN                              3.000000   57.485565  -54.485565 (VIOLATED)
_11633_/RN                              3.000000   57.485565  -54.485565 (VIOLATED)
_11634_/RN                              3.000000   57.485565  -54.485565 (VIOLATED)
_11635_/RN                              3.000000   57.485565  -54.485565 (VIOLATED)
_11636_/RN                              3.000000   57.485565  -54.485565 (VIOLATED)
_11637_/RN                              3.000000   57.485565  -54.485565 (VIOLATED)
_11638_/RN                              3.000000   57.485565  -54.485565 (VIOLATED)
_11639_/RN                              3.000000   57.485565  -54.485565 (VIOLATED)
_11640_/RN                              3.000000   57.485565  -54.485565 (VIOLATED)
_11641_/RN                              3.000000   57.485565  -54.485565 (VIOLATED)
_11642_/RN                              3.000000   57.485565  -54.485565 (VIOLATED)
_11643_/RN                              3.000000   57.485565  -54.485565 (VIOLATED)
_11644_/RN                              3.000000   57.485565  -54.485565 (VIOLATED)
_11645_/RN                              3.000000   57.485565  -54.485565 (VIOLATED)
_11646_/RN                              3.000000   57.485565  -54.485565 (VIOLATED)
_11647_/RN                              3.000000   57.485565  -54.485565 (VIOLATED)
_11648_/RN                              3.000000   57.485565  -54.485565 (VIOLATED)
_11649_/RN                              3.000000   57.485565  -54.485565 (VIOLATED)
_11650_/RN                              3.000000   57.485565  -54.485565 (VIOLATED)
_11651_/RN                              3.000000   57.485565  -54.485565 (VIOLATED)
_11652_/RN                              3.000000   57.485565  -54.485565 (VIOLATED)
_11653_/RN                              3.000000   57.485565  -54.485565 (VIOLATED)
_11654_/RN                              3.000000   57.485565  -54.485565 (VIOLATED)
_11655_/RN                              3.000000   57.485565  -54.485565 (VIOLATED)
_11656_/RN                              3.000000   57.485565  -54.485565 (VIOLATED)
_11657_/RN                              3.000000   57.485565  -54.485565 (VIOLATED)
_11658_/RN                              3.000000   57.485565  -54.485565 (VIOLATED)
_11659_/RN                              3.000000   57.485565  -54.485565 (VIOLATED)
_11660_/RN                              3.000000   57.485565  -54.485565 (VIOLATED)
_11661_/RN                              3.000000   57.485565  -54.485565 (VIOLATED)
_11662_/RN                              3.000000   57.485565  -54.485565 (VIOLATED)
_11663_/RN                              3.000000   57.485565  -54.485565 (VIOLATED)
_11664_/RN                              3.000000   57.485565  -54.485565 (VIOLATED)
_11665_/RN                              3.000000   57.485565  -54.485565 (VIOLATED)
_11666_/RN                              3.000000   57.485565  -54.485565 (VIOLATED)
_11667_/RN                              3.000000   57.485565  -54.485565 (VIOLATED)
_11668_/RN                              3.000000   57.485565  -54.485565 (VIOLATED)
_11669_/RN                              3.000000   57.485565  -54.485565 (VIOLATED)
_11670_/RN                              3.000000   57.485565  -54.485565 (VIOLATED)
_11671_/RN                              3.000000   57.485565  -54.485565 (VIOLATED)
_11672_/RN                              3.000000   57.485565  -54.485565 (VIOLATED)
_11673_/RN                              3.000000   57.485565  -54.485565 (VIOLATED)
_11674_/RN                              3.000000   57.485565  -54.485565 (VIOLATED)
_11675_/RN                              3.000000   57.485565  -54.485565 (VIOLATED)
_11676_/RN                              3.000000   57.485565  -54.485565 (VIOLATED)
_11677_/RN                              3.000000   57.485565  -54.485565 (VIOLATED)
_11678_/RN                              3.000000   57.485565  -54.485565 (VIOLATED)
_11679_/RN                              3.000000   57.485565  -54.485565 (VIOLATED)
_11680_/RN                              3.000000   57.485565  -54.485565 (VIOLATED)
_11681_/RN                              3.000000   57.485565  -54.485565 (VIOLATED)
_11682_/RN                              3.000000   57.485565  -54.485565 (VIOLATED)
_11683_/RN                              3.000000   57.485565  -54.485565 (VIOLATED)
_11684_/RN                              3.000000   57.485565  -54.485565 (VIOLATED)
_11685_/RN                              3.000000   57.485565  -54.485565 (VIOLATED)
_11686_/RN                              3.000000   57.485565  -54.485565 (VIOLATED)
_11687_/RN                              3.000000   57.485565  -54.485565 (VIOLATED)
_11688_/RN                              3.000000   57.485565  -54.485565 (VIOLATED)
_11689_/RN                              3.000000   57.485565  -54.485565 (VIOLATED)
_11690_/RN                              3.000000   57.485565  -54.485565 (VIOLATED)
_11691_/RN                              3.000000   57.485565  -54.485565 (VIOLATED)
_11692_/RN                              3.000000   57.485565  -54.485565 (VIOLATED)
_11693_/RN                              3.000000   57.485565  -54.485565 (VIOLATED)
_11694_/RN                              3.000000   57.485565  -54.485565 (VIOLATED)
_11695_/RN                              3.000000   57.485565  -54.485565 (VIOLATED)
_11696_/RN                              3.000000   57.485565  -54.485565 (VIOLATED)
_11697_/RN                              3.000000   57.485565  -54.485565 (VIOLATED)
_11698_/RN                              3.000000   57.485565  -54.485565 (VIOLATED)
_11699_/RN                              3.000000   57.485565  -54.485565 (VIOLATED)
_11700_/RN                              3.000000   57.485565  -54.485565 (VIOLATED)
_11701_/RN                              3.000000   57.485565  -54.485565 (VIOLATED)
_11702_/RN                              3.000000   57.485565  -54.485565 (VIOLATED)
_11703_/RN                              3.000000   57.485565  -54.485565 (VIOLATED)
_11704_/RN                              3.000000   57.485565  -54.485565 (VIOLATED)
_11705_/RN                              3.000000   57.485565  -54.485565 (VIOLATED)
_11706_/RN                              3.000000   57.485565  -54.485565 (VIOLATED)
_11707_/RN                              3.000000   57.485565  -54.485565 (VIOLATED)
_11708_/RN                              3.000000   57.485565  -54.485565 (VIOLATED)
_11709_/RN                              3.000000   57.485565  -54.485565 (VIOLATED)
_11710_/RN                              3.000000   57.485565  -54.485565 (VIOLATED)
_11711_/RN                              3.000000   57.485565  -54.485565 (VIOLATED)
_11712_/RN                              3.000000   57.485565  -54.485565 (VIOLATED)
_11713_/RN                              3.000000   57.485565  -54.485565 (VIOLATED)
_11714_/RN                              3.000000   57.485565  -54.485565 (VIOLATED)
_11715_/RN                              3.000000   57.485565  -54.485565 (VIOLATED)
_11716_/RN                              3.000000   57.485565  -54.485565 (VIOLATED)
_11717_/RN                              3.000000   57.485565  -54.485565 (VIOLATED)
_11718_/RN                              3.000000   57.485565  -54.485565 (VIOLATED)
_11719_/RN                              3.000000   57.485565  -54.485565 (VIOLATED)
_11720_/RN                              3.000000   57.485565  -54.485565 (VIOLATED)
_11721_/RN                              3.000000   57.485565  -54.485565 (VIOLATED)
_11722_/RN                              3.000000   57.485565  -54.485565 (VIOLATED)
_11723_/RN                              3.000000   57.485565  -54.485565 (VIOLATED)
_11724_/RN                              3.000000   57.485565  -54.485565 (VIOLATED)
_11725_/RN                              3.000000   57.485565  -54.485565 (VIOLATED)
_11726_/RN                              3.000000   57.485565  -54.485565 (VIOLATED)
_11727_/RN                              3.000000   57.485565  -54.485565 (VIOLATED)
_11728_/RN                              3.000000   57.485565  -54.485565 (VIOLATED)
_11729_/RN                              3.000000   57.485565  -54.485565 (VIOLATED)
_11730_/RN                              3.000000   57.485565  -54.485565 (VIOLATED)
_11731_/RN                              3.000000   57.485565  -54.485565 (VIOLATED)
_11732_/RN                              3.000000   57.485565  -54.485565 (VIOLATED)
_11733_/RN                              3.000000   57.485565  -54.485565 (VIOLATED)
_11734_/RN                              3.000000   57.485565  -54.485565 (VIOLATED)
_11735_/RN                              3.000000   57.485565  -54.485565 (VIOLATED)
_11736_/RN                              3.000000   57.485565  -54.485565 (VIOLATED)
_11737_/RN                              3.000000   57.485565  -54.485565 (VIOLATED)
_11738_/RN                              3.000000   57.485565  -54.485565 (VIOLATED)
_11739_/RN                              3.000000   57.485565  -54.485565 (VIOLATED)
_11740_/RN                              3.000000   57.485565  -54.485565 (VIOLATED)
_11741_/RN                              3.000000   57.485565  -54.485565 (VIOLATED)
_11742_/RN                              3.000000   57.485565  -54.485565 (VIOLATED)
_11743_/RN                              3.000000   57.485565  -54.485565 (VIOLATED)
_11744_/RN                              3.000000   57.485565  -54.485565 (VIOLATED)
_11745_/RN                              3.000000   57.485565  -54.485565 (VIOLATED)
_11746_/RN                              3.000000   57.485565  -54.485565 (VIOLATED)
_11747_/RN                              3.000000   57.485565  -54.485565 (VIOLATED)
_11748_/RN                              3.000000   57.485565  -54.485565 (VIOLATED)
_11749_/RN                              3.000000   57.485565  -54.485565 (VIOLATED)
_11750_/RN                              3.000000   57.485565  -54.485565 (VIOLATED)
_11751_/RN                              3.000000   57.485565  -54.485565 (VIOLATED)
_11752_/RN                              3.000000   57.485565  -54.485565 (VIOLATED)
_11753_/RN                              3.000000   57.485565  -54.485565 (VIOLATED)
_11754_/RN                              3.000000   57.485565  -54.485565 (VIOLATED)
_11755_/RN                              3.000000   57.485565  -54.485565 (VIOLATED)
_11756_/RN                              3.000000   57.485565  -54.485565 (VIOLATED)
_11757_/RN                              3.000000   57.485565  -54.485565 (VIOLATED)
_11758_/RN                              3.000000   57.485565  -54.485565 (VIOLATED)
_11759_/RN                              3.000000   57.485565  -54.485565 (VIOLATED)
_11760_/RN                              3.000000   57.485565  -54.485565 (VIOLATED)
_11761_/RN                              3.000000   57.485565  -54.485565 (VIOLATED)
_11762_/RN                              3.000000   57.485565  -54.485565 (VIOLATED)
_11763_/RN                              3.000000   57.485565  -54.485565 (VIOLATED)
_11764_/RN                              3.000000   57.485565  -54.485565 (VIOLATED)
_11765_/RN                              3.000000   57.485565  -54.485565 (VIOLATED)
_11766_/RN                              3.000000   57.485565  -54.485565 (VIOLATED)
_11767_/RN                              3.000000   57.485565  -54.485565 (VIOLATED)
_11768_/RN                              3.000000   57.485565  -54.485565 (VIOLATED)
_11769_/RN                              3.000000   57.485565  -54.485565 (VIOLATED)
_11770_/RN                              3.000000   57.485565  -54.485565 (VIOLATED)
_11771_/RN                              3.000000   57.485565  -54.485565 (VIOLATED)
_11772_/RN                              3.000000   57.485565  -54.485565 (VIOLATED)
_11773_/RN                              3.000000   57.485565  -54.485565 (VIOLATED)
_11774_/RN                              3.000000   57.485565  -54.485565 (VIOLATED)
_11775_/RN                              3.000000   57.485565  -54.485565 (VIOLATED)
_11776_/RN                              3.000000   57.485565  -54.485565 (VIOLATED)
_11777_/RN                              3.000000   57.485565  -54.485565 (VIOLATED)
_11778_/RN                              3.000000   57.485565  -54.485565 (VIOLATED)
_11779_/RN                              3.000000   57.485565  -54.485565 (VIOLATED)
_11780_/RN                              3.000000   57.485565  -54.485565 (VIOLATED)
_11781_/RN                              3.000000   57.485565  -54.485565 (VIOLATED)
_11782_/RN                              3.000000   57.485565  -54.485565 (VIOLATED)
_11783_/RN                              3.000000   57.485565  -54.485565 (VIOLATED)
_11784_/RN                              3.000000   57.485565  -54.485565 (VIOLATED)
_11785_/RN                              3.000000   57.485565  -54.485565 (VIOLATED)
_11786_/RN                              3.000000   57.485565  -54.485565 (VIOLATED)
_11787_/RN                              3.000000   57.485565  -54.485565 (VIOLATED)
_11788_/RN                              3.000000   57.485565  -54.485565 (VIOLATED)
_11789_/RN                              3.000000   57.485565  -54.485565 (VIOLATED)
_11790_/RN                              3.000000   57.485565  -54.485565 (VIOLATED)
_11791_/RN                              3.000000   57.485565  -54.485565 (VIOLATED)
_11792_/RN                              3.000000   57.485565  -54.485565 (VIOLATED)
_11793_/RN                              3.000000   57.485565  -54.485565 (VIOLATED)
_11794_/RN                              3.000000   57.485565  -54.485565 (VIOLATED)
_11795_/RN                              3.000000   57.485565  -54.485565 (VIOLATED)
_11796_/RN                              3.000000   57.485565  -54.485565 (VIOLATED)
_11797_/RN                              3.000000   57.485565  -54.485565 (VIOLATED)
_11798_/RN                              3.000000   57.485565  -54.485565 (VIOLATED)
_11799_/RN                              3.000000   57.485565  -54.485565 (VIOLATED)
_11800_/RN                              3.000000   57.485565  -54.485565 (VIOLATED)
_11801_/RN                              3.000000   57.485565  -54.485565 (VIOLATED)
_11802_/RN                              3.000000   57.485565  -54.485565 (VIOLATED)
_11803_/RN                              3.000000   57.485565  -54.485565 (VIOLATED)
_11804_/RN                              3.000000   57.485565  -54.485565 (VIOLATED)
_11805_/RN                              3.000000   57.485565  -54.485565 (VIOLATED)
_11806_/RN                              3.000000   57.485565  -54.485565 (VIOLATED)
_11807_/RN                              3.000000   57.485565  -54.485565 (VIOLATED)
_11808_/RN                              3.000000   57.485565  -54.485565 (VIOLATED)
_11809_/RN                              3.000000   57.485565  -54.485565 (VIOLATED)
_11810_/SETN                            3.000000   57.485565  -54.485565 (VIOLATED)
_11811_/RN                              3.000000   57.485565  -54.485565 (VIOLATED)
_11812_/RN                              3.000000   57.485565  -54.485565 (VIOLATED)
_11813_/RN                              3.000000   57.485565  -54.485565 (VIOLATED)
_11814_/RN                              3.000000   57.485565  -54.485565 (VIOLATED)
_11815_/RN                              3.000000   57.485565  -54.485565 (VIOLATED)
_11816_/SETN                            3.000000   57.485565  -54.485565 (VIOLATED)
_11817_/RN                              3.000000   57.485565  -54.485565 (VIOLATED)
_11818_/RN                              3.000000   57.485565  -54.485565 (VIOLATED)
_11819_/RN                              3.000000   57.485565  -54.485565 (VIOLATED)
_11820_/RN                              3.000000   57.485565  -54.485565 (VIOLATED)
_11821_/RN                              3.000000   57.485565  -54.485565 (VIOLATED)
_11822_/RN                              3.000000   57.485565  -54.485565 (VIOLATED)
_11823_/RN                              3.000000   57.485565  -54.485565 (VIOLATED)
_11824_/RN                              3.000000   57.485565  -54.485565 (VIOLATED)
_11825_/RN                              3.000000   57.485565  -54.485565 (VIOLATED)
_11826_/RN                              3.000000   57.485565  -54.485565 (VIOLATED)
_11827_/RN                              3.000000   57.485565  -54.485565 (VIOLATED)
_11828_/RN                              3.000000   57.485565  -54.485565 (VIOLATED)
_11829_/RN                              3.000000   57.485565  -54.485565 (VIOLATED)
_11830_/RN                              3.000000   57.485565  -54.485565 (VIOLATED)
_11831_/RN                              3.000000   57.485565  -54.485565 (VIOLATED)
_11832_/RN                              3.000000   57.485565  -54.485565 (VIOLATED)
_11833_/RN                              3.000000   57.485565  -54.485565 (VIOLATED)
_11834_/RN                              3.000000   57.485565  -54.485565 (VIOLATED)
_11835_/RN                              3.000000   57.485565  -54.485565 (VIOLATED)
_11836_/RN                              3.000000   57.485565  -54.485565 (VIOLATED)
_11837_/RN                              3.000000   57.485565  -54.485565 (VIOLATED)
_11838_/RN                              3.000000   57.485565  -54.485565 (VIOLATED)
_11839_/RN                              3.000000   57.485565  -54.485565 (VIOLATED)
_11840_/RN                              3.000000   57.485565  -54.485565 (VIOLATED)
_11841_/RN                              3.000000   57.485565  -54.485565 (VIOLATED)
_11842_/RN                              3.000000   57.485565  -54.485565 (VIOLATED)
_11843_/RN                              3.000000   57.485565  -54.485565 (VIOLATED)
_11844_/RN                              3.000000   57.485565  -54.485565 (VIOLATED)
_11845_/RN                              3.000000   57.485565  -54.485565 (VIOLATED)
_11846_/RN                              3.000000   57.485565  -54.485565 (VIOLATED)
_11847_/RN                              3.000000   57.485565  -54.485565 (VIOLATED)
_11848_/RN                              3.000000   57.485565  -54.485565 (VIOLATED)
_11849_/RN                              3.000000   57.485565  -54.485565 (VIOLATED)
_11850_/RN                              3.000000   57.485565  -54.485565 (VIOLATED)
_11851_/RN                              3.000000   57.485565  -54.485565 (VIOLATED)
_11852_/RN                              3.000000   57.485565  -54.485565 (VIOLATED)
_11853_/RN                              3.000000   57.485565  -54.485565 (VIOLATED)
_11854_/RN                              3.000000   57.485565  -54.485565 (VIOLATED)
_11855_/RN                              3.000000   57.485565  -54.485565 (VIOLATED)
_11856_/RN                              3.000000   57.485565  -54.485565 (VIOLATED)
_11857_/RN                              3.000000   57.485565  -54.485565 (VIOLATED)
_11858_/RN                              3.000000   57.485565  -54.485565 (VIOLATED)
_11859_/RN                              3.000000   57.485565  -54.485565 (VIOLATED)
_11860_/RN                              3.000000   57.485565  -54.485565 (VIOLATED)
_11861_/RN                              3.000000   57.485565  -54.485565 (VIOLATED)
_11862_/RN                              3.000000   57.485565  -54.485565 (VIOLATED)
_11863_/RN                              3.000000   57.485565  -54.485565 (VIOLATED)
_11864_/RN                              3.000000   57.485565  -54.485565 (VIOLATED)
_11865_/RN                              3.000000   57.485565  -54.485565 (VIOLATED)
_11866_/RN                              3.000000   57.485565  -54.485565 (VIOLATED)
_11867_/RN                              3.000000   57.485565  -54.485565 (VIOLATED)
_11868_/RN                              3.000000   57.485565  -54.485565 (VIOLATED)
_11869_/RN                              3.000000   57.485565  -54.485565 (VIOLATED)
_11870_/RN                              3.000000   57.485565  -54.485565 (VIOLATED)
_11871_/RN                              3.000000   57.485565  -54.485565 (VIOLATED)
_11872_/RN                              3.000000   57.485565  -54.485565 (VIOLATED)
_11873_/RN                              3.000000   57.485565  -54.485565 (VIOLATED)
_11874_/RN                              3.000000   57.485565  -54.485565 (VIOLATED)
_11875_/RN                              3.000000   57.485565  -54.485565 (VIOLATED)
_11876_/RN                              3.000000   57.485565  -54.485565 (VIOLATED)
_11877_/RN                              3.000000   57.485565  -54.485565 (VIOLATED)
_11878_/RN                              3.000000   57.485565  -54.485565 (VIOLATED)
_11879_/RN                              3.000000   57.485565  -54.485565 (VIOLATED)
_11880_/RN                              3.000000   57.485565  -54.485565 (VIOLATED)
_11881_/RN                              3.000000   57.485565  -54.485565 (VIOLATED)
_11882_/RN                              3.000000   57.485565  -54.485565 (VIOLATED)
_11883_/RN                              3.000000   57.485565  -54.485565 (VIOLATED)
_11884_/RN                              3.000000   57.485565  -54.485565 (VIOLATED)
_11885_/RN                              3.000000   57.485565  -54.485565 (VIOLATED)
_11886_/RN                              3.000000   57.485565  -54.485565 (VIOLATED)
_11887_/RN                              3.000000   57.485565  -54.485565 (VIOLATED)
_11888_/RN                              3.000000   57.485565  -54.485565 (VIOLATED)
_11889_/RN                              3.000000   57.485565  -54.485565 (VIOLATED)
_11890_/RN                              3.000000   57.485565  -54.485565 (VIOLATED)
_11891_/RN                              3.000000   57.485565  -54.485565 (VIOLATED)
_11892_/RN                              3.000000   57.485565  -54.485565 (VIOLATED)
_11893_/RN                              3.000000   57.485565  -54.485565 (VIOLATED)
_11894_/RN                              3.000000   57.485565  -54.485565 (VIOLATED)
_11895_/RN                              3.000000   57.485565  -54.485565 (VIOLATED)
_11896_/RN                              3.000000   57.485565  -54.485565 (VIOLATED)
_11897_/RN                              3.000000   57.485565  -54.485565 (VIOLATED)
_11898_/RN                              3.000000   57.485565  -54.485565 (VIOLATED)
_11899_/RN                              3.000000   57.485565  -54.485565 (VIOLATED)
_11900_/RN                              3.000000   57.485565  -54.485565 (VIOLATED)
_11901_/RN                              3.000000   57.485565  -54.485565 (VIOLATED)
_11902_/RN                              3.000000   57.485565  -54.485565 (VIOLATED)
_11903_/RN                              3.000000   57.485565  -54.485565 (VIOLATED)
_11904_/RN                              3.000000   57.485565  -54.485565 (VIOLATED)
_11905_/RN                              3.000000   57.485565  -54.485565 (VIOLATED)
_11906_/RN                              3.000000   57.485565  -54.485565 (VIOLATED)
_11907_/RN                              3.000000   57.485565  -54.485565 (VIOLATED)
_11908_/RN                              3.000000   57.485565  -54.485565 (VIOLATED)
_11909_/RN                              3.000000   57.485565  -54.485565 (VIOLATED)
_11910_/RN                              3.000000   57.485565  -54.485565 (VIOLATED)
_11911_/RN                              3.000000   57.485565  -54.485565 (VIOLATED)
_11912_/RN                              3.000000   57.485565  -54.485565 (VIOLATED)
_11913_/RN                              3.000000   57.485565  -54.485565 (VIOLATED)
_11914_/RN                              3.000000   57.485565  -54.485565 (VIOLATED)
_11915_/RN                              3.000000   57.485565  -54.485565 (VIOLATED)
_11916_/RN                              3.000000   57.485565  -54.485565 (VIOLATED)
_11917_/RN                              3.000000   57.485565  -54.485565 (VIOLATED)
_11918_/RN                              3.000000   57.485565  -54.485565 (VIOLATED)
_11919_/RN                              3.000000   57.485565  -54.485565 (VIOLATED)
_11920_/RN                              3.000000   57.485565  -54.485565 (VIOLATED)
_11921_/SETN                            3.000000   57.485565  -54.485565 (VIOLATED)
_11922_/RN                              3.000000   57.485565  -54.485565 (VIOLATED)
_11923_/RN                              3.000000   57.485565  -54.485565 (VIOLATED)
_11924_/RN                              3.000000   57.485565  -54.485565 (VIOLATED)
_11925_/RN                              3.000000   57.485565  -54.485565 (VIOLATED)
_11926_/RN                              3.000000   57.485565  -54.485565 (VIOLATED)
_11927_/SETN                            3.000000   57.485565  -54.485565 (VIOLATED)
_11928_/RN                              3.000000   57.485565  -54.485565 (VIOLATED)
_11929_/RN                              3.000000   57.485565  -54.485565 (VIOLATED)
_11930_/RN                              3.000000   57.485565  -54.485565 (VIOLATED)
_11931_/RN                              3.000000   57.485565  -54.485565 (VIOLATED)
_11932_/RN                              3.000000   57.485565  -54.485565 (VIOLATED)
_11933_/RN                              3.000000   57.485565  -54.485565 (VIOLATED)
_11934_/RN                              3.000000   57.485565  -54.485565 (VIOLATED)
_11935_/RN                              3.000000   57.485565  -54.485565 (VIOLATED)
_11936_/RN                              3.000000   57.485565  -54.485565 (VIOLATED)
_11937_/RN                              3.000000   57.485565  -54.485565 (VIOLATED)
_11938_/RN                              3.000000   57.485565  -54.485565 (VIOLATED)
_11939_/RN                              3.000000   57.485565  -54.485565 (VIOLATED)
_11940_/RN                              3.000000   57.485565  -54.485565 (VIOLATED)
_11941_/RN                              3.000000   57.485565  -54.485565 (VIOLATED)
_11942_/RN                              3.000000   57.485565  -54.485565 (VIOLATED)
_11943_/RN                              3.000000   57.485565  -54.485565 (VIOLATED)
_11944_/RN                              3.000000   57.485565  -54.485565 (VIOLATED)
_11945_/RN                              3.000000   57.485565  -54.485565 (VIOLATED)
_11946_/RN                              3.000000   57.485565  -54.485565 (VIOLATED)
_11947_/RN                              3.000000   57.485565  -54.485565 (VIOLATED)
_11948_/RN                              3.000000   57.485565  -54.485565 (VIOLATED)
_11949_/RN                              3.000000   57.485565  -54.485565 (VIOLATED)
_11950_/RN                              3.000000   57.485565  -54.485565 (VIOLATED)
_11951_/RN                              3.000000   57.485565  -54.485565 (VIOLATED)
_11952_/RN                              3.000000   57.485565  -54.485565 (VIOLATED)
_11953_/RN                              3.000000   57.485565  -54.485565 (VIOLATED)
_11954_/RN                              3.000000   57.485565  -54.485565 (VIOLATED)
_11955_/RN                              3.000000   57.485565  -54.485565 (VIOLATED)
_11956_/RN                              3.000000   57.485565  -54.485565 (VIOLATED)
_11957_/RN                              3.000000   57.485565  -54.485565 (VIOLATED)
_11958_/RN                              3.000000   57.485565  -54.485565 (VIOLATED)
_11959_/RN                              3.000000   57.485565  -54.485565 (VIOLATED)
_11960_/RN                              3.000000   57.485565  -54.485565 (VIOLATED)
_11961_/RN                              3.000000   57.485565  -54.485565 (VIOLATED)
_11962_/RN                              3.000000   57.485565  -54.485565 (VIOLATED)
_11963_/RN                              3.000000   57.485565  -54.485565 (VIOLATED)
_11964_/RN                              3.000000   57.485565  -54.485565 (VIOLATED)
_11965_/RN                              3.000000   57.485565  -54.485565 (VIOLATED)
_11966_/RN                              3.000000   57.485565  -54.485565 (VIOLATED)
_11967_/RN                              3.000000   57.485565  -54.485565 (VIOLATED)
_11968_/RN                              3.000000   57.485565  -54.485565 (VIOLATED)
_11969_/RN                              3.000000   57.485565  -54.485565 (VIOLATED)
_11970_/RN                              3.000000   57.485565  -54.485565 (VIOLATED)
_11971_/RN                              3.000000   57.485565  -54.485565 (VIOLATED)
_11972_/RN                              3.000000   57.485565  -54.485565 (VIOLATED)
_11973_/RN                              3.000000   57.485565  -54.485565 (VIOLATED)
_11974_/RN                              3.000000   57.485565  -54.485565 (VIOLATED)
_11975_/RN                              3.000000   57.485565  -54.485565 (VIOLATED)
_11976_/RN                              3.000000   57.485565  -54.485565 (VIOLATED)
_11977_/RN                              3.000000   57.485565  -54.485565 (VIOLATED)
_11978_/RN                              3.000000   57.485565  -54.485565 (VIOLATED)
_11979_/RN                              3.000000   57.485565  -54.485565 (VIOLATED)
_11980_/RN                              3.000000   57.485565  -54.485565 (VIOLATED)
_11981_/RN                              3.000000   57.485565  -54.485565 (VIOLATED)
_11982_/RN                              3.000000   57.485565  -54.485565 (VIOLATED)
_11983_/RN                              3.000000   57.485565  -54.485565 (VIOLATED)
_11984_/RN                              3.000000   57.485565  -54.485565 (VIOLATED)
_11985_/RN                              3.000000   57.485565  -54.485565 (VIOLATED)
_11986_/RN                              3.000000   57.485565  -54.485565 (VIOLATED)
_11987_/RN                              3.000000   57.485565  -54.485565 (VIOLATED)
_11988_/RN                              3.000000   57.485565  -54.485565 (VIOLATED)
_11989_/RN                              3.000000   57.485565  -54.485565 (VIOLATED)
_11990_/RN                              3.000000   57.485565  -54.485565 (VIOLATED)
_11991_/RN                              3.000000   57.485565  -54.485565 (VIOLATED)
_11992_/RN                              3.000000   57.485565  -54.485565 (VIOLATED)
_11993_/RN                              3.000000   57.485565  -54.485565 (VIOLATED)
_11994_/RN                              3.000000   57.485565  -54.485565 (VIOLATED)
_11995_/RN                              3.000000   57.485565  -54.485565 (VIOLATED)
_11996_/RN                              3.000000   57.485565  -54.485565 (VIOLATED)
_11997_/RN                              3.000000   57.485565  -54.485565 (VIOLATED)
_11998_/RN                              3.000000   57.485565  -54.485565 (VIOLATED)
_11999_/RN                              3.000000   57.485565  -54.485565 (VIOLATED)
_12000_/RN                              3.000000   57.485565  -54.485565 (VIOLATED)
_12001_/RN                              3.000000   57.485565  -54.485565 (VIOLATED)
_12002_/RN                              3.000000   57.485565  -54.485565 (VIOLATED)
_12003_/RN                              3.000000   57.485565  -54.485565 (VIOLATED)
_12004_/RN                              3.000000   57.485565  -54.485565 (VIOLATED)
_12005_/RN                              3.000000   57.485565  -54.485565 (VIOLATED)
_12006_/RN                              3.000000   57.485565  -54.485565 (VIOLATED)
_12007_/RN                              3.000000   57.485565  -54.485565 (VIOLATED)
_12008_/RN                              3.000000   57.485565  -54.485565 (VIOLATED)
_12009_/RN                              3.000000   57.485565  -54.485565 (VIOLATED)
_12010_/RN                              3.000000   57.485565  -54.485565 (VIOLATED)
_12011_/RN                              3.000000   57.485565  -54.485565 (VIOLATED)
_12012_/RN                              3.000000   57.485565  -54.485565 (VIOLATED)
_12013_/RN                              3.000000   57.485565  -54.485565 (VIOLATED)
_12014_/RN                              3.000000   57.485565  -54.485565 (VIOLATED)
_12015_/RN                              3.000000   57.485565  -54.485565 (VIOLATED)
_12016_/RN                              3.000000   57.485565  -54.485565 (VIOLATED)
_12017_/RN                              3.000000   57.485565  -54.485565 (VIOLATED)
_12018_/RN                              3.000000   57.485565  -54.485565 (VIOLATED)
_12019_/RN                              3.000000   57.485565  -54.485565 (VIOLATED)
_12020_/RN                              3.000000   57.485565  -54.485565 (VIOLATED)
_12021_/RN                              3.000000   57.485565  -54.485565 (VIOLATED)
_12022_/RN                              3.000000   57.485565  -54.485565 (VIOLATED)
_12023_/RN                              3.000000   57.485565  -54.485565 (VIOLATED)
_12024_/RN                              3.000000   57.485565  -54.485565 (VIOLATED)
_12025_/RN                              3.000000   57.485565  -54.485565 (VIOLATED)
_12026_/RN                              3.000000   57.485565  -54.485565 (VIOLATED)
_12027_/RN                              3.000000   57.485565  -54.485565 (VIOLATED)
_12028_/RN                              3.000000   57.485565  -54.485565 (VIOLATED)
_12029_/RN                              3.000000   57.485565  -54.485565 (VIOLATED)
_12030_/RN                              3.000000   57.485565  -54.485565 (VIOLATED)
_12031_/SETN                            3.000000   57.485565  -54.485565 (VIOLATED)
_12032_/RN                              3.000000   57.485565  -54.485565 (VIOLATED)
_12033_/SETN                            3.000000   57.485565  -54.485565 (VIOLATED)
_12034_/RN                              3.000000   57.485565  -54.485565 (VIOLATED)
_12035_/SETN                            3.000000   57.485565  -54.485565 (VIOLATED)
_12036_/SETN                            3.000000   57.485565  -54.485565 (VIOLATED)
_12037_/RN                              3.000000   57.485565  -54.485565 (VIOLATED)
_12038_/RN                              3.000000   57.485565  -54.485565 (VIOLATED)
_12039_/RN                              3.000000   57.485565  -54.485565 (VIOLATED)
_12040_/RN                              3.000000   57.485565  -54.485565 (VIOLATED)
_12041_/RN                              3.000000   57.485565  -54.485565 (VIOLATED)
_12042_/RN                              3.000000   57.485565  -54.485565 (VIOLATED)
_12043_/RN                              3.000000   57.485565  -54.485565 (VIOLATED)
_12044_/RN                              3.000000   57.485565  -54.485565 (VIOLATED)
_12045_/RN                              3.000000   57.485565  -54.485565 (VIOLATED)
_12046_/RN                              3.000000   57.485565  -54.485565 (VIOLATED)
_12047_/RN                              3.000000   57.485565  -54.485565 (VIOLATED)
_12048_/RN                              3.000000   57.485565  -54.485565 (VIOLATED)
_12049_/RN                              3.000000   57.485565  -54.485565 (VIOLATED)
_12050_/RN                              3.000000   57.485565  -54.485565 (VIOLATED)
_12051_/RN                              3.000000   57.485565  -54.485565 (VIOLATED)
_12052_/RN                              3.000000   57.485565  -54.485565 (VIOLATED)
_12053_/RN                              3.000000   57.485565  -54.485565 (VIOLATED)
_12054_/RN                              3.000000   57.485565  -54.485565 (VIOLATED)
_12055_/RN                              3.000000   57.485565  -54.485565 (VIOLATED)
_12056_/RN                              3.000000   57.485565  -54.485565 (VIOLATED)
_12057_/RN                              3.000000   57.485565  -54.485565 (VIOLATED)
_12058_/RN                              3.000000   57.485565  -54.485565 (VIOLATED)
_12059_/RN                              3.000000   57.485565  -54.485565 (VIOLATED)
_12060_/RN                              3.000000   57.485565  -54.485565 (VIOLATED)
_12061_/RN                              3.000000   57.485565  -54.485565 (VIOLATED)
_12062_/RN                              3.000000   57.485565  -54.485565 (VIOLATED)
_12063_/RN                              3.000000   57.485565  -54.485565 (VIOLATED)
_12064_/RN                              3.000000   57.485565  -54.485565 (VIOLATED)
_12065_/RN                              3.000000   57.485565  -54.485565 (VIOLATED)
_12066_/RN                              3.000000   57.485565  -54.485565 (VIOLATED)
_12067_/RN                              3.000000   57.485565  -54.485565 (VIOLATED)
_12068_/RN                              3.000000   57.485565  -54.485565 (VIOLATED)
_12069_/RN                              3.000000   57.485565  -54.485565 (VIOLATED)
_12070_/RN                              3.000000   57.485565  -54.485565 (VIOLATED)
_12071_/RN                              3.000000   57.485565  -54.485565 (VIOLATED)
_12072_/RN                              3.000000   57.485565  -54.485565 (VIOLATED)
_12073_/RN                              3.000000   57.485565  -54.485565 (VIOLATED)
_12074_/RN                              3.000000   57.485565  -54.485565 (VIOLATED)
_12075_/RN                              3.000000   57.485565  -54.485565 (VIOLATED)
_12076_/RN                              3.000000   57.485565  -54.485565 (VIOLATED)
_12077_/RN                              3.000000   57.485565  -54.485565 (VIOLATED)
_12078_/RN                              3.000000   57.485565  -54.485565 (VIOLATED)
_12079_/RN                              3.000000   57.485565  -54.485565 (VIOLATED)
_12080_/RN                              3.000000   57.485565  -54.485565 (VIOLATED)
_12081_/RN                              3.000000   57.485565  -54.485565 (VIOLATED)
_12082_/RN                              3.000000   57.485565  -54.485565 (VIOLATED)
_12083_/RN                              3.000000   57.485565  -54.485565 (VIOLATED)
_12084_/RN                              3.000000   57.485565  -54.485565 (VIOLATED)
_12085_/RN                              3.000000   57.485565  -54.485565 (VIOLATED)
_12086_/RN                              3.000000   57.485565  -54.485565 (VIOLATED)
_12087_/RN                              3.000000   57.485565  -54.485565 (VIOLATED)
_12088_/RN                              3.000000   57.485565  -54.485565 (VIOLATED)
_12089_/RN                              3.000000   57.485565  -54.485565 (VIOLATED)
_12090_/RN                              3.000000   57.485565  -54.485565 (VIOLATED)
_12091_/RN                              3.000000   57.485565  -54.485565 (VIOLATED)
_12092_/RN                              3.000000   57.485565  -54.485565 (VIOLATED)
_12093_/RN                              3.000000   57.485565  -54.485565 (VIOLATED)
_12094_/RN                              3.000000   57.485565  -54.485565 (VIOLATED)
_12095_/RN                              3.000000   57.485565  -54.485565 (VIOLATED)
_12096_/RN                              3.000000   57.485565  -54.485565 (VIOLATED)
_06585_/ZN                              3.000000    6.959070   -3.959070 (VIOLATED)
_06690_/B2                              3.000000    6.959070   -3.959070 (VIOLATED)
_06691_/A2                              3.000000    6.959070   -3.959070 (VIOLATED)
_06703_/A2                              3.000000    6.959070   -3.959070 (VIOLATED)
_06705_/A1                              3.000000    6.959070   -3.959070 (VIOLATED)
_10627_/A2                              3.000000    6.959070   -3.959070 (VIOLATED)
_10629_/A3                              3.000000    6.959070   -3.959070 (VIOLATED)
_11165_/B                               3.000000    6.959070   -3.959070 (VIOLATED)
_11168_/C                               3.000000    6.959070   -3.959070 (VIOLATED)
_11169_/A3                              3.000000    6.959070   -3.959070 (VIOLATED)
_11171_/C                               3.000000    6.959070   -3.959070 (VIOLATED)
_11172_/A3                              3.000000    6.959070   -3.959070 (VIOLATED)
_11174_/B                               3.000000    6.959070   -3.959070 (VIOLATED)
_11177_/C                               3.000000    6.959070   -3.959070 (VIOLATED)
_11178_/A3                              3.000000    6.959070   -3.959070 (VIOLATED)
_11180_/C                               3.000000    6.959070   -3.959070 (VIOLATED)
_11181_/A3                              3.000000    6.959070   -3.959070 (VIOLATED)
_11183_/C                               3.000000    6.959070   -3.959070 (VIOLATED)
_11184_/A3                              3.000000    6.959070   -3.959070 (VIOLATED)
_11186_/B                               3.000000    6.959070   -3.959070 (VIOLATED)
_11189_/C                               3.000000    6.959070   -3.959070 (VIOLATED)
_11190_/A3                              3.000000    6.959070   -3.959070 (VIOLATED)
_11192_/B                               3.000000    6.959070   -3.959070 (VIOLATED)
_11195_/C                               3.000000    6.959070   -3.959070 (VIOLATED)
_11196_/A3                              3.000000    6.959070   -3.959070 (VIOLATED)
_11198_/C                               3.000000    6.959070   -3.959070 (VIOLATED)
_11199_/A3                              3.000000    6.959070   -3.959070 (VIOLATED)
_11201_/C                               3.000000    6.959070   -3.959070 (VIOLATED)
_11202_/A3                              3.000000    6.959070   -3.959070 (VIOLATED)
_11204_/B                               3.000000    6.959070   -3.959070 (VIOLATED)
_11207_/B                               3.000000    6.959070   -3.959070 (VIOLATED)
_11210_/C                               3.000000    6.959070   -3.959070 (VIOLATED)
_11211_/A3                              3.000000    6.959070   -3.959070 (VIOLATED)
_11213_/B                               3.000000    6.959070   -3.959070 (VIOLATED)
_11216_/C                               3.000000    6.959070   -3.959070 (VIOLATED)
_11217_/A3                              3.000000    6.959070   -3.959070 (VIOLATED)
_11219_/C                               3.000000    6.959070   -3.959070 (VIOLATED)
_11220_/A3                              3.000000    6.959070   -3.959070 (VIOLATED)
_11222_/C                               3.000000    6.959070   -3.959070 (VIOLATED)
_11223_/A3                              3.000000    6.959070   -3.959070 (VIOLATED)
_11226_/C                               3.000000    6.959070   -3.959070 (VIOLATED)
_11325_/A2                              3.000000    6.959070   -3.959070 (VIOLATED)
_05868_/ZN                              3.000000    6.841079   -3.841079 (VIOLATED)
_06443_/A2                              3.000000    6.841079   -3.841079 (VIOLATED)
_06562_/B                               3.000000    6.841079   -3.841079 (VIOLATED)
_06689_/A1                              3.000000    6.841079   -3.841079 (VIOLATED)
_06698_/A4                              3.000000    6.841079   -3.841079 (VIOLATED)
_06705_/A2                              3.000000    6.841079   -3.841079 (VIOLATED)
_06719_/A1                              3.000000    6.841079   -3.841079 (VIOLATED)
_06720_/A1                              3.000000    6.841079   -3.841079 (VIOLATED)
_06722_/A1                              3.000000    6.841079   -3.841079 (VIOLATED)
_06723_/A1                              3.000000    6.841079   -3.841079 (VIOLATED)
_06724_/A1                              3.000000    6.841079   -3.841079 (VIOLATED)
_06726_/A1                              3.000000    6.841079   -3.841079 (VIOLATED)
_06727_/A1                              3.000000    6.841079   -3.841079 (VIOLATED)
_06728_/A1                              3.000000    6.841079   -3.841079 (VIOLATED)
_06729_/A1                              3.000000    6.841079   -3.841079 (VIOLATED)
_06730_/A1                              3.000000    6.841079   -3.841079 (VIOLATED)
_06731_/A1                              3.000000    6.841079   -3.841079 (VIOLATED)
_06732_/A1                              3.000000    6.841079   -3.841079 (VIOLATED)
_06734_/A1                              3.000000    6.841079   -3.841079 (VIOLATED)
_06735_/A1                              3.000000    6.841079   -3.841079 (VIOLATED)
_06736_/A1                              3.000000    6.841079   -3.841079 (VIOLATED)
_06738_/A1                              3.000000    6.841079   -3.841079 (VIOLATED)
_06739_/A1                              3.000000    6.841079   -3.841079 (VIOLATED)
_06740_/A1                              3.000000    6.841079   -3.841079 (VIOLATED)
_06742_/A1                              3.000000    6.841079   -3.841079 (VIOLATED)
_06743_/A1                              3.000000    6.841079   -3.841079 (VIOLATED)
_06744_/A1                              3.000000    6.841079   -3.841079 (VIOLATED)
_06745_/A1                              3.000000    6.841079   -3.841079 (VIOLATED)
_06746_/A1                              3.000000    6.841079   -3.841079 (VIOLATED)
_06747_/A1                              3.000000    6.841079   -3.841079 (VIOLATED)
_09687_/B                               3.000000    6.841079   -3.841079 (VIOLATED)
_09693_/B                               3.000000    6.841079   -3.841079 (VIOLATED)
_09797_/A1                              3.000000    6.841079   -3.841079 (VIOLATED)
_09915_/A1                              3.000000    6.841079   -3.841079 (VIOLATED)
_10304_/A2                              3.000000    6.841079   -3.841079 (VIOLATED)
_10306_/A1                              3.000000    6.841079   -3.841079 (VIOLATED)
_10308_/A1                              3.000000    6.841079   -3.841079 (VIOLATED)
_10312_/A1                              3.000000    6.841079   -3.841079 (VIOLATED)
_10316_/A1                              3.000000    6.841079   -3.841079 (VIOLATED)
_10332_/A1                              3.000000    6.841079   -3.841079 (VIOLATED)
_10357_/B                               3.000000    6.841079   -3.841079 (VIOLATED)
_10365_/A1                              3.000000    6.841079   -3.841079 (VIOLATED)
_10371_/B                               3.000000    6.841079   -3.841079 (VIOLATED)
_10374_/B                               3.000000    6.841079   -3.841079 (VIOLATED)
_10377_/B                               3.000000    6.841079   -3.841079 (VIOLATED)
_10380_/B                               3.000000    6.841079   -3.841079 (VIOLATED)
_10395_/B                               3.000000    6.841079   -3.841079 (VIOLATED)
_10398_/B                               3.000000    6.841079   -3.841079 (VIOLATED)
_10401_/B                               3.000000    6.841079   -3.841079 (VIOLATED)
_10523_/A2                              3.000000    6.841079   -3.841079 (VIOLATED)
_10533_/A1                              3.000000    6.841079   -3.841079 (VIOLATED)
_10616_/A3                              3.000000    6.841079   -3.841079 (VIOLATED)
_10618_/A4                              3.000000    6.841079   -3.841079 (VIOLATED)
_10626_/A1                              3.000000    6.841079   -3.841079 (VIOLATED)
_10627_/A4                              3.000000    6.841079   -3.841079 (VIOLATED)
_10632_/A3                              3.000000    6.841079   -3.841079 (VIOLATED)
_10647_/A3                              3.000000    6.841079   -3.841079 (VIOLATED)
_10661_/A3                              3.000000    6.841079   -3.841079 (VIOLATED)
_10675_/A3                              3.000000    6.841079   -3.841079 (VIOLATED)
_10689_/A3                              3.000000    6.841079   -3.841079 (VIOLATED)
_10703_/A3                              3.000000    6.841079   -3.841079 (VIOLATED)
_10717_/A3                              3.000000    6.841079   -3.841079 (VIOLATED)
_10731_/A3                              3.000000    6.841079   -3.841079 (VIOLATED)
_10746_/A1                              3.000000    6.841079   -3.841079 (VIOLATED)
_11101_/A1                              3.000000    6.841079   -3.841079 (VIOLATED)
_11106_/A1                              3.000000    6.841079   -3.841079 (VIOLATED)
_11114_/A1                              3.000000    6.841079   -3.841079 (VIOLATED)
_11130_/A1                              3.000000    6.841079   -3.841079 (VIOLATED)
_11134_/A1                              3.000000    6.841079   -3.841079 (VIOLATED)
_11143_/A1                              3.000000    6.841079   -3.841079 (VIOLATED)
_11152_/B                               3.000000    6.841079   -3.841079 (VIOLATED)
_11154_/B                               3.000000    6.841079   -3.841079 (VIOLATED)
_11157_/C                               3.000000    6.841079   -3.841079 (VIOLATED)
_11164_/A3                              3.000000    6.841079   -3.841079 (VIOLATED)
_11165_/C                               3.000000    6.841079   -3.841079 (VIOLATED)
_11168_/B                               3.000000    6.841079   -3.841079 (VIOLATED)
_11171_/B                               3.000000    6.841079   -3.841079 (VIOLATED)
_11173_/A3                              3.000000    6.841079   -3.841079 (VIOLATED)
_11174_/C                               3.000000    6.841079   -3.841079 (VIOLATED)
_11177_/B                               3.000000    6.841079   -3.841079 (VIOLATED)
_11180_/B                               3.000000    6.841079   -3.841079 (VIOLATED)
_11183_/B                               3.000000    6.841079   -3.841079 (VIOLATED)
_11185_/A3                              3.000000    6.841079   -3.841079 (VIOLATED)
_11186_/C                               3.000000    6.841079   -3.841079 (VIOLATED)
_11189_/B                               3.000000    6.841079   -3.841079 (VIOLATED)
_11191_/A3                              3.000000    6.841079   -3.841079 (VIOLATED)
_11192_/C                               3.000000    6.841079   -3.841079 (VIOLATED)
_11195_/B                               3.000000    6.841079   -3.841079 (VIOLATED)
_11198_/B                               3.000000    6.841079   -3.841079 (VIOLATED)
_11201_/B                               3.000000    6.841079   -3.841079 (VIOLATED)
_11203_/A3                              3.000000    6.841079   -3.841079 (VIOLATED)
_11204_/C                               3.000000    6.841079   -3.841079 (VIOLATED)
_11206_/A3                              3.000000    6.841079   -3.841079 (VIOLATED)
_11207_/C                               3.000000    6.841079   -3.841079 (VIOLATED)
_11210_/B                               3.000000    6.841079   -3.841079 (VIOLATED)
_11212_/A3                              3.000000    6.841079   -3.841079 (VIOLATED)
_11213_/C                               3.000000    6.841079   -3.841079 (VIOLATED)
_11216_/B                               3.000000    6.841079   -3.841079 (VIOLATED)
_11219_/B                               3.000000    6.841079   -3.841079 (VIOLATED)
_11222_/B                               3.000000    6.841079   -3.841079 (VIOLATED)
_11224_/A3                              3.000000    6.841079   -3.841079 (VIOLATED)
_11226_/B                               3.000000    6.841079   -3.841079 (VIOLATED)
_11314_/B                               3.000000    6.841079   -3.841079 (VIOLATED)
_11319_/B                               3.000000    6.841079   -3.841079 (VIOLATED)
_11326_/A1                              3.000000    6.841079   -3.841079 (VIOLATED)
_11327_/B                               3.000000    6.841079   -3.841079 (VIOLATED)
_11376_/B1                              3.000000    6.841079   -3.841079 (VIOLATED)
_11385_/A2                              3.000000    6.841079   -3.841079 (VIOLATED)
_11392_/A1                              3.000000    6.841079   -3.841079 (VIOLATED)
_11394_/A1                              3.000000    6.841079   -3.841079 (VIOLATED)
_11395_/A1                              3.000000    6.841079   -3.841079 (VIOLATED)
_11397_/B                               3.000000    6.841079   -3.841079 (VIOLATED)
_11460_/B1                              3.000000    6.841079   -3.841079 (VIOLATED)
_11469_/A2                              3.000000    6.841079   -3.841079 (VIOLATED)
_11476_/A1                              3.000000    6.841079   -3.841079 (VIOLATED)
_11478_/A1                              3.000000    6.841079   -3.841079 (VIOLATED)
_11479_/A1                              3.000000    6.841079   -3.841079 (VIOLATED)
_11481_/B                               3.000000    6.841079   -3.841079 (VIOLATED)
_05868_/I                               3.000000    6.144961   -3.144961 (VIOLATED)
_06442_/A1                              3.000000    6.144961   -3.144961 (VIOLATED)
_06561_/A1                              3.000000    6.144961   -3.144961 (VIOLATED)
_06563_/A1                              3.000000    6.144961   -3.144961 (VIOLATED)
_06572_/B                               3.000000    6.144961   -3.144961 (VIOLATED)
_06573_/B                               3.000000    6.144961   -3.144961 (VIOLATED)
_06575_/A1                              3.000000    6.144961   -3.144961 (VIOLATED)
_06576_/A2                              3.000000    6.144961   -3.144961 (VIOLATED)
_06579_/B1                              3.000000    6.144961   -3.144961 (VIOLATED)
_06690_/B1                              3.000000    6.144961   -3.144961 (VIOLATED)
_06691_/A1                              3.000000    6.144961   -3.144961 (VIOLATED)
_06704_/A1                              3.000000    6.144961   -3.144961 (VIOLATED)
_06718_/A2                              3.000000    6.144961   -3.144961 (VIOLATED)
_06721_/A2                              3.000000    6.144961   -3.144961 (VIOLATED)
_06725_/A2                              3.000000    6.144961   -3.144961 (VIOLATED)
_06733_/A2                              3.000000    6.144961   -3.144961 (VIOLATED)
_06737_/A2                              3.000000    6.144961   -3.144961 (VIOLATED)
_06741_/A2                              3.000000    6.144961   -3.144961 (VIOLATED)
_09347_/A1                              3.000000    6.144961   -3.144961 (VIOLATED)
_09692_/A1                              3.000000    6.144961   -3.144961 (VIOLATED)
_09788_/B                               3.000000    6.144961   -3.144961 (VIOLATED)
_09916_/A3                              3.000000    6.144961   -3.144961 (VIOLATED)
_09917_/C                               3.000000    6.144961   -3.144961 (VIOLATED)
_10317_/A1                              3.000000    6.144961   -3.144961 (VIOLATED)
_10333_/A1                              3.000000    6.144961   -3.144961 (VIOLATED)
_10356_/A1                              3.000000    6.144961   -3.144961 (VIOLATED)
_10361_/A1                              3.000000    6.144961   -3.144961 (VIOLATED)
_10363_/C                               3.000000    6.144961   -3.144961 (VIOLATED)
_10366_/A2                              3.000000    6.144961   -3.144961 (VIOLATED)
_10372_/A1                              3.000000    6.144961   -3.144961 (VIOLATED)
_10375_/A1                              3.000000    6.144961   -3.144961 (VIOLATED)
_10378_/A1                              3.000000    6.144961   -3.144961 (VIOLATED)
_10381_/A1                              3.000000    6.144961   -3.144961 (VIOLATED)
_10396_/A1                              3.000000    6.144961   -3.144961 (VIOLATED)
_10399_/A1                              3.000000    6.144961   -3.144961 (VIOLATED)
_10402_/A1                              3.000000    6.144961   -3.144961 (VIOLATED)
_10520_/A1                              3.000000    6.144961   -3.144961 (VIOLATED)
_10527_/C                               3.000000    6.144961   -3.144961 (VIOLATED)
_10528_/C                               3.000000    6.144961   -3.144961 (VIOLATED)
_10530_/C                               3.000000    6.144961   -3.144961 (VIOLATED)
_10535_/C                               3.000000    6.144961   -3.144961 (VIOLATED)
_10614_/A1                              3.000000    6.144961   -3.144961 (VIOLATED)
_10620_/A1                              3.000000    6.144961   -3.144961 (VIOLATED)
_10629_/A2                              3.000000    6.144961   -3.144961 (VIOLATED)
_10747_/A3                              3.000000    6.144961   -3.144961 (VIOLATED)
_10748_/C                               3.000000    6.144961   -3.144961 (VIOLATED)
_11107_/A2                              3.000000    6.144961   -3.144961 (VIOLATED)
_11115_/A2                              3.000000    6.144961   -3.144961 (VIOLATED)
_11131_/A2                              3.000000    6.144961   -3.144961 (VIOLATED)
_11135_/A2                              3.000000    6.144961   -3.144961 (VIOLATED)
_11137_/B                               3.000000    6.144961   -3.144961 (VIOLATED)
_11144_/A2                              3.000000    6.144961   -3.144961 (VIOLATED)
_11150_/A1                              3.000000    6.144961   -3.144961 (VIOLATED)
_11160_/C                               3.000000    6.144961   -3.144961 (VIOLATED)
_11169_/A2                              3.000000    6.144961   -3.144961 (VIOLATED)
_11172_/A2                              3.000000    6.144961   -3.144961 (VIOLATED)
_11178_/A2                              3.000000    6.144961   -3.144961 (VIOLATED)
_11181_/A2                              3.000000    6.144961   -3.144961 (VIOLATED)
_11184_/A2                              3.000000    6.144961   -3.144961 (VIOLATED)
_11190_/A2                              3.000000    6.144961   -3.144961 (VIOLATED)
_11196_/A2                              3.000000    6.144961   -3.144961 (VIOLATED)
_11199_/A2                              3.000000    6.144961   -3.144961 (VIOLATED)
_11202_/A2                              3.000000    6.144961   -3.144961 (VIOLATED)
_11211_/A2                              3.000000    6.144961   -3.144961 (VIOLATED)
_11217_/A2                              3.000000    6.144961   -3.144961 (VIOLATED)
_11220_/A2                              3.000000    6.144961   -3.144961 (VIOLATED)
_11223_/A2                              3.000000    6.144961   -3.144961 (VIOLATED)
_11270_/A1                              3.000000    6.144961   -3.144961 (VIOLATED)
_11318_/A1                              3.000000    6.144961   -3.144961 (VIOLATED)
_11323_/A1                              3.000000    6.144961   -3.144961 (VIOLATED)
_11340_/A1                              3.000000    6.144961   -3.144961 (VIOLATED)
_11341_/A3                              3.000000    6.144961   -3.144961 (VIOLATED)
_11344_/A3                              3.000000    6.144961   -3.144961 (VIOLATED)
_11348_/A3                              3.000000    6.144961   -3.144961 (VIOLATED)
_11350_/A1                              3.000000    6.144961   -3.144961 (VIOLATED)
_11354_/A3                              3.000000    6.144961   -3.144961 (VIOLATED)
_11358_/A3                              3.000000    6.144961   -3.144961 (VIOLATED)
_11361_/A3                              3.000000    6.144961   -3.144961 (VIOLATED)
_11363_/A1                              3.000000    6.144961   -3.144961 (VIOLATED)
_11364_/B                               3.000000    6.144961   -3.144961 (VIOLATED)
_11365_/A3                              3.000000    6.144961   -3.144961 (VIOLATED)
_11373_/A1                              3.000000    6.144961   -3.144961 (VIOLATED)
_11393_/A1                              3.000000    6.144961   -3.144961 (VIOLATED)
_11400_/C                               3.000000    6.144961   -3.144961 (VIOLATED)
_11424_/A1                              3.000000    6.144961   -3.144961 (VIOLATED)
_11425_/A3                              3.000000    6.144961   -3.144961 (VIOLATED)
_11428_/A3                              3.000000    6.144961   -3.144961 (VIOLATED)
_11432_/A3                              3.000000    6.144961   -3.144961 (VIOLATED)
_11434_/A1                              3.000000    6.144961   -3.144961 (VIOLATED)
_11438_/A3                              3.000000    6.144961   -3.144961 (VIOLATED)
_11442_/A3                              3.000000    6.144961   -3.144961 (VIOLATED)
_11445_/A3                              3.000000    6.144961   -3.144961 (VIOLATED)
_11447_/A1                              3.000000    6.144961   -3.144961 (VIOLATED)
_11448_/B                               3.000000    6.144961   -3.144961 (VIOLATED)
_11449_/A3                              3.000000    6.144961   -3.144961 (VIOLATED)
_11457_/A1                              3.000000    6.144961   -3.144961 (VIOLATED)
_11462_/A2                              3.000000    6.144961   -3.144961 (VIOLATED)
_11477_/A2                              3.000000    6.144961   -3.144961 (VIOLATED)
_11484_/C                               3.000000    6.144961   -3.144961 (VIOLATED)
_12044_/Q                               3.000000    6.144961   -3.144961 (VIOLATED)
_06575_/ZN                              3.000000    5.107750   -2.107750 (VIOLATED)
_10435_/A2                              3.000000    5.107750   -2.107750 (VIOLATED)
_10437_/A2                              3.000000    5.107750   -2.107750 (VIOLATED)
_10439_/A2                              3.000000    5.107750   -2.107750 (VIOLATED)
_10441_/A2                              3.000000    5.107750   -2.107750 (VIOLATED)
_10443_/A2                              3.000000    5.107750   -2.107750 (VIOLATED)
_10445_/A2                              3.000000    5.107750   -2.107750 (VIOLATED)
_10447_/A2                              3.000000    5.107750   -2.107750 (VIOLATED)
_10449_/A2                              3.000000    5.107750   -2.107750 (VIOLATED)
_10451_/A2                              3.000000    5.107750   -2.107750 (VIOLATED)
_10453_/A2                              3.000000    5.107750   -2.107750 (VIOLATED)
_10455_/A2                              3.000000    5.107750   -2.107750 (VIOLATED)
_10457_/A2                              3.000000    5.107750   -2.107750 (VIOLATED)
_10459_/A2                              3.000000    5.107750   -2.107750 (VIOLATED)
_10461_/A2                              3.000000    5.107750   -2.107750 (VIOLATED)
_10463_/A2                              3.000000    5.107750   -2.107750 (VIOLATED)
_10465_/A2                              3.000000    5.107750   -2.107750 (VIOLATED)
_10467_/A2                              3.000000    5.107750   -2.107750 (VIOLATED)
_10469_/A2                              3.000000    5.107750   -2.107750 (VIOLATED)
_10471_/A2                              3.000000    5.107750   -2.107750 (VIOLATED)
_10473_/A2                              3.000000    5.107750   -2.107750 (VIOLATED)
_10475_/A2                              3.000000    5.107750   -2.107750 (VIOLATED)
_06442_/ZN                              3.000000    5.054969   -2.054970 (VIOLATED)
_09798_/A3                              3.000000    5.054969   -2.054970 (VIOLATED)
_09815_/C                               3.000000    5.054969   -2.054970 (VIOLATED)
_09829_/C                               3.000000    5.054969   -2.054970 (VIOLATED)
_09842_/C                               3.000000    5.054969   -2.054970 (VIOLATED)
_09856_/C                               3.000000    5.054969   -2.054970 (VIOLATED)
_09870_/C                               3.000000    5.054969   -2.054970 (VIOLATED)
_09884_/C                               3.000000    5.054969   -2.054970 (VIOLATED)
_09898_/C                               3.000000    5.054969   -2.054970 (VIOLATED)
_09912_/C                               3.000000    5.054969   -2.054970 (VIOLATED)
_10386_/C                               3.000000    5.054969   -2.054970 (VIOLATED)
_10389_/C                               3.000000    5.054969   -2.054970 (VIOLATED)
_10392_/C                               3.000000    5.054969   -2.054970 (VIOLATED)
_10404_/C                               3.000000    5.054969   -2.054970 (VIOLATED)
_10408_/C                               3.000000    5.054969   -2.054970 (VIOLATED)
_10411_/C                               3.000000    5.054969   -2.054970 (VIOLATED)
_10417_/C                               3.000000    5.054969   -2.054970 (VIOLATED)
_10420_/C                               3.000000    5.054969   -2.054970 (VIOLATED)
_10423_/C                               3.000000    5.054969   -2.054970 (VIOLATED)
_10426_/C                               3.000000    5.054969   -2.054970 (VIOLATED)
_10429_/C                               3.000000    5.054969   -2.054970 (VIOLATED)
_10433_/C                               3.000000    5.054969   -2.054970 (VIOLATED)
_10522_/A2                              3.000000    5.054969   -2.054970 (VIOLATED)
_06566_/Z                               3.000000    4.211761   -1.211761 (VIOLATED)
_06573_/A1                              3.000000    4.211761   -1.211761 (VIOLATED)
_06577_/A1                              3.000000    4.211761   -1.211761 (VIOLATED)
_06578_/A3                              3.000000    4.211761   -1.211761 (VIOLATED)
_06580_/A1                              3.000000    4.211761   -1.211761 (VIOLATED)
_06581_/A1                              3.000000    4.211761   -1.211761 (VIOLATED)
_09788_/A1                              3.000000    4.211761   -1.211761 (VIOLATED)
_09808_/A1                              3.000000    4.211761   -1.211761 (VIOLATED)
_09809_/A2                              3.000000    4.211761   -1.211761 (VIOLATED)
_09811_/A2                              3.000000    4.211761   -1.211761 (VIOLATED)
_09812_/A2                              3.000000    4.211761   -1.211761 (VIOLATED)
_09822_/A1                              3.000000    4.211761   -1.211761 (VIOLATED)
_09823_/A2                              3.000000    4.211761   -1.211761 (VIOLATED)
_09825_/A2                              3.000000    4.211761   -1.211761 (VIOLATED)
_09826_/A2                              3.000000    4.211761   -1.211761 (VIOLATED)
_09837_/A2                              3.000000    4.211761   -1.211761 (VIOLATED)
_09849_/A1                              3.000000    4.211761   -1.211761 (VIOLATED)
_09850_/A2                              3.000000    4.211761   -1.211761 (VIOLATED)
_09852_/A2                              3.000000    4.211761   -1.211761 (VIOLATED)
_09853_/A2                              3.000000    4.211761   -1.211761 (VIOLATED)
_09860_/A1                              3.000000    4.211761   -1.211761 (VIOLATED)
_09861_/A1                              3.000000    4.211761   -1.211761 (VIOLATED)
_09865_/A2                              3.000000    4.211761   -1.211761 (VIOLATED)
_09877_/A1                              3.000000    4.211761   -1.211761 (VIOLATED)
_09878_/A2                              3.000000    4.211761   -1.211761 (VIOLATED)
_09880_/A2                              3.000000    4.211761   -1.211761 (VIOLATED)
_09881_/A2                              3.000000    4.211761   -1.211761 (VIOLATED)
_09891_/A1                              3.000000    4.211761   -1.211761 (VIOLATED)
_09892_/A2                              3.000000    4.211761   -1.211761 (VIOLATED)
_09894_/A2                              3.000000    4.211761   -1.211761 (VIOLATED)
_09895_/A2                              3.000000    4.211761   -1.211761 (VIOLATED)
_09905_/A1                              3.000000    4.211761   -1.211761 (VIOLATED)
_09906_/A2                              3.000000    4.211761   -1.211761 (VIOLATED)
_09908_/A2                              3.000000    4.211761   -1.211761 (VIOLATED)
_09909_/A2                              3.000000    4.211761   -1.211761 (VIOLATED)
_06695_/ZN                              3.000000    3.610245   -0.610245 (VIOLATED)
_06696_/A2                              3.000000    3.610245   -0.610245 (VIOLATED)
_06701_/A1                              3.000000    3.610245   -0.610245 (VIOLATED)
_06702_/A1                              3.000000    3.610245   -0.610245 (VIOLATED)
_10639_/A1                              3.000000    3.610245   -0.610245 (VIOLATED)
_10641_/A2                              3.000000    3.610245   -0.610245 (VIOLATED)
_10654_/A1                              3.000000    3.610245   -0.610245 (VIOLATED)
_10655_/A2                              3.000000    3.610245   -0.610245 (VIOLATED)
_10668_/A1                              3.000000    3.610245   -0.610245 (VIOLATED)
_10669_/A2                              3.000000    3.610245   -0.610245 (VIOLATED)
_10681_/A1                              3.000000    3.610245   -0.610245 (VIOLATED)
_10682_/A2                              3.000000    3.610245   -0.610245 (VIOLATED)
_10696_/A1                              3.000000    3.610245   -0.610245 (VIOLATED)
_10697_/A2                              3.000000    3.610245   -0.610245 (VIOLATED)
_10709_/A1                              3.000000    3.610245   -0.610245 (VIOLATED)
_10710_/A2                              3.000000    3.610245   -0.610245 (VIOLATED)
_10723_/A1                              3.000000    3.610245   -0.610245 (VIOLATED)
_10724_/A2                              3.000000    3.610245   -0.610245 (VIOLATED)
_10737_/A1                              3.000000    3.610245   -0.610245 (VIOLATED)
_10738_/A2                              3.000000    3.610245   -0.610245 (VIOLATED)
_05826_/I                               3.000000    3.461468   -0.461468 (VIOLATED)
_06589_/S                               3.000000    3.461468   -0.461468 (VIOLATED)
_06592_/S                               3.000000    3.461468   -0.461468 (VIOLATED)
_06593_/S                               3.000000    3.461468   -0.461468 (VIOLATED)
_06595_/S                               3.000000    3.461468   -0.461468 (VIOLATED)
_06597_/S                               3.000000    3.461468   -0.461468 (VIOLATED)
_06601_/S                               3.000000    3.461468   -0.461468 (VIOLATED)
_06603_/S                               3.000000    3.461468   -0.461468 (VIOLATED)
_06606_/S                               3.000000    3.461468   -0.461468 (VIOLATED)
_06608_/S                               3.000000    3.461468   -0.461468 (VIOLATED)
_06610_/S                               3.000000    3.461468   -0.461468 (VIOLATED)
_06613_/S                               3.000000    3.461468   -0.461468 (VIOLATED)
_06616_/S                               3.000000    3.461468   -0.461468 (VIOLATED)
_06617_/S                               3.000000    3.461468   -0.461468 (VIOLATED)
_06620_/S                               3.000000    3.461468   -0.461468 (VIOLATED)
_06622_/S                               3.000000    3.461468   -0.461468 (VIOLATED)
_06623_/S                               3.000000    3.461468   -0.461468 (VIOLATED)
_06629_/S                               3.000000    3.461468   -0.461468 (VIOLATED)
_06639_/S                               3.000000    3.461468   -0.461468 (VIOLATED)
_06640_/S                               3.000000    3.461468   -0.461468 (VIOLATED)
_06650_/S                               3.000000    3.461468   -0.461468 (VIOLATED)
_06697_/A1                              3.000000    3.461468   -0.461468 (VIOLATED)
_06698_/A1                              3.000000    3.461468   -0.461468 (VIOLATED)
_06701_/B                               3.000000    3.461468   -0.461468 (VIOLATED)
_10640_/A1                              3.000000    3.461468   -0.461468 (VIOLATED)
_10642_/C                               3.000000    3.461468   -0.461468 (VIOLATED)
_10656_/C                               3.000000    3.461468   -0.461468 (VIOLATED)
_10670_/C                               3.000000    3.461468   -0.461468 (VIOLATED)
_10698_/C                               3.000000    3.461468   -0.461468 (VIOLATED)
_12033_/Q                               3.000000    3.461468   -0.461468 (VIOLATED)
_05893_/I                               3.000000    3.431848   -0.431848 (VIOLATED)
_06452_/S                               3.000000    3.431848   -0.431848 (VIOLATED)
_06454_/S                               3.000000    3.431848   -0.431848 (VIOLATED)
_06456_/S                               3.000000    3.431848   -0.431848 (VIOLATED)
_06457_/S                               3.000000    3.431848   -0.431848 (VIOLATED)
_06458_/S                               3.000000    3.431848   -0.431848 (VIOLATED)
_06459_/S                               3.000000    3.431848   -0.431848 (VIOLATED)
_06460_/S                               3.000000    3.431848   -0.431848 (VIOLATED)
_06463_/A1                              3.000000    3.431848   -0.431848 (VIOLATED)
_06468_/A1                              3.000000    3.431848   -0.431848 (VIOLATED)
_06475_/S                               3.000000    3.431848   -0.431848 (VIOLATED)
_06477_/S                               3.000000    3.431848   -0.431848 (VIOLATED)
_06483_/S                               3.000000    3.431848   -0.431848 (VIOLATED)
_06486_/S                               3.000000    3.431848   -0.431848 (VIOLATED)
_06488_/S                               3.000000    3.431848   -0.431848 (VIOLATED)
_06492_/S                               3.000000    3.431848   -0.431848 (VIOLATED)
_06494_/S                               3.000000    3.431848   -0.431848 (VIOLATED)
_06498_/S                               3.000000    3.431848   -0.431848 (VIOLATED)
_06500_/S                               3.000000    3.431848   -0.431848 (VIOLATED)
_06505_/S                               3.000000    3.431848   -0.431848 (VIOLATED)
_06508_/S                               3.000000    3.431848   -0.431848 (VIOLATED)
_06526_/S                               3.000000    3.431848   -0.431848 (VIOLATED)
_06573_/A2                              3.000000    3.431848   -0.431848 (VIOLATED)
_06579_/B2                              3.000000    3.431848   -0.431848 (VIOLATED)
_09786_/A1                              3.000000    3.431848   -0.431848 (VIOLATED)
_09803_/A1                              3.000000    3.431848   -0.431848 (VIOLATED)
_09839_/C                               3.000000    3.431848   -0.431848 (VIOLATED)
_09867_/C                               3.000000    3.431848   -0.431848 (VIOLATED)
_10368_/A1                              3.000000    3.431848   -0.431848 (VIOLATED)
_12031_/Q                               3.000000    3.431848   -0.431848 (VIOLATED)
_11162_/ZN                              3.000000    3.258843   -0.258843 (VIOLATED)
_11165_/A2                              3.000000    3.258843   -0.258843 (VIOLATED)
_11166_/B2                              3.000000    3.258843   -0.258843 (VIOLATED)
_11167_/A2                              3.000000    3.258843   -0.258843 (VIOLATED)
_11170_/A2                              3.000000    3.258843   -0.258843 (VIOLATED)
_11174_/A2                              3.000000    3.258843   -0.258843 (VIOLATED)
_11175_/B2                              3.000000    3.258843   -0.258843 (VIOLATED)
_11176_/A2                              3.000000    3.258843   -0.258843 (VIOLATED)
_11179_/A2                              3.000000    3.258843   -0.258843 (VIOLATED)
_11182_/A2                              3.000000    3.258843   -0.258843 (VIOLATED)
_11186_/A2                              3.000000    3.258843   -0.258843 (VIOLATED)
_11187_/B2                              3.000000    3.258843   -0.258843 (VIOLATED)
_11188_/A2                              3.000000    3.258843   -0.258843 (VIOLATED)
_11192_/A2                              3.000000    3.258843   -0.258843 (VIOLATED)
_11193_/B2                              3.000000    3.258843   -0.258843 (VIOLATED)
_11194_/A2                              3.000000    3.258843   -0.258843 (VIOLATED)
_11197_/A2                              3.000000    3.258843   -0.258843 (VIOLATED)
_11200_/A2                              3.000000    3.258843   -0.258843 (VIOLATED)
_11204_/A2                              3.000000    3.258843   -0.258843 (VIOLATED)
_11205_/B2                              3.000000    3.258843   -0.258843 (VIOLATED)
_11207_/A2                              3.000000    3.258843   -0.258843 (VIOLATED)
_11208_/B2                              3.000000    3.258843   -0.258843 (VIOLATED)
_11209_/A2                              3.000000    3.258843   -0.258843 (VIOLATED)
_11213_/A2                              3.000000    3.258843   -0.258843 (VIOLATED)
_11214_/B2                              3.000000    3.258843   -0.258843 (VIOLATED)
_11215_/A2                              3.000000    3.258843   -0.258843 (VIOLATED)
_11218_/A2                              3.000000    3.258843   -0.258843 (VIOLATED)
_11221_/A2                              3.000000    3.258843   -0.258843 (VIOLATED)
_11225_/A2                              3.000000    3.258843   -0.258843 (VIOLATED)
_06683_/Z                               3.000000    3.077593   -0.077593 (VIOLATED)
_06696_/A1                              3.000000    3.077593   -0.077593 (VIOLATED)
_06701_/A3                              3.000000    3.077593   -0.077593 (VIOLATED)
_10630_/A2                              3.000000    3.077593   -0.077593 (VIOLATED)
_10636_/A2                              3.000000    3.077593   -0.077593 (VIOLATED)
_10637_/A1                              3.000000    3.077593   -0.077593 (VIOLATED)
_10641_/A1                              3.000000    3.077593   -0.077593 (VIOLATED)
_10642_/A2                              3.000000    3.077593   -0.077593 (VIOLATED)
_10651_/A2                              3.000000    3.077593   -0.077593 (VIOLATED)
_10655_/A1                              3.000000    3.077593   -0.077593 (VIOLATED)
_10665_/A2                              3.000000    3.077593   -0.077593 (VIOLATED)
_10666_/A1                              3.000000    3.077593   -0.077593 (VIOLATED)
_10669_/A1                              3.000000    3.077593   -0.077593 (VIOLATED)
_10670_/A2                              3.000000    3.077593   -0.077593 (VIOLATED)
_10679_/A2                              3.000000    3.077593   -0.077593 (VIOLATED)
_10682_/A1                              3.000000    3.077593   -0.077593 (VIOLATED)
_10693_/A2                              3.000000    3.077593   -0.077593 (VIOLATED)
_10694_/A1                              3.000000    3.077593   -0.077593 (VIOLATED)
_10697_/A1                              3.000000    3.077593   -0.077593 (VIOLATED)
_10698_/A2                              3.000000    3.077593   -0.077593 (VIOLATED)
_10707_/A2                              3.000000    3.077593   -0.077593 (VIOLATED)
_10710_/A1                              3.000000    3.077593   -0.077593 (VIOLATED)
_10721_/A2                              3.000000    3.077593   -0.077593 (VIOLATED)
_10724_/A1                              3.000000    3.077593   -0.077593 (VIOLATED)
_10735_/A2                              3.000000    3.077593   -0.077593 (VIOLATED)
_10738_/A1                              3.000000    3.077593   -0.077593 (VIOLATED)

max fanout

Pin                                   Limit Fanout  Slack
---------------------------------------------------------
rst_n                                    10    548   -538 (VIOLATED)
_05868_/ZN                               10    117   -107 (VIOLATED)
_12044_/Q                                10     99    -89 (VIOLATED)
_06585_/ZN                               10     41    -31 (VIOLATED)
_11791_/Q                                10     41    -31 (VIOLATED)
_11790_/Q                                10     39    -29 (VIOLATED)
_06566_/Z                                10     34    -24 (VIOLATED)
_06580_/ZN                               10     33    -23 (VIOLATED)
_10369_/ZN                               10     33    -23 (VIOLATED)
_11792_/Q                                10     30    -20 (VIOLATED)
_12031_/Q                                10     29    -19 (VIOLATED)
_12033_/Q                                10     29    -19 (VIOLATED)
_10304_/ZN                               10     28    -18 (VIOLATED)
_11162_/ZN                               10     28    -18 (VIOLATED)
_11927_/Q                                10     28    -18 (VIOLATED)
_06683_/Z                                10     25    -15 (VIOLATED)
_06440_/Z                                10     24    -14 (VIOLATED)
_11774_/Q                                10     24    -14 (VIOLATED)
_11775_/Q                                10     24    -14 (VIOLATED)
_11776_/Q                                10     24    -14 (VIOLATED)
_11777_/Q                                10     24    -14 (VIOLATED)
_11793_/Q                                10     24    -14 (VIOLATED)
_06009_/ZN                               10     23    -13 (VIOLATED)
_06574_/Z                                10     23    -13 (VIOLATED)
_06684_/Z                                10     23    -13 (VIOLATED)
_06970_/ZN                               10     23    -13 (VIOLATED)
_11778_/Q                                10     23    -13 (VIOLATED)
_11816_/Q                                10     23    -13 (VIOLATED)
_06442_/ZN                               10     22    -12 (VIOLATED)
_06578_/Z                                10     22    -12 (VIOLATED)
_06586_/Z                                10     22    -12 (VIOLATED)
_06698_/Z                                10     22    -12 (VIOLATED)
_09789_/Z                                10     22    -12 (VIOLATED)
_10614_/ZN                               10     22    -12 (VIOLATED)
_06575_/ZN                               10     21    -11 (VIOLATED)
_10308_/ZN                               10     21    -11 (VIOLATED)
_10618_/Z                                10     21    -11 (VIOLATED)
_11270_/ZN                               10     21    -11 (VIOLATED)
_06010_/ZN                               10     20    -10 (VIOLATED)
_06981_/ZN                               10     20    -10 (VIOLATED)
_11794_/Q                                10     20    -10 (VIOLATED)
_06695_/ZN                               10     19     -9 (VIOLATED)
_11958_/Q                                10     19     -9 (VIOLATED)
_06686_/ZN                               10     18     -8 (VIOLATED)
_06951_/ZN                               10     18     -8 (VIOLATED)
_10640_/ZN                               10     18     -8 (VIOLATED)
_05874_/ZN                               10     17     -7 (VIOLATED)
_06441_/ZN                               10     17     -7 (VIOLATED)
_06941_/ZN                               10     17     -7 (VIOLATED)
_11620_/Q                                10     17     -7 (VIOLATED)
_11779_/Q                                10     17     -7 (VIOLATED)
_11780_/Q                                10     17     -7 (VIOLATED)
_11781_/Q                                10     17     -7 (VIOLATED)
_11796_/Q                                10     17     -7 (VIOLATED)
_11847_/Q                                10     17     -7 (VIOLATED)
_05785_/ZN                               10     16     -6 (VIOLATED)
_06956_/ZN                               10     16     -6 (VIOLATED)
_09803_/ZN                               10     16     -6 (VIOLATED)
_11622_/Q                                10     16     -6 (VIOLATED)
_11843_/Q                                10     16     -6 (VIOLATED)
_12043_/Q                                10     16     -6 (VIOLATED)
_05774_/ZN                               10     15     -5 (VIOLATED)
_05786_/ZN                               10     15     -5 (VIOLATED)
_05788_/ZN                               10     15     -5 (VIOLATED)
_05942_/ZN                               10     15     -5 (VIOLATED)
_06011_/ZN                               10     15     -5 (VIOLATED)
_06713_/ZN                               10     15     -5 (VIOLATED)
_11607_/Q                                10     15     -5 (VIOLATED)
_05787_/ZN                               10     14     -4 (VIOLATED)
_05790_/ZN                               10     14     -4 (VIOLATED)
_05877_/ZN                               10     14     -4 (VIOLATED)
_06121_/ZN                               10     14     -4 (VIOLATED)
_06240_/ZN                               10     14     -4 (VIOLATED)
_06439_/ZN                               10     14     -4 (VIOLATED)
_06571_/ZN                               10     14     -4 (VIOLATED)
_06983_/ZN                               10     14     -4 (VIOLATED)
_06987_/Z                                10     14     -4 (VIOLATED)
_07757_/Z                                10     14     -4 (VIOLATED)
_11163_/ZN                               10     14     -4 (VIOLATED)
_11627_/Q                                10     14     -4 (VIOLATED)
_11832_/Q                                10     14     -4 (VIOLATED)
_11838_/Q                                10     14     -4 (VIOLATED)
_11878_/Q                                10     14     -4 (VIOLATED)
_11879_/Q                                10     14     -4 (VIOLATED)
_11940_/Q                                10     14     -4 (VIOLATED)
_11953_/Q                                10     14     -4 (VIOLATED)
_11956_/Q                                10     14     -4 (VIOLATED)
_12032_/Q                                10     14     -4 (VIOLATED)
_05801_/ZN                               10     13     -3 (VIOLATED)
_05871_/ZN                               10     13     -3 (VIOLATED)
_06058_/ZN                               10     13     -3 (VIOLATED)
_06562_/ZN                               10     13     -3 (VIOLATED)
_11609_/Q                                10     13     -3 (VIOLATED)
_11610_/Q                                10     13     -3 (VIOLATED)
_11630_/Q                                10     13     -3 (VIOLATED)
_11807_/Q                                10     13     -3 (VIOLATED)
_11848_/Q                                10     13     -3 (VIOLATED)
_11875_/Q                                10     13     -3 (VIOLATED)
_11883_/Q                                10     13     -3 (VIOLATED)
_11959_/Q                                10     13     -3 (VIOLATED)
_11985_/Q                                10     13     -3 (VIOLATED)
_12034_/Q                                10     13     -3 (VIOLATED)
_05775_/ZN                               10     12     -2 (VIOLATED)
_05791_/ZN                               10     12     -2 (VIOLATED)
_05800_/ZN                               10     12     -2 (VIOLATED)
_05878_/ZN                               10     12     -2 (VIOLATED)
_05880_/ZN                               10     12     -2 (VIOLATED)
_05954_/ZN                               10     12     -2 (VIOLATED)
_06076_/ZN                               10     12     -2 (VIOLATED)
_06219_/ZN                               10     12     -2 (VIOLATED)
_06301_/ZN                               10     12     -2 (VIOLATED)
_06716_/ZN                               10     12     -2 (VIOLATED)
_06942_/ZN                               10     12     -2 (VIOLATED)
_06950_/ZN                               10     12     -2 (VIOLATED)
_06984_/ZN                               10     12     -2 (VIOLATED)
_11340_/ZN                               10     12     -2 (VIOLATED)
_11424_/ZN                               10     12     -2 (VIOLATED)
_11614_/Q                                10     12     -2 (VIOLATED)
_11617_/Q                                10     12     -2 (VIOLATED)
_11623_/Q                                10     12     -2 (VIOLATED)
_11626_/Q                                10     12     -2 (VIOLATED)
_11629_/Q                                10     12     -2 (VIOLATED)
_11633_/Q                                10     12     -2 (VIOLATED)
_11635_/Q                                10     12     -2 (VIOLATED)
_11636_/Q                                10     12     -2 (VIOLATED)
_11768_/Q                                10     12     -2 (VIOLATED)
_11828_/Q                                10     12     -2 (VIOLATED)
_11871_/Q                                10     12     -2 (VIOLATED)
_11881_/Q                                10     12     -2 (VIOLATED)
_11939_/Q                                10     12     -2 (VIOLATED)
_11943_/Q                                10     12     -2 (VIOLATED)
_11950_/Q                                10     12     -2 (VIOLATED)
_11952_/Q                                10     12     -2 (VIOLATED)
_11955_/Q                                10     12     -2 (VIOLATED)
_11981_/Q                                10     12     -2 (VIOLATED)
_11990_/Q                                10     12     -2 (VIOLATED)
_05778_/ZN                               10     11        (VIOLATED)
_05781_/ZN                               10     11        (VIOLATED)
_05784_/ZN                               10     11        (VIOLATED)
_05872_/ZN                               10     11        (VIOLATED)
_05875_/ZN                               10     11        (VIOLATED)
_05876_/ZN                               10     11        (VIOLATED)
_05881_/ZN                               10     11        (VIOLATED)
_05882_/ZN                               10     11        (VIOLATED)
_05948_/ZN                               10     11        (VIOLATED)
_05950_/ZN                               10     11        (VIOLATED)
_05989_/ZN                               10     11        (VIOLATED)
_05991_/ZN                               10     11        (VIOLATED)
_06053_/ZN                               10     11        (VIOLATED)
_06085_/ZN                               10     11        (VIOLATED)
_06223_/Z                                10     11        (VIOLATED)
_06561_/ZN                               10     11        (VIOLATED)
_06937_/ZN                               10     11        (VIOLATED)
_07593_/ZN                               10     11        (VIOLATED)
_11339_/ZN                               10     11        (VIOLATED)
_11417_/ZN                               10     11        (VIOLATED)
_11423_/ZN                               10     11        (VIOLATED)
_11608_/Q                                10     11        (VIOLATED)
_11613_/Q                                10     11        (VIOLATED)
_11619_/Q                                10     11        (VIOLATED)
_11625_/Q                                10     11        (VIOLATED)
_11631_/Q                                10     11        (VIOLATED)
_11639_/Q                                10     11        (VIOLATED)
_11767_/Q                                10     11        (VIOLATED)
_11829_/Q                                10     11        (VIOLATED)
_11835_/Q                                10     11        (VIOLATED)
_11861_/Q                                10     11        (VIOLATED)
_11877_/Q                                10     11        (VIOLATED)
_11916_/Q                                10     11        (VIOLATED)
_11941_/Q                                10     11        (VIOLATED)
_11944_/Q                                10     11        (VIOLATED)
_11954_/Q                                10     11        (VIOLATED)
_11964_/Q                                10     11        (VIOLATED)
_11986_/Q                                10     11        (VIOLATED)
_11987_/Q                                10     11        (VIOLATED)
_11994_/Q                                10     11        (VIOLATED)
_12000_/Q                                10     11        (VIOLATED)

max capacitance

Pin                                        Limit         Cap       Slack
------------------------------------------------------------------------
rst_n                                   0.200000    3.960438   -3.760438 (VIOLATED)
_05868_/ZN                              0.200000    0.474548   -0.274548 (VIOLATED)
_12044_/Q                               0.200000    0.419662   -0.219662 (VIOLATED)
_06585_/ZN                              0.131800    0.182767   -0.050967 (VIOLATED)
_12033_/Q                               0.200000    0.234858   -0.034858 (VIOLATED)
_12031_/Q                               0.200000    0.232826   -0.032826 (VIOLATED)
_06575_/ZN                              0.099120    0.100002   -0.000882 (VIOLATED)



===========================================================================
report_parasitic_annotation -report_unannotated
============================================================================
Found 6329 unannotated drivers.
 analog_readout_input
 clk
 rst_n
 spi_cs_n
 spi_mosi
 spi_sclk
 _05774_/ZN
 _05775_/ZN
 _05776_/ZN
 _05777_/ZN
 _05778_/ZN
 _05779_/ZN
 _05780_/ZN
 _05781_/ZN
 _05782_/ZN
 _05783_/ZN
 _05784_/ZN
 _05785_/ZN
 _05786_/ZN
 _05787_/ZN
 _05788_/ZN
 _05789_/ZN
 _05790_/ZN
 _05791_/ZN
 _05792_/ZN
 _05793_/ZN
 _05794_/ZN
 _05795_/ZN
 _05796_/ZN
 _05797_/ZN
 _05798_/ZN
 _05799_/ZN
 _05800_/ZN
 _05801_/ZN
 _05802_/ZN
 _05803_/ZN
 _05804_/ZN
 _05805_/ZN
 _05806_/ZN
 _05807_/ZN
 _05808_/ZN
 _05809_/ZN
 _05810_/ZN
 _05811_/ZN
 _05812_/ZN
 _05813_/ZN
 _05814_/ZN
 _05815_/ZN
 _05816_/ZN
 _05817_/ZN
 _05818_/ZN
 _05819_/ZN
 _05820_/ZN
 _05821_/ZN
 _05822_/ZN
 _05823_/ZN
 _05824_/ZN
 _05825_/ZN
 _05826_/ZN
 _05827_/ZN
 _05828_/ZN
 _05829_/ZN
 _05830_/ZN
 _05831_/ZN
 _05832_/ZN
 _05833_/ZN
 _05834_/ZN
 _05835_/ZN
 _05836_/ZN
 _05837_/ZN
 _05838_/ZN
 _05839_/ZN
 _05840_/ZN
 _05841_/ZN
 _05842_/ZN
 _05843_/ZN
 _05844_/ZN
 _05845_/ZN
 _05846_/ZN
 _05847_/ZN
 _05848_/ZN
 _05849_/ZN
 _05850_/ZN
 _05851_/ZN
 _05852_/ZN
 _05853_/ZN
 _05854_/ZN
 _05855_/ZN
 _05856_/ZN
 _05857_/ZN
 _05858_/ZN
 _05859_/ZN
 _05860_/ZN
 _05861_/ZN
 _05862_/ZN
 _05863_/ZN
 _05864_/ZN
 _05865_/ZN
 _05866_/ZN
 _05867_/ZN
 _05868_/ZN
 _05869_/ZN
 _05870_/ZN
 _05871_/ZN
 _05872_/ZN
 _05873_/ZN
 _05874_/ZN
 _05875_/ZN
 _05876_/ZN
 _05877_/ZN
 _05878_/ZN
 _05879_/ZN
 _05880_/ZN
 _05881_/ZN
 _05882_/ZN
 _05883_/ZN
 _05884_/ZN
 _05885_/ZN
 _05886_/ZN
 _05887_/ZN
 _05888_/ZN
 _05889_/ZN
 _05890_/ZN
 _05891_/ZN
 _05892_/ZN
 _05893_/ZN
 _05894_/ZN
 _05895_/ZN
 _05896_/ZN
 _05897_/ZN
 _05898_/ZN
 _05899_/ZN
 _05900_/ZN
 _05901_/ZN
 _05902_/ZN
 _05903_/ZN
 _05904_/ZN
 _05905_/ZN
 _05906_/ZN
 _05907_/ZN
 _05908_/ZN
 _05909_/ZN
 _05910_/ZN
 _05911_/ZN
 _05912_/ZN
 _05913_/ZN
 _05914_/ZN
 _05915_/ZN
 _05916_/ZN
 _05917_/ZN
 _05918_/ZN
 _05919_/ZN
 _05920_/ZN
 _05921_/ZN
 _05922_/ZN
 _05923_/ZN
 _05924_/ZN
 _05925_/ZN
 _05926_/ZN
 _05927_/ZN
 _05928_/ZN
 _05929_/ZN
 _05930_/ZN
 _05931_/ZN
 _05932_/ZN
 _05933_/ZN
 _05934_/ZN
 _05935_/ZN
 _05936_/ZN
 _05937_/ZN
 _05938_/ZN
 _05939_/ZN
 _05940_/ZN
 _05941_/ZN
 _05942_/ZN
 _05943_/ZN
 _05944_/ZN
 _05945_/ZN
 _05946_/ZN
 _05947_/ZN
 _05948_/ZN
 _05949_/ZN
 _05950_/ZN
 _05951_/ZN
 _05952_/ZN
 _05953_/ZN
 _05954_/ZN
 _05955_/ZN
 _05956_/ZN
 _05957_/ZN
 _05958_/ZN
 _05959_/ZN
 _05960_/ZN
 _05961_/ZN
 _05962_/ZN
 _05963_/ZN
 _05964_/ZN
 _05965_/ZN
 _05966_/ZN
 _05967_/ZN
 _05968_/ZN
 _05969_/ZN
 _05970_/ZN
 _05971_/ZN
 _05972_/ZN
 _05973_/ZN
 _05974_/ZN
 _05975_/ZN
 _05976_/ZN
 _05977_/ZN
 _05978_/ZN
 _05979_/ZN
 _05980_/ZN
 _05981_/ZN
 _05982_/ZN
 _05983_/ZN
 _05984_/ZN
 _05985_/ZN
 _05986_/ZN
 _05987_/ZN
 _05988_/ZN
 _05989_/ZN
 _05990_/ZN
 _05991_/ZN
 _05992_/ZN
 _05993_/ZN
 _05994_/ZN
 _05995_/ZN
 _05996_/ZN
 _05997_/ZN
 _05998_/ZN
 _05999_/ZN
 _06000_/ZN
 _06001_/ZN
 _06002_/ZN
 _06003_/ZN
 _06004_/ZN
 _06005_/ZN
 _06006_/ZN
 _06007_/ZN
 _06008_/ZN
 _06009_/ZN
 _06010_/ZN
 _06011_/ZN
 _06012_/ZN
 _06013_/ZN
 _06014_/ZN
 _06015_/ZN
 _06016_/ZN
 _06017_/ZN
 _06018_/ZN
 _06019_/ZN
 _06020_/ZN
 _06021_/ZN
 _06022_/ZN
 _06023_/ZN
 _06024_/ZN
 _06025_/ZN
 _06026_/ZN
 _06027_/ZN
 _06028_/ZN
 _06029_/ZN
 _06030_/ZN
 _06031_/ZN
 _06032_/ZN
 _06033_/ZN
 _06034_/ZN
 _06035_/ZN
 _06036_/ZN
 _06037_/ZN
 _06038_/ZN
 _06039_/ZN
 _06040_/ZN
 _06041_/ZN
 _06042_/ZN
 _06043_/ZN
 _06044_/ZN
 _06045_/ZN
 _06046_/ZN
 _06047_/ZN
 _06048_/ZN
 _06049_/ZN
 _06050_/ZN
 _06051_/ZN
 _06052_/ZN
 _06053_/ZN
 _06054_/Z
 _06055_/ZN
 _06056_/ZN
 _06057_/Z
 _06058_/ZN
 _06059_/Z
 _06060_/ZN
 _06061_/Z
 _06062_/ZN
 _06063_/Z
 _06064_/ZN
 _06065_/Z
 _06066_/ZN
 _06067_/ZN
 _06068_/ZN
 _06069_/Z
 _06070_/ZN
 _06071_/ZN
 _06072_/ZN
 _06073_/ZN
 _06074_/ZN
 _06075_/ZN
 _06076_/ZN
 _06077_/Z
 _06078_/ZN
 _06079_/ZN
 _06080_/ZN
 _06081_/ZN
 _06082_/ZN
 _06083_/ZN
 _06084_/ZN
 _06085_/ZN
 _06086_/ZN
 _06087_/Z
 _06088_/ZN
 _06089_/ZN
 _06090_/ZN
 _06091_/ZN
 _06092_/ZN
 _06093_/ZN
 _06094_/ZN
 _06095_/ZN
 _06096_/ZN
 _06097_/ZN
 _06098_/ZN
 _06099_/ZN
 _06100_/ZN
 _06101_/ZN
 _06102_/ZN
 _06103_/ZN
 _06104_/ZN
 _06105_/ZN
 _06106_/ZN
 _06107_/ZN
 _06108_/ZN
 _06109_/ZN
 _06110_/ZN
 _06111_/ZN
 _06112_/ZN
 _06113_/ZN
 _06114_/Z
 _06115_/ZN
 _06116_/ZN
 _06117_/ZN
 _06118_/ZN
 _06119_/Z
 _06120_/ZN
 _06121_/ZN
 _06122_/ZN
 _06123_/ZN
 _06124_/ZN
 _06125_/ZN
 _06126_/ZN
 _06127_/ZN
 _06128_/ZN
 _06129_/Z
 _06130_/Z
 _06131_/ZN
 _06132_/ZN
 _06133_/ZN
 _06134_/Z
 _06135_/ZN
 _06136_/ZN
 _06137_/ZN
 _06138_/ZN
 _06139_/ZN
 _06140_/ZN
 _06141_/Z
 _06142_/ZN
 _06143_/ZN
 _06144_/ZN
 _06145_/ZN
 _06146_/ZN
 _06147_/ZN
 _06148_/ZN
 _06149_/ZN
 _06150_/ZN
 _06151_/ZN
 _06152_/ZN
 _06153_/ZN
 _06154_/ZN
 _06155_/ZN
 _06156_/ZN
 _06157_/Z
 _06158_/ZN
 _06159_/Z
 _06160_/ZN
 _06161_/ZN
 _06162_/Z
 _06163_/ZN
 _06164_/ZN
 _06165_/ZN
 _06166_/Z
 _06167_/ZN
 _06168_/ZN
 _06169_/ZN
 _06170_/Z
 _06171_/ZN
 _06172_/ZN
 _06173_/ZN
 _06174_/ZN
 _06175_/ZN
 _06176_/ZN
 _06177_/Z
 _06178_/ZN
 _06179_/ZN
 _06180_/ZN
 _06181_/ZN
 _06182_/Z
 _06183_/ZN
 _06184_/ZN
 _06185_/Z
 _06186_/ZN
 _06187_/ZN
 _06188_/ZN
 _06189_/ZN
 _06190_/Z
 _06191_/Z
 _06192_/ZN
 _06193_/ZN
 _06194_/ZN
 _06195_/ZN
 _06196_/ZN
 _06197_/ZN
 _06198_/Z
 _06199_/ZN
 _06200_/ZN
 _06201_/Z
 _06202_/ZN
 _06203_/ZN
 _06204_/ZN
 _06205_/Z
 _06206_/ZN
 _06207_/ZN
 _06208_/ZN
 _06209_/Z
 _06210_/ZN
 _06211_/ZN
 _06212_/ZN
 _06213_/ZN
 _06214_/Z
 _06215_/ZN
 _06216_/ZN
 _06217_/ZN
 _06218_/ZN
 _06219_/ZN
 _06220_/Z
 _06221_/ZN
 _06222_/Z
 _06223_/Z
 _06224_/ZN
 _06225_/ZN
 _06226_/ZN
 _06227_/ZN
 _06228_/Z
 _06229_/Z
 _06230_/Z
 _06231_/ZN
 _06232_/ZN
 _06233_/ZN
 _06234_/ZN
 _06235_/ZN
 _06236_/ZN
 _06237_/ZN
 _06238_/ZN
 _06239_/ZN
 _06240_/ZN
 _06241_/Z
 _06242_/ZN
 _06243_/ZN
 _06244_/ZN
 _06245_/ZN
 _06246_/Z
 _06247_/ZN
 _06248_/ZN
 _06249_/ZN
 _06250_/ZN
 _06251_/ZN
 _06252_/ZN
 _06253_/ZN
 _06254_/ZN
 _06255_/ZN
 _06256_/ZN
 _06257_/Z
 _06258_/Z
 _06259_/ZN
 _06260_/Z
 _06261_/Z
 _06262_/Z
 _06263_/Z
 _06264_/ZN
 _06265_/ZN
 _06266_/ZN
 _06267_/ZN
 _06268_/ZN
 _06269_/ZN
 _06270_/ZN
 _06271_/ZN
 _06272_/Z
 _06273_/ZN
 _06274_/Z
 _06275_/ZN
 _06276_/ZN
 _06277_/ZN
 _06278_/ZN
 _06279_/ZN
 _06280_/ZN
 _06281_/Z
 _06282_/ZN
 _06283_/ZN
 _06284_/ZN
 _06285_/ZN
 _06286_/ZN
 _06287_/ZN
 _06288_/ZN
 _06289_/ZN
 _06290_/ZN
 _06291_/ZN
 _06292_/ZN
 _06293_/ZN
 _06294_/Z
 _06295_/ZN
 _06296_/ZN
 _06297_/ZN
 _06298_/ZN
 _06299_/Z
 _06300_/ZN
 _06301_/ZN
 _06302_/ZN
 _06303_/ZN
 _06304_/ZN
 _06305_/Z
 _06306_/ZN
 _06307_/ZN
 _06308_/Z
 _06309_/ZN
 _06310_/ZN
 _06311_/ZN
 _06312_/ZN
 _06313_/ZN
 _06314_/ZN
 _06315_/ZN
 _06316_/Z
 _06317_/Z
 _06318_/ZN
 _06319_/Z
 _06320_/ZN
 _06321_/ZN
 _06322_/ZN
 _06323_/ZN
 _06324_/ZN
 _06325_/ZN
 _06326_/ZN
 _06327_/ZN
 _06328_/Z
 _06329_/Z
 _06330_/Z
 _06331_/Z
 _06332_/ZN
 _06333_/ZN
 _06334_/ZN
 _06335_/Z
 _06336_/Z
 _06337_/ZN
 _06338_/ZN
 _06339_/ZN
 _06340_/ZN
 _06341_/Z
 _06342_/ZN
 _06343_/ZN
 _06344_/ZN
 _06345_/ZN
 _06346_/Z
 _06347_/ZN
 _06348_/ZN
 _06349_/ZN
 _06350_/ZN
 _06351_/ZN
 _06352_/ZN
 _06353_/ZN
 _06354_/ZN
 _06355_/ZN
 _06356_/ZN
 _06357_/ZN
 _06358_/ZN
 _06359_/ZN
 _06360_/ZN
 _06361_/ZN
 _06362_/ZN
 _06363_/ZN
 _06364_/ZN
 _06365_/Z
 _06366_/ZN
 _06367_/ZN
 _06368_/ZN
 _06369_/ZN
 _06370_/ZN
 _06371_/ZN
 _06372_/ZN
 _06373_/ZN
 _06374_/ZN
 _06375_/ZN
 _06376_/ZN
 _06377_/ZN
 _06378_/ZN
 _06379_/ZN
 _06380_/ZN
 _06381_/Z
 _06382_/ZN
 _06383_/ZN
 _06384_/ZN
 _06385_/ZN
 _06386_/ZN
 _06387_/ZN
 _06388_/ZN
 _06389_/ZN
 _06390_/ZN
 _06391_/ZN
 _06392_/Z
 _06393_/ZN
 _06394_/ZN
 _06395_/Z
 _06396_/ZN
 _06397_/ZN
 _06398_/ZN
 _06399_/ZN
 _06400_/ZN
 _06401_/ZN
 _06402_/ZN
 _06403_/ZN
 _06404_/ZN
 _06405_/ZN
 _06406_/ZN
 _06407_/ZN
 _06408_/ZN
 _06409_/ZN
 _06410_/ZN
 _06411_/ZN
 _06412_/ZN
 _06413_/ZN
 _06414_/ZN
 _06415_/ZN
 _06416_/ZN
 _06417_/ZN
 _06418_/ZN
 _06419_/ZN
 _06420_/ZN
 _06421_/ZN
 _06422_/ZN
 _06423_/ZN
 _06424_/ZN
 _06425_/ZN
 _06426_/ZN
 _06427_/ZN
 _06428_/ZN
 _06429_/ZN
 _06430_/ZN
 _06431_/ZN
 _06432_/ZN
 _06433_/ZN
 _06434_/ZN
 _06435_/ZN
 _06436_/Z
 _06437_/Z
 _06438_/ZN
 _06439_/ZN
 _06440_/Z
 _06441_/ZN
 _06442_/ZN
 _06443_/ZN
 _06444_/ZN
 _06445_/Z
 _06446_/ZN
 _06447_/Z
 _06448_/ZN
 _06449_/Z
 _06450_/ZN
 _06451_/ZN
 _06452_/Z
 _06453_/Z
 _06454_/Z
 _06455_/ZN
 _06456_/Z
 _06457_/Z
 _06458_/Z
 _06459_/Z
 _06460_/Z
 _06461_/ZN
 _06462_/Z
 _06463_/ZN
 _06464_/ZN
 _06465_/ZN
 _06466_/Z
 _06467_/Z
 _06468_/ZN
 _06469_/ZN
 _06470_/ZN
 _06471_/ZN
 _06472_/ZN
 _06473_/ZN
 _06474_/Z
 _06475_/Z
 _06476_/ZN
 _06477_/Z
 _06478_/ZN
 _06479_/ZN
 _06480_/ZN
 _06481_/ZN
 _06482_/ZN
 _06483_/Z
 _06484_/ZN
 _06485_/ZN
 _06486_/Z
 _06487_/ZN
 _06488_/Z
 _06489_/ZN
 _06490_/ZN
 _06491_/ZN
 _06492_/Z
 _06493_/ZN
 _06494_/Z
 _06495_/ZN
 _06496_/ZN
 _06497_/ZN
 _06498_/Z
 _06499_/ZN
 _06500_/Z
 _06501_/ZN
 _06502_/ZN
 _06503_/ZN
 _06504_/Z
 _06505_/Z
 _06506_/ZN
 _06507_/ZN
 _06508_/Z
 _06509_/ZN
 _06510_/ZN
 _06511_/ZN
 _06512_/ZN
 _06513_/Z
 _06514_/ZN
 _06515_/ZN
 _06516_/ZN
 _06517_/ZN
 _06518_/ZN
 _06519_/ZN
 _06520_/ZN
 _06521_/ZN
 _06522_/ZN
 _06523_/ZN
 _06524_/ZN
 _06525_/ZN
 _06526_/Z
 _06527_/ZN
 _06528_/ZN
 _06529_/Z
 _06530_/ZN
 _06531_/ZN
 _06532_/ZN
 _06533_/ZN
 _06534_/Z
 _06535_/ZN
 _06536_/ZN
 _06537_/ZN
 _06538_/ZN
 _06539_/ZN
 _06540_/ZN
 _06541_/ZN
 _06542_/Z
 _06543_/ZN
 _06544_/ZN
 _06545_/ZN
 _06546_/Z
 _06547_/ZN
 _06548_/ZN
 _06549_/ZN
 _06550_/ZN
 _06551_/ZN
 _06552_/Z
 _06553_/ZN
 _06554_/ZN
 _06555_/ZN
 _06556_/ZN
 _06557_/Z
 _06558_/ZN
 _06559_/ZN
 _06560_/ZN
 _06561_/ZN
 _06562_/ZN
 _06563_/ZN
 _06564_/ZN
 _06565_/Z
 _06566_/Z
 _06567_/ZN
 _06568_/ZN
 _06569_/ZN
 _06570_/ZN
 _06571_/ZN
 _06572_/ZN
 _06573_/ZN
 _06574_/Z
 _06575_/ZN
 _06576_/ZN
 _06577_/ZN
 _06578_/Z
 _06579_/ZN
 _06580_/ZN
 _06581_/ZN
 _06582_/ZN
 _06583_/ZN
 _06584_/ZN
 _06585_/ZN
 _06586_/Z
 _06587_/Z
 _06588_/ZN
 _06589_/Z
 _06590_/ZN
 _06591_/ZN
 _06592_/Z
 _06593_/Z
 _06594_/Z
 _06595_/Z
 _06596_/ZN
 _06597_/Z
 _06598_/ZN
 _06599_/ZN
 _06600_/ZN
 _06601_/Z
 _06602_/ZN
 _06603_/Z
 _06604_/ZN
 _06605_/ZN
 _06606_/Z
 _06607_/ZN
 _06608_/Z
 _06609_/ZN
 _06610_/Z
 _06611_/ZN
 _06612_/ZN
 _06613_/Z
 _06614_/ZN
 _06615_/ZN
 _06616_/Z
 _06617_/Z
 _06618_/ZN
 _06619_/ZN
 _06620_/Z
 _06621_/ZN
 _06622_/Z
 _06623_/Z
 _06624_/ZN
 _06625_/ZN
 _06626_/Z
 _06627_/ZN
 _06628_/ZN
 _06629_/Z
 _06630_/ZN
 _06631_/ZN
 _06632_/ZN
 _06633_/ZN
 _06634_/ZN
 _06635_/ZN
 _06636_/ZN
 _06637_/ZN
 _06638_/ZN
 _06639_/Z
 _06640_/Z
 _06641_/ZN
 _06642_/ZN
 _06643_/ZN
 _06644_/ZN
 _06645_/ZN
 _06646_/ZN
 _06647_/ZN
 _06648_/ZN
 _06649_/ZN
 _06650_/Z
 _06651_/Z
 _06652_/ZN
 _06653_/ZN
 _06654_/ZN
 _06655_/ZN
 _06656_/ZN
 _06657_/Z
 _06658_/ZN
 _06659_/ZN
 _06660_/ZN
 _06661_/ZN
 _06662_/Z
 _06663_/ZN
 _06664_/ZN
 _06665_/Z
 _06666_/ZN
 _06667_/ZN
 _06668_/ZN
 _06669_/ZN
 _06670_/ZN
 _06671_/ZN
 _06672_/Z
 _06673_/ZN
 _06674_/Z
 _06675_/Z
 _06676_/Z
 _06677_/ZN
 _06678_/ZN
 _06679_/ZN
 _06680_/ZN
 _06681_/ZN
 _06682_/ZN
 _06683_/Z
 _06684_/Z
 _06685_/Z
 _06686_/ZN
 _06687_/ZN
 _06688_/ZN
 _06689_/ZN
 _06690_/ZN
 _06691_/ZN
 _06692_/Z
 _06693_/Z
 _06694_/ZN
 _06695_/ZN
 _06696_/ZN
 _06697_/Z
 _06698_/Z
 _06699_/Z
 _06700_/Z
 _06701_/ZN
 _06702_/ZN
 _06703_/ZN
 _06704_/ZN
 _06705_/ZN
 _06706_/ZN
 _06707_/ZN
 _06708_/ZN
 _06709_/ZN
 _06710_/ZN
 _06711_/Z
 _06712_/ZN
 _06713_/ZN
 _06714_/ZN
 _06715_/ZN
 _06716_/ZN
 _06717_/ZN
 _06718_/ZN
 _06719_/Z
 _06720_/Z
 _06721_/ZN
 _06722_/Z
 _06723_/Z
 _06724_/Z
 _06725_/ZN
 _06726_/Z
 _06727_/Z
 _06728_/Z
 _06729_/Z
 _06730_/Z
 _06731_/Z
 _06732_/Z
 _06733_/ZN
 _06734_/Z
 _06735_/Z
 _06736_/Z
 _06737_/ZN
 _06738_/Z
 _06739_/Z
 _06740_/Z
 _06741_/ZN
 _06742_/Z
 _06743_/Z
 _06744_/Z
 _06745_/Z
 _06746_/Z
 _06747_/Z
 _06748_/ZN
 _06749_/Z
 _06750_/ZN
 _06751_/Z
 _06752_/ZN
 _06753_/ZN
 _06754_/Z
 _06755_/Z
 _06756_/Z
 _06757_/Z
 _06758_/Z
 _06759_/Z
 _06760_/Z
 _06761_/Z
 _06762_/ZN
 _06763_/ZN
 _06764_/Z
 _06765_/Z
 _06766_/Z
 _06767_/Z
 _06768_/Z
 _06769_/Z
 _06770_/Z
 _06771_/Z
 _06772_/ZN
 _06773_/ZN
 _06774_/ZN
 _06775_/Z
 _06776_/Z
 _06777_/Z
 _06778_/Z
 _06779_/Z
 _06780_/Z
 _06781_/Z
 _06782_/Z
 _06783_/Z
 _06784_/Z
 _06785_/Z
 _06786_/Z
 _06787_/Z
 _06788_/Z
 _06789_/Z
 _06790_/ZN
 _06791_/Z
 _06792_/Z
 _06793_/Z
 _06794_/Z
 _06795_/Z
 _06796_/Z
 _06797_/Z
 _06798_/Z
 _06799_/Z
 _06800_/Z
 _06801_/Z
 _06802_/Z
 _06803_/Z
 _06804_/Z
 _06805_/Z
 _06806_/ZN
 _06807_/Z
 _06808_/Z
 _06809_/Z
 _06810_/Z
 _06811_/Z
 _06812_/Z
 _06813_/Z
 _06814_/Z
 _06815_/ZN
 _06816_/Z
 _06817_/Z
 _06818_/Z
 _06819_/Z
 _06820_/Z
 _06821_/Z
 _06822_/Z
 _06823_/Z
 _06824_/ZN
 _06825_/ZN
 _06826_/ZN
 _06827_/ZN
 _06828_/ZN
 _06829_/ZN
 _06830_/ZN
 _06831_/Z
 _06832_/Z
 _06833_/ZN
 _06834_/ZN
 _06835_/Z
 _06836_/Z
 _06837_/ZN
 _06838_/Z
 _06839_/ZN
 _06840_/ZN
 _06841_/Z
 _06842_/ZN
 _06843_/ZN
 _06844_/Z
 _06845_/ZN
 _06846_/ZN
 _06847_/Z
 _06848_/Z
 _06849_/ZN
 _06850_/Z
 _06851_/Z
 _06852_/Z
 _06853_/Z
 _06854_/Z
 _06855_/Z
 _06856_/Z
 _06857_/Z
 _06858_/Z
 _06859_/Z
 _06860_/Z
 _06861_/ZN
 _06862_/Z
 _06863_/Z
 _06864_/Z
 _06865_/Z
 _06866_/Z
 _06867_/Z
 _06868_/Z
 _06869_/Z
 _06870_/Z
 _06871_/Z
 _06872_/Z
 _06873_/Z
 _06874_/Z
 _06875_/Z
 _06876_/Z
 _06877_/Z
 _06878_/Z
 _06879_/ZN
 _06880_/ZN
 _06881_/Z
 _06882_/Z
 _06883_/Z
 _06884_/Z
 _06885_/Z
 _06886_/ZN
 _06887_/Z
 _06888_/Z
 _06889_/Z
 _06890_/Z
 _06891_/Z
 _06892_/Z
 _06893_/Z
 _06894_/Z
 _06895_/ZN
 _06896_/Z
 _06897_/Z
 _06898_/Z
 _06899_/Z
 _06900_/Z
 _06901_/Z
 _06902_/Z
 _06903_/Z
 _06904_/Z
 _06905_/ZN
 _06906_/ZN
 _06907_/ZN
 _06908_/ZN
 _06909_/ZN
 _06910_/ZN
 _06911_/ZN
 _06912_/ZN
 _06913_/Z
 _06914_/Z
 _06915_/Z
 _06916_/Z
 _06917_/Z
 _06918_/Z
 _06919_/Z
 _06920_/Z
 _06921_/Z
 _06922_/Z
 _06923_/Z
 _06924_/ZN
 _06925_/Z
 _06926_/ZN
 _06927_/Z
 _06928_/Z
 _06929_/Z
 _06930_/Z
 _06931_/Z
 _06932_/Z
 _06933_/Z
 _06934_/ZN
 _06935_/ZN
 _06936_/ZN
 _06937_/ZN
 _06938_/ZN
 _06939_/ZN
 _06940_/ZN
 _06941_/ZN
 _06942_/ZN
 _06943_/ZN
 _06944_/ZN
 _06945_/ZN
 _06946_/ZN
 _06947_/ZN
 _06948_/ZN
 _06949_/ZN
 _06950_/ZN
 _06951_/ZN
 _06952_/ZN
 _06953_/ZN
 _06954_/ZN
 _06955_/ZN
 _06956_/ZN
 _06957_/ZN
 _06958_/ZN
 _06959_/Z
 _06960_/ZN
 _06961_/ZN
 _06962_/ZN
 _06963_/ZN
 _06964_/ZN
 _06965_/ZN
 _06966_/ZN
 _06967_/ZN
 _06968_/ZN
 _06969_/Z
 _06970_/ZN
 _06971_/ZN
 _06972_/ZN
 _06973_/ZN
 _06974_/ZN
 _06975_/ZN
 _06976_/ZN
 _06977_/ZN
 _06978_/Z
 _06979_/ZN
 _06980_/Z
 _06981_/ZN
 _06982_/ZN
 _06983_/ZN
 _06984_/ZN
 _06985_/ZN
 _06986_/ZN
 _06987_/Z
 _06988_/ZN
 _06989_/ZN
 _06990_/ZN
 _06991_/ZN
 _06992_/ZN
 _06993_/ZN
 _06994_/ZN
 _06995_/ZN
 _06996_/ZN
 _06997_/ZN
 _06998_/ZN
 _06999_/ZN
 _07000_/ZN
 _07001_/ZN
 _07002_/ZN
 _07003_/ZN
 _07004_/ZN
 _07005_/ZN
 _07006_/ZN
 _07007_/ZN
 _07008_/ZN
 _07009_/ZN
 _07010_/ZN
 _07011_/ZN
 _07012_/ZN
 _07013_/ZN
 _07014_/ZN
 _07015_/ZN
 _07016_/ZN
 _07017_/ZN
 _07018_/ZN
 _07019_/ZN
 _07020_/ZN
 _07021_/ZN
 _07022_/ZN
 _07023_/ZN
 _07024_/ZN
 _07025_/ZN
 _07026_/ZN
 _07027_/ZN
 _07028_/ZN
 _07029_/ZN
 _07030_/ZN
 _07031_/ZN
 _07032_/ZN
 _07033_/ZN
 _07034_/ZN
 _07035_/ZN
 _07036_/ZN
 _07037_/Z
 _07038_/Z
 _07039_/Z
 _07040_/Z
 _07041_/ZN
 _07042_/Z
 _07043_/ZN
 _07044_/ZN
 _07045_/ZN
 _07046_/ZN
 _07047_/ZN
 _07048_/ZN
 _07049_/Z
 _07050_/ZN
 _07051_/ZN
 _07052_/ZN
 _07053_/Z
 _07054_/ZN
 _07055_/ZN
 _07056_/ZN
 _07057_/ZN
 _07058_/Z
 _07059_/ZN
 _07060_/ZN
 _07061_/ZN
 _07062_/ZN
 _07063_/ZN
 _07064_/Z
 _07065_/ZN
 _07066_/ZN
 _07067_/ZN
 _07068_/ZN
 _07069_/ZN
 _07070_/ZN
 _07071_/ZN
 _07072_/ZN
 _07073_/ZN
 _07074_/ZN
 _07075_/ZN
 _07076_/ZN
 _07077_/Z
 _07078_/ZN
 _07079_/ZN
 _07080_/ZN
 _07081_/Z
 _07082_/ZN
 _07083_/ZN
 _07084_/ZN
 _07085_/ZN
 _07086_/ZN
 _07087_/Z
 _07088_/Z
 _07089_/ZN
 _07090_/ZN
 _07091_/ZN
 _07092_/ZN
 _07093_/ZN
 _07094_/ZN
 _07095_/ZN
 _07096_/ZN
 _07097_/ZN
 _07098_/ZN
 _07099_/ZN
 _07100_/ZN
 _07101_/ZN
 _07102_/ZN
 _07103_/Z
 _07104_/ZN
 _07105_/ZN
 _07106_/ZN
 _07107_/ZN
 _07108_/ZN
 _07109_/ZN
 _07110_/ZN
 _07111_/ZN
 _07112_/ZN
 _07113_/ZN
 _07114_/ZN
 _07115_/ZN
 _07116_/ZN
 _07117_/ZN
 _07118_/ZN
 _07119_/ZN
 _07120_/ZN
 _07121_/ZN
 _07122_/ZN
 _07123_/ZN
 _07124_/ZN
 _07125_/ZN
 _07126_/ZN
 _07127_/ZN
 _07128_/ZN
 _07129_/ZN
 _07130_/Z
 _07131_/Z
 _07132_/ZN
 _07133_/ZN
 _07134_/ZN
 _07135_/ZN
 _07136_/ZN
 _07137_/ZN
 _07138_/ZN
 _07139_/Z
 _07140_/ZN
 _07141_/ZN
 _07142_/ZN
 _07143_/ZN
 _07144_/ZN
 _07145_/Z
 _07146_/ZN
 _07147_/ZN
 _07148_/ZN
 _07149_/ZN
 _07150_/ZN
 _07151_/Z
 _07152_/ZN
 _07153_/ZN
 _07154_/ZN
 _07155_/ZN
 _07156_/Z
 _07157_/ZN
 _07158_/ZN
 _07159_/ZN
 _07160_/ZN
 _07161_/ZN
 _07162_/Z
 _07163_/Z
 _07164_/Z
 _07165_/ZN
 _07166_/ZN
 _07167_/ZN
 _07168_/ZN
 _07169_/ZN
 _07170_/ZN
 _07171_/ZN
 _07172_/ZN
 _07173_/ZN
 _07174_/Z
 _07175_/ZN
 _07176_/ZN
 _07177_/ZN
 _07178_/ZN
 _07179_/ZN
 _07180_/ZN
 _07181_/ZN
 _07182_/ZN
 _07183_/ZN
 _07184_/ZN
 _07185_/ZN
 _07186_/ZN
 _07187_/ZN
 _07188_/ZN
 _07189_/ZN
 _07190_/ZN
 _07191_/ZN
 _07192_/ZN
 _07193_/ZN
 _07194_/ZN
 _07195_/Z
 _07196_/ZN
 _07197_/ZN
 _07198_/ZN
 _07199_/ZN
 _07200_/Z
 _07201_/ZN
 _07202_/ZN
 _07203_/ZN
 _07204_/ZN
 _07205_/ZN
 _07206_/ZN
 _07207_/ZN
 _07208_/ZN
 _07209_/ZN
 _07210_/ZN
 _07211_/ZN
 _07212_/ZN
 _07213_/ZN
 _07214_/ZN
 _07215_/ZN
 _07216_/Z
 _07217_/ZN
 _07218_/ZN
 _07219_/ZN
 _07220_/ZN
 _07221_/ZN
 _07222_/ZN
 _07223_/Z
 _07224_/Z
 _07225_/ZN
 _07226_/ZN
 _07227_/ZN
 _07228_/ZN
 _07229_/ZN
 _07230_/ZN
 _07231_/ZN
 _07232_/ZN
 _07233_/Z
 _07234_/ZN
 _07235_/ZN
 _07236_/ZN
 _07237_/ZN
 _07238_/ZN
 _07239_/ZN
 _07240_/ZN
 _07241_/ZN
 _07242_/Z
 _07243_/ZN
 _07244_/Z
 _07245_/ZN
 _07246_/ZN
 _07247_/ZN
 _07248_/ZN
 _07249_/ZN
 _07250_/ZN
 _07251_/ZN
 _07252_/ZN
 _07253_/Z
 _07254_/ZN
 _07255_/ZN
 _07256_/ZN
 _07257_/ZN
 _07258_/ZN
 _07259_/ZN
 _07260_/ZN
 _07261_/Z
 _07262_/ZN
 _07263_/Z
 _07264_/ZN
 _07265_/ZN
 _07266_/ZN
 _07267_/ZN
 _07268_/ZN
 _07269_/Z
 _07270_/ZN
 _07271_/ZN
 _07272_/Z
 _07273_/ZN
 _07274_/ZN
 _07275_/ZN
 _07276_/ZN
 _07277_/ZN
 _07278_/ZN
 _07279_/ZN
 _07280_/Z
 _07281_/ZN
 _07282_/Z
 _07283_/ZN
 _07284_/ZN
 _07285_/ZN
 _07286_/ZN
 _07287_/ZN
 _07288_/Z
 _07289_/Z
 _07290_/ZN
 _07291_/ZN
 _07292_/ZN
 _07293_/ZN
 _07294_/ZN
 _07295_/Z
 _07296_/ZN
 _07297_/ZN
 _07298_/ZN
 _07299_/ZN
 _07300_/ZN
 _07301_/ZN
 _07302_/ZN
 _07303_/Z
 _07304_/ZN
 _07305_/ZN
 _07306_/Z
 _07307_/ZN
 _07308_/ZN
 _07309_/ZN
 _07310_/ZN
 _07311_/ZN
 _07312_/ZN
 _07313_/ZN
 _07314_/ZN
 _07315_/ZN
 _07316_/ZN
 _07317_/Z
 _07318_/ZN
 _07319_/ZN
 _07320_/ZN
 _07321_/ZN
 _07322_/ZN
 _07323_/ZN
 _07324_/ZN
 _07325_/ZN
 _07326_/ZN
 _07327_/ZN
 _07328_/ZN
 _07329_/ZN
 _07330_/ZN
 _07331_/ZN
 _07332_/Z
 _07333_/Z
 _07334_/ZN
 _07335_/ZN
 _07336_/ZN
 _07337_/Z
 _07338_/ZN
 _07339_/ZN
 _07340_/ZN
 _07341_/ZN
 _07342_/ZN
 _07343_/ZN
 _07344_/ZN
 _07345_/ZN
 _07346_/ZN
 _07347_/ZN
 _07348_/ZN
 _07349_/ZN
 _07350_/ZN
 _07351_/ZN
 _07352_/ZN
 _07353_/ZN
 _07354_/ZN
 _07355_/ZN
 _07356_/ZN
 _07357_/Z
 _07358_/ZN
 _07359_/ZN
 _07360_/ZN
 _07361_/ZN
 _07362_/ZN
 _07363_/ZN
 _07364_/ZN
 _07365_/ZN
 _07366_/ZN
 _07367_/Z
 _07368_/ZN
 _07369_/ZN
 _07370_/ZN
 _07371_/ZN
 _07372_/ZN
 _07373_/ZN
 _07374_/ZN
 _07375_/Z
 _07376_/ZN
 _07377_/ZN
 _07378_/ZN
 _07379_/ZN
 _07380_/ZN
 _07381_/ZN
 _07382_/ZN
 _07383_/ZN
 _07384_/Z
 _07385_/ZN
 _07386_/Z
 _07387_/ZN
 _07388_/ZN
 _07389_/ZN
 _07390_/ZN
 _07391_/ZN
 _07392_/ZN
 _07393_/ZN
 _07394_/ZN
 _07395_/ZN
 _07396_/ZN
 _07397_/ZN
 _07398_/ZN
 _07399_/ZN
 _07400_/ZN
 _07401_/ZN
 _07402_/ZN
 _07403_/ZN
 _07404_/ZN
 _07405_/ZN
 _07406_/ZN
 _07407_/Z
 _07408_/ZN
 _07409_/ZN
 _07410_/ZN
 _07411_/ZN
 _07412_/ZN
 _07413_/ZN
 _07414_/ZN
 _07415_/ZN
 _07416_/ZN
 _07417_/Z
 _07418_/ZN
 _07419_/Z
 _07420_/ZN
 _07421_/ZN
 _07422_/ZN
 _07423_/ZN
 _07424_/ZN
 _07425_/ZN
 _07426_/ZN
 _07427_/ZN
 _07428_/ZN
 _07429_/ZN
 _07430_/ZN
 _07431_/ZN
 _07432_/ZN
 _07433_/ZN
 _07434_/ZN
 _07435_/Z
 _07436_/ZN
 _07437_/ZN
 _07438_/Z
 _07439_/Z
 _07440_/ZN
 _07441_/ZN
 _07442_/ZN
 _07443_/Z
 _07444_/Z
 _07445_/ZN
 _07446_/ZN
 _07447_/ZN
 _07448_/ZN
 _07449_/ZN
 _07450_/ZN
 _07451_/ZN
 _07452_/ZN
 _07453_/ZN
 _07454_/ZN
 _07455_/ZN
 _07456_/ZN
 _07457_/ZN
 _07458_/ZN
 _07459_/Z
 _07460_/ZN
 _07461_/ZN
 _07462_/ZN
 _07463_/Z
 _07464_/ZN
 _07465_/ZN
 _07466_/Z
 _07467_/Z
 _07468_/ZN
 _07469_/ZN
 _07470_/ZN
 _07471_/Z
 _07472_/ZN
 _07473_/ZN
 _07474_/Z
 _07475_/ZN
 _07476_/ZN
 _07477_/ZN
 _07478_/ZN
 _07479_/ZN
 _07480_/ZN
 _07481_/ZN
 _07482_/ZN
 _07483_/ZN
 _07484_/ZN
 _07485_/ZN
 _07486_/ZN
 _07487_/ZN
 _07488_/ZN
 _07489_/ZN
 _07490_/ZN
 _07491_/ZN
 _07492_/ZN
 _07493_/ZN
 _07494_/ZN
 _07495_/ZN
 _07496_/ZN
 _07497_/ZN
 _07498_/ZN
 _07499_/ZN
 _07500_/ZN
 _07501_/ZN
 _07502_/ZN
 _07503_/ZN
 _07504_/ZN
 _07505_/ZN
 _07506_/ZN
 _07507_/ZN
 _07508_/ZN
 _07509_/ZN
 _07510_/ZN
 _07511_/ZN
 _07512_/ZN
 _07513_/ZN
 _07514_/ZN
 _07515_/ZN
 _07516_/ZN
 _07517_/ZN
 _07518_/ZN
 _07519_/ZN
 _07520_/Z
 _07521_/ZN
 _07522_/ZN
 _07523_/ZN
 _07524_/ZN
 _07525_/Z
 _07526_/ZN
 _07527_/ZN
 _07528_/ZN
 _07529_/ZN
 _07530_/ZN
 _07531_/ZN
 _07532_/ZN
 _07533_/ZN
 _07534_/ZN
 _07535_/ZN
 _07536_/ZN
 _07537_/ZN
 _07538_/ZN
 _07539_/ZN
 _07540_/ZN
 _07541_/ZN
 _07542_/ZN
 _07543_/ZN
 _07544_/ZN
 _07545_/ZN
 _07546_/Z
 _07547_/ZN
 _07548_/ZN
 _07549_/ZN
 _07550_/ZN
 _07551_/ZN
 _07552_/ZN
 _07553_/ZN
 _07554_/ZN
 _07555_/ZN
 _07556_/ZN
 _07557_/ZN
 _07558_/ZN
 _07559_/ZN
 _07560_/ZN
 _07561_/ZN
 _07562_/ZN
 _07563_/ZN
 _07564_/ZN
 _07565_/Z
 _07566_/ZN
 _07567_/ZN
 _07568_/ZN
 _07569_/Z
 _07570_/ZN
 _07571_/ZN
 _07572_/ZN
 _07573_/ZN
 _07574_/ZN
 _07575_/ZN
 _07576_/ZN
 _07577_/ZN
 _07578_/ZN
 _07579_/ZN
 _07580_/ZN
 _07581_/ZN
 _07582_/Z
 _07583_/ZN
 _07584_/ZN
 _07585_/ZN
 _07586_/ZN
 _07587_/ZN
 _07588_/ZN
 _07589_/ZN
 _07590_/Z
 _07591_/ZN
 _07592_/ZN
 _07593_/ZN
 _07594_/ZN
 _07595_/ZN
 _07596_/ZN
 _07597_/ZN
 _07598_/ZN
 _07599_/ZN
 _07600_/ZN
 _07601_/ZN
 _07602_/ZN
 _07603_/Z
 _07604_/ZN
 _07605_/Z
 _07606_/Z
 _07607_/ZN
 _07608_/ZN
 _07609_/ZN
 _07610_/ZN
 _07611_/ZN
 _07612_/Z
 _07613_/ZN
 _07614_/ZN
 _07615_/ZN
 _07616_/ZN
 _07617_/ZN
 _07618_/ZN
 _07619_/ZN
 _07620_/ZN
 _07621_/ZN
 _07622_/ZN
 _07623_/ZN
 _07624_/ZN
 _07625_/ZN
 _07626_/ZN
 _07627_/ZN
 _07628_/ZN
 _07629_/ZN
 _07630_/ZN
 _07631_/ZN
 _07632_/ZN
 _07633_/ZN
 _07634_/ZN
 _07635_/ZN
 _07636_/ZN
 _07637_/ZN
 _07638_/ZN
 _07639_/ZN
 _07640_/ZN
 _07641_/ZN
 _07642_/ZN
 _07643_/ZN
 _07644_/ZN
 _07645_/ZN
 _07646_/ZN
 _07647_/ZN
 _07648_/ZN
 _07649_/ZN
 _07650_/Z
 _07651_/ZN
 _07652_/ZN
 _07653_/ZN
 _07654_/ZN
 _07655_/ZN
 _07656_/ZN
 _07657_/Z
 _07658_/ZN
 _07659_/Z
 _07660_/ZN
 _07661_/ZN
 _07662_/ZN
 _07663_/ZN
 _07664_/ZN
 _07665_/ZN
 _07666_/ZN
 _07667_/ZN
 _07668_/ZN
 _07669_/ZN
 _07670_/ZN
 _07671_/ZN
 _07672_/ZN
 _07673_/ZN
 _07674_/Z
 _07675_/ZN
 _07676_/ZN
 _07677_/ZN
 _07678_/ZN
 _07679_/ZN
 _07680_/ZN
 _07681_/Z
 _07682_/ZN
 _07683_/ZN
 _07684_/ZN
 _07685_/ZN
 _07686_/ZN
 _07687_/ZN
 _07688_/Z
 _07689_/ZN
 _07690_/ZN
 _07691_/ZN
 _07692_/ZN
 _07693_/ZN
 _07694_/ZN
 _07695_/ZN
 _07696_/ZN
 _07697_/ZN
 _07698_/ZN
 _07699_/ZN
 _07700_/ZN
 _07701_/ZN
 _07702_/ZN
 _07703_/ZN
 _07704_/ZN
 _07705_/ZN
 _07706_/ZN
 _07707_/ZN
 _07708_/ZN
 _07709_/ZN
 _07710_/ZN
 _07711_/ZN
 _07712_/ZN
 _07713_/ZN
 _07714_/ZN
 _07715_/ZN
 _07716_/ZN
 _07717_/ZN
 _07718_/ZN
 _07719_/ZN
 _07720_/ZN
 _07721_/ZN
 _07722_/ZN
 _07723_/ZN
 _07724_/ZN
 _07725_/ZN
 _07726_/ZN
 _07727_/ZN
 _07728_/Z
 _07729_/ZN
 _07730_/ZN
 _07731_/ZN
 _07732_/ZN
 _07733_/ZN
 _07734_/ZN
 _07735_/ZN
 _07736_/ZN
 _07737_/ZN
 _07738_/ZN
 _07739_/ZN
 _07740_/ZN
 _07741_/ZN
 _07742_/ZN
 _07743_/Z
 _07744_/ZN
 _07745_/ZN
 _07746_/ZN
 _07747_/ZN
 _07748_/ZN
 _07749_/ZN
 _07750_/ZN
 _07751_/ZN
 _07752_/ZN
 _07753_/ZN
 _07754_/Z
 _07755_/ZN
 _07756_/ZN
 _07757_/Z
 _07758_/ZN
 _07759_/ZN
 _07760_/ZN
 _07761_/ZN
 _07762_/ZN
 _07763_/ZN
 _07764_/ZN
 _07765_/ZN
 _07766_/ZN
 _07767_/ZN
 _07768_/ZN
 _07769_/ZN
 _07770_/ZN
 _07771_/ZN
 _07772_/ZN
 _07773_/ZN
 _07774_/ZN
 _07775_/ZN
 _07776_/ZN
 _07777_/ZN
 _07778_/ZN
 _07779_/ZN
 _07780_/ZN
 _07781_/ZN
 _07782_/ZN
 _07783_/ZN
 _07784_/ZN
 _07785_/ZN
 _07786_/ZN
 _07787_/ZN
 _07788_/ZN
 _07789_/ZN
 _07790_/ZN
 _07791_/ZN
 _07792_/ZN
 _07793_/ZN
 _07794_/ZN
 _07795_/ZN
 _07796_/Z
 _07797_/Z
 _07798_/ZN
 _07799_/ZN
 _07800_/ZN
 _07801_/ZN
 _07802_/ZN
 _07803_/ZN
 _07804_/ZN
 _07805_/ZN
 _07806_/ZN
 _07807_/ZN
 _07808_/ZN
 _07809_/ZN
 _07810_/ZN
 _07811_/ZN
 _07812_/ZN
 _07813_/ZN
 _07814_/Z
 _07815_/ZN
 _07816_/ZN
 _07817_/ZN
 _07818_/ZN
 _07819_/ZN
 _07820_/ZN
 _07821_/ZN
 _07822_/ZN
 _07823_/ZN
 _07824_/ZN
 _07825_/Z
 _07826_/ZN
 _07827_/ZN
 _07828_/ZN
 _07829_/ZN
 _07830_/ZN
 _07831_/ZN
 _07832_/ZN
 _07833_/ZN
 _07834_/ZN
 _07835_/ZN
 _07836_/ZN
 _07837_/ZN
 _07838_/Z
 _07839_/ZN
 _07840_/Z
 _07841_/ZN
 _07842_/ZN
 _07843_/ZN
 _07844_/ZN
 _07845_/ZN
 _07846_/ZN
 _07847_/ZN
 _07848_/ZN
 _07849_/ZN
 _07850_/ZN
 _07851_/ZN
 _07852_/ZN
 _07853_/ZN
 _07854_/Z
 _07855_/ZN
 _07856_/ZN
 _07857_/ZN
 _07858_/ZN
 _07859_/ZN
 _07860_/ZN
 _07861_/Z
 _07862_/ZN
 _07863_/ZN
 _07864_/ZN
 _07865_/ZN
 _07866_/ZN
 _07867_/ZN
 _07868_/ZN
 _07869_/ZN
 _07870_/ZN
 _07871_/ZN
 _07872_/Z
 _07873_/ZN
 _07874_/ZN
 _07875_/ZN
 _07876_/ZN
 _07877_/ZN
 _07878_/ZN
 _07879_/ZN
 _07880_/ZN
 _07881_/ZN
 _07882_/Z
 _07883_/ZN
 _07884_/ZN
 _07885_/ZN
 _07886_/ZN
 _07887_/ZN
 _07888_/ZN
 _07889_/ZN
 _07890_/ZN
 _07891_/ZN
 _07892_/Z
 _07893_/ZN
 _07894_/ZN
 _07895_/ZN
 _07896_/ZN
 _07897_/Z
 _07898_/ZN
 _07899_/ZN
 _07900_/ZN
 _07901_/ZN
 _07902_/ZN
 _07903_/ZN
 _07904_/ZN
 _07905_/Z
 _07906_/Z
 _07907_/ZN
 _07908_/ZN
 _07909_/ZN
 _07910_/ZN
 _07911_/ZN
 _07912_/ZN
 _07913_/ZN
 _07914_/ZN
 _07915_/ZN
 _07916_/ZN
 _07917_/ZN
 _07918_/ZN
 _07919_/ZN
 _07920_/ZN
 _07921_/ZN
 _07922_/ZN
 _07923_/Z
 _07924_/ZN
 _07925_/ZN
 _07926_/ZN
 _07927_/ZN
 _07928_/ZN
 _07929_/ZN
 _07930_/ZN
 _07931_/ZN
 _07932_/ZN
 _07933_/ZN
 _07934_/ZN
 _07935_/ZN
 _07936_/ZN
 _07937_/ZN
 _07938_/ZN
 _07939_/ZN
 _07940_/ZN
 _07941_/ZN
 _07942_/ZN
 _07943_/ZN
 _07944_/ZN
 _07945_/ZN
 _07946_/Z
 _07947_/ZN
 _07948_/ZN
 _07949_/ZN
 _07950_/ZN
 _07951_/ZN
 _07952_/ZN
 _07953_/ZN
 _07954_/ZN
 _07955_/Z
 _07956_/ZN
 _07957_/ZN
 _07958_/ZN
 _07959_/ZN
 _07960_/ZN
 _07961_/Z
 _07962_/ZN
 _07963_/ZN
 _07964_/ZN
 _07965_/Z
 _07966_/ZN
 _07967_/Z
 _07968_/ZN
 _07969_/ZN
 _07970_/ZN
 _07971_/ZN
 _07972_/ZN
 _07973_/ZN
 _07974_/ZN
 _07975_/ZN
 _07976_/ZN
 _07977_/ZN
 _07978_/ZN
 _07979_/ZN
 _07980_/ZN
 _07981_/ZN
 _07982_/ZN
 _07983_/ZN
 _07984_/Z
 _07985_/ZN
 _07986_/ZN
 _07987_/ZN
 _07988_/ZN
 _07989_/ZN
 _07990_/ZN
 _07991_/ZN
 _07992_/ZN
 _07993_/ZN
 _07994_/ZN
 _07995_/ZN
 _07996_/ZN
 _07997_/ZN
 _07998_/ZN
 _07999_/ZN
 _08000_/ZN
 _08001_/ZN
 _08002_/ZN
 _08003_/ZN
 _08004_/ZN
 _08005_/ZN
 _08006_/ZN
 _08007_/Z
 _08008_/Z
 _08009_/ZN
 _08010_/ZN
 _08011_/ZN
 _08012_/ZN
 _08013_/Z
 _08014_/ZN
 _08015_/Z
 _08016_/ZN
 _08017_/ZN
 _08018_/ZN
 _08019_/ZN
 _08020_/ZN
 _08021_/ZN
 _08022_/ZN
 _08023_/ZN
 _08024_/ZN
 _08025_/ZN
 _08026_/ZN
 _08027_/ZN
 _08028_/ZN
 _08029_/ZN
 _08030_/ZN
 _08031_/ZN
 _08032_/ZN
 _08033_/ZN
 _08034_/ZN
 _08035_/ZN
 _08036_/ZN
 _08037_/ZN
 _08038_/ZN
 _08039_/ZN
 _08040_/ZN
 _08041_/ZN
 _08042_/ZN
 _08043_/ZN
 _08044_/ZN
 _08045_/ZN
 _08046_/Z
 _08047_/ZN
 _08048_/ZN
 _08049_/ZN
 _08050_/ZN
 _08051_/ZN
 _08052_/ZN
 _08053_/Z
 _08054_/ZN
 _08055_/ZN
 _08056_/ZN
 _08057_/ZN
 _08058_/ZN
 _08059_/Z
 _08060_/ZN
 _08061_/ZN
 _08062_/ZN
 _08063_/ZN
 _08064_/ZN
 _08065_/ZN
 _08066_/Z
 _08067_/ZN
 _08068_/ZN
 _08069_/ZN
 _08070_/ZN
 _08071_/ZN
 _08072_/ZN
 _08073_/ZN
 _08074_/ZN
 _08075_/ZN
 _08076_/ZN
 _08077_/ZN
 _08078_/ZN
 _08079_/ZN
 _08080_/ZN
 _08081_/ZN
 _08082_/ZN
 _08083_/Z
 _08084_/ZN
 _08085_/ZN
 _08086_/ZN
 _08087_/ZN
 _08088_/ZN
 _08089_/ZN
 _08090_/Z
 _08091_/ZN
 _08092_/ZN
 _08093_/Z
 _08094_/Z
 _08095_/ZN
 _08096_/Z
 _08097_/ZN
 _08098_/ZN
 _08099_/ZN
 _08100_/Z
 _08101_/ZN
 _08102_/ZN
 _08103_/ZN
 _08104_/ZN
 _08105_/ZN
 _08106_/Z
 _08107_/ZN
 _08108_/ZN
 _08109_/ZN
 _08110_/ZN
 _08111_/ZN
 _08112_/ZN
 _08113_/ZN
 _08114_/Z
 _08115_/ZN
 _08116_/ZN
 _08117_/ZN
 _08118_/ZN
 _08119_/ZN
 _08120_/ZN
 _08121_/ZN
 _08122_/ZN
 _08123_/ZN
 _08124_/ZN
 _08125_/ZN
 _08126_/ZN
 _08127_/Z
 _08128_/ZN
 _08129_/ZN
 _08130_/ZN
 _08131_/Z
 _08132_/ZN
 _08133_/ZN
 _08134_/ZN
 _08135_/ZN
 _08136_/ZN
 _08137_/ZN
 _08138_/ZN
 _08139_/ZN
 _08140_/ZN
 _08141_/Z
 _08142_/ZN
 _08143_/Z
 _08144_/ZN
 _08145_/ZN
 _08146_/ZN
 _08147_/ZN
 _08148_/ZN
 _08149_/ZN
 _08150_/ZN
 _08151_/ZN
 _08152_/Z
 _08153_/ZN
 _08154_/ZN
 _08155_/ZN
 _08156_/ZN
 _08157_/ZN
 _08158_/Z
 _08159_/ZN
 _08160_/ZN
 _08161_/ZN
 _08162_/ZN
 _08163_/ZN
 _08164_/ZN
 _08165_/ZN
 _08166_/ZN
 _08167_/ZN
 _08168_/ZN
 _08169_/ZN
 _08170_/ZN
 _08171_/ZN
 _08172_/ZN
 _08173_/ZN
 _08174_/ZN
 _08175_/ZN
 _08176_/ZN
 _08177_/ZN
 _08178_/ZN
 _08179_/ZN
 _08180_/ZN
 _08181_/ZN
 _08182_/ZN
 _08183_/ZN
 _08184_/ZN
 _08185_/ZN
 _08186_/ZN
 _08187_/ZN
 _08188_/Z
 _08189_/ZN
 _08190_/ZN
 _08191_/ZN
 _08192_/ZN
 _08193_/ZN
 _08194_/ZN
 _08195_/ZN
 _08196_/ZN
 _08197_/ZN
 _08198_/ZN
 _08199_/ZN
 _08200_/ZN
 _08201_/ZN
 _08202_/ZN
 _08203_/ZN
 _08204_/ZN
 _08205_/ZN
 _08206_/Z
 _08207_/ZN
 _08208_/ZN
 _08209_/ZN
 _08210_/ZN
 _08211_/ZN
 _08212_/ZN
 _08213_/ZN
 _08214_/ZN
 _08215_/ZN
 _08216_/ZN
 _08217_/ZN
 _08218_/ZN
 _08219_/ZN
 _08220_/Z
 _08221_/ZN
 _08222_/ZN
 _08223_/ZN
 _08224_/ZN
 _08225_/ZN
 _08226_/ZN
 _08227_/ZN
 _08228_/ZN
 _08229_/Z
 _08230_/ZN
 _08231_/ZN
 _08232_/ZN
 _08233_/Z
 _08234_/ZN
 _08235_/ZN
 _08236_/ZN
 _08237_/Z
 _08238_/Z
 _08239_/ZN
 _08240_/ZN
 _08241_/Z
 _08242_/ZN
 _08243_/ZN
 _08244_/ZN
 _08245_/Z
 _08246_/ZN
 _08247_/ZN
 _08248_/ZN
 _08249_/ZN
 _08250_/ZN
 _08251_/ZN
 _08252_/ZN
 _08253_/Z
 _08254_/ZN
 _08255_/ZN
 _08256_/ZN
 _08257_/ZN
 _08258_/ZN
 _08259_/ZN
 _08260_/Z
 _08261_/ZN
 _08262_/ZN
 _08263_/ZN
 _08264_/ZN
 _08265_/ZN
 _08266_/Z
 _08267_/Z
 _08268_/ZN
 _08269_/Z
 _08270_/ZN
 _08271_/ZN
 _08272_/ZN
 _08273_/ZN
 _08274_/ZN
 _08275_/ZN
 _08276_/ZN
 _08277_/ZN
 _08278_/ZN
 _08279_/ZN
 _08280_/ZN
 _08281_/ZN
 _08282_/ZN
 _08283_/ZN
 _08284_/ZN
 _08285_/ZN
 _08286_/ZN
 _08287_/ZN
 _08288_/Z
 _08289_/Z
 _08290_/Z
 _08291_/Z
 _08292_/ZN
 _08293_/ZN
 _08294_/ZN
 _08295_/ZN
 _08296_/ZN
 _08297_/ZN
 _08298_/ZN
 _08299_/ZN
 _08300_/ZN
 _08301_/ZN
 _08302_/ZN
 _08303_/ZN
 _08304_/ZN
 _08305_/ZN
 _08306_/ZN
 _08307_/ZN
 _08308_/ZN
 _08309_/ZN
 _08310_/Z
 _08311_/ZN
 _08312_/ZN
 _08313_/ZN
 _08314_/ZN
 _08315_/ZN
 _08316_/ZN
 _08317_/Z
 _08318_/ZN
 _08319_/ZN
 _08320_/ZN
 _08321_/ZN
 _08322_/ZN
 _08323_/ZN
 _08324_/ZN
 _08325_/ZN
 _08326_/ZN
 _08327_/ZN
 _08328_/ZN
 _08329_/ZN
 _08330_/ZN
 _08331_/ZN
 _08332_/Z
 _08333_/ZN
 _08334_/ZN
 _08335_/ZN
 _08336_/ZN
 _08337_/ZN
 _08338_/Z
 _08339_/ZN
 _08340_/ZN
 _08341_/ZN
 _08342_/ZN
 _08343_/ZN
 _08344_/ZN
 _08345_/ZN
 _08346_/ZN
 _08347_/Z
 _08348_/ZN
 _08349_/ZN
 _08350_/ZN
 _08351_/ZN
 _08352_/ZN
 _08353_/ZN
 _08354_/ZN
 _08355_/Z
 _08356_/Z
 _08357_/ZN
 _08358_/ZN
 _08359_/ZN
 _08360_/ZN
 _08361_/ZN
 _08362_/ZN
 _08363_/ZN
 _08364_/ZN
 _08365_/Z
 _08366_/ZN
 _08367_/ZN
 _08368_/ZN
 _08369_/Z
 _08370_/ZN
 _08371_/ZN
 _08372_/ZN
 _08373_/ZN
 _08374_/ZN
 _08375_/ZN
 _08376_/ZN
 _08377_/Z
 _08378_/ZN
 _08379_/ZN
 _08380_/ZN
 _08381_/ZN
 _08382_/ZN
 _08383_/ZN
 _08384_/Z
 _08385_/ZN
 _08386_/Z
 _08387_/ZN
 _08388_/ZN
 _08389_/ZN
 _08390_/ZN
 _08391_/ZN
 _08392_/Z
 _08393_/ZN
 _08394_/ZN
 _08395_/ZN
 _08396_/ZN
 _08397_/ZN
 _08398_/ZN
 _08399_/Z
 _08400_/ZN
 _08401_/ZN
 _08402_/Z
 _08403_/ZN
 _08404_/ZN
 _08405_/ZN
 _08406_/ZN
 _08407_/Z
 _08408_/ZN
 _08409_/ZN
 _08410_/ZN
 _08411_/ZN
 _08412_/ZN
 _08413_/ZN
 _08414_/Z
 _08415_/ZN
 _08416_/ZN
 _08417_/ZN
 _08418_/ZN
 _08419_/ZN
 _08420_/ZN
 _08421_/ZN
 _08422_/ZN
 _08423_/Z
 _08424_/ZN
 _08425_/ZN
 _08426_/ZN
 _08427_/ZN
 _08428_/ZN
 _08429_/ZN
 _08430_/ZN
 _08431_/ZN
 _08432_/Z
 _08433_/ZN
 _08434_/ZN
 _08435_/Z
 _08436_/ZN
 _08437_/ZN
 _08438_/ZN
 _08439_/ZN
 _08440_/ZN
 _08441_/ZN
 _08442_/ZN
 _08443_/ZN
 _08444_/ZN
 _08445_/ZN
 _08446_/ZN
 _08447_/ZN
 _08448_/ZN
 _08449_/ZN
 _08450_/Z
 _08451_/ZN
 _08452_/ZN
 _08453_/Z
 _08454_/ZN
 _08455_/ZN
 _08456_/ZN
 _08457_/ZN
 _08458_/ZN
 _08459_/ZN
 _08460_/ZN
 _08461_/Z
 _08462_/ZN
 _08463_/ZN
 _08464_/ZN
 _08465_/ZN
 _08466_/ZN
 _08467_/ZN
 _08468_/ZN
 _08469_/ZN
 _08470_/ZN
 _08471_/ZN
 _08472_/ZN
 _08473_/ZN
 _08474_/ZN
 _08475_/ZN
 _08476_/Z
 _08477_/ZN
 _08478_/ZN
 _08479_/ZN
 _08480_/Z
 _08481_/ZN
 _08482_/ZN
 _08483_/Z
 _08484_/ZN
 _08485_/ZN
 _08486_/Z
 _08487_/Z
 _08488_/ZN
 _08489_/ZN
 _08490_/ZN
 _08491_/ZN
 _08492_/ZN
 _08493_/ZN
 _08494_/ZN
 _08495_/ZN
 _08496_/ZN
 _08497_/ZN
 _08498_/ZN
 _08499_/ZN
 _08500_/ZN
 _08501_/Z
 _08502_/ZN
 _08503_/ZN
 _08504_/ZN
 _08505_/ZN
 _08506_/ZN
 _08507_/ZN
 _08508_/Z
 _08509_/ZN
 _08510_/Z
 _08511_/ZN
 _08512_/ZN
 _08513_/ZN
 _08514_/ZN
 _08515_/ZN
 _08516_/ZN
 _08517_/ZN
 _08518_/ZN
 _08519_/ZN
 _08520_/Z
 _08521_/ZN
 _08522_/ZN
 _08523_/ZN
 _08524_/ZN
 _08525_/Z
 _08526_/ZN
 _08527_/ZN
 _08528_/Z
 _08529_/Z
 _08530_/ZN
 _08531_/ZN
 _08532_/ZN
 _08533_/ZN
 _08534_/ZN
 _08535_/ZN
 _08536_/ZN
 _08537_/ZN
 _08538_/Z
 _08539_/Z
 _08540_/ZN
 _08541_/ZN
 _08542_/Z
 _08543_/ZN
 _08544_/ZN
 _08545_/ZN
 _08546_/ZN
 _08547_/ZN
 _08548_/ZN
 _08549_/ZN
 _08550_/ZN
 _08551_/ZN
 _08552_/ZN
 _08553_/Z
 _08554_/ZN
 _08555_/ZN
 _08556_/ZN
 _08557_/ZN
 _08558_/ZN
 _08559_/ZN
 _08560_/ZN
 _08561_/ZN
 _08562_/ZN
 _08563_/ZN
 _08564_/ZN
 _08565_/ZN
 _08566_/Z
 _08567_/ZN
 _08568_/Z
 _08569_/ZN
 _08570_/ZN
 _08571_/ZN
 _08572_/ZN
 _08573_/ZN
 _08574_/ZN
 _08575_/Z
 _08576_/Z
 _08577_/ZN
 _08578_/ZN
 _08579_/ZN
 _08580_/Z
 _08581_/ZN
 _08582_/ZN
 _08583_/ZN
 _08584_/ZN
 _08585_/ZN
 _08586_/ZN
 _08587_/ZN
 _08588_/ZN
 _08589_/Z
 _08590_/ZN
 _08591_/ZN
 _08592_/ZN
 _08593_/ZN
 _08594_/ZN
 _08595_/ZN
 _08596_/ZN
 _08597_/ZN
 _08598_/ZN
 _08599_/Z
 _08600_/ZN
 _08601_/ZN
 _08602_/ZN
 _08603_/Z
 _08604_/Z
 _08605_/ZN
 _08606_/ZN
 _08607_/ZN
 _08608_/ZN
 _08609_/ZN
 _08610_/Z
 _08611_/ZN
 _08612_/ZN
 _08613_/ZN
 _08614_/ZN
 _08615_/ZN
 _08616_/ZN
 _08617_/ZN
 _08618_/ZN
 _08619_/ZN
 _08620_/ZN
 _08621_/ZN
 _08622_/ZN
 _08623_/ZN
 _08624_/ZN
 _08625_/ZN
 _08626_/ZN
 _08627_/ZN
 _08628_/ZN
 _08629_/ZN
 _08630_/ZN
 _08631_/ZN
 _08632_/ZN
 _08633_/ZN
 _08634_/ZN
 _08635_/ZN
 _08636_/Z
 _08637_/ZN
 _08638_/ZN
 _08639_/ZN
 _08640_/ZN
 _08641_/ZN
 _08642_/ZN
 _08643_/Z
 _08644_/ZN
 _08645_/ZN
 _08646_/ZN
 _08647_/ZN
 _08648_/ZN
 _08649_/ZN
 _08650_/ZN
 _08651_/ZN
 _08652_/ZN
 _08653_/ZN
 _08654_/ZN
 _08655_/Z
 _08656_/ZN
 _08657_/ZN
 _08658_/ZN
 _08659_/ZN
 _08660_/ZN
 _08661_/ZN
 _08662_/ZN
 _08663_/ZN
 _08664_/ZN
 _08665_/ZN
 _08666_/ZN
 _08667_/ZN
 _08668_/ZN
 _08669_/ZN
 _08670_/ZN
 _08671_/ZN
 _08672_/ZN
 _08673_/ZN
 _08674_/ZN
 _08675_/ZN
 _08676_/ZN
 _08677_/ZN
 _08678_/ZN
 _08679_/ZN
 _08680_/ZN
 _08681_/ZN
 _08682_/ZN
 _08683_/ZN
 _08684_/ZN
 _08685_/Z
 _08686_/ZN
 _08687_/ZN
 _08688_/ZN
 _08689_/ZN
 _08690_/ZN
 _08691_/ZN
 _08692_/Z
 _08693_/ZN
 _08694_/ZN
 _08695_/ZN
 _08696_/ZN
 _08697_/ZN
 _08698_/ZN
 _08699_/Z
 _08700_/ZN
 _08701_/ZN
 _08702_/ZN
 _08703_/ZN
 _08704_/ZN
 _08705_/ZN
 _08706_/Z
 _08707_/Z
 _08708_/Z
 _08709_/ZN
 _08710_/ZN
 _08711_/ZN
 _08712_/ZN
 _08713_/ZN
 _08714_/ZN
 _08715_/Z
 _08716_/ZN
 _08717_/ZN
 _08718_/ZN
 _08719_/ZN
 _08720_/ZN
 _08721_/Z
 _08722_/ZN
 _08723_/ZN
 _08724_/Z
 _08725_/ZN
 _08726_/ZN
 _08727_/ZN
 _08728_/ZN
 _08729_/ZN
 _08730_/ZN
 _08731_/ZN
 _08732_/ZN
 _08733_/ZN
 _08734_/ZN
 _08735_/ZN
 _08736_/ZN
 _08737_/Z
 _08738_/ZN
 _08739_/ZN
 _08740_/ZN
 _08741_/Z
 _08742_/ZN
 _08743_/ZN
 _08744_/Z
 _08745_/ZN
 _08746_/ZN
 _08747_/ZN
 _08748_/Z
 _08749_/ZN
 _08750_/ZN
 _08751_/ZN
 _08752_/ZN
 _08753_/ZN
 _08754_/ZN
 _08755_/ZN
 _08756_/ZN
 _08757_/Z
 _08758_/ZN
 _08759_/ZN
 _08760_/ZN
 _08761_/Z
 _08762_/ZN
 _08763_/ZN
 _08764_/ZN
 _08765_/ZN
 _08766_/ZN
 _08767_/Z
 _08768_/ZN
 _08769_/Z
 _08770_/Z
 _08771_/ZN
 _08772_/ZN
 _08773_/ZN
 _08774_/ZN
 _08775_/ZN
 _08776_/Z
 _08777_/ZN
 _08778_/ZN
 _08779_/ZN
 _08780_/ZN
 _08781_/ZN
 _08782_/ZN
 _08783_/ZN
 _08784_/ZN
 _08785_/ZN
 _08786_/ZN
 _08787_/ZN
 _08788_/ZN
 _08789_/ZN
 _08790_/Z
 _08791_/Z
 _08792_/ZN
 _08793_/ZN
 _08794_/Z
 _08795_/Z
 _08796_/ZN
 _08797_/ZN
 _08798_/ZN
 _08799_/ZN
 _08800_/ZN
 _08801_/ZN
 _08802_/Z
 _08803_/ZN
 _08804_/ZN
 _08805_/Z
 _08806_/Z
 _08807_/ZN
 _08808_/ZN
 _08809_/Z
 _08810_/ZN
 _08811_/ZN
 _08812_/ZN
 _08813_/ZN
 _08814_/ZN
 _08815_/ZN
 _08816_/Z
 _08817_/ZN
 _08818_/ZN
 _08819_/ZN
 _08820_/ZN
 _08821_/ZN
 _08822_/ZN
 _08823_/ZN
 _08824_/ZN
 _08825_/ZN
 _08826_/ZN
 _08827_/ZN
 _08828_/ZN
 _08829_/ZN
 _08830_/ZN
 _08831_/ZN
 _08832_/Z
 _08833_/Z
 _08834_/ZN
 _08835_/ZN
 _08836_/Z
 _08837_/ZN
 _08838_/ZN
 _08839_/ZN
 _08840_/ZN
 _08841_/Z
 _08842_/ZN
 _08843_/ZN
 _08844_/ZN
 _08845_/ZN
 _08846_/ZN
 _08847_/ZN
 _08848_/ZN
 _08849_/ZN
 _08850_/ZN
 _08851_/ZN
 _08852_/ZN
 _08853_/ZN
 _08854_/ZN
 _08855_/ZN
 _08856_/ZN
 _08857_/ZN
 _08858_/ZN
 _08859_/ZN
 _08860_/ZN
 _08861_/ZN
 _08862_/ZN
 _08863_/ZN
 _08864_/ZN
 _08865_/ZN
 _08866_/ZN
 _08867_/ZN
 _08868_/ZN
 _08869_/ZN
 _08870_/ZN
 _08871_/ZN
 _08872_/ZN
 _08873_/ZN
 _08874_/ZN
 _08875_/ZN
 _08876_/ZN
 _08877_/ZN
 _08878_/ZN
 _08879_/ZN
 _08880_/ZN
 _08881_/ZN
 _08882_/ZN
 _08883_/ZN
 _08884_/ZN
 _08885_/ZN
 _08886_/ZN
 _08887_/Z
 _08888_/ZN
 _08889_/ZN
 _08890_/ZN
 _08891_/ZN
 _08892_/ZN
 _08893_/ZN
 _08894_/Z
 _08895_/ZN
 _08896_/ZN
 _08897_/ZN
 _08898_/ZN
 _08899_/ZN
 _08900_/Z
 _08901_/ZN
 _08902_/ZN
 _08903_/Z
 _08904_/ZN
 _08905_/ZN
 _08906_/ZN
 _08907_/ZN
 _08908_/ZN
 _08909_/ZN
 _08910_/ZN
 _08911_/ZN
 _08912_/ZN
 _08913_/ZN
 _08914_/Z
 _08915_/ZN
 _08916_/Z
 _08917_/ZN
 _08918_/ZN
 _08919_/ZN
 _08920_/ZN
 _08921_/Z
 _08922_/ZN
 _08923_/ZN
 _08924_/ZN
 _08925_/ZN
 _08926_/ZN
 _08927_/ZN
 _08928_/ZN
 _08929_/ZN
 _08930_/ZN
 _08931_/ZN
 _08932_/Z
 _08933_/ZN
 _08934_/ZN
 _08935_/ZN
 _08936_/ZN
 _08937_/ZN
 _08938_/Z
 _08939_/ZN
 _08940_/Z
 _08941_/ZN
 _08942_/ZN
 _08943_/ZN
 _08944_/ZN
 _08945_/Z
 _08946_/ZN
 _08947_/ZN
 _08948_/Z
 _08949_/ZN
 _08950_/ZN
 _08951_/ZN
 _08952_/ZN
 _08953_/ZN
 _08954_/ZN
 _08955_/Z
 _08956_/ZN
 _08957_/ZN
 _08958_/ZN
 _08959_/ZN
 _08960_/ZN
 _08961_/ZN
 _08962_/Z
 _08963_/ZN
 _08964_/ZN
 _08965_/ZN
 _08966_/ZN
 _08967_/ZN
 _08968_/ZN
 _08969_/ZN
 _08970_/ZN
 _08971_/ZN
 _08972_/ZN
 _08973_/ZN
 _08974_/Z
 _08975_/ZN
 _08976_/ZN
 _08977_/ZN
 _08978_/ZN
 _08979_/ZN
 _08980_/ZN
 _08981_/ZN
 _08982_/ZN
 _08983_/Z
 _08984_/ZN
 _08985_/ZN
 _08986_/ZN
 _08987_/ZN
 _08988_/ZN
 _08989_/ZN
 _08990_/ZN
 _08991_/ZN
 _08992_/ZN
 _08993_/ZN
 _08994_/ZN
 _08995_/ZN
 _08996_/ZN
 _08997_/ZN
 _08998_/ZN
 _08999_/ZN
 _09000_/ZN
 _09001_/ZN
 _09002_/Z
 _09003_/ZN
 _09004_/ZN
 _09005_/ZN
 _09006_/ZN
 _09007_/ZN
 _09008_/ZN
 _09009_/ZN
 _09010_/ZN
 _09011_/ZN
 _09012_/Z
 _09013_/ZN
 _09014_/ZN
 _09015_/ZN
 _09016_/Z
 _09017_/ZN
 _09018_/ZN
 _09019_/ZN
 _09020_/ZN
 _09021_/ZN
 _09022_/Z
 _09023_/ZN
 _09024_/ZN
 _09025_/ZN
 _09026_/ZN
 _09027_/ZN
 _09028_/ZN
 _09029_/ZN
 _09030_/ZN
 _09031_/ZN
 _09032_/ZN
 _09033_/ZN
 _09034_/ZN
 _09035_/ZN
 _09036_/ZN
 _09037_/ZN
 _09038_/ZN
 _09039_/ZN
 _09040_/ZN
 _09041_/ZN
 _09042_/ZN
 _09043_/Z
 _09044_/Z
 _09045_/Z
 _09046_/Z
 _09047_/ZN
 _09048_/ZN
 _09049_/ZN
 _09050_/ZN
 _09051_/ZN
 _09052_/ZN
 _09053_/ZN
 _09054_/Z
 _09055_/ZN
 _09056_/ZN
 _09057_/ZN
 _09058_/ZN
 _09059_/Z
 _09060_/ZN
 _09061_/ZN
 _09062_/Z
 _09063_/ZN
 _09064_/ZN
 _09065_/Z
 _09066_/ZN
 _09067_/ZN
 _09068_/ZN
 _09069_/ZN
 _09070_/ZN
 _09071_/Z
 _09072_/ZN
 _09073_/ZN
 _09074_/ZN
 _09075_/ZN
 _09076_/ZN
 _09077_/ZN
 _09078_/ZN
 _09079_/Z
 _09080_/Z
 _09081_/Z
 _09082_/ZN
 _09083_/ZN
 _09084_/ZN
 _09085_/ZN
 _09086_/ZN
 _09087_/ZN
 _09088_/ZN
 _09089_/ZN
 _09090_/ZN
 _09091_/ZN
 _09092_/ZN
 _09093_/ZN
 _09094_/ZN
 _09095_/ZN
 _09096_/ZN
 _09097_/ZN
 _09098_/ZN
 _09099_/ZN
 _09100_/Z
 _09101_/ZN
 _09102_/Z
 _09103_/ZN
 _09104_/ZN
 _09105_/ZN
 _09106_/ZN
 _09107_/Z
 _09108_/ZN
 _09109_/ZN
 _09110_/ZN
 _09111_/ZN
 _09112_/ZN
 _09113_/ZN
 _09114_/ZN
 _09115_/ZN
 _09116_/ZN
 _09117_/ZN
 _09118_/ZN
 _09119_/ZN
 _09120_/ZN
 _09121_/ZN
 _09122_/ZN
 _09123_/ZN
 _09124_/Z
 _09125_/Z
 _09126_/Z
 _09127_/ZN
 _09128_/ZN
 _09129_/ZN
 _09130_/ZN
 _09131_/ZN
 _09132_/ZN
 _09133_/ZN
 _09134_/ZN
 _09135_/ZN
 _09136_/ZN
 _09137_/ZN
 _09138_/ZN
 _09139_/ZN
 _09140_/ZN
 _09141_/ZN
 _09142_/ZN
 _09143_/ZN
 _09144_/ZN
 _09145_/ZN
 _09146_/ZN
 _09147_/ZN
 _09148_/ZN
 _09149_/ZN
 _09150_/ZN
 _09151_/ZN
 _09152_/ZN
 _09153_/ZN
 _09154_/ZN
 _09155_/Z
 _09156_/ZN
 _09157_/Z
 _09158_/ZN
 _09159_/Z
 _09160_/ZN
 _09161_/ZN
 _09162_/ZN
 _09163_/Z
 _09164_/ZN
 _09165_/Z
 _09166_/Z
 _09167_/ZN
 _09168_/Z
 _09169_/Z
 _09170_/ZN
 _09171_/Z
 _09172_/ZN
 _09173_/ZN
 _09174_/ZN
 _09175_/ZN
 _09176_/ZN
 _09177_/ZN
 _09178_/ZN
 _09179_/ZN
 _09180_/ZN
 _09181_/Z
 _09182_/ZN
 _09183_/ZN
 _09184_/ZN
 _09185_/Z
 _09186_/Z
 _09187_/ZN
 _09188_/ZN
 _09189_/ZN
 _09190_/ZN
 _09191_/ZN
 _09192_/Z
 _09193_/ZN
 _09194_/ZN
 _09195_/ZN
 _09196_/ZN
 _09197_/ZN
 _09198_/ZN
 _09199_/ZN
 _09200_/ZN
 _09201_/ZN
 _09202_/ZN
 _09203_/ZN
 _09204_/ZN
 _09205_/ZN
 _09206_/ZN
 _09207_/ZN
 _09208_/ZN
 _09209_/ZN
 _09210_/ZN
 _09211_/Z
 _09212_/ZN
 _09213_/ZN
 _09214_/Z
 _09215_/ZN
 _09216_/ZN
 _09217_/ZN
 _09218_/ZN
 _09219_/ZN
 _09220_/ZN
 _09221_/Z
 _09222_/Z
 _09223_/ZN
 _09224_/ZN
 _09225_/ZN
 _09226_/ZN
 _09227_/Z
 _09228_/ZN
 _09229_/Z
 _09230_/ZN
 _09231_/ZN
 _09232_/ZN
 _09233_/ZN
 _09234_/ZN
 _09235_/ZN
 _09236_/ZN
 _09237_/ZN
 _09238_/ZN
 _09239_/ZN
 _09240_/ZN
 _09241_/ZN
 _09242_/ZN
 _09243_/ZN
 _09244_/ZN
 _09245_/Z
 _09246_/ZN
 _09247_/ZN
 _09248_/Z
 _09249_/ZN
 _09250_/ZN
 _09251_/ZN
 _09252_/Z
 _09253_/ZN
 _09254_/ZN
 _09255_/Z
 _09256_/Z
 _09257_/ZN
 _09258_/Z
 _09259_/ZN
 _09260_/Z
 _09261_/ZN
 _09262_/ZN
 _09263_/ZN
 _09264_/ZN
 _09265_/ZN
 _09266_/ZN
 _09267_/Z
 _09268_/ZN
 _09269_/ZN
 _09270_/ZN
 _09271_/ZN
 _09272_/ZN
 _09273_/Z
 _09274_/Z
 _09275_/ZN
 _09276_/ZN
 _09277_/ZN
 _09278_/ZN
 _09279_/ZN
 _09280_/ZN
 _09281_/Z
 _09282_/ZN
 _09283_/ZN
 _09284_/ZN
 _09285_/Z
 _09286_/ZN
 _09287_/ZN
 _09288_/Z
 _09289_/ZN
 _09290_/ZN
 _09291_/ZN
 _09292_/ZN
 _09293_/Z
 _09294_/Z
 _09295_/ZN
 _09296_/ZN
 _09297_/ZN
 _09298_/ZN
 _09299_/ZN
 _09300_/Z
 _09301_/ZN
 _09302_/ZN
 _09303_/ZN
 _09304_/ZN
 _09305_/ZN
 _09306_/Z
 _09307_/Z
 _09308_/ZN
 _09309_/ZN
 _09310_/ZN
 _09311_/ZN
 _09312_/ZN
 _09313_/ZN
 _09314_/ZN
 _09315_/Z
 _09316_/Z
 _09317_/Z
 _09318_/ZN
 _09319_/ZN
 _09320_/Z
 _09321_/ZN
 _09322_/ZN
 _09323_/Z
 _09324_/ZN
 _09325_/ZN
 _09326_/ZN
 _09327_/ZN
 _09328_/Z
 _09329_/ZN
 _09330_/ZN
 _09331_/ZN
 _09332_/ZN
 _09333_/Z
 _09334_/ZN
 _09335_/ZN
 _09336_/ZN
 _09337_/ZN
 _09338_/ZN
 _09339_/ZN
 _09340_/ZN
 _09341_/ZN
 _09342_/ZN
 _09343_/ZN
 _09344_/ZN
 _09345_/ZN
 _09346_/ZN
 _09347_/ZN
 _09348_/ZN
 _09349_/ZN
 _09350_/ZN
 _09351_/ZN
 _09352_/ZN
 _09353_/ZN
 _09354_/Z
 _09355_/ZN
 _09356_/ZN
 _09357_/ZN
 _09358_/ZN
 _09359_/Z
 _09360_/Z
 _09361_/ZN
 _09362_/ZN
 _09363_/ZN
 _09364_/ZN
 _09365_/ZN
 _09366_/ZN
 _09367_/ZN
 _09368_/ZN
 _09369_/Z
 _09370_/ZN
 _09371_/Z
 _09372_/Z
 _09373_/Z
 _09374_/ZN
 _09375_/ZN
 _09376_/ZN
 _09377_/ZN
 _09378_/Z
 _09379_/Z
 _09380_/ZN
 _09381_/ZN
 _09382_/ZN
 _09383_/ZN
 _09384_/ZN
 _09385_/ZN
 _09386_/ZN
 _09387_/ZN
 _09388_/ZN
 _09389_/ZN
 _09390_/ZN
 _09391_/ZN
 _09392_/ZN
 _09393_/Z
 _09394_/ZN
 _09395_/ZN
 _09396_/ZN
 _09397_/ZN
 _09398_/Z
 _09399_/ZN
 _09400_/ZN
 _09401_/ZN
 _09402_/ZN
 _09403_/ZN
 _09404_/ZN
 _09405_/ZN
 _09406_/ZN
 _09407_/ZN
 _09408_/ZN
 _09409_/ZN
 _09410_/Z
 _09411_/ZN
 _09412_/ZN
 _09413_/ZN
 _09414_/ZN
 _09415_/Z
 _09416_/Z
 _09417_/ZN
 _09418_/ZN
 _09419_/ZN
 _09420_/ZN
 _09421_/ZN
 _09422_/ZN
 _09423_/ZN
 _09424_/ZN
 _09425_/ZN
 _09426_/ZN
 _09427_/ZN
 _09428_/ZN
 _09429_/ZN
 _09430_/ZN
 _09431_/ZN
 _09432_/ZN
 _09433_/ZN
 _09434_/ZN
 _09435_/ZN
 _09436_/Z
 _09437_/ZN
 _09438_/ZN
 _09439_/ZN
 _09440_/ZN
 _09441_/ZN
 _09442_/ZN
 _09443_/Z
 _09444_/ZN
 _09445_/ZN
 _09446_/ZN
 _09447_/ZN
 _09448_/ZN
 _09449_/ZN
 _09450_/ZN
 _09451_/ZN
 _09452_/Z
 _09453_/ZN
 _09454_/ZN
 _09455_/ZN
 _09456_/ZN
 _09457_/ZN
 _09458_/ZN
 _09459_/ZN
 _09460_/ZN
 _09461_/ZN
 _09462_/ZN
 _09463_/ZN
 _09464_/ZN
 _09465_/ZN
 _09466_/ZN
 _09467_/ZN
 _09468_/ZN
 _09469_/ZN
 _09470_/ZN
 _09471_/ZN
 _09472_/ZN
 _09473_/ZN
 _09474_/ZN
 _09475_/ZN
 _09476_/ZN
 _09477_/ZN
 _09478_/ZN
 _09479_/ZN
 _09480_/ZN
 _09481_/ZN
 _09482_/Z
 _09483_/ZN
 _09484_/ZN
 _09485_/ZN
 _09486_/ZN
 _09487_/Z
 _09488_/ZN
 _09489_/ZN
 _09490_/ZN
 _09491_/ZN
 _09492_/ZN
 _09493_/ZN
 _09494_/ZN
 _09495_/ZN
 _09496_/ZN
 _09497_/ZN
 _09498_/ZN
 _09499_/ZN
 _09500_/ZN
 _09501_/ZN
 _09502_/ZN
 _09503_/ZN
 _09504_/Z
 _09505_/Z
 _09506_/ZN
 _09507_/ZN
 _09508_/ZN
 _09509_/ZN
 _09510_/ZN
 _09511_/ZN
 _09512_/ZN
 _09513_/ZN
 _09514_/ZN
 _09515_/ZN
 _09516_/ZN
 _09517_/Z
 _09518_/ZN
 _09519_/ZN
 _09520_/ZN
 _09521_/Z
 _09522_/Z
 _09523_/ZN
 _09524_/Z
 _09525_/ZN
 _09526_/ZN
 _09527_/ZN
 _09528_/ZN
 _09529_/ZN
 _09530_/ZN
 _09531_/ZN
 _09532_/ZN
 _09533_/ZN
 _09534_/Z
 _09535_/ZN
 _09536_/ZN
 _09537_/ZN
 _09538_/ZN
 _09539_/ZN
 _09540_/ZN
 _09541_/ZN
 _09542_/ZN
 _09543_/ZN
 _09544_/Z
 _09545_/ZN
 _09546_/ZN
 _09547_/ZN
 _09548_/ZN
 _09549_/ZN
 _09550_/Z
 _09551_/ZN
 _09552_/Z
 _09553_/ZN
 _09554_/ZN
 _09555_/Z
 _09556_/ZN
 _09557_/Z
 _09558_/ZN
 _09559_/ZN
 _09560_/ZN
 _09561_/ZN
 _09562_/ZN
 _09563_/ZN
 _09564_/ZN
 _09565_/ZN
 _09566_/ZN
 _09567_/ZN
 _09568_/Z
 _09569_/ZN
 _09570_/ZN
 _09571_/ZN
 _09572_/ZN
 _09573_/Z
 _09574_/ZN
 _09575_/ZN
 _09576_/ZN
 _09577_/ZN
 _09578_/ZN
 _09579_/Z
 _09580_/ZN
 _09581_/ZN
 _09582_/Z
 _09583_/ZN
 _09584_/ZN
 _09585_/ZN
 _09586_/ZN
 _09587_/ZN
 _09588_/ZN
 _09589_/ZN
 _09590_/Z
 _09591_/ZN
 _09592_/ZN
 _09593_/ZN
 _09594_/ZN
 _09595_/ZN
 _09596_/ZN
 _09597_/ZN
 _09598_/ZN
 _09599_/ZN
 _09600_/Z
 _09601_/ZN
 _09602_/ZN
 _09603_/ZN
 _09604_/ZN
 _09605_/ZN
 _09606_/ZN
 _09607_/ZN
 _09608_/ZN
 _09609_/ZN
 _09610_/ZN
 _09611_/Z
 _09612_/ZN
 _09613_/Z
 _09614_/ZN
 _09615_/ZN
 _09616_/ZN
 _09617_/ZN
 _09618_/ZN
 _09619_/ZN
 _09620_/ZN
 _09621_/ZN
 _09622_/ZN
 _09623_/ZN
 _09624_/ZN
 _09625_/ZN
 _09626_/ZN
 _09627_/ZN
 _09628_/ZN
 _09629_/ZN
 _09630_/ZN
 _09631_/ZN
 _09632_/ZN
 _09633_/ZN
 _09634_/ZN
 _09635_/ZN
 _09636_/ZN
 _09637_/ZN
 _09638_/ZN
 _09639_/ZN
 _09640_/ZN
 _09641_/ZN
 _09642_/ZN
 _09643_/ZN
 _09644_/ZN
 _09645_/ZN
 _09646_/ZN
 _09647_/ZN
 _09648_/ZN
 _09649_/ZN
 _09650_/ZN
 _09651_/ZN
 _09652_/Z
 _09653_/ZN
 _09654_/ZN
 _09655_/ZN
 _09656_/ZN
 _09657_/ZN
 _09658_/Z
 _09659_/ZN
 _09660_/ZN
 _09661_/ZN
 _09662_/ZN
 _09663_/ZN
 _09664_/ZN
 _09665_/ZN
 _09666_/ZN
 _09667_/ZN
 _09668_/ZN
 _09669_/ZN
 _09670_/ZN
 _09671_/ZN
 _09672_/ZN
 _09673_/ZN
 _09674_/ZN
 _09675_/ZN
 _09676_/ZN
 _09677_/ZN
 _09678_/ZN
 _09679_/ZN
 _09680_/ZN
 _09681_/ZN
 _09682_/ZN
 _09683_/ZN
 _09684_/ZN
 _09685_/ZN
 _09686_/ZN
 _09687_/ZN
 _09688_/ZN
 _09689_/ZN
 _09690_/Z
 _09691_/ZN
 _09692_/ZN
 _09693_/ZN
 _09694_/ZN
 _09695_/ZN
 _09696_/ZN
 _09697_/ZN
 _09698_/ZN
 _09699_/Z
 _09700_/ZN
 _09701_/ZN
 _09702_/ZN
 _09703_/ZN
 _09704_/ZN
 _09705_/ZN
 _09706_/ZN
 _09707_/ZN
 _09708_/ZN
 _09709_/ZN
 _09710_/ZN
 _09711_/ZN
 _09712_/ZN
 _09713_/ZN
 _09714_/ZN
 _09715_/ZN
 _09716_/ZN
 _09717_/ZN
 _09718_/ZN
 _09719_/ZN
 _09720_/ZN
 _09721_/ZN
 _09722_/ZN
 _09723_/ZN
 _09724_/ZN
 _09725_/ZN
 _09726_/ZN
 _09727_/ZN
 _09728_/ZN
 _09729_/ZN
 _09730_/Z
 _09731_/ZN
 _09732_/ZN
 _09733_/ZN
 _09734_/ZN
 _09735_/ZN
 _09736_/ZN
 _09737_/ZN
 _09738_/ZN
 _09739_/ZN
 _09740_/ZN
 _09741_/ZN
 _09742_/ZN
 _09743_/ZN
 _09744_/Z
 _09745_/ZN
 _09746_/ZN
 _09747_/ZN
 _09748_/ZN
 _09749_/ZN
 _09750_/ZN
 _09751_/ZN
 _09752_/ZN
 _09753_/ZN
 _09754_/ZN
 _09755_/ZN
 _09756_/ZN
 _09757_/ZN
 _09758_/ZN
 _09759_/Z
 _09760_/ZN
 _09761_/ZN
 _09762_/ZN
 _09763_/ZN
 _09764_/ZN
 _09765_/Z
 _09766_/ZN
 _09767_/ZN
 _09768_/ZN
 _09769_/ZN
 _09770_/ZN
 _09771_/ZN
 _09772_/Z
 _09773_/Z
 _09774_/ZN
 _09775_/Z
 _09776_/ZN
 _09777_/ZN
 _09778_/ZN
 _09779_/ZN
 _09780_/ZN
 _09781_/Z
 _09782_/ZN
 _09783_/ZN
 _09784_/Z
 _09785_/ZN
 _09786_/ZN
 _09787_/ZN
 _09788_/ZN
 _09789_/Z
 _09790_/ZN
 _09791_/ZN
 _09792_/ZN
 _09793_/ZN
 _09794_/Z
 _09795_/Z
 _09796_/Z
 _09797_/ZN
 _09798_/ZN
 _09799_/ZN
 _09800_/ZN
 _09801_/ZN
 _09802_/ZN
 _09803_/ZN
 _09804_/ZN
 _09805_/ZN
 _09806_/Z
 _09807_/ZN
 _09808_/ZN
 _09809_/ZN
 _09810_/ZN
 _09811_/ZN
 _09812_/ZN
 _09813_/ZN
 _09814_/ZN
 _09815_/ZN
 _09816_/ZN
 _09817_/ZN
 _09818_/ZN
 _09819_/ZN
 _09820_/Z
 _09821_/ZN
 _09822_/ZN
 _09823_/ZN
 _09824_/ZN
 _09825_/ZN
 _09826_/ZN
 _09827_/ZN
 _09828_/ZN
 _09829_/ZN
 _09830_/ZN
 _09831_/ZN
 _09832_/ZN
 _09833_/Z
 _09834_/Z
 _09835_/ZN
 _09836_/ZN
 _09837_/ZN
 _09838_/ZN
 _09839_/ZN
 _09840_/ZN
 _09841_/ZN
 _09842_/ZN
 _09843_/ZN
 _09844_/ZN
 _09845_/ZN
 _09846_/ZN
 _09847_/Z
 _09848_/ZN
 _09849_/ZN
 _09850_/ZN
 _09851_/ZN
 _09852_/ZN
 _09853_/ZN
 _09854_/ZN
 _09855_/ZN
 _09856_/ZN
 _09857_/ZN
 _09858_/ZN
 _09859_/ZN
 _09860_/Z
 _09861_/ZN
 _09862_/ZN
 _09863_/ZN
 _09864_/ZN
 _09865_/ZN
 _09866_/ZN
 _09867_/ZN
 _09868_/ZN
 _09869_/ZN
 _09870_/ZN
 _09871_/ZN
 _09872_/ZN
 _09873_/ZN
 _09874_/ZN
 _09875_/Z
 _09876_/ZN
 _09877_/ZN
 _09878_/ZN
 _09879_/ZN
 _09880_/ZN
 _09881_/ZN
 _09882_/ZN
 _09883_/ZN
 _09884_/ZN
 _09885_/ZN
 _09886_/ZN
 _09887_/ZN
 _09888_/ZN
 _09889_/Z
 _09890_/ZN
 _09891_/ZN
 _09892_/ZN
 _09893_/ZN
 _09894_/ZN
 _09895_/ZN
 _09896_/ZN
 _09897_/ZN
 _09898_/ZN
 _09899_/ZN
 _09900_/ZN
 _09901_/ZN
 _09902_/ZN
 _09903_/Z
 _09904_/ZN
 _09905_/ZN
 _09906_/ZN
 _09907_/ZN
 _09908_/ZN
 _09909_/ZN
 _09910_/ZN
 _09911_/ZN
 _09912_/ZN
 _09913_/ZN
 _09914_/ZN
 _09915_/ZN
 _09916_/ZN
 _09917_/ZN
 _09918_/Z
 _09919_/Z
 _09920_/ZN
 _09921_/ZN
 _09922_/ZN
 _09923_/Z
 _09924_/ZN
 _09925_/Z
 _09926_/ZN
 _09927_/ZN
 _09928_/Z
 _09929_/ZN
 _09930_/ZN
 _09931_/ZN
 _09932_/ZN
 _09933_/ZN
 _09934_/Z
 _09935_/ZN
 _09936_/ZN
 _09937_/Z
 _09938_/ZN
 _09939_/ZN
 _09940_/ZN
 _09941_/ZN
 _09942_/ZN
 _09943_/ZN
 _09944_/ZN
 _09945_/ZN
 _09946_/ZN
 _09947_/ZN
 _09948_/ZN
 _09949_/ZN
 _09950_/ZN
 _09951_/ZN
 _09952_/ZN
 _09953_/Z
 _09954_/ZN
 _09955_/ZN
 _09956_/ZN
 _09957_/ZN
 _09958_/ZN
 _09959_/ZN
 _09960_/ZN
 _09961_/ZN
 _09962_/ZN
 _09963_/ZN
 _09964_/ZN
 _09965_/ZN
 _09966_/ZN
 _09967_/ZN
 _09968_/ZN
 _09969_/ZN
 _09970_/ZN
 _09971_/Z
 _09972_/ZN
 _09973_/ZN
 _09974_/ZN
 _09975_/ZN
 _09976_/ZN
 _09977_/Z
 _09978_/Z
 _09979_/ZN
 _09980_/ZN
 _09981_/ZN
 _09982_/ZN
 _09983_/ZN
 _09984_/ZN
 _09985_/ZN
 _09986_/ZN
 _09987_/ZN
 _09988_/ZN
 _09989_/ZN
 _09990_/ZN
 _09991_/ZN
 _09992_/ZN
 _09993_/ZN
 _09994_/ZN
 _09995_/ZN
 _09996_/ZN
 _09997_/ZN
 _09998_/Z
 _09999_/Z
 _10000_/ZN
 _10001_/ZN
 _10002_/ZN
 _10003_/Z
 _10004_/ZN
 _10005_/Z
 _10006_/ZN
 _10007_/ZN
 _10008_/ZN
 _10009_/ZN
 _10010_/ZN
 _10011_/ZN
 _10012_/Z
 _10013_/Z
 _10014_/Z
 _10015_/ZN
 _10016_/ZN
 _10017_/ZN
 _10018_/Z
 _10019_/ZN
 _10020_/Z
 _10021_/Z
 _10022_/ZN
 _10023_/Z
 _10024_/ZN
 _10025_/ZN
 _10026_/ZN
 _10027_/ZN
 _10028_/ZN
 _10029_/ZN
 _10030_/ZN
 _10031_/ZN
 _10032_/ZN
 _10033_/ZN
 _10034_/Z
 _10035_/ZN
 _10036_/ZN
 _10037_/Z
 _10038_/ZN
 _10039_/Z
 _10040_/ZN
 _10041_/ZN
 _10042_/Z
 _10043_/ZN
 _10044_/ZN
 _10045_/ZN
 _10046_/ZN
 _10047_/ZN
 _10048_/Z
 _10049_/ZN
 _10050_/ZN
 _10051_/ZN
 _10052_/ZN
 _10053_/ZN
 _10054_/ZN
 _10055_/ZN
 _10056_/ZN
 _10057_/ZN
 _10058_/ZN
 _10059_/ZN
 _10060_/ZN
 _10061_/ZN
 _10062_/ZN
 _10063_/ZN
 _10064_/ZN
 _10065_/ZN
 _10066_/ZN
 _10067_/ZN
 _10068_/ZN
 _10069_/ZN
 _10070_/ZN
 _10071_/ZN
 _10072_/ZN
 _10073_/ZN
 _10074_/ZN
 _10075_/ZN
 _10076_/ZN
 _10077_/ZN
 _10078_/ZN
 _10079_/ZN
 _10080_/ZN
 _10081_/ZN
 _10082_/ZN
 _10083_/ZN
 _10084_/ZN
 _10085_/Z
 _10086_/ZN
 _10087_/ZN
 _10088_/ZN
 _10089_/ZN
 _10090_/ZN
 _10091_/ZN
 _10092_/ZN
 _10093_/ZN
 _10094_/ZN
 _10095_/ZN
 _10096_/ZN
 _10097_/ZN
 _10098_/ZN
 _10099_/ZN
 _10100_/ZN
 _10101_/Z
 _10102_/Z
 _10103_/ZN
 _10104_/ZN
 _10105_/ZN
 _10106_/Z
 _10107_/ZN
 _10108_/ZN
 _10109_/ZN
 _10110_/ZN
 _10111_/ZN
 _10112_/Z
 _10113_/Z
 _10114_/Z
 _10115_/ZN
 _10116_/ZN
 _10117_/ZN
 _10118_/Z
 _10119_/ZN
 _10120_/Z
 _10121_/ZN
 _10122_/ZN
 _10123_/ZN
 _10124_/ZN
 _10125_/ZN
 _10126_/ZN
 _10127_/ZN
 _10128_/ZN
 _10129_/ZN
 _10130_/ZN
 _10131_/ZN
 _10132_/ZN
 _10133_/ZN
 _10134_/ZN
 _10135_/ZN
 _10136_/ZN
 _10137_/ZN
 _10138_/ZN
 _10139_/ZN
 _10140_/ZN
 _10141_/Z
 _10142_/ZN
 _10143_/ZN
 _10144_/Z
 _10145_/ZN
 _10146_/Z
 _10147_/Z
 _10148_/ZN
 _10149_/ZN
 _10150_/ZN
 _10151_/ZN
 _10152_/ZN
 _10153_/ZN
 _10154_/ZN
 _10155_/ZN
 _10156_/ZN
 _10157_/ZN
 _10158_/ZN
 _10159_/ZN
 _10160_/ZN
 _10161_/ZN
 _10162_/ZN
 _10163_/ZN
 _10164_/Z
 _10165_/ZN
 _10166_/ZN
 _10167_/ZN
 _10168_/ZN
 _10169_/ZN
 _10170_/ZN
 _10171_/ZN
 _10172_/ZN
 _10173_/ZN
 _10174_/ZN
 _10175_/Z
 _10176_/ZN
 _10177_/ZN
 _10178_/ZN
 _10179_/ZN
 _10180_/ZN
 _10181_/ZN
 _10182_/ZN
 _10183_/ZN
 _10184_/ZN
 _10185_/ZN
 _10186_/ZN
 _10187_/ZN
 _10188_/Z
 _10189_/ZN
 _10190_/ZN
 _10191_/ZN
 _10192_/ZN
 _10193_/ZN
 _10194_/ZN
 _10195_/ZN
 _10196_/Z
 _10197_/Z
 _10198_/ZN
 _10199_/ZN
 _10200_/Z
 _10201_/ZN
 _10202_/Z
 _10203_/ZN
 _10204_/ZN
 _10205_/ZN
 _10206_/ZN
 _10207_/Z
 _10208_/ZN
 _10209_/Z
 _10210_/ZN
 _10211_/ZN
 _10212_/ZN
 _10213_/ZN
 _10214_/Z
 _10215_/Z
 _10216_/Z
 _10217_/ZN
 _10218_/ZN
 _10219_/ZN
 _10220_/ZN
 _10221_/ZN
 _10222_/ZN
 _10223_/ZN
 _10224_/ZN
 _10225_/ZN
 _10226_/ZN
 _10227_/ZN
 _10228_/ZN
 _10229_/Z
 _10230_/ZN
 _10231_/ZN
 _10232_/ZN
 _10233_/ZN
 _10234_/ZN
 _10235_/ZN
 _10236_/ZN
 _10237_/ZN
 _10238_/ZN
 _10239_/ZN
 _10240_/ZN
 _10241_/ZN
 _10242_/ZN
 _10243_/ZN
 _10244_/ZN
 _10245_/ZN
 _10246_/Z
 _10247_/ZN
 _10248_/ZN
 _10249_/ZN
 _10250_/ZN
 _10251_/ZN
 _10252_/ZN
 _10253_/ZN
 _10254_/ZN
 _10255_/ZN
 _10256_/ZN
 _10257_/ZN
 _10258_/ZN
 _10259_/ZN
 _10260_/ZN
 _10261_/ZN
 _10262_/ZN
 _10263_/ZN
 _10264_/ZN
 _10265_/ZN
 _10266_/ZN
 _10267_/ZN
 _10268_/ZN
 _10269_/ZN
 _10270_/ZN
 _10271_/ZN
 _10272_/ZN
 _10273_/ZN
 _10274_/ZN
 _10275_/ZN
 _10276_/ZN
 _10277_/ZN
 _10278_/ZN
 _10279_/ZN
 _10280_/ZN
 _10281_/ZN
 _10282_/ZN
 _10283_/ZN
 _10284_/ZN
 _10285_/ZN
 _10286_/ZN
 _10287_/ZN
 _10288_/ZN
 _10289_/ZN
 _10290_/Z
 _10291_/ZN
 _10292_/Z
 _10293_/ZN
 _10294_/ZN
 _10295_/Z
 _10296_/ZN
 _10297_/Z
 _10298_/ZN
 _10299_/ZN
 _10300_/ZN
 _10301_/ZN
 _10302_/ZN
 _10303_/Z
 _10304_/ZN
 _10305_/ZN
 _10306_/ZN
 _10307_/ZN
 _10308_/ZN
 _10309_/Z
 _10310_/ZN
 _10311_/ZN
 _10312_/ZN
 _10313_/ZN
 _10314_/ZN
 _10315_/ZN
 _10316_/ZN
 _10317_/ZN
 _10318_/ZN
 _10319_/ZN
 _10320_/ZN
 _10321_/ZN
 _10322_/ZN
 _10323_/Z
 _10324_/ZN
 _10325_/ZN
 _10326_/ZN
 _10327_/ZN
 _10328_/ZN
 _10329_/ZN
 _10330_/ZN
 _10331_/ZN
 _10332_/ZN
 _10333_/ZN
 _10334_/Z
 _10335_/ZN
 _10336_/ZN
 _10337_/ZN
 _10338_/ZN
 _10339_/ZN
 _10340_/Z
 _10341_/ZN
 _10342_/ZN
 _10343_/ZN
 _10344_/ZN
 _10345_/ZN
 _10346_/ZN
 _10347_/Z
 _10348_/ZN
 _10349_/ZN
 _10350_/ZN
 _10351_/Z
 _10352_/ZN
 _10353_/ZN
 _10354_/ZN
 _10355_/ZN
 _10356_/ZN
 _10357_/ZN
 _10358_/ZN
 _10359_/ZN
 _10360_/ZN
 _10361_/ZN
 _10362_/ZN
 _10363_/ZN
 _10364_/ZN
 _10365_/ZN
 _10366_/ZN
 _10367_/ZN
 _10368_/ZN
 _10369_/ZN
 _10370_/ZN
 _10371_/ZN
 _10372_/ZN
 _10373_/ZN
 _10374_/ZN
 _10375_/ZN
 _10376_/ZN
 _10377_/ZN
 _10378_/ZN
 _10379_/ZN
 _10380_/ZN
 _10381_/ZN
 _10382_/ZN
 _10383_/ZN
 _10384_/ZN
 _10385_/ZN
 _10386_/ZN
 _10387_/ZN
 _10388_/ZN
 _10389_/ZN
 _10390_/ZN
 _10391_/ZN
 _10392_/ZN
 _10393_/ZN
 _10394_/ZN
 _10395_/ZN
 _10396_/ZN
 _10397_/ZN
 _10398_/ZN
 _10399_/ZN
 _10400_/ZN
 _10401_/ZN
 _10402_/ZN
 _10403_/ZN
 _10404_/ZN
 _10405_/ZN
 _10406_/ZN
 _10407_/ZN
 _10408_/ZN
 _10409_/ZN
 _10410_/ZN
 _10411_/ZN
 _10412_/ZN
 _10413_/ZN
 _10414_/ZN
 _10415_/ZN
 _10416_/ZN
 _10417_/ZN
 _10418_/ZN
 _10419_/ZN
 _10420_/ZN
 _10421_/ZN
 _10422_/ZN
 _10423_/ZN
 _10424_/ZN
 _10425_/ZN
 _10426_/ZN
 _10427_/ZN
 _10428_/ZN
 _10429_/ZN
 _10430_/ZN
 _10431_/ZN
 _10432_/ZN
 _10433_/ZN
 _10434_/ZN
 _10435_/ZN
 _10436_/ZN
 _10437_/ZN
 _10438_/ZN
 _10439_/ZN
 _10440_/ZN
 _10441_/ZN
 _10442_/ZN
 _10443_/ZN
 _10444_/ZN
 _10445_/ZN
 _10446_/ZN
 _10447_/ZN
 _10448_/ZN
 _10449_/ZN
 _10450_/ZN
 _10451_/ZN
 _10452_/ZN
 _10453_/ZN
 _10454_/ZN
 _10455_/ZN
 _10456_/ZN
 _10457_/ZN
 _10458_/ZN
 _10459_/ZN
 _10460_/ZN
 _10461_/ZN
 _10462_/ZN
 _10463_/ZN
 _10464_/ZN
 _10465_/ZN
 _10466_/ZN
 _10467_/ZN
 _10468_/ZN
 _10469_/ZN
 _10470_/ZN
 _10471_/ZN
 _10472_/ZN
 _10473_/ZN
 _10474_/ZN
 _10475_/ZN
 _10476_/ZN
 _10477_/ZN
 _10478_/ZN
 _10479_/ZN
 _10480_/ZN
 _10481_/ZN
 _10482_/ZN
 _10483_/ZN
 _10484_/ZN
 _10485_/ZN
 _10486_/ZN
 _10487_/ZN
 _10488_/ZN
 _10489_/ZN
 _10490_/ZN
 _10491_/ZN
 _10492_/ZN
 _10493_/ZN
 _10494_/ZN
 _10495_/ZN
 _10496_/ZN
 _10497_/ZN
 _10498_/ZN
 _10499_/ZN
 _10500_/ZN
 _10501_/ZN
 _10502_/ZN
 _10503_/ZN
 _10504_/ZN
 _10505_/ZN
 _10506_/ZN
 _10507_/ZN
 _10508_/ZN
 _10509_/ZN
 _10510_/ZN
 _10511_/ZN
 _10512_/ZN
 _10513_/ZN
 _10514_/ZN
 _10515_/ZN
 _10516_/ZN
 _10517_/ZN
 _10518_/ZN
 _10519_/ZN
 _10520_/Z
 _10521_/ZN
 _10522_/ZN
 _10523_/ZN
 _10524_/ZN
 _10525_/Z
 _10526_/ZN
 _10527_/ZN
 _10528_/ZN
 _10529_/ZN
 _10530_/ZN
 _10531_/ZN
 _10532_/ZN
 _10533_/ZN
 _10534_/ZN
 _10535_/ZN
 _10536_/ZN
 _10537_/ZN
 _10538_/ZN
 _10539_/ZN
 _10540_/ZN
 _10541_/ZN
 _10542_/ZN
 _10543_/ZN
 _10544_/ZN
 _10545_/ZN
 _10546_/ZN
 _10547_/ZN
 _10548_/ZN
 _10549_/ZN
 _10550_/ZN
 _10551_/ZN
 _10552_/ZN
 _10553_/ZN
 _10554_/ZN
 _10555_/ZN
 _10556_/ZN
 _10557_/ZN
 _10558_/ZN
 _10559_/ZN
 _10560_/ZN
 _10561_/ZN
 _10562_/ZN
 _10563_/ZN
 _10564_/Z
 _10565_/ZN
 _10566_/ZN
 _10567_/ZN
 _10568_/ZN
 _10569_/ZN
 _10570_/ZN
 _10571_/ZN
 _10572_/ZN
 _10573_/ZN
 _10574_/ZN
 _10575_/ZN
 _10576_/ZN
 _10577_/Z
 _10578_/ZN
 _10579_/ZN
 _10580_/ZN
 _10581_/ZN
 _10582_/ZN
 _10583_/ZN
 _10584_/ZN
 _10585_/ZN
 _10586_/ZN
 _10587_/ZN
 _10588_/ZN
 _10589_/ZN
 _10590_/ZN
 _10591_/ZN
 _10592_/ZN
 _10593_/ZN
 _10594_/ZN
 _10595_/ZN
 _10596_/Z
 _10597_/ZN
 _10598_/ZN
 _10599_/ZN
 _10600_/Z
 _10601_/Z
 _10602_/ZN
 _10603_/ZN
 _10604_/ZN
 _10605_/ZN
 _10606_/ZN
 _10607_/ZN
 _10608_/ZN
 _10609_/ZN
 _10610_/Z
 _10611_/ZN
 _10612_/ZN
 _10613_/ZN
 _10614_/ZN
 _10615_/ZN
 _10616_/ZN
 _10617_/ZN
 _10618_/Z
 _10619_/ZN
 _10620_/ZN
 _10621_/ZN
 _10622_/ZN
 _10623_/ZN
 _10624_/ZN
 _10625_/ZN
 _10626_/ZN
 _10627_/ZN
 _10628_/ZN
 _10629_/ZN
 _10630_/ZN
 _10631_/ZN
 _10632_/ZN
 _10633_/ZN
 _10634_/ZN
 _10635_/Z
 _10636_/ZN
 _10637_/ZN
 _10638_/ZN
 _10639_/ZN
 _10640_/ZN
 _10641_/ZN
 _10642_/ZN
 _10643_/ZN
 _10644_/ZN
 _10645_/ZN
 _10646_/ZN
 _10647_/ZN
 _10648_/ZN
 _10649_/ZN
 _10650_/Z
 _10651_/ZN
 _10652_/ZN
 _10653_/ZN
 _10654_/ZN
 _10655_/ZN
 _10656_/ZN
 _10657_/ZN
 _10658_/ZN
 _10659_/ZN
 _10660_/ZN
 _10661_/ZN
 _10662_/ZN
 _10663_/ZN
 _10664_/Z
 _10665_/ZN
 _10666_/ZN
 _10667_/ZN
 _10668_/ZN
 _10669_/ZN
 _10670_/ZN
 _10671_/ZN
 _10672_/ZN
 _10673_/ZN
 _10674_/ZN
 _10675_/ZN
 _10676_/ZN
 _10677_/Z
 _10678_/ZN
 _10679_/ZN
 _10680_/ZN
 _10681_/ZN
 _10682_/ZN
 _10683_/ZN
 _10684_/ZN
 _10685_/ZN
 _10686_/ZN
 _10687_/ZN
 _10688_/ZN
 _10689_/ZN
 _10690_/ZN
 _10691_/ZN
 _10692_/Z
 _10693_/ZN
 _10694_/ZN
 _10695_/ZN
 _10696_/ZN
 _10697_/ZN
 _10698_/ZN
 _10699_/ZN
 _10700_/ZN
 _10701_/ZN
 _10702_/ZN
 _10703_/ZN
 _10704_/ZN
 _10705_/Z
 _10706_/ZN
 _10707_/ZN
 _10708_/ZN
 _10709_/ZN
 _10710_/ZN
 _10711_/ZN
 _10712_/ZN
 _10713_/ZN
 _10714_/ZN
 _10715_/ZN
 _10716_/ZN
 _10717_/ZN
 _10718_/ZN
 _10719_/Z
 _10720_/ZN
 _10721_/ZN
 _10722_/ZN
 _10723_/ZN
 _10724_/ZN
 _10725_/ZN
 _10726_/ZN
 _10727_/ZN
 _10728_/ZN
 _10729_/ZN
 _10730_/ZN
 _10731_/ZN
 _10732_/ZN
 _10733_/Z
 _10734_/ZN
 _10735_/ZN
 _10736_/ZN
 _10737_/ZN
 _10738_/ZN
 _10739_/ZN
 _10740_/ZN
 _10741_/ZN
 _10742_/ZN
 _10743_/ZN
 _10744_/ZN
 _10745_/ZN
 _10746_/ZN
 _10747_/ZN
 _10748_/ZN
 _10749_/ZN
 _10750_/Z
 _10751_/Z
 _10752_/ZN
 _10753_/ZN
 _10754_/Z
 _10755_/ZN
 _10756_/ZN
 _10757_/Z
 _10758_/ZN
 _10759_/ZN
 _10760_/ZN
 _10761_/ZN
 _10762_/ZN
 _10763_/ZN
 _10764_/Z
 _10765_/ZN
 _10766_/ZN
 _10767_/Z
 _10768_/ZN
 _10769_/ZN
 _10770_/ZN
 _10771_/Z
 _10772_/ZN
 _10773_/ZN
 _10774_/ZN
 _10775_/Z
 _10776_/Z
 _10777_/ZN
 _10778_/Z
 _10779_/ZN
 _10780_/ZN
 _10781_/ZN
 _10782_/ZN
 _10783_/ZN
 _10784_/ZN
 _10785_/ZN
 _10786_/ZN
 _10787_/ZN
 _10788_/ZN
 _10789_/ZN
 _10790_/ZN
 _10791_/ZN
 _10792_/ZN
 _10793_/ZN
 _10794_/ZN
 _10795_/ZN
 _10796_/ZN
 _10797_/ZN
 _10798_/ZN
 _10799_/ZN
 _10800_/ZN
 _10801_/ZN
 _10802_/ZN
 _10803_/ZN
 _10804_/ZN
 _10805_/ZN
 _10806_/ZN
 _10807_/ZN
 _10808_/ZN
 _10809_/ZN
 _10810_/ZN
 _10811_/ZN
 _10812_/ZN
 _10813_/ZN
 _10814_/ZN
 _10815_/ZN
 _10816_/ZN
 _10817_/ZN
 _10818_/ZN
 _10819_/ZN
 _10820_/ZN
 _10821_/ZN
 _10822_/Z
 _10823_/ZN
 _10824_/ZN
 _10825_/ZN
 _10826_/Z
 _10827_/Z
 _10828_/ZN
 _10829_/ZN
 _10830_/ZN
 _10831_/Z
 _10832_/ZN
 _10833_/Z
 _10834_/ZN
 _10835_/Z
 _10836_/ZN
 _10837_/ZN
 _10838_/ZN
 _10839_/ZN
 _10840_/ZN
 _10841_/ZN
 _10842_/Z
 _10843_/ZN
 _10844_/Z
 _10845_/ZN
 _10846_/ZN
 _10847_/ZN
 _10848_/Z
 _10849_/ZN
 _10850_/Z
 _10851_/Z
 _10852_/ZN
 _10853_/ZN
 _10854_/Z
 _10855_/ZN
 _10856_/ZN
 _10857_/ZN
 _10858_/ZN
 _10859_/ZN
 _10860_/ZN
 _10861_/ZN
 _10862_/ZN
 _10863_/Z
 _10864_/ZN
 _10865_/Z
 _10866_/ZN
 _10867_/ZN
 _10868_/Z
 _10869_/ZN
 _10870_/ZN
 _10871_/ZN
 _10872_/ZN
 _10873_/ZN
 _10874_/ZN
 _10875_/ZN
 _10876_/ZN
 _10877_/ZN
 _10878_/ZN
 _10879_/ZN
 _10880_/ZN
 _10881_/Z
 _10882_/ZN
 _10883_/Z
 _10884_/ZN
 _10885_/ZN
 _10886_/Z
 _10887_/ZN
 _10888_/ZN
 _10889_/ZN
 _10890_/ZN
 _10891_/ZN
 _10892_/ZN
 _10893_/ZN
 _10894_/ZN
 _10895_/ZN
 _10896_/ZN
 _10897_/ZN
 _10898_/ZN
 _10899_/ZN
 _10900_/ZN
 _10901_/ZN
 _10902_/ZN
 _10903_/ZN
 _10904_/ZN
 _10905_/ZN
 _10906_/ZN
 _10907_/ZN
 _10908_/ZN
 _10909_/ZN
 _10910_/ZN
 _10911_/ZN
 _10912_/ZN
 _10913_/ZN
 _10914_/ZN
 _10915_/ZN
 _10916_/ZN
 _10917_/ZN
 _10918_/ZN
 _10919_/Z
 _10920_/Z
 _10921_/ZN
 _10922_/ZN
 _10923_/ZN
 _10924_/Z
 _10925_/ZN
 _10926_/ZN
 _10927_/ZN
 _10928_/ZN
 _10929_/Z
 _10930_/Z
 _10931_/ZN
 _10932_/ZN
 _10933_/ZN
 _10934_/Z
 _10935_/ZN
 _10936_/Z
 _10937_/Z
 _10938_/ZN
 _10939_/ZN
 _10940_/Z
 _10941_/ZN
 _10942_/ZN
 _10943_/ZN
 _10944_/ZN
 _10945_/ZN
 _10946_/Z
 _10947_/Z
 _10948_/Z
 _10949_/ZN
 _10950_/ZN
 _10951_/Z
 _10952_/ZN
 _10953_/Z
 _10954_/ZN
 _10955_/ZN
 _10956_/ZN
 _10957_/ZN
 _10958_/ZN
 _10959_/ZN
 _10960_/ZN
 _10961_/ZN
 _10962_/ZN
 _10963_/ZN
 _10964_/ZN
 _10965_/ZN
 _10966_/ZN
 _10967_/ZN
 _10968_/ZN
 _10969_/ZN
 _10970_/ZN
 _10971_/ZN
 _10972_/ZN
 _10973_/ZN
 _10974_/ZN
 _10975_/ZN
 _10976_/ZN
 _10977_/ZN
 _10978_/ZN
 _10979_/ZN
 _10980_/ZN
 _10981_/ZN
 _10982_/ZN
 _10983_/ZN
 _10984_/ZN
 _10985_/ZN
 _10986_/ZN
 _10987_/Z
 _10988_/ZN
 _10989_/ZN
 _10990_/ZN
 _10991_/Z
 _10992_/Z
 _10993_/ZN
 _10994_/ZN
 _10995_/ZN
 _10996_/ZN
 _10997_/ZN
 _10998_/ZN
 _10999_/ZN
 _11000_/ZN
 _11001_/ZN
 _11002_/ZN
 _11003_/ZN
 _11004_/Z
 _11005_/Z
 _11006_/ZN
 _11007_/ZN
 _11008_/ZN
 _11009_/Z
 _11010_/ZN
 _11011_/Z
 _11012_/ZN
 _11013_/ZN
 _11014_/ZN
 _11015_/ZN
 _11016_/ZN
 _11017_/Z
 _11018_/Z
 _11019_/ZN
 _11020_/Z
 _11021_/ZN
 _11022_/Z
 _11023_/ZN
 _11024_/ZN
 _11025_/ZN
 _11026_/Z
 _11027_/ZN
 _11028_/Z
 _11029_/ZN
 _11030_/ZN
 _11031_/ZN
 _11032_/ZN
 _11033_/ZN
 _11034_/Z
 _11035_/ZN
 _11036_/ZN
 _11037_/ZN
 _11038_/Z
 _11039_/ZN
 _11040_/ZN
 _11041_/Z
 _11042_/ZN
 _11043_/ZN
 _11044_/Z
 _11045_/ZN
 _11046_/Z
 _11047_/ZN
 _11048_/Z
 _11049_/ZN
 _11050_/ZN
 _11051_/ZN
 _11052_/ZN
 _11053_/ZN
 _11054_/ZN
 _11055_/ZN
 _11056_/ZN
 _11057_/ZN
 _11058_/ZN
 _11059_/ZN
 _11060_/ZN
 _11061_/ZN
 _11062_/ZN
 _11063_/ZN
 _11064_/ZN
 _11065_/ZN
 _11066_/ZN
 _11067_/ZN
 _11068_/ZN
 _11069_/ZN
 _11070_/ZN
 _11071_/ZN
 _11072_/ZN
 _11073_/ZN
 _11074_/ZN
 _11075_/ZN
 _11076_/ZN
 _11077_/ZN
 _11078_/ZN
 _11079_/ZN
 _11080_/ZN
 _11081_/ZN
 _11082_/ZN
 _11083_/ZN
 _11084_/ZN
 _11085_/ZN
 _11086_/ZN
 _11087_/ZN
 _11088_/ZN
 _11089_/Z
 _11090_/Z
 _11091_/Z
 _11092_/ZN
 _11093_/ZN
 _11094_/Z
 _11095_/ZN
 _11096_/ZN
 _11097_/ZN
 _11098_/ZN
 _11099_/ZN
 _11100_/ZN
 _11101_/ZN
 _11102_/ZN
 _11103_/Z
 _11104_/ZN
 _11105_/ZN
 _11106_/ZN
 _11107_/ZN
 _11108_/Z
 _11109_/ZN
 _11110_/ZN
 _11111_/ZN
 _11112_/ZN
 _11113_/ZN
 _11114_/ZN
 _11115_/ZN
 _11116_/ZN
 _11117_/ZN
 _11118_/ZN
 _11119_/ZN
 _11120_/Z
 _11121_/ZN
 _11122_/ZN
 _11123_/Z
 _11124_/ZN
 _11125_/ZN
 _11126_/Z
 _11127_/ZN
 _11128_/ZN
 _11129_/ZN
 _11130_/ZN
 _11131_/ZN
 _11132_/ZN
 _11133_/ZN
 _11134_/ZN
 _11135_/ZN
 _11136_/Z
 _11137_/ZN
 _11138_/ZN
 _11139_/ZN
 _11140_/Z
 _11141_/ZN
 _11142_/ZN
 _11143_/ZN
 _11144_/ZN
 _11145_/ZN
 _11146_/Z
 _11147_/ZN
 _11148_/ZN
 _11149_/Z
 _11150_/ZN
 _11151_/Z
 _11152_/ZN
 _11153_/ZN
 _11154_/ZN
 _11155_/ZN
 _11156_/ZN
 _11157_/ZN
 _11158_/ZN
 _11159_/ZN
 _11160_/ZN
 _11161_/ZN
 _11162_/ZN
 _11163_/ZN
 _11164_/ZN
 _11165_/ZN
 _11166_/ZN
 _11167_/ZN
 _11168_/ZN
 _11169_/ZN
 _11170_/ZN
 _11171_/ZN
 _11172_/ZN
 _11173_/ZN
 _11174_/ZN
 _11175_/ZN
 _11176_/ZN
 _11177_/ZN
 _11178_/ZN
 _11179_/ZN
 _11180_/ZN
 _11181_/ZN
 _11182_/ZN
 _11183_/ZN
 _11184_/ZN
 _11185_/ZN
 _11186_/ZN
 _11187_/ZN
 _11188_/ZN
 _11189_/ZN
 _11190_/ZN
 _11191_/ZN
 _11192_/ZN
 _11193_/ZN
 _11194_/ZN
 _11195_/ZN
 _11196_/ZN
 _11197_/ZN
 _11198_/ZN
 _11199_/ZN
 _11200_/ZN
 _11201_/ZN
 _11202_/ZN
 _11203_/ZN
 _11204_/ZN
 _11205_/ZN
 _11206_/ZN
 _11207_/ZN
 _11208_/ZN
 _11209_/ZN
 _11210_/ZN
 _11211_/ZN
 _11212_/ZN
 _11213_/ZN
 _11214_/ZN
 _11215_/ZN
 _11216_/ZN
 _11217_/ZN
 _11218_/ZN
 _11219_/ZN
 _11220_/ZN
 _11221_/ZN
 _11222_/ZN
 _11223_/ZN
 _11224_/ZN
 _11225_/ZN
 _11226_/ZN
 _11227_/ZN
 _11228_/ZN
 _11229_/ZN
 _11230_/ZN
 _11231_/ZN
 _11232_/ZN
 _11233_/ZN
 _11234_/ZN
 _11235_/ZN
 _11236_/ZN
 _11237_/ZN
 _11238_/ZN
 _11239_/ZN
 _11240_/ZN
 _11241_/ZN
 _11242_/ZN
 _11243_/ZN
 _11244_/ZN
 _11245_/ZN
 _11246_/ZN
 _11247_/ZN
 _11248_/ZN
 _11249_/ZN
 _11250_/ZN
 _11251_/ZN
 _11252_/ZN
 _11253_/ZN
 _11254_/ZN
 _11255_/ZN
 _11256_/ZN
 _11257_/ZN
 _11258_/ZN
 _11259_/ZN
 _11260_/ZN
 _11261_/ZN
 _11262_/ZN
 _11263_/ZN
 _11264_/ZN
 _11265_/ZN
 _11266_/ZN
 _11267_/ZN
 _11268_/ZN
 _11269_/ZN
 _11270_/ZN
 _11271_/ZN
 _11272_/ZN
 _11273_/ZN
 _11274_/ZN
 _11275_/ZN
 _11276_/ZN
 _11277_/ZN
 _11278_/ZN
 _11279_/ZN
 _11280_/ZN
 _11281_/ZN
 _11282_/ZN
 _11283_/ZN
 _11284_/ZN
 _11285_/ZN
 _11286_/ZN
 _11287_/ZN
 _11288_/ZN
 _11289_/ZN
 _11290_/ZN
 _11291_/ZN
 _11292_/ZN
 _11293_/ZN
 _11294_/ZN
 _11295_/ZN
 _11296_/ZN
 _11297_/ZN
 _11298_/ZN
 _11299_/ZN
 _11300_/ZN
 _11301_/ZN
 _11302_/ZN
 _11303_/ZN
 _11304_/ZN
 _11305_/ZN
 _11306_/ZN
 _11307_/ZN
 _11308_/ZN
 _11309_/ZN
 _11310_/ZN
 _11311_/ZN
 _11312_/ZN
 _11313_/ZN
 _11314_/ZN
 _11315_/ZN
 _11316_/ZN
 _11317_/ZN
 _11318_/ZN
 _11319_/ZN
 _11320_/ZN
 _11321_/ZN
 _11322_/ZN
 _11323_/ZN
 _11324_/ZN
 _11325_/ZN
 _11326_/Z
 _11327_/ZN
 _11328_/ZN
 _11329_/Z
 _11330_/ZN
 _11331_/Z
 _11332_/ZN
 _11333_/ZN
 _11334_/ZN
 _11335_/ZN
 _11336_/ZN
 _11337_/Z
 _11338_/ZN
 _11339_/ZN
 _11340_/ZN
 _11341_/ZN
 _11342_/Z
 _11343_/Z
 _11344_/ZN
 _11345_/ZN
 _11346_/Z
 _11347_/ZN
 _11348_/ZN
 _11349_/Z
 _11350_/ZN
 _11351_/ZN
 _11352_/ZN
 _11353_/Z
 _11354_/ZN
 _11355_/ZN
 _11356_/Z
 _11357_/ZN
 _11358_/ZN
 _11359_/ZN
 _11360_/Z
 _11361_/ZN
 _11362_/Z
 _11363_/ZN
 _11364_/ZN
 _11365_/ZN
 _11366_/ZN
 _11367_/ZN
 _11368_/ZN
 _11369_/ZN
 _11370_/ZN
 _11371_/ZN
 _11372_/ZN
 _11373_/ZN
 _11374_/ZN
 _11375_/ZN
 _11376_/ZN
 _11377_/ZN
 _11378_/ZN
 _11379_/ZN
 _11380_/ZN
 _11381_/ZN
 _11382_/ZN
 _11383_/ZN
 _11384_/Z
 _11385_/ZN
 _11386_/ZN
 _11387_/ZN
 _11388_/ZN
 _11389_/ZN
 _11390_/ZN
 _11391_/ZN
 _11392_/ZN
 _11393_/ZN
 _11394_/ZN
 _11395_/ZN
 _11396_/ZN
 _11397_/ZN
 _11398_/ZN
 _11399_/ZN
 _11400_/ZN
 _11401_/ZN
 _11402_/ZN
 _11403_/ZN
 _11404_/ZN
 _11405_/ZN
 _11406_/ZN
 _11407_/ZN
 _11408_/ZN
 _11409_/ZN
 _11410_/ZN
 _11411_/ZN
 _11412_/ZN
 _11413_/ZN
 _11414_/ZN
 _11415_/ZN
 _11416_/ZN
 _11417_/ZN
 _11418_/ZN
 _11419_/ZN
 _11420_/ZN
 _11421_/Z
 _11422_/ZN
 _11423_/ZN
 _11424_/ZN
 _11425_/ZN
 _11426_/Z
 _11427_/Z
 _11428_/ZN
 _11429_/ZN
 _11430_/Z
 _11431_/ZN
 _11432_/ZN
 _11433_/Z
 _11434_/ZN
 _11435_/ZN
 _11436_/ZN
 _11437_/Z
 _11438_/ZN
 _11439_/ZN
 _11440_/Z
 _11441_/ZN
 _11442_/ZN
 _11443_/ZN
 _11444_/Z
 _11445_/ZN
 _11446_/Z
 _11447_/ZN
 _11448_/ZN
 _11449_/ZN
 _11450_/ZN
 _11451_/ZN
 _11452_/ZN
 _11453_/ZN
 _11454_/ZN
 _11455_/ZN
 _11456_/ZN
 _11457_/ZN
 _11458_/ZN
 _11459_/ZN
 _11460_/ZN
 _11461_/ZN
 _11462_/Z
 _11463_/ZN
 _11464_/ZN
 _11465_/ZN
 _11466_/ZN
 _11467_/ZN
 _11468_/Z
 _11469_/ZN
 _11470_/ZN
 _11471_/ZN
 _11472_/ZN
 _11473_/ZN
 _11474_/ZN
 _11475_/ZN
 _11476_/ZN
 _11477_/ZN
 _11478_/ZN
 _11479_/ZN
 _11480_/ZN
 _11481_/ZN
 _11482_/ZN
 _11483_/ZN
 _11484_/ZN
 _11485_/ZN
 _11486_/ZN
 _11487_/ZN
 _11488_/ZN
 _11489_/ZN
 _11490_/ZN
 _11491_/ZN
 _11492_/ZN
 _11493_/ZN
 _11494_/ZN
 _11495_/ZN
 _11496_/ZN
 _11497_/ZN
 _11498_/ZN
 _11499_/ZN
 _11500_/ZN
 _11501_/ZN
 _11502_/ZN
 _11503_/ZN
 _11504_/ZN
 _11505_/ZN
 _11506_/ZN
 _11507_/Z
 _11508_/Z
 _11509_/ZN
 _11510_/Z
 _11511_/Z
 _11512_/Z
 _11513_/Z
 _11514_/Z
 _11515_/Z
 _11516_/Z
 _11517_/Z
 _11518_/ZN
 _11519_/Z
 _11520_/Z
 _11521_/Z
 _11522_/Z
 _11523_/Z
 _11524_/Z
 _11525_/Z
 _11526_/Z
 _11527_/ZN
 _11528_/Z
 _11529_/Z
 _11530_/Z
 _11531_/Z
 _11532_/Z
 _11533_/Z
 _11534_/Z
 _11535_/Z
 _11536_/ZN
 _11537_/Z
 _11538_/Z
 _11539_/Z
 _11540_/Z
 _11541_/Z
 _11542_/Z
 _11543_/Z
 _11544_/Z
 _11545_/Z
 _11546_/Z
 _11547_/Z
 _11548_/Z
 _11549_/Q
 _11550_/Q
 _11551_/Q
 _11552_/Q
 _11553_/Q
 _11554_/Q
 _11555_/Q
 _11556_/Q
 _11557_/Q
 _11558_/Q
 _11559_/Q
 _11560_/Q
 _11561_/Q
 _11562_/Q
 _11563_/Q
 _11564_/Q
 _11565_/Q
 _11566_/Q
 _11567_/Q
 _11568_/Q
 _11569_/Q
 _11570_/Q
 _11571_/Q
 _11572_/Q
 _11573_/Q
 _11574_/Q
 _11575_/Q
 _11576_/Q
 _11577_/Q
 _11578_/Q
 _11579_/Q
 _11580_/Q
 _11581_/Q
 _11582_/Q
 _11583_/Q
 _11584_/Q
 _11585_/Q
 _11586_/Q
 _11587_/Q
 _11588_/Q
 _11589_/Q
 _11590_/Q
 _11591_/Q
 _11592_/Q
 _11593_/Q
 _11594_/Q
 _11595_/Q
 _11596_/Q
 _11597_/Q
 _11598_/Q
 _11599_/Q
 _11600_/Q
 _11601_/Q
 _11602_/Q
 _11603_/Q
 _11604_/Q
 _11605_/Q
 _11606_/Q
 _11607_/Q
 _11608_/Q
 _11609_/Q
 _11610_/Q
 _11611_/Q
 _11612_/Q
 _11613_/Q
 _11614_/Q
 _11615_/Q
 _11616_/Q
 _11617_/Q
 _11618_/Q
 _11619_/Q
 _11620_/Q
 _11621_/Q
 _11622_/Q
 _11623_/Q
 _11624_/Q
 _11625_/Q
 _11626_/Q
 _11627_/Q
 _11628_/Q
 _11629_/Q
 _11630_/Q
 _11631_/Q
 _11632_/Q
 _11633_/Q
 _11634_/Q
 _11635_/Q
 _11636_/Q
 _11637_/Q
 _11638_/Q
 _11639_/Q
 _11640_/Q
 _11641_/Q
 _11642_/Q
 _11643_/Q
 _11644_/Q
 _11645_/Q
 _11646_/Q
 _11647_/Q
 _11648_/Q
 _11649_/Q
 _11650_/Q
 _11651_/Q
 _11652_/Q
 _11653_/Q
 _11654_/Q
 _11655_/Q
 _11656_/Q
 _11657_/Q
 _11658_/Q
 _11659_/Q
 _11660_/Q
 _11661_/Q
 _11662_/Q
 _11663_/Q
 _11664_/Q
 _11665_/Q
 _11666_/Q
 _11667_/Q
 _11668_/Q
 _11669_/Q
 _11670_/Q
 _11671_/Q
 _11672_/Q
 _11673_/Q
 _11674_/Q
 _11675_/Q
 _11676_/Q
 _11677_/Q
 _11678_/Q
 _11679_/Q
 _11680_/Q
 _11681_/Q
 _11682_/Q
 _11683_/Q
 _11684_/Q
 _11685_/Q
 _11686_/Q
 _11687_/Q
 _11688_/Q
 _11689_/Q
 _11690_/Q
 _11691_/Q
 _11692_/Q
 _11693_/Q
 _11694_/Q
 _11695_/Q
 _11696_/Q
 _11697_/Q
 _11698_/Q
 _11699_/Q
 _11700_/Q
 _11701_/Q
 _11702_/Q
 _11703_/Q
 _11704_/Q
 _11705_/Q
 _11706_/Q
 _11707_/Q
 _11708_/Q
 _11709_/Q
 _11710_/Q
 _11711_/Q
 _11712_/Q
 _11713_/Q
 _11714_/Q
 _11715_/Q
 _11716_/Q
 _11717_/Q
 _11718_/Q
 _11719_/Q
 _11720_/Q
 _11721_/Q
 _11722_/Q
 _11723_/Q
 _11724_/Q
 _11725_/Q
 _11726_/Q
 _11727_/Q
 _11728_/Q
 _11729_/Q
 _11730_/Q
 _11731_/Q
 _11732_/Q
 _11733_/Q
 _11734_/Q
 _11735_/Q
 _11736_/Q
 _11737_/Q
 _11738_/Q
 _11739_/Q
 _11740_/Q
 _11741_/Q
 _11742_/Q
 _11743_/Q
 _11744_/Q
 _11745_/Q
 _11746_/Q
 _11747_/Q
 _11748_/Q
 _11749_/Q
 _11750_/Q
 _11751_/Q
 _11752_/Q
 _11753_/Q
 _11754_/Q
 _11755_/Q
 _11756_/Q
 _11757_/Q
 _11758_/Q
 _11759_/Q
 _11760_/Q
 _11761_/Q
 _11762_/Q
 _11763_/Q
 _11764_/Q
 _11765_/Q
 _11766_/Q
 _11767_/Q
 _11768_/Q
 _11769_/Q
 _11770_/Q
 _11771_/Q
 _11772_/Q
 _11773_/Q
 _11774_/Q
 _11775_/Q
 _11776_/Q
 _11777_/Q
 _11778_/Q
 _11779_/Q
 _11780_/Q
 _11781_/Q
 _11782_/Q
 _11783_/Q
 _11784_/Q
 _11785_/Q
 _11786_/Q
 _11787_/Q
 _11788_/Q
 _11789_/Q
 _11790_/Q
 _11791_/Q
 _11792_/Q
 _11793_/Q
 _11794_/Q
 _11795_/Q
 _11796_/Q
 _11797_/Q
 _11798_/Q
 _11799_/Q
 _11800_/Q
 _11801_/Q
 _11802_/Q
 _11803_/Q
 _11804_/Q
 _11805_/Q
 _11806_/Q
 _11807_/Q
 _11808_/Q
 _11809_/Q
 _11810_/Q
 _11811_/Q
 _11812_/Q
 _11813_/Q
 _11814_/Q
 _11815_/Q
 _11816_/Q
 _11817_/Q
 _11818_/Q
 _11819_/Q
 _11820_/Q
 _11821_/Q
 _11822_/Q
 _11823_/Q
 _11824_/Q
 _11825_/Q
 _11826_/Q
 _11827_/Q
 _11828_/Q
 _11829_/Q
 _11830_/Q
 _11831_/Q
 _11832_/Q
 _11833_/Q
 _11834_/Q
 _11835_/Q
 _11836_/Q
 _11837_/Q
 _11838_/Q
 _11839_/Q
 _11840_/Q
 _11841_/Q
 _11842_/Q
 _11843_/Q
 _11844_/Q
 _11845_/Q
 _11846_/Q
 _11847_/Q
 _11848_/Q
 _11849_/Q
 _11850_/Q
 _11851_/Q
 _11852_/Q
 _11853_/Q
 _11854_/Q
 _11855_/Q
 _11856_/Q
 _11857_/Q
 _11858_/Q
 _11859_/Q
 _11860_/Q
 _11861_/Q
 _11862_/Q
 _11863_/Q
 _11864_/Q
 _11865_/Q
 _11866_/Q
 _11867_/Q
 _11868_/Q
 _11869_/Q
 _11870_/Q
 _11871_/Q
 _11872_/Q
 _11873_/Q
 _11874_/Q
 _11875_/Q
 _11876_/Q
 _11877_/Q
 _11878_/Q
 _11879_/Q
 _11880_/Q
 _11881_/Q
 _11882_/Q
 _11883_/Q
 _11884_/Q
 _11885_/Q
 _11886_/Q
 _11887_/Q
 _11888_/Q
 _11889_/Q
 _11890_/Q
 _11891_/Q
 _11892_/Q
 _11893_/Q
 _11894_/Q
 _11895_/Q
 _11896_/Q
 _11897_/Q
 _11898_/Q
 _11899_/Q
 _11900_/Q
 _11901_/Q
 _11902_/Q
 _11903_/Q
 _11904_/Q
 _11905_/Q
 _11906_/Q
 _11907_/Q
 _11908_/Q
 _11909_/Q
 _11910_/Q
 _11911_/Q
 _11912_/Q
 _11913_/Q
 _11914_/Q
 _11915_/Q
 _11916_/Q
 _11917_/Q
 _11918_/Q
 _11919_/Q
 _11920_/Q
 _11921_/Q
 _11922_/Q
 _11923_/Q
 _11924_/Q
 _11925_/Q
 _11926_/Q
 _11927_/Q
 _11928_/Q
 _11929_/Q
 _11930_/Q
 _11931_/Q
 _11932_/Q
 _11933_/Q
 _11934_/Q
 _11935_/Q
 _11936_/Q
 _11937_/Q
 _11938_/Q
 _11939_/Q
 _11940_/Q
 _11941_/Q
 _11942_/Q
 _11943_/Q
 _11944_/Q
 _11945_/Q
 _11946_/Q
 _11947_/Q
 _11948_/Q
 _11949_/Q
 _11950_/Q
 _11951_/Q
 _11952_/Q
 _11953_/Q
 _11954_/Q
 _11955_/Q
 _11956_/Q
 _11957_/Q
 _11958_/Q
 _11959_/Q
 _11960_/Q
 _11961_/Q
 _11962_/Q
 _11963_/Q
 _11964_/Q
 _11965_/Q
 _11966_/Q
 _11967_/Q
 _11968_/Q
 _11969_/Q
 _11970_/Q
 _11971_/Q
 _11972_/Q
 _11973_/Q
 _11974_/Q
 _11975_/Q
 _11976_/Q
 _11977_/Q
 _11978_/Q
 _11979_/Q
 _11980_/Q
 _11981_/Q
 _11982_/Q
 _11983_/Q
 _11984_/Q
 _11985_/Q
 _11986_/Q
 _11987_/Q
 _11988_/Q
 _11989_/Q
 _11990_/Q
 _11991_/Q
 _11992_/Q
 _11993_/Q
 _11994_/Q
 _11995_/Q
 _11996_/Q
 _11997_/Q
 _11998_/Q
 _11999_/Q
 _12000_/Q
 _12001_/Q
 _12002_/Q
 _12003_/Q
 _12004_/Q
 _12005_/Q
 _12006_/Q
 _12007_/Q
 _12008_/Q
 _12009_/Q
 _12010_/Q
 _12011_/Q
 _12012_/Q
 _12013_/Q
 _12014_/Q
 _12015_/Q
 _12016_/Q
 _12017_/Q
 _12018_/Q
 _12019_/Q
 _12020_/Q
 _12021_/Q
 _12022_/Q
 _12023_/Q
 _12024_/Q
 _12025_/Q
 _12026_/Q
 _12027_/Q
 _12028_/Q
 _12029_/Q
 _12030_/Q
 _12031_/Q
 _12032_/Q
 _12033_/Q
 _12034_/Q
 _12035_/Q
 _12036_/Q
 _12037_/Q
 _12038_/Q
 _12039_/Q
 _12040_/Q
 _12041_/Q
 _12042_/Q
 _12043_/Q
 _12044_/Q
 _12045_/Q
 _12046_/Q
 _12047_/Q
 _12048_/Q
 _12049_/Q
 _12050_/Q
 _12051_/Q
 _12052_/Q
 _12053_/Q
 _12054_/Q
 _12055_/Q
 _12056_/Q
 _12057_/Q
 _12058_/Q
 _12059_/Q
 _12060_/Q
 _12061_/Q
 _12062_/Q
 _12063_/Q
 _12064_/Q
 _12065_/Q
 _12066_/Q
 _12067_/Q
 _12068_/Q
 _12069_/Q
 _12070_/Q
 _12071_/Q
 _12072_/Q
 _12073_/Q
 _12074_/Q
 _12075_/Q
 _12076_/Q
 _12077_/Q
 _12078_/Q
 _12079_/Q
 _12080_/Q
 _12081_/Q
 _12082_/Q
 _12083_/Q
 _12084_/Q
 _12085_/Q
 _12086_/Q
 _12087_/Q
 _12088_/Q
 _12089_/Q
 _12090_/Q
 _12091_/Q
 _12092_/Q
 _12093_/Q
 _12094_/Q
 _12095_/Q
 _12096_/Q
Found 0 partially unannotated drivers.

===========================================================================
max slew violation count 1024
max fanout violation count 177
max cap violation count 7
============================================================================

===========================================================================
check_setup -verbose -unconstrained_endpoints -multiple_clock -no_clock -no_input_delay -loops -generated_clocks
===========================================================================
Warning: There are 3 unconstrained endpoints.
  analog_error_x_output
  analog_error_y_output
  analog_readout_output
