Instance,Terminal,Layer,X location,Y location,Voltage
FILLER_81_573,VSS,Metal1,327.8800,337.1200,0.000008
FILLER_81_569,VSS,Metal1,326.1000,336.7710,0.000008
FILLER_81_560,VSS,Metal1,320.6000,337.1200,0.000008
FILLER_81_558,VSS,Metal1,319.7600,337.1200,0.000008
FILLER_81_554,VSS,Metal1,317.7000,336.7710,0.000008
FILLER_81_546,VSS,Metal1,314.2130,336.6580,0.000008
FILLER_81_543,VSS,Metal1,311.0800,337.1200,0.000008
FILLER_81_527,VSS,Metal1,305.7120,336.5720,0.000008
FILLER_81_518,VSS,Metal1,297.0800,337.1200,0.000008
FILLER_81_516,VSS,Metal1,296.2400,337.1200,0.000008
FILLER_81_512,VSS,Metal1,294.1800,336.7710,0.000008
FILLER_81_508,VSS,Metal1,291.7600,337.1200,0.000008
FILLER_81_500,VSS,Metal1,288.4530,336.6580,0.000008
FILLER_81_484,VSS,Metal1,281.6320,336.5720,0.000008
FILLER_81_441,VSS,Metal1,253.9600,337.1200,0.000007
FILLER_81_434,VSS,Metal1,250.0400,337.1200,0.000007
FILLER_81_426,VSS,Metal1,247.0130,336.6580,0.000007
FILLER_81_410,VSS,Metal1,240.1920,336.5720,0.000007
FILLER_81_407,VSS,Metal1,234.9200,337.1200,0.000006
FILLER_81_399,VSS,Metal1,231.8930,336.6580,0.000006
FILLER_81_392,VSS,Metal1,226.5200,337.1200,0.000006
FILLER_81_376,VSS,Metal1,221.1520,336.5720,0.000006
FILLER_81_342,VSS,Metal1,206.5240,336.5220,0.000006
FILLER_81_339,VSS,Metal1,196.8400,337.1200,0.000006
FILLER_81_335,VSS,Metal1,195.0600,336.7710,0.000006
FILLER_81_319,VSS,Metal1,189.2320,336.5720,0.000006
FILLER_81_312,VSS,Metal1,181.7200,337.1200,0.000005
FILLER_81_308,VSS,Metal1,179.9400,336.7710,0.000005
FILLER_81_274,VSS,Metal1,168.4440,336.5220,0.000005
FILLER_81_256,VSS,Metal1,151.8130,336.6580,0.000005
FILLER_81_240,VSS,Metal1,144.9920,336.5720,0.000005
FILLER_81_237,VSS,Metal1,139.7200,337.1200,0.000005
FILLER_81_233,VSS,Metal1,137.9400,336.7710,0.000005
FILLER_81_224,VSS,Metal1,132.4400,337.1200,0.000005
FILLER_81_222,VSS,Metal1,131.6000,337.1200,0.000005
FILLER_81_206,VSS,Metal1,125.9520,336.5720,0.000005
FILLER_81_203,VSS,Metal1,120.6800,337.1200,0.000005
FILLER_81_199,VSS,Metal1,118.9000,336.7710,0.000005
FILLER_81_191,VSS,Metal1,115.4130,336.6580,0.000005
FILLER_81_182,VSS,Metal1,108.9200,337.1200,0.000005
FILLER_81_180,VSS,Metal1,108.0800,337.1200,0.000005
FILLER_81_172,VSS,Metal1,104.7730,336.6580,0.000005
FILLER_81_169,VSS,Metal1,101.6400,337.1200,0.000005
FILLER_81_167,VSS,Metal1,100.8000,337.1200,0.000004
FILLER_81_163,VSS,Metal1,98.7400,336.7710,0.000004
FILLER_81_147,VSS,Metal1,92.9120,336.5720,0.000004
FILLER_81_140,VSS,Metal1,85.4000,337.1200,0.000004
FILLER_81_138,VSS,Metal1,84.5600,337.1200,0.000004
FILLER_81_104,VSS,Metal1,73.2440,336.5220,0.000004
FILLER_81_94,VSS,Metal1,59.9200,337.1200,0.000004
FILLER_81_86,VSS,Metal1,56.6130,336.6580,0.000004
FILLER_81_70,VSS,Metal1,49.7920,336.5720,0.000004
FILLER_81_67,VSS,Metal1,44.5200,337.1200,0.000004
FILLER_81_63,VSS,Metal1,42.7400,336.7710,0.000004
FILLER_81_56,VSS,Metal1,38.3600,337.1200,0.000004
FILLER_81_52,VSS,Metal1,36.5800,336.7710,0.000004
FILLER_81_36,VSS,Metal1,30.7520,336.5720,0.000004
FILLER_81_33,VSS,Metal1,25.4800,337.1200,0.000004
FILLER_81_31,VSS,Metal1,24.6400,337.1200,0.000004
FILLER_81_23,VSS,Metal1,21.3330,336.6580,0.000004
FILLER_81_14,VSS,Metal1,14.8400,337.1200,0.000004
FILLER_81_10,VSS,Metal1,13.0600,336.7710,0.000004
FILLER_81_2,VSS,Metal1,9.5730,336.6580,0.000004
FILLER_80_573,VSS,Metal1,327.8800,329.2800,0.000016
FILLER_80_571,VSS,Metal1,327.0400,329.2800,0.000016
FILLER_80_567,VSS,Metal1,324.9800,329.6285,0.000016
FILLER_80_559,VSS,Metal1,321.4930,329.7415,0.000016
FILLER_80_527,VSS,Metal1,310.1240,329.8775,0.000016
FILLER_80_521,VSS,Metal1,299.2200,329.6285,0.000016
FILLER_80_513,VSS,Metal1,295.7330,329.7415,0.000016
FILLER_80_497,VSS,Metal1,288.9120,329.8280,0.000016
FILLER_80_423,VSS,Metal1,247.4720,329.8280,0.000016
FILLER_80_381,VSS,Metal1,220.8200,329.6285,0.000015
FILLER_80_317,VSS,Metal1,201.4445,329.9175,0.000015
FILLER_80_307,VSS,Metal1,179.2000,329.2800,0.000015
FILLER_80_303,VSS,Metal1,177.1400,329.6285,0.000015
FILLER_80_295,VSS,Metal1,173.6530,329.7415,0.000015
FILLER_80_279,VSS,Metal1,166.8320,329.8280,0.000015
FILLER_80_247,VSS,Metal1,153.3240,329.8775,0.000015
FILLER_80_241,VSS,Metal1,142.4200,329.6285,0.000015
FILLER_80_177,VSS,Metal1,123.0445,329.9175,0.000015
FILLER_80_171,VSS,Metal1,103.2200,329.6285,0.000015
FILLER_80_107,VSS,Metal1,83.8445,329.9175,0.000015
FILLER_80_101,VSS,Metal1,64.0200,329.6285,0.000015
FILLER_80_37,VSS,Metal1,44.6445,329.9175,0.000015
FILLER_80_34,VSS,Metal1,26.0400,329.2800,0.000015
FILLER_80_2,VSS,Metal1,16.1240,329.8775,0.000015
FILLER_79_570,VSS,Metal1,326.6600,328.9310,0.000016
FILLER_79_562,VSS,Metal1,323.1730,328.8180,0.000016
FILLER_79_556,VSS,Metal1,318.8200,328.9310,0.000016
FILLER_79_492,VSS,Metal1,299.4445,328.6420,0.000016
FILLER_79_416,VSS,Metal1,240.4200,328.9310,0.000015
FILLER_79_352,VSS,Metal1,221.0445,328.6420,0.000015
FILLER_79_346,VSS,Metal1,201.2200,328.9310,0.000015
FILLER_79_282,VSS,Metal1,181.8445,328.6420,0.000015
FILLER_79_276,VSS,Metal1,162.0200,328.9310,0.000015
FILLER_79_212,VSS,Metal1,142.6445,328.6420,0.000015
FILLER_79_206,VSS,Metal1,122.8200,328.9310,0.000015
FILLER_79_142,VSS,Metal1,103.4445,328.6420,0.000015
FILLER_79_136,VSS,Metal1,83.6200,328.9310,0.000015
FILLER_79_72,VSS,Metal1,64.2445,328.6420,0.000015
FILLER_79_66,VSS,Metal1,44.4200,328.9310,0.000015
FILLER_79_2,VSS,Metal1,25.0445,328.6420,0.000015
FILLER_78_573,VSS,Metal1,327.8800,321.4400,0.000015
FILLER_78_571,VSS,Metal1,327.0400,321.4400,0.000015
FILLER_78_567,VSS,Metal1,324.9800,321.7885,0.000015
FILLER_78_559,VSS,Metal1,321.4930,321.9015,0.000015
FILLER_78_527,VSS,Metal1,310.1240,322.0375,0.000015
FILLER_78_524,VSS,Metal1,300.4400,321.4400,0.000015
FILLER_78_516,VSS,Metal1,297.4130,321.9015,0.000015
FILLER_78_506,VSS,Metal1,290.8200,321.7885,0.000015
FILLER_78_498,VSS,Metal1,287.3330,321.9015,0.000015
FILLER_78_457,VSS,Metal1,262.9200,321.4400,0.000015
FILLER_78_454,VSS,Metal1,261.2400,321.4400,0.000014
FILLER_78_413,VSS,Metal1,238.2800,321.4400,0.000013
FILLER_78_411,VSS,Metal1,237.4400,321.4400,0.000012
FILLER_78_403,VSS,Metal1,234.1330,321.9015,0.000012
FILLER_78_387,VSS,Metal1,227.3120,321.9880,0.000012
FILLER_78_381,VSS,Metal1,220.8200,321.7885,0.000012
FILLER_78_317,VSS,Metal1,201.4445,322.0775,0.000012
FILLER_78_311,VSS,Metal1,181.6200,321.7885,0.000012
FILLER_78_247,VSS,Metal1,162.2445,322.0775,0.000012
FILLER_78_241,VSS,Metal1,142.4200,321.7885,0.000012
FILLER_78_177,VSS,Metal1,123.0445,322.0775,0.000012
FILLER_78_171,VSS,Metal1,103.2200,321.7885,0.000012
FILLER_78_107,VSS,Metal1,83.8445,322.0775,0.000012
FILLER_78_101,VSS,Metal1,64.0200,321.7885,0.000012
FILLER_78_37,VSS,Metal1,44.6445,322.0775,0.000012
FILLER_78_34,VSS,Metal1,26.0400,321.4400,0.000012
FILLER_78_2,VSS,Metal1,16.1240,322.0375,0.000012
FILLER_77_570,VSS,Metal1,326.6600,321.0910,0.000015
FILLER_77_562,VSS,Metal1,323.1730,320.9780,0.000015
FILLER_77_556,VSS,Metal1,318.8200,321.0910,0.000015
FILLER_77_492,VSS,Metal1,299.4445,320.8020,0.000015
FILLER_77_488,VSS,Metal1,280.5600,321.4400,0.000015
FILLER_77_422,VSS,Metal1,251.3240,320.8420,0.000014
FILLER_77_416,VSS,Metal1,240.4200,321.0910,0.000014
FILLER_77_410,VSS,Metal1,236.6000,321.4400,0.000012
FILLER_77_408,VSS,Metal1,235.7600,321.4400,0.000012
FILLER_77_400,VSS,Metal1,232.4530,320.9780,0.000012
FILLER_77_384,VSS,Metal1,225.6320,320.8920,0.000012
FILLER_77_352,VSS,Metal1,212.1240,320.8420,0.000012
FILLER_77_346,VSS,Metal1,201.2200,321.0910,0.000012
FILLER_77_282,VSS,Metal1,181.8445,320.8020,0.000012
FILLER_77_276,VSS,Metal1,162.0200,321.0910,0.000012
FILLER_77_212,VSS,Metal1,142.6445,320.8020,0.000012
FILLER_77_206,VSS,Metal1,122.8200,321.0910,0.000012
FILLER_77_142,VSS,Metal1,103.4445,320.8020,0.000012
FILLER_77_136,VSS,Metal1,83.6200,321.0910,0.000012
FILLER_77_72,VSS,Metal1,64.2445,320.8020,0.000012
FILLER_77_66,VSS,Metal1,44.4200,321.0910,0.000012
FILLER_77_2,VSS,Metal1,25.0445,320.8020,0.000012
FILLER_76_561,VSS,Metal1,321.1600,313.6000,0.000013
FILLER_76_559,VSS,Metal1,320.3200,313.6000,0.000013
FILLER_76_527,VSS,Metal1,310.1240,314.1975,0.000013
FILLER_76_517,VSS,Metal1,297.9730,314.0615,0.000013
FILLER_76_482,VSS,Metal1,276.9200,313.6000,0.000013
FILLER_76_478,VSS,Metal1,275.1400,313.9485,0.000013
FILLER_76_462,VSS,Metal1,269.3120,314.1480,0.000013
FILLER_76_457,VSS,Metal1,262.9200,313.6000,0.000013
FILLER_76_447,VSS,Metal1,257.3200,313.6000,0.000013
FILLER_76_445,VSS,Metal1,256.4800,313.6000,0.000013
FILLER_76_437,VSS,Metal1,253.1730,314.0615,0.000013
FILLER_76_387,VSS,Metal1,227.3120,314.1480,0.000013
FILLER_76_381,VSS,Metal1,220.8200,313.9485,0.000013
FILLER_76_317,VSS,Metal1,201.4445,314.2375,0.000013
FILLER_76_311,VSS,Metal1,181.6200,313.9485,0.000013
FILLER_76_247,VSS,Metal1,162.2445,314.2375,0.000013
FILLER_76_241,VSS,Metal1,142.4200,313.9485,0.000013
FILLER_76_177,VSS,Metal1,123.0445,314.2375,0.000013
FILLER_76_171,VSS,Metal1,103.2200,313.9485,0.000013
FILLER_76_107,VSS,Metal1,83.8445,314.2375,0.000013
FILLER_76_101,VSS,Metal1,64.0200,313.9485,0.000013
FILLER_76_37,VSS,Metal1,44.6445,314.2375,0.000013
FILLER_76_34,VSS,Metal1,26.0400,313.6000,0.000013
FILLER_76_2,VSS,Metal1,16.1240,314.1975,0.000013
FILLER_75_556,VSS,Metal1,318.8200,313.2510,0.000013
FILLER_75_492,VSS,Metal1,299.4445,312.9620,0.000013
FILLER_75_489,VSS,Metal1,280.8400,313.6000,0.000013
FILLER_75_473,VSS,Metal1,275.4720,313.0520,0.000013
FILLER_75_464,VSS,Metal1,266.8400,313.6000,0.000013
FILLER_75_440,VSS,Metal1,253.6800,313.6000,0.000013
FILLER_75_418,VSS,Metal1,241.3600,313.6000,0.000013
FILLER_75_392,VSS,Metal1,226.5200,313.6000,0.000013
FILLER_75_384,VSS,Metal1,223.4930,313.1380,0.000013
FILLER_75_352,VSS,Metal1,212.1240,313.0020,0.000013
FILLER_75_346,VSS,Metal1,201.2200,313.2510,0.000013
FILLER_75_282,VSS,Metal1,181.8445,312.9620,0.000013
FILLER_75_276,VSS,Metal1,162.0200,313.2510,0.000013
FILLER_75_212,VSS,Metal1,142.6445,312.9620,0.000013
FILLER_75_206,VSS,Metal1,122.8200,313.2510,0.000013
FILLER_75_142,VSS,Metal1,103.4445,312.9620,0.000013
FILLER_75_136,VSS,Metal1,83.6200,313.2510,0.000013
FILLER_75_72,VSS,Metal1,64.2445,312.9620,0.000013
FILLER_75_68,VSS,Metal1,45.3600,313.6000,0.000013
FILLER_75_64,VSS,Metal1,43.3000,313.2510,0.000013
FILLER_75_56,VSS,Metal1,39.8130,313.1380,0.000013
FILLER_75_40,VSS,Metal1,32.9920,313.0520,0.000013
FILLER_75_8,VSS,Metal1,19.4840,313.0020,0.000013
FILLER_74_555,VSS,Metal1,317.8000,305.7600,0.000029
FILLER_74_551,VSS,Metal1,316.0200,306.1085,0.000029
FILLER_74_543,VSS,Metal1,312.5330,306.2215,0.000029
FILLER_74_527,VSS,Metal1,305.7120,306.3080,0.000029
FILLER_74_521,VSS,Metal1,299.2200,306.1085,0.000029
FILLER_74_505,VSS,Metal1,293.3920,306.3080,0.000029
FILLER_74_473,VSS,Metal1,279.8840,306.3575,0.000029
FILLER_74_430,VSS,Metal1,247.8000,305.7600,0.000029
FILLER_74_395,VSS,Metal1,228.2000,305.7600,0.000028
FILLER_74_387,VSS,Metal1,225.1730,306.2215,0.000028
FILLER_74_381,VSS,Metal1,220.8200,306.1085,0.000028
FILLER_74_317,VSS,Metal1,201.4445,306.3975,0.000026
FILLER_74_311,VSS,Metal1,181.6200,306.1085,0.000026
FILLER_74_247,VSS,Metal1,162.2445,306.3975,0.000026
FILLER_74_241,VSS,Metal1,142.4200,306.1085,0.000026
FILLER_74_177,VSS,Metal1,123.0445,306.3975,0.000026
FILLER_74_171,VSS,Metal1,103.2200,306.1085,0.000026
FILLER_74_107,VSS,Metal1,83.8445,306.3975,0.000026
FILLER_74_101,VSS,Metal1,64.0200,306.1085,0.000026
FILLER_74_37,VSS,Metal1,44.6445,306.3975,0.000026
FILLER_74_34,VSS,Metal1,26.0400,305.7600,0.000026
FILLER_74_32,VSS,Metal1,25.2000,305.7600,0.000026
FILLER_74_28,VSS,Metal1,23.1400,306.1085,0.000026
FILLER_74_20,VSS,Metal1,19.6530,306.2215,0.000026
FILLER_73_552,VSS,Metal1,316.4000,305.7600,0.000029
FILLER_73_548,VSS,Metal1,314.3400,305.4110,0.000029
FILLER_73_540,VSS,Metal1,310.8530,305.2980,0.000029
FILLER_73_524,VSS,Metal1,304.0320,305.2120,0.000029
FILLER_73_492,VSS,Metal1,290.5240,305.1620,0.000029
FILLER_73_489,VSS,Metal1,280.8400,305.7600,0.000029
FILLER_73_473,VSS,Metal1,275.4720,305.2120,0.000029
FILLER_73_430,VSS,Metal1,247.8000,305.7600,0.000029
FILLER_73_378,VSS,Metal1,218.6800,305.7600,0.000026
FILLER_73_376,VSS,Metal1,217.8400,305.7600,0.000026
FILLER_73_368,VSS,Metal1,214.5330,305.2980,0.000026
FILLER_73_352,VSS,Metal1,207.7120,305.2120,0.000026
FILLER_73_346,VSS,Metal1,201.2200,305.4110,0.000026
FILLER_73_282,VSS,Metal1,181.8445,305.1220,0.000026
FILLER_73_276,VSS,Metal1,162.0200,305.4110,0.000026
FILLER_73_212,VSS,Metal1,142.6445,305.1220,0.000026
FILLER_73_206,VSS,Metal1,122.8200,305.4110,0.000026
FILLER_73_142,VSS,Metal1,103.4445,305.1220,0.000026
FILLER_73_136,VSS,Metal1,83.6200,305.4110,0.000026
FILLER_73_72,VSS,Metal1,64.2445,305.1220,0.000026
FILLER_73_68,VSS,Metal1,45.3600,305.7600,0.000026
FILLER_73_64,VSS,Metal1,43.3000,305.4110,0.000026
FILLER_73_48,VSS,Metal1,37.4720,305.2120,0.000026
FILLER_73_16,VSS,Metal1,23.9640,305.1620,0.000026
FILLER_72_549,VSS,Metal1,314.4400,297.9200,0.000061
FILLER_72_547,VSS,Metal1,313.6000,297.9200,0.000061
FILLER_72_543,VSS,Metal1,311.5400,298.2685,0.000061
FILLER_72_527,VSS,Metal1,305.7120,298.4680,0.000061
FILLER_72_523,VSS,Metal1,300.1600,297.9200,0.000061
FILLER_72_515,VSS,Metal1,296.8530,298.3815,0.000061
FILLER_72_483,VSS,Metal1,285.4840,298.5175,0.000061
FILLER_72_454,VSS,Metal1,261.2400,297.9200,0.000051
FILLER_72_452,VSS,Metal1,260.4000,297.9200,0.000049
FILLER_72_448,VSS,Metal1,258.3400,298.2685,0.000049
FILLER_72_401,VSS,Metal1,231.5600,297.9200,0.000047
FILLER_72_399,VSS,Metal1,230.7200,297.9200,0.000046
FILLER_72_395,VSS,Metal1,228.6600,298.2685,0.000046
FILLER_72_387,VSS,Metal1,225.1730,298.3815,0.000046
FILLER_72_383,VSS,Metal1,221.7600,297.9200,0.000046
FILLER_72_361,VSS,Metal1,209.1600,297.9200,0.000042
FILLER_72_357,VSS,Metal1,207.3800,298.2685,0.000041
FILLER_72_349,VSS,Metal1,203.8930,298.3815,0.000040
FILLER_72_317,VSS,Metal1,192.5240,298.5175,0.000038
FILLER_72_311,VSS,Metal1,181.6200,298.2685,0.000038
FILLER_72_247,VSS,Metal1,162.2445,298.5575,0.000038
FILLER_72_241,VSS,Metal1,142.4200,298.2685,0.000038
FILLER_72_177,VSS,Metal1,123.0445,298.5575,0.000038
FILLER_72_171,VSS,Metal1,103.2200,298.2685,0.000038
FILLER_72_107,VSS,Metal1,83.8445,298.5575,0.000038
FILLER_72_101,VSS,Metal1,64.0200,298.2685,0.000038
FILLER_72_37,VSS,Metal1,44.6445,298.5575,0.000038
FILLER_72_34,VSS,Metal1,26.0400,297.9200,0.000038
FILLER_72_26,VSS,Metal1,23.0130,298.3815,0.000038
FILLER_71_552,VSS,Metal1,316.4000,297.9200,0.000061
FILLER_71_548,VSS,Metal1,314.3400,297.5710,0.000061
FILLER_71_540,VSS,Metal1,310.8530,297.4580,0.000061
FILLER_71_524,VSS,Metal1,304.0320,297.3720,0.000061
FILLER_71_492,VSS,Metal1,290.5240,297.3220,0.000061
FILLER_71_486,VSS,Metal1,279.6200,297.5710,0.000061
FILLER_71_478,VSS,Metal1,276.1330,297.4580,0.000060
FILLER_71_454,VSS,Metal1,261.2400,297.9200,0.000051
FILLER_71_452,VSS,Metal1,260.4000,297.9200,0.000049
FILLER_71_448,VSS,Metal1,258.3400,297.5710,0.000049
FILLER_71_440,VSS,Metal1,254.8530,297.4580,0.000049
FILLER_71_424,VSS,Metal1,244.4400,297.9200,0.000048
FILLER_71_422,VSS,Metal1,243.6000,297.9200,0.000048
FILLER_71_418,VSS,Metal1,241.3600,297.9200,0.000048
FILLER_71_404,VSS,Metal1,233.2400,297.9200,0.000047
FILLER_71_400,VSS,Metal1,231.4600,297.5710,0.000047
FILLER_71_356,VSS,Metal1,206.6400,297.9200,0.000040
FILLER_71_352,VSS,Metal1,204.5800,297.5710,0.000040
FILLER_71_346,VSS,Metal1,201.2200,297.5710,0.000039
FILLER_71_282,VSS,Metal1,181.8445,297.2820,0.000038
FILLER_71_276,VSS,Metal1,162.0200,297.5710,0.000038
FILLER_71_212,VSS,Metal1,142.6445,297.2820,0.000038
FILLER_71_206,VSS,Metal1,122.8200,297.5710,0.000038
FILLER_71_142,VSS,Metal1,103.4445,297.2820,0.000038
FILLER_71_136,VSS,Metal1,83.6200,297.5710,0.000038
FILLER_71_72,VSS,Metal1,64.2445,297.2820,0.000038
FILLER_71_66,VSS,Metal1,44.4200,297.5710,0.000038
FILLER_71_58,VSS,Metal1,40.9330,297.4580,0.000038
FILLER_71_26,VSS,Metal1,29.5640,297.3220,0.000038
FILLER_70_547,VSS,Metal1,313.3200,290.0800,0.000060
FILLER_70_543,VSS,Metal1,311.5400,290.4285,0.000060
FILLER_70_527,VSS,Metal1,305.7120,290.6280,0.000060
FILLER_70_493,VSS,Metal1,291.0840,290.6775,0.000060
FILLER_70_457,VSS,Metal1,263.2000,290.0800,0.000060
FILLER_70_443,VSS,Metal1,255.5400,290.4285,0.000059
FILLER_70_405,VSS,Metal1,234.0800,290.0800,0.000058
FILLER_70_401,VSS,Metal1,232.0200,290.4285,0.000058
FILLER_70_393,VSS,Metal1,228.5330,290.5415,0.000058
FILLER_70_381,VSS,Metal1,220.8200,290.4285,0.000058
FILLER_70_373,VSS,Metal1,217.3330,290.5415,0.000058
FILLER_70_329,VSS,Metal1,191.5200,290.0800,0.000056
FILLER_70_325,VSS,Metal1,189.4600,290.4285,0.000055
FILLER_70_317,VSS,Metal1,185.9730,290.5415,0.000055
FILLER_70_311,VSS,Metal1,181.6200,290.4285,0.000054
FILLER_70_247,VSS,Metal1,162.2445,290.7175,0.000053
FILLER_70_241,VSS,Metal1,142.4200,290.4285,0.000053
FILLER_70_177,VSS,Metal1,123.0445,290.7175,0.000053
FILLER_70_171,VSS,Metal1,103.2200,290.4285,0.000053
FILLER_70_107,VSS,Metal1,83.8445,290.7175,0.000053
FILLER_70_101,VSS,Metal1,64.0200,290.4285,0.000053
FILLER_70_37,VSS,Metal1,44.6445,290.7175,0.000053
FILLER_70_34,VSS,Metal1,26.0400,290.0800,0.000053
FILLER_70_26,VSS,Metal1,23.0130,290.5415,0.000053
FILLER_69_547,VSS,Metal1,313.3200,290.0800,0.000060
FILLER_69_543,VSS,Metal1,311.5400,289.7310,0.000060
FILLER_69_511,VSS,Metal1,301.1640,289.4820,0.000060
FILLER_69_502,VSS,Metal1,288.1200,290.0800,0.000060
FILLER_69_500,VSS,Metal1,287.2800,290.0800,0.000060
FILLER_69_492,VSS,Metal1,283.9730,289.6180,0.000060
FILLER_69_474,VSS,Metal1,272.4400,290.0800,0.000060
FILLER_69_472,VSS,Metal1,271.6000,290.0800,0.000060
FILLER_69_422,VSS,Metal1,243.3200,290.0800,0.000059
FILLER_69_410,VSS,Metal1,236.8800,290.0800,0.000059
FILLER_69_402,VSS,Metal1,233.5730,289.6180,0.000058
FILLER_69_360,VSS,Metal1,208.6000,290.0800,0.000058
FILLER_69_352,VSS,Metal1,205.5730,289.6180,0.000058
FILLER_69_333,VSS,Metal1,193.4800,290.0800,0.000058
FILLER_69_331,VSS,Metal1,192.6400,290.0800,0.000058
FILLER_69_306,VSS,Metal1,178.3600,290.0800,0.000053
FILLER_69_298,VSS,Metal1,175.3330,289.6180,0.000053
FILLER_69_292,VSS,Metal1,170.5200,290.0800,0.000053
FILLER_69_290,VSS,Metal1,169.6800,290.0800,0.000053
FILLER_69_282,VSS,Metal1,166.3730,289.6180,0.000053
FILLER_69_276,VSS,Metal1,162.0200,289.7310,0.000053
FILLER_69_212,VSS,Metal1,142.6445,289.4420,0.000053
FILLER_69_206,VSS,Metal1,122.8200,289.7310,0.000053
FILLER_69_142,VSS,Metal1,103.4445,289.4420,0.000053
FILLER_69_136,VSS,Metal1,83.6200,289.7310,0.000053
FILLER_69_72,VSS,Metal1,64.2445,289.4420,0.000053
FILLER_69_66,VSS,Metal1,44.4200,289.7310,0.000053
FILLER_69_58,VSS,Metal1,40.9330,289.6180,0.000053
FILLER_69_26,VSS,Metal1,29.5640,289.4820,0.000053
FILLER_68_543,VSS,Metal1,311.0800,282.2400,0.000048
FILLER_68_527,VSS,Metal1,305.7120,282.7880,0.000048
FILLER_68_523,VSS,Metal1,300.1600,282.2400,0.000048
FILLER_68_481,VSS,Metal1,276.6400,282.2400,0.000048
FILLER_68_477,VSS,Metal1,274.5800,282.5885,0.000047
FILLER_68_471,VSS,Metal1,270.7600,282.2400,0.000047
FILLER_68_469,VSS,Metal1,269.9200,282.2400,0.000047
FILLER_68_465,VSS,Metal1,267.8600,282.5885,0.000047
FILLER_68_454,VSS,Metal1,261.2400,282.2400,0.000047
FILLER_68_452,VSS,Metal1,260.4000,282.2400,0.000047
FILLER_68_444,VSS,Metal1,257.0930,282.7015,0.000047
FILLER_68_428,VSS,Metal1,250.2720,282.7880,0.000047
FILLER_68_407,VSS,Metal1,234.9200,282.2400,0.000046
FILLER_68_405,VSS,Metal1,234.0800,282.2400,0.000046
FILLER_68_401,VSS,Metal1,232.0200,282.5885,0.000046
FILLER_68_391,VSS,Metal1,226.2400,282.2400,0.000034
FILLER_68_359,VSS,Metal1,208.0400,282.2400,0.000034
FILLER_68_357,VSS,Metal1,207.2000,282.2400,0.000033
FILLER_68_314,VSS,Metal1,182.8400,282.2400,0.000032
FILLER_68_310,VSS,Metal1,181.0600,282.5885,0.000032
FILLER_68_253,VSS,Metal1,148.6800,282.2400,0.000031
FILLER_68_251,VSS,Metal1,147.8400,282.2400,0.000031
FILLER_68_247,VSS,Metal1,145.7800,282.5885,0.000031
FILLER_68_244,VSS,Metal1,143.6400,282.2400,0.000031
FILLER_68_240,VSS,Metal1,141.8600,282.5885,0.000031
FILLER_68_224,VSS,Metal1,136.0320,282.7880,0.000031
FILLER_68_192,VSS,Metal1,122.5240,282.8375,0.000031
FILLER_68_173,VSS,Metal1,104.1600,282.2400,0.000031
FILLER_68_165,VSS,Metal1,100.8530,282.7015,0.000031
FILLER_68_147,VSS,Metal1,89.6000,282.2400,0.000030
FILLER_68_139,VSS,Metal1,86.2930,282.7015,0.000030
FILLER_68_107,VSS,Metal1,74.9240,282.8375,0.000030
FILLER_68_101,VSS,Metal1,64.0200,282.5885,0.000030
FILLER_68_37,VSS,Metal1,44.6445,282.8775,0.000030
FILLER_68_34,VSS,Metal1,26.0400,282.2400,0.000030
FILLER_68_30,VSS,Metal1,24.2600,282.5885,0.000030
FILLER_68_22,VSS,Metal1,20.7730,282.7015,0.000030
FILLER_67_562,VSS,Metal1,322.1800,281.8910,0.000048
FILLER_67_546,VSS,Metal1,313.0400,282.2400,0.000048
FILLER_67_530,VSS,Metal1,307.3920,281.6920,0.000048
FILLER_67_483,VSS,Metal1,277.4800,282.2400,0.000048
FILLER_67_479,VSS,Metal1,275.7000,281.8910,0.000048
FILLER_67_437,VSS,Metal1,253.1730,281.7780,0.000047
FILLER_67_427,VSS,Metal1,246.4000,282.2400,0.000047
FILLER_67_400,VSS,Metal1,231.0000,282.2400,0.000034
FILLER_67_398,VSS,Metal1,230.1600,282.2400,0.000034
FILLER_67_356,VSS,Metal1,206.6400,282.2400,0.000033
FILLER_67_352,VSS,Metal1,204.5800,281.8910,0.000033
FILLER_67_348,VSS,Metal1,202.1600,282.2400,0.000032
FILLER_67_344,VSS,Metal1,200.1000,281.8910,0.000032
FILLER_67_298,VSS,Metal1,174.3400,281.8910,0.000032
FILLER_67_278,VSS,Metal1,162.9600,282.2400,0.000031
FILLER_67_274,VSS,Metal1,160.9000,281.8910,0.000031
FILLER_67_266,VSS,Metal1,156.2400,282.2400,0.000031
FILLER_67_258,VSS,Metal1,152.9330,281.7780,0.000031
FILLER_67_242,VSS,Metal1,146.1120,281.6920,0.000031
FILLER_67_235,VSS,Metal1,138.6000,282.2400,0.000031
FILLER_67_231,VSS,Metal1,136.8200,281.8910,0.000031
FILLER_67_225,VSS,Metal1,133.0000,282.2400,0.000031
FILLER_67_216,VSS,Metal1,127.9600,282.2400,0.000031
FILLER_67_212,VSS,Metal1,126.1800,281.8910,0.000031
FILLER_67_158,VSS,Metal1,95.9400,281.8910,0.000030
FILLER_67_142,VSS,Metal1,90.1120,281.6920,0.000030
FILLER_67_136,VSS,Metal1,83.6200,281.8910,0.000030
FILLER_67_72,VSS,Metal1,64.2445,281.6020,0.000030
FILLER_67_66,VSS,Metal1,44.4200,281.8910,0.000030
FILLER_67_58,VSS,Metal1,40.9330,281.7780,0.000030
FILLER_67_26,VSS,Metal1,29.5640,281.6420,0.000030
FILLER_66_570,VSS,Metal1,326.6600,274.7485,0.000059
FILLER_66_541,VSS,Metal1,309.9600,274.4000,0.000059
FILLER_66_539,VSS,Metal1,309.1200,274.4000,0.000059
FILLER_66_535,VSS,Metal1,307.0600,274.7485,0.000059
FILLER_66_527,VSS,Metal1,303.5730,274.8615,0.000059
FILLER_66_524,VSS,Metal1,300.4400,274.4000,0.000059
FILLER_66_457,VSS,Metal1,263.2000,274.4000,0.000058
FILLER_66_447,VSS,Metal1,258.7730,274.8615,0.000058
FILLER_66_402,VSS,Metal1,232.1200,274.4000,0.000056
FILLER_66_391,VSS,Metal1,226.2400,274.4000,0.000056
FILLER_66_387,VSS,Metal1,224.1800,274.7485,0.000056
FILLER_66_384,VSS,Metal1,222.0400,274.4000,0.000056
FILLER_66_382,VSS,Metal1,221.2000,274.4000,0.000056
FILLER_66_378,VSS,Metal1,219.1400,274.7485,0.000056
FILLER_66_365,VSS,Metal1,211.4000,274.4000,0.000056
FILLER_66_363,VSS,Metal1,210.5600,274.4000,0.000055
FILLER_66_359,VSS,Metal1,208.5000,274.7485,0.000055
FILLER_66_351,VSS,Metal1,205.0130,274.8615,0.000054
FILLER_66_280,VSS,Metal1,163.8000,274.4000,0.000054
FILLER_66_276,VSS,Metal1,162.0200,274.7485,0.000054
FILLER_66_255,VSS,Metal1,149.8000,274.4000,0.000054
FILLER_66_247,VSS,Metal1,146.7730,274.8615,0.000054
FILLER_66_244,VSS,Metal1,143.6400,274.4000,0.000054
FILLER_66_183,VSS,Metal1,109.4800,274.4000,0.000053
FILLER_66_181,VSS,Metal1,108.6400,274.4000,0.000053
FILLER_66_177,VSS,Metal1,106.5800,274.7485,0.000053
FILLER_66_174,VSS,Metal1,104.4400,274.4000,0.000053
FILLER_66_170,VSS,Metal1,102.6600,274.7485,0.000053
FILLER_66_129,VSS,Metal1,79.2400,274.4000,0.000053
FILLER_66_127,VSS,Metal1,78.4000,274.4000,0.000053
FILLER_66_123,VSS,Metal1,76.3400,274.7485,0.000053
FILLER_66_107,VSS,Metal1,70.5120,274.9480,0.000053
FILLER_66_101,VSS,Metal1,64.0200,274.7485,0.000053
FILLER_66_37,VSS,Metal1,44.6445,275.0375,0.000053
FILLER_66_34,VSS,Metal1,26.0400,274.4000,0.000053
FILLER_66_26,VSS,Metal1,23.0130,274.8615,0.000053
FILLER_65_540,VSS,Metal1,309.6800,274.4000,0.000059
FILLER_65_532,VSS,Metal1,306.3730,273.9380,0.000059
FILLER_65_496,VSS,Metal1,285.0400,274.4000,0.000059
FILLER_65_492,VSS,Metal1,282.9800,274.0510,0.000059
FILLER_65_488,VSS,Metal1,280.5600,274.4000,0.000058
FILLER_65_438,VSS,Metal1,252.2800,274.4000,0.000056
FILLER_65_422,VSS,Metal1,243.3200,274.4000,0.000056
FILLER_65_374,VSS,Metal1,216.4400,274.4000,0.000056
FILLER_65_372,VSS,Metal1,215.6000,274.4000,0.000056
FILLER_65_368,VSS,Metal1,213.5400,274.0510,0.000056
FILLER_65_361,VSS,Metal1,209.4400,274.4000,0.000055
FILLER_65_342,VSS,Metal1,199.9730,273.9380,0.000054
FILLER_65_326,VSS,Metal1,189.5600,274.4000,0.000054
FILLER_65_324,VSS,Metal1,188.7200,274.4000,0.000054
FILLER_65_320,VSS,Metal1,186.6600,274.0510,0.000054
FILLER_65_304,VSS,Metal1,177.2400,274.4000,0.000054
FILLER_65_302,VSS,Metal1,176.4000,274.4000,0.000054
FILLER_65_298,VSS,Metal1,174.3400,274.0510,0.000054
FILLER_65_273,VSS,Metal1,159.8800,274.4000,0.000054
FILLER_65_271,VSS,Metal1,159.0400,274.4000,0.000054
FILLER_65_236,VSS,Metal1,139.1600,274.4000,0.000054
FILLER_65_232,VSS,Metal1,137.3800,274.0510,0.000054
FILLER_65_212,VSS,Metal1,126.1800,274.0510,0.000054
FILLER_65_194,VSS,Metal1,115.6400,274.4000,0.000054
FILLER_65_186,VSS,Metal1,112.6130,273.9380,0.000054
FILLER_65_146,VSS,Metal1,88.7600,274.4000,0.000053
FILLER_65_142,VSS,Metal1,86.9800,274.0510,0.000053
FILLER_65_136,VSS,Metal1,83.6200,274.0510,0.000053
FILLER_65_72,VSS,Metal1,64.2445,273.7620,0.000053
FILLER_65_66,VSS,Metal1,44.4200,274.0510,0.000053
FILLER_65_58,VSS,Metal1,40.9330,273.9380,0.000053
FILLER_65_26,VSS,Metal1,29.5640,273.8020,0.000053
FILLER_64_537,VSS,Metal1,307.7200,266.5600,0.000051
FILLER_64_535,VSS,Metal1,306.8800,266.5600,0.000051
FILLER_64_527,VSS,Metal1,303.5730,267.0215,0.000051
FILLER_64_524,VSS,Metal1,300.4400,266.5600,0.000051
FILLER_64_522,VSS,Metal1,299.6000,266.5600,0.000051
FILLER_64_518,VSS,Metal1,297.5400,266.9085,0.000051
FILLER_64_498,VSS,Metal1,286.3400,266.9085,0.000050
FILLER_64_473,VSS,Metal1,272.1600,266.5600,0.000050
FILLER_64_465,VSS,Metal1,268.8530,267.0215,0.000050
FILLER_64_401,VSS,Metal1,231.5600,266.5600,0.000047
FILLER_64_399,VSS,Metal1,230.7200,266.5600,0.000045
FILLER_64_395,VSS,Metal1,228.6600,266.9085,0.000045
FILLER_64_384,VSS,Metal1,222.0400,266.5600,0.000044
FILLER_64_335,VSS,Metal1,194.6000,266.5600,0.000043
FILLER_64_333,VSS,Metal1,193.7600,266.5600,0.000043
FILLER_64_317,VSS,Metal1,188.1120,267.1080,0.000043
FILLER_64_313,VSS,Metal1,182.5600,266.5600,0.000043
FILLER_64_303,VSS,Metal1,176.9600,266.5600,0.000043
FILLER_64_295,VSS,Metal1,173.6530,267.0215,0.000043
FILLER_64_283,VSS,Metal1,165.4800,266.5600,0.000043
FILLER_64_279,VSS,Metal1,163.7000,266.9085,0.000042
FILLER_64_247,VSS,Metal1,153.3240,267.1575,0.000042
FILLER_64_244,VSS,Metal1,143.6400,266.5600,0.000042
FILLER_64_229,VSS,Metal1,135.7000,266.9085,0.000042
FILLER_64_185,VSS,Metal1,111.0600,266.9085,0.000041
FILLER_64_177,VSS,Metal1,107.5730,267.0215,0.000041
FILLER_64_174,VSS,Metal1,104.4400,266.5600,0.000041
FILLER_64_157,VSS,Metal1,94.9200,266.5600,0.000038
FILLER_64_155,VSS,Metal1,94.0800,266.5600,0.000038
FILLER_64_151,VSS,Metal1,92.0200,266.9085,0.000038
FILLER_64_139,VSS,Metal1,84.8400,266.5600,0.000036
FILLER_64_107,VSS,Metal1,74.9240,267.1575,0.000036
FILLER_64_101,VSS,Metal1,64.0200,266.9085,0.000036
FILLER_64_37,VSS,Metal1,44.6445,267.1975,0.000036
FILLER_64_34,VSS,Metal1,26.0400,266.5600,0.000036
FILLER_64_26,VSS,Metal1,23.0130,267.0215,0.000036
FILLER_63_534,VSS,Metal1,307.4930,266.0980,0.000051
FILLER_63_518,VSS,Metal1,300.6720,266.0120,0.000051
FILLER_63_488,VSS,Metal1,280.5600,266.5600,0.000050
FILLER_63_424,VSS,Metal1,244.4400,266.5600,0.000050
FILLER_63_422,VSS,Metal1,243.6000,266.5600,0.000050
FILLER_63_400,VSS,Metal1,231.4600,266.2110,0.000047
FILLER_63_374,VSS,Metal1,216.4400,266.5600,0.000043
FILLER_63_365,VSS,Metal1,211.4000,266.5600,0.000043
FILLER_63_352,VSS,Metal1,205.5730,266.0980,0.000043
FILLER_63_346,VSS,Metal1,201.2200,266.2110,0.000043
FILLER_63_282,VSS,Metal1,181.8445,265.9220,0.000043
FILLER_63_279,VSS,Metal1,163.2400,266.5600,0.000042
FILLER_63_271,VSS,Metal1,160.2130,266.0980,0.000042
FILLER_63_262,VSS,Metal1,153.7200,266.5600,0.000042
FILLER_63_260,VSS,Metal1,152.8800,266.5600,0.000042
FILLER_63_256,VSS,Metal1,150.8200,266.2110,0.000042
FILLER_63_224,VSS,Metal1,140.4440,265.9620,0.000042
FILLER_63_212,VSS,Metal1,125.7200,266.5600,0.000041
FILLER_63_208,VSS,Metal1,123.7600,266.5600,0.000041
FILLER_63_176,VSS,Metal1,113.5640,265.9620,0.000041
FILLER_63_150,VSS,Metal1,92.4530,266.0980,0.000038
FILLER_63_144,VSS,Metal1,87.6400,266.5600,0.000036
FILLER_63_142,VSS,Metal1,86.8000,266.5600,0.000036
FILLER_63_136,VSS,Metal1,83.6200,266.2110,0.000036
FILLER_63_72,VSS,Metal1,64.2445,265.9220,0.000036
FILLER_63_66,VSS,Metal1,44.4200,266.2110,0.000036
FILLER_63_58,VSS,Metal1,40.9330,266.0980,0.000036
FILLER_63_26,VSS,Metal1,29.5640,265.9620,0.000036
FILLER_62_541,VSS,Metal1,309.9600,258.7200,0.000047
FILLER_62_539,VSS,Metal1,309.1200,258.7200,0.000047
FILLER_62_535,VSS,Metal1,307.0600,259.0685,0.000047
FILLER_62_527,VSS,Metal1,303.5730,259.1815,0.000047
FILLER_62_524,VSS,Metal1,300.4400,258.7200,0.000047
FILLER_62_522,VSS,Metal1,299.6000,258.7200,0.000047
FILLER_62_518,VSS,Metal1,297.5400,259.0685,0.000047
FILLER_62_510,VSS,Metal1,294.0530,259.1815,0.000047
FILLER_62_475,VSS,Metal1,273.0000,258.7200,0.000047
FILLER_62_473,VSS,Metal1,272.1600,258.7200,0.000047
FILLER_62_454,VSS,Metal1,261.2400,258.7200,0.000039
FILLER_62_452,VSS,Metal1,260.4000,258.7200,0.000039
FILLER_62_396,VSS,Metal1,229.0400,258.7200,0.000038
FILLER_62_357,VSS,Metal1,207.3800,259.0685,0.000032
FILLER_62_349,VSS,Metal1,203.8930,259.1815,0.000032
FILLER_62_317,VSS,Metal1,192.5240,259.3175,0.000031
FILLER_62_313,VSS,Metal1,182.5600,258.7200,0.000030
FILLER_62_305,VSS,Metal1,179.2530,259.1815,0.000028
FILLER_62_273,VSS,Metal1,167.8840,259.3175,0.000028
FILLER_62_247,VSS,Metal1,145.6000,258.7200,0.000027
FILLER_62_244,VSS,Metal1,143.6400,258.7200,0.000027
FILLER_62_242,VSS,Metal1,142.8000,258.7200,0.000027
FILLER_62_210,VSS,Metal1,132.6040,259.3175,0.000027
FILLER_62_205,VSS,Metal1,121.8000,258.7200,0.000026
FILLER_62_201,VSS,Metal1,120.0200,259.0685,0.000026
FILLER_62_193,VSS,Metal1,116.5330,259.1815,0.000026
FILLER_62_177,VSS,Metal1,109.7120,259.2680,0.000026
FILLER_62_163,VSS,Metal1,98.2800,258.7200,0.000026
FILLER_62_161,VSS,Metal1,97.4400,258.7200,0.000026
FILLER_62_123,VSS,Metal1,76.3400,259.0685,0.000025
FILLER_62_107,VSS,Metal1,70.5120,259.2680,0.000025
FILLER_62_101,VSS,Metal1,64.0200,259.0685,0.000025
FILLER_62_37,VSS,Metal1,44.6445,259.3575,0.000025
FILLER_62_34,VSS,Metal1,26.0400,258.7200,0.000025
FILLER_62_32,VSS,Metal1,25.2000,258.7200,0.000025
FILLER_61_532,VSS,Metal1,305.3800,258.3710,0.000047
FILLER_61_496,VSS,Metal1,285.0400,258.7200,0.000047
FILLER_61_492,VSS,Metal1,282.9800,258.3710,0.000047
FILLER_61_489,VSS,Metal1,280.8400,258.7200,0.000047
FILLER_61_485,VSS,Metal1,279.0600,258.3710,0.000047
FILLER_61_438,VSS,Metal1,252.2800,258.7200,0.000039
FILLER_61_413,VSS,Metal1,238.2800,258.7200,0.000038
FILLER_61_364,VSS,Metal1,210.8400,258.7200,0.000034
FILLER_61_362,VSS,Metal1,210.0000,258.7200,0.000034
FILLER_61_352,VSS,Metal1,204.5800,258.3710,0.000032
FILLER_61_334,VSS,Metal1,195.4930,258.2580,0.000031
FILLER_61_318,VSS,Metal1,188.6720,258.1720,0.000031
FILLER_61_299,VSS,Metal1,174.4400,258.7200,0.000028
FILLER_61_291,VSS,Metal1,171.4130,258.2580,0.000028
FILLER_61_279,VSS,Metal1,163.2400,258.7200,0.000028
FILLER_61_277,VSS,Metal1,162.4000,258.7200,0.000028
FILLER_61_241,VSS,Metal1,142.2400,258.7200,0.000027
FILLER_61_237,VSS,Metal1,140.1800,258.3710,0.000027
FILLER_61_221,VSS,Metal1,134.3520,258.1720,0.000027
FILLER_61_202,VSS,Metal1,121.5730,258.2580,0.000026
FILLER_61_167,VSS,Metal1,100.5200,258.7200,0.000026
FILLER_61_165,VSS,Metal1,99.6800,258.7200,0.000026
FILLER_61_161,VSS,Metal1,97.6200,258.3710,0.000026
FILLER_61_153,VSS,Metal1,94.1330,258.2580,0.000025
FILLER_61_136,VSS,Metal1,83.6200,258.3710,0.000025
FILLER_61_72,VSS,Metal1,64.2445,258.0820,0.000025
FILLER_61_68,VSS,Metal1,45.3600,258.7200,0.000025
FILLER_61_64,VSS,Metal1,43.3000,258.3710,0.000025
FILLER_61_32,VSS,Metal1,32.9240,258.1220,0.000025
FILLER_60_535,VSS,Metal1,306.6000,250.8800,0.000025
FILLER_60_524,VSS,Metal1,300.4400,250.8800,0.000025
FILLER_60_506,VSS,Metal1,290.6400,250.8800,0.000025
FILLER_60_470,VSS,Metal1,270.4800,250.8800,0.000025
FILLER_60_404,VSS,Metal1,233.2400,250.8800,0.000023
FILLER_60_387,VSS,Metal1,223.7200,250.8800,0.000023
FILLER_60_375,VSS,Metal1,217.0000,250.8800,0.000022
FILLER_60_371,VSS,Metal1,215.2200,251.2285,0.000022
FILLER_60_329,VSS,Metal1,191.5200,250.8800,0.000020
FILLER_60_325,VSS,Metal1,189.4600,251.2285,0.000020
FILLER_60_317,VSS,Metal1,185.9730,251.3415,0.000020
FILLER_60_314,VSS,Metal1,182.8400,250.8800,0.000020
FILLER_60_312,VSS,Metal1,182.0000,250.8800,0.000020
FILLER_60_302,VSS,Metal1,176.4000,250.8800,0.000020
FILLER_60_286,VSS,Metal1,167.4400,250.8800,0.000019
FILLER_60_282,VSS,Metal1,165.3800,251.2285,0.000019
FILLER_60_249,VSS,Metal1,146.4400,250.8800,0.000019
FILLER_60_247,VSS,Metal1,145.6000,250.8800,0.000019
FILLER_60_238,VSS,Metal1,140.2800,250.8800,0.000019
FILLER_60_236,VSS,Metal1,139.4400,250.8800,0.000019
FILLER_60_228,VSS,Metal1,136.1330,251.3415,0.000019
FILLER_60_207,VSS,Metal1,123.3800,251.2285,0.000018
FILLER_60_191,VSS,Metal1,117.5520,251.4280,0.000018
FILLER_60_185,VSS,Metal1,110.6000,250.8800,0.000018
FILLER_60_177,VSS,Metal1,107.5730,251.3415,0.000018
FILLER_60_171,VSS,Metal1,103.2200,251.2285,0.000018
FILLER_60_107,VSS,Metal1,83.8445,251.5175,0.000018
FILLER_60_103,VSS,Metal1,64.9600,250.8800,0.000018
FILLER_60_71,VSS,Metal1,54.7640,251.4775,0.000018
FILLER_60_53,VSS,Metal1,36.9600,250.8800,0.000018
FILLER_60_37,VSS,Metal1,31.3120,251.4280,0.000018
FILLER_60_34,VSS,Metal1,26.0400,250.8800,0.000017
FILLER_59_492,VSS,Metal1,282.9800,250.5310,0.000025
FILLER_59_489,VSS,Metal1,280.8400,250.8800,0.000025
FILLER_59_487,VSS,Metal1,280.0000,250.8800,0.000025
FILLER_59_483,VSS,Metal1,277.9400,250.5310,0.000025
FILLER_59_448,VSS,Metal1,257.8800,250.8800,0.000025
FILLER_59_400,VSS,Metal1,231.2800,250.8800,0.000023
FILLER_59_354,VSS,Metal1,205.2400,250.8800,0.000021
FILLER_59_352,VSS,Metal1,204.4000,250.8800,0.000021
FILLER_59_322,VSS,Metal1,187.6000,250.8800,0.000020
FILLER_59_292,VSS,Metal1,170.9800,250.5310,0.000019
FILLER_59_282,VSS,Metal1,165.2000,250.8800,0.000019
FILLER_59_279,VSS,Metal1,163.2400,250.8800,0.000019
FILLER_59_234,VSS,Metal1,138.0400,250.8800,0.000019
FILLER_59_232,VSS,Metal1,137.2000,250.8800,0.000019
FILLER_59_228,VSS,Metal1,135.1400,250.5310,0.000019
FILLER_59_212,VSS,Metal1,129.3120,250.3320,0.000019
FILLER_59_209,VSS,Metal1,124.0400,250.8800,0.000018
FILLER_59_207,VSS,Metal1,123.2000,250.8800,0.000018
FILLER_59_199,VSS,Metal1,119.8930,250.4180,0.000018
FILLER_59_183,VSS,Metal1,113.0720,250.3320,0.000018
FILLER_59_176,VSS,Metal1,105.5600,250.8800,0.000018
FILLER_59_174,VSS,Metal1,104.7200,250.8800,0.000018
FILLER_59_142,VSS,Metal1,94.5240,250.2820,0.000018
FILLER_59_139,VSS,Metal1,84.8400,250.8800,0.000018
FILLER_59_88,VSS,Metal1,56.7400,250.5310,0.000018
FILLER_59_72,VSS,Metal1,50.9120,250.3320,0.000018
FILLER_59_68,VSS,Metal1,45.3600,250.8800,0.000018
FILLER_59_64,VSS,Metal1,43.3000,250.5310,0.000018
FILLER_59_56,VSS,Metal1,39.8130,250.4180,0.000018
FILLER_59_40,VSS,Metal1,32.9920,250.3320,0.000018
FILLER_59_12,VSS,Metal1,13.7200,250.8800,0.000018
FILLER_59_10,VSS,Metal1,12.8800,250.8800,0.000018
FILLER_58_535,VSS,Metal1,306.6000,243.0400,0.000005
FILLER_58_510,VSS,Metal1,292.6000,243.0400,0.000004
FILLER_58_508,VSS,Metal1,291.7600,243.0400,0.000004
FILLER_58_491,VSS,Metal1,282.2400,243.0400,0.000004
FILLER_58_473,VSS,Metal1,272.1600,243.0400,0.000004
FILLER_58_363,VSS,Metal1,210.7400,243.3885,0.000004
FILLER_58_317,VSS,Metal1,184.8000,243.0400,0.000004
FILLER_58_314,VSS,Metal1,182.8400,243.0400,0.000004
FILLER_58_305,VSS,Metal1,177.8000,243.0400,0.000004
FILLER_58_286,VSS,Metal1,167.1600,243.0400,0.000004
FILLER_58_266,VSS,Metal1,156.2400,243.0400,0.000004
FILLER_58_247,VSS,Metal1,145.3200,243.0400,0.000004
FILLER_58_225,VSS,Metal1,133.2800,243.0400,0.000004
FILLER_58_209,VSS,Metal1,127.6320,243.5880,0.000004
FILLER_58_177,VSS,Metal1,114.1240,243.6375,0.000004
FILLER_58_167,VSS,Metal1,101.9730,243.5015,0.000004
FILLER_58_155,VSS,Metal1,93.8000,243.0400,0.000004
FILLER_58_151,VSS,Metal1,92.0200,243.3885,0.000004
FILLER_58_142,VSS,Metal1,86.5200,243.0400,0.000004
FILLER_58_138,VSS,Metal1,84.7400,243.3885,0.000004
FILLER_58_130,VSS,Metal1,81.2530,243.5015,0.000004
FILLER_58_119,VSS,Metal1,73.9200,243.0400,0.000004
FILLER_58_115,VSS,Metal1,71.8600,243.3885,0.000004
FILLER_58_107,VSS,Metal1,68.3730,243.5015,0.000004
FILLER_58_103,VSS,Metal1,64.9600,243.0400,0.000004
FILLER_58_99,VSS,Metal1,62.9000,243.3885,0.000004
FILLER_58_91,VSS,Metal1,59.4130,243.5015,0.000004
FILLER_58_75,VSS,Metal1,52.5920,243.5880,0.000004
FILLER_58_43,VSS,Metal1,39.0840,243.6375,0.000004
FILLER_58_2,VSS,Metal1,8.1200,243.0400,0.000003
FILLER_57_562,VSS,Metal1,322.1800,242.6910,0.000005
FILLER_57_540,VSS,Metal1,309.6800,243.0400,0.000005
FILLER_57_515,VSS,Metal1,295.4000,243.0400,0.000005
FILLER_57_498,VSS,Metal1,285.8800,243.0400,0.000004
FILLER_57_489,VSS,Metal1,280.8400,243.0400,0.000004
FILLER_57_487,VSS,Metal1,280.0000,243.0400,0.000004
FILLER_57_418,VSS,Metal1,241.3600,243.0400,0.000004
FILLER_57_356,VSS,Metal1,206.3600,243.0400,0.000004
FILLER_57_352,VSS,Metal1,204.5800,242.6910,0.000004
FILLER_57_349,VSS,Metal1,202.4400,243.0400,0.000004
FILLER_57_345,VSS,Metal1,200.6600,242.6910,0.000004
FILLER_57_317,VSS,Metal1,184.5200,243.0400,0.000004
FILLER_57_309,VSS,Metal1,181.4930,242.5780,0.000004
FILLER_57_293,VSS,Metal1,174.6720,242.4920,0.000004
FILLER_57_278,VSS,Metal1,162.9600,243.0400,0.000004
FILLER_57_274,VSS,Metal1,160.9000,242.6910,0.000004
FILLER_57_258,VSS,Metal1,151.4800,243.0400,0.000004
FILLER_57_238,VSS,Metal1,140.5600,243.0400,0.000004
FILLER_57_220,VSS,Metal1,130.2000,243.0400,0.000004
FILLER_57_212,VSS,Metal1,127.1730,242.5780,0.000004
FILLER_57_209,VSS,Metal1,124.0400,243.0400,0.000004
FILLER_57_199,VSS,Metal1,118.7200,243.0400,0.000004
FILLER_57_167,VSS,Metal1,108.5240,242.4420,0.000004
FILLER_57_153,VSS,Metal1,94.1330,242.5780,0.000004
FILLER_57_130,VSS,Metal1,79.8000,243.0400,0.000004
FILLER_57_128,VSS,Metal1,78.9600,243.0400,0.000004
FILLER_57_120,VSS,Metal1,75.6530,242.5780,0.000004
FILLER_57_104,VSS,Metal1,68.8320,242.4920,0.000004
FILLER_57_72,VSS,Metal1,55.3240,242.4420,0.000004
FILLER_57_69,VSS,Metal1,45.6400,243.0400,0.000004
FILLER_57_67,VSS,Metal1,44.8000,243.0400,0.000004
FILLER_57_63,VSS,Metal1,42.7400,242.6910,0.000004
FILLER_57_47,VSS,Metal1,36.9120,242.4920,0.000004
FILLER_57_28,VSS,Metal1,23.1400,242.6910,0.000003
FILLER_56_529,VSS,Metal1,303.2400,235.2000,0.000015
FILLER_56_527,VSS,Metal1,302.4000,235.2000,0.000015
FILLER_56_523,VSS,Metal1,300.1600,235.2000,0.000015
FILLER_56_519,VSS,Metal1,298.1000,235.5485,0.000015
FILLER_56_465,VSS,Metal1,267.8600,235.5485,0.000015
FILLER_56_436,VSS,Metal1,251.1600,235.2000,0.000015
FILLER_56_417,VSS,Metal1,240.5200,235.2000,0.000015
FILLER_56_413,VSS,Metal1,238.7400,235.5485,0.000015
FILLER_56_317,VSS,Metal1,184.8000,235.2000,0.000011
FILLER_56_314,VSS,Metal1,182.8400,235.2000,0.000011
FILLER_56_312,VSS,Metal1,182.0000,235.2000,0.000011
FILLER_56_308,VSS,Metal1,179.9400,235.5485,0.000011
FILLER_56_292,VSS,Metal1,174.1120,235.7480,0.000011
FILLER_56_282,VSS,Metal1,164.9200,235.2000,0.000011
FILLER_56_280,VSS,Metal1,164.0800,235.2000,0.000011
FILLER_56_276,VSS,Metal1,162.0200,235.5485,0.000011
FILLER_56_249,VSS,Metal1,146.4400,235.2000,0.000011
FILLER_56_247,VSS,Metal1,145.6000,235.2000,0.000011
FILLER_56_236,VSS,Metal1,139.1600,235.2000,0.000011
FILLER_56_190,VSS,Metal1,113.4000,235.2000,0.000010
FILLER_56_186,VSS,Metal1,111.6200,235.5485,0.000010
FILLER_56_174,VSS,Metal1,104.4400,235.2000,0.000010
FILLER_56_166,VSS,Metal1,101.4130,235.6615,0.000010
FILLER_56_155,VSS,Metal1,94.0800,235.2000,0.000010
FILLER_56_147,VSS,Metal1,90.7730,235.6615,0.000010
FILLER_56_115,VSS,Metal1,79.4040,235.7975,0.000009
FILLER_56_109,VSS,Metal1,68.0400,235.2000,0.000009
FILLER_56_107,VSS,Metal1,67.2000,235.2000,0.000009
FILLER_56_97,VSS,Metal1,62.7730,235.6615,0.000009
FILLER_56_81,VSS,Metal1,55.9520,235.7480,0.000009
FILLER_56_55,VSS,Metal1,37.8000,235.2000,0.000009
FILLER_56_53,VSS,Metal1,36.9600,235.2000,0.000009
FILLER_56_45,VSS,Metal1,33.6530,235.6615,0.000009
FILLER_56_6,VSS,Metal1,10.3600,235.2000,0.000009
FILLER_56_2,VSS,Metal1,8.5800,235.5485,0.000009
FILLER_55_562,VSS,Metal1,322.1800,234.8510,0.000016
FILLER_55_559,VSS,Metal1,320.0400,235.2000,0.000016
FILLER_55_557,VSS,Metal1,319.2000,235.2000,0.000016
FILLER_55_528,VSS,Metal1,302.9600,235.2000,0.000015
FILLER_55_492,VSS,Metal1,282.8000,235.2000,0.000015
FILLER_55_486,VSS,Metal1,279.6200,234.8510,0.000015
FILLER_55_440,VSS,Metal1,253.6800,235.2000,0.000015
FILLER_55_418,VSS,Metal1,241.3600,235.2000,0.000015
FILLER_55_348,VSS,Metal1,202.1600,235.2000,0.000012
FILLER_55_321,VSS,Metal1,186.7600,235.2000,0.000012
FILLER_55_319,VSS,Metal1,185.9200,235.2000,0.000012
FILLER_55_315,VSS,Metal1,183.8600,234.8510,0.000011
FILLER_55_306,VSS,Metal1,178.3600,235.2000,0.000011
FILLER_55_302,VSS,Metal1,176.5800,234.8510,0.000011
FILLER_55_294,VSS,Metal1,173.0930,234.7380,0.000011
FILLER_55_284,VSS,Metal1,166.0400,235.2000,0.000011
FILLER_55_282,VSS,Metal1,165.2000,235.2000,0.000011
FILLER_55_279,VSS,Metal1,163.2400,235.2000,0.000011
FILLER_55_277,VSS,Metal1,162.4000,235.2000,0.000011
FILLER_55_273,VSS,Metal1,160.3400,234.8510,0.000011
FILLER_55_263,VSS,Metal1,154.2800,235.2000,0.000011
FILLER_55_259,VSS,Metal1,152.5000,234.8510,0.000011
FILLER_55_239,VSS,Metal1,141.1200,235.2000,0.000011
FILLER_55_235,VSS,Metal1,139.0600,234.8510,0.000011
FILLER_55_218,VSS,Metal1,129.0800,235.2000,0.000011
FILLER_55_216,VSS,Metal1,128.2400,235.2000,0.000011
FILLER_55_212,VSS,Metal1,126.1800,234.8510,0.000010
FILLER_55_209,VSS,Metal1,124.0400,235.2000,0.000010
FILLER_55_205,VSS,Metal1,122.2600,234.8510,0.000010
FILLER_55_197,VSS,Metal1,118.7730,234.7380,0.000010
FILLER_55_181,VSS,Metal1,111.9520,234.6520,0.000010
FILLER_55_166,VSS,Metal1,99.9600,235.2000,0.000010
FILLER_55_150,VSS,Metal1,94.5920,234.6520,0.000010
FILLER_55_139,VSS,Metal1,84.8400,235.2000,0.000009
FILLER_55_135,VSS,Metal1,83.0600,234.8510,0.000009
FILLER_55_124,VSS,Metal1,76.7200,235.2000,0.000009
FILLER_55_105,VSS,Metal1,65.8000,235.2000,0.000009
FILLER_55_89,VSS,Metal1,60.4320,234.6520,0.000009
FILLER_55_72,VSS,Metal1,48.7730,234.7380,0.000009
FILLER_54_529,VSS,Metal1,303.2400,227.3600,0.000005
FILLER_54_527,VSS,Metal1,302.4000,227.3600,0.000005
FILLER_54_451,VSS,Metal1,260.0200,227.7085,0.000005
FILLER_54_405,VSS,Metal1,234.0800,227.3600,0.000005
FILLER_54_374,VSS,Metal1,216.7200,227.3600,0.000005
FILLER_54_321,VSS,Metal1,186.7600,227.3600,0.000005
FILLER_54_317,VSS,Metal1,184.9800,227.7085,0.000005
FILLER_54_314,VSS,Metal1,182.8400,227.3600,0.000005
FILLER_54_306,VSS,Metal1,179.8130,227.8215,0.000005
FILLER_54_295,VSS,Metal1,172.2000,227.3600,0.000005
FILLER_54_291,VSS,Metal1,170.4200,227.7085,0.000005
FILLER_54_281,VSS,Metal1,164.3600,227.3600,0.000005
FILLER_54_279,VSS,Metal1,163.5200,227.3600,0.000005
FILLER_54_275,VSS,Metal1,161.4600,227.7085,0.000005
FILLER_54_247,VSS,Metal1,145.7800,227.7085,0.000005
FILLER_54_225,VSS,Metal1,133.4600,227.7085,0.000005
FILLER_54_209,VSS,Metal1,127.6320,227.9080,0.000005
FILLER_54_177,VSS,Metal1,114.1240,227.9575,0.000005
FILLER_54_174,VSS,Metal1,104.4400,227.3600,0.000005
FILLER_54_172,VSS,Metal1,103.6000,227.3600,0.000005
FILLER_54_140,VSS,Metal1,93.4040,227.9575,0.000005
FILLER_54_121,VSS,Metal1,74.7600,227.3600,0.000005
FILLER_54_119,VSS,Metal1,73.9200,227.3600,0.000005
FILLER_54_115,VSS,Metal1,71.8600,227.7085,0.000005
FILLER_54_103,VSS,Metal1,64.9600,227.3600,0.000005
FILLER_54_84,VSS,Metal1,54.0400,227.3600,0.000005
FILLER_54_80,VSS,Metal1,52.2600,227.7085,0.000005
FILLER_54_63,VSS,Metal1,42.2800,227.3600,0.000005
FILLER_54_61,VSS,Metal1,41.4400,227.3600,0.000005
FILLER_54_57,VSS,Metal1,39.3800,227.7085,0.000005
FILLER_54_48,VSS,Metal1,34.1600,227.3600,0.000005
FILLER_54_34,VSS,Metal1,26.0400,227.3600,0.000005
FILLER_53_562,VSS,Metal1,322.1800,227.0110,0.000005
FILLER_53_527,VSS,Metal1,302.1200,227.3600,0.000005
FILLER_53_525,VSS,Metal1,301.2800,227.3600,0.000005
FILLER_53_440,VSS,Metal1,253.6800,227.3600,0.000005
FILLER_53_349,VSS,Metal1,202.4400,227.3600,0.000005
FILLER_53_347,VSS,Metal1,201.6000,227.3600,0.000005
FILLER_53_320,VSS,Metal1,186.2000,227.3600,0.000005
FILLER_53_318,VSS,Metal1,185.3600,227.3600,0.000005
FILLER_53_314,VSS,Metal1,183.3000,227.0110,0.000005
FILLER_53_282,VSS,Metal1,172.9240,226.7620,0.000005
FILLER_53_232,VSS,Metal1,136.9200,227.3600,0.000005
FILLER_53_224,VSS,Metal1,133.8930,226.8980,0.000005
FILLER_53_212,VSS,Metal1,126.1800,227.0110,0.000005
FILLER_53_209,VSS,Metal1,124.0400,227.3600,0.000005
FILLER_53_207,VSS,Metal1,123.2000,227.3600,0.000005
FILLER_53_191,VSS,Metal1,117.5520,226.8120,0.000005
FILLER_53_184,VSS,Metal1,110.0400,227.3600,0.000005
FILLER_53_182,VSS,Metal1,109.2000,227.3600,0.000005
FILLER_53_166,VSS,Metal1,103.5520,226.8120,0.000005
FILLER_53_156,VSS,Metal1,94.3600,227.3600,0.000005
FILLER_53_154,VSS,Metal1,93.5200,227.3600,0.000005
FILLER_53_150,VSS,Metal1,91.4600,227.0110,0.000005
FILLER_53_142,VSS,Metal1,87.9730,226.8980,0.000005
FILLER_53_139,VSS,Metal1,84.8400,227.3600,0.000005
FILLER_53_137,VSS,Metal1,84.0000,227.3600,0.000005
FILLER_53_85,VSS,Metal1,54.8800,227.3600,0.000005
FILLER_53_81,VSS,Metal1,52.8200,227.0110,0.000005
FILLER_53_60,VSS,Metal1,40.6000,227.3600,0.000005
FILLER_53_44,VSS,Metal1,35.2320,226.8120,0.000005
FILLER_52_518,VSS,Metal1,297.0800,219.5200,0.000002
FILLER_52_516,VSS,Metal1,296.2400,219.5200,0.000002
FILLER_52_482,VSS,Metal1,276.9200,219.5200,0.000002
FILLER_52_436,VSS,Metal1,251.1600,219.5200,0.000002
FILLER_52_432,VSS,Metal1,249.3800,219.8685,0.000002
FILLER_52_413,VSS,Metal1,238.2800,219.5200,0.000002
FILLER_52_383,VSS,Metal1,221.7600,219.5200,0.000002
FILLER_52_379,VSS,Metal1,219.7000,219.8685,0.000002
FILLER_52_364,VSS,Metal1,210.8400,219.5200,0.000002
FILLER_52_360,VSS,Metal1,209.0600,219.8685,0.000002
FILLER_52_325,VSS,Metal1,189.0000,219.5200,0.000002
FILLER_52_317,VSS,Metal1,185.9730,219.9815,0.000002
FILLER_52_304,VSS,Metal1,177.5200,219.5200,0.000002
FILLER_52_300,VSS,Metal1,175.4600,219.8685,0.000002
FILLER_52_292,VSS,Metal1,171.9730,219.9815,0.000002
FILLER_52_276,VSS,Metal1,165.1520,220.0680,0.000002
FILLER_52_249,VSS,Metal1,146.4400,219.5200,0.000002
FILLER_52_247,VSS,Metal1,145.6000,219.5200,0.000002
FILLER_52_243,VSS,Metal1,143.3600,219.5200,0.000002
FILLER_52_227,VSS,Metal1,137.7120,220.0680,0.000002
FILLER_52_207,VSS,Metal1,123.2000,219.5200,0.000002
FILLER_52_203,VSS,Metal1,121.1400,219.8685,0.000002
FILLER_52_195,VSS,Metal1,117.6530,219.9815,0.000002
FILLER_52_174,VSS,Metal1,104.4400,219.5200,0.000002
FILLER_52_170,VSS,Metal1,102.6600,219.8685,0.000002
FILLER_52_162,VSS,Metal1,99.1730,219.9815,0.000002
FILLER_52_143,VSS,Metal1,87.0800,219.5200,0.000002
FILLER_52_141,VSS,Metal1,86.2400,219.5200,0.000002
FILLER_52_127,VSS,Metal1,78.4000,219.5200,0.000002
FILLER_52_115,VSS,Metal1,71.8600,219.8685,0.000002
FILLER_52_107,VSS,Metal1,68.3730,219.9815,0.000002
FILLER_52_101,VSS,Metal1,64.0200,219.8685,0.000002
FILLER_52_93,VSS,Metal1,59.3600,219.5200,0.000002
FILLER_52_67,VSS,Metal1,44.5200,219.5200,0.000002
FILLER_52_59,VSS,Metal1,41.4930,219.9815,0.000002
FILLER_52_43,VSS,Metal1,34.6720,220.0680,0.000002
FILLER_52_34,VSS,Metal1,26.0400,219.5200,0.000002
FILLER_51_573,VSS,Metal1,327.8800,219.5200,0.000002
FILLER_51_571,VSS,Metal1,327.0400,219.5200,0.000002
FILLER_51_550,VSS,Metal1,315.4600,219.1710,0.000002
FILLER_51_532,VSS,Metal1,305.2000,219.5200,0.000002
FILLER_51_522,VSS,Metal1,299.3200,219.5200,0.000002
FILLER_51_520,VSS,Metal1,298.4800,219.5200,0.000002
FILLER_51_510,VSS,Metal1,292.6000,219.5200,0.000002
FILLER_51_508,VSS,Metal1,291.7600,219.5200,0.000002
FILLER_51_489,VSS,Metal1,280.8400,219.5200,0.000002
FILLER_51_464,VSS,Metal1,266.8400,219.5200,0.000002
FILLER_51_460,VSS,Metal1,265.0600,219.1710,0.000002
FILLER_51_440,VSS,Metal1,253.6800,219.5200,0.000002
FILLER_51_419,VSS,Metal1,241.6400,219.5200,0.000002
FILLER_51_400,VSS,Metal1,231.0000,219.5200,0.000002
FILLER_51_356,VSS,Metal1,206.6400,219.5200,0.000002
FILLER_51_352,VSS,Metal1,204.5800,219.1710,0.000002
FILLER_51_340,VSS,Metal1,197.6800,219.5200,0.000002
FILLER_51_336,VSS,Metal1,195.6200,219.1710,0.000002
FILLER_51_328,VSS,Metal1,192.1330,219.0580,0.000002
FILLER_51_296,VSS,Metal1,180.7640,218.9220,0.000002
FILLER_51_286,VSS,Metal1,167.4400,219.5200,0.000002
FILLER_51_282,VSS,Metal1,165.3800,219.1710,0.000002
FILLER_51_279,VSS,Metal1,163.2400,219.5200,0.000002
FILLER_51_277,VSS,Metal1,162.4000,219.5200,0.000002
FILLER_51_273,VSS,Metal1,160.3400,219.1710,0.000002
FILLER_51_246,VSS,Metal1,144.7600,219.5200,0.000002
FILLER_51_244,VSS,Metal1,143.9200,219.5200,0.000002
FILLER_51_212,VSS,Metal1,133.7240,218.9220,0.000002
FILLER_51_209,VSS,Metal1,124.0400,219.5200,0.000002
FILLER_51_193,VSS,Metal1,118.6720,218.9720,0.000002
FILLER_51_161,VSS,Metal1,105.1640,218.9220,0.000002
FILLER_51_150,VSS,Metal1,91.2800,219.5200,0.000002
FILLER_51_139,VSS,Metal1,84.8400,219.5200,0.000002
FILLER_51_131,VSS,Metal1,81.8130,219.0580,0.000002
FILLER_51_121,VSS,Metal1,74.7600,219.5200,0.000002
FILLER_51_113,VSS,Metal1,71.7330,219.0580,0.000002
FILLER_51_97,VSS,Metal1,64.9120,218.9720,0.000002
FILLER_51_88,VSS,Metal1,56.2800,219.5200,0.000002
FILLER_51_72,VSS,Metal1,50.9120,218.9720,0.000002
FILLER_51_54,VSS,Metal1,40.8320,218.9720,0.000002
FILLER_51_6,VSS,Metal1,10.3600,219.5200,0.000002
FILLER_51_2,VSS,Metal1,8.5800,219.1710,0.000002
FILLER_50_529,VSS,Metal1,303.2400,211.6800,0.000003
FILLER_50_527,VSS,Metal1,302.4000,211.6800,0.000003
FILLER_50_523,VSS,Metal1,300.1600,211.6800,0.000003
FILLER_50_501,VSS,Metal1,287.5600,211.6800,0.000003
FILLER_50_481,VSS,Metal1,276.8200,212.0285,0.000003
FILLER_50_451,VSS,Metal1,260.0200,212.0285,0.000003
FILLER_50_387,VSS,Metal1,224.0000,211.6800,0.000003
FILLER_50_381,VSS,Metal1,220.8200,212.0285,0.000003
FILLER_50_354,VSS,Metal1,205.2400,211.6800,0.000003
FILLER_50_329,VSS,Metal1,191.2400,211.6800,0.000003
FILLER_50_325,VSS,Metal1,189.4600,212.0285,0.000003
FILLER_50_317,VSS,Metal1,185.9730,212.1415,0.000003
FILLER_50_307,VSS,Metal1,180.3730,212.1415,0.000003
FILLER_50_291,VSS,Metal1,173.5520,212.2280,0.000003
FILLER_50_279,VSS,Metal1,163.2400,211.6800,0.000003
FILLER_50_269,VSS,Metal1,157.6400,211.6800,0.000003
FILLER_50_247,VSS,Metal1,145.7800,212.0285,0.000003
FILLER_50_241,VSS,Metal1,142.4200,212.0285,0.000003
FILLER_50_233,VSS,Metal1,138.9330,212.1415,0.000003
FILLER_50_223,VSS,Metal1,131.8800,211.6800,0.000003
FILLER_50_221,VSS,Metal1,131.0400,211.6800,0.000003
FILLER_50_217,VSS,Metal1,128.9800,212.0285,0.000003
FILLER_50_209,VSS,Metal1,125.4930,212.1415,0.000003
FILLER_50_177,VSS,Metal1,114.1240,212.2775,0.000003
FILLER_50_174,VSS,Metal1,104.4400,211.6800,0.000003
FILLER_50_172,VSS,Metal1,103.6000,211.6800,0.000003
FILLER_50_168,VSS,Metal1,101.5400,212.0285,0.000003
FILLER_50_160,VSS,Metal1,98.0530,212.1415,0.000003
FILLER_50_151,VSS,Metal1,91.8400,211.6800,0.000003
FILLER_50_147,VSS,Metal1,89.7800,212.0285,0.000003
FILLER_50_139,VSS,Metal1,86.2930,212.1415,0.000003
FILLER_50_107,VSS,Metal1,74.9240,212.2775,0.000003
FILLER_50_73,VSS,Metal1,55.8840,212.2775,0.000003
FILLER_50_47,VSS,Metal1,33.3200,211.6800,0.000003
FILLER_50_43,VSS,Metal1,31.5400,212.0285,0.000003
FILLER_50_31,VSS,Metal1,24.8200,212.0285,0.000003
FILLER_50_6,VSS,Metal1,10.3600,211.6800,0.000003
FILLER_50_2,VSS,Metal1,8.5800,212.0285,0.000003
FILLER_49_573,VSS,Metal1,327.8800,211.6800,0.000003
FILLER_49_571,VSS,Metal1,327.0400,211.6800,0.000003
FILLER_49_534,VSS,Metal1,306.0400,211.6800,0.000003
FILLER_49_517,VSS,Metal1,296.5200,211.6800,0.000003
FILLER_49_489,VSS,Metal1,280.8400,211.6800,0.000003
FILLER_49_440,VSS,Metal1,253.6800,211.6800,0.000003
FILLER_49_402,VSS,Metal1,232.5800,211.3310,0.000003
FILLER_49_383,VSS,Metal1,221.4800,211.6800,0.000003
FILLER_49_379,VSS,Metal1,219.7000,211.3310,0.000003
FILLER_49_354,VSS,Metal1,205.2400,211.6800,0.000003
FILLER_49_352,VSS,Metal1,204.4000,211.6800,0.000003
FILLER_49_342,VSS,Metal1,199.9730,211.2180,0.000003
FILLER_49_334,VSS,Metal1,194.3200,211.6800,0.000003
FILLER_49_330,VSS,Metal1,192.2600,211.3310,0.000003
FILLER_49_322,VSS,Metal1,188.7730,211.2180,0.000003
FILLER_49_311,VSS,Metal1,181.4400,211.6800,0.000003
FILLER_49_307,VSS,Metal1,179.3800,211.3310,0.000003
FILLER_49_291,VSS,Metal1,173.5520,211.1320,0.000003
FILLER_49_278,VSS,Metal1,162.9600,211.6800,0.000003
FILLER_49_269,VSS,Metal1,157.6400,211.6800,0.000003
FILLER_49_267,VSS,Metal1,156.8000,211.6800,0.000003
FILLER_49_263,VSS,Metal1,154.7400,211.3310,0.000003
FILLER_49_237,VSS,Metal1,141.1730,211.2180,0.000003
FILLER_49_221,VSS,Metal1,134.3520,211.1320,0.000003
FILLER_49_206,VSS,Metal1,122.8200,211.3310,0.000003
FILLER_49_142,VSS,Metal1,103.4445,211.0420,0.000003
FILLER_49_136,VSS,Metal1,83.6200,211.3310,0.000003
FILLER_49_119,VSS,Metal1,75.0930,211.2180,0.000003
FILLER_49_103,VSS,Metal1,68.2720,211.1320,0.000003
FILLER_49_80,VSS,Metal1,52.0800,211.6800,0.000003
FILLER_49_72,VSS,Metal1,48.7730,211.2180,0.000003
FILLER_49_69,VSS,Metal1,45.6400,211.6800,0.000003
FILLER_49_67,VSS,Metal1,44.8000,211.6800,0.000003
FILLER_49_59,VSS,Metal1,41.4930,211.2180,0.000003
FILLER_49_48,VSS,Metal1,34.1600,211.6800,0.000003
FILLER_49_40,VSS,Metal1,30.8530,211.2180,0.000003
FILLER_49_6,VSS,Metal1,10.3600,211.6800,0.000003
FILLER_49_2,VSS,Metal1,8.5800,211.3310,0.000003
FILLER_48_524,VSS,Metal1,300.4400,203.8400,0.000006
FILLER_48_508,VSS,Metal1,291.4800,203.8400,0.000005
FILLER_48_504,VSS,Metal1,289.7000,204.1885,0.000005
FILLER_48_496,VSS,Metal1,286.2130,204.3015,0.000005
FILLER_48_486,VSS,Metal1,279.4400,203.8400,0.000005
FILLER_48_469,VSS,Metal1,269.6400,203.8400,0.000005
FILLER_48_465,VSS,Metal1,267.8600,204.1885,0.000005
FILLER_48_454,VSS,Metal1,261.2400,203.8400,0.000005
FILLER_48_435,VSS,Metal1,250.6000,203.8400,0.000005
FILLER_48_433,VSS,Metal1,249.7600,203.8400,0.000005
FILLER_48_413,VSS,Metal1,238.5600,203.8400,0.000005
FILLER_48_384,VSS,Metal1,222.0400,203.8400,0.000005
FILLER_48_382,VSS,Metal1,221.2000,203.8400,0.000005
FILLER_48_334,VSS,Metal1,194.5000,204.1885,0.000005
FILLER_48_317,VSS,Metal1,184.5200,203.8400,0.000005
FILLER_48_305,VSS,Metal1,177.8000,203.8400,0.000005
FILLER_48_303,VSS,Metal1,176.9600,203.8400,0.000005
FILLER_48_299,VSS,Metal1,174.9000,204.1885,0.000004
FILLER_48_267,VSS,Metal1,164.5240,204.4375,0.000004
FILLER_48_255,VSS,Metal1,150.2600,204.1885,0.000004
FILLER_48_247,VSS,Metal1,146.7730,204.3015,0.000004
FILLER_48_243,VSS,Metal1,143.3600,203.8400,0.000004
FILLER_48_239,VSS,Metal1,141.3000,204.1885,0.000004
FILLER_48_223,VSS,Metal1,135.4720,204.3880,0.000004
FILLER_48_213,VSS,Metal1,126.2800,203.8400,0.000004
FILLER_48_211,VSS,Metal1,125.4400,203.8400,0.000004
FILLER_48_207,VSS,Metal1,123.3800,204.1885,0.000004
FILLER_48_191,VSS,Metal1,117.5520,204.3880,0.000004
FILLER_48_183,VSS,Metal1,109.4800,203.8400,0.000004
FILLER_48_181,VSS,Metal1,108.6400,203.8400,0.000004
FILLER_48_177,VSS,Metal1,106.5800,204.1885,0.000004
FILLER_48_173,VSS,Metal1,104.1600,203.8400,0.000004
FILLER_48_169,VSS,Metal1,102.1000,204.1885,0.000004
FILLER_48_161,VSS,Metal1,98.6130,204.3015,0.000004
FILLER_48_145,VSS,Metal1,91.7920,204.3880,0.000004
FILLER_48_119,VSS,Metal1,73.6400,203.8400,0.000004
FILLER_48_115,VSS,Metal1,71.8600,204.1885,0.000004
FILLER_48_107,VSS,Metal1,68.3730,204.3015,0.000004
FILLER_48_104,VSS,Metal1,65.2400,203.8400,0.000004
FILLER_48_100,VSS,Metal1,63.4600,204.1885,0.000004
FILLER_48_92,VSS,Metal1,59.9730,204.3015,0.000004
FILLER_48_60,VSS,Metal1,48.6040,204.4375,0.000004
FILLER_48_49,VSS,Metal1,34.7200,203.8400,0.000004
FILLER_48_45,VSS,Metal1,32.6600,204.1885,0.000004
FILLER_48_37,VSS,Metal1,29.1730,204.3015,0.000004
FILLER_48_22,VSS,Metal1,19.7800,204.1885,0.000004
FILLER_48_6,VSS,Metal1,10.3600,203.8400,0.000004
FILLER_48_2,VSS,Metal1,8.5800,204.1885,0.000004
FILLER_47_550,VSS,Metal1,315.0000,203.8400,0.000006
FILLER_47_548,VSS,Metal1,314.1600,203.8400,0.000006
FILLER_47_535,VSS,Metal1,306.6000,203.8400,0.000006
FILLER_47_533,VSS,Metal1,305.7600,203.8400,0.000006
FILLER_47_508,VSS,Metal1,291.7600,203.8400,0.000005
FILLER_47_492,VSS,Metal1,286.1120,203.2920,0.000005
FILLER_47_489,VSS,Metal1,280.8400,203.8400,0.000005
FILLER_47_487,VSS,Metal1,280.0000,203.8400,0.000005
FILLER_47_483,VSS,Metal1,277.9400,203.4910,0.000005
FILLER_47_397,VSS,Metal1,229.3200,203.8400,0.000005
FILLER_47_378,VSS,Metal1,218.6800,203.8400,0.000005
FILLER_47_370,VSS,Metal1,215.6530,203.3780,0.000005
FILLER_47_342,VSS,Metal1,199.9730,203.3780,0.000005
FILLER_47_310,VSS,Metal1,188.6040,203.2420,0.000005
FILLER_47_298,VSS,Metal1,174.3400,203.4910,0.000004
FILLER_47_282,VSS,Metal1,168.5120,203.2920,0.000004
FILLER_47_276,VSS,Metal1,162.0200,203.4910,0.000004
FILLER_47_212,VSS,Metal1,142.6445,203.2020,0.000004
FILLER_47_209,VSS,Metal1,124.0400,203.8400,0.000004
FILLER_47_207,VSS,Metal1,123.2000,203.8400,0.000004
FILLER_47_199,VSS,Metal1,119.8930,203.3780,0.000004
FILLER_47_183,VSS,Metal1,113.0720,203.2920,0.000004
FILLER_47_142,VSS,Metal1,90.1120,203.2920,0.000004
FILLER_47_139,VSS,Metal1,84.8400,203.8400,0.000004
FILLER_47_137,VSS,Metal1,84.0000,203.8400,0.000004
FILLER_47_127,VSS,Metal1,78.1200,203.8400,0.000004
FILLER_47_123,VSS,Metal1,76.3400,203.4910,0.000004
FILLER_47_112,VSS,Metal1,70.0000,203.8400,0.000004
FILLER_47_104,VSS,Metal1,66.6930,203.3780,0.000004
FILLER_47_72,VSS,Metal1,55.3240,203.2420,0.000004
FILLER_47_68,VSS,Metal1,45.3600,203.8400,0.000004
FILLER_47_57,VSS,Metal1,39.2000,203.8400,0.000004
FILLER_47_41,VSS,Metal1,33.5520,203.2920,0.000004
FILLER_47_6,VSS,Metal1,10.3600,203.8400,0.000004
FILLER_47_2,VSS,Metal1,8.5800,203.4910,0.000004
FILLER_46_529,VSS,Metal1,303.2400,196.0000,0.000046
FILLER_46_527,VSS,Metal1,302.4000,196.0000,0.000046
FILLER_46_507,VSS,Metal1,291.2000,196.0000,0.000046
FILLER_46_499,VSS,Metal1,287.8930,196.4615,0.000046
FILLER_46_489,VSS,Metal1,280.8400,196.0000,0.000045
FILLER_46_473,VSS,Metal1,275.4720,196.5480,0.000045
FILLER_46_384,VSS,Metal1,222.0400,196.0000,0.000045
FILLER_46_382,VSS,Metal1,221.2000,196.0000,0.000045
FILLER_46_366,VSS,Metal1,215.5520,196.5480,0.000045
FILLER_46_357,VSS,Metal1,206.9200,196.0000,0.000043
FILLER_46_341,VSS,Metal1,201.5520,196.5480,0.000043
FILLER_46_313,VSS,Metal1,182.5600,196.0000,0.000042
FILLER_46_309,VSS,Metal1,180.5000,196.3485,0.000042
FILLER_46_301,VSS,Metal1,177.0130,196.4615,0.000042
FILLER_46_269,VSS,Metal1,165.6440,196.5975,0.000042
FILLER_46_256,VSS,Metal1,150.8200,196.3485,0.000041
FILLER_46_244,VSS,Metal1,143.6400,196.0000,0.000041
FILLER_46_242,VSS,Metal1,142.8000,196.0000,0.000041
FILLER_46_238,VSS,Metal1,140.7400,196.3485,0.000040
FILLER_46_230,VSS,Metal1,137.2530,196.4615,0.000040
FILLER_46_210,VSS,Metal1,124.8800,196.0000,0.000038
FILLER_46_201,VSS,Metal1,119.8400,196.0000,0.000036
FILLER_46_193,VSS,Metal1,116.5330,196.4615,0.000035
FILLER_46_177,VSS,Metal1,109.7120,196.5480,0.000035
FILLER_46_173,VSS,Metal1,104.1600,196.0000,0.000035
FILLER_46_157,VSS,Metal1,98.5120,196.5480,0.000035
FILLER_46_125,VSS,Metal1,85.0040,196.5975,0.000035
FILLER_46_115,VSS,Metal1,71.6800,196.0000,0.000034
FILLER_46_107,VSS,Metal1,68.3730,196.4615,0.000034
FILLER_46_104,VSS,Metal1,65.2400,196.0000,0.000034
FILLER_46_93,VSS,Metal1,59.3600,196.0000,0.000034
FILLER_46_85,VSS,Metal1,56.0530,196.4615,0.000034
FILLER_46_69,VSS,Metal1,49.2320,196.5480,0.000034
FILLER_46_37,VSS,Metal1,35.7240,196.5975,0.000033
FILLER_46_2,VSS,Metal1,8.4000,196.0000,0.000033
FILLER_45_503,VSS,Metal1,288.6800,196.0000,0.000046
FILLER_45_496,VSS,Metal1,284.7600,196.0000,0.000046
FILLER_45_492,VSS,Metal1,282.9800,195.6510,0.000046
FILLER_45_486,VSS,Metal1,279.6200,195.6510,0.000045
FILLER_45_478,VSS,Metal1,276.1330,195.5380,0.000045
FILLER_45_393,VSS,Metal1,227.0800,196.0000,0.000045
FILLER_45_361,VSS,Metal1,217.1640,195.4020,0.000045
FILLER_45_349,VSS,Metal1,202.4400,196.0000,0.000043
FILLER_45_347,VSS,Metal1,201.6000,196.0000,0.000043
FILLER_45_343,VSS,Metal1,199.5400,195.6510,0.000043
FILLER_45_282,VSS,Metal1,168.5120,195.4520,0.000042
FILLER_45_270,VSS,Metal1,158.2000,196.0000,0.000042
FILLER_45_266,VSS,Metal1,156.4200,195.6510,0.000042
FILLER_45_258,VSS,Metal1,152.9330,195.5380,0.000041
FILLER_45_242,VSS,Metal1,146.1120,195.4520,0.000041
FILLER_45_232,VSS,Metal1,136.9200,196.0000,0.000040
FILLER_45_228,VSS,Metal1,135.1400,195.6510,0.000039
FILLER_45_212,VSS,Metal1,129.3120,195.4520,0.000039
FILLER_45_209,VSS,Metal1,124.0400,196.0000,0.000038
FILLER_45_207,VSS,Metal1,123.2000,196.0000,0.000037
FILLER_45_199,VSS,Metal1,119.8930,195.5380,0.000036
FILLER_45_183,VSS,Metal1,113.0720,195.4520,0.000035
FILLER_45_142,VSS,Metal1,94.5240,195.4020,0.000035
FILLER_45_139,VSS,Metal1,84.8400,196.0000,0.000035
FILLER_45_130,VSS,Metal1,79.8000,196.0000,0.000035
FILLER_45_128,VSS,Metal1,78.9600,196.0000,0.000035
FILLER_45_120,VSS,Metal1,75.6530,195.5380,0.000035
FILLER_45_104,VSS,Metal1,68.8320,195.4520,0.000034
FILLER_45_72,VSS,Metal1,55.3240,195.4020,0.000034
FILLER_45_66,VSS,Metal1,44.4200,195.6510,0.000033
FILLER_45_58,VSS,Metal1,40.9330,195.5380,0.000033
FILLER_45_10,VSS,Metal1,12.6000,196.0000,0.000033
FILLER_44_541,VSS,Metal1,309.9600,188.1600,0.000061
FILLER_44_537,VSS,Metal1,308.1800,188.5085,0.000061
FILLER_44_527,VSS,Metal1,302.4000,188.1600,0.000061
FILLER_44_524,VSS,Metal1,300.4400,188.1600,0.000061
FILLER_44_522,VSS,Metal1,299.6000,188.1600,0.000061
FILLER_44_494,VSS,Metal1,283.9200,188.1600,0.000060
FILLER_44_490,VSS,Metal1,281.8600,188.5085,0.000060
FILLER_44_482,VSS,Metal1,278.3730,188.6215,0.000060
FILLER_44_438,VSS,Metal1,252.2800,188.1600,0.000059
FILLER_44_436,VSS,Metal1,251.4400,188.1600,0.000059
FILLER_44_403,VSS,Metal1,232.6800,188.1600,0.000054
FILLER_44_387,VSS,Metal1,227.3120,188.7080,0.000054
FILLER_44_383,VSS,Metal1,221.7600,188.1600,0.000054
FILLER_44_379,VSS,Metal1,219.7000,188.5085,0.000054
FILLER_44_363,VSS,Metal1,213.8720,188.7080,0.000054
FILLER_44_341,VSS,Metal1,199.4130,188.6215,0.000053
FILLER_44_325,VSS,Metal1,192.5920,188.7080,0.000053
FILLER_44_317,VSS,Metal1,184.8000,188.1600,0.000053
FILLER_44_313,VSS,Metal1,182.5600,188.1600,0.000053
FILLER_44_303,VSS,Metal1,176.9600,188.1600,0.000053
FILLER_44_295,VSS,Metal1,173.6530,188.6215,0.000053
FILLER_44_279,VSS,Metal1,166.8320,188.7080,0.000053
FILLER_44_247,VSS,Metal1,153.3240,188.7575,0.000053
FILLER_44_241,VSS,Metal1,142.4200,188.5085,0.000053
FILLER_44_177,VSS,Metal1,123.0445,188.7975,0.000053
FILLER_44_171,VSS,Metal1,103.2200,188.5085,0.000052
FILLER_44_163,VSS,Metal1,99.7330,188.6215,0.000052
FILLER_44_131,VSS,Metal1,88.3640,188.7575,0.000052
FILLER_44_121,VSS,Metal1,74.7600,188.1600,0.000033
FILLER_44_119,VSS,Metal1,73.9200,188.1600,0.000033
FILLER_44_115,VSS,Metal1,71.8600,188.5085,0.000033
FILLER_44_107,VSS,Metal1,68.3730,188.6215,0.000033
FILLER_44_104,VSS,Metal1,65.2400,188.1600,0.000033
FILLER_44_94,VSS,Metal1,59.6400,188.1600,0.000033
FILLER_44_92,VSS,Metal1,58.8000,188.1600,0.000033
FILLER_44_84,VSS,Metal1,55.4930,188.6215,0.000033
FILLER_44_74,VSS,Metal1,48.4400,188.1600,0.000033
FILLER_44_72,VSS,Metal1,47.6000,188.1600,0.000033
FILLER_44_56,VSS,Metal1,41.9520,188.7080,0.000032
FILLER_44_37,VSS,Metal1,27.7200,188.1600,0.000032
FILLER_44_6,VSS,Metal1,10.3600,188.1600,0.000032
FILLER_44_2,VSS,Metal1,8.5800,188.5085,0.000032
FILLER_43_562,VSS,Metal1,322.1800,187.8110,0.000061
FILLER_43_550,VSS,Metal1,315.4600,187.8110,0.000061
FILLER_43_515,VSS,Metal1,295.4000,188.1600,0.000061
FILLER_43_511,VSS,Metal1,293.6200,187.8110,0.000061
FILLER_43_502,VSS,Metal1,288.1200,188.1600,0.000061
FILLER_43_500,VSS,Metal1,287.2800,188.1600,0.000061
FILLER_43_488,VSS,Metal1,280.5600,188.1600,0.000060
FILLER_43_422,VSS,Metal1,243.3200,188.1600,0.000059
FILLER_43_419,VSS,Metal1,241.6400,188.1600,0.000055
FILLER_43_417,VSS,Metal1,240.8000,188.1600,0.000055
FILLER_43_413,VSS,Metal1,238.7400,187.8110,0.000055
FILLER_43_397,VSS,Metal1,232.9120,187.6120,0.000054
FILLER_43_385,VSS,Metal1,223.0600,187.8110,0.000054
FILLER_43_377,VSS,Metal1,219.5730,187.6980,0.000054
FILLER_43_361,VSS,Metal1,212.7520,187.6120,0.000054
FILLER_43_340,VSS,Metal1,197.4000,188.1600,0.000053
FILLER_43_332,VSS,Metal1,194.3730,187.6980,0.000053
FILLER_43_276,VSS,Metal1,162.0200,187.8110,0.000053
FILLER_43_212,VSS,Metal1,142.6445,187.5220,0.000053
FILLER_43_209,VSS,Metal1,124.0400,188.1600,0.000053
FILLER_43_205,VSS,Metal1,122.2600,187.8110,0.000053
FILLER_43_188,VSS,Metal1,113.7330,187.6980,0.000053
FILLER_43_172,VSS,Metal1,106.9120,187.6120,0.000052
FILLER_43_148,VSS,Metal1,89.8800,188.1600,0.000052
FILLER_43_146,VSS,Metal1,89.0400,188.1600,0.000052
FILLER_43_142,VSS,Metal1,86.9800,187.8110,0.000052
FILLER_43_132,VSS,Metal1,82.3730,187.6980,0.000052
FILLER_43_122,VSS,Metal1,75.3200,188.1600,0.000034
FILLER_43_120,VSS,Metal1,74.4800,188.1600,0.000033
FILLER_43_104,VSS,Metal1,68.8320,187.6120,0.000033
FILLER_43_72,VSS,Metal1,55.3240,187.5620,0.000033
FILLER_43_68,VSS,Metal1,45.3600,188.1600,0.000033
FILLER_43_60,VSS,Metal1,42.0530,187.6980,0.000032
FILLER_43_44,VSS,Metal1,35.2320,187.6120,0.000032
FILLER_43_34,VSS,Metal1,26.0400,188.1600,0.000032
FILLER_43_6,VSS,Metal1,10.3600,188.1600,0.000032
FILLER_43_2,VSS,Metal1,8.5800,187.8110,0.000032
FILLER_42_536,VSS,Metal1,307.6200,180.6685,0.000011
FILLER_42_439,VSS,Metal1,252.8400,180.3200,0.000011
FILLER_42_435,VSS,Metal1,251.0600,180.6685,0.000011
FILLER_42_419,VSS,Metal1,241.9200,180.3200,0.000010
FILLER_42_411,VSS,Metal1,238.6130,180.7815,0.000010
FILLER_42_391,VSS,Metal1,226.2400,180.3200,0.000010
FILLER_42_387,VSS,Metal1,224.1800,180.6685,0.000010
FILLER_42_384,VSS,Metal1,222.0400,180.3200,0.000010
FILLER_42_380,VSS,Metal1,220.2600,180.6685,0.000010
FILLER_42_371,VSS,Metal1,214.7600,180.3200,0.000010
FILLER_42_367,VSS,Metal1,212.9800,180.6685,0.000010
FILLER_42_335,VSS,Metal1,202.6040,180.9175,0.000010
FILLER_42_314,VSS,Metal1,182.8400,180.3200,0.000009
FILLER_42_282,VSS,Metal1,172.9240,180.9175,0.000009
FILLER_42_273,VSS,Metal1,159.8800,180.3200,0.000008
FILLER_42_271,VSS,Metal1,159.0400,180.3200,0.000008
FILLER_42_263,VSS,Metal1,155.7330,180.7815,0.000008
FILLER_42_247,VSS,Metal1,148.9120,180.8680,0.000008
FILLER_42_243,VSS,Metal1,143.3600,180.3200,0.000008
FILLER_42_239,VSS,Metal1,141.3000,180.6685,0.000008
FILLER_42_223,VSS,Metal1,135.4720,180.8680,0.000008
FILLER_42_213,VSS,Metal1,126.2800,180.3200,0.000008
FILLER_42_209,VSS,Metal1,124.5000,180.6685,0.000008
FILLER_42_177,VSS,Metal1,114.1240,180.9175,0.000008
FILLER_42_174,VSS,Metal1,104.4400,180.3200,0.000008
FILLER_42_172,VSS,Metal1,103.6000,180.3200,0.000008
FILLER_42_161,VSS,Metal1,97.4400,180.3200,0.000008
FILLER_42_153,VSS,Metal1,92.6800,180.3200,0.000008
FILLER_42_151,VSS,Metal1,91.8400,180.3200,0.000008
FILLER_42_125,VSS,Metal1,77.0000,180.3200,0.000008
FILLER_42_123,VSS,Metal1,76.1600,180.3200,0.000008
FILLER_42_107,VSS,Metal1,70.5120,180.8680,0.000008
FILLER_42_104,VSS,Metal1,65.2400,180.3200,0.000008
FILLER_42_96,VSS,Metal1,62.2130,180.7815,0.000008
FILLER_42_77,VSS,Metal1,50.1200,180.3200,0.000005
FILLER_42_69,VSS,Metal1,47.0930,180.7815,0.000005
FILLER_42_53,VSS,Metal1,40.2720,180.8680,0.000005
FILLER_42_34,VSS,Metal1,26.0400,180.3200,0.000005
FILLER_42_16,VSS,Metal1,16.4200,180.6685,0.000005
FILLER_42_6,VSS,Metal1,10.3600,180.3200,0.000005
FILLER_42_2,VSS,Metal1,8.5800,180.6685,0.000005
FILLER_41_573,VSS,Metal1,327.8800,180.3200,0.000011
FILLER_41_571,VSS,Metal1,327.0400,180.3200,0.000011
FILLER_41_494,VSS,Metal1,283.6400,180.3200,0.000011
FILLER_41_492,VSS,Metal1,282.8000,180.3200,0.000011
FILLER_41_489,VSS,Metal1,280.8400,180.3200,0.000011
FILLER_41_487,VSS,Metal1,280.0000,180.3200,0.000011
FILLER_41_435,VSS,Metal1,250.8800,180.3200,0.000011
FILLER_41_431,VSS,Metal1,248.8200,179.9710,0.000011
FILLER_41_418,VSS,Metal1,241.3600,180.3200,0.000010
FILLER_41_370,VSS,Metal1,214.2000,180.3200,0.000010
FILLER_41_368,VSS,Metal1,213.3600,180.3200,0.000010
FILLER_41_352,VSS,Metal1,207.7120,179.7720,0.000010
FILLER_41_349,VSS,Metal1,202.4400,180.3200,0.000010
FILLER_41_347,VSS,Metal1,201.6000,180.3200,0.000010
FILLER_41_339,VSS,Metal1,198.2930,179.8580,0.000010
FILLER_41_327,VSS,Metal1,190.5800,179.9710,0.000010
FILLER_41_319,VSS,Metal1,187.0930,179.8580,0.000010
FILLER_41_303,VSS,Metal1,180.2720,179.7720,0.000009
FILLER_41_220,VSS,Metal1,130.6600,179.9710,0.000008
FILLER_41_212,VSS,Metal1,127.1730,179.8580,0.000008
FILLER_41_208,VSS,Metal1,123.7600,180.3200,0.000008
FILLER_41_200,VSS,Metal1,120.4530,179.8580,0.000008
FILLER_41_174,VSS,Metal1,104.4400,180.3200,0.000008
FILLER_41_166,VSS,Metal1,101.4130,179.8580,0.000008
FILLER_41_150,VSS,Metal1,94.5920,179.7720,0.000008
FILLER_41_139,VSS,Metal1,84.8400,180.3200,0.000008
FILLER_41_137,VSS,Metal1,84.0000,180.3200,0.000008
FILLER_41_133,VSS,Metal1,81.9400,179.9710,0.000008
FILLER_41_114,VSS,Metal1,70.8400,180.3200,0.000008
FILLER_41_110,VSS,Metal1,69.0600,179.9710,0.000008
FILLER_41_102,VSS,Metal1,65.5730,179.8580,0.000008
FILLER_41_86,VSS,Metal1,58.7520,179.7720,0.000008
FILLER_41_76,VSS,Metal1,49.5600,180.3200,0.000005
FILLER_41_72,VSS,Metal1,47.7800,179.9710,0.000005
FILLER_41_69,VSS,Metal1,45.6400,180.3200,0.000005
FILLER_41_67,VSS,Metal1,44.8000,180.3200,0.000005
FILLER_41_63,VSS,Metal1,42.7400,179.9710,0.000005
FILLER_41_55,VSS,Metal1,39.2530,179.8580,0.000005
FILLER_40_551,VSS,Metal1,315.5600,172.4800,0.000041
FILLER_40_474,VSS,Metal1,272.4400,172.4800,0.000038
FILLER_40_472,VSS,Metal1,271.6000,172.4800,0.000038
FILLER_40_454,VSS,Metal1,261.2400,172.4800,0.000038
FILLER_40_422,VSS,Metal1,243.3200,172.4800,0.000038
FILLER_40_418,VSS,Metal1,241.5400,172.8285,0.000037
FILLER_40_408,VSS,Metal1,235.9400,172.8285,0.000036
FILLER_40_395,VSS,Metal1,228.6600,172.8285,0.000034
FILLER_40_387,VSS,Metal1,225.1730,172.9415,0.000034
FILLER_40_373,VSS,Metal1,216.3400,172.8285,0.000032
FILLER_40_365,VSS,Metal1,212.8530,172.9415,0.000031
FILLER_40_349,VSS,Metal1,206.0320,173.0280,0.000031
FILLER_40_317,VSS,Metal1,192.5240,173.0775,0.000030
FILLER_40_314,VSS,Metal1,182.8400,172.4800,0.000029
FILLER_40_312,VSS,Metal1,182.0000,172.4800,0.000029
FILLER_40_296,VSS,Metal1,176.3520,173.0280,0.000029
FILLER_40_286,VSS,Metal1,167.4400,172.4800,0.000029
FILLER_40_274,VSS,Metal1,160.4400,172.4800,0.000028
FILLER_40_272,VSS,Metal1,159.6000,172.4800,0.000028
FILLER_40_257,VSS,Metal1,152.3730,172.9415,0.000028
FILLER_40_247,VSS,Metal1,145.3200,172.4800,0.000028
FILLER_40_244,VSS,Metal1,143.6400,172.4800,0.000028
FILLER_40_240,VSS,Metal1,141.8600,172.8285,0.000028
FILLER_40_233,VSS,Metal1,137.4800,172.4800,0.000028
FILLER_40_217,VSS,Metal1,132.1120,173.0280,0.000028
FILLER_40_207,VSS,Metal1,122.9200,172.4800,0.000027
FILLER_40_205,VSS,Metal1,122.0800,172.4800,0.000027
FILLER_40_201,VSS,Metal1,120.0200,172.8285,0.000027
FILLER_40_193,VSS,Metal1,116.5330,172.9415,0.000027
FILLER_40_177,VSS,Metal1,109.7120,173.0280,0.000027
FILLER_40_173,VSS,Metal1,104.1600,172.4800,0.000026
FILLER_40_165,VSS,Metal1,100.8530,172.9415,0.000026
FILLER_40_149,VSS,Metal1,94.0320,173.0280,0.000026
FILLER_40_139,VSS,Metal1,84.8400,172.4800,0.000025
FILLER_40_107,VSS,Metal1,74.9240,173.0775,0.000025
FILLER_40_94,VSS,Metal1,59.9200,172.4800,0.000025
FILLER_40_90,VSS,Metal1,57.8600,172.8285,0.000025
FILLER_40_37,VSS,Metal1,28.1800,172.8285,0.000025
FILLER_40_25,VSS,Metal1,21.0000,172.4800,0.000025
FILLER_40_21,VSS,Metal1,19.2200,172.8285,0.000025
FILLER_40_8,VSS,Metal1,11.9400,172.8285,0.000025
FILLER_39_570,VSS,Metal1,326.6600,172.1310,0.000041
FILLER_39_543,VSS,Metal1,311.0800,172.4800,0.000041
FILLER_39_541,VSS,Metal1,310.2400,172.4800,0.000041
FILLER_39_513,VSS,Metal1,294.5600,172.4800,0.000041
FILLER_39_422,VSS,Metal1,243.3200,172.4800,0.000038
FILLER_39_418,VSS,Metal1,241.3600,172.4800,0.000037
FILLER_39_409,VSS,Metal1,236.0400,172.4800,0.000036
FILLER_39_405,VSS,Metal1,234.2600,172.1310,0.000035
FILLER_39_389,VSS,Metal1,228.4320,171.9320,0.000034
FILLER_39_372,VSS,Metal1,215.3200,172.4800,0.000031
FILLER_39_370,VSS,Metal1,214.4800,172.4800,0.000031
FILLER_39_362,VSS,Metal1,211.1730,172.0180,0.000031
FILLER_39_352,VSS,Metal1,204.1200,172.4800,0.000031
FILLER_39_349,VSS,Metal1,202.4400,172.4800,0.000031
FILLER_39_345,VSS,Metal1,200.6600,172.1310,0.000030
FILLER_39_329,VSS,Metal1,194.8320,171.9320,0.000030
FILLER_39_314,VSS,Metal1,182.8400,172.4800,0.000029
FILLER_39_282,VSS,Metal1,172.9240,171.8820,0.000029
FILLER_39_272,VSS,Metal1,160.7730,172.0180,0.000028
FILLER_39_255,VSS,Metal1,151.2530,172.0180,0.000028
FILLER_39_223,VSS,Metal1,139.8840,171.8820,0.000028
FILLER_39_208,VSS,Metal1,123.7600,172.4800,0.000028
FILLER_39_204,VSS,Metal1,121.7000,172.1310,0.000027
FILLER_39_188,VSS,Metal1,115.8720,171.9320,0.000027
FILLER_39_169,VSS,Metal1,101.6400,172.4800,0.000026
FILLER_39_167,VSS,Metal1,100.8000,172.4800,0.000026
FILLER_39_151,VSS,Metal1,95.1520,171.9320,0.000026
FILLER_39_139,VSS,Metal1,84.8400,172.4800,0.000025
FILLER_39_131,VSS,Metal1,81.8130,172.0180,0.000025
FILLER_39_115,VSS,Metal1,74.9920,171.9320,0.000025
FILLER_39_76,VSS,Metal1,49.8400,172.4800,0.000025
FILLER_39_72,VSS,Metal1,47.7800,172.1310,0.000025
FILLER_39_48,VSS,Metal1,34.3400,172.1310,0.000025
FILLER_39_38,VSS,Metal1,28.2800,172.4800,0.000025
FILLER_38_446,VSS,Metal1,256.7600,164.6400,0.000021
FILLER_38_444,VSS,Metal1,255.9200,164.6400,0.000021
FILLER_38_387,VSS,Metal1,227.3120,165.1880,0.000020
FILLER_38_384,VSS,Metal1,222.0400,164.6400,0.000020
FILLER_38_380,VSS,Metal1,220.2600,164.9885,0.000020
FILLER_38_363,VSS,Metal1,210.7400,164.9885,0.000020
FILLER_38_330,VSS,Metal1,193.2530,165.1015,0.000019
FILLER_38_317,VSS,Metal1,184.9800,164.9885,0.000019
FILLER_38_313,VSS,Metal1,182.5600,164.6400,0.000019
FILLER_38_295,VSS,Metal1,172.6600,164.9885,0.000019
FILLER_38_279,VSS,Metal1,166.8320,165.1880,0.000019
FILLER_38_247,VSS,Metal1,153.3240,165.2375,0.000019
FILLER_38_241,VSS,Metal1,142.4200,164.9885,0.000019
FILLER_38_177,VSS,Metal1,123.0445,165.2775,0.000019
FILLER_38_174,VSS,Metal1,104.4400,164.6400,0.000018
FILLER_38_166,VSS,Metal1,101.4130,165.1015,0.000018
FILLER_38_134,VSS,Metal1,90.0440,165.2375,0.000018
FILLER_38_123,VSS,Metal1,76.1600,164.6400,0.000018
FILLER_38_107,VSS,Metal1,70.5120,165.1880,0.000018
FILLER_38_57,VSS,Metal1,38.9200,164.6400,0.000018
FILLER_38_55,VSS,Metal1,38.0800,164.6400,0.000018
FILLER_38_34,VSS,Metal1,26.0400,164.6400,0.000017
FILLER_38_32,VSS,Metal1,25.2000,164.6400,0.000017
FILLER_37_570,VSS,Metal1,326.6600,164.2910,0.000022
FILLER_37_542,VSS,Metal1,310.8000,164.6400,0.000022
FILLER_37_492,VSS,Metal1,282.8000,164.6400,0.000022
FILLER_37_489,VSS,Metal1,280.8400,164.6400,0.000022
FILLER_37_436,VSS,Metal1,251.6200,164.2910,0.000021
FILLER_37_422,VSS,Metal1,243.3200,164.6400,0.000021
FILLER_37_416,VSS,Metal1,240.4200,164.2910,0.000020
FILLER_37_397,VSS,Metal1,229.7800,164.2910,0.000020
FILLER_37_352,VSS,Metal1,204.5800,164.2910,0.000020
FILLER_37_349,VSS,Metal1,202.4400,164.6400,0.000020
FILLER_37_341,VSS,Metal1,199.4130,164.1780,0.000020
FILLER_37_290,VSS,Metal1,169.8600,164.2910,0.000019
FILLER_37_282,VSS,Metal1,166.3730,164.1780,0.000019
FILLER_37_279,VSS,Metal1,163.2400,164.6400,0.000019
FILLER_37_247,VSS,Metal1,153.3240,164.0420,0.000019
FILLER_37_241,VSS,Metal1,141.9600,164.6400,0.000019
FILLER_37_239,VSS,Metal1,141.1200,164.6400,0.000019
FILLER_37_231,VSS,Metal1,137.8130,164.1780,0.000019
FILLER_37_222,VSS,Metal1,131.3200,164.6400,0.000019
FILLER_37_209,VSS,Metal1,124.0400,164.6400,0.000019
FILLER_37_205,VSS,Metal1,122.2600,164.2910,0.000019
FILLER_37_197,VSS,Metal1,118.7730,164.1780,0.000019
FILLER_37_187,VSS,Metal1,111.7200,164.6400,0.000019
FILLER_37_185,VSS,Metal1,110.8800,164.6400,0.000019
FILLER_37_177,VSS,Metal1,107.5730,164.1780,0.000019
FILLER_37_166,VSS,Metal1,100.2400,164.6400,0.000018
FILLER_37_158,VSS,Metal1,96.9330,164.1780,0.000018
FILLER_37_142,VSS,Metal1,90.1120,164.0920,0.000018
FILLER_37_139,VSS,Metal1,84.8400,164.6400,0.000018
FILLER_37_129,VSS,Metal1,79.2400,164.6400,0.000018
FILLER_37_125,VSS,Metal1,77.4600,164.2910,0.000018
FILLER_37_99,VSS,Metal1,62.4400,164.6400,0.000018
FILLER_37_97,VSS,Metal1,61.6000,164.6400,0.000018
FILLER_37_69,VSS,Metal1,45.6400,164.6400,0.000018
FILLER_37_63,VSS,Metal1,42.2800,164.6400,0.000018
FILLER_36_524,VSS,Metal1,300.4400,156.8000,0.000050
FILLER_36_487,VSS,Metal1,280.1800,157.1485,0.000050
FILLER_36_451,VSS,Metal1,260.0200,157.1485,0.000050
FILLER_36_421,VSS,Metal1,243.2200,157.1485,0.000050
FILLER_36_381,VSS,Metal1,220.8200,157.1485,0.000048
FILLER_36_373,VSS,Metal1,217.3330,157.2615,0.000048
FILLER_36_365,VSS,Metal1,211.6800,156.8000,0.000047
FILLER_36_341,VSS,Metal1,199.4130,157.2615,0.000044
FILLER_36_328,VSS,Metal1,192.1330,157.2615,0.000043
FILLER_36_319,VSS,Metal1,185.6400,156.8000,0.000042
FILLER_36_317,VSS,Metal1,184.8000,156.8000,0.000042
FILLER_36_313,VSS,Metal1,182.5600,156.8000,0.000041
FILLER_36_305,VSS,Metal1,179.2530,157.2615,0.000041
FILLER_36_294,VSS,Metal1,171.9200,156.8000,0.000041
FILLER_36_278,VSS,Metal1,166.2720,157.3480,0.000041
FILLER_36_261,VSS,Metal1,153.1600,156.8000,0.000040
FILLER_36_259,VSS,Metal1,152.3200,156.8000,0.000040
FILLER_36_255,VSS,Metal1,150.2600,157.1485,0.000040
FILLER_36_232,VSS,Metal1,137.3800,157.1485,0.000040
FILLER_36_213,VSS,Metal1,126.2800,156.8000,0.000039
FILLER_36_209,VSS,Metal1,124.5000,157.1485,0.000039
FILLER_36_177,VSS,Metal1,114.1240,157.3975,0.000039
FILLER_36_167,VSS,Metal1,101.9730,157.2615,0.000039
FILLER_36_150,VSS,Metal1,91.0000,156.8000,0.000039
FILLER_36_134,VSS,Metal1,85.6320,157.3480,0.000039
FILLER_36_123,VSS,Metal1,76.1600,156.8000,0.000039
FILLER_36_107,VSS,Metal1,70.5120,157.3480,0.000039
FILLER_36_104,VSS,Metal1,65.2400,156.8000,0.000039
FILLER_36_96,VSS,Metal1,62.2130,157.2615,0.000039
FILLER_36_77,VSS,Metal1,50.4000,156.8000,0.000037
FILLER_36_69,VSS,Metal1,47.0930,157.2615,0.000036
FILLER_36_2,VSS,Metal1,8.1200,156.8000,0.000035
FILLER_35_562,VSS,Metal1,322.1800,156.4510,0.000050
FILLER_35_559,VSS,Metal1,320.0400,156.8000,0.000050
FILLER_35_557,VSS,Metal1,319.2000,156.8000,0.000050
FILLER_35_522,VSS,Metal1,299.7800,156.4510,0.000050
FILLER_35_492,VSS,Metal1,282.5200,156.8000,0.000050
FILLER_35_483,VSS,Metal1,277.4800,156.8000,0.000050
FILLER_35_430,VSS,Metal1,247.8000,156.8000,0.000050
FILLER_35_327,VSS,Metal1,190.4000,156.8000,0.000042
FILLER_35_323,VSS,Metal1,188.3400,156.4510,0.000042
FILLER_35_315,VSS,Metal1,184.8530,156.3380,0.000042
FILLER_35_290,VSS,Metal1,170.8530,156.3380,0.000041
FILLER_35_284,VSS,Metal1,166.0400,156.8000,0.000041
FILLER_35_282,VSS,Metal1,165.2000,156.8000,0.000041
FILLER_35_279,VSS,Metal1,163.2400,156.8000,0.000041
FILLER_35_275,VSS,Metal1,161.4600,156.4510,0.000041
FILLER_35_262,VSS,Metal1,154.1800,156.4510,0.000041
FILLER_35_214,VSS,Metal1,126.8400,156.8000,0.000039
FILLER_35_212,VSS,Metal1,126.0000,156.8000,0.000039
FILLER_35_194,VSS,Metal1,119.2320,156.2520,0.000039
FILLER_35_162,VSS,Metal1,105.7240,156.2020,0.000039
FILLER_35_144,VSS,Metal1,87.6400,156.8000,0.000039
FILLER_35_142,VSS,Metal1,86.8000,156.8000,0.000039
FILLER_35_138,VSS,Metal1,84.5600,156.8000,0.000039
FILLER_35_134,VSS,Metal1,82.5000,156.4510,0.000039
FILLER_35_98,VSS,Metal1,62.1600,156.8000,0.000039
FILLER_35_94,VSS,Metal1,60.1000,156.4510,0.000038
FILLER_35_72,VSS,Metal1,47.7800,156.4510,0.000036
FILLER_35_69,VSS,Metal1,45.6400,156.8000,0.000036
FILLER_35_65,VSS,Metal1,43.8600,156.4510,0.000036
FILLER_35_29,VSS,Metal1,23.5200,156.8000,0.000035
FILLER_34_541,VSS,Metal1,309.9600,148.9600,0.000081
FILLER_34_531,VSS,Metal1,304.3600,148.9600,0.000081
FILLER_34_527,VSS,Metal1,302.5800,149.3085,0.000081
FILLER_34_502,VSS,Metal1,288.1200,148.9600,0.000081
FILLER_34_498,VSS,Metal1,286.3400,149.3085,0.000081
FILLER_34_463,VSS,Metal1,266.2800,148.9600,0.000081
FILLER_34_438,VSS,Metal1,252.5600,148.9600,0.000080
FILLER_34_395,VSS,Metal1,228.2000,148.9600,0.000079
FILLER_34_393,VSS,Metal1,227.3600,148.9600,0.000079
FILLER_34_339,VSS,Metal1,196.8400,148.9600,0.000077
FILLER_34_321,VSS,Metal1,187.0400,148.9600,0.000077
FILLER_34_317,VSS,Metal1,184.9800,149.3085,0.000077
FILLER_34_255,VSS,Metal1,150.2600,149.3085,0.000079
FILLER_34_247,VSS,Metal1,146.7730,149.4215,0.000079
FILLER_34_244,VSS,Metal1,143.6400,148.9600,0.000079
FILLER_34_242,VSS,Metal1,142.8000,148.9600,0.000079
FILLER_34_238,VSS,Metal1,140.7400,149.3085,0.000079
FILLER_34_206,VSS,Metal1,130.3640,149.5575,0.000079
FILLER_34_185,VSS,Metal1,110.6000,148.9600,0.000080
FILLER_34_177,VSS,Metal1,107.5730,149.4215,0.000080
FILLER_34_174,VSS,Metal1,104.4400,148.9600,0.000080
FILLER_34_172,VSS,Metal1,103.6000,148.9600,0.000080
FILLER_34_164,VSS,Metal1,100.2930,149.4215,0.000080
FILLER_34_155,VSS,Metal1,94.0800,148.9600,0.000080
FILLER_34_151,VSS,Metal1,92.0200,149.3085,0.000080
FILLER_34_143,VSS,Metal1,88.5330,149.4215,0.000080
FILLER_34_118,VSS,Metal1,76.6720,149.5080,0.000079
FILLER_34_111,VSS,Metal1,69.1600,148.9600,0.000079
FILLER_34_107,VSS,Metal1,67.3800,149.3085,0.000079
FILLER_34_89,VSS,Metal1,58.2930,149.4215,0.000074
FILLER_34_56,VSS,Metal1,38.3600,148.9600,0.000073
FILLER_34_52,VSS,Metal1,36.5800,149.3085,0.000073
FILLER_34_33,VSS,Metal1,25.7600,148.9600,0.000071
FILLER_34_12,VSS,Metal1,13.7200,148.9600,0.000071
FILLER_34_10,VSS,Metal1,12.8800,148.9600,0.000071
FILLER_33_562,VSS,Metal1,322.1800,148.6110,0.000081
FILLER_33_542,VSS,Metal1,310.8000,148.9600,0.000081
FILLER_33_532,VSS,Metal1,304.9200,148.9600,0.000081
FILLER_33_530,VSS,Metal1,304.0800,148.9600,0.000081
FILLER_33_492,VSS,Metal1,282.9800,148.6110,0.000081
FILLER_33_483,VSS,Metal1,277.4800,148.9600,0.000081
FILLER_33_479,VSS,Metal1,275.7000,148.6110,0.000081
FILLER_33_442,VSS,Metal1,254.5200,148.9600,0.000081
FILLER_33_440,VSS,Metal1,253.6800,148.9600,0.000081
FILLER_33_422,VSS,Metal1,243.6000,148.9600,0.000079
FILLER_33_419,VSS,Metal1,241.6400,148.9600,0.000079
FILLER_33_417,VSS,Metal1,240.8000,148.9600,0.000079
FILLER_33_354,VSS,Metal1,205.2400,148.9600,0.000079
FILLER_33_352,VSS,Metal1,204.4000,148.9600,0.000079
FILLER_33_348,VSS,Metal1,202.1600,148.9600,0.000079
FILLER_33_302,VSS,Metal1,176.4000,148.9600,0.000077
FILLER_33_298,VSS,Metal1,174.3400,148.6110,0.000077
FILLER_33_282,VSS,Metal1,168.5120,148.4120,0.000077
FILLER_33_270,VSS,Metal1,158.2000,148.9600,0.000078
FILLER_33_268,VSS,Metal1,157.3600,148.9600,0.000078
FILLER_33_260,VSS,Metal1,154.0530,148.4980,0.000078
FILLER_33_244,VSS,Metal1,147.2320,148.4120,0.000079
FILLER_33_212,VSS,Metal1,133.7240,148.3620,0.000079
FILLER_33_200,VSS,Metal1,119.4600,148.6110,0.000080
FILLER_33_192,VSS,Metal1,115.9730,148.4980,0.000080
FILLER_33_138,VSS,Metal1,84.5600,148.9600,0.000080
FILLER_33_134,VSS,Metal1,82.5000,148.6110,0.000080
FILLER_33_92,VSS,Metal1,58.5200,148.9600,0.000074
FILLER_33_84,VSS,Metal1,54.3200,148.9600,0.000074
FILLER_33_66,VSS,Metal1,44.4200,148.6110,0.000074
FILLER_33_54,VSS,Metal1,37.7000,148.6110,0.000073
FILLER_32_531,VSS,Metal1,304.3600,141.1200,0.000087
FILLER_32_527,VSS,Metal1,302.5800,141.4685,0.000087
FILLER_32_488,VSS,Metal1,280.5600,141.1200,0.000086
FILLER_32_463,VSS,Metal1,266.7400,141.4685,0.000084
FILLER_32_356,VSS,Metal1,206.8200,141.4685,0.000078
FILLER_32_319,VSS,Metal1,185.6400,141.1200,0.000078
FILLER_32_317,VSS,Metal1,184.8000,141.1200,0.000078
FILLER_32_314,VSS,Metal1,182.8400,141.1200,0.000076
FILLER_32_310,VSS,Metal1,181.0600,141.4685,0.000076
FILLER_32_302,VSS,Metal1,177.5730,141.5815,0.000076
FILLER_32_270,VSS,Metal1,166.2040,141.7175,0.000076
FILLER_32_263,VSS,Metal1,154.2800,141.1200,0.000074
FILLER_32_247,VSS,Metal1,148.9120,141.6680,0.000074
FILLER_32_244,VSS,Metal1,143.6400,141.1200,0.000074
FILLER_32_228,VSS,Metal1,134.6800,141.1200,0.000074
FILLER_32_226,VSS,Metal1,133.8400,141.1200,0.000074
FILLER_32_222,VSS,Metal1,131.7800,141.4685,0.000074
FILLER_32_181,VSS,Metal1,108.3600,141.1200,0.000072
FILLER_32_177,VSS,Metal1,106.5800,141.4685,0.000072
FILLER_32_136,VSS,Metal1,84.6130,141.5815,0.000068
FILLER_32_126,VSS,Metal1,77.8400,141.1200,0.000067
FILLER_32_118,VSS,Metal1,73.3600,141.1200,0.000067
FILLER_32_107,VSS,Metal1,66.9200,141.1200,0.000067
FILLER_32_103,VSS,Metal1,64.9600,141.1200,0.000067
FILLER_32_99,VSS,Metal1,62.9000,141.4685,0.000067
FILLER_32_58,VSS,Metal1,39.4800,141.1200,0.000064
FILLER_32_56,VSS,Metal1,38.6400,141.1200,0.000064
FILLER_32_41,VSS,Metal1,29.9600,141.1200,0.000064
FILLER_32_37,VSS,Metal1,28.1800,141.4685,0.000064
FILLER_32_28,VSS,Metal1,22.6800,141.1200,0.000064
FILLER_32_24,VSS,Metal1,20.9000,141.4685,0.000064
FILLER_31_562,VSS,Metal1,322.1800,140.7710,0.000087
FILLER_31_535,VSS,Metal1,306.8800,141.1200,0.000087
FILLER_31_500,VSS,Metal1,287.0000,141.1200,0.000087
FILLER_31_498,VSS,Metal1,286.1600,141.1200,0.000087
FILLER_31_488,VSS,Metal1,280.5600,141.1200,0.000086
FILLER_31_398,VSS,Metal1,229.8800,141.1200,0.000081
FILLER_31_352,VSS,Metal1,204.4000,141.1200,0.000078
FILLER_31_349,VSS,Metal1,202.4400,141.1200,0.000078
FILLER_31_347,VSS,Metal1,201.6000,141.1200,0.000078
FILLER_31_325,VSS,Metal1,189.0000,141.1200,0.000078
FILLER_31_290,VSS,Metal1,169.6800,141.1200,0.000076
FILLER_31_282,VSS,Metal1,166.3730,140.6580,0.000076
FILLER_31_260,VSS,Metal1,153.0600,140.7710,0.000074
FILLER_31_142,VSS,Metal1,86.9800,140.7710,0.000070
FILLER_31_138,VSS,Metal1,84.5600,141.1200,0.000068
FILLER_31_129,VSS,Metal1,79.2400,141.1200,0.000068
FILLER_31_93,VSS,Metal1,59.3600,141.1200,0.000066
FILLER_31_69,VSS,Metal1,45.6400,141.1200,0.000065
FILLER_31_67,VSS,Metal1,44.8000,141.1200,0.000065
FILLER_31_10,VSS,Metal1,12.8800,141.1200,0.000064
FILLER_30_531,VSS,Metal1,304.3600,133.2800,0.000083
FILLER_30_527,VSS,Metal1,302.5800,133.6285,0.000083
FILLER_30_521,VSS,Metal1,299.2200,133.6285,0.000083
FILLER_30_411,VSS,Metal1,237.4400,133.2800,0.000080
FILLER_30_332,VSS,Metal1,192.9200,133.2800,0.000075
FILLER_30_323,VSS,Metal1,187.8800,133.2800,0.000075
FILLER_30_314,VSS,Metal1,182.8400,133.2800,0.000075
FILLER_30_277,VSS,Metal1,162.1200,133.2800,0.000075
FILLER_30_275,VSS,Metal1,161.2800,133.2800,0.000075
FILLER_30_271,VSS,Metal1,159.2200,133.6285,0.000075
FILLER_30_244,VSS,Metal1,143.6400,133.2800,0.000075
FILLER_30_242,VSS,Metal1,142.8000,133.2800,0.000075
FILLER_30_234,VSS,Metal1,139.4930,133.7415,0.000075
FILLER_30_183,VSS,Metal1,109.4800,133.2800,0.000075
FILLER_30_181,VSS,Metal1,108.6400,133.2800,0.000075
FILLER_30_177,VSS,Metal1,106.5800,133.6285,0.000075
FILLER_30_166,VSS,Metal1,99.9600,133.2800,0.000075
FILLER_30_162,VSS,Metal1,98.1800,133.6285,0.000075
FILLER_30_111,VSS,Metal1,69.1600,133.2800,0.000075
FILLER_30_107,VSS,Metal1,67.3800,133.6285,0.000075
FILLER_30_103,VSS,Metal1,64.9600,133.2800,0.000075
FILLER_30_99,VSS,Metal1,62.9000,133.6285,0.000075
FILLER_30_91,VSS,Metal1,59.4130,133.7415,0.000075
FILLER_30_56,VSS,Metal1,38.3600,133.2800,0.000074
FILLER_30_52,VSS,Metal1,36.5800,133.6285,0.000074
FILLER_30_10,VSS,Metal1,12.8800,133.2800,0.000073
FILLER_29_570,VSS,Metal1,326.6600,132.9310,0.000083
FILLER_29_559,VSS,Metal1,320.0400,133.2800,0.000083
FILLER_29_555,VSS,Metal1,318.2600,132.9310,0.000083
FILLER_29_509,VSS,Metal1,292.5000,132.9310,0.000083
FILLER_29_500,VSS,Metal1,287.0000,133.2800,0.000082
FILLER_29_498,VSS,Metal1,286.1600,133.2800,0.000082
FILLER_29_473,VSS,Metal1,272.1600,133.2800,0.000081
FILLER_29_457,VSS,Metal1,262.9200,133.2800,0.000081
FILLER_29_455,VSS,Metal1,262.0800,133.2800,0.000081
FILLER_29_447,VSS,Metal1,257.6000,133.2800,0.000080
FILLER_29_422,VSS,Metal1,243.7800,132.9310,0.000080
FILLER_29_384,VSS,Metal1,222.3200,133.2800,0.000079
FILLER_29_356,VSS,Metal1,206.6400,133.2800,0.000077
FILLER_29_352,VSS,Metal1,204.5800,132.9310,0.000077
FILLER_29_284,VSS,Metal1,166.0400,133.2800,0.000075
FILLER_29_282,VSS,Metal1,165.2000,133.2800,0.000075
FILLER_29_236,VSS,Metal1,139.1600,133.2800,0.000075
FILLER_29_194,VSS,Metal1,115.6400,133.2800,0.000075
FILLER_29_144,VSS,Metal1,87.6400,133.2800,0.000075
FILLER_29_142,VSS,Metal1,86.8000,133.2800,0.000075
FILLER_29_131,VSS,Metal1,80.3600,133.2800,0.000075
FILLER_29_127,VSS,Metal1,78.5800,132.9310,0.000075
FILLER_29_2,VSS,Metal1,8.4000,133.2800,0.000073
FILLER_28_523,VSS,Metal1,300.1600,125.4400,0.000057
FILLER_28_472,VSS,Metal1,271.3200,125.4400,0.000057
FILLER_28_454,VSS,Metal1,261.2400,125.4400,0.000057
FILLER_28_450,VSS,Metal1,259.4600,125.7885,0.000057
FILLER_28_415,VSS,Metal1,239.8600,125.7885,0.000055
FILLER_28_407,VSS,Metal1,236.3730,125.9015,0.000055
FILLER_28_381,VSS,Metal1,220.8200,125.7885,0.000054
FILLER_28_343,VSS,Metal1,199.0800,125.4400,0.000053
FILLER_28_279,VSS,Metal1,163.5200,125.4400,0.000052
FILLER_28_259,VSS,Metal1,152.3200,125.4400,0.000052
FILLER_28_255,VSS,Metal1,150.2600,125.7885,0.000052
FILLER_28_247,VSS,Metal1,146.7730,125.9015,0.000053
FILLER_28_244,VSS,Metal1,143.6400,125.4400,0.000053
FILLER_28_240,VSS,Metal1,141.8600,125.7885,0.000053
FILLER_28_197,VSS,Metal1,117.3200,125.4400,0.000056
FILLER_28_193,VSS,Metal1,115.5400,125.7885,0.000056
FILLER_28_177,VSS,Metal1,106.1200,125.4400,0.000054
FILLER_28_171,VSS,Metal1,103.2200,125.7885,0.000054
FILLER_28_154,VSS,Metal1,93.2400,125.4400,0.000053
FILLER_28_150,VSS,Metal1,91.4600,125.7885,0.000053
FILLER_28_124,VSS,Metal1,76.9000,125.7885,0.000052
FILLER_28_109,VSS,Metal1,68.0400,125.4400,0.000051
FILLER_28_107,VSS,Metal1,67.2000,125.4400,0.000051
FILLER_28_88,VSS,Metal1,56.5600,125.4400,0.000050
FILLER_28_45,VSS,Metal1,32.2000,125.4400,0.000050
FILLER_28_34,VSS,Metal1,26.0400,125.4400,0.000049
FILLER_27_562,VSS,Metal1,322.1800,125.0910,0.000058
FILLER_27_494,VSS,Metal1,283.6400,125.4400,0.000057
FILLER_27_492,VSS,Metal1,282.8000,125.4400,0.000057
FILLER_27_486,VSS,Metal1,279.6200,125.0910,0.000057
FILLER_27_435,VSS,Metal1,250.6000,125.4400,0.000057
FILLER_27_426,VSS,Metal1,245.5600,125.4400,0.000056
FILLER_27_422,VSS,Metal1,243.7800,125.0910,0.000056
FILLER_27_388,VSS,Metal1,224.2800,125.4400,0.000054
FILLER_27_384,VSS,Metal1,222.5000,125.0910,0.000054
FILLER_27_356,VSS,Metal1,206.6400,125.4400,0.000053
FILLER_27_352,VSS,Metal1,204.5800,125.0910,0.000053
FILLER_27_348,VSS,Metal1,202.1600,125.4400,0.000053
FILLER_27_311,VSS,Metal1,181.1600,125.4400,0.000052
FILLER_27_309,VSS,Metal1,180.3200,125.4400,0.000052
FILLER_27_300,VSS,Metal1,175.0000,125.4400,0.000052
FILLER_27_298,VSS,Metal1,174.1600,125.4400,0.000052
FILLER_27_254,VSS,Metal1,150.6930,124.9780,0.000052
FILLER_27_175,VSS,Metal1,105.0000,125.4400,0.000054
FILLER_27_173,VSS,Metal1,104.1600,125.4400,0.000054
FILLER_27_106,VSS,Metal1,66.8200,125.0910,0.000051
FILLER_26_454,VSS,Metal1,261.2400,117.6000,0.000100
FILLER_26_438,VSS,Metal1,252.2800,117.6000,0.000100
FILLER_26_434,VSS,Metal1,250.5000,117.9485,0.000100
FILLER_26_393,VSS,Metal1,227.0800,117.6000,0.000099
FILLER_26_384,VSS,Metal1,222.0400,117.6000,0.000099
FILLER_26_382,VSS,Metal1,221.2000,117.6000,0.000099
FILLER_26_314,VSS,Metal1,182.8400,117.6000,0.000096
FILLER_26_312,VSS,Metal1,182.0000,117.6000,0.000096
FILLER_26_243,VSS,Metal1,143.3600,117.6000,0.000097
FILLER_26_239,VSS,Metal1,141.3000,117.9485,0.000097
FILLER_26_177,VSS,Metal1,106.5800,117.9485,0.000096
FILLER_26_174,VSS,Metal1,104.4400,117.6000,0.000096
FILLER_26_170,VSS,Metal1,102.6600,117.9485,0.000096
FILLER_26_162,VSS,Metal1,99.1730,118.0615,0.000094
FILLER_26_152,VSS,Metal1,92.1200,117.6000,0.000093
FILLER_26_148,VSS,Metal1,90.3400,117.9485,0.000093
FILLER_26_113,VSS,Metal1,70.2800,117.6000,0.000090
FILLER_26_111,VSS,Metal1,69.4400,117.6000,0.000089
FILLER_26_107,VSS,Metal1,67.3800,117.9485,0.000089
FILLER_26_104,VSS,Metal1,65.2400,117.6000,0.000089
FILLER_26_91,VSS,Metal1,58.4200,117.9485,0.000089
FILLER_26_45,VSS,Metal1,32.4800,117.6000,0.000087
FILLER_26_33,VSS,Metal1,25.7600,117.6000,0.000086
FILLER_25_562,VSS,Metal1,322.1800,117.2510,0.000103
FILLER_25_558,VSS,Metal1,319.7600,117.6000,0.000103
FILLER_25_515,VSS,Metal1,295.4000,117.6000,0.000103
FILLER_25_492,VSS,Metal1,282.5200,117.6000,0.000101
FILLER_25_473,VSS,Metal1,272.1600,117.6000,0.000101
FILLER_25_464,VSS,Metal1,266.8400,117.6000,0.000101
FILLER_25_331,VSS,Metal1,192.3600,117.6000,0.000097
FILLER_25_320,VSS,Metal1,186.4800,117.6000,0.000097
FILLER_25_282,VSS,Metal1,165.3800,117.2510,0.000097
FILLER_25_253,VSS,Metal1,148.6800,117.6000,0.000097
FILLER_25_216,VSS,Metal1,127.9600,117.6000,0.000097
FILLER_25_212,VSS,Metal1,126.1800,117.2510,0.000097
FILLER_25_193,VSS,Metal1,115.0800,117.6000,0.000097
FILLER_25_169,VSS,Metal1,101.6400,117.6000,0.000094
FILLER_25_165,VSS,Metal1,99.8600,117.2510,0.000094
FILLER_25_142,VSS,Metal1,86.5200,117.6000,0.000090
FILLER_25_138,VSS,Metal1,84.5600,117.6000,0.000090
FILLER_25_134,VSS,Metal1,82.5000,117.2510,0.000090
FILLER_25_127,VSS,Metal1,78.1200,117.6000,0.000090
FILLER_25_125,VSS,Metal1,77.2800,117.6000,0.000090
FILLER_25_121,VSS,Metal1,75.2200,117.2510,0.000090
FILLER_25_113,VSS,Metal1,71.7330,117.1380,0.000090
FILLER_25_78,VSS,Metal1,50.6800,117.6000,0.000089
FILLER_24_544,VSS,Metal1,311.6400,109.7600,0.000053
FILLER_24_542,VSS,Metal1,310.8000,109.7600,0.000053
FILLER_24_469,VSS,Metal1,269.6400,109.7600,0.000052
FILLER_24_465,VSS,Metal1,267.8600,110.1085,0.000052
FILLER_24_454,VSS,Metal1,261.2400,109.7600,0.000052
FILLER_24_450,VSS,Metal1,259.4600,110.1085,0.000052
FILLER_24_434,VSS,Metal1,250.0400,109.7600,0.000052
FILLER_24_432,VSS,Metal1,249.2000,109.7600,0.000052
FILLER_24_428,VSS,Metal1,247.1400,110.1085,0.000052
FILLER_24_391,VSS,Metal1,225.9600,109.7600,0.000052
FILLER_24_387,VSS,Metal1,224.1800,110.1085,0.000052
FILLER_24_317,VSS,Metal1,184.5200,109.7600,0.000050
FILLER_24_314,VSS,Metal1,182.8400,109.7600,0.000050
FILLER_24_266,VSS,Metal1,155.9600,109.7600,0.000050
FILLER_24_262,VSS,Metal1,154.1800,110.1085,0.000050
FILLER_24_192,VSS,Metal1,114.5200,109.7600,0.000051
FILLER_24_140,VSS,Metal1,85.4000,109.7600,0.000051
FILLER_24_138,VSS,Metal1,84.5600,109.7600,0.000051
FILLER_24_123,VSS,Metal1,75.8800,109.7600,0.000051
FILLER_24_107,VSS,Metal1,70.5120,110.3080,0.000051
FILLER_24_104,VSS,Metal1,65.2400,109.7600,0.000051
FILLER_24_100,VSS,Metal1,63.4600,110.1085,0.000051
FILLER_24_33,VSS,Metal1,25.7600,109.7600,0.000049
FILLER_23_562,VSS,Metal1,322.1800,109.4110,0.000053
FILLER_23_559,VSS,Metal1,320.0400,109.7600,0.000053
FILLER_23_540,VSS,Metal1,309.8600,109.4110,0.000053
FILLER_23_531,VSS,Metal1,304.3600,109.7600,0.000052
FILLER_23_529,VSS,Metal1,303.5200,109.7600,0.000052
FILLER_23_494,VSS,Metal1,283.6400,109.7600,0.000052
FILLER_23_492,VSS,Metal1,282.8000,109.7600,0.000052
FILLER_23_474,VSS,Metal1,272.7200,109.7600,0.000052
FILLER_23_430,VSS,Metal1,248.0800,109.7600,0.000052
FILLER_23_422,VSS,Metal1,244.7730,109.2980,0.000052
FILLER_23_418,VSS,Metal1,241.3600,109.7600,0.000052
FILLER_23_365,VSS,Metal1,211.6800,109.7600,0.000051
FILLER_23_361,VSS,Metal1,209.6200,109.4110,0.000051
FILLER_23_323,VSS,Metal1,187.8800,109.7600,0.000051
FILLER_23_319,VSS,Metal1,186.1000,109.4110,0.000050
FILLER_23_298,VSS,Metal1,173.8800,109.7600,0.000050
FILLER_23_290,VSS,Metal1,170.8530,109.2980,0.000050
FILLER_23_261,VSS,Metal1,153.1600,109.7600,0.000051
FILLER_23_259,VSS,Metal1,152.3200,109.7600,0.000051
FILLER_23_243,VSS,Metal1,146.6720,109.2120,0.000051
FILLER_23_173,VSS,Metal1,103.8800,109.7600,0.000051
FILLER_23_169,VSS,Metal1,102.1000,109.4110,0.000051
FILLER_23_146,VSS,Metal1,89.0400,109.7600,0.000051
FILLER_23_142,VSS,Metal1,86.9800,109.4110,0.000051
FILLER_23_131,VSS,Metal1,80.3600,109.7600,0.000051
FILLER_23_129,VSS,Metal1,79.5200,109.7600,0.000051
FILLER_23_97,VSS,Metal1,69.3240,109.1620,0.000051
FILLER_23_84,VSS,Metal1,54.0400,109.7600,0.000051
FILLER_23_69,VSS,Metal1,45.6400,109.7600,0.000051
FILLER_23_67,VSS,Metal1,44.8000,109.7600,0.000051
FILLER_23_51,VSS,Metal1,35.5600,109.7600,0.000050
FILLER_23_36,VSS,Metal1,27.1600,109.7600,0.000050
FILLER_22_531,VSS,Metal1,304.3600,101.9200,0.000037
FILLER_22_527,VSS,Metal1,302.5800,102.2685,0.000037
FILLER_22_509,VSS,Metal1,292.0400,101.9200,0.000036
FILLER_22_494,VSS,Metal1,283.6400,101.9200,0.000036
FILLER_22_485,VSS,Metal1,278.6000,101.9200,0.000036
FILLER_22_463,VSS,Metal1,266.2800,101.9200,0.000036
FILLER_22_431,VSS,Metal1,248.6400,101.9200,0.000035
FILLER_22_427,VSS,Metal1,246.5800,102.2685,0.000035
FILLER_22_404,VSS,Metal1,233.2400,101.9200,0.000035
FILLER_22_402,VSS,Metal1,232.4000,101.9200,0.000035
FILLER_22_383,VSS,Metal1,221.7600,101.9200,0.000035
FILLER_22_329,VSS,Metal1,191.5200,101.9200,0.000032
FILLER_22_325,VSS,Metal1,189.4600,102.2685,0.000032
FILLER_22_317,VSS,Metal1,185.9730,102.3815,0.000031
FILLER_22_285,VSS,Metal1,166.8800,101.9200,0.000032
FILLER_22_261,VSS,Metal1,153.1600,101.9200,0.000032
FILLER_22_259,VSS,Metal1,152.3200,101.9200,0.000032
FILLER_22_255,VSS,Metal1,150.2600,102.2685,0.000032
FILLER_22_247,VSS,Metal1,146.7730,102.3815,0.000032
FILLER_22_229,VSS,Metal1,135.2400,101.9200,0.000032
FILLER_22_220,VSS,Metal1,130.2000,101.9200,0.000032
FILLER_22_218,VSS,Metal1,129.3600,101.9200,0.000032
FILLER_22_183,VSS,Metal1,109.4800,101.9200,0.000032
FILLER_22_181,VSS,Metal1,108.6400,101.9200,0.000032
FILLER_22_177,VSS,Metal1,106.5800,102.2685,0.000032
FILLER_22_174,VSS,Metal1,104.4400,101.9200,0.000032
FILLER_22_172,VSS,Metal1,103.6000,101.9200,0.000032
FILLER_22_164,VSS,Metal1,99.1200,101.9200,0.000032
FILLER_22_97,VSS,Metal1,62.7730,102.3815,0.000032
FILLER_22_39,VSS,Metal1,28.8400,101.9200,0.000032
FILLER_22_37,VSS,Metal1,28.0000,101.9200,0.000032
FILLER_22_2,VSS,Metal1,8.1200,101.9200,0.000031
FILLER_21_562,VSS,Metal1,322.1800,101.5710,0.000037
FILLER_21_551,VSS,Metal1,315.5600,101.9200,0.000037
FILLER_21_547,VSS,Metal1,313.7800,101.5710,0.000037
FILLER_21_489,VSS,Metal1,280.8400,101.9200,0.000036
FILLER_21_438,VSS,Metal1,252.5600,101.9200,0.000035
FILLER_21_422,VSS,Metal1,246.9120,101.3720,0.000035
FILLER_21_419,VSS,Metal1,241.6400,101.9200,0.000035
FILLER_21_402,VSS,Metal1,232.4000,101.9200,0.000035
FILLER_21_398,VSS,Metal1,230.3400,101.5710,0.000035
FILLER_21_390,VSS,Metal1,226.8530,101.4580,0.000035
FILLER_21_352,VSS,Metal1,204.5800,101.5710,0.000033
FILLER_21_349,VSS,Metal1,202.4400,101.9200,0.000032
FILLER_21_324,VSS,Metal1,188.4400,101.9200,0.000032
FILLER_21_320,VSS,Metal1,186.6600,101.5710,0.000032
FILLER_21_282,VSS,Metal1,165.2000,101.9200,0.000032
FILLER_21_228,VSS,Metal1,134.6800,101.9200,0.000032
FILLER_21_226,VSS,Metal1,133.8400,101.9200,0.000032
FILLER_21_208,VSS,Metal1,123.7600,101.9200,0.000032
FILLER_21_183,VSS,Metal1,109.7600,101.9200,0.000032
FILLER_21_148,VSS,Metal1,89.8800,101.9200,0.000032
FILLER_21_146,VSS,Metal1,89.0400,101.9200,0.000032
FILLER_21_142,VSS,Metal1,86.9800,101.5710,0.000032
FILLER_21_136,VSS,Metal1,83.6200,101.5710,0.000032
FILLER_21_101,VSS,Metal1,63.5600,101.9200,0.000032
FILLER_21_99,VSS,Metal1,62.7200,101.9200,0.000032
FILLER_21_82,VSS,Metal1,53.2000,101.9200,0.000032
FILLER_21_78,VSS,Metal1,51.1400,101.5710,0.000032
FILLER_21_69,VSS,Metal1,45.6400,101.9200,0.000032
FILLER_21_26,VSS,Metal1,21.5600,101.9200,0.000031
FILLER_21_10,VSS,Metal1,12.6000,101.9200,0.000031
FILLER_20_482,VSS,Metal1,276.9200,94.0800,0.000057
FILLER_20_480,VSS,Metal1,276.0800,94.0800,0.000057
FILLER_20_437,VSS,Metal1,252.0000,94.0800,0.000055
FILLER_20_393,VSS,Metal1,228.5330,94.5415,0.000055
FILLER_20_358,VSS,Metal1,207.9400,94.4285,0.000052
FILLER_20_323,VSS,Metal1,187.8800,94.0800,0.000052
FILLER_20_321,VSS,Metal1,187.0400,94.0800,0.000051
FILLER_20_317,VSS,Metal1,184.9800,94.4285,0.000051
FILLER_20_249,VSS,Metal1,146.4400,94.0800,0.000051
FILLER_20_247,VSS,Metal1,145.6000,94.0800,0.000051
FILLER_20_244,VSS,Metal1,143.6400,94.0800,0.000051
FILLER_20_236,VSS,Metal1,140.6130,94.5415,0.000051
FILLER_20_177,VSS,Metal1,106.5800,94.4285,0.000050
FILLER_20_173,VSS,Metal1,104.1600,94.0800,0.000050
FILLER_20_169,VSS,Metal1,102.1000,94.4285,0.000050
FILLER_20_152,VSS,Metal1,92.4000,94.0800,0.000050
FILLER_20_109,VSS,Metal1,68.0400,94.0800,0.000050
FILLER_20_107,VSS,Metal1,67.2000,94.0800,0.000050
FILLER_20_34,VSS,Metal1,26.0400,94.0800,0.000047
FILLER_19_562,VSS,Metal1,322.1800,93.7310,0.000058
FILLER_19_544,VSS,Metal1,311.6400,94.0800,0.000058
FILLER_19_540,VSS,Metal1,309.8600,93.7310,0.000058
FILLER_19_439,VSS,Metal1,252.8400,94.0800,0.000055
FILLER_19_437,VSS,Metal1,252.0000,94.0800,0.000055
FILLER_19_419,VSS,Metal1,241.6400,94.0800,0.000055
FILLER_19_415,VSS,Metal1,239.8600,93.7310,0.000055
FILLER_19_349,VSS,Metal1,202.4400,94.0800,0.000052
FILLER_19_345,VSS,Metal1,200.6600,93.7310,0.000052
FILLER_19_282,VSS,Metal1,165.3800,93.7310,0.000051
FILLER_19_279,VSS,Metal1,163.2400,94.0800,0.000051
FILLER_19_277,VSS,Metal1,162.4000,94.0800,0.000051
FILLER_19_218,VSS,Metal1,129.3600,94.0800,0.000051
FILLER_19_206,VSS,Metal1,122.8200,93.7310,0.000051
FILLER_19_190,VSS,Metal1,113.4000,94.0800,0.000051
FILLER_19_174,VSS,Metal1,108.0320,93.5320,0.000050
FILLER_19_142,VSS,Metal1,94.5240,93.4820,0.000050
FILLER_19_139,VSS,Metal1,84.8400,94.0800,0.000050
FILLER_19_123,VSS,Metal1,75.8800,94.0800,0.000050
FILLER_19_115,VSS,Metal1,72.8530,93.6180,0.000050
FILLER_19_72,VSS,Metal1,47.3200,94.0800,0.000049
FILLER_19_68,VSS,Metal1,45.3600,94.0800,0.000049
FILLER_19_44,VSS,Metal1,31.6400,94.0800,0.000049
FILLER_19_40,VSS,Metal1,29.8600,93.7310,0.000049
FILLER_19_2,VSS,Metal1,8.5800,93.7310,0.000048
FILLER_18_531,VSS,Metal1,304.3600,86.2400,0.000117
FILLER_18_527,VSS,Metal1,302.5800,86.5885,0.000116
FILLER_18_465,VSS,Metal1,267.6800,86.2400,0.000114
FILLER_18_457,VSS,Metal1,264.3730,86.7015,0.000111
FILLER_18_377,VSS,Metal1,219.5730,86.7015,0.000107
FILLER_18_367,VSS,Metal1,212.9800,86.5885,0.000107
FILLER_18_330,VSS,Metal1,191.8000,86.2400,0.000105
FILLER_18_326,VSS,Metal1,190.0200,86.5885,0.000105
FILLER_18_317,VSS,Metal1,184.5200,86.2400,0.000098
FILLER_18_297,VSS,Metal1,173.6000,86.2400,0.000098
FILLER_18_289,VSS,Metal1,170.2930,86.7015,0.000098
FILLER_18_251,VSS,Metal1,147.8400,86.2400,0.000098
FILLER_18_247,VSS,Metal1,145.7800,86.5885,0.000098
FILLER_18_241,VSS,Metal1,142.4200,86.5885,0.000094
FILLER_18_233,VSS,Metal1,138.9330,86.7015,0.000094
FILLER_18_211,VSS,Metal1,125.1600,86.2400,0.000094
FILLER_18_209,VSS,Metal1,124.3200,86.2400,0.000092
FILLER_18_177,VSS,Metal1,109.7120,86.7880,0.000091
FILLER_18_125,VSS,Metal1,77.0000,86.2400,0.000088
FILLER_18_123,VSS,Metal1,76.1600,86.2400,0.000088
FILLER_18_107,VSS,Metal1,70.5120,86.7880,0.000088
FILLER_18_73,VSS,Metal1,51.4720,86.7880,0.000085
FILLER_18_53,VSS,Metal1,37.1400,86.5885,0.000084
FILLER_18_34,VSS,Metal1,26.0400,86.2400,0.000081
FILLER_17_570,VSS,Metal1,326.6600,85.8910,0.000117
FILLER_17_556,VSS,Metal1,318.8200,85.8910,0.000117
FILLER_17_529,VSS,Metal1,303.2400,86.2400,0.000116
FILLER_17_525,VSS,Metal1,301.4600,85.8910,0.000116
FILLER_17_516,VSS,Metal1,295.9600,86.2400,0.000115
FILLER_17_512,VSS,Metal1,294.1800,85.8910,0.000115
FILLER_17_492,VSS,Metal1,282.9800,85.8910,0.000114
FILLER_17_489,VSS,Metal1,280.8400,86.2400,0.000114
FILLER_17_438,VSS,Metal1,253.7330,85.7780,0.000111
FILLER_17_422,VSS,Metal1,246.9120,85.6920,0.000111
FILLER_17_386,VSS,Metal1,223.4400,86.2400,0.000109
FILLER_17_382,VSS,Metal1,221.3800,85.8910,0.000107
FILLER_17_348,VSS,Metal1,202.1600,86.2400,0.000105
FILLER_17_290,VSS,Metal1,169.4000,86.2400,0.000098
FILLER_17_278,VSS,Metal1,162.9600,86.2400,0.000098
FILLER_17_274,VSS,Metal1,160.9000,85.8910,0.000098
FILLER_17_208,VSS,Metal1,123.7600,86.2400,0.000092
FILLER_17_150,VSS,Metal1,91.0000,86.2400,0.000090
FILLER_17_148,VSS,Metal1,90.1600,86.2400,0.000090
FILLER_17_139,VSS,Metal1,84.8400,86.2400,0.000090
FILLER_17_96,VSS,Metal1,60.7600,86.2400,0.000087
FILLER_17_89,VSS,Metal1,56.8400,86.2400,0.000085
FILLER_17_81,VSS,Metal1,53.8130,85.7780,0.000085
FILLER_17_74,VSS,Metal1,48.4400,86.2400,0.000085
FILLER_17_72,VSS,Metal1,47.6000,86.2400,0.000084
FILLER_17_69,VSS,Metal1,45.6400,86.2400,0.000084
FILLER_17_33,VSS,Metal1,25.7600,86.2400,0.000081
FILLER_16_495,VSS,Metal1,284.2000,78.4000,0.000086
FILLER_16_463,VSS,Metal1,266.2800,78.4000,0.000086
FILLER_16_461,VSS,Metal1,265.4400,78.4000,0.000086
FILLER_16_457,VSS,Metal1,263.3800,78.7485,0.000086
FILLER_16_451,VSS,Metal1,260.0200,78.7485,0.000086
FILLER_16_443,VSS,Metal1,256.5330,78.8615,0.000086
FILLER_16_407,VSS,Metal1,235.2000,78.4000,0.000086
FILLER_16_403,VSS,Metal1,233.1400,78.7485,0.000085
FILLER_16_317,VSS,Metal1,185.9730,78.8615,0.000084
FILLER_16_314,VSS,Metal1,182.8400,78.4000,0.000082
FILLER_16_312,VSS,Metal1,182.0000,78.4000,0.000082
FILLER_16_308,VSS,Metal1,179.9400,78.7485,0.000082
FILLER_16_292,VSS,Metal1,170.5200,78.4000,0.000082
FILLER_16_290,VSS,Metal1,169.6800,78.4000,0.000082
FILLER_16_282,VSS,Metal1,166.3730,78.8615,0.000082
FILLER_16_247,VSS,Metal1,145.3200,78.4000,0.000082
FILLER_16_229,VSS,Metal1,135.2400,78.4000,0.000081
FILLER_16_227,VSS,Metal1,134.4000,78.4000,0.000081
FILLER_16_219,VSS,Metal1,131.0930,78.8615,0.000081
FILLER_16_177,VSS,Metal1,107.5730,78.8615,0.000081
FILLER_16_174,VSS,Metal1,104.4400,78.4000,0.000081
FILLER_16_172,VSS,Metal1,103.6000,78.4000,0.000081
FILLER_16_164,VSS,Metal1,100.2930,78.8615,0.000081
FILLER_16_121,VSS,Metal1,74.7600,78.4000,0.000081
FILLER_16_113,VSS,Metal1,71.7330,78.8615,0.000081
FILLER_16_96,VSS,Metal1,60.7600,78.4000,0.000080
FILLER_16_60,VSS,Metal1,40.8800,78.4000,0.000078
FILLER_16_10,VSS,Metal1,12.8800,78.4000,0.000074
FILLER_15_570,VSS,Metal1,326.6600,78.0510,0.000086
FILLER_15_559,VSS,Metal1,320.0400,78.4000,0.000086
FILLER_15_557,VSS,Metal1,319.2000,78.4000,0.000086
FILLER_15_541,VSS,Metal1,309.9600,78.4000,0.000086
FILLER_15_492,VSS,Metal1,282.5200,78.4000,0.000086
FILLER_15_482,VSS,Metal1,277.2000,78.4000,0.000086
FILLER_15_478,VSS,Metal1,275.1400,78.0510,0.000086
FILLER_15_438,VSS,Metal1,252.7400,78.0510,0.000086
FILLER_15_422,VSS,Metal1,246.9120,77.8520,0.000086
FILLER_15_403,VSS,Metal1,232.9600,78.4000,0.000085
FILLER_15_362,VSS,Metal1,209.7200,78.4000,0.000085
FILLER_15_360,VSS,Metal1,208.8800,78.4000,0.000085
FILLER_15_313,VSS,Metal1,182.2800,78.4000,0.000082
FILLER_15_305,VSS,Metal1,179.2530,77.9380,0.000082
FILLER_15_282,VSS,Metal1,166.3730,77.9380,0.000082
FILLER_15_270,VSS,Metal1,158.4800,78.4000,0.000082
FILLER_15_220,VSS,Metal1,131.6530,77.9380,0.000081
FILLER_15_209,VSS,Metal1,124.0400,78.4000,0.000081
FILLER_15_207,VSS,Metal1,123.2000,78.4000,0.000081
FILLER_15_191,VSS,Metal1,117.5520,77.8520,0.000081
FILLER_15_156,VSS,Metal1,94.3600,78.4000,0.000081
FILLER_15_154,VSS,Metal1,93.5200,78.4000,0.000081
FILLER_15_150,VSS,Metal1,91.4600,78.0510,0.000081
FILLER_15_142,VSS,Metal1,87.9730,77.9380,0.000081
FILLER_15_95,VSS,Metal1,60.6600,78.0510,0.000080
FILLER_15_87,VSS,Metal1,57.1730,77.9380,0.000079
FILLER_15_68,VSS,Metal1,45.3600,78.4000,0.000079
FILLER_14_531,VSS,Metal1,304.3600,70.5600,0.000089
FILLER_14_527,VSS,Metal1,302.5800,70.9085,0.000089
FILLER_14_521,VSS,Metal1,299.2200,70.9085,0.000089
FILLER_14_467,VSS,Metal1,268.8000,70.5600,0.000088
FILLER_14_457,VSS,Metal1,263.2000,70.5600,0.000088
FILLER_14_454,VSS,Metal1,261.2400,70.5600,0.000088
FILLER_14_450,VSS,Metal1,259.4600,70.9085,0.000088
FILLER_14_395,VSS,Metal1,228.6600,70.9085,0.000087
FILLER_14_387,VSS,Metal1,225.1730,71.0215,0.000087
FILLER_14_377,VSS,Metal1,219.5730,71.0215,0.000087
FILLER_14_368,VSS,Metal1,213.0800,70.5600,0.000086
FILLER_14_366,VSS,Metal1,212.2400,70.5600,0.000086
FILLER_14_329,VSS,Metal1,191.2400,70.5600,0.000085
FILLER_14_327,VSS,Metal1,190.4000,70.5600,0.000085
FILLER_14_317,VSS,Metal1,184.8000,70.5600,0.000084
FILLER_14_262,VSS,Metal1,154.0000,70.5600,0.000082
FILLER_14_243,VSS,Metal1,143.3600,70.5600,0.000082
FILLER_14_239,VSS,Metal1,141.3000,70.9085,0.000082
FILLER_14_231,VSS,Metal1,137.8130,71.0215,0.000082
FILLER_14_215,VSS,Metal1,130.9920,71.1080,0.000081
FILLER_14_177,VSS,Metal1,106.4000,70.5600,0.000080
FILLER_14_159,VSS,Metal1,96.0400,70.5600,0.000079
FILLER_14_157,VSS,Metal1,95.2000,70.5600,0.000079
FILLER_14_149,VSS,Metal1,91.8930,71.0215,0.000079
FILLER_14_133,VSS,Metal1,81.4800,70.5600,0.000079
FILLER_14_131,VSS,Metal1,80.6400,70.5600,0.000079
FILLER_14_123,VSS,Metal1,77.3330,71.0215,0.000077
FILLER_14_107,VSS,Metal1,70.5120,71.1080,0.000077
FILLER_14_104,VSS,Metal1,65.2400,70.5600,0.000077
FILLER_14_102,VSS,Metal1,64.4000,70.5600,0.000077
FILLER_14_98,VSS,Metal1,62.3400,70.9085,0.000077
FILLER_14_82,VSS,Metal1,56.5120,71.1080,0.000074
FILLER_14_47,VSS,Metal1,33.3200,70.5600,0.000073
FILLER_14_45,VSS,Metal1,32.4800,70.5600,0.000073
FILLER_14_34,VSS,Metal1,26.0400,70.5600,0.000073
FILLER_14_18,VSS,Metal1,17.0800,70.5600,0.000073
FILLER_13_562,VSS,Metal1,322.1800,70.2110,0.000089
FILLER_13_496,VSS,Metal1,284.7600,70.5600,0.000088
FILLER_13_492,VSS,Metal1,282.9800,70.2110,0.000088
FILLER_13_489,VSS,Metal1,280.8400,70.5600,0.000088
FILLER_13_428,VSS,Metal1,246.6800,70.5600,0.000087
FILLER_13_426,VSS,Metal1,245.8400,70.5600,0.000087
FILLER_13_422,VSS,Metal1,243.7800,70.2110,0.000087
FILLER_13_368,VSS,Metal1,213.0800,70.5600,0.000086
FILLER_13_352,VSS,Metal1,207.7120,70.0120,0.000085
FILLER_13_320,VSS,Metal1,186.2000,70.5600,0.000085
FILLER_13_316,VSS,Metal1,184.4200,70.2110,0.000084
FILLER_13_279,VSS,Metal1,163.2400,70.5600,0.000083
FILLER_13_241,VSS,Metal1,142.2400,70.5600,0.000082
FILLER_13_237,VSS,Metal1,140.1800,70.2110,0.000082
FILLER_13_229,VSS,Metal1,136.6930,70.0980,0.000082
FILLER_13_212,VSS,Metal1,126.0000,70.5600,0.000081
FILLER_13_182,VSS,Metal1,109.2000,70.5600,0.000081
FILLER_13_174,VSS,Metal1,105.8930,70.0980,0.000080
FILLER_13_142,VSS,Metal1,94.5240,69.9620,0.000079
FILLER_13_136,VSS,Metal1,83.6200,70.2110,0.000079
FILLER_13_94,VSS,Metal1,59.9200,70.5600,0.000074
FILLER_13_78,VSS,Metal1,54.2720,70.0120,0.000074
FILLER_13_69,VSS,Metal1,45.6400,70.5600,0.000074
FILLER_13_67,VSS,Metal1,44.8000,70.5600,0.000074
FILLER_13_50,VSS,Metal1,35.2800,70.5600,0.000074
FILLER_13_14,VSS,Metal1,15.1200,70.5600,0.000073
FILLER_13_10,VSS,Metal1,13.0600,70.2110,0.000073
FILLER_12_539,VSS,Metal1,308.8400,62.7200,0.000064
FILLER_12_535,VSS,Metal1,307.0600,63.0685,0.000064
FILLER_12_476,VSS,Metal1,273.5600,62.7200,0.000063
FILLER_12_472,VSS,Metal1,271.7800,63.0685,0.000063
FILLER_12_447,VSS,Metal1,258.7730,63.1815,0.000063
FILLER_12_431,VSS,Metal1,248.3600,62.7200,0.000063
FILLER_12_427,VSS,Metal1,246.5800,63.0685,0.000062
FILLER_12_419,VSS,Metal1,243.0930,63.1815,0.000062
FILLER_12_387,VSS,Metal1,231.7240,63.3175,0.000061
FILLER_12_383,VSS,Metal1,221.7600,62.7200,0.000060
FILLER_12_365,VSS,Metal1,211.8600,63.0685,0.000060
FILLER_12_349,VSS,Metal1,202.4400,62.7200,0.000059
FILLER_12_345,VSS,Metal1,200.6600,63.0685,0.000059
FILLER_12_337,VSS,Metal1,197.1730,63.1815,0.000059
FILLER_12_321,VSS,Metal1,186.7600,62.7200,0.000059
FILLER_12_317,VSS,Metal1,184.9800,63.0685,0.000059
FILLER_12_311,VSS,Metal1,181.6200,63.0685,0.000058
FILLER_12_303,VSS,Metal1,178.1330,63.1815,0.000058
FILLER_12_251,VSS,Metal1,147.5600,62.7200,0.000058
FILLER_12_247,VSS,Metal1,145.7800,63.0685,0.000058
FILLER_12_205,VSS,Metal1,122.2600,63.0685,0.000058
FILLER_12_197,VSS,Metal1,118.7730,63.1815,0.000058
FILLER_12_181,VSS,Metal1,108.3600,62.7200,0.000058
FILLER_12_177,VSS,Metal1,106.5800,63.0685,0.000058
FILLER_12_171,VSS,Metal1,103.2200,63.0685,0.000058
FILLER_12_155,VSS,Metal1,97.3920,63.2680,0.000058
FILLER_12_107,VSS,Metal1,67.3800,63.0685,0.000058
FILLER_12_88,VSS,Metal1,56.5600,62.7200,0.000058
FILLER_12_84,VSS,Metal1,54.5000,63.0685,0.000058
FILLER_12_76,VSS,Metal1,51.0130,63.1815,0.000058
FILLER_12_45,VSS,Metal1,32.2000,62.7200,0.000058
FILLER_12_8,VSS,Metal1,11.4800,62.7200,0.000057
FILLER_12_6,VSS,Metal1,10.6400,62.7200,0.000057
FILLER_12_2,VSS,Metal1,8.5800,63.0685,0.000057
FILLER_11_562,VSS,Metal1,322.1800,62.3710,0.000064
FILLER_11_559,VSS,Metal1,320.0400,62.7200,0.000064
FILLER_11_555,VSS,Metal1,318.2600,62.3710,0.000064
FILLER_11_506,VSS,Metal1,290.3600,62.7200,0.000063
FILLER_11_496,VSS,Metal1,285.0400,62.7200,0.000063
FILLER_11_492,VSS,Metal1,282.9800,62.3710,0.000063
FILLER_11_473,VSS,Metal1,272.1600,62.7200,0.000063
FILLER_11_428,VSS,Metal1,246.6800,62.7200,0.000062
FILLER_11_426,VSS,Metal1,245.8400,62.7200,0.000062
FILLER_11_422,VSS,Metal1,243.7800,62.3710,0.000062
FILLER_11_403,VSS,Metal1,232.9600,62.7200,0.000061
FILLER_11_282,VSS,Metal1,172.9240,62.1220,0.000058
FILLER_11_279,VSS,Metal1,163.2400,62.7200,0.000058
FILLER_11_271,VSS,Metal1,160.2130,62.2580,0.000058
FILLER_11_254,VSS,Metal1,149.5200,62.7200,0.000058
FILLER_11_170,VSS,Metal1,102.6600,62.3710,0.000058
FILLER_11_154,VSS,Metal1,93.2400,62.7200,0.000058
FILLER_11_150,VSS,Metal1,91.4600,62.3710,0.000058
FILLER_11_142,VSS,Metal1,87.9730,62.2580,0.000058
FILLER_11_123,VSS,Metal1,76.1600,62.7200,0.000058
FILLER_11_119,VSS,Metal1,74.1000,62.3710,0.000058
FILLER_11_84,VSS,Metal1,54.0400,62.7200,0.000058
FILLER_11_80,VSS,Metal1,52.2600,62.3710,0.000058
FILLER_11_72,VSS,Metal1,48.7730,62.2580,0.000058
FILLER_10_544,VSS,Metal1,311.6400,54.8800,0.000034
FILLER_10_542,VSS,Metal1,310.8000,54.8800,0.000034
FILLER_10_521,VSS,Metal1,299.2200,55.2285,0.000034
FILLER_10_499,VSS,Metal1,286.4400,54.8800,0.000034
FILLER_10_497,VSS,Metal1,285.6000,54.8800,0.000034
FILLER_10_493,VSS,Metal1,283.5400,55.2285,0.000034
FILLER_10_453,VSS,Metal1,260.9600,54.8800,0.000034
FILLER_10_449,VSS,Metal1,258.9000,55.2285,0.000034
FILLER_10_441,VSS,Metal1,255.4130,55.3415,0.000034
FILLER_10_403,VSS,Metal1,232.9600,54.8800,0.000034
FILLER_10_387,VSS,Metal1,227.3120,55.4280,0.000034
FILLER_10_353,VSS,Metal1,212.6840,55.4775,0.000033
FILLER_10_314,VSS,Metal1,182.8400,54.8800,0.000031
FILLER_10_312,VSS,Metal1,182.0000,54.8800,0.000031
FILLER_10_308,VSS,Metal1,179.9400,55.2285,0.000031
FILLER_10_292,VSS,Metal1,174.1120,55.4280,0.000031
FILLER_10_260,VSS,Metal1,160.6040,55.4775,0.000031
FILLER_10_251,VSS,Metal1,147.5600,54.8800,0.000031
FILLER_10_247,VSS,Metal1,145.7800,55.2285,0.000031
FILLER_10_243,VSS,Metal1,143.3600,54.8800,0.000031
FILLER_10_227,VSS,Metal1,137.7120,55.4280,0.000031
FILLER_10_218,VSS,Metal1,129.0800,54.8800,0.000031
FILLER_10_214,VSS,Metal1,127.3000,55.2285,0.000031
FILLER_10_198,VSS,Metal1,121.4720,55.4280,0.000031
FILLER_10_181,VSS,Metal1,108.6400,54.8800,0.000031
FILLER_10_177,VSS,Metal1,106.5800,55.2285,0.000031
FILLER_10_173,VSS,Metal1,104.1600,54.8800,0.000031
FILLER_10_169,VSS,Metal1,102.1000,55.2285,0.000031
FILLER_10_161,VSS,Metal1,98.6130,55.3415,0.000031
FILLER_10_126,VSS,Metal1,77.5600,54.8800,0.000031
FILLER_10_122,VSS,Metal1,75.7800,55.2285,0.000031
FILLER_10_104,VSS,Metal1,65.2400,54.8800,0.000031
FILLER_10_100,VSS,Metal1,63.4600,55.2285,0.000031
FILLER_10_92,VSS,Metal1,59.9730,55.3415,0.000031
FILLER_10_57,VSS,Metal1,38.9200,54.8800,0.000030
FILLER_10_53,VSS,Metal1,37.1400,55.2285,0.000030
FILLER_10_10,VSS,Metal1,13.0600,55.2285,0.000028
FILLER_9_562,VSS,Metal1,322.1800,54.5310,0.000034
FILLER_9_496,VSS,Metal1,284.7600,54.8800,0.000034
FILLER_9_492,VSS,Metal1,282.9800,54.5310,0.000034
FILLER_9_474,VSS,Metal1,272.4400,54.8800,0.000034
FILLER_9_470,VSS,Metal1,270.6600,54.5310,0.000034
FILLER_9_454,VSS,Metal1,264.8320,54.3320,0.000034
FILLER_9_422,VSS,Metal1,251.3240,54.2820,0.000034
FILLER_9_418,VSS,Metal1,241.3600,54.8800,0.000034
FILLER_9_414,VSS,Metal1,239.3000,54.5310,0.000034
FILLER_9_376,VSS,Metal1,218.0200,54.5310,0.000033
FILLER_9_368,VSS,Metal1,214.5330,54.4180,0.000033
FILLER_9_352,VSS,Metal1,207.7120,54.3320,0.000033
FILLER_9_348,VSS,Metal1,202.1600,54.8800,0.000032
FILLER_9_344,VSS,Metal1,200.1000,54.5310,0.000032
FILLER_9_336,VSS,Metal1,196.6130,54.4180,0.000032
FILLER_9_320,VSS,Metal1,186.2000,54.8800,0.000032
FILLER_9_318,VSS,Metal1,185.3600,54.8800,0.000031
FILLER_9_314,VSS,Metal1,183.3000,54.5310,0.000031
FILLER_9_282,VSS,Metal1,172.9240,54.2820,0.000031
FILLER_9_276,VSS,Metal1,162.0200,54.5310,0.000031
FILLER_9_212,VSS,Metal1,142.6445,54.2420,0.000031
FILLER_9_208,VSS,Metal1,123.7600,54.8800,0.000031
FILLER_9_200,VSS,Metal1,120.4530,54.4180,0.000031
FILLER_9_184,VSS,Metal1,113.6320,54.3320,0.000031
FILLER_9_142,VSS,Metal1,87.9730,54.4180,0.000031
FILLER_9_124,VSS,Metal1,80.0320,54.3320,0.000031
FILLER_9_88,VSS,Metal1,56.5600,54.8800,0.000030
FILLER_9_72,VSS,Metal1,50.9120,54.3320,0.000030
FILLER_9_69,VSS,Metal1,45.6400,54.8800,0.000030
FILLER_9_67,VSS,Metal1,44.8000,54.8800,0.000030
FILLER_9_59,VSS,Metal1,41.4930,54.4180,0.000030
FILLER_9_8,VSS,Metal1,11.4800,54.8800,0.000028
FILLER_9_6,VSS,Metal1,10.6400,54.8800,0.000028
FILLER_9_2,VSS,Metal1,8.5800,54.5310,0.000028
FILLER_8_564,VSS,Metal1,323.1200,47.0400,0.000006
FILLER_8_560,VSS,Metal1,321.0600,47.3885,0.000006
FILLER_8_527,VSS,Metal1,302.1200,47.0400,0.000006
FILLER_8_510,VSS,Metal1,292.6000,47.0400,0.000006
FILLER_8_508,VSS,Metal1,291.7600,47.0400,0.000006
FILLER_8_473,VSS,Metal1,271.8800,47.0400,0.000006
FILLER_8_457,VSS,Metal1,266.5120,47.5880,0.000006
FILLER_8_451,VSS,Metal1,260.0200,47.3885,0.000006
FILLER_8_387,VSS,Metal1,240.6445,47.6775,0.000006
FILLER_8_381,VSS,Metal1,220.8200,47.3885,0.000006
FILLER_8_317,VSS,Metal1,201.4445,47.6775,0.000006
FILLER_8_311,VSS,Metal1,181.6200,47.3885,0.000006
FILLER_8_247,VSS,Metal1,162.2445,47.6775,0.000006
FILLER_8_241,VSS,Metal1,142.4200,47.3885,0.000006
FILLER_8_177,VSS,Metal1,123.0445,47.6775,0.000006
FILLER_8_171,VSS,Metal1,103.2200,47.3885,0.000006
FILLER_8_107,VSS,Metal1,83.8445,47.6775,0.000006
FILLER_8_101,VSS,Metal1,64.0200,47.3885,0.000006
FILLER_8_85,VSS,Metal1,58.1920,47.5880,0.000006
FILLER_8_53,VSS,Metal1,44.6840,47.6375,0.000006
FILLER_8_31,VSS,Metal1,24.8200,47.3885,0.000006
FILLER_8_14,VSS,Metal1,15.1200,47.0400,0.000006
FILLER_8_10,VSS,Metal1,13.0600,47.3885,0.000006
FILLER_7_562,VSS,Metal1,322.1800,46.6910,0.000006
FILLER_7_558,VSS,Metal1,319.7600,47.0400,0.000006
FILLER_7_541,VSS,Metal1,309.9600,47.0400,0.000006
FILLER_7_516,VSS,Metal1,295.9600,47.0400,0.000006
FILLER_7_508,VSS,Metal1,292.9330,46.5780,0.000006
FILLER_7_492,VSS,Metal1,286.1120,46.4920,0.000006
FILLER_7_486,VSS,Metal1,279.6200,46.6910,0.000006
FILLER_7_422,VSS,Metal1,260.2445,46.4020,0.000006
FILLER_7_416,VSS,Metal1,240.4200,46.6910,0.000006
FILLER_7_352,VSS,Metal1,221.0445,46.4020,0.000006
FILLER_7_346,VSS,Metal1,201.2200,46.6910,0.000006
FILLER_7_282,VSS,Metal1,181.8445,46.4020,0.000006
FILLER_7_276,VSS,Metal1,162.0200,46.6910,0.000006
FILLER_7_212,VSS,Metal1,142.6445,46.4020,0.000006
FILLER_7_206,VSS,Metal1,122.8200,46.6910,0.000006
FILLER_7_142,VSS,Metal1,103.4445,46.4020,0.000006
FILLER_7_136,VSS,Metal1,83.6200,46.6910,0.000006
FILLER_7_72,VSS,Metal1,64.2445,46.4020,0.000006
FILLER_7_68,VSS,Metal1,45.3600,47.0400,0.000006
FILLER_7_64,VSS,Metal1,43.3000,46.6910,0.000006
FILLER_7_48,VSS,Metal1,37.4720,46.4920,0.000006
FILLER_7_2,VSS,Metal1,8.5800,46.6910,0.000006
FILLER_6_556,VSS,Metal1,318.6400,39.2000,0.000000
FILLER_6_552,VSS,Metal1,316.5800,39.5485,0.000000
FILLER_6_527,VSS,Metal1,302.1200,39.2000,0.000000
FILLER_6_521,VSS,Metal1,299.2200,39.5485,0.000000
FILLER_6_457,VSS,Metal1,279.8445,39.8375,0.000000
FILLER_6_451,VSS,Metal1,260.0200,39.5485,0.000000
FILLER_6_387,VSS,Metal1,240.6445,39.8375,0.000000
FILLER_6_381,VSS,Metal1,220.8200,39.5485,0.000000
FILLER_6_317,VSS,Metal1,201.4445,39.8375,0.000000
FILLER_6_311,VSS,Metal1,181.6200,39.5485,0.000000
FILLER_6_247,VSS,Metal1,162.2445,39.8375,0.000000
FILLER_6_241,VSS,Metal1,142.4200,39.5485,0.000000
FILLER_6_177,VSS,Metal1,123.0445,39.8375,0.000000
FILLER_6_171,VSS,Metal1,103.2200,39.5485,0.000000
FILLER_6_107,VSS,Metal1,83.8445,39.8375,0.000000
FILLER_6_101,VSS,Metal1,64.0200,39.5485,0.000000
FILLER_6_93,VSS,Metal1,60.5330,39.6615,0.000000
FILLER_6_77,VSS,Metal1,53.7120,39.7480,0.000000
FILLER_6_45,VSS,Metal1,40.2040,39.7975,0.000000
FILLER_6_34,VSS,Metal1,26.0400,39.2000,0.000000
FILLER_5_562,VSS,Metal1,322.1800,38.8510,0.000000
FILLER_5_550,VSS,Metal1,315.2800,39.2000,0.000000
FILLER_5_532,VSS,Metal1,305.2000,39.2000,0.000000
FILLER_5_524,VSS,Metal1,301.8930,38.7380,0.000000
FILLER_5_492,VSS,Metal1,290.5240,38.6020,0.000000
FILLER_5_486,VSS,Metal1,279.6200,38.8510,0.000000
FILLER_5_422,VSS,Metal1,260.2445,38.5620,0.000000
FILLER_5_416,VSS,Metal1,240.4200,38.8510,0.000000
FILLER_5_352,VSS,Metal1,221.0445,38.5620,0.000000
FILLER_5_346,VSS,Metal1,201.2200,38.8510,0.000000
FILLER_5_282,VSS,Metal1,181.8445,38.5620,0.000000
FILLER_5_276,VSS,Metal1,162.0200,38.8510,0.000000
FILLER_5_212,VSS,Metal1,142.6445,38.5620,0.000000
FILLER_5_206,VSS,Metal1,122.8200,38.8510,0.000000
FILLER_5_142,VSS,Metal1,103.4445,38.5620,0.000000
FILLER_5_136,VSS,Metal1,83.6200,38.8510,0.000000
FILLER_5_72,VSS,Metal1,64.2445,38.5620,0.000000
FILLER_5_66,VSS,Metal1,44.4200,38.8510,0.000000
FILLER_5_34,VSS,Metal1,34.0440,38.6020,0.000000
FILLER_4_541,VSS,Metal1,309.9600,31.3600,0.000000
FILLER_4_539,VSS,Metal1,309.1200,31.3600,0.000000
FILLER_4_535,VSS,Metal1,307.0600,31.7085,0.000000
FILLER_4_527,VSS,Metal1,303.5730,31.8215,0.000000
FILLER_4_521,VSS,Metal1,299.2200,31.7085,0.000000
FILLER_4_457,VSS,Metal1,279.8445,31.9975,0.000000
FILLER_4_451,VSS,Metal1,260.0200,31.7085,0.000000
FILLER_4_387,VSS,Metal1,240.6445,31.9975,0.000000
FILLER_4_381,VSS,Metal1,220.8200,31.7085,0.000000
FILLER_4_317,VSS,Metal1,201.4445,31.9975,0.000000
FILLER_4_311,VSS,Metal1,181.6200,31.7085,0.000000
FILLER_4_247,VSS,Metal1,162.2445,31.9975,0.000000
FILLER_4_241,VSS,Metal1,142.4200,31.7085,0.000000
FILLER_4_177,VSS,Metal1,123.0445,31.9975,0.000000
FILLER_4_171,VSS,Metal1,103.2200,31.7085,0.000000
FILLER_4_107,VSS,Metal1,83.8445,31.9975,0.000000
FILLER_4_101,VSS,Metal1,64.0200,31.7085,0.000000
FILLER_4_37,VSS,Metal1,44.6445,31.9975,0.000000
FILLER_4_34,VSS,Metal1,26.0400,31.3600,0.000000
FILLER_3_562,VSS,Metal1,322.1800,31.0110,0.000000
FILLER_3_550,VSS,Metal1,315.2800,31.3600,0.000000
FILLER_3_540,VSS,Metal1,309.6800,31.3600,0.000000
FILLER_3_524,VSS,Metal1,304.0320,30.8120,0.000000
FILLER_3_492,VSS,Metal1,290.5240,30.7620,0.000000
FILLER_3_486,VSS,Metal1,279.6200,31.0110,0.000000
FILLER_3_422,VSS,Metal1,260.2445,30.7220,0.000000
FILLER_3_416,VSS,Metal1,240.4200,31.0110,0.000000
FILLER_3_352,VSS,Metal1,221.0445,30.7220,0.000000
FILLER_3_346,VSS,Metal1,201.2200,31.0110,0.000000
FILLER_3_282,VSS,Metal1,181.8445,30.7220,0.000000
FILLER_3_276,VSS,Metal1,162.0200,31.0110,0.000000
FILLER_3_212,VSS,Metal1,142.6445,30.7220,0.000000
FILLER_3_206,VSS,Metal1,122.8200,31.0110,0.000000
FILLER_3_142,VSS,Metal1,103.4445,30.7220,0.000000
FILLER_3_136,VSS,Metal1,83.6200,31.0110,0.000000
FILLER_3_72,VSS,Metal1,64.2445,30.7220,0.000000
FILLER_3_66,VSS,Metal1,44.4200,31.0110,0.000000
FILLER_3_58,VSS,Metal1,40.9330,30.8980,0.000000
FILLER_3_26,VSS,Metal1,29.5640,30.7620,0.000000
FILLER_2_541,VSS,Metal1,309.9600,23.5200,0.000000
FILLER_2_539,VSS,Metal1,309.1200,23.5200,0.000000
FILLER_2_535,VSS,Metal1,307.0600,23.8685,0.000000
FILLER_2_527,VSS,Metal1,303.5730,23.9815,0.000000
FILLER_2_521,VSS,Metal1,299.2200,23.8685,0.000000
FILLER_2_457,VSS,Metal1,279.8445,24.1575,0.000000
FILLER_2_451,VSS,Metal1,260.0200,23.8685,0.000000
FILLER_2_387,VSS,Metal1,240.6445,24.1575,0.000000
FILLER_2_381,VSS,Metal1,220.8200,23.8685,0.000000
FILLER_2_317,VSS,Metal1,201.4445,24.1575,0.000000
FILLER_2_311,VSS,Metal1,181.6200,23.8685,0.000000
FILLER_2_247,VSS,Metal1,162.2445,24.1575,0.000000
FILLER_2_241,VSS,Metal1,142.4200,23.8685,0.000000
FILLER_2_177,VSS,Metal1,123.0445,24.1575,0.000000
FILLER_2_171,VSS,Metal1,103.2200,23.8685,0.000000
FILLER_2_107,VSS,Metal1,83.8445,24.1575,0.000000
FILLER_2_101,VSS,Metal1,64.0200,23.8685,0.000000
FILLER_2_37,VSS,Metal1,44.6445,24.1575,0.000000
FILLER_2_34,VSS,Metal1,26.0400,23.5200,0.000000
FILLER_2_26,VSS,Metal1,23.0130,23.9815,0.000000
FILLER_1_562,VSS,Metal1,322.1800,23.1710,0.000000
FILLER_1_540,VSS,Metal1,309.8600,23.1710,0.000000
FILLER_1_524,VSS,Metal1,304.0320,22.9720,0.000000
FILLER_1_492,VSS,Metal1,290.5240,22.9220,0.000000
FILLER_1_486,VSS,Metal1,279.6200,23.1710,0.000000
FILLER_1_422,VSS,Metal1,260.2445,22.8820,0.000000
FILLER_1_416,VSS,Metal1,240.4200,23.1710,0.000000
FILLER_1_352,VSS,Metal1,221.0445,22.8820,0.000000
FILLER_1_346,VSS,Metal1,201.2200,23.1710,0.000000
FILLER_1_282,VSS,Metal1,181.8445,22.8820,0.000000
FILLER_1_276,VSS,Metal1,162.0200,23.1710,0.000000
FILLER_1_212,VSS,Metal1,142.6445,22.8820,0.000000
FILLER_1_206,VSS,Metal1,122.8200,23.1710,0.000000
FILLER_1_142,VSS,Metal1,103.4445,22.8820,0.000000
FILLER_1_136,VSS,Metal1,83.6200,23.1710,0.000000
FILLER_1_72,VSS,Metal1,64.2445,22.8820,0.000000
FILLER_1_66,VSS,Metal1,44.4200,23.1710,0.000000
FILLER_1_50,VSS,Metal1,38.5920,22.9720,0.000000
FILLER_1_18,VSS,Metal1,25.0840,22.9220,0.000000
FILLER_0_546,VSS,Metal1,313.2200,16.0285,0.000000
FILLER_0_512,VSS,Metal1,301.7240,16.2775,0.000000
FILLER_0_478,VSS,Metal1,282.6840,16.2775,0.000000
FILLER_0_444,VSS,Metal1,263.6440,16.2775,0.000000
FILLER_0_410,VSS,Metal1,244.6040,16.2775,0.000000
FILLER_0_376,VSS,Metal1,225.5640,16.2775,0.000000
FILLER_0_342,VSS,Metal1,206.5240,16.2775,0.000000
FILLER_0_308,VSS,Metal1,187.4840,16.2775,0.000000
FILLER_0_274,VSS,Metal1,168.4440,16.2775,0.000000
FILLER_0_240,VSS,Metal1,149.4040,16.2775,0.000000
FILLER_0_206,VSS,Metal1,130.3640,16.2775,0.000000
FILLER_0_172,VSS,Metal1,111.3240,16.2775,0.000000
FILLER_0_138,VSS,Metal1,92.2840,16.2775,0.000000
FILLER_0_104,VSS,Metal1,73.2440,16.2775,0.000000
FILLER_0_70,VSS,Metal1,54.2040,16.2775,0.000000
FILLER_0_36,VSS,Metal1,35.1640,16.2775,0.000000
FILLER_0_18,VSS,Metal1,20.6720,16.2280,0.000000
clkload10,VSS,Metal1,289.3700,172.9325,0.000040
clkload9,VSS,Metal1,250.1200,149.4175,0.000080
clkload8,VSS,Metal1,282.8530,267.0290,0.000050
clkload7,VSS,Metal1,265.2400,306.2175,0.000029
clkload6,VSS,Metal1,230.5200,78.8575,0.000085
clkload5,VSS,Metal1,266.3600,71.0175,0.000088
clkload4,VSS,Metal1,293.2400,125.8975,0.000057
clkload3,VSS,Metal1,110.6800,118.0575,0.000097
clkload2,VSS,Metal1,69.8500,141.5725,0.000067
clkload1,VSS,Metal1,36.2000,141.5775,0.000064
clkload0,VSS,Metal1,48.5865,109.3130,0.000051
clkbuf_2_3__f_clk,VSS,Metal1,248.4935,196.5980,0.000045
clkbuf_2_2__f_clk,VSS,Metal1,248.4935,141.7180,0.000084
clkbuf_2_1__f_clk,VSS,Metal1,99.2660,148.3615,0.000080
clkbuf_2_0__f_clk,VSS,Metal1,125.5860,118.1980,0.000097
clkbuf_0_clk,VSS,Metal1,177.6660,187.5615,0.000053
clkbuf_leaf_19_clk,VSS,Metal1,19.1025,63.2930,0.000057
clkbuf_leaf_18_clk,VSS,Metal1,77.9025,77.8265,0.000081
clkbuf_leaf_17_clk,VSS,Metal1,116.9775,69.9865,0.000081
clkbuf_leaf_16_clk,VSS,Metal1,152.8175,85.6665,0.000098
clkbuf_leaf_15_clk,VSS,Metal1,132.6575,124.8665,0.000056
clkbuf_leaf_14_clk,VSS,Metal1,214.9775,133.8530,0.000079
clkbuf_leaf_13_clk,VSS,Metal1,196.0625,78.9730,0.000084
clkbuf_leaf_12_clk,VSS,Metal1,234.5775,85.6665,0.000110
clkbuf_leaf_11_clk,VSS,Metal1,273.3425,69.9865,0.000088
clkbuf_leaf_10_clk,VSS,Metal1,310.7375,85.6665,0.000117
clkbuf_leaf_9_clk,VSS,Metal1,293.3775,118.1730,0.000103
clkbuf_leaf_8_clk,VSS,Metal1,302.3375,171.9065,0.000041
clkbuf_leaf_7_clk,VSS,Metal1,252.0625,157.3730,0.000050
clkbuf_leaf_6_clk,VSS,Metal1,289.5825,265.9865,0.000050
clkbuf_leaf_5_clk,VSS,Metal1,269.9825,298.4930,0.000060
clkbuf_leaf_4_clk,VSS,Metal1,224.6225,289.5065,0.000058
clkbuf_leaf_3_clk,VSS,Metal1,117.1025,274.9730,0.000054
clkbuf_leaf_2_clk,VSS,Metal1,74.4175,148.3865,0.000079
clkbuf_leaf_1_clk,VSS,Metal1,38.7025,132.7065,0.000074
clkbuf_leaf_0_clk,VSS,Metal1,46.9775,110.3330,0.000051
wire887,VSS,Metal1,183.6700,336.8285,0.000005
load_slew886,VSS,Metal1,181.2150,289.7250,0.000054
load_slew885,VSS,Metal1,229.3750,282.5950,0.000034
fanout884,VSS,Metal1,187.4765,289.7590,0.000055
load_slew883,VSS,Metal1,298.2800,251.3375,0.000025
load_slew882,VSS,Metal1,304.4150,251.2350,0.000025
fanout881,VSS,Metal1,268.6765,336.7990,0.000007
wire880,VSS,Metal1,264.8900,321.7310,0.000015
load_slew879,VSS,Metal1,294.0100,321.7310,0.000015
fanout878,VSS,Metal1,259.9630,336.7990,0.000007
load_slew877,VSS,Metal1,264.2200,329.5860,0.000016
wire876,VSS,Metal1,259.6400,290.5375,0.000059
load_slew875,VSS,Metal1,263.4250,297.5650,0.000060
fanout874,VSS,Metal1,257.1630,329.6005,0.000016
load_slew873,VSS,Metal1,197.4800,281.7825,0.000032
load_slew872,VSS,Metal1,209.8000,297.4625,0.000042
wire871,VSS,Metal1,225.1100,290.3710,0.000058
fanout870,VSS,Metal1,188.8430,282.5605,0.000032
load_slew869,VSS,Metal1,229.5000,141.4260,0.000081
fanout868,VSS,Metal1,198.1165,156.4790,0.000044
wire867,VSS,Metal1,272.7300,195.7085,0.000045
load_slew866,VSS,Metal1,245.7400,125.7460,0.000056
wire865,VSS,Metal1,299.0500,94.3710,0.000058
fanout864,VSS,Metal1,256.9165,188.4805,0.000060
wire863,VSS,Metal1,274.4100,172.1885,0.000040
load_slew862,VSS,Metal1,289.9800,157.1060,0.000050
wire861,VSS,Metal1,284.4900,117.8910,0.000102
fanout860,VSS,Metal1,266.6830,195.6790,0.000045
load_slew859,VSS,Metal1,265.2400,165.0975,0.000022
load_slew858,VSS,Metal1,270.1450,156.4450,0.000050
load_slew857,VSS,Metal1,275.3200,156.3425,0.000050
fanout856,VSS,Metal1,268.3630,172.1590,0.000038
load_slew855,VSS,Metal1,286.0600,78.7060,0.000086
load_slew854,VSS,Metal1,294.4600,63.0260,0.000064
load_slew853,VSS,Metal1,317.3200,117.1425,0.000103
fanout852,VSS,Metal1,307.3165,125.1190,0.000058
load_slew851,VSS,Metal1,292.2200,62.4135,0.000063
load_slew850,VSS,Metal1,298.1450,63.0750,0.000064
load_slew849,VSS,Metal1,294.4600,47.3460,0.000006
load_slew848,VSS,Metal1,321.7750,31.7150,0.000000
fanout847,VSS,Metal1,294.1230,70.8805,0.000089
load_slew846,VSS,Metal1,285.3750,117.2450,0.000102
fanout845,VSS,Metal1,274.2765,125.1190,0.000057
load_slew844,VSS,Metal1,273.6150,94.4350,0.000056
wire843,VSS,Metal1,271.0500,85.9485,0.000114
load_slew842,VSS,Metal1,268.4400,78.8575,0.000086
fanout841,VSS,Metal1,257.1630,94.4005,0.000056
wire840,VSS,Metal1,209.9900,156.5085,0.000046
load_slew839,VSS,Metal1,213.9300,157.0910,0.000047
load_slew838,VSS,Metal1,239.1100,172.7710,0.000036
fanout837,VSS,Metal1,196.4365,140.7990,0.000078
load_slew836,VSS,Metal1,199.8200,85.9335,0.000105
load_slew835,VSS,Metal1,186.6800,86.6975,0.000098
load_slew834,VSS,Metal1,205.4200,93.7735,0.000052
load_slew833,VSS,Metal1,206.4400,77.9425,0.000085
fanout832,VSS,Metal1,178.5165,86.5605,0.000098
load_slew831,VSS,Metal1,248.4400,124.9825,0.000057
fanout830,VSS,Metal1,229.1630,125.1190,0.000055
wire829,VSS,Metal1,237.4500,93.7885,0.000055
wire828,VSS,Metal1,225.1100,94.3710,0.000053
load_slew827,VSS,Metal1,225.3200,78.8575,0.000085
fanout826,VSS,Metal1,233.0830,117.2790,0.000100
load_slew825,VSS,Metal1,158.5800,281.9335,0.000031
wire824,VSS,Metal1,158.6800,235.6575,0.000011
load_slew823,VSS,Metal1,130.1200,281.7825,0.000031
load_slew822,VSS,Metal1,118.3850,281.8850,0.000031
fanout821,VSS,Metal1,169.2430,281.9190,0.000031
load_slew820,VSS,Metal1,156.2300,141.4110,0.000076
load_slew819,VSS,Metal1,138.5200,125.8975,0.000056
fanout818,VSS,Metal1,158.9165,140.7990,0.000076
load_slew817,VSS,Metal1,150.8400,117.1425,0.000097
load_slew816,VSS,Metal1,127.3200,109.3025,0.000051
fanout815,VSS,Metal1,181.5630,117.2790,0.000096
load_slew814,VSS,Metal1,166.5200,109.3025,0.000050
load_slew813,VSS,Metal1,167.2150,85.8850,0.000098
load_slew812,VSS,Metal1,159.2400,93.6225,0.000051
fanout811,VSS,Metal1,170.3630,101.5990,0.000031
load_slew810,VSS,Metal1,127.1100,101.6285,0.000032
load_slew809,VSS,Metal1,131.4000,101.4625,0.000032
load_slew808,VSS,Metal1,135.6200,86.5460,0.000094
load_slew807,VSS,Metal1,127.3200,77.9425,0.000081
fanout806,VSS,Metal1,134.5230,132.9590,0.000075
wire805,VSS,Metal1,90.1500,140.8285,0.000071
load_slew804,VSS,Metal1,80.2800,141.5775,0.000068
fanout803,VSS,Metal1,100.3630,141.4405,0.000071
load_slew802,VSS,Metal1,89.5900,132.9885,0.000075
load_slew801,VSS,Metal1,56.5500,148.6685,0.000074
load_slew800,VSS,Metal1,41.0800,148.5025,0.000074
load_slew799,VSS,Metal1,13.9000,141.4260,0.000064
fanout798,VSS,Metal1,98.1230,125.7605,0.000054
load_slew797,VSS,Metal1,88.3800,117.2935,0.000092
load_slew796,VSS,Metal1,96.6800,102.3775,0.000032
fanout795,VSS,Metal1,94.7630,117.2790,0.000094
wire794,VSS,Metal1,99.6700,109.4685,0.000051
load_slew793,VSS,Metal1,93.1850,85.8850,0.000090
load_slew792,VSS,Metal1,76.9200,78.8575,0.000081
fanout791,VSS,Metal1,90.5965,125.1190,0.000053
load_slew790,VSS,Metal1,48.7300,117.3085,0.000088
load_slew789,VSS,Metal1,46.7050,117.9550,0.000088
load_slew788,VSS,Metal1,54.4200,125.7460,0.000050
fanout787,VSS,Metal1,48.2830,125.7605,0.000050
wire786,VSS,Metal1,50.3900,85.9485,0.000085
wire785,VSS,Metal1,48.7100,70.2685,0.000074
load_slew784,VSS,Metal1,24.7400,55.1860,0.000028
fanout783,VSS,Metal1,61.1630,86.5605,0.000087
load_slew782,VSS,Metal1,187.2650,70.9150,0.000085
load_slew781,VSS,Metal1,188.9450,93.7250,0.000052
load_slew780,VSS,Metal1,266.7850,85.8850,0.000114
load_slew779,VSS,Metal1,235.4250,102.2750,0.000035
load_slew778,VSS,Metal1,269.0250,117.2450,0.000101
load_slew777,VSS,Metal1,276.8650,179.9650,0.000011
load_slew776,VSS,Metal1,290.0700,149.2510,0.000081
wire775,VSS,Metal1,234.3050,133.6350,0.000080
wire774,VSS,Metal1,301.8300,281.9485,0.000048
fanout773,VSS,Metal1,295.8030,281.9190,0.000048
load_slew772,VSS,Metal1,293.2150,133.6350,0.000083
wire771,VSS,Metal1,251.0800,102.3775,0.000035
load_slew770,VSS,Metal1,220.6300,110.0510,0.000052
fanout769,VSS,Metal1,286.2830,133.6005,0.000082
wire768,VSS,Metal1,73.5850,125.7950,0.000052
load_slew767,VSS,Metal1,18.2800,141.5775,0.000064
load_slew766,VSS,Metal1,112.2000,101.4625,0.000032
fanout765,VSS,Metal1,119.9630,117.2790,0.000097
load_slew764,VSS,Metal1,290.3050,289.7250,0.000060
wire763,VSS,Metal1,290.9750,187.8050,0.000061
wire762,VSS,Metal1,190.0650,133.6350,0.000075
fanout761,VSS,Metal1,286.5965,281.9190,0.000048
load_slew760,VSS,Metal1,298.9400,110.0660,0.000052
load_slew759,VSS,Metal1,296.4400,156.3425,0.000050
load_slew758,VSS,Metal1,270.5800,109.4535,0.000052
load_slew757,VSS,Metal1,264.3100,102.2110,0.000036
fanout756,VSS,Metal1,296.1165,149.2805,0.000081
load_slew755,VSS,Metal1,127.1100,93.7885,0.000051
wire754,VSS,Metal1,109.7500,94.3710,0.000050
load_slew753,VSS,Metal1,55.9900,109.4685,0.000051
fanout752,VSS,Metal1,169.2430,125.1190,0.000052
load_slew751,VSS,Metal1,193.9850,290.4350,0.000058
wire750,VSS,Metal1,196.8950,195.6450,0.000042
load_slew749,VSS,Metal1,199.6950,148.6050,0.000079
fanout748,VSS,Metal1,197.8030,282.5605,0.000032
wire747,VSS,Metal1,185.9300,133.5710,0.000075
wire746,VSS,Metal1,226.0400,141.5775,0.000079
load_slew745,VSS,Metal1,265.2400,110.2175,0.000052
fanout744,VSS,Metal1,174.8430,140.7990,0.000076
load_slew743,VSS,Metal1,133.0800,102.3775,0.000032
wire742,VSS,Metal1,122.6300,148.6685,0.000079
wire741,VSS,Metal1,41.1050,125.7950,0.000050
fanout740,VSS,Metal1,126.6830,141.4405,0.000072
load_slew739,VSS,Metal1,264.5450,180.6750,0.000011
load_slew738,VSS,Metal1,146.3850,125.0850,0.000053
wire737,VSS,Metal1,77.4800,124.9825,0.000052
wire736,VSS,Metal1,68.5200,93.6225,0.000050
fanout735,VSS,Metal1,139.5630,110.0805,0.000051
wire734,VSS,Metal1,274.2000,180.7775,0.000011
wire733,VSS,Metal1,239.8800,133.7375,0.000080
load_slew732,VSS,Metal1,223.2150,101.5650,0.000035
load_slew731,VSS,Metal1,225.7800,85.9335,0.000110
fanout730,VSS,Metal1,267.2430,188.4805,0.000060
wire729,VSS,Metal1,310.2300,54.5885,0.000034
load_slew728,VSS,Metal1,305.9600,54.4225,0.000034
fanout727,VSS,Metal1,267.2430,157.1205,0.000050
load_slew726,VSS,Metal1,293.8000,251.3375,0.000025
wire725,VSS,Metal1,244.9200,156.3425,0.000050
load_slew724,VSS,Metal1,127.3200,132.8225,0.000075
load_slew723,VSS,Metal1,101.4600,102.2260,0.000032
load_slew722,VSS,Metal1,70.2000,94.5375,0.000050
fanout721,VSS,Metal1,277.3230,243.3605,0.000004
wire720,VSS,Metal1,274.9700,93.7885,0.000056
load_slew719,VSS,Metal1,281.3200,78.8575,0.000086
fanout718,VSS,Metal1,256.6030,172.8005,0.000038
load_slew717,VSS,Metal1,297.1600,188.6175,0.000061
wire716,VSS,Metal1,206.8650,140.7650,0.000078
wire715,VSS,Metal1,116.6800,86.6975,0.000092
load_slew714,VSS,Metal1,58.9000,85.9335,0.000087
load_slew713,VSS,Metal1,40.5200,86.6975,0.000084
fanout712,VSS,Metal1,290.7630,242.7190,0.000004
wire711,VSS,Metal1,307.2400,242.5825,0.000005
wire710,VSS,Metal1,268.2500,102.2110,0.000036
load_slew709,VSS,Metal1,284.5800,78.0935,0.000086
fanout708,VSS,Metal1,292.4430,266.8805,0.000050
load_slew707,VSS,Metal1,321.9900,55.1710,0.000034
wire706,VSS,Metal1,205.7450,156.4450,0.000046
load_slew705,VSS,Metal1,140.2000,109.3025,0.000051
wire704,VSS,Metal1,103.8000,117.1425,0.000096
load_slew703,VSS,Metal1,59.4600,109.4535,0.000051
fanout702,VSS,Metal1,315.7165,148.6390,0.000081
load_slew701,VSS,Metal1,150.4150,55.2350,0.000031
wire700,VSS,Metal1,156.0150,78.0450,0.000082
load_slew699,VSS,Metal1,161.6150,78.0450,0.000082
wire698,VSS,Metal1,269.0250,62.3650,0.000063
load_slew697,VSS,Metal1,169.3450,102.2750,0.000031
load_slew696,VSS,Metal1,142.5750,125.0850,0.000053
load_slew695,VSS,Metal1,177.8550,125.0850,0.000052
load_slew694,VSS,Metal1,225.1100,149.2510,0.000079
load_slew693,VSS,Metal1,131.5000,140.8135,0.000074
fanout692,VSS,Metal1,218.2765,156.4790,0.000048
load_slew691,VSS,Metal1,225.2200,117.9060,0.000099
wire690,VSS,Metal1,264.6800,117.1425,0.000101
load_slew689,VSS,Metal1,289.1850,102.2750,0.000036
fanout688,VSS,Metal1,217.9630,141.4405,0.000079
load_slew687,VSS,Metal1,75.7000,141.4260,0.000067
load_slew686,VSS,Metal1,69.9900,125.7310,0.000051
wire685,VSS,Metal1,80.0900,117.3085,0.000090
fanout684,VSS,Metal1,86.3630,125.7605,0.000053
load_slew683,VSS,Metal1,248.8650,274.7550,0.000056
load_slew682,VSS,Metal1,275.8550,227.0050,0.000005
load_slew681,VSS,Metal1,264.5450,235.5550,0.000015
load_slew680,VSS,Metal1,279.5400,227.0535,0.000005
fanout679,VSS,Metal1,247.6430,250.5590,0.000024
load_slew678,VSS,Metal1,295.4550,227.7150,0.000005
load_slew677,VSS,Metal1,264.5450,212.0350,0.000003
load_slew676,VSS,Metal1,216.3850,211.3250,0.000003
wire675,VSS,Metal1,193.1900,211.9710,0.000003
wire674,VSS,Metal1,167.6400,250.4225,0.000019
load_slew673,VSS,Metal1,148.6250,251.2350,0.000019
load_slew672,VSS,Metal1,153.5400,242.7335,0.000004
load_slew671,VSS,Metal1,155.4550,227.7150,0.000005
load_slew670,VSS,Metal1,159.1400,227.6660,0.000005
fanout669,VSS,Metal1,268.6765,227.0390,0.000005
wire668,VSS,Metal1,269.8200,305.4535,0.000029
wire667,VSS,Metal1,269.7200,313.1425,0.000013
load_slew666,VSS,Metal1,269.0250,306.1150,0.000029
load_slew665,VSS,Metal1,265.2400,282.6975,0.000047
load_slew664,VSS,Metal1,235.1000,297.6135,0.000047
load_slew663,VSS,Metal1,233.7200,298.3775,0.000047
fanout662,VSS,Metal1,256.9165,306.0805,0.000029
load_slew661,VSS,Metal1,295.4550,243.3950,0.000005
load_slew660,VSS,Metal1,274.6250,203.4850,0.000005
load_slew659,VSS,Metal1,243.8250,188.5150,0.000059
load_slew658,VSS,Metal1,234.8650,188.5150,0.000054
load_slew657,VSS,Metal1,240.0150,203.4850,0.000005
fanout656,VSS,Metal1,270.3565,242.7190,0.000004
load_slew655,VSS,Metal1,235.5350,266.2050,0.000048
load_slew654,VSS,Metal1,265.2150,251.2350,0.000025
load_slew653,VSS,Metal1,256.7050,227.7150,0.000005
load_slew652,VSS,Metal1,198.4650,227.0050,0.000005
load_slew651,VSS,Metal1,193.4250,227.7150,0.000005
load_slew650,VSS,Metal1,190.0650,250.5250,0.000020
load_slew649,VSS,Metal1,184.4650,250.5250,0.000020
load_slew648,VSS,Metal1,159.2650,258.3650,0.000028
load_slew647,VSS,Metal1,142.1400,251.1860,0.000019
fanout646,VSS,Metal1,248.2030,251.2005,0.000024
wire645,VSS,Metal1,211.2200,298.2260,0.000042
wire644,VSS,Metal1,169.6700,282.5310,0.000031
fanout643,VSS,Metal1,175.9630,282.5605,0.000032
wire642,VSS,Metal1,122.6300,281.9485,0.000031
load_slew641,VSS,Metal1,103.7000,266.2535,0.000041
fanout640,VSS,Metal1,132.2830,274.0790,0.000054
load_slew639,VSS,Metal1,257.8250,266.2050,0.000050
load_slew638,VSS,Metal1,262.3050,266.2050,0.000050
load_slew637,VSS,Metal1,284.0200,242.7335,0.000004
wire636,VSS,Metal1,264.3100,227.6510,0.000005
load_slew635,VSS,Metal1,200.1450,219.1650,0.000002
load_slew634,VSS,Metal1,206.4150,234.8450,0.000012
load_slew633,VSS,Metal1,187.2650,235.5550,0.000012
load_slew632,VSS,Metal1,193.9850,251.2350,0.000021
load_slew631,VSS,Metal1,169.7800,251.1860,0.000019
load_slew630,VSS,Metal1,163.0600,251.1860,0.000019
fanout629,VSS,Metal1,251.3165,242.7190,0.000004
load_slew628,VSS,Metal1,215.0920,220.0395,0.000002
load_slew627,VSS,Metal1,264.5450,266.9150,0.000050
load_slew626,VSS,Metal1,290.9750,235.5550,0.000015
load_slew625,VSS,Metal1,247.2950,266.2050,0.000050
load_slew624,VSS,Metal1,269.6950,212.0350,0.000003
load_slew623,VSS,Metal1,248.8650,187.8050,0.000059
fanout622,VSS,Metal1,267.2430,243.3605,0.000004
wire621,VSS,Metal1,238.7600,267.0175,0.000048
load_slew620,VSS,Metal1,235.4250,204.1950,0.000005
load_slew619,VSS,Metal1,207.4250,211.3250,0.000003
load_slew618,VSS,Metal1,197.9050,204.1950,0.000005
wire617,VSS,Metal1,196.5500,211.3885,0.000003
load_slew616,VSS,Metal1,157.0250,219.1650,0.000002
load_slew615,VSS,Metal1,153.6650,204.1950,0.000004
load_slew614,VSS,Metal1,132.3850,242.6850,0.000004
load_slew613,VSS,Metal1,147.7400,259.0260,0.000028
fanout612,VSS,Metal1,247.6430,258.3990,0.000039
load_slew611,VSS,Metal1,224.3350,219.1650,0.000002
load_slew610,VSS,Metal1,233.6800,203.4140,0.000005
load_slew609,VSS,Metal1,179.4250,266.9150,0.000043
load_slew608,VSS,Metal1,250.4800,259.1460,0.000039
wire607,VSS,Metal1,249.1480,313.0805,0.000013
wire606,VSS,Metal1,272.5600,140.6940,0.000085
max_cap605,VSS,Metal1,242.6400,259.1460,0.000039
wire604,VSS,Metal1,186.7050,204.1950,0.000005
wire603,VSS,Metal1,191.1850,204.1950,0.000005
wire602,VSS,Metal1,81.9850,195.6450,0.000035
load_slew601,VSS,Metal1,88.1450,234.8450,0.000009
wire600,VSS,Metal1,169.9050,172.8350,0.000029
load_slew599,VSS,Metal1,29.3450,157.1550,0.000035
wire598,VSS,Metal1,94.8650,156.4450,0.000039
load_slew597,VSS,Metal1,216.9450,180.6750,0.000010
load_slew596,VSS,Metal1,226.4650,187.8050,0.000054
load_slew595,VSS,Metal1,219.8550,219.1650,0.000002
wire594,VSS,Metal1,211.9050,211.3250,0.000003
wire593,VSS,Metal1,159.8250,211.3250,0.000003
max_cap592,VSS,Metal1,238.1600,226.9340,0.000005
load_slew591,VSS,Metal1,276.9750,234.8450,0.000015
load_slew590,VSS,Metal1,207.4250,212.0350,0.000003
load_slew589,VSS,Metal1,180.5450,156.4450,0.000041
load_slew588,VSS,Metal1,278.6550,219.1650,0.000002
load_slew587,VSS,Metal1,326.2550,227.0050,0.000005
wire586,VSS,Metal1,177.7450,203.4850,0.000005
wire585,VSS,Metal1,199.0250,234.8450,0.000012
load_slew584,VSS,Metal1,274.0650,219.8750,0.000002
load_slew583,VSS,Metal1,181.1050,140.7650,0.000076
load_slew582,VSS,Metal1,239.3450,266.2050,0.000048
load_slew581,VSS,Metal1,282.5750,204.1950,0.000005
load_slew580,VSS,Metal1,264.5450,259.0750,0.000047
wire579,VSS,Metal1,298.8150,227.0050,0.000005
load_slew578,VSS,Metal1,88.1450,179.9650,0.000008
load_slew577,VSS,Metal1,193.9850,179.9650,0.000010
wire576,VSS,Metal1,324.0150,164.2850,0.000022
wire575,VSS,Metal1,58.4650,219.1650,0.000002
wire574,VSS,Metal1,289.8550,211.3250,0.000003
wire573,VSS,Metal1,305.5350,188.5150,0.000061
load_slew572,VSS,Metal1,102.1450,133.6350,0.000075
load_slew571,VSS,Metal1,294.7850,235.5550,0.000015
wire570,VSS,Metal1,158.7050,219.8750,0.000002
load_slew569,VSS,Metal1,57.9050,157.1550,0.000037
wire568,VSS,Metal1,274.1750,219.1650,0.000002
load_slew567,VSS,Metal1,235.9850,259.0750,0.000038
load_slew566,VSS,Metal1,136.8650,227.7150,0.000005
load_slew565,VSS,Metal1,129.5850,227.0050,0.000005
load_slew564,VSS,Metal1,229.9350,195.6450,0.000045
load_slew563,VSS,Metal1,75.2650,219.8750,0.000002
load_slew562,VSS,Metal1,20.4950,180.6750,0.000005
load_slew561,VSS,Metal1,270.2550,219.8750,0.000002
load_slew560,VSS,Metal1,169.9050,219.1650,0.000002
wire559,VSS,Metal1,131.8250,251.2350,0.000019
wire558,VSS,Metal1,68.5450,227.7150,0.000005
wire557,VSS,Metal1,232.1750,259.0750,0.000038
load_slew556,VSS,Metal1,160.3850,250.5250,0.000019
load_slew555,VSS,Metal1,201.2650,219.8750,0.000002
load_slew554,VSS,Metal1,162.7350,180.6750,0.000008
wire553,VSS,Metal1,179.4250,188.5150,0.000053
wire552,VSS,Metal1,206.4150,219.8750,0.000002
wire551,VSS,Metal1,209.1050,196.3550,0.000045
load_slew550,VSS,Metal1,54.5450,172.8350,0.000025
load_slew549,VSS,Metal1,200.8150,258.3650,0.000031
wire548,VSS,Metal1,277.9850,180.6750,0.000011
wire547,VSS,Metal1,29.3450,235.5550,0.000009
load_slew546,VSS,Metal1,240.0150,188.5150,0.000055
load_slew545,VSS,Metal1,145.3750,258.3650,0.000027
load_slew544,VSS,Metal1,88.7050,243.3950,0.000004
load_slew543,VSS,Metal1,178.8650,251.2350,0.000020
load_slew542,VSS,Metal1,173.9350,251.2350,0.000020
wire541,VSS,Metal1,236.0950,219.8750,0.000002
load_slew540,VSS,Metal1,121.1850,242.6850,0.000004
wire539,VSS,Metal1,257.3750,212.0350,0.000003
max_cap538,VSS,Metal1,237.8400,211.2540,0.000003
load_slew537,VSS,Metal1,324.0150,172.1250,0.000041
wire536,VSS,Metal1,131.2650,234.8450,0.000011
wire535,VSS,Metal1,245.5050,164.2850,0.000021
load_slew534,VSS,Metal1,228.8150,219.1650,0.000002
load_slew533,VSS,Metal1,294.3350,211.3250,0.000003
load_slew532,VSS,Metal1,217.5050,172.1250,0.000032
load_slew531,VSS,Metal1,179.4250,164.9950,0.000019
load_slew530,VSS,Metal1,141.3450,235.5550,0.000011
wire529,VSS,Metal1,179.9850,243.3950,0.000004
load_slew528,VSS,Metal1,274.1750,212.0350,0.000003
load_slew527,VSS,Metal1,146.9450,157.1550,0.000040
load_slew526,VSS,Metal1,264.5450,204.1950,0.000005
load_slew525,VSS,Metal1,284.8150,187.8050,0.000060
load_slew524,VSS,Metal1,189.6150,227.7150,0.000005
load_slew523,VSS,Metal1,260.7350,258.3650,0.000039
load_slew522,VSS,Metal1,269.6950,259.0750,0.000047
load_slew521,VSS,Metal1,180.5450,234.8450,0.000011
wire520,VSS,Metal1,121.7450,140.7650,0.000072
load_slew519,VSS,Metal1,135.7450,234.8450,0.000011
load_slew518,VSS,Metal1,156.5750,266.2050,0.000042
load_slew517,VSS,Metal1,74.1450,196.3550,0.000035
load_slew516,VSS,Metal1,276.8650,242.6850,0.000004
wire515,VSS,Metal1,290.9750,227.7150,0.000005
load_slew514,VSS,Metal1,141.3450,227.7150,0.000005
load_slew513,VSS,Metal1,204.0650,282.5950,0.000033
load_slew512,VSS,Metal1,221.9850,172.1250,0.000032
wire511,VSS,Metal1,293.7750,219.8750,0.000002
wire510,VSS,Metal1,82.5450,109.4050,0.000051
load_slew509,VSS,Metal1,82.5450,132.9250,0.000075
wire508,VSS,Metal1,219.7200,94.5375,0.000053
max_cap507,VSS,Metal1,216.2600,86.5460,0.000107
load_slew506,VSS,Metal1,241.7600,102.3460,0.000035
load_slew505,VSS,Metal1,257.4400,102.3460,0.000036
load_slew504,VSS,Metal1,254.6400,125.8660,0.000057
load_slew503,VSS,Metal1,234.3050,274.7550,0.000056
wire502,VSS,Metal1,187.1400,188.4660,0.000053
wire501,VSS,Metal1,288.3900,164.3485,0.000022
wire500,VSS,Metal1,111.9000,227.0535,0.000005
wire499,VSS,Metal1,63.6150,149.3150,0.000075
wire498,VSS,Metal1,139.5400,172.7860,0.000028
wire497,VSS,Metal1,245.2700,187.8685,0.000059
wire496,VSS,Metal1,266.7600,266.1025,0.000050
wire495,VSS,Metal1,246.0400,148.5025,0.000080
wire494,VSS,Metal1,269.0000,180.7775,0.000011
wire493,VSS,Metal1,219.7450,172.8350,0.000032
wire492,VSS,Metal1,258.9200,165.0975,0.000021
wire491,VSS,Metal1,253.2200,180.0135,0.000011
wire490,VSS,Metal1,175.8300,164.9310,0.000019
load_slew489,VSS,Metal1,190.5600,70.1340,0.000085
load_slew488,VSS,Metal1,155.3450,102.2750,0.000032
wire487,VSS,Metal1,121.1850,86.5950,0.000092
wire486,VSS,Metal1,165.9850,117.9550,0.000097
load_slew485,VSS,Metal1,37.1850,110.1150,0.000051
wire484,VSS,Metal1,127.3450,140.7650,0.000072
load_slew483,VSS,Metal1,113.7320,133.7995,0.000075
load_slew482,VSS,Metal1,179.0400,94.5060,0.000051
wire481,VSS,Metal1,276.5880,85.7205,0.000114
wire480,VSS,Metal1,297.9300,282.5310,0.000048
load_slew479,VSS,Metal1,304.4400,243.4975,0.000005
load_slew478,VSS,Metal1,279.5400,281.9335,0.000048
fanout477,VSS,Metal1,287.1565,274.7205,0.000059
wire476,VSS,Metal1,253.1100,187.8685,0.000060
fanout475,VSS,Metal1,267.2430,196.3205,0.000045
load_slew474,VSS,Metal1,238.2250,172.1250,0.000036
load_slew473,VSS,Metal1,208.5200,157.2575,0.000046
fanout472,VSS,Metal1,236.7565,164.9605,0.000020
wire471,VSS,Metal1,269.0250,219.1650,0.000002
wire470,VSS,Metal1,186.0200,196.3060,0.000042
output469,VSS,Metal1,323.4550,336.7650,0.000008
output468,VSS,Metal1,299.9350,336.7650,0.000008
output467,VSS,Metal1,17.0250,336.7650,0.000004
output466,VSS,Metal1,111.1050,336.7650,0.000005
output465,VSS,Metal1,280.7850,102.2750,0.000036
output464,VSS,Metal1,326.2550,46.6850,0.000006
output463,VSS,Metal1,290.9750,86.5950,0.000115
output462,VSS,Metal1,326.2550,39.5550,0.000000
output461,VSS,Metal1,290.8650,85.8850,0.000115
output460,VSS,Metal1,326.2550,38.8450,0.000000
output459,VSS,Metal1,326.2550,31.7150,0.000000
output458,VSS,Metal1,318.4150,47.3950,0.000006
output457,VSS,Metal1,326.2550,55.2350,0.000034
output456,VSS,Metal1,287.0550,85.8850,0.000115
output455,VSS,Metal1,289.8550,117.2450,0.000103
output454,VSS,Metal1,307.2150,70.9150,0.000089
output453,VSS,Metal1,326.2550,54.5250,0.000034
output452,VSS,Metal1,288.1750,93.7250,0.000058
output451,VSS,Metal1,324.0150,85.8850,0.000117
output450,VSS,Metal1,279.2150,109.4050,0.000052
output449,VSS,Metal1,303.7450,63.0750,0.000064
output448,VSS,Metal1,324.0150,78.0450,0.000086
output447,VSS,Metal1,326.2550,47.3950,0.000006
output446,VSS,Metal1,298.8150,85.8850,0.000116
output445,VSS,Metal1,279.2150,93.7250,0.000058
output444,VSS,Metal1,23.1850,86.5950,0.000081
output443,VSS,Metal1,9.7450,55.2350,0.000028
output442,VSS,Metal1,22.6250,85.8850,0.000081
output441,VSS,Metal1,9.7450,47.3950,0.000006
output440,VSS,Metal1,29.3450,86.5950,0.000084
output439,VSS,Metal1,14.2250,70.9150,0.000073
output438,VSS,Metal1,23.7450,78.7550,0.000074
output437,VSS,Metal1,9.7450,39.5550,0.000000
output436,VSS,Metal1,19.2650,102.2750,0.000031
output435,VSS,Metal1,33.8250,86.5950,0.000084
output434,VSS,Metal1,23.7450,102.2750,0.000031
output433,VSS,Metal1,9.7450,78.7550,0.000074
output432,VSS,Metal1,23.1850,94.4350,0.000048
output431,VSS,Metal1,9.7450,70.9150,0.000073
output430,VSS,Metal1,23.7450,101.5650,0.000031
output429,VSS,Metal1,31.6950,102.2750,0.000032
output428,VSS,Metal1,14.2250,86.5950,0.000081
output427,VSS,Metal1,18.7050,94.4350,0.000048
output426,VSS,Metal1,9.7450,70.2050,0.000073
output425,VSS,Metal1,18.7050,86.5950,0.000081
output424,VSS,Metal1,29.3450,78.7550,0.000075
output423,VSS,Metal1,309.3450,140.7650,0.000087
output422,VSS,Metal1,307.2150,141.4750,0.000087
output421,VSS,Metal1,326.2550,70.2050,0.000089
output420,VSS,Metal1,318.4150,101.5650,0.000037
output419,VSS,Metal1,304.4150,125.7950,0.000057
output418,VSS,Metal1,307.2150,102.2750,0.000037
output417,VSS,Metal1,304.4150,117.9550,0.000103
output416,VSS,Metal1,307.2150,94.4350,0.000058
output415,VSS,Metal1,326.2550,125.0850,0.000058
output414,VSS,Metal1,326.2550,62.3650,0.000064
output413,VSS,Metal1,326.2550,117.2450,0.000103
output412,VSS,Metal1,324.0150,132.9250,0.000083
output411,VSS,Metal1,307.2150,133.6350,0.000083
output410,VSS,Metal1,326.2550,110.1150,0.000053
output409,VSS,Metal1,326.2550,156.4450,0.000050
output408,VSS,Metal1,326.2550,109.4050,0.000053
output407,VSS,Metal1,315.6150,132.9250,0.000083
output406,VSS,Metal1,326.2550,101.5650,0.000037
output405,VSS,Metal1,307.2150,109.4050,0.000052
output404,VSS,Metal1,326.2550,93.7250,0.000058
output403,VSS,Metal1,307.2150,86.5950,0.000117
output402,VSS,Metal1,9.7450,101.5650,0.000031
output401,VSS,Metal1,9.7450,149.3150,0.000071
output400,VSS,Metal1,9.7450,86.5950,0.000081
output399,VSS,Metal1,29.3450,117.9550,0.000087
output398,VSS,Metal1,10.3050,102.2750,0.000031
output397,VSS,Metal1,22.6250,110.1150,0.000049
output396,VSS,Metal1,9.7450,85.8850,0.000081
output395,VSS,Metal1,14.7850,102.2750,0.000031
output394,VSS,Metal1,9.7450,133.6350,0.000073
output393,VSS,Metal1,29.3450,109.4050,0.000050
output392,VSS,Metal1,9.7450,141.4750,0.000064
output391,VSS,Metal1,9.7450,125.7950,0.000049
output390,VSS,Metal1,14.2250,125.7950,0.000049
output389,VSS,Metal1,23.7450,133.6350,0.000073
output388,VSS,Metal1,9.7450,117.9550,0.000086
output387,VSS,Metal1,18.7050,125.7950,0.000049
output386,VSS,Metal1,23.1850,125.7950,0.000049
output385,VSS,Metal1,9.7450,110.1150,0.000049
output384,VSS,Metal1,29.3450,125.7950,0.000050
output383,VSS,Metal1,22.6250,117.9550,0.000086
output382,VSS,Metal1,9.7450,94.4350,0.000048
output381,VSS,Metal1,326.2550,23.1650,0.000000
output380,VSS,Metal1,313.9350,39.5550,0.000000
output379,VSS,Metal1,317.2950,31.7150,0.000000
output378,VSS,Metal1,304.9750,47.3950,0.000006
output377,VSS,Metal1,296.5750,55.2350,0.000034
output376,VSS,Metal1,287.6150,70.2050,0.000088
output375,VSS,Metal1,326.2550,16.0350,0.000000
output374,VSS,Metal1,318.4150,31.0050,0.000000
output373,VSS,Metal1,321.7750,39.5550,0.000000
output372,VSS,Metal1,298.8150,47.3950,0.000006
output371,VSS,Metal1,290.4150,78.7550,0.000086
output370,VSS,Metal1,326.2550,31.0050,0.000000
output369,VSS,Metal1,313.9350,47.3950,0.000006
output368,VSS,Metal1,317.2950,46.6850,0.000006
output367,VSS,Metal1,288.0650,78.0450,0.000086
output366,VSS,Metal1,326.2550,23.8750,0.000000
output365,VSS,Metal1,318.4150,38.8450,0.000000
output364,VSS,Metal1,296.5750,62.3650,0.000064
output363,VSS,Metal1,309.4550,47.3950,0.000006
output362,VSS,Metal1,312.8150,46.6850,0.000006
output361,VSS,Metal1,321.7750,23.8750,0.000000
output360,VSS,Metal1,9.7450,31.0050,0.000000
output359,VSS,Metal1,18.7050,39.5550,0.000000
output358,VSS,Metal1,9.7450,23.8750,0.000000
output357,VSS,Metal1,30.0150,55.2350,0.000028
output356,VSS,Metal1,14.2250,38.8450,0.000000
output355,VSS,Metal1,23.1850,39.5550,0.000000
output354,VSS,Metal1,9.7450,23.1650,0.000000
output353,VSS,Metal1,14.2250,31.7150,0.000000
output352,VSS,Metal1,42.2250,93.7250,0.000049
output351,VSS,Metal1,33.8250,55.2350,0.000028
output350,VSS,Metal1,28.7850,78.0450,0.000075
output349,VSS,Metal1,9.7450,38.8450,0.000000
output348,VSS,Metal1,29.3450,70.9150,0.000073
output347,VSS,Metal1,33.2650,78.0450,0.000076
output346,VSS,Metal1,45.0250,86.5950,0.000084
output345,VSS,Metal1,9.7450,31.7150,0.000000
output344,VSS,Metal1,37.7450,78.0450,0.000076
output343,VSS,Metal1,29.3450,63.0750,0.000058
output342,VSS,Metal1,14.2250,39.5550,0.000000
output341,VSS,Metal1,42.2250,78.0450,0.000078
output340,VSS,Metal1,18.7050,38.8450,0.000000
output339,VSS,Metal1,307.7750,46.6850,0.000006
output338,VSS,Metal1,304.9750,39.5550,0.000000
output337,VSS,Metal1,313.9350,23.1650,0.000000
output336,VSS,Metal1,318.4150,23.1650,0.000000
output335,VSS,Metal1,298.8150,46.6850,0.000006
output334,VSS,Metal1,321.7750,16.0350,0.000000
output333,VSS,Metal1,308.3350,38.8450,0.000000
output332,VSS,Metal1,312.8150,31.0050,0.000000
output331,VSS,Metal1,303.2950,46.6850,0.000006
output330,VSS,Metal1,309.4550,39.5550,0.000000
output329,VSS,Metal1,312.8150,38.8450,0.000000
output328,VSS,Metal1,312.8150,23.8750,0.000000
output327,VSS,Metal1,312.8150,31.7150,0.000000
output326,VSS,Metal1,292.0950,55.2350,0.000034
output325,VSS,Metal1,317.2950,23.8750,0.000000
output324,VSS,Metal1,317.2950,16.0350,0.000000
output323,VSS,Metal1,18.7050,23.8750,0.000000
output322,VSS,Metal1,37.8550,54.5250,0.000030
output321,VSS,Metal1,14.2250,23.8750,0.000000
output320,VSS,Metal1,33.8250,47.3950,0.000006
output319,VSS,Metal1,18.7050,31.0050,0.000000
output318,VSS,Metal1,23.1850,31.7150,0.000000
output317,VSS,Metal1,31.0250,46.6850,0.000006
output316,VSS,Metal1,14.2250,16.0350,0.000000
output315,VSS,Metal1,29.3450,39.5550,0.000000
output314,VSS,Metal1,32.7050,54.5250,0.000028
output313,VSS,Metal1,9.7450,16.0350,0.000000
output312,VSS,Metal1,29.3450,47.3950,0.000006
output311,VSS,Metal1,14.2250,31.0050,0.000000
output310,VSS,Metal1,18.7050,31.7150,0.000000
output309,VSS,Metal1,23.1850,38.8450,0.000000
output308,VSS,Metal1,14.2250,23.1650,0.000000
output307,VSS,Metal1,134.6250,336.7650,0.000005
output306,VSS,Metal1,156.4650,336.7650,0.000005
input305,VSS,Metal1,323.1100,313.8910,0.000013
input304,VSS,Metal1,319.7700,306.0510,0.000029
input303,VSS,Metal1,318.6300,305.4685,0.000029
input302,VSS,Metal1,326.4700,313.8910,0.000013
input301,VSS,Metal1,16.2500,306.0510,0.000026
input300,VSS,Metal1,9.5300,313.3085,0.000013
input299,VSS,Metal1,12.8900,306.0510,0.000026
input298,VSS,Metal1,10.4150,305.4050,0.000026
input297,VSS,Metal1,323.1100,313.3085,0.000013
input296,VSS,Metal1,316.3900,298.2110,0.000061
input295,VSS,Metal1,326.4700,313.3085,0.000013
input294,VSS,Metal1,323.1100,306.0510,0.000030
input293,VSS,Metal1,19.6100,298.2110,0.000038
input292,VSS,Metal1,14.0100,305.4685,0.000026
input291,VSS,Metal1,9.5300,306.0510,0.000026
input290,VSS,Metal1,16.2500,298.2110,0.000038
input289,VSS,Metal1,87.3500,336.8285,0.000004
input288,VSS,Metal1,62.1700,336.8285,0.000004
input287,VSS,Metal1,40.3300,336.8285,0.000004
input286,VSS,Metal1,251.9900,336.8285,0.000007
input285,VSS,Metal1,276.0700,336.8285,0.000008
input284,VSS,Metal1,228.4700,336.8285,0.000006
input283,VSS,Metal1,181.4500,329.5710,0.000015
input282,VSS,Metal1,305.2100,211.9710,0.000003
input281,VSS,Metal1,308.5500,219.8110,0.000002
input280,VSS,Metal1,311.9100,234.9085,0.000016
input279,VSS,Metal1,308.5700,211.9710,0.000003
input278,VSS,Metal1,311.9100,203.5485,0.000006
input277,VSS,Metal1,308.5500,204.1310,0.000006
input276,VSS,Metal1,308.5700,203.5485,0.000006
input275,VSS,Metal1,323.1100,203.5485,0.000006
input274,VSS,Metal1,323.1100,250.5885,0.000026
input273,VSS,Metal1,323.1100,195.7085,0.000046
input272,VSS,Metal1,308.5700,235.4910,0.000016
input271,VSS,Metal1,305.1900,227.6510,0.000005
input270,VSS,Metal1,299.0300,219.8110,0.000002
input269,VSS,Metal1,318.6300,250.5885,0.000026
input268,VSS,Metal1,326.4700,250.5885,0.000026
input267,VSS,Metal1,311.9300,242.7485,0.000005
input266,VSS,Metal1,308.5500,234.9085,0.000016
input265,VSS,Metal1,293.4500,204.1310,0.000006
input264,VSS,Metal1,308.5500,227.6510,0.000005
input263,VSS,Metal1,300.1700,203.5485,0.000006
input262,VSS,Metal1,318.6500,219.2285,0.000002
input261,VSS,Metal1,24.0900,211.3885,0.000003
input260,VSS,Metal1,17.3700,211.9710,0.000003
input259,VSS,Metal1,20.7300,211.3885,0.000003
input258,VSS,Metal1,10.4150,195.6450,0.000033
input257,VSS,Metal1,27.9900,203.5485,0.000004
input256,VSS,Metal1,17.3700,211.3885,0.000003
input255,VSS,Metal1,24.6500,203.5485,0.000004
input254,VSS,Metal1,21.2900,203.5485,0.000004
input253,VSS,Metal1,17.3700,227.6510,0.000005
input252,VSS,Metal1,17.3700,204.1310,0.000004
input251,VSS,Metal1,24.0900,219.8110,0.000002
input250,VSS,Metal1,19.6100,227.0685,0.000005
input249,VSS,Metal1,14.0100,227.6510,0.000005
input248,VSS,Metal1,29.1300,211.9710,0.000003
input247,VSS,Metal1,20.7100,219.8110,0.000002
input246,VSS,Metal1,16.2500,227.0685,0.000005
input245,VSS,Metal1,17.3700,219.8110,0.000002
input244,VSS,Metal1,12.8700,227.0685,0.000005
input243,VSS,Metal1,27.4500,211.3885,0.000003
input242,VSS,Metal1,9.5300,227.0685,0.000005
input241,VSS,Metal1,24.6300,196.2910,0.000033
input240,VSS,Metal1,303.5100,203.5485,0.000006
input239,VSS,Metal1,325.5850,187.8050,0.000061
input238,VSS,Metal1,286.7100,195.7085,0.000046
input237,VSS,Metal1,292.3100,172.1885,0.000040
input236,VSS,Metal1,294.0100,195.7085,0.000046
input235,VSS,Metal1,289.5100,188.4510,0.000061
input234,VSS,Metal1,286.7100,157.0910,0.000050
input233,VSS,Metal1,296.2300,141.4110,0.000087
input232,VSS,Metal1,326.4700,195.7085,0.000046
input231,VSS,Metal1,285.0300,164.3485,0.000022
input230,VSS,Metal1,326.4700,203.5485,0.000006
input229,VSS,Metal1,326.4700,172.7710,0.000041
input228,VSS,Metal1,318.6300,187.8685,0.000061
input227,VSS,Metal1,318.6500,195.7085,0.000046
input226,VSS,Metal1,296.7900,203.5485,0.000006
input225,VSS,Metal1,315.2700,195.7085,0.000046
input224,VSS,Metal1,308.5500,196.2910,0.000046
input223,VSS,Metal1,299.0500,180.6110,0.000011
input222,VSS,Metal1,305.1900,196.2910,0.000046
input221,VSS,Metal1,292.8700,188.4510,0.000061
input220,VSS,Metal1,290.6500,195.7085,0.000046
input219,VSS,Metal1,16.2500,172.1885,0.000025
input218,VSS,Metal1,12.8900,164.9310,0.000017
input217,VSS,Metal1,19.6100,172.1885,0.000025
input216,VSS,Metal1,16.2500,164.9310,0.000017
input215,VSS,Metal1,22.9700,172.1885,0.000025
input214,VSS,Metal1,19.6100,164.9310,0.000017
input213,VSS,Metal1,9.5300,156.5085,0.000035
input212,VSS,Metal1,26.3300,172.1885,0.000025
input211,VSS,Metal1,17.3700,187.8685,0.000032
input210,VSS,Metal1,22.9700,164.9310,0.000017
input209,VSS,Metal1,9.5300,180.0285,0.000005
input208,VSS,Metal1,21.2900,188.4510,0.000032
input207,VSS,Metal1,20.7300,187.8685,0.000032
input206,VSS,Metal1,24.6500,188.4510,0.000032
input205,VSS,Metal1,9.5300,172.7710,0.000025
input204,VSS,Metal1,24.0900,187.8685,0.000032
input203,VSS,Metal1,9.5300,172.1885,0.000025
input202,VSS,Metal1,24.0900,180.6110,0.000005
input201,VSS,Metal1,12.8900,172.1885,0.000025
input200,VSS,Metal1,9.5300,164.9310,0.000017
input199,VSS,Metal1,29.1300,164.9310,0.000017
input198,VSS,Metal1,292.3100,101.6285,0.000037
input197,VSS,Metal1,274.9700,109.4685,0.000052
input196,VSS,Metal1,264.3300,149.2510,0.000081
input195,VSS,Metal1,285.6100,102.2110,0.000036
input194,VSS,Metal1,267.1300,140.8285,0.000084
input193,VSS,Metal1,310.2300,70.2685,0.000089
input192,VSS,Metal1,299.0300,86.5310,0.000116
input191,VSS,Metal1,278.3100,141.4110,0.000086
input190,VSS,Metal1,284.4700,156.5085,0.000050
input189,VSS,Metal1,283.9100,140.8285,0.000087
input188,VSS,Metal1,283.3700,157.0910,0.000050
input187,VSS,Metal1,279.4500,148.6685,0.000081
input186,VSS,Metal1,321.9900,110.0510,0.000053
input185,VSS,Metal1,279.4500,156.5085,0.000050
input184,VSS,Metal1,273.2900,157.0910,0.000050
input183,VSS,Metal1,286.1700,188.4510,0.000060
input182,VSS,Metal1,283.9100,132.9885,0.000082
input181,VSS,Metal1,293.4300,117.3085,0.000103
input180,VSS,Metal1,296.8100,133.5710,0.000083
input179,VSS,Metal1,283.9100,93.7885,0.000058
input178,VSS,Metal1,278.3300,140.8285,0.000086
input177,VSS,Metal1,40.3100,157.0910,0.000035
input176,VSS,Metal1,31.9300,148.6685,0.000072
input175,VSS,Metal1,43.6900,157.0910,0.000036
input174,VSS,Metal1,29.6900,132.9885,0.000074
input173,VSS,Metal1,35.2900,148.6685,0.000072
input172,VSS,Metal1,24.6500,141.4110,0.000064
input171,VSS,Metal1,31.9300,141.4110,0.000064
input170,VSS,Metal1,57.1300,132.9885,0.000074
input169,VSS,Metal1,32.4900,164.9310,0.000017
input168,VSS,Metal1,29.1300,110.0510,0.000050
input167,VSS,Metal1,21.2700,156.5085,0.000035
input166,VSS,Metal1,20.1500,149.2510,0.000071
input165,VSS,Metal1,35.8500,164.9310,0.000018
input164,VSS,Metal1,57.1300,140.8285,0.000065
input163,VSS,Metal1,33.6100,164.3485,0.000017
input162,VSS,Metal1,36.9700,164.3485,0.000018
input161,VSS,Metal1,33.6100,157.0910,0.000035
input160,VSS,Metal1,40.3300,164.3485,0.000018
input159,VSS,Metal1,36.9500,157.0910,0.000035
input158,VSS,Metal1,28.5700,148.6685,0.000072
input157,VSS,Metal1,48.7300,148.6685,0.000074
input156,VSS,Metal1,319.7500,298.2110,0.000061
input155,VSS,Metal1,318.6300,297.6285,0.000061
input154,VSS,Metal1,19.6100,297.6285,0.000038
input153,VSS,Metal1,12.8900,298.2110,0.000038
input152,VSS,Metal1,318.6300,290.3710,0.000061
input151,VSS,Metal1,12.8900,297.6285,0.000038
input150,VSS,Metal1,326.4700,306.0510,0.000030
input149,VSS,Metal1,16.2500,297.6285,0.000038
input148,VSS,Metal1,259.8300,132.9885,0.000080
input147,VSS,Metal1,263.7500,140.8285,0.000084
input146,VSS,Metal1,255.3500,132.9885,0.000080
input145,VSS,Metal1,325.5850,140.7650,0.000087
input144,VSS,Metal1,264.3300,141.4110,0.000084
input143,VSS,Metal1,325.5850,148.6050,0.000081
input142,VSS,Metal1,249.1900,125.7310,0.000057
input141,VSS,Metal1,279.4500,78.1085,0.000086
input140,VSS,Metal1,42.5500,140.8285,0.000065
input139,VSS,Metal1,43.1300,117.8910,0.000087
input138,VSS,Metal1,52.0900,148.6685,0.000074
input137,VSS,Metal1,33.5900,109.4685,0.000050
input136,VSS,Metal1,34.1700,125.7310,0.000050
input135,VSS,Metal1,37.5100,125.7310,0.000050
input134,VSS,Metal1,60.4900,141.4110,0.000067
input133,VSS,Metal1,10.4150,140.7650,0.000064
input132,VSS,Metal1,315.2700,290.3710,0.000060
input131,VSS,Metal1,19.6100,290.3710,0.000053
input130,VSS,Metal1,318.6300,266.2685,0.000051
input129,VSS,Metal1,326.4700,282.5310,0.000048
input128,VSS,Metal1,315.2700,259.0110,0.000048
input127,VSS,Metal1,325.5850,251.2350,0.000026
input126,VSS,Metal1,323.1100,274.1085,0.000059
input125,VSS,Metal1,311.9100,258.4285,0.000047
input124,VSS,Metal1,311.9100,251.1710,0.000025
input123,VSS,Metal1,321.9900,259.0110,0.000048
input122,VSS,Metal1,315.2700,274.1085,0.000059
input121,VSS,Metal1,326.4700,274.1085,0.000059
input120,VSS,Metal1,313.0300,266.8510,0.000051
input119,VSS,Metal1,318.6300,274.1085,0.000059
input118,VSS,Metal1,311.9100,266.2685,0.000051
input117,VSS,Metal1,316.3900,266.8510,0.000051
input116,VSS,Metal1,315.2700,266.2685,0.000051
input115,VSS,Metal1,323.1100,282.5310,0.000048
input114,VSS,Metal1,325.5850,259.0750,0.000048
input113,VSS,Metal1,311.9100,259.0110,0.000047
input112,VSS,Metal1,319.7500,266.8510,0.000051
input111,VSS,Metal1,308.5500,258.4285,0.000047
input110,VSS,Metal1,318.6300,258.4285,0.000048
input109,VSS,Metal1,10.4150,250.5250,0.000018
input108,VSS,Metal1,12.8900,266.2685,0.000036
input107,VSS,Metal1,10.4150,251.2350,0.000018
input106,VSS,Metal1,24.0900,251.1710,0.000018
input105,VSS,Metal1,16.2500,259.0110,0.000026
input104,VSS,Metal1,27.4500,250.5885,0.000018
input103,VSS,Metal1,19.5900,258.4285,0.000026
input102,VSS,Metal1,29.1300,243.3310,0.000003
input101,VSS,Metal1,9.5300,274.6910,0.000054
input100,VSS,Metal1,9.5300,266.2685,0.000036
input99,VSS,Metal1,12.8900,274.1085,0.000054
input98,VSS,Metal1,16.2500,266.8510,0.000036
input97,VSS,Metal1,19.6100,266.2685,0.000036
input96,VSS,Metal1,22.9700,259.0110,0.000026
input95,VSS,Metal1,9.5300,274.1085,0.000054
input94,VSS,Metal1,12.8900,266.8510,0.000036
input93,VSS,Metal1,16.2500,266.2685,0.000036
input92,VSS,Metal1,19.6100,259.0110,0.000026
input91,VSS,Metal1,22.9700,258.4285,0.000026
input90,VSS,Metal1,9.5300,266.8510,0.000036
input89,VSS,Metal1,20.7100,251.1710,0.000018
input88,VSS,Metal1,321.9900,290.3710,0.000061
input87,VSS,Metal1,311.9100,274.6910,0.000059
input86,VSS,Metal1,319.7500,282.5310,0.000048
input85,VSS,Metal1,318.6300,281.9485,0.000048
input84,VSS,Metal1,326.4700,297.6285,0.000061
input83,VSS,Metal1,315.2700,274.6910,0.000059
input82,VSS,Metal1,323.1100,289.7885,0.000061
input81,VSS,Metal1,311.9100,274.1085,0.000059
input80,VSS,Metal1,325.5850,290.4350,0.000061
input79,VSS,Metal1,309.6700,266.8510,0.000051
input78,VSS,Metal1,326.4700,305.4685,0.000030
input77,VSS,Metal1,315.2900,289.7885,0.000060
input76,VSS,Metal1,323.1100,298.2110,0.000061
input75,VSS,Metal1,313.0300,282.5310,0.000048
input74,VSS,Metal1,323.1100,297.6285,0.000061
input73,VSS,Metal1,318.6300,289.7885,0.000061
input72,VSS,Metal1,326.4700,298.2110,0.000061
input71,VSS,Metal1,316.3900,282.5310,0.000048
input70,VSS,Metal1,325.5850,281.8850,0.000048
input69,VSS,Metal1,315.2900,281.9485,0.000048
input68,VSS,Metal1,326.4700,289.7885,0.000061
input67,VSS,Metal1,9.5300,289.7885,0.000053
input66,VSS,Metal1,16.2300,281.9485,0.000030
input65,VSS,Metal1,19.6100,274.6910,0.000054
input64,VSS,Metal1,12.8900,281.9485,0.000030
input63,VSS,Metal1,16.2500,274.6910,0.000054
input62,VSS,Metal1,19.5900,274.1085,0.000054
input61,VSS,Metal1,9.5300,281.9485,0.000030
input60,VSS,Metal1,12.8900,274.6910,0.000054
input59,VSS,Metal1,16.2500,290.3710,0.000053
input58,VSS,Metal1,16.2500,274.1085,0.000054
input57,VSS,Metal1,19.6100,289.7885,0.000053
input56,VSS,Metal1,9.5300,297.6285,0.000038
input55,VSS,Metal1,12.8700,290.3710,0.000053
input54,VSS,Metal1,16.2500,289.7885,0.000053
input53,VSS,Metal1,10.4150,282.5950,0.000030
input52,VSS,Metal1,17.3700,282.5310,0.000030
input51,VSS,Metal1,9.5300,290.3710,0.000053
input50,VSS,Metal1,12.8900,289.7885,0.000053
input49,VSS,Metal1,19.5900,281.9485,0.000030
input48,VSS,Metal1,13.9900,282.5310,0.000030
input47,VSS,Metal1,19.6100,266.8510,0.000036
input46,VSS,Metal1,315.2700,250.5885,0.000026
input45,VSS,Metal1,326.4700,258.4285,0.000048
input44,VSS,Metal1,305.1900,235.4910,0.000016
input43,VSS,Metal1,323.1100,258.4285,0.000048
input42,VSS,Metal1,299.0500,227.6510,0.000005
input41,VSS,Metal1,318.6300,251.1710,0.000026
input40,VSS,Metal1,326.4700,266.2685,0.000051
input39,VSS,Metal1,315.2700,242.7485,0.000005
input38,VSS,Metal1,323.1100,266.8510,0.000051
input37,VSS,Metal1,308.5500,243.3310,0.000005
input36,VSS,Metal1,315.2900,251.1710,0.000026
input35,VSS,Metal1,299.0300,243.3310,0.000005
input34,VSS,Metal1,323.1100,266.2685,0.000051
input33,VSS,Metal1,318.6300,259.0110,0.000048
input32,VSS,Metal1,325.5850,242.6850,0.000005
input31,VSS,Metal1,325.5850,234.8450,0.000016
input30,VSS,Metal1,326.4700,266.8510,0.000051
input29,VSS,Metal1,315.2900,258.4285,0.000048
input28,VSS,Metal1,308.5700,251.1710,0.000025
input27,VSS,Metal1,321.9900,251.1710,0.000026
input26,VSS,Metal1,305.2100,234.9085,0.000016
input25,VSS,Metal1,20.7300,242.7485,0.000003
input24,VSS,Metal1,21.2700,235.4910,0.000009
input23,VSS,Metal1,17.3500,242.7485,0.000003
input22,VSS,Metal1,10.4150,227.7150,0.000005
input21,VSS,Metal1,29.6900,227.0685,0.000005
input20,VSS,Metal1,24.0900,227.6510,0.000005
input19,VSS,Metal1,26.3300,227.0685,0.000005
input18,VSS,Metal1,29.1100,219.8110,0.000002
input17,VSS,Metal1,12.8900,259.0110,0.000026
input16,VSS,Metal1,17.3700,234.9085,0.000009
input15,VSS,Metal1,24.0700,250.5885,0.000018
input14,VSS,Metal1,16.2500,258.4285,0.000026
input13,VSS,Metal1,31.3700,242.7485,0.000004
input12,VSS,Metal1,17.3500,251.1710,0.000018
input11,VSS,Metal1,9.5300,259.0110,0.000026
input10,VSS,Metal1,20.7100,250.5885,0.000018
input9,VSS,Metal1,12.8900,258.4285,0.000026
input8,VSS,Metal1,14.0100,251.1710,0.000018
input7,VSS,Metal1,9.5300,258.4285,0.000026
input6,VSS,Metal1,24.6300,235.4910,0.000009
input5,VSS,Metal1,20.7300,227.6510,0.000005
input4,VSS,Metal1,323.1100,305.4685,0.000030
input3,VSS,Metal1,9.5300,298.2110,0.000038
input2,VSS,Metal1,318.6300,242.7485,0.000005
input1,VSS,Metal1,22.9500,227.0685,0.000005
TAP_TAPCELL_ROW_81_835,VSS,Metal1,311.9200,336.6505,0.000008
TAP_TAPCELL_ROW_81_834,VSS,Metal1,292.8800,336.6505,0.000008
TAP_TAPCELL_ROW_81_833,VSS,Metal1,273.8400,336.6505,0.000008
TAP_TAPCELL_ROW_81_832,VSS,Metal1,254.8000,336.6505,0.000007
TAP_TAPCELL_ROW_81_831,VSS,Metal1,235.7600,336.6505,0.000007
TAP_TAPCELL_ROW_81_830,VSS,Metal1,216.7200,336.6505,0.000006
TAP_TAPCELL_ROW_81_829,VSS,Metal1,197.6800,336.6505,0.000006
TAP_TAPCELL_ROW_81_828,VSS,Metal1,178.6400,336.6505,0.000005
TAP_TAPCELL_ROW_81_827,VSS,Metal1,159.6000,336.6505,0.000005
TAP_TAPCELL_ROW_81_826,VSS,Metal1,140.5600,336.6505,0.000005
TAP_TAPCELL_ROW_81_825,VSS,Metal1,121.5200,336.6505,0.000005
TAP_TAPCELL_ROW_81_824,VSS,Metal1,102.4800,336.6505,0.000005
TAP_TAPCELL_ROW_81_823,VSS,Metal1,83.4400,336.6505,0.000004
TAP_TAPCELL_ROW_81_822,VSS,Metal1,64.4000,336.6505,0.000004
TAP_TAPCELL_ROW_81_821,VSS,Metal1,45.3600,336.6505,0.000004
TAP_TAPCELL_ROW_81_820,VSS,Metal1,26.3200,336.6505,0.000004
TAP_TAPCELL_ROW_80_819,VSS,Metal1,301.2800,329.7490,0.000016
TAP_TAPCELL_ROW_80_818,VSS,Metal1,262.0800,329.7490,0.000016
TAP_TAPCELL_ROW_80_817,VSS,Metal1,222.8800,329.7490,0.000015
TAP_TAPCELL_ROW_80_816,VSS,Metal1,183.6800,329.7490,0.000015
TAP_TAPCELL_ROW_80_815,VSS,Metal1,144.4800,329.7490,0.000015
TAP_TAPCELL_ROW_80_814,VSS,Metal1,105.2800,329.7490,0.000015
TAP_TAPCELL_ROW_80_813,VSS,Metal1,66.0800,329.7490,0.000015
TAP_TAPCELL_ROW_80_812,VSS,Metal1,26.8800,329.7490,0.000015
TAP_TAPCELL_ROW_79_811,VSS,Metal1,320.8800,328.8105,0.000016
TAP_TAPCELL_ROW_79_810,VSS,Metal1,281.6800,328.8105,0.000016
TAP_TAPCELL_ROW_79_809,VSS,Metal1,242.4800,328.8105,0.000016
TAP_TAPCELL_ROW_79_808,VSS,Metal1,203.2800,328.8105,0.000015
TAP_TAPCELL_ROW_79_807,VSS,Metal1,164.0800,328.8105,0.000015
TAP_TAPCELL_ROW_79_806,VSS,Metal1,124.8800,328.8105,0.000015
TAP_TAPCELL_ROW_79_805,VSS,Metal1,85.6800,328.8105,0.000015
TAP_TAPCELL_ROW_79_804,VSS,Metal1,46.4800,328.8105,0.000015
TAP_TAPCELL_ROW_78_803,VSS,Metal1,301.2800,321.9090,0.000015
TAP_TAPCELL_ROW_78_802,VSS,Metal1,262.0800,321.9090,0.000014
TAP_TAPCELL_ROW_78_801,VSS,Metal1,222.8800,321.9090,0.000012
TAP_TAPCELL_ROW_78_800,VSS,Metal1,183.6800,321.9090,0.000012
TAP_TAPCELL_ROW_78_799,VSS,Metal1,144.4800,321.9090,0.000012
TAP_TAPCELL_ROW_78_798,VSS,Metal1,105.2800,321.9090,0.000012
TAP_TAPCELL_ROW_78_797,VSS,Metal1,66.0800,321.9090,0.000012
TAP_TAPCELL_ROW_78_796,VSS,Metal1,26.8800,321.9090,0.000012
TAP_TAPCELL_ROW_77_795,VSS,Metal1,320.8800,320.9705,0.000015
TAP_TAPCELL_ROW_77_794,VSS,Metal1,281.6800,320.9705,0.000015
TAP_TAPCELL_ROW_77_793,VSS,Metal1,242.4800,320.9705,0.000014
TAP_TAPCELL_ROW_77_792,VSS,Metal1,203.2800,320.9705,0.000012
TAP_TAPCELL_ROW_77_791,VSS,Metal1,164.0800,320.9705,0.000012
TAP_TAPCELL_ROW_77_790,VSS,Metal1,124.8800,320.9705,0.000012
TAP_TAPCELL_ROW_77_789,VSS,Metal1,85.6800,320.9705,0.000012
TAP_TAPCELL_ROW_77_788,VSS,Metal1,46.4800,320.9705,0.000012
TAP_TAPCELL_ROW_76_787,VSS,Metal1,301.2800,314.0690,0.000013
TAP_TAPCELL_ROW_76_786,VSS,Metal1,262.0800,314.0690,0.000013
TAP_TAPCELL_ROW_76_785,VSS,Metal1,222.8800,314.0690,0.000013
TAP_TAPCELL_ROW_76_784,VSS,Metal1,183.6800,314.0690,0.000013
TAP_TAPCELL_ROW_76_783,VSS,Metal1,144.4800,314.0690,0.000013
TAP_TAPCELL_ROW_76_782,VSS,Metal1,105.2800,314.0690,0.000013
TAP_TAPCELL_ROW_76_781,VSS,Metal1,66.0800,314.0690,0.000013
TAP_TAPCELL_ROW_76_780,VSS,Metal1,26.8800,314.0690,0.000013
TAP_TAPCELL_ROW_75_779,VSS,Metal1,320.8800,313.1305,0.000013
TAP_TAPCELL_ROW_75_778,VSS,Metal1,281.6800,313.1305,0.000013
TAP_TAPCELL_ROW_75_777,VSS,Metal1,242.4800,313.1305,0.000013
TAP_TAPCELL_ROW_75_776,VSS,Metal1,203.2800,313.1305,0.000013
TAP_TAPCELL_ROW_75_775,VSS,Metal1,164.0800,313.1305,0.000013
TAP_TAPCELL_ROW_75_774,VSS,Metal1,124.8800,313.1305,0.000013
TAP_TAPCELL_ROW_75_773,VSS,Metal1,85.6800,313.1305,0.000013
TAP_TAPCELL_ROW_75_772,VSS,Metal1,46.4800,313.1305,0.000013
TAP_TAPCELL_ROW_74_771,VSS,Metal1,301.2800,306.2290,0.000029
TAP_TAPCELL_ROW_74_770,VSS,Metal1,262.0800,306.2290,0.000029
TAP_TAPCELL_ROW_74_769,VSS,Metal1,222.8800,306.2290,0.000028
TAP_TAPCELL_ROW_74_768,VSS,Metal1,183.6800,306.2290,0.000026
TAP_TAPCELL_ROW_74_767,VSS,Metal1,144.4800,306.2290,0.000026
TAP_TAPCELL_ROW_74_766,VSS,Metal1,105.2800,306.2290,0.000026
TAP_TAPCELL_ROW_74_765,VSS,Metal1,66.0800,306.2290,0.000026
TAP_TAPCELL_ROW_74_764,VSS,Metal1,26.8800,306.2290,0.000026
TAP_TAPCELL_ROW_73_763,VSS,Metal1,320.8800,305.2905,0.000029
TAP_TAPCELL_ROW_73_762,VSS,Metal1,281.6800,305.2905,0.000029
TAP_TAPCELL_ROW_73_761,VSS,Metal1,242.4800,305.2905,0.000028
TAP_TAPCELL_ROW_73_760,VSS,Metal1,203.2800,305.2905,0.000026
TAP_TAPCELL_ROW_73_759,VSS,Metal1,164.0800,305.2905,0.000026
TAP_TAPCELL_ROW_73_758,VSS,Metal1,124.8800,305.2905,0.000026
TAP_TAPCELL_ROW_73_757,VSS,Metal1,85.6800,305.2905,0.000026
TAP_TAPCELL_ROW_73_756,VSS,Metal1,46.4800,305.2905,0.000026
TAP_TAPCELL_ROW_72_755,VSS,Metal1,301.2800,298.3890,0.000061
TAP_TAPCELL_ROW_72_754,VSS,Metal1,262.0800,298.3890,0.000060
TAP_TAPCELL_ROW_72_753,VSS,Metal1,222.8800,298.3890,0.000046
TAP_TAPCELL_ROW_72_752,VSS,Metal1,183.6800,298.3890,0.000038
TAP_TAPCELL_ROW_72_751,VSS,Metal1,144.4800,298.3890,0.000038
TAP_TAPCELL_ROW_72_750,VSS,Metal1,105.2800,298.3890,0.000038
TAP_TAPCELL_ROW_72_749,VSS,Metal1,66.0800,298.3890,0.000038
TAP_TAPCELL_ROW_72_748,VSS,Metal1,26.8800,298.3890,0.000038
TAP_TAPCELL_ROW_71_747,VSS,Metal1,320.8800,297.4505,0.000061
TAP_TAPCELL_ROW_71_746,VSS,Metal1,281.6800,297.4505,0.000061
TAP_TAPCELL_ROW_71_745,VSS,Metal1,242.4800,297.4505,0.000048
TAP_TAPCELL_ROW_71_744,VSS,Metal1,203.2800,297.4505,0.000040
TAP_TAPCELL_ROW_71_743,VSS,Metal1,164.0800,297.4505,0.000038
TAP_TAPCELL_ROW_71_742,VSS,Metal1,124.8800,297.4505,0.000038
TAP_TAPCELL_ROW_71_741,VSS,Metal1,85.6800,297.4505,0.000038
TAP_TAPCELL_ROW_71_740,VSS,Metal1,46.4800,297.4505,0.000038
TAP_TAPCELL_ROW_70_739,VSS,Metal1,301.2800,290.5490,0.000060
TAP_TAPCELL_ROW_70_738,VSS,Metal1,262.0800,290.5490,0.000059
TAP_TAPCELL_ROW_70_737,VSS,Metal1,222.8800,290.5490,0.000058
TAP_TAPCELL_ROW_70_736,VSS,Metal1,183.6800,290.5490,0.000055
TAP_TAPCELL_ROW_70_735,VSS,Metal1,144.4800,290.5490,0.000053
TAP_TAPCELL_ROW_70_734,VSS,Metal1,105.2800,290.5490,0.000053
TAP_TAPCELL_ROW_70_733,VSS,Metal1,66.0800,290.5490,0.000053
TAP_TAPCELL_ROW_70_732,VSS,Metal1,26.8800,290.5490,0.000053
TAP_TAPCELL_ROW_69_731,VSS,Metal1,320.8800,289.6105,0.000061
TAP_TAPCELL_ROW_69_730,VSS,Metal1,281.6800,289.6105,0.000060
TAP_TAPCELL_ROW_69_729,VSS,Metal1,242.4800,289.6105,0.000059
TAP_TAPCELL_ROW_69_728,VSS,Metal1,203.2800,289.6105,0.000058
TAP_TAPCELL_ROW_69_727,VSS,Metal1,164.0800,289.6105,0.000053
TAP_TAPCELL_ROW_69_726,VSS,Metal1,124.8800,289.6105,0.000053
TAP_TAPCELL_ROW_69_725,VSS,Metal1,85.6800,289.6105,0.000053
TAP_TAPCELL_ROW_69_724,VSS,Metal1,46.4800,289.6105,0.000053
TAP_TAPCELL_ROW_68_723,VSS,Metal1,301.2800,282.7090,0.000048
TAP_TAPCELL_ROW_68_722,VSS,Metal1,262.0800,282.7090,0.000047
TAP_TAPCELL_ROW_68_721,VSS,Metal1,222.8800,282.7090,0.000034
TAP_TAPCELL_ROW_68_720,VSS,Metal1,183.6800,282.7090,0.000032
TAP_TAPCELL_ROW_68_719,VSS,Metal1,144.4800,282.7090,0.000031
TAP_TAPCELL_ROW_68_718,VSS,Metal1,105.2800,282.7090,0.000031
TAP_TAPCELL_ROW_68_717,VSS,Metal1,66.0800,282.7090,0.000030
TAP_TAPCELL_ROW_68_716,VSS,Metal1,26.8800,282.7090,0.000030
TAP_TAPCELL_ROW_67_715,VSS,Metal1,320.8800,281.7705,0.000048
TAP_TAPCELL_ROW_67_714,VSS,Metal1,281.6800,281.7705,0.000048
TAP_TAPCELL_ROW_67_713,VSS,Metal1,242.4800,281.7705,0.000047
TAP_TAPCELL_ROW_67_712,VSS,Metal1,203.2800,281.7705,0.000033
TAP_TAPCELL_ROW_67_711,VSS,Metal1,164.0800,281.7705,0.000031
TAP_TAPCELL_ROW_67_710,VSS,Metal1,124.8800,281.7705,0.000031
TAP_TAPCELL_ROW_67_709,VSS,Metal1,85.6800,281.7705,0.000030
TAP_TAPCELL_ROW_67_708,VSS,Metal1,46.4800,281.7705,0.000030
TAP_TAPCELL_ROW_66_707,VSS,Metal1,301.2800,274.8690,0.000059
TAP_TAPCELL_ROW_66_706,VSS,Metal1,262.0800,274.8690,0.000058
TAP_TAPCELL_ROW_66_705,VSS,Metal1,222.8800,274.8690,0.000056
TAP_TAPCELL_ROW_66_704,VSS,Metal1,183.6800,274.8690,0.000054
TAP_TAPCELL_ROW_66_703,VSS,Metal1,144.4800,274.8690,0.000054
TAP_TAPCELL_ROW_66_702,VSS,Metal1,105.2800,274.8690,0.000053
TAP_TAPCELL_ROW_66_701,VSS,Metal1,66.0800,274.8690,0.000053
TAP_TAPCELL_ROW_66_700,VSS,Metal1,26.8800,274.8690,0.000053
TAP_TAPCELL_ROW_65_699,VSS,Metal1,320.8800,273.9305,0.000059
TAP_TAPCELL_ROW_65_698,VSS,Metal1,281.6800,273.9305,0.000058
TAP_TAPCELL_ROW_65_697,VSS,Metal1,242.4800,273.9305,0.000056
TAP_TAPCELL_ROW_65_696,VSS,Metal1,203.2800,273.9305,0.000054
TAP_TAPCELL_ROW_65_695,VSS,Metal1,164.0800,273.9305,0.000054
TAP_TAPCELL_ROW_65_694,VSS,Metal1,124.8800,273.9305,0.000054
TAP_TAPCELL_ROW_65_693,VSS,Metal1,85.6800,273.9305,0.000053
TAP_TAPCELL_ROW_65_692,VSS,Metal1,46.4800,273.9305,0.000053
TAP_TAPCELL_ROW_64_691,VSS,Metal1,301.2800,267.0290,0.000051
TAP_TAPCELL_ROW_64_690,VSS,Metal1,262.0800,267.0290,0.000050
TAP_TAPCELL_ROW_64_689,VSS,Metal1,222.8800,267.0290,0.000045
TAP_TAPCELL_ROW_64_688,VSS,Metal1,183.6800,267.0290,0.000043
TAP_TAPCELL_ROW_64_687,VSS,Metal1,144.4800,267.0290,0.000042
TAP_TAPCELL_ROW_64_686,VSS,Metal1,105.2800,267.0290,0.000041
TAP_TAPCELL_ROW_64_685,VSS,Metal1,66.0800,267.0290,0.000036
TAP_TAPCELL_ROW_64_684,VSS,Metal1,26.8800,267.0290,0.000036
TAP_TAPCELL_ROW_63_683,VSS,Metal1,320.8800,266.0905,0.000051
TAP_TAPCELL_ROW_63_682,VSS,Metal1,281.6800,266.0905,0.000050
TAP_TAPCELL_ROW_63_681,VSS,Metal1,242.4800,266.0905,0.000049
TAP_TAPCELL_ROW_63_680,VSS,Metal1,203.2800,266.0905,0.000043
TAP_TAPCELL_ROW_63_679,VSS,Metal1,164.0800,266.0905,0.000042
TAP_TAPCELL_ROW_63_678,VSS,Metal1,124.8800,266.0905,0.000041
TAP_TAPCELL_ROW_63_677,VSS,Metal1,85.6800,266.0905,0.000036
TAP_TAPCELL_ROW_63_676,VSS,Metal1,46.4800,266.0905,0.000036
TAP_TAPCELL_ROW_62_675,VSS,Metal1,301.2800,259.1890,0.000047
TAP_TAPCELL_ROW_62_674,VSS,Metal1,262.0800,259.1890,0.000039
TAP_TAPCELL_ROW_62_673,VSS,Metal1,222.8800,259.1890,0.000038
TAP_TAPCELL_ROW_62_672,VSS,Metal1,183.6800,259.1890,0.000031
TAP_TAPCELL_ROW_62_671,VSS,Metal1,144.4800,259.1890,0.000027
TAP_TAPCELL_ROW_62_670,VSS,Metal1,105.2800,259.1890,0.000026
TAP_TAPCELL_ROW_62_669,VSS,Metal1,66.0800,259.1890,0.000025
TAP_TAPCELL_ROW_62_668,VSS,Metal1,26.8800,259.1890,0.000025
TAP_TAPCELL_ROW_61_667,VSS,Metal1,320.8800,258.2505,0.000048
TAP_TAPCELL_ROW_61_666,VSS,Metal1,281.6800,258.2505,0.000047
TAP_TAPCELL_ROW_61_665,VSS,Metal1,242.4800,258.2505,0.000039
TAP_TAPCELL_ROW_61_664,VSS,Metal1,203.2800,258.2505,0.000032
TAP_TAPCELL_ROW_61_663,VSS,Metal1,164.0800,258.2505,0.000028
TAP_TAPCELL_ROW_61_662,VSS,Metal1,124.8800,258.2505,0.000027
TAP_TAPCELL_ROW_61_661,VSS,Metal1,85.6800,258.2505,0.000025
TAP_TAPCELL_ROW_61_660,VSS,Metal1,46.4800,258.2505,0.000025
TAP_TAPCELL_ROW_60_659,VSS,Metal1,301.2800,251.3490,0.000025
TAP_TAPCELL_ROW_60_658,VSS,Metal1,262.0800,251.3490,0.000025
TAP_TAPCELL_ROW_60_657,VSS,Metal1,222.8800,251.3490,0.000023
TAP_TAPCELL_ROW_60_656,VSS,Metal1,183.6800,251.3490,0.000020
TAP_TAPCELL_ROW_60_655,VSS,Metal1,144.4800,251.3490,0.000019
TAP_TAPCELL_ROW_60_654,VSS,Metal1,105.2800,251.3490,0.000018
TAP_TAPCELL_ROW_60_653,VSS,Metal1,66.0800,251.3490,0.000018
TAP_TAPCELL_ROW_60_652,VSS,Metal1,26.8800,251.3490,0.000018
TAP_TAPCELL_ROW_59_651,VSS,Metal1,320.8800,250.4105,0.000026
TAP_TAPCELL_ROW_59_650,VSS,Metal1,281.6800,250.4105,0.000025
TAP_TAPCELL_ROW_59_649,VSS,Metal1,242.4800,250.4105,0.000023
TAP_TAPCELL_ROW_59_648,VSS,Metal1,203.2800,250.4105,0.000021
TAP_TAPCELL_ROW_59_647,VSS,Metal1,164.0800,250.4105,0.000019
TAP_TAPCELL_ROW_59_646,VSS,Metal1,124.8800,250.4105,0.000019
TAP_TAPCELL_ROW_59_645,VSS,Metal1,85.6800,250.4105,0.000018
TAP_TAPCELL_ROW_59_644,VSS,Metal1,46.4800,250.4105,0.000018
TAP_TAPCELL_ROW_58_643,VSS,Metal1,301.2800,243.5090,0.000005
TAP_TAPCELL_ROW_58_642,VSS,Metal1,262.0800,243.5090,0.000004
TAP_TAPCELL_ROW_58_641,VSS,Metal1,222.8800,243.5090,0.000004
TAP_TAPCELL_ROW_58_640,VSS,Metal1,183.6800,243.5090,0.000004
TAP_TAPCELL_ROW_58_639,VSS,Metal1,144.4800,243.5090,0.000004
TAP_TAPCELL_ROW_58_638,VSS,Metal1,105.2800,243.5090,0.000004
TAP_TAPCELL_ROW_58_637,VSS,Metal1,66.0800,243.5090,0.000004
TAP_TAPCELL_ROW_58_636,VSS,Metal1,26.8800,243.5090,0.000003
TAP_TAPCELL_ROW_57_635,VSS,Metal1,320.8800,242.5705,0.000005
TAP_TAPCELL_ROW_57_634,VSS,Metal1,281.6800,242.5705,0.000004
TAP_TAPCELL_ROW_57_633,VSS,Metal1,242.4800,242.5705,0.000004
TAP_TAPCELL_ROW_57_632,VSS,Metal1,203.2800,242.5705,0.000004
TAP_TAPCELL_ROW_57_631,VSS,Metal1,164.0800,242.5705,0.000004
TAP_TAPCELL_ROW_57_630,VSS,Metal1,124.8800,242.5705,0.000004
TAP_TAPCELL_ROW_57_629,VSS,Metal1,85.6800,242.5705,0.000004
TAP_TAPCELL_ROW_57_628,VSS,Metal1,46.4800,242.5705,0.000004
TAP_TAPCELL_ROW_56_627,VSS,Metal1,301.2800,235.6690,0.000015
TAP_TAPCELL_ROW_56_626,VSS,Metal1,262.0800,235.6690,0.000015
TAP_TAPCELL_ROW_56_625,VSS,Metal1,222.8800,235.6690,0.000014
TAP_TAPCELL_ROW_56_624,VSS,Metal1,183.6800,235.6690,0.000011
TAP_TAPCELL_ROW_56_623,VSS,Metal1,144.4800,235.6690,0.000011
TAP_TAPCELL_ROW_56_622,VSS,Metal1,105.2800,235.6690,0.000010
TAP_TAPCELL_ROW_56_621,VSS,Metal1,66.0800,235.6690,0.000009
TAP_TAPCELL_ROW_56_620,VSS,Metal1,26.8800,235.6690,0.000009
TAP_TAPCELL_ROW_55_619,VSS,Metal1,320.8800,234.7305,0.000016
TAP_TAPCELL_ROW_55_618,VSS,Metal1,281.6800,234.7305,0.000015
TAP_TAPCELL_ROW_55_617,VSS,Metal1,242.4800,234.7305,0.000015
TAP_TAPCELL_ROW_55_616,VSS,Metal1,203.2800,234.7305,0.000012
TAP_TAPCELL_ROW_55_615,VSS,Metal1,164.0800,234.7305,0.000011
TAP_TAPCELL_ROW_55_614,VSS,Metal1,124.8800,234.7305,0.000010
TAP_TAPCELL_ROW_55_613,VSS,Metal1,85.6800,234.7305,0.000009
TAP_TAPCELL_ROW_55_612,VSS,Metal1,46.4800,234.7305,0.000009
TAP_TAPCELL_ROW_54_611,VSS,Metal1,301.2800,227.8290,0.000005
TAP_TAPCELL_ROW_54_610,VSS,Metal1,262.0800,227.8290,0.000005
TAP_TAPCELL_ROW_54_609,VSS,Metal1,222.8800,227.8290,0.000005
TAP_TAPCELL_ROW_54_608,VSS,Metal1,183.6800,227.8290,0.000005
TAP_TAPCELL_ROW_54_607,VSS,Metal1,144.4800,227.8290,0.000005
TAP_TAPCELL_ROW_54_606,VSS,Metal1,105.2800,227.8290,0.000005
TAP_TAPCELL_ROW_54_605,VSS,Metal1,66.0800,227.8290,0.000005
TAP_TAPCELL_ROW_54_604,VSS,Metal1,26.8800,227.8290,0.000005
TAP_TAPCELL_ROW_53_603,VSS,Metal1,320.8800,226.8905,0.000005
TAP_TAPCELL_ROW_53_602,VSS,Metal1,281.6800,226.8905,0.000005
TAP_TAPCELL_ROW_53_601,VSS,Metal1,242.4800,226.8905,0.000005
TAP_TAPCELL_ROW_53_600,VSS,Metal1,203.2800,226.8905,0.000005
TAP_TAPCELL_ROW_53_599,VSS,Metal1,164.0800,226.8905,0.000005
TAP_TAPCELL_ROW_53_598,VSS,Metal1,124.8800,226.8905,0.000005
TAP_TAPCELL_ROW_53_597,VSS,Metal1,85.6800,226.8905,0.000005
TAP_TAPCELL_ROW_53_596,VSS,Metal1,46.4800,226.8905,0.000005
TAP_TAPCELL_ROW_52_595,VSS,Metal1,301.2800,219.9890,0.000002
TAP_TAPCELL_ROW_52_594,VSS,Metal1,262.0800,219.9890,0.000002
TAP_TAPCELL_ROW_52_593,VSS,Metal1,222.8800,219.9890,0.000002
TAP_TAPCELL_ROW_52_592,VSS,Metal1,183.6800,219.9890,0.000002
TAP_TAPCELL_ROW_52_591,VSS,Metal1,144.4800,219.9890,0.000002
TAP_TAPCELL_ROW_52_590,VSS,Metal1,105.2800,219.9890,0.000002
TAP_TAPCELL_ROW_52_589,VSS,Metal1,66.0800,219.9890,0.000002
TAP_TAPCELL_ROW_52_588,VSS,Metal1,26.8800,219.9890,0.000002
TAP_TAPCELL_ROW_51_587,VSS,Metal1,320.8800,219.0505,0.000002
TAP_TAPCELL_ROW_51_586,VSS,Metal1,281.6800,219.0505,0.000002
TAP_TAPCELL_ROW_51_585,VSS,Metal1,242.4800,219.0505,0.000002
TAP_TAPCELL_ROW_51_584,VSS,Metal1,203.2800,219.0505,0.000002
TAP_TAPCELL_ROW_51_583,VSS,Metal1,164.0800,219.0505,0.000002
TAP_TAPCELL_ROW_51_582,VSS,Metal1,124.8800,219.0505,0.000002
TAP_TAPCELL_ROW_51_581,VSS,Metal1,85.6800,219.0505,0.000002
TAP_TAPCELL_ROW_51_580,VSS,Metal1,46.4800,219.0505,0.000002
TAP_TAPCELL_ROW_50_579,VSS,Metal1,301.2800,212.1490,0.000003
TAP_TAPCELL_ROW_50_578,VSS,Metal1,262.0800,212.1490,0.000003
TAP_TAPCELL_ROW_50_577,VSS,Metal1,222.8800,212.1490,0.000003
TAP_TAPCELL_ROW_50_576,VSS,Metal1,183.6800,212.1490,0.000003
TAP_TAPCELL_ROW_50_575,VSS,Metal1,144.4800,212.1490,0.000003
TAP_TAPCELL_ROW_50_574,VSS,Metal1,105.2800,212.1490,0.000003
TAP_TAPCELL_ROW_50_573,VSS,Metal1,66.0800,212.1490,0.000003
TAP_TAPCELL_ROW_50_572,VSS,Metal1,26.8800,212.1490,0.000003
TAP_TAPCELL_ROW_49_571,VSS,Metal1,320.8800,211.2105,0.000003
TAP_TAPCELL_ROW_49_570,VSS,Metal1,281.6800,211.2105,0.000003
TAP_TAPCELL_ROW_49_569,VSS,Metal1,242.4800,211.2105,0.000003
TAP_TAPCELL_ROW_49_568,VSS,Metal1,203.2800,211.2105,0.000003
TAP_TAPCELL_ROW_49_567,VSS,Metal1,164.0800,211.2105,0.000003
TAP_TAPCELL_ROW_49_566,VSS,Metal1,124.8800,211.2105,0.000003
TAP_TAPCELL_ROW_49_565,VSS,Metal1,85.6800,211.2105,0.000003
TAP_TAPCELL_ROW_49_564,VSS,Metal1,46.4800,211.2105,0.000003
TAP_TAPCELL_ROW_48_563,VSS,Metal1,301.2800,204.3090,0.000006
TAP_TAPCELL_ROW_48_562,VSS,Metal1,262.0800,204.3090,0.000005
TAP_TAPCELL_ROW_48_561,VSS,Metal1,222.8800,204.3090,0.000005
TAP_TAPCELL_ROW_48_560,VSS,Metal1,183.6800,204.3090,0.000005
TAP_TAPCELL_ROW_48_559,VSS,Metal1,144.4800,204.3090,0.000004
TAP_TAPCELL_ROW_48_558,VSS,Metal1,105.2800,204.3090,0.000004
TAP_TAPCELL_ROW_48_557,VSS,Metal1,66.0800,204.3090,0.000004
TAP_TAPCELL_ROW_48_556,VSS,Metal1,26.8800,204.3090,0.000004
TAP_TAPCELL_ROW_47_555,VSS,Metal1,320.8800,203.3705,0.000006
TAP_TAPCELL_ROW_47_554,VSS,Metal1,281.6800,203.3705,0.000005
TAP_TAPCELL_ROW_47_553,VSS,Metal1,242.4800,203.3705,0.000005
TAP_TAPCELL_ROW_47_552,VSS,Metal1,203.2800,203.3705,0.000005
TAP_TAPCELL_ROW_47_551,VSS,Metal1,164.0800,203.3705,0.000004
TAP_TAPCELL_ROW_47_550,VSS,Metal1,124.8800,203.3705,0.000004
TAP_TAPCELL_ROW_47_549,VSS,Metal1,85.6800,203.3705,0.000004
TAP_TAPCELL_ROW_47_548,VSS,Metal1,46.4800,203.3705,0.000004
TAP_TAPCELL_ROW_46_547,VSS,Metal1,301.2800,196.4690,0.000046
TAP_TAPCELL_ROW_46_546,VSS,Metal1,262.0800,196.4690,0.000045
TAP_TAPCELL_ROW_46_545,VSS,Metal1,222.8800,196.4690,0.000045
TAP_TAPCELL_ROW_46_544,VSS,Metal1,183.6800,196.4690,0.000042
TAP_TAPCELL_ROW_46_543,VSS,Metal1,144.4800,196.4690,0.000041
TAP_TAPCELL_ROW_46_542,VSS,Metal1,105.2800,196.4690,0.000035
TAP_TAPCELL_ROW_46_541,VSS,Metal1,66.0800,196.4690,0.000034
TAP_TAPCELL_ROW_46_540,VSS,Metal1,26.8800,196.4690,0.000033
TAP_TAPCELL_ROW_45_539,VSS,Metal1,320.8800,195.5305,0.000046
TAP_TAPCELL_ROW_45_538,VSS,Metal1,281.6800,195.5305,0.000046
TAP_TAPCELL_ROW_45_537,VSS,Metal1,242.4800,195.5305,0.000045
TAP_TAPCELL_ROW_45_536,VSS,Metal1,203.2800,195.5305,0.000043
TAP_TAPCELL_ROW_45_535,VSS,Metal1,164.0800,195.5305,0.000042
TAP_TAPCELL_ROW_45_534,VSS,Metal1,124.8800,195.5305,0.000038
TAP_TAPCELL_ROW_45_533,VSS,Metal1,85.6800,195.5305,0.000035
TAP_TAPCELL_ROW_45_532,VSS,Metal1,46.4800,195.5305,0.000034
TAP_TAPCELL_ROW_44_531,VSS,Metal1,301.2800,188.6290,0.000061
TAP_TAPCELL_ROW_44_530,VSS,Metal1,262.0800,188.6290,0.000060
TAP_TAPCELL_ROW_44_529,VSS,Metal1,222.8800,188.6290,0.000054
TAP_TAPCELL_ROW_44_528,VSS,Metal1,183.6800,188.6290,0.000053
TAP_TAPCELL_ROW_44_527,VSS,Metal1,144.4800,188.6290,0.000053
TAP_TAPCELL_ROW_44_526,VSS,Metal1,105.2800,188.6290,0.000052
TAP_TAPCELL_ROW_44_525,VSS,Metal1,66.0800,188.6290,0.000033
TAP_TAPCELL_ROW_44_524,VSS,Metal1,26.8800,188.6290,0.000032
TAP_TAPCELL_ROW_43_523,VSS,Metal1,320.8800,187.6905,0.000061
TAP_TAPCELL_ROW_43_522,VSS,Metal1,281.6800,187.6905,0.000060
TAP_TAPCELL_ROW_43_521,VSS,Metal1,242.4800,187.6905,0.000059
TAP_TAPCELL_ROW_43_520,VSS,Metal1,203.2800,187.6905,0.000054
TAP_TAPCELL_ROW_43_519,VSS,Metal1,164.0800,187.6905,0.000053
TAP_TAPCELL_ROW_43_518,VSS,Metal1,124.8800,187.6905,0.000053
TAP_TAPCELL_ROW_43_517,VSS,Metal1,85.6800,187.6905,0.000052
TAP_TAPCELL_ROW_43_516,VSS,Metal1,46.4800,187.6905,0.000033
TAP_TAPCELL_ROW_42_515,VSS,Metal1,301.2800,180.7890,0.000011
TAP_TAPCELL_ROW_42_514,VSS,Metal1,262.0800,180.7890,0.000011
TAP_TAPCELL_ROW_42_513,VSS,Metal1,222.8800,180.7890,0.000010
TAP_TAPCELL_ROW_42_512,VSS,Metal1,183.6800,180.7890,0.000010
TAP_TAPCELL_ROW_42_511,VSS,Metal1,144.4800,180.7890,0.000008
TAP_TAPCELL_ROW_42_510,VSS,Metal1,105.2800,180.7890,0.000008
TAP_TAPCELL_ROW_42_509,VSS,Metal1,66.0800,180.7890,0.000008
TAP_TAPCELL_ROW_42_508,VSS,Metal1,26.8800,180.7890,0.000005
TAP_TAPCELL_ROW_41_507,VSS,Metal1,320.8800,179.8505,0.000011
TAP_TAPCELL_ROW_41_506,VSS,Metal1,281.6800,179.8505,0.000011
TAP_TAPCELL_ROW_41_505,VSS,Metal1,242.4800,179.8505,0.000011
TAP_TAPCELL_ROW_41_504,VSS,Metal1,203.2800,179.8505,0.000010
TAP_TAPCELL_ROW_41_503,VSS,Metal1,164.0800,179.8505,0.000008
TAP_TAPCELL_ROW_41_502,VSS,Metal1,124.8800,179.8505,0.000008
TAP_TAPCELL_ROW_41_501,VSS,Metal1,85.6800,179.8505,0.000008
TAP_TAPCELL_ROW_41_500,VSS,Metal1,46.4800,179.8505,0.000005
TAP_TAPCELL_ROW_40_499,VSS,Metal1,301.2800,172.9490,0.000041
TAP_TAPCELL_ROW_40_498,VSS,Metal1,262.0800,172.9490,0.000038
TAP_TAPCELL_ROW_40_497,VSS,Metal1,222.8800,172.9490,0.000032
TAP_TAPCELL_ROW_40_496,VSS,Metal1,183.6800,172.9490,0.000030
TAP_TAPCELL_ROW_40_495,VSS,Metal1,144.4800,172.9490,0.000028
TAP_TAPCELL_ROW_40_494,VSS,Metal1,105.2800,172.9490,0.000027
TAP_TAPCELL_ROW_40_493,VSS,Metal1,66.0800,172.9490,0.000025
TAP_TAPCELL_ROW_40_492,VSS,Metal1,26.8800,172.9490,0.000025
TAP_TAPCELL_ROW_39_491,VSS,Metal1,320.8800,172.0105,0.000041
TAP_TAPCELL_ROW_39_490,VSS,Metal1,281.6800,172.0105,0.000040
TAP_TAPCELL_ROW_39_489,VSS,Metal1,242.4800,172.0105,0.000038
TAP_TAPCELL_ROW_39_488,VSS,Metal1,203.2800,172.0105,0.000031
TAP_TAPCELL_ROW_39_487,VSS,Metal1,164.0800,172.0105,0.000029
TAP_TAPCELL_ROW_39_486,VSS,Metal1,124.8800,172.0105,0.000028
TAP_TAPCELL_ROW_39_485,VSS,Metal1,85.6800,172.0105,0.000026
TAP_TAPCELL_ROW_39_484,VSS,Metal1,46.4800,172.0105,0.000025
TAP_TAPCELL_ROW_38_483,VSS,Metal1,301.2800,165.1090,0.000022
TAP_TAPCELL_ROW_38_482,VSS,Metal1,262.0800,165.1090,0.000021
TAP_TAPCELL_ROW_38_481,VSS,Metal1,222.8800,165.1090,0.000020
TAP_TAPCELL_ROW_38_480,VSS,Metal1,183.6800,165.1090,0.000019
TAP_TAPCELL_ROW_38_479,VSS,Metal1,144.4800,165.1090,0.000019
TAP_TAPCELL_ROW_38_478,VSS,Metal1,105.2800,165.1090,0.000018
TAP_TAPCELL_ROW_38_477,VSS,Metal1,66.0800,165.1090,0.000018
TAP_TAPCELL_ROW_38_476,VSS,Metal1,26.8800,165.1090,0.000017
TAP_TAPCELL_ROW_37_475,VSS,Metal1,320.8800,164.1705,0.000022
TAP_TAPCELL_ROW_37_474,VSS,Metal1,281.6800,164.1705,0.000022
TAP_TAPCELL_ROW_37_473,VSS,Metal1,242.4800,164.1705,0.000021
TAP_TAPCELL_ROW_37_472,VSS,Metal1,203.2800,164.1705,0.000020
TAP_TAPCELL_ROW_37_471,VSS,Metal1,164.0800,164.1705,0.000019
TAP_TAPCELL_ROW_37_470,VSS,Metal1,124.8800,164.1705,0.000019
TAP_TAPCELL_ROW_37_469,VSS,Metal1,85.6800,164.1705,0.000018
TAP_TAPCELL_ROW_37_468,VSS,Metal1,46.4800,164.1705,0.000018
TAP_TAPCELL_ROW_36_467,VSS,Metal1,301.2800,157.2690,0.000050
TAP_TAPCELL_ROW_36_466,VSS,Metal1,262.0800,157.2690,0.000050
TAP_TAPCELL_ROW_36_465,VSS,Metal1,222.8800,157.2690,0.000049
TAP_TAPCELL_ROW_36_464,VSS,Metal1,183.6800,157.2690,0.000042
TAP_TAPCELL_ROW_36_463,VSS,Metal1,144.4800,157.2690,0.000040
TAP_TAPCELL_ROW_36_462,VSS,Metal1,105.2800,157.2690,0.000039
TAP_TAPCELL_ROW_36_461,VSS,Metal1,66.0800,157.2690,0.000039
TAP_TAPCELL_ROW_36_460,VSS,Metal1,26.8800,157.2690,0.000035
TAP_TAPCELL_ROW_35_459,VSS,Metal1,320.8800,156.3305,0.000050
TAP_TAPCELL_ROW_35_458,VSS,Metal1,281.6800,156.3305,0.000050
TAP_TAPCELL_ROW_35_457,VSS,Metal1,242.4800,156.3305,0.000050
TAP_TAPCELL_ROW_35_456,VSS,Metal1,203.2800,156.3305,0.000046
TAP_TAPCELL_ROW_35_455,VSS,Metal1,164.0800,156.3305,0.000041
TAP_TAPCELL_ROW_35_454,VSS,Metal1,124.8800,156.3305,0.000039
TAP_TAPCELL_ROW_35_453,VSS,Metal1,85.6800,156.3305,0.000039
TAP_TAPCELL_ROW_35_452,VSS,Metal1,46.4800,156.3305,0.000036
TAP_TAPCELL_ROW_34_451,VSS,Metal1,301.2800,149.4290,0.000081
TAP_TAPCELL_ROW_34_450,VSS,Metal1,262.0800,149.4290,0.000081
TAP_TAPCELL_ROW_34_449,VSS,Metal1,222.8800,149.4290,0.000079
TAP_TAPCELL_ROW_34_448,VSS,Metal1,183.6800,149.4290,0.000077
TAP_TAPCELL_ROW_34_447,VSS,Metal1,144.4800,149.4290,0.000079
TAP_TAPCELL_ROW_34_446,VSS,Metal1,105.2800,149.4290,0.000080
TAP_TAPCELL_ROW_34_445,VSS,Metal1,66.0800,149.4290,0.000075
TAP_TAPCELL_ROW_34_444,VSS,Metal1,26.8800,149.4290,0.000071
TAP_TAPCELL_ROW_33_443,VSS,Metal1,320.8800,148.4905,0.000081
TAP_TAPCELL_ROW_33_442,VSS,Metal1,281.6800,148.4905,0.000081
TAP_TAPCELL_ROW_33_441,VSS,Metal1,242.4800,148.4905,0.000079
TAP_TAPCELL_ROW_33_440,VSS,Metal1,203.2800,148.4905,0.000079
TAP_TAPCELL_ROW_33_439,VSS,Metal1,164.0800,148.4905,0.000077
TAP_TAPCELL_ROW_33_438,VSS,Metal1,124.8800,148.4905,0.000079
TAP_TAPCELL_ROW_33_437,VSS,Metal1,85.6800,148.4905,0.000080
TAP_TAPCELL_ROW_33_436,VSS,Metal1,46.4800,148.4905,0.000074
TAP_TAPCELL_ROW_32_435,VSS,Metal1,301.2800,141.5890,0.000087
TAP_TAPCELL_ROW_32_434,VSS,Metal1,262.0800,141.5890,0.000084
TAP_TAPCELL_ROW_32_433,VSS,Metal1,222.8800,141.5890,0.000079
TAP_TAPCELL_ROW_32_432,VSS,Metal1,183.6800,141.5890,0.000077
TAP_TAPCELL_ROW_32_431,VSS,Metal1,144.4800,141.5890,0.000074
TAP_TAPCELL_ROW_32_430,VSS,Metal1,105.2800,141.5890,0.000072
TAP_TAPCELL_ROW_32_429,VSS,Metal1,66.0800,141.5890,0.000067
TAP_TAPCELL_ROW_32_428,VSS,Metal1,26.8800,141.5890,0.000064
TAP_TAPCELL_ROW_31_427,VSS,Metal1,320.8800,140.6505,0.000087
TAP_TAPCELL_ROW_31_426,VSS,Metal1,281.6800,140.6505,0.000087
TAP_TAPCELL_ROW_31_425,VSS,Metal1,242.4800,140.6505,0.000084
TAP_TAPCELL_ROW_31_424,VSS,Metal1,203.2800,140.6505,0.000078
TAP_TAPCELL_ROW_31_423,VSS,Metal1,164.0800,140.6505,0.000076
TAP_TAPCELL_ROW_31_422,VSS,Metal1,124.8800,140.6505,0.000072
TAP_TAPCELL_ROW_31_421,VSS,Metal1,85.6800,140.6505,0.000070
TAP_TAPCELL_ROW_31_420,VSS,Metal1,46.4800,140.6505,0.000065
TAP_TAPCELL_ROW_30_419,VSS,Metal1,301.2800,133.7490,0.000083
TAP_TAPCELL_ROW_30_418,VSS,Metal1,262.0800,133.7490,0.000081
TAP_TAPCELL_ROW_30_417,VSS,Metal1,222.8800,133.7490,0.000080
TAP_TAPCELL_ROW_30_416,VSS,Metal1,183.6800,133.7490,0.000075
TAP_TAPCELL_ROW_30_415,VSS,Metal1,144.4800,133.7490,0.000075
TAP_TAPCELL_ROW_30_414,VSS,Metal1,105.2800,133.7490,0.000075
TAP_TAPCELL_ROW_30_413,VSS,Metal1,66.0800,133.7490,0.000075
TAP_TAPCELL_ROW_30_412,VSS,Metal1,26.8800,133.7490,0.000074
TAP_TAPCELL_ROW_29_411,VSS,Metal1,320.8800,132.8105,0.000083
TAP_TAPCELL_ROW_29_410,VSS,Metal1,281.6800,132.8105,0.000081
TAP_TAPCELL_ROW_29_409,VSS,Metal1,242.4800,132.8105,0.000080
TAP_TAPCELL_ROW_29_408,VSS,Metal1,203.2800,132.8105,0.000077
TAP_TAPCELL_ROW_29_407,VSS,Metal1,164.0800,132.8105,0.000075
TAP_TAPCELL_ROW_29_406,VSS,Metal1,124.8800,132.8105,0.000075
TAP_TAPCELL_ROW_29_405,VSS,Metal1,85.6800,132.8105,0.000075
TAP_TAPCELL_ROW_29_404,VSS,Metal1,46.4800,132.8105,0.000074
TAP_TAPCELL_ROW_28_403,VSS,Metal1,301.2800,125.9090,0.000057
TAP_TAPCELL_ROW_28_402,VSS,Metal1,262.0800,125.9090,0.000057
TAP_TAPCELL_ROW_28_401,VSS,Metal1,222.8800,125.9090,0.000054
TAP_TAPCELL_ROW_28_400,VSS,Metal1,183.6800,125.9090,0.000053
TAP_TAPCELL_ROW_28_399,VSS,Metal1,144.4800,125.9090,0.000053
TAP_TAPCELL_ROW_28_398,VSS,Metal1,105.2800,125.9090,0.000054
TAP_TAPCELL_ROW_28_397,VSS,Metal1,66.0800,125.9090,0.000051
TAP_TAPCELL_ROW_28_396,VSS,Metal1,26.8800,125.9090,0.000049
TAP_TAPCELL_ROW_27_395,VSS,Metal1,320.8800,124.9705,0.000058
TAP_TAPCELL_ROW_27_394,VSS,Metal1,281.6800,124.9705,0.000057
TAP_TAPCELL_ROW_27_393,VSS,Metal1,242.4800,124.9705,0.000056
TAP_TAPCELL_ROW_27_392,VSS,Metal1,203.2800,124.9705,0.000053
TAP_TAPCELL_ROW_27_391,VSS,Metal1,164.0800,124.9705,0.000052
TAP_TAPCELL_ROW_27_390,VSS,Metal1,124.8800,124.9705,0.000056
TAP_TAPCELL_ROW_27_389,VSS,Metal1,85.6800,124.9705,0.000052
TAP_TAPCELL_ROW_27_388,VSS,Metal1,46.4800,124.9705,0.000050
TAP_TAPCELL_ROW_26_387,VSS,Metal1,301.2800,118.0690,0.000103
TAP_TAPCELL_ROW_26_386,VSS,Metal1,262.0800,118.0690,0.000101
TAP_TAPCELL_ROW_26_385,VSS,Metal1,222.8800,118.0690,0.000099
TAP_TAPCELL_ROW_26_384,VSS,Metal1,183.6800,118.0690,0.000096
TAP_TAPCELL_ROW_26_383,VSS,Metal1,144.4800,118.0690,0.000097
TAP_TAPCELL_ROW_26_382,VSS,Metal1,105.2800,118.0690,0.000096
TAP_TAPCELL_ROW_26_381,VSS,Metal1,66.0800,118.0690,0.000089
TAP_TAPCELL_ROW_26_380,VSS,Metal1,26.8800,118.0690,0.000087
TAP_TAPCELL_ROW_25_379,VSS,Metal1,320.8800,117.1305,0.000103
TAP_TAPCELL_ROW_25_378,VSS,Metal1,281.6800,117.1305,0.000101
TAP_TAPCELL_ROW_25_377,VSS,Metal1,242.4800,117.1305,0.000100
TAP_TAPCELL_ROW_25_376,VSS,Metal1,203.2800,117.1305,0.000097
TAP_TAPCELL_ROW_25_375,VSS,Metal1,164.0800,117.1305,0.000097
TAP_TAPCELL_ROW_25_374,VSS,Metal1,124.8800,117.1305,0.000097
TAP_TAPCELL_ROW_25_373,VSS,Metal1,85.6800,117.1305,0.000090
TAP_TAPCELL_ROW_25_372,VSS,Metal1,46.4800,117.1305,0.000088
TAP_TAPCELL_ROW_24_371,VSS,Metal1,301.2800,110.2290,0.000052
TAP_TAPCELL_ROW_24_370,VSS,Metal1,262.0800,110.2290,0.000052
TAP_TAPCELL_ROW_24_369,VSS,Metal1,222.8800,110.2290,0.000052
TAP_TAPCELL_ROW_24_368,VSS,Metal1,183.6800,110.2290,0.000050
TAP_TAPCELL_ROW_24_367,VSS,Metal1,144.4800,110.2290,0.000051
TAP_TAPCELL_ROW_24_366,VSS,Metal1,105.2800,110.2290,0.000051
TAP_TAPCELL_ROW_24_365,VSS,Metal1,66.0800,110.2290,0.000051
TAP_TAPCELL_ROW_24_364,VSS,Metal1,26.8800,110.2290,0.000050
TAP_TAPCELL_ROW_23_363,VSS,Metal1,320.8800,109.2905,0.000053
TAP_TAPCELL_ROW_23_362,VSS,Metal1,281.6800,109.2905,0.000052
TAP_TAPCELL_ROW_23_361,VSS,Metal1,242.4800,109.2905,0.000052
TAP_TAPCELL_ROW_23_360,VSS,Metal1,203.2800,109.2905,0.000051
TAP_TAPCELL_ROW_23_359,VSS,Metal1,164.0800,109.2905,0.000050
TAP_TAPCELL_ROW_23_358,VSS,Metal1,124.8800,109.2905,0.000051
TAP_TAPCELL_ROW_23_357,VSS,Metal1,85.6800,109.2905,0.000051
TAP_TAPCELL_ROW_23_356,VSS,Metal1,46.4800,109.2905,0.000051
TAP_TAPCELL_ROW_22_355,VSS,Metal1,301.2800,102.3890,0.000037
TAP_TAPCELL_ROW_22_354,VSS,Metal1,262.0800,102.3890,0.000036
TAP_TAPCELL_ROW_22_353,VSS,Metal1,222.8800,102.3890,0.000035
TAP_TAPCELL_ROW_22_352,VSS,Metal1,183.6800,102.3890,0.000031
TAP_TAPCELL_ROW_22_351,VSS,Metal1,144.4800,102.3890,0.000032
TAP_TAPCELL_ROW_22_350,VSS,Metal1,105.2800,102.3890,0.000032
TAP_TAPCELL_ROW_22_349,VSS,Metal1,66.0800,102.3890,0.000032
TAP_TAPCELL_ROW_22_348,VSS,Metal1,26.8800,102.3890,0.000031
TAP_TAPCELL_ROW_21_347,VSS,Metal1,320.8800,101.4505,0.000037
TAP_TAPCELL_ROW_21_346,VSS,Metal1,281.6800,101.4505,0.000036
TAP_TAPCELL_ROW_21_345,VSS,Metal1,242.4800,101.4505,0.000035
TAP_TAPCELL_ROW_21_344,VSS,Metal1,203.2800,101.4505,0.000032
TAP_TAPCELL_ROW_21_343,VSS,Metal1,164.0800,101.4505,0.000032
TAP_TAPCELL_ROW_21_342,VSS,Metal1,124.8800,101.4505,0.000032
TAP_TAPCELL_ROW_21_341,VSS,Metal1,85.6800,101.4505,0.000032
TAP_TAPCELL_ROW_21_340,VSS,Metal1,46.4800,101.4505,0.000032
TAP_TAPCELL_ROW_20_339,VSS,Metal1,301.2800,94.5490,0.000058
TAP_TAPCELL_ROW_20_338,VSS,Metal1,262.0800,94.5490,0.000056
TAP_TAPCELL_ROW_20_337,VSS,Metal1,222.8800,94.5490,0.000053
TAP_TAPCELL_ROW_20_336,VSS,Metal1,183.6800,94.5490,0.000051
TAP_TAPCELL_ROW_20_335,VSS,Metal1,144.4800,94.5490,0.000051
TAP_TAPCELL_ROW_20_334,VSS,Metal1,105.2800,94.5490,0.000050
TAP_TAPCELL_ROW_20_333,VSS,Metal1,66.0800,94.5490,0.000050
TAP_TAPCELL_ROW_20_332,VSS,Metal1,26.8800,94.5490,0.000048
TAP_TAPCELL_ROW_19_331,VSS,Metal1,320.8800,93.6105,0.000058
TAP_TAPCELL_ROW_19_330,VSS,Metal1,281.6800,93.6105,0.000058
TAP_TAPCELL_ROW_19_329,VSS,Metal1,242.4800,93.6105,0.000055
TAP_TAPCELL_ROW_19_328,VSS,Metal1,203.2800,93.6105,0.000052
TAP_TAPCELL_ROW_19_327,VSS,Metal1,164.0800,93.6105,0.000051
TAP_TAPCELL_ROW_19_326,VSS,Metal1,124.8800,93.6105,0.000051
TAP_TAPCELL_ROW_19_325,VSS,Metal1,85.6800,93.6105,0.000050
TAP_TAPCELL_ROW_19_324,VSS,Metal1,46.4800,93.6105,0.000049
TAP_TAPCELL_ROW_18_323,VSS,Metal1,301.2800,86.7090,0.000116
TAP_TAPCELL_ROW_18_322,VSS,Metal1,262.0800,86.7090,0.000111
TAP_TAPCELL_ROW_18_321,VSS,Metal1,222.8800,86.7090,0.000109
TAP_TAPCELL_ROW_18_320,VSS,Metal1,183.6800,86.7090,0.000098
TAP_TAPCELL_ROW_18_319,VSS,Metal1,144.4800,86.7090,0.000094
TAP_TAPCELL_ROW_18_318,VSS,Metal1,105.2800,86.7090,0.000091
TAP_TAPCELL_ROW_18_317,VSS,Metal1,66.0800,86.7090,0.000088
TAP_TAPCELL_ROW_18_316,VSS,Metal1,26.8800,86.7090,0.000083
TAP_TAPCELL_ROW_17_315,VSS,Metal1,320.8800,85.7705,0.000117
TAP_TAPCELL_ROW_17_314,VSS,Metal1,281.6800,85.7705,0.000114
TAP_TAPCELL_ROW_17_313,VSS,Metal1,242.4800,85.7705,0.000111
TAP_TAPCELL_ROW_17_312,VSS,Metal1,203.2800,85.7705,0.000105
TAP_TAPCELL_ROW_17_311,VSS,Metal1,164.0800,85.7705,0.000098
TAP_TAPCELL_ROW_17_310,VSS,Metal1,124.8800,85.7705,0.000094
TAP_TAPCELL_ROW_17_309,VSS,Metal1,85.6800,85.7705,0.000090
TAP_TAPCELL_ROW_17_308,VSS,Metal1,46.4800,85.7705,0.000084
TAP_TAPCELL_ROW_16_307,VSS,Metal1,301.2800,78.8690,0.000086
TAP_TAPCELL_ROW_16_306,VSS,Metal1,262.0800,78.8690,0.000086
TAP_TAPCELL_ROW_16_305,VSS,Metal1,222.8800,78.8690,0.000085
TAP_TAPCELL_ROW_16_304,VSS,Metal1,183.6800,78.8690,0.000084
TAP_TAPCELL_ROW_16_303,VSS,Metal1,144.4800,78.8690,0.000082
TAP_TAPCELL_ROW_16_302,VSS,Metal1,105.2800,78.8690,0.000081
TAP_TAPCELL_ROW_16_301,VSS,Metal1,66.0800,78.8690,0.000080
TAP_TAPCELL_ROW_16_300,VSS,Metal1,26.8800,78.8690,0.000075
TAP_TAPCELL_ROW_15_299,VSS,Metal1,320.8800,77.9305,0.000086
TAP_TAPCELL_ROW_15_298,VSS,Metal1,281.6800,77.9305,0.000086
TAP_TAPCELL_ROW_15_297,VSS,Metal1,242.4800,77.9305,0.000086
TAP_TAPCELL_ROW_15_296,VSS,Metal1,203.2800,77.9305,0.000084
TAP_TAPCELL_ROW_15_295,VSS,Metal1,164.0800,77.9305,0.000082
TAP_TAPCELL_ROW_15_294,VSS,Metal1,124.8800,77.9305,0.000081
TAP_TAPCELL_ROW_15_293,VSS,Metal1,85.6800,77.9305,0.000081
TAP_TAPCELL_ROW_15_292,VSS,Metal1,46.4800,77.9305,0.000079
TAP_TAPCELL_ROW_14_291,VSS,Metal1,301.2800,71.0290,0.000089
TAP_TAPCELL_ROW_14_290,VSS,Metal1,262.0800,71.0290,0.000088
TAP_TAPCELL_ROW_14_289,VSS,Metal1,222.8800,71.0290,0.000087
TAP_TAPCELL_ROW_14_288,VSS,Metal1,183.6800,71.0290,0.000084
TAP_TAPCELL_ROW_14_287,VSS,Metal1,144.4800,71.0290,0.000082
TAP_TAPCELL_ROW_14_286,VSS,Metal1,105.2800,71.0290,0.000080
TAP_TAPCELL_ROW_14_285,VSS,Metal1,66.0800,71.0290,0.000077
TAP_TAPCELL_ROW_14_284,VSS,Metal1,26.8800,71.0290,0.000073
TAP_TAPCELL_ROW_13_283,VSS,Metal1,320.8800,70.0905,0.000089
TAP_TAPCELL_ROW_13_282,VSS,Metal1,281.6800,70.0905,0.000088
TAP_TAPCELL_ROW_13_281,VSS,Metal1,242.4800,70.0905,0.000087
TAP_TAPCELL_ROW_13_280,VSS,Metal1,203.2800,70.0905,0.000085
TAP_TAPCELL_ROW_13_279,VSS,Metal1,164.0800,70.0905,0.000083
TAP_TAPCELL_ROW_13_278,VSS,Metal1,124.8800,70.0905,0.000081
TAP_TAPCELL_ROW_13_277,VSS,Metal1,85.6800,70.0905,0.000079
TAP_TAPCELL_ROW_13_276,VSS,Metal1,46.4800,70.0905,0.000074
TAP_TAPCELL_ROW_12_275,VSS,Metal1,301.2800,63.1890,0.000064
TAP_TAPCELL_ROW_12_274,VSS,Metal1,262.0800,63.1890,0.000063
TAP_TAPCELL_ROW_12_273,VSS,Metal1,222.8800,63.1890,0.000060
TAP_TAPCELL_ROW_12_272,VSS,Metal1,183.6800,63.1890,0.000059
TAP_TAPCELL_ROW_12_271,VSS,Metal1,144.4800,63.1890,0.000058
TAP_TAPCELL_ROW_12_270,VSS,Metal1,105.2800,63.1890,0.000058
TAP_TAPCELL_ROW_12_269,VSS,Metal1,66.0800,63.1890,0.000058
TAP_TAPCELL_ROW_12_268,VSS,Metal1,26.8800,63.1890,0.000057
TAP_TAPCELL_ROW_11_267,VSS,Metal1,320.8800,62.2505,0.000064
TAP_TAPCELL_ROW_11_266,VSS,Metal1,281.6800,62.2505,0.000063
TAP_TAPCELL_ROW_11_265,VSS,Metal1,242.4800,62.2505,0.000062
TAP_TAPCELL_ROW_11_264,VSS,Metal1,203.2800,62.2505,0.000059
TAP_TAPCELL_ROW_11_263,VSS,Metal1,164.0800,62.2505,0.000058
TAP_TAPCELL_ROW_11_262,VSS,Metal1,124.8800,62.2505,0.000058
TAP_TAPCELL_ROW_11_261,VSS,Metal1,85.6800,62.2505,0.000058
TAP_TAPCELL_ROW_11_260,VSS,Metal1,46.4800,62.2505,0.000058
TAP_TAPCELL_ROW_10_259,VSS,Metal1,301.2800,55.3490,0.000034
TAP_TAPCELL_ROW_10_258,VSS,Metal1,262.0800,55.3490,0.000034
TAP_TAPCELL_ROW_10_257,VSS,Metal1,222.8800,55.3490,0.000034
TAP_TAPCELL_ROW_10_256,VSS,Metal1,183.6800,55.3490,0.000031
TAP_TAPCELL_ROW_10_255,VSS,Metal1,144.4800,55.3490,0.000031
TAP_TAPCELL_ROW_10_254,VSS,Metal1,105.2800,55.3490,0.000031
TAP_TAPCELL_ROW_10_253,VSS,Metal1,66.0800,55.3490,0.000031
TAP_TAPCELL_ROW_10_252,VSS,Metal1,26.8800,55.3490,0.000028
TAP_TAPCELL_ROW_9_251,VSS,Metal1,320.8800,54.4105,0.000034
TAP_TAPCELL_ROW_9_250,VSS,Metal1,281.6800,54.4105,0.000034
TAP_TAPCELL_ROW_9_249,VSS,Metal1,242.4800,54.4105,0.000034
TAP_TAPCELL_ROW_9_248,VSS,Metal1,203.2800,54.4105,0.000032
TAP_TAPCELL_ROW_9_247,VSS,Metal1,164.0800,54.4105,0.000031
TAP_TAPCELL_ROW_9_246,VSS,Metal1,124.8800,54.4105,0.000031
TAP_TAPCELL_ROW_9_245,VSS,Metal1,85.6800,54.4105,0.000031
TAP_TAPCELL_ROW_9_244,VSS,Metal1,46.4800,54.4105,0.000030
TAP_TAPCELL_ROW_8_243,VSS,Metal1,301.2800,47.5090,0.000006
TAP_TAPCELL_ROW_8_242,VSS,Metal1,262.0800,47.5090,0.000006
TAP_TAPCELL_ROW_8_241,VSS,Metal1,222.8800,47.5090,0.000006
TAP_TAPCELL_ROW_8_240,VSS,Metal1,183.6800,47.5090,0.000006
TAP_TAPCELL_ROW_8_239,VSS,Metal1,144.4800,47.5090,0.000006
TAP_TAPCELL_ROW_8_238,VSS,Metal1,105.2800,47.5090,0.000006
TAP_TAPCELL_ROW_8_237,VSS,Metal1,66.0800,47.5090,0.000006
TAP_TAPCELL_ROW_8_236,VSS,Metal1,26.8800,47.5090,0.000006
TAP_TAPCELL_ROW_7_235,VSS,Metal1,320.8800,46.5705,0.000006
TAP_TAPCELL_ROW_7_234,VSS,Metal1,281.6800,46.5705,0.000006
TAP_TAPCELL_ROW_7_233,VSS,Metal1,242.4800,46.5705,0.000006
TAP_TAPCELL_ROW_7_232,VSS,Metal1,203.2800,46.5705,0.000006
TAP_TAPCELL_ROW_7_231,VSS,Metal1,164.0800,46.5705,0.000006
TAP_TAPCELL_ROW_7_230,VSS,Metal1,124.8800,46.5705,0.000006
TAP_TAPCELL_ROW_7_229,VSS,Metal1,85.6800,46.5705,0.000006
TAP_TAPCELL_ROW_7_228,VSS,Metal1,46.4800,46.5705,0.000006
TAP_TAPCELL_ROW_6_227,VSS,Metal1,301.2800,39.6690,0.000000
TAP_TAPCELL_ROW_6_226,VSS,Metal1,262.0800,39.6690,0.000000
TAP_TAPCELL_ROW_6_225,VSS,Metal1,222.8800,39.6690,0.000000
TAP_TAPCELL_ROW_6_224,VSS,Metal1,183.6800,39.6690,0.000000
TAP_TAPCELL_ROW_6_223,VSS,Metal1,144.4800,39.6690,0.000000
TAP_TAPCELL_ROW_6_222,VSS,Metal1,105.2800,39.6690,0.000000
TAP_TAPCELL_ROW_6_221,VSS,Metal1,66.0800,39.6690,0.000000
TAP_TAPCELL_ROW_6_220,VSS,Metal1,26.8800,39.6690,0.000000
TAP_TAPCELL_ROW_5_219,VSS,Metal1,320.8800,38.7305,0.000000
TAP_TAPCELL_ROW_5_218,VSS,Metal1,281.6800,38.7305,0.000000
TAP_TAPCELL_ROW_5_217,VSS,Metal1,242.4800,38.7305,0.000000
TAP_TAPCELL_ROW_5_216,VSS,Metal1,203.2800,38.7305,0.000000
TAP_TAPCELL_ROW_5_215,VSS,Metal1,164.0800,38.7305,0.000000
TAP_TAPCELL_ROW_5_214,VSS,Metal1,124.8800,38.7305,0.000000
TAP_TAPCELL_ROW_5_213,VSS,Metal1,85.6800,38.7305,0.000000
TAP_TAPCELL_ROW_5_212,VSS,Metal1,46.4800,38.7305,0.000000
TAP_TAPCELL_ROW_4_211,VSS,Metal1,301.2800,31.8290,0.000000
TAP_TAPCELL_ROW_4_210,VSS,Metal1,262.0800,31.8290,0.000000
TAP_TAPCELL_ROW_4_209,VSS,Metal1,222.8800,31.8290,0.000000
TAP_TAPCELL_ROW_4_208,VSS,Metal1,183.6800,31.8290,0.000000
TAP_TAPCELL_ROW_4_207,VSS,Metal1,144.4800,31.8290,0.000000
TAP_TAPCELL_ROW_4_206,VSS,Metal1,105.2800,31.8290,0.000000
TAP_TAPCELL_ROW_4_205,VSS,Metal1,66.0800,31.8290,0.000000
TAP_TAPCELL_ROW_4_204,VSS,Metal1,26.8800,31.8290,0.000000
TAP_TAPCELL_ROW_3_203,VSS,Metal1,320.8800,30.8905,0.000000
TAP_TAPCELL_ROW_3_202,VSS,Metal1,281.6800,30.8905,0.000000
TAP_TAPCELL_ROW_3_201,VSS,Metal1,242.4800,30.8905,0.000000
TAP_TAPCELL_ROW_3_200,VSS,Metal1,203.2800,30.8905,0.000000
TAP_TAPCELL_ROW_3_199,VSS,Metal1,164.0800,30.8905,0.000000
TAP_TAPCELL_ROW_3_198,VSS,Metal1,124.8800,30.8905,0.000000
TAP_TAPCELL_ROW_3_197,VSS,Metal1,85.6800,30.8905,0.000000
TAP_TAPCELL_ROW_3_196,VSS,Metal1,46.4800,30.8905,0.000000
TAP_TAPCELL_ROW_2_195,VSS,Metal1,301.2800,23.9890,0.000000
TAP_TAPCELL_ROW_2_194,VSS,Metal1,262.0800,23.9890,0.000000
TAP_TAPCELL_ROW_2_193,VSS,Metal1,222.8800,23.9890,0.000000
TAP_TAPCELL_ROW_2_192,VSS,Metal1,183.6800,23.9890,0.000000
TAP_TAPCELL_ROW_2_191,VSS,Metal1,144.4800,23.9890,0.000000
TAP_TAPCELL_ROW_2_190,VSS,Metal1,105.2800,23.9890,0.000000
TAP_TAPCELL_ROW_2_189,VSS,Metal1,66.0800,23.9890,0.000000
TAP_TAPCELL_ROW_2_188,VSS,Metal1,26.8800,23.9890,0.000000
TAP_TAPCELL_ROW_1_187,VSS,Metal1,320.8800,23.0505,0.000000
TAP_TAPCELL_ROW_1_186,VSS,Metal1,281.6800,23.0505,0.000000
TAP_TAPCELL_ROW_1_185,VSS,Metal1,242.4800,23.0505,0.000000
TAP_TAPCELL_ROW_1_184,VSS,Metal1,203.2800,23.0505,0.000000
TAP_TAPCELL_ROW_1_183,VSS,Metal1,164.0800,23.0505,0.000000
TAP_TAPCELL_ROW_1_182,VSS,Metal1,124.8800,23.0505,0.000000
TAP_TAPCELL_ROW_1_181,VSS,Metal1,85.6800,23.0505,0.000000
TAP_TAPCELL_ROW_1_180,VSS,Metal1,46.4800,23.0505,0.000000
TAP_TAPCELL_ROW_0_179,VSS,Metal1,311.9200,16.1490,0.000000
TAP_TAPCELL_ROW_0_178,VSS,Metal1,292.8800,16.1490,0.000000
TAP_TAPCELL_ROW_0_177,VSS,Metal1,273.8400,16.1490,0.000000
TAP_TAPCELL_ROW_0_176,VSS,Metal1,254.8000,16.1490,0.000000
TAP_TAPCELL_ROW_0_175,VSS,Metal1,235.7600,16.1490,0.000000
TAP_TAPCELL_ROW_0_174,VSS,Metal1,216.7200,16.1490,0.000000
TAP_TAPCELL_ROW_0_173,VSS,Metal1,197.6800,16.1490,0.000000
TAP_TAPCELL_ROW_0_172,VSS,Metal1,178.6400,16.1490,0.000000
TAP_TAPCELL_ROW_0_171,VSS,Metal1,159.6000,16.1490,0.000000
TAP_TAPCELL_ROW_0_170,VSS,Metal1,140.5600,16.1490,0.000000
TAP_TAPCELL_ROW_0_169,VSS,Metal1,121.5200,16.1490,0.000000
TAP_TAPCELL_ROW_0_168,VSS,Metal1,102.4800,16.1490,0.000000
TAP_TAPCELL_ROW_0_167,VSS,Metal1,83.4400,16.1490,0.000000
TAP_TAPCELL_ROW_0_166,VSS,Metal1,64.4000,16.1490,0.000000
TAP_TAPCELL_ROW_0_165,VSS,Metal1,45.3600,16.1490,0.000000
TAP_TAPCELL_ROW_0_164,VSS,Metal1,26.3200,16.1490,0.000000
PHY_EDGE_ROW_81_Left_163,VSS,Metal1,7.2730,336.6500,0.000004
PHY_EDGE_ROW_80_Left_162,VSS,Metal1,7.2730,329.7500,0.000015
PHY_EDGE_ROW_79_Left_161,VSS,Metal1,7.2730,328.8100,0.000015
PHY_EDGE_ROW_78_Left_160,VSS,Metal1,7.2730,321.9100,0.000012
PHY_EDGE_ROW_77_Left_159,VSS,Metal1,7.2730,320.9700,0.000012
PHY_EDGE_ROW_76_Left_158,VSS,Metal1,7.2730,314.0700,0.000013
PHY_EDGE_ROW_75_Left_157,VSS,Metal1,7.2730,313.1300,0.000013
PHY_EDGE_ROW_74_Left_156,VSS,Metal1,7.2730,306.2300,0.000026
PHY_EDGE_ROW_73_Left_155,VSS,Metal1,7.2730,305.2900,0.000026
PHY_EDGE_ROW_72_Left_154,VSS,Metal1,7.2730,298.3900,0.000038
PHY_EDGE_ROW_71_Left_153,VSS,Metal1,7.2730,297.4500,0.000038
PHY_EDGE_ROW_70_Left_152,VSS,Metal1,7.2730,290.5500,0.000053
PHY_EDGE_ROW_69_Left_151,VSS,Metal1,7.2730,289.6100,0.000053
PHY_EDGE_ROW_68_Left_150,VSS,Metal1,7.2730,282.7100,0.000030
PHY_EDGE_ROW_67_Left_149,VSS,Metal1,7.2730,281.7700,0.000030
PHY_EDGE_ROW_66_Left_148,VSS,Metal1,7.2730,274.8700,0.000054
PHY_EDGE_ROW_65_Left_147,VSS,Metal1,7.2730,273.9300,0.000054
PHY_EDGE_ROW_64_Left_146,VSS,Metal1,7.2730,267.0300,0.000036
PHY_EDGE_ROW_63_Left_145,VSS,Metal1,7.2730,266.0900,0.000036
PHY_EDGE_ROW_62_Left_144,VSS,Metal1,7.2730,259.1900,0.000026
PHY_EDGE_ROW_61_Left_143,VSS,Metal1,7.2730,258.2500,0.000026
PHY_EDGE_ROW_60_Left_142,VSS,Metal1,7.2730,251.3500,0.000018
PHY_EDGE_ROW_59_Left_141,VSS,Metal1,7.2730,250.4100,0.000018
PHY_EDGE_ROW_58_Left_140,VSS,Metal1,7.2730,243.5100,0.000003
PHY_EDGE_ROW_57_Left_139,VSS,Metal1,7.2730,242.5700,0.000003
PHY_EDGE_ROW_56_Left_138,VSS,Metal1,7.2730,235.6700,0.000009
PHY_EDGE_ROW_55_Left_137,VSS,Metal1,7.2730,234.7300,0.000009
PHY_EDGE_ROW_54_Left_136,VSS,Metal1,7.2730,227.8300,0.000005
PHY_EDGE_ROW_53_Left_135,VSS,Metal1,7.2730,226.8900,0.000005
PHY_EDGE_ROW_52_Left_134,VSS,Metal1,7.2730,219.9900,0.000002
PHY_EDGE_ROW_51_Left_133,VSS,Metal1,7.2730,219.0500,0.000002
PHY_EDGE_ROW_50_Left_132,VSS,Metal1,7.2730,212.1500,0.000003
PHY_EDGE_ROW_49_Left_131,VSS,Metal1,7.2730,211.2100,0.000003
PHY_EDGE_ROW_48_Left_130,VSS,Metal1,7.2730,204.3100,0.000004
PHY_EDGE_ROW_47_Left_129,VSS,Metal1,7.2730,203.3700,0.000004
PHY_EDGE_ROW_46_Left_128,VSS,Metal1,7.2730,196.4700,0.000033
PHY_EDGE_ROW_45_Left_127,VSS,Metal1,7.2730,195.5300,0.000033
PHY_EDGE_ROW_44_Left_126,VSS,Metal1,7.2730,188.6300,0.000032
PHY_EDGE_ROW_43_Left_125,VSS,Metal1,7.2730,187.6900,0.000032
PHY_EDGE_ROW_42_Left_124,VSS,Metal1,7.2730,180.7900,0.000005
PHY_EDGE_ROW_41_Left_123,VSS,Metal1,7.2730,179.8500,0.000005
PHY_EDGE_ROW_40_Left_122,VSS,Metal1,7.2730,172.9500,0.000025
PHY_EDGE_ROW_39_Left_121,VSS,Metal1,7.2730,172.0100,0.000025
PHY_EDGE_ROW_38_Left_120,VSS,Metal1,7.2730,165.1100,0.000017
PHY_EDGE_ROW_37_Left_119,VSS,Metal1,7.2730,164.1700,0.000017
PHY_EDGE_ROW_36_Left_118,VSS,Metal1,7.2730,157.2700,0.000035
PHY_EDGE_ROW_35_Left_117,VSS,Metal1,7.2730,156.3300,0.000035
PHY_EDGE_ROW_34_Left_116,VSS,Metal1,7.2730,149.4300,0.000071
PHY_EDGE_ROW_33_Left_115,VSS,Metal1,7.2730,148.4900,0.000071
PHY_EDGE_ROW_32_Left_114,VSS,Metal1,7.2730,141.5900,0.000064
PHY_EDGE_ROW_31_Left_113,VSS,Metal1,7.2730,140.6500,0.000064
PHY_EDGE_ROW_30_Left_112,VSS,Metal1,7.2730,133.7500,0.000073
PHY_EDGE_ROW_29_Left_111,VSS,Metal1,7.2730,132.8100,0.000073
PHY_EDGE_ROW_28_Left_110,VSS,Metal1,7.2730,125.9100,0.000049
PHY_EDGE_ROW_27_Left_109,VSS,Metal1,7.2730,124.9700,0.000049
PHY_EDGE_ROW_26_Left_108,VSS,Metal1,7.2730,118.0700,0.000086
PHY_EDGE_ROW_25_Left_107,VSS,Metal1,7.2730,117.1300,0.000086
PHY_EDGE_ROW_24_Left_106,VSS,Metal1,7.2730,110.2300,0.000049
PHY_EDGE_ROW_23_Left_105,VSS,Metal1,7.2730,109.2900,0.000049
PHY_EDGE_ROW_22_Left_104,VSS,Metal1,7.2730,102.3900,0.000031
PHY_EDGE_ROW_21_Left_103,VSS,Metal1,7.2730,101.4500,0.000031
PHY_EDGE_ROW_20_Left_102,VSS,Metal1,7.2730,94.5500,0.000048
PHY_EDGE_ROW_19_Left_101,VSS,Metal1,7.2730,93.6100,0.000048
PHY_EDGE_ROW_18_Left_100,VSS,Metal1,7.2730,86.7100,0.000081
PHY_EDGE_ROW_17_Left_99,VSS,Metal1,7.2730,85.7700,0.000081
PHY_EDGE_ROW_16_Left_98,VSS,Metal1,7.2730,78.8700,0.000074
PHY_EDGE_ROW_15_Left_97,VSS,Metal1,7.2730,77.9300,0.000074
PHY_EDGE_ROW_14_Left_96,VSS,Metal1,7.2730,71.0300,0.000073
PHY_EDGE_ROW_13_Left_95,VSS,Metal1,7.2730,70.0900,0.000073
PHY_EDGE_ROW_12_Left_94,VSS,Metal1,7.2730,63.1900,0.000057
PHY_EDGE_ROW_11_Left_93,VSS,Metal1,7.2730,62.2500,0.000057
PHY_EDGE_ROW_10_Left_92,VSS,Metal1,7.2730,55.3500,0.000028
PHY_EDGE_ROW_9_Left_91,VSS,Metal1,7.2730,54.4100,0.000028
PHY_EDGE_ROW_8_Left_90,VSS,Metal1,7.2730,47.5100,0.000006
PHY_EDGE_ROW_7_Left_89,VSS,Metal1,7.2730,46.5700,0.000006
PHY_EDGE_ROW_6_Left_88,VSS,Metal1,7.2730,39.6700,0.000000
PHY_EDGE_ROW_5_Left_87,VSS,Metal1,7.2730,38.7300,0.000000
PHY_EDGE_ROW_4_Left_86,VSS,Metal1,7.2730,31.8300,0.000000
PHY_EDGE_ROW_3_Left_85,VSS,Metal1,7.2730,30.8900,0.000000
PHY_EDGE_ROW_2_Left_84,VSS,Metal1,7.2730,23.9900,0.000000
PHY_EDGE_ROW_1_Left_83,VSS,Metal1,7.2730,23.0500,0.000000
PHY_EDGE_ROW_0_Left_82,VSS,Metal1,7.2730,16.1500,0.000000
PHY_EDGE_ROW_81_Right_81,VSS,Metal1,328.7265,336.6500,0.000008
PHY_EDGE_ROW_80_Right_80,VSS,Metal1,328.7265,329.7500,0.000016
PHY_EDGE_ROW_79_Right_79,VSS,Metal1,328.7265,328.8100,0.000016
PHY_EDGE_ROW_78_Right_78,VSS,Metal1,328.7265,321.9100,0.000015
PHY_EDGE_ROW_77_Right_77,VSS,Metal1,328.7265,320.9700,0.000015
PHY_EDGE_ROW_76_Right_76,VSS,Metal1,328.7265,314.0700,0.000013
PHY_EDGE_ROW_75_Right_75,VSS,Metal1,328.7265,313.1300,0.000013
PHY_EDGE_ROW_74_Right_74,VSS,Metal1,328.7265,306.2300,0.000030
PHY_EDGE_ROW_73_Right_73,VSS,Metal1,328.7265,305.2900,0.000030
PHY_EDGE_ROW_72_Right_72,VSS,Metal1,328.7265,298.3900,0.000061
PHY_EDGE_ROW_71_Right_71,VSS,Metal1,328.7265,297.4500,0.000061
PHY_EDGE_ROW_70_Right_70,VSS,Metal1,328.7265,290.5500,0.000061
PHY_EDGE_ROW_69_Right_69,VSS,Metal1,328.7265,289.6100,0.000061
PHY_EDGE_ROW_68_Right_68,VSS,Metal1,328.7265,282.7100,0.000048
PHY_EDGE_ROW_67_Right_67,VSS,Metal1,328.7265,281.7700,0.000048
PHY_EDGE_ROW_66_Right_66,VSS,Metal1,328.7265,274.8700,0.000059
PHY_EDGE_ROW_65_Right_65,VSS,Metal1,328.7265,273.9300,0.000059
PHY_EDGE_ROW_64_Right_64,VSS,Metal1,328.7265,267.0300,0.000051
PHY_EDGE_ROW_63_Right_63,VSS,Metal1,328.7265,266.0900,0.000051
PHY_EDGE_ROW_62_Right_62,VSS,Metal1,328.7265,259.1900,0.000048
PHY_EDGE_ROW_61_Right_61,VSS,Metal1,328.7265,258.2500,0.000048
PHY_EDGE_ROW_60_Right_60,VSS,Metal1,328.7265,251.3500,0.000026
PHY_EDGE_ROW_59_Right_59,VSS,Metal1,328.7265,250.4100,0.000026
PHY_EDGE_ROW_58_Right_58,VSS,Metal1,328.7265,243.5100,0.000005
PHY_EDGE_ROW_57_Right_57,VSS,Metal1,328.7265,242.5700,0.000005
PHY_EDGE_ROW_56_Right_56,VSS,Metal1,328.7265,235.6700,0.000016
PHY_EDGE_ROW_55_Right_55,VSS,Metal1,328.7265,234.7300,0.000016
PHY_EDGE_ROW_54_Right_54,VSS,Metal1,328.7265,227.8300,0.000005
PHY_EDGE_ROW_53_Right_53,VSS,Metal1,328.7265,226.8900,0.000005
PHY_EDGE_ROW_52_Right_52,VSS,Metal1,328.7265,219.9900,0.000002
PHY_EDGE_ROW_51_Right_51,VSS,Metal1,328.7265,219.0500,0.000002
PHY_EDGE_ROW_50_Right_50,VSS,Metal1,328.7265,212.1500,0.000003
PHY_EDGE_ROW_49_Right_49,VSS,Metal1,328.7265,211.2100,0.000003
PHY_EDGE_ROW_48_Right_48,VSS,Metal1,328.7265,204.3100,0.000006
PHY_EDGE_ROW_47_Right_47,VSS,Metal1,328.7265,203.3700,0.000006
PHY_EDGE_ROW_46_Right_46,VSS,Metal1,328.7265,196.4700,0.000046
PHY_EDGE_ROW_45_Right_45,VSS,Metal1,328.7265,195.5300,0.000046
PHY_EDGE_ROW_44_Right_44,VSS,Metal1,328.7265,188.6300,0.000061
PHY_EDGE_ROW_43_Right_43,VSS,Metal1,328.7265,187.6900,0.000061
PHY_EDGE_ROW_42_Right_42,VSS,Metal1,328.7265,180.7900,0.000011
PHY_EDGE_ROW_41_Right_41,VSS,Metal1,328.7265,179.8500,0.000011
PHY_EDGE_ROW_40_Right_40,VSS,Metal1,328.7265,172.9500,0.000041
PHY_EDGE_ROW_39_Right_39,VSS,Metal1,328.7265,172.0100,0.000041
PHY_EDGE_ROW_38_Right_38,VSS,Metal1,328.7265,165.1100,0.000022
PHY_EDGE_ROW_37_Right_37,VSS,Metal1,328.7265,164.1700,0.000022
PHY_EDGE_ROW_36_Right_36,VSS,Metal1,328.7265,157.2700,0.000050
PHY_EDGE_ROW_35_Right_35,VSS,Metal1,328.7265,156.3300,0.000050
PHY_EDGE_ROW_34_Right_34,VSS,Metal1,328.7265,149.4300,0.000081
PHY_EDGE_ROW_33_Right_33,VSS,Metal1,328.7265,148.4900,0.000081
PHY_EDGE_ROW_32_Right_32,VSS,Metal1,328.7265,141.5900,0.000087
PHY_EDGE_ROW_31_Right_31,VSS,Metal1,328.7265,140.6500,0.000087
PHY_EDGE_ROW_30_Right_30,VSS,Metal1,328.7265,133.7500,0.000083
PHY_EDGE_ROW_29_Right_29,VSS,Metal1,328.7265,132.8100,0.000083
PHY_EDGE_ROW_28_Right_28,VSS,Metal1,328.7265,125.9100,0.000058
PHY_EDGE_ROW_27_Right_27,VSS,Metal1,328.7265,124.9700,0.000058
PHY_EDGE_ROW_26_Right_26,VSS,Metal1,328.7265,118.0700,0.000103
PHY_EDGE_ROW_25_Right_25,VSS,Metal1,328.7265,117.1300,0.000103
PHY_EDGE_ROW_24_Right_24,VSS,Metal1,328.7265,110.2300,0.000053
PHY_EDGE_ROW_23_Right_23,VSS,Metal1,328.7265,109.2900,0.000053
PHY_EDGE_ROW_22_Right_22,VSS,Metal1,328.7265,102.3900,0.000037
PHY_EDGE_ROW_21_Right_21,VSS,Metal1,328.7265,101.4500,0.000037
PHY_EDGE_ROW_20_Right_20,VSS,Metal1,328.7265,94.5500,0.000058
PHY_EDGE_ROW_19_Right_19,VSS,Metal1,328.7265,93.6100,0.000058
PHY_EDGE_ROW_18_Right_18,VSS,Metal1,328.7265,86.7100,0.000117
PHY_EDGE_ROW_17_Right_17,VSS,Metal1,328.7265,85.7700,0.000117
PHY_EDGE_ROW_16_Right_16,VSS,Metal1,328.7265,78.8700,0.000086
PHY_EDGE_ROW_15_Right_15,VSS,Metal1,328.7265,77.9300,0.000086
PHY_EDGE_ROW_14_Right_14,VSS,Metal1,328.7265,71.0300,0.000089
PHY_EDGE_ROW_13_Right_13,VSS,Metal1,328.7265,70.0900,0.000089
PHY_EDGE_ROW_12_Right_12,VSS,Metal1,328.7265,63.1900,0.000064
PHY_EDGE_ROW_11_Right_11,VSS,Metal1,328.7265,62.2500,0.000064
PHY_EDGE_ROW_10_Right_10,VSS,Metal1,328.7265,55.3500,0.000034
PHY_EDGE_ROW_9_Right_9,VSS,Metal1,328.7265,54.4100,0.000034
PHY_EDGE_ROW_8_Right_8,VSS,Metal1,328.7265,47.5100,0.000006
PHY_EDGE_ROW_7_Right_7,VSS,Metal1,328.7265,46.5700,0.000006
PHY_EDGE_ROW_6_Right_6,VSS,Metal1,328.7265,39.6700,0.000000
PHY_EDGE_ROW_5_Right_5,VSS,Metal1,328.7265,38.7300,0.000000
PHY_EDGE_ROW_4_Right_4,VSS,Metal1,328.7265,31.8300,0.000000
PHY_EDGE_ROW_3_Right_3,VSS,Metal1,328.7265,30.8900,0.000000
PHY_EDGE_ROW_2_Right_2,VSS,Metal1,328.7265,23.9900,0.000000
PHY_EDGE_ROW_1_Right_1,VSS,Metal1,328.7265,23.0500,0.000000
PHY_EDGE_ROW_0_Right_0,VSS,Metal1,328.7265,16.1500,0.000000
_1680_,VSS,Metal1,48.8620,141.6650,0.000065
_1679_,VSS,Metal1,33.1820,156.2545,0.000035
_1678_,VSS,Metal1,16.9420,148.4145,0.000071
_1677_,VSS,Metal1,128.2995,133.8190,0.000075
_1676_,VSS,Metal1,100.9420,140.5745,0.000072
_1675_,VSS,Metal1,16.9420,164.0945,0.000017
_1674_,VSS,Metal1,94.7820,110.3050,0.000051
_1673_,VSS,Metal1,16.9420,117.0545,0.000086
_1672_,VSS,Metal1,16.9420,109.2145,0.000049
_1671_,VSS,Metal1,114.8595,109.2205,0.000051
_1670_,VSS,Metal1,19.1820,93.5345,0.000048
_1669_,VSS,Metal1,42.7020,102.4650,0.000032
_1668_,VSS,Metal1,35.4220,101.3745,0.000032
_1667_,VSS,Metal1,37.3775,94.6250,0.000049
_1666_,VSS,Metal1,60.0620,117.0545,0.000089
_1665_,VSS,Metal1,55.5820,94.6250,0.000050
_1664_,VSS,Metal1,72.9420,101.3745,0.000032
_1663_,VSS,Metal1,145.6595,101.3805,0.000032
_1662_,VSS,Metal1,84.1420,102.4650,0.000032
_1661_,VSS,Metal1,154.1420,118.1450,0.000097
_1660_,VSS,Metal1,56.7020,93.5345,0.000050
_1659_,VSS,Metal1,99.2620,101.3745,0.000032
_1658_,VSS,Metal1,138.9395,117.0605,0.000097
_1657_,VSS,Metal1,35.9820,117.0545,0.000087
_1656_,VSS,Metal1,35.9820,124.8945,0.000050
_1655_,VSS,Metal1,166.9395,110.2990,0.000050
_1654_,VSS,Metal1,125.4995,110.2990,0.000051
_1653_,VSS,Metal1,143.5020,77.8545,0.000082
_1652_,VSS,Metal1,104.8620,85.6945,0.000091
_1651_,VSS,Metal1,81.9020,94.6250,0.000050
_1650_,VSS,Metal1,154.7020,78.9450,0.000082
_1649_,VSS,Metal1,86.3820,86.7850,0.000090
_1648_,VSS,Metal1,136.1395,85.7005,0.000094
_1647_,VSS,Metal1,119.4220,78.9450,0.000081
_1646_,VSS,Metal1,88.6220,78.9450,0.000081
_1645_,VSS,Metal1,51.3775,78.9450,0.000079
_1644_,VSS,Metal1,16.9420,77.8545,0.000074
_1643_,VSS,Metal1,103.7420,77.8545,0.000081
_1642_,VSS,Metal1,16.9420,62.1745,0.000057
_1641_,VSS,Metal1,70.1420,85.6945,0.000088
_1640_,VSS,Metal1,35.4220,85.6945,0.000084
_1639_,VSS,Metal1,117.6595,71.0990,0.000081
_1638_,VSS,Metal1,24.7820,70.0145,0.000073
_1637_,VSS,Metal1,165.8195,94.6190,0.000051
_1636_,VSS,Metal1,139.0220,93.5345,0.000051
_1635_,VSS,Metal1,159.0995,86.7790,0.000098
_1634_,VSS,Metal1,122.1395,94.6190,0.000051
_1633_,VSS,Metal1,118.8620,102.4650,0.000032
_1632_,VSS,Metal1,282.9420,63.2650,0.000063
_1631_,VSS,Metal1,280.0595,71.0990,0.000088
_1630_,VSS,Metal1,244.2195,55.4190,0.000034
_1629_,VSS,Metal1,193.2595,62.1805,0.000059
_1628_,VSS,Metal1,294.1420,54.3345,0.000034
_1627_,VSS,Metal1,281.2620,47.5850,0.000006
_1626_,VSS,Metal1,228.6220,54.3345,0.000034
_1625_,VSS,Metal1,194.9395,55.4190,0.000032
_1624_,VSS,Metal1,298.6220,70.0145,0.000089
_1623_,VSS,Metal1,240.8595,71.0990,0.000087
_1622_,VSS,Metal1,307.5820,62.1745,0.000064
_1621_,VSS,Metal1,256.0620,70.0145,0.000088
_1620_,VSS,Metal1,224.0595,70.0205,0.000087
_1619_,VSS,Metal1,214.5395,62.1805,0.000060
_1618_,VSS,Metal1,273.3395,55.4190,0.000034
_1617_,VSS,Metal1,257.6595,62.1805,0.000063
_1616_,VSS,Metal1,63.4220,62.1745,0.000058
_1615_,VSS,Metal1,153.4995,70.0205,0.000082
_1614_,VSS,Metal1,114.8595,62.1805,0.000058
_1613_,VSS,Metal1,66.2220,54.3345,0.000031
_1612_,VSS,Metal1,139.4995,62.1805,0.000058
_1611_,VSS,Metal1,158.5395,63.2590,0.000058
_1610_,VSS,Metal1,99.8220,54.3345,0.000031
_1609_,VSS,Metal1,86.9420,55.4250,0.000031
_1608_,VSS,Metal1,134.4595,63.2590,0.000058
_1607_,VSS,Metal1,42.7020,71.1050,0.000074
_1606_,VSS,Metal1,69.5820,70.0145,0.000077
_1605_,VSS,Metal1,20.8620,54.3345,0.000028
_1604_,VSS,Metal1,84.0595,63.2590,0.000058
_1603_,VSS,Metal1,48.3020,55.4250,0.000030
_1602_,VSS,Metal1,35.9820,62.1745,0.000058
_1601_,VSS,Metal1,19.1820,46.4945,0.000006
_1600_,VSS,Metal1,286.3020,314.1450,0.000013
_1599_,VSS,Metal1,275.6620,321.9850,0.000015
_1598_,VSS,Metal1,272.0175,328.7345,0.000016
_1597_,VSS,Metal1,252.1420,328.7345,0.000016
_1596_,VSS,Metal1,248.1925,321.9825,0.000014
_1595_,VSS,Metal1,233.0725,329.8225,0.000015
_1594_,VSS,Metal1,270.8975,320.8945,0.000015
_1593_,VSS,Metal1,220.1395,140.5805,0.000079
_1592_,VSS,Metal1,275.1020,329.8250,0.000016
_1591_,VSS,Metal1,71.8220,156.2545,0.000039
_1590_,VSS,Metal1,294.7020,258.1745,0.000047
_1589_,VSS,Metal1,292.4620,234.6545,0.000015
_1588_,VSS,Metal1,278.4620,235.7450,0.000015
_1587_,VSS,Metal1,265.4995,187.6205,0.000060
_1586_,VSS,Metal1,219.1020,148.4145,0.000079
_1585_,VSS,Metal1,193.3420,274.9450,0.000054
_1584_,VSS,Metal1,286.3020,282.7850,0.000048
_1583_,VSS,Metal1,294.7020,273.8545,0.000059
_1582_,VSS,Metal1,231.9820,156.2545,0.000049
_1581_,VSS,Metal1,252.1420,195.4545,0.000045
_1580_,VSS,Metal1,232.5420,157.3450,0.000049
_1579_,VSS,Metal1,209.3675,149.4840,0.000079
_1578_,VSS,Metal1,196.6195,141.6590,0.000078
_1577_,VSS,Metal1,186.4200,148.4205,0.000077
_1576_,VSS,Metal1,218.3400,164.1005,0.000020
_1575_,VSS,Metal1,173.1820,274.9450,0.000054
_1574_,VSS,Metal1,148.5420,273.8545,0.000054
_1573_,VSS,Metal1,133.4220,274.9450,0.000054
_1572_,VSS,Metal1,121.6620,267.1050,0.000041
_1571_,VSS,Metal1,109.9020,258.1745,0.000026
_1570_,VSS,Metal1,86.9420,259.2650,0.000025
_1569_,VSS,Metal1,101.7775,273.8545,0.000053
_1568_,VSS,Metal1,88.6220,274.9450,0.000053
_1567_,VSS,Metal1,282.3820,259.2650,0.000047
_1566_,VSS,Metal1,280.1420,251.4250,0.000025
_1565_,VSS,Metal1,265.0220,281.6945,0.000047
_1564_,VSS,Metal1,252.7020,289.5345,0.000059
_1563_,VSS,Metal1,220.7820,297.3745,0.000046
_1562_,VSS,Metal1,206.4975,290.6250,0.000058
_1561_,VSS,Metal1,272.8620,290.6250,0.000060
_1560_,VSS,Metal1,268.0975,250.3345,0.000025
_1559_,VSS,Metal1,262.4975,273.8545,0.000058
_1558_,VSS,Metal1,252.0595,267.0990,0.000050
_1557_,VSS,Metal1,225.7520,258.1955,0.000038
_1556_,VSS,Metal1,205.0320,267.0840,0.000043
_1555_,VSS,Metal1,219.4475,281.7155,0.000034
_1554_,VSS,Metal1,228.9675,273.8755,0.000056
_1553_,VSS,Metal1,272.8620,274.9450,0.000058
_1552_,VSS,Metal1,237.5820,306.3050,0.000029
_1551_,VSS,Metal1,229.6595,305.2205,0.000028
_1550_,VSS,Metal1,258.7795,305.2205,0.000029
_1549_,VSS,Metal1,244.1000,290.6190,0.000059
_1548_,VSS,Metal1,106.5420,281.6945,0.000031
_1547_,VSS,Metal1,184.9420,281.6945,0.000032
_1546_,VSS,Metal1,158.0620,282.7850,0.000031
_1545_,VSS,Metal1,275.6620,149.5050,0.000081
_1544_,VSS,Metal1,296.3820,140.5745,0.000087
_1543_,VSS,Metal1,252.1420,140.5745,0.000084
_1542_,VSS,Metal1,293.5820,148.4145,0.000081
_1541_,VSS,Metal1,280.7020,125.9850,0.000057
_1540_,VSS,Metal1,318.2220,141.6650,0.000087
_1539_,VSS,Metal1,318.2220,180.8650,0.000011
_1538_,VSS,Metal1,291.2595,165.1790,0.000022
_1537_,VSS,Metal1,304.7820,187.6145,0.000061
_1536_,VSS,Metal1,303.1020,132.7345,0.000083
_1535_,VSS,Metal1,271.7420,133.8250,0.000081
_1534_,VSS,Metal1,318.2220,133.8250,0.000083
_1533_,VSS,Metal1,300.7795,164.1005,0.000022
_1532_,VSS,Metal1,251.5820,133.8250,0.000080
_1531_,VSS,Metal1,254.2995,171.9405,0.000038
_1530_,VSS,Metal1,265.4995,148.4205,0.000081
_1529_,VSS,Metal1,265.4995,179.7805,0.000011
_1528_,VSS,Metal1,258.7795,156.2605,0.000050
_1527_,VSS,Metal1,270.6220,164.0945,0.000022
_1526_,VSS,Metal1,259.9820,124.8945,0.000057
_1525_,VSS,Metal1,273.3395,118.1390,0.000101
_1524_,VSS,Metal1,318.2220,125.9850,0.000058
_1523_,VSS,Metal1,279.8575,110.3050,0.000052
_1522_,VSS,Metal1,318.2220,118.1450,0.000103
_1521_,VSS,Metal1,304.7820,117.0545,0.000103
_1520_,VSS,Metal1,293.0220,124.8945,0.000057
_1519_,VSS,Metal1,259.3395,109.2205,0.000052
_1518_,VSS,Metal1,293.8575,109.2145,0.000052
_1517_,VSS,Metal1,318.2220,102.4650,0.000037
_1516_,VSS,Metal1,270.6220,101.3745,0.000036
_1515_,VSS,Metal1,287.8995,94.6190,0.000058
_1514_,VSS,Metal1,303.1020,101.3745,0.000037
_1513_,VSS,Metal1,263.8195,93.5405,0.000056
_1512_,VSS,Metal1,299.1820,93.5345,0.000058
_1511_,VSS,Metal1,278.9395,86.7790,0.000114
_1510_,VSS,Metal1,241.9795,94.6190,0.000055
_1509_,VSS,Metal1,251.5820,86.7850,0.000111
_1508_,VSS,Metal1,218.5420,117.0545,0.000099
_1507_,VSS,Metal1,252.1420,117.0545,0.000100
_1506_,VSS,Metal1,239.8220,118.1450,0.000100
_1505_,VSS,Metal1,236.9395,110.2990,0.000052
_1504_,VSS,Metal1,222.9395,109.2205,0.000052
_1503_,VSS,Metal1,318.2220,94.6250,0.000058
_1502_,VSS,Metal1,318.2220,78.9450,0.000086
_1501_,VSS,Metal1,318.2220,86.7850,0.000117
_1500_,VSS,Metal1,244.8620,78.9450,0.000086
_1499_,VSS,Metal1,299.7420,77.8545,0.000086
_1498_,VSS,Metal1,264.9395,77.8605,0.000086
_1497_,VSS,Metal1,318.2220,71.1050,0.000089
_1496_,VSS,Metal1,318.2220,63.2650,0.000064
_1495_,VSS,Metal1,180.3795,85.7005,0.000098
_1494_,VSS,Metal1,177.5795,93.5405,0.000051
_1493_,VSS,Metal1,193.2595,77.8605,0.000084
_1492_,VSS,Metal1,212.3820,78.9450,0.000085
_1491_,VSS,Metal1,222.4620,77.8545,0.000085
_1490_,VSS,Metal1,173.7420,70.0145,0.000083
_1489_,VSS,Metal1,173.6595,71.0990,0.000083
_1488_,VSS,Metal1,202.2195,71.0990,0.000085
_1487_,VSS,Metal1,232.5420,86.7850,0.000110
_1486_,VSS,Metal1,231.9820,132.7345,0.000080
_1485_,VSS,Metal1,201.5400,86.7790,0.000105
_1484_,VSS,Metal1,217.8995,93.5405,0.000053
_1483_,VSS,Metal1,197.2620,94.6250,0.000052
_1482_,VSS,Metal1,142.3820,140.5745,0.000074
_1481_,VSS,Metal1,18.0620,132.7345,0.000073
_1480_,VSS,Metal1,16.9420,124.8945,0.000049
_1479_,VSS,Metal1,67.9020,132.7345,0.000075
_1478_,VSS,Metal1,87.5020,133.8250,0.000075
_1477_,VSS,Metal1,100.3820,132.7345,0.000075
_1476_,VSS,Metal1,148.5420,132.7345,0.000075
_1475_,VSS,Metal1,30.9420,140.5745,0.000064
_1474_,VSS,Metal1,48.5775,133.8250,0.000074
_1473_,VSS,Metal1,69.0220,140.5745,0.000067
_1472_,VSS,Metal1,126.7020,125.9850,0.000056
_1471_,VSS,Metal1,114.3820,124.8945,0.000056
_1470_,VSS,Metal1,79.6620,118.1450,0.000090
_1469_,VSS,Metal1,173.0995,133.8190,0.000075
_1468_,VSS,Metal1,56.1420,124.8945,0.000050
_1467_,VSS,Metal1,268.1200,132.8540,0.000081
_1466_,VSS,Metal1,313.7200,156.3740,0.000050
_1465_,VSS,Metal1,295.2400,157.2255,0.000050
_1464_,VSS,Metal1,248.7600,132.8540,0.000080
_1463_,VSS,Metal1,247.0800,172.9055,0.000038
_1462_,VSS,Metal1,256.6000,149.3855,0.000081
_1461_,VSS,Metal1,266.1200,172.9055,0.000038
_1460_,VSS,Metal1,250.1400,148.6525,0.000080
_1459_,VSS,Metal1,243.2775,125.7160,0.000056
_1458_,VSS,Metal1,258.0400,164.2140,0.000021
_1457_,VSS,Metal1,256.0400,118.0255,0.000100
_1456_,VSS,Metal1,267.5600,125.8655,0.000057
_1455_,VSS,Metal1,209.9200,110.0715,0.000051
_1454_,VSS,Metal1,315.4000,110.1855,0.000053
_1453_,VSS,Metal1,277.6400,117.1740,0.000101
_1452_,VSS,Metal1,315.4000,125.0140,0.000058
_1451_,VSS,Metal1,305.3200,110.1855,0.000052
_1450_,VSS,Metal1,290.2600,132.9725,0.000082
_1449_,VSS,Metal1,308.2375,117.8760,0.000103
_1448_,VSS,Metal1,253.8000,110.1855,0.000052
_1447_,VSS,Metal1,293.8800,110.1855,0.000052
_1446_,VSS,Metal1,314.8400,109.3340,0.000053
_1445_,VSS,Metal1,212.1600,102.2315,0.000033
_1444_,VSS,Metal1,266.1200,94.5055,0.000056
_1443_,VSS,Metal1,285.7200,101.4940,0.000036
_1442_,VSS,Metal1,295.8000,102.3455,0.000037
_1441_,VSS,Metal1,256.6000,101.4940,0.000036
_1440_,VSS,Metal1,295.8600,86.5475,0.000115
_1439_,VSS,Metal1,302.7225,94.3560,0.000058
_1438_,VSS,Metal1,273.4000,102.3455,0.000036
_1437_,VSS,Metal1,236.4400,101.4940,0.000035
_1436_,VSS,Metal1,246.5200,93.6540,0.000055
_1435_,VSS,Metal1,211.6000,101.6080,0.000033
_1434_,VSS,Metal1,215.7200,118.0255,0.000099
_1433_,VSS,Metal1,239.8065,117.2450,0.000100
_1432_,VSS,Metal1,228.9065,118.0390,0.000099
_1431_,VSS,Metal1,237.0000,125.0140,0.000055
_1430_,VSS,Metal1,235.8800,109.3340,0.000052
_1429_,VSS,Metal1,226.9200,102.3455,0.000035
_1428_,VSS,Metal1,200.0900,101.5650,0.000032
_1427_,VSS,Metal1,315.4000,93.6540,0.000058
_1426_,VSS,Metal1,316.8400,70.1340,0.000089
_1425_,VSS,Metal1,315.1600,77.9740,0.000086
_1424_,VSS,Metal1,238.4400,77.9740,0.000086
_1423_,VSS,Metal1,304.8200,78.7075,0.000086
_1422_,VSS,Metal1,308.2375,78.6760,0.000086
_1421_,VSS,Metal1,259.9600,85.8140,0.000111
_1420_,VSS,Metal1,315.4000,55.3055,0.000034
_1419_,VSS,Metal1,315.4000,54.4540,0.000034
_1418_,VSS,Metal1,200.2665,117.9115,0.000097
_1417_,VSS,Metal1,174.2800,78.8255,0.000082
_1416_,VSS,Metal1,172.6000,77.9740,0.000082
_1415_,VSS,Metal1,193.3200,85.8140,0.000105
_1414_,VSS,Metal1,215.7200,85.8140,0.000107
_1413_,VSS,Metal1,215.7265,70.9150,0.000087
_1412_,VSS,Metal1,211.5465,77.9605,0.000085
_1411_,VSS,Metal1,159.4800,70.9855,0.000082
_1410_,VSS,Metal1,171.4800,63.1455,0.000058
_1409_,VSS,Metal1,197.8000,70.1340,0.000085
_1408_,VSS,Metal1,176.2330,117.9895,0.000096
_1407_,VSS,Metal1,230.8400,93.6540,0.000055
_1406_,VSS,Metal1,228.3600,125.8655,0.000055
_1405_,VSS,Metal1,207.3200,85.8140,0.000105
_1404_,VSS,Metal1,212.9200,94.5055,0.000053
_1403_,VSS,Metal1,195.0000,93.6540,0.000052
_1402_,VSS,Metal1,209.8895,125.9170,0.000053
_1401_,VSS,Metal1,138.4400,141.5455,0.000074
_1400_,VSS,Metal1,16.9200,133.7055,0.000073
_1399_,VSS,Metal1,16.9200,140.6940,0.000064
_1398_,VSS,Metal1,62.0400,125.8655,0.000050
_1397_,VSS,Metal1,81.8865,140.7650,0.000068
_1396_,VSS,Metal1,80.2130,125.8790,0.000052
_1395_,VSS,Metal1,98.6800,125.0140,0.000054
_1394_,VSS,Metal1,148.5200,133.7055,0.000075
_1393_,VSS,Metal1,30.9200,133.7055,0.000074
_1392_,VSS,Metal1,157.7530,125.8295,0.000052
_1391_,VSS,Metal1,50.5200,132.8540,0.000074
_1390_,VSS,Metal1,63.7200,148.5340,0.000075
_1389_,VSS,Metal1,119.4000,132.8540,0.000075
_1388_,VSS,Metal1,109.8800,125.8655,0.000056
_1387_,VSS,Metal1,72.6200,125.1325,0.000052
_1386_,VSS,Metal1,69.2025,125.1635,0.000051
_1385_,VSS,Metal1,167.5600,125.8655,0.000052
_1384_,VSS,Metal1,52.7600,118.0255,0.000089
_1383_,VSS,Metal1,50.5200,140.6940,0.000065
_1382_,VSS,Metal1,187.3865,125.1280,0.000053
_1381_,VSS,Metal1,30.9200,149.3855,0.000072
_1380_,VSS,Metal1,16.1130,149.3150,0.000071
_1379_,VSS,Metal1,23.6530,149.3990,0.000071
_1378_,VSS,Metal1,118.6000,141.5455,0.000072
_1377_,VSS,Metal1,92.2800,141.5455,0.000071
_1376_,VSS,Metal1,14.6800,156.3740,0.000035
_1375_,VSS,Metal1,158.3130,125.0500,0.000052
_1374_,VSS,Metal1,197.3000,125.7750,0.000053
_1373_,VSS,Metal1,190.7665,117.9555,0.000097
_1372_,VSS,Metal1,93.0800,109.3340,0.000051
_1371_,VSS,Metal1,15.8000,118.0255,0.000086
_1370_,VSS,Metal1,15.8000,110.1855,0.000049
_1369_,VSS,Metal1,109.3200,110.1855,0.000051
_1368_,VSS,Metal1,14.4330,94.4350,0.000048
_1367_,VSS,Metal1,48.5865,101.4805,0.000032
_1366_,VSS,Metal1,39.3200,109.3340,0.000051
_1365_,VSS,Metal1,35.4000,93.6540,0.000049
_1364_,VSS,Metal1,17.8000,101.4940,0.000031
_1363_,VSS,Metal1,158.3130,117.2100,0.000097
_1362_,VSS,Metal1,174.3975,125.7160,0.000052
_1361_,VSS,Metal1,57.8000,110.1855,0.000051
_1360_,VSS,Metal1,57.2400,101.4940,0.000032
_1359_,VSS,Metal1,70.1200,102.3455,0.000032
_1358_,VSS,Metal1,139.0000,102.3455,0.000032
_1357_,VSS,Metal1,78.2730,110.1150,0.000051
_1356_,VSS,Metal1,82.1865,110.1990,0.000051
_1355_,VSS,Metal1,148.5200,110.1855,0.000051
_1354_,VSS,Metal1,56.1200,102.3455,0.000032
_1353_,VSS,Metal1,96.4400,94.5055,0.000050
_1352_,VSS,Metal1,158.3130,109.3700,0.000050
_1351_,VSS,Metal1,206.4400,109.4030,0.000051
_1350_,VSS,Metal1,133.4000,109.3340,0.000051
_1349_,VSS,Metal1,32.9130,110.1150,0.000050
_1348_,VSS,Metal1,52.2130,109.3205,0.000051
_1347_,VSS,Metal1,36.5200,118.0255,0.000087
_1346_,VSS,Metal1,161.4000,102.3455,0.000032
_1345_,VSS,Metal1,111.3200,117.1740,0.000097
_1344_,VSS,Metal1,171.7530,117.2100,0.000096
_1343_,VSS,Metal1,184.9800,125.7750,0.000053
_1342_,VSS,Metal1,190.5930,110.1155,0.000051
_1341_,VSS,Metal1,169.4425,117.8760,0.000096
_1340_,VSS,Metal1,139.0000,78.8255,0.000082
_1339_,VSS,Metal1,99.8000,86.6655,0.000091
_1338_,VSS,Metal1,79.6400,93.6540,0.000050
_1337_,VSS,Metal1,152.4400,93.6540,0.000051
_1336_,VSS,Metal1,82.1930,85.8850,0.000090
_1335_,VSS,Metal1,88.0530,85.8005,0.000090
_1334_,VSS,Metal1,128.9200,86.6655,0.000094
_1333_,VSS,Metal1,118.2800,85.8140,0.000092
_1332_,VSS,Metal1,85.2400,70.9855,0.000079
_1331_,VSS,Metal1,178.4700,110.1150,0.000050
_1330_,VSS,Metal1,51.9600,77.9740,0.000079
_1329_,VSS,Metal1,15.8000,85.8140,0.000081
_1328_,VSS,Metal1,99.8000,70.9855,0.000079
_1327_,VSS,Metal1,16.9200,78.8255,0.000074
_1326_,VSS,Metal1,63.1530,78.7550,0.000080
_1325_,VSS,Metal1,68.4530,78.8390,0.000080
_1324_,VSS,Metal1,35.4000,78.8255,0.000076
_1323_,VSS,Metal1,112.1200,63.1455,0.000058
_1322_,VSS,Metal1,20.8400,70.9855,0.000073
_1321_,VSS,Metal1,179.0280,109.3395,0.000050
_1320_,VSS,Metal1,158.6000,101.4940,0.000032
_1319_,VSS,Metal1,134.5800,94.3875,0.000051
_1318_,VSS,Metal1,137.9975,94.3560,0.000051
_1317_,VSS,Metal1,150.2000,94.5055,0.000051
_1316_,VSS,Metal1,118.2800,101.4940,0.000032
_1315_,VSS,Metal1,117.1600,93.6540,0.000051
_1314_,VSS,Metal1,192.2730,101.5640,0.000032
_1313_,VSS,Metal1,277.6400,62.2940,0.000063
_1312_,VSS,Metal1,274.5200,78.8255,0.000086
_1311_,VSS,Metal1,237.0000,62.2940,0.000061
_1310_,VSS,Metal1,190.5200,63.1455,0.000059
_1309_,VSS,Metal1,288.5800,62.4125,0.000063
_1308_,VSS,Metal1,287.6025,55.1560,0.000034
_1307_,VSS,Metal1,277.6400,54.4540,0.000034
_1306_,VSS,Metal1,227.4800,62.2940,0.000061
_1305_,VSS,Metal1,189.9600,54.4540,0.000032
_1304_,VSS,Metal1,197.6000,102.2315,0.000032
_1303_,VSS,Metal1,295.8000,78.8255,0.000086
_1302_,VSS,Metal1,237.0000,70.1340,0.000087
_1301_,VSS,Metal1,305.3200,55.3055,0.000034
_1300_,VSS,Metal1,253.8000,70.9855,0.000088
_1299_,VSS,Metal1,215.4730,63.0750,0.000060
_1298_,VSS,Metal1,219.6530,63.1590,0.000060
_1297_,VSS,Metal1,207.6400,63.1455,0.000060
_1296_,VSS,Metal1,266.1200,63.1455,0.000063
_1295_,VSS,Metal1,252.1200,63.1455,0.000063
_1294_,VSS,Metal1,197.8520,109.3395,0.000051
_1293_,VSS,Metal1,206.7900,117.1800,0.000098
_1292_,VSS,Metal1,60.6000,63.1455,0.000058
_1291_,VSS,Metal1,148.5200,70.9855,0.000082
_1290_,VSS,Metal1,112.6800,55.3055,0.000031
_1289_,VSS,Metal1,70.1200,55.3055,0.000031
_1288_,VSS,Metal1,131.7265,55.2350,0.000031
_1287_,VSS,Metal1,126.9865,62.2805,0.000058
_1286_,VSS,Metal1,153.5600,62.2940,0.000058
_1285_,VSS,Metal1,97.0000,62.2940,0.000058
_1284_,VSS,Metal1,81.6400,62.2940,0.000058
_1283_,VSS,Metal1,179.5880,101.4995,0.000031
_1282_,VSS,Metal1,130.0400,70.1340,0.000081
_1281_,VSS,Metal1,39.3200,70.1340,0.000074
_1280_,VSS,Metal1,65.6400,77.9740,0.000080
_1279_,VSS,Metal1,19.1600,47.4655,0.000006
_1278_,VSS,Metal1,70.9930,63.0750,0.000058
_1277_,VSS,Metal1,81.3330,70.1205,0.000079
_1276_,VSS,Metal1,44.3600,63.1455,0.000058
_1275_,VSS,Metal1,35.9600,63.1455,0.000058
_1274_,VSS,Metal1,18.0400,55.3055,0.000028
_1273_,VSS,Metal1,176.7880,102.3405,0.000031
_1272_,VSS,Metal1,189.7165,109.3430,0.000051
_1271_,VSS,Metal1,186.1575,117.8760,0.000097
_1270_,VSS,Metal1,240.0650,149.3775,0.000079
_1269_,VSS,Metal1,197.8465,117.2100,0.000097
_1268_,VSS,Metal1,289.4000,250.4540,0.000025
_1267_,VSS,Metal1,286.2800,243.4655,0.000004
_1266_,VSS,Metal1,273.4000,258.2940,0.000047
_1265_,VSS,Metal1,258.0400,180.7455,0.000011
_1264_,VSS,Metal1,207.0200,148.6525,0.000079
_1263_,VSS,Metal1,220.4025,149.2360,0.000079
_1262_,VSS,Metal1,193.3200,273.9740,0.000054
_1261_,VSS,Metal1,277.6400,289.6540,0.000060
_1260_,VSS,Metal1,295.2400,274.8255,0.000059
_1259_,VSS,Metal1,231.4600,149.2675,0.000079
_1258_,VSS,Metal1,249.9975,164.3635,0.000021
_1257_,VSS,Metal1,249.3800,188.4675,0.000059
_1256_,VSS,Metal1,248.4025,180.5960,0.000011
_1255_,VSS,Metal1,234.7600,164.2140,0.000020
_1254_,VSS,Metal1,205.1400,157.1075,0.000046
_1253_,VSS,Metal1,207.9975,164.3635,0.000020
_1252_,VSS,Metal1,190.5800,149.2675,0.000077
_1251_,VSS,Metal1,196.7975,157.0760,0.000044
_1250_,VSS,Metal1,193.5800,149.2675,0.000077
_1249_,VSS,Metal1,191.8425,156.5235,0.000043
_1248_,VSS,Metal1,215.2200,164.9475,0.000020
_1247_,VSS,Metal1,218.6375,164.9160,0.000020
_1246_,VSS,Metal1,170.2000,266.8710,0.000043
_1245_,VSS,Metal1,161.9730,273.9605,0.000054
_1244_,VSS,Metal1,168.5175,179.9860,0.000009
_1243_,VSS,Metal1,173.7500,179.8925,0.000009
_1242_,VSS,Metal1,56.9575,180.6400,0.000008
_1241_,VSS,Metal1,56.8765,156.4280,0.000037
_1240_,VSS,Metal1,52.3965,179.9480,0.000005
_1239_,VSS,Metal1,231.6775,172.8000,0.000034
_1238_,VSS,Metal1,17.5330,157.2100,0.000035
_1237_,VSS,Metal1,312.7965,172.8515,0.000041
_1236_,VSS,Metal1,277.5975,172.1600,0.000040
_1235_,VSS,Metal1,277.3265,157.1550,0.000050
_1234_,VSS,Metal1,277.5165,187.7880,0.000060
_1233_,VSS,Metal1,81.3625,211.3600,0.000003
_1232_,VSS,Metal1,80.9565,203.4680,0.000004
_1231_,VSS,Metal1,82.6365,227.7315,0.000005
_1230_,VSS,Metal1,13.1230,212.0515,0.000003
_1229_,VSS,Metal1,62.4765,188.5315,0.000033
_1228_,VSS,Metal1,229.2830,180.6915,0.000010
_1227_,VSS,Metal1,286.4765,179.9480,0.000011
_1226_,VSS,Metal1,164.4530,172.8400,0.000029
_1225_,VSS,Metal1,156.3475,172.7560,0.000028
_1224_,VSS,Metal1,155.9965,133.6515,0.000075
_1223_,VSS,Metal1,156.5565,172.1080,0.000028
_1222_,VSS,Metal1,148.1565,172.8515,0.000028
_1221_,VSS,Metal1,167.1230,258.3480,0.000028
_1220_,VSS,Metal1,73.0430,203.4680,0.000004
_1219_,VSS,Metal1,317.7630,179.9480,0.000011
_1218_,VSS,Metal1,52.9565,180.6915,0.000005
_1217_,VSS,Metal1,307.6830,156.4280,0.000050
_1216_,VSS,Metal1,160.9630,148.5880,0.000077
_1215_,VSS,Metal1,171.6825,289.8035,0.000053
_1214_,VSS,Metal1,141.6400,266.8710,0.000042
_1213_,VSS,Metal1,140.4265,281.8005,0.000031
_1212_,VSS,Metal1,122.5975,235.5335,0.000010
_1211_,VSS,Metal1,60.9295,172.0030,0.000025
_1210_,VSS,Metal1,42.3975,172.1600,0.000025
_1209_,VSS,Metal1,31.0430,172.1080,0.000025
_1208_,VSS,Metal1,38.3965,172.1080,0.000025
_1207_,VSS,Metal1,273.2030,165.1425,0.000022
_1206_,VSS,Metal1,89.7625,172.1600,0.000026
_1205_,VSS,Metal1,319.0265,149.3700,0.000081
_1204_,VSS,Metal1,319.0265,196.4100,0.000046
_1203_,VSS,Metal1,62.9630,172.8515,0.000025
_1202_,VSS,Metal1,23.7630,172.8515,0.000025
_1201_,VSS,Metal1,51.1225,172.8000,0.000025
_1200_,VSS,Metal1,184.5885,164.2385,0.000019
_1199_,VSS,Metal1,15.9230,172.8515,0.000025
_1198_,VSS,Metal1,51.2765,188.5315,0.000033
_1197_,VSS,Metal1,277.1855,227.7960,0.000005
_1196_,VSS,Metal1,308.4525,219.2435,0.000002
_1195_,VSS,Metal1,312.2365,219.1480,0.000002
_1194_,VSS,Metal1,302.1565,219.1480,0.000002
_1193_,VSS,Metal1,119.0365,187.7880,0.000053
_1192_,VSS,Metal1,116.1630,235.5715,0.000010
_1191_,VSS,Metal1,317.7630,203.4680,0.000006
_1190_,VSS,Metal1,52.4775,157.1200,0.000037
_1189_,VSS,Metal1,51.8365,156.4280,0.000037
_1188_,VSS,Metal1,79.2030,157.1715,0.000039
_1187_,VSS,Metal1,53.9925,164.2890,0.000018
_1186_,VSS,Metal1,43.4425,164.3635,0.000018
_1185_,VSS,Metal1,87.6030,172.8515,0.000026
_1184_,VSS,Metal1,8.7225,234.9235,0.000009
_1183_,VSS,Metal1,151.9975,274.6760,0.000054
_1182_,VSS,Metal1,127.7200,266.2485,0.000041
_1181_,VSS,Metal1,133.4130,266.9990,0.000042
_1180_,VSS,Metal1,129.3175,172.1460,0.000028
_1179_,VSS,Metal1,128.0900,164.2125,0.000019
_1178_,VSS,Metal1,115.5225,164.3200,0.000019
_1177_,VSS,Metal1,133.7130,164.2850,0.000019
_1176_,VSS,Metal1,29.3630,164.2680,0.000017
_1175_,VSS,Metal1,128.0775,180.6400,0.000008
_1174_,VSS,Metal1,129.0430,157.1715,0.000040
_1173_,VSS,Metal1,127.9230,211.3080,0.000003
_1172_,VSS,Metal1,31.9500,180.7385,0.000005
_1171_,VSS,Metal1,81.0375,164.3200,0.000018
_1170_,VSS,Metal1,69.7675,164.2890,0.000018
_1169_,VSS,Metal1,80.8725,204.1905,0.000004
_1168_,VSS,Metal1,90.4765,156.4280,0.000039
_1167_,VSS,Metal1,84.3275,180.6705,0.000008
_1166_,VSS,Metal1,143.1225,164.3635,0.000019
_1165_,VSS,Metal1,141.3630,157.1715,0.000040
_1164_,VSS,Metal1,302.0510,179.9185,0.000011
_1163_,VSS,Metal1,113.3065,149.3200,0.000080
_1162_,VSS,Metal1,303.9725,156.5235,0.000050
_1161_,VSS,Metal1,323.9230,179.9480,0.000011
_1160_,VSS,Metal1,307.7565,148.5880,0.000081
_1159_,VSS,Metal1,307.1965,149.3315,0.000081
_1158_,VSS,Metal1,125.7565,172.8515,0.000028
_1157_,VSS,Metal1,311.1865,226.9495,0.000005
_1156_,VSS,Metal1,134.6430,212.0515,0.000003
_1155_,VSS,Metal1,315.8100,164.2210,0.000022
_1154_,VSS,Metal1,15.1500,188.5785,0.000032
_1153_,VSS,Metal1,135.1975,281.9635,0.000031
_1152_,VSS,Metal1,119.4000,273.9740,0.000054
_1151_,VSS,Metal1,127.4365,251.2515,0.000019
_1150_,VSS,Metal1,184.1295,195.5230,0.000042
_1149_,VSS,Metal1,296.2665,196.3765,0.000046
_1148_,VSS,Metal1,304.3230,180.6915,0.000011
_1147_,VSS,Metal1,283.6765,196.3715,0.000046
_1146_,VSS,Metal1,153.8375,196.3200,0.000041
_1145_,VSS,Metal1,160.9630,195.6280,0.000042
_1144_,VSS,Metal1,175.1175,156.4800,0.000041
_1143_,VSS,Metal1,210.8765,141.4915,0.000079
_1142_,VSS,Metal1,175.0365,157.1715,0.000041
_1141_,VSS,Metal1,179.5975,204.1600,0.000005
_1140_,VSS,Metal1,180.5630,219.8915,0.000002
_1139_,VSS,Metal1,180.5630,125.8115,0.000052
_1138_,VSS,Metal1,315.8100,211.2610,0.000003
_1137_,VSS,Metal1,184.4830,211.3080,0.000003
_1136_,VSS,Metal1,38.4665,172.8900,0.000025
_1135_,VSS,Metal1,304.3965,204.2115,0.000006
_1134_,VSS,Metal1,147.5965,196.3715,0.000041
_1133_,VSS,Metal1,15.1500,203.4210,0.000004
_1132_,VSS,Metal1,157.0430,234.8280,0.000011
_1131_,VSS,Metal1,130.4675,196.4475,0.000039
_1130_,VSS,Metal1,35.9475,227.6360,0.000005
_1129_,VSS,Metal1,13.1230,234.8280,0.000009
_1128_,VSS,Metal1,38.8725,234.8490,0.000009
_1127_,VSS,Metal1,40.5525,212.0305,0.000003
_1126_,VSS,Metal1,121.6275,196.2760,0.000037
_1125_,VSS,Metal1,119.5965,149.3315,0.000080
_1124_,VSS,Metal1,25.9710,195.5985,0.000033
_1123_,VSS,Metal1,131.9275,235.5505,0.000011
_1122_,VSS,Metal1,138.7175,195.6800,0.000040
_1121_,VSS,Metal1,73.8900,133.6985,0.000075
_1120_,VSS,Metal1,137.4430,242.6680,0.000004
_1119_,VSS,Metal1,169.8910,149.3610,0.000077
_1118_,VSS,Metal1,243.9975,180.6400,0.000011
_1117_,VSS,Metal1,245.5230,179.9480,0.000011
_1116_,VSS,Metal1,234.3965,180.6915,0.000010
_1115_,VSS,Metal1,248.4075,164.9905,0.000021
_1114_,VSS,Metal1,167.2025,156.5235,0.000041
_1113_,VSS,Metal1,289.7575,211.9560,0.000003
_1112_,VSS,Metal1,294.2375,203.5635,0.000006
_1111_,VSS,Metal1,103.0000,259.0310,0.000026
_1110_,VSS,Metal1,100.3730,266.1205,0.000041
_1109_,VSS,Metal1,97.9575,243.3735,0.000004
_1108_,VSS,Metal1,98.0125,187.7120,0.000052
_1107_,VSS,Metal1,301.3065,211.3030,0.000003
_1106_,VSS,Metal1,297.6765,204.2115,0.000006
_1105_,VSS,Metal1,295.3630,219.1480,0.000002
_1104_,VSS,Metal1,323.9965,219.1480,0.000002
_1103_,VSS,Metal1,304.3965,219.8915,0.000002
_1102_,VSS,Metal1,91.0425,187.8835,0.000052
_1101_,VSS,Metal1,13.1965,187.7880,0.000032
_1100_,VSS,Metal1,95.6525,180.5960,0.000008
_1099_,VSS,Metal1,94.6700,282.6585,0.000030
_1098_,VSS,Metal1,315.0685,165.0410,0.000022
_1097_,VSS,Metal1,24.4285,179.9185,0.000005
_1096_,VSS,Metal1,98.6930,242.6005,0.000004
_1095_,VSS,Metal1,157.8930,157.1765,0.000041
_1094_,VSS,Metal1,300.1300,195.5810,0.000046
_1093_,VSS,Metal1,96.1575,235.5200,0.000010
_1092_,VSS,Metal1,13.1965,242.6680,0.000003
_1091_,VSS,Metal1,319.0265,235.6100,0.000016
_1090_,VSS,Metal1,88.6665,242.6800,0.000004
_1089_,VSS,Metal1,97.3325,149.2360,0.000080
_1088_,VSS,Metal1,319.0265,204.2500,0.000006
_1087_,VSS,Metal1,82.5630,125.0680,0.000052
_1086_,VSS,Metal1,290.1100,141.5385,0.000087
_1085_,VSS,Metal1,107.3865,250.4405,0.000018
_1084_,VSS,Metal1,109.3625,235.5200,0.000010
_1083_,VSS,Metal1,319.0265,243.4500,0.000005
_1082_,VSS,Metal1,104.8030,234.8430,0.000010
_1081_,VSS,Metal1,181.2775,258.4000,0.000030
_1080_,VSS,Metal1,177.2030,258.3480,0.000028
_1079_,VSS,Metal1,227.8900,133.6985,0.000080
_1078_,VSS,Metal1,41.9700,251.2985,0.000018
_1077_,VSS,Metal1,154.3165,149.3315,0.000078
_1076_,VSS,Metal1,300.1300,242.6210,0.000005
_1075_,VSS,Metal1,158.2365,156.4280,0.000041
_1074_,VSS,Metal1,312.7175,250.6035,0.000025
_1073_,VSS,Metal1,43.4365,226.9880,0.000005
_1072_,VSS,Metal1,79.6825,180.0000,0.000008
_1071_,VSS,Metal1,84.2430,149.3315,0.000080
_1070_,VSS,Metal1,13.1230,180.6915,0.000005
_1069_,VSS,Metal1,73.6765,179.9480,0.000008
_1068_,VSS,Metal1,78.1565,187.7880,0.000034
_1067_,VSS,Metal1,95.7300,157.2185,0.000039
_1066_,VSS,Metal1,27.1965,242.6680,0.000003
_1065_,VSS,Metal1,100.4830,180.6915,0.000008
_1064_,VSS,Metal1,188.0330,157.1550,0.000042
_1063_,VSS,Metal1,112.7975,251.1560,0.000018
_1062_,VSS,Metal1,87.9600,258.4085,0.000025
_1061_,VSS,Metal1,97.0130,266.1205,0.000039
_1060_,VSS,Metal1,71.1325,234.7520,0.000009
_1059_,VSS,Metal1,60.6050,211.2705,0.000003
_1058_,VSS,Metal1,274.4265,204.2165,0.000005
_1057_,VSS,Metal1,270.1630,203.4680,0.000005
_1056_,VSS,Metal1,321.4100,274.8185,0.000059
_1055_,VSS,Metal1,274.1565,188.5315,0.000060
_1054_,VSS,Metal1,323.9965,211.3080,0.000003
_1053_,VSS,Metal1,36.2375,211.3600,0.000003
_1052_,VSS,Metal1,37.8365,204.2115,0.000004
_1051_,VSS,Metal1,13.1230,204.2115,0.000004
_1050_,VSS,Metal1,42.3165,203.4680,0.000004
_1049_,VSS,Metal1,110.9875,204.1160,0.000004
_1048_,VSS,Metal1,111.1230,141.4915,0.000072
_1047_,VSS,Metal1,111.6725,179.9690,0.000008
_1046_,VSS,Metal1,267.4685,211.2785,0.000003
_1045_,VSS,Metal1,56.1625,211.3600,0.000003
_1044_,VSS,Metal1,150.2910,179.9185,0.000008
_1043_,VSS,Metal1,319.0265,212.0900,0.000003
_1042_,VSS,Metal1,13.1965,211.3080,0.000003
_1041_,VSS,Metal1,169.8425,234.8800,0.000011
_1040_,VSS,Metal1,168.5175,242.7060,0.000004
_1039_,VSS,Metal1,167.7565,235.5715,0.000011
_1038_,VSS,Metal1,164.3230,243.4115,0.000004
_1037_,VSS,Metal1,157.6030,242.6680,0.000004
_1036_,VSS,Metal1,159.2830,243.4115,0.000004
_1035_,VSS,Metal1,167.3975,212.0135,0.000003
_1034_,VSS,Metal1,295.0900,212.0985,0.000003
_1033_,VSS,Metal1,167.1230,211.3080,0.000003
_1032_,VSS,Metal1,161.0365,132.9080,0.000075
_1031_,VSS,Metal1,160.4765,212.0515,0.000003
_1030_,VSS,Metal1,174.8000,227.7075,0.000005
_1029_,VSS,Metal1,265.1230,219.8915,0.000002
_1028_,VSS,Metal1,47.0700,227.7785,0.000005
_1027_,VSS,Metal1,167.1965,227.7315,0.000005
_1026_,VSS,Metal1,60.8775,227.6800,0.000005
_1025_,VSS,Metal1,56.8765,227.7315,0.000005
_1024_,VSS,Metal1,54.0030,234.8280,0.000009
_1023_,VSS,Metal1,150.4285,226.9585,0.000005
_1022_,VSS,Metal1,69.2025,235.4760,0.000009
_1021_,VSS,Metal1,25.4175,234.8690,0.000009
_1020_,VSS,Metal1,179.5485,132.8785,0.000075
_1019_,VSS,Metal1,8.7225,242.7635,0.000003
_1018_,VSS,Metal1,177.1975,125.7160,0.000052
_1017_,VSS,Metal1,8.7225,219.7960,0.000002
_1016_,VSS,Metal1,23.7630,204.2115,0.000004
_1015_,VSS,Metal1,89.8375,266.2835,0.000036
_1014_,VSS,Metal1,99.7200,266.8710,0.000041
_1013_,VSS,Metal1,100.3730,274.8390,0.000053
_1012_,VSS,Metal1,108.1600,219.8675,0.000002
_1011_,VSS,Metal1,114.1865,219.8930,0.000002
_1010_,VSS,Metal1,127.2825,219.8400,0.000002
_1009_,VSS,Metal1,134.7165,179.9480,0.000008
_1008_,VSS,Metal1,134.1565,157.1715,0.000040
_1007_,VSS,Metal1,127.9965,258.3480,0.000027
_1006_,VSS,Metal1,131.2830,219.8915,0.000002
_1005_,VSS,Metal1,103.4375,172.1600,0.000026
_1004_,VSS,Metal1,103.2830,164.2680,0.000018
_1003_,VSS,Metal1,112.8765,132.9080,0.000075
_1002_,VSS,Metal1,106.6430,195.6280,0.000035
_1001_,VSS,Metal1,286.7465,219.1430,0.000002
_1000_,VSS,Metal1,69.2665,226.9495,0.000005
_0999_,VSS,Metal1,284.2475,219.8705,0.000002
_0998_,VSS,Metal1,316.1565,234.8280,0.000016
_0997_,VSS,Metal1,289.2875,227.0090,0.000005
_0996_,VSS,Metal1,61.4665,219.9590,0.000002
_0995_,VSS,Metal1,48.5575,227.0400,0.000005
_0994_,VSS,Metal1,45.1275,235.5505,0.000009
_0993_,VSS,Metal1,52.4285,165.0410,0.000018
_0992_,VSS,Metal1,29.8665,227.7200,0.000005
_0991_,VSS,Metal1,51.8475,219.8705,0.000002
_0990_,VSS,Metal1,61.4375,196.3200,0.000034
_0989_,VSS,Metal1,301.6665,250.4695,0.000025
_0988_,VSS,Metal1,15.9125,196.3505,0.000033
_0987_,VSS,Metal1,62.4030,117.9715,0.000089
_0986_,VSS,Metal1,140.2110,156.3985,0.000040
_0985_,VSS,Metal1,205.9300,188.5180,0.000054
_0984_,VSS,Metal1,199.1975,187.8400,0.000053
_0983_,VSS,Metal1,320.3500,172.8985,0.000041
_0982_,VSS,Metal1,198.2700,289.6610,0.000058
_0981_,VSS,Metal1,186.2365,140.7480,0.000078
_0980_,VSS,Metal1,206.3965,187.7880,0.000054
_0979_,VSS,Metal1,205.3575,195.6800,0.000043
_0978_,VSS,Metal1,17.1865,243.4500,0.000003
_0977_,VSS,Metal1,206.3230,274.0280,0.000054
_0976_,VSS,Metal1,309.0900,195.5810,0.000046
_0975_,VSS,Metal1,206.8830,172.1080,0.000031
_0974_,VSS,Metal1,282.4775,180.5960,0.000011
_0973_,VSS,Metal1,290.3125,180.6705,0.000011
_0972_,VSS,Metal1,279.7675,172.8305,0.000040
_0971_,VSS,Metal1,109.5165,172.1080,0.000027
_0970_,VSS,Metal1,96.0825,266.8360,0.000039
_0969_,VSS,Metal1,89.5600,266.8710,0.000036
_0968_,VSS,Metal1,241.9010,282.6240,0.000047
_0967_,VSS,Metal1,233.1165,281.8975,0.000046
_0966_,VSS,Metal1,243.9850,314.0175,0.000013
_0965_,VSS,Metal1,92.4125,219.9675,0.000002
_0964_,VSS,Metal1,81.8850,219.9290,0.000002
_0963_,VSS,Metal1,79.9175,227.0400,0.000005
_0962_,VSS,Metal1,30.4830,188.5315,0.000032
_0961_,VSS,Metal1,115.3300,140.7010,0.000072
_0960_,VSS,Metal1,16.4830,250.5080,0.000018
_0959_,VSS,Metal1,169.1500,273.9810,0.000054
_0958_,VSS,Metal1,76.5575,227.6800,0.000005
_0957_,VSS,Metal1,57.9230,226.9880,0.000005
_0956_,VSS,Metal1,79.8365,234.8280,0.000009
_0955_,VSS,Metal1,319.0265,227.7700,0.000005
_0954_,VSS,Metal1,82.6365,242.6680,0.000004
_0953_,VSS,Metal1,282.7730,212.0565,0.000003
_0952_,VSS,Metal1,308.8765,211.3080,0.000003
_0951_,VSS,Metal1,284.7230,211.3080,0.000003
_0950_,VSS,Metal1,315.8700,172.0610,0.000041
_0949_,VSS,Metal1,47.4265,149.3700,0.000074
_0948_,VSS,Metal1,78.5625,188.4800,0.000034
_0947_,VSS,Metal1,79.2030,165.0115,0.000018
_0946_,VSS,Metal1,319.0265,188.5700,0.000061
_0945_,VSS,Metal1,35.5965,188.5315,0.000032
_0944_,VSS,Metal1,28.8030,187.7880,0.000032
_0943_,VSS,Metal1,93.6275,211.9560,0.000003
_0942_,VSS,Metal1,21.5230,212.0515,0.000003
_0941_,VSS,Metal1,129.1165,204.2115,0.000004
_0940_,VSS,Metal1,102.2475,203.4890,0.000004
_0939_,VSS,Metal1,95.3625,219.2000,0.000002
_0938_,VSS,Metal1,319.0265,219.9300,0.000002
_0937_,VSS,Metal1,88.0900,219.1405,0.000002
_0936_,VSS,Metal1,190.0025,164.9600,0.000019
_0935_,VSS,Metal1,203.0475,164.9905,0.000020
_0934_,VSS,Metal1,187.6830,172.1230,0.000030
_0933_,VSS,Metal1,71.3310,250.4785,0.000018
_0932_,VSS,Metal1,314.9310,157.2010,0.000050
_0931_,VSS,Metal1,78.5625,219.2000,0.000002
_0930_,VSS,Metal1,77.0365,243.4115,0.000004
_0929_,VSS,Metal1,227.7085,179.9185,0.000010
_0928_,VSS,Metal1,13.1230,219.8915,0.000002
_0927_,VSS,Metal1,23.7310,219.1185,0.000002
_0926_,VSS,Metal1,94.9565,117.9715,0.000094
_0925_,VSS,Metal1,15.0900,235.6185,0.000009
_0924_,VSS,Metal1,194.4865,219.9095,0.000002
_0923_,VSS,Metal1,236.7130,195.6100,0.000045
_0922_,VSS,Metal1,210.9530,227.7495,0.000005
_0921_,VSS,Metal1,248.2465,234.8100,0.000015
_0920_,VSS,Metal1,154.3930,259.1095,0.000028
_0919_,VSS,Metal1,212.0730,219.1300,0.000002
_0918_,VSS,Metal1,249.9265,212.0695,0.000003
_0917_,VSS,Metal1,248.2465,226.9700,0.000005
_0916_,VSS,Metal1,190.2330,243.4295,0.000004
_0915_,VSS,Metal1,256.0865,204.2295,0.000005
_0914_,VSS,Metal1,256.6465,219.9095,0.000002
_0913_,VSS,Metal1,189.6730,242.6500,0.000004
_0912_,VSS,Metal1,145.9930,242.6500,0.000004
_0911_,VSS,Metal1,228.6465,219.9095,0.000002
_0910_,VSS,Metal1,226.6330,211.2900,0.000003
_0909_,VSS,Metal1,243.9930,204.2295,0.000005
_0908_,VSS,Metal1,150.8065,243.4295,0.000004
_0907_,VSS,Metal1,246.5665,243.4295,0.000004
_0906_,VSS,Metal1,236.1530,219.1300,0.000002
_0905_,VSS,Metal1,228.6465,227.7495,0.000005
_0904_,VSS,Metal1,172.3130,243.4295,0.000004
_0903_,VSS,Metal1,177.6865,250.4900,0.000020
_0902_,VSS,Metal1,152.1530,258.3300,0.000028
_0901_,VSS,Metal1,239.8465,212.0695,0.000003
_0900_,VSS,Metal1,143.1930,250.4900,0.000019
_0899_,VSS,Metal1,211.4665,250.5680,0.000021
_0898_,VSS,Metal1,262.8065,203.4500,0.000005
_0897_,VSS,Metal1,150.2300,227.7800,0.000005
_0896_,VSS,Metal1,197.8465,250.4900,0.000021
_0895_,VSS,Metal1,223.8330,203.4500,0.000005
_0894_,VSS,Metal1,201.2065,227.7495,0.000005
_0893_,VSS,Metal1,256.3130,243.4295,0.000004
_0892_,VSS,Metal1,153.2730,250.4900,0.000019
_0891_,VSS,Metal1,218.7930,226.9700,0.000005
_0890_,VSS,Metal1,191.9130,234.8100,0.000012
_0889_,VSS,Metal1,138.7130,243.4295,0.000004
_0888_,VSS,Metal1,208.5330,251.1915,0.000021
_0887_,VSS,Metal1,238.3930,251.2695,0.000023
_0886_,VSS,Metal1,228.3130,204.2295,0.000005
_0885_,VSS,Metal1,191.3530,226.9700,0.000005
_0884_,VSS,Metal1,156.0730,251.2695,0.000019
_0883_,VSS,Metal1,204.4800,243.3515,0.000004
_0882_,VSS,Metal1,239.8465,227.7495,0.000005
_0881_,VSS,Metal1,219.7200,227.7165,0.000005
_0880_,VSS,Metal1,146.5530,234.8100,0.000011
_0879_,VSS,Metal1,229.7665,212.0695,0.000003
_0878_,VSS,Metal1,256.3130,235.5895,0.000015
_0877_,VSS,Metal1,259.4465,234.8100,0.000015
_0876_,VSS,Metal1,189.1130,180.7095,0.000010
_0875_,VSS,Metal1,200.0865,212.0695,0.000003
_0874_,VSS,Metal1,259.4465,219.1300,0.000002
_0873_,VSS,Metal1,149.9130,219.1300,0.000002
_0872_,VSS,Metal1,198.8800,235.5115,0.000012
_0871_,VSS,Metal1,192.4730,196.3895,0.000042
_0870_,VSS,Metal1,197.4800,242.6830,0.000004
_0869_,VSS,Metal1,148.7930,211.2900,0.000003
_0868_,VSS,Metal1,259.4465,226.9700,0.000005
_0867_,VSS,Metal1,245.6730,235.5895,0.000015
_0866_,VSS,Metal1,248.2465,219.1300,0.000002
_0865_,VSS,Metal1,269.1930,234.8100,0.000015
_0864_,VSS,Metal1,249.9265,227.7495,0.000005
_0863_,VSS,Metal1,243.7665,219.9095,0.000002
_0862_,VSS,Metal1,235.2800,234.8880,0.000015
_0861_,VSS,Metal1,97.1965,226.9880,0.000005
_0860_,VSS,Metal1,229.2065,226.9700,0.000005
_0859_,VSS,Metal1,226.9930,250.5240,0.000023
_0858_,VSS,Metal1,151.9265,219.9095,0.000002
_0857_,VSS,Metal1,214.8730,212.0695,0.000003
_0856_,VSS,Metal1,228.3130,196.3895,0.000045
_0855_,VSS,Metal1,228.4985,251.2640,0.000023
_0854_,VSS,Metal1,215.4330,204.2295,0.000005
_0853_,VSS,Metal1,248.5600,203.5280,0.000005
_0852_,VSS,Metal1,261.1265,242.6500,0.000004
_0851_,VSS,Metal1,235.8400,243.3515,0.000004
_0850_,VSS,Metal1,152.1530,212.0695,0.000003
_0849_,VSS,Metal1,208.7130,203.4500,0.000005
_0848_,VSS,Metal1,151.5930,235.5895,0.000011
_0847_,VSS,Metal1,232.4800,235.5115,0.000015
_0846_,VSS,Metal1,217.4465,243.4295,0.000004
_0845_,VSS,Metal1,205.3530,204.2295,0.000005
_0844_,VSS,Metal1,210.3465,235.5115,0.000012
_0843_,VSS,Metal1,254.7265,250.5350,0.000025
_0842_,VSS,Metal1,208.7130,226.9700,0.000005
_0841_,VSS,Metal1,220.2930,234.8880,0.000014
_0840_,VSS,Metal1,255.6050,251.3310,0.000025
_0839_,VSS,Metal1,247.9130,211.2900,0.000003
_0838_,VSS,Metal1,255.2865,258.3750,0.000039
_0837_,VSS,Metal1,215.6800,242.7280,0.000004
_0836_,VSS,Metal1,217.4465,259.1095,0.000038
_0835_,VSS,Metal1,89.9225,274.1235,0.000053
_0834_,VSS,Metal1,260.2925,313.8760,0.000013
_0833_,VSS,Metal1,277.6400,266.9855,0.000050
_0832_,VSS,Metal1,275.0800,266.1340,0.000050
_0831_,VSS,Metal1,266.1200,289.6540,0.000060
_0830_,VSS,Metal1,248.2000,297.4940,0.000048
_0829_,VSS,Metal1,216.2800,298.3455,0.000046
_0828_,VSS,Metal1,212.3600,289.6540,0.000058
_0827_,VSS,Metal1,269.4800,297.4940,0.000060
_0826_,VSS,Metal1,268.0025,251.1560,0.000025
_0825_,VSS,Metal1,267.3630,258.3480,0.000047
_0824_,VSS,Metal1,237.0465,250.4900,0.000023
_0823_,VSS,Metal1,244.2675,242.7635,0.000004
_0822_,VSS,Metal1,258.0600,259.0175,0.000039
_0821_,VSS,Metal1,270.8600,266.2250,0.000050
_0820_,VSS,Metal1,251.6200,266.3260,0.000050
_0819_,VSS,Metal1,248.4775,274.0800,0.000056
_0818_,VSS,Metal1,249.9400,281.9325,0.000047
_0817_,VSS,Metal1,245.1465,273.9605,0.000056
_0816_,VSS,Metal1,253.3575,274.6760,0.000057
_0815_,VSS,Metal1,240.0025,274.1235,0.000056
_0814_,VSS,Metal1,240.3730,258.2805,0.000039
_0813_,VSS,Metal1,238.2000,242.6830,0.000004
_0812_,VSS,Metal1,219.1165,251.2225,0.000022
_0811_,VSS,Metal1,256.1575,274.6760,0.000058
_0810_,VSS,Metal1,227.7400,266.2525,0.000045
_0809_,VSS,Metal1,219.2030,266.1880,0.000043
_0808_,VSS,Metal1,230.2400,242.7280,0.000004
_0807_,VSS,Metal1,209.2025,266.2835,0.000043
_0806_,VSS,Metal1,214.6600,266.2525,0.000043
_0805_,VSS,Metal1,219.3930,266.9150,0.000043
_0804_,VSS,Metal1,213.8665,258.3465,0.000038
_0803_,VSS,Metal1,226.6430,259.0625,0.000038
_0802_,VSS,Metal1,211.9175,274.1235,0.000056
_0801_,VSS,Metal1,224.9400,282.5750,0.000034
_0800_,VSS,Metal1,215.3675,282.5905,0.000034
_0799_,VSS,Metal1,215.2900,274.7815,0.000056
_0798_,VSS,Metal1,226.4200,266.8675,0.000045
_0797_,VSS,Metal1,229.3565,274.7715,0.000056
_0796_,VSS,Metal1,275.0800,273.9740,0.000058
_0795_,VSS,Metal1,243.9225,281.9635,0.000047
_0794_,VSS,Metal1,242.0865,274.7895,0.000056
_0793_,VSS,Metal1,235.3800,313.9075,0.000013
_0792_,VSS,Metal1,238.7975,321.1635,0.000013
_0791_,VSS,Metal1,245.1530,305.4050,0.000029
_0790_,VSS,Metal1,241.0375,305.4835,0.000028
_0789_,VSS,Metal1,228.3000,313.2650,0.000013
_0788_,VSS,Metal1,231.5965,313.2280,0.000013
_0787_,VSS,Metal1,237.6900,313.2180,0.000013
_0786_,VSS,Metal1,250.1930,306.1150,0.000029
_0785_,VSS,Metal1,256.0530,298.3590,0.000049
_0784_,VSS,Metal1,244.5400,313.2650,0.000013
_0783_,VSS,Metal1,257.2200,313.2925,0.000013
_0782_,VSS,Metal1,238.9400,289.7725,0.000059
_0781_,VSS,Metal1,109.3200,282.6655,0.000031
_0780_,VSS,Metal1,181.0000,273.9740,0.000054
_0779_,VSS,Metal1,156.3600,274.8255,0.000054
_0778_,VSS,Metal1,271.7200,141.5455,0.000085
_0777_,VSS,Metal1,284.1000,141.4275,0.000087
_0776_,VSS,Metal1,298.8025,141.3960,0.000087
_0775_,VSS,Metal1,238.4400,140.6940,0.000084
_0774_,VSS,Metal1,289.6400,156.3740,0.000050
_0773_,VSS,Metal1,276.2000,132.8540,0.000081
_0772_,VSS,Metal1,212.7200,125.1280,0.000053
_0771_,VSS,Metal1,188.8765,117.2575,0.000097
_0770_,VSS,Metal1,315.4000,140.6940,0.000087
_0769_,VSS,Metal1,297.2400,172.9055,0.000041
_0768_,VSS,Metal1,285.7200,172.0540,0.000040
_0767_,VSS,Metal1,305.3200,172.9055,0.000041
_0766_,VSS,Metal1,298.1000,125.7475,0.000057
_0765_,VSS,Metal1,308.2375,125.7160,0.000057
_0764_,VSS,Metal1,212.7200,132.9680,0.000079
_0763_,VSS,Metal1,191.6865,125.8295,0.000053
_0762_,VSS,Metal1,213.1800,156.4650,0.000047
_0761_,VSS,Metal1,271.9225,282.5160,0.000047
_0760_,VSS,Metal1,235.9975,266.8360,0.000048
_0759_,VSS,Metal1,239.2700,281.8200,0.000047
_0758_,VSS,Metal1,232.5800,266.8950,0.000047
_0757_,VSS,Metal1,242.2665,298.2315,0.000048
_0756_,VSS,Metal1,262.4900,313.2415,0.000013
_0755_,VSS,Metal1,238.1075,297.6435,0.000048
_0754_,VSS,Metal1,71.2530,149.3990,0.000079
_0753_,VSS,Metal1,198.7200,133.5915,0.000076
_0752_,VSS,Metal1,197.8465,132.8900,0.000076
_0751_,VSS,Metal1,199.1930,110.1495,0.000051
_0750_,VSS,Metal1,190.1625,140.8435,0.000078
_0749_,VSS,Metal1,235.3720,148.5395,0.000079
_0748_,VSS,Metal1,232.7225,125.7160,0.000055
_0747_,VSS,Metal1,231.9730,140.6805,0.000082
_0746_,VSS,Metal1,122.8200,259.0550,0.000026
_0745_,VSS,Metal1,260.7800,251.2150,0.000025
_0744_,VSS,Metal1,264.1400,258.3850,0.000047
_0743_,VSS,Metal1,207.8830,258.3030,0.000032
_0742_,VSS,Metal1,224.9965,243.4565,0.000004
_0741_,VSS,Metal1,210.4365,259.1365,0.000034
_0740_,VSS,Metal1,224.5065,266.0905,0.000045
_0739_,VSS,Metal1,235.9400,282.5750,0.000046
_0738_,VSS,Metal1,260.2200,321.7750,0.000014
_0737_,VSS,Metal1,264.7000,313.9350,0.000013
_0736_,VSS,Metal1,232.7800,141.4550,0.000082
_0735_,VSS,Metal1,185.5400,110.1250,0.000050
_0734_,VSS,Metal1,200.8600,125.1050,0.000053
