Instance,Terminal,Layer,X location,Y location,Voltage
FILLER_81_573,VDD,Metal1,327.8800,333.2000,3.299977
FILLER_81_569,VDD,Metal1,326.8600,333.6325,3.299977
FILLER_81_560,VDD,Metal1,320.6000,333.2000,3.299977
FILLER_81_558,VDD,Metal1,319.7600,333.2000,3.299977
FILLER_81_554,VDD,Metal1,318.4600,333.6325,3.299977
FILLER_81_546,VDD,Metal1,315.2265,333.7765,3.299977
FILLER_81_543,VDD,Metal1,311.0800,333.2000,3.299977
FILLER_81_527,VDD,Metal1,306.9280,333.8920,3.299977
FILLER_81_518,VDD,Metal1,297.0800,333.2000,3.299977
FILLER_81_516,VDD,Metal1,296.2400,333.2000,3.299977
FILLER_81_512,VDD,Metal1,294.9400,333.6325,3.299977
FILLER_81_508,VDD,Metal1,291.7600,333.2000,3.299977
FILLER_81_500,VDD,Metal1,289.4665,333.7765,3.299977
FILLER_81_484,VDD,Metal1,282.8480,333.8920,3.299977
FILLER_81_441,VDD,Metal1,253.9600,333.2000,3.299979
FILLER_81_434,VDD,Metal1,250.0400,333.2000,3.299979
FILLER_81_426,VDD,Metal1,248.0265,333.7765,3.299979
FILLER_81_410,VDD,Metal1,241.4080,333.8920,3.299979
FILLER_81_407,VDD,Metal1,234.9200,333.2000,3.299979
FILLER_81_399,VDD,Metal1,232.9065,333.7765,3.299979
FILLER_81_392,VDD,Metal1,226.5200,333.2000,3.299979
FILLER_81_376,VDD,Metal1,222.3680,333.8920,3.299979
FILLER_81_342,VDD,Metal1,207.8755,333.9685,3.299979
FILLER_81_339,VDD,Metal1,196.8400,333.2000,3.299979
FILLER_81_335,VDD,Metal1,195.8200,333.6325,3.299979
FILLER_81_319,VDD,Metal1,190.4480,333.8920,3.299979
FILLER_81_312,VDD,Metal1,181.7200,333.2000,3.299987
FILLER_81_308,VDD,Metal1,180.7000,333.6325,3.299987
FILLER_81_274,VDD,Metal1,169.7955,333.9685,3.299987
FILLER_81_256,VDD,Metal1,152.8265,333.7765,3.299987
FILLER_81_240,VDD,Metal1,146.2080,333.8920,3.299987
FILLER_81_237,VDD,Metal1,139.7200,333.2000,3.299987
FILLER_81_233,VDD,Metal1,138.7000,333.6325,3.299987
FILLER_81_224,VDD,Metal1,132.4400,333.2000,3.299987
FILLER_81_222,VDD,Metal1,131.6000,333.2000,3.299987
FILLER_81_206,VDD,Metal1,127.1680,333.8920,3.299987
FILLER_81_203,VDD,Metal1,120.6800,333.2000,3.299987
FILLER_81_199,VDD,Metal1,119.6600,333.6325,3.299987
FILLER_81_191,VDD,Metal1,116.4265,333.7765,3.299987
FILLER_81_182,VDD,Metal1,108.9200,333.2000,3.299987
FILLER_81_180,VDD,Metal1,108.0800,333.2000,3.299987
FILLER_81_172,VDD,Metal1,105.7865,333.7765,3.299987
FILLER_81_169,VDD,Metal1,101.6400,333.2000,3.299988
FILLER_81_167,VDD,Metal1,100.8000,333.2000,3.299988
FILLER_81_163,VDD,Metal1,99.5000,333.6325,3.299988
FILLER_81_147,VDD,Metal1,94.1280,333.8920,3.299988
FILLER_81_140,VDD,Metal1,85.4000,333.2000,3.299988
FILLER_81_138,VDD,Metal1,84.5600,333.2000,3.299988
FILLER_81_104,VDD,Metal1,74.5955,333.9685,3.299988
FILLER_81_94,VDD,Metal1,59.9200,333.2000,3.299988
FILLER_81_86,VDD,Metal1,57.6265,333.7765,3.299988
FILLER_81_70,VDD,Metal1,51.0080,333.8920,3.299988
FILLER_81_67,VDD,Metal1,44.5200,333.2000,3.299988
FILLER_81_63,VDD,Metal1,43.5000,333.6325,3.299988
FILLER_81_56,VDD,Metal1,38.3600,333.2000,3.299988
FILLER_81_52,VDD,Metal1,37.3400,333.6325,3.299988
FILLER_81_36,VDD,Metal1,31.9680,333.8920,3.299988
FILLER_81_33,VDD,Metal1,25.4800,333.2000,3.299988
FILLER_81_31,VDD,Metal1,24.6400,333.2000,3.299988
FILLER_81_23,VDD,Metal1,22.3465,333.7765,3.299988
FILLER_81_14,VDD,Metal1,14.8400,333.2000,3.299988
FILLER_81_10,VDD,Metal1,13.8200,333.6325,3.299988
FILLER_81_2,VDD,Metal1,10.5865,333.7765,3.299988
FILLER_80_573,VDD,Metal1,327.8800,333.2000,3.299977
FILLER_80_571,VDD,Metal1,327.0400,333.2000,3.299977
FILLER_80_567,VDD,Metal1,325.7400,332.7675,3.299977
FILLER_80_559,VDD,Metal1,322.5065,332.6230,3.299977
FILLER_80_527,VDD,Metal1,311.4755,332.4310,3.299977
FILLER_80_521,VDD,Metal1,299.9800,332.7675,3.299977
FILLER_80_513,VDD,Metal1,296.7465,332.6230,3.299977
FILLER_80_497,VDD,Metal1,290.1280,332.5080,3.299977
FILLER_80_423,VDD,Metal1,248.6880,332.5080,3.299979
FILLER_80_381,VDD,Metal1,221.5800,332.7675,3.299979
FILLER_80_317,VDD,Metal1,202.8750,332.3855,3.299979
FILLER_80_307,VDD,Metal1,179.2000,333.2000,3.299987
FILLER_80_303,VDD,Metal1,177.9000,332.7675,3.299987
FILLER_80_295,VDD,Metal1,174.6665,332.6230,3.299987
FILLER_80_279,VDD,Metal1,168.0480,332.5080,3.299987
FILLER_80_247,VDD,Metal1,154.6755,332.4310,3.299987
FILLER_80_241,VDD,Metal1,143.1800,332.7675,3.299987
FILLER_80_177,VDD,Metal1,124.4750,332.3855,3.299987
FILLER_80_171,VDD,Metal1,103.9800,332.7675,3.299988
FILLER_80_107,VDD,Metal1,85.2750,332.3855,3.299988
FILLER_80_101,VDD,Metal1,64.7800,332.7675,3.299988
FILLER_80_37,VDD,Metal1,46.0750,332.3855,3.299988
FILLER_80_34,VDD,Metal1,26.0400,333.2000,3.299988
FILLER_80_2,VDD,Metal1,17.4755,332.4310,3.299988
FILLER_79_570,VDD,Metal1,327.4200,325.7925,3.299982
FILLER_79_562,VDD,Metal1,324.1865,325.9365,3.299982
FILLER_79_556,VDD,Metal1,319.5800,325.7925,3.299982
FILLER_79_492,VDD,Metal1,300.8750,326.1740,3.299982
FILLER_79_416,VDD,Metal1,241.1800,325.7925,3.299984
FILLER_79_352,VDD,Metal1,222.4750,326.1740,3.299985
FILLER_79_346,VDD,Metal1,201.9800,325.7925,3.299985
FILLER_79_282,VDD,Metal1,183.2750,326.1740,3.299985
FILLER_79_276,VDD,Metal1,162.7800,325.7925,3.299985
FILLER_79_212,VDD,Metal1,144.0750,326.1740,3.299985
FILLER_79_206,VDD,Metal1,123.5800,325.7925,3.299985
FILLER_79_142,VDD,Metal1,104.8750,326.1740,3.299985
FILLER_79_136,VDD,Metal1,84.3800,325.7925,3.299985
FILLER_79_72,VDD,Metal1,65.6750,326.1740,3.299985
FILLER_79_66,VDD,Metal1,45.1800,325.7925,3.299985
FILLER_79_2,VDD,Metal1,26.4750,326.1740,3.299985
FILLER_78_573,VDD,Metal1,327.8800,325.3600,3.299982
FILLER_78_571,VDD,Metal1,327.0400,325.3600,3.299982
FILLER_78_567,VDD,Metal1,325.7400,324.9275,3.299982
FILLER_78_559,VDD,Metal1,322.5065,324.7830,3.299982
FILLER_78_527,VDD,Metal1,311.4755,324.5910,3.299982
FILLER_78_524,VDD,Metal1,300.4400,325.3600,3.299982
FILLER_78_516,VDD,Metal1,298.4265,324.7830,3.299982
FILLER_78_506,VDD,Metal1,291.5800,324.9275,3.299982
FILLER_78_498,VDD,Metal1,288.3465,324.7830,3.299982
FILLER_78_457,VDD,Metal1,262.9200,325.3600,3.299982
FILLER_78_454,VDD,Metal1,261.2400,325.3600,3.299982
FILLER_78_413,VDD,Metal1,238.2800,325.3600,3.299985
FILLER_78_411,VDD,Metal1,237.4400,325.3600,3.299985
FILLER_78_403,VDD,Metal1,235.1465,324.7830,3.299985
FILLER_78_387,VDD,Metal1,228.5280,324.6680,3.299985
FILLER_78_381,VDD,Metal1,221.5800,324.9275,3.299985
FILLER_78_317,VDD,Metal1,202.8750,324.5455,3.299985
FILLER_78_311,VDD,Metal1,182.3800,324.9275,3.299985
FILLER_78_247,VDD,Metal1,163.6750,324.5455,3.299985
FILLER_78_241,VDD,Metal1,143.1800,324.9275,3.299985
FILLER_78_177,VDD,Metal1,124.4750,324.5455,3.299985
FILLER_78_171,VDD,Metal1,103.9800,324.9275,3.299985
FILLER_78_107,VDD,Metal1,85.2750,324.5455,3.299985
FILLER_78_101,VDD,Metal1,64.7800,324.9275,3.299985
FILLER_78_37,VDD,Metal1,46.0750,324.5455,3.299985
FILLER_78_34,VDD,Metal1,26.0400,325.3600,3.299985
FILLER_78_2,VDD,Metal1,17.4755,324.5910,3.299985
FILLER_77_570,VDD,Metal1,327.4200,317.9525,3.299986
FILLER_77_562,VDD,Metal1,324.1865,318.0965,3.299986
FILLER_77_556,VDD,Metal1,319.5800,317.9525,3.299986
FILLER_77_492,VDD,Metal1,300.8750,318.3340,3.299986
FILLER_77_488,VDD,Metal1,280.5600,317.5200,3.299986
FILLER_77_422,VDD,Metal1,252.6755,318.2885,3.299986
FILLER_77_416,VDD,Metal1,241.1800,317.9525,3.299986
FILLER_77_410,VDD,Metal1,236.6000,317.5200,3.299987
FILLER_77_408,VDD,Metal1,235.7600,317.5200,3.299987
FILLER_77_400,VDD,Metal1,233.4665,318.0965,3.299987
FILLER_77_384,VDD,Metal1,226.8480,318.2120,3.299987
FILLER_77_352,VDD,Metal1,213.4755,318.2885,3.299987
FILLER_77_346,VDD,Metal1,201.9800,317.9525,3.299987
FILLER_77_282,VDD,Metal1,183.2750,318.3340,3.299987
FILLER_77_276,VDD,Metal1,162.7800,317.9525,3.299987
FILLER_77_212,VDD,Metal1,144.0750,318.3340,3.299987
FILLER_77_206,VDD,Metal1,123.5800,317.9525,3.299987
FILLER_77_142,VDD,Metal1,104.8750,318.3340,3.299987
FILLER_77_136,VDD,Metal1,84.3800,317.9525,3.299987
FILLER_77_72,VDD,Metal1,65.6750,318.3340,3.299987
FILLER_77_66,VDD,Metal1,45.1800,317.9525,3.299987
FILLER_77_2,VDD,Metal1,26.4750,318.3340,3.299987
FILLER_76_561,VDD,Metal1,321.1600,317.5200,3.299986
FILLER_76_559,VDD,Metal1,320.3200,317.5200,3.299986
FILLER_76_527,VDD,Metal1,311.4755,316.7510,3.299986
FILLER_76_517,VDD,Metal1,298.9865,316.9430,3.299986
FILLER_76_482,VDD,Metal1,276.9200,317.5200,3.299986
FILLER_76_478,VDD,Metal1,275.9000,317.0875,3.299986
FILLER_76_462,VDD,Metal1,270.5280,316.8280,3.299986
FILLER_76_457,VDD,Metal1,262.9200,317.5200,3.299986
FILLER_76_447,VDD,Metal1,257.3200,317.5200,3.299986
FILLER_76_445,VDD,Metal1,256.4800,317.5200,3.299986
FILLER_76_437,VDD,Metal1,254.1865,316.9430,3.299986
FILLER_76_387,VDD,Metal1,228.5280,316.8280,3.299987
FILLER_76_381,VDD,Metal1,221.5800,317.0875,3.299987
FILLER_76_317,VDD,Metal1,202.8750,316.7055,3.299987
FILLER_76_311,VDD,Metal1,182.3800,317.0875,3.299987
FILLER_76_247,VDD,Metal1,163.6750,316.7055,3.299987
FILLER_76_241,VDD,Metal1,143.1800,317.0875,3.299987
FILLER_76_177,VDD,Metal1,124.4750,316.7055,3.299987
FILLER_76_171,VDD,Metal1,103.9800,317.0875,3.299987
FILLER_76_107,VDD,Metal1,85.2750,316.7055,3.299987
FILLER_76_101,VDD,Metal1,64.7800,317.0875,3.299987
FILLER_76_37,VDD,Metal1,46.0750,316.7055,3.299987
FILLER_76_34,VDD,Metal1,26.0400,317.5200,3.299987
FILLER_76_2,VDD,Metal1,17.4755,316.7510,3.299987
FILLER_75_556,VDD,Metal1,319.5800,310.1125,3.299987
FILLER_75_492,VDD,Metal1,300.8750,310.4940,3.299987
FILLER_75_489,VDD,Metal1,280.8400,309.6800,3.299987
FILLER_75_473,VDD,Metal1,276.6880,310.3720,3.299987
FILLER_75_464,VDD,Metal1,266.8400,309.6800,3.299988
FILLER_75_440,VDD,Metal1,253.6800,309.6800,3.299988
FILLER_75_418,VDD,Metal1,241.3600,309.6800,3.299988
FILLER_75_392,VDD,Metal1,226.5200,309.6800,3.299988
FILLER_75_384,VDD,Metal1,224.5065,310.2565,3.299988
FILLER_75_352,VDD,Metal1,213.4755,310.4485,3.299988
FILLER_75_346,VDD,Metal1,201.9800,310.1125,3.299988
FILLER_75_282,VDD,Metal1,183.2750,310.4940,3.299988
FILLER_75_276,VDD,Metal1,162.7800,310.1125,3.299988
FILLER_75_212,VDD,Metal1,144.0750,310.4940,3.299988
FILLER_75_206,VDD,Metal1,123.5800,310.1125,3.299988
FILLER_75_142,VDD,Metal1,104.8750,310.4940,3.299988
FILLER_75_136,VDD,Metal1,84.3800,310.1125,3.299988
FILLER_75_72,VDD,Metal1,65.6750,310.4940,3.299988
FILLER_75_68,VDD,Metal1,45.3600,309.6800,3.299988
FILLER_75_64,VDD,Metal1,44.0600,310.1125,3.299988
FILLER_75_56,VDD,Metal1,40.8265,310.2565,3.299988
FILLER_75_40,VDD,Metal1,34.2080,310.3720,3.299988
FILLER_75_8,VDD,Metal1,20.8355,310.4485,3.299988
FILLER_74_555,VDD,Metal1,317.8000,309.6800,3.299987
FILLER_74_551,VDD,Metal1,316.7800,309.2475,3.299987
FILLER_74_543,VDD,Metal1,313.5465,309.1030,3.299987
FILLER_74_527,VDD,Metal1,306.9280,308.9880,3.299987
FILLER_74_521,VDD,Metal1,299.9800,309.2475,3.299987
FILLER_74_505,VDD,Metal1,294.6080,308.9880,3.299987
FILLER_74_473,VDD,Metal1,281.2355,308.9110,3.299987
FILLER_74_430,VDD,Metal1,247.8000,309.6800,3.299988
FILLER_74_395,VDD,Metal1,228.2000,309.6800,3.299988
FILLER_74_387,VDD,Metal1,226.1865,309.1030,3.299988
FILLER_74_381,VDD,Metal1,221.5800,309.2475,3.299988
FILLER_74_317,VDD,Metal1,202.8750,308.8655,3.299988
FILLER_74_311,VDD,Metal1,182.3800,309.2475,3.299988
FILLER_74_247,VDD,Metal1,163.6750,308.8655,3.299988
FILLER_74_241,VDD,Metal1,143.1800,309.2475,3.299988
FILLER_74_177,VDD,Metal1,124.4750,308.8655,3.299988
FILLER_74_171,VDD,Metal1,103.9800,309.2475,3.299988
FILLER_74_107,VDD,Metal1,85.2750,308.8655,3.299988
FILLER_74_101,VDD,Metal1,64.7800,309.2475,3.299988
FILLER_74_37,VDD,Metal1,46.0750,308.8655,3.299988
FILLER_74_34,VDD,Metal1,26.0400,309.6800,3.299988
FILLER_74_32,VDD,Metal1,25.2000,309.6800,3.299988
FILLER_74_28,VDD,Metal1,23.9000,309.2475,3.299988
FILLER_74_20,VDD,Metal1,20.6665,309.1030,3.299988
FILLER_73_552,VDD,Metal1,316.4000,301.8400,3.299957
FILLER_73_548,VDD,Metal1,315.1000,302.2725,3.299957
FILLER_73_540,VDD,Metal1,311.8665,302.4165,3.299957
FILLER_73_524,VDD,Metal1,305.2480,302.5320,3.299957
FILLER_73_492,VDD,Metal1,291.8755,302.6085,3.299957
FILLER_73_489,VDD,Metal1,280.8400,301.8400,3.299957
FILLER_73_473,VDD,Metal1,276.6880,302.5320,3.299957
FILLER_73_430,VDD,Metal1,247.8000,301.8400,3.299957
FILLER_73_378,VDD,Metal1,218.6800,301.8400,3.299958
FILLER_73_376,VDD,Metal1,217.8400,301.8400,3.299958
FILLER_73_368,VDD,Metal1,215.5465,302.4165,3.299958
FILLER_73_352,VDD,Metal1,208.9280,302.5320,3.299958
FILLER_73_346,VDD,Metal1,201.9800,302.2725,3.299959
FILLER_73_282,VDD,Metal1,183.2750,302.6540,3.299959
FILLER_73_276,VDD,Metal1,162.7800,302.2725,3.299959
FILLER_73_212,VDD,Metal1,144.0750,302.6540,3.299959
FILLER_73_206,VDD,Metal1,123.5800,302.2725,3.299959
FILLER_73_142,VDD,Metal1,104.8750,302.6540,3.299959
FILLER_73_136,VDD,Metal1,84.3800,302.2725,3.299959
FILLER_73_72,VDD,Metal1,65.6750,302.6540,3.299959
FILLER_73_68,VDD,Metal1,45.3600,301.8400,3.299959
FILLER_73_64,VDD,Metal1,44.0600,302.2725,3.299959
FILLER_73_48,VDD,Metal1,38.6880,302.5320,3.299959
FILLER_73_16,VDD,Metal1,25.3155,302.6085,3.299960
FILLER_72_549,VDD,Metal1,314.4400,301.8400,3.299957
FILLER_72_547,VDD,Metal1,313.6000,301.8400,3.299957
FILLER_72_543,VDD,Metal1,312.3000,301.4075,3.299957
FILLER_72_527,VDD,Metal1,306.9280,301.1480,3.299957
FILLER_72_523,VDD,Metal1,300.1600,301.8400,3.299957
FILLER_72_515,VDD,Metal1,297.8665,301.2630,3.299957
FILLER_72_483,VDD,Metal1,286.8355,301.0710,3.299957
FILLER_72_454,VDD,Metal1,261.2400,301.8400,3.299957
FILLER_72_452,VDD,Metal1,260.4000,301.8400,3.299957
FILLER_72_448,VDD,Metal1,259.1000,301.4075,3.299957
FILLER_72_401,VDD,Metal1,231.5600,301.8400,3.299957
FILLER_72_399,VDD,Metal1,230.7200,301.8400,3.299957
FILLER_72_395,VDD,Metal1,229.4200,301.4075,3.299957
FILLER_72_387,VDD,Metal1,226.1865,301.2630,3.299957
FILLER_72_383,VDD,Metal1,221.7600,301.8400,3.299957
FILLER_72_361,VDD,Metal1,209.1600,301.8400,3.299958
FILLER_72_357,VDD,Metal1,208.1400,301.4075,3.299958
FILLER_72_349,VDD,Metal1,204.9065,301.2630,3.299958
FILLER_72_317,VDD,Metal1,193.8755,301.0710,3.299959
FILLER_72_311,VDD,Metal1,182.3800,301.4075,3.299959
FILLER_72_247,VDD,Metal1,163.6750,301.0255,3.299959
FILLER_72_241,VDD,Metal1,143.1800,301.4075,3.299959
FILLER_72_177,VDD,Metal1,124.4750,301.0255,3.299959
FILLER_72_171,VDD,Metal1,103.9800,301.4075,3.299959
FILLER_72_107,VDD,Metal1,85.2750,301.0255,3.299959
FILLER_72_101,VDD,Metal1,64.7800,301.4075,3.299959
FILLER_72_37,VDD,Metal1,46.0750,301.0255,3.299959
FILLER_72_34,VDD,Metal1,26.0400,301.8400,3.299960
FILLER_72_26,VDD,Metal1,24.0265,301.2630,3.299960
FILLER_71_552,VDD,Metal1,316.4000,294.0000,3.299964
FILLER_71_548,VDD,Metal1,315.1000,294.4325,3.299964
FILLER_71_540,VDD,Metal1,311.8665,294.5765,3.299964
FILLER_71_524,VDD,Metal1,305.2480,294.6920,3.299964
FILLER_71_492,VDD,Metal1,291.8755,294.7685,3.299964
FILLER_71_486,VDD,Metal1,280.3800,294.4325,3.299964
FILLER_71_478,VDD,Metal1,277.1465,294.5765,3.299964
FILLER_71_454,VDD,Metal1,261.2400,294.0000,3.299965
FILLER_71_452,VDD,Metal1,260.4000,294.0000,3.299965
FILLER_71_448,VDD,Metal1,259.1000,294.4325,3.299965
FILLER_71_440,VDD,Metal1,255.8665,294.5765,3.299966
FILLER_71_424,VDD,Metal1,244.4400,294.0000,3.299966
FILLER_71_422,VDD,Metal1,243.6000,294.0000,3.299966
FILLER_71_418,VDD,Metal1,241.3600,294.0000,3.299966
FILLER_71_404,VDD,Metal1,233.2400,294.0000,3.299966
FILLER_71_400,VDD,Metal1,232.2200,294.4325,3.299966
FILLER_71_356,VDD,Metal1,206.6400,294.0000,3.299966
FILLER_71_352,VDD,Metal1,205.3400,294.4325,3.299966
FILLER_71_346,VDD,Metal1,201.9800,294.4325,3.299966
FILLER_71_282,VDD,Metal1,183.2750,294.8140,3.299967
FILLER_71_276,VDD,Metal1,162.7800,294.4325,3.299967
FILLER_71_212,VDD,Metal1,144.0750,294.8140,3.299967
FILLER_71_206,VDD,Metal1,123.5800,294.4325,3.299967
FILLER_71_142,VDD,Metal1,104.8750,294.8140,3.299967
FILLER_71_136,VDD,Metal1,84.3800,294.4325,3.299967
FILLER_71_72,VDD,Metal1,65.6750,294.8140,3.299967
FILLER_71_66,VDD,Metal1,45.1800,294.4325,3.299967
FILLER_71_58,VDD,Metal1,41.9465,294.5765,3.299967
FILLER_71_26,VDD,Metal1,30.9155,294.7685,3.299967
FILLER_70_547,VDD,Metal1,313.3200,294.0000,3.299964
FILLER_70_543,VDD,Metal1,312.3000,293.5675,3.299964
FILLER_70_527,VDD,Metal1,306.9280,293.3080,3.299964
FILLER_70_493,VDD,Metal1,292.4355,293.2310,3.299964
FILLER_70_457,VDD,Metal1,263.2000,294.0000,3.299964
FILLER_70_443,VDD,Metal1,256.3000,293.5675,3.299966
FILLER_70_405,VDD,Metal1,234.0800,294.0000,3.299966
FILLER_70_401,VDD,Metal1,232.7800,293.5675,3.299966
FILLER_70_393,VDD,Metal1,229.5465,293.4230,3.299966
FILLER_70_381,VDD,Metal1,221.5800,293.5675,3.299966
FILLER_70_373,VDD,Metal1,218.3465,293.4230,3.299966
FILLER_70_329,VDD,Metal1,191.5200,294.0000,3.299967
FILLER_70_325,VDD,Metal1,190.2200,293.5675,3.299967
FILLER_70_317,VDD,Metal1,186.9865,293.4230,3.299967
FILLER_70_311,VDD,Metal1,182.3800,293.5675,3.299967
FILLER_70_247,VDD,Metal1,163.6750,293.1855,3.299967
FILLER_70_241,VDD,Metal1,143.1800,293.5675,3.299967
FILLER_70_177,VDD,Metal1,124.4750,293.1855,3.299967
FILLER_70_171,VDD,Metal1,103.9800,293.5675,3.299967
FILLER_70_107,VDD,Metal1,85.2750,293.1855,3.299967
FILLER_70_101,VDD,Metal1,64.7800,293.5675,3.299967
FILLER_70_37,VDD,Metal1,46.0750,293.1855,3.299967
FILLER_70_34,VDD,Metal1,26.0400,294.0000,3.299967
FILLER_70_26,VDD,Metal1,24.0265,293.4230,3.299967
FILLER_69_547,VDD,Metal1,313.3200,286.1600,3.299945
FILLER_69_543,VDD,Metal1,312.3000,286.5925,3.299945
FILLER_69_511,VDD,Metal1,302.5155,286.9285,3.299945
FILLER_69_502,VDD,Metal1,288.1200,286.1600,3.299945
FILLER_69_500,VDD,Metal1,287.2800,286.1600,3.299945
FILLER_69_492,VDD,Metal1,284.9865,286.7365,3.299945
FILLER_69_474,VDD,Metal1,272.4400,286.1600,3.299945
FILLER_69_472,VDD,Metal1,271.6000,286.1600,3.299945
FILLER_69_422,VDD,Metal1,243.3200,286.1600,3.299946
FILLER_69_410,VDD,Metal1,236.8800,286.1600,3.299946
FILLER_69_402,VDD,Metal1,234.5865,286.7365,3.299946
FILLER_69_360,VDD,Metal1,208.6000,286.1600,3.299948
FILLER_69_352,VDD,Metal1,206.5865,286.7365,3.299948
FILLER_69_333,VDD,Metal1,193.4800,286.1600,3.299952
FILLER_69_331,VDD,Metal1,192.6400,286.1600,3.299952
FILLER_69_306,VDD,Metal1,178.3600,286.1600,3.299955
FILLER_69_298,VDD,Metal1,176.3465,286.7365,3.299955
FILLER_69_292,VDD,Metal1,170.5200,286.1600,3.299955
FILLER_69_290,VDD,Metal1,169.6800,286.1600,3.299955
FILLER_69_282,VDD,Metal1,167.3865,286.7365,3.299955
FILLER_69_276,VDD,Metal1,162.7800,286.5925,3.299955
FILLER_69_212,VDD,Metal1,144.0750,286.9740,3.299955
FILLER_69_206,VDD,Metal1,123.5800,286.5925,3.299955
FILLER_69_142,VDD,Metal1,104.8750,286.9740,3.299955
FILLER_69_136,VDD,Metal1,84.3800,286.5925,3.299956
FILLER_69_72,VDD,Metal1,65.6750,286.9740,3.299956
FILLER_69_66,VDD,Metal1,45.1800,286.5925,3.299956
FILLER_69_58,VDD,Metal1,41.9465,286.7365,3.299956
FILLER_69_26,VDD,Metal1,30.9155,286.9285,3.299956
FILLER_68_543,VDD,Metal1,311.0800,286.1600,3.299945
FILLER_68_527,VDD,Metal1,306.9280,285.4680,3.299945
FILLER_68_523,VDD,Metal1,300.1600,286.1600,3.299945
FILLER_68_481,VDD,Metal1,276.6400,286.1600,3.299945
FILLER_68_477,VDD,Metal1,275.3400,285.7275,3.299945
FILLER_68_471,VDD,Metal1,270.7600,286.1600,3.299945
FILLER_68_469,VDD,Metal1,269.9200,286.1600,3.299945
FILLER_68_465,VDD,Metal1,268.6200,285.7275,3.299945
FILLER_68_454,VDD,Metal1,261.2400,286.1600,3.299946
FILLER_68_452,VDD,Metal1,260.4000,286.1600,3.299946
FILLER_68_444,VDD,Metal1,258.1065,285.5830,3.299946
FILLER_68_428,VDD,Metal1,251.4880,285.4680,3.299946
FILLER_68_407,VDD,Metal1,234.9200,286.1600,3.299946
FILLER_68_405,VDD,Metal1,234.0800,286.1600,3.299946
FILLER_68_401,VDD,Metal1,232.7800,285.7275,3.299946
FILLER_68_391,VDD,Metal1,226.2400,286.1600,3.299946
FILLER_68_359,VDD,Metal1,208.0400,286.1600,3.299948
FILLER_68_357,VDD,Metal1,207.2000,286.1600,3.299948
FILLER_68_314,VDD,Metal1,182.8400,286.1600,3.299953
FILLER_68_310,VDD,Metal1,181.8200,285.7275,3.299954
FILLER_68_253,VDD,Metal1,148.6800,286.1600,3.299955
FILLER_68_251,VDD,Metal1,147.8400,286.1600,3.299955
FILLER_68_247,VDD,Metal1,146.5400,285.7275,3.299955
FILLER_68_244,VDD,Metal1,143.6400,286.1600,3.299955
FILLER_68_240,VDD,Metal1,142.6200,285.7275,3.299955
FILLER_68_224,VDD,Metal1,137.2480,285.4680,3.299955
FILLER_68_192,VDD,Metal1,123.8755,285.3910,3.299955
FILLER_68_173,VDD,Metal1,104.1600,286.1600,3.299955
FILLER_68_165,VDD,Metal1,101.8665,285.5830,3.299955
FILLER_68_147,VDD,Metal1,89.6000,286.1600,3.299955
FILLER_68_139,VDD,Metal1,87.3065,285.5830,3.299955
FILLER_68_107,VDD,Metal1,76.2755,285.3910,3.299956
FILLER_68_101,VDD,Metal1,64.7800,285.7275,3.299956
FILLER_68_37,VDD,Metal1,46.0750,285.3455,3.299956
FILLER_68_34,VDD,Metal1,26.0400,286.1600,3.299956
FILLER_68_30,VDD,Metal1,25.0200,285.7275,3.299956
FILLER_68_22,VDD,Metal1,21.7865,285.5830,3.299956
FILLER_67_562,VDD,Metal1,322.9400,278.7525,3.299939
FILLER_67_546,VDD,Metal1,313.0400,278.3200,3.299939
FILLER_67_530,VDD,Metal1,308.6080,279.0120,3.299939
FILLER_67_483,VDD,Metal1,277.4800,278.3200,3.299940
FILLER_67_479,VDD,Metal1,276.4600,278.7525,3.299940
FILLER_67_437,VDD,Metal1,254.1865,278.8965,3.299940
FILLER_67_427,VDD,Metal1,246.4000,278.3200,3.299940
FILLER_67_400,VDD,Metal1,231.0000,278.3200,3.299941
FILLER_67_398,VDD,Metal1,230.1600,278.3200,3.299941
FILLER_67_356,VDD,Metal1,206.6400,278.3200,3.299941
FILLER_67_352,VDD,Metal1,205.3400,278.7525,3.299941
FILLER_67_348,VDD,Metal1,202.1600,278.3200,3.299942
FILLER_67_344,VDD,Metal1,200.8600,278.7525,3.299942
FILLER_67_298,VDD,Metal1,175.1000,278.7525,3.299942
FILLER_67_278,VDD,Metal1,162.9600,278.3200,3.299942
FILLER_67_274,VDD,Metal1,161.6600,278.7525,3.299942
FILLER_67_266,VDD,Metal1,156.2400,278.3200,3.299942
FILLER_67_258,VDD,Metal1,153.9465,278.8965,3.299942
FILLER_67_242,VDD,Metal1,147.3280,279.0120,3.299942
FILLER_67_235,VDD,Metal1,138.6000,278.3200,3.299941
FILLER_67_231,VDD,Metal1,137.5800,278.7525,3.299941
FILLER_67_225,VDD,Metal1,133.0000,278.3200,3.299941
FILLER_67_216,VDD,Metal1,127.9600,278.3200,3.299941
FILLER_67_212,VDD,Metal1,126.9400,278.7525,3.299941
FILLER_67_158,VDD,Metal1,96.7000,278.7525,3.299948
FILLER_67_142,VDD,Metal1,91.3280,279.0120,3.299948
FILLER_67_136,VDD,Metal1,84.3800,278.7525,3.299948
FILLER_67_72,VDD,Metal1,65.6750,279.1340,3.299948
FILLER_67_66,VDD,Metal1,45.1800,278.7525,3.299948
FILLER_67_58,VDD,Metal1,41.9465,278.8965,3.299948
FILLER_67_26,VDD,Metal1,30.9155,279.0885,3.299948
FILLER_66_570,VDD,Metal1,327.4200,277.8875,3.299939
FILLER_66_541,VDD,Metal1,309.9600,278.3200,3.299939
FILLER_66_539,VDD,Metal1,309.1200,278.3200,3.299939
FILLER_66_535,VDD,Metal1,307.8200,277.8875,3.299939
FILLER_66_527,VDD,Metal1,304.5865,277.7430,3.299939
FILLER_66_524,VDD,Metal1,300.4400,278.3200,3.299939
FILLER_66_457,VDD,Metal1,263.2000,278.3200,3.299940
FILLER_66_447,VDD,Metal1,259.7865,277.7430,3.299940
FILLER_66_402,VDD,Metal1,232.1200,278.3200,3.299941
FILLER_66_391,VDD,Metal1,226.2400,278.3200,3.299941
FILLER_66_387,VDD,Metal1,224.9400,277.8875,3.299941
FILLER_66_384,VDD,Metal1,222.0400,278.3200,3.299941
FILLER_66_382,VDD,Metal1,221.2000,278.3200,3.299941
FILLER_66_378,VDD,Metal1,219.9000,277.8875,3.299941
FILLER_66_365,VDD,Metal1,211.4000,278.3200,3.299941
FILLER_66_363,VDD,Metal1,210.5600,278.3200,3.299941
FILLER_66_359,VDD,Metal1,209.2600,277.8875,3.299941
FILLER_66_351,VDD,Metal1,206.0265,277.7430,3.299941
FILLER_66_280,VDD,Metal1,163.8000,278.3200,3.299942
FILLER_66_276,VDD,Metal1,162.7800,277.8875,3.299942
FILLER_66_255,VDD,Metal1,149.8000,278.3200,3.299942
FILLER_66_247,VDD,Metal1,147.7865,277.7430,3.299942
FILLER_66_244,VDD,Metal1,143.6400,278.3200,3.299941
FILLER_66_183,VDD,Metal1,109.4800,278.3200,3.299941
FILLER_66_181,VDD,Metal1,108.6400,278.3200,3.299941
FILLER_66_177,VDD,Metal1,107.3400,277.8875,3.299942
FILLER_66_174,VDD,Metal1,104.4400,278.3200,3.299942
FILLER_66_170,VDD,Metal1,103.4200,277.8875,3.299942
FILLER_66_129,VDD,Metal1,79.2400,278.3200,3.299948
FILLER_66_127,VDD,Metal1,78.4000,278.3200,3.299948
FILLER_66_123,VDD,Metal1,77.1000,277.8875,3.299948
FILLER_66_107,VDD,Metal1,71.7280,277.6280,3.299948
FILLER_66_101,VDD,Metal1,64.7800,277.8875,3.299948
FILLER_66_37,VDD,Metal1,46.0750,277.5055,3.299948
FILLER_66_34,VDD,Metal1,26.0400,278.3200,3.299948
FILLER_66_26,VDD,Metal1,24.0265,277.7430,3.299948
FILLER_65_540,VDD,Metal1,309.6800,270.4800,3.299960
FILLER_65_532,VDD,Metal1,307.3865,271.0565,3.299960
FILLER_65_496,VDD,Metal1,285.0400,270.4800,3.299960
FILLER_65_492,VDD,Metal1,283.7400,270.9125,3.299960
FILLER_65_488,VDD,Metal1,280.5600,270.4800,3.299960
FILLER_65_438,VDD,Metal1,252.2800,270.4800,3.299960
FILLER_65_422,VDD,Metal1,243.3200,270.4800,3.299960
FILLER_65_374,VDD,Metal1,216.4400,270.4800,3.299961
FILLER_65_372,VDD,Metal1,215.6000,270.4800,3.299961
FILLER_65_368,VDD,Metal1,214.3000,270.9125,3.299961
FILLER_65_361,VDD,Metal1,209.4400,270.4800,3.299961
FILLER_65_342,VDD,Metal1,200.9865,271.0565,3.299961
FILLER_65_326,VDD,Metal1,189.5600,270.4800,3.299961
FILLER_65_324,VDD,Metal1,188.7200,270.4800,3.299961
FILLER_65_320,VDD,Metal1,187.4200,270.9125,3.299961
FILLER_65_304,VDD,Metal1,177.2400,270.4800,3.299963
FILLER_65_302,VDD,Metal1,176.4000,270.4800,3.299963
FILLER_65_298,VDD,Metal1,175.1000,270.9125,3.299963
FILLER_65_273,VDD,Metal1,159.8800,270.4800,3.299963
FILLER_65_271,VDD,Metal1,159.0400,270.4800,3.299963
FILLER_65_236,VDD,Metal1,139.1600,270.4800,3.299963
FILLER_65_232,VDD,Metal1,138.1400,270.9125,3.299963
FILLER_65_212,VDD,Metal1,126.9400,270.9125,3.299963
FILLER_65_194,VDD,Metal1,115.6400,270.4800,3.299963
FILLER_65_186,VDD,Metal1,113.6265,271.0565,3.299963
FILLER_65_146,VDD,Metal1,88.7600,270.4800,3.299966
FILLER_65_142,VDD,Metal1,87.7400,270.9125,3.299966
FILLER_65_136,VDD,Metal1,84.3800,270.9125,3.299966
FILLER_65_72,VDD,Metal1,65.6750,271.2940,3.299966
FILLER_65_66,VDD,Metal1,45.1800,270.9125,3.299966
FILLER_65_58,VDD,Metal1,41.9465,271.0565,3.299966
FILLER_65_26,VDD,Metal1,30.9155,271.2485,3.299966
FILLER_64_537,VDD,Metal1,307.7200,270.4800,3.299960
FILLER_64_535,VDD,Metal1,306.8800,270.4800,3.299960
FILLER_64_527,VDD,Metal1,304.5865,269.9030,3.299960
FILLER_64_524,VDD,Metal1,300.4400,270.4800,3.299960
FILLER_64_522,VDD,Metal1,299.6000,270.4800,3.299960
FILLER_64_518,VDD,Metal1,298.3000,270.0475,3.299960
FILLER_64_498,VDD,Metal1,287.1000,270.0475,3.299960
FILLER_64_473,VDD,Metal1,272.1600,270.4800,3.299960
FILLER_64_465,VDD,Metal1,269.8665,269.9030,3.299960
FILLER_64_401,VDD,Metal1,231.5600,270.4800,3.299960
FILLER_64_399,VDD,Metal1,230.7200,270.4800,3.299960
FILLER_64_395,VDD,Metal1,229.4200,270.0475,3.299960
FILLER_64_384,VDD,Metal1,222.0400,270.4800,3.299960
FILLER_64_335,VDD,Metal1,194.6000,270.4800,3.299961
FILLER_64_333,VDD,Metal1,193.7600,270.4800,3.299961
FILLER_64_317,VDD,Metal1,189.3280,269.7880,3.299961
FILLER_64_313,VDD,Metal1,182.5600,270.4800,3.299962
FILLER_64_303,VDD,Metal1,176.9600,270.4800,3.299963
FILLER_64_295,VDD,Metal1,174.6665,269.9030,3.299963
FILLER_64_283,VDD,Metal1,165.4800,270.4800,3.299963
FILLER_64_279,VDD,Metal1,164.4600,270.0475,3.299963
FILLER_64_247,VDD,Metal1,154.6755,269.7110,3.299963
FILLER_64_244,VDD,Metal1,143.6400,270.4800,3.299963
FILLER_64_229,VDD,Metal1,136.4600,270.0475,3.299963
FILLER_64_185,VDD,Metal1,111.8200,270.0475,3.299963
FILLER_64_177,VDD,Metal1,108.5865,269.9030,3.299963
FILLER_64_174,VDD,Metal1,104.4400,270.4800,3.299963
FILLER_64_157,VDD,Metal1,94.9200,270.4800,3.299963
FILLER_64_155,VDD,Metal1,94.0800,270.4800,3.299963
FILLER_64_151,VDD,Metal1,92.7800,270.0475,3.299966
FILLER_64_139,VDD,Metal1,84.8400,270.4800,3.299966
FILLER_64_107,VDD,Metal1,76.2755,269.7110,3.299966
FILLER_64_101,VDD,Metal1,64.7800,270.0475,3.299966
FILLER_64_37,VDD,Metal1,46.0750,269.6655,3.299966
FILLER_64_34,VDD,Metal1,26.0400,270.4800,3.299966
FILLER_64_26,VDD,Metal1,24.0265,269.9030,3.299966
FILLER_63_534,VDD,Metal1,308.5065,263.2165,3.299938
FILLER_63_518,VDD,Metal1,301.8880,263.3320,3.299938
FILLER_63_488,VDD,Metal1,280.5600,262.6400,3.299938
FILLER_63_424,VDD,Metal1,244.4400,262.6400,3.299950
FILLER_63_422,VDD,Metal1,243.6000,262.6400,3.299950
FILLER_63_400,VDD,Metal1,232.2200,263.0725,3.299952
FILLER_63_374,VDD,Metal1,216.4400,262.6400,3.299953
FILLER_63_365,VDD,Metal1,211.4000,262.6400,3.299953
FILLER_63_352,VDD,Metal1,206.5865,263.2165,3.299960
FILLER_63_346,VDD,Metal1,201.9800,263.0725,3.299961
FILLER_63_282,VDD,Metal1,183.2750,263.4540,3.299961
FILLER_63_279,VDD,Metal1,163.2400,262.6400,3.299961
FILLER_63_271,VDD,Metal1,161.2265,263.2165,3.299961
FILLER_63_262,VDD,Metal1,153.7200,262.6400,3.299961
FILLER_63_260,VDD,Metal1,152.8800,262.6400,3.299961
FILLER_63_256,VDD,Metal1,151.5800,263.0725,3.299961
FILLER_63_224,VDD,Metal1,141.7955,263.4085,3.299963
FILLER_63_212,VDD,Metal1,125.7200,262.6400,3.299963
FILLER_63_208,VDD,Metal1,123.7600,262.6400,3.299964
FILLER_63_176,VDD,Metal1,114.9155,263.4085,3.299964
FILLER_63_150,VDD,Metal1,93.4665,263.2165,3.299964
FILLER_63_144,VDD,Metal1,87.6400,262.6400,3.299964
FILLER_63_142,VDD,Metal1,86.8000,262.6400,3.299964
FILLER_63_136,VDD,Metal1,84.3800,263.0725,3.299964
FILLER_63_72,VDD,Metal1,65.6750,263.4540,3.299964
FILLER_63_66,VDD,Metal1,45.1800,263.0725,3.299964
FILLER_63_58,VDD,Metal1,41.9465,263.2165,3.299964
FILLER_63_26,VDD,Metal1,30.9155,263.4085,3.299964
FILLER_62_541,VDD,Metal1,309.9600,262.6400,3.299938
FILLER_62_539,VDD,Metal1,309.1200,262.6400,3.299938
FILLER_62_535,VDD,Metal1,307.8200,262.2075,3.299938
FILLER_62_527,VDD,Metal1,304.5865,262.0630,3.299938
FILLER_62_524,VDD,Metal1,300.4400,262.6400,3.299938
FILLER_62_522,VDD,Metal1,299.6000,262.6400,3.299938
FILLER_62_518,VDD,Metal1,298.3000,262.2075,3.299938
FILLER_62_510,VDD,Metal1,295.0665,262.0630,3.299938
FILLER_62_475,VDD,Metal1,273.0000,262.6400,3.299938
FILLER_62_473,VDD,Metal1,272.1600,262.6400,3.299938
FILLER_62_454,VDD,Metal1,261.2400,262.6400,3.299939
FILLER_62_452,VDD,Metal1,260.4000,262.6400,3.299940
FILLER_62_396,VDD,Metal1,229.0400,262.6400,3.299952
FILLER_62_357,VDD,Metal1,208.1400,262.2075,3.299960
FILLER_62_349,VDD,Metal1,204.9065,262.0630,3.299960
FILLER_62_317,VDD,Metal1,193.8755,261.8710,3.299961
FILLER_62_313,VDD,Metal1,182.5600,262.6400,3.299961
FILLER_62_305,VDD,Metal1,180.2665,262.0630,3.299961
FILLER_62_273,VDD,Metal1,169.2355,261.8710,3.299961
FILLER_62_247,VDD,Metal1,145.6000,262.6400,3.299963
FILLER_62_244,VDD,Metal1,143.6400,262.6400,3.299963
FILLER_62_242,VDD,Metal1,142.8000,262.6400,3.299963
FILLER_62_210,VDD,Metal1,133.9555,261.8710,3.299963
FILLER_62_205,VDD,Metal1,121.8000,262.6400,3.299964
FILLER_62_201,VDD,Metal1,120.7800,262.2075,3.299964
FILLER_62_193,VDD,Metal1,117.5465,262.0630,3.299964
FILLER_62_177,VDD,Metal1,110.9280,261.9480,3.299964
FILLER_62_163,VDD,Metal1,98.2800,262.6400,3.299964
FILLER_62_161,VDD,Metal1,97.4400,262.6400,3.299964
FILLER_62_123,VDD,Metal1,77.1000,262.2075,3.299964
FILLER_62_107,VDD,Metal1,71.7280,261.9480,3.299964
FILLER_62_101,VDD,Metal1,64.7800,262.2075,3.299964
FILLER_62_37,VDD,Metal1,46.0750,261.8255,3.299964
FILLER_62_34,VDD,Metal1,26.0400,262.6400,3.299964
FILLER_62_32,VDD,Metal1,25.2000,262.6400,3.299964
FILLER_61_532,VDD,Metal1,306.1400,255.2325,3.299966
FILLER_61_496,VDD,Metal1,285.0400,254.8000,3.299967
FILLER_61_492,VDD,Metal1,283.7400,255.2325,3.299967
FILLER_61_489,VDD,Metal1,280.8400,254.8000,3.299967
FILLER_61_485,VDD,Metal1,279.8200,255.2325,3.299967
FILLER_61_438,VDD,Metal1,252.2800,254.8000,3.299971
FILLER_61_413,VDD,Metal1,238.2800,254.8000,3.299972
FILLER_61_364,VDD,Metal1,210.8400,254.8000,3.299972
FILLER_61_362,VDD,Metal1,210.0000,254.8000,3.299972
FILLER_61_352,VDD,Metal1,205.3400,255.2325,3.299972
FILLER_61_334,VDD,Metal1,196.5065,255.3765,3.299972
FILLER_61_318,VDD,Metal1,189.8880,255.4920,3.299972
FILLER_61_299,VDD,Metal1,174.4400,254.8000,3.299974
FILLER_61_291,VDD,Metal1,172.4265,255.3765,3.299974
FILLER_61_279,VDD,Metal1,163.2400,254.8000,3.299974
FILLER_61_277,VDD,Metal1,162.4000,254.8000,3.299974
FILLER_61_241,VDD,Metal1,142.2400,254.8000,3.299975
FILLER_61_237,VDD,Metal1,140.9400,255.2325,3.299975
FILLER_61_221,VDD,Metal1,135.5680,255.4920,3.299975
FILLER_61_202,VDD,Metal1,122.5865,255.3765,3.299975
FILLER_61_167,VDD,Metal1,100.5200,254.8000,3.299976
FILLER_61_165,VDD,Metal1,99.6800,254.8000,3.299976
FILLER_61_161,VDD,Metal1,98.3800,255.2325,3.299976
FILLER_61_153,VDD,Metal1,95.1465,255.3765,3.299976
FILLER_61_136,VDD,Metal1,84.3800,255.2325,3.299976
FILLER_61_72,VDD,Metal1,65.6750,255.6140,3.299976
FILLER_61_68,VDD,Metal1,45.3600,254.8000,3.299976
FILLER_61_64,VDD,Metal1,44.0600,255.2325,3.299976
FILLER_61_32,VDD,Metal1,34.2755,255.5685,3.299976
FILLER_60_535,VDD,Metal1,306.6000,254.8000,3.299966
FILLER_60_524,VDD,Metal1,300.4400,254.8000,3.299967
FILLER_60_506,VDD,Metal1,290.6400,254.8000,3.299967
FILLER_60_470,VDD,Metal1,270.4800,254.8000,3.299967
FILLER_60_404,VDD,Metal1,233.2400,254.8000,3.299972
FILLER_60_387,VDD,Metal1,223.7200,254.8000,3.299972
FILLER_60_375,VDD,Metal1,217.0000,254.8000,3.299972
FILLER_60_371,VDD,Metal1,215.9800,254.3675,3.299972
FILLER_60_329,VDD,Metal1,191.5200,254.8000,3.299972
FILLER_60_325,VDD,Metal1,190.2200,254.3675,3.299972
FILLER_60_317,VDD,Metal1,186.9865,254.2230,3.299973
FILLER_60_314,VDD,Metal1,182.8400,254.8000,3.299973
FILLER_60_312,VDD,Metal1,182.0000,254.8000,3.299973
FILLER_60_302,VDD,Metal1,176.4000,254.8000,3.299974
FILLER_60_286,VDD,Metal1,167.4400,254.8000,3.299974
FILLER_60_282,VDD,Metal1,166.1400,254.3675,3.299974
FILLER_60_249,VDD,Metal1,146.4400,254.8000,3.299974
FILLER_60_247,VDD,Metal1,145.6000,254.8000,3.299974
FILLER_60_238,VDD,Metal1,140.2800,254.8000,3.299975
FILLER_60_236,VDD,Metal1,139.4400,254.8000,3.299975
FILLER_60_228,VDD,Metal1,137.1465,254.2230,3.299975
FILLER_60_207,VDD,Metal1,124.1400,254.3675,3.299975
FILLER_60_191,VDD,Metal1,118.7680,254.1080,3.299975
FILLER_60_185,VDD,Metal1,110.6000,254.8000,3.299975
FILLER_60_177,VDD,Metal1,108.5865,254.2230,3.299975
FILLER_60_171,VDD,Metal1,103.9800,254.3675,3.299975
FILLER_60_107,VDD,Metal1,85.2750,253.9855,3.299976
FILLER_60_103,VDD,Metal1,64.9600,254.8000,3.299976
FILLER_60_71,VDD,Metal1,56.1155,254.0310,3.299976
FILLER_60_53,VDD,Metal1,36.9600,254.8000,3.299976
FILLER_60_37,VDD,Metal1,32.5280,254.1080,3.299976
FILLER_60_34,VDD,Metal1,26.0400,254.8000,3.299977
FILLER_59_492,VDD,Metal1,283.7400,247.3925,3.299989
FILLER_59_489,VDD,Metal1,280.8400,246.9600,3.299989
FILLER_59_487,VDD,Metal1,280.0000,246.9600,3.299989
FILLER_59_483,VDD,Metal1,278.7000,247.3925,3.299989
FILLER_59_448,VDD,Metal1,257.8800,246.9600,3.299989
FILLER_59_400,VDD,Metal1,231.2800,246.9600,3.299989
FILLER_59_354,VDD,Metal1,205.2400,246.9600,3.299991
FILLER_59_352,VDD,Metal1,204.4000,246.9600,3.299991
FILLER_59_322,VDD,Metal1,187.6000,246.9600,3.299991
FILLER_59_292,VDD,Metal1,171.7400,247.3925,3.299992
FILLER_59_282,VDD,Metal1,165.2000,246.9600,3.299992
FILLER_59_279,VDD,Metal1,163.2400,246.9600,3.299992
FILLER_59_234,VDD,Metal1,138.0400,246.9600,3.299992
FILLER_59_232,VDD,Metal1,137.2000,246.9600,3.299992
FILLER_59_228,VDD,Metal1,135.9000,247.3925,3.299992
FILLER_59_212,VDD,Metal1,130.5280,247.6520,3.299993
FILLER_59_209,VDD,Metal1,124.0400,246.9600,3.299993
FILLER_59_207,VDD,Metal1,123.2000,246.9600,3.299993
FILLER_59_199,VDD,Metal1,120.9065,247.5365,3.299993
FILLER_59_183,VDD,Metal1,114.2880,247.6520,3.299993
FILLER_59_176,VDD,Metal1,105.5600,246.9600,3.299993
FILLER_59_174,VDD,Metal1,104.7200,246.9600,3.299993
FILLER_59_142,VDD,Metal1,95.8755,247.7285,3.299993
FILLER_59_139,VDD,Metal1,84.8400,246.9600,3.299993
FILLER_59_88,VDD,Metal1,57.5000,247.3925,3.299993
FILLER_59_72,VDD,Metal1,52.1280,247.6520,3.299993
FILLER_59_68,VDD,Metal1,45.3600,246.9600,3.299993
FILLER_59_64,VDD,Metal1,44.0600,247.3925,3.299993
FILLER_59_56,VDD,Metal1,40.8265,247.5365,3.299993
FILLER_59_40,VDD,Metal1,34.2080,247.6520,3.299993
FILLER_59_12,VDD,Metal1,13.7200,246.9600,3.299993
FILLER_59_10,VDD,Metal1,12.8800,246.9600,3.299993
FILLER_58_535,VDD,Metal1,306.6000,246.9600,3.299989
FILLER_58_510,VDD,Metal1,292.6000,246.9600,3.299989
FILLER_58_508,VDD,Metal1,291.7600,246.9600,3.299989
FILLER_58_491,VDD,Metal1,282.2400,246.9600,3.299989
FILLER_58_473,VDD,Metal1,272.1600,246.9600,3.299989
FILLER_58_363,VDD,Metal1,211.5000,246.5275,3.299991
FILLER_58_317,VDD,Metal1,184.8000,246.9600,3.299992
FILLER_58_314,VDD,Metal1,182.8400,246.9600,3.299992
FILLER_58_305,VDD,Metal1,177.8000,246.9600,3.299992
FILLER_58_286,VDD,Metal1,167.1600,246.9600,3.299992
FILLER_58_266,VDD,Metal1,156.2400,246.9600,3.299992
FILLER_58_247,VDD,Metal1,145.3200,246.9600,3.299992
FILLER_58_225,VDD,Metal1,133.2800,246.9600,3.299993
FILLER_58_209,VDD,Metal1,128.8480,246.2680,3.299993
FILLER_58_177,VDD,Metal1,115.4755,246.1910,3.299993
FILLER_58_167,VDD,Metal1,102.9865,246.3830,3.299993
FILLER_58_155,VDD,Metal1,93.8000,246.9600,3.299993
FILLER_58_151,VDD,Metal1,92.7800,246.5275,3.299993
FILLER_58_142,VDD,Metal1,86.5200,246.9600,3.299993
FILLER_58_138,VDD,Metal1,85.5000,246.5275,3.299993
FILLER_58_130,VDD,Metal1,82.2665,246.3830,3.299993
FILLER_58_119,VDD,Metal1,73.9200,246.9600,3.299993
FILLER_58_115,VDD,Metal1,72.6200,246.5275,3.299993
FILLER_58_107,VDD,Metal1,69.3865,246.3830,3.299993
FILLER_58_103,VDD,Metal1,64.9600,246.9600,3.299993
FILLER_58_99,VDD,Metal1,63.6600,246.5275,3.299993
FILLER_58_91,VDD,Metal1,60.4265,246.3830,3.299993
FILLER_58_75,VDD,Metal1,53.8080,246.2680,3.299993
FILLER_58_43,VDD,Metal1,40.4355,246.1910,3.299993
FILLER_58_2,VDD,Metal1,8.1200,246.9600,3.299993
FILLER_57_562,VDD,Metal1,322.9400,239.5525,3.299990
FILLER_57_540,VDD,Metal1,309.6800,239.1200,3.299990
FILLER_57_515,VDD,Metal1,295.4000,239.1200,3.299991
FILLER_57_498,VDD,Metal1,285.8800,239.1200,3.299991
FILLER_57_489,VDD,Metal1,280.8400,239.1200,3.299991
FILLER_57_487,VDD,Metal1,280.0000,239.1200,3.299991
FILLER_57_418,VDD,Metal1,241.3600,239.1200,3.299992
FILLER_57_356,VDD,Metal1,206.3600,239.1200,3.299992
FILLER_57_352,VDD,Metal1,205.3400,239.5525,3.299992
FILLER_57_349,VDD,Metal1,202.4400,239.1200,3.299992
FILLER_57_345,VDD,Metal1,201.4200,239.5525,3.299992
FILLER_57_317,VDD,Metal1,184.5200,239.1200,3.299992
FILLER_57_309,VDD,Metal1,182.5065,239.6965,3.299992
FILLER_57_293,VDD,Metal1,175.8880,239.8120,3.299992
FILLER_57_278,VDD,Metal1,162.9600,239.1200,3.299992
FILLER_57_274,VDD,Metal1,161.6600,239.5525,3.299992
FILLER_57_258,VDD,Metal1,151.4800,239.1200,3.299992
FILLER_57_238,VDD,Metal1,140.5600,239.1200,3.299992
FILLER_57_220,VDD,Metal1,130.2000,239.1200,3.299992
FILLER_57_212,VDD,Metal1,128.1865,239.6965,3.299992
FILLER_57_209,VDD,Metal1,124.0400,239.1200,3.299993
FILLER_57_199,VDD,Metal1,118.7200,239.1200,3.299993
FILLER_57_167,VDD,Metal1,109.8755,239.8885,3.299993
FILLER_57_153,VDD,Metal1,95.1465,239.6965,3.299993
FILLER_57_130,VDD,Metal1,79.8000,239.1200,3.299993
FILLER_57_128,VDD,Metal1,78.9600,239.1200,3.299993
FILLER_57_120,VDD,Metal1,76.6665,239.6965,3.299993
FILLER_57_104,VDD,Metal1,70.0480,239.8120,3.299993
FILLER_57_72,VDD,Metal1,56.6755,239.8885,3.299993
FILLER_57_69,VDD,Metal1,45.6400,239.1200,3.299993
FILLER_57_67,VDD,Metal1,44.8000,239.1200,3.299993
FILLER_57_63,VDD,Metal1,43.5000,239.5525,3.299993
FILLER_57_47,VDD,Metal1,38.1280,239.8120,3.299993
FILLER_57_28,VDD,Metal1,23.9000,239.5525,3.299993
FILLER_56_529,VDD,Metal1,303.2400,239.1200,3.299991
FILLER_56_527,VDD,Metal1,302.4000,239.1200,3.299991
FILLER_56_523,VDD,Metal1,300.1600,239.1200,3.299991
FILLER_56_519,VDD,Metal1,298.8600,238.6875,3.299991
FILLER_56_465,VDD,Metal1,268.6200,238.6875,3.299991
FILLER_56_436,VDD,Metal1,251.1600,239.1200,3.299992
FILLER_56_417,VDD,Metal1,240.5200,239.1200,3.299992
FILLER_56_413,VDD,Metal1,239.5000,238.6875,3.299992
FILLER_56_317,VDD,Metal1,184.8000,239.1200,3.299992
FILLER_56_314,VDD,Metal1,182.8400,239.1200,3.299992
FILLER_56_312,VDD,Metal1,182.0000,239.1200,3.299992
FILLER_56_308,VDD,Metal1,180.7000,238.6875,3.299992
FILLER_56_292,VDD,Metal1,175.3280,238.4280,3.299992
FILLER_56_282,VDD,Metal1,164.9200,239.1200,3.299992
FILLER_56_280,VDD,Metal1,164.0800,239.1200,3.299992
FILLER_56_276,VDD,Metal1,162.7800,238.6875,3.299992
FILLER_56_249,VDD,Metal1,146.4400,239.1200,3.299992
FILLER_56_247,VDD,Metal1,145.6000,239.1200,3.299992
FILLER_56_236,VDD,Metal1,139.1600,239.1200,3.299992
FILLER_56_190,VDD,Metal1,113.4000,239.1200,3.299993
FILLER_56_186,VDD,Metal1,112.3800,238.6875,3.299993
FILLER_56_174,VDD,Metal1,104.4400,239.1200,3.299993
FILLER_56_166,VDD,Metal1,102.4265,238.5430,3.299993
FILLER_56_155,VDD,Metal1,94.0800,239.1200,3.299993
FILLER_56_147,VDD,Metal1,91.7865,238.5430,3.299993
FILLER_56_115,VDD,Metal1,80.7555,238.3510,3.299993
FILLER_56_109,VDD,Metal1,68.0400,239.1200,3.299993
FILLER_56_107,VDD,Metal1,67.2000,239.1200,3.299993
FILLER_56_97,VDD,Metal1,63.7865,238.5430,3.299993
FILLER_56_81,VDD,Metal1,57.1680,238.4280,3.299993
FILLER_56_55,VDD,Metal1,37.8000,239.1200,3.299993
FILLER_56_53,VDD,Metal1,36.9600,239.1200,3.299993
FILLER_56_45,VDD,Metal1,34.6665,238.5430,3.299993
FILLER_56_6,VDD,Metal1,10.3600,239.1200,3.299993
FILLER_56_2,VDD,Metal1,9.3400,238.6875,3.299993
FILLER_55_562,VDD,Metal1,322.9400,231.7125,3.299990
FILLER_55_559,VDD,Metal1,320.0400,231.2800,3.299990
FILLER_55_557,VDD,Metal1,319.2000,231.2800,3.299990
FILLER_55_528,VDD,Metal1,302.9600,231.2800,3.299990
FILLER_55_492,VDD,Metal1,282.8000,231.2800,3.299991
FILLER_55_486,VDD,Metal1,280.3800,231.7125,3.299991
FILLER_55_440,VDD,Metal1,253.6800,231.2800,3.299991
FILLER_55_418,VDD,Metal1,241.3600,231.2800,3.299991
FILLER_55_348,VDD,Metal1,202.1600,231.2800,3.299991
FILLER_55_321,VDD,Metal1,186.7600,231.2800,3.299991
FILLER_55_319,VDD,Metal1,185.9200,231.2800,3.299991
FILLER_55_315,VDD,Metal1,184.6200,231.7125,3.299991
FILLER_55_306,VDD,Metal1,178.3600,231.2800,3.299991
FILLER_55_302,VDD,Metal1,177.3400,231.7125,3.299991
FILLER_55_294,VDD,Metal1,174.1065,231.8565,3.299991
FILLER_55_284,VDD,Metal1,166.0400,231.2800,3.299992
FILLER_55_282,VDD,Metal1,165.2000,231.2800,3.299992
FILLER_55_279,VDD,Metal1,163.2400,231.2800,3.299992
FILLER_55_277,VDD,Metal1,162.4000,231.2800,3.299992
FILLER_55_273,VDD,Metal1,161.1000,231.7125,3.299992
FILLER_55_263,VDD,Metal1,154.2800,231.2800,3.299992
FILLER_55_259,VDD,Metal1,153.2600,231.7125,3.299992
FILLER_55_239,VDD,Metal1,141.1200,231.2800,3.299992
FILLER_55_235,VDD,Metal1,139.8200,231.7125,3.299992
FILLER_55_218,VDD,Metal1,129.0800,231.2800,3.299992
FILLER_55_216,VDD,Metal1,128.2400,231.2800,3.299992
FILLER_55_212,VDD,Metal1,126.9400,231.7125,3.299992
FILLER_55_209,VDD,Metal1,124.0400,231.2800,3.299992
FILLER_55_205,VDD,Metal1,123.0200,231.7125,3.299992
FILLER_55_197,VDD,Metal1,119.7865,231.8565,3.299992
FILLER_55_181,VDD,Metal1,113.1680,231.9720,3.299992
FILLER_55_166,VDD,Metal1,99.9600,231.2800,3.299992
FILLER_55_150,VDD,Metal1,95.8080,231.9720,3.299992
FILLER_55_139,VDD,Metal1,84.8400,231.2800,3.299992
FILLER_55_135,VDD,Metal1,83.8200,231.7125,3.299992
FILLER_55_124,VDD,Metal1,76.7200,231.2800,3.299992
FILLER_55_105,VDD,Metal1,65.8000,231.2800,3.299992
FILLER_55_89,VDD,Metal1,61.6480,231.9720,3.299992
FILLER_55_72,VDD,Metal1,49.7865,231.8565,3.299993
FILLER_54_529,VDD,Metal1,303.2400,231.2800,3.299990
FILLER_54_527,VDD,Metal1,302.4000,231.2800,3.299990
FILLER_54_451,VDD,Metal1,260.7800,230.8475,3.299991
FILLER_54_405,VDD,Metal1,234.0800,231.2800,3.299991
FILLER_54_374,VDD,Metal1,216.7200,231.2800,3.299991
FILLER_54_321,VDD,Metal1,186.7600,231.2800,3.299991
FILLER_54_317,VDD,Metal1,185.7400,230.8475,3.299991
FILLER_54_314,VDD,Metal1,182.8400,231.2800,3.299991
FILLER_54_306,VDD,Metal1,180.8265,230.7030,3.299991
FILLER_54_295,VDD,Metal1,172.2000,231.2800,3.299991
FILLER_54_291,VDD,Metal1,171.1800,230.8475,3.299991
FILLER_54_281,VDD,Metal1,164.3600,231.2800,3.299992
FILLER_54_279,VDD,Metal1,163.5200,231.2800,3.299992
FILLER_54_275,VDD,Metal1,162.2200,230.8475,3.299992
FILLER_54_247,VDD,Metal1,146.5400,230.8475,3.299992
FILLER_54_225,VDD,Metal1,134.2200,230.8475,3.299992
FILLER_54_209,VDD,Metal1,128.8480,230.5880,3.299992
FILLER_54_177,VDD,Metal1,115.4755,230.5110,3.299992
FILLER_54_174,VDD,Metal1,104.4400,231.2800,3.299992
FILLER_54_172,VDD,Metal1,103.6000,231.2800,3.299992
FILLER_54_140,VDD,Metal1,94.7555,230.5110,3.299992
FILLER_54_121,VDD,Metal1,74.7600,231.2800,3.299992
FILLER_54_119,VDD,Metal1,73.9200,231.2800,3.299992
FILLER_54_115,VDD,Metal1,72.6200,230.8475,3.299992
FILLER_54_103,VDD,Metal1,64.9600,231.2800,3.299992
FILLER_54_84,VDD,Metal1,54.0400,231.2800,3.299992
FILLER_54_80,VDD,Metal1,53.0200,230.8475,3.299992
FILLER_54_63,VDD,Metal1,42.2800,231.2800,3.299993
FILLER_54_61,VDD,Metal1,41.4400,231.2800,3.299993
FILLER_54_57,VDD,Metal1,40.1400,230.8475,3.299993
FILLER_54_48,VDD,Metal1,34.1600,231.2800,3.299993
FILLER_54_34,VDD,Metal1,26.0400,231.2800,3.299993
FILLER_53_562,VDD,Metal1,322.9400,223.8725,3.299996
FILLER_53_527,VDD,Metal1,302.1200,223.4400,3.299996
FILLER_53_525,VDD,Metal1,301.2800,223.4400,3.299996
FILLER_53_440,VDD,Metal1,253.6800,223.4400,3.299996
FILLER_53_349,VDD,Metal1,202.4400,223.4400,3.299997
FILLER_53_347,VDD,Metal1,201.6000,223.4400,3.299997
FILLER_53_320,VDD,Metal1,186.2000,223.4400,3.299997
FILLER_53_318,VDD,Metal1,185.3600,223.4400,3.299997
FILLER_53_314,VDD,Metal1,184.0600,223.8725,3.299997
FILLER_53_282,VDD,Metal1,174.2755,224.2085,3.299997
FILLER_53_232,VDD,Metal1,136.9200,223.4400,3.299997
FILLER_53_224,VDD,Metal1,134.9065,224.0165,3.299997
FILLER_53_212,VDD,Metal1,126.9400,223.8725,3.299997
FILLER_53_209,VDD,Metal1,124.0400,223.4400,3.299996
FILLER_53_207,VDD,Metal1,123.2000,223.4400,3.299996
FILLER_53_191,VDD,Metal1,118.7680,224.1320,3.299996
FILLER_53_184,VDD,Metal1,110.0400,223.4400,3.299996
FILLER_53_182,VDD,Metal1,109.2000,223.4400,3.299996
FILLER_53_166,VDD,Metal1,104.7680,224.1320,3.299996
FILLER_53_156,VDD,Metal1,94.3600,223.4400,3.299996
FILLER_53_154,VDD,Metal1,93.5200,223.4400,3.299996
FILLER_53_150,VDD,Metal1,92.2200,223.8725,3.299996
FILLER_53_142,VDD,Metal1,88.9865,224.0165,3.299996
FILLER_53_139,VDD,Metal1,84.8400,223.4400,3.299996
FILLER_53_137,VDD,Metal1,84.0000,223.4400,3.299996
FILLER_53_85,VDD,Metal1,54.8800,223.4400,3.299996
FILLER_53_81,VDD,Metal1,53.5800,223.8725,3.299996
FILLER_53_60,VDD,Metal1,40.6000,223.4400,3.299996
FILLER_53_44,VDD,Metal1,36.4480,224.1320,3.299996
FILLER_52_518,VDD,Metal1,297.0800,223.4400,3.299996
FILLER_52_516,VDD,Metal1,296.2400,223.4400,3.299996
FILLER_52_482,VDD,Metal1,276.9200,223.4400,3.299996
FILLER_52_436,VDD,Metal1,251.1600,223.4400,3.299996
FILLER_52_432,VDD,Metal1,250.1400,223.0075,3.299996
FILLER_52_413,VDD,Metal1,238.2800,223.4400,3.299996
FILLER_52_383,VDD,Metal1,221.7600,223.4400,3.299996
FILLER_52_379,VDD,Metal1,220.4600,223.0075,3.299996
FILLER_52_364,VDD,Metal1,210.8400,223.4400,3.299996
FILLER_52_360,VDD,Metal1,209.8200,223.0075,3.299996
FILLER_52_325,VDD,Metal1,189.0000,223.4400,3.299997
FILLER_52_317,VDD,Metal1,186.9865,222.8630,3.299997
FILLER_52_304,VDD,Metal1,177.5200,223.4400,3.299997
FILLER_52_300,VDD,Metal1,176.2200,223.0075,3.299997
FILLER_52_292,VDD,Metal1,172.9865,222.8630,3.299997
FILLER_52_276,VDD,Metal1,166.3680,222.7480,3.299997
FILLER_52_249,VDD,Metal1,146.4400,223.4400,3.299997
FILLER_52_247,VDD,Metal1,145.6000,223.4400,3.299997
FILLER_52_243,VDD,Metal1,143.3600,223.4400,3.299997
FILLER_52_227,VDD,Metal1,138.9280,222.7480,3.299997
FILLER_52_207,VDD,Metal1,123.2000,223.4400,3.299996
FILLER_52_203,VDD,Metal1,121.9000,223.0075,3.299996
FILLER_52_195,VDD,Metal1,118.6665,222.8630,3.299996
FILLER_52_174,VDD,Metal1,104.4400,223.4400,3.299996
FILLER_52_170,VDD,Metal1,103.4200,223.0075,3.299996
FILLER_52_162,VDD,Metal1,100.1865,222.8630,3.299996
FILLER_52_143,VDD,Metal1,87.0800,223.4400,3.299996
FILLER_52_141,VDD,Metal1,86.2400,223.4400,3.299996
FILLER_52_127,VDD,Metal1,78.4000,223.4400,3.299996
FILLER_52_115,VDD,Metal1,72.6200,223.0075,3.299996
FILLER_52_107,VDD,Metal1,69.3865,222.8630,3.299996
FILLER_52_101,VDD,Metal1,64.7800,223.0075,3.299996
FILLER_52_93,VDD,Metal1,59.3600,223.4400,3.299996
FILLER_52_67,VDD,Metal1,44.5200,223.4400,3.299996
FILLER_52_59,VDD,Metal1,42.5065,222.8630,3.299996
FILLER_52_43,VDD,Metal1,35.8880,222.7480,3.299996
FILLER_52_34,VDD,Metal1,26.0400,223.4400,3.299996
FILLER_51_573,VDD,Metal1,327.8800,215.6000,3.299998
FILLER_51_571,VDD,Metal1,327.0400,215.6000,3.299998
FILLER_51_550,VDD,Metal1,316.2200,216.0325,3.299998
FILLER_51_532,VDD,Metal1,305.2000,215.6000,3.299998
FILLER_51_522,VDD,Metal1,299.3200,215.6000,3.299998
FILLER_51_520,VDD,Metal1,298.4800,215.6000,3.299998
FILLER_51_510,VDD,Metal1,292.6000,215.6000,3.299998
FILLER_51_508,VDD,Metal1,291.7600,215.6000,3.299998
FILLER_51_489,VDD,Metal1,280.8400,215.6000,3.299998
FILLER_51_464,VDD,Metal1,266.8400,215.6000,3.299998
FILLER_51_460,VDD,Metal1,265.8200,216.0325,3.299998
FILLER_51_440,VDD,Metal1,253.6800,215.6000,3.299998
FILLER_51_419,VDD,Metal1,241.6400,215.6000,3.299998
FILLER_51_400,VDD,Metal1,231.0000,215.6000,3.299998
FILLER_51_356,VDD,Metal1,206.6400,215.6000,3.299998
FILLER_51_352,VDD,Metal1,205.3400,216.0325,3.299998
FILLER_51_340,VDD,Metal1,197.6800,215.6000,3.299998
FILLER_51_336,VDD,Metal1,196.3800,216.0325,3.299998
FILLER_51_328,VDD,Metal1,193.1465,216.1765,3.299998
FILLER_51_296,VDD,Metal1,182.1155,216.3685,3.299998
FILLER_51_286,VDD,Metal1,167.4400,215.6000,3.299998
FILLER_51_282,VDD,Metal1,166.1400,216.0325,3.299998
FILLER_51_279,VDD,Metal1,163.2400,215.6000,3.299998
FILLER_51_277,VDD,Metal1,162.4000,215.6000,3.299998
FILLER_51_273,VDD,Metal1,161.1000,216.0325,3.299998
FILLER_51_246,VDD,Metal1,144.7600,215.6000,3.299998
FILLER_51_244,VDD,Metal1,143.9200,215.6000,3.299998
FILLER_51_212,VDD,Metal1,135.0755,216.3685,3.299998
FILLER_51_209,VDD,Metal1,124.0400,215.6000,3.299998
FILLER_51_193,VDD,Metal1,119.8880,216.2920,3.299998
FILLER_51_161,VDD,Metal1,106.5155,216.3685,3.299998
FILLER_51_150,VDD,Metal1,91.2800,215.6000,3.299998
FILLER_51_139,VDD,Metal1,84.8400,215.6000,3.299998
FILLER_51_131,VDD,Metal1,82.8265,216.1765,3.299998
FILLER_51_121,VDD,Metal1,74.7600,215.6000,3.299998
FILLER_51_113,VDD,Metal1,72.7465,216.1765,3.299998
FILLER_51_97,VDD,Metal1,66.1280,216.2920,3.299998
FILLER_51_88,VDD,Metal1,56.2800,215.6000,3.299998
FILLER_51_72,VDD,Metal1,52.1280,216.2920,3.299998
FILLER_51_54,VDD,Metal1,42.0480,216.2920,3.299998
FILLER_51_6,VDD,Metal1,10.3600,215.6000,3.299998
FILLER_51_2,VDD,Metal1,9.3400,216.0325,3.299998
FILLER_50_529,VDD,Metal1,303.2400,215.6000,3.299998
FILLER_50_527,VDD,Metal1,302.4000,215.6000,3.299998
FILLER_50_523,VDD,Metal1,300.1600,215.6000,3.299998
FILLER_50_501,VDD,Metal1,287.5600,215.6000,3.299998
FILLER_50_481,VDD,Metal1,277.5800,215.1675,3.299998
FILLER_50_451,VDD,Metal1,260.7800,215.1675,3.299998
FILLER_50_387,VDD,Metal1,224.0000,215.6000,3.299998
FILLER_50_381,VDD,Metal1,221.5800,215.1675,3.299998
FILLER_50_354,VDD,Metal1,205.2400,215.6000,3.299998
FILLER_50_329,VDD,Metal1,191.2400,215.6000,3.299998
FILLER_50_325,VDD,Metal1,190.2200,215.1675,3.299998
FILLER_50_317,VDD,Metal1,186.9865,215.0230,3.299998
FILLER_50_307,VDD,Metal1,181.3865,215.0230,3.299998
FILLER_50_291,VDD,Metal1,174.7680,214.9080,3.299998
FILLER_50_279,VDD,Metal1,163.2400,215.6000,3.299998
FILLER_50_269,VDD,Metal1,157.6400,215.6000,3.299998
FILLER_50_247,VDD,Metal1,146.5400,215.1675,3.299998
FILLER_50_241,VDD,Metal1,143.1800,215.1675,3.299998
FILLER_50_233,VDD,Metal1,139.9465,215.0230,3.299998
FILLER_50_223,VDD,Metal1,131.8800,215.6000,3.299998
FILLER_50_221,VDD,Metal1,131.0400,215.6000,3.299998
FILLER_50_217,VDD,Metal1,129.7400,215.1675,3.299998
FILLER_50_209,VDD,Metal1,126.5065,215.0230,3.299998
FILLER_50_177,VDD,Metal1,115.4755,214.8310,3.299998
FILLER_50_174,VDD,Metal1,104.4400,215.6000,3.299998
FILLER_50_172,VDD,Metal1,103.6000,215.6000,3.299998
FILLER_50_168,VDD,Metal1,102.3000,215.1675,3.299998
FILLER_50_160,VDD,Metal1,99.0665,215.0230,3.299998
FILLER_50_151,VDD,Metal1,91.8400,215.6000,3.299998
FILLER_50_147,VDD,Metal1,90.5400,215.1675,3.299998
FILLER_50_139,VDD,Metal1,87.3065,215.0230,3.299998
FILLER_50_107,VDD,Metal1,76.2755,214.8310,3.299998
FILLER_50_73,VDD,Metal1,57.2355,214.8310,3.299998
FILLER_50_47,VDD,Metal1,33.3200,215.6000,3.299998
FILLER_50_43,VDD,Metal1,32.3000,215.1675,3.299998
FILLER_50_31,VDD,Metal1,25.5800,215.1675,3.299998
FILLER_50_6,VDD,Metal1,10.3600,215.6000,3.299998
FILLER_50_2,VDD,Metal1,9.3400,215.1675,3.299998
FILLER_49_573,VDD,Metal1,327.8800,207.7600,3.299997
FILLER_49_571,VDD,Metal1,327.0400,207.7600,3.299997
FILLER_49_534,VDD,Metal1,306.0400,207.7600,3.299997
FILLER_49_517,VDD,Metal1,296.5200,207.7600,3.299997
FILLER_49_489,VDD,Metal1,280.8400,207.7600,3.299997
FILLER_49_440,VDD,Metal1,253.6800,207.7600,3.299997
FILLER_49_402,VDD,Metal1,233.3400,208.1925,3.299997
FILLER_49_383,VDD,Metal1,221.4800,207.7600,3.299997
FILLER_49_379,VDD,Metal1,220.4600,208.1925,3.299997
FILLER_49_354,VDD,Metal1,205.2400,207.7600,3.299997
FILLER_49_352,VDD,Metal1,204.4000,207.7600,3.299997
FILLER_49_342,VDD,Metal1,200.9865,208.3365,3.299997
FILLER_49_334,VDD,Metal1,194.3200,207.7600,3.299997
FILLER_49_330,VDD,Metal1,193.0200,208.1925,3.299997
FILLER_49_322,VDD,Metal1,189.7865,208.3365,3.299997
FILLER_49_311,VDD,Metal1,181.4400,207.7600,3.299998
FILLER_49_307,VDD,Metal1,180.1400,208.1925,3.299998
FILLER_49_291,VDD,Metal1,174.7680,208.4520,3.299998
FILLER_49_278,VDD,Metal1,162.9600,207.7600,3.299998
FILLER_49_269,VDD,Metal1,157.6400,207.7600,3.299998
FILLER_49_267,VDD,Metal1,156.8000,207.7600,3.299998
FILLER_49_263,VDD,Metal1,155.5000,208.1925,3.299998
FILLER_49_237,VDD,Metal1,142.1865,208.3365,3.299998
FILLER_49_221,VDD,Metal1,135.5680,208.4520,3.299998
FILLER_49_206,VDD,Metal1,123.5800,208.1925,3.299998
FILLER_49_142,VDD,Metal1,104.8750,208.5740,3.299998
FILLER_49_136,VDD,Metal1,84.3800,208.1925,3.299998
FILLER_49_119,VDD,Metal1,76.1065,208.3365,3.299998
FILLER_49_103,VDD,Metal1,69.4880,208.4520,3.299998
FILLER_49_80,VDD,Metal1,52.0800,207.7600,3.299998
FILLER_49_72,VDD,Metal1,49.7865,208.3365,3.299998
FILLER_49_69,VDD,Metal1,45.6400,207.7600,3.299998
FILLER_49_67,VDD,Metal1,44.8000,207.7600,3.299998
FILLER_49_59,VDD,Metal1,42.5065,208.3365,3.299998
FILLER_49_48,VDD,Metal1,34.1600,207.7600,3.299998
FILLER_49_40,VDD,Metal1,31.8665,208.3365,3.299998
FILLER_49_6,VDD,Metal1,10.3600,207.7600,3.299998
FILLER_49_2,VDD,Metal1,9.3400,208.1925,3.299998
FILLER_48_524,VDD,Metal1,300.4400,207.7600,3.299997
FILLER_48_508,VDD,Metal1,291.4800,207.7600,3.299997
FILLER_48_504,VDD,Metal1,290.4600,207.3275,3.299997
FILLER_48_496,VDD,Metal1,287.2265,207.1830,3.299997
FILLER_48_486,VDD,Metal1,279.4400,207.7600,3.299997
FILLER_48_469,VDD,Metal1,269.6400,207.7600,3.299997
FILLER_48_465,VDD,Metal1,268.6200,207.3275,3.299997
FILLER_48_454,VDD,Metal1,261.2400,207.7600,3.299997
FILLER_48_435,VDD,Metal1,250.6000,207.7600,3.299997
FILLER_48_433,VDD,Metal1,249.7600,207.7600,3.299997
FILLER_48_413,VDD,Metal1,238.5600,207.7600,3.299997
FILLER_48_384,VDD,Metal1,222.0400,207.7600,3.299997
FILLER_48_382,VDD,Metal1,221.2000,207.7600,3.299997
FILLER_48_334,VDD,Metal1,195.2600,207.3275,3.299997
FILLER_48_317,VDD,Metal1,184.5200,207.7600,3.299998
FILLER_48_305,VDD,Metal1,177.8000,207.7600,3.299998
FILLER_48_303,VDD,Metal1,176.9600,207.7600,3.299998
FILLER_48_299,VDD,Metal1,175.6600,207.3275,3.299998
FILLER_48_267,VDD,Metal1,165.8755,206.9910,3.299998
FILLER_48_255,VDD,Metal1,151.0200,207.3275,3.299998
FILLER_48_247,VDD,Metal1,147.7865,207.1830,3.299998
FILLER_48_243,VDD,Metal1,143.3600,207.7600,3.299998
FILLER_48_239,VDD,Metal1,142.0600,207.3275,3.299998
FILLER_48_223,VDD,Metal1,136.6880,207.0680,3.299998
FILLER_48_213,VDD,Metal1,126.2800,207.7600,3.299998
FILLER_48_211,VDD,Metal1,125.4400,207.7600,3.299998
FILLER_48_207,VDD,Metal1,124.1400,207.3275,3.299998
FILLER_48_191,VDD,Metal1,118.7680,207.0680,3.299998
FILLER_48_183,VDD,Metal1,109.4800,207.7600,3.299998
FILLER_48_181,VDD,Metal1,108.6400,207.7600,3.299998
FILLER_48_177,VDD,Metal1,107.3400,207.3275,3.299998
FILLER_48_173,VDD,Metal1,104.1600,207.7600,3.299998
FILLER_48_169,VDD,Metal1,102.8600,207.3275,3.299998
FILLER_48_161,VDD,Metal1,99.6265,207.1830,3.299998
FILLER_48_145,VDD,Metal1,93.0080,207.0680,3.299998
FILLER_48_119,VDD,Metal1,73.6400,207.7600,3.299998
FILLER_48_115,VDD,Metal1,72.6200,207.3275,3.299998
FILLER_48_107,VDD,Metal1,69.3865,207.1830,3.299998
FILLER_48_104,VDD,Metal1,65.2400,207.7600,3.299998
FILLER_48_100,VDD,Metal1,64.2200,207.3275,3.299998
FILLER_48_92,VDD,Metal1,60.9865,207.1830,3.299998
FILLER_48_60,VDD,Metal1,49.9555,206.9910,3.299998
FILLER_48_49,VDD,Metal1,34.7200,207.7600,3.299998
FILLER_48_45,VDD,Metal1,33.4200,207.3275,3.299998
FILLER_48_37,VDD,Metal1,30.1865,207.1830,3.299998
FILLER_48_22,VDD,Metal1,20.5400,207.3275,3.299998
FILLER_48_6,VDD,Metal1,10.3600,207.7600,3.299998
FILLER_48_2,VDD,Metal1,9.3400,207.3275,3.299998
FILLER_47_550,VDD,Metal1,315.0000,199.9200,3.299957
FILLER_47_548,VDD,Metal1,314.1600,199.9200,3.299957
FILLER_47_535,VDD,Metal1,306.6000,199.9200,3.299957
FILLER_47_533,VDD,Metal1,305.7600,199.9200,3.299957
FILLER_47_508,VDD,Metal1,291.7600,199.9200,3.299958
FILLER_47_492,VDD,Metal1,287.3280,200.6120,3.299958
FILLER_47_489,VDD,Metal1,280.8400,199.9200,3.299958
FILLER_47_487,VDD,Metal1,280.0000,199.9200,3.299958
FILLER_47_483,VDD,Metal1,278.7000,200.3525,3.299958
FILLER_47_397,VDD,Metal1,229.3200,199.9200,3.299958
FILLER_47_378,VDD,Metal1,218.6800,199.9200,3.299958
FILLER_47_370,VDD,Metal1,216.6665,200.4965,3.299958
FILLER_47_342,VDD,Metal1,200.9865,200.4965,3.299959
FILLER_47_310,VDD,Metal1,189.9555,200.6885,3.299960
FILLER_47_298,VDD,Metal1,175.1000,200.3525,3.299960
FILLER_47_282,VDD,Metal1,169.7280,200.6120,3.299960
FILLER_47_276,VDD,Metal1,162.7800,200.3525,3.299960
FILLER_47_212,VDD,Metal1,144.0750,200.7340,3.299960
FILLER_47_209,VDD,Metal1,124.0400,199.9200,3.299961
FILLER_47_207,VDD,Metal1,123.2000,199.9200,3.299961
FILLER_47_199,VDD,Metal1,120.9065,200.4965,3.299961
FILLER_47_183,VDD,Metal1,114.2880,200.6120,3.299962
FILLER_47_142,VDD,Metal1,91.3280,200.6120,3.299963
FILLER_47_139,VDD,Metal1,84.8400,199.9200,3.299963
FILLER_47_137,VDD,Metal1,84.0000,199.9200,3.299963
FILLER_47_127,VDD,Metal1,78.1200,199.9200,3.299963
FILLER_47_123,VDD,Metal1,77.1000,200.3525,3.299963
FILLER_47_112,VDD,Metal1,70.0000,199.9200,3.299964
FILLER_47_104,VDD,Metal1,67.7065,200.4965,3.299964
FILLER_47_72,VDD,Metal1,56.6755,200.6885,3.299966
FILLER_47_68,VDD,Metal1,45.3600,199.9200,3.299966
FILLER_47_57,VDD,Metal1,39.2000,199.9200,3.299966
FILLER_47_41,VDD,Metal1,34.7680,200.6120,3.299966
FILLER_47_6,VDD,Metal1,10.3600,199.9200,3.299970
FILLER_47_2,VDD,Metal1,9.3400,200.3525,3.299970
FILLER_46_529,VDD,Metal1,303.2400,199.9200,3.299957
FILLER_46_527,VDD,Metal1,302.4000,199.9200,3.299957
FILLER_46_507,VDD,Metal1,291.2000,199.9200,3.299958
FILLER_46_499,VDD,Metal1,288.9065,199.3430,3.299958
FILLER_46_489,VDD,Metal1,280.8400,199.9200,3.299958
FILLER_46_473,VDD,Metal1,276.6880,199.2280,3.299958
FILLER_46_384,VDD,Metal1,222.0400,199.9200,3.299958
FILLER_46_382,VDD,Metal1,221.2000,199.9200,3.299958
FILLER_46_366,VDD,Metal1,216.7680,199.2280,3.299958
FILLER_46_357,VDD,Metal1,206.9200,199.9200,3.299959
FILLER_46_341,VDD,Metal1,202.7680,199.2280,3.299959
FILLER_46_313,VDD,Metal1,182.5600,199.9200,3.299960
FILLER_46_309,VDD,Metal1,181.2600,199.4875,3.299960
FILLER_46_301,VDD,Metal1,178.0265,199.3430,3.299960
FILLER_46_269,VDD,Metal1,166.9955,199.1510,3.299960
FILLER_46_256,VDD,Metal1,151.5800,199.4875,3.299960
FILLER_46_244,VDD,Metal1,143.6400,199.9200,3.299960
FILLER_46_242,VDD,Metal1,142.8000,199.9200,3.299960
FILLER_46_238,VDD,Metal1,141.5000,199.4875,3.299960
FILLER_46_230,VDD,Metal1,138.2665,199.3430,3.299960
FILLER_46_210,VDD,Metal1,124.8800,199.9200,3.299961
FILLER_46_201,VDD,Metal1,119.8400,199.9200,3.299962
FILLER_46_193,VDD,Metal1,117.5465,199.3430,3.299962
FILLER_46_177,VDD,Metal1,110.9280,199.2280,3.299962
FILLER_46_173,VDD,Metal1,104.1600,199.9200,3.299963
FILLER_46_157,VDD,Metal1,99.7280,199.2280,3.299963
FILLER_46_125,VDD,Metal1,86.3555,199.1510,3.299963
FILLER_46_115,VDD,Metal1,71.6800,199.9200,3.299964
FILLER_46_107,VDD,Metal1,69.3865,199.3430,3.299964
FILLER_46_104,VDD,Metal1,65.2400,199.9200,3.299964
FILLER_46_93,VDD,Metal1,59.3600,199.9200,3.299966
FILLER_46_85,VDD,Metal1,57.0665,199.3430,3.299966
FILLER_46_69,VDD,Metal1,50.4480,199.2280,3.299966
FILLER_46_37,VDD,Metal1,37.0755,199.1510,3.299966
FILLER_46_2,VDD,Metal1,8.4000,199.9200,3.299970
FILLER_45_503,VDD,Metal1,288.6800,192.0800,3.299988
FILLER_45_496,VDD,Metal1,284.7600,192.0800,3.299988
FILLER_45_492,VDD,Metal1,283.7400,192.5125,3.299988
FILLER_45_486,VDD,Metal1,280.3800,192.5125,3.299988
FILLER_45_478,VDD,Metal1,277.1465,192.6565,3.299988
FILLER_45_393,VDD,Metal1,227.0800,192.0800,3.299991
FILLER_45_361,VDD,Metal1,218.5155,192.8485,3.299991
FILLER_45_349,VDD,Metal1,202.4400,192.0800,3.299991
FILLER_45_347,VDD,Metal1,201.6000,192.0800,3.299991
FILLER_45_343,VDD,Metal1,200.3000,192.5125,3.299991
FILLER_45_282,VDD,Metal1,169.7280,192.7720,3.299992
FILLER_45_270,VDD,Metal1,158.2000,192.0800,3.299992
FILLER_45_266,VDD,Metal1,157.1800,192.5125,3.299992
FILLER_45_258,VDD,Metal1,153.9465,192.6565,3.299992
FILLER_45_242,VDD,Metal1,147.3280,192.7720,3.299992
FILLER_45_232,VDD,Metal1,136.9200,192.0800,3.299992
FILLER_45_228,VDD,Metal1,135.9000,192.5125,3.299992
FILLER_45_212,VDD,Metal1,130.5280,192.7720,3.299992
FILLER_45_209,VDD,Metal1,124.0400,192.0800,3.299992
FILLER_45_207,VDD,Metal1,123.2000,192.0800,3.299992
FILLER_45_199,VDD,Metal1,120.9065,192.6565,3.299992
FILLER_45_183,VDD,Metal1,114.2880,192.7720,3.299992
FILLER_45_142,VDD,Metal1,95.8755,192.8485,3.299992
FILLER_45_139,VDD,Metal1,84.8400,192.0800,3.299992
FILLER_45_130,VDD,Metal1,79.8000,192.0800,3.299992
FILLER_45_128,VDD,Metal1,78.9600,192.0800,3.299992
FILLER_45_120,VDD,Metal1,76.6665,192.6565,3.299992
FILLER_45_104,VDD,Metal1,70.0480,192.7720,3.299992
FILLER_45_72,VDD,Metal1,56.6755,192.8485,3.299992
FILLER_45_66,VDD,Metal1,45.1800,192.5125,3.299992
FILLER_45_58,VDD,Metal1,41.9465,192.6565,3.299992
FILLER_45_10,VDD,Metal1,12.6000,192.0800,3.299993
FILLER_44_541,VDD,Metal1,309.9600,192.0800,3.299988
FILLER_44_537,VDD,Metal1,308.9400,191.6475,3.299988
FILLER_44_527,VDD,Metal1,302.4000,192.0800,3.299988
FILLER_44_524,VDD,Metal1,300.4400,192.0800,3.299988
FILLER_44_522,VDD,Metal1,299.6000,192.0800,3.299988
FILLER_44_494,VDD,Metal1,283.9200,192.0800,3.299988
FILLER_44_490,VDD,Metal1,282.6200,191.6475,3.299988
FILLER_44_482,VDD,Metal1,279.3865,191.5030,3.299988
FILLER_44_438,VDD,Metal1,252.2800,192.0800,3.299988
FILLER_44_436,VDD,Metal1,251.4400,192.0800,3.299988
FILLER_44_403,VDD,Metal1,232.6800,192.0800,3.299989
FILLER_44_387,VDD,Metal1,228.5280,191.3880,3.299991
FILLER_44_383,VDD,Metal1,221.7600,192.0800,3.299991
FILLER_44_379,VDD,Metal1,220.4600,191.6475,3.299991
FILLER_44_363,VDD,Metal1,215.0880,191.3880,3.299991
FILLER_44_341,VDD,Metal1,200.4265,191.5030,3.299991
FILLER_44_325,VDD,Metal1,193.8080,191.3880,3.299991
FILLER_44_317,VDD,Metal1,184.8000,192.0800,3.299991
FILLER_44_313,VDD,Metal1,182.5600,192.0800,3.299991
FILLER_44_303,VDD,Metal1,176.9600,192.0800,3.299992
FILLER_44_295,VDD,Metal1,174.6665,191.5030,3.299992
FILLER_44_279,VDD,Metal1,168.0480,191.3880,3.299992
FILLER_44_247,VDD,Metal1,154.6755,191.3110,3.299992
FILLER_44_241,VDD,Metal1,143.1800,191.6475,3.299992
FILLER_44_177,VDD,Metal1,124.4750,191.2655,3.299992
FILLER_44_171,VDD,Metal1,103.9800,191.6475,3.299992
FILLER_44_163,VDD,Metal1,100.7465,191.5030,3.299992
FILLER_44_131,VDD,Metal1,89.7155,191.3110,3.299992
FILLER_44_121,VDD,Metal1,74.7600,192.0800,3.299992
FILLER_44_119,VDD,Metal1,73.9200,192.0800,3.299992
FILLER_44_115,VDD,Metal1,72.6200,191.6475,3.299992
FILLER_44_107,VDD,Metal1,69.3865,191.5030,3.299992
FILLER_44_104,VDD,Metal1,65.2400,192.0800,3.299992
FILLER_44_94,VDD,Metal1,59.6400,192.0800,3.299992
FILLER_44_92,VDD,Metal1,58.8000,192.0800,3.299992
FILLER_44_84,VDD,Metal1,56.5065,191.5030,3.299992
FILLER_44_74,VDD,Metal1,48.4400,192.0800,3.299992
FILLER_44_72,VDD,Metal1,47.6000,192.0800,3.299992
FILLER_44_56,VDD,Metal1,43.1680,191.3880,3.299992
FILLER_44_37,VDD,Metal1,27.7200,192.0800,3.299993
FILLER_44_6,VDD,Metal1,10.3600,192.0800,3.299993
FILLER_44_2,VDD,Metal1,9.3400,191.6475,3.299993
FILLER_43_562,VDD,Metal1,322.9400,184.6725,3.299934
FILLER_43_550,VDD,Metal1,316.2200,184.6725,3.299934
FILLER_43_515,VDD,Metal1,295.4000,184.2400,3.299935
FILLER_43_511,VDD,Metal1,294.3800,184.6725,3.299935
FILLER_43_502,VDD,Metal1,288.1200,184.2400,3.299935
FILLER_43_500,VDD,Metal1,287.2800,184.2400,3.299935
FILLER_43_488,VDD,Metal1,280.5600,184.2400,3.299935
FILLER_43_422,VDD,Metal1,243.3200,184.2400,3.299948
FILLER_43_419,VDD,Metal1,241.6400,184.2400,3.299948
FILLER_43_417,VDD,Metal1,240.8000,184.2400,3.299948
FILLER_43_413,VDD,Metal1,239.5000,184.6725,3.299948
FILLER_43_397,VDD,Metal1,234.1280,184.9320,3.299948
FILLER_43_385,VDD,Metal1,223.8200,184.6725,3.299949
FILLER_43_377,VDD,Metal1,220.5865,184.8165,3.299949
FILLER_43_361,VDD,Metal1,213.9680,184.9320,3.299949
FILLER_43_340,VDD,Metal1,197.4000,184.2400,3.299949
FILLER_43_332,VDD,Metal1,195.3865,184.8165,3.299949
FILLER_43_276,VDD,Metal1,162.7800,184.6725,3.299952
FILLER_43_212,VDD,Metal1,144.0750,185.0540,3.299953
FILLER_43_209,VDD,Metal1,124.0400,184.2400,3.299953
FILLER_43_205,VDD,Metal1,123.0200,184.6725,3.299953
FILLER_43_188,VDD,Metal1,114.7465,184.8165,3.299953
FILLER_43_172,VDD,Metal1,108.1280,184.9320,3.299953
FILLER_43_148,VDD,Metal1,89.8800,184.2400,3.299956
FILLER_43_146,VDD,Metal1,89.0400,184.2400,3.299956
FILLER_43_142,VDD,Metal1,87.7400,184.6725,3.299956
FILLER_43_132,VDD,Metal1,83.3865,184.8165,3.299956
FILLER_43_122,VDD,Metal1,75.3200,184.2400,3.299957
FILLER_43_120,VDD,Metal1,74.4800,184.2400,3.299957
FILLER_43_104,VDD,Metal1,70.0480,184.9320,3.299957
FILLER_43_72,VDD,Metal1,56.6755,185.0085,3.299958
FILLER_43_68,VDD,Metal1,45.3600,184.2400,3.299958
FILLER_43_60,VDD,Metal1,43.0665,184.8165,3.299958
FILLER_43_44,VDD,Metal1,36.4480,184.9320,3.299958
FILLER_43_34,VDD,Metal1,26.0400,184.2400,3.299961
FILLER_43_6,VDD,Metal1,10.3600,184.2400,3.299962
FILLER_43_2,VDD,Metal1,9.3400,184.6725,3.299962
FILLER_42_536,VDD,Metal1,308.3800,183.8075,3.299934
FILLER_42_439,VDD,Metal1,252.8400,184.2400,3.299936
FILLER_42_435,VDD,Metal1,251.8200,183.8075,3.299936
FILLER_42_419,VDD,Metal1,241.9200,184.2400,3.299948
FILLER_42_411,VDD,Metal1,239.6265,183.6630,3.299948
FILLER_42_391,VDD,Metal1,226.2400,184.2400,3.299949
FILLER_42_387,VDD,Metal1,224.9400,183.8075,3.299949
FILLER_42_384,VDD,Metal1,222.0400,184.2400,3.299949
FILLER_42_380,VDD,Metal1,221.0200,183.8075,3.299949
FILLER_42_371,VDD,Metal1,214.7600,184.2400,3.299949
FILLER_42_367,VDD,Metal1,213.7400,183.8075,3.299949
FILLER_42_335,VDD,Metal1,203.9555,183.4710,3.299949
FILLER_42_314,VDD,Metal1,182.8400,184.2400,3.299950
FILLER_42_282,VDD,Metal1,174.2755,183.4710,3.299950
FILLER_42_273,VDD,Metal1,159.8800,184.2400,3.299953
FILLER_42_271,VDD,Metal1,159.0400,184.2400,3.299953
FILLER_42_263,VDD,Metal1,156.7465,183.6630,3.299953
FILLER_42_247,VDD,Metal1,150.1280,183.5480,3.299953
FILLER_42_243,VDD,Metal1,143.3600,184.2400,3.299953
FILLER_42_239,VDD,Metal1,142.0600,183.8075,3.299953
FILLER_42_223,VDD,Metal1,136.6880,183.5480,3.299953
FILLER_42_213,VDD,Metal1,126.2800,184.2400,3.299953
FILLER_42_209,VDD,Metal1,125.2600,183.8075,3.299953
FILLER_42_177,VDD,Metal1,115.4755,183.4710,3.299953
FILLER_42_174,VDD,Metal1,104.4400,184.2400,3.299953
FILLER_42_172,VDD,Metal1,103.6000,184.2400,3.299953
FILLER_42_161,VDD,Metal1,97.4400,184.2400,3.299955
FILLER_42_153,VDD,Metal1,92.6800,184.2400,3.299955
FILLER_42_151,VDD,Metal1,91.8400,184.2400,3.299955
FILLER_42_125,VDD,Metal1,77.0000,184.2400,3.299957
FILLER_42_123,VDD,Metal1,76.1600,184.2400,3.299957
FILLER_42_107,VDD,Metal1,71.7280,183.5480,3.299957
FILLER_42_104,VDD,Metal1,65.2400,184.2400,3.299958
FILLER_42_96,VDD,Metal1,63.2265,183.6630,3.299958
FILLER_42_77,VDD,Metal1,50.1200,184.2400,3.299958
FILLER_42_69,VDD,Metal1,48.1065,183.6630,3.299958
FILLER_42_53,VDD,Metal1,41.4880,183.5480,3.299958
FILLER_42_34,VDD,Metal1,26.0400,184.2400,3.299961
FILLER_42_16,VDD,Metal1,17.1800,183.8075,3.299962
FILLER_42_6,VDD,Metal1,10.3600,184.2400,3.299962
FILLER_42_2,VDD,Metal1,9.3400,183.8075,3.299962
FILLER_41_573,VDD,Metal1,327.8800,176.4000,3.299992
FILLER_41_571,VDD,Metal1,327.0400,176.4000,3.299992
FILLER_41_494,VDD,Metal1,283.6400,176.4000,3.299992
FILLER_41_492,VDD,Metal1,282.8000,176.4000,3.299992
FILLER_41_489,VDD,Metal1,280.8400,176.4000,3.299992
FILLER_41_487,VDD,Metal1,280.0000,176.4000,3.299992
FILLER_41_435,VDD,Metal1,250.8800,176.4000,3.299992
FILLER_41_431,VDD,Metal1,249.5800,176.8325,3.299992
FILLER_41_418,VDD,Metal1,241.3600,176.4000,3.299993
FILLER_41_370,VDD,Metal1,214.2000,176.4000,3.299993
FILLER_41_368,VDD,Metal1,213.3600,176.4000,3.299993
FILLER_41_352,VDD,Metal1,208.9280,177.0920,3.299993
FILLER_41_349,VDD,Metal1,202.4400,176.4000,3.299993
FILLER_41_347,VDD,Metal1,201.6000,176.4000,3.299993
FILLER_41_339,VDD,Metal1,199.3065,176.9765,3.299993
FILLER_41_327,VDD,Metal1,191.3400,176.8325,3.299993
FILLER_41_319,VDD,Metal1,188.1065,176.9765,3.299993
FILLER_41_303,VDD,Metal1,181.4880,177.0920,3.299993
FILLER_41_220,VDD,Metal1,131.4200,176.8325,3.299994
FILLER_41_212,VDD,Metal1,128.1865,176.9765,3.299994
FILLER_41_208,VDD,Metal1,123.7600,176.4000,3.299994
FILLER_41_200,VDD,Metal1,121.4665,176.9765,3.299994
FILLER_41_174,VDD,Metal1,104.4400,176.4000,3.299994
FILLER_41_166,VDD,Metal1,102.4265,176.9765,3.299994
FILLER_41_150,VDD,Metal1,95.8080,177.0920,3.299994
FILLER_41_139,VDD,Metal1,84.8400,176.4000,3.299994
FILLER_41_137,VDD,Metal1,84.0000,176.4000,3.299994
FILLER_41_133,VDD,Metal1,82.7000,176.8325,3.299994
FILLER_41_114,VDD,Metal1,70.8400,176.4000,3.299994
FILLER_41_110,VDD,Metal1,69.8200,176.8325,3.299994
FILLER_41_102,VDD,Metal1,66.5865,176.9765,3.299994
FILLER_41_86,VDD,Metal1,59.9680,177.0920,3.299994
FILLER_41_76,VDD,Metal1,49.5600,176.4000,3.299994
FILLER_41_72,VDD,Metal1,48.5400,176.8325,3.299994
FILLER_41_69,VDD,Metal1,45.6400,176.4000,3.299995
FILLER_41_67,VDD,Metal1,44.8000,176.4000,3.299995
FILLER_41_63,VDD,Metal1,43.5000,176.8325,3.299995
FILLER_41_55,VDD,Metal1,40.2665,176.9765,3.299995
FILLER_40_551,VDD,Metal1,315.5600,176.4000,3.299992
FILLER_40_474,VDD,Metal1,272.4400,176.4000,3.299992
FILLER_40_472,VDD,Metal1,271.6000,176.4000,3.299992
FILLER_40_454,VDD,Metal1,261.2400,176.4000,3.299992
FILLER_40_422,VDD,Metal1,243.3200,176.4000,3.299992
FILLER_40_418,VDD,Metal1,242.3000,175.9675,3.299993
FILLER_40_408,VDD,Metal1,236.7000,175.9675,3.299993
FILLER_40_395,VDD,Metal1,229.4200,175.9675,3.299993
FILLER_40_387,VDD,Metal1,226.1865,175.8230,3.299993
FILLER_40_373,VDD,Metal1,217.1000,175.9675,3.299993
FILLER_40_365,VDD,Metal1,213.8665,175.8230,3.299993
FILLER_40_349,VDD,Metal1,207.2480,175.7080,3.299993
FILLER_40_317,VDD,Metal1,193.8755,175.6310,3.299993
FILLER_40_314,VDD,Metal1,182.8400,176.4000,3.299993
FILLER_40_312,VDD,Metal1,182.0000,176.4000,3.299993
FILLER_40_296,VDD,Metal1,177.5680,175.7080,3.299993
FILLER_40_286,VDD,Metal1,167.4400,176.4000,3.299993
FILLER_40_274,VDD,Metal1,160.4400,176.4000,3.299994
FILLER_40_272,VDD,Metal1,159.6000,176.4000,3.299994
FILLER_40_257,VDD,Metal1,153.3865,175.8230,3.299994
FILLER_40_247,VDD,Metal1,145.3200,176.4000,3.299994
FILLER_40_244,VDD,Metal1,143.6400,176.4000,3.299994
FILLER_40_240,VDD,Metal1,142.6200,175.9675,3.299994
FILLER_40_233,VDD,Metal1,137.4800,176.4000,3.299994
FILLER_40_217,VDD,Metal1,133.3280,175.7080,3.299994
FILLER_40_207,VDD,Metal1,122.9200,176.4000,3.299994
FILLER_40_205,VDD,Metal1,122.0800,176.4000,3.299994
FILLER_40_201,VDD,Metal1,120.7800,175.9675,3.299994
FILLER_40_193,VDD,Metal1,117.5465,175.8230,3.299994
FILLER_40_177,VDD,Metal1,110.9280,175.7080,3.299994
FILLER_40_173,VDD,Metal1,104.1600,176.4000,3.299994
FILLER_40_165,VDD,Metal1,101.8665,175.8230,3.299994
FILLER_40_149,VDD,Metal1,95.2480,175.7080,3.299994
FILLER_40_139,VDD,Metal1,84.8400,176.4000,3.299994
FILLER_40_107,VDD,Metal1,76.2755,175.6310,3.299994
FILLER_40_94,VDD,Metal1,59.9200,176.4000,3.299994
FILLER_40_90,VDD,Metal1,58.6200,175.9675,3.299994
FILLER_40_37,VDD,Metal1,28.9400,175.9675,3.299995
FILLER_40_25,VDD,Metal1,21.0000,176.4000,3.299995
FILLER_40_21,VDD,Metal1,19.9800,175.9675,3.299995
FILLER_40_8,VDD,Metal1,12.7000,175.9675,3.299995
FILLER_39_570,VDD,Metal1,327.4200,168.9925,3.299953
FILLER_39_543,VDD,Metal1,311.0800,168.5600,3.299953
FILLER_39_541,VDD,Metal1,310.2400,168.5600,3.299953
FILLER_39_513,VDD,Metal1,294.5600,168.5600,3.299953
FILLER_39_422,VDD,Metal1,243.3200,168.5600,3.299956
FILLER_39_418,VDD,Metal1,241.3600,168.5600,3.299957
FILLER_39_409,VDD,Metal1,236.0400,168.5600,3.299958
FILLER_39_405,VDD,Metal1,235.0200,168.9925,3.299958
FILLER_39_389,VDD,Metal1,229.6480,169.2520,3.299959
FILLER_39_372,VDD,Metal1,215.3200,168.5600,3.299962
FILLER_39_370,VDD,Metal1,214.4800,168.5600,3.299962
FILLER_39_362,VDD,Metal1,212.1865,169.1365,3.299963
FILLER_39_352,VDD,Metal1,204.1200,168.5600,3.299966
FILLER_39_349,VDD,Metal1,202.4400,168.5600,3.299967
FILLER_39_345,VDD,Metal1,201.4200,168.9925,3.299967
FILLER_39_329,VDD,Metal1,196.0480,169.2520,3.299967
FILLER_39_314,VDD,Metal1,182.8400,168.5600,3.299968
FILLER_39_282,VDD,Metal1,174.2755,169.3285,3.299968
FILLER_39_272,VDD,Metal1,161.7865,169.1365,3.299969
FILLER_39_255,VDD,Metal1,152.2665,169.1365,3.299969
FILLER_39_223,VDD,Metal1,141.2355,169.3285,3.299969
FILLER_39_208,VDD,Metal1,123.7600,168.5600,3.299969
FILLER_39_204,VDD,Metal1,122.4600,168.9925,3.299969
FILLER_39_188,VDD,Metal1,117.0880,169.2520,3.299969
FILLER_39_169,VDD,Metal1,101.6400,168.5600,3.299969
FILLER_39_167,VDD,Metal1,100.8000,168.5600,3.299969
FILLER_39_151,VDD,Metal1,96.3680,169.2520,3.299969
FILLER_39_139,VDD,Metal1,84.8400,168.5600,3.299969
FILLER_39_131,VDD,Metal1,82.8265,169.1365,3.299969
FILLER_39_115,VDD,Metal1,76.2080,169.2520,3.299970
FILLER_39_76,VDD,Metal1,49.8400,168.5600,3.299970
FILLER_39_72,VDD,Metal1,48.5400,168.9925,3.299970
FILLER_39_48,VDD,Metal1,35.1000,168.9925,3.299971
FILLER_39_38,VDD,Metal1,28.2800,168.5600,3.299972
FILLER_38_446,VDD,Metal1,256.7600,168.5600,3.299956
FILLER_38_444,VDD,Metal1,255.9200,168.5600,3.299956
FILLER_38_387,VDD,Metal1,228.5280,167.8680,3.299959
FILLER_38_384,VDD,Metal1,222.0400,168.5600,3.299962
FILLER_38_380,VDD,Metal1,221.0200,168.1275,3.299962
FILLER_38_363,VDD,Metal1,211.5000,168.1275,3.299963
FILLER_38_330,VDD,Metal1,194.2665,167.9830,3.299967
FILLER_38_317,VDD,Metal1,185.7400,168.1275,3.299968
FILLER_38_313,VDD,Metal1,182.5600,168.5600,3.299968
FILLER_38_295,VDD,Metal1,173.4200,168.1275,3.299968
FILLER_38_279,VDD,Metal1,168.0480,167.8680,3.299968
FILLER_38_247,VDD,Metal1,154.6755,167.7910,3.299969
FILLER_38_241,VDD,Metal1,143.1800,168.1275,3.299969
FILLER_38_177,VDD,Metal1,124.4750,167.7455,3.299969
FILLER_38_174,VDD,Metal1,104.4400,168.5600,3.299969
FILLER_38_166,VDD,Metal1,102.4265,167.9830,3.299969
FILLER_38_134,VDD,Metal1,91.3955,167.7910,3.299969
FILLER_38_123,VDD,Metal1,76.1600,168.5600,3.299970
FILLER_38_107,VDD,Metal1,71.7280,167.8680,3.299970
FILLER_38_57,VDD,Metal1,38.9200,168.5600,3.299971
FILLER_38_55,VDD,Metal1,38.0800,168.5600,3.299971
FILLER_38_34,VDD,Metal1,26.0400,168.5600,3.299972
FILLER_38_32,VDD,Metal1,25.2000,168.5600,3.299973
FILLER_37_570,VDD,Metal1,327.4200,161.1525,3.299943
FILLER_37_542,VDD,Metal1,310.8000,160.7200,3.299943
FILLER_37_492,VDD,Metal1,282.8000,160.7200,3.299943
FILLER_37_489,VDD,Metal1,280.8400,160.7200,3.299943
FILLER_37_436,VDD,Metal1,252.3800,161.1525,3.299945
FILLER_37_422,VDD,Metal1,243.3200,160.7200,3.299945
FILLER_37_416,VDD,Metal1,241.1800,161.1525,3.299945
FILLER_37_397,VDD,Metal1,230.5400,161.1525,3.299945
FILLER_37_352,VDD,Metal1,205.3400,161.1525,3.299947
FILLER_37_349,VDD,Metal1,202.4400,160.7200,3.299947
FILLER_37_341,VDD,Metal1,200.4265,161.2965,3.299947
FILLER_37_290,VDD,Metal1,170.6200,161.1525,3.299955
FILLER_37_282,VDD,Metal1,167.3865,161.2965,3.299955
FILLER_37_279,VDD,Metal1,163.2400,160.7200,3.299957
FILLER_37_247,VDD,Metal1,154.6755,161.4885,3.299957
FILLER_37_241,VDD,Metal1,141.9600,160.7200,3.299959
FILLER_37_239,VDD,Metal1,141.1200,160.7200,3.299959
FILLER_37_231,VDD,Metal1,138.8265,161.2965,3.299961
FILLER_37_222,VDD,Metal1,131.3200,160.7200,3.299963
FILLER_37_209,VDD,Metal1,124.0400,160.7200,3.299964
FILLER_37_205,VDD,Metal1,123.0200,161.1525,3.299964
FILLER_37_197,VDD,Metal1,119.7865,161.2965,3.299964
FILLER_37_187,VDD,Metal1,111.7200,160.7200,3.299964
FILLER_37_185,VDD,Metal1,110.8800,160.7200,3.299964
FILLER_37_177,VDD,Metal1,108.5865,161.2965,3.299964
FILLER_37_166,VDD,Metal1,100.2400,160.7200,3.299964
FILLER_37_158,VDD,Metal1,97.9465,161.2965,3.299964
FILLER_37_142,VDD,Metal1,91.3280,161.4120,3.299965
FILLER_37_139,VDD,Metal1,84.8400,160.7200,3.299965
FILLER_37_129,VDD,Metal1,79.2400,160.7200,3.299965
FILLER_37_125,VDD,Metal1,78.2200,161.1525,3.299965
FILLER_37_99,VDD,Metal1,62.4400,160.7200,3.299965
FILLER_37_97,VDD,Metal1,61.6000,160.7200,3.299965
FILLER_37_69,VDD,Metal1,45.6400,160.7200,3.299966
FILLER_37_63,VDD,Metal1,42.2800,160.7200,3.299966
FILLER_36_524,VDD,Metal1,300.4400,160.7200,3.299943
FILLER_36_487,VDD,Metal1,280.9400,160.2875,3.299943
FILLER_36_451,VDD,Metal1,260.7800,160.2875,3.299945
FILLER_36_421,VDD,Metal1,243.9800,160.2875,3.299945
FILLER_36_381,VDD,Metal1,221.5800,160.2875,3.299945
FILLER_36_373,VDD,Metal1,218.3465,160.1430,3.299945
FILLER_36_365,VDD,Metal1,211.6800,160.7200,3.299945
FILLER_36_341,VDD,Metal1,200.4265,160.1430,3.299947
FILLER_36_328,VDD,Metal1,193.1465,160.1430,3.299951
FILLER_36_319,VDD,Metal1,185.6400,160.7200,3.299951
FILLER_36_317,VDD,Metal1,184.8000,160.7200,3.299951
FILLER_36_313,VDD,Metal1,182.5600,160.7200,3.299952
FILLER_36_305,VDD,Metal1,180.2665,160.1430,3.299952
FILLER_36_294,VDD,Metal1,171.9200,160.7200,3.299955
FILLER_36_278,VDD,Metal1,167.4880,160.0280,3.299955
FILLER_36_261,VDD,Metal1,153.1600,160.7200,3.299957
FILLER_36_259,VDD,Metal1,152.3200,160.7200,3.299957
FILLER_36_255,VDD,Metal1,151.0200,160.2875,3.299957
FILLER_36_232,VDD,Metal1,138.1400,160.2875,3.299961
FILLER_36_213,VDD,Metal1,126.2800,160.7200,3.299963
FILLER_36_209,VDD,Metal1,125.2600,160.2875,3.299963
FILLER_36_177,VDD,Metal1,115.4755,159.9510,3.299964
FILLER_36_167,VDD,Metal1,102.9865,160.1430,3.299964
FILLER_36_150,VDD,Metal1,91.0000,160.7200,3.299965
FILLER_36_134,VDD,Metal1,86.8480,160.0280,3.299965
FILLER_36_123,VDD,Metal1,76.1600,160.7200,3.299965
FILLER_36_107,VDD,Metal1,71.7280,160.0280,3.299965
FILLER_36_104,VDD,Metal1,65.2400,160.7200,3.299965
FILLER_36_96,VDD,Metal1,63.2265,160.1430,3.299965
FILLER_36_77,VDD,Metal1,50.4000,160.7200,3.299966
FILLER_36_69,VDD,Metal1,48.1065,160.1430,3.299966
FILLER_36_2,VDD,Metal1,8.1200,160.7200,3.299972
FILLER_35_562,VDD,Metal1,322.9400,153.3125,3.299965
FILLER_35_559,VDD,Metal1,320.0400,152.8800,3.299965
FILLER_35_557,VDD,Metal1,319.2000,152.8800,3.299965
FILLER_35_522,VDD,Metal1,300.5400,153.3125,3.299965
FILLER_35_492,VDD,Metal1,282.5200,152.8800,3.299965
FILLER_35_483,VDD,Metal1,277.4800,152.8800,3.299965
FILLER_35_430,VDD,Metal1,247.8000,152.8800,3.299974
FILLER_35_327,VDD,Metal1,190.4000,152.8800,3.299975
FILLER_35_323,VDD,Metal1,189.1000,153.3125,3.299975
FILLER_35_315,VDD,Metal1,185.8665,153.4565,3.299975
FILLER_35_290,VDD,Metal1,171.8665,153.4565,3.299976
FILLER_35_284,VDD,Metal1,166.0400,152.8800,3.299976
FILLER_35_282,VDD,Metal1,165.2000,152.8800,3.299976
FILLER_35_279,VDD,Metal1,163.2400,152.8800,3.299976
FILLER_35_275,VDD,Metal1,162.2200,153.3125,3.299976
FILLER_35_262,VDD,Metal1,154.9400,153.3125,3.299977
FILLER_35_214,VDD,Metal1,126.8400,152.8800,3.299977
FILLER_35_212,VDD,Metal1,126.0000,152.8800,3.299977
FILLER_35_194,VDD,Metal1,120.4480,153.5720,3.299977
FILLER_35_162,VDD,Metal1,107.0755,153.6485,3.299977
FILLER_35_144,VDD,Metal1,87.6400,152.8800,3.299978
FILLER_35_142,VDD,Metal1,86.8000,152.8800,3.299978
FILLER_35_138,VDD,Metal1,84.5600,152.8800,3.299978
FILLER_35_134,VDD,Metal1,83.2600,153.3125,3.299978
FILLER_35_98,VDD,Metal1,62.1600,152.8800,3.299978
FILLER_35_94,VDD,Metal1,60.8600,153.3125,3.299978
FILLER_35_72,VDD,Metal1,48.5400,153.3125,3.299979
FILLER_35_69,VDD,Metal1,45.6400,152.8800,3.299979
FILLER_35_65,VDD,Metal1,44.6200,153.3125,3.299979
FILLER_35_29,VDD,Metal1,23.5200,152.8800,3.299979
FILLER_34_541,VDD,Metal1,309.9600,152.8800,3.299965
FILLER_34_531,VDD,Metal1,304.3600,152.8800,3.299965
FILLER_34_527,VDD,Metal1,303.3400,152.4475,3.299965
FILLER_34_502,VDD,Metal1,288.1200,152.8800,3.299965
FILLER_34_498,VDD,Metal1,287.1000,152.4475,3.299965
FILLER_34_463,VDD,Metal1,266.2800,152.8800,3.299973
FILLER_34_438,VDD,Metal1,252.5600,152.8800,3.299973
FILLER_34_395,VDD,Metal1,228.2000,152.8800,3.299974
FILLER_34_393,VDD,Metal1,227.3600,152.8800,3.299974
FILLER_34_339,VDD,Metal1,196.8400,152.8800,3.299975
FILLER_34_321,VDD,Metal1,187.0400,152.8800,3.299975
FILLER_34_317,VDD,Metal1,185.7400,152.4475,3.299975
FILLER_34_255,VDD,Metal1,151.0200,152.4475,3.299977
FILLER_34_247,VDD,Metal1,147.7865,152.3030,3.299977
FILLER_34_244,VDD,Metal1,143.6400,152.8800,3.299977
FILLER_34_242,VDD,Metal1,142.8000,152.8800,3.299977
FILLER_34_238,VDD,Metal1,141.5000,152.4475,3.299977
FILLER_34_206,VDD,Metal1,131.7155,152.1110,3.299977
FILLER_34_185,VDD,Metal1,110.6000,152.8800,3.299977
FILLER_34_177,VDD,Metal1,108.5865,152.3030,3.299977
FILLER_34_174,VDD,Metal1,104.4400,152.8800,3.299977
FILLER_34_172,VDD,Metal1,103.6000,152.8800,3.299977
FILLER_34_164,VDD,Metal1,101.3065,152.3030,3.299977
FILLER_34_155,VDD,Metal1,94.0800,152.8800,3.299978
FILLER_34_151,VDD,Metal1,92.7800,152.4475,3.299978
FILLER_34_143,VDD,Metal1,89.5465,152.3030,3.299978
FILLER_34_118,VDD,Metal1,77.8880,152.1880,3.299978
FILLER_34_111,VDD,Metal1,69.1600,152.8800,3.299978
FILLER_34_107,VDD,Metal1,68.1400,152.4475,3.299978
FILLER_34_89,VDD,Metal1,59.3065,152.3030,3.299978
FILLER_34_56,VDD,Metal1,38.3600,152.8800,3.299979
FILLER_34_52,VDD,Metal1,37.3400,152.4475,3.299979
FILLER_34_33,VDD,Metal1,25.7600,152.8800,3.299979
FILLER_34_12,VDD,Metal1,13.7200,152.8800,3.299979
FILLER_34_10,VDD,Metal1,12.8800,152.8800,3.299979
FILLER_33_562,VDD,Metal1,322.9400,145.4725,3.299875
FILLER_33_542,VDD,Metal1,310.8000,145.0400,3.299875
FILLER_33_532,VDD,Metal1,304.9200,145.0400,3.299875
FILLER_33_530,VDD,Metal1,304.0800,145.0400,3.299875
FILLER_33_492,VDD,Metal1,283.7400,145.4725,3.299875
FILLER_33_483,VDD,Metal1,277.4800,145.0400,3.299876
FILLER_33_479,VDD,Metal1,276.4600,145.4725,3.299876
FILLER_33_442,VDD,Metal1,254.5200,145.0400,3.299876
FILLER_33_440,VDD,Metal1,253.6800,145.0400,3.299876
FILLER_33_422,VDD,Metal1,243.6000,145.0400,3.299876
FILLER_33_419,VDD,Metal1,241.6400,145.0400,3.299876
FILLER_33_417,VDD,Metal1,240.8000,145.0400,3.299876
FILLER_33_354,VDD,Metal1,205.2400,145.0400,3.299880
FILLER_33_352,VDD,Metal1,204.4000,145.0400,3.299880
FILLER_33_348,VDD,Metal1,202.1600,145.0400,3.299880
FILLER_33_302,VDD,Metal1,176.4000,145.0400,3.299882
FILLER_33_298,VDD,Metal1,175.1000,145.4725,3.299882
FILLER_33_282,VDD,Metal1,169.7280,145.7320,3.299882
FILLER_33_270,VDD,Metal1,158.2000,145.0400,3.299881
FILLER_33_268,VDD,Metal1,157.3600,145.0400,3.299881
FILLER_33_260,VDD,Metal1,155.0665,145.6165,3.299881
FILLER_33_244,VDD,Metal1,148.4480,145.7320,3.299881
FILLER_33_212,VDD,Metal1,135.0755,145.8085,3.299881
FILLER_33_200,VDD,Metal1,120.2200,145.4725,3.299880
FILLER_33_192,VDD,Metal1,116.9865,145.6165,3.299880
FILLER_33_138,VDD,Metal1,84.5600,145.0400,3.299880
FILLER_33_134,VDD,Metal1,83.2600,145.4725,3.299880
FILLER_33_92,VDD,Metal1,58.5200,145.0400,3.299886
FILLER_33_84,VDD,Metal1,54.3200,145.0400,3.299886
FILLER_33_66,VDD,Metal1,45.1800,145.4725,3.299886
FILLER_33_54,VDD,Metal1,38.4600,145.4725,3.299887
FILLER_32_531,VDD,Metal1,304.3600,145.0400,3.299875
FILLER_32_527,VDD,Metal1,303.3400,144.6075,3.299875
FILLER_32_488,VDD,Metal1,280.5600,145.0400,3.299876
FILLER_32_463,VDD,Metal1,267.5000,144.6075,3.299876
FILLER_32_356,VDD,Metal1,207.5800,144.6075,3.299880
FILLER_32_319,VDD,Metal1,185.6400,145.0400,3.299880
FILLER_32_317,VDD,Metal1,184.8000,145.0400,3.299880
FILLER_32_314,VDD,Metal1,182.8400,145.0400,3.299880
FILLER_32_310,VDD,Metal1,181.8200,144.6075,3.299880
FILLER_32_302,VDD,Metal1,178.5865,144.4630,3.299880
FILLER_32_270,VDD,Metal1,167.5555,144.2710,3.299882
FILLER_32_263,VDD,Metal1,154.2800,145.0400,3.299881
FILLER_32_247,VDD,Metal1,150.1280,144.3480,3.299881
FILLER_32_244,VDD,Metal1,143.6400,145.0400,3.299881
FILLER_32_228,VDD,Metal1,134.6800,145.0400,3.299881
FILLER_32_226,VDD,Metal1,133.8400,145.0400,3.299881
FILLER_32_222,VDD,Metal1,132.5400,144.6075,3.299881
FILLER_32_181,VDD,Metal1,108.3600,145.0400,3.299880
FILLER_32_177,VDD,Metal1,107.3400,144.6075,3.299880
FILLER_32_136,VDD,Metal1,85.6265,144.4630,3.299880
FILLER_32_126,VDD,Metal1,77.8400,145.0400,3.299881
FILLER_32_118,VDD,Metal1,73.3600,145.0400,3.299881
FILLER_32_107,VDD,Metal1,66.9200,145.0400,3.299882
FILLER_32_103,VDD,Metal1,64.9600,145.0400,3.299882
FILLER_32_99,VDD,Metal1,63.6600,144.6075,3.299882
FILLER_32_58,VDD,Metal1,39.4800,145.0400,3.299887
FILLER_32_56,VDD,Metal1,38.6400,145.0400,3.299887
FILLER_32_41,VDD,Metal1,29.9600,145.0400,3.299893
FILLER_32_37,VDD,Metal1,28.9400,144.6075,3.299893
FILLER_32_28,VDD,Metal1,22.6800,145.0400,3.299896
FILLER_32_24,VDD,Metal1,21.6600,144.6075,3.299896
FILLER_31_562,VDD,Metal1,322.9400,137.6325,3.299918
FILLER_31_535,VDD,Metal1,306.8800,137.2000,3.299918
FILLER_31_500,VDD,Metal1,287.0000,137.2000,3.299918
FILLER_31_498,VDD,Metal1,286.1600,137.2000,3.299919
FILLER_31_488,VDD,Metal1,280.5600,137.2000,3.299923
FILLER_31_398,VDD,Metal1,229.8800,137.2000,3.299924
FILLER_31_352,VDD,Metal1,204.4000,137.2000,3.299930
FILLER_31_349,VDD,Metal1,202.4400,137.2000,3.299930
FILLER_31_347,VDD,Metal1,201.6000,137.2000,3.299930
FILLER_31_325,VDD,Metal1,189.0000,137.2000,3.299931
FILLER_31_290,VDD,Metal1,169.6800,137.2000,3.299937
FILLER_31_282,VDD,Metal1,167.3865,137.7765,3.299937
FILLER_31_260,VDD,Metal1,153.8200,137.6325,3.299938
FILLER_31_142,VDD,Metal1,87.7400,137.6325,3.299938
FILLER_31_138,VDD,Metal1,84.5600,137.2000,3.299938
FILLER_31_129,VDD,Metal1,79.2400,137.2000,3.299939
FILLER_31_93,VDD,Metal1,59.3600,137.2000,3.299940
FILLER_31_69,VDD,Metal1,45.6400,137.2000,3.299940
FILLER_31_67,VDD,Metal1,44.8000,137.2000,3.299940
FILLER_31_10,VDD,Metal1,12.8800,137.2000,3.299941
FILLER_30_531,VDD,Metal1,304.3600,137.2000,3.299918
FILLER_30_527,VDD,Metal1,303.3400,136.7675,3.299918
FILLER_30_521,VDD,Metal1,299.9800,136.7675,3.299918
FILLER_30_411,VDD,Metal1,237.4400,137.2000,3.299924
FILLER_30_332,VDD,Metal1,192.9200,137.2000,3.299931
FILLER_30_323,VDD,Metal1,187.8800,137.2000,3.299932
FILLER_30_314,VDD,Metal1,182.8400,137.2000,3.299935
FILLER_30_277,VDD,Metal1,162.1200,137.2000,3.299938
FILLER_30_275,VDD,Metal1,161.2800,137.2000,3.299938
FILLER_30_271,VDD,Metal1,159.9800,136.7675,3.299938
FILLER_30_244,VDD,Metal1,143.6400,137.2000,3.299938
FILLER_30_242,VDD,Metal1,142.8000,137.2000,3.299938
FILLER_30_234,VDD,Metal1,140.5065,136.6230,3.299938
FILLER_30_183,VDD,Metal1,109.4800,137.2000,3.299938
FILLER_30_181,VDD,Metal1,108.6400,137.2000,3.299938
FILLER_30_177,VDD,Metal1,107.3400,136.7675,3.299938
FILLER_30_166,VDD,Metal1,99.9600,137.2000,3.299938
FILLER_30_162,VDD,Metal1,98.9400,136.7675,3.299938
FILLER_30_111,VDD,Metal1,69.1600,137.2000,3.299939
FILLER_30_107,VDD,Metal1,68.1400,136.7675,3.299939
FILLER_30_103,VDD,Metal1,64.9600,137.2000,3.299939
FILLER_30_99,VDD,Metal1,63.6600,136.7675,3.299939
FILLER_30_91,VDD,Metal1,60.4265,136.6230,3.299939
FILLER_30_56,VDD,Metal1,38.3600,137.2000,3.299941
FILLER_30_52,VDD,Metal1,37.3400,136.7675,3.299941
FILLER_30_10,VDD,Metal1,12.8800,137.2000,3.299941
FILLER_29_570,VDD,Metal1,327.4200,129.7925,3.299945
FILLER_29_559,VDD,Metal1,320.0400,129.3600,3.299945
FILLER_29_555,VDD,Metal1,319.0200,129.7925,3.299945
FILLER_29_509,VDD,Metal1,293.2600,129.7925,3.299945
FILLER_29_500,VDD,Metal1,287.0000,129.3600,3.299945
FILLER_29_498,VDD,Metal1,286.1600,129.3600,3.299945
FILLER_29_473,VDD,Metal1,272.1600,129.3600,3.299946
FILLER_29_457,VDD,Metal1,262.9200,129.3600,3.299946
FILLER_29_455,VDD,Metal1,262.0800,129.3600,3.299946
FILLER_29_447,VDD,Metal1,257.6000,129.3600,3.299947
FILLER_29_422,VDD,Metal1,244.5400,129.7925,3.299948
FILLER_29_384,VDD,Metal1,222.3200,129.3600,3.299948
FILLER_29_356,VDD,Metal1,206.6400,129.3600,3.299949
FILLER_29_352,VDD,Metal1,205.3400,129.7925,3.299949
FILLER_29_284,VDD,Metal1,166.0400,129.3600,3.299949
FILLER_29_282,VDD,Metal1,165.2000,129.3600,3.299949
FILLER_29_236,VDD,Metal1,139.1600,129.3600,3.299948
FILLER_29_194,VDD,Metal1,115.6400,129.3600,3.299948
FILLER_29_144,VDD,Metal1,87.6400,129.3600,3.299948
FILLER_29_142,VDD,Metal1,86.8000,129.3600,3.299948
FILLER_29_131,VDD,Metal1,80.3600,129.3600,3.299948
FILLER_29_127,VDD,Metal1,79.3400,129.7925,3.299948
FILLER_29_2,VDD,Metal1,8.4000,129.3600,3.299949
FILLER_28_523,VDD,Metal1,300.1600,129.3600,3.299945
FILLER_28_472,VDD,Metal1,271.3200,129.3600,3.299946
FILLER_28_454,VDD,Metal1,261.2400,129.3600,3.299947
FILLER_28_450,VDD,Metal1,260.2200,128.9275,3.299947
FILLER_28_415,VDD,Metal1,240.6200,128.9275,3.299948
FILLER_28_407,VDD,Metal1,237.3865,128.7830,3.299948
FILLER_28_381,VDD,Metal1,221.5800,128.9275,3.299948
FILLER_28_343,VDD,Metal1,199.0800,129.3600,3.299949
FILLER_28_279,VDD,Metal1,163.5200,129.3600,3.299949
FILLER_28_259,VDD,Metal1,152.3200,129.3600,3.299948
FILLER_28_255,VDD,Metal1,151.0200,128.9275,3.299948
FILLER_28_247,VDD,Metal1,147.7865,128.7830,3.299948
FILLER_28_244,VDD,Metal1,143.6400,129.3600,3.299948
FILLER_28_240,VDD,Metal1,142.6200,128.9275,3.299948
FILLER_28_197,VDD,Metal1,117.3200,129.3600,3.299948
FILLER_28_193,VDD,Metal1,116.3000,128.9275,3.299948
FILLER_28_177,VDD,Metal1,106.1200,129.3600,3.299948
FILLER_28_171,VDD,Metal1,103.9800,128.9275,3.299948
FILLER_28_154,VDD,Metal1,93.2400,129.3600,3.299948
FILLER_28_150,VDD,Metal1,92.2200,128.9275,3.299948
FILLER_28_124,VDD,Metal1,77.6600,128.9275,3.299948
FILLER_28_109,VDD,Metal1,68.0400,129.3600,3.299948
FILLER_28_107,VDD,Metal1,67.2000,129.3600,3.299948
FILLER_28_88,VDD,Metal1,56.5600,129.3600,3.299948
FILLER_28_45,VDD,Metal1,32.2000,129.3600,3.299948
FILLER_28_34,VDD,Metal1,26.0400,129.3600,3.299949
FILLER_27_562,VDD,Metal1,322.9400,121.9525,3.299844
FILLER_27_494,VDD,Metal1,283.6400,121.5200,3.299845
FILLER_27_492,VDD,Metal1,282.8000,121.5200,3.299845
FILLER_27_486,VDD,Metal1,280.3800,121.9525,3.299845
FILLER_27_435,VDD,Metal1,250.6000,121.5200,3.299846
FILLER_27_426,VDD,Metal1,245.5600,121.5200,3.299846
FILLER_27_422,VDD,Metal1,244.5400,121.9525,3.299846
FILLER_27_388,VDD,Metal1,224.2800,121.5200,3.299886
FILLER_27_384,VDD,Metal1,223.2600,121.9525,3.299886
FILLER_27_356,VDD,Metal1,206.6400,121.5200,3.299887
FILLER_27_352,VDD,Metal1,205.3400,121.9525,3.299887
FILLER_27_348,VDD,Metal1,202.1600,121.5200,3.299887
FILLER_27_311,VDD,Metal1,181.1600,121.5200,3.299888
FILLER_27_309,VDD,Metal1,180.3200,121.5200,3.299888
FILLER_27_300,VDD,Metal1,175.0000,121.5200,3.299888
FILLER_27_298,VDD,Metal1,174.1600,121.5200,3.299888
FILLER_27_254,VDD,Metal1,151.7065,122.0965,3.299885
FILLER_27_175,VDD,Metal1,105.0000,121.5200,3.299886
FILLER_27_173,VDD,Metal1,104.1600,121.5200,3.299886
FILLER_27_106,VDD,Metal1,67.5800,121.9525,3.299898
FILLER_26_454,VDD,Metal1,261.2400,121.5200,3.299845
FILLER_26_438,VDD,Metal1,252.2800,121.5200,3.299845
FILLER_26_434,VDD,Metal1,251.2600,121.0875,3.299846
FILLER_26_393,VDD,Metal1,227.0800,121.5200,3.299885
FILLER_26_384,VDD,Metal1,222.0400,121.5200,3.299887
FILLER_26_382,VDD,Metal1,221.2000,121.5200,3.299887
FILLER_26_314,VDD,Metal1,182.8400,121.5200,3.299887
FILLER_26_312,VDD,Metal1,182.0000,121.5200,3.299887
FILLER_26_243,VDD,Metal1,143.3600,121.5200,3.299885
FILLER_26_239,VDD,Metal1,142.0600,121.0875,3.299885
FILLER_26_177,VDD,Metal1,107.3400,121.0875,3.299885
FILLER_26_174,VDD,Metal1,104.4400,121.5200,3.299886
FILLER_26_170,VDD,Metal1,103.4200,121.0875,3.299886
FILLER_26_162,VDD,Metal1,100.1865,120.9430,3.299886
FILLER_26_152,VDD,Metal1,92.1200,121.5200,3.299887
FILLER_26_148,VDD,Metal1,91.1000,121.0875,3.299887
FILLER_26_113,VDD,Metal1,70.2800,121.5200,3.299889
FILLER_26_111,VDD,Metal1,69.4400,121.5200,3.299889
FILLER_26_107,VDD,Metal1,68.1400,121.0875,3.299898
FILLER_26_104,VDD,Metal1,65.2400,121.5200,3.299899
FILLER_26_91,VDD,Metal1,59.1800,121.0875,3.299899
FILLER_26_45,VDD,Metal1,32.4800,121.5200,3.299900
FILLER_26_33,VDD,Metal1,25.7600,121.5200,3.299902
FILLER_25_562,VDD,Metal1,322.9400,114.1125,3.299933
FILLER_25_558,VDD,Metal1,319.7600,113.6800,3.299933
FILLER_25_515,VDD,Metal1,295.4000,113.6800,3.299933
FILLER_25_492,VDD,Metal1,282.5200,113.6800,3.299933
FILLER_25_473,VDD,Metal1,272.1600,113.6800,3.299933
FILLER_25_464,VDD,Metal1,266.8400,113.6800,3.299934
FILLER_25_331,VDD,Metal1,192.3600,113.6800,3.299937
FILLER_25_320,VDD,Metal1,186.4800,113.6800,3.299944
FILLER_25_282,VDD,Metal1,166.1400,114.1125,3.299944
FILLER_25_253,VDD,Metal1,148.6800,113.6800,3.299943
FILLER_25_216,VDD,Metal1,127.9600,113.6800,3.299943
FILLER_25_212,VDD,Metal1,126.9400,114.1125,3.299943
FILLER_25_193,VDD,Metal1,115.0800,113.6800,3.299943
FILLER_25_169,VDD,Metal1,101.6400,113.6800,3.299943
FILLER_25_165,VDD,Metal1,100.6200,114.1125,3.299943
FILLER_25_142,VDD,Metal1,86.5200,113.6800,3.299943
FILLER_25_138,VDD,Metal1,84.5600,113.6800,3.299943
FILLER_25_134,VDD,Metal1,83.2600,114.1125,3.299943
FILLER_25_127,VDD,Metal1,78.1200,113.6800,3.299943
FILLER_25_125,VDD,Metal1,77.2800,113.6800,3.299943
FILLER_25_121,VDD,Metal1,75.9800,114.1125,3.299943
FILLER_25_113,VDD,Metal1,72.7465,114.2565,3.299943
FILLER_25_78,VDD,Metal1,50.6800,113.6800,3.299943
FILLER_24_544,VDD,Metal1,311.6400,113.6800,3.299933
FILLER_24_542,VDD,Metal1,310.8000,113.6800,3.299933
FILLER_24_469,VDD,Metal1,269.6400,113.6800,3.299934
FILLER_24_465,VDD,Metal1,268.6200,113.2475,3.299934
FILLER_24_454,VDD,Metal1,261.2400,113.6800,3.299934
FILLER_24_450,VDD,Metal1,260.2200,113.2475,3.299936
FILLER_24_434,VDD,Metal1,250.0400,113.6800,3.299936
FILLER_24_432,VDD,Metal1,249.2000,113.6800,3.299936
FILLER_24_428,VDD,Metal1,247.9000,113.2475,3.299936
FILLER_24_391,VDD,Metal1,225.9600,113.6800,3.299936
FILLER_24_387,VDD,Metal1,224.9400,113.2475,3.299936
FILLER_24_317,VDD,Metal1,184.5200,113.6800,3.299944
FILLER_24_314,VDD,Metal1,182.8400,113.6800,3.299944
FILLER_24_266,VDD,Metal1,155.9600,113.6800,3.299944
FILLER_24_262,VDD,Metal1,154.9400,113.2475,3.299944
FILLER_24_192,VDD,Metal1,114.5200,113.6800,3.299943
FILLER_24_140,VDD,Metal1,85.4000,113.6800,3.299943
FILLER_24_138,VDD,Metal1,84.5600,113.6800,3.299943
FILLER_24_123,VDD,Metal1,75.8800,113.6800,3.299943
FILLER_24_107,VDD,Metal1,71.7280,112.9880,3.299943
FILLER_24_104,VDD,Metal1,65.2400,113.6800,3.299943
FILLER_24_100,VDD,Metal1,64.2200,113.2475,3.299943
FILLER_24_33,VDD,Metal1,25.7600,113.6800,3.299944
FILLER_23_562,VDD,Metal1,322.9400,106.2725,3.299957
FILLER_23_559,VDD,Metal1,320.0400,105.8400,3.299957
FILLER_23_540,VDD,Metal1,310.6200,106.2725,3.299957
FILLER_23_531,VDD,Metal1,304.3600,105.8400,3.299957
FILLER_23_529,VDD,Metal1,303.5200,105.8400,3.299957
FILLER_23_494,VDD,Metal1,283.6400,105.8400,3.299958
FILLER_23_492,VDD,Metal1,282.8000,105.8400,3.299958
FILLER_23_474,VDD,Metal1,272.7200,105.8400,3.299958
FILLER_23_430,VDD,Metal1,248.0800,105.8400,3.299967
FILLER_23_422,VDD,Metal1,245.7865,106.4165,3.299967
FILLER_23_418,VDD,Metal1,241.3600,105.8400,3.299967
FILLER_23_365,VDD,Metal1,211.6800,105.8400,3.299967
FILLER_23_361,VDD,Metal1,210.3800,106.2725,3.299967
FILLER_23_323,VDD,Metal1,187.8800,105.8400,3.299970
FILLER_23_319,VDD,Metal1,186.8600,106.2725,3.299970
FILLER_23_298,VDD,Metal1,173.8800,105.8400,3.299970
FILLER_23_290,VDD,Metal1,171.8665,106.4165,3.299970
FILLER_23_261,VDD,Metal1,153.1600,105.8400,3.299970
FILLER_23_259,VDD,Metal1,152.3200,105.8400,3.299970
FILLER_23_243,VDD,Metal1,147.8880,106.5320,3.299970
FILLER_23_173,VDD,Metal1,103.8800,105.8400,3.299969
FILLER_23_169,VDD,Metal1,102.8600,106.2725,3.299969
FILLER_23_146,VDD,Metal1,89.0400,105.8400,3.299970
FILLER_23_142,VDD,Metal1,87.7400,106.2725,3.299970
FILLER_23_131,VDD,Metal1,80.3600,105.8400,3.299970
FILLER_23_129,VDD,Metal1,79.5200,105.8400,3.299970
FILLER_23_97,VDD,Metal1,70.6755,106.6085,3.299970
FILLER_23_84,VDD,Metal1,54.0400,105.8400,3.299970
FILLER_23_69,VDD,Metal1,45.6400,105.8400,3.299970
FILLER_23_67,VDD,Metal1,44.8000,105.8400,3.299970
FILLER_23_51,VDD,Metal1,35.5600,105.8400,3.299970
FILLER_23_36,VDD,Metal1,27.1600,105.8400,3.299971
FILLER_22_531,VDD,Metal1,304.3600,105.8400,3.299957
FILLER_22_527,VDD,Metal1,303.3400,105.4075,3.299957
FILLER_22_509,VDD,Metal1,292.0400,105.8400,3.299957
FILLER_22_494,VDD,Metal1,283.6400,105.8400,3.299958
FILLER_22_485,VDD,Metal1,278.6000,105.8400,3.299958
FILLER_22_463,VDD,Metal1,266.2800,105.8400,3.299966
FILLER_22_431,VDD,Metal1,248.6400,105.8400,3.299967
FILLER_22_427,VDD,Metal1,247.3400,105.4075,3.299967
FILLER_22_404,VDD,Metal1,233.2400,105.8400,3.299967
FILLER_22_402,VDD,Metal1,232.4000,105.8400,3.299967
FILLER_22_383,VDD,Metal1,221.7600,105.8400,3.299967
FILLER_22_329,VDD,Metal1,191.5200,105.8400,3.299967
FILLER_22_325,VDD,Metal1,190.2200,105.4075,3.299967
FILLER_22_317,VDD,Metal1,186.9865,105.2630,3.299970
FILLER_22_285,VDD,Metal1,166.8800,105.8400,3.299970
FILLER_22_261,VDD,Metal1,153.1600,105.8400,3.299970
FILLER_22_259,VDD,Metal1,152.3200,105.8400,3.299970
FILLER_22_255,VDD,Metal1,151.0200,105.4075,3.299970
FILLER_22_247,VDD,Metal1,147.7865,105.2630,3.299970
FILLER_22_229,VDD,Metal1,135.2400,105.8400,3.299969
FILLER_22_220,VDD,Metal1,130.2000,105.8400,3.299969
FILLER_22_218,VDD,Metal1,129.3600,105.8400,3.299969
FILLER_22_183,VDD,Metal1,109.4800,105.8400,3.299969
FILLER_22_181,VDD,Metal1,108.6400,105.8400,3.299969
FILLER_22_177,VDD,Metal1,107.3400,105.4075,3.299969
FILLER_22_174,VDD,Metal1,104.4400,105.8400,3.299969
FILLER_22_172,VDD,Metal1,103.6000,105.8400,3.299969
FILLER_22_164,VDD,Metal1,99.1200,105.8400,3.299970
FILLER_22_97,VDD,Metal1,63.7865,105.2630,3.299970
FILLER_22_39,VDD,Metal1,28.8400,105.8400,3.299971
FILLER_22_37,VDD,Metal1,28.0000,105.8400,3.299971
FILLER_22_2,VDD,Metal1,8.1200,105.8400,3.299971
FILLER_21_562,VDD,Metal1,322.9400,98.4325,3.299940
FILLER_21_551,VDD,Metal1,315.5600,98.0000,3.299940
FILLER_21_547,VDD,Metal1,314.5400,98.4325,3.299940
FILLER_21_489,VDD,Metal1,280.8400,98.0000,3.299940
FILLER_21_438,VDD,Metal1,252.5600,98.0000,3.299945
FILLER_21_422,VDD,Metal1,248.1280,98.6920,3.299945
FILLER_21_419,VDD,Metal1,241.6400,98.0000,3.299945
FILLER_21_402,VDD,Metal1,232.4000,98.0000,3.299945
FILLER_21_398,VDD,Metal1,231.1000,98.4325,3.299945
FILLER_21_390,VDD,Metal1,227.8665,98.5765,3.299945
FILLER_21_352,VDD,Metal1,205.3400,98.4325,3.299951
FILLER_21_349,VDD,Metal1,202.4400,98.0000,3.299951
FILLER_21_324,VDD,Metal1,188.4400,98.0000,3.299952
FILLER_21_320,VDD,Metal1,187.4200,98.4325,3.299952
FILLER_21_282,VDD,Metal1,165.2000,98.0000,3.299952
FILLER_21_228,VDD,Metal1,134.6800,98.0000,3.299952
FILLER_21_226,VDD,Metal1,133.8400,98.0000,3.299952
FILLER_21_208,VDD,Metal1,123.7600,98.0000,3.299952
FILLER_21_183,VDD,Metal1,109.7600,98.0000,3.299952
FILLER_21_148,VDD,Metal1,89.8800,98.0000,3.299954
FILLER_21_146,VDD,Metal1,89.0400,98.0000,3.299954
FILLER_21_142,VDD,Metal1,87.7400,98.4325,3.299954
FILLER_21_136,VDD,Metal1,84.3800,98.4325,3.299954
FILLER_21_101,VDD,Metal1,63.5600,98.0000,3.299954
FILLER_21_99,VDD,Metal1,62.7200,98.0000,3.299954
FILLER_21_82,VDD,Metal1,53.2000,98.0000,3.299954
FILLER_21_78,VDD,Metal1,51.9000,98.4325,3.299954
FILLER_21_69,VDD,Metal1,45.6400,98.0000,3.299954
FILLER_21_26,VDD,Metal1,21.5600,98.0000,3.299955
FILLER_21_10,VDD,Metal1,12.6000,98.0000,3.299955
FILLER_20_482,VDD,Metal1,276.9200,98.0000,3.299940
FILLER_20_480,VDD,Metal1,276.0800,98.0000,3.299940
FILLER_20_437,VDD,Metal1,252.0000,98.0000,3.299945
FILLER_20_393,VDD,Metal1,229.5465,97.4230,3.299945
FILLER_20_358,VDD,Metal1,208.7000,97.5675,3.299946
FILLER_20_323,VDD,Metal1,187.8800,98.0000,3.299952
FILLER_20_321,VDD,Metal1,187.0400,98.0000,3.299952
FILLER_20_317,VDD,Metal1,185.7400,97.5675,3.299952
FILLER_20_249,VDD,Metal1,146.4400,98.0000,3.299952
FILLER_20_247,VDD,Metal1,145.6000,98.0000,3.299952
FILLER_20_244,VDD,Metal1,143.6400,98.0000,3.299952
FILLER_20_236,VDD,Metal1,141.6265,97.4230,3.299952
FILLER_20_177,VDD,Metal1,107.3400,97.5675,3.299953
FILLER_20_173,VDD,Metal1,104.1600,98.0000,3.299953
FILLER_20_169,VDD,Metal1,102.8600,97.5675,3.299953
FILLER_20_152,VDD,Metal1,92.4000,98.0000,3.299953
FILLER_20_109,VDD,Metal1,68.0400,98.0000,3.299954
FILLER_20_107,VDD,Metal1,67.2000,98.0000,3.299954
FILLER_20_34,VDD,Metal1,26.0400,98.0000,3.299955
FILLER_19_562,VDD,Metal1,322.9400,90.5925,3.299945
FILLER_19_544,VDD,Metal1,311.6400,90.1600,3.299945
FILLER_19_540,VDD,Metal1,310.6200,90.5925,3.299945
FILLER_19_439,VDD,Metal1,252.8400,90.1600,3.299946
FILLER_19_437,VDD,Metal1,252.0000,90.1600,3.299946
FILLER_19_419,VDD,Metal1,241.6400,90.1600,3.299946
FILLER_19_415,VDD,Metal1,240.6200,90.5925,3.299951
FILLER_19_349,VDD,Metal1,202.4400,90.1600,3.299951
FILLER_19_345,VDD,Metal1,201.4200,90.5925,3.299951
FILLER_19_282,VDD,Metal1,166.1400,90.5925,3.299958
FILLER_19_279,VDD,Metal1,163.2400,90.1600,3.299958
FILLER_19_277,VDD,Metal1,162.4000,90.1600,3.299958
FILLER_19_218,VDD,Metal1,129.3600,90.1600,3.299959
FILLER_19_206,VDD,Metal1,123.5800,90.5925,3.299959
FILLER_19_190,VDD,Metal1,113.4000,90.1600,3.299959
FILLER_19_174,VDD,Metal1,109.2480,90.8520,3.299959
FILLER_19_142,VDD,Metal1,95.8755,90.9285,3.299959
FILLER_19_139,VDD,Metal1,84.8400,90.1600,3.299959
FILLER_19_123,VDD,Metal1,75.8800,90.1600,3.299960
FILLER_19_115,VDD,Metal1,73.8665,90.7365,3.299960
FILLER_19_72,VDD,Metal1,47.3200,90.1600,3.299961
FILLER_19_68,VDD,Metal1,45.3600,90.1600,3.299961
FILLER_19_44,VDD,Metal1,31.6400,90.1600,3.299961
FILLER_19_40,VDD,Metal1,30.6200,90.5925,3.299961
FILLER_19_2,VDD,Metal1,9.3400,90.5925,3.299962
FILLER_18_531,VDD,Metal1,304.3600,90.1600,3.299945
FILLER_18_527,VDD,Metal1,303.3400,89.7275,3.299945
FILLER_18_465,VDD,Metal1,267.6800,90.1600,3.299945
FILLER_18_457,VDD,Metal1,265.3865,89.5830,3.299945
FILLER_18_377,VDD,Metal1,220.5865,89.5830,3.299951
FILLER_18_367,VDD,Metal1,213.7400,89.7275,3.299951
FILLER_18_330,VDD,Metal1,191.8000,90.1600,3.299951
FILLER_18_326,VDD,Metal1,190.7800,89.7275,3.299951
FILLER_18_317,VDD,Metal1,184.5200,90.1600,3.299951
FILLER_18_297,VDD,Metal1,173.6000,90.1600,3.299951
FILLER_18_289,VDD,Metal1,171.3065,89.5830,3.299951
FILLER_18_251,VDD,Metal1,147.8400,90.1600,3.299959
FILLER_18_247,VDD,Metal1,146.5400,89.7275,3.299959
FILLER_18_241,VDD,Metal1,143.1800,89.7275,3.299959
FILLER_18_233,VDD,Metal1,139.9465,89.5830,3.299959
FILLER_18_211,VDD,Metal1,125.1600,90.1600,3.299959
FILLER_18_209,VDD,Metal1,124.3200,90.1600,3.299959
FILLER_18_177,VDD,Metal1,110.9280,89.4680,3.299959
FILLER_18_125,VDD,Metal1,77.0000,90.1600,3.299959
FILLER_18_123,VDD,Metal1,76.1600,90.1600,3.299960
FILLER_18_107,VDD,Metal1,71.7280,89.4680,3.299960
FILLER_18_73,VDD,Metal1,52.6880,89.4680,3.299960
FILLER_18_53,VDD,Metal1,37.9000,89.7275,3.299961
FILLER_18_34,VDD,Metal1,26.0400,90.1600,3.299962
FILLER_17_570,VDD,Metal1,327.4200,82.7525,3.299880
FILLER_17_556,VDD,Metal1,319.5800,82.7525,3.299880
FILLER_17_529,VDD,Metal1,303.2400,82.3200,3.299880
FILLER_17_525,VDD,Metal1,302.2200,82.7525,3.299880
FILLER_17_516,VDD,Metal1,295.9600,82.3200,3.299881
FILLER_17_512,VDD,Metal1,294.9400,82.7525,3.299881
FILLER_17_492,VDD,Metal1,283.7400,82.7525,3.299883
FILLER_17_489,VDD,Metal1,280.8400,82.3200,3.299883
FILLER_17_438,VDD,Metal1,254.7465,82.8965,3.299884
FILLER_17_422,VDD,Metal1,248.1280,83.0120,3.299884
FILLER_17_386,VDD,Metal1,223.4400,82.3200,3.299886
FILLER_17_382,VDD,Metal1,222.1400,82.7525,3.299886
FILLER_17_348,VDD,Metal1,202.1600,82.3200,3.299887
FILLER_17_290,VDD,Metal1,169.4000,82.3200,3.299888
FILLER_17_278,VDD,Metal1,162.9600,82.3200,3.299888
FILLER_17_274,VDD,Metal1,161.6600,82.7525,3.299888
FILLER_17_208,VDD,Metal1,123.7600,82.3200,3.299889
FILLER_17_150,VDD,Metal1,91.0000,82.3200,3.299892
FILLER_17_148,VDD,Metal1,90.1600,82.3200,3.299892
FILLER_17_139,VDD,Metal1,84.8400,82.3200,3.299892
FILLER_17_96,VDD,Metal1,60.7600,82.3200,3.299896
FILLER_17_89,VDD,Metal1,56.8400,82.3200,3.299896
FILLER_17_81,VDD,Metal1,54.8265,82.8965,3.299896
FILLER_17_74,VDD,Metal1,48.4400,82.3200,3.299896
FILLER_17_72,VDD,Metal1,47.6000,82.3200,3.299896
FILLER_17_69,VDD,Metal1,45.6400,82.3200,3.299896
FILLER_17_33,VDD,Metal1,25.7600,82.3200,3.299898
FILLER_16_495,VDD,Metal1,284.2000,82.3200,3.299883
FILLER_16_463,VDD,Metal1,266.2800,82.3200,3.299884
FILLER_16_461,VDD,Metal1,265.4400,82.3200,3.299884
FILLER_16_457,VDD,Metal1,264.1400,81.8875,3.299884
FILLER_16_451,VDD,Metal1,260.7800,81.8875,3.299884
FILLER_16_443,VDD,Metal1,257.5465,81.7430,3.299884
FILLER_16_407,VDD,Metal1,235.2000,82.3200,3.299884
FILLER_16_403,VDD,Metal1,233.9000,81.8875,3.299884
FILLER_16_317,VDD,Metal1,186.9865,81.7430,3.299887
FILLER_16_314,VDD,Metal1,182.8400,82.3200,3.299887
FILLER_16_312,VDD,Metal1,182.0000,82.3200,3.299887
FILLER_16_308,VDD,Metal1,180.7000,81.8875,3.299887
FILLER_16_292,VDD,Metal1,170.5200,82.3200,3.299888
FILLER_16_290,VDD,Metal1,169.6800,82.3200,3.299888
FILLER_16_282,VDD,Metal1,167.3865,81.7430,3.299888
FILLER_16_247,VDD,Metal1,145.3200,82.3200,3.299889
FILLER_16_229,VDD,Metal1,135.2400,82.3200,3.299889
FILLER_16_227,VDD,Metal1,134.4000,82.3200,3.299889
FILLER_16_219,VDD,Metal1,132.1065,81.7430,3.299889
FILLER_16_177,VDD,Metal1,108.5865,81.7430,3.299889
FILLER_16_174,VDD,Metal1,104.4400,82.3200,3.299889
FILLER_16_172,VDD,Metal1,103.6000,82.3200,3.299889
FILLER_16_164,VDD,Metal1,101.3065,81.7430,3.299889
FILLER_16_121,VDD,Metal1,74.7600,82.3200,3.299893
FILLER_16_113,VDD,Metal1,72.7465,81.7430,3.299893
FILLER_16_96,VDD,Metal1,60.7600,82.3200,3.299896
FILLER_16_60,VDD,Metal1,40.8800,82.3200,3.299896
FILLER_16_10,VDD,Metal1,12.8800,82.3200,3.299898
FILLER_15_570,VDD,Metal1,327.4200,74.9125,3.299935
FILLER_15_559,VDD,Metal1,320.0400,74.4800,3.299935
FILLER_15_557,VDD,Metal1,319.2000,74.4800,3.299935
FILLER_15_541,VDD,Metal1,309.9600,74.4800,3.299935
FILLER_15_492,VDD,Metal1,282.5200,74.4800,3.299936
FILLER_15_482,VDD,Metal1,277.2000,74.4800,3.299936
FILLER_15_478,VDD,Metal1,275.9000,74.9125,3.299936
FILLER_15_438,VDD,Metal1,253.5000,74.9125,3.299936
FILLER_15_422,VDD,Metal1,248.1280,75.1720,3.299936
FILLER_15_403,VDD,Metal1,232.9600,74.4800,3.299936
FILLER_15_362,VDD,Metal1,209.7200,74.4800,3.299937
FILLER_15_360,VDD,Metal1,208.8800,74.4800,3.299937
FILLER_15_313,VDD,Metal1,182.2800,74.4800,3.299938
FILLER_15_305,VDD,Metal1,180.2665,75.0565,3.299938
FILLER_15_282,VDD,Metal1,167.3865,75.0565,3.299938
FILLER_15_270,VDD,Metal1,158.4800,74.4800,3.299938
FILLER_15_220,VDD,Metal1,132.6665,75.0565,3.299937
FILLER_15_209,VDD,Metal1,124.0400,74.4800,3.299938
FILLER_15_207,VDD,Metal1,123.2000,74.4800,3.299938
FILLER_15_191,VDD,Metal1,118.7680,75.1720,3.299938
FILLER_15_156,VDD,Metal1,94.3600,74.4800,3.299938
FILLER_15_154,VDD,Metal1,93.5200,74.4800,3.299938
FILLER_15_150,VDD,Metal1,92.2200,74.9125,3.299938
FILLER_15_142,VDD,Metal1,88.9865,75.0565,3.299938
FILLER_15_95,VDD,Metal1,61.4200,74.9125,3.299938
FILLER_15_87,VDD,Metal1,58.1865,75.0565,3.299938
FILLER_15_68,VDD,Metal1,45.3600,74.4800,3.299938
FILLER_14_531,VDD,Metal1,304.3600,74.4800,3.299935
FILLER_14_527,VDD,Metal1,303.3400,74.0475,3.299935
FILLER_14_521,VDD,Metal1,299.9800,74.0475,3.299935
FILLER_14_467,VDD,Metal1,268.8000,74.4800,3.299936
FILLER_14_457,VDD,Metal1,263.2000,74.4800,3.299936
FILLER_14_454,VDD,Metal1,261.2400,74.4800,3.299936
FILLER_14_450,VDD,Metal1,260.2200,74.0475,3.299936
FILLER_14_395,VDD,Metal1,229.4200,74.0475,3.299936
FILLER_14_387,VDD,Metal1,226.1865,73.9030,3.299936
FILLER_14_377,VDD,Metal1,220.5865,73.9030,3.299936
FILLER_14_368,VDD,Metal1,213.0800,74.4800,3.299937
FILLER_14_366,VDD,Metal1,212.2400,74.4800,3.299937
FILLER_14_329,VDD,Metal1,191.2400,74.4800,3.299937
FILLER_14_327,VDD,Metal1,190.4000,74.4800,3.299937
FILLER_14_317,VDD,Metal1,184.8000,74.4800,3.299937
FILLER_14_262,VDD,Metal1,154.0000,74.4800,3.299937
FILLER_14_243,VDD,Metal1,143.3600,74.4800,3.299937
FILLER_14_239,VDD,Metal1,142.0600,74.0475,3.299937
FILLER_14_231,VDD,Metal1,138.8265,73.9030,3.299937
FILLER_14_215,VDD,Metal1,132.2080,73.7880,3.299937
FILLER_14_177,VDD,Metal1,106.4000,74.4800,3.299938
FILLER_14_159,VDD,Metal1,96.0400,74.4800,3.299938
FILLER_14_157,VDD,Metal1,95.2000,74.4800,3.299938
FILLER_14_149,VDD,Metal1,92.9065,73.9030,3.299938
FILLER_14_133,VDD,Metal1,81.4800,74.4800,3.299938
FILLER_14_131,VDD,Metal1,80.6400,74.4800,3.299938
FILLER_14_123,VDD,Metal1,78.3465,73.9030,3.299938
FILLER_14_107,VDD,Metal1,71.7280,73.7880,3.299938
FILLER_14_104,VDD,Metal1,65.2400,74.4800,3.299938
FILLER_14_102,VDD,Metal1,64.4000,74.4800,3.299938
FILLER_14_98,VDD,Metal1,63.1000,74.0475,3.299938
FILLER_14_82,VDD,Metal1,57.7280,73.7880,3.299938
FILLER_14_47,VDD,Metal1,33.3200,74.4800,3.299939
FILLER_14_45,VDD,Metal1,32.4800,74.4800,3.299939
FILLER_14_34,VDD,Metal1,26.0400,74.4800,3.299940
FILLER_14_18,VDD,Metal1,17.0800,74.4800,3.299940
FILLER_13_562,VDD,Metal1,322.9400,67.0725,3.299901
FILLER_13_496,VDD,Metal1,284.7600,66.6400,3.299901
FILLER_13_492,VDD,Metal1,283.7400,67.0725,3.299901
FILLER_13_489,VDD,Metal1,280.8400,66.6400,3.299901
FILLER_13_428,VDD,Metal1,246.6800,66.6400,3.299902
FILLER_13_426,VDD,Metal1,245.8400,66.6400,3.299902
FILLER_13_422,VDD,Metal1,244.5400,67.0725,3.299902
FILLER_13_368,VDD,Metal1,213.0800,66.6400,3.299904
FILLER_13_352,VDD,Metal1,208.9280,67.3320,3.299904
FILLER_13_320,VDD,Metal1,186.2000,66.6400,3.299912
FILLER_13_316,VDD,Metal1,185.1800,67.0725,3.299912
FILLER_13_279,VDD,Metal1,163.2400,66.6400,3.299912
FILLER_13_241,VDD,Metal1,142.2400,66.6400,3.299912
FILLER_13_237,VDD,Metal1,140.9400,67.0725,3.299912
FILLER_13_229,VDD,Metal1,137.7065,67.2165,3.299912
FILLER_13_212,VDD,Metal1,126.0000,66.6400,3.299912
FILLER_13_182,VDD,Metal1,109.2000,66.6400,3.299912
FILLER_13_174,VDD,Metal1,106.9065,67.2165,3.299912
FILLER_13_142,VDD,Metal1,95.8755,67.4085,3.299913
FILLER_13_136,VDD,Metal1,84.3800,67.0725,3.299913
FILLER_13_94,VDD,Metal1,59.9200,66.6400,3.299913
FILLER_13_78,VDD,Metal1,55.4880,67.3320,3.299913
FILLER_13_69,VDD,Metal1,45.6400,66.6400,3.299915
FILLER_13_67,VDD,Metal1,44.8000,66.6400,3.299915
FILLER_13_50,VDD,Metal1,35.2800,66.6400,3.299915
FILLER_13_14,VDD,Metal1,15.1200,66.6400,3.299915
FILLER_13_10,VDD,Metal1,13.8200,67.0725,3.299915
FILLER_12_539,VDD,Metal1,308.8400,66.6400,3.299901
FILLER_12_535,VDD,Metal1,307.8200,66.2075,3.299901
FILLER_12_476,VDD,Metal1,273.5600,66.6400,3.299901
FILLER_12_472,VDD,Metal1,272.5400,66.2075,3.299901
FILLER_12_447,VDD,Metal1,259.7865,66.0630,3.299901
FILLER_12_431,VDD,Metal1,248.3600,66.6400,3.299901
FILLER_12_427,VDD,Metal1,247.3400,66.2075,3.299902
FILLER_12_419,VDD,Metal1,244.1065,66.0630,3.299902
FILLER_12_387,VDD,Metal1,233.0755,65.8710,3.299903
FILLER_12_383,VDD,Metal1,221.7600,66.6400,3.299903
FILLER_12_365,VDD,Metal1,212.6200,66.2075,3.299904
FILLER_12_349,VDD,Metal1,202.4400,66.6400,3.299905
FILLER_12_345,VDD,Metal1,201.4200,66.2075,3.299905
FILLER_12_337,VDD,Metal1,198.1865,66.0630,3.299905
FILLER_12_321,VDD,Metal1,186.7600,66.6400,3.299912
FILLER_12_317,VDD,Metal1,185.7400,66.2075,3.299912
FILLER_12_311,VDD,Metal1,182.3800,66.2075,3.299912
FILLER_12_303,VDD,Metal1,179.1465,66.0630,3.299912
FILLER_12_251,VDD,Metal1,147.5600,66.6400,3.299912
FILLER_12_247,VDD,Metal1,146.5400,66.2075,3.299912
FILLER_12_205,VDD,Metal1,123.0200,66.2075,3.299912
FILLER_12_197,VDD,Metal1,119.7865,66.0630,3.299912
FILLER_12_181,VDD,Metal1,108.3600,66.6400,3.299912
FILLER_12_177,VDD,Metal1,107.3400,66.2075,3.299912
FILLER_12_171,VDD,Metal1,103.9800,66.2075,3.299913
FILLER_12_155,VDD,Metal1,98.6080,65.9480,3.299913
FILLER_12_107,VDD,Metal1,68.1400,66.2075,3.299913
FILLER_12_88,VDD,Metal1,56.5600,66.6400,3.299913
FILLER_12_84,VDD,Metal1,55.2600,66.2075,3.299913
FILLER_12_76,VDD,Metal1,52.0265,66.0630,3.299913
FILLER_12_45,VDD,Metal1,32.2000,66.6400,3.299915
FILLER_12_8,VDD,Metal1,11.4800,66.6400,3.299915
FILLER_12_6,VDD,Metal1,10.6400,66.6400,3.299915
FILLER_12_2,VDD,Metal1,9.3400,66.2075,3.299915
FILLER_11_562,VDD,Metal1,322.9400,59.2325,3.299956
FILLER_11_559,VDD,Metal1,320.0400,58.8000,3.299956
FILLER_11_555,VDD,Metal1,319.0200,59.2325,3.299956
FILLER_11_506,VDD,Metal1,290.3600,58.8000,3.299956
FILLER_11_496,VDD,Metal1,285.0400,58.8000,3.299956
FILLER_11_492,VDD,Metal1,283.7400,59.2325,3.299956
FILLER_11_473,VDD,Metal1,272.1600,58.8000,3.299956
FILLER_11_428,VDD,Metal1,246.6800,58.8000,3.299956
FILLER_11_426,VDD,Metal1,245.8400,58.8000,3.299956
FILLER_11_422,VDD,Metal1,244.5400,59.2325,3.299956
FILLER_11_403,VDD,Metal1,232.9600,58.8000,3.299957
FILLER_11_282,VDD,Metal1,174.2755,59.5685,3.299958
FILLER_11_279,VDD,Metal1,163.2400,58.8000,3.299958
FILLER_11_271,VDD,Metal1,161.2265,59.3765,3.299958
FILLER_11_254,VDD,Metal1,149.5200,58.8000,3.299958
FILLER_11_170,VDD,Metal1,103.4200,59.2325,3.299958
FILLER_11_154,VDD,Metal1,93.2400,58.8000,3.299958
FILLER_11_150,VDD,Metal1,92.2200,59.2325,3.299958
FILLER_11_142,VDD,Metal1,88.9865,59.3765,3.299958
FILLER_11_123,VDD,Metal1,76.1600,58.8000,3.299959
FILLER_11_119,VDD,Metal1,74.8600,59.2325,3.299959
FILLER_11_84,VDD,Metal1,54.0400,58.8000,3.299959
FILLER_11_80,VDD,Metal1,53.0200,59.2325,3.299959
FILLER_11_72,VDD,Metal1,49.7865,59.3765,3.299959
FILLER_10_544,VDD,Metal1,311.6400,58.8000,3.299956
FILLER_10_542,VDD,Metal1,310.8000,58.8000,3.299956
FILLER_10_521,VDD,Metal1,299.9800,58.3675,3.299956
FILLER_10_499,VDD,Metal1,286.4400,58.8000,3.299956
FILLER_10_497,VDD,Metal1,285.6000,58.8000,3.299956
FILLER_10_493,VDD,Metal1,284.3000,58.3675,3.299956
FILLER_10_453,VDD,Metal1,260.9600,58.8000,3.299956
FILLER_10_449,VDD,Metal1,259.6600,58.3675,3.299956
FILLER_10_441,VDD,Metal1,256.4265,58.2230,3.299956
FILLER_10_403,VDD,Metal1,232.9600,58.8000,3.299957
FILLER_10_387,VDD,Metal1,228.5280,58.1080,3.299957
FILLER_10_353,VDD,Metal1,214.0355,58.0310,3.299957
FILLER_10_314,VDD,Metal1,182.8400,58.8000,3.299958
FILLER_10_312,VDD,Metal1,182.0000,58.8000,3.299958
FILLER_10_308,VDD,Metal1,180.7000,58.3675,3.299958
FILLER_10_292,VDD,Metal1,175.3280,58.1080,3.299958
FILLER_10_260,VDD,Metal1,161.9555,58.0310,3.299958
FILLER_10_251,VDD,Metal1,147.5600,58.8000,3.299958
FILLER_10_247,VDD,Metal1,146.5400,58.3675,3.299958
FILLER_10_243,VDD,Metal1,143.3600,58.8000,3.299958
FILLER_10_227,VDD,Metal1,138.9280,58.1080,3.299958
FILLER_10_218,VDD,Metal1,129.0800,58.8000,3.299958
FILLER_10_214,VDD,Metal1,128.0600,58.3675,3.299958
FILLER_10_198,VDD,Metal1,122.6880,58.1080,3.299958
FILLER_10_181,VDD,Metal1,108.6400,58.8000,3.299958
FILLER_10_177,VDD,Metal1,107.3400,58.3675,3.299958
FILLER_10_173,VDD,Metal1,104.1600,58.8000,3.299958
FILLER_10_169,VDD,Metal1,102.8600,58.3675,3.299958
FILLER_10_161,VDD,Metal1,99.6265,58.2230,3.299958
FILLER_10_126,VDD,Metal1,77.5600,58.8000,3.299959
FILLER_10_122,VDD,Metal1,76.5400,58.3675,3.299959
FILLER_10_104,VDD,Metal1,65.2400,58.8000,3.299959
FILLER_10_100,VDD,Metal1,64.2200,58.3675,3.299959
FILLER_10_92,VDD,Metal1,60.9865,58.2230,3.299959
FILLER_10_57,VDD,Metal1,38.9200,58.8000,3.299959
FILLER_10_53,VDD,Metal1,37.9000,58.3675,3.299959
FILLER_10_10,VDD,Metal1,13.8200,58.3675,3.299960
FILLER_9_562,VDD,Metal1,322.9400,51.3925,3.299981
FILLER_9_496,VDD,Metal1,284.7600,50.9600,3.299981
FILLER_9_492,VDD,Metal1,283.7400,51.3925,3.299981
FILLER_9_474,VDD,Metal1,272.4400,50.9600,3.299981
FILLER_9_470,VDD,Metal1,271.4200,51.3925,3.299981
FILLER_9_454,VDD,Metal1,266.0480,51.6520,3.299981
FILLER_9_422,VDD,Metal1,252.6755,51.7285,3.299981
FILLER_9_418,VDD,Metal1,241.3600,50.9600,3.299981
FILLER_9_414,VDD,Metal1,240.0600,51.3925,3.299981
FILLER_9_376,VDD,Metal1,218.7800,51.3925,3.299982
FILLER_9_368,VDD,Metal1,215.5465,51.5365,3.299982
FILLER_9_352,VDD,Metal1,208.9280,51.6520,3.299982
FILLER_9_348,VDD,Metal1,202.1600,50.9600,3.299982
FILLER_9_344,VDD,Metal1,200.8600,51.3925,3.299982
FILLER_9_336,VDD,Metal1,197.6265,51.5365,3.299982
FILLER_9_320,VDD,Metal1,186.2000,50.9600,3.299982
FILLER_9_318,VDD,Metal1,185.3600,50.9600,3.299982
FILLER_9_314,VDD,Metal1,184.0600,51.3925,3.299982
FILLER_9_282,VDD,Metal1,174.2755,51.7285,3.299982
FILLER_9_276,VDD,Metal1,162.7800,51.3925,3.299982
FILLER_9_212,VDD,Metal1,144.0750,51.7740,3.299982
FILLER_9_208,VDD,Metal1,123.7600,50.9600,3.299982
FILLER_9_200,VDD,Metal1,121.4665,51.5365,3.299982
FILLER_9_184,VDD,Metal1,114.8480,51.6520,3.299982
FILLER_9_142,VDD,Metal1,88.9865,51.5365,3.299982
FILLER_9_124,VDD,Metal1,81.2480,51.6520,3.299982
FILLER_9_88,VDD,Metal1,56.5600,50.9600,3.299982
FILLER_9_72,VDD,Metal1,52.1280,51.6520,3.299982
FILLER_9_69,VDD,Metal1,45.6400,50.9600,3.299982
FILLER_9_67,VDD,Metal1,44.8000,50.9600,3.299982
FILLER_9_59,VDD,Metal1,42.5065,51.5365,3.299982
FILLER_9_8,VDD,Metal1,11.4800,50.9600,3.299982
FILLER_9_6,VDD,Metal1,10.6400,50.9600,3.299982
FILLER_9_2,VDD,Metal1,9.3400,51.3925,3.299982
FILLER_8_564,VDD,Metal1,323.1200,50.9600,3.299981
FILLER_8_560,VDD,Metal1,321.8200,50.5275,3.299981
FILLER_8_527,VDD,Metal1,302.1200,50.9600,3.299981
FILLER_8_510,VDD,Metal1,292.6000,50.9600,3.299981
FILLER_8_508,VDD,Metal1,291.7600,50.9600,3.299981
FILLER_8_473,VDD,Metal1,271.8800,50.9600,3.299981
FILLER_8_457,VDD,Metal1,267.7280,50.2680,3.299981
FILLER_8_451,VDD,Metal1,260.7800,50.5275,3.299981
FILLER_8_387,VDD,Metal1,242.0750,50.1455,3.299981
FILLER_8_381,VDD,Metal1,221.5800,50.5275,3.299981
FILLER_8_317,VDD,Metal1,202.8750,50.1455,3.299982
FILLER_8_311,VDD,Metal1,182.3800,50.5275,3.299982
FILLER_8_247,VDD,Metal1,163.6750,50.1455,3.299982
FILLER_8_241,VDD,Metal1,143.1800,50.5275,3.299982
FILLER_8_177,VDD,Metal1,124.4750,50.1455,3.299982
FILLER_8_171,VDD,Metal1,103.9800,50.5275,3.299982
FILLER_8_107,VDD,Metal1,85.2750,50.1455,3.299982
FILLER_8_101,VDD,Metal1,64.7800,50.5275,3.299982
FILLER_8_85,VDD,Metal1,59.4080,50.2680,3.299982
FILLER_8_53,VDD,Metal1,46.0355,50.1910,3.299982
FILLER_8_31,VDD,Metal1,25.5800,50.5275,3.299982
FILLER_8_14,VDD,Metal1,15.1200,50.9600,3.299982
FILLER_8_10,VDD,Metal1,13.8200,50.5275,3.299982
FILLER_7_562,VDD,Metal1,322.9400,43.5525,3.299997
FILLER_7_558,VDD,Metal1,319.7600,43.1200,3.299997
FILLER_7_541,VDD,Metal1,309.9600,43.1200,3.299997
FILLER_7_516,VDD,Metal1,295.9600,43.1200,3.299997
FILLER_7_508,VDD,Metal1,293.9465,43.6965,3.299997
FILLER_7_492,VDD,Metal1,287.3280,43.8120,3.299997
FILLER_7_486,VDD,Metal1,280.3800,43.5525,3.299997
FILLER_7_422,VDD,Metal1,261.6750,43.9340,3.299997
FILLER_7_416,VDD,Metal1,241.1800,43.5525,3.299997
FILLER_7_352,VDD,Metal1,222.4750,43.9340,3.299997
FILLER_7_346,VDD,Metal1,201.9800,43.5525,3.299997
FILLER_7_282,VDD,Metal1,183.2750,43.9340,3.299997
FILLER_7_276,VDD,Metal1,162.7800,43.5525,3.299997
FILLER_7_212,VDD,Metal1,144.0750,43.9340,3.299997
FILLER_7_206,VDD,Metal1,123.5800,43.5525,3.299997
FILLER_7_142,VDD,Metal1,104.8750,43.9340,3.299997
FILLER_7_136,VDD,Metal1,84.3800,43.5525,3.299997
FILLER_7_72,VDD,Metal1,65.6750,43.9340,3.299997
FILLER_7_68,VDD,Metal1,45.3600,43.1200,3.299997
FILLER_7_64,VDD,Metal1,44.0600,43.5525,3.299997
FILLER_7_48,VDD,Metal1,38.6880,43.8120,3.299997
FILLER_7_2,VDD,Metal1,9.3400,43.5525,3.299997
FILLER_6_556,VDD,Metal1,318.6400,43.1200,3.299997
FILLER_6_552,VDD,Metal1,317.3400,42.6875,3.299997
FILLER_6_527,VDD,Metal1,302.1200,43.1200,3.299997
FILLER_6_521,VDD,Metal1,299.9800,42.6875,3.299997
FILLER_6_457,VDD,Metal1,281.2750,42.3055,3.299997
FILLER_6_451,VDD,Metal1,260.7800,42.6875,3.299997
FILLER_6_387,VDD,Metal1,242.0750,42.3055,3.299997
FILLER_6_381,VDD,Metal1,221.5800,42.6875,3.299997
FILLER_6_317,VDD,Metal1,202.8750,42.3055,3.299997
FILLER_6_311,VDD,Metal1,182.3800,42.6875,3.299997
FILLER_6_247,VDD,Metal1,163.6750,42.3055,3.299997
FILLER_6_241,VDD,Metal1,143.1800,42.6875,3.299997
FILLER_6_177,VDD,Metal1,124.4750,42.3055,3.299997
FILLER_6_171,VDD,Metal1,103.9800,42.6875,3.299997
FILLER_6_107,VDD,Metal1,85.2750,42.3055,3.299997
FILLER_6_101,VDD,Metal1,64.7800,42.6875,3.299997
FILLER_6_93,VDD,Metal1,61.5465,42.5430,3.299997
FILLER_6_77,VDD,Metal1,54.9280,42.4280,3.299997
FILLER_6_45,VDD,Metal1,41.5555,42.3510,3.299997
FILLER_6_34,VDD,Metal1,26.0400,43.1200,3.299997
FILLER_5_562,VDD,Metal1,322.9400,35.7125,3.300000
FILLER_5_550,VDD,Metal1,315.2800,35.2800,3.300000
FILLER_5_532,VDD,Metal1,305.2000,35.2800,3.300000
FILLER_5_524,VDD,Metal1,302.9065,35.8565,3.300000
FILLER_5_492,VDD,Metal1,291.8755,36.0485,3.300000
FILLER_5_486,VDD,Metal1,280.3800,35.7125,3.300000
FILLER_5_422,VDD,Metal1,261.6750,36.0940,3.300000
FILLER_5_416,VDD,Metal1,241.1800,35.7125,3.300000
FILLER_5_352,VDD,Metal1,222.4750,36.0940,3.300000
FILLER_5_346,VDD,Metal1,201.9800,35.7125,3.300000
FILLER_5_282,VDD,Metal1,183.2750,36.0940,3.300000
FILLER_5_276,VDD,Metal1,162.7800,35.7125,3.300000
FILLER_5_212,VDD,Metal1,144.0750,36.0940,3.300000
FILLER_5_206,VDD,Metal1,123.5800,35.7125,3.300000
FILLER_5_142,VDD,Metal1,104.8750,36.0940,3.300000
FILLER_5_136,VDD,Metal1,84.3800,35.7125,3.300000
FILLER_5_72,VDD,Metal1,65.6750,36.0940,3.300000
FILLER_5_66,VDD,Metal1,45.1800,35.7125,3.300000
FILLER_5_34,VDD,Metal1,35.3955,36.0485,3.300000
FILLER_4_541,VDD,Metal1,309.9600,35.2800,3.300000
FILLER_4_539,VDD,Metal1,309.1200,35.2800,3.300000
FILLER_4_535,VDD,Metal1,307.8200,34.8475,3.300000
FILLER_4_527,VDD,Metal1,304.5865,34.7030,3.300000
FILLER_4_521,VDD,Metal1,299.9800,34.8475,3.300000
FILLER_4_457,VDD,Metal1,281.2750,34.4655,3.300000
FILLER_4_451,VDD,Metal1,260.7800,34.8475,3.300000
FILLER_4_387,VDD,Metal1,242.0750,34.4655,3.300000
FILLER_4_381,VDD,Metal1,221.5800,34.8475,3.300000
FILLER_4_317,VDD,Metal1,202.8750,34.4655,3.300000
FILLER_4_311,VDD,Metal1,182.3800,34.8475,3.300000
FILLER_4_247,VDD,Metal1,163.6750,34.4655,3.300000
FILLER_4_241,VDD,Metal1,143.1800,34.8475,3.300000
FILLER_4_177,VDD,Metal1,124.4750,34.4655,3.300000
FILLER_4_171,VDD,Metal1,103.9800,34.8475,3.300000
FILLER_4_107,VDD,Metal1,85.2750,34.4655,3.300000
FILLER_4_101,VDD,Metal1,64.7800,34.8475,3.300000
FILLER_4_37,VDD,Metal1,46.0750,34.4655,3.300000
FILLER_4_34,VDD,Metal1,26.0400,35.2800,3.300000
FILLER_3_562,VDD,Metal1,322.9400,27.8725,3.300000
FILLER_3_550,VDD,Metal1,315.2800,27.4400,3.300000
FILLER_3_540,VDD,Metal1,309.6800,27.4400,3.300000
FILLER_3_524,VDD,Metal1,305.2480,28.1320,3.300000
FILLER_3_492,VDD,Metal1,291.8755,28.2085,3.300000
FILLER_3_486,VDD,Metal1,280.3800,27.8725,3.300000
FILLER_3_422,VDD,Metal1,261.6750,28.2540,3.300000
FILLER_3_416,VDD,Metal1,241.1800,27.8725,3.300000
FILLER_3_352,VDD,Metal1,222.4750,28.2540,3.300000
FILLER_3_346,VDD,Metal1,201.9800,27.8725,3.300000
FILLER_3_282,VDD,Metal1,183.2750,28.2540,3.300000
FILLER_3_276,VDD,Metal1,162.7800,27.8725,3.300000
FILLER_3_212,VDD,Metal1,144.0750,28.2540,3.300000
FILLER_3_206,VDD,Metal1,123.5800,27.8725,3.300000
FILLER_3_142,VDD,Metal1,104.8750,28.2540,3.300000
FILLER_3_136,VDD,Metal1,84.3800,27.8725,3.300000
FILLER_3_72,VDD,Metal1,65.6750,28.2540,3.300000
FILLER_3_66,VDD,Metal1,45.1800,27.8725,3.300000
FILLER_3_58,VDD,Metal1,41.9465,28.0165,3.300000
FILLER_3_26,VDD,Metal1,30.9155,28.2085,3.300000
FILLER_2_541,VDD,Metal1,309.9600,27.4400,3.300000
FILLER_2_539,VDD,Metal1,309.1200,27.4400,3.300000
FILLER_2_535,VDD,Metal1,307.8200,27.0075,3.300000
FILLER_2_527,VDD,Metal1,304.5865,26.8630,3.300000
FILLER_2_521,VDD,Metal1,299.9800,27.0075,3.300000
FILLER_2_457,VDD,Metal1,281.2750,26.6255,3.300000
FILLER_2_451,VDD,Metal1,260.7800,27.0075,3.300000
FILLER_2_387,VDD,Metal1,242.0750,26.6255,3.300000
FILLER_2_381,VDD,Metal1,221.5800,27.0075,3.300000
FILLER_2_317,VDD,Metal1,202.8750,26.6255,3.300000
FILLER_2_311,VDD,Metal1,182.3800,27.0075,3.300000
FILLER_2_247,VDD,Metal1,163.6750,26.6255,3.300000
FILLER_2_241,VDD,Metal1,143.1800,27.0075,3.300000
FILLER_2_177,VDD,Metal1,124.4750,26.6255,3.300000
FILLER_2_171,VDD,Metal1,103.9800,27.0075,3.300000
FILLER_2_107,VDD,Metal1,85.2750,26.6255,3.300000
FILLER_2_101,VDD,Metal1,64.7800,27.0075,3.300000
FILLER_2_37,VDD,Metal1,46.0750,26.6255,3.300000
FILLER_2_34,VDD,Metal1,26.0400,27.4400,3.300000
FILLER_2_26,VDD,Metal1,24.0265,26.8630,3.300000
FILLER_1_562,VDD,Metal1,322.9400,20.0325,3.300000
FILLER_1_540,VDD,Metal1,310.6200,20.0325,3.300000
FILLER_1_524,VDD,Metal1,305.2480,20.2920,3.300000
FILLER_1_492,VDD,Metal1,291.8755,20.3685,3.300000
FILLER_1_486,VDD,Metal1,280.3800,20.0325,3.300000
FILLER_1_422,VDD,Metal1,261.6750,20.4140,3.300000
FILLER_1_416,VDD,Metal1,241.1800,20.0325,3.300000
FILLER_1_352,VDD,Metal1,222.4750,20.4140,3.300000
FILLER_1_346,VDD,Metal1,201.9800,20.0325,3.300000
FILLER_1_282,VDD,Metal1,183.2750,20.4140,3.300000
FILLER_1_276,VDD,Metal1,162.7800,20.0325,3.300000
FILLER_1_212,VDD,Metal1,144.0750,20.4140,3.300000
FILLER_1_206,VDD,Metal1,123.5800,20.0325,3.300000
FILLER_1_142,VDD,Metal1,104.8750,20.4140,3.300000
FILLER_1_136,VDD,Metal1,84.3800,20.0325,3.300000
FILLER_1_72,VDD,Metal1,65.6750,20.4140,3.300000
FILLER_1_66,VDD,Metal1,45.1800,20.0325,3.300000
FILLER_1_50,VDD,Metal1,39.8080,20.2920,3.300000
FILLER_1_18,VDD,Metal1,26.4355,20.3685,3.300000
FILLER_0_546,VDD,Metal1,313.9800,19.1675,3.300000
FILLER_0_512,VDD,Metal1,303.0755,18.8310,3.300000
FILLER_0_478,VDD,Metal1,284.0355,18.8310,3.300000
FILLER_0_444,VDD,Metal1,264.9955,18.8310,3.300000
FILLER_0_410,VDD,Metal1,245.9555,18.8310,3.300000
FILLER_0_376,VDD,Metal1,226.9155,18.8310,3.300000
FILLER_0_342,VDD,Metal1,207.8755,18.8310,3.300000
FILLER_0_308,VDD,Metal1,188.8355,18.8310,3.300000
FILLER_0_274,VDD,Metal1,169.7955,18.8310,3.300000
FILLER_0_240,VDD,Metal1,150.7555,18.8310,3.300000
FILLER_0_206,VDD,Metal1,131.7155,18.8310,3.300000
FILLER_0_172,VDD,Metal1,112.6755,18.8310,3.300000
FILLER_0_138,VDD,Metal1,93.6355,18.8310,3.300000
FILLER_0_104,VDD,Metal1,74.5955,18.8310,3.300000
FILLER_0_70,VDD,Metal1,55.5555,18.8310,3.300000
FILLER_0_36,VDD,Metal1,36.5155,18.8310,3.300000
FILLER_0_18,VDD,Metal1,21.8880,18.9080,3.300000
clkload10,VDD,Metal1,289.3700,175.8630,3.299992
clkload9,VDD,Metal1,250.0430,152.4900,3.299973
clkload8,VDD,Metal1,282.8530,269.9925,3.299960
clkload7,VDD,Metal1,265.1630,309.2900,3.299988
clkload6,VDD,Metal1,230.4430,81.9300,3.299884
clkload5,VDD,Metal1,266.2830,74.0900,3.299936
clkload4,VDD,Metal1,293.1630,128.9700,3.299945
clkload3,VDD,Metal1,110.6030,121.1300,3.299885
clkload2,VDD,Metal1,69.8500,144.5030,3.299881
clkload1,VDD,Metal1,36.1230,144.6500,3.299887
clkload0,VDD,Metal1,48.5530,106.3305,3.299970
clkbuf_2_3__f_clk,VDD,Metal1,247.3710,199.4225,3.299958
clkbuf_2_2__f_clk,VDD,Metal1,247.3710,144.5425,3.299876
clkbuf_2_1__f_clk,VDD,Metal1,100.3885,145.5370,3.299880
clkbuf_2_0__f_clk,VDD,Metal1,126.7085,121.0225,3.299885
clkbuf_0_clk,VDD,Metal1,178.7885,184.7370,3.299950
clkbuf_leaf_19_clk,VDD,Metal1,19.1025,66.1325,3.299915
clkbuf_leaf_18_clk,VDD,Metal1,77.9025,74.9875,3.299938
clkbuf_leaf_17_clk,VDD,Metal1,116.9775,67.1475,3.299912
clkbuf_leaf_16_clk,VDD,Metal1,152.8175,82.8275,3.299888
clkbuf_leaf_15_clk,VDD,Metal1,132.6575,122.0275,3.299885
clkbuf_leaf_14_clk,VDD,Metal1,214.9775,136.6925,3.299924
clkbuf_leaf_13_clk,VDD,Metal1,196.0625,81.8125,3.299887
clkbuf_leaf_12_clk,VDD,Metal1,234.5775,82.8275,3.299884
clkbuf_leaf_11_clk,VDD,Metal1,273.3425,67.1475,3.299901
clkbuf_leaf_10_clk,VDD,Metal1,310.7375,82.8275,3.299880
clkbuf_leaf_9_clk,VDD,Metal1,293.3775,121.0125,3.299844
clkbuf_leaf_8_clk,VDD,Metal1,302.3375,169.0675,3.299953
clkbuf_leaf_7_clk,VDD,Metal1,252.0625,160.2125,3.299945
clkbuf_leaf_6_clk,VDD,Metal1,289.5825,263.1475,3.299938
clkbuf_leaf_5_clk,VDD,Metal1,269.9825,301.3325,3.299957
clkbuf_leaf_4_clk,VDD,Metal1,224.6225,286.6675,3.299946
clkbuf_leaf_3_clk,VDD,Metal1,117.1025,277.8125,3.299941
clkbuf_leaf_2_clk,VDD,Metal1,74.4175,145.5475,3.299881
clkbuf_leaf_1_clk,VDD,Metal1,38.7025,129.8675,3.299948
clkbuf_leaf_0_clk,VDD,Metal1,46.9775,113.1725,3.299943
wire887,VDD,Metal1,183.6700,333.4725,3.299985
load_slew886,VDD,Metal1,181.1815,286.5630,3.299954
load_slew885,VDD,Metal1,229.3415,285.7565,3.299946
fanout884,VDD,Metal1,187.4100,286.4900,3.299952
load_slew883,VDD,Metal1,298.2030,254.4100,3.299967
load_slew882,VDD,Metal1,304.3815,254.3965,3.299966
fanout881,VDD,Metal1,268.6100,333.5300,3.299977
wire880,VDD,Metal1,264.8900,325.0875,3.299982
load_slew879,VDD,Metal1,294.0100,325.0875,3.299982
fanout878,VDD,Metal1,260.0300,333.5300,3.299978
load_slew877,VDD,Metal1,264.2200,332.8985,3.299977
wire876,VDD,Metal1,259.5630,293.6100,3.299965
load_slew875,VDD,Metal1,263.4580,294.4030,3.299964
fanout874,VDD,Metal1,257.2300,332.8700,3.299978
load_slew873,VDD,Metal1,197.4030,278.7100,3.299942
load_slew872,VDD,Metal1,209.7230,294.3900,3.299966
wire871,VDD,Metal1,225.1100,293.7275,3.299966
fanout870,VDD,Metal1,188.9100,285.8300,3.299952
load_slew869,VDD,Metal1,229.5000,144.7385,3.299876
fanout868,VDD,Metal1,198.0500,153.2100,3.299975
wire867,VDD,Metal1,272.7300,192.3525,3.299988
load_slew866,VDD,Metal1,245.7400,129.0585,3.299947
wire865,VDD,Metal1,299.0500,97.7275,3.299940
fanout864,VDD,Metal1,256.8500,191.7500,3.299988
wire863,VDD,Metal1,274.4100,168.8325,3.299954
load_slew862,VDD,Metal1,289.9800,160.4185,3.299943
wire861,VDD,Metal1,284.4900,121.2475,3.299844
fanout860,VDD,Metal1,266.7500,192.4100,3.299988
load_slew859,VDD,Metal1,265.1630,168.1700,3.299955
load_slew858,VDD,Metal1,270.1780,153.2830,3.299965
load_slew857,VDD,Metal1,275.2430,153.2700,3.299965
fanout856,VDD,Metal1,268.4300,168.8900,3.299955
load_slew855,VDD,Metal1,286.0600,82.0185,3.299882
load_slew854,VDD,Metal1,294.4600,66.3385,3.299901
load_slew853,VDD,Metal1,317.2430,114.0700,3.299933
fanout852,VDD,Metal1,307.2500,121.8500,3.299844
load_slew851,VDD,Metal1,292.2200,59.1010,3.299956
load_slew850,VDD,Metal1,298.1780,66.2365,3.299901
load_slew849,VDD,Metal1,294.4600,50.6585,3.299981
load_slew848,VDD,Metal1,321.7415,34.8765,3.300000
fanout847,VDD,Metal1,294.1900,74.1500,3.299935
load_slew846,VDD,Metal1,285.3415,114.0830,3.299933
fanout845,VDD,Metal1,274.2100,121.8500,3.299845
load_slew844,VDD,Metal1,273.5815,97.5965,3.299940
wire843,VDD,Metal1,271.0500,82.5925,3.299883
load_slew842,VDD,Metal1,268.5165,81.9300,3.299884
fanout841,VDD,Metal1,257.2300,97.6700,3.299944
wire840,VDD,Metal1,209.9900,153.1525,3.299975
load_slew839,VDD,Metal1,213.9300,160.4475,3.299945
load_slew838,VDD,Metal1,239.1100,176.1275,3.299993
fanout837,VDD,Metal1,196.3700,137.5300,3.299930
load_slew836,VDD,Metal1,199.8200,82.6210,3.299887
load_slew835,VDD,Metal1,186.7565,89.7700,3.299951
load_slew834,VDD,Metal1,205.4200,90.4610,3.299951
load_slew833,VDD,Metal1,206.3630,74.8700,3.299937
fanout832,VDD,Metal1,178.4500,89.8300,3.299951
load_slew831,VDD,Metal1,248.3630,121.9100,3.299846
fanout830,VDD,Metal1,229.2300,121.8500,3.299885
wire829,VDD,Metal1,237.4500,90.4325,3.299951
wire828,VDD,Metal1,225.1100,97.7275,3.299946
load_slew827,VDD,Metal1,225.3965,81.9300,3.299885
fanout826,VDD,Metal1,233.1500,114.0100,3.299936
load_slew825,VDD,Metal1,158.5800,278.6210,3.299942
wire824,VDD,Metal1,158.7565,238.7300,3.299992
load_slew823,VDD,Metal1,130.1965,278.7100,3.299941
load_slew822,VDD,Metal1,118.4180,278.7230,3.299941
fanout821,VDD,Metal1,169.3100,278.6500,3.299942
load_slew820,VDD,Metal1,156.2300,144.7675,3.299881
load_slew819,VDD,Metal1,138.5965,128.9700,3.299948
fanout818,VDD,Metal1,158.8500,137.5300,3.299938
load_slew817,VDD,Metal1,150.9165,114.0700,3.299943
load_slew816,VDD,Metal1,127.3965,106.2300,3.299969
fanout815,VDD,Metal1,181.6300,114.0100,3.299944
load_slew814,VDD,Metal1,166.5965,106.2300,3.299970
load_slew813,VDD,Metal1,167.1815,82.7230,3.299888
load_slew812,VDD,Metal1,159.3165,90.5500,3.299958
fanout811,VDD,Metal1,170.4300,98.3300,3.299952
load_slew810,VDD,Metal1,127.1100,98.2725,3.299952
load_slew809,VDD,Metal1,131.3230,98.3900,3.299952
load_slew808,VDD,Metal1,135.6200,89.8585,3.299959
load_slew807,VDD,Metal1,127.3965,74.8700,3.299937
fanout806,VDD,Metal1,134.5900,129.6900,3.299948
wire805,VDD,Metal1,90.1500,137.4725,3.299938
load_slew804,VDD,Metal1,80.3565,144.6500,3.299881
fanout803,VDD,Metal1,100.4300,144.7100,3.299880
load_slew802,VDD,Metal1,89.5900,129.6325,3.299948
load_slew801,VDD,Metal1,56.5500,145.3125,3.299886
load_slew800,VDD,Metal1,41.1565,145.4300,3.299887
load_slew799,VDD,Metal1,13.9000,144.7385,3.299896
fanout798,VDD,Metal1,98.1900,129.0300,3.299948
load_slew797,VDD,Metal1,88.3800,113.9810,3.299943
load_slew796,VDD,Metal1,96.6030,105.4500,3.299970
fanout795,VDD,Metal1,94.8300,114.0100,3.299943
wire794,VDD,Metal1,99.6700,106.1125,3.299969
load_slew793,VDD,Metal1,93.2180,82.7230,3.299892
load_slew792,VDD,Metal1,76.9965,81.9300,3.299893
fanout791,VDD,Metal1,90.5300,121.8500,3.299887
load_slew790,VDD,Metal1,48.7300,113.9525,3.299943
load_slew789,VDD,Metal1,46.7380,121.1165,3.299899
load_slew788,VDD,Metal1,54.4200,129.0585,3.299948
fanout787,VDD,Metal1,48.3500,129.0300,3.299948
wire786,VDD,Metal1,50.3900,82.5925,3.299896
wire785,VDD,Metal1,48.7100,66.9125,3.299914
load_slew784,VDD,Metal1,24.7400,58.4985,3.299960
fanout783,VDD,Metal1,61.2300,89.8300,3.299960
load_slew782,VDD,Metal1,187.2980,74.0765,3.299937
load_slew781,VDD,Metal1,188.9780,90.5630,3.299951
load_slew780,VDD,Metal1,266.8180,82.7230,3.299884
load_slew779,VDD,Metal1,235.4580,105.4365,3.299967
load_slew778,VDD,Metal1,269.0580,114.0830,3.299934
load_slew777,VDD,Metal1,276.8980,176.8030,3.299992
load_slew776,VDD,Metal1,290.0700,152.6075,3.299965
wire775,VDD,Metal1,234.3380,136.7965,3.299924
wire774,VDD,Metal1,301.8300,278.5925,3.299939
fanout773,VDD,Metal1,295.8700,278.6500,3.299940
load_slew772,VDD,Metal1,293.1815,136.7965,3.299918
wire771,VDD,Metal1,251.1565,105.4500,3.299966
load_slew770,VDD,Metal1,220.6300,113.4075,3.299936
fanout769,VDD,Metal1,286.3500,136.8700,3.299919
wire768,VDD,Metal1,73.6180,128.9565,3.299948
load_slew767,VDD,Metal1,18.2030,144.6500,3.299896
load_slew766,VDD,Metal1,112.2765,98.3900,3.299952
fanout765,VDD,Metal1,120.0300,114.0100,3.299943
load_slew764,VDD,Metal1,290.3380,286.5630,3.299945
wire763,VDD,Metal1,290.9415,184.6430,3.299935
wire762,VDD,Metal1,190.0980,136.7965,3.299931
fanout761,VDD,Metal1,286.5300,278.6500,3.299940
load_slew760,VDD,Metal1,298.9400,113.3785,3.299933
load_slew759,VDD,Metal1,296.5165,153.2700,3.299965
load_slew758,VDD,Metal1,270.5800,106.1410,3.299958
load_slew757,VDD,Metal1,264.3100,105.5675,3.299966
fanout756,VDD,Metal1,296.0500,152.5500,3.299965
load_slew755,VDD,Metal1,127.1100,90.4325,3.299959
wire754,VDD,Metal1,109.7500,97.7275,3.299952
load_slew753,VDD,Metal1,55.9900,106.1125,3.299970
fanout752,VDD,Metal1,169.3100,121.8500,3.299888
load_slew751,VDD,Metal1,194.0180,293.5965,3.299967
wire750,VDD,Metal1,196.8615,192.4830,3.299991
load_slew749,VDD,Metal1,199.6615,145.4430,3.299880
fanout748,VDD,Metal1,197.8700,285.8300,3.299949
wire747,VDD,Metal1,185.9300,136.9275,3.299932
wire746,VDD,Metal1,225.9630,144.6500,3.299880
load_slew745,VDD,Metal1,265.1630,113.2900,3.299934
fanout744,VDD,Metal1,174.9100,137.5300,3.299937
load_slew743,VDD,Metal1,133.0030,105.4500,3.299969
wire742,VDD,Metal1,122.6300,145.3125,3.299880
wire741,VDD,Metal1,41.1380,128.9565,3.299948
fanout740,VDD,Metal1,126.7500,144.7100,3.299881
load_slew739,VDD,Metal1,264.5780,183.8365,3.299936
load_slew738,VDD,Metal1,146.4180,121.9230,3.299885
wire737,VDD,Metal1,77.5565,121.9100,3.299887
wire736,VDD,Metal1,68.5965,90.5500,3.299960
fanout735,VDD,Metal1,139.6300,113.3500,3.299943
wire734,VDD,Metal1,274.1230,183.8500,3.299936
wire733,VDD,Metal1,239.9565,136.8100,3.299924
load_slew732,VDD,Metal1,223.1815,98.4030,3.299946
load_slew731,VDD,Metal1,225.7800,82.6210,3.299885
fanout730,VDD,Metal1,267.3100,191.7500,3.299988
wire729,VDD,Metal1,310.2300,51.2325,3.299981
load_slew728,VDD,Metal1,306.0365,51.3500,3.299981
fanout727,VDD,Metal1,267.3100,160.3900,3.299943
load_slew726,VDD,Metal1,293.7230,254.4100,3.299967
wire725,VDD,Metal1,244.9965,153.2700,3.299974
load_slew724,VDD,Metal1,127.3965,129.7500,3.299948
load_slew723,VDD,Metal1,101.4600,105.5385,3.299969
load_slew722,VDD,Metal1,70.2765,97.6100,3.299954
fanout721,VDD,Metal1,277.3900,246.6300,3.299989
wire720,VDD,Metal1,274.9700,90.4325,3.299945
load_slew719,VDD,Metal1,281.3965,81.9300,3.299883
fanout718,VDD,Metal1,256.6700,176.0700,3.299992
load_slew717,VDD,Metal1,297.0830,191.6900,3.299988
wire716,VDD,Metal1,206.8980,137.6030,3.299930
wire715,VDD,Metal1,116.7565,89.7700,3.299959
load_slew714,VDD,Metal1,58.9000,82.6210,3.299896
load_slew713,VDD,Metal1,40.5965,89.7700,3.299961
fanout712,VDD,Metal1,290.8300,239.4500,3.299991
wire711,VDD,Metal1,307.1630,239.5100,3.299990
wire710,VDD,Metal1,268.2500,105.5675,3.299966
load_slew709,VDD,Metal1,284.5800,74.7810,3.299936
fanout708,VDD,Metal1,292.5100,270.1500,3.299960
load_slew707,VDD,Metal1,321.9900,58.5275,3.299956
wire706,VDD,Metal1,205.7780,153.2830,3.299975
load_slew705,VDD,Metal1,140.2765,106.2300,3.299969
wire704,VDD,Metal1,103.8765,114.0700,3.299943
load_slew703,VDD,Metal1,59.4600,106.1410,3.299970
fanout702,VDD,Metal1,315.6500,145.3700,3.299875
load_slew701,VDD,Metal1,150.3815,58.3965,3.299958
wire700,VDD,Metal1,155.9815,74.8830,3.299938
load_slew699,VDD,Metal1,161.5815,74.8830,3.299938
wire698,VDD,Metal1,269.0580,59.2030,3.299956
load_slew697,VDD,Metal1,169.3780,105.4365,3.299970
load_slew696,VDD,Metal1,142.5415,121.9230,3.299885
load_slew695,VDD,Metal1,177.8215,121.9230,3.299888
load_slew694,VDD,Metal1,225.1100,152.6075,3.299974
load_slew693,VDD,Metal1,131.5000,137.5010,3.299938
fanout692,VDD,Metal1,218.2100,153.2100,3.299975
load_slew691,VDD,Metal1,225.2200,121.2185,3.299886
wire690,VDD,Metal1,264.6030,114.0700,3.299934
load_slew689,VDD,Metal1,289.2180,105.4365,3.299957
fanout688,VDD,Metal1,218.0300,144.7100,3.299880
load_slew687,VDD,Metal1,75.7000,144.7385,3.299881
load_slew686,VDD,Metal1,69.9900,129.0875,3.299948
wire685,VDD,Metal1,80.0900,113.9525,3.299943
fanout684,VDD,Metal1,86.4300,129.0300,3.299948
load_slew683,VDD,Metal1,248.8980,277.9165,3.299940
load_slew682,VDD,Metal1,275.8215,223.8430,3.299996
load_slew681,VDD,Metal1,264.5780,238.7165,3.299991
load_slew680,VDD,Metal1,279.5400,223.7410,3.299996
fanout679,VDD,Metal1,247.7100,247.2900,3.299989
load_slew678,VDD,Metal1,295.4215,230.8765,3.299990
load_slew677,VDD,Metal1,264.5780,215.1965,3.299998
load_slew676,VDD,Metal1,216.4180,208.1630,3.299997
wire675,VDD,Metal1,193.1900,215.3275,3.299998
wire674,VDD,Metal1,167.7165,247.3500,3.299992
load_slew673,VDD,Metal1,148.6580,254.3965,3.299974
load_slew672,VDD,Metal1,153.5400,239.4210,3.299992
load_slew671,VDD,Metal1,155.4215,230.8765,3.299992
load_slew670,VDD,Metal1,159.1400,230.9785,3.299992
fanout669,VDD,Metal1,268.6100,223.7700,3.299996
wire668,VDD,Metal1,269.8200,302.1410,3.299957
wire667,VDD,Metal1,269.6430,310.0700,3.299988
load_slew666,VDD,Metal1,269.0580,309.2765,3.299988
load_slew665,VDD,Metal1,265.1630,285.7700,3.299945
load_slew664,VDD,Metal1,235.1000,294.3010,3.299966
load_slew663,VDD,Metal1,233.7965,301.4500,3.299957
fanout662,VDD,Metal1,256.8500,309.3500,3.299988
load_slew661,VDD,Metal1,295.4215,246.5565,3.299989
load_slew660,VDD,Metal1,274.6580,200.3230,3.299958
load_slew659,VDD,Metal1,243.8580,191.6765,3.299988
load_slew658,VDD,Metal1,234.8980,191.6765,3.299989
load_slew657,VDD,Metal1,239.9815,200.3230,3.299958
fanout656,VDD,Metal1,270.2900,239.4500,3.299991
load_slew655,VDD,Metal1,235.5015,263.0430,3.299951
load_slew654,VDD,Metal1,265.1815,254.3965,3.299968
load_slew653,VDD,Metal1,256.7380,230.8765,3.299991
load_slew652,VDD,Metal1,198.4980,223.8430,3.299997
load_slew651,VDD,Metal1,193.4580,230.8765,3.299991
load_slew650,VDD,Metal1,190.0980,247.3630,3.299991
load_slew649,VDD,Metal1,184.4980,247.3630,3.299992
load_slew648,VDD,Metal1,159.2980,255.2030,3.299974
load_slew647,VDD,Metal1,142.1400,254.4985,3.299975
fanout646,VDD,Metal1,248.2700,254.4700,3.299971
wire645,VDD,Metal1,211.2200,301.5385,3.299958
wire644,VDD,Metal1,169.6700,285.8875,3.299955
fanout643,VDD,Metal1,176.0300,285.8300,3.299955
wire642,VDD,Metal1,122.6300,278.5925,3.299941
load_slew641,VDD,Metal1,103.7000,262.9410,3.299964
fanout640,VDD,Metal1,132.3500,270.8100,3.299963
load_slew639,VDD,Metal1,257.8580,263.0430,3.299940
load_slew638,VDD,Metal1,262.3380,263.0430,3.299939
load_slew637,VDD,Metal1,284.0200,239.4210,3.299991
wire636,VDD,Metal1,264.3100,231.0075,3.299991
load_slew635,VDD,Metal1,200.1780,216.0030,3.299998
load_slew634,VDD,Metal1,206.3815,231.6830,3.299991
load_slew633,VDD,Metal1,187.2980,238.7165,3.299992
load_slew632,VDD,Metal1,194.0180,254.3965,3.299972
load_slew631,VDD,Metal1,169.7800,254.4985,3.299974
load_slew630,VDD,Metal1,163.0600,254.4985,3.299974
fanout629,VDD,Metal1,251.2500,239.4500,3.299992
load_slew628,VDD,Metal1,215.1880,222.9720,3.299996
load_slew627,VDD,Metal1,264.5780,270.0765,3.299960
load_slew626,VDD,Metal1,290.9415,238.7165,3.299991
load_slew625,VDD,Metal1,247.2615,263.0430,3.299940
load_slew624,VDD,Metal1,269.6615,215.1965,3.299998
load_slew623,VDD,Metal1,248.8980,184.6430,3.299948
fanout622,VDD,Metal1,267.3100,246.6300,3.299989
wire621,VDD,Metal1,238.8365,270.0900,3.299960
load_slew620,VDD,Metal1,235.4580,207.3565,3.299997
load_slew619,VDD,Metal1,207.4580,208.1630,3.299997
load_slew618,VDD,Metal1,197.9380,207.3565,3.299997
wire617,VDD,Metal1,196.5500,208.0325,3.299997
load_slew616,VDD,Metal1,157.0580,216.0030,3.299998
load_slew615,VDD,Metal1,153.6980,207.3565,3.299998
load_slew614,VDD,Metal1,132.4180,239.5230,3.299992
load_slew613,VDD,Metal1,147.7400,262.3385,3.299963
fanout612,VDD,Metal1,247.7100,255.1300,3.299971
load_slew611,VDD,Metal1,224.3015,216.0030,3.299998
load_slew610,VDD,Metal1,233.7400,200.4890,3.299958
load_slew609,VDD,Metal1,179.4580,270.0765,3.299962
load_slew608,VDD,Metal1,250.5400,262.0710,3.299940
wire607,VDD,Metal1,249.0520,310.1480,3.299988
wire606,VDD,Metal1,272.5000,137.7690,3.299923
max_cap605,VDD,Metal1,242.7000,262.0710,3.299950
wire604,VDD,Metal1,186.7380,207.3565,3.299998
wire603,VDD,Metal1,191.2180,207.3565,3.299997
wire602,VDD,Metal1,82.0180,192.4830,3.299992
load_slew601,VDD,Metal1,88.1780,231.6830,3.299992
wire600,VDD,Metal1,169.9380,175.9965,3.299993
load_slew599,VDD,Metal1,29.3780,160.3165,3.299971
wire598,VDD,Metal1,94.8980,153.2830,3.299978
load_slew597,VDD,Metal1,216.9780,183.8365,3.299949
load_slew596,VDD,Metal1,226.4980,184.6430,3.299949
load_slew595,VDD,Metal1,219.8215,216.0030,3.299998
wire594,VDD,Metal1,211.9380,208.1630,3.299997
wire593,VDD,Metal1,159.8580,208.1630,3.299998
max_cap592,VDD,Metal1,238.2200,224.0090,3.299996
load_slew591,VDD,Metal1,276.9415,231.6830,3.299991
load_slew590,VDD,Metal1,207.4580,215.1965,3.299998
load_slew589,VDD,Metal1,180.5780,153.2830,3.299976
load_slew588,VDD,Metal1,278.6215,216.0030,3.299998
load_slew587,VDD,Metal1,326.2215,223.8430,3.299996
wire586,VDD,Metal1,177.7780,200.3230,3.299960
wire585,VDD,Metal1,199.0580,231.6830,3.299991
load_slew584,VDD,Metal1,274.0980,223.0365,3.299996
load_slew583,VDD,Metal1,181.1380,137.6030,3.299937
load_slew582,VDD,Metal1,239.3780,263.0430,3.299950
load_slew581,VDD,Metal1,282.5415,207.3565,3.299997
load_slew580,VDD,Metal1,264.5780,262.2365,3.299939
wire579,VDD,Metal1,298.7815,223.8430,3.299996
load_slew578,VDD,Metal1,88.1780,176.8030,3.299994
load_slew577,VDD,Metal1,194.0180,176.8030,3.299993
wire576,VDD,Metal1,323.9815,161.1230,3.299943
wire575,VDD,Metal1,58.4980,216.0030,3.299998
wire574,VDD,Metal1,289.8215,208.1630,3.299997
wire573,VDD,Metal1,305.5015,191.6765,3.299988
load_slew572,VDD,Metal1,102.1780,136.7965,3.299938
load_slew571,VDD,Metal1,294.8180,238.7165,3.299991
wire570,VDD,Metal1,158.7380,223.0365,3.299997
load_slew569,VDD,Metal1,57.9380,160.3165,3.299965
wire568,VDD,Metal1,274.1415,216.0030,3.299998
load_slew567,VDD,Metal1,236.0180,262.2365,3.299951
load_slew566,VDD,Metal1,136.8980,230.8765,3.299992
load_slew565,VDD,Metal1,129.6180,223.8430,3.299997
load_slew564,VDD,Metal1,229.9015,192.4830,3.299991
load_slew563,VDD,Metal1,75.2980,223.0365,3.299996
load_slew562,VDD,Metal1,20.4615,183.8365,3.299962
load_slew561,VDD,Metal1,270.2215,223.0365,3.299996
load_slew560,VDD,Metal1,169.9380,216.0030,3.299998
wire559,VDD,Metal1,131.8580,254.3965,3.299975
wire558,VDD,Metal1,68.5780,230.8765,3.299992
wire557,VDD,Metal1,232.1415,262.2365,3.299952
load_slew556,VDD,Metal1,160.4180,247.3630,3.299992
load_slew555,VDD,Metal1,201.2980,223.0365,3.299997
load_slew554,VDD,Metal1,162.7015,183.8365,3.299952
wire553,VDD,Metal1,179.4580,191.6765,3.299991
wire552,VDD,Metal1,206.3815,223.0365,3.299996
wire551,VDD,Metal1,209.1380,199.5165,3.299958
load_slew550,VDD,Metal1,54.5780,175.9965,3.299994
load_slew549,VDD,Metal1,200.7815,255.2030,3.299972
wire548,VDD,Metal1,278.0180,183.8365,3.299935
wire547,VDD,Metal1,29.3780,238.7165,3.299993
load_slew546,VDD,Metal1,239.9815,191.6765,3.299989
load_slew545,VDD,Metal1,145.3415,255.2030,3.299974
load_slew544,VDD,Metal1,88.7380,246.5565,3.299993
load_slew543,VDD,Metal1,178.8980,254.3965,3.299973
load_slew542,VDD,Metal1,173.9015,254.3965,3.299974
wire541,VDD,Metal1,236.0615,223.0365,3.299996
load_slew540,VDD,Metal1,121.2180,239.5230,3.299993
wire539,VDD,Metal1,257.3415,215.1965,3.299998
max_cap538,VDD,Metal1,237.7800,208.3290,3.299997
load_slew537,VDD,Metal1,323.9815,168.9630,3.299953
wire536,VDD,Metal1,131.2980,231.6830,3.299992
wire535,VDD,Metal1,245.5380,161.1230,3.299945
load_slew534,VDD,Metal1,228.7815,216.0030,3.299998
load_slew533,VDD,Metal1,294.3015,208.1630,3.299997
load_slew532,VDD,Metal1,217.5380,168.9630,3.299962
load_slew531,VDD,Metal1,179.4580,168.1565,3.299968
load_slew530,VDD,Metal1,141.3780,238.7165,3.299992
wire529,VDD,Metal1,180.0180,246.5565,3.299992
load_slew528,VDD,Metal1,274.1415,215.1965,3.299998
load_slew527,VDD,Metal1,146.9780,160.3165,3.299957
load_slew526,VDD,Metal1,264.5780,207.3565,3.299997
load_slew525,VDD,Metal1,284.7815,184.6430,3.299935
load_slew524,VDD,Metal1,189.5815,230.8765,3.299991
load_slew523,VDD,Metal1,260.7015,255.2030,3.299970
load_slew522,VDD,Metal1,269.6615,262.2365,3.299938
load_slew521,VDD,Metal1,180.5780,231.6830,3.299991
wire520,VDD,Metal1,121.7780,137.6030,3.299938
load_slew519,VDD,Metal1,135.7780,231.6830,3.299992
load_slew518,VDD,Metal1,156.5415,263.0430,3.299961
load_slew517,VDD,Metal1,74.1780,199.5165,3.299963
load_slew516,VDD,Metal1,276.8980,239.5230,3.299991
wire515,VDD,Metal1,290.9415,230.8765,3.299990
load_slew514,VDD,Metal1,141.3780,230.8765,3.299992
load_slew513,VDD,Metal1,204.0980,285.7565,3.299948
load_slew512,VDD,Metal1,222.0180,168.9630,3.299962
wire511,VDD,Metal1,293.7415,223.0365,3.299996
wire510,VDD,Metal1,82.5780,106.2430,3.299970
load_slew509,VDD,Metal1,82.5780,129.7630,3.299948
wire508,VDD,Metal1,219.7965,97.6100,3.299946
max_cap507,VDD,Metal1,216.2600,89.8585,3.299951
load_slew506,VDD,Metal1,241.7000,105.2710,3.299967
load_slew505,VDD,Metal1,257.3800,105.2710,3.299966
load_slew504,VDD,Metal1,254.5800,128.7910,3.299947
load_slew503,VDD,Metal1,234.3380,277.9165,3.299941
wire502,VDD,Metal1,187.1400,191.7785,3.299991
wire501,VDD,Metal1,288.3900,160.9925,3.299943
wire500,VDD,Metal1,111.9000,223.7410,3.299996
wire499,VDD,Metal1,63.5815,152.4765,3.299978
wire498,VDD,Metal1,139.5400,176.0985,3.299994
wire497,VDD,Metal1,245.2700,184.5125,3.299948
wire496,VDD,Metal1,266.8365,263.0300,3.299939
wire495,VDD,Metal1,246.1165,145.4300,3.299876
wire494,VDD,Metal1,269.0765,183.8500,3.299936
wire493,VDD,Metal1,219.7780,175.9965,3.299993
wire492,VDD,Metal1,258.9965,168.1700,3.299956
wire491,VDD,Metal1,253.2200,176.7010,3.299992
wire490,VDD,Metal1,175.8300,168.2875,3.299968
load_slew489,VDD,Metal1,190.6200,67.2090,3.299909
load_slew488,VDD,Metal1,155.3780,105.4365,3.299970
wire487,VDD,Metal1,121.2180,89.7565,3.299959
wire486,VDD,Metal1,166.0180,121.1165,3.299888
load_slew485,VDD,Metal1,37.2180,113.2765,3.299943
wire484,VDD,Metal1,127.3780,137.6030,3.299938
load_slew483,VDD,Metal1,113.8280,136.7320,3.299938
load_slew482,VDD,Metal1,178.9800,97.4310,3.299952
wire481,VDD,Metal1,276.4920,82.7880,3.299883
wire480,VDD,Metal1,297.9300,285.8875,3.299945
load_slew479,VDD,Metal1,304.3630,246.5700,3.299989
load_slew478,VDD,Metal1,279.5400,278.6210,3.299940
fanout477,VDD,Metal1,287.0900,277.9900,3.299940
wire476,VDD,Metal1,253.1100,184.5125,3.299936
fanout475,VDD,Metal1,267.3100,199.5900,3.299958
load_slew474,VDD,Metal1,238.2580,168.9630,3.299958
load_slew473,VDD,Metal1,208.5965,160.3300,3.299946
fanout472,VDD,Metal1,236.6900,168.2300,3.299958
wire471,VDD,Metal1,269.0580,216.0030,3.299998
wire470,VDD,Metal1,186.0200,199.6185,3.299960
output469,VDD,Metal1,323.4215,333.6030,3.299977
output468,VDD,Metal1,299.9015,333.6030,3.299977
output467,VDD,Metal1,17.0580,333.6030,3.299988
output466,VDD,Metal1,111.1380,333.6030,3.299987
output465,VDD,Metal1,280.8180,105.4365,3.299958
output464,VDD,Metal1,326.2215,43.5230,3.299997
output463,VDD,Metal1,290.9415,89.7565,3.299945
output462,VDD,Metal1,326.2215,42.7165,3.299997
output461,VDD,Metal1,290.8980,82.7230,3.299881
output460,VDD,Metal1,326.2215,35.6830,3.300000
output459,VDD,Metal1,326.2215,34.8765,3.300000
output458,VDD,Metal1,318.3815,50.5565,3.299981
output457,VDD,Metal1,326.2215,58.3965,3.299956
output456,VDD,Metal1,287.0215,82.7230,3.299882
output455,VDD,Metal1,289.8215,114.0830,3.299933
output454,VDD,Metal1,307.1815,74.0765,3.299935
output453,VDD,Metal1,326.2215,51.3630,3.299981
output452,VDD,Metal1,288.1415,90.5630,3.299945
output451,VDD,Metal1,323.9815,82.7230,3.299880
output450,VDD,Metal1,279.1815,106.2430,3.299958
output449,VDD,Metal1,303.7780,66.2365,3.299901
output448,VDD,Metal1,323.9815,74.8830,3.299935
output447,VDD,Metal1,326.2215,50.5565,3.299981
output446,VDD,Metal1,298.7815,82.7230,3.299881
output445,VDD,Metal1,279.1815,90.5630,3.299945
output444,VDD,Metal1,23.2180,89.7565,3.299962
output443,VDD,Metal1,9.7780,58.3965,3.299960
output442,VDD,Metal1,22.6580,82.7230,3.299898
output441,VDD,Metal1,9.7780,50.5565,3.299982
output440,VDD,Metal1,29.3780,89.7565,3.299961
output439,VDD,Metal1,14.2580,74.0765,3.299940
output438,VDD,Metal1,23.7780,81.9165,3.299898
output437,VDD,Metal1,9.7780,42.7165,3.299997
output436,VDD,Metal1,19.2980,105.4365,3.299971
output435,VDD,Metal1,33.8580,89.7565,3.299961
output434,VDD,Metal1,23.7780,105.4365,3.299971
output433,VDD,Metal1,9.7780,81.9165,3.299898
output432,VDD,Metal1,23.2180,97.5965,3.299955
output431,VDD,Metal1,9.7780,74.0765,3.299940
output430,VDD,Metal1,23.7780,98.4030,3.299955
output429,VDD,Metal1,31.6615,105.4365,3.299971
output428,VDD,Metal1,14.2580,89.7565,3.299962
output427,VDD,Metal1,18.7380,97.5965,3.299955
output426,VDD,Metal1,9.7780,67.0430,3.299915
output425,VDD,Metal1,18.7380,89.7565,3.299962
output424,VDD,Metal1,29.3780,81.9165,3.299896
output423,VDD,Metal1,309.3780,137.6030,3.299918
output422,VDD,Metal1,307.1815,144.6365,3.299875
output421,VDD,Metal1,326.2215,67.0430,3.299901
output420,VDD,Metal1,318.3815,98.4030,3.299940
output419,VDD,Metal1,304.3815,128.9565,3.299945
output418,VDD,Metal1,307.1815,105.4365,3.299957
output417,VDD,Metal1,304.3815,121.1165,3.299844
output416,VDD,Metal1,307.1815,97.5965,3.299940
output415,VDD,Metal1,326.2215,121.9230,3.299844
output414,VDD,Metal1,326.2215,59.2030,3.299956
output413,VDD,Metal1,326.2215,114.0830,3.299933
output412,VDD,Metal1,323.9815,129.7630,3.299945
output411,VDD,Metal1,307.1815,136.7965,3.299918
output410,VDD,Metal1,326.2215,113.2765,3.299933
output409,VDD,Metal1,326.2215,153.2830,3.299965
output408,VDD,Metal1,326.2215,106.2430,3.299957
output407,VDD,Metal1,315.5815,129.7630,3.299945
output406,VDD,Metal1,326.2215,98.4030,3.299940
output405,VDD,Metal1,307.1815,106.2430,3.299957
output404,VDD,Metal1,326.2215,90.5630,3.299945
output403,VDD,Metal1,307.1815,89.7565,3.299945
output402,VDD,Metal1,9.7780,98.4030,3.299955
output401,VDD,Metal1,9.7780,152.4765,3.299979
output400,VDD,Metal1,9.7780,89.7565,3.299962
output399,VDD,Metal1,29.3780,121.1165,3.299900
output398,VDD,Metal1,10.3380,105.4365,3.299971
output397,VDD,Metal1,22.6580,113.2765,3.299944
output396,VDD,Metal1,9.7780,82.7230,3.299898
output395,VDD,Metal1,14.8180,105.4365,3.299971
output394,VDD,Metal1,9.7780,136.7965,3.299941
output393,VDD,Metal1,29.3780,106.2430,3.299971
output392,VDD,Metal1,9.7780,144.6365,3.299896
output391,VDD,Metal1,9.7780,128.9565,3.299949
output390,VDD,Metal1,14.2580,128.9565,3.299949
output389,VDD,Metal1,23.7780,136.7965,3.299941
output388,VDD,Metal1,9.7780,121.1165,3.299902
output387,VDD,Metal1,18.7380,128.9565,3.299949
output386,VDD,Metal1,23.2180,128.9565,3.299949
output385,VDD,Metal1,9.7780,113.2765,3.299944
output384,VDD,Metal1,29.3780,128.9565,3.299949
output383,VDD,Metal1,22.6580,121.1165,3.299902
output382,VDD,Metal1,9.7780,97.5965,3.299955
output381,VDD,Metal1,326.2215,20.0030,3.300000
output380,VDD,Metal1,313.9015,42.7165,3.299997
output379,VDD,Metal1,317.2615,34.8765,3.300000
output378,VDD,Metal1,304.9415,50.5565,3.299981
output377,VDD,Metal1,296.5415,58.3965,3.299956
output376,VDD,Metal1,287.5815,67.0430,3.299901
output375,VDD,Metal1,326.2215,19.1965,3.300000
output374,VDD,Metal1,318.3815,27.8430,3.300000
output373,VDD,Metal1,321.7415,42.7165,3.299997
output372,VDD,Metal1,298.7815,50.5565,3.299981
output371,VDD,Metal1,290.3815,81.9165,3.299881
output370,VDD,Metal1,326.2215,27.8430,3.300000
output369,VDD,Metal1,313.9015,50.5565,3.299981
output368,VDD,Metal1,317.2615,43.5230,3.299997
output367,VDD,Metal1,288.0980,74.8830,3.299936
output366,VDD,Metal1,326.2215,27.0365,3.300000
output365,VDD,Metal1,318.3815,35.6830,3.300000
output364,VDD,Metal1,296.5415,59.2030,3.299956
output363,VDD,Metal1,309.4215,50.5565,3.299981
output362,VDD,Metal1,312.7815,43.5230,3.299997
output361,VDD,Metal1,321.7415,27.0365,3.300000
output360,VDD,Metal1,9.7780,27.8430,3.300000
output359,VDD,Metal1,18.7380,42.7165,3.299997
output358,VDD,Metal1,9.7780,27.0365,3.300000
output357,VDD,Metal1,29.9815,58.3965,3.299959
output356,VDD,Metal1,14.2580,35.6830,3.300000
output355,VDD,Metal1,23.2180,42.7165,3.299997
output354,VDD,Metal1,9.7780,20.0030,3.300000
output353,VDD,Metal1,14.2580,34.8765,3.300000
output352,VDD,Metal1,42.2580,90.5630,3.299961
output351,VDD,Metal1,33.8580,58.3965,3.299959
output350,VDD,Metal1,28.8180,74.8830,3.299939
output349,VDD,Metal1,9.7780,35.6830,3.300000
output348,VDD,Metal1,29.3780,74.0765,3.299939
output347,VDD,Metal1,33.2980,74.8830,3.299939
output346,VDD,Metal1,45.0580,89.7565,3.299961
output345,VDD,Metal1,9.7780,34.8765,3.300000
output344,VDD,Metal1,37.7780,74.8830,3.299938
output343,VDD,Metal1,29.3780,66.2365,3.299915
output342,VDD,Metal1,14.2580,42.7165,3.299997
output341,VDD,Metal1,42.2580,74.8830,3.299938
output340,VDD,Metal1,18.7380,35.6830,3.300000
output339,VDD,Metal1,307.7415,43.5230,3.299997
output338,VDD,Metal1,304.9415,42.7165,3.299997
output337,VDD,Metal1,313.9015,20.0030,3.300000
output336,VDD,Metal1,318.3815,20.0030,3.300000
output335,VDD,Metal1,298.7815,43.5230,3.299997
output334,VDD,Metal1,321.7415,19.1965,3.300000
output333,VDD,Metal1,308.3015,35.6830,3.300000
output332,VDD,Metal1,312.7815,27.8430,3.300000
output331,VDD,Metal1,303.2615,43.5230,3.299997
output330,VDD,Metal1,309.4215,42.7165,3.299997
output329,VDD,Metal1,312.7815,35.6830,3.300000
output328,VDD,Metal1,312.7815,27.0365,3.300000
output327,VDD,Metal1,312.7815,34.8765,3.300000
output326,VDD,Metal1,292.0615,58.3965,3.299956
output325,VDD,Metal1,317.2615,27.0365,3.300000
output324,VDD,Metal1,317.2615,19.1965,3.300000
output323,VDD,Metal1,18.7380,27.0365,3.300000
output322,VDD,Metal1,37.8215,51.3630,3.299982
output321,VDD,Metal1,14.2580,27.0365,3.300000
output320,VDD,Metal1,33.8580,50.5565,3.299982
output319,VDD,Metal1,18.7380,27.8430,3.300000
output318,VDD,Metal1,23.2180,34.8765,3.300000
output317,VDD,Metal1,31.0580,43.5230,3.299997
output316,VDD,Metal1,14.2580,19.1965,3.300000
output315,VDD,Metal1,29.3780,42.7165,3.299997
output314,VDD,Metal1,32.7380,51.3630,3.299982
output313,VDD,Metal1,9.7780,19.1965,3.300000
output312,VDD,Metal1,29.3780,50.5565,3.299982
output311,VDD,Metal1,14.2580,27.8430,3.300000
output310,VDD,Metal1,18.7380,34.8765,3.300000
output309,VDD,Metal1,23.2180,35.6830,3.300000
output308,VDD,Metal1,14.2580,20.0030,3.300000
output307,VDD,Metal1,134.6580,333.6030,3.299987
output306,VDD,Metal1,156.4980,333.6030,3.299987
input305,VDD,Metal1,323.1100,317.2475,3.299986
input304,VDD,Metal1,319.7700,309.4075,3.299987
input303,VDD,Metal1,318.6300,302.1125,3.299956
input302,VDD,Metal1,326.4700,317.2475,3.299986
input301,VDD,Metal1,16.2500,309.4075,3.299988
input300,VDD,Metal1,9.5300,309.9525,3.299988
input299,VDD,Metal1,12.8900,309.4075,3.299988
input298,VDD,Metal1,10.3815,302.2430,3.299959
input297,VDD,Metal1,323.1100,309.9525,3.299987
input296,VDD,Metal1,316.3900,301.5675,3.299957
input295,VDD,Metal1,326.4700,309.9525,3.299987
input294,VDD,Metal1,323.1100,309.4075,3.299987
input293,VDD,Metal1,19.6100,301.5675,3.299960
input292,VDD,Metal1,14.0100,302.1125,3.299959
input291,VDD,Metal1,9.5300,309.4075,3.299988
input290,VDD,Metal1,16.2500,301.5675,3.299959
input289,VDD,Metal1,87.3500,333.4725,3.299988
input288,VDD,Metal1,62.1700,333.4725,3.299988
input287,VDD,Metal1,40.3300,333.4725,3.299988
input286,VDD,Metal1,251.9900,333.4725,3.299979
input285,VDD,Metal1,276.0700,333.4725,3.299977
input284,VDD,Metal1,228.4700,333.4725,3.299979
input283,VDD,Metal1,181.4500,332.9275,3.299987
input282,VDD,Metal1,305.2100,215.3275,3.299998
input281,VDD,Metal1,308.5500,223.1675,3.299996
input280,VDD,Metal1,311.9100,231.5525,3.299990
input279,VDD,Metal1,308.5700,215.3275,3.299998
input278,VDD,Metal1,311.9100,200.1925,3.299957
input277,VDD,Metal1,308.5500,207.4875,3.299997
input276,VDD,Metal1,308.5700,200.1925,3.299957
input275,VDD,Metal1,323.1100,200.1925,3.299957
input274,VDD,Metal1,323.1100,247.2325,3.299989
input273,VDD,Metal1,323.1100,192.3525,3.299988
input272,VDD,Metal1,308.5700,238.8475,3.299990
input271,VDD,Metal1,305.1900,231.0075,3.299990
input270,VDD,Metal1,299.0300,223.1675,3.299996
input269,VDD,Metal1,318.6300,247.2325,3.299989
input268,VDD,Metal1,326.4700,247.2325,3.299989
input267,VDD,Metal1,311.9300,239.3925,3.299990
input266,VDD,Metal1,308.5500,231.5525,3.299990
input265,VDD,Metal1,293.4500,207.4875,3.299997
input264,VDD,Metal1,308.5500,231.0075,3.299990
input263,VDD,Metal1,300.1700,200.1925,3.299957
input262,VDD,Metal1,318.6500,215.8725,3.299998
input261,VDD,Metal1,24.0900,208.0325,3.299998
input260,VDD,Metal1,17.3700,215.3275,3.299998
input259,VDD,Metal1,20.7300,208.0325,3.299998
input258,VDD,Metal1,10.3815,192.4830,3.299993
input257,VDD,Metal1,27.9900,200.1925,3.299967
input256,VDD,Metal1,17.3700,208.0325,3.299998
input255,VDD,Metal1,24.6500,200.1925,3.299969
input254,VDD,Metal1,21.2900,200.1925,3.299970
input253,VDD,Metal1,17.3700,231.0075,3.299993
input252,VDD,Metal1,17.3700,207.4875,3.299998
input251,VDD,Metal1,24.0900,223.1675,3.299996
input250,VDD,Metal1,19.6100,223.7125,3.299996
input249,VDD,Metal1,14.0100,231.0075,3.299993
input248,VDD,Metal1,29.1300,215.3275,3.299998
input247,VDD,Metal1,20.7100,223.1675,3.299996
input246,VDD,Metal1,16.2500,223.7125,3.299996
input245,VDD,Metal1,17.3700,223.1675,3.299996
input244,VDD,Metal1,12.8700,223.7125,3.299996
input243,VDD,Metal1,27.4500,208.0325,3.299998
input242,VDD,Metal1,9.5300,223.7125,3.299996
input241,VDD,Metal1,24.6300,199.6475,3.299969
input240,VDD,Metal1,303.5100,200.1925,3.299957
input239,VDD,Metal1,325.6180,184.6430,3.299934
input238,VDD,Metal1,286.7100,192.3525,3.299988
input237,VDD,Metal1,292.3100,168.8325,3.299953
input236,VDD,Metal1,294.0100,192.3525,3.299988
input235,VDD,Metal1,289.5100,191.8075,3.299988
input234,VDD,Metal1,286.7100,160.4475,3.299943
input233,VDD,Metal1,296.2300,144.7675,3.299875
input232,VDD,Metal1,326.4700,192.3525,3.299988
input231,VDD,Metal1,285.0300,160.9925,3.299943
input230,VDD,Metal1,326.4700,200.1925,3.299957
input229,VDD,Metal1,326.4700,176.1275,3.299992
input228,VDD,Metal1,318.6300,184.5125,3.299934
input227,VDD,Metal1,318.6500,192.3525,3.299988
input226,VDD,Metal1,296.7900,200.1925,3.299957
input225,VDD,Metal1,315.2700,192.3525,3.299988
input224,VDD,Metal1,308.5500,199.6475,3.299957
input223,VDD,Metal1,299.0500,183.9675,3.299934
input222,VDD,Metal1,305.1900,199.6475,3.299957
input221,VDD,Metal1,292.8700,191.8075,3.299988
input220,VDD,Metal1,290.6500,192.3525,3.299988
input219,VDD,Metal1,16.2500,168.8325,3.299972
input218,VDD,Metal1,12.8900,168.2875,3.299972
input217,VDD,Metal1,19.6100,168.8325,3.299973
input216,VDD,Metal1,16.2500,168.2875,3.299972
input215,VDD,Metal1,22.9700,168.8325,3.299973
input214,VDD,Metal1,19.6100,168.2875,3.299973
input213,VDD,Metal1,9.5300,153.1525,3.299979
input212,VDD,Metal1,26.3300,168.8325,3.299972
input211,VDD,Metal1,17.3700,184.5125,3.299962
input210,VDD,Metal1,22.9700,168.2875,3.299973
input209,VDD,Metal1,9.5300,176.6725,3.299995
input208,VDD,Metal1,21.2900,191.8075,3.299993
input207,VDD,Metal1,20.7300,184.5125,3.299962
input206,VDD,Metal1,24.6500,191.8075,3.299993
input205,VDD,Metal1,9.5300,176.1275,3.299995
input204,VDD,Metal1,24.0900,184.5125,3.299961
input203,VDD,Metal1,9.5300,168.8325,3.299972
input202,VDD,Metal1,24.0900,183.9675,3.299961
input201,VDD,Metal1,12.8900,168.8325,3.299972
input200,VDD,Metal1,9.5300,168.2875,3.299972
input199,VDD,Metal1,29.1300,168.2875,3.299971
input198,VDD,Metal1,292.3100,98.2725,3.299940
input197,VDD,Metal1,274.9700,106.1125,3.299958
input196,VDD,Metal1,264.3300,152.6075,3.299973
input195,VDD,Metal1,285.6100,105.5675,3.299957
input194,VDD,Metal1,267.1300,137.4725,3.299923
input193,VDD,Metal1,310.2300,66.9125,3.299901
input192,VDD,Metal1,299.0300,89.8875,3.299945
input191,VDD,Metal1,278.3100,144.7675,3.299876
input190,VDD,Metal1,284.4700,153.1525,3.299965
input189,VDD,Metal1,283.9100,137.4725,3.299919
input188,VDD,Metal1,283.3700,160.4475,3.299943
input187,VDD,Metal1,279.4500,145.3125,3.299876
input186,VDD,Metal1,321.9900,113.4075,3.299933
input185,VDD,Metal1,279.4500,153.1525,3.299965
input184,VDD,Metal1,273.2900,160.4475,3.299943
input183,VDD,Metal1,286.1700,191.8075,3.299988
input182,VDD,Metal1,283.9100,129.6325,3.299945
input181,VDD,Metal1,293.4300,113.9525,3.299933
input180,VDD,Metal1,296.8100,136.9275,3.299918
input179,VDD,Metal1,283.9100,90.4325,3.299945
input178,VDD,Metal1,278.3300,137.4725,3.299923
input177,VDD,Metal1,40.3100,160.4475,3.299967
input176,VDD,Metal1,31.9300,145.3125,3.299891
input175,VDD,Metal1,43.6900,160.4475,3.299966
input174,VDD,Metal1,29.6900,129.6325,3.299949
input173,VDD,Metal1,35.2900,145.3125,3.299887
input172,VDD,Metal1,24.6500,144.7675,3.299896
input171,VDD,Metal1,31.9300,144.7675,3.299891
input170,VDD,Metal1,57.1300,129.6325,3.299948
input169,VDD,Metal1,32.4900,168.2875,3.299971
input168,VDD,Metal1,29.1300,113.4075,3.299943
input167,VDD,Metal1,21.2700,153.1525,3.299979
input166,VDD,Metal1,20.1500,152.6075,3.299979
input165,VDD,Metal1,35.8500,168.2875,3.299971
input164,VDD,Metal1,57.1300,137.4725,3.299940
input163,VDD,Metal1,33.6100,160.9925,3.299971
input162,VDD,Metal1,36.9700,160.9925,3.299969
input161,VDD,Metal1,33.6100,160.4475,3.299971
input160,VDD,Metal1,40.3300,160.9925,3.299967
input159,VDD,Metal1,36.9500,160.4475,3.299969
input158,VDD,Metal1,28.5700,145.3125,3.299893
input157,VDD,Metal1,48.7300,145.3125,3.299886
input156,VDD,Metal1,319.7500,301.5675,3.299956
input155,VDD,Metal1,318.6300,294.2725,3.299964
input154,VDD,Metal1,19.6100,294.2725,3.299967
input153,VDD,Metal1,12.8900,301.5675,3.299959
input152,VDD,Metal1,318.6300,293.7275,3.299964
input151,VDD,Metal1,12.8900,294.2725,3.299966
input150,VDD,Metal1,326.4700,309.4075,3.299987
input149,VDD,Metal1,16.2500,294.2725,3.299967
input148,VDD,Metal1,259.8300,129.6325,3.299947
input147,VDD,Metal1,263.7500,137.4725,3.299923
input146,VDD,Metal1,255.3500,129.6325,3.299947
input145,VDD,Metal1,325.6180,137.6030,3.299918
input144,VDD,Metal1,264.3300,144.7675,3.299876
input143,VDD,Metal1,325.6180,145.4430,3.299875
input142,VDD,Metal1,249.1900,129.0875,3.299947
input141,VDD,Metal1,279.4500,74.7525,3.299936
input140,VDD,Metal1,42.5500,137.4725,3.299940
input139,VDD,Metal1,43.1300,121.2475,3.299900
input138,VDD,Metal1,52.0900,145.3125,3.299886
input137,VDD,Metal1,33.5900,106.1125,3.299971
input136,VDD,Metal1,34.1700,129.0875,3.299948
input135,VDD,Metal1,37.5100,129.0875,3.299948
input134,VDD,Metal1,60.4900,144.7675,3.299882
input133,VDD,Metal1,10.3815,137.6030,3.299941
input132,VDD,Metal1,315.2700,293.7275,3.299964
input131,VDD,Metal1,19.6100,293.7275,3.299967
input130,VDD,Metal1,318.6300,262.9125,3.299937
input129,VDD,Metal1,326.4700,285.8875,3.299945
input128,VDD,Metal1,315.2700,262.3675,3.299937
input127,VDD,Metal1,325.6180,254.3965,3.299965
input126,VDD,Metal1,323.1100,270.7525,3.299959
input125,VDD,Metal1,311.9100,255.0725,3.299966
input124,VDD,Metal1,311.9100,254.5275,3.299966
input123,VDD,Metal1,321.9900,262.3675,3.299937
input122,VDD,Metal1,315.2700,270.7525,3.299959
input121,VDD,Metal1,326.4700,270.7525,3.299959
input120,VDD,Metal1,313.0300,270.2075,3.299959
input119,VDD,Metal1,318.6300,270.7525,3.299959
input118,VDD,Metal1,311.9100,262.9125,3.299938
input117,VDD,Metal1,316.3900,270.2075,3.299959
input116,VDD,Metal1,315.2700,262.9125,3.299937
input115,VDD,Metal1,323.1100,285.8875,3.299945
input114,VDD,Metal1,325.6180,262.2365,3.299937
input113,VDD,Metal1,311.9100,262.3675,3.299938
input112,VDD,Metal1,319.7500,270.2075,3.299959
input111,VDD,Metal1,308.5500,255.0725,3.299966
input110,VDD,Metal1,318.6300,255.0725,3.299965
input109,VDD,Metal1,10.3815,247.3630,3.299993
input108,VDD,Metal1,12.8900,262.9125,3.299966
input107,VDD,Metal1,10.3815,254.3965,3.299977
input106,VDD,Metal1,24.0900,254.5275,3.299977
input105,VDD,Metal1,16.2500,262.3675,3.299966
input104,VDD,Metal1,27.4500,247.2325,3.299993
input103,VDD,Metal1,19.5900,255.0725,3.299977
input102,VDD,Metal1,29.1300,246.6875,3.299993
input101,VDD,Metal1,9.5300,278.0475,3.299948
input100,VDD,Metal1,9.5300,262.9125,3.299966
input99,VDD,Metal1,12.8900,270.7525,3.299966
input98,VDD,Metal1,16.2500,270.2075,3.299966
input97,VDD,Metal1,19.6100,262.9125,3.299966
input96,VDD,Metal1,22.9700,262.3675,3.299966
input95,VDD,Metal1,9.5300,270.7525,3.299966
input94,VDD,Metal1,12.8900,270.2075,3.299966
input93,VDD,Metal1,16.2500,262.9125,3.299966
input92,VDD,Metal1,19.6100,262.3675,3.299966
input91,VDD,Metal1,22.9700,255.0725,3.299977
input90,VDD,Metal1,9.5300,270.2075,3.299966
input89,VDD,Metal1,20.7100,254.5275,3.299977
input88,VDD,Metal1,321.9900,293.7275,3.299964
input87,VDD,Metal1,311.9100,278.0475,3.299939
input86,VDD,Metal1,319.7500,285.8875,3.299945
input85,VDD,Metal1,318.6300,278.5925,3.299939
input84,VDD,Metal1,326.4700,294.2725,3.299964
input83,VDD,Metal1,315.2700,278.0475,3.299939
input82,VDD,Metal1,323.1100,286.4325,3.299945
input81,VDD,Metal1,311.9100,270.7525,3.299959
input80,VDD,Metal1,325.6180,293.5965,3.299964
input79,VDD,Metal1,309.6700,270.2075,3.299960
input78,VDD,Metal1,326.4700,302.1125,3.299956
input77,VDD,Metal1,315.2900,286.4325,3.299945
input76,VDD,Metal1,323.1100,301.5675,3.299956
input75,VDD,Metal1,313.0300,285.8875,3.299945
input74,VDD,Metal1,323.1100,294.2725,3.299964
input73,VDD,Metal1,318.6300,286.4325,3.299945
input72,VDD,Metal1,326.4700,301.5675,3.299956
input71,VDD,Metal1,316.3900,285.8875,3.299945
input70,VDD,Metal1,325.6180,278.7230,3.299939
input69,VDD,Metal1,315.2900,278.5925,3.299939
input68,VDD,Metal1,326.4700,286.4325,3.299945
input67,VDD,Metal1,9.5300,286.4325,3.299956
input66,VDD,Metal1,16.2300,278.5925,3.299948
input65,VDD,Metal1,19.6100,278.0475,3.299948
input64,VDD,Metal1,12.8900,278.5925,3.299948
input63,VDD,Metal1,16.2500,278.0475,3.299948
input62,VDD,Metal1,19.5900,270.7525,3.299966
input61,VDD,Metal1,9.5300,278.5925,3.299948
input60,VDD,Metal1,12.8900,278.0475,3.299948
input59,VDD,Metal1,16.2500,293.7275,3.299967
input58,VDD,Metal1,16.2500,270.7525,3.299966
input57,VDD,Metal1,19.6100,286.4325,3.299956
input56,VDD,Metal1,9.5300,294.2725,3.299966
input55,VDD,Metal1,12.8700,293.7275,3.299966
input54,VDD,Metal1,16.2500,286.4325,3.299956
input53,VDD,Metal1,10.3815,285.7565,3.299956
input52,VDD,Metal1,17.3700,285.8875,3.299956
input51,VDD,Metal1,9.5300,293.7275,3.299966
input50,VDD,Metal1,12.8900,286.4325,3.299956
input49,VDD,Metal1,19.5900,278.5925,3.299948
input48,VDD,Metal1,13.9900,285.8875,3.299956
input47,VDD,Metal1,19.6100,270.2075,3.299966
input46,VDD,Metal1,315.2700,247.2325,3.299989
input45,VDD,Metal1,326.4700,255.0725,3.299965
input44,VDD,Metal1,305.1900,238.8475,3.299990
input43,VDD,Metal1,323.1100,255.0725,3.299965
input42,VDD,Metal1,299.0500,231.0075,3.299990
input41,VDD,Metal1,318.6300,254.5275,3.299965
input40,VDD,Metal1,326.4700,262.9125,3.299937
input39,VDD,Metal1,315.2700,239.3925,3.299990
input38,VDD,Metal1,323.1100,270.2075,3.299959
input37,VDD,Metal1,308.5500,246.6875,3.299989
input36,VDD,Metal1,315.2900,254.5275,3.299965
input35,VDD,Metal1,299.0300,246.6875,3.299989
input34,VDD,Metal1,323.1100,262.9125,3.299937
input33,VDD,Metal1,318.6300,262.3675,3.299937
input32,VDD,Metal1,325.6180,239.5230,3.299990
input31,VDD,Metal1,325.6180,231.6830,3.299990
input30,VDD,Metal1,326.4700,270.2075,3.299959
input29,VDD,Metal1,315.2900,255.0725,3.299965
input28,VDD,Metal1,308.5700,254.5275,3.299966
input27,VDD,Metal1,321.9900,254.5275,3.299965
input26,VDD,Metal1,305.2100,231.5525,3.299990
input25,VDD,Metal1,20.7300,239.3925,3.299993
input24,VDD,Metal1,21.2700,238.8475,3.299993
input23,VDD,Metal1,17.3500,239.3925,3.299993
input22,VDD,Metal1,10.3815,230.8765,3.299993
input21,VDD,Metal1,29.6900,223.7125,3.299996
input20,VDD,Metal1,24.0900,231.0075,3.299993
input19,VDD,Metal1,26.3300,223.7125,3.299996
input18,VDD,Metal1,29.1100,223.1675,3.299996
input17,VDD,Metal1,12.8900,262.3675,3.299966
input16,VDD,Metal1,17.3700,231.5525,3.299993
input15,VDD,Metal1,24.0700,247.2325,3.299993
input14,VDD,Metal1,16.2500,255.0725,3.299977
input13,VDD,Metal1,31.3700,239.3925,3.299993
input12,VDD,Metal1,17.3500,254.5275,3.299977
input11,VDD,Metal1,9.5300,262.3675,3.299966
input10,VDD,Metal1,20.7100,247.2325,3.299993
input9,VDD,Metal1,12.8900,255.0725,3.299977
input8,VDD,Metal1,14.0100,254.5275,3.299977
input7,VDD,Metal1,9.5300,255.0725,3.299977
input6,VDD,Metal1,24.6300,238.8475,3.299993
input5,VDD,Metal1,20.7300,231.0075,3.299993
input4,VDD,Metal1,323.1100,302.1125,3.299956
input3,VDD,Metal1,9.5300,301.5675,3.299959
input2,VDD,Metal1,318.6300,239.3925,3.299990
input1,VDD,Metal1,22.9500,223.7125,3.299996
TAP_TAPCELL_ROW_81_835,VDD,Metal1,311.9200,333.8700,3.299977
TAP_TAPCELL_ROW_81_834,VDD,Metal1,292.8800,333.8700,3.299977
TAP_TAPCELL_ROW_81_833,VDD,Metal1,273.8400,333.8700,3.299977
TAP_TAPCELL_ROW_81_832,VDD,Metal1,254.8000,333.8700,3.299978
TAP_TAPCELL_ROW_81_831,VDD,Metal1,235.7600,333.8700,3.299979
TAP_TAPCELL_ROW_81_830,VDD,Metal1,216.7200,333.8700,3.299979
TAP_TAPCELL_ROW_81_829,VDD,Metal1,197.6800,333.8700,3.299979
TAP_TAPCELL_ROW_81_828,VDD,Metal1,178.6400,333.8700,3.299987
TAP_TAPCELL_ROW_81_827,VDD,Metal1,159.6000,333.8700,3.299987
TAP_TAPCELL_ROW_81_826,VDD,Metal1,140.5600,333.8700,3.299987
TAP_TAPCELL_ROW_81_825,VDD,Metal1,121.5200,333.8700,3.299987
TAP_TAPCELL_ROW_81_824,VDD,Metal1,102.4800,333.8700,3.299988
TAP_TAPCELL_ROW_81_823,VDD,Metal1,83.4400,333.8700,3.299988
TAP_TAPCELL_ROW_81_822,VDD,Metal1,64.4000,333.8700,3.299988
TAP_TAPCELL_ROW_81_821,VDD,Metal1,45.3600,333.8700,3.299988
TAP_TAPCELL_ROW_81_820,VDD,Metal1,26.3200,333.8700,3.299988
TAP_TAPCELL_ROW_80_819,VDD,Metal1,301.2800,332.5300,3.299977
TAP_TAPCELL_ROW_80_818,VDD,Metal1,262.0800,332.5300,3.299978
TAP_TAPCELL_ROW_80_817,VDD,Metal1,222.8800,332.5300,3.299979
TAP_TAPCELL_ROW_80_816,VDD,Metal1,183.6800,332.5300,3.299985
TAP_TAPCELL_ROW_80_815,VDD,Metal1,144.4800,332.5300,3.299987
TAP_TAPCELL_ROW_80_814,VDD,Metal1,105.2800,332.5300,3.299987
TAP_TAPCELL_ROW_80_813,VDD,Metal1,66.0800,332.5300,3.299988
TAP_TAPCELL_ROW_80_812,VDD,Metal1,26.8800,332.5300,3.299988
TAP_TAPCELL_ROW_79_811,VDD,Metal1,320.8800,326.0300,3.299982
TAP_TAPCELL_ROW_79_810,VDD,Metal1,281.6800,326.0300,3.299982
TAP_TAPCELL_ROW_79_809,VDD,Metal1,242.4800,326.0300,3.299984
TAP_TAPCELL_ROW_79_808,VDD,Metal1,203.2800,326.0300,3.299985
TAP_TAPCELL_ROW_79_807,VDD,Metal1,164.0800,326.0300,3.299985
TAP_TAPCELL_ROW_79_806,VDD,Metal1,124.8800,326.0300,3.299985
TAP_TAPCELL_ROW_79_805,VDD,Metal1,85.6800,326.0300,3.299985
TAP_TAPCELL_ROW_79_804,VDD,Metal1,46.4800,326.0300,3.299985
TAP_TAPCELL_ROW_78_803,VDD,Metal1,301.2800,324.6900,3.299982
TAP_TAPCELL_ROW_78_802,VDD,Metal1,262.0800,324.6900,3.299982
TAP_TAPCELL_ROW_78_801,VDD,Metal1,222.8800,324.6900,3.299985
TAP_TAPCELL_ROW_78_800,VDD,Metal1,183.6800,324.6900,3.299985
TAP_TAPCELL_ROW_78_799,VDD,Metal1,144.4800,324.6900,3.299985
TAP_TAPCELL_ROW_78_798,VDD,Metal1,105.2800,324.6900,3.299985
TAP_TAPCELL_ROW_78_797,VDD,Metal1,66.0800,324.6900,3.299985
TAP_TAPCELL_ROW_78_796,VDD,Metal1,26.8800,324.6900,3.299985
TAP_TAPCELL_ROW_77_795,VDD,Metal1,320.8800,318.1900,3.299986
TAP_TAPCELL_ROW_77_794,VDD,Metal1,281.6800,318.1900,3.299986
TAP_TAPCELL_ROW_77_793,VDD,Metal1,242.4800,318.1900,3.299986
TAP_TAPCELL_ROW_77_792,VDD,Metal1,203.2800,318.1900,3.299987
TAP_TAPCELL_ROW_77_791,VDD,Metal1,164.0800,318.1900,3.299987
TAP_TAPCELL_ROW_77_790,VDD,Metal1,124.8800,318.1900,3.299987
TAP_TAPCELL_ROW_77_789,VDD,Metal1,85.6800,318.1900,3.299987
TAP_TAPCELL_ROW_77_788,VDD,Metal1,46.4800,318.1900,3.299987
TAP_TAPCELL_ROW_76_787,VDD,Metal1,301.2800,316.8500,3.299986
TAP_TAPCELL_ROW_76_786,VDD,Metal1,262.0800,316.8500,3.299986
TAP_TAPCELL_ROW_76_785,VDD,Metal1,222.8800,316.8500,3.299987
TAP_TAPCELL_ROW_76_784,VDD,Metal1,183.6800,316.8500,3.299987
TAP_TAPCELL_ROW_76_783,VDD,Metal1,144.4800,316.8500,3.299987
TAP_TAPCELL_ROW_76_782,VDD,Metal1,105.2800,316.8500,3.299987
TAP_TAPCELL_ROW_76_781,VDD,Metal1,66.0800,316.8500,3.299987
TAP_TAPCELL_ROW_76_780,VDD,Metal1,26.8800,316.8500,3.299987
TAP_TAPCELL_ROW_75_779,VDD,Metal1,320.8800,310.3500,3.299987
TAP_TAPCELL_ROW_75_778,VDD,Metal1,281.6800,310.3500,3.299987
TAP_TAPCELL_ROW_75_777,VDD,Metal1,242.4800,310.3500,3.299988
TAP_TAPCELL_ROW_75_776,VDD,Metal1,203.2800,310.3500,3.299988
TAP_TAPCELL_ROW_75_775,VDD,Metal1,164.0800,310.3500,3.299988
TAP_TAPCELL_ROW_75_774,VDD,Metal1,124.8800,310.3500,3.299988
TAP_TAPCELL_ROW_75_773,VDD,Metal1,85.6800,310.3500,3.299988
TAP_TAPCELL_ROW_75_772,VDD,Metal1,46.4800,310.3500,3.299988
TAP_TAPCELL_ROW_74_771,VDD,Metal1,301.2800,309.0100,3.299987
TAP_TAPCELL_ROW_74_770,VDD,Metal1,262.0800,309.0100,3.299988
TAP_TAPCELL_ROW_74_769,VDD,Metal1,222.8800,309.0100,3.299988
TAP_TAPCELL_ROW_74_768,VDD,Metal1,183.6800,309.0100,3.299988
TAP_TAPCELL_ROW_74_767,VDD,Metal1,144.4800,309.0100,3.299988
TAP_TAPCELL_ROW_74_766,VDD,Metal1,105.2800,309.0100,3.299988
TAP_TAPCELL_ROW_74_765,VDD,Metal1,66.0800,309.0100,3.299988
TAP_TAPCELL_ROW_74_764,VDD,Metal1,26.8800,309.0100,3.299988
TAP_TAPCELL_ROW_73_763,VDD,Metal1,320.8800,302.5100,3.299956
TAP_TAPCELL_ROW_73_762,VDD,Metal1,281.6800,302.5100,3.299957
TAP_TAPCELL_ROW_73_761,VDD,Metal1,242.4800,302.5100,3.299957
TAP_TAPCELL_ROW_73_760,VDD,Metal1,203.2800,302.5100,3.299959
TAP_TAPCELL_ROW_73_759,VDD,Metal1,164.0800,302.5100,3.299959
TAP_TAPCELL_ROW_73_758,VDD,Metal1,124.8800,302.5100,3.299959
TAP_TAPCELL_ROW_73_757,VDD,Metal1,85.6800,302.5100,3.299959
TAP_TAPCELL_ROW_73_756,VDD,Metal1,46.4800,302.5100,3.299959
TAP_TAPCELL_ROW_72_755,VDD,Metal1,301.2800,301.1700,3.299957
TAP_TAPCELL_ROW_72_754,VDD,Metal1,262.0800,301.1700,3.299957
TAP_TAPCELL_ROW_72_753,VDD,Metal1,222.8800,301.1700,3.299957
TAP_TAPCELL_ROW_72_752,VDD,Metal1,183.6800,301.1700,3.299959
TAP_TAPCELL_ROW_72_751,VDD,Metal1,144.4800,301.1700,3.299959
TAP_TAPCELL_ROW_72_750,VDD,Metal1,105.2800,301.1700,3.299959
TAP_TAPCELL_ROW_72_749,VDD,Metal1,66.0800,301.1700,3.299959
TAP_TAPCELL_ROW_72_748,VDD,Metal1,26.8800,301.1700,3.299960
TAP_TAPCELL_ROW_71_747,VDD,Metal1,320.8800,294.6700,3.299964
TAP_TAPCELL_ROW_71_746,VDD,Metal1,281.6800,294.6700,3.299964
TAP_TAPCELL_ROW_71_745,VDD,Metal1,242.4800,294.6700,3.299966
TAP_TAPCELL_ROW_71_744,VDD,Metal1,203.2800,294.6700,3.299966
TAP_TAPCELL_ROW_71_743,VDD,Metal1,164.0800,294.6700,3.299967
TAP_TAPCELL_ROW_71_742,VDD,Metal1,124.8800,294.6700,3.299967
TAP_TAPCELL_ROW_71_741,VDD,Metal1,85.6800,294.6700,3.299967
TAP_TAPCELL_ROW_71_740,VDD,Metal1,46.4800,294.6700,3.299967
TAP_TAPCELL_ROW_70_739,VDD,Metal1,301.2800,293.3300,3.299964
TAP_TAPCELL_ROW_70_738,VDD,Metal1,262.0800,293.3300,3.299964
TAP_TAPCELL_ROW_70_737,VDD,Metal1,222.8800,293.3300,3.299966
TAP_TAPCELL_ROW_70_736,VDD,Metal1,183.6800,293.3300,3.299967
TAP_TAPCELL_ROW_70_735,VDD,Metal1,144.4800,293.3300,3.299967
TAP_TAPCELL_ROW_70_734,VDD,Metal1,105.2800,293.3300,3.299967
TAP_TAPCELL_ROW_70_733,VDD,Metal1,66.0800,293.3300,3.299967
TAP_TAPCELL_ROW_70_732,VDD,Metal1,26.8800,293.3300,3.299967
TAP_TAPCELL_ROW_69_731,VDD,Metal1,320.8800,286.8300,3.299945
TAP_TAPCELL_ROW_69_730,VDD,Metal1,281.6800,286.8300,3.299945
TAP_TAPCELL_ROW_69_729,VDD,Metal1,242.4800,286.8300,3.299946
TAP_TAPCELL_ROW_69_728,VDD,Metal1,203.2800,286.8300,3.299948
TAP_TAPCELL_ROW_69_727,VDD,Metal1,164.0800,286.8300,3.299955
TAP_TAPCELL_ROW_69_726,VDD,Metal1,124.8800,286.8300,3.299955
TAP_TAPCELL_ROW_69_725,VDD,Metal1,85.6800,286.8300,3.299956
TAP_TAPCELL_ROW_69_724,VDD,Metal1,46.4800,286.8300,3.299956
TAP_TAPCELL_ROW_68_723,VDD,Metal1,301.2800,285.4900,3.299945
TAP_TAPCELL_ROW_68_722,VDD,Metal1,262.0800,285.4900,3.299945
TAP_TAPCELL_ROW_68_721,VDD,Metal1,222.8800,285.4900,3.299946
TAP_TAPCELL_ROW_68_720,VDD,Metal1,183.6800,285.4900,3.299952
TAP_TAPCELL_ROW_68_719,VDD,Metal1,144.4800,285.4900,3.299955
TAP_TAPCELL_ROW_68_718,VDD,Metal1,105.2800,285.4900,3.299955
TAP_TAPCELL_ROW_68_717,VDD,Metal1,66.0800,285.4900,3.299956
TAP_TAPCELL_ROW_68_716,VDD,Metal1,26.8800,285.4900,3.299956
TAP_TAPCELL_ROW_67_715,VDD,Metal1,320.8800,278.9900,3.299939
TAP_TAPCELL_ROW_67_714,VDD,Metal1,281.6800,278.9900,3.299940
TAP_TAPCELL_ROW_67_713,VDD,Metal1,242.4800,278.9900,3.299940
TAP_TAPCELL_ROW_67_712,VDD,Metal1,203.2800,278.9900,3.299941
TAP_TAPCELL_ROW_67_711,VDD,Metal1,164.0800,278.9900,3.299942
TAP_TAPCELL_ROW_67_710,VDD,Metal1,124.8800,278.9900,3.299941
TAP_TAPCELL_ROW_67_709,VDD,Metal1,85.6800,278.9900,3.299948
TAP_TAPCELL_ROW_67_708,VDD,Metal1,46.4800,278.9900,3.299948
TAP_TAPCELL_ROW_66_707,VDD,Metal1,301.2800,277.6500,3.299939
TAP_TAPCELL_ROW_66_706,VDD,Metal1,262.0800,277.6500,3.299940
TAP_TAPCELL_ROW_66_705,VDD,Metal1,222.8800,277.6500,3.299941
TAP_TAPCELL_ROW_66_704,VDD,Metal1,183.6800,277.6500,3.299942
TAP_TAPCELL_ROW_66_703,VDD,Metal1,144.4800,277.6500,3.299942
TAP_TAPCELL_ROW_66_702,VDD,Metal1,105.2800,277.6500,3.299942
TAP_TAPCELL_ROW_66_701,VDD,Metal1,66.0800,277.6500,3.299948
TAP_TAPCELL_ROW_66_700,VDD,Metal1,26.8800,277.6500,3.299948
TAP_TAPCELL_ROW_65_699,VDD,Metal1,320.8800,271.1500,3.299959
TAP_TAPCELL_ROW_65_698,VDD,Metal1,281.6800,271.1500,3.299960
TAP_TAPCELL_ROW_65_697,VDD,Metal1,242.4800,271.1500,3.299960
TAP_TAPCELL_ROW_65_696,VDD,Metal1,203.2800,271.1500,3.299961
TAP_TAPCELL_ROW_65_695,VDD,Metal1,164.0800,271.1500,3.299963
TAP_TAPCELL_ROW_65_694,VDD,Metal1,124.8800,271.1500,3.299963
TAP_TAPCELL_ROW_65_693,VDD,Metal1,85.6800,271.1500,3.299966
TAP_TAPCELL_ROW_65_692,VDD,Metal1,46.4800,271.1500,3.299966
TAP_TAPCELL_ROW_64_691,VDD,Metal1,301.2800,269.8100,3.299960
TAP_TAPCELL_ROW_64_690,VDD,Metal1,262.0800,269.8100,3.299960
TAP_TAPCELL_ROW_64_689,VDD,Metal1,222.8800,269.8100,3.299960
TAP_TAPCELL_ROW_64_688,VDD,Metal1,183.6800,269.8100,3.299962
TAP_TAPCELL_ROW_64_687,VDD,Metal1,144.4800,269.8100,3.299963
TAP_TAPCELL_ROW_64_686,VDD,Metal1,105.2800,269.8100,3.299963
TAP_TAPCELL_ROW_64_685,VDD,Metal1,66.0800,269.8100,3.299966
TAP_TAPCELL_ROW_64_684,VDD,Metal1,26.8800,269.8100,3.299966
TAP_TAPCELL_ROW_63_683,VDD,Metal1,320.8800,263.3100,3.299937
TAP_TAPCELL_ROW_63_682,VDD,Metal1,281.6800,263.3100,3.299938
TAP_TAPCELL_ROW_63_681,VDD,Metal1,242.4800,263.3100,3.299950
TAP_TAPCELL_ROW_63_680,VDD,Metal1,203.2800,263.3100,3.299960
TAP_TAPCELL_ROW_63_679,VDD,Metal1,164.0800,263.3100,3.299961
TAP_TAPCELL_ROW_63_678,VDD,Metal1,124.8800,263.3100,3.299963
TAP_TAPCELL_ROW_63_677,VDD,Metal1,85.6800,263.3100,3.299964
TAP_TAPCELL_ROW_63_676,VDD,Metal1,46.4800,263.3100,3.299964
TAP_TAPCELL_ROW_62_675,VDD,Metal1,301.2800,261.9700,3.299938
TAP_TAPCELL_ROW_62_674,VDD,Metal1,262.0800,261.9700,3.299939
TAP_TAPCELL_ROW_62_673,VDD,Metal1,222.8800,261.9700,3.299952
TAP_TAPCELL_ROW_62_672,VDD,Metal1,183.6800,261.9700,3.299961
TAP_TAPCELL_ROW_62_671,VDD,Metal1,144.4800,261.9700,3.299963
TAP_TAPCELL_ROW_62_670,VDD,Metal1,105.2800,261.9700,3.299964
TAP_TAPCELL_ROW_62_669,VDD,Metal1,66.0800,261.9700,3.299964
TAP_TAPCELL_ROW_62_668,VDD,Metal1,26.8800,261.9700,3.299964
TAP_TAPCELL_ROW_61_667,VDD,Metal1,320.8800,255.4700,3.299965
TAP_TAPCELL_ROW_61_666,VDD,Metal1,281.6800,255.4700,3.299967
TAP_TAPCELL_ROW_61_665,VDD,Metal1,242.4800,255.4700,3.299972
TAP_TAPCELL_ROW_61_664,VDD,Metal1,203.2800,255.4700,3.299972
TAP_TAPCELL_ROW_61_663,VDD,Metal1,164.0800,255.4700,3.299974
TAP_TAPCELL_ROW_61_662,VDD,Metal1,124.8800,255.4700,3.299975
TAP_TAPCELL_ROW_61_661,VDD,Metal1,85.6800,255.4700,3.299976
TAP_TAPCELL_ROW_61_660,VDD,Metal1,46.4800,255.4700,3.299976
TAP_TAPCELL_ROW_60_659,VDD,Metal1,301.2800,254.1300,3.299967
TAP_TAPCELL_ROW_60_658,VDD,Metal1,262.0800,254.1300,3.299970
TAP_TAPCELL_ROW_60_657,VDD,Metal1,222.8800,254.1300,3.299972
TAP_TAPCELL_ROW_60_656,VDD,Metal1,183.6800,254.1300,3.299973
TAP_TAPCELL_ROW_60_655,VDD,Metal1,144.4800,254.1300,3.299974
TAP_TAPCELL_ROW_60_654,VDD,Metal1,105.2800,254.1300,3.299975
TAP_TAPCELL_ROW_60_653,VDD,Metal1,66.0800,254.1300,3.299976
TAP_TAPCELL_ROW_60_652,VDD,Metal1,26.8800,254.1300,3.299976
TAP_TAPCELL_ROW_59_651,VDD,Metal1,320.8800,247.6300,3.299989
TAP_TAPCELL_ROW_59_650,VDD,Metal1,281.6800,247.6300,3.299989
TAP_TAPCELL_ROW_59_649,VDD,Metal1,242.4800,247.6300,3.299989
TAP_TAPCELL_ROW_59_648,VDD,Metal1,203.2800,247.6300,3.299991
TAP_TAPCELL_ROW_59_647,VDD,Metal1,164.0800,247.6300,3.299992
TAP_TAPCELL_ROW_59_646,VDD,Metal1,124.8800,247.6300,3.299993
TAP_TAPCELL_ROW_59_645,VDD,Metal1,85.6800,247.6300,3.299993
TAP_TAPCELL_ROW_59_644,VDD,Metal1,46.4800,247.6300,3.299993
TAP_TAPCELL_ROW_58_643,VDD,Metal1,301.2800,246.2900,3.299989
TAP_TAPCELL_ROW_58_642,VDD,Metal1,262.0800,246.2900,3.299989
TAP_TAPCELL_ROW_58_641,VDD,Metal1,222.8800,246.2900,3.299991
TAP_TAPCELL_ROW_58_640,VDD,Metal1,183.6800,246.2900,3.299992
TAP_TAPCELL_ROW_58_639,VDD,Metal1,144.4800,246.2900,3.299992
TAP_TAPCELL_ROW_58_638,VDD,Metal1,105.2800,246.2900,3.299993
TAP_TAPCELL_ROW_58_637,VDD,Metal1,66.0800,246.2900,3.299993
TAP_TAPCELL_ROW_58_636,VDD,Metal1,26.8800,246.2900,3.299993
TAP_TAPCELL_ROW_57_635,VDD,Metal1,320.8800,239.7900,3.299990
TAP_TAPCELL_ROW_57_634,VDD,Metal1,281.6800,239.7900,3.299991
TAP_TAPCELL_ROW_57_633,VDD,Metal1,242.4800,239.7900,3.299992
TAP_TAPCELL_ROW_57_632,VDD,Metal1,203.2800,239.7900,3.299992
TAP_TAPCELL_ROW_57_631,VDD,Metal1,164.0800,239.7900,3.299992
TAP_TAPCELL_ROW_57_630,VDD,Metal1,124.8800,239.7900,3.299992
TAP_TAPCELL_ROW_57_629,VDD,Metal1,85.6800,239.7900,3.299993
TAP_TAPCELL_ROW_57_628,VDD,Metal1,46.4800,239.7900,3.299993
TAP_TAPCELL_ROW_56_627,VDD,Metal1,301.2800,238.4500,3.299991
TAP_TAPCELL_ROW_56_626,VDD,Metal1,262.0800,238.4500,3.299991
TAP_TAPCELL_ROW_56_625,VDD,Metal1,222.8800,238.4500,3.299992
TAP_TAPCELL_ROW_56_624,VDD,Metal1,183.6800,238.4500,3.299992
TAP_TAPCELL_ROW_56_623,VDD,Metal1,144.4800,238.4500,3.299992
TAP_TAPCELL_ROW_56_622,VDD,Metal1,105.2800,238.4500,3.299993
TAP_TAPCELL_ROW_56_621,VDD,Metal1,66.0800,238.4500,3.299993
TAP_TAPCELL_ROW_56_620,VDD,Metal1,26.8800,238.4500,3.299993
TAP_TAPCELL_ROW_55_619,VDD,Metal1,320.8800,231.9500,3.299990
TAP_TAPCELL_ROW_55_618,VDD,Metal1,281.6800,231.9500,3.299991
TAP_TAPCELL_ROW_55_617,VDD,Metal1,242.4800,231.9500,3.299991
TAP_TAPCELL_ROW_55_616,VDD,Metal1,203.2800,231.9500,3.299991
TAP_TAPCELL_ROW_55_615,VDD,Metal1,164.0800,231.9500,3.299992
TAP_TAPCELL_ROW_55_614,VDD,Metal1,124.8800,231.9500,3.299992
TAP_TAPCELL_ROW_55_613,VDD,Metal1,85.6800,231.9500,3.299992
TAP_TAPCELL_ROW_55_612,VDD,Metal1,46.4800,231.9500,3.299993
TAP_TAPCELL_ROW_54_611,VDD,Metal1,301.2800,230.6100,3.299990
TAP_TAPCELL_ROW_54_610,VDD,Metal1,262.0800,230.6100,3.299991
TAP_TAPCELL_ROW_54_609,VDD,Metal1,222.8800,230.6100,3.299991
TAP_TAPCELL_ROW_54_608,VDD,Metal1,183.6800,230.6100,3.299991
TAP_TAPCELL_ROW_54_607,VDD,Metal1,144.4800,230.6100,3.299992
TAP_TAPCELL_ROW_54_606,VDD,Metal1,105.2800,230.6100,3.299992
TAP_TAPCELL_ROW_54_605,VDD,Metal1,66.0800,230.6100,3.299992
TAP_TAPCELL_ROW_54_604,VDD,Metal1,26.8800,230.6100,3.299993
TAP_TAPCELL_ROW_53_603,VDD,Metal1,320.8800,224.1100,3.299996
TAP_TAPCELL_ROW_53_602,VDD,Metal1,281.6800,224.1100,3.299996
TAP_TAPCELL_ROW_53_601,VDD,Metal1,242.4800,224.1100,3.299996
TAP_TAPCELL_ROW_53_600,VDD,Metal1,203.2800,224.1100,3.299997
TAP_TAPCELL_ROW_53_599,VDD,Metal1,164.0800,224.1100,3.299997
TAP_TAPCELL_ROW_53_598,VDD,Metal1,124.8800,224.1100,3.299997
TAP_TAPCELL_ROW_53_597,VDD,Metal1,85.6800,224.1100,3.299996
TAP_TAPCELL_ROW_53_596,VDD,Metal1,46.4800,224.1100,3.299996
TAP_TAPCELL_ROW_52_595,VDD,Metal1,301.2800,222.7700,3.299996
TAP_TAPCELL_ROW_52_594,VDD,Metal1,262.0800,222.7700,3.299996
TAP_TAPCELL_ROW_52_593,VDD,Metal1,222.8800,222.7700,3.299996
TAP_TAPCELL_ROW_52_592,VDD,Metal1,183.6800,222.7700,3.299997
TAP_TAPCELL_ROW_52_591,VDD,Metal1,144.4800,222.7700,3.299997
TAP_TAPCELL_ROW_52_590,VDD,Metal1,105.2800,222.7700,3.299996
TAP_TAPCELL_ROW_52_589,VDD,Metal1,66.0800,222.7700,3.299996
TAP_TAPCELL_ROW_52_588,VDD,Metal1,26.8800,222.7700,3.299996
TAP_TAPCELL_ROW_51_587,VDD,Metal1,320.8800,216.2700,3.299998
TAP_TAPCELL_ROW_51_586,VDD,Metal1,281.6800,216.2700,3.299998
TAP_TAPCELL_ROW_51_585,VDD,Metal1,242.4800,216.2700,3.299998
TAP_TAPCELL_ROW_51_584,VDD,Metal1,203.2800,216.2700,3.299998
TAP_TAPCELL_ROW_51_583,VDD,Metal1,164.0800,216.2700,3.299998
TAP_TAPCELL_ROW_51_582,VDD,Metal1,124.8800,216.2700,3.299998
TAP_TAPCELL_ROW_51_581,VDD,Metal1,85.6800,216.2700,3.299998
TAP_TAPCELL_ROW_51_580,VDD,Metal1,46.4800,216.2700,3.299998
TAP_TAPCELL_ROW_50_579,VDD,Metal1,301.2800,214.9300,3.299998
TAP_TAPCELL_ROW_50_578,VDD,Metal1,262.0800,214.9300,3.299998
TAP_TAPCELL_ROW_50_577,VDD,Metal1,222.8800,214.9300,3.299998
TAP_TAPCELL_ROW_50_576,VDD,Metal1,183.6800,214.9300,3.299998
TAP_TAPCELL_ROW_50_575,VDD,Metal1,144.4800,214.9300,3.299998
TAP_TAPCELL_ROW_50_574,VDD,Metal1,105.2800,214.9300,3.299998
TAP_TAPCELL_ROW_50_573,VDD,Metal1,66.0800,214.9300,3.299998
TAP_TAPCELL_ROW_50_572,VDD,Metal1,26.8800,214.9300,3.299998
TAP_TAPCELL_ROW_49_571,VDD,Metal1,320.8800,208.4300,3.299997
TAP_TAPCELL_ROW_49_570,VDD,Metal1,281.6800,208.4300,3.299997
TAP_TAPCELL_ROW_49_569,VDD,Metal1,242.4800,208.4300,3.299997
TAP_TAPCELL_ROW_49_568,VDD,Metal1,203.2800,208.4300,3.299997
TAP_TAPCELL_ROW_49_567,VDD,Metal1,164.0800,208.4300,3.299998
TAP_TAPCELL_ROW_49_566,VDD,Metal1,124.8800,208.4300,3.299998
TAP_TAPCELL_ROW_49_565,VDD,Metal1,85.6800,208.4300,3.299998
TAP_TAPCELL_ROW_49_564,VDD,Metal1,46.4800,208.4300,3.299998
TAP_TAPCELL_ROW_48_563,VDD,Metal1,301.2800,207.0900,3.299997
TAP_TAPCELL_ROW_48_562,VDD,Metal1,262.0800,207.0900,3.299997
TAP_TAPCELL_ROW_48_561,VDD,Metal1,222.8800,207.0900,3.299997
TAP_TAPCELL_ROW_48_560,VDD,Metal1,183.6800,207.0900,3.299998
TAP_TAPCELL_ROW_48_559,VDD,Metal1,144.4800,207.0900,3.299998
TAP_TAPCELL_ROW_48_558,VDD,Metal1,105.2800,207.0900,3.299998
TAP_TAPCELL_ROW_48_557,VDD,Metal1,66.0800,207.0900,3.299998
TAP_TAPCELL_ROW_48_556,VDD,Metal1,26.8800,207.0900,3.299998
TAP_TAPCELL_ROW_47_555,VDD,Metal1,320.8800,200.5900,3.299957
TAP_TAPCELL_ROW_47_554,VDD,Metal1,281.6800,200.5900,3.299958
TAP_TAPCELL_ROW_47_553,VDD,Metal1,242.4800,200.5900,3.299958
TAP_TAPCELL_ROW_47_552,VDD,Metal1,203.2800,200.5900,3.299959
TAP_TAPCELL_ROW_47_551,VDD,Metal1,164.0800,200.5900,3.299960
TAP_TAPCELL_ROW_47_550,VDD,Metal1,124.8800,200.5900,3.299961
TAP_TAPCELL_ROW_47_549,VDD,Metal1,85.6800,200.5900,3.299963
TAP_TAPCELL_ROW_47_548,VDD,Metal1,46.4800,200.5900,3.299966
TAP_TAPCELL_ROW_46_547,VDD,Metal1,301.2800,199.2500,3.299957
TAP_TAPCELL_ROW_46_546,VDD,Metal1,262.0800,199.2500,3.299958
TAP_TAPCELL_ROW_46_545,VDD,Metal1,222.8800,199.2500,3.299958
TAP_TAPCELL_ROW_46_544,VDD,Metal1,183.6800,199.2500,3.299960
TAP_TAPCELL_ROW_46_543,VDD,Metal1,144.4800,199.2500,3.299960
TAP_TAPCELL_ROW_46_542,VDD,Metal1,105.2800,199.2500,3.299962
TAP_TAPCELL_ROW_46_541,VDD,Metal1,66.0800,199.2500,3.299964
TAP_TAPCELL_ROW_46_540,VDD,Metal1,26.8800,199.2500,3.299967
TAP_TAPCELL_ROW_45_539,VDD,Metal1,320.8800,192.7500,3.299988
TAP_TAPCELL_ROW_45_538,VDD,Metal1,281.6800,192.7500,3.299988
TAP_TAPCELL_ROW_45_537,VDD,Metal1,242.4800,192.7500,3.299988
TAP_TAPCELL_ROW_45_536,VDD,Metal1,203.2800,192.7500,3.299991
TAP_TAPCELL_ROW_45_535,VDD,Metal1,164.0800,192.7500,3.299992
TAP_TAPCELL_ROW_45_534,VDD,Metal1,124.8800,192.7500,3.299992
TAP_TAPCELL_ROW_45_533,VDD,Metal1,85.6800,192.7500,3.299992
TAP_TAPCELL_ROW_45_532,VDD,Metal1,46.4800,192.7500,3.299992
TAP_TAPCELL_ROW_44_531,VDD,Metal1,301.2800,191.4100,3.299988
TAP_TAPCELL_ROW_44_530,VDD,Metal1,262.0800,191.4100,3.299988
TAP_TAPCELL_ROW_44_529,VDD,Metal1,222.8800,191.4100,3.299991
TAP_TAPCELL_ROW_44_528,VDD,Metal1,183.6800,191.4100,3.299991
TAP_TAPCELL_ROW_44_527,VDD,Metal1,144.4800,191.4100,3.299992
TAP_TAPCELL_ROW_44_526,VDD,Metal1,105.2800,191.4100,3.299992
TAP_TAPCELL_ROW_44_525,VDD,Metal1,66.0800,191.4100,3.299992
TAP_TAPCELL_ROW_44_524,VDD,Metal1,26.8800,191.4100,3.299993
TAP_TAPCELL_ROW_43_523,VDD,Metal1,320.8800,184.9100,3.299934
TAP_TAPCELL_ROW_43_522,VDD,Metal1,281.6800,184.9100,3.299935
TAP_TAPCELL_ROW_43_521,VDD,Metal1,242.4800,184.9100,3.299948
TAP_TAPCELL_ROW_43_520,VDD,Metal1,203.2800,184.9100,3.299949
TAP_TAPCELL_ROW_43_519,VDD,Metal1,164.0800,184.9100,3.299952
TAP_TAPCELL_ROW_43_518,VDD,Metal1,124.8800,184.9100,3.299953
TAP_TAPCELL_ROW_43_517,VDD,Metal1,85.6800,184.9100,3.299956
TAP_TAPCELL_ROW_43_516,VDD,Metal1,46.4800,184.9100,3.299958
TAP_TAPCELL_ROW_42_515,VDD,Metal1,301.2800,183.5700,3.299934
TAP_TAPCELL_ROW_42_514,VDD,Metal1,262.0800,183.5700,3.299936
TAP_TAPCELL_ROW_42_513,VDD,Metal1,222.8800,183.5700,3.299949
TAP_TAPCELL_ROW_42_512,VDD,Metal1,183.6800,183.5700,3.299950
TAP_TAPCELL_ROW_42_511,VDD,Metal1,144.4800,183.5700,3.299953
TAP_TAPCELL_ROW_42_510,VDD,Metal1,105.2800,183.5700,3.299953
TAP_TAPCELL_ROW_42_509,VDD,Metal1,66.0800,183.5700,3.299957
TAP_TAPCELL_ROW_42_508,VDD,Metal1,26.8800,183.5700,3.299960
TAP_TAPCELL_ROW_41_507,VDD,Metal1,320.8800,177.0700,3.299992
TAP_TAPCELL_ROW_41_506,VDD,Metal1,281.6800,177.0700,3.299992
TAP_TAPCELL_ROW_41_505,VDD,Metal1,242.4800,177.0700,3.299993
TAP_TAPCELL_ROW_41_504,VDD,Metal1,203.2800,177.0700,3.299993
TAP_TAPCELL_ROW_41_503,VDD,Metal1,164.0800,177.0700,3.299993
TAP_TAPCELL_ROW_41_502,VDD,Metal1,124.8800,177.0700,3.299994
TAP_TAPCELL_ROW_41_501,VDD,Metal1,85.6800,177.0700,3.299994
TAP_TAPCELL_ROW_41_500,VDD,Metal1,46.4800,177.0700,3.299995
TAP_TAPCELL_ROW_40_499,VDD,Metal1,301.2800,175.7300,3.299992
TAP_TAPCELL_ROW_40_498,VDD,Metal1,262.0800,175.7300,3.299992
TAP_TAPCELL_ROW_40_497,VDD,Metal1,222.8800,175.7300,3.299993
TAP_TAPCELL_ROW_40_496,VDD,Metal1,183.6800,175.7300,3.299993
TAP_TAPCELL_ROW_40_495,VDD,Metal1,144.4800,175.7300,3.299994
TAP_TAPCELL_ROW_40_494,VDD,Metal1,105.2800,175.7300,3.299994
TAP_TAPCELL_ROW_40_493,VDD,Metal1,66.0800,175.7300,3.299994
TAP_TAPCELL_ROW_40_492,VDD,Metal1,26.8800,175.7300,3.299995
TAP_TAPCELL_ROW_39_491,VDD,Metal1,320.8800,169.2300,3.299953
TAP_TAPCELL_ROW_39_490,VDD,Metal1,281.6800,169.2300,3.299953
TAP_TAPCELL_ROW_39_489,VDD,Metal1,242.4800,169.2300,3.299956
TAP_TAPCELL_ROW_39_488,VDD,Metal1,203.2800,169.2300,3.299966
TAP_TAPCELL_ROW_39_487,VDD,Metal1,164.0800,169.2300,3.299969
TAP_TAPCELL_ROW_39_486,VDD,Metal1,124.8800,169.2300,3.299969
TAP_TAPCELL_ROW_39_485,VDD,Metal1,85.6800,169.2300,3.299969
TAP_TAPCELL_ROW_39_484,VDD,Metal1,46.4800,169.2300,3.299970
TAP_TAPCELL_ROW_38_483,VDD,Metal1,301.2800,167.8900,3.299953
TAP_TAPCELL_ROW_38_482,VDD,Metal1,262.0800,167.8900,3.299956
TAP_TAPCELL_ROW_38_481,VDD,Metal1,222.8800,167.8900,3.299962
TAP_TAPCELL_ROW_38_480,VDD,Metal1,183.6800,167.8900,3.299968
TAP_TAPCELL_ROW_38_479,VDD,Metal1,144.4800,167.8900,3.299969
TAP_TAPCELL_ROW_38_478,VDD,Metal1,105.2800,167.8900,3.299969
TAP_TAPCELL_ROW_38_477,VDD,Metal1,66.0800,167.8900,3.299970
TAP_TAPCELL_ROW_38_476,VDD,Metal1,26.8800,167.8900,3.299972
TAP_TAPCELL_ROW_37_475,VDD,Metal1,320.8800,161.3900,3.299943
TAP_TAPCELL_ROW_37_474,VDD,Metal1,281.6800,161.3900,3.299943
TAP_TAPCELL_ROW_37_473,VDD,Metal1,242.4800,161.3900,3.299945
TAP_TAPCELL_ROW_37_472,VDD,Metal1,203.2800,161.3900,3.299947
TAP_TAPCELL_ROW_37_471,VDD,Metal1,164.0800,161.3900,3.299957
TAP_TAPCELL_ROW_37_470,VDD,Metal1,124.8800,161.3900,3.299963
TAP_TAPCELL_ROW_37_469,VDD,Metal1,85.6800,161.3900,3.299965
TAP_TAPCELL_ROW_37_468,VDD,Metal1,46.4800,161.3900,3.299966
TAP_TAPCELL_ROW_36_467,VDD,Metal1,301.2800,160.0500,3.299943
TAP_TAPCELL_ROW_36_466,VDD,Metal1,262.0800,160.0500,3.299943
TAP_TAPCELL_ROW_36_465,VDD,Metal1,222.8800,160.0500,3.299945
TAP_TAPCELL_ROW_36_464,VDD,Metal1,183.6800,160.0500,3.299951
TAP_TAPCELL_ROW_36_463,VDD,Metal1,144.4800,160.0500,3.299959
TAP_TAPCELL_ROW_36_462,VDD,Metal1,105.2800,160.0500,3.299964
TAP_TAPCELL_ROW_36_461,VDD,Metal1,66.0800,160.0500,3.299965
TAP_TAPCELL_ROW_36_460,VDD,Metal1,26.8800,160.0500,3.299971
TAP_TAPCELL_ROW_35_459,VDD,Metal1,320.8800,153.5500,3.299965
TAP_TAPCELL_ROW_35_458,VDD,Metal1,281.6800,153.5500,3.299965
TAP_TAPCELL_ROW_35_457,VDD,Metal1,242.4800,153.5500,3.299974
TAP_TAPCELL_ROW_35_456,VDD,Metal1,203.2800,153.5500,3.299975
TAP_TAPCELL_ROW_35_455,VDD,Metal1,164.0800,153.5500,3.299976
TAP_TAPCELL_ROW_35_454,VDD,Metal1,124.8800,153.5500,3.299977
TAP_TAPCELL_ROW_35_453,VDD,Metal1,85.6800,153.5500,3.299978
TAP_TAPCELL_ROW_35_452,VDD,Metal1,46.4800,153.5500,3.299979
TAP_TAPCELL_ROW_34_451,VDD,Metal1,301.2800,152.2100,3.299965
TAP_TAPCELL_ROW_34_450,VDD,Metal1,262.0800,152.2100,3.299973
TAP_TAPCELL_ROW_34_449,VDD,Metal1,222.8800,152.2100,3.299975
TAP_TAPCELL_ROW_34_448,VDD,Metal1,183.6800,152.2100,3.299975
TAP_TAPCELL_ROW_34_447,VDD,Metal1,144.4800,152.2100,3.299977
TAP_TAPCELL_ROW_34_446,VDD,Metal1,105.2800,152.2100,3.299977
TAP_TAPCELL_ROW_34_445,VDD,Metal1,66.0800,152.2100,3.299978
TAP_TAPCELL_ROW_34_444,VDD,Metal1,26.8800,152.2100,3.299979
TAP_TAPCELL_ROW_33_443,VDD,Metal1,320.8800,145.7100,3.299875
TAP_TAPCELL_ROW_33_442,VDD,Metal1,281.6800,145.7100,3.299875
TAP_TAPCELL_ROW_33_441,VDD,Metal1,242.4800,145.7100,3.299876
TAP_TAPCELL_ROW_33_440,VDD,Metal1,203.2800,145.7100,3.299880
TAP_TAPCELL_ROW_33_439,VDD,Metal1,164.0800,145.7100,3.299882
TAP_TAPCELL_ROW_33_438,VDD,Metal1,124.8800,145.7100,3.299881
TAP_TAPCELL_ROW_33_437,VDD,Metal1,85.6800,145.7100,3.299880
TAP_TAPCELL_ROW_33_436,VDD,Metal1,46.4800,145.7100,3.299886
TAP_TAPCELL_ROW_32_435,VDD,Metal1,301.2800,144.3700,3.299875
TAP_TAPCELL_ROW_32_434,VDD,Metal1,262.0800,144.3700,3.299876
TAP_TAPCELL_ROW_32_433,VDD,Metal1,222.8800,144.3700,3.299880
TAP_TAPCELL_ROW_32_432,VDD,Metal1,183.6800,144.3700,3.299880
TAP_TAPCELL_ROW_32_431,VDD,Metal1,144.4800,144.3700,3.299881
TAP_TAPCELL_ROW_32_430,VDD,Metal1,105.2800,144.3700,3.299880
TAP_TAPCELL_ROW_32_429,VDD,Metal1,66.0800,144.3700,3.299882
TAP_TAPCELL_ROW_32_428,VDD,Metal1,26.8800,144.3700,3.299895
TAP_TAPCELL_ROW_31_427,VDD,Metal1,320.8800,137.8700,3.299918
TAP_TAPCELL_ROW_31_426,VDD,Metal1,281.6800,137.8700,3.299922
TAP_TAPCELL_ROW_31_425,VDD,Metal1,242.4800,137.8700,3.299924
TAP_TAPCELL_ROW_31_424,VDD,Metal1,203.2800,137.8700,3.299930
TAP_TAPCELL_ROW_31_423,VDD,Metal1,164.0800,137.8700,3.299937
TAP_TAPCELL_ROW_31_422,VDD,Metal1,124.8800,137.8700,3.299938
TAP_TAPCELL_ROW_31_421,VDD,Metal1,85.6800,137.8700,3.299938
TAP_TAPCELL_ROW_31_420,VDD,Metal1,46.4800,137.8700,3.299940
TAP_TAPCELL_ROW_30_419,VDD,Metal1,301.2800,136.5300,3.299918
TAP_TAPCELL_ROW_30_418,VDD,Metal1,262.0800,136.5300,3.299923
TAP_TAPCELL_ROW_30_417,VDD,Metal1,222.8800,136.5300,3.299924
TAP_TAPCELL_ROW_30_416,VDD,Metal1,183.6800,136.5300,3.299934
TAP_TAPCELL_ROW_30_415,VDD,Metal1,144.4800,136.5300,3.299938
TAP_TAPCELL_ROW_30_414,VDD,Metal1,105.2800,136.5300,3.299938
TAP_TAPCELL_ROW_30_413,VDD,Metal1,66.0800,136.5300,3.299939
TAP_TAPCELL_ROW_30_412,VDD,Metal1,26.8800,136.5300,3.299941
TAP_TAPCELL_ROW_29_411,VDD,Metal1,320.8800,130.0300,3.299945
TAP_TAPCELL_ROW_29_410,VDD,Metal1,281.6800,130.0300,3.299945
TAP_TAPCELL_ROW_29_409,VDD,Metal1,242.4800,130.0300,3.299948
TAP_TAPCELL_ROW_29_408,VDD,Metal1,203.2800,130.0300,3.299949
TAP_TAPCELL_ROW_29_407,VDD,Metal1,164.0800,130.0300,3.299949
TAP_TAPCELL_ROW_29_406,VDD,Metal1,124.8800,130.0300,3.299948
TAP_TAPCELL_ROW_29_405,VDD,Metal1,85.6800,130.0300,3.299948
TAP_TAPCELL_ROW_29_404,VDD,Metal1,46.4800,130.0300,3.299948
TAP_TAPCELL_ROW_28_403,VDD,Metal1,301.2800,128.6900,3.299945
TAP_TAPCELL_ROW_28_402,VDD,Metal1,262.0800,128.6900,3.299946
TAP_TAPCELL_ROW_28_401,VDD,Metal1,222.8800,128.6900,3.299948
TAP_TAPCELL_ROW_28_400,VDD,Metal1,183.6800,128.6900,3.299949
TAP_TAPCELL_ROW_28_399,VDD,Metal1,144.4800,128.6900,3.299948
TAP_TAPCELL_ROW_28_398,VDD,Metal1,105.2800,128.6900,3.299948
TAP_TAPCELL_ROW_28_397,VDD,Metal1,66.0800,128.6900,3.299948
TAP_TAPCELL_ROW_28_396,VDD,Metal1,26.8800,128.6900,3.299949
TAP_TAPCELL_ROW_27_395,VDD,Metal1,320.8800,122.1900,3.299844
TAP_TAPCELL_ROW_27_394,VDD,Metal1,281.6800,122.1900,3.299845
TAP_TAPCELL_ROW_27_393,VDD,Metal1,242.4800,122.1900,3.299846
TAP_TAPCELL_ROW_27_392,VDD,Metal1,203.2800,122.1900,3.299887
TAP_TAPCELL_ROW_27_391,VDD,Metal1,164.0800,122.1900,3.299887
TAP_TAPCELL_ROW_27_390,VDD,Metal1,124.8800,122.1900,3.299885
TAP_TAPCELL_ROW_27_389,VDD,Metal1,85.6800,122.1900,3.299887
TAP_TAPCELL_ROW_27_388,VDD,Metal1,46.4800,122.1900,3.299899
TAP_TAPCELL_ROW_26_387,VDD,Metal1,301.2800,120.8500,3.299844
TAP_TAPCELL_ROW_26_386,VDD,Metal1,262.0800,120.8500,3.299845
TAP_TAPCELL_ROW_26_385,VDD,Metal1,222.8800,120.8500,3.299886
TAP_TAPCELL_ROW_26_384,VDD,Metal1,183.6800,120.8500,3.299887
TAP_TAPCELL_ROW_26_383,VDD,Metal1,144.4800,120.8500,3.299885
TAP_TAPCELL_ROW_26_382,VDD,Metal1,105.2800,120.8500,3.299885
TAP_TAPCELL_ROW_26_381,VDD,Metal1,66.0800,120.8500,3.299898
TAP_TAPCELL_ROW_26_380,VDD,Metal1,26.8800,120.8500,3.299901
TAP_TAPCELL_ROW_25_379,VDD,Metal1,320.8800,114.3500,3.299933
TAP_TAPCELL_ROW_25_378,VDD,Metal1,281.6800,114.3500,3.299933
TAP_TAPCELL_ROW_25_377,VDD,Metal1,242.4800,114.3500,3.299936
TAP_TAPCELL_ROW_25_376,VDD,Metal1,203.2800,114.3500,3.299937
TAP_TAPCELL_ROW_25_375,VDD,Metal1,164.0800,114.3500,3.299944
TAP_TAPCELL_ROW_25_374,VDD,Metal1,124.8800,114.3500,3.299943
TAP_TAPCELL_ROW_25_373,VDD,Metal1,85.6800,114.3500,3.299943
TAP_TAPCELL_ROW_25_372,VDD,Metal1,46.4800,114.3500,3.299943
TAP_TAPCELL_ROW_24_371,VDD,Metal1,301.2800,113.0100,3.299933
TAP_TAPCELL_ROW_24_370,VDD,Metal1,262.0800,113.0100,3.299934
TAP_TAPCELL_ROW_24_369,VDD,Metal1,222.8800,113.0100,3.299936
TAP_TAPCELL_ROW_24_368,VDD,Metal1,183.6800,113.0100,3.299944
TAP_TAPCELL_ROW_24_367,VDD,Metal1,144.4800,113.0100,3.299943
TAP_TAPCELL_ROW_24_366,VDD,Metal1,105.2800,113.0100,3.299943
TAP_TAPCELL_ROW_24_365,VDD,Metal1,66.0800,113.0100,3.299943
TAP_TAPCELL_ROW_24_364,VDD,Metal1,26.8800,113.0100,3.299944
TAP_TAPCELL_ROW_23_363,VDD,Metal1,320.8800,106.5100,3.299957
TAP_TAPCELL_ROW_23_362,VDD,Metal1,281.6800,106.5100,3.299958
TAP_TAPCELL_ROW_23_361,VDD,Metal1,242.4800,106.5100,3.299967
TAP_TAPCELL_ROW_23_360,VDD,Metal1,203.2800,106.5100,3.299967
TAP_TAPCELL_ROW_23_359,VDD,Metal1,164.0800,106.5100,3.299970
TAP_TAPCELL_ROW_23_358,VDD,Metal1,124.8800,106.5100,3.299969
TAP_TAPCELL_ROW_23_357,VDD,Metal1,85.6800,106.5100,3.299970
TAP_TAPCELL_ROW_23_356,VDD,Metal1,46.4800,106.5100,3.299970
TAP_TAPCELL_ROW_22_355,VDD,Metal1,301.2800,105.1700,3.299957
TAP_TAPCELL_ROW_22_354,VDD,Metal1,262.0800,105.1700,3.299966
TAP_TAPCELL_ROW_22_353,VDD,Metal1,222.8800,105.1700,3.299967
TAP_TAPCELL_ROW_22_352,VDD,Metal1,183.6800,105.1700,3.299970
TAP_TAPCELL_ROW_22_351,VDD,Metal1,144.4800,105.1700,3.299969
TAP_TAPCELL_ROW_22_350,VDD,Metal1,105.2800,105.1700,3.299969
TAP_TAPCELL_ROW_22_349,VDD,Metal1,66.0800,105.1700,3.299970
TAP_TAPCELL_ROW_22_348,VDD,Metal1,26.8800,105.1700,3.299971
TAP_TAPCELL_ROW_21_347,VDD,Metal1,320.8800,98.6700,3.299940
TAP_TAPCELL_ROW_21_346,VDD,Metal1,281.6800,98.6700,3.299940
TAP_TAPCELL_ROW_21_345,VDD,Metal1,242.4800,98.6700,3.299945
TAP_TAPCELL_ROW_21_344,VDD,Metal1,203.2800,98.6700,3.299951
TAP_TAPCELL_ROW_21_343,VDD,Metal1,164.0800,98.6700,3.299952
TAP_TAPCELL_ROW_21_342,VDD,Metal1,124.8800,98.6700,3.299952
TAP_TAPCELL_ROW_21_341,VDD,Metal1,85.6800,98.6700,3.299954
TAP_TAPCELL_ROW_21_340,VDD,Metal1,46.4800,98.6700,3.299954
TAP_TAPCELL_ROW_20_339,VDD,Metal1,301.2800,97.3300,3.299940
TAP_TAPCELL_ROW_20_338,VDD,Metal1,262.0800,97.3300,3.299941
TAP_TAPCELL_ROW_20_337,VDD,Metal1,222.8800,97.3300,3.299946
TAP_TAPCELL_ROW_20_336,VDD,Metal1,183.6800,97.3300,3.299952
TAP_TAPCELL_ROW_20_335,VDD,Metal1,144.4800,97.3300,3.299952
TAP_TAPCELL_ROW_20_334,VDD,Metal1,105.2800,97.3300,3.299953
TAP_TAPCELL_ROW_20_333,VDD,Metal1,66.0800,97.3300,3.299954
TAP_TAPCELL_ROW_20_332,VDD,Metal1,26.8800,97.3300,3.299955
TAP_TAPCELL_ROW_19_331,VDD,Metal1,320.8800,90.8300,3.299945
TAP_TAPCELL_ROW_19_330,VDD,Metal1,281.6800,90.8300,3.299945
TAP_TAPCELL_ROW_19_329,VDD,Metal1,242.4800,90.8300,3.299946
TAP_TAPCELL_ROW_19_328,VDD,Metal1,203.2800,90.8300,3.299951
TAP_TAPCELL_ROW_19_327,VDD,Metal1,164.0800,90.8300,3.299958
TAP_TAPCELL_ROW_19_326,VDD,Metal1,124.8800,90.8300,3.299959
TAP_TAPCELL_ROW_19_325,VDD,Metal1,85.6800,90.8300,3.299959
TAP_TAPCELL_ROW_19_324,VDD,Metal1,46.4800,90.8300,3.299961
TAP_TAPCELL_ROW_18_323,VDD,Metal1,301.2800,89.4900,3.299945
TAP_TAPCELL_ROW_18_322,VDD,Metal1,262.0800,89.4900,3.299945
TAP_TAPCELL_ROW_18_321,VDD,Metal1,222.8800,89.4900,3.299951
TAP_TAPCELL_ROW_18_320,VDD,Metal1,183.6800,89.4900,3.299951
TAP_TAPCELL_ROW_18_319,VDD,Metal1,144.4800,89.4900,3.299959
TAP_TAPCELL_ROW_18_318,VDD,Metal1,105.2800,89.4900,3.299959
TAP_TAPCELL_ROW_18_317,VDD,Metal1,66.0800,89.4900,3.299960
TAP_TAPCELL_ROW_18_316,VDD,Metal1,26.8800,89.4900,3.299962
TAP_TAPCELL_ROW_17_315,VDD,Metal1,320.8800,82.9900,3.299880
TAP_TAPCELL_ROW_17_314,VDD,Metal1,281.6800,82.9900,3.299883
TAP_TAPCELL_ROW_17_313,VDD,Metal1,242.4800,82.9900,3.299884
TAP_TAPCELL_ROW_17_312,VDD,Metal1,203.2800,82.9900,3.299887
TAP_TAPCELL_ROW_17_311,VDD,Metal1,164.0800,82.9900,3.299888
TAP_TAPCELL_ROW_17_310,VDD,Metal1,124.8800,82.9900,3.299889
TAP_TAPCELL_ROW_17_309,VDD,Metal1,85.6800,82.9900,3.299892
TAP_TAPCELL_ROW_17_308,VDD,Metal1,46.4800,82.9900,3.299896
TAP_TAPCELL_ROW_16_307,VDD,Metal1,301.2800,81.6500,3.299880
TAP_TAPCELL_ROW_16_306,VDD,Metal1,262.0800,81.6500,3.299884
TAP_TAPCELL_ROW_16_305,VDD,Metal1,222.8800,81.6500,3.299886
TAP_TAPCELL_ROW_16_304,VDD,Metal1,183.6800,81.6500,3.299887
TAP_TAPCELL_ROW_16_303,VDD,Metal1,144.4800,81.6500,3.299889
TAP_TAPCELL_ROW_16_302,VDD,Metal1,105.2800,81.6500,3.299889
TAP_TAPCELL_ROW_16_301,VDD,Metal1,66.0800,81.6500,3.299893
TAP_TAPCELL_ROW_16_300,VDD,Metal1,26.8800,81.6500,3.299897
TAP_TAPCELL_ROW_15_299,VDD,Metal1,320.8800,75.1500,3.299935
TAP_TAPCELL_ROW_15_298,VDD,Metal1,281.6800,75.1500,3.299936
TAP_TAPCELL_ROW_15_297,VDD,Metal1,242.4800,75.1500,3.299936
TAP_TAPCELL_ROW_15_296,VDD,Metal1,203.2800,75.1500,3.299937
TAP_TAPCELL_ROW_15_295,VDD,Metal1,164.0800,75.1500,3.299938
TAP_TAPCELL_ROW_15_294,VDD,Metal1,124.8800,75.1500,3.299938
TAP_TAPCELL_ROW_15_293,VDD,Metal1,85.6800,75.1500,3.299938
TAP_TAPCELL_ROW_15_292,VDD,Metal1,46.4800,75.1500,3.299938
TAP_TAPCELL_ROW_14_291,VDD,Metal1,301.2800,73.8100,3.299935
TAP_TAPCELL_ROW_14_290,VDD,Metal1,262.0800,73.8100,3.299936
TAP_TAPCELL_ROW_14_289,VDD,Metal1,222.8800,73.8100,3.299936
TAP_TAPCELL_ROW_14_288,VDD,Metal1,183.6800,73.8100,3.299937
TAP_TAPCELL_ROW_14_287,VDD,Metal1,144.4800,73.8100,3.299937
TAP_TAPCELL_ROW_14_286,VDD,Metal1,105.2800,73.8100,3.299938
TAP_TAPCELL_ROW_14_285,VDD,Metal1,66.0800,73.8100,3.299938
TAP_TAPCELL_ROW_14_284,VDD,Metal1,26.8800,73.8100,3.299940
TAP_TAPCELL_ROW_13_283,VDD,Metal1,320.8800,67.3100,3.299901
TAP_TAPCELL_ROW_13_282,VDD,Metal1,281.6800,67.3100,3.299901
TAP_TAPCELL_ROW_13_281,VDD,Metal1,242.4800,67.3100,3.299902
TAP_TAPCELL_ROW_13_280,VDD,Metal1,203.2800,67.3100,3.299904
TAP_TAPCELL_ROW_13_279,VDD,Metal1,164.0800,67.3100,3.299912
TAP_TAPCELL_ROW_13_278,VDD,Metal1,124.8800,67.3100,3.299912
TAP_TAPCELL_ROW_13_277,VDD,Metal1,85.6800,67.3100,3.299913
TAP_TAPCELL_ROW_13_276,VDD,Metal1,46.4800,67.3100,3.299915
TAP_TAPCELL_ROW_12_275,VDD,Metal1,301.2800,65.9700,3.299901
TAP_TAPCELL_ROW_12_274,VDD,Metal1,262.0800,65.9700,3.299901
TAP_TAPCELL_ROW_12_273,VDD,Metal1,222.8800,65.9700,3.299903
TAP_TAPCELL_ROW_12_272,VDD,Metal1,183.6800,65.9700,3.299912
TAP_TAPCELL_ROW_12_271,VDD,Metal1,144.4800,65.9700,3.299912
TAP_TAPCELL_ROW_12_270,VDD,Metal1,105.2800,65.9700,3.299913
TAP_TAPCELL_ROW_12_269,VDD,Metal1,66.0800,65.9700,3.299913
TAP_TAPCELL_ROW_12_268,VDD,Metal1,26.8800,65.9700,3.299915
TAP_TAPCELL_ROW_11_267,VDD,Metal1,320.8800,59.4700,3.299956
TAP_TAPCELL_ROW_11_266,VDD,Metal1,281.6800,59.4700,3.299956
TAP_TAPCELL_ROW_11_265,VDD,Metal1,242.4800,59.4700,3.299956
TAP_TAPCELL_ROW_11_264,VDD,Metal1,203.2800,59.4700,3.299957
TAP_TAPCELL_ROW_11_263,VDD,Metal1,164.0800,59.4700,3.299958
TAP_TAPCELL_ROW_11_262,VDD,Metal1,124.8800,59.4700,3.299958
TAP_TAPCELL_ROW_11_261,VDD,Metal1,85.6800,59.4700,3.299958
TAP_TAPCELL_ROW_11_260,VDD,Metal1,46.4800,59.4700,3.299959
TAP_TAPCELL_ROW_10_259,VDD,Metal1,301.2800,58.1300,3.299956
TAP_TAPCELL_ROW_10_258,VDD,Metal1,262.0800,58.1300,3.299956
TAP_TAPCELL_ROW_10_257,VDD,Metal1,222.8800,58.1300,3.299957
TAP_TAPCELL_ROW_10_256,VDD,Metal1,183.6800,58.1300,3.299957
TAP_TAPCELL_ROW_10_255,VDD,Metal1,144.4800,58.1300,3.299958
TAP_TAPCELL_ROW_10_254,VDD,Metal1,105.2800,58.1300,3.299958
TAP_TAPCELL_ROW_10_253,VDD,Metal1,66.0800,58.1300,3.299959
TAP_TAPCELL_ROW_10_252,VDD,Metal1,26.8800,58.1300,3.299959
TAP_TAPCELL_ROW_9_251,VDD,Metal1,320.8800,51.6300,3.299981
TAP_TAPCELL_ROW_9_250,VDD,Metal1,281.6800,51.6300,3.299981
TAP_TAPCELL_ROW_9_249,VDD,Metal1,242.4800,51.6300,3.299981
TAP_TAPCELL_ROW_9_248,VDD,Metal1,203.2800,51.6300,3.299982
TAP_TAPCELL_ROW_9_247,VDD,Metal1,164.0800,51.6300,3.299982
TAP_TAPCELL_ROW_9_246,VDD,Metal1,124.8800,51.6300,3.299982
TAP_TAPCELL_ROW_9_245,VDD,Metal1,85.6800,51.6300,3.299982
TAP_TAPCELL_ROW_9_244,VDD,Metal1,46.4800,51.6300,3.299982
TAP_TAPCELL_ROW_8_243,VDD,Metal1,301.2800,50.2900,3.299981
TAP_TAPCELL_ROW_8_242,VDD,Metal1,262.0800,50.2900,3.299981
TAP_TAPCELL_ROW_8_241,VDD,Metal1,222.8800,50.2900,3.299981
TAP_TAPCELL_ROW_8_240,VDD,Metal1,183.6800,50.2900,3.299982
TAP_TAPCELL_ROW_8_239,VDD,Metal1,144.4800,50.2900,3.299982
TAP_TAPCELL_ROW_8_238,VDD,Metal1,105.2800,50.2900,3.299982
TAP_TAPCELL_ROW_8_237,VDD,Metal1,66.0800,50.2900,3.299982
TAP_TAPCELL_ROW_8_236,VDD,Metal1,26.8800,50.2900,3.299982
TAP_TAPCELL_ROW_7_235,VDD,Metal1,320.8800,43.7900,3.299997
TAP_TAPCELL_ROW_7_234,VDD,Metal1,281.6800,43.7900,3.299997
TAP_TAPCELL_ROW_7_233,VDD,Metal1,242.4800,43.7900,3.299997
TAP_TAPCELL_ROW_7_232,VDD,Metal1,203.2800,43.7900,3.299997
TAP_TAPCELL_ROW_7_231,VDD,Metal1,164.0800,43.7900,3.299997
TAP_TAPCELL_ROW_7_230,VDD,Metal1,124.8800,43.7900,3.299997
TAP_TAPCELL_ROW_7_229,VDD,Metal1,85.6800,43.7900,3.299997
TAP_TAPCELL_ROW_7_228,VDD,Metal1,46.4800,43.7900,3.299997
TAP_TAPCELL_ROW_6_227,VDD,Metal1,301.2800,42.4500,3.299997
TAP_TAPCELL_ROW_6_226,VDD,Metal1,262.0800,42.4500,3.299997
TAP_TAPCELL_ROW_6_225,VDD,Metal1,222.8800,42.4500,3.299997
TAP_TAPCELL_ROW_6_224,VDD,Metal1,183.6800,42.4500,3.299997
TAP_TAPCELL_ROW_6_223,VDD,Metal1,144.4800,42.4500,3.299997
TAP_TAPCELL_ROW_6_222,VDD,Metal1,105.2800,42.4500,3.299997
TAP_TAPCELL_ROW_6_221,VDD,Metal1,66.0800,42.4500,3.299997
TAP_TAPCELL_ROW_6_220,VDD,Metal1,26.8800,42.4500,3.299997
TAP_TAPCELL_ROW_5_219,VDD,Metal1,320.8800,35.9500,3.300000
TAP_TAPCELL_ROW_5_218,VDD,Metal1,281.6800,35.9500,3.300000
TAP_TAPCELL_ROW_5_217,VDD,Metal1,242.4800,35.9500,3.300000
TAP_TAPCELL_ROW_5_216,VDD,Metal1,203.2800,35.9500,3.300000
TAP_TAPCELL_ROW_5_215,VDD,Metal1,164.0800,35.9500,3.300000
TAP_TAPCELL_ROW_5_214,VDD,Metal1,124.8800,35.9500,3.300000
TAP_TAPCELL_ROW_5_213,VDD,Metal1,85.6800,35.9500,3.300000
TAP_TAPCELL_ROW_5_212,VDD,Metal1,46.4800,35.9500,3.300000
TAP_TAPCELL_ROW_4_211,VDD,Metal1,301.2800,34.6100,3.300000
TAP_TAPCELL_ROW_4_210,VDD,Metal1,262.0800,34.6100,3.300000
TAP_TAPCELL_ROW_4_209,VDD,Metal1,222.8800,34.6100,3.300000
TAP_TAPCELL_ROW_4_208,VDD,Metal1,183.6800,34.6100,3.300000
TAP_TAPCELL_ROW_4_207,VDD,Metal1,144.4800,34.6100,3.300000
TAP_TAPCELL_ROW_4_206,VDD,Metal1,105.2800,34.6100,3.300000
TAP_TAPCELL_ROW_4_205,VDD,Metal1,66.0800,34.6100,3.300000
TAP_TAPCELL_ROW_4_204,VDD,Metal1,26.8800,34.6100,3.300000
TAP_TAPCELL_ROW_3_203,VDD,Metal1,320.8800,28.1100,3.300000
TAP_TAPCELL_ROW_3_202,VDD,Metal1,281.6800,28.1100,3.300000
TAP_TAPCELL_ROW_3_201,VDD,Metal1,242.4800,28.1100,3.300000
TAP_TAPCELL_ROW_3_200,VDD,Metal1,203.2800,28.1100,3.300000
TAP_TAPCELL_ROW_3_199,VDD,Metal1,164.0800,28.1100,3.300000
TAP_TAPCELL_ROW_3_198,VDD,Metal1,124.8800,28.1100,3.300000
TAP_TAPCELL_ROW_3_197,VDD,Metal1,85.6800,28.1100,3.300000
TAP_TAPCELL_ROW_3_196,VDD,Metal1,46.4800,28.1100,3.300000
TAP_TAPCELL_ROW_2_195,VDD,Metal1,301.2800,26.7700,3.300000
TAP_TAPCELL_ROW_2_194,VDD,Metal1,262.0800,26.7700,3.300000
TAP_TAPCELL_ROW_2_193,VDD,Metal1,222.8800,26.7700,3.300000
TAP_TAPCELL_ROW_2_192,VDD,Metal1,183.6800,26.7700,3.300000
TAP_TAPCELL_ROW_2_191,VDD,Metal1,144.4800,26.7700,3.300000
TAP_TAPCELL_ROW_2_190,VDD,Metal1,105.2800,26.7700,3.300000
TAP_TAPCELL_ROW_2_189,VDD,Metal1,66.0800,26.7700,3.300000
TAP_TAPCELL_ROW_2_188,VDD,Metal1,26.8800,26.7700,3.300000
TAP_TAPCELL_ROW_1_187,VDD,Metal1,320.8800,20.2700,3.300000
TAP_TAPCELL_ROW_1_186,VDD,Metal1,281.6800,20.2700,3.300000
TAP_TAPCELL_ROW_1_185,VDD,Metal1,242.4800,20.2700,3.300000
TAP_TAPCELL_ROW_1_184,VDD,Metal1,203.2800,20.2700,3.300000
TAP_TAPCELL_ROW_1_183,VDD,Metal1,164.0800,20.2700,3.300000
TAP_TAPCELL_ROW_1_182,VDD,Metal1,124.8800,20.2700,3.300000
TAP_TAPCELL_ROW_1_181,VDD,Metal1,85.6800,20.2700,3.300000
TAP_TAPCELL_ROW_1_180,VDD,Metal1,46.4800,20.2700,3.300000
TAP_TAPCELL_ROW_0_179,VDD,Metal1,311.9200,18.9300,3.300000
TAP_TAPCELL_ROW_0_178,VDD,Metal1,292.8800,18.9300,3.300000
TAP_TAPCELL_ROW_0_177,VDD,Metal1,273.8400,18.9300,3.300000
TAP_TAPCELL_ROW_0_176,VDD,Metal1,254.8000,18.9300,3.300000
TAP_TAPCELL_ROW_0_175,VDD,Metal1,235.7600,18.9300,3.300000
TAP_TAPCELL_ROW_0_174,VDD,Metal1,216.7200,18.9300,3.300000
TAP_TAPCELL_ROW_0_173,VDD,Metal1,197.6800,18.9300,3.300000
TAP_TAPCELL_ROW_0_172,VDD,Metal1,178.6400,18.9300,3.300000
TAP_TAPCELL_ROW_0_171,VDD,Metal1,159.6000,18.9300,3.300000
TAP_TAPCELL_ROW_0_170,VDD,Metal1,140.5600,18.9300,3.300000
TAP_TAPCELL_ROW_0_169,VDD,Metal1,121.5200,18.9300,3.300000
TAP_TAPCELL_ROW_0_168,VDD,Metal1,102.4800,18.9300,3.300000
TAP_TAPCELL_ROW_0_167,VDD,Metal1,83.4400,18.9300,3.300000
TAP_TAPCELL_ROW_0_166,VDD,Metal1,64.4000,18.9300,3.300000
TAP_TAPCELL_ROW_0_165,VDD,Metal1,45.3600,18.9300,3.300000
TAP_TAPCELL_ROW_0_164,VDD,Metal1,26.3200,18.9300,3.300000
PHY_EDGE_ROW_81_Left_163,VDD,Metal1,7.2730,333.8715,3.299988
PHY_EDGE_ROW_80_Left_162,VDD,Metal1,7.2730,332.5280,3.299988
PHY_EDGE_ROW_79_Left_161,VDD,Metal1,7.2730,326.0315,3.299985
PHY_EDGE_ROW_78_Left_160,VDD,Metal1,7.2730,324.6880,3.299985
PHY_EDGE_ROW_77_Left_159,VDD,Metal1,7.2730,318.1915,3.299987
PHY_EDGE_ROW_76_Left_158,VDD,Metal1,7.2730,316.8480,3.299987
PHY_EDGE_ROW_75_Left_157,VDD,Metal1,7.2730,310.3515,3.299988
PHY_EDGE_ROW_74_Left_156,VDD,Metal1,7.2730,309.0080,3.299988
PHY_EDGE_ROW_73_Left_155,VDD,Metal1,7.2730,302.5115,3.299959
PHY_EDGE_ROW_72_Left_154,VDD,Metal1,7.2730,301.1680,3.299959
PHY_EDGE_ROW_71_Left_153,VDD,Metal1,7.2730,294.6715,3.299966
PHY_EDGE_ROW_70_Left_152,VDD,Metal1,7.2730,293.3280,3.299966
PHY_EDGE_ROW_69_Left_151,VDD,Metal1,7.2730,286.8315,3.299956
PHY_EDGE_ROW_68_Left_150,VDD,Metal1,7.2730,285.4880,3.299956
PHY_EDGE_ROW_67_Left_149,VDD,Metal1,7.2730,278.9915,3.299948
PHY_EDGE_ROW_66_Left_148,VDD,Metal1,7.2730,277.6480,3.299948
PHY_EDGE_ROW_65_Left_147,VDD,Metal1,7.2730,271.1515,3.299966
PHY_EDGE_ROW_64_Left_146,VDD,Metal1,7.2730,269.8080,3.299966
PHY_EDGE_ROW_63_Left_145,VDD,Metal1,7.2730,263.3115,3.299966
PHY_EDGE_ROW_62_Left_144,VDD,Metal1,7.2730,261.9680,3.299966
PHY_EDGE_ROW_61_Left_143,VDD,Metal1,7.2730,255.4715,3.299977
PHY_EDGE_ROW_60_Left_142,VDD,Metal1,7.2730,254.1280,3.299977
PHY_EDGE_ROW_59_Left_141,VDD,Metal1,7.2730,247.6315,3.299993
PHY_EDGE_ROW_58_Left_140,VDD,Metal1,7.2730,246.2880,3.299993
PHY_EDGE_ROW_57_Left_139,VDD,Metal1,7.2730,239.7915,3.299993
PHY_EDGE_ROW_56_Left_138,VDD,Metal1,7.2730,238.4480,3.299993
PHY_EDGE_ROW_55_Left_137,VDD,Metal1,7.2730,231.9515,3.299993
PHY_EDGE_ROW_54_Left_136,VDD,Metal1,7.2730,230.6080,3.299993
PHY_EDGE_ROW_53_Left_135,VDD,Metal1,7.2730,224.1115,3.299996
PHY_EDGE_ROW_52_Left_134,VDD,Metal1,7.2730,222.7680,3.299996
PHY_EDGE_ROW_51_Left_133,VDD,Metal1,7.2730,216.2715,3.299998
PHY_EDGE_ROW_50_Left_132,VDD,Metal1,7.2730,214.9280,3.299998
PHY_EDGE_ROW_49_Left_131,VDD,Metal1,7.2730,208.4315,3.299998
PHY_EDGE_ROW_48_Left_130,VDD,Metal1,7.2730,207.0880,3.299998
PHY_EDGE_ROW_47_Left_129,VDD,Metal1,7.2730,200.5915,3.299970
PHY_EDGE_ROW_46_Left_128,VDD,Metal1,7.2730,199.2480,3.299970
PHY_EDGE_ROW_45_Left_127,VDD,Metal1,7.2730,192.7515,3.299993
PHY_EDGE_ROW_44_Left_126,VDD,Metal1,7.2730,191.4080,3.299993
PHY_EDGE_ROW_43_Left_125,VDD,Metal1,7.2730,184.9115,3.299962
PHY_EDGE_ROW_42_Left_124,VDD,Metal1,7.2730,183.5680,3.299962
PHY_EDGE_ROW_41_Left_123,VDD,Metal1,7.2730,177.0715,3.299995
PHY_EDGE_ROW_40_Left_122,VDD,Metal1,7.2730,175.7280,3.299995
PHY_EDGE_ROW_39_Left_121,VDD,Metal1,7.2730,169.2315,3.299972
PHY_EDGE_ROW_38_Left_120,VDD,Metal1,7.2730,167.8880,3.299972
PHY_EDGE_ROW_37_Left_119,VDD,Metal1,7.2730,161.3915,3.299972
PHY_EDGE_ROW_36_Left_118,VDD,Metal1,7.2730,160.0480,3.299972
PHY_EDGE_ROW_35_Left_117,VDD,Metal1,7.2730,153.5515,3.299979
PHY_EDGE_ROW_34_Left_116,VDD,Metal1,7.2730,152.2080,3.299979
PHY_EDGE_ROW_33_Left_115,VDD,Metal1,7.2730,145.7115,3.299896
PHY_EDGE_ROW_32_Left_114,VDD,Metal1,7.2730,144.3680,3.299896
PHY_EDGE_ROW_31_Left_113,VDD,Metal1,7.2730,137.8715,3.299941
PHY_EDGE_ROW_30_Left_112,VDD,Metal1,7.2730,136.5280,3.299941
PHY_EDGE_ROW_29_Left_111,VDD,Metal1,7.2730,130.0315,3.299949
PHY_EDGE_ROW_28_Left_110,VDD,Metal1,7.2730,128.6880,3.299949
PHY_EDGE_ROW_27_Left_109,VDD,Metal1,7.2730,122.1915,3.299902
PHY_EDGE_ROW_26_Left_108,VDD,Metal1,7.2730,120.8480,3.299902
PHY_EDGE_ROW_25_Left_107,VDD,Metal1,7.2730,114.3515,3.299944
PHY_EDGE_ROW_24_Left_106,VDD,Metal1,7.2730,113.0080,3.299944
PHY_EDGE_ROW_23_Left_105,VDD,Metal1,7.2730,106.5115,3.299971
PHY_EDGE_ROW_22_Left_104,VDD,Metal1,7.2730,105.1680,3.299971
PHY_EDGE_ROW_21_Left_103,VDD,Metal1,7.2730,98.6715,3.299955
PHY_EDGE_ROW_20_Left_102,VDD,Metal1,7.2730,97.3280,3.299955
PHY_EDGE_ROW_19_Left_101,VDD,Metal1,7.2730,90.8315,3.299962
PHY_EDGE_ROW_18_Left_100,VDD,Metal1,7.2730,89.4880,3.299962
PHY_EDGE_ROW_17_Left_99,VDD,Metal1,7.2730,82.9915,3.299898
PHY_EDGE_ROW_16_Left_98,VDD,Metal1,7.2730,81.6480,3.299898
PHY_EDGE_ROW_15_Left_97,VDD,Metal1,7.2730,75.1515,3.299940
PHY_EDGE_ROW_14_Left_96,VDD,Metal1,7.2730,73.8080,3.299940
PHY_EDGE_ROW_13_Left_95,VDD,Metal1,7.2730,67.3115,3.299915
PHY_EDGE_ROW_12_Left_94,VDD,Metal1,7.2730,65.9680,3.299915
PHY_EDGE_ROW_11_Left_93,VDD,Metal1,7.2730,59.4715,3.299960
PHY_EDGE_ROW_10_Left_92,VDD,Metal1,7.2730,58.1280,3.299960
PHY_EDGE_ROW_9_Left_91,VDD,Metal1,7.2730,51.6315,3.299982
PHY_EDGE_ROW_8_Left_90,VDD,Metal1,7.2730,50.2880,3.299982
PHY_EDGE_ROW_7_Left_89,VDD,Metal1,7.2730,43.7915,3.299997
PHY_EDGE_ROW_6_Left_88,VDD,Metal1,7.2730,42.4480,3.299997
PHY_EDGE_ROW_5_Left_87,VDD,Metal1,7.2730,35.9515,3.300000
PHY_EDGE_ROW_4_Left_86,VDD,Metal1,7.2730,34.6080,3.300000
PHY_EDGE_ROW_3_Left_85,VDD,Metal1,7.2730,28.1115,3.300000
PHY_EDGE_ROW_2_Left_84,VDD,Metal1,7.2730,26.7680,3.300000
PHY_EDGE_ROW_1_Left_83,VDD,Metal1,7.2730,20.2715,3.300000
PHY_EDGE_ROW_0_Left_82,VDD,Metal1,7.2730,18.9280,3.300000
PHY_EDGE_ROW_81_Right_81,VDD,Metal1,328.7265,333.8715,3.299977
PHY_EDGE_ROW_80_Right_80,VDD,Metal1,328.7265,332.5280,3.299977
PHY_EDGE_ROW_79_Right_79,VDD,Metal1,328.7265,326.0315,3.299982
PHY_EDGE_ROW_78_Right_78,VDD,Metal1,328.7265,324.6880,3.299982
PHY_EDGE_ROW_77_Right_77,VDD,Metal1,328.7265,318.1915,3.299986
PHY_EDGE_ROW_76_Right_76,VDD,Metal1,328.7265,316.8480,3.299986
PHY_EDGE_ROW_75_Right_75,VDD,Metal1,328.7265,310.3515,3.299987
PHY_EDGE_ROW_74_Right_74,VDD,Metal1,328.7265,309.0080,3.299987
PHY_EDGE_ROW_73_Right_73,VDD,Metal1,328.7265,302.5115,3.299956
PHY_EDGE_ROW_72_Right_72,VDD,Metal1,328.7265,301.1680,3.299956
PHY_EDGE_ROW_71_Right_71,VDD,Metal1,328.7265,294.6715,3.299964
PHY_EDGE_ROW_70_Right_70,VDD,Metal1,328.7265,293.3280,3.299964
PHY_EDGE_ROW_69_Right_69,VDD,Metal1,328.7265,286.8315,3.299945
PHY_EDGE_ROW_68_Right_68,VDD,Metal1,328.7265,285.4880,3.299945
PHY_EDGE_ROW_67_Right_67,VDD,Metal1,328.7265,278.9915,3.299939
PHY_EDGE_ROW_66_Right_66,VDD,Metal1,328.7265,277.6480,3.299939
PHY_EDGE_ROW_65_Right_65,VDD,Metal1,328.7265,271.1515,3.299959
PHY_EDGE_ROW_64_Right_64,VDD,Metal1,328.7265,269.8080,3.299959
PHY_EDGE_ROW_63_Right_63,VDD,Metal1,328.7265,263.3115,3.299937
PHY_EDGE_ROW_62_Right_62,VDD,Metal1,328.7265,261.9680,3.299937
PHY_EDGE_ROW_61_Right_61,VDD,Metal1,328.7265,255.4715,3.299965
PHY_EDGE_ROW_60_Right_60,VDD,Metal1,328.7265,254.1280,3.299965
PHY_EDGE_ROW_59_Right_59,VDD,Metal1,328.7265,247.6315,3.299989
PHY_EDGE_ROW_58_Right_58,VDD,Metal1,328.7265,246.2880,3.299989
PHY_EDGE_ROW_57_Right_57,VDD,Metal1,328.7265,239.7915,3.299990
PHY_EDGE_ROW_56_Right_56,VDD,Metal1,328.7265,238.4480,3.299990
PHY_EDGE_ROW_55_Right_55,VDD,Metal1,328.7265,231.9515,3.299990
PHY_EDGE_ROW_54_Right_54,VDD,Metal1,328.7265,230.6080,3.299990
PHY_EDGE_ROW_53_Right_53,VDD,Metal1,328.7265,224.1115,3.299996
PHY_EDGE_ROW_52_Right_52,VDD,Metal1,328.7265,222.7680,3.299996
PHY_EDGE_ROW_51_Right_51,VDD,Metal1,328.7265,216.2715,3.299998
PHY_EDGE_ROW_50_Right_50,VDD,Metal1,328.7265,214.9280,3.299998
PHY_EDGE_ROW_49_Right_49,VDD,Metal1,328.7265,208.4315,3.299997
PHY_EDGE_ROW_48_Right_48,VDD,Metal1,328.7265,207.0880,3.299997
PHY_EDGE_ROW_47_Right_47,VDD,Metal1,328.7265,200.5915,3.299957
PHY_EDGE_ROW_46_Right_46,VDD,Metal1,328.7265,199.2480,3.299957
PHY_EDGE_ROW_45_Right_45,VDD,Metal1,328.7265,192.7515,3.299988
PHY_EDGE_ROW_44_Right_44,VDD,Metal1,328.7265,191.4080,3.299988
PHY_EDGE_ROW_43_Right_43,VDD,Metal1,328.7265,184.9115,3.299934
PHY_EDGE_ROW_42_Right_42,VDD,Metal1,328.7265,183.5680,3.299934
PHY_EDGE_ROW_41_Right_41,VDD,Metal1,328.7265,177.0715,3.299992
PHY_EDGE_ROW_40_Right_40,VDD,Metal1,328.7265,175.7280,3.299992
PHY_EDGE_ROW_39_Right_39,VDD,Metal1,328.7265,169.2315,3.299953
PHY_EDGE_ROW_38_Right_38,VDD,Metal1,328.7265,167.8880,3.299953
PHY_EDGE_ROW_37_Right_37,VDD,Metal1,328.7265,161.3915,3.299943
PHY_EDGE_ROW_36_Right_36,VDD,Metal1,328.7265,160.0480,3.299943
PHY_EDGE_ROW_35_Right_35,VDD,Metal1,328.7265,153.5515,3.299965
PHY_EDGE_ROW_34_Right_34,VDD,Metal1,328.7265,152.2080,3.299965
PHY_EDGE_ROW_33_Right_33,VDD,Metal1,328.7265,145.7115,3.299875
PHY_EDGE_ROW_32_Right_32,VDD,Metal1,328.7265,144.3680,3.299875
PHY_EDGE_ROW_31_Right_31,VDD,Metal1,328.7265,137.8715,3.299918
PHY_EDGE_ROW_30_Right_30,VDD,Metal1,328.7265,136.5280,3.299918
PHY_EDGE_ROW_29_Right_29,VDD,Metal1,328.7265,130.0315,3.299945
PHY_EDGE_ROW_28_Right_28,VDD,Metal1,328.7265,128.6880,3.299945
PHY_EDGE_ROW_27_Right_27,VDD,Metal1,328.7265,122.1915,3.299844
PHY_EDGE_ROW_26_Right_26,VDD,Metal1,328.7265,120.8480,3.299844
PHY_EDGE_ROW_25_Right_25,VDD,Metal1,328.7265,114.3515,3.299933
PHY_EDGE_ROW_24_Right_24,VDD,Metal1,328.7265,113.0080,3.299933
PHY_EDGE_ROW_23_Right_23,VDD,Metal1,328.7265,106.5115,3.299957
PHY_EDGE_ROW_22_Right_22,VDD,Metal1,328.7265,105.1680,3.299957
PHY_EDGE_ROW_21_Right_21,VDD,Metal1,328.7265,98.6715,3.299940
PHY_EDGE_ROW_20_Right_20,VDD,Metal1,328.7265,97.3280,3.299940
PHY_EDGE_ROW_19_Right_19,VDD,Metal1,328.7265,90.8315,3.299945
PHY_EDGE_ROW_18_Right_18,VDD,Metal1,328.7265,89.4880,3.299945
PHY_EDGE_ROW_17_Right_17,VDD,Metal1,328.7265,82.9915,3.299880
PHY_EDGE_ROW_16_Right_16,VDD,Metal1,328.7265,81.6480,3.299880
PHY_EDGE_ROW_15_Right_15,VDD,Metal1,328.7265,75.1515,3.299935
PHY_EDGE_ROW_14_Right_14,VDD,Metal1,328.7265,73.8080,3.299935
PHY_EDGE_ROW_13_Right_13,VDD,Metal1,328.7265,67.3115,3.299901
PHY_EDGE_ROW_12_Right_12,VDD,Metal1,328.7265,65.9680,3.299901
PHY_EDGE_ROW_11_Right_11,VDD,Metal1,328.7265,59.4715,3.299956
PHY_EDGE_ROW_10_Right_10,VDD,Metal1,328.7265,58.1280,3.299956
PHY_EDGE_ROW_9_Right_9,VDD,Metal1,328.7265,51.6315,3.299981
PHY_EDGE_ROW_8_Right_8,VDD,Metal1,328.7265,50.2880,3.299981
PHY_EDGE_ROW_7_Right_7,VDD,Metal1,328.7265,43.7915,3.299997
PHY_EDGE_ROW_6_Right_6,VDD,Metal1,328.7265,42.4480,3.299997
PHY_EDGE_ROW_5_Right_5,VDD,Metal1,328.7265,35.9515,3.300000
PHY_EDGE_ROW_4_Right_4,VDD,Metal1,328.7265,34.6080,3.300000
PHY_EDGE_ROW_3_Right_3,VDD,Metal1,328.7265,28.1115,3.300000
PHY_EDGE_ROW_2_Right_2,VDD,Metal1,328.7265,26.7680,3.300000
PHY_EDGE_ROW_1_Right_1,VDD,Metal1,328.7265,20.2715,3.300000
PHY_EDGE_ROW_0_Right_0,VDD,Metal1,328.7265,18.9280,3.300000
_1680_,VDD,Metal1,49.8365,144.4365,3.299886
_1679_,VDD,Metal1,34.1565,153.4830,3.299979
_1678_,VDD,Metal1,17.9165,145.6430,3.299896
_1677_,VDD,Metal1,128.8000,136.5710,3.299938
_1676_,VDD,Metal1,101.9165,137.8030,3.299938
_1675_,VDD,Metal1,17.9165,161.3230,3.299972
_1674_,VDD,Metal1,95.7565,113.0765,3.299943
_1673_,VDD,Metal1,17.9165,114.2830,3.299944
_1672_,VDD,Metal1,17.9165,106.4430,3.299971
_1671_,VDD,Metal1,115.3600,106.4685,3.299969
_1670_,VDD,Metal1,20.1565,90.7630,3.299962
_1669_,VDD,Metal1,43.6765,105.2365,3.299970
_1668_,VDD,Metal1,36.3965,98.6030,3.299954
_1667_,VDD,Metal1,36.4030,97.3965,3.299954
_1666_,VDD,Metal1,61.0365,114.2830,3.299943
_1665_,VDD,Metal1,56.5565,97.3965,3.299954
_1664_,VDD,Metal1,73.9165,98.6030,3.299954
_1663_,VDD,Metal1,146.1600,98.6285,3.299952
_1662_,VDD,Metal1,85.1165,105.2365,3.299970
_1661_,VDD,Metal1,155.1165,120.9165,3.299885
_1660_,VDD,Metal1,57.6765,90.7630,3.299960
_1659_,VDD,Metal1,100.2365,98.6030,3.299953
_1658_,VDD,Metal1,139.4400,114.3085,3.299943
_1657_,VDD,Metal1,36.9565,114.2830,3.299943
_1656_,VDD,Metal1,36.9565,122.1230,3.299900
_1655_,VDD,Metal1,167.4400,113.0510,3.299944
_1654_,VDD,Metal1,126.0000,113.0510,3.299943
_1653_,VDD,Metal1,144.4765,75.0830,3.299937
_1652_,VDD,Metal1,105.8365,82.9230,3.299889
_1651_,VDD,Metal1,82.8765,97.3965,3.299954
_1650_,VDD,Metal1,155.6765,81.7165,3.299888
_1649_,VDD,Metal1,87.3565,89.5565,3.299959
_1648_,VDD,Metal1,136.6400,82.9485,3.299889
_1647_,VDD,Metal1,120.3965,81.7165,3.299889
_1646_,VDD,Metal1,89.5965,81.7165,3.299892
_1645_,VDD,Metal1,50.4030,81.7165,3.299896
_1644_,VDD,Metal1,17.9165,75.0830,3.299940
_1643_,VDD,Metal1,104.7165,75.0830,3.299938
_1642_,VDD,Metal1,17.9165,59.4030,3.299960
_1641_,VDD,Metal1,71.1165,82.9230,3.299893
_1640_,VDD,Metal1,36.3965,82.9230,3.299896
_1639_,VDD,Metal1,118.1600,73.8510,3.299938
_1638_,VDD,Metal1,25.7565,67.2430,3.299915
_1637_,VDD,Metal1,166.3200,97.3710,3.299952
_1636_,VDD,Metal1,139.9965,90.7630,3.299959
_1635_,VDD,Metal1,159.6000,89.5310,3.299958
_1634_,VDD,Metal1,122.6400,97.3710,3.299952
_1633_,VDD,Metal1,119.8365,105.2365,3.299969
_1632_,VDD,Metal1,283.9165,66.0365,3.299901
_1631_,VDD,Metal1,280.5600,73.8510,3.299936
_1630_,VDD,Metal1,244.7200,58.1710,3.299956
_1629_,VDD,Metal1,193.7600,59.4285,3.299957
_1628_,VDD,Metal1,295.1165,51.5630,3.299981
_1627_,VDD,Metal1,282.2365,50.3565,3.299981
_1626_,VDD,Metal1,229.5965,51.5630,3.299981
_1625_,VDD,Metal1,195.4400,58.1710,3.299957
_1624_,VDD,Metal1,299.5965,67.2430,3.299901
_1623_,VDD,Metal1,241.3600,73.8510,3.299936
_1622_,VDD,Metal1,308.5565,59.4030,3.299956
_1621_,VDD,Metal1,257.0365,67.2430,3.299901
_1620_,VDD,Metal1,224.5600,67.2685,3.299903
_1619_,VDD,Metal1,215.0400,59.4285,3.299957
_1618_,VDD,Metal1,273.8400,58.1710,3.299956
_1617_,VDD,Metal1,258.1600,59.4285,3.299956
_1616_,VDD,Metal1,64.3965,59.4030,3.299959
_1615_,VDD,Metal1,154.0000,67.2685,3.299912
_1614_,VDD,Metal1,115.3600,59.4285,3.299958
_1613_,VDD,Metal1,67.1965,51.5630,3.299982
_1612_,VDD,Metal1,140.0000,59.4285,3.299958
_1611_,VDD,Metal1,159.0400,66.0110,3.299912
_1610_,VDD,Metal1,100.7965,51.5630,3.299982
_1609_,VDD,Metal1,87.9165,58.1965,3.299958
_1608_,VDD,Metal1,134.9600,66.0110,3.299912
_1607_,VDD,Metal1,43.6765,73.8765,3.299938
_1606_,VDD,Metal1,70.5565,67.2430,3.299913
_1605_,VDD,Metal1,21.8365,51.5630,3.299982
_1604_,VDD,Metal1,84.5600,66.0110,3.299913
_1603_,VDD,Metal1,49.2765,58.1965,3.299959
_1602_,VDD,Metal1,36.9565,59.4030,3.299959
_1601_,VDD,Metal1,20.1565,43.7230,3.299997
_1600_,VDD,Metal1,287.2765,316.9165,3.299986
_1599_,VDD,Metal1,276.6365,324.7565,3.299982
_1598_,VDD,Metal1,271.0430,325.9630,3.299982
_1597_,VDD,Metal1,253.1165,325.9630,3.299984
_1596_,VDD,Metal1,248.9490,324.7815,3.299984
_1595_,VDD,Metal1,233.8290,332.6215,3.299979
_1594_,VDD,Metal1,269.9230,318.1230,3.299986
_1593_,VDD,Metal1,220.6400,137.8285,3.299924
_1592_,VDD,Metal1,276.0765,332.5965,3.299977
_1591_,VDD,Metal1,72.7965,153.4830,3.299978
_1590_,VDD,Metal1,295.6765,255.4030,3.299967
_1589_,VDD,Metal1,293.4365,231.8830,3.299990
_1588_,VDD,Metal1,279.4365,238.5165,3.299991
_1587_,VDD,Metal1,266.0000,184.8685,3.299936
_1586_,VDD,Metal1,220.0765,145.6430,3.299880
_1585_,VDD,Metal1,194.3165,277.7165,3.299942
_1584_,VDD,Metal1,287.2765,285.5565,3.299945
_1583_,VDD,Metal1,295.6765,271.0830,3.299960
_1582_,VDD,Metal1,232.9565,153.4830,3.299974
_1581_,VDD,Metal1,253.1165,192.6830,3.299988
_1580_,VDD,Metal1,233.5165,160.1165,3.299945
_1579_,VDD,Metal1,209.4785,152.2315,3.299975
_1578_,VDD,Metal1,197.1200,144.4110,3.299880
_1577_,VDD,Metal1,185.9200,145.6685,3.299880
_1576_,VDD,Metal1,217.8400,161.3485,3.299945
_1575_,VDD,Metal1,174.1565,277.7165,3.299942
_1574_,VDD,Metal1,149.5165,271.0830,3.299963
_1573_,VDD,Metal1,134.3965,277.7165,3.299941
_1572_,VDD,Metal1,122.6365,269.8765,3.299963
_1571_,VDD,Metal1,110.8765,255.4030,3.299975
_1570_,VDD,Metal1,87.9165,262.0365,3.299964
_1569_,VDD,Metal1,100.8030,271.0830,3.299963
_1568_,VDD,Metal1,89.5965,277.7165,3.299948
_1567_,VDD,Metal1,283.3565,262.0365,3.299938
_1566_,VDD,Metal1,281.1165,254.1965,3.299967
_1565_,VDD,Metal1,265.9965,278.9230,3.299940
_1564_,VDD,Metal1,253.6765,286.7630,3.299946
_1563_,VDD,Metal1,221.7565,294.6030,3.299966
_1562_,VDD,Metal1,205.5230,293.3965,3.299966
_1561_,VDD,Metal1,273.8365,293.3965,3.299964
_1560_,VDD,Metal1,267.1230,247.5630,3.299989
_1559_,VDD,Metal1,261.5230,271.0830,3.299960
_1558_,VDD,Metal1,252.5600,269.8510,3.299960
_1557_,VDD,Metal1,225.6415,255.4485,3.299972
_1556_,VDD,Metal1,204.9215,269.8315,3.299961
_1555_,VDD,Metal1,219.5585,278.9685,3.299941
_1554_,VDD,Metal1,229.0785,271.1285,3.299960
_1553_,VDD,Metal1,273.8365,277.7165,3.299940
_1552_,VDD,Metal1,238.5565,309.0765,3.299988
_1551_,VDD,Metal1,230.1600,302.4685,3.299957
_1550_,VDD,Metal1,259.2800,302.4685,3.299957
_1549_,VDD,Metal1,243.6000,293.3710,3.299966
_1548_,VDD,Metal1,107.5165,278.9230,3.299942
_1547_,VDD,Metal1,185.9165,278.9230,3.299942
_1546_,VDD,Metal1,159.0365,285.5565,3.299955
_1545_,VDD,Metal1,276.6365,152.2765,3.299965
_1544_,VDD,Metal1,297.3565,137.8030,3.299918
_1543_,VDD,Metal1,253.1165,137.8030,3.299923
_1542_,VDD,Metal1,294.5565,145.6430,3.299875
_1541_,VDD,Metal1,281.6765,128.7565,3.299945
_1540_,VDD,Metal1,319.1965,144.4365,3.299875
_1539_,VDD,Metal1,319.1965,183.6365,3.299934
_1538_,VDD,Metal1,291.7600,167.9310,3.299953
_1537_,VDD,Metal1,305.7565,184.8430,3.299934
_1536_,VDD,Metal1,304.0765,129.9630,3.299945
_1535_,VDD,Metal1,272.7165,136.5965,3.299923
_1534_,VDD,Metal1,319.1965,136.5965,3.299918
_1533_,VDD,Metal1,301.2800,161.3485,3.299943
_1532_,VDD,Metal1,252.5565,136.5965,3.299923
_1531_,VDD,Metal1,254.8000,169.1885,3.299956
_1530_,VDD,Metal1,266.0000,145.6685,3.299876
_1529_,VDD,Metal1,266.0000,177.0285,3.299992
_1528_,VDD,Metal1,259.2800,153.5085,3.299973
_1527_,VDD,Metal1,271.5965,161.3230,3.299943
_1526_,VDD,Metal1,260.9565,122.1230,3.299845
_1525_,VDD,Metal1,273.8400,120.8910,3.299845
_1524_,VDD,Metal1,319.1965,128.7565,3.299945
_1523_,VDD,Metal1,278.8830,113.0765,3.299933
_1522_,VDD,Metal1,319.1965,120.9165,3.299844
_1521_,VDD,Metal1,305.7565,114.2830,3.299933
_1520_,VDD,Metal1,293.9965,122.1230,3.299844
_1519_,VDD,Metal1,259.8400,106.4685,3.299966
_1518_,VDD,Metal1,292.8830,106.4430,3.299957
_1517_,VDD,Metal1,319.1965,105.2365,3.299957
_1516_,VDD,Metal1,271.5965,98.6030,3.299940
_1515_,VDD,Metal1,288.4000,97.3710,3.299940
_1514_,VDD,Metal1,304.0765,98.6030,3.299940
_1513_,VDD,Metal1,264.3200,90.7885,3.299945
_1512_,VDD,Metal1,300.1565,90.7630,3.299945
_1511_,VDD,Metal1,279.4400,89.5310,3.299945
_1510_,VDD,Metal1,242.4800,97.3710,3.299945
_1509_,VDD,Metal1,252.5565,89.5565,3.299946
_1508_,VDD,Metal1,219.5165,114.2830,3.299936
_1507_,VDD,Metal1,253.1165,114.2830,3.299936
_1506_,VDD,Metal1,240.7965,120.9165,3.299846
_1505_,VDD,Metal1,237.4400,113.0510,3.299936
_1504_,VDD,Metal1,223.4400,106.4685,3.299967
_1503_,VDD,Metal1,319.1965,97.3965,3.299940
_1502_,VDD,Metal1,319.1965,81.7165,3.299880
_1501_,VDD,Metal1,319.1965,89.5565,3.299945
_1500_,VDD,Metal1,245.8365,81.7165,3.299884
_1499_,VDD,Metal1,300.7165,75.0830,3.299935
_1498_,VDD,Metal1,265.4400,75.1085,3.299936
_1497_,VDD,Metal1,319.1965,73.8765,3.299935
_1496_,VDD,Metal1,319.1965,66.0365,3.299901
_1495_,VDD,Metal1,180.8800,82.9485,3.299887
_1494_,VDD,Metal1,178.0800,90.7885,3.299951
_1493_,VDD,Metal1,193.7600,75.1085,3.299937
_1492_,VDD,Metal1,213.3565,81.7165,3.299886
_1491_,VDD,Metal1,223.4365,75.0830,3.299936
_1490_,VDD,Metal1,174.7165,67.2430,3.299912
_1489_,VDD,Metal1,174.1600,73.8510,3.299938
_1488_,VDD,Metal1,202.7200,73.8510,3.299937
_1487_,VDD,Metal1,233.5165,89.5565,3.299951
_1486_,VDD,Metal1,232.9565,129.9630,3.299948
_1485_,VDD,Metal1,201.0400,89.5310,3.299951
_1484_,VDD,Metal1,218.4000,90.7885,3.299951
_1483_,VDD,Metal1,198.2365,97.3965,3.299951
_1482_,VDD,Metal1,143.3565,137.8030,3.299938
_1481_,VDD,Metal1,19.0365,129.9630,3.299949
_1480_,VDD,Metal1,17.9165,122.1230,3.299902
_1479_,VDD,Metal1,68.8765,129.9630,3.299948
_1478_,VDD,Metal1,88.4765,136.5965,3.299938
_1477_,VDD,Metal1,101.3565,129.9630,3.299948
_1476_,VDD,Metal1,149.5165,129.9630,3.299948
_1475_,VDD,Metal1,31.9165,137.8030,3.299941
_1474_,VDD,Metal1,47.6030,136.5965,3.299940
_1473_,VDD,Metal1,69.9965,137.8030,3.299939
_1472_,VDD,Metal1,127.6765,128.7565,3.299948
_1471_,VDD,Metal1,115.3565,122.1230,3.299885
_1470_,VDD,Metal1,80.6365,120.9165,3.299887
_1469_,VDD,Metal1,173.6000,136.5710,3.299937
_1468_,VDD,Metal1,57.1165,122.1230,3.299899
_1467_,VDD,Metal1,268.1325,129.9390,3.299946
_1466_,VDD,Metal1,313.7075,153.4590,3.299965
_1465_,VDD,Metal1,295.2275,160.1405,3.299943
_1464_,VDD,Metal1,248.7475,129.9390,3.299947
_1463_,VDD,Metal1,247.0675,175.8205,3.299992
_1462_,VDD,Metal1,256.5875,152.3005,3.299973
_1461_,VDD,Metal1,266.1075,175.8205,3.299992
_1460_,VDD,Metal1,250.9965,145.4730,3.299876
_1459_,VDD,Metal1,242.7700,128.7965,3.299948
_1458_,VDD,Metal1,258.0525,161.2990,3.299945
_1457_,VDD,Metal1,256.0275,120.9405,3.299845
_1456_,VDD,Metal1,267.5725,128.7805,3.299946
_1455_,VDD,Metal1,211.3450,113.1115,3.299936
_1454_,VDD,Metal1,315.3875,113.1005,3.299933
_1453_,VDD,Metal1,277.6525,114.2590,3.299933
_1452_,VDD,Metal1,315.3875,122.0990,3.299844
_1451_,VDD,Metal1,305.3075,113.1005,3.299933
_1450_,VDD,Metal1,289.4030,129.7930,3.299945
_1449_,VDD,Metal1,307.7300,120.9565,3.299844
_1448_,VDD,Metal1,253.7875,113.1005,3.299936
_1447_,VDD,Metal1,293.8925,113.1005,3.299933
_1446_,VDD,Metal1,314.8275,106.4190,3.299957
_1445_,VDD,Metal1,213.5850,105.2715,3.299967
_1444_,VDD,Metal1,266.1075,97.4205,3.299940
_1443_,VDD,Metal1,285.7075,98.5790,3.299940
_1442_,VDD,Metal1,295.7875,105.2605,3.299957
_1441_,VDD,Metal1,256.5875,98.5790,3.299944
_1440_,VDD,Metal1,295.0030,89.7265,3.299945
_1439_,VDD,Metal1,303.2300,97.4365,3.299940
_1438_,VDD,Metal1,273.3875,105.2605,3.299958
_1437_,VDD,Metal1,236.4275,98.5790,3.299945
_1436_,VDD,Metal1,246.5075,90.7390,3.299946
_1435_,VDD,Metal1,213.0250,98.5680,3.299946
_1434_,VDD,Metal1,215.7075,120.9405,3.299887
_1433_,VDD,Metal1,238.9800,114.0625,3.299936
_1432_,VDD,Metal1,228.3800,121.0975,3.299885
_1431_,VDD,Metal1,236.9875,122.0990,3.299846
_1430_,VDD,Metal1,235.8675,106.4190,3.299967
_1429_,VDD,Metal1,226.9075,105.2605,3.299967
_1428_,VDD,Metal1,199.4210,98.4760,3.299951
_1427_,VDD,Metal1,315.3875,90.7390,3.299945
_1426_,VDD,Metal1,316.8525,67.2190,3.299901
_1425_,VDD,Metal1,315.1725,75.0590,3.299935
_1424_,VDD,Metal1,238.4525,75.0590,3.299936
_1423_,VDD,Metal1,303.9630,81.8865,3.299880
_1422_,VDD,Metal1,307.7300,81.7565,3.299880
_1421_,VDD,Metal1,259.9475,82.8990,3.299884
_1420_,VDD,Metal1,315.3875,58.2205,3.299956
_1419_,VDD,Metal1,315.3875,51.5390,3.299981
_1418_,VDD,Metal1,203.1480,120.9370,3.299887
_1417_,VDD,Metal1,174.2675,81.7405,3.299887
_1416_,VDD,Metal1,172.5875,75.0590,3.299938
_1415_,VDD,Metal1,193.3075,82.8990,3.299887
_1414_,VDD,Metal1,215.7075,82.8990,3.299886
_1413_,VDD,Metal1,214.9000,74.0975,3.299936
_1412_,VDD,Metal1,211.0200,74.9025,3.299937
_1411_,VDD,Metal1,159.4925,73.9005,3.299938
_1410_,VDD,Metal1,171.4675,66.0605,3.299912
_1409_,VDD,Metal1,197.7875,67.2190,3.299905
_1408_,VDD,Metal1,176.2500,120.9930,3.299888
_1407_,VDD,Metal1,230.8275,90.7390,3.299951
_1406_,VDD,Metal1,228.3725,128.7805,3.299948
_1405_,VDD,Metal1,207.3075,82.8990,3.299886
_1404_,VDD,Metal1,212.9075,97.4205,3.299946
_1403_,VDD,Metal1,194.9875,90.7390,3.299951
_1402_,VDD,Metal1,213.2800,128.9365,3.299948
_1401_,VDD,Metal1,138.4275,144.4605,3.299881
_1400_,VDD,Metal1,16.9075,136.6205,3.299941
_1399_,VDD,Metal1,16.9075,137.7790,3.299941
_1398_,VDD,Metal1,62.0525,128.7805,3.299948
_1397_,VDD,Metal1,81.0600,137.5825,3.299938
_1396_,VDD,Metal1,80.7400,128.9375,3.299948
_1395_,VDD,Metal1,98.6675,122.0990,3.299886
_1394_,VDD,Metal1,148.5075,136.6205,3.299938
_1393_,VDD,Metal1,30.9075,136.6205,3.299941
_1392_,VDD,Metal1,157.7700,128.8330,3.299948
_1391_,VDD,Metal1,50.5075,129.9390,3.299948
_1390_,VDD,Metal1,63.7325,145.6190,3.299882
_1389_,VDD,Metal1,119.3875,129.9390,3.299948
_1388_,VDD,Metal1,109.8675,128.7805,3.299948
_1387_,VDD,Metal1,73.4765,121.9530,3.299887
_1386_,VDD,Metal1,69.7100,122.0830,3.299889
_1385_,VDD,Metal1,167.5475,128.7805,3.299949
_1384_,VDD,Metal1,52.7475,120.9405,3.299899
_1383_,VDD,Metal1,50.5075,137.7790,3.299940
_1382_,VDD,Metal1,190.2680,122.1030,3.299887
_1381_,VDD,Metal1,30.9075,152.3005,3.299979
_1380_,VDD,Metal1,16.9400,152.4975,3.299979
_1379_,VDD,Metal1,24.1800,152.4575,3.299979
_1378_,VDD,Metal1,118.6125,144.4605,3.299880
_1377_,VDD,Metal1,92.2925,144.4605,3.299880
_1376_,VDD,Metal1,14.6675,153.4590,3.299979
_1375_,VDD,Metal1,158.3300,122.0465,3.299885
_1374_,VDD,Metal1,197.3000,128.9250,3.299949
_1373_,VDD,Metal1,190.8400,121.0500,3.299887
_1372_,VDD,Metal1,93.0675,106.4190,3.299970
_1371_,VDD,Metal1,15.7875,120.9405,3.299902
_1370_,VDD,Metal1,15.7875,113.1005,3.299944
_1369_,VDD,Metal1,109.3075,113.1005,3.299943
_1368_,VDD,Metal1,15.2600,97.6175,3.299955
_1367_,VDD,Metal1,48.0600,98.4225,3.299954
_1366_,VDD,Metal1,39.3075,106.4190,3.299970
_1365_,VDD,Metal1,35.3875,90.7390,3.299961
_1364_,VDD,Metal1,17.8125,98.5790,3.299955
_1363_,VDD,Metal1,158.3300,114.2065,3.299944
_1362_,VDD,Metal1,173.8900,128.7965,3.299949
_1361_,VDD,Metal1,57.7875,113.1005,3.299943
_1360_,VDD,Metal1,57.2275,98.5790,3.299954
_1359_,VDD,Metal1,70.1075,105.2605,3.299970
_1358_,VDD,Metal1,138.9875,105.2605,3.299969
_1357_,VDD,Metal1,79.1000,113.2975,3.299943
_1356_,VDD,Metal1,81.6600,113.2575,3.299943
_1355_,VDD,Metal1,148.5075,113.1005,3.299943
_1354_,VDD,Metal1,56.1075,105.2605,3.299970
_1353_,VDD,Metal1,96.4275,97.4205,3.299953
_1352_,VDD,Metal1,158.3300,106.3665,3.299970
_1351_,VDD,Metal1,206.4500,106.3210,3.299967
_1350_,VDD,Metal1,133.3875,106.4190,3.299969
_1349_,VDD,Metal1,33.7400,113.2975,3.299943
_1348_,VDD,Metal1,52.7400,106.2625,3.299970
_1347_,VDD,Metal1,36.5075,120.9405,3.299900
_1346_,VDD,Metal1,161.3875,105.2605,3.299970
_1345_,VDD,Metal1,111.3325,114.2590,3.299943
_1344_,VDD,Metal1,171.7700,114.2065,3.299944
_1343_,VDD,Metal1,184.9800,128.9250,3.299949
_1342_,VDD,Metal1,190.5200,113.2100,3.299937
_1341_,VDD,Metal1,169.9500,120.9565,3.299888
_1340_,VDD,Metal1,138.9875,81.7405,3.299889
_1339_,VDD,Metal1,99.7875,89.5805,3.299959
_1338_,VDD,Metal1,79.6275,90.7390,3.299959
_1337_,VDD,Metal1,152.4275,90.7390,3.299958
_1336_,VDD,Metal1,83.0200,82.7025,3.299892
_1335_,VDD,Metal1,88.5800,82.7425,3.299892
_1334_,VDD,Metal1,128.9075,89.5805,3.299959
_1333_,VDD,Metal1,118.2675,82.8990,3.299889
_1332_,VDD,Metal1,85.2275,73.9005,3.299938
_1331_,VDD,Metal1,179.1385,113.2035,3.299944
_1330_,VDD,Metal1,51.9725,75.0590,3.299938
_1329_,VDD,Metal1,15.7875,82.8990,3.299898
_1328_,VDD,Metal1,99.7875,73.9005,3.299938
_1327_,VDD,Metal1,16.9075,81.7405,3.299898
_1326_,VDD,Metal1,63.9800,81.9375,3.299893
_1325_,VDD,Metal1,68.9800,81.8975,3.299893
_1324_,VDD,Metal1,35.3875,81.7405,3.299896
_1323_,VDD,Metal1,112.1075,66.0605,3.299912
_1322_,VDD,Metal1,20.8275,73.9005,3.299940
_1321_,VDD,Metal1,179.7855,106.3485,3.299970
_1320_,VDD,Metal1,158.5875,98.5790,3.299952
_1319_,VDD,Metal1,133.7230,97.5665,3.299952
_1318_,VDD,Metal1,137.4900,97.4365,3.299952
_1317_,VDD,Metal1,150.1875,97.4205,3.299952
_1316_,VDD,Metal1,118.2675,98.5790,3.299952
_1315_,VDD,Metal1,117.1475,90.7390,3.299959
_1314_,VDD,Metal1,192.2000,98.4700,3.299951
_1313_,VDD,Metal1,277.6525,59.3790,3.299956
_1312_,VDD,Metal1,274.5075,81.7405,3.299883
_1311_,VDD,Metal1,236.9875,59.3790,3.299956
_1310_,VDD,Metal1,190.5075,66.0605,3.299909
_1309_,VDD,Metal1,287.7230,59.2330,3.299956
_1308_,VDD,Metal1,288.1100,58.2365,3.299956
_1307_,VDD,Metal1,277.6525,51.5390,3.299981
_1306_,VDD,Metal1,227.4675,59.3790,3.299957
_1305_,VDD,Metal1,189.9475,51.5390,3.299982
_1304_,VDD,Metal1,199.0250,105.2715,3.299967
_1303_,VDD,Metal1,295.7875,81.7405,3.299881
_1302_,VDD,Metal1,236.9875,67.2190,3.299903
_1301_,VDD,Metal1,305.3075,58.2205,3.299956
_1300_,VDD,Metal1,253.7875,73.9005,3.299936
_1299_,VDD,Metal1,216.3000,66.2575,3.299903
_1298_,VDD,Metal1,220.1800,66.2175,3.299903
_1297_,VDD,Metal1,207.6525,66.0605,3.299904
_1296_,VDD,Metal1,266.1075,66.0605,3.299901
_1295_,VDD,Metal1,252.1075,66.0605,3.299901
_1294_,VDD,Metal1,197.0940,106.3485,3.299967
_1293_,VDD,Metal1,206.7730,114.1015,3.299936
_1292_,VDD,Metal1,60.5875,66.0605,3.299913
_1291_,VDD,Metal1,148.5075,73.9005,3.299937
_1290_,VDD,Metal1,112.6675,58.2205,3.299958
_1289_,VDD,Metal1,70.1075,58.2205,3.299959
_1288_,VDD,Metal1,130.9000,58.4175,3.299958
_1287_,VDD,Metal1,126.4600,59.2225,3.299958
_1286_,VDD,Metal1,153.5475,59.3790,3.299958
_1285_,VDD,Metal1,96.9875,59.3790,3.299958
_1284_,VDD,Metal1,81.6525,59.3790,3.299958
_1283_,VDD,Metal1,180.3455,98.5085,3.299952
_1282_,VDD,Metal1,130.0275,67.2190,3.299912
_1281_,VDD,Metal1,39.3075,67.2190,3.299915
_1280_,VDD,Metal1,65.6275,75.0590,3.299938
_1279_,VDD,Metal1,19.1475,50.3805,3.299982
_1278_,VDD,Metal1,71.8200,66.2575,3.299913
_1277_,VDD,Metal1,81.8600,67.0625,3.299913
_1276_,VDD,Metal1,44.3475,66.0605,3.299915
_1275_,VDD,Metal1,35.9475,66.0605,3.299915
_1274_,VDD,Metal1,18.0275,58.2205,3.299960
_1273_,VDD,Metal1,177.5455,105.3310,3.299970
_1272_,VDD,Metal1,189.7165,106.3180,3.299967
_1271_,VDD,Metal1,185.6500,120.9565,3.299887
_1270_,VDD,Metal1,238.5465,152.5250,3.299974
_1269_,VDD,Metal1,197.8300,114.2065,3.299937
_1268_,VDD,Metal1,289.4125,247.5390,3.299989
_1267_,VDD,Metal1,286.2675,246.3805,3.299989
_1266_,VDD,Metal1,273.3875,255.3790,3.299967
_1265_,VDD,Metal1,258.0525,183.6605,3.299936
_1264_,VDD,Metal1,207.8765,145.4730,3.299880
_1263_,VDD,Metal1,220.9100,152.3165,3.299975
_1262_,VDD,Metal1,193.3075,271.0590,3.299961
_1261_,VDD,Metal1,277.6525,286.7390,3.299945
_1260_,VDD,Metal1,295.2275,277.7405,3.299940
_1259_,VDD,Metal1,230.6030,152.4465,3.299974
_1258_,VDD,Metal1,249.4900,161.2830,3.299945
_1257_,VDD,Metal1,248.5230,191.6465,3.299988
_1256_,VDD,Metal1,248.9100,183.6765,3.299948
_1255_,VDD,Metal1,234.7475,161.2990,3.299945
_1254_,VDD,Metal1,204.2830,160.2865,3.299947
_1253_,VDD,Metal1,207.4900,161.2830,3.299946
_1252_,VDD,Metal1,189.7230,152.4465,3.299975
_1251_,VDD,Metal1,196.2900,160.1565,3.299951
_1250_,VDD,Metal1,194.4365,152.4465,3.299975
_1249_,VDD,Metal1,192.3500,153.4430,3.299975
_1248_,VDD,Metal1,214.3630,168.1265,3.299962
_1247_,VDD,Metal1,218.1300,167.9965,3.299962
_1246_,VDD,Metal1,169.0130,269.9165,3.299963
_1245_,VDD,Metal1,162.5000,270.9025,3.299963
_1244_,VDD,Metal1,167.3100,176.7505,3.299993
_1243_,VDD,Metal1,174.7700,176.8225,3.299993
_1242_,VDD,Metal1,57.9860,183.8500,3.299958
_1241_,VDD,Metal1,57.3775,153.1750,3.299978
_1240_,VDD,Metal1,52.8975,176.6950,3.299994
_1239_,VDD,Metal1,232.7060,176.0100,3.299993
_1238_,VDD,Metal1,20.9760,160.2360,3.299972
_1237_,VDD,Metal1,313.2975,176.1050,3.299992
_1236_,VDD,Metal1,278.6260,168.9500,3.299953
_1235_,VDD,Metal1,276.5000,160.3375,3.299943
_1234_,VDD,Metal1,278.0175,184.5350,3.299935
_1233_,VDD,Metal1,80.3335,208.1500,3.299998
_1232_,VDD,Metal1,81.4575,200.2150,3.299963
_1231_,VDD,Metal1,83.1375,230.9850,3.299992
_1230_,VDD,Metal1,12.6225,215.3050,3.299998
_1229_,VDD,Metal1,62.9775,191.7850,3.299992
_1228_,VDD,Metal1,228.7825,183.9450,3.299949
_1227_,VDD,Metal1,286.9775,176.6950,3.299992
_1226_,VDD,Metal1,164.6000,176.1350,3.299993
_1225_,VDD,Metal1,156.7830,175.9365,3.299994
_1224_,VDD,Metal1,156.4975,136.9050,3.299938
_1223_,VDD,Metal1,157.0575,168.8550,3.299969
_1222_,VDD,Metal1,148.6575,176.1050,3.299994
_1221_,VDD,Metal1,166.6225,255.0950,3.299974
_1220_,VDD,Metal1,72.5425,200.2150,3.299963
_1219_,VDD,Metal1,317.2625,176.6950,3.299992
_1218_,VDD,Metal1,53.4575,183.9450,3.299958
_1217_,VDD,Metal1,307.1825,153.1750,3.299965
_1216_,VDD,Metal1,160.4625,145.3350,3.299882
_1215_,VDD,Metal1,172.1900,286.7230,3.299955
_1214_,VDD,Metal1,140.4530,269.9165,3.299963
_1213_,VDD,Metal1,139.9000,278.7425,3.299941
_1212_,VDD,Metal1,121.3900,238.7690,3.299993
_1211_,VDD,Metal1,64.3200,168.9830,3.299970
_1210_,VDD,Metal1,43.4260,168.9500,3.299970
_1209_,VDD,Metal1,30.5425,168.8550,3.299971
_1208_,VDD,Metal1,38.8975,168.8550,3.299971
_1207_,VDD,Metal1,270.9600,168.1665,3.299955
_1206_,VDD,Metal1,88.7335,168.9500,3.299969
_1205_,VDD,Metal1,315.5840,152.3960,3.299965
_1204_,VDD,Metal1,315.5840,199.4360,3.299957
_1203_,VDD,Metal1,62.4625,176.1050,3.299994
_1202_,VDD,Metal1,23.2625,176.1050,3.299995
_1201_,VDD,Metal1,50.0935,176.0100,3.299994
_1200_,VDD,Metal1,191.7860,161.2520,3.299951
_1199_,VDD,Metal1,15.4225,176.1050,3.299995
_1198_,VDD,Metal1,51.7775,191.7850,3.299992
_1197_,VDD,Metal1,271.6080,230.7455,3.299991
_1196_,VDD,Metal1,308.0165,216.0630,3.299998
_1195_,VDD,Metal1,312.7375,215.8950,3.299998
_1194_,VDD,Metal1,302.6575,215.8950,3.299998
_1193_,VDD,Metal1,119.5375,184.5350,3.299953
_1192_,VDD,Metal1,115.6625,238.8250,3.299993
_1191_,VDD,Metal1,317.2625,200.2150,3.299957
_1190_,VDD,Metal1,53.5060,160.3300,3.299965
_1189_,VDD,Metal1,52.3375,153.1750,3.299979
_1188_,VDD,Metal1,78.7025,160.4250,3.299965
_1187_,VDD,Metal1,57.4635,161.2260,3.299965
_1186_,VDD,Metal1,43.9500,161.2830,3.299966
_1185_,VDD,Metal1,87.1025,176.1050,3.299994
_1184_,VDD,Metal1,9.2300,231.8430,3.299993
_1183_,VDD,Metal1,151.4900,277.7565,3.299942
_1182_,VDD,Metal1,128.9065,263.2030,3.299963
_1181_,VDD,Metal1,133.9400,270.0575,3.299963
_1180_,VDD,Metal1,128.1100,168.9105,3.299969
_1179_,VDD,Metal1,127.0700,161.1425,3.299963
_1178_,VDD,Metal1,114.4935,161.1100,3.299964
_1177_,VDD,Metal1,134.5400,161.1025,3.299962
_1176_,VDD,Metal1,28.8625,161.0150,3.299971
_1175_,VDD,Metal1,129.1060,183.8500,3.299953
_1174_,VDD,Metal1,128.5425,160.4250,3.299963
_1173_,VDD,Metal1,127.4225,208.0550,3.299998
_1172_,VDD,Metal1,33.3065,183.8865,3.299958
_1171_,VDD,Metal1,82.0660,161.1100,3.299965
_1170_,VDD,Metal1,66.2960,161.2260,3.299965
_1169_,VDD,Metal1,84.3435,207.2535,3.299998
_1168_,VDD,Metal1,90.9775,153.1750,3.299978
_1167_,VDD,Metal1,80.8560,183.7335,3.299956
_1166_,VDD,Metal1,143.6300,161.2830,3.299959
_1165_,VDD,Metal1,140.8625,160.4250,3.299959
_1164_,VDD,Metal1,294.8535,176.9320,3.299992
_1163_,VDD,Metal1,113.1600,152.6150,3.299977
_1162_,VDD,Metal1,303.5365,153.3430,3.299965
_1161_,VDD,Metal1,323.4225,176.6950,3.299992
_1160_,VDD,Metal1,308.2575,145.3350,3.299875
_1159_,VDD,Metal1,307.6975,152.5850,3.299965
_1158_,VDD,Metal1,126.2575,176.1050,3.299994
_1157_,VDD,Metal1,307.7440,223.9240,3.299996
_1156_,VDD,Metal1,134.1425,215.3050,3.299998
_1155_,VDD,Metal1,314.4530,161.0730,3.299943
_1154_,VDD,Metal1,16.5065,191.7265,3.299993
_1153_,VDD,Metal1,134.6900,278.8830,3.299941
_1152_,VDD,Metal1,119.3875,271.0590,3.299963
_1151_,VDD,Metal1,127.9375,254.5050,3.299975
_1150_,VDD,Metal1,187.5200,192.5030,3.299991
_1149_,VDD,Metal1,296.2720,199.5175,3.299957
_1148_,VDD,Metal1,303.8225,183.9450,3.299934
_1147_,VDD,Metal1,284.1775,199.6250,3.299958
_1146_,VDD,Metal1,154.8660,199.5300,3.299960
_1145_,VDD,Metal1,160.4625,192.3750,3.299992
_1144_,VDD,Metal1,176.1460,153.2700,3.299976
_1143_,VDD,Metal1,211.3775,144.7450,3.299880
_1142_,VDD,Metal1,175.5375,160.4250,3.299954
_1141_,VDD,Metal1,180.6260,207.3700,3.299998
_1140_,VDD,Metal1,180.0625,223.1450,3.299997
_1139_,VDD,Metal1,180.0625,129.0650,3.299949
_1138_,VDD,Metal1,314.4530,208.1130,3.299997
_1137_,VDD,Metal1,183.9825,208.0550,3.299998
_1136_,VDD,Metal1,35.0240,175.9160,3.299995
_1135_,VDD,Metal1,304.8975,207.4650,3.299997
_1134_,VDD,Metal1,148.0975,199.6250,3.299960
_1133_,VDD,Metal1,16.5065,200.2730,3.299970
_1132_,VDD,Metal1,156.5425,231.5750,3.299992
_1131_,VDD,Metal1,129.2375,199.5985,3.299960
_1130_,VDD,Metal1,36.3830,230.8165,3.299993
_1129_,VDD,Metal1,12.6225,231.5750,3.299993
_1128_,VDD,Metal1,42.3435,231.7860,3.299993
_1127_,VDD,Metal1,44.0235,215.0935,3.299998
_1126_,VDD,Metal1,122.0630,199.4565,3.299961
_1125_,VDD,Metal1,120.0975,152.5850,3.299977
_1124_,VDD,Metal1,18.7735,192.6120,3.299993
_1123_,VDD,Metal1,128.4560,238.6135,3.299992
_1122_,VDD,Metal1,139.7460,192.4700,3.299992
_1121_,VDD,Metal1,72.5330,136.8465,3.299939
_1120_,VDD,Metal1,136.9425,239.4150,3.299992
_1119_,VDD,Metal1,162.6935,152.3475,3.299976
_1118_,VDD,Metal1,245.0260,183.8500,3.299948
_1117_,VDD,Metal1,245.0225,176.6950,3.299992
_1116_,VDD,Metal1,234.8975,183.9450,3.299948
_1115_,VDD,Metal1,244.9360,168.0535,3.299956
_1114_,VDD,Metal1,167.7100,153.4430,3.299976
_1113_,VDD,Metal1,289.2500,215.0365,3.299998
_1112_,VDD,Metal1,293.7300,200.4830,3.299957
_1111_,VDD,Metal1,101.8130,262.0765,3.299964
_1110_,VDD,Metal1,100.9000,263.0625,3.299964
_1109_,VDD,Metal1,96.7500,246.6090,3.299993
_1108_,VDD,Metal1,99.2425,184.5610,3.299955
_1107_,VDD,Metal1,301.3120,208.1625,3.299997
_1106_,VDD,Metal1,298.1775,207.4650,3.299997
_1105_,VDD,Metal1,294.8625,215.8950,3.299998
_1104_,VDD,Metal1,324.4975,215.8950,3.299998
_1103_,VDD,Metal1,304.8975,223.1450,3.299996
_1102_,VDD,Metal1,91.5500,184.8030,3.299955
_1101_,VDD,Metal1,13.6975,184.5350,3.299962
_1100_,VDD,Metal1,95.2165,183.7765,3.299955
_1099_,VDD,Metal1,96.0265,285.8065,3.299955
_1098_,VDD,Metal1,322.2660,168.0275,3.299953
_1097_,VDD,Metal1,31.6260,176.9320,3.299995
_1096_,VDD,Metal1,99.2200,239.5425,3.299993
_1095_,VDD,Metal1,157.8880,160.3175,3.299957
_1094_,VDD,Metal1,298.7730,192.4330,3.299988
_1093_,VDD,Metal1,97.1860,238.7300,3.299993
_1092_,VDD,Metal1,13.6975,239.4150,3.299993
_1091_,VDD,Metal1,315.5840,238.6360,3.299990
_1090_,VDD,Metal1,88.5200,239.3850,3.299993
_1089_,VDD,Metal1,96.8965,152.4165,3.299978
_1088_,VDD,Metal1,315.5840,207.2760,3.299997
_1087_,VDD,Metal1,82.0625,121.8150,3.299887
_1086_,VDD,Metal1,291.4665,144.6865,3.299875
_1085_,VDD,Metal1,106.8600,247.3825,3.299993
_1084_,VDD,Metal1,108.3335,238.7300,3.299993
_1083_,VDD,Metal1,315.5840,246.4760,3.299989
_1082_,VDD,Metal1,105.7500,231.7580,3.299992
_1081_,VDD,Metal1,182.3060,255.1900,3.299973
_1080_,VDD,Metal1,176.7025,255.0950,3.299974
_1079_,VDD,Metal1,226.5330,136.8465,3.299924
_1078_,VDD,Metal1,40.6130,254.4465,3.299976
_1077_,VDD,Metal1,154.8175,152.5850,3.299977
_1076_,VDD,Metal1,298.7730,239.4730,3.299991
_1075_,VDD,Metal1,158.7375,153.1750,3.299976
_1074_,VDD,Metal1,312.2100,247.5230,3.299989
_1073_,VDD,Metal1,43.9375,223.7350,3.299996
_1072_,VDD,Metal1,78.6535,176.7900,3.299994
_1071_,VDD,Metal1,83.7425,152.5850,3.299978
_1070_,VDD,Metal1,12.6225,183.9450,3.299962
_1069_,VDD,Metal1,74.1775,176.6950,3.299994
_1068_,VDD,Metal1,78.6575,184.5350,3.299956
_1067_,VDD,Metal1,94.3730,160.3665,3.299965
_1066_,VDD,Metal1,27.6975,239.4150,3.299993
_1065_,VDD,Metal1,99.9825,183.9450,3.299955
_1064_,VDD,Metal1,188.8600,160.3375,3.299951
_1063_,VDD,Metal1,112.2900,254.2365,3.299975
_1062_,VDD,Metal1,89.1465,255.3630,3.299976
_1061_,VDD,Metal1,97.5400,263.0625,3.299964
_1060_,VDD,Metal1,72.3625,231.6010,3.299992
_1059_,VDD,Metal1,61.9600,208.1825,3.299998
_1058_,VDD,Metal1,274.4320,207.3575,3.299997
_1057_,VDD,Metal1,269.6625,200.2150,3.299958
_1056_,VDD,Metal1,320.0530,277.9665,3.299939
_1055_,VDD,Metal1,274.6575,191.7850,3.299988
_1054_,VDD,Metal1,324.4975,208.0550,3.299997
_1053_,VDD,Metal1,37.2660,208.1500,3.299998
_1052_,VDD,Metal1,38.3375,207.4650,3.299998
_1051_,VDD,Metal1,12.6225,207.4650,3.299998
_1050_,VDD,Metal1,42.8175,200.2150,3.299966
_1049_,VDD,Metal1,111.4230,207.2965,3.299998
_1048_,VDD,Metal1,110.6225,144.7450,3.299880
_1047_,VDD,Metal1,115.1435,176.9060,3.299994
_1046_,VDD,Metal1,274.6660,208.2920,3.299997
_1045_,VDD,Metal1,55.1335,208.1500,3.299998
_1044_,VDD,Metal1,143.0935,176.9320,3.299994
_1043_,VDD,Metal1,315.5840,215.1160,3.299998
_1042_,VDD,Metal1,13.6975,208.0550,3.299998
_1041_,VDD,Metal1,168.8135,231.6700,3.299991
_1040_,VDD,Metal1,167.3100,239.4705,3.299992
_1039_,VDD,Metal1,168.2575,238.8250,3.299992
_1038_,VDD,Metal1,163.8225,246.6650,3.299992
_1037_,VDD,Metal1,157.1025,239.4150,3.299992
_1036_,VDD,Metal1,158.7825,246.6650,3.299992
_1035_,VDD,Metal1,166.1900,215.2490,3.299998
_1034_,VDD,Metal1,293.7330,215.2465,3.299998
_1033_,VDD,Metal1,166.6225,208.0550,3.299998
_1032_,VDD,Metal1,161.5375,129.6550,3.299948
_1031_,VDD,Metal1,160.9775,215.3050,3.299998
_1030_,VDD,Metal1,175.4000,230.8425,3.299991
_1029_,VDD,Metal1,264.6225,223.1450,3.299996
_1028_,VDD,Metal1,48.4265,230.9265,3.299993
_1027_,VDD,Metal1,167.6975,230.9850,3.299991
_1026_,VDD,Metal1,61.9060,230.8900,3.299992
_1025_,VDD,Metal1,57.3775,230.9850,3.299992
_1024_,VDD,Metal1,53.5025,231.5750,3.299992
_1023_,VDD,Metal1,157.6260,223.9720,3.299997
_1022_,VDD,Metal1,69.7100,238.5565,3.299993
_1021_,VDD,Metal1,23.8330,231.5380,3.299993
_1020_,VDD,Metal1,186.7460,129.8920,3.299949
_1019_,VDD,Metal1,9.2300,239.6830,3.299993
_1018_,VDD,Metal1,176.6900,128.7965,3.299950
_1017_,VDD,Metal1,9.2300,222.8765,3.299996
_1016_,VDD,Metal1,23.2625,207.4650,3.299998
_1015_,VDD,Metal1,89.3300,263.2030,3.299964
_1014_,VDD,Metal1,100.9065,269.9165,3.299963
_1013_,VDD,Metal1,100.9000,277.8975,3.299942
_1012_,VDD,Metal1,108.7600,223.0025,3.299996
_1011_,VDD,Metal1,114.5700,223.0175,3.299996
_1010_,VDD,Metal1,126.2535,223.0500,3.299997
_1009_,VDD,Metal1,135.2175,176.6950,3.299994
_1008_,VDD,Metal1,134.6575,160.4250,3.299962
_1007_,VDD,Metal1,128.4975,255.0950,3.299975
_1006_,VDD,Metal1,130.7825,223.1450,3.299997
_1005_,VDD,Metal1,104.4660,168.9500,3.299969
_1004_,VDD,Metal1,102.7825,161.0150,3.299964
_1003_,VDD,Metal1,113.3775,129.6550,3.299948
_1002_,VDD,Metal1,106.1425,192.3750,3.299992
_1001_,VDD,Metal1,286.7520,216.0025,3.299998
_1000_,VDD,Metal1,65.8240,223.9240,3.299996
_0999_,VDD,Metal1,280.7760,222.9335,3.299996
_0998_,VDD,Metal1,316.6575,231.5750,3.299990
_0997_,VDD,Metal1,285.8160,223.9460,3.299996
_0996_,VDD,Metal1,60.9400,223.0175,3.299996
_0995_,VDD,Metal1,49.5860,223.8300,3.299996
_0994_,VDD,Metal1,41.6560,238.6135,3.299993
_0993_,VDD,Metal1,59.6260,168.0275,3.299970
_0992_,VDD,Metal1,29.7200,231.0150,3.299993
_0991_,VDD,Metal1,48.3760,222.9335,3.299996
_0990_,VDD,Metal1,62.4660,199.5300,3.299966
_0989_,VDD,Metal1,298.2240,247.4440,3.299989
_0988_,VDD,Metal1,19.3835,199.4135,3.299970
_0987_,VDD,Metal1,61.9025,121.2250,3.299899
_0986_,VDD,Metal1,133.0135,153.4120,3.299977
_0985_,VDD,Metal1,205.9465,191.5430,3.299991
_0984_,VDD,Metal1,200.2260,184.6300,3.299949
_0983_,VDD,Metal1,321.7065,176.0465,3.299992
_0982_,VDD,Metal1,199.6265,286.5130,3.299949
_0981_,VDD,Metal1,186.7375,137.4950,3.299932
_0980_,VDD,Metal1,206.8975,184.5350,3.299949
_0979_,VDD,Metal1,206.3860,192.4700,3.299991
_0978_,VDD,Metal1,13.7440,246.4760,3.299993
_0977_,VDD,Metal1,205.8225,270.7750,3.299961
_0976_,VDD,Metal1,307.7330,192.4330,3.299988
_0975_,VDD,Metal1,206.3825,168.8550,3.299965
_0974_,VDD,Metal1,281.9700,183.6765,3.299935
_0973_,VDD,Metal1,293.7835,183.7335,3.299935
_0972_,VDD,Metal1,276.2960,175.8935,3.299992
_0971_,VDD,Metal1,110.0175,168.8550,3.299969
_0970_,VDD,Metal1,96.5900,269.9165,3.299963
_0969_,VDD,Metal1,88.3730,269.9165,3.299966
_0968_,VDD,Metal1,241.8865,285.5980,3.299946
_0967_,VDD,Metal1,233.7685,278.9515,3.299941
_0966_,VDD,Metal1,242.4665,317.1650,3.299986
_0965_,VDD,Metal1,93.6425,223.1185,3.299996
_0964_,VDD,Metal1,83.2400,223.0175,3.299996
_0963_,VDD,Metal1,80.9460,223.8300,3.299996
_0962_,VDD,Metal1,29.9825,191.7850,3.299993
_0961_,VDD,Metal1,113.9730,137.5530,3.299938
_0960_,VDD,Metal1,15.9825,247.2550,3.299993
_0959_,VDD,Metal1,170.5065,270.8330,3.299963
_0958_,VDD,Metal1,77.5860,230.8900,3.299992
_0957_,VDD,Metal1,57.4225,223.7350,3.299996
_0956_,VDD,Metal1,80.3375,231.5750,3.299992
_0955_,VDD,Metal1,315.5840,230.7960,3.299990
_0954_,VDD,Metal1,83.1375,239.4150,3.299993
_0953_,VDD,Metal1,282.7680,215.1975,3.299998
_0952_,VDD,Metal1,309.3775,208.0550,3.299997
_0951_,VDD,Metal1,284.2225,208.0550,3.299997
_0950_,VDD,Metal1,317.2265,168.9130,3.299953
_0949_,VDD,Metal1,43.9840,152.3960,3.299979
_0948_,VDD,Metal1,77.5335,191.6900,3.299992
_0947_,VDD,Metal1,78.7025,168.2650,3.299970
_0946_,VDD,Metal1,315.5840,191.5960,3.299988
_0945_,VDD,Metal1,36.0975,191.7850,3.299992
_0944_,VDD,Metal1,28.3025,184.5350,3.299960
_0943_,VDD,Metal1,94.0630,215.1365,3.299998
_0942_,VDD,Metal1,21.0225,215.3050,3.299998
_0941_,VDD,Metal1,129.6175,207.4650,3.299998
_0940_,VDD,Metal1,98.7760,200.4260,3.299963
_0939_,VDD,Metal1,94.3335,215.9900,3.299998
_0938_,VDD,Metal1,315.5840,222.9560,3.299996
_0937_,VDD,Metal1,88.8075,216.0225,3.299998
_0936_,VDD,Metal1,188.9735,168.1700,3.299967
_0935_,VDD,Metal1,199.5760,168.0535,3.299967
_0934_,VDD,Metal1,188.6300,169.0380,3.299967
_0933_,VDD,Metal1,64.1335,247.4920,3.299993
_0932_,VDD,Metal1,307.7335,160.1875,3.299943
_0931_,VDD,Metal1,77.5335,215.9900,3.299998
_0930_,VDD,Metal1,77.5375,246.6650,3.299993
_0929_,VDD,Metal1,234.9060,176.9320,3.299993
_0928_,VDD,Metal1,12.6225,223.1450,3.299996
_0927_,VDD,Metal1,16.5335,216.1320,3.299998
_0926_,VDD,Metal1,95.4575,121.2250,3.299886
_0925_,VDD,Metal1,13.7330,238.7665,3.299993
_0924_,VDD,Metal1,194.4700,222.9130,3.299997
_0923_,VDD,Metal1,236.7300,192.6065,3.299989
_0922_,VDD,Metal1,210.9700,230.7530,3.299991
_0921_,VDD,Metal1,248.2300,231.8065,3.299991
_0920_,VDD,Metal1,154.4100,262.1130,3.299961
_0919_,VDD,Metal1,212.0900,216.1265,3.299998
_0918_,VDD,Metal1,249.9100,215.0730,3.299998
_0917_,VDD,Metal1,248.2300,223.9665,3.299996
_0916_,VDD,Metal1,190.2500,246.4330,3.299991
_0915_,VDD,Metal1,256.0700,207.2330,3.299997
_0914_,VDD,Metal1,256.6300,222.9130,3.299996
_0913_,VDD,Metal1,189.6900,239.6465,3.299992
_0912_,VDD,Metal1,146.0100,239.6465,3.299992
_0911_,VDD,Metal1,228.6300,222.9130,3.299996
_0910_,VDD,Metal1,226.6500,208.2865,3.299997
_0909_,VDD,Metal1,244.0100,207.2330,3.299997
_0908_,VDD,Metal1,150.7900,246.4330,3.299992
_0907_,VDD,Metal1,246.5500,246.4330,3.299989
_0906_,VDD,Metal1,236.1700,216.1265,3.299998
_0905_,VDD,Metal1,228.6300,230.7530,3.299991
_0904_,VDD,Metal1,172.3300,246.4330,3.299992
_0903_,VDD,Metal1,177.6700,247.4865,3.299992
_0902_,VDD,Metal1,152.1700,255.3265,3.299974
_0901_,VDD,Metal1,239.8300,215.0730,3.299998
_0900_,VDD,Metal1,143.2100,247.4865,3.299992
_0899_,VDD,Metal1,214.3480,247.5430,3.299991
_0898_,VDD,Metal1,262.7900,200.4465,3.299958
_0897_,VDD,Metal1,150.2130,230.8580,3.299992
_0896_,VDD,Metal1,197.8300,247.4865,3.299991
_0895_,VDD,Metal1,223.8500,200.4465,3.299958
_0894_,VDD,Metal1,201.1900,230.7530,3.299991
_0893_,VDD,Metal1,256.3300,246.4330,3.299989
_0892_,VDD,Metal1,153.2900,247.4865,3.299992
_0891_,VDD,Metal1,218.8100,223.9665,3.299996
_0890_,VDD,Metal1,191.9300,231.8065,3.299991
_0889_,VDD,Metal1,138.7300,246.4330,3.299992
_0888_,VDD,Metal1,205.6520,254.2170,3.299972
_0887_,VDD,Metal1,238.4100,254.2730,3.299972
_0886_,VDD,Metal1,228.3300,207.2330,3.299997
_0885_,VDD,Metal1,191.3700,223.9665,3.299997
_0884_,VDD,Metal1,156.0900,254.2730,3.299974
_0883_,VDD,Metal1,203.0550,246.3915,3.299991
_0882_,VDD,Metal1,239.8300,230.7530,3.299991
_0881_,VDD,Metal1,219.7100,230.7985,3.299991
_0880_,VDD,Metal1,146.5700,231.8065,3.299992
_0879_,VDD,Metal1,229.7500,215.0730,3.299998
_0878_,VDD,Metal1,256.3300,238.5930,3.299991
_0877_,VDD,Metal1,259.4300,231.8065,3.299991
_0876_,VDD,Metal1,189.1300,183.7130,3.299950
_0875_,VDD,Metal1,200.0700,215.0730,3.299998
_0874_,VDD,Metal1,259.4300,216.1265,3.299998
_0873_,VDD,Metal1,149.9300,216.1265,3.299998
_0872_,VDD,Metal1,197.4550,238.5515,3.299992
_0871_,VDD,Metal1,192.4900,199.3930,3.299960
_0870_,VDD,Metal1,197.4900,239.6010,3.299992
_0869_,VDD,Metal1,148.8100,208.2865,3.299998
_0868_,VDD,Metal1,259.4300,223.9665,3.299996
_0867_,VDD,Metal1,245.6900,238.5930,3.299992
_0866_,VDD,Metal1,248.2300,216.1265,3.299998
_0865_,VDD,Metal1,269.2100,231.8065,3.299991
_0864_,VDD,Metal1,249.9100,230.7530,3.299991
_0863_,VDD,Metal1,243.7500,222.9130,3.299996
_0862_,VDD,Metal1,233.8550,231.8480,3.299991
_0861_,VDD,Metal1,97.6975,223.7350,3.299996
_0860_,VDD,Metal1,229.1900,223.9665,3.299996
_0859_,VDD,Metal1,226.9200,247.4300,3.299989
_0858_,VDD,Metal1,151.9100,222.9130,3.299997
_0857_,VDD,Metal1,214.8900,215.0730,3.299998
_0856_,VDD,Metal1,228.3300,199.3930,3.299958
_0855_,VDD,Metal1,228.5130,254.2380,3.299972
_0854_,VDD,Metal1,215.4500,207.2330,3.299997
_0853_,VDD,Metal1,249.9850,200.4880,3.299958
_0852_,VDD,Metal1,261.1100,239.6465,3.299991
_0851_,VDD,Metal1,234.4150,246.3915,3.299989
_0850_,VDD,Metal1,152.1700,215.0730,3.299998
_0849_,VDD,Metal1,208.7300,200.4465,3.299958
_0848_,VDD,Metal1,151.6100,238.5930,3.299992
_0847_,VDD,Metal1,231.0550,238.5515,3.299992
_0846_,VDD,Metal1,217.4300,246.4330,3.299991
_0845_,VDD,Metal1,205.3700,207.2330,3.299997
_0844_,VDD,Metal1,213.2280,238.5370,3.299992
_0843_,VDD,Metal1,255.4400,247.3825,3.299989
_0842_,VDD,Metal1,208.7300,223.9665,3.299996
_0841_,VDD,Metal1,217.4120,231.8630,3.299991
_0840_,VDD,Metal1,254.8700,254.3040,3.299971
_0839_,VDD,Metal1,247.9300,208.2865,3.299997
_0838_,VDD,Metal1,256.0000,255.2225,3.299971
_0837_,VDD,Metal1,214.2550,239.6880,3.299992
_0836_,VDD,Metal1,217.4300,262.1130,3.299953
_0835_,VDD,Metal1,90.4300,271.0430,3.299966
_0834_,VDD,Metal1,259.8565,317.0565,3.299986
_0833_,VDD,Metal1,277.6525,269.9005,3.299960
_0832_,VDD,Metal1,275.0675,263.2190,3.299938
_0831_,VDD,Metal1,266.1075,286.7390,3.299945
_0830_,VDD,Metal1,248.1875,294.5790,3.299966
_0829_,VDD,Metal1,216.2675,301.2605,3.299958
_0828_,VDD,Metal1,212.3475,286.7390,3.299948
_0827_,VDD,Metal1,269.4675,294.5790,3.299964
_0826_,VDD,Metal1,268.5100,254.2365,3.299967
_0825_,VDD,Metal1,266.8625,255.0950,3.299967
_0824_,VDD,Metal1,237.0300,247.4865,3.299989
_0823_,VDD,Metal1,244.7030,239.5830,3.299992
_0822_,VDD,Metal1,256.5500,262.2675,3.299940
_0821_,VDD,Metal1,270.8600,263.0750,3.299938
_0820_,VDD,Metal1,251.7000,263.0775,3.299940
_0819_,VDD,Metal1,249.5060,270.8700,3.299960
_0818_,VDD,Metal1,249.0830,278.7530,3.299940
_0817_,VDD,Metal1,244.6200,270.9025,3.299960
_0816_,VDD,Metal1,252.8500,277.7565,3.299940
_0815_,VDD,Metal1,240.5100,271.0430,3.299960
_0814_,VDD,Metal1,240.9000,255.2225,3.299972
_0813_,VDD,Metal1,238.1900,239.6010,3.299992
_0812_,VDD,Metal1,219.7685,254.1680,3.299972
_0811_,VDD,Metal1,255.6500,277.7565,3.299940
_0810_,VDD,Metal1,228.5965,263.0730,3.299952
_0809_,VDD,Metal1,218.7025,262.9350,3.299953
_0808_,VDD,Metal1,228.8150,239.6880,3.299992
_0807_,VDD,Metal1,209.7100,263.2030,3.299953
_0806_,VDD,Metal1,213.8030,263.0730,3.299953
_0805_,VDD,Metal1,220.2200,270.0975,3.299960
_0804_,VDD,Metal1,214.2500,255.2225,3.299972
_0803_,VDD,Metal1,225.9910,262.0080,3.299952
_0802_,VDD,Metal1,211.4100,271.0430,3.299961
_0801_,VDD,Metal1,224.9400,285.7250,3.299946
_0800_,VDD,Metal1,211.8960,285.6535,3.299948
_0799_,VDD,Metal1,215.2800,277.9625,3.299941
_0798_,VDD,Metal1,225.5630,270.0465,3.299960
_0797_,VDD,Metal1,229.8575,278.0250,3.299941
_0796_,VDD,Metal1,275.0675,271.0590,3.299960
_0795_,VDD,Metal1,244.4300,278.8830,3.299940
_0794_,VDD,Metal1,242.0700,277.7930,3.299940
_0793_,VDD,Metal1,234.5230,317.0865,3.299987
_0792_,VDD,Metal1,238.2900,318.0830,3.299986
_0791_,VDD,Metal1,245.9800,302.2225,3.299957
_0790_,VDD,Metal1,240.5300,302.4030,3.299957
_0789_,VDD,Metal1,228.3000,310.1150,3.299988
_0788_,VDD,Metal1,232.0975,309.9750,3.299988
_0787_,VDD,Metal1,237.6800,310.0375,3.299988
_0786_,VDD,Metal1,251.0200,309.2975,3.299988
_0785_,VDD,Metal1,256.5800,301.4175,3.299957
_0784_,VDD,Metal1,244.5400,310.1150,3.299988
_0783_,VDD,Metal1,256.3630,310.1130,3.299988
_0782_,VDD,Metal1,239.7965,286.5930,3.299946
_0781_,VDD,Metal1,109.3075,285.5805,3.299955
_0780_,VDD,Metal1,180.9875,271.0590,3.299962
_0779_,VDD,Metal1,156.3475,277.7405,3.299942
_0778_,VDD,Metal1,271.7075,144.4605,3.299876
_0777_,VDD,Metal1,283.2430,144.6065,3.299875
_0776_,VDD,Metal1,299.3100,144.4765,3.299875
_0775_,VDD,Metal1,238.4525,137.7790,3.299924
_0774_,VDD,Metal1,289.6275,153.4590,3.299965
_0773_,VDD,Metal1,276.1875,129.9390,3.299945
_0772_,VDD,Metal1,214.1450,122.0880,3.299887
_0771_,VDD,Metal1,189.5285,114.3115,3.299937
_0770_,VDD,Metal1,315.3875,137.7790,3.299918
_0769_,VDD,Metal1,297.2525,175.8205,3.299992
_0768_,VDD,Metal1,285.7075,169.1390,3.299953
_0767_,VDD,Metal1,305.3075,175.8205,3.299992
_0766_,VDD,Metal1,297.2430,128.9265,3.299945
_0765_,VDD,Metal1,307.7300,128.7965,3.299945
_0764_,VDD,Metal1,214.1450,129.9280,3.299948
_0763_,VDD,Metal1,191.6700,128.8330,3.299949
_0762_,VDD,Metal1,213.1800,153.3150,3.299975
_0761_,VDD,Metal1,272.4300,285.5965,3.299945
_0760_,VDD,Metal1,235.4900,269.9165,3.299960
_0759_,VDD,Metal1,239.2530,278.7415,3.299940
_0758_,VDD,Metal1,232.5800,270.0450,3.299960
_0757_,VDD,Metal1,245.1480,301.2570,3.299957
_0756_,VDD,Metal1,262.5065,310.2165,3.299988
_0755_,VDD,Metal1,238.5430,294.4630,3.299966
_0754_,VDD,Metal1,71.7800,152.4575,3.299978
_0753_,VDD,Metal1,200.1450,136.6315,3.299930
_0752_,VDD,Metal1,197.8300,129.8865,3.299949
_0751_,VDD,Metal1,199.2100,113.1530,3.299937
_0750_,VDD,Metal1,190.6700,137.7630,3.299931
_0749_,VDD,Metal1,234.6140,145.5485,3.299876
_0748_,VDD,Metal1,233.2300,128.7965,3.299948
_0747_,VDD,Metal1,232.5000,137.6225,3.299924
_0746_,VDD,Metal1,122.8200,262.2050,3.299964
_0745_,VDD,Metal1,260.7800,254.3650,3.299970
_0744_,VDD,Metal1,264.1400,255.2350,3.299968
_0743_,VDD,Metal1,207.8830,255.2780,3.299972
_0742_,VDD,Metal1,224.9965,246.4815,3.299989
_0741_,VDD,Metal1,210.4365,262.1615,3.299953
_0740_,VDD,Metal1,224.5065,263.1275,3.299952
_0739_,VDD,Metal1,235.9400,285.7250,3.299946
_0738_,VDD,Metal1,260.2200,324.9250,3.299984
_0737_,VDD,Metal1,264.7000,317.0850,3.299986
_0736_,VDD,Metal1,232.7800,144.6050,3.299876
_0735_,VDD,Metal1,185.5900,113.2575,3.299944
_0734_,VDD,Metal1,200.8600,121.9550,3.299887
