+ define_corners min_ff_n40C_3v60
Reading timing models for corner min_ff_n40C_3v60…
Reading cell library for the 'min_ff_n40C_3v60' corner at '/foss/pdks/gf180mcuD/libs.ref/gf180mcu_fd_sc_mcu7t5v0/lib/gf180mcu_fd_sc_mcu7t5v0__ff_n40C_3v60.lib'…
Reading top-level netlist at '/workspace/librelane/runs/RUN_2026-08-10_00-05-58/52-openroad-fillinsertion/signal_processor.nl.v'…
Linking design 'signal_processor' from netlist…
Reading design constraints file at '/usr/local/lib/python3.12/dist-packages/librelane/scripts/base.sdc'…
[INFO] Using clock clk…
[INFO] Setting output delay to: 40
[INFO] Setting input delay to: 40
[INFO] Setting load to: 0.07291
[INFO] Setting clock uncertainty to: 0.25
[INFO] Setting clock transition to: 0.15
[INFO] Setting timing derate to: 5%
Reading top-level design parasitics for the 'min_ff_n40C_3v60' corner at '/workspace/librelane/runs/RUN_2026-08-10_00-05-58/54-openroad-rcx/min/signal_processor.min.spef'…
%OL_CREATE_REPORT min.rpt

===========================================================================
report_checks -path_delay min (Hold)
============================================================================
======================= min_ff_n40C_3v60 Corner ===================================

Startpoint: _254_ (rising edge-triggered flip-flop clocked by clk)
Endpoint: _255_ (rising edge-triggered flip-flop clocked by clk)
Path Group: clk
Path Type: min

Fanout         Cap        Slew       Delay        Time   Description
---------------------------------------------------------------------------------------------
                                  0.000000    0.000000   clock clk (rise edge)
                                  0.000000    0.000000   clock source latency
     1    0.036057    0.156044    0.079831    0.079831 ^ clk (in)
                                                         clk (net)
                      0.156052    0.000000    0.079831 ^ clkbuf_0_clk/I (gf180mcu_fd_sc_mcu7t5v0__clkbuf_16)
     8    0.192072    0.206389    0.291489    0.371320 ^ clkbuf_0_clk/Z (gf180mcu_fd_sc_mcu7t5v0__clkbuf_16)
                                                         clknet_0_clk (net)
                      0.206398    0.002042    0.373361 ^ clkbuf_3_5__f_clk/I (gf180mcu_fd_sc_mcu7t5v0__clkbuf_16)
     6    0.026659    0.076228    0.209405    0.582766 ^ clkbuf_3_5__f_clk/Z (gf180mcu_fd_sc_mcu7t5v0__clkbuf_16)
                                                         clknet_3_5__leaf_clk (net)
                      0.076229    0.000483    0.583249 ^ _254_/CLK (gf180mcu_fd_sc_mcu7t5v0__dffrnq_1)
     1    0.003861    0.085094    0.562488    1.145737 v _254_/Q (gf180mcu_fd_sc_mcu7t5v0__dffrnq_1)
                                                         s270_pipe[1] (net)
                      0.085094    0.000073    1.145810 v _118_/A2 (gf180mcu_fd_sc_mcu7t5v0__and2_1)
     1    0.003411    0.087363    0.213679    1.359489 v _118_/Z (gf180mcu_fd_sc_mcu7t5v0__and2_1)
                                                         _008_ (net)
                      0.087363    0.000033    1.359522 v _255_/D (gf180mcu_fd_sc_mcu7t5v0__dffrnq_1)
                                              1.359522   data arrival time

                                  0.000000    0.000000   clock clk (rise edge)
                                  0.000000    0.000000   clock source latency
     1    0.036057    0.156044    0.079831    0.079831 ^ clk (in)
                                                         clk (net)
                      0.156052    0.000000    0.079831 ^ clkbuf_0_clk/I (gf180mcu_fd_sc_mcu7t5v0__clkbuf_16)
     8    0.192072    0.206389    0.291489    0.371320 ^ clkbuf_0_clk/Z (gf180mcu_fd_sc_mcu7t5v0__clkbuf_16)
                                                         clknet_0_clk (net)
                      0.206398    0.002042    0.373361 ^ clkbuf_3_5__f_clk/I (gf180mcu_fd_sc_mcu7t5v0__clkbuf_16)
     6    0.026659    0.076228    0.209405    0.582766 ^ clkbuf_3_5__f_clk/Z (gf180mcu_fd_sc_mcu7t5v0__clkbuf_16)
                                                         clknet_3_5__leaf_clk (net)
                      0.076229    0.000358    0.583124 ^ _255_/CLK (gf180mcu_fd_sc_mcu7t5v0__dffrnq_1)
                                  0.250000    0.833124   clock uncertainty
                                  0.000000    0.833124   clock reconvergence pessimism
                                  0.089752    0.922876   library hold time
                                              0.922876   data required time
---------------------------------------------------------------------------------------------
                                              0.922876   data required time
                                             -1.359522   data arrival time
---------------------------------------------------------------------------------------------
                                              0.436645   slack (MET)


Startpoint: _255_ (rising edge-triggered flip-flop clocked by clk)
Endpoint: _256_ (rising edge-triggered flip-flop clocked by clk)
Path Group: clk
Path Type: min

Fanout         Cap        Slew       Delay        Time   Description
---------------------------------------------------------------------------------------------
                                  0.000000    0.000000   clock clk (rise edge)
                                  0.000000    0.000000   clock source latency
     1    0.036057    0.156044    0.079831    0.079831 ^ clk (in)
                                                         clk (net)
                      0.156052    0.000000    0.079831 ^ clkbuf_0_clk/I (gf180mcu_fd_sc_mcu7t5v0__clkbuf_16)
     8    0.192072    0.206389    0.291489    0.371320 ^ clkbuf_0_clk/Z (gf180mcu_fd_sc_mcu7t5v0__clkbuf_16)
                                                         clknet_0_clk (net)
                      0.206398    0.002042    0.373361 ^ clkbuf_3_5__f_clk/I (gf180mcu_fd_sc_mcu7t5v0__clkbuf_16)
     6    0.026659    0.076228    0.209405    0.582766 ^ clkbuf_3_5__f_clk/Z (gf180mcu_fd_sc_mcu7t5v0__clkbuf_16)
                                                         clknet_3_5__leaf_clk (net)
                      0.076229    0.000358    0.583124 ^ _255_/CLK (gf180mcu_fd_sc_mcu7t5v0__dffrnq_1)
     1    0.003888    0.085276    0.562658    1.145782 v _255_/Q (gf180mcu_fd_sc_mcu7t5v0__dffrnq_1)
                                                         s270_pipe[2] (net)
                      0.085276    0.000075    1.145856 v _119_/A2 (gf180mcu_fd_sc_mcu7t5v0__and2_1)
     1    0.003439    0.087596    0.213962    1.359819 v _119_/Z (gf180mcu_fd_sc_mcu7t5v0__and2_1)
                                                         _009_ (net)
                      0.087596    0.000033    1.359852 v _256_/D (gf180mcu_fd_sc_mcu7t5v0__dffrnq_1)
                                              1.359852   data arrival time

                                  0.000000    0.000000   clock clk (rise edge)
                                  0.000000    0.000000   clock source latency
     1    0.036057    0.156044    0.079831    0.079831 ^ clk (in)
                                                         clk (net)
                      0.156052    0.000000    0.079831 ^ clkbuf_0_clk/I (gf180mcu_fd_sc_mcu7t5v0__clkbuf_16)
     8    0.192072    0.206389    0.291489    0.371320 ^ clkbuf_0_clk/Z (gf180mcu_fd_sc_mcu7t5v0__clkbuf_16)
                                                         clknet_0_clk (net)
                      0.206398    0.002042    0.373361 ^ clkbuf_3_5__f_clk/I (gf180mcu_fd_sc_mcu7t5v0__clkbuf_16)
     6    0.026659    0.076228    0.209405    0.582766 ^ clkbuf_3_5__f_clk/Z (gf180mcu_fd_sc_mcu7t5v0__clkbuf_16)
                                                         clknet_3_5__leaf_clk (net)
                      0.076228    0.000046    0.582812 ^ _256_/CLK (gf180mcu_fd_sc_mcu7t5v0__dffrnq_1)
                                  0.250000    0.832812   clock uncertainty
                                  0.000000    0.832812   clock reconvergence pessimism
                                  0.089696    0.922507   library hold time
                                              0.922507   data required time
---------------------------------------------------------------------------------------------
                                              0.922507   data required time
                                             -1.359852   data arrival time
---------------------------------------------------------------------------------------------
                                              0.437344   slack (MET)


Startpoint: _249_ (rising edge-triggered flip-flop clocked by clk)
Endpoint: _250_ (rising edge-triggered flip-flop clocked by clk)
Path Group: clk
Path Type: min

Fanout         Cap        Slew       Delay        Time   Description
---------------------------------------------------------------------------------------------
                                  0.000000    0.000000   clock clk (rise edge)
                                  0.000000    0.000000   clock source latency
     1    0.036057    0.156044    0.079831    0.079831 ^ clk (in)
                                                         clk (net)
                      0.156052    0.000000    0.079831 ^ clkbuf_0_clk/I (gf180mcu_fd_sc_mcu7t5v0__clkbuf_16)
     8    0.192072    0.206389    0.291489    0.371320 ^ clkbuf_0_clk/Z (gf180mcu_fd_sc_mcu7t5v0__clkbuf_16)
                                                         clknet_0_clk (net)
                      0.206394    0.001524    0.372843 ^ clkbuf_3_4__f_clk/I (gf180mcu_fd_sc_mcu7t5v0__clkbuf_16)
     6    0.026012    0.075726    0.209006    0.581850 ^ clkbuf_3_4__f_clk/Z (gf180mcu_fd_sc_mcu7t5v0__clkbuf_16)
                                                         clknet_3_4__leaf_clk (net)
                      0.075726    0.000266    0.582116 ^ _249_/CLK (gf180mcu_fd_sc_mcu7t5v0__dffrnq_1)
     1    0.004154    0.087087    0.564229    1.146345 v _249_/Q (gf180mcu_fd_sc_mcu7t5v0__dffrnq_1)
                                                         s90_pipe[0] (net)
                      0.087087    0.000083    1.146428 v _121_/A2 (gf180mcu_fd_sc_mcu7t5v0__and2_1)
     1    0.003993    0.087015    0.218086    1.364514 v _121_/Z (gf180mcu_fd_sc_mcu7t5v0__and2_1)
                                                         _011_ (net)
                      0.087015    0.000075    1.364589 v _250_/D (gf180mcu_fd_sc_mcu7t5v0__dffrnq_1)
                                              1.364589   data arrival time

                                  0.000000    0.000000   clock clk (rise edge)
                                  0.000000    0.000000   clock source latency
     1    0.036057    0.156044    0.079831    0.079831 ^ clk (in)
                                                         clk (net)
                      0.156052    0.000000    0.079831 ^ clkbuf_0_clk/I (gf180mcu_fd_sc_mcu7t5v0__clkbuf_16)
     8    0.192072    0.206389    0.291489    0.371320 ^ clkbuf_0_clk/Z (gf180mcu_fd_sc_mcu7t5v0__clkbuf_16)
                                                         clknet_0_clk (net)
                      0.206394    0.001524    0.372843 ^ clkbuf_3_4__f_clk/I (gf180mcu_fd_sc_mcu7t5v0__clkbuf_16)
     6    0.026012    0.075726    0.209006    0.581850 ^ clkbuf_3_4__f_clk/Z (gf180mcu_fd_sc_mcu7t5v0__clkbuf_16)
                                                         clknet_3_4__leaf_clk (net)
                      0.075726    0.000261    0.582111 ^ _250_/CLK (gf180mcu_fd_sc_mcu7t5v0__dffrnq_1)
                                  0.250000    0.832111   clock uncertainty
                                  0.000000    0.832111   clock reconvergence pessimism
                                  0.089712    0.921823   library hold time
                                              0.921823   data required time
---------------------------------------------------------------------------------------------
                                              0.921823   data required time
                                             -1.364589   data arrival time
---------------------------------------------------------------------------------------------
                                              0.442767   slack (MET)


Startpoint: _247_ (rising edge-triggered flip-flop clocked by clk)
Endpoint: _248_ (rising edge-triggered flip-flop clocked by clk)
Path Group: clk
Path Type: min

Fanout         Cap        Slew       Delay        Time   Description
---------------------------------------------------------------------------------------------
                                  0.000000    0.000000   clock clk (rise edge)
                                  0.000000    0.000000   clock source latency
     1    0.036057    0.156044    0.079831    0.079831 ^ clk (in)
                                                         clk (net)
                      0.156052    0.000000    0.079831 ^ clkbuf_0_clk/I (gf180mcu_fd_sc_mcu7t5v0__clkbuf_16)
     8    0.192072    0.206389    0.291489    0.371320 ^ clkbuf_0_clk/Z (gf180mcu_fd_sc_mcu7t5v0__clkbuf_16)
                                                         clknet_0_clk (net)
                      0.206409    0.003026    0.374346 ^ clkbuf_3_7__f_clk/I (gf180mcu_fd_sc_mcu7t5v0__clkbuf_16)
     6    0.027396    0.076802    0.209929    0.584275 ^ clkbuf_3_7__f_clk/Z (gf180mcu_fd_sc_mcu7t5v0__clkbuf_16)
                                                         clknet_3_7__leaf_clk (net)
                      0.076802    0.000229    0.584504 ^ _247_/CLK (gf180mcu_fd_sc_mcu7t5v0__dffrnq_1)
     1    0.004486    0.089340    0.566555    1.151059 v _247_/Q (gf180mcu_fd_sc_mcu7t5v0__dffrnq_1)
                                                         comp_pipe[2] (net)
                      0.089340    0.000089    1.151148 v _127_/A2 (gf180mcu_fd_sc_mcu7t5v0__and2_1)
     1    0.003918    0.088802    0.218295    1.369443 v _127_/Z (gf180mcu_fd_sc_mcu7t5v0__and2_1)
                                                         _003_ (net)
                      0.088802    0.000042    1.369485 v _248_/D (gf180mcu_fd_sc_mcu7t5v0__dffrnq_1)
                                              1.369485   data arrival time

                                  0.000000    0.000000   clock clk (rise edge)
                                  0.000000    0.000000   clock source latency
     1    0.036057    0.156044    0.079831    0.079831 ^ clk (in)
                                                         clk (net)
                      0.156052    0.000000    0.079831 ^ clkbuf_0_clk/I (gf180mcu_fd_sc_mcu7t5v0__clkbuf_16)
     8    0.192072    0.206389    0.291489    0.371320 ^ clkbuf_0_clk/Z (gf180mcu_fd_sc_mcu7t5v0__clkbuf_16)
                                                         clknet_0_clk (net)
                      0.206409    0.003026    0.374346 ^ clkbuf_3_7__f_clk/I (gf180mcu_fd_sc_mcu7t5v0__clkbuf_16)
     6    0.027396    0.076802    0.209929    0.584275 ^ clkbuf_3_7__f_clk/Z (gf180mcu_fd_sc_mcu7t5v0__clkbuf_16)
                                                         clknet_3_7__leaf_clk (net)
                      0.076802    0.000372    0.584647 ^ _248_/CLK (gf180mcu_fd_sc_mcu7t5v0__dffrnq_1)
                                  0.250000    0.834647   clock uncertainty
                                  0.000000    0.834647   clock reconvergence pessimism
                                  0.089546    0.924192   library hold time
                                              0.924192   data required time
---------------------------------------------------------------------------------------------
                                              0.924192   data required time
                                             -1.369485   data arrival time
---------------------------------------------------------------------------------------------
                                              0.445293   slack (MET)


Startpoint: _245_ (rising edge-triggered flip-flop clocked by clk)
Endpoint: _246_ (rising edge-triggered flip-flop clocked by clk)
Path Group: clk
Path Type: min

Fanout         Cap        Slew       Delay        Time   Description
---------------------------------------------------------------------------------------------
                                  0.000000    0.000000   clock clk (rise edge)
                                  0.000000    0.000000   clock source latency
     1    0.036057    0.156044    0.079831    0.079831 ^ clk (in)
                                                         clk (net)
                      0.156052    0.000000    0.079831 ^ clkbuf_0_clk/I (gf180mcu_fd_sc_mcu7t5v0__clkbuf_16)
     8    0.192072    0.206389    0.291489    0.371320 ^ clkbuf_0_clk/Z (gf180mcu_fd_sc_mcu7t5v0__clkbuf_16)
                                                         clknet_0_clk (net)
                      0.206409    0.003026    0.374346 ^ clkbuf_3_7__f_clk/I (gf180mcu_fd_sc_mcu7t5v0__clkbuf_16)
     6    0.027396    0.076802    0.209929    0.584275 ^ clkbuf_3_7__f_clk/Z (gf180mcu_fd_sc_mcu7t5v0__clkbuf_16)
                                                         clknet_3_7__leaf_clk (net)
                      0.076802    0.000161    0.584436 ^ _245_/CLK (gf180mcu_fd_sc_mcu7t5v0__dffrnq_1)
     1    0.004908    0.092212    0.569220    1.153656 v _245_/Q (gf180mcu_fd_sc_mcu7t5v0__dffrnq_1)
                                                         comp_pipe[0] (net)
                      0.092212    0.000098    1.153754 v _125_/A2 (gf180mcu_fd_sc_mcu7t5v0__and2_1)
     1    0.003524    0.086130    0.216628    1.370382 v _125_/Z (gf180mcu_fd_sc_mcu7t5v0__and2_1)
                                                         _001_ (net)
                      0.086130    0.000035    1.370416 v _246_/D (gf180mcu_fd_sc_mcu7t5v0__dffrnq_1)
                                              1.370416   data arrival time

                                  0.000000    0.000000   clock clk (rise edge)
                                  0.000000    0.000000   clock source latency
     1    0.036057    0.156044    0.079831    0.079831 ^ clk (in)
                                                         clk (net)
                      0.156052    0.000000    0.079831 ^ clkbuf_0_clk/I (gf180mcu_fd_sc_mcu7t5v0__clkbuf_16)
     8    0.192072    0.206389    0.291489    0.371320 ^ clkbuf_0_clk/Z (gf180mcu_fd_sc_mcu7t5v0__clkbuf_16)
                                                         clknet_0_clk (net)
                      0.206413    0.003339    0.374659 ^ clkbuf_3_6__f_clk/I (gf180mcu_fd_sc_mcu7t5v0__clkbuf_16)
     6    0.026024    0.075736    0.209034    0.583692 ^ clkbuf_3_6__f_clk/Z (gf180mcu_fd_sc_mcu7t5v0__clkbuf_16)
                                                         clknet_3_6__leaf_clk (net)
                      0.075736    0.000164    0.583857 ^ _246_/CLK (gf180mcu_fd_sc_mcu7t5v0__dffrnq_1)
                                  0.250000    0.833857   clock uncertainty
                                  0.000000    0.833857   clock reconvergence pessimism
                                  0.089928    0.923785   library hold time
                                              0.923785   data required time
---------------------------------------------------------------------------------------------
                                              0.923785   data required time
                                             -1.370416   data arrival time
---------------------------------------------------------------------------------------------
                                              0.446632   slack (MET)


Startpoint: _250_ (rising edge-triggered flip-flop clocked by clk)
Endpoint: _251_ (rising edge-triggered flip-flop clocked by clk)
Path Group: clk
Path Type: min

Fanout         Cap        Slew       Delay        Time   Description
---------------------------------------------------------------------------------------------
                                  0.000000    0.000000   clock clk (rise edge)
                                  0.000000    0.000000   clock source latency
     1    0.036057    0.156044    0.079831    0.079831 ^ clk (in)
                                                         clk (net)
                      0.156052    0.000000    0.079831 ^ clkbuf_0_clk/I (gf180mcu_fd_sc_mcu7t5v0__clkbuf_16)
     8    0.192072    0.206389    0.291489    0.371320 ^ clkbuf_0_clk/Z (gf180mcu_fd_sc_mcu7t5v0__clkbuf_16)
                                                         clknet_0_clk (net)
                      0.206394    0.001524    0.372843 ^ clkbuf_3_4__f_clk/I (gf180mcu_fd_sc_mcu7t5v0__clkbuf_16)
     6    0.026012    0.075726    0.209006    0.581850 ^ clkbuf_3_4__f_clk/Z (gf180mcu_fd_sc_mcu7t5v0__clkbuf_16)
                                                         clknet_3_4__leaf_clk (net)
                      0.075726    0.000261    0.582111 ^ _250_/CLK (gf180mcu_fd_sc_mcu7t5v0__dffrnq_1)
     1    0.004178    0.087250    0.564392    1.146503 v _250_/Q (gf180mcu_fd_sc_mcu7t5v0__dffrnq_1)
                                                         s90_pipe[1] (net)
                      0.087250    0.000047    1.146550 v _122_/A2 (gf180mcu_fd_sc_mcu7t5v0__and2_1)
     1    0.004477    0.090336    0.221267    1.367818 v _122_/Z (gf180mcu_fd_sc_mcu7t5v0__and2_1)
                                                         _012_ (net)
                      0.090336    0.000051    1.367869 v _251_/D (gf180mcu_fd_sc_mcu7t5v0__dffrnq_1)
                                              1.367869   data arrival time

                                  0.000000    0.000000   clock clk (rise edge)
                                  0.000000    0.000000   clock source latency
     1    0.036057    0.156044    0.079831    0.079831 ^ clk (in)
                                                         clk (net)
                      0.156052    0.000000    0.079831 ^ clkbuf_0_clk/I (gf180mcu_fd_sc_mcu7t5v0__clkbuf_16)
     8    0.192072    0.206389    0.291489    0.371320 ^ clkbuf_0_clk/Z (gf180mcu_fd_sc_mcu7t5v0__clkbuf_16)
                                                         clknet_0_clk (net)
                      0.206394    0.001524    0.372843 ^ clkbuf_3_4__f_clk/I (gf180mcu_fd_sc_mcu7t5v0__clkbuf_16)
     6    0.026012    0.075726    0.209006    0.581850 ^ clkbuf_3_4__f_clk/Z (gf180mcu_fd_sc_mcu7t5v0__clkbuf_16)
                                                         clknet_3_4__leaf_clk (net)
                      0.075726    0.000221    0.582071 ^ _251_/CLK (gf180mcu_fd_sc_mcu7t5v0__dffrnq_1)
                                  0.250000    0.832071   clock uncertainty
                                  0.000000    0.832071   clock reconvergence pessimism
                                  0.088911    0.920982   library hold time
                                              0.920982   data required time
---------------------------------------------------------------------------------------------
                                              0.920982   data required time
                                             -1.367869   data arrival time
---------------------------------------------------------------------------------------------
                                              0.446887   slack (MET)


Startpoint: _253_ (rising edge-triggered flip-flop clocked by clk)
Endpoint: _254_ (rising edge-triggered flip-flop clocked by clk)
Path Group: clk
Path Type: min

Fanout         Cap        Slew       Delay        Time   Description
---------------------------------------------------------------------------------------------
                                  0.000000    0.000000   clock clk (rise edge)
                                  0.000000    0.000000   clock source latency
     1    0.036057    0.156044    0.079831    0.079831 ^ clk (in)
                                                         clk (net)
                      0.156052    0.000000    0.079831 ^ clkbuf_0_clk/I (gf180mcu_fd_sc_mcu7t5v0__clkbuf_16)
     8    0.192072    0.206389    0.291489    0.371320 ^ clkbuf_0_clk/Z (gf180mcu_fd_sc_mcu7t5v0__clkbuf_16)
                                                         clknet_0_clk (net)
                      0.206398    0.002042    0.373361 ^ clkbuf_3_5__f_clk/I (gf180mcu_fd_sc_mcu7t5v0__clkbuf_16)
     6    0.026659    0.076228    0.209405    0.582766 ^ clkbuf_3_5__f_clk/Z (gf180mcu_fd_sc_mcu7t5v0__clkbuf_16)
                                                         clknet_3_5__leaf_clk (net)
                      0.076229    0.000498    0.583264 ^ _253_/CLK (gf180mcu_fd_sc_mcu7t5v0__dffrnq_1)
     1    0.004728    0.090990    0.567963    1.151227 v _253_/Q (gf180mcu_fd_sc_mcu7t5v0__dffrnq_1)
                                                         s270_pipe[0] (net)
                      0.090990    0.000095    1.151322 v _117_/A2 (gf180mcu_fd_sc_mcu7t5v0__and2_1)
     1    0.003947    0.086701    0.218976    1.370299 v _117_/Z (gf180mcu_fd_sc_mcu7t5v0__and2_1)
                                                         _007_ (net)
                      0.086701    0.000075    1.370374 v _254_/D (gf180mcu_fd_sc_mcu7t5v0__dffrnq_1)
                                              1.370374   data arrival time

                                  0.000000    0.000000   clock clk (rise edge)
                                  0.000000    0.000000   clock source latency
     1    0.036057    0.156044    0.079831    0.079831 ^ clk (in)
                                                         clk (net)
                      0.156052    0.000000    0.079831 ^ clkbuf_0_clk/I (gf180mcu_fd_sc_mcu7t5v0__clkbuf_16)
     8    0.192072    0.206389    0.291489    0.371320 ^ clkbuf_0_clk/Z (gf180mcu_fd_sc_mcu7t5v0__clkbuf_16)
                                                         clknet_0_clk (net)
                      0.206398    0.002042    0.373361 ^ clkbuf_3_5__f_clk/I (gf180mcu_fd_sc_mcu7t5v0__clkbuf_16)
     6    0.026659    0.076228    0.209405    0.582766 ^ clkbuf_3_5__f_clk/Z (gf180mcu_fd_sc_mcu7t5v0__clkbuf_16)
                                                         clknet_3_5__leaf_clk (net)
                      0.076229    0.000483    0.583249 ^ _254_/CLK (gf180mcu_fd_sc_mcu7t5v0__dffrnq_1)
                                  0.250000    0.833249   clock uncertainty
                                  0.000000    0.833249   clock reconvergence pessimism
                                  0.089912    0.923161   library hold time
                                              0.923161   data required time
---------------------------------------------------------------------------------------------
                                              0.923161   data required time
                                             -1.370374   data arrival time
---------------------------------------------------------------------------------------------
                                              0.447213   slack (MET)


Startpoint: _251_ (rising edge-triggered flip-flop clocked by clk)
Endpoint: _252_ (rising edge-triggered flip-flop clocked by clk)
Path Group: clk
Path Type: min

Fanout         Cap        Slew       Delay        Time   Description
---------------------------------------------------------------------------------------------
                                  0.000000    0.000000   clock clk (rise edge)
                                  0.000000    0.000000   clock source latency
     1    0.036057    0.156044    0.079831    0.079831 ^ clk (in)
                                                         clk (net)
                      0.156052    0.000000    0.079831 ^ clkbuf_0_clk/I (gf180mcu_fd_sc_mcu7t5v0__clkbuf_16)
     8    0.192072    0.206389    0.291489    0.371320 ^ clkbuf_0_clk/Z (gf180mcu_fd_sc_mcu7t5v0__clkbuf_16)
                                                         clknet_0_clk (net)
                      0.206394    0.001524    0.372843 ^ clkbuf_3_4__f_clk/I (gf180mcu_fd_sc_mcu7t5v0__clkbuf_16)
     6    0.026012    0.075726    0.209006    0.581850 ^ clkbuf_3_4__f_clk/Z (gf180mcu_fd_sc_mcu7t5v0__clkbuf_16)
                                                         clknet_3_4__leaf_clk (net)
                      0.075726    0.000221    0.582071 ^ _251_/CLK (gf180mcu_fd_sc_mcu7t5v0__dffrnq_1)
     1    0.003362    0.081580    0.559112    1.141183 v _251_/Q (gf180mcu_fd_sc_mcu7t5v0__dffrnq_1)
                                                         s90_pipe[2] (net)
                      0.081580    0.000033    1.141216 v _123_/A2 (gf180mcu_fd_sc_mcu7t5v0__and2_1)
     1    0.005464    0.097109    0.225895    1.367110 v _123_/Z (gf180mcu_fd_sc_mcu7t5v0__and2_1)
                                                         _013_ (net)
                      0.097109    0.000111    1.367222 v _252_/D (gf180mcu_fd_sc_mcu7t5v0__dffrnq_1)
                                              1.367222   data arrival time

                                  0.000000    0.000000   clock clk (rise edge)
                                  0.000000    0.000000   clock source latency
     1    0.036057    0.156044    0.079831    0.079831 ^ clk (in)
                                                         clk (net)
                      0.156052    0.000000    0.079831 ^ clkbuf_0_clk/I (gf180mcu_fd_sc_mcu7t5v0__clkbuf_16)
     8    0.192072    0.206389    0.291489    0.371320 ^ clkbuf_0_clk/Z (gf180mcu_fd_sc_mcu7t5v0__clkbuf_16)
                                                         clknet_0_clk (net)
                      0.206394    0.001524    0.372843 ^ clkbuf_3_4__f_clk/I (gf180mcu_fd_sc_mcu7t5v0__clkbuf_16)
     6    0.026012    0.075726    0.209006    0.581850 ^ clkbuf_3_4__f_clk/Z (gf180mcu_fd_sc_mcu7t5v0__clkbuf_16)
                                                         clknet_3_4__leaf_clk (net)
                      0.075726    0.000070    0.581920 ^ _252_/CLK (gf180mcu_fd_sc_mcu7t5v0__dffrnq_1)
                                  0.250000    0.831920   clock uncertainty
                                  0.000000    0.831920   clock reconvergence pessimism
                                  0.087278    0.919198   library hold time
                                              0.919198   data required time
---------------------------------------------------------------------------------------------
                                              0.919198   data required time
                                             -1.367222   data arrival time
---------------------------------------------------------------------------------------------
                                              0.448024   slack (MET)


Startpoint: _246_ (rising edge-triggered flip-flop clocked by clk)
Endpoint: _247_ (rising edge-triggered flip-flop clocked by clk)
Path Group: clk
Path Type: min

Fanout         Cap        Slew       Delay        Time   Description
---------------------------------------------------------------------------------------------
                                  0.000000    0.000000   clock clk (rise edge)
                                  0.000000    0.000000   clock source latency
     1    0.036057    0.156044    0.079831    0.079831 ^ clk (in)
                                                         clk (net)
                      0.156052    0.000000    0.079831 ^ clkbuf_0_clk/I (gf180mcu_fd_sc_mcu7t5v0__clkbuf_16)
     8    0.192072    0.206389    0.291489    0.371320 ^ clkbuf_0_clk/Z (gf180mcu_fd_sc_mcu7t5v0__clkbuf_16)
                                                         clknet_0_clk (net)
                      0.206413    0.003339    0.374659 ^ clkbuf_3_6__f_clk/I (gf180mcu_fd_sc_mcu7t5v0__clkbuf_16)
     6    0.026024    0.075736    0.209034    0.583692 ^ clkbuf_3_6__f_clk/Z (gf180mcu_fd_sc_mcu7t5v0__clkbuf_16)
                                                         clknet_3_6__leaf_clk (net)
                      0.075736    0.000164    0.583857 ^ _246_/CLK (gf180mcu_fd_sc_mcu7t5v0__dffrnq_1)
     1    0.007097    0.107104    0.582777    1.166634 v _246_/Q (gf180mcu_fd_sc_mcu7t5v0__dffrnq_1)
                                                         comp_pipe[1] (net)
                      0.107104    0.000172    1.166806 v _126_/A2 (gf180mcu_fd_sc_mcu7t5v0__and2_1)
     1    0.005125    0.096984    0.231483    1.398289 v _126_/Z (gf180mcu_fd_sc_mcu7t5v0__and2_1)
                                                         _002_ (net)
                      0.096984    0.000061    1.398349 v _247_/D (gf180mcu_fd_sc_mcu7t5v0__dffrnq_1)
                                              1.398349   data arrival time

                                  0.000000    0.000000   clock clk (rise edge)
                                  0.000000    0.000000   clock source latency
     1    0.036057    0.156044    0.079831    0.079831 ^ clk (in)
                                                         clk (net)
                      0.156052    0.000000    0.079831 ^ clkbuf_0_clk/I (gf180mcu_fd_sc_mcu7t5v0__clkbuf_16)
     8    0.192072    0.206389    0.291489    0.371320 ^ clkbuf_0_clk/Z (gf180mcu_fd_sc_mcu7t5v0__clkbuf_16)
                                                         clknet_0_clk (net)
                      0.206409    0.003026    0.374346 ^ clkbuf_3_7__f_clk/I (gf180mcu_fd_sc_mcu7t5v0__clkbuf_16)
     6    0.027396    0.076802    0.209929    0.584275 ^ clkbuf_3_7__f_clk/Z (gf180mcu_fd_sc_mcu7t5v0__clkbuf_16)
                                                         clknet_3_7__leaf_clk (net)
                      0.076802    0.000229    0.584504 ^ _247_/CLK (gf180mcu_fd_sc_mcu7t5v0__dffrnq_1)
                                  0.250000    0.834504   clock uncertainty
                                  0.000000    0.834504   clock reconvergence pessimism
                                  0.087568    0.922072   library hold time
                                              0.922072   data required time
---------------------------------------------------------------------------------------------
                                              0.922072   data required time
                                             -1.398349   data arrival time
---------------------------------------------------------------------------------------------
                                              0.476277   slack (MET)


Startpoint: _224_ (rising edge-triggered flip-flop clocked by clk)
Endpoint: _224_ (rising edge-triggered flip-flop clocked by clk)
Path Group: clk
Path Type: min

Fanout         Cap        Slew       Delay        Time   Description
---------------------------------------------------------------------------------------------
                                  0.000000    0.000000   clock clk (rise edge)
                                  0.000000    0.000000   clock source latency
     1    0.036057    0.156044    0.079831    0.079831 ^ clk (in)
                                                         clk (net)
                      0.156052    0.000000    0.079831 ^ clkbuf_0_clk/I (gf180mcu_fd_sc_mcu7t5v0__clkbuf_16)
     8    0.192072    0.206389    0.291489    0.371320 ^ clkbuf_0_clk/Z (gf180mcu_fd_sc_mcu7t5v0__clkbuf_16)
                                                         clknet_0_clk (net)
                      0.206390    0.000839    0.372159 ^ clkbuf_3_3__f_clk/I (gf180mcu_fd_sc_mcu7t5v0__clkbuf_16)
     6    0.028960    0.078016    0.211012    0.583171 ^ clkbuf_3_3__f_clk/Z (gf180mcu_fd_sc_mcu7t5v0__clkbuf_16)
                                                         clknet_3_3__leaf_clk (net)
                      0.078016    0.000209    0.583379 ^ _224_/CLK (gf180mcu_fd_sc_mcu7t5v0__dffrnq_1)
     2    0.011572    0.138349    0.611524    1.194903 v _224_/Q (gf180mcu_fd_sc_mcu7t5v0__dffrnq_1)
                                                         net16 (net)
                      0.138349    0.000191    1.195094 v _210_/A1 (gf180mcu_fd_sc_mcu7t5v0__nand2_1)
     1    0.004830    0.135235    0.123210    1.318304 ^ _210_/ZN (gf180mcu_fd_sc_mcu7t5v0__nand2_1)
                                                         _098_ (net)
                      0.135235    0.000045    1.318349 ^ _211_/B (gf180mcu_fd_sc_mcu7t5v0__oai21_1)
     1    0.003596    0.100565    0.097273    1.415622 v _211_/ZN (gf180mcu_fd_sc_mcu7t5v0__oai21_1)
                                                         _038_ (net)
                      0.100565    0.000035    1.415657 v _224_/D (gf180mcu_fd_sc_mcu7t5v0__dffrnq_1)
                                              1.415657   data arrival time

                                  0.000000    0.000000   clock clk (rise edge)
                                  0.000000    0.000000   clock source latency
     1    0.036057    0.156044    0.079831    0.079831 ^ clk (in)
                                                         clk (net)
                      0.156052    0.000000    0.079831 ^ clkbuf_0_clk/I (gf180mcu_fd_sc_mcu7t5v0__clkbuf_16)
     8    0.192072    0.206389    0.291489    0.371320 ^ clkbuf_0_clk/Z (gf180mcu_fd_sc_mcu7t5v0__clkbuf_16)
                                                         clknet_0_clk (net)
                      0.206390    0.000839    0.372159 ^ clkbuf_3_3__f_clk/I (gf180mcu_fd_sc_mcu7t5v0__clkbuf_16)
     6    0.028960    0.078016    0.211012    0.583171 ^ clkbuf_3_3__f_clk/Z (gf180mcu_fd_sc_mcu7t5v0__clkbuf_16)
                                                         clknet_3_3__leaf_clk (net)
                      0.078016    0.000209    0.583379 ^ _224_/CLK (gf180mcu_fd_sc_mcu7t5v0__dffrnq_1)
                                  0.250000    0.833379   clock uncertainty
                                  0.000000    0.833379   clock reconvergence pessimism
                                  0.086994    0.920374   library hold time
                                              0.920374   data required time
---------------------------------------------------------------------------------------------
                                              0.920374   data required time
                                             -1.415657   data arrival time
---------------------------------------------------------------------------------------------
                                              0.495284   slack (MET)


Startpoint: _226_ (rising edge-triggered flip-flop clocked by clk)
Endpoint: _226_ (rising edge-triggered flip-flop clocked by clk)
Path Group: clk
Path Type: min

Fanout         Cap        Slew       Delay        Time   Description
---------------------------------------------------------------------------------------------
                                  0.000000    0.000000   clock clk (rise edge)
                                  0.000000    0.000000   clock source latency
     1    0.036057    0.156044    0.079831    0.079831 ^ clk (in)
                                                         clk (net)
                      0.156052    0.000000    0.079831 ^ clkbuf_0_clk/I (gf180mcu_fd_sc_mcu7t5v0__clkbuf_16)
     8    0.192072    0.206389    0.291489    0.371320 ^ clkbuf_0_clk/Z (gf180mcu_fd_sc_mcu7t5v0__clkbuf_16)
                                                         clknet_0_clk (net)
                      0.206413    0.003339    0.374659 ^ clkbuf_3_6__f_clk/I (gf180mcu_fd_sc_mcu7t5v0__clkbuf_16)
     6    0.026024    0.075736    0.209034    0.583692 ^ clkbuf_3_6__f_clk/Z (gf180mcu_fd_sc_mcu7t5v0__clkbuf_16)
                                                         clknet_3_6__leaf_clk (net)
                      0.075736    0.000059    0.583752 ^ _226_/CLK (gf180mcu_fd_sc_mcu7t5v0__dffrnq_1)
     2    0.011392    0.136919    0.609890    1.193642 v _226_/Q (gf180mcu_fd_sc_mcu7t5v0__dffrnq_1)
                                                         net18 (net)
                      0.136919    0.000173    1.193814 v _214_/A1 (gf180mcu_fd_sc_mcu7t5v0__nand2_1)
     1    0.004987    0.137195    0.124214    1.318028 ^ _214_/ZN (gf180mcu_fd_sc_mcu7t5v0__nand2_1)
                                                         _100_ (net)
                      0.137195    0.000092    1.318120 ^ _215_/B (gf180mcu_fd_sc_mcu7t5v0__oai21_1)
     1    0.003625    0.101179    0.097728    1.415848 v _215_/ZN (gf180mcu_fd_sc_mcu7t5v0__oai21_1)
                                                         _040_ (net)
                      0.101179    0.000066    1.415914 v _226_/D (gf180mcu_fd_sc_mcu7t5v0__dffrnq_1)
                                              1.415914   data arrival time

                                  0.000000    0.000000   clock clk (rise edge)
                                  0.000000    0.000000   clock source latency
     1    0.036057    0.156044    0.079831    0.079831 ^ clk (in)
                                                         clk (net)
                      0.156052    0.000000    0.079831 ^ clkbuf_0_clk/I (gf180mcu_fd_sc_mcu7t5v0__clkbuf_16)
     8    0.192072    0.206389    0.291489    0.371320 ^ clkbuf_0_clk/Z (gf180mcu_fd_sc_mcu7t5v0__clkbuf_16)
                                                         clknet_0_clk (net)
                      0.206413    0.003339    0.374659 ^ clkbuf_3_6__f_clk/I (gf180mcu_fd_sc_mcu7t5v0__clkbuf_16)
     6    0.026024    0.075736    0.209034    0.583692 ^ clkbuf_3_6__f_clk/Z (gf180mcu_fd_sc_mcu7t5v0__clkbuf_16)
                                                         clknet_3_6__leaf_clk (net)
                      0.075736    0.000059    0.583752 ^ _226_/CLK (gf180mcu_fd_sc_mcu7t5v0__dffrnq_1)
                                  0.250000    0.833752   clock uncertainty
                                  0.000000    0.833752   clock reconvergence pessimism
                                  0.086299    0.920051   library hold time
                                              0.920051   data required time
---------------------------------------------------------------------------------------------
                                              0.920051   data required time
                                             -1.415914   data arrival time
---------------------------------------------------------------------------------------------
                                              0.495864   slack (MET)


Startpoint: _225_ (rising edge-triggered flip-flop clocked by clk)
Endpoint: _225_ (rising edge-triggered flip-flop clocked by clk)
Path Group: clk
Path Type: min

Fanout         Cap        Slew       Delay        Time   Description
---------------------------------------------------------------------------------------------
                                  0.000000    0.000000   clock clk (rise edge)
                                  0.000000    0.000000   clock source latency
     1    0.036057    0.156044    0.079831    0.079831 ^ clk (in)
                                                         clk (net)
                      0.156052    0.000000    0.079831 ^ clkbuf_0_clk/I (gf180mcu_fd_sc_mcu7t5v0__clkbuf_16)
     8    0.192072    0.206389    0.291489    0.371320 ^ clkbuf_0_clk/Z (gf180mcu_fd_sc_mcu7t5v0__clkbuf_16)
                                                         clknet_0_clk (net)
                      0.206413    0.003339    0.374659 ^ clkbuf_3_6__f_clk/I (gf180mcu_fd_sc_mcu7t5v0__clkbuf_16)
     6    0.026024    0.075736    0.209034    0.583692 ^ clkbuf_3_6__f_clk/Z (gf180mcu_fd_sc_mcu7t5v0__clkbuf_16)
                                                         clknet_3_6__leaf_clk (net)
                      0.075736    0.000071    0.583764 ^ _225_/CLK (gf180mcu_fd_sc_mcu7t5v0__dffrnq_1)
     2    0.011666    0.139099    0.611620    1.195384 v _225_/Q (gf180mcu_fd_sc_mcu7t5v0__dffrnq_1)
                                                         net17 (net)
                      0.139099    0.000176    1.195560 v _212_/A1 (gf180mcu_fd_sc_mcu7t5v0__nand2_1)
     1    0.005013    0.137786    0.125081    1.320640 ^ _212_/ZN (gf180mcu_fd_sc_mcu7t5v0__nand2_1)
                                                         _099_ (net)
                      0.137786    0.000093    1.320733 ^ _213_/B (gf180mcu_fd_sc_mcu7t5v0__oai21_1)
     1    0.003633    0.101356    0.097860    1.418593 v _213_/ZN (gf180mcu_fd_sc_mcu7t5v0__oai21_1)
                                                         _039_ (net)
                      0.101356    0.000067    1.418660 v _225_/D (gf180mcu_fd_sc_mcu7t5v0__dffrnq_1)
                                              1.418660   data arrival time

                                  0.000000    0.000000   clock clk (rise edge)
                                  0.000000    0.000000   clock source latency
     1    0.036057    0.156044    0.079831    0.079831 ^ clk (in)
                                                         clk (net)
                      0.156052    0.000000    0.079831 ^ clkbuf_0_clk/I (gf180mcu_fd_sc_mcu7t5v0__clkbuf_16)
     8    0.192072    0.206389    0.291489    0.371320 ^ clkbuf_0_clk/Z (gf180mcu_fd_sc_mcu7t5v0__clkbuf_16)
                                                         clknet_0_clk (net)
                      0.206413    0.003339    0.374659 ^ clkbuf_3_6__f_clk/I (gf180mcu_fd_sc_mcu7t5v0__clkbuf_16)
     6    0.026024    0.075736    0.209034    0.583692 ^ clkbuf_3_6__f_clk/Z (gf180mcu_fd_sc_mcu7t5v0__clkbuf_16)
                                                         clknet_3_6__leaf_clk (net)
                      0.075736    0.000071    0.583764 ^ _225_/CLK (gf180mcu_fd_sc_mcu7t5v0__dffrnq_1)
                                  0.250000    0.833764   clock uncertainty
                                  0.000000    0.833764   clock reconvergence pessimism
                                  0.086257    0.920020   library hold time
                                              0.920020   data required time
---------------------------------------------------------------------------------------------
                                              0.920020   data required time
                                             -1.418660   data arrival time
---------------------------------------------------------------------------------------------
                                              0.498639   slack (MET)


Startpoint: _222_ (rising edge-triggered flip-flop clocked by clk)
Endpoint: _222_ (rising edge-triggered flip-flop clocked by clk)
Path Group: clk
Path Type: min

Fanout         Cap        Slew       Delay        Time   Description
---------------------------------------------------------------------------------------------
                                  0.000000    0.000000   clock clk (rise edge)
                                  0.000000    0.000000   clock source latency
     1    0.036057    0.156044    0.079831    0.079831 ^ clk (in)
                                                         clk (net)
                      0.156052    0.000000    0.079831 ^ clkbuf_0_clk/I (gf180mcu_fd_sc_mcu7t5v0__clkbuf_16)
     8    0.192072    0.206389    0.291489    0.371320 ^ clkbuf_0_clk/Z (gf180mcu_fd_sc_mcu7t5v0__clkbuf_16)
                                                         clknet_0_clk (net)
                      0.206390    0.000839    0.372159 ^ clkbuf_3_3__f_clk/I (gf180mcu_fd_sc_mcu7t5v0__clkbuf_16)
     6    0.028960    0.078016    0.211012    0.583171 ^ clkbuf_3_3__f_clk/Z (gf180mcu_fd_sc_mcu7t5v0__clkbuf_16)
                                                         clknet_3_3__leaf_clk (net)
                      0.078016    0.000178    0.583349 ^ _222_/CLK (gf180mcu_fd_sc_mcu7t5v0__dffrnq_1)
     2    0.012085    0.142349    0.614710    1.198059 v _222_/Q (gf180mcu_fd_sc_mcu7t5v0__dffrnq_1)
                                                         net14 (net)
                      0.142349    0.000187    1.198246 v _206_/A1 (gf180mcu_fd_sc_mcu7t5v0__nand2_1)
     1    0.005575    0.145711    0.131151    1.329397 ^ _206_/ZN (gf180mcu_fd_sc_mcu7t5v0__nand2_1)
                                                         _096_ (net)
                      0.145711    0.000106    1.329503 ^ _207_/B (gf180mcu_fd_sc_mcu7t5v0__oai21_1)
     1    0.003683    0.103352    0.099314    1.428817 v _207_/ZN (gf180mcu_fd_sc_mcu7t5v0__oai21_1)
                                                         _036_ (net)
                      0.103352    0.000036    1.428853 v _222_/D (gf180mcu_fd_sc_mcu7t5v0__dffrnq_1)
                                              1.428853   data arrival time

                                  0.000000    0.000000   clock clk (rise edge)
                                  0.000000    0.000000   clock source latency
     1    0.036057    0.156044    0.079831    0.079831 ^ clk (in)
                                                         clk (net)
                      0.156052    0.000000    0.079831 ^ clkbuf_0_clk/I (gf180mcu_fd_sc_mcu7t5v0__clkbuf_16)
     8    0.192072    0.206389    0.291489    0.371320 ^ clkbuf_0_clk/Z (gf180mcu_fd_sc_mcu7t5v0__clkbuf_16)
                                                         clknet_0_clk (net)
                      0.206390    0.000839    0.372159 ^ clkbuf_3_3__f_clk/I (gf180mcu_fd_sc_mcu7t5v0__clkbuf_16)
     6    0.028960    0.078016    0.211012    0.583171 ^ clkbuf_3_3__f_clk/Z (gf180mcu_fd_sc_mcu7t5v0__clkbuf_16)
                                                         clknet_3_3__leaf_clk (net)
                      0.078016    0.000178    0.583349 ^ _222_/CLK (gf180mcu_fd_sc_mcu7t5v0__dffrnq_1)
                                  0.250000    0.833349   clock uncertainty
                                  0.000000    0.833349   clock reconvergence pessimism
                                  0.086319    0.919668   library hold time
                                              0.919668   data required time
---------------------------------------------------------------------------------------------
                                              0.919668   data required time
                                             -1.428853   data arrival time
---------------------------------------------------------------------------------------------
                                              0.509185   slack (MET)


Startpoint: _216_ (rising edge-triggered flip-flop clocked by clk)
Endpoint: _216_ (rising edge-triggered flip-flop clocked by clk)
Path Group: clk
Path Type: min

Fanout         Cap        Slew       Delay        Time   Description
---------------------------------------------------------------------------------------------
                                  0.000000    0.000000   clock clk (rise edge)
                                  0.000000    0.000000   clock source latency
     1    0.036057    0.156044    0.079831    0.079831 ^ clk (in)
                                                         clk (net)
                      0.156052    0.000000    0.079831 ^ clkbuf_0_clk/I (gf180mcu_fd_sc_mcu7t5v0__clkbuf_16)
     8    0.192072    0.206389    0.291489    0.371320 ^ clkbuf_0_clk/Z (gf180mcu_fd_sc_mcu7t5v0__clkbuf_16)
                                                         clknet_0_clk (net)
                      0.206392    0.001174    0.372493 ^ clkbuf_3_2__f_clk/I (gf180mcu_fd_sc_mcu7t5v0__clkbuf_16)
     6    0.026285    0.075938    0.209188    0.581681 ^ clkbuf_3_2__f_clk/Z (gf180mcu_fd_sc_mcu7t5v0__clkbuf_16)
                                                         clknet_3_2__leaf_clk (net)
                      0.075938    0.000281    0.581962 ^ _216_/CLK (gf180mcu_fd_sc_mcu7t5v0__dffrnq_1)
     2    0.011425    0.137175    0.610099    1.192061 v _216_/Q (gf180mcu_fd_sc_mcu7t5v0__dffrnq_1)
                                                         net6 (net)
                      0.137175    0.000264    1.192325 v _113_/I (gf180mcu_fd_sc_mcu7t5v0__clkinv_1)
     1    0.006031    0.132990    0.114875    1.307200 ^ _113_/ZN (gf180mcu_fd_sc_mcu7t5v0__clkinv_1)
                                                         _106_ (net)
                      0.132990    0.000069    1.307269 ^ _196_/A2 (gf180mcu_fd_sc_mcu7t5v0__oai32_1)
     1    0.004168    0.119024    0.124448    1.431717 v _196_/ZN (gf180mcu_fd_sc_mcu7t5v0__oai32_1)
                                                         _030_ (net)
                      0.119024    0.000045    1.431762 v _216_/D (gf180mcu_fd_sc_mcu7t5v0__dffrnq_1)
                                              1.431762   data arrival time

                                  0.000000    0.000000   clock clk (rise edge)
                                  0.000000    0.000000   clock source latency
     1    0.036057    0.156044    0.079831    0.079831 ^ clk (in)
                                                         clk (net)
                      0.156052    0.000000    0.079831 ^ clkbuf_0_clk/I (gf180mcu_fd_sc_mcu7t5v0__clkbuf_16)
     8    0.192072    0.206389    0.291489    0.371320 ^ clkbuf_0_clk/Z (gf180mcu_fd_sc_mcu7t5v0__clkbuf_16)
                                                         clknet_0_clk (net)
                      0.206392    0.001174    0.372493 ^ clkbuf_3_2__f_clk/I (gf180mcu_fd_sc_mcu7t5v0__clkbuf_16)
     6    0.026285    0.075938    0.209188    0.581681 ^ clkbuf_3_2__f_clk/Z (gf180mcu_fd_sc_mcu7t5v0__clkbuf_16)
                                                         clknet_3_2__leaf_clk (net)
                      0.075938    0.000281    0.581962 ^ _216_/CLK (gf180mcu_fd_sc_mcu7t5v0__dffrnq_1)
                                  0.250000    0.831962   clock uncertainty
                                  0.000000    0.831962   clock reconvergence pessimism
                                  0.082043    0.914005   library hold time
                                              0.914005   data required time
---------------------------------------------------------------------------------------------
                                              0.914005   data required time
                                             -1.431762   data arrival time
---------------------------------------------------------------------------------------------
                                              0.517757   slack (MET)


Startpoint: _228_ (rising edge-triggered flip-flop clocked by clk)
Endpoint: _228_ (rising edge-triggered flip-flop clocked by clk)
Path Group: clk
Path Type: min

Fanout         Cap        Slew       Delay        Time   Description
---------------------------------------------------------------------------------------------
                                  0.000000    0.000000   clock clk (rise edge)
                                  0.000000    0.000000   clock source latency
     1    0.036057    0.156044    0.079831    0.079831 ^ clk (in)
                                                         clk (net)
                      0.156052    0.000000    0.079831 ^ clkbuf_0_clk/I (gf180mcu_fd_sc_mcu7t5v0__clkbuf_16)
     8    0.192072    0.206389    0.291489    0.371320 ^ clkbuf_0_clk/Z (gf180mcu_fd_sc_mcu7t5v0__clkbuf_16)
                                                         clknet_0_clk (net)
                      0.206413    0.003339    0.374659 ^ clkbuf_3_6__f_clk/I (gf180mcu_fd_sc_mcu7t5v0__clkbuf_16)
     6    0.026024    0.075736    0.209034    0.583692 ^ clkbuf_3_6__f_clk/Z (gf180mcu_fd_sc_mcu7t5v0__clkbuf_16)
                                                         clknet_3_6__leaf_clk (net)
                      0.075736    0.000135    0.583828 ^ _228_/CLK (gf180mcu_fd_sc_mcu7t5v0__dffrnq_1)
     2    0.013657    0.152936    0.622364    1.206192 v _228_/Q (gf180mcu_fd_sc_mcu7t5v0__dffrnq_1)
                                                         net20 (net)
                      0.152936    0.000151    1.206343 v _147_/A1 (gf180mcu_fd_sc_mcu7t5v0__nand2_1)
     1    0.005614    0.147273    0.134549    1.340892 ^ _147_/ZN (gf180mcu_fd_sc_mcu7t5v0__nand2_1)
                                                         _058_ (net)
                      0.147273    0.000108    1.341000 ^ _148_/B (gf180mcu_fd_sc_mcu7t5v0__oai21_1)
     1    0.003649    0.103444    0.099315    1.440315 v _148_/ZN (gf180mcu_fd_sc_mcu7t5v0__oai21_1)
                                                         _015_ (net)
                      0.103444    0.000036    1.440351 v _228_/D (gf180mcu_fd_sc_mcu7t5v0__dffrnq_1)
                                              1.440351   data arrival time

                                  0.000000    0.000000   clock clk (rise edge)
                                  0.000000    0.000000   clock source latency
     1    0.036057    0.156044    0.079831    0.079831 ^ clk (in)
                                                         clk (net)
                      0.156052    0.000000    0.079831 ^ clkbuf_0_clk/I (gf180mcu_fd_sc_mcu7t5v0__clkbuf_16)
     8    0.192072    0.206389    0.291489    0.371320 ^ clkbuf_0_clk/Z (gf180mcu_fd_sc_mcu7t5v0__clkbuf_16)
                                                         clknet_0_clk (net)
                      0.206413    0.003339    0.374659 ^ clkbuf_3_6__f_clk/I (gf180mcu_fd_sc_mcu7t5v0__clkbuf_16)
     6    0.026024    0.075736    0.209034    0.583692 ^ clkbuf_3_6__f_clk/Z (gf180mcu_fd_sc_mcu7t5v0__clkbuf_16)
                                                         clknet_3_6__leaf_clk (net)
                      0.075736    0.000135    0.583828 ^ _228_/CLK (gf180mcu_fd_sc_mcu7t5v0__dffrnq_1)
                                  0.250000    0.833828   clock uncertainty
                                  0.000000    0.833828   clock reconvergence pessimism
                                  0.085753    0.919581   library hold time
                                              0.919581   data required time
---------------------------------------------------------------------------------------------
                                              0.919581   data required time
                                             -1.440351   data arrival time
---------------------------------------------------------------------------------------------
                                              0.520771   slack (MET)


Startpoint: _227_ (rising edge-triggered flip-flop clocked by clk)
Endpoint: _227_ (rising edge-triggered flip-flop clocked by clk)
Path Group: clk
Path Type: min

Fanout         Cap        Slew       Delay        Time   Description
---------------------------------------------------------------------------------------------
                                  0.000000    0.000000   clock clk (rise edge)
                                  0.000000    0.000000   clock source latency
     1    0.036057    0.156044    0.079831    0.079831 ^ clk (in)
                                                         clk (net)
                      0.156052    0.000000    0.079831 ^ clkbuf_0_clk/I (gf180mcu_fd_sc_mcu7t5v0__clkbuf_16)
     8    0.192072    0.206389    0.291489    0.371320 ^ clkbuf_0_clk/Z (gf180mcu_fd_sc_mcu7t5v0__clkbuf_16)
                                                         clknet_0_clk (net)
                      0.206413    0.003339    0.374659 ^ clkbuf_3_6__f_clk/I (gf180mcu_fd_sc_mcu7t5v0__clkbuf_16)
     6    0.026024    0.075736    0.209034    0.583692 ^ clkbuf_3_6__f_clk/Z (gf180mcu_fd_sc_mcu7t5v0__clkbuf_16)
                                                         clknet_3_6__leaf_clk (net)
                      0.075736    0.000113    0.583806 ^ _227_/CLK (gf180mcu_fd_sc_mcu7t5v0__dffrnq_1)
     2    0.011985    0.141648    0.613688    1.197494 v _227_/Q (gf180mcu_fd_sc_mcu7t5v0__dffrnq_1)
                                                         net19 (net)
                      0.141648    0.000092    1.197586 v _144_/A1 (gf180mcu_fd_sc_mcu7t5v0__nand2_1)
     1    0.006319    0.155691    0.137755    1.335341 ^ _144_/ZN (gf180mcu_fd_sc_mcu7t5v0__nand2_1)
                                                         _056_ (net)
                      0.155691    0.000130    1.335471 ^ _145_/B (gf180mcu_fd_sc_mcu7t5v0__oai21_1)
     1    0.004392    0.110129    0.105367    1.440838 v _145_/ZN (gf180mcu_fd_sc_mcu7t5v0__oai21_1)
                                                         _014_ (net)
                      0.110129    0.000083    1.440921 v _227_/D (gf180mcu_fd_sc_mcu7t5v0__dffrnq_1)
                                              1.440921   data arrival time

                                  0.000000    0.000000   clock clk (rise edge)
                                  0.000000    0.000000   clock source latency
     1    0.036057    0.156044    0.079831    0.079831 ^ clk (in)
                                                         clk (net)
                      0.156052    0.000000    0.079831 ^ clkbuf_0_clk/I (gf180mcu_fd_sc_mcu7t5v0__clkbuf_16)
     8    0.192072    0.206389    0.291489    0.371320 ^ clkbuf_0_clk/Z (gf180mcu_fd_sc_mcu7t5v0__clkbuf_16)
                                                         clknet_0_clk (net)
                      0.206413    0.003339    0.374659 ^ clkbuf_3_6__f_clk/I (gf180mcu_fd_sc_mcu7t5v0__clkbuf_16)
     6    0.026024    0.075736    0.209034    0.583692 ^ clkbuf_3_6__f_clk/Z (gf180mcu_fd_sc_mcu7t5v0__clkbuf_16)
                                                         clknet_3_6__leaf_clk (net)
                      0.075736    0.000113    0.583806 ^ _227_/CLK (gf180mcu_fd_sc_mcu7t5v0__dffrnq_1)
                                  0.250000    0.833806   clock uncertainty
                                  0.000000    0.833806   clock reconvergence pessimism
                                  0.084141    0.917947   library hold time
                                              0.917947   data required time
---------------------------------------------------------------------------------------------
                                              0.917947   data required time
                                             -1.440921   data arrival time
---------------------------------------------------------------------------------------------
                                              0.522974   slack (MET)


Startpoint: _223_ (rising edge-triggered flip-flop clocked by clk)
Endpoint: _223_ (rising edge-triggered flip-flop clocked by clk)
Path Group: clk
Path Type: min

Fanout         Cap        Slew       Delay        Time   Description
---------------------------------------------------------------------------------------------
                                  0.000000    0.000000   clock clk (rise edge)
                                  0.000000    0.000000   clock source latency
     1    0.036057    0.156044    0.079831    0.079831 ^ clk (in)
                                                         clk (net)
                      0.156052    0.000000    0.079831 ^ clkbuf_0_clk/I (gf180mcu_fd_sc_mcu7t5v0__clkbuf_16)
     8    0.192072    0.206389    0.291489    0.371320 ^ clkbuf_0_clk/Z (gf180mcu_fd_sc_mcu7t5v0__clkbuf_16)
                                                         clknet_0_clk (net)
                      0.206390    0.000839    0.372159 ^ clkbuf_3_3__f_clk/I (gf180mcu_fd_sc_mcu7t5v0__clkbuf_16)
     6    0.028960    0.078016    0.211012    0.583171 ^ clkbuf_3_3__f_clk/Z (gf180mcu_fd_sc_mcu7t5v0__clkbuf_16)
                                                         clknet_3_3__leaf_clk (net)
                      0.078016    0.000170    0.583340 ^ _223_/CLK (gf180mcu_fd_sc_mcu7t5v0__dffrnq_1)
     2    0.012012    0.141843    0.614299    1.197640 v _223_/Q (gf180mcu_fd_sc_mcu7t5v0__dffrnq_1)
                                                         net15 (net)
                      0.141843    0.000207    1.197846 v _208_/A1 (gf180mcu_fd_sc_mcu7t5v0__nand2_1)
     1    0.006443    0.157377    0.138939    1.336785 ^ _208_/ZN (gf180mcu_fd_sc_mcu7t5v0__nand2_1)
                                                         _097_ (net)
                      0.157377    0.000131    1.336916 ^ _209_/B (gf180mcu_fd_sc_mcu7t5v0__oai21_1)
     1    0.004397    0.110485    0.105648    1.442563 v _209_/ZN (gf180mcu_fd_sc_mcu7t5v0__oai21_1)
                                                         _037_ (net)
                      0.110485    0.000085    1.442649 v _223_/D (gf180mcu_fd_sc_mcu7t5v0__dffrnq_1)
                                              1.442649   data arrival time

                                  0.000000    0.000000   clock clk (rise edge)
                                  0.000000    0.000000   clock source latency
     1    0.036057    0.156044    0.079831    0.079831 ^ clk (in)
                                                         clk (net)
                      0.156052    0.000000    0.079831 ^ clkbuf_0_clk/I (gf180mcu_fd_sc_mcu7t5v0__clkbuf_16)
     8    0.192072    0.206389    0.291489    0.371320 ^ clkbuf_0_clk/Z (gf180mcu_fd_sc_mcu7t5v0__clkbuf_16)
                                                         clknet_0_clk (net)
                      0.206390    0.000839    0.372159 ^ clkbuf_3_3__f_clk/I (gf180mcu_fd_sc_mcu7t5v0__clkbuf_16)
     6    0.028960    0.078016    0.211012    0.583171 ^ clkbuf_3_3__f_clk/Z (gf180mcu_fd_sc_mcu7t5v0__clkbuf_16)
                                                         clknet_3_3__leaf_clk (net)
                      0.078016    0.000170    0.583340 ^ _223_/CLK (gf180mcu_fd_sc_mcu7t5v0__dffrnq_1)
                                  0.250000    0.833340   clock uncertainty
                                  0.000000    0.833340   clock reconvergence pessimism
                                  0.084591    0.917931   library hold time
                                              0.917931   data required time
---------------------------------------------------------------------------------------------
                                              0.917931   data required time
                                             -1.442649   data arrival time
---------------------------------------------------------------------------------------------
                                              0.524717   slack (MET)


Startpoint: _217_ (rising edge-triggered flip-flop clocked by clk)
Endpoint: _217_ (rising edge-triggered flip-flop clocked by clk)
Path Group: clk
Path Type: min

Fanout         Cap        Slew       Delay        Time   Description
---------------------------------------------------------------------------------------------
                                  0.000000    0.000000   clock clk (rise edge)
                                  0.000000    0.000000   clock source latency
     1    0.036057    0.156044    0.079831    0.079831 ^ clk (in)
                                                         clk (net)
                      0.156052    0.000000    0.079831 ^ clkbuf_0_clk/I (gf180mcu_fd_sc_mcu7t5v0__clkbuf_16)
     8    0.192072    0.206389    0.291489    0.371320 ^ clkbuf_0_clk/Z (gf180mcu_fd_sc_mcu7t5v0__clkbuf_16)
                                                         clknet_0_clk (net)
                      0.206392    0.001174    0.372493 ^ clkbuf_3_2__f_clk/I (gf180mcu_fd_sc_mcu7t5v0__clkbuf_16)
     6    0.026285    0.075938    0.209188    0.581681 ^ clkbuf_3_2__f_clk/Z (gf180mcu_fd_sc_mcu7t5v0__clkbuf_16)
                                                         clknet_3_2__leaf_clk (net)
                      0.075938    0.000290    0.581971 ^ _217_/CLK (gf180mcu_fd_sc_mcu7t5v0__dffrnq_1)
     2    0.014876    0.161111    0.628677    1.210649 v _217_/Q (gf180mcu_fd_sc_mcu7t5v0__dffrnq_1)
                                                         net10 (net)
                      0.161111    0.000156    1.210805 v _197_/A1 (gf180mcu_fd_sc_mcu7t5v0__nand2_1)
     1    0.005393    0.145160    0.134879    1.345683 ^ _197_/ZN (gf180mcu_fd_sc_mcu7t5v0__nand2_1)
                                                         _092_ (net)
                      0.145160    0.000103    1.345787 ^ _198_/B (gf180mcu_fd_sc_mcu7t5v0__oai21_1)
     1    0.003598    0.102656    0.098689    1.444475 v _198_/ZN (gf180mcu_fd_sc_mcu7t5v0__oai21_1)
                                                         _031_ (net)
                      0.102656    0.000035    1.444511 v _217_/D (gf180mcu_fd_sc_mcu7t5v0__dffrnq_1)
                                              1.444511   data arrival time

                                  0.000000    0.000000   clock clk (rise edge)
                                  0.000000    0.000000   clock source latency
     1    0.036057    0.156044    0.079831    0.079831 ^ clk (in)
                                                         clk (net)
                      0.156052    0.000000    0.079831 ^ clkbuf_0_clk/I (gf180mcu_fd_sc_mcu7t5v0__clkbuf_16)
     8    0.192072    0.206389    0.291489    0.371320 ^ clkbuf_0_clk/Z (gf180mcu_fd_sc_mcu7t5v0__clkbuf_16)
                                                         clknet_0_clk (net)
                      0.206392    0.001174    0.372493 ^ clkbuf_3_2__f_clk/I (gf180mcu_fd_sc_mcu7t5v0__clkbuf_16)
     6    0.026285    0.075938    0.209188    0.581681 ^ clkbuf_3_2__f_clk/Z (gf180mcu_fd_sc_mcu7t5v0__clkbuf_16)
                                                         clknet_3_2__leaf_clk (net)
                      0.075938    0.000290    0.581971 ^ _217_/CLK (gf180mcu_fd_sc_mcu7t5v0__dffrnq_1)
                                  0.250000    0.831971   clock uncertainty
                                  0.000000    0.831971   clock reconvergence pessimism
                                  0.085991    0.917963   library hold time
                                              0.917963   data required time
---------------------------------------------------------------------------------------------
                                              0.917963   data required time
                                             -1.444511   data arrival time
---------------------------------------------------------------------------------------------
                                              0.526548   slack (MET)


Startpoint: _220_ (rising edge-triggered flip-flop clocked by clk)
Endpoint: _220_ (rising edge-triggered flip-flop clocked by clk)
Path Group: clk
Path Type: min

Fanout         Cap        Slew       Delay        Time   Description
---------------------------------------------------------------------------------------------
                                  0.000000    0.000000   clock clk (rise edge)
                                  0.000000    0.000000   clock source latency
     1    0.036057    0.156044    0.079831    0.079831 ^ clk (in)
                                                         clk (net)
                      0.156052    0.000000    0.079831 ^ clkbuf_0_clk/I (gf180mcu_fd_sc_mcu7t5v0__clkbuf_16)
     8    0.192072    0.206389    0.291489    0.371320 ^ clkbuf_0_clk/Z (gf180mcu_fd_sc_mcu7t5v0__clkbuf_16)
                                                         clknet_0_clk (net)
                      0.206393    0.001416    0.372735 ^ clkbuf_3_0__f_clk/I (gf180mcu_fd_sc_mcu7t5v0__clkbuf_16)
     6    0.027601    0.076961    0.210094    0.582829 ^ clkbuf_3_0__f_clk/Z (gf180mcu_fd_sc_mcu7t5v0__clkbuf_16)
                                                         clknet_3_0__leaf_clk (net)
                      0.076961    0.000068    0.582897 ^ _220_/CLK (gf180mcu_fd_sc_mcu7t5v0__dffrnq_1)
     2    0.015564    0.165720    0.632414    1.215312 v _220_/Q (gf180mcu_fd_sc_mcu7t5v0__dffrnq_1)
                                                         net12 (net)
                      0.165720    0.000215    1.215526 v _114_/I (gf180mcu_fd_sc_mcu7t5v0__clkinv_1)
     1    0.005940    0.135730    0.121973    1.337499 ^ _114_/ZN (gf180mcu_fd_sc_mcu7t5v0__clkinv_1)
                                                         _107_ (net)
                      0.135730    0.000116    1.337615 ^ _203_/B2 (gf180mcu_fd_sc_mcu7t5v0__oai22_1)
     1    0.003656    0.116477    0.119005    1.456620 v _203_/ZN (gf180mcu_fd_sc_mcu7t5v0__oai22_1)
                                                         _034_ (net)
                      0.116477    0.000036    1.456656 v _220_/D (gf180mcu_fd_sc_mcu7t5v0__dffrnq_1)
                                              1.456656   data arrival time

                                  0.000000    0.000000   clock clk (rise edge)
                                  0.000000    0.000000   clock source latency
     1    0.036057    0.156044    0.079831    0.079831 ^ clk (in)
                                                         clk (net)
                      0.156052    0.000000    0.079831 ^ clkbuf_0_clk/I (gf180mcu_fd_sc_mcu7t5v0__clkbuf_16)
     8    0.192072    0.206389    0.291489    0.371320 ^ clkbuf_0_clk/Z (gf180mcu_fd_sc_mcu7t5v0__clkbuf_16)
                                                         clknet_0_clk (net)
                      0.206393    0.001416    0.372735 ^ clkbuf_3_0__f_clk/I (gf180mcu_fd_sc_mcu7t5v0__clkbuf_16)
     6    0.027601    0.076961    0.210094    0.582829 ^ clkbuf_3_0__f_clk/Z (gf180mcu_fd_sc_mcu7t5v0__clkbuf_16)
                                                         clknet_3_0__leaf_clk (net)
                      0.076961    0.000068    0.582897 ^ _220_/CLK (gf180mcu_fd_sc_mcu7t5v0__dffrnq_1)
                                  0.250000    0.832897   clock uncertainty
                                  0.000000    0.832897   clock reconvergence pessimism
                                  0.082895    0.915792   library hold time
                                              0.915792   data required time
---------------------------------------------------------------------------------------------
                                              0.915792   data required time
                                             -1.456656   data arrival time
---------------------------------------------------------------------------------------------
                                              0.540864   slack (MET)


Startpoint: _221_ (rising edge-triggered flip-flop clocked by clk)
Endpoint: _221_ (rising edge-triggered flip-flop clocked by clk)
Path Group: clk
Path Type: min

Fanout         Cap        Slew       Delay        Time   Description
---------------------------------------------------------------------------------------------
                                  0.000000    0.000000   clock clk (rise edge)
                                  0.000000    0.000000   clock source latency
     1    0.036057    0.156044    0.079831    0.079831 ^ clk (in)
                                                         clk (net)
                      0.156052    0.000000    0.079831 ^ clkbuf_0_clk/I (gf180mcu_fd_sc_mcu7t5v0__clkbuf_16)
     8    0.192072    0.206389    0.291489    0.371320 ^ clkbuf_0_clk/Z (gf180mcu_fd_sc_mcu7t5v0__clkbuf_16)
                                                         clknet_0_clk (net)
                      0.206392    0.001174    0.372493 ^ clkbuf_3_2__f_clk/I (gf180mcu_fd_sc_mcu7t5v0__clkbuf_16)
     6    0.026285    0.075938    0.209188    0.581681 ^ clkbuf_3_2__f_clk/Z (gf180mcu_fd_sc_mcu7t5v0__clkbuf_16)
                                                         clknet_3_2__leaf_clk (net)
                      0.075938    0.000138    0.581818 ^ _221_/CLK (gf180mcu_fd_sc_mcu7t5v0__dffrnq_1)
     2    0.010570    0.130905    0.604749    1.186568 v _221_/Q (gf180mcu_fd_sc_mcu7t5v0__dffrnq_1)
                                                         net13 (net)
                      0.130905    0.000160    1.186727 v _204_/A1 (gf180mcu_fd_sc_mcu7t5v0__nand2_1)
     1    0.008869    0.189713    0.157994    1.344721 ^ _204_/ZN (gf180mcu_fd_sc_mcu7t5v0__nand2_1)
                                                         _095_ (net)
                      0.189713    0.000220    1.344941 ^ _205_/B (gf180mcu_fd_sc_mcu7t5v0__oai21_1)
     1    0.006234    0.128629    0.122281    1.467222 v _205_/ZN (gf180mcu_fd_sc_mcu7t5v0__oai21_1)
                                                         _035_ (net)
                      0.128629    0.000137    1.467359 v _221_/D (gf180mcu_fd_sc_mcu7t5v0__dffrnq_1)
                                              1.467359   data arrival time

                                  0.000000    0.000000   clock clk (rise edge)
                                  0.000000    0.000000   clock source latency
     1    0.036057    0.156044    0.079831    0.079831 ^ clk (in)
                                                         clk (net)
                      0.156052    0.000000    0.079831 ^ clkbuf_0_clk/I (gf180mcu_fd_sc_mcu7t5v0__clkbuf_16)
     8    0.192072    0.206389    0.291489    0.371320 ^ clkbuf_0_clk/Z (gf180mcu_fd_sc_mcu7t5v0__clkbuf_16)
                                                         clknet_0_clk (net)
                      0.206392    0.001174    0.372493 ^ clkbuf_3_2__f_clk/I (gf180mcu_fd_sc_mcu7t5v0__clkbuf_16)
     6    0.026285    0.075938    0.209188    0.581681 ^ clkbuf_3_2__f_clk/Z (gf180mcu_fd_sc_mcu7t5v0__clkbuf_16)
                                                         clknet_3_2__leaf_clk (net)
                      0.075938    0.000138    0.581818 ^ _221_/CLK (gf180mcu_fd_sc_mcu7t5v0__dffrnq_1)
                                  0.250000    0.831818   clock uncertainty
                                  0.000000    0.831818   clock reconvergence pessimism
                                  0.079726    0.911544   library hold time
                                              0.911544   data required time
---------------------------------------------------------------------------------------------
                                              0.911544   data required time
                                             -1.467359   data arrival time
---------------------------------------------------------------------------------------------
                                              0.555815   slack (MET)


Startpoint: _242_ (rising edge-triggered flip-flop clocked by clk)
Endpoint: _242_ (rising edge-triggered flip-flop clocked by clk)
Path Group: clk
Path Type: min

Fanout         Cap        Slew       Delay        Time   Description
---------------------------------------------------------------------------------------------
                                  0.000000    0.000000   clock clk (rise edge)
                                  0.000000    0.000000   clock source latency
     1    0.036057    0.156044    0.079831    0.079831 ^ clk (in)
                                                         clk (net)
                      0.156052    0.000000    0.079831 ^ clkbuf_0_clk/I (gf180mcu_fd_sc_mcu7t5v0__clkbuf_16)
     8    0.192072    0.206389    0.291489    0.371320 ^ clkbuf_0_clk/Z (gf180mcu_fd_sc_mcu7t5v0__clkbuf_16)
                                                         clknet_0_clk (net)
                      0.206393    0.001416    0.372735 ^ clkbuf_3_0__f_clk/I (gf180mcu_fd_sc_mcu7t5v0__clkbuf_16)
     6    0.027601    0.076961    0.210094    0.582829 ^ clkbuf_3_0__f_clk/Z (gf180mcu_fd_sc_mcu7t5v0__clkbuf_16)
                                                         clknet_3_0__leaf_clk (net)
                      0.076961    0.000307    0.583136 ^ _242_/CLK (gf180mcu_fd_sc_mcu7t5v0__dffrnq_1)
     3    0.018220    0.183584    0.646189    1.229325 v _242_/Q (gf180mcu_fd_sc_mcu7t5v0__dffrnq_1)
                                                         cycle_count[3] (net)
                      0.183584    0.000235    1.229560 v _190_/A1 (gf180mcu_fd_sc_mcu7t5v0__nand2_1)
     1    0.005153    0.144605    0.139088    1.368648 ^ _190_/ZN (gf180mcu_fd_sc_mcu7t5v0__nand2_1)
                                                         _087_ (net)
                      0.144605    0.000096    1.368744 ^ _191_/B (gf180mcu_fd_sc_mcu7t5v0__oai31_1)
     1    0.004311    0.118792    0.108334    1.477079 v _191_/ZN (gf180mcu_fd_sc_mcu7t5v0__oai31_1)
                                                         _029_ (net)
                      0.118792    0.000084    1.477162 v _242_/D (gf180mcu_fd_sc_mcu7t5v0__dffrnq_1)
                                              1.477162   data arrival time

                                  0.000000    0.000000   clock clk (rise edge)
                                  0.000000    0.000000   clock source latency
     1    0.036057    0.156044    0.079831    0.079831 ^ clk (in)
                                                         clk (net)
                      0.156052    0.000000    0.079831 ^ clkbuf_0_clk/I (gf180mcu_fd_sc_mcu7t5v0__clkbuf_16)
     8    0.192072    0.206389    0.291489    0.371320 ^ clkbuf_0_clk/Z (gf180mcu_fd_sc_mcu7t5v0__clkbuf_16)
                                                         clknet_0_clk (net)
                      0.206393    0.001416    0.372735 ^ clkbuf_3_0__f_clk/I (gf180mcu_fd_sc_mcu7t5v0__clkbuf_16)
     6    0.027601    0.076961    0.210094    0.582829 ^ clkbuf_3_0__f_clk/Z (gf180mcu_fd_sc_mcu7t5v0__clkbuf_16)
                                                         clknet_3_0__leaf_clk (net)
                      0.076961    0.000307    0.583136 ^ _242_/CLK (gf180mcu_fd_sc_mcu7t5v0__dffrnq_1)
                                  0.250000    0.833136   clock uncertainty
                                  0.000000    0.833136   clock reconvergence pessimism
                                  0.082335    0.915471   library hold time
                                              0.915471   data required time
---------------------------------------------------------------------------------------------
                                              0.915471   data required time
                                             -1.477162   data arrival time
---------------------------------------------------------------------------------------------
                                              0.561691   slack (MET)


Startpoint: _241_ (rising edge-triggered flip-flop clocked by clk)
Endpoint: _241_ (rising edge-triggered flip-flop clocked by clk)
Path Group: clk
Path Type: min

Fanout         Cap        Slew       Delay        Time   Description
---------------------------------------------------------------------------------------------
                                  0.000000    0.000000   clock clk (rise edge)
                                  0.000000    0.000000   clock source latency
     1    0.036057    0.156044    0.079831    0.079831 ^ clk (in)
                                                         clk (net)
                      0.156052    0.000000    0.079831 ^ clkbuf_0_clk/I (gf180mcu_fd_sc_mcu7t5v0__clkbuf_16)
     8    0.192072    0.206389    0.291489    0.371320 ^ clkbuf_0_clk/Z (gf180mcu_fd_sc_mcu7t5v0__clkbuf_16)
                                                         clknet_0_clk (net)
                      0.206393    0.001416    0.372735 ^ clkbuf_3_0__f_clk/I (gf180mcu_fd_sc_mcu7t5v0__clkbuf_16)
     6    0.027601    0.076961    0.210094    0.582829 ^ clkbuf_3_0__f_clk/Z (gf180mcu_fd_sc_mcu7t5v0__clkbuf_16)
                                                         clknet_3_0__leaf_clk (net)
                      0.076961    0.000262    0.583091 ^ _241_/CLK (gf180mcu_fd_sc_mcu7t5v0__dffrnq_1)
     3    0.017107    0.176101    0.640437    1.223528 v _241_/Q (gf180mcu_fd_sc_mcu7t5v0__dffrnq_1)
                                                         cycle_count[2] (net)
                      0.176101    0.000189    1.223717 v _112_/I (gf180mcu_fd_sc_mcu7t5v0__clkinv_1)
     1    0.006783    0.146802    0.132126    1.355844 ^ _112_/ZN (gf180mcu_fd_sc_mcu7t5v0__clkinv_1)
                                                         _105_ (net)
                      0.146802    0.000143    1.355986 ^ _189_/B2 (gf180mcu_fd_sc_mcu7t5v0__aoi22_1)
     1    0.006420    0.129810    0.144954    1.500941 v _189_/ZN (gf180mcu_fd_sc_mcu7t5v0__aoi22_1)
                                                         _028_ (net)
                      0.129810    0.000143    1.501084 v _241_/D (gf180mcu_fd_sc_mcu7t5v0__dffrnq_1)
                                              1.501084   data arrival time

                                  0.000000    0.000000   clock clk (rise edge)
                                  0.000000    0.000000   clock source latency
     1    0.036057    0.156044    0.079831    0.079831 ^ clk (in)
                                                         clk (net)
                      0.156052    0.000000    0.079831 ^ clkbuf_0_clk/I (gf180mcu_fd_sc_mcu7t5v0__clkbuf_16)
     8    0.192072    0.206389    0.291489    0.371320 ^ clkbuf_0_clk/Z (gf180mcu_fd_sc_mcu7t5v0__clkbuf_16)
                                                         clknet_0_clk (net)
                      0.206393    0.001416    0.372735 ^ clkbuf_3_0__f_clk/I (gf180mcu_fd_sc_mcu7t5v0__clkbuf_16)
     6    0.027601    0.076961    0.210094    0.582829 ^ clkbuf_3_0__f_clk/Z (gf180mcu_fd_sc_mcu7t5v0__clkbuf_16)
                                                         clknet_3_0__leaf_clk (net)
                      0.076961    0.000262    0.583091 ^ _241_/CLK (gf180mcu_fd_sc_mcu7t5v0__dffrnq_1)
                                  0.250000    0.833091   clock uncertainty
                                  0.000000    0.833091   clock reconvergence pessimism
                                  0.079671    0.912762   library hold time
                                              0.912762   data required time
---------------------------------------------------------------------------------------------
                                              0.912762   data required time
                                             -1.501084   data arrival time
---------------------------------------------------------------------------------------------
                                              0.588321   slack (MET)


Startpoint: _219_ (rising edge-triggered flip-flop clocked by clk)
Endpoint: _219_ (rising edge-triggered flip-flop clocked by clk)
Path Group: clk
Path Type: min

Fanout         Cap        Slew       Delay        Time   Description
---------------------------------------------------------------------------------------------
                                  0.000000    0.000000   clock clk (rise edge)
                                  0.000000    0.000000   clock source latency
     1    0.036057    0.156044    0.079831    0.079831 ^ clk (in)
                                                         clk (net)
                      0.156052    0.000000    0.079831 ^ clkbuf_0_clk/I (gf180mcu_fd_sc_mcu7t5v0__clkbuf_16)
     8    0.192072    0.206389    0.291489    0.371320 ^ clkbuf_0_clk/Z (gf180mcu_fd_sc_mcu7t5v0__clkbuf_16)
                                                         clknet_0_clk (net)
                      0.206392    0.001174    0.372493 ^ clkbuf_3_2__f_clk/I (gf180mcu_fd_sc_mcu7t5v0__clkbuf_16)
     6    0.026285    0.075938    0.209188    0.581681 ^ clkbuf_3_2__f_clk/Z (gf180mcu_fd_sc_mcu7t5v0__clkbuf_16)
                                                         clknet_3_2__leaf_clk (net)
                      0.075938    0.000209    0.581889 ^ _219_/CLK (gf180mcu_fd_sc_mcu7t5v0__dffrnq_1)
     2    0.012075    0.142286    0.614205    1.196094 v _219_/Q (gf180mcu_fd_sc_mcu7t5v0__dffrnq_1)
                                                         net11 (net)
                      0.142286    0.000213    1.196307 v _201_/A2 (gf180mcu_fd_sc_mcu7t5v0__nand3_1)
     1    0.006287    0.217427    0.183237    1.379544 ^ _201_/ZN (gf180mcu_fd_sc_mcu7t5v0__nand3_1)
                                                         _094_ (net)
                      0.217427    0.000170    1.379713 ^ _202_/B (gf180mcu_fd_sc_mcu7t5v0__oai31_1)
     1    0.005494    0.142004    0.124888    1.504601 v _202_/ZN (gf180mcu_fd_sc_mcu7t5v0__oai31_1)
                                                         _033_ (net)
                      0.142004    0.000113    1.504714 v _219_/D (gf180mcu_fd_sc_mcu7t5v0__dffrnq_1)
                                              1.504714   data arrival time

                                  0.000000    0.000000   clock clk (rise edge)
                                  0.000000    0.000000   clock source latency
     1    0.036057    0.156044    0.079831    0.079831 ^ clk (in)
                                                         clk (net)
                      0.156052    0.000000    0.079831 ^ clkbuf_0_clk/I (gf180mcu_fd_sc_mcu7t5v0__clkbuf_16)
     8    0.192072    0.206389    0.291489    0.371320 ^ clkbuf_0_clk/Z (gf180mcu_fd_sc_mcu7t5v0__clkbuf_16)
                                                         clknet_0_clk (net)
                      0.206392    0.001174    0.372493 ^ clkbuf_3_2__f_clk/I (gf180mcu_fd_sc_mcu7t5v0__clkbuf_16)
     6    0.026285    0.075938    0.209188    0.581681 ^ clkbuf_3_2__f_clk/Z (gf180mcu_fd_sc_mcu7t5v0__clkbuf_16)
                                                         clknet_3_2__leaf_clk (net)
                      0.075938    0.000209    0.581889 ^ _219_/CLK (gf180mcu_fd_sc_mcu7t5v0__dffrnq_1)
                                  0.250000    0.831889   clock uncertainty
                                  0.000000    0.831889   clock reconvergence pessimism
                                  0.076499    0.908389   library hold time
                                              0.908389   data required time
---------------------------------------------------------------------------------------------
                                              0.908389   data required time
                                             -1.504714   data arrival time
---------------------------------------------------------------------------------------------
                                              0.596326   slack (MET)


Startpoint: _252_ (rising edge-triggered flip-flop clocked by clk)
Endpoint: _243_ (rising edge-triggered flip-flop clocked by clk)
Path Group: clk
Path Type: min

Fanout         Cap        Slew       Delay        Time   Description
---------------------------------------------------------------------------------------------
                                  0.000000    0.000000   clock clk (rise edge)
                                  0.000000    0.000000   clock source latency
     1    0.036057    0.156044    0.079831    0.079831 ^ clk (in)
                                                         clk (net)
                      0.156052    0.000000    0.079831 ^ clkbuf_0_clk/I (gf180mcu_fd_sc_mcu7t5v0__clkbuf_16)
     8    0.192072    0.206389    0.291489    0.371320 ^ clkbuf_0_clk/Z (gf180mcu_fd_sc_mcu7t5v0__clkbuf_16)
                                                         clknet_0_clk (net)
                      0.206394    0.001524    0.372843 ^ clkbuf_3_4__f_clk/I (gf180mcu_fd_sc_mcu7t5v0__clkbuf_16)
     6    0.026012    0.075726    0.209006    0.581850 ^ clkbuf_3_4__f_clk/Z (gf180mcu_fd_sc_mcu7t5v0__clkbuf_16)
                                                         clknet_3_4__leaf_clk (net)
                      0.075726    0.000070    0.581920 ^ _252_/CLK (gf180mcu_fd_sc_mcu7t5v0__dffrnq_1)
     4    0.025495    0.233525    0.683306    1.265226 v _252_/Q (gf180mcu_fd_sc_mcu7t5v0__dffrnq_1)
                                                         s90_pipe[3] (net)
                      0.233527    0.000429    1.265655 v _115_/A1 (gf180mcu_fd_sc_mcu7t5v0__and2_1)
     1    0.005605    0.099857    0.255067    1.520722 v _115_/Z (gf180mcu_fd_sc_mcu7t5v0__and2_1)
                                                         _005_ (net)
                      0.099857    0.000073    1.520795 v _243_/D (gf180mcu_fd_sc_mcu7t5v0__dffrnq_1)
                                              1.520795   data arrival time

                                  0.000000    0.000000   clock clk (rise edge)
                                  0.000000    0.000000   clock source latency
     1    0.036057    0.156044    0.079831    0.079831 ^ clk (in)
                                                         clk (net)
                      0.156052    0.000000    0.079831 ^ clkbuf_0_clk/I (gf180mcu_fd_sc_mcu7t5v0__clkbuf_16)
     8    0.192072    0.206389    0.291489    0.371320 ^ clkbuf_0_clk/Z (gf180mcu_fd_sc_mcu7t5v0__clkbuf_16)
                                                         clknet_0_clk (net)
                      0.206398    0.002042    0.373361 ^ clkbuf_3_5__f_clk/I (gf180mcu_fd_sc_mcu7t5v0__clkbuf_16)
     6    0.026659    0.076228    0.209405    0.582766 ^ clkbuf_3_5__f_clk/Z (gf180mcu_fd_sc_mcu7t5v0__clkbuf_16)
                                                         clknet_3_5__leaf_clk (net)
                      0.076229    0.000458    0.583224 ^ _243_/CLK (gf180mcu_fd_sc_mcu7t5v0__dffrnq_1)
                                  0.250000    0.833224   clock uncertainty
                                  0.000000    0.833224   clock reconvergence pessimism
                                  0.086736    0.919960   library hold time
                                              0.919960   data required time
---------------------------------------------------------------------------------------------
                                              0.919960   data required time
                                             -1.520795   data arrival time
---------------------------------------------------------------------------------------------
                                              0.600835   slack (MET)


Startpoint: _218_ (rising edge-triggered flip-flop clocked by clk)
Endpoint: _218_ (rising edge-triggered flip-flop clocked by clk)
Path Group: clk
Path Type: min

Fanout         Cap        Slew       Delay        Time   Description
---------------------------------------------------------------------------------------------
                                  0.000000    0.000000   clock clk (rise edge)
                                  0.000000    0.000000   clock source latency
     1    0.036057    0.156044    0.079831    0.079831 ^ clk (in)
                                                         clk (net)
                      0.156052    0.000000    0.079831 ^ clkbuf_0_clk/I (gf180mcu_fd_sc_mcu7t5v0__clkbuf_16)
     8    0.192072    0.206389    0.291489    0.371320 ^ clkbuf_0_clk/Z (gf180mcu_fd_sc_mcu7t5v0__clkbuf_16)
                                                         clknet_0_clk (net)
                      0.206392    0.001174    0.372493 ^ clkbuf_3_2__f_clk/I (gf180mcu_fd_sc_mcu7t5v0__clkbuf_16)
     6    0.026285    0.075938    0.209188    0.581681 ^ clkbuf_3_2__f_clk/Z (gf180mcu_fd_sc_mcu7t5v0__clkbuf_16)
                                                         clknet_3_2__leaf_clk (net)
                      0.075938    0.000178    0.581859 ^ _218_/CLK (gf180mcu_fd_sc_mcu7t5v0__dffrnq_1)
     2    0.012413    0.144534    0.615927    1.197786 v _218_/Q (gf180mcu_fd_sc_mcu7t5v0__dffrnq_1)
                                                         net7 (net)
                      0.144534    0.000252    1.198038 v _199_/A1 (gf180mcu_fd_sc_mcu7t5v0__nor2_1)
     1    0.004305    0.207038    0.157724    1.355762 ^ _199_/ZN (gf180mcu_fd_sc_mcu7t5v0__nor2_1)
                                                         _093_ (net)
                      0.207038    0.000041    1.355803 ^ _200_/A3 (gf180mcu_fd_sc_mcu7t5v0__nor3_1)
     1    0.005156    0.171802    0.154835    1.510638 v _200_/ZN (gf180mcu_fd_sc_mcu7t5v0__nor3_1)
                                                         _032_ (net)
                      0.171802    0.000061    1.510698 v _218_/D (gf180mcu_fd_sc_mcu7t5v0__dffrnq_1)
                                              1.510698   data arrival time

                                  0.000000    0.000000   clock clk (rise edge)
                                  0.000000    0.000000   clock source latency
     1    0.036057    0.156044    0.079831    0.079831 ^ clk (in)
                                                         clk (net)
                      0.156052    0.000000    0.079831 ^ clkbuf_0_clk/I (gf180mcu_fd_sc_mcu7t5v0__clkbuf_16)
     8    0.192072    0.206389    0.291489    0.371320 ^ clkbuf_0_clk/Z (gf180mcu_fd_sc_mcu7t5v0__clkbuf_16)
                                                         clknet_0_clk (net)
                      0.206392    0.001174    0.372493 ^ clkbuf_3_2__f_clk/I (gf180mcu_fd_sc_mcu7t5v0__clkbuf_16)
     6    0.026285    0.075938    0.209188    0.581681 ^ clkbuf_3_2__f_clk/Z (gf180mcu_fd_sc_mcu7t5v0__clkbuf_16)
                                                         clknet_3_2__leaf_clk (net)
                      0.075938    0.000178    0.581859 ^ _218_/CLK (gf180mcu_fd_sc_mcu7t5v0__dffrnq_1)
                                  0.250000    0.831859   clock uncertainty
                                  0.000000    0.831859   clock reconvergence pessimism
                                  0.069311    0.901170   library hold time
                                              0.901170   data required time
---------------------------------------------------------------------------------------------
                                              0.901170   data required time
                                             -1.510698   data arrival time
---------------------------------------------------------------------------------------------
                                              0.609528   slack (MET)


Startpoint: _256_ (rising edge-triggered flip-flop clocked by clk)
Endpoint: _244_ (rising edge-triggered flip-flop clocked by clk)
Path Group: clk
Path Type: min

Fanout         Cap        Slew       Delay        Time   Description
---------------------------------------------------------------------------------------------
                                  0.000000    0.000000   clock clk (rise edge)
                                  0.000000    0.000000   clock source latency
     1    0.036057    0.156044    0.079831    0.079831 ^ clk (in)
                                                         clk (net)
                      0.156052    0.000000    0.079831 ^ clkbuf_0_clk/I (gf180mcu_fd_sc_mcu7t5v0__clkbuf_16)
     8    0.192072    0.206389    0.291489    0.371320 ^ clkbuf_0_clk/Z (gf180mcu_fd_sc_mcu7t5v0__clkbuf_16)
                                                         clknet_0_clk (net)
                      0.206398    0.002042    0.373361 ^ clkbuf_3_5__f_clk/I (gf180mcu_fd_sc_mcu7t5v0__clkbuf_16)
     6    0.026659    0.076228    0.209405    0.582766 ^ clkbuf_3_5__f_clk/Z (gf180mcu_fd_sc_mcu7t5v0__clkbuf_16)
                                                         clknet_3_5__leaf_clk (net)
                      0.076228    0.000046    0.582812 ^ _256_/CLK (gf180mcu_fd_sc_mcu7t5v0__dffrnq_1)
     3    0.025242    0.231766    0.682144    1.264955 v _256_/Q (gf180mcu_fd_sc_mcu7t5v0__dffrnq_1)
                                                         s270_pipe[3] (net)
                      0.231766    0.000143    1.265098 v _128_/A2 (gf180mcu_fd_sc_mcu7t5v0__and2_1)
     1    0.005276    0.098005    0.270585    1.535684 v _128_/Z (gf180mcu_fd_sc_mcu7t5v0__and2_1)
                                                         _004_ (net)
                      0.098005    0.000110    1.535794 v _244_/D (gf180mcu_fd_sc_mcu7t5v0__dffrnq_1)
                                              1.535794   data arrival time

                                  0.000000    0.000000   clock clk (rise edge)
                                  0.000000    0.000000   clock source latency
     1    0.036057    0.156044    0.079831    0.079831 ^ clk (in)
                                                         clk (net)
                      0.156052    0.000000    0.079831 ^ clkbuf_0_clk/I (gf180mcu_fd_sc_mcu7t5v0__clkbuf_16)
     8    0.192072    0.206389    0.291489    0.371320 ^ clkbuf_0_clk/Z (gf180mcu_fd_sc_mcu7t5v0__clkbuf_16)
                                                         clknet_0_clk (net)
                      0.206409    0.003026    0.374346 ^ clkbuf_3_7__f_clk/I (gf180mcu_fd_sc_mcu7t5v0__clkbuf_16)
     6    0.027396    0.076802    0.209929    0.584275 ^ clkbuf_3_7__f_clk/Z (gf180mcu_fd_sc_mcu7t5v0__clkbuf_16)
                                                         clknet_3_7__leaf_clk (net)
                      0.076802    0.000227    0.584501 ^ _244_/CLK (gf180mcu_fd_sc_mcu7t5v0__dffrnq_1)
                                  0.250000    0.834501   clock uncertainty
                                  0.000000    0.834501   clock reconvergence pessimism
                                  0.087322    0.921823   library hold time
                                              0.921823   data required time
---------------------------------------------------------------------------------------------
                                              0.921823   data required time
                                             -1.535794   data arrival time
---------------------------------------------------------------------------------------------
                                              0.613971   slack (MET)


Startpoint: _240_ (rising edge-triggered flip-flop clocked by clk)
Endpoint: _240_ (rising edge-triggered flip-flop clocked by clk)
Path Group: clk
Path Type: min

Fanout         Cap        Slew       Delay        Time   Description
---------------------------------------------------------------------------------------------
                                  0.000000    0.000000   clock clk (rise edge)
                                  0.000000    0.000000   clock source latency
     1    0.036057    0.156044    0.079831    0.079831 ^ clk (in)
                                                         clk (net)
                      0.156052    0.000000    0.079831 ^ clkbuf_0_clk/I (gf180mcu_fd_sc_mcu7t5v0__clkbuf_16)
     8    0.192072    0.206389    0.291489    0.371320 ^ clkbuf_0_clk/Z (gf180mcu_fd_sc_mcu7t5v0__clkbuf_16)
                                                         clknet_0_clk (net)
                      0.206393    0.001416    0.372735 ^ clkbuf_3_0__f_clk/I (gf180mcu_fd_sc_mcu7t5v0__clkbuf_16)
     6    0.027601    0.076961    0.210094    0.582829 ^ clkbuf_3_0__f_clk/Z (gf180mcu_fd_sc_mcu7t5v0__clkbuf_16)
                                                         clknet_3_0__leaf_clk (net)
                      0.076961    0.000236    0.583065 ^ _240_/CLK (gf180mcu_fd_sc_mcu7t5v0__dffrnq_1)
     4    0.022562    0.213198    0.668636    1.251701 v _240_/Q (gf180mcu_fd_sc_mcu7t5v0__dffrnq_1)
                                                         cycle_count[1] (net)
                      0.213198    0.000207    1.251907 v _111_/I (gf180mcu_fd_sc_mcu7t5v0__clkinv_1)
     2    0.013778    0.238543    0.202237    1.454145 ^ _111_/ZN (gf180mcu_fd_sc_mcu7t5v0__clkinv_1)
                                                         _104_ (net)
                      0.238543    0.000186    1.454330 ^ _183_/A1 (gf180mcu_fd_sc_mcu7t5v0__oai22_1)
     1    0.003568    0.109595    0.086939    1.541269 v _183_/ZN (gf180mcu_fd_sc_mcu7t5v0__oai22_1)
                                                         _027_ (net)
                      0.109595    0.000035    1.541304 v _240_/D (gf180mcu_fd_sc_mcu7t5v0__dffrnq_1)
                                              1.541304   data arrival time

                                  0.000000    0.000000   clock clk (rise edge)
                                  0.000000    0.000000   clock source latency
     1    0.036057    0.156044    0.079831    0.079831 ^ clk (in)
                                                         clk (net)
                      0.156052    0.000000    0.079831 ^ clkbuf_0_clk/I (gf180mcu_fd_sc_mcu7t5v0__clkbuf_16)
     8    0.192072    0.206389    0.291489    0.371320 ^ clkbuf_0_clk/Z (gf180mcu_fd_sc_mcu7t5v0__clkbuf_16)
                                                         clknet_0_clk (net)
                      0.206393    0.001416    0.372735 ^ clkbuf_3_0__f_clk/I (gf180mcu_fd_sc_mcu7t5v0__clkbuf_16)
     6    0.027601    0.076961    0.210094    0.582829 ^ clkbuf_3_0__f_clk/Z (gf180mcu_fd_sc_mcu7t5v0__clkbuf_16)
                                                         clknet_3_0__leaf_clk (net)
                      0.076961    0.000236    0.583065 ^ _240_/CLK (gf180mcu_fd_sc_mcu7t5v0__dffrnq_1)
                                  0.250000    0.833065   clock uncertainty
                                  0.000000    0.833065   clock reconvergence pessimism
                                  0.084558    0.917623   library hold time
                                              0.917623   data required time
---------------------------------------------------------------------------------------------
                                              0.917623   data required time
                                             -1.541304   data arrival time
---------------------------------------------------------------------------------------------
                                              0.623681   slack (MET)


Startpoint: _252_ (rising edge-triggered flip-flop clocked by clk)
Endpoint: _229_ (rising edge-triggered flip-flop clocked by clk)
Path Group: clk
Path Type: min

Fanout         Cap        Slew       Delay        Time   Description
---------------------------------------------------------------------------------------------
                                  0.000000    0.000000   clock clk (rise edge)
                                  0.000000    0.000000   clock source latency
     1    0.036057    0.156044    0.079831    0.079831 ^ clk (in)
                                                         clk (net)
                      0.156052    0.000000    0.079831 ^ clkbuf_0_clk/I (gf180mcu_fd_sc_mcu7t5v0__clkbuf_16)
     8    0.192072    0.206389    0.291489    0.371320 ^ clkbuf_0_clk/Z (gf180mcu_fd_sc_mcu7t5v0__clkbuf_16)
                                                         clknet_0_clk (net)
                      0.206394    0.001524    0.372843 ^ clkbuf_3_4__f_clk/I (gf180mcu_fd_sc_mcu7t5v0__clkbuf_16)
     6    0.026012    0.075726    0.209006    0.581850 ^ clkbuf_3_4__f_clk/Z (gf180mcu_fd_sc_mcu7t5v0__clkbuf_16)
                                                         clknet_3_4__leaf_clk (net)
                      0.075726    0.000070    0.581920 ^ _252_/CLK (gf180mcu_fd_sc_mcu7t5v0__dffrnq_1)
     4    0.025495    0.233525    0.683306    1.265226 v _252_/Q (gf180mcu_fd_sc_mcu7t5v0__dffrnq_1)
                                                         s90_pipe[3] (net)
                      0.233528    0.000546    1.265772 v _149_/A1 (gf180mcu_fd_sc_mcu7t5v0__nand3_1)
     1    0.004899    0.179971    0.172395    1.438167 ^ _149_/ZN (gf180mcu_fd_sc_mcu7t5v0__nand3_1)
                                                         _059_ (net)
                      0.179971    0.000046    1.438213 ^ _151_/B (gf180mcu_fd_sc_mcu7t5v0__oai21_1)
     1    0.004311    0.114328    0.108436    1.546649 v _151_/ZN (gf180mcu_fd_sc_mcu7t5v0__oai21_1)
                                                         _016_ (net)
                      0.114328    0.000084    1.546733 v _229_/D (gf180mcu_fd_sc_mcu7t5v0__dffrnq_1)
                                              1.546733   data arrival time

                                  0.000000    0.000000   clock clk (rise edge)
                                  0.000000    0.000000   clock source latency
     1    0.036057    0.156044    0.079831    0.079831 ^ clk (in)
                                                         clk (net)
                      0.156052    0.000000    0.079831 ^ clkbuf_0_clk/I (gf180mcu_fd_sc_mcu7t5v0__clkbuf_16)
     8    0.192072    0.206389    0.291489    0.371320 ^ clkbuf_0_clk/Z (gf180mcu_fd_sc_mcu7t5v0__clkbuf_16)
                                                         clknet_0_clk (net)
                      0.206390    0.000904    0.372223 ^ clkbuf_3_1__f_clk/I (gf180mcu_fd_sc_mcu7t5v0__clkbuf_16)
     6    0.031412    0.079918    0.212576    0.584799 ^ clkbuf_3_1__f_clk/Z (gf180mcu_fd_sc_mcu7t5v0__clkbuf_16)
                                                         clknet_3_1__leaf_clk (net)
                      0.079920    0.000753    0.585553 ^ _229_/CLK (gf180mcu_fd_sc_mcu7t5v0__dffrnq_1)
                                  0.250000    0.835553   clock uncertainty
                                  0.000000    0.835553   clock reconvergence pessimism
                                  0.084104    0.919657   library hold time
                                              0.919657   data required time
---------------------------------------------------------------------------------------------
                                              0.919657   data required time
                                             -1.546733   data arrival time
---------------------------------------------------------------------------------------------
                                              0.627076   slack (MET)


Startpoint: _230_ (rising edge-triggered flip-flop clocked by clk)
Endpoint: _230_ (rising edge-triggered flip-flop clocked by clk)
Path Group: clk
Path Type: min

Fanout         Cap        Slew       Delay        Time   Description
---------------------------------------------------------------------------------------------
                                  0.000000    0.000000   clock clk (rise edge)
                                  0.000000    0.000000   clock source latency
     1    0.036057    0.156044    0.079831    0.079831 ^ clk (in)
                                                         clk (net)
                      0.156052    0.000000    0.079831 ^ clkbuf_0_clk/I (gf180mcu_fd_sc_mcu7t5v0__clkbuf_16)
     8    0.192072    0.206389    0.291489    0.371320 ^ clkbuf_0_clk/Z (gf180mcu_fd_sc_mcu7t5v0__clkbuf_16)
                                                         clknet_0_clk (net)
                      0.206390    0.000904    0.372223 ^ clkbuf_3_1__f_clk/I (gf180mcu_fd_sc_mcu7t5v0__clkbuf_16)
     6    0.031412    0.079918    0.212576    0.584799 ^ clkbuf_3_1__f_clk/Z (gf180mcu_fd_sc_mcu7t5v0__clkbuf_16)
                                                         clknet_3_1__leaf_clk (net)
                      0.079921    0.000784    0.585584 ^ _230_/CLK (gf180mcu_fd_sc_mcu7t5v0__dffrnq_1)
     3    0.020103    0.196334    0.656518    1.242101 v _230_/Q (gf180mcu_fd_sc_mcu7t5v0__dffrnq_1)
                                                         s90_valid (net)
                      0.196334    0.000254    1.242355 v _153_/A2 (gf180mcu_fd_sc_mcu7t5v0__nor2_1)
     1    0.006141    0.251494    0.207636    1.449991 ^ _153_/ZN (gf180mcu_fd_sc_mcu7t5v0__nor2_1)
                                                         _062_ (net)
                      0.251494    0.000126    1.450116 ^ _154_/A2 (gf180mcu_fd_sc_mcu7t5v0__nor2_1)
     1    0.003935    0.134597    0.117553    1.567670 v _154_/ZN (gf180mcu_fd_sc_mcu7t5v0__nor2_1)
                                                         _017_ (net)
                      0.134597    0.000073    1.567743 v _230_/D (gf180mcu_fd_sc_mcu7t5v0__dffrnq_1)
                                              1.567743   data arrival time

                                  0.000000    0.000000   clock clk (rise edge)
                                  0.000000    0.000000   clock source latency
     1    0.036057    0.156044    0.079831    0.079831 ^ clk (in)
                                                         clk (net)
                      0.156052    0.000000    0.079831 ^ clkbuf_0_clk/I (gf180mcu_fd_sc_mcu7t5v0__clkbuf_16)
     8    0.192072    0.206389    0.291489    0.371320 ^ clkbuf_0_clk/Z (gf180mcu_fd_sc_mcu7t5v0__clkbuf_16)
                                                         clknet_0_clk (net)
                      0.206390    0.000904    0.372223 ^ clkbuf_3_1__f_clk/I (gf180mcu_fd_sc_mcu7t5v0__clkbuf_16)
     6    0.031412    0.079918    0.212576    0.584799 ^ clkbuf_3_1__f_clk/Z (gf180mcu_fd_sc_mcu7t5v0__clkbuf_16)
                                                         clknet_3_1__leaf_clk (net)
                      0.079921    0.000784    0.585584 ^ _230_/CLK (gf180mcu_fd_sc_mcu7t5v0__dffrnq_1)
                                  0.250000    0.835584   clock uncertainty
                                  0.000000    0.835584   clock reconvergence pessimism
                                  0.079174    0.914757   library hold time
                                              0.914757   data required time
---------------------------------------------------------------------------------------------
                                              0.914757   data required time
                                             -1.567743   data arrival time
---------------------------------------------------------------------------------------------
                                              0.652986   slack (MET)


Startpoint: _238_ (rising edge-triggered flip-flop clocked by clk)
Endpoint: _238_ (rising edge-triggered flip-flop clocked by clk)
Path Group: clk
Path Type: min

Fanout         Cap        Slew       Delay        Time   Description
---------------------------------------------------------------------------------------------
                                  0.000000    0.000000   clock clk (rise edge)
                                  0.000000    0.000000   clock source latency
     1    0.036057    0.156044    0.079831    0.079831 ^ clk (in)
                                                         clk (net)
                      0.156052    0.000000    0.079831 ^ clkbuf_0_clk/I (gf180mcu_fd_sc_mcu7t5v0__clkbuf_16)
     8    0.192072    0.206389    0.291489    0.371320 ^ clkbuf_0_clk/Z (gf180mcu_fd_sc_mcu7t5v0__clkbuf_16)
                                                         clknet_0_clk (net)
                      0.206390    0.000904    0.372223 ^ clkbuf_3_1__f_clk/I (gf180mcu_fd_sc_mcu7t5v0__clkbuf_16)
     6    0.031412    0.079918    0.212576    0.584799 ^ clkbuf_3_1__f_clk/Z (gf180mcu_fd_sc_mcu7t5v0__clkbuf_16)
                                                         clknet_3_1__leaf_clk (net)
                      0.079920    0.000685    0.585485 ^ _238_/CLK (gf180mcu_fd_sc_mcu7t5v0__dffrnq_1)
     2    0.015985    0.168570    0.635307    1.220792 v _238_/Q (gf180mcu_fd_sc_mcu7t5v0__dffrnq_1)
                                                         cnt_out[3] (net)
                      0.168570    0.000154    1.220946 v _146_/A1 (gf180mcu_fd_sc_mcu7t5v0__xor2_1)
     2    0.010896    0.387977    0.274260    1.495206 ^ _146_/Z (gf180mcu_fd_sc_mcu7t5v0__xor2_1)
                                                         _057_ (net)
                      0.387977    0.000148    1.495353 ^ _178_/A2 (gf180mcu_fd_sc_mcu7t5v0__nor2_1)
     1    0.005397    0.156855    0.145346    1.640699 v _178_/ZN (gf180mcu_fd_sc_mcu7t5v0__nor2_1)
                                                         _025_ (net)
                      0.156855    0.000110    1.640809 v _238_/D (gf180mcu_fd_sc_mcu7t5v0__dffrnq_1)
                                              1.640809   data arrival time

                                  0.000000    0.000000   clock clk (rise edge)
                                  0.000000    0.000000   clock source latency
     1    0.036057    0.156044    0.079831    0.079831 ^ clk (in)
                                                         clk (net)
                      0.156052    0.000000    0.079831 ^ clkbuf_0_clk/I (gf180mcu_fd_sc_mcu7t5v0__clkbuf_16)
     8    0.192072    0.206389    0.291489    0.371320 ^ clkbuf_0_clk/Z (gf180mcu_fd_sc_mcu7t5v0__clkbuf_16)
                                                         clknet_0_clk (net)
                      0.206390    0.000904    0.372223 ^ clkbuf_3_1__f_clk/I (gf180mcu_fd_sc_mcu7t5v0__clkbuf_16)
     6    0.031412    0.079918    0.212576    0.584799 ^ clkbuf_3_1__f_clk/Z (gf180mcu_fd_sc_mcu7t5v0__clkbuf_16)
                                                         clknet_3_1__leaf_clk (net)
                      0.079920    0.000685    0.585485 ^ _238_/CLK (gf180mcu_fd_sc_mcu7t5v0__dffrnq_1)
                                  0.250000    0.835485   clock uncertainty
                                  0.000000    0.835485   clock reconvergence pessimism
                                  0.073759    0.909244   library hold time
                                              0.909244   data required time
---------------------------------------------------------------------------------------------
                                              0.909244   data required time
                                             -1.640809   data arrival time
---------------------------------------------------------------------------------------------
                                              0.731566   slack (MET)


Startpoint: _239_ (rising edge-triggered flip-flop clocked by clk)
Endpoint: _239_ (rising edge-triggered flip-flop clocked by clk)
Path Group: clk
Path Type: min

Fanout         Cap        Slew       Delay        Time   Description
---------------------------------------------------------------------------------------------
                                  0.000000    0.000000   clock clk (rise edge)
                                  0.000000    0.000000   clock source latency
     1    0.036057    0.156044    0.079831    0.079831 ^ clk (in)
                                                         clk (net)
                      0.156052    0.000000    0.079831 ^ clkbuf_0_clk/I (gf180mcu_fd_sc_mcu7t5v0__clkbuf_16)
     8    0.192072    0.206389    0.291489    0.371320 ^ clkbuf_0_clk/Z (gf180mcu_fd_sc_mcu7t5v0__clkbuf_16)
                                                         clknet_0_clk (net)
                      0.206393    0.001416    0.372735 ^ clkbuf_3_0__f_clk/I (gf180mcu_fd_sc_mcu7t5v0__clkbuf_16)
     6    0.027601    0.076961    0.210094    0.582829 ^ clkbuf_3_0__f_clk/Z (gf180mcu_fd_sc_mcu7t5v0__clkbuf_16)
                                                         clknet_3_0__leaf_clk (net)
                      0.076961    0.000076    0.582905 ^ _239_/CLK (gf180mcu_fd_sc_mcu7t5v0__dffrnq_1)
     6    0.034188    0.296026    0.726331    1.309237 v _239_/Q (gf180mcu_fd_sc_mcu7t5v0__dffrnq_1)
                                                         cycle_count[0] (net)
                      0.296029    0.000723    1.309960 v _179_/A2 (gf180mcu_fd_sc_mcu7t5v0__nand3_1)
     1    0.007215    0.212937    0.238249    1.548209 ^ _179_/ZN (gf180mcu_fd_sc_mcu7t5v0__nand3_1)
                                                         _079_ (net)
                      0.212937    0.000087    1.548296 ^ _181_/B (gf180mcu_fd_sc_mcu7t5v0__oai21_1)
     1    0.005025    0.126683    0.115292    1.663588 v _181_/ZN (gf180mcu_fd_sc_mcu7t5v0__oai21_1)
                                                         _026_ (net)
                      0.126683    0.000062    1.663650 v _239_/D (gf180mcu_fd_sc_mcu7t5v0__dffrnq_1)
                                              1.663650   data arrival time

                                  0.000000    0.000000   clock clk (rise edge)
                                  0.000000    0.000000   clock source latency
     1    0.036057    0.156044    0.079831    0.079831 ^ clk (in)
                                                         clk (net)
                      0.156052    0.000000    0.079831 ^ clkbuf_0_clk/I (gf180mcu_fd_sc_mcu7t5v0__clkbuf_16)
     8    0.192072    0.206389    0.291489    0.371320 ^ clkbuf_0_clk/Z (gf180mcu_fd_sc_mcu7t5v0__clkbuf_16)
                                                         clknet_0_clk (net)
                      0.206393    0.001416    0.372735 ^ clkbuf_3_0__f_clk/I (gf180mcu_fd_sc_mcu7t5v0__clkbuf_16)
     6    0.027601    0.076961    0.210094    0.582829 ^ clkbuf_3_0__f_clk/Z (gf180mcu_fd_sc_mcu7t5v0__clkbuf_16)
                                                         clknet_3_0__leaf_clk (net)
                      0.076961    0.000076    0.582905 ^ _239_/CLK (gf180mcu_fd_sc_mcu7t5v0__dffrnq_1)
                                  0.250000    0.832905   clock uncertainty
                                  0.000000    0.832905   clock reconvergence pessimism
                                  0.080427    0.913333   library hold time
                                              0.913333   data required time
---------------------------------------------------------------------------------------------
                                              0.913333   data required time
                                             -1.663650   data arrival time
---------------------------------------------------------------------------------------------
                                              0.750318   slack (MET)


Startpoint: _237_ (rising edge-triggered flip-flop clocked by clk)
Endpoint: _237_ (rising edge-triggered flip-flop clocked by clk)
Path Group: clk
Path Type: min

Fanout         Cap        Slew       Delay        Time   Description
---------------------------------------------------------------------------------------------
                                  0.000000    0.000000   clock clk (rise edge)
                                  0.000000    0.000000   clock source latency
     1    0.036057    0.156044    0.079831    0.079831 ^ clk (in)
                                                         clk (net)
                      0.156052    0.000000    0.079831 ^ clkbuf_0_clk/I (gf180mcu_fd_sc_mcu7t5v0__clkbuf_16)
     8    0.192072    0.206389    0.291489    0.371320 ^ clkbuf_0_clk/Z (gf180mcu_fd_sc_mcu7t5v0__clkbuf_16)
                                                         clknet_0_clk (net)
                      0.206409    0.003026    0.374346 ^ clkbuf_3_7__f_clk/I (gf180mcu_fd_sc_mcu7t5v0__clkbuf_16)
     6    0.027396    0.076802    0.209929    0.584275 ^ clkbuf_3_7__f_clk/Z (gf180mcu_fd_sc_mcu7t5v0__clkbuf_16)
                                                         clknet_3_7__leaf_clk (net)
                      0.076802    0.000378    0.584653 ^ _237_/CLK (gf180mcu_fd_sc_mcu7t5v0__dffrnq_1)
     3    0.023544    0.219972    0.673550    1.258203 v _237_/Q (gf180mcu_fd_sc_mcu7t5v0__dffrnq_1)
                                                         cnt_out[2] (net)
                      0.219973    0.000405    1.258608 v _141_/A1 (gf180mcu_fd_sc_mcu7t5v0__xnor2_1)
     2    0.011605    0.332263    0.338992    1.597600 ^ _141_/ZN (gf180mcu_fd_sc_mcu7t5v0__xnor2_1)
                                                         _053_ (net)
                      0.332263    0.000173    1.597773 ^ _177_/A1 (gf180mcu_fd_sc_mcu7t5v0__nor2_1)
     1    0.003935    0.131281    0.099475    1.697248 v _177_/ZN (gf180mcu_fd_sc_mcu7t5v0__nor2_1)
                                                         _024_ (net)
                      0.131281    0.000075    1.697322 v _237_/D (gf180mcu_fd_sc_mcu7t5v0__dffrnq_1)
                                              1.697322   data arrival time

                                  0.000000    0.000000   clock clk (rise edge)
                                  0.000000    0.000000   clock source latency
     1    0.036057    0.156044    0.079831    0.079831 ^ clk (in)
                                                         clk (net)
                      0.156052    0.000000    0.079831 ^ clkbuf_0_clk/I (gf180mcu_fd_sc_mcu7t5v0__clkbuf_16)
     8    0.192072    0.206389    0.291489    0.371320 ^ clkbuf_0_clk/Z (gf180mcu_fd_sc_mcu7t5v0__clkbuf_16)
                                                         clknet_0_clk (net)
                      0.206409    0.003026    0.374346 ^ clkbuf_3_7__f_clk/I (gf180mcu_fd_sc_mcu7t5v0__clkbuf_16)
     6    0.027396    0.076802    0.209929    0.584275 ^ clkbuf_3_7__f_clk/Z (gf180mcu_fd_sc_mcu7t5v0__clkbuf_16)
                                                         clknet_3_7__leaf_clk (net)
                      0.076802    0.000378    0.584653 ^ _237_/CLK (gf180mcu_fd_sc_mcu7t5v0__dffrnq_1)
                                  0.250000    0.834653   clock uncertainty
                                  0.000000    0.834653   clock reconvergence pessimism
                                  0.079280    0.913933   library hold time
                                              0.913933   data required time
---------------------------------------------------------------------------------------------
                                              0.913933   data required time
                                             -1.697322   data arrival time
---------------------------------------------------------------------------------------------
                                              0.783389   slack (MET)


Startpoint: _236_ (rising edge-triggered flip-flop clocked by clk)
Endpoint: _236_ (rising edge-triggered flip-flop clocked by clk)
Path Group: clk
Path Type: min

Fanout         Cap        Slew       Delay        Time   Description
---------------------------------------------------------------------------------------------
                                  0.000000    0.000000   clock clk (rise edge)
                                  0.000000    0.000000   clock source latency
     1    0.036057    0.156044    0.079831    0.079831 ^ clk (in)
                                                         clk (net)
                      0.156052    0.000000    0.079831 ^ clkbuf_0_clk/I (gf180mcu_fd_sc_mcu7t5v0__clkbuf_16)
     8    0.192072    0.206389    0.291489    0.371320 ^ clkbuf_0_clk/Z (gf180mcu_fd_sc_mcu7t5v0__clkbuf_16)
                                                         clknet_0_clk (net)
                      0.206394    0.001524    0.372843 ^ clkbuf_3_4__f_clk/I (gf180mcu_fd_sc_mcu7t5v0__clkbuf_16)
     6    0.026012    0.075726    0.209006    0.581850 ^ clkbuf_3_4__f_clk/Z (gf180mcu_fd_sc_mcu7t5v0__clkbuf_16)
                                                         clknet_3_4__leaf_clk (net)
                      0.075726    0.000121    0.581971 ^ _236_/CLK (gf180mcu_fd_sc_mcu7t5v0__dffrnq_1)
     3    0.020898    0.201772    0.659785    1.241756 v _236_/Q (gf180mcu_fd_sc_mcu7t5v0__dffrnq_1)
                                                         cnt_out[1] (net)
                      0.201772    0.000140    1.241896 v _175_/A1 (gf180mcu_fd_sc_mcu7t5v0__xor2_1)
     2    0.013746    0.459069    0.325193    1.567088 ^ _175_/Z (gf180mcu_fd_sc_mcu7t5v0__xor2_1)
                                                         _078_ (net)
                      0.459069    0.000198    1.567286 ^ _176_/A2 (gf180mcu_fd_sc_mcu7t5v0__nor2_1)
     1    0.004289    0.145751    0.138675    1.705961 v _176_/ZN (gf180mcu_fd_sc_mcu7t5v0__nor2_1)
                                                         _023_ (net)
                      0.145751    0.000082    1.706043 v _236_/D (gf180mcu_fd_sc_mcu7t5v0__dffrnq_1)
                                              1.706043   data arrival time

                                  0.000000    0.000000   clock clk (rise edge)
                                  0.000000    0.000000   clock source latency
     1    0.036057    0.156044    0.079831    0.079831 ^ clk (in)
                                                         clk (net)
                      0.156052    0.000000    0.079831 ^ clkbuf_0_clk/I (gf180mcu_fd_sc_mcu7t5v0__clkbuf_16)
     8    0.192072    0.206389    0.291489    0.371320 ^ clkbuf_0_clk/Z (gf180mcu_fd_sc_mcu7t5v0__clkbuf_16)
                                                         clknet_0_clk (net)
                      0.206394    0.001524    0.372843 ^ clkbuf_3_4__f_clk/I (gf180mcu_fd_sc_mcu7t5v0__clkbuf_16)
     6    0.026012    0.075726    0.209006    0.581850 ^ clkbuf_3_4__f_clk/Z (gf180mcu_fd_sc_mcu7t5v0__clkbuf_16)
                                                         clknet_3_4__leaf_clk (net)
                      0.075726    0.000121    0.581971 ^ _236_/CLK (gf180mcu_fd_sc_mcu7t5v0__dffrnq_1)
                                  0.250000    0.831971   clock uncertainty
                                  0.000000    0.831971   clock reconvergence pessimism
                                  0.075549    0.907520   library hold time
                                              0.907520   data required time
---------------------------------------------------------------------------------------------
                                              0.907520   data required time
                                             -1.706043   data arrival time
---------------------------------------------------------------------------------------------
                                              0.798522   slack (MET)


Startpoint: _232_ (rising edge-triggered flip-flop clocked by clk)
Endpoint: _232_ (rising edge-triggered flip-flop clocked by clk)
Path Group: clk
Path Type: min

Fanout         Cap        Slew       Delay        Time   Description
---------------------------------------------------------------------------------------------
                                  0.000000    0.000000   clock clk (rise edge)
                                  0.000000    0.000000   clock source latency
     1    0.036057    0.156044    0.079831    0.079831 ^ clk (in)
                                                         clk (net)
                      0.156052    0.000000    0.079831 ^ clkbuf_0_clk/I (gf180mcu_fd_sc_mcu7t5v0__clkbuf_16)
     8    0.192072    0.206389    0.291489    0.371320 ^ clkbuf_0_clk/Z (gf180mcu_fd_sc_mcu7t5v0__clkbuf_16)
                                                         clknet_0_clk (net)
                      0.206393    0.001416    0.372735 ^ clkbuf_3_0__f_clk/I (gf180mcu_fd_sc_mcu7t5v0__clkbuf_16)
     6    0.027601    0.076961    0.210094    0.582829 ^ clkbuf_3_0__f_clk/Z (gf180mcu_fd_sc_mcu7t5v0__clkbuf_16)
                                                         clknet_3_0__leaf_clk (net)
                      0.076961    0.000133    0.582962 ^ _232_/CLK (gf180mcu_fd_sc_mcu7t5v0__dffrnq_1)
     3    0.024969    0.229866    0.680893    1.263855 v _232_/Q (gf180mcu_fd_sc_mcu7t5v0__dffrnq_1)
                                                         cnt_in[1] (net)
                      0.229868    0.000509    1.264364 v _163_/A1 (gf180mcu_fd_sc_mcu7t5v0__xor2_1)
     2    0.013336    0.448957    0.327436    1.591800 ^ _163_/Z (gf180mcu_fd_sc_mcu7t5v0__xor2_1)
                                                         _070_ (net)
                      0.448957    0.000109    1.591909 ^ _164_/A2 (gf180mcu_fd_sc_mcu7t5v0__nor2_1)
     1    0.003785    0.140712    0.132959    1.724868 v _164_/ZN (gf180mcu_fd_sc_mcu7t5v0__nor2_1)
                                                         _019_ (net)
                      0.140712    0.000071    1.724939 v _232_/D (gf180mcu_fd_sc_mcu7t5v0__dffrnq_1)
                                              1.724939   data arrival time

                                  0.000000    0.000000   clock clk (rise edge)
                                  0.000000    0.000000   clock source latency
     1    0.036057    0.156044    0.079831    0.079831 ^ clk (in)
                                                         clk (net)
                      0.156052    0.000000    0.079831 ^ clkbuf_0_clk/I (gf180mcu_fd_sc_mcu7t5v0__clkbuf_16)
     8    0.192072    0.206389    0.291489    0.371320 ^ clkbuf_0_clk/Z (gf180mcu_fd_sc_mcu7t5v0__clkbuf_16)
                                                         clknet_0_clk (net)
                      0.206393    0.001416    0.372735 ^ clkbuf_3_0__f_clk/I (gf180mcu_fd_sc_mcu7t5v0__clkbuf_16)
     6    0.027601    0.076961    0.210094    0.582829 ^ clkbuf_3_0__f_clk/Z (gf180mcu_fd_sc_mcu7t5v0__clkbuf_16)
                                                         clknet_3_0__leaf_clk (net)
                      0.076961    0.000133    0.582962 ^ _232_/CLK (gf180mcu_fd_sc_mcu7t5v0__dffrnq_1)
                                  0.250000    0.832962   clock uncertainty
                                  0.000000    0.832962   clock reconvergence pessimism
                                  0.077036    0.909998   library hold time
                                              0.909998   data required time
---------------------------------------------------------------------------------------------
                                              0.909998   data required time
                                             -1.724939   data arrival time
---------------------------------------------------------------------------------------------
                                              0.814941   slack (MET)


Startpoint: _234_ (rising edge-triggered flip-flop clocked by clk)
Endpoint: _234_ (rising edge-triggered flip-flop clocked by clk)
Path Group: clk
Path Type: min

Fanout         Cap        Slew       Delay        Time   Description
---------------------------------------------------------------------------------------------
                                  0.000000    0.000000   clock clk (rise edge)
                                  0.000000    0.000000   clock source latency
     1    0.036057    0.156044    0.079831    0.079831 ^ clk (in)
                                                         clk (net)
                      0.156052    0.000000    0.079831 ^ clkbuf_0_clk/I (gf180mcu_fd_sc_mcu7t5v0__clkbuf_16)
     8    0.192072    0.206389    0.291489    0.371320 ^ clkbuf_0_clk/Z (gf180mcu_fd_sc_mcu7t5v0__clkbuf_16)
                                                         clknet_0_clk (net)
                      0.206390    0.000839    0.372159 ^ clkbuf_3_3__f_clk/I (gf180mcu_fd_sc_mcu7t5v0__clkbuf_16)
     6    0.028960    0.078016    0.211012    0.583171 ^ clkbuf_3_3__f_clk/Z (gf180mcu_fd_sc_mcu7t5v0__clkbuf_16)
                                                         clknet_3_3__leaf_clk (net)
                      0.078016    0.000281    0.583451 ^ _234_/CLK (gf180mcu_fd_sc_mcu7t5v0__dffrnq_1)
     2    0.018307    0.184149    0.646797    1.230248 v _234_/Q (gf180mcu_fd_sc_mcu7t5v0__dffrnq_1)
                                                         cnt_in[3] (net)
                      0.184150    0.000349    1.230597 v _169_/A1 (gf180mcu_fd_sc_mcu7t5v0__xor2_1)
     2    0.014275    0.472689    0.327804    1.558401 ^ _169_/Z (gf180mcu_fd_sc_mcu7t5v0__xor2_1)
                                                         _074_ (net)
                      0.472689    0.000277    1.558679 ^ _170_/A2 (gf180mcu_fd_sc_mcu7t5v0__nor2_1)
     1    0.008042    0.183461    0.177757    1.736435 v _170_/ZN (gf180mcu_fd_sc_mcu7t5v0__nor2_1)
                                                         _021_ (net)
                      0.183461    0.000203    1.736638 v _234_/D (gf180mcu_fd_sc_mcu7t5v0__dffrnq_1)
                                              1.736638   data arrival time

                                  0.000000    0.000000   clock clk (rise edge)
                                  0.000000    0.000000   clock source latency
     1    0.036057    0.156044    0.079831    0.079831 ^ clk (in)
                                                         clk (net)
                      0.156052    0.000000    0.079831 ^ clkbuf_0_clk/I (gf180mcu_fd_sc_mcu7t5v0__clkbuf_16)
     8    0.192072    0.206389    0.291489    0.371320 ^ clkbuf_0_clk/Z (gf180mcu_fd_sc_mcu7t5v0__clkbuf_16)
                                                         clknet_0_clk (net)
                      0.206390    0.000839    0.372159 ^ clkbuf_3_3__f_clk/I (gf180mcu_fd_sc_mcu7t5v0__clkbuf_16)
     6    0.028960    0.078016    0.211012    0.583171 ^ clkbuf_3_3__f_clk/Z (gf180mcu_fd_sc_mcu7t5v0__clkbuf_16)
                                                         clknet_3_3__leaf_clk (net)
                      0.078016    0.000281    0.583451 ^ _234_/CLK (gf180mcu_fd_sc_mcu7t5v0__dffrnq_1)
                                  0.250000    0.833451   clock uncertainty
                                  0.000000    0.833451   clock reconvergence pessimism
                                  0.067035    0.900487   library hold time
                                              0.900487   data required time
---------------------------------------------------------------------------------------------
                                              0.900487   data required time
                                             -1.736638   data arrival time
---------------------------------------------------------------------------------------------
                                              0.836151   slack (MET)


Startpoint: _231_ (rising edge-triggered flip-flop clocked by clk)
Endpoint: _231_ (rising edge-triggered flip-flop clocked by clk)
Path Group: clk
Path Type: min

Fanout         Cap        Slew       Delay        Time   Description
---------------------------------------------------------------------------------------------
                                  0.000000    0.000000   clock clk (rise edge)
                                  0.000000    0.000000   clock source latency
     1    0.036057    0.156044    0.079831    0.079831 ^ clk (in)
                                                         clk (net)
                      0.156052    0.000000    0.079831 ^ clkbuf_0_clk/I (gf180mcu_fd_sc_mcu7t5v0__clkbuf_16)
     8    0.192072    0.206389    0.291489    0.371320 ^ clkbuf_0_clk/Z (gf180mcu_fd_sc_mcu7t5v0__clkbuf_16)
                                                         clknet_0_clk (net)
                      0.206390    0.000839    0.372159 ^ clkbuf_3_3__f_clk/I (gf180mcu_fd_sc_mcu7t5v0__clkbuf_16)
     6    0.028960    0.078016    0.211012    0.583171 ^ clkbuf_3_3__f_clk/Z (gf180mcu_fd_sc_mcu7t5v0__clkbuf_16)
                                                         clknet_3_3__leaf_clk (net)
                      0.078016    0.000202    0.583372 ^ _231_/CLK (gf180mcu_fd_sc_mcu7t5v0__dffrnq_1)
     4    0.029922    0.264346    0.706241    1.289613 v _231_/Q (gf180mcu_fd_sc_mcu7t5v0__dffrnq_1)
                                                         cnt_in[0] (net)
                      0.264349    0.000585    1.290198 v _158_/A1 (gf180mcu_fd_sc_mcu7t5v0__xor2_1)
     2    0.012799    0.435783    0.329702    1.619900 ^ _158_/Z (gf180mcu_fd_sc_mcu7t5v0__xor2_1)
                                                         _066_ (net)
                      0.435783    0.000177    1.620076 ^ _159_/A2 (gf180mcu_fd_sc_mcu7t5v0__nor2_1)
     1    0.004435    0.147205    0.139472    1.759548 v _159_/ZN (gf180mcu_fd_sc_mcu7t5v0__nor2_1)
                                                         _018_ (net)
                      0.147205    0.000049    1.759598 v _231_/D (gf180mcu_fd_sc_mcu7t5v0__dffrnq_1)
                                              1.759598   data arrival time

                                  0.000000    0.000000   clock clk (rise edge)
                                  0.000000    0.000000   clock source latency
     1    0.036057    0.156044    0.079831    0.079831 ^ clk (in)
                                                         clk (net)
                      0.156052    0.000000    0.079831 ^ clkbuf_0_clk/I (gf180mcu_fd_sc_mcu7t5v0__clkbuf_16)
     8    0.192072    0.206389    0.291489    0.371320 ^ clkbuf_0_clk/Z (gf180mcu_fd_sc_mcu7t5v0__clkbuf_16)
                                                         clknet_0_clk (net)
                      0.206390    0.000839    0.372159 ^ clkbuf_3_3__f_clk/I (gf180mcu_fd_sc_mcu7t5v0__clkbuf_16)
     6    0.028960    0.078016    0.211012    0.583171 ^ clkbuf_3_3__f_clk/Z (gf180mcu_fd_sc_mcu7t5v0__clkbuf_16)
                                                         clknet_3_3__leaf_clk (net)
                      0.078016    0.000202    0.583372 ^ _231_/CLK (gf180mcu_fd_sc_mcu7t5v0__dffrnq_1)
                                  0.250000    0.833372   clock uncertainty
                                  0.000000    0.833372   clock reconvergence pessimism
                                  0.075694    0.909067   library hold time
                                              0.909067   data required time
---------------------------------------------------------------------------------------------
                                              0.909067   data required time
                                             -1.759598   data arrival time
---------------------------------------------------------------------------------------------
                                              0.850531   slack (MET)


Startpoint: _235_ (rising edge-triggered flip-flop clocked by clk)
Endpoint: _235_ (rising edge-triggered flip-flop clocked by clk)
Path Group: clk
Path Type: min

Fanout         Cap        Slew       Delay        Time   Description
---------------------------------------------------------------------------------------------
                                  0.000000    0.000000   clock clk (rise edge)
                                  0.000000    0.000000   clock source latency
     1    0.036057    0.156044    0.079831    0.079831 ^ clk (in)
                                                         clk (net)
                      0.156052    0.000000    0.079831 ^ clkbuf_0_clk/I (gf180mcu_fd_sc_mcu7t5v0__clkbuf_16)
     8    0.192072    0.206389    0.291489    0.371320 ^ clkbuf_0_clk/Z (gf180mcu_fd_sc_mcu7t5v0__clkbuf_16)
                                                         clknet_0_clk (net)
                      0.206390    0.000904    0.372223 ^ clkbuf_3_1__f_clk/I (gf180mcu_fd_sc_mcu7t5v0__clkbuf_16)
     6    0.031412    0.079918    0.212576    0.584799 ^ clkbuf_3_1__f_clk/Z (gf180mcu_fd_sc_mcu7t5v0__clkbuf_16)
                                                         clknet_3_1__leaf_clk (net)
                      0.079920    0.000716    0.585516 ^ _235_/CLK (gf180mcu_fd_sc_mcu7t5v0__dffrnq_1)
     4    0.027049    0.244392    0.692430    1.277946 v _235_/Q (gf180mcu_fd_sc_mcu7t5v0__dffrnq_1)
                                                         cnt_out[0] (net)
                      0.244393    0.000365    1.278311 v _172_/A1 (gf180mcu_fd_sc_mcu7t5v0__xnor2_1)
     2    0.013202    0.357267    0.372186    1.650498 ^ _172_/ZN (gf180mcu_fd_sc_mcu7t5v0__xnor2_1)
                                                         _076_ (net)
                      0.357267    0.000130    1.650628 ^ _173_/A2 (gf180mcu_fd_sc_mcu7t5v0__nor2_1)
     1    0.003499    0.137857    0.123411    1.774039 v _173_/ZN (gf180mcu_fd_sc_mcu7t5v0__nor2_1)
                                                         _022_ (net)
                      0.137857    0.000035    1.774073 v _235_/D (gf180mcu_fd_sc_mcu7t5v0__dffrnq_1)
                                              1.774073   data arrival time

                                  0.000000    0.000000   clock clk (rise edge)
                                  0.000000    0.000000   clock source latency
     1    0.036057    0.156044    0.079831    0.079831 ^ clk (in)
                                                         clk (net)
                      0.156052    0.000000    0.079831 ^ clkbuf_0_clk/I (gf180mcu_fd_sc_mcu7t5v0__clkbuf_16)
     8    0.192072    0.206389    0.291489    0.371320 ^ clkbuf_0_clk/Z (gf180mcu_fd_sc_mcu7t5v0__clkbuf_16)
                                                         clknet_0_clk (net)
                      0.206390    0.000904    0.372223 ^ clkbuf_3_1__f_clk/I (gf180mcu_fd_sc_mcu7t5v0__clkbuf_16)
     6    0.031412    0.079918    0.212576    0.584799 ^ clkbuf_3_1__f_clk/Z (gf180mcu_fd_sc_mcu7t5v0__clkbuf_16)
                                                         clknet_3_1__leaf_clk (net)
                      0.079920    0.000716    0.585516 ^ _235_/CLK (gf180mcu_fd_sc_mcu7t5v0__dffrnq_1)
                                  0.250000    0.835516   clock uncertainty
                                  0.000000    0.835516   clock reconvergence pessimism
                                  0.078380    0.913896   library hold time
                                              0.913896   data required time
---------------------------------------------------------------------------------------------
                                              0.913896   data required time
                                             -1.774073   data arrival time
---------------------------------------------------------------------------------------------
                                              0.860177   slack (MET)


Startpoint: _233_ (rising edge-triggered flip-flop clocked by clk)
Endpoint: _233_ (rising edge-triggered flip-flop clocked by clk)
Path Group: clk
Path Type: min

Fanout         Cap        Slew       Delay        Time   Description
---------------------------------------------------------------------------------------------
                                  0.000000    0.000000   clock clk (rise edge)
                                  0.000000    0.000000   clock source latency
     1    0.036057    0.156044    0.079831    0.079831 ^ clk (in)
                                                         clk (net)
                      0.156052    0.000000    0.079831 ^ clkbuf_0_clk/I (gf180mcu_fd_sc_mcu7t5v0__clkbuf_16)
     8    0.192072    0.206389    0.291489    0.371320 ^ clkbuf_0_clk/Z (gf180mcu_fd_sc_mcu7t5v0__clkbuf_16)
                                                         clknet_0_clk (net)
                      0.206390    0.000904    0.372223 ^ clkbuf_3_1__f_clk/I (gf180mcu_fd_sc_mcu7t5v0__clkbuf_16)
     6    0.031412    0.079918    0.212576    0.584799 ^ clkbuf_3_1__f_clk/Z (gf180mcu_fd_sc_mcu7t5v0__clkbuf_16)
                                                         clknet_3_1__leaf_clk (net)
                      0.079918    0.000039    0.584838 ^ _233_/CLK (gf180mcu_fd_sc_mcu7t5v0__dffrnq_1)
     3    0.025130    0.230989    0.682375    1.267214 v _233_/Q (gf180mcu_fd_sc_mcu7t5v0__dffrnq_1)
                                                         cnt_in[2] (net)
                      0.230992    0.000525    1.267739 v _167_/A1 (gf180mcu_fd_sc_mcu7t5v0__xnor2_1)
     2    0.017279    0.419450    0.434650    1.702388 ^ _167_/ZN (gf180mcu_fd_sc_mcu7t5v0__xnor2_1)
                                                         _073_ (net)
                      0.419450    0.000296    1.702684 ^ _168_/A2 (gf180mcu_fd_sc_mcu7t5v0__nor2_1)
     1    0.005298    0.155858    0.147833    1.850517 v _168_/ZN (gf180mcu_fd_sc_mcu7t5v0__nor2_1)
                                                         _020_ (net)
                      0.155858    0.000109    1.850627 v _233_/D (gf180mcu_fd_sc_mcu7t5v0__dffrnq_1)
                                              1.850627   data arrival time

                                  0.000000    0.000000   clock clk (rise edge)
                                  0.000000    0.000000   clock source latency
     1    0.036057    0.156044    0.079831    0.079831 ^ clk (in)
                                                         clk (net)
                      0.156052    0.000000    0.079831 ^ clkbuf_0_clk/I (gf180mcu_fd_sc_mcu7t5v0__clkbuf_16)
     8    0.192072    0.206389    0.291489    0.371320 ^ clkbuf_0_clk/Z (gf180mcu_fd_sc_mcu7t5v0__clkbuf_16)
                                                         clknet_0_clk (net)
                      0.206390    0.000904    0.372223 ^ clkbuf_3_1__f_clk/I (gf180mcu_fd_sc_mcu7t5v0__clkbuf_16)
     6    0.031412    0.079918    0.212576    0.584799 ^ clkbuf_3_1__f_clk/Z (gf180mcu_fd_sc_mcu7t5v0__clkbuf_16)
                                                         clknet_3_1__leaf_clk (net)
                      0.079918    0.000039    0.584838 ^ _233_/CLK (gf180mcu_fd_sc_mcu7t5v0__dffrnq_1)
                                  0.250000    0.834838   clock uncertainty
                                  0.000000    0.834838   clock reconvergence pessimism
                                  0.074001    0.908840   library hold time
                                              0.908840   data required time
---------------------------------------------------------------------------------------------
                                              0.908840   data required time
                                             -1.850627   data arrival time
---------------------------------------------------------------------------------------------
                                              0.941787   slack (MET)


Startpoint: comp_raw (input port clocked by clk)
Endpoint: _245_ (rising edge-triggered flip-flop clocked by clk)
Path Group: clk
Path Type: min

Fanout         Cap        Slew       Delay        Time   Description
---------------------------------------------------------------------------------------------
                                  0.000000    0.000000   clock clk (rise edge)
                                  0.000000    0.000000   clock network delay (propagated)
                                 40.000000   40.000000 v input external delay
     1    0.004881    0.058671    0.023363   40.023365 v comp_raw (in)
                                                         comp_raw (net)
                      0.058671    0.000000   40.023365 v input1/I (gf180mcu_fd_sc_mcu7t5v0__buf_1)
     1    0.006948    0.107093    0.209045   40.232410 v input1/Z (gf180mcu_fd_sc_mcu7t5v0__buf_1)
                                                         net1 (net)
                      0.107093    0.000163   40.232571 v _124_/A2 (gf180mcu_fd_sc_mcu7t5v0__and2_1)
     1    0.005611    0.102302    0.234589   40.467163 v _124_/Z (gf180mcu_fd_sc_mcu7t5v0__and2_1)
                                                         _000_ (net)
                      0.102302    0.000117   40.467278 v _245_/D (gf180mcu_fd_sc_mcu7t5v0__dffrnq_1)
                                             40.467278   data arrival time

                                  0.000000    0.000000   clock clk (rise edge)
                                  0.000000    0.000000   clock source latency
     1    0.036057    0.156044    0.079831    0.079831 ^ clk (in)
                                                         clk (net)
                      0.156052    0.000000    0.079831 ^ clkbuf_0_clk/I (gf180mcu_fd_sc_mcu7t5v0__clkbuf_16)
     8    0.192072    0.206389    0.291489    0.371320 ^ clkbuf_0_clk/Z (gf180mcu_fd_sc_mcu7t5v0__clkbuf_16)
                                                         clknet_0_clk (net)
                      0.206409    0.003026    0.374346 ^ clkbuf_3_7__f_clk/I (gf180mcu_fd_sc_mcu7t5v0__clkbuf_16)
     6    0.027396    0.076802    0.209929    0.584275 ^ clkbuf_3_7__f_clk/Z (gf180mcu_fd_sc_mcu7t5v0__clkbuf_16)
                                                         clknet_3_7__leaf_clk (net)
                      0.076802    0.000161    0.584436 ^ _245_/CLK (gf180mcu_fd_sc_mcu7t5v0__dffrnq_1)
                                  0.250000    0.834436   clock uncertainty
                                  0.000000    0.834436   clock reconvergence pessimism
                                  0.086283    0.920719   library hold time
                                              0.920719   data required time
---------------------------------------------------------------------------------------------
                                              0.920719   data required time
                                            -40.467278   data arrival time
---------------------------------------------------------------------------------------------
                                             39.546562   slack (MET)


Startpoint: latch_phase90 (input port clocked by clk)
Endpoint: _249_ (rising edge-triggered flip-flop clocked by clk)
Path Group: clk
Path Type: min

Fanout         Cap        Slew       Delay        Time   Description
---------------------------------------------------------------------------------------------
                                  0.000000    0.000000   clock clk (rise edge)
                                  0.000000    0.000000   clock network delay (propagated)
                                 40.000000   40.000000 v input external delay
     1    0.004993    0.059543    0.023899   40.023899 v latch_phase90 (in)
                                                         latch_phase90 (net)
                      0.059543    0.000000   40.023899 v input3/I (gf180mcu_fd_sc_mcu7t5v0__buf_1)
     1    0.007529    0.111051    0.212921   40.236820 v input3/Z (gf180mcu_fd_sc_mcu7t5v0__buf_1)
                                                         net3 (net)
                      0.111051    0.000178   40.237000 v _120_/A2 (gf180mcu_fd_sc_mcu7t5v0__and2_1)
     1    0.004779    0.092406    0.230447   40.467445 v _120_/Z (gf180mcu_fd_sc_mcu7t5v0__and2_1)
                                                         _010_ (net)
                      0.092406    0.000053   40.467499 v _249_/D (gf180mcu_fd_sc_mcu7t5v0__dffrnq_1)
                                             40.467499   data arrival time

                                  0.000000    0.000000   clock clk (rise edge)
                                  0.000000    0.000000   clock source latency
     1    0.036057    0.156044    0.079831    0.079831 ^ clk (in)
                                                         clk (net)
                      0.156052    0.000000    0.079831 ^ clkbuf_0_clk/I (gf180mcu_fd_sc_mcu7t5v0__clkbuf_16)
     8    0.192072    0.206389    0.291489    0.371320 ^ clkbuf_0_clk/Z (gf180mcu_fd_sc_mcu7t5v0__clkbuf_16)
                                                         clknet_0_clk (net)
                      0.206394    0.001524    0.372843 ^ clkbuf_3_4__f_clk/I (gf180mcu_fd_sc_mcu7t5v0__clkbuf_16)
     6    0.026012    0.075726    0.209006    0.581850 ^ clkbuf_3_4__f_clk/Z (gf180mcu_fd_sc_mcu7t5v0__clkbuf_16)
                                                         clknet_3_4__leaf_clk (net)
                      0.075726    0.000266    0.582116 ^ _249_/CLK (gf180mcu_fd_sc_mcu7t5v0__dffrnq_1)
                                  0.250000    0.832116   clock uncertainty
                                  0.000000    0.832116   clock reconvergence pessimism
                                  0.088412    0.920528   library hold time
                                              0.920528   data required time
---------------------------------------------------------------------------------------------
                                              0.920528   data required time
                                            -40.467499   data arrival time
---------------------------------------------------------------------------------------------
                                             39.546970   slack (MET)


Startpoint: latch_phase270 (input port clocked by clk)
Endpoint: _253_ (rising edge-triggered flip-flop clocked by clk)
Path Group: clk
Path Type: min

Fanout         Cap        Slew       Delay        Time   Description
---------------------------------------------------------------------------------------------
                                  0.000000    0.000000   clock clk (rise edge)
                                  0.000000    0.000000   clock network delay (propagated)
                                 40.000000   40.000000 v input external delay
     1    0.004656    0.056935    0.022265   40.022266 v latch_phase270 (in)
                                                         latch_phase270 (net)
                      0.056935    0.000000   40.022266 v input2/I (gf180mcu_fd_sc_mcu7t5v0__buf_1)
     1    0.009924    0.127466    0.226944   40.249210 v input2/Z (gf180mcu_fd_sc_mcu7t5v0__buf_1)
                                                         net2 (net)
                      0.127466    0.000320   40.249531 v _116_/A2 (gf180mcu_fd_sc_mcu7t5v0__and2_1)
     1    0.003846    0.086007    0.229431   40.478958 v _116_/Z (gf180mcu_fd_sc_mcu7t5v0__and2_1)
                                                         _006_ (net)
                      0.086007    0.000039   40.479000 v _253_/D (gf180mcu_fd_sc_mcu7t5v0__dffrnq_1)
                                             40.479000   data arrival time

                                  0.000000    0.000000   clock clk (rise edge)
                                  0.000000    0.000000   clock source latency
     1    0.036057    0.156044    0.079831    0.079831 ^ clk (in)
                                                         clk (net)
                      0.156052    0.000000    0.079831 ^ clkbuf_0_clk/I (gf180mcu_fd_sc_mcu7t5v0__clkbuf_16)
     8    0.192072    0.206389    0.291489    0.371320 ^ clkbuf_0_clk/Z (gf180mcu_fd_sc_mcu7t5v0__clkbuf_16)
                                                         clknet_0_clk (net)
                      0.206398    0.002042    0.373361 ^ clkbuf_3_5__f_clk/I (gf180mcu_fd_sc_mcu7t5v0__clkbuf_16)
     6    0.026659    0.076228    0.209405    0.582766 ^ clkbuf_3_5__f_clk/Z (gf180mcu_fd_sc_mcu7t5v0__clkbuf_16)
                                                         clknet_3_5__leaf_clk (net)
                      0.076229    0.000498    0.583264 ^ _253_/CLK (gf180mcu_fd_sc_mcu7t5v0__dffrnq_1)
                                  0.250000    0.833264   clock uncertainty
                                  0.000000    0.833264   clock reconvergence pessimism
                                  0.090079    0.923344   library hold time
                                              0.923344   data required time
---------------------------------------------------------------------------------------------
                                              0.923344   data required time
                                            -40.479000   data arrival time
---------------------------------------------------------------------------------------------
                                             39.555656   slack (MET)


Startpoint: rst_n (input port clocked by clk)
Endpoint: _246_ (removal check against rising-edge clock clk)
Path Group: asynchronous
Path Type: min

Fanout         Cap        Slew       Delay        Time   Description
---------------------------------------------------------------------------------------------
                                  0.000000    0.000000   clock clk (rise edge)
                                  0.000000    0.000000   clock network delay (propagated)
                                 40.000000   40.000000 ^ input external delay
     1    0.004491    0.104330    0.039517   40.039516 ^ rst_n (in)
                                                         rst_n (net)
                      0.104330    0.000000   40.039516 ^ input4/I (gf180mcu_fd_sc_mcu7t5v0__buf_1)
     1    0.005625    0.127592    0.182929   40.222446 ^ input4/Z (gf180mcu_fd_sc_mcu7t5v0__buf_1)
                                                         net4 (net)
                      0.127592    0.000124   40.222572 ^ fanout49/I (gf180mcu_fd_sc_mcu7t5v0__dlyb_1)
     1    0.005658    0.148276    0.740119   40.962692 ^ fanout49/Z (gf180mcu_fd_sc_mcu7t5v0__dlyb_1)
                                                         net49 (net)
                      0.148276    0.000121   40.962811 ^ wire51/I (gf180mcu_fd_sc_mcu7t5v0__buf_1)
     4    0.025445    0.400946    0.356920   41.319733 ^ wire51/Z (gf180mcu_fd_sc_mcu7t5v0__buf_1)
                                                         net51 (net)
                      0.400948    0.000455   41.320187 ^ wire50/I (gf180mcu_fd_sc_mcu7t5v0__clkbuf_2)
     3    0.029283    0.241395    0.344478   41.664665 ^ wire50/Z (gf180mcu_fd_sc_mcu7t5v0__clkbuf_2)
                                                         net50 (net)
                      0.241396    0.000284   41.664948 ^ _246_/RN (gf180mcu_fd_sc_mcu7t5v0__dffrnq_1)
                                             41.664948   data arrival time

                                  0.000000    0.000000   clock clk (rise edge)
                                  0.000000    0.000000   clock source latency
     1    0.036057    0.156044    0.079831    0.079831 ^ clk (in)
                                                         clk (net)
                      0.156052    0.000000    0.079831 ^ clkbuf_0_clk/I (gf180mcu_fd_sc_mcu7t5v0__clkbuf_16)
     8    0.192072    0.206389    0.291489    0.371320 ^ clkbuf_0_clk/Z (gf180mcu_fd_sc_mcu7t5v0__clkbuf_16)
                                                         clknet_0_clk (net)
                      0.206413    0.003339    0.374659 ^ clkbuf_3_6__f_clk/I (gf180mcu_fd_sc_mcu7t5v0__clkbuf_16)
     6    0.026024    0.075736    0.209034    0.583692 ^ clkbuf_3_6__f_clk/Z (gf180mcu_fd_sc_mcu7t5v0__clkbuf_16)
                                                         clknet_3_6__leaf_clk (net)
                      0.075736    0.000164    0.583857 ^ _246_/CLK (gf180mcu_fd_sc_mcu7t5v0__dffrnq_1)
                                  0.250000    0.833857   clock uncertainty
                                  0.000000    0.833857   clock reconvergence pessimism
                                  0.309462    1.143318   library removal time
                                              1.143318   data required time
---------------------------------------------------------------------------------------------
                                              1.143318   data required time
                                            -41.664948   data arrival time
---------------------------------------------------------------------------------------------
                                             40.521629   slack (MET)


Startpoint: rst_n (input port clocked by clk)
Endpoint: _224_ (removal check against rising-edge clock clk)
Path Group: asynchronous
Path Type: min

Fanout         Cap        Slew       Delay        Time   Description
---------------------------------------------------------------------------------------------
                                  0.000000    0.000000   clock clk (rise edge)
                                  0.000000    0.000000   clock network delay (propagated)
                                 40.000000   40.000000 ^ input external delay
     1    0.004491    0.104330    0.039517   40.039516 ^ rst_n (in)
                                                         rst_n (net)
                      0.104330    0.000000   40.039516 ^ input4/I (gf180mcu_fd_sc_mcu7t5v0__buf_1)
     1    0.005625    0.127592    0.182929   40.222446 ^ input4/Z (gf180mcu_fd_sc_mcu7t5v0__buf_1)
                                                         net4 (net)
                      0.127592    0.000124   40.222572 ^ fanout49/I (gf180mcu_fd_sc_mcu7t5v0__dlyb_1)
     1    0.005658    0.148276    0.740119   40.962692 ^ fanout49/Z (gf180mcu_fd_sc_mcu7t5v0__dlyb_1)
                                                         net49 (net)
                      0.148276    0.000121   40.962811 ^ wire51/I (gf180mcu_fd_sc_mcu7t5v0__buf_1)
     4    0.025445    0.400946    0.356920   41.319733 ^ wire51/Z (gf180mcu_fd_sc_mcu7t5v0__buf_1)
                                                         net51 (net)
                      0.400948    0.000455   41.320187 ^ wire50/I (gf180mcu_fd_sc_mcu7t5v0__clkbuf_2)
     3    0.029283    0.241395    0.344478   41.664665 ^ wire50/Z (gf180mcu_fd_sc_mcu7t5v0__clkbuf_2)
                                                         net50 (net)
                      0.241396    0.000508   41.665173 ^ _224_/RN (gf180mcu_fd_sc_mcu7t5v0__dffrnq_1)
                                             41.665173   data arrival time

                                  0.000000    0.000000   clock clk (rise edge)
                                  0.000000    0.000000   clock source latency
     1    0.036057    0.156044    0.079831    0.079831 ^ clk (in)
                                                         clk (net)
                      0.156052    0.000000    0.079831 ^ clkbuf_0_clk/I (gf180mcu_fd_sc_mcu7t5v0__clkbuf_16)
     8    0.192072    0.206389    0.291489    0.371320 ^ clkbuf_0_clk/Z (gf180mcu_fd_sc_mcu7t5v0__clkbuf_16)
                                                         clknet_0_clk (net)
                      0.206390    0.000839    0.372159 ^ clkbuf_3_3__f_clk/I (gf180mcu_fd_sc_mcu7t5v0__clkbuf_16)
     6    0.028960    0.078016    0.211012    0.583171 ^ clkbuf_3_3__f_clk/Z (gf180mcu_fd_sc_mcu7t5v0__clkbuf_16)
                                                         clknet_3_3__leaf_clk (net)
                      0.078016    0.000209    0.583379 ^ _224_/CLK (gf180mcu_fd_sc_mcu7t5v0__dffrnq_1)
                                  0.250000    0.833379   clock uncertainty
                                  0.000000    0.833379   clock reconvergence pessimism
                                  0.309911    1.143290   library removal time
                                              1.143290   data required time
---------------------------------------------------------------------------------------------
                                              1.143290   data required time
                                            -41.665173   data arrival time
---------------------------------------------------------------------------------------------
                                             40.521881   slack (MET)


Startpoint: rst_n (input port clocked by clk)
Endpoint: _225_ (removal check against rising-edge clock clk)
Path Group: asynchronous
Path Type: min

Fanout         Cap        Slew       Delay        Time   Description
---------------------------------------------------------------------------------------------
                                  0.000000    0.000000   clock clk (rise edge)
                                  0.000000    0.000000   clock network delay (propagated)
                                 40.000000   40.000000 ^ input external delay
     1    0.004491    0.104330    0.039517   40.039516 ^ rst_n (in)
                                                         rst_n (net)
                      0.104330    0.000000   40.039516 ^ input4/I (gf180mcu_fd_sc_mcu7t5v0__buf_1)
     1    0.005625    0.127592    0.182929   40.222446 ^ input4/Z (gf180mcu_fd_sc_mcu7t5v0__buf_1)
                                                         net4 (net)
                      0.127592    0.000124   40.222572 ^ fanout49/I (gf180mcu_fd_sc_mcu7t5v0__dlyb_1)
     1    0.005658    0.148276    0.740119   40.962692 ^ fanout49/Z (gf180mcu_fd_sc_mcu7t5v0__dlyb_1)
                                                         net49 (net)
                      0.148276    0.000121   40.962811 ^ wire51/I (gf180mcu_fd_sc_mcu7t5v0__buf_1)
     4    0.025445    0.400946    0.356920   41.319733 ^ wire51/Z (gf180mcu_fd_sc_mcu7t5v0__buf_1)
                                                         net51 (net)
                      0.400948    0.000455   41.320187 ^ wire50/I (gf180mcu_fd_sc_mcu7t5v0__clkbuf_2)
     3    0.029283    0.241395    0.344478   41.664665 ^ wire50/Z (gf180mcu_fd_sc_mcu7t5v0__clkbuf_2)
                                                         net50 (net)
                      0.241396    0.000401   41.665066 ^ _225_/RN (gf180mcu_fd_sc_mcu7t5v0__dffrnq_1)
                                             41.665066   data arrival time

                                  0.000000    0.000000   clock clk (rise edge)
                                  0.000000    0.000000   clock source latency
     1    0.036057    0.156044    0.079831    0.079831 ^ clk (in)
                                                         clk (net)
                      0.156052    0.000000    0.079831 ^ clkbuf_0_clk/I (gf180mcu_fd_sc_mcu7t5v0__clkbuf_16)
     8    0.192072    0.206389    0.291489    0.371320 ^ clkbuf_0_clk/Z (gf180mcu_fd_sc_mcu7t5v0__clkbuf_16)
                                                         clknet_0_clk (net)
                      0.206413    0.003339    0.374659 ^ clkbuf_3_6__f_clk/I (gf180mcu_fd_sc_mcu7t5v0__clkbuf_16)
     6    0.026024    0.075736    0.209034    0.583692 ^ clkbuf_3_6__f_clk/Z (gf180mcu_fd_sc_mcu7t5v0__clkbuf_16)
                                                         clknet_3_6__leaf_clk (net)
                      0.075736    0.000071    0.583764 ^ _225_/CLK (gf180mcu_fd_sc_mcu7t5v0__dffrnq_1)
                                  0.250000    0.833764   clock uncertainty
                                  0.000000    0.833764   clock reconvergence pessimism
                                  0.309462    1.143225   library removal time
                                              1.143225   data required time
---------------------------------------------------------------------------------------------
                                              1.143225   data required time
                                            -41.665066   data arrival time
---------------------------------------------------------------------------------------------
                                             40.521843   slack (MET)


Startpoint: rst_n (input port clocked by clk)
Endpoint: _229_ (removal check against rising-edge clock clk)
Path Group: asynchronous
Path Type: min

Fanout         Cap        Slew       Delay        Time   Description
---------------------------------------------------------------------------------------------
                                  0.000000    0.000000   clock clk (rise edge)
                                  0.000000    0.000000   clock network delay (propagated)
                                 40.000000   40.000000 ^ input external delay
     1    0.004491    0.104330    0.039517   40.039516 ^ rst_n (in)
                                                         rst_n (net)
                      0.104330    0.000000   40.039516 ^ input4/I (gf180mcu_fd_sc_mcu7t5v0__buf_1)
     1    0.005625    0.127592    0.182929   40.222446 ^ input4/Z (gf180mcu_fd_sc_mcu7t5v0__buf_1)
                                                         net4 (net)
                      0.127592    0.000124   40.222572 ^ fanout49/I (gf180mcu_fd_sc_mcu7t5v0__dlyb_1)
     1    0.005658    0.148276    0.740119   40.962692 ^ fanout49/Z (gf180mcu_fd_sc_mcu7t5v0__dlyb_1)
                                                         net49 (net)
                      0.148276    0.000121   40.962811 ^ wire51/I (gf180mcu_fd_sc_mcu7t5v0__buf_1)
     4    0.025445    0.400946    0.356920   41.319733 ^ wire51/Z (gf180mcu_fd_sc_mcu7t5v0__buf_1)
                                                         net51 (net)
                      0.400948    0.000419   41.320148 ^ fanout37/I (gf180mcu_fd_sc_mcu7t5v0__dlyb_1)
     3    0.018468    0.315537    0.873722   42.193874 ^ fanout37/Z (gf180mcu_fd_sc_mcu7t5v0__dlyb_1)
                                                         net37 (net)
                      0.315537    0.000401   42.194275 ^ _229_/RN (gf180mcu_fd_sc_mcu7t5v0__dffrnq_1)
                                             42.194275   data arrival time

                                  0.000000    0.000000   clock clk (rise edge)
                                  0.000000    0.000000   clock source latency
     1    0.036057    0.156044    0.079831    0.079831 ^ clk (in)
                                                         clk (net)
                      0.156052    0.000000    0.079831 ^ clkbuf_0_clk/I (gf180mcu_fd_sc_mcu7t5v0__clkbuf_16)
     8    0.192072    0.206389    0.291489    0.371320 ^ clkbuf_0_clk/Z (gf180mcu_fd_sc_mcu7t5v0__clkbuf_16)
                                                         clknet_0_clk (net)
                      0.206390    0.000904    0.372223 ^ clkbuf_3_1__f_clk/I (gf180mcu_fd_sc_mcu7t5v0__clkbuf_16)
     6    0.031412    0.079918    0.212576    0.584799 ^ clkbuf_3_1__f_clk/Z (gf180mcu_fd_sc_mcu7t5v0__clkbuf_16)
                                                         clknet_3_1__leaf_clk (net)
                      0.079920    0.000753    0.585553 ^ _229_/CLK (gf180mcu_fd_sc_mcu7t5v0__dffrnq_1)
                                  0.250000    0.835553   clock uncertainty
                                  0.000000    0.835553   clock reconvergence pessimism
                                  0.318511    1.154063   library removal time
                                              1.154063   data required time
---------------------------------------------------------------------------------------------
                                              1.154063   data required time
                                            -42.194275   data arrival time
---------------------------------------------------------------------------------------------
                                             41.040211   slack (MET)


Startpoint: rst_n (input port clocked by clk)
Endpoint: _243_ (removal check against rising-edge clock clk)
Path Group: asynchronous
Path Type: min

Fanout         Cap        Slew       Delay        Time   Description
---------------------------------------------------------------------------------------------
                                  0.000000    0.000000   clock clk (rise edge)
                                  0.000000    0.000000   clock network delay (propagated)
                                 40.000000   40.000000 ^ input external delay
     1    0.004491    0.104330    0.039517   40.039516 ^ rst_n (in)
                                                         rst_n (net)
                      0.104330    0.000000   40.039516 ^ input4/I (gf180mcu_fd_sc_mcu7t5v0__buf_1)
     1    0.005625    0.127592    0.182929   40.222446 ^ input4/Z (gf180mcu_fd_sc_mcu7t5v0__buf_1)
                                                         net4 (net)
                      0.127592    0.000124   40.222572 ^ fanout49/I (gf180mcu_fd_sc_mcu7t5v0__dlyb_1)
     1    0.005658    0.148276    0.740119   40.962692 ^ fanout49/Z (gf180mcu_fd_sc_mcu7t5v0__dlyb_1)
                                                         net49 (net)
                      0.148276    0.000121   40.962811 ^ wire51/I (gf180mcu_fd_sc_mcu7t5v0__buf_1)
     4    0.025445    0.400946    0.356920   41.319733 ^ wire51/Z (gf180mcu_fd_sc_mcu7t5v0__buf_1)
                                                         net51 (net)
                      0.400946    0.000277   41.320007 ^ fanout45/I (gf180mcu_fd_sc_mcu7t5v0__dlyb_1)
     3    0.021403    0.354692    0.898336   42.218346 ^ fanout45/Z (gf180mcu_fd_sc_mcu7t5v0__dlyb_1)
                                                         net45 (net)
                      0.354692    0.000316   42.218658 ^ _243_/RN (gf180mcu_fd_sc_mcu7t5v0__dffrnq_1)
                                             42.218658   data arrival time

                                  0.000000    0.000000   clock clk (rise edge)
                                  0.000000    0.000000   clock source latency
     1    0.036057    0.156044    0.079831    0.079831 ^ clk (in)
                                                         clk (net)
                      0.156052    0.000000    0.079831 ^ clkbuf_0_clk/I (gf180mcu_fd_sc_mcu7t5v0__clkbuf_16)
     8    0.192072    0.206389    0.291489    0.371320 ^ clkbuf_0_clk/Z (gf180mcu_fd_sc_mcu7t5v0__clkbuf_16)
                                                         clknet_0_clk (net)
                      0.206398    0.002042    0.373361 ^ clkbuf_3_5__f_clk/I (gf180mcu_fd_sc_mcu7t5v0__clkbuf_16)
     6    0.026659    0.076228    0.209405    0.582766 ^ clkbuf_3_5__f_clk/Z (gf180mcu_fd_sc_mcu7t5v0__clkbuf_16)
                                                         clknet_3_5__leaf_clk (net)
                      0.076229    0.000458    0.583224 ^ _243_/CLK (gf180mcu_fd_sc_mcu7t5v0__dffrnq_1)
                                  0.250000    0.833224   clock uncertainty
                                  0.000000    0.833224   clock reconvergence pessimism
                                  0.322084    1.155308   library removal time
                                              1.155308   data required time
---------------------------------------------------------------------------------------------
                                              1.155308   data required time
                                            -42.218658   data arrival time
---------------------------------------------------------------------------------------------
                                             41.063354   slack (MET)


Startpoint: rst_n (input port clocked by clk)
Endpoint: _255_ (removal check against rising-edge clock clk)
Path Group: asynchronous
Path Type: min

Fanout         Cap        Slew       Delay        Time   Description
---------------------------------------------------------------------------------------------
                                  0.000000    0.000000   clock clk (rise edge)
                                  0.000000    0.000000   clock network delay (propagated)
                                 40.000000   40.000000 ^ input external delay
     1    0.004491    0.104330    0.039517   40.039516 ^ rst_n (in)
                                                         rst_n (net)
                      0.104330    0.000000   40.039516 ^ input4/I (gf180mcu_fd_sc_mcu7t5v0__buf_1)
     1    0.005625    0.127592    0.182929   40.222446 ^ input4/Z (gf180mcu_fd_sc_mcu7t5v0__buf_1)
                                                         net4 (net)
                      0.127592    0.000124   40.222572 ^ fanout49/I (gf180mcu_fd_sc_mcu7t5v0__dlyb_1)
     1    0.005658    0.148276    0.740119   40.962692 ^ fanout49/Z (gf180mcu_fd_sc_mcu7t5v0__dlyb_1)
                                                         net49 (net)
                      0.148276    0.000121   40.962811 ^ wire51/I (gf180mcu_fd_sc_mcu7t5v0__buf_1)
     4    0.025445    0.400946    0.356920   41.319733 ^ wire51/Z (gf180mcu_fd_sc_mcu7t5v0__buf_1)
                                                         net51 (net)
                      0.400946    0.000277   41.320007 ^ fanout45/I (gf180mcu_fd_sc_mcu7t5v0__dlyb_1)
     3    0.021403    0.354692    0.898336   42.218346 ^ fanout45/Z (gf180mcu_fd_sc_mcu7t5v0__dlyb_1)
                                                         net45 (net)
                      0.354692    0.000306   42.218651 ^ _255_/RN (gf180mcu_fd_sc_mcu7t5v0__dffrnq_1)
                                             42.218651   data arrival time

                                  0.000000    0.000000   clock clk (rise edge)
                                  0.000000    0.000000   clock source latency
     1    0.036057    0.156044    0.079831    0.079831 ^ clk (in)
                                                         clk (net)
                      0.156052    0.000000    0.079831 ^ clkbuf_0_clk/I (gf180mcu_fd_sc_mcu7t5v0__clkbuf_16)
     8    0.192072    0.206389    0.291489    0.371320 ^ clkbuf_0_clk/Z (gf180mcu_fd_sc_mcu7t5v0__clkbuf_16)
                                                         clknet_0_clk (net)
                      0.206398    0.002042    0.373361 ^ clkbuf_3_5__f_clk/I (gf180mcu_fd_sc_mcu7t5v0__clkbuf_16)
     6    0.026659    0.076228    0.209405    0.582766 ^ clkbuf_3_5__f_clk/Z (gf180mcu_fd_sc_mcu7t5v0__clkbuf_16)
                                                         clknet_3_5__leaf_clk (net)
                      0.076229    0.000358    0.583124 ^ _255_/CLK (gf180mcu_fd_sc_mcu7t5v0__dffrnq_1)
                                  0.250000    0.833124   clock uncertainty
                                  0.000000    0.833124   clock reconvergence pessimism
                                  0.322084    1.155208   library removal time
                                              1.155208   data required time
---------------------------------------------------------------------------------------------
                                              1.155208   data required time
                                            -42.218651   data arrival time
---------------------------------------------------------------------------------------------
                                             41.063442   slack (MET)


Startpoint: rst_n (input port clocked by clk)
Endpoint: _247_ (removal check against rising-edge clock clk)
Path Group: asynchronous
Path Type: min

Fanout         Cap        Slew       Delay        Time   Description
---------------------------------------------------------------------------------------------
                                  0.000000    0.000000   clock clk (rise edge)
                                  0.000000    0.000000   clock network delay (propagated)
                                 40.000000   40.000000 ^ input external delay
     1    0.004491    0.104330    0.039517   40.039516 ^ rst_n (in)
                                                         rst_n (net)
                      0.104330    0.000000   40.039516 ^ input4/I (gf180mcu_fd_sc_mcu7t5v0__buf_1)
     1    0.005625    0.127592    0.182929   40.222446 ^ input4/Z (gf180mcu_fd_sc_mcu7t5v0__buf_1)
                                                         net4 (net)
                      0.127592    0.000124   40.222572 ^ fanout49/I (gf180mcu_fd_sc_mcu7t5v0__dlyb_1)
     1    0.005658    0.148276    0.740119   40.962692 ^ fanout49/Z (gf180mcu_fd_sc_mcu7t5v0__dlyb_1)
                                                         net49 (net)
                      0.148276    0.000121   40.962811 ^ wire51/I (gf180mcu_fd_sc_mcu7t5v0__buf_1)
     4    0.025445    0.400946    0.356920   41.319733 ^ wire51/Z (gf180mcu_fd_sc_mcu7t5v0__buf_1)
                                                         net51 (net)
                      0.400946    0.000391   41.320122 ^ fanout41/I (gf180mcu_fd_sc_mcu7t5v0__dlyb_1)
     4    0.027617    0.437674    0.950280   42.270401 ^ fanout41/Z (gf180mcu_fd_sc_mcu7t5v0__dlyb_1)
                                                         net41 (net)
                      0.437674    0.000302   42.270702 ^ _247_/RN (gf180mcu_fd_sc_mcu7t5v0__dffrnq_1)
                                             42.270702   data arrival time

                                  0.000000    0.000000   clock clk (rise edge)
                                  0.000000    0.000000   clock source latency
     1    0.036057    0.156044    0.079831    0.079831 ^ clk (in)
                                                         clk (net)
                      0.156052    0.000000    0.079831 ^ clkbuf_0_clk/I (gf180mcu_fd_sc_mcu7t5v0__clkbuf_16)
     8    0.192072    0.206389    0.291489    0.371320 ^ clkbuf_0_clk/Z (gf180mcu_fd_sc_mcu7t5v0__clkbuf_16)
                                                         clknet_0_clk (net)
                      0.206409    0.003026    0.374346 ^ clkbuf_3_7__f_clk/I (gf180mcu_fd_sc_mcu7t5v0__clkbuf_16)
     6    0.027396    0.076802    0.209929    0.584275 ^ clkbuf_3_7__f_clk/Z (gf180mcu_fd_sc_mcu7t5v0__clkbuf_16)
                                                         clknet_3_7__leaf_clk (net)
                      0.076802    0.000229    0.584504 ^ _247_/CLK (gf180mcu_fd_sc_mcu7t5v0__dffrnq_1)
                                  0.250000    0.834504   clock uncertainty
                                  0.000000    0.834504   clock reconvergence pessimism
                                  0.331474    1.165978   library removal time
                                              1.165978   data required time
---------------------------------------------------------------------------------------------
                                              1.165978   data required time
                                            -42.270702   data arrival time
---------------------------------------------------------------------------------------------
                                             41.104729   slack (MET)


Startpoint: rst_n (input port clocked by clk)
Endpoint: _256_ (removal check against rising-edge clock clk)
Path Group: asynchronous
Path Type: min

Fanout         Cap        Slew       Delay        Time   Description
---------------------------------------------------------------------------------------------
                                  0.000000    0.000000   clock clk (rise edge)
                                  0.000000    0.000000   clock network delay (propagated)
                                 40.000000   40.000000 ^ input external delay
     1    0.004491    0.104330    0.039517   40.039516 ^ rst_n (in)
                                                         rst_n (net)
                      0.104330    0.000000   40.039516 ^ input4/I (gf180mcu_fd_sc_mcu7t5v0__buf_1)
     1    0.005625    0.127592    0.182929   40.222446 ^ input4/Z (gf180mcu_fd_sc_mcu7t5v0__buf_1)
                                                         net4 (net)
                      0.127592    0.000124   40.222572 ^ fanout49/I (gf180mcu_fd_sc_mcu7t5v0__dlyb_1)
     1    0.005658    0.148276    0.740119   40.962692 ^ fanout49/Z (gf180mcu_fd_sc_mcu7t5v0__dlyb_1)
                                                         net49 (net)
                      0.148276    0.000121   40.962811 ^ wire51/I (gf180mcu_fd_sc_mcu7t5v0__buf_1)
     4    0.025445    0.400946    0.356920   41.319733 ^ wire51/Z (gf180mcu_fd_sc_mcu7t5v0__buf_1)
                                                         net51 (net)
                      0.400946    0.000391   41.320122 ^ fanout41/I (gf180mcu_fd_sc_mcu7t5v0__dlyb_1)
     4    0.027617    0.437674    0.950280   42.270401 ^ fanout41/Z (gf180mcu_fd_sc_mcu7t5v0__dlyb_1)
                                                         net41 (net)
                      0.437674    0.000313   42.270714 ^ _256_/RN (gf180mcu_fd_sc_mcu7t5v0__dffrnq_1)
                                             42.270714   data arrival time

                                  0.000000    0.000000   clock clk (rise edge)
                                  0.000000    0.000000   clock source latency
     1    0.036057    0.156044    0.079831    0.079831 ^ clk (in)
                                                         clk (net)
                      0.156052    0.000000    0.079831 ^ clkbuf_0_clk/I (gf180mcu_fd_sc_mcu7t5v0__clkbuf_16)
     8    0.192072    0.206389    0.291489    0.371320 ^ clkbuf_0_clk/Z (gf180mcu_fd_sc_mcu7t5v0__clkbuf_16)
                                                         clknet_0_clk (net)
                      0.206398    0.002042    0.373361 ^ clkbuf_3_5__f_clk/I (gf180mcu_fd_sc_mcu7t5v0__clkbuf_16)
     6    0.026659    0.076228    0.209405    0.582766 ^ clkbuf_3_5__f_clk/Z (gf180mcu_fd_sc_mcu7t5v0__clkbuf_16)
                                                         clknet_3_5__leaf_clk (net)
                      0.076228    0.000046    0.582812 ^ _256_/CLK (gf180mcu_fd_sc_mcu7t5v0__dffrnq_1)
                                  0.250000    0.832812   clock uncertainty
                                  0.000000    0.832812   clock reconvergence pessimism
                                  0.331351    1.164163   library removal time
                                              1.164163   data required time
---------------------------------------------------------------------------------------------
                                              1.164163   data required time
                                            -42.270714   data arrival time
---------------------------------------------------------------------------------------------
                                             41.106552   slack (MET)


Startpoint: _243_ (rising edge-triggered flip-flop clocked by clk)
Endpoint: latch_phase90_ack (output port clocked by clk)
Path Group: clk
Path Type: min

Fanout         Cap        Slew       Delay        Time   Description
---------------------------------------------------------------------------------------------
                                  0.000000    0.000000   clock clk (rise edge)
                                  0.000000    0.000000   clock source latency
     1    0.036057    0.156044    0.079831    0.079831 ^ clk (in)
                                                         clk (net)
                      0.156052    0.000000    0.079831 ^ clkbuf_0_clk/I (gf180mcu_fd_sc_mcu7t5v0__clkbuf_16)
     8    0.192072    0.206389    0.291489    0.371320 ^ clkbuf_0_clk/Z (gf180mcu_fd_sc_mcu7t5v0__clkbuf_16)
                                                         clknet_0_clk (net)
                      0.206398    0.002042    0.373361 ^ clkbuf_3_5__f_clk/I (gf180mcu_fd_sc_mcu7t5v0__clkbuf_16)
     6    0.026659    0.076228    0.209405    0.582766 ^ clkbuf_3_5__f_clk/Z (gf180mcu_fd_sc_mcu7t5v0__clkbuf_16)
                                                         clknet_3_5__leaf_clk (net)
                      0.076229    0.000458    0.583224 ^ _243_/CLK (gf180mcu_fd_sc_mcu7t5v0__dffrnq_1)
     1    0.005298    0.094870    0.571573    1.154797 v _243_/Q (gf180mcu_fd_sc_mcu7t5v0__dffrnq_1)
                                                         net9 (net)
                      0.094870    0.000052    1.154849 v output9/I (gf180mcu_fd_sc_mcu7t5v0__buf_2)
     1    0.074587    0.312291    0.355172    1.510021 v output9/Z (gf180mcu_fd_sc_mcu7t5v0__buf_2)
                                                         latch_phase90_ack (net)
                      0.312297    0.000744    1.510765 v latch_phase90_ack (out)
                                              1.510765   data arrival time

                                  0.000000    0.000000   clock clk (rise edge)
                                  0.000000    0.000000   clock network delay (propagated)
                                  0.250000    0.250000   clock uncertainty
                                  0.000000    0.250000   clock reconvergence pessimism
                                -40.000000  -39.750000   output external delay
                                            -39.750000   data required time
---------------------------------------------------------------------------------------------
                                            -39.750000   data required time
                                             -1.510765   data arrival time
---------------------------------------------------------------------------------------------
                                             41.260765   slack (MET)


Startpoint: _244_ (rising edge-triggered flip-flop clocked by clk)
Endpoint: latch_phase270_ack (output port clocked by clk)
Path Group: clk
Path Type: min

Fanout         Cap        Slew       Delay        Time   Description
---------------------------------------------------------------------------------------------
                                  0.000000    0.000000   clock clk (rise edge)
                                  0.000000    0.000000   clock source latency
     1    0.036057    0.156044    0.079831    0.079831 ^ clk (in)
                                                         clk (net)
                      0.156052    0.000000    0.079831 ^ clkbuf_0_clk/I (gf180mcu_fd_sc_mcu7t5v0__clkbuf_16)
     8    0.192072    0.206389    0.291489    0.371320 ^ clkbuf_0_clk/Z (gf180mcu_fd_sc_mcu7t5v0__clkbuf_16)
                                                         clknet_0_clk (net)
                      0.206409    0.003026    0.374346 ^ clkbuf_3_7__f_clk/I (gf180mcu_fd_sc_mcu7t5v0__clkbuf_16)
     6    0.027396    0.076802    0.209929    0.584275 ^ clkbuf_3_7__f_clk/Z (gf180mcu_fd_sc_mcu7t5v0__clkbuf_16)
                                                         clknet_3_7__leaf_clk (net)
                      0.076802    0.000227    0.584501 ^ _244_/CLK (gf180mcu_fd_sc_mcu7t5v0__dffrnq_1)
     1    0.005638    0.097189    0.573843    1.158345 v _244_/Q (gf180mcu_fd_sc_mcu7t5v0__dffrnq_1)
                                                         net8 (net)
                      0.097189    0.000059    1.158404 v output8/I (gf180mcu_fd_sc_mcu7t5v0__buf_2)
     1    0.074733    0.312825    0.356150    1.514553 v output8/Z (gf180mcu_fd_sc_mcu7t5v0__buf_2)
                                                         latch_phase270_ack (net)
                      0.312832    0.000840    1.515393 v latch_phase270_ack (out)
                                              1.515393   data arrival time

                                  0.000000    0.000000   clock clk (rise edge)
                                  0.000000    0.000000   clock network delay (propagated)
                                  0.250000    0.250000   clock uncertainty
                                  0.000000    0.250000   clock reconvergence pessimism
                                -40.000000  -39.750000   output external delay
                                            -39.750000   data required time
---------------------------------------------------------------------------------------------
                                            -39.750000   data required time
                                             -1.515393   data arrival time
---------------------------------------------------------------------------------------------
                                             41.265392   slack (MET)


Startpoint: _221_ (rising edge-triggered flip-flop clocked by clk)
Endpoint: votes_in_phase[0] (output port clocked by clk)
Path Group: clk
Path Type: min

Fanout         Cap        Slew       Delay        Time   Description
---------------------------------------------------------------------------------------------
                                  0.000000    0.000000   clock clk (rise edge)
                                  0.000000    0.000000   clock source latency
     1    0.036057    0.156044    0.079831    0.079831 ^ clk (in)
                                                         clk (net)
                      0.156052    0.000000    0.079831 ^ clkbuf_0_clk/I (gf180mcu_fd_sc_mcu7t5v0__clkbuf_16)
     8    0.192072    0.206389    0.291489    0.371320 ^ clkbuf_0_clk/Z (gf180mcu_fd_sc_mcu7t5v0__clkbuf_16)
                                                         clknet_0_clk (net)
                      0.206392    0.001174    0.372493 ^ clkbuf_3_2__f_clk/I (gf180mcu_fd_sc_mcu7t5v0__clkbuf_16)
     6    0.026285    0.075938    0.209188    0.581681 ^ clkbuf_3_2__f_clk/Z (gf180mcu_fd_sc_mcu7t5v0__clkbuf_16)
                                                         clknet_3_2__leaf_clk (net)
                      0.075938    0.000138    0.581818 ^ _221_/CLK (gf180mcu_fd_sc_mcu7t5v0__dffrnq_1)
     2    0.010570    0.130905    0.604749    1.186568 v _221_/Q (gf180mcu_fd_sc_mcu7t5v0__dffrnq_1)
                                                         net13 (net)
                      0.130905    0.000154    1.186721 v output13/I (gf180mcu_fd_sc_mcu7t5v0__buf_2)
     1    0.073947    0.309940    0.364491    1.551213 v output13/Z (gf180mcu_fd_sc_mcu7t5v0__buf_2)
                                                         votes_in_phase[0] (net)
                      0.309948    0.000904    1.552117 v votes_in_phase[0] (out)
                                              1.552117   data arrival time

                                  0.000000    0.000000   clock clk (rise edge)
                                  0.000000    0.000000   clock network delay (propagated)
                                  0.250000    0.250000   clock uncertainty
                                  0.000000    0.250000   clock reconvergence pessimism
                                -40.000000  -39.750000   output external delay
                                            -39.750000   data required time
---------------------------------------------------------------------------------------------
                                            -39.750000   data required time
                                             -1.552117   data arrival time
---------------------------------------------------------------------------------------------
                                             41.302116   slack (MET)


Startpoint: _216_ (rising edge-triggered flip-flop clocked by clk)
Endpoint: dir (output port clocked by clk)
Path Group: clk
Path Type: min

Fanout         Cap        Slew       Delay        Time   Description
---------------------------------------------------------------------------------------------
                                  0.000000    0.000000   clock clk (rise edge)
                                  0.000000    0.000000   clock source latency
     1    0.036057    0.156044    0.079831    0.079831 ^ clk (in)
                                                         clk (net)
                      0.156052    0.000000    0.079831 ^ clkbuf_0_clk/I (gf180mcu_fd_sc_mcu7t5v0__clkbuf_16)
     8    0.192072    0.206389    0.291489    0.371320 ^ clkbuf_0_clk/Z (gf180mcu_fd_sc_mcu7t5v0__clkbuf_16)
                                                         clknet_0_clk (net)
                      0.206392    0.001174    0.372493 ^ clkbuf_3_2__f_clk/I (gf180mcu_fd_sc_mcu7t5v0__clkbuf_16)
     6    0.026285    0.075938    0.209188    0.581681 ^ clkbuf_3_2__f_clk/Z (gf180mcu_fd_sc_mcu7t5v0__clkbuf_16)
                                                         clknet_3_2__leaf_clk (net)
                      0.075938    0.000281    0.581962 ^ _216_/CLK (gf180mcu_fd_sc_mcu7t5v0__dffrnq_1)
     2    0.011425    0.137175    0.610099    1.192061 v _216_/Q (gf180mcu_fd_sc_mcu7t5v0__dffrnq_1)
                                                         net6 (net)
                      0.137175    0.000213    1.192274 v output6/I (gf180mcu_fd_sc_mcu7t5v0__buf_2)
     1    0.074394    0.311673    0.367647    1.559922 v output6/Z (gf180mcu_fd_sc_mcu7t5v0__buf_2)
                                                         dir (net)
                      0.311677    0.000703    1.560625 v dir (out)
                                              1.560625   data arrival time

                                  0.000000    0.000000   clock clk (rise edge)
                                  0.000000    0.000000   clock network delay (propagated)
                                  0.250000    0.250000   clock uncertainty
                                  0.000000    0.250000   clock reconvergence pessimism
                                -40.000000  -39.750000   output external delay
                                            -39.750000   data required time
---------------------------------------------------------------------------------------------
                                            -39.750000   data required time
                                             -1.560625   data arrival time
---------------------------------------------------------------------------------------------
                                             41.310627   slack (MET)


Startpoint: _226_ (rising edge-triggered flip-flop clocked by clk)
Endpoint: votes_out_phase[1] (output port clocked by clk)
Path Group: clk
Path Type: min

Fanout         Cap        Slew       Delay        Time   Description
---------------------------------------------------------------------------------------------
                                  0.000000    0.000000   clock clk (rise edge)
                                  0.000000    0.000000   clock source latency
     1    0.036057    0.156044    0.079831    0.079831 ^ clk (in)
                                                         clk (net)
                      0.156052    0.000000    0.079831 ^ clkbuf_0_clk/I (gf180mcu_fd_sc_mcu7t5v0__clkbuf_16)
     8    0.192072    0.206389    0.291489    0.371320 ^ clkbuf_0_clk/Z (gf180mcu_fd_sc_mcu7t5v0__clkbuf_16)
                                                         clknet_0_clk (net)
                      0.206413    0.003339    0.374659 ^ clkbuf_3_6__f_clk/I (gf180mcu_fd_sc_mcu7t5v0__clkbuf_16)
     6    0.026024    0.075736    0.209034    0.583692 ^ clkbuf_3_6__f_clk/Z (gf180mcu_fd_sc_mcu7t5v0__clkbuf_16)
                                                         clknet_3_6__leaf_clk (net)
                      0.075736    0.000059    0.583752 ^ _226_/CLK (gf180mcu_fd_sc_mcu7t5v0__dffrnq_1)
     2    0.011392    0.136919    0.609890    1.193642 v _226_/Q (gf180mcu_fd_sc_mcu7t5v0__dffrnq_1)
                                                         net18 (net)
                      0.136919    0.000166    1.193808 v output18/I (gf180mcu_fd_sc_mcu7t5v0__buf_2)
     1    0.073953    0.309979    0.366358    1.560166 v output18/Z (gf180mcu_fd_sc_mcu7t5v0__buf_2)
                                                         votes_out_phase[1] (net)
                      0.309987    0.000882    1.561048 v votes_out_phase[1] (out)
                                              1.561048   data arrival time

                                  0.000000    0.000000   clock clk (rise edge)
                                  0.000000    0.000000   clock network delay (propagated)
                                  0.250000    0.250000   clock uncertainty
                                  0.000000    0.250000   clock reconvergence pessimism
                                -40.000000  -39.750000   output external delay
                                            -39.750000   data required time
---------------------------------------------------------------------------------------------
                                            -39.750000   data required time
                                             -1.561048   data arrival time
---------------------------------------------------------------------------------------------
                                             41.311047   slack (MET)


Startpoint: _224_ (rising edge-triggered flip-flop clocked by clk)
Endpoint: votes_in_phase[3] (output port clocked by clk)
Path Group: clk
Path Type: min

Fanout         Cap        Slew       Delay        Time   Description
---------------------------------------------------------------------------------------------
                                  0.000000    0.000000   clock clk (rise edge)
                                  0.000000    0.000000   clock source latency
     1    0.036057    0.156044    0.079831    0.079831 ^ clk (in)
                                                         clk (net)
                      0.156052    0.000000    0.079831 ^ clkbuf_0_clk/I (gf180mcu_fd_sc_mcu7t5v0__clkbuf_16)
     8    0.192072    0.206389    0.291489    0.371320 ^ clkbuf_0_clk/Z (gf180mcu_fd_sc_mcu7t5v0__clkbuf_16)
                                                         clknet_0_clk (net)
                      0.206390    0.000839    0.372159 ^ clkbuf_3_3__f_clk/I (gf180mcu_fd_sc_mcu7t5v0__clkbuf_16)
     6    0.028960    0.078016    0.211012    0.583171 ^ clkbuf_3_3__f_clk/Z (gf180mcu_fd_sc_mcu7t5v0__clkbuf_16)
                                                         clknet_3_3__leaf_clk (net)
                      0.078016    0.000209    0.583379 ^ _224_/CLK (gf180mcu_fd_sc_mcu7t5v0__dffrnq_1)
     2    0.011572    0.138349    0.611524    1.194903 v _224_/Q (gf180mcu_fd_sc_mcu7t5v0__dffrnq_1)
                                                         net16 (net)
                      0.138349    0.000173    1.195076 v output16/I (gf180mcu_fd_sc_mcu7t5v0__buf_2)
     1    0.074001    0.310164    0.366902    1.561978 v output16/Z (gf180mcu_fd_sc_mcu7t5v0__buf_2)
                                                         votes_in_phase[3] (net)
                      0.310172    0.000894    1.562871 v votes_in_phase[3] (out)
                                              1.562871   data arrival time

                                  0.000000    0.000000   clock clk (rise edge)
                                  0.000000    0.000000   clock network delay (propagated)
                                  0.250000    0.250000   clock uncertainty
                                  0.000000    0.250000   clock reconvergence pessimism
                                -40.000000  -39.750000   output external delay
                                            -39.750000   data required time
---------------------------------------------------------------------------------------------
                                            -39.750000   data required time
                                             -1.562871   data arrival time
---------------------------------------------------------------------------------------------
                                             41.312870   slack (MET)


Startpoint: _225_ (rising edge-triggered flip-flop clocked by clk)
Endpoint: votes_out_phase[0] (output port clocked by clk)
Path Group: clk
Path Type: min

Fanout         Cap        Slew       Delay        Time   Description
---------------------------------------------------------------------------------------------
                                  0.000000    0.000000   clock clk (rise edge)
                                  0.000000    0.000000   clock source latency
     1    0.036057    0.156044    0.079831    0.079831 ^ clk (in)
                                                         clk (net)
                      0.156052    0.000000    0.079831 ^ clkbuf_0_clk/I (gf180mcu_fd_sc_mcu7t5v0__clkbuf_16)
     8    0.192072    0.206389    0.291489    0.371320 ^ clkbuf_0_clk/Z (gf180mcu_fd_sc_mcu7t5v0__clkbuf_16)
                                                         clknet_0_clk (net)
                      0.206413    0.003339    0.374659 ^ clkbuf_3_6__f_clk/I (gf180mcu_fd_sc_mcu7t5v0__clkbuf_16)
     6    0.026024    0.075736    0.209034    0.583692 ^ clkbuf_3_6__f_clk/Z (gf180mcu_fd_sc_mcu7t5v0__clkbuf_16)
                                                         clknet_3_6__leaf_clk (net)
                      0.075736    0.000071    0.583764 ^ _225_/CLK (gf180mcu_fd_sc_mcu7t5v0__dffrnq_1)
     2    0.011666    0.139099    0.611620    1.195384 v _225_/Q (gf180mcu_fd_sc_mcu7t5v0__dffrnq_1)
                                                         net17 (net)
                      0.139099    0.000173    1.195557 v output17/I (gf180mcu_fd_sc_mcu7t5v0__buf_2)
     1    0.073830    0.309526    0.366731    1.562288 v output17/Z (gf180mcu_fd_sc_mcu7t5v0__buf_2)
                                                         votes_out_phase[0] (net)
                      0.309533    0.000881    1.563168 v votes_out_phase[0] (out)
                                              1.563168   data arrival time

                                  0.000000    0.000000   clock clk (rise edge)
                                  0.000000    0.000000   clock network delay (propagated)
                                  0.250000    0.250000   clock uncertainty
                                  0.000000    0.250000   clock reconvergence pessimism
                                -40.000000  -39.750000   output external delay
                                            -39.750000   data required time
---------------------------------------------------------------------------------------------
                                            -39.750000   data required time
                                             -1.563168   data arrival time
---------------------------------------------------------------------------------------------
                                             41.313168   slack (MET)


Startpoint: _227_ (rising edge-triggered flip-flop clocked by clk)
Endpoint: votes_out_phase[2] (output port clocked by clk)
Path Group: clk
Path Type: min

Fanout         Cap        Slew       Delay        Time   Description
---------------------------------------------------------------------------------------------
                                  0.000000    0.000000   clock clk (rise edge)
                                  0.000000    0.000000   clock source latency
     1    0.036057    0.156044    0.079831    0.079831 ^ clk (in)
                                                         clk (net)
                      0.156052    0.000000    0.079831 ^ clkbuf_0_clk/I (gf180mcu_fd_sc_mcu7t5v0__clkbuf_16)
     8    0.192072    0.206389    0.291489    0.371320 ^ clkbuf_0_clk/Z (gf180mcu_fd_sc_mcu7t5v0__clkbuf_16)
                                                         clknet_0_clk (net)
                      0.206413    0.003339    0.374659 ^ clkbuf_3_6__f_clk/I (gf180mcu_fd_sc_mcu7t5v0__clkbuf_16)
     6    0.026024    0.075736    0.209034    0.583692 ^ clkbuf_3_6__f_clk/Z (gf180mcu_fd_sc_mcu7t5v0__clkbuf_16)
                                                         clknet_3_6__leaf_clk (net)
                      0.075736    0.000113    0.583806 ^ _227_/CLK (gf180mcu_fd_sc_mcu7t5v0__dffrnq_1)
     2    0.011985    0.141648    0.613688    1.197494 v _227_/Q (gf180mcu_fd_sc_mcu7t5v0__dffrnq_1)
                                                         net19 (net)
                      0.141648    0.000103    1.197597 v output19/I (gf180mcu_fd_sc_mcu7t5v0__buf_2)
     1    0.073737    0.309185    0.367302    1.564899 v output19/Z (gf180mcu_fd_sc_mcu7t5v0__buf_2)
                                                         votes_out_phase[2] (net)
                      0.309192    0.000858    1.565757 v votes_out_phase[2] (out)
                                              1.565757   data arrival time

                                  0.000000    0.000000   clock clk (rise edge)
                                  0.000000    0.000000   clock network delay (propagated)
                                  0.250000    0.250000   clock uncertainty
                                  0.000000    0.250000   clock reconvergence pessimism
                                -40.000000  -39.750000   output external delay
                                            -39.750000   data required time
---------------------------------------------------------------------------------------------
                                            -39.750000   data required time
                                             -1.565757   data arrival time
---------------------------------------------------------------------------------------------
                                             41.315754   slack (MET)


Startpoint: _219_ (rising edge-triggered flip-flop clocked by clk)
Endpoint: phase_state[0] (output port clocked by clk)
Path Group: clk
Path Type: min

Fanout         Cap        Slew       Delay        Time   Description
---------------------------------------------------------------------------------------------
                                  0.000000    0.000000   clock clk (rise edge)
                                  0.000000    0.000000   clock source latency
     1    0.036057    0.156044    0.079831    0.079831 ^ clk (in)
                                                         clk (net)
                      0.156052    0.000000    0.079831 ^ clkbuf_0_clk/I (gf180mcu_fd_sc_mcu7t5v0__clkbuf_16)
     8    0.192072    0.206389    0.291489    0.371320 ^ clkbuf_0_clk/Z (gf180mcu_fd_sc_mcu7t5v0__clkbuf_16)
                                                         clknet_0_clk (net)
                      0.206392    0.001174    0.372493 ^ clkbuf_3_2__f_clk/I (gf180mcu_fd_sc_mcu7t5v0__clkbuf_16)
     6    0.026285    0.075938    0.209188    0.581681 ^ clkbuf_3_2__f_clk/Z (gf180mcu_fd_sc_mcu7t5v0__clkbuf_16)
                                                         clknet_3_2__leaf_clk (net)
                      0.075938    0.000209    0.581889 ^ _219_/CLK (gf180mcu_fd_sc_mcu7t5v0__dffrnq_1)
     2    0.012075    0.142286    0.614205    1.196094 v _219_/Q (gf180mcu_fd_sc_mcu7t5v0__dffrnq_1)
                                                         net11 (net)
                      0.142286    0.000181    1.196276 v output11/I (gf180mcu_fd_sc_mcu7t5v0__buf_2)
     1    0.074426    0.311750    0.369054    1.565330 v output11/Z (gf180mcu_fd_sc_mcu7t5v0__buf_2)
                                                         phase_state[0] (net)
                      0.311760    0.000976    1.566306 v phase_state[0] (out)
                                              1.566306   data arrival time

                                  0.000000    0.000000   clock clk (rise edge)
                                  0.000000    0.000000   clock network delay (propagated)
                                  0.250000    0.250000   clock uncertainty
                                  0.000000    0.250000   clock reconvergence pessimism
                                -40.000000  -39.750000   output external delay
                                            -39.750000   data required time
---------------------------------------------------------------------------------------------
                                            -39.750000   data required time
                                             -1.566306   data arrival time
---------------------------------------------------------------------------------------------
                                             41.316307   slack (MET)


Startpoint: _222_ (rising edge-triggered flip-flop clocked by clk)
Endpoint: votes_in_phase[1] (output port clocked by clk)
Path Group: clk
Path Type: min

Fanout         Cap        Slew       Delay        Time   Description
---------------------------------------------------------------------------------------------
                                  0.000000    0.000000   clock clk (rise edge)
                                  0.000000    0.000000   clock source latency
     1    0.036057    0.156044    0.079831    0.079831 ^ clk (in)
                                                         clk (net)
                      0.156052    0.000000    0.079831 ^ clkbuf_0_clk/I (gf180mcu_fd_sc_mcu7t5v0__clkbuf_16)
     8    0.192072    0.206389    0.291489    0.371320 ^ clkbuf_0_clk/Z (gf180mcu_fd_sc_mcu7t5v0__clkbuf_16)
                                                         clknet_0_clk (net)
                      0.206390    0.000839    0.372159 ^ clkbuf_3_3__f_clk/I (gf180mcu_fd_sc_mcu7t5v0__clkbuf_16)
     6    0.028960    0.078016    0.211012    0.583171 ^ clkbuf_3_3__f_clk/Z (gf180mcu_fd_sc_mcu7t5v0__clkbuf_16)
                                                         clknet_3_3__leaf_clk (net)
                      0.078016    0.000178    0.583349 ^ _222_/CLK (gf180mcu_fd_sc_mcu7t5v0__dffrnq_1)
     2    0.012085    0.142349    0.614710    1.198059 v _222_/Q (gf180mcu_fd_sc_mcu7t5v0__dffrnq_1)
                                                         net14 (net)
                      0.142349    0.000194    1.198253 v output14/I (gf180mcu_fd_sc_mcu7t5v0__buf_2)
     1    0.073591    0.308643    0.367181    1.565434 v output14/Z (gf180mcu_fd_sc_mcu7t5v0__buf_2)
                                                         votes_in_phase[1] (net)
                      0.308650    0.000840    1.566274 v votes_in_phase[1] (out)
                                              1.566274   data arrival time

                                  0.000000    0.000000   clock clk (rise edge)
                                  0.000000    0.000000   clock network delay (propagated)
                                  0.250000    0.250000   clock uncertainty
                                  0.000000    0.250000   clock reconvergence pessimism
                                -40.000000  -39.750000   output external delay
                                            -39.750000   data required time
---------------------------------------------------------------------------------------------
                                            -39.750000   data required time
                                             -1.566274   data arrival time
---------------------------------------------------------------------------------------------
                                             41.316273   slack (MET)


Startpoint: _223_ (rising edge-triggered flip-flop clocked by clk)
Endpoint: votes_in_phase[2] (output port clocked by clk)
Path Group: clk
Path Type: min

Fanout         Cap        Slew       Delay        Time   Description
---------------------------------------------------------------------------------------------
                                  0.000000    0.000000   clock clk (rise edge)
                                  0.000000    0.000000   clock source latency
     1    0.036057    0.156044    0.079831    0.079831 ^ clk (in)
                                                         clk (net)
                      0.156052    0.000000    0.079831 ^ clkbuf_0_clk/I (gf180mcu_fd_sc_mcu7t5v0__clkbuf_16)
     8    0.192072    0.206389    0.291489    0.371320 ^ clkbuf_0_clk/Z (gf180mcu_fd_sc_mcu7t5v0__clkbuf_16)
                                                         clknet_0_clk (net)
                      0.206390    0.000839    0.372159 ^ clkbuf_3_3__f_clk/I (gf180mcu_fd_sc_mcu7t5v0__clkbuf_16)
     6    0.028960    0.078016    0.211012    0.583171 ^ clkbuf_3_3__f_clk/Z (gf180mcu_fd_sc_mcu7t5v0__clkbuf_16)
                                                         clknet_3_3__leaf_clk (net)
                      0.078016    0.000170    0.583340 ^ _223_/CLK (gf180mcu_fd_sc_mcu7t5v0__dffrnq_1)
     2    0.012012    0.141843    0.614299    1.197640 v _223_/Q (gf180mcu_fd_sc_mcu7t5v0__dffrnq_1)
                                                         net15 (net)
                      0.141843    0.000190    1.197829 v output15/I (gf180mcu_fd_sc_mcu7t5v0__buf_2)
     1    0.074109    0.310573    0.368215    1.566045 v output15/Z (gf180mcu_fd_sc_mcu7t5v0__buf_2)
                                                         votes_in_phase[2] (net)
                      0.310581    0.000906    1.566951 v votes_in_phase[2] (out)
                                              1.566951   data arrival time

                                  0.000000    0.000000   clock clk (rise edge)
                                  0.000000    0.000000   clock network delay (propagated)
                                  0.250000    0.250000   clock uncertainty
                                  0.000000    0.250000   clock reconvergence pessimism
                                -40.000000  -39.750000   output external delay
                                            -39.750000   data required time
---------------------------------------------------------------------------------------------
                                            -39.750000   data required time
                                             -1.566951   data arrival time
---------------------------------------------------------------------------------------------
                                             41.316948   slack (MET)


Startpoint: _218_ (rising edge-triggered flip-flop clocked by clk)
Endpoint: jitter_flag (output port clocked by clk)
Path Group: clk
Path Type: min

Fanout         Cap        Slew       Delay        Time   Description
---------------------------------------------------------------------------------------------
                                  0.000000    0.000000   clock clk (rise edge)
                                  0.000000    0.000000   clock source latency
     1    0.036057    0.156044    0.079831    0.079831 ^ clk (in)
                                                         clk (net)
                      0.156052    0.000000    0.079831 ^ clkbuf_0_clk/I (gf180mcu_fd_sc_mcu7t5v0__clkbuf_16)
     8    0.192072    0.206389    0.291489    0.371320 ^ clkbuf_0_clk/Z (gf180mcu_fd_sc_mcu7t5v0__clkbuf_16)
                                                         clknet_0_clk (net)
                      0.206392    0.001174    0.372493 ^ clkbuf_3_2__f_clk/I (gf180mcu_fd_sc_mcu7t5v0__clkbuf_16)
     6    0.026285    0.075938    0.209188    0.581681 ^ clkbuf_3_2__f_clk/Z (gf180mcu_fd_sc_mcu7t5v0__clkbuf_16)
                                                         clknet_3_2__leaf_clk (net)
                      0.075938    0.000178    0.581859 ^ _218_/CLK (gf180mcu_fd_sc_mcu7t5v0__dffrnq_1)
     2    0.012413    0.144534    0.615927    1.197786 v _218_/Q (gf180mcu_fd_sc_mcu7t5v0__dffrnq_1)
                                                         net7 (net)
                      0.144534    0.000245    1.198031 v output7/I (gf180mcu_fd_sc_mcu7t5v0__buf_2)
     1    0.074461    0.311874    0.369764    1.567795 v output7/Z (gf180mcu_fd_sc_mcu7t5v0__buf_2)
                                                         jitter_flag (net)
                      0.311885    0.001052    1.568847 v jitter_flag (out)
                                              1.568847   data arrival time

                                  0.000000    0.000000   clock clk (rise edge)
                                  0.000000    0.000000   clock network delay (propagated)
                                  0.250000    0.250000   clock uncertainty
                                  0.000000    0.250000   clock reconvergence pessimism
                                -40.000000  -39.750000   output external delay
                                            -39.750000   data required time
---------------------------------------------------------------------------------------------
                                            -39.750000   data required time
                                             -1.568847   data arrival time
---------------------------------------------------------------------------------------------
                                             41.318848   slack (MET)


Startpoint: _228_ (rising edge-triggered flip-flop clocked by clk)
Endpoint: votes_out_phase[3] (output port clocked by clk)
Path Group: clk
Path Type: min

Fanout         Cap        Slew       Delay        Time   Description
---------------------------------------------------------------------------------------------
                                  0.000000    0.000000   clock clk (rise edge)
                                  0.000000    0.000000   clock source latency
     1    0.036057    0.156044    0.079831    0.079831 ^ clk (in)
                                                         clk (net)
                      0.156052    0.000000    0.079831 ^ clkbuf_0_clk/I (gf180mcu_fd_sc_mcu7t5v0__clkbuf_16)
     8    0.192072    0.206389    0.291489    0.371320 ^ clkbuf_0_clk/Z (gf180mcu_fd_sc_mcu7t5v0__clkbuf_16)
                                                         clknet_0_clk (net)
                      0.206413    0.003339    0.374659 ^ clkbuf_3_6__f_clk/I (gf180mcu_fd_sc_mcu7t5v0__clkbuf_16)
     6    0.026024    0.075736    0.209034    0.583692 ^ clkbuf_3_6__f_clk/Z (gf180mcu_fd_sc_mcu7t5v0__clkbuf_16)
                                                         clknet_3_6__leaf_clk (net)
                      0.075736    0.000135    0.583828 ^ _228_/CLK (gf180mcu_fd_sc_mcu7t5v0__dffrnq_1)
     2    0.013657    0.152936    0.622364    1.206192 v _228_/Q (gf180mcu_fd_sc_mcu7t5v0__dffrnq_1)
                                                         net20 (net)
                      0.152936    0.000136    1.206328 v output20/I (gf180mcu_fd_sc_mcu7t5v0__buf_2)
     1    0.074641    0.312591    0.372842    1.579170 v output20/Z (gf180mcu_fd_sc_mcu7t5v0__buf_2)
                                                         votes_out_phase[3] (net)
                      0.312600    0.000947    1.580118 v votes_out_phase[3] (out)
                                              1.580118   data arrival time

                                  0.000000    0.000000   clock clk (rise edge)
                                  0.000000    0.000000   clock network delay (propagated)
                                  0.250000    0.250000   clock uncertainty
                                  0.000000    0.250000   clock reconvergence pessimism
                                -40.000000  -39.750000   output external delay
                                            -39.750000   data required time
---------------------------------------------------------------------------------------------
                                            -39.750000   data required time
                                             -1.580118   data arrival time
---------------------------------------------------------------------------------------------
                                             41.330120   slack (MET)


Startpoint: _217_ (rising edge-triggered flip-flop clocked by clk)
Endpoint: move_en (output port clocked by clk)
Path Group: clk
Path Type: min

Fanout         Cap        Slew       Delay        Time   Description
---------------------------------------------------------------------------------------------
                                  0.000000    0.000000   clock clk (rise edge)
                                  0.000000    0.000000   clock source latency
     1    0.036057    0.156044    0.079831    0.079831 ^ clk (in)
                                                         clk (net)
                      0.156052    0.000000    0.079831 ^ clkbuf_0_clk/I (gf180mcu_fd_sc_mcu7t5v0__clkbuf_16)
     8    0.192072    0.206389    0.291489    0.371320 ^ clkbuf_0_clk/Z (gf180mcu_fd_sc_mcu7t5v0__clkbuf_16)
                                                         clknet_0_clk (net)
                      0.206392    0.001174    0.372493 ^ clkbuf_3_2__f_clk/I (gf180mcu_fd_sc_mcu7t5v0__clkbuf_16)
     6    0.026285    0.075938    0.209188    0.581681 ^ clkbuf_3_2__f_clk/Z (gf180mcu_fd_sc_mcu7t5v0__clkbuf_16)
                                                         clknet_3_2__leaf_clk (net)
                      0.075938    0.000290    0.581971 ^ _217_/CLK (gf180mcu_fd_sc_mcu7t5v0__dffrnq_1)
     2    0.014876    0.161111    0.628677    1.210649 v _217_/Q (gf180mcu_fd_sc_mcu7t5v0__dffrnq_1)
                                                         net10 (net)
                      0.161111    0.000270    1.210919 v output10/I (gf180mcu_fd_sc_mcu7t5v0__buf_2)
     1    0.074394    0.311729    0.374949    1.585868 v output10/Z (gf180mcu_fd_sc_mcu7t5v0__buf_2)
                                                         move_en (net)
                      0.311734    0.000703    1.586572 v move_en (out)
                                              1.586572   data arrival time

                                  0.000000    0.000000   clock clk (rise edge)
                                  0.000000    0.000000   clock network delay (propagated)
                                  0.250000    0.250000   clock uncertainty
                                  0.000000    0.250000   clock reconvergence pessimism
                                -40.000000  -39.750000   output external delay
                                            -39.750000   data required time
---------------------------------------------------------------------------------------------
                                            -39.750000   data required time
                                             -1.586572   data arrival time
---------------------------------------------------------------------------------------------
                                             41.336571   slack (MET)


Startpoint: _220_ (rising edge-triggered flip-flop clocked by clk)
Endpoint: phase_state[1] (output port clocked by clk)
Path Group: clk
Path Type: min

Fanout         Cap        Slew       Delay        Time   Description
---------------------------------------------------------------------------------------------
                                  0.000000    0.000000   clock clk (rise edge)
                                  0.000000    0.000000   clock source latency
     1    0.036057    0.156044    0.079831    0.079831 ^ clk (in)
                                                         clk (net)
                      0.156052    0.000000    0.079831 ^ clkbuf_0_clk/I (gf180mcu_fd_sc_mcu7t5v0__clkbuf_16)
     8    0.192072    0.206389    0.291489    0.371320 ^ clkbuf_0_clk/Z (gf180mcu_fd_sc_mcu7t5v0__clkbuf_16)
                                                         clknet_0_clk (net)
                      0.206393    0.001416    0.372735 ^ clkbuf_3_0__f_clk/I (gf180mcu_fd_sc_mcu7t5v0__clkbuf_16)
     6    0.027601    0.076961    0.210094    0.582829 ^ clkbuf_3_0__f_clk/Z (gf180mcu_fd_sc_mcu7t5v0__clkbuf_16)
                                                         clknet_3_0__leaf_clk (net)
                      0.076961    0.000068    0.582897 ^ _220_/CLK (gf180mcu_fd_sc_mcu7t5v0__dffrnq_1)
     2    0.015564    0.165720    0.632414    1.215312 v _220_/Q (gf180mcu_fd_sc_mcu7t5v0__dffrnq_1)
                                                         net12 (net)
                      0.165720    0.000306    1.215618 v output12/I (gf180mcu_fd_sc_mcu7t5v0__buf_2)
     1    0.074312    0.311381    0.375934    1.591552 v output12/Z (gf180mcu_fd_sc_mcu7t5v0__buf_2)
                                                         phase_state[1] (net)
                      0.311390    0.000973    1.592525 v phase_state[1] (out)
                                              1.592525   data arrival time

                                  0.000000    0.000000   clock clk (rise edge)
                                  0.000000    0.000000   clock network delay (propagated)
                                  0.250000    0.250000   clock uncertainty
                                  0.000000    0.250000   clock reconvergence pessimism
                                -40.000000  -39.750000   output external delay
                                            -39.750000   data required time
---------------------------------------------------------------------------------------------
                                            -39.750000   data required time
                                             -1.592525   data arrival time
---------------------------------------------------------------------------------------------
                                             41.342525   slack (MET)


Startpoint: rst_n (input port clocked by clk)
Endpoint: _233_ (removal check against rising-edge clock clk)
Path Group: asynchronous
Path Type: min

Fanout         Cap        Slew       Delay        Time   Description
---------------------------------------------------------------------------------------------
                                  0.000000    0.000000   clock clk (rise edge)
                                  0.000000    0.000000   clock network delay (propagated)
                                 40.000000   40.000000 ^ input external delay
     1    0.004491    0.104330    0.039517   40.039516 ^ rst_n (in)
                                                         rst_n (net)
                      0.104330    0.000000   40.039516 ^ input4/I (gf180mcu_fd_sc_mcu7t5v0__buf_1)
     1    0.005625    0.127592    0.182929   40.222446 ^ input4/Z (gf180mcu_fd_sc_mcu7t5v0__buf_1)
                                                         net4 (net)
                      0.127592    0.000124   40.222572 ^ fanout49/I (gf180mcu_fd_sc_mcu7t5v0__dlyb_1)
     1    0.005658    0.148276    0.740119   40.962692 ^ fanout49/Z (gf180mcu_fd_sc_mcu7t5v0__dlyb_1)
                                                         net49 (net)
                      0.148276    0.000121   40.962811 ^ wire51/I (gf180mcu_fd_sc_mcu7t5v0__buf_1)
     4    0.025445    0.400946    0.356920   41.319733 ^ wire51/Z (gf180mcu_fd_sc_mcu7t5v0__buf_1)
                                                         net51 (net)
                      0.400948    0.000419   41.320148 ^ fanout37/I (gf180mcu_fd_sc_mcu7t5v0__dlyb_1)
     3    0.018468    0.315537    0.873722   42.193874 ^ fanout37/Z (gf180mcu_fd_sc_mcu7t5v0__dlyb_1)
                                                         net37 (net)
                      0.315537    0.000405   42.194279 ^ load_slew39/I (gf180mcu_fd_sc_mcu7t5v0__clkbuf_2)
     3    0.023354    0.200109    0.304926   42.499203 ^ load_slew39/Z (gf180mcu_fd_sc_mcu7t5v0__clkbuf_2)
                                                         net39 (net)
                      0.200109    0.000426   42.499630 ^ _233_/RN (gf180mcu_fd_sc_mcu7t5v0__dffrnq_1)
                                             42.499630   data arrival time

                                  0.000000    0.000000   clock clk (rise edge)
                                  0.000000    0.000000   clock source latency
     1    0.036057    0.156044    0.079831    0.079831 ^ clk (in)
                                                         clk (net)
                      0.156052    0.000000    0.079831 ^ clkbuf_0_clk/I (gf180mcu_fd_sc_mcu7t5v0__clkbuf_16)
     8    0.192072    0.206389    0.291489    0.371320 ^ clkbuf_0_clk/Z (gf180mcu_fd_sc_mcu7t5v0__clkbuf_16)
                                                         clknet_0_clk (net)
                      0.206390    0.000904    0.372223 ^ clkbuf_3_1__f_clk/I (gf180mcu_fd_sc_mcu7t5v0__clkbuf_16)
     6    0.031412    0.079918    0.212576    0.584799 ^ clkbuf_3_1__f_clk/Z (gf180mcu_fd_sc_mcu7t5v0__clkbuf_16)
                                                         clknet_3_1__leaf_clk (net)
                      0.079918    0.000039    0.584838 ^ _233_/CLK (gf180mcu_fd_sc_mcu7t5v0__dffrnq_1)
                                  0.250000    0.834838   clock uncertainty
                                  0.000000    0.834838   clock reconvergence pessimism
                                  0.305706    1.140545   library removal time
                                              1.140545   data required time
---------------------------------------------------------------------------------------------
                                              1.140545   data required time
                                            -42.499630   data arrival time
---------------------------------------------------------------------------------------------
                                             41.359085   slack (MET)


Startpoint: rst_n (input port clocked by clk)
Endpoint: _234_ (removal check against rising-edge clock clk)
Path Group: asynchronous
Path Type: min

Fanout         Cap        Slew       Delay        Time   Description
---------------------------------------------------------------------------------------------
                                  0.000000    0.000000   clock clk (rise edge)
                                  0.000000    0.000000   clock network delay (propagated)
                                 40.000000   40.000000 ^ input external delay
     1    0.004491    0.104330    0.039517   40.039516 ^ rst_n (in)
                                                         rst_n (net)
                      0.104330    0.000000   40.039516 ^ input4/I (gf180mcu_fd_sc_mcu7t5v0__buf_1)
     1    0.005625    0.127592    0.182929   40.222446 ^ input4/Z (gf180mcu_fd_sc_mcu7t5v0__buf_1)
                                                         net4 (net)
                      0.127592    0.000124   40.222572 ^ fanout49/I (gf180mcu_fd_sc_mcu7t5v0__dlyb_1)
     1    0.005658    0.148276    0.740119   40.962692 ^ fanout49/Z (gf180mcu_fd_sc_mcu7t5v0__dlyb_1)
                                                         net49 (net)
                      0.148276    0.000121   40.962811 ^ wire51/I (gf180mcu_fd_sc_mcu7t5v0__buf_1)
     4    0.025445    0.400946    0.356920   41.319733 ^ wire51/Z (gf180mcu_fd_sc_mcu7t5v0__buf_1)
                                                         net51 (net)
                      0.400948    0.000419   41.320148 ^ fanout37/I (gf180mcu_fd_sc_mcu7t5v0__dlyb_1)
     3    0.018468    0.315537    0.873722   42.193874 ^ fanout37/Z (gf180mcu_fd_sc_mcu7t5v0__dlyb_1)
                                                         net37 (net)
                      0.315537    0.000405   42.194279 ^ load_slew39/I (gf180mcu_fd_sc_mcu7t5v0__clkbuf_2)
     3    0.023354    0.200109    0.304926   42.499203 ^ load_slew39/Z (gf180mcu_fd_sc_mcu7t5v0__clkbuf_2)
                                                         net39 (net)
                      0.200109    0.000387   42.499592 ^ _234_/RN (gf180mcu_fd_sc_mcu7t5v0__dffrnq_1)
                                             42.499592   data arrival time

                                  0.000000    0.000000   clock clk (rise edge)
                                  0.000000    0.000000   clock source latency
     1    0.036057    0.156044    0.079831    0.079831 ^ clk (in)
                                                         clk (net)
                      0.156052    0.000000    0.079831 ^ clkbuf_0_clk/I (gf180mcu_fd_sc_mcu7t5v0__clkbuf_16)
     8    0.192072    0.206389    0.291489    0.371320 ^ clkbuf_0_clk/Z (gf180mcu_fd_sc_mcu7t5v0__clkbuf_16)
                                                         clknet_0_clk (net)
                      0.206390    0.000839    0.372159 ^ clkbuf_3_3__f_clk/I (gf180mcu_fd_sc_mcu7t5v0__clkbuf_16)
     6    0.028960    0.078016    0.211012    0.583171 ^ clkbuf_3_3__f_clk/Z (gf180mcu_fd_sc_mcu7t5v0__clkbuf_16)
                                                         clknet_3_3__leaf_clk (net)
                      0.078016    0.000281    0.583451 ^ _234_/CLK (gf180mcu_fd_sc_mcu7t5v0__dffrnq_1)
                                  0.250000    0.833451   clock uncertainty
                                  0.000000    0.833451   clock reconvergence pessimism
                                  0.305339    1.138790   library removal time
                                              1.138790   data required time
---------------------------------------------------------------------------------------------
                                              1.138790   data required time
                                            -42.499592   data arrival time
---------------------------------------------------------------------------------------------
                                             41.360802   slack (MET)


Startpoint: rst_n (input port clocked by clk)
Endpoint: _230_ (removal check against rising-edge clock clk)
Path Group: asynchronous
Path Type: min

Fanout         Cap        Slew       Delay        Time   Description
---------------------------------------------------------------------------------------------
                                  0.000000    0.000000   clock clk (rise edge)
                                  0.000000    0.000000   clock network delay (propagated)
                                 40.000000   40.000000 ^ input external delay
     1    0.004491    0.104330    0.039517   40.039516 ^ rst_n (in)
                                                         rst_n (net)
                      0.104330    0.000000   40.039516 ^ input4/I (gf180mcu_fd_sc_mcu7t5v0__buf_1)
     1    0.005625    0.127592    0.182929   40.222446 ^ input4/Z (gf180mcu_fd_sc_mcu7t5v0__buf_1)
                                                         net4 (net)
                      0.127592    0.000124   40.222572 ^ fanout49/I (gf180mcu_fd_sc_mcu7t5v0__dlyb_1)
     1    0.005658    0.148276    0.740119   40.962692 ^ fanout49/Z (gf180mcu_fd_sc_mcu7t5v0__dlyb_1)
                                                         net49 (net)
                      0.148276    0.000121   40.962811 ^ wire51/I (gf180mcu_fd_sc_mcu7t5v0__buf_1)
     4    0.025445    0.400946    0.356920   41.319733 ^ wire51/Z (gf180mcu_fd_sc_mcu7t5v0__buf_1)
                                                         net51 (net)
                      0.400948    0.000419   41.320148 ^ fanout37/I (gf180mcu_fd_sc_mcu7t5v0__dlyb_1)
     3    0.018468    0.315537    0.873722   42.193874 ^ fanout37/Z (gf180mcu_fd_sc_mcu7t5v0__dlyb_1)
                                                         net37 (net)
                      0.315537    0.000369   42.194241 ^ load_slew40/I (gf180mcu_fd_sc_mcu7t5v0__clkbuf_2)
     3    0.024921    0.210725    0.311374   42.505615 ^ load_slew40/Z (gf180mcu_fd_sc_mcu7t5v0__clkbuf_2)
                                                         net40 (net)
                      0.210726    0.000398   42.506016 ^ _230_/RN (gf180mcu_fd_sc_mcu7t5v0__dffrnq_1)
                                             42.506016   data arrival time

                                  0.000000    0.000000   clock clk (rise edge)
                                  0.000000    0.000000   clock source latency
     1    0.036057    0.156044    0.079831    0.079831 ^ clk (in)
                                                         clk (net)
                      0.156052    0.000000    0.079831 ^ clkbuf_0_clk/I (gf180mcu_fd_sc_mcu7t5v0__clkbuf_16)
     8    0.192072    0.206389    0.291489    0.371320 ^ clkbuf_0_clk/Z (gf180mcu_fd_sc_mcu7t5v0__clkbuf_16)
                                                         clknet_0_clk (net)
                      0.206390    0.000904    0.372223 ^ clkbuf_3_1__f_clk/I (gf180mcu_fd_sc_mcu7t5v0__clkbuf_16)
     6    0.031412    0.079918    0.212576    0.584799 ^ clkbuf_3_1__f_clk/Z (gf180mcu_fd_sc_mcu7t5v0__clkbuf_16)
                                                         clknet_3_1__leaf_clk (net)
                      0.079921    0.000784    0.585584 ^ _230_/CLK (gf180mcu_fd_sc_mcu7t5v0__dffrnq_1)
                                  0.250000    0.835584   clock uncertainty
                                  0.000000    0.835584   clock reconvergence pessimism
                                  0.306884    1.142468   library removal time
                                              1.142468   data required time
---------------------------------------------------------------------------------------------
                                              1.142468   data required time
                                            -42.506016   data arrival time
---------------------------------------------------------------------------------------------
                                             41.363548   slack (MET)


Startpoint: rst_n (input port clocked by clk)
Endpoint: _241_ (removal check against rising-edge clock clk)
Path Group: asynchronous
Path Type: min

Fanout         Cap        Slew       Delay        Time   Description
---------------------------------------------------------------------------------------------
                                  0.000000    0.000000   clock clk (rise edge)
                                  0.000000    0.000000   clock network delay (propagated)
                                 40.000000   40.000000 ^ input external delay
     1    0.004491    0.104330    0.039517   40.039516 ^ rst_n (in)
                                                         rst_n (net)
                      0.104330    0.000000   40.039516 ^ input4/I (gf180mcu_fd_sc_mcu7t5v0__buf_1)
     1    0.005625    0.127592    0.182929   40.222446 ^ input4/Z (gf180mcu_fd_sc_mcu7t5v0__buf_1)
                                                         net4 (net)
                      0.127592    0.000124   40.222572 ^ fanout49/I (gf180mcu_fd_sc_mcu7t5v0__dlyb_1)
     1    0.005658    0.148276    0.740119   40.962692 ^ fanout49/Z (gf180mcu_fd_sc_mcu7t5v0__dlyb_1)
                                                         net49 (net)
                      0.148276    0.000121   40.962811 ^ wire51/I (gf180mcu_fd_sc_mcu7t5v0__buf_1)
     4    0.025445    0.400946    0.356920   41.319733 ^ wire51/Z (gf180mcu_fd_sc_mcu7t5v0__buf_1)
                                                         net51 (net)
                      0.400948    0.000419   41.320148 ^ fanout37/I (gf180mcu_fd_sc_mcu7t5v0__dlyb_1)
     3    0.018468    0.315537    0.873722   42.193874 ^ fanout37/Z (gf180mcu_fd_sc_mcu7t5v0__dlyb_1)
                                                         net37 (net)
                      0.315537    0.000369   42.194241 ^ load_slew40/I (gf180mcu_fd_sc_mcu7t5v0__clkbuf_2)
     3    0.024921    0.210725    0.311374   42.505615 ^ load_slew40/Z (gf180mcu_fd_sc_mcu7t5v0__clkbuf_2)
                                                         net40 (net)
                      0.210726    0.000576   42.506191 ^ _241_/RN (gf180mcu_fd_sc_mcu7t5v0__dffrnq_1)
                                             42.506191   data arrival time

                                  0.000000    0.000000   clock clk (rise edge)
                                  0.000000    0.000000   clock source latency
     1    0.036057    0.156044    0.079831    0.079831 ^ clk (in)
                                                         clk (net)
                      0.156052    0.000000    0.079831 ^ clkbuf_0_clk/I (gf180mcu_fd_sc_mcu7t5v0__clkbuf_16)
     8    0.192072    0.206389    0.291489    0.371320 ^ clkbuf_0_clk/Z (gf180mcu_fd_sc_mcu7t5v0__clkbuf_16)
                                                         clknet_0_clk (net)
                      0.206393    0.001416    0.372735 ^ clkbuf_3_0__f_clk/I (gf180mcu_fd_sc_mcu7t5v0__clkbuf_16)
     6    0.027601    0.076961    0.210094    0.582829 ^ clkbuf_3_0__f_clk/Z (gf180mcu_fd_sc_mcu7t5v0__clkbuf_16)
                                                         clknet_3_0__leaf_clk (net)
                      0.076961    0.000262    0.583091 ^ _241_/CLK (gf180mcu_fd_sc_mcu7t5v0__dffrnq_1)
                                  0.250000    0.833091   clock uncertainty
                                  0.000000    0.833091   clock reconvergence pessimism
                                  0.306310    1.139401   library removal time
                                              1.139401   data required time
---------------------------------------------------------------------------------------------
                                              1.139401   data required time
                                            -42.506191   data arrival time
---------------------------------------------------------------------------------------------
                                             41.366791   slack (MET)


Startpoint: rst_n (input port clocked by clk)
Endpoint: _244_ (removal check against rising-edge clock clk)
Path Group: asynchronous
Path Type: min

Fanout         Cap        Slew       Delay        Time   Description
---------------------------------------------------------------------------------------------
                                  0.000000    0.000000   clock clk (rise edge)
                                  0.000000    0.000000   clock network delay (propagated)
                                 40.000000   40.000000 ^ input external delay
     1    0.004491    0.104330    0.039517   40.039516 ^ rst_n (in)
                                                         rst_n (net)
                      0.104330    0.000000   40.039516 ^ input4/I (gf180mcu_fd_sc_mcu7t5v0__buf_1)
     1    0.005625    0.127592    0.182929   40.222446 ^ input4/Z (gf180mcu_fd_sc_mcu7t5v0__buf_1)
                                                         net4 (net)
                      0.127592    0.000124   40.222572 ^ fanout49/I (gf180mcu_fd_sc_mcu7t5v0__dlyb_1)
     1    0.005658    0.148276    0.740119   40.962692 ^ fanout49/Z (gf180mcu_fd_sc_mcu7t5v0__dlyb_1)
                                                         net49 (net)
                      0.148276    0.000121   40.962811 ^ wire51/I (gf180mcu_fd_sc_mcu7t5v0__buf_1)
     4    0.025445    0.400946    0.356920   41.319733 ^ wire51/Z (gf180mcu_fd_sc_mcu7t5v0__buf_1)
                                                         net51 (net)
                      0.400946    0.000391   41.320122 ^ fanout41/I (gf180mcu_fd_sc_mcu7t5v0__dlyb_1)
     4    0.027617    0.437674    0.950280   42.270401 ^ fanout41/Z (gf180mcu_fd_sc_mcu7t5v0__dlyb_1)
                                                         net41 (net)
                      0.437674    0.000256   42.270657 ^ load_slew44/I (gf180mcu_fd_sc_mcu7t5v0__buf_2)
     3    0.021177    0.184269    0.254868   42.525524 ^ load_slew44/Z (gf180mcu_fd_sc_mcu7t5v0__buf_2)
                                                         net44 (net)
                      0.184269    0.000362   42.525887 ^ _244_/RN (gf180mcu_fd_sc_mcu7t5v0__dffrnq_1)
                                             42.525887   data arrival time

                                  0.000000    0.000000   clock clk (rise edge)
                                  0.000000    0.000000   clock source latency
     1    0.036057    0.156044    0.079831    0.079831 ^ clk (in)
                                                         clk (net)
                      0.156052    0.000000    0.079831 ^ clkbuf_0_clk/I (gf180mcu_fd_sc_mcu7t5v0__clkbuf_16)
     8    0.192072    0.206389    0.291489    0.371320 ^ clkbuf_0_clk/Z (gf180mcu_fd_sc_mcu7t5v0__clkbuf_16)
                                                         clknet_0_clk (net)
                      0.206409    0.003026    0.374346 ^ clkbuf_3_7__f_clk/I (gf180mcu_fd_sc_mcu7t5v0__clkbuf_16)
     6    0.027396    0.076802    0.209929    0.584275 ^ clkbuf_3_7__f_clk/Z (gf180mcu_fd_sc_mcu7t5v0__clkbuf_16)
                                                         clknet_3_7__leaf_clk (net)
                      0.076802    0.000227    0.584501 ^ _244_/CLK (gf180mcu_fd_sc_mcu7t5v0__dffrnq_1)
                                  0.250000    0.834501   clock uncertainty
                                  0.000000    0.834501   clock reconvergence pessimism
                                  0.303353    1.137854   library removal time
                                              1.137854   data required time
---------------------------------------------------------------------------------------------
                                              1.137854   data required time
                                            -42.525887   data arrival time
---------------------------------------------------------------------------------------------
                                             41.388035   slack (MET)


Startpoint: rst_n (input port clocked by clk)
Endpoint: _245_ (removal check against rising-edge clock clk)
Path Group: asynchronous
Path Type: min

Fanout         Cap        Slew       Delay        Time   Description
---------------------------------------------------------------------------------------------
                                  0.000000    0.000000   clock clk (rise edge)
                                  0.000000    0.000000   clock network delay (propagated)
                                 40.000000   40.000000 ^ input external delay
     1    0.004491    0.104330    0.039517   40.039516 ^ rst_n (in)
                                                         rst_n (net)
                      0.104330    0.000000   40.039516 ^ input4/I (gf180mcu_fd_sc_mcu7t5v0__buf_1)
     1    0.005625    0.127592    0.182929   40.222446 ^ input4/Z (gf180mcu_fd_sc_mcu7t5v0__buf_1)
                                                         net4 (net)
                      0.127592    0.000124   40.222572 ^ fanout49/I (gf180mcu_fd_sc_mcu7t5v0__dlyb_1)
     1    0.005658    0.148276    0.740119   40.962692 ^ fanout49/Z (gf180mcu_fd_sc_mcu7t5v0__dlyb_1)
                                                         net49 (net)
                      0.148276    0.000121   40.962811 ^ wire51/I (gf180mcu_fd_sc_mcu7t5v0__buf_1)
     4    0.025445    0.400946    0.356920   41.319733 ^ wire51/Z (gf180mcu_fd_sc_mcu7t5v0__buf_1)
                                                         net51 (net)
                      0.400946    0.000391   41.320122 ^ fanout41/I (gf180mcu_fd_sc_mcu7t5v0__dlyb_1)
     4    0.027617    0.437674    0.950280   42.270401 ^ fanout41/Z (gf180mcu_fd_sc_mcu7t5v0__dlyb_1)
                                                         net41 (net)
                      0.437674    0.000256   42.270657 ^ load_slew44/I (gf180mcu_fd_sc_mcu7t5v0__buf_2)
     3    0.021177    0.184269    0.254868   42.525524 ^ load_slew44/Z (gf180mcu_fd_sc_mcu7t5v0__buf_2)
                                                         net44 (net)
                      0.184269    0.000391   42.525917 ^ _245_/RN (gf180mcu_fd_sc_mcu7t5v0__dffrnq_1)
                                             42.525917   data arrival time

                                  0.000000    0.000000   clock clk (rise edge)
                                  0.000000    0.000000   clock source latency
     1    0.036057    0.156044    0.079831    0.079831 ^ clk (in)
                                                         clk (net)
                      0.156052    0.000000    0.079831 ^ clkbuf_0_clk/I (gf180mcu_fd_sc_mcu7t5v0__clkbuf_16)
     8    0.192072    0.206389    0.291489    0.371320 ^ clkbuf_0_clk/Z (gf180mcu_fd_sc_mcu7t5v0__clkbuf_16)
                                                         clknet_0_clk (net)
                      0.206409    0.003026    0.374346 ^ clkbuf_3_7__f_clk/I (gf180mcu_fd_sc_mcu7t5v0__clkbuf_16)
     6    0.027396    0.076802    0.209929    0.584275 ^ clkbuf_3_7__f_clk/Z (gf180mcu_fd_sc_mcu7t5v0__clkbuf_16)
                                                         clknet_3_7__leaf_clk (net)
                      0.076802    0.000161    0.584436 ^ _245_/CLK (gf180mcu_fd_sc_mcu7t5v0__dffrnq_1)
                                  0.250000    0.834436   clock uncertainty
                                  0.000000    0.834436   clock reconvergence pessimism
                                  0.303353    1.137789   library removal time
                                              1.137789   data required time
---------------------------------------------------------------------------------------------
                                              1.137789   data required time
                                            -42.525917   data arrival time
---------------------------------------------------------------------------------------------
                                             41.388126   slack (MET)


Startpoint: rst_n (input port clocked by clk)
Endpoint: _238_ (removal check against rising-edge clock clk)
Path Group: asynchronous
Path Type: min

Fanout         Cap        Slew       Delay        Time   Description
---------------------------------------------------------------------------------------------
                                  0.000000    0.000000   clock clk (rise edge)
                                  0.000000    0.000000   clock network delay (propagated)
                                 40.000000   40.000000 ^ input external delay
     1    0.004491    0.104330    0.039517   40.039516 ^ rst_n (in)
                                                         rst_n (net)
                      0.104330    0.000000   40.039516 ^ input4/I (gf180mcu_fd_sc_mcu7t5v0__buf_1)
     1    0.005625    0.127592    0.182929   40.222446 ^ input4/Z (gf180mcu_fd_sc_mcu7t5v0__buf_1)
                                                         net4 (net)
                      0.127592    0.000124   40.222572 ^ fanout49/I (gf180mcu_fd_sc_mcu7t5v0__dlyb_1)
     1    0.005658    0.148276    0.740119   40.962692 ^ fanout49/Z (gf180mcu_fd_sc_mcu7t5v0__dlyb_1)
                                                         net49 (net)
                      0.148276    0.000121   40.962811 ^ wire51/I (gf180mcu_fd_sc_mcu7t5v0__buf_1)
     4    0.025445    0.400946    0.356920   41.319733 ^ wire51/Z (gf180mcu_fd_sc_mcu7t5v0__buf_1)
                                                         net51 (net)
                      0.400946    0.000391   41.320122 ^ fanout41/I (gf180mcu_fd_sc_mcu7t5v0__dlyb_1)
     4    0.027617    0.437674    0.950280   42.270401 ^ fanout41/Z (gf180mcu_fd_sc_mcu7t5v0__dlyb_1)
                                                         net41 (net)
                      0.437674    0.000252   42.270653 ^ load_slew43/I (gf180mcu_fd_sc_mcu7t5v0__buf_2)
     3    0.026819    0.221991    0.278000   42.548653 ^ load_slew43/Z (gf180mcu_fd_sc_mcu7t5v0__buf_2)
                                                         net43 (net)
                      0.221992    0.000810   42.549465 ^ _238_/RN (gf180mcu_fd_sc_mcu7t5v0__dffrnq_1)
                                             42.549465   data arrival time

                                  0.000000    0.000000   clock clk (rise edge)
                                  0.000000    0.000000   clock source latency
     1    0.036057    0.156044    0.079831    0.079831 ^ clk (in)
                                                         clk (net)
                      0.156052    0.000000    0.079831 ^ clkbuf_0_clk/I (gf180mcu_fd_sc_mcu7t5v0__clkbuf_16)
     8    0.192072    0.206389    0.291489    0.371320 ^ clkbuf_0_clk/Z (gf180mcu_fd_sc_mcu7t5v0__clkbuf_16)
                                                         clknet_0_clk (net)
                      0.206390    0.000904    0.372223 ^ clkbuf_3_1__f_clk/I (gf180mcu_fd_sc_mcu7t5v0__clkbuf_16)
     6    0.031412    0.079918    0.212576    0.584799 ^ clkbuf_3_1__f_clk/Z (gf180mcu_fd_sc_mcu7t5v0__clkbuf_16)
                                                         clknet_3_1__leaf_clk (net)
                      0.079920    0.000685    0.585485 ^ _238_/CLK (gf180mcu_fd_sc_mcu7t5v0__dffrnq_1)
                                  0.250000    0.835485   clock uncertainty
                                  0.000000    0.835485   clock reconvergence pessimism
                                  0.308134    1.143619   library removal time
                                              1.143619   data required time
---------------------------------------------------------------------------------------------
                                              1.143619   data required time
                                            -42.549465   data arrival time
---------------------------------------------------------------------------------------------
                                             41.405846   slack (MET)


Startpoint: rst_n (input port clocked by clk)
Endpoint: _248_ (removal check against rising-edge clock clk)
Path Group: asynchronous
Path Type: min

Fanout         Cap        Slew       Delay        Time   Description
---------------------------------------------------------------------------------------------
                                  0.000000    0.000000   clock clk (rise edge)
                                  0.000000    0.000000   clock network delay (propagated)
                                 40.000000   40.000000 ^ input external delay
     1    0.004491    0.104330    0.039517   40.039516 ^ rst_n (in)
                                                         rst_n (net)
                      0.104330    0.000000   40.039516 ^ input4/I (gf180mcu_fd_sc_mcu7t5v0__buf_1)
     1    0.005625    0.127592    0.182929   40.222446 ^ input4/Z (gf180mcu_fd_sc_mcu7t5v0__buf_1)
                                                         net4 (net)
                      0.127592    0.000124   40.222572 ^ fanout49/I (gf180mcu_fd_sc_mcu7t5v0__dlyb_1)
     1    0.005658    0.148276    0.740119   40.962692 ^ fanout49/Z (gf180mcu_fd_sc_mcu7t5v0__dlyb_1)
                                                         net49 (net)
                      0.148276    0.000121   40.962811 ^ wire51/I (gf180mcu_fd_sc_mcu7t5v0__buf_1)
     4    0.025445    0.400946    0.356920   41.319733 ^ wire51/Z (gf180mcu_fd_sc_mcu7t5v0__buf_1)
                                                         net51 (net)
                      0.400946    0.000391   41.320122 ^ fanout41/I (gf180mcu_fd_sc_mcu7t5v0__dlyb_1)
     4    0.027617    0.437674    0.950280   42.270401 ^ fanout41/Z (gf180mcu_fd_sc_mcu7t5v0__dlyb_1)
                                                         net41 (net)
                      0.437674    0.000252   42.270653 ^ load_slew43/I (gf180mcu_fd_sc_mcu7t5v0__buf_2)
     3    0.026819    0.221991    0.278000   42.548653 ^ load_slew43/Z (gf180mcu_fd_sc_mcu7t5v0__buf_2)
                                                         net43 (net)
                      0.221992    0.000661   42.549316 ^ _248_/RN (gf180mcu_fd_sc_mcu7t5v0__dffrnq_1)
                                             42.549316   data arrival time

                                  0.000000    0.000000   clock clk (rise edge)
                                  0.000000    0.000000   clock source latency
     1    0.036057    0.156044    0.079831    0.079831 ^ clk (in)
                                                         clk (net)
                      0.156052    0.000000    0.079831 ^ clkbuf_0_clk/I (gf180mcu_fd_sc_mcu7t5v0__clkbuf_16)
     8    0.192072    0.206389    0.291489    0.371320 ^ clkbuf_0_clk/Z (gf180mcu_fd_sc_mcu7t5v0__clkbuf_16)
                                                         clknet_0_clk (net)
                      0.206409    0.003026    0.374346 ^ clkbuf_3_7__f_clk/I (gf180mcu_fd_sc_mcu7t5v0__clkbuf_16)
     6    0.027396    0.076802    0.209929    0.584275 ^ clkbuf_3_7__f_clk/Z (gf180mcu_fd_sc_mcu7t5v0__clkbuf_16)
                                                         clknet_3_7__leaf_clk (net)
                      0.076802    0.000372    0.584647 ^ _248_/CLK (gf180mcu_fd_sc_mcu7t5v0__dffrnq_1)
                                  0.250000    0.834647   clock uncertainty
                                  0.000000    0.834647   clock reconvergence pessimism
                                  0.307525    1.142172   library removal time
                                              1.142172   data required time
---------------------------------------------------------------------------------------------
                                              1.142172   data required time
                                            -42.549316   data arrival time
---------------------------------------------------------------------------------------------
                                             41.407143   slack (MET)


Startpoint: rst_n (input port clocked by clk)
Endpoint: _237_ (removal check against rising-edge clock clk)
Path Group: asynchronous
Path Type: min

Fanout         Cap        Slew       Delay        Time   Description
---------------------------------------------------------------------------------------------
                                  0.000000    0.000000   clock clk (rise edge)
                                  0.000000    0.000000   clock network delay (propagated)
                                 40.000000   40.000000 ^ input external delay
     1    0.004491    0.104330    0.039517   40.039516 ^ rst_n (in)
                                                         rst_n (net)
                      0.104330    0.000000   40.039516 ^ input4/I (gf180mcu_fd_sc_mcu7t5v0__buf_1)
     1    0.005625    0.127592    0.182929   40.222446 ^ input4/Z (gf180mcu_fd_sc_mcu7t5v0__buf_1)
                                                         net4 (net)
                      0.127592    0.000124   40.222572 ^ fanout49/I (gf180mcu_fd_sc_mcu7t5v0__dlyb_1)
     1    0.005658    0.148276    0.740119   40.962692 ^ fanout49/Z (gf180mcu_fd_sc_mcu7t5v0__dlyb_1)
                                                         net49 (net)
                      0.148276    0.000121   40.962811 ^ wire51/I (gf180mcu_fd_sc_mcu7t5v0__buf_1)
     4    0.025445    0.400946    0.356920   41.319733 ^ wire51/Z (gf180mcu_fd_sc_mcu7t5v0__buf_1)
                                                         net51 (net)
                      0.400946    0.000391   41.320122 ^ fanout41/I (gf180mcu_fd_sc_mcu7t5v0__dlyb_1)
     4    0.027617    0.437674    0.950280   42.270401 ^ fanout41/Z (gf180mcu_fd_sc_mcu7t5v0__dlyb_1)
                                                         net41 (net)
                      0.437674    0.000252   42.270653 ^ load_slew43/I (gf180mcu_fd_sc_mcu7t5v0__buf_2)
     3    0.026819    0.221991    0.278000   42.548653 ^ load_slew43/Z (gf180mcu_fd_sc_mcu7t5v0__buf_2)
                                                         net43 (net)
                      0.221992    0.000789   42.549442 ^ _237_/RN (gf180mcu_fd_sc_mcu7t5v0__dffrnq_1)
                                             42.549442   data arrival time

                                  0.000000    0.000000   clock clk (rise edge)
                                  0.000000    0.000000   clock source latency
     1    0.036057    0.156044    0.079831    0.079831 ^ clk (in)
                                                         clk (net)
                      0.156052    0.000000    0.079831 ^ clkbuf_0_clk/I (gf180mcu_fd_sc_mcu7t5v0__clkbuf_16)
     8    0.192072    0.206389    0.291489    0.371320 ^ clkbuf_0_clk/Z (gf180mcu_fd_sc_mcu7t5v0__clkbuf_16)
                                                         clknet_0_clk (net)
                      0.206409    0.003026    0.374346 ^ clkbuf_3_7__f_clk/I (gf180mcu_fd_sc_mcu7t5v0__clkbuf_16)
     6    0.027396    0.076802    0.209929    0.584275 ^ clkbuf_3_7__f_clk/Z (gf180mcu_fd_sc_mcu7t5v0__clkbuf_16)
                                                         clknet_3_7__leaf_clk (net)
                      0.076802    0.000378    0.584653 ^ _237_/CLK (gf180mcu_fd_sc_mcu7t5v0__dffrnq_1)
                                  0.250000    0.834653   clock uncertainty
                                  0.000000    0.834653   clock reconvergence pessimism
                                  0.307525    1.142178   library removal time
                                              1.142178   data required time
---------------------------------------------------------------------------------------------
                                              1.142178   data required time
                                            -42.549442   data arrival time
---------------------------------------------------------------------------------------------
                                             41.407261   slack (MET)


Startpoint: rst_n (input port clocked by clk)
Endpoint: _253_ (removal check against rising-edge clock clk)
Path Group: asynchronous
Path Type: min

Fanout         Cap        Slew       Delay        Time   Description
---------------------------------------------------------------------------------------------
                                  0.000000    0.000000   clock clk (rise edge)
                                  0.000000    0.000000   clock network delay (propagated)
                                 40.000000   40.000000 ^ input external delay
     1    0.004491    0.104330    0.039517   40.039516 ^ rst_n (in)
                                                         rst_n (net)
                      0.104330    0.000000   40.039516 ^ input4/I (gf180mcu_fd_sc_mcu7t5v0__buf_1)
     1    0.005625    0.127592    0.182929   40.222446 ^ input4/Z (gf180mcu_fd_sc_mcu7t5v0__buf_1)
                                                         net4 (net)
                      0.127592    0.000124   40.222572 ^ fanout49/I (gf180mcu_fd_sc_mcu7t5v0__dlyb_1)
     1    0.005658    0.148276    0.740119   40.962692 ^ fanout49/Z (gf180mcu_fd_sc_mcu7t5v0__dlyb_1)
                                                         net49 (net)
                      0.148276    0.000121   40.962811 ^ wire51/I (gf180mcu_fd_sc_mcu7t5v0__buf_1)
     4    0.025445    0.400946    0.356920   41.319733 ^ wire51/Z (gf180mcu_fd_sc_mcu7t5v0__buf_1)
                                                         net51 (net)
                      0.400946    0.000277   41.320007 ^ fanout45/I (gf180mcu_fd_sc_mcu7t5v0__dlyb_1)
     3    0.021403    0.354692    0.898336   42.218346 ^ fanout45/Z (gf180mcu_fd_sc_mcu7t5v0__dlyb_1)
                                                         net45 (net)
                      0.354692    0.000124   42.218468 ^ load_slew48/I (gf180mcu_fd_sc_mcu7t5v0__clkbuf_1)
     3    0.021209    0.336967    0.347761   42.566231 ^ load_slew48/Z (gf180mcu_fd_sc_mcu7t5v0__clkbuf_1)
                                                         net48 (net)
                      0.336968    0.000341   42.566570 ^ _253_/RN (gf180mcu_fd_sc_mcu7t5v0__dffrnq_1)
                                             42.566570   data arrival time

                                  0.000000    0.000000   clock clk (rise edge)
                                  0.000000    0.000000   clock source latency
     1    0.036057    0.156044    0.079831    0.079831 ^ clk (in)
                                                         clk (net)
                      0.156052    0.000000    0.079831 ^ clkbuf_0_clk/I (gf180mcu_fd_sc_mcu7t5v0__clkbuf_16)
     8    0.192072    0.206389    0.291489    0.371320 ^ clkbuf_0_clk/Z (gf180mcu_fd_sc_mcu7t5v0__clkbuf_16)
                                                         clknet_0_clk (net)
                      0.206398    0.002042    0.373361 ^ clkbuf_3_5__f_clk/I (gf180mcu_fd_sc_mcu7t5v0__clkbuf_16)
     6    0.026659    0.076228    0.209405    0.582766 ^ clkbuf_3_5__f_clk/Z (gf180mcu_fd_sc_mcu7t5v0__clkbuf_16)
                                                         clknet_3_5__leaf_clk (net)
                      0.076229    0.000498    0.583264 ^ _253_/CLK (gf180mcu_fd_sc_mcu7t5v0__dffrnq_1)
                                  0.250000    0.833264   clock uncertainty
                                  0.000000    0.833264   clock reconvergence pessimism
                                  0.320125    1.153389   library removal time
                                              1.153389   data required time
---------------------------------------------------------------------------------------------
                                              1.153389   data required time
                                            -42.566570   data arrival time
---------------------------------------------------------------------------------------------
                                             41.413181   slack (MET)


Startpoint: rst_n (input port clocked by clk)
Endpoint: _254_ (removal check against rising-edge clock clk)
Path Group: asynchronous
Path Type: min

Fanout         Cap        Slew       Delay        Time   Description
---------------------------------------------------------------------------------------------
                                  0.000000    0.000000   clock clk (rise edge)
                                  0.000000    0.000000   clock network delay (propagated)
                                 40.000000   40.000000 ^ input external delay
     1    0.004491    0.104330    0.039517   40.039516 ^ rst_n (in)
                                                         rst_n (net)
                      0.104330    0.000000   40.039516 ^ input4/I (gf180mcu_fd_sc_mcu7t5v0__buf_1)
     1    0.005625    0.127592    0.182929   40.222446 ^ input4/Z (gf180mcu_fd_sc_mcu7t5v0__buf_1)
                                                         net4 (net)
                      0.127592    0.000124   40.222572 ^ fanout49/I (gf180mcu_fd_sc_mcu7t5v0__dlyb_1)
     1    0.005658    0.148276    0.740119   40.962692 ^ fanout49/Z (gf180mcu_fd_sc_mcu7t5v0__dlyb_1)
                                                         net49 (net)
                      0.148276    0.000121   40.962811 ^ wire51/I (gf180mcu_fd_sc_mcu7t5v0__buf_1)
     4    0.025445    0.400946    0.356920   41.319733 ^ wire51/Z (gf180mcu_fd_sc_mcu7t5v0__buf_1)
                                                         net51 (net)
                      0.400946    0.000277   41.320007 ^ fanout45/I (gf180mcu_fd_sc_mcu7t5v0__dlyb_1)
     3    0.021403    0.354692    0.898336   42.218346 ^ fanout45/Z (gf180mcu_fd_sc_mcu7t5v0__dlyb_1)
                                                         net45 (net)
                      0.354692    0.000124   42.218468 ^ load_slew48/I (gf180mcu_fd_sc_mcu7t5v0__clkbuf_1)
     3    0.021209    0.336967    0.347761   42.566231 ^ load_slew48/Z (gf180mcu_fd_sc_mcu7t5v0__clkbuf_1)
                                                         net48 (net)
                      0.336968    0.000348   42.566578 ^ _254_/RN (gf180mcu_fd_sc_mcu7t5v0__dffrnq_1)
                                             42.566578   data arrival time

                                  0.000000    0.000000   clock clk (rise edge)
                                  0.000000    0.000000   clock source latency
     1    0.036057    0.156044    0.079831    0.079831 ^ clk (in)
                                                         clk (net)
                      0.156052    0.000000    0.079831 ^ clkbuf_0_clk/I (gf180mcu_fd_sc_mcu7t5v0__clkbuf_16)
     8    0.192072    0.206389    0.291489    0.371320 ^ clkbuf_0_clk/Z (gf180mcu_fd_sc_mcu7t5v0__clkbuf_16)
                                                         clknet_0_clk (net)
                      0.206398    0.002042    0.373361 ^ clkbuf_3_5__f_clk/I (gf180mcu_fd_sc_mcu7t5v0__clkbuf_16)
     6    0.026659    0.076228    0.209405    0.582766 ^ clkbuf_3_5__f_clk/Z (gf180mcu_fd_sc_mcu7t5v0__clkbuf_16)
                                                         clknet_3_5__leaf_clk (net)
                      0.076229    0.000483    0.583249 ^ _254_/CLK (gf180mcu_fd_sc_mcu7t5v0__dffrnq_1)
                                  0.250000    0.833249   clock uncertainty
                                  0.000000    0.833249   clock reconvergence pessimism
                                  0.320125    1.153374   library removal time
                                              1.153374   data required time
---------------------------------------------------------------------------------------------
                                              1.153374   data required time
                                            -42.566578   data arrival time
---------------------------------------------------------------------------------------------
                                             41.413204   slack (MET)


Startpoint: rst_n (input port clocked by clk)
Endpoint: _242_ (removal check against rising-edge clock clk)
Path Group: asynchronous
Path Type: min

Fanout         Cap        Slew       Delay        Time   Description
---------------------------------------------------------------------------------------------
                                  0.000000    0.000000   clock clk (rise edge)
                                  0.000000    0.000000   clock network delay (propagated)
                                 40.000000   40.000000 ^ input external delay
     1    0.004491    0.104330    0.039517   40.039516 ^ rst_n (in)
                                                         rst_n (net)
                      0.104330    0.000000   40.039516 ^ input4/I (gf180mcu_fd_sc_mcu7t5v0__buf_1)
     1    0.005625    0.127592    0.182929   40.222446 ^ input4/Z (gf180mcu_fd_sc_mcu7t5v0__buf_1)
                                                         net4 (net)
                      0.127592    0.000124   40.222572 ^ fanout49/I (gf180mcu_fd_sc_mcu7t5v0__dlyb_1)
     1    0.005658    0.148276    0.740119   40.962692 ^ fanout49/Z (gf180mcu_fd_sc_mcu7t5v0__dlyb_1)
                                                         net49 (net)
                      0.148276    0.000121   40.962811 ^ wire51/I (gf180mcu_fd_sc_mcu7t5v0__buf_1)
     4    0.025445    0.400946    0.356920   41.319733 ^ wire51/Z (gf180mcu_fd_sc_mcu7t5v0__buf_1)
                                                         net51 (net)
                      0.400948    0.000419   41.320148 ^ fanout37/I (gf180mcu_fd_sc_mcu7t5v0__dlyb_1)
     3    0.018468    0.315537    0.873722   42.193874 ^ fanout37/Z (gf180mcu_fd_sc_mcu7t5v0__dlyb_1)
                                                         net37 (net)
                      0.315537    0.000369   42.194241 ^ load_slew40/I (gf180mcu_fd_sc_mcu7t5v0__clkbuf_2)
     3    0.024921    0.210725    0.311374   42.505615 ^ load_slew40/Z (gf180mcu_fd_sc_mcu7t5v0__clkbuf_2)
                                                         net40 (net)
                      0.210726    0.000451   42.506069 ^ load_slew38/I (gf180mcu_fd_sc_mcu7t5v0__clkbuf_2)
     3    0.025574    0.213805    0.295639   42.801708 ^ load_slew38/Z (gf180mcu_fd_sc_mcu7t5v0__clkbuf_2)
                                                         net38 (net)
                      0.213806    0.000430   42.802135 ^ _242_/RN (gf180mcu_fd_sc_mcu7t5v0__dffrnq_1)
                                             42.802135   data arrival time

                                  0.000000    0.000000   clock clk (rise edge)
                                  0.000000    0.000000   clock source latency
     1    0.036057    0.156044    0.079831    0.079831 ^ clk (in)
                                                         clk (net)
                      0.156052    0.000000    0.079831 ^ clkbuf_0_clk/I (gf180mcu_fd_sc_mcu7t5v0__clkbuf_16)
     8    0.192072    0.206389    0.291489    0.371320 ^ clkbuf_0_clk/Z (gf180mcu_fd_sc_mcu7t5v0__clkbuf_16)
                                                         clknet_0_clk (net)
                      0.206393    0.001416    0.372735 ^ clkbuf_3_0__f_clk/I (gf180mcu_fd_sc_mcu7t5v0__clkbuf_16)
     6    0.027601    0.076961    0.210094    0.582829 ^ clkbuf_3_0__f_clk/Z (gf180mcu_fd_sc_mcu7t5v0__clkbuf_16)
                                                         clknet_3_0__leaf_clk (net)
                      0.076961    0.000307    0.583136 ^ _242_/CLK (gf180mcu_fd_sc_mcu7t5v0__dffrnq_1)
                                  0.250000    0.833136   clock uncertainty
                                  0.000000    0.833136   clock reconvergence pessimism
                                  0.306651    1.139787   library removal time
                                              1.139787   data required time
---------------------------------------------------------------------------------------------
                                              1.139787   data required time
                                            -42.802135   data arrival time
---------------------------------------------------------------------------------------------
                                             41.662346   slack (MET)


Startpoint: rst_n (input port clocked by clk)
Endpoint: _240_ (removal check against rising-edge clock clk)
Path Group: asynchronous
Path Type: min

Fanout         Cap        Slew       Delay        Time   Description
---------------------------------------------------------------------------------------------
                                  0.000000    0.000000   clock clk (rise edge)
                                  0.000000    0.000000   clock network delay (propagated)
                                 40.000000   40.000000 ^ input external delay
     1    0.004491    0.104330    0.039517   40.039516 ^ rst_n (in)
                                                         rst_n (net)
                      0.104330    0.000000   40.039516 ^ input4/I (gf180mcu_fd_sc_mcu7t5v0__buf_1)
     1    0.005625    0.127592    0.182929   40.222446 ^ input4/Z (gf180mcu_fd_sc_mcu7t5v0__buf_1)
                                                         net4 (net)
                      0.127592    0.000124   40.222572 ^ fanout49/I (gf180mcu_fd_sc_mcu7t5v0__dlyb_1)
     1    0.005658    0.148276    0.740119   40.962692 ^ fanout49/Z (gf180mcu_fd_sc_mcu7t5v0__dlyb_1)
                                                         net49 (net)
                      0.148276    0.000121   40.962811 ^ wire51/I (gf180mcu_fd_sc_mcu7t5v0__buf_1)
     4    0.025445    0.400946    0.356920   41.319733 ^ wire51/Z (gf180mcu_fd_sc_mcu7t5v0__buf_1)
                                                         net51 (net)
                      0.400948    0.000419   41.320148 ^ fanout37/I (gf180mcu_fd_sc_mcu7t5v0__dlyb_1)
     3    0.018468    0.315537    0.873722   42.193874 ^ fanout37/Z (gf180mcu_fd_sc_mcu7t5v0__dlyb_1)
                                                         net37 (net)
                      0.315537    0.000369   42.194241 ^ load_slew40/I (gf180mcu_fd_sc_mcu7t5v0__clkbuf_2)
     3    0.024921    0.210725    0.311374   42.505615 ^ load_slew40/Z (gf180mcu_fd_sc_mcu7t5v0__clkbuf_2)
                                                         net40 (net)
                      0.210726    0.000451   42.506069 ^ load_slew38/I (gf180mcu_fd_sc_mcu7t5v0__clkbuf_2)
     3    0.025574    0.213805    0.295639   42.801708 ^ load_slew38/Z (gf180mcu_fd_sc_mcu7t5v0__clkbuf_2)
                                                         net38 (net)
                      0.213806    0.000504   42.802212 ^ _240_/RN (gf180mcu_fd_sc_mcu7t5v0__dffrnq_1)
                                             42.802212   data arrival time

                                  0.000000    0.000000   clock clk (rise edge)
                                  0.000000    0.000000   clock source latency
     1    0.036057    0.156044    0.079831    0.079831 ^ clk (in)
                                                         clk (net)
                      0.156052    0.000000    0.079831 ^ clkbuf_0_clk/I (gf180mcu_fd_sc_mcu7t5v0__clkbuf_16)
     8    0.192072    0.206389    0.291489    0.371320 ^ clkbuf_0_clk/Z (gf180mcu_fd_sc_mcu7t5v0__clkbuf_16)
                                                         clknet_0_clk (net)
                      0.206393    0.001416    0.372735 ^ clkbuf_3_0__f_clk/I (gf180mcu_fd_sc_mcu7t5v0__clkbuf_16)
     6    0.027601    0.076961    0.210094    0.582829 ^ clkbuf_3_0__f_clk/Z (gf180mcu_fd_sc_mcu7t5v0__clkbuf_16)
                                                         clknet_3_0__leaf_clk (net)
                      0.076961    0.000236    0.583065 ^ _240_/CLK (gf180mcu_fd_sc_mcu7t5v0__dffrnq_1)
                                  0.250000    0.833065   clock uncertainty
                                  0.000000    0.833065   clock reconvergence pessimism
                                  0.306651    1.139716   library removal time
                                              1.139716   data required time
---------------------------------------------------------------------------------------------
                                              1.139716   data required time
                                            -42.802212   data arrival time
---------------------------------------------------------------------------------------------
                                             41.662498   slack (MET)


Startpoint: rst_n (input port clocked by clk)
Endpoint: _239_ (removal check against rising-edge clock clk)
Path Group: asynchronous
Path Type: min

Fanout         Cap        Slew       Delay        Time   Description
---------------------------------------------------------------------------------------------
                                  0.000000    0.000000   clock clk (rise edge)
                                  0.000000    0.000000   clock network delay (propagated)
                                 40.000000   40.000000 ^ input external delay
     1    0.004491    0.104330    0.039517   40.039516 ^ rst_n (in)
                                                         rst_n (net)
                      0.104330    0.000000   40.039516 ^ input4/I (gf180mcu_fd_sc_mcu7t5v0__buf_1)
     1    0.005625    0.127592    0.182929   40.222446 ^ input4/Z (gf180mcu_fd_sc_mcu7t5v0__buf_1)
                                                         net4 (net)
                      0.127592    0.000124   40.222572 ^ fanout49/I (gf180mcu_fd_sc_mcu7t5v0__dlyb_1)
     1    0.005658    0.148276    0.740119   40.962692 ^ fanout49/Z (gf180mcu_fd_sc_mcu7t5v0__dlyb_1)
                                                         net49 (net)
                      0.148276    0.000121   40.962811 ^ wire51/I (gf180mcu_fd_sc_mcu7t5v0__buf_1)
     4    0.025445    0.400946    0.356920   41.319733 ^ wire51/Z (gf180mcu_fd_sc_mcu7t5v0__buf_1)
                                                         net51 (net)
                      0.400948    0.000419   41.320148 ^ fanout37/I (gf180mcu_fd_sc_mcu7t5v0__dlyb_1)
     3    0.018468    0.315537    0.873722   42.193874 ^ fanout37/Z (gf180mcu_fd_sc_mcu7t5v0__dlyb_1)
                                                         net37 (net)
                      0.315537    0.000369   42.194241 ^ load_slew40/I (gf180mcu_fd_sc_mcu7t5v0__clkbuf_2)
     3    0.024921    0.210725    0.311374   42.505615 ^ load_slew40/Z (gf180mcu_fd_sc_mcu7t5v0__clkbuf_2)
                                                         net40 (net)
                      0.210726    0.000451   42.506069 ^ load_slew38/I (gf180mcu_fd_sc_mcu7t5v0__clkbuf_2)
     3    0.025574    0.213805    0.295639   42.801708 ^ load_slew38/Z (gf180mcu_fd_sc_mcu7t5v0__clkbuf_2)
                                                         net38 (net)
                      0.213806    0.000515   42.802223 ^ _239_/RN (gf180mcu_fd_sc_mcu7t5v0__dffrnq_1)
                                             42.802223   data arrival time

                                  0.000000    0.000000   clock clk (rise edge)
                                  0.000000    0.000000   clock source latency
     1    0.036057    0.156044    0.079831    0.079831 ^ clk (in)
                                                         clk (net)
                      0.156052    0.000000    0.079831 ^ clkbuf_0_clk/I (gf180mcu_fd_sc_mcu7t5v0__clkbuf_16)
     8    0.192072    0.206389    0.291489    0.371320 ^ clkbuf_0_clk/Z (gf180mcu_fd_sc_mcu7t5v0__clkbuf_16)
                                                         clknet_0_clk (net)
                      0.206393    0.001416    0.372735 ^ clkbuf_3_0__f_clk/I (gf180mcu_fd_sc_mcu7t5v0__clkbuf_16)
     6    0.027601    0.076961    0.210094    0.582829 ^ clkbuf_3_0__f_clk/Z (gf180mcu_fd_sc_mcu7t5v0__clkbuf_16)
                                                         clknet_3_0__leaf_clk (net)
                      0.076961    0.000076    0.582905 ^ _239_/CLK (gf180mcu_fd_sc_mcu7t5v0__dffrnq_1)
                                  0.250000    0.832905   clock uncertainty
                                  0.000000    0.832905   clock reconvergence pessimism
                                  0.306651    1.139556   library removal time
                                              1.139556   data required time
---------------------------------------------------------------------------------------------
                                              1.139556   data required time
                                            -42.802223   data arrival time
---------------------------------------------------------------------------------------------
                                             41.662666   slack (MET)


Startpoint: rst_n (input port clocked by clk)
Endpoint: _228_ (removal check against rising-edge clock clk)
Path Group: asynchronous
Path Type: min

Fanout         Cap        Slew       Delay        Time   Description
---------------------------------------------------------------------------------------------
                                  0.000000    0.000000   clock clk (rise edge)
                                  0.000000    0.000000   clock network delay (propagated)
                                 40.000000   40.000000 ^ input external delay
     1    0.004491    0.104330    0.039517   40.039516 ^ rst_n (in)
                                                         rst_n (net)
                      0.104330    0.000000   40.039516 ^ input4/I (gf180mcu_fd_sc_mcu7t5v0__buf_1)
     1    0.005625    0.127592    0.182929   40.222446 ^ input4/Z (gf180mcu_fd_sc_mcu7t5v0__buf_1)
                                                         net4 (net)
                      0.127592    0.000124   40.222572 ^ fanout49/I (gf180mcu_fd_sc_mcu7t5v0__dlyb_1)
     1    0.005658    0.148276    0.740119   40.962692 ^ fanout49/Z (gf180mcu_fd_sc_mcu7t5v0__dlyb_1)
                                                         net49 (net)
                      0.148276    0.000121   40.962811 ^ wire51/I (gf180mcu_fd_sc_mcu7t5v0__buf_1)
     4    0.025445    0.400946    0.356920   41.319733 ^ wire51/Z (gf180mcu_fd_sc_mcu7t5v0__buf_1)
                                                         net51 (net)
                      0.400946    0.000391   41.320122 ^ fanout41/I (gf180mcu_fd_sc_mcu7t5v0__dlyb_1)
     4    0.027617    0.437674    0.950280   42.270401 ^ fanout41/Z (gf180mcu_fd_sc_mcu7t5v0__dlyb_1)
                                                         net41 (net)
                      0.437674    0.000256   42.270657 ^ load_slew44/I (gf180mcu_fd_sc_mcu7t5v0__buf_2)
     3    0.021177    0.184269    0.254868   42.525524 ^ load_slew44/Z (gf180mcu_fd_sc_mcu7t5v0__buf_2)
                                                         net44 (net)
                      0.184269    0.000348   42.525875 ^ load_slew42/I (gf180mcu_fd_sc_mcu7t5v0__clkbuf_2)
     3    0.025398    0.212273    0.290271   42.816143 ^ load_slew42/Z (gf180mcu_fd_sc_mcu7t5v0__clkbuf_2)
                                                         net42 (net)
                      0.212273    0.000316   42.816460 ^ _228_/RN (gf180mcu_fd_sc_mcu7t5v0__dffrnq_1)
                                             42.816460   data arrival time

                                  0.000000    0.000000   clock clk (rise edge)
                                  0.000000    0.000000   clock source latency
     1    0.036057    0.156044    0.079831    0.079831 ^ clk (in)
                                                         clk (net)
                      0.156052    0.000000    0.079831 ^ clkbuf_0_clk/I (gf180mcu_fd_sc_mcu7t5v0__clkbuf_16)
     8    0.192072    0.206389    0.291489    0.371320 ^ clkbuf_0_clk/Z (gf180mcu_fd_sc_mcu7t5v0__clkbuf_16)
                                                         clknet_0_clk (net)
                      0.206413    0.003339    0.374659 ^ clkbuf_3_6__f_clk/I (gf180mcu_fd_sc_mcu7t5v0__clkbuf_16)
     6    0.026024    0.075736    0.209034    0.583692 ^ clkbuf_3_6__f_clk/Z (gf180mcu_fd_sc_mcu7t5v0__clkbuf_16)
                                                         clknet_3_6__leaf_clk (net)
                      0.075736    0.000135    0.583828 ^ _228_/CLK (gf180mcu_fd_sc_mcu7t5v0__dffrnq_1)
                                  0.250000    0.833828   clock uncertainty
                                  0.000000    0.833828   clock reconvergence pessimism
                                  0.306243    1.140071   library removal time
                                              1.140071   data required time
---------------------------------------------------------------------------------------------
                                              1.140071   data required time
                                            -42.816460   data arrival time
---------------------------------------------------------------------------------------------
                                             41.676392   slack (MET)


Startpoint: rst_n (input port clocked by clk)
Endpoint: _227_ (removal check against rising-edge clock clk)
Path Group: asynchronous
Path Type: min

Fanout         Cap        Slew       Delay        Time   Description
---------------------------------------------------------------------------------------------
                                  0.000000    0.000000   clock clk (rise edge)
                                  0.000000    0.000000   clock network delay (propagated)
                                 40.000000   40.000000 ^ input external delay
     1    0.004491    0.104330    0.039517   40.039516 ^ rst_n (in)
                                                         rst_n (net)
                      0.104330    0.000000   40.039516 ^ input4/I (gf180mcu_fd_sc_mcu7t5v0__buf_1)
     1    0.005625    0.127592    0.182929   40.222446 ^ input4/Z (gf180mcu_fd_sc_mcu7t5v0__buf_1)
                                                         net4 (net)
                      0.127592    0.000124   40.222572 ^ fanout49/I (gf180mcu_fd_sc_mcu7t5v0__dlyb_1)
     1    0.005658    0.148276    0.740119   40.962692 ^ fanout49/Z (gf180mcu_fd_sc_mcu7t5v0__dlyb_1)
                                                         net49 (net)
                      0.148276    0.000121   40.962811 ^ wire51/I (gf180mcu_fd_sc_mcu7t5v0__buf_1)
     4    0.025445    0.400946    0.356920   41.319733 ^ wire51/Z (gf180mcu_fd_sc_mcu7t5v0__buf_1)
                                                         net51 (net)
                      0.400946    0.000391   41.320122 ^ fanout41/I (gf180mcu_fd_sc_mcu7t5v0__dlyb_1)
     4    0.027617    0.437674    0.950280   42.270401 ^ fanout41/Z (gf180mcu_fd_sc_mcu7t5v0__dlyb_1)
                                                         net41 (net)
                      0.437674    0.000256   42.270657 ^ load_slew44/I (gf180mcu_fd_sc_mcu7t5v0__buf_2)
     3    0.021177    0.184269    0.254868   42.525524 ^ load_slew44/Z (gf180mcu_fd_sc_mcu7t5v0__buf_2)
                                                         net44 (net)
                      0.184269    0.000348   42.525875 ^ load_slew42/I (gf180mcu_fd_sc_mcu7t5v0__clkbuf_2)
     3    0.025398    0.212273    0.290271   42.816143 ^ load_slew42/Z (gf180mcu_fd_sc_mcu7t5v0__clkbuf_2)
                                                         net42 (net)
                      0.212274    0.000494   42.816639 ^ _227_/RN (gf180mcu_fd_sc_mcu7t5v0__dffrnq_1)
                                             42.816639   data arrival time

                                  0.000000    0.000000   clock clk (rise edge)
                                  0.000000    0.000000   clock source latency
     1    0.036057    0.156044    0.079831    0.079831 ^ clk (in)
                                                         clk (net)
                      0.156052    0.000000    0.079831 ^ clkbuf_0_clk/I (gf180mcu_fd_sc_mcu7t5v0__clkbuf_16)
     8    0.192072    0.206389    0.291489    0.371320 ^ clkbuf_0_clk/Z (gf180mcu_fd_sc_mcu7t5v0__clkbuf_16)
                                                         clknet_0_clk (net)
                      0.206413    0.003339    0.374659 ^ clkbuf_3_6__f_clk/I (gf180mcu_fd_sc_mcu7t5v0__clkbuf_16)
     6    0.026024    0.075736    0.209034    0.583692 ^ clkbuf_3_6__f_clk/Z (gf180mcu_fd_sc_mcu7t5v0__clkbuf_16)
                                                         clknet_3_6__leaf_clk (net)
                      0.075736    0.000113    0.583806 ^ _227_/CLK (gf180mcu_fd_sc_mcu7t5v0__dffrnq_1)
                                  0.250000    0.833806   clock uncertainty
                                  0.000000    0.833806   clock reconvergence pessimism
                                  0.306243    1.140049   library removal time
                                              1.140049   data required time
---------------------------------------------------------------------------------------------
                                              1.140049   data required time
                                            -42.816639   data arrival time
---------------------------------------------------------------------------------------------
                                             41.676590   slack (MET)


Startpoint: rst_n (input port clocked by clk)
Endpoint: _226_ (removal check against rising-edge clock clk)
Path Group: asynchronous
Path Type: min

Fanout         Cap        Slew       Delay        Time   Description
---------------------------------------------------------------------------------------------
                                  0.000000    0.000000   clock clk (rise edge)
                                  0.000000    0.000000   clock network delay (propagated)
                                 40.000000   40.000000 ^ input external delay
     1    0.004491    0.104330    0.039517   40.039516 ^ rst_n (in)
                                                         rst_n (net)
                      0.104330    0.000000   40.039516 ^ input4/I (gf180mcu_fd_sc_mcu7t5v0__buf_1)
     1    0.005625    0.127592    0.182929   40.222446 ^ input4/Z (gf180mcu_fd_sc_mcu7t5v0__buf_1)
                                                         net4 (net)
                      0.127592    0.000124   40.222572 ^ fanout49/I (gf180mcu_fd_sc_mcu7t5v0__dlyb_1)
     1    0.005658    0.148276    0.740119   40.962692 ^ fanout49/Z (gf180mcu_fd_sc_mcu7t5v0__dlyb_1)
                                                         net49 (net)
                      0.148276    0.000121   40.962811 ^ wire51/I (gf180mcu_fd_sc_mcu7t5v0__buf_1)
     4    0.025445    0.400946    0.356920   41.319733 ^ wire51/Z (gf180mcu_fd_sc_mcu7t5v0__buf_1)
                                                         net51 (net)
                      0.400946    0.000391   41.320122 ^ fanout41/I (gf180mcu_fd_sc_mcu7t5v0__dlyb_1)
     4    0.027617    0.437674    0.950280   42.270401 ^ fanout41/Z (gf180mcu_fd_sc_mcu7t5v0__dlyb_1)
                                                         net41 (net)
                      0.437674    0.000256   42.270657 ^ load_slew44/I (gf180mcu_fd_sc_mcu7t5v0__buf_2)
     3    0.021177    0.184269    0.254868   42.525524 ^ load_slew44/Z (gf180mcu_fd_sc_mcu7t5v0__buf_2)
                                                         net44 (net)
                      0.184269    0.000348   42.525875 ^ load_slew42/I (gf180mcu_fd_sc_mcu7t5v0__clkbuf_2)
     3    0.025398    0.212273    0.290271   42.816143 ^ load_slew42/Z (gf180mcu_fd_sc_mcu7t5v0__clkbuf_2)
                                                         net42 (net)
                      0.212274    0.000583   42.816727 ^ _226_/RN (gf180mcu_fd_sc_mcu7t5v0__dffrnq_1)
                                             42.816727   data arrival time

                                  0.000000    0.000000   clock clk (rise edge)
                                  0.000000    0.000000   clock source latency
     1    0.036057    0.156044    0.079831    0.079831 ^ clk (in)
                                                         clk (net)
                      0.156052    0.000000    0.079831 ^ clkbuf_0_clk/I (gf180mcu_fd_sc_mcu7t5v0__clkbuf_16)
     8    0.192072    0.206389    0.291489    0.371320 ^ clkbuf_0_clk/Z (gf180mcu_fd_sc_mcu7t5v0__clkbuf_16)
                                                         clknet_0_clk (net)
                      0.206413    0.003339    0.374659 ^ clkbuf_3_6__f_clk/I (gf180mcu_fd_sc_mcu7t5v0__clkbuf_16)
     6    0.026024    0.075736    0.209034    0.583692 ^ clkbuf_3_6__f_clk/Z (gf180mcu_fd_sc_mcu7t5v0__clkbuf_16)
                                                         clknet_3_6__leaf_clk (net)
                      0.075736    0.000059    0.583752 ^ _226_/CLK (gf180mcu_fd_sc_mcu7t5v0__dffrnq_1)
                                  0.250000    0.833752   clock uncertainty
                                  0.000000    0.833752   clock reconvergence pessimism
                                  0.306243    1.139995   library removal time
                                              1.139995   data required time
---------------------------------------------------------------------------------------------
                                              1.139995   data required time
                                            -42.816727   data arrival time
---------------------------------------------------------------------------------------------
                                             41.676731   slack (MET)


Startpoint: rst_n (input port clocked by clk)
Endpoint: _249_ (removal check against rising-edge clock clk)
Path Group: asynchronous
Path Type: min

Fanout         Cap        Slew       Delay        Time   Description
---------------------------------------------------------------------------------------------
                                  0.000000    0.000000   clock clk (rise edge)
                                  0.000000    0.000000   clock network delay (propagated)
                                 40.000000   40.000000 ^ input external delay
     1    0.004491    0.104330    0.039517   40.039516 ^ rst_n (in)
                                                         rst_n (net)
                      0.104330    0.000000   40.039516 ^ input4/I (gf180mcu_fd_sc_mcu7t5v0__buf_1)
     1    0.005625    0.127592    0.182929   40.222446 ^ input4/Z (gf180mcu_fd_sc_mcu7t5v0__buf_1)
                                                         net4 (net)
                      0.127592    0.000124   40.222572 ^ fanout49/I (gf180mcu_fd_sc_mcu7t5v0__dlyb_1)
     1    0.005658    0.148276    0.740119   40.962692 ^ fanout49/Z (gf180mcu_fd_sc_mcu7t5v0__dlyb_1)
                                                         net49 (net)
                      0.148276    0.000121   40.962811 ^ wire51/I (gf180mcu_fd_sc_mcu7t5v0__buf_1)
     4    0.025445    0.400946    0.356920   41.319733 ^ wire51/Z (gf180mcu_fd_sc_mcu7t5v0__buf_1)
                                                         net51 (net)
                      0.400946    0.000277   41.320007 ^ fanout45/I (gf180mcu_fd_sc_mcu7t5v0__dlyb_1)
     3    0.021403    0.354692    0.898336   42.218346 ^ fanout45/Z (gf180mcu_fd_sc_mcu7t5v0__dlyb_1)
                                                         net45 (net)
                      0.354692    0.000124   42.218468 ^ load_slew48/I (gf180mcu_fd_sc_mcu7t5v0__clkbuf_1)
     3    0.021209    0.336967    0.347761   42.566231 ^ load_slew48/Z (gf180mcu_fd_sc_mcu7t5v0__clkbuf_1)
                                                         net48 (net)
                      0.336967    0.000291   42.566521 ^ load_slew47/I (gf180mcu_fd_sc_mcu7t5v0__clkbuf_2)
     4    0.027756    0.230347    0.327034   42.893555 ^ load_slew47/Z (gf180mcu_fd_sc_mcu7t5v0__clkbuf_2)
                                                         net47 (net)
                      0.230347    0.000167   42.893723 ^ _249_/RN (gf180mcu_fd_sc_mcu7t5v0__dffrnq_1)
                                             42.893723   data arrival time

                                  0.000000    0.000000   clock clk (rise edge)
                                  0.000000    0.000000   clock source latency
     1    0.036057    0.156044    0.079831    0.079831 ^ clk (in)
                                                         clk (net)
                      0.156052    0.000000    0.079831 ^ clkbuf_0_clk/I (gf180mcu_fd_sc_mcu7t5v0__clkbuf_16)
     8    0.192072    0.206389    0.291489    0.371320 ^ clkbuf_0_clk/Z (gf180mcu_fd_sc_mcu7t5v0__clkbuf_16)
                                                         clknet_0_clk (net)
                      0.206394    0.001524    0.372843 ^ clkbuf_3_4__f_clk/I (gf180mcu_fd_sc_mcu7t5v0__clkbuf_16)
     6    0.026012    0.075726    0.209006    0.581850 ^ clkbuf_3_4__f_clk/Z (gf180mcu_fd_sc_mcu7t5v0__clkbuf_16)
                                                         clknet_3_4__leaf_clk (net)
                      0.075726    0.000266    0.582116 ^ _249_/CLK (gf180mcu_fd_sc_mcu7t5v0__dffrnq_1)
                                  0.250000    0.832116   clock uncertainty
                                  0.000000    0.832116   clock reconvergence pessimism
                                  0.308239    1.140355   library removal time
                                              1.140355   data required time
---------------------------------------------------------------------------------------------
                                              1.140355   data required time
                                            -42.893723   data arrival time
---------------------------------------------------------------------------------------------
                                             41.753368   slack (MET)


Startpoint: rst_n (input port clocked by clk)
Endpoint: _250_ (removal check against rising-edge clock clk)
Path Group: asynchronous
Path Type: min

Fanout         Cap        Slew       Delay        Time   Description
---------------------------------------------------------------------------------------------
                                  0.000000    0.000000   clock clk (rise edge)
                                  0.000000    0.000000   clock network delay (propagated)
                                 40.000000   40.000000 ^ input external delay
     1    0.004491    0.104330    0.039517   40.039516 ^ rst_n (in)
                                                         rst_n (net)
                      0.104330    0.000000   40.039516 ^ input4/I (gf180mcu_fd_sc_mcu7t5v0__buf_1)
     1    0.005625    0.127592    0.182929   40.222446 ^ input4/Z (gf180mcu_fd_sc_mcu7t5v0__buf_1)
                                                         net4 (net)
                      0.127592    0.000124   40.222572 ^ fanout49/I (gf180mcu_fd_sc_mcu7t5v0__dlyb_1)
     1    0.005658    0.148276    0.740119   40.962692 ^ fanout49/Z (gf180mcu_fd_sc_mcu7t5v0__dlyb_1)
                                                         net49 (net)
                      0.148276    0.000121   40.962811 ^ wire51/I (gf180mcu_fd_sc_mcu7t5v0__buf_1)
     4    0.025445    0.400946    0.356920   41.319733 ^ wire51/Z (gf180mcu_fd_sc_mcu7t5v0__buf_1)
                                                         net51 (net)
                      0.400946    0.000277   41.320007 ^ fanout45/I (gf180mcu_fd_sc_mcu7t5v0__dlyb_1)
     3    0.021403    0.354692    0.898336   42.218346 ^ fanout45/Z (gf180mcu_fd_sc_mcu7t5v0__dlyb_1)
                                                         net45 (net)
                      0.354692    0.000124   42.218468 ^ load_slew48/I (gf180mcu_fd_sc_mcu7t5v0__clkbuf_1)
     3    0.021209    0.336967    0.347761   42.566231 ^ load_slew48/Z (gf180mcu_fd_sc_mcu7t5v0__clkbuf_1)
                                                         net48 (net)
                      0.336967    0.000291   42.566521 ^ load_slew47/I (gf180mcu_fd_sc_mcu7t5v0__clkbuf_2)
     4    0.027756    0.230347    0.327034   42.893555 ^ load_slew47/Z (gf180mcu_fd_sc_mcu7t5v0__clkbuf_2)
                                                         net47 (net)
                      0.230347    0.000195   42.893749 ^ _250_/RN (gf180mcu_fd_sc_mcu7t5v0__dffrnq_1)
                                             42.893749   data arrival time

                                  0.000000    0.000000   clock clk (rise edge)
                                  0.000000    0.000000   clock source latency
     1    0.036057    0.156044    0.079831    0.079831 ^ clk (in)
                                                         clk (net)
                      0.156052    0.000000    0.079831 ^ clkbuf_0_clk/I (gf180mcu_fd_sc_mcu7t5v0__clkbuf_16)
     8    0.192072    0.206389    0.291489    0.371320 ^ clkbuf_0_clk/Z (gf180mcu_fd_sc_mcu7t5v0__clkbuf_16)
                                                         clknet_0_clk (net)
                      0.206394    0.001524    0.372843 ^ clkbuf_3_4__f_clk/I (gf180mcu_fd_sc_mcu7t5v0__clkbuf_16)
     6    0.026012    0.075726    0.209006    0.581850 ^ clkbuf_3_4__f_clk/Z (gf180mcu_fd_sc_mcu7t5v0__clkbuf_16)
                                                         clknet_3_4__leaf_clk (net)
                      0.075726    0.000261    0.582111 ^ _250_/CLK (gf180mcu_fd_sc_mcu7t5v0__dffrnq_1)
                                  0.250000    0.832111   clock uncertainty
                                  0.000000    0.832111   clock reconvergence pessimism
                                  0.308239    1.140349   library removal time
                                              1.140349   data required time
---------------------------------------------------------------------------------------------
                                              1.140349   data required time
                                            -42.893749   data arrival time
---------------------------------------------------------------------------------------------
                                             41.753399   slack (MET)


Startpoint: rst_n (input port clocked by clk)
Endpoint: _251_ (removal check against rising-edge clock clk)
Path Group: asynchronous
Path Type: min

Fanout         Cap        Slew       Delay        Time   Description
---------------------------------------------------------------------------------------------
                                  0.000000    0.000000   clock clk (rise edge)
                                  0.000000    0.000000   clock network delay (propagated)
                                 40.000000   40.000000 ^ input external delay
     1    0.004491    0.104330    0.039517   40.039516 ^ rst_n (in)
                                                         rst_n (net)
                      0.104330    0.000000   40.039516 ^ input4/I (gf180mcu_fd_sc_mcu7t5v0__buf_1)
     1    0.005625    0.127592    0.182929   40.222446 ^ input4/Z (gf180mcu_fd_sc_mcu7t5v0__buf_1)
                                                         net4 (net)
                      0.127592    0.000124   40.222572 ^ fanout49/I (gf180mcu_fd_sc_mcu7t5v0__dlyb_1)
     1    0.005658    0.148276    0.740119   40.962692 ^ fanout49/Z (gf180mcu_fd_sc_mcu7t5v0__dlyb_1)
                                                         net49 (net)
                      0.148276    0.000121   40.962811 ^ wire51/I (gf180mcu_fd_sc_mcu7t5v0__buf_1)
     4    0.025445    0.400946    0.356920   41.319733 ^ wire51/Z (gf180mcu_fd_sc_mcu7t5v0__buf_1)
                                                         net51 (net)
                      0.400946    0.000277   41.320007 ^ fanout45/I (gf180mcu_fd_sc_mcu7t5v0__dlyb_1)
     3    0.021403    0.354692    0.898336   42.218346 ^ fanout45/Z (gf180mcu_fd_sc_mcu7t5v0__dlyb_1)
                                                         net45 (net)
                      0.354692    0.000124   42.218468 ^ load_slew48/I (gf180mcu_fd_sc_mcu7t5v0__clkbuf_1)
     3    0.021209    0.336967    0.347761   42.566231 ^ load_slew48/Z (gf180mcu_fd_sc_mcu7t5v0__clkbuf_1)
                                                         net48 (net)
                      0.336967    0.000291   42.566521 ^ load_slew47/I (gf180mcu_fd_sc_mcu7t5v0__clkbuf_2)
     4    0.027756    0.230347    0.327034   42.893555 ^ load_slew47/Z (gf180mcu_fd_sc_mcu7t5v0__clkbuf_2)
                                                         net47 (net)
                      0.230347    0.000316   42.893871 ^ _251_/RN (gf180mcu_fd_sc_mcu7t5v0__dffrnq_1)
                                             42.893871   data arrival time

                                  0.000000    0.000000   clock clk (rise edge)
                                  0.000000    0.000000   clock source latency
     1    0.036057    0.156044    0.079831    0.079831 ^ clk (in)
                                                         clk (net)
                      0.156052    0.000000    0.079831 ^ clkbuf_0_clk/I (gf180mcu_fd_sc_mcu7t5v0__clkbuf_16)
     8    0.192072    0.206389    0.291489    0.371320 ^ clkbuf_0_clk/Z (gf180mcu_fd_sc_mcu7t5v0__clkbuf_16)
                                                         clknet_0_clk (net)
                      0.206394    0.001524    0.372843 ^ clkbuf_3_4__f_clk/I (gf180mcu_fd_sc_mcu7t5v0__clkbuf_16)
     6    0.026012    0.075726    0.209006    0.581850 ^ clkbuf_3_4__f_clk/Z (gf180mcu_fd_sc_mcu7t5v0__clkbuf_16)
                                                         clknet_3_4__leaf_clk (net)
                      0.075726    0.000221    0.582071 ^ _251_/CLK (gf180mcu_fd_sc_mcu7t5v0__dffrnq_1)
                                  0.250000    0.832071   clock uncertainty
                                  0.000000    0.832071   clock reconvergence pessimism
                                  0.308239    1.140309   library removal time
                                              1.140309   data required time
---------------------------------------------------------------------------------------------
                                              1.140309   data required time
                                            -42.893871   data arrival time
---------------------------------------------------------------------------------------------
                                             41.753559   slack (MET)


Startpoint: rst_n (input port clocked by clk)
Endpoint: _235_ (removal check against rising-edge clock clk)
Path Group: asynchronous
Path Type: min

Fanout         Cap        Slew       Delay        Time   Description
---------------------------------------------------------------------------------------------
                                  0.000000    0.000000   clock clk (rise edge)
                                  0.000000    0.000000   clock network delay (propagated)
                                 40.000000   40.000000 ^ input external delay
     1    0.004491    0.104330    0.039517   40.039516 ^ rst_n (in)
                                                         rst_n (net)
                      0.104330    0.000000   40.039516 ^ input4/I (gf180mcu_fd_sc_mcu7t5v0__buf_1)
     1    0.005625    0.127592    0.182929   40.222446 ^ input4/Z (gf180mcu_fd_sc_mcu7t5v0__buf_1)
                                                         net4 (net)
                      0.127592    0.000124   40.222572 ^ fanout49/I (gf180mcu_fd_sc_mcu7t5v0__dlyb_1)
     1    0.005658    0.148276    0.740119   40.962692 ^ fanout49/Z (gf180mcu_fd_sc_mcu7t5v0__dlyb_1)
                                                         net49 (net)
                      0.148276    0.000121   40.962811 ^ wire51/I (gf180mcu_fd_sc_mcu7t5v0__buf_1)
     4    0.025445    0.400946    0.356920   41.319733 ^ wire51/Z (gf180mcu_fd_sc_mcu7t5v0__buf_1)
                                                         net51 (net)
                      0.400946    0.000277   41.320007 ^ fanout45/I (gf180mcu_fd_sc_mcu7t5v0__dlyb_1)
     3    0.021403    0.354692    0.898336   42.218346 ^ fanout45/Z (gf180mcu_fd_sc_mcu7t5v0__dlyb_1)
                                                         net45 (net)
                      0.354692    0.000124   42.218468 ^ load_slew48/I (gf180mcu_fd_sc_mcu7t5v0__clkbuf_1)
     3    0.021209    0.336967    0.347761   42.566231 ^ load_slew48/Z (gf180mcu_fd_sc_mcu7t5v0__clkbuf_1)
                                                         net48 (net)
                      0.336967    0.000291   42.566521 ^ load_slew47/I (gf180mcu_fd_sc_mcu7t5v0__clkbuf_2)
     4    0.027756    0.230347    0.327034   42.893555 ^ load_slew47/Z (gf180mcu_fd_sc_mcu7t5v0__clkbuf_2)
                                                         net47 (net)
                      0.230347    0.000359   42.893913 ^ load_slew46/I (gf180mcu_fd_sc_mcu7t5v0__clkbuf_2)
     3    0.026588    0.220977    0.303295   43.197208 ^ load_slew46/Z (gf180mcu_fd_sc_mcu7t5v0__clkbuf_2)
                                                         net46 (net)
                      0.220977    0.000558   43.197765 ^ _235_/RN (gf180mcu_fd_sc_mcu7t5v0__dffrnq_1)
                                             43.197765   data arrival time

                                  0.000000    0.000000   clock clk (rise edge)
                                  0.000000    0.000000   clock source latency
     1    0.036057    0.156044    0.079831    0.079831 ^ clk (in)
                                                         clk (net)
                      0.156052    0.000000    0.079831 ^ clkbuf_0_clk/I (gf180mcu_fd_sc_mcu7t5v0__clkbuf_16)
     8    0.192072    0.206389    0.291489    0.371320 ^ clkbuf_0_clk/Z (gf180mcu_fd_sc_mcu7t5v0__clkbuf_16)
                                                         clknet_0_clk (net)
                      0.206390    0.000904    0.372223 ^ clkbuf_3_1__f_clk/I (gf180mcu_fd_sc_mcu7t5v0__clkbuf_16)
     6    0.031412    0.079918    0.212576    0.584799 ^ clkbuf_3_1__f_clk/Z (gf180mcu_fd_sc_mcu7t5v0__clkbuf_16)
                                                         clknet_3_1__leaf_clk (net)
                      0.079920    0.000716    0.585516 ^ _235_/CLK (gf180mcu_fd_sc_mcu7t5v0__dffrnq_1)
                                  0.250000    0.835516   clock uncertainty
                                  0.000000    0.835516   clock reconvergence pessimism
                                  0.308022    1.143537   library removal time
                                              1.143537   data required time
---------------------------------------------------------------------------------------------
                                              1.143537   data required time
                                            -43.197765   data arrival time
---------------------------------------------------------------------------------------------
                                             42.054230   slack (MET)


Startpoint: rst_n (input port clocked by clk)
Endpoint: _252_ (removal check against rising-edge clock clk)
Path Group: asynchronous
Path Type: min

Fanout         Cap        Slew       Delay        Time   Description
---------------------------------------------------------------------------------------------
                                  0.000000    0.000000   clock clk (rise edge)
                                  0.000000    0.000000   clock network delay (propagated)
                                 40.000000   40.000000 ^ input external delay
     1    0.004491    0.104330    0.039517   40.039516 ^ rst_n (in)
                                                         rst_n (net)
                      0.104330    0.000000   40.039516 ^ input4/I (gf180mcu_fd_sc_mcu7t5v0__buf_1)
     1    0.005625    0.127592    0.182929   40.222446 ^ input4/Z (gf180mcu_fd_sc_mcu7t5v0__buf_1)
                                                         net4 (net)
                      0.127592    0.000124   40.222572 ^ fanout49/I (gf180mcu_fd_sc_mcu7t5v0__dlyb_1)
     1    0.005658    0.148276    0.740119   40.962692 ^ fanout49/Z (gf180mcu_fd_sc_mcu7t5v0__dlyb_1)
                                                         net49 (net)
                      0.148276    0.000121   40.962811 ^ wire51/I (gf180mcu_fd_sc_mcu7t5v0__buf_1)
     4    0.025445    0.400946    0.356920   41.319733 ^ wire51/Z (gf180mcu_fd_sc_mcu7t5v0__buf_1)
                                                         net51 (net)
                      0.400946    0.000277   41.320007 ^ fanout45/I (gf180mcu_fd_sc_mcu7t5v0__dlyb_1)
     3    0.021403    0.354692    0.898336   42.218346 ^ fanout45/Z (gf180mcu_fd_sc_mcu7t5v0__dlyb_1)
                                                         net45 (net)
                      0.354692    0.000124   42.218468 ^ load_slew48/I (gf180mcu_fd_sc_mcu7t5v0__clkbuf_1)
     3    0.021209    0.336967    0.347761   42.566231 ^ load_slew48/Z (gf180mcu_fd_sc_mcu7t5v0__clkbuf_1)
                                                         net48 (net)
                      0.336967    0.000291   42.566521 ^ load_slew47/I (gf180mcu_fd_sc_mcu7t5v0__clkbuf_2)
     4    0.027756    0.230347    0.327034   42.893555 ^ load_slew47/Z (gf180mcu_fd_sc_mcu7t5v0__clkbuf_2)
                                                         net47 (net)
                      0.230347    0.000359   42.893913 ^ load_slew46/I (gf180mcu_fd_sc_mcu7t5v0__clkbuf_2)
     3    0.026588    0.220977    0.303295   43.197208 ^ load_slew46/Z (gf180mcu_fd_sc_mcu7t5v0__clkbuf_2)
                                                         net46 (net)
                      0.220977    0.000419   43.197628 ^ _252_/RN (gf180mcu_fd_sc_mcu7t5v0__dffrnq_1)
                                             43.197628   data arrival time

                                  0.000000    0.000000   clock clk (rise edge)
                                  0.000000    0.000000   clock source latency
     1    0.036057    0.156044    0.079831    0.079831 ^ clk (in)
                                                         clk (net)
                      0.156052    0.000000    0.079831 ^ clkbuf_0_clk/I (gf180mcu_fd_sc_mcu7t5v0__clkbuf_16)
     8    0.192072    0.206389    0.291489    0.371320 ^ clkbuf_0_clk/Z (gf180mcu_fd_sc_mcu7t5v0__clkbuf_16)
                                                         clknet_0_clk (net)
                      0.206394    0.001524    0.372843 ^ clkbuf_3_4__f_clk/I (gf180mcu_fd_sc_mcu7t5v0__clkbuf_16)
     6    0.026012    0.075726    0.209006    0.581850 ^ clkbuf_3_4__f_clk/Z (gf180mcu_fd_sc_mcu7t5v0__clkbuf_16)
                                                         clknet_3_4__leaf_clk (net)
                      0.075726    0.000070    0.581920 ^ _252_/CLK (gf180mcu_fd_sc_mcu7t5v0__dffrnq_1)
                                  0.250000    0.831920   clock uncertainty
                                  0.000000    0.831920   clock reconvergence pessimism
                                  0.307203    1.139123   library removal time
                                              1.139123   data required time
---------------------------------------------------------------------------------------------
                                              1.139123   data required time
                                            -43.197628   data arrival time
---------------------------------------------------------------------------------------------
                                             42.058502   slack (MET)


Startpoint: rst_n (input port clocked by clk)
Endpoint: _236_ (removal check against rising-edge clock clk)
Path Group: asynchronous
Path Type: min

Fanout         Cap        Slew       Delay        Time   Description
---------------------------------------------------------------------------------------------
                                  0.000000    0.000000   clock clk (rise edge)
                                  0.000000    0.000000   clock network delay (propagated)
                                 40.000000   40.000000 ^ input external delay
     1    0.004491    0.104330    0.039517   40.039516 ^ rst_n (in)
                                                         rst_n (net)
                      0.104330    0.000000   40.039516 ^ input4/I (gf180mcu_fd_sc_mcu7t5v0__buf_1)
     1    0.005625    0.127592    0.182929   40.222446 ^ input4/Z (gf180mcu_fd_sc_mcu7t5v0__buf_1)
                                                         net4 (net)
                      0.127592    0.000124   40.222572 ^ fanout49/I (gf180mcu_fd_sc_mcu7t5v0__dlyb_1)
     1    0.005658    0.148276    0.740119   40.962692 ^ fanout49/Z (gf180mcu_fd_sc_mcu7t5v0__dlyb_1)
                                                         net49 (net)
                      0.148276    0.000121   40.962811 ^ wire51/I (gf180mcu_fd_sc_mcu7t5v0__buf_1)
     4    0.025445    0.400946    0.356920   41.319733 ^ wire51/Z (gf180mcu_fd_sc_mcu7t5v0__buf_1)
                                                         net51 (net)
                      0.400946    0.000277   41.320007 ^ fanout45/I (gf180mcu_fd_sc_mcu7t5v0__dlyb_1)
     3    0.021403    0.354692    0.898336   42.218346 ^ fanout45/Z (gf180mcu_fd_sc_mcu7t5v0__dlyb_1)
                                                         net45 (net)
                      0.354692    0.000124   42.218468 ^ load_slew48/I (gf180mcu_fd_sc_mcu7t5v0__clkbuf_1)
     3    0.021209    0.336967    0.347761   42.566231 ^ load_slew48/Z (gf180mcu_fd_sc_mcu7t5v0__clkbuf_1)
                                                         net48 (net)
                      0.336967    0.000291   42.566521 ^ load_slew47/I (gf180mcu_fd_sc_mcu7t5v0__clkbuf_2)
     4    0.027756    0.230347    0.327034   42.893555 ^ load_slew47/Z (gf180mcu_fd_sc_mcu7t5v0__clkbuf_2)
                                                         net47 (net)
                      0.230347    0.000359   42.893913 ^ load_slew46/I (gf180mcu_fd_sc_mcu7t5v0__clkbuf_2)
     3    0.026588    0.220977    0.303295   43.197208 ^ load_slew46/Z (gf180mcu_fd_sc_mcu7t5v0__clkbuf_2)
                                                         net46 (net)
                      0.220977    0.000540   43.197750 ^ _236_/RN (gf180mcu_fd_sc_mcu7t5v0__dffrnq_1)
                                             43.197750   data arrival time

                                  0.000000    0.000000   clock clk (rise edge)
                                  0.000000    0.000000   clock source latency
     1    0.036057    0.156044    0.079831    0.079831 ^ clk (in)
                                                         clk (net)
                      0.156052    0.000000    0.079831 ^ clkbuf_0_clk/I (gf180mcu_fd_sc_mcu7t5v0__clkbuf_16)
     8    0.192072    0.206389    0.291489    0.371320 ^ clkbuf_0_clk/Z (gf180mcu_fd_sc_mcu7t5v0__clkbuf_16)
                                                         clknet_0_clk (net)
                      0.206394    0.001524    0.372843 ^ clkbuf_3_4__f_clk/I (gf180mcu_fd_sc_mcu7t5v0__clkbuf_16)
     6    0.026012    0.075726    0.209006    0.581850 ^ clkbuf_3_4__f_clk/Z (gf180mcu_fd_sc_mcu7t5v0__clkbuf_16)
                                                         clknet_3_4__leaf_clk (net)
                      0.075726    0.000121    0.581971 ^ _236_/CLK (gf180mcu_fd_sc_mcu7t5v0__dffrnq_1)
                                  0.250000    0.831971   clock uncertainty
                                  0.000000    0.831971   clock reconvergence pessimism
                                  0.307203    1.139174   library removal time
                                              1.139174   data required time
---------------------------------------------------------------------------------------------
                                              1.139174   data required time
                                            -43.197750   data arrival time
---------------------------------------------------------------------------------------------
                                             42.058575   slack (MET)


Startpoint: rst_n (input port clocked by clk)
Endpoint: _231_ (removal check against rising-edge clock clk)
Path Group: asynchronous
Path Type: min

Fanout         Cap        Slew       Delay        Time   Description
---------------------------------------------------------------------------------------------
                                  0.000000    0.000000   clock clk (rise edge)
                                  0.000000    0.000000   clock network delay (propagated)
                                 40.000000   40.000000 ^ input external delay
     1    0.004491    0.104330    0.039517   40.039516 ^ rst_n (in)
                                                         rst_n (net)
                      0.104330    0.000000   40.039516 ^ input4/I (gf180mcu_fd_sc_mcu7t5v0__buf_1)
     1    0.005625    0.127592    0.182929   40.222446 ^ input4/Z (gf180mcu_fd_sc_mcu7t5v0__buf_1)
                                                         net4 (net)
                      0.127592    0.000124   40.222572 ^ fanout49/I (gf180mcu_fd_sc_mcu7t5v0__dlyb_1)
     1    0.005658    0.148276    0.740119   40.962692 ^ fanout49/Z (gf180mcu_fd_sc_mcu7t5v0__dlyb_1)
                                                         net49 (net)
                      0.148276    0.000121   40.962811 ^ wire51/I (gf180mcu_fd_sc_mcu7t5v0__buf_1)
     4    0.025445    0.400946    0.356920   41.319733 ^ wire51/Z (gf180mcu_fd_sc_mcu7t5v0__buf_1)
                                                         net51 (net)
                      0.400948    0.000419   41.320148 ^ fanout37/I (gf180mcu_fd_sc_mcu7t5v0__dlyb_1)
     3    0.018468    0.315537    0.873722   42.193874 ^ fanout37/Z (gf180mcu_fd_sc_mcu7t5v0__dlyb_1)
                                                         net37 (net)
                      0.315537    0.000405   42.194279 ^ load_slew39/I (gf180mcu_fd_sc_mcu7t5v0__clkbuf_2)
     3    0.023354    0.200109    0.304926   42.499203 ^ load_slew39/Z (gf180mcu_fd_sc_mcu7t5v0__clkbuf_2)
                                                         net39 (net)
                      0.200109    0.000405   42.499607 ^ fanout33/I (gf180mcu_fd_sc_mcu7t5v0__dlyb_1)
     3    0.024201    0.391430    0.908614   43.408222 ^ fanout33/Z (gf180mcu_fd_sc_mcu7t5v0__dlyb_1)
                                                         net33 (net)
                      0.391431    0.000469   43.408691 ^ _231_/RN (gf180mcu_fd_sc_mcu7t5v0__dffrnq_1)
                                             43.408691   data arrival time

                                  0.000000    0.000000   clock clk (rise edge)
                                  0.000000    0.000000   clock source latency
     1    0.036057    0.156044    0.079831    0.079831 ^ clk (in)
                                                         clk (net)
                      0.156052    0.000000    0.079831 ^ clkbuf_0_clk/I (gf180mcu_fd_sc_mcu7t5v0__clkbuf_16)
     8    0.192072    0.206389    0.291489    0.371320 ^ clkbuf_0_clk/Z (gf180mcu_fd_sc_mcu7t5v0__clkbuf_16)
                                                         clknet_0_clk (net)
                      0.206390    0.000839    0.372159 ^ clkbuf_3_3__f_clk/I (gf180mcu_fd_sc_mcu7t5v0__clkbuf_16)
     6    0.028960    0.078016    0.211012    0.583171 ^ clkbuf_3_3__f_clk/Z (gf180mcu_fd_sc_mcu7t5v0__clkbuf_16)
                                                         clknet_3_3__leaf_clk (net)
                      0.078016    0.000202    0.583372 ^ _231_/CLK (gf180mcu_fd_sc_mcu7t5v0__dffrnq_1)
                                  0.250000    0.833372   clock uncertainty
                                  0.000000    0.833372   clock reconvergence pessimism
                                  0.326525    1.159898   library removal time
                                              1.159898   data required time
---------------------------------------------------------------------------------------------
                                              1.159898   data required time
                                            -43.408691   data arrival time
---------------------------------------------------------------------------------------------
                                             42.248795   slack (MET)


Startpoint: rst_n (input port clocked by clk)
Endpoint: _232_ (removal check against rising-edge clock clk)
Path Group: asynchronous
Path Type: min

Fanout         Cap        Slew       Delay        Time   Description
---------------------------------------------------------------------------------------------
                                  0.000000    0.000000   clock clk (rise edge)
                                  0.000000    0.000000   clock network delay (propagated)
                                 40.000000   40.000000 ^ input external delay
     1    0.004491    0.104330    0.039517   40.039516 ^ rst_n (in)
                                                         rst_n (net)
                      0.104330    0.000000   40.039516 ^ input4/I (gf180mcu_fd_sc_mcu7t5v0__buf_1)
     1    0.005625    0.127592    0.182929   40.222446 ^ input4/Z (gf180mcu_fd_sc_mcu7t5v0__buf_1)
                                                         net4 (net)
                      0.127592    0.000124   40.222572 ^ fanout49/I (gf180mcu_fd_sc_mcu7t5v0__dlyb_1)
     1    0.005658    0.148276    0.740119   40.962692 ^ fanout49/Z (gf180mcu_fd_sc_mcu7t5v0__dlyb_1)
                                                         net49 (net)
                      0.148276    0.000121   40.962811 ^ wire51/I (gf180mcu_fd_sc_mcu7t5v0__buf_1)
     4    0.025445    0.400946    0.356920   41.319733 ^ wire51/Z (gf180mcu_fd_sc_mcu7t5v0__buf_1)
                                                         net51 (net)
                      0.400948    0.000419   41.320148 ^ fanout37/I (gf180mcu_fd_sc_mcu7t5v0__dlyb_1)
     3    0.018468    0.315537    0.873722   42.193874 ^ fanout37/Z (gf180mcu_fd_sc_mcu7t5v0__dlyb_1)
                                                         net37 (net)
                      0.315537    0.000405   42.194279 ^ load_slew39/I (gf180mcu_fd_sc_mcu7t5v0__clkbuf_2)
     3    0.023354    0.200109    0.304926   42.499203 ^ load_slew39/Z (gf180mcu_fd_sc_mcu7t5v0__clkbuf_2)
                                                         net39 (net)
                      0.200109    0.000405   42.499607 ^ fanout33/I (gf180mcu_fd_sc_mcu7t5v0__dlyb_1)
     3    0.024201    0.391430    0.908614   43.408222 ^ fanout33/Z (gf180mcu_fd_sc_mcu7t5v0__dlyb_1)
                                                         net33 (net)
                      0.391430    0.000213   43.408436 ^ _232_/RN (gf180mcu_fd_sc_mcu7t5v0__dffrnq_1)
                                             43.408436   data arrival time

                                  0.000000    0.000000   clock clk (rise edge)
                                  0.000000    0.000000   clock source latency
     1    0.036057    0.156044    0.079831    0.079831 ^ clk (in)
                                                         clk (net)
                      0.156052    0.000000    0.079831 ^ clkbuf_0_clk/I (gf180mcu_fd_sc_mcu7t5v0__clkbuf_16)
     8    0.192072    0.206389    0.291489    0.371320 ^ clkbuf_0_clk/Z (gf180mcu_fd_sc_mcu7t5v0__clkbuf_16)
                                                         clknet_0_clk (net)
                      0.206393    0.001416    0.372735 ^ clkbuf_3_0__f_clk/I (gf180mcu_fd_sc_mcu7t5v0__clkbuf_16)
     6    0.027601    0.076961    0.210094    0.582829 ^ clkbuf_3_0__f_clk/Z (gf180mcu_fd_sc_mcu7t5v0__clkbuf_16)
                                                         clknet_3_0__leaf_clk (net)
                      0.076961    0.000133    0.582962 ^ _232_/CLK (gf180mcu_fd_sc_mcu7t5v0__dffrnq_1)
                                  0.250000    0.832962   clock uncertainty
                                  0.000000    0.832962   clock reconvergence pessimism
                                  0.326301    1.159263   library removal time
                                              1.159263   data required time
---------------------------------------------------------------------------------------------
                                              1.159263   data required time
                                            -43.408436   data arrival time
---------------------------------------------------------------------------------------------
                                             42.249172   slack (MET)


Startpoint: rst_n (input port clocked by clk)
Endpoint: _222_ (removal check against rising-edge clock clk)
Path Group: asynchronous
Path Type: min

Fanout         Cap        Slew       Delay        Time   Description
---------------------------------------------------------------------------------------------
                                  0.000000    0.000000   clock clk (rise edge)
                                  0.000000    0.000000   clock network delay (propagated)
                                 40.000000   40.000000 ^ input external delay
     1    0.004491    0.104330    0.039517   40.039516 ^ rst_n (in)
                                                         rst_n (net)
                      0.104330    0.000000   40.039516 ^ input4/I (gf180mcu_fd_sc_mcu7t5v0__buf_1)
     1    0.005625    0.127592    0.182929   40.222446 ^ input4/Z (gf180mcu_fd_sc_mcu7t5v0__buf_1)
                                                         net4 (net)
                      0.127592    0.000124   40.222572 ^ fanout49/I (gf180mcu_fd_sc_mcu7t5v0__dlyb_1)
     1    0.005658    0.148276    0.740119   40.962692 ^ fanout49/Z (gf180mcu_fd_sc_mcu7t5v0__dlyb_1)
                                                         net49 (net)
                      0.148276    0.000121   40.962811 ^ wire51/I (gf180mcu_fd_sc_mcu7t5v0__buf_1)
     4    0.025445    0.400946    0.356920   41.319733 ^ wire51/Z (gf180mcu_fd_sc_mcu7t5v0__buf_1)
                                                         net51 (net)
                      0.400948    0.000419   41.320148 ^ fanout37/I (gf180mcu_fd_sc_mcu7t5v0__dlyb_1)
     3    0.018468    0.315537    0.873722   42.193874 ^ fanout37/Z (gf180mcu_fd_sc_mcu7t5v0__dlyb_1)
                                                         net37 (net)
                      0.315537    0.000405   42.194279 ^ load_slew39/I (gf180mcu_fd_sc_mcu7t5v0__clkbuf_2)
     3    0.023354    0.200109    0.304926   42.499203 ^ load_slew39/Z (gf180mcu_fd_sc_mcu7t5v0__clkbuf_2)
                                                         net39 (net)
                      0.200109    0.000405   42.499607 ^ fanout33/I (gf180mcu_fd_sc_mcu7t5v0__dlyb_1)
     3    0.024201    0.391430    0.908614   43.408222 ^ fanout33/Z (gf180mcu_fd_sc_mcu7t5v0__dlyb_1)
                                                         net33 (net)
                      0.391430    0.000199   43.408421 ^ load_slew36/I (gf180mcu_fd_sc_mcu7t5v0__buf_2)
     3    0.021401    0.185261    0.252015   43.660435 ^ load_slew36/Z (gf180mcu_fd_sc_mcu7t5v0__buf_2)
                                                         net36 (net)
                      0.185262    0.000401   43.660839 ^ _222_/RN (gf180mcu_fd_sc_mcu7t5v0__dffrnq_1)
                                             43.660839   data arrival time

                                  0.000000    0.000000   clock clk (rise edge)
                                  0.000000    0.000000   clock source latency
     1    0.036057    0.156044    0.079831    0.079831 ^ clk (in)
                                                         clk (net)
                      0.156052    0.000000    0.079831 ^ clkbuf_0_clk/I (gf180mcu_fd_sc_mcu7t5v0__clkbuf_16)
     8    0.192072    0.206389    0.291489    0.371320 ^ clkbuf_0_clk/Z (gf180mcu_fd_sc_mcu7t5v0__clkbuf_16)
                                                         clknet_0_clk (net)
                      0.206390    0.000839    0.372159 ^ clkbuf_3_3__f_clk/I (gf180mcu_fd_sc_mcu7t5v0__clkbuf_16)
     6    0.028960    0.078016    0.211012    0.583171 ^ clkbuf_3_3__f_clk/Z (gf180mcu_fd_sc_mcu7t5v0__clkbuf_16)
                                                         clknet_3_3__leaf_clk (net)
                      0.078016    0.000178    0.583349 ^ _222_/CLK (gf180mcu_fd_sc_mcu7t5v0__dffrnq_1)
                                  0.250000    0.833349   clock uncertainty
                                  0.000000    0.833349   clock reconvergence pessimism
                                  0.303695    1.137044   library removal time
                                              1.137044   data required time
---------------------------------------------------------------------------------------------
                                              1.137044   data required time
                                            -43.660839   data arrival time
---------------------------------------------------------------------------------------------
                                             42.523796   slack (MET)


Startpoint: rst_n (input port clocked by clk)
Endpoint: _223_ (removal check against rising-edge clock clk)
Path Group: asynchronous
Path Type: min

Fanout         Cap        Slew       Delay        Time   Description
---------------------------------------------------------------------------------------------
                                  0.000000    0.000000   clock clk (rise edge)
                                  0.000000    0.000000   clock network delay (propagated)
                                 40.000000   40.000000 ^ input external delay
     1    0.004491    0.104330    0.039517   40.039516 ^ rst_n (in)
                                                         rst_n (net)
                      0.104330    0.000000   40.039516 ^ input4/I (gf180mcu_fd_sc_mcu7t5v0__buf_1)
     1    0.005625    0.127592    0.182929   40.222446 ^ input4/Z (gf180mcu_fd_sc_mcu7t5v0__buf_1)
                                                         net4 (net)
                      0.127592    0.000124   40.222572 ^ fanout49/I (gf180mcu_fd_sc_mcu7t5v0__dlyb_1)
     1    0.005658    0.148276    0.740119   40.962692 ^ fanout49/Z (gf180mcu_fd_sc_mcu7t5v0__dlyb_1)
                                                         net49 (net)
                      0.148276    0.000121   40.962811 ^ wire51/I (gf180mcu_fd_sc_mcu7t5v0__buf_1)
     4    0.025445    0.400946    0.356920   41.319733 ^ wire51/Z (gf180mcu_fd_sc_mcu7t5v0__buf_1)
                                                         net51 (net)
                      0.400948    0.000419   41.320148 ^ fanout37/I (gf180mcu_fd_sc_mcu7t5v0__dlyb_1)
     3    0.018468    0.315537    0.873722   42.193874 ^ fanout37/Z (gf180mcu_fd_sc_mcu7t5v0__dlyb_1)
                                                         net37 (net)
                      0.315537    0.000405   42.194279 ^ load_slew39/I (gf180mcu_fd_sc_mcu7t5v0__clkbuf_2)
     3    0.023354    0.200109    0.304926   42.499203 ^ load_slew39/Z (gf180mcu_fd_sc_mcu7t5v0__clkbuf_2)
                                                         net39 (net)
                      0.200109    0.000405   42.499607 ^ fanout33/I (gf180mcu_fd_sc_mcu7t5v0__dlyb_1)
     3    0.024201    0.391430    0.908614   43.408222 ^ fanout33/Z (gf180mcu_fd_sc_mcu7t5v0__dlyb_1)
                                                         net33 (net)
                      0.391430    0.000199   43.408421 ^ load_slew36/I (gf180mcu_fd_sc_mcu7t5v0__buf_2)
     3    0.021401    0.185261    0.252015   43.660435 ^ load_slew36/Z (gf180mcu_fd_sc_mcu7t5v0__buf_2)
                                                         net36 (net)
                      0.185262    0.000394   43.660831 ^ _223_/RN (gf180mcu_fd_sc_mcu7t5v0__dffrnq_1)
                                             43.660831   data arrival time

                                  0.000000    0.000000   clock clk (rise edge)
                                  0.000000    0.000000   clock source latency
     1    0.036057    0.156044    0.079831    0.079831 ^ clk (in)
                                                         clk (net)
                      0.156052    0.000000    0.079831 ^ clkbuf_0_clk/I (gf180mcu_fd_sc_mcu7t5v0__clkbuf_16)
     8    0.192072    0.206389    0.291489    0.371320 ^ clkbuf_0_clk/Z (gf180mcu_fd_sc_mcu7t5v0__clkbuf_16)
                                                         clknet_0_clk (net)
                      0.206390    0.000839    0.372159 ^ clkbuf_3_3__f_clk/I (gf180mcu_fd_sc_mcu7t5v0__clkbuf_16)
     6    0.028960    0.078016    0.211012    0.583171 ^ clkbuf_3_3__f_clk/Z (gf180mcu_fd_sc_mcu7t5v0__clkbuf_16)
                                                         clknet_3_3__leaf_clk (net)
                      0.078016    0.000170    0.583340 ^ _223_/CLK (gf180mcu_fd_sc_mcu7t5v0__dffrnq_1)
                                  0.250000    0.833340   clock uncertainty
                                  0.000000    0.833340   clock reconvergence pessimism
                                  0.303695    1.137035   library removal time
                                              1.137035   data required time
---------------------------------------------------------------------------------------------
                                              1.137035   data required time
                                            -43.660831   data arrival time
---------------------------------------------------------------------------------------------
                                             42.523796   slack (MET)


Startpoint: rst_n (input port clocked by clk)
Endpoint: _218_ (removal check against rising-edge clock clk)
Path Group: asynchronous
Path Type: min

Fanout         Cap        Slew       Delay        Time   Description
---------------------------------------------------------------------------------------------
                                  0.000000    0.000000   clock clk (rise edge)
                                  0.000000    0.000000   clock network delay (propagated)
                                 40.000000   40.000000 ^ input external delay
     1    0.004491    0.104330    0.039517   40.039516 ^ rst_n (in)
                                                         rst_n (net)
                      0.104330    0.000000   40.039516 ^ input4/I (gf180mcu_fd_sc_mcu7t5v0__buf_1)
     1    0.005625    0.127592    0.182929   40.222446 ^ input4/Z (gf180mcu_fd_sc_mcu7t5v0__buf_1)
                                                         net4 (net)
                      0.127592    0.000124   40.222572 ^ fanout49/I (gf180mcu_fd_sc_mcu7t5v0__dlyb_1)
     1    0.005658    0.148276    0.740119   40.962692 ^ fanout49/Z (gf180mcu_fd_sc_mcu7t5v0__dlyb_1)
                                                         net49 (net)
                      0.148276    0.000121   40.962811 ^ wire51/I (gf180mcu_fd_sc_mcu7t5v0__buf_1)
     4    0.025445    0.400946    0.356920   41.319733 ^ wire51/Z (gf180mcu_fd_sc_mcu7t5v0__buf_1)
                                                         net51 (net)
                      0.400948    0.000419   41.320148 ^ fanout37/I (gf180mcu_fd_sc_mcu7t5v0__dlyb_1)
     3    0.018468    0.315537    0.873722   42.193874 ^ fanout37/Z (gf180mcu_fd_sc_mcu7t5v0__dlyb_1)
                                                         net37 (net)
                      0.315537    0.000405   42.194279 ^ load_slew39/I (gf180mcu_fd_sc_mcu7t5v0__clkbuf_2)
     3    0.023354    0.200109    0.304926   42.499203 ^ load_slew39/Z (gf180mcu_fd_sc_mcu7t5v0__clkbuf_2)
                                                         net39 (net)
                      0.200109    0.000405   42.499607 ^ fanout33/I (gf180mcu_fd_sc_mcu7t5v0__dlyb_1)
     3    0.024201    0.391430    0.908614   43.408222 ^ fanout33/Z (gf180mcu_fd_sc_mcu7t5v0__dlyb_1)
                                                         net33 (net)
                      0.391430    0.000199   43.408421 ^ load_slew36/I (gf180mcu_fd_sc_mcu7t5v0__buf_2)
     3    0.021401    0.185261    0.252015   43.660435 ^ load_slew36/Z (gf180mcu_fd_sc_mcu7t5v0__buf_2)
                                                         net36 (net)
                      0.185262    0.000359   43.660797 ^ wire35/I (gf180mcu_fd_sc_mcu7t5v0__buf_1)
     4    0.030995    0.478889    0.409649   44.070446 ^ wire35/Z (gf180mcu_fd_sc_mcu7t5v0__buf_1)
                                                         net35 (net)
                      0.478889    0.000377   44.070820 ^ _218_/RN (gf180mcu_fd_sc_mcu7t5v0__dffrnq_1)
                                             44.070820   data arrival time

                                  0.000000    0.000000   clock clk (rise edge)
                                  0.000000    0.000000   clock source latency
     1    0.036057    0.156044    0.079831    0.079831 ^ clk (in)
                                                         clk (net)
                      0.156052    0.000000    0.079831 ^ clkbuf_0_clk/I (gf180mcu_fd_sc_mcu7t5v0__clkbuf_16)
     8    0.192072    0.206389    0.291489    0.371320 ^ clkbuf_0_clk/Z (gf180mcu_fd_sc_mcu7t5v0__clkbuf_16)
                                                         clknet_0_clk (net)
                      0.206392    0.001174    0.372493 ^ clkbuf_3_2__f_clk/I (gf180mcu_fd_sc_mcu7t5v0__clkbuf_16)
     6    0.026285    0.075938    0.209188    0.581681 ^ clkbuf_3_2__f_clk/Z (gf180mcu_fd_sc_mcu7t5v0__clkbuf_16)
                                                         clknet_3_2__leaf_clk (net)
                      0.075938    0.000178    0.581859 ^ _218_/CLK (gf180mcu_fd_sc_mcu7t5v0__dffrnq_1)
                                  0.250000    0.831859   clock uncertainty
                                  0.000000    0.831859   clock reconvergence pessimism
                                  0.336075    1.167934   library removal time
                                              1.167934   data required time
---------------------------------------------------------------------------------------------
                                              1.167934   data required time
                                            -44.070820   data arrival time
---------------------------------------------------------------------------------------------
                                             42.902889   slack (MET)


Startpoint: rst_n (input port clocked by clk)
Endpoint: _219_ (removal check against rising-edge clock clk)
Path Group: asynchronous
Path Type: min

Fanout         Cap        Slew       Delay        Time   Description
---------------------------------------------------------------------------------------------
                                  0.000000    0.000000   clock clk (rise edge)
                                  0.000000    0.000000   clock network delay (propagated)
                                 40.000000   40.000000 ^ input external delay
     1    0.004491    0.104330    0.039517   40.039516 ^ rst_n (in)
                                                         rst_n (net)
                      0.104330    0.000000   40.039516 ^ input4/I (gf180mcu_fd_sc_mcu7t5v0__buf_1)
     1    0.005625    0.127592    0.182929   40.222446 ^ input4/Z (gf180mcu_fd_sc_mcu7t5v0__buf_1)
                                                         net4 (net)
                      0.127592    0.000124   40.222572 ^ fanout49/I (gf180mcu_fd_sc_mcu7t5v0__dlyb_1)
     1    0.005658    0.148276    0.740119   40.962692 ^ fanout49/Z (gf180mcu_fd_sc_mcu7t5v0__dlyb_1)
                                                         net49 (net)
                      0.148276    0.000121   40.962811 ^ wire51/I (gf180mcu_fd_sc_mcu7t5v0__buf_1)
     4    0.025445    0.400946    0.356920   41.319733 ^ wire51/Z (gf180mcu_fd_sc_mcu7t5v0__buf_1)
                                                         net51 (net)
                      0.400948    0.000419   41.320148 ^ fanout37/I (gf180mcu_fd_sc_mcu7t5v0__dlyb_1)
     3    0.018468    0.315537    0.873722   42.193874 ^ fanout37/Z (gf180mcu_fd_sc_mcu7t5v0__dlyb_1)
                                                         net37 (net)
                      0.315537    0.000405   42.194279 ^ load_slew39/I (gf180mcu_fd_sc_mcu7t5v0__clkbuf_2)
     3    0.023354    0.200109    0.304926   42.499203 ^ load_slew39/Z (gf180mcu_fd_sc_mcu7t5v0__clkbuf_2)
                                                         net39 (net)
                      0.200109    0.000405   42.499607 ^ fanout33/I (gf180mcu_fd_sc_mcu7t5v0__dlyb_1)
     3    0.024201    0.391430    0.908614   43.408222 ^ fanout33/Z (gf180mcu_fd_sc_mcu7t5v0__dlyb_1)
                                                         net33 (net)
                      0.391430    0.000199   43.408421 ^ load_slew36/I (gf180mcu_fd_sc_mcu7t5v0__buf_2)
     3    0.021401    0.185261    0.252015   43.660435 ^ load_slew36/Z (gf180mcu_fd_sc_mcu7t5v0__buf_2)
                                                         net36 (net)
                      0.185262    0.000359   43.660797 ^ wire35/I (gf180mcu_fd_sc_mcu7t5v0__buf_1)
     4    0.030995    0.478889    0.409649   44.070446 ^ wire35/Z (gf180mcu_fd_sc_mcu7t5v0__buf_1)
                                                         net35 (net)
                      0.478889    0.000426   44.070869 ^ _219_/RN (gf180mcu_fd_sc_mcu7t5v0__dffrnq_1)
                                             44.070869   data arrival time

                                  0.000000    0.000000   clock clk (rise edge)
                                  0.000000    0.000000   clock source latency
     1    0.036057    0.156044    0.079831    0.079831 ^ clk (in)
                                                         clk (net)
                      0.156052    0.000000    0.079831 ^ clkbuf_0_clk/I (gf180mcu_fd_sc_mcu7t5v0__clkbuf_16)
     8    0.192072    0.206389    0.291489    0.371320 ^ clkbuf_0_clk/Z (gf180mcu_fd_sc_mcu7t5v0__clkbuf_16)
                                                         clknet_0_clk (net)
                      0.206392    0.001174    0.372493 ^ clkbuf_3_2__f_clk/I (gf180mcu_fd_sc_mcu7t5v0__clkbuf_16)
     6    0.026285    0.075938    0.209188    0.581681 ^ clkbuf_3_2__f_clk/Z (gf180mcu_fd_sc_mcu7t5v0__clkbuf_16)
                                                         clknet_3_2__leaf_clk (net)
                      0.075938    0.000209    0.581889 ^ _219_/CLK (gf180mcu_fd_sc_mcu7t5v0__dffrnq_1)
                                  0.250000    0.831889   clock uncertainty
                                  0.000000    0.831889   clock reconvergence pessimism
                                  0.336075    1.167964   library removal time
                                              1.167964   data required time
---------------------------------------------------------------------------------------------
                                              1.167964   data required time
                                            -44.070869   data arrival time
---------------------------------------------------------------------------------------------
                                             42.902905   slack (MET)


Startpoint: rst_n (input port clocked by clk)
Endpoint: _221_ (removal check against rising-edge clock clk)
Path Group: asynchronous
Path Type: min

Fanout         Cap        Slew       Delay        Time   Description
---------------------------------------------------------------------------------------------
                                  0.000000    0.000000   clock clk (rise edge)
                                  0.000000    0.000000   clock network delay (propagated)
                                 40.000000   40.000000 ^ input external delay
     1    0.004491    0.104330    0.039517   40.039516 ^ rst_n (in)
                                                         rst_n (net)
                      0.104330    0.000000   40.039516 ^ input4/I (gf180mcu_fd_sc_mcu7t5v0__buf_1)
     1    0.005625    0.127592    0.182929   40.222446 ^ input4/Z (gf180mcu_fd_sc_mcu7t5v0__buf_1)
                                                         net4 (net)
                      0.127592    0.000124   40.222572 ^ fanout49/I (gf180mcu_fd_sc_mcu7t5v0__dlyb_1)
     1    0.005658    0.148276    0.740119   40.962692 ^ fanout49/Z (gf180mcu_fd_sc_mcu7t5v0__dlyb_1)
                                                         net49 (net)
                      0.148276    0.000121   40.962811 ^ wire51/I (gf180mcu_fd_sc_mcu7t5v0__buf_1)
     4    0.025445    0.400946    0.356920   41.319733 ^ wire51/Z (gf180mcu_fd_sc_mcu7t5v0__buf_1)
                                                         net51 (net)
                      0.400948    0.000419   41.320148 ^ fanout37/I (gf180mcu_fd_sc_mcu7t5v0__dlyb_1)
     3    0.018468    0.315537    0.873722   42.193874 ^ fanout37/Z (gf180mcu_fd_sc_mcu7t5v0__dlyb_1)
                                                         net37 (net)
                      0.315537    0.000405   42.194279 ^ load_slew39/I (gf180mcu_fd_sc_mcu7t5v0__clkbuf_2)
     3    0.023354    0.200109    0.304926   42.499203 ^ load_slew39/Z (gf180mcu_fd_sc_mcu7t5v0__clkbuf_2)
                                                         net39 (net)
                      0.200109    0.000405   42.499607 ^ fanout33/I (gf180mcu_fd_sc_mcu7t5v0__dlyb_1)
     3    0.024201    0.391430    0.908614   43.408222 ^ fanout33/Z (gf180mcu_fd_sc_mcu7t5v0__dlyb_1)
                                                         net33 (net)
                      0.391430    0.000199   43.408421 ^ load_slew36/I (gf180mcu_fd_sc_mcu7t5v0__buf_2)
     3    0.021401    0.185261    0.252015   43.660435 ^ load_slew36/Z (gf180mcu_fd_sc_mcu7t5v0__buf_2)
                                                         net36 (net)
                      0.185262    0.000359   43.660797 ^ wire35/I (gf180mcu_fd_sc_mcu7t5v0__buf_1)
     4    0.030995    0.478889    0.409649   44.070446 ^ wire35/Z (gf180mcu_fd_sc_mcu7t5v0__buf_1)
                                                         net35 (net)
                      0.478889    0.000327   44.070770 ^ _221_/RN (gf180mcu_fd_sc_mcu7t5v0__dffrnq_1)
                                             44.070770   data arrival time

                                  0.000000    0.000000   clock clk (rise edge)
                                  0.000000    0.000000   clock source latency
     1    0.036057    0.156044    0.079831    0.079831 ^ clk (in)
                                                         clk (net)
                      0.156052    0.000000    0.079831 ^ clkbuf_0_clk/I (gf180mcu_fd_sc_mcu7t5v0__clkbuf_16)
     8    0.192072    0.206389    0.291489    0.371320 ^ clkbuf_0_clk/Z (gf180mcu_fd_sc_mcu7t5v0__clkbuf_16)
                                                         clknet_0_clk (net)
                      0.206392    0.001174    0.372493 ^ clkbuf_3_2__f_clk/I (gf180mcu_fd_sc_mcu7t5v0__clkbuf_16)
     6    0.026285    0.075938    0.209188    0.581681 ^ clkbuf_3_2__f_clk/Z (gf180mcu_fd_sc_mcu7t5v0__clkbuf_16)
                                                         clknet_3_2__leaf_clk (net)
                      0.075938    0.000138    0.581818 ^ _221_/CLK (gf180mcu_fd_sc_mcu7t5v0__dffrnq_1)
                                  0.250000    0.831818   clock uncertainty
                                  0.000000    0.831818   clock reconvergence pessimism
                                  0.336075    1.167893   library removal time
                                              1.167893   data required time
---------------------------------------------------------------------------------------------
                                              1.167893   data required time
                                            -44.070770   data arrival time
---------------------------------------------------------------------------------------------
                                             42.902878   slack (MET)


Startpoint: rst_n (input port clocked by clk)
Endpoint: _220_ (removal check against rising-edge clock clk)
Path Group: asynchronous
Path Type: min

Fanout         Cap        Slew       Delay        Time   Description
---------------------------------------------------------------------------------------------
                                  0.000000    0.000000   clock clk (rise edge)
                                  0.000000    0.000000   clock network delay (propagated)
                                 40.000000   40.000000 ^ input external delay
     1    0.004491    0.104330    0.039517   40.039516 ^ rst_n (in)
                                                         rst_n (net)
                      0.104330    0.000000   40.039516 ^ input4/I (gf180mcu_fd_sc_mcu7t5v0__buf_1)
     1    0.005625    0.127592    0.182929   40.222446 ^ input4/Z (gf180mcu_fd_sc_mcu7t5v0__buf_1)
                                                         net4 (net)
                      0.127592    0.000124   40.222572 ^ fanout49/I (gf180mcu_fd_sc_mcu7t5v0__dlyb_1)
     1    0.005658    0.148276    0.740119   40.962692 ^ fanout49/Z (gf180mcu_fd_sc_mcu7t5v0__dlyb_1)
                                                         net49 (net)
                      0.148276    0.000121   40.962811 ^ wire51/I (gf180mcu_fd_sc_mcu7t5v0__buf_1)
     4    0.025445    0.400946    0.356920   41.319733 ^ wire51/Z (gf180mcu_fd_sc_mcu7t5v0__buf_1)
                                                         net51 (net)
                      0.400948    0.000419   41.320148 ^ fanout37/I (gf180mcu_fd_sc_mcu7t5v0__dlyb_1)
     3    0.018468    0.315537    0.873722   42.193874 ^ fanout37/Z (gf180mcu_fd_sc_mcu7t5v0__dlyb_1)
                                                         net37 (net)
                      0.315537    0.000405   42.194279 ^ load_slew39/I (gf180mcu_fd_sc_mcu7t5v0__clkbuf_2)
     3    0.023354    0.200109    0.304926   42.499203 ^ load_slew39/Z (gf180mcu_fd_sc_mcu7t5v0__clkbuf_2)
                                                         net39 (net)
                      0.200109    0.000405   42.499607 ^ fanout33/I (gf180mcu_fd_sc_mcu7t5v0__dlyb_1)
     3    0.024201    0.391430    0.908614   43.408222 ^ fanout33/Z (gf180mcu_fd_sc_mcu7t5v0__dlyb_1)
                                                         net33 (net)
                      0.391430    0.000199   43.408421 ^ load_slew36/I (gf180mcu_fd_sc_mcu7t5v0__buf_2)
     3    0.021401    0.185261    0.252015   43.660435 ^ load_slew36/Z (gf180mcu_fd_sc_mcu7t5v0__buf_2)
                                                         net36 (net)
                      0.185262    0.000359   43.660797 ^ wire35/I (gf180mcu_fd_sc_mcu7t5v0__buf_1)
     4    0.030995    0.478889    0.409649   44.070446 ^ wire35/Z (gf180mcu_fd_sc_mcu7t5v0__buf_1)
                                                         net35 (net)
                      0.478889    0.000473   44.070915 ^ load_slew34/I (gf180mcu_fd_sc_mcu7t5v0__clkbuf_2)
     3    0.026798    0.225583    0.343960   44.414875 ^ load_slew34/Z (gf180mcu_fd_sc_mcu7t5v0__clkbuf_2)
                                                         net34 (net)
                      0.225584    0.000551   44.415428 ^ _220_/RN (gf180mcu_fd_sc_mcu7t5v0__dffrnq_1)
                                             44.415428   data arrival time

                                  0.000000    0.000000   clock clk (rise edge)
                                  0.000000    0.000000   clock source latency
     1    0.036057    0.156044    0.079831    0.079831 ^ clk (in)
                                                         clk (net)
                      0.156052    0.000000    0.079831 ^ clkbuf_0_clk/I (gf180mcu_fd_sc_mcu7t5v0__clkbuf_16)
     8    0.192072    0.206389    0.291489    0.371320 ^ clkbuf_0_clk/Z (gf180mcu_fd_sc_mcu7t5v0__clkbuf_16)
                                                         clknet_0_clk (net)
                      0.206393    0.001416    0.372735 ^ clkbuf_3_0__f_clk/I (gf180mcu_fd_sc_mcu7t5v0__clkbuf_16)
     6    0.027601    0.076961    0.210094    0.582829 ^ clkbuf_3_0__f_clk/Z (gf180mcu_fd_sc_mcu7t5v0__clkbuf_16)
                                                         clknet_3_0__leaf_clk (net)
                      0.076961    0.000068    0.582897 ^ _220_/CLK (gf180mcu_fd_sc_mcu7t5v0__dffrnq_1)
                                  0.250000    0.832897   clock uncertainty
                                  0.000000    0.832897   clock reconvergence pessimism
                                  0.307954    1.140851   library removal time
                                              1.140851   data required time
---------------------------------------------------------------------------------------------
                                              1.140851   data required time
                                            -44.415428   data arrival time
---------------------------------------------------------------------------------------------
                                             43.274578   slack (MET)


Startpoint: rst_n (input port clocked by clk)
Endpoint: _216_ (removal check against rising-edge clock clk)
Path Group: asynchronous
Path Type: min

Fanout         Cap        Slew       Delay        Time   Description
---------------------------------------------------------------------------------------------
                                  0.000000    0.000000   clock clk (rise edge)
                                  0.000000    0.000000   clock network delay (propagated)
                                 40.000000   40.000000 ^ input external delay
     1    0.004491    0.104330    0.039517   40.039516 ^ rst_n (in)
                                                         rst_n (net)
                      0.104330    0.000000   40.039516 ^ input4/I (gf180mcu_fd_sc_mcu7t5v0__buf_1)
     1    0.005625    0.127592    0.182929   40.222446 ^ input4/Z (gf180mcu_fd_sc_mcu7t5v0__buf_1)
                                                         net4 (net)
                      0.127592    0.000124   40.222572 ^ fanout49/I (gf180mcu_fd_sc_mcu7t5v0__dlyb_1)
     1    0.005658    0.148276    0.740119   40.962692 ^ fanout49/Z (gf180mcu_fd_sc_mcu7t5v0__dlyb_1)
                                                         net49 (net)
                      0.148276    0.000121   40.962811 ^ wire51/I (gf180mcu_fd_sc_mcu7t5v0__buf_1)
     4    0.025445    0.400946    0.356920   41.319733 ^ wire51/Z (gf180mcu_fd_sc_mcu7t5v0__buf_1)
                                                         net51 (net)
                      0.400948    0.000419   41.320148 ^ fanout37/I (gf180mcu_fd_sc_mcu7t5v0__dlyb_1)
     3    0.018468    0.315537    0.873722   42.193874 ^ fanout37/Z (gf180mcu_fd_sc_mcu7t5v0__dlyb_1)
                                                         net37 (net)
                      0.315537    0.000405   42.194279 ^ load_slew39/I (gf180mcu_fd_sc_mcu7t5v0__clkbuf_2)
     3    0.023354    0.200109    0.304926   42.499203 ^ load_slew39/Z (gf180mcu_fd_sc_mcu7t5v0__clkbuf_2)
                                                         net39 (net)
                      0.200109    0.000405   42.499607 ^ fanout33/I (gf180mcu_fd_sc_mcu7t5v0__dlyb_1)
     3    0.024201    0.391430    0.908614   43.408222 ^ fanout33/Z (gf180mcu_fd_sc_mcu7t5v0__dlyb_1)
                                                         net33 (net)
                      0.391430    0.000199   43.408421 ^ load_slew36/I (gf180mcu_fd_sc_mcu7t5v0__buf_2)
     3    0.021401    0.185261    0.252015   43.660435 ^ load_slew36/Z (gf180mcu_fd_sc_mcu7t5v0__buf_2)
                                                         net36 (net)
                      0.185262    0.000359   43.660797 ^ wire35/I (gf180mcu_fd_sc_mcu7t5v0__buf_1)
     4    0.030995    0.478889    0.409649   44.070446 ^ wire35/Z (gf180mcu_fd_sc_mcu7t5v0__buf_1)
                                                         net35 (net)
                      0.478889    0.000473   44.070915 ^ load_slew34/I (gf180mcu_fd_sc_mcu7t5v0__clkbuf_2)
     3    0.026798    0.225583    0.343960   44.414875 ^ load_slew34/Z (gf180mcu_fd_sc_mcu7t5v0__clkbuf_2)
                                                         net34 (net)
                      0.225584    0.000487   44.415363 ^ _216_/RN (gf180mcu_fd_sc_mcu7t5v0__dffrnq_1)
                                             44.415363   data arrival time

                                  0.000000    0.000000   clock clk (rise edge)
                                  0.000000    0.000000   clock source latency
     1    0.036057    0.156044    0.079831    0.079831 ^ clk (in)
                                                         clk (net)
                      0.156052    0.000000    0.079831 ^ clkbuf_0_clk/I (gf180mcu_fd_sc_mcu7t5v0__clkbuf_16)
     8    0.192072    0.206389    0.291489    0.371320 ^ clkbuf_0_clk/Z (gf180mcu_fd_sc_mcu7t5v0__clkbuf_16)
                                                         clknet_0_clk (net)
                      0.206392    0.001174    0.372493 ^ clkbuf_3_2__f_clk/I (gf180mcu_fd_sc_mcu7t5v0__clkbuf_16)
     6    0.026285    0.075938    0.209188    0.581681 ^ clkbuf_3_2__f_clk/Z (gf180mcu_fd_sc_mcu7t5v0__clkbuf_16)
                                                         clknet_3_2__leaf_clk (net)
                      0.075938    0.000281    0.581962 ^ _216_/CLK (gf180mcu_fd_sc_mcu7t5v0__dffrnq_1)
                                  0.250000    0.831962   clock uncertainty
                                  0.000000    0.831962   clock reconvergence pessimism
                                  0.307754    1.139716   library removal time
                                              1.139716   data required time
---------------------------------------------------------------------------------------------
                                              1.139716   data required time
                                            -44.415363   data arrival time
---------------------------------------------------------------------------------------------
                                             43.275650   slack (MET)


Startpoint: rst_n (input port clocked by clk)
Endpoint: _217_ (removal check against rising-edge clock clk)
Path Group: asynchronous
Path Type: min

Fanout         Cap        Slew       Delay        Time   Description
---------------------------------------------------------------------------------------------
                                  0.000000    0.000000   clock clk (rise edge)
                                  0.000000    0.000000   clock network delay (propagated)
                                 40.000000   40.000000 ^ input external delay
     1    0.004491    0.104330    0.039517   40.039516 ^ rst_n (in)
                                                         rst_n (net)
                      0.104330    0.000000   40.039516 ^ input4/I (gf180mcu_fd_sc_mcu7t5v0__buf_1)
     1    0.005625    0.127592    0.182929   40.222446 ^ input4/Z (gf180mcu_fd_sc_mcu7t5v0__buf_1)
                                                         net4 (net)
                      0.127592    0.000124   40.222572 ^ fanout49/I (gf180mcu_fd_sc_mcu7t5v0__dlyb_1)
     1    0.005658    0.148276    0.740119   40.962692 ^ fanout49/Z (gf180mcu_fd_sc_mcu7t5v0__dlyb_1)
                                                         net49 (net)
                      0.148276    0.000121   40.962811 ^ wire51/I (gf180mcu_fd_sc_mcu7t5v0__buf_1)
     4    0.025445    0.400946    0.356920   41.319733 ^ wire51/Z (gf180mcu_fd_sc_mcu7t5v0__buf_1)
                                                         net51 (net)
                      0.400948    0.000419   41.320148 ^ fanout37/I (gf180mcu_fd_sc_mcu7t5v0__dlyb_1)
     3    0.018468    0.315537    0.873722   42.193874 ^ fanout37/Z (gf180mcu_fd_sc_mcu7t5v0__dlyb_1)
                                                         net37 (net)
                      0.315537    0.000405   42.194279 ^ load_slew39/I (gf180mcu_fd_sc_mcu7t5v0__clkbuf_2)
     3    0.023354    0.200109    0.304926   42.499203 ^ load_slew39/Z (gf180mcu_fd_sc_mcu7t5v0__clkbuf_2)
                                                         net39 (net)
                      0.200109    0.000405   42.499607 ^ fanout33/I (gf180mcu_fd_sc_mcu7t5v0__dlyb_1)
     3    0.024201    0.391430    0.908614   43.408222 ^ fanout33/Z (gf180mcu_fd_sc_mcu7t5v0__dlyb_1)
                                                         net33 (net)
                      0.391430    0.000199   43.408421 ^ load_slew36/I (gf180mcu_fd_sc_mcu7t5v0__buf_2)
     3    0.021401    0.185261    0.252015   43.660435 ^ load_slew36/Z (gf180mcu_fd_sc_mcu7t5v0__buf_2)
                                                         net36 (net)
                      0.185262    0.000359   43.660797 ^ wire35/I (gf180mcu_fd_sc_mcu7t5v0__buf_1)
     4    0.030995    0.478889    0.409649   44.070446 ^ wire35/Z (gf180mcu_fd_sc_mcu7t5v0__buf_1)
                                                         net35 (net)
                      0.478889    0.000473   44.070915 ^ load_slew34/I (gf180mcu_fd_sc_mcu7t5v0__clkbuf_2)
     3    0.026798    0.225583    0.343960   44.414875 ^ load_slew34/Z (gf180mcu_fd_sc_mcu7t5v0__clkbuf_2)
                                                         net34 (net)
                      0.225584    0.000544   44.415421 ^ _217_/RN (gf180mcu_fd_sc_mcu7t5v0__dffrnq_1)
                                             44.415421   data arrival time

                                  0.000000    0.000000   clock clk (rise edge)
                                  0.000000    0.000000   clock source latency
     1    0.036057    0.156044    0.079831    0.079831 ^ clk (in)
                                                         clk (net)
                      0.156052    0.000000    0.079831 ^ clkbuf_0_clk/I (gf180mcu_fd_sc_mcu7t5v0__clkbuf_16)
     8    0.192072    0.206389    0.291489    0.371320 ^ clkbuf_0_clk/Z (gf180mcu_fd_sc_mcu7t5v0__clkbuf_16)
                                                         clknet_0_clk (net)
                      0.206392    0.001174    0.372493 ^ clkbuf_3_2__f_clk/I (gf180mcu_fd_sc_mcu7t5v0__clkbuf_16)
     6    0.026285    0.075938    0.209188    0.581681 ^ clkbuf_3_2__f_clk/Z (gf180mcu_fd_sc_mcu7t5v0__clkbuf_16)
                                                         clknet_3_2__leaf_clk (net)
                      0.075938    0.000290    0.581971 ^ _217_/CLK (gf180mcu_fd_sc_mcu7t5v0__dffrnq_1)
                                  0.250000    0.831971   clock uncertainty
                                  0.000000    0.831971   clock reconvergence pessimism
                                  0.307754    1.139725   library removal time
                                              1.139725   data required time
---------------------------------------------------------------------------------------------
                                              1.139725   data required time
                                            -44.415421   data arrival time
---------------------------------------------------------------------------------------------
                                             43.275696   slack (MET)



%OL_END_REPORT
%OL_CREATE_REPORT max.rpt

===========================================================================
report_checks -path_delay max (Setup)
============================================================================
======================= min_ff_n40C_3v60 Corner ===================================

Startpoint: soft_rst_n (input port clocked by clk)
Endpoint: _242_ (rising edge-triggered flip-flop clocked by clk)
Path Group: clk
Path Type: max

Fanout         Cap        Slew       Delay        Time   Description
---------------------------------------------------------------------------------------------
                                  0.000000    0.000000   clock clk (rise edge)
                                  0.000000    0.000000   clock network delay (propagated)
                                 40.000000   40.000000 ^ input external delay
     1    0.004580    0.105568    0.040274   40.040276 ^ soft_rst_n (in)
                                                         soft_rst_n (net)
                      0.105568    0.000000   40.040276 ^ input5/I (gf180mcu_fd_sc_mcu7t5v0__buf_1)
     5    0.027012    0.422723    0.362000   40.402275 ^ input5/Z (gf180mcu_fd_sc_mcu7t5v0__buf_1)
                                                         net5 (net)
                      0.422723    0.000348   40.402622 ^ fanout29/I (gf180mcu_fd_sc_mcu7t5v0__dlyb_1)
     2    0.010521    0.210077    0.807773   41.210396 ^ fanout29/Z (gf180mcu_fd_sc_mcu7t5v0__dlyb_1)
                                                         net29 (net)
                      0.210077    0.000167   41.210564 ^ wire32/I (gf180mcu_fd_sc_mcu7t5v0__buf_1)
     4    0.031070    0.479702    0.412179   41.622742 ^ wire32/Z (gf180mcu_fd_sc_mcu7t5v0__buf_1)
                                                         net32 (net)
                      0.479708    0.000956   41.623699 ^ load_slew31/I (gf180mcu_fd_sc_mcu7t5v0__clkbuf_2)
     4    0.030912    0.253349    0.361066   41.984764 ^ load_slew31/Z (gf180mcu_fd_sc_mcu7t5v0__clkbuf_2)
                                                         net31 (net)
                      0.253350    0.000490   41.985252 ^ load_slew30/I (gf180mcu_fd_sc_mcu7t5v0__clkbuf_1)
     3    0.024614    0.383996    0.363102   42.348354 ^ load_slew30/Z (gf180mcu_fd_sc_mcu7t5v0__clkbuf_1)
                                                         net30 (net)
                      0.383996    0.000359   42.348713 ^ _108_/I (gf180mcu_fd_sc_mcu7t5v0__clkinv_1)
     4    0.025004    0.357021    0.303086   42.651798 v _108_/ZN (gf180mcu_fd_sc_mcu7t5v0__clkinv_1)
                                                         _101_ (net)
                      0.357021    0.000199   42.652000 v _142_/A1 (gf180mcu_fd_sc_mcu7t5v0__nor2_1)
     2    0.009906    0.356758    0.301224   42.953224 ^ _142_/ZN (gf180mcu_fd_sc_mcu7t5v0__nor2_1)
                                                         _054_ (net)
                      0.356758    0.000121   42.953342 ^ fanout21/I (gf180mcu_fd_sc_mcu7t5v0__dlyb_1)
     4    0.024224    0.392102    0.918906   43.872250 ^ fanout21/Z (gf180mcu_fd_sc_mcu7t5v0__dlyb_1)
                                                         net21 (net)
                      0.392102    0.000352   43.872601 ^ load_slew23/I (gf180mcu_fd_sc_mcu7t5v0__buf_2)
     3    0.023413    0.198206    0.260336   44.132938 ^ load_slew23/Z (gf180mcu_fd_sc_mcu7t5v0__buf_2)
                                                         net23 (net)
                      0.198207    0.000718   44.133656 ^ _180_/A2 (gf180mcu_fd_sc_mcu7t5v0__nand2_1)
     3    0.017843    0.299688    0.196597   44.330250 v _180_/ZN (gf180mcu_fd_sc_mcu7t5v0__nand2_1)
                                                         _080_ (net)
                      0.299688    0.000266   44.330517 v _191_/A2 (gf180mcu_fd_sc_mcu7t5v0__oai31_1)
     1    0.004311    0.446936    0.355232   44.685749 ^ _191_/ZN (gf180mcu_fd_sc_mcu7t5v0__oai31_1)
                                                         _029_ (net)
                      0.446936    0.000085   44.685837 ^ _242_/D (gf180mcu_fd_sc_mcu7t5v0__dffrnq_1)
                                             44.685837   data arrival time

                                200.000000  200.000000   clock clk (rise edge)
                                  0.000000  200.000000   clock source latency
     1    0.036057    0.156044    0.079837  200.079834 ^ clk (in)
                                                         clk (net)
                      0.156052    0.000000  200.079834 ^ clkbuf_0_clk/I (gf180mcu_fd_sc_mcu7t5v0__clkbuf_16)
     8    0.192072    0.206389    0.291479  200.371307 ^ clkbuf_0_clk/Z (gf180mcu_fd_sc_mcu7t5v0__clkbuf_16)
                                                         clknet_0_clk (net)
                      0.206393    0.001421  200.372726 ^ clkbuf_3_0__f_clk/I (gf180mcu_fd_sc_mcu7t5v0__clkbuf_16)
     6    0.027601    0.076961    0.210093  200.582825 ^ clkbuf_3_0__f_clk/Z (gf180mcu_fd_sc_mcu7t5v0__clkbuf_16)
                                                         clknet_3_0__leaf_clk (net)
                      0.076961    0.000313  200.583130 ^ _242_/CLK (gf180mcu_fd_sc_mcu7t5v0__dffrnq_1)
                                 -0.250000  200.333145   clock uncertainty
                                  0.000000  200.333145   clock reconvergence pessimism
                                 -0.305931  200.027206   library setup time
                                            200.027206   data required time
---------------------------------------------------------------------------------------------
                                            200.027206   data required time
                                            -44.685837   data arrival time
---------------------------------------------------------------------------------------------
                                            155.341370   slack (MET)


Startpoint: soft_rst_n (input port clocked by clk)
Endpoint: _240_ (rising edge-triggered flip-flop clocked by clk)
Path Group: clk
Path Type: max

Fanout         Cap        Slew       Delay        Time   Description
---------------------------------------------------------------------------------------------
                                  0.000000    0.000000   clock clk (rise edge)
                                  0.000000    0.000000   clock network delay (propagated)
                                 40.000000   40.000000 ^ input external delay
     1    0.004580    0.105568    0.040274   40.040276 ^ soft_rst_n (in)
                                                         soft_rst_n (net)
                      0.105568    0.000000   40.040276 ^ input5/I (gf180mcu_fd_sc_mcu7t5v0__buf_1)
     5    0.027012    0.422723    0.362000   40.402275 ^ input5/Z (gf180mcu_fd_sc_mcu7t5v0__buf_1)
                                                         net5 (net)
                      0.422723    0.000348   40.402622 ^ fanout29/I (gf180mcu_fd_sc_mcu7t5v0__dlyb_1)
     2    0.010521    0.210077    0.807773   41.210396 ^ fanout29/Z (gf180mcu_fd_sc_mcu7t5v0__dlyb_1)
                                                         net29 (net)
                      0.210077    0.000167   41.210564 ^ wire32/I (gf180mcu_fd_sc_mcu7t5v0__buf_1)
     4    0.031070    0.479702    0.412179   41.622742 ^ wire32/Z (gf180mcu_fd_sc_mcu7t5v0__buf_1)
                                                         net32 (net)
                      0.479708    0.000956   41.623699 ^ load_slew31/I (gf180mcu_fd_sc_mcu7t5v0__clkbuf_2)
     4    0.030912    0.253349    0.361066   41.984764 ^ load_slew31/Z (gf180mcu_fd_sc_mcu7t5v0__clkbuf_2)
                                                         net31 (net)
                      0.253350    0.000490   41.985252 ^ load_slew30/I (gf180mcu_fd_sc_mcu7t5v0__clkbuf_1)
     3    0.024614    0.383996    0.363102   42.348354 ^ load_slew30/Z (gf180mcu_fd_sc_mcu7t5v0__clkbuf_1)
                                                         net30 (net)
                      0.383996    0.000359   42.348713 ^ _108_/I (gf180mcu_fd_sc_mcu7t5v0__clkinv_1)
     4    0.025004    0.357021    0.303086   42.651798 v _108_/ZN (gf180mcu_fd_sc_mcu7t5v0__clkinv_1)
                                                         _101_ (net)
                      0.357021    0.000199   42.652000 v _142_/A1 (gf180mcu_fd_sc_mcu7t5v0__nor2_1)
     2    0.009906    0.356758    0.301224   42.953224 ^ _142_/ZN (gf180mcu_fd_sc_mcu7t5v0__nor2_1)
                                                         _054_ (net)
                      0.356758    0.000121   42.953342 ^ fanout21/I (gf180mcu_fd_sc_mcu7t5v0__dlyb_1)
     4    0.024224    0.392102    0.918906   43.872250 ^ fanout21/Z (gf180mcu_fd_sc_mcu7t5v0__dlyb_1)
                                                         net21 (net)
                      0.392102    0.000352   43.872601 ^ load_slew23/I (gf180mcu_fd_sc_mcu7t5v0__buf_2)
     3    0.023413    0.198206    0.260336   44.132938 ^ load_slew23/Z (gf180mcu_fd_sc_mcu7t5v0__buf_2)
                                                         net23 (net)
                      0.198207    0.000718   44.133656 ^ _180_/A2 (gf180mcu_fd_sc_mcu7t5v0__nand2_1)
     3    0.017843    0.299688    0.196597   44.330250 v _180_/ZN (gf180mcu_fd_sc_mcu7t5v0__nand2_1)
                                                         _080_ (net)
                      0.299688    0.000274   44.330524 v _183_/B1 (gf180mcu_fd_sc_mcu7t5v0__oai22_1)
     1    0.003568    0.411978    0.314333   44.644859 ^ _183_/ZN (gf180mcu_fd_sc_mcu7t5v0__oai22_1)
                                                         _027_ (net)
                      0.411978    0.000036   44.644894 ^ _240_/D (gf180mcu_fd_sc_mcu7t5v0__dffrnq_1)
                                             44.644894   data arrival time

                                200.000000  200.000000   clock clk (rise edge)
                                  0.000000  200.000000   clock source latency
     1    0.036057    0.156044    0.079837  200.079834 ^ clk (in)
                                                         clk (net)
                      0.156052    0.000000  200.079834 ^ clkbuf_0_clk/I (gf180mcu_fd_sc_mcu7t5v0__clkbuf_16)
     8    0.192072    0.206389    0.291479  200.371307 ^ clkbuf_0_clk/Z (gf180mcu_fd_sc_mcu7t5v0__clkbuf_16)
                                                         clknet_0_clk (net)
                      0.206393    0.001421  200.372726 ^ clkbuf_3_0__f_clk/I (gf180mcu_fd_sc_mcu7t5v0__clkbuf_16)
     6    0.027601    0.076961    0.210093  200.582825 ^ clkbuf_3_0__f_clk/Z (gf180mcu_fd_sc_mcu7t5v0__clkbuf_16)
                                                         clknet_3_0__leaf_clk (net)
                      0.076961    0.000242  200.583069 ^ _240_/CLK (gf180mcu_fd_sc_mcu7t5v0__dffrnq_1)
                                 -0.250000  200.333069   clock uncertainty
                                  0.000000  200.333069   clock reconvergence pessimism
                                 -0.302081  200.030991   library setup time
                                            200.030991   data required time
---------------------------------------------------------------------------------------------
                                            200.030991   data required time
                                            -44.644894   data arrival time
---------------------------------------------------------------------------------------------
                                            155.386093   slack (MET)


Startpoint: soft_rst_n (input port clocked by clk)
Endpoint: _223_ (rising edge-triggered flip-flop clocked by clk)
Path Group: clk
Path Type: max

Fanout         Cap        Slew       Delay        Time   Description
---------------------------------------------------------------------------------------------
                                  0.000000    0.000000   clock clk (rise edge)
                                  0.000000    0.000000   clock network delay (propagated)
                                 40.000000   40.000000 ^ input external delay
     1    0.004580    0.105568    0.040274   40.040276 ^ soft_rst_n (in)
                                                         soft_rst_n (net)
                      0.105568    0.000000   40.040276 ^ input5/I (gf180mcu_fd_sc_mcu7t5v0__buf_1)
     5    0.027012    0.422723    0.362000   40.402275 ^ input5/Z (gf180mcu_fd_sc_mcu7t5v0__buf_1)
                                                         net5 (net)
                      0.422723    0.000348   40.402622 ^ fanout29/I (gf180mcu_fd_sc_mcu7t5v0__dlyb_1)
     2    0.010521    0.210077    0.807773   41.210396 ^ fanout29/Z (gf180mcu_fd_sc_mcu7t5v0__dlyb_1)
                                                         net29 (net)
                      0.210077    0.000167   41.210564 ^ wire32/I (gf180mcu_fd_sc_mcu7t5v0__buf_1)
     4    0.031070    0.479702    0.412179   41.622742 ^ wire32/Z (gf180mcu_fd_sc_mcu7t5v0__buf_1)
                                                         net32 (net)
                      0.479708    0.000956   41.623699 ^ load_slew31/I (gf180mcu_fd_sc_mcu7t5v0__clkbuf_2)
     4    0.030912    0.253349    0.361066   41.984764 ^ load_slew31/Z (gf180mcu_fd_sc_mcu7t5v0__clkbuf_2)
                                                         net31 (net)
                      0.253350    0.000490   41.985252 ^ load_slew30/I (gf180mcu_fd_sc_mcu7t5v0__clkbuf_1)
     3    0.024614    0.383996    0.363102   42.348354 ^ load_slew30/Z (gf180mcu_fd_sc_mcu7t5v0__clkbuf_1)
                                                         net30 (net)
                      0.383996    0.000359   42.348713 ^ _108_/I (gf180mcu_fd_sc_mcu7t5v0__clkinv_1)
     4    0.025004    0.357021    0.303086   42.651798 v _108_/ZN (gf180mcu_fd_sc_mcu7t5v0__clkinv_1)
                                                         _101_ (net)
                      0.357021    0.000199   42.652000 v _142_/A1 (gf180mcu_fd_sc_mcu7t5v0__nor2_1)
     2    0.009906    0.356758    0.301224   42.953224 ^ _142_/ZN (gf180mcu_fd_sc_mcu7t5v0__nor2_1)
                                                         _054_ (net)
                      0.356758    0.000121   42.953342 ^ fanout21/I (gf180mcu_fd_sc_mcu7t5v0__dlyb_1)
     4    0.024224    0.392102    0.918906   43.872250 ^ fanout21/Z (gf180mcu_fd_sc_mcu7t5v0__dlyb_1)
                                                         net21 (net)
                      0.392103    0.000558   43.872807 ^ wire22/I (gf180mcu_fd_sc_mcu7t5v0__buf_1)
     5    0.031162    0.480521    0.429498   44.302307 ^ wire22/Z (gf180mcu_fd_sc_mcu7t5v0__buf_1)
                                                         net22 (net)
                      0.480523    0.000504   44.302811 ^ _208_/A2 (gf180mcu_fd_sc_mcu7t5v0__nand2_1)
     1    0.006443    0.180757    0.120600   44.423409 v _208_/ZN (gf180mcu_fd_sc_mcu7t5v0__nand2_1)
                                                         _097_ (net)
                      0.180757    0.000131   44.423542 v _209_/B (gf180mcu_fd_sc_mcu7t5v0__oai21_1)
     1    0.004397    0.251948    0.191122   44.614662 ^ _209_/ZN (gf180mcu_fd_sc_mcu7t5v0__oai21_1)
                                                         _037_ (net)
                      0.251948    0.000085   44.614750 ^ _223_/D (gf180mcu_fd_sc_mcu7t5v0__dffrnq_1)
                                             44.614750   data arrival time

                                200.000000  200.000000   clock clk (rise edge)
                                  0.000000  200.000000   clock source latency
     1    0.036057    0.156044    0.079837  200.079834 ^ clk (in)
                                                         clk (net)
                      0.156052    0.000000  200.079834 ^ clkbuf_0_clk/I (gf180mcu_fd_sc_mcu7t5v0__clkbuf_16)
     8    0.192072    0.206389    0.291479  200.371307 ^ clkbuf_0_clk/Z (gf180mcu_fd_sc_mcu7t5v0__clkbuf_16)
                                                         clknet_0_clk (net)
                      0.206390    0.000838  200.372147 ^ clkbuf_3_3__f_clk/I (gf180mcu_fd_sc_mcu7t5v0__clkbuf_16)
     6    0.028960    0.078016    0.211017  200.583160 ^ clkbuf_3_3__f_clk/Z (gf180mcu_fd_sc_mcu7t5v0__clkbuf_16)
                                                         clknet_3_3__leaf_clk (net)
                      0.078016    0.000171  200.583328 ^ _223_/CLK (gf180mcu_fd_sc_mcu7t5v0__dffrnq_1)
                                 -0.250000  200.333344   clock uncertainty
                                  0.000000  200.333344   clock reconvergence pessimism
                                 -0.274478  200.058853   library setup time
                                            200.058853   data required time
---------------------------------------------------------------------------------------------
                                            200.058853   data required time
                                            -44.614750   data arrival time
---------------------------------------------------------------------------------------------
                                            155.444107   slack (MET)


Startpoint: soft_rst_n (input port clocked by clk)
Endpoint: _227_ (rising edge-triggered flip-flop clocked by clk)
Path Group: clk
Path Type: max

Fanout         Cap        Slew       Delay        Time   Description
---------------------------------------------------------------------------------------------
                                  0.000000    0.000000   clock clk (rise edge)
                                  0.000000    0.000000   clock network delay (propagated)
                                 40.000000   40.000000 ^ input external delay
     1    0.004580    0.105568    0.040274   40.040276 ^ soft_rst_n (in)
                                                         soft_rst_n (net)
                      0.105568    0.000000   40.040276 ^ input5/I (gf180mcu_fd_sc_mcu7t5v0__buf_1)
     5    0.027012    0.422723    0.362000   40.402275 ^ input5/Z (gf180mcu_fd_sc_mcu7t5v0__buf_1)
                                                         net5 (net)
                      0.422723    0.000348   40.402622 ^ fanout29/I (gf180mcu_fd_sc_mcu7t5v0__dlyb_1)
     2    0.010521    0.210077    0.807773   41.210396 ^ fanout29/Z (gf180mcu_fd_sc_mcu7t5v0__dlyb_1)
                                                         net29 (net)
                      0.210077    0.000167   41.210564 ^ wire32/I (gf180mcu_fd_sc_mcu7t5v0__buf_1)
     4    0.031070    0.479702    0.412179   41.622742 ^ wire32/Z (gf180mcu_fd_sc_mcu7t5v0__buf_1)
                                                         net32 (net)
                      0.479708    0.000956   41.623699 ^ load_slew31/I (gf180mcu_fd_sc_mcu7t5v0__clkbuf_2)
     4    0.030912    0.253349    0.361066   41.984764 ^ load_slew31/Z (gf180mcu_fd_sc_mcu7t5v0__clkbuf_2)
                                                         net31 (net)
                      0.253350    0.000490   41.985252 ^ load_slew30/I (gf180mcu_fd_sc_mcu7t5v0__clkbuf_1)
     3    0.024614    0.383996    0.363102   42.348354 ^ load_slew30/Z (gf180mcu_fd_sc_mcu7t5v0__clkbuf_1)
                                                         net30 (net)
                      0.383996    0.000359   42.348713 ^ _108_/I (gf180mcu_fd_sc_mcu7t5v0__clkinv_1)
     4    0.025004    0.357021    0.303086   42.651798 v _108_/ZN (gf180mcu_fd_sc_mcu7t5v0__clkinv_1)
                                                         _101_ (net)
                      0.357021    0.000199   42.652000 v _142_/A1 (gf180mcu_fd_sc_mcu7t5v0__nor2_1)
     2    0.009906    0.356758    0.301224   42.953224 ^ _142_/ZN (gf180mcu_fd_sc_mcu7t5v0__nor2_1)
                                                         _054_ (net)
                      0.356758    0.000121   42.953342 ^ fanout21/I (gf180mcu_fd_sc_mcu7t5v0__dlyb_1)
     4    0.024224    0.392102    0.918906   43.872250 ^ fanout21/Z (gf180mcu_fd_sc_mcu7t5v0__dlyb_1)
                                                         net21 (net)
                      0.392103    0.000558   43.872807 ^ wire22/I (gf180mcu_fd_sc_mcu7t5v0__buf_1)
     5    0.031162    0.480521    0.429498   44.302307 ^ wire22/Z (gf180mcu_fd_sc_mcu7t5v0__buf_1)
                                                         net22 (net)
                      0.480526    0.000810   44.303116 ^ _144_/A2 (gf180mcu_fd_sc_mcu7t5v0__nand2_1)
     1    0.006319    0.179572    0.119407   44.422523 v _144_/ZN (gf180mcu_fd_sc_mcu7t5v0__nand2_1)
                                                         _056_ (net)
                      0.179572    0.000131   44.422653 v _145_/B (gf180mcu_fd_sc_mcu7t5v0__oai21_1)
     1    0.004392    0.244790    0.190731   44.613384 ^ _145_/ZN (gf180mcu_fd_sc_mcu7t5v0__oai21_1)
                                                         _014_ (net)
                      0.244790    0.000082   44.613464 ^ _227_/D (gf180mcu_fd_sc_mcu7t5v0__dffrnq_1)
                                             44.613464   data arrival time

                                200.000000  200.000000   clock clk (rise edge)
                                  0.000000  200.000000   clock source latency
     1    0.036057    0.156044    0.079837  200.079834 ^ clk (in)
                                                         clk (net)
                      0.156052    0.000000  200.079834 ^ clkbuf_0_clk/I (gf180mcu_fd_sc_mcu7t5v0__clkbuf_16)
     8    0.192072    0.206389    0.291479  200.371307 ^ clkbuf_0_clk/Z (gf180mcu_fd_sc_mcu7t5v0__clkbuf_16)
                                                         clknet_0_clk (net)
                      0.206413    0.003340  200.374649 ^ clkbuf_3_6__f_clk/I (gf180mcu_fd_sc_mcu7t5v0__clkbuf_16)
     6    0.026024    0.075736    0.209042  200.583694 ^ clkbuf_3_6__f_clk/Z (gf180mcu_fd_sc_mcu7t5v0__clkbuf_16)
                                                         clknet_3_6__leaf_clk (net)
                      0.075736    0.000114  200.583801 ^ _227_/CLK (gf180mcu_fd_sc_mcu7t5v0__dffrnq_1)
                                 -0.250000  200.333801   clock uncertainty
                                  0.000000  200.333801   clock reconvergence pessimism
                                 -0.273725  200.060074   library setup time
                                            200.060074   data required time
---------------------------------------------------------------------------------------------
                                            200.060074   data required time
                                            -44.613464   data arrival time
---------------------------------------------------------------------------------------------
                                            155.446609   slack (MET)


Startpoint: soft_rst_n (input port clocked by clk)
Endpoint: _228_ (rising edge-triggered flip-flop clocked by clk)
Path Group: clk
Path Type: max

Fanout         Cap        Slew       Delay        Time   Description
---------------------------------------------------------------------------------------------
                                  0.000000    0.000000   clock clk (rise edge)
                                  0.000000    0.000000   clock network delay (propagated)
                                 40.000000   40.000000 ^ input external delay
     1    0.004580    0.105568    0.040274   40.040276 ^ soft_rst_n (in)
                                                         soft_rst_n (net)
                      0.105568    0.000000   40.040276 ^ input5/I (gf180mcu_fd_sc_mcu7t5v0__buf_1)
     5    0.027012    0.422723    0.362000   40.402275 ^ input5/Z (gf180mcu_fd_sc_mcu7t5v0__buf_1)
                                                         net5 (net)
                      0.422723    0.000348   40.402622 ^ fanout29/I (gf180mcu_fd_sc_mcu7t5v0__dlyb_1)
     2    0.010521    0.210077    0.807773   41.210396 ^ fanout29/Z (gf180mcu_fd_sc_mcu7t5v0__dlyb_1)
                                                         net29 (net)
                      0.210077    0.000167   41.210564 ^ wire32/I (gf180mcu_fd_sc_mcu7t5v0__buf_1)
     4    0.031070    0.479702    0.412179   41.622742 ^ wire32/Z (gf180mcu_fd_sc_mcu7t5v0__buf_1)
                                                         net32 (net)
                      0.479708    0.000956   41.623699 ^ load_slew31/I (gf180mcu_fd_sc_mcu7t5v0__clkbuf_2)
     4    0.030912    0.253349    0.361066   41.984764 ^ load_slew31/Z (gf180mcu_fd_sc_mcu7t5v0__clkbuf_2)
                                                         net31 (net)
                      0.253350    0.000490   41.985252 ^ load_slew30/I (gf180mcu_fd_sc_mcu7t5v0__clkbuf_1)
     3    0.024614    0.383996    0.363102   42.348354 ^ load_slew30/Z (gf180mcu_fd_sc_mcu7t5v0__clkbuf_1)
                                                         net30 (net)
                      0.383996    0.000359   42.348713 ^ _108_/I (gf180mcu_fd_sc_mcu7t5v0__clkinv_1)
     4    0.025004    0.357021    0.303086   42.651798 v _108_/ZN (gf180mcu_fd_sc_mcu7t5v0__clkinv_1)
                                                         _101_ (net)
                      0.357021    0.000199   42.652000 v _142_/A1 (gf180mcu_fd_sc_mcu7t5v0__nor2_1)
     2    0.009906    0.356758    0.301224   42.953224 ^ _142_/ZN (gf180mcu_fd_sc_mcu7t5v0__nor2_1)
                                                         _054_ (net)
                      0.356758    0.000121   42.953342 ^ fanout21/I (gf180mcu_fd_sc_mcu7t5v0__dlyb_1)
     4    0.024224    0.392102    0.918906   43.872250 ^ fanout21/Z (gf180mcu_fd_sc_mcu7t5v0__dlyb_1)
                                                         net21 (net)
                      0.392103    0.000558   43.872807 ^ wire22/I (gf180mcu_fd_sc_mcu7t5v0__buf_1)
     5    0.031162    0.480521    0.429498   44.302307 ^ wire22/Z (gf180mcu_fd_sc_mcu7t5v0__buf_1)
                                                         net22 (net)
                      0.480526    0.000821   44.303127 ^ _147_/A2 (gf180mcu_fd_sc_mcu7t5v0__nand2_1)
     1    0.005614    0.172818    0.112575   44.415699 v _147_/ZN (gf180mcu_fd_sc_mcu7t5v0__nand2_1)
                                                         _058_ (net)
                      0.172818    0.000107   44.415806 v _148_/B (gf180mcu_fd_sc_mcu7t5v0__oai21_1)
     1    0.003649    0.222199    0.181984   44.597790 ^ _148_/ZN (gf180mcu_fd_sc_mcu7t5v0__oai21_1)
                                                         _015_ (net)
                      0.222199    0.000036   44.597828 ^ _228_/D (gf180mcu_fd_sc_mcu7t5v0__dffrnq_1)
                                             44.597828   data arrival time

                                200.000000  200.000000   clock clk (rise edge)
                                  0.000000  200.000000   clock source latency
     1    0.036057    0.156044    0.079837  200.079834 ^ clk (in)
                                                         clk (net)
                      0.156052    0.000000  200.079834 ^ clkbuf_0_clk/I (gf180mcu_fd_sc_mcu7t5v0__clkbuf_16)
     8    0.192072    0.206389    0.291479  200.371307 ^ clkbuf_0_clk/Z (gf180mcu_fd_sc_mcu7t5v0__clkbuf_16)
                                                         clknet_0_clk (net)
                      0.206413    0.003340  200.374649 ^ clkbuf_3_6__f_clk/I (gf180mcu_fd_sc_mcu7t5v0__clkbuf_16)
     6    0.026024    0.075736    0.209042  200.583694 ^ clkbuf_3_6__f_clk/Z (gf180mcu_fd_sc_mcu7t5v0__clkbuf_16)
                                                         clknet_3_6__leaf_clk (net)
                      0.075736    0.000128  200.583817 ^ _228_/CLK (gf180mcu_fd_sc_mcu7t5v0__dffrnq_1)
                                 -0.250000  200.333817   clock uncertainty
                                  0.000000  200.333817   clock reconvergence pessimism
                                 -0.269860  200.063950   library setup time
                                            200.063950   data required time
---------------------------------------------------------------------------------------------
                                            200.063950   data required time
                                            -44.597828   data arrival time
---------------------------------------------------------------------------------------------
                                            155.466125   slack (MET)


Startpoint: soft_rst_n (input port clocked by clk)
Endpoint: _225_ (rising edge-triggered flip-flop clocked by clk)
Path Group: clk
Path Type: max

Fanout         Cap        Slew       Delay        Time   Description
---------------------------------------------------------------------------------------------
                                  0.000000    0.000000   clock clk (rise edge)
                                  0.000000    0.000000   clock network delay (propagated)
                                 40.000000   40.000000 ^ input external delay
     1    0.004580    0.105568    0.040274   40.040276 ^ soft_rst_n (in)
                                                         soft_rst_n (net)
                      0.105568    0.000000   40.040276 ^ input5/I (gf180mcu_fd_sc_mcu7t5v0__buf_1)
     5    0.027012    0.422723    0.362000   40.402275 ^ input5/Z (gf180mcu_fd_sc_mcu7t5v0__buf_1)
                                                         net5 (net)
                      0.422723    0.000348   40.402622 ^ fanout29/I (gf180mcu_fd_sc_mcu7t5v0__dlyb_1)
     2    0.010521    0.210077    0.807773   41.210396 ^ fanout29/Z (gf180mcu_fd_sc_mcu7t5v0__dlyb_1)
                                                         net29 (net)
                      0.210077    0.000167   41.210564 ^ wire32/I (gf180mcu_fd_sc_mcu7t5v0__buf_1)
     4    0.031070    0.479702    0.412179   41.622742 ^ wire32/Z (gf180mcu_fd_sc_mcu7t5v0__buf_1)
                                                         net32 (net)
                      0.479708    0.000956   41.623699 ^ load_slew31/I (gf180mcu_fd_sc_mcu7t5v0__clkbuf_2)
     4    0.030912    0.253349    0.361066   41.984764 ^ load_slew31/Z (gf180mcu_fd_sc_mcu7t5v0__clkbuf_2)
                                                         net31 (net)
                      0.253350    0.000490   41.985252 ^ load_slew30/I (gf180mcu_fd_sc_mcu7t5v0__clkbuf_1)
     3    0.024614    0.383996    0.363102   42.348354 ^ load_slew30/Z (gf180mcu_fd_sc_mcu7t5v0__clkbuf_1)
                                                         net30 (net)
                      0.383996    0.000359   42.348713 ^ _108_/I (gf180mcu_fd_sc_mcu7t5v0__clkinv_1)
     4    0.025004    0.357021    0.303086   42.651798 v _108_/ZN (gf180mcu_fd_sc_mcu7t5v0__clkinv_1)
                                                         _101_ (net)
                      0.357021    0.000199   42.652000 v _142_/A1 (gf180mcu_fd_sc_mcu7t5v0__nor2_1)
     2    0.009906    0.356758    0.301224   42.953224 ^ _142_/ZN (gf180mcu_fd_sc_mcu7t5v0__nor2_1)
                                                         _054_ (net)
                      0.356758    0.000121   42.953342 ^ fanout21/I (gf180mcu_fd_sc_mcu7t5v0__dlyb_1)
     4    0.024224    0.392102    0.918906   43.872250 ^ fanout21/Z (gf180mcu_fd_sc_mcu7t5v0__dlyb_1)
                                                         net21 (net)
                      0.392103    0.000558   43.872807 ^ wire22/I (gf180mcu_fd_sc_mcu7t5v0__buf_1)
     5    0.031162    0.480521    0.429498   44.302307 ^ wire22/Z (gf180mcu_fd_sc_mcu7t5v0__buf_1)
                                                         net22 (net)
                      0.480524    0.000679   44.302982 ^ _212_/A2 (gf180mcu_fd_sc_mcu7t5v0__nand2_1)
     1    0.005013    0.167063    0.106752   44.409737 v _212_/ZN (gf180mcu_fd_sc_mcu7t5v0__nand2_1)
                                                         _099_ (net)
                      0.167063    0.000092   44.409828 v _213_/B (gf180mcu_fd_sc_mcu7t5v0__oai21_1)
     1    0.003633    0.228421    0.180123   44.589951 ^ _213_/ZN (gf180mcu_fd_sc_mcu7t5v0__oai21_1)
                                                         _039_ (net)
                      0.228421    0.000068   44.590019 ^ _225_/D (gf180mcu_fd_sc_mcu7t5v0__dffrnq_1)
                                             44.590019   data arrival time

                                200.000000  200.000000   clock clk (rise edge)
                                  0.000000  200.000000   clock source latency
     1    0.036057    0.156044    0.079837  200.079834 ^ clk (in)
                                                         clk (net)
                      0.156052    0.000000  200.079834 ^ clkbuf_0_clk/I (gf180mcu_fd_sc_mcu7t5v0__clkbuf_16)
     8    0.192072    0.206389    0.291479  200.371307 ^ clkbuf_0_clk/Z (gf180mcu_fd_sc_mcu7t5v0__clkbuf_16)
                                                         clknet_0_clk (net)
                      0.206413    0.003340  200.374649 ^ clkbuf_3_6__f_clk/I (gf180mcu_fd_sc_mcu7t5v0__clkbuf_16)
     6    0.026024    0.075736    0.209042  200.583694 ^ clkbuf_3_6__f_clk/Z (gf180mcu_fd_sc_mcu7t5v0__clkbuf_16)
                                                         clknet_3_6__leaf_clk (net)
                      0.075736    0.000071  200.583755 ^ _225_/CLK (gf180mcu_fd_sc_mcu7t5v0__dffrnq_1)
                                 -0.250000  200.333771   clock uncertainty
                                  0.000000  200.333771   clock reconvergence pessimism
                                 -0.270924  200.062836   library setup time
                                            200.062836   data required time
---------------------------------------------------------------------------------------------
                                            200.062836   data required time
                                            -44.590019   data arrival time
---------------------------------------------------------------------------------------------
                                            155.472809   slack (MET)


Startpoint: soft_rst_n (input port clocked by clk)
Endpoint: _224_ (rising edge-triggered flip-flop clocked by clk)
Path Group: clk
Path Type: max

Fanout         Cap        Slew       Delay        Time   Description
---------------------------------------------------------------------------------------------
                                  0.000000    0.000000   clock clk (rise edge)
                                  0.000000    0.000000   clock network delay (propagated)
                                 40.000000   40.000000 ^ input external delay
     1    0.004580    0.105568    0.040274   40.040276 ^ soft_rst_n (in)
                                                         soft_rst_n (net)
                      0.105568    0.000000   40.040276 ^ input5/I (gf180mcu_fd_sc_mcu7t5v0__buf_1)
     5    0.027012    0.422723    0.362000   40.402275 ^ input5/Z (gf180mcu_fd_sc_mcu7t5v0__buf_1)
                                                         net5 (net)
                      0.422723    0.000348   40.402622 ^ fanout29/I (gf180mcu_fd_sc_mcu7t5v0__dlyb_1)
     2    0.010521    0.210077    0.807773   41.210396 ^ fanout29/Z (gf180mcu_fd_sc_mcu7t5v0__dlyb_1)
                                                         net29 (net)
                      0.210077    0.000167   41.210564 ^ wire32/I (gf180mcu_fd_sc_mcu7t5v0__buf_1)
     4    0.031070    0.479702    0.412179   41.622742 ^ wire32/Z (gf180mcu_fd_sc_mcu7t5v0__buf_1)
                                                         net32 (net)
                      0.479708    0.000956   41.623699 ^ load_slew31/I (gf180mcu_fd_sc_mcu7t5v0__clkbuf_2)
     4    0.030912    0.253349    0.361066   41.984764 ^ load_slew31/Z (gf180mcu_fd_sc_mcu7t5v0__clkbuf_2)
                                                         net31 (net)
                      0.253350    0.000490   41.985252 ^ load_slew30/I (gf180mcu_fd_sc_mcu7t5v0__clkbuf_1)
     3    0.024614    0.383996    0.363102   42.348354 ^ load_slew30/Z (gf180mcu_fd_sc_mcu7t5v0__clkbuf_1)
                                                         net30 (net)
                      0.383996    0.000359   42.348713 ^ _108_/I (gf180mcu_fd_sc_mcu7t5v0__clkinv_1)
     4    0.025004    0.357021    0.303086   42.651798 v _108_/ZN (gf180mcu_fd_sc_mcu7t5v0__clkinv_1)
                                                         _101_ (net)
                      0.357021    0.000199   42.652000 v _142_/A1 (gf180mcu_fd_sc_mcu7t5v0__nor2_1)
     2    0.009906    0.356758    0.301224   42.953224 ^ _142_/ZN (gf180mcu_fd_sc_mcu7t5v0__nor2_1)
                                                         _054_ (net)
                      0.356758    0.000121   42.953342 ^ fanout21/I (gf180mcu_fd_sc_mcu7t5v0__dlyb_1)
     4    0.024224    0.392102    0.918906   43.872250 ^ fanout21/Z (gf180mcu_fd_sc_mcu7t5v0__dlyb_1)
                                                         net21 (net)
                      0.392103    0.000558   43.872807 ^ wire22/I (gf180mcu_fd_sc_mcu7t5v0__buf_1)
     5    0.031162    0.480521    0.429498   44.302307 ^ wire22/Z (gf180mcu_fd_sc_mcu7t5v0__buf_1)
                                                         net22 (net)
                      0.480524    0.000639   44.302944 ^ _210_/A2 (gf180mcu_fd_sc_mcu7t5v0__nand2_1)
     1    0.004830    0.165311    0.104993   44.407940 v _210_/ZN (gf180mcu_fd_sc_mcu7t5v0__nand2_1)
                                                         _098_ (net)
                      0.165311    0.000046   44.407986 v _211_/B (gf180mcu_fd_sc_mcu7t5v0__oai21_1)
     1    0.003596    0.221481    0.179273   44.587257 ^ _211_/ZN (gf180mcu_fd_sc_mcu7t5v0__oai21_1)
                                                         _038_ (net)
                      0.221481    0.000036   44.587292 ^ _224_/D (gf180mcu_fd_sc_mcu7t5v0__dffrnq_1)
                                             44.587292   data arrival time

                                200.000000  200.000000   clock clk (rise edge)
                                  0.000000  200.000000   clock source latency
     1    0.036057    0.156044    0.079837  200.079834 ^ clk (in)
                                                         clk (net)
                      0.156052    0.000000  200.079834 ^ clkbuf_0_clk/I (gf180mcu_fd_sc_mcu7t5v0__clkbuf_16)
     8    0.192072    0.206389    0.291479  200.371307 ^ clkbuf_0_clk/Z (gf180mcu_fd_sc_mcu7t5v0__clkbuf_16)
                                                         clknet_0_clk (net)
                      0.206390    0.000838  200.372147 ^ clkbuf_3_3__f_clk/I (gf180mcu_fd_sc_mcu7t5v0__clkbuf_16)
     6    0.028960    0.078016    0.211017  200.583160 ^ clkbuf_3_3__f_clk/Z (gf180mcu_fd_sc_mcu7t5v0__clkbuf_16)
                                                         clknet_3_3__leaf_clk (net)
                      0.078016    0.000213  200.583374 ^ _224_/CLK (gf180mcu_fd_sc_mcu7t5v0__dffrnq_1)
                                 -0.250000  200.333374   clock uncertainty
                                  0.000000  200.333374   clock reconvergence pessimism
                                 -0.269265  200.064117   library setup time
                                            200.064117   data required time
---------------------------------------------------------------------------------------------
                                            200.064117   data required time
                                            -44.587292   data arrival time
---------------------------------------------------------------------------------------------
                                            155.476822   slack (MET)


Startpoint: soft_rst_n (input port clocked by clk)
Endpoint: _239_ (rising edge-triggered flip-flop clocked by clk)
Path Group: clk
Path Type: max

Fanout         Cap        Slew       Delay        Time   Description
---------------------------------------------------------------------------------------------
                                  0.000000    0.000000   clock clk (rise edge)
                                  0.000000    0.000000   clock network delay (propagated)
                                 40.000000   40.000000 ^ input external delay
     1    0.004580    0.105568    0.040274   40.040276 ^ soft_rst_n (in)
                                                         soft_rst_n (net)
                      0.105568    0.000000   40.040276 ^ input5/I (gf180mcu_fd_sc_mcu7t5v0__buf_1)
     5    0.027012    0.422723    0.362000   40.402275 ^ input5/Z (gf180mcu_fd_sc_mcu7t5v0__buf_1)
                                                         net5 (net)
                      0.422723    0.000348   40.402622 ^ fanout29/I (gf180mcu_fd_sc_mcu7t5v0__dlyb_1)
     2    0.010521    0.210077    0.807773   41.210396 ^ fanout29/Z (gf180mcu_fd_sc_mcu7t5v0__dlyb_1)
                                                         net29 (net)
                      0.210077    0.000167   41.210564 ^ wire32/I (gf180mcu_fd_sc_mcu7t5v0__buf_1)
     4    0.031070    0.479702    0.412179   41.622742 ^ wire32/Z (gf180mcu_fd_sc_mcu7t5v0__buf_1)
                                                         net32 (net)
                      0.479708    0.000956   41.623699 ^ load_slew31/I (gf180mcu_fd_sc_mcu7t5v0__clkbuf_2)
     4    0.030912    0.253349    0.361066   41.984764 ^ load_slew31/Z (gf180mcu_fd_sc_mcu7t5v0__clkbuf_2)
                                                         net31 (net)
                      0.253350    0.000490   41.985252 ^ load_slew30/I (gf180mcu_fd_sc_mcu7t5v0__clkbuf_1)
     3    0.024614    0.383996    0.363102   42.348354 ^ load_slew30/Z (gf180mcu_fd_sc_mcu7t5v0__clkbuf_1)
                                                         net30 (net)
                      0.383996    0.000359   42.348713 ^ _108_/I (gf180mcu_fd_sc_mcu7t5v0__clkinv_1)
     4    0.025004    0.357021    0.303086   42.651798 v _108_/ZN (gf180mcu_fd_sc_mcu7t5v0__clkinv_1)
                                                         _101_ (net)
                      0.357021    0.000199   42.652000 v _142_/A1 (gf180mcu_fd_sc_mcu7t5v0__nor2_1)
     2    0.009906    0.356758    0.301224   42.953224 ^ _142_/ZN (gf180mcu_fd_sc_mcu7t5v0__nor2_1)
                                                         _054_ (net)
                      0.356758    0.000121   42.953342 ^ fanout21/I (gf180mcu_fd_sc_mcu7t5v0__dlyb_1)
     4    0.024224    0.392102    0.918906   43.872250 ^ fanout21/Z (gf180mcu_fd_sc_mcu7t5v0__dlyb_1)
                                                         net21 (net)
                      0.392102    0.000352   43.872601 ^ load_slew23/I (gf180mcu_fd_sc_mcu7t5v0__buf_2)
     3    0.023413    0.198206    0.260336   44.132938 ^ load_slew23/Z (gf180mcu_fd_sc_mcu7t5v0__buf_2)
                                                         net23 (net)
                      0.198207    0.000718   44.133656 ^ _180_/A2 (gf180mcu_fd_sc_mcu7t5v0__nand2_1)
     3    0.017843    0.299688    0.196597   44.330250 v _180_/ZN (gf180mcu_fd_sc_mcu7t5v0__nand2_1)
                                                         _080_ (net)
                      0.299688    0.000139   44.330391 v _181_/A2 (gf180mcu_fd_sc_mcu7t5v0__oai21_1)
     1    0.005025    0.259283    0.226315   44.556705 ^ _181_/ZN (gf180mcu_fd_sc_mcu7t5v0__oai21_1)
                                                         _026_ (net)
                      0.259283    0.000064   44.556770 ^ _239_/D (gf180mcu_fd_sc_mcu7t5v0__dffrnq_1)
                                             44.556770   data arrival time

                                200.000000  200.000000   clock clk (rise edge)
                                  0.000000  200.000000   clock source latency
     1    0.036057    0.156044    0.079837  200.079834 ^ clk (in)
                                                         clk (net)
                      0.156052    0.000000  200.079834 ^ clkbuf_0_clk/I (gf180mcu_fd_sc_mcu7t5v0__clkbuf_16)
     8    0.192072    0.206389    0.291479  200.371307 ^ clkbuf_0_clk/Z (gf180mcu_fd_sc_mcu7t5v0__clkbuf_16)
                                                         clknet_0_clk (net)
                      0.206393    0.001421  200.372726 ^ clkbuf_3_0__f_clk/I (gf180mcu_fd_sc_mcu7t5v0__clkbuf_16)
     6    0.027601    0.076961    0.210093  200.582825 ^ clkbuf_3_0__f_clk/Z (gf180mcu_fd_sc_mcu7t5v0__clkbuf_16)
                                                         clknet_3_0__leaf_clk (net)
                      0.076961    0.000071  200.582901 ^ _239_/CLK (gf180mcu_fd_sc_mcu7t5v0__dffrnq_1)
                                 -0.250000  200.332901   clock uncertainty
                                  0.000000  200.332901   clock reconvergence pessimism
                                 -0.275952  200.056946   library setup time
                                            200.056946   data required time
---------------------------------------------------------------------------------------------
                                            200.056946   data required time
                                            -44.556770   data arrival time
---------------------------------------------------------------------------------------------
                                            155.500183   slack (MET)


Startpoint: soft_rst_n (input port clocked by clk)
Endpoint: _241_ (rising edge-triggered flip-flop clocked by clk)
Path Group: clk
Path Type: max

Fanout         Cap        Slew       Delay        Time   Description
---------------------------------------------------------------------------------------------
                                  0.000000    0.000000   clock clk (rise edge)
                                  0.000000    0.000000   clock network delay (propagated)
                                 40.000000   40.000000 ^ input external delay
     1    0.004580    0.105568    0.040274   40.040276 ^ soft_rst_n (in)
                                                         soft_rst_n (net)
                      0.105568    0.000000   40.040276 ^ input5/I (gf180mcu_fd_sc_mcu7t5v0__buf_1)
     5    0.027012    0.422723    0.362000   40.402275 ^ input5/Z (gf180mcu_fd_sc_mcu7t5v0__buf_1)
                                                         net5 (net)
                      0.422723    0.000348   40.402622 ^ fanout29/I (gf180mcu_fd_sc_mcu7t5v0__dlyb_1)
     2    0.010521    0.210077    0.807773   41.210396 ^ fanout29/Z (gf180mcu_fd_sc_mcu7t5v0__dlyb_1)
                                                         net29 (net)
                      0.210077    0.000167   41.210564 ^ wire32/I (gf180mcu_fd_sc_mcu7t5v0__buf_1)
     4    0.031070    0.479702    0.412179   41.622742 ^ wire32/Z (gf180mcu_fd_sc_mcu7t5v0__buf_1)
                                                         net32 (net)
                      0.479708    0.000956   41.623699 ^ load_slew31/I (gf180mcu_fd_sc_mcu7t5v0__clkbuf_2)
     4    0.030912    0.253349    0.361066   41.984764 ^ load_slew31/Z (gf180mcu_fd_sc_mcu7t5v0__clkbuf_2)
                                                         net31 (net)
                      0.253350    0.000490   41.985252 ^ load_slew30/I (gf180mcu_fd_sc_mcu7t5v0__clkbuf_1)
     3    0.024614    0.383996    0.363102   42.348354 ^ load_slew30/Z (gf180mcu_fd_sc_mcu7t5v0__clkbuf_1)
                                                         net30 (net)
                      0.383996    0.000359   42.348713 ^ _108_/I (gf180mcu_fd_sc_mcu7t5v0__clkinv_1)
     4    0.025004    0.357021    0.303086   42.651798 v _108_/ZN (gf180mcu_fd_sc_mcu7t5v0__clkinv_1)
                                                         _101_ (net)
                      0.357021    0.000199   42.652000 v _142_/A1 (gf180mcu_fd_sc_mcu7t5v0__nor2_1)
     2    0.009906    0.356758    0.301224   42.953224 ^ _142_/ZN (gf180mcu_fd_sc_mcu7t5v0__nor2_1)
                                                         _054_ (net)
                      0.356758    0.000121   42.953342 ^ fanout21/I (gf180mcu_fd_sc_mcu7t5v0__dlyb_1)
     4    0.024224    0.392102    0.918906   43.872250 ^ fanout21/Z (gf180mcu_fd_sc_mcu7t5v0__dlyb_1)
                                                         net21 (net)
                      0.392102    0.000352   43.872601 ^ load_slew23/I (gf180mcu_fd_sc_mcu7t5v0__buf_2)
     3    0.023413    0.198206    0.260336   44.132938 ^ load_slew23/Z (gf180mcu_fd_sc_mcu7t5v0__buf_2)
                                                         net23 (net)
                      0.198208    0.000743   44.133678 ^ _186_/A1 (gf180mcu_fd_sc_mcu7t5v0__nand2_1)
     1    0.004871    0.156023    0.102560   44.236240 v _186_/ZN (gf180mcu_fd_sc_mcu7t5v0__nand2_1)
                                                         _084_ (net)
                      0.156023    0.000046   44.236286 v _189_/A2 (gf180mcu_fd_sc_mcu7t5v0__aoi22_1)
     1    0.006420    0.373141    0.260002   44.496288 ^ _189_/ZN (gf180mcu_fd_sc_mcu7t5v0__aoi22_1)
                                                         _028_ (net)
                      0.373141    0.000142   44.496429 ^ _241_/D (gf180mcu_fd_sc_mcu7t5v0__dffrnq_1)
                                             44.496429   data arrival time

                                200.000000  200.000000   clock clk (rise edge)
                                  0.000000  200.000000   clock source latency
     1    0.036057    0.156044    0.079837  200.079834 ^ clk (in)
                                                         clk (net)
                      0.156052    0.000000  200.079834 ^ clkbuf_0_clk/I (gf180mcu_fd_sc_mcu7t5v0__clkbuf_16)
     8    0.192072    0.206389    0.291479  200.371307 ^ clkbuf_0_clk/Z (gf180mcu_fd_sc_mcu7t5v0__clkbuf_16)
                                                         clknet_0_clk (net)
                      0.206393    0.001421  200.372726 ^ clkbuf_3_0__f_clk/I (gf180mcu_fd_sc_mcu7t5v0__clkbuf_16)
     6    0.027601    0.076961    0.210093  200.582825 ^ clkbuf_3_0__f_clk/Z (gf180mcu_fd_sc_mcu7t5v0__clkbuf_16)
                                                         clknet_3_0__leaf_clk (net)
                      0.076961    0.000256  200.583084 ^ _241_/CLK (gf180mcu_fd_sc_mcu7t5v0__dffrnq_1)
                                 -0.250000  200.333084   clock uncertainty
                                  0.000000  200.333084   clock reconvergence pessimism
                                 -0.295435  200.037659   library setup time
                                            200.037659   data required time
---------------------------------------------------------------------------------------------
                                            200.037659   data required time
                                            -44.496429   data arrival time
---------------------------------------------------------------------------------------------
                                            155.541214   slack (MET)


Startpoint: soft_rst_n (input port clocked by clk)
Endpoint: _217_ (rising edge-triggered flip-flop clocked by clk)
Path Group: clk
Path Type: max

Fanout         Cap        Slew       Delay        Time   Description
---------------------------------------------------------------------------------------------
                                  0.000000    0.000000   clock clk (rise edge)
                                  0.000000    0.000000   clock network delay (propagated)
                                 40.000000   40.000000 ^ input external delay
     1    0.004580    0.105568    0.040274   40.040276 ^ soft_rst_n (in)
                                                         soft_rst_n (net)
                      0.105568    0.000000   40.040276 ^ input5/I (gf180mcu_fd_sc_mcu7t5v0__buf_1)
     5    0.027012    0.422723    0.362000   40.402275 ^ input5/Z (gf180mcu_fd_sc_mcu7t5v0__buf_1)
                                                         net5 (net)
                      0.422723    0.000348   40.402622 ^ fanout29/I (gf180mcu_fd_sc_mcu7t5v0__dlyb_1)
     2    0.010521    0.210077    0.807773   41.210396 ^ fanout29/Z (gf180mcu_fd_sc_mcu7t5v0__dlyb_1)
                                                         net29 (net)
                      0.210077    0.000167   41.210564 ^ wire32/I (gf180mcu_fd_sc_mcu7t5v0__buf_1)
     4    0.031070    0.479702    0.412179   41.622742 ^ wire32/Z (gf180mcu_fd_sc_mcu7t5v0__buf_1)
                                                         net32 (net)
                      0.479708    0.000956   41.623699 ^ load_slew31/I (gf180mcu_fd_sc_mcu7t5v0__clkbuf_2)
     4    0.030912    0.253349    0.361066   41.984764 ^ load_slew31/Z (gf180mcu_fd_sc_mcu7t5v0__clkbuf_2)
                                                         net31 (net)
                      0.253350    0.000490   41.985252 ^ load_slew30/I (gf180mcu_fd_sc_mcu7t5v0__clkbuf_1)
     3    0.024614    0.383996    0.363102   42.348354 ^ load_slew30/Z (gf180mcu_fd_sc_mcu7t5v0__clkbuf_1)
                                                         net30 (net)
                      0.383996    0.000359   42.348713 ^ _108_/I (gf180mcu_fd_sc_mcu7t5v0__clkinv_1)
     4    0.025004    0.357021    0.303086   42.651798 v _108_/ZN (gf180mcu_fd_sc_mcu7t5v0__clkinv_1)
                                                         _101_ (net)
                      0.357021    0.000199   42.652000 v _142_/A1 (gf180mcu_fd_sc_mcu7t5v0__nor2_1)
     2    0.009906    0.356758    0.301224   42.953224 ^ _142_/ZN (gf180mcu_fd_sc_mcu7t5v0__nor2_1)
                                                         _054_ (net)
                      0.356758    0.000121   42.953342 ^ fanout21/I (gf180mcu_fd_sc_mcu7t5v0__dlyb_1)
     4    0.024224    0.392102    0.918906   43.872250 ^ fanout21/Z (gf180mcu_fd_sc_mcu7t5v0__dlyb_1)
                                                         net21 (net)
                      0.392102    0.000352   43.872601 ^ load_slew23/I (gf180mcu_fd_sc_mcu7t5v0__buf_2)
     3    0.023413    0.198206    0.260336   44.132938 ^ load_slew23/Z (gf180mcu_fd_sc_mcu7t5v0__buf_2)
                                                         net23 (net)
                      0.198207    0.000519   44.133457 ^ _197_/A2 (gf180mcu_fd_sc_mcu7t5v0__nand2_1)
     1    0.005393    0.144986    0.103199   44.236656 v _197_/ZN (gf180mcu_fd_sc_mcu7t5v0__nand2_1)
                                                         _092_ (net)
                      0.144986    0.000103   44.236759 v _198_/B (gf180mcu_fd_sc_mcu7t5v0__oai21_1)
     1    0.003598    0.220775    0.173255   44.410011 ^ _198_/ZN (gf180mcu_fd_sc_mcu7t5v0__oai21_1)
                                                         _031_ (net)
                      0.220775    0.000036   44.410049 ^ _217_/D (gf180mcu_fd_sc_mcu7t5v0__dffrnq_1)
                                             44.410049   data arrival time

                                200.000000  200.000000   clock clk (rise edge)
                                  0.000000  200.000000   clock source latency
     1    0.036057    0.156044    0.079837  200.079834 ^ clk (in)
                                                         clk (net)
                      0.156052    0.000000  200.079834 ^ clkbuf_0_clk/I (gf180mcu_fd_sc_mcu7t5v0__clkbuf_16)
     8    0.192072    0.206389    0.291479  200.371307 ^ clkbuf_0_clk/Z (gf180mcu_fd_sc_mcu7t5v0__clkbuf_16)
                                                         clknet_0_clk (net)
                      0.206392    0.001180  200.372482 ^ clkbuf_3_2__f_clk/I (gf180mcu_fd_sc_mcu7t5v0__clkbuf_16)
     6    0.026285    0.075938    0.209184  200.581665 ^ clkbuf_3_2__f_clk/Z (gf180mcu_fd_sc_mcu7t5v0__clkbuf_16)
                                                         clknet_3_2__leaf_clk (net)
                      0.075938    0.000298  200.581970 ^ _217_/CLK (gf180mcu_fd_sc_mcu7t5v0__dffrnq_1)
                                 -0.250000  200.331970   clock uncertainty
                                  0.000000  200.331970   clock reconvergence pessimism
                                 -0.269574  200.062393   library setup time
                                            200.062393   data required time
---------------------------------------------------------------------------------------------
                                            200.062393   data required time
                                            -44.410049   data arrival time
---------------------------------------------------------------------------------------------
                                            155.652344   slack (MET)


Startpoint: soft_rst_n (input port clocked by clk)
Endpoint: _221_ (rising edge-triggered flip-flop clocked by clk)
Path Group: clk
Path Type: max

Fanout         Cap        Slew       Delay        Time   Description
---------------------------------------------------------------------------------------------
                                  0.000000    0.000000   clock clk (rise edge)
                                  0.000000    0.000000   clock network delay (propagated)
                                 40.000000   40.000000 ^ input external delay
     1    0.004580    0.105568    0.040274   40.040276 ^ soft_rst_n (in)
                                                         soft_rst_n (net)
                      0.105568    0.000000   40.040276 ^ input5/I (gf180mcu_fd_sc_mcu7t5v0__buf_1)
     5    0.027012    0.422723    0.362000   40.402275 ^ input5/Z (gf180mcu_fd_sc_mcu7t5v0__buf_1)
                                                         net5 (net)
                      0.422723    0.000348   40.402622 ^ fanout29/I (gf180mcu_fd_sc_mcu7t5v0__dlyb_1)
     2    0.010521    0.210077    0.807773   41.210396 ^ fanout29/Z (gf180mcu_fd_sc_mcu7t5v0__dlyb_1)
                                                         net29 (net)
                      0.210077    0.000167   41.210564 ^ wire32/I (gf180mcu_fd_sc_mcu7t5v0__buf_1)
     4    0.031070    0.479702    0.412179   41.622742 ^ wire32/Z (gf180mcu_fd_sc_mcu7t5v0__buf_1)
                                                         net32 (net)
                      0.479708    0.000956   41.623699 ^ load_slew31/I (gf180mcu_fd_sc_mcu7t5v0__clkbuf_2)
     4    0.030912    0.253349    0.361066   41.984764 ^ load_slew31/Z (gf180mcu_fd_sc_mcu7t5v0__clkbuf_2)
                                                         net31 (net)
                      0.253350    0.000490   41.985252 ^ load_slew30/I (gf180mcu_fd_sc_mcu7t5v0__clkbuf_1)
     3    0.024614    0.383996    0.363102   42.348354 ^ load_slew30/Z (gf180mcu_fd_sc_mcu7t5v0__clkbuf_1)
                                                         net30 (net)
                      0.383996    0.000359   42.348713 ^ _108_/I (gf180mcu_fd_sc_mcu7t5v0__clkinv_1)
     4    0.025004    0.357021    0.303086   42.651798 v _108_/ZN (gf180mcu_fd_sc_mcu7t5v0__clkinv_1)
                                                         _101_ (net)
                      0.357021    0.000199   42.652000 v _142_/A1 (gf180mcu_fd_sc_mcu7t5v0__nor2_1)
     2    0.009906    0.356758    0.301224   42.953224 ^ _142_/ZN (gf180mcu_fd_sc_mcu7t5v0__nor2_1)
                                                         _054_ (net)
                      0.356758    0.000121   42.953342 ^ fanout21/I (gf180mcu_fd_sc_mcu7t5v0__dlyb_1)
     4    0.024224    0.392102    0.918906   43.872250 ^ fanout21/Z (gf180mcu_fd_sc_mcu7t5v0__dlyb_1)
                                                         net21 (net)
                      0.392103    0.000501   43.872749 ^ _204_/A2 (gf180mcu_fd_sc_mcu7t5v0__nand2_1)
     1    0.008869    0.189378    0.141576   44.014324 v _204_/ZN (gf180mcu_fd_sc_mcu7t5v0__nand2_1)
                                                         _095_ (net)
                      0.189378    0.000220   44.014545 v _205_/B (gf180mcu_fd_sc_mcu7t5v0__oai21_1)
     1    0.006234    0.281918    0.210516   44.225063 ^ _205_/ZN (gf180mcu_fd_sc_mcu7t5v0__oai21_1)
                                                         _035_ (net)
                      0.281918    0.000139   44.225201 ^ _221_/D (gf180mcu_fd_sc_mcu7t5v0__dffrnq_1)
                                             44.225201   data arrival time

                                200.000000  200.000000   clock clk (rise edge)
                                  0.000000  200.000000   clock source latency
     1    0.036057    0.156044    0.079837  200.079834 ^ clk (in)
                                                         clk (net)
                      0.156052    0.000000  200.079834 ^ clkbuf_0_clk/I (gf180mcu_fd_sc_mcu7t5v0__clkbuf_16)
     8    0.192072    0.206389    0.291479  200.371307 ^ clkbuf_0_clk/Z (gf180mcu_fd_sc_mcu7t5v0__clkbuf_16)
                                                         clknet_0_clk (net)
                      0.206392    0.001180  200.372482 ^ clkbuf_3_2__f_clk/I (gf180mcu_fd_sc_mcu7t5v0__clkbuf_16)
     6    0.026285    0.075938    0.209184  200.581665 ^ clkbuf_3_2__f_clk/Z (gf180mcu_fd_sc_mcu7t5v0__clkbuf_16)
                                                         clknet_3_2__leaf_clk (net)
                      0.075938    0.000142  200.581818 ^ _221_/CLK (gf180mcu_fd_sc_mcu7t5v0__dffrnq_1)
                                 -0.250000  200.331818   clock uncertainty
                                  0.000000  200.331818   clock reconvergence pessimism
                                 -0.280037  200.051773   library setup time
                                            200.051773   data required time
---------------------------------------------------------------------------------------------
                                            200.051773   data required time
                                            -44.225201   data arrival time
---------------------------------------------------------------------------------------------
                                            155.826569   slack (MET)


Startpoint: soft_rst_n (input port clocked by clk)
Endpoint: _222_ (rising edge-triggered flip-flop clocked by clk)
Path Group: clk
Path Type: max

Fanout         Cap        Slew       Delay        Time   Description
---------------------------------------------------------------------------------------------
                                  0.000000    0.000000   clock clk (rise edge)
                                  0.000000    0.000000   clock network delay (propagated)
                                 40.000000   40.000000 ^ input external delay
     1    0.004580    0.105568    0.040274   40.040276 ^ soft_rst_n (in)
                                                         soft_rst_n (net)
                      0.105568    0.000000   40.040276 ^ input5/I (gf180mcu_fd_sc_mcu7t5v0__buf_1)
     5    0.027012    0.422723    0.362000   40.402275 ^ input5/Z (gf180mcu_fd_sc_mcu7t5v0__buf_1)
                                                         net5 (net)
                      0.422723    0.000348   40.402622 ^ fanout29/I (gf180mcu_fd_sc_mcu7t5v0__dlyb_1)
     2    0.010521    0.210077    0.807773   41.210396 ^ fanout29/Z (gf180mcu_fd_sc_mcu7t5v0__dlyb_1)
                                                         net29 (net)
                      0.210077    0.000167   41.210564 ^ wire32/I (gf180mcu_fd_sc_mcu7t5v0__buf_1)
     4    0.031070    0.479702    0.412179   41.622742 ^ wire32/Z (gf180mcu_fd_sc_mcu7t5v0__buf_1)
                                                         net32 (net)
                      0.479708    0.000956   41.623699 ^ load_slew31/I (gf180mcu_fd_sc_mcu7t5v0__clkbuf_2)
     4    0.030912    0.253349    0.361066   41.984764 ^ load_slew31/Z (gf180mcu_fd_sc_mcu7t5v0__clkbuf_2)
                                                         net31 (net)
                      0.253350    0.000490   41.985252 ^ load_slew30/I (gf180mcu_fd_sc_mcu7t5v0__clkbuf_1)
     3    0.024614    0.383996    0.363102   42.348354 ^ load_slew30/Z (gf180mcu_fd_sc_mcu7t5v0__clkbuf_1)
                                                         net30 (net)
                      0.383996    0.000359   42.348713 ^ _108_/I (gf180mcu_fd_sc_mcu7t5v0__clkinv_1)
     4    0.025004    0.357021    0.303086   42.651798 v _108_/ZN (gf180mcu_fd_sc_mcu7t5v0__clkinv_1)
                                                         _101_ (net)
                      0.357021    0.000199   42.652000 v _142_/A1 (gf180mcu_fd_sc_mcu7t5v0__nor2_1)
     2    0.009906    0.356758    0.301224   42.953224 ^ _142_/ZN (gf180mcu_fd_sc_mcu7t5v0__nor2_1)
                                                         _054_ (net)
                      0.356758    0.000121   42.953342 ^ fanout21/I (gf180mcu_fd_sc_mcu7t5v0__dlyb_1)
     4    0.024224    0.392102    0.918906   43.872250 ^ fanout21/Z (gf180mcu_fd_sc_mcu7t5v0__dlyb_1)
                                                         net21 (net)
                      0.392103    0.000526   43.872776 ^ _206_/A2 (gf180mcu_fd_sc_mcu7t5v0__nand2_1)
     1    0.005575    0.157710    0.111520   43.984295 v _206_/ZN (gf180mcu_fd_sc_mcu7t5v0__nand2_1)
                                                         _096_ (net)
                      0.157710    0.000107   43.984402 v _207_/B (gf180mcu_fd_sc_mcu7t5v0__oai21_1)
     1    0.003683    0.223046    0.177810   44.162212 ^ _207_/ZN (gf180mcu_fd_sc_mcu7t5v0__oai21_1)
                                                         _036_ (net)
                      0.223046    0.000036   44.162247 ^ _222_/D (gf180mcu_fd_sc_mcu7t5v0__dffrnq_1)
                                             44.162247   data arrival time

                                200.000000  200.000000   clock clk (rise edge)
                                  0.000000  200.000000   clock source latency
     1    0.036057    0.156044    0.079837  200.079834 ^ clk (in)
                                                         clk (net)
                      0.156052    0.000000  200.079834 ^ clkbuf_0_clk/I (gf180mcu_fd_sc_mcu7t5v0__clkbuf_16)
     8    0.192072    0.206389    0.291479  200.371307 ^ clkbuf_0_clk/Z (gf180mcu_fd_sc_mcu7t5v0__clkbuf_16)
                                                         clknet_0_clk (net)
                      0.206390    0.000838  200.372147 ^ clkbuf_3_3__f_clk/I (gf180mcu_fd_sc_mcu7t5v0__clkbuf_16)
     6    0.028960    0.078016    0.211017  200.583160 ^ clkbuf_3_3__f_clk/Z (gf180mcu_fd_sc_mcu7t5v0__clkbuf_16)
                                                         clknet_3_3__leaf_clk (net)
                      0.078016    0.000185  200.583344 ^ _222_/CLK (gf180mcu_fd_sc_mcu7t5v0__dffrnq_1)
                                 -0.250000  200.333359   clock uncertainty
                                  0.000000  200.333359   clock reconvergence pessimism
                                 -0.269532  200.063812   library setup time
                                            200.063812   data required time
---------------------------------------------------------------------------------------------
                                            200.063812   data required time
                                            -44.162247   data arrival time
---------------------------------------------------------------------------------------------
                                            155.901566   slack (MET)


Startpoint: soft_rst_n (input port clocked by clk)
Endpoint: _226_ (rising edge-triggered flip-flop clocked by clk)
Path Group: clk
Path Type: max

Fanout         Cap        Slew       Delay        Time   Description
---------------------------------------------------------------------------------------------
                                  0.000000    0.000000   clock clk (rise edge)
                                  0.000000    0.000000   clock network delay (propagated)
                                 40.000000   40.000000 ^ input external delay
     1    0.004580    0.105568    0.040274   40.040276 ^ soft_rst_n (in)
                                                         soft_rst_n (net)
                      0.105568    0.000000   40.040276 ^ input5/I (gf180mcu_fd_sc_mcu7t5v0__buf_1)
     5    0.027012    0.422723    0.362000   40.402275 ^ input5/Z (gf180mcu_fd_sc_mcu7t5v0__buf_1)
                                                         net5 (net)
                      0.422723    0.000348   40.402622 ^ fanout29/I (gf180mcu_fd_sc_mcu7t5v0__dlyb_1)
     2    0.010521    0.210077    0.807773   41.210396 ^ fanout29/Z (gf180mcu_fd_sc_mcu7t5v0__dlyb_1)
                                                         net29 (net)
                      0.210077    0.000167   41.210564 ^ wire32/I (gf180mcu_fd_sc_mcu7t5v0__buf_1)
     4    0.031070    0.479702    0.412179   41.622742 ^ wire32/Z (gf180mcu_fd_sc_mcu7t5v0__buf_1)
                                                         net32 (net)
                      0.479708    0.000956   41.623699 ^ load_slew31/I (gf180mcu_fd_sc_mcu7t5v0__clkbuf_2)
     4    0.030912    0.253349    0.361066   41.984764 ^ load_slew31/Z (gf180mcu_fd_sc_mcu7t5v0__clkbuf_2)
                                                         net31 (net)
                      0.253350    0.000490   41.985252 ^ load_slew30/I (gf180mcu_fd_sc_mcu7t5v0__clkbuf_1)
     3    0.024614    0.383996    0.363102   42.348354 ^ load_slew30/Z (gf180mcu_fd_sc_mcu7t5v0__clkbuf_1)
                                                         net30 (net)
                      0.383996    0.000359   42.348713 ^ _108_/I (gf180mcu_fd_sc_mcu7t5v0__clkinv_1)
     4    0.025004    0.357021    0.303086   42.651798 v _108_/ZN (gf180mcu_fd_sc_mcu7t5v0__clkinv_1)
                                                         _101_ (net)
                      0.357021    0.000199   42.652000 v _142_/A1 (gf180mcu_fd_sc_mcu7t5v0__nor2_1)
     2    0.009906    0.356758    0.301224   42.953224 ^ _142_/ZN (gf180mcu_fd_sc_mcu7t5v0__nor2_1)
                                                         _054_ (net)
                      0.356758    0.000131   42.953354 ^ wire24/I (gf180mcu_fd_sc_mcu7t5v0__dlyb_1)
     1    0.012802    0.240015    0.823569   43.776924 ^ wire24/Z (gf180mcu_fd_sc_mcu7t5v0__dlyb_1)
                                                         net24 (net)
                      0.240015    0.000291   43.777214 ^ _214_/A2 (gf180mcu_fd_sc_mcu7t5v0__nand2_1)
     1    0.004987    0.132002    0.101327   43.878540 v _214_/ZN (gf180mcu_fd_sc_mcu7t5v0__nand2_1)
                                                         _100_ (net)
                      0.132002    0.000092   43.878635 v _215_/B (gf180mcu_fd_sc_mcu7t5v0__oai21_1)
     1    0.003625    0.223159    0.169642   44.048275 ^ _215_/ZN (gf180mcu_fd_sc_mcu7t5v0__oai21_1)
                                                         _040_ (net)
                      0.223159    0.000068   44.048344 ^ _226_/D (gf180mcu_fd_sc_mcu7t5v0__dffrnq_1)
                                             44.048344   data arrival time

                                200.000000  200.000000   clock clk (rise edge)
                                  0.000000  200.000000   clock source latency
     1    0.036057    0.156044    0.079837  200.079834 ^ clk (in)
                                                         clk (net)
                      0.156052    0.000000  200.079834 ^ clkbuf_0_clk/I (gf180mcu_fd_sc_mcu7t5v0__clkbuf_16)
     8    0.192072    0.206389    0.291479  200.371307 ^ clkbuf_0_clk/Z (gf180mcu_fd_sc_mcu7t5v0__clkbuf_16)
                                                         clknet_0_clk (net)
                      0.206413    0.003340  200.374649 ^ clkbuf_3_6__f_clk/I (gf180mcu_fd_sc_mcu7t5v0__clkbuf_16)
     6    0.026024    0.075736    0.209042  200.583694 ^ clkbuf_3_6__f_clk/Z (gf180mcu_fd_sc_mcu7t5v0__clkbuf_16)
                                                         clknet_3_6__leaf_clk (net)
                      0.075736    0.000057  200.583740 ^ _226_/CLK (gf180mcu_fd_sc_mcu7t5v0__dffrnq_1)
                                 -0.250000  200.333755   clock uncertainty
                                  0.000000  200.333755   clock reconvergence pessimism
                                 -0.270024  200.063736   library setup time
                                            200.063736   data required time
---------------------------------------------------------------------------------------------
                                            200.063736   data required time
                                            -44.048344   data arrival time
---------------------------------------------------------------------------------------------
                                            156.015381   slack (MET)


Startpoint: rst_n (input port clocked by clk)
Endpoint: _216_ (recovery check against rising-edge clock clk)
Path Group: asynchronous
Path Type: max

Fanout         Cap        Slew       Delay        Time   Description
---------------------------------------------------------------------------------------------
                                  0.000000    0.000000   clock clk (rise edge)
                                  0.000000    0.000000   clock network delay (propagated)
                                 40.000000   40.000000 ^ input external delay
     1    0.004491    0.104330    0.039517   40.039516 ^ rst_n (in)
                                                         rst_n (net)
                      0.104330    0.000000   40.039516 ^ input4/I (gf180mcu_fd_sc_mcu7t5v0__buf_1)
     1    0.005625    0.127592    0.182929   40.222446 ^ input4/Z (gf180mcu_fd_sc_mcu7t5v0__buf_1)
                                                         net4 (net)
                      0.127592    0.000124   40.222572 ^ fanout49/I (gf180mcu_fd_sc_mcu7t5v0__dlyb_1)
     1    0.005658    0.148276    0.740119   40.962692 ^ fanout49/Z (gf180mcu_fd_sc_mcu7t5v0__dlyb_1)
                                                         net49 (net)
                      0.148276    0.000121   40.962811 ^ wire51/I (gf180mcu_fd_sc_mcu7t5v0__buf_1)
     4    0.025445    0.400946    0.356920   41.319733 ^ wire51/Z (gf180mcu_fd_sc_mcu7t5v0__buf_1)
                                                         net51 (net)
                      0.400948    0.000419   41.320148 ^ fanout37/I (gf180mcu_fd_sc_mcu7t5v0__dlyb_1)
     3    0.018468    0.315537    0.873722   42.193874 ^ fanout37/Z (gf180mcu_fd_sc_mcu7t5v0__dlyb_1)
                                                         net37 (net)
                      0.315537    0.000405   42.194279 ^ load_slew39/I (gf180mcu_fd_sc_mcu7t5v0__clkbuf_2)
     3    0.023354    0.200109    0.304926   42.499203 ^ load_slew39/Z (gf180mcu_fd_sc_mcu7t5v0__clkbuf_2)
                                                         net39 (net)
                      0.200109    0.000405   42.499607 ^ fanout33/I (gf180mcu_fd_sc_mcu7t5v0__dlyb_1)
     3    0.024201    0.391430    0.908614   43.408222 ^ fanout33/Z (gf180mcu_fd_sc_mcu7t5v0__dlyb_1)
                                                         net33 (net)
                      0.391430    0.000199   43.408421 ^ load_slew36/I (gf180mcu_fd_sc_mcu7t5v0__buf_2)
     3    0.021401    0.185261    0.252015   43.660435 ^ load_slew36/Z (gf180mcu_fd_sc_mcu7t5v0__buf_2)
                                                         net36 (net)
                      0.185262    0.000359   43.660797 ^ wire35/I (gf180mcu_fd_sc_mcu7t5v0__buf_1)
     4    0.030995    0.478889    0.409649   44.070446 ^ wire35/Z (gf180mcu_fd_sc_mcu7t5v0__buf_1)
                                                         net35 (net)
                      0.478889    0.000473   44.070915 ^ load_slew34/I (gf180mcu_fd_sc_mcu7t5v0__clkbuf_2)
     3    0.026798    0.225583    0.343960   44.414875 ^ load_slew34/Z (gf180mcu_fd_sc_mcu7t5v0__clkbuf_2)
                                                         net34 (net)
                      0.225584    0.000487   44.415363 ^ _216_/RN (gf180mcu_fd_sc_mcu7t5v0__dffrnq_1)
                                             44.415363   data arrival time

                                200.000000  200.000000   clock clk (rise edge)
                                  0.000000  200.000000   clock source latency
     1    0.036057    0.156044    0.079837  200.079834 ^ clk (in)
                                                         clk (net)
                      0.156052    0.000000  200.079834 ^ clkbuf_0_clk/I (gf180mcu_fd_sc_mcu7t5v0__clkbuf_16)
     8    0.192072    0.206389    0.291479  200.371307 ^ clkbuf_0_clk/Z (gf180mcu_fd_sc_mcu7t5v0__clkbuf_16)
                                                         clknet_0_clk (net)
                      0.206392    0.001180  200.372482 ^ clkbuf_3_2__f_clk/I (gf180mcu_fd_sc_mcu7t5v0__clkbuf_16)
     6    0.026285    0.075938    0.209184  200.581665 ^ clkbuf_3_2__f_clk/Z (gf180mcu_fd_sc_mcu7t5v0__clkbuf_16)
                                                         clknet_3_2__leaf_clk (net)
                      0.075938    0.000284  200.581955 ^ _216_/CLK (gf180mcu_fd_sc_mcu7t5v0__dffrnq_1)
                                 -0.250000  200.331955   clock uncertainty
                                  0.000000  200.331955   clock reconvergence pessimism
                                  0.186909  200.518875   library recovery time
                                            200.518875   data required time
---------------------------------------------------------------------------------------------
                                            200.518875   data required time
                                            -44.415363   data arrival time
---------------------------------------------------------------------------------------------
                                            156.103516   slack (MET)


Startpoint: rst_n (input port clocked by clk)
Endpoint: _217_ (recovery check against rising-edge clock clk)
Path Group: asynchronous
Path Type: max

Fanout         Cap        Slew       Delay        Time   Description
---------------------------------------------------------------------------------------------
                                  0.000000    0.000000   clock clk (rise edge)
                                  0.000000    0.000000   clock network delay (propagated)
                                 40.000000   40.000000 ^ input external delay
     1    0.004491    0.104330    0.039517   40.039516 ^ rst_n (in)
                                                         rst_n (net)
                      0.104330    0.000000   40.039516 ^ input4/I (gf180mcu_fd_sc_mcu7t5v0__buf_1)
     1    0.005625    0.127592    0.182929   40.222446 ^ input4/Z (gf180mcu_fd_sc_mcu7t5v0__buf_1)
                                                         net4 (net)
                      0.127592    0.000124   40.222572 ^ fanout49/I (gf180mcu_fd_sc_mcu7t5v0__dlyb_1)
     1    0.005658    0.148276    0.740119   40.962692 ^ fanout49/Z (gf180mcu_fd_sc_mcu7t5v0__dlyb_1)
                                                         net49 (net)
                      0.148276    0.000121   40.962811 ^ wire51/I (gf180mcu_fd_sc_mcu7t5v0__buf_1)
     4    0.025445    0.400946    0.356920   41.319733 ^ wire51/Z (gf180mcu_fd_sc_mcu7t5v0__buf_1)
                                                         net51 (net)
                      0.400948    0.000419   41.320148 ^ fanout37/I (gf180mcu_fd_sc_mcu7t5v0__dlyb_1)
     3    0.018468    0.315537    0.873722   42.193874 ^ fanout37/Z (gf180mcu_fd_sc_mcu7t5v0__dlyb_1)
                                                         net37 (net)
                      0.315537    0.000405   42.194279 ^ load_slew39/I (gf180mcu_fd_sc_mcu7t5v0__clkbuf_2)
     3    0.023354    0.200109    0.304926   42.499203 ^ load_slew39/Z (gf180mcu_fd_sc_mcu7t5v0__clkbuf_2)
                                                         net39 (net)
                      0.200109    0.000405   42.499607 ^ fanout33/I (gf180mcu_fd_sc_mcu7t5v0__dlyb_1)
     3    0.024201    0.391430    0.908614   43.408222 ^ fanout33/Z (gf180mcu_fd_sc_mcu7t5v0__dlyb_1)
                                                         net33 (net)
                      0.391430    0.000199   43.408421 ^ load_slew36/I (gf180mcu_fd_sc_mcu7t5v0__buf_2)
     3    0.021401    0.185261    0.252015   43.660435 ^ load_slew36/Z (gf180mcu_fd_sc_mcu7t5v0__buf_2)
                                                         net36 (net)
                      0.185262    0.000359   43.660797 ^ wire35/I (gf180mcu_fd_sc_mcu7t5v0__buf_1)
     4    0.030995    0.478889    0.409649   44.070446 ^ wire35/Z (gf180mcu_fd_sc_mcu7t5v0__buf_1)
                                                         net35 (net)
                      0.478889    0.000473   44.070915 ^ load_slew34/I (gf180mcu_fd_sc_mcu7t5v0__clkbuf_2)
     3    0.026798    0.225583    0.343960   44.414875 ^ load_slew34/Z (gf180mcu_fd_sc_mcu7t5v0__clkbuf_2)
                                                         net34 (net)
                      0.225584    0.000544   44.415421 ^ _217_/RN (gf180mcu_fd_sc_mcu7t5v0__dffrnq_1)
                                             44.415421   data arrival time

                                200.000000  200.000000   clock clk (rise edge)
                                  0.000000  200.000000   clock source latency
     1    0.036057    0.156044    0.079837  200.079834 ^ clk (in)
                                                         clk (net)
                      0.156052    0.000000  200.079834 ^ clkbuf_0_clk/I (gf180mcu_fd_sc_mcu7t5v0__clkbuf_16)
     8    0.192072    0.206389    0.291479  200.371307 ^ clkbuf_0_clk/Z (gf180mcu_fd_sc_mcu7t5v0__clkbuf_16)
                                                         clknet_0_clk (net)
                      0.206392    0.001180  200.372482 ^ clkbuf_3_2__f_clk/I (gf180mcu_fd_sc_mcu7t5v0__clkbuf_16)
     6    0.026285    0.075938    0.209184  200.581665 ^ clkbuf_3_2__f_clk/Z (gf180mcu_fd_sc_mcu7t5v0__clkbuf_16)
                                                         clknet_3_2__leaf_clk (net)
                      0.075938    0.000298  200.581970 ^ _217_/CLK (gf180mcu_fd_sc_mcu7t5v0__dffrnq_1)
                                 -0.250000  200.331970   clock uncertainty
                                  0.000000  200.331970   clock reconvergence pessimism
                                  0.186909  200.518890   library recovery time
                                            200.518890   data required time
---------------------------------------------------------------------------------------------
                                            200.518890   data required time
                                            -44.415421   data arrival time
---------------------------------------------------------------------------------------------
                                            156.103470   slack (MET)


Startpoint: rst_n (input port clocked by clk)
Endpoint: _220_ (recovery check against rising-edge clock clk)
Path Group: asynchronous
Path Type: max

Fanout         Cap        Slew       Delay        Time   Description
---------------------------------------------------------------------------------------------
                                  0.000000    0.000000   clock clk (rise edge)
                                  0.000000    0.000000   clock network delay (propagated)
                                 40.000000   40.000000 ^ input external delay
     1    0.004491    0.104330    0.039517   40.039516 ^ rst_n (in)
                                                         rst_n (net)
                      0.104330    0.000000   40.039516 ^ input4/I (gf180mcu_fd_sc_mcu7t5v0__buf_1)
     1    0.005625    0.127592    0.182929   40.222446 ^ input4/Z (gf180mcu_fd_sc_mcu7t5v0__buf_1)
                                                         net4 (net)
                      0.127592    0.000124   40.222572 ^ fanout49/I (gf180mcu_fd_sc_mcu7t5v0__dlyb_1)
     1    0.005658    0.148276    0.740119   40.962692 ^ fanout49/Z (gf180mcu_fd_sc_mcu7t5v0__dlyb_1)
                                                         net49 (net)
                      0.148276    0.000121   40.962811 ^ wire51/I (gf180mcu_fd_sc_mcu7t5v0__buf_1)
     4    0.025445    0.400946    0.356920   41.319733 ^ wire51/Z (gf180mcu_fd_sc_mcu7t5v0__buf_1)
                                                         net51 (net)
                      0.400948    0.000419   41.320148 ^ fanout37/I (gf180mcu_fd_sc_mcu7t5v0__dlyb_1)
     3    0.018468    0.315537    0.873722   42.193874 ^ fanout37/Z (gf180mcu_fd_sc_mcu7t5v0__dlyb_1)
                                                         net37 (net)
                      0.315537    0.000405   42.194279 ^ load_slew39/I (gf180mcu_fd_sc_mcu7t5v0__clkbuf_2)
     3    0.023354    0.200109    0.304926   42.499203 ^ load_slew39/Z (gf180mcu_fd_sc_mcu7t5v0__clkbuf_2)
                                                         net39 (net)
                      0.200109    0.000405   42.499607 ^ fanout33/I (gf180mcu_fd_sc_mcu7t5v0__dlyb_1)
     3    0.024201    0.391430    0.908614   43.408222 ^ fanout33/Z (gf180mcu_fd_sc_mcu7t5v0__dlyb_1)
                                                         net33 (net)
                      0.391430    0.000199   43.408421 ^ load_slew36/I (gf180mcu_fd_sc_mcu7t5v0__buf_2)
     3    0.021401    0.185261    0.252015   43.660435 ^ load_slew36/Z (gf180mcu_fd_sc_mcu7t5v0__buf_2)
                                                         net36 (net)
                      0.185262    0.000359   43.660797 ^ wire35/I (gf180mcu_fd_sc_mcu7t5v0__buf_1)
     4    0.030995    0.478889    0.409649   44.070446 ^ wire35/Z (gf180mcu_fd_sc_mcu7t5v0__buf_1)
                                                         net35 (net)
                      0.478889    0.000473   44.070915 ^ load_slew34/I (gf180mcu_fd_sc_mcu7t5v0__clkbuf_2)
     3    0.026798    0.225583    0.343960   44.414875 ^ load_slew34/Z (gf180mcu_fd_sc_mcu7t5v0__clkbuf_2)
                                                         net34 (net)
                      0.225584    0.000551   44.415428 ^ _220_/RN (gf180mcu_fd_sc_mcu7t5v0__dffrnq_1)
                                             44.415428   data arrival time

                                200.000000  200.000000   clock clk (rise edge)
                                  0.000000  200.000000   clock source latency
     1    0.036057    0.156044    0.079837  200.079834 ^ clk (in)
                                                         clk (net)
                      0.156052    0.000000  200.079834 ^ clkbuf_0_clk/I (gf180mcu_fd_sc_mcu7t5v0__clkbuf_16)
     8    0.192072    0.206389    0.291479  200.371307 ^ clkbuf_0_clk/Z (gf180mcu_fd_sc_mcu7t5v0__clkbuf_16)
                                                         clknet_0_clk (net)
                      0.206393    0.001421  200.372726 ^ clkbuf_3_0__f_clk/I (gf180mcu_fd_sc_mcu7t5v0__clkbuf_16)
     6    0.027601    0.076961    0.210093  200.582825 ^ clkbuf_3_0__f_clk/Z (gf180mcu_fd_sc_mcu7t5v0__clkbuf_16)
                                                         clknet_3_0__leaf_clk (net)
                      0.076961    0.000071  200.582901 ^ _220_/CLK (gf180mcu_fd_sc_mcu7t5v0__dffrnq_1)
                                 -0.250000  200.332901   clock uncertainty
                                  0.000000  200.332901   clock reconvergence pessimism
                                  0.187128  200.520020   library recovery time
                                            200.520020   data required time
---------------------------------------------------------------------------------------------
                                            200.520020   data required time
                                            -44.415428   data arrival time
---------------------------------------------------------------------------------------------
                                            156.104599   slack (MET)


Startpoint: rst_n (input port clocked by clk)
Endpoint: _218_ (recovery check against rising-edge clock clk)
Path Group: asynchronous
Path Type: max

Fanout         Cap        Slew       Delay        Time   Description
---------------------------------------------------------------------------------------------
                                  0.000000    0.000000   clock clk (rise edge)
                                  0.000000    0.000000   clock network delay (propagated)
                                 40.000000   40.000000 ^ input external delay
     1    0.004491    0.104330    0.039517   40.039516 ^ rst_n (in)
                                                         rst_n (net)
                      0.104330    0.000000   40.039516 ^ input4/I (gf180mcu_fd_sc_mcu7t5v0__buf_1)
     1    0.005625    0.127592    0.182929   40.222446 ^ input4/Z (gf180mcu_fd_sc_mcu7t5v0__buf_1)
                                                         net4 (net)
                      0.127592    0.000124   40.222572 ^ fanout49/I (gf180mcu_fd_sc_mcu7t5v0__dlyb_1)
     1    0.005658    0.148276    0.740119   40.962692 ^ fanout49/Z (gf180mcu_fd_sc_mcu7t5v0__dlyb_1)
                                                         net49 (net)
                      0.148276    0.000121   40.962811 ^ wire51/I (gf180mcu_fd_sc_mcu7t5v0__buf_1)
     4    0.025445    0.400946    0.356920   41.319733 ^ wire51/Z (gf180mcu_fd_sc_mcu7t5v0__buf_1)
                                                         net51 (net)
                      0.400948    0.000419   41.320148 ^ fanout37/I (gf180mcu_fd_sc_mcu7t5v0__dlyb_1)
     3    0.018468    0.315537    0.873722   42.193874 ^ fanout37/Z (gf180mcu_fd_sc_mcu7t5v0__dlyb_1)
                                                         net37 (net)
                      0.315537    0.000405   42.194279 ^ load_slew39/I (gf180mcu_fd_sc_mcu7t5v0__clkbuf_2)
     3    0.023354    0.200109    0.304926   42.499203 ^ load_slew39/Z (gf180mcu_fd_sc_mcu7t5v0__clkbuf_2)
                                                         net39 (net)
                      0.200109    0.000405   42.499607 ^ fanout33/I (gf180mcu_fd_sc_mcu7t5v0__dlyb_1)
     3    0.024201    0.391430    0.908614   43.408222 ^ fanout33/Z (gf180mcu_fd_sc_mcu7t5v0__dlyb_1)
                                                         net33 (net)
                      0.391430    0.000199   43.408421 ^ load_slew36/I (gf180mcu_fd_sc_mcu7t5v0__buf_2)
     3    0.021401    0.185261    0.252015   43.660435 ^ load_slew36/Z (gf180mcu_fd_sc_mcu7t5v0__buf_2)
                                                         net36 (net)
                      0.185262    0.000359   43.660797 ^ wire35/I (gf180mcu_fd_sc_mcu7t5v0__buf_1)
     4    0.030995    0.478889    0.409649   44.070446 ^ wire35/Z (gf180mcu_fd_sc_mcu7t5v0__buf_1)
                                                         net35 (net)
                      0.478889    0.000377   44.070820 ^ _218_/RN (gf180mcu_fd_sc_mcu7t5v0__dffrnq_1)
                                             44.070820   data arrival time

                                200.000000  200.000000   clock clk (rise edge)
                                  0.000000  200.000000   clock source latency
     1    0.036057    0.156044    0.079837  200.079834 ^ clk (in)
                                                         clk (net)
                      0.156052    0.000000  200.079834 ^ clkbuf_0_clk/I (gf180mcu_fd_sc_mcu7t5v0__clkbuf_16)
     8    0.192072    0.206389    0.291479  200.371307 ^ clkbuf_0_clk/Z (gf180mcu_fd_sc_mcu7t5v0__clkbuf_16)
                                                         clknet_0_clk (net)
                      0.206392    0.001180  200.372482 ^ clkbuf_3_2__f_clk/I (gf180mcu_fd_sc_mcu7t5v0__clkbuf_16)
     6    0.026285    0.075938    0.209184  200.581665 ^ clkbuf_3_2__f_clk/Z (gf180mcu_fd_sc_mcu7t5v0__clkbuf_16)
                                                         clknet_3_2__leaf_clk (net)
                      0.075938    0.000185  200.581863 ^ _218_/CLK (gf180mcu_fd_sc_mcu7t5v0__dffrnq_1)
                                 -0.250000  200.331863   clock uncertainty
                                  0.000000  200.331863   clock reconvergence pessimism
                                  0.163632  200.495499   library recovery time
                                            200.495499   data required time
---------------------------------------------------------------------------------------------
                                            200.495499   data required time
                                            -44.070820   data arrival time
---------------------------------------------------------------------------------------------
                                            156.424683   slack (MET)


Startpoint: rst_n (input port clocked by clk)
Endpoint: _219_ (recovery check against rising-edge clock clk)
Path Group: asynchronous
Path Type: max

Fanout         Cap        Slew       Delay        Time   Description
---------------------------------------------------------------------------------------------
                                  0.000000    0.000000   clock clk (rise edge)
                                  0.000000    0.000000   clock network delay (propagated)
                                 40.000000   40.000000 ^ input external delay
     1    0.004491    0.104330    0.039517   40.039516 ^ rst_n (in)
                                                         rst_n (net)
                      0.104330    0.000000   40.039516 ^ input4/I (gf180mcu_fd_sc_mcu7t5v0__buf_1)
     1    0.005625    0.127592    0.182929   40.222446 ^ input4/Z (gf180mcu_fd_sc_mcu7t5v0__buf_1)
                                                         net4 (net)
                      0.127592    0.000124   40.222572 ^ fanout49/I (gf180mcu_fd_sc_mcu7t5v0__dlyb_1)
     1    0.005658    0.148276    0.740119   40.962692 ^ fanout49/Z (gf180mcu_fd_sc_mcu7t5v0__dlyb_1)
                                                         net49 (net)
                      0.148276    0.000121   40.962811 ^ wire51/I (gf180mcu_fd_sc_mcu7t5v0__buf_1)
     4    0.025445    0.400946    0.356920   41.319733 ^ wire51/Z (gf180mcu_fd_sc_mcu7t5v0__buf_1)
                                                         net51 (net)
                      0.400948    0.000419   41.320148 ^ fanout37/I (gf180mcu_fd_sc_mcu7t5v0__dlyb_1)
     3    0.018468    0.315537    0.873722   42.193874 ^ fanout37/Z (gf180mcu_fd_sc_mcu7t5v0__dlyb_1)
                                                         net37 (net)
                      0.315537    0.000405   42.194279 ^ load_slew39/I (gf180mcu_fd_sc_mcu7t5v0__clkbuf_2)
     3    0.023354    0.200109    0.304926   42.499203 ^ load_slew39/Z (gf180mcu_fd_sc_mcu7t5v0__clkbuf_2)
                                                         net39 (net)
                      0.200109    0.000405   42.499607 ^ fanout33/I (gf180mcu_fd_sc_mcu7t5v0__dlyb_1)
     3    0.024201    0.391430    0.908614   43.408222 ^ fanout33/Z (gf180mcu_fd_sc_mcu7t5v0__dlyb_1)
                                                         net33 (net)
                      0.391430    0.000199   43.408421 ^ load_slew36/I (gf180mcu_fd_sc_mcu7t5v0__buf_2)
     3    0.021401    0.185261    0.252015   43.660435 ^ load_slew36/Z (gf180mcu_fd_sc_mcu7t5v0__buf_2)
                                                         net36 (net)
                      0.185262    0.000359   43.660797 ^ wire35/I (gf180mcu_fd_sc_mcu7t5v0__buf_1)
     4    0.030995    0.478889    0.409649   44.070446 ^ wire35/Z (gf180mcu_fd_sc_mcu7t5v0__buf_1)
                                                         net35 (net)
                      0.478889    0.000426   44.070869 ^ _219_/RN (gf180mcu_fd_sc_mcu7t5v0__dffrnq_1)
                                             44.070869   data arrival time

                                200.000000  200.000000   clock clk (rise edge)
                                  0.000000  200.000000   clock source latency
     1    0.036057    0.156044    0.079837  200.079834 ^ clk (in)
                                                         clk (net)
                      0.156052    0.000000  200.079834 ^ clkbuf_0_clk/I (gf180mcu_fd_sc_mcu7t5v0__clkbuf_16)
     8    0.192072    0.206389    0.291479  200.371307 ^ clkbuf_0_clk/Z (gf180mcu_fd_sc_mcu7t5v0__clkbuf_16)
                                                         clknet_0_clk (net)
                      0.206392    0.001180  200.372482 ^ clkbuf_3_2__f_clk/I (gf180mcu_fd_sc_mcu7t5v0__clkbuf_16)
     6    0.026285    0.075938    0.209184  200.581665 ^ clkbuf_3_2__f_clk/Z (gf180mcu_fd_sc_mcu7t5v0__clkbuf_16)
                                                         clknet_3_2__leaf_clk (net)
                      0.075938    0.000213  200.581879 ^ _219_/CLK (gf180mcu_fd_sc_mcu7t5v0__dffrnq_1)
                                 -0.250000  200.331894   clock uncertainty
                                  0.000000  200.331894   clock reconvergence pessimism
                                  0.163632  200.495529   library recovery time
                                            200.495529   data required time
---------------------------------------------------------------------------------------------
                                            200.495529   data required time
                                            -44.070869   data arrival time
---------------------------------------------------------------------------------------------
                                            156.424652   slack (MET)


Startpoint: rst_n (input port clocked by clk)
Endpoint: _221_ (recovery check against rising-edge clock clk)
Path Group: asynchronous
Path Type: max

Fanout         Cap        Slew       Delay        Time   Description
---------------------------------------------------------------------------------------------
                                  0.000000    0.000000   clock clk (rise edge)
                                  0.000000    0.000000   clock network delay (propagated)
                                 40.000000   40.000000 ^ input external delay
     1    0.004491    0.104330    0.039517   40.039516 ^ rst_n (in)
                                                         rst_n (net)
                      0.104330    0.000000   40.039516 ^ input4/I (gf180mcu_fd_sc_mcu7t5v0__buf_1)
     1    0.005625    0.127592    0.182929   40.222446 ^ input4/Z (gf180mcu_fd_sc_mcu7t5v0__buf_1)
                                                         net4 (net)
                      0.127592    0.000124   40.222572 ^ fanout49/I (gf180mcu_fd_sc_mcu7t5v0__dlyb_1)
     1    0.005658    0.148276    0.740119   40.962692 ^ fanout49/Z (gf180mcu_fd_sc_mcu7t5v0__dlyb_1)
                                                         net49 (net)
                      0.148276    0.000121   40.962811 ^ wire51/I (gf180mcu_fd_sc_mcu7t5v0__buf_1)
     4    0.025445    0.400946    0.356920   41.319733 ^ wire51/Z (gf180mcu_fd_sc_mcu7t5v0__buf_1)
                                                         net51 (net)
                      0.400948    0.000419   41.320148 ^ fanout37/I (gf180mcu_fd_sc_mcu7t5v0__dlyb_1)
     3    0.018468    0.315537    0.873722   42.193874 ^ fanout37/Z (gf180mcu_fd_sc_mcu7t5v0__dlyb_1)
                                                         net37 (net)
                      0.315537    0.000405   42.194279 ^ load_slew39/I (gf180mcu_fd_sc_mcu7t5v0__clkbuf_2)
     3    0.023354    0.200109    0.304926   42.499203 ^ load_slew39/Z (gf180mcu_fd_sc_mcu7t5v0__clkbuf_2)
                                                         net39 (net)
                      0.200109    0.000405   42.499607 ^ fanout33/I (gf180mcu_fd_sc_mcu7t5v0__dlyb_1)
     3    0.024201    0.391430    0.908614   43.408222 ^ fanout33/Z (gf180mcu_fd_sc_mcu7t5v0__dlyb_1)
                                                         net33 (net)
                      0.391430    0.000199   43.408421 ^ load_slew36/I (gf180mcu_fd_sc_mcu7t5v0__buf_2)
     3    0.021401    0.185261    0.252015   43.660435 ^ load_slew36/Z (gf180mcu_fd_sc_mcu7t5v0__buf_2)
                                                         net36 (net)
                      0.185262    0.000359   43.660797 ^ wire35/I (gf180mcu_fd_sc_mcu7t5v0__buf_1)
     4    0.030995    0.478889    0.409649   44.070446 ^ wire35/Z (gf180mcu_fd_sc_mcu7t5v0__buf_1)
                                                         net35 (net)
                      0.478889    0.000327   44.070770 ^ _221_/RN (gf180mcu_fd_sc_mcu7t5v0__dffrnq_1)
                                             44.070770   data arrival time

                                200.000000  200.000000   clock clk (rise edge)
                                  0.000000  200.000000   clock source latency
     1    0.036057    0.156044    0.079837  200.079834 ^ clk (in)
                                                         clk (net)
                      0.156052    0.000000  200.079834 ^ clkbuf_0_clk/I (gf180mcu_fd_sc_mcu7t5v0__clkbuf_16)
     8    0.192072    0.206389    0.291479  200.371307 ^ clkbuf_0_clk/Z (gf180mcu_fd_sc_mcu7t5v0__clkbuf_16)
                                                         clknet_0_clk (net)
                      0.206392    0.001180  200.372482 ^ clkbuf_3_2__f_clk/I (gf180mcu_fd_sc_mcu7t5v0__clkbuf_16)
     6    0.026285    0.075938    0.209184  200.581665 ^ clkbuf_3_2__f_clk/Z (gf180mcu_fd_sc_mcu7t5v0__clkbuf_16)
                                                         clknet_3_2__leaf_clk (net)
                      0.075938    0.000142  200.581818 ^ _221_/CLK (gf180mcu_fd_sc_mcu7t5v0__dffrnq_1)
                                 -0.250000  200.331818   clock uncertainty
                                  0.000000  200.331818   clock reconvergence pessimism
                                  0.163632  200.495453   library recovery time
                                            200.495453   data required time
---------------------------------------------------------------------------------------------
                                            200.495453   data required time
                                            -44.070770   data arrival time
---------------------------------------------------------------------------------------------
                                            156.424683   slack (MET)


Startpoint: rst_n (input port clocked by clk)
Endpoint: _222_ (recovery check against rising-edge clock clk)
Path Group: asynchronous
Path Type: max

Fanout         Cap        Slew       Delay        Time   Description
---------------------------------------------------------------------------------------------
                                  0.000000    0.000000   clock clk (rise edge)
                                  0.000000    0.000000   clock network delay (propagated)
                                 40.000000   40.000000 ^ input external delay
     1    0.004491    0.104330    0.039517   40.039516 ^ rst_n (in)
                                                         rst_n (net)
                      0.104330    0.000000   40.039516 ^ input4/I (gf180mcu_fd_sc_mcu7t5v0__buf_1)
     1    0.005625    0.127592    0.182929   40.222446 ^ input4/Z (gf180mcu_fd_sc_mcu7t5v0__buf_1)
                                                         net4 (net)
                      0.127592    0.000124   40.222572 ^ fanout49/I (gf180mcu_fd_sc_mcu7t5v0__dlyb_1)
     1    0.005658    0.148276    0.740119   40.962692 ^ fanout49/Z (gf180mcu_fd_sc_mcu7t5v0__dlyb_1)
                                                         net49 (net)
                      0.148276    0.000121   40.962811 ^ wire51/I (gf180mcu_fd_sc_mcu7t5v0__buf_1)
     4    0.025445    0.400946    0.356920   41.319733 ^ wire51/Z (gf180mcu_fd_sc_mcu7t5v0__buf_1)
                                                         net51 (net)
                      0.400948    0.000419   41.320148 ^ fanout37/I (gf180mcu_fd_sc_mcu7t5v0__dlyb_1)
     3    0.018468    0.315537    0.873722   42.193874 ^ fanout37/Z (gf180mcu_fd_sc_mcu7t5v0__dlyb_1)
                                                         net37 (net)
                      0.315537    0.000405   42.194279 ^ load_slew39/I (gf180mcu_fd_sc_mcu7t5v0__clkbuf_2)
     3    0.023354    0.200109    0.304926   42.499203 ^ load_slew39/Z (gf180mcu_fd_sc_mcu7t5v0__clkbuf_2)
                                                         net39 (net)
                      0.200109    0.000405   42.499607 ^ fanout33/I (gf180mcu_fd_sc_mcu7t5v0__dlyb_1)
     3    0.024201    0.391430    0.908614   43.408222 ^ fanout33/Z (gf180mcu_fd_sc_mcu7t5v0__dlyb_1)
                                                         net33 (net)
                      0.391430    0.000199   43.408421 ^ load_slew36/I (gf180mcu_fd_sc_mcu7t5v0__buf_2)
     3    0.021401    0.185261    0.252015   43.660435 ^ load_slew36/Z (gf180mcu_fd_sc_mcu7t5v0__buf_2)
                                                         net36 (net)
                      0.185262    0.000401   43.660839 ^ _222_/RN (gf180mcu_fd_sc_mcu7t5v0__dffrnq_1)
                                             43.660839   data arrival time

                                200.000000  200.000000   clock clk (rise edge)
                                  0.000000  200.000000   clock source latency
     1    0.036057    0.156044    0.079837  200.079834 ^ clk (in)
                                                         clk (net)
                      0.156052    0.000000  200.079834 ^ clkbuf_0_clk/I (gf180mcu_fd_sc_mcu7t5v0__clkbuf_16)
     8    0.192072    0.206389    0.291479  200.371307 ^ clkbuf_0_clk/Z (gf180mcu_fd_sc_mcu7t5v0__clkbuf_16)
                                                         clknet_0_clk (net)
                      0.206390    0.000838  200.372147 ^ clkbuf_3_3__f_clk/I (gf180mcu_fd_sc_mcu7t5v0__clkbuf_16)
     6    0.028960    0.078016    0.211017  200.583160 ^ clkbuf_3_3__f_clk/Z (gf180mcu_fd_sc_mcu7t5v0__clkbuf_16)
                                                         clknet_3_3__leaf_clk (net)
                      0.078016    0.000185  200.583344 ^ _222_/CLK (gf180mcu_fd_sc_mcu7t5v0__dffrnq_1)
                                 -0.250000  200.333359   clock uncertainty
                                  0.000000  200.333359   clock reconvergence pessimism
                                  0.189571  200.522919   library recovery time
                                            200.522919   data required time
---------------------------------------------------------------------------------------------
                                            200.522919   data required time
                                            -43.660839   data arrival time
---------------------------------------------------------------------------------------------
                                            156.862091   slack (MET)


Startpoint: rst_n (input port clocked by clk)
Endpoint: _223_ (recovery check against rising-edge clock clk)
Path Group: asynchronous
Path Type: max

Fanout         Cap        Slew       Delay        Time   Description
---------------------------------------------------------------------------------------------
                                  0.000000    0.000000   clock clk (rise edge)
                                  0.000000    0.000000   clock network delay (propagated)
                                 40.000000   40.000000 ^ input external delay
     1    0.004491    0.104330    0.039517   40.039516 ^ rst_n (in)
                                                         rst_n (net)
                      0.104330    0.000000   40.039516 ^ input4/I (gf180mcu_fd_sc_mcu7t5v0__buf_1)
     1    0.005625    0.127592    0.182929   40.222446 ^ input4/Z (gf180mcu_fd_sc_mcu7t5v0__buf_1)
                                                         net4 (net)
                      0.127592    0.000124   40.222572 ^ fanout49/I (gf180mcu_fd_sc_mcu7t5v0__dlyb_1)
     1    0.005658    0.148276    0.740119   40.962692 ^ fanout49/Z (gf180mcu_fd_sc_mcu7t5v0__dlyb_1)
                                                         net49 (net)
                      0.148276    0.000121   40.962811 ^ wire51/I (gf180mcu_fd_sc_mcu7t5v0__buf_1)
     4    0.025445    0.400946    0.356920   41.319733 ^ wire51/Z (gf180mcu_fd_sc_mcu7t5v0__buf_1)
                                                         net51 (net)
                      0.400948    0.000419   41.320148 ^ fanout37/I (gf180mcu_fd_sc_mcu7t5v0__dlyb_1)
     3    0.018468    0.315537    0.873722   42.193874 ^ fanout37/Z (gf180mcu_fd_sc_mcu7t5v0__dlyb_1)
                                                         net37 (net)
                      0.315537    0.000405   42.194279 ^ load_slew39/I (gf180mcu_fd_sc_mcu7t5v0__clkbuf_2)
     3    0.023354    0.200109    0.304926   42.499203 ^ load_slew39/Z (gf180mcu_fd_sc_mcu7t5v0__clkbuf_2)
                                                         net39 (net)
                      0.200109    0.000405   42.499607 ^ fanout33/I (gf180mcu_fd_sc_mcu7t5v0__dlyb_1)
     3    0.024201    0.391430    0.908614   43.408222 ^ fanout33/Z (gf180mcu_fd_sc_mcu7t5v0__dlyb_1)
                                                         net33 (net)
                      0.391430    0.000199   43.408421 ^ load_slew36/I (gf180mcu_fd_sc_mcu7t5v0__buf_2)
     3    0.021401    0.185261    0.252015   43.660435 ^ load_slew36/Z (gf180mcu_fd_sc_mcu7t5v0__buf_2)
                                                         net36 (net)
                      0.185262    0.000394   43.660831 ^ _223_/RN (gf180mcu_fd_sc_mcu7t5v0__dffrnq_1)
                                             43.660831   data arrival time

                                200.000000  200.000000   clock clk (rise edge)
                                  0.000000  200.000000   clock source latency
     1    0.036057    0.156044    0.079837  200.079834 ^ clk (in)
                                                         clk (net)
                      0.156052    0.000000  200.079834 ^ clkbuf_0_clk/I (gf180mcu_fd_sc_mcu7t5v0__clkbuf_16)
     8    0.192072    0.206389    0.291479  200.371307 ^ clkbuf_0_clk/Z (gf180mcu_fd_sc_mcu7t5v0__clkbuf_16)
                                                         clknet_0_clk (net)
                      0.206390    0.000838  200.372147 ^ clkbuf_3_3__f_clk/I (gf180mcu_fd_sc_mcu7t5v0__clkbuf_16)
     6    0.028960    0.078016    0.211017  200.583160 ^ clkbuf_3_3__f_clk/Z (gf180mcu_fd_sc_mcu7t5v0__clkbuf_16)
                                                         clknet_3_3__leaf_clk (net)
                      0.078016    0.000171  200.583328 ^ _223_/CLK (gf180mcu_fd_sc_mcu7t5v0__dffrnq_1)
                                 -0.250000  200.333344   clock uncertainty
                                  0.000000  200.333344   clock reconvergence pessimism
                                  0.189571  200.522903   library recovery time
                                            200.522903   data required time
---------------------------------------------------------------------------------------------
                                            200.522903   data required time
                                            -43.660831   data arrival time
---------------------------------------------------------------------------------------------
                                            156.862076   slack (MET)


Startpoint: soft_rst_n (input port clocked by clk)
Endpoint: _216_ (rising edge-triggered flip-flop clocked by clk)
Path Group: clk
Path Type: max

Fanout         Cap        Slew       Delay        Time   Description
---------------------------------------------------------------------------------------------
                                  0.000000    0.000000   clock clk (rise edge)
                                  0.000000    0.000000   clock network delay (propagated)
                                 40.000000   40.000000 ^ input external delay
     1    0.004580    0.105568    0.040274   40.040276 ^ soft_rst_n (in)
                                                         soft_rst_n (net)
                      0.105568    0.000000   40.040276 ^ input5/I (gf180mcu_fd_sc_mcu7t5v0__buf_1)
     5    0.027012    0.422723    0.362000   40.402275 ^ input5/Z (gf180mcu_fd_sc_mcu7t5v0__buf_1)
                                                         net5 (net)
                      0.422723    0.000348   40.402622 ^ fanout29/I (gf180mcu_fd_sc_mcu7t5v0__dlyb_1)
     2    0.010521    0.210077    0.807773   41.210396 ^ fanout29/Z (gf180mcu_fd_sc_mcu7t5v0__dlyb_1)
                                                         net29 (net)
                      0.210077    0.000167   41.210564 ^ wire32/I (gf180mcu_fd_sc_mcu7t5v0__buf_1)
     4    0.031070    0.479702    0.412179   41.622742 ^ wire32/Z (gf180mcu_fd_sc_mcu7t5v0__buf_1)
                                                         net32 (net)
                      0.479708    0.000956   41.623699 ^ load_slew31/I (gf180mcu_fd_sc_mcu7t5v0__clkbuf_2)
     4    0.030912    0.253349    0.361066   41.984764 ^ load_slew31/Z (gf180mcu_fd_sc_mcu7t5v0__clkbuf_2)
                                                         net31 (net)
                      0.253350    0.000490   41.985252 ^ load_slew30/I (gf180mcu_fd_sc_mcu7t5v0__clkbuf_1)
     3    0.024614    0.383996    0.363102   42.348354 ^ load_slew30/Z (gf180mcu_fd_sc_mcu7t5v0__clkbuf_1)
                                                         net30 (net)
                      0.383996    0.000359   42.348713 ^ _108_/I (gf180mcu_fd_sc_mcu7t5v0__clkinv_1)
     4    0.025004    0.357021    0.303086   42.651798 v _108_/ZN (gf180mcu_fd_sc_mcu7t5v0__clkinv_1)
                                                         _101_ (net)
                      0.357022    0.000462   42.652260 v _196_/A1 (gf180mcu_fd_sc_mcu7t5v0__oai32_1)
     1    0.004168    0.636678    0.439066   43.091328 ^ _196_/ZN (gf180mcu_fd_sc_mcu7t5v0__oai32_1)
                                                         _030_ (net)
                      0.636678    0.000046   43.091373 ^ _216_/D (gf180mcu_fd_sc_mcu7t5v0__dffrnq_1)
                                             43.091373   data arrival time

                                200.000000  200.000000   clock clk (rise edge)
                                  0.000000  200.000000   clock source latency
     1    0.036057    0.156044    0.079837  200.079834 ^ clk (in)
                                                         clk (net)
                      0.156052    0.000000  200.079834 ^ clkbuf_0_clk/I (gf180mcu_fd_sc_mcu7t5v0__clkbuf_16)
     8    0.192072    0.206389    0.291479  200.371307 ^ clkbuf_0_clk/Z (gf180mcu_fd_sc_mcu7t5v0__clkbuf_16)
                                                         clknet_0_clk (net)
                      0.206392    0.001180  200.372482 ^ clkbuf_3_2__f_clk/I (gf180mcu_fd_sc_mcu7t5v0__clkbuf_16)
     6    0.026285    0.075938    0.209184  200.581665 ^ clkbuf_3_2__f_clk/Z (gf180mcu_fd_sc_mcu7t5v0__clkbuf_16)
                                                         clknet_3_2__leaf_clk (net)
                      0.075938    0.000284  200.581955 ^ _216_/CLK (gf180mcu_fd_sc_mcu7t5v0__dffrnq_1)
                                 -0.250000  200.331955   clock uncertainty
                                  0.000000  200.331955   clock reconvergence pessimism
                                 -0.323095  200.008865   library setup time
                                            200.008865   data required time
---------------------------------------------------------------------------------------------
                                            200.008865   data required time
                                            -43.091373   data arrival time
---------------------------------------------------------------------------------------------
                                            156.917480   slack (MET)


Startpoint: soft_rst_n (input port clocked by clk)
Endpoint: _219_ (rising edge-triggered flip-flop clocked by clk)
Path Group: clk
Path Type: max

Fanout         Cap        Slew       Delay        Time   Description
---------------------------------------------------------------------------------------------
                                  0.000000    0.000000   clock clk (rise edge)
                                  0.000000    0.000000   clock network delay (propagated)
                                 40.000000   40.000000 ^ input external delay
     1    0.004580    0.105568    0.040274   40.040276 ^ soft_rst_n (in)
                                                         soft_rst_n (net)
                      0.105568    0.000000   40.040276 ^ input5/I (gf180mcu_fd_sc_mcu7t5v0__buf_1)
     5    0.027012    0.422723    0.362000   40.402275 ^ input5/Z (gf180mcu_fd_sc_mcu7t5v0__buf_1)
                                                         net5 (net)
                      0.422723    0.000348   40.402622 ^ fanout29/I (gf180mcu_fd_sc_mcu7t5v0__dlyb_1)
     2    0.010521    0.210077    0.807773   41.210396 ^ fanout29/Z (gf180mcu_fd_sc_mcu7t5v0__dlyb_1)
                                                         net29 (net)
                      0.210077    0.000167   41.210564 ^ wire32/I (gf180mcu_fd_sc_mcu7t5v0__buf_1)
     4    0.031070    0.479702    0.412179   41.622742 ^ wire32/Z (gf180mcu_fd_sc_mcu7t5v0__buf_1)
                                                         net32 (net)
                      0.479708    0.000956   41.623699 ^ load_slew31/I (gf180mcu_fd_sc_mcu7t5v0__clkbuf_2)
     4    0.030912    0.253349    0.361066   41.984764 ^ load_slew31/Z (gf180mcu_fd_sc_mcu7t5v0__clkbuf_2)
                                                         net31 (net)
                      0.253350    0.000490   41.985252 ^ load_slew30/I (gf180mcu_fd_sc_mcu7t5v0__clkbuf_1)
     3    0.024614    0.383996    0.363102   42.348354 ^ load_slew30/Z (gf180mcu_fd_sc_mcu7t5v0__clkbuf_1)
                                                         net30 (net)
                      0.383996    0.000359   42.348713 ^ _108_/I (gf180mcu_fd_sc_mcu7t5v0__clkinv_1)
     4    0.025004    0.357021    0.303086   42.651798 v _108_/ZN (gf180mcu_fd_sc_mcu7t5v0__clkinv_1)
                                                         _101_ (net)
                      0.357022    0.000362   42.652161 v _202_/A1 (gf180mcu_fd_sc_mcu7t5v0__oai31_1)
     1    0.005494    0.519103    0.369564   43.021725 ^ _202_/ZN (gf180mcu_fd_sc_mcu7t5v0__oai31_1)
                                                         _033_ (net)
                      0.519103    0.000114   43.021839 ^ _219_/D (gf180mcu_fd_sc_mcu7t5v0__dffrnq_1)
                                             43.021839   data arrival time

                                200.000000  200.000000   clock clk (rise edge)
                                  0.000000  200.000000   clock source latency
     1    0.036057    0.156044    0.079837  200.079834 ^ clk (in)
                                                         clk (net)
                      0.156052    0.000000  200.079834 ^ clkbuf_0_clk/I (gf180mcu_fd_sc_mcu7t5v0__clkbuf_16)
     8    0.192072    0.206389    0.291479  200.371307 ^ clkbuf_0_clk/Z (gf180mcu_fd_sc_mcu7t5v0__clkbuf_16)
                                                         clknet_0_clk (net)
                      0.206392    0.001180  200.372482 ^ clkbuf_3_2__f_clk/I (gf180mcu_fd_sc_mcu7t5v0__clkbuf_16)
     6    0.026285    0.075938    0.209184  200.581665 ^ clkbuf_3_2__f_clk/Z (gf180mcu_fd_sc_mcu7t5v0__clkbuf_16)
                                                         clknet_3_2__leaf_clk (net)
                      0.075938    0.000213  200.581879 ^ _219_/CLK (gf180mcu_fd_sc_mcu7t5v0__dffrnq_1)
                                 -0.250000  200.331894   clock uncertainty
                                  0.000000  200.331894   clock reconvergence pessimism
                                 -0.312592  200.019287   library setup time
                                            200.019287   data required time
---------------------------------------------------------------------------------------------
                                            200.019287   data required time
                                            -43.021839   data arrival time
---------------------------------------------------------------------------------------------
                                            156.997452   slack (MET)


Startpoint: soft_rst_n (input port clocked by clk)
Endpoint: _218_ (rising edge-triggered flip-flop clocked by clk)
Path Group: clk
Path Type: max

Fanout         Cap        Slew       Delay        Time   Description
---------------------------------------------------------------------------------------------
                                  0.000000    0.000000   clock clk (rise edge)
                                  0.000000    0.000000   clock network delay (propagated)
                                 40.000000   40.000000 ^ input external delay
     1    0.004580    0.105568    0.040274   40.040276 ^ soft_rst_n (in)
                                                         soft_rst_n (net)
                      0.105568    0.000000   40.040276 ^ input5/I (gf180mcu_fd_sc_mcu7t5v0__buf_1)
     5    0.027012    0.422723    0.362000   40.402275 ^ input5/Z (gf180mcu_fd_sc_mcu7t5v0__buf_1)
                                                         net5 (net)
                      0.422723    0.000348   40.402622 ^ fanout29/I (gf180mcu_fd_sc_mcu7t5v0__dlyb_1)
     2    0.010521    0.210077    0.807773   41.210396 ^ fanout29/Z (gf180mcu_fd_sc_mcu7t5v0__dlyb_1)
                                                         net29 (net)
                      0.210077    0.000167   41.210564 ^ wire32/I (gf180mcu_fd_sc_mcu7t5v0__buf_1)
     4    0.031070    0.479702    0.412179   41.622742 ^ wire32/Z (gf180mcu_fd_sc_mcu7t5v0__buf_1)
                                                         net32 (net)
                      0.479708    0.000956   41.623699 ^ load_slew31/I (gf180mcu_fd_sc_mcu7t5v0__clkbuf_2)
     4    0.030912    0.253349    0.361066   41.984764 ^ load_slew31/Z (gf180mcu_fd_sc_mcu7t5v0__clkbuf_2)
                                                         net31 (net)
                      0.253350    0.000490   41.985252 ^ load_slew30/I (gf180mcu_fd_sc_mcu7t5v0__clkbuf_1)
     3    0.024614    0.383996    0.363102   42.348354 ^ load_slew30/Z (gf180mcu_fd_sc_mcu7t5v0__clkbuf_1)
                                                         net30 (net)
                      0.383996    0.000359   42.348713 ^ _108_/I (gf180mcu_fd_sc_mcu7t5v0__clkinv_1)
     4    0.025004    0.357021    0.303086   42.651798 v _108_/ZN (gf180mcu_fd_sc_mcu7t5v0__clkinv_1)
                                                         _101_ (net)
                      0.357023    0.000501   42.652302 v _200_/A1 (gf180mcu_fd_sc_mcu7t5v0__nor3_1)
     1    0.005156    0.377582    0.289365   42.941666 ^ _200_/ZN (gf180mcu_fd_sc_mcu7t5v0__nor3_1)
                                                         _032_ (net)
                      0.377582    0.000060   42.941727 ^ _218_/D (gf180mcu_fd_sc_mcu7t5v0__dffrnq_1)
                                             42.941727   data arrival time

                                200.000000  200.000000   clock clk (rise edge)
                                  0.000000  200.000000   clock source latency
     1    0.036057    0.156044    0.079837  200.079834 ^ clk (in)
                                                         clk (net)
                      0.156052    0.000000  200.079834 ^ clkbuf_0_clk/I (gf180mcu_fd_sc_mcu7t5v0__clkbuf_16)
     8    0.192072    0.206389    0.291479  200.371307 ^ clkbuf_0_clk/Z (gf180mcu_fd_sc_mcu7t5v0__clkbuf_16)
                                                         clknet_0_clk (net)
                      0.206392    0.001180  200.372482 ^ clkbuf_3_2__f_clk/I (gf180mcu_fd_sc_mcu7t5v0__clkbuf_16)
     6    0.026285    0.075938    0.209184  200.581665 ^ clkbuf_3_2__f_clk/Z (gf180mcu_fd_sc_mcu7t5v0__clkbuf_16)
                                                         clknet_3_2__leaf_clk (net)
                      0.075938    0.000185  200.581863 ^ _218_/CLK (gf180mcu_fd_sc_mcu7t5v0__dffrnq_1)
                                 -0.250000  200.331863   clock uncertainty
                                  0.000000  200.331863   clock reconvergence pessimism
                                 -0.296407  200.035446   library setup time
                                            200.035446   data required time
---------------------------------------------------------------------------------------------
                                            200.035446   data required time
                                            -42.941727   data arrival time
---------------------------------------------------------------------------------------------
                                            157.093735   slack (MET)


Startpoint: rst_n (input port clocked by clk)
Endpoint: _232_ (recovery check against rising-edge clock clk)
Path Group: asynchronous
Path Type: max

Fanout         Cap        Slew       Delay        Time   Description
---------------------------------------------------------------------------------------------
                                  0.000000    0.000000   clock clk (rise edge)
                                  0.000000    0.000000   clock network delay (propagated)
                                 40.000000   40.000000 ^ input external delay
     1    0.004491    0.104330    0.039517   40.039516 ^ rst_n (in)
                                                         rst_n (net)
                      0.104330    0.000000   40.039516 ^ input4/I (gf180mcu_fd_sc_mcu7t5v0__buf_1)
     1    0.005625    0.127592    0.182929   40.222446 ^ input4/Z (gf180mcu_fd_sc_mcu7t5v0__buf_1)
                                                         net4 (net)
                      0.127592    0.000124   40.222572 ^ fanout49/I (gf180mcu_fd_sc_mcu7t5v0__dlyb_1)
     1    0.005658    0.148276    0.740119   40.962692 ^ fanout49/Z (gf180mcu_fd_sc_mcu7t5v0__dlyb_1)
                                                         net49 (net)
                      0.148276    0.000121   40.962811 ^ wire51/I (gf180mcu_fd_sc_mcu7t5v0__buf_1)
     4    0.025445    0.400946    0.356920   41.319733 ^ wire51/Z (gf180mcu_fd_sc_mcu7t5v0__buf_1)
                                                         net51 (net)
                      0.400948    0.000419   41.320148 ^ fanout37/I (gf180mcu_fd_sc_mcu7t5v0__dlyb_1)
     3    0.018468    0.315537    0.873722   42.193874 ^ fanout37/Z (gf180mcu_fd_sc_mcu7t5v0__dlyb_1)
                                                         net37 (net)
                      0.315537    0.000405   42.194279 ^ load_slew39/I (gf180mcu_fd_sc_mcu7t5v0__clkbuf_2)
     3    0.023354    0.200109    0.304926   42.499203 ^ load_slew39/Z (gf180mcu_fd_sc_mcu7t5v0__clkbuf_2)
                                                         net39 (net)
                      0.200109    0.000405   42.499607 ^ fanout33/I (gf180mcu_fd_sc_mcu7t5v0__dlyb_1)
     3    0.024201    0.391430    0.908614   43.408222 ^ fanout33/Z (gf180mcu_fd_sc_mcu7t5v0__dlyb_1)
                                                         net33 (net)
                      0.391430    0.000213   43.408436 ^ _232_/RN (gf180mcu_fd_sc_mcu7t5v0__dffrnq_1)
                                             43.408436   data arrival time

                                200.000000  200.000000   clock clk (rise edge)
                                  0.000000  200.000000   clock source latency
     1    0.036057    0.156044    0.079837  200.079834 ^ clk (in)
                                                         clk (net)
                      0.156052    0.000000  200.079834 ^ clkbuf_0_clk/I (gf180mcu_fd_sc_mcu7t5v0__clkbuf_16)
     8    0.192072    0.206389    0.291479  200.371307 ^ clkbuf_0_clk/Z (gf180mcu_fd_sc_mcu7t5v0__clkbuf_16)
                                                         clknet_0_clk (net)
                      0.206393    0.001421  200.372726 ^ clkbuf_3_0__f_clk/I (gf180mcu_fd_sc_mcu7t5v0__clkbuf_16)
     6    0.027601    0.076961    0.210093  200.582825 ^ clkbuf_3_0__f_clk/Z (gf180mcu_fd_sc_mcu7t5v0__clkbuf_16)
                                                         clknet_3_0__leaf_clk (net)
                      0.076961    0.000128  200.582947 ^ _232_/CLK (gf180mcu_fd_sc_mcu7t5v0__dffrnq_1)
                                 -0.250000  200.332947   clock uncertainty
                                  0.000000  200.332947   clock reconvergence pessimism
                                  0.178012  200.510956   library recovery time
                                            200.510956   data required time
---------------------------------------------------------------------------------------------
                                            200.510956   data required time
                                            -43.408436   data arrival time
---------------------------------------------------------------------------------------------
                                            157.102524   slack (MET)


Startpoint: rst_n (input port clocked by clk)
Endpoint: _231_ (recovery check against rising-edge clock clk)
Path Group: asynchronous
Path Type: max

Fanout         Cap        Slew       Delay        Time   Description
---------------------------------------------------------------------------------------------
                                  0.000000    0.000000   clock clk (rise edge)
                                  0.000000    0.000000   clock network delay (propagated)
                                 40.000000   40.000000 ^ input external delay
     1    0.004491    0.104330    0.039517   40.039516 ^ rst_n (in)
                                                         rst_n (net)
                      0.104330    0.000000   40.039516 ^ input4/I (gf180mcu_fd_sc_mcu7t5v0__buf_1)
     1    0.005625    0.127592    0.182929   40.222446 ^ input4/Z (gf180mcu_fd_sc_mcu7t5v0__buf_1)
                                                         net4 (net)
                      0.127592    0.000124   40.222572 ^ fanout49/I (gf180mcu_fd_sc_mcu7t5v0__dlyb_1)
     1    0.005658    0.148276    0.740119   40.962692 ^ fanout49/Z (gf180mcu_fd_sc_mcu7t5v0__dlyb_1)
                                                         net49 (net)
                      0.148276    0.000121   40.962811 ^ wire51/I (gf180mcu_fd_sc_mcu7t5v0__buf_1)
     4    0.025445    0.400946    0.356920   41.319733 ^ wire51/Z (gf180mcu_fd_sc_mcu7t5v0__buf_1)
                                                         net51 (net)
                      0.400948    0.000419   41.320148 ^ fanout37/I (gf180mcu_fd_sc_mcu7t5v0__dlyb_1)
     3    0.018468    0.315537    0.873722   42.193874 ^ fanout37/Z (gf180mcu_fd_sc_mcu7t5v0__dlyb_1)
                                                         net37 (net)
                      0.315537    0.000405   42.194279 ^ load_slew39/I (gf180mcu_fd_sc_mcu7t5v0__clkbuf_2)
     3    0.023354    0.200109    0.304926   42.499203 ^ load_slew39/Z (gf180mcu_fd_sc_mcu7t5v0__clkbuf_2)
                                                         net39 (net)
                      0.200109    0.000405   42.499607 ^ fanout33/I (gf180mcu_fd_sc_mcu7t5v0__dlyb_1)
     3    0.024201    0.391430    0.908614   43.408222 ^ fanout33/Z (gf180mcu_fd_sc_mcu7t5v0__dlyb_1)
                                                         net33 (net)
                      0.391431    0.000469   43.408691 ^ _231_/RN (gf180mcu_fd_sc_mcu7t5v0__dffrnq_1)
                                             43.408691   data arrival time

                                200.000000  200.000000   clock clk (rise edge)
                                  0.000000  200.000000   clock source latency
     1    0.036057    0.156044    0.079837  200.079834 ^ clk (in)
                                                         clk (net)
                      0.156052    0.000000  200.079834 ^ clkbuf_0_clk/I (gf180mcu_fd_sc_mcu7t5v0__clkbuf_16)
     8    0.192072    0.206389    0.291479  200.371307 ^ clkbuf_0_clk/Z (gf180mcu_fd_sc_mcu7t5v0__clkbuf_16)
                                                         clknet_0_clk (net)
                      0.206390    0.000838  200.372147 ^ clkbuf_3_3__f_clk/I (gf180mcu_fd_sc_mcu7t5v0__clkbuf_16)
     6    0.028960    0.078016    0.211017  200.583160 ^ clkbuf_3_3__f_clk/Z (gf180mcu_fd_sc_mcu7t5v0__clkbuf_16)
                                                         clknet_3_3__leaf_clk (net)
                      0.078016    0.000199  200.583359 ^ _231_/CLK (gf180mcu_fd_sc_mcu7t5v0__dffrnq_1)
                                 -0.250000  200.333359   clock uncertainty
                                  0.000000  200.333359   clock reconvergence pessimism
                                  0.178232  200.511597   library recovery time
                                            200.511597   data required time
---------------------------------------------------------------------------------------------
                                            200.511597   data required time
                                            -43.408691   data arrival time
---------------------------------------------------------------------------------------------
                                            157.102905   slack (MET)


Startpoint: rst_n (input port clocked by clk)
Endpoint: _236_ (recovery check against rising-edge clock clk)
Path Group: asynchronous
Path Type: max

Fanout         Cap        Slew       Delay        Time   Description
---------------------------------------------------------------------------------------------
                                  0.000000    0.000000   clock clk (rise edge)
                                  0.000000    0.000000   clock network delay (propagated)
                                 40.000000   40.000000 ^ input external delay
     1    0.004491    0.104330    0.039517   40.039516 ^ rst_n (in)
                                                         rst_n (net)
                      0.104330    0.000000   40.039516 ^ input4/I (gf180mcu_fd_sc_mcu7t5v0__buf_1)
     1    0.005625    0.127592    0.182929   40.222446 ^ input4/Z (gf180mcu_fd_sc_mcu7t5v0__buf_1)
                                                         net4 (net)
                      0.127592    0.000124   40.222572 ^ fanout49/I (gf180mcu_fd_sc_mcu7t5v0__dlyb_1)
     1    0.005658    0.148276    0.740119   40.962692 ^ fanout49/Z (gf180mcu_fd_sc_mcu7t5v0__dlyb_1)
                                                         net49 (net)
                      0.148276    0.000121   40.962811 ^ wire51/I (gf180mcu_fd_sc_mcu7t5v0__buf_1)
     4    0.025445    0.400946    0.356920   41.319733 ^ wire51/Z (gf180mcu_fd_sc_mcu7t5v0__buf_1)
                                                         net51 (net)
                      0.400946    0.000277   41.320007 ^ fanout45/I (gf180mcu_fd_sc_mcu7t5v0__dlyb_1)
     3    0.021403    0.354692    0.898336   42.218346 ^ fanout45/Z (gf180mcu_fd_sc_mcu7t5v0__dlyb_1)
                                                         net45 (net)
                      0.354692    0.000124   42.218468 ^ load_slew48/I (gf180mcu_fd_sc_mcu7t5v0__clkbuf_1)
     3    0.021209    0.336967    0.347761   42.566231 ^ load_slew48/Z (gf180mcu_fd_sc_mcu7t5v0__clkbuf_1)
                                                         net48 (net)
                      0.336967    0.000291   42.566521 ^ load_slew47/I (gf180mcu_fd_sc_mcu7t5v0__clkbuf_2)
     4    0.027756    0.230347    0.327034   42.893555 ^ load_slew47/Z (gf180mcu_fd_sc_mcu7t5v0__clkbuf_2)
                                                         net47 (net)
                      0.230347    0.000359   42.893913 ^ load_slew46/I (gf180mcu_fd_sc_mcu7t5v0__clkbuf_2)
     3    0.026588    0.220977    0.303295   43.197208 ^ load_slew46/Z (gf180mcu_fd_sc_mcu7t5v0__clkbuf_2)
                                                         net46 (net)
                      0.220977    0.000540   43.197750 ^ _236_/RN (gf180mcu_fd_sc_mcu7t5v0__dffrnq_1)
                                             43.197750   data arrival time

                                200.000000  200.000000   clock clk (rise edge)
                                  0.000000  200.000000   clock source latency
     1    0.036057    0.156044    0.079837  200.079834 ^ clk (in)
                                                         clk (net)
                      0.156052    0.000000  200.079834 ^ clkbuf_0_clk/I (gf180mcu_fd_sc_mcu7t5v0__clkbuf_16)
     8    0.192072    0.206389    0.291479  200.371307 ^ clkbuf_0_clk/Z (gf180mcu_fd_sc_mcu7t5v0__clkbuf_16)
                                                         clknet_0_clk (net)
                      0.206394    0.001535  200.372849 ^ clkbuf_3_4__f_clk/I (gf180mcu_fd_sc_mcu7t5v0__clkbuf_16)
     6    0.026012    0.075726    0.208999  200.581848 ^ clkbuf_3_4__f_clk/Z (gf180mcu_fd_sc_mcu7t5v0__clkbuf_16)
                                                         clknet_3_4__leaf_clk (net)
                      0.075726    0.000128  200.581970 ^ _236_/CLK (gf180mcu_fd_sc_mcu7t5v0__dffrnq_1)
                                 -0.250000  200.331970   clock uncertainty
                                  0.000000  200.331970   clock reconvergence pessimism
                                  0.187117  200.519089   library recovery time
                                            200.519089   data required time
---------------------------------------------------------------------------------------------
                                            200.519089   data required time
                                            -43.197750   data arrival time
---------------------------------------------------------------------------------------------
                                            157.321350   slack (MET)


Startpoint: rst_n (input port clocked by clk)
Endpoint: _252_ (recovery check against rising-edge clock clk)
Path Group: asynchronous
Path Type: max

Fanout         Cap        Slew       Delay        Time   Description
---------------------------------------------------------------------------------------------
                                  0.000000    0.000000   clock clk (rise edge)
                                  0.000000    0.000000   clock network delay (propagated)
                                 40.000000   40.000000 ^ input external delay
     1    0.004491    0.104330    0.039517   40.039516 ^ rst_n (in)
                                                         rst_n (net)
                      0.104330    0.000000   40.039516 ^ input4/I (gf180mcu_fd_sc_mcu7t5v0__buf_1)
     1    0.005625    0.127592    0.182929   40.222446 ^ input4/Z (gf180mcu_fd_sc_mcu7t5v0__buf_1)
                                                         net4 (net)
                      0.127592    0.000124   40.222572 ^ fanout49/I (gf180mcu_fd_sc_mcu7t5v0__dlyb_1)
     1    0.005658    0.148276    0.740119   40.962692 ^ fanout49/Z (gf180mcu_fd_sc_mcu7t5v0__dlyb_1)
                                                         net49 (net)
                      0.148276    0.000121   40.962811 ^ wire51/I (gf180mcu_fd_sc_mcu7t5v0__buf_1)
     4    0.025445    0.400946    0.356920   41.319733 ^ wire51/Z (gf180mcu_fd_sc_mcu7t5v0__buf_1)
                                                         net51 (net)
                      0.400946    0.000277   41.320007 ^ fanout45/I (gf180mcu_fd_sc_mcu7t5v0__dlyb_1)
     3    0.021403    0.354692    0.898336   42.218346 ^ fanout45/Z (gf180mcu_fd_sc_mcu7t5v0__dlyb_1)
                                                         net45 (net)
                      0.354692    0.000124   42.218468 ^ load_slew48/I (gf180mcu_fd_sc_mcu7t5v0__clkbuf_1)
     3    0.021209    0.336967    0.347761   42.566231 ^ load_slew48/Z (gf180mcu_fd_sc_mcu7t5v0__clkbuf_1)
                                                         net48 (net)
                      0.336967    0.000291   42.566521 ^ load_slew47/I (gf180mcu_fd_sc_mcu7t5v0__clkbuf_2)
     4    0.027756    0.230347    0.327034   42.893555 ^ load_slew47/Z (gf180mcu_fd_sc_mcu7t5v0__clkbuf_2)
                                                         net47 (net)
                      0.230347    0.000359   42.893913 ^ load_slew46/I (gf180mcu_fd_sc_mcu7t5v0__clkbuf_2)
     3    0.026588    0.220977    0.303295   43.197208 ^ load_slew46/Z (gf180mcu_fd_sc_mcu7t5v0__clkbuf_2)
                                                         net46 (net)
                      0.220977    0.000419   43.197628 ^ _252_/RN (gf180mcu_fd_sc_mcu7t5v0__dffrnq_1)
                                             43.197628   data arrival time

                                200.000000  200.000000   clock clk (rise edge)
                                  0.000000  200.000000   clock source latency
     1    0.036057    0.156044    0.079837  200.079834 ^ clk (in)
                                                         clk (net)
                      0.156052    0.000000  200.079834 ^ clkbuf_0_clk/I (gf180mcu_fd_sc_mcu7t5v0__clkbuf_16)
     8    0.192072    0.206389    0.291479  200.371307 ^ clkbuf_0_clk/Z (gf180mcu_fd_sc_mcu7t5v0__clkbuf_16)
                                                         clknet_0_clk (net)
                      0.206394    0.001535  200.372849 ^ clkbuf_3_4__f_clk/I (gf180mcu_fd_sc_mcu7t5v0__clkbuf_16)
     6    0.026012    0.075726    0.208999  200.581848 ^ clkbuf_3_4__f_clk/Z (gf180mcu_fd_sc_mcu7t5v0__clkbuf_16)
                                                         clknet_3_4__leaf_clk (net)
                      0.075726    0.000071  200.581909 ^ _252_/CLK (gf180mcu_fd_sc_mcu7t5v0__dffrnq_1)
                                 -0.250000  200.331909   clock uncertainty
                                  0.000000  200.331909   clock reconvergence pessimism
                                  0.187117  200.519028   library recovery time
                                            200.519028   data required time
---------------------------------------------------------------------------------------------
                                            200.519028   data required time
                                            -43.197628   data arrival time
---------------------------------------------------------------------------------------------
                                            157.321396   slack (MET)


Startpoint: rst_n (input port clocked by clk)
Endpoint: _235_ (recovery check against rising-edge clock clk)
Path Group: asynchronous
Path Type: max

Fanout         Cap        Slew       Delay        Time   Description
---------------------------------------------------------------------------------------------
                                  0.000000    0.000000   clock clk (rise edge)
                                  0.000000    0.000000   clock network delay (propagated)
                                 40.000000   40.000000 ^ input external delay
     1    0.004491    0.104330    0.039517   40.039516 ^ rst_n (in)
                                                         rst_n (net)
                      0.104330    0.000000   40.039516 ^ input4/I (gf180mcu_fd_sc_mcu7t5v0__buf_1)
     1    0.005625    0.127592    0.182929   40.222446 ^ input4/Z (gf180mcu_fd_sc_mcu7t5v0__buf_1)
                                                         net4 (net)
                      0.127592    0.000124   40.222572 ^ fanout49/I (gf180mcu_fd_sc_mcu7t5v0__dlyb_1)
     1    0.005658    0.148276    0.740119   40.962692 ^ fanout49/Z (gf180mcu_fd_sc_mcu7t5v0__dlyb_1)
                                                         net49 (net)
                      0.148276    0.000121   40.962811 ^ wire51/I (gf180mcu_fd_sc_mcu7t5v0__buf_1)
     4    0.025445    0.400946    0.356920   41.319733 ^ wire51/Z (gf180mcu_fd_sc_mcu7t5v0__buf_1)
                                                         net51 (net)
                      0.400946    0.000277   41.320007 ^ fanout45/I (gf180mcu_fd_sc_mcu7t5v0__dlyb_1)
     3    0.021403    0.354692    0.898336   42.218346 ^ fanout45/Z (gf180mcu_fd_sc_mcu7t5v0__dlyb_1)
                                                         net45 (net)
                      0.354692    0.000124   42.218468 ^ load_slew48/I (gf180mcu_fd_sc_mcu7t5v0__clkbuf_1)
     3    0.021209    0.336967    0.347761   42.566231 ^ load_slew48/Z (gf180mcu_fd_sc_mcu7t5v0__clkbuf_1)
                                                         net48 (net)
                      0.336967    0.000291   42.566521 ^ load_slew47/I (gf180mcu_fd_sc_mcu7t5v0__clkbuf_2)
     4    0.027756    0.230347    0.327034   42.893555 ^ load_slew47/Z (gf180mcu_fd_sc_mcu7t5v0__clkbuf_2)
                                                         net47 (net)
                      0.230347    0.000359   42.893913 ^ load_slew46/I (gf180mcu_fd_sc_mcu7t5v0__clkbuf_2)
     3    0.026588    0.220977    0.303295   43.197208 ^ load_slew46/Z (gf180mcu_fd_sc_mcu7t5v0__clkbuf_2)
                                                         net46 (net)
                      0.220977    0.000558   43.197765 ^ _235_/RN (gf180mcu_fd_sc_mcu7t5v0__dffrnq_1)
                                             43.197765   data arrival time

                                200.000000  200.000000   clock clk (rise edge)
                                  0.000000  200.000000   clock source latency
     1    0.036057    0.156044    0.079837  200.079834 ^ clk (in)
                                                         clk (net)
                      0.156052    0.000000  200.079834 ^ clkbuf_0_clk/I (gf180mcu_fd_sc_mcu7t5v0__clkbuf_16)
     8    0.192072    0.206389    0.291479  200.371307 ^ clkbuf_0_clk/Z (gf180mcu_fd_sc_mcu7t5v0__clkbuf_16)
                                                         clknet_0_clk (net)
                      0.206390    0.000909  200.372223 ^ clkbuf_3_1__f_clk/I (gf180mcu_fd_sc_mcu7t5v0__clkbuf_16)
     6    0.031412    0.079918    0.212580  200.584793 ^ clkbuf_3_1__f_clk/Z (gf180mcu_fd_sc_mcu7t5v0__clkbuf_16)
                                                         clknet_3_1__leaf_clk (net)
                      0.079920    0.000711  200.585510 ^ _235_/CLK (gf180mcu_fd_sc_mcu7t5v0__dffrnq_1)
                                 -0.250000  200.335510   clock uncertainty
                                  0.000000  200.335510   clock reconvergence pessimism
                                  0.188013  200.523529   library recovery time
                                            200.523529   data required time
---------------------------------------------------------------------------------------------
                                            200.523529   data required time
                                            -43.197765   data arrival time
---------------------------------------------------------------------------------------------
                                            157.325760   slack (MET)


Startpoint: soft_rst_n (input port clocked by clk)
Endpoint: _234_ (rising edge-triggered flip-flop clocked by clk)
Path Group: clk
Path Type: max

Fanout         Cap        Slew       Delay        Time   Description
---------------------------------------------------------------------------------------------
                                  0.000000    0.000000   clock clk (rise edge)
                                  0.000000    0.000000   clock network delay (propagated)
                                 40.000000   40.000000 ^ input external delay
     1    0.004580    0.105568    0.040274   40.040276 ^ soft_rst_n (in)
                                                         soft_rst_n (net)
                      0.105568    0.000000   40.040276 ^ input5/I (gf180mcu_fd_sc_mcu7t5v0__buf_1)
     5    0.027012    0.422723    0.362000   40.402275 ^ input5/Z (gf180mcu_fd_sc_mcu7t5v0__buf_1)
                                                         net5 (net)
                      0.422723    0.000348   40.402622 ^ fanout29/I (gf180mcu_fd_sc_mcu7t5v0__dlyb_1)
     2    0.010521    0.210077    0.807773   41.210396 ^ fanout29/Z (gf180mcu_fd_sc_mcu7t5v0__dlyb_1)
                                                         net29 (net)
                      0.210077    0.000167   41.210564 ^ wire32/I (gf180mcu_fd_sc_mcu7t5v0__buf_1)
     4    0.031070    0.479702    0.412179   41.622742 ^ wire32/Z (gf180mcu_fd_sc_mcu7t5v0__buf_1)
                                                         net32 (net)
                      0.479708    0.000956   41.623699 ^ load_slew31/I (gf180mcu_fd_sc_mcu7t5v0__clkbuf_2)
     4    0.030912    0.253349    0.361066   41.984764 ^ load_slew31/Z (gf180mcu_fd_sc_mcu7t5v0__clkbuf_2)
                                                         net31 (net)
                      0.253350    0.000565   41.985329 ^ _143_/A1 (gf180mcu_fd_sc_mcu7t5v0__nand2_2)
     2    0.012551    0.149836    0.116390   42.101719 v _143_/ZN (gf180mcu_fd_sc_mcu7t5v0__nand2_2)
                                                         _055_ (net)
                      0.149836    0.000185   42.101902 v load_slew26/I (gf180mcu_fd_sc_mcu7t5v0__buf_2)
     8    0.050403    0.223672    0.312646   42.414551 v load_slew26/Z (gf180mcu_fd_sc_mcu7t5v0__buf_2)
                                                         net26 (net)
                      0.223702    0.001467   42.416016 v _170_/A1 (gf180mcu_fd_sc_mcu7t5v0__nor2_1)
     1    0.008042    0.302552    0.234341   42.650356 ^ _170_/ZN (gf180mcu_fd_sc_mcu7t5v0__nor2_1)
                                                         _021_ (net)
                      0.302552    0.000203   42.650558 ^ _234_/D (gf180mcu_fd_sc_mcu7t5v0__dffrnq_1)
                                             42.650558   data arrival time

                                200.000000  200.000000   clock clk (rise edge)
                                  0.000000  200.000000   clock source latency
     1    0.036057    0.156044    0.079837  200.079834 ^ clk (in)
                                                         clk (net)
                      0.156052    0.000000  200.079834 ^ clkbuf_0_clk/I (gf180mcu_fd_sc_mcu7t5v0__clkbuf_16)
     8    0.192072    0.206389    0.291479  200.371307 ^ clkbuf_0_clk/Z (gf180mcu_fd_sc_mcu7t5v0__clkbuf_16)
                                                         clknet_0_clk (net)
                      0.206390    0.000838  200.372147 ^ clkbuf_3_3__f_clk/I (gf180mcu_fd_sc_mcu7t5v0__clkbuf_16)
     6    0.028960    0.078016    0.211017  200.583160 ^ clkbuf_3_3__f_clk/Z (gf180mcu_fd_sc_mcu7t5v0__clkbuf_16)
                                                         clknet_3_3__leaf_clk (net)
                      0.078016    0.000284  200.583450 ^ _234_/CLK (gf180mcu_fd_sc_mcu7t5v0__dffrnq_1)
                                 -0.250000  200.333450   clock uncertainty
                                  0.000000  200.333450   clock reconvergence pessimism
                                 -0.283137  200.050308   library setup time
                                            200.050308   data required time
---------------------------------------------------------------------------------------------
                                            200.050308   data required time
                                            -42.650558   data arrival time
---------------------------------------------------------------------------------------------
                                            157.399765   slack (MET)


Startpoint: soft_rst_n (input port clocked by clk)
Endpoint: _252_ (rising edge-triggered flip-flop clocked by clk)
Path Group: clk
Path Type: max

Fanout         Cap        Slew       Delay        Time   Description
---------------------------------------------------------------------------------------------
                                  0.000000    0.000000   clock clk (rise edge)
                                  0.000000    0.000000   clock network delay (propagated)
                                 40.000000   40.000000 ^ input external delay
     1    0.004580    0.105568    0.040274   40.040276 ^ soft_rst_n (in)
                                                         soft_rst_n (net)
                      0.105568    0.000000   40.040276 ^ input5/I (gf180mcu_fd_sc_mcu7t5v0__buf_1)
     5    0.027012    0.422723    0.362000   40.402275 ^ input5/Z (gf180mcu_fd_sc_mcu7t5v0__buf_1)
                                                         net5 (net)
                      0.422723    0.000348   40.402622 ^ fanout29/I (gf180mcu_fd_sc_mcu7t5v0__dlyb_1)
     2    0.010521    0.210077    0.807773   41.210396 ^ fanout29/Z (gf180mcu_fd_sc_mcu7t5v0__dlyb_1)
                                                         net29 (net)
                      0.210077    0.000149   41.210545 ^ fanout27/I (gf180mcu_fd_sc_mcu7t5v0__dlyb_1)
     5    0.026616    0.423598    0.929305   42.139851 ^ fanout27/Z (gf180mcu_fd_sc_mcu7t5v0__dlyb_1)
                                                         net27 (net)
                      0.423598    0.000405   42.140255 ^ load_slew28/I (gf180mcu_fd_sc_mcu7t5v0__buf_2)
     6    0.027300    0.225541    0.279545   42.419800 ^ load_slew28/Z (gf180mcu_fd_sc_mcu7t5v0__buf_2)
                                                         net28 (net)
                      0.225542    0.000668   42.420467 ^ _123_/A1 (gf180mcu_fd_sc_mcu7t5v0__and2_1)
     1    0.005464    0.137826    0.254840   42.675308 ^ _123_/Z (gf180mcu_fd_sc_mcu7t5v0__and2_1)
                                                         _013_ (net)
                      0.137826    0.000110   42.675419 ^ _252_/D (gf180mcu_fd_sc_mcu7t5v0__dffrnq_1)
                                             42.675419   data arrival time

                                200.000000  200.000000   clock clk (rise edge)
                                  0.000000  200.000000   clock source latency
     1    0.036057    0.156044    0.079837  200.079834 ^ clk (in)
                                                         clk (net)
                      0.156052    0.000000  200.079834 ^ clkbuf_0_clk/I (gf180mcu_fd_sc_mcu7t5v0__clkbuf_16)
     8    0.192072    0.206389    0.291479  200.371307 ^ clkbuf_0_clk/Z (gf180mcu_fd_sc_mcu7t5v0__clkbuf_16)
                                                         clknet_0_clk (net)
                      0.206394    0.001535  200.372849 ^ clkbuf_3_4__f_clk/I (gf180mcu_fd_sc_mcu7t5v0__clkbuf_16)
     6    0.026012    0.075726    0.208999  200.581848 ^ clkbuf_3_4__f_clk/Z (gf180mcu_fd_sc_mcu7t5v0__clkbuf_16)
                                                         clknet_3_4__leaf_clk (net)
                      0.075726    0.000071  200.581909 ^ _252_/CLK (gf180mcu_fd_sc_mcu7t5v0__dffrnq_1)
                                 -0.250000  200.331909   clock uncertainty
                                  0.000000  200.331909   clock reconvergence pessimism
                                 -0.253805  200.078110   library setup time
                                            200.078110   data required time
---------------------------------------------------------------------------------------------
                                            200.078110   data required time
                                            -42.675419   data arrival time
---------------------------------------------------------------------------------------------
                                            157.402695   slack (MET)


Startpoint: soft_rst_n (input port clocked by clk)
Endpoint: _249_ (rising edge-triggered flip-flop clocked by clk)
Path Group: clk
Path Type: max

Fanout         Cap        Slew       Delay        Time   Description
---------------------------------------------------------------------------------------------
                                  0.000000    0.000000   clock clk (rise edge)
                                  0.000000    0.000000   clock network delay (propagated)
                                 40.000000   40.000000 ^ input external delay
     1    0.004580    0.105568    0.040274   40.040276 ^ soft_rst_n (in)
                                                         soft_rst_n (net)
                      0.105568    0.000000   40.040276 ^ input5/I (gf180mcu_fd_sc_mcu7t5v0__buf_1)
     5    0.027012    0.422723    0.362000   40.402275 ^ input5/Z (gf180mcu_fd_sc_mcu7t5v0__buf_1)
                                                         net5 (net)
                      0.422723    0.000348   40.402622 ^ fanout29/I (gf180mcu_fd_sc_mcu7t5v0__dlyb_1)
     2    0.010521    0.210077    0.807773   41.210396 ^ fanout29/Z (gf180mcu_fd_sc_mcu7t5v0__dlyb_1)
                                                         net29 (net)
                      0.210077    0.000149   41.210545 ^ fanout27/I (gf180mcu_fd_sc_mcu7t5v0__dlyb_1)
     5    0.026616    0.423598    0.929305   42.139851 ^ fanout27/Z (gf180mcu_fd_sc_mcu7t5v0__dlyb_1)
                                                         net27 (net)
                      0.423598    0.000405   42.140255 ^ load_slew28/I (gf180mcu_fd_sc_mcu7t5v0__buf_2)
     6    0.027300    0.225541    0.279545   42.419800 ^ load_slew28/Z (gf180mcu_fd_sc_mcu7t5v0__buf_2)
                                                         net28 (net)
                      0.225541    0.000348   42.420147 ^ _120_/A1 (gf180mcu_fd_sc_mcu7t5v0__and2_1)
     1    0.004779    0.129020    0.248772   42.668919 ^ _120_/Z (gf180mcu_fd_sc_mcu7t5v0__and2_1)
                                                         _010_ (net)
                      0.129020    0.000053   42.668972 ^ _249_/D (gf180mcu_fd_sc_mcu7t5v0__dffrnq_1)
                                             42.668972   data arrival time

                                200.000000  200.000000   clock clk (rise edge)
                                  0.000000  200.000000   clock source latency
     1    0.036057    0.156044    0.079837  200.079834 ^ clk (in)
                                                         clk (net)
                      0.156052    0.000000  200.079834 ^ clkbuf_0_clk/I (gf180mcu_fd_sc_mcu7t5v0__clkbuf_16)
     8    0.192072    0.206389    0.291479  200.371307 ^ clkbuf_0_clk/Z (gf180mcu_fd_sc_mcu7t5v0__clkbuf_16)
                                                         clknet_0_clk (net)
                      0.206394    0.001535  200.372849 ^ clkbuf_3_4__f_clk/I (gf180mcu_fd_sc_mcu7t5v0__clkbuf_16)
     6    0.026012    0.075726    0.208999  200.581848 ^ clkbuf_3_4__f_clk/Z (gf180mcu_fd_sc_mcu7t5v0__clkbuf_16)
                                                         clknet_3_4__leaf_clk (net)
                      0.075726    0.000270  200.582108 ^ _249_/CLK (gf180mcu_fd_sc_mcu7t5v0__dffrnq_1)
                                 -0.250000  200.332123   clock uncertainty
                                  0.000000  200.332123   clock reconvergence pessimism
                                 -0.251970  200.080139   library setup time
                                            200.080139   data required time
---------------------------------------------------------------------------------------------
                                            200.080139   data required time
                                            -42.668972   data arrival time
---------------------------------------------------------------------------------------------
                                            157.411163   slack (MET)


Startpoint: soft_rst_n (input port clocked by clk)
Endpoint: _251_ (rising edge-triggered flip-flop clocked by clk)
Path Group: clk
Path Type: max

Fanout         Cap        Slew       Delay        Time   Description
---------------------------------------------------------------------------------------------
                                  0.000000    0.000000   clock clk (rise edge)
                                  0.000000    0.000000   clock network delay (propagated)
                                 40.000000   40.000000 ^ input external delay
     1    0.004580    0.105568    0.040274   40.040276 ^ soft_rst_n (in)
                                                         soft_rst_n (net)
                      0.105568    0.000000   40.040276 ^ input5/I (gf180mcu_fd_sc_mcu7t5v0__buf_1)
     5    0.027012    0.422723    0.362000   40.402275 ^ input5/Z (gf180mcu_fd_sc_mcu7t5v0__buf_1)
                                                         net5 (net)
                      0.422723    0.000348   40.402622 ^ fanout29/I (gf180mcu_fd_sc_mcu7t5v0__dlyb_1)
     2    0.010521    0.210077    0.807773   41.210396 ^ fanout29/Z (gf180mcu_fd_sc_mcu7t5v0__dlyb_1)
                                                         net29 (net)
                      0.210077    0.000149   41.210545 ^ fanout27/I (gf180mcu_fd_sc_mcu7t5v0__dlyb_1)
     5    0.026616    0.423598    0.929305   42.139851 ^ fanout27/Z (gf180mcu_fd_sc_mcu7t5v0__dlyb_1)
                                                         net27 (net)
                      0.423598    0.000405   42.140255 ^ load_slew28/I (gf180mcu_fd_sc_mcu7t5v0__buf_2)
     6    0.027300    0.225541    0.279545   42.419800 ^ load_slew28/Z (gf180mcu_fd_sc_mcu7t5v0__buf_2)
                                                         net28 (net)
                      0.225542    0.000664   42.420464 ^ _122_/A1 (gf180mcu_fd_sc_mcu7t5v0__and2_1)
     1    0.004477    0.125149    0.246093   42.666557 ^ _122_/Z (gf180mcu_fd_sc_mcu7t5v0__and2_1)
                                                         _012_ (net)
                      0.125149    0.000050   42.666607 ^ _251_/D (gf180mcu_fd_sc_mcu7t5v0__dffrnq_1)
                                             42.666607   data arrival time

                                200.000000  200.000000   clock clk (rise edge)
                                  0.000000  200.000000   clock source latency
     1    0.036057    0.156044    0.079837  200.079834 ^ clk (in)
                                                         clk (net)
                      0.156052    0.000000  200.079834 ^ clkbuf_0_clk/I (gf180mcu_fd_sc_mcu7t5v0__clkbuf_16)
     8    0.192072    0.206389    0.291479  200.371307 ^ clkbuf_0_clk/Z (gf180mcu_fd_sc_mcu7t5v0__clkbuf_16)
                                                         clknet_0_clk (net)
                      0.206394    0.001535  200.372849 ^ clkbuf_3_4__f_clk/I (gf180mcu_fd_sc_mcu7t5v0__clkbuf_16)
     6    0.026012    0.075726    0.208999  200.581848 ^ clkbuf_3_4__f_clk/Z (gf180mcu_fd_sc_mcu7t5v0__clkbuf_16)
                                                         clknet_3_4__leaf_clk (net)
                      0.075726    0.000227  200.582077 ^ _251_/CLK (gf180mcu_fd_sc_mcu7t5v0__dffrnq_1)
                                 -0.250000  200.332077   clock uncertainty
                                  0.000000  200.332077   clock reconvergence pessimism
                                 -0.251164  200.080917   library setup time
                                            200.080917   data required time
---------------------------------------------------------------------------------------------
                                            200.080917   data required time
                                            -42.666607   data arrival time
---------------------------------------------------------------------------------------------
                                            157.414291   slack (MET)


Startpoint: soft_rst_n (input port clocked by clk)
Endpoint: _250_ (rising edge-triggered flip-flop clocked by clk)
Path Group: clk
Path Type: max

Fanout         Cap        Slew       Delay        Time   Description
---------------------------------------------------------------------------------------------
                                  0.000000    0.000000   clock clk (rise edge)
                                  0.000000    0.000000   clock network delay (propagated)
                                 40.000000   40.000000 ^ input external delay
     1    0.004580    0.105568    0.040274   40.040276 ^ soft_rst_n (in)
                                                         soft_rst_n (net)
                      0.105568    0.000000   40.040276 ^ input5/I (gf180mcu_fd_sc_mcu7t5v0__buf_1)
     5    0.027012    0.422723    0.362000   40.402275 ^ input5/Z (gf180mcu_fd_sc_mcu7t5v0__buf_1)
                                                         net5 (net)
                      0.422723    0.000348   40.402622 ^ fanout29/I (gf180mcu_fd_sc_mcu7t5v0__dlyb_1)
     2    0.010521    0.210077    0.807773   41.210396 ^ fanout29/Z (gf180mcu_fd_sc_mcu7t5v0__dlyb_1)
                                                         net29 (net)
                      0.210077    0.000149   41.210545 ^ fanout27/I (gf180mcu_fd_sc_mcu7t5v0__dlyb_1)
     5    0.026616    0.423598    0.929305   42.139851 ^ fanout27/Z (gf180mcu_fd_sc_mcu7t5v0__dlyb_1)
                                                         net27 (net)
                      0.423598    0.000405   42.140255 ^ load_slew28/I (gf180mcu_fd_sc_mcu7t5v0__buf_2)
     6    0.027300    0.225541    0.279545   42.419800 ^ load_slew28/Z (gf180mcu_fd_sc_mcu7t5v0__buf_2)
                                                         net28 (net)
                      0.225541    0.000533   42.420334 ^ _121_/A1 (gf180mcu_fd_sc_mcu7t5v0__and2_1)
     1    0.003993    0.118925    0.241787   42.662121 ^ _121_/Z (gf180mcu_fd_sc_mcu7t5v0__and2_1)
                                                         _011_ (net)
                      0.118925    0.000075   42.662193 ^ _250_/D (gf180mcu_fd_sc_mcu7t5v0__dffrnq_1)
                                             42.662193   data arrival time

                                200.000000  200.000000   clock clk (rise edge)
                                  0.000000  200.000000   clock source latency
     1    0.036057    0.156044    0.079837  200.079834 ^ clk (in)
                                                         clk (net)
                      0.156052    0.000000  200.079834 ^ clkbuf_0_clk/I (gf180mcu_fd_sc_mcu7t5v0__clkbuf_16)
     8    0.192072    0.206389    0.291479  200.371307 ^ clkbuf_0_clk/Z (gf180mcu_fd_sc_mcu7t5v0__clkbuf_16)
                                                         clknet_0_clk (net)
                      0.206394    0.001535  200.372849 ^ clkbuf_3_4__f_clk/I (gf180mcu_fd_sc_mcu7t5v0__clkbuf_16)
     6    0.026012    0.075726    0.208999  200.581848 ^ clkbuf_3_4__f_clk/Z (gf180mcu_fd_sc_mcu7t5v0__clkbuf_16)
                                                         clknet_3_4__leaf_clk (net)
                      0.075726    0.000256  200.582092 ^ _250_/CLK (gf180mcu_fd_sc_mcu7t5v0__dffrnq_1)
                                 -0.250000  200.332108   clock uncertainty
                                  0.000000  200.332108   clock reconvergence pessimism
                                 -0.249867  200.082230   library setup time
                                            200.082230   data required time
---------------------------------------------------------------------------------------------
                                            200.082230   data required time
                                            -42.662193   data arrival time
---------------------------------------------------------------------------------------------
                                            157.420044   slack (MET)


Startpoint: soft_rst_n (input port clocked by clk)
Endpoint: _254_ (rising edge-triggered flip-flop clocked by clk)
Path Group: clk
Path Type: max

Fanout         Cap        Slew       Delay        Time   Description
---------------------------------------------------------------------------------------------
                                  0.000000    0.000000   clock clk (rise edge)
                                  0.000000    0.000000   clock network delay (propagated)
                                 40.000000   40.000000 ^ input external delay
     1    0.004580    0.105568    0.040274   40.040276 ^ soft_rst_n (in)
                                                         soft_rst_n (net)
                      0.105568    0.000000   40.040276 ^ input5/I (gf180mcu_fd_sc_mcu7t5v0__buf_1)
     5    0.027012    0.422723    0.362000   40.402275 ^ input5/Z (gf180mcu_fd_sc_mcu7t5v0__buf_1)
                                                         net5 (net)
                      0.422723    0.000348   40.402622 ^ fanout29/I (gf180mcu_fd_sc_mcu7t5v0__dlyb_1)
     2    0.010521    0.210077    0.807773   41.210396 ^ fanout29/Z (gf180mcu_fd_sc_mcu7t5v0__dlyb_1)
                                                         net29 (net)
                      0.210077    0.000149   41.210545 ^ fanout27/I (gf180mcu_fd_sc_mcu7t5v0__dlyb_1)
     5    0.026616    0.423598    0.929305   42.139851 ^ fanout27/Z (gf180mcu_fd_sc_mcu7t5v0__dlyb_1)
                                                         net27 (net)
                      0.423598    0.000405   42.140255 ^ load_slew28/I (gf180mcu_fd_sc_mcu7t5v0__buf_2)
     6    0.027300    0.225541    0.279545   42.419800 ^ load_slew28/Z (gf180mcu_fd_sc_mcu7t5v0__buf_2)
                                                         net28 (net)
                      0.225541    0.000398   42.420197 ^ _117_/A1 (gf180mcu_fd_sc_mcu7t5v0__and2_1)
     1    0.003947    0.118336    0.241378   42.661575 ^ _117_/Z (gf180mcu_fd_sc_mcu7t5v0__and2_1)
                                                         _007_ (net)
                      0.118336    0.000075   42.661652 ^ _254_/D (gf180mcu_fd_sc_mcu7t5v0__dffrnq_1)
                                             42.661652   data arrival time

                                200.000000  200.000000   clock clk (rise edge)
                                  0.000000  200.000000   clock source latency
     1    0.036057    0.156044    0.079837  200.079834 ^ clk (in)
                                                         clk (net)
                      0.156052    0.000000  200.079834 ^ clkbuf_0_clk/I (gf180mcu_fd_sc_mcu7t5v0__clkbuf_16)
     8    0.192072    0.206389    0.291479  200.371307 ^ clkbuf_0_clk/Z (gf180mcu_fd_sc_mcu7t5v0__clkbuf_16)
                                                         clknet_0_clk (net)
                      0.206398    0.002046  200.373352 ^ clkbuf_3_5__f_clk/I (gf180mcu_fd_sc_mcu7t5v0__clkbuf_16)
     6    0.026659    0.076228    0.209411  200.582764 ^ clkbuf_3_5__f_clk/Z (gf180mcu_fd_sc_mcu7t5v0__clkbuf_16)
                                                         clknet_3_5__leaf_clk (net)
                      0.076229    0.000483  200.583252 ^ _254_/CLK (gf180mcu_fd_sc_mcu7t5v0__dffrnq_1)
                                 -0.250000  200.333252   clock uncertainty
                                  0.000000  200.333252   clock reconvergence pessimism
                                 -0.249638  200.083603   library setup time
                                            200.083603   data required time
---------------------------------------------------------------------------------------------
                                            200.083603   data required time
                                            -42.661652   data arrival time
---------------------------------------------------------------------------------------------
                                            157.421951   slack (MET)


Startpoint: soft_rst_n (input port clocked by clk)
Endpoint: _253_ (rising edge-triggered flip-flop clocked by clk)
Path Group: clk
Path Type: max

Fanout         Cap        Slew       Delay        Time   Description
---------------------------------------------------------------------------------------------
                                  0.000000    0.000000   clock clk (rise edge)
                                  0.000000    0.000000   clock network delay (propagated)
                                 40.000000   40.000000 ^ input external delay
     1    0.004580    0.105568    0.040274   40.040276 ^ soft_rst_n (in)
                                                         soft_rst_n (net)
                      0.105568    0.000000   40.040276 ^ input5/I (gf180mcu_fd_sc_mcu7t5v0__buf_1)
     5    0.027012    0.422723    0.362000   40.402275 ^ input5/Z (gf180mcu_fd_sc_mcu7t5v0__buf_1)
                                                         net5 (net)
                      0.422723    0.000348   40.402622 ^ fanout29/I (gf180mcu_fd_sc_mcu7t5v0__dlyb_1)
     2    0.010521    0.210077    0.807773   41.210396 ^ fanout29/Z (gf180mcu_fd_sc_mcu7t5v0__dlyb_1)
                                                         net29 (net)
                      0.210077    0.000149   41.210545 ^ fanout27/I (gf180mcu_fd_sc_mcu7t5v0__dlyb_1)
     5    0.026616    0.423598    0.929305   42.139851 ^ fanout27/Z (gf180mcu_fd_sc_mcu7t5v0__dlyb_1)
                                                         net27 (net)
                      0.423598    0.000405   42.140255 ^ load_slew28/I (gf180mcu_fd_sc_mcu7t5v0__buf_2)
     6    0.027300    0.225541    0.279545   42.419800 ^ load_slew28/Z (gf180mcu_fd_sc_mcu7t5v0__buf_2)
                                                         net28 (net)
                      0.225541    0.000394   42.420197 ^ _116_/A1 (gf180mcu_fd_sc_mcu7t5v0__and2_1)
     1    0.003846    0.117043    0.240494   42.660690 ^ _116_/Z (gf180mcu_fd_sc_mcu7t5v0__and2_1)
                                                         _006_ (net)
                      0.117043    0.000039   42.660728 ^ _253_/D (gf180mcu_fd_sc_mcu7t5v0__dffrnq_1)
                                             42.660728   data arrival time

                                200.000000  200.000000   clock clk (rise edge)
                                  0.000000  200.000000   clock source latency
     1    0.036057    0.156044    0.079837  200.079834 ^ clk (in)
                                                         clk (net)
                      0.156052    0.000000  200.079834 ^ clkbuf_0_clk/I (gf180mcu_fd_sc_mcu7t5v0__clkbuf_16)
     8    0.192072    0.206389    0.291479  200.371307 ^ clkbuf_0_clk/Z (gf180mcu_fd_sc_mcu7t5v0__clkbuf_16)
                                                         clknet_0_clk (net)
                      0.206398    0.002046  200.373352 ^ clkbuf_3_5__f_clk/I (gf180mcu_fd_sc_mcu7t5v0__clkbuf_16)
     6    0.026659    0.076228    0.209411  200.582764 ^ clkbuf_3_5__f_clk/Z (gf180mcu_fd_sc_mcu7t5v0__clkbuf_16)
                                                         clknet_3_5__leaf_clk (net)
                      0.076229    0.000497  200.583267 ^ _253_/CLK (gf180mcu_fd_sc_mcu7t5v0__dffrnq_1)
                                 -0.250000  200.333267   clock uncertainty
                                  0.000000  200.333267   clock reconvergence pessimism
                                 -0.249369  200.083893   library setup time
                                            200.083893   data required time
---------------------------------------------------------------------------------------------
                                            200.083893   data required time
                                            -42.660728   data arrival time
---------------------------------------------------------------------------------------------
                                            157.423157   slack (MET)


Startpoint: soft_rst_n (input port clocked by clk)
Endpoint: _233_ (rising edge-triggered flip-flop clocked by clk)
Path Group: clk
Path Type: max

Fanout         Cap        Slew       Delay        Time   Description
---------------------------------------------------------------------------------------------
                                  0.000000    0.000000   clock clk (rise edge)
                                  0.000000    0.000000   clock network delay (propagated)
                                 40.000000   40.000000 ^ input external delay
     1    0.004580    0.105568    0.040274   40.040276 ^ soft_rst_n (in)
                                                         soft_rst_n (net)
                      0.105568    0.000000   40.040276 ^ input5/I (gf180mcu_fd_sc_mcu7t5v0__buf_1)
     5    0.027012    0.422723    0.362000   40.402275 ^ input5/Z (gf180mcu_fd_sc_mcu7t5v0__buf_1)
                                                         net5 (net)
                      0.422723    0.000348   40.402622 ^ fanout29/I (gf180mcu_fd_sc_mcu7t5v0__dlyb_1)
     2    0.010521    0.210077    0.807773   41.210396 ^ fanout29/Z (gf180mcu_fd_sc_mcu7t5v0__dlyb_1)
                                                         net29 (net)
                      0.210077    0.000167   41.210564 ^ wire32/I (gf180mcu_fd_sc_mcu7t5v0__buf_1)
     4    0.031070    0.479702    0.412179   41.622742 ^ wire32/Z (gf180mcu_fd_sc_mcu7t5v0__buf_1)
                                                         net32 (net)
                      0.479708    0.000956   41.623699 ^ load_slew31/I (gf180mcu_fd_sc_mcu7t5v0__clkbuf_2)
     4    0.030912    0.253349    0.361066   41.984764 ^ load_slew31/Z (gf180mcu_fd_sc_mcu7t5v0__clkbuf_2)
                                                         net31 (net)
                      0.253350    0.000565   41.985329 ^ _143_/A1 (gf180mcu_fd_sc_mcu7t5v0__nand2_2)
     2    0.012551    0.149836    0.116390   42.101719 v _143_/ZN (gf180mcu_fd_sc_mcu7t5v0__nand2_2)
                                                         _055_ (net)
                      0.149836    0.000185   42.101902 v load_slew26/I (gf180mcu_fd_sc_mcu7t5v0__buf_2)
     8    0.050403    0.223672    0.312646   42.414551 v load_slew26/Z (gf180mcu_fd_sc_mcu7t5v0__buf_2)
                                                         net26 (net)
                      0.223700    0.001418   42.415966 v _168_/A1 (gf180mcu_fd_sc_mcu7t5v0__nor2_1)
     1    0.005298    0.253536    0.194326   42.610294 ^ _168_/ZN (gf180mcu_fd_sc_mcu7t5v0__nor2_1)
                                                         _020_ (net)
                      0.253536    0.000110   42.610405 ^ _233_/D (gf180mcu_fd_sc_mcu7t5v0__dffrnq_1)
                                             42.610405   data arrival time

                                200.000000  200.000000   clock clk (rise edge)
                                  0.000000  200.000000   clock source latency
     1    0.036057    0.156044    0.079837  200.079834 ^ clk (in)
                                                         clk (net)
                      0.156052    0.000000  200.079834 ^ clkbuf_0_clk/I (gf180mcu_fd_sc_mcu7t5v0__clkbuf_16)
     8    0.192072    0.206389    0.291479  200.371307 ^ clkbuf_0_clk/Z (gf180mcu_fd_sc_mcu7t5v0__clkbuf_16)
                                                         clknet_0_clk (net)
                      0.206390    0.000909  200.372223 ^ clkbuf_3_1__f_clk/I (gf180mcu_fd_sc_mcu7t5v0__clkbuf_16)
     6    0.031412    0.079918    0.212580  200.584793 ^ clkbuf_3_1__f_clk/Z (gf180mcu_fd_sc_mcu7t5v0__clkbuf_16)
                                                         clknet_3_1__leaf_clk (net)
                      0.079918    0.000028  200.584824 ^ _233_/CLK (gf180mcu_fd_sc_mcu7t5v0__dffrnq_1)
                                 -0.250000  200.334824   clock uncertainty
                                  0.000000  200.334824   clock reconvergence pessimism
                                 -0.274356  200.060471   library setup time
                                            200.060471   data required time
---------------------------------------------------------------------------------------------
                                            200.060471   data required time
                                            -42.610405   data arrival time
---------------------------------------------------------------------------------------------
                                            157.450073   slack (MET)


Startpoint: soft_rst_n (input port clocked by clk)
Endpoint: _238_ (rising edge-triggered flip-flop clocked by clk)
Path Group: clk
Path Type: max

Fanout         Cap        Slew       Delay        Time   Description
---------------------------------------------------------------------------------------------
                                  0.000000    0.000000   clock clk (rise edge)
                                  0.000000    0.000000   clock network delay (propagated)
                                 40.000000   40.000000 ^ input external delay
     1    0.004580    0.105568    0.040274   40.040276 ^ soft_rst_n (in)
                                                         soft_rst_n (net)
                      0.105568    0.000000   40.040276 ^ input5/I (gf180mcu_fd_sc_mcu7t5v0__buf_1)
     5    0.027012    0.422723    0.362000   40.402275 ^ input5/Z (gf180mcu_fd_sc_mcu7t5v0__buf_1)
                                                         net5 (net)
                      0.422723    0.000348   40.402622 ^ fanout29/I (gf180mcu_fd_sc_mcu7t5v0__dlyb_1)
     2    0.010521    0.210077    0.807773   41.210396 ^ fanout29/Z (gf180mcu_fd_sc_mcu7t5v0__dlyb_1)
                                                         net29 (net)
                      0.210077    0.000167   41.210564 ^ wire32/I (gf180mcu_fd_sc_mcu7t5v0__buf_1)
     4    0.031070    0.479702    0.412179   41.622742 ^ wire32/Z (gf180mcu_fd_sc_mcu7t5v0__buf_1)
                                                         net32 (net)
                      0.479708    0.000956   41.623699 ^ load_slew31/I (gf180mcu_fd_sc_mcu7t5v0__clkbuf_2)
     4    0.030912    0.253349    0.361066   41.984764 ^ load_slew31/Z (gf180mcu_fd_sc_mcu7t5v0__clkbuf_2)
                                                         net31 (net)
                      0.253350    0.000565   41.985329 ^ _143_/A1 (gf180mcu_fd_sc_mcu7t5v0__nand2_2)
     2    0.012551    0.149836    0.116390   42.101719 v _143_/ZN (gf180mcu_fd_sc_mcu7t5v0__nand2_2)
                                                         _055_ (net)
                      0.149836    0.000185   42.101902 v load_slew26/I (gf180mcu_fd_sc_mcu7t5v0__buf_2)
     8    0.050403    0.223672    0.312646   42.414551 v load_slew26/Z (gf180mcu_fd_sc_mcu7t5v0__buf_2)
                                                         net26 (net)
                      0.223702    0.001471   42.416019 v _178_/A1 (gf180mcu_fd_sc_mcu7t5v0__nor2_1)
     1    0.005397    0.237004    0.195790   42.611809 ^ _178_/ZN (gf180mcu_fd_sc_mcu7t5v0__nor2_1)
                                                         _025_ (net)
                      0.237004    0.000110   42.611919 ^ _238_/D (gf180mcu_fd_sc_mcu7t5v0__dffrnq_1)
                                             42.611919   data arrival time

                                200.000000  200.000000   clock clk (rise edge)
                                  0.000000  200.000000   clock source latency
     1    0.036057    0.156044    0.079837  200.079834 ^ clk (in)
                                                         clk (net)
                      0.156052    0.000000  200.079834 ^ clkbuf_0_clk/I (gf180mcu_fd_sc_mcu7t5v0__clkbuf_16)
     8    0.192072    0.206389    0.291479  200.371307 ^ clkbuf_0_clk/Z (gf180mcu_fd_sc_mcu7t5v0__clkbuf_16)
                                                         clknet_0_clk (net)
                      0.206390    0.000909  200.372223 ^ clkbuf_3_1__f_clk/I (gf180mcu_fd_sc_mcu7t5v0__clkbuf_16)
     6    0.031412    0.079918    0.212580  200.584793 ^ clkbuf_3_1__f_clk/Z (gf180mcu_fd_sc_mcu7t5v0__clkbuf_16)
                                                         clknet_3_1__leaf_clk (net)
                      0.079920    0.000682  200.585480 ^ _238_/CLK (gf180mcu_fd_sc_mcu7t5v0__dffrnq_1)
                                 -0.250000  200.335480   clock uncertainty
                                  0.000000  200.335480   clock reconvergence pessimism
                                 -0.271527  200.063950   library setup time
                                            200.063950   data required time
---------------------------------------------------------------------------------------------
                                            200.063950   data required time
                                            -42.611919   data arrival time
---------------------------------------------------------------------------------------------
                                            157.452042   slack (MET)


Startpoint: soft_rst_n (input port clocked by clk)
Endpoint: _231_ (rising edge-triggered flip-flop clocked by clk)
Path Group: clk
Path Type: max

Fanout         Cap        Slew       Delay        Time   Description
---------------------------------------------------------------------------------------------
                                  0.000000    0.000000   clock clk (rise edge)
                                  0.000000    0.000000   clock network delay (propagated)
                                 40.000000   40.000000 ^ input external delay
     1    0.004580    0.105568    0.040274   40.040276 ^ soft_rst_n (in)
                                                         soft_rst_n (net)
                      0.105568    0.000000   40.040276 ^ input5/I (gf180mcu_fd_sc_mcu7t5v0__buf_1)
     5    0.027012    0.422723    0.362000   40.402275 ^ input5/Z (gf180mcu_fd_sc_mcu7t5v0__buf_1)
                                                         net5 (net)
                      0.422723    0.000348   40.402622 ^ fanout29/I (gf180mcu_fd_sc_mcu7t5v0__dlyb_1)
     2    0.010521    0.210077    0.807773   41.210396 ^ fanout29/Z (gf180mcu_fd_sc_mcu7t5v0__dlyb_1)
                                                         net29 (net)
                      0.210077    0.000167   41.210564 ^ wire32/I (gf180mcu_fd_sc_mcu7t5v0__buf_1)
     4    0.031070    0.479702    0.412179   41.622742 ^ wire32/Z (gf180mcu_fd_sc_mcu7t5v0__buf_1)
                                                         net32 (net)
                      0.479708    0.000956   41.623699 ^ load_slew31/I (gf180mcu_fd_sc_mcu7t5v0__clkbuf_2)
     4    0.030912    0.253349    0.361066   41.984764 ^ load_slew31/Z (gf180mcu_fd_sc_mcu7t5v0__clkbuf_2)
                                                         net31 (net)
                      0.253350    0.000565   41.985329 ^ _143_/A1 (gf180mcu_fd_sc_mcu7t5v0__nand2_2)
     2    0.012551    0.149836    0.116390   42.101719 v _143_/ZN (gf180mcu_fd_sc_mcu7t5v0__nand2_2)
                                                         _055_ (net)
                      0.149836    0.000185   42.101902 v load_slew26/I (gf180mcu_fd_sc_mcu7t5v0__buf_2)
     8    0.050403    0.223672    0.312646   42.414551 v load_slew26/Z (gf180mcu_fd_sc_mcu7t5v0__buf_2)
                                                         net26 (net)
                      0.223676    0.000561   42.415112 v _159_/A1 (gf180mcu_fd_sc_mcu7t5v0__nor2_1)
     1    0.004435    0.221713    0.181682   42.596794 ^ _159_/ZN (gf180mcu_fd_sc_mcu7t5v0__nor2_1)
                                                         _018_ (net)
                      0.221713    0.000050   42.596844 ^ _231_/D (gf180mcu_fd_sc_mcu7t5v0__dffrnq_1)
                                             42.596844   data arrival time

                                200.000000  200.000000   clock clk (rise edge)
                                  0.000000  200.000000   clock source latency
     1    0.036057    0.156044    0.079837  200.079834 ^ clk (in)
                                                         clk (net)
                      0.156052    0.000000  200.079834 ^ clkbuf_0_clk/I (gf180mcu_fd_sc_mcu7t5v0__clkbuf_16)
     8    0.192072    0.206389    0.291479  200.371307 ^ clkbuf_0_clk/Z (gf180mcu_fd_sc_mcu7t5v0__clkbuf_16)
                                                         clknet_0_clk (net)
                      0.206390    0.000838  200.372147 ^ clkbuf_3_3__f_clk/I (gf180mcu_fd_sc_mcu7t5v0__clkbuf_16)
     6    0.028960    0.078016    0.211017  200.583160 ^ clkbuf_3_3__f_clk/Z (gf180mcu_fd_sc_mcu7t5v0__clkbuf_16)
                                                         clknet_3_3__leaf_clk (net)
                      0.078016    0.000199  200.583359 ^ _231_/CLK (gf180mcu_fd_sc_mcu7t5v0__dffrnq_1)
                                 -0.250000  200.333359   clock uncertainty
                                  0.000000  200.333359   clock reconvergence pessimism
                                 -0.269304  200.064056   library setup time
                                            200.064056   data required time
---------------------------------------------------------------------------------------------
                                            200.064056   data required time
                                            -42.596844   data arrival time
---------------------------------------------------------------------------------------------
                                            157.467224   slack (MET)


Startpoint: soft_rst_n (input port clocked by clk)
Endpoint: _236_ (rising edge-triggered flip-flop clocked by clk)
Path Group: clk
Path Type: max

Fanout         Cap        Slew       Delay        Time   Description
---------------------------------------------------------------------------------------------
                                  0.000000    0.000000   clock clk (rise edge)
                                  0.000000    0.000000   clock network delay (propagated)
                                 40.000000   40.000000 ^ input external delay
     1    0.004580    0.105568    0.040274   40.040276 ^ soft_rst_n (in)
                                                         soft_rst_n (net)
                      0.105568    0.000000   40.040276 ^ input5/I (gf180mcu_fd_sc_mcu7t5v0__buf_1)
     5    0.027012    0.422723    0.362000   40.402275 ^ input5/Z (gf180mcu_fd_sc_mcu7t5v0__buf_1)
                                                         net5 (net)
                      0.422723    0.000348   40.402622 ^ fanout29/I (gf180mcu_fd_sc_mcu7t5v0__dlyb_1)
     2    0.010521    0.210077    0.807773   41.210396 ^ fanout29/Z (gf180mcu_fd_sc_mcu7t5v0__dlyb_1)
                                                         net29 (net)
                      0.210077    0.000167   41.210564 ^ wire32/I (gf180mcu_fd_sc_mcu7t5v0__buf_1)
     4    0.031070    0.479702    0.412179   41.622742 ^ wire32/Z (gf180mcu_fd_sc_mcu7t5v0__buf_1)
                                                         net32 (net)
                      0.479708    0.000956   41.623699 ^ load_slew31/I (gf180mcu_fd_sc_mcu7t5v0__clkbuf_2)
     4    0.030912    0.253349    0.361066   41.984764 ^ load_slew31/Z (gf180mcu_fd_sc_mcu7t5v0__clkbuf_2)
                                                         net31 (net)
                      0.253350    0.000565   41.985329 ^ _143_/A1 (gf180mcu_fd_sc_mcu7t5v0__nand2_2)
     2    0.012551    0.149836    0.116390   42.101719 v _143_/ZN (gf180mcu_fd_sc_mcu7t5v0__nand2_2)
                                                         _055_ (net)
                      0.149836    0.000185   42.101902 v load_slew26/I (gf180mcu_fd_sc_mcu7t5v0__buf_2)
     8    0.050403    0.223672    0.312646   42.414551 v load_slew26/Z (gf180mcu_fd_sc_mcu7t5v0__buf_2)
                                                         net26 (net)
                      0.223698    0.001371   42.415920 v _176_/A1 (gf180mcu_fd_sc_mcu7t5v0__nor2_1)
     1    0.004289    0.219301    0.179536   42.595459 ^ _176_/ZN (gf180mcu_fd_sc_mcu7t5v0__nor2_1)
                                                         _023_ (net)
                      0.219301    0.000082   42.595539 ^ _236_/D (gf180mcu_fd_sc_mcu7t5v0__dffrnq_1)
                                             42.595539   data arrival time

                                200.000000  200.000000   clock clk (rise edge)
                                  0.000000  200.000000   clock source latency
     1    0.036057    0.156044    0.079837  200.079834 ^ clk (in)
                                                         clk (net)
                      0.156052    0.000000  200.079834 ^ clkbuf_0_clk/I (gf180mcu_fd_sc_mcu7t5v0__clkbuf_16)
     8    0.192072    0.206389    0.291479  200.371307 ^ clkbuf_0_clk/Z (gf180mcu_fd_sc_mcu7t5v0__clkbuf_16)
                                                         clknet_0_clk (net)
                      0.206394    0.001535  200.372849 ^ clkbuf_3_4__f_clk/I (gf180mcu_fd_sc_mcu7t5v0__clkbuf_16)
     6    0.026012    0.075726    0.208999  200.581848 ^ clkbuf_3_4__f_clk/Z (gf180mcu_fd_sc_mcu7t5v0__clkbuf_16)
                                                         clknet_3_4__leaf_clk (net)
                      0.075726    0.000128  200.581970 ^ _236_/CLK (gf180mcu_fd_sc_mcu7t5v0__dffrnq_1)
                                 -0.250000  200.331970   clock uncertainty
                                  0.000000  200.331970   clock reconvergence pessimism
                                 -0.269366  200.062607   library setup time
                                            200.062607   data required time
---------------------------------------------------------------------------------------------
                                            200.062607   data required time
                                            -42.595539   data arrival time
---------------------------------------------------------------------------------------------
                                            157.467072   slack (MET)


Startpoint: soft_rst_n (input port clocked by clk)
Endpoint: _237_ (rising edge-triggered flip-flop clocked by clk)
Path Group: clk
Path Type: max

Fanout         Cap        Slew       Delay        Time   Description
---------------------------------------------------------------------------------------------
                                  0.000000    0.000000   clock clk (rise edge)
                                  0.000000    0.000000   clock network delay (propagated)
                                 40.000000   40.000000 ^ input external delay
     1    0.004580    0.105568    0.040274   40.040276 ^ soft_rst_n (in)
                                                         soft_rst_n (net)
                      0.105568    0.000000   40.040276 ^ input5/I (gf180mcu_fd_sc_mcu7t5v0__buf_1)
     5    0.027012    0.422723    0.362000   40.402275 ^ input5/Z (gf180mcu_fd_sc_mcu7t5v0__buf_1)
                                                         net5 (net)
                      0.422723    0.000348   40.402622 ^ fanout29/I (gf180mcu_fd_sc_mcu7t5v0__dlyb_1)
     2    0.010521    0.210077    0.807773   41.210396 ^ fanout29/Z (gf180mcu_fd_sc_mcu7t5v0__dlyb_1)
                                                         net29 (net)
                      0.210077    0.000167   41.210564 ^ wire32/I (gf180mcu_fd_sc_mcu7t5v0__buf_1)
     4    0.031070    0.479702    0.412179   41.622742 ^ wire32/Z (gf180mcu_fd_sc_mcu7t5v0__buf_1)
                                                         net32 (net)
                      0.479708    0.000956   41.623699 ^ load_slew31/I (gf180mcu_fd_sc_mcu7t5v0__clkbuf_2)
     4    0.030912    0.253349    0.361066   41.984764 ^ load_slew31/Z (gf180mcu_fd_sc_mcu7t5v0__clkbuf_2)
                                                         net31 (net)
                      0.253350    0.000565   41.985329 ^ _143_/A1 (gf180mcu_fd_sc_mcu7t5v0__nand2_2)
     2    0.012551    0.149836    0.116390   42.101719 v _143_/ZN (gf180mcu_fd_sc_mcu7t5v0__nand2_2)
                                                         _055_ (net)
                      0.149836    0.000185   42.101902 v load_slew26/I (gf180mcu_fd_sc_mcu7t5v0__buf_2)
     8    0.050403    0.223672    0.312646   42.414551 v load_slew26/Z (gf180mcu_fd_sc_mcu7t5v0__buf_2)
                                                         net26 (net)
                      0.223701    0.001442   42.415993 v _177_/A2 (gf180mcu_fd_sc_mcu7t5v0__nor2_1)
     1    0.003935    0.214994    0.179774   42.595768 ^ _177_/ZN (gf180mcu_fd_sc_mcu7t5v0__nor2_1)
                                                         _024_ (net)
                      0.214994    0.000075   42.595840 ^ _237_/D (gf180mcu_fd_sc_mcu7t5v0__dffrnq_1)
                                             42.595840   data arrival time

                                200.000000  200.000000   clock clk (rise edge)
                                  0.000000  200.000000   clock source latency
     1    0.036057    0.156044    0.079837  200.079834 ^ clk (in)
                                                         clk (net)
                      0.156052    0.000000  200.079834 ^ clkbuf_0_clk/I (gf180mcu_fd_sc_mcu7t5v0__clkbuf_16)
     8    0.192072    0.206389    0.291479  200.371307 ^ clkbuf_0_clk/Z (gf180mcu_fd_sc_mcu7t5v0__clkbuf_16)
                                                         clknet_0_clk (net)
                      0.206409    0.003027  200.374329 ^ clkbuf_3_7__f_clk/I (gf180mcu_fd_sc_mcu7t5v0__clkbuf_16)
     6    0.027396    0.076802    0.209937  200.584274 ^ clkbuf_3_7__f_clk/Z (gf180mcu_fd_sc_mcu7t5v0__clkbuf_16)
                                                         clknet_3_7__leaf_clk (net)
                      0.076802    0.000369  200.584641 ^ _237_/CLK (gf180mcu_fd_sc_mcu7t5v0__dffrnq_1)
                                 -0.250000  200.334641   clock uncertainty
                                  0.000000  200.334641   clock reconvergence pessimism
                                 -0.268406  200.066238   library setup time
                                            200.066238   data required time
---------------------------------------------------------------------------------------------
                                            200.066238   data required time
                                            -42.595840   data arrival time
---------------------------------------------------------------------------------------------
                                            157.470398   slack (MET)


Startpoint: soft_rst_n (input port clocked by clk)
Endpoint: _232_ (rising edge-triggered flip-flop clocked by clk)
Path Group: clk
Path Type: max

Fanout         Cap        Slew       Delay        Time   Description
---------------------------------------------------------------------------------------------
                                  0.000000    0.000000   clock clk (rise edge)
                                  0.000000    0.000000   clock network delay (propagated)
                                 40.000000   40.000000 ^ input external delay
     1    0.004580    0.105568    0.040274   40.040276 ^ soft_rst_n (in)
                                                         soft_rst_n (net)
                      0.105568    0.000000   40.040276 ^ input5/I (gf180mcu_fd_sc_mcu7t5v0__buf_1)
     5    0.027012    0.422723    0.362000   40.402275 ^ input5/Z (gf180mcu_fd_sc_mcu7t5v0__buf_1)
                                                         net5 (net)
                      0.422723    0.000348   40.402622 ^ fanout29/I (gf180mcu_fd_sc_mcu7t5v0__dlyb_1)
     2    0.010521    0.210077    0.807773   41.210396 ^ fanout29/Z (gf180mcu_fd_sc_mcu7t5v0__dlyb_1)
                                                         net29 (net)
                      0.210077    0.000167   41.210564 ^ wire32/I (gf180mcu_fd_sc_mcu7t5v0__buf_1)
     4    0.031070    0.479702    0.412179   41.622742 ^ wire32/Z (gf180mcu_fd_sc_mcu7t5v0__buf_1)
                                                         net32 (net)
                      0.479708    0.000956   41.623699 ^ load_slew31/I (gf180mcu_fd_sc_mcu7t5v0__clkbuf_2)
     4    0.030912    0.253349    0.361066   41.984764 ^ load_slew31/Z (gf180mcu_fd_sc_mcu7t5v0__clkbuf_2)
                                                         net31 (net)
                      0.253350    0.000565   41.985329 ^ _143_/A1 (gf180mcu_fd_sc_mcu7t5v0__nand2_2)
     2    0.012551    0.149836    0.116390   42.101719 v _143_/ZN (gf180mcu_fd_sc_mcu7t5v0__nand2_2)
                                                         _055_ (net)
                      0.149836    0.000185   42.101902 v load_slew26/I (gf180mcu_fd_sc_mcu7t5v0__buf_2)
     8    0.050403    0.223672    0.312646   42.414551 v load_slew26/Z (gf180mcu_fd_sc_mcu7t5v0__buf_2)
                                                         net26 (net)
                      0.223681    0.000817   42.415367 v _164_/A1 (gf180mcu_fd_sc_mcu7t5v0__nor2_1)
     1    0.003785    0.206479    0.172143   42.587509 ^ _164_/ZN (gf180mcu_fd_sc_mcu7t5v0__nor2_1)
                                                         _019_ (net)
                      0.206479    0.000071   42.587582 ^ _232_/D (gf180mcu_fd_sc_mcu7t5v0__dffrnq_1)
                                             42.587582   data arrival time

                                200.000000  200.000000   clock clk (rise edge)
                                  0.000000  200.000000   clock source latency
     1    0.036057    0.156044    0.079837  200.079834 ^ clk (in)
                                                         clk (net)
                      0.156052    0.000000  200.079834 ^ clkbuf_0_clk/I (gf180mcu_fd_sc_mcu7t5v0__clkbuf_16)
     8    0.192072    0.206389    0.291479  200.371307 ^ clkbuf_0_clk/Z (gf180mcu_fd_sc_mcu7t5v0__clkbuf_16)
                                                         clknet_0_clk (net)
                      0.206393    0.001421  200.372726 ^ clkbuf_3_0__f_clk/I (gf180mcu_fd_sc_mcu7t5v0__clkbuf_16)
     6    0.027601    0.076961    0.210093  200.582825 ^ clkbuf_3_0__f_clk/Z (gf180mcu_fd_sc_mcu7t5v0__clkbuf_16)
                                                         clknet_3_0__leaf_clk (net)
                      0.076961    0.000128  200.582947 ^ _232_/CLK (gf180mcu_fd_sc_mcu7t5v0__dffrnq_1)
                                 -0.250000  200.332947   clock uncertainty
                                  0.000000  200.332947   clock reconvergence pessimism
                                 -0.266916  200.066025   library setup time
                                            200.066025   data required time
---------------------------------------------------------------------------------------------
                                            200.066025   data required time
                                            -42.587582   data arrival time
---------------------------------------------------------------------------------------------
                                            157.478439   slack (MET)


Startpoint: soft_rst_n (input port clocked by clk)
Endpoint: _235_ (rising edge-triggered flip-flop clocked by clk)
Path Group: clk
Path Type: max

Fanout         Cap        Slew       Delay        Time   Description
---------------------------------------------------------------------------------------------
                                  0.000000    0.000000   clock clk (rise edge)
                                  0.000000    0.000000   clock network delay (propagated)
                                 40.000000   40.000000 ^ input external delay
     1    0.004580    0.105568    0.040274   40.040276 ^ soft_rst_n (in)
                                                         soft_rst_n (net)
                      0.105568    0.000000   40.040276 ^ input5/I (gf180mcu_fd_sc_mcu7t5v0__buf_1)
     5    0.027012    0.422723    0.362000   40.402275 ^ input5/Z (gf180mcu_fd_sc_mcu7t5v0__buf_1)
                                                         net5 (net)
                      0.422723    0.000348   40.402622 ^ fanout29/I (gf180mcu_fd_sc_mcu7t5v0__dlyb_1)
     2    0.010521    0.210077    0.807773   41.210396 ^ fanout29/Z (gf180mcu_fd_sc_mcu7t5v0__dlyb_1)
                                                         net29 (net)
                      0.210077    0.000167   41.210564 ^ wire32/I (gf180mcu_fd_sc_mcu7t5v0__buf_1)
     4    0.031070    0.479702    0.412179   41.622742 ^ wire32/Z (gf180mcu_fd_sc_mcu7t5v0__buf_1)
                                                         net32 (net)
                      0.479708    0.000956   41.623699 ^ load_slew31/I (gf180mcu_fd_sc_mcu7t5v0__clkbuf_2)
     4    0.030912    0.253349    0.361066   41.984764 ^ load_slew31/Z (gf180mcu_fd_sc_mcu7t5v0__clkbuf_2)
                                                         net31 (net)
                      0.253350    0.000565   41.985329 ^ _143_/A1 (gf180mcu_fd_sc_mcu7t5v0__nand2_2)
     2    0.012551    0.149836    0.116390   42.101719 v _143_/ZN (gf180mcu_fd_sc_mcu7t5v0__nand2_2)
                                                         _055_ (net)
                      0.149836    0.000185   42.101902 v load_slew26/I (gf180mcu_fd_sc_mcu7t5v0__buf_2)
     8    0.050403    0.223672    0.312646   42.414551 v load_slew26/Z (gf180mcu_fd_sc_mcu7t5v0__buf_2)
                                                         net26 (net)
                      0.223699    0.001382   42.415932 v _173_/A1 (gf180mcu_fd_sc_mcu7t5v0__nor2_1)
     1    0.003499    0.209247    0.167969   42.583900 ^ _173_/ZN (gf180mcu_fd_sc_mcu7t5v0__nor2_1)
                                                         _022_ (net)
                      0.209247    0.000036   42.583935 ^ _235_/D (gf180mcu_fd_sc_mcu7t5v0__dffrnq_1)
                                             42.583935   data arrival time

                                200.000000  200.000000   clock clk (rise edge)
                                  0.000000  200.000000   clock source latency
     1    0.036057    0.156044    0.079837  200.079834 ^ clk (in)
                                                         clk (net)
                      0.156052    0.000000  200.079834 ^ clkbuf_0_clk/I (gf180mcu_fd_sc_mcu7t5v0__clkbuf_16)
     8    0.192072    0.206389    0.291479  200.371307 ^ clkbuf_0_clk/Z (gf180mcu_fd_sc_mcu7t5v0__clkbuf_16)
                                                         clknet_0_clk (net)
                      0.206390    0.000909  200.372223 ^ clkbuf_3_1__f_clk/I (gf180mcu_fd_sc_mcu7t5v0__clkbuf_16)
     6    0.031412    0.079918    0.212580  200.584793 ^ clkbuf_3_1__f_clk/Z (gf180mcu_fd_sc_mcu7t5v0__clkbuf_16)
                                                         clknet_3_1__leaf_clk (net)
                      0.079920    0.000711  200.585510 ^ _235_/CLK (gf180mcu_fd_sc_mcu7t5v0__dffrnq_1)
                                 -0.250000  200.335510   clock uncertainty
                                  0.000000  200.335510   clock reconvergence pessimism
                                 -0.266777  200.068726   library setup time
                                            200.068726   data required time
---------------------------------------------------------------------------------------------
                                            200.068726   data required time
                                            -42.583935   data arrival time
---------------------------------------------------------------------------------------------
                                            157.484802   slack (MET)


Startpoint: rst_n (input port clocked by clk)
Endpoint: _251_ (recovery check against rising-edge clock clk)
Path Group: asynchronous
Path Type: max

Fanout         Cap        Slew       Delay        Time   Description
---------------------------------------------------------------------------------------------
                                  0.000000    0.000000   clock clk (rise edge)
                                  0.000000    0.000000   clock network delay (propagated)
                                 40.000000   40.000000 ^ input external delay
     1    0.004491    0.104330    0.039517   40.039516 ^ rst_n (in)
                                                         rst_n (net)
                      0.104330    0.000000   40.039516 ^ input4/I (gf180mcu_fd_sc_mcu7t5v0__buf_1)
     1    0.005625    0.127592    0.182929   40.222446 ^ input4/Z (gf180mcu_fd_sc_mcu7t5v0__buf_1)
                                                         net4 (net)
                      0.127592    0.000124   40.222572 ^ fanout49/I (gf180mcu_fd_sc_mcu7t5v0__dlyb_1)
     1    0.005658    0.148276    0.740119   40.962692 ^ fanout49/Z (gf180mcu_fd_sc_mcu7t5v0__dlyb_1)
                                                         net49 (net)
                      0.148276    0.000121   40.962811 ^ wire51/I (gf180mcu_fd_sc_mcu7t5v0__buf_1)
     4    0.025445    0.400946    0.356920   41.319733 ^ wire51/Z (gf180mcu_fd_sc_mcu7t5v0__buf_1)
                                                         net51 (net)
                      0.400946    0.000277   41.320007 ^ fanout45/I (gf180mcu_fd_sc_mcu7t5v0__dlyb_1)
     3    0.021403    0.354692    0.898336   42.218346 ^ fanout45/Z (gf180mcu_fd_sc_mcu7t5v0__dlyb_1)
                                                         net45 (net)
                      0.354692    0.000124   42.218468 ^ load_slew48/I (gf180mcu_fd_sc_mcu7t5v0__clkbuf_1)
     3    0.021209    0.336967    0.347761   42.566231 ^ load_slew48/Z (gf180mcu_fd_sc_mcu7t5v0__clkbuf_1)
                                                         net48 (net)
                      0.336967    0.000291   42.566521 ^ load_slew47/I (gf180mcu_fd_sc_mcu7t5v0__clkbuf_2)
     4    0.027756    0.230347    0.327034   42.893555 ^ load_slew47/Z (gf180mcu_fd_sc_mcu7t5v0__clkbuf_2)
                                                         net47 (net)
                      0.230347    0.000316   42.893871 ^ _251_/RN (gf180mcu_fd_sc_mcu7t5v0__dffrnq_1)
                                             42.893871   data arrival time

                                200.000000  200.000000   clock clk (rise edge)
                                  0.000000  200.000000   clock source latency
     1    0.036057    0.156044    0.079837  200.079834 ^ clk (in)
                                                         clk (net)
                      0.156052    0.000000  200.079834 ^ clkbuf_0_clk/I (gf180mcu_fd_sc_mcu7t5v0__clkbuf_16)
     8    0.192072    0.206389    0.291479  200.371307 ^ clkbuf_0_clk/Z (gf180mcu_fd_sc_mcu7t5v0__clkbuf_16)
                                                         clknet_0_clk (net)
                      0.206394    0.001535  200.372849 ^ clkbuf_3_4__f_clk/I (gf180mcu_fd_sc_mcu7t5v0__clkbuf_16)
     6    0.026012    0.075726    0.208999  200.581848 ^ clkbuf_3_4__f_clk/Z (gf180mcu_fd_sc_mcu7t5v0__clkbuf_16)
                                                         clknet_3_4__leaf_clk (net)
                      0.075726    0.000227  200.582077 ^ _251_/CLK (gf180mcu_fd_sc_mcu7t5v0__dffrnq_1)
                                 -0.250000  200.332077   clock uncertainty
                                  0.000000  200.332077   clock reconvergence pessimism
                                  0.186602  200.518677   library recovery time
                                            200.518677   data required time
---------------------------------------------------------------------------------------------
                                            200.518677   data required time
                                            -42.893871   data arrival time
---------------------------------------------------------------------------------------------
                                            157.624802   slack (MET)


Startpoint: rst_n (input port clocked by clk)
Endpoint: _249_ (recovery check against rising-edge clock clk)
Path Group: asynchronous
Path Type: max

Fanout         Cap        Slew       Delay        Time   Description
---------------------------------------------------------------------------------------------
                                  0.000000    0.000000   clock clk (rise edge)
                                  0.000000    0.000000   clock network delay (propagated)
                                 40.000000   40.000000 ^ input external delay
     1    0.004491    0.104330    0.039517   40.039516 ^ rst_n (in)
                                                         rst_n (net)
                      0.104330    0.000000   40.039516 ^ input4/I (gf180mcu_fd_sc_mcu7t5v0__buf_1)
     1    0.005625    0.127592    0.182929   40.222446 ^ input4/Z (gf180mcu_fd_sc_mcu7t5v0__buf_1)
                                                         net4 (net)
                      0.127592    0.000124   40.222572 ^ fanout49/I (gf180mcu_fd_sc_mcu7t5v0__dlyb_1)
     1    0.005658    0.148276    0.740119   40.962692 ^ fanout49/Z (gf180mcu_fd_sc_mcu7t5v0__dlyb_1)
                                                         net49 (net)
                      0.148276    0.000121   40.962811 ^ wire51/I (gf180mcu_fd_sc_mcu7t5v0__buf_1)
     4    0.025445    0.400946    0.356920   41.319733 ^ wire51/Z (gf180mcu_fd_sc_mcu7t5v0__buf_1)
                                                         net51 (net)
                      0.400946    0.000277   41.320007 ^ fanout45/I (gf180mcu_fd_sc_mcu7t5v0__dlyb_1)
     3    0.021403    0.354692    0.898336   42.218346 ^ fanout45/Z (gf180mcu_fd_sc_mcu7t5v0__dlyb_1)
                                                         net45 (net)
                      0.354692    0.000124   42.218468 ^ load_slew48/I (gf180mcu_fd_sc_mcu7t5v0__clkbuf_1)
     3    0.021209    0.336967    0.347761   42.566231 ^ load_slew48/Z (gf180mcu_fd_sc_mcu7t5v0__clkbuf_1)
                                                         net48 (net)
                      0.336967    0.000291   42.566521 ^ load_slew47/I (gf180mcu_fd_sc_mcu7t5v0__clkbuf_2)
     4    0.027756    0.230347    0.327034   42.893555 ^ load_slew47/Z (gf180mcu_fd_sc_mcu7t5v0__clkbuf_2)
                                                         net47 (net)
                      0.230347    0.000167   42.893723 ^ _249_/RN (gf180mcu_fd_sc_mcu7t5v0__dffrnq_1)
                                             42.893723   data arrival time

                                200.000000  200.000000   clock clk (rise edge)
                                  0.000000  200.000000   clock source latency
     1    0.036057    0.156044    0.079837  200.079834 ^ clk (in)
                                                         clk (net)
                      0.156052    0.000000  200.079834 ^ clkbuf_0_clk/I (gf180mcu_fd_sc_mcu7t5v0__clkbuf_16)
     8    0.192072    0.206389    0.291479  200.371307 ^ clkbuf_0_clk/Z (gf180mcu_fd_sc_mcu7t5v0__clkbuf_16)
                                                         clknet_0_clk (net)
                      0.206394    0.001535  200.372849 ^ clkbuf_3_4__f_clk/I (gf180mcu_fd_sc_mcu7t5v0__clkbuf_16)
     6    0.026012    0.075726    0.208999  200.581848 ^ clkbuf_3_4__f_clk/Z (gf180mcu_fd_sc_mcu7t5v0__clkbuf_16)
                                                         clknet_3_4__leaf_clk (net)
                      0.075726    0.000270  200.582108 ^ _249_/CLK (gf180mcu_fd_sc_mcu7t5v0__dffrnq_1)
                                 -0.250000  200.332123   clock uncertainty
                                  0.000000  200.332123   clock reconvergence pessimism
                                  0.186602  200.518723   library recovery time
                                            200.518723   data required time
---------------------------------------------------------------------------------------------
                                            200.518723   data required time
                                            -42.893723   data arrival time
---------------------------------------------------------------------------------------------
                                            157.625000   slack (MET)


Startpoint: rst_n (input port clocked by clk)
Endpoint: _250_ (recovery check against rising-edge clock clk)
Path Group: asynchronous
Path Type: max

Fanout         Cap        Slew       Delay        Time   Description
---------------------------------------------------------------------------------------------
                                  0.000000    0.000000   clock clk (rise edge)
                                  0.000000    0.000000   clock network delay (propagated)
                                 40.000000   40.000000 ^ input external delay
     1    0.004491    0.104330    0.039517   40.039516 ^ rst_n (in)
                                                         rst_n (net)
                      0.104330    0.000000   40.039516 ^ input4/I (gf180mcu_fd_sc_mcu7t5v0__buf_1)
     1    0.005625    0.127592    0.182929   40.222446 ^ input4/Z (gf180mcu_fd_sc_mcu7t5v0__buf_1)
                                                         net4 (net)
                      0.127592    0.000124   40.222572 ^ fanout49/I (gf180mcu_fd_sc_mcu7t5v0__dlyb_1)
     1    0.005658    0.148276    0.740119   40.962692 ^ fanout49/Z (gf180mcu_fd_sc_mcu7t5v0__dlyb_1)
                                                         net49 (net)
                      0.148276    0.000121   40.962811 ^ wire51/I (gf180mcu_fd_sc_mcu7t5v0__buf_1)
     4    0.025445    0.400946    0.356920   41.319733 ^ wire51/Z (gf180mcu_fd_sc_mcu7t5v0__buf_1)
                                                         net51 (net)
                      0.400946    0.000277   41.320007 ^ fanout45/I (gf180mcu_fd_sc_mcu7t5v0__dlyb_1)
     3    0.021403    0.354692    0.898336   42.218346 ^ fanout45/Z (gf180mcu_fd_sc_mcu7t5v0__dlyb_1)
                                                         net45 (net)
                      0.354692    0.000124   42.218468 ^ load_slew48/I (gf180mcu_fd_sc_mcu7t5v0__clkbuf_1)
     3    0.021209    0.336967    0.347761   42.566231 ^ load_slew48/Z (gf180mcu_fd_sc_mcu7t5v0__clkbuf_1)
                                                         net48 (net)
                      0.336967    0.000291   42.566521 ^ load_slew47/I (gf180mcu_fd_sc_mcu7t5v0__clkbuf_2)
     4    0.027756    0.230347    0.327034   42.893555 ^ load_slew47/Z (gf180mcu_fd_sc_mcu7t5v0__clkbuf_2)
                                                         net47 (net)
                      0.230347    0.000195   42.893749 ^ _250_/RN (gf180mcu_fd_sc_mcu7t5v0__dffrnq_1)
                                             42.893749   data arrival time

                                200.000000  200.000000   clock clk (rise edge)
                                  0.000000  200.000000   clock source latency
     1    0.036057    0.156044    0.079837  200.079834 ^ clk (in)
                                                         clk (net)
                      0.156052    0.000000  200.079834 ^ clkbuf_0_clk/I (gf180mcu_fd_sc_mcu7t5v0__clkbuf_16)
     8    0.192072    0.206389    0.291479  200.371307 ^ clkbuf_0_clk/Z (gf180mcu_fd_sc_mcu7t5v0__clkbuf_16)
                                                         clknet_0_clk (net)
                      0.206394    0.001535  200.372849 ^ clkbuf_3_4__f_clk/I (gf180mcu_fd_sc_mcu7t5v0__clkbuf_16)
     6    0.026012    0.075726    0.208999  200.581848 ^ clkbuf_3_4__f_clk/Z (gf180mcu_fd_sc_mcu7t5v0__clkbuf_16)
                                                         clknet_3_4__leaf_clk (net)
                      0.075726    0.000256  200.582092 ^ _250_/CLK (gf180mcu_fd_sc_mcu7t5v0__dffrnq_1)
                                 -0.250000  200.332108   clock uncertainty
                                  0.000000  200.332108   clock reconvergence pessimism
                                  0.186602  200.518707   library recovery time
                                            200.518707   data required time
---------------------------------------------------------------------------------------------
                                            200.518707   data required time
                                            -42.893749   data arrival time
---------------------------------------------------------------------------------------------
                                            157.624954   slack (MET)


Startpoint: soft_rst_n (input port clocked by clk)
Endpoint: _243_ (rising edge-triggered flip-flop clocked by clk)
Path Group: clk
Path Type: max

Fanout         Cap        Slew       Delay        Time   Description
---------------------------------------------------------------------------------------------
                                  0.000000    0.000000   clock clk (rise edge)
                                  0.000000    0.000000   clock network delay (propagated)
                                 40.000000   40.000000 v input external delay
     1    0.004580    0.056349    0.021895   40.021896 v soft_rst_n (in)
                                                         soft_rst_n (net)
                      0.056349    0.000000   40.021896 v input5/I (gf180mcu_fd_sc_mcu7t5v0__buf_1)
     5    0.027012    0.245746    0.316987   40.338882 v input5/Z (gf180mcu_fd_sc_mcu7t5v0__buf_1)
                                                         net5 (net)
                      0.245747    0.000348   40.339233 v fanout29/I (gf180mcu_fd_sc_mcu7t5v0__dlyb_1)
     2    0.010521    0.207227    0.908880   41.248112 v fanout29/Z (gf180mcu_fd_sc_mcu7t5v0__dlyb_1)
                                                         net29 (net)
                      0.207227    0.000149   41.248260 v fanout27/I (gf180mcu_fd_sc_mcu7t5v0__dlyb_1)
     5    0.026616    0.324061    1.006352   42.254612 v fanout27/Z (gf180mcu_fd_sc_mcu7t5v0__dlyb_1)
                                                         net27 (net)
                      0.324063    0.000625   42.255238 v _115_/A2 (gf180mcu_fd_sc_mcu7t5v0__and2_1)
     1    0.005605    0.106184    0.301274   42.556511 v _115_/Z (gf180mcu_fd_sc_mcu7t5v0__and2_1)
                                                         _005_ (net)
                      0.106184    0.000075   42.556587 v _243_/D (gf180mcu_fd_sc_mcu7t5v0__dffrnq_1)
                                             42.556587   data arrival time

                                200.000000  200.000000   clock clk (rise edge)
                                  0.000000  200.000000   clock source latency
     1    0.036057    0.156044    0.079837  200.079834 ^ clk (in)
                                                         clk (net)
                      0.156052    0.000000  200.079834 ^ clkbuf_0_clk/I (gf180mcu_fd_sc_mcu7t5v0__clkbuf_16)
     8    0.192072    0.206389    0.291479  200.371307 ^ clkbuf_0_clk/Z (gf180mcu_fd_sc_mcu7t5v0__clkbuf_16)
                                                         clknet_0_clk (net)
                      0.206398    0.002046  200.373352 ^ clkbuf_3_5__f_clk/I (gf180mcu_fd_sc_mcu7t5v0__clkbuf_16)
     6    0.026659    0.076228    0.209411  200.582764 ^ clkbuf_3_5__f_clk/Z (gf180mcu_fd_sc_mcu7t5v0__clkbuf_16)
                                                         clknet_3_5__leaf_clk (net)
                      0.076229    0.000455  200.583221 ^ _243_/CLK (gf180mcu_fd_sc_mcu7t5v0__dffrnq_1)
                                 -0.250000  200.333221   clock uncertainty
                                  0.000000  200.333221   clock reconvergence pessimism
                                 -0.125685  200.207550   library setup time
                                            200.207550   data required time
---------------------------------------------------------------------------------------------
                                            200.207550   data required time
                                            -42.556587   data arrival time
---------------------------------------------------------------------------------------------
                                            157.650970   slack (MET)


Startpoint: soft_rst_n (input port clocked by clk)
Endpoint: _220_ (rising edge-triggered flip-flop clocked by clk)
Path Group: clk
Path Type: max

Fanout         Cap        Slew       Delay        Time   Description
---------------------------------------------------------------------------------------------
                                  0.000000    0.000000   clock clk (rise edge)
                                  0.000000    0.000000   clock network delay (propagated)
                                 40.000000   40.000000 ^ input external delay
     1    0.004580    0.105568    0.040274   40.040276 ^ soft_rst_n (in)
                                                         soft_rst_n (net)
                      0.105568    0.000000   40.040276 ^ input5/I (gf180mcu_fd_sc_mcu7t5v0__buf_1)
     5    0.027012    0.422723    0.362000   40.402275 ^ input5/Z (gf180mcu_fd_sc_mcu7t5v0__buf_1)
                                                         net5 (net)
                      0.422723    0.000348   40.402622 ^ fanout29/I (gf180mcu_fd_sc_mcu7t5v0__dlyb_1)
     2    0.010521    0.210077    0.807773   41.210396 ^ fanout29/Z (gf180mcu_fd_sc_mcu7t5v0__dlyb_1)
                                                         net29 (net)
                      0.210077    0.000167   41.210564 ^ wire32/I (gf180mcu_fd_sc_mcu7t5v0__buf_1)
     4    0.031070    0.479702    0.412179   41.622742 ^ wire32/Z (gf180mcu_fd_sc_mcu7t5v0__buf_1)
                                                         net32 (net)
                      0.479708    0.000949   41.623692 ^ _152_/A1 (gf180mcu_fd_sc_mcu7t5v0__nand2_1)
     5    0.034255    0.499179    0.373703   41.997395 v _152_/ZN (gf180mcu_fd_sc_mcu7t5v0__nand2_1)
                                                         _061_ (net)
                      0.499181    0.000579   41.997974 v _203_/B1 (gf180mcu_fd_sc_mcu7t5v0__oai22_1)
     1    0.003656    0.433456    0.377995   42.375969 ^ _203_/ZN (gf180mcu_fd_sc_mcu7t5v0__oai22_1)
                                                         _034_ (net)
                      0.433456    0.000036   42.376003 ^ _220_/D (gf180mcu_fd_sc_mcu7t5v0__dffrnq_1)
                                             42.376003   data arrival time

                                200.000000  200.000000   clock clk (rise edge)
                                  0.000000  200.000000   clock source latency
     1    0.036057    0.156044    0.079837  200.079834 ^ clk (in)
                                                         clk (net)
                      0.156052    0.000000  200.079834 ^ clkbuf_0_clk/I (gf180mcu_fd_sc_mcu7t5v0__clkbuf_16)
     8    0.192072    0.206389    0.291479  200.371307 ^ clkbuf_0_clk/Z (gf180mcu_fd_sc_mcu7t5v0__clkbuf_16)
                                                         clknet_0_clk (net)
                      0.206393    0.001421  200.372726 ^ clkbuf_3_0__f_clk/I (gf180mcu_fd_sc_mcu7t5v0__clkbuf_16)
     6    0.027601    0.076961    0.210093  200.582825 ^ clkbuf_3_0__f_clk/Z (gf180mcu_fd_sc_mcu7t5v0__clkbuf_16)
                                                         clknet_3_0__leaf_clk (net)
                      0.076961    0.000071  200.582901 ^ _220_/CLK (gf180mcu_fd_sc_mcu7t5v0__dffrnq_1)
                                 -0.250000  200.332901   clock uncertainty
                                  0.000000  200.332901   clock reconvergence pessimism
                                 -0.304728  200.028168   library setup time
                                            200.028168   data required time
---------------------------------------------------------------------------------------------
                                            200.028168   data required time
                                            -42.376003   data arrival time
---------------------------------------------------------------------------------------------
                                            157.652176   slack (MET)


Startpoint: soft_rst_n (input port clocked by clk)
Endpoint: _245_ (rising edge-triggered flip-flop clocked by clk)
Path Group: clk
Path Type: max

Fanout         Cap        Slew       Delay        Time   Description
---------------------------------------------------------------------------------------------
                                  0.000000    0.000000   clock clk (rise edge)
                                  0.000000    0.000000   clock network delay (propagated)
                                 40.000000   40.000000 ^ input external delay
     1    0.004580    0.105568    0.040274   40.040276 ^ soft_rst_n (in)
                                                         soft_rst_n (net)
                      0.105568    0.000000   40.040276 ^ input5/I (gf180mcu_fd_sc_mcu7t5v0__buf_1)
     5    0.027012    0.422723    0.362000   40.402275 ^ input5/Z (gf180mcu_fd_sc_mcu7t5v0__buf_1)
                                                         net5 (net)
                      0.422723    0.000348   40.402622 ^ fanout29/I (gf180mcu_fd_sc_mcu7t5v0__dlyb_1)
     2    0.010521    0.210077    0.807773   41.210396 ^ fanout29/Z (gf180mcu_fd_sc_mcu7t5v0__dlyb_1)
                                                         net29 (net)
                      0.210077    0.000149   41.210545 ^ fanout27/I (gf180mcu_fd_sc_mcu7t5v0__dlyb_1)
     5    0.026616    0.423598    0.929305   42.139851 ^ fanout27/Z (gf180mcu_fd_sc_mcu7t5v0__dlyb_1)
                                                         net27 (net)
                      0.423600    0.000696   42.140545 ^ _124_/A1 (gf180mcu_fd_sc_mcu7t5v0__and2_1)
     1    0.005611    0.143147    0.283315   42.423862 ^ _124_/Z (gf180mcu_fd_sc_mcu7t5v0__and2_1)
                                                         _000_ (net)
                      0.143147    0.000117   42.423977 ^ _245_/D (gf180mcu_fd_sc_mcu7t5v0__dffrnq_1)
                                             42.423977   data arrival time

                                200.000000  200.000000   clock clk (rise edge)
                                  0.000000  200.000000   clock source latency
     1    0.036057    0.156044    0.079837  200.079834 ^ clk (in)
                                                         clk (net)
                      0.156052    0.000000  200.079834 ^ clkbuf_0_clk/I (gf180mcu_fd_sc_mcu7t5v0__clkbuf_16)
     8    0.192072    0.206389    0.291479  200.371307 ^ clkbuf_0_clk/Z (gf180mcu_fd_sc_mcu7t5v0__clkbuf_16)
                                                         clknet_0_clk (net)
                      0.206409    0.003027  200.374329 ^ clkbuf_3_7__f_clk/I (gf180mcu_fd_sc_mcu7t5v0__clkbuf_16)
     6    0.027396    0.076802    0.209937  200.584274 ^ clkbuf_3_7__f_clk/Z (gf180mcu_fd_sc_mcu7t5v0__clkbuf_16)
                                                         clknet_3_7__leaf_clk (net)
                      0.076802    0.000156  200.584427 ^ _245_/CLK (gf180mcu_fd_sc_mcu7t5v0__dffrnq_1)
                                 -0.250000  200.334427   clock uncertainty
                                  0.000000  200.334427   clock reconvergence pessimism
                                 -0.254688  200.079742   library setup time
                                            200.079742   data required time
---------------------------------------------------------------------------------------------
                                            200.079742   data required time
                                            -42.423977   data arrival time
---------------------------------------------------------------------------------------------
                                            157.655762   slack (MET)


Startpoint: soft_rst_n (input port clocked by clk)
Endpoint: _256_ (rising edge-triggered flip-flop clocked by clk)
Path Group: clk
Path Type: max

Fanout         Cap        Slew       Delay        Time   Description
---------------------------------------------------------------------------------------------
                                  0.000000    0.000000   clock clk (rise edge)
                                  0.000000    0.000000   clock network delay (propagated)
                                 40.000000   40.000000 ^ input external delay
     1    0.004580    0.105568    0.040274   40.040276 ^ soft_rst_n (in)
                                                         soft_rst_n (net)
                      0.105568    0.000000   40.040276 ^ input5/I (gf180mcu_fd_sc_mcu7t5v0__buf_1)
     5    0.027012    0.422723    0.362000   40.402275 ^ input5/Z (gf180mcu_fd_sc_mcu7t5v0__buf_1)
                                                         net5 (net)
                      0.422723    0.000348   40.402622 ^ fanout29/I (gf180mcu_fd_sc_mcu7t5v0__dlyb_1)
     2    0.010521    0.210077    0.807773   41.210396 ^ fanout29/Z (gf180mcu_fd_sc_mcu7t5v0__dlyb_1)
                                                         net29 (net)
                      0.210077    0.000149   41.210545 ^ fanout27/I (gf180mcu_fd_sc_mcu7t5v0__dlyb_1)
     5    0.026616    0.423598    0.929305   42.139851 ^ fanout27/Z (gf180mcu_fd_sc_mcu7t5v0__dlyb_1)
                                                         net27 (net)
                      0.423599    0.000536   42.140388 ^ _119_/A1 (gf180mcu_fd_sc_mcu7t5v0__and2_1)
     1    0.003439    0.115474    0.263984   42.404369 ^ _119_/Z (gf180mcu_fd_sc_mcu7t5v0__and2_1)
                                                         _009_ (net)
                      0.115474    0.000032   42.404404 ^ _256_/D (gf180mcu_fd_sc_mcu7t5v0__dffrnq_1)
                                             42.404404   data arrival time

                                200.000000  200.000000   clock clk (rise edge)
                                  0.000000  200.000000   clock source latency
     1    0.036057    0.156044    0.079837  200.079834 ^ clk (in)
                                                         clk (net)
                      0.156052    0.000000  200.079834 ^ clkbuf_0_clk/I (gf180mcu_fd_sc_mcu7t5v0__clkbuf_16)
     8    0.192072    0.206389    0.291479  200.371307 ^ clkbuf_0_clk/Z (gf180mcu_fd_sc_mcu7t5v0__clkbuf_16)
                                                         clknet_0_clk (net)
                      0.206398    0.002046  200.373352 ^ clkbuf_3_5__f_clk/I (gf180mcu_fd_sc_mcu7t5v0__clkbuf_16)
     6    0.026659    0.076228    0.209411  200.582764 ^ clkbuf_3_5__f_clk/Z (gf180mcu_fd_sc_mcu7t5v0__clkbuf_16)
                                                         clknet_3_5__leaf_clk (net)
                      0.076228    0.000043  200.582809 ^ _256_/CLK (gf180mcu_fd_sc_mcu7t5v0__dffrnq_1)
                                 -0.250000  200.332809   clock uncertainty
                                  0.000000  200.332809   clock reconvergence pessimism
                                 -0.249042  200.083771   library setup time
                                            200.083771   data required time
---------------------------------------------------------------------------------------------
                                            200.083771   data required time
                                            -42.404404   data arrival time
---------------------------------------------------------------------------------------------
                                            157.679352   slack (MET)


Startpoint: soft_rst_n (input port clocked by clk)
Endpoint: _255_ (rising edge-triggered flip-flop clocked by clk)
Path Group: clk
Path Type: max

Fanout         Cap        Slew       Delay        Time   Description
---------------------------------------------------------------------------------------------
                                  0.000000    0.000000   clock clk (rise edge)
                                  0.000000    0.000000   clock network delay (propagated)
                                 40.000000   40.000000 ^ input external delay
     1    0.004580    0.105568    0.040274   40.040276 ^ soft_rst_n (in)
                                                         soft_rst_n (net)
                      0.105568    0.000000   40.040276 ^ input5/I (gf180mcu_fd_sc_mcu7t5v0__buf_1)
     5    0.027012    0.422723    0.362000   40.402275 ^ input5/Z (gf180mcu_fd_sc_mcu7t5v0__buf_1)
                                                         net5 (net)
                      0.422723    0.000348   40.402622 ^ fanout29/I (gf180mcu_fd_sc_mcu7t5v0__dlyb_1)
     2    0.010521    0.210077    0.807773   41.210396 ^ fanout29/Z (gf180mcu_fd_sc_mcu7t5v0__dlyb_1)
                                                         net29 (net)
                      0.210077    0.000149   41.210545 ^ fanout27/I (gf180mcu_fd_sc_mcu7t5v0__dlyb_1)
     5    0.026616    0.423598    0.929305   42.139851 ^ fanout27/Z (gf180mcu_fd_sc_mcu7t5v0__dlyb_1)
                                                         net27 (net)
                      0.423598    0.000387   42.140236 ^ _118_/A1 (gf180mcu_fd_sc_mcu7t5v0__and2_1)
     1    0.003411    0.115101    0.263711   42.403950 ^ _118_/Z (gf180mcu_fd_sc_mcu7t5v0__and2_1)
                                                         _008_ (net)
                      0.115101    0.000032   42.403980 ^ _255_/D (gf180mcu_fd_sc_mcu7t5v0__dffrnq_1)
                                             42.403980   data arrival time

                                200.000000  200.000000   clock clk (rise edge)
                                  0.000000  200.000000   clock source latency
     1    0.036057    0.156044    0.079837  200.079834 ^ clk (in)
                                                         clk (net)
                      0.156052    0.000000  200.079834 ^ clkbuf_0_clk/I (gf180mcu_fd_sc_mcu7t5v0__clkbuf_16)
     8    0.192072    0.206389    0.291479  200.371307 ^ clkbuf_0_clk/Z (gf180mcu_fd_sc_mcu7t5v0__clkbuf_16)
                                                         clknet_0_clk (net)
                      0.206398    0.002046  200.373352 ^ clkbuf_3_5__f_clk/I (gf180mcu_fd_sc_mcu7t5v0__clkbuf_16)
     6    0.026659    0.076228    0.209411  200.582764 ^ clkbuf_3_5__f_clk/Z (gf180mcu_fd_sc_mcu7t5v0__clkbuf_16)
                                                         clknet_3_5__leaf_clk (net)
                      0.076229    0.000355  200.583115 ^ _255_/CLK (gf180mcu_fd_sc_mcu7t5v0__dffrnq_1)
                                 -0.250000  200.333130   clock uncertainty
                                  0.000000  200.333130   clock reconvergence pessimism
                                 -0.248964  200.084167   library setup time
                                            200.084167   data required time
---------------------------------------------------------------------------------------------
                                            200.084167   data required time
                                            -42.403980   data arrival time
---------------------------------------------------------------------------------------------
                                            157.680176   slack (MET)


Startpoint: rst_n (input port clocked by clk)
Endpoint: _226_ (recovery check against rising-edge clock clk)
Path Group: asynchronous
Path Type: max

Fanout         Cap        Slew       Delay        Time   Description
---------------------------------------------------------------------------------------------
                                  0.000000    0.000000   clock clk (rise edge)
                                  0.000000    0.000000   clock network delay (propagated)
                                 40.000000   40.000000 ^ input external delay
     1    0.004491    0.104330    0.039517   40.039516 ^ rst_n (in)
                                                         rst_n (net)
                      0.104330    0.000000   40.039516 ^ input4/I (gf180mcu_fd_sc_mcu7t5v0__buf_1)
     1    0.005625    0.127592    0.182929   40.222446 ^ input4/Z (gf180mcu_fd_sc_mcu7t5v0__buf_1)
                                                         net4 (net)
                      0.127592    0.000124   40.222572 ^ fanout49/I (gf180mcu_fd_sc_mcu7t5v0__dlyb_1)
     1    0.005658    0.148276    0.740119   40.962692 ^ fanout49/Z (gf180mcu_fd_sc_mcu7t5v0__dlyb_1)
                                                         net49 (net)
                      0.148276    0.000121   40.962811 ^ wire51/I (gf180mcu_fd_sc_mcu7t5v0__buf_1)
     4    0.025445    0.400946    0.356920   41.319733 ^ wire51/Z (gf180mcu_fd_sc_mcu7t5v0__buf_1)
                                                         net51 (net)
                      0.400946    0.000391   41.320122 ^ fanout41/I (gf180mcu_fd_sc_mcu7t5v0__dlyb_1)
     4    0.027617    0.437674    0.950280   42.270401 ^ fanout41/Z (gf180mcu_fd_sc_mcu7t5v0__dlyb_1)
                                                         net41 (net)
                      0.437674    0.000256   42.270657 ^ load_slew44/I (gf180mcu_fd_sc_mcu7t5v0__buf_2)
     3    0.021177    0.184269    0.254868   42.525524 ^ load_slew44/Z (gf180mcu_fd_sc_mcu7t5v0__buf_2)
                                                         net44 (net)
                      0.184269    0.000348   42.525875 ^ load_slew42/I (gf180mcu_fd_sc_mcu7t5v0__clkbuf_2)
     3    0.025398    0.212273    0.290271   42.816143 ^ load_slew42/Z (gf180mcu_fd_sc_mcu7t5v0__clkbuf_2)
                                                         net42 (net)
                      0.212274    0.000583   42.816727 ^ _226_/RN (gf180mcu_fd_sc_mcu7t5v0__dffrnq_1)
                                             42.816727   data arrival time

                                200.000000  200.000000   clock clk (rise edge)
                                  0.000000  200.000000   clock source latency
     1    0.036057    0.156044    0.079837  200.079834 ^ clk (in)
                                                         clk (net)
                      0.156052    0.000000  200.079834 ^ clkbuf_0_clk/I (gf180mcu_fd_sc_mcu7t5v0__clkbuf_16)
     8    0.192072    0.206389    0.291479  200.371307 ^ clkbuf_0_clk/Z (gf180mcu_fd_sc_mcu7t5v0__clkbuf_16)
                                                         clknet_0_clk (net)
                      0.206413    0.003340  200.374649 ^ clkbuf_3_6__f_clk/I (gf180mcu_fd_sc_mcu7t5v0__clkbuf_16)
     6    0.026024    0.075736    0.209042  200.583694 ^ clkbuf_3_6__f_clk/Z (gf180mcu_fd_sc_mcu7t5v0__clkbuf_16)
                                                         clknet_3_6__leaf_clk (net)
                      0.075736    0.000057  200.583740 ^ _226_/CLK (gf180mcu_fd_sc_mcu7t5v0__dffrnq_1)
                                 -0.250000  200.333755   clock uncertainty
                                  0.000000  200.333755   clock reconvergence pessimism
                                  0.187597  200.521347   library recovery time
                                            200.521347   data required time
---------------------------------------------------------------------------------------------
                                            200.521347   data required time
                                            -42.816727   data arrival time
---------------------------------------------------------------------------------------------
                                            157.704620   slack (MET)


Startpoint: rst_n (input port clocked by clk)
Endpoint: _227_ (recovery check against rising-edge clock clk)
Path Group: asynchronous
Path Type: max

Fanout         Cap        Slew       Delay        Time   Description
---------------------------------------------------------------------------------------------
                                  0.000000    0.000000   clock clk (rise edge)
                                  0.000000    0.000000   clock network delay (propagated)
                                 40.000000   40.000000 ^ input external delay
     1    0.004491    0.104330    0.039517   40.039516 ^ rst_n (in)
                                                         rst_n (net)
                      0.104330    0.000000   40.039516 ^ input4/I (gf180mcu_fd_sc_mcu7t5v0__buf_1)
     1    0.005625    0.127592    0.182929   40.222446 ^ input4/Z (gf180mcu_fd_sc_mcu7t5v0__buf_1)
                                                         net4 (net)
                      0.127592    0.000124   40.222572 ^ fanout49/I (gf180mcu_fd_sc_mcu7t5v0__dlyb_1)
     1    0.005658    0.148276    0.740119   40.962692 ^ fanout49/Z (gf180mcu_fd_sc_mcu7t5v0__dlyb_1)
                                                         net49 (net)
                      0.148276    0.000121   40.962811 ^ wire51/I (gf180mcu_fd_sc_mcu7t5v0__buf_1)
     4    0.025445    0.400946    0.356920   41.319733 ^ wire51/Z (gf180mcu_fd_sc_mcu7t5v0__buf_1)
                                                         net51 (net)
                      0.400946    0.000391   41.320122 ^ fanout41/I (gf180mcu_fd_sc_mcu7t5v0__dlyb_1)
     4    0.027617    0.437674    0.950280   42.270401 ^ fanout41/Z (gf180mcu_fd_sc_mcu7t5v0__dlyb_1)
                                                         net41 (net)
                      0.437674    0.000256   42.270657 ^ load_slew44/I (gf180mcu_fd_sc_mcu7t5v0__buf_2)
     3    0.021177    0.184269    0.254868   42.525524 ^ load_slew44/Z (gf180mcu_fd_sc_mcu7t5v0__buf_2)
                                                         net44 (net)
                      0.184269    0.000348   42.525875 ^ load_slew42/I (gf180mcu_fd_sc_mcu7t5v0__clkbuf_2)
     3    0.025398    0.212273    0.290271   42.816143 ^ load_slew42/Z (gf180mcu_fd_sc_mcu7t5v0__clkbuf_2)
                                                         net42 (net)
                      0.212274    0.000494   42.816639 ^ _227_/RN (gf180mcu_fd_sc_mcu7t5v0__dffrnq_1)
                                             42.816639   data arrival time

                                200.000000  200.000000   clock clk (rise edge)
                                  0.000000  200.000000   clock source latency
     1    0.036057    0.156044    0.079837  200.079834 ^ clk (in)
                                                         clk (net)
                      0.156052    0.000000  200.079834 ^ clkbuf_0_clk/I (gf180mcu_fd_sc_mcu7t5v0__clkbuf_16)
     8    0.192072    0.206389    0.291479  200.371307 ^ clkbuf_0_clk/Z (gf180mcu_fd_sc_mcu7t5v0__clkbuf_16)
                                                         clknet_0_clk (net)
                      0.206413    0.003340  200.374649 ^ clkbuf_3_6__f_clk/I (gf180mcu_fd_sc_mcu7t5v0__clkbuf_16)
     6    0.026024    0.075736    0.209042  200.583694 ^ clkbuf_3_6__f_clk/Z (gf180mcu_fd_sc_mcu7t5v0__clkbuf_16)
                                                         clknet_3_6__leaf_clk (net)
                      0.075736    0.000114  200.583801 ^ _227_/CLK (gf180mcu_fd_sc_mcu7t5v0__dffrnq_1)
                                 -0.250000  200.333801   clock uncertainty
                                  0.000000  200.333801   clock reconvergence pessimism
                                  0.187597  200.521408   library recovery time
                                            200.521408   data required time
---------------------------------------------------------------------------------------------
                                            200.521408   data required time
                                            -42.816639   data arrival time
---------------------------------------------------------------------------------------------
                                            157.704773   slack (MET)


Startpoint: rst_n (input port clocked by clk)
Endpoint: _228_ (recovery check against rising-edge clock clk)
Path Group: asynchronous
Path Type: max

Fanout         Cap        Slew       Delay        Time   Description
---------------------------------------------------------------------------------------------
                                  0.000000    0.000000   clock clk (rise edge)
                                  0.000000    0.000000   clock network delay (propagated)
                                 40.000000   40.000000 ^ input external delay
     1    0.004491    0.104330    0.039517   40.039516 ^ rst_n (in)
                                                         rst_n (net)
                      0.104330    0.000000   40.039516 ^ input4/I (gf180mcu_fd_sc_mcu7t5v0__buf_1)
     1    0.005625    0.127592    0.182929   40.222446 ^ input4/Z (gf180mcu_fd_sc_mcu7t5v0__buf_1)
                                                         net4 (net)
                      0.127592    0.000124   40.222572 ^ fanout49/I (gf180mcu_fd_sc_mcu7t5v0__dlyb_1)
     1    0.005658    0.148276    0.740119   40.962692 ^ fanout49/Z (gf180mcu_fd_sc_mcu7t5v0__dlyb_1)
                                                         net49 (net)
                      0.148276    0.000121   40.962811 ^ wire51/I (gf180mcu_fd_sc_mcu7t5v0__buf_1)
     4    0.025445    0.400946    0.356920   41.319733 ^ wire51/Z (gf180mcu_fd_sc_mcu7t5v0__buf_1)
                                                         net51 (net)
                      0.400946    0.000391   41.320122 ^ fanout41/I (gf180mcu_fd_sc_mcu7t5v0__dlyb_1)
     4    0.027617    0.437674    0.950280   42.270401 ^ fanout41/Z (gf180mcu_fd_sc_mcu7t5v0__dlyb_1)
                                                         net41 (net)
                      0.437674    0.000256   42.270657 ^ load_slew44/I (gf180mcu_fd_sc_mcu7t5v0__buf_2)
     3    0.021177    0.184269    0.254868   42.525524 ^ load_slew44/Z (gf180mcu_fd_sc_mcu7t5v0__buf_2)
                                                         net44 (net)
                      0.184269    0.000348   42.525875 ^ load_slew42/I (gf180mcu_fd_sc_mcu7t5v0__clkbuf_2)
     3    0.025398    0.212273    0.290271   42.816143 ^ load_slew42/Z (gf180mcu_fd_sc_mcu7t5v0__clkbuf_2)
                                                         net42 (net)
                      0.212273    0.000316   42.816460 ^ _228_/RN (gf180mcu_fd_sc_mcu7t5v0__dffrnq_1)
                                             42.816460   data arrival time

                                200.000000  200.000000   clock clk (rise edge)
                                  0.000000  200.000000   clock source latency
     1    0.036057    0.156044    0.079837  200.079834 ^ clk (in)
                                                         clk (net)
                      0.156052    0.000000  200.079834 ^ clkbuf_0_clk/I (gf180mcu_fd_sc_mcu7t5v0__clkbuf_16)
     8    0.192072    0.206389    0.291479  200.371307 ^ clkbuf_0_clk/Z (gf180mcu_fd_sc_mcu7t5v0__clkbuf_16)
                                                         clknet_0_clk (net)
                      0.206413    0.003340  200.374649 ^ clkbuf_3_6__f_clk/I (gf180mcu_fd_sc_mcu7t5v0__clkbuf_16)
     6    0.026024    0.075736    0.209042  200.583694 ^ clkbuf_3_6__f_clk/Z (gf180mcu_fd_sc_mcu7t5v0__clkbuf_16)
                                                         clknet_3_6__leaf_clk (net)
                      0.075736    0.000128  200.583817 ^ _228_/CLK (gf180mcu_fd_sc_mcu7t5v0__dffrnq_1)
                                 -0.250000  200.333817   clock uncertainty
                                  0.000000  200.333817   clock reconvergence pessimism
                                  0.187597  200.521423   library recovery time
                                            200.521423   data required time
---------------------------------------------------------------------------------------------
                                            200.521423   data required time
                                            -42.816460   data arrival time
---------------------------------------------------------------------------------------------
                                            157.704971   slack (MET)


Startpoint: rst_n (input port clocked by clk)
Endpoint: _239_ (recovery check against rising-edge clock clk)
Path Group: asynchronous
Path Type: max

Fanout         Cap        Slew       Delay        Time   Description
---------------------------------------------------------------------------------------------
                                  0.000000    0.000000   clock clk (rise edge)
                                  0.000000    0.000000   clock network delay (propagated)
                                 40.000000   40.000000 ^ input external delay
     1    0.004491    0.104330    0.039517   40.039516 ^ rst_n (in)
                                                         rst_n (net)
                      0.104330    0.000000   40.039516 ^ input4/I (gf180mcu_fd_sc_mcu7t5v0__buf_1)
     1    0.005625    0.127592    0.182929   40.222446 ^ input4/Z (gf180mcu_fd_sc_mcu7t5v0__buf_1)
                                                         net4 (net)
                      0.127592    0.000124   40.222572 ^ fanout49/I (gf180mcu_fd_sc_mcu7t5v0__dlyb_1)
     1    0.005658    0.148276    0.740119   40.962692 ^ fanout49/Z (gf180mcu_fd_sc_mcu7t5v0__dlyb_1)
                                                         net49 (net)
                      0.148276    0.000121   40.962811 ^ wire51/I (gf180mcu_fd_sc_mcu7t5v0__buf_1)
     4    0.025445    0.400946    0.356920   41.319733 ^ wire51/Z (gf180mcu_fd_sc_mcu7t5v0__buf_1)
                                                         net51 (net)
                      0.400948    0.000419   41.320148 ^ fanout37/I (gf180mcu_fd_sc_mcu7t5v0__dlyb_1)
     3    0.018468    0.315537    0.873722   42.193874 ^ fanout37/Z (gf180mcu_fd_sc_mcu7t5v0__dlyb_1)
                                                         net37 (net)
                      0.315537    0.000369   42.194241 ^ load_slew40/I (gf180mcu_fd_sc_mcu7t5v0__clkbuf_2)
     3    0.024921    0.210725    0.311374   42.505615 ^ load_slew40/Z (gf180mcu_fd_sc_mcu7t5v0__clkbuf_2)
                                                         net40 (net)
                      0.210726    0.000451   42.506069 ^ load_slew38/I (gf180mcu_fd_sc_mcu7t5v0__clkbuf_2)
     3    0.025574    0.213805    0.295639   42.801708 ^ load_slew38/Z (gf180mcu_fd_sc_mcu7t5v0__clkbuf_2)
                                                         net38 (net)
                      0.213806    0.000515   42.802223 ^ _239_/RN (gf180mcu_fd_sc_mcu7t5v0__dffrnq_1)
                                             42.802223   data arrival time

                                200.000000  200.000000   clock clk (rise edge)
                                  0.000000  200.000000   clock source latency
     1    0.036057    0.156044    0.079837  200.079834 ^ clk (in)
                                                         clk (net)
                      0.156052    0.000000  200.079834 ^ clkbuf_0_clk/I (gf180mcu_fd_sc_mcu7t5v0__clkbuf_16)
     8    0.192072    0.206389    0.291479  200.371307 ^ clkbuf_0_clk/Z (gf180mcu_fd_sc_mcu7t5v0__clkbuf_16)
                                                         clknet_0_clk (net)
                      0.206393    0.001421  200.372726 ^ clkbuf_3_0__f_clk/I (gf180mcu_fd_sc_mcu7t5v0__clkbuf_16)
     6    0.027601    0.076961    0.210093  200.582825 ^ clkbuf_3_0__f_clk/Z (gf180mcu_fd_sc_mcu7t5v0__clkbuf_16)
                                                         clknet_3_0__leaf_clk (net)
                      0.076961    0.000071  200.582901 ^ _239_/CLK (gf180mcu_fd_sc_mcu7t5v0__dffrnq_1)
                                 -0.250000  200.332901   clock uncertainty
                                  0.000000  200.332901   clock reconvergence pessimism
                                  0.187775  200.520660   library recovery time
                                            200.520660   data required time
---------------------------------------------------------------------------------------------
                                            200.520660   data required time
                                            -42.802223   data arrival time
---------------------------------------------------------------------------------------------
                                            157.718430   slack (MET)


Startpoint: rst_n (input port clocked by clk)
Endpoint: _240_ (recovery check against rising-edge clock clk)
Path Group: asynchronous
Path Type: max

Fanout         Cap        Slew       Delay        Time   Description
---------------------------------------------------------------------------------------------
                                  0.000000    0.000000   clock clk (rise edge)
                                  0.000000    0.000000   clock network delay (propagated)
                                 40.000000   40.000000 ^ input external delay
     1    0.004491    0.104330    0.039517   40.039516 ^ rst_n (in)
                                                         rst_n (net)
                      0.104330    0.000000   40.039516 ^ input4/I (gf180mcu_fd_sc_mcu7t5v0__buf_1)
     1    0.005625    0.127592    0.182929   40.222446 ^ input4/Z (gf180mcu_fd_sc_mcu7t5v0__buf_1)
                                                         net4 (net)
                      0.127592    0.000124   40.222572 ^ fanout49/I (gf180mcu_fd_sc_mcu7t5v0__dlyb_1)
     1    0.005658    0.148276    0.740119   40.962692 ^ fanout49/Z (gf180mcu_fd_sc_mcu7t5v0__dlyb_1)
                                                         net49 (net)
                      0.148276    0.000121   40.962811 ^ wire51/I (gf180mcu_fd_sc_mcu7t5v0__buf_1)
     4    0.025445    0.400946    0.356920   41.319733 ^ wire51/Z (gf180mcu_fd_sc_mcu7t5v0__buf_1)
                                                         net51 (net)
                      0.400948    0.000419   41.320148 ^ fanout37/I (gf180mcu_fd_sc_mcu7t5v0__dlyb_1)
     3    0.018468    0.315537    0.873722   42.193874 ^ fanout37/Z (gf180mcu_fd_sc_mcu7t5v0__dlyb_1)
                                                         net37 (net)
                      0.315537    0.000369   42.194241 ^ load_slew40/I (gf180mcu_fd_sc_mcu7t5v0__clkbuf_2)
     3    0.024921    0.210725    0.311374   42.505615 ^ load_slew40/Z (gf180mcu_fd_sc_mcu7t5v0__clkbuf_2)
                                                         net40 (net)
                      0.210726    0.000451   42.506069 ^ load_slew38/I (gf180mcu_fd_sc_mcu7t5v0__clkbuf_2)
     3    0.025574    0.213805    0.295639   42.801708 ^ load_slew38/Z (gf180mcu_fd_sc_mcu7t5v0__clkbuf_2)
                                                         net38 (net)
                      0.213806    0.000504   42.802212 ^ _240_/RN (gf180mcu_fd_sc_mcu7t5v0__dffrnq_1)
                                             42.802212   data arrival time

                                200.000000  200.000000   clock clk (rise edge)
                                  0.000000  200.000000   clock source latency
     1    0.036057    0.156044    0.079837  200.079834 ^ clk (in)
                                                         clk (net)
                      0.156052    0.000000  200.079834 ^ clkbuf_0_clk/I (gf180mcu_fd_sc_mcu7t5v0__clkbuf_16)
     8    0.192072    0.206389    0.291479  200.371307 ^ clkbuf_0_clk/Z (gf180mcu_fd_sc_mcu7t5v0__clkbuf_16)
                                                         clknet_0_clk (net)
                      0.206393    0.001421  200.372726 ^ clkbuf_3_0__f_clk/I (gf180mcu_fd_sc_mcu7t5v0__clkbuf_16)
     6    0.027601    0.076961    0.210093  200.582825 ^ clkbuf_3_0__f_clk/Z (gf180mcu_fd_sc_mcu7t5v0__clkbuf_16)
                                                         clknet_3_0__leaf_clk (net)
                      0.076961    0.000242  200.583069 ^ _240_/CLK (gf180mcu_fd_sc_mcu7t5v0__dffrnq_1)
                                 -0.250000  200.333069   clock uncertainty
                                  0.000000  200.333069   clock reconvergence pessimism
                                  0.187775  200.520828   library recovery time
                                            200.520828   data required time
---------------------------------------------------------------------------------------------
                                            200.520828   data required time
                                            -42.802212   data arrival time
---------------------------------------------------------------------------------------------
                                            157.718628   slack (MET)


Startpoint: rst_n (input port clocked by clk)
Endpoint: _242_ (recovery check against rising-edge clock clk)
Path Group: asynchronous
Path Type: max

Fanout         Cap        Slew       Delay        Time   Description
---------------------------------------------------------------------------------------------
                                  0.000000    0.000000   clock clk (rise edge)
                                  0.000000    0.000000   clock network delay (propagated)
                                 40.000000   40.000000 ^ input external delay
     1    0.004491    0.104330    0.039517   40.039516 ^ rst_n (in)
                                                         rst_n (net)
                      0.104330    0.000000   40.039516 ^ input4/I (gf180mcu_fd_sc_mcu7t5v0__buf_1)
     1    0.005625    0.127592    0.182929   40.222446 ^ input4/Z (gf180mcu_fd_sc_mcu7t5v0__buf_1)
                                                         net4 (net)
                      0.127592    0.000124   40.222572 ^ fanout49/I (gf180mcu_fd_sc_mcu7t5v0__dlyb_1)
     1    0.005658    0.148276    0.740119   40.962692 ^ fanout49/Z (gf180mcu_fd_sc_mcu7t5v0__dlyb_1)
                                                         net49 (net)
                      0.148276    0.000121   40.962811 ^ wire51/I (gf180mcu_fd_sc_mcu7t5v0__buf_1)
     4    0.025445    0.400946    0.356920   41.319733 ^ wire51/Z (gf180mcu_fd_sc_mcu7t5v0__buf_1)
                                                         net51 (net)
                      0.400948    0.000419   41.320148 ^ fanout37/I (gf180mcu_fd_sc_mcu7t5v0__dlyb_1)
     3    0.018468    0.315537    0.873722   42.193874 ^ fanout37/Z (gf180mcu_fd_sc_mcu7t5v0__dlyb_1)
                                                         net37 (net)
                      0.315537    0.000369   42.194241 ^ load_slew40/I (gf180mcu_fd_sc_mcu7t5v0__clkbuf_2)
     3    0.024921    0.210725    0.311374   42.505615 ^ load_slew40/Z (gf180mcu_fd_sc_mcu7t5v0__clkbuf_2)
                                                         net40 (net)
                      0.210726    0.000451   42.506069 ^ load_slew38/I (gf180mcu_fd_sc_mcu7t5v0__clkbuf_2)
     3    0.025574    0.213805    0.295639   42.801708 ^ load_slew38/Z (gf180mcu_fd_sc_mcu7t5v0__clkbuf_2)
                                                         net38 (net)
                      0.213806    0.000430   42.802135 ^ _242_/RN (gf180mcu_fd_sc_mcu7t5v0__dffrnq_1)
                                             42.802135   data arrival time

                                200.000000  200.000000   clock clk (rise edge)
                                  0.000000  200.000000   clock source latency
     1    0.036057    0.156044    0.079837  200.079834 ^ clk (in)
                                                         clk (net)
                      0.156052    0.000000  200.079834 ^ clkbuf_0_clk/I (gf180mcu_fd_sc_mcu7t5v0__clkbuf_16)
     8    0.192072    0.206389    0.291479  200.371307 ^ clkbuf_0_clk/Z (gf180mcu_fd_sc_mcu7t5v0__clkbuf_16)
                                                         clknet_0_clk (net)
                      0.206393    0.001421  200.372726 ^ clkbuf_3_0__f_clk/I (gf180mcu_fd_sc_mcu7t5v0__clkbuf_16)
     6    0.027601    0.076961    0.210093  200.582825 ^ clkbuf_3_0__f_clk/Z (gf180mcu_fd_sc_mcu7t5v0__clkbuf_16)
                                                         clknet_3_0__leaf_clk (net)
                      0.076961    0.000313  200.583130 ^ _242_/CLK (gf180mcu_fd_sc_mcu7t5v0__dffrnq_1)
                                 -0.250000  200.333145   clock uncertainty
                                  0.000000  200.333145   clock reconvergence pessimism
                                  0.187775  200.520905   library recovery time
                                            200.520905   data required time
---------------------------------------------------------------------------------------------
                                            200.520905   data required time
                                            -42.802135   data arrival time
---------------------------------------------------------------------------------------------
                                            157.718781   slack (MET)


Startpoint: soft_rst_n (input port clocked by clk)
Endpoint: _230_ (rising edge-triggered flip-flop clocked by clk)
Path Group: clk
Path Type: max

Fanout         Cap        Slew       Delay        Time   Description
---------------------------------------------------------------------------------------------
                                  0.000000    0.000000   clock clk (rise edge)
                                  0.000000    0.000000   clock network delay (propagated)
                                 40.000000   40.000000 ^ input external delay
     1    0.004580    0.105568    0.040274   40.040276 ^ soft_rst_n (in)
                                                         soft_rst_n (net)
                      0.105568    0.000000   40.040276 ^ input5/I (gf180mcu_fd_sc_mcu7t5v0__buf_1)
     5    0.027012    0.422723    0.362000   40.402275 ^ input5/Z (gf180mcu_fd_sc_mcu7t5v0__buf_1)
                                                         net5 (net)
                      0.422723    0.000348   40.402622 ^ fanout29/I (gf180mcu_fd_sc_mcu7t5v0__dlyb_1)
     2    0.010521    0.210077    0.807773   41.210396 ^ fanout29/Z (gf180mcu_fd_sc_mcu7t5v0__dlyb_1)
                                                         net29 (net)
                      0.210077    0.000167   41.210564 ^ wire32/I (gf180mcu_fd_sc_mcu7t5v0__buf_1)
     4    0.031070    0.479702    0.412179   41.622742 ^ wire32/Z (gf180mcu_fd_sc_mcu7t5v0__buf_1)
                                                         net32 (net)
                      0.479708    0.000949   41.623692 ^ _152_/A1 (gf180mcu_fd_sc_mcu7t5v0__nand2_1)
     5    0.034255    0.499179    0.373703   41.997395 v _152_/ZN (gf180mcu_fd_sc_mcu7t5v0__nand2_1)
                                                         _061_ (net)
                      0.499182    0.000608   41.998001 v _154_/A1 (gf180mcu_fd_sc_mcu7t5v0__nor2_1)
     1    0.003935    0.242042    0.247859   42.245861 ^ _154_/ZN (gf180mcu_fd_sc_mcu7t5v0__nor2_1)
                                                         _017_ (net)
                      0.242042    0.000075   42.245934 ^ _230_/D (gf180mcu_fd_sc_mcu7t5v0__dffrnq_1)
                                             42.245934   data arrival time

                                200.000000  200.000000   clock clk (rise edge)
                                  0.000000  200.000000   clock source latency
     1    0.036057    0.156044    0.079837  200.079834 ^ clk (in)
                                                         clk (net)
                      0.156052    0.000000  200.079834 ^ clkbuf_0_clk/I (gf180mcu_fd_sc_mcu7t5v0__clkbuf_16)
     8    0.192072    0.206389    0.291479  200.371307 ^ clkbuf_0_clk/Z (gf180mcu_fd_sc_mcu7t5v0__clkbuf_16)
                                                         clknet_0_clk (net)
                      0.206390    0.000909  200.372223 ^ clkbuf_3_1__f_clk/I (gf180mcu_fd_sc_mcu7t5v0__clkbuf_16)
     6    0.031412    0.079918    0.212580  200.584793 ^ clkbuf_3_1__f_clk/Z (gf180mcu_fd_sc_mcu7t5v0__clkbuf_16)
                                                         clknet_3_1__leaf_clk (net)
                      0.079921    0.000782  200.585587 ^ _230_/CLK (gf180mcu_fd_sc_mcu7t5v0__dffrnq_1)
                                 -0.250000  200.335587   clock uncertainty
                                  0.000000  200.335587   clock reconvergence pessimism
                                 -0.272389  200.063187   library setup time
                                            200.063187   data required time
---------------------------------------------------------------------------------------------
                                            200.063187   data required time
                                            -42.245934   data arrival time
---------------------------------------------------------------------------------------------
                                            157.817261   slack (MET)


Startpoint: _220_ (rising edge-triggered flip-flop clocked by clk)
Endpoint: phase_state[1] (output port clocked by clk)
Path Group: clk
Path Type: max

Fanout         Cap        Slew       Delay        Time   Description
---------------------------------------------------------------------------------------------
                                  0.000000    0.000000   clock clk (rise edge)
                                  0.000000    0.000000   clock source latency
     1    0.036057    0.156044    0.079831    0.079831 ^ clk (in)
                                                         clk (net)
                      0.156052    0.000000    0.079831 ^ clkbuf_0_clk/I (gf180mcu_fd_sc_mcu7t5v0__clkbuf_16)
     8    0.192072    0.206389    0.291489    0.371320 ^ clkbuf_0_clk/Z (gf180mcu_fd_sc_mcu7t5v0__clkbuf_16)
                                                         clknet_0_clk (net)
                      0.206393    0.001416    0.372735 ^ clkbuf_3_0__f_clk/I (gf180mcu_fd_sc_mcu7t5v0__clkbuf_16)
     6    0.027601    0.076961    0.210094    0.582829 ^ clkbuf_3_0__f_clk/Z (gf180mcu_fd_sc_mcu7t5v0__clkbuf_16)
                                                         clknet_3_0__leaf_clk (net)
                      0.076961    0.000068    0.582897 ^ _220_/CLK (gf180mcu_fd_sc_mcu7t5v0__dffrnq_1)
     2    0.015564    0.284506    0.807802    1.390699 ^ _220_/Q (gf180mcu_fd_sc_mcu7t5v0__dffrnq_1)
                                                         net12 (net)
                      0.284506    0.000306    1.391005 ^ output12/I (gf180mcu_fd_sc_mcu7t5v0__buf_2)
     1    0.074312    0.553069    0.460486    1.851492 ^ output12/Z (gf180mcu_fd_sc_mcu7t5v0__buf_2)
                                                         phase_state[1] (net)
                      0.553074    0.000974    1.852465 ^ phase_state[1] (out)
                                              1.852465   data arrival time

                                200.000000  200.000000   clock clk (rise edge)
                                  0.000000  200.000000   clock network delay (propagated)
                                 -0.250000  199.750000   clock uncertainty
                                  0.000000  199.750000   clock reconvergence pessimism
                                -40.000000  159.749985   output external delay
                                            159.749985   data required time
---------------------------------------------------------------------------------------------
                                            159.749985   data required time
                                             -1.852465   data arrival time
---------------------------------------------------------------------------------------------
                                            157.897522   slack (MET)


Startpoint: _217_ (rising edge-triggered flip-flop clocked by clk)
Endpoint: move_en (output port clocked by clk)
Path Group: clk
Path Type: max

Fanout         Cap        Slew       Delay        Time   Description
---------------------------------------------------------------------------------------------
                                  0.000000    0.000000   clock clk (rise edge)
                                  0.000000    0.000000   clock source latency
     1    0.036057    0.156044    0.079831    0.079831 ^ clk (in)
                                                         clk (net)
                      0.156052    0.000000    0.079831 ^ clkbuf_0_clk/I (gf180mcu_fd_sc_mcu7t5v0__clkbuf_16)
     8    0.192072    0.206389    0.291489    0.371320 ^ clkbuf_0_clk/Z (gf180mcu_fd_sc_mcu7t5v0__clkbuf_16)
                                                         clknet_0_clk (net)
                      0.206392    0.001174    0.372493 ^ clkbuf_3_2__f_clk/I (gf180mcu_fd_sc_mcu7t5v0__clkbuf_16)
     6    0.026285    0.075938    0.209188    0.581681 ^ clkbuf_3_2__f_clk/Z (gf180mcu_fd_sc_mcu7t5v0__clkbuf_16)
                                                         clknet_3_2__leaf_clk (net)
                      0.075938    0.000290    0.581971 ^ _217_/CLK (gf180mcu_fd_sc_mcu7t5v0__dffrnq_1)
     2    0.014876    0.275592    0.801746    1.383717 ^ _217_/Q (gf180mcu_fd_sc_mcu7t5v0__dffrnq_1)
                                                         net10 (net)
                      0.275592    0.000270    1.383987 ^ output10/I (gf180mcu_fd_sc_mcu7t5v0__buf_2)
     1    0.074394    0.553732    0.460187    1.844174 ^ output10/Z (gf180mcu_fd_sc_mcu7t5v0__buf_2)
                                                         move_en (net)
                      0.553735    0.000704    1.844878 ^ move_en (out)
                                              1.844878   data arrival time

                                200.000000  200.000000   clock clk (rise edge)
                                  0.000000  200.000000   clock network delay (propagated)
                                 -0.250000  199.750000   clock uncertainty
                                  0.000000  199.750000   clock reconvergence pessimism
                                -40.000000  159.749985   output external delay
                                            159.749985   data required time
---------------------------------------------------------------------------------------------
                                            159.749985   data required time
                                             -1.844878   data arrival time
---------------------------------------------------------------------------------------------
                                            157.905106   slack (MET)


Startpoint: _228_ (rising edge-triggered flip-flop clocked by clk)
Endpoint: votes_out_phase[3] (output port clocked by clk)
Path Group: clk
Path Type: max

Fanout         Cap        Slew       Delay        Time   Description
---------------------------------------------------------------------------------------------
                                  0.000000    0.000000   clock clk (rise edge)
                                  0.000000    0.000000   clock source latency
     1    0.036057    0.156044    0.079831    0.079831 ^ clk (in)
                                                         clk (net)
                      0.156052    0.000000    0.079831 ^ clkbuf_0_clk/I (gf180mcu_fd_sc_mcu7t5v0__clkbuf_16)
     8    0.192072    0.206389    0.291489    0.371320 ^ clkbuf_0_clk/Z (gf180mcu_fd_sc_mcu7t5v0__clkbuf_16)
                                                         clknet_0_clk (net)
                      0.206413    0.003339    0.374659 ^ clkbuf_3_6__f_clk/I (gf180mcu_fd_sc_mcu7t5v0__clkbuf_16)
     6    0.026024    0.075736    0.209034    0.583692 ^ clkbuf_3_6__f_clk/Z (gf180mcu_fd_sc_mcu7t5v0__clkbuf_16)
                                                         clknet_3_6__leaf_clk (net)
                      0.075736    0.000135    0.583828 ^ _228_/CLK (gf180mcu_fd_sc_mcu7t5v0__dffrnq_1)
     2    0.013657    0.259728    0.791323    1.375151 ^ _228_/Q (gf180mcu_fd_sc_mcu7t5v0__dffrnq_1)
                                                         net20 (net)
                      0.259728    0.000136    1.375287 ^ output20/I (gf180mcu_fd_sc_mcu7t5v0__buf_2)
     1    0.074641    0.555399    0.459489    1.834776 ^ output20/Z (gf180mcu_fd_sc_mcu7t5v0__buf_2)
                                                         votes_out_phase[3] (net)
                      0.555404    0.000948    1.835724 ^ votes_out_phase[3] (out)
                                              1.835724   data arrival time

                                200.000000  200.000000   clock clk (rise edge)
                                  0.000000  200.000000   clock network delay (propagated)
                                 -0.250000  199.750000   clock uncertainty
                                  0.000000  199.750000   clock reconvergence pessimism
                                -40.000000  159.749985   output external delay
                                            159.749985   data required time
---------------------------------------------------------------------------------------------
                                            159.749985   data required time
                                             -1.835724   data arrival time
---------------------------------------------------------------------------------------------
                                            157.914261   slack (MET)


Startpoint: _218_ (rising edge-triggered flip-flop clocked by clk)
Endpoint: jitter_flag (output port clocked by clk)
Path Group: clk
Path Type: max

Fanout         Cap        Slew       Delay        Time   Description
---------------------------------------------------------------------------------------------
                                  0.000000    0.000000   clock clk (rise edge)
                                  0.000000    0.000000   clock source latency
     1    0.036057    0.156044    0.079831    0.079831 ^ clk (in)
                                                         clk (net)
                      0.156052    0.000000    0.079831 ^ clkbuf_0_clk/I (gf180mcu_fd_sc_mcu7t5v0__clkbuf_16)
     8    0.192072    0.206389    0.291489    0.371320 ^ clkbuf_0_clk/Z (gf180mcu_fd_sc_mcu7t5v0__clkbuf_16)
                                                         clknet_0_clk (net)
                      0.206392    0.001174    0.372493 ^ clkbuf_3_2__f_clk/I (gf180mcu_fd_sc_mcu7t5v0__clkbuf_16)
     6    0.026285    0.075938    0.209188    0.581681 ^ clkbuf_3_2__f_clk/Z (gf180mcu_fd_sc_mcu7t5v0__clkbuf_16)
                                                         clknet_3_2__leaf_clk (net)
                      0.075938    0.000178    0.581859 ^ _218_/CLK (gf180mcu_fd_sc_mcu7t5v0__dffrnq_1)
     2    0.012413    0.243554    0.780690    1.362549 ^ _218_/Q (gf180mcu_fd_sc_mcu7t5v0__dffrnq_1)
                                                         net7 (net)
                      0.243554    0.000245    1.362794 ^ output7/I (gf180mcu_fd_sc_mcu7t5v0__buf_2)
     1    0.074461    0.554104    0.457095    1.819889 ^ output7/Z (gf180mcu_fd_sc_mcu7t5v0__buf_2)
                                                         jitter_flag (net)
                      0.554110    0.001052    1.820942 ^ jitter_flag (out)
                                              1.820942   data arrival time

                                200.000000  200.000000   clock clk (rise edge)
                                  0.000000  200.000000   clock network delay (propagated)
                                 -0.250000  199.750000   clock uncertainty
                                  0.000000  199.750000   clock reconvergence pessimism
                                -40.000000  159.749985   output external delay
                                            159.749985   data required time
---------------------------------------------------------------------------------------------
                                            159.749985   data required time
                                             -1.820942   data arrival time
---------------------------------------------------------------------------------------------
                                            157.929062   slack (MET)


Startpoint: _219_ (rising edge-triggered flip-flop clocked by clk)
Endpoint: phase_state[0] (output port clocked by clk)
Path Group: clk
Path Type: max

Fanout         Cap        Slew       Delay        Time   Description
---------------------------------------------------------------------------------------------
                                  0.000000    0.000000   clock clk (rise edge)
                                  0.000000    0.000000   clock source latency
     1    0.036057    0.156044    0.079831    0.079831 ^ clk (in)
                                                         clk (net)
                      0.156052    0.000000    0.079831 ^ clkbuf_0_clk/I (gf180mcu_fd_sc_mcu7t5v0__clkbuf_16)
     8    0.192072    0.206389    0.291489    0.371320 ^ clkbuf_0_clk/Z (gf180mcu_fd_sc_mcu7t5v0__clkbuf_16)
                                                         clknet_0_clk (net)
                      0.206392    0.001174    0.372493 ^ clkbuf_3_2__f_clk/I (gf180mcu_fd_sc_mcu7t5v0__clkbuf_16)
     6    0.026285    0.075938    0.209188    0.581681 ^ clkbuf_3_2__f_clk/Z (gf180mcu_fd_sc_mcu7t5v0__clkbuf_16)
                                                         clknet_3_2__leaf_clk (net)
                      0.075938    0.000209    0.581889 ^ _219_/CLK (gf180mcu_fd_sc_mcu7t5v0__dffrnq_1)
     2    0.012075    0.239195    0.777830    1.359719 ^ _219_/Q (gf180mcu_fd_sc_mcu7t5v0__dffrnq_1)
                                                         net11 (net)
                      0.239195    0.000181    1.359900 ^ output11/I (gf180mcu_fd_sc_mcu7t5v0__buf_2)
     1    0.074426    0.553880    0.456586    1.816487 ^ output11/Z (gf180mcu_fd_sc_mcu7t5v0__buf_2)
                                                         phase_state[0] (net)
                      0.553885    0.000976    1.817463 ^ phase_state[0] (out)
                                              1.817463   data arrival time

                                200.000000  200.000000   clock clk (rise edge)
                                  0.000000  200.000000   clock network delay (propagated)
                                 -0.250000  199.750000   clock uncertainty
                                  0.000000  199.750000   clock reconvergence pessimism
                                -40.000000  159.749985   output external delay
                                            159.749985   data required time
---------------------------------------------------------------------------------------------
                                            159.749985   data required time
                                             -1.817463   data arrival time
---------------------------------------------------------------------------------------------
                                            157.932526   slack (MET)


Startpoint: _223_ (rising edge-triggered flip-flop clocked by clk)
Endpoint: votes_in_phase[2] (output port clocked by clk)
Path Group: clk
Path Type: max

Fanout         Cap        Slew       Delay        Time   Description
---------------------------------------------------------------------------------------------
                                  0.000000    0.000000   clock clk (rise edge)
                                  0.000000    0.000000   clock source latency
     1    0.036057    0.156044    0.079831    0.079831 ^ clk (in)
                                                         clk (net)
                      0.156052    0.000000    0.079831 ^ clkbuf_0_clk/I (gf180mcu_fd_sc_mcu7t5v0__clkbuf_16)
     8    0.192072    0.206389    0.291489    0.371320 ^ clkbuf_0_clk/Z (gf180mcu_fd_sc_mcu7t5v0__clkbuf_16)
                                                         clknet_0_clk (net)
                      0.206390    0.000839    0.372159 ^ clkbuf_3_3__f_clk/I (gf180mcu_fd_sc_mcu7t5v0__clkbuf_16)
     6    0.028960    0.078016    0.211012    0.583171 ^ clkbuf_3_3__f_clk/Z (gf180mcu_fd_sc_mcu7t5v0__clkbuf_16)
                                                         clknet_3_3__leaf_clk (net)
                      0.078016    0.000170    0.583340 ^ _223_/CLK (gf180mcu_fd_sc_mcu7t5v0__dffrnq_1)
     2    0.012012    0.238351    0.777717    1.361058 ^ _223_/Q (gf180mcu_fd_sc_mcu7t5v0__dffrnq_1)
                                                         net15 (net)
                      0.238351    0.000190    1.361248 ^ output15/I (gf180mcu_fd_sc_mcu7t5v0__buf_2)
     1    0.074109    0.551672    0.455236    1.816483 ^ output15/Z (gf180mcu_fd_sc_mcu7t5v0__buf_2)
                                                         votes_in_phase[2] (net)
                      0.551677    0.000906    1.817390 ^ votes_in_phase[2] (out)
                                              1.817390   data arrival time

                                200.000000  200.000000   clock clk (rise edge)
                                  0.000000  200.000000   clock network delay (propagated)
                                 -0.250000  199.750000   clock uncertainty
                                  0.000000  199.750000   clock reconvergence pessimism
                                -40.000000  159.749985   output external delay
                                            159.749985   data required time
---------------------------------------------------------------------------------------------
                                            159.749985   data required time
                                             -1.817390   data arrival time
---------------------------------------------------------------------------------------------
                                            157.932602   slack (MET)


Startpoint: _222_ (rising edge-triggered flip-flop clocked by clk)
Endpoint: votes_in_phase[1] (output port clocked by clk)
Path Group: clk
Path Type: max

Fanout         Cap        Slew       Delay        Time   Description
---------------------------------------------------------------------------------------------
                                  0.000000    0.000000   clock clk (rise edge)
                                  0.000000    0.000000   clock source latency
     1    0.036057    0.156044    0.079831    0.079831 ^ clk (in)
                                                         clk (net)
                      0.156052    0.000000    0.079831 ^ clkbuf_0_clk/I (gf180mcu_fd_sc_mcu7t5v0__clkbuf_16)
     8    0.192072    0.206389    0.291489    0.371320 ^ clkbuf_0_clk/Z (gf180mcu_fd_sc_mcu7t5v0__clkbuf_16)
                                                         clknet_0_clk (net)
                      0.206390    0.000839    0.372159 ^ clkbuf_3_3__f_clk/I (gf180mcu_fd_sc_mcu7t5v0__clkbuf_16)
     6    0.028960    0.078016    0.211012    0.583171 ^ clkbuf_3_3__f_clk/Z (gf180mcu_fd_sc_mcu7t5v0__clkbuf_16)
                                                         clknet_3_3__leaf_clk (net)
                      0.078016    0.000178    0.583349 ^ _222_/CLK (gf180mcu_fd_sc_mcu7t5v0__dffrnq_1)
     2    0.012085    0.239309    0.778359    1.361708 ^ _222_/Q (gf180mcu_fd_sc_mcu7t5v0__dffrnq_1)
                                                         net14 (net)
                      0.239309    0.000194    1.361902 ^ output14/I (gf180mcu_fd_sc_mcu7t5v0__buf_2)
     1    0.073591    0.548048    0.453216    1.815118 ^ output14/Z (gf180mcu_fd_sc_mcu7t5v0__buf_2)
                                                         votes_in_phase[1] (net)
                      0.548052    0.000840    1.815958 ^ votes_in_phase[1] (out)
                                              1.815958   data arrival time

                                200.000000  200.000000   clock clk (rise edge)
                                  0.000000  200.000000   clock network delay (propagated)
                                 -0.250000  199.750000   clock uncertainty
                                  0.000000  199.750000   clock reconvergence pessimism
                                -40.000000  159.749985   output external delay
                                            159.749985   data required time
---------------------------------------------------------------------------------------------
                                            159.749985   data required time
                                             -1.815958   data arrival time
---------------------------------------------------------------------------------------------
                                            157.934036   slack (MET)


Startpoint: _227_ (rising edge-triggered flip-flop clocked by clk)
Endpoint: votes_out_phase[2] (output port clocked by clk)
Path Group: clk
Path Type: max

Fanout         Cap        Slew       Delay        Time   Description
---------------------------------------------------------------------------------------------
                                  0.000000    0.000000   clock clk (rise edge)
                                  0.000000    0.000000   clock source latency
     1    0.036057    0.156044    0.079831    0.079831 ^ clk (in)
                                                         clk (net)
                      0.156052    0.000000    0.079831 ^ clkbuf_0_clk/I (gf180mcu_fd_sc_mcu7t5v0__clkbuf_16)
     8    0.192072    0.206389    0.291489    0.371320 ^ clkbuf_0_clk/Z (gf180mcu_fd_sc_mcu7t5v0__clkbuf_16)
                                                         clknet_0_clk (net)
                      0.206413    0.003339    0.374659 ^ clkbuf_3_6__f_clk/I (gf180mcu_fd_sc_mcu7t5v0__clkbuf_16)
     6    0.026024    0.075736    0.209034    0.583692 ^ clkbuf_3_6__f_clk/Z (gf180mcu_fd_sc_mcu7t5v0__clkbuf_16)
                                                         clknet_3_6__leaf_clk (net)
                      0.075736    0.000113    0.583806 ^ _227_/CLK (gf180mcu_fd_sc_mcu7t5v0__dffrnq_1)
     2    0.011985    0.238011    0.777022    1.360828 ^ _227_/Q (gf180mcu_fd_sc_mcu7t5v0__dffrnq_1)
                                                         net19 (net)
                      0.238011    0.000103    1.360931 ^ output19/I (gf180mcu_fd_sc_mcu7t5v0__buf_2)
     1    0.073737    0.549067    0.453685    1.814616 ^ output19/Z (gf180mcu_fd_sc_mcu7t5v0__buf_2)
                                                         votes_out_phase[2] (net)
                      0.549072    0.000858    1.815474 ^ votes_out_phase[2] (out)
                                              1.815474   data arrival time

                                200.000000  200.000000   clock clk (rise edge)
                                  0.000000  200.000000   clock network delay (propagated)
                                 -0.250000  199.750000   clock uncertainty
                                  0.000000  199.750000   clock reconvergence pessimism
                                -40.000000  159.749985   output external delay
                                            159.749985   data required time
---------------------------------------------------------------------------------------------
                                            159.749985   data required time
                                             -1.815474   data arrival time
---------------------------------------------------------------------------------------------
                                            157.934509   slack (MET)


Startpoint: _225_ (rising edge-triggered flip-flop clocked by clk)
Endpoint: votes_out_phase[0] (output port clocked by clk)
Path Group: clk
Path Type: max

Fanout         Cap        Slew       Delay        Time   Description
---------------------------------------------------------------------------------------------
                                  0.000000    0.000000   clock clk (rise edge)
                                  0.000000    0.000000   clock source latency
     1    0.036057    0.156044    0.079831    0.079831 ^ clk (in)
                                                         clk (net)
                      0.156052    0.000000    0.079831 ^ clkbuf_0_clk/I (gf180mcu_fd_sc_mcu7t5v0__clkbuf_16)
     8    0.192072    0.206389    0.291489    0.371320 ^ clkbuf_0_clk/Z (gf180mcu_fd_sc_mcu7t5v0__clkbuf_16)
                                                         clknet_0_clk (net)
                      0.206413    0.003339    0.374659 ^ clkbuf_3_6__f_clk/I (gf180mcu_fd_sc_mcu7t5v0__clkbuf_16)
     6    0.026024    0.075736    0.209034    0.583692 ^ clkbuf_3_6__f_clk/Z (gf180mcu_fd_sc_mcu7t5v0__clkbuf_16)
                                                         clknet_3_6__leaf_clk (net)
                      0.075736    0.000071    0.583764 ^ _225_/CLK (gf180mcu_fd_sc_mcu7t5v0__dffrnq_1)
     2    0.011666    0.233496    0.773974    1.357738 ^ _225_/Q (gf180mcu_fd_sc_mcu7t5v0__dffrnq_1)
                                                         net17 (net)
                      0.233496    0.000173    1.357911 ^ output17/I (gf180mcu_fd_sc_mcu7t5v0__buf_2)
     1    0.073830    0.549721    0.453623    1.811534 ^ output17/Z (gf180mcu_fd_sc_mcu7t5v0__buf_2)
                                                         votes_out_phase[0] (net)
                      0.549725    0.000881    1.812415 ^ votes_out_phase[0] (out)
                                              1.812415   data arrival time

                                200.000000  200.000000   clock clk (rise edge)
                                  0.000000  200.000000   clock network delay (propagated)
                                 -0.250000  199.750000   clock uncertainty
                                  0.000000  199.750000   clock reconvergence pessimism
                                -40.000000  159.749985   output external delay
                                            159.749985   data required time
---------------------------------------------------------------------------------------------
                                            159.749985   data required time
                                             -1.812415   data arrival time
---------------------------------------------------------------------------------------------
                                            157.937576   slack (MET)


Startpoint: _224_ (rising edge-triggered flip-flop clocked by clk)
Endpoint: votes_in_phase[3] (output port clocked by clk)
Path Group: clk
Path Type: max

Fanout         Cap        Slew       Delay        Time   Description
---------------------------------------------------------------------------------------------
                                  0.000000    0.000000   clock clk (rise edge)
                                  0.000000    0.000000   clock source latency
     1    0.036057    0.156044    0.079831    0.079831 ^ clk (in)
                                                         clk (net)
                      0.156052    0.000000    0.079831 ^ clkbuf_0_clk/I (gf180mcu_fd_sc_mcu7t5v0__clkbuf_16)
     8    0.192072    0.206389    0.291489    0.371320 ^ clkbuf_0_clk/Z (gf180mcu_fd_sc_mcu7t5v0__clkbuf_16)
                                                         clknet_0_clk (net)
                      0.206390    0.000839    0.372159 ^ clkbuf_3_3__f_clk/I (gf180mcu_fd_sc_mcu7t5v0__clkbuf_16)
     6    0.028960    0.078016    0.211012    0.583171 ^ clkbuf_3_3__f_clk/Z (gf180mcu_fd_sc_mcu7t5v0__clkbuf_16)
                                                         clknet_3_3__leaf_clk (net)
                      0.078016    0.000209    0.583379 ^ _224_/CLK (gf180mcu_fd_sc_mcu7t5v0__dffrnq_1)
     2    0.011572    0.232169    0.773579    1.356958 ^ _224_/Q (gf180mcu_fd_sc_mcu7t5v0__dffrnq_1)
                                                         net16 (net)
                      0.232169    0.000173    1.357131 ^ output16/I (gf180mcu_fd_sc_mcu7t5v0__buf_2)
     1    0.074001    0.550922    0.454200    1.811331 ^ output16/Z (gf180mcu_fd_sc_mcu7t5v0__buf_2)
                                                         votes_in_phase[3] (net)
                      0.550926    0.000894    1.812225 ^ votes_in_phase[3] (out)
                                              1.812225   data arrival time

                                200.000000  200.000000   clock clk (rise edge)
                                  0.000000  200.000000   clock network delay (propagated)
                                 -0.250000  199.750000   clock uncertainty
                                  0.000000  199.750000   clock reconvergence pessimism
                                -40.000000  159.749985   output external delay
                                            159.749985   data required time
---------------------------------------------------------------------------------------------
                                            159.749985   data required time
                                             -1.812225   data arrival time
---------------------------------------------------------------------------------------------
                                            157.937759   slack (MET)


Startpoint: _216_ (rising edge-triggered flip-flop clocked by clk)
Endpoint: dir (output port clocked by clk)
Path Group: clk
Path Type: max

Fanout         Cap        Slew       Delay        Time   Description
---------------------------------------------------------------------------------------------
                                  0.000000    0.000000   clock clk (rise edge)
                                  0.000000    0.000000   clock source latency
     1    0.036057    0.156044    0.079831    0.079831 ^ clk (in)
                                                         clk (net)
                      0.156052    0.000000    0.079831 ^ clkbuf_0_clk/I (gf180mcu_fd_sc_mcu7t5v0__clkbuf_16)
     8    0.192072    0.206389    0.291489    0.371320 ^ clkbuf_0_clk/Z (gf180mcu_fd_sc_mcu7t5v0__clkbuf_16)
                                                         clknet_0_clk (net)
                      0.206392    0.001174    0.372493 ^ clkbuf_3_2__f_clk/I (gf180mcu_fd_sc_mcu7t5v0__clkbuf_16)
     6    0.026285    0.075938    0.209188    0.581681 ^ clkbuf_3_2__f_clk/Z (gf180mcu_fd_sc_mcu7t5v0__clkbuf_16)
                                                         clknet_3_2__leaf_clk (net)
                      0.075938    0.000281    0.581962 ^ _216_/CLK (gf180mcu_fd_sc_mcu7t5v0__dffrnq_1)
     2    0.011425    0.230092    0.771711    1.353673 ^ _216_/Q (gf180mcu_fd_sc_mcu7t5v0__dffrnq_1)
                                                         net6 (net)
                      0.230092    0.000213    1.353886 ^ output6/I (gf180mcu_fd_sc_mcu7t5v0__buf_2)
     1    0.074394    0.553747    0.455799    1.809685 ^ output6/Z (gf180mcu_fd_sc_mcu7t5v0__buf_2)
                                                         dir (net)
                      0.553749    0.000704    1.810388 ^ dir (out)
                                              1.810388   data arrival time

                                200.000000  200.000000   clock clk (rise edge)
                                  0.000000  200.000000   clock network delay (propagated)
                                 -0.250000  199.750000   clock uncertainty
                                  0.000000  199.750000   clock reconvergence pessimism
                                -40.000000  159.749985   output external delay
                                            159.749985   data required time
---------------------------------------------------------------------------------------------
                                            159.749985   data required time
                                             -1.810388   data arrival time
---------------------------------------------------------------------------------------------
                                            157.939606   slack (MET)


Startpoint: _226_ (rising edge-triggered flip-flop clocked by clk)
Endpoint: votes_out_phase[1] (output port clocked by clk)
Path Group: clk
Path Type: max

Fanout         Cap        Slew       Delay        Time   Description
---------------------------------------------------------------------------------------------
                                  0.000000    0.000000   clock clk (rise edge)
                                  0.000000    0.000000   clock source latency
     1    0.036057    0.156044    0.079831    0.079831 ^ clk (in)
                                                         clk (net)
                      0.156052    0.000000    0.079831 ^ clkbuf_0_clk/I (gf180mcu_fd_sc_mcu7t5v0__clkbuf_16)
     8    0.192072    0.206389    0.291489    0.371320 ^ clkbuf_0_clk/Z (gf180mcu_fd_sc_mcu7t5v0__clkbuf_16)
                                                         clknet_0_clk (net)
                      0.206413    0.003339    0.374659 ^ clkbuf_3_6__f_clk/I (gf180mcu_fd_sc_mcu7t5v0__clkbuf_16)
     6    0.026024    0.075736    0.209034    0.583692 ^ clkbuf_3_6__f_clk/Z (gf180mcu_fd_sc_mcu7t5v0__clkbuf_16)
                                                         clknet_3_6__leaf_clk (net)
                      0.075736    0.000059    0.583752 ^ _226_/CLK (gf180mcu_fd_sc_mcu7t5v0__dffrnq_1)
     2    0.011392    0.229654    0.771392    1.355144 ^ _226_/Q (gf180mcu_fd_sc_mcu7t5v0__dffrnq_1)
                                                         net18 (net)
                      0.229654    0.000166    1.355310 ^ output18/I (gf180mcu_fd_sc_mcu7t5v0__buf_2)
     1    0.073953    0.550583    0.453762    1.809073 ^ output18/Z (gf180mcu_fd_sc_mcu7t5v0__buf_2)
                                                         votes_out_phase[1] (net)
                      0.550587    0.000882    1.809955 ^ votes_out_phase[1] (out)
                                              1.809955   data arrival time

                                200.000000  200.000000   clock clk (rise edge)
                                  0.000000  200.000000   clock network delay (propagated)
                                 -0.250000  199.750000   clock uncertainty
                                  0.000000  199.750000   clock reconvergence pessimism
                                -40.000000  159.749985   output external delay
                                            159.749985   data required time
---------------------------------------------------------------------------------------------
                                            159.749985   data required time
                                             -1.809955   data arrival time
---------------------------------------------------------------------------------------------
                                            157.940048   slack (MET)


Startpoint: rst_n (input port clocked by clk)
Endpoint: _253_ (recovery check against rising-edge clock clk)
Path Group: asynchronous
Path Type: max

Fanout         Cap        Slew       Delay        Time   Description
---------------------------------------------------------------------------------------------
                                  0.000000    0.000000   clock clk (rise edge)
                                  0.000000    0.000000   clock network delay (propagated)
                                 40.000000   40.000000 ^ input external delay
     1    0.004491    0.104330    0.039517   40.039516 ^ rst_n (in)
                                                         rst_n (net)
                      0.104330    0.000000   40.039516 ^ input4/I (gf180mcu_fd_sc_mcu7t5v0__buf_1)
     1    0.005625    0.127592    0.182929   40.222446 ^ input4/Z (gf180mcu_fd_sc_mcu7t5v0__buf_1)
                                                         net4 (net)
                      0.127592    0.000124   40.222572 ^ fanout49/I (gf180mcu_fd_sc_mcu7t5v0__dlyb_1)
     1    0.005658    0.148276    0.740119   40.962692 ^ fanout49/Z (gf180mcu_fd_sc_mcu7t5v0__dlyb_1)
                                                         net49 (net)
                      0.148276    0.000121   40.962811 ^ wire51/I (gf180mcu_fd_sc_mcu7t5v0__buf_1)
     4    0.025445    0.400946    0.356920   41.319733 ^ wire51/Z (gf180mcu_fd_sc_mcu7t5v0__buf_1)
                                                         net51 (net)
                      0.400946    0.000277   41.320007 ^ fanout45/I (gf180mcu_fd_sc_mcu7t5v0__dlyb_1)
     3    0.021403    0.354692    0.898336   42.218346 ^ fanout45/Z (gf180mcu_fd_sc_mcu7t5v0__dlyb_1)
                                                         net45 (net)
                      0.354692    0.000124   42.218468 ^ load_slew48/I (gf180mcu_fd_sc_mcu7t5v0__clkbuf_1)
     3    0.021209    0.336967    0.347761   42.566231 ^ load_slew48/Z (gf180mcu_fd_sc_mcu7t5v0__clkbuf_1)
                                                         net48 (net)
                      0.336968    0.000341   42.566570 ^ _253_/RN (gf180mcu_fd_sc_mcu7t5v0__dffrnq_1)
                                             42.566570   data arrival time

                                200.000000  200.000000   clock clk (rise edge)
                                  0.000000  200.000000   clock source latency
     1    0.036057    0.156044    0.079837  200.079834 ^ clk (in)
                                                         clk (net)
                      0.156052    0.000000  200.079834 ^ clkbuf_0_clk/I (gf180mcu_fd_sc_mcu7t5v0__clkbuf_16)
     8    0.192072    0.206389    0.291479  200.371307 ^ clkbuf_0_clk/Z (gf180mcu_fd_sc_mcu7t5v0__clkbuf_16)
                                                         clknet_0_clk (net)
                      0.206398    0.002046  200.373352 ^ clkbuf_3_5__f_clk/I (gf180mcu_fd_sc_mcu7t5v0__clkbuf_16)
     6    0.026659    0.076228    0.209411  200.582764 ^ clkbuf_3_5__f_clk/Z (gf180mcu_fd_sc_mcu7t5v0__clkbuf_16)
                                                         clknet_3_5__leaf_clk (net)
                      0.076229    0.000497  200.583267 ^ _253_/CLK (gf180mcu_fd_sc_mcu7t5v0__dffrnq_1)
                                 -0.250000  200.333267   clock uncertainty
                                  0.000000  200.333267   clock reconvergence pessimism
                                  0.180852  200.514114   library recovery time
                                            200.514114   data required time
---------------------------------------------------------------------------------------------
                                            200.514114   data required time
                                            -42.566570   data arrival time
---------------------------------------------------------------------------------------------
                                            157.947540   slack (MET)


Startpoint: rst_n (input port clocked by clk)
Endpoint: _254_ (recovery check against rising-edge clock clk)
Path Group: asynchronous
Path Type: max

Fanout         Cap        Slew       Delay        Time   Description
---------------------------------------------------------------------------------------------
                                  0.000000    0.000000   clock clk (rise edge)
                                  0.000000    0.000000   clock network delay (propagated)
                                 40.000000   40.000000 ^ input external delay
     1    0.004491    0.104330    0.039517   40.039516 ^ rst_n (in)
                                                         rst_n (net)
                      0.104330    0.000000   40.039516 ^ input4/I (gf180mcu_fd_sc_mcu7t5v0__buf_1)
     1    0.005625    0.127592    0.182929   40.222446 ^ input4/Z (gf180mcu_fd_sc_mcu7t5v0__buf_1)
                                                         net4 (net)
                      0.127592    0.000124   40.222572 ^ fanout49/I (gf180mcu_fd_sc_mcu7t5v0__dlyb_1)
     1    0.005658    0.148276    0.740119   40.962692 ^ fanout49/Z (gf180mcu_fd_sc_mcu7t5v0__dlyb_1)
                                                         net49 (net)
                      0.148276    0.000121   40.962811 ^ wire51/I (gf180mcu_fd_sc_mcu7t5v0__buf_1)
     4    0.025445    0.400946    0.356920   41.319733 ^ wire51/Z (gf180mcu_fd_sc_mcu7t5v0__buf_1)
                                                         net51 (net)
                      0.400946    0.000277   41.320007 ^ fanout45/I (gf180mcu_fd_sc_mcu7t5v0__dlyb_1)
     3    0.021403    0.354692    0.898336   42.218346 ^ fanout45/Z (gf180mcu_fd_sc_mcu7t5v0__dlyb_1)
                                                         net45 (net)
                      0.354692    0.000124   42.218468 ^ load_slew48/I (gf180mcu_fd_sc_mcu7t5v0__clkbuf_1)
     3    0.021209    0.336967    0.347761   42.566231 ^ load_slew48/Z (gf180mcu_fd_sc_mcu7t5v0__clkbuf_1)
                                                         net48 (net)
                      0.336968    0.000348   42.566578 ^ _254_/RN (gf180mcu_fd_sc_mcu7t5v0__dffrnq_1)
                                             42.566578   data arrival time

                                200.000000  200.000000   clock clk (rise edge)
                                  0.000000  200.000000   clock source latency
     1    0.036057    0.156044    0.079837  200.079834 ^ clk (in)
                                                         clk (net)
                      0.156052    0.000000  200.079834 ^ clkbuf_0_clk/I (gf180mcu_fd_sc_mcu7t5v0__clkbuf_16)
     8    0.192072    0.206389    0.291479  200.371307 ^ clkbuf_0_clk/Z (gf180mcu_fd_sc_mcu7t5v0__clkbuf_16)
                                                         clknet_0_clk (net)
                      0.206398    0.002046  200.373352 ^ clkbuf_3_5__f_clk/I (gf180mcu_fd_sc_mcu7t5v0__clkbuf_16)
     6    0.026659    0.076228    0.209411  200.582764 ^ clkbuf_3_5__f_clk/Z (gf180mcu_fd_sc_mcu7t5v0__clkbuf_16)
                                                         clknet_3_5__leaf_clk (net)
                      0.076229    0.000483  200.583252 ^ _254_/CLK (gf180mcu_fd_sc_mcu7t5v0__dffrnq_1)
                                 -0.250000  200.333252   clock uncertainty
                                  0.000000  200.333252   clock reconvergence pessimism
                                  0.180852  200.514099   library recovery time
                                            200.514099   data required time
---------------------------------------------------------------------------------------------
                                            200.514099   data required time
                                            -42.566578   data arrival time
---------------------------------------------------------------------------------------------
                                            157.947510   slack (MET)


Startpoint: _221_ (rising edge-triggered flip-flop clocked by clk)
Endpoint: votes_in_phase[0] (output port clocked by clk)
Path Group: clk
Path Type: max

Fanout         Cap        Slew       Delay        Time   Description
---------------------------------------------------------------------------------------------
                                  0.000000    0.000000   clock clk (rise edge)
                                  0.000000    0.000000   clock source latency
     1    0.036057    0.156044    0.079831    0.079831 ^ clk (in)
                                                         clk (net)
                      0.156052    0.000000    0.079831 ^ clkbuf_0_clk/I (gf180mcu_fd_sc_mcu7t5v0__clkbuf_16)
     8    0.192072    0.206389    0.291489    0.371320 ^ clkbuf_0_clk/Z (gf180mcu_fd_sc_mcu7t5v0__clkbuf_16)
                                                         clknet_0_clk (net)
                      0.206392    0.001174    0.372493 ^ clkbuf_3_2__f_clk/I (gf180mcu_fd_sc_mcu7t5v0__clkbuf_16)
     6    0.026285    0.075938    0.209188    0.581681 ^ clkbuf_3_2__f_clk/Z (gf180mcu_fd_sc_mcu7t5v0__clkbuf_16)
                                                         clknet_3_2__leaf_clk (net)
                      0.075938    0.000138    0.581818 ^ _221_/CLK (gf180mcu_fd_sc_mcu7t5v0__dffrnq_1)
     2    0.010570    0.218613    0.763689    1.345507 ^ _221_/Q (gf180mcu_fd_sc_mcu7t5v0__dffrnq_1)
                                                         net13 (net)
                      0.218613    0.000154    1.345661 ^ output13/I (gf180mcu_fd_sc_mcu7t5v0__buf_2)
     1    0.073947    0.550539    0.452655    1.798316 ^ output13/Z (gf180mcu_fd_sc_mcu7t5v0__buf_2)
                                                         votes_in_phase[0] (net)
                      0.550544    0.000904    1.799221 ^ votes_in_phase[0] (out)
                                              1.799221   data arrival time

                                200.000000  200.000000   clock clk (rise edge)
                                  0.000000  200.000000   clock network delay (propagated)
                                 -0.250000  199.750000   clock uncertainty
                                  0.000000  199.750000   clock reconvergence pessimism
                                -40.000000  159.749985   output external delay
                                            159.749985   data required time
---------------------------------------------------------------------------------------------
                                            159.749985   data required time
                                             -1.799221   data arrival time
---------------------------------------------------------------------------------------------
                                            157.950775   slack (MET)


Startpoint: rst_n (input port clocked by clk)
Endpoint: _237_ (recovery check against rising-edge clock clk)
Path Group: asynchronous
Path Type: max

Fanout         Cap        Slew       Delay        Time   Description
---------------------------------------------------------------------------------------------
                                  0.000000    0.000000   clock clk (rise edge)
                                  0.000000    0.000000   clock network delay (propagated)
                                 40.000000   40.000000 ^ input external delay
     1    0.004491    0.104330    0.039517   40.039516 ^ rst_n (in)
                                                         rst_n (net)
                      0.104330    0.000000   40.039516 ^ input4/I (gf180mcu_fd_sc_mcu7t5v0__buf_1)
     1    0.005625    0.127592    0.182929   40.222446 ^ input4/Z (gf180mcu_fd_sc_mcu7t5v0__buf_1)
                                                         net4 (net)
                      0.127592    0.000124   40.222572 ^ fanout49/I (gf180mcu_fd_sc_mcu7t5v0__dlyb_1)
     1    0.005658    0.148276    0.740119   40.962692 ^ fanout49/Z (gf180mcu_fd_sc_mcu7t5v0__dlyb_1)
                                                         net49 (net)
                      0.148276    0.000121   40.962811 ^ wire51/I (gf180mcu_fd_sc_mcu7t5v0__buf_1)
     4    0.025445    0.400946    0.356920   41.319733 ^ wire51/Z (gf180mcu_fd_sc_mcu7t5v0__buf_1)
                                                         net51 (net)
                      0.400946    0.000391   41.320122 ^ fanout41/I (gf180mcu_fd_sc_mcu7t5v0__dlyb_1)
     4    0.027617    0.437674    0.950280   42.270401 ^ fanout41/Z (gf180mcu_fd_sc_mcu7t5v0__dlyb_1)
                                                         net41 (net)
                      0.437674    0.000252   42.270653 ^ load_slew43/I (gf180mcu_fd_sc_mcu7t5v0__buf_2)
     3    0.026819    0.221991    0.278000   42.548653 ^ load_slew43/Z (gf180mcu_fd_sc_mcu7t5v0__buf_2)
                                                         net43 (net)
                      0.221992    0.000789   42.549442 ^ _237_/RN (gf180mcu_fd_sc_mcu7t5v0__dffrnq_1)
                                             42.549442   data arrival time

                                200.000000  200.000000   clock clk (rise edge)
                                  0.000000  200.000000   clock source latency
     1    0.036057    0.156044    0.079837  200.079834 ^ clk (in)
                                                         clk (net)
                      0.156052    0.000000  200.079834 ^ clkbuf_0_clk/I (gf180mcu_fd_sc_mcu7t5v0__clkbuf_16)
     8    0.192072    0.206389    0.291479  200.371307 ^ clkbuf_0_clk/Z (gf180mcu_fd_sc_mcu7t5v0__clkbuf_16)
                                                         clknet_0_clk (net)
                      0.206409    0.003027  200.374329 ^ clkbuf_3_7__f_clk/I (gf180mcu_fd_sc_mcu7t5v0__clkbuf_16)
     6    0.027396    0.076802    0.209937  200.584274 ^ clkbuf_3_7__f_clk/Z (gf180mcu_fd_sc_mcu7t5v0__clkbuf_16)
                                                         clknet_3_7__leaf_clk (net)
                      0.076802    0.000369  200.584641 ^ _237_/CLK (gf180mcu_fd_sc_mcu7t5v0__dffrnq_1)
                                 -0.250000  200.334641   clock uncertainty
                                  0.000000  200.334641   clock reconvergence pessimism
                                  0.187291  200.521927   library recovery time
                                            200.521927   data required time
---------------------------------------------------------------------------------------------
                                            200.521927   data required time
                                            -42.549442   data arrival time
---------------------------------------------------------------------------------------------
                                            157.972488   slack (MET)


Startpoint: rst_n (input port clocked by clk)
Endpoint: _248_ (recovery check against rising-edge clock clk)
Path Group: asynchronous
Path Type: max

Fanout         Cap        Slew       Delay        Time   Description
---------------------------------------------------------------------------------------------
                                  0.000000    0.000000   clock clk (rise edge)
                                  0.000000    0.000000   clock network delay (propagated)
                                 40.000000   40.000000 ^ input external delay
     1    0.004491    0.104330    0.039517   40.039516 ^ rst_n (in)
                                                         rst_n (net)
                      0.104330    0.000000   40.039516 ^ input4/I (gf180mcu_fd_sc_mcu7t5v0__buf_1)
     1    0.005625    0.127592    0.182929   40.222446 ^ input4/Z (gf180mcu_fd_sc_mcu7t5v0__buf_1)
                                                         net4 (net)
                      0.127592    0.000124   40.222572 ^ fanout49/I (gf180mcu_fd_sc_mcu7t5v0__dlyb_1)
     1    0.005658    0.148276    0.740119   40.962692 ^ fanout49/Z (gf180mcu_fd_sc_mcu7t5v0__dlyb_1)
                                                         net49 (net)
                      0.148276    0.000121   40.962811 ^ wire51/I (gf180mcu_fd_sc_mcu7t5v0__buf_1)
     4    0.025445    0.400946    0.356920   41.319733 ^ wire51/Z (gf180mcu_fd_sc_mcu7t5v0__buf_1)
                                                         net51 (net)
                      0.400946    0.000391   41.320122 ^ fanout41/I (gf180mcu_fd_sc_mcu7t5v0__dlyb_1)
     4    0.027617    0.437674    0.950280   42.270401 ^ fanout41/Z (gf180mcu_fd_sc_mcu7t5v0__dlyb_1)
                                                         net41 (net)
                      0.437674    0.000252   42.270653 ^ load_slew43/I (gf180mcu_fd_sc_mcu7t5v0__buf_2)
     3    0.026819    0.221991    0.278000   42.548653 ^ load_slew43/Z (gf180mcu_fd_sc_mcu7t5v0__buf_2)
                                                         net43 (net)
                      0.221992    0.000661   42.549316 ^ _248_/RN (gf180mcu_fd_sc_mcu7t5v0__dffrnq_1)
                                             42.549316   data arrival time

                                200.000000  200.000000   clock clk (rise edge)
                                  0.000000  200.000000   clock source latency
     1    0.036057    0.156044    0.079837  200.079834 ^ clk (in)
                                                         clk (net)
                      0.156052    0.000000  200.079834 ^ clkbuf_0_clk/I (gf180mcu_fd_sc_mcu7t5v0__clkbuf_16)
     8    0.192072    0.206389    0.291479  200.371307 ^ clkbuf_0_clk/Z (gf180mcu_fd_sc_mcu7t5v0__clkbuf_16)
                                                         clknet_0_clk (net)
                      0.206409    0.003027  200.374329 ^ clkbuf_3_7__f_clk/I (gf180mcu_fd_sc_mcu7t5v0__clkbuf_16)
     6    0.027396    0.076802    0.209937  200.584274 ^ clkbuf_3_7__f_clk/Z (gf180mcu_fd_sc_mcu7t5v0__clkbuf_16)
                                                         clknet_3_7__leaf_clk (net)
                      0.076802    0.000369  200.584641 ^ _248_/CLK (gf180mcu_fd_sc_mcu7t5v0__dffrnq_1)
                                 -0.250000  200.334641   clock uncertainty
                                  0.000000  200.334641   clock reconvergence pessimism
                                  0.187291  200.521927   library recovery time
                                            200.521927   data required time
---------------------------------------------------------------------------------------------
                                            200.521927   data required time
                                            -42.549316   data arrival time
---------------------------------------------------------------------------------------------
                                            157.972610   slack (MET)


Startpoint: rst_n (input port clocked by clk)
Endpoint: _238_ (recovery check against rising-edge clock clk)
Path Group: asynchronous
Path Type: max

Fanout         Cap        Slew       Delay        Time   Description
---------------------------------------------------------------------------------------------
                                  0.000000    0.000000   clock clk (rise edge)
                                  0.000000    0.000000   clock network delay (propagated)
                                 40.000000   40.000000 ^ input external delay
     1    0.004491    0.104330    0.039517   40.039516 ^ rst_n (in)
                                                         rst_n (net)
                      0.104330    0.000000   40.039516 ^ input4/I (gf180mcu_fd_sc_mcu7t5v0__buf_1)
     1    0.005625    0.127592    0.182929   40.222446 ^ input4/Z (gf180mcu_fd_sc_mcu7t5v0__buf_1)
                                                         net4 (net)
                      0.127592    0.000124   40.222572 ^ fanout49/I (gf180mcu_fd_sc_mcu7t5v0__dlyb_1)
     1    0.005658    0.148276    0.740119   40.962692 ^ fanout49/Z (gf180mcu_fd_sc_mcu7t5v0__dlyb_1)
                                                         net49 (net)
                      0.148276    0.000121   40.962811 ^ wire51/I (gf180mcu_fd_sc_mcu7t5v0__buf_1)
     4    0.025445    0.400946    0.356920   41.319733 ^ wire51/Z (gf180mcu_fd_sc_mcu7t5v0__buf_1)
                                                         net51 (net)
                      0.400946    0.000391   41.320122 ^ fanout41/I (gf180mcu_fd_sc_mcu7t5v0__dlyb_1)
     4    0.027617    0.437674    0.950280   42.270401 ^ fanout41/Z (gf180mcu_fd_sc_mcu7t5v0__dlyb_1)
                                                         net41 (net)
                      0.437674    0.000252   42.270653 ^ load_slew43/I (gf180mcu_fd_sc_mcu7t5v0__buf_2)
     3    0.026819    0.221991    0.278000   42.548653 ^ load_slew43/Z (gf180mcu_fd_sc_mcu7t5v0__buf_2)
                                                         net43 (net)
                      0.221992    0.000810   42.549465 ^ _238_/RN (gf180mcu_fd_sc_mcu7t5v0__dffrnq_1)
                                             42.549465   data arrival time

                                200.000000  200.000000   clock clk (rise edge)
                                  0.000000  200.000000   clock source latency
     1    0.036057    0.156044    0.079837  200.079834 ^ clk (in)
                                                         clk (net)
                      0.156052    0.000000  200.079834 ^ clkbuf_0_clk/I (gf180mcu_fd_sc_mcu7t5v0__clkbuf_16)
     8    0.192072    0.206389    0.291479  200.371307 ^ clkbuf_0_clk/Z (gf180mcu_fd_sc_mcu7t5v0__clkbuf_16)
                                                         clknet_0_clk (net)
                      0.206390    0.000909  200.372223 ^ clkbuf_3_1__f_clk/I (gf180mcu_fd_sc_mcu7t5v0__clkbuf_16)
     6    0.031412    0.079918    0.212580  200.584793 ^ clkbuf_3_1__f_clk/Z (gf180mcu_fd_sc_mcu7t5v0__clkbuf_16)
                                                         clknet_3_1__leaf_clk (net)
                      0.079920    0.000682  200.585480 ^ _238_/CLK (gf180mcu_fd_sc_mcu7t5v0__dffrnq_1)
                                 -0.250000  200.335480   clock uncertainty
                                  0.000000  200.335480   clock reconvergence pessimism
                                  0.187957  200.523438   library recovery time
                                            200.523438   data required time
---------------------------------------------------------------------------------------------
                                            200.523438   data required time
                                            -42.549465   data arrival time
---------------------------------------------------------------------------------------------
                                            157.973984   slack (MET)


Startpoint: rst_n (input port clocked by clk)
Endpoint: _244_ (recovery check against rising-edge clock clk)
Path Group: asynchronous
Path Type: max

Fanout         Cap        Slew       Delay        Time   Description
---------------------------------------------------------------------------------------------
                                  0.000000    0.000000   clock clk (rise edge)
                                  0.000000    0.000000   clock network delay (propagated)
                                 40.000000   40.000000 ^ input external delay
     1    0.004491    0.104330    0.039517   40.039516 ^ rst_n (in)
                                                         rst_n (net)
                      0.104330    0.000000   40.039516 ^ input4/I (gf180mcu_fd_sc_mcu7t5v0__buf_1)
     1    0.005625    0.127592    0.182929   40.222446 ^ input4/Z (gf180mcu_fd_sc_mcu7t5v0__buf_1)
                                                         net4 (net)
                      0.127592    0.000124   40.222572 ^ fanout49/I (gf180mcu_fd_sc_mcu7t5v0__dlyb_1)
     1    0.005658    0.148276    0.740119   40.962692 ^ fanout49/Z (gf180mcu_fd_sc_mcu7t5v0__dlyb_1)
                                                         net49 (net)
                      0.148276    0.000121   40.962811 ^ wire51/I (gf180mcu_fd_sc_mcu7t5v0__buf_1)
     4    0.025445    0.400946    0.356920   41.319733 ^ wire51/Z (gf180mcu_fd_sc_mcu7t5v0__buf_1)
                                                         net51 (net)
                      0.400946    0.000391   41.320122 ^ fanout41/I (gf180mcu_fd_sc_mcu7t5v0__dlyb_1)
     4    0.027617    0.437674    0.950280   42.270401 ^ fanout41/Z (gf180mcu_fd_sc_mcu7t5v0__dlyb_1)
                                                         net41 (net)
                      0.437674    0.000256   42.270657 ^ load_slew44/I (gf180mcu_fd_sc_mcu7t5v0__buf_2)
     3    0.021177    0.184269    0.254868   42.525524 ^ load_slew44/Z (gf180mcu_fd_sc_mcu7t5v0__buf_2)
                                                         net44 (net)
                      0.184269    0.000362   42.525887 ^ _244_/RN (gf180mcu_fd_sc_mcu7t5v0__dffrnq_1)
                                             42.525887   data arrival time

                                200.000000  200.000000   clock clk (rise edge)
                                  0.000000  200.000000   clock source latency
     1    0.036057    0.156044    0.079837  200.079834 ^ clk (in)
                                                         clk (net)
                      0.156052    0.000000  200.079834 ^ clkbuf_0_clk/I (gf180mcu_fd_sc_mcu7t5v0__clkbuf_16)
     8    0.192072    0.206389    0.291479  200.371307 ^ clkbuf_0_clk/Z (gf180mcu_fd_sc_mcu7t5v0__clkbuf_16)
                                                         clknet_0_clk (net)
                      0.206409    0.003027  200.374329 ^ clkbuf_3_7__f_clk/I (gf180mcu_fd_sc_mcu7t5v0__clkbuf_16)
     6    0.027396    0.076802    0.209937  200.584274 ^ clkbuf_3_7__f_clk/Z (gf180mcu_fd_sc_mcu7t5v0__clkbuf_16)
                                                         clknet_3_7__leaf_clk (net)
                      0.076802    0.000227  200.584503 ^ _244_/CLK (gf180mcu_fd_sc_mcu7t5v0__dffrnq_1)
                                 -0.250000  200.334503   clock uncertainty
                                  0.000000  200.334503   clock reconvergence pessimism
                                  0.189364  200.523865   library recovery time
                                            200.523865   data required time
---------------------------------------------------------------------------------------------
                                            200.523865   data required time
                                            -42.525887   data arrival time
---------------------------------------------------------------------------------------------
                                            157.997986   slack (MET)


Startpoint: rst_n (input port clocked by clk)
Endpoint: _245_ (recovery check against rising-edge clock clk)
Path Group: asynchronous
Path Type: max

Fanout         Cap        Slew       Delay        Time   Description
---------------------------------------------------------------------------------------------
                                  0.000000    0.000000   clock clk (rise edge)
                                  0.000000    0.000000   clock network delay (propagated)
                                 40.000000   40.000000 ^ input external delay
     1    0.004491    0.104330    0.039517   40.039516 ^ rst_n (in)
                                                         rst_n (net)
                      0.104330    0.000000   40.039516 ^ input4/I (gf180mcu_fd_sc_mcu7t5v0__buf_1)
     1    0.005625    0.127592    0.182929   40.222446 ^ input4/Z (gf180mcu_fd_sc_mcu7t5v0__buf_1)
                                                         net4 (net)
                      0.127592    0.000124   40.222572 ^ fanout49/I (gf180mcu_fd_sc_mcu7t5v0__dlyb_1)
     1    0.005658    0.148276    0.740119   40.962692 ^ fanout49/Z (gf180mcu_fd_sc_mcu7t5v0__dlyb_1)
                                                         net49 (net)
                      0.148276    0.000121   40.962811 ^ wire51/I (gf180mcu_fd_sc_mcu7t5v0__buf_1)
     4    0.025445    0.400946    0.356920   41.319733 ^ wire51/Z (gf180mcu_fd_sc_mcu7t5v0__buf_1)
                                                         net51 (net)
                      0.400946    0.000391   41.320122 ^ fanout41/I (gf180mcu_fd_sc_mcu7t5v0__dlyb_1)
     4    0.027617    0.437674    0.950280   42.270401 ^ fanout41/Z (gf180mcu_fd_sc_mcu7t5v0__dlyb_1)
                                                         net41 (net)
                      0.437674    0.000256   42.270657 ^ load_slew44/I (gf180mcu_fd_sc_mcu7t5v0__buf_2)
     3    0.021177    0.184269    0.254868   42.525524 ^ load_slew44/Z (gf180mcu_fd_sc_mcu7t5v0__buf_2)
                                                         net44 (net)
                      0.184269    0.000391   42.525917 ^ _245_/RN (gf180mcu_fd_sc_mcu7t5v0__dffrnq_1)
                                             42.525917   data arrival time

                                200.000000  200.000000   clock clk (rise edge)
                                  0.000000  200.000000   clock source latency
     1    0.036057    0.156044    0.079837  200.079834 ^ clk (in)
                                                         clk (net)
                      0.156052    0.000000  200.079834 ^ clkbuf_0_clk/I (gf180mcu_fd_sc_mcu7t5v0__clkbuf_16)
     8    0.192072    0.206389    0.291479  200.371307 ^ clkbuf_0_clk/Z (gf180mcu_fd_sc_mcu7t5v0__clkbuf_16)
                                                         clknet_0_clk (net)
                      0.206409    0.003027  200.374329 ^ clkbuf_3_7__f_clk/I (gf180mcu_fd_sc_mcu7t5v0__clkbuf_16)
     6    0.027396    0.076802    0.209937  200.584274 ^ clkbuf_3_7__f_clk/Z (gf180mcu_fd_sc_mcu7t5v0__clkbuf_16)
                                                         clknet_3_7__leaf_clk (net)
                      0.076802    0.000156  200.584427 ^ _245_/CLK (gf180mcu_fd_sc_mcu7t5v0__dffrnq_1)
                                 -0.250000  200.334427   clock uncertainty
                                  0.000000  200.334427   clock reconvergence pessimism
                                  0.189364  200.523788   library recovery time
                                            200.523788   data required time
---------------------------------------------------------------------------------------------
                                            200.523788   data required time
                                            -42.525917   data arrival time
---------------------------------------------------------------------------------------------
                                            157.997879   slack (MET)


Startpoint: _244_ (rising edge-triggered flip-flop clocked by clk)
Endpoint: latch_phase270_ack (output port clocked by clk)
Path Group: clk
Path Type: max

Fanout         Cap        Slew       Delay        Time   Description
---------------------------------------------------------------------------------------------
                                  0.000000    0.000000   clock clk (rise edge)
                                  0.000000    0.000000   clock source latency
     1    0.036057    0.156044    0.079831    0.079831 ^ clk (in)
                                                         clk (net)
                      0.156052    0.000000    0.079831 ^ clkbuf_0_clk/I (gf180mcu_fd_sc_mcu7t5v0__clkbuf_16)
     8    0.192072    0.206389    0.291489    0.371320 ^ clkbuf_0_clk/Z (gf180mcu_fd_sc_mcu7t5v0__clkbuf_16)
                                                         clknet_0_clk (net)
                      0.206409    0.003026    0.374346 ^ clkbuf_3_7__f_clk/I (gf180mcu_fd_sc_mcu7t5v0__clkbuf_16)
     6    0.027396    0.076802    0.209929    0.584275 ^ clkbuf_3_7__f_clk/Z (gf180mcu_fd_sc_mcu7t5v0__clkbuf_16)
                                                         clknet_3_7__leaf_clk (net)
                      0.076802    0.000227    0.584501 ^ _244_/CLK (gf180mcu_fd_sc_mcu7t5v0__dffrnq_1)
     1    0.005638    0.154072    0.717423    1.301924 ^ _244_/Q (gf180mcu_fd_sc_mcu7t5v0__dffrnq_1)
                                                         net8 (net)
                      0.154072    0.000059    1.301983 ^ output8/I (gf180mcu_fd_sc_mcu7t5v0__buf_2)
     1    0.074733    0.556182    0.447161    1.749144 ^ output8/Z (gf180mcu_fd_sc_mcu7t5v0__buf_2)
                                                         latch_phase270_ack (net)
                      0.556185    0.000840    1.749984 ^ latch_phase270_ack (out)
                                              1.749984   data arrival time

                                200.000000  200.000000   clock clk (rise edge)
                                  0.000000  200.000000   clock network delay (propagated)
                                 -0.250000  199.750000   clock uncertainty
                                  0.000000  199.750000   clock reconvergence pessimism
                                -40.000000  159.749985   output external delay
                                            159.749985   data required time
---------------------------------------------------------------------------------------------
                                            159.749985   data required time
                                             -1.749984   data arrival time
---------------------------------------------------------------------------------------------
                                            158.000015   slack (MET)


Startpoint: _243_ (rising edge-triggered flip-flop clocked by clk)
Endpoint: latch_phase90_ack (output port clocked by clk)
Path Group: clk
Path Type: max

Fanout         Cap        Slew       Delay        Time   Description
---------------------------------------------------------------------------------------------
                                  0.000000    0.000000   clock clk (rise edge)
                                  0.000000    0.000000   clock source latency
     1    0.036057    0.156044    0.079831    0.079831 ^ clk (in)
                                                         clk (net)
                      0.156052    0.000000    0.079831 ^ clkbuf_0_clk/I (gf180mcu_fd_sc_mcu7t5v0__clkbuf_16)
     8    0.192072    0.206389    0.291489    0.371320 ^ clkbuf_0_clk/Z (gf180mcu_fd_sc_mcu7t5v0__clkbuf_16)
                                                         clknet_0_clk (net)
                      0.206398    0.002042    0.373361 ^ clkbuf_3_5__f_clk/I (gf180mcu_fd_sc_mcu7t5v0__clkbuf_16)
     6    0.026659    0.076228    0.209405    0.582766 ^ clkbuf_3_5__f_clk/Z (gf180mcu_fd_sc_mcu7t5v0__clkbuf_16)
                                                         clknet_3_5__leaf_clk (net)
                      0.076229    0.000458    0.583224 ^ _243_/CLK (gf180mcu_fd_sc_mcu7t5v0__dffrnq_1)
     1    0.005298    0.149630    0.714097    1.297320 ^ _243_/Q (gf180mcu_fd_sc_mcu7t5v0__dffrnq_1)
                                                         net9 (net)
                      0.149630    0.000052    1.297373 ^ output9/I (gf180mcu_fd_sc_mcu7t5v0__buf_2)
     1    0.074587    0.555199    0.445774    1.743146 ^ output9/Z (gf180mcu_fd_sc_mcu7t5v0__buf_2)
                                                         latch_phase90_ack (net)
                      0.555202    0.000744    1.743890 ^ latch_phase90_ack (out)
                                              1.743890   data arrival time

                                200.000000  200.000000   clock clk (rise edge)
                                  0.000000  200.000000   clock network delay (propagated)
                                 -0.250000  199.750000   clock uncertainty
                                  0.000000  199.750000   clock reconvergence pessimism
                                -40.000000  159.749985   output external delay
                                            159.749985   data required time
---------------------------------------------------------------------------------------------
                                            159.749985   data required time
                                             -1.743890   data arrival time
---------------------------------------------------------------------------------------------
                                            158.006104   slack (MET)


Startpoint: rst_n (input port clocked by clk)
Endpoint: _241_ (recovery check against rising-edge clock clk)
Path Group: asynchronous
Path Type: max

Fanout         Cap        Slew       Delay        Time   Description
---------------------------------------------------------------------------------------------
                                  0.000000    0.000000   clock clk (rise edge)
                                  0.000000    0.000000   clock network delay (propagated)
                                 40.000000   40.000000 ^ input external delay
     1    0.004491    0.104330    0.039517   40.039516 ^ rst_n (in)
                                                         rst_n (net)
                      0.104330    0.000000   40.039516 ^ input4/I (gf180mcu_fd_sc_mcu7t5v0__buf_1)
     1    0.005625    0.127592    0.182929   40.222446 ^ input4/Z (gf180mcu_fd_sc_mcu7t5v0__buf_1)
                                                         net4 (net)
                      0.127592    0.000124   40.222572 ^ fanout49/I (gf180mcu_fd_sc_mcu7t5v0__dlyb_1)
     1    0.005658    0.148276    0.740119   40.962692 ^ fanout49/Z (gf180mcu_fd_sc_mcu7t5v0__dlyb_1)
                                                         net49 (net)
                      0.148276    0.000121   40.962811 ^ wire51/I (gf180mcu_fd_sc_mcu7t5v0__buf_1)
     4    0.025445    0.400946    0.356920   41.319733 ^ wire51/Z (gf180mcu_fd_sc_mcu7t5v0__buf_1)
                                                         net51 (net)
                      0.400948    0.000419   41.320148 ^ fanout37/I (gf180mcu_fd_sc_mcu7t5v0__dlyb_1)
     3    0.018468    0.315537    0.873722   42.193874 ^ fanout37/Z (gf180mcu_fd_sc_mcu7t5v0__dlyb_1)
                                                         net37 (net)
                      0.315537    0.000369   42.194241 ^ load_slew40/I (gf180mcu_fd_sc_mcu7t5v0__clkbuf_2)
     3    0.024921    0.210725    0.311374   42.505615 ^ load_slew40/Z (gf180mcu_fd_sc_mcu7t5v0__clkbuf_2)
                                                         net40 (net)
                      0.210726    0.000576   42.506191 ^ _241_/RN (gf180mcu_fd_sc_mcu7t5v0__dffrnq_1)
                                             42.506191   data arrival time

                                200.000000  200.000000   clock clk (rise edge)
                                  0.000000  200.000000   clock source latency
     1    0.036057    0.156044    0.079837  200.079834 ^ clk (in)
                                                         clk (net)
                      0.156052    0.000000  200.079834 ^ clkbuf_0_clk/I (gf180mcu_fd_sc_mcu7t5v0__clkbuf_16)
     8    0.192072    0.206389    0.291479  200.371307 ^ clkbuf_0_clk/Z (gf180mcu_fd_sc_mcu7t5v0__clkbuf_16)
                                                         clknet_0_clk (net)
                      0.206393    0.001421  200.372726 ^ clkbuf_3_0__f_clk/I (gf180mcu_fd_sc_mcu7t5v0__clkbuf_16)
     6    0.027601    0.076961    0.210093  200.582825 ^ clkbuf_3_0__f_clk/Z (gf180mcu_fd_sc_mcu7t5v0__clkbuf_16)
                                                         clknet_3_0__leaf_clk (net)
                      0.076961    0.000256  200.583084 ^ _241_/CLK (gf180mcu_fd_sc_mcu7t5v0__dffrnq_1)
                                 -0.250000  200.333084   clock uncertainty
                                  0.000000  200.333084   clock reconvergence pessimism
                                  0.187944  200.521027   library recovery time
                                            200.521027   data required time
---------------------------------------------------------------------------------------------
                                            200.521027   data required time
                                            -42.506191   data arrival time
---------------------------------------------------------------------------------------------
                                            158.014832   slack (MET)


Startpoint: soft_rst_n (input port clocked by clk)
Endpoint: _229_ (rising edge-triggered flip-flop clocked by clk)
Path Group: clk
Path Type: max

Fanout         Cap        Slew       Delay        Time   Description
---------------------------------------------------------------------------------------------
                                  0.000000    0.000000   clock clk (rise edge)
                                  0.000000    0.000000   clock network delay (propagated)
                                 40.000000   40.000000 ^ input external delay
     1    0.004580    0.105568    0.040274   40.040276 ^ soft_rst_n (in)
                                                         soft_rst_n (net)
                      0.105568    0.000000   40.040276 ^ input5/I (gf180mcu_fd_sc_mcu7t5v0__buf_1)
     5    0.027012    0.422723    0.362000   40.402275 ^ input5/Z (gf180mcu_fd_sc_mcu7t5v0__buf_1)
                                                         net5 (net)
                      0.422723    0.000348   40.402622 ^ fanout29/I (gf180mcu_fd_sc_mcu7t5v0__dlyb_1)
     2    0.010521    0.210077    0.807773   41.210396 ^ fanout29/Z (gf180mcu_fd_sc_mcu7t5v0__dlyb_1)
                                                         net29 (net)
                      0.210077    0.000167   41.210564 ^ wire32/I (gf180mcu_fd_sc_mcu7t5v0__buf_1)
     4    0.031070    0.479702    0.412179   41.622742 ^ wire32/Z (gf180mcu_fd_sc_mcu7t5v0__buf_1)
                                                         net32 (net)
                      0.479709    0.001013   41.623756 ^ _150_/A1 (gf180mcu_fd_sc_mcu7t5v0__nand2_1)
     2    0.013568    0.293546    0.207976   41.831730 v _150_/ZN (gf180mcu_fd_sc_mcu7t5v0__nand2_1)
                                                         _060_ (net)
                      0.293546    0.000107   41.831837 v _151_/A2 (gf180mcu_fd_sc_mcu7t5v0__oai21_1)
     1    0.004311    0.241147    0.214310   42.046146 ^ _151_/ZN (gf180mcu_fd_sc_mcu7t5v0__oai21_1)
                                                         _016_ (net)
                      0.241147    0.000085   42.046234 ^ _229_/D (gf180mcu_fd_sc_mcu7t5v0__dffrnq_1)
                                             42.046234   data arrival time

                                200.000000  200.000000   clock clk (rise edge)
                                  0.000000  200.000000   clock source latency
     1    0.036057    0.156044    0.079837  200.079834 ^ clk (in)
                                                         clk (net)
                      0.156052    0.000000  200.079834 ^ clkbuf_0_clk/I (gf180mcu_fd_sc_mcu7t5v0__clkbuf_16)
     8    0.192072    0.206389    0.291479  200.371307 ^ clkbuf_0_clk/Z (gf180mcu_fd_sc_mcu7t5v0__clkbuf_16)
                                                         clknet_0_clk (net)
                      0.206390    0.000909  200.372223 ^ clkbuf_3_1__f_clk/I (gf180mcu_fd_sc_mcu7t5v0__clkbuf_16)
     6    0.031412    0.079918    0.212580  200.584793 ^ clkbuf_3_1__f_clk/Z (gf180mcu_fd_sc_mcu7t5v0__clkbuf_16)
                                                         clknet_3_1__leaf_clk (net)
                      0.079920    0.000753  200.585556 ^ _229_/CLK (gf180mcu_fd_sc_mcu7t5v0__dffrnq_1)
                                 -0.250000  200.335556   clock uncertainty
                                  0.000000  200.335556   clock reconvergence pessimism
                                 -0.272236  200.063324   library setup time
                                            200.063324   data required time
---------------------------------------------------------------------------------------------
                                            200.063324   data required time
                                            -42.046234   data arrival time
---------------------------------------------------------------------------------------------
                                            158.017090   slack (MET)


Startpoint: rst_n (input port clocked by clk)
Endpoint: _230_ (recovery check against rising-edge clock clk)
Path Group: asynchronous
Path Type: max

Fanout         Cap        Slew       Delay        Time   Description
---------------------------------------------------------------------------------------------
                                  0.000000    0.000000   clock clk (rise edge)
                                  0.000000    0.000000   clock network delay (propagated)
                                 40.000000   40.000000 ^ input external delay
     1    0.004491    0.104330    0.039517   40.039516 ^ rst_n (in)
                                                         rst_n (net)
                      0.104330    0.000000   40.039516 ^ input4/I (gf180mcu_fd_sc_mcu7t5v0__buf_1)
     1    0.005625    0.127592    0.182929   40.222446 ^ input4/Z (gf180mcu_fd_sc_mcu7t5v0__buf_1)
                                                         net4 (net)
                      0.127592    0.000124   40.222572 ^ fanout49/I (gf180mcu_fd_sc_mcu7t5v0__dlyb_1)
     1    0.005658    0.148276    0.740119   40.962692 ^ fanout49/Z (gf180mcu_fd_sc_mcu7t5v0__dlyb_1)
                                                         net49 (net)
                      0.148276    0.000121   40.962811 ^ wire51/I (gf180mcu_fd_sc_mcu7t5v0__buf_1)
     4    0.025445    0.400946    0.356920   41.319733 ^ wire51/Z (gf180mcu_fd_sc_mcu7t5v0__buf_1)
                                                         net51 (net)
                      0.400948    0.000419   41.320148 ^ fanout37/I (gf180mcu_fd_sc_mcu7t5v0__dlyb_1)
     3    0.018468    0.315537    0.873722   42.193874 ^ fanout37/Z (gf180mcu_fd_sc_mcu7t5v0__dlyb_1)
                                                         net37 (net)
                      0.315537    0.000369   42.194241 ^ load_slew40/I (gf180mcu_fd_sc_mcu7t5v0__clkbuf_2)
     3    0.024921    0.210725    0.311374   42.505615 ^ load_slew40/Z (gf180mcu_fd_sc_mcu7t5v0__clkbuf_2)
                                                         net40 (net)
                      0.210726    0.000398   42.506016 ^ _230_/RN (gf180mcu_fd_sc_mcu7t5v0__dffrnq_1)
                                             42.506016   data arrival time

                                200.000000  200.000000   clock clk (rise edge)
                                  0.000000  200.000000   clock source latency
     1    0.036057    0.156044    0.079837  200.079834 ^ clk (in)
                                                         clk (net)
                      0.156052    0.000000  200.079834 ^ clkbuf_0_clk/I (gf180mcu_fd_sc_mcu7t5v0__clkbuf_16)
     8    0.192072    0.206389    0.291479  200.371307 ^ clkbuf_0_clk/Z (gf180mcu_fd_sc_mcu7t5v0__clkbuf_16)
                                                         clknet_0_clk (net)
                      0.206390    0.000909  200.372223 ^ clkbuf_3_1__f_clk/I (gf180mcu_fd_sc_mcu7t5v0__clkbuf_16)
     6    0.031412    0.079918    0.212580  200.584793 ^ clkbuf_3_1__f_clk/Z (gf180mcu_fd_sc_mcu7t5v0__clkbuf_16)
                                                         clknet_3_1__leaf_clk (net)
                      0.079921    0.000782  200.585587 ^ _230_/CLK (gf180mcu_fd_sc_mcu7t5v0__dffrnq_1)
                                 -0.250000  200.335587   clock uncertainty
                                  0.000000  200.335587   clock reconvergence pessimism
                                  0.188578  200.524155   library recovery time
                                            200.524155   data required time
---------------------------------------------------------------------------------------------
                                            200.524155   data required time
                                            -42.506016   data arrival time
---------------------------------------------------------------------------------------------
                                            158.018143   slack (MET)


Startpoint: rst_n (input port clocked by clk)
Endpoint: _234_ (recovery check against rising-edge clock clk)
Path Group: asynchronous
Path Type: max

Fanout         Cap        Slew       Delay        Time   Description
---------------------------------------------------------------------------------------------
                                  0.000000    0.000000   clock clk (rise edge)
                                  0.000000    0.000000   clock network delay (propagated)
                                 40.000000   40.000000 ^ input external delay
     1    0.004491    0.104330    0.039517   40.039516 ^ rst_n (in)
                                                         rst_n (net)
                      0.104330    0.000000   40.039516 ^ input4/I (gf180mcu_fd_sc_mcu7t5v0__buf_1)
     1    0.005625    0.127592    0.182929   40.222446 ^ input4/Z (gf180mcu_fd_sc_mcu7t5v0__buf_1)
                                                         net4 (net)
                      0.127592    0.000124   40.222572 ^ fanout49/I (gf180mcu_fd_sc_mcu7t5v0__dlyb_1)
     1    0.005658    0.148276    0.740119   40.962692 ^ fanout49/Z (gf180mcu_fd_sc_mcu7t5v0__dlyb_1)
                                                         net49 (net)
                      0.148276    0.000121   40.962811 ^ wire51/I (gf180mcu_fd_sc_mcu7t5v0__buf_1)
     4    0.025445    0.400946    0.356920   41.319733 ^ wire51/Z (gf180mcu_fd_sc_mcu7t5v0__buf_1)
                                                         net51 (net)
                      0.400948    0.000419   41.320148 ^ fanout37/I (gf180mcu_fd_sc_mcu7t5v0__dlyb_1)
     3    0.018468    0.315537    0.873722   42.193874 ^ fanout37/Z (gf180mcu_fd_sc_mcu7t5v0__dlyb_1)
                                                         net37 (net)
                      0.315537    0.000405   42.194279 ^ load_slew39/I (gf180mcu_fd_sc_mcu7t5v0__clkbuf_2)
     3    0.023354    0.200109    0.304926   42.499203 ^ load_slew39/Z (gf180mcu_fd_sc_mcu7t5v0__clkbuf_2)
                                                         net39 (net)
                      0.200109    0.000387   42.499592 ^ _234_/RN (gf180mcu_fd_sc_mcu7t5v0__dffrnq_1)
                                             42.499592   data arrival time

                                200.000000  200.000000   clock clk (rise edge)
                                  0.000000  200.000000   clock source latency
     1    0.036057    0.156044    0.079837  200.079834 ^ clk (in)
                                                         clk (net)
                      0.156052    0.000000  200.079834 ^ clkbuf_0_clk/I (gf180mcu_fd_sc_mcu7t5v0__clkbuf_16)
     8    0.192072    0.206389    0.291479  200.371307 ^ clkbuf_0_clk/Z (gf180mcu_fd_sc_mcu7t5v0__clkbuf_16)
                                                         clknet_0_clk (net)
                      0.206390    0.000838  200.372147 ^ clkbuf_3_3__f_clk/I (gf180mcu_fd_sc_mcu7t5v0__clkbuf_16)
     6    0.028960    0.078016    0.211017  200.583160 ^ clkbuf_3_3__f_clk/Z (gf180mcu_fd_sc_mcu7t5v0__clkbuf_16)
                                                         clknet_3_3__leaf_clk (net)
                      0.078016    0.000284  200.583450 ^ _234_/CLK (gf180mcu_fd_sc_mcu7t5v0__dffrnq_1)
                                 -0.250000  200.333450   clock uncertainty
                                  0.000000  200.333450   clock reconvergence pessimism
                                  0.188754  200.522202   library recovery time
                                            200.522202   data required time
---------------------------------------------------------------------------------------------
                                            200.522202   data required time
                                            -42.499592   data arrival time
---------------------------------------------------------------------------------------------
                                            158.022598   slack (MET)


Startpoint: rst_n (input port clocked by clk)
Endpoint: _233_ (recovery check against rising-edge clock clk)
Path Group: asynchronous
Path Type: max

Fanout         Cap        Slew       Delay        Time   Description
---------------------------------------------------------------------------------------------
                                  0.000000    0.000000   clock clk (rise edge)
                                  0.000000    0.000000   clock network delay (propagated)
                                 40.000000   40.000000 ^ input external delay
     1    0.004491    0.104330    0.039517   40.039516 ^ rst_n (in)
                                                         rst_n (net)
                      0.104330    0.000000   40.039516 ^ input4/I (gf180mcu_fd_sc_mcu7t5v0__buf_1)
     1    0.005625    0.127592    0.182929   40.222446 ^ input4/Z (gf180mcu_fd_sc_mcu7t5v0__buf_1)
                                                         net4 (net)
                      0.127592    0.000124   40.222572 ^ fanout49/I (gf180mcu_fd_sc_mcu7t5v0__dlyb_1)
     1    0.005658    0.148276    0.740119   40.962692 ^ fanout49/Z (gf180mcu_fd_sc_mcu7t5v0__dlyb_1)
                                                         net49 (net)
                      0.148276    0.000121   40.962811 ^ wire51/I (gf180mcu_fd_sc_mcu7t5v0__buf_1)
     4    0.025445    0.400946    0.356920   41.319733 ^ wire51/Z (gf180mcu_fd_sc_mcu7t5v0__buf_1)
                                                         net51 (net)
                      0.400948    0.000419   41.320148 ^ fanout37/I (gf180mcu_fd_sc_mcu7t5v0__dlyb_1)
     3    0.018468    0.315537    0.873722   42.193874 ^ fanout37/Z (gf180mcu_fd_sc_mcu7t5v0__dlyb_1)
                                                         net37 (net)
                      0.315537    0.000405   42.194279 ^ load_slew39/I (gf180mcu_fd_sc_mcu7t5v0__clkbuf_2)
     3    0.023354    0.200109    0.304926   42.499203 ^ load_slew39/Z (gf180mcu_fd_sc_mcu7t5v0__clkbuf_2)
                                                         net39 (net)
                      0.200109    0.000426   42.499630 ^ _233_/RN (gf180mcu_fd_sc_mcu7t5v0__dffrnq_1)
                                             42.499630   data arrival time

                                200.000000  200.000000   clock clk (rise edge)
                                  0.000000  200.000000   clock source latency
     1    0.036057    0.156044    0.079837  200.079834 ^ clk (in)
                                                         clk (net)
                      0.156052    0.000000  200.079834 ^ clkbuf_0_clk/I (gf180mcu_fd_sc_mcu7t5v0__clkbuf_16)
     8    0.192072    0.206389    0.291479  200.371307 ^ clkbuf_0_clk/Z (gf180mcu_fd_sc_mcu7t5v0__clkbuf_16)
                                                         clknet_0_clk (net)
                      0.206390    0.000909  200.372223 ^ clkbuf_3_1__f_clk/I (gf180mcu_fd_sc_mcu7t5v0__clkbuf_16)
     6    0.031412    0.079918    0.212580  200.584793 ^ clkbuf_3_1__f_clk/Z (gf180mcu_fd_sc_mcu7t5v0__clkbuf_16)
                                                         clknet_3_1__leaf_clk (net)
                      0.079918    0.000028  200.584824 ^ _233_/CLK (gf180mcu_fd_sc_mcu7t5v0__dffrnq_1)
                                 -0.250000  200.334824   clock uncertainty
                                  0.000000  200.334824   clock reconvergence pessimism
                                  0.189162  200.523987   library recovery time
                                            200.523987   data required time
---------------------------------------------------------------------------------------------
                                            200.523987   data required time
                                            -42.499630   data arrival time
---------------------------------------------------------------------------------------------
                                            158.024368   slack (MET)


Startpoint: rst_n (input port clocked by clk)
Endpoint: _256_ (recovery check against rising-edge clock clk)
Path Group: asynchronous
Path Type: max

Fanout         Cap        Slew       Delay        Time   Description
---------------------------------------------------------------------------------------------
                                  0.000000    0.000000   clock clk (rise edge)
                                  0.000000    0.000000   clock network delay (propagated)
                                 40.000000   40.000000 ^ input external delay
     1    0.004491    0.104330    0.039517   40.039516 ^ rst_n (in)
                                                         rst_n (net)
                      0.104330    0.000000   40.039516 ^ input4/I (gf180mcu_fd_sc_mcu7t5v0__buf_1)
     1    0.005625    0.127592    0.182929   40.222446 ^ input4/Z (gf180mcu_fd_sc_mcu7t5v0__buf_1)
                                                         net4 (net)
                      0.127592    0.000124   40.222572 ^ fanout49/I (gf180mcu_fd_sc_mcu7t5v0__dlyb_1)
     1    0.005658    0.148276    0.740119   40.962692 ^ fanout49/Z (gf180mcu_fd_sc_mcu7t5v0__dlyb_1)
                                                         net49 (net)
                      0.148276    0.000121   40.962811 ^ wire51/I (gf180mcu_fd_sc_mcu7t5v0__buf_1)
     4    0.025445    0.400946    0.356920   41.319733 ^ wire51/Z (gf180mcu_fd_sc_mcu7t5v0__buf_1)
                                                         net51 (net)
                      0.400946    0.000391   41.320122 ^ fanout41/I (gf180mcu_fd_sc_mcu7t5v0__dlyb_1)
     4    0.027617    0.437674    0.950280   42.270401 ^ fanout41/Z (gf180mcu_fd_sc_mcu7t5v0__dlyb_1)
                                                         net41 (net)
                      0.437674    0.000313   42.270714 ^ _256_/RN (gf180mcu_fd_sc_mcu7t5v0__dffrnq_1)
                                             42.270714   data arrival time

                                200.000000  200.000000   clock clk (rise edge)
                                  0.000000  200.000000   clock source latency
     1    0.036057    0.156044    0.079837  200.079834 ^ clk (in)
                                                         clk (net)
                      0.156052    0.000000  200.079834 ^ clkbuf_0_clk/I (gf180mcu_fd_sc_mcu7t5v0__clkbuf_16)
     8    0.192072    0.206389    0.291479  200.371307 ^ clkbuf_0_clk/Z (gf180mcu_fd_sc_mcu7t5v0__clkbuf_16)
                                                         clknet_0_clk (net)
                      0.206398    0.002046  200.373352 ^ clkbuf_3_5__f_clk/I (gf180mcu_fd_sc_mcu7t5v0__clkbuf_16)
     6    0.026659    0.076228    0.209411  200.582764 ^ clkbuf_3_5__f_clk/Z (gf180mcu_fd_sc_mcu7t5v0__clkbuf_16)
                                                         clknet_3_5__leaf_clk (net)
                      0.076228    0.000043  200.582809 ^ _256_/CLK (gf180mcu_fd_sc_mcu7t5v0__dffrnq_1)
                                 -0.250000  200.332809   clock uncertainty
                                  0.000000  200.332809   clock reconvergence pessimism
                                  0.172610  200.505417   library recovery time
                                            200.505417   data required time
---------------------------------------------------------------------------------------------
                                            200.505417   data required time
                                            -42.270714   data arrival time
---------------------------------------------------------------------------------------------
                                            158.234695   slack (MET)


Startpoint: rst_n (input port clocked by clk)
Endpoint: _247_ (recovery check against rising-edge clock clk)
Path Group: asynchronous
Path Type: max

Fanout         Cap        Slew       Delay        Time   Description
---------------------------------------------------------------------------------------------
                                  0.000000    0.000000   clock clk (rise edge)
                                  0.000000    0.000000   clock network delay (propagated)
                                 40.000000   40.000000 ^ input external delay
     1    0.004491    0.104330    0.039517   40.039516 ^ rst_n (in)
                                                         rst_n (net)
                      0.104330    0.000000   40.039516 ^ input4/I (gf180mcu_fd_sc_mcu7t5v0__buf_1)
     1    0.005625    0.127592    0.182929   40.222446 ^ input4/Z (gf180mcu_fd_sc_mcu7t5v0__buf_1)
                                                         net4 (net)
                      0.127592    0.000124   40.222572 ^ fanout49/I (gf180mcu_fd_sc_mcu7t5v0__dlyb_1)
     1    0.005658    0.148276    0.740119   40.962692 ^ fanout49/Z (gf180mcu_fd_sc_mcu7t5v0__dlyb_1)
                                                         net49 (net)
                      0.148276    0.000121   40.962811 ^ wire51/I (gf180mcu_fd_sc_mcu7t5v0__buf_1)
     4    0.025445    0.400946    0.356920   41.319733 ^ wire51/Z (gf180mcu_fd_sc_mcu7t5v0__buf_1)
                                                         net51 (net)
                      0.400946    0.000391   41.320122 ^ fanout41/I (gf180mcu_fd_sc_mcu7t5v0__dlyb_1)
     4    0.027617    0.437674    0.950280   42.270401 ^ fanout41/Z (gf180mcu_fd_sc_mcu7t5v0__dlyb_1)
                                                         net41 (net)
                      0.437674    0.000302   42.270702 ^ _247_/RN (gf180mcu_fd_sc_mcu7t5v0__dffrnq_1)
                                             42.270702   data arrival time

                                200.000000  200.000000   clock clk (rise edge)
                                  0.000000  200.000000   clock source latency
     1    0.036057    0.156044    0.079837  200.079834 ^ clk (in)
                                                         clk (net)
                      0.156052    0.000000  200.079834 ^ clkbuf_0_clk/I (gf180mcu_fd_sc_mcu7t5v0__clkbuf_16)
     8    0.192072    0.206389    0.291479  200.371307 ^ clkbuf_0_clk/Z (gf180mcu_fd_sc_mcu7t5v0__clkbuf_16)
                                                         clknet_0_clk (net)
                      0.206409    0.003027  200.374329 ^ clkbuf_3_7__f_clk/I (gf180mcu_fd_sc_mcu7t5v0__clkbuf_16)
     6    0.027396    0.076802    0.209937  200.584274 ^ clkbuf_3_7__f_clk/Z (gf180mcu_fd_sc_mcu7t5v0__clkbuf_16)
                                                         clknet_3_7__leaf_clk (net)
                      0.076802    0.000227  200.584503 ^ _247_/CLK (gf180mcu_fd_sc_mcu7t5v0__dffrnq_1)
                                 -0.250000  200.334503   clock uncertainty
                                  0.000000  200.334503   clock reconvergence pessimism
                                  0.172728  200.507233   library recovery time
                                            200.507233   data required time
---------------------------------------------------------------------------------------------
                                            200.507233   data required time
                                            -42.270702   data arrival time
---------------------------------------------------------------------------------------------
                                            158.236542   slack (MET)


Startpoint: rst_n (input port clocked by clk)
Endpoint: _243_ (recovery check against rising-edge clock clk)
Path Group: asynchronous
Path Type: max

Fanout         Cap        Slew       Delay        Time   Description
---------------------------------------------------------------------------------------------
                                  0.000000    0.000000   clock clk (rise edge)
                                  0.000000    0.000000   clock network delay (propagated)
                                 40.000000   40.000000 ^ input external delay
     1    0.004491    0.104330    0.039517   40.039516 ^ rst_n (in)
                                                         rst_n (net)
                      0.104330    0.000000   40.039516 ^ input4/I (gf180mcu_fd_sc_mcu7t5v0__buf_1)
     1    0.005625    0.127592    0.182929   40.222446 ^ input4/Z (gf180mcu_fd_sc_mcu7t5v0__buf_1)
                                                         net4 (net)
                      0.127592    0.000124   40.222572 ^ fanout49/I (gf180mcu_fd_sc_mcu7t5v0__dlyb_1)
     1    0.005658    0.148276    0.740119   40.962692 ^ fanout49/Z (gf180mcu_fd_sc_mcu7t5v0__dlyb_1)
                                                         net49 (net)
                      0.148276    0.000121   40.962811 ^ wire51/I (gf180mcu_fd_sc_mcu7t5v0__buf_1)
     4    0.025445    0.400946    0.356920   41.319733 ^ wire51/Z (gf180mcu_fd_sc_mcu7t5v0__buf_1)
                                                         net51 (net)
                      0.400946    0.000277   41.320007 ^ fanout45/I (gf180mcu_fd_sc_mcu7t5v0__dlyb_1)
     3    0.021403    0.354692    0.898336   42.218346 ^ fanout45/Z (gf180mcu_fd_sc_mcu7t5v0__dlyb_1)
                                                         net45 (net)
                      0.354692    0.000316   42.218658 ^ _243_/RN (gf180mcu_fd_sc_mcu7t5v0__dffrnq_1)
                                             42.218658   data arrival time

                                200.000000  200.000000   clock clk (rise edge)
                                  0.000000  200.000000   clock source latency
     1    0.036057    0.156044    0.079837  200.079834 ^ clk (in)
                                                         clk (net)
                      0.156052    0.000000  200.079834 ^ clkbuf_0_clk/I (gf180mcu_fd_sc_mcu7t5v0__clkbuf_16)
     8    0.192072    0.206389    0.291479  200.371307 ^ clkbuf_0_clk/Z (gf180mcu_fd_sc_mcu7t5v0__clkbuf_16)
                                                         clknet_0_clk (net)
                      0.206398    0.002046  200.373352 ^ clkbuf_3_5__f_clk/I (gf180mcu_fd_sc_mcu7t5v0__clkbuf_16)
     6    0.026659    0.076228    0.209411  200.582764 ^ clkbuf_3_5__f_clk/Z (gf180mcu_fd_sc_mcu7t5v0__clkbuf_16)
                                                         clknet_3_5__leaf_clk (net)
                      0.076229    0.000455  200.583221 ^ _243_/CLK (gf180mcu_fd_sc_mcu7t5v0__dffrnq_1)
                                 -0.250000  200.333221   clock uncertainty
                                  0.000000  200.333221   clock reconvergence pessimism
                                  0.179878  200.513107   library recovery time
                                            200.513107   data required time
---------------------------------------------------------------------------------------------
                                            200.513107   data required time
                                            -42.218658   data arrival time
---------------------------------------------------------------------------------------------
                                            158.294449   slack (MET)


Startpoint: rst_n (input port clocked by clk)
Endpoint: _255_ (recovery check against rising-edge clock clk)
Path Group: asynchronous
Path Type: max

Fanout         Cap        Slew       Delay        Time   Description
---------------------------------------------------------------------------------------------
                                  0.000000    0.000000   clock clk (rise edge)
                                  0.000000    0.000000   clock network delay (propagated)
                                 40.000000   40.000000 ^ input external delay
     1    0.004491    0.104330    0.039517   40.039516 ^ rst_n (in)
                                                         rst_n (net)
                      0.104330    0.000000   40.039516 ^ input4/I (gf180mcu_fd_sc_mcu7t5v0__buf_1)
     1    0.005625    0.127592    0.182929   40.222446 ^ input4/Z (gf180mcu_fd_sc_mcu7t5v0__buf_1)
                                                         net4 (net)
                      0.127592    0.000124   40.222572 ^ fanout49/I (gf180mcu_fd_sc_mcu7t5v0__dlyb_1)
     1    0.005658    0.148276    0.740119   40.962692 ^ fanout49/Z (gf180mcu_fd_sc_mcu7t5v0__dlyb_1)
                                                         net49 (net)
                      0.148276    0.000121   40.962811 ^ wire51/I (gf180mcu_fd_sc_mcu7t5v0__buf_1)
     4    0.025445    0.400946    0.356920   41.319733 ^ wire51/Z (gf180mcu_fd_sc_mcu7t5v0__buf_1)
                                                         net51 (net)
                      0.400946    0.000277   41.320007 ^ fanout45/I (gf180mcu_fd_sc_mcu7t5v0__dlyb_1)
     3    0.021403    0.354692    0.898336   42.218346 ^ fanout45/Z (gf180mcu_fd_sc_mcu7t5v0__dlyb_1)
                                                         net45 (net)
                      0.354692    0.000306   42.218651 ^ _255_/RN (gf180mcu_fd_sc_mcu7t5v0__dffrnq_1)
                                             42.218651   data arrival time

                                200.000000  200.000000   clock clk (rise edge)
                                  0.000000  200.000000   clock source latency
     1    0.036057    0.156044    0.079837  200.079834 ^ clk (in)
                                                         clk (net)
                      0.156052    0.000000  200.079834 ^ clkbuf_0_clk/I (gf180mcu_fd_sc_mcu7t5v0__clkbuf_16)
     8    0.192072    0.206389    0.291479  200.371307 ^ clkbuf_0_clk/Z (gf180mcu_fd_sc_mcu7t5v0__clkbuf_16)
                                                         clknet_0_clk (net)
                      0.206398    0.002046  200.373352 ^ clkbuf_3_5__f_clk/I (gf180mcu_fd_sc_mcu7t5v0__clkbuf_16)
     6    0.026659    0.076228    0.209411  200.582764 ^ clkbuf_3_5__f_clk/Z (gf180mcu_fd_sc_mcu7t5v0__clkbuf_16)
                                                         clknet_3_5__leaf_clk (net)
                      0.076229    0.000355  200.583115 ^ _255_/CLK (gf180mcu_fd_sc_mcu7t5v0__dffrnq_1)
                                 -0.250000  200.333130   clock uncertainty
                                  0.000000  200.333130   clock reconvergence pessimism
                                  0.179878  200.513000   library recovery time
                                            200.513000   data required time
---------------------------------------------------------------------------------------------
                                            200.513000   data required time
                                            -42.218651   data arrival time
---------------------------------------------------------------------------------------------
                                            158.294357   slack (MET)


Startpoint: rst_n (input port clocked by clk)
Endpoint: _229_ (recovery check against rising-edge clock clk)
Path Group: asynchronous
Path Type: max

Fanout         Cap        Slew       Delay        Time   Description
---------------------------------------------------------------------------------------------
                                  0.000000    0.000000   clock clk (rise edge)
                                  0.000000    0.000000   clock network delay (propagated)
                                 40.000000   40.000000 ^ input external delay
     1    0.004491    0.104330    0.039517   40.039516 ^ rst_n (in)
                                                         rst_n (net)
                      0.104330    0.000000   40.039516 ^ input4/I (gf180mcu_fd_sc_mcu7t5v0__buf_1)
     1    0.005625    0.127592    0.182929   40.222446 ^ input4/Z (gf180mcu_fd_sc_mcu7t5v0__buf_1)
                                                         net4 (net)
                      0.127592    0.000124   40.222572 ^ fanout49/I (gf180mcu_fd_sc_mcu7t5v0__dlyb_1)
     1    0.005658    0.148276    0.740119   40.962692 ^ fanout49/Z (gf180mcu_fd_sc_mcu7t5v0__dlyb_1)
                                                         net49 (net)
                      0.148276    0.000121   40.962811 ^ wire51/I (gf180mcu_fd_sc_mcu7t5v0__buf_1)
     4    0.025445    0.400946    0.356920   41.319733 ^ wire51/Z (gf180mcu_fd_sc_mcu7t5v0__buf_1)
                                                         net51 (net)
                      0.400948    0.000419   41.320148 ^ fanout37/I (gf180mcu_fd_sc_mcu7t5v0__dlyb_1)
     3    0.018468    0.315537    0.873722   42.193874 ^ fanout37/Z (gf180mcu_fd_sc_mcu7t5v0__dlyb_1)
                                                         net37 (net)
                      0.315537    0.000401   42.194275 ^ _229_/RN (gf180mcu_fd_sc_mcu7t5v0__dffrnq_1)
                                             42.194275   data arrival time

                                200.000000  200.000000   clock clk (rise edge)
                                  0.000000  200.000000   clock source latency
     1    0.036057    0.156044    0.079837  200.079834 ^ clk (in)
                                                         clk (net)
                      0.156052    0.000000  200.079834 ^ clkbuf_0_clk/I (gf180mcu_fd_sc_mcu7t5v0__clkbuf_16)
     8    0.192072    0.206389    0.291479  200.371307 ^ clkbuf_0_clk/Z (gf180mcu_fd_sc_mcu7t5v0__clkbuf_16)
                                                         clknet_0_clk (net)
                      0.206390    0.000909  200.372223 ^ clkbuf_3_1__f_clk/I (gf180mcu_fd_sc_mcu7t5v0__clkbuf_16)
     6    0.031412    0.079918    0.212580  200.584793 ^ clkbuf_3_1__f_clk/Z (gf180mcu_fd_sc_mcu7t5v0__clkbuf_16)
                                                         clknet_3_1__leaf_clk (net)
                      0.079920    0.000753  200.585556 ^ _229_/CLK (gf180mcu_fd_sc_mcu7t5v0__dffrnq_1)
                                 -0.250000  200.335556   clock uncertainty
                                  0.000000  200.335556   clock reconvergence pessimism
                                  0.182807  200.518356   library recovery time
                                            200.518356   data required time
---------------------------------------------------------------------------------------------
                                            200.518356   data required time
                                            -42.194275   data arrival time
---------------------------------------------------------------------------------------------
                                            158.324081   slack (MET)


Startpoint: rst_n (input port clocked by clk)
Endpoint: _224_ (recovery check against rising-edge clock clk)
Path Group: asynchronous
Path Type: max

Fanout         Cap        Slew       Delay        Time   Description
---------------------------------------------------------------------------------------------
                                  0.000000    0.000000   clock clk (rise edge)
                                  0.000000    0.000000   clock network delay (propagated)
                                 40.000000   40.000000 ^ input external delay
     1    0.004491    0.104330    0.039517   40.039516 ^ rst_n (in)
                                                         rst_n (net)
                      0.104330    0.000000   40.039516 ^ input4/I (gf180mcu_fd_sc_mcu7t5v0__buf_1)
     1    0.005625    0.127592    0.182929   40.222446 ^ input4/Z (gf180mcu_fd_sc_mcu7t5v0__buf_1)
                                                         net4 (net)
                      0.127592    0.000124   40.222572 ^ fanout49/I (gf180mcu_fd_sc_mcu7t5v0__dlyb_1)
     1    0.005658    0.148276    0.740119   40.962692 ^ fanout49/Z (gf180mcu_fd_sc_mcu7t5v0__dlyb_1)
                                                         net49 (net)
                      0.148276    0.000121   40.962811 ^ wire51/I (gf180mcu_fd_sc_mcu7t5v0__buf_1)
     4    0.025445    0.400946    0.356920   41.319733 ^ wire51/Z (gf180mcu_fd_sc_mcu7t5v0__buf_1)
                                                         net51 (net)
                      0.400948    0.000455   41.320187 ^ wire50/I (gf180mcu_fd_sc_mcu7t5v0__clkbuf_2)
     3    0.029283    0.241395    0.344478   41.664665 ^ wire50/Z (gf180mcu_fd_sc_mcu7t5v0__clkbuf_2)
                                                         net50 (net)
                      0.241396    0.000508   41.665173 ^ _224_/RN (gf180mcu_fd_sc_mcu7t5v0__dffrnq_1)
                                             41.665173   data arrival time

                                200.000000  200.000000   clock clk (rise edge)
                                  0.000000  200.000000   clock source latency
     1    0.036057    0.156044    0.079837  200.079834 ^ clk (in)
                                                         clk (net)
                      0.156052    0.000000  200.079834 ^ clkbuf_0_clk/I (gf180mcu_fd_sc_mcu7t5v0__clkbuf_16)
     8    0.192072    0.206389    0.291479  200.371307 ^ clkbuf_0_clk/Z (gf180mcu_fd_sc_mcu7t5v0__clkbuf_16)
                                                         clknet_0_clk (net)
                      0.206390    0.000838  200.372147 ^ clkbuf_3_3__f_clk/I (gf180mcu_fd_sc_mcu7t5v0__clkbuf_16)
     6    0.028960    0.078016    0.211017  200.583160 ^ clkbuf_3_3__f_clk/Z (gf180mcu_fd_sc_mcu7t5v0__clkbuf_16)
                                                         clknet_3_3__leaf_clk (net)
                      0.078016    0.000213  200.583374 ^ _224_/CLK (gf180mcu_fd_sc_mcu7t5v0__dffrnq_1)
                                 -0.250000  200.333374   clock uncertainty
                                  0.000000  200.333374   clock reconvergence pessimism
                                  0.186483  200.519867   library recovery time
                                            200.519867   data required time
---------------------------------------------------------------------------------------------
                                            200.519867   data required time
                                            -41.665173   data arrival time
---------------------------------------------------------------------------------------------
                                            158.854691   slack (MET)


Startpoint: rst_n (input port clocked by clk)
Endpoint: _225_ (recovery check against rising-edge clock clk)
Path Group: asynchronous
Path Type: max

Fanout         Cap        Slew       Delay        Time   Description
---------------------------------------------------------------------------------------------
                                  0.000000    0.000000   clock clk (rise edge)
                                  0.000000    0.000000   clock network delay (propagated)
                                 40.000000   40.000000 ^ input external delay
     1    0.004491    0.104330    0.039517   40.039516 ^ rst_n (in)
                                                         rst_n (net)
                      0.104330    0.000000   40.039516 ^ input4/I (gf180mcu_fd_sc_mcu7t5v0__buf_1)
     1    0.005625    0.127592    0.182929   40.222446 ^ input4/Z (gf180mcu_fd_sc_mcu7t5v0__buf_1)
                                                         net4 (net)
                      0.127592    0.000124   40.222572 ^ fanout49/I (gf180mcu_fd_sc_mcu7t5v0__dlyb_1)
     1    0.005658    0.148276    0.740119   40.962692 ^ fanout49/Z (gf180mcu_fd_sc_mcu7t5v0__dlyb_1)
                                                         net49 (net)
                      0.148276    0.000121   40.962811 ^ wire51/I (gf180mcu_fd_sc_mcu7t5v0__buf_1)
     4    0.025445    0.400946    0.356920   41.319733 ^ wire51/Z (gf180mcu_fd_sc_mcu7t5v0__buf_1)
                                                         net51 (net)
                      0.400948    0.000455   41.320187 ^ wire50/I (gf180mcu_fd_sc_mcu7t5v0__clkbuf_2)
     3    0.029283    0.241395    0.344478   41.664665 ^ wire50/Z (gf180mcu_fd_sc_mcu7t5v0__clkbuf_2)
                                                         net50 (net)
                      0.241396    0.000401   41.665066 ^ _225_/RN (gf180mcu_fd_sc_mcu7t5v0__dffrnq_1)
                                             41.665066   data arrival time

                                200.000000  200.000000   clock clk (rise edge)
                                  0.000000  200.000000   clock source latency
     1    0.036057    0.156044    0.079837  200.079834 ^ clk (in)
                                                         clk (net)
                      0.156052    0.000000  200.079834 ^ clkbuf_0_clk/I (gf180mcu_fd_sc_mcu7t5v0__clkbuf_16)
     8    0.192072    0.206389    0.291479  200.371307 ^ clkbuf_0_clk/Z (gf180mcu_fd_sc_mcu7t5v0__clkbuf_16)
                                                         clknet_0_clk (net)
                      0.206413    0.003340  200.374649 ^ clkbuf_3_6__f_clk/I (gf180mcu_fd_sc_mcu7t5v0__clkbuf_16)
     6    0.026024    0.075736    0.209042  200.583694 ^ clkbuf_3_6__f_clk/Z (gf180mcu_fd_sc_mcu7t5v0__clkbuf_16)
                                                         clknet_3_6__leaf_clk (net)
                      0.075736    0.000071  200.583755 ^ _225_/CLK (gf180mcu_fd_sc_mcu7t5v0__dffrnq_1)
                                 -0.250000  200.333771   clock uncertainty
                                  0.000000  200.333771   clock reconvergence pessimism
                                  0.185998  200.519760   library recovery time
                                            200.519760   data required time
---------------------------------------------------------------------------------------------
                                            200.519760   data required time
                                            -41.665066   data arrival time
---------------------------------------------------------------------------------------------
                                            158.854691   slack (MET)


Startpoint: rst_n (input port clocked by clk)
Endpoint: _246_ (recovery check against rising-edge clock clk)
Path Group: asynchronous
Path Type: max

Fanout         Cap        Slew       Delay        Time   Description
---------------------------------------------------------------------------------------------
                                  0.000000    0.000000   clock clk (rise edge)
                                  0.000000    0.000000   clock network delay (propagated)
                                 40.000000   40.000000 ^ input external delay
     1    0.004491    0.104330    0.039517   40.039516 ^ rst_n (in)
                                                         rst_n (net)
                      0.104330    0.000000   40.039516 ^ input4/I (gf180mcu_fd_sc_mcu7t5v0__buf_1)
     1    0.005625    0.127592    0.182929   40.222446 ^ input4/Z (gf180mcu_fd_sc_mcu7t5v0__buf_1)
                                                         net4 (net)
                      0.127592    0.000124   40.222572 ^ fanout49/I (gf180mcu_fd_sc_mcu7t5v0__dlyb_1)
     1    0.005658    0.148276    0.740119   40.962692 ^ fanout49/Z (gf180mcu_fd_sc_mcu7t5v0__dlyb_1)
                                                         net49 (net)
                      0.148276    0.000121   40.962811 ^ wire51/I (gf180mcu_fd_sc_mcu7t5v0__buf_1)
     4    0.025445    0.400946    0.356920   41.319733 ^ wire51/Z (gf180mcu_fd_sc_mcu7t5v0__buf_1)
                                                         net51 (net)
                      0.400948    0.000455   41.320187 ^ wire50/I (gf180mcu_fd_sc_mcu7t5v0__clkbuf_2)
     3    0.029283    0.241395    0.344478   41.664665 ^ wire50/Z (gf180mcu_fd_sc_mcu7t5v0__clkbuf_2)
                                                         net50 (net)
                      0.241396    0.000284   41.664948 ^ _246_/RN (gf180mcu_fd_sc_mcu7t5v0__dffrnq_1)
                                             41.664948   data arrival time

                                200.000000  200.000000   clock clk (rise edge)
                                  0.000000  200.000000   clock source latency
     1    0.036057    0.156044    0.079837  200.079834 ^ clk (in)
                                                         clk (net)
                      0.156052    0.000000  200.079834 ^ clkbuf_0_clk/I (gf180mcu_fd_sc_mcu7t5v0__clkbuf_16)
     8    0.192072    0.206389    0.291479  200.371307 ^ clkbuf_0_clk/Z (gf180mcu_fd_sc_mcu7t5v0__clkbuf_16)
                                                         clknet_0_clk (net)
                      0.206413    0.003340  200.374649 ^ clkbuf_3_6__f_clk/I (gf180mcu_fd_sc_mcu7t5v0__clkbuf_16)
     6    0.026024    0.075736    0.209042  200.583694 ^ clkbuf_3_6__f_clk/Z (gf180mcu_fd_sc_mcu7t5v0__clkbuf_16)
                                                         clknet_3_6__leaf_clk (net)
                      0.075736    0.000156  200.583847 ^ _246_/CLK (gf180mcu_fd_sc_mcu7t5v0__dffrnq_1)
                                 -0.250000  200.333847   clock uncertainty
                                  0.000000  200.333847   clock reconvergence pessimism
                                  0.185998  200.519836   library recovery time
                                            200.519836   data required time
---------------------------------------------------------------------------------------------
                                            200.519836   data required time
                                            -41.664948   data arrival time
---------------------------------------------------------------------------------------------
                                            158.854889   slack (MET)


Startpoint: soft_rst_n (input port clocked by clk)
Endpoint: _244_ (rising edge-triggered flip-flop clocked by clk)
Path Group: clk
Path Type: max

Fanout         Cap        Slew       Delay        Time   Description
---------------------------------------------------------------------------------------------
                                  0.000000    0.000000   clock clk (rise edge)
                                  0.000000    0.000000   clock network delay (propagated)
                                 40.000000   40.000000 ^ input external delay
     1    0.004580    0.105568    0.040274   40.040276 ^ soft_rst_n (in)
                                                         soft_rst_n (net)
                      0.105568    0.000000   40.040276 ^ input5/I (gf180mcu_fd_sc_mcu7t5v0__buf_1)
     5    0.027012    0.422723    0.362000   40.402275 ^ input5/Z (gf180mcu_fd_sc_mcu7t5v0__buf_1)
                                                         net5 (net)
                      0.422726    0.000583   40.402859 ^ _128_/A1 (gf180mcu_fd_sc_mcu7t5v0__and2_1)
     1    0.005276    0.138865    0.280266   40.683125 ^ _128_/Z (gf180mcu_fd_sc_mcu7t5v0__and2_1)
                                                         _004_ (net)
                      0.138865    0.000110   40.683235 ^ _244_/D (gf180mcu_fd_sc_mcu7t5v0__dffrnq_1)
                                             40.683235   data arrival time

                                200.000000  200.000000   clock clk (rise edge)
                                  0.000000  200.000000   clock source latency
     1    0.036057    0.156044    0.079837  200.079834 ^ clk (in)
                                                         clk (net)
                      0.156052    0.000000  200.079834 ^ clkbuf_0_clk/I (gf180mcu_fd_sc_mcu7t5v0__clkbuf_16)
     8    0.192072    0.206389    0.291479  200.371307 ^ clkbuf_0_clk/Z (gf180mcu_fd_sc_mcu7t5v0__clkbuf_16)
                                                         clknet_0_clk (net)
                      0.206409    0.003027  200.374329 ^ clkbuf_3_7__f_clk/I (gf180mcu_fd_sc_mcu7t5v0__clkbuf_16)
     6    0.027396    0.076802    0.209937  200.584274 ^ clkbuf_3_7__f_clk/Z (gf180mcu_fd_sc_mcu7t5v0__clkbuf_16)
                                                         clknet_3_7__leaf_clk (net)
                      0.076802    0.000227  200.584503 ^ _244_/CLK (gf180mcu_fd_sc_mcu7t5v0__dffrnq_1)
                                 -0.250000  200.334503   clock uncertainty
                                  0.000000  200.334503   clock reconvergence pessimism
                                 -0.253796  200.080719   library setup time
                                            200.080719   data required time
---------------------------------------------------------------------------------------------
                                            200.080719   data required time
                                            -40.683235   data arrival time
---------------------------------------------------------------------------------------------
                                            159.397476   slack (MET)


Startpoint: soft_rst_n (input port clocked by clk)
Endpoint: _247_ (rising edge-triggered flip-flop clocked by clk)
Path Group: clk
Path Type: max

Fanout         Cap        Slew       Delay        Time   Description
---------------------------------------------------------------------------------------------
                                  0.000000    0.000000   clock clk (rise edge)
                                  0.000000    0.000000   clock network delay (propagated)
                                 40.000000   40.000000 ^ input external delay
     1    0.004580    0.105568    0.040274   40.040276 ^ soft_rst_n (in)
                                                         soft_rst_n (net)
                      0.105568    0.000000   40.040276 ^ input5/I (gf180mcu_fd_sc_mcu7t5v0__buf_1)
     5    0.027012    0.422723    0.362000   40.402275 ^ input5/Z (gf180mcu_fd_sc_mcu7t5v0__buf_1)
                                                         net5 (net)
                      0.422727    0.000700   40.402973 ^ _126_/A1 (gf180mcu_fd_sc_mcu7t5v0__and2_1)
     1    0.005125    0.136954    0.278945   40.681919 ^ _126_/Z (gf180mcu_fd_sc_mcu7t5v0__and2_1)
                                                         _002_ (net)
                      0.136954    0.000060   40.681980 ^ _247_/D (gf180mcu_fd_sc_mcu7t5v0__dffrnq_1)
                                             40.681980   data arrival time

                                200.000000  200.000000   clock clk (rise edge)
                                  0.000000  200.000000   clock source latency
     1    0.036057    0.156044    0.079837  200.079834 ^ clk (in)
                                                         clk (net)
                      0.156052    0.000000  200.079834 ^ clkbuf_0_clk/I (gf180mcu_fd_sc_mcu7t5v0__clkbuf_16)
     8    0.192072    0.206389    0.291479  200.371307 ^ clkbuf_0_clk/Z (gf180mcu_fd_sc_mcu7t5v0__clkbuf_16)
                                                         clknet_0_clk (net)
                      0.206409    0.003027  200.374329 ^ clkbuf_3_7__f_clk/I (gf180mcu_fd_sc_mcu7t5v0__clkbuf_16)
     6    0.027396    0.076802    0.209937  200.584274 ^ clkbuf_3_7__f_clk/Z (gf180mcu_fd_sc_mcu7t5v0__clkbuf_16)
                                                         clknet_3_7__leaf_clk (net)
                      0.076802    0.000227  200.584503 ^ _247_/CLK (gf180mcu_fd_sc_mcu7t5v0__dffrnq_1)
                                 -0.250000  200.334503   clock uncertainty
                                  0.000000  200.334503   clock reconvergence pessimism
                                 -0.253398  200.081116   library setup time
                                            200.081116   data required time
---------------------------------------------------------------------------------------------
                                            200.081116   data required time
                                            -40.681980   data arrival time
---------------------------------------------------------------------------------------------
                                            159.399124   slack (MET)


Startpoint: soft_rst_n (input port clocked by clk)
Endpoint: _248_ (rising edge-triggered flip-flop clocked by clk)
Path Group: clk
Path Type: max

Fanout         Cap        Slew       Delay        Time   Description
---------------------------------------------------------------------------------------------
                                  0.000000    0.000000   clock clk (rise edge)
                                  0.000000    0.000000   clock network delay (propagated)
                                 40.000000   40.000000 ^ input external delay
     1    0.004580    0.105568    0.040274   40.040276 ^ soft_rst_n (in)
                                                         soft_rst_n (net)
                      0.105568    0.000000   40.040276 ^ input5/I (gf180mcu_fd_sc_mcu7t5v0__buf_1)
     5    0.027012    0.422723    0.362000   40.402275 ^ input5/Z (gf180mcu_fd_sc_mcu7t5v0__buf_1)
                                                         net5 (net)
                      0.422726    0.000625   40.402901 ^ _127_/A1 (gf180mcu_fd_sc_mcu7t5v0__and2_1)
     1    0.003918    0.121571    0.268191   40.671089 ^ _127_/Z (gf180mcu_fd_sc_mcu7t5v0__and2_1)
                                                         _003_ (net)
                      0.121571    0.000043   40.671135 ^ _248_/D (gf180mcu_fd_sc_mcu7t5v0__dffrnq_1)
                                             40.671135   data arrival time

                                200.000000  200.000000   clock clk (rise edge)
                                  0.000000  200.000000   clock source latency
     1    0.036057    0.156044    0.079837  200.079834 ^ clk (in)
                                                         clk (net)
                      0.156052    0.000000  200.079834 ^ clkbuf_0_clk/I (gf180mcu_fd_sc_mcu7t5v0__clkbuf_16)
     8    0.192072    0.206389    0.291479  200.371307 ^ clkbuf_0_clk/Z (gf180mcu_fd_sc_mcu7t5v0__clkbuf_16)
                                                         clknet_0_clk (net)
                      0.206409    0.003027  200.374329 ^ clkbuf_3_7__f_clk/I (gf180mcu_fd_sc_mcu7t5v0__clkbuf_16)
     6    0.027396    0.076802    0.209937  200.584274 ^ clkbuf_3_7__f_clk/Z (gf180mcu_fd_sc_mcu7t5v0__clkbuf_16)
                                                         clknet_3_7__leaf_clk (net)
                      0.076802    0.000369  200.584641 ^ _248_/CLK (gf180mcu_fd_sc_mcu7t5v0__dffrnq_1)
                                 -0.250000  200.334641   clock uncertainty
                                  0.000000  200.334641   clock reconvergence pessimism
                                 -0.250191  200.084442   library setup time
                                            200.084442   data required time
---------------------------------------------------------------------------------------------
                                            200.084442   data required time
                                            -40.671135   data arrival time
---------------------------------------------------------------------------------------------
                                            159.413315   slack (MET)


Startpoint: soft_rst_n (input port clocked by clk)
Endpoint: _246_ (rising edge-triggered flip-flop clocked by clk)
Path Group: clk
Path Type: max

Fanout         Cap        Slew       Delay        Time   Description
---------------------------------------------------------------------------------------------
                                  0.000000    0.000000   clock clk (rise edge)
                                  0.000000    0.000000   clock network delay (propagated)
                                 40.000000   40.000000 ^ input external delay
     1    0.004580    0.105568    0.040274   40.040276 ^ soft_rst_n (in)
                                                         soft_rst_n (net)
                      0.105568    0.000000   40.040276 ^ input5/I (gf180mcu_fd_sc_mcu7t5v0__buf_1)
     5    0.027012    0.422723    0.362000   40.402275 ^ input5/Z (gf180mcu_fd_sc_mcu7t5v0__buf_1)
                                                         net5 (net)
                      0.422727    0.000661   40.402935 ^ _125_/A1 (gf180mcu_fd_sc_mcu7t5v0__and2_1)
     1    0.003524    0.116551    0.264681   40.667618 ^ _125_/Z (gf180mcu_fd_sc_mcu7t5v0__and2_1)
                                                         _001_ (net)
                      0.116551    0.000036   40.667652 ^ _246_/D (gf180mcu_fd_sc_mcu7t5v0__dffrnq_1)
                                             40.667652   data arrival time

                                200.000000  200.000000   clock clk (rise edge)
                                  0.000000  200.000000   clock source latency
     1    0.036057    0.156044    0.079837  200.079834 ^ clk (in)
                                                         clk (net)
                      0.156052    0.000000  200.079834 ^ clkbuf_0_clk/I (gf180mcu_fd_sc_mcu7t5v0__clkbuf_16)
     8    0.192072    0.206389    0.291479  200.371307 ^ clkbuf_0_clk/Z (gf180mcu_fd_sc_mcu7t5v0__clkbuf_16)
                                                         clknet_0_clk (net)
                      0.206413    0.003340  200.374649 ^ clkbuf_3_6__f_clk/I (gf180mcu_fd_sc_mcu7t5v0__clkbuf_16)
     6    0.026024    0.075736    0.209042  200.583694 ^ clkbuf_3_6__f_clk/Z (gf180mcu_fd_sc_mcu7t5v0__clkbuf_16)
                                                         clknet_3_6__leaf_clk (net)
                      0.075736    0.000156  200.583847 ^ _246_/CLK (gf180mcu_fd_sc_mcu7t5v0__dffrnq_1)
                                 -0.250000  200.333847   clock uncertainty
                                  0.000000  200.333847   clock reconvergence pessimism
                                 -0.249370  200.084473   library setup time
                                            200.084473   data required time
---------------------------------------------------------------------------------------------
                                            200.084473   data required time
                                            -40.667652   data arrival time
---------------------------------------------------------------------------------------------
                                            159.416840   slack (MET)



%OL_END_REPORT
%OL_CREATE_REPORT checks.rpt

===========================================================================
report_checks -unconstrained
===========================================================================
======================= min_ff_n40C_3v60 Corner ===================================

Startpoint: rst_n (input port clocked by clk)
Endpoint: _216_ (recovery check against rising-edge clock clk)
Path Group: asynchronous
Path Type: max

Fanout         Cap        Slew       Delay        Time   Description
---------------------------------------------------------------------------------------------
                                  0.000000    0.000000   clock clk (rise edge)
                                  0.000000    0.000000   clock network delay (propagated)
                                 40.000000   40.000000 ^ input external delay
     1    0.004491    0.104330    0.039517   40.039516 ^ rst_n (in)
                                                         rst_n (net)
                      0.104330    0.000000   40.039516 ^ input4/I (gf180mcu_fd_sc_mcu7t5v0__buf_1)
     1    0.005625    0.127592    0.182929   40.222446 ^ input4/Z (gf180mcu_fd_sc_mcu7t5v0__buf_1)
                                                         net4 (net)
                      0.127592    0.000124   40.222572 ^ fanout49/I (gf180mcu_fd_sc_mcu7t5v0__dlyb_1)
     1    0.005658    0.148276    0.740119   40.962692 ^ fanout49/Z (gf180mcu_fd_sc_mcu7t5v0__dlyb_1)
                                                         net49 (net)
                      0.148276    0.000121   40.962811 ^ wire51/I (gf180mcu_fd_sc_mcu7t5v0__buf_1)
     4    0.025445    0.400946    0.356920   41.319733 ^ wire51/Z (gf180mcu_fd_sc_mcu7t5v0__buf_1)
                                                         net51 (net)
                      0.400948    0.000419   41.320148 ^ fanout37/I (gf180mcu_fd_sc_mcu7t5v0__dlyb_1)
     3    0.018468    0.315537    0.873722   42.193874 ^ fanout37/Z (gf180mcu_fd_sc_mcu7t5v0__dlyb_1)
                                                         net37 (net)
                      0.315537    0.000405   42.194279 ^ load_slew39/I (gf180mcu_fd_sc_mcu7t5v0__clkbuf_2)
     3    0.023354    0.200109    0.304926   42.499203 ^ load_slew39/Z (gf180mcu_fd_sc_mcu7t5v0__clkbuf_2)
                                                         net39 (net)
                      0.200109    0.000405   42.499607 ^ fanout33/I (gf180mcu_fd_sc_mcu7t5v0__dlyb_1)
     3    0.024201    0.391430    0.908614   43.408222 ^ fanout33/Z (gf180mcu_fd_sc_mcu7t5v0__dlyb_1)
                                                         net33 (net)
                      0.391430    0.000199   43.408421 ^ load_slew36/I (gf180mcu_fd_sc_mcu7t5v0__buf_2)
     3    0.021401    0.185261    0.252015   43.660435 ^ load_slew36/Z (gf180mcu_fd_sc_mcu7t5v0__buf_2)
                                                         net36 (net)
                      0.185262    0.000359   43.660797 ^ wire35/I (gf180mcu_fd_sc_mcu7t5v0__buf_1)
     4    0.030995    0.478889    0.409649   44.070446 ^ wire35/Z (gf180mcu_fd_sc_mcu7t5v0__buf_1)
                                                         net35 (net)
                      0.478889    0.000473   44.070915 ^ load_slew34/I (gf180mcu_fd_sc_mcu7t5v0__clkbuf_2)
     3    0.026798    0.225583    0.343960   44.414875 ^ load_slew34/Z (gf180mcu_fd_sc_mcu7t5v0__clkbuf_2)
                                                         net34 (net)
                      0.225584    0.000487   44.415363 ^ _216_/RN (gf180mcu_fd_sc_mcu7t5v0__dffrnq_1)
                                             44.415363   data arrival time

                                200.000000  200.000000   clock clk (rise edge)
                                  0.000000  200.000000   clock source latency
     1    0.036057    0.156044    0.079837  200.079834 ^ clk (in)
                                                         clk (net)
                      0.156052    0.000000  200.079834 ^ clkbuf_0_clk/I (gf180mcu_fd_sc_mcu7t5v0__clkbuf_16)
     8    0.192072    0.206389    0.291479  200.371307 ^ clkbuf_0_clk/Z (gf180mcu_fd_sc_mcu7t5v0__clkbuf_16)
                                                         clknet_0_clk (net)
                      0.206392    0.001180  200.372482 ^ clkbuf_3_2__f_clk/I (gf180mcu_fd_sc_mcu7t5v0__clkbuf_16)
     6    0.026285    0.075938    0.209184  200.581665 ^ clkbuf_3_2__f_clk/Z (gf180mcu_fd_sc_mcu7t5v0__clkbuf_16)
                                                         clknet_3_2__leaf_clk (net)
                      0.075938    0.000284  200.581955 ^ _216_/CLK (gf180mcu_fd_sc_mcu7t5v0__dffrnq_1)
                                 -0.250000  200.331955   clock uncertainty
                                  0.000000  200.331955   clock reconvergence pessimism
                                  0.186909  200.518875   library recovery time
                                            200.518875   data required time
---------------------------------------------------------------------------------------------
                                            200.518875   data required time
                                            -44.415363   data arrival time
---------------------------------------------------------------------------------------------
                                            156.103516   slack (MET)


Startpoint: soft_rst_n (input port clocked by clk)
Endpoint: _242_ (rising edge-triggered flip-flop clocked by clk)
Path Group: clk
Path Type: max

Fanout         Cap        Slew       Delay        Time   Description
---------------------------------------------------------------------------------------------
                                  0.000000    0.000000   clock clk (rise edge)
                                  0.000000    0.000000   clock network delay (propagated)
                                 40.000000   40.000000 ^ input external delay
     1    0.004580    0.105568    0.040274   40.040276 ^ soft_rst_n (in)
                                                         soft_rst_n (net)
                      0.105568    0.000000   40.040276 ^ input5/I (gf180mcu_fd_sc_mcu7t5v0__buf_1)
     5    0.027012    0.422723    0.362000   40.402275 ^ input5/Z (gf180mcu_fd_sc_mcu7t5v0__buf_1)
                                                         net5 (net)
                      0.422723    0.000348   40.402622 ^ fanout29/I (gf180mcu_fd_sc_mcu7t5v0__dlyb_1)
     2    0.010521    0.210077    0.807773   41.210396 ^ fanout29/Z (gf180mcu_fd_sc_mcu7t5v0__dlyb_1)
                                                         net29 (net)
                      0.210077    0.000167   41.210564 ^ wire32/I (gf180mcu_fd_sc_mcu7t5v0__buf_1)
     4    0.031070    0.479702    0.412179   41.622742 ^ wire32/Z (gf180mcu_fd_sc_mcu7t5v0__buf_1)
                                                         net32 (net)
                      0.479708    0.000956   41.623699 ^ load_slew31/I (gf180mcu_fd_sc_mcu7t5v0__clkbuf_2)
     4    0.030912    0.253349    0.361066   41.984764 ^ load_slew31/Z (gf180mcu_fd_sc_mcu7t5v0__clkbuf_2)
                                                         net31 (net)
                      0.253350    0.000490   41.985252 ^ load_slew30/I (gf180mcu_fd_sc_mcu7t5v0__clkbuf_1)
     3    0.024614    0.383996    0.363102   42.348354 ^ load_slew30/Z (gf180mcu_fd_sc_mcu7t5v0__clkbuf_1)
                                                         net30 (net)
                      0.383996    0.000359   42.348713 ^ _108_/I (gf180mcu_fd_sc_mcu7t5v0__clkinv_1)
     4    0.025004    0.357021    0.303086   42.651798 v _108_/ZN (gf180mcu_fd_sc_mcu7t5v0__clkinv_1)
                                                         _101_ (net)
                      0.357021    0.000199   42.652000 v _142_/A1 (gf180mcu_fd_sc_mcu7t5v0__nor2_1)
     2    0.009906    0.356758    0.301224   42.953224 ^ _142_/ZN (gf180mcu_fd_sc_mcu7t5v0__nor2_1)
                                                         _054_ (net)
                      0.356758    0.000121   42.953342 ^ fanout21/I (gf180mcu_fd_sc_mcu7t5v0__dlyb_1)
     4    0.024224    0.392102    0.918906   43.872250 ^ fanout21/Z (gf180mcu_fd_sc_mcu7t5v0__dlyb_1)
                                                         net21 (net)
                      0.392102    0.000352   43.872601 ^ load_slew23/I (gf180mcu_fd_sc_mcu7t5v0__buf_2)
     3    0.023413    0.198206    0.260336   44.132938 ^ load_slew23/Z (gf180mcu_fd_sc_mcu7t5v0__buf_2)
                                                         net23 (net)
                      0.198207    0.000718   44.133656 ^ _180_/A2 (gf180mcu_fd_sc_mcu7t5v0__nand2_1)
     3    0.017843    0.299688    0.196597   44.330250 v _180_/ZN (gf180mcu_fd_sc_mcu7t5v0__nand2_1)
                                                         _080_ (net)
                      0.299688    0.000266   44.330517 v _191_/A2 (gf180mcu_fd_sc_mcu7t5v0__oai31_1)
     1    0.004311    0.446936    0.355232   44.685749 ^ _191_/ZN (gf180mcu_fd_sc_mcu7t5v0__oai31_1)
                                                         _029_ (net)
                      0.446936    0.000085   44.685837 ^ _242_/D (gf180mcu_fd_sc_mcu7t5v0__dffrnq_1)
                                             44.685837   data arrival time

                                200.000000  200.000000   clock clk (rise edge)
                                  0.000000  200.000000   clock source latency
     1    0.036057    0.156044    0.079837  200.079834 ^ clk (in)
                                                         clk (net)
                      0.156052    0.000000  200.079834 ^ clkbuf_0_clk/I (gf180mcu_fd_sc_mcu7t5v0__clkbuf_16)
     8    0.192072    0.206389    0.291479  200.371307 ^ clkbuf_0_clk/Z (gf180mcu_fd_sc_mcu7t5v0__clkbuf_16)
                                                         clknet_0_clk (net)
                      0.206393    0.001421  200.372726 ^ clkbuf_3_0__f_clk/I (gf180mcu_fd_sc_mcu7t5v0__clkbuf_16)
     6    0.027601    0.076961    0.210093  200.582825 ^ clkbuf_3_0__f_clk/Z (gf180mcu_fd_sc_mcu7t5v0__clkbuf_16)
                                                         clknet_3_0__leaf_clk (net)
                      0.076961    0.000313  200.583130 ^ _242_/CLK (gf180mcu_fd_sc_mcu7t5v0__dffrnq_1)
                                 -0.250000  200.333145   clock uncertainty
                                  0.000000  200.333145   clock reconvergence pessimism
                                 -0.305931  200.027206   library setup time
                                            200.027206   data required time
---------------------------------------------------------------------------------------------
                                            200.027206   data required time
                                            -44.685837   data arrival time
---------------------------------------------------------------------------------------------
                                            155.341370   slack (MET)




===========================================================================
report_checks --slack_max -0.01
============================================================================
======================= min_ff_n40C_3v60 Corner ===================================

No paths found.


===========================================================================
 report_check_types -max_slew -max_cap -max_fanout -violators
============================================================================
======================= min_ff_n40C_3v60 Corner ===================================



===========================================================================
report_parasitic_annotation -report_unannotated
============================================================================
Found 7 unannotated drivers.
 clkload0/Z
 clkload1/Z
 clkload2/Z
 clkload3/Z
 clkload4/Z
 clkload5/Z
 clkload6/Z
Found 0 partially unannotated drivers.

===========================================================================
max slew violation count 0
%OL_METRIC_I design__max_slew_violation__count__corner:min_ff_n40C_3v60 0
max fanout violation count 0
%OL_METRIC_I design__max_fanout_violation__count__corner:min_ff_n40C_3v60 0
max cap violation count 0
%OL_METRIC_I design__max_cap_violation__count__corner:min_ff_n40C_3v60 0
============================================================================

===========================================================================
check_setup -verbose -unconstrained_endpoints -multiple_clock -no_clock -no_input_delay -loops -generated_clocks
===========================================================================
%OL_END_REPORT
%OL_CREATE_REPORT power.rpt

===========================================================================
 report_power
============================================================================
======================= min_ff_n40C_3v60 Corner ===================================

Group                    Internal    Switching      Leakage        Total
                            Power        Power        Power        Power (Watts)
------------------------------------------------------------------------
Sequential           5.713959e-05 2.325420e-07 9.299640e-09 5.738144e-05  33.6%
Combinational        2.617930e-06 3.196494e-06 9.466321e-09 5.823891e-06   3.4%
Clock                8.076522e-05 2.672479e-05 1.713330e-08 1.075071e-04  63.0%
Macro                0.000000e+00 0.000000e+00 0.000000e+00 0.000000e+00   0.0%
Pad                  0.000000e+00 0.000000e+00 0.000000e+00 0.000000e+00   0.0%
------------------------------------------------------------------------
Total                1.405227e-04 3.015382e-05 3.589927e-08 1.707124e-04 100.0%
                            82.3%        17.7%         0.0%
%OL_METRIC_F power__internal__total 0.00014052267943043262
%OL_METRIC_F power__switching__total 3.0153823900036514e-5
%OL_METRIC_F power__leakage__total 3.589926578229097e-8
%OL_METRIC_F power__total 0.0001707124029053375

%OL_END_REPORT
%OL_CREATE_REPORT skew.min.rpt

===========================================================================
Clock Skew (Hold)
============================================================================
%OL_METRIC_F clock__skew__worst_hold__corner:min_ff_n40C_3v60 -0.25366401364064456
======================= min_ff_n40C_3v60 Corner ===================================

Clock clk
0.581920 source latency _252_/CLK ^
-0.585584 target latency _230_/CLK ^
-0.250000 clock uncertainty
0.000000 CRPR
--------------
-0.253664 hold skew

%OL_END_REPORT
%OL_CREATE_REPORT skew.max.rpt

===========================================================================
Clock Skew (Setup)
============================================================================
%OL_METRIC_F clock__skew__worst_setup__corner:min_ff_n40C_3v60 0.2537652104722012
======================= min_ff_n40C_3v60 Corner ===================================

Clock clk
0.585584 source latency _230_/CLK ^
-0.581818 target latency _221_/CLK ^
0.250000 clock uncertainty
0.000000 CRPR
--------------
0.253765 setup skew

%OL_END_REPORT
%OL_CREATE_REPORT ws.min.rpt

===========================================================================
Worst Slack (Hold)
============================================================================
%OL_METRIC_F timing__hold__ws__corner:min_ff_n40C_3v60 0.4366453988637311
min_ff_n40C_3v60: 0.4366453988637311
%OL_END_REPORT
%OL_CREATE_REPORT ws.max.rpt

===========================================================================
Worst Slack (Setup)
============================================================================
%OL_METRIC_F timing__setup__ws__corner:min_ff_n40C_3v60 155.34137260651175
min_ff_n40C_3v60: 155.34137260651175
%OL_END_REPORT
%OL_CREATE_REPORT tns.min.rpt

===========================================================================
Total Negative Slack (Hold)
============================================================================
%OL_METRIC_F timing__hold__tns__corner:min_ff_n40C_3v60 0.0
min_ff_n40C_3v60: 0.0
%OL_END_REPORT
%OL_CREATE_REPORT tns.max.rpt

===========================================================================
Total Negative Slack (Setup)
============================================================================
%OL_METRIC_F timing__setup__tns__corner:min_ff_n40C_3v60 0.0
min_ff_n40C_3v60: 0.0
%OL_END_REPORT
%OL_CREATE_REPORT wns.min.rpt

===========================================================================
Worst Negative Slack (Hold)
============================================================================
%OL_METRIC_F timing__hold__wns__corner:min_ff_n40C_3v60 0
min_ff_n40C_3v60: 0
%OL_END_REPORT
%OL_CREATE_REPORT wns.max.rpt

===========================================================================
Worst Negative Slack (Setup)
============================================================================
%OL_METRIC_F timing__setup__wns__corner:min_ff_n40C_3v60 0.0
min_ff_n40C_3v60: 0.0
%OL_END_REPORT
%OL_CREATE_REPORT violator_list.rpt

===========================================================================
Violator List
============================================================================
%OL_METRIC_I timing__hold_vio__count__corner:min_ff_n40C_3v60 0
%OL_METRIC_F timing__hold_r2r__ws__corner:min_ff_n40C_3v60 0.436645
%OL_METRIC_I timing__hold_r2r_vio__count__corner:min_ff_n40C_3v60 0
%OL_METRIC_I timing__setup_vio__count__corner:min_ff_n40C_3v60 0
%OL_METRIC_F timing__setup_r2r__ws__corner:min_ff_n40C_3v60 inf
%OL_METRIC_I timing__setup_r2r_vio__count__corner:min_ff_n40C_3v60 0
%OL_END_REPORT
%OL_CREATE_REPORT unpropagated.rpt
%OL_END_REPORT
%OL_CREATE_REPORT clock.rpt
Clock: clk
Sources: clk 
Generated: no
Virtual: yes
Propagated: no
Period: 200.000000

===========================================================================
report_clock_properties
============================================================================
Clock                   Period          Waveform
----------------------------------------------------
clk                 200.000000    0.000000100.000000

===========================================================================
report_clock_latency
============================================================================
Clock clk
rise -> rise
    min     max
0.000000 0.000000 source latency
0.581818         network latency _221_/CLK
        0.585584 network latency _230_/CLK
---------------
0.581818 0.585584 latency
        0.003765 skew

fall -> fall
    min     max
0.000000 0.000000 source latency
0.545988         network latency _221_/CLK
        0.549939 network latency _230_/CLK
---------------
0.545988 0.549939 latency
        0.003951 skew



===========================================================================
report_clock_min_period
============================================================================
clk period_min = 4.66 fmax = 214.46
%OL_END_REPORT
Writing SDF files for all corners…
Removing Clock latencies before writing libs…
Writing timing models for all corners…
Writing timing models for the min_ff_n40C_3v60 corner to /workspace/librelane/runs/RUN_2026-08-10_00-05-58/55-openroad-stapostpnr/min_ff_n40C_3v60/signal_processor__min_ff_n40C_3v60.lib…
