
Cell gf180mcu_fd_sc_mcu7t5v0__fillcap_4 (0) disconnected node: VDD
Cell gf180mcu_fd_sc_mcu7t5v0__fillcap_4 (0) disconnected node: VNW
Cell gf180mcu_fd_sc_mcu7t5v0__fillcap_4 (0) disconnected node: VPW
Cell gf180mcu_fd_sc_mcu7t5v0__fillcap_4 (0) disconnected node: VSS

Subcircuit pins:
Circuit 1: gf180mcu_fd_sc_mcu7t5v0__fillca |Circuit 2: gf180mcu_fd_sc_mcu7t5v0__fillca 
-------------------------------------------|-------------------------------------------
VDD                                        |VDD                                        
VNW                                        |VNW                                        
VPW                                        |VPW                                        
VSS                                        |VSS                                        
---------------------------------------------------------------------------------------
Cell pin lists are equivalent.
Device classes gf180mcu_fd_sc_mcu7t5v0__fillcap_4 and gf180mcu_fd_sc_mcu7t5v0__fillcap_4 are equivalent.

Cell gf180mcu_fd_sc_mcu7t5v0__fillcap_8 (0) disconnected node: VDD
Cell gf180mcu_fd_sc_mcu7t5v0__fillcap_8 (0) disconnected node: VNW
Cell gf180mcu_fd_sc_mcu7t5v0__fillcap_8 (0) disconnected node: VPW
Cell gf180mcu_fd_sc_mcu7t5v0__fillcap_8 (0) disconnected node: VSS

Subcircuit pins:
Circuit 1: gf180mcu_fd_sc_mcu7t5v0__fillca |Circuit 2: gf180mcu_fd_sc_mcu7t5v0__fillca 
-------------------------------------------|-------------------------------------------
VDD                                        |VDD                                        
VNW                                        |VNW                                        
VPW                                        |VPW                                        
VSS                                        |VSS                                        
---------------------------------------------------------------------------------------
Cell pin lists are equivalent.
Device classes gf180mcu_fd_sc_mcu7t5v0__fillcap_8 and gf180mcu_fd_sc_mcu7t5v0__fillcap_8 are equivalent.

Cell gf180mcu_fd_sc_mcu7t5v0__dlyb_1 (0) disconnected node: I
Cell gf180mcu_fd_sc_mcu7t5v0__dlyb_1 (0) disconnected node: Z
Cell gf180mcu_fd_sc_mcu7t5v0__dlyb_1 (0) disconnected node: VDD
Cell gf180mcu_fd_sc_mcu7t5v0__dlyb_1 (0) disconnected node: VNW
Cell gf180mcu_fd_sc_mcu7t5v0__dlyb_1 (0) disconnected node: VPW
Cell gf180mcu_fd_sc_mcu7t5v0__dlyb_1 (0) disconnected node: VSS

Subcircuit pins:
Circuit 1: gf180mcu_fd_sc_mcu7t5v0__dlyb_1 |Circuit 2: gf180mcu_fd_sc_mcu7t5v0__dlyb_1 
-------------------------------------------|-------------------------------------------
I                                          |I                                          
Z                                          |Z                                          
VDD                                        |VDD                                        
VNW                                        |VNW                                        
VPW                                        |VPW                                        
VSS                                        |VSS                                        
---------------------------------------------------------------------------------------
Cell pin lists are equivalent.
Device classes gf180mcu_fd_sc_mcu7t5v0__dlyb_1 and gf180mcu_fd_sc_mcu7t5v0__dlyb_1 are equivalent.

Cell gf180mcu_fd_sc_mcu7t5v0__nor3_4 (0) disconnected node: A1
Cell gf180mcu_fd_sc_mcu7t5v0__nor3_4 (0) disconnected node: A2
Cell gf180mcu_fd_sc_mcu7t5v0__nor3_4 (0) disconnected node: A3
Cell gf180mcu_fd_sc_mcu7t5v0__nor3_4 (0) disconnected node: ZN
Cell gf180mcu_fd_sc_mcu7t5v0__nor3_4 (0) disconnected node: VDD
Cell gf180mcu_fd_sc_mcu7t5v0__nor3_4 (0) disconnected node: VNW
Cell gf180mcu_fd_sc_mcu7t5v0__nor3_4 (0) disconnected node: VPW
Cell gf180mcu_fd_sc_mcu7t5v0__nor3_4 (0) disconnected node: VSS

Subcircuit pins:
Circuit 1: gf180mcu_fd_sc_mcu7t5v0__nor3_4 |Circuit 2: gf180mcu_fd_sc_mcu7t5v0__nor3_4 
-------------------------------------------|-------------------------------------------
A1                                         |A1                                         
A2                                         |A2                                         
A3                                         |A3                                         
ZN                                         |ZN                                         
VDD                                        |VDD                                        
VNW                                        |VNW                                        
VPW                                        |VPW                                        
VSS                                        |VSS                                        
---------------------------------------------------------------------------------------
Cell pin lists are equivalent.
Device classes gf180mcu_fd_sc_mcu7t5v0__nor3_4 and gf180mcu_fd_sc_mcu7t5v0__nor3_4 are equivalent.

Cell gf180mcu_fd_sc_mcu7t5v0__fillcap_32 (0) disconnected node: VDD
Cell gf180mcu_fd_sc_mcu7t5v0__fillcap_32 (0) disconnected node: VNW
Cell gf180mcu_fd_sc_mcu7t5v0__fillcap_32 (0) disconnected node: VPW
Cell gf180mcu_fd_sc_mcu7t5v0__fillcap_32 (0) disconnected node: VSS

Subcircuit pins:
Circuit 1: gf180mcu_fd_sc_mcu7t5v0__fillca |Circuit 2: gf180mcu_fd_sc_mcu7t5v0__fillca 
-------------------------------------------|-------------------------------------------
VDD                                        |VDD                                        
VNW                                        |VNW                                        
VPW                                        |VPW                                        
VSS                                        |VSS                                        
---------------------------------------------------------------------------------------
Cell pin lists are equivalent.
Device classes gf180mcu_fd_sc_mcu7t5v0__fillcap_32 and gf180mcu_fd_sc_mcu7t5v0__fillcap_32 are equivalent.

Cell gf180mcu_fd_sc_mcu7t5v0__nor3_2 (0) disconnected node: A1
Cell gf180mcu_fd_sc_mcu7t5v0__nor3_2 (0) disconnected node: A2
Cell gf180mcu_fd_sc_mcu7t5v0__nor3_2 (0) disconnected node: A3
Cell gf180mcu_fd_sc_mcu7t5v0__nor3_2 (0) disconnected node: ZN
Cell gf180mcu_fd_sc_mcu7t5v0__nor3_2 (0) disconnected node: VDD
Cell gf180mcu_fd_sc_mcu7t5v0__nor3_2 (0) disconnected node: VNW
Cell gf180mcu_fd_sc_mcu7t5v0__nor3_2 (0) disconnected node: VPW
Cell gf180mcu_fd_sc_mcu7t5v0__nor3_2 (0) disconnected node: VSS

Subcircuit pins:
Circuit 1: gf180mcu_fd_sc_mcu7t5v0__nor3_2 |Circuit 2: gf180mcu_fd_sc_mcu7t5v0__nor3_2 
-------------------------------------------|-------------------------------------------
A1                                         |A1                                         
A2                                         |A2                                         
A3                                         |A3                                         
ZN                                         |ZN                                         
VDD                                        |VDD                                        
VNW                                        |VNW                                        
VPW                                        |VPW                                        
VSS                                        |VSS                                        
---------------------------------------------------------------------------------------
Cell pin lists are equivalent.
Device classes gf180mcu_fd_sc_mcu7t5v0__nor3_2 and gf180mcu_fd_sc_mcu7t5v0__nor3_2 are equivalent.

Cell gf180mcu_fd_sc_mcu7t5v0__buf_2 (0) disconnected node: I
Cell gf180mcu_fd_sc_mcu7t5v0__buf_2 (0) disconnected node: Z
Cell gf180mcu_fd_sc_mcu7t5v0__buf_2 (0) disconnected node: VDD
Cell gf180mcu_fd_sc_mcu7t5v0__buf_2 (0) disconnected node: VNW
Cell gf180mcu_fd_sc_mcu7t5v0__buf_2 (0) disconnected node: VPW
Cell gf180mcu_fd_sc_mcu7t5v0__buf_2 (0) disconnected node: VSS

Subcircuit pins:
Circuit 1: gf180mcu_fd_sc_mcu7t5v0__buf_2  |Circuit 2: gf180mcu_fd_sc_mcu7t5v0__buf_2  
-------------------------------------------|-------------------------------------------
I                                          |I                                          
Z                                          |Z                                          
VDD                                        |VDD                                        
VNW                                        |VNW                                        
VPW                                        |VPW                                        
VSS                                        |VSS                                        
---------------------------------------------------------------------------------------
Cell pin lists are equivalent.
Device classes gf180mcu_fd_sc_mcu7t5v0__buf_2 and gf180mcu_fd_sc_mcu7t5v0__buf_2 are equivalent.

Cell gf180mcu_fd_sc_mcu7t5v0__dffrnq_1 (0) disconnected node: D
Cell gf180mcu_fd_sc_mcu7t5v0__dffrnq_1 (0) disconnected node: RN
Cell gf180mcu_fd_sc_mcu7t5v0__dffrnq_1 (0) disconnected node: CLK
Cell gf180mcu_fd_sc_mcu7t5v0__dffrnq_1 (0) disconnected node: Q
Cell gf180mcu_fd_sc_mcu7t5v0__dffrnq_1 (0) disconnected node: VDD
Cell gf180mcu_fd_sc_mcu7t5v0__dffrnq_1 (0) disconnected node: VNW
Cell gf180mcu_fd_sc_mcu7t5v0__dffrnq_1 (0) disconnected node: VPW
Cell gf180mcu_fd_sc_mcu7t5v0__dffrnq_1 (0) disconnected node: VSS

Subcircuit pins:
Circuit 1: gf180mcu_fd_sc_mcu7t5v0__dffrnq |Circuit 2: gf180mcu_fd_sc_mcu7t5v0__dffrnq 
-------------------------------------------|-------------------------------------------
D                                          |D                                          
RN                                         |RN                                         
CLK                                        |CLK                                        
Q                                          |Q                                          
VDD                                        |VDD                                        
VNW                                        |VNW                                        
VPW                                        |VPW                                        
VSS                                        |VSS                                        
---------------------------------------------------------------------------------------
Cell pin lists are equivalent.
Device classes gf180mcu_fd_sc_mcu7t5v0__dffrnq_1 and gf180mcu_fd_sc_mcu7t5v0__dffrnq_1 are equivalent.

Cell gf180mcu_fd_sc_mcu7t5v0__mux2_2 (0) disconnected node: I0
Cell gf180mcu_fd_sc_mcu7t5v0__mux2_2 (0) disconnected node: I1
Cell gf180mcu_fd_sc_mcu7t5v0__mux2_2 (0) disconnected node: S
Cell gf180mcu_fd_sc_mcu7t5v0__mux2_2 (0) disconnected node: Z
Cell gf180mcu_fd_sc_mcu7t5v0__mux2_2 (0) disconnected node: VDD
Cell gf180mcu_fd_sc_mcu7t5v0__mux2_2 (0) disconnected node: VNW
Cell gf180mcu_fd_sc_mcu7t5v0__mux2_2 (0) disconnected node: VPW
Cell gf180mcu_fd_sc_mcu7t5v0__mux2_2 (0) disconnected node: VSS

Subcircuit pins:
Circuit 1: gf180mcu_fd_sc_mcu7t5v0__mux2_2 |Circuit 2: gf180mcu_fd_sc_mcu7t5v0__mux2_2 
-------------------------------------------|-------------------------------------------
I0                                         |I0                                         
I1                                         |I1                                         
S                                          |S                                          
Z                                          |Z                                          
VDD                                        |VDD                                        
VNW                                        |VNW                                        
VPW                                        |VPW                                        
VSS                                        |VSS                                        
---------------------------------------------------------------------------------------
Cell pin lists are equivalent.
Device classes gf180mcu_fd_sc_mcu7t5v0__mux2_2 and gf180mcu_fd_sc_mcu7t5v0__mux2_2 are equivalent.

Cell gf180mcu_fd_sc_mcu7t5v0__fillcap_64 (0) disconnected node: VDD
Cell gf180mcu_fd_sc_mcu7t5v0__fillcap_64 (0) disconnected node: VNW
Cell gf180mcu_fd_sc_mcu7t5v0__fillcap_64 (0) disconnected node: VPW
Cell gf180mcu_fd_sc_mcu7t5v0__fillcap_64 (0) disconnected node: VSS

Subcircuit pins:
Circuit 1: gf180mcu_fd_sc_mcu7t5v0__fillca |Circuit 2: gf180mcu_fd_sc_mcu7t5v0__fillca 
-------------------------------------------|-------------------------------------------
VDD                                        |VDD                                        
VNW                                        |VNW                                        
VPW                                        |VPW                                        
VSS                                        |VSS                                        
---------------------------------------------------------------------------------------
Cell pin lists are equivalent.
Device classes gf180mcu_fd_sc_mcu7t5v0__fillcap_64 and gf180mcu_fd_sc_mcu7t5v0__fillcap_64 are equivalent.

Cell gf180mcu_fd_sc_mcu7t5v0__nand2_1 (0) disconnected node: A1
Cell gf180mcu_fd_sc_mcu7t5v0__nand2_1 (0) disconnected node: A2
Cell gf180mcu_fd_sc_mcu7t5v0__nand2_1 (0) disconnected node: ZN
Cell gf180mcu_fd_sc_mcu7t5v0__nand2_1 (0) disconnected node: VDD
Cell gf180mcu_fd_sc_mcu7t5v0__nand2_1 (0) disconnected node: VNW
Cell gf180mcu_fd_sc_mcu7t5v0__nand2_1 (0) disconnected node: VPW
Cell gf180mcu_fd_sc_mcu7t5v0__nand2_1 (0) disconnected node: VSS

Subcircuit pins:
Circuit 1: gf180mcu_fd_sc_mcu7t5v0__nand2_ |Circuit 2: gf180mcu_fd_sc_mcu7t5v0__nand2_ 
-------------------------------------------|-------------------------------------------
A1                                         |A1                                         
A2                                         |A2                                         
ZN                                         |ZN                                         
VDD                                        |VDD                                        
VNW                                        |VNW                                        
VPW                                        |VPW                                        
VSS                                        |VSS                                        
---------------------------------------------------------------------------------------
Cell pin lists are equivalent.
Device classes gf180mcu_fd_sc_mcu7t5v0__nand2_1 and gf180mcu_fd_sc_mcu7t5v0__nand2_1 are equivalent.

Cell gf180mcu_fd_sc_mcu7t5v0__nand2_4 (0) disconnected node: A1
Cell gf180mcu_fd_sc_mcu7t5v0__nand2_4 (0) disconnected node: A2
Cell gf180mcu_fd_sc_mcu7t5v0__nand2_4 (0) disconnected node: ZN
Cell gf180mcu_fd_sc_mcu7t5v0__nand2_4 (0) disconnected node: VDD
Cell gf180mcu_fd_sc_mcu7t5v0__nand2_4 (0) disconnected node: VNW
Cell gf180mcu_fd_sc_mcu7t5v0__nand2_4 (0) disconnected node: VPW
Cell gf180mcu_fd_sc_mcu7t5v0__nand2_4 (0) disconnected node: VSS

Subcircuit pins:
Circuit 1: gf180mcu_fd_sc_mcu7t5v0__nand2_ |Circuit 2: gf180mcu_fd_sc_mcu7t5v0__nand2_ 
-------------------------------------------|-------------------------------------------
A1                                         |A1                                         
A2                                         |A2                                         
ZN                                         |ZN                                         
VDD                                        |VDD                                        
VNW                                        |VNW                                        
VPW                                        |VPW                                        
VSS                                        |VSS                                        
---------------------------------------------------------------------------------------
Cell pin lists are equivalent.
Device classes gf180mcu_fd_sc_mcu7t5v0__nand2_4 and gf180mcu_fd_sc_mcu7t5v0__nand2_4 are equivalent.

Cell gf180mcu_fd_sc_mcu7t5v0__nand4_4 (0) disconnected node: A1
Cell gf180mcu_fd_sc_mcu7t5v0__nand4_4 (0) disconnected node: A2
Cell gf180mcu_fd_sc_mcu7t5v0__nand4_4 (0) disconnected node: A3
Cell gf180mcu_fd_sc_mcu7t5v0__nand4_4 (0) disconnected node: A4
Cell gf180mcu_fd_sc_mcu7t5v0__nand4_4 (0) disconnected node: ZN
Cell gf180mcu_fd_sc_mcu7t5v0__nand4_4 (0) disconnected node: VDD
Cell gf180mcu_fd_sc_mcu7t5v0__nand4_4 (0) disconnected node: VNW
Cell gf180mcu_fd_sc_mcu7t5v0__nand4_4 (0) disconnected node: VPW
Cell gf180mcu_fd_sc_mcu7t5v0__nand4_4 (0) disconnected node: VSS

Subcircuit pins:
Circuit 1: gf180mcu_fd_sc_mcu7t5v0__nand4_ |Circuit 2: gf180mcu_fd_sc_mcu7t5v0__nand4_ 
-------------------------------------------|-------------------------------------------
A1                                         |A1                                         
A2                                         |A2                                         
A3                                         |A3                                         
A4                                         |A4                                         
ZN                                         |ZN                                         
VDD                                        |VDD                                        
VNW                                        |VNW                                        
VPW                                        |VPW                                        
VSS                                        |VSS                                        
---------------------------------------------------------------------------------------
Cell pin lists are equivalent.
Device classes gf180mcu_fd_sc_mcu7t5v0__nand4_4 and gf180mcu_fd_sc_mcu7t5v0__nand4_4 are equivalent.

Cell gf180mcu_fd_sc_mcu7t5v0__oai211_1 (0) disconnected node: A1
Cell gf180mcu_fd_sc_mcu7t5v0__oai211_1 (0) disconnected node: A2
Cell gf180mcu_fd_sc_mcu7t5v0__oai211_1 (0) disconnected node: B
Cell gf180mcu_fd_sc_mcu7t5v0__oai211_1 (0) disconnected node: C
Cell gf180mcu_fd_sc_mcu7t5v0__oai211_1 (0) disconnected node: ZN
Cell gf180mcu_fd_sc_mcu7t5v0__oai211_1 (0) disconnected node: VDD
Cell gf180mcu_fd_sc_mcu7t5v0__oai211_1 (0) disconnected node: VNW
Cell gf180mcu_fd_sc_mcu7t5v0__oai211_1 (0) disconnected node: VPW
Cell gf180mcu_fd_sc_mcu7t5v0__oai211_1 (0) disconnected node: VSS

Subcircuit pins:
Circuit 1: gf180mcu_fd_sc_mcu7t5v0__oai211 |Circuit 2: gf180mcu_fd_sc_mcu7t5v0__oai211 
-------------------------------------------|-------------------------------------------
A1                                         |A1                                         
A2                                         |A2                                         
B                                          |B                                          
C                                          |C                                          
ZN                                         |ZN                                         
VDD                                        |VDD                                        
VNW                                        |VNW                                        
VPW                                        |VPW                                        
VSS                                        |VSS                                        
---------------------------------------------------------------------------------------
Cell pin lists are equivalent.
Device classes gf180mcu_fd_sc_mcu7t5v0__oai211_1 and gf180mcu_fd_sc_mcu7t5v0__oai211_1 are equivalent.

Cell gf180mcu_fd_sc_mcu7t5v0__nand3_4 (0) disconnected node: A1
Cell gf180mcu_fd_sc_mcu7t5v0__nand3_4 (0) disconnected node: A2
Cell gf180mcu_fd_sc_mcu7t5v0__nand3_4 (0) disconnected node: A3
Cell gf180mcu_fd_sc_mcu7t5v0__nand3_4 (0) disconnected node: ZN
Cell gf180mcu_fd_sc_mcu7t5v0__nand3_4 (0) disconnected node: VDD
Cell gf180mcu_fd_sc_mcu7t5v0__nand3_4 (0) disconnected node: VNW
Cell gf180mcu_fd_sc_mcu7t5v0__nand3_4 (0) disconnected node: VPW
Cell gf180mcu_fd_sc_mcu7t5v0__nand3_4 (0) disconnected node: VSS

Subcircuit pins:
Circuit 1: gf180mcu_fd_sc_mcu7t5v0__nand3_ |Circuit 2: gf180mcu_fd_sc_mcu7t5v0__nand3_ 
-------------------------------------------|-------------------------------------------
A1                                         |A1                                         
A2                                         |A2                                         
A3                                         |A3                                         
ZN                                         |ZN                                         
VDD                                        |VDD                                        
VNW                                        |VNW                                        
VPW                                        |VPW                                        
VSS                                        |VSS                                        
---------------------------------------------------------------------------------------
Cell pin lists are equivalent.
Device classes gf180mcu_fd_sc_mcu7t5v0__nand3_4 and gf180mcu_fd_sc_mcu7t5v0__nand3_4 are equivalent.

Cell gf180mcu_fd_sc_mcu7t5v0__nand4_1 (0) disconnected node: A1
Cell gf180mcu_fd_sc_mcu7t5v0__nand4_1 (0) disconnected node: A2
Cell gf180mcu_fd_sc_mcu7t5v0__nand4_1 (0) disconnected node: A3
Cell gf180mcu_fd_sc_mcu7t5v0__nand4_1 (0) disconnected node: A4
Cell gf180mcu_fd_sc_mcu7t5v0__nand4_1 (0) disconnected node: ZN
Cell gf180mcu_fd_sc_mcu7t5v0__nand4_1 (0) disconnected node: VDD
Cell gf180mcu_fd_sc_mcu7t5v0__nand4_1 (0) disconnected node: VNW
Cell gf180mcu_fd_sc_mcu7t5v0__nand4_1 (0) disconnected node: VPW
Cell gf180mcu_fd_sc_mcu7t5v0__nand4_1 (0) disconnected node: VSS

Subcircuit pins:
Circuit 1: gf180mcu_fd_sc_mcu7t5v0__nand4_ |Circuit 2: gf180mcu_fd_sc_mcu7t5v0__nand4_ 
-------------------------------------------|-------------------------------------------
A1                                         |A1                                         
A2                                         |A2                                         
A3                                         |A3                                         
A4                                         |A4                                         
ZN                                         |ZN                                         
VDD                                        |VDD                                        
VNW                                        |VNW                                        
VPW                                        |VPW                                        
VSS                                        |VSS                                        
---------------------------------------------------------------------------------------
Cell pin lists are equivalent.
Device classes gf180mcu_fd_sc_mcu7t5v0__nand4_1 and gf180mcu_fd_sc_mcu7t5v0__nand4_1 are equivalent.

Cell gf180mcu_fd_sc_mcu7t5v0__buf_1 (0) disconnected node: I
Cell gf180mcu_fd_sc_mcu7t5v0__buf_1 (0) disconnected node: Z
Cell gf180mcu_fd_sc_mcu7t5v0__buf_1 (0) disconnected node: VDD
Cell gf180mcu_fd_sc_mcu7t5v0__buf_1 (0) disconnected node: VNW
Cell gf180mcu_fd_sc_mcu7t5v0__buf_1 (0) disconnected node: VPW
Cell gf180mcu_fd_sc_mcu7t5v0__buf_1 (0) disconnected node: VSS

Subcircuit pins:
Circuit 1: gf180mcu_fd_sc_mcu7t5v0__buf_1  |Circuit 2: gf180mcu_fd_sc_mcu7t5v0__buf_1  
-------------------------------------------|-------------------------------------------
I                                          |I                                          
Z                                          |Z                                          
VDD                                        |VDD                                        
VNW                                        |VNW                                        
VPW                                        |VPW                                        
VSS                                        |VSS                                        
---------------------------------------------------------------------------------------
Cell pin lists are equivalent.
Device classes gf180mcu_fd_sc_mcu7t5v0__buf_1 and gf180mcu_fd_sc_mcu7t5v0__buf_1 are equivalent.

Cell gf180mcu_fd_sc_mcu7t5v0__clkbuf_2 (0) disconnected node: I
Cell gf180mcu_fd_sc_mcu7t5v0__clkbuf_2 (0) disconnected node: Z
Cell gf180mcu_fd_sc_mcu7t5v0__clkbuf_2 (0) disconnected node: VDD
Cell gf180mcu_fd_sc_mcu7t5v0__clkbuf_2 (0) disconnected node: VNW
Cell gf180mcu_fd_sc_mcu7t5v0__clkbuf_2 (0) disconnected node: VPW
Cell gf180mcu_fd_sc_mcu7t5v0__clkbuf_2 (0) disconnected node: VSS

Subcircuit pins:
Circuit 1: gf180mcu_fd_sc_mcu7t5v0__clkbuf |Circuit 2: gf180mcu_fd_sc_mcu7t5v0__clkbuf 
-------------------------------------------|-------------------------------------------
I                                          |I                                          
Z                                          |Z                                          
VDD                                        |VDD                                        
VNW                                        |VNW                                        
VPW                                        |VPW                                        
VSS                                        |VSS                                        
---------------------------------------------------------------------------------------
Cell pin lists are equivalent.
Device classes gf180mcu_fd_sc_mcu7t5v0__clkbuf_2 and gf180mcu_fd_sc_mcu7t5v0__clkbuf_2 are equivalent.

Cell gf180mcu_fd_sc_mcu7t5v0__aoi222_2 (0) disconnected node: A1
Cell gf180mcu_fd_sc_mcu7t5v0__aoi222_2 (0) disconnected node: A2
Cell gf180mcu_fd_sc_mcu7t5v0__aoi222_2 (0) disconnected node: B1
Cell gf180mcu_fd_sc_mcu7t5v0__aoi222_2 (0) disconnected node: B2
Cell gf180mcu_fd_sc_mcu7t5v0__aoi222_2 (0) disconnected node: C1
Cell gf180mcu_fd_sc_mcu7t5v0__aoi222_2 (0) disconnected node: C2
Cell gf180mcu_fd_sc_mcu7t5v0__aoi222_2 (0) disconnected node: ZN
Cell gf180mcu_fd_sc_mcu7t5v0__aoi222_2 (0) disconnected node: VDD
Cell gf180mcu_fd_sc_mcu7t5v0__aoi222_2 (0) disconnected node: VNW
Cell gf180mcu_fd_sc_mcu7t5v0__aoi222_2 (0) disconnected node: VPW
Cell gf180mcu_fd_sc_mcu7t5v0__aoi222_2 (0) disconnected node: VSS

Subcircuit pins:
Circuit 1: gf180mcu_fd_sc_mcu7t5v0__aoi222 |Circuit 2: gf180mcu_fd_sc_mcu7t5v0__aoi222 
-------------------------------------------|-------------------------------------------
A1                                         |A1                                         
A2                                         |A2                                         
B1                                         |B1                                         
B2                                         |B2                                         
C1                                         |C1                                         
C2                                         |C2                                         
ZN                                         |ZN                                         
VDD                                        |VDD                                        
VNW                                        |VNW                                        
VPW                                        |VPW                                        
VSS                                        |VSS                                        
---------------------------------------------------------------------------------------
Cell pin lists are equivalent.
Device classes gf180mcu_fd_sc_mcu7t5v0__aoi222_2 and gf180mcu_fd_sc_mcu7t5v0__aoi222_2 are equivalent.

Cell gf180mcu_fd_sc_mcu7t5v0__aoi222_4 (0) disconnected node: A1
Cell gf180mcu_fd_sc_mcu7t5v0__aoi222_4 (0) disconnected node: A2
Cell gf180mcu_fd_sc_mcu7t5v0__aoi222_4 (0) disconnected node: B1
Cell gf180mcu_fd_sc_mcu7t5v0__aoi222_4 (0) disconnected node: B2
Cell gf180mcu_fd_sc_mcu7t5v0__aoi222_4 (0) disconnected node: C1
Cell gf180mcu_fd_sc_mcu7t5v0__aoi222_4 (0) disconnected node: C2
Cell gf180mcu_fd_sc_mcu7t5v0__aoi222_4 (0) disconnected node: ZN
Cell gf180mcu_fd_sc_mcu7t5v0__aoi222_4 (0) disconnected node: VDD
Cell gf180mcu_fd_sc_mcu7t5v0__aoi222_4 (0) disconnected node: VNW
Cell gf180mcu_fd_sc_mcu7t5v0__aoi222_4 (0) disconnected node: VPW
Cell gf180mcu_fd_sc_mcu7t5v0__aoi222_4 (0) disconnected node: VSS

Subcircuit pins:
Circuit 1: gf180mcu_fd_sc_mcu7t5v0__aoi222 |Circuit 2: gf180mcu_fd_sc_mcu7t5v0__aoi222 
-------------------------------------------|-------------------------------------------
A1                                         |A1                                         
A2                                         |A2                                         
B1                                         |B1                                         
B2                                         |B2                                         
C1                                         |C1                                         
C2                                         |C2                                         
ZN                                         |ZN                                         
VDD                                        |VDD                                        
VNW                                        |VNW                                        
VPW                                        |VPW                                        
VSS                                        |VSS                                        
---------------------------------------------------------------------------------------
Cell pin lists are equivalent.
Device classes gf180mcu_fd_sc_mcu7t5v0__aoi222_4 and gf180mcu_fd_sc_mcu7t5v0__aoi222_4 are equivalent.

Cell gf180mcu_fd_sc_mcu7t5v0__fillcap_16 (0) disconnected node: VDD
Cell gf180mcu_fd_sc_mcu7t5v0__fillcap_16 (0) disconnected node: VNW
Cell gf180mcu_fd_sc_mcu7t5v0__fillcap_16 (0) disconnected node: VPW
Cell gf180mcu_fd_sc_mcu7t5v0__fillcap_16 (0) disconnected node: VSS

Subcircuit pins:
Circuit 1: gf180mcu_fd_sc_mcu7t5v0__fillca |Circuit 2: gf180mcu_fd_sc_mcu7t5v0__fillca 
-------------------------------------------|-------------------------------------------
VDD                                        |VDD                                        
VNW                                        |VNW                                        
VPW                                        |VPW                                        
VSS                                        |VSS                                        
---------------------------------------------------------------------------------------
Cell pin lists are equivalent.
Device classes gf180mcu_fd_sc_mcu7t5v0__fillcap_16 and gf180mcu_fd_sc_mcu7t5v0__fillcap_16 are equivalent.

Cell gf180mcu_fd_sc_mcu7t5v0__aoi221_2 (0) disconnected node: A1
Cell gf180mcu_fd_sc_mcu7t5v0__aoi221_2 (0) disconnected node: A2
Cell gf180mcu_fd_sc_mcu7t5v0__aoi221_2 (0) disconnected node: B1
Cell gf180mcu_fd_sc_mcu7t5v0__aoi221_2 (0) disconnected node: B2
Cell gf180mcu_fd_sc_mcu7t5v0__aoi221_2 (0) disconnected node: C
Cell gf180mcu_fd_sc_mcu7t5v0__aoi221_2 (0) disconnected node: ZN
Cell gf180mcu_fd_sc_mcu7t5v0__aoi221_2 (0) disconnected node: VDD
Cell gf180mcu_fd_sc_mcu7t5v0__aoi221_2 (0) disconnected node: VNW
Cell gf180mcu_fd_sc_mcu7t5v0__aoi221_2 (0) disconnected node: VPW
Cell gf180mcu_fd_sc_mcu7t5v0__aoi221_2 (0) disconnected node: VSS

Subcircuit pins:
Circuit 1: gf180mcu_fd_sc_mcu7t5v0__aoi221 |Circuit 2: gf180mcu_fd_sc_mcu7t5v0__aoi221 
-------------------------------------------|-------------------------------------------
A1                                         |A1                                         
A2                                         |A2                                         
B1                                         |B1                                         
B2                                         |B2                                         
C                                          |C                                          
ZN                                         |ZN                                         
VDD                                        |VDD                                        
VNW                                        |VNW                                        
VPW                                        |VPW                                        
VSS                                        |VSS                                        
---------------------------------------------------------------------------------------
Cell pin lists are equivalent.
Device classes gf180mcu_fd_sc_mcu7t5v0__aoi221_2 and gf180mcu_fd_sc_mcu7t5v0__aoi221_2 are equivalent.

Cell gf180mcu_fd_sc_mcu7t5v0__aoi21_1 (0) disconnected node: A1
Cell gf180mcu_fd_sc_mcu7t5v0__aoi21_1 (0) disconnected node: A2
Cell gf180mcu_fd_sc_mcu7t5v0__aoi21_1 (0) disconnected node: B
Cell gf180mcu_fd_sc_mcu7t5v0__aoi21_1 (0) disconnected node: ZN
Cell gf180mcu_fd_sc_mcu7t5v0__aoi21_1 (0) disconnected node: VDD
Cell gf180mcu_fd_sc_mcu7t5v0__aoi21_1 (0) disconnected node: VNW
Cell gf180mcu_fd_sc_mcu7t5v0__aoi21_1 (0) disconnected node: VPW
Cell gf180mcu_fd_sc_mcu7t5v0__aoi21_1 (0) disconnected node: VSS

Subcircuit pins:
Circuit 1: gf180mcu_fd_sc_mcu7t5v0__aoi21_ |Circuit 2: gf180mcu_fd_sc_mcu7t5v0__aoi21_ 
-------------------------------------------|-------------------------------------------
A1                                         |A1                                         
A2                                         |A2                                         
B                                          |B                                          
ZN                                         |ZN                                         
VDD                                        |VDD                                        
VNW                                        |VNW                                        
VPW                                        |VPW                                        
VSS                                        |VSS                                        
---------------------------------------------------------------------------------------
Cell pin lists are equivalent.
Device classes gf180mcu_fd_sc_mcu7t5v0__aoi21_1 and gf180mcu_fd_sc_mcu7t5v0__aoi21_1 are equivalent.

Cell gf180mcu_fd_sc_mcu7t5v0__clkinv_1 (0) disconnected node: I
Cell gf180mcu_fd_sc_mcu7t5v0__clkinv_1 (0) disconnected node: ZN
Cell gf180mcu_fd_sc_mcu7t5v0__clkinv_1 (0) disconnected node: VDD
Cell gf180mcu_fd_sc_mcu7t5v0__clkinv_1 (0) disconnected node: VNW
Cell gf180mcu_fd_sc_mcu7t5v0__clkinv_1 (0) disconnected node: VPW
Cell gf180mcu_fd_sc_mcu7t5v0__clkinv_1 (0) disconnected node: VSS

Subcircuit pins:
Circuit 1: gf180mcu_fd_sc_mcu7t5v0__clkinv |Circuit 2: gf180mcu_fd_sc_mcu7t5v0__clkinv 
-------------------------------------------|-------------------------------------------
I                                          |I                                          
ZN                                         |ZN                                         
VDD                                        |VDD                                        
VNW                                        |VNW                                        
VPW                                        |VPW                                        
VSS                                        |VSS                                        
---------------------------------------------------------------------------------------
Cell pin lists are equivalent.
Device classes gf180mcu_fd_sc_mcu7t5v0__clkinv_1 and gf180mcu_fd_sc_mcu7t5v0__clkinv_1 are equivalent.

Cell gf180mcu_fd_sc_mcu7t5v0__clkbuf_1 (0) disconnected node: I
Cell gf180mcu_fd_sc_mcu7t5v0__clkbuf_1 (0) disconnected node: Z
Cell gf180mcu_fd_sc_mcu7t5v0__clkbuf_1 (0) disconnected node: VDD
Cell gf180mcu_fd_sc_mcu7t5v0__clkbuf_1 (0) disconnected node: VNW
Cell gf180mcu_fd_sc_mcu7t5v0__clkbuf_1 (0) disconnected node: VPW
Cell gf180mcu_fd_sc_mcu7t5v0__clkbuf_1 (0) disconnected node: VSS

Subcircuit pins:
Circuit 1: gf180mcu_fd_sc_mcu7t5v0__clkbuf |Circuit 2: gf180mcu_fd_sc_mcu7t5v0__clkbuf 
-------------------------------------------|-------------------------------------------
I                                          |I                                          
Z                                          |Z                                          
VDD                                        |VDD                                        
VNW                                        |VNW                                        
VPW                                        |VPW                                        
VSS                                        |VSS                                        
---------------------------------------------------------------------------------------
Cell pin lists are equivalent.
Device classes gf180mcu_fd_sc_mcu7t5v0__clkbuf_1 and gf180mcu_fd_sc_mcu7t5v0__clkbuf_1 are equivalent.

Cell gf180mcu_fd_sc_mcu7t5v0__aoi22_1 (0) disconnected node: A1
Cell gf180mcu_fd_sc_mcu7t5v0__aoi22_1 (0) disconnected node: A2
Cell gf180mcu_fd_sc_mcu7t5v0__aoi22_1 (0) disconnected node: B1
Cell gf180mcu_fd_sc_mcu7t5v0__aoi22_1 (0) disconnected node: B2
Cell gf180mcu_fd_sc_mcu7t5v0__aoi22_1 (0) disconnected node: ZN
Cell gf180mcu_fd_sc_mcu7t5v0__aoi22_1 (0) disconnected node: VDD
Cell gf180mcu_fd_sc_mcu7t5v0__aoi22_1 (0) disconnected node: VNW
Cell gf180mcu_fd_sc_mcu7t5v0__aoi22_1 (0) disconnected node: VPW
Cell gf180mcu_fd_sc_mcu7t5v0__aoi22_1 (0) disconnected node: VSS

Subcircuit pins:
Circuit 1: gf180mcu_fd_sc_mcu7t5v0__aoi22_ |Circuit 2: gf180mcu_fd_sc_mcu7t5v0__aoi22_ 
-------------------------------------------|-------------------------------------------
A1                                         |A1                                         
A2                                         |A2                                         
B1                                         |B1                                         
B2                                         |B2                                         
ZN                                         |ZN                                         
VDD                                        |VDD                                        
VNW                                        |VNW                                        
VPW                                        |VPW                                        
VSS                                        |VSS                                        
---------------------------------------------------------------------------------------
Cell pin lists are equivalent.
Device classes gf180mcu_fd_sc_mcu7t5v0__aoi22_1 and gf180mcu_fd_sc_mcu7t5v0__aoi22_1 are equivalent.

Cell gf180mcu_fd_sc_mcu7t5v0__dffrnq_2 (0) disconnected node: D
Cell gf180mcu_fd_sc_mcu7t5v0__dffrnq_2 (0) disconnected node: RN
Cell gf180mcu_fd_sc_mcu7t5v0__dffrnq_2 (0) disconnected node: CLK
Cell gf180mcu_fd_sc_mcu7t5v0__dffrnq_2 (0) disconnected node: Q
Cell gf180mcu_fd_sc_mcu7t5v0__dffrnq_2 (0) disconnected node: VDD
Cell gf180mcu_fd_sc_mcu7t5v0__dffrnq_2 (0) disconnected node: VNW
Cell gf180mcu_fd_sc_mcu7t5v0__dffrnq_2 (0) disconnected node: VPW
Cell gf180mcu_fd_sc_mcu7t5v0__dffrnq_2 (0) disconnected node: VSS

Subcircuit pins:
Circuit 1: gf180mcu_fd_sc_mcu7t5v0__dffrnq |Circuit 2: gf180mcu_fd_sc_mcu7t5v0__dffrnq 
-------------------------------------------|-------------------------------------------
D                                          |D                                          
RN                                         |RN                                         
CLK                                        |CLK                                        
Q                                          |Q                                          
VDD                                        |VDD                                        
VNW                                        |VNW                                        
VPW                                        |VPW                                        
VSS                                        |VSS                                        
---------------------------------------------------------------------------------------
Cell pin lists are equivalent.
Device classes gf180mcu_fd_sc_mcu7t5v0__dffrnq_2 and gf180mcu_fd_sc_mcu7t5v0__dffrnq_2 are equivalent.

Cell gf180mcu_fd_sc_mcu7t5v0__oai21_1 (0) disconnected node: A1
Cell gf180mcu_fd_sc_mcu7t5v0__oai21_1 (0) disconnected node: A2
Cell gf180mcu_fd_sc_mcu7t5v0__oai21_1 (0) disconnected node: B
Cell gf180mcu_fd_sc_mcu7t5v0__oai21_1 (0) disconnected node: ZN
Cell gf180mcu_fd_sc_mcu7t5v0__oai21_1 (0) disconnected node: VDD
Cell gf180mcu_fd_sc_mcu7t5v0__oai21_1 (0) disconnected node: VNW
Cell gf180mcu_fd_sc_mcu7t5v0__oai21_1 (0) disconnected node: VPW
Cell gf180mcu_fd_sc_mcu7t5v0__oai21_1 (0) disconnected node: VSS

Subcircuit pins:
Circuit 1: gf180mcu_fd_sc_mcu7t5v0__oai21_ |Circuit 2: gf180mcu_fd_sc_mcu7t5v0__oai21_ 
-------------------------------------------|-------------------------------------------
A1                                         |A1                                         
A2                                         |A2                                         
B                                          |B                                          
ZN                                         |ZN                                         
VDD                                        |VDD                                        
VNW                                        |VNW                                        
VPW                                        |VPW                                        
VSS                                        |VSS                                        
---------------------------------------------------------------------------------------
Cell pin lists are equivalent.
Device classes gf180mcu_fd_sc_mcu7t5v0__oai21_1 and gf180mcu_fd_sc_mcu7t5v0__oai21_1 are equivalent.

Cell gf180mcu_fd_sc_mcu7t5v0__and3_4 (0) disconnected node: A1
Cell gf180mcu_fd_sc_mcu7t5v0__and3_4 (0) disconnected node: A2
Cell gf180mcu_fd_sc_mcu7t5v0__and3_4 (0) disconnected node: A3
Cell gf180mcu_fd_sc_mcu7t5v0__and3_4 (0) disconnected node: Z
Cell gf180mcu_fd_sc_mcu7t5v0__and3_4 (0) disconnected node: VDD
Cell gf180mcu_fd_sc_mcu7t5v0__and3_4 (0) disconnected node: VNW
Cell gf180mcu_fd_sc_mcu7t5v0__and3_4 (0) disconnected node: VPW
Cell gf180mcu_fd_sc_mcu7t5v0__and3_4 (0) disconnected node: VSS

Subcircuit pins:
Circuit 1: gf180mcu_fd_sc_mcu7t5v0__and3_4 |Circuit 2: gf180mcu_fd_sc_mcu7t5v0__and3_4 
-------------------------------------------|-------------------------------------------
A1                                         |A1                                         
A2                                         |A2                                         
A3                                         |A3                                         
Z                                          |Z                                          
VDD                                        |VDD                                        
VNW                                        |VNW                                        
VPW                                        |VPW                                        
VSS                                        |VSS                                        
---------------------------------------------------------------------------------------
Cell pin lists are equivalent.
Device classes gf180mcu_fd_sc_mcu7t5v0__and3_4 and gf180mcu_fd_sc_mcu7t5v0__and3_4 are equivalent.

Cell gf180mcu_fd_sc_mcu7t5v0__and2_2 (0) disconnected node: A1
Cell gf180mcu_fd_sc_mcu7t5v0__and2_2 (0) disconnected node: A2
Cell gf180mcu_fd_sc_mcu7t5v0__and2_2 (0) disconnected node: Z
Cell gf180mcu_fd_sc_mcu7t5v0__and2_2 (0) disconnected node: VDD
Cell gf180mcu_fd_sc_mcu7t5v0__and2_2 (0) disconnected node: VNW
Cell gf180mcu_fd_sc_mcu7t5v0__and2_2 (0) disconnected node: VPW
Cell gf180mcu_fd_sc_mcu7t5v0__and2_2 (0) disconnected node: VSS

Subcircuit pins:
Circuit 1: gf180mcu_fd_sc_mcu7t5v0__and2_2 |Circuit 2: gf180mcu_fd_sc_mcu7t5v0__and2_2 
-------------------------------------------|-------------------------------------------
A1                                         |A1                                         
A2                                         |A2                                         
Z                                          |Z                                          
VDD                                        |VDD                                        
VNW                                        |VNW                                        
VPW                                        |VPW                                        
VSS                                        |VSS                                        
---------------------------------------------------------------------------------------
Cell pin lists are equivalent.
Device classes gf180mcu_fd_sc_mcu7t5v0__and2_2 and gf180mcu_fd_sc_mcu7t5v0__and2_2 are equivalent.

Cell gf180mcu_fd_sc_mcu7t5v0__nor2_4 (0) disconnected node: A1
Cell gf180mcu_fd_sc_mcu7t5v0__nor2_4 (0) disconnected node: A2
Cell gf180mcu_fd_sc_mcu7t5v0__nor2_4 (0) disconnected node: ZN
Cell gf180mcu_fd_sc_mcu7t5v0__nor2_4 (0) disconnected node: VDD
Cell gf180mcu_fd_sc_mcu7t5v0__nor2_4 (0) disconnected node: VNW
Cell gf180mcu_fd_sc_mcu7t5v0__nor2_4 (0) disconnected node: VPW
Cell gf180mcu_fd_sc_mcu7t5v0__nor2_4 (0) disconnected node: VSS

Subcircuit pins:
Circuit 1: gf180mcu_fd_sc_mcu7t5v0__nor2_4 |Circuit 2: gf180mcu_fd_sc_mcu7t5v0__nor2_4 
-------------------------------------------|-------------------------------------------
A1                                         |A1                                         
A2                                         |A2                                         
ZN                                         |ZN                                         
VDD                                        |VDD                                        
VNW                                        |VNW                                        
VPW                                        |VPW                                        
VSS                                        |VSS                                        
---------------------------------------------------------------------------------------
Cell pin lists are equivalent.
Device classes gf180mcu_fd_sc_mcu7t5v0__nor2_4 and gf180mcu_fd_sc_mcu7t5v0__nor2_4 are equivalent.

Cell gf180mcu_fd_sc_mcu7t5v0__nor3_1 (0) disconnected node: A1
Cell gf180mcu_fd_sc_mcu7t5v0__nor3_1 (0) disconnected node: A2
Cell gf180mcu_fd_sc_mcu7t5v0__nor3_1 (0) disconnected node: A3
Cell gf180mcu_fd_sc_mcu7t5v0__nor3_1 (0) disconnected node: ZN
Cell gf180mcu_fd_sc_mcu7t5v0__nor3_1 (0) disconnected node: VDD
Cell gf180mcu_fd_sc_mcu7t5v0__nor3_1 (0) disconnected node: VNW
Cell gf180mcu_fd_sc_mcu7t5v0__nor3_1 (0) disconnected node: VPW
Cell gf180mcu_fd_sc_mcu7t5v0__nor3_1 (0) disconnected node: VSS

Subcircuit pins:
Circuit 1: gf180mcu_fd_sc_mcu7t5v0__nor3_1 |Circuit 2: gf180mcu_fd_sc_mcu7t5v0__nor3_1 
-------------------------------------------|-------------------------------------------
A1                                         |A1                                         
A2                                         |A2                                         
A3                                         |A3                                         
ZN                                         |ZN                                         
VDD                                        |VDD                                        
VNW                                        |VNW                                        
VPW                                        |VPW                                        
VSS                                        |VSS                                        
---------------------------------------------------------------------------------------
Cell pin lists are equivalent.
Device classes gf180mcu_fd_sc_mcu7t5v0__nor3_1 and gf180mcu_fd_sc_mcu7t5v0__nor3_1 are equivalent.

Cell gf180mcu_fd_sc_mcu7t5v0__inv_1 (0) disconnected node: I
Cell gf180mcu_fd_sc_mcu7t5v0__inv_1 (0) disconnected node: ZN
Cell gf180mcu_fd_sc_mcu7t5v0__inv_1 (0) disconnected node: VDD
Cell gf180mcu_fd_sc_mcu7t5v0__inv_1 (0) disconnected node: VNW
Cell gf180mcu_fd_sc_mcu7t5v0__inv_1 (0) disconnected node: VPW
Cell gf180mcu_fd_sc_mcu7t5v0__inv_1 (0) disconnected node: VSS

Subcircuit pins:
Circuit 1: gf180mcu_fd_sc_mcu7t5v0__inv_1  |Circuit 2: gf180mcu_fd_sc_mcu7t5v0__inv_1  
-------------------------------------------|-------------------------------------------
I                                          |I                                          
ZN                                         |ZN                                         
VDD                                        |VDD                                        
VNW                                        |VNW                                        
VPW                                        |VPW                                        
VSS                                        |VSS                                        
---------------------------------------------------------------------------------------
Cell pin lists are equivalent.
Device classes gf180mcu_fd_sc_mcu7t5v0__inv_1 and gf180mcu_fd_sc_mcu7t5v0__inv_1 are equivalent.

Cell gf180mcu_fd_sc_mcu7t5v0__nand4_2 (0) disconnected node: A1
Cell gf180mcu_fd_sc_mcu7t5v0__nand4_2 (0) disconnected node: A2
Cell gf180mcu_fd_sc_mcu7t5v0__nand4_2 (0) disconnected node: A3
Cell gf180mcu_fd_sc_mcu7t5v0__nand4_2 (0) disconnected node: A4
Cell gf180mcu_fd_sc_mcu7t5v0__nand4_2 (0) disconnected node: ZN
Cell gf180mcu_fd_sc_mcu7t5v0__nand4_2 (0) disconnected node: VDD
Cell gf180mcu_fd_sc_mcu7t5v0__nand4_2 (0) disconnected node: VNW
Cell gf180mcu_fd_sc_mcu7t5v0__nand4_2 (0) disconnected node: VPW
Cell gf180mcu_fd_sc_mcu7t5v0__nand4_2 (0) disconnected node: VSS

Subcircuit pins:
Circuit 1: gf180mcu_fd_sc_mcu7t5v0__nand4_ |Circuit 2: gf180mcu_fd_sc_mcu7t5v0__nand4_ 
-------------------------------------------|-------------------------------------------
A1                                         |A1                                         
A2                                         |A2                                         
A3                                         |A3                                         
A4                                         |A4                                         
ZN                                         |ZN                                         
VDD                                        |VDD                                        
VNW                                        |VNW                                        
VPW                                        |VPW                                        
VSS                                        |VSS                                        
---------------------------------------------------------------------------------------
Cell pin lists are equivalent.
Device classes gf180mcu_fd_sc_mcu7t5v0__nand4_2 and gf180mcu_fd_sc_mcu7t5v0__nand4_2 are equivalent.

Cell gf180mcu_fd_sc_mcu7t5v0__aoi22_2 (0) disconnected node: A1
Cell gf180mcu_fd_sc_mcu7t5v0__aoi22_2 (0) disconnected node: A2
Cell gf180mcu_fd_sc_mcu7t5v0__aoi22_2 (0) disconnected node: B1
Cell gf180mcu_fd_sc_mcu7t5v0__aoi22_2 (0) disconnected node: B2
Cell gf180mcu_fd_sc_mcu7t5v0__aoi22_2 (0) disconnected node: ZN
Cell gf180mcu_fd_sc_mcu7t5v0__aoi22_2 (0) disconnected node: VDD
Cell gf180mcu_fd_sc_mcu7t5v0__aoi22_2 (0) disconnected node: VNW
Cell gf180mcu_fd_sc_mcu7t5v0__aoi22_2 (0) disconnected node: VPW
Cell gf180mcu_fd_sc_mcu7t5v0__aoi22_2 (0) disconnected node: VSS

Subcircuit pins:
Circuit 1: gf180mcu_fd_sc_mcu7t5v0__aoi22_ |Circuit 2: gf180mcu_fd_sc_mcu7t5v0__aoi22_ 
-------------------------------------------|-------------------------------------------
A1                                         |A1                                         
A2                                         |A2                                         
B1                                         |B1                                         
B2                                         |B2                                         
ZN                                         |ZN                                         
VDD                                        |VDD                                        
VNW                                        |VNW                                        
VPW                                        |VPW                                        
VSS                                        |VSS                                        
---------------------------------------------------------------------------------------
Cell pin lists are equivalent.
Device classes gf180mcu_fd_sc_mcu7t5v0__aoi22_2 and gf180mcu_fd_sc_mcu7t5v0__aoi22_2 are equivalent.

Cell gf180mcu_fd_sc_mcu7t5v0__oai31_1 (0) disconnected node: A1
Cell gf180mcu_fd_sc_mcu7t5v0__oai31_1 (0) disconnected node: A2
Cell gf180mcu_fd_sc_mcu7t5v0__oai31_1 (0) disconnected node: A3
Cell gf180mcu_fd_sc_mcu7t5v0__oai31_1 (0) disconnected node: B
Cell gf180mcu_fd_sc_mcu7t5v0__oai31_1 (0) disconnected node: ZN
Cell gf180mcu_fd_sc_mcu7t5v0__oai31_1 (0) disconnected node: VDD
Cell gf180mcu_fd_sc_mcu7t5v0__oai31_1 (0) disconnected node: VNW
Cell gf180mcu_fd_sc_mcu7t5v0__oai31_1 (0) disconnected node: VPW
Cell gf180mcu_fd_sc_mcu7t5v0__oai31_1 (0) disconnected node: VSS

Subcircuit pins:
Circuit 1: gf180mcu_fd_sc_mcu7t5v0__oai31_ |Circuit 2: gf180mcu_fd_sc_mcu7t5v0__oai31_ 
-------------------------------------------|-------------------------------------------
A1                                         |A1                                         
A2                                         |A2                                         
A3                                         |A3                                         
B                                          |B                                          
ZN                                         |ZN                                         
VDD                                        |VDD                                        
VNW                                        |VNW                                        
VPW                                        |VPW                                        
VSS                                        |VSS                                        
---------------------------------------------------------------------------------------
Cell pin lists are equivalent.
Device classes gf180mcu_fd_sc_mcu7t5v0__oai31_1 and gf180mcu_fd_sc_mcu7t5v0__oai31_1 are equivalent.

Cell gf180mcu_fd_sc_mcu7t5v0__nor2_2 (0) disconnected node: A1
Cell gf180mcu_fd_sc_mcu7t5v0__nor2_2 (0) disconnected node: A2
Cell gf180mcu_fd_sc_mcu7t5v0__nor2_2 (0) disconnected node: ZN
Cell gf180mcu_fd_sc_mcu7t5v0__nor2_2 (0) disconnected node: VDD
Cell gf180mcu_fd_sc_mcu7t5v0__nor2_2 (0) disconnected node: VNW
Cell gf180mcu_fd_sc_mcu7t5v0__nor2_2 (0) disconnected node: VPW
Cell gf180mcu_fd_sc_mcu7t5v0__nor2_2 (0) disconnected node: VSS

Subcircuit pins:
Circuit 1: gf180mcu_fd_sc_mcu7t5v0__nor2_2 |Circuit 2: gf180mcu_fd_sc_mcu7t5v0__nor2_2 
-------------------------------------------|-------------------------------------------
A1                                         |A1                                         
A2                                         |A2                                         
ZN                                         |ZN                                         
VDD                                        |VDD                                        
VNW                                        |VNW                                        
VPW                                        |VPW                                        
VSS                                        |VSS                                        
---------------------------------------------------------------------------------------
Cell pin lists are equivalent.
Device classes gf180mcu_fd_sc_mcu7t5v0__nor2_2 and gf180mcu_fd_sc_mcu7t5v0__nor2_2 are equivalent.

Cell gf180mcu_fd_sc_mcu7t5v0__oai221_1 (0) disconnected node: A1
Cell gf180mcu_fd_sc_mcu7t5v0__oai221_1 (0) disconnected node: A2
Cell gf180mcu_fd_sc_mcu7t5v0__oai221_1 (0) disconnected node: B1
Cell gf180mcu_fd_sc_mcu7t5v0__oai221_1 (0) disconnected node: B2
Cell gf180mcu_fd_sc_mcu7t5v0__oai221_1 (0) disconnected node: C
Cell gf180mcu_fd_sc_mcu7t5v0__oai221_1 (0) disconnected node: ZN
Cell gf180mcu_fd_sc_mcu7t5v0__oai221_1 (0) disconnected node: VDD
Cell gf180mcu_fd_sc_mcu7t5v0__oai221_1 (0) disconnected node: VNW
Cell gf180mcu_fd_sc_mcu7t5v0__oai221_1 (0) disconnected node: VPW
Cell gf180mcu_fd_sc_mcu7t5v0__oai221_1 (0) disconnected node: VSS

Subcircuit pins:
Circuit 1: gf180mcu_fd_sc_mcu7t5v0__oai221 |Circuit 2: gf180mcu_fd_sc_mcu7t5v0__oai221 
-------------------------------------------|-------------------------------------------
A1                                         |A1                                         
A2                                         |A2                                         
B1                                         |B1                                         
B2                                         |B2                                         
C                                          |C                                          
ZN                                         |ZN                                         
VDD                                        |VDD                                        
VNW                                        |VNW                                        
VPW                                        |VPW                                        
VSS                                        |VSS                                        
---------------------------------------------------------------------------------------
Cell pin lists are equivalent.
Device classes gf180mcu_fd_sc_mcu7t5v0__oai221_1 and gf180mcu_fd_sc_mcu7t5v0__oai221_1 are equivalent.

Cell gf180mcu_fd_sc_mcu7t5v0__buf_4 (0) disconnected node: I
Cell gf180mcu_fd_sc_mcu7t5v0__buf_4 (0) disconnected node: Z
Cell gf180mcu_fd_sc_mcu7t5v0__buf_4 (0) disconnected node: VDD
Cell gf180mcu_fd_sc_mcu7t5v0__buf_4 (0) disconnected node: VNW
Cell gf180mcu_fd_sc_mcu7t5v0__buf_4 (0) disconnected node: VPW
Cell gf180mcu_fd_sc_mcu7t5v0__buf_4 (0) disconnected node: VSS

Subcircuit pins:
Circuit 1: gf180mcu_fd_sc_mcu7t5v0__buf_4  |Circuit 2: gf180mcu_fd_sc_mcu7t5v0__buf_4  
-------------------------------------------|-------------------------------------------
I                                          |I                                          
Z                                          |Z                                          
VDD                                        |VDD                                        
VNW                                        |VNW                                        
VPW                                        |VPW                                        
VSS                                        |VSS                                        
---------------------------------------------------------------------------------------
Cell pin lists are equivalent.
Device classes gf180mcu_fd_sc_mcu7t5v0__buf_4 and gf180mcu_fd_sc_mcu7t5v0__buf_4 are equivalent.

Cell gf180mcu_fd_sc_mcu7t5v0__nor2_1 (0) disconnected node: A1
Cell gf180mcu_fd_sc_mcu7t5v0__nor2_1 (0) disconnected node: A2
Cell gf180mcu_fd_sc_mcu7t5v0__nor2_1 (0) disconnected node: ZN
Cell gf180mcu_fd_sc_mcu7t5v0__nor2_1 (0) disconnected node: VDD
Cell gf180mcu_fd_sc_mcu7t5v0__nor2_1 (0) disconnected node: VNW
Cell gf180mcu_fd_sc_mcu7t5v0__nor2_1 (0) disconnected node: VPW
Cell gf180mcu_fd_sc_mcu7t5v0__nor2_1 (0) disconnected node: VSS

Subcircuit pins:
Circuit 1: gf180mcu_fd_sc_mcu7t5v0__nor2_1 |Circuit 2: gf180mcu_fd_sc_mcu7t5v0__nor2_1 
-------------------------------------------|-------------------------------------------
A1                                         |A1                                         
A2                                         |A2                                         
ZN                                         |ZN                                         
VDD                                        |VDD                                        
VNW                                        |VNW                                        
VPW                                        |VPW                                        
VSS                                        |VSS                                        
---------------------------------------------------------------------------------------
Cell pin lists are equivalent.
Device classes gf180mcu_fd_sc_mcu7t5v0__nor2_1 and gf180mcu_fd_sc_mcu7t5v0__nor2_1 are equivalent.

Cell gf180mcu_fd_sc_mcu7t5v0__aoi22_4 (0) disconnected node: A1
Cell gf180mcu_fd_sc_mcu7t5v0__aoi22_4 (0) disconnected node: A2
Cell gf180mcu_fd_sc_mcu7t5v0__aoi22_4 (0) disconnected node: B1
Cell gf180mcu_fd_sc_mcu7t5v0__aoi22_4 (0) disconnected node: B2
Cell gf180mcu_fd_sc_mcu7t5v0__aoi22_4 (0) disconnected node: ZN
Cell gf180mcu_fd_sc_mcu7t5v0__aoi22_4 (0) disconnected node: VDD
Cell gf180mcu_fd_sc_mcu7t5v0__aoi22_4 (0) disconnected node: VNW
Cell gf180mcu_fd_sc_mcu7t5v0__aoi22_4 (0) disconnected node: VPW
Cell gf180mcu_fd_sc_mcu7t5v0__aoi22_4 (0) disconnected node: VSS

Subcircuit pins:
Circuit 1: gf180mcu_fd_sc_mcu7t5v0__aoi22_ |Circuit 2: gf180mcu_fd_sc_mcu7t5v0__aoi22_ 
-------------------------------------------|-------------------------------------------
A1                                         |A1                                         
A2                                         |A2                                         
B1                                         |B1                                         
B2                                         |B2                                         
ZN                                         |ZN                                         
VDD                                        |VDD                                        
VNW                                        |VNW                                        
VPW                                        |VPW                                        
VSS                                        |VSS                                        
---------------------------------------------------------------------------------------
Cell pin lists are equivalent.
Device classes gf180mcu_fd_sc_mcu7t5v0__aoi22_4 and gf180mcu_fd_sc_mcu7t5v0__aoi22_4 are equivalent.

Cell gf180mcu_fd_sc_mcu7t5v0__nor4_2 (0) disconnected node: A1
Cell gf180mcu_fd_sc_mcu7t5v0__nor4_2 (0) disconnected node: A2
Cell gf180mcu_fd_sc_mcu7t5v0__nor4_2 (0) disconnected node: A3
Cell gf180mcu_fd_sc_mcu7t5v0__nor4_2 (0) disconnected node: A4
Cell gf180mcu_fd_sc_mcu7t5v0__nor4_2 (0) disconnected node: ZN
Cell gf180mcu_fd_sc_mcu7t5v0__nor4_2 (0) disconnected node: VDD
Cell gf180mcu_fd_sc_mcu7t5v0__nor4_2 (0) disconnected node: VNW
Cell gf180mcu_fd_sc_mcu7t5v0__nor4_2 (0) disconnected node: VPW
Cell gf180mcu_fd_sc_mcu7t5v0__nor4_2 (0) disconnected node: VSS

Subcircuit pins:
Circuit 1: gf180mcu_fd_sc_mcu7t5v0__nor4_2 |Circuit 2: gf180mcu_fd_sc_mcu7t5v0__nor4_2 
-------------------------------------------|-------------------------------------------
A1                                         |A1                                         
A2                                         |A2                                         
A3                                         |A3                                         
A4                                         |A4                                         
ZN                                         |ZN                                         
VDD                                        |VDD                                        
VNW                                        |VNW                                        
VPW                                        |VPW                                        
VSS                                        |VSS                                        
---------------------------------------------------------------------------------------
Cell pin lists are equivalent.
Device classes gf180mcu_fd_sc_mcu7t5v0__nor4_2 and gf180mcu_fd_sc_mcu7t5v0__nor4_2 are equivalent.

Cell gf180mcu_fd_sc_mcu7t5v0__clkbuf_4 (0) disconnected node: I
Cell gf180mcu_fd_sc_mcu7t5v0__clkbuf_4 (0) disconnected node: Z
Cell gf180mcu_fd_sc_mcu7t5v0__clkbuf_4 (0) disconnected node: VDD
Cell gf180mcu_fd_sc_mcu7t5v0__clkbuf_4 (0) disconnected node: VNW
Cell gf180mcu_fd_sc_mcu7t5v0__clkbuf_4 (0) disconnected node: VPW
Cell gf180mcu_fd_sc_mcu7t5v0__clkbuf_4 (0) disconnected node: VSS

Subcircuit pins:
Circuit 1: gf180mcu_fd_sc_mcu7t5v0__clkbuf |Circuit 2: gf180mcu_fd_sc_mcu7t5v0__clkbuf 
-------------------------------------------|-------------------------------------------
I                                          |I                                          
Z                                          |Z                                          
VDD                                        |VDD                                        
VNW                                        |VNW                                        
VPW                                        |VPW                                        
VSS                                        |VSS                                        
---------------------------------------------------------------------------------------
Cell pin lists are equivalent.
Device classes gf180mcu_fd_sc_mcu7t5v0__clkbuf_4 and gf180mcu_fd_sc_mcu7t5v0__clkbuf_4 are equivalent.

Cell gf180mcu_fd_sc_mcu7t5v0__and4_1 (0) disconnected node: A1
Cell gf180mcu_fd_sc_mcu7t5v0__and4_1 (0) disconnected node: A2
Cell gf180mcu_fd_sc_mcu7t5v0__and4_1 (0) disconnected node: A3
Cell gf180mcu_fd_sc_mcu7t5v0__and4_1 (0) disconnected node: A4
Cell gf180mcu_fd_sc_mcu7t5v0__and4_1 (0) disconnected node: Z
Cell gf180mcu_fd_sc_mcu7t5v0__and4_1 (0) disconnected node: VDD
Cell gf180mcu_fd_sc_mcu7t5v0__and4_1 (0) disconnected node: VNW
Cell gf180mcu_fd_sc_mcu7t5v0__and4_1 (0) disconnected node: VPW
Cell gf180mcu_fd_sc_mcu7t5v0__and4_1 (0) disconnected node: VSS

Subcircuit pins:
Circuit 1: gf180mcu_fd_sc_mcu7t5v0__and4_1 |Circuit 2: gf180mcu_fd_sc_mcu7t5v0__and4_1 
-------------------------------------------|-------------------------------------------
A1                                         |A1                                         
A2                                         |A2                                         
A3                                         |A3                                         
A4                                         |A4                                         
Z                                          |Z                                          
VDD                                        |VDD                                        
VNW                                        |VNW                                        
VPW                                        |VPW                                        
VSS                                        |VSS                                        
---------------------------------------------------------------------------------------
Cell pin lists are equivalent.
Device classes gf180mcu_fd_sc_mcu7t5v0__and4_1 and gf180mcu_fd_sc_mcu7t5v0__and4_1 are equivalent.

Cell gf180mcu_fd_sc_mcu7t5v0__or4_1 (0) disconnected node: A1
Cell gf180mcu_fd_sc_mcu7t5v0__or4_1 (0) disconnected node: A2
Cell gf180mcu_fd_sc_mcu7t5v0__or4_1 (0) disconnected node: A3
Cell gf180mcu_fd_sc_mcu7t5v0__or4_1 (0) disconnected node: A4
Cell gf180mcu_fd_sc_mcu7t5v0__or4_1 (0) disconnected node: Z
Cell gf180mcu_fd_sc_mcu7t5v0__or4_1 (0) disconnected node: VDD
Cell gf180mcu_fd_sc_mcu7t5v0__or4_1 (0) disconnected node: VNW
Cell gf180mcu_fd_sc_mcu7t5v0__or4_1 (0) disconnected node: VPW
Cell gf180mcu_fd_sc_mcu7t5v0__or4_1 (0) disconnected node: VSS

Subcircuit pins:
Circuit 1: gf180mcu_fd_sc_mcu7t5v0__or4_1  |Circuit 2: gf180mcu_fd_sc_mcu7t5v0__or4_1  
-------------------------------------------|-------------------------------------------
A1                                         |A1                                         
A2                                         |A2                                         
A3                                         |A3                                         
A4                                         |A4                                         
Z                                          |Z                                          
VDD                                        |VDD                                        
VNW                                        |VNW                                        
VPW                                        |VPW                                        
VSS                                        |VSS                                        
---------------------------------------------------------------------------------------
Cell pin lists are equivalent.
Device classes gf180mcu_fd_sc_mcu7t5v0__or4_1 and gf180mcu_fd_sc_mcu7t5v0__or4_1 are equivalent.

Cell gf180mcu_fd_sc_mcu7t5v0__clkbuf_8 (0) disconnected node: I
Cell gf180mcu_fd_sc_mcu7t5v0__clkbuf_8 (0) disconnected node: Z
Cell gf180mcu_fd_sc_mcu7t5v0__clkbuf_8 (0) disconnected node: VDD
Cell gf180mcu_fd_sc_mcu7t5v0__clkbuf_8 (0) disconnected node: VNW
Cell gf180mcu_fd_sc_mcu7t5v0__clkbuf_8 (0) disconnected node: VPW
Cell gf180mcu_fd_sc_mcu7t5v0__clkbuf_8 (0) disconnected node: VSS

Subcircuit pins:
Circuit 1: gf180mcu_fd_sc_mcu7t5v0__clkbuf |Circuit 2: gf180mcu_fd_sc_mcu7t5v0__clkbuf 
-------------------------------------------|-------------------------------------------
I                                          |I                                          
Z                                          |Z                                          
VDD                                        |VDD                                        
VNW                                        |VNW                                        
VPW                                        |VPW                                        
VSS                                        |VSS                                        
---------------------------------------------------------------------------------------
Cell pin lists are equivalent.
Device classes gf180mcu_fd_sc_mcu7t5v0__clkbuf_8 and gf180mcu_fd_sc_mcu7t5v0__clkbuf_8 are equivalent.

Cell gf180mcu_fd_sc_mcu7t5v0__aoi221_1 (0) disconnected node: A1
Cell gf180mcu_fd_sc_mcu7t5v0__aoi221_1 (0) disconnected node: A2
Cell gf180mcu_fd_sc_mcu7t5v0__aoi221_1 (0) disconnected node: B1
Cell gf180mcu_fd_sc_mcu7t5v0__aoi221_1 (0) disconnected node: B2
Cell gf180mcu_fd_sc_mcu7t5v0__aoi221_1 (0) disconnected node: C
Cell gf180mcu_fd_sc_mcu7t5v0__aoi221_1 (0) disconnected node: ZN
Cell gf180mcu_fd_sc_mcu7t5v0__aoi221_1 (0) disconnected node: VDD
Cell gf180mcu_fd_sc_mcu7t5v0__aoi221_1 (0) disconnected node: VNW
Cell gf180mcu_fd_sc_mcu7t5v0__aoi221_1 (0) disconnected node: VPW
Cell gf180mcu_fd_sc_mcu7t5v0__aoi221_1 (0) disconnected node: VSS

Subcircuit pins:
Circuit 1: gf180mcu_fd_sc_mcu7t5v0__aoi221 |Circuit 2: gf180mcu_fd_sc_mcu7t5v0__aoi221 
-------------------------------------------|-------------------------------------------
A1                                         |A1                                         
A2                                         |A2                                         
B1                                         |B1                                         
B2                                         |B2                                         
C                                          |C                                          
ZN                                         |ZN                                         
VDD                                        |VDD                                        
VNW                                        |VNW                                        
VPW                                        |VPW                                        
VSS                                        |VSS                                        
---------------------------------------------------------------------------------------
Cell pin lists are equivalent.
Device classes gf180mcu_fd_sc_mcu7t5v0__aoi221_1 and gf180mcu_fd_sc_mcu7t5v0__aoi221_1 are equivalent.

Cell gf180mcu_fd_sc_mcu7t5v0__clkinv_2 (0) disconnected node: I
Cell gf180mcu_fd_sc_mcu7t5v0__clkinv_2 (0) disconnected node: ZN
Cell gf180mcu_fd_sc_mcu7t5v0__clkinv_2 (0) disconnected node: VDD
Cell gf180mcu_fd_sc_mcu7t5v0__clkinv_2 (0) disconnected node: VNW
Cell gf180mcu_fd_sc_mcu7t5v0__clkinv_2 (0) disconnected node: VPW
Cell gf180mcu_fd_sc_mcu7t5v0__clkinv_2 (0) disconnected node: VSS

Subcircuit pins:
Circuit 1: gf180mcu_fd_sc_mcu7t5v0__clkinv |Circuit 2: gf180mcu_fd_sc_mcu7t5v0__clkinv 
-------------------------------------------|-------------------------------------------
I                                          |I                                          
ZN                                         |ZN                                         
VDD                                        |VDD                                        
VNW                                        |VNW                                        
VPW                                        |VPW                                        
VSS                                        |VSS                                        
---------------------------------------------------------------------------------------
Cell pin lists are equivalent.
Device classes gf180mcu_fd_sc_mcu7t5v0__clkinv_2 and gf180mcu_fd_sc_mcu7t5v0__clkinv_2 are equivalent.

Cell gf180mcu_fd_sc_mcu7t5v0__nand3_1 (0) disconnected node: A1
Cell gf180mcu_fd_sc_mcu7t5v0__nand3_1 (0) disconnected node: A2
Cell gf180mcu_fd_sc_mcu7t5v0__nand3_1 (0) disconnected node: A3
Cell gf180mcu_fd_sc_mcu7t5v0__nand3_1 (0) disconnected node: ZN
Cell gf180mcu_fd_sc_mcu7t5v0__nand3_1 (0) disconnected node: VDD
Cell gf180mcu_fd_sc_mcu7t5v0__nand3_1 (0) disconnected node: VNW
Cell gf180mcu_fd_sc_mcu7t5v0__nand3_1 (0) disconnected node: VPW
Cell gf180mcu_fd_sc_mcu7t5v0__nand3_1 (0) disconnected node: VSS

Subcircuit pins:
Circuit 1: gf180mcu_fd_sc_mcu7t5v0__nand3_ |Circuit 2: gf180mcu_fd_sc_mcu7t5v0__nand3_ 
-------------------------------------------|-------------------------------------------
A1                                         |A1                                         
A2                                         |A2                                         
A3                                         |A3                                         
ZN                                         |ZN                                         
VDD                                        |VDD                                        
VNW                                        |VNW                                        
VPW                                        |VPW                                        
VSS                                        |VSS                                        
---------------------------------------------------------------------------------------
Cell pin lists are equivalent.
Device classes gf180mcu_fd_sc_mcu7t5v0__nand3_1 and gf180mcu_fd_sc_mcu7t5v0__nand3_1 are equivalent.

Cell gf180mcu_fd_sc_mcu7t5v0__and3_2 (0) disconnected node: A1
Cell gf180mcu_fd_sc_mcu7t5v0__and3_2 (0) disconnected node: A2
Cell gf180mcu_fd_sc_mcu7t5v0__and3_2 (0) disconnected node: A3
Cell gf180mcu_fd_sc_mcu7t5v0__and3_2 (0) disconnected node: Z
Cell gf180mcu_fd_sc_mcu7t5v0__and3_2 (0) disconnected node: VDD
Cell gf180mcu_fd_sc_mcu7t5v0__and3_2 (0) disconnected node: VNW
Cell gf180mcu_fd_sc_mcu7t5v0__and3_2 (0) disconnected node: VPW
Cell gf180mcu_fd_sc_mcu7t5v0__and3_2 (0) disconnected node: VSS

Subcircuit pins:
Circuit 1: gf180mcu_fd_sc_mcu7t5v0__and3_2 |Circuit 2: gf180mcu_fd_sc_mcu7t5v0__and3_2 
-------------------------------------------|-------------------------------------------
A1                                         |A1                                         
A2                                         |A2                                         
A3                                         |A3                                         
Z                                          |Z                                          
VDD                                        |VDD                                        
VNW                                        |VNW                                        
VPW                                        |VPW                                        
VSS                                        |VSS                                        
---------------------------------------------------------------------------------------
Cell pin lists are equivalent.
Device classes gf180mcu_fd_sc_mcu7t5v0__and3_2 and gf180mcu_fd_sc_mcu7t5v0__and3_2 are equivalent.

Cell gf180mcu_fd_sc_mcu7t5v0__inv_4 (0) disconnected node: I
Cell gf180mcu_fd_sc_mcu7t5v0__inv_4 (0) disconnected node: ZN
Cell gf180mcu_fd_sc_mcu7t5v0__inv_4 (0) disconnected node: VDD
Cell gf180mcu_fd_sc_mcu7t5v0__inv_4 (0) disconnected node: VNW
Cell gf180mcu_fd_sc_mcu7t5v0__inv_4 (0) disconnected node: VPW
Cell gf180mcu_fd_sc_mcu7t5v0__inv_4 (0) disconnected node: VSS

Subcircuit pins:
Circuit 1: gf180mcu_fd_sc_mcu7t5v0__inv_4  |Circuit 2: gf180mcu_fd_sc_mcu7t5v0__inv_4  
-------------------------------------------|-------------------------------------------
I                                          |I                                          
ZN                                         |ZN                                         
VDD                                        |VDD                                        
VNW                                        |VNW                                        
VPW                                        |VPW                                        
VSS                                        |VSS                                        
---------------------------------------------------------------------------------------
Cell pin lists are equivalent.
Device classes gf180mcu_fd_sc_mcu7t5v0__inv_4 and gf180mcu_fd_sc_mcu7t5v0__inv_4 are equivalent.

Cell gf180mcu_fd_sc_mcu7t5v0__nand3_2 (0) disconnected node: A1
Cell gf180mcu_fd_sc_mcu7t5v0__nand3_2 (0) disconnected node: A2
Cell gf180mcu_fd_sc_mcu7t5v0__nand3_2 (0) disconnected node: A3
Cell gf180mcu_fd_sc_mcu7t5v0__nand3_2 (0) disconnected node: ZN
Cell gf180mcu_fd_sc_mcu7t5v0__nand3_2 (0) disconnected node: VDD
Cell gf180mcu_fd_sc_mcu7t5v0__nand3_2 (0) disconnected node: VNW
Cell gf180mcu_fd_sc_mcu7t5v0__nand3_2 (0) disconnected node: VPW
Cell gf180mcu_fd_sc_mcu7t5v0__nand3_2 (0) disconnected node: VSS

Subcircuit pins:
Circuit 1: gf180mcu_fd_sc_mcu7t5v0__nand3_ |Circuit 2: gf180mcu_fd_sc_mcu7t5v0__nand3_ 
-------------------------------------------|-------------------------------------------
A1                                         |A1                                         
A2                                         |A2                                         
A3                                         |A3                                         
ZN                                         |ZN                                         
VDD                                        |VDD                                        
VNW                                        |VNW                                        
VPW                                        |VPW                                        
VSS                                        |VSS                                        
---------------------------------------------------------------------------------------
Cell pin lists are equivalent.
Device classes gf180mcu_fd_sc_mcu7t5v0__nand3_2 and gf180mcu_fd_sc_mcu7t5v0__nand3_2 are equivalent.

Cell gf180mcu_fd_sc_mcu7t5v0__clkbuf_16 (0) disconnected node: I
Cell gf180mcu_fd_sc_mcu7t5v0__clkbuf_16 (0) disconnected node: Z
Cell gf180mcu_fd_sc_mcu7t5v0__clkbuf_16 (0) disconnected node: VDD
Cell gf180mcu_fd_sc_mcu7t5v0__clkbuf_16 (0) disconnected node: VNW
Cell gf180mcu_fd_sc_mcu7t5v0__clkbuf_16 (0) disconnected node: VPW
Cell gf180mcu_fd_sc_mcu7t5v0__clkbuf_16 (0) disconnected node: VSS

Subcircuit pins:
Circuit 1: gf180mcu_fd_sc_mcu7t5v0__clkbuf |Circuit 2: gf180mcu_fd_sc_mcu7t5v0__clkbuf 
-------------------------------------------|-------------------------------------------
I                                          |I                                          
Z                                          |Z                                          
VDD                                        |VDD                                        
VNW                                        |VNW                                        
VPW                                        |VPW                                        
VSS                                        |VSS                                        
---------------------------------------------------------------------------------------
Cell pin lists are equivalent.
Device classes gf180mcu_fd_sc_mcu7t5v0__clkbuf_16 and gf180mcu_fd_sc_mcu7t5v0__clkbuf_16 are equivalent.

Cell gf180mcu_fd_sc_mcu7t5v0__nor4_4 (0) disconnected node: A1
Cell gf180mcu_fd_sc_mcu7t5v0__nor4_4 (0) disconnected node: A2
Cell gf180mcu_fd_sc_mcu7t5v0__nor4_4 (0) disconnected node: A3
Cell gf180mcu_fd_sc_mcu7t5v0__nor4_4 (0) disconnected node: A4
Cell gf180mcu_fd_sc_mcu7t5v0__nor4_4 (0) disconnected node: ZN
Cell gf180mcu_fd_sc_mcu7t5v0__nor4_4 (0) disconnected node: VDD
Cell gf180mcu_fd_sc_mcu7t5v0__nor4_4 (0) disconnected node: VNW
Cell gf180mcu_fd_sc_mcu7t5v0__nor4_4 (0) disconnected node: VPW
Cell gf180mcu_fd_sc_mcu7t5v0__nor4_4 (0) disconnected node: VSS

Subcircuit pins:
Circuit 1: gf180mcu_fd_sc_mcu7t5v0__nor4_4 |Circuit 2: gf180mcu_fd_sc_mcu7t5v0__nor4_4 
-------------------------------------------|-------------------------------------------
A1                                         |A1                                         
A2                                         |A2                                         
A3                                         |A3                                         
A4                                         |A4                                         
ZN                                         |ZN                                         
VDD                                        |VDD                                        
VNW                                        |VNW                                        
VPW                                        |VPW                                        
VSS                                        |VSS                                        
---------------------------------------------------------------------------------------
Cell pin lists are equivalent.
Device classes gf180mcu_fd_sc_mcu7t5v0__nor4_4 and gf180mcu_fd_sc_mcu7t5v0__nor4_4 are equivalent.

Cell gf180mcu_fd_sc_mcu7t5v0__xor2_1 (0) disconnected node: A1
Cell gf180mcu_fd_sc_mcu7t5v0__xor2_1 (0) disconnected node: A2
Cell gf180mcu_fd_sc_mcu7t5v0__xor2_1 (0) disconnected node: Z
Cell gf180mcu_fd_sc_mcu7t5v0__xor2_1 (0) disconnected node: VDD
Cell gf180mcu_fd_sc_mcu7t5v0__xor2_1 (0) disconnected node: VNW
Cell gf180mcu_fd_sc_mcu7t5v0__xor2_1 (0) disconnected node: VPW
Cell gf180mcu_fd_sc_mcu7t5v0__xor2_1 (0) disconnected node: VSS

Subcircuit pins:
Circuit 1: gf180mcu_fd_sc_mcu7t5v0__xor2_1 |Circuit 2: gf180mcu_fd_sc_mcu7t5v0__xor2_1 
-------------------------------------------|-------------------------------------------
A1                                         |A1                                         
A2                                         |A2                                         
Z                                          |Z                                          
VDD                                        |VDD                                        
VNW                                        |VNW                                        
VPW                                        |VPW                                        
VSS                                        |VSS                                        
---------------------------------------------------------------------------------------
Cell pin lists are equivalent.
Device classes gf180mcu_fd_sc_mcu7t5v0__xor2_1 and gf180mcu_fd_sc_mcu7t5v0__xor2_1 are equivalent.

Cell gf180mcu_fd_sc_mcu7t5v0__or3_1 (0) disconnected node: A1
Cell gf180mcu_fd_sc_mcu7t5v0__or3_1 (0) disconnected node: A2
Cell gf180mcu_fd_sc_mcu7t5v0__or3_1 (0) disconnected node: A3
Cell gf180mcu_fd_sc_mcu7t5v0__or3_1 (0) disconnected node: Z
Cell gf180mcu_fd_sc_mcu7t5v0__or3_1 (0) disconnected node: VDD
Cell gf180mcu_fd_sc_mcu7t5v0__or3_1 (0) disconnected node: VNW
Cell gf180mcu_fd_sc_mcu7t5v0__or3_1 (0) disconnected node: VPW
Cell gf180mcu_fd_sc_mcu7t5v0__or3_1 (0) disconnected node: VSS

Subcircuit pins:
Circuit 1: gf180mcu_fd_sc_mcu7t5v0__or3_1  |Circuit 2: gf180mcu_fd_sc_mcu7t5v0__or3_1  
-------------------------------------------|-------------------------------------------
A1                                         |A1                                         
A2                                         |A2                                         
A3                                         |A3                                         
Z                                          |Z                                          
VDD                                        |VDD                                        
VNW                                        |VNW                                        
VPW                                        |VPW                                        
VSS                                        |VSS                                        
---------------------------------------------------------------------------------------
Cell pin lists are equivalent.
Device classes gf180mcu_fd_sc_mcu7t5v0__or3_1 and gf180mcu_fd_sc_mcu7t5v0__or3_1 are equivalent.

Cell gf180mcu_fd_sc_mcu7t5v0__nand2_2 (0) disconnected node: A1
Cell gf180mcu_fd_sc_mcu7t5v0__nand2_2 (0) disconnected node: A2
Cell gf180mcu_fd_sc_mcu7t5v0__nand2_2 (0) disconnected node: ZN
Cell gf180mcu_fd_sc_mcu7t5v0__nand2_2 (0) disconnected node: VDD
Cell gf180mcu_fd_sc_mcu7t5v0__nand2_2 (0) disconnected node: VNW
Cell gf180mcu_fd_sc_mcu7t5v0__nand2_2 (0) disconnected node: VPW
Cell gf180mcu_fd_sc_mcu7t5v0__nand2_2 (0) disconnected node: VSS

Subcircuit pins:
Circuit 1: gf180mcu_fd_sc_mcu7t5v0__nand2_ |Circuit 2: gf180mcu_fd_sc_mcu7t5v0__nand2_ 
-------------------------------------------|-------------------------------------------
A1                                         |A1                                         
A2                                         |A2                                         
ZN                                         |ZN                                         
VDD                                        |VDD                                        
VNW                                        |VNW                                        
VPW                                        |VPW                                        
VSS                                        |VSS                                        
---------------------------------------------------------------------------------------
Cell pin lists are equivalent.
Device classes gf180mcu_fd_sc_mcu7t5v0__nand2_2 and gf180mcu_fd_sc_mcu7t5v0__nand2_2 are equivalent.

Cell gf180mcu_fd_sc_mcu7t5v0__inv_3 (0) disconnected node: I
Cell gf180mcu_fd_sc_mcu7t5v0__inv_3 (0) disconnected node: ZN
Cell gf180mcu_fd_sc_mcu7t5v0__inv_3 (0) disconnected node: VDD
Cell gf180mcu_fd_sc_mcu7t5v0__inv_3 (0) disconnected node: VNW
Cell gf180mcu_fd_sc_mcu7t5v0__inv_3 (0) disconnected node: VPW
Cell gf180mcu_fd_sc_mcu7t5v0__inv_3 (0) disconnected node: VSS

Subcircuit pins:
Circuit 1: gf180mcu_fd_sc_mcu7t5v0__inv_3  |Circuit 2: gf180mcu_fd_sc_mcu7t5v0__inv_3  
-------------------------------------------|-------------------------------------------
I                                          |I                                          
ZN                                         |ZN                                         
VDD                                        |VDD                                        
VNW                                        |VNW                                        
VPW                                        |VPW                                        
VSS                                        |VSS                                        
---------------------------------------------------------------------------------------
Cell pin lists are equivalent.
Device classes gf180mcu_fd_sc_mcu7t5v0__inv_3 and gf180mcu_fd_sc_mcu7t5v0__inv_3 are equivalent.

Cell gf180mcu_fd_sc_mcu7t5v0__aoi221_4 (0) disconnected node: A1
Cell gf180mcu_fd_sc_mcu7t5v0__aoi221_4 (0) disconnected node: A2
Cell gf180mcu_fd_sc_mcu7t5v0__aoi221_4 (0) disconnected node: B1
Cell gf180mcu_fd_sc_mcu7t5v0__aoi221_4 (0) disconnected node: B2
Cell gf180mcu_fd_sc_mcu7t5v0__aoi221_4 (0) disconnected node: C
Cell gf180mcu_fd_sc_mcu7t5v0__aoi221_4 (0) disconnected node: ZN
Cell gf180mcu_fd_sc_mcu7t5v0__aoi221_4 (0) disconnected node: VDD
Cell gf180mcu_fd_sc_mcu7t5v0__aoi221_4 (0) disconnected node: VNW
Cell gf180mcu_fd_sc_mcu7t5v0__aoi221_4 (0) disconnected node: VPW
Cell gf180mcu_fd_sc_mcu7t5v0__aoi221_4 (0) disconnected node: VSS

Subcircuit pins:
Circuit 1: gf180mcu_fd_sc_mcu7t5v0__aoi221 |Circuit 2: gf180mcu_fd_sc_mcu7t5v0__aoi221 
-------------------------------------------|-------------------------------------------
A1                                         |A1                                         
A2                                         |A2                                         
B1                                         |B1                                         
B2                                         |B2                                         
C                                          |C                                          
ZN                                         |ZN                                         
VDD                                        |VDD                                        
VNW                                        |VNW                                        
VPW                                        |VPW                                        
VSS                                        |VSS                                        
---------------------------------------------------------------------------------------
Cell pin lists are equivalent.
Device classes gf180mcu_fd_sc_mcu7t5v0__aoi221_4 and gf180mcu_fd_sc_mcu7t5v0__aoi221_4 are equivalent.

Cell gf180mcu_fd_sc_mcu7t5v0__nor4_1 (0) disconnected node: A1
Cell gf180mcu_fd_sc_mcu7t5v0__nor4_1 (0) disconnected node: A2
Cell gf180mcu_fd_sc_mcu7t5v0__nor4_1 (0) disconnected node: A3
Cell gf180mcu_fd_sc_mcu7t5v0__nor4_1 (0) disconnected node: A4
Cell gf180mcu_fd_sc_mcu7t5v0__nor4_1 (0) disconnected node: ZN
Cell gf180mcu_fd_sc_mcu7t5v0__nor4_1 (0) disconnected node: VDD
Cell gf180mcu_fd_sc_mcu7t5v0__nor4_1 (0) disconnected node: VNW
Cell gf180mcu_fd_sc_mcu7t5v0__nor4_1 (0) disconnected node: VPW
Cell gf180mcu_fd_sc_mcu7t5v0__nor4_1 (0) disconnected node: VSS

Subcircuit pins:
Circuit 1: gf180mcu_fd_sc_mcu7t5v0__nor4_1 |Circuit 2: gf180mcu_fd_sc_mcu7t5v0__nor4_1 
-------------------------------------------|-------------------------------------------
A1                                         |A1                                         
A2                                         |A2                                         
A3                                         |A3                                         
A4                                         |A4                                         
ZN                                         |ZN                                         
VDD                                        |VDD                                        
VNW                                        |VNW                                        
VPW                                        |VPW                                        
VSS                                        |VSS                                        
---------------------------------------------------------------------------------------
Cell pin lists are equivalent.
Device classes gf180mcu_fd_sc_mcu7t5v0__nor4_1 and gf180mcu_fd_sc_mcu7t5v0__nor4_1 are equivalent.

Cell gf180mcu_fd_sc_mcu7t5v0__and3_1 (0) disconnected node: A1
Cell gf180mcu_fd_sc_mcu7t5v0__and3_1 (0) disconnected node: A2
Cell gf180mcu_fd_sc_mcu7t5v0__and3_1 (0) disconnected node: A3
Cell gf180mcu_fd_sc_mcu7t5v0__and3_1 (0) disconnected node: Z
Cell gf180mcu_fd_sc_mcu7t5v0__and3_1 (0) disconnected node: VDD
Cell gf180mcu_fd_sc_mcu7t5v0__and3_1 (0) disconnected node: VNW
Cell gf180mcu_fd_sc_mcu7t5v0__and3_1 (0) disconnected node: VPW
Cell gf180mcu_fd_sc_mcu7t5v0__and3_1 (0) disconnected node: VSS

Subcircuit pins:
Circuit 1: gf180mcu_fd_sc_mcu7t5v0__and3_1 |Circuit 2: gf180mcu_fd_sc_mcu7t5v0__and3_1 
-------------------------------------------|-------------------------------------------
A1                                         |A1                                         
A2                                         |A2                                         
A3                                         |A3                                         
Z                                          |Z                                          
VDD                                        |VDD                                        
VNW                                        |VNW                                        
VPW                                        |VPW                                        
VSS                                        |VSS                                        
---------------------------------------------------------------------------------------
Cell pin lists are equivalent.
Device classes gf180mcu_fd_sc_mcu7t5v0__and3_1 and gf180mcu_fd_sc_mcu7t5v0__and3_1 are equivalent.

Cell gf180mcu_fd_sc_mcu7t5v0__inv_2 (0) disconnected node: I
Cell gf180mcu_fd_sc_mcu7t5v0__inv_2 (0) disconnected node: ZN
Cell gf180mcu_fd_sc_mcu7t5v0__inv_2 (0) disconnected node: VDD
Cell gf180mcu_fd_sc_mcu7t5v0__inv_2 (0) disconnected node: VNW
Cell gf180mcu_fd_sc_mcu7t5v0__inv_2 (0) disconnected node: VPW
Cell gf180mcu_fd_sc_mcu7t5v0__inv_2 (0) disconnected node: VSS

Subcircuit pins:
Circuit 1: gf180mcu_fd_sc_mcu7t5v0__inv_2  |Circuit 2: gf180mcu_fd_sc_mcu7t5v0__inv_2  
-------------------------------------------|-------------------------------------------
I                                          |I                                          
ZN                                         |ZN                                         
VDD                                        |VDD                                        
VNW                                        |VNW                                        
VPW                                        |VPW                                        
VSS                                        |VSS                                        
---------------------------------------------------------------------------------------
Cell pin lists are equivalent.
Device classes gf180mcu_fd_sc_mcu7t5v0__inv_2 and gf180mcu_fd_sc_mcu7t5v0__inv_2 are equivalent.

Cell gf180mcu_fd_sc_mcu7t5v0__aoi21_4 (0) disconnected node: A1
Cell gf180mcu_fd_sc_mcu7t5v0__aoi21_4 (0) disconnected node: A2
Cell gf180mcu_fd_sc_mcu7t5v0__aoi21_4 (0) disconnected node: B
Cell gf180mcu_fd_sc_mcu7t5v0__aoi21_4 (0) disconnected node: ZN
Cell gf180mcu_fd_sc_mcu7t5v0__aoi21_4 (0) disconnected node: VDD
Cell gf180mcu_fd_sc_mcu7t5v0__aoi21_4 (0) disconnected node: VNW
Cell gf180mcu_fd_sc_mcu7t5v0__aoi21_4 (0) disconnected node: VPW
Cell gf180mcu_fd_sc_mcu7t5v0__aoi21_4 (0) disconnected node: VSS

Subcircuit pins:
Circuit 1: gf180mcu_fd_sc_mcu7t5v0__aoi21_ |Circuit 2: gf180mcu_fd_sc_mcu7t5v0__aoi21_ 
-------------------------------------------|-------------------------------------------
A1                                         |A1                                         
A2                                         |A2                                         
B                                          |B                                          
ZN                                         |ZN                                         
VDD                                        |VDD                                        
VNW                                        |VNW                                        
VPW                                        |VPW                                        
VSS                                        |VSS                                        
---------------------------------------------------------------------------------------
Cell pin lists are equivalent.
Device classes gf180mcu_fd_sc_mcu7t5v0__aoi21_4 and gf180mcu_fd_sc_mcu7t5v0__aoi21_4 are equivalent.

Cell gf180mcu_fd_sc_mcu7t5v0__or2_1 (0) disconnected node: A1
Cell gf180mcu_fd_sc_mcu7t5v0__or2_1 (0) disconnected node: A2
Cell gf180mcu_fd_sc_mcu7t5v0__or2_1 (0) disconnected node: Z
Cell gf180mcu_fd_sc_mcu7t5v0__or2_1 (0) disconnected node: VDD
Cell gf180mcu_fd_sc_mcu7t5v0__or2_1 (0) disconnected node: VNW
Cell gf180mcu_fd_sc_mcu7t5v0__or2_1 (0) disconnected node: VPW
Cell gf180mcu_fd_sc_mcu7t5v0__or2_1 (0) disconnected node: VSS

Subcircuit pins:
Circuit 1: gf180mcu_fd_sc_mcu7t5v0__or2_1  |Circuit 2: gf180mcu_fd_sc_mcu7t5v0__or2_1  
-------------------------------------------|-------------------------------------------
A1                                         |A1                                         
A2                                         |A2                                         
Z                                          |Z                                          
VDD                                        |VDD                                        
VNW                                        |VNW                                        
VPW                                        |VPW                                        
VSS                                        |VSS                                        
---------------------------------------------------------------------------------------
Cell pin lists are equivalent.
Device classes gf180mcu_fd_sc_mcu7t5v0__or2_1 and gf180mcu_fd_sc_mcu7t5v0__or2_1 are equivalent.

Cell gf180mcu_fd_sc_mcu7t5v0__aoi222_1 (0) disconnected node: A1
Cell gf180mcu_fd_sc_mcu7t5v0__aoi222_1 (0) disconnected node: A2
Cell gf180mcu_fd_sc_mcu7t5v0__aoi222_1 (0) disconnected node: B1
Cell gf180mcu_fd_sc_mcu7t5v0__aoi222_1 (0) disconnected node: B2
Cell gf180mcu_fd_sc_mcu7t5v0__aoi222_1 (0) disconnected node: C1
Cell gf180mcu_fd_sc_mcu7t5v0__aoi222_1 (0) disconnected node: C2
Cell gf180mcu_fd_sc_mcu7t5v0__aoi222_1 (0) disconnected node: ZN
Cell gf180mcu_fd_sc_mcu7t5v0__aoi222_1 (0) disconnected node: VDD
Cell gf180mcu_fd_sc_mcu7t5v0__aoi222_1 (0) disconnected node: VNW
Cell gf180mcu_fd_sc_mcu7t5v0__aoi222_1 (0) disconnected node: VPW
Cell gf180mcu_fd_sc_mcu7t5v0__aoi222_1 (0) disconnected node: VSS

Subcircuit pins:
Circuit 1: gf180mcu_fd_sc_mcu7t5v0__aoi222 |Circuit 2: gf180mcu_fd_sc_mcu7t5v0__aoi222 
-------------------------------------------|-------------------------------------------
A1                                         |A1                                         
A2                                         |A2                                         
B1                                         |B1                                         
B2                                         |B2                                         
C1                                         |C1                                         
C2                                         |C2                                         
ZN                                         |ZN                                         
VDD                                        |VDD                                        
VNW                                        |VNW                                        
VPW                                        |VPW                                        
VSS                                        |VSS                                        
---------------------------------------------------------------------------------------
Cell pin lists are equivalent.
Device classes gf180mcu_fd_sc_mcu7t5v0__aoi222_1 and gf180mcu_fd_sc_mcu7t5v0__aoi222_1 are equivalent.

Cell gf180mcu_fd_sc_mcu7t5v0__dffsnq_1 (0) disconnected node: D
Cell gf180mcu_fd_sc_mcu7t5v0__dffsnq_1 (0) disconnected node: SETN
Cell gf180mcu_fd_sc_mcu7t5v0__dffsnq_1 (0) disconnected node: CLK
Cell gf180mcu_fd_sc_mcu7t5v0__dffsnq_1 (0) disconnected node: Q
Cell gf180mcu_fd_sc_mcu7t5v0__dffsnq_1 (0) disconnected node: VDD
Cell gf180mcu_fd_sc_mcu7t5v0__dffsnq_1 (0) disconnected node: VNW
Cell gf180mcu_fd_sc_mcu7t5v0__dffsnq_1 (0) disconnected node: VPW
Cell gf180mcu_fd_sc_mcu7t5v0__dffsnq_1 (0) disconnected node: VSS

Subcircuit pins:
Circuit 1: gf180mcu_fd_sc_mcu7t5v0__dffsnq |Circuit 2: gf180mcu_fd_sc_mcu7t5v0__dffsnq 
-------------------------------------------|-------------------------------------------
D                                          |D                                          
SETN                                       |SETN                                       
CLK                                        |CLK                                        
Q                                          |Q                                          
VDD                                        |VDD                                        
VNW                                        |VNW                                        
VPW                                        |VPW                                        
VSS                                        |VSS                                        
---------------------------------------------------------------------------------------
Cell pin lists are equivalent.
Device classes gf180mcu_fd_sc_mcu7t5v0__dffsnq_1 and gf180mcu_fd_sc_mcu7t5v0__dffsnq_1 are equivalent.

Cell gf180mcu_fd_sc_mcu7t5v0__dffrnq_4 (0) disconnected node: D
Cell gf180mcu_fd_sc_mcu7t5v0__dffrnq_4 (0) disconnected node: RN
Cell gf180mcu_fd_sc_mcu7t5v0__dffrnq_4 (0) disconnected node: CLK
Cell gf180mcu_fd_sc_mcu7t5v0__dffrnq_4 (0) disconnected node: Q
Cell gf180mcu_fd_sc_mcu7t5v0__dffrnq_4 (0) disconnected node: VDD
Cell gf180mcu_fd_sc_mcu7t5v0__dffrnq_4 (0) disconnected node: VNW
Cell gf180mcu_fd_sc_mcu7t5v0__dffrnq_4 (0) disconnected node: VPW
Cell gf180mcu_fd_sc_mcu7t5v0__dffrnq_4 (0) disconnected node: VSS

Subcircuit pins:
Circuit 1: gf180mcu_fd_sc_mcu7t5v0__dffrnq |Circuit 2: gf180mcu_fd_sc_mcu7t5v0__dffrnq 
-------------------------------------------|-------------------------------------------
D                                          |D                                          
RN                                         |RN                                         
CLK                                        |CLK                                        
Q                                          |Q                                          
VDD                                        |VDD                                        
VNW                                        |VNW                                        
VPW                                        |VPW                                        
VSS                                        |VSS                                        
---------------------------------------------------------------------------------------
Cell pin lists are equivalent.
Device classes gf180mcu_fd_sc_mcu7t5v0__dffrnq_4 and gf180mcu_fd_sc_mcu7t5v0__dffrnq_4 are equivalent.

Cell gf180mcu_fd_sc_mcu7t5v0__or3_2 (0) disconnected node: A1
Cell gf180mcu_fd_sc_mcu7t5v0__or3_2 (0) disconnected node: A2
Cell gf180mcu_fd_sc_mcu7t5v0__or3_2 (0) disconnected node: A3
Cell gf180mcu_fd_sc_mcu7t5v0__or3_2 (0) disconnected node: Z
Cell gf180mcu_fd_sc_mcu7t5v0__or3_2 (0) disconnected node: VDD
Cell gf180mcu_fd_sc_mcu7t5v0__or3_2 (0) disconnected node: VNW
Cell gf180mcu_fd_sc_mcu7t5v0__or3_2 (0) disconnected node: VPW
Cell gf180mcu_fd_sc_mcu7t5v0__or3_2 (0) disconnected node: VSS

Subcircuit pins:
Circuit 1: gf180mcu_fd_sc_mcu7t5v0__or3_2  |Circuit 2: gf180mcu_fd_sc_mcu7t5v0__or3_2  
-------------------------------------------|-------------------------------------------
A1                                         |A1                                         
A2                                         |A2                                         
A3                                         |A3                                         
Z                                          |Z                                          
VDD                                        |VDD                                        
VNW                                        |VNW                                        
VPW                                        |VPW                                        
VSS                                        |VSS                                        
---------------------------------------------------------------------------------------
Cell pin lists are equivalent.
Device classes gf180mcu_fd_sc_mcu7t5v0__or3_2 and gf180mcu_fd_sc_mcu7t5v0__or3_2 are equivalent.

Class spi_regs (0):  Merged 1275 parallel devices.
Class spi_regs (1):  Merged 1275 parallel devices.
Subcircuit summary:
Circuit 1: spi_regs                        |Circuit 2: spi_regs                        
-------------------------------------------|-------------------------------------------
gf180mcu_fd_sc_mcu7t5v0__fillcap_4 (610->1 |gf180mcu_fd_sc_mcu7t5v0__fillcap_4 (610->1 
gf180mcu_fd_sc_mcu7t5v0__fillcap_8 (271->1 |gf180mcu_fd_sc_mcu7t5v0__fillcap_8 (271->1 
gf180mcu_fd_sc_mcu7t5v0__dlyb_1 (61)       |gf180mcu_fd_sc_mcu7t5v0__dlyb_1 (61)       
gf180mcu_fd_sc_mcu7t5v0__nor3_4 (2)        |gf180mcu_fd_sc_mcu7t5v0__nor3_4 (2)        
gf180mcu_fd_sc_mcu7t5v0__fillcap_32 (113-> |gf180mcu_fd_sc_mcu7t5v0__fillcap_32 (113-> 
gf180mcu_fd_sc_mcu7t5v0__nor3_2 (2)        |gf180mcu_fd_sc_mcu7t5v0__nor3_2 (2)        
gf180mcu_fd_sc_mcu7t5v0__buf_2 (367)       |gf180mcu_fd_sc_mcu7t5v0__buf_2 (367)       
gf180mcu_fd_sc_mcu7t5v0__dffrnq_1 (148)    |gf180mcu_fd_sc_mcu7t5v0__dffrnq_1 (148)    
gf180mcu_fd_sc_mcu7t5v0__mux2_2 (157)      |gf180mcu_fd_sc_mcu7t5v0__mux2_2 (157)      
gf180mcu_fd_sc_mcu7t5v0__fillcap_64 (121-> |gf180mcu_fd_sc_mcu7t5v0__fillcap_64 (121-> 
gf180mcu_fd_sc_mcu7t5v0__nand2_1 (52)      |gf180mcu_fd_sc_mcu7t5v0__nand2_1 (52)      
gf180mcu_fd_sc_mcu7t5v0__nand2_4 (2)       |gf180mcu_fd_sc_mcu7t5v0__nand2_4 (2)       
gf180mcu_fd_sc_mcu7t5v0__nand4_4 (7)       |gf180mcu_fd_sc_mcu7t5v0__nand4_4 (7)       
gf180mcu_fd_sc_mcu7t5v0__oai211_1 (1)      |gf180mcu_fd_sc_mcu7t5v0__oai211_1 (1)      
gf180mcu_fd_sc_mcu7t5v0__nand3_4 (15)      |gf180mcu_fd_sc_mcu7t5v0__nand3_4 (15)      
gf180mcu_fd_sc_mcu7t5v0__nand4_1 (37)      |gf180mcu_fd_sc_mcu7t5v0__nand4_1 (37)      
gf180mcu_fd_sc_mcu7t5v0__buf_1 (338)       |gf180mcu_fd_sc_mcu7t5v0__buf_1 (338)       
gf180mcu_fd_sc_mcu7t5v0__clkbuf_2 (68)     |gf180mcu_fd_sc_mcu7t5v0__clkbuf_2 (68)     
gf180mcu_fd_sc_mcu7t5v0__aoi222_2 (19)     |gf180mcu_fd_sc_mcu7t5v0__aoi222_2 (19)     
gf180mcu_fd_sc_mcu7t5v0__aoi222_4 (16)     |gf180mcu_fd_sc_mcu7t5v0__aoi222_4 (16)     
gf180mcu_fd_sc_mcu7t5v0__fillcap_16 (165-> |gf180mcu_fd_sc_mcu7t5v0__fillcap_16 (165-> 
gf180mcu_fd_sc_mcu7t5v0__aoi221_2 (1)      |gf180mcu_fd_sc_mcu7t5v0__aoi221_2 (1)      
gf180mcu_fd_sc_mcu7t5v0__aoi21_1 (18)      |gf180mcu_fd_sc_mcu7t5v0__aoi21_1 (18)      
gf180mcu_fd_sc_mcu7t5v0__clkinv_1 (16)     |gf180mcu_fd_sc_mcu7t5v0__clkinv_1 (16)     
gf180mcu_fd_sc_mcu7t5v0__clkbuf_1 (45)     |gf180mcu_fd_sc_mcu7t5v0__clkbuf_1 (45)     
gf180mcu_fd_sc_mcu7t5v0__aoi22_1 (131)     |gf180mcu_fd_sc_mcu7t5v0__aoi22_1 (131)     
gf180mcu_fd_sc_mcu7t5v0__dffrnq_2 (58)     |gf180mcu_fd_sc_mcu7t5v0__dffrnq_2 (58)     
gf180mcu_fd_sc_mcu7t5v0__oai21_1 (23)      |gf180mcu_fd_sc_mcu7t5v0__oai21_1 (23)      
gf180mcu_fd_sc_mcu7t5v0__and3_4 (5)        |gf180mcu_fd_sc_mcu7t5v0__and3_4 (5)        
gf180mcu_fd_sc_mcu7t5v0__and2_2 (4)        |gf180mcu_fd_sc_mcu7t5v0__and2_2 (4)        
gf180mcu_fd_sc_mcu7t5v0__nor2_4 (81)       |gf180mcu_fd_sc_mcu7t5v0__nor2_4 (81)       
gf180mcu_fd_sc_mcu7t5v0__nor3_1 (2)        |gf180mcu_fd_sc_mcu7t5v0__nor3_1 (2)        
gf180mcu_fd_sc_mcu7t5v0__inv_1 (1)         |gf180mcu_fd_sc_mcu7t5v0__inv_1 (1)         
gf180mcu_fd_sc_mcu7t5v0__nand4_2 (6)       |gf180mcu_fd_sc_mcu7t5v0__nand4_2 (6)       
gf180mcu_fd_sc_mcu7t5v0__aoi22_2 (23)      |gf180mcu_fd_sc_mcu7t5v0__aoi22_2 (23)      
gf180mcu_fd_sc_mcu7t5v0__oai31_1 (7)       |gf180mcu_fd_sc_mcu7t5v0__oai31_1 (7)       
gf180mcu_fd_sc_mcu7t5v0__nor2_2 (3)        |gf180mcu_fd_sc_mcu7t5v0__nor2_2 (3)        
gf180mcu_fd_sc_mcu7t5v0__oai221_1 (1)      |gf180mcu_fd_sc_mcu7t5v0__oai221_1 (1)      
gf180mcu_fd_sc_mcu7t5v0__buf_4 (11)        |gf180mcu_fd_sc_mcu7t5v0__buf_4 (11)        
gf180mcu_fd_sc_mcu7t5v0__nor2_1 (26)       |gf180mcu_fd_sc_mcu7t5v0__nor2_1 (26)       
gf180mcu_fd_sc_mcu7t5v0__aoi22_4 (16)      |gf180mcu_fd_sc_mcu7t5v0__aoi22_4 (16)      
gf180mcu_fd_sc_mcu7t5v0__nor4_2 (4)        |gf180mcu_fd_sc_mcu7t5v0__nor4_2 (4)        
gf180mcu_fd_sc_mcu7t5v0__clkbuf_4 (4)      |gf180mcu_fd_sc_mcu7t5v0__clkbuf_4 (4)      
gf180mcu_fd_sc_mcu7t5v0__and4_1 (6)        |gf180mcu_fd_sc_mcu7t5v0__and4_1 (6)        
gf180mcu_fd_sc_mcu7t5v0__or4_1 (2)         |gf180mcu_fd_sc_mcu7t5v0__or4_1 (2)         
gf180mcu_fd_sc_mcu7t5v0__clkbuf_8 (20)     |gf180mcu_fd_sc_mcu7t5v0__clkbuf_8 (20)     
gf180mcu_fd_sc_mcu7t5v0__aoi221_1 (4)      |gf180mcu_fd_sc_mcu7t5v0__aoi221_1 (4)      
gf180mcu_fd_sc_mcu7t5v0__clkinv_2 (1)      |gf180mcu_fd_sc_mcu7t5v0__clkinv_2 (1)      
gf180mcu_fd_sc_mcu7t5v0__nand3_1 (12)      |gf180mcu_fd_sc_mcu7t5v0__nand3_1 (12)      
gf180mcu_fd_sc_mcu7t5v0__and3_2 (2)        |gf180mcu_fd_sc_mcu7t5v0__and3_2 (2)        
gf180mcu_fd_sc_mcu7t5v0__inv_4 (2)         |gf180mcu_fd_sc_mcu7t5v0__inv_4 (2)         
gf180mcu_fd_sc_mcu7t5v0__nand3_2 (4)       |gf180mcu_fd_sc_mcu7t5v0__nand3_2 (4)       
gf180mcu_fd_sc_mcu7t5v0__clkbuf_16 (5)     |gf180mcu_fd_sc_mcu7t5v0__clkbuf_16 (5)     
gf180mcu_fd_sc_mcu7t5v0__nor4_4 (3)        |gf180mcu_fd_sc_mcu7t5v0__nor4_4 (3)        
gf180mcu_fd_sc_mcu7t5v0__xor2_1 (2)        |gf180mcu_fd_sc_mcu7t5v0__xor2_1 (2)        
gf180mcu_fd_sc_mcu7t5v0__or3_1 (2)         |gf180mcu_fd_sc_mcu7t5v0__or3_1 (2)         
gf180mcu_fd_sc_mcu7t5v0__nand2_2 (4)       |gf180mcu_fd_sc_mcu7t5v0__nand2_2 (4)       
gf180mcu_fd_sc_mcu7t5v0__inv_3 (2)         |gf180mcu_fd_sc_mcu7t5v0__inv_3 (2)         
gf180mcu_fd_sc_mcu7t5v0__aoi221_4 (1)      |gf180mcu_fd_sc_mcu7t5v0__aoi221_4 (1)      
gf180mcu_fd_sc_mcu7t5v0__nor4_1 (2)        |gf180mcu_fd_sc_mcu7t5v0__nor4_1 (2)        
gf180mcu_fd_sc_mcu7t5v0__and3_1 (2)        |gf180mcu_fd_sc_mcu7t5v0__and3_1 (2)        
gf180mcu_fd_sc_mcu7t5v0__inv_2 (4)         |gf180mcu_fd_sc_mcu7t5v0__inv_2 (4)         
gf180mcu_fd_sc_mcu7t5v0__aoi21_4 (1)       |gf180mcu_fd_sc_mcu7t5v0__aoi21_4 (1)       
gf180mcu_fd_sc_mcu7t5v0__or2_1 (1)         |gf180mcu_fd_sc_mcu7t5v0__or2_1 (1)         
gf180mcu_fd_sc_mcu7t5v0__aoi222_1 (2)      |gf180mcu_fd_sc_mcu7t5v0__aoi222_1 (2)      
gf180mcu_fd_sc_mcu7t5v0__dffsnq_1 (2)      |gf180mcu_fd_sc_mcu7t5v0__dffsnq_1 (2)      
gf180mcu_fd_sc_mcu7t5v0__dffrnq_4 (5)      |gf180mcu_fd_sc_mcu7t5v0__dffrnq_4 (5)      
gf180mcu_fd_sc_mcu7t5v0__or3_2 (1)         |gf180mcu_fd_sc_mcu7t5v0__or3_2 (1)         
Number of devices: 1875                    |Number of devices: 1875                    
Number of nets: 2178                       |Number of nets: 2178                       
---------------------------------------------------------------------------------------
Netlists match uniquely.

Subcircuit pins:
Circuit 1: spi_regs                        |Circuit 2: spi_regs                        
-------------------------------------------|-------------------------------------------
clk                                        |clk                                        
raw_edge2_y[8]                             |raw_edge2_y[8]                             
raw_edge3_x[6]                             |raw_edge3_x[6]                             
cal_phase0_offset_x[6]                     |cal_phase0_offset_x[6]                     
cal_phase0_offset_y[15]                    |cal_phase0_offset_y[15]                    
votes_out_phase_x[0]                       |votes_out_phase_x[0]                       
cal_phase270_offset_x[15]                  |cal_phase270_offset_x[15]                  
cal_phase0_offset_y[14]                    |cal_phase0_offset_y[14]                    
cal_phase270_offset_y[20]                  |cal_phase270_offset_y[20]                  
cal_phase90_offset_x[9]                    |cal_phase90_offset_x[9]                    
cal_phase90_offset_x[7]                    |cal_phase90_offset_x[7]                    
cal_phase90_offset_y[6]                    |cal_phase90_offset_y[6]                    
cal_phase270_offset_y[11]                  |cal_phase270_offset_y[11]                  
cal_phase90_offset_y[13]                   |cal_phase90_offset_y[13]                   
delay_wave_cycle_y[4]                      |delay_wave_cycle_y[4]                      
delay_wave_cycle_x[0]                      |delay_wave_cycle_x[0]                      
delay_wave_cycle_y[2]                      |delay_wave_cycle_y[2]                      
delay_wave_cycle_y[0]                      |delay_wave_cycle_y[0]                      
raw_edge1_x[15]                            |raw_edge1_x[15]                            
cal_phase90_offset_y[9]                    |cal_phase90_offset_y[9]                    
latch_error_y                              |latch_error_y                              
raw_edge1_y[16]                            |raw_edge1_y[16]                            
raw_edge1_y[6]                             |raw_edge1_y[6]                             
raw_edge1_x[5]                             |raw_edge1_x[5]                             
delay_wave_cycle_x[7]                      |delay_wave_cycle_x[7]                      
raw_edge1_x[14]                            |raw_edge1_x[14]                            
latch_error_x                              |latch_error_x                              
raw_edge1_y[5]                             |raw_edge1_y[5]                             
jitter_flag_y                              |jitter_flag_y                              
raw_edge1_y[4]                             |raw_edge1_y[4]                             
raw_edge1_x[12]                            |raw_edge1_x[12]                            
raw_edge1_y[12]                            |raw_edge1_y[12]                            
raw_edge1_y[3]                             |raw_edge1_y[3]                             
raw_edge1_y[11]                            |raw_edge1_y[11]                            
raw_edge2_x[19]                            |raw_edge2_x[19]                            
raw_edge2_x[9]                             |raw_edge2_x[9]                             
raw_edge2_x[18]                            |raw_edge2_x[18]                            
raw_edge2_x[8]                             |raw_edge2_x[8]                             
raw_edge2_y[17]                            |raw_edge2_y[17]                            
cal_phase0_offset_x[1]                     |cal_phase0_offset_x[1]                     
raw_edge1_x[13]                            |raw_edge1_x[13]                            
raw_edge3_x[17]                            |raw_edge3_x[17]                            
cal_phase0_offset_y[0]                     |cal_phase0_offset_y[0]                     
cal_phase0_offset_y[1]                     |cal_phase0_offset_y[1]                     
cal_phase270_offset_x[1]                   |cal_phase270_offset_x[1]                   
cal_phase0_offset_x[9]                     |cal_phase0_offset_x[9]                     
cal_phase0_offset_x[18]                    |cal_phase0_offset_x[18]                    
raw_edge2_x[13]                            |raw_edge2_x[13]                            
raw_edge2_x[4]                             |raw_edge2_x[4]                             
cal_phase0_offset_x[8]                     |cal_phase0_offset_x[8]                     
cal_phase0_offset_y[18]                    |cal_phase0_offset_y[18]                    
cal_phase270_offset_x[19]                  |cal_phase270_offset_x[19]                  
cal_phase270_offset_y[0]                   |cal_phase270_offset_y[0]                   
cal_phase0_offset_x[17]                    |cal_phase0_offset_x[17]                    
raw_edge3_x[5]                             |raw_edge3_x[5]                             
raw_edge3_x[14]                            |raw_edge3_x[14]                            
raw_edge2_x[3]                             |raw_edge2_x[3]                             
cal_phase0_offset_x[19]                    |cal_phase0_offset_x[19]                    
raw_edge1_x[3]                             |raw_edge1_x[3]                             
raw_edge2_x[12]                            |raw_edge2_x[12]                            
raw_edge1_x[4]                             |raw_edge1_x[4]                             
cal_phase0_offset_x[3]                     |cal_phase0_offset_x[3]                     
raw_edge2_x[5]                             |raw_edge2_x[5]                             
raw_edge2_y[4]                             |raw_edge2_y[4]                             
raw_edge2_y[13]                            |raw_edge2_y[13]                            
cal_phase0_offset_y[12]                    |cal_phase0_offset_y[12]                    
cal_phase90_offset_x[0]                    |cal_phase90_offset_x[0]                    
cal_phase0_offset_y[10]                    |cal_phase0_offset_y[10]                    
cal_phase0_offset_y[8]                     |cal_phase0_offset_y[8]                     
cal_phase0_offset_y[17]                    |cal_phase0_offset_y[17]                    
cal_phase270_offset_x[9]                   |cal_phase270_offset_x[9]                   
raw_edge2_y[3]                             |raw_edge2_y[3]                             
raw_edge2_x[2]                             |raw_edge2_x[2]                             
raw_edge3_y[5]                             |raw_edge3_y[5]                             
raw_edge3_x[4]                             |raw_edge3_x[4]                             
raw_edge3_x[13]                            |raw_edge3_x[13]                            
raw_edge2_x[11]                            |raw_edge2_x[11]                            
cal_phase0_offset_x[15]                    |cal_phase0_offset_x[15]                    
cal_phase0_offset_x[20]                    |cal_phase0_offset_x[20]                    
raw_edge1_x[2]                             |raw_edge1_x[2]                             
cal_phase0_offset_x[2]                     |cal_phase0_offset_x[2]                     
raw_edge2_x[7]                             |raw_edge2_x[7]                             
cal_phase0_offset_x[7]                     |cal_phase0_offset_x[7]                     
raw_edge2_y[7]                             |raw_edge2_y[7]                             
cal_phase0_offset_y[9]                     |cal_phase0_offset_y[9]                     
cal_phase270_offset_x[11]                  |cal_phase270_offset_x[11]                  
cal_phase0_offset_y[16]                    |cal_phase0_offset_y[16]                    
cal_phase270_offset_x[17]                  |cal_phase270_offset_x[17]                  
raw_edge2_y[2]                             |raw_edge2_y[2]                             
raw_edge2_x[20]                            |raw_edge2_x[20]                            
raw_edge2_y[11]                            |raw_edge2_y[11]                            
cal_phase270_offset_y[10]                  |cal_phase270_offset_y[10]                  
state_o[1]                                 |state_o[1]                                 
cal_phase270_offset_x[7]                   |cal_phase270_offset_x[7]                   
cal_phase270_offset_y[17]                  |cal_phase270_offset_y[17]                  
cal_phase270_offset_y[19]                  |cal_phase270_offset_y[19]                  
cal_phase270_offset_x[16]                  |cal_phase270_offset_x[16]                  
cal_phase0_offset_x[11]                    |cal_phase0_offset_x[11]                    
raw_edge2_x[1]                             |raw_edge2_x[1]                             
cal_phase0_offset_x[16]                    |cal_phase0_offset_x[16]                    
raw_edge3_y[12]                            |raw_edge3_y[12]                            
raw_edge3_x[11]                            |raw_edge3_x[11]                            
state_o[0]                                 |state_o[0]                                 
cal_phase90_offset_x[17]                   |cal_phase90_offset_x[17]                   
cal_phase270_offset_x[0]                   |cal_phase270_offset_x[0]                   
cal_phase270_offset_x[6]                   |cal_phase270_offset_x[6]                   
raw_edge3_y[2]                             |raw_edge3_y[2]                             
raw_edge2_y[5]                             |raw_edge2_y[5]                             
raw_edge3_y[11]                            |raw_edge3_y[11]                            
raw_edge3_y[14]                            |raw_edge3_y[14]                            
cal_phase0_offset_y[6]                     |cal_phase0_offset_y[6]                     
cal_phase0_offset_x[10]                    |cal_phase0_offset_x[10]                    
cal_phase270_offset_x[8]                   |cal_phase270_offset_x[8]                   
votes_in_phase_y[3]                        |votes_in_phase_y[3]                        
spi_sclk                                   |spi_sclk                                   
raw_edge2_y[0]                             |raw_edge2_y[0]                             
cal_phase0_offset_y[5]                     |cal_phase0_offset_y[5]                     
raw_edge3_x[10]                            |raw_edge3_x[10]                            
raw_edge3_x[20]                            |raw_edge3_x[20]                            
raw_edge2_y[16]                            |raw_edge2_y[16]                            
cal_phase0_offset_y[13]                    |cal_phase0_offset_y[13]                    
cal_phase270_offset_x[5]                   |cal_phase270_offset_x[5]                   
cal_phase0_offset_x[0]                     |cal_phase0_offset_x[0]                     
raw_edge3_y[10]                            |raw_edge3_y[10]                            
raw_edge3_x[1]                             |raw_edge3_x[1]                             
spi_mosi                                   |spi_mosi                                   
cal_phase0_offset_x[14]                    |cal_phase0_offset_x[14]                    
cal_phase0_offset_y[3]                     |cal_phase0_offset_y[3]                     
cal_phase270_offset_x[10]                  |cal_phase270_offset_x[10]                  
cal_phase270_offset_x[4]                   |cal_phase270_offset_x[4]                   
raw_edge3_y[16]                            |raw_edge3_y[16]                            
cal_phase270_offset_y[14]                  |cal_phase270_offset_y[14]                  
cal_phase270_offset_x[13]                  |cal_phase270_offset_x[13]                  
cal_phase270_offset_y[5]                   |cal_phase270_offset_y[5]                   
raw_edge3_y[1]                             |raw_edge3_y[1]                             
raw_edge2_y[9]                             |raw_edge2_y[9]                             
raw_edge3_x[2]                             |raw_edge3_x[2]                             
cal_phase270_offset_y[16]                  |cal_phase270_offset_y[16]                  
raw_edge3_y[0]                             |raw_edge3_y[0]                             
raw_edge3_y[6]                             |raw_edge3_y[6]                             
votes_in_phase_y[1]                        |votes_in_phase_y[1]                        
spi_cs_n                                   |spi_cs_n                                   
raw_edge2_x[16]                            |raw_edge2_x[16]                            
raw_edge2_x[6]                             |raw_edge2_x[6]                             
raw_edge3_x[19]                            |raw_edge3_x[19]                            
cal_phase90_offset_x[14]                   |cal_phase90_offset_x[14]                   
votes_out_phase_x[2]                       |votes_out_phase_x[2]                       
cal_phase270_offset_x[3]                   |cal_phase270_offset_x[3]                   
raw_edge2_x[14]                            |raw_edge2_x[14]                            
raw_edge3_x[9]                             |raw_edge3_x[9]                             
cal_phase0_offset_y[4]                     |cal_phase0_offset_y[4]                     
raw_edge3_x[18]                            |raw_edge3_x[18]                            
raw_edge3_y[19]                            |raw_edge3_y[19]                            
votes_in_phase_y[0]                        |votes_in_phase_y[0]                        
rst_n                                      |rst_n                                      
cal_phase90_offset_x[13]                   |cal_phase90_offset_x[13]                   
cal_phase270_offset_x[2]                   |cal_phase270_offset_x[2]                   
cal_dir_y                                  |cal_dir_y                                  
raw_edge3_y[9]                             |raw_edge3_y[9]                             
votes_in_phase_x[3]                        |votes_in_phase_x[3]                        
raw_edge3_x[8]                             |raw_edge3_x[8]                             
raw_edge3_y[18]                            |raw_edge3_y[18]                            
cal_phase90_offset_x[12]                   |cal_phase90_offset_x[12]                   
cal_phase270_offset_y[2]                   |cal_phase270_offset_y[2]                   
raw_edge3_y[17]                            |raw_edge3_y[17]                            
cal_phase270_offset_x[12]                  |cal_phase270_offset_x[12]                  
cal_phase90_offset_x[11]                   |cal_phase90_offset_x[11]                   
cal_phase90_offset_y[18]                   |cal_phase90_offset_y[18]                   
cal_phase90_offset_x[8]                    |cal_phase90_offset_x[8]                    
raw_edge1_y[14]                            |raw_edge1_y[14]                            
raw_edge2_x[10]                            |raw_edge2_x[10]                            
cal_phase270_offset_y[13]                  |cal_phase270_offset_y[13]                  
votes_in_phase_x[0]                        |votes_in_phase_x[0]                        
cal_phase90_offset_y[17]                   |cal_phase90_offset_y[17]                   
delay_wave_cycle_x[6]                      |delay_wave_cycle_x[6]                      
cal_phase90_offset_x[6]                    |cal_phase90_offset_x[6]                    
cal_phase90_offset_y[7]                    |cal_phase90_offset_y[7]                    
raw_edge3_x[7]                             |raw_edge3_x[7]                             
votes_in_phase_y[2]                        |votes_in_phase_y[2]                        
cal_phase90_offset_y[16]                   |cal_phase90_offset_y[16]                   
delay_wave_cycle_x[5]                      |delay_wave_cycle_x[5]                      
cal_phase90_offset_x[5]                    |cal_phase90_offset_x[5]                    
raw_edge3_x[16]                            |raw_edge3_x[16]                            
raw_edge3_y[15]                            |raw_edge3_y[15]                            
raw_edge3_y[8]                             |raw_edge3_y[8]                             
cal_done_x                                 |cal_done_x                                 
cal_phase0_offset_x[13]                    |cal_phase0_offset_x[13]                    
cal_phase90_offset_x[10]                   |cal_phase90_offset_x[10]                   
cal_phase90_offset_y[15]                   |cal_phase90_offset_y[15]                   
jitter_flag_x                              |jitter_flag_x                              
delay_wave_cycle_x[4]                      |delay_wave_cycle_x[4]                      
cal_phase90_offset_x[4]                    |cal_phase90_offset_x[4]                    
cal_phase90_offset_y[5]                    |cal_phase90_offset_y[5]                    
cal_phase270_offset_y[9]                   |cal_phase270_offset_y[9]                   
cal_phase90_offset_y[14]                   |cal_phase90_offset_y[14]                   
delay_wave_cycle_x[3]                      |delay_wave_cycle_x[3]                      
delay_wave_cycle_y[7]                      |delay_wave_cycle_y[7]                      
delay_wave_cycle_y[6]                      |delay_wave_cycle_y[6]                      
raw_edge1_x[11]                            |raw_edge1_x[11]                            
cal_phase0_offset_x[5]                     |cal_phase0_offset_x[5]                     
raw_edge2_y[18]                            |raw_edge2_y[18]                            
raw_edge2_y[19]                            |raw_edge2_y[19]                            
raw_edge3_x[0]                             |raw_edge3_x[0]                             
cal_phase270_offset_x[14]                  |cal_phase270_offset_x[14]                  
cal_phase270_offset_x[18]                  |cal_phase270_offset_x[18]                  
raw_edge1_x[10]                            |raw_edge1_x[10]                            
raw_edge1_x[20]                            |raw_edge1_x[20]                            
cal_phase90_offset_y[4]                    |cal_phase90_offset_y[4]                    
cal_phase270_offset_y[1]                   |cal_phase270_offset_y[1]                   
delay_wave_cycle_x[2]                      |delay_wave_cycle_x[2]                      
raw_edge2_y[20]                            |raw_edge2_y[20]                            
raw_edge3_y[20]                            |raw_edge3_y[20]                            
raw_edge1_x[1]                             |raw_edge1_x[1]                             
raw_edge1_y[10]                            |raw_edge1_y[10]                            
delay_wave_cycle_y[5]                      |delay_wave_cycle_y[5]                      
raw_edge1_x[0]                             |raw_edge1_x[0]                             
cal_phase90_offset_y[3]                    |cal_phase90_offset_y[3]                    
cal_phase90_offset_y[12]                   |cal_phase90_offset_y[12]                   
votes_out_phase_y[3]                       |votes_out_phase_y[3]                       
cal_phase0_offset_y[19]                    |cal_phase0_offset_y[19]                    
raw_edge1_y[1]                             |raw_edge1_y[1]                             
raw_edge1_y[0]                             |raw_edge1_y[0]                             
delay_wave_cycle_x[1]                      |delay_wave_cycle_x[1]                      
cal_phase90_offset_x[20]                   |cal_phase90_offset_x[20]                   
cal_phase90_offset_x[2]                    |cal_phase90_offset_x[2]                    
cal_phase90_offset_y[8]                    |cal_phase90_offset_y[8]                    
raw_edge3_x[3]                             |raw_edge3_x[3]                             
cal_phase90_offset_x[15]                   |cal_phase90_offset_x[15]                   
cal_phase90_offset_x[18]                   |cal_phase90_offset_x[18]                   
phase_state_y[1]                           |phase_state_y[1]                           
raw_edge1_x[18]                            |raw_edge1_x[18]                            
raw_edge1_x[19]                            |raw_edge1_x[19]                            
raw_edge2_x[17]                            |raw_edge2_x[17]                            
raw_edge3_x[12]                            |raw_edge3_x[12]                            
raw_edge3_x[15]                            |raw_edge3_x[15]                            
raw_edge3_y[7]                             |raw_edge3_y[7]                             
cal_phase0_offset_y[2]                     |cal_phase0_offset_y[2]                     
cal_phase0_offset_y[7]                     |cal_phase0_offset_y[7]                     
raw_edge1_x[9]                             |raw_edge1_x[9]                             
raw_edge1_y[19]                            |raw_edge1_y[19]                            
raw_edge2_x[0]                             |raw_edge2_x[0]                             
cal_phase90_offset_y[11]                   |cal_phase90_offset_y[11]                   
phase_state_y[0]                           |phase_state_y[0]                           
raw_edge1_y[20]                            |raw_edge1_y[20]                            
raw_edge2_y[10]                            |raw_edge2_y[10]                            
cal_phase270_offset_y[7]                   |cal_phase270_offset_y[7]                   
cal_phase270_offset_y[8]                   |cal_phase270_offset_y[8]                   
cal_phase90_offset_x[16]                   |cal_phase90_offset_x[16]                   
delay_wave_cycle_y[3]                      |delay_wave_cycle_y[3]                      
cal_phase90_offset_y[10]                   |cal_phase90_offset_y[10]                   
cal_phase90_offset_x[1]                    |cal_phase90_offset_x[1]                    
cal_phase90_offset_y[20]                   |cal_phase90_offset_y[20]                   
cal_phase270_offset_y[3]                   |cal_phase270_offset_y[3]                   
cal_phase90_offset_x[19]                   |cal_phase90_offset_x[19]                   
votes_out_phase_y[1]                       |votes_out_phase_y[1]                       
raw_edge1_y[9]                             |raw_edge1_y[9]                             
raw_edge2_y[14]                            |raw_edge2_y[14]                            
cal_done_y                                 |cal_done_y                                 
raw_edge1_y[18]                            |raw_edge1_y[18]                            
raw_edge1_x[17]                            |raw_edge1_x[17]                            
raw_edge1_y[7]                             |raw_edge1_y[7]                             
raw_edge2_y[12]                            |raw_edge2_y[12]                            
cal_phase90_offset_y[1]                    |cal_phase90_offset_y[1]                    
raw_edge1_y[13]                            |raw_edge1_y[13]                            
cal_timeout_y                              |cal_timeout_y                              
raw_edge3_y[3]                             |raw_edge3_y[3]                             
phase_state_x[1]                           |phase_state_x[1]                           
cal_phase90_offset_y[0]                    |cal_phase90_offset_y[0]                    
cal_phase0_offset_x[4]                     |cal_phase0_offset_x[4]                     
raw_edge2_y[15]                            |raw_edge2_y[15]                            
cal_phase270_offset_x[20]                  |cal_phase270_offset_x[20]                  
cal_phase0_offset_x[12]                    |cal_phase0_offset_x[12]                    
raw_edge1_y[15]                            |raw_edge1_y[15]                            
raw_edge2_x[15]                            |raw_edge2_x[15]                            
raw_edge3_y[4]                             |raw_edge3_y[4]                             
votes_out_phase_y[0]                       |votes_out_phase_y[0]                       
cal_phase270_offset_y[15]                  |cal_phase270_offset_y[15]                  
raw_edge1_y[17]                            |raw_edge1_y[17]                            
raw_edge1_y[8]                             |raw_edge1_y[8]                             
delay_wave_cycle_y[1]                      |delay_wave_cycle_y[1]                      
state_o[2]                                 |state_o[2]                                 
cal_phase270_offset_y[6]                   |cal_phase270_offset_y[6]                   
raw_edge1_x[16]                            |raw_edge1_x[16]                            
raw_edge2_y[1]                             |raw_edge2_y[1]                             
votes_in_phase_x[2]                        |votes_in_phase_x[2]                        
cal_dir_x                                  |cal_dir_x                                  
cal_phase90_offset_x[3]                    |cal_phase90_offset_x[3]                    
cal_phase90_offset_y[2]                    |cal_phase90_offset_y[2]                    
raw_edge1_x[6]                             |raw_edge1_x[6]                             
raw_edge1_x[7]                             |raw_edge1_x[7]                             
raw_edge2_y[6]                             |raw_edge2_y[6]                             
raw_edge3_y[13]                            |raw_edge3_y[13]                            
cal_phase0_offset_y[11]                    |cal_phase0_offset_y[11]                    
votes_out_phase_y[2]                       |votes_out_phase_y[2]                       
cal_phase90_offset_y[19]                   |cal_phase90_offset_y[19]                   
cal_phase270_offset_y[18]                  |cal_phase270_offset_y[18]                  
cal_timeout_x                              |cal_timeout_x                              
raw_edge1_x[8]                             |raw_edge1_x[8]                             
raw_edge1_y[2]                             |raw_edge1_y[2]                             
votes_in_phase_x[1]                        |votes_in_phase_x[1]                        
phase_state_x[0]                           |phase_state_x[0]                           
cal_phase0_offset_y[20]                    |cal_phase0_offset_y[20]                    
cal_phase270_offset_y[12]                  |cal_phase270_offset_y[12]                  
cal_phase270_offset_y[4]                   |cal_phase270_offset_y[4]                   
votes_out_phase_x[1]                       |votes_out_phase_x[1]                       
votes_out_phase_x[3]                       |votes_out_phase_x[3]                       
cfg_phase90_offset_y[19]                   |cfg_phase90_offset_y[19]                   
cfg_phase90_offset_x[9]                    |cfg_phase90_offset_x[9]                    
cfg_phase90_offset_x[18]                   |cfg_phase90_offset_x[18]                   
cfg_phase270_offset_y[8]                   |cfg_phase270_offset_y[8]                   
phase_offset_imported                      |phase_offset_imported                      
cfg_phase270_offset_x[7]                   |cfg_phase270_offset_x[7]                   
cfg_phase270_offset_y[17]                  |cfg_phase270_offset_y[17]                  
cfg_phase270_offset_y[16]                  |cfg_phase270_offset_y[16]                  
cfg_phase90_offset_y[9]                    |cfg_phase90_offset_y[9]                    
cfg_phase90_offset_x[17]                   |cfg_phase90_offset_x[17]                   
cfg_phase90_offset_y[18]                   |cfg_phase90_offset_y[18]                   
cfg_phase270_offset_y[7]                   |cfg_phase270_offset_y[7]                   
cfg_phase90_offset_x[8]                    |cfg_phase90_offset_x[8]                    
cfg_phase270_offset_y[6]                   |cfg_phase270_offset_y[6]                   
cfg_phase90_offset_x[7]                    |cfg_phase90_offset_x[7]                    
cfg_phase90_offset_x[16]                   |cfg_phase90_offset_x[16]                   
cfg_phase90_offset_y[17]                   |cfg_phase90_offset_y[17]                   
cfg_phase90_offset_y[8]                    |cfg_phase90_offset_y[8]                    
cfg_phase90_offset_y[7]                    |cfg_phase90_offset_y[7]                    
cfg_phase90_offset_x[15]                   |cfg_phase90_offset_x[15]                   
cfg_phase90_offset_y[16]                   |cfg_phase90_offset_y[16]                   
cfg_phase90_offset_x[6]                    |cfg_phase90_offset_x[6]                    
cfg_phase90_offset_x[5]                    |cfg_phase90_offset_x[5]                    
cfg_phase90_offset_y[15]                   |cfg_phase90_offset_y[15]                   
cfg_phase90_offset_y[6]                    |cfg_phase90_offset_y[6]                    
cfg_phase90_offset_y[14]                   |cfg_phase90_offset_y[14]                   
cfg_phase90_offset_y[5]                    |cfg_phase90_offset_y[5]                    
cfg_phase90_offset_y[4]                    |cfg_phase90_offset_y[4]                    
cfg_f_MEMS_fcw_x[10]                       |cfg_f_MEMS_fcw_x[10]                       
cfg_f_MEMS_fcw_x[0]                        |cfg_f_MEMS_fcw_x[0]                        
cfg_f_MEMS_fcw_x[5]                        |cfg_f_MEMS_fcw_x[5]                        
cfg_f_MEMS_fcw_x[4]                        |cfg_f_MEMS_fcw_x[4]                        
cfg_done                                   |cfg_done                                   
cfg_f_MEMS_fcw_y[13]                       |cfg_f_MEMS_fcw_y[13]                       
cfg_f_MEMS_fcw_x[3]                        |cfg_f_MEMS_fcw_x[3]                        
cfg_f_MEMS_fcw_y[14]                       |cfg_f_MEMS_fcw_y[14]                       
cfg_f_MEMS_fcw_y[9]                        |cfg_f_MEMS_fcw_y[9]                        
boot_complete                              |boot_complete                              
cfg_f_MEMS_fcw_x[2]                        |cfg_f_MEMS_fcw_x[2]                        
cfg_f_MEMS_fcw_y[12]                       |cfg_f_MEMS_fcw_y[12]                       
cfg_phase0_offset_x[18]                    |cfg_phase0_offset_x[18]                    
cfg_phase0_offset_x[17]                    |cfg_phase0_offset_x[17]                    
cfg_f_MEMS_fcw_y[11]                       |cfg_f_MEMS_fcw_y[11]                       
cfg_f_MEMS_fcw_y[7]                        |cfg_f_MEMS_fcw_y[7]                        
cfg_phase0_offset_x[8]                     |cfg_phase0_offset_x[8]                     
cfg_f_MEMS_fcw_x[1]                        |cfg_f_MEMS_fcw_x[1]                        
cfg_phase0_offset_x[16]                    |cfg_phase0_offset_x[16]                    
cfg_phase0_offset_x[7]                     |cfg_phase0_offset_x[7]                     
cfg_f_MEMS_fcw_y[6]                        |cfg_f_MEMS_fcw_y[6]                        
cfg_phase0_offset_y[17]                    |cfg_phase0_offset_y[17]                    
cfg_f_MEMS_fcw_y[10]                       |cfg_f_MEMS_fcw_y[10]                       
cfg_f_MEMS_fcw_x[15]                       |cfg_f_MEMS_fcw_x[15]                       
cfg_phase0_offset_x[15]                    |cfg_phase0_offset_x[15]                    
cfg_phase0_offset_x[6]                     |cfg_phase0_offset_x[6]                     
cfg_f_MEMS_fcw_y[0]                        |cfg_f_MEMS_fcw_y[0]                        
cfg_f_MEMS_fcw_x[14]                       |cfg_f_MEMS_fcw_x[14]                       
cfg_f_MEMS_fcw_y[5]                        |cfg_f_MEMS_fcw_y[5]                        
cfg_phase0_offset_y[16]                    |cfg_phase0_offset_y[16]                    
cfg_phase0_offset_y[15]                    |cfg_phase0_offset_y[15]                    
cfg_f_MEMS_fcw_x[9]                        |cfg_f_MEMS_fcw_x[9]                        
cfg_f_MEMS_fcw_y[4]                        |cfg_f_MEMS_fcw_y[4]                        
cfg_phase0_offset_x[14]                    |cfg_phase0_offset_x[14]                    
cfg_phase0_offset_x[5]                     |cfg_phase0_offset_x[5]                     
cfg_f_MEMS_fcw_x[13]                       |cfg_f_MEMS_fcw_x[13]                       
cfg_phase0_offset_y[6]                     |cfg_phase0_offset_y[6]                     
cfg_phase270_offset_x[16]                  |cfg_phase270_offset_x[16]                  
cfg_phase270_offset_x[6]                   |cfg_phase270_offset_x[6]                   
cfg_phase270_offset_x[15]                  |cfg_phase270_offset_x[15]                  
cfg_phase0_offset_x[13]                    |cfg_phase0_offset_x[13]                    
cfg_phase0_offset_y[5]                     |cfg_phase0_offset_y[5]                     
cfg_phase0_offset_y[14]                    |cfg_phase0_offset_y[14]                    
cfg_f_MEMS_fcw_x[12]                       |cfg_f_MEMS_fcw_x[12]                       
cfg_phase0_offset_x[4]                     |cfg_phase0_offset_x[4]                     
cfg_f_MEMS_fcw_y[3]                        |cfg_f_MEMS_fcw_y[3]                        
cfg_f_MEMS_fcw_x[8]                        |cfg_f_MEMS_fcw_x[8]                        
cfg_phase270_offset_x[14]                  |cfg_phase270_offset_x[14]                  
cfg_phase270_offset_x[5]                   |cfg_phase270_offset_x[5]                   
cfg_phase0_offset_y[4]                     |cfg_phase0_offset_y[4]                     
cfg_phase0_offset_x[3]                     |cfg_phase0_offset_x[3]                     
cfg_phase0_offset_y[13]                    |cfg_phase0_offset_y[13]                    
cfg_phase0_offset_x[12]                    |cfg_phase0_offset_x[12]                    
cfg_f_MEMS_fcw_x[7]                        |cfg_f_MEMS_fcw_x[7]                        
cfg_f_MEMS_fcw_y[2]                        |cfg_f_MEMS_fcw_y[2]                        
cfg_f_MEMS_fcw_x[11]                       |cfg_f_MEMS_fcw_x[11]                       
cfg_phase270_offset_x[13]                  |cfg_phase270_offset_x[13]                  
cfg_phase270_offset_x[4]                   |cfg_phase270_offset_x[4]                   
cfg_phase0_offset_y[12]                    |cfg_phase0_offset_y[12]                    
cfg_phase0_offset_y[3]                     |cfg_phase0_offset_y[3]                     
cfg_phase0_offset_x[2]                     |cfg_phase0_offset_x[2]                     
cfg_phase0_offset_x[11]                    |cfg_phase0_offset_x[11]                    
cfg_f_MEMS_fcw_y[1]                        |cfg_f_MEMS_fcw_y[1]                        
cfg_f_MEMS_fcw_x[6]                        |cfg_f_MEMS_fcw_x[6]                        
cfg_phase270_offset_x[12]                  |cfg_phase270_offset_x[12]                  
cfg_phase270_offset_x[3]                   |cfg_phase270_offset_x[3]                   
cfg_phase0_offset_x[10]                    |cfg_phase0_offset_x[10]                    
cfg_phase0_offset_y[2]                     |cfg_phase0_offset_y[2]                     
cfg_f_MEMS_fcw_y[15]                       |cfg_f_MEMS_fcw_y[15]                       
cfg_phase0_offset_y[11]                    |cfg_phase0_offset_y[11]                    
cfg_phase270_offset_x[11]                  |cfg_phase270_offset_x[11]                  
cfg_phase270_offset_x[2]                   |cfg_phase270_offset_x[2]                   
cfg_phase0_offset_x[1]                     |cfg_phase0_offset_x[1]                     
cfg_phase0_offset_x[0]                     |cfg_phase0_offset_x[0]                     
cfg_phase0_offset_y[20]                    |cfg_phase0_offset_y[20]                    
cfg_phase0_offset_y[10]                    |cfg_phase0_offset_y[10]                    
cfg_phase270_offset_x[10]                  |cfg_phase270_offset_x[10]                  
cfg_phase270_offset_x[20]                  |cfg_phase270_offset_x[20]                  
cfg_phase0_offset_x[19]                    |cfg_phase0_offset_x[19]                    
cfg_phase0_offset_y[0]                     |cfg_phase0_offset_y[0]                     
cfg_phase270_offset_x[1]                   |cfg_phase270_offset_x[1]                   
cfg_phase270_offset_x[0]                   |cfg_phase270_offset_x[0]                   
cfg_phase0_offset_y[19]                    |cfg_phase0_offset_y[19]                    
cfg_phase0_offset_x[9]                     |cfg_phase0_offset_x[9]                     
cfg_phase0_offset_y[9]                     |cfg_phase0_offset_y[9]                     
cfg_phase0_offset_y[18]                    |cfg_phase0_offset_y[18]                    
cfg_phase270_offset_x[19]                  |cfg_phase270_offset_x[19]                  
cfg_phase270_offset_x[18]                  |cfg_phase270_offset_x[18]                  
cfg_phase0_offset_y[8]                     |cfg_phase0_offset_y[8]                     
cfg_phase270_offset_x[17]                  |cfg_phase270_offset_x[17]                  
cfg_phase270_offset_y[15]                  |cfg_phase270_offset_y[15]                  
cfg_phase270_offset_y[14]                  |cfg_phase270_offset_y[14]                  
cfg_phase270_offset_y[5]                   |cfg_phase270_offset_y[5]                   
cfg_phase90_offset_x[14]                   |cfg_phase90_offset_x[14]                   
cfg_phase270_offset_y[13]                  |cfg_phase270_offset_y[13]                  
cfg_phase270_offset_y[3]                   |cfg_phase270_offset_y[3]                   
cfg_phase270_offset_y[12]                  |cfg_phase270_offset_y[12]                  
cfg_phase90_offset_x[13]                   |cfg_phase90_offset_x[13]                   
cfg_phase90_offset_x[4]                    |cfg_phase90_offset_x[4]                    
cfg_phase90_offset_x[12]                   |cfg_phase90_offset_x[12]                   
cfg_phase90_offset_x[3]                    |cfg_phase90_offset_x[3]                    
cfg_phase90_offset_y[13]                   |cfg_phase90_offset_y[13]                   
cfg_phase270_offset_y[11]                  |cfg_phase270_offset_y[11]                  
cfg_phase270_offset_y[2]                   |cfg_phase270_offset_y[2]                   
cfg_phase270_offset_y[10]                  |cfg_phase270_offset_y[10]                  
cfg_phase90_offset_y[12]                   |cfg_phase90_offset_y[12]                   
cfg_phase90_offset_x[11]                   |cfg_phase90_offset_x[11]                   
cfg_phase90_offset_y[3]                    |cfg_phase90_offset_y[3]                    
cfg_phase90_offset_x[2]                    |cfg_phase90_offset_x[2]                    
cfg_phase270_offset_y[20]                  |cfg_phase270_offset_y[20]                  
cfg_phase90_offset_x[20]                   |cfg_phase90_offset_x[20]                   
cfg_phase270_offset_y[0]                   |cfg_phase270_offset_y[0]                   
cfg_phase90_offset_x[10]                   |cfg_phase90_offset_x[10]                   
cfg_phase270_offset_y[1]                   |cfg_phase270_offset_y[1]                   
cfg_phase90_offset_y[2]                    |cfg_phase90_offset_y[2]                    
cfg_phase90_offset_y[11]                   |cfg_phase90_offset_y[11]                   
cfg_phase270_offset_y[19]                  |cfg_phase270_offset_y[19]                  
cfg_phase270_offset_x[9]                   |cfg_phase270_offset_x[9]                   
cfg_phase90_offset_x[1]                    |cfg_phase90_offset_x[1]                    
cfg_phase90_offset_x[0]                    |cfg_phase90_offset_x[0]                    
cfg_phase90_offset_y[20]                   |cfg_phase90_offset_y[20]                   
cfg_phase90_offset_y[0]                    |cfg_phase90_offset_y[0]                    
cfg_phase90_offset_y[1]                    |cfg_phase90_offset_y[1]                    
cfg_phase90_offset_x[19]                   |cfg_phase90_offset_x[19]                   
cfg_phase270_offset_y[18]                  |cfg_phase270_offset_y[18]                  
cfg_phase270_offset_y[9]                   |cfg_phase270_offset_y[9]                   
cfg_phase270_offset_x[8]                   |cfg_phase270_offset_x[8]                   
cfg_phase0_offset_y[7]                     |cfg_phase0_offset_y[7]                     
cfg_phase0_offset_x[20]                    |cfg_phase0_offset_x[20]                    
cfg_phase0_offset_y[1]                     |cfg_phase0_offset_y[1]                     
cfg_phase270_offset_y[4]                   |cfg_phase270_offset_y[4]                   
cfg_f_MEMS_fcw_y[8]                        |cfg_f_MEMS_fcw_y[8]                        
cfg_phase90_offset_y[10]                   |cfg_phase90_offset_y[10]                   
spi_miso                                   |spi_miso                                   
soft_rst                                   |soft_rst                                   
spi_miso_oe                                |spi_miso_oe                                
VDD                                        |VDD                                        
VSS                                        |VSS                                        
---------------------------------------------------------------------------------------
Cell pin lists are equivalent.
Device classes spi_regs and spi_regs are equivalent.

Final result: Circuits match uniquely.
.
