net,length_um
clknet_0_clk_regs,1.23459mm
clknet_3_6__leaf_clk_regs,616.6µm
clknet_3_4__leaf_clk_regs,589.57µm
net1550,573.18µm
net1342,543.4µm
clk,531.565µm
net13,523.04µm
net1429,513.57µm
wave_controller_x_inst/_0615_,512.45µm
spi_regs_inst/_0272_,505.01µm
net14,504.56µm
wave_controller_y_inst/_0615_,484.19µm
clknet_3_1__leaf_clk_regs,468.51µm
net11,463.68µm
net12,457.01µm
clknet_3_3__leaf_clk_regs,445.8µm
cfg_f_MEMS_fcw_y\[14\],434.35µm
net15,393.73µm
comp_y,392.32µm
spi_regs_inst/_0564_,392.2µm
spi_regs_inst/net946,389.76µm
jitter_flag_y,388.28µm
clknet_3_5__leaf_clk_regs,387.16µm
wave_controller_y_inst/phase_acc\[13\],383.95µm
wave_controller_x_inst/phase_acc\[13\],375.96µm
cfg_f_MEMS_fcw_x\[14\],373.92µm
net1208,369.75µm
net987,361.35µm
wave_controller_x_inst/phase_acc\[8\],360.48µm
raw_edge2_x\[10\],360.38µm
spi_regs_inst/net985,358.45µm
wave_controller_y_inst/net1128,354.78µm
spi_regs_inst/net862,347.77µm
clknet_3_0__leaf_clk_regs,346.38µm
spi_regs_inst/net984,344.55µm
net863,341.39µm
cfg_phase270_offset_y\[4\],340.53µm
votes_out_phase_x\[3\],338.44µm
cfg_phase270_offset_y\[1\],338.34µm
delay_wave_cycle_x\[1\],336.66µm
net5,336.05µm
cfg_phase90_offset_x\[17\],335.03µm
wave_controller_y_inst/net231,334.47µm
cfg_phase270_offset_y\[0\],332.18µm
wave_controller_x_inst/net887,331.67µm
wave_controller_y_inst/net273,331.01µm
clknet_3_2__leaf_clk_regs,330.6µm
wave_controller_x_inst/net524,328.97µm
clknet_3_7__leaf_clk_regs,325.66µm
spi_regs_inst/net75,324.8µm
clknet_leaf_8_clk_regs,324.39µm
phase_state_y\[0\],322.05µm
raw_edge3_y\[20\],321.03µm
cfg_phase270_offset_x\[18\],320.37µm
net865,319.91µm
spi_regs_inst/net986,319.86µm
cfg_phase90_offset_y\[17\],314.97µm
spi_regs_inst/net864,314.26µm
votes_out_phase_y\[2\],313.75µm
net868,313.75µm
net959,313.75µm
cfg_phase0_offset_x\[4\],312.53µm
cal_phase270_offset_y\[15\],311.41µm
wave_controller_y_inst/net493,311.1µm
raw_edge3_x\[19\],310.95µm
net860,310.85µm
cfg_phase90_offset_x\[0\],309.83µm
cfg_phase0_offset_y\[3\],307.64µm
cfg_phase270_offset_x\[1\],307.62µm
net972,305.86µm
cfg_phase270_offset_x\[2\],305.45µm
delay_wave_cycle_x\[2\],304.43µm
net851,303.62µm
cfg_phase270_offset_y\[3\],302.55µm
phase_state_y\[1\],299.88µm
net856,298.68µm
net867,298.63µm
net857,298.22µm
state_o\[2\],298.12µm
spi_regs_inst/net1100,298.02µm
wave_controller_y_inst/_1121_,297.92µm
wave_controller_x_inst/net676,297.56µm
cfg_phase270_offset_x\[4\],296.9µm
delay_wave_cycle_y\[2\],294µm
spi_regs_inst/net983,292.98µm
net973,292.47µm
net960,291.81µm
cfg_phase90_offset_x\[2\],291.4µm
cal_phase90_offset_y\[15\],291.2µm
net977,290.69µm
net978,290.65µm
cfg_phase90_offset_x\[3\],289.67µm
spi_regs_inst/net421,289.06µm
delay_wave_cycle_y\[0\],288.5µm
cal_phase90_offset_x\[4\],287.66µm
raw_edge2_x\[18\],287.63µm
cfg_phase90_offset_x\[18\],287.53µm
net866,287.43µm
votes_out_phase_x\[0\],286.36µm
net954,286.31µm
votes_out_phase_x\[2\],286.21µm
spi_regs_inst/net459,285.29µm
cfg_phase270_offset_y\[19\],285.24µm
spi_regs_inst/net367,285.19µm
cfg_phase270_offset_x\[0\],284.17µm
net989,282.54µm
cal_phase90_offset_y\[10\],282.34µm
wave_controller_x_inst/_1121_,281.78µm
raw_edge1_x\[18\],281.27µm
net971,280.61µm
net979,279.13µm
cfg_phase90_offset_x\[15\],279.03µm
wave_controller_y_inst/net29,278.37µm
cfg_f_MEMS_fcw_y\[0\],277.96µm
net847,277.86µm
jitter_flag_x,276.79µm
spi_regs_inst/net416,276.13µm
raw_edge1_y\[15\],275.11µm
wave_controller_x_inst/_0611_,274.45µm
net965,273.94µm
wave_controller_x_inst/_0636_,273.53µm
wave_controller_x_inst/_0737_,273.28µm
net952,271.8µm
net956,271.8µm
cfg_phase270_offset_x\[14\],271.24µm
net853,270.58µm
cal_phase90_offset_y\[3\],270.07µm
spi_regs_inst/_0415_,269.25µm
cfg_phase90_offset_y\[0\],269µm
net950,267.88µm
net852,267.83µm
net964,266.95µm
spi_regs_inst/_0567_,266.71µm
net988,266.71µm
votes_in_phase_y\[2\],266.05µm
cfg_phase270_offset_x\[19\],265.74µm
cfg_phase0_offset_x\[0\],265.59µm
cal_phase90_offset_y\[20\],265.49µm
cfg_phase90_offset_y\[3\],264.98µm
spi_regs_inst/_0718_,264.73µm
net831,264.42µm
spi_regs_inst/net976,263.86µm
raw_edge3_x\[12\],263.35µm
spi_regs_inst/net406,262.94µm
cfg_phase0_offset_y\[0\],262.84µm
net968,262.78µm
state_o\[1\],262.33µm
cfg_phase270_offset_x\[3\],262.13µm
spi_regs_inst/net366,261.67µm
net975,260.63µm
spi_regs_inst/net427,259.94µm
comp_x,258.83µm
cfg_phase270_offset_y\[7\],258.82µm
cal_phase0_offset_y\[1\],258.41µm
cfg_f_MEMS_fcw_y\[4\],258.31µm
spi_regs_inst/_0706_,257.8µm
raw_edge1_y\[14\],257.65µm
net834,256.68µm
net948,255.46µm
wave_controller_y_inst/_1216_,254.95µm
cal_phase90_offset_x\[8\],254.9µm
spi_regs_inst/_0271_,254.54µm
net947,253.22µm
net967,252.87µm
spi_regs_inst/net1098,252.66µm
spi_regs_inst/_0452_,252.23µm
cfg_phase90_offset_y\[6\],252.15µm
net839,251.69µm
raw_edge3_x\[17\],250.98µm
cfg_phase0_offset_x\[17\],250.42µm
votes_in_phase_y\[1\],250.42µm
raw_edge1_x\[9\],249.96µm
bidir_out[6],249.62µm
net980,249.3µm
delay_wave_cycle_x\[0\],248.85µm
raw_edge3_x\[11\],248.79µm
raw_edge1_y\[11\],248.64µm
spi_regs_inst/_0560_,248.13µm
cfg_phase270_offset_x\[6\],248.08µm
net1224,247.67µm
cfg_phase90_offset_x\[19\],247.06µm
clknet_leaf_27_clk_regs,246.7µm
cfg_phase0_offset_y\[2\],246.55µm
cal_phase90_offset_y\[19\],246.45µm
spi_regs_inst/_0492_,245.94µm
wave_controller_x_inst/_1122_,245.48µm
cfg_phase90_offset_y\[2\],245.43µm
delay_wave_cycle_x\[5\],244.21µm
net957,243.34µm
cfg_phase0_offset_x\[20\],243.24µm
raw_edge1_y\[18\],243.24µm
cfg_phase270_offset_x\[16\],243.19µm
spi_regs_inst/_0228_,243.19µm
spi_regs_inst/net435,242.58µm
net982,241.97µm
cfg_f_MEMS_fcw_x\[4\],241.46µm
cfg_phase0_offset_y\[18\],240.34µm
cfg_phase90_offset_x\[16\],239.88µm
cfg_phase90_offset_x\[6\],239.73µm
cfg_phase90_offset_y\[7\],239.33µm
delaynet_1_clk,239.12µm
cal_phase90_offset_x\[13\],238.89µm
raw_edge1_y\[10\],237.92µm
raw_edge1_x\[10\],237.64µm
cfg_phase270_offset_y\[6\],236.98µm
raw_edge3_x\[10\],236.98µm
cfg_phase0_offset_y\[19\],236.93µm
bidir_out[7],236.74µm
spi_regs_inst/_0692_,235.5µm
spi_regs_inst/_0711_,235.4µm
raw_edge1_y\[9\],235.35µm
net845,234.99µm
wave_controller_y_inst/net644,234.89µm
cfg_phase90_offset_y\[18\],234.74µm
raw_edge3_y\[12\],234.69µm
analog[0],234.5µm
cfg_phase0_offset_y\[17\],234.13µm
cfg_phase270_offset_y\[5\],233.62µm
read_en,233.55µm
spi_regs_inst/net417,233.16µm
votes_out_phase_y\[1\],233.11µm
cal_phase90_offset_x\[6\],232.96µm
cal_phase90_offset_y\[13\],232.96µm
votes_in_phase_y\[3\],232.55µm
net951,231.99µm
cfg_phase270_offset_x\[8\],231.84µm
spi_regs_inst/net425,231.53µm
raw_edge1_x\[7\],231.48µm
net1554,231.39µm
cal_phase90_offset_x\[15\],231.38µm
net962,231.38µm
cal_phase90_offset_x\[14\],230.87µm
cfg_phase90_offset_x\[20\],230.31µm
cal_phase90_offset_y\[11\],230.21µm
cfg_phase0_offset_x\[18\],229.85µm
cal_phase270_offset_x\[15\],229.7µm
spi_regs_inst/spi_addr\[1\],229.19µm
cfg_phase0_offset_y\[20\],228.68µm
wave_controller_x_inst/_1205_,228.12µm
wave_controller_x_inst/net677,228.12µm
cal_phase270_offset_y\[11\],227.76µm
spi_regs_inst/net398,227.45µm
spi_regs_inst/_0287_,226.95µm
net963,226.39µm
cal_phase270_offset_y\[14\],226.34µm
spi_regs_inst/_0624_,226.34µm
cal_phase0_offset_y\[8\],225.78µm
raw_edge3_x\[20\],225.32µm
spi_regs_inst/net1102,225.22µm
wave_controller_y_inst/net626,224.71µm
net840,224.71µm
net843,224.66µm
cfg_phase0_offset_x\[3\],224.61µm
cfg_phase90_offset_x\[1\],224.56µm
votes_in_phase_y\[0\],224.15µm
raw_edge1_y\[20\],224.1µm
spi_regs_inst/_0655_,224.1µm
spi_regs_inst/_0210_,223.98µm
cfg_phase270_offset_y\[18\],223.49µm
cfg_phase0_offset_x\[2\],223.13µm
spi_regs_inst/net1101,222.98µm
spi_regs_inst/net1026,222.96µm
net858,222.62µm
net16,221.86µm
spi_regs_inst/net461,221.86µm
spi_regs_inst/net391,221.34µm
spi_regs_inst/net364,220.24µm
wave_controller_y_inst/net275,219.72µm
raw_edge3_x\[15\],219.11µm
wave_controller_y_inst/net637,219.01µm
analog[1],218.96µm
net966,218.68µm
cfg_phase0_offset_x\[19\],218.5µm
spi_regs_inst/net375,218.04µm
cfg_phase90_offset_y\[19\],217.94µm
delaynet_0_clk,217.84µm
votes_out_phase_y\[3\],217.48µm
spi_regs_inst/_0716_,217.38µm
cfg_phase270_offset_x\[5\],216.87µm
cal_phase90_offset_y\[8\],216.74µm
net849,215.75µm
delaynet_2_clk,215.6µm
raw_edge3_y\[16\],214.78µm
net958,214.07µm
cfg_phase270_offset_y\[20\],213.92µm
clknet_leaf_31_clk_regs,213.71µm
spi_regs_inst/net434,213.61µm
cfg_phase0_offset_x\[16\],213.56µm
spi_regs_inst/net400,213.51µm
spi_regs_inst/net413,213.05µm
raw_edge3_x\[13\],212.95µm
net855,212.9µm
raw_edge2_x\[6\],212.54µm
raw_edge2_y\[13\],212.44µm
cal_phase90_offset_y\[4\],211.68µm
net830,211.32µm
raw_edge3_y\[17\],211.22µm
spi_regs_inst/_0704_,210.76µm
cfg_phase0_offset_x\[10\],210.15µm
cfg_phase90_offset_x\[8\],210.1µm
raw_edge2_y\[15\],210µm
clknet_leaf_59_clk_regs,209.64µm
spi_regs_inst/_0724_,209.59µm
wave_controller_x_inst/net689,209.54µm
spi_regs_inst/net422,209.52µm
net848,209.49µm
raw_edge3_y\[7\],208.98µm
net974,208.42µm
cfg_phase90_offset_y\[4\],208.37µm
raw_edge2_y\[16\],207.04µm
cfg_phase0_offset_y\[10\],206.18µm
raw_edge3_x\[5\],205.77µm
raw_edge3_x\[18\],205.26µm
spi_regs_inst/net418,205.16µm
wave_controller_y_inst/_1227_,205.06µm
wave_controller_y_inst/_1213_,204.65µm
net835,204.45µm
spi_regs_inst/_0219_,204.09µm
wave_controller_x_inst/net691,204.09µm
votes_out_phase_x\[1\],203.99µm
cfg_phase270_offset_y\[14\],203.94µm
spi_regs_inst/_0690_,203.38µm
wave_controller_y_inst/_1208_,203.38µm
spi_regs_inst/_0669_,202.82µm
delay_wave_cycle_y\[1\],202.21µm
cfg_phase270_offset_y\[15\],201.75µm
clknet_leaf_12_clk_regs,201.7µm
cfg_phase90_offset_x\[12\],201.65µm
spi_regs_inst/_0207_,200.58µm
cal_phase90_offset_y\[9\],199.92µm
spi_regs_inst/net380,199.46µm
spi_regs_inst/net369,199.1µm
spi_regs_inst/net431,199.05µm
spi_regs_inst/net1000,198.85µm
spi_regs_inst/_0576_,198.39µm
raw_edge1_x\[17\],198.13µm
clknet_leaf_29_clk_regs,197.93µm
cfg_phase0_offset_x\[5\],197.78µm
spi_regs_inst/net383,197.73µm
wave_controller_y_inst/_1221_,197.42µm
net981,196.71µm
spi_regs_inst/_0713_,196.66µm
wave_controller_y_inst/net638,196.66µm
spi_regs_inst/net430,195.54µm
votes_in_phase_x\[2\],195.44µm
spi_regs_inst/_0519_,195.03µm
clknet_leaf_36_clk_regs,194.72µm
spi_regs_inst/net1054,194.42µm
cfg_phase270_offset_y\[12\],194.37µm
raw_edge1_y\[3\],194.37µm
wave_controller_y_inst/net625,194.37µm
cfg_phase270_offset_x\[20\],193.91µm
raw_edge3_y\[13\],193.91µm
wave_controller_x_inst/_1217_,193.86µm
clknet_leaf_2_clk_regs,193.65µm
spi_regs_inst/_0227_,193.35µm
spi_regs_inst/net424,193.35µm
spi_regs_inst/net362,193.3µm
spi_regs_inst/_0611_,192.79µm
cfg_phase0_offset_y\[7\],192.74µm
spi_regs_inst/net433,191.82µm
spi_regs_inst/_0722_,191.57µm
clknet_leaf_32_clk_regs,191.26µm
spi_regs_inst/_0603_,190.5µm
wave_controller_x_inst/_1213_,189.99µm
net854,189.89µm
clknet_leaf_51_clk_regs,189.68µm
spi_regs_inst/_0217_,189.33µm
spi_regs_inst/net995,189.31µm
bidir_out[4],189.14µm
wave_controller_x_inst/_1227_,188.87µm
spi_regs_inst/net456,188.77µm
boot_complete,188.36µm
raw_edge3_x\[3\],188.31µm
cfg_phase90_offset_y\[16\],188.21µm
clknet_leaf_5_clk_regs,187.75µm
wave_controller_x_inst/net287,187.65µm
wave_controller_y_inst/_1217_,186.53µm
wave_controller_y_inst/_1251_,186.02µm
spi_regs_inst/net363,186.02µm
spi_regs_inst/_0678_,185.56µm
spi_regs_inst/net377,185.51µm
spi_regs_inst/_0563_,185.41µm
wave_controller_x_inst/_1222_,185.2µm
cfg_phase90_offset_x\[5\],184.34µm
clknet_leaf_21_clk_regs,183.93µm
net837,183.88µm
net844,183.88µm
cfg_phase90_offset_x\[14\],183.83µm
wave_controller_x_inst/phase_acc\[17\],183.32µm
cal_start,183.17µm
spi_regs_inst/spi_addr\[2\],182.86µm
wave_controller_x_inst/_1208_,182.76µm
raw_edge1_x\[1\],182.66µm
spi_regs_inst/net129,182.61µm
cfg_phase0_offset_x\[6\],182.15µm
net846,182.15µm
wave_controller_y_inst/_1245_,182.1µm
raw_edge1_y\[2\],181.69µm
spi_regs_inst/_0550_,181.59µm
cfg_phase0_offset_y\[15\],181.54µm
raw_edge3_y\[4\],181.44µm
bidir_out[5],181.3µm
net955,181.18µm
spi_regs_inst/net1028,180.93µm
wave_controller_y_inst/_0621_,180.62µm
cfg_phase90_offset_y\[20\],180.52µm
wave_controller_y_inst/net1126,180.37µm
wave_controller_x_inst/phase_acc\[7\],179.91µm
wave_controller_y_inst/net491,179.81µm
cal_phase270_offset_x\[9\],179.76µm
spi_regs_inst/net412,179.4µm
latch_error_y,179.25µm
wave_controller_y_inst/_1326_,179.25µm
spi_regs_inst/net1136,179.25µm
latch_error_x,178.74µm
raw_edge3_x\[6\],178.74µm
spi_regs_inst/net409,178.64µm
cfg_phase90_offset_y\[5\],177.67µm
spi_regs_inst/_0717_,177.21µm
spi_regs_inst/_0677_,177.2µm
spi_regs_inst/net298,177.16µm
spi_regs_inst/net559,177.16µm
spi_regs_inst/net423,177.11µm
wave_controller_x_inst/net349,177.06µm
cfg_f_MEMS_fcw_y\[10\],176.5µm
wave_controller_x_inst/net921,176.5µm
cfg_phase0_offset_x\[8\],176.45µm
spi_regs_inst/spi_addr\[3\],176.04µm
net842,175.99µm
spi_regs_inst/_0214_,175.89µm
spi_regs_inst/net361,175.53µm
wave_controller_y_inst/_1253_,175.43µm
spi_regs_inst/reg_wr_addr\[0\],175.38µm
wave_controller_y_inst/net650,175.38µm
wave_controller_x_inst/_0630_,174.77µm
clknet_leaf_48_clk_regs,174.51µm
wave_controller_x_inst/_0683_,174.31µm
spi_regs_inst/_0436_,174.26µm
spi_regs_inst/net1076,174.26µm
spi_regs_inst/net1014,174.21µm
net969,173.8µm
wave_controller_x_inst/_1251_,173.75µm
cfg_phase0_offset_x\[7\],173.7µm
spi_regs_inst/net300,173.7µm
wave_controller_x_inst/net243,173.65µm
cal_phase270_offset_y\[19\],173.6µm
net841,173.6µm
wave_controller_x_inst/_0621_,173.29µm
spi_regs_inst/net1073,173.19µm
spi_regs_inst/_0216_,173.14µm
spi_regs_inst/net415,173.09µm
wave_controller_x_inst/phase_acc\[1\],172.73µm
delay_wave_cycle_x\[6\],172.68µm
wave_controller_y_inst/net265,172.58µm
spi_regs_inst/net1057,172.58µm
spi_regs_inst/_0511_,172.53µm
cal_phase90_offset_y\[7\],172.48µm
cal_phase270_offset_y\[6\],171.92µm
wave_controller_x_inst/net111,171.92µm
wave_controller_x_inst/_1218_,171.61µm
spi_regs_inst/net392,171.56µm
spi_regs_inst/_0687_,171.51µm
spi_regs_inst/_0488_,171.36µm
net861,170.9µm
spi_regs_inst/net310,170.34µm
cal_phase90_offset_y\[12\],170.24µm
cfg_phase0_offset_y\[16\],170.24µm
spi_regs_inst/net153,170.13µm
raw_edge2_x\[1\],170.08µm
cfg_phase270_offset_y\[16\],169.78µm
spi_regs_inst/net292,169.78µm
spi_regs_inst/net370,169.73µm
wave_controller_y_inst/phase_acc\[2\],169.37µm
spi_regs_inst/net1068,169.27µm
clknet_leaf_33_clk_regs,169.27µm
wave_controller_y_inst/net226,169.12µm
spi_regs_inst/net154,168.66µm
votes_in_phase_x\[0\],168.61µm
wave_controller_x_inst/net944,168.25µm
wave_controller_y_inst/net822,168.1µm
wave_controller_y_inst/_0683_,168µm
bidir_out[8],167.86µm
clknet_leaf_34_clk_regs,167.84µm
wave_controller_x_inst/_1253_,167.64µm
spi_regs_inst/net1109,167.59µm
spi_regs_inst/net1130,167.59µm
clknet_leaf_39_clk_regs,167.13µm
wave_controller_y_inst/_1246_,167.08µm
spi_regs_inst/net394,167.08µm
wave_controller_y_inst/net829,167.03µm
spi_regs_inst/net1047,166.88µm
spi_regs_inst/reg_wr_addr\[1\],166.47µm
raw_edge1_x\[15\],166.42µm
clknet_leaf_20_clk_regs,166.42µm
wave_controller_y_inst/net190,166.32µm
spi_regs_inst/net432,166.32µm
cal_phase90_offset_x\[16\],165.86µm
wave_controller_y_inst/_0647_,165.86µm
spi_regs_inst/net299,165.25µm
net949,164.84µm
raw_edge2_x\[20\],164.74µm
spi_regs_inst/net998,164.74µm
spi_regs_inst/net1005,164.74µm
spi_regs_inst/net428,164.69µm
cal_phase270_offset_x\[7\],164.61µm
raw_edge3_y\[5\],164.33µm
cal_phase90_offset_x\[10\],164.08µm
wave_controller_x_inst/net684,163.67µm
spi_regs_inst/net372,163.62µm
raw_edge3_y\[3\],163.57µm
spi_regs_inst/net373,163.57µm
spi_regs_inst/net1088,163.06µm
wave_controller_x_inst/_1053_,163.01µm
wave_controller_y_inst/_1364_,162.96µm
wave_controller_y_inst/_1222_,162.65µm
spi_regs_inst/net297,162.54µm
cfg_phase90_offset_y\[12\],162.5µm
spi_regs_inst/net381,162.5µm
cfg_phase90_offset_x\[4\],162.4µm
spi_regs_inst/net399,162.4µm
raw_edge1_x\[0\],162.19µm
wave_controller_x_inst/_0712_,161.94µm
spi_regs_inst/net19,161.84µm
cal_phase270_offset_x\[5\],161.57µm
clknet_leaf_43_clk_regs,161.53µm
spi_regs_inst/_0654_,161.38µm
wave_controller_y_inst/net161,161.38µm
clknet_leaf_35_clk_regs,161.12µm
spi_regs_inst/net419,160.92µm
spi_regs_inst/net296,160.82µm
wave_controller_y_inst/net800,160.77µm
spi_regs_inst/net1074,160.31µm
wave_controller_x_inst/net214,160.16µm
cal_phase0_offset_x\[5\],160.13µm
spi_regs_inst/net387,159.85µm
spi_regs_inst/_0218_,159.75µm
wave_controller_y_inst/_0613_,159.75µm
clknet_leaf_50_clk_regs,159.7µm
spi_regs_inst/net1039,158.58µm
cal_phase90_offset_x\[9\],158.12µm
raw_edge3_y\[14\],158.12µm
wave_controller_x_inst/net690,158.07µm
cal_phase0_offset_y\[10\],157.92µm
wave_controller_y_inst/_1233_,157.51µm
spi_regs_inst/net1078,157.36µm
wave_controller_y_inst/wave_cycle_cnt\[3\],157.15µm
wave_controller_y_inst/net72,156.95µm
spi_regs_inst/_0668_,156.9µm
wave_controller_x_inst/net885,156.9µm
wave_controller_x_inst/wave_cycle_cnt\[1\],156.72µm
wave_controller_x_inst/_1245_,156.49µm
wave_controller_x_inst/capture_step\[2\],156.49µm
cal_phase0_offset_y\[9\],156.44µm
spi_regs_inst/_0211_,156.34µm
cfg_phase270_offset_x\[13\],156.24µm
spi_regs_inst/_0226_,156.04µm
spi_regs_inst/_0215_,155.93µm
wave_controller_x_inst/net920,155.78µm
raw_edge3_y\[18\],155.73µm
wave_controller_y_inst/_0156_,155.73µm
spi_regs_inst/net374,155.73µm
spi_regs_inst/net379,155.68µm
cfg_phase90_offset_y\[8\],155.37µm
wave_controller_x_inst/net683,155.37µm
wave_controller_y_inst/net632,155.32µm
spi_regs_inst/net404,155.27µm
wave_controller_y_inst/wave_cycle_cnt\[1\],154.81µm
clknet_leaf_55_clk_regs,154.81µm
wave_controller_x_inst/net205,154.76µm
cal_phase90_offset_y\[0\],154.61µm
cfg_phase0_offset_x\[12\],154.15µm
spi_regs_inst/_0666_,154.1µm
wave_controller_y_inst/net746,154.1µm
spi_regs_inst/net388,153.59µm
spi_regs_inst/_0721_,153.49µm
spi_regs_inst/net295,153.44µm
wave_controller_y_inst/net801,153.03µm
wave_controller_y_inst/net802,152.98µm
wave_controller_y_inst/_0155_,152.88µm
spi_regs_inst/_0708_,152.47µm
spi_regs_inst/net20,152.47µm
spi_regs_inst/net376,152.01µm
spi_regs_inst/_0471_,151.96µm
wave_controller_y_inst/_1218_,151.96µm
soft_rst,151.81µm
spi_regs_inst/_0562_,151.81µm
wave_controller_x_inst/net246,151.81µm
spi_regs_inst/_0646_,151.76µm
wave_controller_x_inst/_0418_,151.76µm
clknet_leaf_10_clk_regs,151.55µm
wave_controller_y_inst/net482,151.35µm
spi_regs_inst/net1055,151.25µm
cal_phase270_offset_x\[6\],150.79µm
net726,150.74µm
spi_regs_inst/net1033,150.69µm
net1341,150.69µm
spi_regs_inst/_0671_,150.64µm
spi_regs_inst/_0723_,150.56µm
clknet_leaf_13_clk_regs,150.43µm
spi_regs_inst/net401,150.33µm
spi_regs_inst/_0575_,150.28µm
raw_edge2_y\[9\],150.23µm
clknet_leaf_42_clk_regs,150.23µm
spi_regs_inst/net549,150.18µm
wave_controller_x_inst/net117,150.13µm
cal_phase0_offset_y\[14\],150.08µm
wave_controller_y_inst/phase_acc\[0\],149.62µm
net859,149.57µm
clknet_leaf_56_clk_regs,149.36µm
clknet_leaf_16_clk_regs,149.31µm
cfg_phase270_offset_y\[8\],149.06µm
raw_edge3_y\[19\],149.01µm
cfg_phase0_offset_x\[1\],148.96µm
wave_controller_y_inst/_0703_,148.96µm
clknet_leaf_44_clk_regs,148.7µm
cfg_phase0_offset_y\[4\],148.6µm
cal_phase90_offset_y\[16\],148.5µm
wave_controller_y_inst/net631,148.5µm
wave_controller_x_inst/_1233_,148.45µm
wave_controller_x_inst/net128,147.89µm
cal_phase270_offset_y\[8\],147.87µm
raw_edge2_y\[4\],147.53µm
wave_controller_y_inst/phase_acc\[8\],147.53µm
wave_controller_y_inst/phase_acc\[3\],147.48µm
wave_controller_y_inst/net56,147.28µm
spi_regs_inst/net1049,146.95µm
clknet_leaf_37_clk_regs,146.92µm
spi_regs_inst/net384,146.87µm
raw_edge2_x\[12\],146.82µm
wave_controller_y_inst/net1160,146.82µm
spi_regs_inst/net385,146.77µm
clknet_leaf_15_clk_regs,146.77µm
wave_controller_x_inst/phase_acc\[16\],146.41µm
spi_regs_inst/net595,146.4µm
cal_phase0_offset_x\[0\],146.36µm
raw_edge2_x\[4\],146.31µm
wave_controller_y_inst/net1173,146.26µm
wave_controller_x_inst/net140,146.21µm
wave_controller_x_inst/net509,146.16µm
cal_phase90_offset_x\[11\],145.6µm
wave_controller_y_inst/net768,145.24µm
spi_regs_inst/net1089,145.19µm
wave_controller_x_inst/_1246_,145.14µm
wave_controller_y_inst/_1009_,145.14µm
wave_controller_y_inst/_1350_,145.04µm
net832,144.63µm
wave_controller_x_inst/net511,144.12µm
wave_controller_x_inst/_0893_,144.07µm
wave_controller_y_inst/_0893_,144.07µm
wave_controller_y_inst/net135,144.07µm
wave_controller_y_inst/_1255_,144.02µm
wave_controller_x_inst/net283,144.02µm
wave_controller_y_inst/net786,143.56µm
clknet_leaf_6_clk_regs,142.9µm
cal_phase0_offset_x\[1\],142.85µm
raw_edge3_y\[10\],142.85µm
wave_controller_y_inst/net269,142.85µm
spi_regs_inst/_0476_,142.44µm
wave_controller_y_inst/net179,142.39µm
wave_controller_x_inst/net1207,142.34µm
wave_controller_x_inst/net522,142.24µm
wave_controller_y_inst/phase_acc\[4\],141.93µm
spi_regs_inst/_0373_,141.88µm
spi_regs_inst/net1058,141.78µm
clknet_leaf_53_clk_regs,141.47µm
raw_edge1_x\[14\],141.27µm
cal_phase270_offset_y\[3\],141.22µm
cfg_phase90_offset_x\[10\],141.22µm
spi_regs_inst/_0419_,141.22µm
spi_regs_inst/_0675_,141.22µm
wave_controller_y_inst/_1243_,140.76µm
spi_regs_inst/net1072,140.74µm
wave_controller_x_inst/_0549_,140.56µm
cfg_phase90_offset_x\[9\],140.15µm
wave_controller_x_inst/net216,140.15µm
spi_regs_inst/_0693_,140.12µm
cal_phase0_offset_x\[6\],140.1µm
wave_controller_x_inst/net682,140.1µm
wave_controller_y_inst/net1099,140.1µm
wave_controller_y_inst/net787,140.05µm
cal_phase90_offset_x\[2\],140µm
wave_controller_y_inst/net651,139.64µm
clknet_leaf_18_clk_regs,139.64µm
wave_controller_x_inst/phase_acc\[10\],139.54µm
cfg_phase0_offset_y\[13\],139.08µm
cal_phase0_offset_x\[4\],139.04µm
wave_controller_x_inst/phase_acc\[2\],138.98µm
spi_regs_inst/net1013,138.98µm
wave_controller_y_inst/_0947_,138.88µm
spi_regs_inst/reg_wr_addr\[3\],138.57µm
wave_controller_y_inst/_0629_,138.57µm
net961,138.42µm
net1376,138.37µm
cfg_phase0_offset_y\[1\],137.91µm
spi_regs_inst/_0659_,137.91µm
cal_phase90_offset_y\[18\],137.86µm
signal_processor_y_inst/net462,137.45µm
wave_controller_y_inst/net492,137.35µm
wave_controller_x_inst/net1193,137.35µm
spi_regs_inst/net301,137.3µm
cfg_phase270_offset_x\[7\],137.25µm
cfg_phase0_offset_y\[6\],136.84µm
clknet_leaf_11_clk_regs,136.84µm
wave_controller_x_inst/_1248_,136.79µm
spi_regs_inst/_0493_,136.64µm
spi_regs_inst/_0679_,136.64µm
spi_regs_inst/net307,136.64µm
clknet_leaf_1_clk_regs,136.33µm
wave_controller_y_inst/_1248_,136.23µm
raw_edge2_x\[17\],136.18µm
wave_controller_x_inst/_0713_,136.18µm
wave_controller_x_inst/_0811_,136.13µm
spi_regs_inst/net1004,135.62µm
spi_regs_inst/net1079,135.62µm
wave_controller_y_inst/net771,135.55µm
cal_phase90_offset_y\[6\],135.52µm
wave_controller_x_inst/net521,135.11µm
spi_regs_inst/net1017,135.11µm
spi_regs_inst/_0642_,135.06µm
wave_controller_y_inst/net224,135.06µm
spi_regs_inst/net405,135.06µm
spi_regs_inst/net403,135.01µm
spi_regs_inst/net1034,135.01µm
net1221,135.01µm
spi_regs_inst/_0466_,134.96µm
wave_controller_x_inst/_0703_,134.96µm
cfg_phase90_offset_x\[11\],134.55µm
cal_phase90_offset_x\[20\],134.5µm
wave_controller_x_inst/phase_acc\[3\],134.5µm
spi_regs_inst/_0209_,134.45µm
spi_regs_inst/_0225_,134.45µm
spi_regs_inst/_0546_,134.45µm
wave_controller_x_inst/net244,134.45µm
spi_regs_inst/net1012,134.4µm
clknet_leaf_54_clk_regs,134.14µm
clknet_leaf_58_clk_regs,134.04µm
wave_controller_y_inst/net336,133.99µm
cfg_done,133.94µm
wave_controller_y_inst/net27,133.94µm
wave_controller_x_inst/net523,133.94µm
clknet_leaf_17_clk_regs,133.94µm
cal_phase90_offset_x\[7\],133.89µm
wave_controller_y_inst/_0618_,133.89µm
wave_controller_x_inst/net278,133.84µm
clknet_leaf_23_clk_regs,133.58µm
spi_regs_inst/_0507_,133.38µm
wave_controller_y_inst/net24,133.38µm
wave_controller_x_inst/net113,133.38µm
spi_regs_inst/net258,133.38µm
wave_controller_y_inst/_0811_,133.28µm
clknet_leaf_24_clk_regs,132.92µm
wave_controller_y_inst/phase_acc\[17\],132.87µm
spi_regs_inst/_0689_,132.77µm
net723,132.77µm
spi_regs_inst/net1008,132.77µm
wave_controller_y_inst/net767,132.72µm
signal_processor_x_inst/net463,132.41µm
wave_controller_y_inst/net828,132.41µm
wave_controller_y_inst/net1111,132.36µm
wave_controller_x_inst/_0645_,132.21µm
spi_regs_inst/net17,132.21µm
wave_controller_y_inst/net740,132.21µm
wave_controller_y_inst/net1107,132.16µm
wave_controller_x_inst/net1450,132.16µm
cfg_phase270_offset_x\[15\],131.93µm
clknet_leaf_0_clk_regs,131.9µm
clknet_leaf_25_clk_regs,131.85µm
spi_regs_inst/net368,131.75µm
wave_controller_x_inst/_0609_,131.7µm
clknet_leaf_14_clk_regs,131.39µm
wave_controller_x_inst/_1241_,131.19µm
wave_controller_y_inst/net157,131.19µm
spi_regs_inst/net414,131.19µm
phase_state_x\[0\],131.14µm
wave_controller_x_inst/_0617_,131.14µm
wave_controller_x_inst/_1323_,131.14µm
spi_regs_inst/net442,131.09µm
wave_controller_x_inst/net709,130.68µm
raw_edge2_x\[0\],130.58µm
raw_edge3_y\[15\],130.58µm
spi_regs_inst/_0206_,130.53µm
spi_regs_inst/_0542_,130.53µm
analog[2],130.45µm
spi_regs_inst/_0323_,130.07µm
wave_controller_x_inst/net87,130.07µm
spi_regs_inst/net1051,130.02µm
spi_regs_inst/net1071,129.97µm
wave_controller_y_inst/_1433_,129.83µm
wave_controller_y_inst/_1241_,129.56µm
net953,129.56µm
spi_regs_inst/net1022,129.46µm
spi_regs_inst/net411,129.41µm
cal_phase270_offset_y\[9\],129.36µm
spi_regs_inst/net1062,129.36µm
net1117,128.95µm
spi_regs_inst/net426,128.85µm
spi_regs_inst/reg_wr_data\[5\],128.8µm
wave_controller_x_inst/net116,128.8µm
wave_controller_x_inst/net502,128.8µm
clknet_leaf_19_clk_regs,128.54µm
cfg_f_MEMS_fcw_x\[0\],128.49µm
spi_regs_inst/net573,128.43µm
wave_controller_y_inst/net1175,128.39µm
spi_regs_inst/net1037,128.29µm
spi_regs_inst/net1063,128.29µm
net1256,128.29µm
cal_phase270_offset_y\[20\],128.24µm
spi_regs_inst/_0605_,128.24µm
spi_regs_inst/net455,127.78µm
spi_regs_inst/_0705_,127.73µm
cal_phase270_offset_x\[12\],127.68µm
spi_regs_inst/net1086,127.68µm
net1124,127.68µm
cal_phase0_offset_x\[12\],127.65µm
cfg_phase90_offset_x\[13\],127.32µm
raw_edge1_y\[0\],127.32µm
spi_regs_inst/net546,127.27µm
votes_out_phase_y\[0\],127.22µm
spi_regs_inst/net1159,127.22µm
wave_controller_x_inst/net507,127.17µm
spi_regs_inst/net589,127.17µm
spi_regs_inst/net1066,127.17µm
spi_regs_inst/_0427_,127.12µm
spi_regs_inst/_0306_,126.71µm
wave_controller_x_inst/net496,126.71µm
wave_controller_x_inst/net934,126.71µm
clknet_leaf_38_clk_regs,126.71µm
spi_regs_inst/_0707_,126.66µm
wave_controller_y_inst/net30,126.66µm
cfg_phase270_offset_y\[17\],126.61µm
wave_controller_y_inst/_0784_,126.61µm
spi_regs_inst/net1215,126.61µm
wave_controller_x_inst/_1029_,126.56µm
net747,126.56µm
cal_timeout_x,126.15µm
spi_regs_inst/net1064,126.15µm
spi_regs_inst/net255,126.1µm
wave_controller_y_inst/net477,126.1µm
wave_controller_y_inst/net745,126.1µm
wave_controller_x_inst/_0784_,126.05µm
spi_regs_inst/net1046,126.05µm
wave_controller_y_inst/net1139,126.05µm
clknet_leaf_30_clk_regs,125.74µm
clknet_leaf_45_clk_regs,125.74µm
wave_controller_y_inst/phase_acc\[16\],125.69µm
signal_processor_x_inst/_042_,125.59µm
wave_controller_y_inst/net35,125.59µm
wave_controller_y_inst/net476,125.54µm
raw_edge3_y\[9\],125.49µm
cal_phase90_offset_x\[12\],125.44µm
clknet_leaf_46_clk_regs,125.08µm
wave_controller_x_inst/_1300_,125.03µm
spi_regs_inst/net454,125.03µm
cfg_f_MEMS_fcw_x\[10\],124.98µm
wave_controller_x_inst/net1251,124.98µm
raw_edge2_x\[16\],124.93µm
spi_regs_inst/_0317_,124.88µm
wave_controller_x_inst/_1364_,124.88µm
wave_controller_x_inst/net110,124.88µm
wave_controller_y_inst/_1224_,124.62µm
wave_controller_x_inst/_1224_,124.57µm
spi_regs_inst/_0609_,124.42µm
wave_controller_x_inst/net675,124.42µm
wave_controller_y_inst/net815,124.42µm
clknet_leaf_4_clk_regs,124.42µm
net1489,124.37µm
spi_regs_inst/net1200,124.32µm
clknet_leaf_28_clk_regs,124.06µm
wave_controller_x_inst/net1197,123.91µm
wave_controller_y_inst/net529,123.81µm
wave_controller_x_inst/net688,123.76µm
spi_regs_inst/net294,123.35µm
spi_regs_inst/net395,123.35µm
wave_controller_y_inst/_0712_,123.25µm
wave_controller_y_inst/net57,123.25µm
wave_controller_x_inst/phase_acc\[12\],123.2µm
wave_controller_y_inst/net48,123.2µm
net1461,122.79µm
wave_controller_x_inst/net107,122.74µm
net1460,122.74µm
wave_controller_x_inst/net697,122.69µm
wave_controller_x_inst/_1009_,122.64µm
wave_controller_y_inst/net177,122.64µm
wave_controller_x_inst/net527,122.64µm
analog[3],122.56µm
clknet_leaf_9_clk_regs,122.38µm
wave_controller_y_inst/net821,122.23µm
wave_controller_x_inst/net245,122.18µm
spi_regs_inst/_0464_,122.08µm
wave_controller_x_inst/_0602_,121.82µm
wave_controller_y_inst/net615,121.72µm
net833,121.72µm
wave_controller_y_inst/net170,121.62µm
cfg_f_MEMS_fcw_x\[8\],121.57µm
wave_controller_x_inst/_1212_,121.57µm
wave_controller_x_inst/_1220_,121.57µm
wave_controller_x_inst/wave_cycle_cnt\[4\],121.57µm
net713,121.57µm
signal_processor_y_inst/net734,121.57µm
wave_controller_y_inst/net1158,121.52µm
wave_controller_y_inst/net188,121.06µm
wave_controller_x_inst/net249,121.01µm
clknet_leaf_41_clk_regs,120.65µm
wave_controller_x_inst/net79,120.55µm
wave_controller_x_inst/net210,120.5µm
signal_processor_x_inst/net722,120.5µm
spi_regs_inst/net1007,120.5µm
wave_controller_y_inst/_0692_,120.4µm
spi_regs_inst/net1042,120.4µm
spi_regs_inst/_0699_,119.99µm
spi_regs_inst/_0622_,119.94µm
spi_regs_inst/_0700_,119.94µm
spi_regs_inst/net447,119.94µm
wave_controller_y_inst/net1182,119.94µm
wave_controller_x_inst/_0522_,119.89µm
wave_controller_y_inst/_1431_,119.89µm
wave_controller_y_inst/net32,119.89µm
wave_controller_x_inst/net347,119.89µm
wave_controller_x_inst/net106,119.43µm
wave_controller_y_inst/net266,119.43µm
wave_controller_x_inst/_1291_,119.33µm
wave_controller_x_inst/net197,119.33µm
wave_controller_y_inst/net757,119.33µm
spi_regs_inst/net991,119.33µm
wave_controller_x_inst/net1246,119.33µm
wave_controller_y_inst/net180,119.28µm
wave_controller_y_inst/net1180,119.28µm
cal_done_x,118.87µm
spi_regs_inst/_0307_,118.82µm
wave_controller_y_inst/net331,118.82µm
cal_phase270_offset_x\[2\],118.77µm
raw_edge1_y\[17\],118.77µm
spi_regs_inst/_0720_,118.77µm
wave_controller_x_inst/net81,118.72µm
spi_regs_inst/_0534_,118.64µm
clknet_leaf_52_clk_regs,118.31µm
spi_regs_inst/net992,118.21µm
wave_controller_y_inst/net1166,118.21µm
spi_regs_inst/_0254_,118.16µm
spi_regs_inst/reg_wr_addr\[2\],117.8µm
wave_controller_y_inst/_1249_,117.75µm
wave_controller_y_inst/net74,117.75µm
wave_controller_x_inst/net893,117.75µm
spi_regs_inst/_0591_,117.7µm
wave_controller_y_inst/phase_acc\[1\],117.7µm
spi_regs_inst/net402,117.7µm
wave_controller_y_inst/net752,117.7µm
wave_controller_x_inst/net904,117.7µm
wave_controller_x_inst/net279,117.65µm
wave_controller_x_inst/net724,117.6µm
wave_controller_y_inst/net794,117.6µm
spi_regs_inst/net1045,117.6µm
wave_controller_x_inst/net1326,117.6µm
wave_controller_y_inst/net189,117.34µm
cal_phase90_offset_x\[5\],117.14µm
spi_regs_inst/_0351_,117.14µm
wave_controller_y_inst/_1321_,117.14µm
wave_controller_x_inst/net1093,117.14µm
net1122,117.14µm
wave_controller_x_inst/net240,117.09µm
spi_regs_inst/_0523_,117.04µm
spi_regs_inst/net365,116.63µm
wave_controller_x_inst/net517,116.63µm
cfg_phase0_offset_y\[5\],116.58µm
spi_regs_inst/_0531_,116.58µm
spi_regs_inst/net396,116.58µm
spi_regs_inst/net1083,116.58µm
cal_phase0_offset_x\[15\],116.53µm
raw_edge1_y\[13\],116.53µm
spi_regs_inst/_0510_,116.53µm
spi_regs_inst/_0320_,116.48µm
spi_regs_inst/_0477_,116.48µm
net836,116.48µm
wave_controller_x_inst/_1321_,116.02µm
wave_controller_x_inst/net703,116.02µm
spi_regs_inst/net1087,115.97µm
spi_regs_inst/_0673_,115.92µm
cal_phase90_offset_x\[1\],115.56µm
spi_regs_inst/_0712_,115.56µm
raw_edge2_y\[18\],115.46µm
spi_regs_inst/_0229_,115.46µm
spi_regs_inst/_0245_,115.46µm
wave_controller_x_inst/net280,115.46µm
spi_regs_inst/_0660_,115.36µm
wave_controller_x_inst/net725,115.36µm
wave_controller_y_inst/net172,115.05µm
wave_controller_y_inst/_1323_,114.95µm
spi_regs_inst/_0608_,114.9µm
wave_controller_y_inst/_1316_,114.9µm
spi_regs_inst/net1011,114.9µm
wave_controller_x_inst/net1259,114.9µm
wave_controller_y_inst/net69,114.85µm
spi_regs_inst/net407,114.85µm
spi_regs_inst/net1020,114.85µm
cal_phase0_offset_y\[2\],114.8µm
spi_regs_inst/_0481_,114.8µm
wave_controller_x_inst/_1284_,114.49µm
wave_controller_y_inst/_1254_,114.44µm
wave_controller_y_inst/net31,114.39µm
spi_regs_inst/net312,114.39µm
cfg_f_MEMS_fcw_x\[6\],114.34µm
wave_controller_y_inst/net59,114.34µm
wave_controller_x_inst/net208,114.34µm
wave_controller_y_inst/net335,114.34µm
wave_controller_y_inst/net766,114.34µm
cfg_phase0_offset_y\[8\],114.24µm
wave_controller_x_inst/_1316_,113.93µm
signal_processor_y_inst/net320,113.93µm
wave_controller_y_inst/_1315_,113.78µm
spi_regs_inst/net1032,113.78µm
spi_regs_inst/net393,113.73µm
cal_phase0_offset_x\[16\],113.68µm
spi_regs_inst/_0458_,113.68µm
spi_regs_inst/net557,113.68µm
mems_drv_x,113.65µm
wave_controller_x_inst/wave_cycle_cnt\[0\],113.5µm
clknet_leaf_22_clk_regs,113.37µm
delay_wave_cycle_y\[5\],113.22µm
spi_regs_inst/_0612_,113.22µm
wave_controller_x_inst/net127,113.22µm
spi_regs_inst/net386,113.22µm
wave_controller_y_inst/_0923_,113.12µm
wave_controller_x_inst/net213,113.12µm
spi_regs_inst/net1065,113.12µm
wave_controller_x_inst/_1210_,112.71µm
votes_in_phase_x\[1\],112.66µm
spi_regs_inst/_0208_,112.66µm
wave_controller_x_inst/net1451,112.66µm
wave_controller_x_inst/_1315_,112.61µm
votes_in_phase_x\[3\],112.56µm
wave_controller_x_inst/_1051_,112.1µm
wave_controller_y_inst/_1312_,112.1µm
wave_controller_x_inst/net209,112.1µm
wave_controller_x_inst/net206,112.05µm
wave_controller_y_inst/_0150_,112µm
cfg_phase270_offset_y\[2\],111.64µm
wave_controller_y_inst/net489,111.64µm
wave_controller_x_inst/net667,111.64µm
clknet_leaf_26_clk_regs,111.64µm
wave_controller_y_inst/net838,111.59µm
phase_state_x\[1\],111.54µm
wave_controller_x_inst/net344,111.54µm
spi_regs_inst/net446,111.49µm
spi_regs_inst/net1003,111.44µm
wave_controller_x_inst/net345,111.03µm
spi_regs_inst/_0345_,110.93µm
net525,110.93µm
wave_controller_y_inst/net753,110.88µm
wave_controller_x_inst/net90,110.52µm
clknet_leaf_40_clk_regs,110.52µm
cfg_phase90_offset_x\[7\],110.47µm
raw_edge2_x\[5\],110.47µm
spi_regs_inst/net305,110.47µm
cfg_f_MEMS_fcw_y\[5\],110.42µm
spi_regs_inst/net437,110.42µm
wave_controller_y_inst/net466,110.42µm
net1444,110.42µm
wave_controller_x_inst/net215,110.37µm
spi_regs_inst/net993,110.37µm
spi_regs_inst/net1061,110.37µm
spi_regs_inst/_0261_,110.01µm
wave_controller_y_inst/net58,109.96µm
wave_controller_x_inst/_1312_,109.86µm
wave_controller_x_inst/net874,109.86µm
wave_controller_x_inst/_0947_,109.81µm
net1205,109.81µm
wave_controller_y_inst/net812,109.76µm
cal_phase0_offset_x\[17\],109.3µm
clknet_leaf_7_clk_regs,109.3µm
spi_regs_inst/_0514_,109.25µm
net1218,109.2µm
signal_processor_x_inst/net325,108.89µm
clknet_leaf_49_clk_regs,108.84µm
wave_controller_y_inst/_1207_,108.79µm
spi_regs_inst/net304,108.79µm
spi_regs_inst/_0710_,108.74µm
wave_controller_y_inst/net791,108.74µm
spi_regs_inst/_0662_,108.69µm
wave_controller_y_inst/net488,108.69µm
spi_regs_inst/_0377_,108.64µm
spi_regs_inst/_0621_,108.64µm
wave_controller_x_inst/net1257,108.64µm
wave_controller_x_inst/net945,108.23µm
spi_regs_inst/_0367_,108.18µm
wave_controller_y_inst/net36,108.18µm
wave_controller_x_inst/_0155_,108.13µm
spi_regs_inst/net569,108.13µm
net1410,108.13µm
cal_phase0_offset_x\[14\],108.08µm
cal_phase90_offset_x\[0\],108.08µm
wave_controller_x_inst/_1252_,108.08µm
wave_controller_y_inst/net326,108.08µm
wave_controller_x_inst/net519,108.08µm
wave_controller_y_inst/_0630_,107.67µm
wave_controller_y_inst/net223,107.67µm
wave_controller_y_inst/net228,107.62µm
wave_controller_x_inst/net520,107.62µm
wave_controller_x_inst/net908,107.62µm
wave_controller_x_inst/net285,107.52µm
wave_controller_y_inst/net762,107.16µm
cfg_phase270_offset_y\[13\],107.06µm
wave_controller_y_inst/capture_step\[2\],107.06µm
wave_controller_y_inst/net1391,107.06µm
wave_controller_x_inst/_0612_,107.01µm
wave_controller_y_inst/_0434_,107.01µm
wave_controller_x_inst/net97,107.01µm
spi_regs_inst/net1070,107.01µm
spi_regs_inst/net1084,107.01µm
wave_controller_y_inst/_1053_,106.7µm
wave_controller_x_inst/net704,106.7µm
spi_regs_inst/_0586_,106.6µm
raw_edge1_y\[5\],106.55µm
spi_regs_inst/net410,106.5µm
spi_regs_inst/net1134,106.5µm
net1519,106.5µm
cal_phase90_offset_y\[17\],106.4µm
wave_controller_x_inst/net281,106.4µm
wave_controller_x_inst/net1233,106.4µm
wave_controller_x_inst/_1314_,106.04µm
wave_controller_y_inst/wave_cycle_cnt\[2\],106.04µm
spi_regs_inst/net420,105.99µm
wave_controller_x_inst/net943,105.99µm
wave_controller_y_inst/net1131,105.99µm
raw_edge2_y\[3\],105.94µm
spi_regs_inst/_0501_,105.94µm
cfg_f_MEMS_fcw_x\[7\],105.89µm
spi_regs_inst/_0688_,105.84µm
wave_controller_y_inst/net334,105.84µm
wave_controller_y_inst/net805,105.84µm
spi_regs_inst/net1031,105.84µm
spi_regs_inst/_0469_,105.7µm
wave_controller_y_inst/net1112,105.38µm
spi_regs_inst/_0387_,105.33µm
wave_controller_x_inst/_1430_,105.33µm
net1549,105.33µm
spi_regs_inst/net439,105.28µm
net1223,104.87µm
wave_controller_y_inst/net744,104.82µm
net1295,104.82µm
spi_regs_inst/reg_wr_data\[6\],104.77µm
wave_controller_y_inst/_0378_,104.77µm
wave_controller_x_inst/net198,104.77µm
wave_controller_x_inst/net1242,104.77µm
spi_regs_inst/_0434_,104.72µm
wave_controller_y_inst/net622,104.72µm
spi_regs_inst/net1015,104.72µm
spi_regs_inst/net378,104.26µm
wave_controller_y_inst/net646,104.26µm
spi_regs_inst/net1082,104.26µm
spi_regs_inst/_0280_,104.21µm
wave_controller_y_inst/net182,104.21µm
spi_regs_inst/net567,104.21µm
wave_controller_x_inst/net1195,104.21µm
wave_controller_y_inst/_1291_,104.16µm
spi_regs_inst/net390,104.16µm
cfg_phase0_offset_x\[14\],103.8µm
wave_controller_x_inst/_0610_,103.75µm
wave_controller_x_inst/net1196,103.75µm
net1262,103.75µm
wave_controller_x_inst/net1309,103.75µm
wave_controller_x_inst/net195,103.7µm
wave_controller_y_inst/net1114,103.7µm
cal_phase0_offset_y\[16\],103.65µm
spi_regs_inst/net997,103.65µm
spi_regs_inst/net1052,103.65µm
wave_controller_y_inst/_0486_,103.6µm
wave_controller_y_inst/net1123,103.6µm
spi_regs_inst/_0577_,103.24µm
wave_controller_x_inst/_0614_,103.19µm
wave_controller_y_inst/_1320_,103.19µm
wave_controller_x_inst/_1242_,103.14µm
spi_regs_inst/_0402_,103.09µm
spi_regs_inst/_0528_,103.09µm
spi_regs_inst/net596,103.09µm
net1217,103.09µm
spi_regs_inst/_0670_,102.63µm
wave_controller_x_inst/net85,102.63µm
spi_regs_inst/net382,102.53µm
net1143,102.53µm
wave_controller_y_inst/net53,102.48µm
signal_processor_y_inst/net318,102.48µm
wave_controller_x_inst/net1241,102.48µm
wave_controller_y_inst/net773,102.07µm
raw_edge1_x\[3\],102.02µm
wave_controller_y_inst/net225,102.02µm
spi_regs_inst/net354,102.02µm
wave_controller_x_inst/net902,102.02µm
spi_regs_inst/net1056,102.02µm
net1220,102.02µm
wave_controller_x_inst/net93,101.97µm
wave_controller_y_inst/_0609_,101.61µm
wave_controller_y_inst/_1219_,101.56µm
wave_controller_x_inst/phase_acc\[5\],101.51µm
wave_controller_y_inst/_0714_,101.51µm
wave_controller_x_inst/_1289_,101.46µm
spi_regs_inst/_0239_,101.41µm
wave_controller_y_inst/_0643_,101.41µm
spi_regs_inst/net707,101.41µm
net1142,101.41µm
wave_controller_x_inst/_1325_,101.2µm
wave_controller_y_inst/net823,101µm
wave_controller_x_inst/_1434_,100.95µm
wave_controller_y_inst/net1185,100.95µm
cfg_phase0_offset_x\[11\],100.85µm
raw_edge3_x\[8\],100.85µm
wave_controller_x_inst/net696,100.85µm
spi_regs_inst/net1053,100.85µm
wave_controller_x_inst/net1434,100.85µm
spi_regs_inst/_0645_,100.8µm
wave_controller_y_inst/net178,100.8µm
spi_regs_inst/net538,100.8µm
spi_regs_inst/net705,100.8µm
wave_controller_x_inst/net1199,100.8µm
wave_controller_x_inst/net1187,100.34µm
net1201,100.34µm
net1212,100.34µm
cal_phase90_offset_y\[2\],100.29µm
spi_regs_inst/_0559_,100.29µm
wave_controller_y_inst/net55,100.29µm
wave_controller_y_inst/net227,100.29µm
wave_controller_y_inst/net54,100.24µm
wave_controller_y_inst/_1721_,99.83µm
spi_regs_inst/_0661_,99.78µm
wave_controller_x_inst/_0692_,99.78µm
spi_regs_inst/_0483_,99.73µm
wave_controller_y_inst/_1293_,99.68µm
wave_controller_x_inst/net211,99.68µm
spi_regs_inst/net558,99.36µm
wave_controller_x_inst/_0923_,99.22µm
spi_regs_inst/net1027,99.22µm
spi_regs_inst/net568,99.19µm
wave_controller_y_inst/_1722_,99.17µm
raw_edge3_x\[9\],99.12µm
spi_regs_inst/_0527_,99.12µm
wave_controller_y_inst/_1292_,99.12µm
wave_controller_x_inst/_1322_,98.76µm
spi_regs_inst/_0600_,98.71µm
wave_controller_y_inst/net788,98.71µm
spi_regs_inst/net999,98.71µm
wave_controller_x_inst/net1255,98.71µm
wave_controller_y_inst/net70,98.66µm
wave_controller_y_inst/net633,98.61µm
net1115,98.61µm
wave_controller_x_inst/net196,98.15µm
wave_controller_y_inst/_1605_,98.1µm
wave_controller_y_inst/net38,98.1µm
wave_controller_x_inst/net83,98.1µm
wave_controller_y_inst/net785,98.1µm
spi_regs_inst/_0246_,98.05µm
spi_regs_inst/reg_wr_data\[3\],98.05µm
spi_regs_inst/_0288_,97.59µm
wave_controller_x_inst/_0714_,97.54µm
spi_regs_inst/net356,97.54µm
spi_regs_inst/net441,97.54µm
wave_controller_x_inst/net884,97.54µm
wave_controller_x_inst/net1202,97.54µm
net1487,97.54µm
wave_controller_x_inst/net77,97.49µm
spi_regs_inst/net532,97.49µm
wave_controller_y_inst/net1501,97.49µm
wave_controller_y_inst/net1506,97.49µm
spi_regs_inst/_0372_,97.44µm
spi_regs_inst/_0539_,97.44µm
raw_edge2_x\[15\],97.03µm
signal_processor_y_inst/comp_pipe\[3\],96.98µm
wave_controller_x_inst/net915,96.98µm
raw_edge3_y\[2\],96.93µm
wave_controller_x_inst/net710,96.93µm
spi_regs_inst/net1043,96.93µm
wave_controller_x_inst/net939,96.47µm
wave_controller_y_inst/_0611_,96.42µm
wave_controller_y_inst/net41,96.42µm
wave_controller_y_inst/net792,96.42µm
spi_regs_inst/net1465,96.42µm
wave_controller_y_inst/net736,96.37µm
spi_regs_inst/net1016,96.37µm
spi_regs_inst/net1019,96.37µm
spi_regs_inst/_0376_,96.32µm
wave_controller_y_inst/_0737_,96.32µm
wave_controller_y_inst/net487,96.32µm
wave_controller_y_inst/net772,96.32µm
net1161,96.32µm
wave_controller_y_inst/net26,95.91µm
cfg_phase90_offset_y\[14\],95.86µm
wave_controller_y_inst/net50,95.86µm
spi_regs_inst/net994,95.86µm
wave_controller_x_inst/_1350_,95.81µm
wave_controller_y_inst/net479,95.81µm
wave_controller_x_inst/net123,95.76µm
cfg_phase270_offset_x\[9\],95.58µm
wave_controller_y_inst/net332,95.35µm
spi_regs_inst/_0667_,95.3µm
wave_controller_y_inst/_1289_,95.3µm
wave_controller_x_inst/net654,95.3µm
cfg_f_MEMS_fcw_x\[3\],95.25µm
spi_regs_inst/_0297_,95.25µm
wave_controller_x_inst/_0552_,95.25µm
spi_regs_inst/net291,95.25µm
wave_controller_x_inst/net892,95.25µm
wave_controller_y_inst/net1138,95.25µm
wave_controller_y_inst/comp_sync3,95.2µm
spi_regs_inst/rx_shift\[2\],94.79µm
wave_controller_x_inst/phase_acc\[0\],94.79µm
wave_controller_y_inst/net784,94.79µm
cal_phase270_offset_y\[0\],94.74µm
raw_edge2_x\[3\],94.74µm
wave_controller_x_inst/net203,94.74µm
spi_regs_inst/net588,94.74µm
spi_regs_inst/_0719_,94.69µm
wave_controller_x_inst/_1557_,94.69µm
wave_controller_y_inst/_0600_,94.69µm
wave_controller_y_inst/_0636_,94.69µm
spi_regs_inst/net1010,94.64µm
wave_controller_y_inst/net1389,94.28µm
wave_controller_y_inst/_0522_,94.23µm
raw_edge2_x\[8\],94.18µm
spi_regs_inst/_0620_,94.18µm
wave_controller_x_inst/net82,94.18µm
wave_controller_y_inst/net1116,94.18µm
wave_controller_x_inst/_1552_,94.13µm
wave_controller_y_inst/net63,94.13µm
wave_controller_x_inst/net907,94.13µm
wave_controller_x_inst/net933,94.13µm
wave_controller_y_inst/net1425,94.13µm
wave_controller_y_inst/net28,94.08µm
cal_phase0_offset_y\[0\],93.67µm
signal_processor_y_inst/_042_,93.67µm
net1442,93.67µm
wave_controller_x_inst/net91,93.62µm
wave_controller_x_inst/net674,93.62µm
net1113,93.62µm
spi_regs_inst/_0429_,93.57µm
wave_controller_x_inst/_0643_,93.52µm
wave_controller_x_inst/net931,93.52µm
spi_regs_inst/_0221_,93.26µm
signal_processor_x_inst/net716,93.16µm
wave_controller_y_inst/_0549_,93.11µm
signal_processor_y_inst/net731,93.11µm
net1222,93.11µm
wave_controller_y_inst/net490,93.06µm
spi_regs_inst/_0281_,93.01µm
spi_regs_inst/_0474_,93.01µm
wave_controller_x_inst/net891,93.01µm
wave_controller_x_inst/net896,93.01µm
spi_regs_inst/net1029,93.01µm
wave_controller_y_inst/_0563_,92.96µm
wave_controller_y_inst/net44,92.96µm
wave_controller_x_inst/net657,92.96µm
spi_regs_inst/_0566_,92.77µm
wave_controller_x_inst/net108,92.55µm
clknet_leaf_57_clk_regs,92.55µm
spi_regs_inst/_0358_,92.53µm
wave_controller_x_inst/net505,92.5µm
wave_controller_y_inst/_0612_,92.45µm
wave_controller_y_inst/net806,92.45µm
wave_controller_y_inst/net813,92.45µm
wave_controller_y_inst/net1132,92.45µm
spi_regs_inst/_0236_,92.4µm
wave_controller_y_inst/_1242_,92.09µm
wave_controller_y_inst/_1327_,91.99µm
wave_controller_y_inst/net176,91.99µm
raw_edge2_x\[19\],91.94µm
wave_controller_x_inst/wave_cycle_cnt\[6\],91.94µm
wave_controller_y_inst/_0503_,91.94µm
wave_controller_y_inst/net827,91.94µm
cal_timeout_y,91.89µm
raw_edge2_y\[17\],91.89µm
spi_regs_inst/net1030,91.89µm
spi_regs_inst/_0247_,91.84µm
wave_controller_x_inst/_0423_,91.84µm
wave_controller_y_inst/_0441_,91.84µm
wave_controller_y_inst/net1174,91.84µm
spi_regs_inst/_0638_,91.43µm
cfg_phase0_offset_x\[13\],91.38µm
raw_edge2_y\[12\],91.38µm
wave_controller_x_inst/net925,91.38µm
spi_regs_inst/_0697_,91.33µm
spi_regs_inst/_0715_,91.33µm
spi_regs_inst/reg_wr_data\[4\],91.33µm
wave_controller_x_inst/net282,91.33µm
wave_controller_y_inst/net1393,91.33µm
spi_regs_inst/_0223_,91.28µm
wave_controller_x_inst/_0441_,91.28µm
wave_controller_x_inst/_1598_,91.28µm
wave_controller_x_inst/net78,91.28µm
wave_controller_x_inst/net86,90.92µm
raw_edge2_y\[2\],90.87µm
spi_regs_inst/spi_addr\[4\],90.87µm
wave_controller_x_inst/_1219_,90.87µm
wave_controller_x_inst/_1243_,90.87µm
wave_controller_x_inst/net238,90.77µm
wave_controller_x_inst/net698,90.77µm
wave_controller_x_inst/net923,90.77µm
mems_drv_y,90.67µm
cfg_f_MEMS_fcw_y\[9\],90.41µm
wave_controller_x_inst/net499,90.41µm
spi_regs_inst/_0583_,90.31µm
wave_controller_y_inst/net609,90.31µm
cfg_phase270_offset_x\[17\],90.26µm
spi_regs_inst/net572,90.26µm
wave_controller_x_inst/net662,90.26µm
wave_controller_x_inst/net1204,90.26µm
spi_regs_inst/_0448_,90.21µm
wave_controller_y_inst/_1205_,90.21µm
net1331,90.16µm
wave_controller_y_inst/net37,89.7µm
spi_regs_inst/net577,89.7µm
wave_controller_y_inst/net795,89.7µm
cal_phase0_offset_y\[6\],89.65µm
spi_regs_inst/net547,89.65µm
wave_controller_y_inst/net624,89.65µm
wave_controller_x_inst/_0710_,89.6µm
wave_controller_x_inst/net515,89.6µm
wave_controller_y_inst/_1333_,89.29µm
wave_controller_y_inst/net468,89.24µm
clknet_leaf_47_clk_regs,89.19µm
raw_edge2_y\[11\],89.14µm
cal_phase0_offset_y\[3\],89.09µm
spi_regs_inst/net1484,89.09µm
spi_regs_inst/net1536,89.09µm
spi_regs_inst/net1336,89.08µm
spi_regs_inst/_0449_,89.04µm
spi_regs_inst/net555,89.04µm
net1378,89.04µm
wave_controller_x_inst/net124,88.81µm
cfg_phase90_offset_y\[11\],88.68µm
wave_controller_x_inst/_1436_,88.68µm
net1211,88.68µm
wave_controller_x_inst/_1433_,88.63µm
wave_controller_y_inst/_0414_,88.63µm
wave_controller_y_inst/_1325_,88.63µm
cal_phase270_offset_y\[10\],88.53µm
net1402,88.53µm
wave_controller_y_inst/_0287_,88.48µm
wave_controller_x_inst/net673,88.48µm
wave_controller_y_inst/_1228_,88.17µm
wave_controller_y_inst/phase_acc\[7\],88.07µm
wave_controller_y_inst/net267,88.02µm
wave_controller_y_inst/net776,88.02µm
wave_controller_y_inst/net232,87.97µm
wave_controller_y_inst/net330,87.97µm
wave_controller_x_inst/net514,87.97µm
signal_processor_y_inst/net728,87.97µm
wave_controller_x_inst/net1260,87.97µm
spi_regs_inst/net1332,87.97µm
wave_controller_x_inst/net1438,87.97µm
spi_regs_inst/net578,87.92µm
wave_controller_y_inst/net793,87.92µm
wave_controller_y_inst/net1153,87.92µm
spi_regs_inst/_0224_,87.51µm
spi_regs_inst/_0295_,87.51µm
wave_controller_x_inst/net942,87.46µm
wave_controller_y_inst/_1308_,87.41µm
wave_controller_y_inst/_0260_,87.36µm
wave_controller_y_inst/net790,87.36µm
raw_edge2_y\[5\],86.9µm
wave_controller_x_inst/_1216_,86.9µm
wave_controller_y_inst/_0485_,86.9µm
wave_controller_x_inst/net207,86.9µm
wave_controller_y_inst/net25,86.85µm
wave_controller_x_inst/net875,86.85µm
wave_controller_y_inst/_0259_,86.8µm
signal_processor_y_inst/net727,86.8µm
wave_controller_x_inst/net913,86.8µm
spi_regs_inst/net256,86.49µm
spi_regs_inst/_0607_,86.34µm
wave_controller_x_inst/_1425_,86.34µm
wave_controller_x_inst/phase_acc\[6\],86.34µm
wave_controller_y_inst/_1252_,86.34µm
wave_controller_y_inst/net187,86.34µm
spi_regs_inst/net1081,86.34µm
spi_regs_inst/net1149,86.34µm
net1366,86.34µm
wave_controller_x_inst/_0485_,86.29µm
wave_controller_y_inst/net34,86.29µm
wave_controller_y_inst/_0616_,86.24µm
wave_controller_y_inst/_1044_,86.24µm
spi_regs_inst/net1040,86.24µm
wave_controller_x_inst/net1188,86.24µm
wave_controller_y_inst/_1319_,85.88µm
spi_regs_inst/net389,85.88µm
wave_controller_x_inst/net510,85.83µm
wave_controller_x_inst/net970,85.83µm
wave_controller_y_inst/net623,85.78µm
spi_regs_inst/net1002,85.78µm
wave_controller_x_inst/net1189,85.78µm
spi_regs_inst/_0395_,85.73µm
spi_regs_inst/net1023,85.73µm
spi_regs_inst/_0584_,85.68µm
spi_regs_inst/net408,85.68µm
net1453,85.27µm
wave_controller_x_inst/net508,85.22µm
signal_processor_y_inst/s90_pipe\[3\],85.17µm
spi_regs_inst/_0353_,85.17µm
wave_controller_y_inst/_1314_,85.17µm
wave_controller_y_inst/_1440_,85.17µm
wave_controller_y_inst/net1392,85.17µm
wave_controller_x_inst/_1354_,85.12µm
wave_controller_y_inst/net1419,85.12µm
wave_controller_x_inst/net200,84.76µm
wave_controller_y_inst/net1162,84.76µm
raw_edge2_x\[7\],84.71µm
wave_controller_x_inst/_1254_,84.66µm
spi_regs_inst/net1060,84.66µm
wave_controller_y_inst/net1183,84.66µm
spi_regs_inst/_0545_,84.56µm
wave_controller_x_inst/net96,84.56µm
wave_controller_x_inst/net346,84.56µm
spi_regs_inst/_0298_,84.54µm
raw_edge2_x\[2\],84.15µm
wave_controller_y_inst/_0552_,84.15µm
cal_phase270_offset_x\[17\],84.1µm
signal_processor_y_inst/net316,84.1µm
wave_controller_x_inst/_0378_,84.05µm
wave_controller_y_inst/_0978_,84.05µm
wave_controller_y_inst/net756,84.05µm
spi_regs_inst/net1075,84.05µm
raw_edge2_x\[11\],83.59µm
wave_controller_x_inst/net250,83.59µm
wave_controller_x_inst/net1240,83.59µm
wave_controller_y_inst/_1322_,83.54µm
wave_controller_x_inst/net138,83.54µm
spi_regs_inst/net1018,83.54µm
cfg_phase270_offset_x\[12\],83.49µm
wave_controller_x_inst/net202,83.49µm
wave_controller_x_inst/net212,83.49µm
cal_phase0_offset_x\[11\],83.44µm
wave_controller_x_inst/net121,83.44µm
net1330,83.44µm
spi_regs_inst/net1497,83.08µm
spi_regs_inst/spi_addr\[5\],83.03µm
wave_controller_y_inst/_0713_,82.98µm
wave_controller_y_inst/net803,82.98µm
spi_regs_inst/_0274_,82.93µm
spi_regs_inst/_0375_,82.93µm
wave_controller_y_inst/net39,82.93µm
wave_controller_x_inst/net101,82.93µm
wave_controller_y_inst/net186,82.93µm
signal_processor_x_inst/net321,82.93µm
spi_regs_inst/net453,82.93µm
wave_controller_x_inst/_1292_,82.47µm
wave_controller_x_inst/net150,82.47µm
wave_controller_y_inst/net467,82.42µm
cfg_phase0_offset_y\[14\],82.37µm
wave_controller_x_inst/_1390_,82.37µm
spi_regs_inst/net535,82.37µm
wave_controller_y_inst/net1423,82.37µm
spi_regs_inst/_0305_,82.32µm
net1144,82.32µm
wave_controller_x_inst/net1319,82.32µm
wave_controller_y_inst/net741,81.91µm
cal_dir_y,81.86µm
cfg_phase270_offset_y\[9\],81.86µm
wave_controller_x_inst/net350,81.86µm
wave_controller_y_inst/_0423_,81.81µm
wave_controller_x_inst/net247,81.81µm
wave_controller_y_inst/net45,81.76µm
net1307,81.76µm
wave_controller_x_inst/net938,81.5µm
spi_regs_inst/_0672_,81.35µm
wave_controller_y_inst/_1430_,81.35µm
wave_controller_y_inst/net763,81.35µm
net1276,81.35µm
spi_regs_inst/rx_shift\[5\],81.3µm
wave_controller_x_inst/_0150_,81.3µm
wave_controller_y_inst/_1587_,81.3µm
wave_controller_x_inst/net89,81.3µm
net1135,81.3µm
wave_controller_y_inst/_0529_,81.25µm
wave_controller_y_inst/net145,81.25µm
wave_controller_y_inst/net184,81.25µm
signal_processor_y_inst/net319,81.25µm
wave_controller_y_inst/net1105,81.25µm
spi_regs_inst/_0263_,81.2µm
wave_controller_y_inst/net23,81.2µm
wave_controller_y_inst/net185,81.2µm
wave_controller_x_inst/net1203,81.2µm
wave_controller_x_inst/net663,80.92µm
wave_controller_x_inst/_1228_,80.79µm
wave_controller_y_inst/_1206_,80.74µm
wave_controller_x_inst/net204,80.74µm
net850,80.74µm
wave_controller_x_inst/net1219,80.74µm
wave_controller_x_inst/_0971_,80.69µm
wave_controller_x_inst/_1037_,80.69µm
wave_controller_y_inst/net271,80.69µm
spi_regs_inst/net587,80.69µm
wave_controller_x_inst/net701,80.69µm
wave_controller_y_inst/net1168,80.69µm
spi_regs_inst/_0304_,80.64µm
spi_regs_inst/_0569_,80.64µm
wave_controller_y_inst/_1269_,80.28µm
wave_controller_y_inst/_1276_,80.23µm
spi_regs_inst/net990,80.23µm
wave_controller_x_inst/_1221_,80.18µm
wave_controller_x_inst/_1286_,80.18µm
wave_controller_y_inst/net183,80.18µm
wave_controller_y_inst/net1509,80.18µm
wave_controller_x_inst/_1299_,80.13µm
wave_controller_y_inst/_0467_,80.13µm
wave_controller_y_inst/net175,80.13µm
spi_regs_inst/net449,80.13µm
cal_phase0_offset_x\[10\],80.08µm
wave_controller_x_inst/net348,80.05µm
raw_edge2_y\[1\],79.87µm
wave_controller_y_inst/net221,79.72µm
wave_controller_x_inst/_0486_,79.67µm
wave_controller_x_inst/_1448_,79.67µm
net1452,79.67µm
wave_controller_x_inst/capture_pending,79.62µm
wave_controller_y_inst/net337,79.62µm
wave_controller_x_inst/net876,79.62µm
wave_controller_x_inst/_0156_,79.57µm
wave_controller_x_inst/_0628_,79.57µm
wave_controller_x_inst/_0764_,79.57µm
wave_controller_x_inst/net495,79.57µm
spi_regs_inst/net540,79.57µm
spi_regs_inst/net576,79.57µm
wave_controller_y_inst/net808,79.57µm
wave_controller_x_inst/net1456,79.57µm
spi_regs_inst/_0222_,79.52µm
spi_regs_inst/_0422_,79.52µm
spi_regs_inst/_0597_,79.52µm
wave_controller_y_inst/net171,79.52µm
wave_controller_x_inst/net237,79.52µm
spi_regs_inst/net1048,79.52µm
wave_controller_y_inst/net1177,79.52µm
wave_controller_y_inst/_0672_,79.21µm
spi_regs_inst/net566,79.06µm
cal_phase0_offset_x\[19\],79.01µm
wave_controller_x_inst/net501,79.01µm
spi_regs_inst/net1069,79.01µm
spi_regs_inst/net594,78.96µm
wave_controller_x_inst/_0972_,78.6µm
wave_controller_x_inst/_1432_,78.6µm
cfg_phase90_offset_y\[9\],78.55µm
wave_controller_y_inst/net814,78.55µm
spi_regs_inst/net1184,78.55µm
signal_processor_y_inst/_061_,78.5µm
wave_controller_y_inst/_1210_,78.5µm
wave_controller_x_inst/net1226,78.5µm
net1339,78.5µm
wave_controller_x_inst/phase_acc\[15\],78.45µm
net714,78.45µm
net1377,78.45µm
cfg_f_MEMS_fcw_y\[3\],78.4µm
spi_regs_inst/_0348_,78.4µm
signal_processor_y_inst/s90,78.04µm
wave_controller_x_inst/_1327_,77.99µm
wave_controller_y_inst/net340,77.99µm
spi_regs_inst/net1021,77.99µm
net712,77.94µm
spi_regs_inst/net1511,77.94µm
wave_controller_y_inst/phase_acc\[20\],77.89µm
net1485,77.89µm
wave_controller_y_inst/net1164,77.84µm
spi_regs_inst/net1210,77.84µm
wave_controller_x_inst/net1235,77.53µm
wave_controller_y_inst/_1434_,77.43µm
wave_controller_y_inst/net1140,77.43µm
wave_controller_x_inst/_1320_,77.38µm
wave_controller_x_inst/net664,77.38µm
spi_regs_inst/_0454_,77.33µm
spi_regs_inst/_0598_,77.33µm
spi_regs_inst/reg_wr_addr\[6\],77.33µm
wave_controller_y_inst/phase_acc\[12\],77.33µm
wave_controller_y_inst/net470,77.33µm
net1488,77.33µm
wave_controller_x_inst/_1409_,77.28µm
wave_controller_x_inst/_1431_,77.2µm
wave_controller_x_inst/net1239,76.92µm
raw_edge2_x\[14\],76.87µm
spi_regs_inst/_0413_,76.82µm
spi_regs_inst/reg_wr_data\[0\],76.82µm
wave_controller_x_inst/_1203_,76.82µm
wave_controller_y_inst/net481,76.82µm
cfg_phase0_offset_x\[9\],76.77µm
signal_processor_x_inst/_088_,76.26µm
wave_controller_y_inst/net1121,76.26µm
spi_regs_inst/_0315_,76.21µm
wave_controller_y_inst/net474,76.21µm
net1474,76.21µm
cal_phase270_offset_y\[7\],76.16µm
wave_controller_x_inst/_0953_,76.16µm
wave_controller_y_inst/_1419_,76.16µm
wave_controller_y_inst/net162,76.16µm
wave_controller_y_inst/net642,76.16µm
wave_controller_x_inst/net653,76.16µm
spi_regs_inst/net1036,76.16µm
raw_edge1_x\[13\],75.8µm
wave_controller_y_inst/net1427,75.75µm
spi_regs_inst/net371,75.7µm
wave_controller_x_inst/net666,75.7µm
wave_controller_y_inst/net1163,75.7µm
spi_regs_inst/rx_shift\[1\],75.65µm
wave_controller_x_inst/_1276_,75.65µm
wave_controller_x_inst/_1721_,75.6µm
wave_controller_x_inst/net156,75.6µm
spi_regs_inst/net1067,75.6µm
spi_regs_inst/net593,75.24µm
net1094,75.24µm
wave_controller_y_inst/net641,75.19µm
cfg_phase0_offset_y\[11\],75.14µm
spi_regs_inst/_0592_,75.14µm
wave_controller_x_inst/net201,75.14µm
spi_regs_inst/net1025,75.14µm
cal_phase90_offset_x\[3\],75.09µm
spi_regs_inst/_0596_,75.09µm
wave_controller_x_inst/_0520_,75.09µm
wave_controller_x_inst/net899,75.09µm
spi_regs_inst/net1407,75.09µm
spi_regs_inst/mosi_sync\[1\],75.04µm
wave_controller_y_inst/phase_acc\[6\],74.68µm
wave_controller_x_inst/net656,74.63µm
spi_regs_inst/net1448,74.63µm
spi_regs_inst/_0587_,74.58µm
wave_controller_y_inst/net67,74.58µm
spi_regs_inst/net1085,74.58µm
wave_controller_y_inst/net268,74.53µm
spi_regs_inst/net539,74.53µm
wave_controller_y_inst/net748,74.53µm
net1237,74.53µm
spi_regs_inst/_0503_,74.48µm
wave_controller_y_inst/net630,74.48µm
spi_regs_inst/net1447,74.48µm
wave_controller_y_inst/net233,74.17µm
wave_controller_x_inst/wave_cycle_cnt\[3\],74.12µm
wave_controller_y_inst/net1152,74.12µm
raw_edge2_y\[8\],74.07µm
spi_regs_inst/net1512,74.07µm
clknet_leaf_60_clk_regs,74.07µm
cfg_phase90_offset_y\[15\],74.02µm
spi_regs_inst/reg_wr_addr\[5\],74.02µm
spi_regs_inst/net302,74.02µm
net1216,74.02µm
net1347,74.02µm
wave_controller_y_inst/net647,73.97µm
wave_controller_y_inst/net1167,73.97µm
spi_regs_inst/_0336_,73.92µm
wave_controller_y_inst/net617,73.51µm
spi_regs_inst/reg_wr_en,73.46µm
spi_regs_inst/tx_shift\[2\],73.46µm
spi_regs_inst/net591,73.46µm
wave_controller_x_inst/net1244,73.46µm
net1470,73.46µm
spi_regs_inst/_0676_,73.41µm
wave_controller_x_inst/_1269_,73.41µm
wave_controller_x_inst/_1383_,73.41µm
net1214,73.41µm
wave_controller_x_inst/_0572_,73.36µm
wave_controller_y_inst/net605,73.36µm
delay_wave_cycle_x\[7\],73µm
spi_regs_inst/net530,72.95µm
signal_processor_y_inst/_088_,72.9µm
spi_regs_inst/net565,72.9µm
wave_controller_y_inst/_1435_,72.8µm
signal_processor_y_inst/net317,72.8µm
wave_controller_x_inst/net102,72.49µm
raw_edge2_y\[6\],72.44µm
spi_regs_inst/_0212_,72.39µm
wave_controller_x_inst/_1309_,72.39µm
wave_controller_y_inst/net478,72.39µm
wave_controller_x_inst/_1282_,72.34µm
spi_regs_inst/_0430_,72.29µm
spi_regs_inst/_0482_,72.29µm
net1181,72.29µm
wave_controller_x_inst/net1245,72.29µm
net1409,72.29µm
cfg_f_MEMS_fcw_x\[13\],72.24µm
wave_controller_x_inst/_0606_,72.24µm
wave_controller_x_inst/_0767_,72.24µm
wave_controller_y_inst/net142,72.24µm
delay_wave_cycle_y\[4\],71.88µm
wave_controller_x_inst/_1440_,71.88µm
wave_controller_y_inst/net222,71.88µm
wave_controller_y_inst/net604,71.88µm
wave_controller_x_inst/_1319_,71.83µm
wave_controller_x_inst/phase_acc\[4\],71.83µm
wave_controller_y_inst/net33,71.83µm
spi_regs_inst/net1077,71.83µm
wave_controller_x_inst/_0911_,71.78µm
cfg_f_MEMS_fcw_y\[6\],71.73µm
spi_regs_inst/net357,71.73µm
spi_regs_inst/_0547_,71.68µm
wave_controller_y_inst/_1449_,71.68µm
spi_regs_inst/net574,71.68µm
spi_regs_inst/net586,71.68µm
wave_controller_x_inst/net918,71.68µm
wave_controller_y_inst/net1120,71.68µm
net1186,71.68µm
wave_controller_x_inst/net498,71.37µm
wave_controller_x_inst/net886,71.37µm
spi_regs_inst/rx_shift\[3\],71.27µm
wave_controller_x_inst/net95,71.27µm
spi_regs_inst/net290,71.22µm
wave_controller_x_inst/net711,71.22µm
cal_phase0_offset_x\[13\],71.17µm
signal_processor_x_inst/net323,71.17µm
wave_controller_x_inst/net702,71.17µm
spi_regs_inst/net1538,71.17µm
spi_regs_inst/_0324_,71.12µm
wave_controller_x_inst/_0529_,71.12µm
wave_controller_x_inst/_0619_,71.12µm
wave_controller_x_inst/net152,71.12µm
signal_processor_x_inst/net1288,71.12µm
signal_processor_x_inst/_061_,70.66µm
wave_controller_y_inst/_0570_,70.66µm
wave_controller_x_inst/net687,70.61µm
net743,70.61µm
signal_processor_y_inst/net1356,70.61µm
cal_phase270_offset_x\[0\],70.56µm
cal_phase270_offset_y\[13\],70.56µm
spi_regs_inst/_0423_,70.56µm
spi_regs_inst/_0431_,70.56µm
wave_controller_y_inst/_0490_,70.56µm
wave_controller_y_inst/net65,70.56µm
spi_regs_inst/net590,70.56µm
spi_regs_inst/_0579_,70.15µm
spi_regs_inst/net1044,70.15µm
net1103,70.15µm
wave_controller_x_inst/net1250,70.15µm
raw_edge3_x\[2\],70.1µm
wave_controller_x_inst/_0955_,70.1µm
wave_controller_x_inst/net147,70.1µm
spi_regs_inst/_0290_,70.05µm
spi_regs_inst/_0680_,70.05µm
wave_controller_x_inst/_0414_,70.05µm
net1548,70.05µm
spi_regs_inst/_0365_,70µm
spi_regs_inst/_0548_,70µm
wave_controller_x_inst/_1308_,70µm
wave_controller_y_inst/_0897_,70µm
wave_controller_y_inst/net778,69.59µm
wave_controller_y_inst/net1106,69.59µm
net1310,69.59µm
clknet_leaf_3_clk_regs,69.59µm
wave_controller_y_inst/_0953_,69.54µm
signal_processor_x_inst/net322,69.54µm
raw_edge2_x\[13\],69.49µm
spi_regs_inst/_0273_,69.49µm
spi_regs_inst/_0359_,69.49µm
spi_regs_inst/_0417_,69.49µm
wave_controller_x_inst/phase_acc\[20\],69.49µm
wave_controller_x_inst/net80,69.49µm
wave_controller_x_inst/net1318,69.49µm
wave_controller_x_inst/_1399_,69.44µm
net1273,69.44µm
net1231,69.08µm
wave_controller_y_inst/_1286_,69.03µm
wave_controller_y_inst/net49,68.98µm
wave_controller_x_inst/net126,68.98µm
wave_controller_x_inst/net284,68.98µm
wave_controller_x_inst/net1325,68.98µm
wave_controller_x_inst/net1340,68.98µm
signal_processor_y_inst/cycle_count\[1\],68.93µm
spi_regs_inst/_0312_,68.93µm
wave_controller_y_inst/_0520_,68.93µm
wave_controller_y_inst/_0617_,68.93µm
wave_controller_y_inst/net738,68.93µm
wave_controller_x_inst/net879,68.93µm
wave_controller_y_inst/net1155,68.93µm
wave_controller_x_inst/net1230,68.93µm
cfg_f_MEMS_fcw_y\[8\],68.88µm
spi_regs_inst/_0285_,68.88µm
spi_regs_inst/_0695_,68.88µm
spi_regs_inst/net18,68.88µm
wave_controller_y_inst/net333,68.88µm
wave_controller_x_inst/net905,68.88µm
wave_controller_y_inst/net1424,68.88µm
wave_controller_y_inst/_0413_,68.47µm
spi_regs_inst/net1338,68.47µm
wave_controller_x_inst/_1460_,68.42µm
wave_controller_y_inst/_0652_,68.42µm
wave_controller_x_inst/_1297_,68.37µm
spi_regs_inst/net309,68.37µm
wave_controller_y_inst/_1226_,68.01µm
raw_edge1_x\[5\],67.96µm
wave_controller_y_inst/net616,67.96µm
wave_controller_y_inst/net737,67.91µm
net1373,67.91µm
wave_controller_y_inst/phase_acc\[5\],67.86µm
wave_controller_y_inst/net68,67.86µm
wave_controller_y_inst/net1147,67.86µm
wave_controller_y_inst/net1179,67.86µm
cal_phase270_offset_x\[4\],67.81µm
raw_edge3_x\[14\],67.81µm
wave_controller_y_inst/_0284_,67.81µm
wave_controller_y_inst/_1212_,67.81µm
wave_controller_y_inst/net469,67.81µm
net1146,67.81µm
net1171,67.81µm
wave_controller_y_inst/_1416_,67.76µm
wave_controller_x_inst/net668,67.76µm
raw_edge2_y\[7\],67.4µm
wave_controller_y_inst/net636,67.35µm
spi_regs_inst/net1518,67.35µm
cal_dir_x,67.3µm
wave_controller_y_inst/net774,67.3µm
spi_regs_inst/_0241_,67.25µm
wave_controller_x_inst/_0209_,67.25µm
wave_controller_x_inst/_1295_,67.25µm
wave_controller_y_inst/net628,67.2µm
spi_regs_inst/net1165,67.2µm
wave_controller_x_inst/_0650_,66.79µm
wave_controller_y_inst/phase_acc\[9\],66.79µm
wave_controller_x_inst/net1313,66.79µm
spi_regs_inst/_0451_,66.74µm
spi_regs_inst/net303,66.74µm
wave_controller_x_inst/_1420_,66.69µm
wave_controller_x_inst/_1722_,66.69µm
wave_controller_x_inst/net112,66.69µm
wave_controller_y_inst/net612,66.69µm
cal_phase0_offset_y\[18\],66.64µm
spi_regs_inst/_0301_,66.64µm
wave_controller_x_inst/_1249_,66.64µm
wave_controller_y_inst/_0610_,66.41µm
signal_processor_y_inst/cycle_count\[0\],66.28µm
wave_controller_y_inst/_1281_,66.23µm
wave_controller_x_inst/net1317,66.23µm
cfg_phase270_offset_x\[10\],66.18µm
spi_regs_inst/_0657_,66.18µm
wave_controller_x_inst/_1226_,66.18µm
wave_controller_x_inst/_1281_,66.18µm
wave_controller_y_inst/_0560_,66.18µm
wave_controller_x_inst/net114,66.18µm
spi_regs_inst/net262,66.18µm
wave_controller_y_inst/net639,66.18µm
spi_regs_inst/net1006,66.18µm
wave_controller_x_inst/net1274,66.18µm
spi_regs_inst/_0473_,66.13µm
wave_controller_y_inst/_1051_,66.13µm
wave_controller_y_inst/capture_pending,66.13µm
spi_regs_inst/net1498,66.13µm
spi_regs_inst/_0299_,66.08µm
spi_regs_inst/tx_shift\[1\],66.08µm
wave_controller_x_inst/_1583_,66.08µm
wave_controller_y_inst/_0909_,66.08µm
wave_controller_y_inst/_1234_,66.08µm
spi_regs_inst/net1024,66.08µm
raw_edge1_y\[4\],65.72µm
wave_controller_x_inst/net199,65.72µm
wave_controller_y_inst/net798,65.72µm
spi_regs_inst/spi_addr\[0\],65.67µm
wave_controller_x_inst/net94,65.67µm
wave_controller_y_inst/net1133,65.67µm
spi_regs_inst/net429,65.62µm
wave_controller_y_inst/net1137,65.62µm
spi_regs_inst/_0578_,65.57µm
wave_controller_y_inst/_1428_,65.57µm
wave_controller_y_inst/phase_acc\[14\],65.57µm
wave_controller_x_inst/net685,65.57µm
spi_regs_inst/net1477,65.57µm
signal_processor_y_inst/_082_,65.21µm
spi_regs_inst/spi_state,65.11µm
wave_controller_y_inst/net219,65.06µm
spi_regs_inst/net314,65.06µm
spi_regs_inst/net359,65.06µm
wave_controller_x_inst/net504,65.06µm
wave_controller_x_inst/net1272,65.06µm
spi_regs_inst/net1462,65.06µm
spi_regs_inst/_0408_,65.01µm
wave_controller_x_inst/phase_acc\[18\],65.01µm
wave_controller_y_inst/net274,65.01µm
wave_controller_y_inst/net1414,65.01µm
spi_regs_inst/net1446,65.01µm
wave_controller_x_inst/_0708_,64.96µm
spi_regs_inst/net445,64.96µm
wave_controller_y_inst/net181,64.55µm
wave_controller_x_inst/net1191,64.55µm
wave_controller_x_inst/net500,64.5µm
wave_controller_x_inst/_1225_,64.45µm
wave_controller_y_inst/_1383_,64.45µm
wave_controller_y_inst/net739,64.45µm
cal_phase90_offset_y\[5\],64.4µm
wave_controller_y_inst/net606,64.4µm
wave_controller_x_inst/net699,64.4µm
spi_regs_inst/net1041,64.4µm
delay_wave_cycle_y\[7\],63.99µm
raw_edge1_x\[12\],63.99µm
raw_edge3_y\[11\],63.99µm
wave_controller_x_inst/net163,63.99µm
wave_controller_x_inst/net497,63.99µm
wave_controller_x_inst/net897,63.99µm
cfg_phase90_offset_y\[10\],63.94µm
signal_processor_y_inst/_041_,63.94µm
spi_regs_inst/_0220_,63.94µm
spi_regs_inst/_0379_,63.94µm
wave_controller_x_inst/_0624_,63.89µm
wave_controller_y_inst/net327,63.89µm
net1449,63.89µm
wave_controller_y_inst/net1504,63.89µm
wave_controller_x_inst/_0766_,63.84µm
wave_controller_y_inst/_1034_,63.84µm
net1227,63.84µm
wave_controller_x_inst/net1471,63.84µm
spi_regs_inst/net1528,63.84µm
wave_controller_x_inst/_1279_,63.48µm
raw_edge2_x\[9\],63.43µm
signal_processor_x_inst/_041_,63.43µm
spi_regs_inst/_0556_,63.43µm
wave_controller_x_inst/net1206,63.43µm
wave_controller_x_inst/_1401_,63.38µm
wave_controller_x_inst/net239,63.38µm
wave_controller_y_inst/net643,63.38µm
cal_phase0_offset_y\[4\],63.28µm
cal_phase270_offset_x\[11\],63.28µm
wave_controller_y_inst/net1420,63.28µm
spi_regs_inst/net315,62.87µm
cal_phase270_offset_y\[12\],62.82µm
wave_controller_x_inst/_1275_,62.82µm
wave_controller_y_inst/_1244_,62.82µm
wave_controller_y_inst/_1265_,62.82µm
spi_regs_inst/_0350_,62.77µm
wave_controller_y_inst/_0590_,62.77µm
wave_controller_x_inst/net936,62.77µm
spi_regs_inst/_0411_,62.72µm
wave_controller_y_inst/_0650_,62.72µm
wave_controller_y_inst/_0935_,62.72µm
wave_controller_x_inst/net512,62.72µm
spi_regs_inst/reg_wr_addr\[4\],62.31µm
signal_processor_x_inst/_046_,62.26µm
wave_controller_y_inst/_0861_,62.26µm
wave_controller_y_inst/_1298_,62.26µm
signal_processor_x_inst/net1291,62.26µm
spi_regs_inst/_0264_,62.21µm
spi_regs_inst/_0696_,62.21µm
wave_controller_x_inst/_0503_,62.21µm
wave_controller_y_inst/_1557_,62.21µm
wave_controller_x_inst/net76,62.21µm
wave_controller_x_inst/net251,62.21µm
wave_controller_x_inst/net343,62.21µm
wave_controller_y_inst/net818,62.21µm
wave_controller_y_inst/net1401,62.21µm
cfg_phase270_offset_y\[11\],62.16µm
spi_regs_inst/_0617_,62.16µm
wave_controller_x_inst/_0413_,62.16µm
wave_controller_y_inst/net796,62.16µm
delay_wave_cycle_x\[3\],61.75µm
cfg_phase90_offset_y\[13\],61.7µm
wave_controller_x_inst/_0252_,61.7µm
wave_controller_x_inst/net242,61.7µm
raw_edge2_y\[19\],61.65µm
spi_regs_inst/_0572_,61.65µm
wave_controller_x_inst/_0994_,61.65µm
wave_controller_y_inst/_1184_,61.65µm
wave_controller_y_inst/net73,61.65µm
spi_regs_inst/net531,61.65µm
soft_rst_n,61.6µm
signal_processor_x_inst/comp_pipe\[3\],61.6µm
spi_regs_inst/_0701_,61.6µm
signal_processor_x_inst/cnt_out\[0\],61.24µm
wave_controller_y_inst/net780,61.24µm
spi_regs_inst/_0232_,61.14µm
wave_controller_x_inst/net99,61.14µm
spi_regs_inst/net306,61.14µm
spi_regs_inst/_0685_,61.09µm
wave_controller_y_inst/_0710_,61.09µm
spi_regs_inst/_0633_,61.04µm
spi_regs_inst/_0686_,61.04µm
wave_controller_x_inst/net1486,61.04µm
wave_controller_x_inst/_1605_,60.63µm
wave_controller_x_inst/_1429_,60.58µm
wave_controller_x_inst/net877,60.58µm
spi_regs_inst/_0698_,60.53µm
wave_controller_x_inst/_1262_,60.53µm
wave_controller_y_inst/_0420_,60.53µm
net1252,60.53µm
wave_controller_y_inst/net1416,60.53µm
spi_regs_inst/net1534,60.53µm
wave_controller_x_inst/net286,60.48µm
wave_controller_x_inst/net342,60.48µm
wave_controller_y_inst/net1394,60.48µm
raw_edge1_x\[6\],60.12µm
signal_processor_x_inst/s90,60.12µm
wave_controller_x_inst/wave_cycle_cnt\[2\],60.12µm
wave_controller_y_inst/_0606_,60.12µm
wave_controller_x_inst/net341,60.07µm
wave_controller_x_inst/net693,60.07µm
raw_edge1_y\[12\],60.02µm
raw_edge3_x\[7\],60.02µm
spi_regs_inst/_0664_,60.02µm
wave_controller_y_inst/_0939_,60.02µm
wave_controller_y_inst/_1004_,60.02µm
spi_regs_inst/net313,60.02µm
wave_controller_x_inst/net659,60.02µm
wave_controller_y_inst/net781,60.02µm
net1209,60.02µm
net1403,60.02µm
wave_controller_x_inst/_0613_,59.97µm
wave_controller_y_inst/_1203_,59.97µm
wave_controller_x_inst/net122,59.97µm
wave_controller_y_inst/net230,59.97µm
spi_regs_inst/net581,59.97µm
wave_controller_x_inst/net881,59.97µm
wave_controller_y_inst/net1513,59.97µm
cal_phase0_offset_y\[20\],59.92µm
wave_controller_x_inst/_0260_,59.92µm
wave_controller_x_inst/_1566_,59.92µm
wave_controller_y_inst/_1275_,59.92µm
wave_controller_x_inst/net655,59.51µm
wave_controller_x_inst/net1321,59.51µm
spi_regs_inst/_0663_,59.46µm
spi_regs_inst/net360,59.46µm
wave_controller_y_inst/net1540,59.46µm
spi_regs_inst/_0616_,59.41µm
spi_regs_inst/rx_shift\[4\],59.41µm
wave_controller_x_inst/_1255_,59.41µm
wave_controller_x_inst/_1449_,59.41µm
wave_controller_y_inst/_0561_,59.41µm
spi_regs_inst/net585,59.41µm
wave_controller_x_inst/net1091,59.41µm
spi_regs_inst/_0682_,59.36µm
wave_controller_y_inst/_1039_,59.36µm
spi_regs_inst/net542,59.36µm
spi_regs_inst/net1333,59.36µm
wave_controller_x_inst/_1302_,58.9µm
wave_controller_x_inst/_1461_,58.9µm
spi_regs_inst/net263,58.9µm
spi_regs_inst/net601,58.9µm
wave_controller_x_inst/net926,58.9µm
net1228,58.9µm
wave_controller_x_inst/net1261,58.9µm
wave_controller_x_inst/net1275,58.9µm
cal_phase270_offset_x\[13\],58.85µm
wave_controller_x_inst/_1298_,58.85µm
wave_controller_y_inst/net735,58.8µm
wave_controller_x_inst/net927,58.8µm
wave_controller_y_inst/net1097,58.44µm
cal_done_y,58.39µm
cfg_phase0_offset_y\[9\],58.34µm
wave_controller_y_inst/_1278_,58.34µm
wave_controller_y_inst/net528,58.34µm
wave_controller_y_inst/wave_cycle_cnt\[5\],58.29µm
wave_controller_y_inst/net22,58.29µm
wave_controller_x_inst/net1263,58.29µm
spi_regs_inst/_0293_,58.24µm
spi_regs_inst/_0478_,58.24µm
wave_controller_x_inst/_0259_,58.24µm
wave_controller_y_inst/_0091_,58.24µm
signal_processor_x_inst/_102_,57.88µm
signal_processor_x_inst/cycle_count\[0\],57.88µm
wave_controller_y_inst/_0572_,57.83µm
cfg_phase270_offset_x\[11\],57.78µm
wave_controller_y_inst/net131,57.78µm
wave_controller_y_inst/net648,57.78µm
wave_controller_y_inst/net769,57.78µm
wave_controller_y_inst/net804,57.78µm
wave_controller_y_inst/net820,57.78µm
net1194,57.78µm
wave_controller_x_inst/_0384_,57.73µm
wave_controller_x_inst/_1442_,57.73µm
wave_controller_y_inst/_1295_,57.73µm
wave_controller_y_inst/net816,57.73µm
wave_controller_x_inst/_1223_,57.68µm
wave_controller_x_inst/net679,57.68µm
wave_controller_x_inst/net1320,57.68µm
wave_controller_y_inst/_1297_,57.4µm
net1524,57.32µm
spi_regs_inst/rx_shift\[0\],57.27µm
wave_controller_x_inst/_1587_,57.27µm
wave_controller_y_inst/_0631_,57.22µm
wave_controller_x_inst/net873,57.22µm
signal_processor_y_inst/cycle_count\[2\],57.17µm
spi_regs_inst/_0589_,57.17µm
wave_controller_x_inst/_1278_,57.17µm
wave_controller_x_inst/_1414_,57.17µm
spi_regs_inst/net580,57.17µm
net1150,57.17µm
net1294,57.17µm
wave_controller_x_inst/net1433,57.17µm
signal_processor_x_inst/_070_,57.12µm
spi_regs_inst/net448,57.12µm
wave_controller_x_inst/net929,57.12µm
wave_controller_x_inst/net137,56.81µm
wave_controller_x_inst/_0672_,56.71µm
spi_regs_inst/net1517,56.71µm
spi_regs_inst/net311,56.66µm
wave_controller_y_inst/net329,56.66µm
wave_controller_x_inst/net1312,56.66µm
wave_controller_x_inst/_1044_,56.61µm
wave_controller_x_inst/net241,56.61µm
spi_regs_inst/_0414_,56.56µm
wave_controller_x_inst/_1326_,56.56µm
spi_regs_inst/net534,56.56µm
wave_controller_x_inst/net692,56.56µm
net1490,56.56µm
cfg_phase90_offset_y\[1\],56.15µm
wave_controller_y_inst/_0964_,56.15µm
wave_controller_y_inst/net1541,56.1µm
spi_regs_inst/_0495_,56.05µm
wave_controller_y_inst/_0645_,56.05µm
wave_controller_y_inst/net761,56.05µm
wave_controller_x_inst/net906,56.05µm
spi_regs_inst/_0396_,56µm
spi_regs_inst/net583,56µm
spi_regs_inst/_0581_,55.59µm
wave_controller_x_inst/net872,55.59µm
wave_controller_x_inst/_0831_,55.54µm
wave_controller_y_inst/_0764_,55.54µm
wave_controller_y_inst/net1127,55.54µm
wave_controller_x_inst/_0821_,55.49µm
wave_controller_y_inst/_1464_,55.49µm
wave_controller_y_inst/net52,55.49µm
wave_controller_y_inst/net64,55.49µm
wave_controller_x_inst/net105,55.49µm
wave_controller_x_inst/net1253,55.49µm
net1280,55.49µm
wave_controller_y_inst/net1500,55.49µm
wave_controller_x_inst/_0620_,55.44µm
wave_controller_x_inst/_0633_,55.44µm
wave_controller_y_inst/_0488_,55.44µm
wave_controller_y_inst/_1448_,55.44µm
spi_regs_inst/net560,55.44µm
wave_controller_y_inst/net811,55.44µm
wave_controller_y_inst/_0242_,55.13µm
raw_edge1_x\[4\],54.98µm
wave_controller_x_inst/_0732_,54.98µm
wave_controller_y_inst/_0209_,54.98µm
wave_controller_y_inst/_0624_,54.98µm
wave_controller_x_inst/net92,54.98µm
wave_controller_x_inst/net686,54.98µm
spi_regs_inst/net1035,54.98µm
cal_phase270_offset_y\[17\],54.93µm
spi_regs_inst/_0250_,54.93µm
spi_regs_inst/_0530_,54.93µm
spi_regs_inst/_0610_,54.93µm
wave_controller_x_inst/_0652_,54.93µm
wave_controller_x_inst/_1571_,54.93µm
wave_controller_y_inst/net607,54.93µm
wave_controller_x_inst/_0322_,54.88µm
wave_controller_x_inst/_1034_,54.88µm
wave_controller_y_inst/net751,54.88µm
spi_regs_inst/net1375,54.88µm
wave_controller_y_inst/net1418,54.88µm
wave_controller_x_inst/_1443_,54.47µm
wave_controller_x_inst/net353,54.47µm
wave_controller_y_inst/net473,54.47µm
cal_phase270_offset_x\[10\],54.42µm
cal_phase270_offset_x\[20\],54.42µm
spi_regs_inst/net1520,54.42µm
spi_regs_inst/_0601_,54.37µm
wave_controller_x_inst/_0358_,54.37µm
wave_controller_x_inst/_1052_,54.37µm
wave_controller_x_inst/_1229_,54.37µm
wave_controller_x_inst/net917,54.37µm
spi_regs_inst/net1481,54.37µm
spi_regs_inst/_0509_,54.32µm
wave_controller_x_inst/net104,54.32µm
net1397,54.32µm
spi_regs_inst/net1405,54.32µm
spi_regs_inst/_0632_,53.96µm
wave_controller_x_inst/net518,53.91µm
wave_controller_x_inst/net681,53.91µm
net1145,53.91µm
wave_controller_x_inst/_1244_,53.86µm
wave_controller_y_inst/_1309_,53.86µm
signal_processor_y_inst/net729,53.86µm
wave_controller_y_inst/net1382,53.86µm
cal_phase0_offset_x\[9\],53.81µm
wave_controller_x_inst/_1277_,53.81µm
wave_controller_y_inst/_1460_,53.81µm
wave_controller_x_inst/net217,53.81µm
wave_controller_y_inst/net618,53.81µm
wave_controller_y_inst/net755,53.81µm
wave_controller_x_inst/net1441,53.81µm
delay_wave_cycle_y\[3\],53.76µm
spi_regs_inst/_0325_,53.76µm
spi_regs_inst/_0674_,53.76µm
wave_controller_y_inst/_1436_,53.76µm
wave_controller_x_inst/net901,53.76µm
spi_regs_inst/net1443,53.76µm
wave_controller_y_inst/_1284_,53.5µm
cfg_phase270_offset_y\[10\],53.4µm
wave_controller_x_inst/_0829_,53.35µm
wave_controller_x_inst/net669,53.35µm
net1369,53.35µm
wave_controller_x_inst/_0739_,53.3µm
wave_controller_y_inst/_1511_,53.3µm
wave_controller_y_inst/net133,53.3µm
spi_regs_inst/net457,53.3µm
raw_edge1_x\[11\],53.25µm
spi_regs_inst/_0571_,53.25µm
wave_controller_y_inst/_0917_,53.25µm
wave_controller_y_inst/_1300_,53.25µm
wave_controller_y_inst/net764,53.25µm
wave_controller_x_inst/net1299,53.25µm
wave_controller_x_inst/_1173_,53.2µm
spi_regs_inst/net570,53.2µm
net1473,52.79µm
wave_controller_y_inst/_1598_,52.74µm
signal_processor_x_inst/net719,52.74µm
signal_processor_x_inst/net1293,52.74µm
wave_controller_y_inst/net1415,52.74µm
wave_controller_x_inst/_0006_,52.69µm
wave_controller_x_inst/_1265_,52.69µm
wave_controller_y_inst/_0334_,52.69µm
wave_controller_y_inst/net1096,52.69µm
net1440,52.69µm
spi_regs_inst/_0294_,52.64µm
spi_regs_inst/_0391_,52.64µm
spi_regs_inst/_0658_,52.64µm
wave_controller_x_inst/_0239_,52.64µm
wave_controller_x_inst/net909,52.64µm
wave_controller_y_inst/_0231_,52.28µm
wave_controller_x_inst/_0897_,52.23µm
wave_controller_y_inst/_0217_,52.23µm
wave_controller_y_inst/net164,52.23µm
spi_regs_inst/net1466,52.23µm
raw_edge1_y\[1\],52.18µm
signal_processor_y_inst/_080_,52.18µm
wave_controller_y_inst/_1429_,52.18µm
wave_controller_x_inst/net903,52.18µm
wave_controller_y_inst/net1380,52.18µm
cfg_f_MEMS_fcw_y\[1\],52.13µm
spi_regs_inst/_0565_,52.13µm
wave_controller_x_inst/_0651_,52.13µm
wave_controller_x_inst/_1464_,52.13µm
wave_controller_x_inst/net1283,52.13µm
spi_regs_inst/net1499,52.13µm
wave_controller_x_inst/_0052_,52.08µm
wave_controller_x_inst/_0616_,52.08µm
wave_controller_y_inst/_0132_,52.08µm
wave_controller_y_inst/_1493_,52.08µm
wave_controller_y_inst/net484,51.72µm
raw_edge1_y\[16\],51.67µm
spi_regs_inst/_0570_,51.67µm
wave_controller_x_inst/net1092,51.67µm
state_o\[0\],51.62µm
wave_controller_y_inst/_1399_,51.62µm
wave_controller_x_inst/net160,51.62µm
spi_regs_inst/_0553_,51.57µm
spi_regs_inst/_0614_,51.57µm
wave_controller_y_inst/_0765_,51.57µm
wave_controller_y_inst/_1443_,51.57µm
wave_controller_x_inst/net149,51.57µm
spi_regs_inst/net444,51.57µm
net1346,51.57µm
signal_processor_x_inst/_101_,51.52µm
spi_regs_inst/rx_shift\[6\],51.52µm
wave_controller_x_inst/_0334_,51.52µm
wave_controller_x_inst/_0635_,51.52µm
wave_controller_y_inst/_0708_,51.52µm
wave_controller_y_inst/_0911_,51.52µm
wave_controller_x_inst/net1236,51.52µm
spi_regs_inst/net460,51.16µm
wave_controller_x_inst/net125,51.11µm
spi_regs_inst/net548,51.11µm
wave_controller_y_inst/net619,51.06µm
wave_controller_y_inst/net635,51.06µm
wave_controller_x_inst/net671,51.06µm
raw_edge2_y\[10\],51.01µm
wave_controller_x_inst/_0600_,51.01µm
wave_controller_y_inst/_1225_,51.01µm
wave_controller_x_inst/net1266,51.01µm
wave_controller_y_inst/_0571_,50.96µm
wave_controller_y_inst/_0825_,50.96µm
spi_regs_inst/net355,50.96µm
wave_controller_y_inst/net1547,50.96µm
spi_regs_inst/bit_cnt\[0\],50.55µm
wave_controller_y_inst/_1552_,50.55µm
wave_controller_y_inst/net1388,50.55µm
signal_processor_x_inst/cnt_in\[0\],50.5µm
spi_regs_inst/_0618_,50.5µm
wave_controller_y_inst/_0276_,50.5µm
spi_regs_inst/_0314_,50.45µm
spi_regs_inst/_0615_,50.45µm
wave_controller_y_inst/_0818_,50.45µm
wave_controller_y_inst/_1504_,50.45µm
wave_controller_x_inst/net1248,50.45µm
net1344,50.45µm
signal_processor_y_inst/net1348,50.45µm
spi_regs_inst/net1406,50.45µm
wave_controller_x_inst/_0053_,50.4µm
wave_controller_y_inst/net742,50.4µm
wave_controller_y_inst/net1544,50.4µm
wave_controller_y_inst/_0358_,50.04µm
wave_controller_y_inst/net1390,50.04µm
delay_wave_cycle_x\[4\],49.99µm
wave_controller_y_inst/net1421,49.99µm
wave_controller_y_inst/net1170,49.94µm
raw_edge1_y\[19\],49.89µm
wave_controller_y_inst/_0593_,49.89µm
wave_controller_y_inst/wave_cycle_cnt\[0\],49.89µm
wave_controller_y_inst/net264,49.89µm
wave_controller_x_inst/net914,49.89µm
spi_regs_inst/_0485_,49.84µm
wave_controller_x_inst/_0618_,49.84µm
spi_regs_inst/net571,49.84µm
wave_controller_x_inst/net1269,49.84µm
wave_controller_x_inst/net911,49.53µm
wave_controller_y_inst/net141,49.48µm
spi_regs_inst/net1495,49.43µm
raw_edge2_y\[14\],49.38µm
wave_controller_y_inst/_1432_,49.38µm
wave_controller_y_inst/net51,49.38µm
spi_regs_inst/net259,49.38µm
spi_regs_inst/net293,49.38µm
wave_controller_y_inst/net825,49.38µm
raw_edge1_y\[6\],49.33µm
wave_controller_x_inst/_0396_,49.33µm
wave_controller_y_inst/_0307_,49.33µm
wave_controller_y_inst/net471,49.33µm
net1361,49.33µm
cal_phase270_offset_x\[1\],49.28µm
cal_phase90_offset_x\[17\],49.28µm
spi_regs_inst/net458,49.28µm
spi_regs_inst/net1530,49.28µm
cfg_phase0_offset_y\[12\],48.92µm
wave_controller_y_inst/_1716_,48.92µm
wave_controller_x_inst/net1315,48.87µm
wave_controller_x_inst/_1004_,48.82µm
wave_controller_y_inst/_0205_,48.82µm
wave_controller_y_inst/_1465_,48.82µm
wave_controller_x_inst/_1465_,48.77µm
signal_processor_x_inst/net324,48.77µm
wave_controller_x_inst/net1270,48.77µm
cal_phase0_offset_y\[12\],48.72µm
wave_controller_y_inst/_0004_,48.72µm
wave_controller_x_inst/net248,48.72µm
spi_regs_inst/net584,48.72µm
spi_regs_inst/_0580_,48.36µm
spi_regs_inst/bit_cnt\[2\],48.31µm
wave_controller_y_inst/_0186_,48.31µm
spi_regs_inst/net600,48.31µm
wave_controller_y_inst/net1428,48.31µm
spi_regs_inst/net1493,48.31µm
spi_regs_inst/net436,48.26µm
wave_controller_y_inst/net629,48.26µm
signal_processor_y_inst/_089_,48.21µm
spi_regs_inst/_0535_,48.21µm
wave_controller_x_inst/comp_sync4,48.21µm
signal_processor_x_inst/net1292,48.21µm
signal_processor_y_inst/net1357,48.21µm
wave_controller_x_inst/net1457,48.21µm
wave_controller_x_inst/_0715_,48.16µm
wave_controller_x_inst/_0868_,48.16µm
wave_controller_y_inst/net1110,48.16µm
raw_edge1_x\[16\],47.85µm
raw_edge3_y\[8\],47.8µm
wave_controller_x_inst/_0205_,47.75µm
wave_controller_x_inst/_1333_,47.75µm
wave_controller_x_inst/net680,47.75µm
wave_controller_x_inst/net880,47.75µm
raw_edge1_y\[7\],47.7µm
spi_regs_inst/_0725_,47.7µm
wave_controller_x_inst/_0480_,47.7µm
wave_controller_y_inst/_1272_,47.7µm
wave_controller_y_inst/phase_acc\[11\],47.7µm
wave_controller_y_inst/net1502,47.7µm
spi_regs_inst/_0593_,47.65µm
wave_controller_x_inst/_0655_,47.65µm
wave_controller_x_inst/_0825_,47.65µm
wave_controller_y_inst/_0966_,47.65µm
wave_controller_x_inst/net898,47.65µm
spi_regs_inst/net1482,47.65µm
spi_regs_inst/_0291_,47.6µm
wave_controller_y_inst/_0583_,47.6µm
wave_controller_y_inst/phase_acc\[15\],47.6µm
wave_controller_x_inst/net115,47.6µm
spi_regs_inst/net1469,47.6µm
wave_controller_x_inst/_1267_,47.19µm
wave_controller_y_inst/_1267_,47.14µm
wave_controller_x_inst/net119,47.14µm
wave_controller_y_inst/net758,47.14µm
wave_controller_y_inst/net824,47.14µm
wave_controller_x_inst/net1314,47.14µm
wave_controller_y_inst/net1400,47.14µm
wave_controller_y_inst/net1546,47.14µm
cal_phase0_offset_x\[8\],47.09µm
spi_regs_inst/_0136_,47.09µm
spi_regs_inst/spi_addr\[6\],47.09µm
wave_controller_x_inst/_0064_,47.09µm
wave_controller_x_inst/_0142_,47.09µm
spi_regs_inst/net1305,47.09µm
wave_controller_x_inst/_0296_,47.04µm
wave_controller_x_inst/phase_acc\[14\],47.04µm
wave_controller_y_inst/_0296_,47.04µm
spi_regs_inst/net451,47.04µm
wave_controller_x_inst/net888,47.04µm
signal_processor_y_inst/net1354,47.04µm
wave_controller_x_inst/phase_acc\[11\],46.68µm
cfg_f_MEMS_fcw_x\[1\],46.58µm
phase_offset_imported,46.58µm
wave_controller_y_inst/_0262_,46.58µm
wave_controller_x_inst/net1271,46.58µm
wave_controller_y_inst/net1507,46.58µm
spi_regs_inst/_0513_,46.53µm
spi_regs_inst/_0568_,46.53µm
wave_controller_x_inst/_0978_,46.53µm
wave_controller_x_inst/_1568_,46.53µm
wave_controller_x_inst/_1569_,46.53µm
net1278,46.53µm
spi_regs_inst/net1365,46.53µm
net1371,46.53µm
wave_controller_y_inst/net1503,46.53µm
spi_regs_inst/_0446_,46.48µm
wave_controller_x_inst/_0622_,46.48µm
wave_controller_x_inst/_0909_,46.48µm
wave_controller_x_inst/_0964_,46.48µm
wave_controller_x_inst/_1511_,46.48µm
wave_controller_y_inst/_0252_,46.48µm
wave_controller_x_inst/net890,46.07µm
spi_regs_inst/reg_wr_data\[2\],46.02µm
wave_controller_y_inst/_1438_,46.02µm
wave_controller_y_inst/_1726_,46.02µm
spi_regs_inst/net1478,46.02µm
signal_processor_y_inst/_078_,45.97µm
wave_controller_y_inst/net61,45.97µm
wave_controller_y_inst/net775,45.97µm
net1108,45.97µm
wave_controller_y_inst/_1122_,45.92µm
wave_controller_y_inst/_0695_,45.51µm
wave_controller_y_inst/_1037_,45.51µm
wave_controller_y_inst/net475,45.51µm
wave_controller_x_inst/_0814_,45.46µm
wave_controller_y_inst/_0607_,45.46µm
net1281,45.46µm
raw_edge1_x\[20\],45.41µm
wave_controller_x_inst/_1726_,45.41µm
wave_controller_y_inst/_1544_,45.41µm
wave_controller_y_inst/_1747_,45.41µm
spi_regs_inst/_0384_,45.36µm
wave_controller_x_inst/_0566_,45.36µm
wave_controller_x_inst/_0999_,45.36µm
wave_controller_y_inst/net464,45.36µm
wave_controller_y_inst/net486,45.36µm
wave_controller_y_inst/_0419_,45.08µm
signal_processor_y_inst/_102_,45µm
wave_controller_y_inst/net759,45µm
wave_controller_x_inst/_1504_,44.95µm
signal_processor_y_inst/_046_,44.9µm
spi_regs_inst/tx_shift\[0\],44.9µm
wave_controller_x_inst/_0966_,44.9µm
wave_controller_y_inst/_1311_,44.9µm
wave_controller_x_inst/net166,44.9µm
spi_regs_inst/net602,44.9µm
wave_controller_y_inst/net1413,44.9µm
spi_regs_inst/_0461_,44.85µm
wave_controller_x_inst/_1283_,44.85µm
wave_controller_y_inst/_0451_,44.85µm
wave_controller_y_inst/net21,44.85µm
wave_controller_y_inst/net130,44.85µm
wave_controller_x_inst/_0343_,44.8µm
wave_controller_y_inst/net799,44.8µm
wave_controller_x_inst/_1328_,44.44µm
raw_edge1_y\[8\],44.39µm
signal_processor_y_inst/cycle_count\[3\],44.39µm
wave_controller_x_inst/_0634_,44.39µm
wave_controller_x_inst/_1301_,44.39µm
wave_controller_y_inst/net132,44.39µm
wave_controller_y_inst/net614,44.39µm
wave_controller_y_inst/net754,44.39µm
spi_regs_inst/_0647_,44.34µm
spi_regs_inst/_0703_,44.34µm
wave_controller_y_inst/_0918_,44.34µm
wave_controller_y_inst/_1279_,44.34µm
wave_controller_y_inst/_1583_,44.34µm
spi_regs_inst/_0354_,44.29µm
wave_controller_x_inst/_0046_,44.29µm
wave_controller_x_inst/_0488_,44.29µm
wave_controller_x_inst/_0536_,44.29µm
wave_controller_y_inst/_0509_,44.29µm
wave_controller_y_inst/cal_burst_armed,44.29µm
wave_controller_y_inst/phase_acc\[18\],44.29µm
wave_controller_y_inst/net144,44.29µm
wave_controller_x_inst/_0180_,44.24µm
wave_controller_y_inst/_0709_,44.24µm
wave_controller_y_inst/_1595_,44.24µm
spi_regs_inst/net544,44.24µm
wave_controller_y_inst/net770,43.88µm
wave_controller_x_inst/_0918_,43.83µm
cal_phase270_offset_x\[8\],43.78µm
signal_processor_y_inst/_068_,43.78µm
wave_controller_y_inst/_1223_,43.78µm
wave_controller_y_inst/net640,43.78µm
wave_controller_x_inst/net665,43.78µm
wave_controller_y_inst/net1156,43.78µm
net1521,43.78µm
wave_controller_x_inst/_1294_,43.73µm
wave_controller_y_inst/_0331_,43.73µm
wave_controller_y_inst/_0829_,43.73µm
signal_processor_x_inst/net1290,43.73µm
spi_regs_inst/net1334,43.73µm
wave_controller_y_inst/net1383,43.73µm
wave_controller_x_inst/net1458,43.73µm
spi_regs_inst/net1532,43.73µm
wave_controller_x_inst/_0579_,43.68µm
wave_controller_x_inst/_1471_,43.68µm
wave_controller_x_inst/cal_burst_count\[0\],43.68µm
spi_regs_inst/net440,43.68µm
wave_controller_y_inst/_0448_,43.27µm
wave_controller_y_inst/net779,43.27µm
net1238,43.27µm
net1395,43.27µm
wave_controller_x_inst/_0171_,43.22µm
wave_controller_x_inst/_1358_,43.22µm
wave_controller_y_inst/_0253_,43.22µm
wave_controller_y_inst/wave_cycle_cnt\[4\],43.22µm
wave_controller_x_inst/net84,43.22µm
spi_regs_inst/net358,43.22µm
spi_regs_inst/_0491_,43.17µm
wave_controller_x_inst/_1386_,43.17µm
wave_controller_x_inst/_1663_,43.17µm
wave_controller_y_inst/_1023_,43.17µm
wave_controller_y_inst/net43,43.17µm
wave_controller_x_inst/net494,43.17µm
wave_controller_y_inst/net603,43.17µm
signal_processor_x_inst/net718,43.17µm
wave_controller_x_inst/net1267,43.17µm
spi_regs_inst/_0235_,43.12µm
wave_controller_x_inst/_1457_,43.12µm
wave_controller_y_inst/_0955_,43.12µm
wave_controller_x_inst/_0680_,42.76µm
wave_controller_y_inst/_0267_,42.71µm
wave_controller_y_inst/_1299_,42.71µm
spi_regs_inst/net1515,42.71µm
wave_controller_x_inst/_0425_,42.66µm
wave_controller_y_inst/_0604_,42.66µm
wave_controller_x_inst/net352,42.66µm
wave_controller_x_inst/net700,42.66µm
net1345,42.66µm
spi_regs_inst/_0602_,42.61µm
wave_controller_x_inst/_0804_,42.61µm
spi_regs_inst/_0310_,42.56µm
wave_controller_x_inst/_0888_,42.56µm
wave_controller_y_inst/net611,42.2µm
signal_processor_x_inst/net715,42.2µm
signal_processor_x_inst/_045_,42.15µm
wave_controller_y_inst/net66,42.15µm
spi_regs_inst/net1533,42.15µm
latch_phase90_x,42.1µm
wave_controller_x_inst/_0342_,42.1µm
wave_controller_y_inst/_0863_,42.1µm
wave_controller_y_inst/_1746_,42.1µm
wave_controller_x_inst/net678,42.1µm
wave_controller_x_inst/net922,42.1µm
wave_controller_y_inst/net1176,42.1µm
wave_controller_y_inst/net1386,42.1µm
wave_controller_y_inst/net480,42.05µm
net1302,42.05µm
net1396,42.05µm
cfg_f_MEMS_fcw_y\[2\],42µm
spi_regs_inst/_0231_,42µm
wave_controller_x_inst/_0889_,42µm
wave_controller_x_inst/_1028_,42µm
wave_controller_x_inst/_1645_,42µm
wave_controller_y_inst/_0526_,42µm
wave_controller_x_inst/net871,41.87µm
wave_controller_x_inst/_1550_,41.64µm
raw_edge1_x\[19\],41.54µm
signal_processor_y_inst/cnt_in\[1\],41.54µm
wave_controller_x_inst/_0183_,41.54µm
wave_controller_x_inst/_1463_,41.54µm
wave_controller_y_inst/_0614_,41.54µm
signal_processor_x_inst/net1286,41.54µm
net4,41.49µm
wave_controller_x_inst/_0491_,41.49µm
wave_controller_x_inst/_0861_,41.49µm
wave_controller_x_inst/_1435_,41.49µm
net1154,41.49µm
wave_controller_x_inst/net1436,41.49µm
cal_phase0_offset_y\[15\],41.44µm
wave_controller_y_inst/_0834_,41.44µm
wave_controller_y_inst/_1401_,41.44µm
wave_controller_y_inst/_1568_,41.44µm
wave_controller_y_inst/phase_acc\[10\],41.44µm
wave_controller_y_inst/net621,41.44µm
wave_controller_y_inst/net1387,41.44µm
wave_controller_y_inst/_1294_,41.03µm
wave_controller_y_inst/net1508,41.03µm
wave_controller_x_inst/_0307_,40.98µm
wave_controller_x_inst/_0348_,40.98µm
wave_controller_x_inst/comp_sync3,40.98µm
wave_controller_y_inst/_1285_,40.98µm
wave_controller_y_inst/_1354_,40.98µm
wave_controller_x_inst/net120,40.98µm
wave_controller_x_inst/net236,40.98µm
spi_regs_inst/net552,40.98µm
spi_regs_inst/net599,40.98µm
spi_regs_inst/cs_n_sync,40.93µm
wave_controller_x_inst/_0515_,40.93µm
wave_controller_x_inst/_1007_,40.93µm
wave_controller_y_inst/_1197_,40.93µm
wave_controller_x_inst/net516,40.93µm
spi_regs_inst/net1404,40.93µm
wave_controller_x_inst/net1455,40.93µm
spi_regs_inst/_0709_,40.88µm
wave_controller_x_inst/_0352_,40.88µm
wave_controller_y_inst/_0322_,40.88µm
wave_controller_y_inst/_0841_,40.88µm
spi_regs_inst/net1483,40.88µm
net1225,40.52µm
signal_processor_x_inst/cycle_count\[3\],40.47µm
wave_controller_x_inst/_0695_,40.47µm
wave_controller_y_inst/_1302_,40.47µm
net1559,40.445µm
spi_regs_inst/_0574_,40.42µm
wave_controller_y_inst/_0674_,40.42µm
wave_controller_y_inst/_1554_,40.42µm
wave_controller_y_inst/net339,40.42µm
wave_controller_x_inst/net1439,40.42µm
spi_regs_inst/_0619_,40.37µm
spi_regs_inst/_0623_,40.37µm
wave_controller_x_inst/_0290_,40.37µm
wave_controller_x_inst/_0604_,40.37µm
wave_controller_y_inst/_1439_,40.37µm
wave_controller_y_inst/_1452_,40.37µm
wave_controller_x_inst/net526,40.37µm
net721,40.37µm
net1472,40.37µm
wave_controller_y_inst/net1542,40.37µm
wave_controller_x_inst/_0818_,40.32µm
wave_controller_x_inst/capture_step\[0\],40.32µm
wave_controller_y_inst/_1046_,40.32µm
spi_regs_inst/net553,40.32µm
net1329,40.32µm
wave_controller_x_inst/_0780_,39.96µm
signal_processor_y_inst/cnt_in\[0\],39.91µm
wave_controller_y_inst/net229,39.91µm
spi_regs_inst/net1335,39.91µm
signal_processor_x_inst/cycle_count\[1\],39.86µm
spi_regs_inst/_0443_,39.86µm
wave_controller_x_inst/_0607_,39.86µm
wave_controller_y_inst/net777,39.86µm
wave_controller_x_inst/net1298,39.86µm
net1362,39.86µm
spi_regs_inst/_0549_,39.81µm
wave_controller_x_inst/_0639_,39.81µm
wave_controller_y_inst/_1301_,39.81µm
wave_controller_y_inst/_1332_,39.81µm
signal_processor_y_inst/net733,39.81µm
wave_controller_y_inst/net809,39.81µm
wave_controller_x_inst/_0627_,39.76µm
wave_controller_x_inst/_1196_,39.76µm
wave_controller_y_inst/_0052_,39.76µm
spi_regs_inst/net556,39.76µm
wave_controller_x_inst/net660,39.76µm
wave_controller_x_inst/net910,39.76µm
signal_processor_y_inst/net1352,39.76µm
signal_processor_y_inst/_044_,39.35µm
wave_controller_x_inst/_0608_,39.35µm
wave_controller_x_inst/_0857_,39.3µm
wave_controller_y_inst/_0951_,39.3µm
wave_controller_y_inst/net174,39.3µm
wave_controller_y_inst/net465,39.3µm
wave_controller_y_inst/net783,39.3µm
wave_controller_y_inst/net1118,39.3µm
net1129,39.3µm
spi_regs_inst/_0313_,39.25µm
wave_controller_x_inst/_0217_,39.25µm
wave_controller_x_inst/_1266_,39.25µm
wave_controller_x_inst/_1385_,39.25µm
wave_controller_y_inst/_1451_,39.25µm
wave_controller_y_inst/_1466_,39.25µm
wave_controller_x_inst/net513,39.25µm
signal_processor_y_inst/net1353,39.25µm
raw_edge3_x\[0\],39.2µm
wave_controller_y_inst/net819,39.2µm
wave_controller_x_inst/_0917_,38.84µm
signal_processor_x_inst/_082_,38.79µm
wave_controller_x_inst/_0841_,38.79µm
wave_controller_y_inst/_0337_,38.79µm
net1598,38.765µm
spi_regs_inst/_0230_,38.74µm
wave_controller_x_inst/_1215_,38.74µm
wave_controller_x_inst/_1554_,38.74µm
wave_controller_y_inst/_1407_,38.74µm
wave_controller_y_inst/_1577_,38.74µm
spi_regs_inst/net550,38.74µm
spi_regs_inst/net1496,38.74µm
wave_controller_y_inst/net1522,38.74µm
raw_edge2_y\[20\],38.69µm
signal_processor_x_inst/_080_,38.69µm
signal_processor_y_inst/_054_,38.69µm
spi_regs_inst/_0238_,38.69µm
spi_regs_inst/_0557_,38.69µm
wave_controller_x_inst/_0631_,38.69µm
wave_controller_x_inst/_1186_,38.69µm
state_machine_inst/net289,38.69µm
spi_regs_inst/net450,38.69µm
spi_regs_inst/net1009,38.69µm
raw_edge2_y\[0\],38.64µm
signal_processor_x_inst/_048_,38.64µm
spi_regs_inst/_0344_,38.64µm
wave_controller_x_inst/_0434_,38.64µm
wave_controller_x_inst/net103,38.64µm
wave_controller_y_inst/net1422,38.64µm
cfg_phase0_offset_x\[15\],38.23µm
wave_controller_x_inst/_1102_,38.23µm
wave_controller_y_inst/_1683_,38.23µm
spi_regs_inst/tx_shift\[5\],38.18µm
wave_controller_x_inst/_0690_,38.18µm
wave_controller_y_inst/net270,38.18µm
spi_regs_inst/net397,38.18µm
spi_regs_inst/_0308_,38.13µm
wave_controller_x_inst/_0186_,38.13µm
wave_controller_x_inst/_0935_,38.13µm
wave_controller_x_inst/_1548_,38.13µm
wave_controller_y_inst/_0494_,38.13µm
wave_controller_y_inst/_1457_,38.13µm
wave_controller_y_inst/_1672_,38.13µm
wave_controller_x_inst/net100,38.13µm
wave_controller_x_inst/net924,38.13µm
wave_controller_y_inst/net1543,38.13µm
cal_phase0_offset_y\[13\],38.08µm
signal_processor_x_inst/cnt_in\[1\],38.08µm
wave_controller_x_inst/_0420_,38.08µm
wave_controller_x_inst/_1506_,38.08µm
wave_controller_y_inst/_0901_,38.08µm
wave_controller_y_inst/_1306_,38.08µm
wave_controller_x_inst/net88,38.08µm
spi_regs_inst/net537,38.08µm
wave_controller_x_inst/_1239_,37.72µm
delay_wave_cycle_y\[6\],37.67µm
wave_controller_x_inst/_1306_,37.67µm
spi_regs_inst/_0385_,37.62µm
wave_controller_x_inst/_0570_,37.62µm
wave_controller_x_inst/_1519_,37.62µm
wave_controller_y_inst/_0637_,37.62µm
wave_controller_x_inst/net218,37.62µm
cal_phase0_offset_y\[11\],37.57µm
spi_regs_inst/_0326_,37.57µm
wave_controller_x_inst/_0242_,37.57µm
wave_controller_y_inst/_1357_,37.57µm
wave_controller_x_inst/net194,37.57µm
wave_controller_x_inst/net503,37.57µm
wave_controller_y_inst/net1157,37.57µm
spi_regs_inst/net1301,37.57µm
spi_regs_inst/net1337,37.57µm
wave_controller_x_inst/_0154_,37.52µm
wave_controller_x_inst/_0871_,37.52µm
wave_controller_y_inst/_0662_,37.52µm
wave_controller_x_inst/net695,37.52µm
wave_controller_x_inst/net708,37.52µm
spi_regs_inst/net1408,37.52µm
wave_controller_x_inst/_0430_,37.11µm
wave_controller_y_inst/_0801_,37.11µm
spi_regs_inst/_0499_,37.06µm
wave_controller_x_inst/_0774_,37.06µm
wave_controller_x_inst/_1268_,37.06µm
wave_controller_x_inst/_1493_,37.06µm
wave_controller_y_inst/_0290_,37.06µm
spi_regs_inst/net1468,37.06µm
spi_regs_inst/net1527,37.06µm
cal_phase270_offset_y\[1\],37.01µm
spi_regs_inst/_0648_,37.01µm
wave_controller_x_inst/_0544_,37.01µm
wave_controller_x_inst/_1331_,37.01µm
wave_controller_y_inst/_1720_,37.01µm
spi_regs_inst/net1463,37.01µm
spi_regs_inst/_0552_,36.96µm
spi_regs_inst/_0613_,36.96µm
spi_regs_inst/_0694_,36.96µm
spi_regs_inst/tx_shift\[6\],36.96µm
wave_controller_y_inst/_0525_,36.96µm
wave_controller_y_inst/_0628_,36.96µm
spi_regs_inst/net1001,36.96µm
wave_controller_y_inst/_0332_,36.6µm
wave_controller_y_inst/_0222_,36.55µm
signal_processor_x_inst/net720,36.55µm
spi_regs_inst/_0639_,36.5µm
wave_controller_x_inst/_0659_,36.5µm
wave_controller_y_inst/_0435_,36.5µm
wave_controller_y_inst/_1490_,36.5µm
wave_controller_y_inst/_1513_,36.5µm
spi_regs_inst/net1516,36.5µm
signal_processor_x_inst/_054_,36.45µm
wave_controller_x_inst/_0789_,36.45µm
wave_controller_x_inst/_1191_,36.45µm
wave_controller_y_inst/_0739_,36.45µm
wave_controller_y_inst/net234,36.45µm
wave_controller_x_inst/net1328,36.45µm
signal_processor_y_inst/net1351,36.45µm
wave_controller_y_inst/_1032_,36.4µm
wave_controller_x_inst/_0451_,35.99µm
wave_controller_y_inst/_1441_,35.99µm
wave_controller_y_inst/_1650_,35.99µm
spi_regs_inst/net261,35.99µm
cal_phase270_offset_x\[3\],35.94µm
state_machine_inst/_12_,35.94µm
cfg_f_MEMS_fcw_x\[5\],35.89µm
signal_processor_x_inst/cnt_out\[3\],35.89µm
spi_regs_inst/_0649_,35.89µm
wave_controller_x_inst/_0788_,35.89µm
wave_controller_x_inst/_1329_,35.89µm
wave_controller_x_inst/_1529_,35.89µm
wave_controller_y_inst/_0128_,35.89µm
wave_controller_y_inst/_0317_,35.89µm
wave_controller_y_inst/_0971_,35.89µm
wave_controller_y_inst/_1717_,35.89µm
spi_regs_inst/net452,35.89µm
spi_regs_inst/net541,35.89µm
net1303,35.89µm
signal_processor_y_inst/net1349,35.89µm
wave_controller_y_inst/net1417,35.89µm
signal_processor_y_inst/_066_,35.84µm
wave_controller_x_inst/_1036_,35.84µm
wave_controller_x_inst/_1177_,35.84µm
wave_controller_y_inst/_0510_,35.84µm
wave_controller_y_inst/_1112_,35.84µm
spi_regs_inst/net254,35.84µm
wave_controller_x_inst/net277,35.84µm
wave_controller_x_inst/_0313_,35.43µm
wave_controller_x_inst/_1547_,35.43µm
wave_controller_x_inst/_1635_,35.43µm
wave_controller_x_inst/_1747_,35.43µm
wave_controller_y_inst/net760,35.43µm
net1597,35.405µm
spi_regs_inst/_0237_,35.38µm
wave_controller_x_inst/_1507_,35.38µm
wave_controller_x_inst/_1573_,35.38µm
wave_controller_y_inst/_1007_,35.38µm
wave_controller_y_inst/_1304_,35.38µm
wave_controller_x_inst/_0355_,35.33µm
wave_controller_x_inst/_0467_,35.33µm
wave_controller_x_inst/_0505_,35.33µm
wave_controller_x_inst/_1288_,35.33µm
wave_controller_y_inst/_0460_,35.33µm
wave_controller_y_inst/_0471_,35.33µm
wave_controller_y_inst/_0851_,35.33µm
wave_controller_y_inst/_1103_,35.33µm
wave_controller_y_inst/_1164_,35.33µm
wave_controller_y_inst/net328,35.33µm
wave_controller_x_inst/net928,35.33µm
wave_controller_x_inst/net1264,35.33µm
signal_processor_x_inst/_068_,35.28µm
spi_regs_inst/_0135_,35.28µm
wave_controller_x_inst/_0571_,35.28µm
wave_controller_x_inst/_0901_,35.28µm
wave_controller_y_inst/_1187_,35.28µm
wave_controller_x_inst/net146,35.28µm
wave_controller_y_inst/net155,35.28µm
wave_controller_x_inst/_0308_,34.87µm
wave_controller_y_inst/_1569_,34.87µm
net,34.845µm
wave_controller_x_inst/_0647_,34.82µm
wave_controller_x_inst/_1600_,34.82µm
wave_controller_y_inst/_0318_,34.82µm
wave_controller_y_inst/_1550_,34.82µm
wave_controller_y_inst/_1635_,34.82µm
wave_controller_x_inst/_0349_,34.77µm
wave_controller_x_inst/_1234_,34.77µm
wave_controller_x_inst/_1572_,34.77µm
wave_controller_x_inst/_1696_,34.77µm
wave_controller_y_inst/_0406_,34.77µm
wave_controller_y_inst/_0602_,34.77µm
wave_controller_y_inst/_1188_,34.77µm
wave_controller_y_inst/_1663_,34.77µm
wave_controller_y_inst/_1704_,34.77µm
spi_regs_inst/net592,34.77µm
net1370,34.77µm
net1510,34.77µm
spi_regs_inst/_0636_,34.72µm
wave_controller_x_inst/_1491_,34.72µm
wave_controller_x_inst/net109,34.72µm
net1119,34.72µm
net1367,34.72µm
wave_controller_x_inst/_1272_,34.36µm
wave_controller_y_inst/_0233_,34.31µm
wave_controller_y_inst/_1283_,34.31µm
net1589,34.285µm
wave_controller_y_inst/_0359_,34.26µm
wave_controller_y_inst/net168,34.26µm
cal_phase0_offset_y\[7\],34.21µm
spi_regs_inst/_0630_,34.21µm
wave_controller_x_inst/_0718_,34.21µm
wave_controller_x_inst/_0722_,34.21µm
wave_controller_y_inst/_0220_,34.21µm
wave_controller_y_inst/_1425_,34.21µm
wave_controller_y_inst/_1620_,34.21µm
wave_controller_y_inst/net60,34.21µm
wave_controller_y_inst/net158,34.21µm
wave_controller_x_inst/net912,34.21µm
net1300,34.21µm
wave_controller_x_inst/net1437,34.21µm
wave_controller_y_inst/net1505,34.21µm
wave_controller_x_inst/_0623_,34.16µm
wave_controller_x_inst/_1705_,34.16µm
wave_controller_y_inst/_0053_,34.16µm
wave_controller_y_inst/_0447_,34.16µm
wave_controller_y_inst/_0894_,34.16µm
wave_controller_y_inst/net1172,34.16µm
wave_controller_x_inst/_0436_,33.8µm
wave_controller_x_inst/net351,33.8µm
spi_regs_inst/bit_cnt\[1\],33.75µm
wave_controller_y_inst/_1507_,33.75µm
spi_regs_inst/net1467,33.75µm
net1562,33.725µm
wave_controller_y_inst/_0932_,33.7µm
wave_controller_y_inst/_1268_,33.7µm
wave_controller_y_inst/_1682_,33.7µm
wave_controller_y_inst/net1169,33.7µm
net1304,33.7µm
spi_regs_inst/net1529,33.7µm
wave_controller_x_inst/_0398_,33.65µm
wave_controller_x_inst/_0513_,33.65µm
wave_controller_x_inst/_0869_,33.65µm
wave_controller_x_inst/_0900_,33.65µm
wave_controller_x_inst/_1441_,33.65µm
wave_controller_x_inst/cal_burst_active,33.65µm
wave_controller_y_inst/_0227_,33.65µm
wave_controller_y_inst/_0587_,33.65µm
wave_controller_y_inst/_1532_,33.65µm
wave_controller_y_inst/_1733_,33.65µm
wave_controller_x_inst/net252,33.65µm
spi_regs_inst/net1480,33.65µm
spi_regs_inst/net1492,33.65µm
latch_phase270_x,33.6µm
signal_processor_y_inst/_079_,33.6µm
spi_regs_inst/_0484_,33.6µm
wave_controller_x_inst/_0709_,33.6µm
wave_controller_x_inst/_1558_,33.6µm
wave_controller_x_inst/_1562_,33.6µm
wave_controller_x_inst/_1632_,33.6µm
wave_controller_x_inst/_1715_,33.6µm
wave_controller_y_inst/_0527_,33.6µm
wave_controller_y_inst/_0546_,33.6µm
wave_controller_y_inst/_0556_,33.6µm
wave_controller_y_inst/_0627_,33.6µm
wave_controller_y_inst/_0943_,33.6µm
spi_regs_inst/net1445,33.6µm
wave_controller_y_inst/net1545,33.6µm
wave_controller_x_inst/net900,33.24µm
signal_processor_x_inst/net1287,33.24µm
spi_regs_inst/_0333_,33.19µm
wave_controller_x_inst/_0812_,33.19µm
wave_controller_x_inst/_1273_,33.19µm
wave_controller_y_inst/_0774_,33.19µm
net7,33.14µm
latch_phase270_y,33.14µm
signal_processor_y_inst/_064_,33.14µm
wave_controller_x_inst/_0653_,33.14µm
wave_controller_x_inst/_0807_,33.14µm
wave_controller_x_inst/_1521_,33.14µm
wave_controller_y_inst/net173,33.14µm
signal_processor_y_inst/net1358,33.14µm
spi_regs_inst/_0573_,33.09µm
wave_controller_x_inst/_0817_,33.09µm
wave_controller_y_inst/_0306_,33.09µm
wave_controller_y_inst/_0565_,33.09µm
wave_controller_y_inst/_0738_,33.09µm
wave_controller_y_inst/_1703_,33.09µm
wave_controller_x_inst/net1296,33.09µm
wave_controller_x_inst/_0353_,33.04µm
wave_controller_y_inst/_0171_,33.04µm
wave_controller_y_inst/_1118_,33.04µm
wave_controller_x_inst/net1198,33.04µm
wave_controller_x_inst/net1454,33.04µm
net1360,32.68µm
wave_controller_x_inst/_1716_,32.63µm
signal_processor_x_inst/_044_,32.58µm
signal_processor_x_inst/cnt_out\[1\],32.58µm
signal_processor_y_inst/_070_,32.58µm
wave_controller_x_inst/_1451_,32.58µm
wave_controller_y_inst/_1566_,32.58µm
wave_controller_y_inst/_1667_,32.58µm
wave_controller_y_inst/net272,32.58µm
spi_regs_inst/net308,32.58µm
net1372,32.58µm
spi_regs_inst/_0108_,32.53µm
wave_controller_x_inst/_0321_,32.53µm
wave_controller_x_inst/_0336_,32.53µm
wave_controller_x_inst/_0733_,32.53µm
wave_controller_x_inst/_0738_,32.53µm
wave_controller_x_inst/_0757_,32.53µm
wave_controller_y_inst/_0225_,32.53µm
wave_controller_y_inst/_0608_,32.53µm
wave_controller_y_inst/_1115_,32.53µm
wave_controller_y_inst/_1647_,32.53µm
wave_controller_y_inst/net191,32.53µm
wave_controller_y_inst/net627,32.53µm
wave_controller_x_inst/net1297,32.53µm
spi_regs_inst/_0086_,32.48µm
spi_regs_inst/_0319_,32.48µm
spi_regs_inst/_0368_,32.48µm
spi_regs_inst/_0640_,32.48µm
wave_controller_x_inst/_1437_,32.48µm
wave_controller_x_inst/_1586_,32.48µm
wave_controller_y_inst/_1414_,32.48µm
spi_regs_inst/net562,32.48µm
wave_controller_y_inst/_1328_,32.12µm
wave_controller_x_inst/_0311_,32.07µm
wave_controller_y_inst/_0462_,32.07µm
net1555,32.045µm
net1586,32.045µm
bidir_out[2],32.045µm
signal_processor_x_inst/_089_,32.02µm
spi_regs_inst/_0585_,32.02µm
wave_controller_x_inst/_1661_,32.02µm
wave_controller_x_inst/_1728_,32.02µm
wave_controller_y_inst/_0218_,32.02µm
wave_controller_y_inst/_0807_,32.02µm
wave_controller_y_inst/_1645_,32.02µm
wave_controller_y_inst/net1104,32.02µm
net1368,32.02µm
raw_edge3_x\[4\],31.97µm
spi_regs_inst/_0278_,31.97µm
spi_regs_inst/_0412_,31.97µm
wave_controller_x_inst/_0407_,31.97µm
wave_controller_x_inst/_0858_,31.97µm
wave_controller_x_inst/_1285_,31.97µm
wave_controller_y_inst/_0871_,31.97µm
wave_controller_y_inst/_0920_,31.97µm
wave_controller_y_inst/_1113_,31.97µm
wave_controller_y_inst/_1215_,31.97µm
wave_controller_y_inst/_1262_,31.97µm
wave_controller_y_inst/_1573_,31.97µm
net1398,31.97µm
signal_processor_y_inst/_058_,31.92µm
spi_regs_inst/_0555_,31.92µm
wave_controller_x_inst/_0769_,31.92µm
wave_controller_y_inst/_0397_,31.92µm
wave_controller_y_inst/net220,31.92µm
wave_controller_y_inst/net826,31.92µm
net1234,31.92µm
net1279,31.92µm
wave_controller_y_inst/_0732_,31.56µm
wave_controller_y_inst/_1190_,31.56µm
wave_controller_x_inst/_0435_,31.51µm
wave_controller_y_inst/_0698_,31.51µm
wave_controller_y_inst/_1273_,31.51µm
cfg_f_MEMS_fcw_x\[9\],31.46µm
spi_regs_inst/_0213_,31.46µm
spi_regs_inst/_0554_,31.46µm
wave_controller_x_inst/_0499_,31.46µm
wave_controller_x_inst/_1539_,31.46µm
wave_controller_y_inst/_0573_,31.46µm
wave_controller_y_inst/_1417_,31.46µm
spi_regs_inst/net1464,31.46µm
spi_regs_inst/_0517_,31.41µm
wave_controller_x_inst/_0275_,31.41µm
wave_controller_x_inst/_0340_,31.41µm
wave_controller_y_inst/_1052_,31.41µm
wave_controller_y_inst/_1743_,31.41µm
wave_controller_x_inst/net941,31.41µm
net1374,31.41µm
wave_controller_y_inst/net1381,31.41µm
cal_phase270_offset_x\[14\],31.36µm
cal_phase90_offset_y\[1\],31.36µm
spi_regs_inst/_0046_,31.36µm
wave_controller_x_inst/_0222_,31.36µm
wave_controller_x_inst/_1032_,31.36µm
wave_controller_y_inst/_0753_,31.36µm
wave_controller_y_inst/_0907_,31.36µm
spi_regs_inst/net996,31.36µm
wave_controller_y_inst/_1305_,31.05µm
wave_controller_x_inst/_0192_,30.95µm
wave_controller_x_inst/_0990_,30.95µm
wave_controller_y_inst/_1571_,30.95µm
wave_controller_y_inst/_1676_,30.95µm
wave_controller_x_inst/net940,30.95µm
wave_controller_x_inst/_0596_,30.9µm
wave_controller_x_inst/_0957_,30.9µm
wave_controller_y_inst/_0681_,30.9µm
wave_controller_y_inst/_1239_,30.9µm
wave_controller_y_inst/_1381_,30.9µm
wave_controller_y_inst/_1742_,30.9µm
wave_controller_x_inst/net889,30.9µm
spi_regs_inst/net1080,30.9µm
net1243,30.9µm
cal_phase0_offset_x\[2\],30.85µm
wave_controller_x_inst/_0462_,30.85µm
wave_controller_x_inst/_1010_,30.85µm
wave_controller_x_inst/_1293_,30.85µm
wave_controller_x_inst/_1601_,30.85µm
wave_controller_y_inst/_0202_,30.85µm
wave_controller_y_inst/_0799_,30.85µm
wave_controller_y_inst/_1277_,30.85µm
wave_controller_y_inst/_1385_,30.85µm
wave_controller_y_inst/_1734_,30.85µm
spi_regs_inst/net554,30.85µm
wave_controller_x_inst/_0801_,30.8µm
wave_controller_x_inst/_0849_,30.8µm
wave_controller_x_inst/_1353_,30.8µm
wave_controller_x_inst/_1697_,30.8µm
wave_controller_y_inst/_0239_,30.8µm
wave_controller_y_inst/_0347_,30.8µm
wave_controller_y_inst/_0564_,30.8µm
wave_controller_y_inst/_1185_,30.8µm
wave_controller_y_inst/_1484_,30.8µm
wave_controller_y_inst/_1705_,30.8µm
wave_controller_y_inst/_1715_,30.8µm
spi_regs_inst/net545,30.8µm
wave_controller_x_inst/net1232,30.8µm
net1284,30.8µm
wave_controller_y_inst/_1673_,30.49µm
wave_controller_x_inst/net937,30.44µm
net1606,30.365µm
wave_controller_x_inst/_0172_,30.34µm
wave_controller_x_inst/_0262_,30.34µm
wave_controller_x_inst/_0932_,30.34µm
wave_controller_x_inst/_1453_,30.34µm
wave_controller_x_inst/_1559_,30.34µm
wave_controller_y_inst/_0718_,30.34µm
wave_controller_y_inst/_1498_,30.34µm
wave_controller_x_inst/_0255_,30.29µm
wave_controller_x_inst/_0318_,30.29µm
wave_controller_x_inst/_1231_,30.29µm
wave_controller_x_inst/_1720_,30.29µm
wave_controller_y_inst/_0384_,30.29µm
wave_controller_y_inst/_0986_,30.29µm
wave_controller_y_inst/_0988_,30.29µm
wave_controller_y_inst/ds_acc\[5\],30.29µm
wave_controller_y_inst/net47,30.29µm
wave_controller_x_inst/net139,30.29µm
spi_regs_inst/net257,30.29µm
wave_controller_y_inst/net338,30.29µm
signal_processor_x_inst/net1285,30.29µm
net10,30.24µm
cfg_f_MEMS_fcw_y\[12\],30.24µm
spi_regs_inst/_0311_,30.24µm
spi_regs_inst/_0426_,30.24µm
wave_controller_x_inst/_0169_,30.24µm
wave_controller_y_inst/_0475_,30.24µm
wave_controller_y_inst/_0557_,30.24µm
wave_controller_y_inst/_0836_,30.24µm
wave_controller_y_inst/_1261_,30.24µm
wave_controller_x_inst/_1608_,29.83µm
wave_controller_y_inst/_0180_,29.83µm
clknet_1_0__leaf_clk,29.83µm
wave_controller_x_inst/_0152_,29.78µm
wave_controller_x_inst/_1332_,29.78µm
wave_controller_y_inst/_0353_,29.78µm
wave_controller_y_inst/_0574_,29.78µm
wave_controller_y_inst/_1446_,29.78µm
spi_regs_inst/net1038,29.78µm
signal_processor_x_inst/_063_,29.73µm
spi_regs_inst/_0260_,29.73µm
wave_controller_x_inst/_1469_,29.73µm
wave_controller_x_inst/_1508_,29.73µm
wave_controller_x_inst/_1647_,29.73µm
wave_controller_x_inst/_1709_,29.73µm
wave_controller_y_inst/_0339_,29.73µm
wave_controller_y_inst/_0585_,29.73µm
wave_controller_y_inst/_0857_,29.73µm
wave_controller_y_inst/_1152_,29.73µm
wave_controller_y_inst/_1453_,29.73µm
wave_controller_y_inst/_1739_,29.73µm
spi_regs_inst/net543,29.73µm
spi_regs_inst/_0369_,29.68µm
wave_controller_x_inst/_0406_,29.68µm
wave_controller_x_inst/_0863_,29.68µm
wave_controller_y_inst/_0136_,29.68µm
spi_regs_inst/net260,29.68µm
wave_controller_x_inst/_1305_,29.32µm
wave_controller_x_inst/_0654_,29.27µm
wave_controller_x_inst/_1611_,29.27µm
wave_controller_x_inst/_1673_,29.27µm
spi_regs_inst/net1306,29.27µm
spi_regs_inst/_0322_,29.22µm
spi_regs_inst/_0588_,29.22µm
wave_controller_x_inst/_1100_,29.22µm
wave_controller_y_inst/_0207_,29.22µm
wave_controller_y_inst/net485,29.22µm
net730,29.22µm
signal_processor_y_inst/_076_,29.17µm
wave_controller_x_inst/_1577_,29.17µm
wave_controller_y_inst/_0536_,29.17µm
wave_controller_y_inst/_1220_,29.17µm
wave_controller_y_inst/_1467_,29.17µm
wave_controller_y_inst/net134,29.17µm
spi_regs_inst/_0252_,29.12µm
spi_regs_inst/_0512_,29.12µm
spi_regs_inst/_0525_,29.12µm
spi_regs_inst/_0558_,29.12µm
wave_controller_x_inst/_0287_,29.12µm
wave_controller_x_inst/_1665_,29.12µm
wave_controller_y_inst/_0268_,29.12µm
wave_controller_y_inst/_0352_,29.12µm
wave_controller_y_inst/_0820_,29.12µm
wave_controller_y_inst/_0960_,29.12µm
wave_controller_y_inst/_1036_,29.12µm
wave_controller_y_inst/net483,29.12µm
_04_,28.71µm
wave_controller_x_inst/_0490_,28.71µm
wave_controller_y_inst/_0722_,28.71µm
net1612,28.685µm
wave_controller_x_inst/_0447_,28.66µm
wave_controller_y_inst/_0721_,28.66µm
spi_regs_inst/net706,28.66µm
spi_regs_inst/_0629_,28.61µm
wave_controller_x_inst/_0365_,28.61µm
wave_controller_x_inst/_1439_,28.61µm
wave_controller_x_inst/_1656_,28.61µm
wave_controller_x_inst/_1733_,28.61µm
wave_controller_x_inst/_1751_,28.61µm
wave_controller_y_inst/_0404_,28.61µm
wave_controller_y_inst/_0678_,28.61µm
wave_controller_y_inst/_0831_,28.61µm
wave_controller_y_inst/_1111_,28.61µm
wave_controller_y_inst/net613,28.61µm
wave_controller_y_inst/net1095,28.61µm
cal_phase270_offset_y\[5\],28.56µm
spi_regs_inst/_0462_,28.56µm
wave_controller_x_inst/_0561_,28.56µm
wave_controller_x_inst/_1501_,28.56µm
wave_controller_y_inst/_0487_,28.56µm
wave_controller_y_inst/_1343_,28.56µm
spi_regs_inst/net1514,28.56µm
wave_controller_y_inst/net749,28.2µm
spi_regs_inst/_0541_,28.15µm
wave_controller_y_inst/_1420_,28.15µm
net1213,28.15µm
net1613,28.125µm
net1599,28.125µm
raw_edge3_y\[6\],28.1µm
signal_processor_y_inst/_053_,28.1µm
spi_regs_inst/_0681_,28.1µm
wave_controller_x_inst/_0980_,28.1µm
wave_controller_x_inst/_1413_,28.1µm
wave_controller_x_inst/_1480_,28.1µm
wave_controller_y_inst/_0729_,28.1µm
wave_controller_y_inst/_0780_,28.1µm
wave_controller_y_inst/net235,28.1µm
spi_regs_inst/net1476,28.1µm
signal_processor_y_inst/cnt_out\[3\],28.05µm
spi_regs_inst/_0316_,28.05µm
state_machine_inst/_11_,28.05µm
wave_controller_x_inst/_0412_,28.05µm
wave_controller_x_inst/_0751_,28.05µm
wave_controller_x_inst/_1250_,28.05µm
wave_controller_x_inst/_1711_,28.05µm
wave_controller_y_inst/_0304_,28.05µm
wave_controller_y_inst/_0654_,28.05µm
wave_controller_y_inst/_0680_,28.05µm
wave_controller_y_inst/_0684_,28.05µm
wave_controller_x_inst/net167,28.05µm
spi_regs_inst/net1494,28.05µm
spi_regs_inst/_0000_,28µm
spi_regs_inst/_0516_,28µm
spi_regs_inst/_0643_,28µm
wave_controller_x_inst/_0689_,28µm
wave_controller_x_inst/_1304_,28µm
wave_controller_y_inst/_0559_,28µm
wave_controller_y_inst/_0972_,28µm
wave_controller_y_inst/_1026_,28µm
wave_controller_y_inst/_1030_,28µm
wave_controller_y_inst/_1108_,28µm
wave_controller_y_inst/_1406_,28µm
wave_controller_y_inst/_1526_,28µm
wave_controller_y_inst/_1602_,28µm
wave_controller_x_inst/net193,28µm
wave_controller_x_inst/net253,28µm
spi_regs_inst/net1523,28µm
wave_controller_x_inst/_1532_,27.64µm
raw_edge1_x\[8\],27.59µm
signal_processor_x_inst/s90_pipe\[3\],27.59µm
wave_controller_y_inst/_0405_,27.59µm
net1573,27.565µm
wave_controller_x_inst/_0253_,27.54µm
wave_controller_x_inst/_0676_,27.54µm
wave_controller_x_inst/_0816_,27.54µm
wave_controller_x_inst/_1682_,27.54µm
wave_controller_x_inst/ds_acc\[6\],27.54µm
wave_controller_y_inst/_0159_,27.54µm
wave_controller_y_inst/_0201_,27.54µm
wave_controller_y_inst/_0407_,27.54µm
wave_controller_y_inst/_1232_,27.54µm
wave_controller_y_inst/_1611_,27.54µm
signal_processor_x_inst/_005_,27.49µm
spi_regs_inst/_0242_,27.49µm
wave_controller_x_inst/_0338_,27.49µm
wave_controller_x_inst/_1536_,27.49µm
wave_controller_y_inst/_0197_,27.49µm
wave_controller_y_inst/_0505_,27.49µm
wave_controller_y_inst/_1146_,27.49µm
wave_controller_y_inst/_1361_,27.49µm
wave_controller_y_inst/_1517_,27.49µm
wave_controller_y_inst/_1684_,27.49µm
wave_controller_y_inst/net472,27.49µm
wave_controller_x_inst/net1316,27.49µm
wave_controller_x_inst/net1322,27.49µm
wave_controller_x_inst/_0128_,27.44µm
wave_controller_x_inst/_0174_,27.44µm
wave_controller_x_inst/_0565_,27.44µm
wave_controller_y_inst/_0980_,27.44µm
wave_controller_y_inst/_1028_,27.44µm
wave_controller_y_inst/_1076_,27.44µm
wave_controller_y_inst/_1288_,27.44µm
wave_controller_y_inst/_1363_,27.44µm
wave_controller_y_inst/_1471_,27.44µm
wave_controller_y_inst/net1385,27.44µm
wave_controller_x_inst/net869,27.13µm
wave_controller_x_inst/_0197_,27.03µm
wave_controller_x_inst/_0684_,27.03µm
wave_controller_y_inst/_0463_,27.03µm
spi_regs_inst/net1050,27.03µm
net1574,27.005µm
net1587,27.005µm
spi_regs_inst/tx_shift\[3\],26.98µm
wave_controller_x_inst/_0136_,26.98µm
wave_controller_x_inst/_0354_,26.98µm
wave_controller_x_inst/_0778_,26.98µm
wave_controller_x_inst/_1360_,26.98µm
wave_controller_x_inst/_1381_,26.98µm
wave_controller_x_inst/_1483_,26.98µm
wave_controller_x_inst/_1698_,26.98µm
wave_controller_x_inst/_1704_,26.98µm
wave_controller_y_inst/_0178_,26.98µm
wave_controller_y_inst/_0321_,26.98µm
wave_controller_y_inst/_0778_,26.98µm
wave_controller_y_inst/_1238_,26.98µm
wave_controller_y_inst/_1386_,26.98µm
spi_regs_inst/_0284_,26.93µm
wave_controller_x_inst/_0200_,26.93µm
wave_controller_x_inst/_0341_,26.93µm
wave_controller_x_inst/_0401_,26.93µm
wave_controller_x_inst/_0489_,26.93µm
wave_controller_x_inst/_0506_,26.93µm
wave_controller_x_inst/_0625_,26.93µm
wave_controller_x_inst/_1103_,26.93µm
wave_controller_x_inst/_1184_,26.93µm
wave_controller_x_inst/_1303_,26.93µm
wave_controller_x_inst/_1628_,26.93µm
wave_controller_x_inst/_1684_,26.93µm
wave_controller_y_inst/_0324_,26.93µm
wave_controller_y_inst/_0499_,26.93µm
wave_controller_y_inst/_0632_,26.93µm
wave_controller_y_inst/_0634_,26.93µm
wave_controller_y_inst/_0669_,26.93µm
wave_controller_y_inst/_0819_,26.93µm
wave_controller_y_inst/_1353_,26.93µm
wave_controller_y_inst/_1543_,26.93µm
wave_controller_y_inst/_1575_,26.93µm
wave_controller_y_inst/phase_acc\[19\],26.93µm
raw_edge3_x\[16\],26.88µm
signal_processor_x_inst/_104_,26.88µm
spi_regs_inst/_0279_,26.88µm
spi_regs_inst/_0339_,26.88µm
spi_regs_inst/_0456_,26.88µm
wave_controller_x_inst/_0409_,26.88µm
wave_controller_x_inst/_0517_,26.88µm
wave_controller_x_inst/_0581_,26.88µm
wave_controller_x_inst/_0591_,26.88µm
wave_controller_x_inst/_0995_,26.88µm
wave_controller_x_inst/_1340_,26.88µm
wave_controller_x_inst/_1486_,26.88µm
wave_controller_x_inst/wave_cycle_cnt\[5\],26.88µm
wave_controller_y_inst/_0580_,26.88µm
wave_controller_y_inst/_0800_,26.88µm
wave_controller_y_inst/_1541_,26.88µm
wave_controller_y_inst/_0424_,26.47µm
wave_controller_x_inst/net506,26.47µm
net1561,26.445µm
net1564,26.445µm
net1571,26.445µm
wave_controller_x_inst/_0337_,26.42µm
wave_controller_x_inst/_0813_,26.42µm
wave_controller_x_inst/_0864_,26.42µm
wave_controller_x_inst/_0938_,26.42µm
wave_controller_x_inst/_1307_,26.42µm
wave_controller_y_inst/_1050_,26.42µm
wave_controller_y_inst/_1751_,26.42µm
wave_controller_x_inst/net1323,26.42µm
cal_phase90_offset_x\[18\],26.37µm
signal_processor_y_inst/_050_,26.37µm
spi_regs_inst/_0128_,26.37µm
spi_regs_inst/_0653_,26.37µm
wave_controller_x_inst/_0312_,26.37µm
wave_controller_x_inst/_0360_,26.37µm
wave_controller_x_inst/_0526_,26.37µm
wave_controller_x_inst/_0885_,26.37µm
wave_controller_x_inst/_1118_,26.37µm
wave_controller_x_inst/_1342_,26.37µm
wave_controller_x_inst/_1567_,26.37µm
wave_controller_x_inst/_1743_,26.37µm
wave_controller_y_inst/_0341_,26.37µm
wave_controller_y_inst/_0497_,26.37µm
wave_controller_y_inst/_0519_,26.37µm
wave_controller_y_inst/_0619_,26.37µm
wave_controller_y_inst/_1282_,26.37µm
wave_controller_y_inst/_1459_,26.37µm
wave_controller_y_inst/_1659_,26.37µm
net1411,26.37µm
signal_processor_y_inst/_104_,26.32µm
spi_regs_inst/_0073_,26.32µm
spi_regs_inst/_0665_,26.32µm
wave_controller_x_inst/_0241_,26.32µm
wave_controller_x_inst/_0344_,26.32µm
wave_controller_x_inst/_0985_,26.32µm
wave_controller_x_inst/_1411_,26.32µm
wave_controller_x_inst/_1477_,26.32µm
wave_controller_y_inst/_0461_,26.32µm
wave_controller_y_inst/_1236_,25.96µm
signal_processor_y_inst/_101_,25.91µm
wave_controller_y_inst/_1307_,25.91µm
wave_controller_y_inst/_1688_,25.91µm
wave_controller_y_inst/_1698_,25.91µm
wave_controller_y_inst/net1148,25.91µm
net1565,25.885µm
net1584,25.885µm
net9,25.86µm
signal_processor_x_inst/_055_,25.86µm
spi_regs_inst/_0625_,25.86µm
wave_controller_x_inst/_0218_,25.86µm
wave_controller_x_inst/_0583_,25.86µm
wave_controller_x_inst/_0674_,25.86µm
wave_controller_x_inst/_1089_,25.86µm
wave_controller_y_inst/_0166_,25.86µm
wave_controller_y_inst/_0181_,25.86µm
wave_controller_y_inst/_0389_,25.86µm
wave_controller_y_inst/_0697_,25.86µm
wave_controller_y_inst/ds_acc\[0\],25.86µm
wave_controller_x_inst/net1265,25.86µm
net1535,25.86µm
bidir_oe[3],25.855µm
wave_controller_x_inst/_0055_,25.81µm
wave_controller_x_inst/_0558_,25.81µm
wave_controller_x_inst/_0632_,25.81µm
wave_controller_x_inst/_0820_,25.81µm
wave_controller_x_inst/_0859_,25.81µm
wave_controller_x_inst/_1238_,25.81µm
wave_controller_y_inst/_0804_,25.81µm
wave_controller_y_inst/_0881_,25.81µm
wave_controller_y_inst/net645,25.81µm
wave_controller_x_inst/net895,25.81µm
_03_,25.76µm
spi_regs_inst/_0068_,25.76µm
spi_regs_inst/_0479_,25.76µm
wave_controller_x_inst/_0151_,25.76µm
wave_controller_x_inst/_0258_,25.76µm
wave_controller_x_inst/_0797_,25.76µm
wave_controller_x_inst/_1018_,25.76µm
wave_controller_x_inst/_1393_,25.76µm
wave_controller_y_inst/_0210_,25.76µm
wave_controller_y_inst/_0501_,25.76µm
wave_controller_y_inst/_0579_,25.76µm
wave_controller_y_inst/_0756_,25.76µm
wave_controller_y_inst/_1538_,25.76µm
wave_controller_y_inst/_1729_,25.76µm
wave_controller_y_inst/ds_acc\[3\],25.76µm
wave_controller_y_inst/net159,25.76µm
wave_controller_y_inst/net169,25.76µm
wave_controller_x_inst/net894,25.76µm
wave_controller_x_inst/_0976_,25.35µm
wave_controller_x_inst/_1676_,25.35µm
net1588,25.325µm
bidir_out[1],25.325µm
wave_controller_x_inst/_0642_,25.3µm
wave_controller_x_inst/_0728_,25.3µm
wave_controller_x_inst/_0779_,25.3µm
wave_controller_x_inst/_1206_,25.3µm
wave_controller_x_inst/_1560_,25.3µm
wave_controller_x_inst/_1672_,25.3µm
wave_controller_y_inst/_0803_,25.3µm
wave_controller_y_inst/_0963_,25.3µm
wave_controller_x_inst/net882,25.3µm
spi_regs_inst/net1479,25.3µm
cfg_f_MEMS_fcw_x\[2\],25.25µm
spi_regs_inst/_0002_,25.25µm
wave_controller_x_inst/_0359_,25.25µm
wave_controller_x_inst/_0397_,25.25µm
wave_controller_x_inst/_0532_,25.25µm
wave_controller_x_inst/_1324_,25.25µm
wave_controller_x_inst/_1590_,25.25µm
wave_controller_x_inst/_1655_,25.25µm
wave_controller_y_inst/_0326_,25.25µm
wave_controller_y_inst/_0685_,25.25µm
wave_controller_y_inst/_0699_,25.25µm
wave_controller_y_inst/_0744_,25.25µm
wave_controller_y_inst/_0837_,25.25µm
wave_controller_y_inst/_1368_,25.25µm
wave_controller_y_inst/_1601_,25.25µm
wave_controller_y_inst/_1625_,25.25µm
spi_regs_inst/net575,25.25µm
wave_controller_x_inst/net935,25.25µm
net1363,25.25µm
latch_phase270_ack_y,25.2µm
spi_regs_inst/_0116_,25.2µm
wave_controller_x_inst/_0580_,25.2µm
wave_controller_x_inst/_0815_,25.2µm
wave_controller_x_inst/_1015_,25.2µm
wave_controller_x_inst/_1473_,25.2µm
wave_controller_y_inst/_0151_,25.2µm
wave_controller_y_inst/_0452_,25.2µm
wave_controller_y_inst/_0468_,25.2µm
wave_controller_y_inst/_0693_,25.2µm
wave_controller_y_inst/_0783_,25.2µm
wave_controller_y_inst/_0855_,25.2µm
wave_controller_y_inst/_1596_,25.2µm
wave_controller_y_inst/net192,25.2µm
wave_controller_x_inst/_0216_,24.84µm
wave_controller_y_inst/_0941_,24.79µm
wave_controller_y_inst/wave_cycle_cnt\[6\],24.79µm
net1560,24.765µm
net1590,24.765µm
wave_controller_x_inst/_0538_,24.74µm
wave_controller_y_inst/_0409_,24.74µm
wave_controller_y_inst/_0938_,24.74µm
wave_controller_y_inst/comp_sync4,24.74µm
bidir_out[3],24.735µm
spi_regs_inst/_0145_,24.69µm
spi_regs_inst/_0248_,24.69µm
spi_regs_inst/_0409_,24.69µm
spi_regs_inst/_0468_,24.69µm
wave_controller_x_inst/_0138_,24.69µm
wave_controller_x_inst/_0162_,24.69µm
wave_controller_x_inst/_0225_,24.69µm
wave_controller_x_inst/_0574_,24.69µm
wave_controller_x_inst/_0656_,24.69µm
wave_controller_x_inst/_0705_,24.69µm
wave_controller_x_inst/_1542_,24.69µm
wave_controller_y_inst/_1579_,24.69µm
wave_controller_y_inst/_1630_,24.69µm
signal_processor_y_inst/_048_,24.64µm
spi_regs_inst/_0420_,24.64µm
spi_regs_inst/_0595_,24.64µm
wave_controller_x_inst/_0164_,24.64µm
wave_controller_x_inst/_0276_,24.64µm
wave_controller_x_inst/_0347_,24.64µm
wave_controller_x_inst/_0424_,24.64µm
wave_controller_x_inst/_0678_,24.64µm
wave_controller_x_inst/_0776_,24.64µm
wave_controller_x_inst/_0833_,24.64µm
wave_controller_x_inst/_0906_,24.64µm
wave_controller_x_inst/_1389_,24.64µm
wave_controller_x_inst/_1395_,24.64µm
wave_controller_y_inst/_0152_,24.64µm
wave_controller_y_inst/_0224_,24.64µm
wave_controller_y_inst/_0329_,24.64µm
wave_controller_y_inst/_0694_,24.64µm
wave_controller_y_inst/_0927_,24.64µm
wave_controller_y_inst/_1584_,24.64µm
wave_controller_y_inst/_1696_,24.64µm
wave_controller_y_inst/wave_cycle_cnt\[7\],24.64µm
wave_controller_x_inst/_1290_,24.23µm
wave_controller_x_inst/_1356_,24.23µm
net1575,24.205µm
input_in,24.205µm
wave_controller_x_inst/_0248_,24.18µm
wave_controller_y_inst/_1290_,24.18µm
wave_controller_y_inst/_1468_,24.18µm
wave_controller_y_inst/_1594_,24.18µm
net8,24.13µm
move_en_y,24.13µm
signal_processor_x_inst/_057_,24.13µm
spi_regs_inst/_0321_,24.13µm
wave_controller_x_inst/_0269_,24.13µm
wave_controller_x_inst/_0464_,24.13µm
wave_controller_x_inst/_0685_,24.13µm
wave_controller_x_inst/_1108_,24.13µm
wave_controller_x_inst/_1596_,24.13µm
wave_controller_x_inst/wave_cycle_cnt\[7\],24.13µm
wave_controller_y_inst/_0676_,24.13µm
wave_controller_y_inst/_1329_,24.13µm
wave_controller_y_inst/_1712_,24.13µm
spi_regs_inst/net1537,24.13µm
spi_regs_inst/_0599_,24.08µm
wave_controller_x_inst/_0528_,24.08µm
wave_controller_x_inst/_0670_,24.08µm
wave_controller_x_inst/_0749_,24.08µm
wave_controller_x_inst/_0798_,24.08µm
wave_controller_x_inst/_0843_,24.08µm
wave_controller_x_inst/_0992_,24.08µm
wave_controller_x_inst/_1355_,24.08µm
wave_controller_x_inst/_1492_,24.08µm
wave_controller_x_inst/_1510_,24.08µm
wave_controller_x_inst/_1534_,24.08µm
wave_controller_x_inst/_1565_,24.08µm
wave_controller_y_inst/_0592_,24.08µm
wave_controller_x_inst/net98,24.08µm
wave_controller_y_inst/net151,24.08µm
wave_controller_y_inst/net276,23.8µm
net1591,23.795µm
wave_controller_y_inst/_0223_,23.67µm
net1579,23.645µm
net1614,23.645µm
net1582,23.645µm
net1595,23.645µm
signal_processor_x_inst/_050_,23.62µm
signal_processor_x_inst/s90_valid,23.62µm
signal_processor_y_inst/_055_,23.62µm
wave_controller_x_inst/_0679_,23.62µm
wave_controller_x_inst/_1624_,23.62µm
wave_controller_x_inst/cal_burst_armed,23.62µm
spi_regs_inst/net1059,23.62µm
spi_regs_inst/net1364,23.62µm
cfg_f_MEMS_fcw_x\[12\],23.57µm
spi_regs_inst/_0141_,23.57µm
spi_regs_inst/_0276_,23.57µm
spi_regs_inst/tx_shift\[4\],23.57µm
wave_controller_x_inst/_0460_,23.57µm
wave_controller_x_inst/_0481_,23.57µm
wave_controller_x_inst/_0658_,23.57µm
wave_controller_x_inst/_0667_,23.57µm
wave_controller_x_inst/_0744_,23.57µm
wave_controller_x_inst/_1154_,23.57µm
wave_controller_x_inst/_1575_,23.57µm
wave_controller_x_inst/_1695_,23.57µm
wave_controller_y_inst/_0099_,23.57µm
wave_controller_y_inst/_0398_,23.57µm
wave_controller_y_inst/_0542_,23.57µm
wave_controller_y_inst/_0591_,23.57µm
wave_controller_y_inst/_0936_,23.57µm
wave_controller_y_inst/_0985_,23.57µm
wave_controller_y_inst/_1479_,23.57µm
wave_controller_y_inst/net71,23.57µm
wave_controller_x_inst/net148,23.57µm
wave_controller_y_inst/net165,23.57µm
net1525,23.57µm
spi_regs_inst/_0533_,23.52µm
spi_regs_inst/_0641_,23.52µm
state_machine_inst/_03_,23.52µm
wave_controller_x_inst/_0004_,23.52µm
wave_controller_x_inst/_0395_,23.52µm
wave_controller_x_inst/_0699_,23.52µm
wave_controller_x_inst/_1069_,23.52µm
wave_controller_x_inst/_1640_,23.52µm
wave_controller_x_inst/_1690_,23.52µm
wave_controller_y_inst/_0272_,23.52µm
wave_controller_y_inst/_0410_,23.52µm
wave_controller_y_inst/_0852_,23.52µm
wave_controller_y_inst/_1229_,23.52µm
wave_controller_y_inst/_1324_,23.52µm
wave_controller_y_inst/_1418_,23.52µm
wave_controller_y_inst/_1491_,23.52µm
wave_controller_y_inst/_1665_,23.52µm
wave_controller_y_inst/_1725_,23.52µm
spi_regs_inst/net536,23.52µm
wave_controller_x_inst/net658,23.52µm
signal_processor_y_inst/net1355,23.52µm
wave_controller_x_inst/net1432,23.52µm
wave_controller_x_inst/_0374_,23.16µm
wave_controller_y_inst/_1656_,23.16µm
net1556,23.135µm
net1581,23.135µm
wave_controller_x_inst/_0587_,23.11µm
wave_controller_x_inst/_1579_,23.11µm
wave_controller_y_inst/_0821_,23.11µm
wave_controller_y_inst/_1521_,23.11µm
wave_controller_x_inst/net919,23.11µm
net1604,23.085µm
net1611,23.085µm
net1593,23.085µm
net1601,23.085µm
bidir_out[0],23.085µm
signal_processor_y_inst/s270_pipe\[3\],23.06µm
wave_controller_x_inst/_0389_,23.06µm
wave_controller_x_inst/_0681_,23.06µm
wave_controller_x_inst/_0837_,23.06µm
wave_controller_x_inst/_0956_,23.06µm
wave_controller_x_inst/_1373_,23.06µm
wave_controller_x_inst/_1657_,23.06µm
wave_controller_y_inst/_0373_,23.06µm
wave_controller_y_inst/_0779_,23.06µm
wave_controller_y_inst/_1259_,23.06µm
wave_controller_y_inst/_1477_,23.06µm
spi_regs_inst/_0110_,23.01µm
spi_regs_inst/_0175_,23.01µm
wave_controller_x_inst/_0629_,23.01µm
wave_controller_x_inst/_0786_,23.01µm
wave_controller_x_inst/_0887_,23.01µm
wave_controller_x_inst/_0998_,23.01µm
wave_controller_x_inst/_1423_,23.01µm
wave_controller_x_inst/_1444_,23.01µm
wave_controller_x_inst/_1617_,23.01µm
wave_controller_x_inst/_1662_,23.01µm
wave_controller_y_inst/_0393_,23.01µm
wave_controller_y_inst/_0538_,23.01µm
wave_controller_y_inst/_0665_,23.01µm
wave_controller_y_inst/_0723_,23.01µm
wave_controller_y_inst/_0788_,23.01µm
wave_controller_y_inst/_1156_,23.01µm
wave_controller_y_inst/_1358_,23.01µm
wave_controller_y_inst/net634,23.01µm
net1359,23.01µm
spi_regs_inst/_0045_,22.96µm
spi_regs_inst/_0049_,22.96µm
spi_regs_inst/_0186_,22.96µm
wave_controller_x_inst/_0497_,22.96µm
wave_controller_x_inst/_0855_,22.96µm
wave_controller_x_inst/_1407_,22.96µm
wave_controller_x_inst/_1428_,22.96µm
wave_controller_x_inst/_1739_,22.96µm
wave_controller_y_inst/_0269_,22.96µm
wave_controller_y_inst/_0508_,22.96µm
wave_controller_y_inst/_0715_,22.96µm
wave_controller_y_inst/_0856_,22.96µm
wave_controller_x_inst/_0214_,22.55µm
spi_regs_inst/_0714_,22.5µm
wave_controller_x_inst/_0223_,22.5µm
wave_controller_x_inst/_0790_,22.5µm
wave_controller_x_inst/_1187_,22.5µm
wave_controller_x_inst/_1691_,22.5µm
wave_controller_x_inst/_1734_,22.5µm
wave_controller_y_inst/_1461_,22.5µm
wave_controller_y_inst/_1660_,22.5µm
net1308,22.5µm
wave_controller_x_inst/net1311,22.5µm
signal_processor_x_inst/_047_,22.45µm
signal_processor_y_inst/s90_valid,22.45µm
spi_regs_inst/_0178_,22.45µm
spi_regs_inst/_0656_,22.45µm
wave_controller_x_inst/_0231_,22.45µm
wave_controller_x_inst/_0760_,22.45µm
wave_controller_x_inst/_0993_,22.45µm
wave_controller_x_inst/_1204_,22.45µm
wave_controller_x_inst/_1370_,22.45µm
wave_controller_y_inst/_0165_,22.45µm
wave_controller_y_inst/_0245_,22.45µm
wave_controller_y_inst/_0469_,22.45µm
wave_controller_y_inst/_0586_,22.45µm
wave_controller_y_inst/_0777_,22.45µm
wave_controller_y_inst/_1081_,22.45µm
wave_controller_y_inst/_1563_,22.45µm
wave_controller_y_inst/_1597_,22.45µm
wave_controller_y_inst/_1599_,22.45µm
wave_controller_y_inst/_1671_,22.45µm
wave_controller_y_inst/_1691_,22.45µm
wave_controller_y_inst/net143,22.45µm
wave_controller_y_inst/net765,22.45µm
spi_regs_inst/_0416_,22.4µm
wave_controller_x_inst/_0851_,22.4µm
wave_controller_x_inst/_0988_,22.4µm
wave_controller_x_inst/_0991_,22.4µm
wave_controller_x_inst/_1595_,22.4µm
wave_controller_y_inst/_0096_,22.4µm
wave_controller_y_inst/_0349_,22.4µm
wave_controller_y_inst/_0385_,22.4µm
wave_controller_y_inst/_0827_,22.4µm
wave_controller_y_inst/_1341_,22.4µm
wave_controller_y_inst/_1411_,22.4µm
wave_controller_y_inst/_1616_,22.4µm
signal_processor_y_inst/cnt_out\[0\],22.04µm
wave_controller_x_inst/_0166_,22.04µm
net1566,22.015µm
wave_controller_x_inst/_1618_,21.99µm
net1567,21.965µm
signal_processor_x_inst/_060_,21.94µm
signal_processor_x_inst/cnt_out\[2\],21.94µm
signal_processor_y_inst/_073_,21.94µm
wave_controller_y_inst/_0192_,21.94µm
wave_controller_y_inst/_0255_,21.94µm
wave_controller_y_inst/_0436_,21.94µm
wave_controller_y_inst/_1444_,21.94µm
wave_controller_x_inst/net118,21.94µm
spi_miso,21.89µm
signal_processor_y_inst/_060_,21.89µm
wave_controller_x_inst/_0147_,21.89µm
wave_controller_x_inst/_0212_,21.89µm
wave_controller_x_inst/_0404_,21.89µm
wave_controller_x_inst/_0495_,21.89µm
wave_controller_x_inst/_0729_,21.89µm
wave_controller_x_inst/_1049_,21.89µm
wave_controller_x_inst/_1088_,21.89µm
wave_controller_x_inst/_1597_,21.89µm
wave_controller_x_inst/_1627_,21.89µm
wave_controller_y_inst/_0343_,21.89µm
wave_controller_y_inst/_0345_,21.89µm
wave_controller_y_inst/_0477_,21.89µm
wave_controller_y_inst/_0711_,21.89µm
wave_controller_y_inst/_0749_,21.89µm
wave_controller_y_inst/_1105_,21.89µm
wave_controller_y_inst/_1370_,21.89µm
wave_controller_y_inst/_1519_,21.89µm
wave_controller_y_inst/_1700_,21.89µm
net1327,21.89µm
signal_processor_y_inst/_087_,21.84µm
spi_regs_inst/_0253_,21.84µm
wave_controller_x_inst/_0008_,21.84µm
wave_controller_x_inst/_0540_,21.84µm
wave_controller_x_inst/_0696_,21.84µm
wave_controller_x_inst/_1377_,21.84µm
wave_controller_x_inst/_1538_,21.84µm
wave_controller_x_inst/_1692_,21.84µm
wave_controller_y_inst/_0031_,21.84µm
wave_controller_y_inst/_0369_,21.84µm
wave_controller_y_inst/_0491_,21.84µm
wave_controller_y_inst/_0575_,21.84µm
wave_controller_y_inst/_0658_,21.84µm
wave_controller_y_inst/_1179_,21.84µm
wave_controller_y_inst/_1196_,21.84µm
wave_controller_y_inst/_1570_,21.84µm
wave_controller_y_inst/_1741_,21.84µm
spi_regs_inst/net563,21.84µm
state_machine_inst/_07_,21.43µm
wave_controller_x_inst/_0386_,21.43µm
wave_controller_x_inst/_1330_,21.43µm
wave_controller_y_inst/_0365_,21.43µm
wave_controller_y_inst/_0727_,21.43µm
signal_processor_x_inst/_066_,21.38µm
wave_controller_x_inst/_0924_,21.38µm
wave_controller_x_inst/_1192_,21.38µm
wave_controller_y_inst/_0214_,21.38µm
wave_controller_y_inst/_0348_,21.38µm
wave_controller_y_inst/_0924_,21.38µm
cal_phase0_offset_x\[7\],21.33µm
cfg_f_MEMS_fcw_x\[11\],21.33µm
raw_edge3_y\[1\],21.33µm
signal_processor_y_inst/_062_,21.33µm
signal_processor_y_inst/cnt_in\[3\],21.33µm
spi_regs_inst/_0039_,21.33µm
spi_regs_inst/_0183_,21.33µm
spi_regs_inst/_0441_,21.33µm
spi_regs_inst/_0634_,21.33µm
wave_controller_x_inst/_0285_,21.33µm
wave_controller_x_inst/_0557_,21.33µm
wave_controller_x_inst/_0644_,21.33µm
wave_controller_x_inst/_0701_,21.33µm
wave_controller_x_inst/_1105_,21.33µm
wave_controller_x_inst/_1164_,21.33µm
wave_controller_x_inst/_1259_,21.33µm
wave_controller_x_inst/_1363_,21.33µm
wave_controller_x_inst/_1619_,21.33µm
wave_controller_y_inst/_0183_,21.33µm
wave_controller_y_inst/_0330_,21.33µm
wave_controller_y_inst/_0335_,21.33µm
wave_controller_y_inst/_0442_,21.33µm
wave_controller_y_inst/_0667_,21.33µm
wave_controller_y_inst/_0849_,21.33µm
wave_controller_y_inst/_1025_,21.33µm
wave_controller_y_inst/_1375_,21.33µm
wave_controller_y_inst/_1412_,21.33µm
wave_controller_y_inst/_1560_,21.33µm
wave_controller_y_inst/_1632_,21.33µm
wave_controller_y_inst/_1661_,21.33µm
wave_controller_y_inst/ds_acc\[7\],21.33µm
wave_controller_y_inst/net1178,21.33µm
cal_phase0_offset_x\[3\],21.28µm
signal_processor_x_inst/_087_,21.28µm
spi_regs_inst/_0109_,21.28µm
spi_regs_inst/_0486_,21.28µm
wave_controller_x_inst/_0671_,21.28µm
wave_controller_x_inst/_0698_,21.28µm
wave_controller_x_inst/_1055_,21.28µm
wave_controller_x_inst/_1544_,21.28µm
wave_controller_x_inst/_1701_,21.28µm
wave_controller_x_inst/ds_acc\[1\],21.28µm
wave_controller_y_inst/_0054_,21.28µm
wave_controller_y_inst/_0626_,21.28µm
wave_controller_y_inst/_0767_,21.28µm
wave_controller_y_inst/_0983_,21.28µm
wave_controller_y_inst/_1138_,21.28µm
wave_controller_y_inst/_1155_,21.28µm
wave_controller_y_inst/_1157_,21.28µm
wave_controller_y_inst/_1340_,21.28µm
wave_controller_y_inst/_1345_,21.28µm
wave_controller_x_inst/net870,21.28µm
wave_controller_x_inst/_0694_,21.1µm
net1570,20.895µm
net1580,20.895µm
wave_controller_x_inst/_0862_,20.87µm
wave_controller_x_inst/_1660_,20.87µm
wave_controller_y_inst/_0544_,20.87µm
net1602,20.845µm
net1603,20.845µm
net1605,20.845µm
net1608,20.845µm
bidir_in[1],20.845µm
spi_regs_inst/_0444_,20.82µm
wave_controller_x_inst/_0129_,20.82µm
wave_controller_x_inst/_0556_,20.82µm
wave_controller_x_inst/_0838_,20.82µm
wave_controller_x_inst/_0912_,20.82µm
wave_controller_x_inst/_0931_,20.82µm
wave_controller_x_inst/_1500_,20.82µm
wave_controller_y_inst/_0142_,20.82µm
wave_controller_y_inst/_0160_,20.82µm
wave_controller_y_inst/_0308_,20.82µm
wave_controller_y_inst/_0355_,20.82µm
wave_controller_y_inst/_0846_,20.82µm
spi_regs_inst/net597,20.82µm
raw_edge3_y\[0\],20.77µm
signal_processor_x_inst/_084_,20.77µm
spi_regs_inst/_0286_,20.77µm
spi_regs_inst/_0561_,20.77µm
spi_regs_inst/reg_wr_data\[1\],20.77µm
wave_controller_x_inst/_0199_,20.77µm
wave_controller_x_inst/_0294_,20.77µm
wave_controller_x_inst/_0372_,20.77µm
wave_controller_x_inst/_0626_,20.77µm
wave_controller_x_inst/_0648_,20.77µm
wave_controller_x_inst/_0771_,20.77µm
wave_controller_x_inst/_0927_,20.77µm
wave_controller_x_inst/_1050_,20.77µm
wave_controller_x_inst/_1059_,20.77µm
wave_controller_x_inst/_1412_,20.77µm
wave_controller_x_inst/_1594_,20.77µm
wave_controller_x_inst/_1636_,20.77µm
wave_controller_x_inst/_1650_,20.77µm
wave_controller_x_inst/_1683_,20.77µm
wave_controller_y_inst/_0184_,20.77µm
wave_controller_y_inst/_0380_,20.77µm
wave_controller_y_inst/_0437_,20.77µm
wave_controller_y_inst/_0554_,20.77µm
wave_controller_y_inst/_0875_,20.77µm
wave_controller_y_inst/_0916_,20.77µm
wave_controller_y_inst/_1161_,20.77µm
wave_controller_y_inst/_1555_,20.77µm
wave_controller_y_inst/_1693_,20.77µm
wave_controller_x_inst/net652,20.77µm
wave_controller_x_inst/net661,20.77µm
signal_processor_y_inst/_040_,20.72µm
spi_regs_inst/_0070_,20.72µm
spi_regs_inst/_0606_,20.72µm
spi_regs_inst/_0652_,20.72µm
wave_controller_x_inst/_0125_,20.72µm
wave_controller_x_inst/_0317_,20.72µm
wave_controller_x_inst/_0390_,20.72µm
wave_controller_x_inst/_0554_,20.72µm
wave_controller_x_inst/_0800_,20.72µm
wave_controller_x_inst/_1039_,20.72µm
wave_controller_x_inst/_1140_,20.72µm
wave_controller_x_inst/_1144_,20.72µm
wave_controller_x_inst/_1349_,20.72µm
wave_controller_x_inst/_1418_,20.72µm
wave_controller_x_inst/_1438_,20.72µm
wave_controller_y_inst/_0206_,20.72µm
wave_controller_y_inst/_0216_,20.72µm
wave_controller_y_inst/_0773_,20.72µm
wave_controller_y_inst/_0977_,20.72µm
wave_controller_y_inst/_1413_,20.72µm
wave_controller_y_inst/_1689_,20.72µm
wave_controller_x_inst/_0268_,20.31µm
wave_controller_x_inst/_0665_,20.31µm
wave_controller_x_inst/_1630_,20.31µm
wave_controller_y_inst/_1677_,20.31µm
net1282,20.31µm
net1607,20.285µm
net1563,20.285µm
net1610,20.285µm
net1594,20.285µm
wave_controller_y_inst/_0288_,20.26µm
wave_controller_y_inst/_0426_,20.26µm
wave_controller_y_inst/_0797_,20.26µm
wave_controller_y_inst/_1303_,20.26µm
wave_controller_y_inst/_1426_,20.26µm
wave_controller_y_inst/_1628_,20.26µm
wave_controller_y_inst/_1655_,20.26µm
latch_phase90_y,20.21µm
signal_processor_x_inst/_075_,20.21µm
spi_regs_inst/_0050_,20.21µm
spi_regs_inst/_0118_,20.21µm
spi_regs_inst/_0243_,20.21µm
spi_regs_inst/_0371_,20.21µm
spi_regs_inst/_0628_,20.21µm
spi_regs_inst/_0637_,20.21µm
wave_controller_x_inst/_0159_,20.21µm
wave_controller_x_inst/_0221_,20.21µm
wave_controller_x_inst/_0332_,20.21µm
wave_controller_x_inst/_0792_,20.21µm
wave_controller_x_inst/_0806_,20.21µm
wave_controller_x_inst/_1235_,20.21µm
wave_controller_y_inst/_0492_,20.21µm
wave_controller_y_inst/_0736_,20.21µm
wave_controller_y_inst/_0883_,20.21µm
wave_controller_y_inst/_0976_,20.21µm
wave_controller_y_inst/_1158_,20.21µm
wave_controller_y_inst/_1163_,20.21µm
wave_controller_y_inst/_1455_,20.21µm
wave_controller_y_inst/_1501_,20.21µm
wave_controller_y_inst/_1559_,20.21µm
wave_controller_y_inst/_1727_,20.21µm
wave_controller_y_inst/net46,20.21µm
wave_controller_y_inst/net620,20.21µm
spi_regs_inst/_0460_,20.16µm
wave_controller_x_inst/_0037_,20.16µm
wave_controller_x_inst/_0326_,20.16µm
wave_controller_x_inst/_0605_,20.16µm
wave_controller_x_inst/_0662_,20.16µm
wave_controller_x_inst/_0721_,20.16µm
wave_controller_x_inst/_0834_,20.16µm
wave_controller_x_inst/_0860_,20.16µm
wave_controller_x_inst/_1311_,20.16µm
wave_controller_y_inst/_0644_,20.16µm
wave_controller_y_inst/_0663_,20.16µm
wave_controller_y_inst/_0890_,20.16µm
wave_controller_y_inst/_1162_,20.16µm
wave_controller_y_inst/_1331_,20.16µm
wave_controller_y_inst/_1344_,20.16µm
wave_controller_y_inst/_1462_,20.16µm
wave_controller_y_inst/_1483_,20.16µm
wave_controller_y_inst/_1582_,20.16µm
wave_controller_y_inst/net62,20.16µm
wave_controller_x_inst/_0470_,19.8µm
wave_controller_y_inst/_0386_,19.8µm
wave_controller_y_inst/_1077_,19.8µm
net1576,19.775µm
wave_controller_x_inst/_1446_,19.75µm
net1568,19.725µm
net1609,19.725µm
net1578,19.725µm
net1596,19.725µm
signal_processor_x_inst/cnt_in\[2\],19.7µm
wave_controller_x_inst/_0204_,19.7µm
wave_controller_x_inst/_0319_,19.7µm
wave_controller_x_inst/_0785_,19.7µm
wave_controller_x_inst/_1334_,19.7µm
wave_controller_y_inst/_0138_,19.7µm
wave_controller_y_inst/_0679_,19.7µm
wave_controller_y_inst/_0867_,19.7µm
wave_controller_y_inst/_0990_,19.7µm
wave_controller_y_inst/_1593_,19.7µm
wave_controller_y_inst/cal_burst_active,19.7µm
signal_processor_y_inst/_084_,19.65µm
spi_regs_inst/_0114_,19.65µm
spi_regs_inst/_0340_,19.65µm
spi_regs_inst/_0428_,19.65µm
wave_controller_x_inst/_0165_,19.65µm
wave_controller_x_inst/_0189_,19.65µm
wave_controller_x_inst/_0405_,19.65µm
wave_controller_x_inst/_0845_,19.65µm
wave_controller_x_inst/_0936_,19.65µm
wave_controller_x_inst/_1462_,19.65µm
wave_controller_x_inst/_1613_,19.65µm
wave_controller_x_inst/_1623_,19.65µm
wave_controller_x_inst/_1700_,19.65µm
wave_controller_x_inst/comp_sync1,19.65µm
wave_controller_y_inst/_0191_,19.65µm
wave_controller_y_inst/_0195_,19.65µm
wave_controller_y_inst/_0292_,19.65µm
wave_controller_y_inst/_0541_,19.65µm
wave_controller_y_inst/_0659_,19.65µm
wave_controller_y_inst/_0870_,19.65µm
wave_controller_y_inst/_1256_,19.65µm
wave_controller_y_inst/_1506_,19.65µm
wave_controller_y_inst/_1536_,19.65µm
wave_controller_y_inst/_1561_,19.65µm
wave_controller_y_inst/_1613_,19.65µm
wave_controller_y_inst/net42,19.65µm
signal_processor_x_inst/_097_,19.6µm
signal_processor_y_inst/_083_,19.6µm
signal_processor_y_inst/_098_,19.6µm
spi_regs_inst/_0179_,19.6µm
spi_regs_inst/_0258_,19.6µm
spi_regs_inst/rw_n,19.6µm
wave_controller_x_inst/_0379_,19.6µm
wave_controller_x_inst/_1113_,19.6µm
wave_controller_x_inst/_1161_,19.6µm
wave_controller_x_inst/_1736_,19.6µm
wave_controller_x_inst/_1742_,19.6µm
wave_controller_x_inst/phase_acc\[19\],19.6µm
wave_controller_y_inst/_0374_,19.6µm
wave_controller_y_inst/_0884_,19.6µm
wave_controller_y_inst/_0886_,19.6µm
wave_controller_y_inst/_1018_,19.6µm
wave_controller_y_inst/_1576_,19.6µm
wave_controller_y_inst/_0445_,19.24µm
wave_controller_y_inst/_1271_,19.24µm
signal_processor_x_inst/cycle_count\[2\],19.19µm
wave_controller_x_inst/_1729_,19.19µm
wave_controller_y_inst/_1600_,19.19µm
wave_controller_y_inst/cal_burst_count\[0\],19.19µm
net1557,19.165µm
net1569,19.165µm
net1585,19.165µm
net1592,19.165µm
bidir_in[0],19.165µm
bidir_in[2],19.165µm
rst_n,19.165µm
raw_edge1_x\[2\],19.14µm
signal_processor_y_inst/_063_,19.14µm
spi_regs_inst/_0683_,19.14µm
wave_controller_x_inst/_0233_,19.14µm
wave_controller_x_inst/_1517_,19.14µm
wave_controller_x_inst/_1543_,19.14µm
wave_controller_y_inst/_0655_,19.14µm
wave_controller_y_inst/net649,19.14µm
wave_controller_y_inst/net1412,19.14µm
signal_processor_x_inst/_053_,19.09µm
wave_controller_x_inst/_0419_,19.09µm
wave_controller_x_inst/_0440_,19.09µm
wave_controller_x_inst/_0588_,19.09µm
wave_controller_x_inst/_0866_,19.09µm
wave_controller_x_inst/_0977_,19.09µm
wave_controller_x_inst/_0986_,19.09µm
wave_controller_x_inst/_1168_,19.09µm
wave_controller_x_inst/_1585_,19.09µm
wave_controller_x_inst/_1599_,19.09µm
wave_controller_x_inst/_1664_,19.09µm
wave_controller_y_inst/_0126_,19.09µm
wave_controller_y_inst/_0204_,19.09µm
wave_controller_y_inst/_0250_,19.09µm
wave_controller_y_inst/_0263_,19.09µm
wave_controller_y_inst/_0601_,19.09µm
wave_controller_y_inst/_0707_,19.09µm
wave_controller_y_inst/_0794_,19.09µm
wave_controller_y_inst/_0996_,19.09µm
wave_controller_y_inst/_1059_,19.09µm
wave_controller_y_inst/_1102_,19.09µm
wave_controller_y_inst/_1317_,19.09µm
wave_controller_y_inst/_1528_,19.09µm
wave_controller_y_inst/_1748_,19.09µm
spi_regs_inst/net438,19.09µm
net2,19.04µm
signal_processor_y_inst/_006_,19.04µm
state_machine_inst/_08_,19.04µm
wave_controller_x_inst/_0132_,19.04µm
wave_controller_x_inst/_0306_,19.04µm
wave_controller_x_inst/_0832_,19.04µm
wave_controller_x_inst/_0894_,19.04µm
wave_controller_x_inst/_0952_,19.04µm
wave_controller_x_inst/_0962_,19.04µm
wave_controller_x_inst/_1180_,19.04µm
wave_controller_x_inst/_1498_,19.04µm
wave_controller_x_inst/phase_acc\[9\],19.04µm
wave_controller_y_inst/_0375_,19.04µm
wave_controller_y_inst/_1136_,19.04µm
wave_controller_y_inst/_1574_,19.04µm
wave_controller_x_inst/net288,19.04µm
wave_controller_x_inst/net672,19.04µm
wave_controller_x_inst/net1431,19.04µm
signal_processor_y_inst/cnt_in\[2\],18.76µm
wave_controller_y_inst/_0342_,18.68µm
wave_controller_x_inst/_0573_,18.63µm
wave_controller_y_inst/_0226_,18.63µm
wave_controller_y_inst/_0517_,18.63µm
wave_controller_y_inst/_0942_,18.63µm
net1572,18.605µm
wave_controller_x_inst/_0054_,18.58µm
wave_controller_x_inst/_0188_,18.58µm
wave_controller_x_inst/_0207_,18.58µm
wave_controller_x_inst/_0393_,18.58µm
wave_controller_x_inst/_0410_,18.58µm
wave_controller_x_inst/_0848_,18.58µm
wave_controller_x_inst/_1481_,18.58µm
wave_controller_x_inst/_1642_,18.58µm
wave_controller_x_inst/_1653_,18.58µm
wave_controller_x_inst/_1717_,18.58µm
wave_controller_x_inst/_1723_,18.58µm
wave_controller_x_inst/_1732_,18.58µm
wave_controller_y_inst/_0133_,18.58µm
wave_controller_y_inst/_0319_,18.58µm
wave_controller_y_inst/_0782_,18.58µm
wave_controller_y_inst/_1192_,18.58µm
wave_controller_y_inst/_1657_,18.58µm
cal_phase270_offset_x\[18\],18.53µm
latch_phase270_ack_x,18.53µm
signal_processor_x_inst/_027_,18.53µm
signal_processor_x_inst/_064_,18.53µm
spi_regs_inst/_0234_,18.53µm
wave_controller_x_inst/_0178_,18.53µm
wave_controller_x_inst/_0202_,18.53µm
wave_controller_x_inst/_0254_,18.53µm
wave_controller_x_inst/_0278_,18.53µm
wave_controller_x_inst/_0329_,18.53µm
wave_controller_x_inst/_0475_,18.53µm
wave_controller_x_inst/_0482_,18.53µm
wave_controller_x_inst/_0541_,18.53µm
wave_controller_x_inst/_0563_,18.53µm
wave_controller_x_inst/_0872_,18.53µm
wave_controller_x_inst/_1062_,18.53µm
wave_controller_x_inst/_1236_,18.53µm
wave_controller_x_inst/_1576_,18.53µm
wave_controller_x_inst/_1674_,18.53µm
wave_controller_x_inst/ds_acc\[3\],18.53µm
wave_controller_y_inst/_0188_,18.53µm
wave_controller_y_inst/_0235_,18.53µm
wave_controller_y_inst/_0261_,18.53µm
wave_controller_y_inst/_0361_,18.53µm
wave_controller_y_inst/_0728_,18.53µm
wave_controller_y_inst/_1089_,18.53µm
wave_controller_y_inst/_1101_,18.53µm
wave_controller_y_inst/_1486_,18.53µm
wave_controller_y_inst/_1556_,18.53µm
wave_controller_y_inst/_1558_,18.53µm
wave_controller_y_inst/_1687_,18.53µm
wave_controller_y_inst/_1692_,18.53µm
wave_controller_x_inst/net1268,18.53µm
cfg_f_MEMS_fcw_y\[15\],18.48µm
signal_processor_x_inst/_074_,18.48µm
signal_processor_y_inst/_075_,18.48µm
signal_processor_y_inst/_096_,18.48µm
spi_regs_inst/_0112_,18.48µm
spi_regs_inst/_0176_,18.48µm
spi_regs_inst/_0363_,18.48µm
spi_regs_inst/_0457_,18.48µm
wave_controller_x_inst/_0501_,18.48µm
wave_controller_x_inst/_0586_,18.48µm
wave_controller_x_inst/_0697_,18.48µm
wave_controller_x_inst/_0748_,18.48µm
wave_controller_x_inst/_0799_,18.48µm
wave_controller_x_inst/_0878_,18.48µm
wave_controller_x_inst/_1171_,18.48µm
wave_controller_x_inst/_1182_,18.48µm
wave_controller_x_inst/_1194_,18.48µm
wave_controller_x_inst/_1199_,18.48µm
wave_controller_x_inst/_1417_,18.48µm
wave_controller_x_inst/_1589_,18.48µm
wave_controller_x_inst/_1612_,18.48µm
wave_controller_y_inst/_0105_,18.48µm
wave_controller_y_inst/_0189_,18.48µm
wave_controller_y_inst/_0190_,18.48µm
wave_controller_y_inst/_0524_,18.48µm
wave_controller_y_inst/_0862_,18.48µm
wave_controller_y_inst/_0900_,18.48µm
wave_controller_y_inst/_1153_,18.48µm
wave_controller_y_inst/_1280_,18.48µm
wave_controller_y_inst/_1752_,18.48µm
spi_regs_inst/net582,18.48µm
signal_processor_x_inst/net1289,18.48µm
wave_controller_x_inst/_0941_,18.07µm
wave_controller_x_inst/_1271_,18.07µm
wave_controller_x_inst/_1374_,18.07µm
wave_controller_x_inst/_1593_,18.07µm
net1558,18.045µm
net1577,18.045µm
net1583,18.045µm
net1600,18.045µm
spi_regs_inst/_0335_,18.02µm
wave_controller_x_inst/_0235_,18.02µm
wave_controller_x_inst/_0471_,18.02µm
wave_controller_x_inst/_0545_,18.02µm
wave_controller_x_inst/_0657_,18.02µm
wave_controller_x_inst/_1335_,18.02µm
wave_controller_x_inst/ds_acc\[4\],18.02µm
wave_controller_y_inst/_0211_,18.02µm
wave_controller_y_inst/_0354_,18.02µm
wave_controller_y_inst/_0372_,18.02µm
wave_controller_y_inst/_0558_,18.02µm
wave_controller_y_inst/_0843_,18.02µm
wave_controller_y_inst/_1495_,18.02µm
wave_controller_y_inst/_1718_,18.02µm
wave_controller_y_inst/net610,18.02µm
signal_processor_x_inst/_010_,17.97µm
signal_processor_y_inst/_052_,17.97µm
spi_regs_inst/_0255_,17.97µm
wave_controller_x_inst/_0131_,17.97µm
wave_controller_x_inst/_0283_,17.97µm
wave_controller_x_inst/_0324_,17.97µm
wave_controller_x_inst/_0380_,17.97µm
wave_controller_x_inst/_0426_,17.97µm
wave_controller_x_inst/_0427_,17.97µm
wave_controller_x_inst/_0459_,17.97µm
wave_controller_x_inst/_0919_,17.97µm
wave_controller_x_inst/_1063_,17.97µm
wave_controller_x_inst/_1479_,17.97µm
wave_controller_x_inst/_1541_,17.97µm
wave_controller_x_inst/_1561_,17.97µm
wave_controller_x_inst/_1679_,17.97µm
wave_controller_x_inst/_1680_,17.97µm
wave_controller_y_inst/_0123_,17.97µm
wave_controller_y_inst/_0396_,17.97µm
wave_controller_y_inst/_0514_,17.97µm
wave_controller_y_inst/_0547_,17.97µm
wave_controller_y_inst/_0677_,17.97µm
wave_controller_y_inst/_0700_,17.97µm
wave_controller_y_inst/_0785_,17.97µm
wave_controller_y_inst/_0950_,17.97µm
wave_controller_y_inst/_1096_,17.97µm
wave_controller_y_inst/comp_sync2,17.97µm
wave_controller_y_inst/ds_acc\[4\],17.97µm
wave_controller_x_inst/net1249,17.97µm
signal_processor_x_inst/s270_pipe\[3\],17.92µm
spi_regs_inst/_0029_,17.92µm
spi_regs_inst/_0594_,17.92µm
wave_controller_x_inst/_0146_,17.92µm
wave_controller_x_inst/_0474_,17.92µm
wave_controller_x_inst/_0641_,17.92µm
wave_controller_x_inst/_0891_,17.92µm
wave_controller_x_inst/_0907_,17.92µm
wave_controller_x_inst/_0939_,17.92µm
wave_controller_x_inst/_1157_,17.92µm
wave_controller_x_inst/_1380_,17.92µm
wave_controller_x_inst/_1621_,17.92µm
wave_controller_y_inst/_1008_,17.92µm
wave_controller_y_inst/_1510_,17.92µm
wave_controller_y_inst/_1711_,17.92µm
wave_controller_x_inst/_0263_,17.51µm
wave_controller_x_inst/_1270_,17.51µm
wave_controller_y_inst/_1738_,17.51µm
wave_controller_x_inst/_0875_,17.46µm
wave_controller_x_inst/_1189_,17.46µm
wave_controller_x_inst/_1313_,17.46µm
wave_controller_x_inst/_1614_,17.46µm
wave_controller_x_inst/_1693_,17.46µm
wave_controller_x_inst/_1703_,17.46µm
wave_controller_y_inst/_0249_,17.46µm
wave_controller_y_inst/_0278_,17.46µm
wave_controller_y_inst/_0311_,17.46µm
wave_controller_y_inst/_0316_,17.46µm
wave_controller_y_inst/_0646_,17.46µm
wave_controller_y_inst/_1330_,17.46µm
wave_controller_y_inst/_1614_,17.46µm
spi_regs_inst/_0515_,17.41µm
wave_controller_x_inst/_0330_,17.41µm
wave_controller_x_inst/_0494_,17.41µm
wave_controller_x_inst/_0886_,17.41µm
wave_controller_x_inst/_1376_,17.41µm
wave_controller_x_inst/_1476_,17.41µm
wave_controller_x_inst/ds_acc\[2\],17.41µm
wave_controller_y_inst/_0027_,17.41µm
wave_controller_y_inst/_0043_,17.41µm
wave_controller_y_inst/_0137_,17.41µm
wave_controller_y_inst/_0163_,17.41µm
wave_controller_y_inst/_0273_,17.41µm
wave_controller_y_inst/_0301_,17.41µm
wave_controller_y_inst/_0315_,17.41µm
wave_controller_y_inst/_0379_,17.41µm
wave_controller_y_inst/_0528_,17.41µm
wave_controller_y_inst/_0750_,17.41µm
wave_controller_y_inst/_1139_,17.41µm
wave_controller_y_inst/_1463_,17.41µm
wave_controller_x_inst/net136,17.41µm
wave_controller_y_inst/net782,17.41µm
wave_controller_x_inst/net1247,17.41µm
signal_processor_x_inst/_062_,17.36µm
spi_regs_inst/_0432_,17.36µm
spi_regs_inst/sclk_sync\[1\],17.36µm
state_machine_inst/_06_,17.36µm
wave_controller_x_inst/_1384_,17.36µm
wave_controller_x_inst/_1472_,17.36µm
wave_controller_y_inst/_0295_,17.36µm
wave_controller_y_inst/_0432_,17.36µm
wave_controller_y_inst/_0545_,17.36µm
wave_controller_y_inst/_0588_,17.36µm
wave_controller_y_inst/_0898_,17.36µm
wave_controller_y_inst/_0944_,17.36µm
wave_controller_y_inst/_1049_,17.36µm
spi_regs_inst/net1526,17.36µm
wave_controller_x_inst/_1106_,16.95µm
wave_controller_x_inst/_1686_,16.95µm
wave_controller_y_inst/_0470_,16.95µm
wave_controller_y_inst/_0949_,16.95µm
wave_controller_x_inst/_0143_,16.9µm
wave_controller_x_inst/_0227_,16.9µm
wave_controller_x_inst/_0429_,16.9µm
wave_controller_x_inst/_1093_,16.9µm
wave_controller_x_inst/_1495_,16.9µm
wave_controller_x_inst/_1666_,16.9µm
wave_controller_y_inst/_0704_,16.9µm
wave_controller_y_inst/_0999_,16.9µm
wave_controller_y_inst/_1400_,16.9µm
wave_controller_y_inst/_1714_,16.9µm
cal_phase270_offset_x\[16\],16.85µm
signal_processor_y_inst/_011_,16.85µm
signal_processor_y_inst/s90_pipe\[2\],16.85µm
spi_regs_inst/_0051_,16.85µm
spi_regs_inst/_0182_,16.85µm
spi_regs_inst/_0270_,16.85µm
spi_regs_inst/_0390_,16.85µm
spi_regs_inst/_0521_,16.85µm
wave_controller_x_inst/_0339_,16.85µm
wave_controller_x_inst/_0366_,16.85µm
wave_controller_x_inst/_0559_,16.85µm
wave_controller_x_inst/_0711_,16.85µm
wave_controller_x_inst/_0725_,16.85µm
wave_controller_x_inst/_0810_,16.85µm
wave_controller_x_inst/_0877_,16.85µm
wave_controller_x_inst/_1077_,16.85µm
wave_controller_x_inst/_1602_,16.85µm
wave_controller_x_inst/_1699_,16.85µm
wave_controller_x_inst/comp_sync2,16.85µm
wave_controller_y_inst/_0093_,16.85µm
wave_controller_y_inst/_0198_,16.85µm
wave_controller_y_inst/_0213_,16.85µm
wave_controller_y_inst/_0248_,16.85µm
wave_controller_y_inst/_0459_,16.85µm
wave_controller_y_inst/_0523_,16.85µm
wave_controller_y_inst/_0582_,16.85µm
wave_controller_y_inst/_0622_,16.85µm
wave_controller_y_inst/_0719_,16.85µm
wave_controller_y_inst/_0751_,16.85µm
wave_controller_y_inst/_1027_,16.85µm
wave_controller_y_inst/_1114_,16.85µm
wave_controller_y_inst/_1137_,16.85µm
wave_controller_y_inst/_1166_,16.85µm
wave_controller_y_inst/_1524_,16.85µm
wave_controller_y_inst/_1749_,16.85µm
wave_controller_y_inst/net1426,16.85µm
spi_regs_inst/net1475,16.85µm
_07_,16.8µm
signal_processor_y_inst/_045_,16.8µm
signal_processor_y_inst/_085_,16.8µm
spi_regs_inst/_0004_,16.8µm
spi_regs_inst/_0074_,16.8µm
spi_regs_inst/_0124_,16.8µm
spi_regs_inst/_0257_,16.8µm
spi_regs_inst/_0277_,16.8µm
spi_regs_inst/_0329_,16.8µm
spi_regs_inst/_0401_,16.8µm
spi_regs_inst/_0404_,16.8µm
wave_controller_x_inst/_0569_,16.8µm
wave_controller_x_inst/_1000_,16.8µm
wave_controller_x_inst/_1038_,16.8µm
wave_controller_x_inst/_1466_,16.8µm
wave_controller_x_inst/ds_acc\[5\],16.8µm
wave_controller_y_inst/_0251_,16.8µm
wave_controller_y_inst/_0370_,16.8µm
wave_controller_y_inst/_0512_,16.8µm
wave_controller_y_inst/_0690_,16.8µm
wave_controller_y_inst/_0691_,16.8µm
wave_controller_y_inst/_1640_,16.8µm
wave_controller_y_inst/net608,16.8µm
wave_controller_x_inst/_1400_,16.39µm
signal_processor_x_inst/_076_,16.34µm
signal_processor_y_inst/_091_,16.34µm
spi_regs_inst/_0244_,16.34µm
spi_regs_inst/_0498_,16.34µm
wave_controller_x_inst/_0144_,16.34µm
wave_controller_x_inst/_0304_,16.34µm
wave_controller_x_inst/_0399_,16.34µm
wave_controller_x_inst/_0456_,16.34µm
wave_controller_x_inst/_0576_,16.34µm
wave_controller_x_inst/_0590_,16.34µm
wave_controller_x_inst/_0951_,16.34µm
wave_controller_x_inst/_1061_,16.34µm
wave_controller_x_inst/_1574_,16.34µm
wave_controller_x_inst/_1646_,16.34µm
wave_controller_y_inst/_0456_,16.34µm
wave_controller_y_inst/_0480_,16.34µm
wave_controller_y_inst/_0813_,16.34µm
wave_controller_y_inst/_0928_,16.34µm
wave_controller_y_inst/_0967_,16.34µm
wave_controller_y_inst/_1548_,16.34µm
wave_controller_y_inst/_1588_,16.34µm
net732,16.34µm
dir_y,16.29µm
signal_processor_x_inst/_078_,16.29µm
signal_processor_y_inst/_057_,16.29µm
spi_regs_inst/_0047_,16.29µm
state_machine_inst/_14_,16.29µm
wave_controller_x_inst/_0157_,16.29µm
wave_controller_x_inst/_0191_,16.29µm
wave_controller_x_inst/_0208_,16.29µm
wave_controller_x_inst/_0727_,16.29µm
wave_controller_x_inst/_0827_,16.29µm
wave_controller_x_inst/_0846_,16.29µm
wave_controller_x_inst/_0920_,16.29µm
wave_controller_x_inst/_0933_,16.29µm
wave_controller_x_inst/_0960_,16.29µm
wave_controller_x_inst/_0969_,16.29µm
wave_controller_x_inst/_1006_,16.29µm
wave_controller_x_inst/_1382_,16.29µm
wave_controller_x_inst/_1408_,16.29µm
wave_controller_x_inst/_1530_,16.29µm
wave_controller_x_inst/_1654_,16.29µm
wave_controller_y_inst/_0011_,16.29µm
wave_controller_y_inst/_0309_,16.29µm
wave_controller_y_inst/_0533_,16.29µm
wave_controller_y_inst/_0991_,16.29µm
wave_controller_y_inst/_1005_,16.29µm
wave_controller_y_inst/_1085_,16.29µm
wave_controller_y_inst/_1422_,16.29µm
wave_controller_y_inst/_1547_,16.29µm
wave_controller_y_inst/_1709_,16.29µm
net1459,16.29µm
cfg_f_MEMS_fcw_y\[7\],16.24µm
signal_processor_x_inst/_037_,16.24µm
signal_processor_x_inst/_079_,16.24µm
signal_processor_y_inst/_100_,16.24µm
spi_regs_inst/_0055_,16.24µm
spi_regs_inst/_0251_,16.24µm
spi_regs_inst/_0386_,16.24µm
wave_controller_x_inst/_0084_,16.24µm
wave_controller_x_inst/_0115_,16.24µm
wave_controller_x_inst/_0293_,16.24µm
wave_controller_x_inst/_0373_,16.24µm
wave_controller_x_inst/_0484_,16.24µm
wave_controller_x_inst/_0527_,16.24µm
wave_controller_x_inst/_0669_,16.24µm
wave_controller_x_inst/_0772_,16.24µm
wave_controller_x_inst/_0796_,16.24µm
wave_controller_x_inst/_0987_,16.24µm
wave_controller_x_inst/_1145_,16.24µm
wave_controller_x_inst/_1185_,16.24µm
wave_controller_x_inst/_1366_,16.24µm
wave_controller_x_inst/_1537_,16.24µm
wave_controller_y_inst/_0164_,16.24µm
wave_controller_y_inst/_0412_,16.24µm
wave_controller_y_inst/_0430_,16.24µm
wave_controller_y_inst/_0453_,16.24µm
wave_controller_y_inst/_0569_,16.24µm
wave_controller_y_inst/_0598_,16.24µm
wave_controller_y_inst/_0653_,16.24µm
wave_controller_y_inst/_0781_,16.24µm
wave_controller_y_inst/_0847_,16.24µm
wave_controller_y_inst/_0869_,16.24µm
wave_controller_y_inst/_1458_,16.24µm
wave_controller_y_inst/_1481_,16.24µm
wave_controller_y_inst/_1489_,16.24µm
wave_controller_y_inst/_1617_,16.24µm
wave_controller_y_inst/_1637_,16.24µm
wave_controller_y_inst/_1719_,16.24µm
wave_controller_x_inst/_0542_,16.11µm
wave_controller_x_inst/_0184_,15.88µm
wave_controller_y_inst/_0285_,15.83µm
wave_controller_x_inst/_0328_,15.78µm
wave_controller_x_inst/_1368_,15.78µm
wave_controller_x_inst/_1526_,15.78µm
wave_controller_y_inst/_0162_,15.78µm
wave_controller_y_inst/_0416_,15.78µm
wave_controller_y_inst/_0543_,15.78µm
wave_controller_y_inst/_0576_,15.78µm
wave_controller_y_inst/_1045_,15.78µm
wave_controller_y_inst/_1497_,15.78µm
spi_regs_inst/net443,15.78µm
net6,15.73µm
signal_processor_x_inst/_056_,15.73µm
signal_processor_y_inst/comp_pipe\[2\],15.73µm
signal_processor_y_inst/s270_pipe\[0\],15.73µm
wave_controller_x_inst/_0029_,15.73µm
wave_controller_x_inst/_0133_,15.73µm
wave_controller_x_inst/_0246_,15.73µm
wave_controller_x_inst/_0510_,15.73µm
wave_controller_x_inst/_0547_,15.73µm
wave_controller_x_inst/_0637_,15.73µm
wave_controller_x_inst/_0747_,15.73µm
wave_controller_x_inst/_1022_,15.73µm
wave_controller_x_inst/_1031_,15.73µm
wave_controller_x_inst/_1112_,15.73µm
wave_controller_x_inst/_1195_,15.73µm
wave_controller_x_inst/_1240_,15.73µm
wave_controller_x_inst/_1318_,15.73µm
wave_controller_x_inst/_1505_,15.73µm
wave_controller_x_inst/_1592_,15.73µm
wave_controller_x_inst/_1651_,15.73µm
wave_controller_y_inst/_0079_,15.73µm
wave_controller_y_inst/_0085_,15.73µm
wave_controller_y_inst/_0172_,15.73µm
wave_controller_y_inst/_0238_,15.73µm
wave_controller_y_inst/_0294_,15.73µm
wave_controller_y_inst/_0433_,15.73µm
wave_controller_y_inst/_0649_,15.73µm
wave_controller_y_inst/_0887_,15.73µm
wave_controller_y_inst/_0922_,15.73µm
wave_controller_y_inst/_1189_,15.73µm
wave_controller_y_inst/_1480_,15.73µm
wave_controller_y_inst/_1686_,15.73µm
_06_,15.68µm
signal_processor_x_inst/_095_,15.68µm
spi_regs_inst/_0075_,15.68µm
spi_regs_inst/_0138_,15.68µm
spi_regs_inst/_0144_,15.68µm
wave_controller_x_inst/_0000_,15.68µm
wave_controller_x_inst/_0130_,15.68µm
wave_controller_x_inst/_0160_,15.68µm
wave_controller_x_inst/_0564_,15.68µm
wave_controller_x_inst/_0704_,15.68µm
wave_controller_x_inst/_0762_,15.68µm
wave_controller_x_inst/_1046_,15.68µm
wave_controller_x_inst/_1256_,15.68µm
wave_controller_x_inst/_1531_,15.68µm
wave_controller_x_inst/_1622_,15.68µm
wave_controller_x_inst/_1738_,15.68µm
wave_controller_x_inst/_1752_,15.68µm
wave_controller_y_inst/_0291_,15.68µm
wave_controller_y_inst/_0596_,15.68µm
wave_controller_y_inst/_0748_,15.68µm
wave_controller_y_inst/_0840_,15.68µm
wave_controller_y_inst/_0956_,15.68µm
wave_controller_y_inst/_0965_,15.68µm
wave_controller_y_inst/_0987_,15.68µm
wave_controller_y_inst/_1000_,15.68µm
wave_controller_y_inst/_1015_,15.68µm
wave_controller_y_inst/_1090_,15.68µm
wave_controller_y_inst/_1124_,15.68µm
wave_controller_y_inst/_1191_,15.68µm
wave_controller_y_inst/_1473_,15.68µm
wave_controller_y_inst/_1494_,15.68µm
wave_controller_y_inst/_1621_,15.68µm
wave_controller_y_inst/net40,15.68µm
wave_controller_x_inst/net1254,15.68µm
wave_controller_x_inst/_0182_,15.4µm
wave_controller_x_inst/_0385_,15.27µm
wave_controller_x_inst/_0870_,15.27µm
wave_controller_x_inst/_1274_,15.27µm
signal_processor_y_inst/cnt_out\[2\],15.22µm
wave_controller_x_inst/_0970_,15.22µm
wave_controller_x_inst/_1261_,15.22µm
wave_controller_y_inst/_1403_,15.22µm
_00_,15.17µm
latch_phase90_ack_y,15.17µm
signal_processor_x_inst/_023_,15.17µm
signal_processor_x_inst/s270_pipe\[2\],15.17µm
signal_processor_y_inst/_019_,15.17µm
spi_regs_inst/_0173_,15.17µm
spi_regs_inst/_0249_,15.17µm
spi_regs_inst/_0296_,15.17µm
spi_regs_inst/_0470_,15.17µm
spi_regs_inst/_0590_,15.17µm
spi_regs_inst/_0650_,15.17µm
wave_controller_x_inst/_0176_,15.17µm
wave_controller_x_inst/_0288_,15.17µm
wave_controller_x_inst/_0417_,15.17µm
wave_controller_x_inst/_0525_,15.17µm
wave_controller_x_inst/_0664_,15.17µm
wave_controller_x_inst/_0759_,15.17µm
wave_controller_x_inst/_0836_,15.17µm
wave_controller_x_inst/_0839_,15.17µm
wave_controller_x_inst/_0865_,15.17µm
wave_controller_x_inst/_0890_,15.17µm
wave_controller_x_inst/_0949_,15.17µm
wave_controller_x_inst/_1162_,15.17µm
wave_controller_x_inst/_1200_,15.17µm
wave_controller_x_inst/_1371_,15.17µm
wave_controller_x_inst/_1392_,15.17µm
wave_controller_x_inst/_1545_,15.17µm
wave_controller_x_inst/_1546_,15.17µm
wave_controller_y_inst/_0042_,15.17µm
wave_controller_y_inst/_0078_,15.17µm
wave_controller_y_inst/_0116_,15.17µm
wave_controller_y_inst/_0130_,15.17µm
wave_controller_y_inst/_0816_,15.17µm
wave_controller_y_inst/_0858_,15.17µm
wave_controller_y_inst/_0882_,15.17µm
wave_controller_y_inst/_1033_,15.17µm
wave_controller_y_inst/_1247_,15.17µm
wave_controller_y_inst/_1270_,15.17µm
wave_controller_x_inst/net670,15.17µm
spi_regs_inst/_0016_,15.12µm
spi_regs_inst/_0090_,15.12µm
spi_regs_inst/_0143_,15.12µm
spi_regs_inst/_0505_,15.12µm
spi_regs_inst/reg_wr_data\[7\],15.12µm
wave_controller_x_inst/_0112_,15.12µm
wave_controller_x_inst/_0113_,15.12µm
wave_controller_x_inst/_0137_,15.12µm
wave_controller_x_inst/_0224_,15.12µm
wave_controller_x_inst/_0279_,15.12µm
wave_controller_x_inst/_0302_,15.12µm
wave_controller_x_inst/_0335_,15.12µm
wave_controller_x_inst/_0592_,15.12µm
wave_controller_x_inst/_0593_,15.12µm
wave_controller_x_inst/_0663_,15.12µm
wave_controller_x_inst/_0850_,15.12µm
wave_controller_x_inst/_0930_,15.12µm
wave_controller_x_inst/_0968_,15.12µm
wave_controller_x_inst/_1060_,15.12µm
wave_controller_x_inst/_1352_,15.12µm
wave_controller_x_inst/_1484_,15.12µm
wave_controller_x_inst/_1607_,15.12µm
wave_controller_y_inst/_0023_,15.12µm
wave_controller_y_inst/_0757_,15.12µm
wave_controller_y_inst/_0860_,15.12µm
wave_controller_y_inst/_1060_,15.12µm
wave_controller_y_inst/_1072_,15.12µm
wave_controller_y_inst/_1131_,15.12µm
wave_controller_y_inst/_1445_,15.12µm
wave_controller_y_inst/_1492_,15.12µm
wave_controller_y_inst/_1496_,15.12µm
wave_controller_y_inst/_1540_,15.12µm
wave_controller_y_inst/_1542_,15.12µm
wave_controller_y_inst/_1546_,15.12µm
wave_controller_y_inst/ds_acc\[2\],15.12µm
spi_regs_inst/net551,15.12µm
wave_controller_x_inst/net1192,15.12µm
net1552,15.12µm
spi_regs_inst/_0626_,14.71µm
wave_controller_x_inst/_0201_,14.71µm
wave_controller_x_inst/_0220_,14.71µm
wave_controller_x_inst/_1741_,14.71µm
wave_controller_y_inst/_0428_,14.71µm
wave_controller_y_inst/_1442_,14.71µm
dir_x,14.66µm
wave_controller_x_inst/_0448_,14.66µm
wave_controller_y_inst/_0300_,14.66µm
wave_controller_y_inst/_0340_,14.66µm
wave_controller_y_inst/_0344_,14.66µm
wave_controller_y_inst/_0639_,14.66µm
wave_controller_y_inst/net1539,14.66µm
signal_processor_x_inst/_015_,14.61µm
signal_processor_x_inst/_029_,14.61µm
signal_processor_x_inst/_106_,14.61µm
spi_regs_inst/_0107_,14.61µm
wave_controller_x_inst/_0106_,14.61µm
wave_controller_x_inst/_0206_,14.61µm
wave_controller_x_inst/_0234_,14.61µm
wave_controller_x_inst/_0273_,14.61µm
wave_controller_x_inst/_0666_,14.61µm
wave_controller_x_inst/_0830_,14.61µm
wave_controller_x_inst/_0874_,14.61µm
wave_controller_x_inst/_0981_,14.61µm
wave_controller_x_inst/_1151_,14.61µm
wave_controller_x_inst/_1426_,14.61µm
wave_controller_y_inst/_0044_,14.61µm
wave_controller_y_inst/_0064_,14.61µm
wave_controller_y_inst/_0065_,14.61µm
wave_controller_y_inst/_0101_,14.61µm
wave_controller_y_inst/_0119_,14.61µm
wave_controller_y_inst/_0129_,14.61µm
wave_controller_y_inst/_0275_,14.61µm
wave_controller_y_inst/_0338_,14.61µm
wave_controller_y_inst/_0429_,14.61µm
wave_controller_y_inst/_0640_,14.61µm
wave_controller_y_inst/_1168_,14.61µm
wave_controller_y_inst/_1175_,14.61µm
wave_controller_y_inst/_1204_,14.61µm
wave_controller_y_inst/_1664_,14.61µm
latch_phase90_ack_x,14.56µm
signal_processor_x_inst/_105_,14.56µm
spi_regs_inst/_0065_,14.56µm
spi_regs_inst/_0156_,14.56µm
spi_regs_inst/_0259_,14.56µm
spi_regs_inst/_0381_,14.56µm
wave_controller_x_inst/_0072_,14.56µm
wave_controller_x_inst/_0092_,14.56µm
wave_controller_x_inst/_0237_,14.56µm
wave_controller_x_inst/_0351_,14.56µm
wave_controller_x_inst/_0534_,14.56µm
wave_controller_x_inst/_0535_,14.56µm
wave_controller_x_inst/_0793_,14.56µm
wave_controller_x_inst/_1193_,14.56µm
wave_controller_x_inst/_1424_,14.56µm
wave_controller_x_inst/_1497_,14.56µm
wave_controller_x_inst/_1637_,14.56µm
wave_controller_x_inst/_1714_,14.56µm
wave_controller_y_inst/_0154_,14.56µm
wave_controller_y_inst/_0350_,14.56µm
wave_controller_y_inst/_0443_,14.56µm
wave_controller_y_inst/_0472_,14.56µm
wave_controller_y_inst/_0473_,14.56µm
wave_controller_y_inst/_0642_,14.56µm
wave_controller_y_inst/_0958_,14.56µm
wave_controller_y_inst/_0992_,14.56µm
wave_controller_y_inst/_1054_,14.56µm
wave_controller_y_inst/_1180_,14.56µm
wave_controller_y_inst/_1618_,14.56µm
wave_controller_y_inst/_1674_,14.56µm
spi_regs_inst/net579,14.56µm
wave_controller_x_inst/net883,14.56µm
wave_controller_x_inst/net916,14.56µm
wave_controller_x_inst/_0272_,14.33µm
wave_controller_x_inst/_0251_,14.15µm
wave_controller_y_inst/_0371_,14.15µm
wave_controller_y_inst/_0402_,14.15µm
wave_controller_y_inst/_1373_,14.15µm
wave_controller_x_inst/_0403_,14.1µm
wave_controller_x_inst/_0693_,14.1µm
wave_controller_x_inst/_0803_,14.1µm
wave_controller_x_inst/_0873_,14.1µm
wave_controller_x_inst/_0974_,14.1µm
wave_controller_x_inst/_1416_,14.1µm
wave_controller_x_inst/_1513_,14.1µm
wave_controller_x_inst/_1712_,14.1µm
wave_controller_x_inst/_1745_,14.1µm
wave_controller_x_inst/ds_acc\[0\],14.1µm
wave_controller_x_inst/ds_acc\[7\],14.1µm
wave_controller_y_inst/_0425_,14.1µm
wave_controller_y_inst/_0581_,14.1µm
wave_controller_y_inst/_0696_,14.1µm
wave_controller_y_inst/_1266_,14.1µm
wave_controller_y_inst/_1313_,14.1µm
wave_controller_y_inst/_1395_,14.1µm
wave_controller_y_inst/_1728_,14.1µm
wave_controller_y_inst/_1745_,14.1µm
spi_regs_inst/_0019_,14.06µm
signal_processor_x_inst/_006_,14.05µm
signal_processor_x_inst/_028_,14.05µm
signal_processor_x_inst/_030_,14.05µm
signal_processor_x_inst/_049_,14.05µm
signal_processor_y_inst/_014_,14.05µm
signal_processor_y_inst/comp_pipe\[0\],14.05µm
spi_regs_inst/_0041_,14.05µm
spi_regs_inst/_0084_,14.05µm
spi_regs_inst/_0129_,14.05µm
spi_regs_inst/_0355_,14.05µm
spi_regs_inst/_0374_,14.05µm
spi_regs_inst/_0487_,14.05µm
wave_controller_x_inst/_0001_,14.05µm
wave_controller_x_inst/_0249_,14.05µm
wave_controller_x_inst/_0445_,14.05µm
wave_controller_x_inst/_0700_,14.05µm
wave_controller_x_inst/_1070_,14.05µm
wave_controller_x_inst/_1152_,14.05µm
wave_controller_x_inst/_1405_,14.05µm
wave_controller_x_inst/_1452_,14.05µm
wave_controller_x_inst/_1564_,14.05µm
wave_controller_x_inst/_1580_,14.05µm
wave_controller_x_inst/_1591_,14.05µm
wave_controller_x_inst/_1620_,14.05µm
wave_controller_x_inst/_1638_,14.05µm
wave_controller_x_inst/_1708_,14.05µm
wave_controller_x_inst/comp_sync0,14.05µm
wave_controller_y_inst/_0010_,14.05µm
wave_controller_y_inst/_0148_,14.05µm
wave_controller_y_inst/_0221_,14.05µm
wave_controller_y_inst/_0282_,14.05µm
wave_controller_y_inst/_0293_,14.05µm
wave_controller_y_inst/_0320_,14.05µm
wave_controller_y_inst/_0440_,14.05µm
wave_controller_y_inst/_0466_,14.05µm
wave_controller_y_inst/_0482_,14.05µm
wave_controller_y_inst/_0540_,14.05µm
wave_controller_y_inst/_0769_,14.05µm
wave_controller_y_inst/_0895_,14.05µm
wave_controller_y_inst/_1167_,14.05µm
wave_controller_y_inst/_1427_,14.05µm
wave_controller_y_inst/_1531_,14.05µm
wave_controller_y_inst/_1589_,14.05µm
wave_controller_y_inst/_1619_,14.05µm
net1090,14.05µm
net1190,14.05µm
net1277,14.05µm
signal_processor_x_inst/_007_,14µm
signal_processor_x_inst/_024_,14µm
signal_processor_y_inst/_010_,14µm
spi_regs_inst/_0083_,14µm
spi_regs_inst/_0266_,14µm
spi_regs_inst/_0360_,14µm
wave_controller_x_inst/_0177_,14µm
wave_controller_x_inst/_0295_,14µm
wave_controller_x_inst/_0808_,14µm
wave_controller_x_inst/_0905_,14µm
wave_controller_x_inst/_0975_,14µm
wave_controller_x_inst/_1096_,14µm
wave_controller_x_inst/_1361_,14µm
wave_controller_x_inst/_1706_,14µm
wave_controller_y_inst/_0177_,14µm
wave_controller_y_inst/_0418_,14µm
wave_controller_y_inst/_0427_,14µm
wave_controller_y_inst/_0535_,14µm
wave_controller_y_inst/_0577_,14µm
wave_controller_y_inst/_0589_,14µm
wave_controller_y_inst/_0859_,14µm
wave_controller_y_inst/_0878_,14µm
wave_controller_y_inst/_1024_,14µm
wave_controller_y_inst/_1525_,14µm
wave_controller_y_inst/net789,14µm
wave_controller_x_inst/_0284_,13.59µm
wave_controller_y_inst/net1384,13.59µm
cal_phase270_offset_y\[4\],13.54µm
wave_controller_x_inst/_0452_,13.54µm
wave_controller_x_inst/_1724_,13.54µm
wave_controller_y_inst/_0455_,13.54µm
wave_controller_y_inst/_0578_,13.54µm
wave_controller_y_inst/_0760_,13.54µm
wave_controller_y_inst/_0812_,13.54µm
wave_controller_y_inst/_0912_,13.54µm
wave_controller_y_inst/_1002_,13.54µm
signal_processor_x_inst/_011_,13.49µm
signal_processor_y_inst/_009_,13.49µm
signal_processor_y_inst/_033_,13.49µm
spi_regs_inst/_0189_,13.49µm
spi_regs_inst/_0543_,13.49µm
state_machine_inst/_04_,13.49µm
wave_controller_x_inst/_0047_,13.49µm
wave_controller_x_inst/_0175_,13.49µm
wave_controller_x_inst/_0282_,13.49µm
wave_controller_x_inst/_0400_,13.49µm
wave_controller_x_inst/_0473_,13.49µm
wave_controller_x_inst/_0530_,13.49µm
wave_controller_x_inst/_0533_,13.49µm
wave_controller_x_inst/_0550_,13.49µm
wave_controller_x_inst/_0589_,13.49µm
wave_controller_x_inst/_0595_,13.49µm
wave_controller_x_inst/_0646_,13.49µm
wave_controller_x_inst/_0723_,13.49µm
wave_controller_x_inst/_0753_,13.49µm
wave_controller_x_inst/_0787_,13.49µm
wave_controller_x_inst/_0982_,13.49µm
wave_controller_x_inst/_1097_,13.49µm
wave_controller_x_inst/_1149_,13.49µm
wave_controller_x_inst/_1230_,13.49µm
wave_controller_x_inst/_1341_,13.49µm
wave_controller_x_inst/_1518_,13.49µm
wave_controller_x_inst/_1551_,13.49µm
wave_controller_x_inst/_1553_,13.49µm
wave_controller_x_inst/_1556_,13.49µm
wave_controller_x_inst/_1610_,13.49µm
wave_controller_x_inst/_1731_,13.49µm
wave_controller_y_inst/_0063_,13.49µm
wave_controller_y_inst/_0193_,13.49µm
wave_controller_y_inst/_0395_,13.49µm
wave_controller_y_inst/_0839_,13.49µm
wave_controller_y_inst/_0952_,13.49µm
wave_controller_y_inst/_0959_,13.49µm
wave_controller_y_inst/_1263_,13.49µm
wave_controller_y_inst/_1362_,13.49µm
wave_controller_y_inst/_1378_,13.49µm
wave_controller_y_inst/_1389_,13.49µm
wave_controller_y_inst/_1545_,13.49µm
wave_controller_y_inst/_1636_,13.49µm
_05_,13.44µm
signal_processor_x_inst/_021_,13.44µm
signal_processor_y_inst/_031_,13.44µm
spi_regs_inst/_0053_,13.44µm
spi_regs_inst/_0113_,13.44µm
spi_regs_inst/_0392_,13.44µm
spi_regs_inst/_0644_,13.44µm
wave_controller_x_inst/_0014_,13.44µm
wave_controller_x_inst/_0139_,13.44µm
wave_controller_x_inst/_0394_,13.44µm
wave_controller_x_inst/_0476_,13.44µm
wave_controller_x_inst/_0745_,13.44µm
wave_controller_x_inst/_0782_,13.44µm
wave_controller_x_inst/_0898_,13.44µm
wave_controller_x_inst/_0943_,13.44µm
wave_controller_x_inst/_0945_,13.44µm
wave_controller_x_inst/_1090_,13.44µm
wave_controller_x_inst/_1379_,13.44µm
wave_controller_x_inst/_1641_,13.44µm
wave_controller_y_inst/_0147_,13.44µm
wave_controller_y_inst/_0246_,13.44µm
wave_controller_y_inst/_0489_,13.44µm
wave_controller_y_inst/_0844_,13.44µm
wave_controller_y_inst/_0864_,13.44µm
wave_controller_y_inst/_0885_,13.44µm
wave_controller_y_inst/_1379_,13.44µm
wave_controller_y_inst/_1456_,13.44µm
wave_controller_y_inst/net807,13.44µm
wave_controller_y_inst/_0838_,13.03µm
wave_controller_y_inst/_0868_,13.03µm
wave_controller_y_inst/_1230_,13.03µm
wave_controller_y_inst/_1662_,13.03µm
signal_processor_y_inst/cnt_out\[1\],12.98µm
wave_controller_x_inst/_0300_,12.98µm
wave_controller_x_inst/_0852_,12.98µm
wave_controller_x_inst/_1147_,12.98µm
wave_controller_y_inst/_0495_,12.98µm
wave_controller_y_inst/_1578_,12.98µm
wave_controller_y_inst/_1608_,12.98µm
signal_processor_x_inst/cnt_in\[3\],12.93µm
signal_processor_y_inst/s270_pipe\[1\],12.93µm
spi_regs_inst/_0168_,12.93µm
spi_regs_inst/_0397_,12.93µm
spi_regs_inst/_0504_,12.93µm
spi_regs_inst/_0520_,12.93µm
wave_controller_x_inst/_0250_,12.93µm
wave_controller_x_inst/_0730_,12.93µm
wave_controller_x_inst/_0783_,12.93µm
wave_controller_x_inst/_1003_,12.93µm
wave_controller_x_inst/_1188_,12.93µm
wave_controller_x_inst/_1581_,12.93µm
wave_controller_x_inst/_1667_,12.93µm
wave_controller_x_inst/_1750_,12.93µm
wave_controller_y_inst/_0062_,12.93µm
wave_controller_y_inst/_0092_,12.93µm
wave_controller_y_inst/_0182_,12.93µm
wave_controller_y_inst/_0234_,12.93µm
wave_controller_y_inst/_0237_,12.93µm
wave_controller_y_inst/_0274_,12.93µm
wave_controller_y_inst/_0381_,12.93µm
wave_controller_y_inst/_0392_,12.93µm
wave_controller_y_inst/_0594_,12.93µm
wave_controller_y_inst/_0686_,12.93µm
wave_controller_y_inst/_0758_,12.93µm
wave_controller_y_inst/_0888_,12.93µm
wave_controller_y_inst/_0989_,12.93µm
wave_controller_y_inst/_1079_,12.93µm
wave_controller_y_inst/_1134_,12.93µm
wave_controller_y_inst/_1366_,12.93µm
wave_controller_y_inst/_1551_,12.93µm
signal_processor_x_inst/_014_,12.88µm
spi_regs_inst/_0069_,12.88µm
spi_regs_inst/_0081_,12.88µm
spi_regs_inst/_0085_,12.88µm
spi_regs_inst/_0126_,12.88µm
spi_regs_inst/_0151_,12.88µm
spi_regs_inst/_0184_,12.88µm
spi_regs_inst/_0203_,12.88µm
spi_regs_inst/_0233_,12.88µm
spi_regs_inst/sclk_sync\[0\],12.88µm
wave_controller_x_inst/_0043_,12.88µm
wave_controller_x_inst/_0158_,12.88µm
wave_controller_x_inst/_0173_,12.88µm
wave_controller_x_inst/_0686_,12.88µm
wave_controller_x_inst/_0735_,12.88µm
wave_controller_x_inst/_0741_,12.88µm
wave_controller_x_inst/_0944_,12.88µm
wave_controller_x_inst/_1092_,12.88µm
wave_controller_x_inst/_1528_,12.88µm
wave_controller_y_inst/_0087_,12.88µm
wave_controller_y_inst/_0229_,12.88µm
wave_controller_y_inst/_0236_,12.88µm
wave_controller_y_inst/_0257_,12.88µm
wave_controller_y_inst/_0313_,12.88µm
wave_controller_y_inst/_0382_,12.88µm
wave_controller_y_inst/_0531_,12.88µm
wave_controller_y_inst/_0555_,12.88µm
wave_controller_y_inst/_0625_,12.88µm
wave_controller_y_inst/_0762_,12.88µm
wave_controller_y_inst/_0948_,12.88µm
wave_controller_y_inst/_1035_,12.88µm
wave_controller_y_inst/_1073_,12.88µm
wave_controller_y_inst/_1346_,12.88µm
wave_controller_y_inst/_1469_,12.88µm
wave_controller_y_inst/_1475_,12.88µm
wave_controller_y_inst/_1478_,12.88µm
wave_controller_x_inst/_0215_,12.47µm
wave_controller_x_inst/_0928_,12.47µm
wave_controller_y_inst/_0185_,12.47µm
wave_controller_y_inst/_0789_,12.47µm
wave_controller_y_inst/_1069_,12.47µm
signal_processor_x_inst/_073_,12.42µm
spi_regs_inst/_0544_,12.42µm
wave_controller_x_inst/_0402_,12.42µm
wave_controller_x_inst/_0524_,12.42µm
wave_controller_x_inst/_1211_,12.42µm
wave_controller_x_inst/_1555_,12.42µm
wave_controller_y_inst/_0325_,12.42µm
wave_controller_y_inst/_0534_,12.42µm
wave_controller_y_inst/_0792_,12.42µm
wave_controller_y_inst/_0806_,12.42µm
wave_controller_y_inst/_1335_,12.42µm
cal_phase270_offset_y\[16\],12.37µm
signal_processor_x_inst/s90_pipe\[1\],12.37µm
spi_regs_inst/_0042_,12.37µm
spi_regs_inst/_0063_,12.37µm
spi_regs_inst/_0064_,12.37µm
spi_regs_inst/_0467_,12.37µm
spi_regs_inst/_0475_,12.37µm
spi_regs_inst/sclk_d,12.37µm
state_machine_inst/_00_,12.37µm
wave_controller_x_inst/_0048_,12.37µm
wave_controller_x_inst/_0050_,12.37µm
wave_controller_x_inst/_0267_,12.37µm
wave_controller_x_inst/_0331_,12.37µm
wave_controller_x_inst/_0345_,12.37µm
wave_controller_x_inst/_0433_,12.37µm
wave_controller_x_inst/_0444_,12.37µm
wave_controller_x_inst/_0493_,12.37µm
wave_controller_x_inst/_0649_,12.37µm
wave_controller_x_inst/_0823_,12.37µm
wave_controller_x_inst/_0824_,12.37µm
wave_controller_x_inst/_0910_,12.37µm
wave_controller_x_inst/_0983_,12.37µm
wave_controller_x_inst/_1012_,12.37µm
wave_controller_x_inst/_1091_,12.37µm
wave_controller_x_inst/_1114_,12.37µm
wave_controller_x_inst/_1584_,12.37µm
wave_controller_x_inst/cal_burst_count\[1\],12.37µm
wave_controller_y_inst/_0026_,12.37µm
wave_controller_y_inst/_0143_,12.37µm
wave_controller_y_inst/_0464_,12.37µm
wave_controller_y_inst/_0530_,12.37µm
wave_controller_y_inst/_0566_,12.37µm
wave_controller_y_inst/_0772_,12.37µm
wave_controller_y_inst/_0845_,12.37µm
wave_controller_y_inst/_0921_,12.37µm
wave_controller_y_inst/_1011_,12.37µm
wave_controller_y_inst/_1070_,12.37µm
wave_controller_y_inst/_1099_,12.37µm
wave_controller_y_inst/_1529_,12.37µm
wave_controller_y_inst/_1646_,12.37µm
wave_controller_y_inst/ds_acc\[6\],12.37µm
wave_controller_x_inst/net694,12.37µm
wave_controller_x_inst/net1435,12.37µm
net3,12.32µm
signal_processor_x_inst/_043_,12.32µm
signal_processor_y_inst/_107_,12.32µm
spi_regs_inst/_0030_,12.32µm
spi_regs_inst/_0309_,12.32µm
spi_regs_inst/_0356_,12.32µm
spi_regs_inst/_0366_,12.32µm
spi_regs_inst/_0380_,12.32µm
spi_regs_inst/_0394_,12.32µm
spi_regs_inst/_0480_,12.32µm
wave_controller_x_inst/_0005_,12.32µm
wave_controller_x_inst/_0033_,12.32µm
wave_controller_x_inst/_0309_,12.32µm
wave_controller_x_inst/_0432_,12.32µm
wave_controller_x_inst/_0707_,12.32µm
wave_controller_x_inst/_0967_,12.32µm
wave_controller_x_inst/_1026_,12.32µm
wave_controller_x_inst/_1155_,12.32µm
wave_controller_x_inst/_1525_,12.32µm
wave_controller_x_inst/_1671_,12.32µm
wave_controller_y_inst/_0003_,12.32µm
wave_controller_y_inst/_0037_,12.32µm
wave_controller_y_inst/_0075_,12.32µm
wave_controller_y_inst/_0084_,12.32µm
wave_controller_y_inst/_0215_,12.32µm
wave_controller_y_inst/_0265_,12.32µm
wave_controller_y_inst/_0498_,12.32µm
wave_controller_y_inst/_0733_,12.32µm
wave_controller_y_inst/_0848_,12.32µm
wave_controller_y_inst/_1012_,12.32µm
wave_controller_y_inst/_1020_,12.32µm
wave_controller_y_inst/_1100_,12.32µm
wave_controller_y_inst/_1176_,12.32µm
wave_controller_y_inst/_1181_,12.32µm
wave_controller_y_inst/_1376_,12.32µm
wave_controller_y_inst/_1508_,12.32µm
wave_controller_y_inst/_1562_,12.32µm
spi_regs_inst/net533,12.32µm
signal_processor_x_inst/net717,12.32µm
wave_controller_x_inst/net1324,12.32µm
signal_processor_x_inst/_091_,11.91µm
wave_controller_x_inst/_0929_,11.91µm
wave_controller_x_inst/_1625_,11.91µm
wave_controller_y_inst/_1612_,11.91µm
bidir_out[9],11.885µm
state_machine_inst/_15_,11.86µm
wave_controller_x_inst/_0315_,11.86µm
wave_controller_x_inst/_0578_,11.86µm
wave_controller_x_inst/_0640_,11.86µm
wave_controller_x_inst/_1170_,11.86µm
wave_controller_x_inst/_1606_,11.86µm
wave_controller_x_inst/_1629_,11.86µm
wave_controller_y_inst/_0266_,11.86µm
wave_controller_y_inst/_0768_,11.86µm
wave_controller_y_inst/_0930_,11.86µm
wave_controller_y_inst/_1110_,11.86µm
wave_controller_y_inst/_1274_,11.86µm
wave_controller_y_inst/_1581_,11.86µm
wave_controller_y_inst/_1624_,11.86µm
wave_controller_y_inst/_1708_,11.86µm
signal_processor_x_inst/_020_,11.81µm
signal_processor_x_inst/_099_,11.81µm
signal_processor_x_inst/s270_pipe\[0\],11.81µm
spi_regs_inst/_0012_,11.81µm
spi_regs_inst/_0494_,11.81µm
wave_controller_x_inst/_0030_,11.81µm
wave_controller_x_inst/_0116_,11.81µm
wave_controller_x_inst/_0314_,11.81µm
wave_controller_x_inst/_0320_,11.81µm
wave_controller_x_inst/_0724_,11.81µm
wave_controller_x_inst/_0765_,11.81µm
wave_controller_x_inst/_1023_,11.81µm
wave_controller_x_inst/_1474_,11.81µm
wave_controller_x_inst/_1488_,11.81µm
wave_controller_x_inst/_1615_,11.81µm
wave_controller_x_inst/_1749_,11.81µm
wave_controller_y_inst/_0144_,11.81µm
wave_controller_y_inst/_0153_,11.81µm
wave_controller_y_inst/_0187_,11.81µm
wave_controller_y_inst/_0254_,11.81µm
wave_controller_y_inst/_0256_,11.81µm
wave_controller_y_inst/_0360_,11.81µm
wave_controller_y_inst/_0368_,11.81µm
wave_controller_y_inst/_0502_,11.81µm
wave_controller_y_inst/_0706_,11.81µm
wave_controller_y_inst/_0866_,11.81µm
wave_controller_y_inst/_0910_,11.81µm
wave_controller_y_inst/_1087_,11.81µm
wave_controller_y_inst/_1151_,11.81µm
wave_controller_y_inst/_1195_,11.81µm
wave_controller_y_inst/_1260_,11.81µm
wave_controller_y_inst/_1393_,11.81µm
wave_controller_y_inst/_1607_,11.81µm
wave_controller_y_inst/_1723_,11.81µm
cal_phase270_offset_y\[2\],11.76µm
signal_processor_x_inst/s90_pipe\[2\],11.76µm
signal_processor_y_inst/_018_,11.76µm
signal_processor_y_inst/_030_,11.76µm
signal_processor_y_inst/_106_,11.76µm
spi_regs_inst/_0072_,11.76µm
spi_regs_inst/_0130_,11.76µm
spi_regs_inst/_0147_,11.76µm
spi_regs_inst/_0171_,11.76µm
state_machine_inst/_10_,11.76µm
wave_controller_x_inst/_0095_,11.76µm
wave_controller_x_inst/_0117_,11.76µm
wave_controller_x_inst/_0291_,11.76µm
wave_controller_x_inst/_0458_,11.76µm
wave_controller_x_inst/_0500_,11.76µm
wave_controller_x_inst/_0740_,11.76µm
wave_controller_x_inst/_1040_,11.76µm
wave_controller_x_inst/_1141_,11.76µm
wave_controller_x_inst/_1588_,11.76µm
wave_controller_x_inst/_1633_,11.76µm
wave_controller_y_inst/_0100_,11.76µm
wave_controller_y_inst/_0113_,11.76µm
wave_controller_y_inst/_0346_,11.76µm
wave_controller_y_inst/_0363_,11.76µm
wave_controller_y_inst/_0668_,11.76µm
wave_controller_y_inst/_0726_,11.76µm
wave_controller_y_inst/_0734_,11.76µm
wave_controller_y_inst/_0899_,11.76µm
wave_controller_y_inst/_0970_,11.76µm
wave_controller_y_inst/_1003_,11.76µm
wave_controller_y_inst/_1029_,11.76µm
wave_controller_y_inst/_1057_,11.76µm
wave_controller_y_inst/_1149_,11.76µm
wave_controller_y_inst/_1450_,11.76µm
wave_controller_y_inst/_1679_,11.76µm
wave_controller_x_inst/net1229,11.76µm
wave_controller_y_inst/_0974_,11.35µm
spi_regs_inst/_0170_,11.3µm
wave_controller_x_inst/_0392_,11.3µm
wave_controller_x_inst/_0916_,11.3µm
wave_controller_x_inst/_0948_,11.3µm
wave_controller_x_inst/_1025_,11.3µm
wave_controller_x_inst/_1198_,11.3µm
wave_controller_x_inst/_1247_,11.3µm
wave_controller_x_inst/_1296_,11.3µm
wave_controller_x_inst/_1310_,11.3µm
wave_controller_x_inst/_1406_,11.3µm
wave_controller_x_inst/_1658_,11.3µm
wave_controller_y_inst/_0931_,11.3µm
wave_controller_y_inst/_1093_,11.3µm
wave_controller_y_inst/_1360_,11.3µm
wave_controller_y_inst/_1409_,11.3µm
wave_controller_y_inst/_1437_,11.3µm
wave_controller_y_inst/_1680_,11.3µm
cal_phase90_offset_x\[19\],11.25µm
cal_phase90_offset_y\[14\],11.25µm
signal_processor_x_inst/_059_,11.25µm
signal_processor_x_inst/_103_,11.25µm
signal_processor_y_inst/_012_,11.25µm
signal_processor_y_inst/_013_,11.25µm
signal_processor_y_inst/_086_,11.25µm
signal_processor_y_inst/_097_,11.25µm
spi_regs_inst/_0117_,11.25µm
spi_regs_inst/_0188_,11.25µm
spi_regs_inst/_0327_,11.25µm
spi_regs_inst/_0370_,11.25µm
spi_regs_inst/_0490_,11.25µm
spi_regs_inst/_0518_,11.25µm
wave_controller_x_inst/_0023_,11.25µm
wave_controller_x_inst/_0034_,11.25µm
wave_controller_x_inst/_0060_,11.25µm
wave_controller_x_inst/_0108_,11.25µm
wave_controller_x_inst/_0211_,11.25µm
wave_controller_x_inst/_0240_,11.25µm
wave_controller_x_inst/_0371_,11.25µm
wave_controller_x_inst/_0523_,11.25µm
wave_controller_x_inst/_0548_,11.25µm
wave_controller_x_inst/_1104_,11.25µm
wave_controller_x_inst/_1137_,11.25µm
wave_controller_x_inst/_1166_,11.25µm
wave_controller_x_inst/_1172_,11.25µm
wave_controller_x_inst/_1737_,11.25µm
wave_controller_y_inst/_0055_,11.25µm
wave_controller_y_inst/_0069_,11.25µm
wave_controller_y_inst/_0082_,11.25µm
wave_controller_y_inst/_0095_,11.25µm
wave_controller_y_inst/_0196_,11.25µm
wave_controller_y_inst/_0444_,11.25µm
wave_controller_y_inst/_0568_,11.25µm
wave_controller_y_inst/_0796_,11.25µm
wave_controller_y_inst/_0835_,11.25µm
wave_controller_y_inst/_1120_,11.25µm
wave_controller_y_inst/_1177_,11.25µm
wave_controller_y_inst/_1194_,11.25µm
wave_controller_y_inst/_1454_,11.25µm
wave_controller_y_inst/_1516_,11.25µm
wave_controller_y_inst/_1534_,11.25µm
cal_done,11.2µm
signal_processor_x_inst/_012_,11.2µm
signal_processor_x_inst/_018_,11.2µm
signal_processor_x_inst/_071_,11.2µm
signal_processor_y_inst/_015_,11.2µm
signal_processor_y_inst/_065_,11.2µm
spi_regs_inst/_0131_,11.2µm
spi_regs_inst/_0318_,11.2µm
wave_controller_x_inst/_0111_,11.2µm
wave_controller_x_inst/_0149_,11.2µm
wave_controller_x_inst/_0163_,11.2µm
wave_controller_x_inst/_0185_,11.2µm
wave_controller_x_inst/_0323_,11.2µm
wave_controller_x_inst/_0415_,11.2µm
wave_controller_x_inst/_0468_,11.2µm
wave_controller_x_inst/_0502_,11.2µm
wave_controller_x_inst/_0594_,11.2µm
wave_controller_x_inst/_0777_,11.2µm
wave_controller_x_inst/_0805_,11.2µm
wave_controller_x_inst/_0809_,11.2µm
wave_controller_x_inst/_0819_,11.2µm
wave_controller_x_inst/_0867_,11.2µm
wave_controller_x_inst/_0884_,11.2µm
wave_controller_x_inst/_0922_,11.2µm
wave_controller_x_inst/_1080_,11.2µm
wave_controller_x_inst/_1134_,11.2µm
wave_controller_x_inst/_1257_,11.2µm
wave_controller_x_inst/_1578_,11.2µm
wave_controller_x_inst/_1643_,11.2µm
wave_controller_x_inst/_1677_,11.2µm
wave_controller_y_inst/_0029_,11.2µm
wave_controller_y_inst/_0112_,11.2µm
wave_controller_y_inst/_0135_,11.2µm
wave_controller_y_inst/_0175_,11.2µm
wave_controller_y_inst/_0279_,11.2µm
wave_controller_y_inst/_0336_,11.2µm
wave_controller_y_inst/_0705_,11.2µm
wave_controller_y_inst/_0766_,11.2µm
wave_controller_y_inst/_0798_,11.2µm
wave_controller_y_inst/_0808_,11.2µm
wave_controller_y_inst/_0850_,11.2µm
wave_controller_y_inst/_1182_,11.2µm
wave_controller_y_inst/_1342_,11.2µm
wave_controller_y_inst/_1348_,11.2µm
wave_controller_y_inst/_1372_,11.2µm
wave_controller_y_inst/_1520_,11.2µm
wave_controller_y_inst/_1572_,11.2µm
wave_controller_y_inst/_1606_,11.2µm
wave_controller_y_inst/net1151,11.2µm
wave_controller_x_inst/_1404_,10.79µm
wave_controller_x_inst/_1713_,10.79µm
wave_controller_y_inst/_1061_,10.79µm
wave_controller_x_inst/_0388_,10.74µm
wave_controller_x_inst/_1375_,10.74µm
wave_controller_x_inst/_1540_,10.74µm
wave_controller_y_inst/_0145_,10.74µm
wave_controller_y_inst/_0411_,10.74µm
wave_controller_y_inst/_0701_,10.74µm
wave_controller_y_inst/_1117_,10.74µm
wave_controller_y_inst/_1287_,10.74µm
wave_controller_y_inst/_1744_,10.74µm
net1141,10.74µm
signal_processor_x_inst/_092_,10.69µm
signal_processor_y_inst/_001_,10.69µm
signal_processor_y_inst/_003_,10.69µm
signal_processor_y_inst/_103_,10.69µm
spi_regs_inst/_0067_,10.69µm
spi_regs_inst/_0089_,10.69µm
spi_regs_inst/_0180_,10.69µm
spi_regs_inst/_0256_,10.69µm
spi_regs_inst/_0338_,10.69µm
spi_regs_inst/_0508_,10.69µm
wave_controller_x_inst/_0021_,10.69µm
wave_controller_x_inst/_0049_,10.69µm
wave_controller_x_inst/_0101_,10.69µm
wave_controller_x_inst/_0141_,10.69µm
wave_controller_x_inst/_0145_,10.69µm
wave_controller_x_inst/_0383_,10.69µm
wave_controller_x_inst/_0437_,10.69µm
wave_controller_x_inst/_0472_,10.69µm
wave_controller_x_inst/_0487_,10.69µm
wave_controller_x_inst/_0546_,10.69µm
wave_controller_x_inst/_0835_,10.69µm
wave_controller_x_inst/_1159_,10.69µm
wave_controller_x_inst/_1339_,10.69µm
wave_controller_x_inst/_1378_,10.69µm
wave_controller_x_inst/_1419_,10.69µm
wave_controller_x_inst/_1631_,10.69µm
wave_controller_x_inst/_1670_,10.69µm
wave_controller_x_inst/_1681_,10.69µm
wave_controller_y_inst/_0016_,10.69µm
wave_controller_y_inst/_0017_,10.69µm
wave_controller_y_inst/_0028_,10.69µm
wave_controller_y_inst/_0059_,10.69µm
wave_controller_y_inst/_0088_,10.69µm
wave_controller_y_inst/_0089_,10.69µm
wave_controller_y_inst/_0724_,10.69µm
wave_controller_y_inst/_0770_,10.69µm
wave_controller_y_inst/_0982_,10.69µm
wave_controller_y_inst/_1173_,10.69µm
wave_controller_y_inst/_1257_,10.69µm
wave_controller_y_inst/_1388_,10.69µm
wave_controller_y_inst/_1530_,10.69µm
wave_controller_y_inst/_1651_,10.69µm
wave_controller_x_inst/net1430,10.69µm
move_en_x,10.64µm
signal_processor_y_inst/_004_,10.64µm
signal_processor_y_inst/_036_,10.64µm
spi_regs_inst/_0008_,10.64µm
spi_regs_inst/_0048_,10.64µm
spi_regs_inst/_0125_,10.64µm
spi_regs_inst/_0153_,10.64µm
spi_regs_inst/_0177_,10.64µm
spi_regs_inst/_0393_,10.64µm
spi_regs_inst/_0440_,10.64µm
spi_regs_inst/_0445_,10.64µm
wave_controller_x_inst/_0085_,10.64µm
wave_controller_x_inst/_0301_,10.64µm
wave_controller_x_inst/_0375_,10.64µm
wave_controller_x_inst/_0391_,10.64µm
wave_controller_x_inst/_0562_,10.64µm
wave_controller_x_inst/_0773_,10.64µm
wave_controller_x_inst/_0946_,10.64µm
wave_controller_x_inst/_1002_,10.64µm
wave_controller_x_inst/_1035_,10.64µm
wave_controller_x_inst/_1078_,10.64µm
wave_controller_x_inst/_1202_,10.64µm
wave_controller_x_inst/_1287_,10.64µm
wave_controller_x_inst/_1388_,10.64µm
wave_controller_x_inst/_1603_,10.64µm
wave_controller_x_inst/_1718_,10.64µm
wave_controller_y_inst/_0173_,10.64µm
wave_controller_y_inst/_0302_,10.64µm
wave_controller_y_inst/_0366_,10.64µm
wave_controller_y_inst/_0660_,10.64µm
wave_controller_y_inst/_0830_,10.64µm
wave_controller_y_inst/_0874_,10.64µm
wave_controller_y_inst/_0957_,10.64µm
wave_controller_y_inst/_1123_,10.64µm
wave_controller_y_inst/_1130_,10.64µm
wave_controller_y_inst/_1374_,10.64µm
wave_controller_y_inst/_1392_,10.64µm
wave_controller_y_inst/_1396_,10.64µm
wave_controller_y_inst/_1402_,10.64µm
wave_controller_y_inst/_1697_,10.64µm
wave_controller_y_inst/comp_sync0,10.64µm
wave_controller_x_inst/net1258,10.64µm
wave_controller_x_inst/_1181_,10.23µm
wave_controller_x_inst/_1263_,10.23µm
wave_controller_y_inst/_0390_,10.23µm
wave_controller_x_inst/_0914_,10.18µm
wave_controller_x_inst/_0963_,10.18µm
wave_controller_x_inst/_1482_,10.18µm
wave_controller_y_inst/_0532_,10.18µm
wave_controller_y_inst/_0981_,10.18µm
wave_controller_y_inst/_1063_,10.18µm
signal_processor_y_inst/_017_,10.13µm
signal_processor_y_inst/comp_pipe\[1\],10.13µm
spi_regs_inst/_0028_,10.13µm
spi_regs_inst/_0100_,10.13µm
spi_regs_inst/_0172_,10.13µm
spi_regs_inst/_0199_,10.13µm
spi_regs_inst/_0439_,10.13µm
spi_regs_inst/_0684_,10.13µm
wave_controller_x_inst/_0091_,10.13µm
wave_controller_x_inst/_0122_,10.13µm
wave_controller_x_inst/_0257_,10.13µm
wave_controller_x_inst/_0281_,10.13µm
wave_controller_x_inst/_0483_,10.13µm
wave_controller_x_inst/_0668_,10.13µm
wave_controller_x_inst/_0673_,10.13µm
wave_controller_x_inst/_0750_,10.13µm
wave_controller_x_inst/_0842_,10.13µm
wave_controller_x_inst/_0883_,10.13µm
wave_controller_x_inst/_0902_,10.13µm
wave_controller_x_inst/_0942_,10.13µm
wave_controller_x_inst/_1027_,10.13µm
wave_controller_x_inst/_1101_,10.13µm
wave_controller_x_inst/_1357_,10.13µm
wave_controller_x_inst/_1533_,10.13µm
wave_controller_x_inst/_1659_,10.13µm
wave_controller_y_inst/_0057_,10.13µm
wave_controller_y_inst/_0167_,10.13µm
wave_controller_y_inst/_0362_,10.13µm
wave_controller_y_inst/_0417_,10.13µm
wave_controller_y_inst/_0457_,10.13µm
wave_controller_y_inst/_0506_,10.13µm
wave_controller_y_inst/_0817_,10.13µm
wave_controller_y_inst/_0828_,10.13µm
wave_controller_y_inst/_0968_,10.13µm
wave_controller_y_inst/_1148_,10.13µm
wave_controller_y_inst/_1349_,10.13µm
wave_controller_y_inst/_1415_,10.13µm
wave_controller_y_inst/_1539_,10.13µm
wave_controller_y_inst/_1629_,10.13µm
wave_controller_y_inst/_1658_,10.13µm
wave_controller_y_inst/_1694_,10.13µm
wave_controller_y_inst/_1731_,10.13µm
_01_,10.08µm
signal_processor_y_inst/_032_,10.08µm
spi_regs_inst/_0098_,10.08µm
spi_regs_inst/_0204_,10.08µm
spi_regs_inst/_0205_,10.08µm
spi_regs_inst/_0265_,10.08µm
spi_regs_inst/_0400_,10.08µm
spi_regs_inst/_0410_,10.08µm
spi_regs_inst/_0465_,10.08µm
spi_regs_inst/_0631_,10.08µm
wave_controller_x_inst/_0226_,10.08µm
wave_controller_x_inst/_0428_,10.08µm
wave_controller_x_inst/_0449_,10.08µm
wave_controller_x_inst/_0752_,10.08µm
wave_controller_x_inst/_0822_,10.08µm
wave_controller_x_inst/_1124_,10.08µm
wave_controller_x_inst/_1190_,10.08µm
wave_controller_x_inst/_1514_,10.08µm
wave_controller_y_inst/_0033_,10.08µm
wave_controller_y_inst/_0199_,10.08µm
wave_controller_y_inst/_0682_,10.08µm
wave_controller_y_inst/_0731_,10.08µm
wave_controller_y_inst/_0892_,10.08µm
wave_controller_y_inst/_0925_,10.08µm
wave_controller_y_inst/_0926_,10.08µm
wave_controller_y_inst/_0937_,10.08µm
wave_controller_y_inst/_1104_,10.08µm
wave_controller_y_inst/_1109_,10.08µm
wave_controller_y_inst/_1211_,10.08µm
wave_controller_y_inst/_1231_,10.08µm
wave_controller_y_inst/_1356_,10.08µm
wave_controller_y_inst/_1405_,10.08µm
wave_controller_y_inst/_1523_,10.08µm
wave_controller_y_inst/_1586_,10.08µm
wave_controller_y_inst/_1590_,10.08µm
wave_controller_y_inst/_1609_,10.08µm
wave_controller_y_inst/_1732_,10.08µm
wave_controller_y_inst/capture_step\[0\],10.08µm
wave_controller_x_inst/_0213_,9.67µm
wave_controller_x_inst/_1258_,9.67µm
wave_controller_y_inst/_0149_,9.67µm
wave_controller_y_inst/_0929_,9.67µm
spi_regs_inst/net564,9.67µm
spi_regs_inst/_0437_,9.62µm
wave_controller_x_inst/_0256_,9.62µm
wave_controller_x_inst/_0461_,9.62µm
wave_controller_x_inst/_0560_,9.62µm
wave_controller_y_inst/_0281_,9.62µm
wave_controller_y_inst/_0865_,9.62µm
wave_controller_y_inst/_1404_,9.62µm
spi_regs_inst/_0105_,9.57µm
spi_regs_inst/_0122_,9.57µm
spi_regs_inst/_0282_,9.57µm
spi_regs_inst/_0352_,9.57µm
spi_regs_inst/_0388_,9.57µm
spi_regs_inst/_0399_,9.57µm
wave_controller_x_inst/_0019_,9.57µm
wave_controller_x_inst/_0195_,9.57µm
wave_controller_x_inst/_0245_,9.57µm
wave_controller_x_inst/_0316_,9.57µm
wave_controller_x_inst/_0431_,9.57µm
wave_controller_x_inst/_0509_,9.57µm
wave_controller_x_inst/_0577_,9.57µm
wave_controller_x_inst/_1056_,9.57µm
wave_controller_x_inst/_1073_,9.57µm
wave_controller_x_inst/_1136_,9.57µm
wave_controller_x_inst/_1214_,9.57µm
wave_controller_x_inst/_1317_,9.57µm
wave_controller_x_inst/_1459_,9.57µm
wave_controller_y_inst/_0140_,9.57µm
wave_controller_y_inst/_0200_,9.57µm
wave_controller_y_inst/_0283_,9.57µm
wave_controller_y_inst/_0493_,9.57µm
wave_controller_y_inst/_0656_,9.57µm
wave_controller_y_inst/_0688_,9.57µm
wave_controller_y_inst/_1296_,9.57µm
wave_controller_y_inst/_1355_,9.57µm
wave_controller_y_inst/_1474_,9.57µm
wave_controller_y_inst/_1750_,9.57µm
wave_controller_y_inst/net817,9.57µm
wave_controller_x_inst/net932,9.57µm
signal_processor_y_inst/_074_,9.52µm
spi_regs_inst/_0034_,9.52µm
spi_regs_inst/_0389_,9.52µm
spi_regs_inst/_0438_,9.52µm
state_machine_inst/_09_,9.52µm
wave_controller_x_inst/_0015_,9.52µm
wave_controller_x_inst/_0036_,9.52µm
wave_controller_x_inst/_0038_,9.52µm
wave_controller_x_inst/_0080_,9.52µm
wave_controller_x_inst/_0105_,9.52µm
wave_controller_x_inst/_0124_,9.52µm
wave_controller_x_inst/_0243_,9.52µm
wave_controller_x_inst/_0876_,9.52µm
wave_controller_x_inst/_0950_,9.52µm
wave_controller_x_inst/_0959_,9.52µm
wave_controller_x_inst/_1008_,9.52µm
wave_controller_x_inst/_1042_,9.52µm
wave_controller_x_inst/_1156_,9.52µm
wave_controller_x_inst/_1397_,9.52µm
wave_controller_x_inst/_1450_,9.52µm
wave_controller_x_inst/_1687_,9.52µm
wave_controller_y_inst/_0005_,9.52µm
wave_controller_y_inst/_0203_,9.52µm
wave_controller_y_inst/_0286_,9.52µm
wave_controller_y_inst/_0314_,9.52µm
wave_controller_y_inst/_0415_,9.52µm
wave_controller_y_inst/_0548_,9.52µm
wave_controller_y_inst/_0877_,9.52µm
wave_controller_y_inst/_1043_,9.52µm
wave_controller_y_inst/_1160_,9.52µm
wave_controller_y_inst/_1174_,9.52µm
wave_controller_y_inst/_1202_,9.52µm
wave_controller_y_inst/_1365_,9.52µm
wave_controller_y_inst/_1654_,9.52µm
wave_controller_y_inst/net750,9.52µm
net1399,9.52µm
spi_regs_inst/net1491,9.52µm
wave_controller_x_inst/_1150_,9.11µm
wave_controller_x_inst/_1746_,9.11µm
signal_processor_x_inst/_098_,9.06µm
spi_regs_inst/_0502_,9.06µm
wave_controller_x_inst/_0274_,9.06µm
wave_controller_x_inst/_0682_,9.06µm
wave_controller_x_inst/_1427_,9.06µm
wave_controller_x_inst/_1468_,9.06µm
wave_controller_y_inst/_0312_,9.06µm
wave_controller_y_inst/_0401_,9.06µm
wave_controller_y_inst/_0403_,9.06µm
wave_controller_y_inst/_0439_,9.06µm
wave_controller_y_inst/_0776_,9.06µm
wave_controller_y_inst/_0802_,9.06µm
wave_controller_y_inst/_0814_,9.06µm
wave_controller_y_inst/_1334_,9.06µm
wave_controller_y_inst/_1472_,9.06µm
cal_phase0_offset_y\[17\],9.01µm
signal_processor_x_inst/s90_pipe\[0\],9.01µm
spi_regs_inst/_0017_,9.01µm
spi_regs_inst/_0052_,9.01µm
spi_regs_inst/_0331_,9.01µm
spi_regs_inst/_0334_,9.01µm
spi_regs_inst/_0357_,9.01µm
spi_regs_inst/_0382_,9.01µm
spi_regs_inst/_0627_,9.01µm
wave_controller_x_inst/_0056_,9.01µm
wave_controller_x_inst/_0058_,9.01µm
wave_controller_x_inst/_0065_,9.01µm
wave_controller_x_inst/_0069_,9.01µm
wave_controller_x_inst/_0102_,9.01µm
wave_controller_x_inst/_0261_,9.01µm
wave_controller_x_inst/_0450_,9.01µm
wave_controller_x_inst/_0453_,9.01µm
wave_controller_x_inst/_0454_,9.01µm
wave_controller_x_inst/_0896_,9.01µm
wave_controller_x_inst/_1116_,9.01µm
wave_controller_x_inst/_1133_,9.01µm
wave_controller_x_inst/_1143_,9.01µm
wave_controller_x_inst/_1454_,9.01µm
wave_controller_x_inst/_1494_,9.01µm
wave_controller_y_inst/_0047_,9.01µm
wave_controller_y_inst/_0599_,9.01µm
wave_controller_y_inst/_0620_,9.01µm
wave_controller_y_inst/_0687_,9.01µm
wave_controller_y_inst/_0752_,9.01µm
wave_controller_y_inst/_0872_,9.01µm
wave_controller_y_inst/_1022_,9.01µm
wave_controller_y_inst/comp_sync1,9.01µm
spi_regs_inst/net598,9.01µm
spi_regs_inst/net1531,9.01µm
signal_processor_x_inst/_032_,8.96µm
signal_processor_x_inst/_107_,8.96µm
spi_regs_inst/_0010_,8.96µm
spi_regs_inst/_0102_,8.96µm
spi_regs_inst/_0132_,8.96µm
spi_regs_inst/_0302_,8.96µm
spi_regs_inst/_0455_,8.96µm
spi_regs_inst/mosi_sync\[0\],8.96µm
wave_controller_x_inst/_0003_,8.96µm
wave_controller_x_inst/_0126_,8.96µm
wave_controller_x_inst/_0299_,8.96µm
wave_controller_x_inst/_0364_,8.96µm
wave_controller_x_inst/_0421_,8.96µm
wave_controller_x_inst/_0543_,8.96µm
wave_controller_x_inst/_0687_,8.96µm
wave_controller_x_inst/_0913_,8.96µm
wave_controller_x_inst/_1033_,8.96µm
wave_controller_x_inst/_1132_,8.96µm
wave_controller_x_inst/_1165_,8.96µm
wave_controller_x_inst/_1475_,8.96µm
wave_controller_x_inst/_1616_,8.96µm
wave_controller_x_inst/_1644_,8.96µm
wave_controller_x_inst/_1707_,8.96µm
wave_controller_y_inst/_0022_,8.96µm
wave_controller_y_inst/_0039_,8.96µm
wave_controller_y_inst/_0046_,8.96µm
wave_controller_y_inst/_0102_,8.96µm
wave_controller_y_inst/_0121_,8.96µm
wave_controller_y_inst/_0134_,8.96µm
wave_controller_y_inst/_0139_,8.96µm
wave_controller_y_inst/_0212_,8.96µm
wave_controller_y_inst/_0228_,8.96µm
wave_controller_y_inst/_0595_,8.96µm
wave_controller_y_inst/_0661_,8.96µm
wave_controller_y_inst/_0664_,8.96µm
wave_controller_y_inst/_0775_,8.96µm
wave_controller_y_inst/_0795_,8.96µm
wave_controller_y_inst/_0822_,8.96µm
wave_controller_y_inst/_0940_,8.96µm
wave_controller_y_inst/_0946_,8.96µm
wave_controller_y_inst/_0994_,8.96µm
wave_controller_y_inst/_0998_,8.96µm
wave_controller_y_inst/_1014_,8.96µm
wave_controller_y_inst/_1144_,8.96µm
wave_controller_y_inst/_1371_,8.96µm
wave_controller_y_inst/_1384_,8.96µm
wave_controller_y_inst/_1397_,8.96µm
wave_controller_y_inst/_1633_,8.96µm
wave_controller_y_inst/_1638_,8.96µm
wave_controller_y_inst/_1652_,8.96µm
net1553,8.96µm
wave_controller_x_inst/_0025_,8.5µm
wave_controller_x_inst/_0277_,8.5µm
wave_controller_x_inst/_0463_,8.5µm
wave_controller_x_inst/_0479_,8.5µm
wave_controller_x_inst/_1396_,8.5µm
wave_controller_x_inst/_1688_,8.5µm
wave_controller_x_inst/_1748_,8.5µm
wave_controller_y_inst/_0422_,8.5µm
wave_controller_y_inst/_0454_,8.5µm
wave_controller_y_inst/_0513_,8.5µm
wave_controller_y_inst/_1237_,8.5µm
wave_controller_y_inst/_1500_,8.5µm
wave_controller_y_inst/_1644_,8.5µm
wave_controller_y_inst/_1702_,8.5µm
wave_controller_y_inst/net1125,8.5µm
signal_processor_x_inst/_000_,8.45µm
signal_processor_y_inst/_037_,8.45µm
spi_regs_inst/_0014_,8.45µm
spi_regs_inst/_0027_,8.45µm
spi_regs_inst/_0032_,8.45µm
spi_regs_inst/_0103_,8.45µm
spi_regs_inst/_0407_,8.45µm
spi_regs_inst/_0424_,8.45µm
spi_regs_inst/_0500_,8.45µm
wave_controller_x_inst/_0086_,8.45µm
wave_controller_x_inst/_0198_,8.45µm
wave_controller_x_inst/_0298_,8.45µm
wave_controller_x_inst/_0926_,8.45µm
wave_controller_x_inst/_1348_,8.45µm
wave_controller_x_inst/_1467_,8.45µm
wave_controller_y_inst/_0051_,8.45µm
wave_controller_y_inst/_0118_,8.45µm
wave_controller_y_inst/_0763_,8.45µm
wave_controller_y_inst/_1055_,8.45µm
wave_controller_y_inst/_1154_,8.45µm
wave_controller_y_inst/_1499_,8.45µm
wave_controller_y_inst/_1591_,8.45µm
wave_controller_y_inst/_1639_,8.45µm
net1,8.4µm
cal_phase270_offset_x\[19\],8.4µm
signal_processor_x_inst/_017_,8.4µm
signal_processor_y_inst/_000_,8.4µm
signal_processor_y_inst/_038_,8.4µm
spi_regs_inst/_0140_,8.4µm
spi_regs_inst/_0442_,8.4µm
spi_regs_inst/_0551_,8.4µm
spi_regs_inst/_0604_,8.4µm
wave_controller_x_inst/_0002_,8.4µm
wave_controller_x_inst/_0010_,8.4µm
wave_controller_x_inst/_0012_,8.4µm
wave_controller_x_inst/_0018_,8.4µm
wave_controller_x_inst/_0059_,8.4µm
wave_controller_x_inst/_0070_,8.4µm
wave_controller_x_inst/_0071_,8.4µm
wave_controller_x_inst/_0077_,8.4µm
wave_controller_x_inst/_0082_,8.4µm
wave_controller_x_inst/_0089_,8.4µm
wave_controller_x_inst/_0114_,8.4µm
wave_controller_x_inst/_0190_,8.4µm
wave_controller_x_inst/_0219_,8.4µm
wave_controller_x_inst/_0236_,8.4µm
wave_controller_x_inst/_0244_,8.4µm
wave_controller_x_inst/_0346_,8.4µm
wave_controller_x_inst/_0446_,8.4µm
wave_controller_x_inst/_0743_,8.4µm
wave_controller_x_inst/_0770_,8.4µm
wave_controller_x_inst/_0844_,8.4µm
wave_controller_x_inst/_0856_,8.4µm
wave_controller_x_inst/_0925_,8.4µm
wave_controller_x_inst/_1020_,8.4µm
wave_controller_x_inst/_1057_,8.4µm
wave_controller_x_inst/_1128_,8.4µm
wave_controller_x_inst/_1344_,8.4µm
wave_controller_x_inst/_1367_,8.4µm
wave_controller_x_inst/_1422_,8.4µm
wave_controller_x_inst/_1445_,8.4µm
wave_controller_x_inst/_1503_,8.4µm
wave_controller_x_inst/_1725_,8.4µm
wave_controller_x_inst/_1735_,8.4µm
wave_controller_y_inst/_0012_,8.4µm
wave_controller_y_inst/_0030_,8.4µm
wave_controller_y_inst/_0120_,8.4µm
wave_controller_y_inst/_0208_,8.4µm
wave_controller_y_inst/_0323_,8.4µm
wave_controller_y_inst/_0479_,8.4µm
wave_controller_y_inst/_0500_,8.4µm
wave_controller_y_inst/_0670_,8.4µm
wave_controller_y_inst/_0823_,8.4µm
wave_controller_y_inst/_0824_,8.4µm
wave_controller_y_inst/_0906_,8.4µm
wave_controller_y_inst/_0908_,8.4µm
wave_controller_y_inst/_0915_,8.4µm
wave_controller_y_inst/_1021_,8.4µm
wave_controller_y_inst/_1092_,8.4µm
wave_controller_y_inst/_1193_,8.4µm
wave_controller_y_inst/_1310_,8.4µm
wave_controller_y_inst/_1359_,8.4µm
wave_controller_y_inst/_1377_,8.4µm
wave_controller_y_inst/_1564_,8.4µm
wave_controller_y_inst/_1627_,8.4µm
wave_controller_y_inst/_1641_,8.4µm
wave_controller_y_inst/_1681_,8.4µm
wave_controller_y_inst/_0303_,7.99µm
wave_controller_x_inst/_0045_,7.94µm
wave_controller_x_inst/_0088_,7.94µm
wave_controller_x_inst/_0303_,7.94µm
wave_controller_x_inst/_0369_,7.94µm
wave_controller_x_inst/_0370_,7.94µm
wave_controller_x_inst/_0411_,7.94µm
wave_controller_x_inst/_0443_,7.94µm
wave_controller_y_inst/_0157_,7.94µm
wave_controller_y_inst/_0730_,7.94µm
wave_controller_y_inst/_0933_,7.94µm
wave_controller_y_inst/_1391_,7.94µm
wave_controller_y_inst/_1623_,7.94µm
wave_controller_y_inst/ds_acc\[1\],7.94µm
signal_processor_x_inst/_002_,7.89µm
signal_processor_x_inst/_019_,7.89µm
signal_processor_y_inst/_021_,7.89µm
signal_processor_y_inst/_026_,7.89µm
signal_processor_y_inst/_047_,7.89µm
spi_regs_inst/_0020_,7.89µm
spi_regs_inst/_0097_,7.89µm
wave_controller_x_inst/_0121_,7.89µm
wave_controller_x_inst/_0127_,7.89µm
wave_controller_x_inst/_0148_,7.89µm
wave_controller_x_inst/_0168_,7.89µm
wave_controller_x_inst/_0368_,7.89µm
wave_controller_x_inst/_0377_,7.89µm
wave_controller_x_inst/_0507_,7.89µm
wave_controller_x_inst/_0706_,7.89µm
wave_controller_x_inst/_1014_,7.89µm
wave_controller_x_inst/_1071_,7.89µm
wave_controller_x_inst/_1207_,7.89µm
wave_controller_x_inst/_1669_,7.89µm
wave_controller_y_inst/_0035_,7.89µm
wave_controller_y_inst/_0107_,7.89µm
wave_controller_y_inst/_0391_,7.89µm
wave_controller_y_inst/_0671_,7.89µm
wave_controller_y_inst/_0747_,7.89µm
wave_controller_y_inst/_0787_,7.89µm
wave_controller_y_inst/_0934_,7.89µm
wave_controller_y_inst/_1038_,7.89µm
wave_controller_y_inst/_1091_,7.89µm
wave_controller_y_inst/_1352_,7.89µm
wave_controller_y_inst/_1567_,7.89µm
cal_phase0_offset_y\[5\],7.84µm
signal_processor_x_inst/_038_,7.84µm
signal_processor_y_inst/_005_,7.84µm
signal_processor_y_inst/_069_,7.84µm
signal_processor_y_inst/_094_,7.84µm
spi_regs_inst/_0159_,7.84µm
spi_regs_inst/_0406_,7.84µm
spi_regs_inst/_0522_,7.84µm
state_machine_inst/_01_,7.84µm
state_machine_inst/_16_,7.84µm
wave_controller_x_inst/_0016_,7.84µm
wave_controller_x_inst/_0024_,7.84µm
wave_controller_x_inst/_0061_,7.84µm
wave_controller_x_inst/_0170_,7.84µm
wave_controller_x_inst/_0179_,7.84µm
wave_controller_x_inst/_0271_,7.84µm
wave_controller_x_inst/_0597_,7.84µm
wave_controller_x_inst/_0638_,7.84µm
wave_controller_x_inst/_0854_,7.84µm
wave_controller_x_inst/_0940_,7.84µm
wave_controller_x_inst/_1016_,7.84µm
wave_controller_x_inst/_1094_,7.84µm
wave_controller_x_inst/_1109_,7.84µm
wave_controller_x_inst/_1127_,7.84µm
wave_controller_x_inst/_1139_,7.84µm
wave_controller_x_inst/_1351_,7.84µm
wave_controller_x_inst/_1391_,7.84µm
wave_controller_x_inst/_1563_,7.84µm
wave_controller_x_inst/_1727_,7.84µm
wave_controller_y_inst/_0072_,7.84µm
wave_controller_y_inst/_0219_,7.84µm
wave_controller_y_inst/_0298_,7.84µm
wave_controller_y_inst/_0333_,7.84µm
wave_controller_y_inst/_0458_,7.84µm
wave_controller_y_inst/_0481_,7.84µm
wave_controller_y_inst/_0553_,7.84µm
wave_controller_y_inst/_0605_,7.84µm
wave_controller_y_inst/_0702_,7.84µm
wave_controller_y_inst/_0746_,7.84µm
wave_controller_y_inst/_0786_,7.84µm
wave_controller_y_inst/_0902_,7.84µm
wave_controller_y_inst/_1082_,7.84µm
wave_controller_y_inst/_1198_,7.84µm
wave_controller_y_inst/_1347_,7.84µm
wave_controller_y_inst/_1382_,7.84µm
wave_controller_y_inst/_1410_,7.84µm
wave_controller_y_inst/_1502_,7.84µm
wave_controller_y_inst/_1622_,7.84µm
wave_controller_y_inst/_1642_,7.84µm
wave_controller_y_inst/_1649_,7.84µm
wave_controller_y_inst/_1737_,7.84µm
net1343,7.84µm
wave_controller_x_inst/_0007_,7.78µm
signal_processor_x_inst/_096_,7.38µm
spi_regs_inst/_0137_,7.38µm
spi_regs_inst/_0303_,7.38µm
spi_regs_inst/_0450_,7.38µm
wave_controller_x_inst/_0585_,7.38µm
wave_controller_x_inst/_1129_,7.38µm
wave_controller_x_inst/_1403_,7.38µm
wave_controller_y_inst/_0049_,7.38µm
wave_controller_y_inst/_0109_,7.38µm
wave_controller_y_inst/_0771_,7.38µm
wave_controller_y_inst/_0903_,7.38µm
wave_controller_y_inst/_1016_,7.38µm
wave_controller_y_inst/_1369_,7.38µm
wave_controller_y_inst/_1380_,7.38µm
wave_controller_y_inst/_1615_,7.38µm
wave_controller_y_inst/_1706_,7.38µm
wave_controller_y_inst/_1713_,7.38µm
signal_processor_x_inst/_016_,7.33µm
spi_regs_inst/_0062_,7.33µm
spi_regs_inst/_0119_,7.33µm
spi_regs_inst/_0150_,7.33µm
spi_regs_inst/_0169_,7.33µm
spi_regs_inst/_0425_,7.33µm
wave_controller_x_inst/_0017_,7.33µm
wave_controller_x_inst/_0066_,7.33µm
wave_controller_x_inst/_0075_,7.33µm
wave_controller_x_inst/_0123_,7.33µm
wave_controller_x_inst/_0442_,7.33µm
wave_controller_x_inst/_0457_,7.33µm
wave_controller_x_inst/_0840_,7.33µm
wave_controller_x_inst/_1111_,7.33µm
wave_controller_x_inst/_1138_,7.33µm
wave_controller_x_inst/_1346_,7.33µm
wave_controller_x_inst/_1502_,7.33µm
wave_controller_y_inst/_0070_,7.33µm
wave_controller_y_inst/_0076_,7.33µm
wave_controller_y_inst/_0826_,7.33µm
wave_controller_y_inst/_0984_,7.33µm
wave_controller_y_inst/_0993_,7.33µm
wave_controller_y_inst/_1482_,7.33µm
wave_controller_y_inst/_1585_,7.33µm
wave_controller_y_inst/_1626_,7.33µm
spi_regs_inst/net561,7.33µm
net1551,7.33µm
clk_regs,7.28µm
cal_phase270_offset_y\[18\],7.28µm
signal_processor_x_inst/_058_,7.28µm
signal_processor_y_inst/_007_,7.28µm
signal_processor_y_inst/_067_,7.28µm
spi_regs_inst/_0003_,7.28µm
spi_regs_inst/_0031_,7.28µm
spi_regs_inst/_0106_,7.28µm
spi_regs_inst/_0120_,7.28µm
spi_regs_inst/_0148_,7.28µm
spi_regs_inst/_0155_,7.28µm
spi_regs_inst/_0157_,7.28µm
spi_regs_inst/_0167_,7.28µm
spi_regs_inst/_0181_,7.28µm
spi_regs_inst/_0269_,7.28µm
spi_regs_inst/_0289_,7.28µm
spi_regs_inst/_0347_,7.28µm
spi_regs_inst/_0349_,7.28µm
spi_regs_inst/_0361_,7.28µm
spi_regs_inst/_0405_,7.28µm
spi_regs_inst/_0538_,7.28µm
wave_controller_x_inst/_0074_,7.28µm
wave_controller_x_inst/_0078_,7.28µm
wave_controller_x_inst/_0118_,7.28µm
wave_controller_x_inst/_0247_,7.28µm
wave_controller_x_inst/_0280_,7.28µm
wave_controller_x_inst/_0361_,7.28µm
wave_controller_x_inst/_0382_,7.28µm
wave_controller_x_inst/_0568_,7.28µm
wave_controller_x_inst/_0598_,7.28µm
wave_controller_x_inst/_0603_,7.28µm
wave_controller_x_inst/_0758_,7.28µm
wave_controller_x_inst/_0794_,7.28µm
wave_controller_x_inst/_0880_,7.28µm
wave_controller_x_inst/_0915_,7.28µm
wave_controller_x_inst/_0937_,7.28µm
wave_controller_x_inst/_0984_,7.28µm
wave_controller_x_inst/_0996_,7.28µm
wave_controller_x_inst/_1068_,7.28µm
wave_controller_x_inst/_1110_,7.28µm
wave_controller_x_inst/_1130_,7.28µm
wave_controller_x_inst/_1135_,7.28µm
wave_controller_x_inst/_1163_,7.28µm
wave_controller_x_inst/_1394_,7.28µm
wave_controller_x_inst/_1455_,7.28µm
wave_controller_x_inst/_1470_,7.28µm
wave_controller_x_inst/_1570_,7.28µm
wave_controller_x_inst/_1649_,7.28µm
wave_controller_x_inst/_1678_,7.28µm
wave_controller_x_inst/_1744_,7.28µm
wave_controller_y_inst/_0036_,7.28µm
wave_controller_y_inst/_0048_,7.28µm
wave_controller_y_inst/_0056_,7.28µm
wave_controller_y_inst/_0066_,7.28µm
wave_controller_y_inst/_0127_,7.28µm
wave_controller_y_inst/_0169_,7.28µm
wave_controller_y_inst/_0240_,7.28µm
wave_controller_y_inst/_0243_,7.28µm
wave_controller_y_inst/_0277_,7.28µm
wave_controller_y_inst/_0299_,7.28µm
wave_controller_y_inst/_0450_,7.28µm
wave_controller_y_inst/_0518_,7.28µm
wave_controller_y_inst/_0675_,7.28µm
wave_controller_y_inst/_0805_,7.28µm
wave_controller_y_inst/_0810_,7.28µm
wave_controller_y_inst/_0842_,7.28µm
wave_controller_y_inst/_0889_,7.28µm
wave_controller_y_inst/_0913_,7.28µm
wave_controller_y_inst/_1098_,7.28µm
wave_controller_y_inst/_1116_,7.28µm
wave_controller_y_inst/_1165_,7.28µm
wave_controller_y_inst/_1170_,7.28µm
wave_controller_y_inst/_1214_,7.28µm
wave_controller_y_inst/_1337_,7.28µm
wave_controller_y_inst/_1367_,7.28µm
wave_controller_y_inst/_1515_,7.28µm
wave_controller_y_inst/_1518_,7.28µm
wave_controller_y_inst/_1603_,7.28µm
wave_controller_y_inst/_1735_,7.28µm
signal_processor_y_inst/net1350,7.28µm
wave_controller_x_inst/_1232_,6.87µm
wave_controller_y_inst/_1240_,6.87µm
spi_regs_inst/_0240_,6.82µm
spi_regs_inst/_0532_,6.82µm
wave_controller_x_inst/_0367_,6.82µm
wave_controller_y_inst/_1040_,6.82µm
wave_controller_y_inst/_1250_,6.82µm
wave_controller_y_inst/_1398_,6.82µm
signal_processor_x_inst/_009_,6.77µm
signal_processor_x_inst/_031_,6.77µm
signal_processor_x_inst/_033_,6.77µm
signal_processor_x_inst/_093_,6.77µm
signal_processor_y_inst/_072_,6.77µm
signal_processor_y_inst/_099_,6.77µm
spi_regs_inst/_0080_,6.77µm
spi_regs_inst/_0139_,6.77µm
spi_regs_inst/_0194_,6.77µm
spi_regs_inst/_0489_,6.77µm
state_machine_inst/_02_,6.77µm
wave_controller_x_inst/_0093_,6.77µm
wave_controller_x_inst/_0100_,6.77µm
wave_controller_x_inst/_0228_,6.77µm
wave_controller_x_inst/_0266_,6.77µm
wave_controller_x_inst/_0661_,6.77µm
wave_controller_x_inst/_1067_,6.77µm
wave_controller_x_inst/_1604_,6.77µm
wave_controller_x_inst/_1639_,6.77µm
wave_controller_x_inst/_1648_,6.77µm
wave_controller_y_inst/_0013_,6.77µm
wave_controller_y_inst/_0032_,6.77µm
wave_controller_y_inst/_0040_,6.77µm
wave_controller_y_inst/_0094_,6.77µm
wave_controller_y_inst/_0483_,6.77µm
wave_controller_y_inst/_0961_,6.77µm
wave_controller_y_inst/net797,6.77µm
cal_phase0_offset_x\[18\],6.72µm
cfg_f_MEMS_fcw_y\[13\],6.72µm
raw_edge3_x\[1\],6.72µm
signal_processor_x_inst/_008_,6.72µm
signal_processor_y_inst/_081_,6.72µm
spi_regs_inst/_0059_,6.72µm
spi_regs_inst/_0174_,6.72µm
spi_regs_inst/_0190_,6.72µm
spi_regs_inst/_0383_,6.72µm
spi_regs_inst/_0433_,6.72µm
wave_controller_x_inst/_0107_,6.72µm
wave_controller_x_inst/_0110_,6.72µm
wave_controller_x_inst/_0289_,6.72µm
wave_controller_x_inst/_0292_,6.72µm
wave_controller_x_inst/_0325_,6.72µm
wave_controller_x_inst/_0408_,6.72µm
wave_controller_x_inst/_0416_,6.72µm
wave_controller_x_inst/_0512_,6.72µm
wave_controller_x_inst/_0537_,6.72µm
wave_controller_x_inst/_0555_,6.72µm
wave_controller_x_inst/_0567_,6.72µm
wave_controller_x_inst/_0720_,6.72µm
wave_controller_x_inst/_1005_,6.72µm
wave_controller_x_inst/_1075_,6.72µm
wave_controller_x_inst/_1158_,6.72µm
wave_controller_x_inst/_1338_,6.72µm
wave_controller_x_inst/_1345_,6.72µm
wave_controller_x_inst/_1369_,6.72µm
wave_controller_x_inst/_1626_,6.72µm
wave_controller_x_inst/_1719_,6.72µm
wave_controller_x_inst/_1730_,6.72µm
wave_controller_y_inst/_0001_,6.72µm
wave_controller_y_inst/_0015_,6.72µm
wave_controller_y_inst/_0024_,6.72µm
wave_controller_y_inst/_0058_,6.72µm
wave_controller_y_inst/_0080_,6.72µm
wave_controller_y_inst/_0081_,6.72µm
wave_controller_y_inst/_0106_,6.72µm
wave_controller_y_inst/_0168_,6.72µm
wave_controller_y_inst/_0170_,6.72µm
wave_controller_y_inst/_0194_,6.72µm
wave_controller_y_inst/_0247_,6.72µm
wave_controller_y_inst/_0258_,6.72µm
wave_controller_y_inst/_0280_,6.72µm
wave_controller_y_inst/_0328_,6.72µm
wave_controller_y_inst/_0351_,6.72µm
wave_controller_y_inst/_0376_,6.72µm
wave_controller_y_inst/_0388_,6.72µm
wave_controller_y_inst/_0399_,6.72µm
wave_controller_y_inst/_0421_,6.72µm
wave_controller_y_inst/_0465_,6.72µm
wave_controller_y_inst/_0474_,6.72µm
wave_controller_y_inst/_0633_,6.72µm
wave_controller_y_inst/_0657_,6.72µm
wave_controller_y_inst/_0755_,6.72µm
wave_controller_y_inst/_0791_,6.72µm
wave_controller_y_inst/_1013_,6.72µm
wave_controller_y_inst/_1171_,6.72µm
wave_controller_y_inst/_1336_,6.72µm
wave_controller_y_inst/_1338_,6.72µm
wave_controller_y_inst/_1408_,6.72µm
wave_controller_y_inst/_1485_,6.72µm
wave_controller_y_inst/_1527_,6.72µm
wave_controller_y_inst/_1643_,6.72µm
wave_controller_y_inst/_1653_,6.72µm
wave_controller_y_inst/_1666_,6.72µm
wave_controller_y_inst/_1736_,6.72µm
wave_controller_y_inst/cal_burst_count\[1\],6.72µm
wave_controller_x_inst/net878,6.72µm
wave_controller_x_inst/net930,6.72µm
wave_controller_x_inst/_0076_,6.66µm
spi_regs_inst/_0447_,6.49µm
wave_controller_y_inst/_0997_,6.31µm
wave_controller_x_inst/_0438_,6.26µm
wave_controller_x_inst/_0492_,6.26µm
wave_controller_x_inst/_0519_,6.26µm
wave_controller_x_inst/_0660_,6.26µm
wave_controller_x_inst/_1087_,6.26µm
wave_controller_x_inst/_1142_,6.26µm
wave_controller_y_inst/_0067_,6.26µm
wave_controller_y_inst/_0539_,6.26µm
wave_controller_y_inst/_0550_,6.26µm
wave_controller_y_inst/_0584_,6.26µm
wave_controller_y_inst/_0790_,6.26µm
wave_controller_y_inst/_0891_,6.26µm
wave_controller_y_inst/_1535_,6.26µm
signal_processor_x_inst/_035_,6.21µm
spi_regs_inst/_0018_,6.21µm
spi_regs_inst/_0021_,6.21µm
spi_regs_inst/_0054_,6.21µm
spi_regs_inst/_0087_,6.21µm
spi_regs_inst/_0463_,6.21µm
wave_controller_x_inst/_0027_,6.21µm
wave_controller_x_inst/_0067_,6.21µm
wave_controller_x_inst/_0087_,6.21µm
wave_controller_x_inst/_0120_,6.21µm
wave_controller_x_inst/_0181_,6.21µm
wave_controller_x_inst/_0194_,6.21µm
wave_controller_x_inst/_0363_,6.21µm
wave_controller_x_inst/_0504_,6.21µm
wave_controller_x_inst/_0726_,6.21µm
wave_controller_x_inst/_1058_,6.21µm
wave_controller_x_inst/_1509_,6.21µm
wave_controller_x_inst/ds_acc\[8\],6.21µm
wave_controller_y_inst/_0125_,6.21µm
wave_controller_y_inst/_0158_,6.21µm
wave_controller_y_inst/_0161_,6.21µm
wave_controller_y_inst/_0551_,6.21µm
wave_controller_y_inst/_0741_,6.21µm
wave_controller_y_inst/_0876_,6.21µm
wave_controller_y_inst/_1068_,6.21µm
wave_controller_y_inst/_1126_,6.21µm
wave_controller_y_inst/_1522_,6.21µm
wave_controller_y_inst/_1707_,6.21µm
signal_processor_x_inst/_001_,6.16µm
signal_processor_y_inst/_093_,6.16µm
spi_regs_inst/_0111_,6.16µm
spi_regs_inst/_0362_,6.16µm
spi_regs_inst/_0435_,6.16µm
spi_regs_inst/_0524_,6.16µm
wave_controller_x_inst/_0013_,6.16µm
wave_controller_x_inst/_0083_,6.16µm
wave_controller_x_inst/_0104_,6.16µm
wave_controller_x_inst/_0265_,6.16µm
wave_controller_x_inst/_0387_,6.16µm
wave_controller_x_inst/_0601_,6.16µm
wave_controller_x_inst/_0716_,6.16µm
wave_controller_x_inst/_0742_,6.16µm
wave_controller_x_inst/_0775_,6.16µm
wave_controller_x_inst/_0781_,6.16µm
wave_controller_x_inst/_0908_,6.16µm
wave_controller_x_inst/_1011_,6.16µm
wave_controller_x_inst/_1066_,6.16µm
wave_controller_x_inst/_1074_,6.16µm
wave_controller_x_inst/_1082_,6.16µm
wave_controller_x_inst/_1160_,6.16µm
wave_controller_x_inst/_1174_,6.16µm
wave_controller_x_inst/_1209_,6.16µm
wave_controller_x_inst/_1237_,6.16µm
wave_controller_x_inst/_1260_,6.16µm
wave_controller_x_inst/_1456_,6.16µm
wave_controller_x_inst/_1485_,6.16µm
wave_controller_x_inst/_1685_,6.16µm
wave_controller_y_inst/_0019_,6.16µm
wave_controller_y_inst/_0073_,6.16µm
wave_controller_y_inst/_0074_,6.16µm
wave_controller_y_inst/_0083_,6.16µm
wave_controller_y_inst/_0111_,6.16µm
wave_controller_y_inst/_0124_,6.16µm
wave_controller_y_inst/_0496_,6.16µm
wave_controller_y_inst/_0725_,6.16µm
wave_controller_y_inst/_0740_,6.16µm
wave_controller_y_inst/_0973_,6.16µm
wave_controller_y_inst/_1047_,6.16µm
wave_controller_y_inst/_1058_,6.16µm
wave_controller_y_inst/_1119_,6.16µm
wave_controller_y_inst/_1125_,6.16µm
wave_controller_y_inst/_1533_,6.16µm
wave_controller_y_inst/net1379,6.16µm
spi_regs_inst/_0015_,5.7µm
spi_regs_inst/_0092_,5.7µm
spi_regs_inst/_0185_,5.7µm
spi_regs_inst/_0292_,5.7µm
spi_regs_inst/_0537_,5.7µm
wave_controller_x_inst/_0297_,5.7µm
wave_controller_x_inst/_0717_,5.7µm
wave_controller_x_inst/_1421_,5.7µm
wave_controller_y_inst/_0146_,5.7µm
wave_controller_y_inst/_1106_,5.7µm
wave_controller_y_inst/_1580_,5.7µm
wave_controller_y_inst/_1685_,5.7µm
wave_controller_y_inst/_1699_,5.7µm
signal_processor_x_inst/s270_pipe\[1\],5.65µm
signal_processor_y_inst/_025_,5.65µm
spi_regs_inst/_0026_,5.65µm
spi_regs_inst/_0123_,5.65µm
spi_regs_inst/_0133_,5.65µm
spi_regs_inst/_0142_,5.65µm
spi_regs_inst/_0330_,5.65µm
spi_regs_inst/_0378_,5.65µm
spi_regs_inst/_0398_,5.65µm
wave_controller_x_inst/_0040_,5.65µm
wave_controller_x_inst/_0090_,5.65µm
wave_controller_x_inst/_0103_,5.65µm
wave_controller_x_inst/_0469_,5.65µm
wave_controller_x_inst/_0754_,5.65µm
wave_controller_x_inst/_0791_,5.65µm
wave_controller_x_inst/_0954_,5.65µm
wave_controller_x_inst/_1064_,5.65µm
wave_controller_x_inst/_1084_,5.65µm
wave_controller_x_inst/_1099_,5.65µm
wave_controller_x_inst/_1126_,5.65µm
wave_controller_x_inst/_1178_,5.65µm
wave_controller_x_inst/_1398_,5.65µm
wave_controller_y_inst/_0131_,5.65µm
wave_controller_y_inst/_0438_,5.65µm
wave_controller_y_inst/_0507_,5.65µm
wave_controller_y_inst/_0832_,5.65µm
wave_controller_y_inst/_1071_,5.65µm
wave_controller_y_inst/_1610_,5.65µm
wave_controller_y_inst/_1678_,5.65µm
wave_controller_y_inst/_1730_,5.65µm
cfg_f_MEMS_fcw_y\[11\],5.6µm
spi_miso_oe,5.6µm
signal_processor_y_inst/_029_,5.6µm
signal_processor_y_inst/_035_,5.6µm
spi_regs_inst/_0025_,5.6µm
spi_regs_inst/_0035_,5.6µm
spi_regs_inst/_0056_,5.6µm
spi_regs_inst/_0343_,5.6µm
spi_regs_inst/_0453_,5.6µm
wave_controller_x_inst/_0011_,5.6µm
wave_controller_x_inst/_0350_,5.6µm
wave_controller_x_inst/_0584_,5.6µm
wave_controller_x_inst/_0795_,5.6µm
wave_controller_x_inst/_0892_,5.6µm
wave_controller_x_inst/_0895_,5.6µm
wave_controller_x_inst/_1086_,5.6µm
wave_controller_x_inst/_1458_,5.6µm
wave_controller_y_inst/_0008_,5.6µm
wave_controller_y_inst/_0009_,5.6µm
wave_controller_y_inst/_0068_,5.6µm
wave_controller_y_inst/_0086_,5.6µm
wave_controller_y_inst/_0176_,5.6µm
wave_controller_y_inst/_0270_,5.6µm
wave_controller_y_inst/_0408_,5.6µm
wave_controller_y_inst/_0504_,5.6µm
wave_controller_y_inst/_0666_,5.6µm
wave_controller_y_inst/_0673_,5.6µm
wave_controller_y_inst/_0793_,5.6µm
wave_controller_y_inst/_1133_,5.6µm
wave_controller_y_inst/_1487_,5.6µm
wave_controller_y_inst/_1509_,5.6µm
wave_controller_y_inst/_1592_,5.6µm
spi_regs_inst/_0651_,5.14µm
wave_controller_x_inst/_0356_,5.14µm
wave_controller_x_inst/_0761_,5.14µm
wave_controller_x_inst/_0881_,5.14µm
wave_controller_x_inst/_1081_,5.14µm
wave_controller_x_inst/_1119_,5.14µm
wave_controller_x_inst/_1527_,5.14µm
wave_controller_y_inst/_0854_,5.14µm
wave_controller_y_inst/_1147_,5.14µm
wave_controller_y_inst/_1178_,5.14µm
wave_controller_y_inst/_1186_,5.14µm
wave_controller_y_inst/_1421_,5.14µm
signal_processor_x_inst/_083_,5.09µm
spi_regs_inst/_0023_,5.09µm
spi_regs_inst/_0037_,5.09µm
spi_regs_inst/_0058_,5.09µm
spi_regs_inst/_0165_,5.09µm
spi_regs_inst/_0166_,5.09µm
spi_regs_inst/_0201_,5.09µm
spi_regs_inst/_0202_,5.09µm
spi_regs_inst/_0364_,5.09µm
spi_regs_inst/_0497_,5.09µm
spi_regs_inst/_0506_,5.09µm
wave_controller_x_inst/_0521_,5.09µm
wave_controller_x_inst/_0719_,5.09µm
wave_controller_x_inst/_1013_,5.09µm
wave_controller_x_inst/_1098_,5.09µm
wave_controller_x_inst/_1123_,5.09µm
wave_controller_x_inst/_1652_,5.09µm
wave_controller_y_inst/_0289_,5.09µm
wave_controller_y_inst/_0364_,5.09µm
wave_controller_y_inst/_0635_,5.09µm
wave_controller_y_inst/_1065_,5.09µm
wave_controller_y_inst/_1159_,5.09µm
wave_controller_y_inst/_1668_,5.09µm
_02_,5.04µm
signal_processor_x_inst/_067_,5.04µm
signal_processor_x_inst/_100_,5.04µm
signal_processor_y_inst/_051_,5.04µm
spi_regs_inst/_0011_,5.04µm
spi_regs_inst/_0033_,5.04µm
spi_regs_inst/_0088_,5.04µm
spi_regs_inst/_0152_,5.04µm
spi_regs_inst/_0187_,5.04µm
spi_regs_inst/_0193_,5.04µm
spi_regs_inst/_0195_,5.04µm
spi_regs_inst/_0267_,5.04µm
spi_regs_inst/_0283_,5.04µm
spi_regs_inst/_0337_,5.04µm
wave_controller_x_inst/_0022_,5.04µm
wave_controller_x_inst/_0031_,5.04µm
wave_controller_x_inst/_0079_,5.04µm
wave_controller_x_inst/_0119_,5.04µm
wave_controller_x_inst/_0134_,5.04µm
wave_controller_x_inst/_0135_,5.04µm
wave_controller_x_inst/_0531_,5.04µm
wave_controller_x_inst/_0688_,5.04µm
wave_controller_x_inst/_1001_,5.04µm
wave_controller_x_inst/_1017_,5.04µm
wave_controller_x_inst/_1148_,5.04µm
wave_controller_x_inst/_1153_,5.04µm
wave_controller_x_inst/_1365_,5.04µm
wave_controller_x_inst/_1447_,5.04µm
wave_controller_x_inst/_1490_,5.04µm
wave_controller_x_inst/_1523_,5.04µm
wave_controller_y_inst/_0025_,5.04µm
wave_controller_y_inst/_0050_,5.04µm
wave_controller_y_inst/_0077_,5.04µm
wave_controller_y_inst/_0103_,5.04µm
wave_controller_y_inst/_0271_,5.04µm
wave_controller_y_inst/_0387_,5.04µm
wave_controller_y_inst/_0562_,5.04µm
wave_controller_y_inst/_0567_,5.04µm
wave_controller_y_inst/_0597_,5.04µm
wave_controller_y_inst/_0742_,5.04µm
wave_controller_y_inst/_0896_,5.04µm
wave_controller_y_inst/_0969_,5.04µm
wave_controller_y_inst/_1010_,5.04µm
wave_controller_y_inst/_1066_,5.04µm
wave_controller_y_inst/_1169_,5.04µm
wave_controller_y_inst/_1488_,5.04µm
wave_controller_y_inst/_1648_,5.04µm
wave_controller_x_inst/_0210_,4.58µm
wave_controller_x_inst/_0270_,4.58µm
wave_controller_x_inst/_1047_,4.58µm
wave_controller_y_inst/_0297_,4.58µm
wave_controller_y_inst/_0648_,4.58µm
wave_controller_y_inst/_0954_,4.58µm
wave_controller_y_inst/_1056_,4.58µm
wave_controller_y_inst/_1129_,4.58µm
spi_regs_inst/_0403_,4.53µm
state_machine_inst/_13_,4.53µm
wave_controller_x_inst/_0068_,4.53µm
wave_controller_x_inst/_0847_,4.53µm
wave_controller_x_inst/_0979_,4.53µm
wave_controller_x_inst/_0989_,4.53µm
wave_controller_x_inst/_1522_,4.53µm
wave_controller_y_inst/_1209_,4.53µm
signal_processor_x_inst/_003_,4.48µm
signal_processor_x_inst/_034_,4.48µm
signal_processor_x_inst/_051_,4.48µm
signal_processor_x_inst/_085_,4.48µm
signal_processor_y_inst/_024_,4.48µm
signal_processor_y_inst/_039_,4.48µm
signal_processor_y_inst/_059_,4.48µm
spi_regs_inst/_0006_,4.48µm
spi_regs_inst/_0007_,4.48µm
spi_regs_inst/_0040_,4.48µm
spi_regs_inst/_0044_,4.48µm
spi_regs_inst/_0061_,4.48µm
spi_regs_inst/_0066_,4.48µm
spi_regs_inst/_0078_,4.48µm
spi_regs_inst/_0091_,4.48µm
spi_regs_inst/_0094_,4.48µm
spi_regs_inst/_0104_,4.48µm
spi_regs_inst/_0149_,4.48µm
spi_regs_inst/_0161_,4.48µm
spi_regs_inst/_0529_,4.48µm
spi_regs_inst/cs_sync\[0\],4.48µm
wave_controller_x_inst/_0073_,4.48µm
wave_controller_x_inst/_0096_,4.48µm
wave_controller_x_inst/_0229_,4.48µm
wave_controller_x_inst/_0516_,4.48µm
wave_controller_x_inst/_0539_,4.48µm
wave_controller_x_inst/_0677_,4.48µm
wave_controller_x_inst/_0731_,4.48µm
wave_controller_x_inst/_0879_,4.48µm
wave_controller_x_inst/_0958_,4.48µm
wave_controller_x_inst/_1019_,4.48µm
wave_controller_x_inst/_1048_,4.48µm
wave_controller_x_inst/_1095_,4.48µm
wave_controller_x_inst/_1131_,4.48µm
wave_controller_x_inst/_1176_,4.48µm
wave_controller_x_inst/_1264_,4.48µm
wave_controller_x_inst/_1415_,4.48µm
wave_controller_x_inst/_1689_,4.48µm
wave_controller_x_inst/_1702_,4.48µm
wave_controller_x_inst/_1740_,4.48µm
wave_controller_y_inst/_0006_,4.48µm
wave_controller_y_inst/_0007_,4.48µm
wave_controller_y_inst/_0021_,4.48µm
wave_controller_y_inst/_0034_,4.48µm
wave_controller_y_inst/_0060_,4.48µm
wave_controller_y_inst/_0104_,4.48µm
wave_controller_y_inst/_0377_,4.48µm
wave_controller_y_inst/_0478_,4.48µm
wave_controller_y_inst/_0484_,4.48µm
wave_controller_y_inst/_0603_,4.48µm
wave_controller_y_inst/_0689_,4.48µm
wave_controller_y_inst/_0880_,4.48µm
wave_controller_y_inst/_0995_,4.48µm
wave_controller_y_inst/_1001_,4.48µm
wave_controller_y_inst/_1006_,4.48µm
wave_controller_y_inst/_1017_,4.48µm
wave_controller_y_inst/_1041_,4.48µm
wave_controller_y_inst/_1088_,4.48µm
wave_controller_y_inst/_1135_,4.48µm
wave_controller_y_inst/_1201_,4.48µm
wave_controller_y_inst/_1339_,4.48µm
wave_controller_y_inst/_1394_,4.48µm
wave_controller_y_inst/_1470_,4.48µm
wave_controller_y_inst/_1019_,4.2µm
signal_processor_y_inst/_043_,4.02µm
signal_processor_y_inst/_071_,4.02µm
signal_processor_y_inst/_105_,4.02µm
wave_controller_x_inst/_0161_,4.02µm
wave_controller_x_inst/_0422_,4.02µm
wave_controller_x_inst/_0477_,4.02µm
wave_controller_x_inst/_0508_,4.02µm
wave_controller_x_inst/_1021_,4.02µm
wave_controller_x_inst/_1125_,4.02µm
wave_controller_x_inst/_1179_,4.02µm
wave_controller_x_inst/_1347_,4.02µm
wave_controller_x_inst/_1478_,4.02µm
wave_controller_x_inst/_1512_,4.02µm
wave_controller_x_inst/_1549_,4.02µm
wave_controller_y_inst/_0394_,4.02µm
wave_controller_y_inst/_0476_,4.02µm
wave_controller_y_inst/_0761_,4.02µm
wave_controller_y_inst/_1143_,4.02µm
signal_processor_y_inst/s90_pipe\[0\],3.97µm
spi_regs_inst/_0496_,3.97µm
wave_controller_x_inst/_0465_,3.97µm
wave_controller_x_inst/_1065_,3.97µm
wave_controller_y_inst/_0141_,3.97µm
wave_controller_y_inst/_0383_,3.97µm
wave_controller_y_inst/_0720_,3.97µm
wave_controller_y_inst/_1258_,3.97µm
cal_phase0_offset_y\[19\],3.92µm
signal_processor_x_inst/_004_,3.92µm
signal_processor_x_inst/_013_,3.92µm
signal_processor_x_inst/_036_,3.92µm
signal_processor_x_inst/_040_,3.92µm
signal_processor_x_inst/_072_,3.92µm
signal_processor_x_inst/_086_,3.92µm
signal_processor_x_inst/comp_pipe\[0\],3.92µm
signal_processor_y_inst/_002_,3.92µm
signal_processor_y_inst/_027_,3.92µm
signal_processor_y_inst/_049_,3.92µm
signal_processor_y_inst/_090_,3.92µm
signal_processor_y_inst/_095_,3.92µm
spi_regs_inst/_0079_,3.92µm
spi_regs_inst/_0101_,3.92µm
spi_regs_inst/_0127_,3.92µm
spi_regs_inst/_0154_,3.92µm
spi_regs_inst/_0163_,3.92µm
spi_regs_inst/_0196_,3.92µm
spi_regs_inst/_0198_,3.92µm
spi_regs_inst/_0200_,3.92µm
spi_regs_inst/_0418_,3.92µm
wave_controller_x_inst/_0026_,3.92µm
wave_controller_x_inst/_0035_,3.92µm
wave_controller_x_inst/_0039_,3.92µm
wave_controller_x_inst/_0042_,3.92µm
wave_controller_x_inst/_0044_,3.92µm
wave_controller_x_inst/_0063_,3.92µm
wave_controller_x_inst/_0081_,3.92µm
wave_controller_x_inst/_0109_,3.92µm
wave_controller_x_inst/_0140_,3.92µm
wave_controller_x_inst/_0518_,3.92µm
wave_controller_x_inst/_0582_,3.92µm
wave_controller_x_inst/_0702_,3.92µm
wave_controller_x_inst/_0736_,3.92µm
wave_controller_x_inst/_0756_,3.92µm
wave_controller_x_inst/_0828_,3.92µm
wave_controller_x_inst/_0882_,3.92µm
wave_controller_x_inst/_0899_,3.92µm
wave_controller_x_inst/_0921_,3.92µm
wave_controller_x_inst/_0961_,3.92µm
wave_controller_x_inst/_1043_,3.92µm
wave_controller_x_inst/_1076_,3.92µm
wave_controller_x_inst/_1169_,3.92µm
wave_controller_x_inst/_1197_,3.92µm
wave_controller_x_inst/_1201_,3.92µm
wave_controller_x_inst/_1280_,3.92µm
wave_controller_x_inst/_1337_,3.92µm
wave_controller_x_inst/_1343_,3.92µm
wave_controller_x_inst/_1359_,3.92µm
wave_controller_x_inst/_1362_,3.92µm
wave_controller_x_inst/_1402_,3.92µm
wave_controller_x_inst/_1524_,3.92µm
wave_controller_x_inst/_1668_,3.92µm
wave_controller_x_inst/_1675_,3.92µm
wave_controller_x_inst/_1694_,3.92µm
wave_controller_y_inst/_0071_,3.92µm
wave_controller_y_inst/_0090_,3.92µm
wave_controller_y_inst/_0117_,3.92µm
wave_controller_y_inst/_0367_,3.92µm
wave_controller_y_inst/_0431_,3.92µm
wave_controller_y_inst/_0515_,3.92µm
wave_controller_y_inst/_0743_,3.92µm
wave_controller_y_inst/_0754_,3.92µm
wave_controller_y_inst/_0879_,3.92µm
wave_controller_y_inst/_0904_,3.92µm
wave_controller_y_inst/_0914_,3.92µm
wave_controller_y_inst/_1042_,3.92µm
wave_controller_y_inst/_1074_,3.92µm
wave_controller_y_inst/_1142_,3.92µm
wave_controller_y_inst/_1264_,3.92µm
wave_controller_y_inst/_1514_,3.92µm
wave_controller_y_inst/_1549_,3.92µm
wave_controller_y_inst/_1675_,3.92µm
wave_controller_y_inst/_1690_,3.92µm
wave_controller_y_inst/net810,3.92µm
spi_regs_inst/_0536_,3.64µm
signal_processor_x_inst/comp_pipe\[1\],3.46µm
signal_processor_x_inst/comp_pipe\[2\],3.46µm
signal_processor_y_inst/s90_pipe\[1\],3.46µm
wave_controller_x_inst/_0362_,3.46µm
wave_controller_x_inst/_0903_,3.46µm
wave_controller_x_inst/_0997_,3.46µm
wave_controller_x_inst/_1072_,3.46µm
wave_controller_x_inst/_1083_,3.46µm
wave_controller_x_inst/_1175_,3.46µm
wave_controller_x_inst/_1372_,3.46µm
wave_controller_x_inst/_1496_,3.46µm
wave_controller_x_inst/_1535_,3.46µm
wave_controller_y_inst/_0327_,3.46µm
wave_controller_y_inst/_0511_,3.46µm
wave_controller_y_inst/_0638_,3.46µm
wave_controller_y_inst/_0717_,3.46µm
wave_controller_y_inst/_1062_,3.46µm
wave_controller_y_inst/_1095_,3.46µm
wave_controller_y_inst/_1503_,3.46µm
wave_controller_x_inst/_1410_,3.41µm
cfg_f_MEMS_fcw_x\[15\],3.36µm
signal_processor_x_inst/_026_,3.36µm
signal_processor_x_inst/_039_,3.36µm
signal_processor_y_inst/_020_,3.36µm
signal_processor_y_inst/_028_,3.36µm
signal_processor_y_inst/s270_pipe\[2\],3.36µm
spi_regs_inst/_0001_,3.36µm
spi_regs_inst/_0005_,3.36µm
spi_regs_inst/_0022_,3.36µm
spi_regs_inst/_0024_,3.36µm
spi_regs_inst/_0038_,3.36µm
spi_regs_inst/_0043_,3.36µm
spi_regs_inst/_0071_,3.36µm
spi_regs_inst/_0076_,3.36µm
spi_regs_inst/_0082_,3.36µm
spi_regs_inst/_0115_,3.36µm
spi_regs_inst/_0134_,3.36µm
spi_regs_inst/_0160_,3.36µm
spi_regs_inst/_0300_,3.36µm
spi_regs_inst/_0328_,3.36µm
spi_regs_inst/_0332_,3.36µm
spi_regs_inst/_0341_,3.36µm
spi_regs_inst/_0472_,3.36µm
spi_regs_inst/_0540_,3.36µm
spi_regs_inst/_0635_,3.36µm
wave_controller_x_inst/_0009_,3.36µm
wave_controller_x_inst/_0028_,3.36µm
wave_controller_x_inst/_0032_,3.36µm
wave_controller_x_inst/_0051_,3.36µm
wave_controller_x_inst/_0062_,3.36µm
wave_controller_x_inst/_0098_,3.36µm
wave_controller_x_inst/_0099_,3.36µm
wave_controller_x_inst/_0153_,3.36µm
wave_controller_x_inst/_0187_,3.36µm
wave_controller_x_inst/_0193_,3.36µm
wave_controller_x_inst/_0196_,3.36µm
wave_controller_x_inst/_0230_,3.36µm
wave_controller_x_inst/_0232_,3.36µm
wave_controller_x_inst/_0286_,3.36µm
wave_controller_x_inst/_0305_,3.36µm
wave_controller_x_inst/_0357_,3.36µm
wave_controller_x_inst/_0376_,3.36µm
wave_controller_x_inst/_0439_,3.36µm
wave_controller_x_inst/_0478_,3.36µm
wave_controller_x_inst/_0496_,3.36µm
wave_controller_x_inst/_0514_,3.36µm
wave_controller_x_inst/_0746_,3.36µm
wave_controller_x_inst/_0763_,3.36µm
wave_controller_x_inst/_0768_,3.36µm
wave_controller_x_inst/_0802_,3.36µm
wave_controller_x_inst/_0826_,3.36µm
wave_controller_x_inst/_0904_,3.36µm
wave_controller_x_inst/_1030_,3.36µm
wave_controller_x_inst/_1045_,3.36µm
wave_controller_x_inst/_1054_,3.36µm
wave_controller_x_inst/_1146_,3.36µm
wave_controller_x_inst/_1387_,3.36µm
wave_controller_x_inst/_1487_,3.36µm
wave_controller_x_inst/_1516_,3.36µm
wave_controller_y_inst/_0002_,3.36µm
wave_controller_y_inst/_0041_,3.36µm
wave_controller_y_inst/_0097_,3.36µm
wave_controller_y_inst/_0098_,3.36µm
wave_controller_y_inst/_0114_,3.36µm
wave_controller_y_inst/_0115_,3.36µm
wave_controller_y_inst/_0230_,3.36µm
wave_controller_y_inst/_0241_,3.36µm
wave_controller_y_inst/_0356_,3.36µm
wave_controller_y_inst/_0357_,3.36µm
wave_controller_y_inst/_0449_,3.36µm
wave_controller_y_inst/_0521_,3.36µm
wave_controller_y_inst/_0651_,3.36µm
wave_controller_y_inst/_0716_,3.36µm
wave_controller_y_inst/_0759_,3.36µm
wave_controller_y_inst/_0809_,3.36µm
wave_controller_y_inst/_0815_,3.36µm
wave_controller_y_inst/_0833_,3.36µm
wave_controller_y_inst/_0853_,3.36µm
wave_controller_y_inst/_0962_,3.36µm
wave_controller_y_inst/_1064_,3.36µm
wave_controller_y_inst/_1078_,3.36µm
wave_controller_y_inst/_1080_,3.36µm
wave_controller_y_inst/_1086_,3.36µm
wave_controller_y_inst/_1094_,3.36µm
wave_controller_y_inst/_1107_,3.36µm
wave_controller_y_inst/_1127_,3.36µm
wave_controller_y_inst/_1128_,3.36µm
wave_controller_y_inst/_1140_,3.36µm
wave_controller_y_inst/_1141_,3.36µm
wave_controller_y_inst/_1235_,3.36µm
wave_controller_y_inst/_1387_,3.36µm
wave_controller_y_inst/_1447_,3.36µm
wave_controller_y_inst/_1505_,3.36µm
wave_controller_y_inst/_1537_,3.36µm
wave_controller_y_inst/_1631_,3.36µm
wave_controller_y_inst/_1670_,3.36µm
wave_controller_y_inst/_1695_,3.36µm
wave_controller_y_inst/_1724_,3.36µm
clknet_0_clk,3.36µm
cal_phase0_offset_x\[20\],2.9µm
signal_processor_x_inst/_052_,2.9µm
spi_regs_inst/_0268_,2.9µm
wave_controller_x_inst/_0238_,2.9µm
wave_controller_x_inst/_0264_,2.9µm
wave_controller_x_inst/_0455_,2.9µm
wave_controller_x_inst/_1183_,2.9µm
wave_controller_x_inst/_1499_,2.9µm
wave_controller_y_inst/_0179_,2.9µm
wave_controller_y_inst/_0244_,2.9µm
wave_controller_y_inst/_0310_,2.9µm
wave_controller_y_inst/_0919_,2.9µm
wave_controller_y_inst/_1318_,2.9µm
wave_controller_y_inst/_1553_,2.9µm
wave_controller_y_inst/_1565_,2.9µm
wave_controller_y_inst/_1634_,2.9µm
wave_controller_y_inst/_1710_,2.9µm
cal_timeout,2.8µm
signal_processor_x_inst/_022_,2.8µm
signal_processor_x_inst/_025_,2.8µm
signal_processor_x_inst/_065_,2.8µm
signal_processor_x_inst/_069_,2.8µm
signal_processor_x_inst/_081_,2.8µm
signal_processor_x_inst/_090_,2.8µm
signal_processor_y_inst/_008_,2.8µm
signal_processor_y_inst/_016_,2.8µm
signal_processor_y_inst/_022_,2.8µm
signal_processor_y_inst/_023_,2.8µm
signal_processor_y_inst/_034_,2.8µm
signal_processor_y_inst/_077_,2.8µm
spi_regs_inst/_0009_,2.8µm
spi_regs_inst/_0013_,2.8µm
spi_regs_inst/_0036_,2.8µm
spi_regs_inst/_0057_,2.8µm
spi_regs_inst/_0060_,2.8µm
spi_regs_inst/_0077_,2.8µm
spi_regs_inst/_0093_,2.8µm
spi_regs_inst/_0095_,2.8µm
spi_regs_inst/_0096_,2.8µm
spi_regs_inst/_0099_,2.8µm
spi_regs_inst/_0121_,2.8µm
spi_regs_inst/_0146_,2.8µm
spi_regs_inst/_0158_,2.8µm
spi_regs_inst/_0162_,2.8µm
spi_regs_inst/_0164_,2.8µm
spi_regs_inst/_0191_,2.8µm
spi_regs_inst/_0192_,2.8µm
spi_regs_inst/_0197_,2.8µm
spi_regs_inst/_0342_,2.8µm
spi_regs_inst/_0346_,2.8µm
spi_regs_inst/_0421_,2.8µm
spi_regs_inst/_0459_,2.8µm
spi_regs_inst/_0582_,2.8µm
spi_regs_inst/_0691_,2.8µm
state_machine_inst/_05_,2.8µm
wave_controller_x_inst/_0020_,2.8µm
wave_controller_x_inst/_0041_,2.8µm
wave_controller_x_inst/_0057_,2.8µm
wave_controller_x_inst/_0094_,2.8µm
wave_controller_x_inst/_0097_,2.8µm
wave_controller_x_inst/_0203_,2.8µm
wave_controller_x_inst/_0310_,2.8µm
wave_controller_x_inst/_0327_,2.8µm
wave_controller_x_inst/_0333_,2.8µm
wave_controller_x_inst/_0381_,2.8µm
wave_controller_x_inst/_0466_,2.8µm
wave_controller_x_inst/_0498_,2.8µm
wave_controller_x_inst/_0511_,2.8µm
wave_controller_x_inst/_0551_,2.8µm
wave_controller_x_inst/_0575_,2.8µm
wave_controller_x_inst/_0599_,2.8µm
wave_controller_x_inst/_0691_,2.8µm
wave_controller_x_inst/_0755_,2.8µm
wave_controller_x_inst/_0934_,2.8µm
wave_controller_x_inst/_0965_,2.8µm
wave_controller_x_inst/_1041_,2.8µm
wave_controller_x_inst/_1167_,2.8µm
wave_controller_x_inst/_1582_,2.8µm
wave_controller_x_inst/_1609_,2.8µm
wave_controller_x_inst/_1710_,2.8µm
wave_controller_y_inst/_0000_,2.8µm
wave_controller_y_inst/_0014_,2.8µm
wave_controller_y_inst/_0018_,2.8µm
wave_controller_y_inst/_0020_,2.8µm
wave_controller_y_inst/_0038_,2.8µm
wave_controller_y_inst/_0045_,2.8µm
wave_controller_y_inst/_0061_,2.8µm
wave_controller_y_inst/_0108_,2.8µm
wave_controller_y_inst/_0110_,2.8µm
wave_controller_y_inst/_0122_,2.8µm
wave_controller_y_inst/_0174_,2.8µm
wave_controller_y_inst/_0232_,2.8µm
wave_controller_y_inst/_0400_,2.8µm
wave_controller_y_inst/_0446_,2.8µm
wave_controller_y_inst/_0516_,2.8µm
wave_controller_y_inst/_0537_,2.8µm
wave_controller_y_inst/_0641_,2.8µm
wave_controller_y_inst/_0745_,2.8µm
wave_controller_y_inst/_0873_,2.8µm
wave_controller_y_inst/_0945_,2.8µm
wave_controller_y_inst/_1031_,2.8µm
wave_controller_y_inst/_1083_,2.8µm
wave_controller_y_inst/_1132_,2.8µm
wave_controller_y_inst/_1145_,2.8µm
wave_controller_y_inst/_1150_,2.8µm
wave_controller_y_inst/_1172_,2.8µm
wave_controller_y_inst/_1200_,2.8µm
wave_controller_y_inst/_1390_,2.8µm
wave_controller_y_inst/_1423_,2.8µm
wave_controller_y_inst/_1424_,2.8µm
wave_controller_y_inst/_1476_,2.8µm
wave_controller_y_inst/_1604_,2.8µm
wave_controller_y_inst/_1740_,2.8µm
wave_controller_y_inst/ds_acc\[8\],2.8µm
spi_regs_inst/_0275_,2.52µm
wave_controller_x_inst/_1115_,2.34µm
wave_controller_y_inst/_1084_,2.34µm
wave_controller_y_inst/_1669_,2.34µm
signal_processor_x_inst/_077_,2.24µm
signal_processor_x_inst/_094_,2.24µm
spi_regs_inst/_0262_,2.24µm
spi_regs_inst/_0526_,2.24µm
spi_regs_inst/_0702_,2.24µm
wave_controller_x_inst/_0675_,2.24µm
wave_controller_x_inst/_0734_,2.24µm
wave_controller_x_inst/_0853_,2.24µm
wave_controller_x_inst/_0973_,2.24µm
wave_controller_x_inst/_1024_,2.24µm
wave_controller_x_inst/_1079_,2.24µm
wave_controller_x_inst/_1085_,2.24µm
wave_controller_x_inst/_1107_,2.24µm
wave_controller_x_inst/_1117_,2.24µm
wave_controller_x_inst/_1489_,2.24µm
wave_controller_x_inst/_1520_,2.24µm
wave_controller_y_inst/_0305_,2.24µm
wave_controller_y_inst/_0735_,2.24µm
wave_controller_y_inst/_0905_,2.24µm
wave_controller_y_inst/_0975_,2.24µm
wave_controller_y_inst/_0979_,2.24µm
wave_controller_y_inst/_1067_,2.24µm
wave_controller_y_inst/_1075_,2.24µm
wave_controller_y_inst/_1097_,2.24µm
wave_controller_y_inst/_1351_,2.24µm
wave_controller_y_inst/_1512_,2.24µm
wave_controller_y_inst/_1701_,2.24µm
signal_processor_y_inst/_056_,1.68µm
signal_processor_y_inst/_092_,1.68µm
state_machine_inst/_17_,1.68µm
wave_controller_x_inst/_0167_,1.68µm
wave_controller_x_inst/_0553_,1.68µm
wave_controller_x_inst/_1120_,1.68µm
wave_controller_x_inst/_1336_,1.68µm
wave_controller_x_inst/_1515_,1.68µm
wave_controller_x_inst/_1634_,1.68µm
wave_controller_y_inst/_0264_,1.68µm
wave_controller_y_inst/_0623_,1.68µm
wave_controller_y_inst/_1048_,1.68µm
wave_controller_y_inst/_1183_,1.68µm
wave_controller_y_inst/_1199_,1.68µm
