net,length_um
clknet_0_clk_regs,1.19544mm
net1415,783.65µm
clknet_3_6__leaf_clk_regs,714.91µm
clknet_3_4__leaf_clk_regs,610.24µm
net1556,594.92µm
spi_regs_inst/_0272_,564.07µm
net11,546.61µm
net12,533.68µm
net14,532.61µm
clk,525.965µm
net13,523.09µm
wave_controller_x_inst/_0615_,505.83µm
clknet_3_1__leaf_clk_regs,474.13µm
clknet_3_2__leaf_clk_regs,465.01µm
clknet_3_5__leaf_clk_regs,442.6µm
raw_edge2_y\[4\],438.83µm
spi_regs_inst/_0564_,422.34µm
clknet_3_3__leaf_clk_regs,408.99µm
cfg_f_MEMS_fcw_x\[0\],408.03µm
wave_controller_x_inst/net262,398.21µm
cfg_f_MEMS_fcw_x\[14\],396.63µm
wave_controller_y_inst/net1144,392.76µm
cfg_f_MEMS_fcw_y\[14\],390.01µm
jitter_flag_y,389.25µm
net16,389.2µm
net15,388.69µm
wave_controller_y_inst/phase_acc\[13\],373.11µm
net1223,368.63µm
spi_regs_inst/_0624_,368.1µm
spi_regs_inst/net965,358.5µm
clknet_3_7__leaf_clk_regs,357.58µm
wave_controller_x_inst/phase_acc\[13\],354.17µm
spi_regs_inst/net877,352.9µm
clknet_3_0__leaf_clk_regs,350.96µm
votes_out_phase_x\[3\],350.71µm
net981,349.74µm
spi_regs_inst/net1001,347.3µm
spi_regs_inst/net1000,346.18µm
wave_controller_y_inst/net508,345.31µm
wave_controller_x_inst/phase_acc\[8\],341.9µm
wave_controller_x_inst/_1121_,339.56µm
spi_regs_inst/net879,339.51µm
cal_done_x,338.95µm
cfg_phase270_offset_y\[4\],338.61µm
net885,337.32µm
spi_regs_inst/net881,330.96µm
cfg_phase270_offset_x\[2\],328.82µm
cal_phase90_offset_y\[14\],328.16µm
delay_wave_cycle_y\[2\],325.64µm
delay_wave_cycle_x\[1\],324.34µm
net1003,323.83µm
cfg_f_MEMS_fcw_y\[4\],320.06µm
wave_controller_x_inst/net297,319.91µm
cfg_phase270_offset_y\[3\],319.86µm
wave_controller_y_inst/net285,319.35µm
cfg_phase0_offset_y\[3\],317.62µm
spi_regs_inst/net882,317.57µm
raw_edge3_x\[19\],317.11µm
net977,316.63µm
cal_phase90_offset_y\[20\],314.72µm
spi_regs_inst/net999,310.44µm
wave_controller_y_inst/net243,310.39µm
net873,309.78µm
votes_out_phase_y\[2\],309.27µm
cfg_phase270_offset_x\[1\],307.64µm
spi_regs_inst/net1002,306.93µm
phase_state_y\[0\],305.81µm
cfg_phase270_offset_x\[19\],305.35µm
raw_edge1_x\[18\],304.89µm
spi_regs_inst/net1116,304.79µm
clknet_leaf_8_clk_regs,304.74µm
wave_controller_y_inst/phase_acc\[8\],304.38µm
spi_regs_inst/net472,304.13µm
cfg_phase0_offset_x\[16\],303.06µm
cal_phase270_offset_y\[15\],301.89µm
raw_edge1_x\[11\],300.52µm
cfg_phase90_offset_x\[3\],299.8µm
cal_phase90_offset_x\[4\],299.7µm
cfg_phase0_offset_x\[4\],299.69µm
net991,299.29µm
phase_state_y\[1\],299.19µm
votes_out_phase_x\[0\],297.41µm
net978,296.83µm
votes_out_phase_x\[2\],294.71µm
cfg_phase90_offset_x\[0\],294.25µm
cfg_phase90_offset_x\[17\],294.2µm
comp_y,294.2µm
cfg_phase90_offset_x\[2\],293.08µm
wave_controller_x_inst/net691,291.96µm
cal_phase90_offset_y\[10\],290.52µm
net874,290.28µm
spi_regs_inst/net380,290.23µm
cfg_phase270_offset_y\[19\],289.77µm
cfg_phase90_offset_x\[18\],289.67µm
cfg_phase270_offset_x\[18\],289.26µm
cfg_phase270_offset_x\[16\],289.21µm
cfg_phase270_offset_x\[3\],288.55µm
raw_edge2_x\[18\],288.55µm
net995,287.34µm
net884,285.19µm
raw_edge3_y\[20\],283.92µm
net974,283.13µm
spi_regs_inst/net1117,282.29µm
cal_phase90_offset_y\[15\],280.56µm
spi_regs_inst/_0692_,280.02µm
net984,278.98µm
cfg_phase270_offset_x\[6\],277.91µm
delay_wave_cycle_y\[0\],277.81µm
net996,277.08µm
net990,276.92µm
state_o\[2\],276.38µm
cfg_phase270_offset_x\[4\],276.23µm
wave_controller_y_inst/_1121_,276.23µm
spi_regs_inst/_0567_,276.18µm
state_o\[1\],275.72µm
raw_edge1_x\[3\],273.48µm
boot_complete,272.82µm
raw_edge1_y\[15\],272.42µm
spi_regs_inst/_0693_,272.26µm
cfg_phase270_offset_x\[0\],271.85µm
net853,271.75µm
wave_controller_y_inst/net234,271.6µm
wave_controller_x_inst/_1122_,270.53µm
cfg_phase90_offset_y\[0\],269.46µm
cfg_phase90_offset_y\[6\],269.46µm
cfg_phase90_offset_y\[16\],268.9µm
delaynet_2_clk,268.8µm
clknet_leaf_28_clk_regs,268.64µm
raw_edge3_x\[12\],268.44µm
cfg_phase0_offset_x\[0\],268.34µm
cfg_phase0_offset_x\[20\],267.83µm
raw_edge3_x\[11\],267.68µm
net983,267.22µm
cfg_phase90_offset_y\[17\],266.71µm
spi_regs_inst/net323,266.15µm
delay_wave_cycle_x\[5\],265.64µm
cfg_phase0_offset_y\[2\],265.18µm
spi_regs_inst/net1115,265.08µm
net869,264.47µm
delaynet_0_clk,264.37µm
raw_edge1_y\[18\],263.96µm
cfg_phase0_offset_x\[17\],263.91µm
net994,263.4µm
spi_regs_inst/net437,262.84µm
cal_phase90_offset_y\[3\],262.79µm
spi_regs_inst/net379,262.79µm
votes_in_phase_y\[1\],262.74µm
net970,261.57µm
net972,261.06µm
spi_regs_inst/net417,260.76µm
raw_edge3_x\[17\],259.99µm
net850,259.43µm
net1004,259.43µm
net987,258.36µm
clknet_leaf_2_clk_regs,257.44µm
raw_edge1_x\[9\],257.34µm
cal_phase90_offset_x\[8\],257.24µm
cfg_phase90_offset_x\[15\],256.73µm
delay_wave_cycle_x\[2\],256.63µm
raw_edge3_x\[4\],256.58µm
cfg_phase90_offset_y\[3\],256.07µm
spi_regs_inst/_0713_,255.52µm
delaynet_1_clk,255.41µm
net870,254.58µm
bidir_out[4],254.1µm
cfg_phase0_offset_x\[18\],253.93µm
spi_regs_inst/net422,253.93µm
spi_regs_inst/_0563_,253.88µm
net969,253.32µm
cfg_phase270_offset_x\[14\],252.76µm
cfg_phase270_offset_y\[7\],252.15µm
cal_phase90_offset_y\[19\],251.49µm
cfg_f_MEMS_fcw_x\[4\],250.93µm
net966,250.93µm
net967,250.93µm
votes_in_phase_y\[2\],250.47µm
bidir_out[5],249.62µm
cfg_phase90_offset_x\[19\],249.3µm
net858,247.16µm
net975,246.55µm
net998,244.82µm
spi_regs_inst/net880,244.72µm
clknet_leaf_21_clk_regs,243.8µm
spi_regs_inst/_0214_,243.7µm
spi_regs_inst/net409,243.29µm
spi_regs_inst/net1118,243.29µm
net859,243.19µm
net849,243.09µm
net997,242.68µm
jitter_flag_x,242.58µm
cal_phase90_offset_x\[6\],242.53µm
spi_regs_inst/_0492_,242.16µm
spi_regs_inst/_0662_,242.07µm
raw_edge3_x\[10\],241.1µm
spi_regs_inst/net1119,240.9µm
clknet_leaf_12_clk_regs,239.93µm
raw_edge1_y\[14\],239.68µm
net992,239.27µm
cal_phase90_offset_x\[13\],239.02µm
bidir_out[7],237.91µm
spi_regs_inst/net382,237.78µm
cfg_phase0_offset_y\[19\],237.59µm
wave_controller_y_inst/net287,237.59µm
bidir_out[6],236.74µm
net848,236.47µm
net1161,236.42µm
cfg_phase90_offset_y\[19\],235.96µm
spi_regs_inst/net432,235.96µm
cfg_phase0_offset_x\[3\],235.86µm
wave_controller_x_inst/net299,235.86µm
cfg_phase90_offset_x\[6\],235.35µm
raw_edge1_y\[10\],234.43µm
cfg_phase0_offset_x\[2\],234.18µm
votes_out_phase_y\[1\],234.18µm
spi_regs_inst/_0294_,233.67µm
net982,233.57µm
spi_regs_inst/_0287_,233.56µm
spi_regs_inst/_0704_,233.38µm
raw_edge1_y\[20\],233.21µm
spi_regs_inst/net440,233.16µm
spi_regs_inst/net449,232.55µm
net862,232.45µm
net872,232.45µm
votes_in_phase_y\[3\],231.99µm
cal_phase90_offset_y\[11\],231.94µm
cfg_phase270_offset_y\[18\],231.48µm
raw_edge1_x\[10\],231.38µm
net993,231.38µm
spi_regs_inst/_0690_,231.07µm
cfg_phase90_offset_y\[18\],231.02µm
spi_regs_inst/_0227_,230.82µm
analog[1],230.32µm
cal_phase0_offset_y\[1\],229.75µm
spi_regs_inst/net883,229.7µm
comp_x,228.95µm
clknet_leaf_13_clk_regs,228.88µm
net868,228.68µm
net1561,228.37µm
delay_wave_cycle_x\[0\],228.07µm
cfg_phase0_offset_x\[6\],228.02µm
cal_phase90_offset_x\[14\],227.94µm
net980,227.79µm
analog[0],227.22µm
cal_phase270_offset_x\[15\],227µm
spi_regs_inst/net1113,226.95µm
spi_regs_inst/net381,226.44µm
raw_edge3_x\[13\],226.34µm
raw_edge3_x\[15\],226.34µm
raw_edge3_y\[7\],226.34µm
cfg_phase0_offset_x\[10\],226.29µm
cfg_phase270_offset_y\[5\],226.29µm
spi_regs_inst/net377,226.29µm
spi_regs_inst/spi_addr\[1\],225.83µm
net875,225.83µm
net864,225.78µm
spi_regs_inst/net404,225.32µm
cal_phase90_offset_y\[4\],225.12µm
cfg_phase90_offset_x\[20\],224.56µm
cal_phase270_offset_y\[11\],224.42µm
spi_regs_inst/_0655_,223.73µm
spi_regs_inst/net407,223.69µm
wave_controller_y_inst/_1221_,223.49µm
net854,222.42µm
wave_controller_y_inst/_1227_,221.96µm
wave_controller_x_inst/_1217_,221.81µm
read_en,221.72µm
cfg_phase90_offset_y\[2\],221.3µm
spi_regs_inst/_0271_,220.84µm
raw_edge1_y\[11\],220.79µm
net986,220.79µm
raw_edge1_y\[9\],220.74µm
wave_controller_y_inst/_1122_,220.74µm
wave_controller_y_inst/net656,220.69µm
clknet_leaf_31_clk_regs,220.38µm
raw_edge2_x\[6\],220.23µm
delay_wave_cycle_y\[1\],220.13µm
cal_phase90_offset_y\[8\],219.62µm
wave_controller_y_inst/_1326_,219.57µm
cal_phase270_offset_y\[14\],219.17µm
cfg_phase90_offset_x\[16\],219.11µm
cfg_phase270_offset_y\[12\],219.01µm
cfg_phase90_offset_y\[4\],218.96µm
cfg_phase0_offset_y\[20\],218.45µm
raw_edge3_y\[10\],218.04µm
wave_controller_x_inst/net705,218.04µm
spi_regs_inst/net396,217.38µm
cfg_phase0_offset_x\[19\],216.87µm
wave_controller_y_inst/_1213_,216.26µm
cal_phase90_offset_y\[13\],215.81µm
net867,215.75µm
wave_controller_y_inst/_1208_,215.24µm
cfg_phase270_offset_x\[20\],215.14µm
votes_in_phase_x\[2\],215.09µm
cal_phase90_offset_x\[15\],213.97µm
cfg_phase0_offset_y\[10\],213.97µm
raw_edge3_y\[16\],213.41µm
spi_regs_inst/net390,213.05µm
net976,212.34µm
spi_regs_inst/_0706_,211.83µm
cfg_phase90_offset_x\[5\],211.27µm
net866,210.61µm
cfg_phase0_offset_y\[18\],210.15µm
raw_edge1_x\[17\],210µm
votes_out_phase_x\[1\],209.59µm
wave_controller_y_inst/net645,209.59µm
net865,209.54µm
votes_out_phase_y\[3\],208.93µm
raw_edge3_x\[20\],208.47µm
cfg_phase0_offset_y\[17\],207.96µm
wave_controller_x_inst/net926,207.91µm
cfg_phase270_offset_y\[20\],207.76µm
raw_edge1_x\[7\],206.89µm
spi_regs_inst/_0228_,206.84µm
wave_controller_x_inst/_1227_,206.84µm
spi_regs_inst/_0427_,205.01µm
raw_edge3_y\[5\],204.65µm
cfg_phase90_offset_x\[4\],204.55µm
clknet_leaf_1_clk_regs,204.09µm
cfg_phase270_offset_x\[8\],204.04µm
spi_regs_inst/spi_addr\[2\],204.04µm
wave_controller_y_inst/net662,203.89µm
raw_edge3_y\[17\],203.53µm
net985,202.82µm
wave_controller_y_inst/_1215_,201.85µm
cfg_phase90_offset_x\[12\],201.75µm
net863,201.75µm
wave_controller_x_inst/net692,201.19µm
raw_edge1_x\[8\],200.58µm
votes_in_phase_y\[0\],200.53µm
raw_edge1_y\[13\],200.17µm
cfg_phase90_offset_y\[20\],200.02µm
spi_regs_inst/net376,199.05µm
spi_regs_inst/net310,198.94µm
spi_regs_inst/_0519_,198.85µm
wave_controller_x_inst/_1213_,198.49µm
spi_regs_inst/net429,197.42µm
spi_regs_inst/spi_addr\[3\],197.32µm
wave_controller_x_inst/_1053_,196.76µm
spi_regs_inst/net373,196.76µm
wave_controller_x_inst/net110,196.71µm
wave_controller_y_inst/net651,196.71µm
wave_controller_y_inst/_0615_,196.61µm
cal_phase0_offset_x\[0\],196.15µm
spi_regs_inst/_0669_,196.1µm
spi_regs_inst/net1126,196µm
wave_controller_y_inst/_1205_,195.64µm
raw_edge2_y\[13\],195.54µm
spi_regs_inst/net1028,195.49µm
net973,195.44µm
clknet_leaf_37_clk_regs,195.23µm
wave_controller_y_inst/_1251_,194.98µm
cfg_phase0_offset_x\[5\],194.06µm
spi_regs_inst/net447,193.25µm
spi_regs_inst/net436,192.99µm
raw_edge3_x\[18\],192.79µm
spi_regs_inst/net1120,192.79µm
spi_regs_inst/net469,192.74µm
spi_regs_inst/net416,192.28µm
cfg_phase270_offset_y\[6\],192.23µm
spi_regs_inst/net418,192.18µm
raw_edge1_x\[1\],192.08µm
spi_regs_inst/_0212_,191.72µm
clknet_leaf_36_clk_regs,191.62µm
wave_controller_x_inst/net707,190.75µm
cfg_phase270_offset_y\[15\],190.6µm
cfg_phase270_offset_x\[7\],190.55µm
_04_,190.5µm
cfg_phase90_offset_y\[7\],189.53µm
cfg_phase0_offset_x\[7\],189.43µm
wave_controller_y_inst/net506,189.38µm
wave_controller_y_inst/_1253_,189.33µm
clknet_leaf_10_clk_regs,188.82µm
latch_error_y,188.26µm
spi_regs_inst/net1151,188.26µm
spi_regs_inst/net414,187.85µm
wave_controller_y_inst/net650,187.75µm
cal_phase0_offset_y\[8\],187.62µm
spi_regs_inst/_0207_,187.29µm
wave_controller_y_inst/_0621_,187.19µm
spi_regs_inst/net430,186.17µm
cal_phase90_offset_y\[9\],185.97µm
raw_edge2_y\[16\],185.66µm
raw_edge3_x\[6\],185.56µm
spi_regs_inst/_0673_,185.51µm
spi_regs_inst/net439,185.51µm
spi_regs_inst/_0716_,185.41µm
latch_error_x,184.85µm
wave_controller_x_inst/net225,184.8µm
wave_controller_x_inst/net907,184.39µm
wave_controller_x_inst/net123,184.24µm
clknet_leaf_61_clk_regs,183.98µm
clknet_leaf_52_clk_regs,183.88µm
clknet_leaf_39_clk_regs,183.83µm
clknet_leaf_45_clk_regs,183.37µm
raw_edge1_y\[3\],183.32µm
spi_regs_inst/_0711_,183.27µm
cfg_phase270_offset_x\[5\],183.22µm
net851,183.22µm
spi_regs_inst/net446,182.71µm
spi_regs_inst/net1053,182.66µm
clknet_leaf_29_clk_regs,182.61µm
spi_regs_inst/net375,182.2µm
spi_regs_inst/net442,182.15µm
spi_regs_inst/net1019,182.15µm
net856,181.59µm
spi_regs_inst/net474,181.54µm
spi_regs_inst/net389,181.03µm
spi_regs_inst/net392,181.03µm
cal_phase270_offset_y\[19\],180.98µm
raw_edge3_y\[4\],180.98µm
wave_controller_x_inst/_1246_,180.47µm
spi_regs_inst/net420,180.42µm
net878,180.37µm
wave_controller_y_inst/_1216_,179.96µm
cal_phase270_offset_x\[5\],179.81µm
spi_regs_inst/net460,179.81µm
raw_edge3_x\[5\],179.4µm
spi_regs_inst/reg_wr_addr\[0\],179.4µm
wave_controller_y_inst/_1245_,179.4µm
spi_regs_inst/_0550_,179.35µm
net968,179.2µm
spi_regs_inst/_0678_,178.14µm
raw_edge1_y\[2\],177.72µm
votes_in_phase_x\[0\],177.16µm
raw_edge1_x\[14\],177.11µm
cfg_phase90_offset_x\[14\],177.01µm
spi_regs_inst/net438,177.01µm
bidir_out[8],176.82µm
spi_regs_inst/net401,176.45µm
cal_phase270_offset_y\[6\],176.4µm
cfg_phase90_offset_x\[8\],175.94µm
cfg_phase90_offset_y\[5\],175.43µm
net876,175.33µm
spi_regs_inst/net143,175.02µm
clknet_leaf_35_clk_regs,174.92µm
raw_edge2_y\[11\],174.87µm
wave_controller_y_inst/_1246_,174.87µm
wave_controller_x_inst/net109,174.82µm
cal_phase270_offset_x\[9\],174.31µm
spi_regs_inst/net159,174.26µm
wave_controller_y_inst/net839,173.8µm
wave_controller_y_inst/net278,173.75µm
cal_start,173.7µm
spi_regs_inst/_0210_,173.7µm
wave_controller_x_inst/capture_step\[2\],173.24µm
net1307,173.24µm
wave_controller_y_inst/_1222_,173.19µm
wave_controller_y_inst/net785,173.19µm
spi_regs_inst/_0646_,173.09µm
spi_regs_inst/net1087,172.73µm
cfg_f_MEMS_fcw_y\[13\],172.58µm
wave_controller_x_inst/net698,172.58µm
cal_phase0_offset_x\[6\],172.55µm
spi_regs_inst/_0235_,172.48µm
cal_phase0_offset_x\[5\],172.41µm
spi_regs_inst/net1067,172.07µm
raw_edge2_y\[18\],171.46µm
cfg_phase270_offset_y\[17\],171.18µm
signal_processor_x_inst/net476,171.1µm
raw_edge3_x\[3\],171.05µm
wave_controller_y_inst/net1129,170.9µm
net760,170.85µm
spi_regs_inst/net374,170.8µm
spi_regs_inst/_0219_,170.34µm
spi_regs_inst/_0603_,170.34µm
wave_controller_y_inst/net349,170.34µm
wave_controller_y_inst/net169,169.73µm
cfg_phase270_offset_y\[14\],169.27µm
soft_rst,169.27µm
wave_controller_x_inst/_0630_,168.91µm
cal_phase270_offset_y\[9\],168.66µm
cfg_phase270_offset_x\[13\],168.66µm
spi_regs_inst/_0226_,168.46µm
wave_controller_x_inst/net681,168.3µm
wave_controller_y_inst/net840,168.2µm
wave_controller_x_inst/_1251_,168.15µm
spi_regs_inst/net433,167.54µm
wave_controller_y_inst/_0647_,167.49µm
spi_regs_inst/net394,167.23µm
net1554,166.42µm
cal_phase90_offset_y\[7\],166.37µm
raw_edge1_x\[15\],166.32µm
spi_regs_inst/_0334_,165.93µm
wave_controller_x_inst/_1245_,165.91µm
clknet_leaf_0_clk_regs,165.45µm
cal_phase0_offset_y\[9\],165.4µm
raw_edge3_y\[14\],165.35µm
spi_regs_inst/net1131,165.35µm
spi_regs_inst/_0562_,165.2µm
cfg_phase0_offset_y\[15\],164.97µm
cal_phase270_offset_x\[7\],164.79µm
clknet_leaf_54_clk_regs,164.33µm
wave_controller_y_inst/phase_acc\[2\],163.67µm
spi_regs_inst/net400,163.62µm
spi_regs_inst/net399,163.57µm
spi_regs_inst/net157,163.16µm
cal_phase270_offset_x\[6\],163.13µm
spi_regs_inst/_0355_,163.06µm
spi_regs_inst/net276,163.06µm
wave_controller_x_inst/net706,163.01µm
wave_controller_x_inst/net256,162.96µm
wave_controller_x_inst/_0683_,162.6µm
cfg_phase90_offset_y\[8\],162.5µm
wave_controller_y_inst/net168,162.5µm
cal_phase270_offset_y\[3\],161.99µm
wave_controller_x_inst/net251,161.99µm
wave_controller_x_inst/net535,161.99µm
spi_regs_inst/net130,161.94µm
wave_controller_x_inst/_1218_,161.53µm
spi_regs_inst/_0687_,161.43µm
spi_regs_inst/_0699_,161.43µm
wave_controller_x_inst/net259,161.43µm
spi_regs_inst/net408,161.38µm
spi_regs_inst/net1146,161.38µm
bidir_out[9],161.19µm
spi_regs_inst/reg_wr_addr\[2\],161.02µm
spi_regs_inst/_0576_,160.97µm
raw_edge3_y\[13\],160.92µm
net7,160.87µm
wave_controller_y_inst/_1248_,160.77µm
spi_regs_inst/net160,160.76µm
cfg_phase270_offset_y\[16\],160.31µm
spi_regs_inst/net1104,160.21µm
net1555,160.21µm
net857,160.16µm
clknet_leaf_34_clk_regs,159.9µm
spi_regs_inst/reg_wr_data\[7\],159.75µm
spi_regs_inst/net576,159.75µm
wave_controller_y_inst/net237,159.7µm
net8,159.65µm
wave_controller_x_inst/phase_acc\[16\],159.65µm
wave_controller_x_inst/net939,159.6µm
clknet_leaf_18_clk_regs,159.34µm
spi_regs_inst/_0654_,159.24µm
spi_regs_inst/_0208_,159.19µm
spi_regs_inst/_0488_,159.19µm
wave_controller_x_inst/_0811_,159.14µm
spi_regs_inst/net386,159.09µm
spi_regs_inst/_0367_,158.58µm
clknet_leaf_38_clk_regs,158.37µm
net4,158.12µm
wave_controller_x_inst/net142,157.97µm
raw_edge3_y\[15\],157.51µm
wave_controller_y_inst/net74,157.51µm
spi_regs_inst/net1010,157.51µm
cfg_phase0_offset_y\[16\],157.46µm
wave_controller_y_inst/_1364_,156.8µm
spi_regs_inst/net391,156.8µm
spi_regs_inst/net1030,156.8µm
wave_controller_y_inst/wave_cycle_cnt\[1\],156.67µm
clknet_leaf_23_clk_regs,156.49µm
cal_phase90_offset_x\[9\],156.47µm
spi_regs_inst/net403,156.34µm
net1557,156.29µm
spi_regs_inst/_0659_,156.24µm
wave_controller_x_inst/net290,156.24µm
spi_regs_inst/_0668_,155.78µm
wave_controller_y_inst/net1140,155.78µm
wave_controller_x_inst/net540,155.68µm
wave_controller_y_inst/net763,155.5µm
clknet_leaf_20_clk_regs,155.27µm
wave_controller_x_inst/net223,155.22µm
spi_regs_inst/net415,155.22µm
cfg_phase0_offset_x\[12\],155.17µm
spi_regs_inst/net421,155.17µm
cal_phase270_offset_y\[8\],155.12µm
spi_regs_inst/_0642_,154.71µm
wave_controller_x_inst/net539,154.71µm
spi_regs_inst/_0415_,154.66µm
wave_controller_x_inst/net214,154.61µm
wave_controller_y_inst/_0893_,154.56µm
spi_regs_inst/net18,154.56µm
spi_regs_inst/net431,154.2µm
wave_controller_x_inst/_0418_,154.15µm
spi_regs_inst/net309,154.1µm
spi_regs_inst/net312,154.1µm
spi_regs_inst/_0605_,153.54µm
wave_controller_x_inst/_0712_,153.49µm
clknet_leaf_6_clk_regs,153.08µm
wave_controller_x_inst/net127,153.03µm
spi_regs_inst/_0702_,152.93µm
wave_controller_x_inst/net525,152.52µm
spi_regs_inst/net1013,152.47µm
clknet_leaf_60_clk_regs,152.47µm
wave_controller_x_inst/net947,152.42µm
spi_regs_inst/net419,152.37µm
wave_controller_x_inst/net718,151.91µm
raw_edge3_y\[18\],151.86µm
cal_phase90_offset_x\[16\],151.81µm
spi_regs_inst/net1031,151.76µm
spi_regs_inst/net1093,151.76µm
wave_controller_x_inst/phase_acc\[2\],151.35µm
spi_regs_inst/net1138,151.3µm
spi_regs_inst/_0317_,151.25µm
clknet_leaf_33_clk_regs,150.89µm
wave_controller_x_inst/net362,150.79µm
spi_regs_inst/_0689_,150.74µm
wave_controller_y_inst/_0156_,150.69µm
cfg_phase0_offset_x\[8\],150.33µm
wave_controller_x_inst/phase_acc\[1\],150.23µm
wave_controller_y_inst/net644,150.23µm
cfg_phase90_offset_y\[12\],150.18µm
spi_regs_inst/_0218_,149.77µm
spi_regs_inst/net244,149.74µm
spi_regs_inst/net398,149.67µm
spi_regs_inst/_0682_,149.62µm
wave_controller_y_inst/_1217_,149.62µm
wave_controller_y_inst/net492,149.62µm
cfg_phase270_offset_y\[8\],149.06µm
spi_regs_inst/_0419_,149.06µm
net861,148.83µm
cfg_phase0_offset_y\[7\],148.6µm
cfg_phase0_offset_y\[13\],148.55µm
wave_controller_y_inst/net136,148.5µm
spi_regs_inst/net1063,148.45µm
spi_regs_inst/net304,148.4µm
spi_regs_inst/net1088,148.4µm
spi_regs_inst/_0534_,148.04µm
wave_controller_x_inst/_1029_,147.99µm
spi_regs_inst/net443,147.99µm
spi_regs_inst/_0476_,147.94µm
spi_regs_inst/_0707_,147.94µm
wave_controller_y_inst/_1255_,147.94µm
cal_phase90_offset_x\[10\],147.84µm
wave_controller_y_inst/_1203_,147.53µm
spi_regs_inst/_0225_,147.43µm
spi_regs_inst/net387,147.43µm
wave_controller_y_inst/_1323_,147.38µm
spi_regs_inst/net1086,147.38µm
spi_regs_inst/_0507_,147.33µm
wave_controller_y_inst/net44,147.33µm
raw_edge2_y\[1\],147.07µm
clknet_leaf_44_clk_regs,147.02µm
wave_controller_x_inst/_1253_,146.92µm
wave_controller_y_inst/net846,146.92µm
spi_regs_inst/net1102,146.92µm
spi_regs_inst/net268,146.87µm
raw_edge3_y\[19\],146.77µm
wave_controller_x_inst/_1323_,146.31µm
spi_regs_inst/net311,146.31µm
wave_controller_x_inst/phase_acc\[9\],146.26µm
cal_phase90_offset_y\[16\],146.21µm
wave_controller_y_inst/_0712_,146.21µm
wave_controller_y_inst/net819,146.21µm
wave_controller_y_inst/phase_acc\[17\],145.7µm
spi_regs_inst/_0575_,145.65µm
wave_controller_x_inst/_0621_,145.39µm
clknet_leaf_15_clk_regs,145.39µm
net988,145.24µm
raw_edge2_y\[12\],145.19µm
wave_controller_y_inst/_1009_,145.19µm
spi_regs_inst/net1027,145.19µm
wave_controller_x_inst/net126,145.09µm
net755,145.09µm
spi_regs_inst/_0377_,145.04µm
wave_controller_x_inst/_1233_,145.04µm
spi_regs_inst/net434,144.73µm
clknet_leaf_30_clk_regs,144.73µm
cfg_f_MEMS_fcw_y\[10\],144.63µm
net1236,144.63µm
spi_regs_inst/_0700_,144.58µm
wave_controller_y_inst/phase_acc\[4\],144.58µm
wave_controller_x_inst/net213,144.58µm
spi_regs_inst/net425,144.53µm
cal_phase0_offset_y\[14\],144.48µm
wave_controller_x_inst/net517,144.17µm
wave_controller_x_inst/_1224_,144.07µm
cfg_phase0_offset_y\[1\],144.02µm
spi_regs_inst/_0705_,144.02µm
spi_regs_inst/_0546_,143.97µm
wave_controller_x_inst/_0703_,143.51µm
spi_regs_inst/net1042,143.51µm
spi_regs_inst/_0452_,143.41µm
cal_phase0_offset_x\[1\],142.95µm
raw_edge2_y\[9\],142.85µm
spi_regs_inst/net1103,142.8µm
spi_regs_inst/_0206_,142.39µm
wave_controller_x_inst/net940,142.34µm
wave_controller_x_inst/_0629_,142.29µm
wave_controller_y_inst/wave_cycle_cnt\[3\],141.88µm
net852,141.83µm
spi_regs_inst/_0215_,141.78µm
wave_controller_x_inst/_0893_,141.78µm
wave_controller_y_inst/net75,141.78µm
wave_controller_y_inst/net200,141.68µm
spi_regs_inst/net1101,141.68µm
clknet_leaf_55_clk_regs,141.47µm
spi_regs_inst/_0723_,141.4µm
wave_controller_x_inst/_1241_,141.22µm
spi_regs_inst/net426,141.22µm
spi_regs_inst/net1097,141.22µm
spi_regs_inst/net435,141.17µm
spi_regs_inst/net1082,141.17µm
wave_controller_x_inst/net963,140.86µm
spi_regs_inst/net1022,140.81µm
wave_controller_y_inst/net758,140.66µm
wave_controller_y_inst/net1188,140.66µm
spi_regs_inst/net388,140.61µm
wave_controller_x_inst/net740,140.56µm
wave_controller_x_inst/net1213,140.56µm
raw_edge2_x\[17\],140.15µm
spi_regs_inst/reg_wr_addr\[1\],140.15µm
wave_controller_y_inst/net821,140.15µm
wave_controller_y_inst/net1114,140.15µm
net979,140.1µm
wave_controller_x_inst/net700,139.59µm
spi_regs_inst/_0209_,139.54µm
wave_controller_x_inst/_0784_,139.49µm
wave_controller_y_inst/_1233_,139.49µm
spi_regs_inst/net721,139.49µm
cal_phase90_offset_x\[11\],139.44µm
wave_controller_x_inst/net712,139.44µm
cfg_phase0_offset_y\[0\],139.08µm
spi_regs_inst/net1006,138.98µm
wave_controller_y_inst/net163,138.93µm
wave_controller_y_inst/_0947_,138.52µm
spi_regs_inst/net1062,138.52µm
wave_controller_x_inst/net699,138.47µm
spi_regs_inst/net384,138.42µm
spi_regs_inst/net1048,138.32µm
wave_controller_x_inst/_1208_,137.91µm
wave_controller_y_inst/_1241_,137.81µm
raw_edge2_x\[20\],137.76µm
wave_controller_y_inst/net55,137.76µm
wave_controller_x_inst/wave_cycle_cnt\[1\],137.55µm
clknet_leaf_56_clk_regs,137.5µm
wave_controller_x_inst/net697,137.45µm
wave_controller_y_inst/net497,137.35µm
spi_regs_inst/net313,137.3µm
votes_in_phase_x\[1\],137.25µm
net1220,137.25µm
clknet_leaf_17_clk_regs,136.99µm
clknet_leaf_4_clk_regs,136.89µm
wave_controller_y_inst/net847,136.84µm
wave_controller_y_inst/net64,136.69µm
clknet_leaf_16_clk_regs,136.33µm
cfg_done,136.13µm
spi_regs_inst/net1071,136.13µm
wave_controller_x_inst/_1009_,136.08µm
wave_controller_x_inst/phase_acc\[3\],136.08µm
spi_regs_inst/_0566_,135.69µm
clknet_leaf_26_clk_regs,135.67µm
wave_controller_x_inst/net90,135.57µm
spi_regs_inst/net1089,135.57µm
spi_regs_inst/_0675_,135.31µm
signal_processor_y_inst/net475,135.26µm
spi_regs_inst/_0710_,135.11µm
clknet_leaf_46_clk_regs,135.06µm
wave_controller_y_inst/net189,135.01µm
spi_regs_inst/net325,134.6µm
cfg_phase90_offset_x\[13\],134.55µm
wave_controller_y_inst/net789,134.5µm
spi_regs_inst/_0542_,134.45µm
clknet_leaf_5_clk_regs,134.09µm
spi_regs_inst/_0583_,134.04µm
wave_controller_y_inst/_1207_,134.04µm
spi_regs_inst/_0464_,133.94µm
wave_controller_x_inst/net716,133.94µm
spi_regs_inst/net1041,133.94µm
wave_controller_y_inst/_1314_,133.89µm
spi_regs_inst/net1230,133.89µm
clknet_leaf_32_clk_regs,133.89µm
spi_regs_inst/net565,133.43µm
wave_controller_y_inst/net774,133.43µm
wave_controller_y_inst/net1124,133.43µm
wave_controller_x_inst/_1219_,133.38µm
wave_controller_y_inst/net59,133.28µm
wave_controller_x_inst/net258,133.28µm
wave_controller_x_inst/_0609_,133.16µm
raw_edge1_y\[0\],132.87µm
cfg_phase90_offset_x\[11\],132.82µm
votes_out_phase_y\[0\],132.82µm
wave_controller_y_inst/net33,132.82µm
wave_controller_y_inst/net756,132.82µm
wave_controller_x_inst/_0645_,132.77µm
wave_controller_x_inst/net294,132.77µm
wave_controller_x_inst/_0947_,132.72µm
cfg_phase0_offset_y\[4\],132.36µm
spi_regs_inst/_0211_,132.31µm
spi_regs_inst/_0720_,132.26µm
spi_regs_inst/net411,132.26µm
spi_regs_inst/_0477_,132.21µm
net759,132.21µm
spi_regs_inst/_0323_,131.8µm
wave_controller_y_inst/net345,131.8µm
clknet_leaf_41_clk_regs,131.8µm
wave_controller_x_inst/net906,131.65µm
spi_regs_inst/_0560_,131.6µm
wave_controller_x_inst/_0713_,131.6µm
clknet_leaf_7_clk_regs,131.39µm
clknet_leaf_51_clk_regs,131.24µm
wave_controller_y_inst/_0713_,131.19µm
wave_controller_y_inst/net490,131.19µm
net989,131.19µm
spi_regs_inst/net1047,131.09µm
wave_controller_x_inst/_1315_,131.04µm
cfg_phase90_offset_x\[7\],130.73µm
wave_controller_x_inst/net80,130.68µm
spi_regs_inst/net1040,130.63µm
cal_phase0_offset_x\[12\],130.56µm
clknet_leaf_49_clk_regs,130.3µm
cal_phase0_offset_x\[4\],130.14µm
cal_phase270_offset_x\[2\],130.07µm
cal_phase90_offset_x\[2\],130.07µm
spi_regs_inst/net1075,130.02µm
cal_phase90_offset_x\[7\],129.92µm
raw_edge2_x\[0\],129.61µm
mems_drv_y,129.53µm
wave_controller_x_inst/_1248_,129.36µm
wave_controller_y_inst/_0923_,129.36µm
clknet_leaf_53_clk_regs,129.2µm
analog[3],128.99µm
cal_phase90_offset_y\[6\],128.9µm
wave_controller_y_inst/net482,128.9µm
net742,128.9µm
cal_phase90_offset_y\[18\],128.85µm
spi_regs_inst/_0458_,128.85µm
wave_controller_x_inst/net1263,128.85µm
delay_wave_cycle_x\[6\],128.44µm
spi_regs_inst/_0671_,128.39µm
wave_controller_y_inst/net149,128.29µm
wave_controller_x_inst/net896,128.29µm
wave_controller_y_inst/_1325_,128.03µm
cfg_phase90_offset_x\[9\],127.83µm
wave_controller_y_inst/net22,127.83µm
spi_regs_inst/_0387_,127.78µm
wave_controller_y_inst/net199,127.78µm
spi_regs_inst/net445,127.78µm
net1305,127.73µm
cal_phase270_offset_x\[12\],127.68µm
analog[2],127.67µm
spi_regs_inst/_0217_,127.22µm
spi_regs_inst/net441,127.22µm
cfg_f_MEMS_fcw_x\[6\],127.17µm
wave_controller_x_inst/net292,127.17µm
spi_regs_inst/net1081,127.17µm
spi_regs_inst/_0345_,127.12µm
cal_phase0_offset_y\[10\],126.61µm
spi_regs_inst/net1381,126.61µm
cal_phase90_offset_y\[12\],126.56µm
wave_controller_x_inst/_0923_,126.56µm
wave_controller_y_inst/net73,126.05µm
spi_regs_inst/_0523_,126µm
wave_controller_x_inst/_1321_,125.74µm
cal_phase90_offset_x\[20\],125.59µm
raw_edge2_x\[12\],125.59µm
spi_regs_inst/net468,125.59µm
signal_processor_y_inst/net331,125.54µm
spi_regs_inst/net395,125.54µm
phase_state_x\[0\],125.49µm
wave_controller_x_inst/_0155_,125.49µm
wave_controller_y_inst/net198,125.49µm
spi_regs_inst/net1008,125.49µm
net1552,125.13µm
spi_regs_inst/net1214,125.08µm
spi_regs_inst/net603,125.03µm
spi_regs_inst/net318,124.98µm
wave_controller_y_inst/net1190,124.98µm
spi_regs_inst/_0297_,124.93µm
wave_controller_x_inst/net219,124.93µm
spi_regs_inst/net1051,124.93µm
wave_controller_x_inst/net1222,124.93µm
wave_controller_y_inst/net191,124.57µm
spi_regs_inst/net1092,124.52µm
spi_regs_inst/_0679_,124.47µm
wave_controller_y_inst/net505,124.47µm
spi_regs_inst/net424,124.42µm
spi_regs_inst/net17,124.37µm
wave_controller_y_inst/net1147,124.37µm
cal_phase90_offset_x\[12\],124.22µm
spi_regs_inst/net1068,123.96µm
clknet_leaf_3_clk_regs,123.81µm
spi_regs_inst/_0587_,123.76µm
wave_controller_y_inst/_1350_,123.76µm
spi_regs_inst/net1066,123.58µm
wave_controller_y_inst/_1218_,123.5µm
wave_controller_y_inst/net507,123.4µm
clknet_leaf_50_clk_regs,123.4µm
wave_controller_x_inst/_0549_,123.35µm
wave_controller_x_inst/net719,123.35µm
wave_controller_y_inst/net806,123.3µm
spi_regs_inst/net1078,123.3µm
wave_controller_y_inst/net188,123.25µm
spi_regs_inst/_0436_,122.79µm
spi_regs_inst/net1094,122.79µm
spi_regs_inst/_0666_,122.74µm
spi_regs_inst/net720,122.74µm
wave_controller_x_inst/net739,122.74µm
wave_controller_y_inst/_0522_,122.69µm
wave_controller_x_inst/_1205_,122.64µm
net1150,122.23µm
net1413,122.23µm
phase_state_x\[1\],122.13µm
wave_controller_y_inst/_0378_,122.13µm
wave_controller_x_inst/net912,122.13µm
spi_regs_inst/net1083,122.13µm
wave_controller_y_inst/_1321_,121.72µm
cal_done_y,121.67µm
clknet_leaf_59_clk_regs,121.67µm
spi_regs_inst/_0307_,121.62µm
spi_regs_inst/net563,121.57µm
spi_regs_inst/net1016,121.57µm
wave_controller_y_inst/net1143,121.57µm
wave_controller_y_inst/_0630_,121.55µm
wave_controller_x_inst/_0522_,121.52µm
clknet_leaf_42_clk_regs,121.26µm
wave_controller_y_inst/net233,121.16µm
wave_controller_x_inst/net952,121.01µm
wave_controller_y_inst/net1174,121.01µm
raw_edge3_y\[9\],120.65µm
wave_controller_x_inst/net360,120.55µm
spi_regs_inst/net1069,120.5µm
cfg_f_MEMS_fcw_y\[5\],120.45µm
cfg_phase270_offset_x\[9\],120.45µm
wave_controller_y_inst/net339,120.45µm
wave_controller_x_inst/net129,120.4µm
clknet_leaf_57_clk_regs,120.14µm
wave_controller_x_inst/_1312_,119.99µm
wave_controller_y_inst/phase_acc\[16\],119.94µm
spi_regs_inst/_0402_,119.89µm
wave_controller_x_inst/net527,119.89µm
spi_regs_inst/net1098,119.89µm
spi_regs_inst/_0481_,119.84µm
spi_regs_inst/_0608_,119.84µm
clknet_leaf_58_clk_regs,119.53µm
cfg_f_MEMS_fcw_x\[10\],119.48µm
raw_edge1_x\[0\],119.43µm
spi_regs_inst/net428,119.43µm
wave_controller_y_inst/net71,119.38µm
wave_controller_x_inst/net154,119.38µm
wave_controller_x_inst/net543,119.38µm
net1553,119.38µm
spi_regs_inst/net320,119.33µm
spi_regs_inst/net1021,119.33µm
spi_regs_inst/net1014,119.28µm
spi_regs_inst/net1009,118.92µm
cfg_f_MEMS_fcw_x\[7\],118.82µm
spi_regs_inst/net307,118.82µm
wave_controller_x_inst/net522,118.82µm
wave_controller_x_inst/net88,118.77µm
net765,118.72µm
spi_regs_inst/net1026,118.72µm
spi_regs_inst/net1072,118.72µm
wave_controller_x_inst/_0612_,118.49µm
wave_controller_x_inst/net211,118.31µm
spi_regs_inst/_0612_,118.26µm
net1233,118.21µm
spi_regs_inst/net593,118.16µm
wave_controller_y_inst/net822,118.16µm
wave_controller_x_inst/net215,117.7µm
wave_controller_x_inst/net224,117.7µm
wave_controller_y_inst/net503,117.65µm
wave_controller_y_inst/net1154,117.65µm
spi_regs_inst/net605,117.6µm
spi_regs_inst/_0466_,117.24µm
wave_controller_x_inst/_1364_,117.14µm
wave_controller_x_inst/net1261,117.14µm
net1215,117.09µm
wave_controller_x_inst/net1268,117.09µm
spi_regs_inst/net402,117.04µm
clknet_leaf_24_clk_regs,116.83µm
spi_regs_inst/spi_addr\[4\],116.73µm
spi_regs_inst/net448,116.73µm
wave_controller_x_inst/_1242_,116.68µm
wave_controller_x_inst/_1243_,116.63µm
wave_controller_y_inst/_1243_,116.63µm
signal_processor_x_inst/_042_,116.22µm
spi_regs_inst/_0591_,116.07µm
wave_controller_y_inst/_0714_,116.02µm
spi_regs_inst/_0483_,115.97µm
net1196,115.97µm
spi_regs_inst/_0514_,115.92µm
spi_regs_inst/net1024,115.51µm
wave_controller_x_inst/net205,115.46µm
clknet_leaf_48_clk_regs,115.46µm
wave_controller_y_inst/_0811_,115.41µm
spi_regs_inst/net589,115.36µm
spi_regs_inst/net613,115.36µm
spi_regs_inst/net1036,115.36µm
spi_regs_inst/net1080,115.36µm
spi_regs_inst/_0306_,115.1µm
clknet_leaf_9_clk_regs,115µm
raw_edge2_x\[14\],114.95µm
raw_edge2_x\[4\],114.95µm
wave_controller_x_inst/_1433_,114.95µm
wave_controller_y_inst/_1224_,114.95µm
spi_regs_inst/_0721_,114.9µm
wave_controller_y_inst/phase_acc\[0\],114.9µm
wave_controller_x_inst/net927,114.9µm
wave_controller_x_inst/net222,114.85µm
wave_controller_x_inst/net1108,114.8µm
spi_regs_inst/_0239_,114.5µm
spi_regs_inst/net467,114.39µm
wave_controller_x_inst/_1291_,114.34µm
wave_controller_y_inst/net47,114.34µm
wave_controller_x_inst/net532,114.34µm
spi_regs_inst/net308,114.29µm
spi_regs_inst/net1035,114.29µm
clknet_leaf_43_clk_regs,113.88µm
wave_controller_y_inst/net54,113.78µm
net1274,113.78µm
spi_regs_inst/_0493_,113.73µm
spi_regs_inst/net269,113.73µm
spi_regs_inst/net601,113.73µm
wave_controller_y_inst/net764,113.73µm
spi_regs_inst/_0531_,113.68µm
raw_edge2_x\[5\],113.32µm
raw_edge2_x\[16\],113.22µm
spi_regs_inst/_0451_,113.22µm
wave_controller_x_inst/net704,113.22µm
spi_regs_inst/net1099,113.22µm
spi_regs_inst/net595,113.12µm
wave_controller_x_inst/net1208,113.12µm
cfg_f_MEMS_fcw_x\[12\],112.71µm
cfg_phase0_offset_x\[11\],112.66µm
raw_edge3_y\[3\],112.66µm
wave_controller_x_inst/_1216_,112.66µm
wave_controller_x_inst/_1350_,112.66µm
spi_regs_inst/net316,112.61µm
spi_regs_inst/net410,112.61µm
spi_regs_inst/net584,112.28µm
wave_controller_x_inst/_1051_,112.25µm
clknet_leaf_27_clk_regs,112.25µm
spi_regs_inst/_0358_,112.2µm
spi_regs_inst/_0474_,112.15µm
cal_phase270_offset_y\[20\],112.1µm
cfg_f_MEMS_fcw_x\[8\],112.1µm
wave_controller_y_inst/net61,112.1µm
wave_controller_x_inst/net538,112.1µm
net1238,112.1µm
raw_edge2_y\[2\],111.64µm
spi_regs_inst/_0261_,111.59µm
wave_controller_y_inst/net181,111.54µm
cfg_phase0_offset_y\[8\],111.49µm
net748,111.49µm
wave_controller_x_inst/net1202,111.49µm
raw_edge3_y\[8\],111.03µm
spi_regs_inst/_0434_,111.03µm
wave_controller_y_inst/net25,111.03µm
spi_regs_inst/net591,110.98µm
cal_dir_y,110.93µm
spi_regs_inst/_0578_,110.93µm
spi_regs_inst/reg_wr_data\[6\],110.93µm
wave_controller_y_inst/_0549_,110.93µm
spi_regs_inst/net369,110.93µm
spi_regs_inst/net1061,110.88µm
cal_timeout_y,110.52µm
spi_regs_inst/net1379,110.52µm
spi_regs_inst/net324,110.47µm
wave_controller_y_inst/net1133,110.47µm
wave_controller_x_inst/_1316_,110.42µm
wave_controller_x_inst/net83,110.42µm
spi_regs_inst/net412,110.42µm
cal_phase270_offset_y\[0\],110.37µm
wave_controller_y_inst/net499,110.37µm
spi_regs_inst/net590,110.37µm
wave_controller_x_inst/net1210,110.32µm
wave_controller_y_inst/net810,109.96µm
clknet_leaf_14_clk_regs,109.96µm
spi_regs_inst/net471,109.86µm
votes_in_phase_x\[3\],109.81µm
spi_regs_inst/spi_addr\[0\],109.81µm
spi_regs_inst/net1074,109.81µm
wave_controller_x_inst/net1212,109.81µm
cal_phase0_offset_y\[2\],109.76µm
spi_regs_inst/net594,109.3µm
spi_regs_inst/_0600_,109.25µm
wave_controller_y_inst/phase_acc\[1\],109.25µm
wave_controller_y_inst/net192,109.25µm
net855,109.25µm
spi_regs_inst/_0670_,109.2µm
wave_controller_x_inst/_1284_,109.2µm
wave_controller_y_inst/_0150_,109.2µm
wave_controller_x_inst/net357,109.2µm
raw_edge2_y\[15\],108.79µm
spi_regs_inst/_0469_,108.78µm
wave_controller_y_inst/_1312_,108.74µm
wave_controller_y_inst/net69,108.74µm
wave_controller_y_inst/net197,108.74µm
wave_controller_x_inst/net514,108.74µm
spi_regs_inst/net1018,108.74µm
wave_controller_y_inst/net1136,108.74µm
cfg_phase90_offset_x\[10\],108.69µm
spi_regs_inst/_0351_,108.69µm
wave_controller_x_inst/net105,108.69µm
spi_regs_inst/net572,108.69µm
spi_regs_inst/net1025,108.69µm
net1175,108.64µm
net1159,108.51µm
raw_edge2_x\[7\],108.46µm
cfg_phase270_offset_y\[9\],108.33µm
wave_controller_y_inst/net485,108.33µm
cal_phase90_offset_y\[17\],108.18µm
wave_controller_x_inst/net82,108.13µm
net541,108.13µm
net1125,108.13µm
wave_controller_x_inst/_0643_,108.08µm
wave_controller_y_inst/net790,108.08µm
spi_regs_inst/net1165,108.08µm
spi_regs_inst/_0708_,107.67µm
wave_controller_x_inst/net680,107.67µm
wave_controller_x_inst/_1212_,107.62µm
wave_controller_y_inst/net190,107.62µm
wave_controller_x_inst/net122,107.57µm
wave_controller_y_inst/net236,107.57µm
wave_controller_x_inst/net512,107.57µm
wave_controller_x_inst/net210,107.52µm
wave_controller_x_inst/_1557_,107.06µm
net1414,107.06µm
wave_controller_y_inst/net239,107.01µm
wave_controller_y_inst/net348,107.01µm
net1322,107.01µm
wave_controller_y_inst/_0609_,106.96µm
wave_controller_y_inst/net280,106.96µm
spi_regs_inst/net413,106.7µm
raw_edge2_x\[11\],106.55µm
wave_controller_y_inst/net820,106.55µm
spi_regs_inst/net1032,106.55µm
spi_regs_inst/net1065,106.55µm
spi_regs_inst/_0254_,106.5µm
cfg_phase270_offset_y\[0\],106.45µm
wave_controller_y_inst/_0520_,106.45µm
spi_regs_inst/net305,106.45µm
wave_controller_y_inst/net481,106.45µm
wave_controller_x_inst/net933,106.45µm
wave_controller_x_inst/net1247,106.45µm
spi_regs_inst/_0288_,106.4µm
spi_regs_inst/_0375_,106.4µm
spi_regs_inst/_0661_,106.4µm
wave_controller_y_inst/net240,106.4µm
signal_processor_y_inst/net333,106.09µm
cfg_f_MEMS_fcw_y\[9\],105.94µm
spi_regs_inst/net444,105.94µm
wave_controller_x_inst/net717,105.94µm
wave_controller_y_inst/net1189,105.84µm
cfg_phase0_offset_x\[14\],105.56µm
wave_controller_y_inst/_1322_,105.48µm
cal_phase90_offset_x\[1\],105.43µm
raw_edge2_y\[3\],105.43µm
cfg_phase0_offset_x\[1\],105.38µm
wave_controller_x_inst/_1432_,105.38µm
wave_controller_y_inst/net1195,105.38µm
spi_regs_inst/_0245_,105.28µm
wave_controller_y_inst/_1242_,105.12µm
cfg_phase90_offset_y\[14\],104.87µm
net728,104.87µm
cfg_phase270_offset_y\[2\],104.82µm
wave_controller_x_inst/net537,104.82µm
wave_controller_y_inst/net194,104.77µm
cal_phase90_offset_x\[5\],104.72µm
wave_controller_x_inst/_1220_,104.72µm
wave_controller_y_inst/_0485_,104.72µm
spi_regs_inst/net406,104.72µm
spi_regs_inst/net459,104.72µm
wave_controller_x_inst/net689,104.46µm
wave_controller_x_inst/net958,104.36µm
wave_controller_x_inst/_1314_,104.31µm
wave_controller_y_inst/_1316_,104.26µm
wave_controller_x_inst/phase_acc\[15\],104.21µm
spi_regs_inst/net423,104.21µm
spi_regs_inst/net1037,104.21µm
spi_regs_inst/_0527_,104.16µm
clknet_leaf_11_clk_regs,103.8µm
cal_phase270_offset_x\[17\],103.7µm
wave_controller_x_inst/_1327_,103.7µm
spi_regs_inst/net1045,103.65µm
spi_regs_inst/net427,103.6µm
wave_controller_y_inst/net761,103.6µm
clknet_leaf_22_clk_regs,103.39µm
spi_regs_inst/reg_wr_addr\[3\],103.29µm
cfg_phase270_offset_x\[15\],103.19µm
wave_controller_y_inst/_1448_,103.19µm
wave_controller_x_inst/_1286_,103.14µm
wave_controller_y_inst/_0703_,103.14µm
spi_regs_inst/net1007,103.09µm
spi_regs_inst/_0224_,103.04µm
wave_controller_y_inst/_1430_,102.63µm
wave_controller_y_inst/net661,102.63µm
wave_controller_x_inst/net253,102.58µm
wave_controller_y_inst/net545,102.58µm
wave_controller_y_inst/net655,102.58µm
spi_regs_inst/_0667_,102.53µm
net1347,102.53µm
cal_phase270_offset_y\[10\],102.48µm
wave_controller_x_inst/phase_acc\[6\],102.07µm
spi_regs_inst/_0431_,102.02µm
cal_phase0_offset_y\[3\],101.97µm
wave_controller_y_inst/_0692_,101.92µm
wave_controller_y_inst/_1254_,101.92µm
spi_regs_inst/net585,101.92µm
wave_controller_x_inst/net923,101.56µm
wave_controller_x_inst/net87,101.51µm
wave_controller_x_inst/phase_acc\[5\],101.46µm
wave_controller_y_inst/net24,101.46µm
wave_controller_y_inst/net282,101.46µm
wave_controller_x_inst/net724,101.46µm
net1145,101.46µm
wave_controller_x_inst/net359,101.41µm
spi_regs_inst/net466,101.41µm
wave_controller_y_inst/_0611_,101.36µm
wave_controller_x_inst/net521,101.36µm
spi_regs_inst/_0719_,101.05µm
wave_controller_x_inst/_1322_,100.95µm
wave_controller_x_inst/_1252_,100.9µm
wave_controller_y_inst/net34,100.9µm
wave_controller_y_inst/net28,100.85µm
wave_controller_y_inst/net347,100.8µm
wave_controller_x_inst/net255,100.39µm
wave_controller_x_inst/net911,100.34µm
spi_regs_inst/net1012,100.34µm
cal_phase0_offset_x\[11\],100.29µm
spi_regs_inst/_0305_,100.24µm
wave_controller_x_inst/net108,100.24µm
spi_regs_inst/net612,100.24µm
wave_controller_y_inst/net781,100.24µm
spi_regs_inst/net1073,100.24µm
spi_regs_inst/reg_wr_addr\[4\],99.88µm
spi_regs_inst/net558,99.78µm
signal_processor_x_inst/net1341,99.78µm
wave_controller_y_inst/_1721_,99.73µm
wave_controller_x_inst/net948,99.73µm
cal_phase0_offset_x\[15\],99.68µm
spi_regs_inst/reg_wr_addr\[6\],99.22µm
net1450,99.22µm
raw_edge2_x\[15\],99.17µm
wave_controller_y_inst/net479,99.17µm
wave_controller_x_inst/net944,99.17µm
spi_regs_inst/net1057,99.17µm
spi_regs_inst/_0247_,99.12µm
wave_controller_x_inst/net291,99.12µm
wave_controller_x_inst/net905,99.12µm
net1510,99.12µm
wave_controller_y_inst/_0600_,98.66µm
wave_controller_y_inst/net26,98.66µm
wave_controller_x_inst/net204,98.66µm
spi_regs_inst/net1400,98.66µm
raw_edge2_x\[19\],98.61µm
spi_regs_inst/_0454_,98.61µm
spi_regs_inst/net604,98.61µm
spi_regs_inst/net1054,98.61µm
net1158,98.61µm
wave_controller_x_inst/_0503_,98.56µm
wave_controller_x_inst/net1365,98.56µm
spi_regs_inst/_0353_,98.47µm
spi_regs_inst/reg_wr_data\[4\],98.2µm
spi_regs_inst/net306,98.2µm
mems_drv_x,98.12µm
spi_regs_inst/_0376_,98.1µm
wave_controller_y_inst/_1291_,98.1µm
spi_regs_inst/_0236_,98.05µm
wave_controller_y_inst/net39,98.05µm
wave_controller_y_inst/net504,98.05µm
wave_controller_y_inst/net1485,98.05µm
wave_controller_y_inst/net52,98µm
spi_regs_inst/net405,98µm
spi_regs_inst/net1038,97.69µm
clknet_leaf_25_clk_regs,97.64µm
wave_controller_y_inst/wave_cycle_cnt\[4\],97.59µm
cal_phase0_offset_y\[16\],97.49µm
spi_regs_inst/_0676_,97.49µm
signal_processor_x_inst/net732,97.49µm
wave_controller_x_inst/_0971_,97.44µm
delay_wave_cycle_y\[5\],96.98µm
wave_controller_y_inst/net196,96.98µm
wave_controller_x_inst/net533,96.98µm
wave_controller_y_inst/_1605_,96.93µm
wave_controller_x_inst/net1219,96.93µm
net1227,96.93µm
wave_controller_y_inst/_1252_,96.88µm
spi_regs_inst/_0223_,96.42µm
wave_controller_x_inst/phase_acc\[7\],96.42µm
cfg_f_MEMS_fcw_x\[3\],96.37µm
wave_controller_y_inst/net1128,96.37µm
wave_controller_y_inst/net1169,96.37µm
cal_phase90_offset_x\[0\],96.32µm
clknet_leaf_47_clk_regs,96.01µm
spi_regs_inst/_0586_,95.96µm
cfg_phase270_offset_x\[12\],95.86µm
wave_controller_y_inst/net72,95.86µm
net1235,95.86µm
cal_phase0_offset_y\[6\],95.81µm
spi_regs_inst/net564,95.81µm
wave_controller_x_inst/_0972_,95.76µm
wave_controller_x_inst/net113,95.76µm
wave_controller_y_inst/net633,95.4µm
wave_controller_y_inst/_1333_,95.35µm
cal_phase0_offset_y\[0\],95.3µm
spi_regs_inst/_0680_,95.3µm
wave_controller_x_inst/net261,95.3µm
wave_controller_y_inst/net813,95.3µm
wave_controller_x_inst/net900,95.25µm
spi_regs_inst/_0320_,95.2µm
spi_regs_inst/_0658_,95.2µm
wave_controller_x_inst/_0156_,95.2µm
wave_controller_y_inst/_1053_,94.89µm
wave_controller_x_inst/net86,94.84µm
cal_timeout_x,94.79µm
delay_wave_cycle_y\[3\],94.79µm
wave_controller_y_inst/_0617_,94.79µm
cal_phase90_offset_y\[2\],94.74µm
raw_edge2_y\[8\],94.74µm
spi_regs_inst/net451,94.74µm
wave_controller_y_inst/_0486_,94.69µm
wave_controller_y_inst/_1433_,94.33µm
net1232,94.23µm
wave_controller_x_inst/phase_acc\[0\],94.18µm
wave_controller_x_inst/net1373,94.18µm
cfg_phase270_offset_x\[17\],94.13µm
wave_controller_y_inst/net811,94.13µm
wave_controller_y_inst/net1153,94.13µm
wave_controller_x_inst/net218,94.08µm
wave_controller_y_inst/_1219_,93.77µm
net729,93.77µm
wave_controller_y_inst/net281,93.67µm
clknet_leaf_40_clk_regs,93.67µm
wave_controller_x_inst/_1292_,93.62µm
wave_controller_y_inst/net29,93.57µm
wave_controller_y_inst/net68,93.57µm
wave_controller_x_inst/net97,93.57µm
spi_regs_inst/net367,93.57µm
spi_regs_inst/_0609_,93.52µm
wave_controller_x_inst/net115,93.52µm
wave_controller_y_inst/net1484,93.52µm
wave_controller_x_inst/_1203_,93.16µm
wave_controller_x_inst/_1210_,93.06µm
wave_controller_x_inst/_1448_,93.06µm
spi_regs_inst/net1034,93.06µm
spi_regs_inst/_0510_,93.01µm
cfg_phase0_offset_y\[5\],92.96µm
wave_controller_y_inst/net43,92.78µm
wave_controller_y_inst/net279,92.55µm
wave_controller_x_inst/net710,92.55µm
spi_regs_inst/_0672_,92.5µm
spi_regs_inst/net317,92.5µm
wave_controller_x_inst/net1366,92.5µm
net1449,92.5µm
wave_controller_x_inst/_0378_,92.45µm
wave_controller_x_inst/net206,92.45µm
wave_controller_x_inst/net950,92.45µm
wave_controller_x_inst/_1228_,92.04µm
wave_controller_x_inst/_1390_,91.94µm
wave_controller_x_inst/wave_cycle_cnt\[6\],91.94µm
spi_regs_inst/_0216_,91.92µm
wave_controller_y_inst/net1481,91.89µm
wave_controller_y_inst/net182,91.84µm
spi_regs_inst/_0295_,91.54µm
wave_controller_x_inst/_1430_,91.43µm
spi_regs_inst/reg_wr_en,91.38µm
wave_controller_y_inst/net41,91.38µm
wave_controller_y_inst/net480,91.38µm
net1226,91.38µm
net1550,91.38µm
spi_regs_inst/_0709_,91.33µm
spi_regs_inst/net586,91.33µm
wave_controller_y_inst/_0434_,91.28µm
net1166,91.28µm
wave_controller_y_inst/_1438_,91.02µm
wave_controller_y_inst/net286,90.92µm
signal_processor_y_inst/comp_pipe\[3\],90.87µm
signal_processor_x_inst/net334,90.87µm
wave_controller_y_inst/net666,90.87µm
wave_controller_x_inst/net1293,90.87µm
wave_controller_y_inst/_0784_,90.82µm
spi_regs_inst/net393,90.82µm
wave_controller_x_inst/net530,90.82µm
wave_controller_y_inst/net1149,90.82µm
wave_controller_x_inst/_0610_,90.72µm
spi_regs_inst/net303,90.72µm
wave_controller_x_inst/_1325_,90.41µm
spi_regs_inst/net1017,90.31µm
cfg_phase0_offset_y\[6\],90.26µm
spi_regs_inst/net575,90.26µm
wave_controller_y_inst/net802,90.26µm
wave_controller_x_inst/net1234,90.26µm
signal_processor_y_inst/_042_,90.21µm
signal_processor_x_inst/net338,90.21µm
wave_controller_x_inst/net932,90.21µm
wave_controller_x_inst/net1367,90.21µm
wave_controller_x_inst/net217,90.16µm
spi_regs_inst/net1005,90.16µm
wave_controller_y_inst/net1197,90.16µm
wave_controller_x_inst/net1255,90.16µm
raw_edge2_x\[3\],89.85µm
wave_controller_y_inst/net805,89.8µm
wave_controller_x_inst/net1204,89.8µm
wave_controller_x_inst/net511,89.75µm
wave_controller_y_inst/net788,89.75µm
wave_controller_x_inst/net910,89.75µm
wave_controller_x_inst/net957,89.75µm
spi_regs_inst/net1059,89.75µm
cal_phase0_offset_x\[10\],89.65µm
wave_controller_y_inst/net641,89.65µm
spi_regs_inst/net1077,89.65µm
wave_controller_x_inst/_0572_,89.6µm
wave_controller_y_inst/net30,89.6µm
raw_edge1_y\[17\],89.42µm
wave_controller_x_inst/net959,89.37µm
cfg_phase270_offset_y\[13\],89.34µm
wave_controller_x_inst/_1431_,89.24µm
raw_edge2_y\[17\],89.19µm
spi_regs_inst/net598,89.19µm
spi_regs_inst/_0602_,89.09µm
wave_controller_x_inst/_0994_,89.09µm
wave_controller_y_inst/_0441_,89.09µm
wave_controller_y_inst/net1184,89.09µm
net1216,89.09µm
net1388,89.09µm
wave_controller_x_inst/_1434_,88.68µm
wave_controller_x_inst/net207,88.68µm
wave_controller_x_inst/net212,88.63µm
wave_controller_x_inst/net216,88.63µm
wave_controller_x_inst/_0423_,88.58µm
wave_controller_y_inst/_1434_,88.58µm
spi_regs_inst/net615,88.58µm
wave_controller_y_inst/net825,88.58µm
net971,88.58µm
wave_controller_x_inst/_1272_,88.53µm
wave_controller_y_inst/_1722_,88.53µm
spi_regs_inst/net574,88.53µm
spi_regs_inst/net1046,88.53µm
wave_controller_y_inst/_1269_,88.17µm
wave_controller_x_inst/_0714_,88.07µm
spi_regs_inst/net322,88.07µm
wave_controller_x_inst/net523,88.02µm
wave_controller_x_inst/net701,88.02µm
wave_controller_y_inst/net786,88.02µm
wave_controller_x_inst/_1300_,87.97µm
wave_controller_x_inst/net84,87.97µm
raw_edge3_x\[9\],87.92µm
soft_rst_n,87.92µm
wave_controller_y_inst/_1268_,87.92µm
wave_controller_y_inst/net782,87.92µm
wave_controller_x_inst/net1249,87.92µm
wave_controller_y_inst/_1315_,87.51µm
signal_processor_y_inst/net329,87.46µm
spi_regs_inst/net1079,87.46µm
spi_regs_inst/net1084,87.46µm
net727,87.41µm
wave_controller_x_inst/net1218,87.41µm
wave_controller_y_inst/net1473,87.41µm
spi_regs_inst/net1043,87.36µm
wave_controller_y_inst/_0710_,87.05µm
spi_regs_inst/net274,86.9µm
net1342,86.9µm
net1389,86.9µm
net1467,86.9µm
signal_processor_x_inst/comp_pipe\[3\],86.85µm
wave_controller_y_inst/net230,86.85µm
net1201,86.85µm
net1242,86.85µm
wave_controller_x_inst/net526,86.49µm
spi_regs_inst/spi_state,86.44µm
spi_regs_inst/net567,86.39µm
wave_controller_x_inst/net674,86.39µm
spi_regs_inst/rx_shift\[2\],86.34µm
wave_controller_x_inst/net679,86.34µm
net1269,86.29µm
net1412,86.29µm
spi_regs_inst/_0617_,86.24µm
wave_controller_y_inst/phase_acc\[3\],86.24µm
wave_controller_x_inst/_0613_,85.88µm
spi_regs_inst/net1351,85.88µm
delay_wave_cycle_x\[3\],85.83µm
wave_controller_x_inst/net92,85.83µm
wave_controller_y_inst/net814,85.83µm
spi_regs_inst/_0620_,85.78µm
wave_controller_y_inst/_1298_,85.78µm
cal_phase270_offset_x\[20\],85.73µm
wave_controller_y_inst/_1308_,85.73µm
wave_controller_x_inst/net534,85.73µm
wave_controller_x_inst/net685,85.73µm
wave_controller_x_inst/net1107,85.68µm
cfg_phase90_offset_y\[9\],85.32µm
wave_controller_x_inst/net257,85.27µm
spi_regs_inst/rx_shift\[4\],85.22µm
wave_controller_x_inst/net964,85.22µm
spi_regs_inst/_0473_,85.17µm
wave_controller_x_inst/_0606_,85.17µm
spi_regs_inst/net1044,85.17µm
spi_regs_inst/_0545_,85.12µm
spi_regs_inst/_0697_,85.12µm
wave_controller_y_inst/net637,85.12µm
wave_controller_y_inst/net660,85.12µm
wave_controller_y_inst/net1132,85.12µm
net1157,85.12µm
wave_controller_y_inst/net1495,85.12µm
wave_controller_x_inst/net366,84.71µm
cfg_phase90_offset_x\[1\],84.66µm
spi_regs_inst/_0350_,84.61µm
spi_regs_inst/_0503_,84.61µm
spi_regs_inst/spi_addr\[6\],84.61µm
wave_controller_y_inst/net187,84.61µm
wave_controller_x_inst/net536,84.61µm
wave_controller_y_inst/net1180,84.56µm
wave_controller_y_inst/net53,84.38µm
wave_controller_y_inst/net752,84.2µm
raw_edge2_x\[9\],84.15µm
wave_controller_y_inst/_1044_,84.15µm
wave_controller_x_inst/net358,84.15µm
wave_controller_y_inst/net628,84.15µm
spi_regs_inst/_0501_,84.1µm
spi_regs_inst/_0657_,84.1µm
wave_controller_y_inst/wave_cycle_cnt\[2\],84.1µm
wave_controller_x_inst/net1259,84.1µm
clknet_leaf_19_clk_regs,84.1µm
spi_regs_inst/_0280_,84.05µm
spi_regs_inst/_0430_,84.05µm
wave_controller_y_inst/net841,84.05µm
spi_regs_inst/_0372_,84µm
wave_controller_y_inst/net1192,83.54µm
spi_regs_inst/_0698_,83.49µm
wave_controller_x_inst/_1436_,83.49µm
wave_controller_y_inst/_0091_,83.49µm
wave_controller_x_inst/net888,83.49µm
spi_regs_inst/reg_wr_addr\[5\],83.44µm
wave_controller_y_inst/net170,83.44µm
cfg_phase0_offset_x\[9\],83.08µm
wave_controller_x_inst/_1289_,83.03µm
spi_regs_inst/_0408_,82.98µm
wave_controller_y_inst/_1319_,82.98µm
wave_controller_y_inst/net186,82.98µm
wave_controller_x_inst/net293,82.98µm
wave_controller_x_inst/net162,82.93µm
wave_controller_y_inst/net245,82.93µm
spi_regs_inst/net267,82.93µm
spi_regs_inst/_0298_,82.88µm
spi_regs_inst/_0417_,82.88µm
wave_controller_y_inst/net50,82.88µm
spi_regs_inst/net547,82.88µm
wave_controller_y_inst/net808,82.88µm
wave_controller_y_inst/net1539,82.42µm
raw_edge2_x\[8\],82.37µm
spi_regs_inst/_0621_,82.37µm
spi_regs_inst/_0722_,82.37µm
wave_controller_y_inst/_0423_,82.37µm
spi_regs_inst/net326,82.32µm
wave_controller_x_inst/net713,81.96µm
wave_controller_y_inst/net184,81.91µm
wave_controller_x_inst/net516,81.91µm
cfg_phase0_offset_x\[13\],81.86µm
wave_controller_x_inst/phase_acc\[4\],81.86µm
wave_controller_y_inst/net844,81.86µm
wave_controller_x_inst/net903,81.86µm
cal_phase0_offset_x\[17\],81.81µm
wave_controller_y_inst/net642,81.81µm
wave_controller_y_inst/net652,81.81µm
raw_edge3_x\[8\],81.76µm
spi_regs_inst/tx_shift\[0\],81.76µm
wave_controller_y_inst/_0643_,81.76µm
wave_controller_x_inst/net1203,81.45µm
spi_regs_inst/_0429_,81.42µm
wave_controller_y_inst/net20,81.3µm
wave_controller_y_inst/net1487,81.3µm
spi_regs_inst/_0449_,81.25µm
spi_regs_inst/_0645_,81.25µm
spi_regs_inst/_0715_,81.25µm
wave_controller_x_inst/phase_acc\[18\],81.25µm
spi_regs_inst/net1091,81.25µm
spi_regs_inst/_0422_,81.2µm
raw_edge2_x\[1\],80.84µm
wave_controller_y_inst/_1051_,80.79µm
wave_controller_x_inst/net263,80.79µm
wave_controller_x_inst/net515,80.79µm
raw_edge1_x\[5\],80.74µm
cal_phase270_offset_x\[13\],80.69µm
raw_edge1_x\[6\],80.69µm
signal_processor_y_inst/_088_,80.69µm
spi_regs_inst/_0274_,80.69µm
wave_controller_x_inst/_1354_,80.69µm
wave_controller_y_inst/_0616_,80.69µm
wave_controller_x_inst/net104,80.69µm
wave_controller_x_inst/_0692_,80.64µm
wave_controller_y_inst/net21,80.64µm
net738,80.64µm
wave_controller_x_inst/wave_cycle_cnt\[0\],80.33µm
wave_controller_y_inst/net1176,80.28µm
wave_controller_x_inst/net151,80.23µm
spi_regs_inst/_0461_,80.18µm
spi_regs_inst/_0565_,80.18µm
spi_regs_inst/_0597_,80.18µm
wave_controller_x_inst/net361,80.18µm
signal_processor_y_inst/net743,80.18µm
wave_controller_x_inst/_1383_,80.13µm
wave_controller_y_inst/_1320_,80.13µm
wave_controller_x_inst/net111,80.08µm
spi_regs_inst/net452,80.08µm
wave_controller_y_inst/net792,80.08µm
wave_controller_y_inst/net1142,80.08µm
wave_controller_y_inst/phase_acc\[6\],79.77µm
cfg_phase90_offset_y\[11\],79.67µm
wave_controller_y_inst/_1327_,79.67µm
wave_controller_x_inst/_1308_,79.62µm
wave_controller_x_inst/net295,79.62µm
wave_controller_x_inst/net519,79.62µm
wave_controller_x_inst/net524,79.62µm
wave_controller_y_inst/net1199,79.62µm
wave_controller_y_inst/net1494,79.62µm
wave_controller_x_inst/net670,79.57µm
raw_edge3_x\[2\],79.52µm
wave_controller_x_inst/net95,79.52µm
wave_controller_x_inst/net1374,79.52µm
wave_controller_x_inst/_1221_,79.21µm
signal_processor_x_inst/_061_,79.16µm
wave_controller_x_inst/net296,79.16µm
wave_controller_y_inst/net1148,79.16µm
wave_controller_y_inst/net502,79.11µm
wave_controller_x_inst/net887,79.11µm
raw_edge1_y\[1\],79.01µm
spi_regs_inst/reg_wr_data\[5\],79.01µm
wave_controller_x_inst/net78,79.01µm
spi_regs_inst/net577,79.01µm
net745,79.01µm
net1237,79.01µm
spi_regs_inst/_0528_,78.96µm
wave_controller_x_inst/net298,78.96µm
wave_controller_y_inst/net643,78.96µm
wave_controller_y_inst/_0572_,78.6µm
wave_controller_y_inst/capture_step\[2\],78.6µm
spi_regs_inst/net1096,78.6µm
wave_controller_x_inst/phase_acc\[20\],78.55µm
wave_controller_y_inst/_0552_,78.55µm
wave_controller_y_inst/net242,78.55µm
spi_regs_inst/_0595_,78.5µm
wave_controller_y_inst/net784,78.5µm
wave_controller_x_inst/net1271,78.5µm
wave_controller_x_inst/net106,78.45µm
wave_controller_x_inst/net510,78.45µm
cal_phase90_offset_y\[5\],78.4µm
cfg_phase270_offset_y\[1\],78.4µm
spi_regs_inst/_0379_,78.4µm
wave_controller_y_inst/_1228_,78.4µm
raw_edge2_y\[5\],77.99µm
wave_controller_x_inst/net672,77.99µm
wave_controller_x_inst/net1217,77.99µm
cfg_phase0_offset_y\[14\],77.94µm
spi_regs_inst/_0348_,77.94µm
wave_controller_y_inst/net283,77.94µm
spi_regs_inst/_0269_,77.89µm
wave_controller_x_inst/net112,77.89µm
wave_controller_x_inst/net363,77.89µm
spi_regs_inst/reg_wr_data\[3\],77.84µm
wave_controller_y_inst/_0260_,77.84µm
spi_regs_inst/net1225,77.84µm
wave_controller_y_inst/_1432_,77.58µm
wave_controller_y_inst/net1141,77.48µm
spi_regs_inst/net302,77.43µm
wave_controller_y_inst/_0208_,77.38µm
spi_regs_inst/_0539_,77.33µm
spi_regs_inst/_0701_,77.33µm
wave_controller_y_inst/_1289_,77.33µm
wave_controller_x_inst/net116,77.33µm
spi_regs_inst/net1058,77.33µm
net1287,77.33µm
spi_regs_inst/_0324_,77.28µm
wave_controller_y_inst/net1200,77.28µm
wave_controller_x_inst/_1309_,77.1µm
wave_controller_x_inst/net960,76.92µm
raw_edge3_y\[2\],76.82µm
wave_controller_y_inst/_0563_,76.82µm
wave_controller_y_inst/net48,76.82µm
wave_controller_x_inst/net1258,76.82µm
wave_controller_y_inst/net1458,76.82µm
wave_controller_x_inst/_1276_,76.77µm
wave_controller_y_inst/_0612_,76.77µm
wave_controller_y_inst/_0767_,76.77µm
cal_phase270_offset_y\[12\],76.72µm
spi_regs_inst/_0696_,76.72µm
wave_controller_x_inst/net209,76.72µm
wave_controller_y_inst/net1538,76.72µm
spi_regs_inst/_0559_,76.36µm
wave_controller_x_inst/_1425_,76.26µm
wave_controller_x_inst/wave_cycle_cnt\[2\],76.26µm
wave_controller_y_inst/_1429_,76.26µm
wave_controller_y_inst/net830,76.26µm
spi_regs_inst/_0581_,76.21µm
wave_controller_x_inst/_0441_,76.21µm
wave_controller_x_inst/net158,76.21µm
spi_regs_inst/net450,76.21µm
wave_controller_y_inst/net1547,76.21µm
wave_controller_x_inst/_1297_,76.16µm
net546,76.16µm
spi_regs_inst/net1060,76.16µm
net1186,76.16µm
delay_wave_cycle_y\[7\],75.85µm
wave_controller_y_inst/net622,75.85µm
wave_controller_x_inst/net121,75.8µm
spi_regs_inst/_0717_,75.75µm
wave_controller_y_inst/net484,75.75µm
wave_controller_x_inst/net687,75.75µm
spi_regs_inst/_0618_,75.7µm
wave_controller_y_inst/_1431_,75.7µm
wave_controller_y_inst/net771,75.7µm
wave_controller_x_inst/net891,75.7µm
spi_regs_inst/_0577_,75.65µm
spi_regs_inst/net378,75.65µm
cal_phase0_offset_x\[16\],75.6µm
cal_phase270_offset_x\[4\],75.6µm
wave_controller_x_inst/_0486_,75.6µm
wave_controller_x_inst/_1721_,75.6µm
wave_controller_x_inst/net171,75.6µm
wave_controller_x_inst/net942,75.6µm
signal_processor_y_inst/net744,75.24µm
spi_regs_inst/net385,75.19µm
spi_regs_inst/net470,75.19µm
wave_controller_x_inst/net1254,75.19µm
wave_controller_x_inst/_1442_,75.14µm
net1306,75.14µm
signal_processor_y_inst/net332,75.09µm
spi_regs_inst/_0535_,75.04µm
wave_controller_x_inst/_0150_,75.04µm
spi_regs_inst/net327,75.04µm
wave_controller_y_inst/net1475,75.04µm
wave_controller_y_inst/_0414_,74.68µm
wave_controller_x_inst/net915,74.68µm
wave_controller_y_inst/net766,74.63µm
wave_controller_y_inst/net823,74.63µm
net1284,74.63µm
signal_processor_y_inst/net330,74.58µm
spi_regs_inst/net1179,74.58µm
wave_controller_x_inst/net91,74.53µm
spi_regs_inst/net1357,74.53µm
cal_phase0_offset_x\[13\],74.48µm
cal_phase270_offset_y\[13\],74.48µm
spi_regs_inst/_0623_,74.48µm
wave_controller_y_inst/net775,74.48µm
raw_edge3_x\[14\],74.22µm
wave_controller_y_inst/phase_acc\[5\],74.07µm
spi_regs_inst/net1039,74.07µm
net1454,74.07µm
raw_edge2_y\[19\],74.02µm
spi_regs_inst/_0579_,74.02µm
wave_controller_y_inst/_1225_,74.02µm
wave_controller_y_inst/_1293_,74.02µm
wave_controller_y_inst/_1309_,74.02µm
net1231,74.02µm
raw_edge1_x\[13\],73.97µm
spi_regs_inst/_0299_,73.92µm
spi_regs_inst/_0556_,73.92µm
wave_controller_x_inst/_1269_,73.92µm
net1528,73.92µm
raw_edge2_x\[2\],73.51µm
wave_controller_x_inst/net725,73.51µm
wave_controller_y_inst/net665,73.46µm
wave_controller_x_inst/net898,73.46µm
wave_controller_y_inst/net1177,73.46µm
wave_controller_x_inst/_1401_,73.41µm
spi_regs_inst/net397,73.41µm
spi_regs_inst/_0290_,73.36µm
wave_controller_x_inst/_0260_,73.36µm
raw_edge1_x\[4\],72.95µm
wave_controller_x_inst/net1272,72.95µm
spi_regs_inst/_0572_,72.9µm
wave_controller_y_inst/_0287_,72.9µm
net1525,72.9µm
cfg_phase90_offset_y\[13\],72.85µm
wave_controller_y_inst/net796,72.85µm
spi_regs_inst/net1408,72.85µm
spi_regs_inst/_0250_,72.8µm
wave_controller_y_inst/net1491,72.8µm
raw_edge2_y\[20\],72.44µm
wave_controller_y_inst/wave_cycle_cnt\[5\],72.44µm
spi_regs_inst/net1348,72.44µm
wave_controller_y_inst/net835,72.39µm
wave_controller_x_inst/net946,72.39µm
net1380,72.39µm
wave_controller_y_inst/net860,72.34µm
net1245,72.34µm
wave_controller_x_inst/_1279_,72.29µm
wave_controller_y_inst/_0978_,72.29µm
spi_regs_inst/net1465,72.29µm
net1551,72.29µm
cfg_f_MEMS_fcw_x\[1\],72.24µm
wave_controller_x_inst/net1345,72.24µm
net1466,72.24µm
spi_regs_inst/_0686_,71.93µm
wave_controller_x_inst/_1254_,71.83µm
wave_controller_x_inst/_1275_,71.78µm
wave_controller_x_inst/wave_cycle_cnt\[4\],71.78µm
wave_controller_x_inst/net221,71.78µm
wave_controller_x_inst/net696,71.78µm
wave_controller_x_inst/net714,71.78µm
signal_processor_x_inst/net1325,71.78µm
wave_controller_x_inst/net695,71.73µm
wave_controller_y_inst/net1480,71.73µm
spi_regs_inst/net1499,71.73µm
spi_regs_inst/_0596_,71.68µm
wave_controller_x_inst/_0552_,71.68µm
wave_controller_x_inst/_0911_,71.68µm
wave_controller_x_inst/phase_acc\[17\],71.68µm
wave_controller_y_inst/_1460_,71.68µm
net1497,71.27µm
cal_phase0_offset_x\[19\],71.22µm
spi_regs_inst/mosi_sync\[1\],71.22µm
wave_controller_y_inst/_0467_,71.22µm
cfg_f_MEMS_fcw_y\[12\],71.17µm
spi_regs_inst/rx_shift\[1\],71.17µm
wave_controller_x_inst/_1298_,71.17µm
wave_controller_x_inst/phase_acc\[12\],71.17µm
wave_controller_y_inst/_0737_,71.17µm
wave_controller_y_inst/net284,71.17µm
wave_controller_y_inst/net1155,71.17µm
spi_regs_inst/_0241_,71.12µm
wave_controller_y_inst/net871,71.12µm
wave_controller_x_inst/net1294,71.12µm
cfg_phase270_offset_x\[11\],70.76µm
signal_processor_x_inst/_041_,70.71µm
wave_controller_x_inst/net961,70.66µm
spi_regs_inst/net1050,70.66µm
cfg_phase270_offset_x\[10\],70.61µm
wave_controller_x_inst/net520,70.61µm
wave_controller_y_inst/net1135,70.61µm
wave_controller_x_inst/_1409_,70.56µm
wave_controller_y_inst/net791,70.56µm
wave_controller_y_inst/net800,70.56µm
wave_controller_y_inst/_1210_,70.25µm
wave_controller_x_inst/_0252_,70.2µm
spi_regs_inst/rx_shift\[0\],70.15µm
wave_controller_y_inst/_1587_,70.15µm
wave_controller_y_inst/net148,70.15µm
spi_regs_inst/_0724_,70.1µm
wave_controller_y_inst/net38,70.1µm
wave_controller_y_inst/net494,70.1µm
wave_controller_y_inst/net1448,70.1µm
wave_controller_x_inst/_0737_,70.05µm
wave_controller_x_inst/_1277_,70.05µm
wave_controller_y_inst/net491,70.05µm
wave_controller_x_inst/net921,70.05µm
spi_regs_inst/tx_shift\[1\],70µm
wave_controller_x_inst/net954,70µm
cfg_phase0_offset_y\[9\],69.74µm
wave_controller_y_inst/_1294_,69.54µm
wave_controller_x_inst/net682,69.54µm
wave_controller_x_inst/net897,69.54µm
wave_controller_x_inst/_1319_,69.49µm
wave_controller_y_inst/_0909_,69.49µm
wave_controller_y_inst/net762,69.49µm
wave_controller_y_inst/net1545,69.49µm
cfg_f_MEMS_fcw_y\[3\],69.44µm
wave_controller_x_inst/_0259_,69.44µm
wave_controller_y_inst/net65,69.44µm
spi_regs_inst/net458,69.44µm
net733,69.44µm
wave_controller_y_inst/net1489,69.44µm
net1530,69.08µm
wave_controller_y_inst/_1276_,69.03µm
wave_controller_x_inst/net79,69.03µm
wave_controller_x_inst/net688,69.03µm
spi_regs_inst/_0633_,68.93µm
wave_controller_y_inst/_0503_,68.93µm
wave_controller_x_inst/net355,68.93µm
spi_regs_inst/net368,68.93µm
spi_regs_inst/net573,68.93µm
wave_controller_x_inst/net1303,68.93µm
wave_controller_y_inst/net66,68.88µm
wave_controller_x_inst/net119,68.88µm
wave_controller_y_inst/net238,68.88µm
wave_controller_x_inst/_0710_,68.52µm
wave_controller_y_inst/net787,68.52µm
spi_regs_inst/net1076,68.47µm
wave_controller_y_inst/net832,68.42µm
wave_controller_x_inst/_1605_,68.37µm
wave_controller_y_inst/phase_acc\[7\],68.37µm
wave_controller_y_inst/net183,68.37µm
wave_controller_x_inst/net1298,68.37µm
spi_regs_inst/rx_shift\[3\],68.32µm
net1451,68.32µm
wave_controller_y_inst/_1249_,67.91µm
delay_wave_cycle_y\[6\],67.86µm
wave_controller_y_inst/_1383_,67.86µm
wave_controller_x_inst/net94,67.86µm
signal_processor_x_inst/net734,67.86µm
spi_regs_inst/net1355,67.86µm
cal_phase270_offset_x\[10\],67.81µm
cal_phase270_offset_y\[7\],67.81µm
delay_wave_cycle_y\[4\],67.81µm
spi_regs_inst/_0516_,67.81µm
wave_controller_y_inst/_0861_,67.81µm
net1252,67.81µm
wave_controller_y_inst/_0606_,67.76µm
wave_controller_y_inst/net232,67.76µm
wave_controller_x_inst/net252,67.76µm
wave_controller_y_inst/net343,67.76µm
wave_controller_x_inst/net708,67.76µm
wave_controller_y_inst/net772,67.35µm
net1427,67.35µm
cfg_phase90_offset_y\[15\],67.3µm
wave_controller_x_inst/_1552_,67.3µm
wave_controller_y_inst/net1546,67.3µm
spi_regs_inst/_0365_,67.25µm
spi_regs_inst/_0571_,67.25µm
spi_regs_inst/_0598_,67.25µm
wave_controller_y_inst/net640,67.25µm
wave_controller_y_inst/net1152,67.25µm
wave_controller_x_inst/net1266,67.25µm
spi_regs_inst/_0222_,67.2µm
spi_regs_inst/_0509_,67.2µm
raw_edge2_x\[13\],66.79µm
wave_controller_x_inst/_0396_,66.79µm
wave_controller_y_inst/_1307_,66.74µm
raw_edge2_y\[6\],66.69µm
wave_controller_y_inst/_1278_,66.69µm
wave_controller_y_inst/_1435_,66.69µm
wave_controller_x_inst/net102,66.69µm
spi_regs_inst/net1354,66.69µm
spi_regs_inst/net1399,66.69µm
cfg_phase270_offset_y\[10\],66.18µm
spi_regs_inst/_0664_,66.18µm
wave_controller_y_inst/_0610_,66.18µm
wave_controller_y_inst/_1440_,66.18µm
net1105,66.18µm
net1209,66.18µm
spi_regs_inst/_0413_,66.13µm
wave_controller_x_inst/_1326_,66.13µm
wave_controller_y_inst/comp_sync3,66.13µm
wave_controller_x_inst/net124,66.13µm
wave_controller_x_inst/net220,66.13µm
spi_regs_inst/net607,66.13µm
spi_regs_inst/net1409,66.13µm
net1434,66.13µm
spi_regs_inst/_0614_,66.08µm
wave_controller_y_inst/net37,66.08µm
wave_controller_y_inst/net246,66.08µm
wave_controller_y_inst/net663,66.08µm
wave_controller_x_inst/net893,66.08µm
wave_controller_x_inst/net1295,66.08µm
wave_controller_x_inst/net1320,66.08µm
wave_controller_y_inst/net32,65.67µm
wave_controller_y_inst/net487,65.67µm
raw_edge2_y\[7\],65.62µm
wave_controller_x_inst/_0611_,65.62µm
wave_controller_x_inst/_1399_,65.62µm
wave_controller_y_inst/_1284_,65.62µm
wave_controller_y_inst/_1416_,65.62µm
wave_controller_y_inst/net133,65.62µm
wave_controller_x_inst/net922,65.62µm
spi_regs_inst/bit_cnt\[0\],65.57µm
wave_controller_x_inst/_1295_,65.57µm
wave_controller_x_inst/_1460_,65.57µm
signal_processor_x_inst/net1331,65.57µm
net1457,65.57µm
spi_regs_inst/_0547_,65.52µm
spi_regs_inst/net566,65.52µm
wave_controller_x_inst/net1240,65.26µm
wave_controller_y_inst/net632,65.16µm
wave_controller_x_inst/net886,65.11µm
net1337,65.06µm
wave_controller_y_inst/cal_burst_active,65.01µm
spi_regs_inst/net319,65.01µm
wave_controller_x_inst/net919,65.01µm
net1248,65.01µm
spi_regs_inst/tx_shift\[3\],64.96µm
wave_controller_x_inst/net137,64.96µm
signal_processor_x_inst/net335,64.96µm
spi_regs_inst/net722,64.96µm
signal_processor_x_inst/net737,64.96µm
spi_regs_inst/net1521,64.6µm
wave_controller_x_inst/_0614_,64.55µm
signal_processor_x_inst/net731,64.55µm
net1578,64.525µm
wave_controller_x_inst/_0414_,64.5µm
wave_controller_y_inst/net649,64.5µm
wave_controller_y_inst/net804,64.5µm
spi_regs_inst/_0482_,64.45µm
wave_controller_y_inst/net1198,64.45µm
wave_controller_x_inst/net1206,64.45µm
net1430,64.45µm
wave_controller_y_inst/_1034_,64.4µm
spi_regs_inst/_0304_,64.15µm
signal_processor_y_inst/s90_pipe\[3\],63.99µm
raw_edge1_y\[16\],63.94µm
spi_regs_inst/_0569_,63.94µm
wave_controller_y_inst/_0964_,63.94µm
spi_regs_inst/net372,63.94µm
wave_controller_y_inst/net647,63.94µm
net1281,63.94µm
net1386,63.94µm
wave_controller_x_inst/_0209_,63.89µm
wave_controller_x_inst/_0413_,63.89µm
wave_controller_x_inst/_1034_,63.89µm
wave_controller_y_inst/_0636_,63.89µm
wave_controller_y_inst/net817,63.89µm
net1229,63.89µm
signal_processor_x_inst/s90,63.48µm
wave_controller_x_inst/_1278_,63.48µm
wave_controller_x_inst/net1257,63.43µm
wave_controller_x_inst/net938,63.38µm
wave_controller_y_inst/net1123,63.38µm
wave_controller_x_inst/net1279,63.38µm
spi_regs_inst/net1352,63.38µm
state_o\[0\],63.33µm
wave_controller_y_inst/_0900_,63.33µm
wave_controller_y_inst/net51,63.33µm
wave_controller_x_inst/net908,63.33µm
wave_controller_x_inst/_1440_,63.28µm
wave_controller_y_inst/_0590_,63.28µm
wave_controller_y_inst/_0631_,63.28µm
wave_controller_y_inst/net353,63.28µm
wave_controller_x_inst/net1297,63.28µm
signal_processor_x_inst/net1327,63.28µm
raw_edge2_y\[0\],62.87µm
wave_controller_y_inst/_1281_,62.87µm
wave_controller_x_inst/net153,62.82µm
wave_controller_y_inst/net795,62.82µm
net1385,62.82µm
wave_controller_y_inst/net23,62.77µm
net746,62.77µm
spi_regs_inst/_0273_,62.72µm
wave_controller_x_inst/_0529_,62.72µm
spi_regs_inst/net1401,62.72µm
wave_controller_x_inst/_0900_,62.31µm
wave_controller_y_inst/net67,62.31µm
wave_controller_x_inst/net100,62.31µm
spi_regs_inst/_0264_,62.26µm
spi_regs_inst/net559,62.26µm
wave_controller_y_inst/_0613_,62.21µm
wave_controller_y_inst/_1297_,62.21µm
wave_controller_y_inst/_1329_,62.21µm
wave_controller_x_inst/net925,62.21µm
cal_phase0_offset_x\[14\],62.16µm
cal_phase90_offset_x\[3\],62.16µm
wave_controller_y_inst/_1419_,62.16µm
signal_processor_y_inst/_061_,61.8µm
wave_controller_x_inst/net107,61.7µm
wave_controller_x_inst/_1244_,61.65µm
wave_controller_y_inst/_0672_,61.65µm
wave_controller_y_inst/_0953_,61.65µm
wave_controller_y_inst/net228,61.65µm
spi_regs_inst/net1056,61.65µm
spi_regs_inst/_0395_,61.6µm
wave_controller_x_inst/_0520_,61.6µm
wave_controller_y_inst/net827,61.6µm
wave_controller_x_inst/_0617_,61.49µm
raw_edge1_x\[12\],61.24µm
spi_regs_inst/net1055,61.24µm
wave_controller_y_inst/net193,61.19µm
wave_controller_y_inst/net498,61.19µm
wave_controller_y_inst/_0614_,61.14µm
wave_controller_x_inst/net678,61.14µm
wave_controller_y_inst/net1191,61.14µm
net1529,61.14µm
spi_regs_inst/net1398,61.09µm
spi_regs_inst/_0638_,60.68µm
wave_controller_x_inst/_0451_,60.68µm
net1282,60.63µm
wave_controller_x_inst/_0953_,60.53µm
wave_controller_y_inst/_0259_,60.53µm
wave_controller_y_inst/net843,60.53µm
wave_controller_y_inst/net1534,60.53µm
wave_controller_y_inst/net638,60.48µm
wave_controller_y_inst/net1112,60.12µm
spi_regs_inst/net455,60.07µm
net1460,60.07µm
wave_controller_y_inst/net750,60.02µm
cal_phase0_offset_y\[18\],59.97µm
wave_controller_y_inst/_1229_,59.97µm
net1438,59.97µm
spi_regs_inst/_0322_,59.92µm
wave_controller_y_inst/_0897_,59.92µm
wave_controller_x_inst/net96,59.92µm
wave_controller_x_inst/net99,59.92µm
wave_controller_y_inst/net172,59.92µm
spi_regs_inst/net557,59.92µm
spi_regs_inst/_0619_,59.51µm
spi_regs_inst/_0703_,59.51µm
wave_controller_y_inst/net826,59.51µm
signal_processor_y_inst/_046_,59.46µm
spi_regs_inst/_0584_,59.46µm
wave_controller_x_inst/_0672_,59.46µm
wave_controller_y_inst/_0570_,59.46µm
wave_controller_y_inst/_0602_,59.46µm
wave_controller_y_inst/_0764_,59.46µm
wave_controller_y_inst/net1122,59.46µm
wave_controller_x_inst/net1221,59.46µm
net1464,59.46µm
wave_controller_x_inst/_1320_,59.41µm
state_machine_inst/net301,59.41µm
wave_controller_y_inst/net344,59.41µm
wave_controller_y_inst/net1533,59.41µm
net5,59.36µm
wave_controller_x_inst/_0334_,59.36µm
wave_controller_y_inst/_0652_,59.36µm
wave_controller_y_inst/net493,59.36µm
spi_regs_inst/net587,59.36µm
wave_controller_y_inst/net667,59.36µm
wave_controller_y_inst/net1493,59.36µm
wave_controller_y_inst/net1168,59µm
wave_controller_x_inst/net931,58.95µm
wave_controller_y_inst/net1542,58.95µm
wave_controller_x_inst/_1412_,58.9µm
wave_controller_y_inst/net838,58.9µm
signal_processor_x_inst/net1330,58.9µm
cfg_phase90_offset_y\[10\],58.85µm
spi_regs_inst/_0548_,58.85µm
wave_controller_x_inst/_1302_,58.85µm
net1239,58.85µm
wave_controller_y_inst/_1557_,58.8µm
wave_controller_x_inst/net103,58.8µm
signal_processor_x_inst/net336,58.8µm
wave_controller_y_inst/_1449_,58.49µm
raw_edge2_y\[14\],58.39µm
wave_controller_y_inst/net1178,58.39µm
spi_regs_inst/_0712_,58.34µm
wave_controller_y_inst/_0698_,58.34µm
wave_controller_x_inst/net909,58.34µm
wave_controller_x_inst/net902,58.29µm
wave_controller_x_inst/net916,58.29µm
spi_regs_inst/net1498,58.29µm
cfg_phase0_offset_y\[11\],58.24µm
signal_processor_y_inst/net1416,58.24µm
signal_processor_y_inst/_041_,57.83µm
wave_controller_x_inst/net1344,57.83µm
spi_regs_inst/spi_addr\[5\],57.78µm
wave_controller_y_inst/_1244_,57.78µm
wave_controller_x_inst/net1363,57.78µm
spi_regs_inst/net1378,57.78µm
cfg_f_MEMS_fcw_y\[6\],57.73µm
wave_controller_y_inst/_0629_,57.73µm
wave_controller_y_inst/net177,57.73µm
wave_controller_y_inst/net783,57.73µm
wave_controller_y_inst/net815,57.73µm
wave_controller_y_inst/net818,57.73µm
wave_controller_x_inst/net935,57.73µm
wave_controller_x_inst/net1304,57.73µm
net1548,57.73µm
wave_controller_x_inst/_0767_,57.68µm
wave_controller_y_inst/net631,57.68µm
wave_controller_y_inst/net1470,57.68µm
spi_regs_inst/net462,57.45µm
wave_controller_y_inst/net1181,57.32µm
wave_controller_x_inst/net1371,57.27µm
spi_regs_inst/_0336_,57.22µm
wave_controller_y_inst/net777,57.22µm
spi_regs_inst/_0443_,57.17µm
wave_controller_x_inst/net249,57.17µm
spi_regs_inst/net602,57.17µm
wave_controller_y_inst/net636,57.17µm
signal_processor_x_inst/net1326,57.17µm
wave_controller_x_inst/net1368,57.17µm
spi_regs_inst/net1512,57.17µm
spi_regs_inst/_0615_,57.12µm
wave_controller_y_inst/_0632_,57.12µm
wave_controller_x_inst/net125,57.12µm
net1456,57.12µm
wave_controller_y_inst/_1004_,56.71µm
net1308,56.71µm
signal_processor_x_inst/s90_pipe\[3\],56.66µm
wave_controller_x_inst/net81,56.66µm
wave_controller_x_inst/net690,56.66µm
wave_controller_y_inst/net812,56.66µm
net1382,56.66µm
raw_edge1_y\[4\],56.61µm
wave_controller_x_inst/_0766_,56.61µm
wave_controller_y_inst/_1598_,56.61µm
wave_controller_y_inst/net654,56.61µm
net1162,56.61µm
wave_controller_x_inst/net1253,56.61µm
net1375,56.61µm
wave_controller_y_inst/net1537,56.61µm
raw_edge3_y\[12\],56.56µm
spi_regs_inst/_0695_,56.56µm
spi_regs_inst/net321,56.56µm
wave_controller_x_inst/net895,56.56µm
wave_controller_x_inst/net941,56.56µm
net1444,56.15µm
cal_phase0_offset_y\[20\],56.1µm
wave_controller_x_inst/_1249_,56.1µm
wave_controller_y_inst/_0699_,56.1µm
wave_controller_x_inst/_1464_,56.05µm
wave_controller_y_inst/_0284_,56.05µm
raw_edge1_y\[7\],56µm
spi_regs_inst/_0229_,56µm
spi_regs_inst/_0285_,56µm
wave_controller_y_inst/_1234_,56µm
wave_controller_y_inst/_1451_,56µm
wave_controller_x_inst/net114,56µm
spi_regs_inst/net1443,56µm
wave_controller_y_inst/_1295_,55.74µm
wave_controller_y_inst/net144,55.69µm
spi_regs_inst/net1513,55.64µm
cfg_phase270_offset_y\[11\],55.59µm
spi_regs_inst/_0688_,55.54µm
wave_controller_y_inst/_0818_,55.54µm
wave_controller_x_inst/_1282_,55.49µm
wave_controller_y_inst/net621,55.49µm
wave_controller_x_inst/net1362,55.49µm
spi_regs_inst/net1394,55.49µm
wave_controller_y_inst/net1469,55.49µm
cal_phase90_offset_x\[17\],55.44µm
spi_regs_inst/_0495_,55.44µm
spi_regs_inst/_0557_,55.44µm
wave_controller_x_inst/_1004_,55.44µm
wave_controller_x_inst/_1222_,55.44µm
wave_controller_x_inst/_1225_,55.44µm
wave_controller_x_inst/_1722_,55.44µm
net1437,55.44µm
signal_processor_x_inst/cnt_out\[0\],55.26µm
wave_controller_y_inst/net488,55.08µm
spi_regs_inst/net1377,55.03µm
signal_processor_y_inst/net1418,55.03µm
signal_processor_y_inst/cycle_count\[2\],54.98µm
wave_controller_x_inst/_0239_,54.98µm
wave_controller_x_inst/_1255_,54.98µm
wave_controller_x_inst/net77,54.98µm
wave_controller_x_inst/net208,54.98µm
wave_controller_x_inst/net513,54.98µm
wave_controller_y_inst/net1164,54.98µm
net1501,54.98µm
signal_processor_x_inst/_046_,54.93µm
spi_regs_inst/_0314_,54.93µm
wave_controller_x_inst/net264,54.93µm
wave_controller_x_inst/net676,54.93µm
wave_controller_y_inst/net769,54.93µm
wave_controller_x_inst/net899,54.93µm
wave_controller_x_inst/net913,54.93µm
wave_controller_x_inst/net962,54.93µm
wave_controller_y_inst/net1139,54.93µm
cal_phase0_offset_x\[2\],54.88µm
wave_controller_y_inst/_0593_,54.88µm
wave_controller_y_inst/_1226_,54.88µm
wave_controller_y_inst/net1183,54.88µm
net1506,54.88µm
wave_controller_y_inst/_1306_,54.52µm
wave_controller_x_inst/_1281_,54.47µm
wave_controller_y_inst/_1239_,54.42µm
wave_controller_y_inst/net146,54.42µm
spi_regs_inst/net1029,54.42µm
wave_controller_x_inst/net1317,54.42µm
wave_controller_y_inst/_0138_,54.37µm
wave_controller_y_inst/_0971_,54.37µm
wave_controller_x_inst/net356,54.37µm
wave_controller_x_inst/net741,54.37µm
spi_regs_inst/_0312_,54.32µm
spi_regs_inst/_0561_,54.32µm
spi_regs_inst/net606,54.32µm
wave_controller_y_inst/net1163,54.06µm
wave_controller_x_inst/phase_acc\[11\],53.91µm
spi_regs_inst/_0411_,53.86µm
spi_regs_inst/_0580_,53.86µm
wave_controller_x_inst/_1451_,53.86µm
wave_controller_y_inst/_0209_,53.86µm
wave_controller_y_inst/_0863_,53.86µm
spi_regs_inst/net620,53.86µm
wave_controller_y_inst/_1262_,53.81µm
net1445,53.81µm
wave_controller_y_inst/_0272_,53.76µm
wave_controller_x_inst/net518,53.76µm
spi_regs_inst/net582,53.76µm
signal_processor_x_inst/net1329,53.76µm
spi_regs_inst/net1391,53.35µm
raw_edge3_x\[7\],53.3µm
wave_controller_x_inst/_0829_,53.3µm
wave_controller_y_inst/net49,53.3µm
wave_controller_y_inst/net342,53.3µm
wave_controller_x_inst/_0242_,53.25µm
wave_controller_y_inst/net340,53.25µm
spi_regs_inst/net1517,53.25µm
spi_regs_inst/_0325_,53.2µm
wave_controller_x_inst/_0352_,53.2µm
wave_controller_x_inst/_1044_,53.2µm
wave_controller_y_inst/_0413_,53.2µm
wave_controller_y_inst/_0633_,53.2µm
wave_controller_y_inst/net836,53.2µm
spi_regs_inst/net1033,53.2µm
net1523,53.2µm
wave_controller_y_inst/net1527,53.2µm
signal_processor_x_inst/_102_,52.79µm
wave_controller_y_inst/net807,52.79µm
net1224,52.79µm
wave_controller_x_inst/_1052_,52.74µm
wave_controller_x_inst/_1504_,52.74µm
wave_controller_y_inst/phase_acc\[15\],52.74µm
spi_regs_inst/net453,52.74µm
spi_regs_inst/net454,52.74µm
wave_controller_y_inst/net1540,52.74µm
spi_regs_inst/_0291_,52.69µm
wave_controller_y_inst/_1282_,52.69µm
wave_controller_x_inst/_0526_,52.64µm
wave_controller_x_inst/_1583_,52.64µm
wave_controller_y_inst/_1039_,52.64µm
net1323,52.64µm
spi_regs_inst/rx_shift\[5\],52.28µm
wave_controller_x_inst/net892,52.23µm
wave_controller_y_inst/_1568_,52.18µm
wave_controller_y_inst/wave_cycle_cnt\[6\],52.18µm
wave_controller_x_inst/net924,52.18µm
wave_controller_x_inst/net1244,52.18µm
cal_phase0_offset_x\[8\],52.13µm
signal_processor_x_inst/cnt_in\[2\],52.13µm
signal_processor_y_inst/cycle_count\[1\],52.13µm
wave_controller_y_inst/comp_sync4,52.13µm
wave_controller_y_inst/phase_acc\[12\],52.13µm
wave_controller_y_inst/net478,52.13µm
spi_regs_inst/net550,52.13µm
wave_controller_x_inst/net1299,52.13µm
spi_regs_inst/_0301_,52.08µm
spi_regs_inst/_0485_,52.08µm
spi_regs_inst/_0613_,52.08µm
wave_controller_x_inst/_0636_,52.08µm
spi_regs_inst/net272,51.67µm
wave_controller_y_inst/net824,51.67µm
wave_controller_x_inst/_1299_,51.62µm
spi_regs_inst/net1350,51.62µm
cfg_f_MEMS_fcw_x\[5\],51.57µm
spi_regs_inst/_0255_,51.57µm
spi_regs_inst/tx_shift\[2\],51.57µm
wave_controller_y_inst/_0331_,51.57µm
wave_controller_x_inst/net1359,51.57µm
wave_controller_x_inst/net1376,51.57µm
wave_controller_y_inst/net1483,51.57µm
net1524,51.57µm
spi_regs_inst/_0263_,51.52µm
spi_regs_inst/_0513_,51.52µm
wave_controller_x_inst/capture_pending,51.52µm
spi_regs_inst/_0674_,51.16µm
wave_controller_x_inst/_0602_,51.11µm
wave_controller_x_inst/_0608_,51.11µm
wave_controller_y_inst/_1566_,51.11µm
net1310,51.11µm
wave_controller_y_inst/net161,51.06µm
wave_controller_y_inst/net229,51.06µm
spi_regs_inst/net1404,51.06µm
spi_regs_inst/_0396_,51.01µm
spi_regs_inst/_0423_,51.01µm
wave_controller_y_inst/_0634_,51.01µm
spi_regs_inst/net581,51.01µm
net1160,50.96µm
wave_controller_x_inst/_1443_,50.55µm
wave_controller_y_inst/_0276_,50.55µm
wave_controller_y_inst/_1328_,50.55µm
wave_controller_y_inst/_0358_,50.5µm
wave_controller_y_inst/_0841_,50.5µm
wave_controller_y_inst/_1665_,50.5µm
wave_controller_x_inst/net1241,50.5µm
signal_processor_y_inst/net1422,50.5µm
spi_regs_inst/_0368_,50.45µm
spi_regs_inst/_0590_,50.45µm
wave_controller_y_inst/_0307_,50.45µm
wave_controller_y_inst/_1238_,50.45µm
wave_controller_y_inst/_1581_,50.45µm
wave_controller_y_inst/phase_acc\[14\],50.45µm
spi_regs_inst/net568,50.45µm
net1468,50.45µm
wave_controller_x_inst/_1152_,50.4µm
wave_controller_y_inst/_0571_,50.4µm
net1503,50.4µm
wave_controller_y_inst/_1726_,50.04µm
raw_edge1_y\[12\],49.99µm
wave_controller_x_inst/wave_cycle_cnt\[3\],49.99µm
wave_controller_x_inst/_0485_,49.94µm
wave_controller_x_inst/_0570_,49.94µm
wave_controller_x_inst/_1226_,49.94µm
net1387,49.94µm
spi_regs_inst/_0293_,49.89µm
wave_controller_x_inst/_0732_,49.89µm
wave_controller_x_inst/_1301_,49.89µm
wave_controller_y_inst/_0972_,49.89µm
wave_controller_y_inst/_1265_,49.89µm
wave_controller_x_inst/net120,49.89µm
wave_controller_y_inst/net147,49.89µm
wave_controller_y_inst/net495,49.89µm
wave_controller_y_inst/net842,49.89µm
wave_controller_x_inst/net1265,49.89µm
net1285,49.89µm
wave_controller_x_inst/net683,49.84µm
raw_edge1_y\[8\],49.43µm
cal_phase270_offset_x\[11\],49.38µm
wave_controller_y_inst/_0420_,49.38µm
wave_controller_y_inst/_0601_,49.38µm
wave_controller_y_inst/net751,49.38µm
net1435,49.38µm
spi_regs_inst/_0310_,49.33µm
wave_controller_y_inst/_1464_,49.33µm
wave_controller_x_inst/net528,49.33µm
spi_regs_inst/net1511,49.33µm
spi_regs_inst/_0354_,49.28µm
wave_controller_x_inst/_0430_,49.28µm
wave_controller_y_inst/_1663_,49.28µm
cfg_phase0_offset_y\[12\],48.87µm
wave_controller_y_inst/net165,48.82µm
wave_controller_x_inst/net1296,48.82µm
signal_processor_y_inst/cnt_in\[3\],48.77µm
spi_regs_inst/reg_wr_data\[2\],48.77µm
wave_controller_x_inst/_0739_,48.77µm
wave_controller_x_inst/_1429_,48.77µm
wave_controller_x_inst/_1550_,48.77µm
wave_controller_y_inst/_0732_,48.77µm
wave_controller_y_inst/_1305_,48.77µm
wave_controller_x_inst/net694,48.77µm
net1507,48.77µm
spi_regs_inst/_0000_,48.72µm
wave_controller_y_inst/_1354_,48.72µm
wave_controller_x_inst/net669,48.72µm
wave_controller_y_inst/_0217_,48.49µm
wave_controller_x_inst/_1328_,48.41µm
wave_controller_x_inst/_1598_,48.32µm
wave_controller_y_inst/_0943_,48.31µm
cfg_f_MEMS_fcw_y\[0\],48.26µm
raw_edge2_y\[10\],48.26µm
wave_controller_x_inst/_1265_,48.26µm
wave_controller_y_inst/_0136_,48.26µm
wave_controller_y_inst/_1436_,48.26µm
signal_processor_x_inst/_078_,48.21µm
wave_controller_x_inst/_0765_,48.21µm
wave_controller_y_inst/_0137_,48.21µm
wave_controller_y_inst/_0918_,48.21µm
signal_processor_x_inst/_089_,48.16µm
spi_regs_inst/bit_cnt\[2\],48.16µm
wave_controller_x_inst/_0623_,48.16µm
wave_controller_x_inst/_0909_,48.16µm
wave_controller_y_inst/cal_burst_armed,48.16µm
wave_controller_x_inst/net254,48.16µm
spi_regs_inst/net383,48.16µm
spi_regs_inst/net548,47.8µm
wave_controller_y_inst/_1212_,47.75µm
wave_controller_y_inst/_1304_,47.75µm
wave_controller_y_inst/net1121,47.75µm
wave_controller_y_inst/net1536,47.75µm
net1569,47.725µm
net1584,47.725µm
delay_wave_cycle_x\[7\],47.7µm
wave_controller_y_inst/_1443_,47.7µm
wave_controller_y_inst/net1486,47.7µm
wave_controller_y_inst/_0655_,47.65µm
wave_controller_y_inst/net346,47.65µm
wave_controller_y_inst/net36,47.6µm
wave_controller_y_inst/_1286_,47.29µm
raw_edge1_x\[20\],47.19µm
spi_regs_inst/net553,47.19µm
net1335,47.19µm
signal_processor_y_inst/net1417,47.19µm
wave_controller_y_inst/net837,47.14µm
net1334,47.14µm
phase_offset_imported,47.09µm
wave_controller_x_inst/_0841_,47.09µm
spi_regs_inst/net570,47.09µm
spi_regs_inst/net600,47.09µm
net1509,47.09µm
raw_edge3_y\[11\],47.04µm
spi_regs_inst/_0694_,47.04µm
wave_controller_x_inst/_0624_,47.04µm
wave_controller_x_inst/_0858_,47.04µm
wave_controller_x_inst/_0868_,47.04µm
wave_controller_x_inst/_1268_,47.04µm
wave_controller_y_inst/_1597_,47.04µm
wave_controller_x_inst/net675,47.04µm
signal_processor_y_inst/s90,46.68µm
signal_processor_y_inst/net1421,46.68µm
wave_controller_y_inst/net1459,46.63µm
net1586,46.605µm
wave_controller_y_inst/_0242_,46.58µm
wave_controller_y_inst/_0715_,46.58µm
wave_controller_y_inst/_0829_,46.58µm
wave_controller_y_inst/_1552_,46.58µm
wave_controller_y_inst/_1696_,46.58µm
spi_regs_inst/net457,46.58µm
net1311,46.58µm
spi_regs_inst/net1500,46.58µm
signal_processor_y_inst/_089_,46.53µm
spi_regs_inst/_0568_,46.53µm
wave_controller_x_inst/_1187_,46.53µm
wave_controller_y_inst/_0825_,46.53µm
spi_regs_inst/net597,46.53µm
spi_regs_inst/_0601_,46.48µm
wave_controller_x_inst/_0708_,46.48µm
wave_controller_x_inst/_1521_,46.48µm
wave_controller_y_inst/_1519_,46.48µm
wave_controller_x_inst/net1358,46.48µm
spi_regs_inst/net315,46.07µm
wave_controller_y_inst/net341,46.07µm
net1616,46.045µm
cal_phase270_offset_x\[8\],46.02µm
spi_regs_inst/_0725_,46.02µm
wave_controller_x_inst/_0558_,46.02µm
wave_controller_x_inst/_0715_,46.02µm
spi_regs_inst/net328,46.02µm
wave_controller_y_inst/net1134,46.02µm
wave_controller_x_inst/net1288,46.02µm
spi_regs_inst/net1411,46.02µm
spi_regs_inst/net1463,46.02µm
signal_processor_x_inst/cycle_count\[1\],45.97µm
wave_controller_x_inst/_0358_,45.97µm
wave_controller_x_inst/_0544_,45.97µm
wave_controller_x_inst/_1720_,45.97µm
wave_controller_y_inst/_0321_,45.97µm
wave_controller_y_inst/_1300_,45.97µm
wave_controller_y_inst/net45,45.97µm
net735,45.97µm
wave_controller_y_inst/net831,45.97µm
wave_controller_x_inst/net1290,45.97µm
spi_regs_inst/net1429,45.97µm
signal_processor_x_inst/cycle_count\[0\],45.92µm
spi_regs_inst/_0652_,45.92µm
wave_controller_x_inst/net152,45.92µm
wave_controller_y_inst/net248,45.92µm
wave_controller_y_inst/net626,45.61µm
wave_controller_x_inst/_1329_,45.51µm
wave_controller_y_inst/net351,45.51µm
spi_regs_inst/_0281_,45.46µm
wave_controller_x_inst/_0538_,45.46µm
wave_controller_y_inst/_0252_,45.46µm
wave_controller_y_inst/net180,45.46µm
spi_regs_inst/net271,45.46µm
spi_regs_inst/net464,45.46µm
wave_controller_x_inst/net890,45.46µm
net1280,45.46µm
signal_processor_y_inst/net1420,45.46µm
spi_regs_inst/net1518,45.46µm
wave_controller_y_inst/net1541,45.46µm
spi_regs_inst/_0491_,45.41µm
wave_controller_y_inst/_1206_,45.41µm
wave_controller_y_inst/net173,45.41µm
spi_regs_inst/_0315_,45.36µm
wave_controller_x_inst/_0966_,45.36µm
wave_controller_y_inst/_1103_,45.36µm
wave_controller_y_inst/_1583_,45.36µm
wave_controller_y_inst/net60,45.36µm
signal_processor_x_inst/net337,45.36µm
wave_controller_y_inst/net664,45.36µm
wave_controller_x_inst/_1358_,44.95µm
spi_regs_inst/_0663_,44.9µm
cal_phase270_offset_x\[0\],44.85µm
spi_regs_inst/_0369_,44.85µm
wave_controller_x_inst/_0322_,44.85µm
wave_controller_x_inst/_0650_,44.85µm
wave_controller_x_inst/_0897_,44.85µm
wave_controller_x_inst/_1386_,44.85µm
wave_controller_y_inst/_0783_,44.85µm
wave_controller_y_inst/_1635_,44.85µm
wave_controller_x_inst/net354,44.85µm
wave_controller_x_inst/net1309,44.85µm
signal_processor_y_inst/net1419,44.85µm
wave_controller_y_inst/net1496,44.85µm
wave_controller_y_inst/net1543,44.85µm
spi_regs_inst/_0599_,44.8µm
spi_regs_inst/_0610_,44.8µm
wave_controller_x_inst/phase_acc\[14\],44.8µm
net1170,44.8µm
wave_controller_x_inst/_0355_,44.49µm
cfg_phase90_offset_y\[1\],44.34µm
wave_controller_x_inst/_0217_,44.34µm
wave_controller_x_inst/net118,44.34µm
wave_controller_y_inst/net634,44.34µm
spi_regs_inst/net1100,44.34µm
net1436,44.34µm
raw_edge1_x\[19\],44.29µm
signal_processor_x_inst/_067_,44.29µm
wave_controller_x_inst/_0818_,44.29µm
wave_controller_x_inst/cal_burst_count\[0\],44.29µm
wave_controller_y_inst/_1272_,44.29µm
wave_controller_y_inst/net793,44.29µm
spi_regs_inst/net1349,44.29µm
cal_phase0_offset_x\[7\],44.24µm
spi_regs_inst/_0359_,44.24µm
wave_controller_x_inst/_0964_,44.24µm
wave_controller_y_inst/_0132_,44.24µm
wave_controller_y_inst/_1301_,44.24µm
wave_controller_y_inst/net231,44.24µm
wave_controller_y_inst/net544,44.24µm
signal_processor_x_inst/_101_,43.83µm
wave_controller_x_inst/net955,43.83µm
move_en_x,43.78µm
signal_processor_x_inst/cnt_out\[2\],43.78µm
spi_regs_inst/_0541_,43.78µm
wave_controller_y_inst/_1290_,43.78µm
cal_phase270_offset_y\[1\],43.73µm
spi_regs_inst/_0530_,43.73µm
wave_controller_x_inst/_1587_,43.73µm
wave_controller_y_inst/_0186_,43.73µm
wave_controller_y_inst/_1360_,43.73µm
net754,43.73µm
wave_controller_y_inst/net1172,43.73µm
net1338,43.73µm
cal_phase270_offset_x\[1\],43.68µm
raw_edge1_y\[19\],43.68µm
wave_controller_x_inst/_0218_,43.68µm
wave_controller_x_inst/_0318_,43.68µm
net1315,43.68µm
wave_controller_x_inst/net101,43.42µm
spi_regs_inst/_0570_,43.32µm
spi_regs_inst/_0589_,43.27µm
spi_regs_inst/net618,43.27µm
wave_controller_y_inst/net1171,43.27µm
net1610,43.245µm
spi_regs_inst/_0660_,43.22µm
wave_controller_x_inst/_0204_,43.22µm
wave_controller_y_inst/_0205_,43.22µm
wave_controller_y_inst/_1645_,43.22µm
wave_controller_y_inst/net1194,43.22µm
spi_regs_inst/net1516,43.22µm
cal_phase0_offset_x\[9\],43.17µm
cal_phase270_offset_y\[17\],43.17µm
spi_regs_inst/_0448_,43.17µm
wave_controller_x_inst/_0955_,43.17µm
wave_controller_x_inst/_1435_,43.17µm
wave_controller_y_inst/_0662_,43.17µm
wave_controller_y_inst/net627,43.17µm
spi_regs_inst/net1520,43.17µm
wave_controller_x_inst/_1493_,43.12µm
wave_controller_x_inst/_1716_,43.12µm
wave_controller_y_inst/_0296_,43.12µm
wave_controller_y_inst/_0488_,43.12µm
wave_controller_y_inst/_1693_,43.12µm
wave_controller_y_inst/net57,43.12µm
spi_regs_inst/net314,43.12µm
wave_controller_y_inst/net797,43.12µm
signal_processor_y_inst/cycle_count\[0\],42.76µm
wave_controller_y_inst/_1332_,42.76µm
net1615,42.735µm
raw_edge1_x\[16\],42.71µm
wave_controller_x_inst/_1215_,42.71µm
net1593,42.685µm
signal_processor_y_inst/_078_,42.66µm
spi_regs_inst/_0533_,42.66µm
wave_controller_y_inst/phase_acc\[18\],42.66µm
spi_regs_inst/net554,42.66µm
wave_controller_x_inst/net1276,42.66µm
wave_controller_y_inst/net1532,42.66µm
cal_dir_x,42.61µm
wave_controller_x_inst/_0384_,42.61µm
wave_controller_x_inst/_0804_,42.61µm
wave_controller_x_inst/_1449_,42.61µm
wave_controller_y_inst/_0306_,42.61µm
wave_controller_x_inst/net85,42.61µm
wave_controller_y_inst/net659,42.61µm
wave_controller_x_inst/net928,42.61µm
net1544,42.61µm
spi_regs_inst/_0549_,42.56µm
wave_controller_x_inst/_0006_,42.56µm
wave_controller_y_inst/_1715_,42.56µm
spi_regs_inst/net562,42.56µm
delay_wave_cycle_x\[4\],42.2µm
wave_controller_y_inst/_1594_,42.15µm
signal_processor_x_inst/_070_,42.1µm
spi_regs_inst/_0385_,42.1µm
wave_controller_x_inst/_0764_,42.1µm
wave_controller_y_inst/_1477_,42.1µm
wave_controller_x_inst/_0307_,42.05µm
wave_controller_y_inst/_1204_,42.05µm
net1339,42.05µm
wave_controller_y_inst/_0487_,42µm
wave_controller_y_inst/_1007_,42µm
wave_controller_y_inst/_1111_,42µm
wave_controller_x_inst/net693,42µm
spi_regs_inst/net463,41.59µm
signal_processor_y_inst/_101_,41.54µm
wave_controller_x_inst/_0695_,41.54µm
wave_controller_x_inst/_0861_,41.54µm
wave_controller_y_inst/_1292_,41.54µm
spi_regs_inst/net555,41.54µm
wave_controller_x_inst/net1278,41.54µm
cal_phase270_offset_y\[5\],41.49µm
signal_processor_x_inst/_088_,41.49µm
spi_regs_inst/_0632_,41.49µm
wave_controller_x_inst/_0349_,41.49µm
wave_controller_y_inst/_1481_,41.49µm
wave_controller_x_inst/net140,41.49µm
wave_controller_x_inst/net289,41.49µm
wave_controller_y_inst/net794,41.49µm
wave_controller_y_inst/net1111,41.49µm
net1356,41.49µm
wave_controller_x_inst/_0296_,41.44µm
wave_controller_x_inst/_1191_,41.44µm
wave_controller_y_inst/_0008_,41.44µm
wave_controller_y_inst/_0911_,41.44µm
wave_controller_y_inst/_1032_,41.44µm
wave_controller_y_inst/_1390_,41.44µm
net1617,41.055µm
wave_controller_x_inst/_1223_,41.03µm
net1505,41.03µm
net1612,41.005µm
net1603,41.005µm
cfg_f_MEMS_fcw_y\[1\],40.98µm
wave_controller_x_inst/_0918_,40.98µm
wave_controller_x_inst/_1751_,40.98µm
wave_controller_x_inst/net889,40.98µm
net1333,40.98µm
wave_controller_y_inst/net1472,40.98µm
spi_regs_inst/_0238_,40.93µm
wave_controller_x_inst/_0600_,40.93µm
wave_controller_x_inst/_0849_,40.93µm
wave_controller_y_inst/_0556_,40.93µm
wave_controller_y_inst/_0785_,40.93µm
wave_controller_y_inst/_1302_,40.93µm
wave_controller_y_inst/net131,40.93µm
spi_regs_inst/net1015,40.93µm
wave_controller_y_inst/net1479,40.93µm
spi_regs_inst/net1519,40.93µm
raw_edge1_y\[6\],40.88µm
wave_controller_x_inst/_0447_,40.88µm
spi_regs_inst/net273,40.47µm
wave_controller_y_inst/net624,40.47µm
net1595,40.445µm
signal_processor_y_inst/_080_,40.42µm
wave_controller_x_inst/_0554_,40.42µm
wave_controller_y_inst/_1504_,40.42µm
wave_controller_y_inst/phase_acc\[20\],40.42µm
spi_regs_inst/net556,40.42µm
wave_controller_x_inst/net671,40.42µm
spi_regs_inst/net1410,40.42µm
wave_controller_y_inst/net1492,40.42µm
spi_regs_inst/_0606_,40.37µm
wave_controller_y_inst/_1028_,40.37µm
wave_controller_y_inst/net500,40.37µm
spi_regs_inst/net619,40.37µm
net1455,40.37µm
spi_regs_inst/_0048_,40.32µm
spi_regs_inst/_0242_,40.32µm
wave_controller_x_inst/_1501_,40.32µm
wave_controller_y_inst/_1037_,40.32µm
wave_controller_y_inst/_1311_,40.32µm
spi_regs_inst/net1049,40.32µm
wave_controller_y_inst/phase_acc\[11\],39.96µm
net1620,39.935µm
wave_controller_x_inst/_0917_,39.91µm
wave_controller_y_inst/_0231_,39.91µm
wave_controller_y_inst/_0288_,39.91µm
wave_controller_x_inst/net1277,39.91µm
wave_controller_x_inst/_0435_,39.86µm
wave_controller_x_inst/_1283_,39.86µm
wave_controller_x_inst/_1310_,39.86µm
wave_controller_y_inst/_1399_,39.86µm
wave_controller_y_inst/net798,39.86µm
wave_controller_y_inst/net829,39.86µm
net1251,39.86µm
wave_controller_y_inst/net1471,39.86µm
spi_regs_inst/_0414_,39.81µm
wave_controller_y_inst/_0155_,39.81µm
wave_controller_y_inst/_1340_,39.81µm
wave_controller_y_inst/_1473_,39.81µm
wave_controller_y_inst/net63,39.81µm
wave_controller_y_inst/net132,39.81µm
spi_regs_inst/_0391_,39.76µm
spi_regs_inst/_0517_,39.76µm
wave_controller_x_inst/_1632_,39.76µm
wave_controller_y_inst/_0859_,39.76µm
net1346,39.76µm
wave_controller_y_inst/_1267_,39.4µm
signal_processor_y_inst/_045_,39.3µm
signal_processor_y_inst/comp_pipe\[2\],39.3µm
wave_controller_x_inst/_0780_,39.3µm
wave_controller_y_inst/_0696_,39.3µm
wave_controller_y_inst/net42,39.3µm
signal_processor_x_inst/net1314,39.3µm
wave_controller_x_inst/net1361,39.3µm
signal_processor_y_inst/_082_,39.25µm
wave_controller_x_inst/_0578_,39.25µm
wave_controller_y_inst/_1052_,39.25µm
spi_regs_inst/net275,39.25µm
wave_controller_x_inst/_0154_,39.2µm
wave_controller_x_inst/_1184_,39.2µm
wave_controller_x_inst/_1294_,39.2µm
wave_controller_x_inst/_1726_,39.2µm
wave_controller_y_inst/_0561_,39.2µm
wave_controller_y_inst/net803,39.2µm
wave_controller_x_inst/_0631_,38.79µm
wave_controller_x_inst/_1548_,38.79µm
wave_controller_y_inst/_0384_,38.79µm
net1562,38.765µm
net1582,38.765µm
signal_processor_y_inst/_054_,38.74µm
spi_regs_inst/_0718_,38.74µm
wave_controller_x_inst/_0197_,38.74µm
wave_controller_x_inst/_0831_,38.74µm
wave_controller_x_inst/_1236_,38.74µm
wave_controller_x_inst/_1247_,38.74µm
wave_controller_x_inst/_1465_,38.74µm
wave_controller_y_inst/_1275_,38.74µm
wave_controller_y_inst/net174,38.74µm
wave_controller_x_inst/net1106,38.74µm
latch_phase270_x,38.69µm
signal_processor_y_inst/_068_,38.69µm
spi_regs_inst/_0384_,38.69µm
wave_controller_x_inst/_0652_,38.69µm
wave_controller_y_inst/_0316_,38.69µm
wave_controller_x_inst/net531,38.69µm
wave_controller_x_inst/net1250,38.69µm
wave_controller_y_inst/net1453,38.69µm
wave_controller_y_inst/net1477,38.69µm
signal_processor_y_inst/_066_,38.64µm
spi_regs_inst/_0308_,38.64µm
wave_controller_x_inst/_0505_,38.64µm
wave_controller_y_inst/net201,38.64µm
wave_controller_x_inst/net914,38.64µm
wave_controller_x_inst/net949,38.28µm
wave_controller_y_inst/_1573_,38.23µm
spi_regs_inst/net1403,38.23µm
wave_controller_x_inst/_1645_,38.18µm
wave_controller_y_inst/_0607_,38.18µm
wave_controller_y_inst/_1746_,38.18µm
net1137,38.18µm
signal_processor_x_inst/_080_,38.13µm
signal_processor_y_inst/cnt_in\[0\],38.13µm
wave_controller_x_inst/_0046_,38.13µm
wave_controller_x_inst/wave_cycle_cnt\[5\],38.13µm
signal_processor_y_inst/net1423,38.13µm
signal_processor_x_inst/s270_pipe\[3\],38.08µm
spi_regs_inst/_0134_,38.08µm
wave_controller_y_inst/_0239_,38.08µm
wave_controller_y_inst/_1401_,38.08µm
wave_controller_y_inst/_1406_,38.08µm
spi_regs_inst/net1052,37.67µm
net1607,37.645µm
spi_regs_inst/_0685_,37.62µm
wave_controller_x_inst/_1747_,37.62µm
wave_controller_y_inst/_1550_,37.62µm
wave_controller_x_inst/net139,37.62µm
spi_regs_inst/net549,37.62µm
spi_regs_inst/net1023,37.62µm
wave_controller_x_inst/net1360,37.62µm
wave_controller_x_inst/_1413_,37.57µm
wave_controller_x_inst/wave_cycle_cnt\[7\],37.57µm
wave_controller_y_inst/_0994_,37.57µm
wave_controller_y_inst/_1647_,37.57µm
wave_controller_y_inst/phase_acc\[10\],37.57µm
wave_controller_y_inst/net31,37.57µm
wave_controller_y_inst/net58,37.57µm
wave_controller_x_inst/net89,37.57µm
spi_regs_inst/net608,37.57µm
net1336,37.57µm
spi_regs_inst/net1395,37.57µm
wave_controller_y_inst/net1508,37.57µm
signal_processor_x_inst/_050_,37.52µm
spi_regs_inst/_0344_,37.52µm
wave_controller_y_inst/_1588_,37.52µm
wave_controller_y_inst/_1724_,37.52µm
wave_controller_y_inst/_1069_,37.29µm
net1605,37.135µm
signal_processor_x_inst/_068_,37.11µm
wave_controller_y_inst/_0451_,37.11µm
wave_controller_y_inst/_1358_,37.11µm
net1583,37.085µm
signal_processor_y_inst/_044_,37.06µm
wave_controller_x_inst/_0647_,37.06µm
wave_controller_x_inst/_0674_,37.06µm
wave_controller_x_inst/_0685_,37.06µm
wave_controller_x_inst/_1511_,37.06µm
wave_controller_x_inst/_1547_,37.06µm
wave_controller_y_inst/_0220_,37.06µm
wave_controller_y_inst/_0342_,37.06µm
wave_controller_y_inst/net277,37.06µm
wave_controller_x_inst/_0843_,37.01µm
wave_controller_x_inst/_1519_,37.01µm
wave_controller_y_inst/_1288_,37.01µm
wave_controller_y_inst/_1511_,37.01µm
wave_controller_y_inst/net1110,37.01µm
wave_controller_x_inst/net1318,37.01µm
spi_regs_inst/_0420_,36.96µm
spi_regs_inst/_0574_,36.96µm
wave_controller_x_inst/_0064_,36.96µm
wave_controller_x_inst/_1566_,36.96µm
wave_controller_x_inst/_1595_,36.96µm
wave_controller_x_inst/_1600_,36.96µm
wave_controller_y_inst/_0564_,36.96µm
wave_controller_y_inst/net1187,36.96µm
net1390,36.96µm
clknet_1_0__leaf_clk,36.84µm
wave_controller_x_inst/_0365_,36.6µm
net1597,36.575µm
wave_controller_x_inst/_0186_,36.55µm
wave_controller_x_inst/_0834_,36.55µm
wave_controller_x_inst/_1305_,36.55µm
wave_controller_x_inst/_1463_,36.55µm
wave_controller_y_inst/_0318_,36.55µm
spi_miso,36.5µm
wave_controller_x_inst/_1107_,36.5µm
wave_controller_x_inst/_1267_,36.5µm
wave_controller_y_inst/_0574_,36.5µm
wave_controller_y_inst/_1493_,36.5µm
wave_controller_y_inst/_1595_,36.5µm
wave_controller_y_inst/ds_acc\[2\],36.5µm
spi_regs_inst/net465,36.5µm
cfg_phase0_offset_x\[15\],36.45µm
signal_processor_y_inst/cnt_in\[1\],36.45µm
spi_regs_inst/_0622_,36.45µm
wave_controller_x_inst/_1288_,36.45µm
wave_controller_y_inst/_0419_,36.45µm
wave_controller_y_inst/_0780_,36.45µm
wave_controller_y_inst/_1285_,36.45µm
wave_controller_y_inst/net845,36.45µm
wave_controller_x_inst/net1275,36.45µm
wave_controller_x_inst/_0491_,36.4µm
wave_controller_x_inst/_0515_,36.4µm
wave_controller_x_inst/_0931_,36.4µm
wave_controller_x_inst/_1290_,36.4µm
wave_controller_y_inst/_0960_,36.4µm
wave_controller_y_inst/_1161_,36.4µm
wave_controller_y_inst/_1574_,36.4µm
wave_controller_y_inst/_1703_,36.4µm
net1283,36.4µm
signal_processor_y_inst/_102_,35.99µm
spi_regs_inst/_0714_,35.99µm
wave_controller_y_inst/_1187_,35.99µm
net1565,35.965µm
signal_processor_x_inst/_057_,35.94µm
spi_regs_inst/_0558_,35.94µm
wave_controller_x_inst/_0205_,35.94µm
wave_controller_x_inst/_0276_,35.94µm
wave_controller_x_inst/_1507_,35.94µm
wave_controller_y_inst/_0352_,35.94µm
wave_controller_y_inst/_0424_,35.94µm
wave_controller_x_inst/net175,35.94µm
wave_controller_x_inst/net1369,35.94µm
wave_controller_y_inst/net1478,35.94µm
raw_edge3_y\[6\],35.89µm
spi_regs_inst/_0316_,35.89µm
spi_regs_inst/_0639_,35.89µm
spi_regs_inst/_0647_,35.89µm
wave_controller_x_inst/_1306_,35.89µm
wave_controller_y_inst/_0262_,35.89µm
wave_controller_y_inst/_0283_,35.89µm
wave_controller_y_inst/_0626_,35.89µm
wave_controller_y_inst/_1463_,35.89µm
wave_controller_x_inst/net917,35.89µm
wave_controller_x_inst/net1384,35.89µm
cfg_f_MEMS_fcw_x\[13\],35.84µm
spi_regs_inst/_0319_,35.84µm
spi_regs_inst/_0525_,35.84µm
spi_regs_inst/_0594_,35.84µm
spi_regs_inst/_0665_,35.84µm
wave_controller_x_inst/_1360_,35.84µm
wave_controller_x_inst/_1665_,35.84µm
wave_controller_y_inst/_0322_,35.84µm
wave_controller_x_inst/net93,35.84µm
spi_regs_inst/net614,35.84µm
spi_regs_inst/net616,35.84µm
signal_processor_y_inst/_050_,35.61µm
net1563,35.455µm
latch_phase90_x,35.43µm
wave_controller_x_inst/_0249_,35.43µm
wave_controller_x_inst/_0976_,35.43µm
wave_controller_y_inst/_0917_,35.43µm
wave_controller_x_inst/net703,35.43µm
net1585,35.405µm
net1600,35.405µm
spi_regs_inst/_0554_,35.38µm
wave_controller_x_inst/_0201_,35.38µm
wave_controller_x_inst/_0797_,35.38µm
wave_controller_y_inst/_0407_,35.38µm
spi_regs_inst/net561,35.38µm
wave_controller_y_inst/net801,35.38µm
wave_controller_x_inst/net1370,35.38µm
spi_regs_inst/_0426_,35.33µm
wave_controller_x_inst/_0627_,35.33µm
wave_controller_x_inst/_0704_,35.33µm
wave_controller_x_inst/_1635_,35.33µm
wave_controller_y_inst/_0290_,35.33µm
wave_controller_y_inst/_0665_,35.33µm
wave_controller_y_inst/_1454_,35.33µm
wave_controller_x_inst/_1385_,35.28µm
wave_controller_y_inst/_0625_,35.28µm
wave_controller_y_inst/_1261_,35.28µm
signal_processor_x_inst/cnt_out\[3\],34.87µm
wave_controller_y_inst/_0558_,34.87µm
wave_controller_y_inst/net352,34.87µm
net1446,34.87µm
wave_controller_x_inst/_0262_,34.82µm
wave_controller_x_inst/_1655_,34.82µm
wave_controller_y_inst/_0166_,34.82µm
wave_controller_x_inst/net951,34.82µm
net1286,34.82µm
raw_edge3_x\[16\],34.77µm
signal_processor_x_inst/_054_,34.77µm
spi_regs_inst/_0446_,34.77µm
wave_controller_x_inst/_0492_,34.77µm
wave_controller_x_inst/_1105_,34.77µm
wave_controller_y_inst/_0578_,34.77µm
wave_controller_y_inst/_0628_,34.77µm
wave_controller_x_inst/net920,34.77µm
signal_processor_y_inst/net1425,34.77µm
spi_regs_inst/_0361_,34.72µm
wave_controller_x_inst/_0287_,34.72µm
wave_controller_x_inst/_0862_,34.72µm
wave_controller_x_inst/_0960_,34.72µm
wave_controller_x_inst/_1696_,34.72µm
wave_controller_x_inst/_1728_,34.72µm
wave_controller_y_inst/_0837_,34.72µm
wave_controller_y_inst/_0894_,34.72µm
wave_controller_y_inst/_1257_,34.72µm
wave_controller_y_inst/net178,34.72µm
wave_controller_x_inst/net711,34.72µm
net1619,34.335µm
spi_regs_inst/net1070,34.31µm
net1587,34.285µm
wave_controller_x_inst/_0162_,34.26µm
wave_controller_y_inst/_0397_,34.26µm
wave_controller_y_inst/_1446_,34.26µm
wave_controller_y_inst/net753,34.26µm
spi_regs_inst/net1514,34.26µm
spi_regs_inst/_0677_,34.21µm
wave_controller_x_inst/_0348_,34.21µm
wave_controller_y_inst/_1441_,34.21µm
wave_controller_x_inst/net128,34.21µm
wave_controller_y_inst/net134,34.21µm
wave_controller_x_inst/net929,34.21µm
spi_regs_inst/net1064,34.21µm
spi_regs_inst/net1392,34.21µm
wave_controller_x_inst/_0499_,34.16µm
wave_controller_y_inst/_0383_,34.16µm
wave_controller_y_inst/_0955_,34.16µm
wave_controller_y_inst/_1035_,34.16µm
wave_controller_y_inst/_1720_,34.16µm
wave_controller_y_inst/cal_burst_count\[0\],34.16µm
wave_controller_x_inst/net904,34.16µm
signal_processor_x_inst/_082_,33.75µm
wave_controller_x_inst/cal_burst_active,33.75µm
wave_controller_y_inst/_1386_,33.75µm
wave_controller_y_inst/net834,33.75µm
net1594,33.725µm
signal_processor_x_inst/cnt_in\[1\],33.7µm
wave_controller_y_inst/_1400_,33.7µm
wave_controller_y_inst/_1662_,33.7µm
wave_controller_y_inst/_1741_,33.7µm
wave_controller_x_inst/net918,33.7µm
net1130,33.7µm
wave_controller_x_inst/net1292,33.7µm
wave_controller_y_inst/net1447,33.7µm
spi_regs_inst/_0326_,33.65µm
wave_controller_x_inst/_0571_,33.65µm
wave_controller_x_inst/_1608_,33.65µm
wave_controller_y_inst/_0436_,33.65µm
wave_controller_y_inst/_0821_,33.65µm
wave_controller_y_inst/_1683_,33.65µm
latch_phase270_y,33.6µm
signal_processor_x_inst/_063_,33.6µm
wave_controller_x_inst/_0523_,33.6µm
wave_controller_x_inst/_1355_,33.6µm
wave_controller_x_inst/_1471_,33.6µm
wave_controller_x_inst/_1743_,33.6µm
wave_controller_x_inst/phase_acc\[19\],33.6µm
wave_controller_y_inst/_1353_,33.6µm
wave_controller_x_inst/_1206_,33.19µm
spi_regs_inst/net610,33.19µm
spi_regs_inst/net617,33.19µm
wave_controller_x_inst/net1273,33.19µm
net1568,33.165µm
net1579,33.165µm
raw_edge2_x\[10\],33.14µm
wave_controller_x_inst/_0223_,33.14µm
wave_controller_x_inst/_0308_,33.14µm
wave_controller_x_inst/_0316_,33.14µm
wave_controller_x_inst/_1717_,33.14µm
spi_regs_inst/net592,33.14µm
wave_controller_y_inst/net778,33.14µm
signal_processor_x_inst/_010_,33.09µm
signal_processor_x_inst/_047_,33.09µm
wave_controller_x_inst/_0048_,33.09µm
wave_controller_x_inst/_0180_,33.09µm
wave_controller_x_inst/_0407_,33.09µm
wave_controller_x_inst/_0596_,33.09µm
wave_controller_x_inst/_0622_,33.09µm
wave_controller_x_inst/_0709_,33.09µm
wave_controller_y_inst/_1046_,33.09µm
wave_controller_y_inst/_1209_,33.09µm
wave_controller_y_inst/_1220_,33.09µm
wave_controller_y_inst/_1752_,33.09µm
wave_controller_x_inst/net250,33.09µm
spi_regs_inst/net473,33.09µm
spi_regs_inst/net552,33.09µm
wave_controller_x_inst/net1319,33.09µm
signal_processor_x_inst/cnt_in\[3\],33.04µm
wave_controller_x_inst/_1628_,33.04µm
spi_regs_inst/_0592_,32.63µm
wave_controller_x_inst/_1293_,32.63µm
wave_controller_y_inst/_0867_,32.63µm
net1566,32.605µm
net1581,32.605µm
signal_processor_y_inst/s90_valid,32.58µm
wave_controller_x_inst/_1102_,32.58µm
wave_controller_x_inst/_1461_,32.58µm
wave_controller_x_inst/_1561_,32.58µm
wave_controller_y_inst/_0255_,32.58µm
wave_controller_y_inst/_0410_,32.58µm
wave_controller_y_inst/_0471_,32.58µm
wave_controller_y_inst/_0664_,32.58µm
wave_controller_y_inst/_0697_,32.58µm
wave_controller_y_inst/_0804_,32.58µm
wave_controller_y_inst/_1667_,32.58µm
signal_processor_y_inst/net1441,32.58µm
net1504,32.58µm
cfg_f_MEMS_fcw_y\[2\],32.53µm
spi_regs_inst/_0416_,32.53µm
wave_controller_x_inst/_0452_,32.53µm
wave_controller_x_inst/_0480_,32.53µm
wave_controller_x_inst/_0783_,32.53µm
wave_controller_x_inst/_1441_,32.53µm
wave_controller_y_inst/_0289_,32.53µm
wave_controller_y_inst/_0350_,32.53µm
wave_controller_y_inst/_1439_,32.53µm
wave_controller_y_inst/_1620_,32.53µm
spi_regs_inst/net461,32.53µm
wave_controller_x_inst/net943,32.53µm
wave_controller_x_inst/net1211,32.53µm
net1432,32.53µm
spi_regs_inst/_0544_,32.48µm
wave_controller_x_inst/_0488_,32.48µm
wave_controller_x_inst/_0509_,32.48µm
wave_controller_y_inst/_0368_,32.48µm
wave_controller_y_inst/_0540_,32.48µm
wave_controller_y_inst/_1174_,32.48µm
wave_controller_y_inst/_1368_,32.48µm
wave_controller_y_inst/_1751_,32.48µm
wave_controller_y_inst/net46,32.48µm
spi_regs_inst/net1396,32.12µm
wave_controller_y_inst/net657,32.07µm
net1609,32.045µm
signal_processor_x_inst/cycle_count\[2\],32.02µm
wave_controller_y_inst/_0334_,32.02µm
wave_controller_y_inst/_1279_,32.02µm
cal_phase0_offset_y\[15\],31.97µm
spi_regs_inst/_0321_,31.97µm
wave_controller_x_inst/_0359_,31.97µm
wave_controller_x_inst/_0513_,31.97µm
wave_controller_x_inst/_0561_,31.97µm
wave_controller_x_inst/_0637_,31.97µm
wave_controller_x_inst/_1544_,31.97µm
wave_controller_y_inst/_1026_,31.97µm
wave_controller_y_inst/_1428_,31.97µm
wave_controller_y_inst/_1483_,31.97µm
wave_controller_x_inst/net98,31.97µm
wave_controller_x_inst/net542,31.97µm
signal_processor_y_inst/net1439,31.97µm
spi_regs_inst/_0593_,31.92µm
spi_regs_inst/_0607_,31.92µm
wave_controller_x_inst/_0616_,31.92µm
wave_controller_x_inst/_0837_,31.92µm
wave_controller_x_inst/_1370_,31.92µm
wave_controller_x_inst/_1539_,31.92µm
wave_controller_x_inst/_1586_,31.92µm
wave_controller_y_inst/_0373_,31.92µm
wave_controller_y_inst/_1186_,31.92µm
wave_controller_y_inst/_1729_,31.92µm
wave_controller_y_inst/_1618_,31.51µm
net1590,31.485µm
spi_regs_inst/cs_n_sync,31.46µm
wave_controller_x_inst/_0337_,31.46µm
wave_controller_x_inst/_1007_,31.46µm
wave_controller_x_inst/_1015_,31.46µm
wave_controller_y_inst/_0330_,31.46µm
wave_controller_y_inst/_0709_,31.46µm
wave_controller_y_inst/_0932_,31.46µm
wave_controller_x_inst/net726,31.46µm
spi_regs_inst/_0441_,31.41µm
spi_regs_inst/_0478_,31.41µm
wave_controller_x_inst/_0424_,31.41µm
wave_controller_x_inst/_1573_,31.41µm
wave_controller_y_inst/_0275_,31.41µm
wave_controller_y_inst/_0337_,31.41µm
wave_controller_y_inst/_0622_,31.41µm
wave_controller_y_inst/_0686_,31.41µm
wave_controller_y_inst/_0773_,31.41µm
wave_controller_y_inst/_0927_,31.41µm
wave_controller_y_inst/_1247_,31.41µm
wave_controller_y_inst/_1500_,31.41µm
wave_controller_x_inst/net150,31.41µm
spi_regs_inst/net370,31.41µm
signal_processor_x_inst/net1313,31.41µm
spi_regs_inst/net1406,31.41µm
spi_regs_inst/_0116_,31.36µm
spi_regs_inst/_0499_,31.36µm
spi_regs_inst/_0611_,31.36µm
wave_controller_x_inst/_0258_,31.36µm
wave_controller_x_inst/_0560_,31.36µm
wave_controller_x_inst/_1473_,31.36µm
wave_controller_x_inst/_1636_,31.36µm
wave_controller_x_inst/_1729_,31.36µm
wave_controller_y_inst/_0178_,31.36µm
wave_controller_y_inst/_0360_,31.36µm
wave_controller_y_inst/_1162_,31.36µm
wave_controller_y_inst/_1199_,31.36µm
wave_controller_y_inst/_1214_,31.36µm
wave_controller_y_inst/_1476_,31.36µm
wave_controller_y_inst/_1487_,31.36µm
wave_controller_y_inst/net195,31.36µm
wave_controller_x_inst/_1374_,30.95µm
wave_controller_y_inst/_1442_,30.95µm
cal_phase270_offset_x\[14\],30.9µm
spi_regs_inst/tx_shift\[4\],30.9µm
wave_controller_x_inst/_0420_,30.9µm
wave_controller_x_inst/_0694_,30.9µm
wave_controller_x_inst/_1332_,30.9µm
wave_controller_x_inst/net1291,30.9µm
wave_controller_x_inst/_0564_,30.85µm
wave_controller_x_inst/_0821_,30.85µm
wave_controller_x_inst/_0885_,30.85µm
wave_controller_x_inst/_1384_,30.85µm
wave_controller_x_inst/comp_sync4,30.85µm
wave_controller_y_inst/_0006_,30.85µm
wave_controller_y_inst/_0222_,30.85µm
wave_controller_y_inst/_0295_,30.85µm
wave_controller_y_inst/_0326_,30.85µm
wave_controller_y_inst/_0580_,30.85µm
wave_controller_y_inst/_0807_,30.85µm
wave_controller_y_inst/_0967_,30.85µm
wave_controller_y_inst/_1115_,30.85µm
wave_controller_y_inst/_1602_,30.85µm
wave_controller_y_inst/_1619_,30.85µm
wave_controller_x_inst/net702,30.85µm
wave_controller_x_inst/net715,30.85µm
spi_regs_inst/net1405,30.85µm
wave_controller_y_inst/net1531,30.85µm
cal_phase270_offset_x\[16\],30.8µm
raw_edge3_x\[0\],30.8µm
spi_regs_inst/tx_shift\[5\],30.8µm
wave_controller_x_inst/_0052_,30.8µm
wave_controller_x_inst/_0640_,30.8µm
wave_controller_x_inst/_0684_,30.8µm
wave_controller_x_inst/_0721_,30.8µm
wave_controller_x_inst/_1049_,30.8µm
wave_controller_x_inst/_1656_,30.8µm
wave_controller_y_inst/_0447_,30.8µm
wave_controller_x_inst/net1246,30.8µm
wave_controller_y_inst/_0806_,30.57µm
wave_controller_y_inst/net828,30.52µm
wave_controller_x_inst/_0935_,30.44µm
net1601,30.415µm
net1614,30.365µm
spi_regs_inst/_0553_,30.34µm
state_machine_inst/_11_,30.34µm
wave_controller_x_inst/_0290_,30.34µm
wave_controller_x_inst/_0467_,30.34µm
wave_controller_y_inst/_1299_,30.34µm
wave_controller_y_inst/_1547_,30.34µm
spi_regs_inst/net270,30.34µm
wave_controller_y_inst/net1535,30.34µm
raw_edge1_x\[2\],30.29µm
spi_regs_inst/_0014_,30.29µm
wave_controller_x_inst/_0151_,30.29µm
wave_controller_x_inst/_0699_,30.29µm
wave_controller_x_inst/_0871_,30.29µm
wave_controller_x_inst/_0981_,30.29µm
wave_controller_x_inst/_1186_,30.29µm
wave_controller_x_inst/_1304_,30.29µm
wave_controller_x_inst/_1311_,30.29µm
wave_controller_y_inst/_1283_,30.29µm
wave_controller_y_inst/_1444_,30.29µm
wave_controller_y_inst/_1577_,30.29µm
wave_controller_y_inst/net164,30.29µm
wave_controller_x_inst/net226,30.29µm
wave_controller_y_inst/net350,30.29µm
wave_controller_x_inst/_0213_,30.24µm
wave_controller_x_inst/_0635_,30.24µm
wave_controller_x_inst/_1032_,30.24µm
wave_controller_x_inst/_1356_,30.24µm
wave_controller_x_inst/_1705_,30.24µm
wave_controller_x_inst/_1742_,30.24µm
wave_controller_y_inst/_0002_,30.24µm
wave_controller_y_inst/_0986_,30.24µm
spi_regs_inst/net580,30.24µm
wave_controller_x_inst/_1553_,29.96µm
wave_controller_y_inst/_0836_,29.96µm
wave_controller_x_inst/_1266_,29.88µm
wave_controller_y_inst/_1716_,29.83µm
wave_controller_y_inst/net770,29.83µm
wave_controller_x_inst/net1289,29.83µm
net1575,29.805µm
cal_phase0_offset_x\[3\],29.78µm
signal_processor_x_inst/_045_,29.78µm
wave_controller_x_inst/_1190_,29.78µm
wave_controller_y_inst/_0545_,29.78µm
wave_controller_x_inst/net117,29.78µm
spi_regs_inst/net569,29.78µm
net747,29.78µm
wave_controller_x_inst/net1300,29.78µm
wave_controller_y_inst/net1474,29.78µm
spi_regs_inst/_0444_,29.73µm
spi_regs_inst/_0616_,29.73µm
spi_regs_inst/_0649_,29.73µm
spi_regs_inst/bit_cnt\[1\],29.73µm
wave_controller_x_inst/_0988_,29.73µm
wave_controller_x_inst/_1285_,29.73µm
wave_controller_x_inst/_1500_,29.73µm
wave_controller_y_inst/_0608_,29.73µm
wave_controller_y_inst/_0860_,29.73µm
wave_controller_y_inst/_1498_,29.73µm
wave_controller_y_inst/_1704_,29.73µm
wave_controller_y_inst/net40,29.73µm
spi_regs_inst/net1090,29.73µm
cfg_f_MEMS_fcw_y\[8\],29.68µm
signal_processor_y_inst/_055_,29.68µm
spi_regs_inst/_0484_,29.68µm
spi_regs_inst/_0585_,29.68µm
wave_controller_x_inst/_0030_,29.68µm
wave_controller_x_inst/_1054_,29.68µm
wave_controller_y_inst/_0681_,29.68µm
wave_controller_y_inst/_0924_,29.68µm
wave_controller_y_inst/_1596_,29.68µm
wave_controller_y_inst/_1650_,29.68µm
wave_controller_y_inst/net156,29.68µm
wave_controller_x_inst/net176,29.68µm
wave_controller_x_inst/ds_acc\[6\],29.27µm
wave_controller_y_inst/_0542_,29.27µm
wave_controller_y_inst/_1747_,29.27µm
net1604,29.245µm
signal_processor_y_inst/_076_,29.22µm
wave_controller_y_inst/_0819_,29.22µm
wave_controller_y_inst/_0966_,29.22µm
wave_controller_y_inst/_1303_,29.22µm
wave_controller_y_inst/net202,29.22µm
signal_processor_x_inst/_073_,29.17µm
signal_processor_y_inst/s270_pipe\[3\],29.17µm
wave_controller_x_inst/_0207_,29.17µm
wave_controller_x_inst/_0434_,29.17µm
wave_controller_x_inst/_1101_,29.17µm
wave_controller_x_inst/_1307_,29.17µm
wave_controller_x_inst/comp_sync3,29.17µm
wave_controller_y_inst/_0317_,29.17µm
wave_controller_y_inst/_0786_,29.17µm
wave_controller_y_inst/_1539_,29.17µm
wave_controller_y_inst/_1593_,29.17µm
wave_controller_y_inst/net1185,29.17µm
cal_phase90_offset_y\[1\],29.12µm
wave_controller_x_inst/_0142_,29.12µm
wave_controller_x_inst/_0890_,29.12µm
wave_controller_x_inst/_1046_,29.12µm
wave_controller_x_inst/_1373_,29.12µm
wave_controller_y_inst/_0639_,29.12µm
wave_controller_y_inst/_0739_,29.12µm
wave_controller_y_inst/_1154_,29.12µm
wave_controller_y_inst/_1196_,29.12µm
wave_controller_y_inst/_1640_,29.12µm
wave_controller_y_inst/net56,29.12µm
wave_controller_y_inst/_0695_,29.04µm
wave_controller_x_inst/cal_burst_armed,28.71µm
net1428,28.71µm
signal_processor_x_inst/cnt_in\[0\],28.66µm
wave_controller_x_inst/_0436_,28.66µm
wave_controller_x_inst/_0662_,28.66µm
wave_controller_x_inst/_0728_,28.66µm
wave_controller_y_inst/_0935_,28.66µm
wave_controller_y_inst/wave_cycle_cnt\[7\],28.66µm
wave_controller_y_inst/net625,28.66µm
wave_controller_y_inst/net776,28.66µm
net1431,28.66µm
net1462,28.66µm
cal_phase0_offset_y\[13\],28.61µm
signal_processor_x_inst/comp_pipe\[2\],28.61µm
signal_processor_x_inst/cycle_count\[3\],28.61µm
wave_controller_x_inst/_0275_,28.61µm
wave_controller_x_inst/_0342_,28.61µm
wave_controller_x_inst/_0680_,28.61µm
wave_controller_y_inst/_0505_,28.61µm
wave_controller_y_inst/_0749_,28.61µm
wave_controller_y_inst/_0929_,28.61µm
wave_controller_y_inst/_0980_,28.61µm
wave_controller_y_inst/_1381_,28.61µm
spi_regs_inst/net456,28.61µm
spi_regs_inst/_0552_,28.56µm
spi_regs_inst/_0555_,28.56µm
wave_controller_x_inst/_0510_,28.56µm
wave_controller_x_inst/_0941_,28.56µm
wave_controller_y_inst/_0907_,28.56µm
wave_controller_y_inst/_1072_,28.56µm
wave_controller_y_inst/net19,28.56µm
spi_regs_inst/net1020,28.56µm
wave_controller_y_inst/net648,28.2µm
wave_controller_y_inst/_0669_,28.15µm
signal_processor_y_inst/cnt_in\[2\],28.1µm
spi_regs_inst/_0252_,28.1µm
wave_controller_x_inst/_1229_,28.1µm
wave_controller_x_inst/_1568_,28.1µm
wave_controller_x_inst/_1578_,28.1µm
wave_controller_y_inst/_1521_,28.1µm
wave_controller_y_inst/_1660_,28.1µm
wave_controller_y_inst/net155,28.1µm
raw_edge3_y\[1\],28.05µm
signal_processor_x_inst/_071_,28.05µm
signal_processor_y_inst/_036_,28.05µm
wave_controller_x_inst/_0542_,28.05µm
wave_controller_x_inst/_1601_,28.05µm
wave_controller_x_inst/_1715_,28.05µm
wave_controller_y_inst/_0007_,28.05µm
wave_controller_y_inst/_0400_,28.05µm
wave_controller_y_inst/_0573_,28.05µm
wave_controller_y_inst/_0694_,28.05µm
wave_controller_y_inst/_1529_,28.05µm
wave_controller_x_inst/net138,28.05µm
spi_regs_inst/net1397,28.05µm
wave_controller_x_inst/_0047_,28µm
wave_controller_x_inst/_0174_,28µm
wave_controller_x_inst/_0425_,28µm
wave_controller_x_inst/_0888_,28µm
wave_controller_x_inst/_1106_,28µm
wave_controller_x_inst/_1154_,28µm
wave_controller_x_inst/_1487_,28µm
wave_controller_x_inst/_1529_,28µm
wave_controller_y_inst/_0263_,28µm
wave_controller_y_inst/_0309_,28µm
wave_controller_y_inst/_0982_,28µm
wave_controller_y_inst/_1717_,28µm
wave_controller_y_inst/ds_acc\[3\],28µm
wave_controller_x_inst/net930,28µm
spi_regs_inst/net1011,28µm
wave_controller_x_inst/net364,27.64µm
wave_controller_x_inst/_1571_,27.59µm
wave_controller_y_inst/_0700_,27.59µm
spi_regs_inst/net1402,27.59µm
wave_controller_x_inst/_0253_,27.54µm
wave_controller_x_inst/_0814_,27.54µm
wave_controller_x_inst/_0957_,27.54µm
wave_controller_y_inst/_0304_,27.54µm
wave_controller_y_inst/_1600_,27.54µm
wave_controller_y_inst/_1676_,27.54µm
wave_controller_x_inst/net167,27.54µm
wave_controller_y_inst/net1193,27.54µm
signal_processor_y_inst/_057_,27.49µm
spi_regs_inst/_0629_,27.49µm
wave_controller_x_inst/_0490_,27.49µm
wave_controller_x_inst/_0527_,27.49µm
wave_controller_x_inst/_0565_,27.49µm
wave_controller_x_inst/_0705_,27.49µm
wave_controller_y_inst/_0064_,27.49µm
wave_controller_y_inst/_0624_,27.49µm
wave_controller_y_inst/_0765_,27.49µm
wave_controller_y_inst/_1369_,27.49µm
wave_controller_y_inst/_1698_,27.49µm
wave_controller_y_inst/_1743_,27.49µm
wave_controller_y_inst/net639,27.49µm
spi_regs_inst/net1095,27.49µm
net1332,27.49µm
signal_processor_x_inst/_074_,27.44µm
wave_controller_x_inst/_0183_,27.44µm
wave_controller_x_inst/_0315_,27.44µm
wave_controller_x_inst/_0517_,27.44µm
wave_controller_x_inst/_0557_,27.44µm
wave_controller_x_inst/_1234_,27.44µm
wave_controller_x_inst/_1483_,27.44µm
wave_controller_x_inst/_1677_,27.44µm
wave_controller_y_inst/_0372_,27.44µm
wave_controller_y_inst/_0976_,27.44µm
wave_controller_y_inst/_1060_,27.44µm
spi_regs_inst/net579,27.44µm
wave_controller_x_inst/net945,27.44µm
net1580,27.055µm
wave_controller_x_inst/_0807_,27.03µm
wave_controller_x_inst/_0924_,27.03µm
wave_controller_y_inst/_0579_,27.03µm
wave_controller_y_inst/_1465_,27.03µm
net1589,27.005µm
net1598,27.005µm
cfg_f_MEMS_fcw_x\[2\],26.98µm
signal_processor_y_inst/cnt_out\[0\],26.98µm
wave_controller_x_inst/_0313_,26.98µm
wave_controller_x_inst/_0321_,26.98µm
wave_controller_x_inst/_0580_,26.98µm
wave_controller_x_inst/_0803_,26.98µm
wave_controller_y_inst/_0249_,26.98µm
wave_controller_y_inst/_0954_,26.98µm
wave_controller_y_inst/_1192_,26.98µm
wave_controller_y_inst/net70,26.98µm
wave_controller_y_inst/net501,26.98µm
spi_regs_inst/_0213_,26.93µm
spi_regs_inst/_0412_,26.93µm
wave_controller_x_inst/_0172_,26.93µm
wave_controller_x_inst/_0487_,26.93µm
wave_controller_x_inst/_0524_,26.93µm
wave_controller_x_inst/_0707_,26.93µm
wave_controller_x_inst/_0738_,26.93µm
wave_controller_x_inst/_0939_,26.93µm
wave_controller_x_inst/_1028_,26.93µm
wave_controller_x_inst/_1333_,26.93µm
wave_controller_x_inst/_1647_,26.93µm
wave_controller_x_inst/_1693_,26.93µm
wave_controller_y_inst/_0234_,26.93µm
wave_controller_y_inst/_0676_,26.93µm
wave_controller_y_inst/_1739_,26.93µm
wave_controller_x_inst/net365,26.93µm
spi_regs_inst/net1353,26.93µm
wave_controller_y_inst/net1549,26.93µm
signal_processor_x_inst/_051_,26.88µm
spi_regs_inst/_0173_,26.88µm
wave_controller_x_inst/_0857_,26.88µm
wave_controller_y_inst/_0756_,26.88µm
wave_controller_y_inst/_0937_,26.88µm
wave_controller_y_inst/_1404_,26.88µm
wave_controller_y_inst/_1453_,26.88µm
wave_controller_y_inst/_1490_,26.88µm
wave_controller_y_inst/_1495_,26.88µm
wave_controller_y_inst/_1570_,26.88µm
wave_controller_y_inst/_1675_,26.88µm
wave_controller_y_inst/capture_pending,26.88µm
spi_regs_inst/net1515,26.88µm
wave_controller_x_inst/_0579_,26.47µm
wave_controller_x_inst/_1262_,26.47µm
wave_controller_y_inst/_0308_,26.47µm
wave_controller_y_inst/_1507_,26.47µm
net1596,26.445µm
net1599,26.445µm
spi_regs_inst/_0683_,26.42µm
state_machine_inst/_12_,26.42µm
wave_controller_x_inst/_0233_,26.42µm
wave_controller_y_inst/_0182_,26.42µm
wave_controller_y_inst/_0324_,26.42µm
wave_controller_y_inst/_0538_,26.42µm
wave_controller_y_inst/_0685_,26.42µm
wave_controller_y_inst/_0718_,26.42µm
wave_controller_y_inst/_1569_,26.42µm
wave_controller_y_inst/_1723_,26.42µm
wave_controller_x_inst/net901,26.42µm
wave_controller_x_inst/net1301,26.42µm
net1312,26.42µm
spi_regs_inst/_0409_,26.37µm
state_machine_inst/_05_,26.37µm
wave_controller_x_inst/_0225_,26.37µm
wave_controller_x_inst/_0345_,26.37µm
wave_controller_x_inst/_0801_,26.37µm
wave_controller_x_inst/_1256_,26.37µm
wave_controller_x_inst/_1577_,26.37µm
wave_controller_x_inst/_1673_,26.37µm
wave_controller_x_inst/_1727_,26.37µm
wave_controller_y_inst/_0404_,26.37µm
wave_controller_y_inst/_0517_,26.37µm
wave_controller_y_inst/_1153_,26.37µm
wave_controller_y_inst/_1271_,26.37µm
wave_controller_y_inst/_1655_,26.37µm
wave_controller_y_inst/_1718_,26.37µm
wave_controller_x_inst/net936,26.37µm
spi_regs_inst/_0135_,26.32µm
wave_controller_x_inst/_0237_,26.32µm
wave_controller_x_inst/_0563_,26.32µm
wave_controller_x_inst/_0603_,26.32µm
wave_controller_x_inst/_0676_,26.32µm
wave_controller_x_inst/_1270_,26.32µm
wave_controller_y_inst/_0596_,26.32µm
wave_controller_y_inst/_1137_,26.32µm
wave_controller_y_inst/_1341_,26.32µm
wave_controller_y_inst/_1491_,26.32µm
spi_regs_inst/net588,26.32µm
wave_controller_y_inst/net1482,26.32µm
wave_controller_x_inst/_0326_,26.01µm
wave_controller_x_inst/_0269_,25.96µm
wave_controller_y_inst/_0460_,25.96µm
wave_controller_y_inst/_0988_,25.91µm
net1613,25.885µm
spi_regs_inst/_0237_,25.86µm
wave_controller_x_inst/_0200_,25.86µm
wave_controller_x_inst/_0991_,25.86µm
wave_controller_x_inst/_1380_,25.86µm
wave_controller_x_inst/_1704_,25.86µm
wave_controller_y_inst/_0225_,25.86µm
wave_controller_y_inst/_0311_,25.86µm
wave_controller_y_inst/_1480_,25.86µm
wave_controller_y_inst/_1682_,25.86µm
wave_controller_y_inst/ds_acc\[5\],25.86µm
wave_controller_y_inst/net486,25.86µm
wave_controller_x_inst/net937,25.86µm
net1256,25.86µm
net1621,25.855µm
spi_regs_inst/_0102_,25.81µm
spi_regs_inst/_0128_,25.81µm
spi_regs_inst/_0282_,25.81µm
wave_controller_x_inst/_0343_,25.81µm
wave_controller_x_inst/_0528_,25.81µm
wave_controller_x_inst/_0540_,25.81µm
wave_controller_x_inst/_0952_,25.81µm
wave_controller_x_inst/_1427_,25.81µm
wave_controller_x_inst/_1536_,25.81µm
wave_controller_x_inst/_1558_,25.81µm
wave_controller_y_inst/_0738_,25.81µm
wave_controller_y_inst/_0788_,25.81µm
wave_controller_y_inst/_1256_,25.81µm
wave_controller_y_inst/net477,25.81µm
spi_regs_inst/net571,25.81µm
wave_controller_y_inst/net629,25.81µm
net1383,25.81µm
spi_regs_inst/_0234_,25.76µm
spi_regs_inst/_0457_,25.76µm
wave_controller_x_inst/_0192_,25.76µm
wave_controller_x_inst/_0711_,25.76µm
wave_controller_x_inst/_1459_,25.76µm
wave_controller_y_inst/_0343_,25.76µm
wave_controller_y_inst/_0649_,25.76µm
wave_controller_y_inst/_0883_,25.76µm
wave_controller_y_inst/_1070_,25.76µm
wave_controller_y_inst/_1544_,25.76µm
wave_controller_x_inst/_0220_,25.4µm
wave_controller_y_inst/net767,25.4µm
wave_controller_y_inst/_0277_,25.35µm
net1228,25.35µm
net1574,25.325µm
net1592,25.325µm
wave_controller_x_inst/_0778_,25.3µm
wave_controller_x_inst/_1513_,25.3µm
wave_controller_y_inst/_0197_,25.3µm
wave_controller_y_inst/_0425_,25.3µm
wave_controller_y_inst/_1102_,25.3µm
wave_controller_y_inst/_1420_,25.3µm
wave_controller_y_inst/_1548_,25.3µm
wave_controller_y_inst/wave_cycle_cnt\[0\],25.3µm
signal_processor_y_inst/net1440,25.3µm
wave_controller_y_inst/net1476,25.3µm
net1526,25.3µm
cal_phase0_offset_y\[17\],25.25µm
cfg_f_MEMS_fcw_x\[11\],25.25µm
signal_processor_x_inst/_062_,25.25µm
wave_controller_x_inst/_0332_,25.25µm
wave_controller_x_inst/_0366_,25.25µm
wave_controller_x_inst/_0440_,25.25µm
wave_controller_x_inst/_0693_,25.25µm
wave_controller_x_inst/_0798_,25.25µm
wave_controller_x_inst/_1331_,25.25µm
wave_controller_y_inst/_0227_,25.25µm
wave_controller_y_inst/_0452_,25.25µm
wave_controller_y_inst/_0565_,25.25µm
wave_controller_y_inst/_0776_,25.25µm
wave_controller_y_inst/_0862_,25.25µm
wave_controller_y_inst/_0912_,25.25µm
wave_controller_y_inst/_1189_,25.25µm
wave_controller_y_inst/_1274_,25.25µm
wave_controller_y_inst/_1361_,25.25µm
wave_controller_y_inst/_1579_,25.25µm
wave_controller_y_inst/_1705_,25.25µm
signal_processor_x_inst/_030_,25.2µm
wave_controller_x_inst/_0132_,25.2µm
wave_controller_x_inst/_0138_,25.2µm
wave_controller_x_inst/_0916_,25.2µm
wave_controller_x_inst/_1257_,25.2µm
wave_controller_y_inst/_0490_,25.2µm
wave_controller_y_inst/_0524_,25.2µm
wave_controller_y_inst/_1100_,25.2µm
wave_controller_y_inst/net496,25.2µm
wave_controller_y_inst/net658,25.2µm
net1573,24.815µm
wave_controller_x_inst/_0222_,24.79µm
wave_controller_x_inst/_0231_,24.79µm
wave_controller_x_inst/_1660_,24.79µm
wave_controller_y_inst/_0957_,24.79µm
wave_controller_y_inst/_1407_,24.79µm
net1577,24.765µm
net1602,24.765µm
raw_edge1_y\[5\],24.74µm
signal_processor_y_inst/_060_,24.74µm
wave_controller_x_inst/_0463_,24.74µm
wave_controller_x_inst/_0956_,24.74µm
wave_controller_x_inst/_1103_,24.74µm
wave_controller_x_inst/_1381_,24.74µm
wave_controller_x_inst/_1581_,24.74µm
wave_controller_y_inst/_0868_,24.74µm
wave_controller_y_inst/_1357_,24.74µm
wave_controller_y_inst/_1457_,24.74µm
wave_controller_y_inst/_1571_,24.74µm
wave_controller_x_inst/net1260,24.74µm
wave_controller_x_inst/_0360_,24.69µm
wave_controller_x_inst/_0760_,24.69µm
wave_controller_x_inst/_0788_,24.69µm
wave_controller_y_inst/_0053_,24.69µm
wave_controller_y_inst/_0359_,24.69µm
wave_controller_y_inst/_1177_,24.69µm
wave_controller_y_inst/_1191_,24.69µm
wave_controller_y_inst/_1260_,24.69µm
wave_controller_y_inst/net27,24.69µm
wave_controller_x_inst/net203,24.69µm
net1424,24.69µm
wave_controller_x_inst/_0607_,24.64µm
wave_controller_x_inst/_0986_,24.64µm
wave_controller_x_inst/_1238_,24.64µm
wave_controller_x_inst/_1508_,24.64µm
wave_controller_y_inst/_0098_,24.64µm
wave_controller_y_inst/_0159_,24.64µm
wave_controller_y_inst/_0346_,24.64µm
wave_controller_y_inst/_0416_,24.64µm
wave_controller_y_inst/_0928_,24.64µm
wave_controller_y_inst/_1081_,24.64µm
wave_controller_y_inst/_1508_,24.64µm
net1564,24.255µm
spi_regs_inst/_0573_,24.23µm
wave_controller_x_inst/_0642_,24.23µm
spi_regs_inst/_0347_,24.18µm
wave_controller_x_inst/_0136_,24.18µm
wave_controller_x_inst/_0285_,24.18µm
wave_controller_x_inst/_0727_,24.18µm
wave_controller_x_inst/_1037_,24.18µm
wave_controller_x_inst/_1627_,24.18µm
wave_controller_y_inst/_0248_,24.18µm
wave_controller_y_inst/_0619_,24.18µm
wave_controller_y_inst/_0653_,24.18µm
wave_controller_y_inst/_0723_,24.18µm
wave_controller_y_inst/_1659_,24.18µm
wave_controller_y_inst/net1173,24.18µm
signal_processor_x_inst/cnt_out\[1\],24.13µm
signal_processor_y_inst/_034_,24.13µm
wave_controller_x_inst/_0255_,24.13µm
wave_controller_x_inst/_0354_,24.13µm
wave_controller_x_inst/_0409_,24.13µm
wave_controller_x_inst/_0644_,24.13µm
wave_controller_x_inst/_1739_,24.13µm
wave_controller_y_inst/_0237_,24.13µm
wave_controller_y_inst/_0566_,24.13µm
wave_controller_y_inst/_1110_,24.13µm
wave_controller_y_inst/_1188_,24.13µm
wave_controller_y_inst/_1482_,24.13µm
wave_controller_y_inst/_1653_,24.13µm
wave_controller_y_inst/_1661_,24.13µm
wave_controller_y_inst/_1712_,24.13µm
wave_controller_y_inst/net179,24.13µm
wave_controller_x_inst/net509,24.13µm
wave_controller_x_inst/net934,24.13µm
signal_processor_x_inst/net1328,24.13µm
wave_controller_x_inst/_0141_,24.08µm
wave_controller_x_inst/_0214_,24.08µm
wave_controller_x_inst/_0813_,24.08µm
wave_controller_x_inst/_0844_,24.08µm
wave_controller_x_inst/_0859_,24.08µm
wave_controller_x_inst/_1117_,24.08µm
wave_controller_x_inst/_1137_,24.08µm
wave_controller_x_inst/_1503_,24.08µm
wave_controller_x_inst/_1563_,24.08µm
wave_controller_y_inst/_0354_,24.08µm
wave_controller_y_inst/_0417_,24.08µm
wave_controller_y_inst/_1455_,24.08µm
wave_controller_y_inst/_1601_,24.08µm
wave_controller_y_inst/_1608_,24.08µm
wave_controller_y_inst/_1615_,24.08µm
wave_controller_y_inst/_1728_,24.08µm
wave_controller_y_inst/_1738_,24.08µm
wave_controller_y_inst/_1748_,24.08µm
wave_controller_y_inst/net1127,24.08µm
signal_processor_x_inst/net1324,24.08µm
wave_controller_y_inst/_0365_,23.72µm
wave_controller_y_inst/_1671_,23.72µm
wave_controller_x_inst/_0143_,23.67µm
wave_controller_x_inst/_0227_,23.67µm
wave_controller_x_inst/_0329_,23.67µm
wave_controller_x_inst/_1239_,23.67µm
wave_controller_x_inst/_1532_,23.67µm
wave_controller_y_inst/_0386_,23.67µm
wave_controller_y_inst/_0491_,23.67µm
wave_controller_y_inst/_1656_,23.67µm
signal_processor_x_inst/_044_,23.62µm
wave_controller_x_inst/_0152_,23.62µm
wave_controller_x_inst/_0208_,23.62µm
wave_controller_x_inst/_0495_,23.62µm
wave_controller_x_inst/_0566_,23.62µm
wave_controller_x_inst/_0938_,23.62µm
wave_controller_x_inst/_1230_,23.62µm
wave_controller_x_inst/_1650_,23.62µm
wave_controller_y_inst/_0654_,23.62µm
wave_controller_y_inst/_0659_,23.62µm
wave_controller_x_inst/net1267,23.62µm
net1433,23.62µm
bidir_out[2],23.615µm
move_en_y,23.57µm
spi_regs_inst/_0106_,23.57µm
wave_controller_x_inst/_0066_,23.57µm
wave_controller_x_inst/_0178_,23.57µm
wave_controller_x_inst/_0312_,23.57µm
wave_controller_x_inst/_0426_,23.57µm
wave_controller_x_inst/_0659_,23.57µm
wave_controller_x_inst/_0681_,23.57µm
wave_controller_x_inst/_0723_,23.57µm
wave_controller_x_inst/_1348_,23.57µm
wave_controller_x_inst/_1457_,23.57µm
wave_controller_y_inst/_0144_,23.57µm
wave_controller_y_inst/_0223_,23.57µm
wave_controller_y_inst/_0453_,23.57µm
wave_controller_y_inst/_0560_,23.57µm
wave_controller_y_inst/_0856_,23.57µm
wave_controller_y_inst/_1349_,23.57µm
wave_controller_y_inst/_1396_,23.57µm
wave_controller_y_inst/_1492_,23.57µm
wave_controller_x_inst/net227,23.57µm
wave_controller_x_inst/_0489_,23.52µm
wave_controller_x_inst/_0697_,23.52µm
wave_controller_x_inst/_0823_,23.52µm
wave_controller_x_inst/_0987_,23.52µm
wave_controller_x_inst/_1349_,23.52µm
wave_controller_x_inst/_1382_,23.52µm
wave_controller_y_inst/_0302_,23.52µm
wave_controller_y_inst/_0801_,23.52µm
wave_controller_y_inst/_0812_,23.52µm
wave_controller_y_inst/_1023_,23.52µm
wave_controller_y_inst/_1101_,23.52µm
wave_controller_y_inst/_1140_,23.52µm
wave_controller_y_inst/net1182,23.52µm
wave_controller_x_inst/_0718_,23.26µm
rst_n,23.135µm
wave_controller_y_inst/_0729_,23.11µm
wave_controller_y_inst/_1625_,23.11µm
net1570,23.085µm
wave_controller_x_inst/_0654_,23.06µm
wave_controller_x_inst/_0943_,23.06µm
wave_controller_x_inst/_1682_,23.06µm
wave_controller_y_inst/_0233_,23.06µm
wave_controller_y_inst/_0361_,23.06µm
wave_controller_y_inst/_0406_,23.06µm
wave_controller_y_inst/_0963_,23.06µm
wave_controller_y_inst/_1543_,23.06µm
net1567,23.055µm
signal_processor_y_inst/_048_,23.01µm
spi_regs_inst/_0025_,23.01µm
spi_regs_inst/_0141_,23.01µm
spi_regs_inst/_0180_,23.01µm
spi_regs_inst/rx_shift\[6\],23.01µm
wave_controller_x_inst/_0508_,23.01µm
wave_controller_x_inst/_0785_,23.01µm
wave_controller_x_inst/_0906_,23.01µm
wave_controller_x_inst/_1050_,23.01µm
wave_controller_x_inst/_1192_,23.01µm
wave_controller_x_inst/_1357_,23.01µm
wave_controller_x_inst/_1480_,23.01µm
wave_controller_x_inst/_1546_,23.01µm
wave_controller_x_inst/_1690_,23.01µm
wave_controller_x_inst/_1745_,23.01µm
wave_controller_y_inst/_0444_,23.01µm
wave_controller_y_inst/net653,23.01µm
signal_processor_x_inst/_020_,22.96µm
signal_processor_x_inst/_023_,22.96µm
spi_regs_inst/_0604_,22.96µm
wave_controller_x_inst/_0347_,22.96µm
wave_controller_x_inst/_0372_,22.96µm
wave_controller_x_inst/_0838_,22.96µm
wave_controller_x_inst/_0852_,22.96µm
wave_controller_x_inst/_0894_,22.96µm
wave_controller_x_inst/_0949_,22.96µm
wave_controller_x_inst/_1259_,22.96µm
wave_controller_y_inst/_0412_,22.96µm
wave_controller_y_inst/_0642_,22.96µm
wave_controller_x_inst/_0848_,22.73µm
wave_controller_x_inst/net673,22.68µm
net1572,22.575µm
wave_controller_y_inst/_1073_,22.55µm
wave_controller_y_inst/_1614_,22.55µm
wave_controller_x_inst/net668,22.55µm
net,22.525µm
spi_regs_inst/_0313_,22.5µm
wave_controller_x_inst/_0386_,22.5µm
wave_controller_x_inst/_0397_,22.5µm
wave_controller_x_inst/_0701_,22.5µm
wave_controller_y_inst/_0589_,22.5µm
wave_controller_y_inst/_0799_,22.5µm
wave_controller_y_inst/_0827_,22.5µm
wave_controller_y_inst/_1118_,22.5µm
wave_controller_y_inst/_1691_,22.5µm
wave_controller_y_inst/_1700_,22.5µm
net1205,22.5µm
signal_processor_x_inst/_055_,22.45µm
spi_regs_inst/_0526_,22.45µm
spi_regs_inst/reg_wr_data\[1\],22.45µm
wave_controller_x_inst/_0133_,22.45µm
wave_controller_x_inst/_0475_,22.45µm
wave_controller_x_inst/_0625_,22.45µm
wave_controller_x_inst/_0733_,22.45µm
wave_controller_x_inst/_0817_,22.45µm
wave_controller_x_inst/_0875_,22.45µm
wave_controller_x_inst/_0974_,22.45µm
wave_controller_x_inst/_0978_,22.45µm
wave_controller_x_inst/_1188_,22.45µm
wave_controller_x_inst/_1353_,22.45µm
wave_controller_x_inst/_1445_,22.45µm
wave_controller_y_inst/_0218_,22.45µm
wave_controller_y_inst/_0382_,22.45µm
wave_controller_y_inst/_0462_,22.45µm
wave_controller_y_inst/_0857_,22.45µm
wave_controller_y_inst/_0871_,22.45µm
wave_controller_y_inst/_0996_,22.45µm
wave_controller_y_inst/_1063_,22.45µm
wave_controller_y_inst/_1105_,22.45µm
wave_controller_y_inst/_1324_,22.45µm
wave_controller_y_inst/_1727_,22.45µm
wave_controller_y_inst/net288,22.45µm
wave_controller_y_inst/net483,22.45µm
net749,22.45µm
spi_regs_inst/_0184_,22.4µm
spi_regs_inst/_0486_,22.4µm
wave_controller_x_inst/_0373_,22.4µm
wave_controller_x_inst/_0812_,22.4µm
wave_controller_x_inst/_1231_,22.4µm
wave_controller_x_inst/_1232_,22.4µm
wave_controller_x_inst/_1506_,22.4µm
wave_controller_y_inst/_0371_,22.4µm
wave_controller_y_inst/_0409_,22.4µm
wave_controller_y_inst/_0736_,22.4µm
wave_controller_y_inst/_0752_,22.4µm
wave_controller_y_inst/_0941_,22.4µm
wave_controller_y_inst/_1181_,22.4µm
wave_controller_y_inst/_1503_,22.4µm
signal_processor_x_inst/net730,22.4µm
wave_controller_x_inst/_1378_,22.04µm
wave_controller_y_inst/_0774_,22.04µm
wave_controller_x_inst/_0774_,21.99µm
wave_controller_y_inst/_0402_,21.99µm
wave_controller_y_inst/_0674_,21.99µm
spi_regs_inst/net583,21.99µm
wave_controller_x_inst/_0920_,21.94µm
wave_controller_x_inst/_1303_,21.94µm
wave_controller_x_inst/_1657_,21.94µm
wave_controller_y_inst/_0536_,21.94µm
wave_controller_y_inst/_1734_,21.94µm
wave_controller_y_inst/net1490,21.94µm
cal_phase90_offset_x\[18\],21.89µm
signal_processor_x_inst/_092_,21.89µm
spi_regs_inst/_0027_,21.89µm
wave_controller_x_inst/_0166_,21.89µm
wave_controller_x_inst/_0383_,21.89µm
wave_controller_x_inst/_0638_,21.89µm
wave_controller_x_inst/_0770_,21.89µm
wave_controller_x_inst/_0772_,21.89µm
wave_controller_x_inst/_0779_,21.89µm
wave_controller_x_inst/_0910_,21.89µm
wave_controller_x_inst/_1692_,21.89µm
wave_controller_y_inst/_0253_,21.89µm
wave_controller_y_inst/_0480_,21.89µm
wave_controller_y_inst/_1027_,21.89µm
wave_controller_y_inst/_1462_,21.89µm
wave_controller_y_inst/_1488_,21.89µm
wave_controller_y_inst/_1499_,21.89µm
wave_controller_y_inst/_1606_,21.89µm
wave_controller_x_inst/net723,21.89µm
wave_controller_x_inst/net1364,21.89µm
net1558,21.89µm
cal_phase270_offset_x\[3\],21.84µm
signal_processor_y_inst/cnt_out\[3\],21.84µm
spi_regs_inst/_0648_,21.84µm
wave_controller_x_inst/_0427_,21.84µm
wave_controller_x_inst/_0985_,21.84µm
wave_controller_x_inst/_1036_,21.84µm
wave_controller_x_inst/_1642_,21.84µm
wave_controller_x_inst/_1740_,21.84µm
wave_controller_y_inst/_0245_,21.84µm
wave_controller_y_inst/_0251_,21.84µm
wave_controller_y_inst/_0567_,21.84µm
wave_controller_y_inst/_0775_,21.84µm
wave_controller_y_inst/_0828_,21.84µm
net1321,21.84µm
net1426,21.84µm
wave_controller_y_inst/_0315_,21.56µm
wave_controller_x_inst/_0171_,21.43µm
wave_controller_x_inst/_0212_,21.43µm
wave_controller_y_inst/_1273_,21.43µm
wave_controller_y_inst/net247,21.43µm
net1576,21.405µm
bidir_in[1],21.405µm
signal_processor_y_inst/_074_,21.38µm
signal_processor_y_inst/cycle_count\[3\],21.38µm
wave_controller_x_inst/_0574_,21.38µm
wave_controller_x_inst/_1196_,21.38µm
wave_controller_x_inst/_1618_,21.38µm
wave_controller_x_inst/_1662_,21.38µm
wave_controller_y_inst/_0956_,21.38µm
wave_controller_x_inst/net266,21.38µm
wave_controller_x_inst/net677,21.38µm
spi_regs_inst/net1393,21.38µm
cal_phase0_offset_y\[12\],21.33µm
wave_controller_x_inst/_0199_,21.33µm
wave_controller_x_inst/_0224_,21.33µm
wave_controller_x_inst/_0283_,21.33µm
wave_controller_x_inst/_0314_,21.33µm
wave_controller_x_inst/_0375_,21.33µm
wave_controller_x_inst/_0460_,21.33µm
wave_controller_x_inst/_0678_,21.33µm
wave_controller_x_inst/_0690_,21.33µm
wave_controller_x_inst/_0877_,21.33µm
wave_controller_x_inst/_0883_,21.33µm
wave_controller_x_inst/_0951_,21.33µm
wave_controller_x_inst/_1375_,21.33µm
wave_controller_x_inst/_1452_,21.33µm
wave_controller_x_inst/_1545_,21.33µm
wave_controller_x_inst/_1559_,21.33µm
wave_controller_x_inst/_1614_,21.33µm
wave_controller_x_inst/_1695_,21.33µm
wave_controller_x_inst/_1699_,21.33µm
wave_controller_y_inst/_0374_,21.33µm
wave_controller_y_inst/_0389_,21.33µm
wave_controller_y_inst/_0793_,21.33µm
wave_controller_y_inst/_0832_,21.33µm
wave_controller_y_inst/_1025_,21.33µm
wave_controller_y_inst/_1163_,21.33µm
wave_controller_y_inst/_1263_,21.33µm
wave_controller_y_inst/_1426_,21.33µm
wave_controller_y_inst/_1486_,21.33µm
wave_controller_y_inst/_1589_,21.33µm
wave_controller_y_inst/_1628_,21.33µm
wave_controller_x_inst/net141,21.33µm
signal_processor_y_inst/_096_,21.28µm
spi_regs_inst/_0086_,21.28µm
spi_regs_inst/_0244_,21.28µm
spi_regs_inst/_0260_,21.28µm
spi_regs_inst/_0333_,21.28µm
wave_controller_x_inst/_0198_,21.28µm
wave_controller_x_inst/_0569_,21.28µm
wave_controller_x_inst/_0634_,21.28µm
wave_controller_x_inst/_0825_,21.28µm
wave_controller_x_inst/_1674_,21.28µm
wave_controller_y_inst/_0820_,21.28µm
wave_controller_y_inst/_0987_,21.28µm
wave_controller_y_inst/_1231_,21.28µm
wave_controller_y_inst/_1287_,21.28µm
wave_controller_y_inst/_1363_,21.28µm
wave_controller_y_inst/net799,21.28µm
wave_controller_x_inst/_0263_,20.87µm
wave_controller_x_inst/_1113_,20.87µm
net1611,20.845µm
net1571,20.845µm
net1618,20.845µm
bidir_oe[3],20.845µm
net9,20.82µm
wave_controller_x_inst/_0191_,20.82µm
wave_controller_x_inst/_1271_,20.82µm
wave_controller_y_inst/_0162_,20.82µm
wave_controller_y_inst/_0644_,20.82µm
wave_controller_y_inst/_0646_,20.82µm
wave_controller_y_inst/_0650_,20.82µm
wave_controller_y_inst/_0679_,20.82µm
wave_controller_y_inst/_1558_,20.82µm
latch_phase90_ack_x,20.77µm
signal_processor_x_inst/_064_,20.77µm
signal_processor_y_inst/_016_,20.77µm
spi_regs_inst/_0378_,20.77µm
spi_regs_inst/_0504_,20.77µm
wave_controller_x_inst/_0454_,20.77µm
wave_controller_x_inst/_0550_,20.77µm
wave_controller_x_inst/_0657_,20.77µm
wave_controller_x_inst/_0815_,20.77µm
wave_controller_x_inst/_0945_,20.77µm
wave_controller_x_inst/_1446_,20.77µm
wave_controller_x_inst/_1569_,20.77µm
wave_controller_x_inst/_1579_,20.77µm
wave_controller_y_inst/_0180_,20.77µm
wave_controller_y_inst/_0203_,20.77µm
wave_controller_y_inst/_0448_,20.77µm
wave_controller_y_inst/_0667_,20.77µm
wave_controller_y_inst/_0690_,20.77µm
wave_controller_y_inst/_0790_,20.77µm
wave_controller_y_inst/_0920_,20.77µm
wave_controller_y_inst/_0974_,20.77µm
wave_controller_y_inst/_1236_,20.77µm
wave_controller_y_inst/cal_burst_count\[1\],20.77µm
net1522,20.77µm
spi_regs_inst/_0031_,20.72µm
spi_regs_inst/_0627_,20.72µm
wave_controller_x_inst/_0128_,20.72µm
wave_controller_x_inst/_0129_,20.72µm
wave_controller_x_inst/_0404_,20.72µm
wave_controller_x_inst/_0568_,20.72µm
wave_controller_x_inst/_0632_,20.72µm
wave_controller_x_inst/_0670_,20.72µm
wave_controller_x_inst/_1110_,20.72µm
wave_controller_x_inst/_1147_,20.72µm
wave_controller_x_inst/_1347_,20.72µm
wave_controller_y_inst/_0219_,20.72µm
wave_controller_y_inst/_0339_,20.72µm
wave_controller_y_inst/_0370_,20.72µm
wave_controller_y_inst/_0395_,20.72µm
wave_controller_y_inst/_0683_,20.72µm
wave_controller_y_inst/_1130_,20.72µm
wave_controller_y_inst/_1484_,20.72µm
wave_controller_y_inst/_1501_,20.72µm
wave_controller_y_inst/_1533_,20.72µm
wave_controller_y_inst/_0313_,20.31µm
wave_controller_y_inst/_0435_,20.31µm
wave_controller_y_inst/_0938_,20.31µm
net1606,20.285µm
net1608,20.285µm
signal_processor_x_inst/_048_,20.26µm
spi_regs_inst/_0588_,20.26µm
state_machine_inst/_04_,20.26µm
wave_controller_x_inst/_0462_,20.26µm
wave_controller_x_inst/_1708_,20.26µm
wave_controller_y_inst/_1513_,20.26µm
wave_controller_y_inst/_1611_,20.26µm
spi_regs_inst/_0152_,20.21µm
spi_regs_inst/_0653_,20.21µm
wave_controller_x_inst/_0304_,20.21µm
wave_controller_x_inst/_0405_,20.21µm
wave_controller_x_inst/_0411_,20.21µm
wave_controller_x_inst/_0448_,20.21µm
wave_controller_x_inst/_0556_,20.21µm
wave_controller_x_inst/_0573_,20.21µm
wave_controller_x_inst/_0646_,20.21µm
wave_controller_x_inst/_0724_,20.21µm
wave_controller_x_inst/_0725_,20.21µm
wave_controller_x_inst/_0800_,20.21µm
wave_controller_x_inst/_0983_,20.21µm
wave_controller_x_inst/_1377_,20.21µm
wave_controller_x_inst/_1437_,20.21µm
wave_controller_x_inst/_1570_,20.21µm
wave_controller_x_inst/_1591_,20.21µm
wave_controller_x_inst/_1663_,20.21µm
wave_controller_y_inst/_0202_,20.21µm
wave_controller_y_inst/_0235_,20.21µm
wave_controller_y_inst/_0243_,20.21µm
wave_controller_y_inst/_0341_,20.21µm
wave_controller_y_inst/_0708_,20.21µm
wave_controller_y_inst/_0722_,20.21µm
wave_controller_y_inst/_0944_,20.21µm
wave_controller_y_inst/_1002_,20.21µm
wave_controller_y_inst/_1008_,20.21µm
wave_controller_y_inst/_1093_,20.21µm
wave_controller_y_inst/_1551_,20.21µm
wave_controller_y_inst/_1690_,20.21µm
wave_controller_y_inst/ds_acc\[1\],20.21µm
spi_regs_inst/net551,20.21µm
spi_regs_inst/net1461,20.21µm
cal_timeout,20.16µm
signal_processor_y_inst/_073_,20.16µm
signal_processor_y_inst/_103_,20.16µm
spi_regs_inst/_0383_,20.16µm
wave_controller_x_inst/_0182_,20.16µm
wave_controller_x_inst/_0226_,20.16µm
wave_controller_x_inst/_0340_,20.16µm
wave_controller_x_inst/_0392_,20.16µm
wave_controller_x_inst/_0482_,20.16µm
wave_controller_x_inst/_0605_,20.16µm
wave_controller_x_inst/_1059_,20.16µm
wave_controller_x_inst/_1376_,20.16µm
wave_controller_x_inst/_1474_,20.16µm
wave_controller_x_inst/_1486_,20.16µm
wave_controller_x_inst/_1491_,20.16µm
wave_controller_x_inst/_1604_,20.16µm
wave_controller_x_inst/_1694_,20.16µm
wave_controller_x_inst/_1697_,20.16µm
wave_controller_x_inst/_1710_,20.16µm
wave_controller_y_inst/_0604_,20.16µm
wave_controller_y_inst/_0840_,20.16µm
wave_controller_y_inst/_1057_,20.16µm
wave_controller_y_inst/_1374_,20.16µm
wave_controller_y_inst/_1658_,20.16µm
wave_controller_x_inst/_1274_,19.98µm
wave_controller_x_inst/_0870_,19.75µm
wave_controller_x_inst/_1684_,19.75µm
wave_controller_y_inst/_0152_,19.75µm
wave_controller_y_inst/_0329_,19.75µm
net1588,19.725µm
bidir_out[3],19.725µm
cfg_f_MEMS_fcw_x\[9\],19.7µm
wave_controller_x_inst/_0157_,19.7µm
wave_controller_x_inst/_0335_,19.7µm
wave_controller_x_inst/_0433_,19.7µm
wave_controller_x_inst/_0664_,19.7µm
wave_controller_x_inst/_1680_,19.7µm
wave_controller_x_inst/_1746_,19.7µm
wave_controller_y_inst/_0282_,19.7µm
wave_controller_y_inst/_0426_,19.7µm
wave_controller_y_inst/_0547_,19.7µm
wave_controller_y_inst/_0568_,19.7µm
wave_controller_y_inst/_1612_,19.7µm
wave_controller_y_inst/_1672_,19.7µm
wave_controller_y_inst/_1677_,19.7µm
signal_processor_y_inst/cnt_out\[2\],19.65µm
spi_regs_inst/_0044_,19.65µm
wave_controller_x_inst/_0241_,19.65µm
wave_controller_x_inst/_0324_,19.65µm
wave_controller_x_inst/_0562_,19.65µm
wave_controller_x_inst/_0736_,19.65µm
wave_controller_x_inst/_0744_,19.65µm
wave_controller_x_inst/_0860_,19.65µm
wave_controller_x_inst/_0999_,19.65µm
wave_controller_x_inst/_1204_,19.65µm
wave_controller_x_inst/_1593_,19.65µm
wave_controller_y_inst/_0148_,19.65µm
wave_controller_y_inst/_0196_,19.65µm
wave_controller_y_inst/_0266_,19.65µm
wave_controller_y_inst/_0445_,19.65µm
wave_controller_y_inst/_0778_,19.65µm
wave_controller_y_inst/_0891_,19.65µm
wave_controller_y_inst/_1335_,19.65µm
wave_controller_y_inst/_1497_,19.65µm
wave_controller_y_inst/_1624_,19.65µm
wave_controller_y_inst/_1632_,19.65µm
wave_controller_y_inst/phase_acc\[19\],19.65µm
cal_phase90_offset_y\[0\],19.6µm
latch_phase270_ack_x,19.6µm
signal_processor_x_inst/_005_,19.6µm
signal_processor_x_inst/_084_,19.6µm
signal_processor_y_inst/cnt_out\[1\],19.6µm
spi_regs_inst/_0119_,19.6µm
spi_regs_inst/_0220_,19.6µm
spi_regs_inst/_0243_,19.6µm
spi_regs_inst/_0681_,19.6µm
wave_controller_x_inst/_0216_,19.6µm
wave_controller_x_inst/_0453_,19.6µm
wave_controller_x_inst/_1612_,19.6µm
wave_controller_x_inst/_1700_,19.6µm
wave_controller_x_inst/_1703_,19.6µm
wave_controller_x_inst/_1714_,19.6µm
wave_controller_y_inst/_0113_,19.6µm
wave_controller_y_inst/_0142_,19.6µm
wave_controller_y_inst/_0154_,19.6µm
wave_controller_y_inst/_0190_,19.6µm
wave_controller_y_inst/_0501_,19.6µm
wave_controller_y_inst/_0603_,19.6µm
wave_controller_y_inst/_0704_,19.6µm
wave_controller_y_inst/_0766_,19.6µm
wave_controller_y_inst/_1183_,19.6µm
wave_controller_y_inst/_1211_,19.6µm
wave_controller_y_inst/_1575_,19.6µm
wave_controller_y_inst/_1637_,19.6µm
wave_controller_y_inst/_1731_,19.6µm
wave_controller_x_inst/_1691_,19.19µm
wave_controller_y_inst/_1673_,19.19µm
net1591,19.165µm
bidir_in[0],19.165µm
bidir_in[2],19.165µm
spi_regs_inst/_0146_,19.14µm
wave_controller_x_inst/_0353_,19.14µm
wave_controller_x_inst/_0374_,19.14µm
wave_controller_x_inst/_1420_,19.14µm
wave_controller_x_inst/_1498_,19.14µm
wave_controller_x_inst/_1606_,19.14µm
wave_controller_y_inst/_0191_,19.14µm
wave_controller_y_inst/_0206_,19.14µm
wave_controller_y_inst/_0216_,19.14µm
wave_controller_y_inst/_0475_,19.14µm
wave_controller_y_inst/_0559_,19.14µm
wave_controller_y_inst/_1270_,19.14µm
wave_controller_y_inst/_1479_,19.14µm
wave_controller_y_inst/net135,19.14µm
signal_processor_x_inst/_049_,19.09µm
signal_processor_x_inst/_104_,19.09µm
signal_processor_y_inst/_029_,19.09µm
spi_regs_inst/_0172_,19.09µm
spi_regs_inst/_0286_,19.09µm
spi_regs_inst/_0475_,19.09µm
wave_controller_x_inst/_0389_,19.09µm
wave_controller_x_inst/_0497_,19.09µm
wave_controller_x_inst/_0864_,19.09µm
wave_controller_x_inst/_0954_,19.09µm
wave_controller_x_inst/_1313_,19.09µm
wave_controller_y_inst/_0215_,19.09µm
wave_controller_y_inst/_0660_,19.09µm
wave_controller_y_inst/_0706_,19.09µm
wave_controller_y_inst/_0865_,19.09µm
wave_controller_y_inst/_1421_,19.09µm
wave_controller_y_inst/_1510_,19.09µm
wave_controller_y_inst/_1613_,19.09µm
wave_controller_y_inst/_1642_,19.09µm
wave_controller_y_inst/ds_acc\[6\],19.09µm
wave_controller_y_inst/net145,19.09µm
wave_controller_x_inst/net684,19.09µm
signal_processor_x_inst/_105_,19.04µm
signal_processor_y_inst/_064_,19.04µm
spi_regs_inst/_0004_,19.04µm
spi_regs_inst/_0024_,19.04µm
wave_controller_x_inst/_0028_,19.04µm
wave_controller_x_inst/_0035_,19.04µm
wave_controller_x_inst/_0484_,19.04µm
wave_controller_x_inst/_0743_,19.04µm
wave_controller_x_inst/_0748_,19.04µm
wave_controller_x_inst/_0776_,19.04µm
wave_controller_x_inst/_0869_,19.04µm
wave_controller_x_inst/_0887_,19.04µm
wave_controller_x_inst/_1055_,19.04µm
wave_controller_x_inst/_1407_,19.04µm
wave_controller_x_inst/_1505_,19.04µm
wave_controller_y_inst/_0058_,19.04µm
wave_controller_y_inst/_0279_,19.04µm
wave_controller_y_inst/_0533_,19.04µm
wave_controller_y_inst/_0901_,19.04µm
wave_controller_y_inst/_1616_,19.04µm
wave_controller_y_inst/_1684_,19.04µm
wave_controller_y_inst/_1694_,19.04µm
wave_controller_y_inst/capture_step\[0\],19.04µm
wave_controller_x_inst/_1400_,18.68µm
wave_controller_y_inst/_0171_,18.68µm
spi_regs_inst/_0002_,18.63µm
wave_controller_x_inst/_0799_,18.63µm
wave_controller_x_inst/_1093_,18.63µm
wave_controller_y_inst/_0576_,18.63µm
wave_controller_y_inst/net1488,18.63µm
wave_controller_x_inst/_0576_,18.58µm
wave_controller_x_inst/_1733_,18.58µm
wave_controller_y_inst/_0143_,18.58µm
wave_controller_y_inst/_0147_,18.58µm
wave_controller_y_inst/_0214_,18.58µm
wave_controller_y_inst/_0913_,18.58µm
wave_controller_y_inst/_1425_,18.58µm
wave_controller_y_inst/_1630_,18.58µm
wave_controller_y_inst/_1733_,18.58µm
signal_processor_x_inst/_103_,18.53µm
signal_processor_x_inst/s90_valid,18.53µm
signal_processor_y_inst/_030_,18.53µm
signal_processor_y_inst/_063_,18.53µm
spi_regs_inst/rw_n,18.53µm
state_machine_inst/_08_,18.53µm
wave_controller_x_inst/_0235_,18.53µm
wave_controller_x_inst/_0361_,18.53µm
wave_controller_x_inst/_0395_,18.53µm
wave_controller_x_inst/_0734_,18.53µm
wave_controller_x_inst/_0757_,18.53µm
wave_controller_x_inst/_0967_,18.53µm
wave_controller_x_inst/_1567_,18.53µm
wave_controller_x_inst/_1596_,18.53µm
wave_controller_x_inst/_1617_,18.53µm
wave_controller_y_inst/_0405_,18.53µm
wave_controller_y_inst/_0482_,18.53µm
wave_controller_y_inst/_0525_,18.53µm
wave_controller_y_inst/_0750_,18.53µm
wave_controller_y_inst/_0772_,18.53µm
wave_controller_y_inst/_0800_,18.53µm
wave_controller_y_inst/_0813_,18.53µm
wave_controller_y_inst/_0888_,18.53µm
wave_controller_y_inst/_0952_,18.53µm
wave_controller_y_inst/_1000_,18.53µm
wave_controller_y_inst/_1331_,18.53µm
wave_controller_y_inst/_1452_,18.53µm
wave_controller_y_inst/_1541_,18.53µm
wave_controller_y_inst/_1622_,18.53µm
wave_controller_y_inst/_1725_,18.53µm
wave_controller_x_inst/net953,18.53µm
wave_controller_x_inst/net1207,18.53µm
net1264,18.53µm
net1502,18.53µm
signal_processor_x_inst/_093_,18.48µm
signal_processor_y_inst/_099_,18.48µm
spi_regs_inst/_0010_,18.48µm
spi_regs_inst/_0117_,18.48µm
spi_regs_inst/_0127_,18.48µm
spi_regs_inst/_0191_,18.48µm
spi_regs_inst/_0266_,18.48µm
spi_regs_inst/_0399_,18.48µm
spi_regs_inst/_0401_,18.48µm
spi_regs_inst/_0631_,18.48µm
state_machine_inst/_14_,18.48µm
wave_controller_x_inst/_0294_,18.48µm
wave_controller_x_inst/_0306_,18.48µm
wave_controller_x_inst/_1488_,18.48µm
wave_controller_x_inst/_1526_,18.48µm
wave_controller_x_inst/_1530_,18.48µm
wave_controller_x_inst/_1640_,18.48µm
wave_controller_x_inst/_1676_,18.48µm
wave_controller_y_inst/_0004_,18.48µm
wave_controller_y_inst/_0577_,18.48µm
wave_controller_y_inst/_0760_,18.48µm
wave_controller_y_inst/_0817_,18.48µm
wave_controller_y_inst/_1036_,18.48µm
wave_controller_y_inst/_1409_,18.48µm
wave_controller_y_inst/_1536_,18.48µm
wave_controller_y_inst/_1744_,18.48µm
wave_controller_y_inst/_1375_,18.12µm
wave_controller_x_inst/_0653_,18.07µm
state_machine_inst/_07_,18.02µm
wave_controller_x_inst/_0456_,18.02µm
wave_controller_x_inst/_0471_,18.02µm
wave_controller_x_inst/_1006_,18.02µm
wave_controller_x_inst/_1482_,18.02µm
wave_controller_x_inst/_1517_,18.02µm
wave_controller_x_inst/_1752_,18.02µm
wave_controller_y_inst/_0165_,18.02µm
wave_controller_y_inst/_0843_,18.02µm
wave_controller_y_inst/_1250_,18.02µm
wave_controller_x_inst/net265,18.02µm
cfg_f_MEMS_fcw_y\[15\],17.97µm
dir_y,17.97µm
signal_processor_x_inst/_024_,17.97µm
signal_processor_y_inst/_091_,17.97µm
spi_regs_inst/_0440_,17.97µm
spi_regs_inst/_0459_,17.97µm
spi_regs_inst/_0498_,17.97µm
wave_controller_x_inst/_0054_,17.97µm
wave_controller_x_inst/_0466_,17.97µm
wave_controller_x_inst/_0669_,17.97µm
wave_controller_x_inst/_0927_,17.97µm
wave_controller_x_inst/_1193_,17.97µm
wave_controller_x_inst/_1438_,17.97µm
wave_controller_y_inst/_0017_,17.97µm
wave_controller_y_inst/_0141_,17.97µm
wave_controller_y_inst/_0303_,17.97µm
wave_controller_y_inst/_0535_,17.97µm
wave_controller_y_inst/_0543_,17.97µm
wave_controller_y_inst/_0678_,17.97µm
wave_controller_y_inst/_0768_,17.97µm
wave_controller_y_inst/_0798_,17.97µm
wave_controller_y_inst/_1126_,17.97µm
wave_controller_y_inst/net646,17.97µm
net1156,17.97µm
signal_processor_x_inst/_106_,17.92µm
wave_controller_x_inst/_0346_,17.92µm
wave_controller_x_inst/_0577_,17.92µm
wave_controller_x_inst/_0590_,17.92µm
wave_controller_x_inst/_0907_,17.92µm
wave_controller_x_inst/_1057_,17.92µm
wave_controller_x_inst/_1069_,17.92µm
wave_controller_x_inst/_1318_,17.92µm
wave_controller_x_inst/_1644_,17.92µm
wave_controller_x_inst/_1661_,17.92µm
wave_controller_y_inst/_1016_,17.92µm
wave_controller_y_inst/_1344_,17.92µm
spi_regs_inst/net1085,17.92µm
wave_controller_x_inst/net1302,17.92µm
raw_edge3_x\[1\],17.51µm
wave_controller_x_inst/_1597_,17.51µm
wave_controller_x_inst/_1748_,17.51µm
input_in,17.485µm
spi_regs_inst/_0462_,17.46µm
wave_controller_x_inst/_0137_,17.46µm
wave_controller_x_inst/_0317_,17.46µm
wave_controller_x_inst/_0410_,17.46µm
wave_controller_x_inst/_1112_,17.46µm
wave_controller_x_inst/_1518_,17.46µm
wave_controller_y_inst/_0250_,17.46µm
wave_controller_y_inst/_0269_,17.46µm
wave_controller_y_inst/_0312_,17.46µm
wave_controller_y_inst/_0472_,17.46µm
wave_controller_y_inst/_0823_,17.46µm
wave_controller_y_inst/_0838_,17.46µm
wave_controller_y_inst/_0858_,17.46µm
wave_controller_y_inst/_0864_,17.46µm
wave_controller_y_inst/_1562_,17.46µm
wave_controller_y_inst/_1578_,17.46µm
wave_controller_y_inst/net235,17.46µm
cal_phase0_offset_y\[11\],17.41µm
signal_processor_x_inst/_028_,17.41µm
signal_processor_x_inst/_053_,17.41µm
signal_processor_y_inst/_035_,17.41µm
signal_processor_y_inst/_053_,17.41µm
spi_regs_inst/_0170_,17.41µm
spi_regs_inst/_0174_,17.41µm
spi_regs_inst/_0221_,17.41µm
spi_regs_inst/_0329_,17.41µm
wave_controller_x_inst/_0398_,17.41µm
wave_controller_x_inst/_0442_,17.41µm
wave_controller_x_inst/_0461_,17.41µm
wave_controller_x_inst/_0686_,17.41µm
wave_controller_x_inst/_0691_,17.41µm
wave_controller_x_inst/_0747_,17.41µm
wave_controller_x_inst/_0789_,17.41µm
wave_controller_x_inst/_0792_,17.41µm
wave_controller_x_inst/_0905_,17.41µm
wave_controller_x_inst/_0977_,17.41µm
wave_controller_x_inst/_1502_,17.41µm
wave_controller_x_inst/_1623_,17.41µm
wave_controller_x_inst/_1638_,17.41µm
wave_controller_x_inst/_1686_,17.41µm
wave_controller_y_inst/_0055_,17.41µm
wave_controller_y_inst/_0187_,17.41µm
wave_controller_y_inst/_0483_,17.41µm
wave_controller_y_inst/_0532_,17.41µm
wave_controller_y_inst/_0930_,17.41µm
wave_controller_y_inst/_0989_,17.41µm
wave_controller_y_inst/_1003_,17.41µm
wave_controller_y_inst/_1013_,17.41µm
wave_controller_y_inst/_1112_,17.41µm
wave_controller_y_inst/_1584_,17.41µm
wave_controller_y_inst/net35,17.41µm
wave_controller_y_inst/net623,17.41µm
latch_phase270_ack_y,17.36µm
signal_processor_y_inst/_104_,17.36µm
spi_regs_inst/_0196_,17.36µm
wave_controller_x_inst/_0127_,17.36µm
wave_controller_x_inst/_0293_,17.36µm
wave_controller_x_inst/_0310_,17.36µm
wave_controller_x_inst/_0777_,17.36µm
wave_controller_x_inst/_0989_,17.36µm
wave_controller_x_inst/_1018_,17.36µm
wave_controller_x_inst/_1077_,17.36µm
wave_controller_x_inst/_1199_,17.36µm
wave_controller_x_inst/_1549_,17.36µm
wave_controller_x_inst/_1750_,17.36µm
wave_controller_y_inst/_0495_,17.36µm
wave_controller_y_inst/_0527_,17.36µm
wave_controller_y_inst/_0689_,17.36µm
wave_controller_y_inst/_0977_,17.36µm
wave_controller_y_inst/_0998_,17.36µm
wave_controller_y_inst/_1171_,17.36µm
wave_controller_y_inst/_1190_,17.36µm
wave_controller_y_inst/_1334_,17.36µm
wave_controller_y_inst/_1651_,17.36µm
wave_controller_y_inst/_1679_,17.36µm
spi_regs_inst/net578,17.36µm
spi_regs_inst/_0537_,17µm
wave_controller_y_inst/_0385_,16.95µm
wave_controller_y_inst/_0544_,16.95µm
wave_controller_x_inst/_0930_,16.9µm
wave_controller_x_inst/_1667_,16.9µm
wave_controller_x_inst/_1741_,16.9µm
wave_controller_x_inst/ds_acc\[1\],16.9µm
wave_controller_y_inst/_0213_,16.9µm
wave_controller_y_inst/_0396_,16.9µm
wave_controller_y_inst/_1041_,16.9µm
wave_controller_y_inst/_1230_,16.9µm
wave_controller_y_inst/_1266_,16.9µm
wave_controller_y_inst/_1378_,16.9µm
wave_controller_y_inst/_1472_,16.9µm
signal_processor_x_inst/net736,16.9µm
signal_processor_y_inst/_047_,16.85µm
spi_regs_inst/_0311_,16.85µm
spi_regs_inst/_0346_,16.85µm
spi_regs_inst/_0386_,16.85µm
spi_regs_inst/_0389_,16.85µm
wave_controller_x_inst/_0147_,16.85µm
wave_controller_x_inst/_0280_,16.85µm
wave_controller_x_inst/_0494_,16.85µm
wave_controller_x_inst/_0658_,16.85µm
wave_controller_x_inst/_0756_,16.85µm
wave_controller_x_inst/_0901_,16.85µm
wave_controller_x_inst/_1389_,16.85µm
wave_controller_x_inst/_1418_,16.85µm
wave_controller_x_inst/_1458_,16.85µm
wave_controller_y_inst/_0128_,16.85µm
wave_controller_y_inst/_0160_,16.85µm
wave_controller_y_inst/_0224_,16.85µm
wave_controller_y_inst/_0569_,16.85µm
wave_controller_y_inst/_0592_,16.85µm
wave_controller_y_inst/_1380_,16.85µm
wave_controller_y_inst/_1394_,16.85µm
wave_controller_y_inst/_1411_,16.85µm
wave_controller_y_inst/_1458_,16.85µm
wave_controller_y_inst/_1520_,16.85µm
wave_controller_y_inst/_1646_,16.85µm
wave_controller_y_inst/_1736_,16.85µm
wave_controller_y_inst/net630,16.85µm
cal_phase270_offset_y\[18\],16.8µm
latch_phase90_y,16.8µm
signal_processor_y_inst/_090_,16.8µm
spi_regs_inst/_0008_,16.8µm
spi_regs_inst/_0097_,16.8µm
spi_regs_inst/_0140_,16.8µm
spi_regs_inst/_0149_,16.8µm
spi_regs_inst/_0256_,16.8µm
spi_regs_inst/_0296_,16.8µm
spi_regs_inst/_0371_,16.8µm
wave_controller_x_inst/_0004_,16.8µm
wave_controller_x_inst/_0061_,16.8µm
wave_controller_x_inst/_0278_,16.8µm
wave_controller_x_inst/_0385_,16.8µm
wave_controller_x_inst/_0481_,16.8µm
wave_controller_x_inst/_0546_,16.8µm
wave_controller_x_inst/_0866_,16.8µm
wave_controller_x_inst/_1124_,16.8µm
wave_controller_x_inst/_1396_,16.8µm
wave_controller_x_inst/_1472_,16.8µm
wave_controller_x_inst/_1651_,16.8µm
wave_controller_x_inst/_1738_,16.8µm
wave_controller_x_inst/ds_acc\[3\],16.8µm
wave_controller_y_inst/_0003_,16.8µm
wave_controller_y_inst/_0375_,16.8µm
wave_controller_y_inst/_0481_,16.8µm
wave_controller_y_inst/_0759_,16.8µm
wave_controller_y_inst/_0852_,16.8µm
wave_controller_y_inst/_0991_,16.8µm
wave_controller_y_inst/_0992_,16.8µm
wave_controller_y_inst/_1403_,16.8µm
wave_controller_y_inst/_1532_,16.8µm
wave_controller_y_inst/net809,16.8µm
wave_controller_x_inst/net956,16.8µm
wave_controller_x_inst/_0464_,16.39µm
wave_controller_y_inst/_0727_,16.39µm
wave_controller_x_inst/_0248_,16.34µm
wave_controller_x_inst/_0281_,16.34µm
wave_controller_x_inst/_0330_,16.34µm
wave_controller_x_inst/_1025_,16.34µm
wave_controller_x_inst/_1428_,16.34µm
wave_controller_y_inst/_0814_,16.34µm
wave_controller_y_inst/_0870_,16.34µm
wave_controller_y_inst/_0922_,16.34µm
wave_controller_y_inst/_1120_,16.34µm
wave_controller_y_inst/_1277_,16.34µm
wave_controller_y_inst/_1554_,16.34µm
wave_controller_y_inst/_1591_,16.34µm
raw_edge3_y\[0\],16.29µm
signal_processor_y_inst/_107_,16.29µm
spi_regs_inst/_0026_,16.29µm
spi_regs_inst/_0630_,16.29µm
spi_regs_inst/_0636_,16.29µm
spi_regs_inst/_0637_,16.29µm
state_machine_inst/_16_,16.29µm
wave_controller_x_inst/_0096_,16.29µm
wave_controller_x_inst/_0946_,16.29µm
wave_controller_x_inst/_1068_,16.29µm
wave_controller_x_inst/_1155_,16.29µm
wave_controller_x_inst/_1183_,16.29µm
wave_controller_x_inst/_1366_,16.29µm
wave_controller_y_inst/_0073_,16.29µm
wave_controller_y_inst/_0079_,16.29µm
wave_controller_y_inst/_0133_,16.29µm
wave_controller_y_inst/_0293_,16.29µm
wave_controller_y_inst/_0347_,16.29µm
wave_controller_y_inst/_0349_,16.29µm
wave_controller_y_inst/_0779_,16.29µm
wave_controller_y_inst/_0878_,16.29µm
wave_controller_y_inst/_0882_,16.29µm
wave_controller_y_inst/_0919_,16.29µm
wave_controller_y_inst/_0990_,16.29µm
wave_controller_y_inst/_1114_,16.29µm
wave_controller_y_inst/_1117_,16.29µm
wave_controller_y_inst/_1410_,16.29µm
wave_controller_y_inst/_1415_,16.29µm
wave_controller_y_inst/_1580_,16.29µm
wave_controller_y_inst/_1710_,16.29µm
wave_controller_y_inst/ds_acc\[4\],16.29µm
wave_controller_y_inst/net635,16.29µm
cal_phase0_offset_x\[18\],16.24µm
signal_processor_y_inst/_085_,16.24µm
signal_processor_y_inst/_106_,16.24µm
spi_regs_inst/_0055_,16.24µm
spi_regs_inst/_0182_,16.24µm
spi_regs_inst/_0194_,16.24µm
spi_regs_inst/_0232_,16.24µm
spi_regs_inst/_0270_,16.24µm
spi_regs_inst/_0460_,16.24µm
wave_controller_x_inst/_0092_,16.24µm
wave_controller_x_inst/_0108_,16.24µm
wave_controller_x_inst/_0302_,16.24µm
wave_controller_x_inst/_0364_,16.24µm
wave_controller_x_inst/_0379_,16.24µm
wave_controller_x_inst/_0753_,16.24µm
wave_controller_x_inst/_0796_,16.24µm
wave_controller_x_inst/_0819_,16.24µm
wave_controller_x_inst/_1005_,16.24µm
wave_controller_x_inst/_1039_,16.24µm
wave_controller_x_inst/_1419_,16.24µm
wave_controller_x_inst/_1490_,16.24µm
wave_controller_y_inst/_0057_,16.24µm
wave_controller_y_inst/_0094_,16.24µm
wave_controller_y_inst/_0189_,16.24µm
wave_controller_y_inst/_0401_,16.24µm
wave_controller_y_inst/_0430_,16.24µm
wave_controller_y_inst/_0468_,16.24µm
wave_controller_y_inst/_0583_,16.24µm
wave_controller_y_inst/_0586_,16.24µm
wave_controller_y_inst/_0763_,16.24µm
wave_controller_y_inst/_0945_,16.24µm
wave_controller_y_inst/_1116_,16.24µm
wave_controller_y_inst/_1414_,16.24µm
wave_controller_y_inst/_1531_,16.24µm
wave_controller_y_inst/_1586_,16.24µm
wave_controller_x_inst/net1243,16.24µm
wave_controller_x_inst/_0113_,16.18µm
wave_controller_x_inst/_1334_,15.83µm
wave_controller_x_inst/_1671_,15.83µm
dir_x,15.78µm
spi_regs_inst/_0433_,15.78µm
state_machine_inst/_10_,15.78µm
state_machine_inst/_15_,15.78µm
wave_controller_x_inst/_0679_,15.78µm
wave_controller_x_inst/_0839_,15.78µm
wave_controller_x_inst/_0929_,15.78µm
wave_controller_x_inst/_1296_,15.78µm
wave_controller_x_inst/_1444_,15.78µm
wave_controller_x_inst/_1495_,15.78µm
wave_controller_x_inst/_1619_,15.78µm
wave_controller_y_inst/_0192_,15.78µm
wave_controller_y_inst/_0530_,15.78µm
wave_controller_y_inst/_0693_,15.78µm
wave_controller_y_inst/_1240_,15.78µm
spi_regs_inst/_0040_,15.73µm
spi_regs_inst/_0257_,15.73µm
spi_regs_inst/_0380_,15.73µm
spi_regs_inst/_0456_,15.73µm
spi_regs_inst/_0480_,15.73µm
wave_controller_x_inst/_0055_,15.73µm
wave_controller_x_inst/_0144_,15.73µm
wave_controller_x_inst/_0189_,15.73µm
wave_controller_x_inst/_0458_,15.73µm
wave_controller_x_inst/_0873_,15.73µm
wave_controller_x_inst/_0998_,15.73µm
wave_controller_x_inst/_1056_,15.73µm
wave_controller_x_inst/_1061_,15.73µm
wave_controller_x_inst/_1115_,15.73µm
wave_controller_x_inst/_1162_,15.73µm
wave_controller_x_inst/_1646_,15.73µm
wave_controller_y_inst/_0061_,15.73µm
wave_controller_y_inst/_0198_,15.73µm
wave_controller_y_inst/_0256_,15.73µm
wave_controller_y_inst/_0983_,15.73µm
wave_controller_y_inst/_1467_,15.73µm
wave_controller_y_inst/_1592_,15.73µm
wave_controller_y_inst/_1681_,15.73µm
wave_controller_y_inst/_1687_,15.73µm
wave_controller_y_inst/_1688_,15.73µm
wave_controller_y_inst/ds_acc\[0\],15.73µm
wave_controller_y_inst/ds_acc\[7\],15.73µm
wave_controller_x_inst/net260,15.73µm
wave_controller_y_inst/net780,15.73µm
cal_done,15.68µm
signal_processor_x_inst/_097_,15.68µm
signal_processor_y_inst/_026_,15.68µm
spi_regs_inst/_0037_,15.68µm
spi_regs_inst/_0085_,15.68µm
spi_regs_inst/_0195_,15.68µm
spi_regs_inst/_0230_,15.68µm
spi_regs_inst/_0489_,15.68µm
wave_controller_x_inst/_0094_,15.68µm
wave_controller_x_inst/_0112_,15.68µm
wave_controller_x_inst/_0202_,15.68µm
wave_controller_x_inst/_0238_,15.68µm
wave_controller_x_inst/_0295_,15.68µm
wave_controller_x_inst/_0532_,15.68µm
wave_controller_x_inst/_0588_,15.68µm
wave_controller_x_inst/_0620_,15.68µm
wave_controller_x_inst/_0706_,15.68µm
wave_controller_x_inst/_0822_,15.68µm
wave_controller_x_inst/_1081_,15.68µm
wave_controller_x_inst/_1185_,15.68µm
wave_controller_x_inst/_1371_,15.68µm
wave_controller_x_inst/_1706_,15.68µm
wave_controller_y_inst/_0052_,15.68µm
wave_controller_y_inst/_0319_,15.68µm
wave_controller_y_inst/_0391_,15.68µm
wave_controller_y_inst/_0454_,15.68µm
wave_controller_y_inst/_0493_,15.68µm
wave_controller_y_inst/_0921_,15.68µm
wave_controller_y_inst/_0950_,15.68µm
wave_controller_y_inst/_1067_,15.68µm
wave_controller_y_inst/_1085_,15.68µm
wave_controller_y_inst/_1402_,15.68µm
wave_controller_y_inst/_1527_,15.68µm
wave_controller_y_inst/_1565_,15.68µm
spi_regs_inst/net371,15.68µm
wave_controller_x_inst/net686,15.68µm
spi_regs_inst/net1109,15.68µm
spi_regs_inst/tx_shift\[6\],15.27µm
wave_controller_x_inst/_0980_,15.27µm
wave_controller_x_inst/_1089_,15.27µm
wave_controller_y_inst/_0184_,15.27µm
signal_processor_x_inst/_002_,15.22µm
spi_regs_inst/_0176_,15.22µm
wave_controller_x_inst/_0586_,15.22µm
wave_controller_x_inst/_1492_,15.22µm
wave_controller_x_inst/_1594_,15.22µm
wave_controller_x_inst/_1683_,15.22µm
wave_controller_y_inst/_0043_,15.22µm
wave_controller_y_inst/_0173_,15.22µm
wave_controller_y_inst/_0298_,15.22µm
wave_controller_y_inst/_0684_,15.22µm
signal_processor_x_inst/_076_,15.17µm
signal_processor_x_inst/_096_,15.17µm
signal_processor_y_inst/_018_,15.17µm
spi_regs_inst/_0163_,15.17µm
spi_regs_inst/_0626_,15.17µm
wave_controller_x_inst/_0158_,15.17µm
wave_controller_x_inst/_0339_,15.17µm
wave_controller_x_inst/_0455_,15.17µm
wave_controller_x_inst/_0771_,15.17µm
wave_controller_x_inst/_0810_,15.17µm
wave_controller_x_inst/_0840_,15.17µm
wave_controller_x_inst/_0913_,15.17µm
wave_controller_x_inst/_1189_,15.17µm
wave_controller_x_inst/_1496_,15.17µm
wave_controller_x_inst/_1510_,15.17µm
wave_controller_x_inst/_1687_,15.17µm
wave_controller_y_inst/_0015_,15.17µm
wave_controller_y_inst/_0020_,15.17µm
wave_controller_y_inst/_0129_,15.17µm
wave_controller_y_inst/_0149_,15.17µm
wave_controller_y_inst/_0437_,15.17µm
wave_controller_y_inst/_0489_,15.17µm
wave_controller_y_inst/_0534_,15.17µm
wave_controller_y_inst/_0554_,15.17µm
wave_controller_y_inst/_0730_,15.17µm
wave_controller_y_inst/_0781_,15.17µm
wave_controller_y_inst/_1232_,15.17µm
wave_controller_y_inst/_1259_,15.17µm
wave_controller_y_inst/_1389_,15.17µm
wave_controller_y_inst/_1418_,15.17µm
wave_controller_y_inst/_1585_,15.17µm
wave_controller_y_inst/_1644_,15.17µm
spi_regs_inst/net596,15.17µm
signal_processor_x_inst/_007_,15.12µm
spi_regs_inst/_0034_,15.12µm
spi_regs_inst/_0065_,15.12µm
wave_controller_x_inst/_0163_,15.12µm
wave_controller_x_inst/_0229_,15.12µm
wave_controller_x_inst/_0234_,15.12µm
wave_controller_x_inst/_0270_,15.12µm
wave_controller_x_inst/_0362_,15.12µm
wave_controller_x_inst/_0394_,15.12µm
wave_controller_x_inst/_0752_,15.12µm
wave_controller_x_inst/_0763_,15.12µm
wave_controller_x_inst/_0786_,15.12µm
wave_controller_x_inst/_0936_,15.12µm
wave_controller_x_inst/_1367_,15.12µm
wave_controller_x_inst/_1392_,15.12µm
wave_controller_x_inst/_1439_,15.12µm
wave_controller_x_inst/_1585_,15.12µm
wave_controller_y_inst/_0035_,15.12µm
wave_controller_y_inst/_0092_,15.12µm
wave_controller_y_inst/_0108_,15.12µm
wave_controller_y_inst/_0661_,15.12µm
wave_controller_y_inst/_0721_,15.12µm
wave_controller_y_inst/_0999_,15.12µm
wave_controller_y_inst/_1005_,15.12µm
wave_controller_y_inst/_1599_,15.12µm
wave_controller_y_inst/_1711_,15.12µm
wave_controller_y_inst/_0139_,14.71µm
wave_controller_y_inst/_1563_,14.71µm
wave_controller_x_inst/_0370_,14.66µm
wave_controller_x_inst/_0790_,14.66µm
wave_controller_x_inst/_1404_,14.66µm
wave_controller_x_inst/_1659_,14.66µm
wave_controller_y_inst/_0267_,14.66µm
wave_controller_y_inst/_0340_,14.66µm
wave_controller_y_inst/_0392_,14.66µm
wave_controller_y_inst/_0492_,14.66µm
wave_controller_y_inst/_0627_,14.66µm
wave_controller_y_inst/_1018_,14.66µm
wave_controller_y_inst/net241,14.66µm
signal_processor_y_inst/_006_,14.61µm
signal_processor_y_inst/_072_,14.61µm
spi_regs_inst/_0023_,14.61µm
spi_regs_inst/_0362_,14.61µm
wave_controller_x_inst/_0014_,14.61µm
wave_controller_x_inst/_0083_,14.61µm
wave_controller_x_inst/_0130_,14.61µm
wave_controller_x_inst/_0521_,14.61µm
wave_controller_x_inst/_0536_,14.61µm
wave_controller_x_inst/_0791_,14.61µm
wave_controller_x_inst/_0808_,14.61µm
wave_controller_x_inst/_1335_,14.61µm
wave_controller_x_inst/_1582_,14.61µm
wave_controller_x_inst/_1613_,14.61µm
wave_controller_x_inst/_1723_,14.61µm
wave_controller_x_inst/_1724_,14.61µm
wave_controller_x_inst/_1736_,14.61µm
wave_controller_x_inst/_1737_,14.61µm
wave_controller_x_inst/capture_step\[0\],14.61µm
wave_controller_y_inst/_0140_,14.61µm
wave_controller_y_inst/_0193_,14.61µm
wave_controller_y_inst/_0380_,14.61µm
wave_controller_y_inst/_0446_,14.61µm
wave_controller_y_inst/_1398_,14.61µm
wave_controller_y_inst/_1469_,14.61µm
wave_controller_y_inst/_1515_,14.61µm
wave_controller_y_inst/_1518_,14.61µm
signal_processor_x_inst/_015_,14.56µm
signal_processor_x_inst/_033_,14.56µm
signal_processor_y_inst/_013_,14.56µm
spi_regs_inst/_0259_,14.56µm
spi_regs_inst/_0360_,14.56µm
spi_regs_inst/_0435_,14.56µm
spi_regs_inst/_0521_,14.56µm
wave_controller_x_inst/_0007_,14.56µm
wave_controller_x_inst/_0070_,14.56µm
wave_controller_x_inst/_0165_,14.56µm
wave_controller_x_inst/_0169_,14.56µm
wave_controller_x_inst/_0380_,14.56µm
wave_controller_x_inst/_0401_,14.56µm
wave_controller_x_inst/_0593_,14.56µm
wave_controller_x_inst/_0671_,14.56µm
wave_controller_x_inst/_0853_,14.56µm
wave_controller_x_inst/_0950_,14.56µm
wave_controller_x_inst/_0969_,14.56µm
wave_controller_x_inst/_1475_,14.56µm
wave_controller_x_inst/_1522_,14.56µm
wave_controller_x_inst/_1576_,14.56µm
wave_controller_x_inst/_1732_,14.56µm
wave_controller_y_inst/_0070_,14.56µm
wave_controller_y_inst/_0134_,14.56µm
wave_controller_y_inst/_0174_,14.56µm
wave_controller_y_inst/_0305_,14.56µm
wave_controller_y_inst/_0398_,14.56µm
wave_controller_y_inst/_0463_,14.56µm
wave_controller_y_inst/_0502_,14.56µm
wave_controller_y_inst/_0506_,14.56µm
wave_controller_y_inst/_0637_,14.56µm
wave_controller_y_inst/_0705_,14.56µm
wave_controller_y_inst/_0725_,14.56µm
wave_controller_y_inst/_0742_,14.56µm
wave_controller_y_inst/_0744_,14.56µm
wave_controller_y_inst/_0949_,14.56µm
wave_controller_y_inst/_1377_,14.56µm
wave_controller_y_inst/_1546_,14.56µm
wave_controller_y_inst/_1732_,14.56µm
wave_controller_x_inst/_0698_,14.2µm
signal_processor_x_inst/_066_,14.15µm
wave_controller_x_inst/_0948_,14.15µm
wave_controller_x_inst/_1625_,14.15µm
wave_controller_x_inst/_1630_,14.15µm
wave_controller_y_inst/_0645_,14.15µm
wave_controller_y_inst/net779,14.15µm
spi_regs_inst/_0512_,14.1µm
wave_controller_x_inst/_0583_,14.1µm
wave_controller_x_inst/_0633_,14.1µm
wave_controller_x_inst/_0722_,14.1µm
wave_controller_x_inst/ds_acc\[2\],14.1µm
wave_controller_y_inst/_0183_,14.1µm
wave_controller_y_inst/_0204_,14.1µm
wave_controller_y_inst/_0332_,14.1µm
wave_controller_y_inst/_0581_,14.1µm
wave_controller_y_inst/_1099_,14.1µm
wave_controller_y_inst/_1330_,14.1µm
wave_controller_y_inst/_1621_,14.1µm
signal_processor_y_inst/_021_,14.05µm
spi_regs_inst/_0046_,14.05µm
spi_regs_inst/_0059_,14.05µm
spi_regs_inst/_0120_,14.05µm
spi_regs_inst/_0124_,14.05µm
spi_regs_inst/_0177_,14.05µm
spi_regs_inst/_0186_,14.05µm
spi_regs_inst/_0437_,14.05µm
spi_regs_inst/_0656_,14.05µm
wave_controller_x_inst/_0256_,14.05µm
wave_controller_x_inst/_0437_,14.05µm
wave_controller_x_inst/_0754_,14.05µm
wave_controller_x_inst/_0835_,14.05µm
wave_controller_x_inst/_0898_,14.05µm
wave_controller_x_inst/_1094_,14.05µm
wave_controller_x_inst/_1100_,14.05µm
wave_controller_x_inst/_1393_,14.05µm
wave_controller_x_inst/_1574_,14.05µm
wave_controller_x_inst/_1609_,14.05µm
wave_controller_y_inst/_0059_,14.05µm
wave_controller_y_inst/_0411_,14.05µm
wave_controller_y_inst/_0504_,14.05µm
wave_controller_y_inst/_0529_,14.05µm
wave_controller_y_inst/_0668_,14.05µm
wave_controller_y_inst/_0847_,14.05µm
wave_controller_y_inst/_0975_,14.05µm
wave_controller_y_inst/_1089_,14.05µm
wave_controller_y_inst/_1128_,14.05µm
wave_controller_y_inst/_1345_,14.05µm
wave_controller_y_inst/_1530_,14.05µm
wave_controller_y_inst/_1713_,14.05µm
wave_controller_y_inst/net76,14.05µm
spi_regs_inst/net599,14.05µm
cal_phase270_offset_x\[18\],14µm
signal_processor_x_inst/_059_,14µm
signal_processor_x_inst/_069_,14µm
signal_processor_y_inst/_069_,14µm
spi_regs_inst/_0033_,14µm
spi_regs_inst/_0047_,14µm
spi_regs_inst/_0139_,14µm
spi_regs_inst/_0231_,14µm
spi_regs_inst/_0342_,14µm
spi_regs_inst/_0363_,14µm
spi_regs_inst/_0374_,14µm
wave_controller_x_inst/_0400_,14µm
wave_controller_x_inst/_0428_,14µm
wave_controller_x_inst/_0534_,14µm
wave_controller_x_inst/_0759_,14µm
wave_controller_x_inst/_0794_,14µm
wave_controller_x_inst/_0836_,14µm
wave_controller_x_inst/_0842_,14µm
wave_controller_x_inst/_0908_,14µm
wave_controller_x_inst/_0982_,14µm
wave_controller_x_inst/comp_sync2,14µm
wave_controller_y_inst/_0082_,14µm
wave_controller_y_inst/_0172_,14µm
wave_controller_y_inst/_0403_,14µm
wave_controller_y_inst/_0587_,14µm
wave_controller_y_inst/_0751_,14µm
wave_controller_y_inst/_0753_,14µm
wave_controller_y_inst/_0926_,14µm
wave_controller_y_inst/_1097_,14µm
signal_processor_y_inst/_070_,13.59µm
wave_controller_x_inst/_1273_,13.59µm
wave_controller_y_inst/_1310_,13.59µm
signal_processor_x_inst/_085_,13.54µm
spi_regs_inst/_0051_,13.54µm
wave_controller_x_inst/_0266_,13.54µm
wave_controller_x_inst/_0274_,13.54µm
wave_controller_x_inst/_0325_,13.54µm
wave_controller_x_inst/_0470_,13.54µm
wave_controller_x_inst/_1012_,13.54µm
wave_controller_x_inst/_1653_,13.54µm
wave_controller_y_inst/_0201_,13.54µm
wave_controller_y_inst/_0497_,13.54µm
signal_processor_x_inst/s270_pipe\[0\],13.49µm
signal_processor_y_inst/_015_,13.49µm
spi_regs_inst/_0112_,13.49µm
spi_regs_inst/_0150_,13.49µm
spi_regs_inst/_0467_,13.49µm
spi_regs_inst/_0641_,13.49µm
spi_regs_inst/_0644_,13.49µm
wave_controller_x_inst/_0101_,13.49µm
wave_controller_x_inst/_0203_,13.49µm
wave_controller_x_inst/_0288_,13.49µm
wave_controller_x_inst/_0381_,13.49µm
wave_controller_x_inst/_0548_,13.49µm
wave_controller_x_inst/_0551_,13.49µm
wave_controller_x_inst/_0585_,13.49µm
wave_controller_x_inst/_0601_,13.49µm
wave_controller_x_inst/_0793_,13.49µm
wave_controller_x_inst/_0865_,13.49µm
wave_controller_x_inst/_0899_,13.49µm
wave_controller_x_inst/_0914_,13.49µm
wave_controller_x_inst/_0915_,13.49µm
wave_controller_x_inst/_0984_,13.49µm
wave_controller_x_inst/_0992_,13.49µm
wave_controller_x_inst/_0995_,13.49µm
wave_controller_x_inst/_1023_,13.49µm
wave_controller_x_inst/_1489_,13.49µm
wave_controller_x_inst/_1528_,13.49µm
wave_controller_x_inst/_1588_,13.49µm
wave_controller_y_inst/_0104_,13.49µm
wave_controller_y_inst/_0116_,13.49µm
wave_controller_y_inst/_0210_,13.49µm
wave_controller_y_inst/_0273_,13.49µm
wave_controller_y_inst/_0355_,13.49µm
wave_controller_y_inst/_0499_,13.49µm
wave_controller_y_inst/_0510_,13.49µm
wave_controller_y_inst/_0635_,13.49µm
wave_controller_y_inst/_0702_,13.49µm
wave_controller_y_inst/_1064_,13.49µm
wave_controller_y_inst/_1336_,13.49µm
wave_controller_y_inst/_1388_,13.49µm
wave_controller_y_inst/_1505_,13.49µm
wave_controller_y_inst/_1714_,13.49µm
wave_controller_y_inst/_1742_,13.49µm
signal_processor_y_inst/_008_,13.44µm
spi_regs_inst/_0157_,13.44µm
spi_regs_inst/_0332_,13.44µm
spi_regs_inst/_0438_,13.44µm
wave_controller_x_inst/_0040_,13.44µm
wave_controller_x_inst/_0060_,13.44µm
wave_controller_x_inst/_0102_,13.44µm
wave_controller_x_inst/_0117_,13.44µm
wave_controller_x_inst/_0328_,13.44µm
wave_controller_x_inst/_0655_,13.44µm
wave_controller_x_inst/_0863_,13.44µm
wave_controller_x_inst/_1000_,13.44µm
wave_controller_x_inst/_1088_,13.44µm
wave_controller_x_inst/_1250_,13.44µm
wave_controller_x_inst/_1417_,13.44µm
wave_controller_x_inst/_1479_,13.44µm
wave_controller_x_inst/_1702_,13.44µm
wave_controller_y_inst/_0071_,13.44µm
wave_controller_y_inst/_0335_,13.44µm
wave_controller_y_inst/_0666_,13.44µm
wave_controller_y_inst/_1202_,13.44µm
wave_controller_y_inst/_1280_,13.44µm
wave_controller_y_inst/net489,13.44µm
bidir_out[1],13.005µm
wave_controller_x_inst/_0211_,12.98µm
wave_controller_x_inst/_0272_,12.98µm
wave_controller_x_inst/_0277_,12.98µm
wave_controller_x_inst/_1104_,12.98µm
wave_controller_x_inst/_1258_,12.98µm
wave_controller_y_inst/_0281_,12.98µm
wave_controller_y_inst/_0443_,12.98µm
wave_controller_y_inst/_0898_,12.98µm
wave_controller_y_inst/_1113_,12.98µm
wave_controller_y_inst/_1395_,12.98µm
signal_processor_x_inst/_075_,12.93µm
spi_regs_inst/_0038_,12.93µm
spi_regs_inst/_0072_,12.93µm
spi_regs_inst/_0276_,12.93µm
spi_regs_inst/_0406_,12.93µm
spi_regs_inst/_0445_,12.93µm
spi_regs_inst/_0472_,12.93µm
wave_controller_x_inst/_0031_,12.93µm
wave_controller_x_inst/_0072_,12.93µm
wave_controller_x_inst/_0125_,12.93µm
wave_controller_x_inst/_0175_,12.93µm
wave_controller_x_inst/_0282_,12.93µm
wave_controller_x_inst/_0300_,12.93µm
wave_controller_x_inst/_0331_,12.93µm
wave_controller_x_inst/_0506_,12.93µm
wave_controller_x_inst/_0507_,12.93µm
wave_controller_x_inst/_0781_,12.93µm
wave_controller_x_inst/_0867_,12.93µm
wave_controller_x_inst/_0993_,12.93µm
wave_controller_x_inst/_1092_,12.93µm
wave_controller_x_inst/_1340_,12.93µm
wave_controller_x_inst/_1363_,12.93µm
wave_controller_x_inst/_1453_,12.93µm
wave_controller_x_inst/_1516_,12.93µm
wave_controller_x_inst/_1664_,12.93µm
wave_controller_x_inst/cal_burst_count\[1\],12.93µm
wave_controller_y_inst/_0078_,12.93µm
wave_controller_y_inst/_0114_,12.93µm
wave_controller_y_inst/_0539_,12.93µm
wave_controller_y_inst/_0594_,12.93µm
wave_controller_y_inst/_0680_,12.93µm
wave_controller_y_inst/_0707_,12.93µm
wave_controller_y_inst/_0866_,12.93µm
wave_controller_y_inst/_0962_,12.93µm
wave_controller_y_inst/_1017_,12.93µm
wave_controller_y_inst/_1076_,12.93µm
wave_controller_y_inst/_1077_,12.93µm
wave_controller_y_inst/_1182_,12.93µm
wave_controller_y_inst/_1474_,12.93µm
wave_controller_y_inst/_1737_,12.93µm
wave_controller_x_inst/net529,12.93µm
signal_processor_x_inst/s270_pipe\[2\],12.88µm
spi_regs_inst/_0253_,12.88µm
wave_controller_x_inst/_0001_,12.88µm
wave_controller_x_inst/_0271_,12.88µm
wave_controller_x_inst/_0338_,12.88µm
wave_controller_x_inst/_0371_,12.88µm
wave_controller_x_inst/_0589_,12.88µm
wave_controller_x_inst/_0592_,12.88µm
wave_controller_x_inst/_0648_,12.88µm
wave_controller_x_inst/_0726_,12.88µm
wave_controller_x_inst/_0735_,12.88µm
wave_controller_x_inst/_0769_,12.88µm
wave_controller_x_inst/_1010_,12.88µm
wave_controller_x_inst/_1041_,12.88µm
wave_controller_x_inst/_1140_,12.88µm
wave_controller_x_inst/_1165_,12.88µm
wave_controller_x_inst/_1675_,12.88µm
wave_controller_x_inst/_1719_,12.88µm
wave_controller_x_inst/comp_sync0,12.88µm
wave_controller_y_inst/_0102_,12.88µm
wave_controller_y_inst/_0135_,12.88µm
wave_controller_y_inst/_0188_,12.88µm
wave_controller_y_inst/_0265_,12.88µm
wave_controller_y_inst/_0292_,12.88µm
wave_controller_y_inst/_0605_,12.88µm
wave_controller_y_inst/_0620_,12.88µm
wave_controller_y_inst/_0743_,12.88µm
wave_controller_y_inst/_0794_,12.88µm
wave_controller_y_inst/_0805_,12.88µm
wave_controller_y_inst/_0959_,12.88µm
wave_controller_y_inst/_1071_,12.88µm
wave_controller_y_inst/_1108_,12.88µm
wave_controller_y_inst/_1170_,12.88µm
wave_controller_y_inst/_1179_,12.88µm
wave_controller_y_inst/_1223_,12.88µm
wave_controller_y_inst/_1514_,12.88µm
net1343,12.88µm
wave_controller_x_inst/_0667_,12.52µm
wave_controller_x_inst/_0341_,12.47µm
wave_controller_x_inst/_1403_,12.47µm
wave_controller_x_inst/_1734_,12.47µm
wave_controller_y_inst/_1686_,12.47µm
spi_regs_inst/_0518_,12.42µm
wave_controller_x_inst/_0267_,12.42µm
wave_controller_x_inst/_0559_,12.42µm
wave_controller_x_inst/_0696_,12.42µm
wave_controller_x_inst/_0851_,12.42µm
wave_controller_x_inst/_1406_,12.42µm
wave_controller_x_inst/_1603_,12.42µm
wave_controller_x_inst/_1615_,12.42µm
wave_controller_y_inst/_0344_,12.42µm
wave_controller_y_inst/_0456_,12.42µm
wave_controller_y_inst/_0513_,12.42µm
wave_controller_y_inst/_1040_,12.42µm
wave_controller_y_inst/_1560_,12.42µm
cal_phase0_offset_y\[19\],12.37µm
signal_processor_x_inst/_000_,12.37µm
signal_processor_x_inst/_056_,12.37µm
signal_processor_x_inst/_095_,12.37µm
spi_regs_inst/_0088_,12.37µm
spi_regs_inst/_0421_,12.37µm
spi_regs_inst/_0543_,12.37µm
wave_controller_x_inst/_0085_,12.37µm
wave_controller_x_inst/_0123_,12.37µm
wave_controller_x_inst/_0377_,12.37µm
wave_controller_x_inst/_0412_,12.37µm
wave_controller_x_inst/_0469_,12.37µm
wave_controller_x_inst/_0473_,12.37µm
wave_controller_x_inst/_0604_,12.37µm
wave_controller_x_inst/_0970_,12.37µm
wave_controller_x_inst/_1020_,12.37µm
wave_controller_x_inst/_1414_,12.37µm
wave_controller_x_inst/_1481_,12.37µm
wave_controller_x_inst/_1735_,12.37µm
wave_controller_x_inst/ds_acc\[4\],12.37µm
wave_controller_y_inst/_0066_,12.37µm
wave_controller_y_inst/_0207_,12.37µm
wave_controller_y_inst/_0280_,12.37µm
wave_controller_y_inst/_0285_,12.37µm
wave_controller_y_inst/_0353_,12.37µm
wave_controller_y_inst/_0379_,12.37µm
wave_controller_y_inst/_0469_,12.37µm
wave_controller_y_inst/_0484_,12.37µm
wave_controller_y_inst/_0591_,12.37µm
wave_controller_y_inst/_1106_,12.37µm
wave_controller_y_inst/_1155_,12.37µm
wave_controller_y_inst/_1237_,12.37µm
wave_controller_y_inst/_1313_,12.37µm
wave_controller_y_inst/_1413_,12.37µm
spi_regs_inst/net1407,12.37µm
net1,12.32µm
cal_phase270_offset_y\[16\],12.32µm
signal_processor_x_inst/_065_,12.32µm
spi_regs_inst/_0020_,12.32µm
spi_regs_inst/_0022_,12.32µm
spi_regs_inst/_0083_,12.32µm
spi_regs_inst/_0091_,12.32µm
spi_regs_inst/_0095_,12.32µm
spi_regs_inst/_0113_,12.32µm
spi_regs_inst/_0129_,12.32µm
spi_regs_inst/_0144_,12.32µm
spi_regs_inst/_0392_,12.32µm
spi_regs_inst/reg_wr_data\[0\],12.32µm
wave_controller_x_inst/_0059_,12.32µm
wave_controller_x_inst/_0078_,12.32µm
wave_controller_x_inst/_0081_,12.32µm
wave_controller_x_inst/_0103_,12.32µm
wave_controller_x_inst/_0221_,12.32µm
wave_controller_x_inst/_0483_,12.32µm
wave_controller_x_inst/_0651_,12.32µm
wave_controller_x_inst/_0749_,12.32µm
wave_controller_x_inst/_0882_,12.32µm
wave_controller_x_inst/_0932_,12.32µm
wave_controller_x_inst/_0937_,12.32µm
wave_controller_x_inst/_0940_,12.32µm
wave_controller_x_inst/_0973_,12.32µm
wave_controller_x_inst/_1071_,12.32µm
wave_controller_x_inst/_1091_,12.32µm
wave_controller_x_inst/_1111_,12.32µm
wave_controller_x_inst/_1180_,12.32µm
wave_controller_x_inst/_1345_,12.32µm
wave_controller_x_inst/_1701_,12.32µm
wave_controller_x_inst/_1709_,12.32µm
wave_controller_y_inst/_0069_,12.32µm
wave_controller_y_inst/_0100_,12.32µm
wave_controller_y_inst/_0122_,12.32µm
wave_controller_y_inst/_0247_,12.32µm
wave_controller_y_inst/_0345_,12.32µm
wave_controller_y_inst/_0433_,12.32µm
wave_controller_y_inst/_0553_,12.32µm
wave_controller_y_inst/_0887_,12.32µm
wave_controller_y_inst/_0889_,12.32µm
wave_controller_y_inst/_0916_,12.32µm
wave_controller_y_inst/_0925_,12.32µm
wave_controller_y_inst/_0948_,12.32µm
wave_controller_y_inst/_1124_,12.32µm
wave_controller_y_inst/_1175_,12.32µm
wave_controller_y_inst/_1517_,12.32µm
wave_controller_y_inst/_1549_,12.32µm
wave_controller_y_inst/_1609_,12.32µm
wave_controller_y_inst/_1697_,12.32µm
wave_controller_y_inst/net757,12.32µm
wave_controller_x_inst/_0164_,11.86µm
wave_controller_x_inst/_0206_,11.86µm
wave_controller_x_inst/_0279_,11.86µm
wave_controller_x_inst/_0311_,11.86µm
wave_controller_x_inst/_0419_,11.86µm
wave_controller_x_inst/_0459_,11.86µm
wave_controller_x_inst/_0547_,11.86µm
wave_controller_x_inst/_0990_,11.86µm
wave_controller_x_inst/_1174_,11.86µm
wave_controller_x_inst/_1395_,11.86µm
wave_controller_x_inst/_1543_,11.86µm
wave_controller_x_inst/_1562_,11.86µm
wave_controller_y_inst/_0393_,11.86µm
wave_controller_y_inst/_0470_,11.86µm
signal_processor_y_inst/_040_,11.81µm
signal_processor_y_inst/_051_,11.81µm
signal_processor_y_inst/comp_pipe\[1\],11.81µm
spi_regs_inst/_0178_,11.81µm
spi_regs_inst/_0352_,11.81µm
spi_regs_inst/_0424_,11.81µm
spi_regs_inst/_0450_,11.81µm
spi_regs_inst/_0511_,11.81µm
spi_regs_inst/_0520_,11.81µm
spi_regs_inst/_0643_,11.81µm
wave_controller_x_inst/_0053_,11.81µm
wave_controller_x_inst/_0087_,11.81µm
wave_controller_x_inst/_0091_,11.81µm
wave_controller_x_inst/_0188_,11.81µm
wave_controller_x_inst/_0438_,11.81µm
wave_controller_x_inst/_0719_,11.81µm
wave_controller_x_inst/_0855_,11.81µm
wave_controller_x_inst/_0896_,11.81µm
wave_controller_x_inst/_1084_,11.81µm
wave_controller_x_inst/_1157_,11.81µm
wave_controller_x_inst/_1161_,11.81µm
wave_controller_x_inst/_1263_,11.81µm
wave_controller_x_inst/_1391_,11.81µm
wave_controller_x_inst/_1416_,11.81µm
wave_controller_x_inst/_1641_,11.81µm
wave_controller_x_inst/_1698_,11.81µm
wave_controller_x_inst/ds_acc\[8\],11.81µm
wave_controller_y_inst/_0179_,11.81µm
wave_controller_y_inst/_0427_,11.81µm
wave_controller_y_inst/_0509_,11.81µm
wave_controller_y_inst/_0787_,11.81µm
wave_controller_y_inst/_1198_,11.81µm
wave_controller_y_inst/_1437_,11.81µm
wave_controller_y_inst/_1708_,11.81µm
wave_controller_y_inst/net62,11.81µm
clk_regs,11.76µm
signal_processor_x_inst/_017_,11.76µm
signal_processor_x_inst/_083_,11.76µm
signal_processor_y_inst/s270_pipe\[2\],11.76µm
spi_regs_inst/_0013_,11.76µm
spi_regs_inst/_0030_,11.76µm
spi_regs_inst/_0042_,11.76µm
spi_regs_inst/_0066_,11.76µm
spi_regs_inst/_0101_,11.76µm
spi_regs_inst/_0126_,11.76µm
spi_regs_inst/_0136_,11.76µm
spi_regs_inst/_0156_,11.76µm
spi_regs_inst/_0277_,11.76µm
spi_regs_inst/_0428_,11.76µm
spi_regs_inst/_0468_,11.76µm
spi_regs_inst/_0505_,11.76µm
state_machine_inst/_09_,11.76µm
wave_controller_x_inst/_0063_,11.76µm
wave_controller_x_inst/_0071_,11.76µm
wave_controller_x_inst/_0187_,11.76µm
wave_controller_x_inst/_0299_,11.76µm
wave_controller_x_inst/_0363_,11.76µm
wave_controller_x_inst/_0369_,11.76µm
wave_controller_x_inst/_0591_,11.76µm
wave_controller_x_inst/_0666_,11.76µm
wave_controller_x_inst/_0741_,11.76µm
wave_controller_x_inst/_0795_,11.76µm
wave_controller_x_inst/_0879_,11.76µm
wave_controller_x_inst/_1060_,11.76µm
wave_controller_x_inst/_1079_,11.76µm
wave_controller_x_inst/_1116_,11.76µm
wave_controller_x_inst/_1342_,11.76µm
wave_controller_y_inst/_0012_,11.76µm
wave_controller_y_inst/_0026_,11.76µm
wave_controller_y_inst/_0130_,11.76µm
wave_controller_y_inst/_0161_,11.76µm
wave_controller_y_inst/_0366_,11.76µm
wave_controller_y_inst/_0432_,11.76µm
wave_controller_y_inst/_0946_,11.76µm
wave_controller_y_inst/_1012_,11.76µm
wave_controller_y_inst/_1062_,11.76µm
wave_controller_y_inst/_1173_,11.76µm
wave_controller_y_inst/_1201_,11.76µm
wave_controller_y_inst/_1393_,11.76µm
wave_controller_y_inst/_1447_,11.76µm
wave_controller_y_inst/_1489_,11.76µm
wave_controller_y_inst/_1674_,11.76µm
wave_controller_y_inst/_1689_,11.76µm
wave_controller_x_inst/_0284_,11.35µm
wave_controller_x_inst/_1666_,11.35µm
wave_controller_y_inst/_0390_,11.35µm
wave_controller_y_inst/_0789_,11.35µm
wave_controller_y_inst/net185,11.35µm
signal_processor_x_inst/_060_,11.3µm
wave_controller_x_inst/_0429_,11.3µm
wave_controller_x_inst/_0594_,11.3µm
wave_controller_x_inst/_0816_,11.3µm
wave_controller_x_inst/_0856_,11.3µm
wave_controller_x_inst/_1128_,11.3µm
wave_controller_x_inst/_1317_,11.3µm
wave_controller_x_inst/_1330_,11.3µm
wave_controller_x_inst/_1469_,11.3µm
wave_controller_x_inst/_1541_,11.3µm
wave_controller_y_inst/_0157_,11.3µm
wave_controller_y_inst/_0278_,11.3µm
wave_controller_x_inst/net300,11.3µm
wave_controller_x_inst/net1262,11.3µm
signal_processor_x_inst/_022_,11.25µm
signal_processor_x_inst/_040_,11.25µm
spi_regs_inst/_0118_,11.25µm
spi_regs_inst/_0130_,11.25µm
spi_regs_inst/_0159_,11.25µm
spi_regs_inst/_0284_,11.25µm
spi_regs_inst/_0339_,11.25µm
spi_regs_inst/_0341_,11.25µm
spi_regs_inst/_0400_,11.25µm
spi_regs_inst/_0465_,11.25µm
spi_regs_inst/_0532_,11.25µm
state_machine_inst/_03_,11.25µm
wave_controller_x_inst/_0027_,11.25µm
wave_controller_x_inst/_0393_,11.25µm
wave_controller_x_inst/_0661_,11.25µm
wave_controller_x_inst/_0820_,11.25µm
wave_controller_x_inst/_1130_,11.25µm
wave_controller_x_inst/_1138_,11.25µm
wave_controller_x_inst/_1177_,11.25µm
wave_controller_x_inst/_1352_,11.25µm
wave_controller_x_inst/_1394_,11.25µm
wave_controller_x_inst/_1423_,11.25µm
wave_controller_x_inst/_1466_,11.25µm
wave_controller_x_inst/_1658_,11.25µm
wave_controller_x_inst/_1730_,11.25µm
wave_controller_x_inst/ds_acc\[5\],11.25µm
wave_controller_y_inst/_0029_,11.25µm
wave_controller_y_inst/_0036_,11.25µm
wave_controller_y_inst/_0041_,11.25µm
wave_controller_y_inst/_0514_,11.25µm
wave_controller_y_inst/_0531_,11.25µm
wave_controller_y_inst/_0663_,11.25µm
wave_controller_y_inst/_0845_,11.25µm
wave_controller_y_inst/_0875_,11.25µm
wave_controller_y_inst/_1157_,11.25µm
wave_controller_y_inst/_1370_,11.25µm
wave_controller_y_inst/_1405_,11.25µm
wave_controller_y_inst/_1522_,11.25µm
wave_controller_y_inst/_1629_,11.25µm
wave_controller_x_inst/net709,11.25µm
signal_processor_y_inst/_043_,11.2µm
spi_regs_inst/_0043_,11.2µm
spi_regs_inst/_0103_,11.2µm
spi_regs_inst/_0137_,11.2µm
spi_regs_inst/_0190_,11.2µm
spi_regs_inst/_0205_,11.2µm
spi_regs_inst/_0335_,11.2µm
spi_regs_inst/_0373_,11.2µm
spi_regs_inst/sclk_d,11.2µm
wave_controller_x_inst/_0008_,11.2µm
wave_controller_x_inst/_0097_,11.2µm
wave_controller_x_inst/_0111_,11.2µm
wave_controller_x_inst/_0114_,11.2µm
wave_controller_x_inst/_0116_,11.2µm
wave_controller_x_inst/_0160_,11.2µm
wave_controller_x_inst/_0176_,11.2µm
wave_controller_x_inst/_0177_,11.2µm
wave_controller_x_inst/_0236_,11.2µm
wave_controller_x_inst/_0468_,11.2µm
wave_controller_x_inst/_0618_,11.2µm
wave_controller_x_inst/_1143_,11.2µm
wave_controller_x_inst/_1156_,11.2µm
wave_controller_x_inst/_1167_,11.2µm
wave_controller_x_inst/_1450_,11.2µm
wave_controller_x_inst/_1494_,11.2µm
wave_controller_x_inst/_1560_,11.2µm
wave_controller_x_inst/_1590_,11.2µm
wave_controller_x_inst/_1712_,11.2µm
wave_controller_y_inst/_0034_,11.2µm
wave_controller_y_inst/_0087_,11.2µm
wave_controller_y_inst/_0120_,11.2µm
wave_controller_y_inst/_0176_,11.2µm
wave_controller_y_inst/_0200_,11.2µm
wave_controller_y_inst/_0221_,11.2µm
wave_controller_y_inst/_0244_,11.2µm
wave_controller_y_inst/_0336_,11.2µm
wave_controller_y_inst/_0442_,11.2µm
wave_controller_y_inst/_0496_,11.2µm
wave_controller_y_inst/_0548_,11.2µm
wave_controller_y_inst/_0844_,11.2µm
wave_controller_y_inst/_1006_,11.2µm
wave_controller_y_inst/_1010_,11.2µm
wave_controller_y_inst/_1029_,11.2µm
wave_controller_y_inst/_1176_,11.2µm
wave_controller_y_inst/_1445_,11.2µm
wave_controller_y_inst/_1471_,11.2µm
wave_controller_y_inst/_1564_,11.2µm
wave_controller_y_inst/_1627_,11.2µm
wave_controller_y_inst/_1695_,11.2µm
wave_controller_y_inst/_1735_,11.2µm
spi_regs_inst/net560,11.2µm
net1442,11.2µm
spi_regs_inst/_0625_,10.79µm
wave_controller_y_inst/_1540_,10.79µm
state_machine_inst/_17_,10.74µm
wave_controller_x_inst/_0402_,10.74µm
wave_controller_x_inst/_0827_,10.74µm
wave_controller_x_inst/_0996_,10.74µm
wave_controller_x_inst/_1207_,10.74µm
wave_controller_x_inst/_1592_,10.74µm
wave_controller_y_inst/_0246_,10.74µm
wave_controller_y_inst/_0846_,10.74µm
wave_controller_y_inst/_1061_,10.74µm
wave_controller_y_inst/_1180_,10.74µm
wave_controller_y_inst/_1356_,10.74µm
wave_controller_y_inst/_1680_,10.74µm
net10,10.69µm
signal_processor_x_inst/_026_,10.69µm
signal_processor_x_inst/s90_pipe\[0\],10.69µm
signal_processor_y_inst/_007_,10.69µm
signal_processor_y_inst/comp_pipe\[0\],10.69µm
spi_regs_inst/_0053_,10.69µm
wave_controller_x_inst/_0042_,10.69µm
wave_controller_x_inst/_0076_,10.69µm
wave_controller_x_inst/_0367_,10.69µm
wave_controller_x_inst/_0444_,10.69µm
wave_controller_x_inst/_0533_,10.69µm
wave_controller_x_inst/_0826_,10.69µm
wave_controller_x_inst/_0926_,10.69µm
wave_controller_x_inst/_1017_,10.69µm
wave_controller_x_inst/_1031_,10.69µm
wave_controller_x_inst/_1361_,10.69µm
wave_controller_x_inst/_1478_,10.69µm
wave_controller_x_inst/_1538_,10.69µm
wave_controller_x_inst/comp_sync1,10.69µm
wave_controller_y_inst/_0037_,10.69µm
wave_controller_y_inst/_0164_,10.69µm
wave_controller_y_inst/_0428_,10.69µm
wave_controller_y_inst/_0584_,10.69µm
wave_controller_y_inst/_0585_,10.69µm
wave_controller_y_inst/_0733_,10.69µm
wave_controller_y_inst/_0745_,10.69µm
wave_controller_y_inst/_0839_,10.69µm
wave_controller_y_inst/_0915_,10.69µm
wave_controller_y_inst/_1030_,10.69µm
wave_controller_y_inst/_1125_,10.69µm
wave_controller_y_inst/_1142_,10.69µm
wave_controller_y_inst/_1151_,10.69µm
wave_controller_y_inst/_1193_,10.69µm
wave_controller_y_inst/_1318_,10.69µm
wave_controller_y_inst/_1372_,10.69µm
wave_controller_y_inst/_1382_,10.69µm
wave_controller_y_inst/_1561_,10.69µm
wave_controller_y_inst/_1657_,10.69µm
net1340,10.69µm
signal_processor_x_inst/_027_,10.64µm
signal_processor_y_inst/_081_,10.64µm
signal_processor_y_inst/_100_,10.64µm
spi_regs_inst/_0003_,10.64µm
spi_regs_inst/_0060_,10.64µm
spi_regs_inst/_0070_,10.64µm
spi_regs_inst/_0080_,10.64µm
spi_regs_inst/_0099_,10.64µm
spi_regs_inst/_0132_,10.64µm
spi_regs_inst/_0366_,10.64µm
spi_regs_inst/_0506_,10.64µm
spi_regs_inst/_0529_,10.64µm
spi_regs_inst/_0540_,10.64µm
spi_regs_inst/_0640_,10.64µm
state_machine_inst/_00_,10.64µm
state_machine_inst/_02_,10.64µm
wave_controller_x_inst/_0002_,10.64µm
wave_controller_x_inst/_0240_,10.64µm
wave_controller_x_inst/_0292_,10.64µm
wave_controller_x_inst/_0746_,10.64µm
wave_controller_x_inst/_0755_,10.64µm
wave_controller_x_inst/_0828_,10.64µm
wave_controller_x_inst/_0895_,10.64µm
wave_controller_x_inst/_0912_,10.64µm
wave_controller_x_inst/_0963_,10.64µm
wave_controller_x_inst/_1002_,10.64µm
wave_controller_x_inst/_1021_,10.64µm
wave_controller_x_inst/_1082_,10.64µm
wave_controller_x_inst/_1134_,10.64µm
wave_controller_x_inst/_1149_,10.64µm
wave_controller_x_inst/_1426_,10.64µm
wave_controller_x_inst/_1497_,10.64µm
wave_controller_x_inst/_1531_,10.64µm
wave_controller_x_inst/_1679_,10.64µm
wave_controller_x_inst/_1744_,10.64µm
wave_controller_y_inst/_0009_,10.64µm
wave_controller_y_inst/_0021_,10.64µm
wave_controller_y_inst/_0408_,10.64µm
wave_controller_y_inst/_0474_,10.64µm
wave_controller_y_inst/_0724_,10.64µm
wave_controller_y_inst/_0728_,10.64µm
wave_controller_y_inst/_0797_,10.64µm
wave_controller_y_inst/_0885_,10.64µm
wave_controller_y_inst/_1346_,10.64µm
wave_controller_y_inst/_1525_,10.64µm
wave_controller_y_inst/_1528_,10.64µm
wave_controller_x_inst/net1270,10.64µm
net1559,10.64µm
wave_controller_x_inst/_1379_,10.33µm
wave_controller_y_inst/_0701_,10.23µm
signal_processor_y_inst/_065_,10.18µm
wave_controller_x_inst/_0243_,10.18µm
wave_controller_x_inst/_0251_,10.18µm
wave_controller_x_inst/_0268_,10.18µm
wave_controller_x_inst/_0846_,10.18µm
wave_controller_x_inst/_1209_,10.18µm
wave_controller_x_inst/_1260_,10.18µm
wave_controller_x_inst/_1397_,10.18µm
wave_controller_x_inst/_1611_,10.18µm
wave_controller_y_inst/_0099_,10.18µm
wave_controller_y_inst/_0145_,10.18µm
wave_controller_y_inst/_0325_,10.18µm
wave_controller_y_inst/_0494_,10.18µm
wave_controller_y_inst/_0782_,10.18µm
wave_controller_y_inst/_1146_,10.18µm
wave_controller_y_inst/_1296_,10.18µm
wave_controller_y_inst/_1538_,10.18µm
net1452,10.18µm
cal_phase270_offset_x\[19\],10.13µm
signal_processor_x_inst/_077_,10.13µm
signal_processor_y_inst/_031_,10.13µm
signal_processor_y_inst/_052_,10.13µm
spi_regs_inst/_0021_,10.13µm
spi_regs_inst/_0064_,10.13µm
spi_regs_inst/_0262_,10.13µm
spi_regs_inst/_0407_,10.13µm
spi_regs_inst/_0536_,10.13µm
wave_controller_x_inst/_0033_,10.13µm
wave_controller_x_inst/_0075_,10.13µm
wave_controller_x_inst/_0179_,10.13µm
wave_controller_x_inst/_0195_,10.13µm
wave_controller_x_inst/_0403_,10.13µm
wave_controller_x_inst/_0626_,10.13µm
wave_controller_x_inst/_0673_,10.13µm
wave_controller_x_inst/_0782_,10.13µm
wave_controller_x_inst/_0824_,10.13µm
wave_controller_x_inst/_0881_,10.13µm
wave_controller_x_inst/_0922_,10.13µm
wave_controller_x_inst/_1164_,10.13µm
wave_controller_x_inst/_1182_,10.13µm
wave_controller_x_inst/_1411_,10.13µm
wave_controller_x_inst/_1484_,10.13µm
wave_controller_y_inst/_0060_,10.13µm
wave_controller_y_inst/_0063_,10.13µm
wave_controller_y_inst/_0065_,10.13µm
wave_controller_y_inst/_0086_,10.13µm
wave_controller_y_inst/_0112_,10.13µm
wave_controller_y_inst/_0163_,10.13µm
wave_controller_y_inst/_0212_,10.13µm
wave_controller_y_inst/_0641_,10.13µm
wave_controller_y_inst/_0934_,10.13µm
wave_controller_y_inst/_1194_,10.13µm
wave_controller_y_inst/_1264_,10.13µm
wave_controller_y_inst/_1535_,10.13µm
wave_controller_y_inst/_1617_,10.13µm
wave_controller_x_inst/net166,10.13µm
wave_controller_y_inst/net768,10.13µm
signal_processor_x_inst/_018_,10.08µm
spi_regs_inst/_0108_,10.08µm
spi_regs_inst/_0179_,10.08µm
wave_controller_x_inst/_0015_,10.08µm
wave_controller_x_inst/_0058_,10.08µm
wave_controller_x_inst/_0149_,10.08µm
wave_controller_x_inst/_0289_,10.08µm
wave_controller_x_inst/_0595_,10.08µm
wave_controller_x_inst/_0700_,10.08µm
wave_controller_x_inst/_0884_,10.08µm
wave_controller_x_inst/_1499_,10.08µm
wave_controller_x_inst/_1621_,10.08µm
wave_controller_y_inst/_0016_,10.08µm
wave_controller_y_inst/_0181_,10.08µm
wave_controller_y_inst/_0562_,10.08µm
wave_controller_y_inst/_0671_,10.08µm
wave_controller_y_inst/_0687_,10.08µm
wave_controller_y_inst/_0731_,10.08µm
wave_controller_y_inst/_0792_,10.08µm
wave_controller_y_inst/_0796_,10.08µm
wave_controller_y_inst/_0855_,10.08µm
wave_controller_y_inst/_0886_,10.08µm
wave_controller_y_inst/_0958_,10.08µm
wave_controller_y_inst/_1127_,10.08µm
wave_controller_y_inst/_1526_,10.08µm
wave_controller_y_inst/ds_acc\[8\],10.08µm
wave_controller_x_inst/_0344_,9.8µm
wave_controller_x_inst/_1718_,9.67µm
wave_controller_y_inst/_0291_,9.67µm
bidir_out[0],9.645µm
spi_regs_inst/_0340_,9.62µm
wave_controller_x_inst/_0184_,9.62µm
wave_controller_x_inst/_0539_,9.62µm
wave_controller_x_inst/_0682_,9.62µm
wave_controller_x_inst/_0806_,9.62µm
wave_controller_x_inst/_0872_,9.62µm
wave_controller_x_inst/_0925_,9.62µm
wave_controller_y_inst/_0056_,9.62µm
wave_controller_y_inst/_0088_,9.62µm
wave_controller_y_inst/_0151_,9.62µm
wave_controller_y_inst/_0274_,9.62µm
wave_controller_y_inst/_0369_,9.62µm
wave_controller_y_inst/_0803_,9.62µm
wave_controller_y_inst/_0931_,9.62µm
wave_controller_y_inst/_1427_,9.62µm
signal_processor_x_inst/_025_,9.57µm
signal_processor_y_inst/_009_,9.57µm
spi_regs_inst/_0162_,9.57µm
spi_regs_inst/_0201_,9.57µm
wave_controller_x_inst/_0009_,9.57µm
wave_controller_x_inst/_0121_,9.57µm
wave_controller_x_inst/_0194_,9.57µm
wave_controller_x_inst/_0257_,9.57µm
wave_controller_x_inst/_0273_,9.57µm
wave_controller_x_inst/_0432_,9.57µm
wave_controller_x_inst/_0478_,9.57µm
wave_controller_x_inst/_1047_,9.57µm
wave_controller_x_inst/_1087_,9.57µm
wave_controller_x_inst/_1139_,9.57µm
wave_controller_x_inst/_1341_,9.57µm
wave_controller_x_inst/_1362_,9.57µm
wave_controller_x_inst/_1468_,9.57µm
wave_controller_y_inst/_0010_,9.57µm
wave_controller_y_inst/_0367_,9.57µm
wave_controller_y_inst/_0418_,9.57µm
wave_controller_y_inst/_0546_,9.57µm
wave_controller_y_inst/_1065_,9.57µm
wave_controller_y_inst/_1143_,9.57µm
wave_controller_y_inst/_1475_,9.57µm
wave_controller_y_inst/_1509_,9.57µm
wave_controller_y_inst/_1555_,9.57µm
wave_controller_y_inst/_1556_,9.57µm
wave_controller_y_inst/_1636_,9.57µm
wave_controller_y_inst/_1664_,9.57µm
spi_regs_inst/_0356_,9.52µm
spi_regs_inst/_0447_,9.52µm
wave_controller_x_inst/_0005_,9.52µm
wave_controller_x_inst/_0043_,9.52µm
wave_controller_x_inst/_0065_,9.52µm
wave_controller_x_inst/_0082_,9.52µm
wave_controller_x_inst/_0088_,9.52µm
wave_controller_x_inst/_0093_,9.52µm
wave_controller_x_inst/_0159_,9.52µm
wave_controller_x_inst/_0245_,9.52µm
wave_controller_x_inst/_0445_,9.52µm
wave_controller_x_inst/_0502_,9.52µm
wave_controller_x_inst/_0773_,9.52µm
wave_controller_x_inst/_0942_,9.52µm
wave_controller_x_inst/_1123_,9.52µm
wave_controller_x_inst/_1146_,9.52µm
wave_controller_x_inst/_1194_,9.52µm
wave_controller_x_inst/_1324_,9.52µm
wave_controller_x_inst/_1339_,9.52µm
wave_controller_x_inst/_1405_,9.52µm
wave_controller_x_inst/_1477_,9.52µm
wave_controller_x_inst/_1669_,9.52µm
wave_controller_y_inst/_0030_,9.52µm
wave_controller_y_inst/_0083_,9.52µm
wave_controller_y_inst/_0271_,9.52µm
wave_controller_y_inst/_0294_,9.52µm
wave_controller_y_inst/_0658_,9.52µm
wave_controller_y_inst/_0770_,9.52µm
wave_controller_y_inst/_0831_,9.52µm
wave_controller_y_inst/_0961_,9.52µm
wave_controller_y_inst/_1020_,9.52µm
wave_controller_y_inst/_1021_,9.52µm
wave_controller_y_inst/_1172_,9.52µm
wave_controller_y_inst/_1456_,9.52µm
wave_controller_x_inst/_0530_,9.21µm
wave_controller_y_inst/_0268_,9.11µm
wave_controller_y_inst/_0951_,9.11µm
signal_processor_x_inst/_001_,9.06µm
signal_processor_x_inst/_036_,9.06µm
wave_controller_x_inst/_0250_,9.06µm
wave_controller_x_inst/_0886_,9.06µm
wave_controller_x_inst/_1171_,9.06µm
wave_controller_x_inst/_1556_,9.06µm
wave_controller_y_inst/_0031_,9.06µm
wave_controller_y_inst/_0261_,9.06µm
wave_controller_y_inst/_0399_,9.06µm
wave_controller_y_inst/_1200_,9.06µm
wave_controller_y_inst/_1373_,9.06µm
wave_controller_y_inst/_1559_,9.06µm
cfg_f_MEMS_fcw_y\[11\],9.01µm
signal_processor_x_inst/_099_,9.01µm
signal_processor_y_inst/_014_,9.01µm
signal_processor_y_inst/_025_,9.01µm
spi_regs_inst/_0007_,9.01µm
spi_regs_inst/_0251_,9.01µm
spi_regs_inst/_0258_,9.01µm
spi_regs_inst/_0330_,9.01µm
spi_regs_inst/_0397_,9.01µm
spi_regs_inst/_0500_,9.01µm
spi_regs_inst/_0651_,9.01µm
wave_controller_x_inst/_0084_,9.01µm
wave_controller_x_inst/_0106_,9.01µm
wave_controller_x_inst/_0145_,9.01µm
wave_controller_x_inst/_0215_,9.01µm
wave_controller_x_inst/_0264_,9.01µm
wave_controller_x_inst/_0457_,9.01µm
wave_controller_x_inst/_0545_,9.01µm
wave_controller_x_inst/_0729_,9.01µm
wave_controller_x_inst/_0878_,9.01µm
wave_controller_x_inst/_1063_,9.01µm
wave_controller_x_inst/_1120_,9.01µm
wave_controller_x_inst/_1195_,9.01µm
wave_controller_x_inst/_1509_,9.01µm
wave_controller_x_inst/_1575_,9.01µm
wave_controller_x_inst/_1622_,9.01µm
wave_controller_x_inst/_1633_,9.01µm
wave_controller_x_inst/_1711_,9.01µm
wave_controller_y_inst/_0019_,9.01µm
wave_controller_y_inst/_0117_,9.01µm
wave_controller_y_inst/_0851_,9.01µm
wave_controller_y_inst/_0997_,9.01µm
wave_controller_y_inst/_1136_,9.01µm
wave_controller_y_inst/_1178_,9.01µm
wave_controller_y_inst/_1387_,9.01µm
wave_controller_y_inst/_1610_,9.01µm
wave_controller_y_inst/_1692_,9.01µm
wave_controller_y_inst/comp_sync2,9.01µm
net3,8.96µm
cal_phase270_offset_y\[2\],8.96µm
signal_processor_x_inst/_029_,8.96µm
signal_processor_x_inst/_039_,8.96µm
signal_processor_y_inst/_023_,8.96µm
spi_regs_inst/_0067_,8.96µm
spi_regs_inst/_0073_,8.96µm
spi_regs_inst/_0133_,8.96µm
spi_regs_inst/_0181_,8.96µm
spi_regs_inst/_0394_,8.96µm
wave_controller_x_inst/_0021_,8.96µm
wave_controller_x_inst/_0099_,8.96µm
wave_controller_x_inst/_0105_,8.96µm
wave_controller_x_inst/_0190_,8.96µm
wave_controller_x_inst/_0247_,8.96µm
wave_controller_x_inst/_0351_,8.96µm
wave_controller_x_inst/_0406_,8.96µm
wave_controller_x_inst/_0720_,8.96µm
wave_controller_x_inst/_0959_,8.96µm
wave_controller_x_inst/_0962_,8.96µm
wave_controller_x_inst/_1024_,8.96µm
wave_controller_x_inst/_1075_,8.96µm
wave_controller_x_inst/_1096_,8.96µm
wave_controller_x_inst/_1150_,8.96µm
wave_controller_x_inst/_1151_,8.96µm
wave_controller_x_inst/_1424_,8.96µm
wave_controller_x_inst/_1565_,8.96µm
wave_controller_x_inst/ds_acc\[7\],8.96µm
wave_controller_y_inst/_0338_,8.96µm
wave_controller_y_inst/_0351_,8.96µm
wave_controller_y_inst/_0466_,8.96µm
wave_controller_y_inst/_0747_,8.96µm
wave_controller_y_inst/_0849_,8.96µm
wave_controller_y_inst/_0884_,8.96µm
wave_controller_y_inst/_0892_,8.96µm
wave_controller_y_inst/_1050_,8.96µm
wave_controller_y_inst/_1058_,8.96µm
wave_controller_y_inst/_1144_,8.96µm
wave_controller_y_inst/_1148_,8.96µm
wave_controller_y_inst/_1149_,8.96µm
wave_controller_y_inst/_1478_,8.96µm
wave_controller_y_inst/net1167,8.96µm
signal_processor_x_inst/_003_,8.5µm
wave_controller_x_inst/_0291_,8.5µm
wave_controller_x_inst/_0303_,8.5µm
wave_controller_x_inst/_0775_,8.5µm
wave_controller_x_inst/_1540_,8.5µm
wave_controller_y_inst/_0640_,8.5µm
wave_controller_y_inst/_0741_,8.5µm
wave_controller_y_inst/_0872_,8.5µm
wave_controller_y_inst/_1001_,8.5µm
wave_controller_y_inst/_1391_,8.5µm
wave_controller_y_inst/_1649_,8.5µm
wave_controller_y_inst/_1666_,8.5µm
cal_phase0_offset_y\[7\],8.45µm
signal_processor_x_inst/_072_,8.45µm
signal_processor_x_inst/_098_,8.45µm
signal_processor_y_inst/_071_,8.45µm
spi_regs_inst/_0084_,8.45µm
spi_regs_inst/_0131_,8.45µm
spi_regs_inst/_0138_,8.45µm
spi_regs_inst/_0248_,8.45µm
spi_regs_inst/_0265_,8.45µm
wave_controller_x_inst/_0069_,8.45µm
wave_controller_x_inst/_0090_,8.45µm
wave_controller_x_inst/_0118_,8.45µm
wave_controller_x_inst/_0535_,8.45µm
wave_controller_x_inst/_0965_,8.45µm
wave_controller_x_inst/_1003_,8.45µm
wave_controller_x_inst/_1058_,8.45µm
wave_controller_x_inst/_1065_,8.45µm
wave_controller_x_inst/_1109_,8.45µm
wave_controller_x_inst/_1525_,8.45µm
wave_controller_x_inst/_1537_,8.45µm
wave_controller_x_inst/_1551_,8.45µm
wave_controller_y_inst/_0013_,8.45µm
wave_controller_y_inst/_0054_,8.45µm
wave_controller_y_inst/_0097_,8.45µm
wave_controller_y_inst/_0551_,8.45µm
wave_controller_y_inst/_0734_,8.45µm
wave_controller_y_inst/_0899_,8.45µm
wave_controller_y_inst/_1066_,8.45µm
wave_controller_y_inst/_1094_,8.45µm
wave_controller_y_inst/_1096_,8.45µm
wave_controller_y_inst/_1152_,8.45µm
wave_controller_y_inst/_1466_,8.45µm
wave_controller_y_inst/_1553_,8.45µm
_03_,8.4µm
latch_phase90_ack_y,8.4µm
signal_processor_y_inst/_011_,8.4µm
signal_processor_y_inst/_039_,8.4µm
spi_regs_inst/_0093_,8.4µm
spi_regs_inst/_0115_,8.4µm
spi_regs_inst/_0121_,8.4µm
spi_regs_inst/_0142_,8.4µm
spi_regs_inst/_0203_,8.4µm
spi_regs_inst/_0349_,8.4µm
spi_regs_inst/_0370_,8.4µm
spi_regs_inst/_0410_,8.4µm
spi_regs_inst/_0455_,8.4µm
spi_regs_inst/_0490_,8.4µm
spi_regs_inst/_0635_,8.4µm
wave_controller_x_inst/_0017_,8.4µm
wave_controller_x_inst/_0079_,8.4µm
wave_controller_x_inst/_0146_,8.4µm
wave_controller_x_inst/_0261_,8.4µm
wave_controller_x_inst/_0298_,8.4µm
wave_controller_x_inst/_0323_,8.4µm
wave_controller_x_inst/_0431_,8.4µm
wave_controller_x_inst/_0477_,8.4µm
wave_controller_x_inst/_0514_,8.4µm
wave_controller_x_inst/_0762_,8.4µm
wave_controller_x_inst/_0904_,8.4µm
wave_controller_x_inst/_0968_,8.4µm
wave_controller_x_inst/_1008_,8.4µm
wave_controller_x_inst/_1030_,8.4µm
wave_controller_x_inst/_1131_,8.4µm
wave_controller_x_inst/_1287_,8.4µm
wave_controller_x_inst/_1359_,8.4µm
wave_controller_x_inst/_1408_,8.4µm
wave_controller_x_inst/_1462_,8.4µm
wave_controller_x_inst/_1476_,8.4µm
wave_controller_x_inst/_1534_,8.4µm
wave_controller_y_inst/_0050_,8.4µm
wave_controller_y_inst/_0106_,8.4µm
wave_controller_y_inst/_0177_,8.4µm
wave_controller_y_inst/_0240_,8.4µm
wave_controller_y_inst/_0328_,8.4µm
wave_controller_y_inst/_0356_,8.4µm
wave_controller_y_inst/_0363_,8.4µm
wave_controller_y_inst/_0440_,8.4µm
wave_controller_y_inst/_0595_,8.4µm
wave_controller_y_inst/_0623_,8.4µm
wave_controller_y_inst/_0757_,8.4µm
wave_controller_y_inst/_0769_,8.4µm
wave_controller_y_inst/_0815_,8.4µm
wave_controller_y_inst/_0842_,8.4µm
wave_controller_y_inst/_0854_,8.4µm
wave_controller_y_inst/_0869_,8.4µm
wave_controller_y_inst/_0970_,8.4µm
wave_controller_y_inst/_1047_,8.4µm
wave_controller_y_inst/_1075_,8.4µm
wave_controller_y_inst/_1095_,8.4µm
wave_controller_y_inst/_1109_,8.4µm
wave_controller_y_inst/_1160_,8.4µm
wave_controller_y_inst/_1337_,8.4µm
wave_controller_y_inst/_1385_,8.4µm
wave_controller_y_inst/_1392_,8.4µm
wave_controller_y_inst/_1450_,8.4µm
wave_controller_y_inst/_1638_,8.4µm
wave_controller_y_inst/_1641_,8.4µm
wave_controller_y_inst/_1678_,8.4µm
signal_processor_x_inst/comp_pipe\[1\],7.94µm
spi_regs_inst/_0005_,7.94µm
spi_regs_inst/_0278_,7.94µm
spi_regs_inst/_0470_,7.94µm
spi_regs_inst/_0494_,7.94µm
wave_controller_x_inst/_0928_,7.94µm
wave_controller_x_inst/_0958_,7.94µm
wave_controller_x_inst/_1240_,7.94µm
wave_controller_x_inst/_1343_,7.94µm
wave_controller_y_inst/_0300_,7.94µm
wave_controller_y_inst/_0333_,7.94µm
wave_controller_y_inst/_1365_,7.94µm
wave_controller_y_inst/_1397_,7.94µm
wave_controller_y_inst/_1623_,7.94µm
wave_controller_y_inst/net773,7.94µm
signal_processor_x_inst/_006_,7.89µm
signal_processor_x_inst/_014_,7.89µm
signal_processor_x_inst/_021_,7.89µm
spi_regs_inst/_0036_,7.89µm
spi_regs_inst/_0052_,7.89µm
spi_regs_inst/_0063_,7.89µm
spi_regs_inst/_0161_,7.89µm
spi_regs_inst/_0393_,7.89µm
spi_regs_inst/_0502_,7.89µm
wave_controller_x_inst/_0039_,7.89µm
wave_controller_x_inst/_0100_,7.89µm
wave_controller_x_inst/_0131_,7.89µm
wave_controller_x_inst/_0391_,7.89µm
wave_controller_x_inst/_0975_,7.89µm
wave_controller_x_inst/_1045_,7.89µm
wave_controller_x_inst/_1076_,7.89µm
wave_controller_x_inst/_1090_,7.89µm
wave_controller_x_inst/_1160_,7.89µm
wave_controller_x_inst/_1456_,7.89µm
wave_controller_x_inst/_1512_,7.89µm
wave_controller_x_inst/_1620_,7.89µm
wave_controller_y_inst/_0033_,7.89µm
wave_controller_y_inst/_0042_,7.89µm
wave_controller_y_inst/_0067_,7.89µm
wave_controller_y_inst/_0076_,7.89µm
wave_controller_y_inst/_0473_,7.89µm
wave_controller_y_inst/_0512_,7.89µm
wave_controller_y_inst/_0746_,7.89µm
wave_controller_y_inst/_0824_,7.89µm
wave_controller_y_inst/_0936_,7.89µm
wave_controller_y_inst/_1317_,7.89µm
wave_controller_y_inst/_1516_,7.89µm
wave_controller_y_inst/_1542_,7.89µm
wave_controller_y_inst/phase_acc\[9\],7.89µm
signal_processor_y_inst/_010_,7.84µm
signal_processor_y_inst/_028_,7.84µm
signal_processor_y_inst/_105_,7.84µm
signal_processor_y_inst/s270_pipe\[0\],7.84µm
spi_regs_inst/_0028_,7.84µm
spi_regs_inst/_0039_,7.84µm
spi_regs_inst/_0057_,7.84µm
spi_regs_inst/_0089_,7.84µm
spi_regs_inst/_0111_,7.84µm
spi_regs_inst/_0328_,7.84µm
spi_regs_inst/_0439_,7.84µm
spi_regs_inst/_0463_,7.84µm
spi_regs_inst/_0551_,7.84µm
state_machine_inst/_06_,7.84µm
wave_controller_x_inst/_0032_,7.84µm
wave_controller_x_inst/_0110_,7.84µm
wave_controller_x_inst/_0135_,7.84µm
wave_controller_x_inst/_0244_,7.84µm
wave_controller_x_inst/_0309_,7.84µm
wave_controller_x_inst/_0450_,7.84µm
wave_controller_x_inst/_0553_,7.84µm
wave_controller_x_inst/_0656_,7.84µm
wave_controller_x_inst/_0660_,7.84µm
wave_controller_x_inst/_0675_,7.84µm
wave_controller_x_inst/_1027_,7.84µm
wave_controller_x_inst/_1067_,7.84µm
wave_controller_x_inst/_1372_,7.84µm
wave_controller_x_inst/_1564_,7.84µm
wave_controller_x_inst/_1589_,7.84µm
wave_controller_x_inst/_1629_,7.84µm
wave_controller_x_inst/_1643_,7.84µm
wave_controller_y_inst/_0014_,7.84µm
wave_controller_y_inst/_0046_,7.84µm
wave_controller_y_inst/_0089_,7.84µm
wave_controller_y_inst/_0123_,7.84µm
wave_controller_y_inst/_0185_,7.84µm
wave_controller_y_inst/_0264_,7.84µm
wave_controller_y_inst/_0314_,7.84µm
wave_controller_y_inst/_0459_,7.84µm
wave_controller_y_inst/_0508_,7.84µm
wave_controller_y_inst/_0762_,7.84µm
wave_controller_y_inst/_0896_,7.84µm
wave_controller_y_inst/_0908_,7.84µm
wave_controller_y_inst/_0939_,7.84µm
wave_controller_y_inst/_0940_,7.84µm
wave_controller_y_inst/_0965_,7.84µm
wave_controller_y_inst/_1098_,7.84µm
wave_controller_y_inst/_1147_,7.84µm
wave_controller_y_inst/_1347_,7.84µm
wave_controller_y_inst/_1461_,7.84µm
wave_controller_y_inst/_1470_,7.84µm
wave_controller_y_inst/_1603_,7.84µm
wave_controller_y_inst/comp_sync0,7.84µm
wave_controller_y_inst/comp_sync1,7.84µm
net1316,7.84µm
spi_regs_inst/sclk_sync\[1\],7.43µm
wave_controller_x_inst/_0246_,7.38µm
wave_controller_x_inst/_0472_,7.38µm
wave_controller_x_inst/_0731_,7.38µm
wave_controller_x_inst/_0750_,7.38µm
wave_controller_x_inst/_1344_,7.38µm
wave_controller_x_inst/_1713_,7.38µm
wave_controller_y_inst/_0158_,7.38µm
wave_controller_y_inst/_0175_,7.38µm
wave_controller_y_inst/_0211_,7.38µm
wave_controller_y_inst/_0348_,7.38µm
wave_controller_y_inst/_0985_,7.38µm
wave_controller_y_inst/_1379_,7.38µm
wave_controller_y_inst/_1706_,7.38µm
spi_miso_oe,7.33µm
signal_processor_y_inst/s270_pipe\[1\],7.33µm
spi_regs_inst/_0019_,7.33µm
spi_regs_inst/_0045_,7.33µm
spi_regs_inst/_0069_,7.33µm
spi_regs_inst/_0094_,7.33µm
spi_regs_inst/_0249_,7.33µm
spi_regs_inst/_0522_,7.33µm
wave_controller_x_inst/_0080_,7.33µm
wave_controller_x_inst/_0086_,7.33µm
wave_controller_x_inst/_0120_,7.33µm
wave_controller_x_inst/_0122_,7.33µm
wave_controller_x_inst/_0446_,7.33µm
wave_controller_x_inst/_0787_,7.33µm
wave_controller_x_inst/_1114_,7.33µm
wave_controller_x_inst/_1169_,7.33µm
wave_controller_x_inst/_1520_,7.33µm
wave_controller_x_inst/_1626_,7.33µm
wave_controller_x_inst/_1688_,7.33µm
wave_controller_x_inst/_1749_,7.33µm
wave_controller_y_inst/_0023_,7.33µm
wave_controller_y_inst/_0062_,7.33µm
wave_controller_y_inst/_0126_,7.33µm
wave_controller_y_inst/_0297_,7.33µm
wave_controller_y_inst/_0439_,7.33µm
wave_controller_y_inst/_0833_,7.33µm
wave_controller_y_inst/_1043_,7.33µm
wave_controller_y_inst/_1074_,7.33µm
wave_controller_y_inst/_1104_,7.33µm
wave_controller_y_inst/_1119_,7.33µm
wave_controller_y_inst/_1131_,7.33µm
wave_controller_y_inst/_1138_,7.33µm
wave_controller_y_inst/_1167_,7.33µm
wave_controller_y_inst/_1424_,7.33µm
wave_controller_y_inst/_1506_,7.33µm
wave_controller_y_inst/_1537_,7.33µm
wave_controller_y_inst/_1634_,7.33µm
signal_processor_x_inst/_038_,7.28µm
signal_processor_y_inst/_003_,7.28µm
signal_processor_y_inst/_005_,7.28µm
signal_processor_y_inst/_017_,7.28µm
signal_processor_y_inst/_077_,7.28µm
signal_processor_y_inst/s90_pipe\[1\],7.28µm
spi_regs_inst/_0035_,7.28µm
spi_regs_inst/_0076_,7.28µm
spi_regs_inst/_0096_,7.28µm
spi_regs_inst/_0122_,7.28µm
spi_regs_inst/_0148_,7.28µm
spi_regs_inst/_0187_,7.28µm
spi_regs_inst/_0197_,7.28µm
spi_regs_inst/_0199_,7.28µm
wave_controller_x_inst/_0000_,7.28µm
wave_controller_x_inst/_0003_,7.28µm
wave_controller_x_inst/_0025_,7.28µm
wave_controller_x_inst/_0029_,7.28µm
wave_controller_x_inst/_0044_,7.28µm
wave_controller_x_inst/_0056_,7.28µm
wave_controller_x_inst/_0057_,7.28µm
wave_controller_x_inst/_0068_,7.28µm
wave_controller_x_inst/_0104_,7.28µm
wave_controller_x_inst/_0134_,7.28µm
wave_controller_x_inst/_0320_,7.28µm
wave_controller_x_inst/_0388_,7.28µm
wave_controller_x_inst/_0399_,7.28µm
wave_controller_x_inst/_0421_,7.28µm
wave_controller_x_inst/_0518_,7.28µm
wave_controller_x_inst/_0581_,7.28µm
wave_controller_x_inst/_0582_,7.28µm
wave_controller_x_inst/_0599_,7.28µm
wave_controller_x_inst/_0639_,7.28µm
wave_controller_x_inst/_0689_,7.28µm
wave_controller_x_inst/_0805_,7.28µm
wave_controller_x_inst/_1129_,7.28µm
wave_controller_x_inst/_1142_,7.28µm
wave_controller_x_inst/_1163_,7.28µm
wave_controller_x_inst/_1166_,7.28µm
wave_controller_x_inst/_1211_,7.28µm
wave_controller_x_inst/_1337_,7.28µm
wave_controller_x_inst/_1455_,7.28µm
wave_controller_x_inst/_1467_,7.28µm
wave_controller_x_inst/_1515_,7.28µm
wave_controller_x_inst/_1523_,7.28µm
wave_controller_x_inst/_1527_,7.28µm
wave_controller_x_inst/_1535_,7.28µm
wave_controller_x_inst/_1649_,7.28µm
wave_controller_y_inst/_0005_,7.28µm
wave_controller_y_inst/_0024_,7.28µm
wave_controller_y_inst/_0047_,7.28µm
wave_controller_y_inst/_0081_,7.28µm
wave_controller_y_inst/_0110_,7.28µm
wave_controller_y_inst/_0229_,7.28µm
wave_controller_y_inst/_0254_,7.28µm
wave_controller_y_inst/_0461_,7.28µm
wave_controller_y_inst/_0465_,7.28µm
wave_controller_y_inst/_0550_,7.28µm
wave_controller_y_inst/_0582_,7.28µm
wave_controller_y_inst/_0905_,7.28µm
wave_controller_y_inst/_0906_,7.28µm
wave_controller_y_inst/_0910_,7.28µm
wave_controller_y_inst/_0942_,7.28µm
wave_controller_y_inst/_0993_,7.28µm
wave_controller_y_inst/_1022_,7.28µm
wave_controller_y_inst/_1185_,7.28µm
wave_controller_y_inst/_1195_,7.28µm
wave_controller_y_inst/_1343_,7.28µm
wave_controller_y_inst/_1351_,7.28µm
wave_controller_y_inst/_1352_,7.28µm
wave_controller_y_inst/_1376_,7.28µm
wave_controller_y_inst/_1417_,7.28µm
wave_controller_y_inst/_1468_,7.28µm
wave_controller_y_inst/_1626_,7.28µm
wave_controller_y_inst/_1639_,7.28µm
wave_controller_y_inst/_1709_,7.28µm
wave_controller_y_inst/net833,7.28µm
wave_controller_x_inst/_0327_,6.92µm
wave_controller_x_inst/_0390_,6.87µm
wave_controller_y_inst/_0464_,6.87µm
spi_regs_inst/net611,6.87µm
signal_processor_x_inst/_107_,6.82µm
signal_processor_x_inst/comp_pipe\[0\],6.82µm
spi_regs_inst/_0125_,6.82µm
spi_regs_inst/_0147_,6.82µm
wave_controller_x_inst/_1026_,6.82µm
wave_controller_y_inst/_0848_,6.82µm
wave_controller_y_inst/_1342_,6.82µm
signal_processor_y_inst/_000_,6.77µm
signal_processor_y_inst/s90_pipe\[2\],6.77µm
spi_regs_inst/_0012_,6.77µm
spi_regs_inst/_0109_,6.77µm
spi_regs_inst/_0309_,6.77µm
wave_controller_x_inst/_0012_,6.77µm
wave_controller_x_inst/_0018_,6.77µm
wave_controller_x_inst/_0170_,6.77µm
wave_controller_x_inst/_0512_,6.77µm
wave_controller_x_inst/_0543_,6.77µm
wave_controller_x_inst/_0587_,6.77µm
wave_controller_x_inst/_0845_,6.77µm
wave_controller_x_inst/_1016_,6.77µm
wave_controller_x_inst/_1073_,6.77µm
wave_controller_x_inst/_1095_,6.77µm
wave_controller_x_inst/_1141_,6.77µm
wave_controller_x_inst/_1454_,6.77µm
wave_controller_y_inst/_0068_,6.77µm
wave_controller_y_inst/_0084_,6.77µm
wave_controller_y_inst/_0096_,6.77µm
wave_controller_y_inst/_0230_,6.77µm
wave_controller_y_inst/_0232_,6.77µm
wave_controller_y_inst/_0381_,6.77µm
wave_controller_y_inst/_0500_,6.77µm
wave_controller_y_inst/_0719_,6.77µm
wave_controller_y_inst/_0834_,6.77µm
wave_controller_y_inst/_0873_,6.77µm
wave_controller_y_inst/_0903_,6.77µm
wave_controller_y_inst/_0914_,6.77µm
wave_controller_y_inst/_1059_,6.77µm
wave_controller_y_inst/_1084_,6.77µm
wave_controller_y_inst/_1165_,6.77µm
wave_controller_y_inst/_1567_,6.77µm
wave_controller_y_inst/_1572_,6.77µm
spi_regs_inst/net609,6.77µm
_06_,6.72µm
net2,6.72µm
net6,6.72µm
signal_processor_x_inst/_008_,6.72µm
signal_processor_x_inst/_012_,6.72µm
signal_processor_x_inst/_037_,6.72µm
signal_processor_x_inst/s270_pipe\[1\],6.72µm
spi_regs_inst/_0011_,6.72µm
spi_regs_inst/_0032_,6.72µm
spi_regs_inst/_0075_,6.72µm
spi_regs_inst/_0098_,6.72µm
spi_regs_inst/_0155_,6.72µm
spi_regs_inst/_0160_,6.72µm
spi_regs_inst/_0167_,6.72µm
spi_regs_inst/_0175_,6.72µm
spi_regs_inst/_0275_,6.72µm
spi_regs_inst/_0398_,6.72µm
spi_regs_inst/_0684_,6.72µm
wave_controller_x_inst/_0019_,6.72µm
wave_controller_x_inst/_0036_,6.72µm
wave_controller_x_inst/_0126_,6.72µm
wave_controller_x_inst/_0319_,6.72µm
wave_controller_x_inst/_0336_,6.72µm
wave_controller_x_inst/_0357_,6.72µm
wave_controller_x_inst/_0387_,6.72µm
wave_controller_x_inst/_0567_,6.72µm
wave_controller_x_inst/_0619_,6.72µm
wave_controller_x_inst/_0668_,6.72µm
wave_controller_x_inst/_0761_,6.72µm
wave_controller_x_inst/_0802_,6.72µm
wave_controller_x_inst/_0833_,6.72µm
wave_controller_x_inst/_0850_,6.72µm
wave_controller_x_inst/_0979_,6.72µm
wave_controller_x_inst/_1035_,6.72µm
wave_controller_x_inst/_1136_,6.72µm
wave_controller_x_inst/_1153_,6.72µm
wave_controller_x_inst/_1214_,6.72µm
wave_controller_x_inst/_1346_,6.72µm
wave_controller_x_inst/_1369_,6.72µm
wave_controller_x_inst/_1514_,6.72µm
wave_controller_x_inst/_1542_,6.72µm
wave_controller_x_inst/_1624_,6.72µm
wave_controller_x_inst/_1672_,6.72µm
wave_controller_x_inst/_1681_,6.72µm
wave_controller_y_inst/_0040_,6.72µm
wave_controller_y_inst/_0103_,6.72µm
wave_controller_y_inst/_0127_,6.72µm
wave_controller_y_inst/_0169_,6.72µm
wave_controller_y_inst/_0194_,6.72µm
wave_controller_y_inst/_0376_,6.72µm
wave_controller_y_inst/_0519_,6.72µm
wave_controller_y_inst/_0526_,6.72µm
wave_controller_y_inst/_0711_,6.72µm
wave_controller_y_inst/_0726_,6.72µm
wave_controller_y_inst/_0808_,6.72µm
wave_controller_y_inst/_0810_,6.72µm
wave_controller_y_inst/_0933_,6.72µm
wave_controller_y_inst/_1042_,6.72µm
wave_controller_y_inst/_1082_,6.72µm
wave_controller_y_inst/_1166_,6.72µm
wave_controller_y_inst/_1359_,6.72µm
wave_controller_y_inst/_1367_,6.72µm
wave_controller_y_inst/_1412_,6.72µm
wave_controller_y_inst/_1459_,6.72µm
wave_controller_y_inst/_1730_,6.72µm
signal_processor_x_inst/_091_,6.31µm
_07_,6.26µm
cal_phase90_offset_x\[19\],6.26µm
wave_controller_x_inst/_0034_,6.26µm
wave_controller_x_inst/_0443_,6.26µm
wave_controller_x_inst/_0531_,6.26µm
wave_controller_x_inst/_1178_,6.26µm
wave_controller_x_inst/_1200_,6.26µm
wave_controller_x_inst/_1554_,6.26µm
wave_controller_y_inst/_0599_,6.26µm
wave_controller_y_inst/_0791_,6.26µm
wave_controller_y_inst/_1015_,6.26µm
wave_controller_y_inst/_1338_,6.26µm
spi_regs_inst/_0009_,6.21µm
spi_regs_inst/_0071_,6.21µm
spi_regs_inst/_0154_,6.21µm
spi_regs_inst/_0204_,6.21µm
spi_regs_inst/_0240_,6.21µm
spi_regs_inst/_0279_,6.21µm
spi_regs_inst/_0327_,6.21µm
state_machine_inst/_01_,6.21µm
wave_controller_x_inst/_0168_,6.21µm
wave_controller_x_inst/_0193_,6.21µm
wave_controller_x_inst/_0368_,6.21µm
wave_controller_x_inst/_0382_,6.21µm
wave_controller_x_inst/_0493_,6.21µm
wave_controller_x_inst/_0874_,6.21µm
wave_controller_x_inst/_1126_,6.21µm
wave_controller_x_inst/_1524_,6.21µm
wave_controller_x_inst/_1648_,6.21µm
wave_controller_y_inst/_0025_,6.21µm
wave_controller_y_inst/_0028_,6.21µm
wave_controller_y_inst/_0032_,6.21µm
wave_controller_y_inst/_0226_,6.21µm
wave_controller_y_inst/_0415_,6.21µm
wave_controller_y_inst/_0879_,6.21µm
wave_controller_y_inst/_0968_,6.21µm
wave_controller_y_inst/_1090_,6.21µm
wave_controller_y_inst/_1107_,6.21µm
wave_controller_y_inst/_1123_,6.21µm
wave_controller_y_inst/_1150_,6.21µm
wave_controller_y_inst/_1159_,6.21µm
wave_controller_y_inst/_1604_,6.21µm
wave_controller_y_inst/_1607_,6.21µm
cfg_f_MEMS_fcw_x\[15\],6.16µm
signal_processor_x_inst/_016_,6.16µm
signal_processor_x_inst/_019_,6.16µm
signal_processor_x_inst/s90_pipe\[2\],6.16µm
signal_processor_y_inst/_001_,6.16µm
signal_processor_y_inst/_024_,6.16µm
signal_processor_y_inst/_062_,6.16µm
spi_regs_inst/_0418_,6.16µm
wave_controller_x_inst/_0011_,6.16µm
wave_controller_x_inst/_0038_,6.16µm
wave_controller_x_inst/_0153_,6.16µm
wave_controller_x_inst/_0161_,6.16µm
wave_controller_x_inst/_0415_,6.16µm
wave_controller_x_inst/_0449_,6.16µm
wave_controller_x_inst/_0498_,6.16µm
wave_controller_x_inst/_0687_,6.16µm
wave_controller_x_inst/_0742_,6.16µm
wave_controller_x_inst/_0751_,6.16µm
wave_controller_x_inst/_0847_,6.16µm
wave_controller_x_inst/_0933_,6.16µm
wave_controller_x_inst/_1085_,6.16µm
wave_controller_x_inst/_1173_,6.16µm
wave_controller_x_inst/_1175_,6.16µm
wave_controller_x_inst/_1402_,6.16µm
wave_controller_x_inst/_1533_,6.16µm
wave_controller_x_inst/_1599_,6.16µm
wave_controller_y_inst/_0199_,6.16µm
wave_controller_y_inst/_0228_,6.16µm
wave_controller_y_inst/_0310_,6.16µm
wave_controller_y_inst/_0498_,6.16µm
wave_controller_y_inst/_0777_,6.16µm
wave_controller_y_inst/_0890_,6.16µm
wave_controller_y_inst/_1033_,6.16µm
wave_controller_y_inst/_1092_,6.16µm
wave_controller_y_inst/_1133_,6.16µm
wave_controller_y_inst/_1134_,6.16µm
wave_controller_y_inst/_1339_,6.16µm
wave_controller_y_inst/_1384_,6.16µm
wave_controller_y_inst/_1590_,6.16µm
wave_controller_y_inst/_1745_,6.16µm
spi_regs_inst/_0388_,5.7µm
wave_controller_x_inst/_0439_,5.7µm
wave_controller_x_inst/_1159_,5.7µm
wave_controller_x_inst/_1368_,5.7µm
wave_controller_x_inst/_1678_,5.7µm
wave_controller_y_inst/_0523_,5.7µm
wave_controller_y_inst/_0816_,5.7µm
wave_controller_y_inst/_1087_,5.7µm
wave_controller_y_inst/_1496_,5.7µm
signal_processor_x_inst/_035_,5.65µm
signal_processor_x_inst/s90_pipe\[1\],5.65µm
signal_processor_y_inst/_027_,5.65µm
signal_processor_y_inst/_037_,5.65µm
signal_processor_y_inst/_086_,5.65µm
spi_regs_inst/_0029_,5.65µm
spi_regs_inst/_0145_,5.65µm
spi_regs_inst/_0193_,5.65µm
spi_regs_inst/_0200_,5.65µm
spi_regs_inst/_0303_,5.65µm
spi_regs_inst/_0432_,5.65µm
spi_regs_inst/_0487_,5.65µm
spi_regs_inst/cs_sync\[0\],5.65µm
wave_controller_x_inst/_0067_,5.65µm
wave_controller_x_inst/_0074_,5.65µm
wave_controller_x_inst/_0077_,5.65µm
wave_controller_x_inst/_0095_,5.65µm
wave_controller_x_inst/_0109_,5.65µm
wave_controller_x_inst/_0254_,5.65µm
wave_controller_x_inst/_0356_,5.65µm
wave_controller_x_inst/_0501_,5.65µm
wave_controller_x_inst/_0649_,5.65µm
wave_controller_x_inst/_1038_,5.65µm
wave_controller_x_inst/_1387_,5.65µm
wave_controller_y_inst/_0075_,5.65µm
wave_controller_y_inst/_0195_,5.65µm
wave_controller_y_inst/_0364_,5.65µm
wave_controller_y_inst/_0758_,5.65µm
wave_controller_y_inst/_1011_,5.65µm
wave_controller_y_inst/_1139_,5.65µm
wave_controller_y_inst/_1408_,5.65µm
signal_processor_y_inst/_097_,5.6µm
spi_regs_inst/_0041_,5.6µm
spi_regs_inst/_0153_,5.6µm
spi_regs_inst/_0192_,5.6µm
spi_regs_inst/_0357_,5.6µm
wave_controller_x_inst/_0045_,5.6µm
wave_controller_x_inst/_0051_,5.6µm
wave_controller_x_inst/_0107_,5.6µm
wave_controller_x_inst/_0119_,5.6µm
wave_controller_x_inst/_0139_,5.6µm
wave_controller_x_inst/_0479_,5.6µm
wave_controller_x_inst/_0537_,5.6µm
wave_controller_x_inst/_0677_,5.6µm
wave_controller_x_inst/_1144_,5.6µm
wave_controller_x_inst/_1555_,5.6µm
wave_controller_x_inst/_1685_,5.6µm
wave_controller_x_inst/ds_acc\[0\],5.6µm
wave_controller_y_inst/_0051_,5.6µm
wave_controller_y_inst/_0093_,5.6µm
wave_controller_y_inst/_0119_,5.6µm
wave_controller_y_inst/_0125_,5.6µm
wave_controller_y_inst/_0236_,5.6µm
wave_controller_y_inst/_0323_,5.6µm
wave_controller_y_inst/_0507_,5.6µm
wave_controller_y_inst/_0677_,5.6µm
wave_controller_y_inst/_0795_,5.6µm
wave_controller_y_inst/_0830_,5.6µm
wave_controller_y_inst/_0877_,5.6µm
wave_controller_y_inst/_0880_,5.6µm
wave_controller_y_inst/_1055_,5.6µm
wave_controller_y_inst/_1079_,5.6µm
wave_controller_y_inst/_1545_,5.6µm
wave_controller_y_inst/_1576_,5.6µm
net1560,5.6µm
wave_controller_x_inst/_1602_,5.32µm
signal_processor_y_inst/_098_,5.14µm
spi_regs_inst/_0628_,5.14µm
wave_controller_x_inst/_0525_,5.14µm
wave_controller_x_inst/_1158_,5.14µm
wave_controller_y_inst/_0170_,5.14µm
wave_controller_y_inst/_0257_,5.14µm
wave_controller_y_inst/_0754_,5.14µm
wave_controller_y_inst/_0995_,5.14µm
wave_controller_y_inst/_1371_,5.14µm
spi_regs_inst/_0081_,5.09µm
spi_regs_inst/_0302_,5.09µm
spi_regs_inst/_0382_,5.09µm
wave_controller_x_inst/_0768_,5.09µm
wave_controller_x_inst/_0830_,5.09µm
wave_controller_x_inst/_1013_,5.09µm
wave_controller_x_inst/_1080_,5.09µm
wave_controller_x_inst/_1118_,5.09µm
wave_controller_x_inst/_1421_,5.09µm
wave_controller_y_inst/_0048_,5.09µm
wave_controller_y_inst/_0074_,5.09µm
wave_controller_y_inst/_0521_,5.09µm
wave_controller_y_inst/_0771_,5.09µm
wave_controller_y_inst/_0984_,5.09µm
wave_controller_y_inst/_1141_,5.09µm
wave_controller_y_inst/_1156_,5.09µm
wave_controller_y_inst/_1355_,5.09µm
_02_,5.04µm
cal_phase270_offset_y\[4\],5.04µm
signal_processor_x_inst/_013_,5.04µm
signal_processor_x_inst/_052_,5.04µm
signal_processor_x_inst/_086_,5.04µm
signal_processor_y_inst/_033_,5.04µm
signal_processor_y_inst/_038_,5.04µm
spi_regs_inst/_0049_,5.04µm
spi_regs_inst/_0058_,5.04µm
spi_regs_inst/_0062_,5.04µm
spi_regs_inst/_0092_,5.04µm
spi_regs_inst/_0123_,5.04µm
spi_regs_inst/_0318_,5.04µm
spi_regs_inst/_0337_,5.04µm
spi_regs_inst/_0343_,5.04µm
spi_regs_inst/mosi_sync\[0\],5.04µm
spi_regs_inst/sclk_sync\[0\],5.04µm
wave_controller_x_inst/_0041_,5.04µm
wave_controller_x_inst/_0050_,5.04µm
wave_controller_x_inst/_0196_,5.04µm
wave_controller_x_inst/_0688_,5.04µm
wave_controller_x_inst/_0740_,5.04µm
wave_controller_x_inst/_0854_,5.04µm
wave_controller_x_inst/_0876_,5.04µm
wave_controller_x_inst/_1014_,5.04µm
wave_controller_x_inst/_1042_,5.04µm
wave_controller_x_inst/_1125_,5.04µm
wave_controller_x_inst/_1145_,5.04µm
wave_controller_x_inst/_1181_,5.04µm
wave_controller_x_inst/_1388_,5.04µm
wave_controller_x_inst/_1470_,5.04µm
wave_controller_x_inst/phase_acc\[10\],5.04µm
wave_controller_y_inst/_0044_,5.04µm
wave_controller_y_inst/_0049_,5.04µm
wave_controller_y_inst/_0080_,5.04µm
wave_controller_y_inst/_0101_,5.04µm
wave_controller_y_inst/_0121_,5.04µm
wave_controller_y_inst/_0238_,5.04µm
wave_controller_y_inst/_0241_,5.04µm
wave_controller_y_inst/_0258_,5.04µm
wave_controller_y_inst/_0362_,5.04µm
wave_controller_y_inst/_0387_,5.04µm
wave_controller_y_inst/_0458_,5.04µm
wave_controller_y_inst/_0588_,5.04µm
wave_controller_y_inst/_0598_,5.04µm
wave_controller_y_inst/_0648_,5.04µm
wave_controller_y_inst/_0657_,5.04µm
wave_controller_y_inst/_0755_,5.04µm
wave_controller_y_inst/_0835_,5.04µm
wave_controller_y_inst/_1129_,5.04µm
wave_controller_y_inst/_1502_,5.04µm
wave_controller_y_inst/_1670_,5.04µm
signal_processor_x_inst/_043_,4.58µm
spi_regs_inst/_0283_,4.58µm
spi_regs_inst/_0300_,4.58µm
spi_regs_inst/_0425_,4.58µm
spi_regs_inst/_0471_,4.58µm
wave_controller_x_inst/_0181_,4.58µm
wave_controller_x_inst/_0541_,4.58µm
wave_controller_x_inst/_1040_,4.58µm
wave_controller_x_inst/_1170_,4.58µm
wave_controller_x_inst/_1202_,4.58µm
wave_controller_x_inst/_1415_,4.58µm
wave_controller_x_inst/_1652_,4.58µm
wave_controller_y_inst/_0518_,4.58µm
wave_controller_y_inst/_0876_,4.58µm
wave_controller_y_inst/_1652_,4.58µm
wave_controller_y_inst/_1668_,4.58µm
_01_,4.53µm
wave_controller_y_inst/_0720_,4.53µm
wave_controller_y_inst/_0904_,4.53µm
signal_processor_x_inst/_009_,4.48µm
signal_processor_x_inst/_011_,4.48µm
signal_processor_y_inst/_022_,4.48µm
signal_processor_y_inst/s90_pipe\[0\],4.48µm
spi_regs_inst/_0107_,4.48µm
spi_regs_inst/_0114_,4.48µm
spi_regs_inst/_0151_,4.48µm
spi_regs_inst/_0158_,4.48µm
spi_regs_inst/_0166_,4.48µm
spi_regs_inst/_0171_,4.48µm
spi_regs_inst/_0183_,4.48µm
spi_regs_inst/_0202_,4.48µm
spi_regs_inst/_0268_,4.48µm
spi_regs_inst/_0404_,4.48µm
spi_regs_inst/_0479_,4.48µm
spi_regs_inst/_0691_,4.48µm
wave_controller_x_inst/_0010_,4.48µm
wave_controller_x_inst/_0022_,4.48µm
wave_controller_x_inst/_0023_,4.48µm
wave_controller_x_inst/_0024_,4.48µm
wave_controller_x_inst/_0037_,4.48µm
wave_controller_x_inst/_0049_,4.48µm
wave_controller_x_inst/_0062_,4.48µm
wave_controller_x_inst/_0089_,4.48µm
wave_controller_x_inst/_0115_,4.48µm
wave_controller_x_inst/_0416_,4.48µm
wave_controller_x_inst/_0496_,4.48µm
wave_controller_x_inst/_0500_,4.48µm
wave_controller_x_inst/_0555_,4.48µm
wave_controller_x_inst/_0584_,4.48µm
wave_controller_x_inst/_0745_,4.48µm
wave_controller_x_inst/_0944_,4.48µm
wave_controller_x_inst/_0997_,4.48µm
wave_controller_x_inst/_1019_,4.48µm
wave_controller_x_inst/_1064_,4.48µm
wave_controller_x_inst/_1070_,4.48µm
wave_controller_x_inst/_1098_,4.48µm
wave_controller_x_inst/_1099_,4.48µm
wave_controller_x_inst/_1127_,4.48µm
wave_controller_x_inst/_1133_,4.48µm
wave_controller_x_inst/_1168_,4.48µm
wave_controller_x_inst/_1410_,4.48µm
wave_controller_y_inst/_0011_,4.48µm
wave_controller_y_inst/_0118_,4.48µm
wave_controller_y_inst/_0124_,4.48µm
wave_controller_y_inst/_0146_,4.48µm
wave_controller_y_inst/_0429_,4.48µm
wave_controller_y_inst/_0449_,4.48µm
wave_controller_y_inst/_0478_,4.48µm
wave_controller_y_inst/_0618_,4.48µm
wave_controller_y_inst/_0675_,4.48µm
wave_controller_y_inst/_0881_,4.48µm
wave_controller_y_inst/_1080_,4.48µm
wave_controller_y_inst/_1135_,4.48µm
wave_controller_y_inst/_1485_,4.48µm
wave_controller_y_inst/net816,4.48µm
signal_processor_x_inst/_058_,4.02µm
signal_processor_y_inst/_075_,4.02µm
wave_controller_x_inst/_0140_,4.02µm
wave_controller_x_inst/_0297_,4.02µm
wave_controller_x_inst/_0641_,4.02µm
wave_controller_x_inst/_0665_,4.02µm
wave_controller_x_inst/_0902_,4.02µm
wave_controller_x_inst/_1108_,4.02µm
wave_controller_y_inst/_0477_,4.02µm
wave_controller_y_inst/_0673_,4.02µm
wave_controller_y_inst/_0688_,4.02µm
wave_controller_y_inst/_0761_,4.02µm
wave_controller_y_inst/_0981_,4.02µm
cfg_f_MEMS_fcw_y\[7\],3.97µm
spi_regs_inst/_0508_,3.97µm
wave_controller_y_inst/_0131_,3.97µm
wave_controller_y_inst/_0557_,3.97µm
wave_controller_y_inst/_0575_,3.97µm
wave_controller_y_inst/_0973_,3.97µm
wave_controller_y_inst/_1024_,3.97µm
_00_,3.92µm
cal_phase0_offset_x\[20\],3.92µm
signal_processor_x_inst/_004_,3.92µm
signal_processor_x_inst/_031_,3.92µm
signal_processor_x_inst/_034_,3.92µm
signal_processor_x_inst/_094_,3.92µm
signal_processor_x_inst/_100_,3.92µm
signal_processor_y_inst/_002_,3.92µm
signal_processor_y_inst/_012_,3.92µm
signal_processor_y_inst/_032_,3.92µm
signal_processor_y_inst/_067_,3.92µm
signal_processor_y_inst/_095_,3.92µm
spi_regs_inst/_0017_,3.92µm
spi_regs_inst/_0077_,3.92µm
spi_regs_inst/_0105_,3.92µm
spi_regs_inst/_0110_,3.92µm
spi_regs_inst/_0143_,3.92µm
spi_regs_inst/_0188_,3.92µm
spi_regs_inst/_0198_,3.92µm
spi_regs_inst/_0331_,3.92µm
spi_regs_inst/_0390_,3.92µm
spi_regs_inst/_0405_,3.92µm
spi_regs_inst/_0497_,3.92µm
spi_regs_inst/_0524_,3.92µm
spi_regs_inst/_0634_,3.92µm
wave_controller_x_inst/_0013_,3.92µm
wave_controller_x_inst/_0020_,3.92µm
wave_controller_x_inst/_0173_,3.92µm
wave_controller_x_inst/_0232_,3.92µm
wave_controller_x_inst/_0333_,3.92µm
wave_controller_x_inst/_0422_,3.92µm
wave_controller_x_inst/_0504_,3.92µm
wave_controller_x_inst/_0511_,3.92µm
wave_controller_x_inst/_0575_,3.92µm
wave_controller_x_inst/_0628_,3.92µm
wave_controller_x_inst/_0663_,3.92µm
wave_controller_x_inst/_0716_,3.92µm
wave_controller_x_inst/_0758_,3.92µm
wave_controller_x_inst/_0809_,3.92µm
wave_controller_x_inst/_0880_,3.92µm
wave_controller_x_inst/_0891_,3.92µm
wave_controller_x_inst/_1001_,3.92µm
wave_controller_x_inst/_1097_,3.92µm
wave_controller_x_inst/_1148_,3.92µm
wave_controller_x_inst/_1198_,3.92µm
wave_controller_x_inst/_1201_,3.92µm
wave_controller_x_inst/_1338_,3.92µm
wave_controller_x_inst/_1365_,3.92µm
wave_controller_x_inst/_1398_,3.92µm
wave_controller_x_inst/_1607_,3.92µm
wave_controller_x_inst/_1610_,3.92µm
wave_controller_x_inst/_1631_,3.92µm
wave_controller_x_inst/_1654_,3.92µm
wave_controller_y_inst/_0001_,3.92µm
wave_controller_y_inst/_0072_,3.92µm
wave_controller_y_inst/_0085_,3.92µm
wave_controller_y_inst/_0090_,3.92µm
wave_controller_y_inst/_0095_,3.92µm
wave_controller_y_inst/_0105_,3.92µm
wave_controller_y_inst/_0107_,3.92µm
wave_controller_y_inst/_0320_,3.92µm
wave_controller_y_inst/_0327_,3.92µm
wave_controller_y_inst/_0394_,3.92µm
wave_controller_y_inst/_0438_,3.92µm
wave_controller_y_inst/_0450_,3.92µm
wave_controller_y_inst/_0515_,3.92µm
wave_controller_y_inst/_0822_,3.92µm
wave_controller_y_inst/_0850_,3.92µm
wave_controller_y_inst/_0874_,3.92µm
wave_controller_y_inst/_0895_,3.92µm
wave_controller_y_inst/_1019_,3.92µm
wave_controller_y_inst/_1054_,3.92µm
wave_controller_y_inst/_1068_,3.92µm
wave_controller_y_inst/_1145_,3.92µm
wave_controller_y_inst/_1197_,3.92µm
wave_controller_y_inst/_1235_,3.92µm
wave_controller_y_inst/_1348_,3.92µm
wave_controller_y_inst/_1366_,3.92µm
wave_controller_y_inst/_1524_,3.92µm
wave_controller_y_inst/_1648_,3.92µm
wave_controller_y_inst/_1654_,3.92µm
wave_controller_y_inst/_1701_,3.92µm
wave_controller_x_inst/net1372,3.92µm
spi_regs_inst/_0453_,3.46µm
state_machine_inst/_13_,3.46µm
wave_controller_x_inst/_0265_,3.46µm
wave_controller_x_inst/_0301_,3.46µm
wave_controller_x_inst/_0350_,3.46µm
wave_controller_x_inst/_0889_,3.46µm
wave_controller_x_inst/_0892_,3.46µm
wave_controller_y_inst/_0270_,3.46µm
wave_controller_y_inst/_0457_,3.46µm
wave_controller_y_inst/_0479_,3.46µm
wave_controller_y_inst/_0682_,3.46µm
wave_controller_y_inst/_1158_,3.46µm
wave_controller_y_inst/_1168_,3.46µm
wave_controller_y_inst/_1582_,3.46µm
wave_controller_y_inst/_1750_,3.46µm
signal_processor_y_inst/_049_,3.41µm
wave_controller_x_inst/_0417_,3.41µm
wave_controller_y_inst/_0431_,3.41µm
wave_controller_y_inst/_0969_,3.41µm
wave_controller_y_inst/_1184_,3.41µm
cal_phase0_offset_y\[4\],3.36µm
cal_phase0_offset_y\[5\],3.36µm
signal_processor_x_inst/_032_,3.36µm
signal_processor_y_inst/_004_,3.36µm
signal_processor_y_inst/_019_,3.36µm
spi_regs_inst/_0001_,3.36µm
spi_regs_inst/_0015_,3.36µm
spi_regs_inst/_0016_,3.36µm
spi_regs_inst/_0050_,3.36µm
spi_regs_inst/_0054_,3.36µm
spi_regs_inst/_0061_,3.36µm
spi_regs_inst/_0068_,3.36µm
spi_regs_inst/_0074_,3.36µm
spi_regs_inst/_0079_,3.36µm
spi_regs_inst/_0087_,3.36µm
spi_regs_inst/_0100_,3.36µm
spi_regs_inst/_0169_,3.36µm
spi_regs_inst/_0189_,3.36µm
spi_regs_inst/_0233_,3.36µm
spi_regs_inst/_0267_,3.36µm
spi_regs_inst/_0289_,3.36µm
spi_regs_inst/_0338_,3.36µm
spi_regs_inst/_0650_,3.36µm
wave_controller_x_inst/_0016_,3.36µm
wave_controller_x_inst/_0098_,3.36µm
wave_controller_x_inst/_0124_,3.36µm
wave_controller_x_inst/_0228_,3.36µm
wave_controller_x_inst/_0286_,3.36µm
wave_controller_x_inst/_0305_,3.36µm
wave_controller_x_inst/_0474_,3.36µm
wave_controller_x_inst/_0516_,3.36µm
wave_controller_x_inst/_0961_,3.36µm
wave_controller_x_inst/_1043_,3.36µm
wave_controller_x_inst/_1062_,3.36µm
wave_controller_x_inst/_1072_,3.36µm
wave_controller_x_inst/_1074_,3.36µm
wave_controller_x_inst/_1083_,3.36µm
wave_controller_x_inst/_1119_,3.36µm
wave_controller_x_inst/_1135_,3.36µm
wave_controller_x_inst/_1176_,3.36µm
wave_controller_x_inst/_1261_,3.36µm
wave_controller_x_inst/_1280_,3.36µm
wave_controller_x_inst/_1336_,3.36µm
wave_controller_x_inst/_1616_,3.36µm
wave_controller_x_inst/_1639_,3.36µm
wave_controller_x_inst/_1668_,3.36µm
wave_controller_x_inst/_1670_,3.36µm
wave_controller_x_inst/_1707_,3.36µm
wave_controller_x_inst/_1725_,3.36µm
wave_controller_y_inst/_0000_,3.36µm
wave_controller_y_inst/_0018_,3.36µm
wave_controller_y_inst/_0022_,3.36µm
wave_controller_y_inst/_0027_,3.36µm
wave_controller_y_inst/_0038_,3.36µm
wave_controller_y_inst/_0039_,3.36µm
wave_controller_y_inst/_0077_,3.36µm
wave_controller_y_inst/_0109_,3.36µm
wave_controller_y_inst/_0115_,3.36µm
wave_controller_y_inst/_0286_,3.36µm
wave_controller_y_inst/_0299_,3.36µm
wave_controller_y_inst/_0476_,3.36µm
wave_controller_y_inst/_0537_,3.36µm
wave_controller_y_inst/_0638_,3.36µm
wave_controller_y_inst/_0651_,3.36µm
wave_controller_y_inst/_0716_,3.36µm
wave_controller_y_inst/_0735_,3.36µm
wave_controller_y_inst/_0740_,3.36µm
wave_controller_y_inst/_0802_,3.36µm
wave_controller_y_inst/_0809_,3.36µm
wave_controller_y_inst/_0902_,3.36µm
wave_controller_y_inst/_1014_,3.36µm
wave_controller_y_inst/_1045_,3.36µm
wave_controller_y_inst/_1078_,3.36µm
wave_controller_y_inst/_1083_,3.36µm
wave_controller_y_inst/_1086_,3.36µm
wave_controller_y_inst/_1091_,3.36µm
wave_controller_y_inst/_1164_,3.36µm
wave_controller_y_inst/_1169_,3.36µm
wave_controller_y_inst/_1494_,3.36µm
wave_controller_y_inst/_1512_,3.36µm
wave_controller_y_inst/_1523_,3.36µm
wave_controller_y_inst/_1631_,3.36µm
wave_controller_y_inst/_1633_,3.36µm
wave_controller_y_inst/_1702_,3.36µm
wave_controller_y_inst/_1707_,3.36µm
wave_controller_x_inst/net894,3.36µm
clknet_0_clk,3.36µm
spi_regs_inst/_0582_,2.9µm
wave_controller_x_inst/_0219_,2.9µm
wave_controller_y_inst/_1038_,2.9µm
wave_controller_y_inst/_1749_,2.9µm
signal_processor_x_inst/_079_,2.8µm
signal_processor_x_inst/_081_,2.8µm
signal_processor_x_inst/_090_,2.8µm
signal_processor_y_inst/_020_,2.8µm
signal_processor_y_inst/_083_,2.8µm
spi_regs_inst/_0006_,2.8µm
spi_regs_inst/_0018_,2.8µm
spi_regs_inst/_0056_,2.8µm
spi_regs_inst/_0078_,2.8µm
spi_regs_inst/_0082_,2.8µm
spi_regs_inst/_0090_,2.8µm
spi_regs_inst/_0104_,2.8µm
spi_regs_inst/_0164_,2.8µm
spi_regs_inst/_0165_,2.8µm
spi_regs_inst/_0168_,2.8µm
spi_regs_inst/_0292_,2.8µm
spi_regs_inst/_0403_,2.8µm
spi_regs_inst/_0442_,2.8µm
spi_regs_inst/_0496_,2.8µm
spi_regs_inst/_0515_,2.8µm
spi_regs_inst/_0538_,2.8µm
wave_controller_x_inst/_0026_,2.8µm
wave_controller_x_inst/_0073_,2.8µm
wave_controller_x_inst/_0167_,2.8µm
wave_controller_x_inst/_0185_,2.8µm
wave_controller_x_inst/_0408_,2.8µm
wave_controller_x_inst/_0465_,2.8µm
wave_controller_x_inst/_0476_,2.8µm
wave_controller_x_inst/_0519_,2.8µm
wave_controller_x_inst/_0702_,2.8µm
wave_controller_x_inst/_0832_,2.8µm
wave_controller_x_inst/_0903_,2.8µm
wave_controller_x_inst/_0921_,2.8µm
wave_controller_x_inst/_1011_,2.8µm
wave_controller_x_inst/_1022_,2.8µm
wave_controller_x_inst/_1033_,2.8µm
wave_controller_x_inst/_1086_,2.8µm
wave_controller_x_inst/_1132_,2.8µm
wave_controller_x_inst/_1172_,2.8µm
wave_controller_x_inst/_1197_,2.8µm
wave_controller_x_inst/_1351_,2.8µm
wave_controller_x_inst/_1422_,2.8µm
wave_controller_x_inst/_1447_,2.8µm
wave_controller_x_inst/_1485_,2.8µm
wave_controller_x_inst/_1572_,2.8µm
wave_controller_x_inst/_1634_,2.8µm
wave_controller_x_inst/_1731_,2.8µm
wave_controller_y_inst/_0045_,2.8µm
wave_controller_y_inst/_0111_,2.8µm
wave_controller_y_inst/_0153_,2.8µm
wave_controller_y_inst/_0167_,2.8µm
wave_controller_y_inst/_0357_,2.8µm
wave_controller_y_inst/_0377_,2.8µm
wave_controller_y_inst/_0388_,2.8µm
wave_controller_y_inst/_0421_,2.8µm
wave_controller_y_inst/_0422_,2.8µm
wave_controller_y_inst/_0455_,2.8µm
wave_controller_y_inst/_0528_,2.8µm
wave_controller_y_inst/_0541_,2.8µm
wave_controller_y_inst/_0555_,2.8µm
wave_controller_y_inst/_0656_,2.8µm
wave_controller_y_inst/_0691_,2.8µm
wave_controller_y_inst/_0748_,2.8µm
wave_controller_y_inst/_1031_,2.8µm
wave_controller_y_inst/_1048_,2.8µm
wave_controller_y_inst/_1132_,2.8µm
wave_controller_y_inst/_1422_,2.8µm
wave_controller_y_inst/_1643_,2.8µm
wave_controller_y_inst/_1685_,2.8µm
wave_controller_y_inst/_1699_,2.8µm
wave_controller_y_inst/_1719_,2.8µm
wave_controller_y_inst/_1740_,2.8µm
spi_regs_inst/_0185_,2.74µm
_05_,2.34µm
signal_processor_y_inst/_079_,2.34µm
signal_processor_y_inst/_094_,2.34µm
spi_regs_inst/_0246_,2.34µm
spi_regs_inst/_0381_,2.34µm
wave_controller_x_inst/_0230_,2.34µm
wave_controller_x_inst/_1235_,2.34µm
wave_controller_x_inst/_1584_,2.34µm
wave_controller_y_inst/_1669_,2.34µm
signal_processor_x_inst/_087_,2.24µm
signal_processor_y_inst/_084_,2.24µm
signal_processor_y_inst/_087_,2.24µm
spi_regs_inst/_0364_,2.24µm
wave_controller_x_inst/_0210_,2.24µm
wave_controller_x_inst/_0376_,2.24µm
wave_controller_x_inst/_0597_,2.24µm
wave_controller_x_inst/_0598_,2.24µm
wave_controller_x_inst/_0717_,2.24µm
wave_controller_x_inst/_0730_,2.24µm
wave_controller_x_inst/_0919_,2.24µm
wave_controller_x_inst/_1048_,2.24µm
wave_controller_x_inst/_1066_,2.24µm
wave_controller_x_inst/_1179_,2.24µm
wave_controller_x_inst/_1237_,2.24µm
wave_controller_x_inst/_1264_,2.24µm
wave_controller_x_inst/_1580_,2.24µm
wave_controller_x_inst/_1689_,2.24µm
wave_controller_y_inst/_0168_,2.24µm
wave_controller_y_inst/_0597_,2.24µm
wave_controller_y_inst/_0717_,2.24µm
wave_controller_y_inst/_0826_,2.24µm
wave_controller_y_inst/_0853_,2.24µm
wave_controller_y_inst/_0979_,2.24µm
wave_controller_y_inst/_1056_,2.24µm
wave_controller_y_inst/_1258_,2.24µm
wave_controller_y_inst/_1362_,2.24µm
wave_controller_y_inst/_0516_,1.78µm
signal_processor_y_inst/_056_,1.68µm
signal_processor_y_inst/_058_,1.68µm
signal_processor_y_inst/_059_,1.68µm
signal_processor_y_inst/_092_,1.68µm
signal_processor_y_inst/_093_,1.68µm
wave_controller_x_inst/_0148_,1.68µm
wave_controller_x_inst/_0934_,1.68µm
wave_controller_x_inst/_1078_,1.68µm
wave_controller_x_inst/_1637_,1.68µm
wave_controller_y_inst/_0301_,1.68µm
wave_controller_y_inst/_0511_,1.68µm
wave_controller_y_inst/_0670_,1.68µm
wave_controller_y_inst/_1049_,1.68µm
wave_controller_y_inst/_1088_,1.68µm
wave_controller_y_inst/_1423_,1.68µm
wave_controller_y_inst/_1534_,1.68µm
