
===========================================================================
report_checks -path_delay min (Hold)
============================================================================
======================= nom_tt_025C_3v30 Corner ===================================

Startpoint: _254_ (rising edge-triggered flip-flop clocked by clk)
Endpoint: _255_ (rising edge-triggered flip-flop clocked by clk)
Path Group: clk
Path Type: min

Fanout         Cap        Slew       Delay        Time   Description
---------------------------------------------------------------------------------------------
                                  0.000000    0.000000   clock clk (rise edge)
                                  0.000000    0.000000   clock source latency
     1    0.043671    0.300830    0.152159    0.152159 ^ clk (in)
                                                         clk (net)
                      0.300831    0.000000    0.152159 ^ clkbuf_0_clk/I (gf180mcu_fd_sc_mcu7t5v0__clkbuf_16)
     8    0.196252    0.351884    0.505295    0.657453 ^ clkbuf_0_clk/Z (gf180mcu_fd_sc_mcu7t5v0__clkbuf_16)
                                                         clknet_0_clk (net)
                      0.351901    0.003673    0.661126 ^ clkbuf_3_5__f_clk/I (gf180mcu_fd_sc_mcu7t5v0__clkbuf_16)
     6    0.029730    0.133130    0.360480    1.021606 ^ clkbuf_3_5__f_clk/Z (gf180mcu_fd_sc_mcu7t5v0__clkbuf_16)
                                                         clknet_3_5__leaf_clk (net)
                      0.133131    0.000557    1.022163 ^ _254_/CLK (gf180mcu_fd_sc_mcu7t5v0__dffrnq_1)
     1    0.003804    0.140154    0.979258    2.001421 v _254_/Q (gf180mcu_fd_sc_mcu7t5v0__dffrnq_1)
                                                         s270_pipe[1] (net)
                      0.140154    0.000110    2.001532 v _118_/A2 (gf180mcu_fd_sc_mcu7t5v0__and2_1)
     1    0.003637    0.147957    0.369451    2.370983 v _118_/Z (gf180mcu_fd_sc_mcu7t5v0__and2_1)
                                                         _008_ (net)
                      0.147957    0.000111    2.371094 v _255_/D (gf180mcu_fd_sc_mcu7t5v0__dffrnq_1)
                                              2.371094   data arrival time

                                  0.000000    0.000000   clock clk (rise edge)
                                  0.000000    0.000000   clock source latency
     1    0.043671    0.300830    0.152159    0.152159 ^ clk (in)
                                                         clk (net)
                      0.300831    0.000000    0.152159 ^ clkbuf_0_clk/I (gf180mcu_fd_sc_mcu7t5v0__clkbuf_16)
     8    0.196252    0.351884    0.505295    0.657453 ^ clkbuf_0_clk/Z (gf180mcu_fd_sc_mcu7t5v0__clkbuf_16)
                                                         clknet_0_clk (net)
                      0.351901    0.003673    0.661126 ^ clkbuf_3_5__f_clk/I (gf180mcu_fd_sc_mcu7t5v0__clkbuf_16)
     6    0.029730    0.133130    0.360480    1.021606 ^ clkbuf_3_5__f_clk/Z (gf180mcu_fd_sc_mcu7t5v0__clkbuf_16)
                                                         clknet_3_5__leaf_clk (net)
                      0.133131    0.000557    1.022163 ^ _255_/CLK (gf180mcu_fd_sc_mcu7t5v0__dffrnq_1)
                                  0.250000    1.272163   clock uncertainty
                                  0.000000    1.272163   clock reconvergence pessimism
                                  0.138030    1.410193   library hold time
                                              1.410193   data required time
---------------------------------------------------------------------------------------------
                                              1.410193   data required time
                                             -2.371094   data arrival time
---------------------------------------------------------------------------------------------
                                              0.960901   slack (MET)


Startpoint: _255_ (rising edge-triggered flip-flop clocked by clk)
Endpoint: _256_ (rising edge-triggered flip-flop clocked by clk)
Path Group: clk
Path Type: min

Fanout         Cap        Slew       Delay        Time   Description
---------------------------------------------------------------------------------------------
                                  0.000000    0.000000   clock clk (rise edge)
                                  0.000000    0.000000   clock source latency
     1    0.043671    0.300830    0.152159    0.152159 ^ clk (in)
                                                         clk (net)
                      0.300831    0.000000    0.152159 ^ clkbuf_0_clk/I (gf180mcu_fd_sc_mcu7t5v0__clkbuf_16)
     8    0.196252    0.351884    0.505295    0.657453 ^ clkbuf_0_clk/Z (gf180mcu_fd_sc_mcu7t5v0__clkbuf_16)
                                                         clknet_0_clk (net)
                      0.351901    0.003673    0.661126 ^ clkbuf_3_5__f_clk/I (gf180mcu_fd_sc_mcu7t5v0__clkbuf_16)
     6    0.029730    0.133130    0.360480    1.021606 ^ clkbuf_3_5__f_clk/Z (gf180mcu_fd_sc_mcu7t5v0__clkbuf_16)
                                                         clknet_3_5__leaf_clk (net)
                      0.133131    0.000557    1.022163 ^ _255_/CLK (gf180mcu_fd_sc_mcu7t5v0__dffrnq_1)
     1    0.004344    0.145945    0.984804    2.006968 v _255_/Q (gf180mcu_fd_sc_mcu7t5v0__dffrnq_1)
                                                         s270_pipe[2] (net)
                      0.145945    0.000119    2.007087 v _119_/A2 (gf180mcu_fd_sc_mcu7t5v0__and2_1)
     1    0.003637    0.147963    0.371329    2.378416 v _119_/Z (gf180mcu_fd_sc_mcu7t5v0__and2_1)
                                                         _009_ (net)
                      0.147963    0.000111    2.378527 v _256_/D (gf180mcu_fd_sc_mcu7t5v0__dffrnq_1)
                                              2.378527   data arrival time

                                  0.000000    0.000000   clock clk (rise edge)
                                  0.000000    0.000000   clock source latency
     1    0.043671    0.300830    0.152159    0.152159 ^ clk (in)
                                                         clk (net)
                      0.300831    0.000000    0.152159 ^ clkbuf_0_clk/I (gf180mcu_fd_sc_mcu7t5v0__clkbuf_16)
     8    0.196252    0.351884    0.505295    0.657453 ^ clkbuf_0_clk/Z (gf180mcu_fd_sc_mcu7t5v0__clkbuf_16)
                                                         clknet_0_clk (net)
                      0.351901    0.003673    0.661126 ^ clkbuf_3_5__f_clk/I (gf180mcu_fd_sc_mcu7t5v0__clkbuf_16)
     6    0.029730    0.133130    0.360480    1.021606 ^ clkbuf_3_5__f_clk/Z (gf180mcu_fd_sc_mcu7t5v0__clkbuf_16)
                                                         clknet_3_5__leaf_clk (net)
                      0.133131    0.000557    1.022163 ^ _256_/CLK (gf180mcu_fd_sc_mcu7t5v0__dffrnq_1)
                                  0.250000    1.272163   clock uncertainty
                                  0.000000    1.272163   clock reconvergence pessimism
                                  0.138028    1.410191   library hold time
                                              1.410191   data required time
---------------------------------------------------------------------------------------------
                                              1.410191   data required time
                                             -2.378527   data arrival time
---------------------------------------------------------------------------------------------
                                              0.968336   slack (MET)


Startpoint: _247_ (rising edge-triggered flip-flop clocked by clk)
Endpoint: _248_ (rising edge-triggered flip-flop clocked by clk)
Path Group: clk
Path Type: min

Fanout         Cap        Slew       Delay        Time   Description
---------------------------------------------------------------------------------------------
                                  0.000000    0.000000   clock clk (rise edge)
                                  0.000000    0.000000   clock source latency
     1    0.043671    0.300830    0.152159    0.152159 ^ clk (in)
                                                         clk (net)
                      0.300831    0.000000    0.152159 ^ clkbuf_0_clk/I (gf180mcu_fd_sc_mcu7t5v0__clkbuf_16)
     8    0.196252    0.351884    0.505295    0.657453 ^ clkbuf_0_clk/Z (gf180mcu_fd_sc_mcu7t5v0__clkbuf_16)
                                                         clknet_0_clk (net)
                      0.351901    0.003673    0.661126 ^ clkbuf_3_7__f_clk/I (gf180mcu_fd_sc_mcu7t5v0__clkbuf_16)
     6    0.028080    0.130955    0.358553    1.019679 ^ clkbuf_3_7__f_clk/Z (gf180mcu_fd_sc_mcu7t5v0__clkbuf_16)
                                                         clknet_3_7__leaf_clk (net)
                      0.130956    0.000529    1.020208 ^ _247_/CLK (gf180mcu_fd_sc_mcu7t5v0__dffrnq_1)
     1    0.004917    0.152102    0.990168    2.010377 v _247_/Q (gf180mcu_fd_sc_mcu7t5v0__dffrnq_1)
                                                         comp_pipe[2] (net)
                      0.152102    0.000129    2.010506 v _127_/A2 (gf180mcu_fd_sc_mcu7t5v0__and2_1)
     1    0.004353    0.153176    0.380876    2.391382 v _127_/Z (gf180mcu_fd_sc_mcu7t5v0__and2_1)
                                                         _003_ (net)
                      0.153176    0.000123    2.391505 v _248_/D (gf180mcu_fd_sc_mcu7t5v0__dffrnq_1)
                                              2.391505   data arrival time

                                  0.000000    0.000000   clock clk (rise edge)
                                  0.000000    0.000000   clock source latency
     1    0.043671    0.300830    0.152159    0.152159 ^ clk (in)
                                                         clk (net)
                      0.300831    0.000000    0.152159 ^ clkbuf_0_clk/I (gf180mcu_fd_sc_mcu7t5v0__clkbuf_16)
     8    0.196252    0.351884    0.505295    0.657453 ^ clkbuf_0_clk/Z (gf180mcu_fd_sc_mcu7t5v0__clkbuf_16)
                                                         clknet_0_clk (net)
                      0.351901    0.003673    0.661126 ^ clkbuf_3_7__f_clk/I (gf180mcu_fd_sc_mcu7t5v0__clkbuf_16)
     6    0.028080    0.130955    0.358553    1.019679 ^ clkbuf_3_7__f_clk/Z (gf180mcu_fd_sc_mcu7t5v0__clkbuf_16)
                                                         clknet_3_7__leaf_clk (net)
                      0.130956    0.000529    1.020209 ^ _248_/CLK (gf180mcu_fd_sc_mcu7t5v0__dffrnq_1)
                                  0.250000    1.270209   clock uncertainty
                                  0.000000    1.270209   clock reconvergence pessimism
                                  0.136110    1.406319   library hold time
                                              1.406319   data required time
---------------------------------------------------------------------------------------------
                                              1.406319   data required time
                                             -2.391505   data arrival time
---------------------------------------------------------------------------------------------
                                              0.985186   slack (MET)


Startpoint: _249_ (rising edge-triggered flip-flop clocked by clk)
Endpoint: _250_ (rising edge-triggered flip-flop clocked by clk)
Path Group: clk
Path Type: min

Fanout         Cap        Slew       Delay        Time   Description
---------------------------------------------------------------------------------------------
                                  0.000000    0.000000   clock clk (rise edge)
                                  0.000000    0.000000   clock source latency
     1    0.043671    0.300830    0.152159    0.152159 ^ clk (in)
                                                         clk (net)
                      0.300831    0.000000    0.152159 ^ clkbuf_0_clk/I (gf180mcu_fd_sc_mcu7t5v0__clkbuf_16)
     8    0.196252    0.351884    0.505295    0.657453 ^ clkbuf_0_clk/Z (gf180mcu_fd_sc_mcu7t5v0__clkbuf_16)
                                                         clknet_0_clk (net)
                      0.351901    0.003673    0.661126 ^ clkbuf_3_4__f_clk/I (gf180mcu_fd_sc_mcu7t5v0__clkbuf_16)
     6    0.030171    0.133711    0.360995    1.022120 ^ clkbuf_3_4__f_clk/Z (gf180mcu_fd_sc_mcu7t5v0__clkbuf_16)
                                                         clknet_3_4__leaf_clk (net)
                      0.133712    0.000565    1.022685 ^ _249_/CLK (gf180mcu_fd_sc_mcu7t5v0__dffrnq_1)
     1    0.004869    0.151589    0.990345    2.013030 v _249_/Q (gf180mcu_fd_sc_mcu7t5v0__dffrnq_1)
                                                         s90_pipe[0] (net)
                      0.151589    0.000128    2.013158 v _121_/A2 (gf180mcu_fd_sc_mcu7t5v0__and2_1)
     1    0.004519    0.151258    0.382458    2.395616 v _121_/Z (gf180mcu_fd_sc_mcu7t5v0__and2_1)
                                                         _011_ (net)
                      0.151258    0.000126    2.395742 v _250_/D (gf180mcu_fd_sc_mcu7t5v0__dffrnq_1)
                                              2.395742   data arrival time

                                  0.000000    0.000000   clock clk (rise edge)
                                  0.000000    0.000000   clock source latency
     1    0.043671    0.300830    0.152159    0.152159 ^ clk (in)
                                                         clk (net)
                      0.300831    0.000000    0.152159 ^ clkbuf_0_clk/I (gf180mcu_fd_sc_mcu7t5v0__clkbuf_16)
     8    0.196252    0.351884    0.505295    0.657453 ^ clkbuf_0_clk/Z (gf180mcu_fd_sc_mcu7t5v0__clkbuf_16)
                                                         clknet_0_clk (net)
                      0.351901    0.003673    0.661126 ^ clkbuf_3_4__f_clk/I (gf180mcu_fd_sc_mcu7t5v0__clkbuf_16)
     6    0.030171    0.133711    0.360995    1.022120 ^ clkbuf_3_4__f_clk/Z (gf180mcu_fd_sc_mcu7t5v0__clkbuf_16)
                                                         clknet_3_4__leaf_clk (net)
                      0.133712    0.000565    1.022685 ^ _250_/CLK (gf180mcu_fd_sc_mcu7t5v0__dffrnq_1)
                                  0.250000    1.272685   clock uncertainty
                                  0.000000    1.272685   clock reconvergence pessimism
                                  0.137282    1.409967   library hold time
                                              1.409967   data required time
---------------------------------------------------------------------------------------------
                                              1.409967   data required time
                                             -2.395742   data arrival time
---------------------------------------------------------------------------------------------
                                              0.985775   slack (MET)


Startpoint: _250_ (rising edge-triggered flip-flop clocked by clk)
Endpoint: _251_ (rising edge-triggered flip-flop clocked by clk)
Path Group: clk
Path Type: min

Fanout         Cap        Slew       Delay        Time   Description
---------------------------------------------------------------------------------------------
                                  0.000000    0.000000   clock clk (rise edge)
                                  0.000000    0.000000   clock source latency
     1    0.043671    0.300830    0.152159    0.152159 ^ clk (in)
                                                         clk (net)
                      0.300831    0.000000    0.152159 ^ clkbuf_0_clk/I (gf180mcu_fd_sc_mcu7t5v0__clkbuf_16)
     8    0.196252    0.351884    0.505295    0.657453 ^ clkbuf_0_clk/Z (gf180mcu_fd_sc_mcu7t5v0__clkbuf_16)
                                                         clknet_0_clk (net)
                      0.351901    0.003673    0.661126 ^ clkbuf_3_4__f_clk/I (gf180mcu_fd_sc_mcu7t5v0__clkbuf_16)
     6    0.030171    0.133711    0.360995    1.022120 ^ clkbuf_3_4__f_clk/Z (gf180mcu_fd_sc_mcu7t5v0__clkbuf_16)
                                                         clknet_3_4__leaf_clk (net)
                      0.133712    0.000565    1.022685 ^ _250_/CLK (gf180mcu_fd_sc_mcu7t5v0__dffrnq_1)
     1    0.004613    0.148834    0.987710    2.010395 v _250_/Q (gf180mcu_fd_sc_mcu7t5v0__dffrnq_1)
                                                         s90_pipe[1] (net)
                      0.148834    0.000124    2.010519 v _122_/A2 (gf180mcu_fd_sc_mcu7t5v0__and2_1)
     1    0.004996    0.156473    0.386589    2.397109 v _122_/Z (gf180mcu_fd_sc_mcu7t5v0__and2_1)
                                                         _012_ (net)
                      0.156473    0.000134    2.397243 v _251_/D (gf180mcu_fd_sc_mcu7t5v0__dffrnq_1)
                                              2.397243   data arrival time

                                  0.000000    0.000000   clock clk (rise edge)
                                  0.000000    0.000000   clock source latency
     1    0.043671    0.300830    0.152159    0.152159 ^ clk (in)
                                                         clk (net)
                      0.300831    0.000000    0.152159 ^ clkbuf_0_clk/I (gf180mcu_fd_sc_mcu7t5v0__clkbuf_16)
     8    0.196252    0.351884    0.505295    0.657453 ^ clkbuf_0_clk/Z (gf180mcu_fd_sc_mcu7t5v0__clkbuf_16)
                                                         clknet_0_clk (net)
                      0.351901    0.003673    0.661126 ^ clkbuf_3_4__f_clk/I (gf180mcu_fd_sc_mcu7t5v0__clkbuf_16)
     6    0.030171    0.133711    0.360995    1.022120 ^ clkbuf_3_4__f_clk/Z (gf180mcu_fd_sc_mcu7t5v0__clkbuf_16)
                                                         clknet_3_4__leaf_clk (net)
                      0.133712    0.000565    1.022685 ^ _251_/CLK (gf180mcu_fd_sc_mcu7t5v0__dffrnq_1)
                                  0.250000    1.272685   clock uncertainty
                                  0.000000    1.272685   clock reconvergence pessimism
                                  0.135881    1.408566   library hold time
                                              1.408566   data required time
---------------------------------------------------------------------------------------------
                                              1.408566   data required time
                                             -2.397243   data arrival time
---------------------------------------------------------------------------------------------
                                              0.988676   slack (MET)


Startpoint: _251_ (rising edge-triggered flip-flop clocked by clk)
Endpoint: _252_ (rising edge-triggered flip-flop clocked by clk)
Path Group: clk
Path Type: min

Fanout         Cap        Slew       Delay        Time   Description
---------------------------------------------------------------------------------------------
                                  0.000000    0.000000   clock clk (rise edge)
                                  0.000000    0.000000   clock source latency
     1    0.043671    0.300830    0.152159    0.152159 ^ clk (in)
                                                         clk (net)
                      0.300831    0.000000    0.152159 ^ clkbuf_0_clk/I (gf180mcu_fd_sc_mcu7t5v0__clkbuf_16)
     8    0.196252    0.351884    0.505295    0.657453 ^ clkbuf_0_clk/Z (gf180mcu_fd_sc_mcu7t5v0__clkbuf_16)
                                                         clknet_0_clk (net)
                      0.351901    0.003673    0.661126 ^ clkbuf_3_4__f_clk/I (gf180mcu_fd_sc_mcu7t5v0__clkbuf_16)
     6    0.030171    0.133711    0.360995    1.022120 ^ clkbuf_3_4__f_clk/Z (gf180mcu_fd_sc_mcu7t5v0__clkbuf_16)
                                                         clknet_3_4__leaf_clk (net)
                      0.133712    0.000565    1.022685 ^ _251_/CLK (gf180mcu_fd_sc_mcu7t5v0__dffrnq_1)
     1    0.003661    0.138617    0.977928    2.000613 v _251_/Q (gf180mcu_fd_sc_mcu7t5v0__dffrnq_1)
                                                         s90_pipe[2] (net)
                      0.138617    0.000108    2.000721 v _123_/A2 (gf180mcu_fd_sc_mcu7t5v0__and2_1)
     1    0.006149    0.169111    0.395439    2.396161 v _123_/Z (gf180mcu_fd_sc_mcu7t5v0__and2_1)
                                                         _013_ (net)
                      0.169111    0.000153    2.396314 v _252_/D (gf180mcu_fd_sc_mcu7t5v0__dffrnq_1)
                                              2.396314   data arrival time

                                  0.000000    0.000000   clock clk (rise edge)
                                  0.000000    0.000000   clock source latency
     1    0.043671    0.300830    0.152159    0.152159 ^ clk (in)
                                                         clk (net)
                      0.300831    0.000000    0.152159 ^ clkbuf_0_clk/I (gf180mcu_fd_sc_mcu7t5v0__clkbuf_16)
     8    0.196252    0.351884    0.505295    0.657453 ^ clkbuf_0_clk/Z (gf180mcu_fd_sc_mcu7t5v0__clkbuf_16)
                                                         clknet_0_clk (net)
                      0.351901    0.003673    0.661126 ^ clkbuf_3_4__f_clk/I (gf180mcu_fd_sc_mcu7t5v0__clkbuf_16)
     6    0.030171    0.133711    0.360995    1.022120 ^ clkbuf_3_4__f_clk/Z (gf180mcu_fd_sc_mcu7t5v0__clkbuf_16)
                                                         clknet_3_4__leaf_clk (net)
                      0.133712    0.000565    1.022685 ^ _252_/CLK (gf180mcu_fd_sc_mcu7t5v0__dffrnq_1)
                                  0.250000    1.272685   clock uncertainty
                                  0.000000    1.272685   clock reconvergence pessimism
                                  0.132487    1.405172   library hold time
                                              1.405172   data required time
---------------------------------------------------------------------------------------------
                                              1.405172   data required time
                                             -2.396314   data arrival time
---------------------------------------------------------------------------------------------
                                              0.991142   slack (MET)


Startpoint: _245_ (rising edge-triggered flip-flop clocked by clk)
Endpoint: _246_ (rising edge-triggered flip-flop clocked by clk)
Path Group: clk
Path Type: min

Fanout         Cap        Slew       Delay        Time   Description
---------------------------------------------------------------------------------------------
                                  0.000000    0.000000   clock clk (rise edge)
                                  0.000000    0.000000   clock source latency
     1    0.043671    0.300830    0.152159    0.152159 ^ clk (in)
                                                         clk (net)
                      0.300831    0.000000    0.152159 ^ clkbuf_0_clk/I (gf180mcu_fd_sc_mcu7t5v0__clkbuf_16)
     8    0.196252    0.351884    0.505295    0.657453 ^ clkbuf_0_clk/Z (gf180mcu_fd_sc_mcu7t5v0__clkbuf_16)
                                                         clknet_0_clk (net)
                      0.351901    0.003673    0.661126 ^ clkbuf_3_7__f_clk/I (gf180mcu_fd_sc_mcu7t5v0__clkbuf_16)
     6    0.028080    0.130955    0.358553    1.019679 ^ clkbuf_3_7__f_clk/Z (gf180mcu_fd_sc_mcu7t5v0__clkbuf_16)
                                                         clknet_3_7__leaf_clk (net)
                      0.130956    0.000529    1.020208 ^ _245_/CLK (gf180mcu_fd_sc_mcu7t5v0__dffrnq_1)
     1    0.005745    0.161022    0.998681    2.018890 v _245_/Q (gf180mcu_fd_sc_mcu7t5v0__dffrnq_1)
                                                         comp_pipe[0] (net)
                      0.161022    0.000143    2.019033 v _125_/A2 (gf180mcu_fd_sc_mcu7t5v0__and2_1)
     1    0.003874    0.148012    0.378721    2.397754 v _125_/Z (gf180mcu_fd_sc_mcu7t5v0__and2_1)
                                                         _001_ (net)
                      0.148012    0.000115    2.397869 v _246_/D (gf180mcu_fd_sc_mcu7t5v0__dffrnq_1)
                                              2.397869   data arrival time

                                  0.000000    0.000000   clock clk (rise edge)
                                  0.000000    0.000000   clock source latency
     1    0.043671    0.300830    0.152159    0.152159 ^ clk (in)
                                                         clk (net)
                      0.300831    0.000000    0.152159 ^ clkbuf_0_clk/I (gf180mcu_fd_sc_mcu7t5v0__clkbuf_16)
     8    0.196252    0.351884    0.505295    0.657453 ^ clkbuf_0_clk/Z (gf180mcu_fd_sc_mcu7t5v0__clkbuf_16)
                                                         clknet_0_clk (net)
                      0.351901    0.003673    0.661126 ^ clkbuf_3_6__f_clk/I (gf180mcu_fd_sc_mcu7t5v0__clkbuf_16)
     6    0.026886    0.129380    0.357159    1.018285 ^ clkbuf_3_6__f_clk/Z (gf180mcu_fd_sc_mcu7t5v0__clkbuf_16)
                                                         clknet_3_6__leaf_clk (net)
                      0.129381    0.000509    1.018794 ^ _246_/CLK (gf180mcu_fd_sc_mcu7t5v0__dffrnq_1)
                                  0.250000    1.268794   clock uncertainty
                                  0.000000    1.268794   clock reconvergence pessimism
                                  0.137119    1.405913   library hold time
                                              1.405913   data required time
---------------------------------------------------------------------------------------------
                                              1.405913   data required time
                                             -2.397869   data arrival time
---------------------------------------------------------------------------------------------
                                              0.991956   slack (MET)


Startpoint: _253_ (rising edge-triggered flip-flop clocked by clk)
Endpoint: _254_ (rising edge-triggered flip-flop clocked by clk)
Path Group: clk
Path Type: min

Fanout         Cap        Slew       Delay        Time   Description
---------------------------------------------------------------------------------------------
                                  0.000000    0.000000   clock clk (rise edge)
                                  0.000000    0.000000   clock source latency
     1    0.043671    0.300830    0.152159    0.152159 ^ clk (in)
                                                         clk (net)
                      0.300831    0.000000    0.152159 ^ clkbuf_0_clk/I (gf180mcu_fd_sc_mcu7t5v0__clkbuf_16)
     8    0.196252    0.351884    0.505295    0.657453 ^ clkbuf_0_clk/Z (gf180mcu_fd_sc_mcu7t5v0__clkbuf_16)
                                                         clknet_0_clk (net)
                      0.351901    0.003673    0.661126 ^ clkbuf_3_5__f_clk/I (gf180mcu_fd_sc_mcu7t5v0__clkbuf_16)
     6    0.029730    0.133130    0.360480    1.021606 ^ clkbuf_3_5__f_clk/Z (gf180mcu_fd_sc_mcu7t5v0__clkbuf_16)
                                                         clknet_3_5__leaf_clk (net)
                      0.133131    0.000557    1.022163 ^ _253_/CLK (gf180mcu_fd_sc_mcu7t5v0__dffrnq_1)
     1    0.006097    0.164818    1.002822    2.024985 v _253_/Q (gf180mcu_fd_sc_mcu7t5v0__dffrnq_1)
                                                         s270_pipe[0] (net)
                      0.164818    0.000149    2.025134 v _117_/A2 (gf180mcu_fd_sc_mcu7t5v0__and2_1)
     1    0.003738    0.142711    0.378516    2.403650 v _117_/Z (gf180mcu_fd_sc_mcu7t5v0__and2_1)
                                                         _007_ (net)
                      0.142711    0.000113    2.403763 v _254_/D (gf180mcu_fd_sc_mcu7t5v0__dffrnq_1)
                                              2.403763   data arrival time

                                  0.000000    0.000000   clock clk (rise edge)
                                  0.000000    0.000000   clock source latency
     1    0.043671    0.300830    0.152159    0.152159 ^ clk (in)
                                                         clk (net)
                      0.300831    0.000000    0.152159 ^ clkbuf_0_clk/I (gf180mcu_fd_sc_mcu7t5v0__clkbuf_16)
     8    0.196252    0.351884    0.505295    0.657453 ^ clkbuf_0_clk/Z (gf180mcu_fd_sc_mcu7t5v0__clkbuf_16)
                                                         clknet_0_clk (net)
                      0.351901    0.003673    0.661126 ^ clkbuf_3_5__f_clk/I (gf180mcu_fd_sc_mcu7t5v0__clkbuf_16)
     6    0.029730    0.133130    0.360480    1.021606 ^ clkbuf_3_5__f_clk/Z (gf180mcu_fd_sc_mcu7t5v0__clkbuf_16)
                                                         clknet_3_5__leaf_clk (net)
                      0.133131    0.000557    1.022163 ^ _254_/CLK (gf180mcu_fd_sc_mcu7t5v0__dffrnq_1)
                                  0.250000    1.272163   clock uncertainty
                                  0.000000    1.272163   clock reconvergence pessimism
                                  0.139438    1.411602   library hold time
                                              1.411602   data required time
---------------------------------------------------------------------------------------------
                                              1.411602   data required time
                                             -2.403763   data arrival time
---------------------------------------------------------------------------------------------
                                              0.992161   slack (MET)


Startpoint: _246_ (rising edge-triggered flip-flop clocked by clk)
Endpoint: _247_ (rising edge-triggered flip-flop clocked by clk)
Path Group: clk
Path Type: min

Fanout         Cap        Slew       Delay        Time   Description
---------------------------------------------------------------------------------------------
                                  0.000000    0.000000   clock clk (rise edge)
                                  0.000000    0.000000   clock source latency
     1    0.043671    0.300830    0.152159    0.152159 ^ clk (in)
                                                         clk (net)
                      0.300831    0.000000    0.152159 ^ clkbuf_0_clk/I (gf180mcu_fd_sc_mcu7t5v0__clkbuf_16)
     8    0.196252    0.351884    0.505295    0.657453 ^ clkbuf_0_clk/Z (gf180mcu_fd_sc_mcu7t5v0__clkbuf_16)
                                                         clknet_0_clk (net)
                      0.351901    0.003673    0.661126 ^ clkbuf_3_6__f_clk/I (gf180mcu_fd_sc_mcu7t5v0__clkbuf_16)
     6    0.026886    0.129380    0.357159    1.018285 ^ clkbuf_3_6__f_clk/Z (gf180mcu_fd_sc_mcu7t5v0__clkbuf_16)
                                                         clknet_3_6__leaf_clk (net)
                      0.129381    0.000509    1.018794 ^ _246_/CLK (gf180mcu_fd_sc_mcu7t5v0__dffrnq_1)
     1    0.007698    0.182031    1.018375    2.037170 v _246_/Q (gf180mcu_fd_sc_mcu7t5v0__dffrnq_1)
                                                         comp_pipe[1] (net)
                      0.182031    0.000176    2.037346 v _126_/A2 (gf180mcu_fd_sc_mcu7t5v0__and2_1)
     1    0.005582    0.166423    0.403521    2.440867 v _126_/Z (gf180mcu_fd_sc_mcu7t5v0__and2_1)
                                                         _002_ (net)
                      0.166423    0.000144    2.441011 v _247_/D (gf180mcu_fd_sc_mcu7t5v0__dffrnq_1)
                                              2.441011   data arrival time

                                  0.000000    0.000000   clock clk (rise edge)
                                  0.000000    0.000000   clock source latency
     1    0.043671    0.300830    0.152159    0.152159 ^ clk (in)
                                                         clk (net)
                      0.300831    0.000000    0.152159 ^ clkbuf_0_clk/I (gf180mcu_fd_sc_mcu7t5v0__clkbuf_16)
     8    0.196252    0.351884    0.505295    0.657453 ^ clkbuf_0_clk/Z (gf180mcu_fd_sc_mcu7t5v0__clkbuf_16)
                                                         clknet_0_clk (net)
                      0.351901    0.003673    0.661126 ^ clkbuf_3_7__f_clk/I (gf180mcu_fd_sc_mcu7t5v0__clkbuf_16)
     6    0.028080    0.130955    0.358553    1.019679 ^ clkbuf_3_7__f_clk/Z (gf180mcu_fd_sc_mcu7t5v0__clkbuf_16)
                                                         clknet_3_7__leaf_clk (net)
                      0.130956    0.000529    1.020208 ^ _247_/CLK (gf180mcu_fd_sc_mcu7t5v0__dffrnq_1)
                                  0.250000    1.270208   clock uncertainty
                                  0.000000    1.270208   clock reconvergence pessimism
                                  0.132558    1.402767   library hold time
                                              1.402767   data required time
---------------------------------------------------------------------------------------------
                                              1.402767   data required time
                                             -2.441011   data arrival time
---------------------------------------------------------------------------------------------
                                              1.038244   slack (MET)


Startpoint: _224_ (rising edge-triggered flip-flop clocked by clk)
Endpoint: _224_ (rising edge-triggered flip-flop clocked by clk)
Path Group: clk
Path Type: min

Fanout         Cap        Slew       Delay        Time   Description
---------------------------------------------------------------------------------------------
                                  0.000000    0.000000   clock clk (rise edge)
                                  0.000000    0.000000   clock source latency
     1    0.043671    0.300830    0.152159    0.152159 ^ clk (in)
                                                         clk (net)
                      0.300831    0.000000    0.152159 ^ clkbuf_0_clk/I (gf180mcu_fd_sc_mcu7t5v0__clkbuf_16)
     8    0.196252    0.351884    0.505295    0.657453 ^ clkbuf_0_clk/Z (gf180mcu_fd_sc_mcu7t5v0__clkbuf_16)
                                                         clknet_0_clk (net)
                      0.351901    0.003672    0.661125 ^ clkbuf_3_3__f_clk/I (gf180mcu_fd_sc_mcu7t5v0__clkbuf_16)
     6    0.028726    0.131807    0.359307    1.020433 ^ clkbuf_3_3__f_clk/Z (gf180mcu_fd_sc_mcu7t5v0__clkbuf_16)
                                                         clknet_3_3__leaf_clk (net)
                      0.131807    0.000540    1.020973 ^ _224_/CLK (gf180mcu_fd_sc_mcu7t5v0__dffrnq_1)
     2    0.012097    0.231589    1.064127    2.085099 v _224_/Q (gf180mcu_fd_sc_mcu7t5v0__dffrnq_1)
                                                         net16 (net)
                      0.231589    0.000283    2.085382 v _210_/A1 (gf180mcu_fd_sc_mcu7t5v0__nand2_1)
     1    0.005157    0.232518    0.214983    2.300366 ^ _210_/ZN (gf180mcu_fd_sc_mcu7t5v0__nand2_1)
                                                         _098_ (net)
                      0.232518    0.000165    2.300531 ^ _211_/B (gf180mcu_fd_sc_mcu7t5v0__oai21_1)
     1    0.003496    0.161027    0.169643    2.470174 v _211_/ZN (gf180mcu_fd_sc_mcu7t5v0__oai21_1)
                                                         _038_ (net)
                      0.161027    0.000109    2.470283 v _224_/D (gf180mcu_fd_sc_mcu7t5v0__dffrnq_1)
                                              2.470283   data arrival time

                                  0.000000    0.000000   clock clk (rise edge)
                                  0.000000    0.000000   clock source latency
     1    0.043671    0.300830    0.152159    0.152159 ^ clk (in)
                                                         clk (net)
                      0.300831    0.000000    0.152159 ^ clkbuf_0_clk/I (gf180mcu_fd_sc_mcu7t5v0__clkbuf_16)
     8    0.196252    0.351884    0.505295    0.657453 ^ clkbuf_0_clk/Z (gf180mcu_fd_sc_mcu7t5v0__clkbuf_16)
                                                         clknet_0_clk (net)
                      0.351901    0.003672    0.661125 ^ clkbuf_3_3__f_clk/I (gf180mcu_fd_sc_mcu7t5v0__clkbuf_16)
     6    0.028726    0.131807    0.359307    1.020433 ^ clkbuf_3_3__f_clk/Z (gf180mcu_fd_sc_mcu7t5v0__clkbuf_16)
                                                         clknet_3_3__leaf_clk (net)
                      0.131807    0.000540    1.020973 ^ _224_/CLK (gf180mcu_fd_sc_mcu7t5v0__dffrnq_1)
                                  0.250000    1.270973   clock uncertainty
                                  0.000000    1.270973   clock reconvergence pessimism
                                  0.134207    1.405180   library hold time
                                              1.405180   data required time
---------------------------------------------------------------------------------------------
                                              1.405180   data required time
                                             -2.470283   data arrival time
---------------------------------------------------------------------------------------------
                                              1.065103   slack (MET)


Startpoint: _226_ (rising edge-triggered flip-flop clocked by clk)
Endpoint: _226_ (rising edge-triggered flip-flop clocked by clk)
Path Group: clk
Path Type: min

Fanout         Cap        Slew       Delay        Time   Description
---------------------------------------------------------------------------------------------
                                  0.000000    0.000000   clock clk (rise edge)
                                  0.000000    0.000000   clock source latency
     1    0.043671    0.300830    0.152159    0.152159 ^ clk (in)
                                                         clk (net)
                      0.300831    0.000000    0.152159 ^ clkbuf_0_clk/I (gf180mcu_fd_sc_mcu7t5v0__clkbuf_16)
     8    0.196252    0.351884    0.505295    0.657453 ^ clkbuf_0_clk/Z (gf180mcu_fd_sc_mcu7t5v0__clkbuf_16)
                                                         clknet_0_clk (net)
                      0.351901    0.003673    0.661126 ^ clkbuf_3_6__f_clk/I (gf180mcu_fd_sc_mcu7t5v0__clkbuf_16)
     6    0.026886    0.129380    0.357159    1.018285 ^ clkbuf_3_6__f_clk/Z (gf180mcu_fd_sc_mcu7t5v0__clkbuf_16)
                                                         clknet_3_6__leaf_clk (net)
                      0.129381    0.000509    1.018794 ^ _226_/CLK (gf180mcu_fd_sc_mcu7t5v0__dffrnq_1)
     2    0.012054    0.231028    1.063104    2.081899 v _226_/Q (gf180mcu_fd_sc_mcu7t5v0__dffrnq_1)
                                                         net18 (net)
                      0.231028    0.000282    2.082181 v _214_/A1 (gf180mcu_fd_sc_mcu7t5v0__nand2_1)
     1    0.005484    0.239832    0.219685    2.301866 ^ _214_/ZN (gf180mcu_fd_sc_mcu7t5v0__nand2_1)
                                                         _100_ (net)
                      0.239832    0.000171    2.302037 ^ _215_/B (gf180mcu_fd_sc_mcu7t5v0__oai21_1)
     1    0.003800    0.165678    0.174094    2.476131 v _215_/ZN (gf180mcu_fd_sc_mcu7t5v0__oai21_1)
                                                         _040_ (net)
                      0.165678    0.000114    2.476245 v _226_/D (gf180mcu_fd_sc_mcu7t5v0__dffrnq_1)
                                              2.476245   data arrival time

                                  0.000000    0.000000   clock clk (rise edge)
                                  0.000000    0.000000   clock source latency
     1    0.043671    0.300830    0.152159    0.152159 ^ clk (in)
                                                         clk (net)
                      0.300831    0.000000    0.152159 ^ clkbuf_0_clk/I (gf180mcu_fd_sc_mcu7t5v0__clkbuf_16)
     8    0.196252    0.351884    0.505295    0.657453 ^ clkbuf_0_clk/Z (gf180mcu_fd_sc_mcu7t5v0__clkbuf_16)
                                                         clknet_0_clk (net)
                      0.351901    0.003673    0.661126 ^ clkbuf_3_6__f_clk/I (gf180mcu_fd_sc_mcu7t5v0__clkbuf_16)
     6    0.026886    0.129380    0.357159    1.018285 ^ clkbuf_3_6__f_clk/Z (gf180mcu_fd_sc_mcu7t5v0__clkbuf_16)
                                                         clknet_3_6__leaf_clk (net)
                      0.129381    0.000509    1.018794 ^ _226_/CLK (gf180mcu_fd_sc_mcu7t5v0__dffrnq_1)
                                  0.250000    1.268794   clock uncertainty
                                  0.000000    1.268794   clock reconvergence pessimism
                                  0.132386    1.401180   library hold time
                                              1.401180   data required time
---------------------------------------------------------------------------------------------
                                              1.401180   data required time
                                             -2.476245   data arrival time
---------------------------------------------------------------------------------------------
                                              1.075065   slack (MET)


Startpoint: _225_ (rising edge-triggered flip-flop clocked by clk)
Endpoint: _225_ (rising edge-triggered flip-flop clocked by clk)
Path Group: clk
Path Type: min

Fanout         Cap        Slew       Delay        Time   Description
---------------------------------------------------------------------------------------------
                                  0.000000    0.000000   clock clk (rise edge)
                                  0.000000    0.000000   clock source latency
     1    0.043671    0.300830    0.152159    0.152159 ^ clk (in)
                                                         clk (net)
                      0.300831    0.000000    0.152159 ^ clkbuf_0_clk/I (gf180mcu_fd_sc_mcu7t5v0__clkbuf_16)
     8    0.196252    0.351884    0.505295    0.657453 ^ clkbuf_0_clk/Z (gf180mcu_fd_sc_mcu7t5v0__clkbuf_16)
                                                         clknet_0_clk (net)
                      0.351901    0.003673    0.661126 ^ clkbuf_3_6__f_clk/I (gf180mcu_fd_sc_mcu7t5v0__clkbuf_16)
     6    0.026886    0.129380    0.357159    1.018285 ^ clkbuf_3_6__f_clk/Z (gf180mcu_fd_sc_mcu7t5v0__clkbuf_16)
                                                         clknet_3_6__leaf_clk (net)
                      0.129381    0.000509    1.018794 ^ _225_/CLK (gf180mcu_fd_sc_mcu7t5v0__dffrnq_1)
     2    0.012136    0.232092    1.063946    2.082740 v _225_/Q (gf180mcu_fd_sc_mcu7t5v0__dffrnq_1)
                                                         net17 (net)
                      0.232092    0.000284    2.083024 v _212_/A1 (gf180mcu_fd_sc_mcu7t5v0__nand2_1)
     1    0.005484    0.239924    0.220015    2.303039 ^ _212_/ZN (gf180mcu_fd_sc_mcu7t5v0__nand2_1)
                                                         _099_ (net)
                      0.239924    0.000171    2.303210 ^ _213_/B (gf180mcu_fd_sc_mcu7t5v0__oai21_1)
     1    0.003882    0.166628    0.174960    2.478170 v _213_/ZN (gf180mcu_fd_sc_mcu7t5v0__oai21_1)
                                                         _039_ (net)
                      0.166628    0.000115    2.478285 v _225_/D (gf180mcu_fd_sc_mcu7t5v0__dffrnq_1)
                                              2.478285   data arrival time

                                  0.000000    0.000000   clock clk (rise edge)
                                  0.000000    0.000000   clock source latency
     1    0.043671    0.300830    0.152159    0.152159 ^ clk (in)
                                                         clk (net)
                      0.300831    0.000000    0.152159 ^ clkbuf_0_clk/I (gf180mcu_fd_sc_mcu7t5v0__clkbuf_16)
     8    0.196252    0.351884    0.505295    0.657453 ^ clkbuf_0_clk/Z (gf180mcu_fd_sc_mcu7t5v0__clkbuf_16)
                                                         clknet_0_clk (net)
                      0.351901    0.003673    0.661126 ^ clkbuf_3_6__f_clk/I (gf180mcu_fd_sc_mcu7t5v0__clkbuf_16)
     6    0.026886    0.129380    0.357159    1.018285 ^ clkbuf_3_6__f_clk/Z (gf180mcu_fd_sc_mcu7t5v0__clkbuf_16)
                                                         clknet_3_6__leaf_clk (net)
                      0.129381    0.000509    1.018794 ^ _225_/CLK (gf180mcu_fd_sc_mcu7t5v0__dffrnq_1)
                                  0.250000    1.268794   clock uncertainty
                                  0.000000    1.268794   clock reconvergence pessimism
                                  0.132132    1.400926   library hold time
                                              1.400926   data required time
---------------------------------------------------------------------------------------------
                                              1.400926   data required time
                                             -2.478285   data arrival time
---------------------------------------------------------------------------------------------
                                              1.077359   slack (MET)


Startpoint: _222_ (rising edge-triggered flip-flop clocked by clk)
Endpoint: _222_ (rising edge-triggered flip-flop clocked by clk)
Path Group: clk
Path Type: min

Fanout         Cap        Slew       Delay        Time   Description
---------------------------------------------------------------------------------------------
                                  0.000000    0.000000   clock clk (rise edge)
                                  0.000000    0.000000   clock source latency
     1    0.043671    0.300830    0.152159    0.152159 ^ clk (in)
                                                         clk (net)
                      0.300831    0.000000    0.152159 ^ clkbuf_0_clk/I (gf180mcu_fd_sc_mcu7t5v0__clkbuf_16)
     8    0.196252    0.351884    0.505295    0.657453 ^ clkbuf_0_clk/Z (gf180mcu_fd_sc_mcu7t5v0__clkbuf_16)
                                                         clknet_0_clk (net)
                      0.351901    0.003672    0.661125 ^ clkbuf_3_3__f_clk/I (gf180mcu_fd_sc_mcu7t5v0__clkbuf_16)
     6    0.028726    0.131807    0.359307    1.020433 ^ clkbuf_3_3__f_clk/Z (gf180mcu_fd_sc_mcu7t5v0__clkbuf_16)
                                                         clknet_3_3__leaf_clk (net)
                      0.131807    0.000540    1.020973 ^ _222_/CLK (gf180mcu_fd_sc_mcu7t5v0__dffrnq_1)
     2    0.012298    0.233797    1.065878    2.086851 v _222_/Q (gf180mcu_fd_sc_mcu7t5v0__dffrnq_1)
                                                         net14 (net)
                      0.233797    0.000286    2.087138 v _206_/A1 (gf180mcu_fd_sc_mcu7t5v0__nand2_1)
     1    0.005701    0.244945    0.223774    2.310912 ^ _206_/ZN (gf180mcu_fd_sc_mcu7t5v0__nand2_1)
                                                         _096_ (net)
                      0.244945    0.000175    2.311086 ^ _207_/B (gf180mcu_fd_sc_mcu7t5v0__oai21_1)
     1    0.003888    0.167466    0.175930    2.487017 v _207_/ZN (gf180mcu_fd_sc_mcu7t5v0__oai21_1)
                                                         _036_ (net)
                      0.167466    0.000115    2.487132 v _222_/D (gf180mcu_fd_sc_mcu7t5v0__dffrnq_1)
                                              2.487132   data arrival time

                                  0.000000    0.000000   clock clk (rise edge)
                                  0.000000    0.000000   clock source latency
     1    0.043671    0.300830    0.152159    0.152159 ^ clk (in)
                                                         clk (net)
                      0.300831    0.000000    0.152159 ^ clkbuf_0_clk/I (gf180mcu_fd_sc_mcu7t5v0__clkbuf_16)
     8    0.196252    0.351884    0.505295    0.657453 ^ clkbuf_0_clk/Z (gf180mcu_fd_sc_mcu7t5v0__clkbuf_16)
                                                         clknet_0_clk (net)
                      0.351901    0.003672    0.661125 ^ clkbuf_3_3__f_clk/I (gf180mcu_fd_sc_mcu7t5v0__clkbuf_16)
     6    0.028726    0.131807    0.359307    1.020433 ^ clkbuf_3_3__f_clk/Z (gf180mcu_fd_sc_mcu7t5v0__clkbuf_16)
                                                         clknet_3_3__leaf_clk (net)
                      0.131807    0.000540    1.020973 ^ _222_/CLK (gf180mcu_fd_sc_mcu7t5v0__dffrnq_1)
                                  0.250000    1.270973   clock uncertainty
                                  0.000000    1.270973   clock reconvergence pessimism
                                  0.132479    1.403452   library hold time
                                              1.403452   data required time
---------------------------------------------------------------------------------------------
                                              1.403452   data required time
                                             -2.487132   data arrival time
---------------------------------------------------------------------------------------------
                                              1.083680   slack (MET)


Startpoint: _228_ (rising edge-triggered flip-flop clocked by clk)
Endpoint: _228_ (rising edge-triggered flip-flop clocked by clk)
Path Group: clk
Path Type: min

Fanout         Cap        Slew       Delay        Time   Description
---------------------------------------------------------------------------------------------
                                  0.000000    0.000000   clock clk (rise edge)
                                  0.000000    0.000000   clock source latency
     1    0.043671    0.300830    0.152159    0.152159 ^ clk (in)
                                                         clk (net)
                      0.300831    0.000000    0.152159 ^ clkbuf_0_clk/I (gf180mcu_fd_sc_mcu7t5v0__clkbuf_16)
     8    0.196252    0.351884    0.505295    0.657453 ^ clkbuf_0_clk/Z (gf180mcu_fd_sc_mcu7t5v0__clkbuf_16)
                                                         clknet_0_clk (net)
                      0.351901    0.003673    0.661126 ^ clkbuf_3_6__f_clk/I (gf180mcu_fd_sc_mcu7t5v0__clkbuf_16)
     6    0.026886    0.129380    0.357159    1.018285 ^ clkbuf_3_6__f_clk/Z (gf180mcu_fd_sc_mcu7t5v0__clkbuf_16)
                                                         clknet_3_6__leaf_clk (net)
                      0.129381    0.000509    1.018794 ^ _228_/CLK (gf180mcu_fd_sc_mcu7t5v0__dffrnq_1)
     2    0.014133    0.253214    1.080368    2.099162 v _228_/Q (gf180mcu_fd_sc_mcu7t5v0__dffrnq_1)
                                                         net20 (net)
                      0.253214    0.000317    2.099479 v _147_/A1 (gf180mcu_fd_sc_mcu7t5v0__nand2_1)
     1    0.005648    0.245385    0.228995    2.328475 ^ _147_/ZN (gf180mcu_fd_sc_mcu7t5v0__nand2_1)
                                                         _058_ (net)
                      0.245385    0.000174    2.328648 ^ _148_/B (gf180mcu_fd_sc_mcu7t5v0__oai21_1)
     1    0.003800    0.166533    0.175090    2.503738 v _148_/ZN (gf180mcu_fd_sc_mcu7t5v0__oai21_1)
                                                         _015_ (net)
                      0.166533    0.000114    2.503852 v _228_/D (gf180mcu_fd_sc_mcu7t5v0__dffrnq_1)
                                              2.503852   data arrival time

                                  0.000000    0.000000   clock clk (rise edge)
                                  0.000000    0.000000   clock source latency
     1    0.043671    0.300830    0.152159    0.152159 ^ clk (in)
                                                         clk (net)
                      0.300831    0.000000    0.152159 ^ clkbuf_0_clk/I (gf180mcu_fd_sc_mcu7t5v0__clkbuf_16)
     8    0.196252    0.351884    0.505295    0.657453 ^ clkbuf_0_clk/Z (gf180mcu_fd_sc_mcu7t5v0__clkbuf_16)
                                                         clknet_0_clk (net)
                      0.351901    0.003673    0.661126 ^ clkbuf_3_6__f_clk/I (gf180mcu_fd_sc_mcu7t5v0__clkbuf_16)
     6    0.026886    0.129380    0.357159    1.018285 ^ clkbuf_3_6__f_clk/Z (gf180mcu_fd_sc_mcu7t5v0__clkbuf_16)
                                                         clknet_3_6__leaf_clk (net)
                      0.129381    0.000509    1.018794 ^ _228_/CLK (gf180mcu_fd_sc_mcu7t5v0__dffrnq_1)
                                  0.250000    1.268794   clock uncertainty
                                  0.000000    1.268794   clock reconvergence pessimism
                                  0.132157    1.400951   library hold time
                                              1.400951   data required time
---------------------------------------------------------------------------------------------
                                              1.400951   data required time
                                             -2.503852   data arrival time
---------------------------------------------------------------------------------------------
                                              1.102901   slack (MET)


Startpoint: _216_ (rising edge-triggered flip-flop clocked by clk)
Endpoint: _216_ (rising edge-triggered flip-flop clocked by clk)
Path Group: clk
Path Type: min

Fanout         Cap        Slew       Delay        Time   Description
---------------------------------------------------------------------------------------------
                                  0.000000    0.000000   clock clk (rise edge)
                                  0.000000    0.000000   clock source latency
     1    0.043671    0.300830    0.152159    0.152159 ^ clk (in)
                                                         clk (net)
                      0.300831    0.000000    0.152159 ^ clkbuf_0_clk/I (gf180mcu_fd_sc_mcu7t5v0__clkbuf_16)
     8    0.196252    0.351884    0.505295    0.657453 ^ clkbuf_0_clk/Z (gf180mcu_fd_sc_mcu7t5v0__clkbuf_16)
                                                         clknet_0_clk (net)
                      0.351901    0.003673    0.661126 ^ clkbuf_3_2__f_clk/I (gf180mcu_fd_sc_mcu7t5v0__clkbuf_16)
     6    0.026864    0.129350    0.357133    1.018258 ^ clkbuf_3_2__f_clk/Z (gf180mcu_fd_sc_mcu7t5v0__clkbuf_16)
                                                         clknet_3_2__leaf_clk (net)
                      0.129351    0.000509    1.018767 ^ _216_/CLK (gf180mcu_fd_sc_mcu7t5v0__dffrnq_1)
     2    0.012049    0.230954    1.063042    2.081810 v _216_/Q (gf180mcu_fd_sc_mcu7t5v0__dffrnq_1)
                                                         net6 (net)
                      0.230954    0.000272    2.082082 v _113_/I (gf180mcu_fd_sc_mcu7t5v0__clkinv_1)
     1    0.006225    0.225112    0.199312    2.281394 ^ _113_/ZN (gf180mcu_fd_sc_mcu7t5v0__clkinv_1)
                                                         _106_ (net)
                      0.225112    0.000180    2.281574 ^ _196_/A2 (gf180mcu_fd_sc_mcu7t5v0__oai32_1)
     1    0.004474    0.192691    0.216884    2.498458 v _196_/ZN (gf180mcu_fd_sc_mcu7t5v0__oai32_1)
                                                         _030_ (net)
                      0.192691    0.000125    2.498583 v _216_/D (gf180mcu_fd_sc_mcu7t5v0__dffrnq_1)
                                              2.498583   data arrival time

                                  0.000000    0.000000   clock clk (rise edge)
                                  0.000000    0.000000   clock source latency
     1    0.043671    0.300830    0.152159    0.152159 ^ clk (in)
                                                         clk (net)
                      0.300831    0.000000    0.152159 ^ clkbuf_0_clk/I (gf180mcu_fd_sc_mcu7t5v0__clkbuf_16)
     8    0.196252    0.351884    0.505295    0.657453 ^ clkbuf_0_clk/Z (gf180mcu_fd_sc_mcu7t5v0__clkbuf_16)
                                                         clknet_0_clk (net)
                      0.351901    0.003673    0.661126 ^ clkbuf_3_2__f_clk/I (gf180mcu_fd_sc_mcu7t5v0__clkbuf_16)
     6    0.026864    0.129350    0.357133    1.018258 ^ clkbuf_3_2__f_clk/Z (gf180mcu_fd_sc_mcu7t5v0__clkbuf_16)
                                                         clknet_3_2__leaf_clk (net)
                      0.129351    0.000509    1.018767 ^ _216_/CLK (gf180mcu_fd_sc_mcu7t5v0__dffrnq_1)
                                  0.250000    1.268767   clock uncertainty
                                  0.000000    1.268767   clock reconvergence pessimism
                                  0.125143    1.393910   library hold time
                                              1.393910   data required time
---------------------------------------------------------------------------------------------
                                              1.393910   data required time
                                             -2.498583   data arrival time
---------------------------------------------------------------------------------------------
                                              1.104673   slack (MET)


Startpoint: _220_ (rising edge-triggered flip-flop clocked by clk)
Endpoint: _220_ (rising edge-triggered flip-flop clocked by clk)
Path Group: clk
Path Type: min

Fanout         Cap        Slew       Delay        Time   Description
---------------------------------------------------------------------------------------------
                                  0.000000    0.000000   clock clk (rise edge)
                                  0.000000    0.000000   clock source latency
     1    0.043671    0.300830    0.152159    0.152159 ^ clk (in)
                                                         clk (net)
                      0.300831    0.000000    0.152159 ^ clkbuf_0_clk/I (gf180mcu_fd_sc_mcu7t5v0__clkbuf_16)
     8    0.196252    0.351884    0.505295    0.657453 ^ clkbuf_0_clk/Z (gf180mcu_fd_sc_mcu7t5v0__clkbuf_16)
                                                         clknet_0_clk (net)
                      0.351901    0.003673    0.661126 ^ clkbuf_3_0__f_clk/I (gf180mcu_fd_sc_mcu7t5v0__clkbuf_16)
     6    0.031840    0.135908    0.362942    1.024068 ^ clkbuf_3_0__f_clk/Z (gf180mcu_fd_sc_mcu7t5v0__clkbuf_16)
                                                         clknet_3_0__leaf_clk (net)
                      0.135908    0.000593    1.024660 ^ _220_/CLK (gf180mcu_fd_sc_mcu7t5v0__dffrnq_1)
     2    0.015306    0.265592    1.091569    2.116229 v _220_/Q (gf180mcu_fd_sc_mcu7t5v0__dffrnq_1)
                                                         net12 (net)
                      0.265592    0.000327    2.116556 v _114_/I (gf180mcu_fd_sc_mcu7t5v0__clkinv_1)
     1    0.005811    0.221263    0.204054    2.320611 ^ _114_/ZN (gf180mcu_fd_sc_mcu7t5v0__clkinv_1)
                                                         _107_ (net)
                      0.221263    0.000174    2.320784 ^ _203_/B2 (gf180mcu_fd_sc_mcu7t5v0__oai22_1)
     1    0.003657    0.183199    0.203625    2.524409 v _203_/ZN (gf180mcu_fd_sc_mcu7t5v0__oai22_1)
                                                         _034_ (net)
                      0.183199    0.000111    2.524520 v _220_/D (gf180mcu_fd_sc_mcu7t5v0__dffrnq_1)
                                              2.524520   data arrival time

                                  0.000000    0.000000   clock clk (rise edge)
                                  0.000000    0.000000   clock source latency
     1    0.043671    0.300830    0.152159    0.152159 ^ clk (in)
                                                         clk (net)
                      0.300831    0.000000    0.152159 ^ clkbuf_0_clk/I (gf180mcu_fd_sc_mcu7t5v0__clkbuf_16)
     8    0.196252    0.351884    0.505295    0.657453 ^ clkbuf_0_clk/Z (gf180mcu_fd_sc_mcu7t5v0__clkbuf_16)
                                                         clknet_0_clk (net)
                      0.351901    0.003673    0.661126 ^ clkbuf_3_0__f_clk/I (gf180mcu_fd_sc_mcu7t5v0__clkbuf_16)
     6    0.031840    0.135908    0.362942    1.024068 ^ clkbuf_3_0__f_clk/Z (gf180mcu_fd_sc_mcu7t5v0__clkbuf_16)
                                                         clknet_3_0__leaf_clk (net)
                      0.135908    0.000593    1.024660 ^ _220_/CLK (gf180mcu_fd_sc_mcu7t5v0__dffrnq_1)
                                  0.250000    1.274660   clock uncertainty
                                  0.000000    1.274660   clock reconvergence pessimism
                                  0.129215    1.403876   library hold time
                                              1.403876   data required time
---------------------------------------------------------------------------------------------
                                              1.403876   data required time
                                             -2.524520   data arrival time
---------------------------------------------------------------------------------------------
                                              1.120645   slack (MET)


Startpoint: _223_ (rising edge-triggered flip-flop clocked by clk)
Endpoint: _223_ (rising edge-triggered flip-flop clocked by clk)
Path Group: clk
Path Type: min

Fanout         Cap        Slew       Delay        Time   Description
---------------------------------------------------------------------------------------------
                                  0.000000    0.000000   clock clk (rise edge)
                                  0.000000    0.000000   clock source latency
     1    0.043671    0.300830    0.152159    0.152159 ^ clk (in)
                                                         clk (net)
                      0.300831    0.000000    0.152159 ^ clkbuf_0_clk/I (gf180mcu_fd_sc_mcu7t5v0__clkbuf_16)
     8    0.196252    0.351884    0.505295    0.657453 ^ clkbuf_0_clk/Z (gf180mcu_fd_sc_mcu7t5v0__clkbuf_16)
                                                         clknet_0_clk (net)
                      0.351901    0.003672    0.661125 ^ clkbuf_3_3__f_clk/I (gf180mcu_fd_sc_mcu7t5v0__clkbuf_16)
     6    0.028726    0.131807    0.359307    1.020433 ^ clkbuf_3_3__f_clk/Z (gf180mcu_fd_sc_mcu7t5v0__clkbuf_16)
                                                         clknet_3_3__leaf_clk (net)
                      0.131807    0.000540    1.020973 ^ _223_/CLK (gf180mcu_fd_sc_mcu7t5v0__dffrnq_1)
     2    0.012776    0.238837    1.069809    2.090782 v _223_/Q (gf180mcu_fd_sc_mcu7t5v0__dffrnq_1)
                                                         net15 (net)
                      0.238837    0.000294    2.091077 v _208_/A1 (gf180mcu_fd_sc_mcu7t5v0__nand2_1)
     1    0.006599    0.265493    0.238714    2.329790 ^ _208_/ZN (gf180mcu_fd_sc_mcu7t5v0__nand2_1)
                                                         _097_ (net)
                      0.265493    0.000190    2.329980 ^ _209_/B (gf180mcu_fd_sc_mcu7t5v0__oai21_1)
     1    0.004952    0.182215    0.190891    2.520871 v _209_/ZN (gf180mcu_fd_sc_mcu7t5v0__oai21_1)
                                                         _037_ (net)
                      0.182215    0.000133    2.521004 v _223_/D (gf180mcu_fd_sc_mcu7t5v0__dffrnq_1)
                                              2.521004   data arrival time

                                  0.000000    0.000000   clock clk (rise edge)
                                  0.000000    0.000000   clock source latency
     1    0.043671    0.300830    0.152159    0.152159 ^ clk (in)
                                                         clk (net)
                      0.300831    0.000000    0.152159 ^ clkbuf_0_clk/I (gf180mcu_fd_sc_mcu7t5v0__clkbuf_16)
     8    0.196252    0.351884    0.505295    0.657453 ^ clkbuf_0_clk/Z (gf180mcu_fd_sc_mcu7t5v0__clkbuf_16)
                                                         clknet_0_clk (net)
                      0.351901    0.003672    0.661125 ^ clkbuf_3_3__f_clk/I (gf180mcu_fd_sc_mcu7t5v0__clkbuf_16)
     6    0.028726    0.131807    0.359307    1.020433 ^ clkbuf_3_3__f_clk/Z (gf180mcu_fd_sc_mcu7t5v0__clkbuf_16)
                                                         clknet_3_3__leaf_clk (net)
                      0.131807    0.000540    1.020973 ^ _223_/CLK (gf180mcu_fd_sc_mcu7t5v0__dffrnq_1)
                                  0.250000    1.270973   clock uncertainty
                                  0.000000    1.270973   clock reconvergence pessimism
                                  0.128523    1.399495   library hold time
                                              1.399495   data required time
---------------------------------------------------------------------------------------------
                                              1.399495   data required time
                                             -2.521004   data arrival time
---------------------------------------------------------------------------------------------
                                              1.121508   slack (MET)


Startpoint: _227_ (rising edge-triggered flip-flop clocked by clk)
Endpoint: _227_ (rising edge-triggered flip-flop clocked by clk)
Path Group: clk
Path Type: min

Fanout         Cap        Slew       Delay        Time   Description
---------------------------------------------------------------------------------------------
                                  0.000000    0.000000   clock clk (rise edge)
                                  0.000000    0.000000   clock source latency
     1    0.043671    0.300830    0.152159    0.152159 ^ clk (in)
                                                         clk (net)
                      0.300831    0.000000    0.152159 ^ clkbuf_0_clk/I (gf180mcu_fd_sc_mcu7t5v0__clkbuf_16)
     8    0.196252    0.351884    0.505295    0.657453 ^ clkbuf_0_clk/Z (gf180mcu_fd_sc_mcu7t5v0__clkbuf_16)
                                                         clknet_0_clk (net)
                      0.351901    0.003673    0.661126 ^ clkbuf_3_6__f_clk/I (gf180mcu_fd_sc_mcu7t5v0__clkbuf_16)
     6    0.026886    0.129380    0.357159    1.018285 ^ clkbuf_3_6__f_clk/Z (gf180mcu_fd_sc_mcu7t5v0__clkbuf_16)
                                                         clknet_3_6__leaf_clk (net)
                      0.129381    0.000509    1.018794 ^ _227_/CLK (gf180mcu_fd_sc_mcu7t5v0__dffrnq_1)
     2    0.012318    0.234011    1.065462    2.084256 v _227_/Q (gf180mcu_fd_sc_mcu7t5v0__dffrnq_1)
                                                         net19 (net)
                      0.234011    0.000287    2.084543 v _144_/A1 (gf180mcu_fd_sc_mcu7t5v0__nand2_1)
     1    0.007472    0.284768    0.250215    2.334758 ^ _144_/ZN (gf180mcu_fd_sc_mcu7t5v0__nand2_1)
                                                         _056_ (net)
                      0.284768    0.000205    2.334962 ^ _145_/B (gf180mcu_fd_sc_mcu7t5v0__oai21_1)
     1    0.004793    0.183086    0.192817    2.527779 v _145_/ZN (gf180mcu_fd_sc_mcu7t5v0__oai21_1)
                                                         _014_ (net)
                      0.183086    0.000131    2.527910 v _227_/D (gf180mcu_fd_sc_mcu7t5v0__dffrnq_1)
                                              2.527910   data arrival time

                                  0.000000    0.000000   clock clk (rise edge)
                                  0.000000    0.000000   clock source latency
     1    0.043671    0.300830    0.152159    0.152159 ^ clk (in)
                                                         clk (net)
                      0.300831    0.000000    0.152159 ^ clkbuf_0_clk/I (gf180mcu_fd_sc_mcu7t5v0__clkbuf_16)
     8    0.196252    0.351884    0.505295    0.657453 ^ clkbuf_0_clk/Z (gf180mcu_fd_sc_mcu7t5v0__clkbuf_16)
                                                         clknet_0_clk (net)
                      0.351901    0.003673    0.661126 ^ clkbuf_3_6__f_clk/I (gf180mcu_fd_sc_mcu7t5v0__clkbuf_16)
     6    0.026886    0.129380    0.357159    1.018285 ^ clkbuf_3_6__f_clk/Z (gf180mcu_fd_sc_mcu7t5v0__clkbuf_16)
                                                         clknet_3_6__leaf_clk (net)
                      0.129381    0.000509    1.018794 ^ _227_/CLK (gf180mcu_fd_sc_mcu7t5v0__dffrnq_1)
                                  0.250000    1.268794   clock uncertainty
                                  0.000000    1.268794   clock reconvergence pessimism
                                  0.127723    1.396517   library hold time
                                              1.396517   data required time
---------------------------------------------------------------------------------------------
                                              1.396517   data required time
                                             -2.527910   data arrival time
---------------------------------------------------------------------------------------------
                                              1.131393   slack (MET)


Startpoint: _242_ (rising edge-triggered flip-flop clocked by clk)
Endpoint: _242_ (rising edge-triggered flip-flop clocked by clk)
Path Group: clk
Path Type: min

Fanout         Cap        Slew       Delay        Time   Description
---------------------------------------------------------------------------------------------
                                  0.000000    0.000000   clock clk (rise edge)
                                  0.000000    0.000000   clock source latency
     1    0.043671    0.300830    0.152159    0.152159 ^ clk (in)
                                                         clk (net)
                      0.300831    0.000000    0.152159 ^ clkbuf_0_clk/I (gf180mcu_fd_sc_mcu7t5v0__clkbuf_16)
     8    0.196252    0.351884    0.505295    0.657453 ^ clkbuf_0_clk/Z (gf180mcu_fd_sc_mcu7t5v0__clkbuf_16)
                                                         clknet_0_clk (net)
                      0.351901    0.003673    0.661126 ^ clkbuf_3_0__f_clk/I (gf180mcu_fd_sc_mcu7t5v0__clkbuf_16)
     6    0.031840    0.135908    0.362942    1.024068 ^ clkbuf_3_0__f_clk/Z (gf180mcu_fd_sc_mcu7t5v0__clkbuf_16)
                                                         clknet_3_0__leaf_clk (net)
                      0.135908    0.000593    1.024661 ^ _242_/CLK (gf180mcu_fd_sc_mcu7t5v0__dffrnq_1)
     3    0.017089    0.284431    1.106201    2.130861 v _242_/Q (gf180mcu_fd_sc_mcu7t5v0__dffrnq_1)
                                                         cycle_count[3] (net)
                      0.284431    0.000367    2.131228 v _190_/A1 (gf180mcu_fd_sc_mcu7t5v0__nand2_1)
     1    0.004986    0.233610    0.228819    2.360047 ^ _190_/ZN (gf180mcu_fd_sc_mcu7t5v0__nand2_1)
                                                         _087_ (net)
                      0.233610    0.000161    2.360208 ^ _191_/B (gf180mcu_fd_sc_mcu7t5v0__oai31_1)
     1    0.005279    0.203614    0.193537    2.553745 v _191_/ZN (gf180mcu_fd_sc_mcu7t5v0__oai31_1)
                                                         _029_ (net)
                      0.203614    0.000139    2.553883 v _242_/D (gf180mcu_fd_sc_mcu7t5v0__dffrnq_1)
                                              2.553883   data arrival time

                                  0.000000    0.000000   clock clk (rise edge)
                                  0.000000    0.000000   clock source latency
     1    0.043671    0.300830    0.152159    0.152159 ^ clk (in)
                                                         clk (net)
                      0.300831    0.000000    0.152159 ^ clkbuf_0_clk/I (gf180mcu_fd_sc_mcu7t5v0__clkbuf_16)
     8    0.196252    0.351884    0.505295    0.657453 ^ clkbuf_0_clk/Z (gf180mcu_fd_sc_mcu7t5v0__clkbuf_16)
                                                         clknet_0_clk (net)
                      0.351901    0.003673    0.661126 ^ clkbuf_3_0__f_clk/I (gf180mcu_fd_sc_mcu7t5v0__clkbuf_16)
     6    0.031840    0.135908    0.362942    1.024068 ^ clkbuf_3_0__f_clk/Z (gf180mcu_fd_sc_mcu7t5v0__clkbuf_16)
                                                         clknet_3_0__leaf_clk (net)
                      0.135908    0.000593    1.024661 ^ _242_/CLK (gf180mcu_fd_sc_mcu7t5v0__dffrnq_1)
                                  0.250000    1.274661   clock uncertainty
                                  0.000000    1.274661   clock reconvergence pessimism
                                  0.123725    1.398385   library hold time
                                              1.398385   data required time
---------------------------------------------------------------------------------------------
                                              1.398385   data required time
                                             -2.553883   data arrival time
---------------------------------------------------------------------------------------------
                                              1.155498   slack (MET)


Startpoint: _217_ (rising edge-triggered flip-flop clocked by clk)
Endpoint: _217_ (rising edge-triggered flip-flop clocked by clk)
Path Group: clk
Path Type: min

Fanout         Cap        Slew       Delay        Time   Description
---------------------------------------------------------------------------------------------
                                  0.000000    0.000000   clock clk (rise edge)
                                  0.000000    0.000000   clock source latency
     1    0.043671    0.300830    0.152159    0.152159 ^ clk (in)
                                                         clk (net)
                      0.300831    0.000000    0.152159 ^ clkbuf_0_clk/I (gf180mcu_fd_sc_mcu7t5v0__clkbuf_16)
     8    0.196252    0.351884    0.505295    0.657453 ^ clkbuf_0_clk/Z (gf180mcu_fd_sc_mcu7t5v0__clkbuf_16)
                                                         clknet_0_clk (net)
                      0.351901    0.003673    0.661126 ^ clkbuf_3_2__f_clk/I (gf180mcu_fd_sc_mcu7t5v0__clkbuf_16)
     6    0.026864    0.129350    0.357133    1.018258 ^ clkbuf_3_2__f_clk/Z (gf180mcu_fd_sc_mcu7t5v0__clkbuf_16)
                                                         clknet_3_2__leaf_clk (net)
                      0.129351    0.000509    1.018767 ^ _217_/CLK (gf180mcu_fd_sc_mcu7t5v0__dffrnq_1)
     2    0.018892    0.303493    1.119436    2.138203 v _217_/Q (gf180mcu_fd_sc_mcu7t5v0__dffrnq_1)
                                                         net10 (net)
                      0.303493    0.000397    2.138601 v _197_/A1 (gf180mcu_fd_sc_mcu7t5v0__nand2_1)
     1    0.005648    0.251318    0.243804    2.382405 ^ _197_/ZN (gf180mcu_fd_sc_mcu7t5v0__nand2_1)
                                                         _092_ (net)
                      0.251318    0.000174    2.382579 ^ _198_/B (gf180mcu_fd_sc_mcu7t5v0__oai21_1)
     1    0.003888    0.168436    0.177078    2.559657 v _198_/ZN (gf180mcu_fd_sc_mcu7t5v0__oai21_1)
                                                         _031_ (net)
                      0.168436    0.000115    2.559772 v _217_/D (gf180mcu_fd_sc_mcu7t5v0__dffrnq_1)
                                              2.559772   data arrival time

                                  0.000000    0.000000   clock clk (rise edge)
                                  0.000000    0.000000   clock source latency
     1    0.043671    0.300830    0.152159    0.152159 ^ clk (in)
                                                         clk (net)
                      0.300831    0.000000    0.152159 ^ clkbuf_0_clk/I (gf180mcu_fd_sc_mcu7t5v0__clkbuf_16)
     8    0.196252    0.351884    0.505295    0.657453 ^ clkbuf_0_clk/Z (gf180mcu_fd_sc_mcu7t5v0__clkbuf_16)
                                                         clknet_0_clk (net)
                      0.351901    0.003673    0.661126 ^ clkbuf_3_2__f_clk/I (gf180mcu_fd_sc_mcu7t5v0__clkbuf_16)
     6    0.026864    0.129350    0.357133    1.018258 ^ clkbuf_3_2__f_clk/Z (gf180mcu_fd_sc_mcu7t5v0__clkbuf_16)
                                                         clknet_3_2__leaf_clk (net)
                      0.129351    0.000509    1.018767 ^ _217_/CLK (gf180mcu_fd_sc_mcu7t5v0__dffrnq_1)
                                  0.250000    1.268767   clock uncertainty
                                  0.000000    1.268767   clock reconvergence pessimism
                                  0.131640    1.400408   library hold time
                                              1.400408   data required time
---------------------------------------------------------------------------------------------
                                              1.400408   data required time
                                             -2.559772   data arrival time
---------------------------------------------------------------------------------------------
                                              1.159364   slack (MET)


Startpoint: _221_ (rising edge-triggered flip-flop clocked by clk)
Endpoint: _221_ (rising edge-triggered flip-flop clocked by clk)
Path Group: clk
Path Type: min

Fanout         Cap        Slew       Delay        Time   Description
---------------------------------------------------------------------------------------------
                                  0.000000    0.000000   clock clk (rise edge)
                                  0.000000    0.000000   clock source latency
     1    0.043671    0.300830    0.152159    0.152159 ^ clk (in)
                                                         clk (net)
                      0.300831    0.000000    0.152159 ^ clkbuf_0_clk/I (gf180mcu_fd_sc_mcu7t5v0__clkbuf_16)
     8    0.196252    0.351884    0.505295    0.657453 ^ clkbuf_0_clk/Z (gf180mcu_fd_sc_mcu7t5v0__clkbuf_16)
                                                         clknet_0_clk (net)
                      0.351901    0.003673    0.661126 ^ clkbuf_3_2__f_clk/I (gf180mcu_fd_sc_mcu7t5v0__clkbuf_16)
     6    0.026864    0.129350    0.357133    1.018258 ^ clkbuf_3_2__f_clk/Z (gf180mcu_fd_sc_mcu7t5v0__clkbuf_16)
                                                         clknet_3_2__leaf_clk (net)
                      0.129351    0.000509    1.018767 ^ _221_/CLK (gf180mcu_fd_sc_mcu7t5v0__dffrnq_1)
     2    0.011000    0.217838    1.052244    2.071012 v _221_/Q (gf180mcu_fd_sc_mcu7t5v0__dffrnq_1)
                                                         net13 (net)
                      0.217838    0.000264    2.071276 v _204_/A1 (gf180mcu_fd_sc_mcu7t5v0__nand2_1)
     1    0.009633    0.332924    0.277410    2.348686 ^ _204_/ZN (gf180mcu_fd_sc_mcu7t5v0__nand2_1)
                                                         _095_ (net)
                      0.332924    0.000241    2.348927 ^ _205_/B (gf180mcu_fd_sc_mcu7t5v0__oai21_1)
     1    0.006078    0.208014    0.211126    2.560053 v _205_/ZN (gf180mcu_fd_sc_mcu7t5v0__oai21_1)
                                                         _035_ (net)
                      0.208014    0.000152    2.560205 v _221_/D (gf180mcu_fd_sc_mcu7t5v0__dffrnq_1)
                                              2.560205   data arrival time

                                  0.000000    0.000000   clock clk (rise edge)
                                  0.000000    0.000000   clock source latency
     1    0.043671    0.300830    0.152159    0.152159 ^ clk (in)
                                                         clk (net)
                      0.300831    0.000000    0.152159 ^ clkbuf_0_clk/I (gf180mcu_fd_sc_mcu7t5v0__clkbuf_16)
     8    0.196252    0.351884    0.505295    0.657453 ^ clkbuf_0_clk/Z (gf180mcu_fd_sc_mcu7t5v0__clkbuf_16)
                                                         clknet_0_clk (net)
                      0.351901    0.003673    0.661126 ^ clkbuf_3_2__f_clk/I (gf180mcu_fd_sc_mcu7t5v0__clkbuf_16)
     6    0.026864    0.129350    0.357133    1.018258 ^ clkbuf_3_2__f_clk/Z (gf180mcu_fd_sc_mcu7t5v0__clkbuf_16)
                                                         clknet_3_2__leaf_clk (net)
                      0.129351    0.000509    1.018767 ^ _221_/CLK (gf180mcu_fd_sc_mcu7t5v0__dffrnq_1)
                                  0.250000    1.268767   clock uncertainty
                                  0.000000    1.268767   clock reconvergence pessimism
                                  0.121038    1.389805   library hold time
                                              1.389805   data required time
---------------------------------------------------------------------------------------------
                                              1.389805   data required time
                                             -2.560205   data arrival time
---------------------------------------------------------------------------------------------
                                              1.170400   slack (MET)


Startpoint: _241_ (rising edge-triggered flip-flop clocked by clk)
Endpoint: _241_ (rising edge-triggered flip-flop clocked by clk)
Path Group: clk
Path Type: min

Fanout         Cap        Slew       Delay        Time   Description
---------------------------------------------------------------------------------------------
                                  0.000000    0.000000   clock clk (rise edge)
                                  0.000000    0.000000   clock source latency
     1    0.043671    0.300830    0.152159    0.152159 ^ clk (in)
                                                         clk (net)
                      0.300831    0.000000    0.152159 ^ clkbuf_0_clk/I (gf180mcu_fd_sc_mcu7t5v0__clkbuf_16)
     8    0.196252    0.351884    0.505295    0.657453 ^ clkbuf_0_clk/Z (gf180mcu_fd_sc_mcu7t5v0__clkbuf_16)
                                                         clknet_0_clk (net)
                      0.351901    0.003673    0.661126 ^ clkbuf_3_0__f_clk/I (gf180mcu_fd_sc_mcu7t5v0__clkbuf_16)
     6    0.031840    0.135908    0.362942    1.024068 ^ clkbuf_3_0__f_clk/Z (gf180mcu_fd_sc_mcu7t5v0__clkbuf_16)
                                                         clknet_3_0__leaf_clk (net)
                      0.135908    0.000593    1.024661 ^ _241_/CLK (gf180mcu_fd_sc_mcu7t5v0__dffrnq_1)
     3    0.016554    0.278772    1.101808    2.126469 v _241_/Q (gf180mcu_fd_sc_mcu7t5v0__dffrnq_1)
                                                         cycle_count[2] (net)
                      0.278772    0.000348    2.126817 v _112_/I (gf180mcu_fd_sc_mcu7t5v0__clkinv_1)
     1    0.006710    0.239985    0.220622    2.347440 ^ _112_/ZN (gf180mcu_fd_sc_mcu7t5v0__clkinv_1)
                                                         _105_ (net)
                      0.239985    0.000188    2.347628 ^ _189_/B2 (gf180mcu_fd_sc_mcu7t5v0__aoi22_1)
     1    0.006278    0.215728    0.244507    2.592134 v _189_/ZN (gf180mcu_fd_sc_mcu7t5v0__aoi22_1)
                                                         _028_ (net)
                      0.215728    0.000156    2.592290 v _241_/D (gf180mcu_fd_sc_mcu7t5v0__dffrnq_1)
                                              2.592290   data arrival time

                                  0.000000    0.000000   clock clk (rise edge)
                                  0.000000    0.000000   clock source latency
     1    0.043671    0.300830    0.152159    0.152159 ^ clk (in)
                                                         clk (net)
                      0.300831    0.000000    0.152159 ^ clkbuf_0_clk/I (gf180mcu_fd_sc_mcu7t5v0__clkbuf_16)
     8    0.196252    0.351884    0.505295    0.657453 ^ clkbuf_0_clk/Z (gf180mcu_fd_sc_mcu7t5v0__clkbuf_16)
                                                         clknet_0_clk (net)
                      0.351901    0.003673    0.661126 ^ clkbuf_3_0__f_clk/I (gf180mcu_fd_sc_mcu7t5v0__clkbuf_16)
     6    0.031840    0.135908    0.362942    1.024068 ^ clkbuf_3_0__f_clk/Z (gf180mcu_fd_sc_mcu7t5v0__clkbuf_16)
                                                         clknet_3_0__leaf_clk (net)
                      0.135908    0.000593    1.024661 ^ _241_/CLK (gf180mcu_fd_sc_mcu7t5v0__dffrnq_1)
                                  0.250000    1.274661   clock uncertainty
                                  0.000000    1.274661   clock reconvergence pessimism
                                  0.120467    1.395127   library hold time
                                              1.395127   data required time
---------------------------------------------------------------------------------------------
                                              1.395127   data required time
                                             -2.592290   data arrival time
---------------------------------------------------------------------------------------------
                                              1.197163   slack (MET)


Startpoint: _252_ (rising edge-triggered flip-flop clocked by clk)
Endpoint: _243_ (rising edge-triggered flip-flop clocked by clk)
Path Group: clk
Path Type: min

Fanout         Cap        Slew       Delay        Time   Description
---------------------------------------------------------------------------------------------
                                  0.000000    0.000000   clock clk (rise edge)
                                  0.000000    0.000000   clock source latency
     1    0.043671    0.300830    0.152159    0.152159 ^ clk (in)
                                                         clk (net)
                      0.300831    0.000000    0.152159 ^ clkbuf_0_clk/I (gf180mcu_fd_sc_mcu7t5v0__clkbuf_16)
     8    0.196252    0.351884    0.505295    0.657453 ^ clkbuf_0_clk/Z (gf180mcu_fd_sc_mcu7t5v0__clkbuf_16)
                                                         clknet_0_clk (net)
                      0.351901    0.003673    0.661126 ^ clkbuf_3_4__f_clk/I (gf180mcu_fd_sc_mcu7t5v0__clkbuf_16)
     6    0.030171    0.133711    0.360995    1.022120 ^ clkbuf_3_4__f_clk/Z (gf180mcu_fd_sc_mcu7t5v0__clkbuf_16)
                                                         clknet_3_4__leaf_clk (net)
                      0.133712    0.000565    1.022685 ^ _252_/CLK (gf180mcu_fd_sc_mcu7t5v0__dffrnq_1)
     4    0.024350    0.362190    1.165285    2.187969 v _252_/Q (gf180mcu_fd_sc_mcu7t5v0__dffrnq_1)
                                                         s90_pipe[3] (net)
                      0.362190    0.000457    2.188426 v _115_/A1 (gf180mcu_fd_sc_mcu7t5v0__and2_1)
     1    0.005879    0.168165    0.436548    2.624974 v _115_/Z (gf180mcu_fd_sc_mcu7t5v0__and2_1)
                                                         _005_ (net)
                      0.168165    0.000149    2.625123 v _243_/D (gf180mcu_fd_sc_mcu7t5v0__dffrnq_1)
                                              2.625123   data arrival time

                                  0.000000    0.000000   clock clk (rise edge)
                                  0.000000    0.000000   clock source latency
     1    0.043671    0.300830    0.152159    0.152159 ^ clk (in)
                                                         clk (net)
                      0.300831    0.000000    0.152159 ^ clkbuf_0_clk/I (gf180mcu_fd_sc_mcu7t5v0__clkbuf_16)
     8    0.196252    0.351884    0.505295    0.657453 ^ clkbuf_0_clk/Z (gf180mcu_fd_sc_mcu7t5v0__clkbuf_16)
                                                         clknet_0_clk (net)
                      0.351901    0.003673    0.661126 ^ clkbuf_3_5__f_clk/I (gf180mcu_fd_sc_mcu7t5v0__clkbuf_16)
     6    0.029730    0.133130    0.360480    1.021606 ^ clkbuf_3_5__f_clk/Z (gf180mcu_fd_sc_mcu7t5v0__clkbuf_16)
                                                         clknet_3_5__leaf_clk (net)
                      0.133131    0.000557    1.022163 ^ _243_/CLK (gf180mcu_fd_sc_mcu7t5v0__dffrnq_1)
                                  0.250000    1.272163   clock uncertainty
                                  0.000000    1.272163   clock reconvergence pessimism
                                  0.132604    1.404767   library hold time
                                              1.404767   data required time
---------------------------------------------------------------------------------------------
                                              1.404767   data required time
                                             -2.625123   data arrival time
---------------------------------------------------------------------------------------------
                                              1.220356   slack (MET)


Startpoint: _219_ (rising edge-triggered flip-flop clocked by clk)
Endpoint: _219_ (rising edge-triggered flip-flop clocked by clk)
Path Group: clk
Path Type: min

Fanout         Cap        Slew       Delay        Time   Description
---------------------------------------------------------------------------------------------
                                  0.000000    0.000000   clock clk (rise edge)
                                  0.000000    0.000000   clock source latency
     1    0.043671    0.300830    0.152159    0.152159 ^ clk (in)
                                                         clk (net)
                      0.300831    0.000000    0.152159 ^ clkbuf_0_clk/I (gf180mcu_fd_sc_mcu7t5v0__clkbuf_16)
     8    0.196252    0.351884    0.505295    0.657453 ^ clkbuf_0_clk/Z (gf180mcu_fd_sc_mcu7t5v0__clkbuf_16)
                                                         clknet_0_clk (net)
                      0.351901    0.003673    0.661126 ^ clkbuf_3_2__f_clk/I (gf180mcu_fd_sc_mcu7t5v0__clkbuf_16)
     6    0.026864    0.129350    0.357133    1.018258 ^ clkbuf_3_2__f_clk/Z (gf180mcu_fd_sc_mcu7t5v0__clkbuf_16)
                                                         clknet_3_2__leaf_clk (net)
                      0.129351    0.000509    1.018767 ^ _219_/CLK (gf180mcu_fd_sc_mcu7t5v0__dffrnq_1)
     2    0.013106    0.242316    1.071934    2.090701 v _219_/Q (gf180mcu_fd_sc_mcu7t5v0__dffrnq_1)
                                                         net11 (net)
                      0.242316    0.000290    2.090991 v _201_/A2 (gf180mcu_fd_sc_mcu7t5v0__nand3_1)
     1    0.006791    0.373577    0.321021    2.412011 ^ _201_/ZN (gf180mcu_fd_sc_mcu7t5v0__nand3_1)
                                                         _094_ (net)
                      0.373577    0.000191    2.412203 ^ _202_/B (gf180mcu_fd_sc_mcu7t5v0__oai31_1)
     1    0.005003    0.226644    0.210941    2.623144 v _202_/ZN (gf180mcu_fd_sc_mcu7t5v0__oai31_1)
                                                         _033_ (net)
                      0.226644    0.000134    2.623278 v _219_/D (gf180mcu_fd_sc_mcu7t5v0__dffrnq_1)
                                              2.623278   data arrival time

                                  0.000000    0.000000   clock clk (rise edge)
                                  0.000000    0.000000   clock source latency
     1    0.043671    0.300830    0.152159    0.152159 ^ clk (in)
                                                         clk (net)
                      0.300831    0.000000    0.152159 ^ clkbuf_0_clk/I (gf180mcu_fd_sc_mcu7t5v0__clkbuf_16)
     8    0.196252    0.351884    0.505295    0.657453 ^ clkbuf_0_clk/Z (gf180mcu_fd_sc_mcu7t5v0__clkbuf_16)
                                                         clknet_0_clk (net)
                      0.351901    0.003673    0.661126 ^ clkbuf_3_2__f_clk/I (gf180mcu_fd_sc_mcu7t5v0__clkbuf_16)
     6    0.026864    0.129350    0.357133    1.018258 ^ clkbuf_3_2__f_clk/Z (gf180mcu_fd_sc_mcu7t5v0__clkbuf_16)
                                                         clknet_3_2__leaf_clk (net)
                      0.129351    0.000509    1.018767 ^ _219_/CLK (gf180mcu_fd_sc_mcu7t5v0__dffrnq_1)
                                  0.250000    1.268767   clock uncertainty
                                  0.000000    1.268767   clock reconvergence pessimism
                                  0.116047    1.384815   library hold time
                                              1.384815   data required time
---------------------------------------------------------------------------------------------
                                              1.384815   data required time
                                             -2.623278   data arrival time
---------------------------------------------------------------------------------------------
                                              1.238464   slack (MET)


Startpoint: _252_ (rising edge-triggered flip-flop clocked by clk)
Endpoint: _229_ (rising edge-triggered flip-flop clocked by clk)
Path Group: clk
Path Type: min

Fanout         Cap        Slew       Delay        Time   Description
---------------------------------------------------------------------------------------------
                                  0.000000    0.000000   clock clk (rise edge)
                                  0.000000    0.000000   clock source latency
     1    0.043671    0.300830    0.152159    0.152159 ^ clk (in)
                                                         clk (net)
                      0.300831    0.000000    0.152159 ^ clkbuf_0_clk/I (gf180mcu_fd_sc_mcu7t5v0__clkbuf_16)
     8    0.196252    0.351884    0.505295    0.657453 ^ clkbuf_0_clk/Z (gf180mcu_fd_sc_mcu7t5v0__clkbuf_16)
                                                         clknet_0_clk (net)
                      0.351901    0.003673    0.661126 ^ clkbuf_3_4__f_clk/I (gf180mcu_fd_sc_mcu7t5v0__clkbuf_16)
     6    0.030171    0.133711    0.360995    1.022120 ^ clkbuf_3_4__f_clk/Z (gf180mcu_fd_sc_mcu7t5v0__clkbuf_16)
                                                         clknet_3_4__leaf_clk (net)
                      0.133712    0.000565    1.022685 ^ _252_/CLK (gf180mcu_fd_sc_mcu7t5v0__dffrnq_1)
     4    0.024350    0.362190    1.165285    2.187969 v _252_/Q (gf180mcu_fd_sc_mcu7t5v0__dffrnq_1)
                                                         s90_pipe[3] (net)
                      0.362190    0.000483    2.188452 v _149_/A1 (gf180mcu_fd_sc_mcu7t5v0__nand3_1)
     1    0.005099    0.304036    0.292074    2.480526 ^ _149_/ZN (gf180mcu_fd_sc_mcu7t5v0__nand3_1)
                                                         _059_ (net)
                      0.304036    0.000164    2.480690 ^ _151_/B (gf180mcu_fd_sc_mcu7t5v0__oai21_1)
     1    0.004137    0.180350    0.187340    2.668030 v _151_/ZN (gf180mcu_fd_sc_mcu7t5v0__oai21_1)
                                                         _016_ (net)
                      0.180350    0.000119    2.668149 v _229_/D (gf180mcu_fd_sc_mcu7t5v0__dffrnq_1)
                                              2.668149   data arrival time

                                  0.000000    0.000000   clock clk (rise edge)
                                  0.000000    0.000000   clock source latency
     1    0.043671    0.300830    0.152159    0.152159 ^ clk (in)
                                                         clk (net)
                      0.300831    0.000000    0.152159 ^ clkbuf_0_clk/I (gf180mcu_fd_sc_mcu7t5v0__clkbuf_16)
     8    0.196252    0.351884    0.505295    0.657453 ^ clkbuf_0_clk/Z (gf180mcu_fd_sc_mcu7t5v0__clkbuf_16)
                                                         clknet_0_clk (net)
                      0.351901    0.003672    0.661125 ^ clkbuf_3_1__f_clk/I (gf180mcu_fd_sc_mcu7t5v0__clkbuf_16)
     6    0.034246    0.139071    0.365748    1.026873 ^ clkbuf_3_1__f_clk/Z (gf180mcu_fd_sc_mcu7t5v0__clkbuf_16)
                                                         clknet_3_1__leaf_clk (net)
                      0.139072    0.000633    1.027506 ^ _229_/CLK (gf180mcu_fd_sc_mcu7t5v0__dffrnq_1)
                                  0.250000    1.277506   clock uncertainty
                                  0.000000    1.277506   clock reconvergence pessimism
                                  0.130721    1.408227   library hold time
                                              1.408227   data required time
---------------------------------------------------------------------------------------------
                                              1.408227   data required time
                                             -2.668149   data arrival time
---------------------------------------------------------------------------------------------
                                              1.259922   slack (MET)


Startpoint: _240_ (rising edge-triggered flip-flop clocked by clk)
Endpoint: _240_ (rising edge-triggered flip-flop clocked by clk)
Path Group: clk
Path Type: min

Fanout         Cap        Slew       Delay        Time   Description
---------------------------------------------------------------------------------------------
                                  0.000000    0.000000   clock clk (rise edge)
                                  0.000000    0.000000   clock source latency
     1    0.043671    0.300830    0.152159    0.152159 ^ clk (in)
                                                         clk (net)
                      0.300831    0.000000    0.152159 ^ clkbuf_0_clk/I (gf180mcu_fd_sc_mcu7t5v0__clkbuf_16)
     8    0.196252    0.351884    0.505295    0.657453 ^ clkbuf_0_clk/Z (gf180mcu_fd_sc_mcu7t5v0__clkbuf_16)
                                                         clknet_0_clk (net)
                      0.351901    0.003673    0.661126 ^ clkbuf_3_0__f_clk/I (gf180mcu_fd_sc_mcu7t5v0__clkbuf_16)
     6    0.031840    0.135908    0.362942    1.024068 ^ clkbuf_3_0__f_clk/Z (gf180mcu_fd_sc_mcu7t5v0__clkbuf_16)
                                                         clknet_3_0__leaf_clk (net)
                      0.135908    0.000593    1.024661 ^ _240_/CLK (gf180mcu_fd_sc_mcu7t5v0__dffrnq_1)
     4    0.021861    0.335208    1.145379    2.170040 v _240_/Q (gf180mcu_fd_sc_mcu7t5v0__dffrnq_1)
                                                         cycle_count[1] (net)
                      0.335209    0.000438    2.170477 v _111_/I (gf180mcu_fd_sc_mcu7t5v0__clkinv_1)
     2    0.014366    0.404235    0.343576    2.514053 ^ _111_/ZN (gf180mcu_fd_sc_mcu7t5v0__clkinv_1)
                                                         _104_ (net)
                      0.404235    0.000323    2.514377 ^ _183_/A1 (gf180mcu_fd_sc_mcu7t5v0__oai22_1)
     1    0.003703    0.184969    0.154549    2.668926 v _183_/ZN (gf180mcu_fd_sc_mcu7t5v0__oai22_1)
                                                         _027_ (net)
                      0.184969    0.000112    2.669038 v _240_/D (gf180mcu_fd_sc_mcu7t5v0__dffrnq_1)
                                              2.669038   data arrival time

                                  0.000000    0.000000   clock clk (rise edge)
                                  0.000000    0.000000   clock source latency
     1    0.043671    0.300830    0.152159    0.152159 ^ clk (in)
                                                         clk (net)
                      0.300831    0.000000    0.152159 ^ clkbuf_0_clk/I (gf180mcu_fd_sc_mcu7t5v0__clkbuf_16)
     8    0.196252    0.351884    0.505295    0.657453 ^ clkbuf_0_clk/Z (gf180mcu_fd_sc_mcu7t5v0__clkbuf_16)
                                                         clknet_0_clk (net)
                      0.351901    0.003673    0.661126 ^ clkbuf_3_0__f_clk/I (gf180mcu_fd_sc_mcu7t5v0__clkbuf_16)
     6    0.031840    0.135908    0.362942    1.024068 ^ clkbuf_3_0__f_clk/Z (gf180mcu_fd_sc_mcu7t5v0__clkbuf_16)
                                                         clknet_3_0__leaf_clk (net)
                      0.135908    0.000593    1.024661 ^ _240_/CLK (gf180mcu_fd_sc_mcu7t5v0__dffrnq_1)
                                  0.250000    1.274661   clock uncertainty
                                  0.000000    1.274661   clock reconvergence pessimism
                                  0.128739    1.403400   library hold time
                                              1.403400   data required time
---------------------------------------------------------------------------------------------
                                              1.403400   data required time
                                             -2.669038   data arrival time
---------------------------------------------------------------------------------------------
                                              1.265638   slack (MET)


Startpoint: _218_ (rising edge-triggered flip-flop clocked by clk)
Endpoint: _218_ (rising edge-triggered flip-flop clocked by clk)
Path Group: clk
Path Type: min

Fanout         Cap        Slew       Delay        Time   Description
---------------------------------------------------------------------------------------------
                                  0.000000    0.000000   clock clk (rise edge)
                                  0.000000    0.000000   clock source latency
     1    0.043671    0.300830    0.152159    0.152159 ^ clk (in)
                                                         clk (net)
                      0.300831    0.000000    0.152159 ^ clkbuf_0_clk/I (gf180mcu_fd_sc_mcu7t5v0__clkbuf_16)
     8    0.196252    0.351884    0.505295    0.657453 ^ clkbuf_0_clk/Z (gf180mcu_fd_sc_mcu7t5v0__clkbuf_16)
                                                         clknet_0_clk (net)
                      0.351901    0.003673    0.661126 ^ clkbuf_3_2__f_clk/I (gf180mcu_fd_sc_mcu7t5v0__clkbuf_16)
     6    0.026864    0.129350    0.357133    1.018258 ^ clkbuf_3_2__f_clk/Z (gf180mcu_fd_sc_mcu7t5v0__clkbuf_16)
                                                         clknet_3_2__leaf_clk (net)
                      0.129351    0.000509    1.018767 ^ _218_/CLK (gf180mcu_fd_sc_mcu7t5v0__dffrnq_1)
     2    0.013405    0.245465    1.074387    2.093155 v _218_/Q (gf180mcu_fd_sc_mcu7t5v0__dffrnq_1)
                                                         net7 (net)
                      0.245465    0.000300    2.093455 v _199_/A1 (gf180mcu_fd_sc_mcu7t5v0__nor2_1)
     1    0.004646    0.372400    0.289065    2.382519 ^ _199_/ZN (gf180mcu_fd_sc_mcu7t5v0__nor2_1)
                                                         _093_ (net)
                      0.372400    0.000146    2.382665 ^ _200_/A3 (gf180mcu_fd_sc_mcu7t5v0__nor3_1)
     1    0.004856    0.279022    0.260555    2.643220 v _200_/ZN (gf180mcu_fd_sc_mcu7t5v0__nor3_1)
                                                         _032_ (net)
                      0.279022    0.000132    2.643352 v _218_/D (gf180mcu_fd_sc_mcu7t5v0__dffrnq_1)
                                              2.643352   data arrival time

                                  0.000000    0.000000   clock clk (rise edge)
                                  0.000000    0.000000   clock source latency
     1    0.043671    0.300830    0.152159    0.152159 ^ clk (in)
                                                         clk (net)
                      0.300831    0.000000    0.152159 ^ clkbuf_0_clk/I (gf180mcu_fd_sc_mcu7t5v0__clkbuf_16)
     8    0.196252    0.351884    0.505295    0.657453 ^ clkbuf_0_clk/Z (gf180mcu_fd_sc_mcu7t5v0__clkbuf_16)
                                                         clknet_0_clk (net)
                      0.351901    0.003673    0.661126 ^ clkbuf_3_2__f_clk/I (gf180mcu_fd_sc_mcu7t5v0__clkbuf_16)
     6    0.026864    0.129350    0.357133    1.018258 ^ clkbuf_3_2__f_clk/Z (gf180mcu_fd_sc_mcu7t5v0__clkbuf_16)
                                                         clknet_3_2__leaf_clk (net)
                      0.129351    0.000509    1.018767 ^ _218_/CLK (gf180mcu_fd_sc_mcu7t5v0__dffrnq_1)
                                  0.250000    1.268767   clock uncertainty
                                  0.000000    1.268767   clock reconvergence pessimism
                                  0.102016    1.370783   library hold time
                                              1.370783   data required time
---------------------------------------------------------------------------------------------
                                              1.370783   data required time
                                             -2.643352   data arrival time
---------------------------------------------------------------------------------------------
                                              1.272569   slack (MET)


Startpoint: _256_ (rising edge-triggered flip-flop clocked by clk)
Endpoint: _244_ (rising edge-triggered flip-flop clocked by clk)
Path Group: clk
Path Type: min

Fanout         Cap        Slew       Delay        Time   Description
---------------------------------------------------------------------------------------------
                                  0.000000    0.000000   clock clk (rise edge)
                                  0.000000    0.000000   clock source latency
     1    0.043671    0.300830    0.152159    0.152159 ^ clk (in)
                                                         clk (net)
                      0.300831    0.000000    0.152159 ^ clkbuf_0_clk/I (gf180mcu_fd_sc_mcu7t5v0__clkbuf_16)
     8    0.196252    0.351884    0.505295    0.657453 ^ clkbuf_0_clk/Z (gf180mcu_fd_sc_mcu7t5v0__clkbuf_16)
                                                         clknet_0_clk (net)
                      0.351901    0.003673    0.661126 ^ clkbuf_3_5__f_clk/I (gf180mcu_fd_sc_mcu7t5v0__clkbuf_16)
     6    0.029730    0.133130    0.360480    1.021606 ^ clkbuf_3_5__f_clk/Z (gf180mcu_fd_sc_mcu7t5v0__clkbuf_16)
                                                         clknet_3_5__leaf_clk (net)
                      0.133131    0.000557    1.022163 ^ _256_/CLK (gf180mcu_fd_sc_mcu7t5v0__dffrnq_1)
     3    0.027389    0.395478    1.190072    2.212235 v _256_/Q (gf180mcu_fd_sc_mcu7t5v0__dffrnq_1)
                                                         s270_pipe[3] (net)
                      0.395479    0.000508    2.212743 v _128_/A2 (gf180mcu_fd_sc_mcu7t5v0__and2_1)
     1    0.005185    0.162141    0.468995    2.681737 v _128_/Z (gf180mcu_fd_sc_mcu7t5v0__and2_1)
                                                         _004_ (net)
                      0.162141    0.000137    2.681874 v _244_/D (gf180mcu_fd_sc_mcu7t5v0__dffrnq_1)
                                              2.681874   data arrival time

                                  0.000000    0.000000   clock clk (rise edge)
                                  0.000000    0.000000   clock source latency
     1    0.043671    0.300830    0.152159    0.152159 ^ clk (in)
                                                         clk (net)
                      0.300831    0.000000    0.152159 ^ clkbuf_0_clk/I (gf180mcu_fd_sc_mcu7t5v0__clkbuf_16)
     8    0.196252    0.351884    0.505295    0.657453 ^ clkbuf_0_clk/Z (gf180mcu_fd_sc_mcu7t5v0__clkbuf_16)
                                                         clknet_0_clk (net)
                      0.351901    0.003673    0.661126 ^ clkbuf_3_7__f_clk/I (gf180mcu_fd_sc_mcu7t5v0__clkbuf_16)
     6    0.028080    0.130955    0.358553    1.019679 ^ clkbuf_3_7__f_clk/Z (gf180mcu_fd_sc_mcu7t5v0__clkbuf_16)
                                                         clknet_3_7__leaf_clk (net)
                      0.130956    0.000529    1.020208 ^ _244_/CLK (gf180mcu_fd_sc_mcu7t5v0__dffrnq_1)
                                  0.250000    1.270208   clock uncertainty
                                  0.000000    1.270208   clock reconvergence pessimism
                                  0.133706    1.403915   library hold time
                                              1.403915   data required time
---------------------------------------------------------------------------------------------
                                              1.403915   data required time
                                             -2.681874   data arrival time
---------------------------------------------------------------------------------------------
                                              1.277959   slack (MET)


Startpoint: _230_ (rising edge-triggered flip-flop clocked by clk)
Endpoint: _230_ (rising edge-triggered flip-flop clocked by clk)
Path Group: clk
Path Type: min

Fanout         Cap        Slew       Delay        Time   Description
---------------------------------------------------------------------------------------------
                                  0.000000    0.000000   clock clk (rise edge)
                                  0.000000    0.000000   clock source latency
     1    0.043671    0.300830    0.152159    0.152159 ^ clk (in)
                                                         clk (net)
                      0.300831    0.000000    0.152159 ^ clkbuf_0_clk/I (gf180mcu_fd_sc_mcu7t5v0__clkbuf_16)
     8    0.196252    0.351884    0.505295    0.657453 ^ clkbuf_0_clk/Z (gf180mcu_fd_sc_mcu7t5v0__clkbuf_16)
                                                         clknet_0_clk (net)
                      0.351901    0.003672    0.661125 ^ clkbuf_3_1__f_clk/I (gf180mcu_fd_sc_mcu7t5v0__clkbuf_16)
     6    0.034246    0.139071    0.365748    1.026873 ^ clkbuf_3_1__f_clk/Z (gf180mcu_fd_sc_mcu7t5v0__clkbuf_16)
                                                         clknet_3_1__leaf_clk (net)
                      0.139072    0.000633    1.027506 ^ _230_/CLK (gf180mcu_fd_sc_mcu7t5v0__dffrnq_1)
     3    0.020671    0.322415    1.136343    2.163849 v _230_/Q (gf180mcu_fd_sc_mcu7t5v0__dffrnq_1)
                                                         s90_valid (net)
                      0.322416    0.000418    2.164267 v _153_/A2 (gf180mcu_fd_sc_mcu7t5v0__nor2_1)
     1    0.005945    0.432308    0.364819    2.529086 ^ _153_/ZN (gf180mcu_fd_sc_mcu7t5v0__nor2_1)
                                                         _062_ (net)
                      0.432308    0.000170    2.529256 ^ _154_/A2 (gf180mcu_fd_sc_mcu7t5v0__nor2_1)
     1    0.004068    0.221556    0.204269    2.733526 v _154_/ZN (gf180mcu_fd_sc_mcu7t5v0__nor2_1)
                                                         _017_ (net)
                      0.221556    0.000118    2.733644 v _230_/D (gf180mcu_fd_sc_mcu7t5v0__dffrnq_1)
                                              2.733644   data arrival time

                                  0.000000    0.000000   clock clk (rise edge)
                                  0.000000    0.000000   clock source latency
     1    0.043671    0.300830    0.152159    0.152159 ^ clk (in)
                                                         clk (net)
                      0.300831    0.000000    0.152159 ^ clkbuf_0_clk/I (gf180mcu_fd_sc_mcu7t5v0__clkbuf_16)
     8    0.196252    0.351884    0.505295    0.657453 ^ clkbuf_0_clk/Z (gf180mcu_fd_sc_mcu7t5v0__clkbuf_16)
                                                         clknet_0_clk (net)
                      0.351901    0.003672    0.661125 ^ clkbuf_3_1__f_clk/I (gf180mcu_fd_sc_mcu7t5v0__clkbuf_16)
     6    0.034246    0.139071    0.365748    1.026873 ^ clkbuf_3_1__f_clk/Z (gf180mcu_fd_sc_mcu7t5v0__clkbuf_16)
                                                         clknet_3_1__leaf_clk (net)
                      0.139072    0.000633    1.027506 ^ _230_/CLK (gf180mcu_fd_sc_mcu7t5v0__dffrnq_1)
                                  0.250000    1.277506   clock uncertainty
                                  0.000000    1.277506   clock reconvergence pessimism
                                  0.119618    1.397124   library hold time
                                              1.397124   data required time
---------------------------------------------------------------------------------------------
                                              1.397124   data required time
                                             -2.733644   data arrival time
---------------------------------------------------------------------------------------------
                                              1.336520   slack (MET)


Startpoint: _239_ (rising edge-triggered flip-flop clocked by clk)
Endpoint: _239_ (rising edge-triggered flip-flop clocked by clk)
Path Group: clk
Path Type: min

Fanout         Cap        Slew       Delay        Time   Description
---------------------------------------------------------------------------------------------
                                  0.000000    0.000000   clock clk (rise edge)
                                  0.000000    0.000000   clock source latency
     1    0.043671    0.300830    0.152159    0.152159 ^ clk (in)
                                                         clk (net)
                      0.300831    0.000000    0.152159 ^ clkbuf_0_clk/I (gf180mcu_fd_sc_mcu7t5v0__clkbuf_16)
     8    0.196252    0.351884    0.505295    0.657453 ^ clkbuf_0_clk/Z (gf180mcu_fd_sc_mcu7t5v0__clkbuf_16)
                                                         clknet_0_clk (net)
                      0.351901    0.003673    0.661126 ^ clkbuf_3_0__f_clk/I (gf180mcu_fd_sc_mcu7t5v0__clkbuf_16)
     6    0.031840    0.135908    0.362942    1.024068 ^ clkbuf_3_0__f_clk/Z (gf180mcu_fd_sc_mcu7t5v0__clkbuf_16)
                                                         clknet_3_0__leaf_clk (net)
                      0.135908    0.000593    1.024660 ^ _239_/CLK (gf180mcu_fd_sc_mcu7t5v0__dffrnq_1)
     6    0.034960    0.481072    1.248794    2.273454 v _239_/Q (gf180mcu_fd_sc_mcu7t5v0__dffrnq_1)
                                                         cycle_count[0] (net)
                      0.481073    0.000658    2.274112 v _179_/A2 (gf180mcu_fd_sc_mcu7t5v0__nand3_1)
     1    0.006364    0.334532    0.388602    2.662714 ^ _179_/ZN (gf180mcu_fd_sc_mcu7t5v0__nand3_1)
                                                         _079_ (net)
                      0.334532    0.000186    2.662900 ^ _181_/B (gf180mcu_fd_sc_mcu7t5v0__oai21_1)
     1    0.005325    0.199926    0.202775    2.865675 v _181_/ZN (gf180mcu_fd_sc_mcu7t5v0__oai21_1)
                                                         _026_ (net)
                      0.199926    0.000139    2.865814 v _239_/D (gf180mcu_fd_sc_mcu7t5v0__dffrnq_1)
                                              2.865814   data arrival time

                                  0.000000    0.000000   clock clk (rise edge)
                                  0.000000    0.000000   clock source latency
     1    0.043671    0.300830    0.152159    0.152159 ^ clk (in)
                                                         clk (net)
                      0.300831    0.000000    0.152159 ^ clkbuf_0_clk/I (gf180mcu_fd_sc_mcu7t5v0__clkbuf_16)
     8    0.196252    0.351884    0.505295    0.657453 ^ clkbuf_0_clk/Z (gf180mcu_fd_sc_mcu7t5v0__clkbuf_16)
                                                         clknet_0_clk (net)
                      0.351901    0.003673    0.661126 ^ clkbuf_3_0__f_clk/I (gf180mcu_fd_sc_mcu7t5v0__clkbuf_16)
     6    0.031840    0.135908    0.362942    1.024068 ^ clkbuf_3_0__f_clk/Z (gf180mcu_fd_sc_mcu7t5v0__clkbuf_16)
                                                         clknet_3_0__leaf_clk (net)
                      0.135908    0.000593    1.024660 ^ _239_/CLK (gf180mcu_fd_sc_mcu7t5v0__dffrnq_1)
                                  0.250000    1.274660   clock uncertainty
                                  0.000000    1.274660   clock reconvergence pessimism
                                  0.124717    1.399377   library hold time
                                              1.399377   data required time
---------------------------------------------------------------------------------------------
                                              1.399377   data required time
                                             -2.865814   data arrival time
---------------------------------------------------------------------------------------------
                                              1.466437   slack (MET)


Startpoint: _238_ (rising edge-triggered flip-flop clocked by clk)
Endpoint: _238_ (rising edge-triggered flip-flop clocked by clk)
Path Group: clk
Path Type: min

Fanout         Cap        Slew       Delay        Time   Description
---------------------------------------------------------------------------------------------
                                  0.000000    0.000000   clock clk (rise edge)
                                  0.000000    0.000000   clock source latency
     1    0.043671    0.300830    0.152159    0.152159 ^ clk (in)
                                                         clk (net)
                      0.300831    0.000000    0.152159 ^ clkbuf_0_clk/I (gf180mcu_fd_sc_mcu7t5v0__clkbuf_16)
     8    0.196252    0.351884    0.505295    0.657453 ^ clkbuf_0_clk/Z (gf180mcu_fd_sc_mcu7t5v0__clkbuf_16)
                                                         clknet_0_clk (net)
                      0.351901    0.003672    0.661125 ^ clkbuf_3_1__f_clk/I (gf180mcu_fd_sc_mcu7t5v0__clkbuf_16)
     6    0.034246    0.139071    0.365748    1.026873 ^ clkbuf_3_1__f_clk/Z (gf180mcu_fd_sc_mcu7t5v0__clkbuf_16)
                                                         clknet_3_1__leaf_clk (net)
                      0.139072    0.000633    1.027506 ^ _238_/CLK (gf180mcu_fd_sc_mcu7t5v0__dffrnq_1)
     2    0.016341    0.276519    1.100806    2.128312 v _238_/Q (gf180mcu_fd_sc_mcu7t5v0__dffrnq_1)
                                                         cnt_out[3] (net)
                      0.276519    0.000399    2.128711 v _146_/A1 (gf180mcu_fd_sc_mcu7t5v0__xor2_1)
     2    0.011693    0.715816    0.502302    2.631013 ^ _146_/Z (gf180mcu_fd_sc_mcu7t5v0__xor2_1)
                                                         _057_ (net)
                      0.715816    0.000267    2.631280 ^ _178_/A2 (gf180mcu_fd_sc_mcu7t5v0__nor2_1)
     1    0.006269    0.279392    0.273867    2.905147 v _178_/ZN (gf180mcu_fd_sc_mcu7t5v0__nor2_1)
                                                         _025_ (net)
                      0.279392    0.000155    2.905302 v _238_/D (gf180mcu_fd_sc_mcu7t5v0__dffrnq_1)
                                              2.905302   data arrival time

                                  0.000000    0.000000   clock clk (rise edge)
                                  0.000000    0.000000   clock source latency
     1    0.043671    0.300830    0.152159    0.152159 ^ clk (in)
                                                         clk (net)
                      0.300831    0.000000    0.152159 ^ clkbuf_0_clk/I (gf180mcu_fd_sc_mcu7t5v0__clkbuf_16)
     8    0.196252    0.351884    0.505295    0.657453 ^ clkbuf_0_clk/Z (gf180mcu_fd_sc_mcu7t5v0__clkbuf_16)
                                                         clknet_0_clk (net)
                      0.351901    0.003672    0.661125 ^ clkbuf_3_1__f_clk/I (gf180mcu_fd_sc_mcu7t5v0__clkbuf_16)
     6    0.034246    0.139071    0.365748    1.026873 ^ clkbuf_3_1__f_clk/Z (gf180mcu_fd_sc_mcu7t5v0__clkbuf_16)
                                                         clknet_3_1__leaf_clk (net)
                      0.139072    0.000633    1.027506 ^ _238_/CLK (gf180mcu_fd_sc_mcu7t5v0__dffrnq_1)
                                  0.250000    1.277506   clock uncertainty
                                  0.000000    1.277506   clock reconvergence pessimism
                                  0.104033    1.381539   library hold time
                                              1.381539   data required time
---------------------------------------------------------------------------------------------
                                              1.381539   data required time
                                             -2.905302   data arrival time
---------------------------------------------------------------------------------------------
                                              1.523763   slack (MET)


Startpoint: _237_ (rising edge-triggered flip-flop clocked by clk)
Endpoint: _237_ (rising edge-triggered flip-flop clocked by clk)
Path Group: clk
Path Type: min

Fanout         Cap        Slew       Delay        Time   Description
---------------------------------------------------------------------------------------------
                                  0.000000    0.000000   clock clk (rise edge)
                                  0.000000    0.000000   clock source latency
     1    0.043671    0.300830    0.152159    0.152159 ^ clk (in)
                                                         clk (net)
                      0.300831    0.000000    0.152159 ^ clkbuf_0_clk/I (gf180mcu_fd_sc_mcu7t5v0__clkbuf_16)
     8    0.196252    0.351884    0.505295    0.657453 ^ clkbuf_0_clk/Z (gf180mcu_fd_sc_mcu7t5v0__clkbuf_16)
                                                         clknet_0_clk (net)
                      0.351901    0.003673    0.661126 ^ clkbuf_3_7__f_clk/I (gf180mcu_fd_sc_mcu7t5v0__clkbuf_16)
     6    0.028080    0.130955    0.358553    1.019679 ^ clkbuf_3_7__f_clk/Z (gf180mcu_fd_sc_mcu7t5v0__clkbuf_16)
                                                         clknet_3_7__leaf_clk (net)
                      0.130956    0.000529    1.020209 ^ _237_/CLK (gf180mcu_fd_sc_mcu7t5v0__dffrnq_1)
     3    0.022624    0.343442    1.150419    2.170628 v _237_/Q (gf180mcu_fd_sc_mcu7t5v0__dffrnq_1)
                                                         cnt_out[2] (net)
                      0.343443    0.000498    2.171126 v _141_/A1 (gf180mcu_fd_sc_mcu7t5v0__xnor2_1)
     2    0.012576    0.571840    0.622697    2.793823 ^ _141_/ZN (gf180mcu_fd_sc_mcu7t5v0__xnor2_1)
                                                         _053_ (net)
                      0.571840    0.000286    2.794109 ^ _177_/A1 (gf180mcu_fd_sc_mcu7t5v0__nor2_1)
     1    0.004261    0.226486    0.182027    2.976136 v _177_/ZN (gf180mcu_fd_sc_mcu7t5v0__nor2_1)
                                                         _024_ (net)
                      0.226486    0.000122    2.976258 v _237_/D (gf180mcu_fd_sc_mcu7t5v0__dffrnq_1)
                                              2.976258   data arrival time

                                  0.000000    0.000000   clock clk (rise edge)
                                  0.000000    0.000000   clock source latency
     1    0.043671    0.300830    0.152159    0.152159 ^ clk (in)
                                                         clk (net)
                      0.300831    0.000000    0.152159 ^ clkbuf_0_clk/I (gf180mcu_fd_sc_mcu7t5v0__clkbuf_16)
     8    0.196252    0.351884    0.505295    0.657453 ^ clkbuf_0_clk/Z (gf180mcu_fd_sc_mcu7t5v0__clkbuf_16)
                                                         clknet_0_clk (net)
                      0.351901    0.003673    0.661126 ^ clkbuf_3_7__f_clk/I (gf180mcu_fd_sc_mcu7t5v0__clkbuf_16)
     6    0.028080    0.130955    0.358553    1.019679 ^ clkbuf_3_7__f_clk/Z (gf180mcu_fd_sc_mcu7t5v0__clkbuf_16)
                                                         clknet_3_7__leaf_clk (net)
                      0.130956    0.000529    1.020209 ^ _237_/CLK (gf180mcu_fd_sc_mcu7t5v0__dffrnq_1)
                                  0.250000    1.270209   clock uncertainty
                                  0.000000    1.270209   clock reconvergence pessimism
                                  0.116453    1.386661   library hold time
                                              1.386661   data required time
---------------------------------------------------------------------------------------------
                                              1.386661   data required time
                                             -2.976258   data arrival time
---------------------------------------------------------------------------------------------
                                              1.589596   slack (MET)


Startpoint: _236_ (rising edge-triggered flip-flop clocked by clk)
Endpoint: _236_ (rising edge-triggered flip-flop clocked by clk)
Path Group: clk
Path Type: min

Fanout         Cap        Slew       Delay        Time   Description
---------------------------------------------------------------------------------------------
                                  0.000000    0.000000   clock clk (rise edge)
                                  0.000000    0.000000   clock source latency
     1    0.043671    0.300830    0.152159    0.152159 ^ clk (in)
                                                         clk (net)
                      0.300831    0.000000    0.152159 ^ clkbuf_0_clk/I (gf180mcu_fd_sc_mcu7t5v0__clkbuf_16)
     8    0.196252    0.351884    0.505295    0.657453 ^ clkbuf_0_clk/Z (gf180mcu_fd_sc_mcu7t5v0__clkbuf_16)
                                                         clknet_0_clk (net)
                      0.351901    0.003673    0.661126 ^ clkbuf_3_4__f_clk/I (gf180mcu_fd_sc_mcu7t5v0__clkbuf_16)
     6    0.030171    0.133711    0.360995    1.022120 ^ clkbuf_3_4__f_clk/Z (gf180mcu_fd_sc_mcu7t5v0__clkbuf_16)
                                                         clknet_3_4__leaf_clk (net)
                      0.133712    0.000565    1.022685 ^ _236_/CLK (gf180mcu_fd_sc_mcu7t5v0__dffrnq_1)
     3    0.020701    0.322741    1.135293    2.157978 v _236_/Q (gf180mcu_fd_sc_mcu7t5v0__dffrnq_1)
                                                         cnt_out[1] (net)
                      0.322742    0.000473    2.158451 v _175_/A1 (gf180mcu_fd_sc_mcu7t5v0__xor2_1)
     2    0.014872    0.853691    0.597391    2.755842 ^ _175_/Z (gf180mcu_fd_sc_mcu7t5v0__xor2_1)
                                                         _078_ (net)
                      0.853691    0.000320    2.756162 ^ _176_/A2 (gf180mcu_fd_sc_mcu7t5v0__nor2_1)
     1    0.004423    0.246842    0.247848    3.004011 v _176_/ZN (gf180mcu_fd_sc_mcu7t5v0__nor2_1)
                                                         _023_ (net)
                      0.246842    0.000124    3.004135 v _236_/D (gf180mcu_fd_sc_mcu7t5v0__dffrnq_1)
                                              3.004135   data arrival time

                                  0.000000    0.000000   clock clk (rise edge)
                                  0.000000    0.000000   clock source latency
     1    0.043671    0.300830    0.152159    0.152159 ^ clk (in)
                                                         clk (net)
                      0.300831    0.000000    0.152159 ^ clkbuf_0_clk/I (gf180mcu_fd_sc_mcu7t5v0__clkbuf_16)
     8    0.196252    0.351884    0.505295    0.657453 ^ clkbuf_0_clk/Z (gf180mcu_fd_sc_mcu7t5v0__clkbuf_16)
                                                         clknet_0_clk (net)
                      0.351901    0.003673    0.661126 ^ clkbuf_3_4__f_clk/I (gf180mcu_fd_sc_mcu7t5v0__clkbuf_16)
     6    0.030171    0.133711    0.360995    1.022120 ^ clkbuf_3_4__f_clk/Z (gf180mcu_fd_sc_mcu7t5v0__clkbuf_16)
                                                         clknet_3_4__leaf_clk (net)
                      0.133712    0.000565    1.022685 ^ _236_/CLK (gf180mcu_fd_sc_mcu7t5v0__dffrnq_1)
                                  0.250000    1.272685   clock uncertainty
                                  0.000000    1.272685   clock reconvergence pessimism
                                  0.111609    1.384294   library hold time
                                              1.384294   data required time
---------------------------------------------------------------------------------------------
                                              1.384294   data required time
                                             -3.004135   data arrival time
---------------------------------------------------------------------------------------------
                                              1.619841   slack (MET)


Startpoint: _232_ (rising edge-triggered flip-flop clocked by clk)
Endpoint: _232_ (rising edge-triggered flip-flop clocked by clk)
Path Group: clk
Path Type: min

Fanout         Cap        Slew       Delay        Time   Description
---------------------------------------------------------------------------------------------
                                  0.000000    0.000000   clock clk (rise edge)
                                  0.000000    0.000000   clock source latency
     1    0.043671    0.300830    0.152159    0.152159 ^ clk (in)
                                                         clk (net)
                      0.300831    0.000000    0.152159 ^ clkbuf_0_clk/I (gf180mcu_fd_sc_mcu7t5v0__clkbuf_16)
     8    0.196252    0.351884    0.505295    0.657453 ^ clkbuf_0_clk/Z (gf180mcu_fd_sc_mcu7t5v0__clkbuf_16)
                                                         clknet_0_clk (net)
                      0.351901    0.003673    0.661126 ^ clkbuf_3_0__f_clk/I (gf180mcu_fd_sc_mcu7t5v0__clkbuf_16)
     6    0.031840    0.135908    0.362942    1.024068 ^ clkbuf_3_0__f_clk/Z (gf180mcu_fd_sc_mcu7t5v0__clkbuf_16)
                                                         clknet_3_0__leaf_clk (net)
                      0.135908    0.000593    1.024660 ^ _232_/CLK (gf180mcu_fd_sc_mcu7t5v0__dffrnq_1)
     3    0.023806    0.356266    1.161318    2.185979 v _232_/Q (gf180mcu_fd_sc_mcu7t5v0__dffrnq_1)
                                                         cnt_in[1] (net)
                      0.356267    0.000525    2.186504 v _163_/A1 (gf180mcu_fd_sc_mcu7t5v0__xor2_1)
     2    0.014141    0.822702    0.588574    2.775078 ^ _163_/Z (gf180mcu_fd_sc_mcu7t5v0__xor2_1)
                                                         _070_ (net)
                      0.822702    0.000308    2.775386 ^ _164_/A2 (gf180mcu_fd_sc_mcu7t5v0__nor2_1)
     1    0.003796    0.236264    0.234873    3.010259 v _164_/ZN (gf180mcu_fd_sc_mcu7t5v0__nor2_1)
                                                         _019_ (net)
                      0.236264    0.000114    3.010372 v _232_/D (gf180mcu_fd_sc_mcu7t5v0__dffrnq_1)
                                              3.010372   data arrival time

                                  0.000000    0.000000   clock clk (rise edge)
                                  0.000000    0.000000   clock source latency
     1    0.043671    0.300830    0.152159    0.152159 ^ clk (in)
                                                         clk (net)
                      0.300831    0.000000    0.152159 ^ clkbuf_0_clk/I (gf180mcu_fd_sc_mcu7t5v0__clkbuf_16)
     8    0.196252    0.351884    0.505295    0.657453 ^ clkbuf_0_clk/Z (gf180mcu_fd_sc_mcu7t5v0__clkbuf_16)
                                                         clknet_0_clk (net)
                      0.351901    0.003673    0.661126 ^ clkbuf_3_0__f_clk/I (gf180mcu_fd_sc_mcu7t5v0__clkbuf_16)
     6    0.031840    0.135908    0.362942    1.024068 ^ clkbuf_3_0__f_clk/Z (gf180mcu_fd_sc_mcu7t5v0__clkbuf_16)
                                                         clknet_3_0__leaf_clk (net)
                      0.135908    0.000593    1.024660 ^ _232_/CLK (gf180mcu_fd_sc_mcu7t5v0__dffrnq_1)
                                  0.250000    1.274660   clock uncertainty
                                  0.000000    1.274660   clock reconvergence pessimism
                                  0.114944    1.389604   library hold time
                                              1.389604   data required time
---------------------------------------------------------------------------------------------
                                              1.389604   data required time
                                             -3.010372   data arrival time
---------------------------------------------------------------------------------------------
                                              1.620768   slack (MET)


Startpoint: _234_ (rising edge-triggered flip-flop clocked by clk)
Endpoint: _234_ (rising edge-triggered flip-flop clocked by clk)
Path Group: clk
Path Type: min

Fanout         Cap        Slew       Delay        Time   Description
---------------------------------------------------------------------------------------------
                                  0.000000    0.000000   clock clk (rise edge)
                                  0.000000    0.000000   clock source latency
     1    0.043671    0.300830    0.152159    0.152159 ^ clk (in)
                                                         clk (net)
                      0.300831    0.000000    0.152159 ^ clkbuf_0_clk/I (gf180mcu_fd_sc_mcu7t5v0__clkbuf_16)
     8    0.196252    0.351884    0.505295    0.657453 ^ clkbuf_0_clk/Z (gf180mcu_fd_sc_mcu7t5v0__clkbuf_16)
                                                         clknet_0_clk (net)
                      0.351901    0.003672    0.661125 ^ clkbuf_3_3__f_clk/I (gf180mcu_fd_sc_mcu7t5v0__clkbuf_16)
     6    0.028726    0.131807    0.359307    1.020433 ^ clkbuf_3_3__f_clk/Z (gf180mcu_fd_sc_mcu7t5v0__clkbuf_16)
                                                         clknet_3_3__leaf_clk (net)
                      0.131807    0.000540    1.020973 ^ _234_/CLK (gf180mcu_fd_sc_mcu7t5v0__dffrnq_1)
     2    0.017849    0.292462    1.111446    2.132419 v _234_/Q (gf180mcu_fd_sc_mcu7t5v0__dffrnq_1)
                                                         cnt_in[3] (net)
                      0.292462    0.000425    2.132843 v _169_/A1 (gf180mcu_fd_sc_mcu7t5v0__xor2_1)
     2    0.015754    0.891540    0.611047    2.743891 ^ _169_/Z (gf180mcu_fd_sc_mcu7t5v0__xor2_1)
                                                         _074_ (net)
                      0.891540    0.000336    2.744226 ^ _170_/A2 (gf180mcu_fd_sc_mcu7t5v0__nor2_1)
     1    0.007989    0.305499    0.312423    3.056649 v _170_/ZN (gf180mcu_fd_sc_mcu7t5v0__nor2_1)
                                                         _021_ (net)
                      0.305499    0.000185    3.056834 v _234_/D (gf180mcu_fd_sc_mcu7t5v0__dffrnq_1)
                                              3.056834   data arrival time

                                  0.000000    0.000000   clock clk (rise edge)
                                  0.000000    0.000000   clock source latency
     1    0.043671    0.300830    0.152159    0.152159 ^ clk (in)
                                                         clk (net)
                      0.300831    0.000000    0.152159 ^ clkbuf_0_clk/I (gf180mcu_fd_sc_mcu7t5v0__clkbuf_16)
     8    0.196252    0.351884    0.505295    0.657453 ^ clkbuf_0_clk/Z (gf180mcu_fd_sc_mcu7t5v0__clkbuf_16)
                                                         clknet_0_clk (net)
                      0.351901    0.003672    0.661125 ^ clkbuf_3_3__f_clk/I (gf180mcu_fd_sc_mcu7t5v0__clkbuf_16)
     6    0.028726    0.131807    0.359307    1.020433 ^ clkbuf_3_3__f_clk/Z (gf180mcu_fd_sc_mcu7t5v0__clkbuf_16)
                                                         clknet_3_3__leaf_clk (net)
                      0.131807    0.000540    1.020973 ^ _234_/CLK (gf180mcu_fd_sc_mcu7t5v0__dffrnq_1)
                                  0.250000    1.270973   clock uncertainty
                                  0.000000    1.270973   clock reconvergence pessimism
                                  0.096503    1.367476   library hold time
                                              1.367476   data required time
---------------------------------------------------------------------------------------------
                                              1.367476   data required time
                                             -3.056834   data arrival time
---------------------------------------------------------------------------------------------
                                              1.689358   slack (MET)


Startpoint: _231_ (rising edge-triggered flip-flop clocked by clk)
Endpoint: _231_ (rising edge-triggered flip-flop clocked by clk)
Path Group: clk
Path Type: min

Fanout         Cap        Slew       Delay        Time   Description
---------------------------------------------------------------------------------------------
                                  0.000000    0.000000   clock clk (rise edge)
                                  0.000000    0.000000   clock source latency
     1    0.043671    0.300830    0.152159    0.152159 ^ clk (in)
                                                         clk (net)
                      0.300831    0.000000    0.152159 ^ clkbuf_0_clk/I (gf180mcu_fd_sc_mcu7t5v0__clkbuf_16)
     8    0.196252    0.351884    0.505295    0.657453 ^ clkbuf_0_clk/Z (gf180mcu_fd_sc_mcu7t5v0__clkbuf_16)
                                                         clknet_0_clk (net)
                      0.351901    0.003672    0.661125 ^ clkbuf_3_3__f_clk/I (gf180mcu_fd_sc_mcu7t5v0__clkbuf_16)
     6    0.028726    0.131807    0.359307    1.020433 ^ clkbuf_3_3__f_clk/Z (gf180mcu_fd_sc_mcu7t5v0__clkbuf_16)
                                                         clknet_3_3__leaf_clk (net)
                      0.131807    0.000540    1.020973 ^ _231_/CLK (gf180mcu_fd_sc_mcu7t5v0__dffrnq_1)
     4    0.029457    0.417558    1.206242    2.227215 v _231_/Q (gf180mcu_fd_sc_mcu7t5v0__dffrnq_1)
                                                         cnt_in[0] (net)
                      0.417560    0.000620    2.227835 v _158_/A1 (gf180mcu_fd_sc_mcu7t5v0__xor2_1)
     2    0.013556    0.798191    0.591863    2.819698 ^ _158_/Z (gf180mcu_fd_sc_mcu7t5v0__xor2_1)
                                                         _066_ (net)
                      0.798191    0.000298    2.819997 ^ _159_/A2 (gf180mcu_fd_sc_mcu7t5v0__nor2_1)
     1    0.005068    0.257723    0.257028    3.077024 v _159_/ZN (gf180mcu_fd_sc_mcu7t5v0__nor2_1)
                                                         _018_ (net)
                      0.257723    0.000135    3.077160 v _231_/D (gf180mcu_fd_sc_mcu7t5v0__dffrnq_1)
                                              3.077160   data arrival time

                                  0.000000    0.000000   clock clk (rise edge)
                                  0.000000    0.000000   clock source latency
     1    0.043671    0.300830    0.152159    0.152159 ^ clk (in)
                                                         clk (net)
                      0.300831    0.000000    0.152159 ^ clkbuf_0_clk/I (gf180mcu_fd_sc_mcu7t5v0__clkbuf_16)
     8    0.196252    0.351884    0.505295    0.657453 ^ clkbuf_0_clk/Z (gf180mcu_fd_sc_mcu7t5v0__clkbuf_16)
                                                         clknet_0_clk (net)
                      0.351901    0.003672    0.661125 ^ clkbuf_3_3__f_clk/I (gf180mcu_fd_sc_mcu7t5v0__clkbuf_16)
     6    0.028726    0.131807    0.359307    1.020433 ^ clkbuf_3_3__f_clk/Z (gf180mcu_fd_sc_mcu7t5v0__clkbuf_16)
                                                         clknet_3_3__leaf_clk (net)
                      0.131807    0.000540    1.020973 ^ _231_/CLK (gf180mcu_fd_sc_mcu7t5v0__dffrnq_1)
                                  0.250000    1.270973   clock uncertainty
                                  0.000000    1.270973   clock reconvergence pessimism
                                  0.108265    1.379238   library hold time
                                              1.379238   data required time
---------------------------------------------------------------------------------------------
                                              1.379238   data required time
                                             -3.077160   data arrival time
---------------------------------------------------------------------------------------------
                                              1.697922   slack (MET)


Startpoint: _235_ (rising edge-triggered flip-flop clocked by clk)
Endpoint: _235_ (rising edge-triggered flip-flop clocked by clk)
Path Group: clk
Path Type: min

Fanout         Cap        Slew       Delay        Time   Description
---------------------------------------------------------------------------------------------
                                  0.000000    0.000000   clock clk (rise edge)
                                  0.000000    0.000000   clock source latency
     1    0.043671    0.300830    0.152159    0.152159 ^ clk (in)
                                                         clk (net)
                      0.300831    0.000000    0.152159 ^ clkbuf_0_clk/I (gf180mcu_fd_sc_mcu7t5v0__clkbuf_16)
     8    0.196252    0.351884    0.505295    0.657453 ^ clkbuf_0_clk/Z (gf180mcu_fd_sc_mcu7t5v0__clkbuf_16)
                                                         clknet_0_clk (net)
                      0.351901    0.003672    0.661125 ^ clkbuf_3_1__f_clk/I (gf180mcu_fd_sc_mcu7t5v0__clkbuf_16)
     6    0.034246    0.139071    0.365748    1.026873 ^ clkbuf_3_1__f_clk/Z (gf180mcu_fd_sc_mcu7t5v0__clkbuf_16)
                                                         clknet_3_1__leaf_clk (net)
                      0.139072    0.000633    1.027506 ^ _235_/CLK (gf180mcu_fd_sc_mcu7t5v0__dffrnq_1)
     4    0.026817    0.389190    1.186790    2.214296 v _235_/Q (gf180mcu_fd_sc_mcu7t5v0__dffrnq_1)
                                                         cnt_out[0] (net)
                      0.389191    0.000569    2.214865 v _172_/A1 (gf180mcu_fd_sc_mcu7t5v0__xnor2_1)
     2    0.014740    0.627949    0.698207    2.913072 ^ _172_/ZN (gf180mcu_fd_sc_mcu7t5v0__xnor2_1)
                                                         _076_ (net)
                      0.627949    0.000318    2.913391 ^ _173_/A2 (gf180mcu_fd_sc_mcu7t5v0__nor2_1)
     1    0.003741    0.235342    0.221873    3.135264 v _173_/ZN (gf180mcu_fd_sc_mcu7t5v0__nor2_1)
                                                         _022_ (net)
                      0.235342    0.000113    3.135377 v _235_/D (gf180mcu_fd_sc_mcu7t5v0__dffrnq_1)
                                              3.135377   data arrival time

                                  0.000000    0.000000   clock clk (rise edge)
                                  0.000000    0.000000   clock source latency
     1    0.043671    0.300830    0.152159    0.152159 ^ clk (in)
                                                         clk (net)
                      0.300831    0.000000    0.152159 ^ clkbuf_0_clk/I (gf180mcu_fd_sc_mcu7t5v0__clkbuf_16)
     8    0.196252    0.351884    0.505295    0.657453 ^ clkbuf_0_clk/Z (gf180mcu_fd_sc_mcu7t5v0__clkbuf_16)
                                                         clknet_0_clk (net)
                      0.351901    0.003672    0.661125 ^ clkbuf_3_1__f_clk/I (gf180mcu_fd_sc_mcu7t5v0__clkbuf_16)
     6    0.034246    0.139071    0.365748    1.026873 ^ clkbuf_3_1__f_clk/Z (gf180mcu_fd_sc_mcu7t5v0__clkbuf_16)
                                                         clknet_3_1__leaf_clk (net)
                      0.139072    0.000633    1.027506 ^ _235_/CLK (gf180mcu_fd_sc_mcu7t5v0__dffrnq_1)
                                  0.250000    1.277506   clock uncertainty
                                  0.000000    1.277506   clock reconvergence pessimism
                                  0.115903    1.393409   library hold time
                                              1.393409   data required time
---------------------------------------------------------------------------------------------
                                              1.393409   data required time
                                             -3.135377   data arrival time
---------------------------------------------------------------------------------------------
                                              1.741968   slack (MET)


Startpoint: _233_ (rising edge-triggered flip-flop clocked by clk)
Endpoint: _233_ (rising edge-triggered flip-flop clocked by clk)
Path Group: clk
Path Type: min

Fanout         Cap        Slew       Delay        Time   Description
---------------------------------------------------------------------------------------------
                                  0.000000    0.000000   clock clk (rise edge)
                                  0.000000    0.000000   clock source latency
     1    0.043671    0.300830    0.152159    0.152159 ^ clk (in)
                                                         clk (net)
                      0.300831    0.000000    0.152159 ^ clkbuf_0_clk/I (gf180mcu_fd_sc_mcu7t5v0__clkbuf_16)
     8    0.196252    0.351884    0.505295    0.657453 ^ clkbuf_0_clk/Z (gf180mcu_fd_sc_mcu7t5v0__clkbuf_16)
                                                         clknet_0_clk (net)
                      0.351901    0.003672    0.661125 ^ clkbuf_3_1__f_clk/I (gf180mcu_fd_sc_mcu7t5v0__clkbuf_16)
     6    0.034246    0.139071    0.365748    1.026873 ^ clkbuf_3_1__f_clk/Z (gf180mcu_fd_sc_mcu7t5v0__clkbuf_16)
                                                         clknet_3_1__leaf_clk (net)
                      0.139072    0.000633    1.027506 ^ _233_/CLK (gf180mcu_fd_sc_mcu7t5v0__dffrnq_1)
     3    0.024126    0.359742    1.164700    2.192206 v _233_/Q (gf180mcu_fd_sc_mcu7t5v0__dffrnq_1)
                                                         cnt_in[2] (net)
                      0.359743    0.000523    2.192730 v _167_/A1 (gf180mcu_fd_sc_mcu7t5v0__xnor2_1)
     2    0.016032    0.659134    0.726558    2.919288 ^ _167_/ZN (gf180mcu_fd_sc_mcu7t5v0__xnor2_1)
                                                         _073_ (net)
                      0.659134    0.000340    2.919628 ^ _168_/A2 (gf180mcu_fd_sc_mcu7t5v0__nor2_1)
     1    0.005314    0.261872    0.252097    3.171725 v _168_/ZN (gf180mcu_fd_sc_mcu7t5v0__nor2_1)
                                                         _020_ (net)
                      0.261872    0.000139    3.171864 v _233_/D (gf180mcu_fd_sc_mcu7t5v0__dffrnq_1)
                                              3.171864   data arrival time

                                  0.000000    0.000000   clock clk (rise edge)
                                  0.000000    0.000000   clock source latency
     1    0.043671    0.300830    0.152159    0.152159 ^ clk (in)
                                                         clk (net)
                      0.300831    0.000000    0.152159 ^ clkbuf_0_clk/I (gf180mcu_fd_sc_mcu7t5v0__clkbuf_16)
     8    0.196252    0.351884    0.505295    0.657453 ^ clkbuf_0_clk/Z (gf180mcu_fd_sc_mcu7t5v0__clkbuf_16)
                                                         clknet_0_clk (net)
                      0.351901    0.003672    0.661125 ^ clkbuf_3_1__f_clk/I (gf180mcu_fd_sc_mcu7t5v0__clkbuf_16)
     6    0.034246    0.139071    0.365748    1.026873 ^ clkbuf_3_1__f_clk/Z (gf180mcu_fd_sc_mcu7t5v0__clkbuf_16)
                                                         clknet_3_1__leaf_clk (net)
                      0.139072    0.000633    1.027506 ^ _233_/CLK (gf180mcu_fd_sc_mcu7t5v0__dffrnq_1)
                                  0.250000    1.277506   clock uncertainty
                                  0.000000    1.277506   clock reconvergence pessimism
                                  0.108754    1.386261   library hold time
                                              1.386261   data required time
---------------------------------------------------------------------------------------------
                                              1.386261   data required time
                                             -3.171864   data arrival time
---------------------------------------------------------------------------------------------
                                              1.785604   slack (MET)


Startpoint: latch_phase90 (input port clocked by clk)
Endpoint: _249_ (rising edge-triggered flip-flop clocked by clk)
Path Group: clk
Path Type: min

Fanout         Cap        Slew       Delay        Time   Description
---------------------------------------------------------------------------------------------
                                  0.000000    0.000000   clock clk (rise edge)
                                  0.000000    0.000000   clock network delay (propagated)
                                 40.000000   40.000000 v input external delay
     1    0.006342    0.112731    0.047557   40.047558 v latch_phase90 (in)
                                                         latch_phase90 (net)
                      0.112731    0.000000   40.047558 v input3/I (gf180mcu_fd_sc_mcu7t5v0__buf_1)
     1    0.005853    0.166139    0.353325   40.400883 v input3/Z (gf180mcu_fd_sc_mcu7t5v0__buf_1)
                                                         net3 (net)
                      0.166139    0.000146   40.401028 v _120_/A2 (gf180mcu_fd_sc_mcu7t5v0__and2_1)
     1    0.005311    0.159923    0.395517   40.796543 v _120_/Z (gf180mcu_fd_sc_mcu7t5v0__and2_1)
                                                         _010_ (net)
                      0.159923    0.000139   40.796684 v _249_/D (gf180mcu_fd_sc_mcu7t5v0__dffrnq_1)
                                             40.796684   data arrival time

                                  0.000000    0.000000   clock clk (rise edge)
                                  0.000000    0.000000   clock source latency
     1    0.043671    0.300830    0.152159    0.152159 ^ clk (in)
                                                         clk (net)
                      0.300831    0.000000    0.152159 ^ clkbuf_0_clk/I (gf180mcu_fd_sc_mcu7t5v0__clkbuf_16)
     8    0.196252    0.351884    0.505295    0.657453 ^ clkbuf_0_clk/Z (gf180mcu_fd_sc_mcu7t5v0__clkbuf_16)
                                                         clknet_0_clk (net)
                      0.351901    0.003673    0.661126 ^ clkbuf_3_4__f_clk/I (gf180mcu_fd_sc_mcu7t5v0__clkbuf_16)
     6    0.030171    0.133711    0.360995    1.022120 ^ clkbuf_3_4__f_clk/Z (gf180mcu_fd_sc_mcu7t5v0__clkbuf_16)
                                                         clknet_3_4__leaf_clk (net)
                      0.133712    0.000565    1.022685 ^ _249_/CLK (gf180mcu_fd_sc_mcu7t5v0__dffrnq_1)
                                  0.250000    1.272685   clock uncertainty
                                  0.000000    1.272685   clock reconvergence pessimism
                                  0.134955    1.407640   library hold time
                                              1.407640   data required time
---------------------------------------------------------------------------------------------
                                              1.407640   data required time
                                            -40.796684   data arrival time
---------------------------------------------------------------------------------------------
                                             39.389046   slack (MET)


Startpoint: comp_raw (input port clocked by clk)
Endpoint: _245_ (rising edge-triggered flip-flop clocked by clk)
Path Group: clk
Path Type: min

Fanout         Cap        Slew       Delay        Time   Description
---------------------------------------------------------------------------------------------
                                  0.000000    0.000000   clock clk (rise edge)
                                  0.000000    0.000000   clock network delay (propagated)
                                 40.000000   40.000000 v input external delay
     1    0.005899    0.107409    0.044256   40.044258 v comp_raw (in)
                                                         comp_raw (net)
                      0.107409    0.000000   40.044258 v input1/I (gf180mcu_fd_sc_mcu7t5v0__buf_1)
     1    0.007216    0.180861    0.365432   40.409691 v input1/Z (gf180mcu_fd_sc_mcu7t5v0__buf_1)
                                                         net1 (net)
                      0.180861    0.000167   40.409855 v _124_/A2 (gf180mcu_fd_sc_mcu7t5v0__and2_1)
     1    0.005407    0.167055    0.401300   40.811157 v _124_/Z (gf180mcu_fd_sc_mcu7t5v0__and2_1)
                                                         _000_ (net)
                      0.167055    0.000142   40.811298 v _245_/D (gf180mcu_fd_sc_mcu7t5v0__dffrnq_1)
                                             40.811298   data arrival time

                                  0.000000    0.000000   clock clk (rise edge)
                                  0.000000    0.000000   clock source latency
     1    0.043671    0.300830    0.152159    0.152159 ^ clk (in)
                                                         clk (net)
                      0.300831    0.000000    0.152159 ^ clkbuf_0_clk/I (gf180mcu_fd_sc_mcu7t5v0__clkbuf_16)
     8    0.196252    0.351884    0.505295    0.657453 ^ clkbuf_0_clk/Z (gf180mcu_fd_sc_mcu7t5v0__clkbuf_16)
                                                         clknet_0_clk (net)
                      0.351901    0.003673    0.661126 ^ clkbuf_3_7__f_clk/I (gf180mcu_fd_sc_mcu7t5v0__clkbuf_16)
     6    0.028080    0.130955    0.358553    1.019679 ^ clkbuf_3_7__f_clk/Z (gf180mcu_fd_sc_mcu7t5v0__clkbuf_16)
                                                         clknet_3_7__leaf_clk (net)
                      0.130956    0.000529    1.020208 ^ _245_/CLK (gf180mcu_fd_sc_mcu7t5v0__dffrnq_1)
                                  0.250000    1.270208   clock uncertainty
                                  0.000000    1.270208   clock reconvergence pessimism
                                  0.132389    1.402598   library hold time
                                              1.402598   data required time
---------------------------------------------------------------------------------------------
                                              1.402598   data required time
                                            -40.811298   data arrival time
---------------------------------------------------------------------------------------------
                                             39.408703   slack (MET)


Startpoint: latch_phase270 (input port clocked by clk)
Endpoint: _253_ (rising edge-triggered flip-flop clocked by clk)
Path Group: clk
Path Type: min

Fanout         Cap        Slew       Delay        Time   Description
---------------------------------------------------------------------------------------------
                                  0.000000    0.000000   clock clk (rise edge)
                                  0.000000    0.000000   clock network delay (propagated)
                                 40.000000   40.000000 v input external delay
     1    0.005933    0.107820    0.044512   40.044514 v latch_phase270 (in)
                                                         latch_phase270 (net)
                      0.107820    0.000000   40.044514 v input2/I (gf180mcu_fd_sc_mcu7t5v0__buf_1)
     1    0.012901    0.244416    0.421988   40.466499 v input2/Z (gf180mcu_fd_sc_mcu7t5v0__buf_1)
                                                         net2 (net)
                      0.244416    0.000263   40.466763 v _116_/A2 (gf180mcu_fd_sc_mcu7t5v0__and2_1)
     1    0.004205    0.147819    0.409234   40.875996 v _116_/Z (gf180mcu_fd_sc_mcu7t5v0__and2_1)
                                                         _006_ (net)
                      0.147819    0.000121   40.876118 v _253_/D (gf180mcu_fd_sc_mcu7t5v0__dffrnq_1)
                                             40.876118   data arrival time

                                  0.000000    0.000000   clock clk (rise edge)
                                  0.000000    0.000000   clock source latency
     1    0.043671    0.300830    0.152159    0.152159 ^ clk (in)
                                                         clk (net)
                      0.300831    0.000000    0.152159 ^ clkbuf_0_clk/I (gf180mcu_fd_sc_mcu7t5v0__clkbuf_16)
     8    0.196252    0.351884    0.505295    0.657453 ^ clkbuf_0_clk/Z (gf180mcu_fd_sc_mcu7t5v0__clkbuf_16)
                                                         clknet_0_clk (net)
                      0.351901    0.003673    0.661126 ^ clkbuf_3_5__f_clk/I (gf180mcu_fd_sc_mcu7t5v0__clkbuf_16)
     6    0.029730    0.133130    0.360480    1.021606 ^ clkbuf_3_5__f_clk/Z (gf180mcu_fd_sc_mcu7t5v0__clkbuf_16)
                                                         clknet_3_5__leaf_clk (net)
                      0.133131    0.000557    1.022163 ^ _253_/CLK (gf180mcu_fd_sc_mcu7t5v0__dffrnq_1)
                                  0.250000    1.272163   clock uncertainty
                                  0.000000    1.272163   clock reconvergence pessimism
                                  0.138067    1.410230   library hold time
                                              1.410230   data required time
---------------------------------------------------------------------------------------------
                                              1.410230   data required time
                                            -40.876118   data arrival time
---------------------------------------------------------------------------------------------
                                             39.465889   slack (MET)


Startpoint: rst_n (input port clocked by clk)
Endpoint: _224_ (removal check against rising-edge clock clk)
Path Group: asynchronous
Path Type: min

Fanout         Cap        Slew       Delay        Time   Description
---------------------------------------------------------------------------------------------
                                  0.000000    0.000000   clock clk (rise edge)
                                  0.000000    0.000000   clock network delay (propagated)
                                 40.000000   40.000000 ^ input external delay
     1    0.005750    0.203564    0.079829   40.079830 ^ rst_n (in)
                                                         rst_n (net)
                      0.203564    0.000000   40.079830 ^ input4/I (gf180mcu_fd_sc_mcu7t5v0__buf_1)
     1    0.007228    0.249128    0.339590   40.419418 ^ input4/Z (gf180mcu_fd_sc_mcu7t5v0__buf_1)
                                                         net4 (net)
                      0.249128    0.000167   40.419586 ^ fanout49/I (gf180mcu_fd_sc_mcu7t5v0__dlyb_1)
     1    0.005590    0.252831    1.351346   41.770931 ^ fanout49/Z (gf180mcu_fd_sc_mcu7t5v0__dlyb_1)
                                                         net49 (net)
                      0.252831    0.000142   41.771076 ^ wire51/I (gf180mcu_fd_sc_mcu7t5v0__buf_1)
     4    0.028071    0.720219    0.633158   42.404232 ^ wire51/Z (gf180mcu_fd_sc_mcu7t5v0__buf_1)
                                                         net51 (net)
                      0.720219    0.000533   42.404766 ^ wire50/I (gf180mcu_fd_sc_mcu7t5v0__clkbuf_2)
     3    0.029961    0.406847    0.595406   43.000172 ^ wire50/Z (gf180mcu_fd_sc_mcu7t5v0__clkbuf_2)
                                                         net50 (net)
                      0.406847    0.000625   43.000797 ^ _224_/RN (gf180mcu_fd_sc_mcu7t5v0__dffrnq_1)
                                             43.000797   data arrival time

                                  0.000000    0.000000   clock clk (rise edge)
                                  0.000000    0.000000   clock source latency
     1    0.043671    0.300830    0.152159    0.152159 ^ clk (in)
                                                         clk (net)
                      0.300831    0.000000    0.152159 ^ clkbuf_0_clk/I (gf180mcu_fd_sc_mcu7t5v0__clkbuf_16)
     8    0.196252    0.351884    0.505295    0.657453 ^ clkbuf_0_clk/Z (gf180mcu_fd_sc_mcu7t5v0__clkbuf_16)
                                                         clknet_0_clk (net)
                      0.351901    0.003672    0.661125 ^ clkbuf_3_3__f_clk/I (gf180mcu_fd_sc_mcu7t5v0__clkbuf_16)
     6    0.028726    0.131807    0.359307    1.020433 ^ clkbuf_3_3__f_clk/Z (gf180mcu_fd_sc_mcu7t5v0__clkbuf_16)
                                                         clknet_3_3__leaf_clk (net)
                      0.131807    0.000540    1.020973 ^ _224_/CLK (gf180mcu_fd_sc_mcu7t5v0__dffrnq_1)
                                  0.250000    1.270973   clock uncertainty
                                  0.000000    1.270973   clock reconvergence pessimism
                                  0.540940    1.811913   library removal time
                                              1.811913   data required time
---------------------------------------------------------------------------------------------
                                              1.811913   data required time
                                            -43.000797   data arrival time
---------------------------------------------------------------------------------------------
                                             41.188885   slack (MET)


Startpoint: rst_n (input port clocked by clk)
Endpoint: _225_ (removal check against rising-edge clock clk)
Path Group: asynchronous
Path Type: min

Fanout         Cap        Slew       Delay        Time   Description
---------------------------------------------------------------------------------------------
                                  0.000000    0.000000   clock clk (rise edge)
                                  0.000000    0.000000   clock network delay (propagated)
                                 40.000000   40.000000 ^ input external delay
     1    0.005750    0.203564    0.079829   40.079830 ^ rst_n (in)
                                                         rst_n (net)
                      0.203564    0.000000   40.079830 ^ input4/I (gf180mcu_fd_sc_mcu7t5v0__buf_1)
     1    0.007228    0.249128    0.339590   40.419418 ^ input4/Z (gf180mcu_fd_sc_mcu7t5v0__buf_1)
                                                         net4 (net)
                      0.249128    0.000167   40.419586 ^ fanout49/I (gf180mcu_fd_sc_mcu7t5v0__dlyb_1)
     1    0.005590    0.252831    1.351346   41.770931 ^ fanout49/Z (gf180mcu_fd_sc_mcu7t5v0__dlyb_1)
                                                         net49 (net)
                      0.252831    0.000142   41.771076 ^ wire51/I (gf180mcu_fd_sc_mcu7t5v0__buf_1)
     4    0.028071    0.720219    0.633158   42.404232 ^ wire51/Z (gf180mcu_fd_sc_mcu7t5v0__buf_1)
                                                         net51 (net)
                      0.720219    0.000533   42.404766 ^ wire50/I (gf180mcu_fd_sc_mcu7t5v0__clkbuf_2)
     3    0.029961    0.406847    0.595406   43.000172 ^ wire50/Z (gf180mcu_fd_sc_mcu7t5v0__clkbuf_2)
                                                         net50 (net)
                      0.406847    0.000625   43.000797 ^ _225_/RN (gf180mcu_fd_sc_mcu7t5v0__dffrnq_1)
                                             43.000797   data arrival time

                                  0.000000    0.000000   clock clk (rise edge)
                                  0.000000    0.000000   clock source latency
     1    0.043671    0.300830    0.152159    0.152159 ^ clk (in)
                                                         clk (net)
                      0.300831    0.000000    0.152159 ^ clkbuf_0_clk/I (gf180mcu_fd_sc_mcu7t5v0__clkbuf_16)
     8    0.196252    0.351884    0.505295    0.657453 ^ clkbuf_0_clk/Z (gf180mcu_fd_sc_mcu7t5v0__clkbuf_16)
                                                         clknet_0_clk (net)
                      0.351901    0.003673    0.661126 ^ clkbuf_3_6__f_clk/I (gf180mcu_fd_sc_mcu7t5v0__clkbuf_16)
     6    0.026886    0.129380    0.357159    1.018285 ^ clkbuf_3_6__f_clk/Z (gf180mcu_fd_sc_mcu7t5v0__clkbuf_16)
                                                         clknet_3_6__leaf_clk (net)
                      0.129381    0.000509    1.018794 ^ _225_/CLK (gf180mcu_fd_sc_mcu7t5v0__dffrnq_1)
                                  0.250000    1.268794   clock uncertainty
                                  0.000000    1.268794   clock reconvergence pessimism
                                  0.540390    1.809184   library removal time
                                              1.809184   data required time
---------------------------------------------------------------------------------------------
                                              1.809184   data required time
                                            -43.000797   data arrival time
---------------------------------------------------------------------------------------------
                                             41.191612   slack (MET)


Startpoint: rst_n (input port clocked by clk)
Endpoint: _246_ (removal check against rising-edge clock clk)
Path Group: asynchronous
Path Type: min

Fanout         Cap        Slew       Delay        Time   Description
---------------------------------------------------------------------------------------------
                                  0.000000    0.000000   clock clk (rise edge)
                                  0.000000    0.000000   clock network delay (propagated)
                                 40.000000   40.000000 ^ input external delay
     1    0.005750    0.203564    0.079829   40.079830 ^ rst_n (in)
                                                         rst_n (net)
                      0.203564    0.000000   40.079830 ^ input4/I (gf180mcu_fd_sc_mcu7t5v0__buf_1)
     1    0.007228    0.249128    0.339590   40.419418 ^ input4/Z (gf180mcu_fd_sc_mcu7t5v0__buf_1)
                                                         net4 (net)
                      0.249128    0.000167   40.419586 ^ fanout49/I (gf180mcu_fd_sc_mcu7t5v0__dlyb_1)
     1    0.005590    0.252831    1.351346   41.770931 ^ fanout49/Z (gf180mcu_fd_sc_mcu7t5v0__dlyb_1)
                                                         net49 (net)
                      0.252831    0.000142   41.771076 ^ wire51/I (gf180mcu_fd_sc_mcu7t5v0__buf_1)
     4    0.028071    0.720219    0.633158   42.404232 ^ wire51/Z (gf180mcu_fd_sc_mcu7t5v0__buf_1)
                                                         net51 (net)
                      0.720219    0.000533   42.404766 ^ wire50/I (gf180mcu_fd_sc_mcu7t5v0__clkbuf_2)
     3    0.029961    0.406847    0.595406   43.000172 ^ wire50/Z (gf180mcu_fd_sc_mcu7t5v0__clkbuf_2)
                                                         net50 (net)
                      0.406847    0.000625   43.000797 ^ _246_/RN (gf180mcu_fd_sc_mcu7t5v0__dffrnq_1)
                                             43.000797   data arrival time

                                  0.000000    0.000000   clock clk (rise edge)
                                  0.000000    0.000000   clock source latency
     1    0.043671    0.300830    0.152159    0.152159 ^ clk (in)
                                                         clk (net)
                      0.300831    0.000000    0.152159 ^ clkbuf_0_clk/I (gf180mcu_fd_sc_mcu7t5v0__clkbuf_16)
     8    0.196252    0.351884    0.505295    0.657453 ^ clkbuf_0_clk/Z (gf180mcu_fd_sc_mcu7t5v0__clkbuf_16)
                                                         clknet_0_clk (net)
                      0.351901    0.003673    0.661126 ^ clkbuf_3_6__f_clk/I (gf180mcu_fd_sc_mcu7t5v0__clkbuf_16)
     6    0.026886    0.129380    0.357159    1.018285 ^ clkbuf_3_6__f_clk/Z (gf180mcu_fd_sc_mcu7t5v0__clkbuf_16)
                                                         clknet_3_6__leaf_clk (net)
                      0.129381    0.000509    1.018794 ^ _246_/CLK (gf180mcu_fd_sc_mcu7t5v0__dffrnq_1)
                                  0.250000    1.268794   clock uncertainty
                                  0.000000    1.268794   clock reconvergence pessimism
                                  0.540390    1.809184   library removal time
                                              1.809184   data required time
---------------------------------------------------------------------------------------------
                                              1.809184   data required time
                                            -43.000797   data arrival time
---------------------------------------------------------------------------------------------
                                             41.191612   slack (MET)


Startpoint: rst_n (input port clocked by clk)
Endpoint: _229_ (removal check against rising-edge clock clk)
Path Group: asynchronous
Path Type: min

Fanout         Cap        Slew       Delay        Time   Description
---------------------------------------------------------------------------------------------
                                  0.000000    0.000000   clock clk (rise edge)
                                  0.000000    0.000000   clock network delay (propagated)
                                 40.000000   40.000000 ^ input external delay
     1    0.005750    0.203564    0.079829   40.079830 ^ rst_n (in)
                                                         rst_n (net)
                      0.203564    0.000000   40.079830 ^ input4/I (gf180mcu_fd_sc_mcu7t5v0__buf_1)
     1    0.007228    0.249128    0.339590   40.419418 ^ input4/Z (gf180mcu_fd_sc_mcu7t5v0__buf_1)
                                                         net4 (net)
                      0.249128    0.000167   40.419586 ^ fanout49/I (gf180mcu_fd_sc_mcu7t5v0__dlyb_1)
     1    0.005590    0.252831    1.351346   41.770931 ^ fanout49/Z (gf180mcu_fd_sc_mcu7t5v0__dlyb_1)
                                                         net49 (net)
                      0.252831    0.000142   41.771076 ^ wire51/I (gf180mcu_fd_sc_mcu7t5v0__buf_1)
     4    0.028071    0.720219    0.633158   42.404232 ^ wire51/Z (gf180mcu_fd_sc_mcu7t5v0__buf_1)
                                                         net51 (net)
                      0.720219    0.000519   42.404751 ^ fanout37/I (gf180mcu_fd_sc_mcu7t5v0__dlyb_1)
     3    0.018241    0.520070    1.578243   43.982994 ^ fanout37/Z (gf180mcu_fd_sc_mcu7t5v0__dlyb_1)
                                                         net37 (net)
                      0.520070    0.000426   43.983421 ^ _229_/RN (gf180mcu_fd_sc_mcu7t5v0__dffrnq_1)
                                             43.983421   data arrival time

                                  0.000000    0.000000   clock clk (rise edge)
                                  0.000000    0.000000   clock source latency
     1    0.043671    0.300830    0.152159    0.152159 ^ clk (in)
                                                         clk (net)
                      0.300831    0.000000    0.152159 ^ clkbuf_0_clk/I (gf180mcu_fd_sc_mcu7t5v0__clkbuf_16)
     8    0.196252    0.351884    0.505295    0.657453 ^ clkbuf_0_clk/Z (gf180mcu_fd_sc_mcu7t5v0__clkbuf_16)
                                                         clknet_0_clk (net)
                      0.351901    0.003672    0.661125 ^ clkbuf_3_1__f_clk/I (gf180mcu_fd_sc_mcu7t5v0__clkbuf_16)
     6    0.034246    0.139071    0.365748    1.026873 ^ clkbuf_3_1__f_clk/Z (gf180mcu_fd_sc_mcu7t5v0__clkbuf_16)
                                                         clknet_3_1__leaf_clk (net)
                      0.139072    0.000633    1.027506 ^ _229_/CLK (gf180mcu_fd_sc_mcu7t5v0__dffrnq_1)
                                  0.250000    1.277506   clock uncertainty
                                  0.000000    1.277506   clock reconvergence pessimism
                                  0.560064    1.837570   library removal time
                                              1.837570   data required time
---------------------------------------------------------------------------------------------
                                              1.837570   data required time
                                            -43.983421   data arrival time
---------------------------------------------------------------------------------------------
                                             42.145851   slack (MET)


Startpoint: rst_n (input port clocked by clk)
Endpoint: _243_ (removal check against rising-edge clock clk)
Path Group: asynchronous
Path Type: min

Fanout         Cap        Slew       Delay        Time   Description
---------------------------------------------------------------------------------------------
                                  0.000000    0.000000   clock clk (rise edge)
                                  0.000000    0.000000   clock network delay (propagated)
                                 40.000000   40.000000 ^ input external delay
     1    0.005750    0.203564    0.079829   40.079830 ^ rst_n (in)
                                                         rst_n (net)
                      0.203564    0.000000   40.079830 ^ input4/I (gf180mcu_fd_sc_mcu7t5v0__buf_1)
     1    0.007228    0.249128    0.339590   40.419418 ^ input4/Z (gf180mcu_fd_sc_mcu7t5v0__buf_1)
                                                         net4 (net)
                      0.249128    0.000167   40.419586 ^ fanout49/I (gf180mcu_fd_sc_mcu7t5v0__dlyb_1)
     1    0.005590    0.252831    1.351346   41.770931 ^ fanout49/Z (gf180mcu_fd_sc_mcu7t5v0__dlyb_1)
                                                         net49 (net)
                      0.252831    0.000142   41.771076 ^ wire51/I (gf180mcu_fd_sc_mcu7t5v0__buf_1)
     4    0.028071    0.720219    0.633158   42.404232 ^ wire51/Z (gf180mcu_fd_sc_mcu7t5v0__buf_1)
                                                         net51 (net)
                      0.720219    0.000519   42.404751 ^ fanout45/I (gf180mcu_fd_sc_mcu7t5v0__dlyb_1)
     3    0.021315    0.586458    1.620208   44.024960 ^ fanout45/Z (gf180mcu_fd_sc_mcu7t5v0__dlyb_1)
                                                         net45 (net)
                      0.586458    0.000480   44.025440 ^ _243_/RN (gf180mcu_fd_sc_mcu7t5v0__dffrnq_1)
                                             44.025440   data arrival time

                                  0.000000    0.000000   clock clk (rise edge)
                                  0.000000    0.000000   clock source latency
     1    0.043671    0.300830    0.152159    0.152159 ^ clk (in)
                                                         clk (net)
                      0.300831    0.000000    0.152159 ^ clkbuf_0_clk/I (gf180mcu_fd_sc_mcu7t5v0__clkbuf_16)
     8    0.196252    0.351884    0.505295    0.657453 ^ clkbuf_0_clk/Z (gf180mcu_fd_sc_mcu7t5v0__clkbuf_16)
                                                         clknet_0_clk (net)
                      0.351901    0.003673    0.661126 ^ clkbuf_3_5__f_clk/I (gf180mcu_fd_sc_mcu7t5v0__clkbuf_16)
     6    0.029730    0.133130    0.360480    1.021606 ^ clkbuf_3_5__f_clk/Z (gf180mcu_fd_sc_mcu7t5v0__clkbuf_16)
                                                         clknet_3_5__leaf_clk (net)
                      0.133131    0.000557    1.022163 ^ _243_/CLK (gf180mcu_fd_sc_mcu7t5v0__dffrnq_1)
                                  0.250000    1.272163   clock uncertainty
                                  0.000000    1.272163   clock reconvergence pessimism
                                  0.569039    1.841203   library removal time
                                              1.841203   data required time
---------------------------------------------------------------------------------------------
                                              1.841203   data required time
                                            -44.025440   data arrival time
---------------------------------------------------------------------------------------------
                                             42.184238   slack (MET)


Startpoint: rst_n (input port clocked by clk)
Endpoint: _255_ (removal check against rising-edge clock clk)
Path Group: asynchronous
Path Type: min

Fanout         Cap        Slew       Delay        Time   Description
---------------------------------------------------------------------------------------------
                                  0.000000    0.000000   clock clk (rise edge)
                                  0.000000    0.000000   clock network delay (propagated)
                                 40.000000   40.000000 ^ input external delay
     1    0.005750    0.203564    0.079829   40.079830 ^ rst_n (in)
                                                         rst_n (net)
                      0.203564    0.000000   40.079830 ^ input4/I (gf180mcu_fd_sc_mcu7t5v0__buf_1)
     1    0.007228    0.249128    0.339590   40.419418 ^ input4/Z (gf180mcu_fd_sc_mcu7t5v0__buf_1)
                                                         net4 (net)
                      0.249128    0.000167   40.419586 ^ fanout49/I (gf180mcu_fd_sc_mcu7t5v0__dlyb_1)
     1    0.005590    0.252831    1.351346   41.770931 ^ fanout49/Z (gf180mcu_fd_sc_mcu7t5v0__dlyb_1)
                                                         net49 (net)
                      0.252831    0.000142   41.771076 ^ wire51/I (gf180mcu_fd_sc_mcu7t5v0__buf_1)
     4    0.028071    0.720219    0.633158   42.404232 ^ wire51/Z (gf180mcu_fd_sc_mcu7t5v0__buf_1)
                                                         net51 (net)
                      0.720219    0.000519   42.404751 ^ fanout45/I (gf180mcu_fd_sc_mcu7t5v0__dlyb_1)
     3    0.021315    0.586458    1.620208   44.024960 ^ fanout45/Z (gf180mcu_fd_sc_mcu7t5v0__dlyb_1)
                                                         net45 (net)
                      0.586458    0.000480   44.025440 ^ _255_/RN (gf180mcu_fd_sc_mcu7t5v0__dffrnq_1)
                                             44.025440   data arrival time

                                  0.000000    0.000000   clock clk (rise edge)
                                  0.000000    0.000000   clock source latency
     1    0.043671    0.300830    0.152159    0.152159 ^ clk (in)
                                                         clk (net)
                      0.300831    0.000000    0.152159 ^ clkbuf_0_clk/I (gf180mcu_fd_sc_mcu7t5v0__clkbuf_16)
     8    0.196252    0.351884    0.505295    0.657453 ^ clkbuf_0_clk/Z (gf180mcu_fd_sc_mcu7t5v0__clkbuf_16)
                                                         clknet_0_clk (net)
                      0.351901    0.003673    0.661126 ^ clkbuf_3_5__f_clk/I (gf180mcu_fd_sc_mcu7t5v0__clkbuf_16)
     6    0.029730    0.133130    0.360480    1.021606 ^ clkbuf_3_5__f_clk/Z (gf180mcu_fd_sc_mcu7t5v0__clkbuf_16)
                                                         clknet_3_5__leaf_clk (net)
                      0.133131    0.000557    1.022163 ^ _255_/CLK (gf180mcu_fd_sc_mcu7t5v0__dffrnq_1)
                                  0.250000    1.272163   clock uncertainty
                                  0.000000    1.272163   clock reconvergence pessimism
                                  0.569039    1.841203   library removal time
                                              1.841203   data required time
---------------------------------------------------------------------------------------------
                                              1.841203   data required time
                                            -44.025440   data arrival time
---------------------------------------------------------------------------------------------
                                             42.184238   slack (MET)


Startpoint: rst_n (input port clocked by clk)
Endpoint: _256_ (removal check against rising-edge clock clk)
Path Group: asynchronous
Path Type: min

Fanout         Cap        Slew       Delay        Time   Description
---------------------------------------------------------------------------------------------
                                  0.000000    0.000000   clock clk (rise edge)
                                  0.000000    0.000000   clock network delay (propagated)
                                 40.000000   40.000000 ^ input external delay
     1    0.005750    0.203564    0.079829   40.079830 ^ rst_n (in)
                                                         rst_n (net)
                      0.203564    0.000000   40.079830 ^ input4/I (gf180mcu_fd_sc_mcu7t5v0__buf_1)
     1    0.007228    0.249128    0.339590   40.419418 ^ input4/Z (gf180mcu_fd_sc_mcu7t5v0__buf_1)
                                                         net4 (net)
                      0.249128    0.000167   40.419586 ^ fanout49/I (gf180mcu_fd_sc_mcu7t5v0__dlyb_1)
     1    0.005590    0.252831    1.351346   41.770931 ^ fanout49/Z (gf180mcu_fd_sc_mcu7t5v0__dlyb_1)
                                                         net49 (net)
                      0.252831    0.000142   41.771076 ^ wire51/I (gf180mcu_fd_sc_mcu7t5v0__buf_1)
     4    0.028071    0.720219    0.633158   42.404232 ^ wire51/Z (gf180mcu_fd_sc_mcu7t5v0__buf_1)
                                                         net51 (net)
                      0.720219    0.000519   42.404751 ^ fanout41/I (gf180mcu_fd_sc_mcu7t5v0__dlyb_1)
     4    0.028380    0.739502    1.716721   44.121471 ^ fanout41/Z (gf180mcu_fd_sc_mcu7t5v0__dlyb_1)
                                                         net41 (net)
                      0.739502    0.000597   44.122070 ^ _256_/RN (gf180mcu_fd_sc_mcu7t5v0__dffrnq_1)
                                             44.122070   data arrival time

                                  0.000000    0.000000   clock clk (rise edge)
                                  0.000000    0.000000   clock source latency
     1    0.043671    0.300830    0.152159    0.152159 ^ clk (in)
                                                         clk (net)
                      0.300831    0.000000    0.152159 ^ clkbuf_0_clk/I (gf180mcu_fd_sc_mcu7t5v0__clkbuf_16)
     8    0.196252    0.351884    0.505295    0.657453 ^ clkbuf_0_clk/Z (gf180mcu_fd_sc_mcu7t5v0__clkbuf_16)
                                                         clknet_0_clk (net)
                      0.351901    0.003673    0.661126 ^ clkbuf_3_5__f_clk/I (gf180mcu_fd_sc_mcu7t5v0__clkbuf_16)
     6    0.029730    0.133130    0.360480    1.021606 ^ clkbuf_3_5__f_clk/Z (gf180mcu_fd_sc_mcu7t5v0__clkbuf_16)
                                                         clknet_3_5__leaf_clk (net)
                      0.133131    0.000557    1.022163 ^ _256_/CLK (gf180mcu_fd_sc_mcu7t5v0__dffrnq_1)
                                  0.250000    1.272163   clock uncertainty
                                  0.000000    1.272163   clock reconvergence pessimism
                                  0.591721    1.863884   library removal time
                                              1.863884   data required time
---------------------------------------------------------------------------------------------
                                              1.863884   data required time
                                            -44.122070   data arrival time
---------------------------------------------------------------------------------------------
                                             42.258183   slack (MET)


Startpoint: rst_n (input port clocked by clk)
Endpoint: _247_ (removal check against rising-edge clock clk)
Path Group: asynchronous
Path Type: min

Fanout         Cap        Slew       Delay        Time   Description
---------------------------------------------------------------------------------------------
                                  0.000000    0.000000   clock clk (rise edge)
                                  0.000000    0.000000   clock network delay (propagated)
                                 40.000000   40.000000 ^ input external delay
     1    0.005750    0.203564    0.079829   40.079830 ^ rst_n (in)
                                                         rst_n (net)
                      0.203564    0.000000   40.079830 ^ input4/I (gf180mcu_fd_sc_mcu7t5v0__buf_1)
     1    0.007228    0.249128    0.339590   40.419418 ^ input4/Z (gf180mcu_fd_sc_mcu7t5v0__buf_1)
                                                         net4 (net)
                      0.249128    0.000167   40.419586 ^ fanout49/I (gf180mcu_fd_sc_mcu7t5v0__dlyb_1)
     1    0.005590    0.252831    1.351346   41.770931 ^ fanout49/Z (gf180mcu_fd_sc_mcu7t5v0__dlyb_1)
                                                         net49 (net)
                      0.252831    0.000142   41.771076 ^ wire51/I (gf180mcu_fd_sc_mcu7t5v0__buf_1)
     4    0.028071    0.720219    0.633158   42.404232 ^ wire51/Z (gf180mcu_fd_sc_mcu7t5v0__buf_1)
                                                         net51 (net)
                      0.720219    0.000519   42.404751 ^ fanout41/I (gf180mcu_fd_sc_mcu7t5v0__dlyb_1)
     4    0.028380    0.739502    1.716721   44.121471 ^ fanout41/Z (gf180mcu_fd_sc_mcu7t5v0__dlyb_1)
                                                         net41 (net)
                      0.739502    0.000597   44.122070 ^ _247_/RN (gf180mcu_fd_sc_mcu7t5v0__dffrnq_1)
                                             44.122070   data arrival time

                                  0.000000    0.000000   clock clk (rise edge)
                                  0.000000    0.000000   clock source latency
     1    0.043671    0.300830    0.152159    0.152159 ^ clk (in)
                                                         clk (net)
                      0.300831    0.000000    0.152159 ^ clkbuf_0_clk/I (gf180mcu_fd_sc_mcu7t5v0__clkbuf_16)
     8    0.196252    0.351884    0.505295    0.657453 ^ clkbuf_0_clk/Z (gf180mcu_fd_sc_mcu7t5v0__clkbuf_16)
                                                         clknet_0_clk (net)
                      0.351901    0.003673    0.661126 ^ clkbuf_3_7__f_clk/I (gf180mcu_fd_sc_mcu7t5v0__clkbuf_16)
     6    0.028080    0.130955    0.358553    1.019679 ^ clkbuf_3_7__f_clk/Z (gf180mcu_fd_sc_mcu7t5v0__clkbuf_16)
                                                         clknet_3_7__leaf_clk (net)
                      0.130956    0.000529    1.020208 ^ _247_/CLK (gf180mcu_fd_sc_mcu7t5v0__dffrnq_1)
                                  0.250000    1.270208   clock uncertainty
                                  0.000000    1.270208   clock reconvergence pessimism
                                  0.591265    1.861474   library removal time
                                              1.861474   data required time
---------------------------------------------------------------------------------------------
                                              1.861474   data required time
                                            -44.122070   data arrival time
---------------------------------------------------------------------------------------------
                                             42.260597   slack (MET)


Startpoint: _243_ (rising edge-triggered flip-flop clocked by clk)
Endpoint: latch_phase90_ack (output port clocked by clk)
Path Group: clk
Path Type: min

Fanout         Cap        Slew       Delay        Time   Description
---------------------------------------------------------------------------------------------
                                  0.000000    0.000000   clock clk (rise edge)
                                  0.000000    0.000000   clock source latency
     1    0.043671    0.300830    0.152159    0.152159 ^ clk (in)
                                                         clk (net)
                      0.300831    0.000000    0.152159 ^ clkbuf_0_clk/I (gf180mcu_fd_sc_mcu7t5v0__clkbuf_16)
     8    0.196252    0.351884    0.505295    0.657453 ^ clkbuf_0_clk/Z (gf180mcu_fd_sc_mcu7t5v0__clkbuf_16)
                                                         clknet_0_clk (net)
                      0.351901    0.003673    0.661126 ^ clkbuf_3_5__f_clk/I (gf180mcu_fd_sc_mcu7t5v0__clkbuf_16)
     6    0.029730    0.133130    0.360480    1.021606 ^ clkbuf_3_5__f_clk/Z (gf180mcu_fd_sc_mcu7t5v0__clkbuf_16)
                                                         clknet_3_5__leaf_clk (net)
                      0.133131    0.000557    1.022163 ^ _243_/CLK (gf180mcu_fd_sc_mcu7t5v0__dffrnq_1)
     1    0.005714    0.160683    0.998864    2.021027 v _243_/Q (gf180mcu_fd_sc_mcu7t5v0__dffrnq_1)
                                                         net9 (net)
                      0.160684    0.000178    2.021205 v output9/I (gf180mcu_fd_sc_mcu7t5v0__buf_2)
     1    0.072910    0.500908    0.577469    2.598673 v output9/Z (gf180mcu_fd_sc_mcu7t5v0__buf_2)
                                                         latch_phase90_ack (net)
                      0.500908    0.000000    2.598673 v latch_phase90_ack (out)
                                              2.598673   data arrival time

                                  0.000000    0.000000   clock clk (rise edge)
                                  0.000000    0.000000   clock network delay (propagated)
                                  0.250000    0.250000   clock uncertainty
                                  0.000000    0.250000   clock reconvergence pessimism
                                -40.000000  -39.750000   output external delay
                                            -39.750000   data required time
---------------------------------------------------------------------------------------------
                                            -39.750000   data required time
                                             -2.598673   data arrival time
---------------------------------------------------------------------------------------------
                                             42.348675   slack (MET)


Startpoint: _244_ (rising edge-triggered flip-flop clocked by clk)
Endpoint: latch_phase270_ack (output port clocked by clk)
Path Group: clk
Path Type: min

Fanout         Cap        Slew       Delay        Time   Description
---------------------------------------------------------------------------------------------
                                  0.000000    0.000000   clock clk (rise edge)
                                  0.000000    0.000000   clock source latency
     1    0.043671    0.300830    0.152159    0.152159 ^ clk (in)
                                                         clk (net)
                      0.300831    0.000000    0.152159 ^ clkbuf_0_clk/I (gf180mcu_fd_sc_mcu7t5v0__clkbuf_16)
     8    0.196252    0.351884    0.505295    0.657453 ^ clkbuf_0_clk/Z (gf180mcu_fd_sc_mcu7t5v0__clkbuf_16)
                                                         clknet_0_clk (net)
                      0.351901    0.003673    0.661126 ^ clkbuf_3_7__f_clk/I (gf180mcu_fd_sc_mcu7t5v0__clkbuf_16)
     6    0.028080    0.130955    0.358553    1.019679 ^ clkbuf_3_7__f_clk/Z (gf180mcu_fd_sc_mcu7t5v0__clkbuf_16)
                                                         clknet_3_7__leaf_clk (net)
                      0.130956    0.000529    1.020208 ^ _244_/CLK (gf180mcu_fd_sc_mcu7t5v0__dffrnq_1)
     1    0.006164    0.165549    1.002970    2.023179 v _244_/Q (gf180mcu_fd_sc_mcu7t5v0__dffrnq_1)
                                                         net8 (net)
                      0.165550    0.000186    2.023365 v output8/I (gf180mcu_fd_sc_mcu7t5v0__buf_2)
     1    0.072910    0.500908    0.579032    2.602396 v output8/Z (gf180mcu_fd_sc_mcu7t5v0__buf_2)
                                                         latch_phase270_ack (net)
                      0.500908    0.000000    2.602396 v latch_phase270_ack (out)
                                              2.602396   data arrival time

                                  0.000000    0.000000   clock clk (rise edge)
                                  0.000000    0.000000   clock network delay (propagated)
                                  0.250000    0.250000   clock uncertainty
                                  0.000000    0.250000   clock reconvergence pessimism
                                -40.000000  -39.750000   output external delay
                                            -39.750000   data required time
---------------------------------------------------------------------------------------------
                                            -39.750000   data required time
                                             -2.602396   data arrival time
---------------------------------------------------------------------------------------------
                                             42.352398   slack (MET)


Startpoint: _221_ (rising edge-triggered flip-flop clocked by clk)
Endpoint: votes_in_phase[0] (output port clocked by clk)
Path Group: clk
Path Type: min

Fanout         Cap        Slew       Delay        Time   Description
---------------------------------------------------------------------------------------------
                                  0.000000    0.000000   clock clk (rise edge)
                                  0.000000    0.000000   clock source latency
     1    0.043671    0.300830    0.152159    0.152159 ^ clk (in)
                                                         clk (net)
                      0.300831    0.000000    0.152159 ^ clkbuf_0_clk/I (gf180mcu_fd_sc_mcu7t5v0__clkbuf_16)
     8    0.196252    0.351884    0.505295    0.657453 ^ clkbuf_0_clk/Z (gf180mcu_fd_sc_mcu7t5v0__clkbuf_16)
                                                         clknet_0_clk (net)
                      0.351901    0.003673    0.661126 ^ clkbuf_3_2__f_clk/I (gf180mcu_fd_sc_mcu7t5v0__clkbuf_16)
     6    0.026864    0.129350    0.357133    1.018258 ^ clkbuf_3_2__f_clk/Z (gf180mcu_fd_sc_mcu7t5v0__clkbuf_16)
                                                         clknet_3_2__leaf_clk (net)
                      0.129351    0.000509    1.018767 ^ _221_/CLK (gf180mcu_fd_sc_mcu7t5v0__dffrnq_1)
     2    0.011000    0.217838    1.052244    2.071012 v _221_/Q (gf180mcu_fd_sc_mcu7t5v0__dffrnq_1)
                                                         net13 (net)
                      0.217838    0.000267    2.071279 v output13/I (gf180mcu_fd_sc_mcu7t5v0__buf_2)
     1    0.072910    0.500905    0.595834    2.667113 v output13/Z (gf180mcu_fd_sc_mcu7t5v0__buf_2)
                                                         votes_in_phase[0] (net)
                      0.500905    0.000000    2.667113 v votes_in_phase[0] (out)
                                              2.667113   data arrival time

                                  0.000000    0.000000   clock clk (rise edge)
                                  0.000000    0.000000   clock network delay (propagated)
                                  0.250000    0.250000   clock uncertainty
                                  0.000000    0.250000   clock reconvergence pessimism
                                -40.000000  -39.750000   output external delay
                                            -39.750000   data required time
---------------------------------------------------------------------------------------------
                                            -39.750000   data required time
                                             -2.667113   data arrival time
---------------------------------------------------------------------------------------------
                                             42.417114   slack (MET)


Startpoint: _216_ (rising edge-triggered flip-flop clocked by clk)
Endpoint: dir (output port clocked by clk)
Path Group: clk
Path Type: min

Fanout         Cap        Slew       Delay        Time   Description
---------------------------------------------------------------------------------------------
                                  0.000000    0.000000   clock clk (rise edge)
                                  0.000000    0.000000   clock source latency
     1    0.043671    0.300830    0.152159    0.152159 ^ clk (in)
                                                         clk (net)
                      0.300831    0.000000    0.152159 ^ clkbuf_0_clk/I (gf180mcu_fd_sc_mcu7t5v0__clkbuf_16)
     8    0.196252    0.351884    0.505295    0.657453 ^ clkbuf_0_clk/Z (gf180mcu_fd_sc_mcu7t5v0__clkbuf_16)
                                                         clknet_0_clk (net)
                      0.351901    0.003673    0.661126 ^ clkbuf_3_2__f_clk/I (gf180mcu_fd_sc_mcu7t5v0__clkbuf_16)
     6    0.026864    0.129350    0.357133    1.018258 ^ clkbuf_3_2__f_clk/Z (gf180mcu_fd_sc_mcu7t5v0__clkbuf_16)
                                                         clknet_3_2__leaf_clk (net)
                      0.129351    0.000509    1.018767 ^ _216_/CLK (gf180mcu_fd_sc_mcu7t5v0__dffrnq_1)
     2    0.012049    0.230954    1.063042    2.081810 v _216_/Q (gf180mcu_fd_sc_mcu7t5v0__dffrnq_1)
                                                         net6 (net)
                      0.230954    0.000285    2.082094 v output6/I (gf180mcu_fd_sc_mcu7t5v0__buf_2)
     1    0.072910    0.500904    0.600049    2.682143 v output6/Z (gf180mcu_fd_sc_mcu7t5v0__buf_2)
                                                         dir (net)
                      0.500904    0.000000    2.682143 v dir (out)
                                              2.682143   data arrival time

                                  0.000000    0.000000   clock clk (rise edge)
                                  0.000000    0.000000   clock network delay (propagated)
                                  0.250000    0.250000   clock uncertainty
                                  0.000000    0.250000   clock reconvergence pessimism
                                -40.000000  -39.750000   output external delay
                                            -39.750000   data required time
---------------------------------------------------------------------------------------------
                                            -39.750000   data required time
                                             -2.682143   data arrival time
---------------------------------------------------------------------------------------------
                                             42.432144   slack (MET)


Startpoint: _226_ (rising edge-triggered flip-flop clocked by clk)
Endpoint: votes_out_phase[1] (output port clocked by clk)
Path Group: clk
Path Type: min

Fanout         Cap        Slew       Delay        Time   Description
---------------------------------------------------------------------------------------------
                                  0.000000    0.000000   clock clk (rise edge)
                                  0.000000    0.000000   clock source latency
     1    0.043671    0.300830    0.152159    0.152159 ^ clk (in)
                                                         clk (net)
                      0.300831    0.000000    0.152159 ^ clkbuf_0_clk/I (gf180mcu_fd_sc_mcu7t5v0__clkbuf_16)
     8    0.196252    0.351884    0.505295    0.657453 ^ clkbuf_0_clk/Z (gf180mcu_fd_sc_mcu7t5v0__clkbuf_16)
                                                         clknet_0_clk (net)
                      0.351901    0.003673    0.661126 ^ clkbuf_3_6__f_clk/I (gf180mcu_fd_sc_mcu7t5v0__clkbuf_16)
     6    0.026886    0.129380    0.357159    1.018285 ^ clkbuf_3_6__f_clk/Z (gf180mcu_fd_sc_mcu7t5v0__clkbuf_16)
                                                         clknet_3_6__leaf_clk (net)
                      0.129381    0.000509    1.018794 ^ _226_/CLK (gf180mcu_fd_sc_mcu7t5v0__dffrnq_1)
     2    0.012054    0.231028    1.063104    2.081899 v _226_/Q (gf180mcu_fd_sc_mcu7t5v0__dffrnq_1)
                                                         net18 (net)
                      0.231028    0.000285    2.082184 v output18/I (gf180mcu_fd_sc_mcu7t5v0__buf_2)
     1    0.072910    0.500904    0.600073    2.682256 v output18/Z (gf180mcu_fd_sc_mcu7t5v0__buf_2)
                                                         votes_out_phase[1] (net)
                      0.500904    0.000000    2.682256 v votes_out_phase[1] (out)
                                              2.682256   data arrival time

                                  0.000000    0.000000   clock clk (rise edge)
                                  0.000000    0.000000   clock network delay (propagated)
                                  0.250000    0.250000   clock uncertainty
                                  0.000000    0.250000   clock reconvergence pessimism
                                -40.000000  -39.750000   output external delay
                                            -39.750000   data required time
---------------------------------------------------------------------------------------------
                                            -39.750000   data required time
                                             -2.682256   data arrival time
---------------------------------------------------------------------------------------------
                                             42.432255   slack (MET)


Startpoint: _225_ (rising edge-triggered flip-flop clocked by clk)
Endpoint: votes_out_phase[0] (output port clocked by clk)
Path Group: clk
Path Type: min

Fanout         Cap        Slew       Delay        Time   Description
---------------------------------------------------------------------------------------------
                                  0.000000    0.000000   clock clk (rise edge)
                                  0.000000    0.000000   clock source latency
     1    0.043671    0.300830    0.152159    0.152159 ^ clk (in)
                                                         clk (net)
                      0.300831    0.000000    0.152159 ^ clkbuf_0_clk/I (gf180mcu_fd_sc_mcu7t5v0__clkbuf_16)
     8    0.196252    0.351884    0.505295    0.657453 ^ clkbuf_0_clk/Z (gf180mcu_fd_sc_mcu7t5v0__clkbuf_16)
                                                         clknet_0_clk (net)
                      0.351901    0.003673    0.661126 ^ clkbuf_3_6__f_clk/I (gf180mcu_fd_sc_mcu7t5v0__clkbuf_16)
     6    0.026886    0.129380    0.357159    1.018285 ^ clkbuf_3_6__f_clk/Z (gf180mcu_fd_sc_mcu7t5v0__clkbuf_16)
                                                         clknet_3_6__leaf_clk (net)
                      0.129381    0.000509    1.018794 ^ _225_/CLK (gf180mcu_fd_sc_mcu7t5v0__dffrnq_1)
     2    0.012136    0.232092    1.063946    2.082740 v _225_/Q (gf180mcu_fd_sc_mcu7t5v0__dffrnq_1)
                                                         net17 (net)
                      0.232092    0.000286    2.083026 v output17/I (gf180mcu_fd_sc_mcu7t5v0__buf_2)
     1    0.072910    0.500904    0.600415    2.683441 v output17/Z (gf180mcu_fd_sc_mcu7t5v0__buf_2)
                                                         votes_out_phase[0] (net)
                      0.500904    0.000000    2.683441 v votes_out_phase[0] (out)
                                              2.683441   data arrival time

                                  0.000000    0.000000   clock clk (rise edge)
                                  0.000000    0.000000   clock network delay (propagated)
                                  0.250000    0.250000   clock uncertainty
                                  0.000000    0.250000   clock reconvergence pessimism
                                -40.000000  -39.750000   output external delay
                                            -39.750000   data required time
---------------------------------------------------------------------------------------------
                                            -39.750000   data required time
                                             -2.683441   data arrival time
---------------------------------------------------------------------------------------------
                                             42.433441   slack (MET)


Startpoint: _227_ (rising edge-triggered flip-flop clocked by clk)
Endpoint: votes_out_phase[2] (output port clocked by clk)
Path Group: clk
Path Type: min

Fanout         Cap        Slew       Delay        Time   Description
---------------------------------------------------------------------------------------------
                                  0.000000    0.000000   clock clk (rise edge)
                                  0.000000    0.000000   clock source latency
     1    0.043671    0.300830    0.152159    0.152159 ^ clk (in)
                                                         clk (net)
                      0.300831    0.000000    0.152159 ^ clkbuf_0_clk/I (gf180mcu_fd_sc_mcu7t5v0__clkbuf_16)
     8    0.196252    0.351884    0.505295    0.657453 ^ clkbuf_0_clk/Z (gf180mcu_fd_sc_mcu7t5v0__clkbuf_16)
                                                         clknet_0_clk (net)
                      0.351901    0.003673    0.661126 ^ clkbuf_3_6__f_clk/I (gf180mcu_fd_sc_mcu7t5v0__clkbuf_16)
     6    0.026886    0.129380    0.357159    1.018285 ^ clkbuf_3_6__f_clk/Z (gf180mcu_fd_sc_mcu7t5v0__clkbuf_16)
                                                         clknet_3_6__leaf_clk (net)
                      0.129381    0.000509    1.018794 ^ _227_/CLK (gf180mcu_fd_sc_mcu7t5v0__dffrnq_1)
     2    0.012318    0.234011    1.065462    2.084256 v _227_/Q (gf180mcu_fd_sc_mcu7t5v0__dffrnq_1)
                                                         net19 (net)
                      0.234011    0.000289    2.084545 v output19/I (gf180mcu_fd_sc_mcu7t5v0__buf_2)
     1    0.072910    0.500904    0.601031    2.685576 v output19/Z (gf180mcu_fd_sc_mcu7t5v0__buf_2)
                                                         votes_out_phase[2] (net)
                      0.500904    0.000000    2.685576 v votes_out_phase[2] (out)
                                              2.685576   data arrival time

                                  0.000000    0.000000   clock clk (rise edge)
                                  0.000000    0.000000   clock network delay (propagated)
                                  0.250000    0.250000   clock uncertainty
                                  0.000000    0.250000   clock reconvergence pessimism
                                -40.000000  -39.750000   output external delay
                                            -39.750000   data required time
---------------------------------------------------------------------------------------------
                                            -39.750000   data required time
                                             -2.685576   data arrival time
---------------------------------------------------------------------------------------------
                                             42.435577   slack (MET)


Startpoint: _224_ (rising edge-triggered flip-flop clocked by clk)
Endpoint: votes_in_phase[3] (output port clocked by clk)
Path Group: clk
Path Type: min

Fanout         Cap        Slew       Delay        Time   Description
---------------------------------------------------------------------------------------------
                                  0.000000    0.000000   clock clk (rise edge)
                                  0.000000    0.000000   clock source latency
     1    0.043671    0.300830    0.152159    0.152159 ^ clk (in)
                                                         clk (net)
                      0.300831    0.000000    0.152159 ^ clkbuf_0_clk/I (gf180mcu_fd_sc_mcu7t5v0__clkbuf_16)
     8    0.196252    0.351884    0.505295    0.657453 ^ clkbuf_0_clk/Z (gf180mcu_fd_sc_mcu7t5v0__clkbuf_16)
                                                         clknet_0_clk (net)
                      0.351901    0.003672    0.661125 ^ clkbuf_3_3__f_clk/I (gf180mcu_fd_sc_mcu7t5v0__clkbuf_16)
     6    0.028726    0.131807    0.359307    1.020433 ^ clkbuf_3_3__f_clk/Z (gf180mcu_fd_sc_mcu7t5v0__clkbuf_16)
                                                         clknet_3_3__leaf_clk (net)
                      0.131807    0.000540    1.020973 ^ _224_/CLK (gf180mcu_fd_sc_mcu7t5v0__dffrnq_1)
     2    0.012097    0.231589    1.064127    2.085099 v _224_/Q (gf180mcu_fd_sc_mcu7t5v0__dffrnq_1)
                                                         net16 (net)
                      0.231589    0.000286    2.085385 v output16/I (gf180mcu_fd_sc_mcu7t5v0__buf_2)
     1    0.072910    0.500904    0.600253    2.685638 v output16/Z (gf180mcu_fd_sc_mcu7t5v0__buf_2)
                                                         votes_in_phase[3] (net)
                      0.500904    0.000000    2.685638 v votes_in_phase[3] (out)
                                              2.685638   data arrival time

                                  0.000000    0.000000   clock clk (rise edge)
                                  0.000000    0.000000   clock network delay (propagated)
                                  0.250000    0.250000   clock uncertainty
                                  0.000000    0.250000   clock reconvergence pessimism
                                -40.000000  -39.750000   output external delay
                                            -39.750000   data required time
---------------------------------------------------------------------------------------------
                                            -39.750000   data required time
                                             -2.685638   data arrival time
---------------------------------------------------------------------------------------------
                                             42.435638   slack (MET)


Startpoint: _222_ (rising edge-triggered flip-flop clocked by clk)
Endpoint: votes_in_phase[1] (output port clocked by clk)
Path Group: clk
Path Type: min

Fanout         Cap        Slew       Delay        Time   Description
---------------------------------------------------------------------------------------------
                                  0.000000    0.000000   clock clk (rise edge)
                                  0.000000    0.000000   clock source latency
     1    0.043671    0.300830    0.152159    0.152159 ^ clk (in)
                                                         clk (net)
                      0.300831    0.000000    0.152159 ^ clkbuf_0_clk/I (gf180mcu_fd_sc_mcu7t5v0__clkbuf_16)
     8    0.196252    0.351884    0.505295    0.657453 ^ clkbuf_0_clk/Z (gf180mcu_fd_sc_mcu7t5v0__clkbuf_16)
                                                         clknet_0_clk (net)
                      0.351901    0.003672    0.661125 ^ clkbuf_3_3__f_clk/I (gf180mcu_fd_sc_mcu7t5v0__clkbuf_16)
     6    0.028726    0.131807    0.359307    1.020433 ^ clkbuf_3_3__f_clk/Z (gf180mcu_fd_sc_mcu7t5v0__clkbuf_16)
                                                         clknet_3_3__leaf_clk (net)
                      0.131807    0.000540    1.020973 ^ _222_/CLK (gf180mcu_fd_sc_mcu7t5v0__dffrnq_1)
     2    0.012298    0.233797    1.065878    2.086851 v _222_/Q (gf180mcu_fd_sc_mcu7t5v0__dffrnq_1)
                                                         net14 (net)
                      0.233797    0.000289    2.087140 v output14/I (gf180mcu_fd_sc_mcu7t5v0__buf_2)
     1    0.072910    0.500904    0.600962    2.688103 v output14/Z (gf180mcu_fd_sc_mcu7t5v0__buf_2)
                                                         votes_in_phase[1] (net)
                      0.500904    0.000000    2.688103 v votes_in_phase[1] (out)
                                              2.688103   data arrival time

                                  0.000000    0.000000   clock clk (rise edge)
                                  0.000000    0.000000   clock network delay (propagated)
                                  0.250000    0.250000   clock uncertainty
                                  0.000000    0.250000   clock reconvergence pessimism
                                -40.000000  -39.750000   output external delay
                                            -39.750000   data required time
---------------------------------------------------------------------------------------------
                                            -39.750000   data required time
                                             -2.688103   data arrival time
---------------------------------------------------------------------------------------------
                                             42.438103   slack (MET)


Startpoint: _223_ (rising edge-triggered flip-flop clocked by clk)
Endpoint: votes_in_phase[2] (output port clocked by clk)
Path Group: clk
Path Type: min

Fanout         Cap        Slew       Delay        Time   Description
---------------------------------------------------------------------------------------------
                                  0.000000    0.000000   clock clk (rise edge)
                                  0.000000    0.000000   clock source latency
     1    0.043671    0.300830    0.152159    0.152159 ^ clk (in)
                                                         clk (net)
                      0.300831    0.000000    0.152159 ^ clkbuf_0_clk/I (gf180mcu_fd_sc_mcu7t5v0__clkbuf_16)
     8    0.196252    0.351884    0.505295    0.657453 ^ clkbuf_0_clk/Z (gf180mcu_fd_sc_mcu7t5v0__clkbuf_16)
                                                         clknet_0_clk (net)
                      0.351901    0.003672    0.661125 ^ clkbuf_3_3__f_clk/I (gf180mcu_fd_sc_mcu7t5v0__clkbuf_16)
     6    0.028726    0.131807    0.359307    1.020433 ^ clkbuf_3_3__f_clk/Z (gf180mcu_fd_sc_mcu7t5v0__clkbuf_16)
                                                         clknet_3_3__leaf_clk (net)
                      0.131807    0.000540    1.020973 ^ _223_/CLK (gf180mcu_fd_sc_mcu7t5v0__dffrnq_1)
     2    0.012776    0.238837    1.069809    2.090782 v _223_/Q (gf180mcu_fd_sc_mcu7t5v0__dffrnq_1)
                                                         net15 (net)
                      0.238837    0.000297    2.091079 v output15/I (gf180mcu_fd_sc_mcu7t5v0__buf_2)
     1    0.072910    0.500904    0.602582    2.693661 v output15/Z (gf180mcu_fd_sc_mcu7t5v0__buf_2)
                                                         votes_in_phase[2] (net)
                      0.500904    0.000000    2.693661 v votes_in_phase[2] (out)
                                              2.693661   data arrival time

                                  0.000000    0.000000   clock clk (rise edge)
                                  0.000000    0.000000   clock network delay (propagated)
                                  0.250000    0.250000   clock uncertainty
                                  0.000000    0.250000   clock reconvergence pessimism
                                -40.000000  -39.750000   output external delay
                                            -39.750000   data required time
---------------------------------------------------------------------------------------------
                                            -39.750000   data required time
                                             -2.693661   data arrival time
---------------------------------------------------------------------------------------------
                                             42.443661   slack (MET)


Startpoint: _219_ (rising edge-triggered flip-flop clocked by clk)
Endpoint: phase_state[0] (output port clocked by clk)
Path Group: clk
Path Type: min

Fanout         Cap        Slew       Delay        Time   Description
---------------------------------------------------------------------------------------------
                                  0.000000    0.000000   clock clk (rise edge)
                                  0.000000    0.000000   clock source latency
     1    0.043671    0.300830    0.152159    0.152159 ^ clk (in)
                                                         clk (net)
                      0.300831    0.000000    0.152159 ^ clkbuf_0_clk/I (gf180mcu_fd_sc_mcu7t5v0__clkbuf_16)
     8    0.196252    0.351884    0.505295    0.657453 ^ clkbuf_0_clk/Z (gf180mcu_fd_sc_mcu7t5v0__clkbuf_16)
                                                         clknet_0_clk (net)
                      0.351901    0.003673    0.661126 ^ clkbuf_3_2__f_clk/I (gf180mcu_fd_sc_mcu7t5v0__clkbuf_16)
     6    0.026864    0.129350    0.357133    1.018258 ^ clkbuf_3_2__f_clk/Z (gf180mcu_fd_sc_mcu7t5v0__clkbuf_16)
                                                         clknet_3_2__leaf_clk (net)
                      0.129351    0.000509    1.018767 ^ _219_/CLK (gf180mcu_fd_sc_mcu7t5v0__dffrnq_1)
     2    0.013106    0.242316    1.071934    2.090701 v _219_/Q (gf180mcu_fd_sc_mcu7t5v0__dffrnq_1)
                                                         net11 (net)
                      0.242316    0.000303    2.091004 v output11/I (gf180mcu_fd_sc_mcu7t5v0__buf_2)
     1    0.072910    0.500904    0.603700    2.694704 v output11/Z (gf180mcu_fd_sc_mcu7t5v0__buf_2)
                                                         phase_state[0] (net)
                      0.500904    0.000000    2.694704 v phase_state[0] (out)
                                              2.694704   data arrival time

                                  0.000000    0.000000   clock clk (rise edge)
                                  0.000000    0.000000   clock network delay (propagated)
                                  0.250000    0.250000   clock uncertainty
                                  0.000000    0.250000   clock reconvergence pessimism
                                -40.000000  -39.750000   output external delay
                                            -39.750000   data required time
---------------------------------------------------------------------------------------------
                                            -39.750000   data required time
                                             -2.694704   data arrival time
---------------------------------------------------------------------------------------------
                                             42.444706   slack (MET)


Startpoint: _218_ (rising edge-triggered flip-flop clocked by clk)
Endpoint: jitter_flag (output port clocked by clk)
Path Group: clk
Path Type: min

Fanout         Cap        Slew       Delay        Time   Description
---------------------------------------------------------------------------------------------
                                  0.000000    0.000000   clock clk (rise edge)
                                  0.000000    0.000000   clock source latency
     1    0.043671    0.300830    0.152159    0.152159 ^ clk (in)
                                                         clk (net)
                      0.300831    0.000000    0.152159 ^ clkbuf_0_clk/I (gf180mcu_fd_sc_mcu7t5v0__clkbuf_16)
     8    0.196252    0.351884    0.505295    0.657453 ^ clkbuf_0_clk/Z (gf180mcu_fd_sc_mcu7t5v0__clkbuf_16)
                                                         clknet_0_clk (net)
                      0.351901    0.003673    0.661126 ^ clkbuf_3_2__f_clk/I (gf180mcu_fd_sc_mcu7t5v0__clkbuf_16)
     6    0.026864    0.129350    0.357133    1.018258 ^ clkbuf_3_2__f_clk/Z (gf180mcu_fd_sc_mcu7t5v0__clkbuf_16)
                                                         clknet_3_2__leaf_clk (net)
                      0.129351    0.000509    1.018767 ^ _218_/CLK (gf180mcu_fd_sc_mcu7t5v0__dffrnq_1)
     2    0.013405    0.245465    1.074387    2.093155 v _218_/Q (gf180mcu_fd_sc_mcu7t5v0__dffrnq_1)
                                                         net7 (net)
                      0.245465    0.000308    2.093462 v output7/I (gf180mcu_fd_sc_mcu7t5v0__buf_2)
     1    0.072910    0.500904    0.604712    2.698174 v output7/Z (gf180mcu_fd_sc_mcu7t5v0__buf_2)
                                                         jitter_flag (net)
                      0.500904    0.000000    2.698174 v jitter_flag (out)
                                              2.698174   data arrival time

                                  0.000000    0.000000   clock clk (rise edge)
                                  0.000000    0.000000   clock network delay (propagated)
                                  0.250000    0.250000   clock uncertainty
                                  0.000000    0.250000   clock reconvergence pessimism
                                -40.000000  -39.750000   output external delay
                                            -39.750000   data required time
---------------------------------------------------------------------------------------------
                                            -39.750000   data required time
                                             -2.698174   data arrival time
---------------------------------------------------------------------------------------------
                                             42.448177   slack (MET)


Startpoint: _228_ (rising edge-triggered flip-flop clocked by clk)
Endpoint: votes_out_phase[3] (output port clocked by clk)
Path Group: clk
Path Type: min

Fanout         Cap        Slew       Delay        Time   Description
---------------------------------------------------------------------------------------------
                                  0.000000    0.000000   clock clk (rise edge)
                                  0.000000    0.000000   clock source latency
     1    0.043671    0.300830    0.152159    0.152159 ^ clk (in)
                                                         clk (net)
                      0.300831    0.000000    0.152159 ^ clkbuf_0_clk/I (gf180mcu_fd_sc_mcu7t5v0__clkbuf_16)
     8    0.196252    0.351884    0.505295    0.657453 ^ clkbuf_0_clk/Z (gf180mcu_fd_sc_mcu7t5v0__clkbuf_16)
                                                         clknet_0_clk (net)
                      0.351901    0.003673    0.661126 ^ clkbuf_3_6__f_clk/I (gf180mcu_fd_sc_mcu7t5v0__clkbuf_16)
     6    0.026886    0.129380    0.357159    1.018285 ^ clkbuf_3_6__f_clk/Z (gf180mcu_fd_sc_mcu7t5v0__clkbuf_16)
                                                         clknet_3_6__leaf_clk (net)
                      0.129381    0.000509    1.018794 ^ _228_/CLK (gf180mcu_fd_sc_mcu7t5v0__dffrnq_1)
     2    0.014133    0.253214    1.080368    2.099162 v _228_/Q (gf180mcu_fd_sc_mcu7t5v0__dffrnq_1)
                                                         net20 (net)
                      0.253214    0.000320    2.099482 v output20/I (gf180mcu_fd_sc_mcu7t5v0__buf_2)
     1    0.072910    0.500903    0.607202    2.706684 v output20/Z (gf180mcu_fd_sc_mcu7t5v0__buf_2)
                                                         votes_out_phase[3] (net)
                      0.500903    0.000000    2.706684 v votes_out_phase[3] (out)
                                              2.706684   data arrival time

                                  0.000000    0.000000   clock clk (rise edge)
                                  0.000000    0.000000   clock network delay (propagated)
                                  0.250000    0.250000   clock uncertainty
                                  0.000000    0.250000   clock reconvergence pessimism
                                -40.000000  -39.750000   output external delay
                                            -39.750000   data required time
---------------------------------------------------------------------------------------------
                                            -39.750000   data required time
                                             -2.706684   data arrival time
---------------------------------------------------------------------------------------------
                                             42.456684   slack (MET)


Startpoint: _220_ (rising edge-triggered flip-flop clocked by clk)
Endpoint: phase_state[1] (output port clocked by clk)
Path Group: clk
Path Type: min

Fanout         Cap        Slew       Delay        Time   Description
---------------------------------------------------------------------------------------------
                                  0.000000    0.000000   clock clk (rise edge)
                                  0.000000    0.000000   clock source latency
     1    0.043671    0.300830    0.152159    0.152159 ^ clk (in)
                                                         clk (net)
                      0.300831    0.000000    0.152159 ^ clkbuf_0_clk/I (gf180mcu_fd_sc_mcu7t5v0__clkbuf_16)
     8    0.196252    0.351884    0.505295    0.657453 ^ clkbuf_0_clk/Z (gf180mcu_fd_sc_mcu7t5v0__clkbuf_16)
                                                         clknet_0_clk (net)
                      0.351901    0.003673    0.661126 ^ clkbuf_3_0__f_clk/I (gf180mcu_fd_sc_mcu7t5v0__clkbuf_16)
     6    0.031840    0.135908    0.362942    1.024068 ^ clkbuf_3_0__f_clk/Z (gf180mcu_fd_sc_mcu7t5v0__clkbuf_16)
                                                         clknet_3_0__leaf_clk (net)
                      0.135908    0.000593    1.024660 ^ _220_/CLK (gf180mcu_fd_sc_mcu7t5v0__dffrnq_1)
     2    0.015306    0.265592    1.091569    2.116229 v _220_/Q (gf180mcu_fd_sc_mcu7t5v0__dffrnq_1)
                                                         net12 (net)
                      0.265592    0.000340    2.116569 v output12/I (gf180mcu_fd_sc_mcu7t5v0__buf_2)
     1    0.072910    0.500902    0.611179    2.727748 v output12/Z (gf180mcu_fd_sc_mcu7t5v0__buf_2)
                                                         phase_state[1] (net)
                      0.500902    0.000000    2.727748 v phase_state[1] (out)
                                              2.727748   data arrival time

                                  0.000000    0.000000   clock clk (rise edge)
                                  0.000000    0.000000   clock network delay (propagated)
                                  0.250000    0.250000   clock uncertainty
                                  0.000000    0.250000   clock reconvergence pessimism
                                -40.000000  -39.750000   output external delay
                                            -39.750000   data required time
---------------------------------------------------------------------------------------------
                                            -39.750000   data required time
                                             -2.727748   data arrival time
---------------------------------------------------------------------------------------------
                                             42.477749   slack (MET)


Startpoint: _217_ (rising edge-triggered flip-flop clocked by clk)
Endpoint: move_en (output port clocked by clk)
Path Group: clk
Path Type: min

Fanout         Cap        Slew       Delay        Time   Description
---------------------------------------------------------------------------------------------
                                  0.000000    0.000000   clock clk (rise edge)
                                  0.000000    0.000000   clock source latency
     1    0.043671    0.300830    0.152159    0.152159 ^ clk (in)
                                                         clk (net)
                      0.300831    0.000000    0.152159 ^ clkbuf_0_clk/I (gf180mcu_fd_sc_mcu7t5v0__clkbuf_16)
     8    0.196252    0.351884    0.505295    0.657453 ^ clkbuf_0_clk/Z (gf180mcu_fd_sc_mcu7t5v0__clkbuf_16)
                                                         clknet_0_clk (net)
                      0.351901    0.003673    0.661126 ^ clkbuf_3_2__f_clk/I (gf180mcu_fd_sc_mcu7t5v0__clkbuf_16)
     6    0.026864    0.129350    0.357133    1.018258 ^ clkbuf_3_2__f_clk/Z (gf180mcu_fd_sc_mcu7t5v0__clkbuf_16)
                                                         clknet_3_2__leaf_clk (net)
                      0.129351    0.000509    1.018767 ^ _217_/CLK (gf180mcu_fd_sc_mcu7t5v0__dffrnq_1)
     2    0.018892    0.303493    1.119436    2.138203 v _217_/Q (gf180mcu_fd_sc_mcu7t5v0__dffrnq_1)
                                                         net10 (net)
                      0.303493    0.000400    2.138604 v output10/I (gf180mcu_fd_sc_mcu7t5v0__buf_2)
     1    0.072910    0.501023    0.623150    2.761754 v output10/Z (gf180mcu_fd_sc_mcu7t5v0__buf_2)
                                                         move_en (net)
                      0.501023    0.000000    2.761754 v move_en (out)
                                              2.761754   data arrival time

                                  0.000000    0.000000   clock clk (rise edge)
                                  0.000000    0.000000   clock network delay (propagated)
                                  0.250000    0.250000   clock uncertainty
                                  0.000000    0.250000   clock reconvergence pessimism
                                -40.000000  -39.750000   output external delay
                                            -39.750000   data required time
---------------------------------------------------------------------------------------------
                                            -39.750000   data required time
                                             -2.761754   data arrival time
---------------------------------------------------------------------------------------------
                                             42.511757   slack (MET)


Startpoint: rst_n (input port clocked by clk)
Endpoint: _233_ (removal check against rising-edge clock clk)
Path Group: asynchronous
Path Type: min

Fanout         Cap        Slew       Delay        Time   Description
---------------------------------------------------------------------------------------------
                                  0.000000    0.000000   clock clk (rise edge)
                                  0.000000    0.000000   clock network delay (propagated)
                                 40.000000   40.000000 ^ input external delay
     1    0.005750    0.203564    0.079829   40.079830 ^ rst_n (in)
                                                         rst_n (net)
                      0.203564    0.000000   40.079830 ^ input4/I (gf180mcu_fd_sc_mcu7t5v0__buf_1)
     1    0.007228    0.249128    0.339590   40.419418 ^ input4/Z (gf180mcu_fd_sc_mcu7t5v0__buf_1)
                                                         net4 (net)
                      0.249128    0.000167   40.419586 ^ fanout49/I (gf180mcu_fd_sc_mcu7t5v0__dlyb_1)
     1    0.005590    0.252831    1.351346   41.770931 ^ fanout49/Z (gf180mcu_fd_sc_mcu7t5v0__dlyb_1)
                                                         net49 (net)
                      0.252831    0.000142   41.771076 ^ wire51/I (gf180mcu_fd_sc_mcu7t5v0__buf_1)
     4    0.028071    0.720219    0.633158   42.404232 ^ wire51/Z (gf180mcu_fd_sc_mcu7t5v0__buf_1)
                                                         net51 (net)
                      0.720219    0.000519   42.404751 ^ fanout37/I (gf180mcu_fd_sc_mcu7t5v0__dlyb_1)
     3    0.018241    0.520070    1.578243   43.982994 ^ fanout37/Z (gf180mcu_fd_sc_mcu7t5v0__dlyb_1)
                                                         net37 (net)
                      0.520070    0.000369   43.983364 ^ load_slew39/I (gf180mcu_fd_sc_mcu7t5v0__clkbuf_2)
     3    0.023543    0.333252    0.517158   44.500523 ^ load_slew39/Z (gf180mcu_fd_sc_mcu7t5v0__clkbuf_2)
                                                         net39 (net)
                      0.333252    0.000515   44.501038 ^ _233_/RN (gf180mcu_fd_sc_mcu7t5v0__dffrnq_1)
                                             44.501038   data arrival time

                                  0.000000    0.000000   clock clk (rise edge)
                                  0.000000    0.000000   clock source latency
     1    0.043671    0.300830    0.152159    0.152159 ^ clk (in)
                                                         clk (net)
                      0.300831    0.000000    0.152159 ^ clkbuf_0_clk/I (gf180mcu_fd_sc_mcu7t5v0__clkbuf_16)
     8    0.196252    0.351884    0.505295    0.657453 ^ clkbuf_0_clk/Z (gf180mcu_fd_sc_mcu7t5v0__clkbuf_16)
                                                         clknet_0_clk (net)
                      0.351901    0.003672    0.661125 ^ clkbuf_3_1__f_clk/I (gf180mcu_fd_sc_mcu7t5v0__clkbuf_16)
     6    0.034246    0.139071    0.365748    1.026873 ^ clkbuf_3_1__f_clk/Z (gf180mcu_fd_sc_mcu7t5v0__clkbuf_16)
                                                         clknet_3_1__leaf_clk (net)
                      0.139072    0.000633    1.027506 ^ _233_/CLK (gf180mcu_fd_sc_mcu7t5v0__dffrnq_1)
                                  0.250000    1.277506   clock uncertainty
                                  0.000000    1.277506   clock reconvergence pessimism
                                  0.531231    1.808737   library removal time
                                              1.808737   data required time
---------------------------------------------------------------------------------------------
                                              1.808737   data required time
                                            -44.501038   data arrival time
---------------------------------------------------------------------------------------------
                                             42.692299   slack (MET)


Startpoint: rst_n (input port clocked by clk)
Endpoint: _230_ (removal check against rising-edge clock clk)
Path Group: asynchronous
Path Type: min

Fanout         Cap        Slew       Delay        Time   Description
---------------------------------------------------------------------------------------------
                                  0.000000    0.000000   clock clk (rise edge)
                                  0.000000    0.000000   clock network delay (propagated)
                                 40.000000   40.000000 ^ input external delay
     1    0.005750    0.203564    0.079829   40.079830 ^ rst_n (in)
                                                         rst_n (net)
                      0.203564    0.000000   40.079830 ^ input4/I (gf180mcu_fd_sc_mcu7t5v0__buf_1)
     1    0.007228    0.249128    0.339590   40.419418 ^ input4/Z (gf180mcu_fd_sc_mcu7t5v0__buf_1)
                                                         net4 (net)
                      0.249128    0.000167   40.419586 ^ fanout49/I (gf180mcu_fd_sc_mcu7t5v0__dlyb_1)
     1    0.005590    0.252831    1.351346   41.770931 ^ fanout49/Z (gf180mcu_fd_sc_mcu7t5v0__dlyb_1)
                                                         net49 (net)
                      0.252831    0.000142   41.771076 ^ wire51/I (gf180mcu_fd_sc_mcu7t5v0__buf_1)
     4    0.028071    0.720219    0.633158   42.404232 ^ wire51/Z (gf180mcu_fd_sc_mcu7t5v0__buf_1)
                                                         net51 (net)
                      0.720219    0.000519   42.404751 ^ fanout37/I (gf180mcu_fd_sc_mcu7t5v0__dlyb_1)
     3    0.018241    0.520070    1.578243   43.982994 ^ fanout37/Z (gf180mcu_fd_sc_mcu7t5v0__dlyb_1)
                                                         net37 (net)
                      0.520070    0.000369   43.983364 ^ load_slew40/I (gf180mcu_fd_sc_mcu7t5v0__clkbuf_2)
     3    0.024530    0.344198    0.523805   44.507168 ^ load_slew40/Z (gf180mcu_fd_sc_mcu7t5v0__clkbuf_2)
                                                         net40 (net)
                      0.344198    0.000533   44.507702 ^ _230_/RN (gf180mcu_fd_sc_mcu7t5v0__dffrnq_1)
                                             44.507702   data arrival time

                                  0.000000    0.000000   clock clk (rise edge)
                                  0.000000    0.000000   clock source latency
     1    0.043671    0.300830    0.152159    0.152159 ^ clk (in)
                                                         clk (net)
                      0.300831    0.000000    0.152159 ^ clkbuf_0_clk/I (gf180mcu_fd_sc_mcu7t5v0__clkbuf_16)
     8    0.196252    0.351884    0.505295    0.657453 ^ clkbuf_0_clk/Z (gf180mcu_fd_sc_mcu7t5v0__clkbuf_16)
                                                         clknet_0_clk (net)
                      0.351901    0.003672    0.661125 ^ clkbuf_3_1__f_clk/I (gf180mcu_fd_sc_mcu7t5v0__clkbuf_16)
     6    0.034246    0.139071    0.365748    1.026873 ^ clkbuf_3_1__f_clk/Z (gf180mcu_fd_sc_mcu7t5v0__clkbuf_16)
                                                         clknet_3_1__leaf_clk (net)
                      0.139072    0.000633    1.027506 ^ _230_/CLK (gf180mcu_fd_sc_mcu7t5v0__dffrnq_1)
                                  0.250000    1.277506   clock uncertainty
                                  0.000000    1.277506   clock reconvergence pessimism
                                  0.532920    1.810427   library removal time
                                              1.810427   data required time
---------------------------------------------------------------------------------------------
                                              1.810427   data required time
                                            -44.507702   data arrival time
---------------------------------------------------------------------------------------------
                                             42.697273   slack (MET)


Startpoint: rst_n (input port clocked by clk)
Endpoint: _234_ (removal check against rising-edge clock clk)
Path Group: asynchronous
Path Type: min

Fanout         Cap        Slew       Delay        Time   Description
---------------------------------------------------------------------------------------------
                                  0.000000    0.000000   clock clk (rise edge)
                                  0.000000    0.000000   clock network delay (propagated)
                                 40.000000   40.000000 ^ input external delay
     1    0.005750    0.203564    0.079829   40.079830 ^ rst_n (in)
                                                         rst_n (net)
                      0.203564    0.000000   40.079830 ^ input4/I (gf180mcu_fd_sc_mcu7t5v0__buf_1)
     1    0.007228    0.249128    0.339590   40.419418 ^ input4/Z (gf180mcu_fd_sc_mcu7t5v0__buf_1)
                                                         net4 (net)
                      0.249128    0.000167   40.419586 ^ fanout49/I (gf180mcu_fd_sc_mcu7t5v0__dlyb_1)
     1    0.005590    0.252831    1.351346   41.770931 ^ fanout49/Z (gf180mcu_fd_sc_mcu7t5v0__dlyb_1)
                                                         net49 (net)
                      0.252831    0.000142   41.771076 ^ wire51/I (gf180mcu_fd_sc_mcu7t5v0__buf_1)
     4    0.028071    0.720219    0.633158   42.404232 ^ wire51/Z (gf180mcu_fd_sc_mcu7t5v0__buf_1)
                                                         net51 (net)
                      0.720219    0.000519   42.404751 ^ fanout37/I (gf180mcu_fd_sc_mcu7t5v0__dlyb_1)
     3    0.018241    0.520070    1.578243   43.982994 ^ fanout37/Z (gf180mcu_fd_sc_mcu7t5v0__dlyb_1)
                                                         net37 (net)
                      0.520070    0.000369   43.983364 ^ load_slew39/I (gf180mcu_fd_sc_mcu7t5v0__clkbuf_2)
     3    0.023543    0.333252    0.517158   44.500523 ^ load_slew39/Z (gf180mcu_fd_sc_mcu7t5v0__clkbuf_2)
                                                         net39 (net)
                      0.333252    0.000515   44.501038 ^ _234_/RN (gf180mcu_fd_sc_mcu7t5v0__dffrnq_1)
                                             44.501038   data arrival time

                                  0.000000    0.000000   clock clk (rise edge)
                                  0.000000    0.000000   clock source latency
     1    0.043671    0.300830    0.152159    0.152159 ^ clk (in)
                                                         clk (net)
                      0.300831    0.000000    0.152159 ^ clkbuf_0_clk/I (gf180mcu_fd_sc_mcu7t5v0__clkbuf_16)
     8    0.196252    0.351884    0.505295    0.657453 ^ clkbuf_0_clk/Z (gf180mcu_fd_sc_mcu7t5v0__clkbuf_16)
                                                         clknet_0_clk (net)
                      0.351901    0.003672    0.661125 ^ clkbuf_3_3__f_clk/I (gf180mcu_fd_sc_mcu7t5v0__clkbuf_16)
     6    0.028726    0.131807    0.359307    1.020433 ^ clkbuf_3_3__f_clk/Z (gf180mcu_fd_sc_mcu7t5v0__clkbuf_16)
                                                         clknet_3_3__leaf_clk (net)
                      0.131807    0.000540    1.020973 ^ _234_/CLK (gf180mcu_fd_sc_mcu7t5v0__dffrnq_1)
                                  0.250000    1.270973   clock uncertainty
                                  0.000000    1.270973   clock reconvergence pessimism
                                  0.529543    1.800516   library removal time
                                              1.800516   data required time
---------------------------------------------------------------------------------------------
                                              1.800516   data required time
                                            -44.501038   data arrival time
---------------------------------------------------------------------------------------------
                                             42.700523   slack (MET)


Startpoint: rst_n (input port clocked by clk)
Endpoint: _241_ (removal check against rising-edge clock clk)
Path Group: asynchronous
Path Type: min

Fanout         Cap        Slew       Delay        Time   Description
---------------------------------------------------------------------------------------------
                                  0.000000    0.000000   clock clk (rise edge)
                                  0.000000    0.000000   clock network delay (propagated)
                                 40.000000   40.000000 ^ input external delay
     1    0.005750    0.203564    0.079829   40.079830 ^ rst_n (in)
                                                         rst_n (net)
                      0.203564    0.000000   40.079830 ^ input4/I (gf180mcu_fd_sc_mcu7t5v0__buf_1)
     1    0.007228    0.249128    0.339590   40.419418 ^ input4/Z (gf180mcu_fd_sc_mcu7t5v0__buf_1)
                                                         net4 (net)
                      0.249128    0.000167   40.419586 ^ fanout49/I (gf180mcu_fd_sc_mcu7t5v0__dlyb_1)
     1    0.005590    0.252831    1.351346   41.770931 ^ fanout49/Z (gf180mcu_fd_sc_mcu7t5v0__dlyb_1)
                                                         net49 (net)
                      0.252831    0.000142   41.771076 ^ wire51/I (gf180mcu_fd_sc_mcu7t5v0__buf_1)
     4    0.028071    0.720219    0.633158   42.404232 ^ wire51/Z (gf180mcu_fd_sc_mcu7t5v0__buf_1)
                                                         net51 (net)
                      0.720219    0.000519   42.404751 ^ fanout37/I (gf180mcu_fd_sc_mcu7t5v0__dlyb_1)
     3    0.018241    0.520070    1.578243   43.982994 ^ fanout37/Z (gf180mcu_fd_sc_mcu7t5v0__dlyb_1)
                                                         net37 (net)
                      0.520070    0.000369   43.983364 ^ load_slew40/I (gf180mcu_fd_sc_mcu7t5v0__clkbuf_2)
     3    0.024530    0.344198    0.523805   44.507168 ^ load_slew40/Z (gf180mcu_fd_sc_mcu7t5v0__clkbuf_2)
                                                         net40 (net)
                      0.344198    0.000533   44.507702 ^ _241_/RN (gf180mcu_fd_sc_mcu7t5v0__dffrnq_1)
                                             44.507702   data arrival time

                                  0.000000    0.000000   clock clk (rise edge)
                                  0.000000    0.000000   clock source latency
     1    0.043671    0.300830    0.152159    0.152159 ^ clk (in)
                                                         clk (net)
                      0.300831    0.000000    0.152159 ^ clkbuf_0_clk/I (gf180mcu_fd_sc_mcu7t5v0__clkbuf_16)
     8    0.196252    0.351884    0.505295    0.657453 ^ clkbuf_0_clk/Z (gf180mcu_fd_sc_mcu7t5v0__clkbuf_16)
                                                         clknet_0_clk (net)
                      0.351901    0.003673    0.661126 ^ clkbuf_3_0__f_clk/I (gf180mcu_fd_sc_mcu7t5v0__clkbuf_16)
     6    0.031840    0.135908    0.362942    1.024068 ^ clkbuf_3_0__f_clk/Z (gf180mcu_fd_sc_mcu7t5v0__clkbuf_16)
                                                         clknet_3_0__leaf_clk (net)
                      0.135908    0.000593    1.024661 ^ _241_/CLK (gf180mcu_fd_sc_mcu7t5v0__dffrnq_1)
                                  0.250000    1.274661   clock uncertainty
                                  0.000000    1.274661   clock reconvergence pessimism
                                  0.532188    1.806848   library removal time
                                              1.806848   data required time
---------------------------------------------------------------------------------------------
                                              1.806848   data required time
                                            -44.507702   data arrival time
---------------------------------------------------------------------------------------------
                                             42.700851   slack (MET)


Startpoint: rst_n (input port clocked by clk)
Endpoint: _244_ (removal check against rising-edge clock clk)
Path Group: asynchronous
Path Type: min

Fanout         Cap        Slew       Delay        Time   Description
---------------------------------------------------------------------------------------------
                                  0.000000    0.000000   clock clk (rise edge)
                                  0.000000    0.000000   clock network delay (propagated)
                                 40.000000   40.000000 ^ input external delay
     1    0.005750    0.203564    0.079829   40.079830 ^ rst_n (in)
                                                         rst_n (net)
                      0.203564    0.000000   40.079830 ^ input4/I (gf180mcu_fd_sc_mcu7t5v0__buf_1)
     1    0.007228    0.249128    0.339590   40.419418 ^ input4/Z (gf180mcu_fd_sc_mcu7t5v0__buf_1)
                                                         net4 (net)
                      0.249128    0.000167   40.419586 ^ fanout49/I (gf180mcu_fd_sc_mcu7t5v0__dlyb_1)
     1    0.005590    0.252831    1.351346   41.770931 ^ fanout49/Z (gf180mcu_fd_sc_mcu7t5v0__dlyb_1)
                                                         net49 (net)
                      0.252831    0.000142   41.771076 ^ wire51/I (gf180mcu_fd_sc_mcu7t5v0__buf_1)
     4    0.028071    0.720219    0.633158   42.404232 ^ wire51/Z (gf180mcu_fd_sc_mcu7t5v0__buf_1)
                                                         net51 (net)
                      0.720219    0.000519   42.404751 ^ fanout41/I (gf180mcu_fd_sc_mcu7t5v0__dlyb_1)
     4    0.028380    0.739502    1.716721   44.121471 ^ fanout41/Z (gf180mcu_fd_sc_mcu7t5v0__dlyb_1)
                                                         net41 (net)
                      0.739502    0.000561   44.122032 ^ load_slew44/I (gf180mcu_fd_sc_mcu7t5v0__buf_2)
     3    0.022597    0.318774    0.441801   44.563835 ^ load_slew44/Z (gf180mcu_fd_sc_mcu7t5v0__buf_2)
                                                         net44 (net)
                      0.318774    0.000501   44.564335 ^ _244_/RN (gf180mcu_fd_sc_mcu7t5v0__dffrnq_1)
                                             44.564335   data arrival time

                                  0.000000    0.000000   clock clk (rise edge)
                                  0.000000    0.000000   clock source latency
     1    0.043671    0.300830    0.152159    0.152159 ^ clk (in)
                                                         clk (net)
                      0.300831    0.000000    0.152159 ^ clkbuf_0_clk/I (gf180mcu_fd_sc_mcu7t5v0__clkbuf_16)
     8    0.196252    0.351884    0.505295    0.657453 ^ clkbuf_0_clk/Z (gf180mcu_fd_sc_mcu7t5v0__clkbuf_16)
                                                         clknet_0_clk (net)
                      0.351901    0.003673    0.661126 ^ clkbuf_3_7__f_clk/I (gf180mcu_fd_sc_mcu7t5v0__clkbuf_16)
     6    0.028080    0.130955    0.358553    1.019679 ^ clkbuf_3_7__f_clk/Z (gf180mcu_fd_sc_mcu7t5v0__clkbuf_16)
                                                         clknet_3_7__leaf_clk (net)
                      0.130956    0.000529    1.020208 ^ _244_/CLK (gf180mcu_fd_sc_mcu7t5v0__dffrnq_1)
                                  0.250000    1.270208   clock uncertainty
                                  0.000000    1.270208   clock reconvergence pessimism
                                  0.527102    1.797311   library removal time
                                              1.797311   data required time
---------------------------------------------------------------------------------------------
                                              1.797311   data required time
                                            -44.564335   data arrival time
---------------------------------------------------------------------------------------------
                                             42.767025   slack (MET)


Startpoint: rst_n (input port clocked by clk)
Endpoint: _245_ (removal check against rising-edge clock clk)
Path Group: asynchronous
Path Type: min

Fanout         Cap        Slew       Delay        Time   Description
---------------------------------------------------------------------------------------------
                                  0.000000    0.000000   clock clk (rise edge)
                                  0.000000    0.000000   clock network delay (propagated)
                                 40.000000   40.000000 ^ input external delay
     1    0.005750    0.203564    0.079829   40.079830 ^ rst_n (in)
                                                         rst_n (net)
                      0.203564    0.000000   40.079830 ^ input4/I (gf180mcu_fd_sc_mcu7t5v0__buf_1)
     1    0.007228    0.249128    0.339590   40.419418 ^ input4/Z (gf180mcu_fd_sc_mcu7t5v0__buf_1)
                                                         net4 (net)
                      0.249128    0.000167   40.419586 ^ fanout49/I (gf180mcu_fd_sc_mcu7t5v0__dlyb_1)
     1    0.005590    0.252831    1.351346   41.770931 ^ fanout49/Z (gf180mcu_fd_sc_mcu7t5v0__dlyb_1)
                                                         net49 (net)
                      0.252831    0.000142   41.771076 ^ wire51/I (gf180mcu_fd_sc_mcu7t5v0__buf_1)
     4    0.028071    0.720219    0.633158   42.404232 ^ wire51/Z (gf180mcu_fd_sc_mcu7t5v0__buf_1)
                                                         net51 (net)
                      0.720219    0.000519   42.404751 ^ fanout41/I (gf180mcu_fd_sc_mcu7t5v0__dlyb_1)
     4    0.028380    0.739502    1.716721   44.121471 ^ fanout41/Z (gf180mcu_fd_sc_mcu7t5v0__dlyb_1)
                                                         net41 (net)
                      0.739502    0.000561   44.122032 ^ load_slew44/I (gf180mcu_fd_sc_mcu7t5v0__buf_2)
     3    0.022597    0.318774    0.441801   44.563835 ^ load_slew44/Z (gf180mcu_fd_sc_mcu7t5v0__buf_2)
                                                         net44 (net)
                      0.318774    0.000501   44.564335 ^ _245_/RN (gf180mcu_fd_sc_mcu7t5v0__dffrnq_1)
                                             44.564335   data arrival time

                                  0.000000    0.000000   clock clk (rise edge)
                                  0.000000    0.000000   clock source latency
     1    0.043671    0.300830    0.152159    0.152159 ^ clk (in)
                                                         clk (net)
                      0.300831    0.000000    0.152159 ^ clkbuf_0_clk/I (gf180mcu_fd_sc_mcu7t5v0__clkbuf_16)
     8    0.196252    0.351884    0.505295    0.657453 ^ clkbuf_0_clk/Z (gf180mcu_fd_sc_mcu7t5v0__clkbuf_16)
                                                         clknet_0_clk (net)
                      0.351901    0.003673    0.661126 ^ clkbuf_3_7__f_clk/I (gf180mcu_fd_sc_mcu7t5v0__clkbuf_16)
     6    0.028080    0.130955    0.358553    1.019679 ^ clkbuf_3_7__f_clk/Z (gf180mcu_fd_sc_mcu7t5v0__clkbuf_16)
                                                         clknet_3_7__leaf_clk (net)
                      0.130956    0.000529    1.020208 ^ _245_/CLK (gf180mcu_fd_sc_mcu7t5v0__dffrnq_1)
                                  0.250000    1.270208   clock uncertainty
                                  0.000000    1.270208   clock reconvergence pessimism
                                  0.527102    1.797311   library removal time
                                              1.797311   data required time
---------------------------------------------------------------------------------------------
                                              1.797311   data required time
                                            -44.564335   data arrival time
---------------------------------------------------------------------------------------------
                                             42.767025   slack (MET)


Startpoint: rst_n (input port clocked by clk)
Endpoint: _238_ (removal check against rising-edge clock clk)
Path Group: asynchronous
Path Type: min

Fanout         Cap        Slew       Delay        Time   Description
---------------------------------------------------------------------------------------------
                                  0.000000    0.000000   clock clk (rise edge)
                                  0.000000    0.000000   clock network delay (propagated)
                                 40.000000   40.000000 ^ input external delay
     1    0.005750    0.203564    0.079829   40.079830 ^ rst_n (in)
                                                         rst_n (net)
                      0.203564    0.000000   40.079830 ^ input4/I (gf180mcu_fd_sc_mcu7t5v0__buf_1)
     1    0.007228    0.249128    0.339590   40.419418 ^ input4/Z (gf180mcu_fd_sc_mcu7t5v0__buf_1)
                                                         net4 (net)
                      0.249128    0.000167   40.419586 ^ fanout49/I (gf180mcu_fd_sc_mcu7t5v0__dlyb_1)
     1    0.005590    0.252831    1.351346   41.770931 ^ fanout49/Z (gf180mcu_fd_sc_mcu7t5v0__dlyb_1)
                                                         net49 (net)
                      0.252831    0.000142   41.771076 ^ wire51/I (gf180mcu_fd_sc_mcu7t5v0__buf_1)
     4    0.028071    0.720219    0.633158   42.404232 ^ wire51/Z (gf180mcu_fd_sc_mcu7t5v0__buf_1)
                                                         net51 (net)
                      0.720219    0.000519   42.404751 ^ fanout41/I (gf180mcu_fd_sc_mcu7t5v0__dlyb_1)
     4    0.028380    0.739502    1.716721   44.121471 ^ fanout41/Z (gf180mcu_fd_sc_mcu7t5v0__dlyb_1)
                                                         net41 (net)
                      0.739502    0.000561   44.122032 ^ load_slew43/I (gf180mcu_fd_sc_mcu7t5v0__buf_2)
     3    0.027110    0.369393    0.472220   44.594254 ^ load_slew43/Z (gf180mcu_fd_sc_mcu7t5v0__buf_2)
                                                         net43 (net)
                      0.369393    0.000576   44.594830 ^ _238_/RN (gf180mcu_fd_sc_mcu7t5v0__dffrnq_1)
                                             44.594830   data arrival time

                                  0.000000    0.000000   clock clk (rise edge)
                                  0.000000    0.000000   clock source latency
     1    0.043671    0.300830    0.152159    0.152159 ^ clk (in)
                                                         clk (net)
                      0.300831    0.000000    0.152159 ^ clkbuf_0_clk/I (gf180mcu_fd_sc_mcu7t5v0__clkbuf_16)
     8    0.196252    0.351884    0.505295    0.657453 ^ clkbuf_0_clk/Z (gf180mcu_fd_sc_mcu7t5v0__clkbuf_16)
                                                         clknet_0_clk (net)
                      0.351901    0.003672    0.661125 ^ clkbuf_3_1__f_clk/I (gf180mcu_fd_sc_mcu7t5v0__clkbuf_16)
     6    0.034246    0.139071    0.365748    1.026873 ^ clkbuf_3_1__f_clk/Z (gf180mcu_fd_sc_mcu7t5v0__clkbuf_16)
                                                         clknet_3_1__leaf_clk (net)
                      0.139072    0.000633    1.027506 ^ _238_/CLK (gf180mcu_fd_sc_mcu7t5v0__dffrnq_1)
                                  0.250000    1.277506   clock uncertainty
                                  0.000000    1.277506   clock reconvergence pessimism
                                  0.536809    1.814315   library removal time
                                              1.814315   data required time
---------------------------------------------------------------------------------------------
                                              1.814315   data required time
                                            -44.594830   data arrival time
---------------------------------------------------------------------------------------------
                                             42.780514   slack (MET)


Startpoint: rst_n (input port clocked by clk)
Endpoint: _253_ (removal check against rising-edge clock clk)
Path Group: asynchronous
Path Type: min

Fanout         Cap        Slew       Delay        Time   Description
---------------------------------------------------------------------------------------------
                                  0.000000    0.000000   clock clk (rise edge)
                                  0.000000    0.000000   clock network delay (propagated)
                                 40.000000   40.000000 ^ input external delay
     1    0.005750    0.203564    0.079829   40.079830 ^ rst_n (in)
                                                         rst_n (net)
                      0.203564    0.000000   40.079830 ^ input4/I (gf180mcu_fd_sc_mcu7t5v0__buf_1)
     1    0.007228    0.249128    0.339590   40.419418 ^ input4/Z (gf180mcu_fd_sc_mcu7t5v0__buf_1)
                                                         net4 (net)
                      0.249128    0.000167   40.419586 ^ fanout49/I (gf180mcu_fd_sc_mcu7t5v0__dlyb_1)
     1    0.005590    0.252831    1.351346   41.770931 ^ fanout49/Z (gf180mcu_fd_sc_mcu7t5v0__dlyb_1)
                                                         net49 (net)
                      0.252831    0.000142   41.771076 ^ wire51/I (gf180mcu_fd_sc_mcu7t5v0__buf_1)
     4    0.028071    0.720219    0.633158   42.404232 ^ wire51/Z (gf180mcu_fd_sc_mcu7t5v0__buf_1)
                                                         net51 (net)
                      0.720219    0.000519   42.404751 ^ fanout45/I (gf180mcu_fd_sc_mcu7t5v0__dlyb_1)
     3    0.021315    0.586458    1.620208   44.024960 ^ fanout45/Z (gf180mcu_fd_sc_mcu7t5v0__dlyb_1)
                                                         net45 (net)
                      0.586458    0.000419   44.025379 ^ load_slew48/I (gf180mcu_fd_sc_mcu7t5v0__clkbuf_1)
     3    0.021970    0.572251    0.593790   44.619167 ^ load_slew48/Z (gf180mcu_fd_sc_mcu7t5v0__clkbuf_1)
                                                         net48 (net)
                      0.572251    0.000490   44.619659 ^ _253_/RN (gf180mcu_fd_sc_mcu7t5v0__dffrnq_1)
                                             44.619659   data arrival time

                                  0.000000    0.000000   clock clk (rise edge)
                                  0.000000    0.000000   clock source latency
     1    0.043671    0.300830    0.152159    0.152159 ^ clk (in)
                                                         clk (net)
                      0.300831    0.000000    0.152159 ^ clkbuf_0_clk/I (gf180mcu_fd_sc_mcu7t5v0__clkbuf_16)
     8    0.196252    0.351884    0.505295    0.657453 ^ clkbuf_0_clk/Z (gf180mcu_fd_sc_mcu7t5v0__clkbuf_16)
                                                         clknet_0_clk (net)
                      0.351901    0.003673    0.661126 ^ clkbuf_3_5__f_clk/I (gf180mcu_fd_sc_mcu7t5v0__clkbuf_16)
     6    0.029730    0.133130    0.360480    1.021606 ^ clkbuf_3_5__f_clk/Z (gf180mcu_fd_sc_mcu7t5v0__clkbuf_16)
                                                         clknet_3_5__leaf_clk (net)
                      0.133131    0.000557    1.022163 ^ _253_/CLK (gf180mcu_fd_sc_mcu7t5v0__dffrnq_1)
                                  0.250000    1.272163   clock uncertainty
                                  0.000000    1.272163   clock reconvergence pessimism
                                  0.566841    1.839004   library removal time
                                              1.839004   data required time
---------------------------------------------------------------------------------------------
                                              1.839004   data required time
                                            -44.619659   data arrival time
---------------------------------------------------------------------------------------------
                                             42.780655   slack (MET)


Startpoint: rst_n (input port clocked by clk)
Endpoint: _254_ (removal check against rising-edge clock clk)
Path Group: asynchronous
Path Type: min

Fanout         Cap        Slew       Delay        Time   Description
---------------------------------------------------------------------------------------------
                                  0.000000    0.000000   clock clk (rise edge)
                                  0.000000    0.000000   clock network delay (propagated)
                                 40.000000   40.000000 ^ input external delay
     1    0.005750    0.203564    0.079829   40.079830 ^ rst_n (in)
                                                         rst_n (net)
                      0.203564    0.000000   40.079830 ^ input4/I (gf180mcu_fd_sc_mcu7t5v0__buf_1)
     1    0.007228    0.249128    0.339590   40.419418 ^ input4/Z (gf180mcu_fd_sc_mcu7t5v0__buf_1)
                                                         net4 (net)
                      0.249128    0.000167   40.419586 ^ fanout49/I (gf180mcu_fd_sc_mcu7t5v0__dlyb_1)
     1    0.005590    0.252831    1.351346   41.770931 ^ fanout49/Z (gf180mcu_fd_sc_mcu7t5v0__dlyb_1)
                                                         net49 (net)
                      0.252831    0.000142   41.771076 ^ wire51/I (gf180mcu_fd_sc_mcu7t5v0__buf_1)
     4    0.028071    0.720219    0.633158   42.404232 ^ wire51/Z (gf180mcu_fd_sc_mcu7t5v0__buf_1)
                                                         net51 (net)
                      0.720219    0.000519   42.404751 ^ fanout45/I (gf180mcu_fd_sc_mcu7t5v0__dlyb_1)
     3    0.021315    0.586458    1.620208   44.024960 ^ fanout45/Z (gf180mcu_fd_sc_mcu7t5v0__dlyb_1)
                                                         net45 (net)
                      0.586458    0.000419   44.025379 ^ load_slew48/I (gf180mcu_fd_sc_mcu7t5v0__clkbuf_1)
     3    0.021970    0.572251    0.593790   44.619167 ^ load_slew48/Z (gf180mcu_fd_sc_mcu7t5v0__clkbuf_1)
                                                         net48 (net)
                      0.572251    0.000490   44.619659 ^ _254_/RN (gf180mcu_fd_sc_mcu7t5v0__dffrnq_1)
                                             44.619659   data arrival time

                                  0.000000    0.000000   clock clk (rise edge)
                                  0.000000    0.000000   clock source latency
     1    0.043671    0.300830    0.152159    0.152159 ^ clk (in)
                                                         clk (net)
                      0.300831    0.000000    0.152159 ^ clkbuf_0_clk/I (gf180mcu_fd_sc_mcu7t5v0__clkbuf_16)
     8    0.196252    0.351884    0.505295    0.657453 ^ clkbuf_0_clk/Z (gf180mcu_fd_sc_mcu7t5v0__clkbuf_16)
                                                         clknet_0_clk (net)
                      0.351901    0.003673    0.661126 ^ clkbuf_3_5__f_clk/I (gf180mcu_fd_sc_mcu7t5v0__clkbuf_16)
     6    0.029730    0.133130    0.360480    1.021606 ^ clkbuf_3_5__f_clk/Z (gf180mcu_fd_sc_mcu7t5v0__clkbuf_16)
                                                         clknet_3_5__leaf_clk (net)
                      0.133131    0.000557    1.022163 ^ _254_/CLK (gf180mcu_fd_sc_mcu7t5v0__dffrnq_1)
                                  0.250000    1.272163   clock uncertainty
                                  0.000000    1.272163   clock reconvergence pessimism
                                  0.566841    1.839004   library removal time
                                              1.839004   data required time
---------------------------------------------------------------------------------------------
                                              1.839004   data required time
                                            -44.619659   data arrival time
---------------------------------------------------------------------------------------------
                                             42.780655   slack (MET)


Startpoint: rst_n (input port clocked by clk)
Endpoint: _237_ (removal check against rising-edge clock clk)
Path Group: asynchronous
Path Type: min

Fanout         Cap        Slew       Delay        Time   Description
---------------------------------------------------------------------------------------------
                                  0.000000    0.000000   clock clk (rise edge)
                                  0.000000    0.000000   clock network delay (propagated)
                                 40.000000   40.000000 ^ input external delay
     1    0.005750    0.203564    0.079829   40.079830 ^ rst_n (in)
                                                         rst_n (net)
                      0.203564    0.000000   40.079830 ^ input4/I (gf180mcu_fd_sc_mcu7t5v0__buf_1)
     1    0.007228    0.249128    0.339590   40.419418 ^ input4/Z (gf180mcu_fd_sc_mcu7t5v0__buf_1)
                                                         net4 (net)
                      0.249128    0.000167   40.419586 ^ fanout49/I (gf180mcu_fd_sc_mcu7t5v0__dlyb_1)
     1    0.005590    0.252831    1.351346   41.770931 ^ fanout49/Z (gf180mcu_fd_sc_mcu7t5v0__dlyb_1)
                                                         net49 (net)
                      0.252831    0.000142   41.771076 ^ wire51/I (gf180mcu_fd_sc_mcu7t5v0__buf_1)
     4    0.028071    0.720219    0.633158   42.404232 ^ wire51/Z (gf180mcu_fd_sc_mcu7t5v0__buf_1)
                                                         net51 (net)
                      0.720219    0.000519   42.404751 ^ fanout41/I (gf180mcu_fd_sc_mcu7t5v0__dlyb_1)
     4    0.028380    0.739502    1.716721   44.121471 ^ fanout41/Z (gf180mcu_fd_sc_mcu7t5v0__dlyb_1)
                                                         net41 (net)
                      0.739502    0.000561   44.122032 ^ load_slew43/I (gf180mcu_fd_sc_mcu7t5v0__buf_2)
     3    0.027110    0.369393    0.472220   44.594254 ^ load_slew43/Z (gf180mcu_fd_sc_mcu7t5v0__buf_2)
                                                         net43 (net)
                      0.369393    0.000576   44.594830 ^ _237_/RN (gf180mcu_fd_sc_mcu7t5v0__dffrnq_1)
                                             44.594830   data arrival time

                                  0.000000    0.000000   clock clk (rise edge)
                                  0.000000    0.000000   clock source latency
     1    0.043671    0.300830    0.152159    0.152159 ^ clk (in)
                                                         clk (net)
                      0.300831    0.000000    0.152159 ^ clkbuf_0_clk/I (gf180mcu_fd_sc_mcu7t5v0__clkbuf_16)
     8    0.196252    0.351884    0.505295    0.657453 ^ clkbuf_0_clk/Z (gf180mcu_fd_sc_mcu7t5v0__clkbuf_16)
                                                         clknet_0_clk (net)
                      0.351901    0.003673    0.661126 ^ clkbuf_3_7__f_clk/I (gf180mcu_fd_sc_mcu7t5v0__clkbuf_16)
     6    0.028080    0.130955    0.358553    1.019679 ^ clkbuf_3_7__f_clk/Z (gf180mcu_fd_sc_mcu7t5v0__clkbuf_16)
                                                         clknet_3_7__leaf_clk (net)
                      0.130956    0.000529    1.020209 ^ _237_/CLK (gf180mcu_fd_sc_mcu7t5v0__dffrnq_1)
                                  0.250000    1.270209   clock uncertainty
                                  0.000000    1.270209   clock reconvergence pessimism
                                  0.534944    1.805153   library removal time
                                              1.805153   data required time
---------------------------------------------------------------------------------------------
                                              1.805153   data required time
                                            -44.594830   data arrival time
---------------------------------------------------------------------------------------------
                                             42.789677   slack (MET)


Startpoint: rst_n (input port clocked by clk)
Endpoint: _248_ (removal check against rising-edge clock clk)
Path Group: asynchronous
Path Type: min

Fanout         Cap        Slew       Delay        Time   Description
---------------------------------------------------------------------------------------------
                                  0.000000    0.000000   clock clk (rise edge)
                                  0.000000    0.000000   clock network delay (propagated)
                                 40.000000   40.000000 ^ input external delay
     1    0.005750    0.203564    0.079829   40.079830 ^ rst_n (in)
                                                         rst_n (net)
                      0.203564    0.000000   40.079830 ^ input4/I (gf180mcu_fd_sc_mcu7t5v0__buf_1)
     1    0.007228    0.249128    0.339590   40.419418 ^ input4/Z (gf180mcu_fd_sc_mcu7t5v0__buf_1)
                                                         net4 (net)
                      0.249128    0.000167   40.419586 ^ fanout49/I (gf180mcu_fd_sc_mcu7t5v0__dlyb_1)
     1    0.005590    0.252831    1.351346   41.770931 ^ fanout49/Z (gf180mcu_fd_sc_mcu7t5v0__dlyb_1)
                                                         net49 (net)
                      0.252831    0.000142   41.771076 ^ wire51/I (gf180mcu_fd_sc_mcu7t5v0__buf_1)
     4    0.028071    0.720219    0.633158   42.404232 ^ wire51/Z (gf180mcu_fd_sc_mcu7t5v0__buf_1)
                                                         net51 (net)
                      0.720219    0.000519   42.404751 ^ fanout41/I (gf180mcu_fd_sc_mcu7t5v0__dlyb_1)
     4    0.028380    0.739502    1.716721   44.121471 ^ fanout41/Z (gf180mcu_fd_sc_mcu7t5v0__dlyb_1)
                                                         net41 (net)
                      0.739502    0.000561   44.122032 ^ load_slew43/I (gf180mcu_fd_sc_mcu7t5v0__buf_2)
     3    0.027110    0.369393    0.472220   44.594254 ^ load_slew43/Z (gf180mcu_fd_sc_mcu7t5v0__buf_2)
                                                         net43 (net)
                      0.369393    0.000576   44.594830 ^ _248_/RN (gf180mcu_fd_sc_mcu7t5v0__dffrnq_1)
                                             44.594830   data arrival time

                                  0.000000    0.000000   clock clk (rise edge)
                                  0.000000    0.000000   clock source latency
     1    0.043671    0.300830    0.152159    0.152159 ^ clk (in)
                                                         clk (net)
                      0.300831    0.000000    0.152159 ^ clkbuf_0_clk/I (gf180mcu_fd_sc_mcu7t5v0__clkbuf_16)
     8    0.196252    0.351884    0.505295    0.657453 ^ clkbuf_0_clk/Z (gf180mcu_fd_sc_mcu7t5v0__clkbuf_16)
                                                         clknet_0_clk (net)
                      0.351901    0.003673    0.661126 ^ clkbuf_3_7__f_clk/I (gf180mcu_fd_sc_mcu7t5v0__clkbuf_16)
     6    0.028080    0.130955    0.358553    1.019679 ^ clkbuf_3_7__f_clk/Z (gf180mcu_fd_sc_mcu7t5v0__clkbuf_16)
                                                         clknet_3_7__leaf_clk (net)
                      0.130956    0.000529    1.020209 ^ _248_/CLK (gf180mcu_fd_sc_mcu7t5v0__dffrnq_1)
                                  0.250000    1.270209   clock uncertainty
                                  0.000000    1.270209   clock reconvergence pessimism
                                  0.534944    1.805153   library removal time
                                              1.805153   data required time
---------------------------------------------------------------------------------------------
                                              1.805153   data required time
                                            -44.594830   data arrival time
---------------------------------------------------------------------------------------------
                                             42.789677   slack (MET)


Startpoint: rst_n (input port clocked by clk)
Endpoint: _239_ (removal check against rising-edge clock clk)
Path Group: asynchronous
Path Type: min

Fanout         Cap        Slew       Delay        Time   Description
---------------------------------------------------------------------------------------------
                                  0.000000    0.000000   clock clk (rise edge)
                                  0.000000    0.000000   clock network delay (propagated)
                                 40.000000   40.000000 ^ input external delay
     1    0.005750    0.203564    0.079829   40.079830 ^ rst_n (in)
                                                         rst_n (net)
                      0.203564    0.000000   40.079830 ^ input4/I (gf180mcu_fd_sc_mcu7t5v0__buf_1)
     1    0.007228    0.249128    0.339590   40.419418 ^ input4/Z (gf180mcu_fd_sc_mcu7t5v0__buf_1)
                                                         net4 (net)
                      0.249128    0.000167   40.419586 ^ fanout49/I (gf180mcu_fd_sc_mcu7t5v0__dlyb_1)
     1    0.005590    0.252831    1.351346   41.770931 ^ fanout49/Z (gf180mcu_fd_sc_mcu7t5v0__dlyb_1)
                                                         net49 (net)
                      0.252831    0.000142   41.771076 ^ wire51/I (gf180mcu_fd_sc_mcu7t5v0__buf_1)
     4    0.028071    0.720219    0.633158   42.404232 ^ wire51/Z (gf180mcu_fd_sc_mcu7t5v0__buf_1)
                                                         net51 (net)
                      0.720219    0.000519   42.404751 ^ fanout37/I (gf180mcu_fd_sc_mcu7t5v0__dlyb_1)
     3    0.018241    0.520070    1.578243   43.982994 ^ fanout37/Z (gf180mcu_fd_sc_mcu7t5v0__dlyb_1)
                                                         net37 (net)
                      0.520070    0.000369   43.983364 ^ load_slew40/I (gf180mcu_fd_sc_mcu7t5v0__clkbuf_2)
     3    0.024530    0.344198    0.523805   44.507168 ^ load_slew40/Z (gf180mcu_fd_sc_mcu7t5v0__clkbuf_2)
                                                         net40 (net)
                      0.344198    0.000473   44.507641 ^ load_slew38/I (gf180mcu_fd_sc_mcu7t5v0__clkbuf_2)
     3    0.026401    0.362634    0.502972   45.010612 ^ load_slew38/Z (gf180mcu_fd_sc_mcu7t5v0__clkbuf_2)
                                                         net38 (net)
                      0.362634    0.000565   45.011177 ^ _239_/RN (gf180mcu_fd_sc_mcu7t5v0__dffrnq_1)
                                             45.011177   data arrival time

                                  0.000000    0.000000   clock clk (rise edge)
                                  0.000000    0.000000   clock source latency
     1    0.043671    0.300830    0.152159    0.152159 ^ clk (in)
                                                         clk (net)
                      0.300831    0.000000    0.152159 ^ clkbuf_0_clk/I (gf180mcu_fd_sc_mcu7t5v0__clkbuf_16)
     8    0.196252    0.351884    0.505295    0.657453 ^ clkbuf_0_clk/Z (gf180mcu_fd_sc_mcu7t5v0__clkbuf_16)
                                                         clknet_0_clk (net)
                      0.351901    0.003673    0.661126 ^ clkbuf_3_0__f_clk/I (gf180mcu_fd_sc_mcu7t5v0__clkbuf_16)
     6    0.031840    0.135908    0.362942    1.024068 ^ clkbuf_3_0__f_clk/Z (gf180mcu_fd_sc_mcu7t5v0__clkbuf_16)
                                                         clknet_3_0__leaf_clk (net)
                      0.135908    0.000593    1.024660 ^ _239_/CLK (gf180mcu_fd_sc_mcu7t5v0__dffrnq_1)
                                  0.250000    1.274660   clock uncertainty
                                  0.000000    1.274660   clock reconvergence pessimism
                                  0.535037    1.809698   library removal time
                                              1.809698   data required time
---------------------------------------------------------------------------------------------
                                              1.809698   data required time
                                            -45.011177   data arrival time
---------------------------------------------------------------------------------------------
                                             43.201481   slack (MET)


Startpoint: rst_n (input port clocked by clk)
Endpoint: _240_ (removal check against rising-edge clock clk)
Path Group: asynchronous
Path Type: min

Fanout         Cap        Slew       Delay        Time   Description
---------------------------------------------------------------------------------------------
                                  0.000000    0.000000   clock clk (rise edge)
                                  0.000000    0.000000   clock network delay (propagated)
                                 40.000000   40.000000 ^ input external delay
     1    0.005750    0.203564    0.079829   40.079830 ^ rst_n (in)
                                                         rst_n (net)
                      0.203564    0.000000   40.079830 ^ input4/I (gf180mcu_fd_sc_mcu7t5v0__buf_1)
     1    0.007228    0.249128    0.339590   40.419418 ^ input4/Z (gf180mcu_fd_sc_mcu7t5v0__buf_1)
                                                         net4 (net)
                      0.249128    0.000167   40.419586 ^ fanout49/I (gf180mcu_fd_sc_mcu7t5v0__dlyb_1)
     1    0.005590    0.252831    1.351346   41.770931 ^ fanout49/Z (gf180mcu_fd_sc_mcu7t5v0__dlyb_1)
                                                         net49 (net)
                      0.252831    0.000142   41.771076 ^ wire51/I (gf180mcu_fd_sc_mcu7t5v0__buf_1)
     4    0.028071    0.720219    0.633158   42.404232 ^ wire51/Z (gf180mcu_fd_sc_mcu7t5v0__buf_1)
                                                         net51 (net)
                      0.720219    0.000519   42.404751 ^ fanout37/I (gf180mcu_fd_sc_mcu7t5v0__dlyb_1)
     3    0.018241    0.520070    1.578243   43.982994 ^ fanout37/Z (gf180mcu_fd_sc_mcu7t5v0__dlyb_1)
                                                         net37 (net)
                      0.520070    0.000369   43.983364 ^ load_slew40/I (gf180mcu_fd_sc_mcu7t5v0__clkbuf_2)
     3    0.024530    0.344198    0.523805   44.507168 ^ load_slew40/Z (gf180mcu_fd_sc_mcu7t5v0__clkbuf_2)
                                                         net40 (net)
                      0.344198    0.000473   44.507641 ^ load_slew38/I (gf180mcu_fd_sc_mcu7t5v0__clkbuf_2)
     3    0.026401    0.362634    0.502972   45.010612 ^ load_slew38/Z (gf180mcu_fd_sc_mcu7t5v0__clkbuf_2)
                                                         net38 (net)
                      0.362634    0.000565   45.011177 ^ _240_/RN (gf180mcu_fd_sc_mcu7t5v0__dffrnq_1)
                                             45.011177   data arrival time

                                  0.000000    0.000000   clock clk (rise edge)
                                  0.000000    0.000000   clock source latency
     1    0.043671    0.300830    0.152159    0.152159 ^ clk (in)
                                                         clk (net)
                      0.300831    0.000000    0.152159 ^ clkbuf_0_clk/I (gf180mcu_fd_sc_mcu7t5v0__clkbuf_16)
     8    0.196252    0.351884    0.505295    0.657453 ^ clkbuf_0_clk/Z (gf180mcu_fd_sc_mcu7t5v0__clkbuf_16)
                                                         clknet_0_clk (net)
                      0.351901    0.003673    0.661126 ^ clkbuf_3_0__f_clk/I (gf180mcu_fd_sc_mcu7t5v0__clkbuf_16)
     6    0.031840    0.135908    0.362942    1.024068 ^ clkbuf_3_0__f_clk/Z (gf180mcu_fd_sc_mcu7t5v0__clkbuf_16)
                                                         clknet_3_0__leaf_clk (net)
                      0.135908    0.000593    1.024661 ^ _240_/CLK (gf180mcu_fd_sc_mcu7t5v0__dffrnq_1)
                                  0.250000    1.274661   clock uncertainty
                                  0.000000    1.274661   clock reconvergence pessimism
                                  0.535037    1.809698   library removal time
                                              1.809698   data required time
---------------------------------------------------------------------------------------------
                                              1.809698   data required time
                                            -45.011177   data arrival time
---------------------------------------------------------------------------------------------
                                             43.201481   slack (MET)


Startpoint: rst_n (input port clocked by clk)
Endpoint: _242_ (removal check against rising-edge clock clk)
Path Group: asynchronous
Path Type: min

Fanout         Cap        Slew       Delay        Time   Description
---------------------------------------------------------------------------------------------
                                  0.000000    0.000000   clock clk (rise edge)
                                  0.000000    0.000000   clock network delay (propagated)
                                 40.000000   40.000000 ^ input external delay
     1    0.005750    0.203564    0.079829   40.079830 ^ rst_n (in)
                                                         rst_n (net)
                      0.203564    0.000000   40.079830 ^ input4/I (gf180mcu_fd_sc_mcu7t5v0__buf_1)
     1    0.007228    0.249128    0.339590   40.419418 ^ input4/Z (gf180mcu_fd_sc_mcu7t5v0__buf_1)
                                                         net4 (net)
                      0.249128    0.000167   40.419586 ^ fanout49/I (gf180mcu_fd_sc_mcu7t5v0__dlyb_1)
     1    0.005590    0.252831    1.351346   41.770931 ^ fanout49/Z (gf180mcu_fd_sc_mcu7t5v0__dlyb_1)
                                                         net49 (net)
                      0.252831    0.000142   41.771076 ^ wire51/I (gf180mcu_fd_sc_mcu7t5v0__buf_1)
     4    0.028071    0.720219    0.633158   42.404232 ^ wire51/Z (gf180mcu_fd_sc_mcu7t5v0__buf_1)
                                                         net51 (net)
                      0.720219    0.000519   42.404751 ^ fanout37/I (gf180mcu_fd_sc_mcu7t5v0__dlyb_1)
     3    0.018241    0.520070    1.578243   43.982994 ^ fanout37/Z (gf180mcu_fd_sc_mcu7t5v0__dlyb_1)
                                                         net37 (net)
                      0.520070    0.000369   43.983364 ^ load_slew40/I (gf180mcu_fd_sc_mcu7t5v0__clkbuf_2)
     3    0.024530    0.344198    0.523805   44.507168 ^ load_slew40/Z (gf180mcu_fd_sc_mcu7t5v0__clkbuf_2)
                                                         net40 (net)
                      0.344198    0.000473   44.507641 ^ load_slew38/I (gf180mcu_fd_sc_mcu7t5v0__clkbuf_2)
     3    0.026401    0.362634    0.502972   45.010612 ^ load_slew38/Z (gf180mcu_fd_sc_mcu7t5v0__clkbuf_2)
                                                         net38 (net)
                      0.362634    0.000565   45.011177 ^ _242_/RN (gf180mcu_fd_sc_mcu7t5v0__dffrnq_1)
                                             45.011177   data arrival time

                                  0.000000    0.000000   clock clk (rise edge)
                                  0.000000    0.000000   clock source latency
     1    0.043671    0.300830    0.152159    0.152159 ^ clk (in)
                                                         clk (net)
                      0.300831    0.000000    0.152159 ^ clkbuf_0_clk/I (gf180mcu_fd_sc_mcu7t5v0__clkbuf_16)
     8    0.196252    0.351884    0.505295    0.657453 ^ clkbuf_0_clk/Z (gf180mcu_fd_sc_mcu7t5v0__clkbuf_16)
                                                         clknet_0_clk (net)
                      0.351901    0.003673    0.661126 ^ clkbuf_3_0__f_clk/I (gf180mcu_fd_sc_mcu7t5v0__clkbuf_16)
     6    0.031840    0.135908    0.362942    1.024068 ^ clkbuf_3_0__f_clk/Z (gf180mcu_fd_sc_mcu7t5v0__clkbuf_16)
                                                         clknet_3_0__leaf_clk (net)
                      0.135908    0.000593    1.024661 ^ _242_/CLK (gf180mcu_fd_sc_mcu7t5v0__dffrnq_1)
                                  0.250000    1.274661   clock uncertainty
                                  0.000000    1.274661   clock reconvergence pessimism
                                  0.535037    1.809698   library removal time
                                              1.809698   data required time
---------------------------------------------------------------------------------------------
                                              1.809698   data required time
                                            -45.011177   data arrival time
---------------------------------------------------------------------------------------------
                                             43.201481   slack (MET)


Startpoint: rst_n (input port clocked by clk)
Endpoint: _226_ (removal check against rising-edge clock clk)
Path Group: asynchronous
Path Type: min

Fanout         Cap        Slew       Delay        Time   Description
---------------------------------------------------------------------------------------------
                                  0.000000    0.000000   clock clk (rise edge)
                                  0.000000    0.000000   clock network delay (propagated)
                                 40.000000   40.000000 ^ input external delay
     1    0.005750    0.203564    0.079829   40.079830 ^ rst_n (in)
                                                         rst_n (net)
                      0.203564    0.000000   40.079830 ^ input4/I (gf180mcu_fd_sc_mcu7t5v0__buf_1)
     1    0.007228    0.249128    0.339590   40.419418 ^ input4/Z (gf180mcu_fd_sc_mcu7t5v0__buf_1)
                                                         net4 (net)
                      0.249128    0.000167   40.419586 ^ fanout49/I (gf180mcu_fd_sc_mcu7t5v0__dlyb_1)
     1    0.005590    0.252831    1.351346   41.770931 ^ fanout49/Z (gf180mcu_fd_sc_mcu7t5v0__dlyb_1)
                                                         net49 (net)
                      0.252831    0.000142   41.771076 ^ wire51/I (gf180mcu_fd_sc_mcu7t5v0__buf_1)
     4    0.028071    0.720219    0.633158   42.404232 ^ wire51/Z (gf180mcu_fd_sc_mcu7t5v0__buf_1)
                                                         net51 (net)
                      0.720219    0.000519   42.404751 ^ fanout41/I (gf180mcu_fd_sc_mcu7t5v0__dlyb_1)
     4    0.028380    0.739502    1.716721   44.121471 ^ fanout41/Z (gf180mcu_fd_sc_mcu7t5v0__dlyb_1)
                                                         net41 (net)
                      0.739502    0.000561   44.122032 ^ load_slew44/I (gf180mcu_fd_sc_mcu7t5v0__buf_2)
     3    0.022597    0.318774    0.441801   44.563835 ^ load_slew44/Z (gf180mcu_fd_sc_mcu7t5v0__buf_2)
                                                         net44 (net)
                      0.318774    0.000441   44.564274 ^ load_slew42/I (gf180mcu_fd_sc_mcu7t5v0__clkbuf_2)
     3    0.025741    0.354940    0.493692   45.057968 ^ load_slew42/Z (gf180mcu_fd_sc_mcu7t5v0__clkbuf_2)
                                                         net42 (net)
                      0.354940    0.000554   45.058521 ^ _226_/RN (gf180mcu_fd_sc_mcu7t5v0__dffrnq_1)
                                             45.058521   data arrival time

                                  0.000000    0.000000   clock clk (rise edge)
                                  0.000000    0.000000   clock source latency
     1    0.043671    0.300830    0.152159    0.152159 ^ clk (in)
                                                         clk (net)
                      0.300831    0.000000    0.152159 ^ clkbuf_0_clk/I (gf180mcu_fd_sc_mcu7t5v0__clkbuf_16)
     8    0.196252    0.351884    0.505295    0.657453 ^ clkbuf_0_clk/Z (gf180mcu_fd_sc_mcu7t5v0__clkbuf_16)
                                                         clknet_0_clk (net)
                      0.351901    0.003673    0.661126 ^ clkbuf_3_6__f_clk/I (gf180mcu_fd_sc_mcu7t5v0__clkbuf_16)
     6    0.026886    0.129380    0.357159    1.018285 ^ clkbuf_3_6__f_clk/Z (gf180mcu_fd_sc_mcu7t5v0__clkbuf_16)
                                                         clknet_3_6__leaf_clk (net)
                      0.129381    0.000509    1.018794 ^ _226_/CLK (gf180mcu_fd_sc_mcu7t5v0__dffrnq_1)
                                  0.250000    1.268794   clock uncertainty
                                  0.000000    1.268794   clock reconvergence pessimism
                                  0.532342    1.801136   library removal time
                                              1.801136   data required time
---------------------------------------------------------------------------------------------
                                              1.801136   data required time
                                            -45.058521   data arrival time
---------------------------------------------------------------------------------------------
                                             43.257385   slack (MET)


Startpoint: rst_n (input port clocked by clk)
Endpoint: _227_ (removal check against rising-edge clock clk)
Path Group: asynchronous
Path Type: min

Fanout         Cap        Slew       Delay        Time   Description
---------------------------------------------------------------------------------------------
                                  0.000000    0.000000   clock clk (rise edge)
                                  0.000000    0.000000   clock network delay (propagated)
                                 40.000000   40.000000 ^ input external delay
     1    0.005750    0.203564    0.079829   40.079830 ^ rst_n (in)
                                                         rst_n (net)
                      0.203564    0.000000   40.079830 ^ input4/I (gf180mcu_fd_sc_mcu7t5v0__buf_1)
     1    0.007228    0.249128    0.339590   40.419418 ^ input4/Z (gf180mcu_fd_sc_mcu7t5v0__buf_1)
                                                         net4 (net)
                      0.249128    0.000167   40.419586 ^ fanout49/I (gf180mcu_fd_sc_mcu7t5v0__dlyb_1)
     1    0.005590    0.252831    1.351346   41.770931 ^ fanout49/Z (gf180mcu_fd_sc_mcu7t5v0__dlyb_1)
                                                         net49 (net)
                      0.252831    0.000142   41.771076 ^ wire51/I (gf180mcu_fd_sc_mcu7t5v0__buf_1)
     4    0.028071    0.720219    0.633158   42.404232 ^ wire51/Z (gf180mcu_fd_sc_mcu7t5v0__buf_1)
                                                         net51 (net)
                      0.720219    0.000519   42.404751 ^ fanout41/I (gf180mcu_fd_sc_mcu7t5v0__dlyb_1)
     4    0.028380    0.739502    1.716721   44.121471 ^ fanout41/Z (gf180mcu_fd_sc_mcu7t5v0__dlyb_1)
                                                         net41 (net)
                      0.739502    0.000561   44.122032 ^ load_slew44/I (gf180mcu_fd_sc_mcu7t5v0__buf_2)
     3    0.022597    0.318774    0.441801   44.563835 ^ load_slew44/Z (gf180mcu_fd_sc_mcu7t5v0__buf_2)
                                                         net44 (net)
                      0.318774    0.000441   44.564274 ^ load_slew42/I (gf180mcu_fd_sc_mcu7t5v0__clkbuf_2)
     3    0.025741    0.354940    0.493692   45.057968 ^ load_slew42/Z (gf180mcu_fd_sc_mcu7t5v0__clkbuf_2)
                                                         net42 (net)
                      0.354940    0.000554   45.058521 ^ _227_/RN (gf180mcu_fd_sc_mcu7t5v0__dffrnq_1)
                                             45.058521   data arrival time

                                  0.000000    0.000000   clock clk (rise edge)
                                  0.000000    0.000000   clock source latency
     1    0.043671    0.300830    0.152159    0.152159 ^ clk (in)
                                                         clk (net)
                      0.300831    0.000000    0.152159 ^ clkbuf_0_clk/I (gf180mcu_fd_sc_mcu7t5v0__clkbuf_16)
     8    0.196252    0.351884    0.505295    0.657453 ^ clkbuf_0_clk/Z (gf180mcu_fd_sc_mcu7t5v0__clkbuf_16)
                                                         clknet_0_clk (net)
                      0.351901    0.003673    0.661126 ^ clkbuf_3_6__f_clk/I (gf180mcu_fd_sc_mcu7t5v0__clkbuf_16)
     6    0.026886    0.129380    0.357159    1.018285 ^ clkbuf_3_6__f_clk/Z (gf180mcu_fd_sc_mcu7t5v0__clkbuf_16)
                                                         clknet_3_6__leaf_clk (net)
                      0.129381    0.000509    1.018794 ^ _227_/CLK (gf180mcu_fd_sc_mcu7t5v0__dffrnq_1)
                                  0.250000    1.268794   clock uncertainty
                                  0.000000    1.268794   clock reconvergence pessimism
                                  0.532342    1.801136   library removal time
                                              1.801136   data required time
---------------------------------------------------------------------------------------------
                                              1.801136   data required time
                                            -45.058521   data arrival time
---------------------------------------------------------------------------------------------
                                             43.257385   slack (MET)


Startpoint: rst_n (input port clocked by clk)
Endpoint: _228_ (removal check against rising-edge clock clk)
Path Group: asynchronous
Path Type: min

Fanout         Cap        Slew       Delay        Time   Description
---------------------------------------------------------------------------------------------
                                  0.000000    0.000000   clock clk (rise edge)
                                  0.000000    0.000000   clock network delay (propagated)
                                 40.000000   40.000000 ^ input external delay
     1    0.005750    0.203564    0.079829   40.079830 ^ rst_n (in)
                                                         rst_n (net)
                      0.203564    0.000000   40.079830 ^ input4/I (gf180mcu_fd_sc_mcu7t5v0__buf_1)
     1    0.007228    0.249128    0.339590   40.419418 ^ input4/Z (gf180mcu_fd_sc_mcu7t5v0__buf_1)
                                                         net4 (net)
                      0.249128    0.000167   40.419586 ^ fanout49/I (gf180mcu_fd_sc_mcu7t5v0__dlyb_1)
     1    0.005590    0.252831    1.351346   41.770931 ^ fanout49/Z (gf180mcu_fd_sc_mcu7t5v0__dlyb_1)
                                                         net49 (net)
                      0.252831    0.000142   41.771076 ^ wire51/I (gf180mcu_fd_sc_mcu7t5v0__buf_1)
     4    0.028071    0.720219    0.633158   42.404232 ^ wire51/Z (gf180mcu_fd_sc_mcu7t5v0__buf_1)
                                                         net51 (net)
                      0.720219    0.000519   42.404751 ^ fanout41/I (gf180mcu_fd_sc_mcu7t5v0__dlyb_1)
     4    0.028380    0.739502    1.716721   44.121471 ^ fanout41/Z (gf180mcu_fd_sc_mcu7t5v0__dlyb_1)
                                                         net41 (net)
                      0.739502    0.000561   44.122032 ^ load_slew44/I (gf180mcu_fd_sc_mcu7t5v0__buf_2)
     3    0.022597    0.318774    0.441801   44.563835 ^ load_slew44/Z (gf180mcu_fd_sc_mcu7t5v0__buf_2)
                                                         net44 (net)
                      0.318774    0.000441   44.564274 ^ load_slew42/I (gf180mcu_fd_sc_mcu7t5v0__clkbuf_2)
     3    0.025741    0.354940    0.493692   45.057968 ^ load_slew42/Z (gf180mcu_fd_sc_mcu7t5v0__clkbuf_2)
                                                         net42 (net)
                      0.354940    0.000554   45.058521 ^ _228_/RN (gf180mcu_fd_sc_mcu7t5v0__dffrnq_1)
                                             45.058521   data arrival time

                                  0.000000    0.000000   clock clk (rise edge)
                                  0.000000    0.000000   clock source latency
     1    0.043671    0.300830    0.152159    0.152159 ^ clk (in)
                                                         clk (net)
                      0.300831    0.000000    0.152159 ^ clkbuf_0_clk/I (gf180mcu_fd_sc_mcu7t5v0__clkbuf_16)
     8    0.196252    0.351884    0.505295    0.657453 ^ clkbuf_0_clk/Z (gf180mcu_fd_sc_mcu7t5v0__clkbuf_16)
                                                         clknet_0_clk (net)
                      0.351901    0.003673    0.661126 ^ clkbuf_3_6__f_clk/I (gf180mcu_fd_sc_mcu7t5v0__clkbuf_16)
     6    0.026886    0.129380    0.357159    1.018285 ^ clkbuf_3_6__f_clk/Z (gf180mcu_fd_sc_mcu7t5v0__clkbuf_16)
                                                         clknet_3_6__leaf_clk (net)
                      0.129381    0.000509    1.018794 ^ _228_/CLK (gf180mcu_fd_sc_mcu7t5v0__dffrnq_1)
                                  0.250000    1.268794   clock uncertainty
                                  0.000000    1.268794   clock reconvergence pessimism
                                  0.532342    1.801136   library removal time
                                              1.801136   data required time
---------------------------------------------------------------------------------------------
                                              1.801136   data required time
                                            -45.058521   data arrival time
---------------------------------------------------------------------------------------------
                                             43.257385   slack (MET)


Startpoint: rst_n (input port clocked by clk)
Endpoint: _249_ (removal check against rising-edge clock clk)
Path Group: asynchronous
Path Type: min

Fanout         Cap        Slew       Delay        Time   Description
---------------------------------------------------------------------------------------------
                                  0.000000    0.000000   clock clk (rise edge)
                                  0.000000    0.000000   clock network delay (propagated)
                                 40.000000   40.000000 ^ input external delay
     1    0.005750    0.203564    0.079829   40.079830 ^ rst_n (in)
                                                         rst_n (net)
                      0.203564    0.000000   40.079830 ^ input4/I (gf180mcu_fd_sc_mcu7t5v0__buf_1)
     1    0.007228    0.249128    0.339590   40.419418 ^ input4/Z (gf180mcu_fd_sc_mcu7t5v0__buf_1)
                                                         net4 (net)
                      0.249128    0.000167   40.419586 ^ fanout49/I (gf180mcu_fd_sc_mcu7t5v0__dlyb_1)
     1    0.005590    0.252831    1.351346   41.770931 ^ fanout49/Z (gf180mcu_fd_sc_mcu7t5v0__dlyb_1)
                                                         net49 (net)
                      0.252831    0.000142   41.771076 ^ wire51/I (gf180mcu_fd_sc_mcu7t5v0__buf_1)
     4    0.028071    0.720219    0.633158   42.404232 ^ wire51/Z (gf180mcu_fd_sc_mcu7t5v0__buf_1)
                                                         net51 (net)
                      0.720219    0.000519   42.404751 ^ fanout45/I (gf180mcu_fd_sc_mcu7t5v0__dlyb_1)
     3    0.021315    0.586458    1.620208   44.024960 ^ fanout45/Z (gf180mcu_fd_sc_mcu7t5v0__dlyb_1)
                                                         net45 (net)
                      0.586458    0.000419   44.025379 ^ load_slew48/I (gf180mcu_fd_sc_mcu7t5v0__clkbuf_1)
     3    0.021970    0.572251    0.593790   44.619167 ^ load_slew48/Z (gf180mcu_fd_sc_mcu7t5v0__clkbuf_1)
                                                         net48 (net)
                      0.572251    0.000430   44.619598 ^ load_slew47/I (gf180mcu_fd_sc_mcu7t5v0__clkbuf_2)
     4    0.028563    0.389524    0.560824   45.180424 ^ load_slew47/Z (gf180mcu_fd_sc_mcu7t5v0__clkbuf_2)
                                                         net47 (net)
                      0.389524    0.000600   45.181023 ^ _249_/RN (gf180mcu_fd_sc_mcu7t5v0__dffrnq_1)
                                             45.181023   data arrival time

                                  0.000000    0.000000   clock clk (rise edge)
                                  0.000000    0.000000   clock source latency
     1    0.043671    0.300830    0.152159    0.152159 ^ clk (in)
                                                         clk (net)
                      0.300831    0.000000    0.152159 ^ clkbuf_0_clk/I (gf180mcu_fd_sc_mcu7t5v0__clkbuf_16)
     8    0.196252    0.351884    0.505295    0.657453 ^ clkbuf_0_clk/Z (gf180mcu_fd_sc_mcu7t5v0__clkbuf_16)
                                                         clknet_0_clk (net)
                      0.351901    0.003673    0.661126 ^ clkbuf_3_4__f_clk/I (gf180mcu_fd_sc_mcu7t5v0__clkbuf_16)
     6    0.030171    0.133711    0.360995    1.022120 ^ clkbuf_3_4__f_clk/Z (gf180mcu_fd_sc_mcu7t5v0__clkbuf_16)
                                                         clknet_3_4__leaf_clk (net)
                      0.133712    0.000565    1.022685 ^ _249_/CLK (gf180mcu_fd_sc_mcu7t5v0__dffrnq_1)
                                  0.250000    1.272685   clock uncertainty
                                  0.000000    1.272685   clock reconvergence pessimism
                                  0.538692    1.811378   library removal time
                                              1.811378   data required time
---------------------------------------------------------------------------------------------
                                              1.811378   data required time
                                            -45.181023   data arrival time
---------------------------------------------------------------------------------------------
                                             43.369648   slack (MET)


Startpoint: rst_n (input port clocked by clk)
Endpoint: _250_ (removal check against rising-edge clock clk)
Path Group: asynchronous
Path Type: min

Fanout         Cap        Slew       Delay        Time   Description
---------------------------------------------------------------------------------------------
                                  0.000000    0.000000   clock clk (rise edge)
                                  0.000000    0.000000   clock network delay (propagated)
                                 40.000000   40.000000 ^ input external delay
     1    0.005750    0.203564    0.079829   40.079830 ^ rst_n (in)
                                                         rst_n (net)
                      0.203564    0.000000   40.079830 ^ input4/I (gf180mcu_fd_sc_mcu7t5v0__buf_1)
     1    0.007228    0.249128    0.339590   40.419418 ^ input4/Z (gf180mcu_fd_sc_mcu7t5v0__buf_1)
                                                         net4 (net)
                      0.249128    0.000167   40.419586 ^ fanout49/I (gf180mcu_fd_sc_mcu7t5v0__dlyb_1)
     1    0.005590    0.252831    1.351346   41.770931 ^ fanout49/Z (gf180mcu_fd_sc_mcu7t5v0__dlyb_1)
                                                         net49 (net)
                      0.252831    0.000142   41.771076 ^ wire51/I (gf180mcu_fd_sc_mcu7t5v0__buf_1)
     4    0.028071    0.720219    0.633158   42.404232 ^ wire51/Z (gf180mcu_fd_sc_mcu7t5v0__buf_1)
                                                         net51 (net)
                      0.720219    0.000519   42.404751 ^ fanout45/I (gf180mcu_fd_sc_mcu7t5v0__dlyb_1)
     3    0.021315    0.586458    1.620208   44.024960 ^ fanout45/Z (gf180mcu_fd_sc_mcu7t5v0__dlyb_1)
                                                         net45 (net)
                      0.586458    0.000419   44.025379 ^ load_slew48/I (gf180mcu_fd_sc_mcu7t5v0__clkbuf_1)
     3    0.021970    0.572251    0.593790   44.619167 ^ load_slew48/Z (gf180mcu_fd_sc_mcu7t5v0__clkbuf_1)
                                                         net48 (net)
                      0.572251    0.000430   44.619598 ^ load_slew47/I (gf180mcu_fd_sc_mcu7t5v0__clkbuf_2)
     4    0.028563    0.389524    0.560824   45.180424 ^ load_slew47/Z (gf180mcu_fd_sc_mcu7t5v0__clkbuf_2)
                                                         net47 (net)
                      0.389524    0.000600   45.181023 ^ _250_/RN (gf180mcu_fd_sc_mcu7t5v0__dffrnq_1)
                                             45.181023   data arrival time

                                  0.000000    0.000000   clock clk (rise edge)
                                  0.000000    0.000000   clock source latency
     1    0.043671    0.300830    0.152159    0.152159 ^ clk (in)
                                                         clk (net)
                      0.300831    0.000000    0.152159 ^ clkbuf_0_clk/I (gf180mcu_fd_sc_mcu7t5v0__clkbuf_16)
     8    0.196252    0.351884    0.505295    0.657453 ^ clkbuf_0_clk/Z (gf180mcu_fd_sc_mcu7t5v0__clkbuf_16)
                                                         clknet_0_clk (net)
                      0.351901    0.003673    0.661126 ^ clkbuf_3_4__f_clk/I (gf180mcu_fd_sc_mcu7t5v0__clkbuf_16)
     6    0.030171    0.133711    0.360995    1.022120 ^ clkbuf_3_4__f_clk/Z (gf180mcu_fd_sc_mcu7t5v0__clkbuf_16)
                                                         clknet_3_4__leaf_clk (net)
                      0.133712    0.000565    1.022685 ^ _250_/CLK (gf180mcu_fd_sc_mcu7t5v0__dffrnq_1)
                                  0.250000    1.272685   clock uncertainty
                                  0.000000    1.272685   clock reconvergence pessimism
                                  0.538692    1.811378   library removal time
                                              1.811378   data required time
---------------------------------------------------------------------------------------------
                                              1.811378   data required time
                                            -45.181023   data arrival time
---------------------------------------------------------------------------------------------
                                             43.369648   slack (MET)


Startpoint: rst_n (input port clocked by clk)
Endpoint: _251_ (removal check against rising-edge clock clk)
Path Group: asynchronous
Path Type: min

Fanout         Cap        Slew       Delay        Time   Description
---------------------------------------------------------------------------------------------
                                  0.000000    0.000000   clock clk (rise edge)
                                  0.000000    0.000000   clock network delay (propagated)
                                 40.000000   40.000000 ^ input external delay
     1    0.005750    0.203564    0.079829   40.079830 ^ rst_n (in)
                                                         rst_n (net)
                      0.203564    0.000000   40.079830 ^ input4/I (gf180mcu_fd_sc_mcu7t5v0__buf_1)
     1    0.007228    0.249128    0.339590   40.419418 ^ input4/Z (gf180mcu_fd_sc_mcu7t5v0__buf_1)
                                                         net4 (net)
                      0.249128    0.000167   40.419586 ^ fanout49/I (gf180mcu_fd_sc_mcu7t5v0__dlyb_1)
     1    0.005590    0.252831    1.351346   41.770931 ^ fanout49/Z (gf180mcu_fd_sc_mcu7t5v0__dlyb_1)
                                                         net49 (net)
                      0.252831    0.000142   41.771076 ^ wire51/I (gf180mcu_fd_sc_mcu7t5v0__buf_1)
     4    0.028071    0.720219    0.633158   42.404232 ^ wire51/Z (gf180mcu_fd_sc_mcu7t5v0__buf_1)
                                                         net51 (net)
                      0.720219    0.000519   42.404751 ^ fanout45/I (gf180mcu_fd_sc_mcu7t5v0__dlyb_1)
     3    0.021315    0.586458    1.620208   44.024960 ^ fanout45/Z (gf180mcu_fd_sc_mcu7t5v0__dlyb_1)
                                                         net45 (net)
                      0.586458    0.000419   44.025379 ^ load_slew48/I (gf180mcu_fd_sc_mcu7t5v0__clkbuf_1)
     3    0.021970    0.572251    0.593790   44.619167 ^ load_slew48/Z (gf180mcu_fd_sc_mcu7t5v0__clkbuf_1)
                                                         net48 (net)
                      0.572251    0.000430   44.619598 ^ load_slew47/I (gf180mcu_fd_sc_mcu7t5v0__clkbuf_2)
     4    0.028563    0.389524    0.560824   45.180424 ^ load_slew47/Z (gf180mcu_fd_sc_mcu7t5v0__clkbuf_2)
                                                         net47 (net)
                      0.389524    0.000600   45.181023 ^ _251_/RN (gf180mcu_fd_sc_mcu7t5v0__dffrnq_1)
                                             45.181023   data arrival time

                                  0.000000    0.000000   clock clk (rise edge)
                                  0.000000    0.000000   clock source latency
     1    0.043671    0.300830    0.152159    0.152159 ^ clk (in)
                                                         clk (net)
                      0.300831    0.000000    0.152159 ^ clkbuf_0_clk/I (gf180mcu_fd_sc_mcu7t5v0__clkbuf_16)
     8    0.196252    0.351884    0.505295    0.657453 ^ clkbuf_0_clk/Z (gf180mcu_fd_sc_mcu7t5v0__clkbuf_16)
                                                         clknet_0_clk (net)
                      0.351901    0.003673    0.661126 ^ clkbuf_3_4__f_clk/I (gf180mcu_fd_sc_mcu7t5v0__clkbuf_16)
     6    0.030171    0.133711    0.360995    1.022120 ^ clkbuf_3_4__f_clk/Z (gf180mcu_fd_sc_mcu7t5v0__clkbuf_16)
                                                         clknet_3_4__leaf_clk (net)
                      0.133712    0.000565    1.022685 ^ _251_/CLK (gf180mcu_fd_sc_mcu7t5v0__dffrnq_1)
                                  0.250000    1.272685   clock uncertainty
                                  0.000000    1.272685   clock reconvergence pessimism
                                  0.538692    1.811378   library removal time
                                              1.811378   data required time
---------------------------------------------------------------------------------------------
                                              1.811378   data required time
                                            -45.181023   data arrival time
---------------------------------------------------------------------------------------------
                                             43.369648   slack (MET)


Startpoint: rst_n (input port clocked by clk)
Endpoint: _235_ (removal check against rising-edge clock clk)
Path Group: asynchronous
Path Type: min

Fanout         Cap        Slew       Delay        Time   Description
---------------------------------------------------------------------------------------------
                                  0.000000    0.000000   clock clk (rise edge)
                                  0.000000    0.000000   clock network delay (propagated)
                                 40.000000   40.000000 ^ input external delay
     1    0.005750    0.203564    0.079829   40.079830 ^ rst_n (in)
                                                         rst_n (net)
                      0.203564    0.000000   40.079830 ^ input4/I (gf180mcu_fd_sc_mcu7t5v0__buf_1)
     1    0.007228    0.249128    0.339590   40.419418 ^ input4/Z (gf180mcu_fd_sc_mcu7t5v0__buf_1)
                                                         net4 (net)
                      0.249128    0.000167   40.419586 ^ fanout49/I (gf180mcu_fd_sc_mcu7t5v0__dlyb_1)
     1    0.005590    0.252831    1.351346   41.770931 ^ fanout49/Z (gf180mcu_fd_sc_mcu7t5v0__dlyb_1)
                                                         net49 (net)
                      0.252831    0.000142   41.771076 ^ wire51/I (gf180mcu_fd_sc_mcu7t5v0__buf_1)
     4    0.028071    0.720219    0.633158   42.404232 ^ wire51/Z (gf180mcu_fd_sc_mcu7t5v0__buf_1)
                                                         net51 (net)
                      0.720219    0.000519   42.404751 ^ fanout45/I (gf180mcu_fd_sc_mcu7t5v0__dlyb_1)
     3    0.021315    0.586458    1.620208   44.024960 ^ fanout45/Z (gf180mcu_fd_sc_mcu7t5v0__dlyb_1)
                                                         net45 (net)
                      0.586458    0.000419   44.025379 ^ load_slew48/I (gf180mcu_fd_sc_mcu7t5v0__clkbuf_1)
     3    0.021970    0.572251    0.593790   44.619167 ^ load_slew48/Z (gf180mcu_fd_sc_mcu7t5v0__clkbuf_1)
                                                         net48 (net)
                      0.572251    0.000430   44.619598 ^ load_slew47/I (gf180mcu_fd_sc_mcu7t5v0__clkbuf_2)
     4    0.028563    0.389524    0.560824   45.180424 ^ load_slew47/Z (gf180mcu_fd_sc_mcu7t5v0__clkbuf_2)
                                                         net47 (net)
                      0.389524    0.000540   45.180962 ^ load_slew46/I (gf180mcu_fd_sc_mcu7t5v0__clkbuf_2)
     3    0.027244    0.372614    0.517268   45.698231 ^ load_slew46/Z (gf180mcu_fd_sc_mcu7t5v0__clkbuf_2)
                                                         net46 (net)
                      0.372615    0.000579   45.698811 ^ _235_/RN (gf180mcu_fd_sc_mcu7t5v0__dffrnq_1)
                                             45.698811   data arrival time

                                  0.000000    0.000000   clock clk (rise edge)
                                  0.000000    0.000000   clock source latency
     1    0.043671    0.300830    0.152159    0.152159 ^ clk (in)
                                                         clk (net)
                      0.300831    0.000000    0.152159 ^ clkbuf_0_clk/I (gf180mcu_fd_sc_mcu7t5v0__clkbuf_16)
     8    0.196252    0.351884    0.505295    0.657453 ^ clkbuf_0_clk/Z (gf180mcu_fd_sc_mcu7t5v0__clkbuf_16)
                                                         clknet_0_clk (net)
                      0.351901    0.003672    0.661125 ^ clkbuf_3_1__f_clk/I (gf180mcu_fd_sc_mcu7t5v0__clkbuf_16)
     6    0.034246    0.139071    0.365748    1.026873 ^ clkbuf_3_1__f_clk/Z (gf180mcu_fd_sc_mcu7t5v0__clkbuf_16)
                                                         clknet_3_1__leaf_clk (net)
                      0.139072    0.000633    1.027506 ^ _235_/CLK (gf180mcu_fd_sc_mcu7t5v0__dffrnq_1)
                                  0.250000    1.277506   clock uncertainty
                                  0.000000    1.277506   clock reconvergence pessimism
                                  0.537306    1.814812   library removal time
                                              1.814812   data required time
---------------------------------------------------------------------------------------------
                                              1.814812   data required time
                                            -45.698811   data arrival time
---------------------------------------------------------------------------------------------
                                             43.883999   slack (MET)


Startpoint: rst_n (input port clocked by clk)
Endpoint: _236_ (removal check against rising-edge clock clk)
Path Group: asynchronous
Path Type: min

Fanout         Cap        Slew       Delay        Time   Description
---------------------------------------------------------------------------------------------
                                  0.000000    0.000000   clock clk (rise edge)
                                  0.000000    0.000000   clock network delay (propagated)
                                 40.000000   40.000000 ^ input external delay
     1    0.005750    0.203564    0.079829   40.079830 ^ rst_n (in)
                                                         rst_n (net)
                      0.203564    0.000000   40.079830 ^ input4/I (gf180mcu_fd_sc_mcu7t5v0__buf_1)
     1    0.007228    0.249128    0.339590   40.419418 ^ input4/Z (gf180mcu_fd_sc_mcu7t5v0__buf_1)
                                                         net4 (net)
                      0.249128    0.000167   40.419586 ^ fanout49/I (gf180mcu_fd_sc_mcu7t5v0__dlyb_1)
     1    0.005590    0.252831    1.351346   41.770931 ^ fanout49/Z (gf180mcu_fd_sc_mcu7t5v0__dlyb_1)
                                                         net49 (net)
                      0.252831    0.000142   41.771076 ^ wire51/I (gf180mcu_fd_sc_mcu7t5v0__buf_1)
     4    0.028071    0.720219    0.633158   42.404232 ^ wire51/Z (gf180mcu_fd_sc_mcu7t5v0__buf_1)
                                                         net51 (net)
                      0.720219    0.000519   42.404751 ^ fanout45/I (gf180mcu_fd_sc_mcu7t5v0__dlyb_1)
     3    0.021315    0.586458    1.620208   44.024960 ^ fanout45/Z (gf180mcu_fd_sc_mcu7t5v0__dlyb_1)
                                                         net45 (net)
                      0.586458    0.000419   44.025379 ^ load_slew48/I (gf180mcu_fd_sc_mcu7t5v0__clkbuf_1)
     3    0.021970    0.572251    0.593790   44.619167 ^ load_slew48/Z (gf180mcu_fd_sc_mcu7t5v0__clkbuf_1)
                                                         net48 (net)
                      0.572251    0.000430   44.619598 ^ load_slew47/I (gf180mcu_fd_sc_mcu7t5v0__clkbuf_2)
     4    0.028563    0.389524    0.560824   45.180424 ^ load_slew47/Z (gf180mcu_fd_sc_mcu7t5v0__clkbuf_2)
                                                         net47 (net)
                      0.389524    0.000540   45.180962 ^ load_slew46/I (gf180mcu_fd_sc_mcu7t5v0__clkbuf_2)
     3    0.027244    0.372614    0.517268   45.698231 ^ load_slew46/Z (gf180mcu_fd_sc_mcu7t5v0__clkbuf_2)
                                                         net46 (net)
                      0.372615    0.000579   45.698811 ^ _236_/RN (gf180mcu_fd_sc_mcu7t5v0__dffrnq_1)
                                             45.698811   data arrival time

                                  0.000000    0.000000   clock clk (rise edge)
                                  0.000000    0.000000   clock source latency
     1    0.043671    0.300830    0.152159    0.152159 ^ clk (in)
                                                         clk (net)
                      0.300831    0.000000    0.152159 ^ clkbuf_0_clk/I (gf180mcu_fd_sc_mcu7t5v0__clkbuf_16)
     8    0.196252    0.351884    0.505295    0.657453 ^ clkbuf_0_clk/Z (gf180mcu_fd_sc_mcu7t5v0__clkbuf_16)
                                                         clknet_0_clk (net)
                      0.351901    0.003673    0.661126 ^ clkbuf_3_4__f_clk/I (gf180mcu_fd_sc_mcu7t5v0__clkbuf_16)
     6    0.030171    0.133711    0.360995    1.022120 ^ clkbuf_3_4__f_clk/Z (gf180mcu_fd_sc_mcu7t5v0__clkbuf_16)
                                                         clknet_3_4__leaf_clk (net)
                      0.133712    0.000565    1.022685 ^ _236_/CLK (gf180mcu_fd_sc_mcu7t5v0__dffrnq_1)
                                  0.250000    1.272685   clock uncertainty
                                  0.000000    1.272685   clock reconvergence pessimism
                                  0.536076    1.808761   library removal time
                                              1.808761   data required time
---------------------------------------------------------------------------------------------
                                              1.808761   data required time
                                            -45.698811   data arrival time
---------------------------------------------------------------------------------------------
                                             43.890049   slack (MET)


Startpoint: rst_n (input port clocked by clk)
Endpoint: _252_ (removal check against rising-edge clock clk)
Path Group: asynchronous
Path Type: min

Fanout         Cap        Slew       Delay        Time   Description
---------------------------------------------------------------------------------------------
                                  0.000000    0.000000   clock clk (rise edge)
                                  0.000000    0.000000   clock network delay (propagated)
                                 40.000000   40.000000 ^ input external delay
     1    0.005750    0.203564    0.079829   40.079830 ^ rst_n (in)
                                                         rst_n (net)
                      0.203564    0.000000   40.079830 ^ input4/I (gf180mcu_fd_sc_mcu7t5v0__buf_1)
     1    0.007228    0.249128    0.339590   40.419418 ^ input4/Z (gf180mcu_fd_sc_mcu7t5v0__buf_1)
                                                         net4 (net)
                      0.249128    0.000167   40.419586 ^ fanout49/I (gf180mcu_fd_sc_mcu7t5v0__dlyb_1)
     1    0.005590    0.252831    1.351346   41.770931 ^ fanout49/Z (gf180mcu_fd_sc_mcu7t5v0__dlyb_1)
                                                         net49 (net)
                      0.252831    0.000142   41.771076 ^ wire51/I (gf180mcu_fd_sc_mcu7t5v0__buf_1)
     4    0.028071    0.720219    0.633158   42.404232 ^ wire51/Z (gf180mcu_fd_sc_mcu7t5v0__buf_1)
                                                         net51 (net)
                      0.720219    0.000519   42.404751 ^ fanout45/I (gf180mcu_fd_sc_mcu7t5v0__dlyb_1)
     3    0.021315    0.586458    1.620208   44.024960 ^ fanout45/Z (gf180mcu_fd_sc_mcu7t5v0__dlyb_1)
                                                         net45 (net)
                      0.586458    0.000419   44.025379 ^ load_slew48/I (gf180mcu_fd_sc_mcu7t5v0__clkbuf_1)
     3    0.021970    0.572251    0.593790   44.619167 ^ load_slew48/Z (gf180mcu_fd_sc_mcu7t5v0__clkbuf_1)
                                                         net48 (net)
                      0.572251    0.000430   44.619598 ^ load_slew47/I (gf180mcu_fd_sc_mcu7t5v0__clkbuf_2)
     4    0.028563    0.389524    0.560824   45.180424 ^ load_slew47/Z (gf180mcu_fd_sc_mcu7t5v0__clkbuf_2)
                                                         net47 (net)
                      0.389524    0.000540   45.180962 ^ load_slew46/I (gf180mcu_fd_sc_mcu7t5v0__clkbuf_2)
     3    0.027244    0.372614    0.517268   45.698231 ^ load_slew46/Z (gf180mcu_fd_sc_mcu7t5v0__clkbuf_2)
                                                         net46 (net)
                      0.372615    0.000579   45.698811 ^ _252_/RN (gf180mcu_fd_sc_mcu7t5v0__dffrnq_1)
                                             45.698811   data arrival time

                                  0.000000    0.000000   clock clk (rise edge)
                                  0.000000    0.000000   clock source latency
     1    0.043671    0.300830    0.152159    0.152159 ^ clk (in)
                                                         clk (net)
                      0.300831    0.000000    0.152159 ^ clkbuf_0_clk/I (gf180mcu_fd_sc_mcu7t5v0__clkbuf_16)
     8    0.196252    0.351884    0.505295    0.657453 ^ clkbuf_0_clk/Z (gf180mcu_fd_sc_mcu7t5v0__clkbuf_16)
                                                         clknet_0_clk (net)
                      0.351901    0.003673    0.661126 ^ clkbuf_3_4__f_clk/I (gf180mcu_fd_sc_mcu7t5v0__clkbuf_16)
     6    0.030171    0.133711    0.360995    1.022120 ^ clkbuf_3_4__f_clk/Z (gf180mcu_fd_sc_mcu7t5v0__clkbuf_16)
                                                         clknet_3_4__leaf_clk (net)
                      0.133712    0.000565    1.022685 ^ _252_/CLK (gf180mcu_fd_sc_mcu7t5v0__dffrnq_1)
                                  0.250000    1.272685   clock uncertainty
                                  0.000000    1.272685   clock reconvergence pessimism
                                  0.536076    1.808761   library removal time
                                              1.808761   data required time
---------------------------------------------------------------------------------------------
                                              1.808761   data required time
                                            -45.698811   data arrival time
---------------------------------------------------------------------------------------------
                                             43.890049   slack (MET)


Startpoint: rst_n (input port clocked by clk)
Endpoint: _232_ (removal check against rising-edge clock clk)
Path Group: asynchronous
Path Type: min

Fanout         Cap        Slew       Delay        Time   Description
---------------------------------------------------------------------------------------------
                                  0.000000    0.000000   clock clk (rise edge)
                                  0.000000    0.000000   clock network delay (propagated)
                                 40.000000   40.000000 ^ input external delay
     1    0.005750    0.203564    0.079829   40.079830 ^ rst_n (in)
                                                         rst_n (net)
                      0.203564    0.000000   40.079830 ^ input4/I (gf180mcu_fd_sc_mcu7t5v0__buf_1)
     1    0.007228    0.249128    0.339590   40.419418 ^ input4/Z (gf180mcu_fd_sc_mcu7t5v0__buf_1)
                                                         net4 (net)
                      0.249128    0.000167   40.419586 ^ fanout49/I (gf180mcu_fd_sc_mcu7t5v0__dlyb_1)
     1    0.005590    0.252831    1.351346   41.770931 ^ fanout49/Z (gf180mcu_fd_sc_mcu7t5v0__dlyb_1)
                                                         net49 (net)
                      0.252831    0.000142   41.771076 ^ wire51/I (gf180mcu_fd_sc_mcu7t5v0__buf_1)
     4    0.028071    0.720219    0.633158   42.404232 ^ wire51/Z (gf180mcu_fd_sc_mcu7t5v0__buf_1)
                                                         net51 (net)
                      0.720219    0.000519   42.404751 ^ fanout37/I (gf180mcu_fd_sc_mcu7t5v0__dlyb_1)
     3    0.018241    0.520070    1.578243   43.982994 ^ fanout37/Z (gf180mcu_fd_sc_mcu7t5v0__dlyb_1)
                                                         net37 (net)
                      0.520070    0.000369   43.983364 ^ load_slew39/I (gf180mcu_fd_sc_mcu7t5v0__clkbuf_2)
     3    0.023543    0.333252    0.517158   44.500523 ^ load_slew39/Z (gf180mcu_fd_sc_mcu7t5v0__clkbuf_2)
                                                         net39 (net)
                      0.333252    0.000444   44.500965 ^ fanout33/I (gf180mcu_fd_sc_mcu7t5v0__dlyb_1)
     3    0.024684    0.659291    1.633733   46.134701 ^ fanout33/Z (gf180mcu_fd_sc_mcu7t5v0__dlyb_1)
                                                         net33 (net)
                      0.659291    0.000536   46.135235 ^ _232_/RN (gf180mcu_fd_sc_mcu7t5v0__dffrnq_1)
                                             46.135235   data arrival time

                                  0.000000    0.000000   clock clk (rise edge)
                                  0.000000    0.000000   clock source latency
     1    0.043671    0.300830    0.152159    0.152159 ^ clk (in)
                                                         clk (net)
                      0.300831    0.000000    0.152159 ^ clkbuf_0_clk/I (gf180mcu_fd_sc_mcu7t5v0__clkbuf_16)
     8    0.196252    0.351884    0.505295    0.657453 ^ clkbuf_0_clk/Z (gf180mcu_fd_sc_mcu7t5v0__clkbuf_16)
                                                         clknet_0_clk (net)
                      0.351901    0.003673    0.661126 ^ clkbuf_3_0__f_clk/I (gf180mcu_fd_sc_mcu7t5v0__clkbuf_16)
     6    0.031840    0.135908    0.362942    1.024068 ^ clkbuf_3_0__f_clk/Z (gf180mcu_fd_sc_mcu7t5v0__clkbuf_16)
                                                         clknet_3_0__leaf_clk (net)
                      0.135908    0.000593    1.024660 ^ _232_/CLK (gf180mcu_fd_sc_mcu7t5v0__dffrnq_1)
                                  0.250000    1.274660   clock uncertainty
                                  0.000000    1.274660   clock reconvergence pessimism
                                  0.580891    1.855552   library removal time
                                              1.855552   data required time
---------------------------------------------------------------------------------------------
                                              1.855552   data required time
                                            -46.135235   data arrival time
---------------------------------------------------------------------------------------------
                                             44.279686   slack (MET)


Startpoint: rst_n (input port clocked by clk)
Endpoint: _231_ (removal check against rising-edge clock clk)
Path Group: asynchronous
Path Type: min

Fanout         Cap        Slew       Delay        Time   Description
---------------------------------------------------------------------------------------------
                                  0.000000    0.000000   clock clk (rise edge)
                                  0.000000    0.000000   clock network delay (propagated)
                                 40.000000   40.000000 ^ input external delay
     1    0.005750    0.203564    0.079829   40.079830 ^ rst_n (in)
                                                         rst_n (net)
                      0.203564    0.000000   40.079830 ^ input4/I (gf180mcu_fd_sc_mcu7t5v0__buf_1)
     1    0.007228    0.249128    0.339590   40.419418 ^ input4/Z (gf180mcu_fd_sc_mcu7t5v0__buf_1)
                                                         net4 (net)
                      0.249128    0.000167   40.419586 ^ fanout49/I (gf180mcu_fd_sc_mcu7t5v0__dlyb_1)
     1    0.005590    0.252831    1.351346   41.770931 ^ fanout49/Z (gf180mcu_fd_sc_mcu7t5v0__dlyb_1)
                                                         net49 (net)
                      0.252831    0.000142   41.771076 ^ wire51/I (gf180mcu_fd_sc_mcu7t5v0__buf_1)
     4    0.028071    0.720219    0.633158   42.404232 ^ wire51/Z (gf180mcu_fd_sc_mcu7t5v0__buf_1)
                                                         net51 (net)
                      0.720219    0.000519   42.404751 ^ fanout37/I (gf180mcu_fd_sc_mcu7t5v0__dlyb_1)
     3    0.018241    0.520070    1.578243   43.982994 ^ fanout37/Z (gf180mcu_fd_sc_mcu7t5v0__dlyb_1)
                                                         net37 (net)
                      0.520070    0.000369   43.983364 ^ load_slew39/I (gf180mcu_fd_sc_mcu7t5v0__clkbuf_2)
     3    0.023543    0.333252    0.517158   44.500523 ^ load_slew39/Z (gf180mcu_fd_sc_mcu7t5v0__clkbuf_2)
                                                         net39 (net)
                      0.333252    0.000444   44.500965 ^ fanout33/I (gf180mcu_fd_sc_mcu7t5v0__dlyb_1)
     3    0.024684    0.659291    1.633733   46.134701 ^ fanout33/Z (gf180mcu_fd_sc_mcu7t5v0__dlyb_1)
                                                         net33 (net)
                      0.659291    0.000536   46.135235 ^ _231_/RN (gf180mcu_fd_sc_mcu7t5v0__dffrnq_1)
                                             46.135235   data arrival time

                                  0.000000    0.000000   clock clk (rise edge)
                                  0.000000    0.000000   clock source latency
     1    0.043671    0.300830    0.152159    0.152159 ^ clk (in)
                                                         clk (net)
                      0.300831    0.000000    0.152159 ^ clkbuf_0_clk/I (gf180mcu_fd_sc_mcu7t5v0__clkbuf_16)
     8    0.196252    0.351884    0.505295    0.657453 ^ clkbuf_0_clk/Z (gf180mcu_fd_sc_mcu7t5v0__clkbuf_16)
                                                         clknet_0_clk (net)
                      0.351901    0.003672    0.661125 ^ clkbuf_3_3__f_clk/I (gf180mcu_fd_sc_mcu7t5v0__clkbuf_16)
     6    0.028726    0.131807    0.359307    1.020433 ^ clkbuf_3_3__f_clk/Z (gf180mcu_fd_sc_mcu7t5v0__clkbuf_16)
                                                         clknet_3_3__leaf_clk (net)
                      0.131807    0.000540    1.020973 ^ _231_/CLK (gf180mcu_fd_sc_mcu7t5v0__dffrnq_1)
                                  0.250000    1.270973   clock uncertainty
                                  0.000000    1.270973   clock reconvergence pessimism
                                  0.580036    1.851009   library removal time
                                              1.851009   data required time
---------------------------------------------------------------------------------------------
                                              1.851009   data required time
                                            -46.135235   data arrival time
---------------------------------------------------------------------------------------------
                                             44.284225   slack (MET)


Startpoint: rst_n (input port clocked by clk)
Endpoint: _222_ (removal check against rising-edge clock clk)
Path Group: asynchronous
Path Type: min

Fanout         Cap        Slew       Delay        Time   Description
---------------------------------------------------------------------------------------------
                                  0.000000    0.000000   clock clk (rise edge)
                                  0.000000    0.000000   clock network delay (propagated)
                                 40.000000   40.000000 ^ input external delay
     1    0.005750    0.203564    0.079829   40.079830 ^ rst_n (in)
                                                         rst_n (net)
                      0.203564    0.000000   40.079830 ^ input4/I (gf180mcu_fd_sc_mcu7t5v0__buf_1)
     1    0.007228    0.249128    0.339590   40.419418 ^ input4/Z (gf180mcu_fd_sc_mcu7t5v0__buf_1)
                                                         net4 (net)
                      0.249128    0.000167   40.419586 ^ fanout49/I (gf180mcu_fd_sc_mcu7t5v0__dlyb_1)
     1    0.005590    0.252831    1.351346   41.770931 ^ fanout49/Z (gf180mcu_fd_sc_mcu7t5v0__dlyb_1)
                                                         net49 (net)
                      0.252831    0.000142   41.771076 ^ wire51/I (gf180mcu_fd_sc_mcu7t5v0__buf_1)
     4    0.028071    0.720219    0.633158   42.404232 ^ wire51/Z (gf180mcu_fd_sc_mcu7t5v0__buf_1)
                                                         net51 (net)
                      0.720219    0.000519   42.404751 ^ fanout37/I (gf180mcu_fd_sc_mcu7t5v0__dlyb_1)
     3    0.018241    0.520070    1.578243   43.982994 ^ fanout37/Z (gf180mcu_fd_sc_mcu7t5v0__dlyb_1)
                                                         net37 (net)
                      0.520070    0.000369   43.983364 ^ load_slew39/I (gf180mcu_fd_sc_mcu7t5v0__clkbuf_2)
     3    0.023543    0.333252    0.517158   44.500523 ^ load_slew39/Z (gf180mcu_fd_sc_mcu7t5v0__clkbuf_2)
                                                         net39 (net)
                      0.333252    0.000444   44.500965 ^ fanout33/I (gf180mcu_fd_sc_mcu7t5v0__dlyb_1)
     3    0.024684    0.659291    1.633733   46.134701 ^ fanout33/Z (gf180mcu_fd_sc_mcu7t5v0__dlyb_1)
                                                         net33 (net)
                      0.659291    0.000497   46.135197 ^ load_slew36/I (gf180mcu_fd_sc_mcu7t5v0__buf_2)
     3    0.020798    0.299085    0.423615   46.558811 ^ load_slew36/Z (gf180mcu_fd_sc_mcu7t5v0__buf_2)
                                                         net36 (net)
                      0.299086    0.000469   46.559280 ^ _222_/RN (gf180mcu_fd_sc_mcu7t5v0__dffrnq_1)
                                             46.559280   data arrival time

                                  0.000000    0.000000   clock clk (rise edge)
                                  0.000000    0.000000   clock source latency
     1    0.043671    0.300830    0.152159    0.152159 ^ clk (in)
                                                         clk (net)
                      0.300831    0.000000    0.152159 ^ clkbuf_0_clk/I (gf180mcu_fd_sc_mcu7t5v0__clkbuf_16)
     8    0.196252    0.351884    0.505295    0.657453 ^ clkbuf_0_clk/Z (gf180mcu_fd_sc_mcu7t5v0__clkbuf_16)
                                                         clknet_0_clk (net)
                      0.351901    0.003672    0.661125 ^ clkbuf_3_3__f_clk/I (gf180mcu_fd_sc_mcu7t5v0__clkbuf_16)
     6    0.028726    0.131807    0.359307    1.020433 ^ clkbuf_3_3__f_clk/Z (gf180mcu_fd_sc_mcu7t5v0__clkbuf_16)
                                                         clknet_3_3__leaf_clk (net)
                      0.131807    0.000540    1.020973 ^ _222_/CLK (gf180mcu_fd_sc_mcu7t5v0__dffrnq_1)
                                  0.250000    1.270973   clock uncertainty
                                  0.000000    1.270973   clock reconvergence pessimism
                                  0.524252    1.795225   library removal time
                                              1.795225   data required time
---------------------------------------------------------------------------------------------
                                              1.795225   data required time
                                            -46.559280   data arrival time
---------------------------------------------------------------------------------------------
                                             44.764053   slack (MET)


Startpoint: rst_n (input port clocked by clk)
Endpoint: _223_ (removal check against rising-edge clock clk)
Path Group: asynchronous
Path Type: min

Fanout         Cap        Slew       Delay        Time   Description
---------------------------------------------------------------------------------------------
                                  0.000000    0.000000   clock clk (rise edge)
                                  0.000000    0.000000   clock network delay (propagated)
                                 40.000000   40.000000 ^ input external delay
     1    0.005750    0.203564    0.079829   40.079830 ^ rst_n (in)
                                                         rst_n (net)
                      0.203564    0.000000   40.079830 ^ input4/I (gf180mcu_fd_sc_mcu7t5v0__buf_1)
     1    0.007228    0.249128    0.339590   40.419418 ^ input4/Z (gf180mcu_fd_sc_mcu7t5v0__buf_1)
                                                         net4 (net)
                      0.249128    0.000167   40.419586 ^ fanout49/I (gf180mcu_fd_sc_mcu7t5v0__dlyb_1)
     1    0.005590    0.252831    1.351346   41.770931 ^ fanout49/Z (gf180mcu_fd_sc_mcu7t5v0__dlyb_1)
                                                         net49 (net)
                      0.252831    0.000142   41.771076 ^ wire51/I (gf180mcu_fd_sc_mcu7t5v0__buf_1)
     4    0.028071    0.720219    0.633158   42.404232 ^ wire51/Z (gf180mcu_fd_sc_mcu7t5v0__buf_1)
                                                         net51 (net)
                      0.720219    0.000519   42.404751 ^ fanout37/I (gf180mcu_fd_sc_mcu7t5v0__dlyb_1)
     3    0.018241    0.520070    1.578243   43.982994 ^ fanout37/Z (gf180mcu_fd_sc_mcu7t5v0__dlyb_1)
                                                         net37 (net)
                      0.520070    0.000369   43.983364 ^ load_slew39/I (gf180mcu_fd_sc_mcu7t5v0__clkbuf_2)
     3    0.023543    0.333252    0.517158   44.500523 ^ load_slew39/Z (gf180mcu_fd_sc_mcu7t5v0__clkbuf_2)
                                                         net39 (net)
                      0.333252    0.000444   44.500965 ^ fanout33/I (gf180mcu_fd_sc_mcu7t5v0__dlyb_1)
     3    0.024684    0.659291    1.633733   46.134701 ^ fanout33/Z (gf180mcu_fd_sc_mcu7t5v0__dlyb_1)
                                                         net33 (net)
                      0.659291    0.000497   46.135197 ^ load_slew36/I (gf180mcu_fd_sc_mcu7t5v0__buf_2)
     3    0.020798    0.299085    0.423615   46.558811 ^ load_slew36/Z (gf180mcu_fd_sc_mcu7t5v0__buf_2)
                                                         net36 (net)
                      0.299086    0.000469   46.559280 ^ _223_/RN (gf180mcu_fd_sc_mcu7t5v0__dffrnq_1)
                                             46.559280   data arrival time

                                  0.000000    0.000000   clock clk (rise edge)
                                  0.000000    0.000000   clock source latency
     1    0.043671    0.300830    0.152159    0.152159 ^ clk (in)
                                                         clk (net)
                      0.300831    0.000000    0.152159 ^ clkbuf_0_clk/I (gf180mcu_fd_sc_mcu7t5v0__clkbuf_16)
     8    0.196252    0.351884    0.505295    0.657453 ^ clkbuf_0_clk/Z (gf180mcu_fd_sc_mcu7t5v0__clkbuf_16)
                                                         clknet_0_clk (net)
                      0.351901    0.003672    0.661125 ^ clkbuf_3_3__f_clk/I (gf180mcu_fd_sc_mcu7t5v0__clkbuf_16)
     6    0.028726    0.131807    0.359307    1.020433 ^ clkbuf_3_3__f_clk/Z (gf180mcu_fd_sc_mcu7t5v0__clkbuf_16)
                                                         clknet_3_3__leaf_clk (net)
                      0.131807    0.000540    1.020973 ^ _223_/CLK (gf180mcu_fd_sc_mcu7t5v0__dffrnq_1)
                                  0.250000    1.270973   clock uncertainty
                                  0.000000    1.270973   clock reconvergence pessimism
                                  0.524252    1.795225   library removal time
                                              1.795225   data required time
---------------------------------------------------------------------------------------------
                                              1.795225   data required time
                                            -46.559280   data arrival time
---------------------------------------------------------------------------------------------
                                             44.764053   slack (MET)


Startpoint: rst_n (input port clocked by clk)
Endpoint: _218_ (removal check against rising-edge clock clk)
Path Group: asynchronous
Path Type: min

Fanout         Cap        Slew       Delay        Time   Description
---------------------------------------------------------------------------------------------
                                  0.000000    0.000000   clock clk (rise edge)
                                  0.000000    0.000000   clock network delay (propagated)
                                 40.000000   40.000000 ^ input external delay
     1    0.005750    0.203564    0.079829   40.079830 ^ rst_n (in)
                                                         rst_n (net)
                      0.203564    0.000000   40.079830 ^ input4/I (gf180mcu_fd_sc_mcu7t5v0__buf_1)
     1    0.007228    0.249128    0.339590   40.419418 ^ input4/Z (gf180mcu_fd_sc_mcu7t5v0__buf_1)
                                                         net4 (net)
                      0.249128    0.000167   40.419586 ^ fanout49/I (gf180mcu_fd_sc_mcu7t5v0__dlyb_1)
     1    0.005590    0.252831    1.351346   41.770931 ^ fanout49/Z (gf180mcu_fd_sc_mcu7t5v0__dlyb_1)
                                                         net49 (net)
                      0.252831    0.000142   41.771076 ^ wire51/I (gf180mcu_fd_sc_mcu7t5v0__buf_1)
     4    0.028071    0.720219    0.633158   42.404232 ^ wire51/Z (gf180mcu_fd_sc_mcu7t5v0__buf_1)
                                                         net51 (net)
                      0.720219    0.000519   42.404751 ^ fanout37/I (gf180mcu_fd_sc_mcu7t5v0__dlyb_1)
     3    0.018241    0.520070    1.578243   43.982994 ^ fanout37/Z (gf180mcu_fd_sc_mcu7t5v0__dlyb_1)
                                                         net37 (net)
                      0.520070    0.000369   43.983364 ^ load_slew39/I (gf180mcu_fd_sc_mcu7t5v0__clkbuf_2)
     3    0.023543    0.333252    0.517158   44.500523 ^ load_slew39/Z (gf180mcu_fd_sc_mcu7t5v0__clkbuf_2)
                                                         net39 (net)
                      0.333252    0.000444   44.500965 ^ fanout33/I (gf180mcu_fd_sc_mcu7t5v0__dlyb_1)
     3    0.024684    0.659291    1.633733   46.134701 ^ fanout33/Z (gf180mcu_fd_sc_mcu7t5v0__dlyb_1)
                                                         net33 (net)
                      0.659291    0.000497   46.135197 ^ load_slew36/I (gf180mcu_fd_sc_mcu7t5v0__buf_2)
     3    0.020798    0.299085    0.423615   46.558811 ^ load_slew36/Z (gf180mcu_fd_sc_mcu7t5v0__buf_2)
                                                         net36 (net)
                      0.299085    0.000398   46.559208 ^ wire35/I (gf180mcu_fd_sc_mcu7t5v0__buf_1)
     4    0.030679    0.780098    0.677076   47.236286 ^ wire35/Z (gf180mcu_fd_sc_mcu7t5v0__buf_1)
                                                         net35 (net)
                      0.780098    0.000636   47.236923 ^ _218_/RN (gf180mcu_fd_sc_mcu7t5v0__dffrnq_1)
                                             47.236923   data arrival time

                                  0.000000    0.000000   clock clk (rise edge)
                                  0.000000    0.000000   clock source latency
     1    0.043671    0.300830    0.152159    0.152159 ^ clk (in)
                                                         clk (net)
                      0.300831    0.000000    0.152159 ^ clkbuf_0_clk/I (gf180mcu_fd_sc_mcu7t5v0__clkbuf_16)
     8    0.196252    0.351884    0.505295    0.657453 ^ clkbuf_0_clk/Z (gf180mcu_fd_sc_mcu7t5v0__clkbuf_16)
                                                         clknet_0_clk (net)
                      0.351901    0.003673    0.661126 ^ clkbuf_3_2__f_clk/I (gf180mcu_fd_sc_mcu7t5v0__clkbuf_16)
     6    0.026864    0.129350    0.357133    1.018258 ^ clkbuf_3_2__f_clk/Z (gf180mcu_fd_sc_mcu7t5v0__clkbuf_16)
                                                         clknet_3_2__leaf_clk (net)
                      0.129351    0.000509    1.018767 ^ _218_/CLK (gf180mcu_fd_sc_mcu7t5v0__dffrnq_1)
                                  0.250000    1.268767   clock uncertainty
                                  0.000000    1.268767   clock reconvergence pessimism
                                  0.596468    1.865236   library removal time
                                              1.865236   data required time
---------------------------------------------------------------------------------------------
                                              1.865236   data required time
                                            -47.236923   data arrival time
---------------------------------------------------------------------------------------------
                                             45.371685   slack (MET)


Startpoint: rst_n (input port clocked by clk)
Endpoint: _219_ (removal check against rising-edge clock clk)
Path Group: asynchronous
Path Type: min

Fanout         Cap        Slew       Delay        Time   Description
---------------------------------------------------------------------------------------------
                                  0.000000    0.000000   clock clk (rise edge)
                                  0.000000    0.000000   clock network delay (propagated)
                                 40.000000   40.000000 ^ input external delay
     1    0.005750    0.203564    0.079829   40.079830 ^ rst_n (in)
                                                         rst_n (net)
                      0.203564    0.000000   40.079830 ^ input4/I (gf180mcu_fd_sc_mcu7t5v0__buf_1)
     1    0.007228    0.249128    0.339590   40.419418 ^ input4/Z (gf180mcu_fd_sc_mcu7t5v0__buf_1)
                                                         net4 (net)
                      0.249128    0.000167   40.419586 ^ fanout49/I (gf180mcu_fd_sc_mcu7t5v0__dlyb_1)
     1    0.005590    0.252831    1.351346   41.770931 ^ fanout49/Z (gf180mcu_fd_sc_mcu7t5v0__dlyb_1)
                                                         net49 (net)
                      0.252831    0.000142   41.771076 ^ wire51/I (gf180mcu_fd_sc_mcu7t5v0__buf_1)
     4    0.028071    0.720219    0.633158   42.404232 ^ wire51/Z (gf180mcu_fd_sc_mcu7t5v0__buf_1)
                                                         net51 (net)
                      0.720219    0.000519   42.404751 ^ fanout37/I (gf180mcu_fd_sc_mcu7t5v0__dlyb_1)
     3    0.018241    0.520070    1.578243   43.982994 ^ fanout37/Z (gf180mcu_fd_sc_mcu7t5v0__dlyb_1)
                                                         net37 (net)
                      0.520070    0.000369   43.983364 ^ load_slew39/I (gf180mcu_fd_sc_mcu7t5v0__clkbuf_2)
     3    0.023543    0.333252    0.517158   44.500523 ^ load_slew39/Z (gf180mcu_fd_sc_mcu7t5v0__clkbuf_2)
                                                         net39 (net)
                      0.333252    0.000444   44.500965 ^ fanout33/I (gf180mcu_fd_sc_mcu7t5v0__dlyb_1)
     3    0.024684    0.659291    1.633733   46.134701 ^ fanout33/Z (gf180mcu_fd_sc_mcu7t5v0__dlyb_1)
                                                         net33 (net)
                      0.659291    0.000497   46.135197 ^ load_slew36/I (gf180mcu_fd_sc_mcu7t5v0__buf_2)
     3    0.020798    0.299085    0.423615   46.558811 ^ load_slew36/Z (gf180mcu_fd_sc_mcu7t5v0__buf_2)
                                                         net36 (net)
                      0.299085    0.000398   46.559208 ^ wire35/I (gf180mcu_fd_sc_mcu7t5v0__buf_1)
     4    0.030679    0.780098    0.677076   47.236286 ^ wire35/Z (gf180mcu_fd_sc_mcu7t5v0__buf_1)
                                                         net35 (net)
                      0.780098    0.000636   47.236923 ^ _219_/RN (gf180mcu_fd_sc_mcu7t5v0__dffrnq_1)
                                             47.236923   data arrival time

                                  0.000000    0.000000   clock clk (rise edge)
                                  0.000000    0.000000   clock source latency
     1    0.043671    0.300830    0.152159    0.152159 ^ clk (in)
                                                         clk (net)
                      0.300831    0.000000    0.152159 ^ clkbuf_0_clk/I (gf180mcu_fd_sc_mcu7t5v0__clkbuf_16)
     8    0.196252    0.351884    0.505295    0.657453 ^ clkbuf_0_clk/Z (gf180mcu_fd_sc_mcu7t5v0__clkbuf_16)
                                                         clknet_0_clk (net)
                      0.351901    0.003673    0.661126 ^ clkbuf_3_2__f_clk/I (gf180mcu_fd_sc_mcu7t5v0__clkbuf_16)
     6    0.026864    0.129350    0.357133    1.018258 ^ clkbuf_3_2__f_clk/Z (gf180mcu_fd_sc_mcu7t5v0__clkbuf_16)
                                                         clknet_3_2__leaf_clk (net)
                      0.129351    0.000509    1.018767 ^ _219_/CLK (gf180mcu_fd_sc_mcu7t5v0__dffrnq_1)
                                  0.250000    1.268767   clock uncertainty
                                  0.000000    1.268767   clock reconvergence pessimism
                                  0.596468    1.865236   library removal time
                                              1.865236   data required time
---------------------------------------------------------------------------------------------
                                              1.865236   data required time
                                            -47.236923   data arrival time
---------------------------------------------------------------------------------------------
                                             45.371685   slack (MET)


Startpoint: rst_n (input port clocked by clk)
Endpoint: _221_ (removal check against rising-edge clock clk)
Path Group: asynchronous
Path Type: min

Fanout         Cap        Slew       Delay        Time   Description
---------------------------------------------------------------------------------------------
                                  0.000000    0.000000   clock clk (rise edge)
                                  0.000000    0.000000   clock network delay (propagated)
                                 40.000000   40.000000 ^ input external delay
     1    0.005750    0.203564    0.079829   40.079830 ^ rst_n (in)
                                                         rst_n (net)
                      0.203564    0.000000   40.079830 ^ input4/I (gf180mcu_fd_sc_mcu7t5v0__buf_1)
     1    0.007228    0.249128    0.339590   40.419418 ^ input4/Z (gf180mcu_fd_sc_mcu7t5v0__buf_1)
                                                         net4 (net)
                      0.249128    0.000167   40.419586 ^ fanout49/I (gf180mcu_fd_sc_mcu7t5v0__dlyb_1)
     1    0.005590    0.252831    1.351346   41.770931 ^ fanout49/Z (gf180mcu_fd_sc_mcu7t5v0__dlyb_1)
                                                         net49 (net)
                      0.252831    0.000142   41.771076 ^ wire51/I (gf180mcu_fd_sc_mcu7t5v0__buf_1)
     4    0.028071    0.720219    0.633158   42.404232 ^ wire51/Z (gf180mcu_fd_sc_mcu7t5v0__buf_1)
                                                         net51 (net)
                      0.720219    0.000519   42.404751 ^ fanout37/I (gf180mcu_fd_sc_mcu7t5v0__dlyb_1)
     3    0.018241    0.520070    1.578243   43.982994 ^ fanout37/Z (gf180mcu_fd_sc_mcu7t5v0__dlyb_1)
                                                         net37 (net)
                      0.520070    0.000369   43.983364 ^ load_slew39/I (gf180mcu_fd_sc_mcu7t5v0__clkbuf_2)
     3    0.023543    0.333252    0.517158   44.500523 ^ load_slew39/Z (gf180mcu_fd_sc_mcu7t5v0__clkbuf_2)
                                                         net39 (net)
                      0.333252    0.000444   44.500965 ^ fanout33/I (gf180mcu_fd_sc_mcu7t5v0__dlyb_1)
     3    0.024684    0.659291    1.633733   46.134701 ^ fanout33/Z (gf180mcu_fd_sc_mcu7t5v0__dlyb_1)
                                                         net33 (net)
                      0.659291    0.000497   46.135197 ^ load_slew36/I (gf180mcu_fd_sc_mcu7t5v0__buf_2)
     3    0.020798    0.299085    0.423615   46.558811 ^ load_slew36/Z (gf180mcu_fd_sc_mcu7t5v0__buf_2)
                                                         net36 (net)
                      0.299085    0.000398   46.559208 ^ wire35/I (gf180mcu_fd_sc_mcu7t5v0__buf_1)
     4    0.030679    0.780098    0.677076   47.236286 ^ wire35/Z (gf180mcu_fd_sc_mcu7t5v0__buf_1)
                                                         net35 (net)
                      0.780098    0.000636   47.236923 ^ _221_/RN (gf180mcu_fd_sc_mcu7t5v0__dffrnq_1)
                                             47.236923   data arrival time

                                  0.000000    0.000000   clock clk (rise edge)
                                  0.000000    0.000000   clock source latency
     1    0.043671    0.300830    0.152159    0.152159 ^ clk (in)
                                                         clk (net)
                      0.300831    0.000000    0.152159 ^ clkbuf_0_clk/I (gf180mcu_fd_sc_mcu7t5v0__clkbuf_16)
     8    0.196252    0.351884    0.505295    0.657453 ^ clkbuf_0_clk/Z (gf180mcu_fd_sc_mcu7t5v0__clkbuf_16)
                                                         clknet_0_clk (net)
                      0.351901    0.003673    0.661126 ^ clkbuf_3_2__f_clk/I (gf180mcu_fd_sc_mcu7t5v0__clkbuf_16)
     6    0.026864    0.129350    0.357133    1.018258 ^ clkbuf_3_2__f_clk/Z (gf180mcu_fd_sc_mcu7t5v0__clkbuf_16)
                                                         clknet_3_2__leaf_clk (net)
                      0.129351    0.000509    1.018767 ^ _221_/CLK (gf180mcu_fd_sc_mcu7t5v0__dffrnq_1)
                                  0.250000    1.268767   clock uncertainty
                                  0.000000    1.268767   clock reconvergence pessimism
                                  0.596468    1.865236   library removal time
                                              1.865236   data required time
---------------------------------------------------------------------------------------------
                                              1.865236   data required time
                                            -47.236923   data arrival time
---------------------------------------------------------------------------------------------
                                             45.371685   slack (MET)


Startpoint: rst_n (input port clocked by clk)
Endpoint: _220_ (removal check against rising-edge clock clk)
Path Group: asynchronous
Path Type: min

Fanout         Cap        Slew       Delay        Time   Description
---------------------------------------------------------------------------------------------
                                  0.000000    0.000000   clock clk (rise edge)
                                  0.000000    0.000000   clock network delay (propagated)
                                 40.000000   40.000000 ^ input external delay
     1    0.005750    0.203564    0.079829   40.079830 ^ rst_n (in)
                                                         rst_n (net)
                      0.203564    0.000000   40.079830 ^ input4/I (gf180mcu_fd_sc_mcu7t5v0__buf_1)
     1    0.007228    0.249128    0.339590   40.419418 ^ input4/Z (gf180mcu_fd_sc_mcu7t5v0__buf_1)
                                                         net4 (net)
                      0.249128    0.000167   40.419586 ^ fanout49/I (gf180mcu_fd_sc_mcu7t5v0__dlyb_1)
     1    0.005590    0.252831    1.351346   41.770931 ^ fanout49/Z (gf180mcu_fd_sc_mcu7t5v0__dlyb_1)
                                                         net49 (net)
                      0.252831    0.000142   41.771076 ^ wire51/I (gf180mcu_fd_sc_mcu7t5v0__buf_1)
     4    0.028071    0.720219    0.633158   42.404232 ^ wire51/Z (gf180mcu_fd_sc_mcu7t5v0__buf_1)
                                                         net51 (net)
                      0.720219    0.000519   42.404751 ^ fanout37/I (gf180mcu_fd_sc_mcu7t5v0__dlyb_1)
     3    0.018241    0.520070    1.578243   43.982994 ^ fanout37/Z (gf180mcu_fd_sc_mcu7t5v0__dlyb_1)
                                                         net37 (net)
                      0.520070    0.000369   43.983364 ^ load_slew39/I (gf180mcu_fd_sc_mcu7t5v0__clkbuf_2)
     3    0.023543    0.333252    0.517158   44.500523 ^ load_slew39/Z (gf180mcu_fd_sc_mcu7t5v0__clkbuf_2)
                                                         net39 (net)
                      0.333252    0.000444   44.500965 ^ fanout33/I (gf180mcu_fd_sc_mcu7t5v0__dlyb_1)
     3    0.024684    0.659291    1.633733   46.134701 ^ fanout33/Z (gf180mcu_fd_sc_mcu7t5v0__dlyb_1)
                                                         net33 (net)
                      0.659291    0.000497   46.135197 ^ load_slew36/I (gf180mcu_fd_sc_mcu7t5v0__buf_2)
     3    0.020798    0.299085    0.423615   46.558811 ^ load_slew36/Z (gf180mcu_fd_sc_mcu7t5v0__buf_2)
                                                         net36 (net)
                      0.299085    0.000398   46.559208 ^ wire35/I (gf180mcu_fd_sc_mcu7t5v0__buf_1)
     4    0.030679    0.780098    0.677076   47.236286 ^ wire35/Z (gf180mcu_fd_sc_mcu7t5v0__buf_1)
                                                         net35 (net)
                      0.780098    0.000579   47.236866 ^ load_slew34/I (gf180mcu_fd_sc_mcu7t5v0__clkbuf_2)
     3    0.028763    0.394560    0.593918   47.830784 ^ load_slew34/Z (gf180mcu_fd_sc_mcu7t5v0__clkbuf_2)
                                                         net34 (net)
                      0.394560    0.000604   47.831387 ^ _220_/RN (gf180mcu_fd_sc_mcu7t5v0__dffrnq_1)
                                             47.831387   data arrival time

                                  0.000000    0.000000   clock clk (rise edge)
                                  0.000000    0.000000   clock source latency
     1    0.043671    0.300830    0.152159    0.152159 ^ clk (in)
                                                         clk (net)
                      0.300831    0.000000    0.152159 ^ clkbuf_0_clk/I (gf180mcu_fd_sc_mcu7t5v0__clkbuf_16)
     8    0.196252    0.351884    0.505295    0.657453 ^ clkbuf_0_clk/Z (gf180mcu_fd_sc_mcu7t5v0__clkbuf_16)
                                                         clknet_0_clk (net)
                      0.351901    0.003673    0.661126 ^ clkbuf_3_0__f_clk/I (gf180mcu_fd_sc_mcu7t5v0__clkbuf_16)
     6    0.031840    0.135908    0.362942    1.024068 ^ clkbuf_3_0__f_clk/Z (gf180mcu_fd_sc_mcu7t5v0__clkbuf_16)
                                                         clknet_3_0__leaf_clk (net)
                      0.135908    0.000593    1.024660 ^ _220_/CLK (gf180mcu_fd_sc_mcu7t5v0__dffrnq_1)
                                  0.250000    1.274660   clock uncertainty
                                  0.000000    1.274660   clock reconvergence pessimism
                                  0.539972    1.814633   library removal time
                                              1.814633   data required time
---------------------------------------------------------------------------------------------
                                              1.814633   data required time
                                            -47.831387   data arrival time
---------------------------------------------------------------------------------------------
                                             46.016754   slack (MET)


Startpoint: rst_n (input port clocked by clk)
Endpoint: _216_ (removal check against rising-edge clock clk)
Path Group: asynchronous
Path Type: min

Fanout         Cap        Slew       Delay        Time   Description
---------------------------------------------------------------------------------------------
                                  0.000000    0.000000   clock clk (rise edge)
                                  0.000000    0.000000   clock network delay (propagated)
                                 40.000000   40.000000 ^ input external delay
     1    0.005750    0.203564    0.079829   40.079830 ^ rst_n (in)
                                                         rst_n (net)
                      0.203564    0.000000   40.079830 ^ input4/I (gf180mcu_fd_sc_mcu7t5v0__buf_1)
     1    0.007228    0.249128    0.339590   40.419418 ^ input4/Z (gf180mcu_fd_sc_mcu7t5v0__buf_1)
                                                         net4 (net)
                      0.249128    0.000167   40.419586 ^ fanout49/I (gf180mcu_fd_sc_mcu7t5v0__dlyb_1)
     1    0.005590    0.252831    1.351346   41.770931 ^ fanout49/Z (gf180mcu_fd_sc_mcu7t5v0__dlyb_1)
                                                         net49 (net)
                      0.252831    0.000142   41.771076 ^ wire51/I (gf180mcu_fd_sc_mcu7t5v0__buf_1)
     4    0.028071    0.720219    0.633158   42.404232 ^ wire51/Z (gf180mcu_fd_sc_mcu7t5v0__buf_1)
                                                         net51 (net)
                      0.720219    0.000519   42.404751 ^ fanout37/I (gf180mcu_fd_sc_mcu7t5v0__dlyb_1)
     3    0.018241    0.520070    1.578243   43.982994 ^ fanout37/Z (gf180mcu_fd_sc_mcu7t5v0__dlyb_1)
                                                         net37 (net)
                      0.520070    0.000369   43.983364 ^ load_slew39/I (gf180mcu_fd_sc_mcu7t5v0__clkbuf_2)
     3    0.023543    0.333252    0.517158   44.500523 ^ load_slew39/Z (gf180mcu_fd_sc_mcu7t5v0__clkbuf_2)
                                                         net39 (net)
                      0.333252    0.000444   44.500965 ^ fanout33/I (gf180mcu_fd_sc_mcu7t5v0__dlyb_1)
     3    0.024684    0.659291    1.633733   46.134701 ^ fanout33/Z (gf180mcu_fd_sc_mcu7t5v0__dlyb_1)
                                                         net33 (net)
                      0.659291    0.000497   46.135197 ^ load_slew36/I (gf180mcu_fd_sc_mcu7t5v0__buf_2)
     3    0.020798    0.299085    0.423615   46.558811 ^ load_slew36/Z (gf180mcu_fd_sc_mcu7t5v0__buf_2)
                                                         net36 (net)
                      0.299085    0.000398   46.559208 ^ wire35/I (gf180mcu_fd_sc_mcu7t5v0__buf_1)
     4    0.030679    0.780098    0.677076   47.236286 ^ wire35/Z (gf180mcu_fd_sc_mcu7t5v0__buf_1)
                                                         net35 (net)
                      0.780098    0.000579   47.236866 ^ load_slew34/I (gf180mcu_fd_sc_mcu7t5v0__clkbuf_2)
     3    0.028763    0.394560    0.593918   47.830784 ^ load_slew34/Z (gf180mcu_fd_sc_mcu7t5v0__clkbuf_2)
                                                         net34 (net)
                      0.394560    0.000604   47.831387 ^ _216_/RN (gf180mcu_fd_sc_mcu7t5v0__dffrnq_1)
                                             47.831387   data arrival time

                                  0.000000    0.000000   clock clk (rise edge)
                                  0.000000    0.000000   clock source latency
     1    0.043671    0.300830    0.152159    0.152159 ^ clk (in)
                                                         clk (net)
                      0.300831    0.000000    0.152159 ^ clkbuf_0_clk/I (gf180mcu_fd_sc_mcu7t5v0__clkbuf_16)
     8    0.196252    0.351884    0.505295    0.657453 ^ clkbuf_0_clk/Z (gf180mcu_fd_sc_mcu7t5v0__clkbuf_16)
                                                         clknet_0_clk (net)
                      0.351901    0.003673    0.661126 ^ clkbuf_3_2__f_clk/I (gf180mcu_fd_sc_mcu7t5v0__clkbuf_16)
     6    0.026864    0.129350    0.357133    1.018258 ^ clkbuf_3_2__f_clk/Z (gf180mcu_fd_sc_mcu7t5v0__clkbuf_16)
                                                         clknet_3_2__leaf_clk (net)
                      0.129351    0.000509    1.018767 ^ _216_/CLK (gf180mcu_fd_sc_mcu7t5v0__dffrnq_1)
                                  0.250000    1.268767   clock uncertainty
                                  0.000000    1.268767   clock reconvergence pessimism
                                  0.538478    1.807245   library removal time
                                              1.807245   data required time
---------------------------------------------------------------------------------------------
                                              1.807245   data required time
                                            -47.831387   data arrival time
---------------------------------------------------------------------------------------------
                                             46.024143   slack (MET)


Startpoint: rst_n (input port clocked by clk)
Endpoint: _217_ (removal check against rising-edge clock clk)
Path Group: asynchronous
Path Type: min

Fanout         Cap        Slew       Delay        Time   Description
---------------------------------------------------------------------------------------------
                                  0.000000    0.000000   clock clk (rise edge)
                                  0.000000    0.000000   clock network delay (propagated)
                                 40.000000   40.000000 ^ input external delay
     1    0.005750    0.203564    0.079829   40.079830 ^ rst_n (in)
                                                         rst_n (net)
                      0.203564    0.000000   40.079830 ^ input4/I (gf180mcu_fd_sc_mcu7t5v0__buf_1)
     1    0.007228    0.249128    0.339590   40.419418 ^ input4/Z (gf180mcu_fd_sc_mcu7t5v0__buf_1)
                                                         net4 (net)
                      0.249128    0.000167   40.419586 ^ fanout49/I (gf180mcu_fd_sc_mcu7t5v0__dlyb_1)
     1    0.005590    0.252831    1.351346   41.770931 ^ fanout49/Z (gf180mcu_fd_sc_mcu7t5v0__dlyb_1)
                                                         net49 (net)
                      0.252831    0.000142   41.771076 ^ wire51/I (gf180mcu_fd_sc_mcu7t5v0__buf_1)
     4    0.028071    0.720219    0.633158   42.404232 ^ wire51/Z (gf180mcu_fd_sc_mcu7t5v0__buf_1)
                                                         net51 (net)
                      0.720219    0.000519   42.404751 ^ fanout37/I (gf180mcu_fd_sc_mcu7t5v0__dlyb_1)
     3    0.018241    0.520070    1.578243   43.982994 ^ fanout37/Z (gf180mcu_fd_sc_mcu7t5v0__dlyb_1)
                                                         net37 (net)
                      0.520070    0.000369   43.983364 ^ load_slew39/I (gf180mcu_fd_sc_mcu7t5v0__clkbuf_2)
     3    0.023543    0.333252    0.517158   44.500523 ^ load_slew39/Z (gf180mcu_fd_sc_mcu7t5v0__clkbuf_2)
                                                         net39 (net)
                      0.333252    0.000444   44.500965 ^ fanout33/I (gf180mcu_fd_sc_mcu7t5v0__dlyb_1)
     3    0.024684    0.659291    1.633733   46.134701 ^ fanout33/Z (gf180mcu_fd_sc_mcu7t5v0__dlyb_1)
                                                         net33 (net)
                      0.659291    0.000497   46.135197 ^ load_slew36/I (gf180mcu_fd_sc_mcu7t5v0__buf_2)
     3    0.020798    0.299085    0.423615   46.558811 ^ load_slew36/Z (gf180mcu_fd_sc_mcu7t5v0__buf_2)
                                                         net36 (net)
                      0.299085    0.000398   46.559208 ^ wire35/I (gf180mcu_fd_sc_mcu7t5v0__buf_1)
     4    0.030679    0.780098    0.677076   47.236286 ^ wire35/Z (gf180mcu_fd_sc_mcu7t5v0__buf_1)
                                                         net35 (net)
                      0.780098    0.000579   47.236866 ^ load_slew34/I (gf180mcu_fd_sc_mcu7t5v0__clkbuf_2)
     3    0.028763    0.394560    0.593918   47.830784 ^ load_slew34/Z (gf180mcu_fd_sc_mcu7t5v0__clkbuf_2)
                                                         net34 (net)
                      0.394560    0.000604   47.831387 ^ _217_/RN (gf180mcu_fd_sc_mcu7t5v0__dffrnq_1)
                                             47.831387   data arrival time

                                  0.000000    0.000000   clock clk (rise edge)
                                  0.000000    0.000000   clock source latency
     1    0.043671    0.300830    0.152159    0.152159 ^ clk (in)
                                                         clk (net)
                      0.300831    0.000000    0.152159 ^ clkbuf_0_clk/I (gf180mcu_fd_sc_mcu7t5v0__clkbuf_16)
     8    0.196252    0.351884    0.505295    0.657453 ^ clkbuf_0_clk/Z (gf180mcu_fd_sc_mcu7t5v0__clkbuf_16)
                                                         clknet_0_clk (net)
                      0.351901    0.003673    0.661126 ^ clkbuf_3_2__f_clk/I (gf180mcu_fd_sc_mcu7t5v0__clkbuf_16)
     6    0.026864    0.129350    0.357133    1.018258 ^ clkbuf_3_2__f_clk/Z (gf180mcu_fd_sc_mcu7t5v0__clkbuf_16)
                                                         clknet_3_2__leaf_clk (net)
                      0.129351    0.000509    1.018767 ^ _217_/CLK (gf180mcu_fd_sc_mcu7t5v0__dffrnq_1)
                                  0.250000    1.268767   clock uncertainty
                                  0.000000    1.268767   clock reconvergence pessimism
                                  0.538478    1.807245   library removal time
                                              1.807245   data required time
---------------------------------------------------------------------------------------------
                                              1.807245   data required time
                                            -47.831387   data arrival time
---------------------------------------------------------------------------------------------
                                             46.024143   slack (MET)



