Instance,Terminal,Layer,X location,Y location,Voltage
FILLER_96_676,VSS,Metal1,385.5600,392.0000,0.000001
FILLER_96_672,VSS,Metal1,383.7800,392.3485,0.000001
FILLER_96_664,VSS,Metal1,380.2930,392.4615,0.000001
FILLER_96_648,VSS,Metal1,373.4720,392.5480,0.000001
FILLER_96_614,VSS,Metal1,358.8440,392.5975,0.000001
FILLER_96_611,VSS,Metal1,349.1600,392.0000,0.000001
FILLER_96_602,VSS,Metal1,344.1200,392.0000,0.000001
FILLER_96_600,VSS,Metal1,343.2800,392.0000,0.000001
FILLER_96_596,VSS,Metal1,341.2200,392.3485,0.000001
FILLER_96_580,VSS,Metal1,335.3920,392.5480,0.000001
FILLER_96_546,VSS,Metal1,320.7640,392.5975,0.000001
FILLER_96_512,VSS,Metal1,301.7240,392.5975,0.000001
FILLER_96_478,VSS,Metal1,282.6840,392.5975,0.000001
FILLER_96_444,VSS,Metal1,263.6440,392.5975,0.000001
FILLER_96_441,VSS,Metal1,253.9600,392.0000,0.000001
FILLER_96_437,VSS,Metal1,252.1800,392.3485,0.000001
FILLER_96_426,VSS,Metal1,245.5600,392.0000,0.000001
FILLER_96_410,VSS,Metal1,240.1920,392.5480,0.000001
FILLER_96_376,VSS,Metal1,225.5640,392.5975,0.000001
FILLER_96_342,VSS,Metal1,206.5240,392.5975,0.000001
FILLER_96_308,VSS,Metal1,187.4840,392.5975,0.000001
FILLER_96_274,VSS,Metal1,168.4440,392.5975,0.000001
FILLER_96_271,VSS,Metal1,158.7600,392.0000,0.000001
FILLER_96_267,VSS,Metal1,156.9800,392.3485,0.000001
FILLER_96_259,VSS,Metal1,153.4930,392.4615,0.000001
FILLER_96_250,VSS,Metal1,147.0000,392.0000,0.000001
FILLER_96_248,VSS,Metal1,146.1600,392.0000,0.000001
FILLER_96_240,VSS,Metal1,142.8530,392.4615,0.000001
FILLER_96_206,VSS,Metal1,130.3640,392.5975,0.000001
FILLER_96_172,VSS,Metal1,111.3240,392.5975,0.000001
FILLER_96_138,VSS,Metal1,92.2840,392.5975,0.000001
FILLER_96_104,VSS,Metal1,73.2440,392.5975,0.000001
FILLER_96_101,VSS,Metal1,63.5600,392.0000,0.000001
FILLER_96_85,VSS,Metal1,58.1920,392.5480,0.000001
FILLER_96_74,VSS,Metal1,48.4400,392.0000,0.000001
FILLER_96_70,VSS,Metal1,46.6600,392.3485,0.000001
FILLER_96_36,VSS,Metal1,35.1640,392.5975,0.000001
FILLER_96_2,VSS,Metal1,16.1240,392.5975,0.000001
FILLER_95_676,VSS,Metal1,385.5600,392.0000,0.000001
FILLER_95_672,VSS,Metal1,383.7800,391.6510,0.000001
FILLER_95_664,VSS,Metal1,380.2930,391.5380,0.000001
FILLER_95_632,VSS,Metal1,368.9240,391.4020,0.000001
FILLER_95_626,VSS,Metal1,358.0200,391.6510,0.000001
FILLER_95_562,VSS,Metal1,338.6445,391.3620,0.000001
FILLER_95_556,VSS,Metal1,318.8200,391.6510,0.000001
FILLER_95_492,VSS,Metal1,299.4445,391.3620,0.000001
FILLER_95_486,VSS,Metal1,279.6200,391.6510,0.000001
FILLER_95_422,VSS,Metal1,260.2445,391.3620,0.000001
FILLER_95_416,VSS,Metal1,240.4200,391.6510,0.000001
FILLER_95_352,VSS,Metal1,221.0445,391.3620,0.000001
FILLER_95_346,VSS,Metal1,201.2200,391.6510,0.000001
FILLER_95_282,VSS,Metal1,181.8445,391.3620,0.000001
FILLER_95_276,VSS,Metal1,162.0200,391.6510,0.000001
FILLER_95_212,VSS,Metal1,142.6445,391.3620,0.000001
FILLER_95_206,VSS,Metal1,122.8200,391.6510,0.000001
FILLER_95_142,VSS,Metal1,103.4445,391.3620,0.000001
FILLER_95_136,VSS,Metal1,83.6200,391.6510,0.000001
FILLER_95_72,VSS,Metal1,64.2445,391.3620,0.000001
FILLER_95_66,VSS,Metal1,44.4200,391.6510,0.000001
FILLER_95_2,VSS,Metal1,25.0445,391.3620,0.000001
FILLER_94_675,VSS,Metal1,385.2800,384.1600,0.000000
FILLER_94_667,VSS,Metal1,381.9730,384.6215,0.000000
FILLER_94_661,VSS,Metal1,377.6200,384.5085,0.000000
FILLER_94_597,VSS,Metal1,358.2445,384.7975,0.000000
FILLER_94_591,VSS,Metal1,338.4200,384.5085,0.000000
FILLER_94_527,VSS,Metal1,319.0445,384.7975,0.000000
FILLER_94_521,VSS,Metal1,299.2200,384.5085,0.000000
FILLER_94_457,VSS,Metal1,279.8445,384.7975,0.000000
FILLER_94_451,VSS,Metal1,260.0200,384.5085,0.000000
FILLER_94_387,VSS,Metal1,240.6445,384.7975,0.000000
FILLER_94_381,VSS,Metal1,220.8200,384.5085,0.000000
FILLER_94_317,VSS,Metal1,201.4445,384.7975,0.000000
FILLER_94_311,VSS,Metal1,181.6200,384.5085,0.000000
FILLER_94_247,VSS,Metal1,162.2445,384.7975,0.000000
FILLER_94_241,VSS,Metal1,142.4200,384.5085,0.000000
FILLER_94_177,VSS,Metal1,123.0445,384.7975,0.000000
FILLER_94_171,VSS,Metal1,103.2200,384.5085,0.000000
FILLER_94_107,VSS,Metal1,83.8445,384.7975,0.000000
FILLER_94_101,VSS,Metal1,64.0200,384.5085,0.000000
FILLER_94_37,VSS,Metal1,44.6445,384.7975,0.000000
FILLER_94_34,VSS,Metal1,26.0400,384.1600,0.000000
FILLER_94_2,VSS,Metal1,16.1240,384.7575,0.000000
FILLER_93_676,VSS,Metal1,385.5600,384.1600,0.000000
FILLER_93_672,VSS,Metal1,383.7800,383.8110,0.000000
FILLER_93_664,VSS,Metal1,380.2930,383.6980,0.000000
FILLER_93_632,VSS,Metal1,368.9240,383.5620,0.000000
FILLER_93_626,VSS,Metal1,358.0200,383.8110,0.000000
FILLER_93_562,VSS,Metal1,338.6445,383.5220,0.000000
FILLER_93_556,VSS,Metal1,318.8200,383.8110,0.000000
FILLER_93_492,VSS,Metal1,299.4445,383.5220,0.000000
FILLER_93_486,VSS,Metal1,279.6200,383.8110,0.000000
FILLER_93_422,VSS,Metal1,260.2445,383.5220,0.000000
FILLER_93_416,VSS,Metal1,240.4200,383.8110,0.000000
FILLER_93_352,VSS,Metal1,221.0445,383.5220,0.000000
FILLER_93_346,VSS,Metal1,201.2200,383.8110,0.000000
FILLER_93_282,VSS,Metal1,181.8445,383.5220,0.000000
FILLER_93_276,VSS,Metal1,162.0200,383.8110,0.000000
FILLER_93_212,VSS,Metal1,142.6445,383.5220,0.000000
FILLER_93_206,VSS,Metal1,122.8200,383.8110,0.000000
FILLER_93_142,VSS,Metal1,103.4445,383.5220,0.000000
FILLER_93_136,VSS,Metal1,83.6200,383.8110,0.000000
FILLER_93_72,VSS,Metal1,64.2445,383.5220,0.000000
FILLER_93_66,VSS,Metal1,44.4200,383.8110,0.000000
FILLER_93_2,VSS,Metal1,25.0445,383.5220,0.000000
FILLER_92_675,VSS,Metal1,385.2800,376.3200,0.000028
FILLER_92_667,VSS,Metal1,381.9730,376.7815,0.000027
FILLER_92_661,VSS,Metal1,377.6200,376.6685,0.000026
FILLER_92_597,VSS,Metal1,358.2445,376.9575,0.000026
FILLER_92_591,VSS,Metal1,338.4200,376.6685,0.000026
FILLER_92_527,VSS,Metal1,319.0445,376.9575,0.000026
FILLER_92_521,VSS,Metal1,299.2200,376.6685,0.000026
FILLER_92_457,VSS,Metal1,279.8445,376.9575,0.000026
FILLER_92_451,VSS,Metal1,260.0200,376.6685,0.000026
FILLER_92_387,VSS,Metal1,240.6445,376.9575,0.000025
FILLER_92_381,VSS,Metal1,220.8200,376.6685,0.000025
FILLER_92_317,VSS,Metal1,201.4445,376.9575,0.000025
FILLER_92_311,VSS,Metal1,181.6200,376.6685,0.000025
FILLER_92_247,VSS,Metal1,162.2445,376.9575,0.000025
FILLER_92_241,VSS,Metal1,142.4200,376.6685,0.000025
FILLER_92_177,VSS,Metal1,123.0445,376.9575,0.000025
FILLER_92_171,VSS,Metal1,103.2200,376.6685,0.000025
FILLER_92_107,VSS,Metal1,83.8445,376.9575,0.000025
FILLER_92_101,VSS,Metal1,64.0200,376.6685,0.000025
FILLER_92_37,VSS,Metal1,44.6445,376.9575,0.000025
FILLER_92_34,VSS,Metal1,26.0400,376.3200,0.000025
FILLER_92_2,VSS,Metal1,16.1240,376.9175,0.000025
FILLER_91_668,VSS,Metal1,381.0800,376.3200,0.000027
FILLER_91_664,VSS,Metal1,379.3000,375.9710,0.000027
FILLER_91_632,VSS,Metal1,368.9240,375.7220,0.000026
FILLER_91_626,VSS,Metal1,358.0200,375.9710,0.000026
FILLER_91_562,VSS,Metal1,338.6445,375.6820,0.000026
FILLER_91_556,VSS,Metal1,318.8200,375.9710,0.000026
FILLER_91_492,VSS,Metal1,299.4445,375.6820,0.000026
FILLER_91_486,VSS,Metal1,279.6200,375.9710,0.000026
FILLER_91_422,VSS,Metal1,260.2445,375.6820,0.000026
FILLER_91_416,VSS,Metal1,240.4200,375.9710,0.000025
FILLER_91_352,VSS,Metal1,221.0445,375.6820,0.000025
FILLER_91_346,VSS,Metal1,201.2200,375.9710,0.000025
FILLER_91_282,VSS,Metal1,181.8445,375.6820,0.000025
FILLER_91_276,VSS,Metal1,162.0200,375.9710,0.000025
FILLER_91_212,VSS,Metal1,142.6445,375.6820,0.000025
FILLER_91_206,VSS,Metal1,122.8200,375.9710,0.000025
FILLER_91_142,VSS,Metal1,103.4445,375.6820,0.000025
FILLER_91_136,VSS,Metal1,83.6200,375.9710,0.000025
FILLER_91_72,VSS,Metal1,64.2445,375.6820,0.000025
FILLER_91_66,VSS,Metal1,44.4200,375.9710,0.000025
FILLER_91_2,VSS,Metal1,25.0445,375.6820,0.000025
FILLER_90_667,VSS,Metal1,380.8000,368.4800,0.000101
FILLER_90_629,VSS,Metal1,359.7000,368.8285,0.000100
FILLER_90_597,VSS,Metal1,349.3240,369.0775,0.000098
FILLER_90_594,VSS,Metal1,339.6400,368.4800,0.000095
FILLER_90_590,VSS,Metal1,337.8600,368.8285,0.000095
FILLER_90_558,VSS,Metal1,327.4840,369.0775,0.000095
FILLER_90_543,VSS,Metal1,311.3600,368.4800,0.000094
FILLER_90_527,VSS,Metal1,305.7120,369.0280,0.000094
FILLER_90_524,VSS,Metal1,300.4400,368.4800,0.000094
FILLER_90_520,VSS,Metal1,298.6600,368.8285,0.000094
FILLER_90_488,VSS,Metal1,288.2840,369.0775,0.000094
FILLER_90_479,VSS,Metal1,275.2400,368.4800,0.000094
FILLER_90_477,VSS,Metal1,274.4000,368.4800,0.000094
FILLER_90_473,VSS,Metal1,272.3400,368.8285,0.000094
FILLER_90_457,VSS,Metal1,266.5120,369.0280,0.000094
FILLER_90_454,VSS,Metal1,261.2400,368.4800,0.000090
FILLER_90_450,VSS,Metal1,259.4600,368.8285,0.000090
FILLER_90_441,VSS,Metal1,253.9600,368.4800,0.000062
FILLER_90_423,VSS,Metal1,244.1600,368.4800,0.000061
FILLER_90_403,VSS,Metal1,234.1330,368.9415,0.000060
FILLER_90_387,VSS,Metal1,227.3120,369.0280,0.000060
FILLER_90_381,VSS,Metal1,220.8200,368.8285,0.000058
FILLER_90_317,VSS,Metal1,201.4445,369.1175,0.000056
FILLER_90_311,VSS,Metal1,181.6200,368.8285,0.000056
FILLER_90_247,VSS,Metal1,162.2445,369.1175,0.000056
FILLER_90_241,VSS,Metal1,142.4200,368.8285,0.000056
FILLER_90_177,VSS,Metal1,123.0445,369.1175,0.000056
FILLER_90_171,VSS,Metal1,103.2200,368.8285,0.000056
FILLER_90_107,VSS,Metal1,83.8445,369.1175,0.000056
FILLER_90_101,VSS,Metal1,64.0200,368.8285,0.000056
FILLER_90_37,VSS,Metal1,44.6445,369.1175,0.000056
FILLER_90_34,VSS,Metal1,26.0400,368.4800,0.000056
FILLER_90_2,VSS,Metal1,16.1240,369.0775,0.000056
FILLER_89_675,VSS,Metal1,385.2800,368.4800,0.000101
FILLER_89_632,VSS,Metal1,361.2000,368.4800,0.000100
FILLER_89_629,VSS,Metal1,359.2400,368.4800,0.000100
FILLER_89_621,VSS,Metal1,356.2130,368.0180,0.000098
FILLER_89_586,VSS,Metal1,336.6130,368.0180,0.000095
FILLER_89_570,VSS,Metal1,329.7920,367.9320,0.000095
FILLER_89_529,VSS,Metal1,303.2400,368.4800,0.000094
FILLER_89_516,VSS,Metal1,295.9600,368.4800,0.000094
FILLER_89_512,VSS,Metal1,294.1800,368.1310,0.000094
FILLER_89_492,VSS,Metal1,282.9800,368.1310,0.000094
FILLER_89_438,VSS,Metal1,252.5600,368.4800,0.000062
FILLER_89_434,VSS,Metal1,250.5000,368.1310,0.000061
FILLER_89_393,VSS,Metal1,227.5400,368.1310,0.000060
FILLER_89_378,VSS,Metal1,218.6800,368.4800,0.000056
FILLER_89_376,VSS,Metal1,217.8400,368.4800,0.000056
FILLER_89_368,VSS,Metal1,214.5330,368.0180,0.000056
FILLER_89_352,VSS,Metal1,207.7120,367.9320,0.000056
FILLER_89_346,VSS,Metal1,201.2200,368.1310,0.000056
FILLER_89_282,VSS,Metal1,181.8445,367.8420,0.000056
FILLER_89_276,VSS,Metal1,162.0200,368.1310,0.000056
FILLER_89_212,VSS,Metal1,142.6445,367.8420,0.000056
FILLER_89_206,VSS,Metal1,122.8200,368.1310,0.000056
FILLER_89_142,VSS,Metal1,103.4445,367.8420,0.000056
FILLER_89_136,VSS,Metal1,83.6200,368.1310,0.000056
FILLER_89_72,VSS,Metal1,64.2445,367.8420,0.000056
FILLER_89_66,VSS,Metal1,44.4200,368.1310,0.000056
FILLER_89_2,VSS,Metal1,25.0445,367.8420,0.000056
FILLER_88_675,VSS,Metal1,385.2800,360.6400,0.000126
FILLER_88_652,VSS,Metal1,372.1200,360.6400,0.000126
FILLER_88_650,VSS,Metal1,371.2800,360.6400,0.000126
FILLER_88_581,VSS,Metal1,332.6400,360.6400,0.000129
FILLER_88_552,VSS,Metal1,316.1200,360.6400,0.000131
FILLER_88_550,VSS,Metal1,315.2800,360.6400,0.000131
FILLER_88_529,VSS,Metal1,303.2400,360.6400,0.000132
FILLER_88_527,VSS,Metal1,302.4000,360.6400,0.000132
FILLER_88_440,VSS,Metal1,253.4000,360.6400,0.000122
FILLER_88_426,VSS,Metal1,245.5600,360.6400,0.000118
FILLER_88_422,VSS,Metal1,243.7800,360.9885,0.000118
FILLER_88_401,VSS,Metal1,231.5600,360.6400,0.000109
FILLER_88_399,VSS,Metal1,230.7200,360.6400,0.000109
FILLER_88_395,VSS,Metal1,228.6600,360.9885,0.000109
FILLER_88_384,VSS,Metal1,222.0400,360.6400,0.000103
FILLER_88_382,VSS,Metal1,221.2000,360.6400,0.000103
FILLER_88_349,VSS,Metal1,203.8930,361.1015,0.000100
FILLER_88_317,VSS,Metal1,192.5240,361.2375,0.000097
FILLER_88_311,VSS,Metal1,181.6200,360.9885,0.000093
FILLER_88_247,VSS,Metal1,162.2445,361.2775,0.000093
FILLER_88_241,VSS,Metal1,142.4200,360.9885,0.000093
FILLER_88_177,VSS,Metal1,123.0445,361.2775,0.000092
FILLER_88_171,VSS,Metal1,103.2200,360.9885,0.000092
FILLER_88_107,VSS,Metal1,83.8445,361.2775,0.000092
FILLER_88_101,VSS,Metal1,64.0200,360.9885,0.000092
FILLER_88_37,VSS,Metal1,44.6445,361.2775,0.000092
FILLER_88_34,VSS,Metal1,26.0400,360.6400,0.000092
FILLER_88_2,VSS,Metal1,16.1240,361.2375,0.000092
FILLER_87_676,VSS,Metal1,385.5600,360.6400,0.000126
FILLER_87_640,VSS,Metal1,365.4000,360.6400,0.000126
FILLER_87_638,VSS,Metal1,364.5600,360.6400,0.000126
FILLER_87_622,VSS,Metal1,355.6000,360.6400,0.000126
FILLER_87_582,VSS,Metal1,332.9200,360.6400,0.000129
FILLER_87_574,VSS,Metal1,329.8930,360.1780,0.000131
FILLER_87_548,VSS,Metal1,313.8800,360.6400,0.000131
FILLER_87_544,VSS,Metal1,312.1000,360.2910,0.000131
FILLER_87_512,VSS,Metal1,293.7200,360.6400,0.000132
FILLER_87_510,VSS,Metal1,292.8800,360.6400,0.000132
FILLER_87_494,VSS,Metal1,283.6400,360.6400,0.000132
FILLER_87_492,VSS,Metal1,282.8000,360.6400,0.000132
FILLER_87_476,VSS,Metal1,273.5600,360.6400,0.000130
FILLER_87_474,VSS,Metal1,272.7200,360.6400,0.000130
FILLER_87_440,VSS,Metal1,253.6800,360.6400,0.000122
FILLER_87_436,VSS,Metal1,251.6200,360.2910,0.000122
FILLER_87_422,VSS,Metal1,244.7730,360.1780,0.000118
FILLER_87_418,VSS,Metal1,241.3600,360.6400,0.000109
FILLER_87_410,VSS,Metal1,238.0530,360.1780,0.000109
FILLER_87_394,VSS,Metal1,231.2320,360.0920,0.000109
FILLER_87_379,VSS,Metal1,219.2400,360.6400,0.000103
FILLER_87_364,VSS,Metal1,210.8400,360.6400,0.000101
FILLER_87_360,VSS,Metal1,209.0600,360.2910,0.000101
FILLER_87_352,VSS,Metal1,205.5730,360.1780,0.000100
FILLER_87_346,VSS,Metal1,201.2200,360.2910,0.000097
FILLER_87_338,VSS,Metal1,197.7330,360.1780,0.000097
FILLER_87_328,VSS,Metal1,191.1400,360.2910,0.000097
FILLER_87_320,VSS,Metal1,187.6530,360.1780,0.000097
FILLER_87_282,VSS,Metal1,172.9240,360.0420,0.000093
FILLER_87_276,VSS,Metal1,162.0200,360.2910,0.000093
FILLER_87_212,VSS,Metal1,142.6445,360.0020,0.000093
FILLER_87_206,VSS,Metal1,122.8200,360.2910,0.000092
FILLER_87_142,VSS,Metal1,103.4445,360.0020,0.000092
FILLER_87_136,VSS,Metal1,83.6200,360.2910,0.000092
FILLER_87_72,VSS,Metal1,64.2445,360.0020,0.000092
FILLER_87_66,VSS,Metal1,44.4200,360.2910,0.000092
FILLER_87_2,VSS,Metal1,25.0445,360.0020,0.000092
FILLER_86_667,VSS,Metal1,380.8000,352.8000,0.000106
FILLER_86_597,VSS,Metal1,349.3240,353.3975,0.000102
FILLER_86_593,VSS,Metal1,339.3600,352.8000,0.000102
FILLER_86_583,VSS,Metal1,333.7600,352.8000,0.000096
FILLER_86_553,VSS,Metal1,316.9600,352.8000,0.000096
FILLER_86_549,VSS,Metal1,314.9000,353.1485,0.000096
FILLER_86_527,VSS,Metal1,305.7120,353.3480,0.000096
FILLER_86_524,VSS,Metal1,300.4400,352.8000,0.000096
FILLER_86_522,VSS,Metal1,299.6000,352.8000,0.000096
FILLER_86_518,VSS,Metal1,297.5400,353.1485,0.000096
FILLER_86_502,VSS,Metal1,291.7120,353.3480,0.000096
FILLER_86_493,VSS,Metal1,283.5400,353.1485,0.000096
FILLER_86_473,VSS,Metal1,272.3400,353.1485,0.000094
FILLER_86_457,VSS,Metal1,266.5120,353.3480,0.000094
FILLER_86_453,VSS,Metal1,260.9600,352.8000,0.000094
FILLER_86_446,VSS,Metal1,257.0400,352.8000,0.000089
FILLER_86_442,VSS,Metal1,254.9800,353.1485,0.000089
FILLER_86_410,VSS,Metal1,244.6040,353.3975,0.000087
FILLER_86_384,VSS,Metal1,222.0400,352.8000,0.000087
FILLER_86_376,VSS,Metal1,219.0130,353.2615,0.000086
FILLER_86_358,VSS,Metal1,207.7600,352.8000,0.000084
FILLER_86_347,VSS,Metal1,201.3200,352.8000,0.000080
FILLER_86_345,VSS,Metal1,200.4800,352.8000,0.000077
FILLER_86_341,VSS,Metal1,198.4200,353.1485,0.000077
FILLER_86_333,VSS,Metal1,194.9330,353.2615,0.000077
FILLER_86_317,VSS,Metal1,188.1120,353.3480,0.000077
FILLER_86_311,VSS,Metal1,181.6200,353.1485,0.000077
FILLER_86_295,VSS,Metal1,175.7920,353.3480,0.000077
FILLER_86_287,VSS,Metal1,168.0000,352.8000,0.000077
FILLER_86_279,VSS,Metal1,164.6930,353.2615,0.000077
FILLER_86_247,VSS,Metal1,153.3240,353.3975,0.000076
FILLER_86_241,VSS,Metal1,142.4200,353.1485,0.000076
FILLER_86_177,VSS,Metal1,123.0445,353.4375,0.000076
FILLER_86_171,VSS,Metal1,103.2200,353.1485,0.000076
FILLER_86_107,VSS,Metal1,83.8445,353.4375,0.000076
FILLER_86_101,VSS,Metal1,64.0200,353.1485,0.000075
FILLER_86_37,VSS,Metal1,44.6445,353.4375,0.000075
FILLER_86_34,VSS,Metal1,26.0400,352.8000,0.000075
FILLER_86_2,VSS,Metal1,16.1240,353.3975,0.000075
FILLER_85_676,VSS,Metal1,385.5600,352.8000,0.000107
FILLER_85_628,VSS,Metal1,358.9600,352.8000,0.000103
FILLER_85_591,VSS,Metal1,345.9640,352.2020,0.000102
FILLER_85_578,VSS,Metal1,332.1330,352.3380,0.000096
FILLER_85_562,VSS,Metal1,325.3120,352.2520,0.000096
FILLER_85_556,VSS,Metal1,318.8200,352.4510,0.000096
FILLER_85_492,VSS,Metal1,299.4445,352.1620,0.000096
FILLER_85_489,VSS,Metal1,280.8400,352.8000,0.000094
FILLER_85_481,VSS,Metal1,277.8130,352.3380,0.000094
FILLER_85_465,VSS,Metal1,270.9920,352.2520,0.000094
FILLER_85_440,VSS,Metal1,253.4000,352.8000,0.000087
FILLER_85_436,VSS,Metal1,251.6200,352.4510,0.000087
FILLER_85_430,VSS,Metal1,247.8000,352.8000,0.000087
FILLER_85_422,VSS,Metal1,244.7730,352.3380,0.000087
FILLER_85_418,VSS,Metal1,241.3600,352.8000,0.000087
FILLER_85_414,VSS,Metal1,239.3000,352.4510,0.000087
FILLER_85_401,VSS,Metal1,233.0130,352.3380,0.000087
FILLER_85_369,VSS,Metal1,221.6440,352.2020,0.000087
FILLER_85_362,VSS,Metal1,209.7200,352.8000,0.000086
FILLER_85_360,VSS,Metal1,208.8800,352.8000,0.000086
FILLER_85_352,VSS,Metal1,205.5730,352.3380,0.000083
FILLER_85_346,VSS,Metal1,201.2200,352.4510,0.000080
FILLER_85_282,VSS,Metal1,181.8445,352.1620,0.000077
FILLER_85_276,VSS,Metal1,162.0200,352.4510,0.000076
FILLER_85_212,VSS,Metal1,142.6445,352.1620,0.000076
FILLER_85_206,VSS,Metal1,122.8200,352.4510,0.000076
FILLER_85_142,VSS,Metal1,103.4445,352.1620,0.000076
FILLER_85_136,VSS,Metal1,83.6200,352.4510,0.000076
FILLER_85_72,VSS,Metal1,64.2445,352.1620,0.000075
FILLER_85_66,VSS,Metal1,44.4200,352.4510,0.000075
FILLER_85_2,VSS,Metal1,25.0445,352.1620,0.000075
FILLER_84_667,VSS,Metal1,380.8000,344.9600,0.000220
FILLER_84_664,VSS,Metal1,378.8400,344.9600,0.000216
FILLER_84_609,VSS,Metal1,349.4930,345.4215,0.000214
FILLER_84_597,VSS,Metal1,341.6000,344.9600,0.000212
FILLER_84_594,VSS,Metal1,339.6400,344.9600,0.000210
FILLER_84_590,VSS,Metal1,337.8600,345.3085,0.000210
FILLER_84_558,VSS,Metal1,327.4840,345.5575,0.000206
FILLER_84_543,VSS,Metal1,311.0800,344.9600,0.000206
FILLER_84_527,VSS,Metal1,305.7120,345.5080,0.000205
FILLER_84_523,VSS,Metal1,300.1600,344.9600,0.000205
FILLER_84_519,VSS,Metal1,298.1000,345.3085,0.000205
FILLER_84_511,VSS,Metal1,294.6130,345.4215,0.000204
FILLER_84_495,VSS,Metal1,287.7920,345.5080,0.000204
FILLER_84_489,VSS,Metal1,280.8400,344.9600,0.000202
FILLER_84_485,VSS,Metal1,279.0600,345.3085,0.000202
FILLER_84_469,VSS,Metal1,269.6400,344.9600,0.000199
FILLER_84_465,VSS,Metal1,267.8600,345.3085,0.000198
FILLER_84_457,VSS,Metal1,264.3730,345.4215,0.000196
FILLER_84_422,VSS,Metal1,243.6000,344.9600,0.000187
FILLER_84_393,VSS,Metal1,227.0800,344.9600,0.000170
FILLER_84_391,VSS,Metal1,226.2400,344.9600,0.000161
FILLER_84_387,VSS,Metal1,224.1800,345.3085,0.000161
FILLER_84_384,VSS,Metal1,222.0400,344.9600,0.000157
FILLER_84_376,VSS,Metal1,219.0130,345.4215,0.000156
FILLER_84_349,VSS,Metal1,202.4400,344.9600,0.000143
FILLER_84_317,VSS,Metal1,192.5240,345.5575,0.000142
FILLER_84_311,VSS,Metal1,181.6200,345.3085,0.000142
FILLER_84_247,VSS,Metal1,162.2445,345.5975,0.000142
FILLER_84_241,VSS,Metal1,142.4200,345.3085,0.000141
FILLER_84_177,VSS,Metal1,123.0445,345.5975,0.000141
FILLER_84_171,VSS,Metal1,103.2200,345.3085,0.000141
FILLER_84_107,VSS,Metal1,83.8445,345.5975,0.000141
FILLER_84_101,VSS,Metal1,64.0200,345.3085,0.000141
FILLER_84_37,VSS,Metal1,44.6445,345.5975,0.000141
FILLER_84_34,VSS,Metal1,26.0400,344.9600,0.000141
FILLER_84_2,VSS,Metal1,16.1240,345.5575,0.000141
FILLER_83_585,VSS,Metal1,334.8800,344.9600,0.000206
FILLER_83_574,VSS,Metal1,328.4400,344.9600,0.000206
FILLER_83_570,VSS,Metal1,326.6600,344.6110,0.000206
FILLER_83_562,VSS,Metal1,323.1730,344.4980,0.000206
FILLER_83_559,VSS,Metal1,320.0400,344.9600,0.000206
FILLER_83_557,VSS,Metal1,319.2000,344.9600,0.000206
FILLER_83_534,VSS,Metal1,306.0400,344.9600,0.000205
FILLER_83_532,VSS,Metal1,305.2000,344.9600,0.000205
FILLER_83_513,VSS,Metal1,294.7400,344.6110,0.000204
FILLER_83_505,VSS,Metal1,291.2530,344.4980,0.000204
FILLER_83_450,VSS,Metal1,262.5920,344.4120,0.000196
FILLER_83_411,VSS,Metal1,237.4400,344.9600,0.000171
FILLER_83_407,VSS,Metal1,235.3800,344.6110,0.000171
FILLER_83_387,VSS,Metal1,224.1800,344.6110,0.000161
FILLER_83_379,VSS,Metal1,220.6930,344.4980,0.000156
FILLER_83_354,VSS,Metal1,205.2400,344.9600,0.000149
FILLER_83_352,VSS,Metal1,204.4000,344.9600,0.000149
FILLER_83_346,VSS,Metal1,201.2200,344.6110,0.000143
FILLER_83_282,VSS,Metal1,181.8445,344.3220,0.000142
FILLER_83_276,VSS,Metal1,162.0200,344.6110,0.000142
FILLER_83_212,VSS,Metal1,142.6445,344.3220,0.000141
FILLER_83_206,VSS,Metal1,122.8200,344.6110,0.000141
FILLER_83_142,VSS,Metal1,103.4445,344.3220,0.000141
FILLER_83_136,VSS,Metal1,83.6200,344.6110,0.000141
FILLER_83_72,VSS,Metal1,64.2445,344.3220,0.000141
FILLER_83_66,VSS,Metal1,44.4200,344.6110,0.000141
FILLER_83_2,VSS,Metal1,25.0445,344.3220,0.000141
FILLER_82_667,VSS,Metal1,380.8000,337.1200,0.000258
FILLER_82_664,VSS,Metal1,378.8400,337.1200,0.000257
FILLER_82_632,VSS,Metal1,360.9200,337.1200,0.000256
FILLER_82_615,VSS,Metal1,351.4000,337.1200,0.000248
FILLER_82_593,VSS,Metal1,339.3600,337.1200,0.000246
FILLER_82_573,VSS,Metal1,327.8800,337.1200,0.000245
FILLER_82_560,VSS,Metal1,320.6000,337.1200,0.000246
FILLER_82_529,VSS,Metal1,303.2400,337.1200,0.000249
FILLER_82_527,VSS,Metal1,302.4000,337.1200,0.000249
FILLER_82_515,VSS,Metal1,295.4000,337.1200,0.000247
FILLER_82_513,VSS,Metal1,294.5600,337.1200,0.000247
FILLER_82_509,VSS,Metal1,292.5000,337.4685,0.000247
FILLER_82_465,VSS,Metal1,267.4000,337.1200,0.000238
FILLER_82_457,VSS,Metal1,264.3730,337.5815,0.000236
FILLER_82_453,VSS,Metal1,260.9600,337.1200,0.000188
FILLER_82_422,VSS,Metal1,243.6000,337.1200,0.000185
FILLER_82_418,VSS,Metal1,241.5400,337.4685,0.000180
FILLER_82_410,VSS,Metal1,238.0530,337.5815,0.000178
FILLER_82_397,VSS,Metal1,229.3200,337.1200,0.000178
FILLER_82_395,VSS,Metal1,228.4800,337.1200,0.000176
FILLER_82_387,VSS,Metal1,225.1730,337.5815,0.000175
FILLER_82_377,VSS,Metal1,219.5730,337.5815,0.000171
FILLER_82_357,VSS,Metal1,207.3800,337.4685,0.000161
FILLER_82_349,VSS,Metal1,203.8930,337.5815,0.000159
FILLER_82_317,VSS,Metal1,192.5240,337.7175,0.000154
FILLER_82_311,VSS,Metal1,181.6200,337.4685,0.000150
FILLER_82_247,VSS,Metal1,162.2445,337.7575,0.000149
FILLER_82_241,VSS,Metal1,142.4200,337.4685,0.000149
FILLER_82_177,VSS,Metal1,123.0445,337.7575,0.000149
FILLER_82_171,VSS,Metal1,103.2200,337.4685,0.000149
FILLER_82_107,VSS,Metal1,83.8445,337.7575,0.000149
FILLER_82_101,VSS,Metal1,64.0200,337.4685,0.000149
FILLER_82_37,VSS,Metal1,44.6445,337.7575,0.000149
FILLER_82_34,VSS,Metal1,26.0400,337.1200,0.000149
FILLER_82_2,VSS,Metal1,16.1240,337.7175,0.000149
FILLER_81_634,VSS,Metal1,362.0400,337.1200,0.000257
FILLER_81_632,VSS,Metal1,361.2000,337.1200,0.000256
FILLER_81_621,VSS,Metal1,354.7600,337.1200,0.000248
FILLER_81_574,VSS,Metal1,328.4400,337.1200,0.000245
FILLER_81_572,VSS,Metal1,327.6000,337.1200,0.000245
FILLER_81_568,VSS,Metal1,325.5400,336.7710,0.000245
FILLER_81_544,VSS,Metal1,312.1000,336.7710,0.000249
FILLER_81_536,VSS,Metal1,308.6130,336.6580,0.000249
FILLER_81_523,VSS,Metal1,299.8800,337.1200,0.000248
FILLER_81_519,VSS,Metal1,298.1000,336.7710,0.000248
FILLER_81_511,VSS,Metal1,294.6130,336.6580,0.000247
FILLER_81_492,VSS,Metal1,282.8000,337.1200,0.000244
FILLER_81_483,VSS,Metal1,277.4800,337.1200,0.000243
FILLER_81_463,VSS,Metal1,267.7330,336.6580,0.000238
FILLER_81_454,VSS,Metal1,261.2400,337.1200,0.000188
FILLER_81_452,VSS,Metal1,260.4000,337.1200,0.000188
FILLER_81_430,VSS,Metal1,248.2600,336.7710,0.000188
FILLER_81_422,VSS,Metal1,244.7730,336.6580,0.000185
FILLER_81_404,VSS,Metal1,236.8320,336.5720,0.000178
FILLER_81_383,VSS,Metal1,221.4800,337.1200,0.000171
FILLER_81_381,VSS,Metal1,220.6400,337.1200,0.000171
FILLER_81_377,VSS,Metal1,218.5800,336.7710,0.000171
FILLER_81_369,VSS,Metal1,215.0930,336.6580,0.000169
FILLER_81_360,VSS,Metal1,208.6000,337.1200,0.000161
FILLER_81_352,VSS,Metal1,205.5730,336.6580,0.000160
FILLER_81_346,VSS,Metal1,201.2200,336.7710,0.000156
FILLER_81_330,VSS,Metal1,195.3920,336.5720,0.000154
FILLER_81_322,VSS,Metal1,187.6000,337.1200,0.000154
FILLER_81_314,VSS,Metal1,184.2930,336.6580,0.000154
FILLER_81_282,VSS,Metal1,172.9240,336.5220,0.000149
FILLER_81_276,VSS,Metal1,162.0200,336.7710,0.000149
FILLER_81_212,VSS,Metal1,142.6445,336.4820,0.000149
FILLER_81_206,VSS,Metal1,122.8200,336.7710,0.000149
FILLER_81_142,VSS,Metal1,103.4445,336.4820,0.000149
FILLER_81_136,VSS,Metal1,83.6200,336.7710,0.000149
FILLER_81_72,VSS,Metal1,64.2445,336.4820,0.000149
FILLER_81_66,VSS,Metal1,44.4200,336.7710,0.000149
FILLER_81_2,VSS,Metal1,25.0445,336.4820,0.000149
FILLER_80_667,VSS,Metal1,380.8000,329.2800,0.000526
FILLER_80_597,VSS,Metal1,341.3200,329.2800,0.000499
FILLER_80_589,VSS,Metal1,336.8400,329.2800,0.000496
FILLER_80_581,VSS,Metal1,333.8130,329.7415,0.000495
FILLER_80_561,VSS,Metal1,322.6130,329.7415,0.000491
FILLER_80_555,VSS,Metal1,318.0800,329.2800,0.000485
FILLER_80_551,VSS,Metal1,316.0200,329.6285,0.000484
FILLER_80_543,VSS,Metal1,312.5330,329.7415,0.000484
FILLER_80_527,VSS,Metal1,305.7120,329.8280,0.000482
FILLER_80_504,VSS,Metal1,289.2400,329.2800,0.000480
FILLER_80_502,VSS,Metal1,288.4000,329.2800,0.000480
FILLER_80_498,VSS,Metal1,286.3400,329.6285,0.000480
FILLER_80_489,VSS,Metal1,280.8400,329.2800,0.000452
FILLER_80_487,VSS,Metal1,280.0000,329.2800,0.000452
FILLER_80_483,VSS,Metal1,277.9400,329.6285,0.000450
FILLER_80_475,VSS,Metal1,274.4530,329.7415,0.000450
FILLER_80_454,VSS,Metal1,261.2400,329.2800,0.000445
FILLER_80_452,VSS,Metal1,260.4000,329.2800,0.000445
FILLER_80_438,VSS,Metal1,252.5600,329.2800,0.000440
FILLER_80_421,VSS,Metal1,242.7600,329.2800,0.000436
FILLER_80_417,VSS,Metal1,240.9800,329.6285,0.000429
FILLER_80_401,VSS,Metal1,235.1520,329.8280,0.000422
FILLER_80_395,VSS,Metal1,228.2000,329.2800,0.000422
FILLER_80_387,VSS,Metal1,225.1730,329.7415,0.000422
FILLER_80_384,VSS,Metal1,222.0400,329.2800,0.000422
FILLER_80_382,VSS,Metal1,221.2000,329.2800,0.000419
FILLER_80_365,VSS,Metal1,211.6800,329.2800,0.000280
FILLER_80_361,VSS,Metal1,209.6200,329.6285,0.000280
FILLER_80_353,VSS,Metal1,206.1330,329.7415,0.000280
FILLER_80_311,VSS,Metal1,181.6200,329.6285,0.000263
FILLER_80_247,VSS,Metal1,162.2445,329.9175,0.000259
FILLER_80_241,VSS,Metal1,142.4200,329.6285,0.000258
FILLER_80_177,VSS,Metal1,123.0445,329.9175,0.000258
FILLER_80_171,VSS,Metal1,103.2200,329.6285,0.000258
FILLER_80_107,VSS,Metal1,83.8445,329.9175,0.000258
FILLER_80_101,VSS,Metal1,64.0200,329.6285,0.000258
FILLER_80_37,VSS,Metal1,44.6445,329.9175,0.000258
FILLER_80_34,VSS,Metal1,26.0400,329.2800,0.000258
FILLER_80_2,VSS,Metal1,16.1240,329.8775,0.000258
FILLER_79_675,VSS,Metal1,385.2800,329.2800,0.000526
FILLER_79_581,VSS,Metal1,332.3600,329.2800,0.000494
FILLER_79_573,VSS,Metal1,329.3330,328.8180,0.000492
FILLER_79_564,VSS,Metal1,322.8400,329.2800,0.000491
FILLER_79_562,VSS,Metal1,322.0000,329.2800,0.000491
FILLER_79_556,VSS,Metal1,318.8200,328.9310,0.000487
FILLER_79_543,VSS,Metal1,311.0800,329.2800,0.000484
FILLER_79_536,VSS,Metal1,307.1600,329.2800,0.000482
FILLER_79_534,VSS,Metal1,306.3200,329.2800,0.000482
FILLER_79_526,VSS,Metal1,303.0130,328.8180,0.000482
FILLER_79_496,VSS,Metal1,284.7600,329.2800,0.000474
FILLER_79_492,VSS,Metal1,282.9800,328.9310,0.000474
FILLER_79_489,VSS,Metal1,280.8400,329.2800,0.000452
FILLER_79_485,VSS,Metal1,279.0600,328.9310,0.000452
FILLER_79_472,VSS,Metal1,271.3200,329.2800,0.000447
FILLER_79_470,VSS,Metal1,270.4800,329.2800,0.000447
FILLER_79_466,VSS,Metal1,268.4200,328.9310,0.000447
FILLER_79_458,VSS,Metal1,264.9330,328.8180,0.000447
FILLER_79_416,VSS,Metal1,240.4200,328.9310,0.000429
FILLER_79_384,VSS,Metal1,230.0440,328.6820,0.000422
FILLER_79_365,VSS,Metal1,211.4000,329.2800,0.000280
FILLER_79_357,VSS,Metal1,208.3730,328.8180,0.000280
FILLER_79_346,VSS,Metal1,201.2200,328.9310,0.000276
FILLER_79_320,VSS,Metal1,186.2000,329.2800,0.000266
FILLER_79_318,VSS,Metal1,185.3600,329.2800,0.000266
FILLER_79_298,VSS,Metal1,174.1600,329.2800,0.000259
FILLER_79_282,VSS,Metal1,168.5120,328.7320,0.000259
FILLER_79_276,VSS,Metal1,162.0200,328.9310,0.000259
FILLER_79_212,VSS,Metal1,142.6445,328.6420,0.000258
FILLER_79_206,VSS,Metal1,122.8200,328.9310,0.000258
FILLER_79_142,VSS,Metal1,103.4445,328.6420,0.000258
FILLER_79_136,VSS,Metal1,83.6200,328.9310,0.000258
FILLER_79_72,VSS,Metal1,64.2445,328.6420,0.000258
FILLER_79_66,VSS,Metal1,44.4200,328.9310,0.000258
FILLER_79_2,VSS,Metal1,25.0445,328.6420,0.000258
FILLER_78_667,VSS,Metal1,380.8000,321.4400,0.000614
FILLER_78_597,VSS,Metal1,341.6000,321.4400,0.000577
FILLER_78_586,VSS,Metal1,335.1600,321.4400,0.000575
FILLER_78_584,VSS,Metal1,334.3200,321.4400,0.000552
FILLER_78_580,VSS,Metal1,332.2600,321.7885,0.000552
FILLER_78_550,VSS,Metal1,315.0000,321.4400,0.000538
FILLER_78_546,VSS,Metal1,313.2200,321.7885,0.000538
FILLER_78_539,VSS,Metal1,308.8400,321.4400,0.000527
FILLER_78_535,VSS,Metal1,307.0600,321.7885,0.000527
FILLER_78_527,VSS,Metal1,303.5730,321.9015,0.000521
FILLER_78_523,VSS,Metal1,300.1600,321.4400,0.000515
FILLER_78_515,VSS,Metal1,296.8530,321.9015,0.000515
FILLER_78_501,VSS,Metal1,287.8400,321.4400,0.000515
FILLER_78_497,VSS,Metal1,285.7800,321.7885,0.000507
FILLER_78_481,VSS,Metal1,279.9520,321.9880,0.000505
FILLER_78_457,VSS,Metal1,264.3730,321.9015,0.000504
FILLER_78_454,VSS,Metal1,261.2400,321.4400,0.000493
FILLER_78_452,VSS,Metal1,260.4000,321.4400,0.000493
FILLER_78_444,VSS,Metal1,257.0930,321.9015,0.000492
FILLER_78_409,VSS,Metal1,236.3200,321.4400,0.000457
FILLER_78_393,VSS,Metal1,230.6720,321.9880,0.000453
FILLER_78_387,VSS,Metal1,223.7200,321.4400,0.000451
FILLER_78_369,VSS,Metal1,214.1000,321.7885,0.000442
FILLER_78_313,VSS,Metal1,182.5600,321.4400,0.000332
FILLER_78_299,VSS,Metal1,174.4400,321.4400,0.000290
FILLER_78_295,VSS,Metal1,172.6600,321.7885,0.000290
FILLER_78_279,VSS,Metal1,166.8320,321.9880,0.000284
FILLER_78_247,VSS,Metal1,153.3240,322.0375,0.000280
FILLER_78_241,VSS,Metal1,142.4200,321.7885,0.000280
FILLER_78_177,VSS,Metal1,123.0445,322.0775,0.000279
FILLER_78_171,VSS,Metal1,103.2200,321.7885,0.000279
FILLER_78_107,VSS,Metal1,83.8445,322.0775,0.000279
FILLER_78_101,VSS,Metal1,64.0200,321.7885,0.000279
FILLER_78_37,VSS,Metal1,44.6445,322.0775,0.000279
FILLER_78_34,VSS,Metal1,26.0400,321.4400,0.000279
FILLER_78_2,VSS,Metal1,16.1240,322.0375,0.000279
FILLER_77_652,VSS,Metal1,372.1200,321.4400,0.000610
FILLER_77_637,VSS,Metal1,364.0000,321.4400,0.000599
FILLER_77_620,VSS,Metal1,354.4800,321.4400,0.000579
FILLER_77_582,VSS,Metal1,332.9200,321.4400,0.000552
FILLER_77_574,VSS,Metal1,329.8930,320.9780,0.000549
FILLER_77_558,VSS,Metal1,319.7600,321.4400,0.000540
FILLER_77_554,VSS,Metal1,317.7000,321.0910,0.000540
FILLER_77_546,VSS,Metal1,314.2130,320.9780,0.000538
FILLER_77_540,VSS,Metal1,309.4000,321.4400,0.000527
FILLER_77_536,VSS,Metal1,307.6200,321.0910,0.000527
FILLER_77_528,VSS,Metal1,304.1330,320.9780,0.000521
FILLER_77_512,VSS,Metal1,297.3120,320.8920,0.000515
FILLER_77_492,VSS,Metal1,283.9730,320.9780,0.000506
FILLER_77_489,VSS,Metal1,280.8400,321.4400,0.000505
FILLER_77_455,VSS,Metal1,262.0800,321.4400,0.000501
FILLER_77_439,VSS,Metal1,256.4320,320.8920,0.000492
FILLER_77_432,VSS,Metal1,248.9200,321.4400,0.000490
FILLER_77_430,VSS,Metal1,248.0800,321.4400,0.000472
FILLER_77_422,VSS,Metal1,244.7730,320.9780,0.000472
FILLER_77_416,VSS,Metal1,240.4200,321.0910,0.000466
FILLER_77_408,VSS,Metal1,236.9330,320.9780,0.000457
FILLER_77_364,VSS,Metal1,210.8400,321.4400,0.000440
FILLER_77_360,VSS,Metal1,209.0600,321.0910,0.000439
FILLER_77_352,VSS,Metal1,205.5730,320.9780,0.000436
FILLER_77_341,VSS,Metal1,197.9600,321.4400,0.000435
FILLER_77_339,VSS,Metal1,197.1200,321.4400,0.000435
FILLER_77_294,VSS,Metal1,171.9200,321.4400,0.000285
FILLER_77_290,VSS,Metal1,169.8600,321.0910,0.000285
FILLER_77_282,VSS,Metal1,166.3730,320.9780,0.000284
FILLER_77_276,VSS,Metal1,162.0200,321.0910,0.000281
FILLER_77_212,VSS,Metal1,142.6445,320.8020,0.000280
FILLER_77_206,VSS,Metal1,122.8200,321.0910,0.000279
FILLER_77_142,VSS,Metal1,103.4445,320.8020,0.000279
FILLER_77_136,VSS,Metal1,83.6200,321.0910,0.000279
FILLER_77_72,VSS,Metal1,64.2445,320.8020,0.000279
FILLER_77_66,VSS,Metal1,44.4200,321.0910,0.000279
FILLER_77_2,VSS,Metal1,25.0445,320.8020,0.000279
FILLER_76_667,VSS,Metal1,380.8000,313.6000,0.000256
FILLER_76_597,VSS,Metal1,341.3200,313.6000,0.000240
FILLER_76_571,VSS,Metal1,328.2130,314.0615,0.000233
FILLER_76_555,VSS,Metal1,321.3920,314.1480,0.000229
FILLER_76_535,VSS,Metal1,306.8800,313.6000,0.000223
FILLER_76_527,VSS,Metal1,303.5730,314.0615,0.000221
FILLER_76_523,VSS,Metal1,300.1600,313.6000,0.000220
FILLER_76_519,VSS,Metal1,298.1000,313.9485,0.000219
FILLER_76_503,VSS,Metal1,292.2720,314.1480,0.000219
FILLER_76_479,VSS,Metal1,278.8320,314.1480,0.000216
FILLER_76_463,VSS,Metal1,266.2800,313.6000,0.000209
FILLER_76_461,VSS,Metal1,265.4400,313.6000,0.000209
FILLER_76_457,VSS,Metal1,263.3800,313.9485,0.000205
FILLER_76_454,VSS,Metal1,261.2400,313.6000,0.000205
FILLER_76_452,VSS,Metal1,260.4000,313.6000,0.000205
FILLER_76_444,VSS,Metal1,257.0930,314.0615,0.000205
FILLER_76_428,VSS,Metal1,250.2720,314.1480,0.000204
FILLER_76_409,VSS,Metal1,236.3200,313.6000,0.000202
FILLER_76_405,VSS,Metal1,234.2600,313.9485,0.000199
FILLER_76_397,VSS,Metal1,230.7730,314.0615,0.000198
FILLER_76_391,VSS,Metal1,225.9600,313.6000,0.000191
FILLER_76_387,VSS,Metal1,224.1800,313.9485,0.000191
FILLER_76_384,VSS,Metal1,222.0400,313.6000,0.000184
FILLER_76_382,VSS,Metal1,221.2000,313.6000,0.000184
FILLER_76_371,VSS,Metal1,214.7600,313.6000,0.000167
FILLER_76_367,VSS,Metal1,212.9800,313.9485,0.000167
FILLER_76_351,VSS,Metal1,207.1520,314.1480,0.000164
FILLER_76_344,VSS,Metal1,199.9200,313.6000,0.000156
FILLER_76_340,VSS,Metal1,197.8600,313.9485,0.000156
FILLER_76_307,VSS,Metal1,179.2000,313.6000,0.000148
FILLER_76_287,VSS,Metal1,168.0000,313.6000,0.000148
FILLER_76_279,VSS,Metal1,164.6930,314.0615,0.000147
FILLER_76_247,VSS,Metal1,153.3240,314.1975,0.000145
FILLER_76_241,VSS,Metal1,142.4200,313.9485,0.000145
FILLER_76_177,VSS,Metal1,123.0445,314.2375,0.000145
FILLER_76_171,VSS,Metal1,103.2200,313.9485,0.000145
FILLER_76_107,VSS,Metal1,83.8445,314.2375,0.000145
FILLER_76_101,VSS,Metal1,64.0200,313.9485,0.000145
FILLER_76_37,VSS,Metal1,44.6445,314.2375,0.000145
FILLER_76_34,VSS,Metal1,26.0400,313.6000,0.000145
FILLER_76_2,VSS,Metal1,16.1240,314.1975,0.000145
FILLER_75_676,VSS,Metal1,385.5600,313.6000,0.000256
FILLER_75_570,VSS,Metal1,326.4800,313.6000,0.000229
FILLER_75_562,VSS,Metal1,323.1730,313.1380,0.000229
FILLER_75_558,VSS,Metal1,319.7600,313.6000,0.000229
FILLER_75_554,VSS,Metal1,317.7000,313.2510,0.000229
FILLER_75_532,VSS,Metal1,304.9200,313.6000,0.000221
FILLER_75_530,VSS,Metal1,304.0800,313.6000,0.000221
FILLER_75_506,VSS,Metal1,290.3600,313.6000,0.000219
FILLER_75_504,VSS,Metal1,289.5200,313.6000,0.000219
FILLER_75_500,VSS,Metal1,287.4600,313.2510,0.000217
FILLER_75_492,VSS,Metal1,283.9730,313.1380,0.000216
FILLER_75_478,VSS,Metal1,275.1400,313.2510,0.000215
FILLER_75_469,VSS,Metal1,269.6400,313.6000,0.000209
FILLER_75_461,VSS,Metal1,266.6130,313.1380,0.000209
FILLER_75_445,VSS,Metal1,259.7920,313.0520,0.000205
FILLER_75_427,VSS,Metal1,246.5800,313.2510,0.000203
FILLER_75_400,VSS,Metal1,232.4530,313.1380,0.000198
FILLER_75_387,VSS,Metal1,223.7200,313.6000,0.000191
FILLER_75_385,VSS,Metal1,222.8800,313.6000,0.000189
FILLER_75_381,VSS,Metal1,220.8200,313.2510,0.000184
FILLER_75_365,VSS,Metal1,214.9920,313.0520,0.000167
FILLER_75_340,VSS,Metal1,197.8600,313.2510,0.000156
FILLER_75_324,VSS,Metal1,192.0320,313.0520,0.000154
FILLER_75_310,VSS,Metal1,180.6000,313.6000,0.000151
FILLER_75_302,VSS,Metal1,176.4000,313.6000,0.000148
FILLER_75_298,VSS,Metal1,174.3400,313.2510,0.000148
FILLER_75_282,VSS,Metal1,168.5120,313.0520,0.000148
FILLER_75_276,VSS,Metal1,162.0200,313.2510,0.000146
FILLER_75_212,VSS,Metal1,142.6445,312.9620,0.000145
FILLER_75_206,VSS,Metal1,122.8200,313.2510,0.000145
FILLER_75_142,VSS,Metal1,103.4445,312.9620,0.000145
FILLER_75_136,VSS,Metal1,83.6200,313.2510,0.000145
FILLER_75_72,VSS,Metal1,64.2445,312.9620,0.000145
FILLER_75_66,VSS,Metal1,44.4200,313.2510,0.000145
FILLER_75_2,VSS,Metal1,25.0445,312.9620,0.000145
FILLER_74_667,VSS,Metal1,380.8000,305.7600,0.000180
FILLER_74_581,VSS,Metal1,332.3600,305.7600,0.000169
FILLER_74_577,VSS,Metal1,330.5800,306.1085,0.000169
FILLER_74_564,VSS,Metal1,322.8400,305.7600,0.000168
FILLER_74_560,VSS,Metal1,321.0600,306.1085,0.000168
FILLER_74_551,VSS,Metal1,315.5600,305.7600,0.000167
FILLER_74_547,VSS,Metal1,313.7800,306.1085,0.000167
FILLER_74_539,VSS,Metal1,309.1200,305.7600,0.000166
FILLER_74_535,VSS,Metal1,307.0600,306.1085,0.000166
FILLER_74_516,VSS,Metal1,295.9600,305.7600,0.000153
FILLER_74_499,VSS,Metal1,286.4400,305.7600,0.000151
FILLER_74_491,VSS,Metal1,283.4130,306.2215,0.000151
FILLER_74_465,VSS,Metal1,267.8600,306.1085,0.000147
FILLER_74_457,VSS,Metal1,264.3730,306.2215,0.000145
FILLER_74_448,VSS,Metal1,257.8800,305.7600,0.000144
FILLER_74_446,VSS,Metal1,257.0400,305.7600,0.000144
FILLER_74_425,VSS,Metal1,245.4600,306.1085,0.000144
FILLER_74_401,VSS,Metal1,231.5600,305.7600,0.000143
FILLER_74_399,VSS,Metal1,230.7200,305.7600,0.000140
FILLER_74_395,VSS,Metal1,228.6600,306.1085,0.000140
FILLER_74_384,VSS,Metal1,222.0400,305.7600,0.000134
FILLER_74_382,VSS,Metal1,221.2000,305.7600,0.000134
FILLER_74_378,VSS,Metal1,219.1400,306.1085,0.000133
FILLER_74_370,VSS,Metal1,215.6530,306.2215,0.000132
FILLER_74_361,VSS,Metal1,209.1600,305.7600,0.000126
FILLER_74_353,VSS,Metal1,206.1330,306.2215,0.000126
FILLER_74_337,VSS,Metal1,197.1730,306.2215,0.000122
FILLER_74_321,VSS,Metal1,190.3520,306.3080,0.000119
FILLER_74_311,VSS,Metal1,181.6200,306.1085,0.000116
FILLER_74_247,VSS,Metal1,162.2445,306.3975,0.000116
FILLER_74_241,VSS,Metal1,142.4200,306.1085,0.000114
FILLER_74_177,VSS,Metal1,123.0445,306.3975,0.000114
FILLER_74_171,VSS,Metal1,103.2200,306.1085,0.000114
FILLER_74_107,VSS,Metal1,83.8445,306.3975,0.000114
FILLER_74_101,VSS,Metal1,64.0200,306.1085,0.000113
FILLER_74_37,VSS,Metal1,44.6445,306.3975,0.000113
FILLER_74_34,VSS,Metal1,26.0400,305.7600,0.000113
FILLER_74_2,VSS,Metal1,16.1240,306.3575,0.000113
FILLER_73_668,VSS,Metal1,381.0800,305.7600,0.000180
FILLER_73_634,VSS,Metal1,362.0400,305.7600,0.000179
FILLER_73_632,VSS,Metal1,361.2000,305.7600,0.000179
FILLER_73_607,VSS,Metal1,346.9200,305.7600,0.000174
FILLER_73_571,VSS,Metal1,326.7600,305.7600,0.000169
FILLER_73_562,VSS,Metal1,321.7200,305.7600,0.000168
FILLER_73_559,VSS,Metal1,320.0400,305.7600,0.000168
FILLER_73_557,VSS,Metal1,319.2000,305.7600,0.000167
FILLER_73_542,VSS,Metal1,310.9800,305.4110,0.000166
FILLER_73_534,VSS,Metal1,307.4930,305.2980,0.000166
FILLER_73_514,VSS,Metal1,295.1200,305.7600,0.000153
FILLER_73_504,VSS,Metal1,289.5200,305.7600,0.000153
FILLER_73_500,VSS,Metal1,287.4600,305.4110,0.000153
FILLER_73_492,VSS,Metal1,283.9730,305.2980,0.000151
FILLER_73_489,VSS,Metal1,280.8400,305.7600,0.000150
FILLER_73_485,VSS,Metal1,279.0600,305.4110,0.000150
FILLER_73_476,VSS,Metal1,273.8400,305.7600,0.000150
FILLER_73_430,VSS,Metal1,247.8000,305.7600,0.000144
FILLER_73_419,VSS,Metal1,241.6400,305.7600,0.000143
FILLER_73_415,VSS,Metal1,239.8600,305.4110,0.000143
FILLER_73_386,VSS,Metal1,223.1600,305.7600,0.000137
FILLER_73_384,VSS,Metal1,222.3200,305.7600,0.000134
FILLER_73_380,VSS,Metal1,220.2600,305.4110,0.000134
FILLER_73_361,VSS,Metal1,209.4400,305.7600,0.000126
FILLER_73_357,VSS,Metal1,207.3800,305.4110,0.000126
FILLER_73_348,VSS,Metal1,202.1600,305.7600,0.000125
FILLER_73_344,VSS,Metal1,200.1000,305.4110,0.000125
FILLER_73_335,VSS,Metal1,194.6000,305.7600,0.000119
FILLER_73_333,VSS,Metal1,193.7600,305.7600,0.000119
FILLER_73_329,VSS,Metal1,191.7000,305.4110,0.000119
FILLER_73_316,VSS,Metal1,183.9600,305.7600,0.000117
FILLER_73_297,VSS,Metal1,173.3200,305.7600,0.000116
FILLER_73_295,VSS,Metal1,172.4800,305.7600,0.000116
FILLER_73_287,VSS,Metal1,169.1730,305.2980,0.000116
FILLER_73_272,VSS,Metal1,159.6000,305.7600,0.000116
FILLER_73_268,VSS,Metal1,157.5400,305.4110,0.000116
FILLER_73_260,VSS,Metal1,154.0530,305.2980,0.000116
FILLER_73_244,VSS,Metal1,147.2320,305.2120,0.000116
FILLER_73_212,VSS,Metal1,133.7240,305.1620,0.000114
FILLER_73_206,VSS,Metal1,122.8200,305.4110,0.000114
FILLER_73_142,VSS,Metal1,103.4445,305.1220,0.000114
FILLER_73_136,VSS,Metal1,83.6200,305.4110,0.000114
FILLER_73_72,VSS,Metal1,64.2445,305.1220,0.000113
FILLER_73_66,VSS,Metal1,44.4200,305.4110,0.000113
FILLER_73_2,VSS,Metal1,25.0445,305.1220,0.000113
FILLER_72_667,VSS,Metal1,380.8000,297.9200,0.000430
FILLER_72_603,VSS,Metal1,344.6800,297.9200,0.000412
FILLER_72_601,VSS,Metal1,343.8400,297.9200,0.000412
FILLER_72_594,VSS,Metal1,339.6400,297.9200,0.000395
FILLER_72_590,VSS,Metal1,337.8600,298.2685,0.000391
FILLER_72_582,VSS,Metal1,334.3730,298.3815,0.000390
FILLER_72_575,VSS,Metal1,329.0000,297.9200,0.000391
FILLER_72_573,VSS,Metal1,328.1600,297.9200,0.000391
FILLER_72_567,VSS,Metal1,324.5200,297.9200,0.000388
FILLER_72_559,VSS,Metal1,321.4930,298.3815,0.000387
FILLER_72_527,VSS,Metal1,310.1240,298.5175,0.000382
FILLER_72_524,VSS,Metal1,300.4400,297.9200,0.000381
FILLER_72_520,VSS,Metal1,298.6600,298.2685,0.000381
FILLER_72_512,VSS,Metal1,295.1730,298.3815,0.000370
FILLER_72_480,VSS,Metal1,283.8040,298.5175,0.000367
FILLER_72_473,VSS,Metal1,272.1600,297.9200,0.000366
FILLER_72_457,VSS,Metal1,266.5120,298.4680,0.000366
FILLER_72_454,VSS,Metal1,261.2400,297.9200,0.000366
FILLER_72_450,VSS,Metal1,259.4600,298.2685,0.000366
FILLER_72_431,VSS,Metal1,248.6400,297.9200,0.000358
FILLER_72_427,VSS,Metal1,246.5800,298.2685,0.000354
FILLER_72_411,VSS,Metal1,240.7520,298.4680,0.000353
FILLER_72_404,VSS,Metal1,233.2400,297.9200,0.000349
FILLER_72_402,VSS,Metal1,232.4000,297.9200,0.000349
FILLER_72_394,VSS,Metal1,229.0930,298.3815,0.000348
FILLER_72_389,VSS,Metal1,224.8400,297.9200,0.000343
FILLER_72_387,VSS,Metal1,224.0000,297.9200,0.000343
FILLER_72_366,VSS,Metal1,211.9600,297.9200,0.000337
FILLER_72_364,VSS,Metal1,211.1200,297.9200,0.000337
FILLER_72_347,VSS,Metal1,201.7800,298.2685,0.000314
FILLER_72_336,VSS,Metal1,195.1600,297.9200,0.000305
FILLER_72_334,VSS,Metal1,194.3200,297.9200,0.000300
FILLER_72_299,VSS,Metal1,174.7200,297.9200,0.000285
FILLER_72_263,VSS,Metal1,154.7400,298.2685,0.000283
FILLER_72_247,VSS,Metal1,148.9120,298.4680,0.000282
FILLER_72_241,VSS,Metal1,142.4200,298.2685,0.000279
FILLER_72_177,VSS,Metal1,123.0445,298.5575,0.000277
FILLER_72_171,VSS,Metal1,103.2200,298.2685,0.000277
FILLER_72_107,VSS,Metal1,83.8445,298.5575,0.000277
FILLER_72_101,VSS,Metal1,64.0200,298.2685,0.000277
FILLER_72_37,VSS,Metal1,44.6445,298.5575,0.000277
FILLER_72_34,VSS,Metal1,26.0400,297.9200,0.000277
FILLER_72_2,VSS,Metal1,16.1240,298.5175,0.000277
FILLER_71_676,VSS,Metal1,385.5600,297.9200,0.000430
FILLER_71_632,VSS,Metal1,360.9200,297.9200,0.000429
FILLER_71_597,VSS,Metal1,341.3200,297.9200,0.000404
FILLER_71_593,VSS,Metal1,339.5400,297.5710,0.000395
FILLER_71_562,VSS,Metal1,323.1730,297.4580,0.000387
FILLER_71_556,VSS,Metal1,318.8200,297.5710,0.000385
FILLER_71_539,VSS,Metal1,308.8400,297.9200,0.000382
FILLER_71_537,VSS,Metal1,308.0000,297.9200,0.000382
FILLER_71_533,VSS,Metal1,305.9400,297.5710,0.000382
FILLER_71_498,VSS,Metal1,285.8800,297.9200,0.000367
FILLER_71_496,VSS,Metal1,285.0400,297.9200,0.000367
FILLER_71_492,VSS,Metal1,282.9800,297.5710,0.000367
FILLER_71_486,VSS,Metal1,279.6200,297.5710,0.000367
FILLER_71_478,VSS,Metal1,276.1330,297.4580,0.000367
FILLER_71_448,VSS,Metal1,257.8800,297.9200,0.000365
FILLER_71_434,VSS,Metal1,250.0400,297.9200,0.000362
FILLER_71_430,VSS,Metal1,248.2600,297.5710,0.000358
FILLER_71_422,VSS,Metal1,244.7730,297.4580,0.000353
FILLER_71_419,VSS,Metal1,241.6400,297.9200,0.000353
FILLER_71_417,VSS,Metal1,240.8000,297.9200,0.000353
FILLER_71_413,VSS,Metal1,238.7400,297.5710,0.000353
FILLER_71_405,VSS,Metal1,235.2530,297.4580,0.000352
FILLER_71_397,VSS,Metal1,229.6000,297.9200,0.000348
FILLER_71_393,VSS,Metal1,227.5400,297.5710,0.000348
FILLER_71_377,VSS,Metal1,221.7120,297.3720,0.000343
FILLER_71_358,VSS,Metal1,207.4800,297.9200,0.000326
FILLER_71_356,VSS,Metal1,206.6400,297.9200,0.000326
FILLER_71_352,VSS,Metal1,204.5800,297.5710,0.000322
FILLER_71_341,VSS,Metal1,197.9600,297.9200,0.000312
FILLER_71_339,VSS,Metal1,197.1200,297.9200,0.000312
FILLER_71_335,VSS,Metal1,195.0600,297.5710,0.000305
FILLER_71_319,VSS,Metal1,189.2320,297.3720,0.000300
FILLER_71_256,VSS,Metal1,150.3600,297.9200,0.000282
FILLER_71_252,VSS,Metal1,148.5800,297.5710,0.000282
FILLER_71_244,VSS,Metal1,145.0930,297.4580,0.000282
FILLER_71_212,VSS,Metal1,133.7240,297.3220,0.000277
FILLER_71_206,VSS,Metal1,122.8200,297.5710,0.000277
FILLER_71_142,VSS,Metal1,103.4445,297.2820,0.000277
FILLER_71_136,VSS,Metal1,83.6200,297.5710,0.000277
FILLER_71_72,VSS,Metal1,64.2445,297.2820,0.000277
FILLER_71_66,VSS,Metal1,44.4200,297.5710,0.000277
FILLER_71_2,VSS,Metal1,25.0445,297.2820,0.000277
FILLER_70_667,VSS,Metal1,380.8000,290.0800,0.000115
FILLER_70_615,VSS,Metal1,351.4000,290.0800,0.000111
FILLER_70_571,VSS,Metal1,327.0400,290.0800,0.000110
FILLER_70_563,VSS,Metal1,323.7330,290.5415,0.000110
FILLER_70_557,VSS,Metal1,318.9200,290.0800,0.000111
FILLER_70_555,VSS,Metal1,318.0800,290.0800,0.000111
FILLER_70_551,VSS,Metal1,316.0200,290.4285,0.000111
FILLER_70_543,VSS,Metal1,312.5330,290.5415,0.000111
FILLER_70_535,VSS,Metal1,306.8800,290.0800,0.000111
FILLER_70_527,VSS,Metal1,303.5730,290.5415,0.000111
FILLER_70_518,VSS,Metal1,297.0800,290.0800,0.000111
FILLER_70_490,VSS,Metal1,282.8530,290.5415,0.000110
FILLER_70_477,VSS,Metal1,274.4000,290.0800,0.000109
FILLER_70_473,VSS,Metal1,272.3400,290.4285,0.000109
FILLER_70_457,VSS,Metal1,262.9200,290.0800,0.000109
FILLER_70_451,VSS,Metal1,260.0200,290.4285,0.000109
FILLER_70_437,VSS,Metal1,253.1730,290.5415,0.000108
FILLER_70_421,VSS,Metal1,246.3520,290.6280,0.000108
FILLER_70_402,VSS,Metal1,232.1200,290.0800,0.000108
FILLER_70_393,VSS,Metal1,227.0800,290.0800,0.000106
FILLER_70_391,VSS,Metal1,226.2400,290.0800,0.000106
FILLER_70_387,VSS,Metal1,224.1800,290.4285,0.000106
FILLER_70_383,VSS,Metal1,221.7600,290.0800,0.000106
FILLER_70_379,VSS,Metal1,219.7000,290.4285,0.000106
FILLER_70_371,VSS,Metal1,216.2130,290.5415,0.000104
FILLER_70_355,VSS,Metal1,209.3920,290.6280,0.000103
FILLER_70_349,VSS,Metal1,202.4400,290.0800,0.000099
FILLER_70_317,VSS,Metal1,192.5240,290.6775,0.000099
FILLER_70_306,VSS,Metal1,178.3600,290.0800,0.000088
FILLER_70_304,VSS,Metal1,177.5200,290.0800,0.000088
FILLER_70_300,VSS,Metal1,175.4600,290.4285,0.000088
FILLER_70_267,VSS,Metal1,156.8000,290.0800,0.000084
FILLER_70_263,VSS,Metal1,154.7400,290.4285,0.000084
FILLER_70_247,VSS,Metal1,148.9120,290.6280,0.000083
FILLER_70_241,VSS,Metal1,142.4200,290.4285,0.000082
FILLER_70_177,VSS,Metal1,123.0445,290.7175,0.000082
FILLER_70_171,VSS,Metal1,103.2200,290.4285,0.000082
FILLER_70_107,VSS,Metal1,83.8445,290.7175,0.000082
FILLER_70_101,VSS,Metal1,64.0200,290.4285,0.000082
FILLER_70_37,VSS,Metal1,44.6445,290.7175,0.000082
FILLER_70_34,VSS,Metal1,26.0400,290.0800,0.000082
FILLER_70_2,VSS,Metal1,16.1240,290.6775,0.000082
FILLER_69_634,VSS,Metal1,362.0400,290.0800,0.000113
FILLER_69_632,VSS,Metal1,361.2000,290.0800,0.000113
FILLER_69_581,VSS,Metal1,332.3600,290.0800,0.000110
FILLER_69_573,VSS,Metal1,329.3330,289.6180,0.000110
FILLER_69_562,VSS,Metal1,321.7200,290.0800,0.000110
FILLER_69_547,VSS,Metal1,313.3200,290.0800,0.000111
FILLER_69_543,VSS,Metal1,311.5400,289.7310,0.000111
FILLER_69_535,VSS,Metal1,308.0530,289.6180,0.000111
FILLER_69_510,VSS,Metal1,292.8800,290.0800,0.000111
FILLER_69_496,VSS,Metal1,285.0400,290.0800,0.000110
FILLER_69_446,VSS,Metal1,264.7640,289.4820,0.000109
FILLER_69_439,VSS,Metal1,252.8400,290.0800,0.000108
FILLER_69_431,VSS,Metal1,249.8130,289.6180,0.000108
FILLER_69_424,VSS,Metal1,244.4400,290.0800,0.000108
FILLER_69_422,VSS,Metal1,243.6000,290.0800,0.000108
FILLER_69_419,VSS,Metal1,241.6400,290.0800,0.000108
FILLER_69_393,VSS,Metal1,227.0800,290.0800,0.000106
FILLER_69_378,VSS,Metal1,218.9600,290.0800,0.000104
FILLER_69_374,VSS,Metal1,216.9000,289.7310,0.000104
FILLER_69_358,VSS,Metal1,211.0720,289.5320,0.000103
FILLER_69_341,VSS,Metal1,197.9600,290.0800,0.000099
FILLER_69_331,VSS,Metal1,192.6400,290.0800,0.000099
FILLER_69_327,VSS,Metal1,190.5800,289.7310,0.000099
FILLER_69_319,VSS,Metal1,187.0930,289.6180,0.000099
FILLER_69_287,VSS,Metal1,175.7240,289.4820,0.000088
FILLER_69_279,VSS,Metal1,163.2400,290.0800,0.000087
FILLER_69_275,VSS,Metal1,161.4600,289.7310,0.000087
FILLER_69_270,VSS,Metal1,158.2000,290.0800,0.000085
FILLER_69_268,VSS,Metal1,157.3600,290.0800,0.000084
FILLER_69_260,VSS,Metal1,154.0530,289.6180,0.000084
FILLER_69_244,VSS,Metal1,147.2320,289.5320,0.000083
FILLER_69_212,VSS,Metal1,133.7240,289.4820,0.000082
FILLER_69_206,VSS,Metal1,122.8200,289.7310,0.000082
FILLER_69_142,VSS,Metal1,103.4445,289.4420,0.000082
FILLER_69_136,VSS,Metal1,83.6200,289.7310,0.000082
FILLER_69_72,VSS,Metal1,64.2445,289.4420,0.000082
FILLER_69_66,VSS,Metal1,44.4200,289.7310,0.000082
FILLER_69_2,VSS,Metal1,25.0445,289.4420,0.000082
FILLER_68_667,VSS,Metal1,380.8000,282.2400,0.000125
FILLER_68_651,VSS,Metal1,371.5600,282.2400,0.000125
FILLER_68_649,VSS,Metal1,370.7200,282.2400,0.000125
FILLER_68_594,VSS,Metal1,339.6400,282.2400,0.000122
FILLER_68_587,VSS,Metal1,335.7200,282.2400,0.000122
FILLER_68_585,VSS,Metal1,334.8800,282.2400,0.000121
FILLER_68_581,VSS,Metal1,332.8200,282.5885,0.000121
FILLER_68_551,VSS,Metal1,316.0200,282.5885,0.000124
FILLER_68_543,VSS,Metal1,312.5330,282.7015,0.000124
FILLER_68_527,VSS,Metal1,305.7120,282.7880,0.000124
FILLER_68_512,VSS,Metal1,293.7200,282.2400,0.000127
FILLER_68_510,VSS,Metal1,292.8800,282.2400,0.000127
FILLER_68_505,VSS,Metal1,289.8000,282.2400,0.000127
FILLER_68_503,VSS,Metal1,288.9600,282.2400,0.000127
FILLER_68_487,VSS,Metal1,283.3120,282.7880,0.000127
FILLER_68_477,VSS,Metal1,274.1200,282.2400,0.000127
FILLER_68_473,VSS,Metal1,272.3400,282.5885,0.000127
FILLER_68_457,VSS,Metal1,266.5120,282.7880,0.000127
FILLER_68_436,VSS,Metal1,251.4400,282.2400,0.000127
FILLER_68_393,VSS,Metal1,227.0800,282.2400,0.000122
FILLER_68_391,VSS,Metal1,226.2400,282.2400,0.000122
FILLER_68_387,VSS,Metal1,224.1800,282.5885,0.000120
FILLER_68_383,VSS,Metal1,221.7600,282.2400,0.000119
FILLER_68_358,VSS,Metal1,207.7600,282.2400,0.000118
FILLER_68_348,VSS,Metal1,202.1600,282.2400,0.000115
FILLER_68_340,VSS,Metal1,198.8530,282.7015,0.000114
FILLER_68_307,VSS,Metal1,180.3730,282.7015,0.000113
FILLER_68_291,VSS,Metal1,173.5520,282.7880,0.000113
FILLER_68_286,VSS,Metal1,167.1600,282.2400,0.000111
FILLER_68_282,VSS,Metal1,165.3800,282.5885,0.000110
FILLER_68_275,VSS,Metal1,161.2800,282.2400,0.000105
FILLER_68_271,VSS,Metal1,159.2200,282.5885,0.000104
FILLER_68_263,VSS,Metal1,155.7330,282.7015,0.000104
FILLER_68_247,VSS,Metal1,148.9120,282.7880,0.000102
FILLER_68_241,VSS,Metal1,142.4200,282.5885,0.000102
FILLER_68_177,VSS,Metal1,123.0445,282.8775,0.000102
FILLER_68_171,VSS,Metal1,103.2200,282.5885,0.000102
FILLER_68_107,VSS,Metal1,83.8445,282.8775,0.000102
FILLER_68_101,VSS,Metal1,64.0200,282.5885,0.000102
FILLER_68_37,VSS,Metal1,44.6445,282.8775,0.000102
FILLER_68_34,VSS,Metal1,26.0400,282.2400,0.000102
FILLER_68_2,VSS,Metal1,16.1240,282.8375,0.000102
FILLER_67_660,VSS,Metal1,376.6000,282.2400,0.000125
FILLER_67_640,VSS,Metal1,365.6800,282.2400,0.000125
FILLER_67_590,VSS,Metal1,337.6800,282.2400,0.000122
FILLER_67_586,VSS,Metal1,335.6200,281.8910,0.000122
FILLER_67_570,VSS,Metal1,329.7920,281.6920,0.000121
FILLER_67_556,VSS,Metal1,318.8200,281.8910,0.000123
FILLER_67_540,VSS,Metal1,312.9920,281.6920,0.000124
FILLER_67_533,VSS,Metal1,305.4800,282.2400,0.000124
FILLER_67_531,VSS,Metal1,304.6400,282.2400,0.000124
FILLER_67_527,VSS,Metal1,302.5800,281.8910,0.000124
FILLER_67_511,VSS,Metal1,296.7520,281.6920,0.000127
FILLER_67_492,VSS,Metal1,282.5200,282.2400,0.000127
FILLER_67_489,VSS,Metal1,280.8400,282.2400,0.000127
FILLER_67_485,VSS,Metal1,279.0600,281.8910,0.000127
FILLER_67_478,VSS,Metal1,274.9600,282.2400,0.000127
FILLER_67_462,VSS,Metal1,269.3120,281.6920,0.000127
FILLER_67_440,VSS,Metal1,253.8600,281.8910,0.000127
FILLER_67_422,VSS,Metal1,243.6000,282.2400,0.000126
FILLER_67_413,VSS,Metal1,238.2800,282.2400,0.000122
FILLER_67_411,VSS,Metal1,237.4400,282.2400,0.000122
FILLER_67_407,VSS,Metal1,235.3800,281.8910,0.000122
FILLER_67_376,VSS,Metal1,218.0200,281.8910,0.000119
FILLER_67_352,VSS,Metal1,204.5800,281.8910,0.000118
FILLER_67_342,VSS,Metal1,199.9730,281.7780,0.000115
FILLER_67_337,VSS,Metal1,195.7200,282.2400,0.000113
FILLER_67_300,VSS,Metal1,175.0000,282.2400,0.000113
FILLER_67_298,VSS,Metal1,174.1600,282.2400,0.000113
FILLER_67_294,VSS,Metal1,172.1000,281.8910,0.000113
FILLER_67_286,VSS,Metal1,168.6130,281.7780,0.000111
FILLER_67_278,VSS,Metal1,162.9600,282.2400,0.000108
FILLER_67_263,VSS,Metal1,154.5600,282.2400,0.000104
FILLER_67_259,VSS,Metal1,152.5000,281.8910,0.000102
FILLER_67_222,VSS,Metal1,131.3200,282.2400,0.000102
FILLER_67_220,VSS,Metal1,130.4800,282.2400,0.000102
FILLER_67_212,VSS,Metal1,127.1730,281.7780,0.000102
FILLER_67_206,VSS,Metal1,122.8200,281.8910,0.000102
FILLER_67_142,VSS,Metal1,103.4445,281.6020,0.000102
FILLER_67_136,VSS,Metal1,83.6200,281.8910,0.000102
FILLER_67_72,VSS,Metal1,64.2445,281.6020,0.000102
FILLER_67_66,VSS,Metal1,44.4200,281.8910,0.000102
FILLER_67_2,VSS,Metal1,25.0445,281.6020,0.000102
FILLER_66_667,VSS,Metal1,380.8000,274.4000,0.000132
FILLER_66_591,VSS,Metal1,338.4200,274.7485,0.000129
FILLER_66_575,VSS,Metal1,332.5920,274.9480,0.000129
FILLER_66_551,VSS,Metal1,315.5600,274.4000,0.000129
FILLER_66_524,VSS,Metal1,300.4400,274.4000,0.000129
FILLER_66_522,VSS,Metal1,299.6000,274.4000,0.000129
FILLER_66_518,VSS,Metal1,297.5400,274.7485,0.000129
FILLER_66_502,VSS,Metal1,291.7120,274.9480,0.000129
FILLER_66_473,VSS,Metal1,271.8800,274.4000,0.000125
FILLER_66_457,VSS,Metal1,266.5120,274.9480,0.000125
FILLER_66_454,VSS,Metal1,261.2400,274.4000,0.000125
FILLER_66_421,VSS,Metal1,243.0400,274.4000,0.000117
FILLER_66_417,VSS,Metal1,240.9800,274.7485,0.000115
FILLER_66_401,VSS,Metal1,235.1520,274.9480,0.000113
FILLER_66_392,VSS,Metal1,226.5200,274.4000,0.000113
FILLER_66_381,VSS,Metal1,220.8200,274.7485,0.000108
FILLER_66_328,VSS,Metal1,191.1400,274.7485,0.000101
FILLER_66_317,VSS,Metal1,184.8000,274.4000,0.000101
FILLER_66_313,VSS,Metal1,182.5600,274.4000,0.000101
FILLER_66_255,VSS,Metal1,150.2600,274.7485,0.000099
FILLER_66_247,VSS,Metal1,146.7730,274.8615,0.000099
FILLER_66_244,VSS,Metal1,143.6400,274.4000,0.000099
FILLER_66_221,VSS,Metal1,131.0400,274.4000,0.000097
FILLER_66_217,VSS,Metal1,128.9800,274.7485,0.000097
FILLER_66_209,VSS,Metal1,125.4930,274.8615,0.000097
FILLER_66_177,VSS,Metal1,114.1240,274.9975,0.000095
FILLER_66_166,VSS,Metal1,99.9600,274.4000,0.000095
FILLER_66_162,VSS,Metal1,98.1800,274.7485,0.000095
FILLER_66_153,VSS,Metal1,92.6800,274.4000,0.000092
FILLER_66_151,VSS,Metal1,91.8400,274.4000,0.000092
FILLER_66_147,VSS,Metal1,89.7800,274.7485,0.000092
FILLER_66_139,VSS,Metal1,86.2930,274.8615,0.000092
FILLER_66_107,VSS,Metal1,74.9240,274.9975,0.000090
FILLER_66_101,VSS,Metal1,64.0200,274.7485,0.000090
FILLER_66_37,VSS,Metal1,44.6445,275.0375,0.000090
FILLER_66_34,VSS,Metal1,26.0400,274.4000,0.000090
FILLER_66_2,VSS,Metal1,16.1240,274.9975,0.000090
FILLER_65_676,VSS,Metal1,385.5600,274.4000,0.000133
FILLER_65_657,VSS,Metal1,374.9200,274.4000,0.000132
FILLER_65_655,VSS,Metal1,374.0800,274.4000,0.000132
FILLER_65_632,VSS,Metal1,361.2000,274.4000,0.000131
FILLER_65_625,VSS,Metal1,357.0000,274.4000,0.000131
FILLER_65_623,VSS,Metal1,356.1600,274.4000,0.000131
FILLER_65_605,VSS,Metal1,346.0800,274.4000,0.000129
FILLER_65_586,VSS,Metal1,335.4400,274.4000,0.000129
FILLER_65_582,VSS,Metal1,333.3800,274.0510,0.000129
FILLER_65_574,VSS,Metal1,329.8930,273.9380,0.000129
FILLER_65_559,VSS,Metal1,320.0400,274.4000,0.000129
FILLER_65_550,VSS,Metal1,315.0000,274.4000,0.000129
FILLER_65_548,VSS,Metal1,314.1600,274.4000,0.000129
FILLER_65_544,VSS,Metal1,312.1000,274.0510,0.000129
FILLER_65_492,VSS,Metal1,286.1120,273.8520,0.000129
FILLER_65_468,VSS,Metal1,269.3600,274.4000,0.000125
FILLER_65_464,VSS,Metal1,267.3000,274.0510,0.000125
FILLER_65_448,VSS,Metal1,261.4720,273.8520,0.000125
FILLER_65_426,VSS,Metal1,245.5600,274.4000,0.000117
FILLER_65_422,VSS,Metal1,243.7800,274.0510,0.000117
FILLER_65_419,VSS,Metal1,241.6400,274.4000,0.000115
FILLER_65_387,VSS,Metal1,231.7240,273.8020,0.000113
FILLER_65_341,VSS,Metal1,197.9600,274.4000,0.000101
FILLER_65_339,VSS,Metal1,197.1200,274.4000,0.000101
FILLER_65_295,VSS,Metal1,172.6600,274.0510,0.000100
FILLER_65_287,VSS,Metal1,169.1730,273.9380,0.000100
FILLER_65_279,VSS,Metal1,163.2400,274.4000,0.000100
FILLER_65_277,VSS,Metal1,162.4000,274.4000,0.000100
FILLER_65_260,VSS,Metal1,152.6000,274.4000,0.000099
FILLER_65_212,VSS,Metal1,126.0000,274.4000,0.000097
FILLER_65_209,VSS,Metal1,124.0400,274.4000,0.000097
FILLER_65_207,VSS,Metal1,123.2000,274.4000,0.000095
FILLER_65_203,VSS,Metal1,121.1400,274.0510,0.000095
FILLER_65_195,VSS,Metal1,117.6530,273.9380,0.000095
FILLER_65_160,VSS,Metal1,96.6000,274.4000,0.000093
FILLER_65_158,VSS,Metal1,95.7600,274.4000,0.000093
FILLER_65_142,VSS,Metal1,90.1120,273.8520,0.000092
FILLER_65_136,VSS,Metal1,83.6200,274.0510,0.000090
FILLER_65_72,VSS,Metal1,64.2445,273.7620,0.000090
FILLER_65_66,VSS,Metal1,44.4200,274.0510,0.000090
FILLER_65_2,VSS,Metal1,25.0445,273.7620,0.000090
FILLER_64_667,VSS,Metal1,380.8000,266.5600,0.000079
FILLER_64_599,VSS,Metal1,342.4400,266.5600,0.000077
FILLER_64_597,VSS,Metal1,341.6000,266.5600,0.000077
FILLER_64_594,VSS,Metal1,339.6400,266.5600,0.000077
FILLER_64_578,VSS,Metal1,331.1400,266.9085,0.000077
FILLER_64_570,VSS,Metal1,327.6530,267.0215,0.000077
FILLER_64_542,VSS,Metal1,310.8000,266.5600,0.000079
FILLER_64_518,VSS,Metal1,297.0800,266.5600,0.000081
FILLER_64_514,VSS,Metal1,295.3000,266.9085,0.000081
FILLER_64_508,VSS,Metal1,291.7600,266.5600,0.000081
FILLER_64_492,VSS,Metal1,286.1120,267.1080,0.000081
FILLER_64_478,VSS,Metal1,274.9600,266.5600,0.000081
FILLER_64_467,VSS,Metal1,268.5200,266.5600,0.000079
FILLER_64_465,VSS,Metal1,267.6800,266.5600,0.000079
FILLER_64_457,VSS,Metal1,264.3730,267.0215,0.000079
FILLER_64_454,VSS,Metal1,261.2400,266.5600,0.000079
FILLER_64_452,VSS,Metal1,260.4000,266.5600,0.000079
FILLER_64_444,VSS,Metal1,257.0930,267.0215,0.000079
FILLER_64_428,VSS,Metal1,250.2720,267.1080,0.000078
FILLER_64_418,VSS,Metal1,241.3600,266.5600,0.000072
FILLER_64_414,VSS,Metal1,239.3000,266.9085,0.000072
FILLER_64_398,VSS,Metal1,233.4720,267.1080,0.000071
FILLER_64_391,VSS,Metal1,225.9600,266.5600,0.000071
FILLER_64_387,VSS,Metal1,224.1800,266.9085,0.000070
FILLER_64_384,VSS,Metal1,222.0400,266.5600,0.000070
FILLER_64_382,VSS,Metal1,221.2000,266.5600,0.000070
FILLER_64_374,VSS,Metal1,217.8930,267.0215,0.000070
FILLER_64_342,VSS,Metal1,198.8000,266.5600,0.000067
FILLER_64_326,VSS,Metal1,193.1520,267.1080,0.000067
FILLER_64_319,VSS,Metal1,185.6400,266.5600,0.000067
FILLER_64_317,VSS,Metal1,184.8000,266.5600,0.000067
FILLER_64_295,VSS,Metal1,172.6600,266.9085,0.000064
FILLER_64_247,VSS,Metal1,145.7800,266.9085,0.000063
FILLER_64_206,VSS,Metal1,122.3600,266.5600,0.000059
FILLER_64_202,VSS,Metal1,120.5800,266.9085,0.000059
FILLER_64_194,VSS,Metal1,117.0930,267.0215,0.000056
FILLER_64_179,VSS,Metal1,107.2400,266.5600,0.000056
FILLER_64_177,VSS,Metal1,106.4000,266.5600,0.000056
FILLER_64_139,VSS,Metal1,85.1200,266.5600,0.000054
FILLER_64_107,VSS,Metal1,74.9240,267.1575,0.000054
FILLER_64_101,VSS,Metal1,64.0200,266.9085,0.000054
FILLER_64_37,VSS,Metal1,44.6445,267.1975,0.000054
FILLER_64_34,VSS,Metal1,26.0400,266.5600,0.000054
FILLER_64_2,VSS,Metal1,16.1240,267.1575,0.000054
FILLER_63_676,VSS,Metal1,385.5600,266.5600,0.000079
FILLER_63_628,VSS,Metal1,358.9600,266.5600,0.000078
FILLER_63_619,VSS,Metal1,353.6400,266.5600,0.000078
FILLER_63_564,VSS,Metal1,322.8400,266.5600,0.000077
FILLER_63_562,VSS,Metal1,322.0000,266.5600,0.000077
FILLER_63_559,VSS,Metal1,320.0400,266.5600,0.000077
FILLER_63_557,VSS,Metal1,319.2000,266.5600,0.000077
FILLER_63_553,VSS,Metal1,317.1400,266.2110,0.000078
FILLER_63_546,VSS,Metal1,313.0400,266.5600,0.000079
FILLER_63_538,VSS,Metal1,309.7330,266.0980,0.000079
FILLER_63_527,VSS,Metal1,302.4000,266.5600,0.000081
FILLER_63_523,VSS,Metal1,300.3400,266.2110,0.000081
FILLER_63_514,VSS,Metal1,294.8400,266.5600,0.000081
FILLER_63_512,VSS,Metal1,294.0000,266.5600,0.000081
FILLER_63_508,VSS,Metal1,291.9400,266.2110,0.000081
FILLER_63_492,VSS,Metal1,286.1120,266.0120,0.000081
FILLER_63_488,VSS,Metal1,280.5600,266.5600,0.000081
FILLER_63_481,VSS,Metal1,276.3600,266.5600,0.000081
FILLER_63_477,VSS,Metal1,274.5800,266.2110,0.000081
FILLER_63_465,VSS,Metal1,267.8600,266.2110,0.000079
FILLER_63_432,VSS,Metal1,249.2000,266.5600,0.000078
FILLER_63_419,VSS,Metal1,241.6400,266.5600,0.000072
FILLER_63_415,VSS,Metal1,239.8600,266.2110,0.000072
FILLER_63_399,VSS,Metal1,234.0320,266.0120,0.000071
FILLER_63_390,VSS,Metal1,225.4000,266.5600,0.000070
FILLER_63_356,VSS,Metal1,206.3600,266.5600,0.000069
FILLER_63_352,VSS,Metal1,204.5800,266.2110,0.000069
FILLER_63_349,VSS,Metal1,202.4400,266.5600,0.000069
FILLER_63_345,VSS,Metal1,200.6600,266.2110,0.000068
FILLER_63_339,VSS,Metal1,196.8400,266.5600,0.000067
FILLER_63_331,VSS,Metal1,193.8130,266.0980,0.000067
FILLER_63_315,VSS,Metal1,186.9920,266.0120,0.000067
FILLER_63_308,VSS,Metal1,179.7600,266.5600,0.000064
FILLER_63_302,VSS,Metal1,176.1200,266.5600,0.000064
FILLER_63_298,VSS,Metal1,174.3400,266.2110,0.000064
FILLER_63_282,VSS,Metal1,168.5120,266.0120,0.000063
FILLER_63_276,VSS,Metal1,162.0200,266.2110,0.000063
FILLER_63_256,VSS,Metal1,150.3600,266.5600,0.000063
FILLER_63_212,VSS,Metal1,126.1800,266.2110,0.000061
FILLER_63_205,VSS,Metal1,121.8000,266.5600,0.000059
FILLER_63_167,VSS,Metal1,100.9800,266.2110,0.000056
FILLER_63_159,VSS,Metal1,97.4930,266.0980,0.000056
FILLER_63_154,VSS,Metal1,93.2400,266.5600,0.000056
FILLER_63_150,VSS,Metal1,91.4600,266.2110,0.000056
FILLER_63_142,VSS,Metal1,87.9730,266.0980,0.000056
FILLER_63_136,VSS,Metal1,83.6200,266.2110,0.000054
FILLER_63_72,VSS,Metal1,64.2445,265.9220,0.000054
FILLER_63_66,VSS,Metal1,44.4200,266.2110,0.000054
FILLER_63_2,VSS,Metal1,25.0445,265.9220,0.000054
FILLER_62_667,VSS,Metal1,380.8000,258.7200,0.000115
FILLER_62_597,VSS,Metal1,341.6000,258.7200,0.000096
FILLER_62_548,VSS,Metal1,314.3400,259.0685,0.000097
FILLER_62_532,VSS,Metal1,305.2000,258.7200,0.000098
FILLER_62_480,VSS,Metal1,283.8040,259.3175,0.000098
FILLER_62_461,VSS,Metal1,265.1600,258.7200,0.000098
FILLER_62_457,VSS,Metal1,263.3800,259.0685,0.000098
FILLER_62_453,VSS,Metal1,260.9600,258.7200,0.000098
FILLER_62_436,VSS,Metal1,251.1600,258.7200,0.000098
FILLER_62_434,VSS,Metal1,250.3200,258.7200,0.000098
FILLER_62_413,VSS,Metal1,238.2800,258.7200,0.000096
FILLER_62_405,VSS,Metal1,235.2530,259.1815,0.000096
FILLER_62_395,VSS,Metal1,228.4800,258.7200,0.000091
FILLER_62_389,VSS,Metal1,224.8400,258.7200,0.000091
FILLER_62_387,VSS,Metal1,224.0000,258.7200,0.000091
FILLER_62_373,VSS,Metal1,216.3400,259.0685,0.000090
FILLER_62_365,VSS,Metal1,212.8530,259.1815,0.000090
FILLER_62_317,VSS,Metal1,184.9800,259.0685,0.000089
FILLER_62_313,VSS,Metal1,182.5600,258.7200,0.000089
FILLER_62_307,VSS,Metal1,178.9200,258.7200,0.000089
FILLER_62_305,VSS,Metal1,178.0800,258.7200,0.000089
FILLER_62_296,VSS,Metal1,172.7600,258.7200,0.000089
FILLER_62_280,VSS,Metal1,167.3920,259.2680,0.000089
FILLER_62_273,VSS,Metal1,160.1600,258.7200,0.000089
FILLER_62_263,VSS,Metal1,154.5600,258.7200,0.000089
FILLER_62_173,VSS,Metal1,104.1600,258.7200,0.000086
FILLER_62_165,VSS,Metal1,100.8530,259.1815,0.000086
FILLER_62_123,VSS,Metal1,77.3330,259.1815,0.000086
FILLER_62_107,VSS,Metal1,70.5120,259.2680,0.000086
FILLER_62_101,VSS,Metal1,64.0200,259.0685,0.000086
FILLER_62_37,VSS,Metal1,44.6445,259.3575,0.000086
FILLER_62_34,VSS,Metal1,26.0400,258.7200,0.000086
FILLER_62_2,VSS,Metal1,16.1240,259.3175,0.000086
FILLER_61_632,VSS,Metal1,360.9200,258.7200,0.000114
FILLER_61_607,VSS,Metal1,346.9200,258.7200,0.000113
FILLER_61_599,VSS,Metal1,343.8930,258.2580,0.000113
FILLER_61_591,VSS,Metal1,338.4200,258.3710,0.000096
FILLER_61_575,VSS,Metal1,332.5920,258.1720,0.000096
FILLER_61_555,VSS,Metal1,317.8000,258.7200,0.000096
FILLER_61_551,VSS,Metal1,316.0200,258.3710,0.000096
FILLER_61_543,VSS,Metal1,312.5330,258.2580,0.000097
FILLER_61_500,VSS,Metal1,288.4530,258.2580,0.000098
FILLER_61_489,VSS,Metal1,280.8400,258.7200,0.000098
FILLER_61_485,VSS,Metal1,279.0600,258.3710,0.000098
FILLER_61_452,VSS,Metal1,260.4000,258.7200,0.000098
FILLER_61_444,VSS,Metal1,257.0930,258.2580,0.000098
FILLER_61_428,VSS,Metal1,250.2720,258.1720,0.000098
FILLER_61_406,VSS,Metal1,234.3600,258.7200,0.000096
FILLER_61_402,VSS,Metal1,232.5800,258.3710,0.000095
FILLER_61_378,VSS,Metal1,218.6800,258.7200,0.000091
FILLER_61_376,VSS,Metal1,217.8400,258.7200,0.000090
FILLER_61_372,VSS,Metal1,215.7800,258.3710,0.000090
FILLER_61_352,VSS,Metal1,204.5800,258.3710,0.000089
FILLER_61_349,VSS,Metal1,202.4400,258.7200,0.000089
FILLER_61_340,VSS,Metal1,197.8600,258.3710,0.000089
FILLER_61_330,VSS,Metal1,192.0800,258.7200,0.000089
FILLER_61_214,VSS,Metal1,126.8400,258.7200,0.000088
FILLER_61_212,VSS,Metal1,126.0000,258.7200,0.000088
FILLER_61_183,VSS,Metal1,109.4800,258.7200,0.000088
FILLER_61_181,VSS,Metal1,108.6400,258.7200,0.000088
FILLER_61_177,VSS,Metal1,106.5800,258.3710,0.000087
FILLER_61_161,VSS,Metal1,100.7520,258.1720,0.000086
FILLER_61_136,VSS,Metal1,83.6200,258.3710,0.000086
FILLER_61_72,VSS,Metal1,64.2445,258.0820,0.000086
FILLER_61_66,VSS,Metal1,44.4200,258.3710,0.000086
FILLER_61_2,VSS,Metal1,25.0445,258.0820,0.000086
FILLER_60_667,VSS,Metal1,380.8000,250.8800,0.000087
FILLER_60_612,VSS,Metal1,349.7200,250.8800,0.000086
FILLER_60_610,VSS,Metal1,348.8800,250.8800,0.000086
FILLER_60_599,VSS,Metal1,342.4400,250.8800,0.000086
FILLER_60_597,VSS,Metal1,341.6000,250.8800,0.000086
FILLER_60_588,VSS,Metal1,336.2800,250.8800,0.000084
FILLER_60_586,VSS,Metal1,335.4400,250.8800,0.000084
FILLER_60_572,VSS,Metal1,327.6000,250.8800,0.000084
FILLER_60_568,VSS,Metal1,325.5400,251.2285,0.000084
FILLER_60_551,VSS,Metal1,315.5600,250.8800,0.000085
FILLER_60_535,VSS,Metal1,310.1920,251.4280,0.000085
FILLER_60_493,VSS,Metal1,283.0800,250.8800,0.000085
FILLER_60_491,VSS,Metal1,282.2400,250.8800,0.000085
FILLER_60_475,VSS,Metal1,276.5920,251.4280,0.000085
FILLER_60_457,VSS,Metal1,263.2000,250.8800,0.000084
FILLER_60_439,VSS,Metal1,256.4320,251.4280,0.000084
FILLER_60_403,VSS,Metal1,232.6800,250.8800,0.000084
FILLER_60_387,VSS,Metal1,224.1800,251.2285,0.000083
FILLER_60_384,VSS,Metal1,222.0400,250.8800,0.000083
FILLER_60_382,VSS,Metal1,221.2000,250.8800,0.000082
FILLER_60_374,VSS,Metal1,217.8930,251.3415,0.000081
FILLER_60_358,VSS,Metal1,211.0720,251.4280,0.000077
FILLER_60_317,VSS,Metal1,184.5200,250.8800,0.000077
FILLER_60_311,VSS,Metal1,181.6200,251.2285,0.000077
FILLER_60_247,VSS,Metal1,145.6000,250.8800,0.000076
FILLER_60_199,VSS,Metal1,118.4400,250.8800,0.000055
FILLER_60_189,VSS,Metal1,113.1200,250.8800,0.000055
FILLER_60_185,VSS,Metal1,111.0600,251.2285,0.000055
FILLER_60_177,VSS,Metal1,107.5730,251.3415,0.000055
FILLER_60_173,VSS,Metal1,104.1600,250.8800,0.000055
FILLER_60_169,VSS,Metal1,102.1000,251.2285,0.000055
FILLER_60_107,VSS,Metal1,70.5120,251.4280,0.000053
FILLER_60_101,VSS,Metal1,64.0200,251.2285,0.000053
FILLER_60_37,VSS,Metal1,44.6445,251.5175,0.000053
FILLER_60_34,VSS,Metal1,26.0400,250.8800,0.000053
FILLER_60_2,VSS,Metal1,16.1240,251.4775,0.000053
FILLER_59_632,VSS,Metal1,360.9200,250.8800,0.000087
FILLER_59_586,VSS,Metal1,335.4400,250.8800,0.000084
FILLER_59_578,VSS,Metal1,332.1330,250.4180,0.000084
FILLER_59_562,VSS,Metal1,325.3120,250.3320,0.000084
FILLER_59_549,VSS,Metal1,314.4400,250.8800,0.000085
FILLER_59_545,VSS,Metal1,312.6600,250.5310,0.000085
FILLER_59_532,VSS,Metal1,306.3730,250.4180,0.000085
FILLER_59_480,VSS,Metal1,276.0800,250.8800,0.000085
FILLER_59_476,VSS,Metal1,274.0200,250.5310,0.000085
FILLER_59_450,VSS,Metal1,260.4530,250.4180,0.000084
FILLER_59_434,VSS,Metal1,253.6320,250.3320,0.000084
FILLER_59_422,VSS,Metal1,243.7800,250.5310,0.000084
FILLER_59_379,VSS,Metal1,219.2400,250.8800,0.000082
FILLER_59_375,VSS,Metal1,217.4600,250.5310,0.000081
FILLER_59_369,VSS,Metal1,213.6400,250.8800,0.000077
FILLER_59_367,VSS,Metal1,212.8000,250.8800,0.000077
FILLER_59_354,VSS,Metal1,205.2400,250.8800,0.000077
FILLER_59_352,VSS,Metal1,204.4000,250.8800,0.000077
FILLER_59_343,VSS,Metal1,199.3600,250.8800,0.000077
FILLER_59_288,VSS,Metal1,168.2800,250.8800,0.000077
FILLER_59_286,VSS,Metal1,167.4400,250.8800,0.000077
FILLER_59_282,VSS,Metal1,165.3800,250.5310,0.000077
FILLER_59_279,VSS,Metal1,163.2400,250.8800,0.000077
FILLER_59_277,VSS,Metal1,162.4000,250.8800,0.000077
FILLER_59_232,VSS,Metal1,137.2000,250.8800,0.000075
FILLER_59_212,VSS,Metal1,126.0000,250.8800,0.000075
FILLER_59_200,VSS,Metal1,119.4600,250.5310,0.000073
FILLER_59_136,VSS,Metal1,83.6200,250.5310,0.000053
FILLER_59_72,VSS,Metal1,64.2445,250.2420,0.000053
FILLER_59_66,VSS,Metal1,44.4200,250.5310,0.000053
FILLER_59_2,VSS,Metal1,25.0445,250.2420,0.000053
FILLER_58_667,VSS,Metal1,380.8000,243.0400,0.000094
FILLER_58_605,VSS,Metal1,346.2600,243.3885,0.000092
FILLER_58_597,VSS,Metal1,342.7730,243.5015,0.000092
FILLER_58_585,VSS,Metal1,334.8800,243.0400,0.000088
FILLER_58_581,VSS,Metal1,332.8200,243.3885,0.000088
FILLER_58_573,VSS,Metal1,329.3330,243.5015,0.000088
FILLER_58_557,VSS,Metal1,322.5120,243.5880,0.000088
FILLER_58_539,VSS,Metal1,308.8400,243.0400,0.000089
FILLER_58_535,VSS,Metal1,307.0600,243.3885,0.000089
FILLER_58_527,VSS,Metal1,303.5730,243.5015,0.000089
FILLER_58_524,VSS,Metal1,300.4400,243.0400,0.000089
FILLER_58_522,VSS,Metal1,299.6000,243.0400,0.000090
FILLER_58_514,VSS,Metal1,295.1200,243.0400,0.000090
FILLER_58_498,VSS,Metal1,289.4720,243.5880,0.000090
FILLER_58_491,VSS,Metal1,281.9600,243.0400,0.000090
FILLER_58_487,VSS,Metal1,280.1800,243.3885,0.000090
FILLER_58_453,VSS,Metal1,260.9600,243.0400,0.000090
FILLER_58_445,VSS,Metal1,257.6530,243.5015,0.000089
FILLER_58_429,VSS,Metal1,250.8320,243.5880,0.000089
FILLER_58_419,VSS,Metal1,241.9200,243.0400,0.000089
FILLER_58_410,VSS,Metal1,236.6000,243.0400,0.000086
FILLER_58_404,VSS,Metal1,233.2400,243.0400,0.000085
FILLER_58_397,VSS,Metal1,229.3200,243.0400,0.000085
FILLER_58_395,VSS,Metal1,228.4800,243.0400,0.000085
FILLER_58_381,VSS,Metal1,220.8200,243.3885,0.000085
FILLER_58_373,VSS,Metal1,217.3330,243.5015,0.000085
FILLER_58_317,VSS,Metal1,184.5200,243.0400,0.000083
FILLER_58_314,VSS,Metal1,182.8400,243.0400,0.000081
FILLER_58_312,VSS,Metal1,182.0000,243.0400,0.000081
FILLER_58_305,VSS,Metal1,178.0800,243.0400,0.000080
FILLER_58_247,VSS,Metal1,145.6000,243.0400,0.000076
FILLER_58_238,VSS,Metal1,140.2800,243.0400,0.000070
FILLER_58_236,VSS,Metal1,139.4400,243.0400,0.000070
FILLER_58_189,VSS,Metal1,113.1200,243.0400,0.000068
FILLER_58_185,VSS,Metal1,111.0600,243.3885,0.000068
FILLER_58_177,VSS,Metal1,107.5730,243.5015,0.000068
FILLER_58_174,VSS,Metal1,104.4400,243.0400,0.000068
FILLER_58_170,VSS,Metal1,102.6600,243.3885,0.000068
FILLER_58_139,VSS,Metal1,86.2930,243.5015,0.000055
FILLER_58_107,VSS,Metal1,74.9240,243.6375,0.000054
FILLER_58_101,VSS,Metal1,64.0200,243.3885,0.000054
FILLER_58_37,VSS,Metal1,44.6445,243.6775,0.000054
FILLER_58_34,VSS,Metal1,26.0400,243.0400,0.000054
FILLER_58_2,VSS,Metal1,16.1240,243.6375,0.000054
FILLER_57_634,VSS,Metal1,362.0400,243.0400,0.000094
FILLER_57_632,VSS,Metal1,361.2000,243.0400,0.000094
FILLER_57_628,VSS,Metal1,358.9600,243.0400,0.000094
FILLER_57_599,VSS,Metal1,342.4400,243.0400,0.000092
FILLER_57_568,VSS,Metal1,328.6720,242.4920,0.000088
FILLER_57_559,VSS,Metal1,320.0400,243.0400,0.000088
FILLER_57_557,VSS,Metal1,319.2000,243.0400,0.000088
FILLER_57_548,VSS,Metal1,313.8800,243.0400,0.000089
FILLER_57_540,VSS,Metal1,310.8530,242.5780,0.000089
FILLER_57_524,VSS,Metal1,304.0320,242.4920,0.000089
FILLER_57_492,VSS,Metal1,290.5240,242.4420,0.000090
FILLER_57_489,VSS,Metal1,280.8400,243.0400,0.000090
FILLER_57_487,VSS,Metal1,280.0000,243.0400,0.000090
FILLER_57_479,VSS,Metal1,276.6930,242.5780,0.000090
FILLER_57_450,VSS,Metal1,259.0000,243.0400,0.000089
FILLER_57_446,VSS,Metal1,257.2200,242.6910,0.000089
FILLER_57_438,VSS,Metal1,253.7330,242.5780,0.000089
FILLER_57_422,VSS,Metal1,246.9120,242.4920,0.000089
FILLER_57_419,VSS,Metal1,241.6400,243.0400,0.000089
FILLER_57_412,VSS,Metal1,237.7200,243.0400,0.000086
FILLER_57_406,VSS,Metal1,234.3600,243.0400,0.000085
FILLER_57_404,VSS,Metal1,233.5200,243.0400,0.000085
FILLER_57_400,VSS,Metal1,231.4600,242.6910,0.000085
FILLER_57_392,VSS,Metal1,227.9730,242.5780,0.000085
FILLER_57_352,VSS,Metal1,204.5800,242.6910,0.000084
FILLER_57_348,VSS,Metal1,202.1600,243.0400,0.000084
FILLER_57_312,VSS,Metal1,182.0000,243.0400,0.000081
FILLER_57_308,VSS,Metal1,179.9400,242.6910,0.000081
FILLER_57_300,VSS,Metal1,176.4530,242.5780,0.000080
FILLER_57_290,VSS,Metal1,169.8600,242.6910,0.000077
FILLER_57_282,VSS,Metal1,166.3730,242.5780,0.000077
FILLER_57_276,VSS,Metal1,162.0200,242.6910,0.000077
FILLER_57_268,VSS,Metal1,158.5330,242.5780,0.000077
FILLER_57_242,VSS,Metal1,142.5200,243.0400,0.000071
FILLER_57_240,VSS,Metal1,141.6800,243.0400,0.000071
FILLER_57_191,VSS,Metal1,114.4200,242.6910,0.000069
FILLER_57_159,VSS,Metal1,104.0440,242.4420,0.000068
FILLER_57_142,VSS,Metal1,86.8000,243.0400,0.000055
FILLER_57_136,VSS,Metal1,83.6200,242.6910,0.000054
FILLER_57_72,VSS,Metal1,64.2445,242.4020,0.000054
FILLER_57_66,VSS,Metal1,44.4200,242.6910,0.000054
FILLER_57_2,VSS,Metal1,25.0445,242.4020,0.000054
FILLER_56_667,VSS,Metal1,380.8000,235.2000,0.000099
FILLER_56_597,VSS,Metal1,341.3200,235.2000,0.000096
FILLER_56_593,VSS,Metal1,339.3600,235.2000,0.000096
FILLER_56_583,VSS,Metal1,333.7600,235.2000,0.000096
FILLER_56_575,VSS,Metal1,330.4530,235.6615,0.000096
FILLER_56_557,VSS,Metal1,318.9200,235.2000,0.000096
FILLER_56_555,VSS,Metal1,318.0800,235.2000,0.000096
FILLER_56_551,VSS,Metal1,316.0200,235.5485,0.000096
FILLER_56_535,VSS,Metal1,310.1920,235.7480,0.000096
FILLER_56_529,VSS,Metal1,303.2400,235.2000,0.000096
FILLER_56_527,VSS,Metal1,302.4000,235.2000,0.000096
FILLER_56_524,VSS,Metal1,300.4400,235.2000,0.000096
FILLER_56_522,VSS,Metal1,299.6000,235.2000,0.000096
FILLER_56_518,VSS,Metal1,297.5400,235.5485,0.000096
FILLER_56_502,VSS,Metal1,288.5800,235.5485,0.000096
FILLER_56_451,VSS,Metal1,260.0200,235.5485,0.000089
FILLER_56_435,VSS,Metal1,254.1920,235.7480,0.000089
FILLER_56_426,VSS,Metal1,245.5600,235.2000,0.000089
FILLER_56_402,VSS,Metal1,233.5730,235.6615,0.000088
FILLER_56_387,VSS,Metal1,224.0000,235.2000,0.000088
FILLER_56_384,VSS,Metal1,222.0400,235.2000,0.000086
FILLER_56_382,VSS,Metal1,221.2000,235.2000,0.000086
FILLER_56_378,VSS,Metal1,219.1400,235.5485,0.000086
FILLER_56_370,VSS,Metal1,215.6530,235.6615,0.000085
FILLER_56_319,VSS,Metal1,185.6400,235.2000,0.000075
FILLER_56_317,VSS,Metal1,184.8000,235.2000,0.000075
FILLER_56_314,VSS,Metal1,182.8400,235.2000,0.000074
FILLER_56_310,VSS,Metal1,181.0600,235.5485,0.000073
FILLER_56_302,VSS,Metal1,177.5730,235.6615,0.000072
FILLER_56_244,VSS,Metal1,143.6400,235.2000,0.000069
FILLER_56_242,VSS,Metal1,142.8000,235.2000,0.000069
FILLER_56_187,VSS,Metal1,111.7200,235.2000,0.000068
FILLER_56_181,VSS,Metal1,108.3600,235.2000,0.000068
FILLER_56_177,VSS,Metal1,106.5800,235.5485,0.000068
FILLER_56_173,VSS,Metal1,104.1600,235.2000,0.000067
FILLER_56_169,VSS,Metal1,102.1000,235.5485,0.000067
FILLER_56_161,VSS,Metal1,98.6130,235.6615,0.000048
FILLER_56_123,VSS,Metal1,76.1600,235.2000,0.000048
FILLER_56_107,VSS,Metal1,70.5120,235.7480,0.000048
FILLER_56_101,VSS,Metal1,64.0200,235.5485,0.000048
FILLER_56_37,VSS,Metal1,44.6445,235.8375,0.000048
FILLER_56_34,VSS,Metal1,26.0400,235.2000,0.000048
FILLER_56_2,VSS,Metal1,16.1240,235.7975,0.000048
FILLER_55_634,VSS,Metal1,362.0400,235.2000,0.000098
FILLER_55_632,VSS,Metal1,361.2000,235.2000,0.000098
FILLER_55_628,VSS,Metal1,358.9600,235.2000,0.000098
FILLER_55_598,VSS,Metal1,342.1600,235.2000,0.000096
FILLER_55_559,VSS,Metal1,320.0400,235.2000,0.000096
FILLER_55_557,VSS,Metal1,319.2000,235.2000,0.000096
FILLER_55_548,VSS,Metal1,313.8800,235.2000,0.000096
FILLER_55_500,VSS,Metal1,287.0000,235.2000,0.000095
FILLER_55_489,VSS,Metal1,280.8400,235.2000,0.000094
FILLER_55_487,VSS,Metal1,280.0000,235.2000,0.000093
FILLER_55_483,VSS,Metal1,277.9400,234.8510,0.000093
FILLER_55_475,VSS,Metal1,274.4530,234.7380,0.000093
FILLER_55_464,VSS,Metal1,266.8400,235.2000,0.000093
FILLER_55_462,VSS,Metal1,266.0000,235.2000,0.000092
FILLER_55_458,VSS,Metal1,263.9400,234.8510,0.000092
FILLER_55_380,VSS,Metal1,220.2600,234.8510,0.000086
FILLER_55_375,VSS,Metal1,217.0000,235.2000,0.000085
FILLER_55_371,VSS,Metal1,215.2200,234.8510,0.000085
FILLER_55_352,VSS,Metal1,204.4000,235.2000,0.000084
FILLER_55_348,VSS,Metal1,202.1600,235.2000,0.000084
FILLER_55_344,VSS,Metal1,200.1000,234.8510,0.000084
FILLER_55_316,VSS,Metal1,184.4200,234.8510,0.000075
FILLER_55_212,VSS,Metal1,126.1800,234.8510,0.000069
FILLER_55_153,VSS,Metal1,96.2720,234.6520,0.000048
FILLER_55_146,VSS,Metal1,89.0400,235.2000,0.000048
FILLER_55_142,VSS,Metal1,86.9800,234.8510,0.000048
FILLER_55_136,VSS,Metal1,83.6200,234.8510,0.000048
FILLER_55_72,VSS,Metal1,64.2445,234.5620,0.000048
FILLER_55_66,VSS,Metal1,44.4200,234.8510,0.000048
FILLER_55_2,VSS,Metal1,25.0445,234.5620,0.000048
FILLER_54_667,VSS,Metal1,380.8000,227.3600,0.000080
FILLER_54_656,VSS,Metal1,374.3600,227.3600,0.000080
FILLER_54_654,VSS,Metal1,373.5200,227.3600,0.000080
FILLER_54_637,VSS,Metal1,363.7200,227.3600,0.000078
FILLER_54_635,VSS,Metal1,362.8800,227.3600,0.000078
FILLER_54_618,VSS,Metal1,353.0800,227.3600,0.000077
FILLER_54_597,VSS,Metal1,341.3200,227.3600,0.000076
FILLER_54_593,VSS,Metal1,339.3600,227.3600,0.000073
FILLER_54_589,VSS,Metal1,337.3000,227.7085,0.000072
FILLER_54_581,VSS,Metal1,333.8130,227.8215,0.000071
FILLER_54_572,VSS,Metal1,327.7800,227.7085,0.000071
FILLER_54_563,VSS,Metal1,322.2800,227.3600,0.000071
FILLER_54_561,VSS,Metal1,321.4400,227.3600,0.000071
FILLER_54_535,VSS,Metal1,308.0530,227.8215,0.000071
FILLER_54_524,VSS,Metal1,300.4400,227.3600,0.000071
FILLER_54_520,VSS,Metal1,298.6600,227.7085,0.000071
FILLER_54_500,VSS,Metal1,287.2800,227.3600,0.000071
FILLER_54_477,VSS,Metal1,274.4000,227.3600,0.000068
FILLER_54_473,VSS,Metal1,272.3400,227.7085,0.000068
FILLER_54_457,VSS,Metal1,266.5120,227.9080,0.000067
FILLER_54_446,VSS,Metal1,256.7600,227.3600,0.000065
FILLER_54_444,VSS,Metal1,255.9200,227.3600,0.000065
FILLER_54_438,VSS,Metal1,252.2800,227.3600,0.000065
FILLER_54_423,VSS,Metal1,244.1600,227.3600,0.000064
FILLER_54_376,VSS,Metal1,217.5600,227.3600,0.000062
FILLER_54_339,VSS,Metal1,196.8400,227.3600,0.000060
FILLER_54_335,VSS,Metal1,195.0600,227.7085,0.000060
FILLER_54_313,VSS,Metal1,182.5600,227.3600,0.000059
FILLER_54_247,VSS,Metal1,145.7800,227.7085,0.000058
FILLER_54_241,VSS,Metal1,142.4200,227.7085,0.000057
FILLER_54_199,VSS,Metal1,118.7200,227.3600,0.000055
FILLER_54_165,VSS,Metal1,99.6800,227.3600,0.000055
FILLER_54_157,VSS,Metal1,96.3730,227.8215,0.000054
FILLER_54_149,VSS,Metal1,90.4400,227.3600,0.000053
FILLER_54_147,VSS,Metal1,89.6000,227.3600,0.000053
FILLER_54_135,VSS,Metal1,82.6000,227.3600,0.000053
FILLER_54_131,VSS,Metal1,80.8200,227.7085,0.000053
FILLER_54_123,VSS,Metal1,77.3330,227.8215,0.000052
FILLER_54_107,VSS,Metal1,70.5120,227.9080,0.000052
FILLER_54_101,VSS,Metal1,64.0200,227.7085,0.000051
FILLER_54_37,VSS,Metal1,44.6445,227.9975,0.000051
FILLER_54_34,VSS,Metal1,26.0400,227.3600,0.000051
FILLER_54_2,VSS,Metal1,16.1240,227.9575,0.000051
FILLER_53_676,VSS,Metal1,385.5600,227.3600,0.000080
FILLER_53_636,VSS,Metal1,363.1600,227.3600,0.000078
FILLER_53_632,VSS,Metal1,361.3800,227.0110,0.000078
FILLER_53_629,VSS,Metal1,359.2400,227.3600,0.000078
FILLER_53_611,VSS,Metal1,349.4400,227.3600,0.000077
FILLER_53_603,VSS,Metal1,346.1330,226.8980,0.000076
FILLER_53_588,VSS,Metal1,336.2800,227.3600,0.000071
FILLER_53_586,VSS,Metal1,335.4400,227.3600,0.000071
FILLER_53_578,VSS,Metal1,332.1330,226.8980,0.000071
FILLER_53_562,VSS,Metal1,325.3120,226.8120,0.000071
FILLER_53_513,VSS,Metal1,294.2800,227.3600,0.000071
FILLER_53_509,VSS,Metal1,292.5000,227.0110,0.000071
FILLER_53_470,VSS,Metal1,270.4800,227.3600,0.000067
FILLER_53_466,VSS,Metal1,268.4200,227.0110,0.000067
FILLER_53_458,VSS,Metal1,264.9330,226.8980,0.000067
FILLER_53_419,VSS,Metal1,241.6400,227.3600,0.000064
FILLER_53_403,VSS,Metal1,236.2720,226.8120,0.000064
FILLER_53_352,VSS,Metal1,204.4000,227.3600,0.000062
FILLER_53_341,VSS,Metal1,197.9600,227.3600,0.000060
FILLER_53_337,VSS,Metal1,196.1800,227.0110,0.000060
FILLER_53_300,VSS,Metal1,175.0000,227.3600,0.000059
FILLER_53_254,VSS,Metal1,149.7000,227.0110,0.000059
FILLER_53_150,VSS,Metal1,91.2800,227.3600,0.000053
FILLER_53_128,VSS,Metal1,79.1400,227.0110,0.000052
FILLER_53_120,VSS,Metal1,75.6530,226.8980,0.000052
FILLER_53_104,VSS,Metal1,68.8320,226.8120,0.000052
FILLER_53_72,VSS,Metal1,55.3240,226.7620,0.000051
FILLER_53_66,VSS,Metal1,44.4200,227.0110,0.000051
FILLER_53_2,VSS,Metal1,25.0445,226.7220,0.000051
FILLER_52_667,VSS,Metal1,380.8000,219.5200,0.000052
FILLER_52_617,VSS,Metal1,352.5200,219.5200,0.000050
FILLER_52_613,VSS,Metal1,350.7400,219.8685,0.000049
FILLER_52_597,VSS,Metal1,344.9120,220.0680,0.000048
FILLER_52_581,VSS,Metal1,332.6400,219.5200,0.000048
FILLER_52_577,VSS,Metal1,330.5800,219.8685,0.000048
FILLER_52_569,VSS,Metal1,327.0930,219.9815,0.000048
FILLER_52_553,VSS,Metal1,320.2720,220.0680,0.000048
FILLER_52_539,VSS,Metal1,309.1200,219.5200,0.000048
FILLER_52_535,VSS,Metal1,307.0600,219.8685,0.000048
FILLER_52_527,VSS,Metal1,303.5730,219.9815,0.000048
FILLER_52_524,VSS,Metal1,300.4400,219.5200,0.000048
FILLER_52_520,VSS,Metal1,298.6600,219.8685,0.000048
FILLER_52_505,VSS,Metal1,289.8000,219.5200,0.000048
FILLER_52_501,VSS,Metal1,288.0200,219.8685,0.000048
FILLER_52_493,VSS,Metal1,284.5330,219.9815,0.000048
FILLER_52_447,VSS,Metal1,258.7730,219.9815,0.000046
FILLER_52_441,VSS,Metal1,254.2400,219.5200,0.000044
FILLER_52_437,VSS,Metal1,252.1800,219.8685,0.000044
FILLER_52_429,VSS,Metal1,248.6930,219.9815,0.000043
FILLER_52_423,VSS,Metal1,243.8800,219.5200,0.000043
FILLER_52_415,VSS,Metal1,240.8530,219.9815,0.000042
FILLER_52_408,VSS,Metal1,235.4800,219.5200,0.000042
FILLER_52_406,VSS,Metal1,234.6400,219.5200,0.000042
FILLER_52_400,VSS,Metal1,231.0000,219.5200,0.000041
FILLER_52_392,VSS,Metal1,227.9730,219.9815,0.000041
FILLER_52_383,VSS,Metal1,221.7600,219.5200,0.000041
FILLER_52_379,VSS,Metal1,219.7000,219.8685,0.000041
FILLER_52_313,VSS,Metal1,182.5600,219.5200,0.000037
FILLER_52_306,VSS,Metal1,178.3600,219.5200,0.000037
FILLER_52_304,VSS,Metal1,177.5200,219.5200,0.000037
FILLER_52_296,VSS,Metal1,174.2130,219.9815,0.000037
FILLER_52_244,VSS,Metal1,143.6400,219.5200,0.000034
FILLER_52_210,VSS,Metal1,125.0600,219.8685,0.000033
FILLER_52_187,VSS,Metal1,112.0000,219.5200,0.000030
FILLER_52_174,VSS,Metal1,104.4400,219.5200,0.000030
FILLER_52_172,VSS,Metal1,103.6000,219.5200,0.000030
FILLER_52_168,VSS,Metal1,101.5400,219.8685,0.000030
FILLER_52_127,VSS,Metal1,78.4000,219.5200,0.000028
FILLER_52_123,VSS,Metal1,76.3400,219.8685,0.000028
FILLER_52_107,VSS,Metal1,70.5120,220.0680,0.000028
FILLER_52_101,VSS,Metal1,64.0200,219.8685,0.000028
FILLER_52_37,VSS,Metal1,44.6445,220.1575,0.000028
FILLER_52_34,VSS,Metal1,26.0400,219.5200,0.000028
FILLER_52_2,VSS,Metal1,16.1240,220.1175,0.000028
FILLER_51_676,VSS,Metal1,385.5600,219.5200,0.000052
FILLER_51_615,VSS,Metal1,351.4000,219.5200,0.000049
FILLER_51_613,VSS,Metal1,350.5600,219.5200,0.000049
FILLER_51_605,VSS,Metal1,347.2530,219.0580,0.000048
FILLER_51_574,VSS,Metal1,328.7200,219.5200,0.000048
FILLER_51_570,VSS,Metal1,326.6600,219.1710,0.000048
FILLER_51_562,VSS,Metal1,323.1730,219.0580,0.000048
FILLER_51_558,VSS,Metal1,319.7600,219.5200,0.000048
FILLER_51_542,VSS,Metal1,314.1120,218.9720,0.000048
FILLER_51_537,VSS,Metal1,307.7200,219.5200,0.000048
FILLER_51_524,VSS,Metal1,300.9000,219.1710,0.000048
FILLER_51_492,VSS,Metal1,290.5240,218.9220,0.000048
FILLER_51_480,VSS,Metal1,276.0800,219.5200,0.000047
FILLER_51_463,VSS,Metal1,266.2800,219.5200,0.000047
FILLER_51_453,VSS,Metal1,260.9600,219.5200,0.000046
FILLER_51_430,VSS,Metal1,248.0800,219.5200,0.000043
FILLER_51_422,VSS,Metal1,244.7730,219.0580,0.000043
FILLER_51_418,VSS,Metal1,241.3600,219.5200,0.000042
FILLER_51_392,VSS,Metal1,226.9800,219.1710,0.000041
FILLER_51_384,VSS,Metal1,223.4930,219.0580,0.000041
FILLER_51_352,VSS,Metal1,212.1240,218.9220,0.000041
FILLER_51_342,VSS,Metal1,199.9730,219.0580,0.000038
FILLER_51_327,VSS,Metal1,190.1200,219.5200,0.000038
FILLER_51_323,VSS,Metal1,188.3400,219.1710,0.000038
FILLER_51_314,VSS,Metal1,182.8400,219.5200,0.000037
FILLER_51_310,VSS,Metal1,181.0600,219.1710,0.000037
FILLER_51_294,VSS,Metal1,175.2320,218.9720,0.000037
FILLER_51_288,VSS,Metal1,168.2800,219.5200,0.000036
FILLER_51_276,VSS,Metal1,162.0200,219.1710,0.000035
FILLER_51_182,VSS,Metal1,109.2000,219.5200,0.000030
FILLER_51_174,VSS,Metal1,105.8930,219.0580,0.000030
FILLER_51_154,VSS,Metal1,93.2400,219.5200,0.000028
FILLER_51_150,VSS,Metal1,91.4600,219.1710,0.000028
FILLER_51_142,VSS,Metal1,87.9730,219.0580,0.000028
FILLER_51_136,VSS,Metal1,83.6200,219.1710,0.000028
FILLER_51_72,VSS,Metal1,64.2445,218.8820,0.000028
FILLER_51_66,VSS,Metal1,44.4200,219.1710,0.000028
FILLER_51_2,VSS,Metal1,25.0445,218.8820,0.000028
FILLER_50_675,VSS,Metal1,385.2800,211.6800,0.000067
FILLER_50_613,VSS,Metal1,350.2800,211.6800,0.000066
FILLER_50_609,VSS,Metal1,348.5000,212.0285,0.000066
FILLER_50_594,VSS,Metal1,339.6400,211.6800,0.000065
FILLER_50_574,VSS,Metal1,328.7200,211.6800,0.000065
FILLER_50_565,VSS,Metal1,323.4000,211.6800,0.000065
FILLER_50_544,VSS,Metal1,311.6400,211.6800,0.000065
FILLER_50_517,VSS,Metal1,297.9730,212.1415,0.000065
FILLER_50_501,VSS,Metal1,291.1520,212.2280,0.000064
FILLER_50_457,VSS,Metal1,263.3800,212.0285,0.000063
FILLER_50_438,VSS,Metal1,252.2800,211.6800,0.000063
FILLER_50_426,VSS,Metal1,246.0200,212.0285,0.000062
FILLER_50_409,VSS,Metal1,236.0400,211.6800,0.000056
FILLER_50_407,VSS,Metal1,235.2000,211.6800,0.000056
FILLER_50_375,VSS,Metal1,217.2800,211.6800,0.000053
FILLER_50_367,VSS,Metal1,213.9730,212.1415,0.000053
FILLER_50_346,VSS,Metal1,201.0400,211.6800,0.000051
FILLER_50_330,VSS,Metal1,195.3920,212.2280,0.000051
FILLER_50_317,VSS,Metal1,184.5200,211.6800,0.000048
FILLER_50_300,VSS,Metal1,175.0000,211.6800,0.000046
FILLER_50_298,VSS,Metal1,174.1600,211.6800,0.000046
FILLER_50_275,VSS,Metal1,161.0000,211.6800,0.000046
FILLER_50_273,VSS,Metal1,160.1600,211.6800,0.000046
FILLER_50_266,VSS,Metal1,155.9600,211.6800,0.000045
FILLER_50_264,VSS,Metal1,155.1200,211.6800,0.000045
FILLER_50_247,VSS,Metal1,145.3200,211.6800,0.000044
FILLER_50_186,VSS,Metal1,112.6130,212.1415,0.000037
FILLER_50_181,VSS,Metal1,108.3600,211.6800,0.000037
FILLER_50_177,VSS,Metal1,106.5800,212.0285,0.000037
FILLER_50_147,VSS,Metal1,89.6000,211.6800,0.000034
FILLER_50_139,VSS,Metal1,86.2930,212.1415,0.000034
FILLER_50_107,VSS,Metal1,74.9240,212.2775,0.000034
FILLER_50_101,VSS,Metal1,64.0200,212.0285,0.000033
FILLER_50_37,VSS,Metal1,44.6445,212.3175,0.000033
FILLER_50_34,VSS,Metal1,26.0400,211.6800,0.000033
FILLER_50_2,VSS,Metal1,16.1240,212.2775,0.000033
FILLER_49_632,VSS,Metal1,360.9200,211.6800,0.000067
FILLER_49_629,VSS,Metal1,359.2400,211.6800,0.000067
FILLER_49_605,VSS,Metal1,345.8000,211.6800,0.000066
FILLER_49_603,VSS,Metal1,344.9600,211.6800,0.000066
FILLER_49_598,VSS,Metal1,341.8800,211.6800,0.000066
FILLER_49_596,VSS,Metal1,341.0400,211.6800,0.000066
FILLER_49_588,VSS,Metal1,337.7330,211.2180,0.000065
FILLER_49_566,VSS,Metal1,323.9600,211.6800,0.000065
FILLER_49_562,VSS,Metal1,322.1800,211.3310,0.000065
FILLER_49_508,VSS,Metal1,292.9330,211.2180,0.000064
FILLER_49_489,VSS,Metal1,280.8400,211.6800,0.000064
FILLER_49_475,VSS,Metal1,273.0000,211.6800,0.000064
FILLER_49_466,VSS,Metal1,267.9600,211.6800,0.000064
FILLER_49_464,VSS,Metal1,267.1200,211.6800,0.000064
FILLER_49_419,VSS,Metal1,241.6400,211.6800,0.000056
FILLER_49_394,VSS,Metal1,227.6400,211.6800,0.000055
FILLER_49_370,VSS,Metal1,215.6530,211.2180,0.000053
FILLER_49_306,VSS,Metal1,178.3600,211.6800,0.000046
FILLER_49_271,VSS,Metal1,158.7600,211.6800,0.000045
FILLER_49_269,VSS,Metal1,157.9200,211.6800,0.000045
FILLER_49_212,VSS,Metal1,125.7200,211.6800,0.000043
FILLER_49_154,VSS,Metal1,93.5200,211.6800,0.000034
FILLER_49_150,VSS,Metal1,91.4600,211.3310,0.000034
FILLER_49_142,VSS,Metal1,87.9730,211.2180,0.000034
FILLER_49_132,VSS,Metal1,80.9200,211.6800,0.000034
FILLER_49_128,VSS,Metal1,79.1400,211.3310,0.000034
FILLER_49_120,VSS,Metal1,75.6530,211.2180,0.000034
FILLER_49_104,VSS,Metal1,68.8320,211.1320,0.000034
FILLER_49_72,VSS,Metal1,55.3240,211.0820,0.000033
FILLER_49_66,VSS,Metal1,44.4200,211.3310,0.000033
FILLER_49_2,VSS,Metal1,25.0445,211.0420,0.000033
FILLER_48_675,VSS,Metal1,385.2800,203.8400,0.000078
FILLER_48_594,VSS,Metal1,339.6400,203.8400,0.000074
FILLER_48_590,VSS,Metal1,337.8600,204.1885,0.000073
FILLER_48_582,VSS,Metal1,334.3730,204.3015,0.000071
FILLER_48_544,VSS,Metal1,311.6400,203.8400,0.000071
FILLER_48_537,VSS,Metal1,307.7200,203.8400,0.000071
FILLER_48_524,VSS,Metal1,300.4400,203.8400,0.000071
FILLER_48_514,VSS,Metal1,295.1200,203.8400,0.000071
FILLER_48_474,VSS,Metal1,272.4400,203.8400,0.000070
FILLER_48_465,VSS,Metal1,267.8600,204.1885,0.000070
FILLER_48_457,VSS,Metal1,264.3730,204.3015,0.000069
FILLER_48_453,VSS,Metal1,260.9600,203.8400,0.000069
FILLER_48_395,VSS,Metal1,228.6600,204.1885,0.000065
FILLER_48_384,VSS,Metal1,222.0400,203.8400,0.000063
FILLER_48_329,VSS,Metal1,191.2400,203.8400,0.000061
FILLER_48_327,VSS,Metal1,190.4000,203.8400,0.000061
FILLER_48_317,VSS,Metal1,184.8000,203.8400,0.000061
FILLER_48_311,VSS,Metal1,181.6200,204.1885,0.000061
FILLER_48_274,VSS,Metal1,160.4400,203.8400,0.000060
FILLER_48_249,VSS,Metal1,146.4400,203.8400,0.000060
FILLER_48_247,VSS,Metal1,145.6000,203.8400,0.000060
FILLER_48_238,VSS,Metal1,140.2800,203.8400,0.000060
FILLER_48_183,VSS,Metal1,109.4800,203.8400,0.000058
FILLER_48_181,VSS,Metal1,108.6400,203.8400,0.000058
FILLER_48_177,VSS,Metal1,106.5800,204.1885,0.000058
FILLER_48_171,VSS,Metal1,103.2200,204.1885,0.000058
FILLER_48_159,VSS,Metal1,96.0400,203.8400,0.000055
FILLER_48_155,VSS,Metal1,94.2600,204.1885,0.000055
FILLER_48_139,VSS,Metal1,88.4320,204.3880,0.000055
FILLER_48_107,VSS,Metal1,74.9240,204.4375,0.000054
FILLER_48_101,VSS,Metal1,64.0200,204.1885,0.000054
FILLER_48_37,VSS,Metal1,44.6445,204.4775,0.000054
FILLER_48_34,VSS,Metal1,26.0400,203.8400,0.000054
FILLER_48_2,VSS,Metal1,16.1240,204.4375,0.000054
FILLER_47_676,VSS,Metal1,385.5600,203.8400,0.000078
FILLER_47_632,VSS,Metal1,360.9200,203.8400,0.000078
FILLER_47_607,VSS,Metal1,346.9200,203.8400,0.000074
FILLER_47_605,VSS,Metal1,346.0800,203.8400,0.000074
FILLER_47_592,VSS,Metal1,338.5200,203.8400,0.000073
FILLER_47_582,VSS,Metal1,333.2000,203.8400,0.000071
FILLER_47_578,VSS,Metal1,331.1400,203.4910,0.000071
FILLER_47_562,VSS,Metal1,325.3120,203.2920,0.000071
FILLER_47_559,VSS,Metal1,320.0400,203.8400,0.000071
FILLER_47_553,VSS,Metal1,316.6800,203.8400,0.000071
FILLER_47_551,VSS,Metal1,315.8400,203.8400,0.000071
FILLER_47_547,VSS,Metal1,313.7800,203.4910,0.000071
FILLER_47_539,VSS,Metal1,309.1200,203.8400,0.000071
FILLER_47_473,VSS,Metal1,271.8800,203.8400,0.000070
FILLER_47_466,VSS,Metal1,267.9600,203.8400,0.000070
FILLER_47_464,VSS,Metal1,267.1200,203.8400,0.000069
FILLER_47_447,VSS,Metal1,257.3200,203.8400,0.000068
FILLER_47_445,VSS,Metal1,256.4800,203.8400,0.000068
FILLER_47_436,VSS,Metal1,251.1600,203.8400,0.000067
FILLER_47_434,VSS,Metal1,250.3200,203.8400,0.000067
FILLER_47_430,VSS,Metal1,248.2600,203.4910,0.000067
FILLER_47_422,VSS,Metal1,244.7730,203.3780,0.000067
FILLER_47_419,VSS,Metal1,241.6400,203.8400,0.000067
FILLER_47_417,VSS,Metal1,240.8000,203.8400,0.000067
FILLER_47_409,VSS,Metal1,237.4930,203.3780,0.000067
FILLER_47_391,VSS,Metal1,227.4130,203.3780,0.000065
FILLER_47_385,VSS,Metal1,222.6000,203.8400,0.000063
FILLER_47_366,VSS,Metal1,212.2400,203.8400,0.000062
FILLER_47_362,VSS,Metal1,210.1800,203.4910,0.000062
FILLER_47_352,VSS,Metal1,204.5800,203.4910,0.000062
FILLER_47_349,VSS,Metal1,202.4400,203.8400,0.000062
FILLER_47_347,VSS,Metal1,201.6000,203.8400,0.000062
FILLER_47_339,VSS,Metal1,198.2930,203.3780,0.000061
FILLER_47_203,VSS,Metal1,120.6800,203.8400,0.000058
FILLER_47_201,VSS,Metal1,119.8400,203.8400,0.000058
FILLER_47_197,VSS,Metal1,117.7800,203.4910,0.000058
FILLER_47_165,VSS,Metal1,107.4040,203.2420,0.000058
FILLER_47_158,VSS,Metal1,95.7600,203.8400,0.000055
FILLER_47_142,VSS,Metal1,90.1120,203.2920,0.000055
FILLER_47_136,VSS,Metal1,83.6200,203.4910,0.000054
FILLER_47_72,VSS,Metal1,64.2445,203.2020,0.000054
FILLER_47_66,VSS,Metal1,44.4200,203.4910,0.000054
FILLER_47_2,VSS,Metal1,25.0445,203.2020,0.000054
FILLER_46_667,VSS,Metal1,380.8000,196.0000,0.000066
FILLER_46_651,VSS,Metal1,371.5600,196.0000,0.000066
FILLER_46_649,VSS,Metal1,370.7200,196.0000,0.000066
FILLER_46_597,VSS,Metal1,341.6000,196.0000,0.000059
FILLER_46_594,VSS,Metal1,339.6400,196.0000,0.000059
FILLER_46_590,VSS,Metal1,337.8600,196.3485,0.000059
FILLER_46_581,VSS,Metal1,332.3600,196.0000,0.000058
FILLER_46_579,VSS,Metal1,331.5200,196.0000,0.000058
FILLER_46_575,VSS,Metal1,329.4600,196.3485,0.000058
FILLER_46_559,VSS,Metal1,323.6320,196.5480,0.000058
FILLER_46_527,VSS,Metal1,310.1240,196.5975,0.000059
FILLER_46_524,VSS,Metal1,300.4400,196.0000,0.000059
FILLER_46_481,VSS,Metal1,276.3600,196.0000,0.000058
FILLER_46_464,VSS,Metal1,266.8400,196.0000,0.000058
FILLER_46_457,VSS,Metal1,263.2000,196.0000,0.000058
FILLER_46_454,VSS,Metal1,261.2400,196.0000,0.000058
FILLER_46_452,VSS,Metal1,260.4000,196.0000,0.000058
FILLER_46_443,VSS,Metal1,255.0800,196.0000,0.000058
FILLER_46_441,VSS,Metal1,254.2400,196.0000,0.000058
FILLER_46_437,VSS,Metal1,252.1800,196.3485,0.000058
FILLER_46_429,VSS,Metal1,248.6930,196.4615,0.000058
FILLER_46_413,VSS,Metal1,241.8720,196.5480,0.000057
FILLER_46_403,VSS,Metal1,233.1400,196.3485,0.000057
FILLER_46_387,VSS,Metal1,227.3120,196.5480,0.000057
FILLER_46_383,VSS,Metal1,221.7600,196.0000,0.000057
FILLER_46_338,VSS,Metal1,196.2800,196.0000,0.000056
FILLER_46_334,VSS,Metal1,194.5000,196.3485,0.000055
FILLER_46_326,VSS,Metal1,191.0130,196.4615,0.000055
FILLER_46_317,VSS,Metal1,184.5200,196.0000,0.000054
FILLER_46_306,VSS,Metal1,178.3600,196.0000,0.000053
FILLER_46_298,VSS,Metal1,175.3330,196.4615,0.000053
FILLER_46_291,VSS,Metal1,169.9600,196.0000,0.000054
FILLER_46_244,VSS,Metal1,143.6400,196.0000,0.000054
FILLER_46_219,VSS,Metal1,129.6400,196.0000,0.000054
FILLER_46_207,VSS,Metal1,123.2000,196.0000,0.000054
FILLER_46_199,VSS,Metal1,119.8930,196.4615,0.000054
FILLER_46_193,VSS,Metal1,115.0800,196.0000,0.000054
FILLER_46_177,VSS,Metal1,109.7120,196.5480,0.000054
FILLER_46_145,VSS,Metal1,88.2000,196.0000,0.000051
FILLER_46_143,VSS,Metal1,87.3600,196.0000,0.000051
FILLER_46_107,VSS,Metal1,67.2000,196.0000,0.000051
FILLER_46_101,VSS,Metal1,64.0200,196.3485,0.000051
FILLER_46_37,VSS,Metal1,44.6445,196.6375,0.000050
FILLER_46_34,VSS,Metal1,26.0400,196.0000,0.000050
FILLER_46_2,VSS,Metal1,16.1240,196.5975,0.000050
FILLER_45_668,VSS,Metal1,381.0800,196.0000,0.000066
FILLER_45_632,VSS,Metal1,361.2000,196.0000,0.000066
FILLER_45_599,VSS,Metal1,342.4400,196.0000,0.000060
FILLER_45_585,VSS,Metal1,334.6000,196.0000,0.000058
FILLER_45_583,VSS,Metal1,333.7600,196.0000,0.000058
FILLER_45_575,VSS,Metal1,330.4530,195.5380,0.000058
FILLER_45_559,VSS,Metal1,320.0400,196.0000,0.000058
FILLER_45_557,VSS,Metal1,319.2000,196.0000,0.000059
FILLER_45_549,VSS,Metal1,315.8930,195.5380,0.000059
FILLER_45_542,VSS,Metal1,310.5200,196.0000,0.000059
FILLER_45_504,VSS,Metal1,289.5200,196.0000,0.000059
FILLER_45_500,VSS,Metal1,287.4600,195.6510,0.000059
FILLER_45_480,VSS,Metal1,276.0800,196.0000,0.000058
FILLER_45_430,VSS,Metal1,247.8000,196.0000,0.000058
FILLER_45_419,VSS,Metal1,241.6400,196.0000,0.000057
FILLER_45_411,VSS,Metal1,237.4400,196.0000,0.000057
FILLER_45_407,VSS,Metal1,235.3800,195.6510,0.000057
FILLER_45_399,VSS,Metal1,231.8930,195.5380,0.000057
FILLER_45_391,VSS,Metal1,226.2400,196.0000,0.000057
FILLER_45_383,VSS,Metal1,222.9330,195.5380,0.000057
FILLER_45_374,VSS,Metal1,216.7200,196.0000,0.000056
FILLER_45_370,VSS,Metal1,214.6600,195.6510,0.000056
FILLER_45_362,VSS,Metal1,211.1730,195.5380,0.000056
FILLER_45_346,VSS,Metal1,201.2200,195.6510,0.000056
FILLER_45_338,VSS,Metal1,197.7330,195.5380,0.000056
FILLER_45_322,VSS,Metal1,190.9120,195.4520,0.000055
FILLER_45_313,VSS,Metal1,182.2800,196.0000,0.000053
FILLER_45_311,VSS,Metal1,181.4400,196.0000,0.000053
FILLER_45_307,VSS,Metal1,179.3800,195.6510,0.000053
FILLER_45_299,VSS,Metal1,175.8930,195.5380,0.000053
FILLER_45_282,VSS,Metal1,164.9200,196.0000,0.000054
FILLER_45_266,VSS,Metal1,157.4130,195.5380,0.000054
FILLER_45_212,VSS,Metal1,126.0000,196.0000,0.000054
FILLER_45_209,VSS,Metal1,124.0400,196.0000,0.000054
FILLER_45_207,VSS,Metal1,123.2000,196.0000,0.000054
FILLER_45_199,VSS,Metal1,119.8930,195.5380,0.000054
FILLER_45_190,VSS,Metal1,113.4000,196.0000,0.000054
FILLER_45_186,VSS,Metal1,111.6200,195.6510,0.000054
FILLER_45_96,VSS,Metal1,61.0400,196.0000,0.000050
FILLER_45_88,VSS,Metal1,57.7330,195.5380,0.000050
FILLER_45_72,VSS,Metal1,50.9120,195.4520,0.000050
FILLER_45_66,VSS,Metal1,44.4200,195.6510,0.000050
FILLER_45_2,VSS,Metal1,25.0445,195.3620,0.000050
FILLER_44_667,VSS,Metal1,380.8000,188.1600,0.000060
FILLER_44_597,VSS,Metal1,341.7800,188.5085,0.000059
FILLER_44_594,VSS,Metal1,339.6400,188.1600,0.000059
FILLER_44_553,VSS,Metal1,316.6800,188.1600,0.000060
FILLER_44_551,VSS,Metal1,315.8400,188.1600,0.000060
FILLER_44_546,VSS,Metal1,312.7600,188.1600,0.000060
FILLER_44_544,VSS,Metal1,311.9200,188.1600,0.000060
FILLER_44_540,VSS,Metal1,309.8600,188.5085,0.000060
FILLER_44_524,VSS,Metal1,300.4400,188.1600,0.000061
FILLER_44_507,VSS,Metal1,290.9200,188.1600,0.000061
FILLER_44_505,VSS,Metal1,290.0800,188.1600,0.000061
FILLER_44_501,VSS,Metal1,288.0200,188.5085,0.000061
FILLER_44_370,VSS,Metal1,214.4800,188.1600,0.000059
FILLER_44_354,VSS,Metal1,208.8320,188.7080,0.000058
FILLER_44_345,VSS,Metal1,200.2000,188.1600,0.000057
FILLER_44_329,VSS,Metal1,194.8320,188.7080,0.000057
FILLER_44_311,VSS,Metal1,181.6200,188.5085,0.000056
FILLER_44_295,VSS,Metal1,175.7920,188.7080,0.000056
FILLER_44_272,VSS,Metal1,159.3200,188.1600,0.000056
FILLER_44_270,VSS,Metal1,158.4800,188.1600,0.000056
FILLER_44_266,VSS,Metal1,156.4200,188.5085,0.000056
FILLER_44_258,VSS,Metal1,152.9330,188.6215,0.000056
FILLER_44_249,VSS,Metal1,146.4400,188.1600,0.000056
FILLER_44_247,VSS,Metal1,145.6000,188.1600,0.000056
FILLER_44_222,VSS,Metal1,131.3200,188.1600,0.000056
FILLER_44_190,VSS,Metal1,113.4000,188.1600,0.000056
FILLER_44_182,VSS,Metal1,110.3730,188.6215,0.000056
FILLER_44_177,VSS,Metal1,106.1200,188.1600,0.000056
FILLER_44_173,VSS,Metal1,104.1600,188.1600,0.000056
FILLER_44_169,VSS,Metal1,102.1000,188.5085,0.000056
FILLER_44_111,VSS,Metal1,69.4400,188.1600,0.000047
FILLER_44_107,VSS,Metal1,67.3800,188.5085,0.000047
FILLER_44_101,VSS,Metal1,64.0200,188.5085,0.000047
FILLER_44_37,VSS,Metal1,44.6445,188.7975,0.000046
FILLER_44_34,VSS,Metal1,26.0400,188.1600,0.000046
FILLER_44_2,VSS,Metal1,16.1240,188.7575,0.000046
FILLER_43_675,VSS,Metal1,385.2800,188.1600,0.000060
FILLER_43_634,VSS,Metal1,362.0400,188.1600,0.000059
FILLER_43_632,VSS,Metal1,361.2000,188.1600,0.000059
FILLER_43_568,VSS,Metal1,325.3600,188.1600,0.000059
FILLER_43_543,VSS,Metal1,311.0800,188.1600,0.000060
FILLER_43_541,VSS,Metal1,310.2400,188.1600,0.000060
FILLER_43_537,VSS,Metal1,308.1800,187.8110,0.000060
FILLER_43_529,VSS,Metal1,304.6930,187.6980,0.000060
FILLER_43_492,VSS,Metal1,282.5200,188.1600,0.000061
FILLER_43_482,VSS,Metal1,277.2000,188.1600,0.000061
FILLER_43_418,VSS,Metal1,241.3600,188.1600,0.000060
FILLER_43_410,VSS,Metal1,238.0530,187.6980,0.000060
FILLER_43_398,VSS,Metal1,230.1600,188.1600,0.000060
FILLER_43_372,VSS,Metal1,215.6000,188.1600,0.000060
FILLER_43_368,VSS,Metal1,213.5400,187.8110,0.000059
FILLER_43_352,VSS,Metal1,207.7120,187.6120,0.000058
FILLER_43_349,VSS,Metal1,202.4400,188.1600,0.000057
FILLER_43_347,VSS,Metal1,201.6000,188.1600,0.000057
FILLER_43_331,VSS,Metal1,195.9520,187.6120,0.000057
FILLER_43_303,VSS,Metal1,176.6800,188.1600,0.000056
FILLER_43_301,VSS,Metal1,175.8400,188.1600,0.000056
FILLER_43_294,VSS,Metal1,171.6400,188.1600,0.000056
FILLER_43_267,VSS,Metal1,156.5200,188.1600,0.000056
FILLER_43_263,VSS,Metal1,154.7400,187.8110,0.000056
FILLER_43_220,VSS,Metal1,130.4800,188.1600,0.000056
FILLER_43_209,VSS,Metal1,124.0400,188.1600,0.000056
FILLER_43_207,VSS,Metal1,123.2000,188.1600,0.000056
FILLER_43_194,VSS,Metal1,115.6400,188.1600,0.000056
FILLER_43_151,VSS,Metal1,91.8400,188.1600,0.000054
FILLER_43_147,VSS,Metal1,89.7800,187.8110,0.000053
FILLER_43_142,VSS,Metal1,86.5200,188.1600,0.000053
FILLER_43_139,VSS,Metal1,84.8400,188.1600,0.000053
FILLER_43_135,VSS,Metal1,83.0600,187.8110,0.000053
FILLER_43_112,VSS,Metal1,70.1800,187.8110,0.000048
FILLER_43_104,VSS,Metal1,66.6930,187.6980,0.000047
FILLER_43_72,VSS,Metal1,55.3240,187.5620,0.000046
FILLER_43_66,VSS,Metal1,44.4200,187.8110,0.000046
FILLER_43_2,VSS,Metal1,25.0445,187.5220,0.000046
FILLER_42_667,VSS,Metal1,380.8000,180.3200,0.000061
FILLER_42_643,VSS,Metal1,367.3600,180.3200,0.000061
FILLER_42_597,VSS,Metal1,341.7800,180.6685,0.000060
FILLER_42_571,VSS,Metal1,327.0400,180.3200,0.000060
FILLER_42_562,VSS,Metal1,322.1800,180.6685,0.000060
FILLER_42_554,VSS,Metal1,318.6930,180.7815,0.000060
FILLER_42_535,VSS,Metal1,306.6000,180.3200,0.000060
FILLER_42_527,VSS,Metal1,303.5730,180.7815,0.000060
FILLER_42_523,VSS,Metal1,300.1600,180.3200,0.000060
FILLER_42_501,VSS,Metal1,287.5600,180.3200,0.000060
FILLER_42_492,VSS,Metal1,282.5200,180.3200,0.000060
FILLER_42_490,VSS,Metal1,281.6800,180.3200,0.000060
FILLER_42_480,VSS,Metal1,276.2600,180.6685,0.000060
FILLER_42_463,VSS,Metal1,266.2800,180.3200,0.000060
FILLER_42_454,VSS,Metal1,261.2400,180.3200,0.000060
FILLER_42_452,VSS,Metal1,260.4000,180.3200,0.000060
FILLER_42_430,VSS,Metal1,247.8000,180.3200,0.000059
FILLER_42_377,VSS,Metal1,219.5730,180.7815,0.000057
FILLER_42_361,VSS,Metal1,212.7520,180.8680,0.000056
FILLER_42_329,VSS,Metal1,199.2440,180.9175,0.000056
FILLER_42_313,VSS,Metal1,182.5600,180.3200,0.000055
FILLER_42_307,VSS,Metal1,178.9200,180.3200,0.000055
FILLER_42_247,VSS,Metal1,145.3200,180.3200,0.000055
FILLER_42_217,VSS,Metal1,128.5200,180.3200,0.000053
FILLER_42_181,VSS,Metal1,108.3600,180.3200,0.000053
FILLER_42_177,VSS,Metal1,106.5800,180.6685,0.000052
FILLER_42_174,VSS,Metal1,104.4400,180.3200,0.000052
FILLER_42_172,VSS,Metal1,103.6000,180.3200,0.000052
FILLER_42_168,VSS,Metal1,101.5400,180.6685,0.000052
FILLER_42_160,VSS,Metal1,98.0530,180.7815,0.000052
FILLER_42_128,VSS,Metal1,86.6840,180.9175,0.000052
FILLER_42_115,VSS,Metal1,71.8600,180.6685,0.000033
FILLER_42_107,VSS,Metal1,68.3730,180.7815,0.000031
FILLER_42_101,VSS,Metal1,64.0200,180.6685,0.000030
FILLER_42_37,VSS,Metal1,44.6445,180.9575,0.000030
FILLER_42_34,VSS,Metal1,26.0400,180.3200,0.000030
FILLER_42_2,VSS,Metal1,16.1240,180.9175,0.000030
FILLER_41_632,VSS,Metal1,361.2000,180.3200,0.000061
FILLER_41_578,VSS,Metal1,330.9600,180.3200,0.000060
FILLER_41_562,VSS,Metal1,325.3120,179.7720,0.000060
FILLER_41_552,VSS,Metal1,317.5730,179.8580,0.000060
FILLER_41_546,VSS,Metal1,312.7600,180.3200,0.000060
FILLER_41_530,VSS,Metal1,304.0800,180.3200,0.000060
FILLER_41_522,VSS,Metal1,300.7730,179.8580,0.000060
FILLER_41_516,VSS,Metal1,295.9600,180.3200,0.000060
FILLER_41_512,VSS,Metal1,294.1800,179.9710,0.000060
FILLER_41_504,VSS,Metal1,290.6930,179.8580,0.000060
FILLER_41_486,VSS,Metal1,279.6200,179.9710,0.000060
FILLER_41_449,VSS,Metal1,258.4400,180.3200,0.000060
FILLER_41_424,VSS,Metal1,244.4400,180.3200,0.000059
FILLER_41_422,VSS,Metal1,243.6000,180.3200,0.000059
FILLER_41_416,VSS,Metal1,240.4200,179.9710,0.000059
FILLER_41_387,VSS,Metal1,223.7200,180.3200,0.000057
FILLER_41_383,VSS,Metal1,221.9400,179.9710,0.000057
FILLER_41_367,VSS,Metal1,216.1120,179.7720,0.000057
FILLER_41_336,VSS,Metal1,195.6200,179.9710,0.000056
FILLER_41_328,VSS,Metal1,192.1330,179.8580,0.000056
FILLER_41_317,VSS,Metal1,184.5200,180.3200,0.000056
FILLER_41_301,VSS,Metal1,179.1520,179.7720,0.000055
FILLER_41_284,VSS,Metal1,166.0400,180.3200,0.000055
FILLER_41_282,VSS,Metal1,165.2000,180.3200,0.000055
FILLER_41_263,VSS,Metal1,154.2800,180.3200,0.000055
FILLER_41_259,VSS,Metal1,152.5000,179.9710,0.000055
FILLER_41_251,VSS,Metal1,149.0130,179.8580,0.000055
FILLER_41_233,VSS,Metal1,137.4800,180.3200,0.000053
FILLER_41_229,VSS,Metal1,135.7000,179.9710,0.000053
FILLER_41_209,VSS,Metal1,124.0400,180.3200,0.000053
FILLER_41_190,VSS,Metal1,113.4000,180.3200,0.000053
FILLER_41_188,VSS,Metal1,112.5600,180.3200,0.000053
FILLER_41_180,VSS,Metal1,109.2530,179.8580,0.000053
FILLER_41_148,VSS,Metal1,97.8840,179.7220,0.000052
FILLER_41_139,VSS,Metal1,84.8400,180.3200,0.000052
FILLER_41_127,VSS,Metal1,78.5800,179.9710,0.000052
FILLER_41_108,VSS,Metal1,67.4800,180.3200,0.000031
FILLER_41_104,VSS,Metal1,65.7000,179.9710,0.000031
FILLER_41_72,VSS,Metal1,55.3240,179.7220,0.000030
FILLER_41_66,VSS,Metal1,44.4200,179.9710,0.000030
FILLER_41_2,VSS,Metal1,25.0445,179.6820,0.000030
FILLER_40_675,VSS,Metal1,385.2800,172.4800,0.000039
FILLER_40_664,VSS,Metal1,378.8400,172.4800,0.000039
FILLER_40_662,VSS,Metal1,378.0000,172.4800,0.000039
FILLER_40_658,VSS,Metal1,375.9400,172.8285,0.000039
FILLER_40_649,VSS,Metal1,370.4400,172.4800,0.000039
FILLER_40_647,VSS,Metal1,369.6000,172.4800,0.000039
FILLER_40_578,VSS,Metal1,330.6800,172.4800,0.000038
FILLER_40_576,VSS,Metal1,329.8400,172.4800,0.000038
FILLER_40_527,VSS,Metal1,302.1200,172.4800,0.000039
FILLER_40_523,VSS,Metal1,300.1600,172.4800,0.000039
FILLER_40_519,VSS,Metal1,298.1000,172.8285,0.000039
FILLER_40_511,VSS,Metal1,294.6130,172.9415,0.000039
FILLER_40_465,VSS,Metal1,267.8600,172.8285,0.000038
FILLER_40_454,VSS,Metal1,261.2400,172.4800,0.000038
FILLER_40_452,VSS,Metal1,260.4000,172.4800,0.000038
FILLER_40_443,VSS,Metal1,255.0800,172.4800,0.000037
FILLER_40_439,VSS,Metal1,253.3000,172.8285,0.000037
FILLER_40_419,VSS,Metal1,241.9200,172.4800,0.000031
FILLER_40_387,VSS,Metal1,231.7240,173.0775,0.000031
FILLER_40_384,VSS,Metal1,222.0400,172.4800,0.000031
FILLER_40_376,VSS,Metal1,219.0130,172.9415,0.000031
FILLER_40_360,VSS,Metal1,209.0600,172.8285,0.000030
FILLER_40_330,VSS,Metal1,193.2530,172.9415,0.000029
FILLER_40_325,VSS,Metal1,189.0000,172.4800,0.000028
FILLER_40_317,VSS,Metal1,185.9730,172.9415,0.000028
FILLER_40_314,VSS,Metal1,182.8400,172.4800,0.000028
FILLER_40_298,VSS,Metal1,177.4720,173.0280,0.000027
FILLER_40_280,VSS,Metal1,164.0800,172.4800,0.000027
FILLER_40_271,VSS,Metal1,158.7600,172.4800,0.000027
FILLER_40_263,VSS,Metal1,155.7330,172.9415,0.000027
FILLER_40_247,VSS,Metal1,148.9120,173.0280,0.000027
FILLER_40_243,VSS,Metal1,143.3600,172.4800,0.000026
FILLER_40_222,VSS,Metal1,134.9120,173.0280,0.000026
FILLER_40_217,VSS,Metal1,128.5200,172.4800,0.000026
FILLER_40_215,VSS,Metal1,127.6800,172.4800,0.000026
FILLER_40_207,VSS,Metal1,124.3730,172.9415,0.000026
FILLER_40_196,VSS,Metal1,116.7600,172.4800,0.000026
FILLER_40_194,VSS,Metal1,115.9200,172.4800,0.000026
FILLER_40_190,VSS,Metal1,113.8600,172.8285,0.000026
FILLER_40_177,VSS,Metal1,106.1200,172.4800,0.000026
FILLER_40_174,VSS,Metal1,104.4400,172.4800,0.000026
FILLER_40_172,VSS,Metal1,103.6000,172.4800,0.000026
FILLER_40_168,VSS,Metal1,101.5400,172.8285,0.000026
FILLER_40_162,VSS,Metal1,97.7200,172.4800,0.000026
FILLER_40_158,VSS,Metal1,95.9400,172.8285,0.000026
FILLER_40_150,VSS,Metal1,92.4530,172.9415,0.000025
FILLER_40_125,VSS,Metal1,77.0000,172.4800,0.000025
FILLER_40_107,VSS,Metal1,67.2000,172.4800,0.000024
FILLER_40_101,VSS,Metal1,64.0200,172.8285,0.000024
FILLER_40_37,VSS,Metal1,44.6445,173.1175,0.000024
FILLER_40_34,VSS,Metal1,26.0400,172.4800,0.000024
FILLER_40_2,VSS,Metal1,16.1240,173.0775,0.000024
FILLER_39_629,VSS,Metal1,359.2400,172.4800,0.000039
FILLER_39_605,VSS,Metal1,345.8000,172.4800,0.000039
FILLER_39_587,VSS,Metal1,336.0000,172.4800,0.000038
FILLER_39_562,VSS,Metal1,321.7200,172.4800,0.000039
FILLER_39_559,VSS,Metal1,320.0400,172.4800,0.000039
FILLER_39_557,VSS,Metal1,319.2000,172.4800,0.000039
FILLER_39_553,VSS,Metal1,317.1400,172.1310,0.000039
FILLER_39_545,VSS,Metal1,313.6530,172.0180,0.000039
FILLER_39_508,VSS,Metal1,291.4800,172.4800,0.000038
FILLER_39_506,VSS,Metal1,290.6400,172.4800,0.000038
FILLER_39_502,VSS,Metal1,288.5800,172.1310,0.000038
FILLER_39_483,VSS,Metal1,277.4800,172.4800,0.000038
FILLER_39_446,VSS,Metal1,256.7600,172.4800,0.000037
FILLER_39_438,VSS,Metal1,253.7330,172.0180,0.000037
FILLER_39_422,VSS,Metal1,246.9120,171.9320,0.000032
FILLER_39_412,VSS,Metal1,239.1730,172.0180,0.000031
FILLER_39_398,VSS,Metal1,230.3400,172.1310,0.000031
FILLER_39_390,VSS,Metal1,226.8530,172.0180,0.000031
FILLER_39_374,VSS,Metal1,220.0320,171.9320,0.000031
FILLER_39_349,VSS,Metal1,202.4400,172.4800,0.000030
FILLER_39_330,VSS,Metal1,191.8000,172.4800,0.000029
FILLER_39_328,VSS,Metal1,190.9600,172.4800,0.000029
FILLER_39_324,VSS,Metal1,188.9000,172.1310,0.000028
FILLER_39_312,VSS,Metal1,182.0000,172.4800,0.000027
FILLER_39_308,VSS,Metal1,179.9400,172.1310,0.000027
FILLER_39_292,VSS,Metal1,174.1120,171.9320,0.000027
FILLER_39_282,VSS,Metal1,165.2000,172.4800,0.000027
FILLER_39_274,VSS,Metal1,160.4400,172.4800,0.000027
FILLER_39_272,VSS,Metal1,159.6000,172.4800,0.000027
FILLER_39_268,VSS,Metal1,157.5400,172.1310,0.000027
FILLER_39_260,VSS,Metal1,154.0530,172.0180,0.000027
FILLER_39_212,VSS,Metal1,133.7240,171.8820,0.000026
FILLER_39_208,VSS,Metal1,123.7600,172.4800,0.000026
FILLER_39_192,VSS,Metal1,118.1120,171.9320,0.000026
FILLER_39_154,VSS,Metal1,93.5200,172.4800,0.000025
FILLER_39_150,VSS,Metal1,91.4600,172.1310,0.000025
FILLER_39_139,VSS,Metal1,84.8400,172.4800,0.000025
FILLER_39_122,VSS,Metal1,75.3200,172.4800,0.000024
FILLER_39_120,VSS,Metal1,74.4800,172.4800,0.000024
FILLER_39_84,VSS,Metal1,54.3200,172.4800,0.000024
FILLER_39_80,VSS,Metal1,52.2600,172.1310,0.000024
FILLER_39_72,VSS,Metal1,48.7730,172.0180,0.000024
FILLER_39_66,VSS,Metal1,44.4200,172.1310,0.000024
FILLER_39_2,VSS,Metal1,25.0445,171.8420,0.000024
FILLER_38_667,VSS,Metal1,380.8000,164.6400,0.000062
FILLER_38_661,VSS,Metal1,377.6200,164.9885,0.000062
FILLER_38_593,VSS,Metal1,339.3600,164.6400,0.000060
FILLER_38_551,VSS,Metal1,315.5600,164.6400,0.000060
FILLER_38_549,VSS,Metal1,314.7200,164.6400,0.000060
FILLER_38_541,VSS,Metal1,311.4130,165.1015,0.000059
FILLER_38_524,VSS,Metal1,300.4400,164.6400,0.000059
FILLER_38_522,VSS,Metal1,299.6000,164.6400,0.000059
FILLER_38_518,VSS,Metal1,297.5400,164.9885,0.000059
FILLER_38_476,VSS,Metal1,273.5600,164.6400,0.000057
FILLER_38_465,VSS,Metal1,267.4000,164.6400,0.000057
FILLER_38_448,VSS,Metal1,258.1600,164.6400,0.000056
FILLER_38_440,VSS,Metal1,254.8530,165.1015,0.000056
FILLER_38_431,VSS,Metal1,248.3600,164.6400,0.000056
FILLER_38_427,VSS,Metal1,246.5800,164.9885,0.000056
FILLER_38_395,VSS,Metal1,228.6600,164.9885,0.000055
FILLER_38_387,VSS,Metal1,225.1730,165.1015,0.000055
FILLER_38_373,VSS,Metal1,216.3400,164.9885,0.000051
FILLER_38_365,VSS,Metal1,212.8530,165.1015,0.000050
FILLER_38_331,VSS,Metal1,192.8200,164.9885,0.000048
FILLER_38_313,VSS,Metal1,182.5600,164.6400,0.000046
FILLER_38_267,VSS,Metal1,164.5240,165.2375,0.000046
FILLER_38_243,VSS,Metal1,143.3600,164.6400,0.000045
FILLER_38_227,VSS,Metal1,137.7120,165.1880,0.000045
FILLER_38_213,VSS,Metal1,126.5600,164.6400,0.000044
FILLER_38_209,VSS,Metal1,124.5000,164.9885,0.000044
FILLER_38_201,VSS,Metal1,119.8400,164.6400,0.000043
FILLER_38_197,VSS,Metal1,117.7800,164.9885,0.000043
FILLER_38_189,VSS,Metal1,114.2930,165.1015,0.000043
FILLER_38_181,VSS,Metal1,108.6400,164.6400,0.000042
FILLER_38_171,VSS,Metal1,103.2200,164.9885,0.000042
FILLER_38_152,VSS,Metal1,92.4000,164.6400,0.000040
FILLER_38_148,VSS,Metal1,90.3400,164.9885,0.000040
FILLER_38_101,VSS,Metal1,64.0200,164.9885,0.000039
FILLER_38_37,VSS,Metal1,44.6445,165.2775,0.000038
FILLER_38_34,VSS,Metal1,26.0400,164.6400,0.000038
FILLER_38_2,VSS,Metal1,16.1240,165.2375,0.000038
FILLER_37_632,VSS,Metal1,360.9200,164.6400,0.000062
FILLER_37_570,VSS,Metal1,326.2000,164.6400,0.000060
FILLER_37_542,VSS,Metal1,310.8000,164.6400,0.000059
FILLER_37_525,VSS,Metal1,301.0000,164.6400,0.000059
FILLER_37_523,VSS,Metal1,300.1600,164.6400,0.000059
FILLER_37_514,VSS,Metal1,294.8400,164.6400,0.000059
FILLER_37_512,VSS,Metal1,294.0000,164.6400,0.000059
FILLER_37_508,VSS,Metal1,291.9400,164.2910,0.000059
FILLER_37_500,VSS,Metal1,288.4530,164.1780,0.000059
FILLER_37_476,VSS,Metal1,273.5600,164.6400,0.000057
FILLER_37_474,VSS,Metal1,272.7200,164.6400,0.000057
FILLER_37_458,VSS,Metal1,267.0720,164.0920,0.000057
FILLER_37_418,VSS,Metal1,241.3600,164.6400,0.000056
FILLER_37_389,VSS,Metal1,224.8400,164.6400,0.000055
FILLER_37_387,VSS,Metal1,224.0000,164.6400,0.000055
FILLER_37_352,VSS,Metal1,204.5800,164.2910,0.000049
FILLER_37_342,VSS,Metal1,198.5200,164.6400,0.000049
FILLER_37_334,VSS,Metal1,195.4930,164.1780,0.000049
FILLER_37_292,VSS,Metal1,170.5200,164.6400,0.000046
FILLER_37_290,VSS,Metal1,169.6800,164.6400,0.000046
FILLER_37_286,VSS,Metal1,167.6200,164.2910,0.000046
FILLER_37_279,VSS,Metal1,163.2400,164.6400,0.000046
FILLER_37_277,VSS,Metal1,162.4000,164.6400,0.000046
FILLER_37_269,VSS,Metal1,159.0930,164.1780,0.000046
FILLER_37_229,VSS,Metal1,136.6930,164.1780,0.000045
FILLER_37_212,VSS,Metal1,126.1800,164.2910,0.000044
FILLER_37_208,VSS,Metal1,123.7600,164.6400,0.000044
FILLER_37_203,VSS,Metal1,120.6800,164.6400,0.000044
FILLER_37_201,VSS,Metal1,119.8400,164.6400,0.000043
FILLER_37_192,VSS,Metal1,114.5200,164.6400,0.000043
FILLER_37_190,VSS,Metal1,113.6800,164.6400,0.000043
FILLER_37_186,VSS,Metal1,111.6200,164.2910,0.000043
FILLER_37_178,VSS,Metal1,108.1330,164.1780,0.000042
FILLER_37_146,VSS,Metal1,88.7600,164.6400,0.000040
FILLER_37_142,VSS,Metal1,86.9800,164.2910,0.000040
FILLER_37_138,VSS,Metal1,84.5600,164.6400,0.000040
FILLER_37_134,VSS,Metal1,82.5000,164.2910,0.000040
FILLER_37_104,VSS,Metal1,66.6930,164.1780,0.000039
FILLER_37_72,VSS,Metal1,55.3240,164.0420,0.000038
FILLER_37_66,VSS,Metal1,44.4200,164.2910,0.000038
FILLER_37_2,VSS,Metal1,25.0445,164.0020,0.000038
FILLER_36_667,VSS,Metal1,380.8000,156.8000,0.000077
FILLER_36_624,VSS,Metal1,356.4400,156.8000,0.000075
FILLER_36_611,VSS,Metal1,349.1600,156.8000,0.000075
FILLER_36_588,VSS,Metal1,336.5600,156.8000,0.000075
FILLER_36_579,VSS,Metal1,331.2400,156.8000,0.000076
FILLER_36_493,VSS,Metal1,291.0840,157.3975,0.000082
FILLER_36_485,VSS,Metal1,278.6000,156.8000,0.000083
FILLER_36_481,VSS,Metal1,276.8200,157.1485,0.000083
FILLER_36_473,VSS,Metal1,273.3330,157.2615,0.000084
FILLER_36_457,VSS,Metal1,266.5120,157.3480,0.000084
FILLER_36_454,VSS,Metal1,261.2400,156.8000,0.000084
FILLER_36_450,VSS,Metal1,259.4600,157.1485,0.000084
FILLER_36_397,VSS,Metal1,229.6000,156.8000,0.000085
FILLER_36_393,VSS,Metal1,227.5400,157.1485,0.000085
FILLER_36_387,VSS,Metal1,224.0000,156.8000,0.000085
FILLER_36_384,VSS,Metal1,222.0400,156.8000,0.000085
FILLER_36_382,VSS,Metal1,221.2000,156.8000,0.000085
FILLER_36_378,VSS,Metal1,219.1400,157.1485,0.000085
FILLER_36_364,VSS,Metal1,211.3000,157.1485,0.000069
FILLER_36_357,VSS,Metal1,207.2000,156.8000,0.000066
FILLER_36_353,VSS,Metal1,205.1400,157.1485,0.000066
FILLER_36_337,VSS,Metal1,199.3120,157.3480,0.000065
FILLER_36_329,VSS,Metal1,191.5200,156.8000,0.000065
FILLER_36_313,VSS,Metal1,182.5600,156.8000,0.000064
FILLER_36_309,VSS,Metal1,180.5000,157.1485,0.000064
FILLER_36_302,VSS,Metal1,176.1200,156.8000,0.000064
FILLER_36_300,VSS,Metal1,175.2800,156.8000,0.000063
FILLER_36_264,VSS,Metal1,155.1200,156.8000,0.000062
FILLER_36_247,VSS,Metal1,145.3200,156.8000,0.000062
FILLER_36_199,VSS,Metal1,118.4400,156.8000,0.000057
FILLER_36_197,VSS,Metal1,117.6000,156.8000,0.000057
FILLER_36_193,VSS,Metal1,115.5400,157.1485,0.000056
FILLER_36_177,VSS,Metal1,109.7120,157.3480,0.000056
FILLER_36_174,VSS,Metal1,104.4400,156.8000,0.000055
FILLER_36_172,VSS,Metal1,103.6000,156.8000,0.000055
FILLER_36_168,VSS,Metal1,101.5400,157.1485,0.000055
FILLER_36_151,VSS,Metal1,91.8400,156.8000,0.000055
FILLER_36_147,VSS,Metal1,89.7800,157.1485,0.000055
FILLER_36_139,VSS,Metal1,86.2930,157.2615,0.000055
FILLER_36_107,VSS,Metal1,68.3730,157.2615,0.000052
FILLER_36_103,VSS,Metal1,64.9600,156.8000,0.000052
FILLER_36_97,VSS,Metal1,61.6000,156.8000,0.000052
FILLER_36_93,VSS,Metal1,59.5400,157.1485,0.000052
FILLER_36_85,VSS,Metal1,56.0530,157.2615,0.000052
FILLER_36_69,VSS,Metal1,49.2320,157.3480,0.000051
FILLER_36_37,VSS,Metal1,35.7240,157.3975,0.000050
FILLER_36_34,VSS,Metal1,26.0400,156.8000,0.000050
FILLER_36_2,VSS,Metal1,16.1240,157.3975,0.000050
FILLER_35_632,VSS,Metal1,360.9200,156.8000,0.000076
FILLER_35_592,VSS,Metal1,338.8000,156.8000,0.000075
FILLER_35_588,VSS,Metal1,336.7400,156.4510,0.000075
FILLER_35_578,VSS,Metal1,330.9600,156.8000,0.000076
FILLER_35_562,VSS,Metal1,322.1800,156.4510,0.000077
FILLER_35_548,VSS,Metal1,314.3400,156.4510,0.000081
FILLER_35_540,VSS,Metal1,310.8530,156.3380,0.000081
FILLER_35_524,VSS,Metal1,300.4400,156.8000,0.000082
FILLER_35_516,VSS,Metal1,297.4130,156.3380,0.000082
FILLER_35_500,VSS,Metal1,290.5920,156.2520,0.000082
FILLER_35_481,VSS,Metal1,276.3600,156.8000,0.000083
FILLER_35_479,VSS,Metal1,275.5200,156.8000,0.000084
FILLER_35_475,VSS,Metal1,273.4600,156.4510,0.000084
FILLER_35_467,VSS,Metal1,269.9730,156.3380,0.000084
FILLER_35_451,VSS,Metal1,263.1520,156.2520,0.000084
FILLER_35_438,VSS,Metal1,252.2800,156.8000,0.000084
FILLER_35_419,VSS,Metal1,241.6400,156.8000,0.000084
FILLER_35_417,VSS,Metal1,240.8000,156.8000,0.000085
FILLER_35_366,VSS,Metal1,211.9600,156.8000,0.000069
FILLER_35_364,VSS,Metal1,211.1200,156.8000,0.000069
FILLER_35_360,VSS,Metal1,209.0600,156.4510,0.000067
FILLER_35_352,VSS,Metal1,205.5730,156.3380,0.000066
FILLER_35_349,VSS,Metal1,202.4400,156.8000,0.000065
FILLER_35_341,VSS,Metal1,199.4130,156.3380,0.000065
FILLER_35_325,VSS,Metal1,192.5920,156.2520,0.000065
FILLER_35_318,VSS,Metal1,185.0800,156.8000,0.000065
FILLER_35_302,VSS,Metal1,179.7120,156.2520,0.000064
FILLER_35_290,VSS,Metal1,169.4000,156.8000,0.000063
FILLER_35_278,VSS,Metal1,162.9600,156.8000,0.000063
FILLER_35_270,VSS,Metal1,159.6530,156.3380,0.000063
FILLER_35_259,VSS,Metal1,152.0400,156.8000,0.000062
FILLER_35_233,VSS,Metal1,137.7600,156.8000,0.000060
FILLER_35_229,VSS,Metal1,135.7000,156.4510,0.000060
FILLER_35_194,VSS,Metal1,115.6400,156.8000,0.000056
FILLER_35_192,VSS,Metal1,114.8000,156.8000,0.000056
FILLER_35_164,VSS,Metal1,102.4320,156.2520,0.000055
FILLER_35_158,VSS,Metal1,95.4800,156.8000,0.000055
FILLER_35_142,VSS,Metal1,90.1120,156.2520,0.000055
FILLER_35_139,VSS,Metal1,84.8400,156.8000,0.000055
FILLER_35_137,VSS,Metal1,84.0000,156.8000,0.000055
FILLER_35_133,VSS,Metal1,81.9400,156.4510,0.000055
FILLER_35_128,VSS,Metal1,78.6800,156.8000,0.000052
FILLER_35_121,VSS,Metal1,74.7600,156.8000,0.000052
FILLER_35_86,VSS,Metal1,55.1600,156.8000,0.000052
FILLER_35_84,VSS,Metal1,54.3200,156.8000,0.000051
FILLER_35_80,VSS,Metal1,52.2600,156.4510,0.000051
FILLER_35_72,VSS,Metal1,48.7730,156.3380,0.000051
FILLER_35_66,VSS,Metal1,44.4200,156.4510,0.000050
FILLER_35_2,VSS,Metal1,25.0445,156.1620,0.000050
FILLER_34_667,VSS,Metal1,380.8000,148.9600,0.000033
FILLER_34_597,VSS,Metal1,341.6000,148.9600,0.000032
FILLER_34_594,VSS,Metal1,339.6400,148.9600,0.000032
FILLER_34_586,VSS,Metal1,336.6130,149.4215,0.000032
FILLER_34_552,VSS,Metal1,316.1200,148.9600,0.000032
FILLER_34_550,VSS,Metal1,315.2800,148.9600,0.000032
FILLER_34_541,VSS,Metal1,309.9600,148.9600,0.000032
FILLER_34_539,VSS,Metal1,309.1200,148.9600,0.000032
FILLER_34_535,VSS,Metal1,307.0600,149.3085,0.000032
FILLER_34_515,VSS,Metal1,295.8600,149.3085,0.000032
FILLER_34_507,VSS,Metal1,292.3730,149.4215,0.000032
FILLER_34_465,VSS,Metal1,270.9920,149.5080,0.000032
FILLER_34_457,VSS,Metal1,263.3800,149.3085,0.000032
FILLER_34_441,VSS,Metal1,253.9600,148.9600,0.000032
FILLER_34_437,VSS,Metal1,252.1800,149.3085,0.000032
FILLER_34_401,VSS,Metal1,231.5600,148.9600,0.000031
FILLER_34_399,VSS,Metal1,230.7200,148.9600,0.000031
FILLER_34_395,VSS,Metal1,228.6600,149.3085,0.000031
FILLER_34_387,VSS,Metal1,225.1730,149.4215,0.000031
FILLER_34_384,VSS,Metal1,222.0400,148.9600,0.000031
FILLER_34_376,VSS,Metal1,219.0130,149.4215,0.000031
FILLER_34_370,VSS,Metal1,214.2000,148.9600,0.000031
FILLER_34_362,VSS,Metal1,211.1730,149.4215,0.000031
FILLER_34_346,VSS,Metal1,204.3520,149.5080,0.000030
FILLER_34_339,VSS,Metal1,196.8400,148.9600,0.000029
FILLER_34_337,VSS,Metal1,196.0000,148.9600,0.000029
FILLER_34_333,VSS,Metal1,193.9400,149.3085,0.000029
FILLER_34_317,VSS,Metal1,188.1120,149.5080,0.000028
FILLER_34_313,VSS,Metal1,182.5600,148.9600,0.000027
FILLER_34_309,VSS,Metal1,180.5000,149.3085,0.000027
FILLER_34_300,VSS,Metal1,175.0000,148.9600,0.000027
FILLER_34_296,VSS,Metal1,173.2200,149.3085,0.000027
FILLER_34_264,VSS,Metal1,162.8440,149.5575,0.000027
FILLER_34_244,VSS,Metal1,143.6400,148.9600,0.000026
FILLER_34_242,VSS,Metal1,142.8000,148.9600,0.000026
FILLER_34_238,VSS,Metal1,140.7400,149.3085,0.000026
FILLER_34_222,VSS,Metal1,134.9120,149.5080,0.000026
FILLER_34_216,VSS,Metal1,127.9600,148.9600,0.000025
FILLER_34_202,VSS,Metal1,120.4000,148.9600,0.000025
FILLER_34_193,VSS,Metal1,115.3600,148.9600,0.000025
FILLER_34_177,VSS,Metal1,107.5730,149.4215,0.000025
FILLER_34_174,VSS,Metal1,104.4400,148.9600,0.000025
FILLER_34_172,VSS,Metal1,103.6000,148.9600,0.000025
FILLER_34_140,VSS,Metal1,93.4040,149.5575,0.000025
FILLER_34_107,VSS,Metal1,68.3730,149.4215,0.000024
FILLER_34_101,VSS,Metal1,64.0200,149.3085,0.000024
FILLER_34_37,VSS,Metal1,44.6445,149.5975,0.000023
FILLER_34_34,VSS,Metal1,26.0400,148.9600,0.000023
FILLER_34_2,VSS,Metal1,16.1240,149.5575,0.000023
FILLER_33_632,VSS,Metal1,360.9200,148.9600,0.000033
FILLER_33_621,VSS,Metal1,354.7600,148.9600,0.000033
FILLER_33_619,VSS,Metal1,353.9200,148.9600,0.000033
FILLER_33_602,VSS,Metal1,344.1200,148.9600,0.000032
FILLER_33_562,VSS,Metal1,322.1800,148.6110,0.000032
FILLER_33_547,VSS,Metal1,313.6000,148.9600,0.000032
FILLER_33_537,VSS,Metal1,308.1800,148.6110,0.000032
FILLER_33_529,VSS,Metal1,304.6930,148.4980,0.000032
FILLER_33_510,VSS,Metal1,292.6000,148.9600,0.000032
FILLER_33_502,VSS,Metal1,289.5730,148.4980,0.000032
FILLER_33_489,VSS,Metal1,280.8400,148.9600,0.000032
FILLER_33_480,VSS,Metal1,275.8000,148.9600,0.000032
FILLER_33_478,VSS,Metal1,274.9600,148.9600,0.000032
FILLER_33_474,VSS,Metal1,272.9000,148.6110,0.000032
FILLER_33_440,VSS,Metal1,253.6800,148.9600,0.000032
FILLER_33_422,VSS,Metal1,243.3200,148.9600,0.000032
FILLER_33_418,VSS,Metal1,241.3600,148.9600,0.000032
FILLER_33_410,VSS,Metal1,238.0530,148.4980,0.000032
FILLER_33_400,VSS,Metal1,231.2800,148.9600,0.000031
FILLER_33_375,VSS,Metal1,217.2800,148.9600,0.000031
FILLER_33_357,VSS,Metal1,207.2000,148.9600,0.000030
FILLER_33_346,VSS,Metal1,201.2200,148.6110,0.000030
FILLER_33_333,VSS,Metal1,193.4800,148.9600,0.000029
FILLER_33_331,VSS,Metal1,192.6400,148.9600,0.000028
FILLER_33_327,VSS,Metal1,190.5800,148.6110,0.000028
FILLER_33_319,VSS,Metal1,187.0930,148.4980,0.000028
FILLER_33_290,VSS,Metal1,169.6800,148.9600,0.000027
FILLER_33_282,VSS,Metal1,166.3730,148.4980,0.000027
FILLER_33_279,VSS,Metal1,163.2400,148.9600,0.000027
FILLER_33_275,VSS,Metal1,161.4600,148.6110,0.000027
FILLER_33_259,VSS,Metal1,155.6320,148.4120,0.000027
FILLER_33_245,VSS,Metal1,144.2000,148.9600,0.000026
FILLER_33_241,VSS,Metal1,142.4200,148.6110,0.000026
FILLER_33_233,VSS,Metal1,138.9330,148.4980,0.000026
FILLER_33_217,VSS,Metal1,132.1120,148.4120,0.000026
FILLER_33_204,VSS,Metal1,121.2400,148.9600,0.000025
FILLER_33_202,VSS,Metal1,120.4000,148.9600,0.000025
FILLER_33_198,VSS,Metal1,118.3400,148.6110,0.000025
FILLER_33_166,VSS,Metal1,107.9640,148.3620,0.000025
FILLER_33_160,VSS,Metal1,96.6000,148.9600,0.000025
FILLER_33_158,VSS,Metal1,95.7600,148.9600,0.000025
FILLER_33_154,VSS,Metal1,93.7000,148.6110,0.000025
FILLER_33_146,VSS,Metal1,90.2130,148.4980,0.000025
FILLER_33_139,VSS,Metal1,84.8400,148.9600,0.000024
FILLER_33_137,VSS,Metal1,84.0000,148.9600,0.000024
FILLER_33_112,VSS,Metal1,69.7200,148.9600,0.000024
FILLER_33_104,VSS,Metal1,66.6930,148.4980,0.000024
FILLER_33_72,VSS,Metal1,55.3240,148.3620,0.000023
FILLER_33_66,VSS,Metal1,44.4200,148.6110,0.000023
FILLER_33_2,VSS,Metal1,25.0445,148.3220,0.000023
FILLER_32_667,VSS,Metal1,380.8000,141.1200,0.000043
FILLER_32_653,VSS,Metal1,373.1400,141.4685,0.000043
FILLER_32_636,VSS,Metal1,363.1600,141.1200,0.000043
FILLER_32_605,VSS,Metal1,346.0800,141.1200,0.000041
FILLER_32_558,VSS,Metal1,319.4800,141.1200,0.000041
FILLER_32_527,VSS,Metal1,303.5730,141.5815,0.000041
FILLER_32_523,VSS,Metal1,300.1600,141.1200,0.000041
FILLER_32_519,VSS,Metal1,298.1000,141.4685,0.000041
FILLER_32_503,VSS,Metal1,292.2720,141.6680,0.000041
FILLER_32_485,VSS,Metal1,280.0530,141.5815,0.000041
FILLER_32_469,VSS,Metal1,273.2320,141.6680,0.000041
FILLER_32_444,VSS,Metal1,255.9200,141.1200,0.000040
FILLER_32_431,VSS,Metal1,248.8200,141.4685,0.000040
FILLER_32_395,VSS,Metal1,228.2000,141.1200,0.000039
FILLER_32_391,VSS,Metal1,226.4200,141.4685,0.000039
FILLER_32_384,VSS,Metal1,222.0400,141.1200,0.000039
FILLER_32_376,VSS,Metal1,219.0130,141.5815,0.000039
FILLER_32_336,VSS,Metal1,195.1600,141.1200,0.000036
FILLER_32_317,VSS,Metal1,184.5200,141.1200,0.000035
FILLER_32_314,VSS,Metal1,182.8400,141.1200,0.000035
FILLER_32_312,VSS,Metal1,182.0000,141.1200,0.000035
FILLER_32_283,VSS,Metal1,165.4800,141.1200,0.000034
FILLER_32_281,VSS,Metal1,164.6400,141.1200,0.000034
FILLER_32_265,VSS,Metal1,158.9920,141.6680,0.000034
FILLER_32_239,VSS,Metal1,140.8400,141.1200,0.000032
FILLER_32_237,VSS,Metal1,140.0000,141.1200,0.000032
FILLER_32_233,VSS,Metal1,137.9400,141.4685,0.000032
FILLER_32_225,VSS,Metal1,134.4530,141.5815,0.000032
FILLER_32_195,VSS,Metal1,116.2000,141.1200,0.000031
FILLER_32_193,VSS,Metal1,115.3600,141.1200,0.000030
FILLER_32_177,VSS,Metal1,109.7120,141.6680,0.000030
FILLER_32_153,VSS,Metal1,92.9600,141.1200,0.000029
FILLER_32_149,VSS,Metal1,90.9000,141.4685,0.000029
FILLER_32_141,VSS,Metal1,87.4130,141.5815,0.000029
FILLER_32_101,VSS,Metal1,64.0200,141.4685,0.000028
FILLER_32_37,VSS,Metal1,44.6445,141.7575,0.000028
FILLER_32_34,VSS,Metal1,26.0400,141.1200,0.000028
FILLER_32_2,VSS,Metal1,16.1240,141.7175,0.000028
FILLER_31_628,VSS,Metal1,358.9600,141.1200,0.000042
FILLER_31_608,VSS,Metal1,347.7600,141.1200,0.000041
FILLER_31_575,VSS,Metal1,329.2800,141.1200,0.000041
FILLER_31_556,VSS,Metal1,318.8200,140.7710,0.000041
FILLER_31_546,VSS,Metal1,312.7600,141.1200,0.000041
FILLER_31_511,VSS,Metal1,293.1600,141.1200,0.000041
FILLER_31_509,VSS,Metal1,292.3200,141.1200,0.000041
FILLER_31_505,VSS,Metal1,290.2600,140.7710,0.000041
FILLER_31_494,VSS,Metal1,283.6400,141.1200,0.000041
FILLER_31_492,VSS,Metal1,282.8000,141.1200,0.000041
FILLER_31_486,VSS,Metal1,279.6200,140.7710,0.000041
FILLER_31_470,VSS,Metal1,273.7920,140.5720,0.000041
FILLER_31_458,VSS,Metal1,263.7600,141.1200,0.000041
FILLER_31_454,VSS,Metal1,261.7000,140.7710,0.000041
FILLER_31_447,VSS,Metal1,257.6000,141.1200,0.000041
FILLER_31_443,VSS,Metal1,255.5400,140.7710,0.000040
FILLER_31_436,VSS,Metal1,251.1600,141.1200,0.000040
FILLER_31_434,VSS,Metal1,250.3200,141.1200,0.000040
FILLER_31_430,VSS,Metal1,248.2600,140.7710,0.000040
FILLER_31_418,VSS,Metal1,241.3600,141.1200,0.000039
FILLER_31_352,VSS,Metal1,204.5800,140.7710,0.000037
FILLER_31_349,VSS,Metal1,202.4400,141.1200,0.000037
FILLER_31_345,VSS,Metal1,200.6600,140.7710,0.000036
FILLER_31_288,VSS,Metal1,168.2800,141.1200,0.000034
FILLER_31_286,VSS,Metal1,167.4400,141.1200,0.000034
FILLER_31_282,VSS,Metal1,165.3800,140.7710,0.000034
FILLER_31_272,VSS,Metal1,160.7730,140.6580,0.000034
FILLER_31_231,VSS,Metal1,136.6400,141.1200,0.000032
FILLER_31_227,VSS,Metal1,134.5800,140.7710,0.000032
FILLER_31_191,VSS,Metal1,114.2400,141.1200,0.000030
FILLER_31_183,VSS,Metal1,110.9330,140.6580,0.000030
FILLER_31_148,VSS,Metal1,89.8800,141.1200,0.000029
FILLER_31_146,VSS,Metal1,89.0400,141.1200,0.000029
FILLER_31_142,VSS,Metal1,86.9800,140.7710,0.000029
FILLER_31_139,VSS,Metal1,84.8400,141.1200,0.000029
FILLER_31_135,VSS,Metal1,83.0600,140.7710,0.000029
FILLER_31_127,VSS,Metal1,79.5730,140.6580,0.000029
FILLER_31_120,VSS,Metal1,74.4800,141.1200,0.000029
FILLER_31_104,VSS,Metal1,68.8320,140.5720,0.000029
FILLER_31_72,VSS,Metal1,55.3240,140.5220,0.000028
FILLER_31_66,VSS,Metal1,44.4200,140.7710,0.000028
FILLER_31_2,VSS,Metal1,25.0445,140.4820,0.000028
FILLER_30_667,VSS,Metal1,380.8000,133.2800,0.000038
FILLER_30_621,VSS,Metal1,355.0400,133.2800,0.000037
FILLER_30_597,VSS,Metal1,341.3200,133.2800,0.000037
FILLER_30_591,VSS,Metal1,338.4200,133.6285,0.000037
FILLER_30_527,VSS,Metal1,319.0445,133.9175,0.000037
FILLER_30_524,VSS,Metal1,300.4400,133.2800,0.000037
FILLER_30_520,VSS,Metal1,298.6600,133.6285,0.000037
FILLER_30_504,VSS,Metal1,292.8320,133.8280,0.000037
FILLER_30_491,VSS,Metal1,281.9600,133.2800,0.000037
FILLER_30_489,VSS,Metal1,281.1200,133.2800,0.000037
FILLER_30_485,VSS,Metal1,279.0600,133.6285,0.000037
FILLER_30_477,VSS,Metal1,275.5730,133.7415,0.000037
FILLER_30_439,VSS,Metal1,256.4320,133.8280,0.000038
FILLER_30_389,VSS,Metal1,224.8400,133.2800,0.000037
FILLER_30_387,VSS,Metal1,224.0000,133.2800,0.000037
FILLER_30_379,VSS,Metal1,219.2400,133.2800,0.000037
FILLER_30_367,VSS,Metal1,212.5200,133.2800,0.000036
FILLER_30_342,VSS,Metal1,202.1120,133.8280,0.000036
FILLER_30_328,VSS,Metal1,191.1400,133.6285,0.000035
FILLER_30_296,VSS,Metal1,172.7600,133.2800,0.000033
FILLER_30_294,VSS,Metal1,171.9200,133.2800,0.000033
FILLER_30_257,VSS,Metal1,150.9200,133.2800,0.000033
FILLER_30_255,VSS,Metal1,150.0800,133.2800,0.000033
FILLER_30_236,VSS,Metal1,139.1600,133.2800,0.000033
FILLER_30_234,VSS,Metal1,138.3200,133.2800,0.000033
FILLER_30_226,VSS,Metal1,135.0130,133.7415,0.000033
FILLER_30_199,VSS,Metal1,118.4400,133.2800,0.000032
FILLER_30_197,VSS,Metal1,117.6000,133.2800,0.000032
FILLER_30_193,VSS,Metal1,115.5400,133.6285,0.000032
FILLER_30_177,VSS,Metal1,109.7120,133.8280,0.000032
FILLER_30_174,VSS,Metal1,104.4400,133.2800,0.000032
FILLER_30_152,VSS,Metal1,92.5800,133.6285,0.000031
FILLER_30_117,VSS,Metal1,72.5200,133.2800,0.000031
FILLER_30_115,VSS,Metal1,71.6800,133.2800,0.000031
FILLER_30_107,VSS,Metal1,68.3730,133.7415,0.000031
FILLER_30_101,VSS,Metal1,64.0200,133.6285,0.000031
FILLER_30_37,VSS,Metal1,44.6445,133.9175,0.000031
FILLER_30_34,VSS,Metal1,26.0400,133.2800,0.000031
FILLER_30_2,VSS,Metal1,16.1240,133.8775,0.000031
FILLER_29_640,VSS,Metal1,365.4000,133.2800,0.000038
FILLER_29_638,VSS,Metal1,364.5600,133.2800,0.000038
FILLER_29_629,VSS,Metal1,359.2400,133.2800,0.000038
FILLER_29_562,VSS,Metal1,329.7240,132.6820,0.000037
FILLER_29_559,VSS,Metal1,320.0400,133.2800,0.000037
FILLER_29_551,VSS,Metal1,317.0130,132.8180,0.000037
FILLER_29_538,VSS,Metal1,308.7400,132.9310,0.000037
FILLER_29_506,VSS,Metal1,298.3640,132.6820,0.000037
FILLER_29_500,VSS,Metal1,287.2800,133.2800,0.000037
FILLER_29_492,VSS,Metal1,283.9730,132.8180,0.000037
FILLER_29_489,VSS,Metal1,280.8400,133.2800,0.000037
FILLER_29_485,VSS,Metal1,279.0600,132.9310,0.000037
FILLER_29_456,VSS,Metal1,262.3600,133.2800,0.000038
FILLER_29_454,VSS,Metal1,261.5200,133.2800,0.000038
FILLER_29_450,VSS,Metal1,259.4600,132.9310,0.000038
FILLER_29_442,VSS,Metal1,255.9730,132.8180,0.000038
FILLER_29_414,VSS,Metal1,238.8400,133.2800,0.000037
FILLER_29_412,VSS,Metal1,238.0000,133.2800,0.000037
FILLER_29_399,VSS,Metal1,230.4400,133.2800,0.000037
FILLER_29_397,VSS,Metal1,229.6000,133.2800,0.000037
FILLER_29_372,VSS,Metal1,215.6000,133.2800,0.000036
FILLER_29_368,VSS,Metal1,213.5400,132.9310,0.000036
FILLER_29_352,VSS,Metal1,207.7120,132.7320,0.000036
FILLER_29_348,VSS,Metal1,202.1600,133.2800,0.000036
FILLER_29_344,VSS,Metal1,200.1000,132.9310,0.000036
FILLER_29_332,VSS,Metal1,193.2000,133.2800,0.000035
FILLER_29_316,VSS,Metal1,187.5520,132.7320,0.000035
FILLER_29_298,VSS,Metal1,174.1600,133.2800,0.000033
FILLER_29_290,VSS,Metal1,169.6800,133.2800,0.000033
FILLER_29_282,VSS,Metal1,166.3730,132.8180,0.000033
FILLER_29_279,VSS,Metal1,163.2400,133.2800,0.000033
FILLER_29_277,VSS,Metal1,162.4000,133.2800,0.000033
FILLER_29_273,VSS,Metal1,160.3400,132.9310,0.000033
FILLER_29_257,VSS,Metal1,154.5120,132.7320,0.000033
FILLER_29_250,VSS,Metal1,147.0000,133.2800,0.000033
FILLER_29_248,VSS,Metal1,146.1600,133.2800,0.000033
FILLER_29_203,VSS,Metal1,120.6800,133.2800,0.000032
FILLER_29_199,VSS,Metal1,118.9000,132.9310,0.000032
FILLER_29_162,VSS,Metal1,97.7200,133.2800,0.000031
FILLER_29_158,VSS,Metal1,95.9400,132.9310,0.000031
FILLER_29_142,VSS,Metal1,90.1120,132.7320,0.000031
FILLER_29_136,VSS,Metal1,83.6200,132.9310,0.000031
FILLER_29_72,VSS,Metal1,64.2445,132.6420,0.000031
FILLER_29_66,VSS,Metal1,44.4200,132.9310,0.000031
FILLER_29_2,VSS,Metal1,25.0445,132.6420,0.000031
FILLER_28_673,VSS,Metal1,384.3400,125.7885,0.000062
FILLER_28_663,VSS,Metal1,378.5600,125.4400,0.000062
FILLER_28_650,VSS,Metal1,371.0000,125.4400,0.000062
FILLER_28_633,VSS,Metal1,361.4800,125.4400,0.000061
FILLER_28_631,VSS,Metal1,360.6400,125.4400,0.000061
FILLER_28_597,VSS,Metal1,341.6000,125.4400,0.000060
FILLER_28_591,VSS,Metal1,338.4200,125.7885,0.000058
FILLER_28_557,VSS,Metal1,322.5120,125.9880,0.000058
FILLER_28_550,VSS,Metal1,315.0000,125.4400,0.000058
FILLER_28_539,VSS,Metal1,308.8400,125.4400,0.000058
FILLER_28_535,VSS,Metal1,307.0600,125.7885,0.000058
FILLER_28_527,VSS,Metal1,303.5730,125.9015,0.000058
FILLER_28_524,VSS,Metal1,300.4400,125.4400,0.000058
FILLER_28_520,VSS,Metal1,298.6600,125.7885,0.000059
FILLER_28_514,VSS,Metal1,294.8400,125.4400,0.000059
FILLER_28_510,VSS,Metal1,293.0600,125.7885,0.000059
FILLER_28_491,VSS,Metal1,281.9600,125.4400,0.000059
FILLER_28_475,VSS,Metal1,276.5920,125.9880,0.000059
FILLER_28_457,VSS,Metal1,263.2000,125.4400,0.000058
FILLER_28_454,VSS,Metal1,261.2400,125.4400,0.000058
FILLER_28_452,VSS,Metal1,260.4000,125.4400,0.000058
FILLER_28_444,VSS,Metal1,257.0930,125.9015,0.000058
FILLER_28_414,VSS,Metal1,239.1200,125.4400,0.000058
FILLER_28_410,VSS,Metal1,237.0600,125.7885,0.000058
FILLER_28_402,VSS,Metal1,233.5730,125.9015,0.000057
FILLER_28_373,VSS,Metal1,216.3400,125.7885,0.000056
FILLER_28_365,VSS,Metal1,212.8530,125.9015,0.000056
FILLER_28_349,VSS,Metal1,206.0320,125.9880,0.000056
FILLER_28_317,VSS,Metal1,192.5240,126.0375,0.000055
FILLER_28_313,VSS,Metal1,182.5600,125.4400,0.000055
FILLER_28_305,VSS,Metal1,179.2530,125.9015,0.000055
FILLER_28_290,VSS,Metal1,169.4000,125.4400,0.000057
FILLER_28_272,VSS,Metal1,159.7800,125.7885,0.000058
FILLER_28_255,VSS,Metal1,149.8000,125.4400,0.000058
FILLER_28_247,VSS,Metal1,146.7730,125.9015,0.000060
FILLER_28_221,VSS,Metal1,134.3520,125.9880,0.000060
FILLER_28_193,VSS,Metal1,115.3600,125.4400,0.000058
FILLER_28_177,VSS,Metal1,109.7120,125.9880,0.000058
FILLER_28_171,VSS,Metal1,103.2200,125.7885,0.000057
FILLER_28_107,VSS,Metal1,83.8445,126.0775,0.000057
FILLER_28_101,VSS,Metal1,64.0200,125.7885,0.000057
FILLER_28_37,VSS,Metal1,44.6445,126.0775,0.000057
FILLER_28_34,VSS,Metal1,26.0400,125.4400,0.000057
FILLER_28_2,VSS,Metal1,16.1240,126.0375,0.000057
FILLER_27_634,VSS,Metal1,362.0400,125.4400,0.000061
FILLER_27_632,VSS,Metal1,361.2000,125.4400,0.000061
FILLER_27_628,VSS,Metal1,358.9600,125.4400,0.000061
FILLER_27_618,VSS,Metal1,353.5400,125.0910,0.000060
FILLER_27_594,VSS,Metal1,339.6400,125.4400,0.000058
FILLER_27_592,VSS,Metal1,338.8000,125.4400,0.000058
FILLER_27_562,VSS,Metal1,321.7200,125.4400,0.000058
FILLER_27_528,VSS,Metal1,302.6800,125.4400,0.000058
FILLER_27_524,VSS,Metal1,300.9000,125.0910,0.000058
FILLER_27_482,VSS,Metal1,277.2000,125.4400,0.000059
FILLER_27_478,VSS,Metal1,275.1400,125.0910,0.000059
FILLER_27_456,VSS,Metal1,262.6400,125.4400,0.000058
FILLER_27_452,VSS,Metal1,260.5800,125.0910,0.000058
FILLER_27_436,VSS,Metal1,254.7520,124.8920,0.000058
FILLER_27_424,VSS,Metal1,244.4400,125.4400,0.000058
FILLER_27_422,VSS,Metal1,243.6000,125.4400,0.000058
FILLER_27_409,VSS,Metal1,236.0400,125.4400,0.000057
FILLER_27_405,VSS,Metal1,234.2600,125.0910,0.000057
FILLER_27_397,VSS,Metal1,230.7730,124.9780,0.000057
FILLER_27_376,VSS,Metal1,217.8400,125.4400,0.000056
FILLER_27_360,VSS,Metal1,212.1920,124.8920,0.000056
FILLER_27_334,VSS,Metal1,194.0400,125.4400,0.000055
FILLER_27_332,VSS,Metal1,193.2000,125.4400,0.000055
FILLER_27_324,VSS,Metal1,189.8930,124.9780,0.000055
FILLER_27_308,VSS,Metal1,183.0720,124.8920,0.000055
FILLER_27_282,VSS,Metal1,165.3800,125.0910,0.000057
FILLER_27_279,VSS,Metal1,163.2400,125.4400,0.000057
FILLER_27_277,VSS,Metal1,162.4000,125.4400,0.000058
FILLER_27_244,VSS,Metal1,143.6400,125.4400,0.000060
FILLER_27_242,VSS,Metal1,142.8000,125.4400,0.000060
FILLER_27_209,VSS,Metal1,124.0400,125.4400,0.000060
FILLER_27_207,VSS,Metal1,123.2000,125.4400,0.000060
FILLER_27_203,VSS,Metal1,121.1400,125.0910,0.000060
FILLER_27_194,VSS,Metal1,115.6400,125.4400,0.000058
FILLER_27_190,VSS,Metal1,113.8600,125.0910,0.000058
FILLER_27_174,VSS,Metal1,108.0320,124.8920,0.000058
FILLER_27_142,VSS,Metal1,94.5240,124.8420,0.000057
FILLER_27_136,VSS,Metal1,83.6200,125.0910,0.000057
FILLER_27_72,VSS,Metal1,64.2445,124.8020,0.000057
FILLER_27_66,VSS,Metal1,44.4200,125.0910,0.000057
FILLER_27_2,VSS,Metal1,25.0445,124.8020,0.000057
FILLER_26_667,VSS,Metal1,380.8000,117.6000,0.000048
FILLER_26_649,VSS,Metal1,370.9000,117.9485,0.000048
FILLER_26_624,VSS,Metal1,356.4400,117.6000,0.000047
FILLER_26_617,VSS,Metal1,352.5200,117.6000,0.000047
FILLER_26_609,VSS,Metal1,348.3200,117.6000,0.000047
FILLER_26_594,VSS,Metal1,339.6400,117.6000,0.000046
FILLER_26_533,VSS,Metal1,305.7600,117.6000,0.000048
FILLER_26_527,VSS,Metal1,302.1200,117.6000,0.000048
FILLER_26_513,VSS,Metal1,294.5600,117.6000,0.000048
FILLER_26_509,VSS,Metal1,292.5000,117.9485,0.000048
FILLER_26_490,VSS,Metal1,281.6800,117.6000,0.000047
FILLER_26_486,VSS,Metal1,279.6200,117.9485,0.000047
FILLER_26_473,VSS,Metal1,272.1600,117.6000,0.000047
FILLER_26_469,VSS,Metal1,270.1000,117.9485,0.000047
FILLER_26_457,VSS,Metal1,263.2000,117.6000,0.000046
FILLER_26_447,VSS,Metal1,258.7730,118.0615,0.000046
FILLER_26_440,VSS,Metal1,253.4000,117.6000,0.000045
FILLER_26_408,VSS,Metal1,243.4840,118.1975,0.000045
FILLER_26_387,VSS,Metal1,225.1730,118.0615,0.000044
FILLER_26_327,VSS,Metal1,190.1200,117.6000,0.000043
FILLER_26_325,VSS,Metal1,189.2800,117.6000,0.000043
FILLER_26_247,VSS,Metal1,145.7800,117.9485,0.000038
FILLER_26_238,VSS,Metal1,140.2800,117.6000,0.000037
FILLER_26_236,VSS,Metal1,139.4400,117.6000,0.000037
FILLER_26_232,VSS,Metal1,137.3800,117.9485,0.000037
FILLER_26_224,VSS,Metal1,133.8930,118.0615,0.000037
FILLER_26_215,VSS,Metal1,127.4000,117.6000,0.000035
FILLER_26_213,VSS,Metal1,126.5600,117.6000,0.000035
FILLER_26_209,VSS,Metal1,124.5000,117.9485,0.000034
FILLER_26_177,VSS,Metal1,114.1240,118.1975,0.000034
FILLER_26_171,VSS,Metal1,103.2200,117.9485,0.000034
FILLER_26_107,VSS,Metal1,83.8445,118.2375,0.000034
FILLER_26_101,VSS,Metal1,64.0200,117.9485,0.000034
FILLER_26_37,VSS,Metal1,44.6445,118.2375,0.000034
FILLER_26_34,VSS,Metal1,26.0400,117.6000,0.000034
FILLER_26_2,VSS,Metal1,16.1240,118.1975,0.000034
FILLER_25_668,VSS,Metal1,381.0800,117.6000,0.000048
FILLER_25_644,VSS,Metal1,367.9200,117.6000,0.000048
FILLER_25_629,VSS,Metal1,359.2400,117.6000,0.000047
FILLER_25_627,VSS,Metal1,358.4000,117.6000,0.000047
FILLER_25_569,VSS,Metal1,325.6400,117.6000,0.000046
FILLER_25_567,VSS,Metal1,324.8000,117.6000,0.000047
FILLER_25_549,VSS,Metal1,314.4400,117.6000,0.000048
FILLER_25_525,VSS,Metal1,301.0000,117.6000,0.000048
FILLER_25_523,VSS,Metal1,300.1600,117.6000,0.000048
FILLER_25_515,VSS,Metal1,296.8530,117.1380,0.000048
FILLER_25_492,VSS,Metal1,282.5200,117.6000,0.000047
FILLER_25_486,VSS,Metal1,279.6200,117.2510,0.000047
FILLER_25_470,VSS,Metal1,273.7920,117.0520,0.000047
FILLER_25_462,VSS,Metal1,266.0000,117.6000,0.000047
FILLER_25_454,VSS,Metal1,262.6930,117.1380,0.000046
FILLER_25_442,VSS,Metal1,254.9800,117.2510,0.000046
FILLER_25_430,VSS,Metal1,247.8000,117.6000,0.000045
FILLER_25_422,VSS,Metal1,244.7730,117.1380,0.000045
FILLER_25_414,VSS,Metal1,239.1200,117.6000,0.000045
FILLER_25_402,VSS,Metal1,232.5800,117.2510,0.000045
FILLER_25_390,VSS,Metal1,225.6800,117.6000,0.000044
FILLER_25_382,VSS,Metal1,222.3730,117.1380,0.000044
FILLER_25_374,VSS,Metal1,216.7200,117.6000,0.000044
FILLER_25_366,VSS,Metal1,213.4130,117.1380,0.000044
FILLER_25_324,VSS,Metal1,188.4400,117.6000,0.000043
FILLER_25_322,VSS,Metal1,187.6000,117.6000,0.000042
FILLER_25_220,VSS,Metal1,130.4800,117.6000,0.000035
FILLER_25_212,VSS,Metal1,127.1730,117.1380,0.000035
FILLER_25_206,VSS,Metal1,122.8200,117.2510,0.000034
FILLER_25_142,VSS,Metal1,103.4445,116.9620,0.000034
FILLER_25_136,VSS,Metal1,83.6200,117.2510,0.000034
FILLER_25_72,VSS,Metal1,64.2445,116.9620,0.000034
FILLER_25_66,VSS,Metal1,44.4200,117.2510,0.000034
FILLER_25_2,VSS,Metal1,25.0445,116.9620,0.000034
FILLER_24_675,VSS,Metal1,385.2800,109.7600,0.000037
FILLER_24_639,VSS,Metal1,364.8400,109.7600,0.000037
FILLER_24_612,VSS,Metal1,349.7200,109.7600,0.000036
FILLER_24_610,VSS,Metal1,348.8800,109.7600,0.000036
FILLER_24_593,VSS,Metal1,339.3600,109.7600,0.000036
FILLER_24_578,VSS,Metal1,330.9600,109.7600,0.000036
FILLER_24_562,VSS,Metal1,325.3120,110.3080,0.000036
FILLER_24_549,VSS,Metal1,314.4400,109.7600,0.000036
FILLER_24_547,VSS,Metal1,313.6000,109.7600,0.000036
FILLER_24_543,VSS,Metal1,311.5400,110.1085,0.000036
FILLER_24_527,VSS,Metal1,305.7120,110.3080,0.000036
FILLER_24_524,VSS,Metal1,300.4400,109.7600,0.000036
FILLER_24_522,VSS,Metal1,299.6000,109.7600,0.000036
FILLER_24_506,VSS,Metal1,293.9520,110.3080,0.000036
FILLER_24_474,VSS,Metal1,280.4440,110.3575,0.000036
FILLER_24_469,VSS,Metal1,269.6400,109.7600,0.000036
FILLER_24_465,VSS,Metal1,267.8600,110.1085,0.000035
FILLER_24_432,VSS,Metal1,248.9200,109.7600,0.000035
FILLER_24_430,VSS,Metal1,248.0800,109.7600,0.000035
FILLER_24_389,VSS,Metal1,224.8400,109.7600,0.000034
FILLER_24_387,VSS,Metal1,224.0000,109.7600,0.000034
FILLER_24_383,VSS,Metal1,221.7600,109.7600,0.000034
FILLER_24_371,VSS,Metal1,214.7600,109.7600,0.000034
FILLER_24_355,VSS,Metal1,209.3920,110.3080,0.000034
FILLER_24_349,VSS,Metal1,202.4400,109.7600,0.000034
FILLER_24_347,VSS,Metal1,201.6000,109.7600,0.000032
FILLER_24_343,VSS,Metal1,199.5400,110.1085,0.000032
FILLER_24_333,VSS,Metal1,193.9400,110.1085,0.000032
FILLER_24_317,VSS,Metal1,188.1120,110.3080,0.000031
FILLER_24_209,VSS,Metal1,124.3200,109.7600,0.000029
FILLER_24_177,VSS,Metal1,114.1240,110.3575,0.000029
FILLER_24_171,VSS,Metal1,103.2200,110.1085,0.000029
FILLER_24_107,VSS,Metal1,83.8445,110.3975,0.000029
FILLER_24_101,VSS,Metal1,64.0200,110.1085,0.000029
FILLER_24_37,VSS,Metal1,44.6445,110.3975,0.000029
FILLER_24_34,VSS,Metal1,26.0400,109.7600,0.000029
FILLER_24_2,VSS,Metal1,16.1240,110.3575,0.000029
FILLER_23_640,VSS,Metal1,365.4000,109.7600,0.000037
FILLER_23_638,VSS,Metal1,364.5600,109.7600,0.000037
FILLER_23_629,VSS,Metal1,359.2400,109.7600,0.000036
FILLER_23_604,VSS,Metal1,345.2400,109.7600,0.000036
FILLER_23_602,VSS,Metal1,344.4000,109.7600,0.000036
FILLER_23_584,VSS,Metal1,334.0400,109.7600,0.000036
FILLER_23_582,VSS,Metal1,333.2000,109.7600,0.000036
FILLER_23_578,VSS,Metal1,331.1400,109.4110,0.000036
FILLER_23_570,VSS,Metal1,327.6530,109.2980,0.000036
FILLER_23_544,VSS,Metal1,315.2320,109.2120,0.000036
FILLER_23_516,VSS,Metal1,296.2400,109.7600,0.000036
FILLER_23_508,VSS,Metal1,292.9330,109.2980,0.000036
FILLER_23_492,VSS,Metal1,286.1120,109.2120,0.000036
FILLER_23_488,VSS,Metal1,280.5600,109.7600,0.000036
FILLER_23_484,VSS,Metal1,278.5000,109.4110,0.000036
FILLER_23_479,VSS,Metal1,275.2400,109.7600,0.000036
FILLER_23_477,VSS,Metal1,274.4000,109.7600,0.000036
FILLER_23_462,VSS,Metal1,265.7200,109.7600,0.000035
FILLER_23_422,VSS,Metal1,244.7730,109.2980,0.000035
FILLER_23_418,VSS,Metal1,241.3600,109.7600,0.000035
FILLER_23_393,VSS,Metal1,228.5330,109.2980,0.000034
FILLER_23_368,VSS,Metal1,213.0800,109.7600,0.000034
FILLER_23_352,VSS,Metal1,207.7120,109.2120,0.000034
FILLER_23_349,VSS,Metal1,202.4400,109.7600,0.000034
FILLER_23_347,VSS,Metal1,201.6000,109.7600,0.000032
FILLER_23_334,VSS,Metal1,194.3200,109.7600,0.000032
FILLER_23_282,VSS,Metal1,165.2000,109.7600,0.000030
FILLER_23_260,VSS,Metal1,154.0530,109.2980,0.000030
FILLER_23_251,VSS,Metal1,147.5600,109.7600,0.000030
FILLER_23_249,VSS,Metal1,146.7200,109.7600,0.000030
FILLER_23_230,VSS,Metal1,135.8000,109.7600,0.000029
FILLER_23_228,VSS,Metal1,134.9600,109.7600,0.000029
FILLER_23_212,VSS,Metal1,129.3120,109.2120,0.000029
FILLER_23_206,VSS,Metal1,122.8200,109.4110,0.000029
FILLER_23_142,VSS,Metal1,103.4445,109.1220,0.000029
FILLER_23_136,VSS,Metal1,83.6200,109.4110,0.000029
FILLER_23_72,VSS,Metal1,64.2445,109.1220,0.000029
FILLER_23_66,VSS,Metal1,44.4200,109.4110,0.000029
FILLER_23_2,VSS,Metal1,25.0445,109.1220,0.000029
FILLER_22_664,VSS,Metal1,378.8400,101.9200,0.000048
FILLER_22_629,VSS,Metal1,359.2400,101.9200,0.000047
FILLER_22_627,VSS,Metal1,358.4000,101.9200,0.000047
FILLER_22_597,VSS,Metal1,341.6000,101.9200,0.000042
FILLER_22_589,VSS,Metal1,336.8400,101.9200,0.000042
FILLER_22_585,VSS,Metal1,335.0600,102.2685,0.000042
FILLER_22_577,VSS,Metal1,331.5730,102.3815,0.000042
FILLER_22_556,VSS,Metal1,318.6400,101.9200,0.000042
FILLER_22_552,VSS,Metal1,316.5800,102.2685,0.000042
FILLER_22_540,VSS,Metal1,309.4000,101.9200,0.000043
FILLER_22_536,VSS,Metal1,307.6200,102.2685,0.000043
FILLER_22_508,VSS,Metal1,291.7600,101.9200,0.000043
FILLER_22_504,VSS,Metal1,289.7000,102.2685,0.000043
FILLER_22_496,VSS,Metal1,286.2130,102.3815,0.000043
FILLER_22_477,VSS,Metal1,274.1200,101.9200,0.000044
FILLER_22_468,VSS,Metal1,269.0800,101.9200,0.000044
FILLER_22_466,VSS,Metal1,268.2400,101.9200,0.000044
FILLER_22_454,VSS,Metal1,261.2400,101.9200,0.000044
FILLER_22_452,VSS,Metal1,260.4000,101.9200,0.000044
FILLER_22_420,VSS,Metal1,245.7920,102.4680,0.000044
FILLER_22_409,VSS,Metal1,236.0400,101.9200,0.000042
FILLER_22_407,VSS,Metal1,235.2000,101.9200,0.000042
FILLER_22_399,VSS,Metal1,231.8930,102.3815,0.000042
FILLER_22_387,VSS,Metal1,224.1800,102.2685,0.000041
FILLER_22_351,VSS,Metal1,205.0130,102.3815,0.000040
FILLER_22_332,VSS,Metal1,192.9200,101.9200,0.000038
FILLER_22_330,VSS,Metal1,192.0800,101.9200,0.000038
FILLER_22_321,VSS,Metal1,186.7600,101.9200,0.000036
FILLER_22_317,VSS,Metal1,184.9800,102.2685,0.000036
FILLER_22_305,VSS,Metal1,178.0800,101.9200,0.000036
FILLER_22_301,VSS,Metal1,176.0200,102.2685,0.000036
FILLER_22_291,VSS,Metal1,170.2400,101.9200,0.000035
FILLER_22_282,VSS,Metal1,164.9200,101.9200,0.000035
FILLER_22_280,VSS,Metal1,164.0800,101.9200,0.000035
FILLER_22_271,VSS,Metal1,159.2200,102.2685,0.000035
FILLER_22_263,VSS,Metal1,155.7330,102.3815,0.000034
FILLER_22_247,VSS,Metal1,148.9120,102.4680,0.000034
FILLER_22_241,VSS,Metal1,142.4200,102.2685,0.000033
FILLER_22_177,VSS,Metal1,123.0445,102.5575,0.000033
FILLER_22_171,VSS,Metal1,103.2200,102.2685,0.000033
FILLER_22_107,VSS,Metal1,83.8445,102.5575,0.000033
FILLER_22_101,VSS,Metal1,64.0200,102.2685,0.000033
FILLER_22_37,VSS,Metal1,44.6445,102.5575,0.000033
FILLER_22_34,VSS,Metal1,26.0400,101.9200,0.000033
FILLER_22_2,VSS,Metal1,16.1240,102.5175,0.000033
FILLER_21_632,VSS,Metal1,360.9200,101.9200,0.000048
FILLER_21_620,VSS,Metal1,354.6600,101.5710,0.000047
FILLER_21_590,VSS,Metal1,337.4000,101.9200,0.000042
FILLER_21_545,VSS,Metal1,312.2000,101.9200,0.000043
FILLER_21_543,VSS,Metal1,311.3600,101.9200,0.000043
FILLER_21_535,VSS,Metal1,308.0530,101.4580,0.000043
FILLER_21_515,VSS,Metal1,295.6800,101.9200,0.000043
FILLER_21_511,VSS,Metal1,293.6200,101.5710,0.000043
FILLER_21_500,VSS,Metal1,287.4600,101.5710,0.000043
FILLER_21_492,VSS,Metal1,283.9730,101.4580,0.000043
FILLER_21_488,VSS,Metal1,280.5600,101.9200,0.000044
FILLER_21_484,VSS,Metal1,278.5000,101.5710,0.000044
FILLER_21_448,VSS,Metal1,258.3400,101.5710,0.000044
FILLER_21_442,VSS,Metal1,254.5200,101.9200,0.000044
FILLER_21_438,VSS,Metal1,252.7400,101.5710,0.000044
FILLER_21_422,VSS,Metal1,246.9120,101.3720,0.000044
FILLER_21_416,VSS,Metal1,240.4200,101.5710,0.000043
FILLER_21_400,VSS,Metal1,234.5920,101.3720,0.000042
FILLER_21_352,VSS,Metal1,204.1200,101.9200,0.000040
FILLER_21_333,VSS,Metal1,193.4800,101.9200,0.000038
FILLER_21_300,VSS,Metal1,175.0000,101.9200,0.000036
FILLER_21_272,VSS,Metal1,160.7730,101.4580,0.000035
FILLER_21_263,VSS,Metal1,154.2800,101.9200,0.000034
FILLER_21_261,VSS,Metal1,153.4400,101.9200,0.000034
FILLER_21_257,VSS,Metal1,151.3800,101.5710,0.000034
FILLER_21_249,VSS,Metal1,147.8930,101.4580,0.000034
FILLER_21_242,VSS,Metal1,142.5200,101.9200,0.000033
FILLER_21_240,VSS,Metal1,141.6800,101.9200,0.000033
FILLER_21_236,VSS,Metal1,139.6200,101.5710,0.000033
FILLER_21_228,VSS,Metal1,136.1330,101.4580,0.000033
FILLER_21_212,VSS,Metal1,129.3120,101.3720,0.000033
FILLER_21_206,VSS,Metal1,122.8200,101.5710,0.000033
FILLER_21_142,VSS,Metal1,103.4445,101.2820,0.000033
FILLER_21_136,VSS,Metal1,83.6200,101.5710,0.000033
FILLER_21_72,VSS,Metal1,64.2445,101.2820,0.000033
FILLER_21_66,VSS,Metal1,44.4200,101.5710,0.000033
FILLER_21_2,VSS,Metal1,25.0445,101.2820,0.000033
FILLER_20_615,VSS,Metal1,351.4000,94.0800,0.000055
FILLER_20_597,VSS,Metal1,341.7800,94.4285,0.000055
FILLER_20_593,VSS,Metal1,339.3600,94.0800,0.000055
FILLER_20_577,VSS,Metal1,333.7120,94.6280,0.000054
FILLER_20_545,VSS,Metal1,312.6600,94.4285,0.000055
FILLER_20_535,VSS,Metal1,307.0600,94.4285,0.000056
FILLER_20_527,VSS,Metal1,303.5730,94.5415,0.000057
FILLER_20_490,VSS,Metal1,281.4000,94.0800,0.000057
FILLER_20_485,VSS,Metal1,278.6000,94.0800,0.000057
FILLER_20_481,VSS,Metal1,276.8200,94.4285,0.000057
FILLER_20_434,VSS,Metal1,250.0400,94.0800,0.000057
FILLER_20_432,VSS,Metal1,249.2000,94.0800,0.000057
FILLER_20_416,VSS,Metal1,243.5520,94.6280,0.000057
FILLER_20_411,VSS,Metal1,237.1600,94.0800,0.000057
FILLER_20_409,VSS,Metal1,236.3200,94.0800,0.000057
FILLER_20_403,VSS,Metal1,232.6800,94.0800,0.000056
FILLER_20_396,VSS,Metal1,228.7600,94.0800,0.000056
FILLER_20_360,VSS,Metal1,208.6000,94.0800,0.000048
FILLER_20_325,VSS,Metal1,189.0000,94.0800,0.000047
FILLER_20_314,VSS,Metal1,182.8400,94.0800,0.000044
FILLER_20_295,VSS,Metal1,172.2000,94.0800,0.000044
FILLER_20_263,VSS,Metal1,154.2800,94.0800,0.000039
FILLER_20_261,VSS,Metal1,153.4400,94.0800,0.000039
FILLER_20_257,VSS,Metal1,151.3800,94.4285,0.000039
FILLER_20_237,VSS,Metal1,139.7200,94.0800,0.000038
FILLER_20_233,VSS,Metal1,137.9400,94.4285,0.000038
FILLER_20_225,VSS,Metal1,134.4530,94.5415,0.000037
FILLER_20_209,VSS,Metal1,127.6320,94.6280,0.000037
FILLER_20_177,VSS,Metal1,114.1240,94.6775,0.000036
FILLER_20_171,VSS,Metal1,103.2200,94.4285,0.000036
FILLER_20_107,VSS,Metal1,83.8445,94.7175,0.000036
FILLER_20_101,VSS,Metal1,64.0200,94.4285,0.000036
FILLER_20_37,VSS,Metal1,44.6445,94.7175,0.000036
FILLER_20_34,VSS,Metal1,26.0400,94.0800,0.000036
FILLER_20_2,VSS,Metal1,16.1240,94.6775,0.000036
FILLER_19_655,VSS,Metal1,374.0800,94.0800,0.000057
FILLER_19_632,VSS,Metal1,360.9200,94.0800,0.000056
FILLER_19_596,VSS,Metal1,342.2130,93.6180,0.000055
FILLER_19_543,VSS,Metal1,311.3600,94.0800,0.000056
FILLER_19_506,VSS,Metal1,290.3600,94.0800,0.000057
FILLER_19_502,VSS,Metal1,288.5800,93.7310,0.000057
FILLER_19_492,VSS,Metal1,282.8000,94.0800,0.000057
FILLER_19_489,VSS,Metal1,280.8400,94.0800,0.000057
FILLER_19_487,VSS,Metal1,280.0000,94.0800,0.000057
FILLER_19_473,VSS,Metal1,272.1600,94.0800,0.000057
FILLER_19_430,VSS,Metal1,248.0800,94.0800,0.000057
FILLER_19_422,VSS,Metal1,244.7730,93.6180,0.000057
FILLER_19_397,VSS,Metal1,229.7800,93.7310,0.000056
FILLER_19_352,VSS,Metal1,204.1200,94.0800,0.000048
FILLER_19_349,VSS,Metal1,202.4400,94.0800,0.000048
FILLER_19_345,VSS,Metal1,200.6600,93.7310,0.000048
FILLER_19_305,VSS,Metal1,178.2600,93.7310,0.000044
FILLER_19_286,VSS,Metal1,167.1600,94.0800,0.000043
FILLER_19_282,VSS,Metal1,165.3800,93.7310,0.000043
FILLER_19_271,VSS,Metal1,158.7600,94.0800,0.000040
FILLER_19_269,VSS,Metal1,157.9200,94.0800,0.000040
FILLER_19_265,VSS,Metal1,155.8600,93.7310,0.000040
FILLER_19_259,VSS,Metal1,152.0400,94.0800,0.000039
FILLER_19_232,VSS,Metal1,136.9200,94.0800,0.000037
FILLER_19_228,VSS,Metal1,135.1400,93.7310,0.000037
FILLER_19_212,VSS,Metal1,129.3120,93.5320,0.000037
FILLER_19_206,VSS,Metal1,122.8200,93.7310,0.000037
FILLER_19_142,VSS,Metal1,103.4445,93.4420,0.000036
FILLER_19_136,VSS,Metal1,83.6200,93.7310,0.000036
FILLER_19_72,VSS,Metal1,64.2445,93.4420,0.000036
FILLER_19_66,VSS,Metal1,44.4200,93.7310,0.000036
FILLER_19_2,VSS,Metal1,25.0445,93.4420,0.000036
FILLER_18_642,VSS,Metal1,366.5200,86.2400,0.000095
FILLER_18_640,VSS,Metal1,365.6800,86.2400,0.000095
FILLER_18_616,VSS,Metal1,351.9600,86.2400,0.000094
FILLER_18_614,VSS,Metal1,351.1200,86.2400,0.000093
FILLER_18_597,VSS,Metal1,341.3200,86.2400,0.000093
FILLER_18_524,VSS,Metal1,300.4400,86.2400,0.000093
FILLER_18_520,VSS,Metal1,298.6600,86.5885,0.000093
FILLER_18_486,VSS,Metal1,279.4400,86.2400,0.000092
FILLER_18_475,VSS,Metal1,273.0000,86.2400,0.000092
FILLER_18_457,VSS,Metal1,262.9200,86.2400,0.000081
FILLER_18_400,VSS,Metal1,231.0000,86.2400,0.000080
FILLER_18_392,VSS,Metal1,227.9730,86.7015,0.000079
FILLER_18_384,VSS,Metal1,222.0400,86.2400,0.000079
FILLER_18_382,VSS,Metal1,221.2000,86.2400,0.000078
FILLER_18_366,VSS,Metal1,212.2400,86.2400,0.000074
FILLER_18_350,VSS,Metal1,203.0000,86.2400,0.000073
FILLER_18_343,VSS,Metal1,199.0800,86.2400,0.000070
FILLER_18_339,VSS,Metal1,197.3000,86.5885,0.000070
FILLER_18_291,VSS,Metal1,171.4130,86.7015,0.000068
FILLER_18_272,VSS,Metal1,159.6000,86.2400,0.000067
FILLER_18_268,VSS,Metal1,157.5400,86.5885,0.000067
FILLER_18_260,VSS,Metal1,154.0530,86.7015,0.000064
FILLER_18_233,VSS,Metal1,137.9400,86.5885,0.000058
FILLER_18_225,VSS,Metal1,134.4530,86.7015,0.000058
FILLER_18_209,VSS,Metal1,127.6320,86.7880,0.000058
FILLER_18_177,VSS,Metal1,114.1240,86.8375,0.000057
FILLER_18_171,VSS,Metal1,103.2200,86.5885,0.000057
FILLER_18_107,VSS,Metal1,83.8445,86.8775,0.000057
FILLER_18_101,VSS,Metal1,64.0200,86.5885,0.000057
FILLER_18_37,VSS,Metal1,44.6445,86.8775,0.000056
FILLER_18_34,VSS,Metal1,26.0400,86.2400,0.000056
FILLER_18_2,VSS,Metal1,16.1240,86.8375,0.000056
FILLER_17_632,VSS,Metal1,360.9200,86.2400,0.000094
FILLER_17_559,VSS,Metal1,320.0400,86.2400,0.000093
FILLER_17_555,VSS,Metal1,318.2600,85.8910,0.000093
FILLER_17_547,VSS,Metal1,314.7730,85.7780,0.000093
FILLER_17_520,VSS,Metal1,298.2000,86.2400,0.000093
FILLER_17_516,VSS,Metal1,296.4200,85.8910,0.000093
FILLER_17_479,VSS,Metal1,275.7000,85.8910,0.000092
FILLER_17_456,VSS,Metal1,262.3600,86.2400,0.000081
FILLER_17_454,VSS,Metal1,261.5200,86.2400,0.000081
FILLER_17_422,VSS,Metal1,251.3240,85.6420,0.000081
FILLER_17_407,VSS,Metal1,234.9200,86.2400,0.000080
FILLER_17_405,VSS,Metal1,234.0800,86.2400,0.000080
FILLER_17_397,VSS,Metal1,230.7730,85.7780,0.000080
FILLER_17_364,VSS,Metal1,210.8400,86.2400,0.000074
FILLER_17_343,VSS,Metal1,199.0800,86.2400,0.000070
FILLER_17_335,VSS,Metal1,196.0530,85.7780,0.000070
FILLER_17_308,VSS,Metal1,179.4800,86.2400,0.000069
FILLER_17_306,VSS,Metal1,178.6400,86.2400,0.000068
FILLER_17_298,VSS,Metal1,175.3330,85.7780,0.000068
FILLER_17_282,VSS,Metal1,168.5120,85.6920,0.000068
FILLER_17_273,VSS,Metal1,160.1600,86.2400,0.000067
FILLER_17_256,VSS,Metal1,151.8130,85.7780,0.000064
FILLER_17_247,VSS,Metal1,145.3200,86.2400,0.000062
FILLER_17_230,VSS,Metal1,135.8000,86.2400,0.000058
FILLER_17_228,VSS,Metal1,134.9600,86.2400,0.000058
FILLER_17_212,VSS,Metal1,129.3120,85.6920,0.000058
FILLER_17_206,VSS,Metal1,122.8200,85.8910,0.000057
FILLER_17_142,VSS,Metal1,103.4445,85.6020,0.000057
FILLER_17_136,VSS,Metal1,83.6200,85.8910,0.000057
FILLER_17_72,VSS,Metal1,64.2445,85.6020,0.000057
FILLER_17_66,VSS,Metal1,44.4200,85.8910,0.000056
FILLER_17_2,VSS,Metal1,25.0445,85.6020,0.000056
FILLER_16_667,VSS,Metal1,380.8000,78.4000,0.000057
FILLER_16_656,VSS,Metal1,374.3600,78.4000,0.000057
FILLER_16_601,VSS,Metal1,343.5600,78.4000,0.000057
FILLER_16_597,VSS,Metal1,341.7800,78.7485,0.000057
FILLER_16_540,VSS,Metal1,309.8600,78.7485,0.000056
FILLER_16_529,VSS,Metal1,303.2400,78.4000,0.000057
FILLER_16_527,VSS,Metal1,302.4000,78.4000,0.000057
FILLER_16_524,VSS,Metal1,300.4400,78.4000,0.000057
FILLER_16_486,VSS,Metal1,279.1600,78.4000,0.000057
FILLER_16_484,VSS,Metal1,278.3200,78.4000,0.000057
FILLER_16_480,VSS,Metal1,276.2600,78.7485,0.000057
FILLER_16_464,VSS,Metal1,270.4320,78.9480,0.000057
FILLER_16_459,VSS,Metal1,264.0400,78.4000,0.000057
FILLER_16_457,VSS,Metal1,263.2000,78.4000,0.000057
FILLER_16_453,VSS,Metal1,260.9600,78.4000,0.000056
FILLER_16_449,VSS,Metal1,258.9000,78.7485,0.000056
FILLER_16_439,VSS,Metal1,253.3000,78.7485,0.000056
FILLER_16_423,VSS,Metal1,247.4720,78.9480,0.000055
FILLER_16_403,VSS,Metal1,233.1400,78.7485,0.000055
FILLER_16_381,VSS,Metal1,220.8200,78.7485,0.000055
FILLER_16_344,VSS,Metal1,199.6400,78.4000,0.000051
FILLER_16_342,VSS,Metal1,198.8000,78.4000,0.000051
FILLER_16_334,VSS,Metal1,195.4930,78.8615,0.000050
FILLER_16_299,VSS,Metal1,174.9000,78.7485,0.000049
FILLER_16_291,VSS,Metal1,171.4130,78.8615,0.000048
FILLER_16_273,VSS,Metal1,159.8800,78.4000,0.000048
FILLER_16_271,VSS,Metal1,159.0400,78.4000,0.000048
FILLER_16_263,VSS,Metal1,155.7330,78.8615,0.000047
FILLER_16_247,VSS,Metal1,148.9120,78.9480,0.000047
FILLER_16_241,VSS,Metal1,142.4200,78.7485,0.000046
FILLER_16_227,VSS,Metal1,134.1200,78.4000,0.000044
FILLER_16_225,VSS,Metal1,133.2800,78.4000,0.000043
FILLER_16_209,VSS,Metal1,127.6320,78.9480,0.000043
FILLER_16_177,VSS,Metal1,114.1240,78.9975,0.000042
FILLER_16_171,VSS,Metal1,103.2200,78.7485,0.000042
FILLER_16_107,VSS,Metal1,83.8445,79.0375,0.000042
FILLER_16_101,VSS,Metal1,64.0200,78.7485,0.000042
FILLER_16_37,VSS,Metal1,44.6445,79.0375,0.000042
FILLER_16_34,VSS,Metal1,26.0400,78.4000,0.000042
FILLER_16_2,VSS,Metal1,16.1240,78.9975,0.000042
FILLER_15_668,VSS,Metal1,381.0800,78.4000,0.000057
FILLER_15_666,VSS,Metal1,380.2400,78.4000,0.000057
FILLER_15_632,VSS,Metal1,361.2000,78.4000,0.000057
FILLER_15_615,VSS,Metal1,351.4000,78.4000,0.000057
FILLER_15_605,VSS,Metal1,345.8000,78.4000,0.000057
FILLER_15_603,VSS,Metal1,344.9600,78.4000,0.000057
FILLER_15_595,VSS,Metal1,340.4800,78.4000,0.000056
FILLER_15_591,VSS,Metal1,338.4200,78.0510,0.000056
FILLER_15_585,VSS,Metal1,334.6000,78.4000,0.000056
FILLER_15_559,VSS,Metal1,320.0400,78.4000,0.000056
FILLER_15_557,VSS,Metal1,319.2000,78.4000,0.000056
FILLER_15_548,VSS,Metal1,313.8800,78.4000,0.000056
FILLER_15_540,VSS,Metal1,310.8530,77.9380,0.000056
FILLER_15_492,VSS,Metal1,283.9730,77.9380,0.000057
FILLER_15_489,VSS,Metal1,280.8400,78.4000,0.000057
FILLER_15_487,VSS,Metal1,280.0000,78.4000,0.000057
FILLER_15_479,VSS,Metal1,276.6930,77.9380,0.000057
FILLER_15_463,VSS,Metal1,269.8720,77.8520,0.000057
FILLER_15_432,VSS,Metal1,248.9200,78.4000,0.000055
FILLER_15_430,VSS,Metal1,248.0800,78.4000,0.000055
FILLER_15_422,VSS,Metal1,244.7730,77.9380,0.000055
FILLER_15_418,VSS,Metal1,241.3600,78.4000,0.000055
FILLER_15_349,VSS,Metal1,202.4400,78.4000,0.000053
FILLER_15_347,VSS,Metal1,201.6000,78.4000,0.000053
FILLER_15_343,VSS,Metal1,199.5400,78.0510,0.000051
FILLER_15_327,VSS,Metal1,193.7120,77.8520,0.000050
FILLER_15_299,VSS,Metal1,174.7200,78.4000,0.000049
FILLER_15_295,VSS,Metal1,172.6600,78.0510,0.000048
FILLER_15_287,VSS,Metal1,169.1730,77.9380,0.000048
FILLER_15_268,VSS,Metal1,157.0800,78.4000,0.000047
FILLER_15_264,VSS,Metal1,155.3000,78.0510,0.000047
FILLER_15_256,VSS,Metal1,151.8130,77.9380,0.000047
FILLER_15_224,VSS,Metal1,132.7200,78.4000,0.000043
FILLER_15_220,VSS,Metal1,130.6600,78.0510,0.000043
FILLER_15_212,VSS,Metal1,127.1730,77.9380,0.000043
FILLER_15_206,VSS,Metal1,122.8200,78.0510,0.000042
FILLER_15_142,VSS,Metal1,103.4445,77.7620,0.000042
FILLER_15_136,VSS,Metal1,83.6200,78.0510,0.000042
FILLER_15_72,VSS,Metal1,64.2445,77.7620,0.000042
FILLER_15_66,VSS,Metal1,44.4200,78.0510,0.000042
FILLER_15_2,VSS,Metal1,25.0445,77.7620,0.000042
FILLER_14_667,VSS,Metal1,380.8000,70.5600,0.000070
FILLER_14_632,VSS,Metal1,360.9200,70.5600,0.000070
FILLER_14_630,VSS,Metal1,360.0800,70.5600,0.000070
FILLER_14_623,VSS,Metal1,355.8800,70.5600,0.000069
FILLER_14_619,VSS,Metal1,354.1000,70.9085,0.000069
FILLER_14_599,VSS,Metal1,342.4400,70.5600,0.000069
FILLER_14_597,VSS,Metal1,341.6000,70.5600,0.000069
FILLER_14_594,VSS,Metal1,339.6400,70.5600,0.000068
FILLER_14_592,VSS,Metal1,338.8000,70.5600,0.000068
FILLER_14_576,VSS,Metal1,333.1520,71.1080,0.000068
FILLER_14_557,VSS,Metal1,319.2000,70.5600,0.000073
FILLER_14_543,VSS,Metal1,311.3600,70.5600,0.000073
FILLER_14_535,VSS,Metal1,308.0530,71.0215,0.000073
FILLER_14_511,VSS,Metal1,293.1600,70.5600,0.000075
FILLER_14_504,VSS,Metal1,289.2400,70.5600,0.000075
FILLER_14_497,VSS,Metal1,285.3200,70.5600,0.000075
FILLER_14_489,VSS,Metal1,282.2930,71.0215,0.000075
FILLER_14_478,VSS,Metal1,274.6800,70.5600,0.000075
FILLER_14_476,VSS,Metal1,273.8400,70.5600,0.000075
FILLER_14_472,VSS,Metal1,271.7800,70.9085,0.000075
FILLER_14_465,VSS,Metal1,267.4000,70.5600,0.000075
FILLER_14_463,VSS,Metal1,266.5600,70.5600,0.000075
FILLER_14_454,VSS,Metal1,261.2400,70.5600,0.000075
FILLER_14_428,VSS,Metal1,246.6800,70.5600,0.000075
FILLER_14_424,VSS,Metal1,244.9000,70.9085,0.000075
FILLER_14_391,VSS,Metal1,226.2400,70.5600,0.000074
FILLER_14_387,VSS,Metal1,224.1800,70.9085,0.000074
FILLER_14_350,VSS,Metal1,203.0000,70.5600,0.000071
FILLER_14_348,VSS,Metal1,202.1600,70.5600,0.000071
FILLER_14_332,VSS,Metal1,196.5120,71.1080,0.000070
FILLER_14_314,VSS,Metal1,182.8400,70.5600,0.000068
FILLER_14_298,VSS,Metal1,173.8800,70.5600,0.000065
FILLER_14_290,VSS,Metal1,170.8530,71.0215,0.000065
FILLER_14_265,VSS,Metal1,155.4000,70.5600,0.000062
FILLER_14_263,VSS,Metal1,154.5600,70.5600,0.000061
FILLER_14_255,VSS,Metal1,151.2530,71.0215,0.000061
FILLER_14_209,VSS,Metal1,127.6320,71.1080,0.000058
FILLER_14_177,VSS,Metal1,114.1240,71.1575,0.000057
FILLER_14_171,VSS,Metal1,103.2200,70.9085,0.000057
FILLER_14_107,VSS,Metal1,83.8445,71.1975,0.000057
FILLER_14_101,VSS,Metal1,64.0200,70.9085,0.000057
FILLER_14_37,VSS,Metal1,44.6445,71.1975,0.000057
FILLER_14_34,VSS,Metal1,26.0400,70.5600,0.000056
FILLER_14_2,VSS,Metal1,16.1240,71.1575,0.000056
FILLER_13_629,VSS,Metal1,359.2400,70.5600,0.000069
FILLER_13_627,VSS,Metal1,358.4000,70.5600,0.000069
FILLER_13_595,VSS,Metal1,340.2000,70.5600,0.000069
FILLER_13_593,VSS,Metal1,339.3600,70.5600,0.000068
FILLER_13_589,VSS,Metal1,337.3000,70.2110,0.000068
FILLER_13_581,VSS,Metal1,333.8130,70.0980,0.000068
FILLER_13_568,VSS,Metal1,325.0800,70.5600,0.000072
FILLER_13_528,VSS,Metal1,302.6800,70.5600,0.000074
FILLER_13_526,VSS,Metal1,301.8400,70.5600,0.000074
FILLER_13_506,VSS,Metal1,290.8200,70.2110,0.000075
FILLER_13_489,VSS,Metal1,280.8400,70.5600,0.000075
FILLER_13_487,VSS,Metal1,280.0000,70.5600,0.000075
FILLER_13_483,VSS,Metal1,277.9400,70.2110,0.000075
FILLER_13_426,VSS,Metal1,245.8400,70.5600,0.000075
FILLER_13_422,VSS,Metal1,243.7800,70.2110,0.000074
FILLER_13_419,VSS,Metal1,241.6400,70.5600,0.000074
FILLER_13_415,VSS,Metal1,239.8600,70.2110,0.000074
FILLER_13_354,VSS,Metal1,205.2400,70.5600,0.000074
FILLER_13_352,VSS,Metal1,204.4000,70.5600,0.000073
FILLER_13_349,VSS,Metal1,202.4400,70.5600,0.000071
FILLER_13_345,VSS,Metal1,200.6600,70.2110,0.000071
FILLER_13_337,VSS,Metal1,197.1730,70.0980,0.000070
FILLER_13_299,VSS,Metal1,174.7200,70.5600,0.000066
FILLER_13_295,VSS,Metal1,172.6600,70.2110,0.000065
FILLER_13_287,VSS,Metal1,169.1730,70.0980,0.000065
FILLER_13_238,VSS,Metal1,140.2800,70.5600,0.000059
FILLER_13_220,VSS,Metal1,130.4800,70.5600,0.000058
FILLER_13_212,VSS,Metal1,127.1730,70.0980,0.000058
FILLER_13_206,VSS,Metal1,122.8200,70.2110,0.000057
FILLER_13_142,VSS,Metal1,103.4445,69.9220,0.000057
FILLER_13_136,VSS,Metal1,83.6200,70.2110,0.000057
FILLER_13_72,VSS,Metal1,64.2445,69.9220,0.000057
FILLER_13_66,VSS,Metal1,44.4200,70.2110,0.000057
FILLER_13_2,VSS,Metal1,25.0445,69.9220,0.000056
FILLER_12_675,VSS,Metal1,385.2800,62.7200,0.000066
FILLER_12_601,VSS,Metal1,343.5600,62.7200,0.000065
FILLER_12_597,VSS,Metal1,341.7800,63.0685,0.000065
FILLER_12_593,VSS,Metal1,339.3600,62.7200,0.000065
FILLER_12_589,VSS,Metal1,337.3000,63.0685,0.000065
FILLER_12_562,VSS,Metal1,321.7200,62.7200,0.000065
FILLER_12_560,VSS,Metal1,320.8800,62.7200,0.000065
FILLER_12_556,VSS,Metal1,318.8200,63.0685,0.000066
FILLER_12_548,VSS,Metal1,315.3330,63.1815,0.000066
FILLER_12_520,VSS,Metal1,298.2000,62.7200,0.000066
FILLER_12_518,VSS,Metal1,297.3600,62.7200,0.000066
FILLER_12_475,VSS,Metal1,273.0000,62.7200,0.000067
FILLER_12_473,VSS,Metal1,272.1600,62.7200,0.000067
FILLER_12_451,VSS,Metal1,260.0200,63.0685,0.000066
FILLER_12_430,VSS,Metal1,247.8000,62.7200,0.000065
FILLER_12_395,VSS,Metal1,228.2000,62.7200,0.000065
FILLER_12_384,VSS,Metal1,222.0400,62.7200,0.000065
FILLER_12_371,VSS,Metal1,214.7600,62.7200,0.000065
FILLER_12_332,VSS,Metal1,196.5120,63.2680,0.000040
FILLER_12_314,VSS,Metal1,182.8400,62.7200,0.000039
FILLER_12_273,VSS,Metal1,159.8800,62.7200,0.000039
FILLER_12_271,VSS,Metal1,159.0400,62.7200,0.000039
FILLER_12_263,VSS,Metal1,155.7330,63.1815,0.000039
FILLER_12_241,VSS,Metal1,142.4200,63.0685,0.000038
FILLER_12_209,VSS,Metal1,127.6320,63.2680,0.000036
FILLER_12_177,VSS,Metal1,114.1240,63.3175,0.000036
FILLER_12_171,VSS,Metal1,103.2200,63.0685,0.000036
FILLER_12_107,VSS,Metal1,83.8445,63.3575,0.000036
FILLER_12_101,VSS,Metal1,64.0200,63.0685,0.000036
FILLER_12_37,VSS,Metal1,44.6445,63.3575,0.000036
FILLER_12_34,VSS,Metal1,26.0400,62.7200,0.000036
FILLER_12_2,VSS,Metal1,16.1240,63.3175,0.000036
FILLER_11_676,VSS,Metal1,385.5600,62.7200,0.000066
FILLER_11_650,VSS,Metal1,371.2800,62.7200,0.000065
FILLER_11_634,VSS,Metal1,362.0400,62.7200,0.000065
FILLER_11_632,VSS,Metal1,361.2000,62.7200,0.000065
FILLER_11_629,VSS,Metal1,359.2400,62.7200,0.000065
FILLER_11_610,VSS,Metal1,348.6000,62.7200,0.000065
FILLER_11_608,VSS,Metal1,347.7600,62.7200,0.000065
FILLER_11_600,VSS,Metal1,344.4530,62.2580,0.000065
FILLER_11_562,VSS,Metal1,322.0000,62.7200,0.000065
FILLER_11_498,VSS,Metal1,289.4720,62.1720,0.000067
FILLER_11_470,VSS,Metal1,270.4800,62.7200,0.000067
FILLER_11_466,VSS,Metal1,268.4200,62.3710,0.000067
FILLER_11_450,VSS,Metal1,259.2800,62.7200,0.000066
FILLER_11_430,VSS,Metal1,248.0800,62.7200,0.000065
FILLER_11_422,VSS,Metal1,244.7730,62.2580,0.000065
FILLER_11_418,VSS,Metal1,241.3600,62.7200,0.000065
FILLER_11_414,VSS,Metal1,239.3000,62.3710,0.000065
FILLER_11_400,VSS,Metal1,231.4600,62.3710,0.000065
FILLER_11_392,VSS,Metal1,227.9730,62.2580,0.000065
FILLER_11_352,VSS,Metal1,204.5800,62.3710,0.000064
FILLER_11_334,VSS,Metal1,197.6320,62.1720,0.000040
FILLER_11_306,VSS,Metal1,179.8130,62.2580,0.000039
FILLER_11_290,VSS,Metal1,172.9920,62.1720,0.000039
FILLER_11_225,VSS,Metal1,133.4600,62.3710,0.000037
FILLER_11_218,VSS,Metal1,129.0800,62.7200,0.000036
FILLER_11_216,VSS,Metal1,128.2400,62.7200,0.000036
FILLER_11_212,VSS,Metal1,126.1800,62.3710,0.000036
FILLER_11_206,VSS,Metal1,122.8200,62.3710,0.000036
FILLER_11_142,VSS,Metal1,103.4445,62.0820,0.000036
FILLER_11_136,VSS,Metal1,83.6200,62.3710,0.000036
FILLER_11_72,VSS,Metal1,64.2445,62.0820,0.000036
FILLER_11_66,VSS,Metal1,44.4200,62.3710,0.000036
FILLER_11_2,VSS,Metal1,25.0445,62.0820,0.000036
FILLER_10_667,VSS,Metal1,380.9800,55.2285,0.000036
FILLER_10_664,VSS,Metal1,378.8400,54.8800,0.000036
FILLER_10_662,VSS,Metal1,378.0000,54.8800,0.000036
FILLER_10_652,VSS,Metal1,372.4000,54.8800,0.000036
FILLER_10_645,VSS,Metal1,368.4800,54.8800,0.000036
FILLER_10_629,VSS,Metal1,362.8320,55.4280,0.000036
FILLER_10_597,VSS,Metal1,349.3240,55.4775,0.000036
FILLER_10_594,VSS,Metal1,339.6400,54.8800,0.000036
FILLER_10_592,VSS,Metal1,338.8000,54.8800,0.000036
FILLER_10_588,VSS,Metal1,336.7400,55.2285,0.000036
FILLER_10_567,VSS,Metal1,324.5200,54.8800,0.000037
FILLER_10_563,VSS,Metal1,322.7400,55.2285,0.000037
FILLER_10_519,VSS,Metal1,297.6400,54.8800,0.000037
FILLER_10_467,VSS,Metal1,268.5200,54.8800,0.000037
FILLER_10_465,VSS,Metal1,267.6800,54.8800,0.000037
FILLER_10_457,VSS,Metal1,264.3730,55.3415,0.000037
FILLER_10_454,VSS,Metal1,261.2400,54.8800,0.000037
FILLER_10_452,VSS,Metal1,260.4000,54.8800,0.000037
FILLER_10_441,VSS,Metal1,253.9600,54.8800,0.000037
FILLER_10_437,VSS,Metal1,252.1800,55.2285,0.000037
FILLER_10_429,VSS,Metal1,248.6930,55.3415,0.000036
FILLER_10_413,VSS,Metal1,241.8720,55.4280,0.000036
FILLER_10_403,VSS,Metal1,232.9600,54.8800,0.000036
FILLER_10_387,VSS,Metal1,227.3120,55.4280,0.000036
FILLER_10_384,VSS,Metal1,222.0400,54.8800,0.000035
FILLER_10_376,VSS,Metal1,219.0130,55.3415,0.000035
FILLER_10_355,VSS,Metal1,205.8000,54.8800,0.000034
FILLER_10_353,VSS,Metal1,204.9600,54.8800,0.000034
FILLER_10_345,VSS,Metal1,201.6530,55.3415,0.000034
FILLER_10_329,VSS,Metal1,194.8320,55.4280,0.000033
FILLER_10_317,VSS,Metal1,184.9800,55.2285,0.000033
FILLER_10_314,VSS,Metal1,182.8400,54.8800,0.000033
FILLER_10_310,VSS,Metal1,181.0600,55.2285,0.000033
FILLER_10_272,VSS,Metal1,159.6000,54.8800,0.000033
FILLER_10_268,VSS,Metal1,157.5400,55.2285,0.000033
FILLER_10_260,VSS,Metal1,154.0530,55.3415,0.000033
FILLER_10_251,VSS,Metal1,147.5600,54.8800,0.000032
FILLER_10_247,VSS,Metal1,145.7800,55.2285,0.000032
FILLER_10_232,VSS,Metal1,136.9200,54.8800,0.000031
FILLER_10_230,VSS,Metal1,136.0800,54.8800,0.000031
FILLER_10_226,VSS,Metal1,134.0200,55.2285,0.000031
FILLER_10_210,VSS,Metal1,128.1920,55.4280,0.000031
FILLER_10_201,VSS,Metal1,120.0200,55.2285,0.000030
FILLER_10_193,VSS,Metal1,116.5330,55.3415,0.000030
FILLER_10_177,VSS,Metal1,109.7120,55.4280,0.000030
FILLER_10_171,VSS,Metal1,103.2200,55.2285,0.000030
FILLER_10_107,VSS,Metal1,83.8445,55.5175,0.000030
FILLER_10_101,VSS,Metal1,64.0200,55.2285,0.000030
FILLER_10_37,VSS,Metal1,44.6445,55.5175,0.000030
FILLER_10_34,VSS,Metal1,26.0400,54.8800,0.000030
FILLER_10_2,VSS,Metal1,16.1240,55.4775,0.000030
FILLER_9_676,VSS,Metal1,385.5600,54.8800,0.000037
FILLER_9_672,VSS,Metal1,383.7800,54.5310,0.000037
FILLER_9_664,VSS,Metal1,380.2930,54.4180,0.000036
FILLER_9_659,VSS,Metal1,376.0400,54.8800,0.000036
FILLER_9_657,VSS,Metal1,375.2000,54.8800,0.000036
FILLER_9_646,VSS,Metal1,368.7600,54.8800,0.000036
FILLER_9_632,VSS,Metal1,361.3800,54.5310,0.000036
FILLER_9_622,VSS,Metal1,356.7730,54.4180,0.000036
FILLER_9_590,VSS,Metal1,345.4040,54.2820,0.000036
FILLER_9_574,VSS,Metal1,329.8930,54.4180,0.000037
FILLER_9_562,VSS,Metal1,322.1800,54.5310,0.000037
FILLER_9_538,VSS,Metal1,308.2800,54.8800,0.000037
FILLER_9_536,VSS,Metal1,307.4400,54.8800,0.000037
FILLER_9_524,VSS,Metal1,300.7200,54.8800,0.000037
FILLER_9_503,VSS,Metal1,288.6800,54.8800,0.000037
FILLER_9_494,VSS,Metal1,283.6400,54.8800,0.000037
FILLER_9_492,VSS,Metal1,282.8000,54.8800,0.000037
FILLER_9_468,VSS,Metal1,269.3600,54.8800,0.000037
FILLER_9_430,VSS,Metal1,248.2600,54.5310,0.000036
FILLER_9_422,VSS,Metal1,244.7730,54.4180,0.000036
FILLER_9_419,VSS,Metal1,241.6400,54.8800,0.000036
FILLER_9_417,VSS,Metal1,240.8000,54.8800,0.000036
FILLER_9_385,VSS,Metal1,230.6040,54.2820,0.000036
FILLER_9_378,VSS,Metal1,218.6800,54.8800,0.000035
FILLER_9_376,VSS,Metal1,217.8400,54.8800,0.000035
FILLER_9_368,VSS,Metal1,214.5330,54.4180,0.000035
FILLER_9_358,VSS,Metal1,207.4800,54.8800,0.000035
FILLER_9_356,VSS,Metal1,206.6400,54.8800,0.000035
FILLER_9_352,VSS,Metal1,204.5800,54.5310,0.000034
FILLER_9_349,VSS,Metal1,202.4400,54.8800,0.000034
FILLER_9_345,VSS,Metal1,200.6600,54.5310,0.000034
FILLER_9_337,VSS,Metal1,197.1730,54.4180,0.000033
FILLER_9_321,VSS,Metal1,190.3520,54.3320,0.000033
FILLER_9_289,VSS,Metal1,176.8440,54.2820,0.000033
FILLER_9_282,VSS,Metal1,165.2000,54.8800,0.000033
FILLER_9_279,VSS,Metal1,163.2400,54.8800,0.000033
FILLER_9_277,VSS,Metal1,162.4000,54.8800,0.000033
FILLER_9_273,VSS,Metal1,160.3400,54.5310,0.000033
FILLER_9_265,VSS,Metal1,156.8530,54.4180,0.000033
FILLER_9_248,VSS,Metal1,145.8800,54.8800,0.000032
FILLER_9_244,VSS,Metal1,144.1000,54.5310,0.000032
FILLER_9_232,VSS,Metal1,137.3800,54.5310,0.000031
FILLER_9_218,VSS,Metal1,129.0800,54.8800,0.000031
FILLER_9_216,VSS,Metal1,128.2400,54.8800,0.000031
FILLER_9_212,VSS,Metal1,126.1800,54.5310,0.000031
FILLER_9_206,VSS,Metal1,122.8200,54.5310,0.000030
FILLER_9_142,VSS,Metal1,103.4445,54.2420,0.000030
FILLER_9_136,VSS,Metal1,83.6200,54.5310,0.000030
FILLER_9_72,VSS,Metal1,64.2445,54.2420,0.000030
FILLER_9_66,VSS,Metal1,44.4200,54.5310,0.000030
FILLER_9_2,VSS,Metal1,25.0445,54.2420,0.000030
FILLER_8_675,VSS,Metal1,385.2800,47.0400,0.000041
FILLER_8_667,VSS,Metal1,381.9730,47.5015,0.000041
FILLER_8_652,VSS,Metal1,372.1200,47.0400,0.000041
FILLER_8_628,VSS,Metal1,358.6800,47.0400,0.000041
FILLER_8_624,VSS,Metal1,356.9000,47.3885,0.000041
FILLER_8_615,VSS,Metal1,351.4000,47.0400,0.000041
FILLER_8_613,VSS,Metal1,350.5600,47.0400,0.000040
FILLER_8_609,VSS,Metal1,348.5000,47.3885,0.000040
FILLER_8_597,VSS,Metal1,342.7730,47.5015,0.000039
FILLER_8_591,VSS,Metal1,338.4200,47.3885,0.000039
FILLER_8_583,VSS,Metal1,333.7600,47.0400,0.000039
FILLER_8_566,VSS,Metal1,323.9600,47.0400,0.000039
FILLER_8_541,VSS,Metal1,310.2400,47.0400,0.000039
FILLER_8_535,VSS,Metal1,306.8800,47.0400,0.000039
FILLER_8_527,VSS,Metal1,303.5730,47.5015,0.000039
FILLER_8_501,VSS,Metal1,287.5600,47.0400,0.000039
FILLER_8_457,VSS,Metal1,266.5120,47.5880,0.000038
FILLER_8_451,VSS,Metal1,260.0200,47.3885,0.000038
FILLER_8_387,VSS,Metal1,240.6445,47.6775,0.000038
FILLER_8_384,VSS,Metal1,222.0400,47.0400,0.000038
FILLER_8_341,VSS,Metal1,197.9600,47.0400,0.000036
FILLER_8_337,VSS,Metal1,196.1800,47.3885,0.000036
FILLER_8_314,VSS,Metal1,182.8400,47.0400,0.000036
FILLER_8_310,VSS,Metal1,181.0600,47.3885,0.000035
FILLER_8_302,VSS,Metal1,177.5730,47.5015,0.000035
FILLER_8_279,VSS,Metal1,163.2400,47.0400,0.000035
FILLER_8_275,VSS,Metal1,161.4600,47.3885,0.000035
FILLER_8_235,VSS,Metal1,138.8800,47.0400,0.000034
FILLER_8_193,VSS,Metal1,116.5330,47.5015,0.000034
FILLER_8_177,VSS,Metal1,109.7120,47.5880,0.000034
FILLER_8_171,VSS,Metal1,103.2200,47.3885,0.000034
FILLER_8_107,VSS,Metal1,83.8445,47.6775,0.000034
FILLER_8_101,VSS,Metal1,64.0200,47.3885,0.000034
FILLER_8_37,VSS,Metal1,44.6445,47.6775,0.000034
FILLER_8_34,VSS,Metal1,26.0400,47.0400,0.000034
FILLER_8_2,VSS,Metal1,16.1240,47.6375,0.000034
FILLER_7_640,VSS,Metal1,365.4000,47.0400,0.000041
FILLER_7_632,VSS,Metal1,362.3730,46.5780,0.000041
FILLER_7_626,VSS,Metal1,358.0200,46.6910,0.000041
FILLER_7_612,VSS,Metal1,349.7200,47.0400,0.000040
FILLER_7_604,VSS,Metal1,346.6930,46.5780,0.000040
FILLER_7_574,VSS,Metal1,328.7200,47.0400,0.000039
FILLER_7_570,VSS,Metal1,326.6600,46.6910,0.000039
FILLER_7_562,VSS,Metal1,322.1800,46.6910,0.000039
FILLER_7_541,VSS,Metal1,309.9600,47.0400,0.000039
FILLER_7_539,VSS,Metal1,309.1200,47.0400,0.000039
FILLER_7_531,VSS,Metal1,305.8130,46.5780,0.000039
FILLER_7_517,VSS,Metal1,296.9800,46.6910,0.000039
FILLER_7_509,VSS,Metal1,293.4930,46.5780,0.000039
FILLER_7_502,VSS,Metal1,288.1200,47.0400,0.000039
FILLER_7_500,VSS,Metal1,287.2800,47.0400,0.000039
FILLER_7_492,VSS,Metal1,283.9730,46.5780,0.000039
FILLER_7_422,VSS,Metal1,260.2445,46.4020,0.000038
FILLER_7_416,VSS,Metal1,240.4200,46.6910,0.000038
FILLER_7_408,VSS,Metal1,236.9330,46.5780,0.000038
FILLER_7_373,VSS,Metal1,215.8800,47.0400,0.000037
FILLER_7_366,VSS,Metal1,212.2400,47.0400,0.000037
FILLER_7_362,VSS,Metal1,210.1800,46.6910,0.000037
FILLER_7_352,VSS,Metal1,204.4000,47.0400,0.000037
FILLER_7_343,VSS,Metal1,199.3600,47.0400,0.000036
FILLER_7_335,VSS,Metal1,196.0530,46.5780,0.000036
FILLER_7_325,VSS,Metal1,189.2800,47.0400,0.000036
FILLER_7_312,VSS,Metal1,181.7200,47.0400,0.000035
FILLER_7_295,VSS,Metal1,172.2000,47.0400,0.000035
FILLER_7_279,VSS,Metal1,163.2400,47.0400,0.000035
FILLER_7_277,VSS,Metal1,162.4000,47.0400,0.000035
FILLER_7_250,VSS,Metal1,147.4600,46.6910,0.000035
FILLER_7_220,VSS,Metal1,130.6600,46.6910,0.000034
FILLER_7_212,VSS,Metal1,127.1730,46.5780,0.000034
FILLER_7_206,VSS,Metal1,122.8200,46.6910,0.000034
FILLER_7_142,VSS,Metal1,103.4445,46.4020,0.000034
FILLER_7_136,VSS,Metal1,83.6200,46.6910,0.000034
FILLER_7_72,VSS,Metal1,64.2445,46.4020,0.000034
FILLER_7_66,VSS,Metal1,44.4200,46.6910,0.000034
FILLER_7_2,VSS,Metal1,25.0445,46.4020,0.000034
FILLER_6_675,VSS,Metal1,385.2800,39.2000,0.000036
FILLER_6_667,VSS,Metal1,381.9730,39.6615,0.000036
FILLER_6_650,VSS,Metal1,371.2800,39.2000,0.000036
FILLER_6_609,VSS,Metal1,348.0400,39.2000,0.000035
FILLER_6_607,VSS,Metal1,347.2000,39.2000,0.000035
FILLER_6_593,VSS,Metal1,339.3600,39.2000,0.000035
FILLER_6_543,VSS,Metal1,312.5330,39.6615,0.000034
FILLER_6_527,VSS,Metal1,305.7120,39.7480,0.000034
FILLER_6_524,VSS,Metal1,300.4400,39.2000,0.000034
FILLER_6_522,VSS,Metal1,299.6000,39.2000,0.000034
FILLER_6_518,VSS,Metal1,297.5400,39.5485,0.000034
FILLER_6_502,VSS,Metal1,291.7120,39.7480,0.000033
FILLER_6_467,VSS,Metal1,268.5200,39.2000,0.000031
FILLER_6_465,VSS,Metal1,267.6800,39.2000,0.000031
FILLER_6_457,VSS,Metal1,264.3730,39.6615,0.000031
FILLER_6_454,VSS,Metal1,261.2400,39.2000,0.000031
FILLER_6_452,VSS,Metal1,260.4000,39.2000,0.000031
FILLER_6_448,VSS,Metal1,258.3400,39.5485,0.000031
FILLER_6_440,VSS,Metal1,254.8530,39.6615,0.000031
FILLER_6_424,VSS,Metal1,248.0320,39.7480,0.000031
FILLER_6_392,VSS,Metal1,234.5240,39.7975,0.000028
FILLER_6_383,VSS,Metal1,221.7600,39.2000,0.000028
FILLER_6_379,VSS,Metal1,219.7000,39.5485,0.000028
FILLER_6_347,VSS,Metal1,209.3240,39.7975,0.000028
FILLER_6_339,VSS,Metal1,197.1200,39.2000,0.000028
FILLER_6_335,VSS,Metal1,195.0600,39.5485,0.000028
FILLER_6_327,VSS,Metal1,191.5730,39.6615,0.000025
FILLER_6_321,VSS,Metal1,186.7600,39.2000,0.000024
FILLER_6_317,VSS,Metal1,184.9800,39.5485,0.000024
FILLER_6_314,VSS,Metal1,182.8400,39.2000,0.000024
FILLER_6_312,VSS,Metal1,182.0000,39.2000,0.000024
FILLER_6_304,VSS,Metal1,178.6930,39.6615,0.000024
FILLER_6_288,VSS,Metal1,171.8720,39.7480,0.000024
FILLER_6_273,VSS,Metal1,159.8800,39.2000,0.000024
FILLER_6_271,VSS,Metal1,159.0400,39.2000,0.000024
FILLER_6_263,VSS,Metal1,155.7330,39.6615,0.000024
FILLER_6_247,VSS,Metal1,148.9120,39.7480,0.000024
FILLER_6_244,VSS,Metal1,143.6400,39.2000,0.000024
FILLER_6_242,VSS,Metal1,142.8000,39.2000,0.000024
FILLER_6_238,VSS,Metal1,140.7400,39.5485,0.000024
FILLER_6_227,VSS,Metal1,134.1200,39.2000,0.000023
FILLER_6_225,VSS,Metal1,133.2800,39.2000,0.000022
FILLER_6_209,VSS,Metal1,127.6320,39.7480,0.000022
FILLER_6_177,VSS,Metal1,114.1240,39.7975,0.000022
FILLER_6_171,VSS,Metal1,103.2200,39.5485,0.000022
FILLER_6_107,VSS,Metal1,83.8445,39.8375,0.000022
FILLER_6_101,VSS,Metal1,64.0200,39.5485,0.000022
FILLER_6_37,VSS,Metal1,44.6445,39.8375,0.000022
FILLER_6_34,VSS,Metal1,26.0400,39.2000,0.000022
FILLER_6_2,VSS,Metal1,16.1240,39.7975,0.000022
FILLER_5_676,VSS,Metal1,385.5600,39.2000,0.000036
FILLER_5_668,VSS,Metal1,382.5330,38.7380,0.000036
FILLER_5_626,VSS,Metal1,358.0200,38.8510,0.000036
FILLER_5_620,VSS,Metal1,354.2000,39.2000,0.000035
FILLER_5_570,VSS,Metal1,326.4800,39.2000,0.000034
FILLER_5_562,VSS,Metal1,323.1730,38.7380,0.000034
FILLER_5_552,VSS,Metal1,317.5730,38.7380,0.000034
FILLER_5_516,VSS,Metal1,296.2400,39.2000,0.000033
FILLER_5_508,VSS,Metal1,292.9330,38.7380,0.000033
FILLER_5_492,VSS,Metal1,286.1120,38.6520,0.000033
FILLER_5_489,VSS,Metal1,280.8400,39.2000,0.000033
FILLER_5_487,VSS,Metal1,280.0000,39.2000,0.000033
FILLER_5_482,VSS,Metal1,276.9200,39.2000,0.000033
FILLER_5_478,VSS,Metal1,275.1400,38.8510,0.000033
FILLER_5_470,VSS,Metal1,271.6530,38.7380,0.000033
FILLER_5_454,VSS,Metal1,264.8320,38.6520,0.000031
FILLER_5_422,VSS,Metal1,251.3240,38.6020,0.000031
FILLER_5_419,VSS,Metal1,241.6400,39.2000,0.000028
FILLER_5_415,VSS,Metal1,239.8600,38.8510,0.000028
FILLER_5_407,VSS,Metal1,236.3730,38.7380,0.000028
FILLER_5_375,VSS,Metal1,225.0040,38.6020,0.000028
FILLER_5_361,VSS,Metal1,210.6130,38.7380,0.000028
FILLER_5_352,VSS,Metal1,204.5800,38.8510,0.000028
FILLER_5_324,VSS,Metal1,189.8930,38.7380,0.000025
FILLER_5_292,VSS,Metal1,178.5240,38.6020,0.000024
FILLER_5_279,VSS,Metal1,163.2400,39.2000,0.000024
FILLER_5_247,VSS,Metal1,153.3240,38.6020,0.000024
FILLER_5_224,VSS,Metal1,132.7200,39.2000,0.000022
FILLER_5_220,VSS,Metal1,130.6600,38.8510,0.000022
FILLER_5_212,VSS,Metal1,127.1730,38.7380,0.000022
FILLER_5_206,VSS,Metal1,122.8200,38.8510,0.000022
FILLER_5_142,VSS,Metal1,103.4445,38.5620,0.000022
FILLER_5_136,VSS,Metal1,83.6200,38.8510,0.000022
FILLER_5_72,VSS,Metal1,64.2445,38.5620,0.000022
FILLER_5_66,VSS,Metal1,44.4200,38.8510,0.000022
FILLER_5_2,VSS,Metal1,25.0445,38.5620,0.000022
FILLER_4_675,VSS,Metal1,385.2800,31.3600,0.000033
FILLER_4_667,VSS,Metal1,381.9730,31.8215,0.000033
FILLER_4_661,VSS,Metal1,377.6200,31.7085,0.000033
FILLER_4_653,VSS,Metal1,374.1330,31.8215,0.000033
FILLER_4_637,VSS,Metal1,367.3120,31.9080,0.000033
FILLER_4_625,VSS,Metal1,357.2800,31.3600,0.000033
FILLER_4_621,VSS,Metal1,355.2200,31.7085,0.000033
FILLER_4_613,VSS,Metal1,351.7330,31.8215,0.000033
FILLER_4_597,VSS,Metal1,344.9120,31.9080,0.000033
FILLER_4_587,VSS,Metal1,336.0000,31.3600,0.000033
FILLER_4_583,VSS,Metal1,333.9400,31.7085,0.000033
FILLER_4_575,VSS,Metal1,330.4530,31.8215,0.000033
FILLER_4_559,VSS,Metal1,323.6320,31.9080,0.000033
FILLER_4_527,VSS,Metal1,310.1240,31.9575,0.000034
FILLER_4_521,VSS,Metal1,299.2200,31.7085,0.000034
FILLER_4_457,VSS,Metal1,279.8445,31.9975,0.000034
FILLER_4_439,VSS,Metal1,256.4320,31.9080,0.000034
FILLER_4_427,VSS,Metal1,246.5800,31.7085,0.000034
FILLER_4_419,VSS,Metal1,243.0930,31.8215,0.000034
FILLER_4_387,VSS,Metal1,231.7240,31.9575,0.000035
FILLER_4_377,VSS,Metal1,219.5730,31.8215,0.000035
FILLER_4_365,VSS,Metal1,211.8600,31.7085,0.000036
FILLER_4_329,VSS,Metal1,191.5200,31.3600,0.000036
FILLER_4_317,VSS,Metal1,184.9800,31.7085,0.000036
FILLER_4_314,VSS,Metal1,182.8400,31.3600,0.000036
FILLER_4_259,VSS,Metal1,152.3200,31.3600,0.000036
FILLER_4_221,VSS,Metal1,130.7600,31.3600,0.000035
FILLER_4_217,VSS,Metal1,128.9800,31.7085,0.000035
FILLER_4_209,VSS,Metal1,125.4930,31.8215,0.000035
FILLER_4_177,VSS,Metal1,114.1240,31.9575,0.000034
FILLER_4_174,VSS,Metal1,104.4400,31.3600,0.000034
FILLER_4_158,VSS,Metal1,99.0720,31.9080,0.000034
FILLER_4_126,VSS,Metal1,85.5640,31.9575,0.000034
FILLER_4_117,VSS,Metal1,72.5200,31.3600,0.000034
FILLER_4_115,VSS,Metal1,71.6800,31.3600,0.000034
FILLER_4_107,VSS,Metal1,68.3730,31.8215,0.000034
FILLER_4_101,VSS,Metal1,64.0200,31.7085,0.000034
FILLER_4_37,VSS,Metal1,44.6445,31.9975,0.000034
FILLER_4_34,VSS,Metal1,26.0400,31.3600,0.000034
FILLER_4_2,VSS,Metal1,16.1240,31.9575,0.000034
FILLER_3_676,VSS,Metal1,385.5600,31.3600,0.000033
FILLER_3_672,VSS,Metal1,383.7800,31.0110,0.000033
FILLER_3_664,VSS,Metal1,380.2930,30.8980,0.000033
FILLER_3_632,VSS,Metal1,368.9240,30.7620,0.000033
FILLER_3_626,VSS,Metal1,358.0200,31.0110,0.000033
FILLER_3_562,VSS,Metal1,338.6445,30.7220,0.000033
FILLER_3_556,VSS,Metal1,318.8200,31.0110,0.000034
FILLER_3_492,VSS,Metal1,299.4445,30.7220,0.000034
FILLER_3_486,VSS,Metal1,279.6200,31.0110,0.000034
FILLER_3_470,VSS,Metal1,273.7920,30.8120,0.000034
FILLER_3_438,VSS,Metal1,260.2840,30.7620,0.000034
FILLER_3_384,VSS,Metal1,222.3200,31.3600,0.000035
FILLER_3_352,VSS,Metal1,204.4000,31.3600,0.000036
FILLER_3_282,VSS,Metal1,165.2000,31.3600,0.000036
FILLER_3_279,VSS,Metal1,163.2400,31.3600,0.000036
FILLER_3_206,VSS,Metal1,122.8200,31.0110,0.000034
FILLER_3_142,VSS,Metal1,103.4445,30.7220,0.000034
FILLER_3_136,VSS,Metal1,83.6200,31.0110,0.000034
FILLER_3_72,VSS,Metal1,64.2445,30.7220,0.000034
FILLER_3_66,VSS,Metal1,44.4200,31.0110,0.000034
FILLER_3_2,VSS,Metal1,25.0445,30.7220,0.000034
FILLER_2_675,VSS,Metal1,385.2800,23.5200,0.000035
FILLER_2_667,VSS,Metal1,381.9730,23.9815,0.000035
FILLER_2_661,VSS,Metal1,377.6200,23.8685,0.000035
FILLER_2_597,VSS,Metal1,358.2445,24.1575,0.000035
FILLER_2_594,VSS,Metal1,339.6400,23.5200,0.000035
FILLER_2_592,VSS,Metal1,338.8000,23.5200,0.000035
FILLER_2_588,VSS,Metal1,336.7400,23.8685,0.000035
FILLER_2_580,VSS,Metal1,333.2530,23.9815,0.000035
FILLER_2_529,VSS,Metal1,303.2400,23.5200,0.000036
FILLER_2_527,VSS,Metal1,302.4000,23.5200,0.000036
FILLER_2_489,VSS,Metal1,281.1200,23.5200,0.000036
FILLER_2_457,VSS,Metal1,270.9240,24.1175,0.000036
FILLER_2_454,VSS,Metal1,261.2400,23.5200,0.000036
FILLER_2_452,VSS,Metal1,260.4000,23.5200,0.000036
FILLER_2_436,VSS,Metal1,254.7520,24.0680,0.000036
FILLER_2_419,VSS,Metal1,241.6400,23.5200,0.000037
FILLER_2_387,VSS,Metal1,231.7240,24.1175,0.000037
FILLER_2_280,VSS,Metal1,163.8000,23.5200,0.000036
FILLER_2_225,VSS,Metal1,134.4530,23.9815,0.000036
FILLER_2_209,VSS,Metal1,127.6320,24.0680,0.000035
FILLER_2_177,VSS,Metal1,114.1240,24.1175,0.000035
FILLER_2_171,VSS,Metal1,103.2200,23.8685,0.000035
FILLER_2_107,VSS,Metal1,83.8445,24.1575,0.000035
FILLER_2_101,VSS,Metal1,64.0200,23.8685,0.000035
FILLER_2_37,VSS,Metal1,44.6445,24.1575,0.000035
FILLER_2_34,VSS,Metal1,26.0400,23.5200,0.000035
FILLER_2_2,VSS,Metal1,16.1240,24.1175,0.000035
FILLER_1_676,VSS,Metal1,385.5600,23.5200,0.000035
FILLER_1_672,VSS,Metal1,383.7800,23.1710,0.000035
FILLER_1_664,VSS,Metal1,380.2930,23.0580,0.000035
FILLER_1_632,VSS,Metal1,368.9240,22.9220,0.000035
FILLER_1_626,VSS,Metal1,358.0200,23.1710,0.000035
FILLER_1_562,VSS,Metal1,338.6445,22.8820,0.000035
FILLER_1_556,VSS,Metal1,318.8200,23.1710,0.000036
FILLER_1_492,VSS,Metal1,299.4445,22.8820,0.000036
FILLER_1_486,VSS,Metal1,279.6200,23.1710,0.000036
FILLER_1_422,VSS,Metal1,260.2445,22.8820,0.000036
FILLER_1_416,VSS,Metal1,240.4200,23.1710,0.000037
FILLER_1_352,VSS,Metal1,221.0445,22.8820,0.000037
FILLER_1_349,VSS,Metal1,202.4400,23.5200,0.000037
FILLER_1_329,VSS,Metal1,191.7000,23.1710,0.000036
FILLER_1_322,VSS,Metal1,187.3200,23.5200,0.000036
FILLER_1_290,VSS,Metal1,177.4040,22.9220,0.000036
FILLER_1_273,VSS,Metal1,159.8800,23.5200,0.000036
FILLER_1_271,VSS,Metal1,159.0400,23.5200,0.000036
FILLER_1_236,VSS,Metal1,139.1600,23.5200,0.000036
FILLER_1_228,VSS,Metal1,136.1330,23.0580,0.000036
FILLER_1_212,VSS,Metal1,129.3120,22.9720,0.000036
FILLER_1_206,VSS,Metal1,122.8200,23.1710,0.000035
FILLER_1_142,VSS,Metal1,103.4445,22.8820,0.000035
FILLER_1_136,VSS,Metal1,83.6200,23.1710,0.000035
FILLER_1_72,VSS,Metal1,64.2445,22.8820,0.000035
FILLER_1_66,VSS,Metal1,44.4200,23.1710,0.000035
FILLER_1_2,VSS,Metal1,25.0445,22.8820,0.000035
FILLER_0_675,VSS,Metal1,385.2800,15.6800,0.000008
FILLER_0_659,VSS,Metal1,379.6320,16.2280,0.000008
FILLER_0_650,VSS,Metal1,371.0000,15.6800,0.000008
FILLER_0_648,VSS,Metal1,370.1600,15.6800,0.000008
FILLER_0_614,VSS,Metal1,358.8440,16.2775,0.000008
FILLER_0_580,VSS,Metal1,339.8040,16.2775,0.000008
FILLER_0_562,VSS,Metal1,323.1730,16.1415,0.000008
FILLER_0_546,VSS,Metal1,316.3520,16.2280,0.000008
FILLER_0_512,VSS,Metal1,301.7240,16.2775,0.000007
FILLER_0_509,VSS,Metal1,292.0400,15.6800,0.000007
FILLER_0_501,VSS,Metal1,289.0130,16.1415,0.000007
FILLER_0_494,VSS,Metal1,283.6400,15.6800,0.000007
FILLER_0_478,VSS,Metal1,278.2720,16.2280,0.000007
FILLER_0_444,VSS,Metal1,263.6440,16.2775,0.000007
FILLER_0_441,VSS,Metal1,253.9600,15.6800,0.000007
FILLER_0_425,VSS,Metal1,248.5920,16.2280,0.000007
FILLER_0_416,VSS,Metal1,239.9600,15.6800,0.000007
FILLER_0_414,VSS,Metal1,239.1200,15.6800,0.000006
FILLER_0_410,VSS,Metal1,237.0600,16.0285,0.000006
FILLER_0_376,VSS,Metal1,225.5640,16.2775,0.000006
FILLER_0_372,VSS,Metal1,215.6000,15.6800,0.000006
FILLER_0_364,VSS,Metal1,212.2930,16.1415,0.000006
FILLER_0_348,VSS,Metal1,205.4720,16.2280,0.000006
FILLER_0_308,VSS,Metal1,187.4840,16.2775,0.000005
FILLER_0_305,VSS,Metal1,177.8000,15.6800,0.000005
FILLER_0_303,VSS,Metal1,176.9600,15.6800,0.000005
FILLER_0_287,VSS,Metal1,171.3120,16.2280,0.000005
FILLER_0_278,VSS,Metal1,162.6800,15.6800,0.000005
FILLER_0_274,VSS,Metal1,160.9000,16.0285,0.000005
FILLER_0_271,VSS,Metal1,158.7600,15.6800,0.000005
FILLER_0_269,VSS,Metal1,157.9200,15.6800,0.000005
FILLER_0_260,VSS,Metal1,152.6000,15.6800,0.000005
FILLER_0_256,VSS,Metal1,150.8200,16.0285,0.000005
FILLER_0_240,VSS,Metal1,144.9920,16.2280,0.000005
FILLER_0_206,VSS,Metal1,130.3640,16.2775,0.000005
FILLER_0_203,VSS,Metal1,120.6800,15.6800,0.000005
FILLER_0_201,VSS,Metal1,119.8400,15.6800,0.000005
FILLER_0_197,VSS,Metal1,117.7800,16.0285,0.000005
FILLER_0_189,VSS,Metal1,114.2930,16.1415,0.000005
FILLER_0_182,VSS,Metal1,108.9200,15.6800,0.000005
FILLER_0_180,VSS,Metal1,108.0800,15.6800,0.000004
FILLER_0_172,VSS,Metal1,104.7730,16.1415,0.000004
FILLER_0_138,VSS,Metal1,92.2840,16.2775,0.000004
FILLER_0_135,VSS,Metal1,82.6000,15.6800,0.000004
FILLER_0_133,VSS,Metal1,81.7600,15.6800,0.000004
FILLER_0_129,VSS,Metal1,79.7000,16.0285,0.000004
FILLER_0_113,VSS,Metal1,73.8720,16.2280,0.000004
FILLER_0_104,VSS,Metal1,65.2400,15.6800,0.000004
FILLER_0_70,VSS,Metal1,54.2040,16.2775,0.000004
FILLER_0_36,VSS,Metal1,35.1640,16.2775,0.000004
FILLER_0_2,VSS,Metal1,16.1240,16.2775,0.000004
clkload14,VSS,Metal1,345.8800,188.6175,0.000059
clkload13,VSS,Metal1,356.3600,172.0225,0.000039
clkload12,VSS,Metal1,269.7200,196.4575,0.000058
clkload11,VSS,Metal1,293.8000,188.6175,0.000061
clkload10,VSS,Metal1,285.9600,93.6225,0.000057
clkload9,VSS,Metal1,298.1200,71.0175,0.000074
clkload8,VSS,Metal1,212.6000,63.1775,0.000065
clkload7,VSS,Metal1,226.0400,63.1775,0.000065
clkload6,VSS,Metal1,189.0800,259.1775,0.000089
clkload5,VSS,Metal1,190.2000,243.4975,0.000084
clkload4,VSS,Metal1,108.4400,259.1775,0.000088
clkload3,VSS,Metal1,130.2800,266.1025,0.000061
clkload2,VSS,Metal1,118.5200,124.9825,0.000060
clkload1,VSS,Metal1,130.2800,118.0575,0.000035
clkload0,VSS,Metal1,116.2800,195.5425,0.000054
clkbuf_4_15_0_clk,VSS,Metal1,350.4975,180.8930,0.000060
clkbuf_4_14_0_clk,VSS,Metal1,356.0975,165.2130,0.000062
clkbuf_4_13_0_clk,VSS,Metal1,279.9375,204.4130,0.000071
clkbuf_4_12_0_clk,VSS,Metal1,298.5425,203.2665,0.000071
clkbuf_4_11_0_clk,VSS,Metal1,290.5775,86.8130,0.000093
clkbuf_4_10_0_clk,VSS,Metal1,305.8225,85.6665,0.000093
clkbuf_4_9_0_clk,VSS,Metal1,217.3425,69.9865,0.000074
clkbuf_4_8_0_clk,VSS,Metal1,231.9025,69.9865,0.000074
clkbuf_4_7_0_clk,VSS,Metal1,194.2575,242.4665,0.000084
clkbuf_4_6_0_clk,VSS,Metal1,199.4225,243.6130,0.000084
clkbuf_4_5_0_clk,VSS,Metal1,116.9775,258.1465,0.000088
clkbuf_4_4_0_clk,VSS,Metal1,136.7025,259.2930,0.000089
clkbuf_4_3_0_clk,VSS,Metal1,123.1375,126.0130,0.000060
clkbuf_4_2_0_clk,VSS,Metal1,135.0225,124.8665,0.000060
clkbuf_4_1_0_clk,VSS,Metal1,121.0225,188.7330,0.000056
clkbuf_4_0_0_clk,VSS,Metal1,103.6625,195.4265,0.000054
clkbuf_0_clk,VSS,Metal1,227.2135,156.2015,0.000085
wire663,VSS,Metal1,154.7200,266.1340,0.000063
load_slew662,VSS,Metal1,372.0400,86.6975,0.000095
load_slew661,VSS,Metal1,369.8250,70.9150,0.000070
wire660,VSS,Metal1,376.5450,188.5150,0.000060
load_slew659,VSS,Metal1,383.5900,274.1085,0.000133
fanout658,VSS,Metal1,378.4365,70.2390,0.000070
load_slew657,VSS,Metal1,375.5600,117.1425,0.000048
wire656,VSS,Metal1,365.6700,117.3085,0.000048
wire655,VSS,Metal1,353.0250,274.0450,0.000130
fanout654,VSS,Metal1,377.0030,109.4390,0.000037
load_slew653,VSS,Metal1,335.6650,93.7250,0.000054
load_slew652,VSS,Metal1,352.4000,93.6540,0.000055
load_slew651,VSS,Metal1,330.0000,93.6540,0.000054
load_slew650,VSS,Metal1,325.4120,77.8805,0.000056
wire649,VSS,Metal1,312.1200,149.4175,0.000032
load_slew648,VSS,Metal1,314.2600,101.6135,0.000043
wire647,VSS,Metal1,318.2800,149.4175,0.000032
wire646,VSS,Metal1,311.9100,259.0110,0.000097
load_slew645,VSS,Metal1,317.7200,101.4625,0.000042
fanout644,VSS,Metal1,326.0430,101.5990,0.000042
wire643,VSS,Metal1,304.6330,86.5950,0.000093
wire642,VSS,Metal1,319.4250,94.4350,0.000055
load_slew641,VSS,Metal1,308.8950,93.7250,0.000056
wire640,VSS,Metal1,307.6650,259.0750,0.000098
load_slew639,VSS,Metal1,303.7200,71.0175,0.000074
wire638,VSS,Metal1,291.1900,70.8510,0.000075
fanout637,VSS,Metal1,301.9630,93.7590,0.000057
wire636,VSS,Metal1,108.6330,219.8750,0.000030
wire635,VSS,Metal1,372.6250,172.8350,0.000039
wire634,VSS,Metal1,366.4650,101.5650,0.000048
load_slew633,VSS,Metal1,270.7050,101.5650,0.000044
wire632,VSS,Metal1,371.5050,94.4350,0.000057
load_slew631,VSS,Metal1,273.5050,94.4350,0.000057
wire630,VSS,Metal1,278.6800,148.5025,0.000032
wire629,VSS,Metal1,317.8550,274.0450,0.000129
load_slew628,VSS,Metal1,252.2250,94.4350,0.000057
fanout627,VSS,Metal1,266.9965,94.4005,0.000057
wire626,VSS,Metal1,257.2650,172.8350,0.000037
load_slew625,VSS,Metal1,263.5600,148.5025,0.000032
wire624,VSS,Metal1,255.5850,274.7550,0.000124
load_slew623,VSS,Metal1,255.2600,352.4935,0.000089
wire622,VSS,Metal1,255.3500,117.8910,0.000046
fanout621,VSS,Metal1,257.1630,110.0805,0.000035
load_slew620,VSS,Metal1,222.4800,125.0140,0.000057
wire619,VSS,Metal1,349.6000,125.8660,0.000060
load_slew618,VSS,Metal1,75.3750,31.7150,0.000034
wire617,VSS,Metal1,260.7600,77.9425,0.000056
wire616,VSS,Metal1,308.3600,164.1825,0.000059
load_slew615,VSS,Metal1,343.6400,141.5775,0.000041
fanout614,VSS,Metal1,246.2765,23.8405,0.000036
load_slew613,VSS,Metal1,333.5600,172.0225,0.000038
wire612,VSS,Metal1,344.3900,195.7085,0.000061
load_slew611,VSS,Metal1,352.6000,251.3375,0.000086
fanout610,VSS,Metal1,326.6030,157.1205,0.000076
load_slew609,VSS,Metal1,325.5850,156.4450,0.000076
load_slew608,VSS,Metal1,333.4000,156.3425,0.000075
load_slew607,VSS,Metal1,334.0950,157.1550,0.000075
load_slew606,VSS,Metal1,357.7400,141.4260,0.000042
fanout605,VSS,Metal1,315.7165,164.3190,0.000060
wire604,VSS,Metal1,271.0300,172.7710,0.000038
load_slew603,VSS,Metal1,277.9600,211.2225,0.000064
load_slew602,VSS,Metal1,258.9200,227.8175,0.000065
fanout601,VSS,Metal1,286.2830,172.8005,0.000038
load_slew600,VSS,Metal1,284.0200,180.0135,0.000060
load_slew599,VSS,Metal1,287.3800,180.0135,0.000060
load_slew598,VSS,Metal1,284.8150,195.6450,0.000059
wire597,VSS,Metal1,272.9200,180.7775,0.000060
fanout596,VSS,Metal1,277.0765,172.8005,0.000038
load_slew595,VSS,Metal1,250.6550,31.7150,0.000034
wire594,VSS,Metal1,235.4000,55.3375,0.000036
load_slew593,VSS,Metal1,285.8000,54.4225,0.000037
fanout592,VSS,Metal1,247.6430,31.0390,0.000034
load_slew591,VSS,Metal1,328.8200,38.8935,0.000034
load_slew590,VSS,Metal1,332.0900,38.9085,0.000034
wire589,VSS,Metal1,338.2500,31.6510,0.000033
wire588,VSS,Metal1,357.6400,77.9425,0.000057
fanout587,VSS,Metal1,326.9165,23.8405,0.000035
wire586,VSS,Metal1,171.0000,172.9375,0.000027
load_slew585,VSS,Metal1,156.1400,203.5335,0.000060
load_slew584,VSS,Metal1,194.1200,204.2975,0.000061
fanout583,VSS,Metal1,175.4030,164.3190,0.000046
load_slew582,VSS,Metal1,212.7000,234.8935,0.000084
load_slew581,VSS,Metal1,210.5500,250.5885,0.000077
load_slew580,VSS,Metal1,207.9600,258.2625,0.000089
fanout579,VSS,Metal1,194.7565,234.8790,0.000084
load_slew578,VSS,Metal1,172.9400,242.7335,0.000079
load_slew577,VSS,Metal1,174.0600,235.5060,0.000072
load_slew576,VSS,Metal1,179.3000,251.1860,0.000077
load_slew575,VSS,Metal1,166.5200,258.2625,0.000089
fanout574,VSS,Metal1,169.2430,234.8790,0.000070
load_slew573,VSS,Metal1,82.6550,157.1550,0.000055
load_slew572,VSS,Metal1,70.3600,179.8625,0.000033
load_slew571,VSS,Metal1,110.8900,164.9310,0.000042
fanout570,VSS,Metal1,75.7230,157.1205,0.000052
load_slew569,VSS,Metal1,102.1450,227.7150,0.000055
load_slew568,VSS,Metal1,93.1600,242.5825,0.000055
fanout567,VSS,Metal1,96.1965,227.0390,0.000054
load_slew566,VSS,Metal1,122.5400,250.5735,0.000074
load_slew565,VSS,Metal1,128.3400,274.0935,0.000097
load_slew564,VSS,Metal1,128.0400,267.0175,0.000061
load_slew563,VSS,Metal1,121.7200,242.5825,0.000069
fanout562,VSS,Metal1,119.7165,235.5205,0.000068
load_slew561,VSS,Metal1,140.7600,54.4225,0.000031
load_slew560,VSS,Metal1,136.1800,117.2935,0.000037
wire559,VSS,Metal1,130.6800,133.7375,0.000033
fanout558,VSS,Metal1,148.8365,31.0390,0.000035
wire557,VSS,Metal1,186.8400,118.0575,0.000042
fanout556,VSS,Metal1,158.3565,117.9205,0.000038
load_slew555,VSS,Metal1,165.5600,16.1375,0.000005
wire554,VSS,Metal1,173.6100,31.6510,0.000036
load_slew553,VSS,Metal1,199.3700,39.4910,0.000028
wire552,VSS,Metal1,215.0300,38.9085,0.000028
fanout551,VSS,Metal1,158.9165,23.8405,0.000036
wire550,VSS,Metal1,134.3900,70.8510,0.000058
wire549,VSS,Metal1,208.0950,70.2050,0.000074
wire548,VSS,Metal1,256.8150,157.1550,0.000084
load_slew547,VSS,Metal1,264.2200,180.6260,0.000060
fanout546,VSS,Metal1,137.0765,63.0405,0.000037
load_slew545,VSS,Metal1,265.2150,188.5150,0.000060
wire544,VSS,Metal1,327.4000,172.9375,0.000039
wire543,VSS,Metal1,356.9200,148.5025,0.000033
fanout542,VSS,Metal1,255.2365,180.6405,0.000060
wire541,VSS,Metal1,87.9300,180.0285,0.000052
load_slew540,VSS,Metal1,113.6900,266.8510,0.000056
load_slew539,VSS,Metal1,159.9600,273.9425,0.000100
fanout538,VSS,Metal1,81.8830,172.8005,0.000025
load_slew537,VSS,Metal1,88.1450,172.8350,0.000025
wire536,VSS,Metal1,110.6800,227.8175,0.000055
fanout535,VSS,Metal1,79.9565,172.1590,0.000025
load_slew534,VSS,Metal1,137.6600,70.8660,0.000058
wire533,VSS,Metal1,156.4400,101.4625,0.000034
load_slew532,VSS,Metal1,156.4650,125.7950,0.000058
load_slew531,VSS,Metal1,175.7400,125.7460,0.000057
fanout530,VSS,Metal1,135.3965,70.2390,0.000058
load_slew529,VSS,Metal1,382.8150,110.1150,0.000037
wire528,VSS,Metal1,363.4300,368.1885,0.000100
wire527,VSS,Metal1,263.4250,336.7650,0.000236
fanout526,VSS,Metal1,380.3630,368.1590,0.000101
wire525,VSS,Metal1,226.0400,125.8975,0.000057
load_slew524,VSS,Metal1,220.4400,165.0975,0.000053
wire523,VSS,Metal1,251.2150,281.8850,0.000127
load_slew522,VSS,Metal1,215.1400,109.4535,0.000034
fanout521,VSS,Metal1,217.9630,94.4005,0.000056
load_slew520,VSS,Metal1,139.6650,117.2450,0.000037
load_slew519,VSS,Metal1,181.2150,110.1150,0.000031
load_slew518,VSS,Metal1,219.7450,125.7950,0.000057
wire517,VSS,Metal1,244.9450,195.6450,0.000057
wire516,VSS,Metal1,352.4650,78.7550,0.000057
wire515,VSS,Metal1,364.7850,102.2750,0.000048
wire514,VSS,Metal1,141.3450,125.7950,0.000060
wire513,VSS,Metal1,265.2150,110.1150,0.000035
load_slew512,VSS,Metal1,157.6950,259.0750,0.000089
load_slew511,VSS,Metal1,142.0150,133.6350,0.000033
load_slew510,VSS,Metal1,112.8950,149.3150,0.000025
load_slew509,VSS,Metal1,297.5850,204.1950,0.000071
load_slew508,VSS,Metal1,238.2250,212.0350,0.000056
load_slew507,VSS,Metal1,218.6250,196.3550,0.000056
load_slew506,VSS,Metal1,220.4150,212.0350,0.000054
load_slew505,VSS,Metal1,206.9750,219.8750,0.000041
load_slew504,VSS,Metal1,198.9600,211.2540,0.000051
load_slew503,VSS,Metal1,187.8250,234.8450,0.000076
load_slew502,VSS,Metal1,169.9050,219.8750,0.000036
load_slew501,VSS,Metal1,180.5450,212.0350,0.000047
load_slew500,VSS,Metal1,176.1750,234.8450,0.000072
load_slew499,VSS,Metal1,373.1850,157.1550,0.000076
load_slew498,VSS,Metal1,370.4950,164.9950,0.000062
wire497,VSS,Metal1,351.3450,259.0750,0.000114
wire496,VSS,Metal1,334.5450,196.3550,0.000058
wire495,VSS,Metal1,314.4950,212.0350,0.000065
load_slew494,VSS,Metal1,279.2150,164.2850,0.000059
load_slew493,VSS,Metal1,284.1450,227.7150,0.000071
wire492,VSS,Metal1,273.6150,219.1650,0.000047
load_slew491,VSS,Metal1,242.7050,235.5550,0.000088
load_slew490,VSS,Metal1,230.9450,259.0750,0.000091
load_slew489,VSS,Metal1,227.6950,227.0050,0.000064
load_slew488,VSS,Metal1,195.0400,250.4540,0.000077
load_slew487,VSS,Metal1,196.7200,274.8260,0.000101
load_slew486,VSS,Metal1,178.2400,274.8260,0.000101
load_slew485,VSS,Metal1,313.9350,266.9150,0.000079
load_slew484,VSS,Metal1,284.8150,258.3650,0.000098
wire483,VSS,Metal1,279.2150,219.1650,0.000047
load_slew482,VSS,Metal1,316.0650,242.6850,0.000089
load_slew481,VSS,Metal1,244.3850,243.3950,0.000089
load_slew480,VSS,Metal1,228.8150,313.2450,0.000197
load_slew479,VSS,Metal1,213.1350,258.3650,0.000090
wire478,VSS,Metal1,270.2550,360.2850,0.000130
load_slew477,VSS,Metal1,291.5350,368.1250,0.000094
wire476,VSS,Metal1,250.0950,329.6350,0.000440
load_slew475,VSS,Metal1,113.5800,235.5060,0.000068
load_slew474,VSS,Metal1,128.4400,219.9775,0.000033
load_slew473,VSS,Metal1,131.5000,196.3060,0.000054
load_slew472,VSS,Metal1,149.7200,172.0225,0.000027
fanout471,VSS,Metal1,130.0430,227.0390,0.000056
load_slew470,VSS,Metal1,354.2550,47.3950,0.000041
load_slew469,VSS,Metal1,334.5450,54.5250,0.000036
wire468,VSS,Metal1,334.8700,86.5310,0.000092
fanout467,VSS,Metal1,328.5965,47.3605,0.000039
wire466,VSS,Metal1,316.9500,70.8510,0.000073
load_slew465,VSS,Metal1,316.8600,125.7460,0.000058
load_slew464,VSS,Metal1,320.0950,55.2350,0.000037
load_slew463,VSS,Metal1,324.0150,93.7250,0.000055
wire462,VSS,Metal1,304.2800,109.3025,0.000036
fanout461,VSS,Metal1,313.1630,54.5590,0.000037
load_slew460,VSS,Metal1,294.2000,63.1775,0.000067
wire459,VSS,Metal1,287.2700,70.8510,0.000075
load_slew458,VSS,Metal1,288.1750,70.2050,0.000075
load_slew457,VSS,Metal1,285.7000,94.3860,0.000057
fanout456,VSS,Metal1,296.9230,70.2390,0.000074
load_slew455,VSS,Metal1,269.4600,70.8660,0.000075
load_slew454,VSS,Metal1,275.8800,101.4625,0.000044
load_slew453,VSS,Metal1,271.2650,102.2750,0.000044
fanout452,VSS,Metal1,266.9965,63.0405,0.000067
wire451,VSS,Metal1,252.7600,102.3775,0.000044
load_slew450,VSS,Metal1,264.4200,78.0935,0.000057
load_slew449,VSS,Metal1,267.5800,109.4535,0.000035
wire448,VSS,Metal1,268.2300,117.3085,0.000047
fanout447,VSS,Metal1,256.3565,70.8805,0.000075
wire446,VSS,Metal1,259.0550,117.2450,0.000046
load_slew445,VSS,Metal1,227.5850,102.2750,0.000042
load_slew444,VSS,Metal1,236.6800,117.1425,0.000045
load_slew443,VSS,Metal1,200.6800,102.3775,0.000039
fanout442,VSS,Metal1,217.7165,102.2405,0.000041
load_slew441,VSS,Metal1,241.6950,78.7550,0.000055
load_slew440,VSS,Metal1,223.1050,85.8850,0.000079
wire439,VSS,Metal1,201.0300,86.5310,0.000073
load_slew438,VSS,Metal1,234.4400,148.5025,0.000032
load_slew437,VSS,Metal1,244.9450,140.7650,0.000040
fanout436,VSS,Metal1,215.4765,78.7205,0.000054
wire435,VSS,Metal1,209.6400,148.5025,0.000031
load_slew434,VSS,Metal1,201.0300,85.9485,0.000073
load_slew433,VSS,Metal1,206.9750,93.7250,0.000048
load_slew432,VSS,Metal1,211.5800,102.2260,0.000040
load_slew431,VSS,Metal1,217.8500,140.8285,0.000039
fanout430,VSS,Metal1,227.7965,78.7205,0.000055
wire429,VSS,Metal1,190.6000,140.6625,0.000036
wire428,VSS,Metal1,197.1100,110.0510,0.000032
load_slew427,VSS,Metal1,181.6650,117.2450,0.000039
load_slew426,VSS,Metal1,180.6800,148.5025,0.000027
fanout425,VSS,Metal1,198.1165,117.2790,0.000043
wire424,VSS,Metal1,167.2400,156.3425,0.000063
load_slew423,VSS,Metal1,163.8550,125.7950,0.000057
wire422,VSS,Metal1,161.8500,109.4685,0.000030
wire421,VSS,Metal1,176.0400,165.0975,0.000046
fanout420,VSS,Metal1,157.4830,125.1190,0.000058
wire419,VSS,Metal1,168.3600,172.0225,0.000027
load_slew418,VSS,Metal1,176.6250,125.0850,0.000057
load_slew417,VSS,Metal1,181.2400,102.3775,0.000036
load_slew416,VSS,Metal1,175.4800,148.5025,0.000027
fanout415,VSS,Metal1,168.9965,117.2790,0.000039
load_slew414,VSS,Metal1,167.3400,125.7460,0.000057
load_slew413,VSS,Metal1,167.0800,102.3775,0.000035
load_slew412,VSS,Metal1,160.9200,93.6225,0.000043
fanout411,VSS,Metal1,168.6830,110.0805,0.000031
load_slew410,VSS,Metal1,142.1400,117.9060,0.000038
load_slew409,VSS,Metal1,158.3800,219.8260,0.000035
wire408,VSS,Metal1,121.7200,219.9775,0.000033
fanout407,VSS,Metal1,159.1630,227.0390,0.000059
load_slew406,VSS,Metal1,156.5750,47.3950,0.000035
wire405,VSS,Metal1,208.3300,63.0110,0.000065
load_slew404,VSS,Metal1,214.1200,148.5025,0.000031
load_slew403,VSS,Metal1,166.5450,172.8350,0.000027
fanout402,VSS,Metal1,149.3965,47.3605,0.000035
load_slew401,VSS,Metal1,176.9500,211.9710,0.000046
wire400,VSS,Metal1,212.0400,211.2225,0.000053
fanout399,VSS,Metal1,171.7965,203.5190,0.000061
load_slew398,VSS,Metal1,323.0200,187.8535,0.000059
wire397,VSS,Metal1,304.0700,172.7710,0.000039
wire396,VSS,Metal1,338.2500,180.6110,0.000060
load_slew395,VSS,Metal1,361.1000,141.4260,0.000042
fanout394,VSS,Metal1,315.7165,187.8390,0.000060
load_slew393,VSS,Metal1,237.4500,219.8110,0.000042
load_slew392,VSS,Metal1,239.5800,195.6935,0.000057
load_slew391,VSS,Metal1,254.0400,219.0625,0.000044
fanout390,VSS,Metal1,236.4430,219.1990,0.000042
fanout389,VSS,Metal1,222.7565,211.3590,0.000054
wire388,VSS,Metal1,186.4900,211.9710,0.000049
load_slew387,VSS,Metal1,172.0200,196.3060,0.000054
fanout386,VSS,Metal1,169.5565,195.6790,0.000054
load_slew385,VSS,Metal1,155.4800,211.2225,0.000045
load_slew384,VSS,Metal1,152.3100,187.8685,0.000056
load_slew383,VSS,Metal1,140.7850,196.3550,0.000054
load_slew382,VSS,Metal1,100.7900,204.1310,0.000058
fanout381,VSS,Metal1,143.2365,211.3590,0.000044
load_slew380,VSS,Metal1,114.2500,219.8110,0.000031
load_slew379,VSS,Metal1,141.4800,195.5425,0.000054
load_slew378,VSS,Metal1,150.0700,148.6685,0.000027
fanout377,VSS,Metal1,137.0765,227.6805,0.000057
load_slew376,VSS,Metal1,122.7400,203.5335,0.000058
wire375,VSS,Metal1,137.6365,235.5205,0.000069
wire374,VSS,Metal1,121.7200,212.1375,0.000037
load_slew373,VSS,Metal1,126.2250,212.0350,0.000043
fanout372,VSS,Metal1,128.3630,227.6805,0.000056
load_slew371,VSS,Metal1,142.0400,157.2575,0.000062
load_slew370,VSS,Metal1,125.6400,141.5775,0.000031
fanout369,VSS,Metal1,144.0430,164.3190,0.000045
wire368,VSS,Metal1,318.6500,62.4285,0.000066
fanout367,VSS,Metal1,306.1965,63.0405,0.000066
wire366,VSS,Metal1,202.5200,78.8575,0.000053
load_slew365,VSS,Metal1,229.4000,71.0175,0.000074
load_slew364,VSS,Metal1,272.5200,54.4225,0.000037
fanout363,VSS,Metal1,198.3630,101.5990,0.000039
wire362,VSS,Metal1,312.1200,46.5825,0.000039
wire361,VSS,Metal1,250.3100,62.4285,0.000066
fanout360,VSS,Metal1,366.1165,39.5205,0.000036
wire359,VSS,Metal1,189.6150,102.2750,0.000037
wire358,VSS,Metal1,289.8800,94.5375,0.000057
load_slew357,VSS,Metal1,298.2800,124.9825,0.000059
fanout356,VSS,Metal1,282.6765,47.3605,0.000039
load_slew355,VSS,Metal1,323.0200,70.2535,0.000072
load_slew354,VSS,Metal1,328.0600,94.3860,0.000054
load_slew353,VSS,Metal1,323.3200,109.3025,0.000036
fanout352,VSS,Metal1,315.7165,70.2390,0.000073
wire351,VSS,Metal1,191.7450,85.8850,0.000069
load_slew350,VSS,Metal1,176.7350,86.5950,0.000068
load_slew349,VSS,Metal1,180.5450,86.5950,0.000069
load_slew348,VSS,Metal1,190.6250,101.5650,0.000037
load_slew347,VSS,Metal1,145.4000,242.5825,0.000076
wire346,VSS,Metal1,258.4950,219.1650,0.000046
fanout345,VSS,Metal1,139.0030,227.0390,0.000057
load_slew344,VSS,Metal1,264.1200,219.0625,0.000047
load_slew343,VSS,Metal1,285.4000,180.7775,0.000060
load_slew342,VSS,Metal1,338.0150,172.8350,0.000038
fanout341,VSS,Metal1,257.1630,212.0005,0.000063
load_slew340,VSS,Metal1,148.8600,242.7335,0.000076
load_slew339,VSS,Metal1,170.6000,235.6575,0.000070
load_slew338,VSS,Metal1,196.5700,219.2285,0.000038
fanout337,VSS,Metal1,136.7630,242.7190,0.000070
load_slew336,VSS,Metal1,152.4200,242.7335,0.000077
load_slew335,VSS,Metal1,148.6000,188.6175,0.000056
wire334,VSS,Metal1,114.2300,219.2285,0.000031
fanout333,VSS,Metal1,128.6765,235.5205,0.000069
load_slew332,VSS,Metal1,166.3300,219.2285,0.000036
wire331,VSS,Metal1,274.2000,196.4575,0.000058
fanout330,VSS,Metal1,157.2365,227.6805,0.000059
load_slew329,VSS,Metal1,243.4000,212.1375,0.000062
load_slew328,VSS,Metal1,279.4500,180.6110,0.000060
load_slew327,VSS,Metal1,337.4800,195.5425,0.000059
fanout326,VSS,Metal1,237.0030,211.3590,0.000056
load_slew325,VSS,Metal1,158.0200,211.9860,0.000045
load_slew324,VSS,Metal1,185.7200,219.0625,0.000038
load_slew323,VSS,Metal1,145.2400,219.0625,0.000034
fanout322,VSS,Metal1,152.1965,219.1990,0.000034
load_slew321,VSS,Metal1,159.4000,219.0625,0.000035
load_slew320,VSS,Metal1,151.1900,141.4110,0.000033
wire319,VSS,Metal1,132.9200,219.9775,0.000033
fanout318,VSS,Metal1,149.9565,212.0005,0.000044
load_slew317,VSS,Metal1,184.4650,78.0450,0.000050
load_slew316,VSS,Metal1,173.8250,55.2350,0.000033
load_slew315,VSS,Metal1,174.3850,46.6850,0.000035
load_slew314,VSS,Metal1,139.3165,212.0005,0.000043
wire313,VSS,Metal1,148.4100,195.7085,0.000054
wire312,VSS,Metal1,117.2400,212.1375,0.000037
fanout311,VSS,Metal1,138.7565,219.1990,0.000034
load_slew310,VSS,Metal1,150.8400,165.0975,0.000045
load_slew309,VSS,Metal1,116.4700,140.8285,0.000031
fanout308,VSS,Metal1,152.7565,164.3190,0.000045
max_cap307,VSS,Metal1,145.1400,46.7335,0.000035
wire306,VSS,Metal1,134.8600,78.0935,0.000045
wire305,VSS,Metal1,343.4800,86.6975,0.000093
wire304,VSS,Metal1,331.7200,125.8975,0.000058
load_slew303,VSS,Metal1,247.1600,250.4225,0.000084
load_slew302,VSS,Metal1,331.6200,259.0260,0.000096
max_cap301,VSS,Metal1,219.7200,259.1775,0.000091
wire300,VSS,Metal1,381.4830,321.1190,0.000614
wire299,VSS,Metal1,374.7630,353.1205,0.000105
max_cap298,VSS,Metal1,380.1165,328.9590,0.000526
wire297,VSS,Metal1,377.5630,352.4790,0.000105
wire296,VSS,Metal1,374.7630,344.6390,0.000216
max_cap295,VSS,Metal1,369.7230,345.2805,0.000216
wire294,VSS,Metal1,365.2430,352.4790,0.000105
load_slew293,VSS,Metal1,220.6500,368.1885,0.000058
wire292,VSS,Metal1,381.2365,211.3590,0.000067
wire291,VSS,Metal1,380.9230,219.1990,0.000052
wire290,VSS,Metal1,374.7630,243.3605,0.000095
wire289,VSS,Metal1,368.6030,227.6805,0.000079
max_cap288,VSS,Metal1,371.9630,235.5205,0.000099
wire287,VSS,Metal1,365.8030,243.3605,0.000094
wire286,VSS,Metal1,357.9630,227.6805,0.000078
max_cap285,VSS,Metal1,363.0030,235.5205,0.000098
wire284,VSS,Metal1,354.0430,242.7190,0.000094
load_slew283,VSS,Metal1,195.0800,289.6225,0.000099
wire282,VSS,Metal1,253.8030,78.0790,0.000056
wire281,VSS,Metal1,178.7400,313.2935,0.000148
wire280,VSS,Metal1,307.5400,281.9335,0.000124
load_slew279,VSS,Metal1,259.9400,345.2660,0.000196
load_slew278,VSS,Metal1,142.2300,204.1310,0.000060
load_slew277,VSS,Metal1,121.7200,219.0625,0.000033
fanout276,VSS,Metal1,149.3965,219.8405,0.000034
wire275,VSS,Metal1,152.8700,149.2510,0.000027
load_slew274,VSS,Metal1,130.1200,141.5775,0.000031
fanout273,VSS,Metal1,149.9565,157.1205,0.000062
max_cap272,VSS,Metal1,131.8250,195.6450,0.000054
load_slew271,VSS,Metal1,131.4400,203.4140,0.000060
load_slew270,VSS,Metal1,171.9100,211.9710,0.000046
wire269,VSS,Metal1,189.6400,211.2225,0.000050
fanout268,VSS,Metal1,169.2430,211.3590,0.000046
wire267,VSS,Metal1,298.2800,188.6175,0.000061
load_slew266,VSS,Metal1,333.5600,172.9375,0.000038
fanout265,VSS,Metal1,286.8430,203.5190,0.000071
wire264,VSS,Metal1,238.8950,235.5550,0.000088
wire263,VSS,Metal1,284.8400,234.7425,0.000095
fanout262,VSS,Metal1,149.3965,259.0405,0.000089
load_slew261,VSS,Metal1,270.0200,203.5335,0.000070
load_slew260,VSS,Metal1,274.7350,187.8050,0.000061
fanout259,VSS,Metal1,262.2030,203.5190,0.000069
wire258,VSS,Metal1,336.3600,203.3825,0.000073
load_slew257,VSS,Metal1,357.6400,258.2625,0.000114
fanout256,VSS,Metal1,326.3565,172.1590,0.000039
wire255,VSS,Metal1,187.6100,266.8510,0.000067
load_slew254,VSS,Metal1,207.2100,250.5885,0.000077
fanout253,VSS,Metal1,145.7230,266.2390,0.000063
load_slew252,VSS,Metal1,149.1850,266.9150,0.000063
load_slew251,VSS,Metal1,160.1700,250.5885,0.000077
fanout250,VSS,Metal1,131.4765,258.3990,0.000089
wire249,VSS,Metal1,279.4500,187.8685,0.000061
load_slew248,VSS,Metal1,304.4150,188.5150,0.000060
fanout247,VSS,Metal1,256.9165,188.4805,0.000060
load_slew246,VSS,Metal1,355.3750,164.2850,0.000062
load_slew245,VSS,Metal1,354.4900,141.4110,0.000042
fanout244,VSS,Metal1,340.9165,172.1590,0.000039
wire243,VSS,Metal1,209.2400,243.4975,0.000085
fanout242,VSS,Metal1,146.8430,250.5590,0.000076
load_slew241,VSS,Metal1,174.9450,259.0750,0.000089
load_slew240,VSS,Metal1,209.4500,234.9085,0.000084
fanout239,VSS,Metal1,136.7630,266.2390,0.000062
load_slew238,VSS,Metal1,148.0650,243.3950,0.000076
load_slew237,VSS,Metal1,148.7600,251.3375,0.000076
fanout236,VSS,Metal1,136.5165,266.8805,0.000062
wire235,VSS,Metal1,258.4950,204.1950,0.000069
load_slew234,VSS,Metal1,175.5050,211.3250,0.000046
wire233,VSS,Metal1,193.2100,211.3885,0.000051
fanout232,VSS,Metal1,165.8830,212.0005,0.000046
wire231,VSS,Metal1,298.4900,196.2910,0.000059
load_slew230,VSS,Metal1,334.1200,179.8625,0.000060
fanout229,VSS,Metal1,286.8430,211.3590,0.000064
output228,VSS,Metal1,373.8550,16.0350,0.000008
output227,VSS,Metal1,383.9350,274.7550,0.000133
output226,VSS,Metal1,369.9350,259.0750,0.000115
output225,VSS,Metal1,354.8150,243.3950,0.000094
output224,VSS,Metal1,366.5750,258.3650,0.000115
output223,VSS,Metal1,359.2950,243.3950,0.000094
output222,VSS,Metal1,383.9350,266.9150,0.000079
output221,VSS,Metal1,370.4950,250.5250,0.000087
output220,VSS,Metal1,383.9350,259.0750,0.000115
output219,VSS,Metal1,383.9350,289.7250,0.000115
output218,VSS,Metal1,377.2150,251.2350,0.000087
output217,VSS,Metal1,353.1350,258.3650,0.000114
output216,VSS,Metal1,372.7350,274.7550,0.000132
output215,VSS,Metal1,379.4550,281.8850,0.000125
output214,VSS,Metal1,383.9350,282.5950,0.000125
output213,VSS,Metal1,360.9750,259.0750,0.000114
output212,VSS,Metal1,377.2150,274.7550,0.000132
output211,VSS,Metal1,383.9350,281.8850,0.000125
output210,VSS,Metal1,365.4550,259.0750,0.000115
output209,VSS,Metal1,350.3350,243.3950,0.000094
output208,VSS,Metal1,370.4950,266.2050,0.000079
output207,VSS,Metal1,374.3050,250.5250,0.000087
output206,VSS,Metal1,383.9350,195.6450,0.000066
output205,VSS,Metal1,357.6150,219.1650,0.000050
output204,VSS,Metal1,372.7350,203.4850,0.000078
output203,VSS,Metal1,383.9350,188.5150,0.000060
output202,VSS,Metal1,363.7750,211.3250,0.000067
output201,VSS,Metal1,368.2550,203.4850,0.000078
output200,VSS,Metal1,383.9350,180.6750,0.000061
output199,VSS,Metal1,368.8150,195.6450,0.000066
output198,VSS,Metal1,379.4550,250.5250,0.000087
output197,VSS,Metal1,372.7350,188.5150,0.000060
output196,VSS,Metal1,383.9350,251.2350,0.000087
output195,VSS,Metal1,383.9350,250.5250,0.000087
output194,VSS,Metal1,383.9350,243.3950,0.000094
output193,VSS,Metal1,366.0150,227.0050,0.000079
output192,VSS,Metal1,383.9350,235.5550,0.000099
output191,VSS,Metal1,383.9350,227.7150,0.000080
output190,VSS,Metal1,383.9350,219.8750,0.000052
output189,VSS,Metal1,377.2150,227.7150,0.000080
output188,VSS,Metal1,370.4950,227.0050,0.000079
output187,VSS,Metal1,383.9350,196.3550,0.000066
output186,VSS,Metal1,383.9350,164.9950,0.000062
output185,VSS,Metal1,383.9350,149.3150,0.000033
output184,VSS,Metal1,348.6550,195.6450,0.000066
output183,VSS,Metal1,350.3350,188.5150,0.000059
output182,VSS,Metal1,364.8950,180.6750,0.000061
output181,VSS,Metal1,357.6150,187.8050,0.000059
output180,VSS,Metal1,383.9350,141.4750,0.000043
output179,VSS,Metal1,377.2150,149.3150,0.000033
output178,VSS,Metal1,367.1350,172.8350,0.000039
output177,VSS,Metal1,364.3350,195.6450,0.000066
output176,VSS,Metal1,383.9350,133.6350,0.000038
output175,VSS,Metal1,368.2550,188.5150,0.000059
output174,VSS,Metal1,363.7750,188.5150,0.000059
output173,VSS,Metal1,382.8150,172.8350,0.000039
output172,VSS,Metal1,357.6150,195.6450,0.000066
output171,VSS,Metal1,383.9350,157.1550,0.000077
output170,VSS,Metal1,359.2950,188.5150,0.000059
output169,VSS,Metal1,353.1350,195.6450,0.000066
output168,VSS,Metal1,354.8150,188.5150,0.000059
output167,VSS,Metal1,377.2150,156.4450,0.000077
output166,VSS,Metal1,360.4150,180.6750,0.000061
output165,VSS,Metal1,368.2550,156.4450,0.000076
output164,VSS,Metal1,328.4950,16.0350,0.000008
output163,VSS,Metal1,154.7850,16.0350,0.000005
output162,VSS,Metal1,242.8150,16.0350,0.000007
output161,VSS,Metal1,335.2150,328.9250,0.000495
output160,VSS,Metal1,355.3750,179.9650,0.000060
output159,VSS,Metal1,381.6950,156.4450,0.000077
output158,VSS,Metal1,363.7750,157.1550,0.000076
output157,VSS,Metal1,353.1350,187.8050,0.000059
output156,VSS,Metal1,372.7350,156.4450,0.000076
output155,VSS,Metal1,377.2150,141.4750,0.000043
output154,VSS,Metal1,377.2150,133.6350,0.000038
output153,VSS,Metal1,363.7750,156.4450,0.000076
output152,VSS,Metal1,149.8550,392.3550,0.000001
output151,VSS,Metal1,374.9750,321.0850,0.000611
output150,VSS,Metal1,356.4950,298.2750,0.000424
output149,VSS,Metal1,353.1350,297.5650,0.000420
output148,VSS,Metal1,383.9350,321.7950,0.000614
output147,VSS,Metal1,360.9750,298.2750,0.000429
output146,VSS,Metal1,364.2250,305.4050,0.000179
output145,VSS,Metal1,356.9450,297.5650,0.000424
output144,VSS,Metal1,356.9450,290.4350,0.000112
output143,VSS,Metal1,356.4950,313.9550,0.000253
output142,VSS,Metal1,364.7850,298.2750,0.000429
output141,VSS,Metal1,367.1350,321.7950,0.000606
output140,VSS,Metal1,383.9350,337.4750,0.000260
output139,VSS,Metal1,360.9750,313.9550,0.000256
output138,VSS,Metal1,347.5350,298.2750,0.000416
output137,VSS,Metal1,344.1750,297.5650,0.000412
output136,VSS,Metal1,371.6150,321.7950,0.000610
output135,VSS,Metal1,352.0150,298.2750,0.000419
output134,VSS,Metal1,348.6550,297.5650,0.000417
output133,VSS,Metal1,383.9350,329.6350,0.000526
output132,VSS,Metal1,357.6150,305.4050,0.000179
output131,VSS,Metal1,368.7050,305.4050,0.000179
output130,VSS,Metal1,349.2150,321.7950,0.000579
output129,VSS,Metal1,353.1350,328.9250,0.000523
output128,VSS,Metal1,383.9350,353.1550,0.000107
output127,VSS,Metal1,353.6950,321.7950,0.000579
output126,VSS,Metal1,358.1750,321.7950,0.000581
output125,VSS,Metal1,351.3450,313.9550,0.000248
output124,VSS,Metal1,383.9350,345.3150,0.000220
output123,VSS,Metal1,356.9450,321.0850,0.000581
output122,VSS,Metal1,383.9350,375.9650,0.000028
output121,VSS,Metal1,361.9850,321.7950,0.000583
output120,VSS,Metal1,339.6950,328.9250,0.000498
output119,VSS,Metal1,344.1750,329.6350,0.000510
output118,VSS,Metal1,383.9350,368.8350,0.000101
output117,VSS,Metal1,338.0150,321.7950,0.000575
output116,VSS,Metal1,335.7750,321.0850,0.000575
output115,VSS,Metal1,344.1750,328.9250,0.000510
output114,VSS,Metal1,348.6550,329.6350,0.000517
output113,VSS,Metal1,333.5350,313.9550,0.000237
output112,VSS,Metal1,344.7350,321.7950,0.000577
output111,VSS,Metal1,348.6550,328.9250,0.000517
output110,VSS,Metal1,365.9050,328.9250,0.000523
output109,VSS,Metal1,383.9350,305.4050,0.000180
output108,VSS,Metal1,359.2950,274.7550,0.000131
output107,VSS,Metal1,383.9350,298.2750,0.000430
output106,VSS,Metal1,377.2150,290.4350,0.000115
output105,VSS,Metal1,346.8650,259.0750,0.000113
output104,VSS,Metal1,363.1050,274.7550,0.000131
output103,VSS,Metal1,378.7850,289.7250,0.000115
output102,VSS,Metal1,367.5850,274.7550,0.000132
output101,VSS,Metal1,363.1050,297.5650,0.000429
output100,VSS,Metal1,383.9350,290.4350,0.000115
output99,VSS,Metal1,347.9850,281.8850,0.000123
output98,VSS,Metal1,383.9350,313.9550,0.000256
output97,VSS,Metal1,345.1850,274.7550,0.000129
output96,VSS,Metal1,369.9350,298.2750,0.000429
output95,VSS,Metal1,352.4650,281.8850,0.000124
output94,VSS,Metal1,350.3350,274.7550,0.000130
output93,VSS,Metal1,383.9350,306.1150,0.000180
output92,VSS,Metal1,349.2150,274.0450,0.000130
output91,VSS,Metal1,357.6150,281.8850,0.000125
output90,VSS,Metal1,354.8150,274.7550,0.000131
output89,VSS,Metal1,367.1350,274.0450,0.000132
output88,VSS,Metal1,346.9750,392.3550,0.000001
output87,VSS,Metal1,356.4950,259.0750,0.000114
input86,VSS,Metal1,110.8900,15.9710,0.000005
input85,VSS,Metal1,68.0950,16.0350,0.000004
input84,VSS,Metal1,199.9300,15.9710,0.000006
input83,VSS,Metal1,285.5900,15.9710,0.000007
input82,VSS,Metal1,376.5450,368.8350,0.000101
input81,VSS,Metal1,358.3900,117.8910,0.000047
input80,VSS,Metal1,370.7100,101.6285,0.000048
input79,VSS,Metal1,356.7100,125.1485,0.000061
input78,VSS,Metal1,361.1900,102.2110,0.000048
input77,VSS,Metal1,360.0700,94.3710,0.000056
input76,VSS,Metal1,368.4700,117.8910,0.000048
input75,VSS,Metal1,362.3100,109.4685,0.000037
input74,VSS,Metal1,362.8900,101.6285,0.000048
input73,VSS,Metal1,369.0300,85.9485,0.000095
input72,VSS,Metal1,354.4900,117.8910,0.000047
input71,VSS,Metal1,358.3900,125.7310,0.000061
input70,VSS,Metal1,348.3100,148.6685,0.000032
input69,VSS,Metal1,343.8300,102.2110,0.000047
input68,VSS,Metal1,361.7500,117.8910,0.000048
input67,VSS,Metal1,349.9900,140.8285,0.000041
input66,VSS,Metal1,368.4700,86.5310,0.000095
input65,VSS,Metal1,355.0300,125.7310,0.000061
input64,VSS,Metal1,348.3100,141.4110,0.000041
input63,VSS,Metal1,363.4300,94.3710,0.000056
input62,VSS,Metal1,352.7900,133.5710,0.000037
input61,VSS,Metal1,357.2900,109.4685,0.000036
input60,VSS,Metal1,374.0700,117.8910,0.000048
input59,VSS,Metal1,354.4700,157.0910,0.000075
input58,VSS,Metal1,343.8300,125.7310,0.000060
input57,VSS,Metal1,365.1100,117.8910,0.000048
input56,VSS,Metal1,347.1900,157.0910,0.000075
input55,VSS,Metal1,379.1100,117.3085,0.000048
input54,VSS,Metal1,362.3100,140.8285,0.000043
input53,VSS,Metal1,353.3700,140.8285,0.000042
input52,VSS,Metal1,372.9500,149.2510,0.000033
input51,VSS,Metal1,356.7100,140.8285,0.000042
input50,VSS,Metal1,372.9500,125.7310,0.000062
input49,VSS,Metal1,381.9100,125.7310,0.000062
input48,VSS,Metal1,346.6300,132.9885,0.000037
input47,VSS,Metal1,376.3100,125.7310,0.000062
input46,VSS,Metal1,342.7100,164.9310,0.000060
input45,VSS,Metal1,351.1100,157.0910,0.000075
input44,VSS,Metal1,365.3450,164.9950,0.000062
input43,VSS,Metal1,377.4300,117.8910,0.000048
input42,VSS,Metal1,384.1500,85.9485,0.000095
input41,VSS,Metal1,351.6700,148.6685,0.000032
input40,VSS,Metal1,346.6500,149.2510,0.000032
input39,VSS,Metal1,366.2300,70.8510,0.000070
input38,VSS,Metal1,357.8300,85.9485,0.000094
input37,VSS,Metal1,362.8700,70.8510,0.000070
input36,VSS,Metal1,347.1900,109.4685,0.000036
input35,VSS,Metal1,350.5500,102.2110,0.000047
input34,VSS,Metal1,344.9500,94.3710,0.000055
input33,VSS,Metal1,347.1900,102.2110,0.000047
input32,VSS,Metal1,365.6700,70.2685,0.000070
input31,VSS,Metal1,351.1100,125.1485,0.000060
input30,VSS,Metal1,346.6500,93.7885,0.000055
input29,VSS,Metal1,362.3100,117.3085,0.000048
input28,VSS,Metal1,347.7500,125.1485,0.000060
input27,VSS,Metal1,366.7900,78.1085,0.000057
input26,VSS,Metal1,350.5500,117.8910,0.000047
input25,VSS,Metal1,384.1500,55.1710,0.000037
input24,VSS,Metal1,357.8300,101.6285,0.000047
input23,VSS,Metal1,356.7100,94.3710,0.000055
input22,VSS,Metal1,362.8700,85.9485,0.000094
input21,VSS,Metal1,363.4300,78.1085,0.000057
input20,VSS,Metal1,357.8300,93.7885,0.000055
input19,VSS,Metal1,353.3700,94.3710,0.000055
input18,VSS,Metal1,383.2650,78.0450,0.000057
input17,VSS,Metal1,383.0465,94.4350,0.000057
input16,VSS,Metal1,353.3500,78.1085,0.000057
input15,VSS,Metal1,383.0465,93.7250,0.000057
input14,VSS,Metal1,383.0465,86.5950,0.000095
input13,VSS,Metal1,377.4465,93.7250,0.000057
input12,VSS,Metal1,366.4650,93.7250,0.000057
input11,VSS,Metal1,372.6250,85.8850,0.000095
input10,VSS,Metal1,357.8500,70.8510,0.000069
input9,VSS,Metal1,383.2650,117.2450,0.000048
input8,VSS,Metal1,381.9720,101.4060,0.000048
input7,VSS,Metal1,383.0465,102.2750,0.000048
input6,VSS,Metal1,383.2650,78.7550,0.000057
input5,VSS,Metal1,383.2650,117.9550,0.000048
input4,VSS,Metal1,367.0250,94.4350,0.000057
input3,VSS,Metal1,383.2650,70.9150,0.000070
input2,VSS,Metal1,51.5130,392.3550,0.000001
input1,VSS,Metal1,248.6330,392.3550,0.000001
TAP_TAPCELL_ROW_96_1133,VSS,Metal1,369.0400,392.4690,0.000001
TAP_TAPCELL_ROW_96_1132,VSS,Metal1,350.0000,392.4690,0.000001
TAP_TAPCELL_ROW_96_1131,VSS,Metal1,330.9600,392.4690,0.000001
TAP_TAPCELL_ROW_96_1130,VSS,Metal1,311.9200,392.4690,0.000001
TAP_TAPCELL_ROW_96_1129,VSS,Metal1,292.8800,392.4690,0.000001
TAP_TAPCELL_ROW_96_1128,VSS,Metal1,273.8400,392.4690,0.000001
TAP_TAPCELL_ROW_96_1127,VSS,Metal1,254.8000,392.4690,0.000001
TAP_TAPCELL_ROW_96_1126,VSS,Metal1,235.7600,392.4690,0.000001
TAP_TAPCELL_ROW_96_1125,VSS,Metal1,216.7200,392.4690,0.000001
TAP_TAPCELL_ROW_96_1124,VSS,Metal1,197.6800,392.4690,0.000001
TAP_TAPCELL_ROW_96_1123,VSS,Metal1,178.6400,392.4690,0.000001
TAP_TAPCELL_ROW_96_1122,VSS,Metal1,159.6000,392.4690,0.000001
TAP_TAPCELL_ROW_96_1121,VSS,Metal1,140.5600,392.4690,0.000001
TAP_TAPCELL_ROW_96_1120,VSS,Metal1,121.5200,392.4690,0.000001
TAP_TAPCELL_ROW_96_1119,VSS,Metal1,102.4800,392.4690,0.000001
TAP_TAPCELL_ROW_96_1118,VSS,Metal1,83.4400,392.4690,0.000001
TAP_TAPCELL_ROW_96_1117,VSS,Metal1,64.4000,392.4690,0.000001
TAP_TAPCELL_ROW_96_1116,VSS,Metal1,45.3600,392.4690,0.000001
TAP_TAPCELL_ROW_96_1115,VSS,Metal1,26.3200,392.4690,0.000001
TAP_TAPCELL_ROW_95_1114,VSS,Metal1,360.0800,391.5305,0.000001
TAP_TAPCELL_ROW_95_1113,VSS,Metal1,320.8800,391.5305,0.000001
TAP_TAPCELL_ROW_95_1112,VSS,Metal1,281.6800,391.5305,0.000001
TAP_TAPCELL_ROW_95_1111,VSS,Metal1,242.4800,391.5305,0.000001
TAP_TAPCELL_ROW_95_1110,VSS,Metal1,203.2800,391.5305,0.000001
TAP_TAPCELL_ROW_95_1109,VSS,Metal1,164.0800,391.5305,0.000001
TAP_TAPCELL_ROW_95_1108,VSS,Metal1,124.8800,391.5305,0.000001
TAP_TAPCELL_ROW_95_1107,VSS,Metal1,85.6800,391.5305,0.000001
TAP_TAPCELL_ROW_95_1106,VSS,Metal1,46.4800,391.5305,0.000001
TAP_TAPCELL_ROW_94_1105,VSS,Metal1,379.6800,384.6290,0.000000
TAP_TAPCELL_ROW_94_1104,VSS,Metal1,340.4800,384.6290,0.000000
TAP_TAPCELL_ROW_94_1103,VSS,Metal1,301.2800,384.6290,0.000000
TAP_TAPCELL_ROW_94_1102,VSS,Metal1,262.0800,384.6290,0.000000
TAP_TAPCELL_ROW_94_1101,VSS,Metal1,222.8800,384.6290,0.000000
TAP_TAPCELL_ROW_94_1100,VSS,Metal1,183.6800,384.6290,0.000000
TAP_TAPCELL_ROW_94_1099,VSS,Metal1,144.4800,384.6290,0.000000
TAP_TAPCELL_ROW_94_1098,VSS,Metal1,105.2800,384.6290,0.000000
TAP_TAPCELL_ROW_94_1097,VSS,Metal1,66.0800,384.6290,0.000000
TAP_TAPCELL_ROW_94_1096,VSS,Metal1,26.8800,384.6290,0.000000
TAP_TAPCELL_ROW_93_1095,VSS,Metal1,360.0800,383.6905,0.000000
TAP_TAPCELL_ROW_93_1094,VSS,Metal1,320.8800,383.6905,0.000000
TAP_TAPCELL_ROW_93_1093,VSS,Metal1,281.6800,383.6905,0.000000
TAP_TAPCELL_ROW_93_1092,VSS,Metal1,242.4800,383.6905,0.000000
TAP_TAPCELL_ROW_93_1091,VSS,Metal1,203.2800,383.6905,0.000000
TAP_TAPCELL_ROW_93_1090,VSS,Metal1,164.0800,383.6905,0.000000
TAP_TAPCELL_ROW_93_1089,VSS,Metal1,124.8800,383.6905,0.000000
TAP_TAPCELL_ROW_93_1088,VSS,Metal1,85.6800,383.6905,0.000000
TAP_TAPCELL_ROW_93_1087,VSS,Metal1,46.4800,383.6905,0.000000
TAP_TAPCELL_ROW_92_1086,VSS,Metal1,379.6800,376.7890,0.000027
TAP_TAPCELL_ROW_92_1085,VSS,Metal1,340.4800,376.7890,0.000026
TAP_TAPCELL_ROW_92_1084,VSS,Metal1,301.2800,376.7890,0.000026
TAP_TAPCELL_ROW_92_1083,VSS,Metal1,262.0800,376.7890,0.000026
TAP_TAPCELL_ROW_92_1082,VSS,Metal1,222.8800,376.7890,0.000025
TAP_TAPCELL_ROW_92_1081,VSS,Metal1,183.6800,376.7890,0.000025
TAP_TAPCELL_ROW_92_1080,VSS,Metal1,144.4800,376.7890,0.000025
TAP_TAPCELL_ROW_92_1079,VSS,Metal1,105.2800,376.7890,0.000025
TAP_TAPCELL_ROW_92_1078,VSS,Metal1,66.0800,376.7890,0.000025
TAP_TAPCELL_ROW_92_1077,VSS,Metal1,26.8800,376.7890,0.000025
TAP_TAPCELL_ROW_91_1076,VSS,Metal1,360.0800,375.8505,0.000026
TAP_TAPCELL_ROW_91_1075,VSS,Metal1,320.8800,375.8505,0.000026
TAP_TAPCELL_ROW_91_1074,VSS,Metal1,281.6800,375.8505,0.000026
TAP_TAPCELL_ROW_91_1073,VSS,Metal1,242.4800,375.8505,0.000026
TAP_TAPCELL_ROW_91_1072,VSS,Metal1,203.2800,375.8505,0.000025
TAP_TAPCELL_ROW_91_1071,VSS,Metal1,164.0800,375.8505,0.000025
TAP_TAPCELL_ROW_91_1070,VSS,Metal1,124.8800,375.8505,0.000025
TAP_TAPCELL_ROW_91_1069,VSS,Metal1,85.6800,375.8505,0.000025
TAP_TAPCELL_ROW_91_1068,VSS,Metal1,46.4800,375.8505,0.000025
TAP_TAPCELL_ROW_90_1067,VSS,Metal1,379.6800,368.9490,0.000101
TAP_TAPCELL_ROW_90_1066,VSS,Metal1,340.4800,368.9490,0.000098
TAP_TAPCELL_ROW_90_1065,VSS,Metal1,301.2800,368.9490,0.000094
TAP_TAPCELL_ROW_90_1064,VSS,Metal1,262.0800,368.9490,0.000094
TAP_TAPCELL_ROW_90_1063,VSS,Metal1,222.8800,368.9490,0.000060
TAP_TAPCELL_ROW_90_1062,VSS,Metal1,183.6800,368.9490,0.000056
TAP_TAPCELL_ROW_90_1061,VSS,Metal1,144.4800,368.9490,0.000056
TAP_TAPCELL_ROW_90_1060,VSS,Metal1,105.2800,368.9490,0.000056
TAP_TAPCELL_ROW_90_1059,VSS,Metal1,66.0800,368.9490,0.000056
TAP_TAPCELL_ROW_90_1058,VSS,Metal1,26.8800,368.9490,0.000056
TAP_TAPCELL_ROW_89_1057,VSS,Metal1,360.0800,368.0105,0.000100
TAP_TAPCELL_ROW_89_1056,VSS,Metal1,320.8800,368.0105,0.000095
TAP_TAPCELL_ROW_89_1055,VSS,Metal1,281.6800,368.0105,0.000094
TAP_TAPCELL_ROW_89_1054,VSS,Metal1,242.4800,368.0105,0.000060
TAP_TAPCELL_ROW_89_1053,VSS,Metal1,203.2800,368.0105,0.000056
TAP_TAPCELL_ROW_89_1052,VSS,Metal1,164.0800,368.0105,0.000056
TAP_TAPCELL_ROW_89_1051,VSS,Metal1,124.8800,368.0105,0.000056
TAP_TAPCELL_ROW_89_1050,VSS,Metal1,85.6800,368.0105,0.000056
TAP_TAPCELL_ROW_89_1049,VSS,Metal1,46.4800,368.0105,0.000056
TAP_TAPCELL_ROW_88_1048,VSS,Metal1,379.6800,361.1090,0.000126
TAP_TAPCELL_ROW_88_1047,VSS,Metal1,340.4800,361.1090,0.000125
TAP_TAPCELL_ROW_88_1046,VSS,Metal1,301.2800,361.1090,0.000132
TAP_TAPCELL_ROW_88_1045,VSS,Metal1,262.0800,361.1090,0.000128
TAP_TAPCELL_ROW_88_1044,VSS,Metal1,222.8800,361.1090,0.000106
TAP_TAPCELL_ROW_88_1043,VSS,Metal1,183.6800,361.1090,0.000096
TAP_TAPCELL_ROW_88_1042,VSS,Metal1,144.4800,361.1090,0.000093
TAP_TAPCELL_ROW_88_1041,VSS,Metal1,105.2800,361.1090,0.000092
TAP_TAPCELL_ROW_88_1040,VSS,Metal1,66.0800,361.1090,0.000092
TAP_TAPCELL_ROW_88_1039,VSS,Metal1,26.8800,361.1090,0.000092
TAP_TAPCELL_ROW_87_1038,VSS,Metal1,360.0800,360.1705,0.000126
TAP_TAPCELL_ROW_87_1037,VSS,Metal1,320.8800,360.1705,0.000131
TAP_TAPCELL_ROW_87_1036,VSS,Metal1,281.6800,360.1705,0.000132
TAP_TAPCELL_ROW_87_1035,VSS,Metal1,242.4800,360.1705,0.000116
TAP_TAPCELL_ROW_87_1034,VSS,Metal1,203.2800,360.1705,0.000100
TAP_TAPCELL_ROW_87_1033,VSS,Metal1,164.0800,360.1705,0.000093
TAP_TAPCELL_ROW_87_1032,VSS,Metal1,124.8800,360.1705,0.000092
TAP_TAPCELL_ROW_87_1031,VSS,Metal1,85.6800,360.1705,0.000092
TAP_TAPCELL_ROW_87_1030,VSS,Metal1,46.4800,360.1705,0.000092
TAP_TAPCELL_ROW_86_1029,VSS,Metal1,379.6800,353.2690,0.000105
TAP_TAPCELL_ROW_86_1028,VSS,Metal1,340.4800,353.2690,0.000102
TAP_TAPCELL_ROW_86_1027,VSS,Metal1,301.2800,353.2690,0.000096
TAP_TAPCELL_ROW_86_1026,VSS,Metal1,262.0800,353.2690,0.000094
TAP_TAPCELL_ROW_86_1025,VSS,Metal1,222.8800,353.2690,0.000087
TAP_TAPCELL_ROW_86_1024,VSS,Metal1,183.6800,353.2690,0.000077
TAP_TAPCELL_ROW_86_1023,VSS,Metal1,144.4800,353.2690,0.000076
TAP_TAPCELL_ROW_86_1022,VSS,Metal1,105.2800,353.2690,0.000076
TAP_TAPCELL_ROW_86_1021,VSS,Metal1,66.0800,353.2690,0.000075
TAP_TAPCELL_ROW_86_1020,VSS,Metal1,26.8800,353.2690,0.000075
TAP_TAPCELL_ROW_85_1019,VSS,Metal1,360.0800,352.3305,0.000104
TAP_TAPCELL_ROW_85_1018,VSS,Metal1,320.8800,352.3305,0.000096
TAP_TAPCELL_ROW_85_1017,VSS,Metal1,281.6800,352.3305,0.000095
TAP_TAPCELL_ROW_85_1016,VSS,Metal1,242.4800,352.3305,0.000087
TAP_TAPCELL_ROW_85_1015,VSS,Metal1,203.2800,352.3305,0.000082
TAP_TAPCELL_ROW_85_1014,VSS,Metal1,164.0800,352.3305,0.000077
TAP_TAPCELL_ROW_85_1013,VSS,Metal1,124.8800,352.3305,0.000076
TAP_TAPCELL_ROW_85_1012,VSS,Metal1,85.6800,352.3305,0.000076
TAP_TAPCELL_ROW_85_1011,VSS,Metal1,46.4800,352.3305,0.000075
TAP_TAPCELL_ROW_84_1010,VSS,Metal1,379.6800,345.4290,0.000218
TAP_TAPCELL_ROW_84_1009,VSS,Metal1,340.4800,345.4290,0.000212
TAP_TAPCELL_ROW_84_1008,VSS,Metal1,301.2800,345.4290,0.000205
TAP_TAPCELL_ROW_84_1007,VSS,Metal1,262.0800,345.4290,0.000196
TAP_TAPCELL_ROW_84_1006,VSS,Metal1,222.8800,345.4290,0.000159
TAP_TAPCELL_ROW_84_1005,VSS,Metal1,183.6800,345.4290,0.000142
TAP_TAPCELL_ROW_84_1004,VSS,Metal1,144.4800,345.4290,0.000141
TAP_TAPCELL_ROW_84_1003,VSS,Metal1,105.2800,345.4290,0.000141
TAP_TAPCELL_ROW_84_1002,VSS,Metal1,66.0800,345.4290,0.000141
TAP_TAPCELL_ROW_84_1001,VSS,Metal1,26.8800,345.4290,0.000141
TAP_TAPCELL_ROW_83_1000,VSS,Metal1,360.0800,344.4905,0.000216
TAP_TAPCELL_ROW_83_999,VSS,Metal1,320.8800,344.4905,0.000206
TAP_TAPCELL_ROW_83_998,VSS,Metal1,281.6800,344.4905,0.000202
TAP_TAPCELL_ROW_83_997,VSS,Metal1,242.4800,344.4905,0.000185
TAP_TAPCELL_ROW_83_996,VSS,Metal1,203.2800,344.4905,0.000148
TAP_TAPCELL_ROW_83_995,VSS,Metal1,164.0800,344.4905,0.000142
TAP_TAPCELL_ROW_83_994,VSS,Metal1,124.8800,344.4905,0.000141
TAP_TAPCELL_ROW_83_993,VSS,Metal1,85.6800,344.4905,0.000141
TAP_TAPCELL_ROW_83_992,VSS,Metal1,46.4800,344.4905,0.000141
TAP_TAPCELL_ROW_82_991,VSS,Metal1,379.6800,337.5890,0.000258
TAP_TAPCELL_ROW_82_990,VSS,Metal1,340.4800,337.5890,0.000246
TAP_TAPCELL_ROW_82_989,VSS,Metal1,301.2800,337.5890,0.000249
TAP_TAPCELL_ROW_82_988,VSS,Metal1,262.0800,337.5890,0.000236
TAP_TAPCELL_ROW_82_987,VSS,Metal1,222.8800,337.5890,0.000175
TAP_TAPCELL_ROW_82_986,VSS,Metal1,183.6800,337.5890,0.000154
TAP_TAPCELL_ROW_82_985,VSS,Metal1,144.4800,337.5890,0.000149
TAP_TAPCELL_ROW_82_984,VSS,Metal1,105.2800,337.5890,0.000149
TAP_TAPCELL_ROW_82_983,VSS,Metal1,66.0800,337.5890,0.000149
TAP_TAPCELL_ROW_82_982,VSS,Metal1,26.8800,337.5890,0.000148
TAP_TAPCELL_ROW_81_981,VSS,Metal1,360.0800,336.6505,0.000255
TAP_TAPCELL_ROW_81_980,VSS,Metal1,320.8800,336.6505,0.000245
TAP_TAPCELL_ROW_81_979,VSS,Metal1,281.6800,336.6505,0.000244
TAP_TAPCELL_ROW_81_978,VSS,Metal1,242.4800,336.6505,0.000183
TAP_TAPCELL_ROW_81_977,VSS,Metal1,203.2800,336.6505,0.000159
TAP_TAPCELL_ROW_81_976,VSS,Metal1,164.0800,336.6505,0.000149
TAP_TAPCELL_ROW_81_975,VSS,Metal1,124.8800,336.6505,0.000149
TAP_TAPCELL_ROW_81_974,VSS,Metal1,85.6800,336.6505,0.000149
TAP_TAPCELL_ROW_81_973,VSS,Metal1,46.4800,336.6505,0.000149
TAP_TAPCELL_ROW_80_972,VSS,Metal1,379.6800,329.7490,0.000526
TAP_TAPCELL_ROW_80_971,VSS,Metal1,340.4800,329.7490,0.000497
TAP_TAPCELL_ROW_80_970,VSS,Metal1,301.2800,329.7490,0.000482
TAP_TAPCELL_ROW_80_969,VSS,Metal1,262.0800,329.7490,0.000445
TAP_TAPCELL_ROW_80_968,VSS,Metal1,222.8800,329.7490,0.000422
TAP_TAPCELL_ROW_80_967,VSS,Metal1,183.6800,329.7490,0.000263
TAP_TAPCELL_ROW_80_966,VSS,Metal1,144.4800,329.7490,0.000259
TAP_TAPCELL_ROW_80_965,VSS,Metal1,105.2800,329.7490,0.000258
TAP_TAPCELL_ROW_80_964,VSS,Metal1,66.0800,329.7490,0.000258
TAP_TAPCELL_ROW_80_963,VSS,Metal1,26.8800,329.7490,0.000258
TAP_TAPCELL_ROW_79_962,VSS,Metal1,360.0800,328.8105,0.000523
TAP_TAPCELL_ROW_79_961,VSS,Metal1,320.8800,328.8105,0.000491
TAP_TAPCELL_ROW_79_960,VSS,Metal1,281.6800,328.8105,0.000460
TAP_TAPCELL_ROW_79_959,VSS,Metal1,242.4800,328.8105,0.000436
TAP_TAPCELL_ROW_79_958,VSS,Metal1,203.2800,328.8105,0.000276
TAP_TAPCELL_ROW_79_957,VSS,Metal1,164.0800,328.8105,0.000259
TAP_TAPCELL_ROW_79_956,VSS,Metal1,124.8800,328.8105,0.000258
TAP_TAPCELL_ROW_79_955,VSS,Metal1,85.6800,328.8105,0.000258
TAP_TAPCELL_ROW_79_954,VSS,Metal1,46.4800,328.8105,0.000258
TAP_TAPCELL_ROW_78_953,VSS,Metal1,379.6800,321.9090,0.000614
TAP_TAPCELL_ROW_78_952,VSS,Metal1,340.4800,321.9090,0.000577
TAP_TAPCELL_ROW_78_951,VSS,Metal1,301.2800,321.9090,0.000518
TAP_TAPCELL_ROW_78_950,VSS,Metal1,262.0800,321.9090,0.000501
TAP_TAPCELL_ROW_78_949,VSS,Metal1,222.8800,321.9090,0.000451
TAP_TAPCELL_ROW_78_948,VSS,Metal1,183.6800,321.9090,0.000435
TAP_TAPCELL_ROW_78_947,VSS,Metal1,144.4800,321.9090,0.000280
TAP_TAPCELL_ROW_78_946,VSS,Metal1,105.2800,321.9090,0.000279
TAP_TAPCELL_ROW_78_945,VSS,Metal1,66.0800,321.9090,0.000279
TAP_TAPCELL_ROW_78_944,VSS,Metal1,26.8800,321.9090,0.000279
TAP_TAPCELL_ROW_77_943,VSS,Metal1,360.0800,320.9705,0.000582
TAP_TAPCELL_ROW_77_942,VSS,Metal1,320.8800,320.9705,0.000540
TAP_TAPCELL_ROW_77_941,VSS,Metal1,281.6800,320.9705,0.000506
TAP_TAPCELL_ROW_77_940,VSS,Metal1,242.4800,320.9705,0.000472
TAP_TAPCELL_ROW_77_939,VSS,Metal1,203.2800,320.9705,0.000435
TAP_TAPCELL_ROW_77_938,VSS,Metal1,164.0800,320.9705,0.000284
TAP_TAPCELL_ROW_77_937,VSS,Metal1,124.8800,320.9705,0.000280
TAP_TAPCELL_ROW_77_936,VSS,Metal1,85.6800,320.9705,0.000279
TAP_TAPCELL_ROW_77_935,VSS,Metal1,46.4800,320.9705,0.000279
TAP_TAPCELL_ROW_76_934,VSS,Metal1,379.6800,314.0690,0.000256
TAP_TAPCELL_ROW_76_933,VSS,Metal1,340.4800,314.0690,0.000240
TAP_TAPCELL_ROW_76_932,VSS,Metal1,301.2800,314.0690,0.000221
TAP_TAPCELL_ROW_76_931,VSS,Metal1,262.0800,314.0690,0.000205
TAP_TAPCELL_ROW_76_930,VSS,Metal1,222.8800,314.0690,0.000189
TAP_TAPCELL_ROW_76_929,VSS,Metal1,183.6800,314.0690,0.000153
TAP_TAPCELL_ROW_76_928,VSS,Metal1,144.4800,314.0690,0.000145
TAP_TAPCELL_ROW_76_927,VSS,Metal1,105.2800,314.0690,0.000145
TAP_TAPCELL_ROW_76_926,VSS,Metal1,66.0800,314.0690,0.000145
TAP_TAPCELL_ROW_76_925,VSS,Metal1,26.8800,314.0690,0.000145
TAP_TAPCELL_ROW_75_924,VSS,Metal1,360.0800,313.1305,0.000256
TAP_TAPCELL_ROW_75_923,VSS,Metal1,320.8800,313.1305,0.000229
TAP_TAPCELL_ROW_75_922,VSS,Metal1,281.6800,313.1305,0.000216
TAP_TAPCELL_ROW_75_921,VSS,Metal1,242.4800,313.1305,0.000202
TAP_TAPCELL_ROW_75_920,VSS,Metal1,203.2800,313.1305,0.000164
TAP_TAPCELL_ROW_75_919,VSS,Metal1,164.0800,313.1305,0.000147
TAP_TAPCELL_ROW_75_918,VSS,Metal1,124.8800,313.1305,0.000145
TAP_TAPCELL_ROW_75_917,VSS,Metal1,85.6800,313.1305,0.000145
TAP_TAPCELL_ROW_75_916,VSS,Metal1,46.4800,313.1305,0.000145
TAP_TAPCELL_ROW_74_915,VSS,Metal1,379.6800,306.2290,0.000180
TAP_TAPCELL_ROW_74_914,VSS,Metal1,340.4800,306.2290,0.000174
TAP_TAPCELL_ROW_74_913,VSS,Metal1,301.2800,306.2290,0.000155
TAP_TAPCELL_ROW_74_912,VSS,Metal1,262.0800,306.2290,0.000145
TAP_TAPCELL_ROW_74_911,VSS,Metal1,222.8800,306.2290,0.000137
TAP_TAPCELL_ROW_74_910,VSS,Metal1,183.6800,306.2290,0.000117
TAP_TAPCELL_ROW_74_909,VSS,Metal1,144.4800,306.2290,0.000116
TAP_TAPCELL_ROW_74_908,VSS,Metal1,105.2800,306.2290,0.000114
TAP_TAPCELL_ROW_74_907,VSS,Metal1,66.0800,306.2290,0.000114
TAP_TAPCELL_ROW_74_906,VSS,Metal1,26.8800,306.2290,0.000113
TAP_TAPCELL_ROW_73_905,VSS,Metal1,360.0800,305.2905,0.000179
TAP_TAPCELL_ROW_73_904,VSS,Metal1,320.8800,305.2905,0.000168
TAP_TAPCELL_ROW_73_903,VSS,Metal1,281.6800,305.2905,0.000151
TAP_TAPCELL_ROW_73_902,VSS,Metal1,242.4800,305.2905,0.000144
TAP_TAPCELL_ROW_73_901,VSS,Metal1,203.2800,305.2905,0.000125
TAP_TAPCELL_ROW_73_900,VSS,Metal1,164.0800,305.2905,0.000116
TAP_TAPCELL_ROW_73_899,VSS,Metal1,124.8800,305.2905,0.000114
TAP_TAPCELL_ROW_73_898,VSS,Metal1,85.6800,305.2905,0.000114
TAP_TAPCELL_ROW_73_897,VSS,Metal1,46.4800,305.2905,0.000113
TAP_TAPCELL_ROW_72_896,VSS,Metal1,379.6800,298.3890,0.000430
TAP_TAPCELL_ROW_72_895,VSS,Metal1,340.4800,298.3890,0.000400
TAP_TAPCELL_ROW_72_894,VSS,Metal1,301.2800,298.3890,0.000381
TAP_TAPCELL_ROW_72_893,VSS,Metal1,262.0800,298.3890,0.000366
TAP_TAPCELL_ROW_72_892,VSS,Metal1,222.8800,298.3890,0.000343
TAP_TAPCELL_ROW_72_891,VSS,Metal1,183.6800,298.3890,0.000285
TAP_TAPCELL_ROW_72_890,VSS,Metal1,144.4800,298.3890,0.000282
TAP_TAPCELL_ROW_72_889,VSS,Metal1,105.2800,298.3890,0.000277
TAP_TAPCELL_ROW_72_888,VSS,Metal1,66.0800,298.3890,0.000277
TAP_TAPCELL_ROW_72_887,VSS,Metal1,26.8800,298.3890,0.000277
TAP_TAPCELL_ROW_71_886,VSS,Metal1,360.0800,297.4505,0.000429
TAP_TAPCELL_ROW_71_885,VSS,Metal1,320.8800,297.4505,0.000387
TAP_TAPCELL_ROW_71_884,VSS,Metal1,281.6800,297.4505,0.000367
TAP_TAPCELL_ROW_71_883,VSS,Metal1,242.4800,297.4505,0.000353
TAP_TAPCELL_ROW_71_882,VSS,Metal1,203.2800,297.4505,0.000319
TAP_TAPCELL_ROW_71_881,VSS,Metal1,164.0800,297.4505,0.000284
TAP_TAPCELL_ROW_71_880,VSS,Metal1,124.8800,297.4505,0.000277
TAP_TAPCELL_ROW_71_879,VSS,Metal1,85.6800,297.4505,0.000277
TAP_TAPCELL_ROW_71_878,VSS,Metal1,46.4800,297.4505,0.000277
TAP_TAPCELL_ROW_70_877,VSS,Metal1,379.6800,290.5490,0.000115
TAP_TAPCELL_ROW_70_876,VSS,Metal1,340.4800,290.5490,0.000110
TAP_TAPCELL_ROW_70_875,VSS,Metal1,301.2800,290.5490,0.000111
TAP_TAPCELL_ROW_70_874,VSS,Metal1,262.0800,290.5490,0.000109
TAP_TAPCELL_ROW_70_873,VSS,Metal1,222.8800,290.5490,0.000106
TAP_TAPCELL_ROW_70_872,VSS,Metal1,183.6800,290.5490,0.000097
TAP_TAPCELL_ROW_70_871,VSS,Metal1,144.4800,290.5490,0.000083
TAP_TAPCELL_ROW_70_870,VSS,Metal1,105.2800,290.5490,0.000082
TAP_TAPCELL_ROW_70_869,VSS,Metal1,66.0800,290.5490,0.000082
TAP_TAPCELL_ROW_70_868,VSS,Metal1,26.8800,290.5490,0.000082
TAP_TAPCELL_ROW_69_867,VSS,Metal1,360.0800,289.6105,0.000113
TAP_TAPCELL_ROW_69_866,VSS,Metal1,320.8800,289.6105,0.000110
TAP_TAPCELL_ROW_69_865,VSS,Metal1,281.6800,289.6105,0.000110
TAP_TAPCELL_ROW_69_864,VSS,Metal1,242.4800,289.6105,0.000108
TAP_TAPCELL_ROW_69_863,VSS,Metal1,203.2800,289.6105,0.000103
TAP_TAPCELL_ROW_69_862,VSS,Metal1,164.0800,289.6105,0.000087
TAP_TAPCELL_ROW_69_861,VSS,Metal1,124.8800,289.6105,0.000082
TAP_TAPCELL_ROW_69_860,VSS,Metal1,85.6800,289.6105,0.000082
TAP_TAPCELL_ROW_69_859,VSS,Metal1,46.4800,289.6105,0.000082
TAP_TAPCELL_ROW_68_858,VSS,Metal1,379.6800,282.7090,0.000125
TAP_TAPCELL_ROW_68_857,VSS,Metal1,340.4800,282.7090,0.000123
TAP_TAPCELL_ROW_68_856,VSS,Metal1,301.2800,282.7090,0.000125
TAP_TAPCELL_ROW_68_855,VSS,Metal1,262.0800,282.7090,0.000127
TAP_TAPCELL_ROW_68_854,VSS,Metal1,222.8800,282.7090,0.000119
TAP_TAPCELL_ROW_68_853,VSS,Metal1,183.6800,282.7090,0.000113
TAP_TAPCELL_ROW_68_852,VSS,Metal1,144.4800,282.7090,0.000102
TAP_TAPCELL_ROW_68_851,VSS,Metal1,105.2800,282.7090,0.000102
TAP_TAPCELL_ROW_68_850,VSS,Metal1,66.0800,282.7090,0.000102
TAP_TAPCELL_ROW_68_849,VSS,Metal1,26.8800,282.7090,0.000102
TAP_TAPCELL_ROW_67_848,VSS,Metal1,360.0800,281.7705,0.000125
TAP_TAPCELL_ROW_67_847,VSS,Metal1,320.8800,281.7705,0.000122
TAP_TAPCELL_ROW_67_846,VSS,Metal1,281.6800,281.7705,0.000127
TAP_TAPCELL_ROW_67_845,VSS,Metal1,242.4800,281.7705,0.000126
TAP_TAPCELL_ROW_67_844,VSS,Metal1,203.2800,281.7705,0.000118
TAP_TAPCELL_ROW_67_843,VSS,Metal1,164.0800,281.7705,0.000108
TAP_TAPCELL_ROW_67_842,VSS,Metal1,124.8800,281.7705,0.000102
TAP_TAPCELL_ROW_67_841,VSS,Metal1,85.6800,281.7705,0.000102
TAP_TAPCELL_ROW_67_840,VSS,Metal1,46.4800,281.7705,0.000102
TAP_TAPCELL_ROW_66_839,VSS,Metal1,379.6800,274.8690,0.000132
TAP_TAPCELL_ROW_66_838,VSS,Metal1,340.4800,274.8690,0.000129
TAP_TAPCELL_ROW_66_837,VSS,Metal1,301.2800,274.8690,0.000129
TAP_TAPCELL_ROW_66_836,VSS,Metal1,262.0800,274.8690,0.000125
TAP_TAPCELL_ROW_66_835,VSS,Metal1,222.8800,274.8690,0.000111
TAP_TAPCELL_ROW_66_834,VSS,Metal1,183.6800,274.8690,0.000101
TAP_TAPCELL_ROW_66_833,VSS,Metal1,144.4800,274.8690,0.000099
TAP_TAPCELL_ROW_66_832,VSS,Metal1,105.2800,274.8690,0.000095
TAP_TAPCELL_ROW_66_831,VSS,Metal1,66.0800,274.8690,0.000090
TAP_TAPCELL_ROW_66_830,VSS,Metal1,26.8800,274.8690,0.000090
TAP_TAPCELL_ROW_65_829,VSS,Metal1,360.0800,273.9305,0.000131
TAP_TAPCELL_ROW_65_828,VSS,Metal1,320.8800,273.9305,0.000129
TAP_TAPCELL_ROW_65_827,VSS,Metal1,281.6800,273.9305,0.000129
TAP_TAPCELL_ROW_65_826,VSS,Metal1,242.4800,273.9305,0.000116
TAP_TAPCELL_ROW_65_825,VSS,Metal1,203.2800,273.9305,0.000107
TAP_TAPCELL_ROW_65_824,VSS,Metal1,164.0800,273.9305,0.000100
TAP_TAPCELL_ROW_65_823,VSS,Metal1,124.8800,273.9305,0.000097
TAP_TAPCELL_ROW_65_822,VSS,Metal1,85.6800,273.9305,0.000092
TAP_TAPCELL_ROW_65_821,VSS,Metal1,46.4800,273.9305,0.000090
TAP_TAPCELL_ROW_64_820,VSS,Metal1,379.6800,267.0290,0.000079
TAP_TAPCELL_ROW_64_819,VSS,Metal1,340.4800,267.0290,0.000077
TAP_TAPCELL_ROW_64_818,VSS,Metal1,301.2800,267.0290,0.000081
TAP_TAPCELL_ROW_64_817,VSS,Metal1,262.0800,267.0290,0.000079
TAP_TAPCELL_ROW_64_816,VSS,Metal1,222.8800,267.0290,0.000070
TAP_TAPCELL_ROW_64_815,VSS,Metal1,183.6800,267.0290,0.000067
TAP_TAPCELL_ROW_64_814,VSS,Metal1,144.4800,267.0290,0.000063
TAP_TAPCELL_ROW_64_813,VSS,Metal1,105.2800,267.0290,0.000056
TAP_TAPCELL_ROW_64_812,VSS,Metal1,66.0800,267.0290,0.000054
TAP_TAPCELL_ROW_64_811,VSS,Metal1,26.8800,267.0290,0.000054
TAP_TAPCELL_ROW_63_810,VSS,Metal1,360.0800,266.0905,0.000078
TAP_TAPCELL_ROW_63_809,VSS,Metal1,320.8800,266.0905,0.000077
TAP_TAPCELL_ROW_63_808,VSS,Metal1,281.6800,266.0905,0.000081
TAP_TAPCELL_ROW_63_807,VSS,Metal1,242.4800,266.0905,0.000074
TAP_TAPCELL_ROW_63_806,VSS,Metal1,203.2800,266.0905,0.000069
TAP_TAPCELL_ROW_63_805,VSS,Metal1,164.0800,266.0905,0.000063
TAP_TAPCELL_ROW_63_804,VSS,Metal1,124.8800,266.0905,0.000060
TAP_TAPCELL_ROW_63_803,VSS,Metal1,85.6800,266.0905,0.000056
TAP_TAPCELL_ROW_63_802,VSS,Metal1,46.4800,266.0905,0.000054
TAP_TAPCELL_ROW_62_801,VSS,Metal1,379.6800,259.1890,0.000115
TAP_TAPCELL_ROW_62_800,VSS,Metal1,340.4800,259.1890,0.000096
TAP_TAPCELL_ROW_62_799,VSS,Metal1,301.2800,259.1890,0.000098
TAP_TAPCELL_ROW_62_798,VSS,Metal1,262.0800,259.1890,0.000098
TAP_TAPCELL_ROW_62_797,VSS,Metal1,222.8800,259.1890,0.000091
TAP_TAPCELL_ROW_62_796,VSS,Metal1,183.6800,259.1890,0.000089
TAP_TAPCELL_ROW_62_795,VSS,Metal1,144.4800,259.1890,0.000089
TAP_TAPCELL_ROW_62_794,VSS,Metal1,105.2800,259.1890,0.000087
TAP_TAPCELL_ROW_62_793,VSS,Metal1,66.0800,259.1890,0.000086
TAP_TAPCELL_ROW_62_792,VSS,Metal1,26.8800,259.1890,0.000086
TAP_TAPCELL_ROW_61_791,VSS,Metal1,360.0800,258.2505,0.000114
TAP_TAPCELL_ROW_61_790,VSS,Metal1,320.8800,258.2505,0.000096
TAP_TAPCELL_ROW_61_789,VSS,Metal1,281.6800,258.2505,0.000098
TAP_TAPCELL_ROW_61_788,VSS,Metal1,242.4800,258.2505,0.000097
TAP_TAPCELL_ROW_61_787,VSS,Metal1,203.2800,258.2505,0.000089
TAP_TAPCELL_ROW_61_786,VSS,Metal1,164.0800,258.2505,0.000089
TAP_TAPCELL_ROW_61_785,VSS,Metal1,124.8800,258.2505,0.000088
TAP_TAPCELL_ROW_61_784,VSS,Metal1,85.6800,258.2505,0.000086
TAP_TAPCELL_ROW_61_783,VSS,Metal1,46.4800,258.2505,0.000086
TAP_TAPCELL_ROW_60_782,VSS,Metal1,379.6800,251.3490,0.000087
TAP_TAPCELL_ROW_60_781,VSS,Metal1,340.4800,251.3490,0.000086
TAP_TAPCELL_ROW_60_780,VSS,Metal1,301.2800,251.3490,0.000085
TAP_TAPCELL_ROW_60_779,VSS,Metal1,262.0800,251.3490,0.000084
TAP_TAPCELL_ROW_60_778,VSS,Metal1,222.8800,251.3490,0.000083
TAP_TAPCELL_ROW_60_777,VSS,Metal1,183.6800,251.3490,0.000077
TAP_TAPCELL_ROW_60_776,VSS,Metal1,144.4800,251.3490,0.000076
TAP_TAPCELL_ROW_60_775,VSS,Metal1,105.2800,251.3490,0.000055
TAP_TAPCELL_ROW_60_774,VSS,Metal1,66.0800,251.3490,0.000053
TAP_TAPCELL_ROW_60_773,VSS,Metal1,26.8800,251.3490,0.000053
TAP_TAPCELL_ROW_59_772,VSS,Metal1,360.0800,250.4105,0.000087
TAP_TAPCELL_ROW_59_771,VSS,Metal1,320.8800,250.4105,0.000084
TAP_TAPCELL_ROW_59_770,VSS,Metal1,281.6800,250.4105,0.000085
TAP_TAPCELL_ROW_59_769,VSS,Metal1,242.4800,250.4105,0.000084
TAP_TAPCELL_ROW_59_768,VSS,Metal1,203.2800,250.4105,0.000077
TAP_TAPCELL_ROW_59_767,VSS,Metal1,164.0800,250.4105,0.000077
TAP_TAPCELL_ROW_59_766,VSS,Metal1,124.8800,250.4105,0.000074
TAP_TAPCELL_ROW_59_765,VSS,Metal1,85.6800,250.4105,0.000053
TAP_TAPCELL_ROW_59_764,VSS,Metal1,46.4800,250.4105,0.000053
TAP_TAPCELL_ROW_58_763,VSS,Metal1,379.6800,243.5090,0.000094
TAP_TAPCELL_ROW_58_762,VSS,Metal1,340.4800,243.5090,0.000092
TAP_TAPCELL_ROW_58_761,VSS,Metal1,301.2800,243.5090,0.000089
TAP_TAPCELL_ROW_58_760,VSS,Metal1,262.0800,243.5090,0.000090
TAP_TAPCELL_ROW_58_759,VSS,Metal1,222.8800,243.5090,0.000085
TAP_TAPCELL_ROW_58_758,VSS,Metal1,183.6800,243.5090,0.000083
TAP_TAPCELL_ROW_58_757,VSS,Metal1,144.4800,243.5090,0.000076
TAP_TAPCELL_ROW_58_756,VSS,Metal1,105.2800,243.5090,0.000068
TAP_TAPCELL_ROW_58_755,VSS,Metal1,66.0800,243.5090,0.000054
TAP_TAPCELL_ROW_58_754,VSS,Metal1,26.8800,243.5090,0.000054
TAP_TAPCELL_ROW_57_753,VSS,Metal1,360.0800,242.5705,0.000094
TAP_TAPCELL_ROW_57_752,VSS,Metal1,320.8800,242.5705,0.000088
TAP_TAPCELL_ROW_57_751,VSS,Metal1,281.6800,242.5705,0.000090
TAP_TAPCELL_ROW_57_750,VSS,Metal1,242.4800,242.5705,0.000089
TAP_TAPCELL_ROW_57_749,VSS,Metal1,203.2800,242.5705,0.000084
TAP_TAPCELL_ROW_57_748,VSS,Metal1,164.0800,242.5705,0.000077
TAP_TAPCELL_ROW_57_747,VSS,Metal1,124.8800,242.5705,0.000069
TAP_TAPCELL_ROW_57_746,VSS,Metal1,85.6800,242.5705,0.000055
TAP_TAPCELL_ROW_57_745,VSS,Metal1,46.4800,242.5705,0.000054
TAP_TAPCELL_ROW_56_744,VSS,Metal1,379.6800,235.6690,0.000099
TAP_TAPCELL_ROW_56_743,VSS,Metal1,340.4800,235.6690,0.000096
TAP_TAPCELL_ROW_56_742,VSS,Metal1,301.2800,235.6690,0.000096
TAP_TAPCELL_ROW_56_741,VSS,Metal1,262.0800,235.6690,0.000089
TAP_TAPCELL_ROW_56_740,VSS,Metal1,222.8800,235.6690,0.000088
TAP_TAPCELL_ROW_56_739,VSS,Metal1,183.6800,235.6690,0.000074
TAP_TAPCELL_ROW_56_738,VSS,Metal1,144.4800,235.6690,0.000069
TAP_TAPCELL_ROW_56_737,VSS,Metal1,105.2800,235.6690,0.000068
TAP_TAPCELL_ROW_56_736,VSS,Metal1,66.0800,235.6690,0.000048
TAP_TAPCELL_ROW_56_735,VSS,Metal1,26.8800,235.6690,0.000048
TAP_TAPCELL_ROW_55_734,VSS,Metal1,360.0800,234.7305,0.000098
TAP_TAPCELL_ROW_55_733,VSS,Metal1,320.8800,234.7305,0.000096
TAP_TAPCELL_ROW_55_732,VSS,Metal1,281.6800,234.7305,0.000094
TAP_TAPCELL_ROW_55_731,VSS,Metal1,242.4800,234.7305,0.000088
TAP_TAPCELL_ROW_55_730,VSS,Metal1,203.2800,234.7305,0.000084
TAP_TAPCELL_ROW_55_729,VSS,Metal1,164.0800,234.7305,0.000070
TAP_TAPCELL_ROW_55_728,VSS,Metal1,124.8800,234.7305,0.000069
TAP_TAPCELL_ROW_55_727,VSS,Metal1,85.6800,234.7305,0.000048
TAP_TAPCELL_ROW_55_726,VSS,Metal1,46.4800,234.7305,0.000048
TAP_TAPCELL_ROW_54_725,VSS,Metal1,379.6800,227.8290,0.000080
TAP_TAPCELL_ROW_54_724,VSS,Metal1,340.4800,227.8290,0.000073
TAP_TAPCELL_ROW_54_723,VSS,Metal1,301.2800,227.8290,0.000071
TAP_TAPCELL_ROW_54_722,VSS,Metal1,262.0800,227.8290,0.000065
TAP_TAPCELL_ROW_54_721,VSS,Metal1,222.8800,227.8290,0.000062
TAP_TAPCELL_ROW_54_720,VSS,Metal1,183.6800,227.8290,0.000059
TAP_TAPCELL_ROW_54_719,VSS,Metal1,144.4800,227.8290,0.000058
TAP_TAPCELL_ROW_54_718,VSS,Metal1,105.2800,227.8290,0.000055
TAP_TAPCELL_ROW_54_717,VSS,Metal1,66.0800,227.8290,0.000052
TAP_TAPCELL_ROW_54_716,VSS,Metal1,26.8800,227.8290,0.000051
TAP_TAPCELL_ROW_53_715,VSS,Metal1,360.0800,226.8905,0.000078
TAP_TAPCELL_ROW_53_714,VSS,Metal1,320.8800,226.8905,0.000071
TAP_TAPCELL_ROW_53_713,VSS,Metal1,281.6800,226.8905,0.000068
TAP_TAPCELL_ROW_53_712,VSS,Metal1,242.4800,226.8905,0.000064
TAP_TAPCELL_ROW_53_711,VSS,Metal1,203.2800,226.8905,0.000062
TAP_TAPCELL_ROW_53_710,VSS,Metal1,164.0800,226.8905,0.000059
TAP_TAPCELL_ROW_53_709,VSS,Metal1,124.8800,226.8905,0.000056
TAP_TAPCELL_ROW_53_708,VSS,Metal1,85.6800,226.8905,0.000053
TAP_TAPCELL_ROW_53_707,VSS,Metal1,46.4800,226.8905,0.000051
TAP_TAPCELL_ROW_52_706,VSS,Metal1,379.6800,219.9890,0.000052
TAP_TAPCELL_ROW_52_705,VSS,Metal1,340.4800,219.9890,0.000048
TAP_TAPCELL_ROW_52_704,VSS,Metal1,301.2800,219.9890,0.000048
TAP_TAPCELL_ROW_52_703,VSS,Metal1,262.0800,219.9890,0.000047
TAP_TAPCELL_ROW_52_702,VSS,Metal1,222.8800,219.9890,0.000041
TAP_TAPCELL_ROW_52_701,VSS,Metal1,183.6800,219.9890,0.000038
TAP_TAPCELL_ROW_52_700,VSS,Metal1,144.4800,219.9890,0.000034
TAP_TAPCELL_ROW_52_699,VSS,Metal1,105.2800,219.9890,0.000030
TAP_TAPCELL_ROW_52_698,VSS,Metal1,66.0800,219.9890,0.000028
TAP_TAPCELL_ROW_52_697,VSS,Metal1,26.8800,219.9890,0.000028
TAP_TAPCELL_ROW_51_696,VSS,Metal1,360.0800,219.0505,0.000050
TAP_TAPCELL_ROW_51_695,VSS,Metal1,320.8800,219.0505,0.000048
TAP_TAPCELL_ROW_51_694,VSS,Metal1,281.6800,219.0505,0.000047
TAP_TAPCELL_ROW_51_693,VSS,Metal1,242.4800,219.0505,0.000043
TAP_TAPCELL_ROW_51_692,VSS,Metal1,203.2800,219.0505,0.000038
TAP_TAPCELL_ROW_51_691,VSS,Metal1,164.0800,219.0505,0.000035
TAP_TAPCELL_ROW_51_690,VSS,Metal1,124.8800,219.0505,0.000033
TAP_TAPCELL_ROW_51_689,VSS,Metal1,85.6800,219.0505,0.000028
TAP_TAPCELL_ROW_51_688,VSS,Metal1,46.4800,219.0505,0.000028
TAP_TAPCELL_ROW_50_687,VSS,Metal1,379.6800,212.1490,0.000067
TAP_TAPCELL_ROW_50_686,VSS,Metal1,340.4800,212.1490,0.000066
TAP_TAPCELL_ROW_50_685,VSS,Metal1,301.2800,212.1490,0.000065
TAP_TAPCELL_ROW_50_684,VSS,Metal1,262.0800,212.1490,0.000063
TAP_TAPCELL_ROW_50_683,VSS,Metal1,222.8800,212.1490,0.000054
TAP_TAPCELL_ROW_50_682,VSS,Metal1,183.6800,212.1490,0.000048
TAP_TAPCELL_ROW_50_681,VSS,Metal1,144.4800,212.1490,0.000044
TAP_TAPCELL_ROW_50_680,VSS,Metal1,105.2800,212.1490,0.000037
TAP_TAPCELL_ROW_50_679,VSS,Metal1,66.0800,212.1490,0.000034
TAP_TAPCELL_ROW_50_678,VSS,Metal1,26.8800,212.1490,0.000033
TAP_TAPCELL_ROW_49_677,VSS,Metal1,360.0800,211.2105,0.000067
TAP_TAPCELL_ROW_49_676,VSS,Metal1,320.8800,211.2105,0.000065
TAP_TAPCELL_ROW_49_675,VSS,Metal1,281.6800,211.2105,0.000064
TAP_TAPCELL_ROW_49_674,VSS,Metal1,242.4800,211.2105,0.000062
TAP_TAPCELL_ROW_49_673,VSS,Metal1,203.2800,211.2105,0.000051
TAP_TAPCELL_ROW_49_672,VSS,Metal1,164.0800,211.2105,0.000046
TAP_TAPCELL_ROW_49_671,VSS,Metal1,124.8800,211.2105,0.000043
TAP_TAPCELL_ROW_49_670,VSS,Metal1,85.6800,211.2105,0.000034
TAP_TAPCELL_ROW_49_669,VSS,Metal1,46.4800,211.2105,0.000033
TAP_TAPCELL_ROW_48_668,VSS,Metal1,379.6800,204.3090,0.000078
TAP_TAPCELL_ROW_48_667,VSS,Metal1,340.4800,204.3090,0.000074
TAP_TAPCELL_ROW_48_666,VSS,Metal1,301.2800,204.3090,0.000071
TAP_TAPCELL_ROW_48_665,VSS,Metal1,262.0800,204.3090,0.000069
TAP_TAPCELL_ROW_48_664,VSS,Metal1,222.8800,204.3090,0.000063
TAP_TAPCELL_ROW_48_663,VSS,Metal1,183.6800,204.3090,0.000061
TAP_TAPCELL_ROW_48_662,VSS,Metal1,144.4800,204.3090,0.000060
TAP_TAPCELL_ROW_48_661,VSS,Metal1,105.2800,204.3090,0.000058
TAP_TAPCELL_ROW_48_660,VSS,Metal1,66.0800,204.3090,0.000054
TAP_TAPCELL_ROW_48_659,VSS,Metal1,26.8800,204.3090,0.000054
TAP_TAPCELL_ROW_47_658,VSS,Metal1,360.0800,203.3705,0.000078
TAP_TAPCELL_ROW_47_657,VSS,Metal1,320.8800,203.3705,0.000071
TAP_TAPCELL_ROW_47_656,VSS,Metal1,281.6800,203.3705,0.000071
TAP_TAPCELL_ROW_47_655,VSS,Metal1,242.4800,203.3705,0.000067
TAP_TAPCELL_ROW_47_654,VSS,Metal1,203.2800,203.3705,0.000062
TAP_TAPCELL_ROW_47_653,VSS,Metal1,164.0800,203.3705,0.000061
TAP_TAPCELL_ROW_47_652,VSS,Metal1,124.8800,203.3705,0.000058
TAP_TAPCELL_ROW_47_651,VSS,Metal1,85.6800,203.3705,0.000055
TAP_TAPCELL_ROW_47_650,VSS,Metal1,46.4800,203.3705,0.000054
TAP_TAPCELL_ROW_46_649,VSS,Metal1,379.6800,196.4690,0.000066
TAP_TAPCELL_ROW_46_648,VSS,Metal1,340.4800,196.4690,0.000059
TAP_TAPCELL_ROW_46_647,VSS,Metal1,301.2800,196.4690,0.000059
TAP_TAPCELL_ROW_46_646,VSS,Metal1,262.0800,196.4690,0.000058
TAP_TAPCELL_ROW_46_645,VSS,Metal1,222.8800,196.4690,0.000057
TAP_TAPCELL_ROW_46_644,VSS,Metal1,183.6800,196.4690,0.000054
TAP_TAPCELL_ROW_46_643,VSS,Metal1,144.4800,196.4690,0.000054
TAP_TAPCELL_ROW_46_642,VSS,Metal1,105.2800,196.4690,0.000054
TAP_TAPCELL_ROW_46_641,VSS,Metal1,66.0800,196.4690,0.000051
TAP_TAPCELL_ROW_46_640,VSS,Metal1,26.8800,196.4690,0.000050
TAP_TAPCELL_ROW_45_639,VSS,Metal1,360.0800,195.5305,0.000066
TAP_TAPCELL_ROW_45_638,VSS,Metal1,320.8800,195.5305,0.000058
TAP_TAPCELL_ROW_45_637,VSS,Metal1,281.6800,195.5305,0.000059
TAP_TAPCELL_ROW_45_636,VSS,Metal1,242.4800,195.5305,0.000057
TAP_TAPCELL_ROW_45_635,VSS,Metal1,203.2800,195.5305,0.000056
TAP_TAPCELL_ROW_45_634,VSS,Metal1,164.0800,195.5305,0.000054
TAP_TAPCELL_ROW_45_633,VSS,Metal1,124.8800,195.5305,0.000054
TAP_TAPCELL_ROW_45_632,VSS,Metal1,85.6800,195.5305,0.000051
TAP_TAPCELL_ROW_45_631,VSS,Metal1,46.4800,195.5305,0.000050
TAP_TAPCELL_ROW_44_630,VSS,Metal1,379.6800,188.6290,0.000060
TAP_TAPCELL_ROW_44_629,VSS,Metal1,340.4800,188.6290,0.000059
TAP_TAPCELL_ROW_44_628,VSS,Metal1,301.2800,188.6290,0.000061
TAP_TAPCELL_ROW_44_627,VSS,Metal1,262.0800,188.6290,0.000060
TAP_TAPCELL_ROW_44_626,VSS,Metal1,222.8800,188.6290,0.000060
TAP_TAPCELL_ROW_44_625,VSS,Metal1,183.6800,188.6290,0.000057
TAP_TAPCELL_ROW_44_624,VSS,Metal1,144.4800,188.6290,0.000056
TAP_TAPCELL_ROW_44_623,VSS,Metal1,105.2800,188.6290,0.000056
TAP_TAPCELL_ROW_44_622,VSS,Metal1,66.0800,188.6290,0.000047
TAP_TAPCELL_ROW_44_621,VSS,Metal1,26.8800,188.6290,0.000046
TAP_TAPCELL_ROW_43_620,VSS,Metal1,360.0800,187.6905,0.000059
TAP_TAPCELL_ROW_43_619,VSS,Metal1,320.8800,187.6905,0.000059
TAP_TAPCELL_ROW_43_618,VSS,Metal1,281.6800,187.6905,0.000061
TAP_TAPCELL_ROW_43_617,VSS,Metal1,242.4800,187.6905,0.000060
TAP_TAPCELL_ROW_43_616,VSS,Metal1,203.2800,187.6905,0.000058
TAP_TAPCELL_ROW_43_615,VSS,Metal1,164.0800,187.6905,0.000056
TAP_TAPCELL_ROW_43_614,VSS,Metal1,124.8800,187.6905,0.000056
TAP_TAPCELL_ROW_43_613,VSS,Metal1,85.6800,187.6905,0.000053
TAP_TAPCELL_ROW_43_612,VSS,Metal1,46.4800,187.6905,0.000046
TAP_TAPCELL_ROW_42_611,VSS,Metal1,379.6800,180.7890,0.000061
TAP_TAPCELL_ROW_42_610,VSS,Metal1,340.4800,180.7890,0.000060
TAP_TAPCELL_ROW_42_609,VSS,Metal1,301.2800,180.7890,0.000060
TAP_TAPCELL_ROW_42_608,VSS,Metal1,262.0800,180.7890,0.000060
TAP_TAPCELL_ROW_42_607,VSS,Metal1,222.8800,180.7890,0.000057
TAP_TAPCELL_ROW_42_606,VSS,Metal1,183.6800,180.7890,0.000056
TAP_TAPCELL_ROW_42_605,VSS,Metal1,144.4800,180.7890,0.000055
TAP_TAPCELL_ROW_42_604,VSS,Metal1,105.2800,180.7890,0.000052
TAP_TAPCELL_ROW_42_603,VSS,Metal1,66.0800,180.7890,0.000031
TAP_TAPCELL_ROW_42_602,VSS,Metal1,26.8800,180.7890,0.000030
TAP_TAPCELL_ROW_41_601,VSS,Metal1,360.0800,179.8505,0.000061
TAP_TAPCELL_ROW_41_600,VSS,Metal1,320.8800,179.8505,0.000060
TAP_TAPCELL_ROW_41_599,VSS,Metal1,281.6800,179.8505,0.000060
TAP_TAPCELL_ROW_41_598,VSS,Metal1,242.4800,179.8505,0.000059
TAP_TAPCELL_ROW_41_597,VSS,Metal1,203.2800,179.8505,0.000056
TAP_TAPCELL_ROW_41_596,VSS,Metal1,164.0800,179.8505,0.000055
TAP_TAPCELL_ROW_41_595,VSS,Metal1,124.8800,179.8505,0.000053
TAP_TAPCELL_ROW_41_594,VSS,Metal1,85.6800,179.8505,0.000052
TAP_TAPCELL_ROW_41_593,VSS,Metal1,46.4800,179.8505,0.000030
TAP_TAPCELL_ROW_40_592,VSS,Metal1,379.6800,172.9490,0.000039
TAP_TAPCELL_ROW_40_591,VSS,Metal1,340.4800,172.9490,0.000039
TAP_TAPCELL_ROW_40_590,VSS,Metal1,301.2800,172.9490,0.000039
TAP_TAPCELL_ROW_40_589,VSS,Metal1,262.0800,172.9490,0.000038
TAP_TAPCELL_ROW_40_588,VSS,Metal1,222.8800,172.9490,0.000031
TAP_TAPCELL_ROW_40_587,VSS,Metal1,183.6800,172.9490,0.000028
TAP_TAPCELL_ROW_40_586,VSS,Metal1,144.4800,172.9490,0.000027
TAP_TAPCELL_ROW_40_585,VSS,Metal1,105.2800,172.9490,0.000026
TAP_TAPCELL_ROW_40_584,VSS,Metal1,66.0800,172.9490,0.000024
TAP_TAPCELL_ROW_40_583,VSS,Metal1,26.8800,172.9490,0.000024
TAP_TAPCELL_ROW_39_582,VSS,Metal1,360.0800,172.0105,0.000039
TAP_TAPCELL_ROW_39_581,VSS,Metal1,320.8800,172.0105,0.000039
TAP_TAPCELL_ROW_39_580,VSS,Metal1,281.6800,172.0105,0.000038
TAP_TAPCELL_ROW_39_579,VSS,Metal1,242.4800,172.0105,0.000032
TAP_TAPCELL_ROW_39_578,VSS,Metal1,203.2800,172.0105,0.000030
TAP_TAPCELL_ROW_39_577,VSS,Metal1,164.0800,172.0105,0.000027
TAP_TAPCELL_ROW_39_576,VSS,Metal1,124.8800,172.0105,0.000026
TAP_TAPCELL_ROW_39_575,VSS,Metal1,85.6800,172.0105,0.000025
TAP_TAPCELL_ROW_39_574,VSS,Metal1,46.4800,172.0105,0.000024
TAP_TAPCELL_ROW_38_573,VSS,Metal1,379.6800,165.1090,0.000062
TAP_TAPCELL_ROW_38_572,VSS,Metal1,340.4800,165.1090,0.000060
TAP_TAPCELL_ROW_38_571,VSS,Metal1,301.2800,165.1090,0.000059
TAP_TAPCELL_ROW_38_570,VSS,Metal1,262.0800,165.1090,0.000056
TAP_TAPCELL_ROW_38_569,VSS,Metal1,222.8800,165.1090,0.000053
TAP_TAPCELL_ROW_38_568,VSS,Metal1,183.6800,165.1090,0.000046
TAP_TAPCELL_ROW_38_567,VSS,Metal1,144.4800,165.1090,0.000045
TAP_TAPCELL_ROW_38_566,VSS,Metal1,105.2800,165.1090,0.000042
TAP_TAPCELL_ROW_38_565,VSS,Metal1,66.0800,165.1090,0.000039
TAP_TAPCELL_ROW_38_564,VSS,Metal1,26.8800,165.1090,0.000038
TAP_TAPCELL_ROW_37_563,VSS,Metal1,360.0800,164.1705,0.000062
TAP_TAPCELL_ROW_37_562,VSS,Metal1,320.8800,164.1705,0.000060
TAP_TAPCELL_ROW_37_561,VSS,Metal1,281.6800,164.1705,0.000059
TAP_TAPCELL_ROW_37_560,VSS,Metal1,242.4800,164.1705,0.000056
TAP_TAPCELL_ROW_37_559,VSS,Metal1,203.2800,164.1705,0.000049
TAP_TAPCELL_ROW_37_558,VSS,Metal1,164.0800,164.1705,0.000046
TAP_TAPCELL_ROW_37_557,VSS,Metal1,124.8800,164.1705,0.000044
TAP_TAPCELL_ROW_37_556,VSS,Metal1,85.6800,164.1705,0.000040
TAP_TAPCELL_ROW_37_555,VSS,Metal1,46.4800,164.1705,0.000038
TAP_TAPCELL_ROW_36_554,VSS,Metal1,379.6800,157.2690,0.000077
TAP_TAPCELL_ROW_36_553,VSS,Metal1,340.4800,157.2690,0.000075
TAP_TAPCELL_ROW_36_552,VSS,Metal1,301.2800,157.2690,0.000081
TAP_TAPCELL_ROW_36_551,VSS,Metal1,262.0800,157.2690,0.000084
TAP_TAPCELL_ROW_36_550,VSS,Metal1,222.8800,157.2690,0.000085
TAP_TAPCELL_ROW_36_549,VSS,Metal1,183.6800,157.2690,0.000064
TAP_TAPCELL_ROW_36_548,VSS,Metal1,144.4800,157.2690,0.000062
TAP_TAPCELL_ROW_36_547,VSS,Metal1,105.2800,157.2690,0.000055
TAP_TAPCELL_ROW_36_546,VSS,Metal1,66.0800,157.2690,0.000052
TAP_TAPCELL_ROW_36_545,VSS,Metal1,26.8800,157.2690,0.000050
TAP_TAPCELL_ROW_35_544,VSS,Metal1,360.0800,156.3305,0.000076
TAP_TAPCELL_ROW_35_543,VSS,Metal1,320.8800,156.3305,0.000081
TAP_TAPCELL_ROW_35_542,VSS,Metal1,281.6800,156.3305,0.000083
TAP_TAPCELL_ROW_35_541,VSS,Metal1,242.4800,156.3305,0.000084
TAP_TAPCELL_ROW_35_540,VSS,Metal1,203.2800,156.3305,0.000066
TAP_TAPCELL_ROW_35_539,VSS,Metal1,164.0800,156.3305,0.000063
TAP_TAPCELL_ROW_35_538,VSS,Metal1,124.8800,156.3305,0.000059
TAP_TAPCELL_ROW_35_537,VSS,Metal1,85.6800,156.3305,0.000055
TAP_TAPCELL_ROW_35_536,VSS,Metal1,46.4800,156.3305,0.000051
TAP_TAPCELL_ROW_34_535,VSS,Metal1,379.6800,149.4290,0.000033
TAP_TAPCELL_ROW_34_534,VSS,Metal1,340.4800,149.4290,0.000032
TAP_TAPCELL_ROW_34_533,VSS,Metal1,301.2800,149.4290,0.000032
TAP_TAPCELL_ROW_34_532,VSS,Metal1,262.0800,149.4290,0.000032
TAP_TAPCELL_ROW_34_531,VSS,Metal1,222.8800,149.4290,0.000031
TAP_TAPCELL_ROW_34_530,VSS,Metal1,183.6800,149.4290,0.000028
TAP_TAPCELL_ROW_34_529,VSS,Metal1,144.4800,149.4290,0.000026
TAP_TAPCELL_ROW_34_528,VSS,Metal1,105.2800,149.4290,0.000025
TAP_TAPCELL_ROW_34_527,VSS,Metal1,66.0800,149.4290,0.000024
TAP_TAPCELL_ROW_34_526,VSS,Metal1,26.8800,149.4290,0.000023
TAP_TAPCELL_ROW_33_525,VSS,Metal1,360.0800,148.4905,0.000033
TAP_TAPCELL_ROW_33_524,VSS,Metal1,320.8800,148.4905,0.000032
TAP_TAPCELL_ROW_33_523,VSS,Metal1,281.6800,148.4905,0.000032
TAP_TAPCELL_ROW_33_522,VSS,Metal1,242.4800,148.4905,0.000032
TAP_TAPCELL_ROW_33_521,VSS,Metal1,203.2800,148.4905,0.000030
TAP_TAPCELL_ROW_33_520,VSS,Metal1,164.0800,148.4905,0.000027
TAP_TAPCELL_ROW_33_519,VSS,Metal1,124.8800,148.4905,0.000025
TAP_TAPCELL_ROW_33_518,VSS,Metal1,85.6800,148.4905,0.000025
TAP_TAPCELL_ROW_33_517,VSS,Metal1,46.4800,148.4905,0.000023
TAP_TAPCELL_ROW_32_516,VSS,Metal1,379.6800,141.5890,0.000043
TAP_TAPCELL_ROW_32_515,VSS,Metal1,340.4800,141.5890,0.000041
TAP_TAPCELL_ROW_32_514,VSS,Metal1,301.2800,141.5890,0.000041
TAP_TAPCELL_ROW_32_513,VSS,Metal1,262.0800,141.5890,0.000041
TAP_TAPCELL_ROW_32_512,VSS,Metal1,222.8800,141.5890,0.000039
TAP_TAPCELL_ROW_32_511,VSS,Metal1,183.6800,141.5890,0.000035
TAP_TAPCELL_ROW_32_510,VSS,Metal1,144.4800,141.5890,0.000033
TAP_TAPCELL_ROW_32_509,VSS,Metal1,105.2800,141.5890,0.000030
TAP_TAPCELL_ROW_32_508,VSS,Metal1,66.0800,141.5890,0.000029
TAP_TAPCELL_ROW_32_507,VSS,Metal1,26.8800,141.5890,0.000028
TAP_TAPCELL_ROW_31_506,VSS,Metal1,360.0800,140.6505,0.000042
TAP_TAPCELL_ROW_31_505,VSS,Metal1,320.8800,140.6505,0.000041
TAP_TAPCELL_ROW_31_504,VSS,Metal1,281.6800,140.6505,0.000041
TAP_TAPCELL_ROW_31_503,VSS,Metal1,242.4800,140.6505,0.000040
TAP_TAPCELL_ROW_31_502,VSS,Metal1,203.2800,140.6505,0.000037
TAP_TAPCELL_ROW_31_501,VSS,Metal1,164.0800,140.6505,0.000034
TAP_TAPCELL_ROW_31_500,VSS,Metal1,124.8800,140.6505,0.000031
TAP_TAPCELL_ROW_31_499,VSS,Metal1,85.6800,140.6505,0.000029
TAP_TAPCELL_ROW_31_498,VSS,Metal1,46.4800,140.6505,0.000028
TAP_TAPCELL_ROW_30_497,VSS,Metal1,379.6800,133.7490,0.000038
TAP_TAPCELL_ROW_30_496,VSS,Metal1,340.4800,133.7490,0.000037
TAP_TAPCELL_ROW_30_495,VSS,Metal1,301.2800,133.7490,0.000037
TAP_TAPCELL_ROW_30_494,VSS,Metal1,262.0800,133.7490,0.000038
TAP_TAPCELL_ROW_30_493,VSS,Metal1,222.8800,133.7490,0.000037
TAP_TAPCELL_ROW_30_492,VSS,Metal1,183.6800,133.7490,0.000035
TAP_TAPCELL_ROW_30_491,VSS,Metal1,144.4800,133.7490,0.000033
TAP_TAPCELL_ROW_30_490,VSS,Metal1,105.2800,133.7490,0.000032
TAP_TAPCELL_ROW_30_489,VSS,Metal1,66.0800,133.7490,0.000031
TAP_TAPCELL_ROW_30_488,VSS,Metal1,26.8800,133.7490,0.000031
TAP_TAPCELL_ROW_29_487,VSS,Metal1,360.0800,132.8105,0.000038
TAP_TAPCELL_ROW_29_486,VSS,Metal1,320.8800,132.8105,0.000037
TAP_TAPCELL_ROW_29_485,VSS,Metal1,281.6800,132.8105,0.000037
TAP_TAPCELL_ROW_29_484,VSS,Metal1,242.4800,132.8105,0.000038
TAP_TAPCELL_ROW_29_483,VSS,Metal1,203.2800,132.8105,0.000036
TAP_TAPCELL_ROW_29_482,VSS,Metal1,164.0800,132.8105,0.000033
TAP_TAPCELL_ROW_29_481,VSS,Metal1,124.8800,132.8105,0.000033
TAP_TAPCELL_ROW_29_480,VSS,Metal1,85.6800,132.8105,0.000031
TAP_TAPCELL_ROW_29_479,VSS,Metal1,46.4800,132.8105,0.000031
TAP_TAPCELL_ROW_28_478,VSS,Metal1,379.6800,125.9090,0.000062
TAP_TAPCELL_ROW_28_477,VSS,Metal1,340.4800,125.9090,0.000059
TAP_TAPCELL_ROW_28_476,VSS,Metal1,301.2800,125.9090,0.000058
TAP_TAPCELL_ROW_28_475,VSS,Metal1,262.0800,125.9090,0.000058
TAP_TAPCELL_ROW_28_474,VSS,Metal1,222.8800,125.9090,0.000057
TAP_TAPCELL_ROW_28_473,VSS,Metal1,183.6800,125.9090,0.000055
TAP_TAPCELL_ROW_28_472,VSS,Metal1,144.4800,125.9090,0.000060
TAP_TAPCELL_ROW_28_471,VSS,Metal1,105.2800,125.9090,0.000058
TAP_TAPCELL_ROW_28_470,VSS,Metal1,66.0800,125.9090,0.000057
TAP_TAPCELL_ROW_28_469,VSS,Metal1,26.8800,125.9090,0.000057
TAP_TAPCELL_ROW_27_468,VSS,Metal1,360.0800,124.9705,0.000061
TAP_TAPCELL_ROW_27_467,VSS,Metal1,320.8800,124.9705,0.000058
TAP_TAPCELL_ROW_27_466,VSS,Metal1,281.6800,124.9705,0.000059
TAP_TAPCELL_ROW_27_465,VSS,Metal1,242.4800,124.9705,0.000058
TAP_TAPCELL_ROW_27_464,VSS,Metal1,203.2800,124.9705,0.000056
TAP_TAPCELL_ROW_27_463,VSS,Metal1,164.0800,124.9705,0.000057
TAP_TAPCELL_ROW_27_462,VSS,Metal1,124.8800,124.9705,0.000060
TAP_TAPCELL_ROW_27_461,VSS,Metal1,85.6800,124.9705,0.000057
TAP_TAPCELL_ROW_27_460,VSS,Metal1,46.4800,124.9705,0.000057
TAP_TAPCELL_ROW_26_459,VSS,Metal1,379.6800,118.0690,0.000048
TAP_TAPCELL_ROW_26_458,VSS,Metal1,340.4800,118.0690,0.000046
TAP_TAPCELL_ROW_26_457,VSS,Metal1,301.2800,118.0690,0.000048
TAP_TAPCELL_ROW_26_456,VSS,Metal1,262.0800,118.0690,0.000046
TAP_TAPCELL_ROW_26_455,VSS,Metal1,222.8800,118.0690,0.000044
TAP_TAPCELL_ROW_26_454,VSS,Metal1,183.6800,118.0690,0.000042
TAP_TAPCELL_ROW_26_453,VSS,Metal1,144.4800,118.0690,0.000038
TAP_TAPCELL_ROW_26_452,VSS,Metal1,105.2800,118.0690,0.000034
TAP_TAPCELL_ROW_26_451,VSS,Metal1,66.0800,118.0690,0.000034
TAP_TAPCELL_ROW_26_450,VSS,Metal1,26.8800,118.0690,0.000034
TAP_TAPCELL_ROW_25_449,VSS,Metal1,360.0800,117.1305,0.000047
TAP_TAPCELL_ROW_25_448,VSS,Metal1,320.8800,117.1305,0.000047
TAP_TAPCELL_ROW_25_447,VSS,Metal1,281.6800,117.1305,0.000047
TAP_TAPCELL_ROW_25_446,VSS,Metal1,242.4800,117.1305,0.000045
TAP_TAPCELL_ROW_25_445,VSS,Metal1,203.2800,117.1305,0.000043
TAP_TAPCELL_ROW_25_444,VSS,Metal1,164.0800,117.1305,0.000039
TAP_TAPCELL_ROW_25_443,VSS,Metal1,124.8800,117.1305,0.000034
TAP_TAPCELL_ROW_25_442,VSS,Metal1,85.6800,117.1305,0.000034
TAP_TAPCELL_ROW_25_441,VSS,Metal1,46.4800,117.1305,0.000034
TAP_TAPCELL_ROW_24_440,VSS,Metal1,379.6800,110.2290,0.000037
TAP_TAPCELL_ROW_24_439,VSS,Metal1,340.4800,110.2290,0.000036
TAP_TAPCELL_ROW_24_438,VSS,Metal1,301.2800,110.2290,0.000036
TAP_TAPCELL_ROW_24_437,VSS,Metal1,262.0800,110.2290,0.000035
TAP_TAPCELL_ROW_24_436,VSS,Metal1,222.8800,110.2290,0.000034
TAP_TAPCELL_ROW_24_435,VSS,Metal1,183.6800,110.2290,0.000031
TAP_TAPCELL_ROW_24_434,VSS,Metal1,144.4800,110.2290,0.000030
TAP_TAPCELL_ROW_24_433,VSS,Metal1,105.2800,110.2290,0.000029
TAP_TAPCELL_ROW_24_432,VSS,Metal1,66.0800,110.2290,0.000029
TAP_TAPCELL_ROW_24_431,VSS,Metal1,26.8800,110.2290,0.000029
TAP_TAPCELL_ROW_23_430,VSS,Metal1,360.0800,109.2905,0.000036
TAP_TAPCELL_ROW_23_429,VSS,Metal1,320.8800,109.2905,0.000036
TAP_TAPCELL_ROW_23_428,VSS,Metal1,281.6800,109.2905,0.000036
TAP_TAPCELL_ROW_23_427,VSS,Metal1,242.4800,109.2905,0.000035
TAP_TAPCELL_ROW_23_426,VSS,Metal1,203.2800,109.2905,0.000034
TAP_TAPCELL_ROW_23_425,VSS,Metal1,164.0800,109.2905,0.000030
TAP_TAPCELL_ROW_23_424,VSS,Metal1,124.8800,109.2905,0.000029
TAP_TAPCELL_ROW_23_423,VSS,Metal1,85.6800,109.2905,0.000029
TAP_TAPCELL_ROW_23_422,VSS,Metal1,46.4800,109.2905,0.000029
TAP_TAPCELL_ROW_22_421,VSS,Metal1,379.6800,102.3890,0.000048
TAP_TAPCELL_ROW_22_420,VSS,Metal1,340.4800,102.3890,0.000042
TAP_TAPCELL_ROW_22_419,VSS,Metal1,301.2800,102.3890,0.000043
TAP_TAPCELL_ROW_22_418,VSS,Metal1,262.0800,102.3890,0.000044
TAP_TAPCELL_ROW_22_417,VSS,Metal1,222.8800,102.3890,0.000041
TAP_TAPCELL_ROW_22_416,VSS,Metal1,183.6800,102.3890,0.000036
TAP_TAPCELL_ROW_22_415,VSS,Metal1,144.4800,102.3890,0.000034
TAP_TAPCELL_ROW_22_414,VSS,Metal1,105.2800,102.3890,0.000033
TAP_TAPCELL_ROW_22_413,VSS,Metal1,66.0800,102.3890,0.000033
TAP_TAPCELL_ROW_22_412,VSS,Metal1,26.8800,102.3890,0.000033
TAP_TAPCELL_ROW_21_411,VSS,Metal1,360.0800,101.4505,0.000048
TAP_TAPCELL_ROW_21_410,VSS,Metal1,320.8800,101.4505,0.000042
TAP_TAPCELL_ROW_21_409,VSS,Metal1,281.6800,101.4505,0.000044
TAP_TAPCELL_ROW_21_408,VSS,Metal1,242.4800,101.4505,0.000044
TAP_TAPCELL_ROW_21_407,VSS,Metal1,203.2800,101.4505,0.000040
TAP_TAPCELL_ROW_21_406,VSS,Metal1,164.0800,101.4505,0.000035
TAP_TAPCELL_ROW_21_405,VSS,Metal1,124.8800,101.4505,0.000033
TAP_TAPCELL_ROW_21_404,VSS,Metal1,85.6800,101.4505,0.000033
TAP_TAPCELL_ROW_21_403,VSS,Metal1,46.4800,101.4505,0.000033
TAP_TAPCELL_ROW_20_402,VSS,Metal1,379.6800,94.5490,0.000057
TAP_TAPCELL_ROW_20_401,VSS,Metal1,340.4800,94.5490,0.000055
TAP_TAPCELL_ROW_20_400,VSS,Metal1,301.2800,94.5490,0.000057
TAP_TAPCELL_ROW_20_399,VSS,Metal1,262.0800,94.5490,0.000057
TAP_TAPCELL_ROW_20_398,VSS,Metal1,222.8800,94.5490,0.000056
TAP_TAPCELL_ROW_20_397,VSS,Metal1,183.6800,94.5490,0.000044
TAP_TAPCELL_ROW_20_396,VSS,Metal1,144.4800,94.5490,0.000038
TAP_TAPCELL_ROW_20_395,VSS,Metal1,105.2800,94.5490,0.000036
TAP_TAPCELL_ROW_20_394,VSS,Metal1,66.0800,94.5490,0.000036
TAP_TAPCELL_ROW_20_393,VSS,Metal1,26.8800,94.5490,0.000036
TAP_TAPCELL_ROW_19_392,VSS,Metal1,360.0800,93.6105,0.000056
TAP_TAPCELL_ROW_19_391,VSS,Metal1,320.8800,93.6105,0.000055
TAP_TAPCELL_ROW_19_390,VSS,Metal1,281.6800,93.6105,0.000057
TAP_TAPCELL_ROW_19_389,VSS,Metal1,242.4800,93.6105,0.000057
TAP_TAPCELL_ROW_19_388,VSS,Metal1,203.2800,93.6105,0.000048
TAP_TAPCELL_ROW_19_387,VSS,Metal1,164.0800,93.6105,0.000043
TAP_TAPCELL_ROW_19_386,VSS,Metal1,124.8800,93.6105,0.000037
TAP_TAPCELL_ROW_19_385,VSS,Metal1,85.6800,93.6105,0.000036
TAP_TAPCELL_ROW_19_384,VSS,Metal1,46.4800,93.6105,0.000036
TAP_TAPCELL_ROW_18_383,VSS,Metal1,379.6800,86.7090,0.000095
TAP_TAPCELL_ROW_18_382,VSS,Metal1,340.4800,86.7090,0.000093
TAP_TAPCELL_ROW_18_381,VSS,Metal1,301.2800,86.7090,0.000093
TAP_TAPCELL_ROW_18_380,VSS,Metal1,262.0800,86.7090,0.000081
TAP_TAPCELL_ROW_18_379,VSS,Metal1,222.8800,86.7090,0.000079
TAP_TAPCELL_ROW_18_378,VSS,Metal1,183.6800,86.7090,0.000069
TAP_TAPCELL_ROW_18_377,VSS,Metal1,144.4800,86.7090,0.000062
TAP_TAPCELL_ROW_18_376,VSS,Metal1,105.2800,86.7090,0.000057
TAP_TAPCELL_ROW_18_375,VSS,Metal1,66.0800,86.7090,0.000057
TAP_TAPCELL_ROW_18_374,VSS,Metal1,26.8800,86.7090,0.000056
TAP_TAPCELL_ROW_17_373,VSS,Metal1,360.0800,85.7705,0.000094
TAP_TAPCELL_ROW_17_372,VSS,Metal1,320.8800,85.7705,0.000093
TAP_TAPCELL_ROW_17_371,VSS,Metal1,281.6800,85.7705,0.000093
TAP_TAPCELL_ROW_17_370,VSS,Metal1,242.4800,85.7705,0.000081
TAP_TAPCELL_ROW_17_369,VSS,Metal1,203.2800,85.7705,0.000074
TAP_TAPCELL_ROW_17_368,VSS,Metal1,164.0800,85.7705,0.000068
TAP_TAPCELL_ROW_17_367,VSS,Metal1,124.8800,85.7705,0.000058
TAP_TAPCELL_ROW_17_366,VSS,Metal1,85.6800,85.7705,0.000057
TAP_TAPCELL_ROW_17_365,VSS,Metal1,46.4800,85.7705,0.000056
TAP_TAPCELL_ROW_16_364,VSS,Metal1,379.6800,78.8690,0.000057
TAP_TAPCELL_ROW_16_363,VSS,Metal1,340.4800,78.8690,0.000056
TAP_TAPCELL_ROW_16_362,VSS,Metal1,301.2800,78.8690,0.000057
TAP_TAPCELL_ROW_16_361,VSS,Metal1,262.0800,78.8690,0.000056
TAP_TAPCELL_ROW_16_360,VSS,Metal1,222.8800,78.8690,0.000055
TAP_TAPCELL_ROW_16_359,VSS,Metal1,183.6800,78.8690,0.000050
TAP_TAPCELL_ROW_16_358,VSS,Metal1,144.4800,78.8690,0.000047
TAP_TAPCELL_ROW_16_357,VSS,Metal1,105.2800,78.8690,0.000042
TAP_TAPCELL_ROW_16_356,VSS,Metal1,66.0800,78.8690,0.000042
TAP_TAPCELL_ROW_16_355,VSS,Metal1,26.8800,78.8690,0.000042
TAP_TAPCELL_ROW_15_354,VSS,Metal1,360.0800,77.9305,0.000057
TAP_TAPCELL_ROW_15_353,VSS,Metal1,320.8800,77.9305,0.000056
TAP_TAPCELL_ROW_15_352,VSS,Metal1,281.6800,77.9305,0.000057
TAP_TAPCELL_ROW_15_351,VSS,Metal1,242.4800,77.9305,0.000055
TAP_TAPCELL_ROW_15_350,VSS,Metal1,203.2800,77.9305,0.000053
TAP_TAPCELL_ROW_15_349,VSS,Metal1,164.0800,77.9305,0.000048
TAP_TAPCELL_ROW_15_348,VSS,Metal1,124.8800,77.9305,0.000043
TAP_TAPCELL_ROW_15_347,VSS,Metal1,85.6800,77.9305,0.000042
TAP_TAPCELL_ROW_15_346,VSS,Metal1,46.4800,77.9305,0.000042
TAP_TAPCELL_ROW_14_345,VSS,Metal1,379.6800,71.0290,0.000070
TAP_TAPCELL_ROW_14_344,VSS,Metal1,340.4800,71.0290,0.000069
TAP_TAPCELL_ROW_14_343,VSS,Metal1,301.2800,71.0290,0.000074
TAP_TAPCELL_ROW_14_342,VSS,Metal1,262.0800,71.0290,0.000075
TAP_TAPCELL_ROW_14_341,VSS,Metal1,222.8800,71.0290,0.000074
TAP_TAPCELL_ROW_14_340,VSS,Metal1,183.6800,71.0290,0.000069
TAP_TAPCELL_ROW_14_339,VSS,Metal1,144.4800,71.0290,0.000060
TAP_TAPCELL_ROW_14_338,VSS,Metal1,105.2800,71.0290,0.000057
TAP_TAPCELL_ROW_14_337,VSS,Metal1,66.0800,71.0290,0.000057
TAP_TAPCELL_ROW_14_336,VSS,Metal1,26.8800,71.0290,0.000056
TAP_TAPCELL_ROW_13_335,VSS,Metal1,360.0800,70.0905,0.000070
TAP_TAPCELL_ROW_13_334,VSS,Metal1,320.8800,70.0905,0.000072
TAP_TAPCELL_ROW_13_333,VSS,Metal1,281.6800,70.0905,0.000075
TAP_TAPCELL_ROW_13_332,VSS,Metal1,242.4800,70.0905,0.000074
TAP_TAPCELL_ROW_13_331,VSS,Metal1,203.2800,70.0905,0.000073
TAP_TAPCELL_ROW_13_330,VSS,Metal1,164.0800,70.0905,0.000065
TAP_TAPCELL_ROW_13_329,VSS,Metal1,124.8800,70.0905,0.000058
TAP_TAPCELL_ROW_13_328,VSS,Metal1,85.6800,70.0905,0.000057
TAP_TAPCELL_ROW_13_327,VSS,Metal1,46.4800,70.0905,0.000057
TAP_TAPCELL_ROW_12_326,VSS,Metal1,379.6800,63.1890,0.000066
TAP_TAPCELL_ROW_12_325,VSS,Metal1,340.4800,63.1890,0.000065
TAP_TAPCELL_ROW_12_324,VSS,Metal1,301.2800,63.1890,0.000066
TAP_TAPCELL_ROW_12_323,VSS,Metal1,262.0800,63.1890,0.000067
TAP_TAPCELL_ROW_12_322,VSS,Metal1,222.8800,63.1890,0.000065
TAP_TAPCELL_ROW_12_321,VSS,Metal1,183.6800,63.1890,0.000040
TAP_TAPCELL_ROW_12_320,VSS,Metal1,144.4800,63.1890,0.000038
TAP_TAPCELL_ROW_12_319,VSS,Metal1,105.2800,63.1890,0.000036
TAP_TAPCELL_ROW_12_318,VSS,Metal1,66.0800,63.1890,0.000036
TAP_TAPCELL_ROW_12_317,VSS,Metal1,26.8800,63.1890,0.000036
TAP_TAPCELL_ROW_11_316,VSS,Metal1,360.0800,62.2505,0.000065
TAP_TAPCELL_ROW_11_315,VSS,Metal1,320.8800,62.2505,0.000065
TAP_TAPCELL_ROW_11_314,VSS,Metal1,281.6800,62.2505,0.000067
TAP_TAPCELL_ROW_11_313,VSS,Metal1,242.4800,62.2505,0.000065
TAP_TAPCELL_ROW_11_312,VSS,Metal1,203.2800,62.2505,0.000041
TAP_TAPCELL_ROW_11_311,VSS,Metal1,164.0800,62.2505,0.000039
TAP_TAPCELL_ROW_11_310,VSS,Metal1,124.8800,62.2505,0.000036
TAP_TAPCELL_ROW_11_309,VSS,Metal1,85.6800,62.2505,0.000036
TAP_TAPCELL_ROW_11_308,VSS,Metal1,46.4800,62.2505,0.000036
TAP_TAPCELL_ROW_10_307,VSS,Metal1,379.6800,55.3490,0.000036
TAP_TAPCELL_ROW_10_306,VSS,Metal1,340.4800,55.3490,0.000036
TAP_TAPCELL_ROW_10_305,VSS,Metal1,301.2800,55.3490,0.000037
TAP_TAPCELL_ROW_10_304,VSS,Metal1,262.0800,55.3490,0.000037
TAP_TAPCELL_ROW_10_303,VSS,Metal1,222.8800,55.3490,0.000036
TAP_TAPCELL_ROW_10_302,VSS,Metal1,183.6800,55.3490,0.000033
TAP_TAPCELL_ROW_10_301,VSS,Metal1,144.4800,55.3490,0.000032
TAP_TAPCELL_ROW_10_300,VSS,Metal1,105.2800,55.3490,0.000030
TAP_TAPCELL_ROW_10_299,VSS,Metal1,66.0800,55.3490,0.000030
TAP_TAPCELL_ROW_10_298,VSS,Metal1,26.8800,55.3490,0.000030
TAP_TAPCELL_ROW_9_297,VSS,Metal1,360.0800,54.4105,0.000036
TAP_TAPCELL_ROW_9_296,VSS,Metal1,320.8800,54.4105,0.000037
TAP_TAPCELL_ROW_9_295,VSS,Metal1,281.6800,54.4105,0.000037
TAP_TAPCELL_ROW_9_294,VSS,Metal1,242.4800,54.4105,0.000036
TAP_TAPCELL_ROW_9_293,VSS,Metal1,203.2800,54.4105,0.000034
TAP_TAPCELL_ROW_9_292,VSS,Metal1,164.0800,54.4105,0.000033
TAP_TAPCELL_ROW_9_291,VSS,Metal1,124.8800,54.4105,0.000031
TAP_TAPCELL_ROW_9_290,VSS,Metal1,85.6800,54.4105,0.000030
TAP_TAPCELL_ROW_9_289,VSS,Metal1,46.4800,54.4105,0.000030
TAP_TAPCELL_ROW_8_288,VSS,Metal1,379.6800,47.5090,0.000041
TAP_TAPCELL_ROW_8_287,VSS,Metal1,340.4800,47.5090,0.000039
TAP_TAPCELL_ROW_8_286,VSS,Metal1,301.2800,47.5090,0.000039
TAP_TAPCELL_ROW_8_285,VSS,Metal1,262.0800,47.5090,0.000038
TAP_TAPCELL_ROW_8_284,VSS,Metal1,222.8800,47.5090,0.000038
TAP_TAPCELL_ROW_8_283,VSS,Metal1,183.6800,47.5090,0.000036
TAP_TAPCELL_ROW_8_282,VSS,Metal1,144.4800,47.5090,0.000035
TAP_TAPCELL_ROW_8_281,VSS,Metal1,105.2800,47.5090,0.000034
TAP_TAPCELL_ROW_8_280,VSS,Metal1,66.0800,47.5090,0.000034
TAP_TAPCELL_ROW_8_279,VSS,Metal1,26.8800,47.5090,0.000034
TAP_TAPCELL_ROW_7_278,VSS,Metal1,360.0800,46.5705,0.000041
TAP_TAPCELL_ROW_7_277,VSS,Metal1,320.8800,46.5705,0.000039
TAP_TAPCELL_ROW_7_276,VSS,Metal1,281.6800,46.5705,0.000039
TAP_TAPCELL_ROW_7_275,VSS,Metal1,242.4800,46.5705,0.000038
TAP_TAPCELL_ROW_7_274,VSS,Metal1,203.2800,46.5705,0.000037
TAP_TAPCELL_ROW_7_273,VSS,Metal1,164.0800,46.5705,0.000035
TAP_TAPCELL_ROW_7_272,VSS,Metal1,124.8800,46.5705,0.000034
TAP_TAPCELL_ROW_7_271,VSS,Metal1,85.6800,46.5705,0.000034
TAP_TAPCELL_ROW_7_270,VSS,Metal1,46.4800,46.5705,0.000034
TAP_TAPCELL_ROW_6_269,VSS,Metal1,379.6800,39.6690,0.000036
TAP_TAPCELL_ROW_6_268,VSS,Metal1,340.4800,39.6690,0.000035
TAP_TAPCELL_ROW_6_267,VSS,Metal1,301.2800,39.6690,0.000034
TAP_TAPCELL_ROW_6_266,VSS,Metal1,262.0800,39.6690,0.000031
TAP_TAPCELL_ROW_6_265,VSS,Metal1,222.8800,39.6690,0.000028
TAP_TAPCELL_ROW_6_264,VSS,Metal1,183.6800,39.6690,0.000024
TAP_TAPCELL_ROW_6_263,VSS,Metal1,144.4800,39.6690,0.000024
TAP_TAPCELL_ROW_6_262,VSS,Metal1,105.2800,39.6690,0.000022
TAP_TAPCELL_ROW_6_261,VSS,Metal1,66.0800,39.6690,0.000022
TAP_TAPCELL_ROW_6_260,VSS,Metal1,26.8800,39.6690,0.000022
TAP_TAPCELL_ROW_5_259,VSS,Metal1,360.0800,38.7305,0.000036
TAP_TAPCELL_ROW_5_258,VSS,Metal1,320.8800,38.7305,0.000034
TAP_TAPCELL_ROW_5_257,VSS,Metal1,281.6800,38.7305,0.000033
TAP_TAPCELL_ROW_5_256,VSS,Metal1,242.4800,38.7305,0.000030
TAP_TAPCELL_ROW_5_255,VSS,Metal1,203.2800,38.7305,0.000028
TAP_TAPCELL_ROW_5_254,VSS,Metal1,164.0800,38.7305,0.000024
TAP_TAPCELL_ROW_5_253,VSS,Metal1,124.8800,38.7305,0.000022
TAP_TAPCELL_ROW_5_252,VSS,Metal1,85.6800,38.7305,0.000022
TAP_TAPCELL_ROW_5_251,VSS,Metal1,46.4800,38.7305,0.000022
TAP_TAPCELL_ROW_4_250,VSS,Metal1,379.6800,31.8290,0.000033
TAP_TAPCELL_ROW_4_249,VSS,Metal1,340.4800,31.8290,0.000033
TAP_TAPCELL_ROW_4_248,VSS,Metal1,301.2800,31.8290,0.000034
TAP_TAPCELL_ROW_4_247,VSS,Metal1,262.0800,31.8290,0.000034
TAP_TAPCELL_ROW_4_246,VSS,Metal1,222.8800,31.8290,0.000035
TAP_TAPCELL_ROW_4_245,VSS,Metal1,183.6800,31.8290,0.000036
TAP_TAPCELL_ROW_4_244,VSS,Metal1,144.4800,31.8290,0.000035
TAP_TAPCELL_ROW_4_243,VSS,Metal1,105.2800,31.8290,0.000034
TAP_TAPCELL_ROW_4_242,VSS,Metal1,66.0800,31.8290,0.000034
TAP_TAPCELL_ROW_4_241,VSS,Metal1,26.8800,31.8290,0.000034
TAP_TAPCELL_ROW_3_240,VSS,Metal1,360.0800,30.8905,0.000033
TAP_TAPCELL_ROW_3_239,VSS,Metal1,320.8800,30.8905,0.000033
TAP_TAPCELL_ROW_3_238,VSS,Metal1,281.6800,30.8905,0.000034
TAP_TAPCELL_ROW_3_237,VSS,Metal1,242.4800,30.8905,0.000034
TAP_TAPCELL_ROW_3_236,VSS,Metal1,203.2800,30.8905,0.000036
TAP_TAPCELL_ROW_3_235,VSS,Metal1,164.0800,30.8905,0.000036
TAP_TAPCELL_ROW_3_234,VSS,Metal1,124.8800,30.8905,0.000035
TAP_TAPCELL_ROW_3_233,VSS,Metal1,85.6800,30.8905,0.000034
TAP_TAPCELL_ROW_3_232,VSS,Metal1,46.4800,30.8905,0.000034
TAP_TAPCELL_ROW_2_231,VSS,Metal1,379.6800,23.9890,0.000035
TAP_TAPCELL_ROW_2_230,VSS,Metal1,340.4800,23.9890,0.000035
TAP_TAPCELL_ROW_2_229,VSS,Metal1,301.2800,23.9890,0.000036
TAP_TAPCELL_ROW_2_228,VSS,Metal1,262.0800,23.9890,0.000036
TAP_TAPCELL_ROW_2_227,VSS,Metal1,222.8800,23.9890,0.000037
TAP_TAPCELL_ROW_2_226,VSS,Metal1,183.6800,23.9890,0.000036
TAP_TAPCELL_ROW_2_225,VSS,Metal1,144.4800,23.9890,0.000036
TAP_TAPCELL_ROW_2_224,VSS,Metal1,105.2800,23.9890,0.000035
TAP_TAPCELL_ROW_2_223,VSS,Metal1,66.0800,23.9890,0.000035
TAP_TAPCELL_ROW_2_222,VSS,Metal1,26.8800,23.9890,0.000035
TAP_TAPCELL_ROW_1_221,VSS,Metal1,360.0800,23.0505,0.000035
TAP_TAPCELL_ROW_1_220,VSS,Metal1,320.8800,23.0505,0.000036
TAP_TAPCELL_ROW_1_219,VSS,Metal1,281.6800,23.0505,0.000036
TAP_TAPCELL_ROW_1_218,VSS,Metal1,242.4800,23.0505,0.000037
TAP_TAPCELL_ROW_1_217,VSS,Metal1,203.2800,23.0505,0.000037
TAP_TAPCELL_ROW_1_216,VSS,Metal1,164.0800,23.0505,0.000036
TAP_TAPCELL_ROW_1_215,VSS,Metal1,124.8800,23.0505,0.000036
TAP_TAPCELL_ROW_1_214,VSS,Metal1,85.6800,23.0505,0.000035
TAP_TAPCELL_ROW_1_213,VSS,Metal1,46.4800,23.0505,0.000035
TAP_TAPCELL_ROW_0_212,VSS,Metal1,369.0400,16.1490,0.000008
TAP_TAPCELL_ROW_0_211,VSS,Metal1,350.0000,16.1490,0.000008
TAP_TAPCELL_ROW_0_210,VSS,Metal1,330.9600,16.1490,0.000008
TAP_TAPCELL_ROW_0_209,VSS,Metal1,311.9200,16.1490,0.000008
TAP_TAPCELL_ROW_0_208,VSS,Metal1,292.8800,16.1490,0.000007
TAP_TAPCELL_ROW_0_207,VSS,Metal1,273.8400,16.1490,0.000007
TAP_TAPCELL_ROW_0_206,VSS,Metal1,254.8000,16.1490,0.000007
TAP_TAPCELL_ROW_0_205,VSS,Metal1,235.7600,16.1490,0.000006
TAP_TAPCELL_ROW_0_204,VSS,Metal1,216.7200,16.1490,0.000006
TAP_TAPCELL_ROW_0_203,VSS,Metal1,197.6800,16.1490,0.000005
TAP_TAPCELL_ROW_0_202,VSS,Metal1,178.6400,16.1490,0.000005
TAP_TAPCELL_ROW_0_201,VSS,Metal1,159.6000,16.1490,0.000005
TAP_TAPCELL_ROW_0_200,VSS,Metal1,140.5600,16.1490,0.000005
TAP_TAPCELL_ROW_0_199,VSS,Metal1,121.5200,16.1490,0.000005
TAP_TAPCELL_ROW_0_198,VSS,Metal1,102.4800,16.1490,0.000004
TAP_TAPCELL_ROW_0_197,VSS,Metal1,83.4400,16.1490,0.000004
TAP_TAPCELL_ROW_0_196,VSS,Metal1,64.4000,16.1490,0.000004
TAP_TAPCELL_ROW_0_195,VSS,Metal1,45.3600,16.1490,0.000004
TAP_TAPCELL_ROW_0_194,VSS,Metal1,26.3200,16.1490,0.000004
PHY_EDGE_ROW_96_Left_193,VSS,Metal1,7.2730,392.4700,0.000001
PHY_EDGE_ROW_95_Left_192,VSS,Metal1,7.2730,391.5300,0.000001
PHY_EDGE_ROW_94_Left_191,VSS,Metal1,7.2730,384.6300,0.000000
PHY_EDGE_ROW_93_Left_190,VSS,Metal1,7.2730,383.6900,0.000000
PHY_EDGE_ROW_92_Left_189,VSS,Metal1,7.2730,376.7900,0.000025
PHY_EDGE_ROW_91_Left_188,VSS,Metal1,7.2730,375.8500,0.000025
PHY_EDGE_ROW_90_Left_187,VSS,Metal1,7.2730,368.9500,0.000056
PHY_EDGE_ROW_89_Left_186,VSS,Metal1,7.2730,368.0100,0.000056
PHY_EDGE_ROW_88_Left_185,VSS,Metal1,7.2730,361.1100,0.000092
PHY_EDGE_ROW_87_Left_184,VSS,Metal1,7.2730,360.1700,0.000092
PHY_EDGE_ROW_86_Left_183,VSS,Metal1,7.2730,353.2700,0.000075
PHY_EDGE_ROW_85_Left_182,VSS,Metal1,7.2730,352.3300,0.000075
PHY_EDGE_ROW_84_Left_181,VSS,Metal1,7.2730,345.4300,0.000141
PHY_EDGE_ROW_83_Left_180,VSS,Metal1,7.2730,344.4900,0.000141
PHY_EDGE_ROW_82_Left_179,VSS,Metal1,7.2730,337.5900,0.000149
PHY_EDGE_ROW_81_Left_178,VSS,Metal1,7.2730,336.6500,0.000149
PHY_EDGE_ROW_80_Left_177,VSS,Metal1,7.2730,329.7500,0.000258
PHY_EDGE_ROW_79_Left_176,VSS,Metal1,7.2730,328.8100,0.000258
PHY_EDGE_ROW_78_Left_175,VSS,Metal1,7.2730,321.9100,0.000279
PHY_EDGE_ROW_77_Left_174,VSS,Metal1,7.2730,320.9700,0.000279
PHY_EDGE_ROW_76_Left_173,VSS,Metal1,7.2730,314.0700,0.000145
PHY_EDGE_ROW_75_Left_172,VSS,Metal1,7.2730,313.1300,0.000145
PHY_EDGE_ROW_74_Left_171,VSS,Metal1,7.2730,306.2300,0.000113
PHY_EDGE_ROW_73_Left_170,VSS,Metal1,7.2730,305.2900,0.000113
PHY_EDGE_ROW_72_Left_169,VSS,Metal1,7.2730,298.3900,0.000277
PHY_EDGE_ROW_71_Left_168,VSS,Metal1,7.2730,297.4500,0.000277
PHY_EDGE_ROW_70_Left_167,VSS,Metal1,7.2730,290.5500,0.000082
PHY_EDGE_ROW_69_Left_166,VSS,Metal1,7.2730,289.6100,0.000082
PHY_EDGE_ROW_68_Left_165,VSS,Metal1,7.2730,282.7100,0.000102
PHY_EDGE_ROW_67_Left_164,VSS,Metal1,7.2730,281.7700,0.000102
PHY_EDGE_ROW_66_Left_163,VSS,Metal1,7.2730,274.8700,0.000090
PHY_EDGE_ROW_65_Left_162,VSS,Metal1,7.2730,273.9300,0.000090
PHY_EDGE_ROW_64_Left_161,VSS,Metal1,7.2730,267.0300,0.000054
PHY_EDGE_ROW_63_Left_160,VSS,Metal1,7.2730,266.0900,0.000054
PHY_EDGE_ROW_62_Left_159,VSS,Metal1,7.2730,259.1900,0.000086
PHY_EDGE_ROW_61_Left_158,VSS,Metal1,7.2730,258.2500,0.000086
PHY_EDGE_ROW_60_Left_157,VSS,Metal1,7.2730,251.3500,0.000053
PHY_EDGE_ROW_59_Left_156,VSS,Metal1,7.2730,250.4100,0.000053
PHY_EDGE_ROW_58_Left_155,VSS,Metal1,7.2730,243.5100,0.000054
PHY_EDGE_ROW_57_Left_154,VSS,Metal1,7.2730,242.5700,0.000054
PHY_EDGE_ROW_56_Left_153,VSS,Metal1,7.2730,235.6700,0.000048
PHY_EDGE_ROW_55_Left_152,VSS,Metal1,7.2730,234.7300,0.000048
PHY_EDGE_ROW_54_Left_151,VSS,Metal1,7.2730,227.8300,0.000051
PHY_EDGE_ROW_53_Left_150,VSS,Metal1,7.2730,226.8900,0.000051
PHY_EDGE_ROW_52_Left_149,VSS,Metal1,7.2730,219.9900,0.000028
PHY_EDGE_ROW_51_Left_148,VSS,Metal1,7.2730,219.0500,0.000028
PHY_EDGE_ROW_50_Left_147,VSS,Metal1,7.2730,212.1500,0.000033
PHY_EDGE_ROW_49_Left_146,VSS,Metal1,7.2730,211.2100,0.000033
PHY_EDGE_ROW_48_Left_145,VSS,Metal1,7.2730,204.3100,0.000054
PHY_EDGE_ROW_47_Left_144,VSS,Metal1,7.2730,203.3700,0.000054
PHY_EDGE_ROW_46_Left_143,VSS,Metal1,7.2730,196.4700,0.000050
PHY_EDGE_ROW_45_Left_142,VSS,Metal1,7.2730,195.5300,0.000050
PHY_EDGE_ROW_44_Left_141,VSS,Metal1,7.2730,188.6300,0.000046
PHY_EDGE_ROW_43_Left_140,VSS,Metal1,7.2730,187.6900,0.000046
PHY_EDGE_ROW_42_Left_139,VSS,Metal1,7.2730,180.7900,0.000030
PHY_EDGE_ROW_41_Left_138,VSS,Metal1,7.2730,179.8500,0.000030
PHY_EDGE_ROW_40_Left_137,VSS,Metal1,7.2730,172.9500,0.000024
PHY_EDGE_ROW_39_Left_136,VSS,Metal1,7.2730,172.0100,0.000024
PHY_EDGE_ROW_38_Left_135,VSS,Metal1,7.2730,165.1100,0.000038
PHY_EDGE_ROW_37_Left_134,VSS,Metal1,7.2730,164.1700,0.000038
PHY_EDGE_ROW_36_Left_133,VSS,Metal1,7.2730,157.2700,0.000050
PHY_EDGE_ROW_35_Left_132,VSS,Metal1,7.2730,156.3300,0.000050
PHY_EDGE_ROW_34_Left_131,VSS,Metal1,7.2730,149.4300,0.000023
PHY_EDGE_ROW_33_Left_130,VSS,Metal1,7.2730,148.4900,0.000023
PHY_EDGE_ROW_32_Left_129,VSS,Metal1,7.2730,141.5900,0.000028
PHY_EDGE_ROW_31_Left_128,VSS,Metal1,7.2730,140.6500,0.000028
PHY_EDGE_ROW_30_Left_127,VSS,Metal1,7.2730,133.7500,0.000031
PHY_EDGE_ROW_29_Left_126,VSS,Metal1,7.2730,132.8100,0.000031
PHY_EDGE_ROW_28_Left_125,VSS,Metal1,7.2730,125.9100,0.000057
PHY_EDGE_ROW_27_Left_124,VSS,Metal1,7.2730,124.9700,0.000057
PHY_EDGE_ROW_26_Left_123,VSS,Metal1,7.2730,118.0700,0.000034
PHY_EDGE_ROW_25_Left_122,VSS,Metal1,7.2730,117.1300,0.000034
PHY_EDGE_ROW_24_Left_121,VSS,Metal1,7.2730,110.2300,0.000029
PHY_EDGE_ROW_23_Left_120,VSS,Metal1,7.2730,109.2900,0.000029
PHY_EDGE_ROW_22_Left_119,VSS,Metal1,7.2730,102.3900,0.000033
PHY_EDGE_ROW_21_Left_118,VSS,Metal1,7.2730,101.4500,0.000033
PHY_EDGE_ROW_20_Left_117,VSS,Metal1,7.2730,94.5500,0.000036
PHY_EDGE_ROW_19_Left_116,VSS,Metal1,7.2730,93.6100,0.000036
PHY_EDGE_ROW_18_Left_115,VSS,Metal1,7.2730,86.7100,0.000056
PHY_EDGE_ROW_17_Left_114,VSS,Metal1,7.2730,85.7700,0.000056
PHY_EDGE_ROW_16_Left_113,VSS,Metal1,7.2730,78.8700,0.000042
PHY_EDGE_ROW_15_Left_112,VSS,Metal1,7.2730,77.9300,0.000042
PHY_EDGE_ROW_14_Left_111,VSS,Metal1,7.2730,71.0300,0.000056
PHY_EDGE_ROW_13_Left_110,VSS,Metal1,7.2730,70.0900,0.000056
PHY_EDGE_ROW_12_Left_109,VSS,Metal1,7.2730,63.1900,0.000036
PHY_EDGE_ROW_11_Left_108,VSS,Metal1,7.2730,62.2500,0.000036
PHY_EDGE_ROW_10_Left_107,VSS,Metal1,7.2730,55.3500,0.000030
PHY_EDGE_ROW_9_Left_106,VSS,Metal1,7.2730,54.4100,0.000030
PHY_EDGE_ROW_8_Left_105,VSS,Metal1,7.2730,47.5100,0.000034
PHY_EDGE_ROW_7_Left_104,VSS,Metal1,7.2730,46.5700,0.000034
PHY_EDGE_ROW_6_Left_103,VSS,Metal1,7.2730,39.6700,0.000022
PHY_EDGE_ROW_5_Left_102,VSS,Metal1,7.2730,38.7300,0.000022
PHY_EDGE_ROW_4_Left_101,VSS,Metal1,7.2730,31.8300,0.000034
PHY_EDGE_ROW_3_Left_100,VSS,Metal1,7.2730,30.8900,0.000034
PHY_EDGE_ROW_2_Left_99,VSS,Metal1,7.2730,23.9900,0.000035
PHY_EDGE_ROW_1_Left_98,VSS,Metal1,7.2730,23.0500,0.000035
PHY_EDGE_ROW_0_Left_97,VSS,Metal1,7.2730,16.1500,0.000004
PHY_EDGE_ROW_96_Right_96,VSS,Metal1,386.4065,392.4700,0.000001
PHY_EDGE_ROW_95_Right_95,VSS,Metal1,386.4065,391.5300,0.000001
PHY_EDGE_ROW_94_Right_94,VSS,Metal1,386.4065,384.6300,0.000000
PHY_EDGE_ROW_93_Right_93,VSS,Metal1,386.4065,383.6900,0.000000
PHY_EDGE_ROW_92_Right_92,VSS,Metal1,386.4065,376.7900,0.000028
PHY_EDGE_ROW_91_Right_91,VSS,Metal1,386.4065,375.8500,0.000028
PHY_EDGE_ROW_90_Right_90,VSS,Metal1,386.4065,368.9500,0.000101
PHY_EDGE_ROW_89_Right_89,VSS,Metal1,386.4065,368.0100,0.000101
PHY_EDGE_ROW_88_Right_88,VSS,Metal1,386.4065,361.1100,0.000126
PHY_EDGE_ROW_87_Right_87,VSS,Metal1,386.4065,360.1700,0.000126
PHY_EDGE_ROW_86_Right_86,VSS,Metal1,386.4065,353.2700,0.000107
PHY_EDGE_ROW_85_Right_85,VSS,Metal1,386.4065,352.3300,0.000107
PHY_EDGE_ROW_84_Right_84,VSS,Metal1,386.4065,345.4300,0.000220
PHY_EDGE_ROW_83_Right_83,VSS,Metal1,386.4065,344.4900,0.000220
PHY_EDGE_ROW_82_Right_82,VSS,Metal1,386.4065,337.5900,0.000260
PHY_EDGE_ROW_81_Right_81,VSS,Metal1,386.4065,336.6500,0.000260
PHY_EDGE_ROW_80_Right_80,VSS,Metal1,386.4065,329.7500,0.000526
PHY_EDGE_ROW_79_Right_79,VSS,Metal1,386.4065,328.8100,0.000526
PHY_EDGE_ROW_78_Right_78,VSS,Metal1,386.4065,321.9100,0.000614
PHY_EDGE_ROW_77_Right_77,VSS,Metal1,386.4065,320.9700,0.000614
PHY_EDGE_ROW_76_Right_76,VSS,Metal1,386.4065,314.0700,0.000256
PHY_EDGE_ROW_75_Right_75,VSS,Metal1,386.4065,313.1300,0.000256
PHY_EDGE_ROW_74_Right_74,VSS,Metal1,386.4065,306.2300,0.000180
PHY_EDGE_ROW_73_Right_73,VSS,Metal1,386.4065,305.2900,0.000180
PHY_EDGE_ROW_72_Right_72,VSS,Metal1,386.4065,298.3900,0.000430
PHY_EDGE_ROW_71_Right_71,VSS,Metal1,386.4065,297.4500,0.000430
PHY_EDGE_ROW_70_Right_70,VSS,Metal1,386.4065,290.5500,0.000115
PHY_EDGE_ROW_69_Right_69,VSS,Metal1,386.4065,289.6100,0.000115
PHY_EDGE_ROW_68_Right_68,VSS,Metal1,386.4065,282.7100,0.000125
PHY_EDGE_ROW_67_Right_67,VSS,Metal1,386.4065,281.7700,0.000125
PHY_EDGE_ROW_66_Right_66,VSS,Metal1,386.4065,274.8700,0.000133
PHY_EDGE_ROW_65_Right_65,VSS,Metal1,386.4065,273.9300,0.000133
PHY_EDGE_ROW_64_Right_64,VSS,Metal1,386.4065,267.0300,0.000079
PHY_EDGE_ROW_63_Right_63,VSS,Metal1,386.4065,266.0900,0.000079
PHY_EDGE_ROW_62_Right_62,VSS,Metal1,386.4065,259.1900,0.000115
PHY_EDGE_ROW_61_Right_61,VSS,Metal1,386.4065,258.2500,0.000115
PHY_EDGE_ROW_60_Right_60,VSS,Metal1,386.4065,251.3500,0.000087
PHY_EDGE_ROW_59_Right_59,VSS,Metal1,386.4065,250.4100,0.000087
PHY_EDGE_ROW_58_Right_58,VSS,Metal1,386.4065,243.5100,0.000094
PHY_EDGE_ROW_57_Right_57,VSS,Metal1,386.4065,242.5700,0.000094
PHY_EDGE_ROW_56_Right_56,VSS,Metal1,386.4065,235.6700,0.000099
PHY_EDGE_ROW_55_Right_55,VSS,Metal1,386.4065,234.7300,0.000099
PHY_EDGE_ROW_54_Right_54,VSS,Metal1,386.4065,227.8300,0.000080
PHY_EDGE_ROW_53_Right_53,VSS,Metal1,386.4065,226.8900,0.000080
PHY_EDGE_ROW_52_Right_52,VSS,Metal1,386.4065,219.9900,0.000052
PHY_EDGE_ROW_51_Right_51,VSS,Metal1,386.4065,219.0500,0.000052
PHY_EDGE_ROW_50_Right_50,VSS,Metal1,386.4065,212.1500,0.000067
PHY_EDGE_ROW_49_Right_49,VSS,Metal1,386.4065,211.2100,0.000067
PHY_EDGE_ROW_48_Right_48,VSS,Metal1,386.4065,204.3100,0.000078
PHY_EDGE_ROW_47_Right_47,VSS,Metal1,386.4065,203.3700,0.000078
PHY_EDGE_ROW_46_Right_46,VSS,Metal1,386.4065,196.4700,0.000066
PHY_EDGE_ROW_45_Right_45,VSS,Metal1,386.4065,195.5300,0.000066
PHY_EDGE_ROW_44_Right_44,VSS,Metal1,386.4065,188.6300,0.000060
PHY_EDGE_ROW_43_Right_43,VSS,Metal1,386.4065,187.6900,0.000060
PHY_EDGE_ROW_42_Right_42,VSS,Metal1,386.4065,180.7900,0.000061
PHY_EDGE_ROW_41_Right_41,VSS,Metal1,386.4065,179.8500,0.000061
PHY_EDGE_ROW_40_Right_40,VSS,Metal1,386.4065,172.9500,0.000039
PHY_EDGE_ROW_39_Right_39,VSS,Metal1,386.4065,172.0100,0.000039
PHY_EDGE_ROW_38_Right_38,VSS,Metal1,386.4065,165.1100,0.000062
PHY_EDGE_ROW_37_Right_37,VSS,Metal1,386.4065,164.1700,0.000062
PHY_EDGE_ROW_36_Right_36,VSS,Metal1,386.4065,157.2700,0.000077
PHY_EDGE_ROW_35_Right_35,VSS,Metal1,386.4065,156.3300,0.000077
PHY_EDGE_ROW_34_Right_34,VSS,Metal1,386.4065,149.4300,0.000033
PHY_EDGE_ROW_33_Right_33,VSS,Metal1,386.4065,148.4900,0.000033
PHY_EDGE_ROW_32_Right_32,VSS,Metal1,386.4065,141.5900,0.000043
PHY_EDGE_ROW_31_Right_31,VSS,Metal1,386.4065,140.6500,0.000043
PHY_EDGE_ROW_30_Right_30,VSS,Metal1,386.4065,133.7500,0.000038
PHY_EDGE_ROW_29_Right_29,VSS,Metal1,386.4065,132.8100,0.000038
PHY_EDGE_ROW_28_Right_28,VSS,Metal1,386.4065,125.9100,0.000062
PHY_EDGE_ROW_27_Right_27,VSS,Metal1,386.4065,124.9700,0.000062
PHY_EDGE_ROW_26_Right_26,VSS,Metal1,386.4065,118.0700,0.000048
PHY_EDGE_ROW_25_Right_25,VSS,Metal1,386.4065,117.1300,0.000048
PHY_EDGE_ROW_24_Right_24,VSS,Metal1,386.4065,110.2300,0.000037
PHY_EDGE_ROW_23_Right_23,VSS,Metal1,386.4065,109.2900,0.000037
PHY_EDGE_ROW_22_Right_22,VSS,Metal1,386.4065,102.3900,0.000048
PHY_EDGE_ROW_21_Right_21,VSS,Metal1,386.4065,101.4500,0.000048
PHY_EDGE_ROW_20_Right_20,VSS,Metal1,386.4065,94.5500,0.000057
PHY_EDGE_ROW_19_Right_19,VSS,Metal1,386.4065,93.6100,0.000057
PHY_EDGE_ROW_18_Right_18,VSS,Metal1,386.4065,86.7100,0.000095
PHY_EDGE_ROW_17_Right_17,VSS,Metal1,386.4065,85.7700,0.000095
PHY_EDGE_ROW_16_Right_16,VSS,Metal1,386.4065,78.8700,0.000057
PHY_EDGE_ROW_15_Right_15,VSS,Metal1,386.4065,77.9300,0.000057
PHY_EDGE_ROW_14_Right_14,VSS,Metal1,386.4065,71.0300,0.000070
PHY_EDGE_ROW_13_Right_13,VSS,Metal1,386.4065,70.0900,0.000070
PHY_EDGE_ROW_12_Right_12,VSS,Metal1,386.4065,63.1900,0.000066
PHY_EDGE_ROW_11_Right_11,VSS,Metal1,386.4065,62.2500,0.000066
PHY_EDGE_ROW_10_Right_10,VSS,Metal1,386.4065,55.3500,0.000037
PHY_EDGE_ROW_9_Right_9,VSS,Metal1,386.4065,54.4100,0.000037
PHY_EDGE_ROW_8_Right_8,VSS,Metal1,386.4065,47.5100,0.000041
PHY_EDGE_ROW_7_Right_7,VSS,Metal1,386.4065,46.5700,0.000041
PHY_EDGE_ROW_6_Right_6,VSS,Metal1,386.4065,39.6700,0.000036
PHY_EDGE_ROW_5_Right_5,VSS,Metal1,386.4065,38.7300,0.000036
PHY_EDGE_ROW_4_Right_4,VSS,Metal1,386.4065,31.8300,0.000033
PHY_EDGE_ROW_3_Right_3,VSS,Metal1,386.4065,30.8900,0.000033
PHY_EDGE_ROW_2_Right_2,VSS,Metal1,386.4065,23.9900,0.000035
PHY_EDGE_ROW_1_Right_1,VSS,Metal1,386.4065,23.0500,0.000035
PHY_EDGE_ROW_0_Right_0,VSS,Metal1,386.4065,16.1500,0.000008
_3781_,VSS,Metal1,343.2900,235.4910,0.000097
_3780_,VSS,Metal1,384.1500,258.4285,0.000115
_3779_,VSS,Metal1,123.6175,243.5850,0.000069
_3778_,VSS,Metal1,119.4220,259.2650,0.000088
_3777_,VSS,Metal1,111.5820,266.0145,0.000056
_3776_,VSS,Metal1,105.9820,273.8545,0.000095
_3775_,VSS,Metal1,94.7820,267.1050,0.000056
_3774_,VSS,Metal1,290.7820,24.0650,0.000036
_3773_,VSS,Metal1,212.3820,24.0650,0.000037
_3772_,VSS,Metal1,201.1820,31.9050,0.000036
_3771_,VSS,Metal1,193.3420,24.0650,0.000036
_3770_,VSS,Metal1,173.1820,24.0650,0.000036
_3769_,VSS,Metal1,161.9820,31.9050,0.000036
_3768_,VSS,Metal1,148.5420,22.9745,0.000036
_3767_,VSS,Metal1,134.5420,30.8145,0.000035
_3766_,VSS,Metal1,128.3820,47.5850,0.000034
_3765_,VSS,Metal1,231.9820,30.8145,0.000035
_3764_,VSS,Metal1,312.6220,24.0650,0.000036
_3763_,VSS,Metal1,137.6175,234.6545,0.000069
_3762_,VSS,Metal1,159.1525,196.5425,0.000054
_3761_,VSS,Metal1,133.9820,110.3050,0.000029
_3760_,VSS,Metal1,154.1420,110.3050,0.000030
_3759_,VSS,Metal1,151.3420,117.0545,0.000038
_3758_,VSS,Metal1,183.8220,109.2145,0.000031
_3757_,VSS,Metal1,173.6595,118.1390,0.000039
_3756_,VSS,Metal1,212.3820,71.1050,0.000074
_3755_,VSS,Metal1,229.0995,77.8605,0.000055
_3754_,VSS,Metal1,198.3820,94.6250,0.000048
_3753_,VSS,Metal1,247.5795,86.7790,0.000081
_3752_,VSS,Metal1,237.5820,63.2650,0.000065
_3751_,VSS,Metal1,258.8620,54.3345,0.000037
_3750_,VSS,Metal1,282.3820,63.2650,0.000067
_3749_,VSS,Metal1,277.9020,39.7450,0.000033
_3748_,VSS,Metal1,305.9020,38.6545,0.000034
_3747_,VSS,Metal1,303.6620,62.1745,0.000066
_3746_,VSS,Metal1,324.3820,39.7450,0.000034
_3745_,VSS,Metal1,333.2595,62.1805,0.000065
_3744_,VSS,Metal1,344.4595,38.6605,0.000035
_3743_,VSS,Metal1,371.3395,38.6605,0.000036
_3742_,VSS,Metal1,376.3795,46.5005,0.000041
_3741_,VSS,Metal1,364.1420,78.9450,0.000057
_3740_,VSS,Metal1,113.7925,234.6570,0.000068
_3739_,VSS,Metal1,88.0620,220.0650,0.000028
_3738_,VSS,Metal1,76.8620,196.5450,0.000051
_3737_,VSS,Metal1,70.7020,195.4545,0.000051
_3736_,VSS,Metal1,79.6620,165.1850,0.000040
_3735_,VSS,Metal1,63.9820,171.9345,0.000024
_3734_,VSS,Metal1,81.9020,133.8250,0.000031
_3733_,VSS,Metal1,75.7420,141.6650,0.000029
_3732_,VSS,Metal1,64.5420,156.2545,0.000052
_3731_,VSS,Metal1,133.9820,251.4250,0.000075
_3730_,VSS,Metal1,142.2995,281.7005,0.000102
_3729_,VSS,Metal1,162.4595,267.0990,0.000063
_3728_,VSS,Metal1,162.8875,243.5640,0.000077
_3727_,VSS,Metal1,185.9795,281.7005,0.000113
_3726_,VSS,Metal1,181.3675,258.1955,0.000089
_3725_,VSS,Metal1,201.6595,259.2590,0.000089
_3724_,VSS,Metal1,216.7795,242.5005,0.000085
_3723_,VSS,Metal1,204.4595,235.7390,0.000084
_3722_,VSS,Metal1,232.4595,234.6605,0.000088
_3721_,VSS,Metal1,253.7395,234.6605,0.000089
_3720_,VSS,Metal1,266.0595,195.4605,0.000058
_3719_,VSS,Metal1,267.7395,171.9405,0.000038
_3718_,VSS,Metal1,273.3395,220.0590,0.000047
_3717_,VSS,Metal1,302.4595,171.9405,0.000039
_3716_,VSS,Metal1,300.7795,195.4605,0.000059
_3715_,VSS,Metal1,326.5395,165.1790,0.000060
_3714_,VSS,Metal1,332.1395,234.6605,0.000096
_3713_,VSS,Metal1,345.1020,250.3345,0.000086
_3712_,VSS,Metal1,365.1795,251.4190,0.000087
_3711_,VSS,Metal1,375.9020,242.4945,0.000094
_3710_,VSS,Metal1,375.9020,234.6545,0.000099
_3709_,VSS,Metal1,142.1675,273.8755,0.000099
_3708_,VSS,Metal1,164.0075,274.9240,0.000100
_3707_,VSS,Metal1,162.8875,251.4040,0.000077
_3706_,VSS,Metal1,186.4075,273.8755,0.000101
_3705_,VSS,Metal1,180.8075,250.3555,0.000077
_3704_,VSS,Metal1,197.0475,251.4040,0.000077
_3703_,VSS,Metal1,215.6595,226.8205,0.000062
_3702_,VSS,Metal1,207.8195,227.8990,0.000062
_3701_,VSS,Metal1,234.1395,227.8990,0.000064
_3700_,VSS,Metal1,253.7395,226.8205,0.000065
_3699_,VSS,Metal1,253.7395,187.6205,0.000060
_3698_,VSS,Metal1,269.4195,179.7805,0.000060
_3697_,VSS,Metal1,275.5795,212.2190,0.000064
_3696_,VSS,Metal1,302.5420,140.5745,0.000041
_3695_,VSS,Metal1,293.4995,187.6205,0.000061
_3694_,VSS,Metal1,330.4595,141.6590,0.000041
_3693_,VSS,Metal1,327.6595,188.6990,0.000059
_3692_,VSS,Metal1,339.9795,164.1005,0.000060
_3691_,VSS,Metal1,348.8200,156.2605,0.000075
_3690_,VSS,Metal1,376.3795,124.9005,0.000062
_3689_,VSS,Metal1,376.3795,132.7405,0.000038
_3688_,VSS,Metal1,158.5395,235.7390,0.000070
_3687_,VSS,Metal1,171.4195,204.3790,0.000061
_3686_,VSS,Metal1,172.5395,227.8990,0.000059
_3685_,VSS,Metal1,185.9795,226.8205,0.000060
_3684_,VSS,Metal1,187.0995,203.3005,0.000061
_3683_,VSS,Metal1,194.9395,220.0590,0.000038
_3682_,VSS,Metal1,209.4995,204.3790,0.000062
_3681_,VSS,Metal1,207.2595,196.5390,0.000056
_3680_,VSS,Metal1,240.8595,204.3790,0.000067
_3679_,VSS,Metal1,257.0995,211.1405,0.000063
_3678_,VSS,Metal1,277.8195,188.6990,0.000061
_3677_,VSS,Metal1,287.3395,165.1790,0.000059
_3676_,VSS,Metal1,287.3395,196.5390,0.000059
_3675_,VSS,Metal1,312.5395,157.3390,0.000081
_3674_,VSS,Metal1,314.8620,173.0250,0.000039
_3673_,VSS,Metal1,334.3795,148.4205,0.000032
_3672_,VSS,Metal1,341.0995,187.6205,0.000059
_3671_,VSS,Metal1,355.0995,173.0190,0.000039
_3670_,VSS,Metal1,376.3795,164.1005,0.000062
_3669_,VSS,Metal1,376.3795,148.4205,0.000033
_3668_,VSS,Metal1,375.9020,140.5745,0.000043
_3667_,VSS,Metal1,114.8595,211.1405,0.000037
_3666_,VSS,Metal1,105.8995,187.6205,0.000056
_3665_,VSS,Metal1,156.2995,180.8590,0.000055
_3664_,VSS,Metal1,104.7795,171.9405,0.000026
_3663_,VSS,Metal1,108.6995,132.7405,0.000032
_3662_,VSS,Metal1,136.1395,132.7405,0.000033
_3661_,VSS,Metal1,164.7820,157.3450,0.000063
_3660_,VSS,Metal1,161.8995,133.8190,0.000033
_3659_,VSS,Metal1,111.4995,226.8205,0.000055
_3658_,VSS,Metal1,146.7795,258.1805,0.000089
_3657_,VSS,Metal1,216.7795,62.1805,0.000065
_3656_,VSS,Metal1,225.2620,46.4945,0.000038
_3655_,VSS,Metal1,207.3420,47.5850,0.000037
_3654_,VSS,Metal1,89.1820,259.2650,0.000086
_3653_,VSS,Metal1,84.7020,251.4250,0.000053
_3652_,VSS,Metal1,108.7820,250.3345,0.000055
_3651_,VSS,Metal1,86.3525,235.7425,0.000048
_3650_,VSS,Metal1,177.3865,305.3205,0.000116
_3649_,VSS,Metal1,189.1100,298.4275,0.000300
_3648_,VSS,Metal1,181.6200,298.2275,0.000266
_3647_,VSS,Metal1,180.4900,290.4590,0.000088
_3646_,VSS,Metal1,166.7530,297.5650,0.000284
_3645_,VSS,Metal1,172.4000,290.4275,0.000088
_3644_,VSS,Metal1,165.5225,289.8035,0.000088
_3643_,VSS,Metal1,162.0100,290.4590,0.000087
_3642_,VSS,Metal1,156.8165,297.4885,0.000283
_3641_,VSS,Metal1,158.6065,298.2750,0.000283
_3640_,VSS,Metal1,200.6700,297.6535,0.000313
_3639_,VSS,Metal1,198.1665,298.2650,0.000312
_3638_,VSS,Metal1,196.3800,305.4525,0.000122
_3637_,VSS,Metal1,202.9000,306.0675,0.000125
_3636_,VSS,Metal1,211.0965,297.5390,0.000337
_3635_,VSS,Metal1,187.3500,305.3780,0.000119
_3634_,VSS,Metal1,176.8265,298.3590,0.000285
_3633_,VSS,Metal1,174.3400,305.4250,0.000116
_3632_,VSS,Metal1,170.5500,298.3015,0.000285
_3631_,VSS,Metal1,167.0700,290.3460,0.000088
_3630_,VSS,Metal1,163.8300,298.3015,0.000284
_3629_,VSS,Metal1,188.5955,321.0390,0.000435
_3628_,VSS,Metal1,158.2425,290.3560,0.000085
_3627_,VSS,Metal1,166.5575,305.4835,0.000116
_3626_,VSS,Metal1,163.7575,282.5160,0.000108
_3625_,VSS,Metal1,161.7065,305.3205,0.000116
_3624_,VSS,Metal1,185.7930,313.2450,0.000154
_3623_,VSS,Metal1,214.8700,305.2520,0.000132
_3622_,VSS,Metal1,210.9400,306.0675,0.000131
_3621_,VSS,Metal1,206.9300,313.3350,0.000164
_3620_,VSS,Metal1,201.1730,313.1605,0.000162
_3619_,VSS,Metal1,201.3625,313.8760,0.000162
_3618_,VSS,Metal1,201.2200,321.1325,0.000435
_3617_,VSS,Metal1,190.4165,314.0310,0.000154
_3616_,VSS,Metal1,181.7625,313.3235,0.000151
_3615_,VSS,Metal1,181.3065,314.0390,0.000151
_3614_,VSS,Metal1,177.8100,321.7050,0.000301
_3613_,VSS,Metal1,177.3500,328.9005,0.000259
_3612_,VSS,Metal1,195.4255,321.8760,0.000435
_3611_,VSS,Metal1,174.7325,314.0550,0.000148
_3610_,VSS,Metal1,218.4125,298.3750,0.000343
_3609_,VSS,Metal1,215.4100,297.6535,0.000343
_3608_,VSS,Metal1,231.8720,289.6665,0.000108
_3607_,VSS,Metal1,247.9000,282.5475,0.000126
_3606_,VSS,Metal1,233.3700,282.6675,0.000122
_3605_,VSS,Metal1,229.0930,290.4530,0.000107
_3604_,VSS,Metal1,228.9065,282.6790,0.000122
_3603_,VSS,Metal1,206.3700,298.1850,0.000326
_3602_,VSS,Metal1,204.7225,305.4835,0.000126
_3601_,VSS,Metal1,199.7400,289.7725,0.000099
_3600_,VSS,Metal1,210.2500,321.8215,0.000439
_3599_,VSS,Metal1,205.7575,329.0035,0.000280
_3598_,VSS,Metal1,197.6965,329.7110,0.000276
_3597_,VSS,Metal1,196.2900,329.0150,0.000276
_3596_,VSS,Metal1,189.1530,329.6350,0.000275
_3595_,VSS,Metal1,189.5900,328.8980,0.000275
_3594_,VSS,Metal1,182.1500,328.8600,0.000263
_3593_,VSS,Metal1,238.5725,290.5350,0.000108
_3592_,VSS,Metal1,238.3800,289.7725,0.000108
_3591_,VSS,Metal1,231.7065,297.4805,0.000349
_3590_,VSS,Metal1,222.8000,281.8925,0.000119
_3589_,VSS,Metal1,223.4260,289.6960,0.000106
_3588_,VSS,Metal1,214.4965,282.6710,0.000119
_3587_,VSS,Metal1,205.6530,289.6405,0.000103
_3586_,VSS,Metal1,204.6375,290.3560,0.000103
_3585_,VSS,Metal1,190.4165,282.6710,0.000113
_3584_,VSS,Metal1,205.6265,274.7115,0.000107
_3583_,VSS,Metal1,200.3530,274.0450,0.000101
_3582_,VSS,Metal1,204.8330,282.5950,0.000118
_3581_,VSS,Metal1,185.1225,329.5560,0.000266
_3580_,VSS,Metal1,189.7065,336.6805,0.000154
_3579_,VSS,Metal1,242.4925,282.6950,0.000126
_3578_,VSS,Metal1,240.1065,281.8005,0.000126
_3577_,VSS,Metal1,247.1400,281.9325,0.000126
_3576_,VSS,Metal1,246.2665,289.6405,0.000108
_3575_,VSS,Metal1,249.3625,274.7200,0.000122
_3574_,VSS,Metal1,229.9900,281.7320,0.000122
_3573_,VSS,Metal1,228.6500,274.7790,0.000113
_3572_,VSS,Metal1,227.7930,266.2050,0.000071
_3571_,VSS,Metal1,219.8300,274.0180,0.000108
_3570_,VSS,Metal1,225.3575,274.6760,0.000113
_3569_,VSS,Metal1,210.0165,273.9685,0.000107
_3568_,VSS,Metal1,214.6500,281.8605,0.000119
_3567_,VSS,Metal1,209.1900,281.8580,0.000118
_3566_,VSS,Metal1,210.9400,266.8675,0.000069
_3565_,VSS,Metal1,205.5325,267.0150,0.000069
_3564_,VSS,Metal1,256.8700,282.7475,0.000127
_3563_,VSS,Metal1,254.6200,274.0925,0.000124
_3562_,VSS,Metal1,251.7625,274.6760,0.000122
_3561_,VSS,Metal1,244.3400,274.7350,0.000117
_3560_,VSS,Metal1,245.7665,266.2150,0.000078
_3559_,VSS,Metal1,243.4200,266.8675,0.000077
_3558_,VSS,Metal1,225.1365,258.2885,0.000091
_3557_,VSS,Metal1,227.0375,258.9960,0.000091
_3556_,VSS,Metal1,227.7865,266.9990,0.000071
_3555_,VSS,Metal1,221.5100,266.1780,0.000070
_3554_,VSS,Metal1,215.4200,266.8950,0.000070
_3553_,VSS,Metal1,214.7900,266.1780,0.000070
_3552_,VSS,Metal1,209.7625,266.2835,0.000069
_3551_,VSS,Metal1,230.7340,250.4435,0.000083
_3550_,VSS,Metal1,225.5530,243.3950,0.000085
_3549_,VSS,Metal1,231.1465,243.4790,0.000085
_3548_,VSS,Metal1,261.5325,281.7850,0.000127
_3547_,VSS,Metal1,254.9330,289.6405,0.000109
_3546_,VSS,Metal1,273.9400,274.6975,0.000127
_3545_,VSS,Metal1,306.3520,273.9865,0.000129
_3544_,VSS,Metal1,273.9475,274.1235,0.000127
_3543_,VSS,Metal1,270.8025,274.1235,0.000125
_3542_,VSS,Metal1,260.0775,274.6760,0.000125
_3541_,VSS,Metal1,250.4900,274.0205,0.000122
_3540_,VSS,Metal1,247.7575,274.1235,0.000122
_3539_,VSS,Metal1,252.7400,266.2525,0.000078
_3538_,VSS,Metal1,246.1500,259.1015,0.000098
_3537_,VSS,Metal1,240.9900,258.9860,0.000097
_3536_,VSS,Metal1,239.1365,251.3110,0.000084
_3535_,VSS,Metal1,244.5865,258.2805,0.000098
_3534_,VSS,Metal1,237.7300,258.4550,0.000096
_3533_,VSS,Metal1,238.9930,243.3950,0.000086
_3532_,VSS,Metal1,228.7900,251.2615,0.000083
_3531_,VSS,Metal1,283.9325,274.8550,0.000129
_3530_,VSS,Metal1,279.0065,274.0450,0.000129
_3529_,VSS,Metal1,276.4025,281.9635,0.000127
_3528_,VSS,Metal1,271.5265,266.9050,0.000080
_3527_,VSS,Metal1,270.8600,266.2525,0.000080
_3526_,VSS,Metal1,260.4165,266.1285,0.000079
_3525_,VSS,Metal1,253.4900,258.9860,0.000098
_3524_,VSS,Metal1,258.5500,259.0990,0.000098
_3523_,VSS,Metal1,248.9500,251.2615,0.000084
_3522_,VSS,Metal1,235.4375,243.3160,0.000086
_3521_,VSS,Metal1,235.5225,242.7635,0.000086
_3520_,VSS,Metal1,232.1625,219.7960,0.000042
_3519_,VSS,Metal1,239.5465,242.6005,0.000086
_3518_,VSS,Metal1,270.5865,235.5115,0.000093
_3517_,VSS,Metal1,268.1130,242.6850,0.000090
_3516_,VSS,Metal1,270.5800,234.9660,0.000093
_3515_,VSS,Metal1,263.5225,243.3160,0.000090
_3514_,VSS,Metal1,288.9725,281.7850,0.000127
_3513_,VSS,Metal1,294.6000,274.1660,0.000129
_3512_,VSS,Metal1,293.8200,266.8950,0.000081
_3511_,VSS,Metal1,298.1000,266.2525,0.000081
_3510_,VSS,Metal1,303.8425,266.2835,0.000081
_3509_,VSS,Metal1,278.6300,266.9415,0.000081
_3508_,VSS,Metal1,278.4530,266.1205,0.000081
_3507_,VSS,Metal1,278.7530,250.5250,0.000085
_3506_,VSS,Metal1,271.9100,259.1015,0.000098
_3505_,VSS,Metal1,275.8900,258.4535,0.000098
_3504_,VSS,Metal1,267.1365,258.2885,0.000098
_3503_,VSS,Metal1,266.9865,259.1590,0.000098
_3502_,VSS,Metal1,267.3700,251.2615,0.000084
_3501_,VSS,Metal1,267.8065,243.3950,0.000090
_3500_,VSS,Metal1,262.3900,242.6580,0.000090
_3499_,VSS,Metal1,263.5225,235.4760,0.000092
_3498_,VSS,Metal1,304.9500,274.7815,0.000129
_3497_,VSS,Metal1,302.7225,266.8360,0.000081
_3496_,VSS,Metal1,298.9065,266.9990,0.000081
_3495_,VSS,Metal1,299.4500,258.3615,0.000098
_3494_,VSS,Metal1,297.7400,259.0275,0.000098
_3493_,VSS,Metal1,293.5665,258.3650,0.000098
_3492_,VSS,Metal1,289.5365,251.3110,0.000085
_3491_,VSS,Metal1,291.2165,250.4485,0.000085
_3490_,VSS,Metal1,284.1575,250.6035,0.000085
_3489_,VSS,Metal1,283.7865,243.4790,0.000090
_3488_,VSS,Metal1,274.7900,243.5475,0.000090
_3487_,VSS,Metal1,271.9800,242.7325,0.000090
_3486_,VSS,Metal1,279.6830,227.7315,0.000068
_3485_,VSS,Metal1,278.6900,227.0935,0.000068
_3484_,VSS,Metal1,286.9575,235.4760,0.000095
_3483_,VSS,Metal1,270.1700,250.4980,0.000085
_3482_,VSS,Metal1,265.0130,250.4405,0.000084
_3481_,VSS,Metal1,311.6700,274.7815,0.000129
_3480_,VSS,Metal1,306.5575,266.8360,0.000081
_3479_,VSS,Metal1,307.2600,266.2250,0.000081
_3478_,VSS,Metal1,306.6100,258.4550,0.000098
_3477_,VSS,Metal1,303.7575,258.9960,0.000098
_3476_,VSS,Metal1,303.3400,227.6675,0.000071
_3475_,VSS,Metal1,301.0300,250.4980,0.000085
_3474_,VSS,Metal1,295.3575,258.9960,0.000098
_3473_,VSS,Metal1,304.2700,251.1460,0.000085
_3472_,VSS,Metal1,293.4565,234.7685,0.000096
_3471_,VSS,Metal1,298.8700,251.2590,0.000085
_3470_,VSS,Metal1,297.2265,243.4790,0.000090
_3469_,VSS,Metal1,293.1900,235.5815,0.000096
_3468_,VSS,Metal1,295.8065,219.8750,0.000048
_3467_,VSS,Metal1,287.1100,226.8520,0.000071
_3466_,VSS,Metal1,308.3225,266.8360,0.000079
_3465_,VSS,Metal1,323.8700,258.4535,0.000096
_3464_,VSS,Metal1,317.5930,250.5350,0.000085
_3463_,VSS,Metal1,317.3400,251.1875,0.000085
_3462_,VSS,Metal1,314.4500,243.3050,0.000089
_3461_,VSS,Metal1,311.0375,250.6035,0.000085
_3460_,VSS,Metal1,309.9900,234.8180,0.000096
_3459_,VSS,Metal1,305.4375,235.4760,0.000096
_3458_,VSS,Metal1,300.7365,226.9285,0.000071
_3457_,VSS,Metal1,303.2700,234.8180,0.000096
_3456_,VSS,Metal1,299.4130,211.3200,0.000065
_3455_,VSS,Metal1,307.9465,211.3680,0.000065
_3454_,VSS,Metal1,303.0675,211.9560,0.000065
_3453_,VSS,Metal1,304.1600,204.1875,0.000071
_3452_,VSS,Metal1,306.6425,203.5635,0.000071
_3451_,VSS,Metal1,306.5575,219.2435,0.000048
_3450_,VSS,Metal1,294.0125,227.8150,0.000071
_3449_,VSS,Metal1,291.6265,219.9590,0.000048
_3448_,VSS,Metal1,310.6200,243.3750,0.000089
_3447_,VSS,Metal1,316.2730,234.8450,0.000096
_3446_,VSS,Metal1,338.1065,251.3190,0.000086
_3445_,VSS,Metal1,336.6865,235.5550,0.000096
_3444_,VSS,Metal1,336.0800,242.6925,0.000090
_3443_,VSS,Metal1,345.1400,242.8060,0.000092
_3442_,VSS,Metal1,324.5300,235.4650,0.000096
_3441_,VSS,Metal1,322.9865,242.6005,0.000088
_3440_,VSS,Metal1,319.9400,235.5350,0.000096
_3439_,VSS,Metal1,317.2700,227.7415,0.000071
_3438_,VSS,Metal1,312.3465,227.7990,0.000071
_3437_,VSS,Metal1,314.1430,226.9285,0.000071
_3436_,VSS,Metal1,312.7900,219.9015,0.000048
_3435_,VSS,Metal1,314.2865,204.1950,0.000071
_3434_,VSS,Metal1,306.6425,211.9560,0.000065
_3433_,VSS,Metal1,306.5575,164.9160,0.000059
_3432_,VSS,Metal1,303.9000,219.1850,0.000048
_3431_,VSS,Metal1,310.4775,211.9560,0.000065
_3430_,VSS,Metal1,325.7930,212.0350,0.000065
_3429_,VSS,Metal1,349.8240,235.6240,0.000098
_3428_,VSS,Metal1,341.2775,242.7635,0.000092
_3427_,VSS,Metal1,335.4525,212.1350,0.000065
_3426_,VSS,Metal1,331.0930,204.2790,0.000071
_3425_,VSS,Metal1,322.5765,204.2710,0.000071
_3424_,VSS,Metal1,319.5100,212.0615,0.000065
_3423_,VSS,Metal1,318.8775,203.5635,0.000071
_3422_,VSS,Metal1,326.7965,211.3080,0.000065
_3421_,VSS,Metal1,331.0930,219.0805,0.000048
_3420_,VSS,Metal1,348.9800,203.5425,0.000075
_3419_,VSS,Metal1,358.9740,196.4360,0.000066
_3418_,VSS,Metal1,350.8825,204.1160,0.000076
_3417_,VSS,Metal1,347.9500,204.1060,0.000075
_3416_,VSS,Metal1,311.4930,203.4005,0.000071
_3415_,VSS,Metal1,312.3465,195.5605,0.000059
_3414_,VSS,Metal1,309.8130,204.2790,0.000071
_3413_,VSS,Metal1,342.2865,227.0050,0.000076
_3412_,VSS,Metal1,350.6865,227.7150,0.000077
_3411_,VSS,Metal1,364.3100,250.4980,0.000087
_3410_,VSS,Metal1,347.3330,234.7605,0.000098
_3409_,VSS,Metal1,358.6685,212.0805,0.000067
_3408_,VSS,Metal1,353.7500,234.6920,0.000098
_3407_,VSS,Metal1,343.6025,234.9235,0.000097
_3406_,VSS,Metal1,352.9800,227.0525,0.000077
_3405_,VSS,Metal1,344.7100,227.7415,0.000076
_3404_,VSS,Metal1,338.8165,219.0885,0.000048
_3403_,VSS,Metal1,338.1065,226.9205,0.000072
_3402_,VSS,Metal1,336.3100,219.9015,0.000048
_3401_,VSS,Metal1,342.5400,204.1475,0.000074
_3400_,VSS,Metal1,332.3900,211.2980,0.000065
_3399_,VSS,Metal1,344.1500,212.0615,0.000066
_3398_,VSS,Metal1,379.1030,226.9285,0.000080
_3397_,VSS,Metal1,374.5130,211.3250,0.000067
_3396_,VSS,Metal1,374.4025,219.2435,0.000052
_3395_,VSS,Metal1,366.8165,219.0885,0.000052
_3394_,VSS,Metal1,367.4010,219.9750,0.000052
_3393_,VSS,Metal1,356.5300,227.0935,0.000078
_3392_,VSS,Metal1,358.7900,219.8990,0.000050
_3391_,VSS,Metal1,352.2525,211.2250,0.000066
_3390_,VSS,Metal1,355.7800,203.5325,0.000078
_3389_,VSS,Metal1,358.0200,203.5050,0.000078
_3388_,VSS,Metal1,359.9330,204.2115,0.000078
_3387_,VSS,Metal1,343.6600,211.3450,0.000066
_3386_,VSS,Metal1,341.9100,203.4580,0.000074
_3385_,VSS,Metal1,340.2425,195.7235,0.000059
_3384_,VSS,Metal1,353.4930,219.0805,0.000050
_3383_,VSS,Metal1,382.7965,203.4680,0.000078
_3382_,VSS,Metal1,375.2135,196.3835,0.000066
_3381_,VSS,Metal1,377.6200,180.6550,0.000061
_3380_,VSS,Metal1,377.5900,203.4200,0.000078
_3379_,VSS,Metal1,377.6200,219.8550,0.000052
_3378_,VSS,Metal1,376.8925,195.5450,0.000066
_3377_,VSS,Metal1,378.2375,204.1160,0.000078
_3376_,VSS,Metal1,382.2900,204.1060,0.000078
_3375_,VSS,Metal1,369.6165,204.2710,0.000078
_3374_,VSS,Metal1,382.0900,212.0590,0.000067
_3373_,VSS,Metal1,354.6130,219.9590,0.000050
_3372_,VSS,Metal1,369.2900,211.2980,0.000067
_3371_,VSS,Metal1,343.0425,196.2760,0.000060
_3370_,VSS,Metal1,346.8775,196.2760,0.000061
_3369_,VSS,Metal1,358.0775,211.4035,0.000067
_3368_,VSS,Metal1,364.1800,203.5325,0.000078
_3367_,VSS,Metal1,379.8500,187.6520,0.000060
_3366_,VSS,Metal1,377.3065,157.2390,0.000077
_3365_,VSS,Metal1,373.2700,180.7015,0.000061
_3364_,VSS,Metal1,384.0265,179.8805,0.000061
_3363_,VSS,Metal1,351.2530,164.2005,0.000062
_3362_,VSS,Metal1,373.4665,187.7865,0.000060
_3361_,VSS,Metal1,365.1600,187.8310,0.000059
_3360_,VSS,Metal1,374.5130,164.9950,0.000062
_3359_,VSS,Metal1,358.0200,164.3050,0.000062
_3358_,VSS,Metal1,365.3700,179.9380,0.000061
_3357_,VSS,Metal1,378.5735,179.9360,0.000061
_3356_,VSS,Metal1,345.2825,180.0435,0.000060
_3355_,VSS,Metal1,364.1800,164.3325,0.000062
_3354_,VSS,Metal1,362.7530,172.1250,0.000039
_3353_,VSS,Metal1,372.0900,179.9380,0.000061
_3352_,VSS,Metal1,371.5700,172.2150,0.000039
_3351_,VSS,Metal1,384.9575,172.2035,0.000039
_3350_,VSS,Metal1,366.6665,172.0405,0.000039
_3349_,VSS,Metal1,208.5700,30.9780,0.000036
_3348_,VSS,Metal1,215.8700,31.0950,0.000035
_3347_,VSS,Metal1,219.8425,31.0835,0.000035
_3346_,VSS,Metal1,206.9625,38.9235,0.000028
_3345_,VSS,Metal1,200.6065,38.8450,0.000028
_3344_,VSS,Metal1,196.8100,23.1380,0.000036
_3343_,VSS,Metal1,196.4265,38.7605,0.000028
_3342_,VSS,Metal1,188.8465,31.7150,0.000036
_3341_,VSS,Metal1,199.6300,31.0950,0.000036
_3340_,VSS,Metal1,191.9530,46.6850,0.000036
_3339_,VSS,Metal1,193.9400,47.3475,0.000036
_3338_,VSS,Metal1,187.9800,55.1875,0.000033
_3337_,VSS,Metal1,185.9365,30.9285,0.000036
_3336_,VSS,Metal1,194.5575,31.0835,0.000036
_3335_,VSS,Metal1,189.1465,23.0805,0.000036
_3334_,VSS,Metal1,188.9575,39.4760,0.000025
_3333_,VSS,Metal1,187.3500,47.4215,0.000036
_3332_,VSS,Metal1,185.7400,70.3260,0.000069
_3331_,VSS,Metal1,188.9575,78.1235,0.000050
_3330_,VSS,Metal1,178.2600,31.6675,0.000036
_3329_,VSS,Metal1,169.3700,30.9780,0.000036
_3328_,VSS,Metal1,176.6700,31.0950,0.000036
_3327_,VSS,Metal1,180.6425,31.6360,0.000036
_3326_,VSS,Metal1,179.0730,46.6850,0.000035
_3325_,VSS,Metal1,185.6100,46.6580,0.000036
_3324_,VSS,Metal1,188.9000,62.4125,0.000040
_3323_,VSS,Metal1,190.8600,63.0175,0.000040
_3322_,VSS,Metal1,190.8525,70.2835,0.000069
_3321_,VSS,Metal1,191.9465,62.2805,0.000040
_3320_,VSS,Metal1,185.1225,62.9960,0.000040
_3319_,VSS,Metal1,180.4275,78.6760,0.000049
_3318_,VSS,Metal1,166.8935,47.4235,0.000035
_3317_,VSS,Metal1,166.7530,23.1650,0.000036
_3316_,VSS,Metal1,159.8500,30.9780,0.000036
_3315_,VSS,Metal1,161.9730,23.0805,0.000036
_3314_,VSS,Metal1,165.6330,39.5550,0.000024
_3313_,VSS,Metal1,166.9600,38.8525,0.000024
_3312_,VSS,Metal1,168.8300,46.7750,0.000035
_3311_,VSS,Metal1,161.7065,39.6390,0.000024
_3310_,VSS,Metal1,179.0925,55.1560,0.000033
_3309_,VSS,Metal1,181.0425,70.8800,0.000068
_3308_,VSS,Metal1,177.0000,70.2485,0.000066
_3307_,VSS,Metal1,184.3730,62.2805,0.000040
_3306_,VSS,Metal1,179.8130,78.0265,0.000049
_3305_,VSS,Metal1,193.6265,70.1205,0.000070
_3304_,VSS,Metal1,169.2275,55.1560,0.000033
_3303_,VSS,Metal1,167.6775,54.6035,0.000033
_3302_,VSS,Metal1,167.0700,62.4535,0.000039
_3301_,VSS,Metal1,165.3075,55.1560,0.000033
_3300_,VSS,Metal1,162.8525,55.1560,0.000033
_3299_,VSS,Metal1,161.6600,70.8675,0.000063
_3298_,VSS,Metal1,145.9225,23.7960,0.000036
_3297_,VSS,Metal1,140.3100,23.9015,0.000036
_3296_,VSS,Metal1,150.8775,31.6360,0.000035
_3295_,VSS,Metal1,151.4500,23.9015,0.000036
_3294_,VSS,Metal1,155.3575,31.0835,0.000036
_3293_,VSS,Metal1,156.8320,46.6265,0.000035
_3292_,VSS,Metal1,153.0700,54.6135,0.000033
_3291_,VSS,Metal1,150.5065,46.6005,0.000035
_3290_,VSS,Metal1,150.8200,55.1875,0.000032
_3289_,VSS,Metal1,142.4200,70.8675,0.000060
_3288_,VSS,Metal1,148.5900,54.6135,0.000032
_3287_,VSS,Metal1,135.2825,78.6760,0.000045
_3286_,VSS,Metal1,137.8130,85.8665,0.000058
_3285_,VSS,Metal1,158.6600,70.8675,0.000063
_3284_,VSS,Metal1,159.6425,70.2260,0.000063
_3283_,VSS,Metal1,157.1165,85.8680,0.000067
_3282_,VSS,Metal1,147.7130,85.8850,0.000063
_3281_,VSS,Metal1,142.4200,47.3475,0.000035
_3280_,VSS,Metal1,140.7400,38.8925,0.000024
_3279_,VSS,Metal1,137.7430,31.7910,0.000035
_3278_,VSS,Metal1,135.6465,38.8450,0.000023
_3277_,VSS,Metal1,147.7325,31.6360,0.000035
_3276_,VSS,Metal1,144.1575,38.9235,0.000024
_3275_,VSS,Metal1,139.1700,46.7750,0.000034
_3274_,VSS,Metal1,138.0825,39.4760,0.000024
_3273_,VSS,Metal1,140.0400,78.1660,0.000046
_3272_,VSS,Metal1,147.1530,70.9150,0.000061
_3271_,VSS,Metal1,139.5665,78.7550,0.000046
_3270_,VSS,Metal1,143.5400,85.9325,0.000059
_3269_,VSS,Metal1,139.2500,93.8135,0.000038
_3268_,VSS,Metal1,140.9400,86.5475,0.000059
_3267_,VSS,Metal1,150.2600,93.7725,0.000039
_3266_,VSS,Metal1,153.2025,93.8035,0.000039
_3265_,VSS,Metal1,143.4600,93.7825,0.000038
_3264_,VSS,Metal1,144.3465,101.4805,0.000034
_3263_,VSS,Metal1,147.3030,94.4605,0.000039
_3262_,VSS,Metal1,142.6925,94.3560,0.000038
_3261_,VSS,Metal1,151.4375,86.5160,0.000064
_3260_,VSS,Metal1,158.7500,94.3450,0.000040
_3259_,VSS,Metal1,134.8525,46.7635,0.000034
_3258_,VSS,Metal1,136.3175,39.4760,0.000023
_3257_,VSS,Metal1,173.2400,47.3965,0.000035
_3256_,VSS,Metal1,122.4025,55.1560,0.000030
_3255_,VSS,Metal1,155.5555,62.3190,0.000039
_3254_,VSS,Metal1,137.3265,62.3650,0.000037
_3253_,VSS,Metal1,153.6775,70.2835,0.000061
_3252_,VSS,Metal1,177.2825,78.6760,0.000049
_3251_,VSS,Metal1,171.3455,63.1560,0.000039
_3250_,VSS,Metal1,158.2425,78.1235,0.000048
_3249_,VSS,Metal1,149.1975,78.1235,0.000047
_3248_,VSS,Metal1,161.9730,77.9605,0.000048
_3247_,VSS,Metal1,176.1625,78.1235,0.000049
_3246_,VSS,Metal1,143.4000,70.2310,0.000060
_3245_,VSS,Metal1,193.7475,93.6250,0.000048
_3244_,VSS,Metal1,165.7475,94.5350,0.000043
_3243_,VSS,Metal1,162.0200,117.2650,0.000038
_3242_,VSS,Metal1,162.6375,102.1960,0.000035
_3241_,VSS,Metal1,149.5500,63.1385,0.000039
_3240_,VSS,Metal1,189.8000,70.8885,0.000069
_3239_,VSS,Metal1,166.5575,70.2835,0.000065
_3238_,VSS,Metal1,162.6375,85.9635,0.000068
_3237_,VSS,Metal1,167.0065,70.9150,0.000065
_3236_,VSS,Metal1,165.5225,78.1235,0.000048
_3235_,VSS,Metal1,189.1100,86.7475,0.000069
_3234_,VSS,Metal1,182.5475,101.4650,0.000036
_3233_,VSS,Metal1,183.6675,85.7850,0.000069
_3232_,VSS,Metal1,176.3875,94.5350,0.000044
_3231_,VSS,Metal1,140.3100,55.2615,0.000031
_3230_,VSS,Metal1,147.7865,86.6130,0.000063
_3229_,VSS,Metal1,155.4425,70.2835,0.000062
_3228_,VSS,Metal1,175.7065,70.9990,0.000066
_3227_,VSS,Metal1,150.8775,70.2835,0.000061
_3226_,VSS,Metal1,164.8100,78.9075,0.000048
_3225_,VSS,Metal1,171.3475,93.6250,0.000044
_3224_,VSS,Metal1,164.8100,86.7475,0.000068
_3223_,VSS,Metal1,168.5475,101.4650,0.000035
_3222_,VSS,Metal1,189.1100,78.9075,0.000050
_3221_,VSS,Metal1,183.6675,93.6250,0.000044
_3220_,VSS,Metal1,372.0900,258.3380,0.000115
_3219_,VSS,Metal1,376.0100,361.0215,0.000126
_3218_,VSS,Metal1,367.0500,353.1815,0.000105
_3217_,VSS,Metal1,361.7065,353.1730,0.000105
_3216_,VSS,Metal1,368.7900,360.2580,0.000126
_3215_,VSS,Metal1,371.4130,352.3605,0.000105
_3214_,VSS,Metal1,373.9000,368.8150,0.000101
_3213_,VSS,Metal1,368.5200,368.2460,0.000101
_3212_,VSS,Metal1,379.1030,360.2085,0.000126
_3211_,VSS,Metal1,370.5865,368.9190,0.000101
_3210_,VSS,Metal1,367.2265,368.9190,0.000100
_3209_,VSS,Metal1,359.1975,360.9160,0.000126
_3208_,VSS,Metal1,362.1865,360.2005,0.000126
_3207_,VSS,Metal1,352.9265,360.2850,0.000126
_3206_,VSS,Metal1,352.1600,368.1325,0.000098
_3205_,VSS,Metal1,341.7800,368.2460,0.000098
_3204_,VSS,Metal1,336.3100,361.0215,0.000125
_3203_,VSS,Metal1,357.9730,360.2005,0.000126
_3202_,VSS,Metal1,347.8010,361.0950,0.000126
_3201_,VSS,Metal1,346.9625,368.2035,0.000098
_3200_,VSS,Metal1,337.5000,360.3325,0.000125
_3199_,VSS,Metal1,346.6525,360.1850,0.000126
_3198_,VSS,Metal1,341.4930,305.4480,0.000174
_3197_,VSS,Metal1,334.0825,360.3635,0.000125
_3196_,VSS,Metal1,336.7975,352.5235,0.000098
_3195_,VSS,Metal1,336.1700,353.1790,0.000098
_3194_,VSS,Metal1,378.5765,297.4885,0.000430
_3193_,VSS,Metal1,325.6825,298.1960,0.000389
_3192_,VSS,Metal1,328.0265,306.1990,0.000169
_3191_,VSS,Metal1,330.8265,298.3590,0.000391
_3190_,VSS,Metal1,330.2665,282.6790,0.000121
_3189_,VSS,Metal1,326.6065,282.5950,0.000121
_3188_,VSS,Metal1,325.2800,289.7325,0.000110
_3187_,VSS,Metal1,321.8200,282.4735,0.000122
_3186_,VSS,Metal1,316.7100,289.6980,0.000111
_3185_,VSS,Metal1,324.4300,305.4935,0.000169
_3184_,VSS,Metal1,322.0165,274.8310,0.000129
_3183_,VSS,Metal1,320.0825,290.3560,0.000111
_3182_,VSS,Metal1,322.9400,281.9325,0.000122
_3181_,VSS,Metal1,324.5500,274.0180,0.000129
_3180_,VSS,Metal1,325.9335,259.1035,0.000096
_3179_,VSS,Metal1,322.0125,267.0150,0.000077
_3178_,VSS,Metal1,314.4825,266.2835,0.000079
_3177_,VSS,Metal1,326.2300,266.1780,0.000077
_3176_,VSS,Metal1,333.2400,266.3260,0.000077
_3175_,VSS,Metal1,318.8200,258.3850,0.000096
_3174_,VSS,Metal1,319.4500,259.1015,0.000096
_3173_,VSS,Metal1,322.7500,251.1460,0.000084
_3172_,VSS,Metal1,343.5700,266.2950,0.000078
_3171_,VSS,Metal1,338.3730,259.1590,0.000096
_3170_,VSS,Metal1,341.0080,273.9865,0.000129
_3169_,VSS,Metal1,335.7500,266.9415,0.000077
_3168_,VSS,Metal1,326.8025,258.4435,0.000096
_3167_,VSS,Metal1,378.5765,266.1285,0.000079
_3166_,VSS,Metal1,334.7465,259.1590,0.000096
_3165_,VSS,Metal1,344.5330,266.9990,0.000078
_3164_,VSS,Metal1,349.0130,258.2805,0.000113
_3163_,VSS,Metal1,351.0400,266.2125,0.000078
_3162_,VSS,Metal1,348.4465,266.9150,0.000078
_3161_,VSS,Metal1,340.6600,258.3850,0.000096
_3160_,VSS,Metal1,331.2700,251.2615,0.000084
_3159_,VSS,Metal1,337.5465,282.6790,0.000122
_3158_,VSS,Metal1,362.6900,266.2935,0.000078
_3157_,VSS,Metal1,362.2465,266.9050,0.000078
_3156_,VSS,Metal1,355.4200,266.2525,0.000078
_3155_,VSS,Metal1,355.9100,266.9415,0.000078
_3154_,VSS,Metal1,343.0425,258.9960,0.000113
_3153_,VSS,Metal1,378.8100,274.0180,0.000132
_3152_,VSS,Metal1,371.1530,274.0450,0.000132
_3151_,VSS,Metal1,362.6425,274.1235,0.000131
_3150_,VSS,Metal1,365.8600,266.8950,0.000079
_3149_,VSS,Metal1,376.0300,258.9850,0.000115
_3148_,VSS,Metal1,344.2665,281.8005,0.000123
_3147_,VSS,Metal1,378.2900,258.4550,0.000115
_3146_,VSS,Metal1,370.3400,266.8675,0.000079
_3145_,VSS,Metal1,374.7730,281.8005,0.000125
_3144_,VSS,Metal1,374.9300,266.8250,0.000079
_3143_,VSS,Metal1,367.0375,266.2835,0.000079
_3142_,VSS,Metal1,95.0100,274.6660,0.000093
_3141_,VSS,Metal1,102.2900,274.6660,0.000095
_3140_,VSS,Metal1,109.5700,266.8260,0.000056
_3139_,VSS,Metal1,115.7300,251.1460,0.000055
_3138_,VSS,Metal1,123.0665,251.3190,0.000074
_3137_,VSS,Metal1,220.5065,54.4405,0.000035
_3136_,VSS,Metal1,216.1430,118.0310,0.000044
_3135_,VSS,Metal1,210.3600,54.5230,0.000035
_3134_,VSS,Metal1,209.7625,117.3235,0.000044
_3133_,VSS,Metal1,205.3400,125.1325,0.000056
_3132_,VSS,Metal1,198.9865,125.0800,0.000055
_3131_,VSS,Metal1,205.3575,117.2800,0.000043
_3130_,VSS,Metal1,195.1230,117.9715,0.000043
_3129_,VSS,Metal1,191.2765,117.2280,0.000043
_3128_,VSS,Metal1,201.4130,117.9600,0.000043
_3127_,VSS,Metal1,203.6025,110.0360,0.000034
_3126_,VSS,Metal1,207.3000,117.8335,0.000043
_3125_,VSS,Metal1,233.9725,109.4835,0.000035
_3124_,VSS,Metal1,237.3400,110.0575,0.000035
_3123_,VSS,Metal1,234.3175,117.8760,0.000045
_3122_,VSS,Metal1,239.1930,102.2650,0.000043
_3121_,VSS,Metal1,239.0200,109.4625,0.000035
_3120_,VSS,Metal1,246.6375,110.0360,0.000035
_3119_,VSS,Metal1,242.5800,109.9935,0.000035
_3118_,VSS,Metal1,230.1830,110.1405,0.000034
_3117_,VSS,Metal1,226.0025,110.0360,0.000034
_3116_,VSS,Metal1,230.3500,117.8660,0.000045
_3115_,VSS,Metal1,228.3800,117.3660,0.000045
_3114_,VSS,Metal1,295.8000,102.3455,0.000043
_3113_,VSS,Metal1,298.6600,101.6860,0.000043
_3112_,VSS,Metal1,298.3530,94.4350,0.000057
_3111_,VSS,Metal1,300.2600,109.5260,0.000036
_3110_,VSS,Metal1,313.4130,102.2800,0.000043
_3109_,VSS,Metal1,324.3665,94.4350,0.000055
_3108_,VSS,Metal1,321.3400,102.1535,0.000042
_3107_,VSS,Metal1,327.3565,102.2915,0.000042
_3106_,VSS,Metal1,334.7000,101.6860,0.000042
_3105_,VSS,Metal1,348.1400,94.3875,0.000055
_3104_,VSS,Metal1,345.8365,101.5480,0.000047
_3103_,VSS,Metal1,351.7800,101.6860,0.000047
_3102_,VSS,Metal1,377.0700,86.5060,0.000095
_3101_,VSS,Metal1,376.6365,94.4515,0.000057
_3100_,VSS,Metal1,376.2200,101.6225,0.000048
_3099_,VSS,Metal1,304.5065,101.4805,0.000043
_3098_,VSS,Metal1,304.3230,102.2915,0.000043
_3097_,VSS,Metal1,126.1800,203.5050,0.000060
_3096_,VSS,Metal1,110.1400,212.0150,0.000037
_3095_,VSS,Metal1,107.9000,188.4950,0.000056
_3094_,VSS,Metal1,130.3000,172.8150,0.000026
_3093_,VSS,Metal1,107.3400,164.9750,0.000042
_3092_,VSS,Metal1,108.4600,140.7850,0.000030
_3091_,VSS,Metal1,126.9400,125.1050,0.000060
_3090_,VSS,Metal1,166.1400,164.3050,0.000046
_3089_,VSS,Metal1,154.3800,141.4550,0.000033
_3088_,VSS,Metal1,122.7630,226.9430,0.000056
_3087_,VSS,Metal1,130.6600,266.8950,0.000061
_3086_,VSS,Metal1,88.3000,187.8250,0.000053
_3085_,VSS,Metal1,87.7400,172.1450,0.000025
_3084_,VSS,Metal1,87.7400,148.6250,0.000025
_3083_,VSS,Metal1,89.2200,172.1450,0.000025
_3082_,VSS,Metal1,80.4600,156.4650,0.000052
_3081_,VSS,Metal1,278.7000,38.8650,0.000033
_3080_,VSS,Metal1,201.4200,23.1850,0.000036
_3079_,VSS,Metal1,351.3000,266.8950,0.000078
_3078_,VSS,Metal1,159.2200,289.7450,0.000085
_3077_,VSS,Metal1,165.3800,281.9050,0.000110
_3076_,VSS,Metal1,170.3630,353.2165,0.000077
_3075_,VSS,Metal1,168.9400,282.5750,0.000111
_3074_,VSS,Metal1,184.3630,360.2230,0.000096
_3073_,VSS,Metal1,185.7400,306.0950,0.000119
_3072_,VSS,Metal1,187.7230,235.6165,0.000076
_3071_,VSS,Metal1,189.6600,274.7350,0.000101
_3070_,VSS,Metal1,194.1965,360.2230,0.000097
_3069_,VSS,Metal1,196.7400,281.9050,0.000113
_3068_,VSS,Metal1,202.3400,353.1350,0.000081
_3067_,VSS,Metal1,207.3800,266.2250,0.000069
_3066_,VSS,Metal1,218.0200,234.8650,0.000085
_3065_,VSS,Metal1,213.5400,203.5050,0.000062
_3064_,VSS,Metal1,224.7400,313.2650,0.000191
_3063_,VSS,Metal1,224.1800,212.0150,0.000054
_3062_,VSS,Metal1,235.3230,298.3365,0.000352
_3061_,VSS,Metal1,255.5400,219.8550,0.000044
_3060_,VSS,Metal1,263.9400,290.4150,0.000109
_3059_,VSS,Metal1,271.2200,251.2150,0.000085
_3058_,VSS,Metal1,263.3800,321.1050,0.000504
_3057_,VSS,Metal1,292.1400,172.8150,0.000038
_3056_,VSS,Metal1,276.4600,227.6950,0.000068
_3055_,VSS,Metal1,286.5400,212.0150,0.000064
_3054_,VSS,Metal1,290.8200,282.5750,0.000127
_3053_,VSS,Metal1,308.9400,164.9750,0.000059
_3052_,VSS,Metal1,309.5000,219.1850,0.000048
_3051_,VSS,Metal1,313.7800,188.4950,0.000060
_3050_,VSS,Metal1,317.3400,297.5850,0.000382
_3049_,VSS,Metal1,328.9000,156.4650,0.000076
_3048_,VSS,Metal1,341.2200,281.9050,0.000123
_3047_,VSS,Metal1,337.8600,188.4950,0.000059
_3046_,VSS,Metal1,341.7800,298.2550,0.000404
_3045_,VSS,Metal1,369.4200,180.6550,0.000061
_3044_,VSS,Metal1,352.6765,282.6565,0.000124
_3043_,VSS,Metal1,341.7800,274.7350,0.000129
_3042_,VSS,Metal1,373.9000,133.6150,0.000038
_3041_,VSS,Metal1,369.4200,290.4150,0.000113
_3040_,VSS,Metal1,385.1000,156.4650,0.000077
_3039_,VSS,Metal1,335.6200,306.0950,0.000174
_3038_,VSS,Metal1,358.0200,179.9850,0.000060
_3037_,VSS,Metal1,194.1400,38.8650,0.000025
_3036_,VSS,Metal1,362.7000,368.8150,0.000100
_3035_,VSS,Metal1,364.9400,368.8150,0.000100
_3034_,VSS,Metal1,211.8600,360.3050,0.000101
_3033_,VSS,Metal1,221.0200,328.9450,0.000419
_3032_,VSS,Metal1,225.8600,298.2550,0.000344
_3031_,VSS,Metal1,282.9800,289.7450,0.000110
_3030_,VSS,Metal1,328.3400,290.4150,0.000110
_3029_,VSS,Metal1,338.9800,281.9050,0.000122
_3028_,VSS,Metal1,358.7800,313.2650,0.000253
_3027_,VSS,Metal1,123.5800,266.2250,0.000060
_3026_,VSS,Metal1,368.1000,70.2250,0.000070
_3025_,VSS,Metal1,339.7400,93.7450,0.000055
_3024_,VSS,Metal1,322.9400,85.9050,0.000093
_3023_,VSS,Metal1,283.1800,94.4150,0.000057
_3022_,VSS,Metal1,280.3800,94.4150,0.000057
_3021_,VSS,Metal1,277.0200,109.4250,0.000036
_3020_,VSS,Metal1,271.4200,110.0950,0.000036
_3019_,VSS,Metal1,240.0600,140.7850,0.000039
_3018_,VSS,Metal1,224.9400,141.4550,0.000039
_3017_,VSS,Metal1,166.5000,141.4550,0.000034
_3016_,VSS,Metal1,131.1630,62.3030,0.000036
_3015_,VSS,Metal1,330.0200,313.2650,0.000233
_3014_,VSS,Metal1,370.8430,54.4630,0.000036
_3013_,VSS,Metal1,330.2765,70.1430,0.000068
_3012_,VSS,Metal1,323.5000,63.0550,0.000065
_3011_,VSS,Metal1,323.5565,125.0230,0.000058
_3010_,VSS,Metal1,313.4765,70.9765,0.000073
_3009_,VSS,Metal1,315.9630,94.4965,0.000055
_3008_,VSS,Metal1,309.5565,70.1430,0.000073
_3007_,VSS,Metal1,264.1965,70.9765,0.000075
_3006_,VSS,Metal1,250.4430,93.6630,0.000057
_3005_,VSS,Metal1,230.8430,94.4965,0.000056
_3004_,VSS,Metal1,218.8365,117.1830,0.000044
_3003_,VSS,Metal1,205.6430,353.2165,0.000084
_3002_,VSS,Metal1,329.1000,125.7750,0.000058
_3001_,VSS,Metal1,314.5400,132.9450,0.000037
_3000_,VSS,Metal1,271.4200,148.6250,0.000032
_2999_,VSS,Metal1,265.6200,149.2950,0.000032
_2998_,VSS,Metal1,232.5800,172.1450,0.000031
_2997_,VSS,Metal1,226.0600,157.1350,0.000085
_2996_,VSS,Metal1,174.2830,156.3830,0.000063
_2995_,VSS,Metal1,159.2200,47.3750,0.000035
_2994_,VSS,Metal1,95.0200,266.2250,0.000056
_2993_,VSS,Metal1,100.6200,251.2150,0.000054
_2992_,VSS,Metal1,202.3400,63.0550,0.000041
_2991_,VSS,Metal1,358.7800,86.5750,0.000094
_2990_,VSS,Metal1,377.3165,47.4565,0.000041
_2989_,VSS,Metal1,373.1400,54.5450,0.000036
_2988_,VSS,Metal1,347.0200,47.3750,0.000040
_2987_,VSS,Metal1,335.0600,63.0550,0.000065
_2986_,VSS,Metal1,325.1800,46.7050,0.000039
_2985_,VSS,Metal1,306.5000,70.2250,0.000073
_2984_,VSS,Metal1,308.1800,47.3750,0.000039
_2983_,VSS,Metal1,279.6200,46.7050,0.000039
_2982_,VSS,Metal1,284.0430,70.1430,0.000075
_2981_,VSS,Metal1,266.1230,62.3030,0.000067
_2980_,VSS,Metal1,310.6200,109.4250,0.000036
_2979_,VSS,Metal1,239.3000,78.0650,0.000055
_2978_,VSS,Metal1,308.3800,109.4250,0.000036
_2977_,VSS,Metal1,244.0365,172.8965,0.000032
_2976_,VSS,Metal1,237.8765,179.9030,0.000059
_2975_,VSS,Metal1,241.1800,117.2650,0.000045
_2974_,VSS,Metal1,225.5565,179.9030,0.000058
_2973_,VSS,Metal1,227.4830,85.8230,0.000079
_2972_,VSS,Metal1,195.8200,125.1050,0.000055
_2971_,VSS,Metal1,176.8365,101.5030,0.000036
_2970_,VSS,Metal1,180.4430,165.0565,0.000046
_2969_,VSS,Metal1,191.1400,117.9350,0.000043
_2968_,VSS,Metal1,196.4365,109.3430,0.000032
_2967_,VSS,Metal1,248.8200,235.5075,0.000089
_2966_,VSS,Metal1,254.4775,227.6360,0.000065
_2965_,VSS,Metal1,258.3400,196.3075,0.000058
_2964_,VSS,Metal1,265.6775,196.2760,0.000058
_2963_,VSS,Metal1,265.6200,164.9475,0.000057
_2962_,VSS,Metal1,269.5975,164.9160,0.000057
_2961_,VSS,Metal1,269.5400,219.2125,0.000047
_2960_,VSS,Metal1,271.9225,227.0835,0.000068
_2959_,VSS,Metal1,298.1000,164.3325,0.000059
_2958_,VSS,Metal1,303.7575,164.9160,0.000059
_2957_,VSS,Metal1,289.3400,180.6275,0.000060
_2956_,VSS,Metal1,307.2025,188.4360,0.000060
_2955_,VSS,Metal1,324.4200,164.3325,0.000060
_2954_,VSS,Metal1,328.3975,164.3635,0.000060
_2953_,VSS,Metal1,325.5400,227.6675,0.000071
_2952_,VSS,Metal1,330.1625,227.6360,0.000071
_2951_,VSS,Metal1,336.9400,243.3475,0.000090
_2950_,VSS,Metal1,347.4375,251.1560,0.000086
_2949_,VSS,Metal1,356.5400,250.5725,0.000087
_2948_,VSS,Metal1,343.6025,251.1560,0.000086
_2947_,VSS,Metal1,365.3000,234.8925,0.000098
_2946_,VSS,Metal1,377.2025,235.4760,0.000099
_2945_,VSS,Metal1,363.8200,242.7325,0.000094
_2944_,VSS,Metal1,362.0825,258.4435,0.000114
_2943_,VSS,Metal1,134.5800,274.7075,0.000099
_2942_,VSS,Metal1,142.4775,274.6760,0.000099
_2941_,VSS,Metal1,158.1000,281.9325,0.000104
_2940_,VSS,Metal1,160.4825,281.9635,0.000105
_2939_,VSS,Metal1,156.9800,250.5725,0.000077
_2938_,VSS,Metal1,162.6375,258.4435,0.000089
_2937_,VSS,Metal1,177.1400,266.8675,0.000064
_2936_,VSS,Metal1,181.2025,266.2835,0.000066
_2935_,VSS,Metal1,176.0200,243.3475,0.000080
_2934_,VSS,Metal1,180.5575,243.3160,0.000081
_2933_,VSS,Metal1,185.5400,242.7325,0.000083
_2932_,VSS,Metal1,199.0375,266.2835,0.000067
_2931_,VSS,Metal1,211.8600,219.8275,0.000041
_2930_,VSS,Metal1,215.2775,219.7960,0.000041
_2929_,VSS,Metal1,201.2200,227.0525,0.000062
_2928_,VSS,Metal1,206.8775,234.9235,0.000084
_2927_,VSS,Metal1,220.8200,227.6675,0.000062
_2926_,VSS,Metal1,231.5175,227.0835,0.000064
_2925_,VSS,Metal1,247.7000,227.6675,0.000065
_2924_,VSS,Metal1,250.0825,227.6360,0.000065
_2923_,VSS,Metal1,251.0600,195.6925,0.000058
_2922_,VSS,Metal1,254.4775,195.7235,0.000058
_2921_,VSS,Metal1,265.6200,172.7875,0.000038
_2920_,VSS,Metal1,259.6025,164.9160,0.000056
_2919_,VSS,Metal1,272.3975,164.9160,0.000057
_2918_,VSS,Metal1,271.2200,211.3725,0.000064
_2917_,VSS,Metal1,274.1625,211.4035,0.000064
_2916_,VSS,Metal1,298.6600,148.6525,0.000032
_2915_,VSS,Metal1,293.7625,148.6835,0.000032
_2914_,VSS,Metal1,302.0775,148.6835,0.000032
_2913_,VSS,Metal1,295.3000,180.6275,0.000060
_2912_,VSS,Metal1,298.1575,180.0435,0.000060
_2911_,VSS,Metal1,298.7175,180.5960,0.000060
_2910_,VSS,Metal1,324.4200,140.8125,0.000041
_2909_,VSS,Metal1,327.8375,140.8435,0.000041
_2908_,VSS,Metal1,324.4200,195.6925,0.000058
_2907_,VSS,Metal1,327.8375,195.7235,0.000058
_2906_,VSS,Metal1,344.0200,157.1075,0.000075
_2905_,VSS,Metal1,336.8825,164.9160,0.000060
_2904_,VSS,Metal1,338.0025,157.0760,0.000075
_2903_,VSS,Metal1,349.8200,149.2675,0.000032
_2902_,VSS,Metal1,364.8825,140.8435,0.000043
_2901_,VSS,Metal1,344.0775,149.2360,0.000032
_2900_,VSS,Metal1,367.7400,125.7475,0.000062
_2899_,VSS,Metal1,350.8825,141.3960,0.000041
_2898_,VSS,Metal1,343.0425,133.0035,0.000037
_2897_,VSS,Metal1,363.2600,125.7475,0.000061
_2896_,VSS,Metal1,344.1625,125.1635,0.000060
_2895_,VSS,Metal1,150.7400,227.5935,0.000059
_2894_,VSS,Metal1,152.1400,234.8925,0.000070
_2893_,VSS,Metal1,153.0130,226.9205,0.000059
_2892_,VSS,Metal1,160.0600,203.6060,0.000060
_2891_,VSS,Metal1,160.5400,211.3725,0.000046
_2890_,VSS,Metal1,161.9730,195.5605,0.000054
_2889_,VSS,Metal1,166.7800,227.1260,0.000059
_2888_,VSS,Metal1,165.0200,219.8275,0.000036
_2887_,VSS,Metal1,161.7065,219.9590,0.000035
_2886_,VSS,Metal1,181.5400,234.9660,0.000073
_2885_,VSS,Metal1,187.2200,227.6675,0.000060
_2884_,VSS,Metal1,180.1865,219.9590,0.000037
_2883_,VSS,Metal1,180.7800,211.4460,0.000047
_2882_,VSS,Metal1,181.6200,196.3075,0.000053
_2881_,VSS,Metal1,177.9465,157.2390,0.000064
_2880_,VSS,Metal1,192.1800,227.5935,0.000060
_2879_,VSS,Metal1,193.3800,219.2125,0.000038
_2878_,VSS,Metal1,189.7065,212.1190,0.000050
_2877_,VSS,Metal1,207.3000,211.4460,0.000051
_2876_,VSS,Metal1,206.4600,211.9875,0.000051
_2875_,VSS,Metal1,203.1465,212.1190,0.000051
_2874_,VSS,Metal1,205.9800,195.7660,0.000056
_2873_,VSS,Metal1,201.9800,188.4675,0.000057
_2872_,VSS,Metal1,207.6265,203.4005,0.000062
_2871_,VSS,Metal1,232.3000,203.6060,0.000067
_2870_,VSS,Metal1,230.9000,211.3725,0.000055
_2869_,VSS,Metal1,230.0265,219.0805,0.000041
_2868_,VSS,Metal1,252.4600,204.0735,0.000068
_2867_,VSS,Metal1,254.4200,203.5325,0.000068
_2866_,VSS,Metal1,244.5865,211.2405,0.000062
_2865_,VSS,Metal1,268.7000,187.9260,0.000061
_2864_,VSS,Metal1,268.0600,180.6275,0.000060
_2863_,VSS,Metal1,265.0130,187.7205,0.000060
_2862_,VSS,Metal1,285.7000,172.2460,0.000038
_2861_,VSS,Metal1,285.2200,164.3325,0.000059
_2860_,VSS,Metal1,279.3065,172.0405,0.000038
_2859_,VSS,Metal1,275.6200,203.6060,0.000071
_2858_,VSS,Metal1,278.1400,195.6925,0.000059
_2857_,VSS,Metal1,279.3065,203.4005,0.000071
_2856_,VSS,Metal1,302.8600,156.5660,0.000081
_2855_,VSS,Metal1,304.2600,164.3325,0.000059
_2854_,VSS,Metal1,299.1730,149.3990,0.000032
_2853_,VSS,Metal1,310.3400,180.5535,0.000060
_2852_,VSS,Metal1,306.1400,180.0125,0.000060
_2851_,VSS,Metal1,310.6665,179.8805,0.000060
_2850_,VSS,Metal1,323.0200,149.1935,0.000032
_2849_,VSS,Metal1,317.3400,156.4925,0.000081
_2848_,VSS,Metal1,318.5065,148.5205,0.000032
_2847_,VSS,Metal1,333.1000,180.5535,0.000060
_2846_,VSS,Metal1,327.4200,187.8525,0.000059
_2845_,VSS,Metal1,329.1465,180.7590,0.000060
_2844_,VSS,Metal1,349.3400,180.0860,0.000060
_2843_,VSS,Metal1,345.9000,164.9475,0.000060
_2842_,VSS,Metal1,342.5865,172.9190,0.000039
_2841_,VSS,Metal1,367.8200,157.0335,0.000076
_2840_,VSS,Metal1,358.2200,157.1075,0.000075
_2839_,VSS,Metal1,364.9865,141.5590,0.000043
_2838_,VSS,Metal1,367.8200,149.1935,0.000033
_2837_,VSS,Metal1,362.7000,149.2675,0.000033
_2836_,VSS,Metal1,363.8665,125.0005,0.000061
_2835_,VSS,Metal1,368.9400,141.3535,0.000043
_2834_,VSS,Metal1,362.7000,148.6525,0.000033
_2833_,VSS,Metal1,362.1865,132.8405,0.000038
_2832_,VSS,Metal1,150.9625,195.7235,0.000054
_2831_,VSS,Metal1,154.0765,204.3425,0.000060
_2830_,VSS,Metal1,136.9625,211.4035,0.000043
_2829_,VSS,Metal1,101.2600,211.9135,0.000036
_2828_,VSS,Metal1,98.8825,219.7960,0.000029
_2827_,VSS,Metal1,95.3075,211.4035,0.000035
_2826_,VSS,Metal1,91.6600,211.9875,0.000034
_2825_,VSS,Metal1,100.4265,211.3200,0.000036
_2824_,VSS,Metal1,97.2025,204.1160,0.000057
_2823_,VSS,Metal1,98.4330,219.1650,0.000029
_2822_,VSS,Metal1,96.1400,211.9875,0.000035
_2821_,VSS,Metal1,95.4375,219.2435,0.000028
_2820_,VSS,Metal1,102.6130,219.0805,0.000030
_2819_,VSS,Metal1,91.7400,188.3935,0.000054
_2818_,VSS,Metal1,87.6825,188.4360,0.000053
_2817_,VSS,Metal1,93.0675,196.2760,0.000052
_2816_,VSS,Metal1,93.3400,195.6925,0.000052
_2815_,VSS,Metal1,98.9330,188.5200,0.000056
_2814_,VSS,Metal1,93.2825,187.8835,0.000054
_2813_,VSS,Metal1,102.3530,196.3550,0.000054
_2812_,VSS,Metal1,98.7400,196.3075,0.000054
_2811_,VSS,Metal1,97.2025,203.5635,0.000057
_2810_,VSS,Metal1,90.2930,196.4390,0.000052
_2809_,VSS,Metal1,147.1800,187.9260,0.000056
_2808_,VSS,Metal1,145.3625,180.0435,0.000055
_2807_,VSS,Metal1,141.7875,180.0435,0.000054
_2806_,VSS,Metal1,137.3800,187.8525,0.000056
_2805_,VSS,Metal1,142.6130,187.8000,0.000056
_2804_,VSS,Metal1,140.8825,172.7560,0.000026
_2803_,VSS,Metal1,141.5530,188.5150,0.000056
_2802_,VSS,Metal1,137.9400,188.4675,0.000056
_2801_,VSS,Metal1,139.6775,180.0435,0.000054
_2800_,VSS,Metal1,132.8530,187.7205,0.000056
_2799_,VSS,Metal1,98.4600,164.4060,0.000041
_2798_,VSS,Metal1,89.9225,164.3635,0.000040
_2797_,VSS,Metal1,95.0925,157.0760,0.000055
_2796_,VSS,Metal1,104.9000,164.3325,0.000042
_2795_,VSS,Metal1,98.7465,165.0000,0.000041
_2794_,VSS,Metal1,96.6425,156.5235,0.000055
_2793_,VSS,Metal1,94.2065,164.2850,0.000041
_2792_,VSS,Metal1,99.3000,157.1075,0.000055
_2791_,VSS,Metal1,98.8825,172.7560,0.000026
_2790_,VSS,Metal1,94.7730,165.0790,0.000041
_2789_,VSS,Metal1,100.7000,133.5135,0.000032
_2788_,VSS,Metal1,92.0775,140.8435,0.000029
_2787_,VSS,Metal1,96.2125,141.3960,0.000030
_2786_,VSS,Metal1,95.5800,133.5875,0.000031
_2785_,VSS,Metal1,99.8665,140.7600,0.000030
_2784_,VSS,Metal1,97.7625,148.6835,0.000025
_2783_,VSS,Metal1,95.3265,140.7650,0.000030
_2782_,VSS,Metal1,100.4200,141.4275,0.000030
_2781_,VSS,Metal1,103.8375,141.3960,0.000030
_2780_,VSS,Metal1,105.4130,140.6805,0.000030
_2779_,VSS,Metal1,125.3400,133.5135,0.000033
_2778_,VSS,Metal1,123.4375,148.6835,0.000025
_2777_,VSS,Metal1,131.1475,140.8435,0.000031
_2776_,VSS,Metal1,120.7800,141.4275,0.000031
_2775_,VSS,Metal1,120.5865,140.7600,0.000031
_2774_,VSS,Metal1,117.3625,141.3960,0.000031
_2773_,VSS,Metal1,127.5530,140.7650,0.000031
_2772_,VSS,Metal1,120.2200,133.5875,0.000032
_2771_,VSS,Metal1,127.3575,148.6835,0.000025
_2770_,VSS,Metal1,122.7730,132.8405,0.000033
_2769_,VSS,Metal1,154.4600,156.5660,0.000062
_2768_,VSS,Metal1,154.3225,164.9160,0.000045
_2767_,VSS,Metal1,146.2675,164.9160,0.000045
_2766_,VSS,Metal1,146.3400,172.1725,0.000027
_2765_,VSS,Metal1,148.0265,156.4400,0.000062
_2764_,VSS,Metal1,146.9575,149.2360,0.000026
_2763_,VSS,Metal1,143.4865,156.4450,0.000062
_2762_,VSS,Metal1,136.4600,157.1075,0.000060
_2761_,VSS,Metal1,140.2375,156.5235,0.000062
_2760_,VSS,Metal1,149.6530,149.3990,0.000027
_2759_,VSS,Metal1,154.1000,140.8860,0.000033
_2758_,VSS,Metal1,157.1225,140.8435,0.000034
_2757_,VSS,Metal1,145.7075,148.6835,0.000026
_2756_,VSS,Metal1,131.2065,211.2900,0.000043
_2755_,VSS,Metal1,141.5000,140.8125,0.000032
_2754_,VSS,Metal1,146.9065,140.7600,0.000033
_2753_,VSS,Metal1,139.1175,140.8435,0.000032
_2752_,VSS,Metal1,147.1530,141.4750,0.000033
_2751_,VSS,Metal1,148.0200,133.5875,0.000033
_2750_,VSS,Metal1,142.0025,141.3960,0.000032
_2749_,VSS,Metal1,132.5450,204.2575,0.000060
_2748_,VSS,Metal1,126.4100,196.4200,0.000054
_2747_,VSS,Metal1,149.0930,132.8405,0.000033
_2746_,VSS,Metal1,102.2425,234.9235,0.000067
_2745_,VSS,Metal1,91.9475,227.6360,0.000053
_2744_,VSS,Metal1,110.5575,235.4760,0.000068
_2743_,VSS,Metal1,139.8730,250.5250,0.000075
_2742_,VSS,Metal1,207.8000,55.1910,0.000035
_2741_,VSS,Metal1,204.7225,62.9960,0.000064
_2740_,VSS,Metal1,219.3930,47.3950,0.000038
_2739_,VSS,Metal1,212.6375,172.1600,0.000031
_2738_,VSS,Metal1,209.6200,164.9475,0.000050
_2737_,VSS,Metal1,209.3665,179.9750,0.000056
_2736_,VSS,Metal1,214.1700,172.8615,0.000031
_2735_,VSS,Metal1,204.7225,180.0435,0.000056
_2734_,VSS,Metal1,206.5400,172.7775,0.000030
_2733_,VSS,Metal1,196.5830,165.0205,0.000049
_2732_,VSS,Metal1,216.1365,157.1805,0.000085
_2731_,VSS,Metal1,214.5800,164.3425,0.000050
_2730_,VSS,Metal1,206.9300,172.2150,0.000030
_2729_,VSS,Metal1,199.6100,172.8615,0.000030
_2728_,VSS,Metal1,200.8025,180.0435,0.000056
_2727_,VSS,Metal1,189.5700,164.3750,0.000046
_2726_,VSS,Metal1,209.1900,164.2580,0.000050
_2725_,VSS,Metal1,220.9565,164.2680,0.000053
_2724_,VSS,Metal1,246.5000,156.5660,0.000084
_2723_,VSS,Metal1,250.6930,148.6000,0.000032
_2722_,VSS,Metal1,252.8030,141.4915,0.000040
_2721_,VSS,Metal1,267.5000,125.2060,0.000059
_2720_,VSS,Metal1,265.2600,125.7475,0.000059
_2719_,VSS,Metal1,276.4530,117.9600,0.000047
_2718_,VSS,Metal1,297.4400,117.9475,0.000048
_2717_,VSS,Metal1,304.3175,117.8760,0.000048
_2716_,VSS,Metal1,319.0200,109.9935,0.000036
_2715_,VSS,Metal1,322.3225,117.3235,0.000047
_2714_,VSS,Metal1,316.8600,117.3660,0.000048
_2713_,VSS,Metal1,336.0230,117.9805,0.000046
_2712_,VSS,Metal1,350.8765,117.2280,0.000047
_2711_,VSS,Metal1,358.3000,110.0575,0.000036
_2710_,VSS,Metal1,335.2025,109.4835,0.000036
_2709_,VSS,Metal1,371.6600,102.1535,0.000048
_2708_,VSS,Metal1,371.1530,93.7250,0.000057
_2707_,VSS,Metal1,362.7465,93.6405,0.000056
_2706_,VSS,Metal1,375.5800,102.2275,0.000048
_2705_,VSS,Metal1,369.2900,109.3780,0.000037
_2704_,VSS,Metal1,333.4375,110.0360,0.000036
_2703_,VSS,Metal1,352.0500,110.0260,0.000036
_2702_,VSS,Metal1,355.1130,102.2650,0.000047
_2701_,VSS,Metal1,341.7330,125.0005,0.000060
_2700_,VSS,Metal1,344.1500,117.9815,0.000047
_2699_,VSS,Metal1,331.5365,125.0085,0.000058
_2698_,VSS,Metal1,313.6165,125.0085,0.000058
_2697_,VSS,Metal1,307.9830,117.1685,0.000048
_2696_,VSS,Metal1,293.6200,117.2925,0.000048
_2695_,VSS,Metal1,284.6130,117.1605,0.000047
_2694_,VSS,Metal1,288.2730,117.2450,0.000048
_2693_,VSS,Metal1,285.8500,125.0580,0.000059
_2692_,VSS,Metal1,266.6330,117.9450,0.000047
_2691_,VSS,Metal1,272.9000,125.1325,0.000059
_2690_,VSS,Metal1,272.1065,132.9065,0.000038
_2689_,VSS,Metal1,266.2500,133.6615,0.000038
_2688_,VSS,Metal1,253.2530,140.6805,0.000040
_2687_,VSS,Metal1,257.8500,148.5780,0.000032
_2686_,VSS,Metal1,245.4130,148.5205,0.000032
_2685_,VSS,Metal1,244.7365,149.3910,0.000032
_2684_,VSS,Metal1,235.4500,149.3415,0.000032
_2683_,VSS,Metal1,224.5430,148.5285,0.000031
_2682_,VSS,Metal1,246.2755,157.2005,0.000084
_2681_,VSS,Metal1,203.0300,165.0215,0.000049
_2680_,VSS,Metal1,199.0500,172.0980,0.000030
_2679_,VSS,Metal1,193.8930,172.0405,0.000029
_2678_,VSS,Metal1,198.0025,180.0435,0.000056
_2677_,VSS,Metal1,190.0200,172.8150,0.000029
_2676_,VSS,Metal1,186.2425,172.2035,0.000028
_2675_,VSS,Metal1,188.0600,164.9375,0.000046
_2674_,VSS,Metal1,200.0275,164.3635,0.000049
_2673_,VSS,Metal1,193.8930,157.2390,0.000065
_2672_,VSS,Metal1,190.5800,164.9750,0.000046
_2671_,VSS,Metal1,187.3500,157.1815,0.000065
_2670_,VSS,Metal1,182.8700,164.2580,0.000046
_2669_,VSS,Metal1,183.4425,172.2035,0.000028
_2668_,VSS,Metal1,187.1730,156.3605,0.000065
_2667_,VSS,Metal1,208.6425,157.0760,0.000067
_2666_,VSS,Metal1,233.5600,164.4060,0.000056
_2665_,VSS,Metal1,227.6765,164.2680,0.000055
_2664_,VSS,Metal1,235.8930,172.0405,0.000031
_2663_,VSS,Metal1,254.1035,164.1700,0.000056
_2662_,VSS,Metal1,250.4530,156.3605,0.000084
_2661_,VSS,Metal1,257.6135,149.3435,0.000032
_2660_,VSS,Metal1,260.0775,140.8435,0.000041
_2659_,VSS,Metal1,258.9630,141.4915,0.000041
_2658_,VSS,Metal1,267.5530,148.6050,0.000032
_2657_,VSS,Metal1,266.1000,140.8225,0.000041
_2656_,VSS,Metal1,265.7500,141.5015,0.000041
_2655_,VSS,Metal1,271.7265,133.6350,0.000038
_2654_,VSS,Metal1,270.6065,125.7950,0.000059
_2653_,VSS,Metal1,277.5800,132.9450,0.000037
_2652_,VSS,Metal1,265.7500,132.8980,0.000038
_2651_,VSS,Metal1,275.3400,132.9450,0.000037
_2650_,VSS,Metal1,284.7175,141.3960,0.000041
_2649_,VSS,Metal1,285.7000,140.8225,0.000041
_2648_,VSS,Metal1,284.9325,117.8760,0.000047
_2647_,VSS,Metal1,284.5600,125.7875,0.000059
_2646_,VSS,Metal1,279.5730,125.0005,0.000059
_2645_,VSS,Metal1,285.8500,133.6615,0.000037
_2644_,VSS,Metal1,289.9530,125.7950,0.000059
_2643_,VSS,Metal1,289.4400,117.9475,0.000048
_2642_,VSS,Metal1,289.3400,132.9450,0.000037
_2641_,VSS,Metal1,292.5700,125.0580,0.000059
_2640_,VSS,Metal1,312.3580,117.9895,0.000048
_2639_,VSS,Metal1,305.9400,125.1325,0.000058
_2638_,VSS,Metal1,333.8665,117.2880,0.000046
_2637_,VSS,Metal1,336.1330,125.8790,0.000058
_2636_,VSS,Metal1,344.4135,110.1435,0.000036
_2635_,VSS,Metal1,340.2300,109.3780,0.000036
_2634_,VSS,Metal1,342.3975,101.6435,0.000042
_2633_,VSS,Metal1,354.8600,117.2925,0.000047
_2632_,VSS,Metal1,351.9900,109.3780,0.000036
_2631_,VSS,Metal1,370.8465,117.2450,0.000048
_2630_,VSS,Metal1,368.2300,110.1415,0.000037
_2629_,VSS,Metal1,338.0025,102.1960,0.000042
_2628_,VSS,Metal1,384.3400,109.4525,0.000037
_2627_,VSS,Metal1,374.9300,110.0250,0.000037
_2626_,VSS,Metal1,339.5975,101.6435,0.000042
_2625_,VSS,Metal1,362.1300,110.0260,0.000037
_2624_,VSS,Metal1,340.2425,133.0035,0.000037
_2623_,VSS,Metal1,336.7500,110.0260,0.000036
_2622_,VSS,Metal1,327.8375,117.3235,0.000046
_2621_,VSS,Metal1,331.9465,118.0390,0.000046
_2620_,VSS,Metal1,312.0700,125.8600,0.000058
_2619_,VSS,Metal1,312.1575,133.0035,0.000037
_2618_,VSS,Metal1,297.0375,125.7160,0.000059
_2617_,VSS,Metal1,287.5175,141.3960,0.000041
_2616_,VSS,Metal1,255.6700,156.4180,0.000084
_2615_,VSS,Metal1,251.0700,164.9060,0.000056
_2614_,VSS,Metal1,243.1900,165.0600,0.000056
_2613_,VSS,Metal1,236.3325,165.0950,0.000056
_2612_,VSS,Metal1,216.3975,149.2360,0.000031
_2611_,VSS,Metal1,225.3575,39.4760,0.000028
_2610_,VSS,Metal1,207.0730,46.6850,0.000037
_2609_,VSS,Metal1,210.7225,133.6000,0.000036
_2608_,VSS,Metal1,214.6600,140.8125,0.000038
_2607_,VSS,Metal1,208.8065,140.7750,0.000038
_2606_,VSS,Metal1,214.1700,141.5015,0.000038
_2605_,VSS,Metal1,208.6425,141.3960,0.000038
_2604_,VSS,Metal1,203.9400,141.4175,0.000037
_2603_,VSS,Metal1,194.9030,133.6605,0.000035
_2602_,VSS,Metal1,196.0230,132.8990,0.000035
_2601_,VSS,Metal1,184.9250,140.7105,0.000035
_2600_,VSS,Metal1,177.8300,141.5015,0.000034
_2599_,VSS,Metal1,197.3700,148.5780,0.000029
_2598_,VSS,Metal1,199.0500,141.5015,0.000036
_2597_,VSS,Metal1,204.7225,148.6835,0.000030
_2596_,VSS,Metal1,217.4130,133.7190,0.000037
_2595_,VSS,Metal1,181.3600,132.9325,0.000034
_2594_,VSS,Metal1,175.4065,133.6350,0.000033
_2593_,VSS,Metal1,230.6125,125.7160,0.000057
_2592_,VSS,Metal1,239.7800,125.2060,0.000058
_2591_,VSS,Metal1,251.8130,117.2400,0.000045
_2590_,VSS,Metal1,250.7465,110.1990,0.000035
_2589_,VSS,Metal1,250.0030,109.3880,0.000035
_2588_,VSS,Metal1,256.3000,93.8460,0.000057
_2587_,VSS,Metal1,294.9400,93.8460,0.000057
_2586_,VSS,Metal1,294.7400,94.3875,0.000057
_2585_,VSS,Metal1,297.8400,78.0490,0.000057
_2584_,VSS,Metal1,305.7830,78.7805,0.000057
_2583_,VSS,Metal1,310.3730,94.5190,0.000056
_2582_,VSS,Metal1,323.4930,70.9200,0.000072
_2581_,VSS,Metal1,331.8365,78.0280,0.000056
_2580_,VSS,Metal1,338.4200,78.7075,0.000056
_2579_,VSS,Metal1,348.9200,70.8710,0.000069
_2578_,VSS,Metal1,369.4130,63.0800,0.000065
_2577_,VSS,Metal1,355.7265,70.2050,0.000069
_2576_,VSS,Metal1,373.9530,62.3650,0.000065
_2575_,VSS,Metal1,365.4425,62.4435,0.000065
_2574_,VSS,Metal1,370.9000,78.1660,0.000057
_2573_,VSS,Metal1,374.6930,55.2530,0.000036
_2572_,VSS,Metal1,372.2300,70.1805,0.000070
_2571_,VSS,Metal1,378.0530,62.3465,0.000066
_2570_,VSS,Metal1,351.2000,62.3725,0.000065
_2569_,VSS,Metal1,357.9130,63.0650,0.000065
_2568_,VSS,Metal1,344.4530,70.9330,0.000069
_2567_,VSS,Metal1,346.8200,63.0275,0.000065
_2566_,VSS,Metal1,342.8000,70.2125,0.000069
_2565_,VSS,Metal1,329.8565,85.8085,0.000093
_2564_,VSS,Metal1,327.7330,70.9990,0.000071
_2563_,VSS,Metal1,326.4965,86.6710,0.000093
_2562_,VSS,Metal1,313.6165,86.6710,0.000093
_2561_,VSS,Metal1,296.5500,78.7815,0.000057
_2560_,VSS,Metal1,291.3265,78.0450,0.000057
_2559_,VSS,Metal1,291.1200,78.7475,0.000057
_2558_,VSS,Metal1,262.9100,93.8150,0.000057
_2557_,VSS,Metal1,275.8300,93.6980,0.000057
_2556_,VSS,Metal1,258.4100,94.4615,0.000057
_2555_,VSS,Metal1,256.7175,101.6435,0.000044
_2554_,VSS,Metal1,261.9725,109.4835,0.000035
_2553_,VSS,Metal1,246.5330,125.0005,0.000058
_2552_,VSS,Metal1,245.8565,125.8710,0.000058
_2551_,VSS,Metal1,228.1575,125.1635,0.000057
_2550_,VSS,Metal1,233.8300,132.8980,0.000037
_2549_,VSS,Metal1,220.4025,133.5560,0.000037
_2548_,VSS,Metal1,222.3365,132.8485,0.000037
_2547_,VSS,Metal1,244.5955,133.6805,0.000038
_2546_,VSS,Metal1,192.1875,141.3960,0.000036
_2545_,VSS,Metal1,188.6800,133.5910,0.000035
_2544_,VSS,Metal1,190.2200,141.4550,0.000036
_2543_,VSS,Metal1,196.8100,140.7380,0.000036
_2542_,VSS,Metal1,198.9330,149.3990,0.000029
_2541_,VSS,Metal1,180.1865,140.6805,0.000034
_2540_,VSS,Metal1,177.3930,149.3150,0.000027
_2539_,VSS,Metal1,186.0275,141.3960,0.000035
_2538_,VSS,Metal1,180.8000,133.6275,0.000034
_2537_,VSS,Metal1,176.2665,132.8405,0.000033
_2536_,VSS,Metal1,175.0300,140.7380,0.000034
_2535_,VSS,Metal1,172.0530,148.5205,0.000027
_2534_,VSS,Metal1,184.4775,148.6835,0.000028
_2533_,VSS,Metal1,171.1100,141.5015,0.000034
_2532_,VSS,Metal1,170.1065,140.6805,0.000034
_2531_,VSS,Metal1,233.6265,141.4315,0.000039
_2530_,VSS,Metal1,224.0300,140.7010,0.000039
_2529_,VSS,Metal1,226.9330,133.7190,0.000037
_2528_,VSS,Metal1,250.9600,132.9325,0.000038
_2527_,VSS,Metal1,254.4775,125.7160,0.000058
_2526_,VSS,Metal1,258.3400,102.2275,0.000044
_2525_,VSS,Metal1,261.3400,101.5850,0.000044
_2524_,VSS,Metal1,265.1230,102.2915,0.000044
_2523_,VSS,Metal1,271.4730,109.4050,0.000036
_2522_,VSS,Metal1,268.2800,86.5510,0.000091
_2521_,VSS,Metal1,259.1530,86.5950,0.000081
_2520_,VSS,Metal1,265.0600,78.7350,0.000057
_2519_,VSS,Metal1,265.2700,85.8605,0.000082
_2518_,VSS,Metal1,265.6900,101.5380,0.000044
_2517_,VSS,Metal1,268.1400,93.8460,0.000057
_2516_,VSS,Metal1,278.3075,102.3750,0.000044
_2515_,VSS,Metal1,269.5500,85.9735,0.000091
_2514_,VSS,Metal1,265.0130,86.6790,0.000082
_2513_,VSS,Metal1,275.5430,86.6205,0.000092
_2512_,VSS,Metal1,279.8925,85.9635,0.000092
_2511_,VSS,Metal1,281.7600,78.7475,0.000057
_2510_,VSS,Metal1,281.8130,86.6790,0.000093
_2509_,VSS,Metal1,285.3500,85.8580,0.000093
_2508_,VSS,Metal1,291.6525,101.6435,0.000043
_2507_,VSS,Metal1,288.2200,78.0650,0.000057
_2506_,VSS,Metal1,292.0700,85.8580,0.000093
_2505_,VSS,Metal1,294.3225,70.8360,0.000074
_2504_,VSS,Metal1,317.3980,78.7895,0.000056
_2503_,VSS,Metal1,317.1400,78.0925,0.000056
_2502_,VSS,Metal1,341.7065,85.9280,0.000093
_2501_,VSS,Metal1,342.8530,77.9605,0.000057
_2500_,VSS,Metal1,349.4535,70.1760,0.000069
_2499_,VSS,Metal1,346.8200,78.0650,0.000057
_2498_,VSS,Metal1,347.4500,78.7815,0.000057
_2497_,VSS,Metal1,357.4600,62.4125,0.000065
_2496_,VSS,Metal1,362.1400,63.0550,0.000065
_2495_,VSS,Metal1,351.4300,63.1015,0.000065
_2494_,VSS,Metal1,382.3530,63.0750,0.000066
_2493_,VSS,Metal1,377.0600,54.5450,0.000036
_2492_,VSS,Metal1,374.9300,62.9850,0.000065
_2491_,VSS,Metal1,377.6200,78.7075,0.000057
_2490_,VSS,Metal1,377.3130,78.0450,0.000057
_2489_,VSS,Metal1,375.5100,70.9415,0.000070
_2488_,VSS,Metal1,379.3900,85.9750,0.000095
_2487_,VSS,Metal1,384.9575,70.2835,0.000070
_2486_,VSS,Metal1,382.8500,62.4535,0.000066
_2485_,VSS,Metal1,363.8200,62.3850,0.000065
_2484_,VSS,Metal1,370.9575,55.1560,0.000036
_2483_,VSS,Metal1,350.2375,78.1235,0.000057
_2482_,VSS,Metal1,348.5100,86.5060,0.000093
_2481_,VSS,Metal1,336.7975,78.1235,0.000056
_2480_,VSS,Metal1,338.3730,86.6790,0.000093
_2479_,VSS,Metal1,314.5700,93.6600,0.000055
_2478_,VSS,Metal1,319.4375,93.8035,0.000055
_2477_,VSS,Metal1,308.2375,78.1235,0.000057
_2476_,VSS,Metal1,285.9225,78.6760,0.000057
_2475_,VSS,Metal1,273.4130,85.8005,0.000092
_2474_,VSS,Metal1,264.7000,109.4250,0.000035
_2473_,VSS,Metal1,255.6700,109.3780,0.000035
_2472_,VSS,Metal1,249.9975,125.1635,0.000058
_2471_,VSS,Metal1,241.0375,133.0035,0.000038
_2470_,VSS,Metal1,245.9900,132.8600,0.000038
_2469_,VSS,Metal1,234.6525,140.6650,0.000039
_2468_,VSS,Metal1,214.7175,133.5560,0.000036
_2467_,VSS,Metal1,200.8025,46.7635,0.000037
_2466_,VSS,Metal1,215.7625,55.2000,0.000035
_2465_,VSS,Metal1,213.6825,46.7635,0.000037
_2464_,VSS,Metal1,92.2665,258.2805,0.000086
_2463_,VSS,Metal1,88.3530,258.3650,0.000086
_2462_,VSS,Metal1,93.4200,250.5825,0.000053
_2461_,VSS,Metal1,88.0530,250.4405,0.000053
_2460_,VSS,Metal1,97.3130,250.5250,0.000054
_2459_,VSS,Metal1,94.4700,243.4190,0.000055
_2458_,VSS,Metal1,96.7530,251.2350,0.000054
_2457_,VSS,Metal1,94.9625,258.4435,0.000086
_2456_,VSS,Metal1,97.2025,243.3160,0.000068
_2455_,VSS,Metal1,90.0525,242.7635,0.000055
_2454_,VSS,Metal1,90.9575,243.3160,0.000055
_2453_,VSS,Metal1,101.0375,243.3160,0.000068
_2452_,VSS,Metal1,132.8530,117.1605,0.000037
_2451_,VSS,Metal1,150.8900,117.9815,0.000038
_2450_,VSS,Metal1,150.5865,109.3865,0.000030
_2449_,VSS,Metal1,158.6130,109.3205,0.000030
_2448_,VSS,Metal1,152.1930,125.7950,0.000058
_2447_,VSS,Metal1,146.0330,125.0850,0.000060
_2446_,VSS,Metal1,151.3800,125.1325,0.000058
_2445_,VSS,Metal1,176.3200,110.1075,0.000031
_2444_,VSS,Metal1,171.1975,109.4400,0.000031
_2443_,VSS,Metal1,170.6500,125.0815,0.000057
_2442_,VSS,Metal1,172.3000,102.2275,0.000035
_2441_,VSS,Metal1,171.7930,125.7950,0.000057
_2440_,VSS,Metal1,166.9875,109.4835,0.000031
_2439_,VSS,Metal1,171.7865,132.8405,0.000033
_2438_,VSS,Metal1,213.2600,86.0060,0.000075
_2437_,VSS,Metal1,210.3100,78.0180,0.000054
_2436_,VSS,Metal1,216.0330,78.0450,0.000054
_2435_,VSS,Metal1,217.1465,63.1250,0.000065
_2434_,VSS,Metal1,205.6530,77.9605,0.000054
_2433_,VSS,Metal1,219.1500,85.9735,0.000076
_2432_,VSS,Metal1,211.2465,94.4350,0.000056
_2431_,VSS,Metal1,196.6600,102.1535,0.000039
_2430_,VSS,Metal1,208.0100,101.5380,0.000040
_2429_,VSS,Metal1,220.3175,110.0360,0.000034
_2428_,VSS,Metal1,237.3065,85.8350,0.000080
_2427_,VSS,Metal1,236.7530,78.7550,0.000055
_2426_,VSS,Metal1,236.4200,62.4860,0.000065
_2425_,VSS,Metal1,237.9830,70.9910,0.000074
_2424_,VSS,Metal1,246.0775,219.7960,0.000043
_2423_,VSS,Metal1,254.1065,62.3150,0.000066
_2422_,VSS,Metal1,248.9625,180.5960,0.000059
_2421_,VSS,Metal1,256.5600,55.2275,0.000037
_2420_,VSS,Metal1,277.1000,70.7935,0.000075
_2419_,VSS,Metal1,270.4965,70.1285,0.000075
_2418_,VSS,Metal1,273.7065,47.4450,0.000038
_2417_,VSS,Metal1,273.4130,55.3190,0.000037
_2416_,VSS,Metal1,271.2775,204.1160,0.000070
_2415_,VSS,Metal1,300.6200,46.8060,0.000039
_2414_,VSS,Metal1,294.0165,47.4710,0.000039
_2413_,VSS,Metal1,304.7400,54.6460,0.000037
_2412_,VSS,Metal1,305.4500,55.2615,0.000037
_2411_,VSS,Metal1,318.1800,46.8060,0.000039
_2410_,VSS,Metal1,317.5030,47.4710,0.000039
_2409_,VSS,Metal1,315.0425,148.6835,0.000032
_2408_,VSS,Metal1,326.9065,55.2850,0.000037
_2407_,VSS,Metal1,327.1730,70.1205,0.000071
_2406_,VSS,Metal1,325.5975,180.5960,0.000060
_2405_,VSS,Metal1,344.5000,39.4335,0.000035
_2404_,VSS,Metal1,338.2565,46.6085,0.000039
_2403_,VSS,Metal1,359.9800,31.5935,0.000033
_2402_,VSS,Metal1,358.1500,39.5815,0.000036
_2401_,VSS,Metal1,365.0200,54.6460,0.000036
_2400_,VSS,Metal1,365.6630,47.4710,0.000041
_2399_,VSS,Metal1,362.8565,86.6205,0.000094
_2398_,VSS,Metal1,365.4425,85.9635,0.000095
_2397_,VSS,Metal1,362.4530,70.1205,0.000070
_2396_,VSS,Metal1,369.1730,62.2805,0.000065
_2395_,VSS,Metal1,354.8400,86.5965,0.000094
_2394_,VSS,Metal1,106.5800,227.6950,0.000055
_2393_,VSS,Metal1,114.3400,227.6575,0.000055
_2392_,VSS,Metal1,110.6425,219.2435,0.000030
_2391_,VSS,Metal1,82.7530,227.0050,0.000053
_2390_,VSS,Metal1,89.2200,227.0525,0.000053
_2389_,VSS,Metal1,85.1625,227.6935,0.000053
_2388_,VSS,Metal1,80.7730,188.5650,0.000050
_2387_,VSS,Metal1,82.7530,195.6450,0.000051
_2386_,VSS,Metal1,89.5200,195.6525,0.000052
_2385_,VSS,Metal1,74.4400,188.4710,0.000049
_2384_,VSS,Metal1,73.4600,187.8625,0.000049
_2383_,VSS,Metal1,75.9165,180.6915,0.000033
_2382_,VSS,Metal1,68.6425,172.7560,0.000024
_2381_,VSS,Metal1,79.0675,164.3635,0.000040
_2380_,VSS,Metal1,81.8130,179.9465,0.000052
_2379_,VSS,Metal1,67.8675,164.9160,0.000039
_2378_,VSS,Metal1,72.2800,172.7910,0.000024
_2377_,VSS,Metal1,74.0200,180.0225,0.000033
_2376_,VSS,Metal1,76.9630,148.5880,0.000024
_2375_,VSS,Metal1,75.9225,140.8435,0.000029
_2374_,VSS,Metal1,83.8925,149.2360,0.000024
_2373_,VSS,Metal1,76.5865,156.3605,0.000052
_2372_,VSS,Metal1,80.7475,148.6835,0.000024
_2371_,VSS,Metal1,72.1130,148.6050,0.000024
_2370_,VSS,Metal1,73.0375,149.2360,0.000024
_2369_,VSS,Metal1,80.3175,149.2360,0.000024
_2368_,VSS,Metal1,76.0330,149.3150,0.000024
_2367_,VSS,Metal1,63.6600,157.1350,0.000052
_2366_,VSS,Metal1,72.9200,164.2140,0.000040
_2365_,VSS,Metal1,85.5725,188.4360,0.000053
_2364_,VSS,Metal1,79.8800,187.8030,0.000050
_2363_,VSS,Metal1,83.8925,211.4035,0.000034
_2362_,VSS,Metal1,91.5175,234.9235,0.000048
_2361_,VSS,Metal1,175.8825,117.2660,0.000039
_2360_,VSS,Metal1,186.1575,117.3235,0.000042
_2359_,VSS,Metal1,216.2665,101.6080,0.000041
_2358_,VSS,Metal1,219.9435,93.6100,0.000056
_2357_,VSS,Metal1,208.5000,102.2550,0.000040
_2356_,VSS,Metal1,209.9000,86.5375,0.000074
_2355_,VSS,Metal1,216.8700,86.5980,0.000076
_2354_,VSS,Metal1,225.9965,94.4515,0.000056
_2353_,VSS,Metal1,220.6275,109.3050,0.000034
_2352_,VSS,Metal1,216.8530,110.1990,0.000034
_2351_,VSS,Metal1,204.1625,86.5160,0.000074
_2350_,VSS,Metal1,207.5100,78.7815,0.000054
_2349_,VSS,Metal1,207.4500,85.8580,0.000074
_2348_,VSS,Metal1,233.9725,93.8035,0.000056
_2347_,VSS,Metal1,234.5600,86.5875,0.000080
_2346_,VSS,Metal1,238.9400,94.4150,0.000057
_2345_,VSS,Metal1,238.8100,93.6980,0.000057
_2344_,VSS,Metal1,225.3575,86.5160,0.000079
_2343_,VSS,Metal1,254.2800,70.3260,0.000075
_2342_,VSS,Metal1,249.5165,70.9315,0.000075
_2341_,VSS,Metal1,248.5130,70.2050,0.000075
_2340_,VSS,Metal1,250.8265,63.0930,0.000066
_2339_,VSS,Metal1,262.8200,62.4125,0.000067
_2338_,VSS,Metal1,286.1455,55.3160,0.000037
_2337_,VSS,Metal1,275.9000,54.5725,0.000037
_2336_,VSS,Metal1,280.3800,54.5450,0.000037
_2335_,VSS,Metal1,269.6825,55.1560,0.000037
_2334_,VSS,Metal1,274.9475,62.2650,0.000067
_2333_,VSS,Metal1,294.5200,54.5510,0.000037
_2332_,VSS,Metal1,289.9465,46.6005,0.000039
_2331_,VSS,Metal1,310.9265,55.2350,0.000037
_2330_,VSS,Metal1,316.0200,55.1875,0.000037
_2329_,VSS,Metal1,325.7930,54.5250,0.000037
_2328_,VSS,Metal1,333.5700,55.1460,0.000036
_2327_,VSS,Metal1,335.8200,39.5075,0.000035
_2326_,VSS,Metal1,335.8665,47.4790,0.000039
_2325_,VSS,Metal1,352.9265,39.5550,0.000035
_2324_,VSS,Metal1,374.8200,39.5075,0.000036
_2323_,VSS,Metal1,364.7975,62.9960,0.000065
_2322_,VSS,Metal1,374.2130,47.4790,0.000041
_2321_,VSS,Metal1,377.2025,39.4760,0.000036
_2320_,VSS,Metal1,355.3625,38.9235,0.000036
_2319_,VSS,Metal1,355.4300,46.6605,0.000041
_2318_,VSS,Metal1,349.0600,39.5350,0.000035
_2317_,VSS,Metal1,351.9175,46.7635,0.000041
_2316_,VSS,Metal1,330.1625,46.7635,0.000039
_2315_,VSS,Metal1,327.3500,63.1015,0.000065
_2314_,VSS,Metal1,332.5065,63.1590,0.000065
_2313_,VSS,Metal1,315.4130,62.2805,0.000066
_2312_,VSS,Metal1,319.4375,54.6035,0.000037
_2311_,VSS,Metal1,298.8025,55.1560,0.000037
_2310_,VSS,Metal1,312.7175,62.9960,0.000066
_2309_,VSS,Metal1,299.2200,63.0550,0.000066
_2308_,VSS,Metal1,304.8775,70.2835,0.000074
_2307_,VSS,Metal1,299.2775,54.6035,0.000037
_2306_,VSS,Metal1,283.7865,62.2805,0.000067
_2305_,VSS,Metal1,263.4375,70.2835,0.000075
_2304_,VSS,Metal1,256.6130,78.8390,0.000056
_2303_,VSS,Metal1,255.6700,63.1015,0.000066
_2302_,VSS,Metal1,233.8425,94.3560,0.000056
_2301_,VSS,Metal1,137.1600,243.3510,0.000070
_2300_,VSS,Metal1,152.0825,250.6035,0.000077
_2299_,VSS,Metal1,142.8765,203.3370,0.000060
_2298_,VSS,Metal1,139.0600,274.7075,0.000099
_2297_,VSS,Metal1,123.5225,266.8360,0.000060
_2296_,VSS,Metal1,143.0375,266.8360,0.000063
_2295_,VSS,Metal1,154.3800,274.0925,0.000100
_2294_,VSS,Metal1,165.5225,274.1235,0.000100
_2293_,VSS,Metal1,159.3625,266.2835,0.000063
_2292_,VSS,Metal1,159.2200,258.4125,0.000089
_2291_,VSS,Metal1,154.8825,242.7635,0.000077
_2290_,VSS,Metal1,162.6375,258.9960,0.000089
_2289_,VSS,Metal1,181.6200,266.8675,0.000066
_2288_,VSS,Metal1,177.2825,266.2835,0.000064
_2287_,VSS,Metal1,187.2775,274.6760,0.000101
_2286_,VSS,Metal1,176.0200,251.1875,0.000077
_2285_,VSS,Metal1,170.5625,156.5235,0.000064
_2284_,VSS,Metal1,181.1175,258.9960,0.000089
_2283_,VSS,Metal1,195.6200,258.4125,0.000089
_2282_,VSS,Metal1,201.2775,258.4435,0.000089
_2281_,VSS,Metal1,185.6825,243.3160,0.000083
_2280_,VSS,Metal1,214.1000,243.3475,0.000085
_2279_,VSS,Metal1,215.8375,250.6035,0.000077
_2278_,VSS,Metal1,210.3225,211.9560,0.000052
_2277_,VSS,Metal1,190.7800,235.5075,0.000082
_2276_,VSS,Metal1,201.8375,250.6035,0.000077
_2275_,VSS,Metal1,199.1225,109.4835,0.000032
_2274_,VSS,Metal1,227.5400,235.5075,0.000088
_2273_,VSS,Metal1,225.3575,219.7960,0.000041
_2272_,VSS,Metal1,229.9225,235.4760,0.000088
_2271_,VSS,Metal1,136.7665,195.6450,0.000054
_2270_,VSS,Metal1,153.8200,203.5050,0.000060
_2269_,VSS,Metal1,150.5065,203.4005,0.000060
_2268_,VSS,Metal1,144.9065,195.5605,0.000054
_2267_,VSS,Metal1,132.5330,212.0400,0.000043
_2266_,VSS,Metal1,135.9300,196.4200,0.000054
_2265_,VSS,Metal1,150.3965,211.3080,0.000044
_2264_,VSS,Metal1,122.2600,227.6675,0.000055
_2263_,VSS,Metal1,117.1475,219.7960,0.000033
_2262_,VSS,Metal1,147.4700,196.2660,0.000054
_2261_,VSS,Metal1,132.1175,219.1860,0.000033
_2260_,VSS,Metal1,171.9925,180.5535,0.000055
_2259_,VSS,Metal1,170.0025,188.4360,0.000056
_2258_,VSS,Metal1,161.6025,172.2035,0.000027
_2257_,VSS,Metal1,162.7225,188.4360,0.000056
_2256_,VSS,Metal1,159.9100,187.7780,0.000056
_2255_,VSS,Metal1,149.4125,234.9235,0.000070
_2254_,VSS,Metal1,117.1475,242.7635,0.000069
_2253_,VSS,Metal1,118.6125,219.2435,0.000033
_2252_,VSS,Metal1,124.5575,204.1160,0.000058
_2251_,VSS,Metal1,142.3730,243.4790,0.000071
_2250_,VSS,Metal1,194.6425,86.5160,0.000070
_2249_,VSS,Metal1,128.3730,195.5605,0.000054
_2248_,VSS,Metal1,126.3225,219.2435,0.000033
_2247_,VSS,Metal1,145.9225,235.4760,0.000070
_2246_,VSS,Metal1,133.4000,180.7230,0.000053
_2245_,VSS,Metal1,130.4480,179.9065,0.000053
_2244_,VSS,Metal1,113.8065,180.6750,0.000053
_2243_,VSS,Metal1,109.5225,180.5960,0.000053
_2242_,VSS,Metal1,129.7930,164.2850,0.000044
_2241_,VSS,Metal1,119.9475,157.0760,0.000057
_2240_,VSS,Metal1,123.4375,156.5235,0.000058
_2239_,VSS,Metal1,118.6125,149.2360,0.000025
_2238_,VSS,Metal1,116.4630,204.2710,0.000058
_2237_,VSS,Metal1,128.5500,156.4180,0.000059
_2236_,VSS,Metal1,119.7400,180.6175,0.000053
_2235_,VSS,Metal1,130.1575,188.4360,0.000056
_2234_,VSS,Metal1,127.8065,187.8050,0.000056
_2233_,VSS,Metal1,119.5300,187.7780,0.000056
_2232_,VSS,Metal1,116.2425,196.2760,0.000054
_2231_,VSS,Metal1,119.3600,172.8275,0.000026
_2230_,VSS,Metal1,116.4265,179.9465,0.000053
_2229_,VSS,Metal1,121.0330,179.9750,0.000053
_2228_,VSS,Metal1,109.5100,172.8615,0.000026
_2227_,VSS,Metal1,125.1300,180.7015,0.000053
_2226_,VSS,Metal1,121.9465,165.0790,0.000044
_2225_,VSS,Metal1,117.7800,164.3325,0.000043
_2224_,VSS,Metal1,118.6465,156.4550,0.000057
_2223_,VSS,Metal1,121.7000,164.3050,0.000044
_2222_,VSS,Metal1,125.9765,157.1805,0.000059
_2221_,VSS,Metal1,124.0700,149.3415,0.000025
_2220_,VSS,Metal1,110.6300,156.4180,0.000056
_2219_,VSS,Metal1,134.0775,156.5235,0.000059
_2218_,VSS,Metal1,131.8500,157.1815,0.000059
_2217_,VSS,Metal1,134.0775,164.3635,0.000044
_2216_,VSS,Metal1,130.2300,165.0215,0.000044
_2215_,VSS,Metal1,130.1575,149.2360,0.000026
_2214_,VSS,Metal1,159.0700,179.9010,0.000055
_2213_,VSS,Metal1,161.1530,172.8350,0.000027
_2212_,VSS,Metal1,166.1400,187.8250,0.000056
_2211_,VSS,Metal1,170.1400,180.0225,0.000055
_2210_,VSS,Metal1,168.3800,187.8525,0.000056
_2209_,VSS,Metal1,173.7330,179.8805,0.000055
_2208_,VSS,Metal1,187.0720,187.7465,0.000057
_2207_,VSS,Metal1,184.0600,195.6925,0.000054
_2206_,VSS,Metal1,180.2965,187.7790,0.000056
_2205_,VSS,Metal1,187.1200,179.9725,0.000056
_2204_,VSS,Metal1,187.3500,188.5415,0.000057
_2203_,VSS,Metal1,187.3500,180.7015,0.000056
_2202_,VSS,Metal1,173.4665,187.7205,0.000056
_2201_,VSS,Metal1,239.5555,180.7205,0.000059
_2200_,VSS,Metal1,228.3465,195.5605,0.000057
_2199_,VSS,Metal1,233.3400,180.0125,0.000059
_2198_,VSS,Metal1,232.5000,187.8625,0.000060
_2197_,VSS,Metal1,230.8530,188.5990,0.000060
_2196_,VSS,Metal1,231.3030,212.0605,0.000055
_2195_,VSS,Metal1,218.9460,188.5435,0.000060
_2194_,VSS,Metal1,218.7165,187.7880,0.000060
_2193_,VSS,Metal1,247.1465,179.9600,0.000059
_2192_,VSS,Metal1,250.5000,211.9875,0.000063
_2191_,VSS,Metal1,249.5225,219.2435,0.000043
_2190_,VSS,Metal1,246.5800,172.8150,0.000032
_2189_,VSS,Metal1,252.7975,180.0435,0.000060
_2188_,VSS,Metal1,283.7400,156.4925,0.000082
_2187_,VSS,Metal1,278.4465,149.3150,0.000032
_2186_,VSS,Metal1,278.7530,156.4450,0.000083
_2185_,VSS,Metal1,284.0200,148.6625,0.000032
_2184_,VSS,Metal1,280.1075,157.0760,0.000083
_2183_,VSS,Metal1,274.7225,164.3635,0.000057
_2182_,VSS,Metal1,274.7225,227.0835,0.000068
_2181_,VSS,Metal1,283.6700,149.3415,0.000032
_2180_,VSS,Metal1,288.8265,149.3990,0.000032
_2179_,VSS,Metal1,290.2600,204.1475,0.000071
_2178_,VSS,Metal1,292.6425,204.1160,0.000071
_2177_,VSS,Metal1,312.6975,141.4505,0.000041
_2176_,VSS,Metal1,311.4930,148.5205,0.000032
_2175_,VSS,Metal1,304.8200,149.2675,0.000032
_2174_,VSS,Metal1,308.2375,156.5235,0.000081
_2173_,VSS,Metal1,315.5230,140.7480,0.000041
_2172_,VSS,Metal1,315.4600,180.6275,0.000060
_2171_,VSS,Metal1,313.9225,180.0435,0.000060
_2170_,VSS,Metal1,345.7000,140.8125,0.000041
_2169_,VSS,Metal1,334.5630,140.7480,0.000040
_2168_,VSS,Metal1,330.5800,140.7850,0.000041
_2167_,VSS,Metal1,329.9600,149.3855,0.000032
_2166_,VSS,Metal1,339.2600,140.8860,0.000041
_2165_,VSS,Metal1,339.4800,179.8940,0.000060
_2164_,VSS,Metal1,347.3865,133.6400,0.000037
_2163_,VSS,Metal1,343.4130,133.7190,0.000037
_2162_,VSS,Metal1,345.9000,148.6250,0.000032
_2161_,VSS,Metal1,349.5600,172.0540,0.000039
_2160_,VSS,Metal1,350.8765,132.9080,0.000037
_2159_,VSS,Metal1,357.1800,132.9825,0.000038
_2158_,VSS,Metal1,367.4800,133.7055,0.000038
_2157_,VSS,Metal1,359.0800,133.7055,0.000038
_2156_,VSS,Metal1,356.2800,149.3855,0.000033
_2155_,VSS,Metal1,250.7100,172.8590,0.000032
_2154_,VSS,Metal1,256.6600,180.0125,0.000060
_2153_,VSS,Metal1,275.7575,164.9160,0.000057
_2152_,VSS,Metal1,229.0930,179.9465,0.000058
_2151_,VSS,Metal1,226.0900,188.5800,0.000060
_2150_,VSS,Metal1,224.9400,204.1475,0.000063
_2149_,VSS,Metal1,223.7625,203.5635,0.000063
_2148_,VSS,Metal1,241.4960,188.6295,0.000060
_2147_,VSS,Metal1,236.4530,196.4390,0.000057
_2146_,VSS,Metal1,227.4930,212.1190,0.000055
_2145_,VSS,Metal1,224.0400,187.8310,0.000060
_2144_,VSS,Metal1,220.8200,203.5325,0.000063
_2143_,VSS,Metal1,219.8425,204.1160,0.000062
_2142_,VSS,Metal1,218.5075,195.7235,0.000056
_2141_,VSS,Metal1,217.0425,219.7960,0.000041
_2140_,VSS,Metal1,215.9225,203.5635,0.000062
_2139_,VSS,Metal1,186.8600,204.1475,0.000061
_2138_,VSS,Metal1,185.1225,211.4035,0.000048
_2137_,VSS,Metal1,187.7800,196.3075,0.000055
_2136_,VSS,Metal1,197.9175,204.1160,0.000061
_2135_,VSS,Metal1,180.0825,180.5960,0.000055
_2134_,VSS,Metal1,171.7400,227.0525,0.000059
_2133_,VSS,Metal1,170.4775,219.2435,0.000036
_2132_,VSS,Metal1,177.7575,180.5960,0.000055
_2131_,VSS,Metal1,166.1400,188.4675,0.000056
_2130_,VSS,Metal1,165.5225,203.5635,0.000061
_2129_,VSS,Metal1,161.1000,188.4950,0.000056
_2128_,VSS,Metal1,157.9600,234.8710,0.000070
_2127_,VSS,Metal1,154.8825,219.7960,0.000034
_2126_,VSS,Metal1,154.7975,195.7235,0.000054
_2125_,VSS,Metal1,133.1465,188.5990,0.000056
_2124_,VSS,Metal1,129.0500,242.6580,0.000069
_2123_,VSS,Metal1,132.7325,250.4250,0.000075
_2122_,VSS,Metal1,119.6025,251.1560,0.000073
_2121_,VSS,Metal1,146.2330,227.0150,0.000058
_2120_,VSS,Metal1,139.2900,219.8780,0.000034
_2119_,VSS,Metal1,186.0900,94.4590,0.000044
_2118_,VSS,Metal1,140.9530,109.3700,0.000030
_2117_,VSS,Metal1,373.3930,305.4050,0.000180
_2116_,VSS,Metal1,379.6660,172.0960,0.000039
_2115_,VSS,Metal1,216.3400,31.6675,0.000035
_2114_,VSS,Metal1,133.5500,54.6150,0.000031
_2113_,VSS,Metal1,324.9255,353.2775,0.000096
_2112_,VSS,Metal1,316.5865,360.2800,0.000131
_2111_,VSS,Metal1,317.0400,368.1325,0.000095
_2110_,VSS,Metal1,323.8055,361.1175,0.000131
_2109_,VSS,Metal1,323.8065,368.1250,0.000095
_2108_,VSS,Metal1,316.5700,368.8590,0.000095
_2107_,VSS,Metal1,312.8025,368.7560,0.000095
_2106_,VSS,Metal1,312.6700,368.2135,0.000095
_2105_,VSS,Metal1,306.6300,361.0215,0.000132
_2104_,VSS,Metal1,312.3465,353.2390,0.000096
_2103_,VSS,Metal1,300.1765,360.2085,0.000132
_2102_,VSS,Metal1,297.7400,360.9475,0.000132
_2101_,VSS,Metal1,287.7400,360.3425,0.000132
_2100_,VSS,Metal1,324.5500,360.2580,0.000131
_2099_,VSS,Metal1,261.4475,360.4060,0.000128
_2098_,VSS,Metal1,259.6025,368.2035,0.000090
_2097_,VSS,Metal1,258.8900,361.0190,0.000128
_2096_,VSS,Metal1,306.6300,368.0980,0.000094
_2095_,VSS,Metal1,309.3100,360.3735,0.000132
_2094_,VSS,Metal1,299.3500,368.0980,0.000094
_2093_,VSS,Metal1,312.0900,361.0190,0.000131
_2092_,VSS,Metal1,289.5365,361.0710,0.000132
_2091_,VSS,Metal1,287.4600,368.1725,0.000094
_2090_,VSS,Metal1,285.9225,353.0760,0.000096
_2089_,VSS,Metal1,279.8200,353.1075,0.000094
_2088_,VSS,Metal1,268.8125,361.0950,0.000130
_2087_,VSS,Metal1,255.4930,361.0790,0.000126
_2086_,VSS,Metal1,258.4825,353.0760,0.000092
_2085_,VSS,Metal1,255.8465,368.1350,0.000063
_2084_,VSS,Metal1,257.2200,368.7875,0.000063
_2083_,VSS,Metal1,268.2230,368.0485,0.000094
_2082_,VSS,Metal1,276.2700,353.0660,0.000094
_2081_,VSS,Metal1,277.3700,368.8590,0.000094
_2080_,VSS,Metal1,278.0300,360.3750,0.000131
_2079_,VSS,Metal1,276.2265,361.0115,0.000131
_2078_,VSS,Metal1,363.5865,361.0115,0.000126
_2077_,VSS,Metal1,277.5100,368.0980,0.000094
_2076_,VSS,Metal1,291.4375,360.3635,0.000132
_2075_,VSS,Metal1,263.2125,352.3450,0.000094
_2074_,VSS,Metal1,255.7865,360.2005,0.000126
_2073_,VSS,Metal1,254.2535,345.3435,0.000196
_2072_,VSS,Metal1,240.6925,344.6835,0.000172
_2071_,VSS,Metal1,245.9130,344.6150,0.000191
_2070_,VSS,Metal1,251.9875,337.5675,0.000188
_2069_,VSS,Metal1,241.5400,345.2675,0.000172
_2068_,VSS,Metal1,248.9300,360.9050,0.000121
_2067_,VSS,Metal1,249.0665,360.2005,0.000121
_2066_,VSS,Metal1,224.4330,368.1250,0.000060
_2065_,VSS,Metal1,246.1500,368.0980,0.000061
_2064_,VSS,Metal1,251.6300,368.7460,0.000061
_2063_,VSS,Metal1,235.2165,368.0485,0.000060
_2062_,VSS,Metal1,247.1500,368.7460,0.000061
_2061_,VSS,Metal1,239.9900,368.8615,0.000060
_2060_,VSS,Metal1,240.6730,360.9950,0.000109
_2059_,VSS,Metal1,235.4500,361.0215,0.000109
_2058_,VSS,Metal1,254.8125,344.5050,0.000196
_2057_,VSS,Metal1,248.7665,345.3150,0.000191
_2056_,VSS,Metal1,234.9500,345.3415,0.000171
_2055_,VSS,Metal1,236.6425,352.5235,0.000087
_2054_,VSS,Metal1,229.2100,345.3390,0.000170
_2053_,VSS,Metal1,232.5265,344.6050,0.000171
_2052_,VSS,Metal1,229.6165,353.2310,0.000087
_2051_,VSS,Metal1,221.0200,360.3325,0.000103
_2050_,VSS,Metal1,225.1730,361.0130,0.000107
_2049_,VSS,Metal1,225.5465,360.2005,0.000107
_2048_,VSS,Metal1,216.6400,360.2925,0.000103
_2047_,VSS,Metal1,217.2660,361.0235,0.000103
_2046_,VSS,Metal1,210.4330,353.1550,0.000086
_2045_,VSS,Metal1,214.9130,353.1550,0.000086
_2044_,VSS,Metal1,212.6200,321.1325,0.000440
_2043_,VSS,Metal1,213.2265,328.8405,0.000291
_2042_,VSS,Metal1,209.7500,361.0215,0.000101
_2041_,VSS,Metal1,255.9325,336.6650,0.000188
_2040_,VSS,Metal1,248.9625,352.5235,0.000087
_2039_,VSS,Metal1,245.1530,329.6350,0.000439
_2038_,VSS,Metal1,245.0425,337.3960,0.000185
_2037_,VSS,Metal1,258.5865,337.5590,0.000188
_2036_,VSS,Metal1,244.9000,345.2950,0.000191
_2035_,VSS,Metal1,232.7100,337.5015,0.000178
_2034_,VSS,Metal1,230.5930,336.7650,0.000178
_2033_,VSS,Metal1,229.3625,329.5560,0.000422
_2032_,VSS,Metal1,224.8700,336.7380,0.000175
_2031_,VSS,Metal1,228.1100,344.6935,0.000170
_2030_,VSS,Metal1,210.3840,344.5360,0.000153
_2029_,VSS,Metal1,214.9130,345.3150,0.000154
_2028_,VSS,Metal1,210.3800,336.8125,0.000167
_2027_,VSS,Metal1,211.6065,337.4650,0.000167
_2026_,VSS,Metal1,211.5465,352.3605,0.000086
_2025_,VSS,Metal1,208.8925,345.4150,0.000153
_2024_,VSS,Metal1,259.2925,328.8250,0.000445
_2023_,VSS,Metal1,255.4865,329.6350,0.000444
_2022_,VSS,Metal1,249.2125,328.8250,0.000440
_2021_,VSS,Metal1,238.1075,321.7160,0.000457
_2020_,VSS,Metal1,243.1665,321.7950,0.000472
_2019_,VSS,Metal1,231.5900,321.0580,0.000453
_2018_,VSS,Metal1,227.1225,313.8760,0.000195
_2017_,VSS,Metal1,221.7765,321.0085,0.000451
_2016_,VSS,Metal1,224.8825,321.7160,0.000451
_2015_,VSS,Metal1,218.7100,321.8215,0.000451
_2014_,VSS,Metal1,217.1530,328.9250,0.000418
_2013_,VSS,Metal1,215.9225,329.5560,0.000418
_2012_,VSS,Metal1,213.1225,329.5560,0.000291
_2011_,VSS,Metal1,219.7575,329.5560,0.000419
_2010_,VSS,Metal1,216.2930,337.5590,0.000170
_2009_,VSS,Metal1,219.0930,314.0390,0.000168
_2008_,VSS,Metal1,216.5400,313.9350,0.000167
_2007_,VSS,Metal1,226.4200,306.0675,0.000138
_2006_,VSS,Metal1,225.2200,305.4625,0.000138
_2005_,VSS,Metal1,261.5600,305.5260,0.000145
_2004_,VSS,Metal1,251.9680,306.1735,0.000144
_2003_,VSS,Metal1,254.1065,313.1605,0.000204
_2002_,VSS,Metal1,246.1625,321.7160,0.000472
_2001_,VSS,Metal1,268.8125,329.7350,0.000447
_2000_,VSS,Metal1,276.6700,344.5410,0.000202
_1999_,VSS,Metal1,276.0000,345.3075,0.000202
_1998_,VSS,Metal1,284.8700,344.5805,0.000204
_1997_,VSS,Metal1,274.7700,336.8535,0.000240
_1996_,VSS,Metal1,269.1800,344.6525,0.000199
_1995_,VSS,Metal1,259.1000,329.6150,0.000445
_1994_,VSS,Metal1,251.1700,321.7050,0.000490
_1993_,VSS,Metal1,251.0130,321.0005,0.000490
_1992_,VSS,Metal1,255.2330,297.5650,0.000365
_1991_,VSS,Metal1,242.7900,313.9815,0.000202
_1990_,VSS,Metal1,238.7975,313.8760,0.000202
_1989_,VSS,Metal1,238.0165,306.1910,0.000143
_1988_,VSS,Metal1,243.9225,313.3235,0.000202
_1987_,VSS,Metal1,238.3100,313.2180,0.000202
_1986_,VSS,Metal1,245.1530,305.4050,0.000144
_1985_,VSS,Metal1,235.2125,305.3050,0.000143
_1984_,VSS,Metal1,287.8525,337.5750,0.000247
_1983_,VSS,Metal1,283.4865,329.6350,0.000474
_1982_,VSS,Metal1,270.7900,337.5015,0.000238
_1981_,VSS,Metal1,270.8025,345.2360,0.000200
_1980_,VSS,Metal1,264.9210,297.4650,0.000366
_1979_,VSS,Metal1,251.2025,297.6435,0.000362
_1978_,VSS,Metal1,257.7330,290.5190,0.000109
_1977_,VSS,Metal1,255.1100,298.3015,0.000365
_1976_,VSS,Metal1,250.1930,313.2450,0.000204
_1975_,VSS,Metal1,250.0825,298.1960,0.000362
_1974_,VSS,Metal1,259.9730,306.1990,0.000145
_1973_,VSS,Metal1,271.1730,306.1990,0.000149
_1972_,VSS,Metal1,299.5275,305.5260,0.000154
_1971_,VSS,Metal1,295.1520,313.1865,0.000219
_1970_,VSS,Metal1,291.9300,305.3805,0.000153
_1969_,VSS,Metal1,288.2665,306.1990,0.000153
_1968_,VSS,Metal1,275.6275,305.4835,0.000150
_1967_,VSS,Metal1,271.7800,305.4525,0.000149
_1966_,VSS,Metal1,254.2525,305.3050,0.000144
_1965_,VSS,Metal1,271.2200,336.7850,0.000238
_1964_,VSS,Metal1,269.4865,321.7950,0.000504
_1963_,VSS,Metal1,288.2300,336.6120,0.000247
_1962_,VSS,Metal1,288.6375,344.6835,0.000204
_1961_,VSS,Metal1,298.1575,344.6835,0.000205
_1960_,VSS,Metal1,314.3400,345.2675,0.000206
_1959_,VSS,Metal1,316.8265,344.5205,0.000206
_1958_,VSS,Metal1,301.1800,344.7260,0.000205
_1957_,VSS,Metal1,277.4900,337.3850,0.000243
_1956_,VSS,Metal1,282.0025,345.2360,0.000202
_1955_,VSS,Metal1,279.3065,336.6805,0.000243
_1954_,VSS,Metal1,291.6330,329.6350,0.000480
_1953_,VSS,Metal1,274.7100,328.8980,0.000450
_1952_,VSS,Metal1,271.0565,321.0085,0.000504
_1951_,VSS,Metal1,274.3465,321.8130,0.000505
_1950_,VSS,Metal1,272.6400,313.9475,0.000214
_1949_,VSS,Metal1,272.2865,313.2450,0.000214
_1948_,VSS,Metal1,279.6775,321.1635,0.000505
_1947_,VSS,Metal1,274.6375,298.1960,0.000367
_1946_,VSS,Metal1,276.8775,290.3560,0.000110
_1945_,VSS,Metal1,266.9865,290.5190,0.000109
_1944_,VSS,Metal1,269.6825,290.3560,0.000109
_1943_,VSS,Metal1,315.6700,337.6275,0.000249
_1942_,VSS,Metal1,312.3000,344.6525,0.000206
_1941_,VSS,Metal1,303.2700,336.7380,0.000249
_1940_,VSS,Metal1,299.8375,337.3960,0.000248
_1939_,VSS,Metal1,296.4200,337.4550,0.000247
_1938_,VSS,Metal1,297.1100,329.6615,0.000480
_1937_,VSS,Metal1,291.2165,328.8485,0.000480
_1936_,VSS,Metal1,299.4665,328.8405,0.000480
_1935_,VSS,Metal1,291.5100,321.8215,0.000515
_1934_,VSS,Metal1,278.1400,313.2925,0.000216
_1933_,VSS,Metal1,285.7700,313.9790,0.000217
_1932_,VSS,Metal1,280.1800,306.0950,0.000150
_1931_,VSS,Metal1,276.9565,282.6115,0.000127
_1930_,VSS,Metal1,279.5730,290.5190,0.000110
_1929_,VSS,Metal1,293.4165,306.1405,0.000153
_1928_,VSS,Metal1,288.0100,297.5405,0.000367
_1927_,VSS,Metal1,290.3300,321.0580,0.000515
_1926_,VSS,Metal1,275.8300,306.1415,0.000150
_1925_,VSS,Metal1,267.4425,313.8760,0.000209
_1924_,VSS,Metal1,301.2935,297.5360,0.000381
_1923_,VSS,Metal1,316.7100,336.7380,0.000249
_1922_,VSS,Metal1,306.6100,337.3850,0.000249
_1921_,VSS,Metal1,308.1700,344.5805,0.000205
_1920_,VSS,Metal1,309.2530,328.8405,0.000483
_1919_,VSS,Metal1,302.4125,289.6250,0.000111
_1918_,VSS,Metal1,297.1100,282.6215,0.000127
_1917_,VSS,Metal1,298.9065,290.5190,0.000111
_1916_,VSS,Metal1,293.1900,290.4615,0.000111
_1915_,VSS,Metal1,288.5800,290.3875,0.000111
_1914_,VSS,Metal1,277.5100,289.6980,0.000110
_1913_,VSS,Metal1,317.6530,345.3990,0.000206
_1912_,VSS,Metal1,334.1865,337.5590,0.000243
_1911_,VSS,Metal1,332.0000,344.6125,0.000206
_1910_,VSS,Metal1,330.5265,337.4750,0.000244
_1909_,VSS,Metal1,323.9900,337.5015,0.000245
_1908_,VSS,Metal1,322.9865,336.6805,0.000245
_1907_,VSS,Metal1,319.3800,329.6150,0.000487
_1906_,VSS,Metal1,314.4700,328.8980,0.000484
_1905_,VSS,Metal1,310.9330,321.8790,0.000536
_1904_,VSS,Metal1,312.2300,297.5380,0.000382
_1903_,VSS,Metal1,308.9865,290.5190,0.000111
_1902_,VSS,Metal1,293.7300,297.6550,0.000370
_1901_,VSS,Metal1,289.2100,289.6980,0.000111
_1900_,VSS,Metal1,295.3575,289.8035,0.000111
_1899_,VSS,Metal1,297.7400,306.0675,0.000154
_1898_,VSS,Metal1,310.5625,321.1635,0.000536
_1897_,VSS,Metal1,310.1130,313.2450,0.000227
_1896_,VSS,Metal1,306.0825,313.3235,0.000223
_1895_,VSS,Metal1,304.4700,306.1390,0.000156
_1894_,VSS,Metal1,301.9730,313.1605,0.000221
_1893_,VSS,Metal1,315.4600,313.2925,0.000228
_1892_,VSS,Metal1,325.2330,328.9250,0.000491
_1891_,VSS,Metal1,342.4500,344.6950,0.000214
_1890_,VSS,Metal1,338.1325,344.6835,0.000210
_1889_,VSS,Metal1,344.0775,345.2360,0.000214
_1888_,VSS,Metal1,355.7980,345.3105,0.000214
_1887_,VSS,Metal1,334.0500,336.8550,0.000243
_1886_,VSS,Metal1,337.9175,337.3960,0.000244
_1885_,VSS,Metal1,328.4700,329.6615,0.000492
_1884_,VSS,Metal1,321.4565,321.8710,0.000540
_1883_,VSS,Metal1,329.7065,321.8790,0.000549
_1882_,VSS,Metal1,324.5500,321.0580,0.000540
_1881_,VSS,Metal1,315.6025,313.8760,0.000228
_1880_,VSS,Metal1,309.3575,313.8760,0.000227
_1879_,VSS,Metal1,312.0900,313.9790,0.000227
_1878_,VSS,Metal1,311.2265,306.1990,0.000166
_1877_,VSS,Metal1,317.3400,306.0675,0.000167
_1876_,VSS,Metal1,329.4600,336.7850,0.000244
_1875_,VSS,Metal1,337.8065,289.7250,0.000110
_1874_,VSS,Metal1,352.8165,344.5285,0.000214
_1873_,VSS,Metal1,353.1800,337.4275,0.000248
_1872_,VSS,Metal1,346.8775,345.2360,0.000214
_1871_,VSS,Metal1,347.2125,290.5350,0.000111
_1870_,VSS,Metal1,336.3100,290.4615,0.000110
_1869_,VSS,Metal1,331.3865,290.5190,0.000110
_1868_,VSS,Metal1,332.6230,297.4885,0.000391
_1867_,VSS,Metal1,324.9330,306.1990,0.000169
_1866_,VSS,Metal1,345.0665,289.7680,0.000111
_1865_,VSS,Metal1,351.0475,313.3660,0.000248
_1864_,VSS,Metal1,359.5340,306.1960,0.000179
_1863_,VSS,Metal1,346.8100,313.9790,0.000242
_1862_,VSS,Metal1,343.1465,314.0390,0.000240
_1861_,VSS,Metal1,316.7225,305.4835,0.000167
_1860_,VSS,Metal1,314.2930,305.3205,0.000167
_1859_,VSS,Metal1,347.7460,337.5035,0.000246
_1858_,VSS,Metal1,382.7300,344.5780,0.000220
_1857_,VSS,Metal1,358.6685,329.6805,0.000523
_1856_,VSS,Metal1,365.5100,344.4520,0.000216
_1855_,VSS,Metal1,357.5175,352.5235,0.000102
_1854_,VSS,Metal1,359.1400,337.4275,0.000249
_1853_,VSS,Metal1,344.4165,336.6885,0.000246
_1852_,VSS,Metal1,341.9225,337.3960,0.000246
_1851_,VSS,Metal1,352.6665,336.6805,0.000248
_1850_,VSS,Metal1,340.7900,321.0580,0.000577
_1849_,VSS,Metal1,336.9400,313.9075,0.000240
_1848_,VSS,Metal1,344.9475,282.6950,0.000123
_1847_,VSS,Metal1,334.5575,289.8035,0.000110
_1846_,VSS,Metal1,381.6500,336.8550,0.000259
_1845_,VSS,Metal1,383.7330,352.3605,0.000107
_1844_,VSS,Metal1,381.9730,361.0130,0.000126
_1843_,VSS,Metal1,371.8535,328.8960,0.000524
_1842_,VSS,Metal1,367.3765,337.5510,0.000257
_1841_,VSS,Metal1,369.0810,336.6650,0.000257
_1840_,VSS,Metal1,357.0900,329.0135,0.000523
_1839_,VSS,Metal1,356.8900,336.7405,0.000249
_1838_,VSS,Metal1,349.2700,320.9320,0.000579
_1837_,VSS,Metal1,345.3400,306.0675,0.000174
_1836_,VSS,Metal1,335.2025,313.3235,0.000237
_1835_,VSS,Metal1,352.9900,305.4935,0.000179
_1834_,VSS,Metal1,341.0275,313.1450,0.000240
_1833_,VSS,Metal1,342.9575,306.0360,0.000174
_1832_,VSS,Metal1,362.1865,328.8405,0.000523
_1831_,VSS,Metal1,378.3165,305.3880,0.000180
_1830_,VSS,Metal1,381.3735,313.2160,0.000256
_1829_,VSS,Metal1,327.7800,313.2650,0.000233
_1828_,VSS,Metal1,376.4700,306.1800,0.000180
_1827_,VSS,Metal1,333.3800,306.0950,0.000170
_1826_,VSS,Metal1,374.0925,313.1450,0.000256
_1825_,VSS,Metal1,339.0375,329.5560,0.000496
_1824_,VSS,Metal1,376.5100,345.2260,0.000216
_1823_,VSS,Metal1,369.0565,314.0310,0.000256
_1822_,VSS,Metal1,376.7100,337.4990,0.000257
_1821_,VSS,Metal1,376.4700,321.8600,0.000611
_1820_,VSS,Metal1,367.6500,321.1750,0.000606
_1819_,VSS,Metal1,332.4025,313.3235,0.000237
_1818_,VSS,Metal1,366.0025,313.3235,0.000256
_1817_,VSS,Metal1,339.0375,306.0360,0.000174
_1816_,VSS,Metal1,363.0700,313.3335,0.000256
_1815_,VSS,Metal1,376.0300,298.1850,0.000430
_1814_,VSS,Metal1,349.0130,305.3205,0.000178
_1813_,VSS,Metal1,369.2900,297.5380,0.000429
_1812_,VSS,Metal1,377.3065,314.0390,0.000256
_1811_,VSS,Metal1,353.4930,290.5190,0.000112
_1810_,VSS,Metal1,362.3730,281.8665,0.000125
_1809_,VSS,Metal1,362.3600,290.4085,0.000113
_1808_,VSS,Metal1,365.6935,289.6960,0.000113
_1807_,VSS,Metal1,358.0200,274.0650,0.000131
_1806_,VSS,Metal1,362.5700,282.6215,0.000125
_1805_,VSS,Metal1,362.5575,321.1635,0.000583
_1804_,VSS,Metal1,372.2730,290.4350,0.000115
_1803_,VSS,Metal1,371.6025,306.0360,0.000180
_1802_,VSS,Metal1,357.4600,282.5475,0.000125
_1801_,VSS,Metal1,371.7130,289.7250,0.000115
_1800_,VSS,Metal1,369.3500,281.8580,0.000125
_1799_,VSS,Metal1,376.0300,282.5050,0.000125
_1798_,VSS,Metal1,375.9975,289.8035,0.000115
_1797_,VSS,Metal1,367.7300,282.5060,0.000125
_1796_,VSS,Metal1,175.8810,297.4650,0.000285
_1795_,VSS,Metal1,181.3130,305.4050,0.000116
