Instance,Terminal,Layer,X location,Y location,Voltage
FILLER_96_676,VDD,Metal1,385.5600,395.9200,3.299999
FILLER_96_672,VDD,Metal1,384.5400,395.4875,3.299999
FILLER_96_664,VDD,Metal1,381.3065,395.3430,3.299999
FILLER_96_648,VDD,Metal1,374.6880,395.2280,3.299999
FILLER_96_614,VDD,Metal1,360.1955,395.1510,3.299999
FILLER_96_611,VDD,Metal1,349.1600,395.9200,3.299999
FILLER_96_602,VDD,Metal1,344.1200,395.9200,3.299999
FILLER_96_600,VDD,Metal1,343.2800,395.9200,3.299999
FILLER_96_596,VDD,Metal1,341.9800,395.4875,3.299999
FILLER_96_580,VDD,Metal1,336.6080,395.2280,3.299999
FILLER_96_546,VDD,Metal1,322.1155,395.1510,3.299999
FILLER_96_512,VDD,Metal1,303.0755,395.1510,3.299999
FILLER_96_478,VDD,Metal1,284.0355,395.1510,3.299999
FILLER_96_444,VDD,Metal1,264.9955,395.1510,3.299999
FILLER_96_441,VDD,Metal1,253.9600,395.9200,3.299999
FILLER_96_437,VDD,Metal1,252.9400,395.4875,3.299999
FILLER_96_426,VDD,Metal1,245.5600,395.9200,3.299999
FILLER_96_410,VDD,Metal1,241.4080,395.2280,3.299999
FILLER_96_376,VDD,Metal1,226.9155,395.1510,3.299999
FILLER_96_342,VDD,Metal1,207.8755,395.1510,3.299999
FILLER_96_308,VDD,Metal1,188.8355,395.1510,3.299999
FILLER_96_274,VDD,Metal1,169.7955,395.1510,3.299999
FILLER_96_271,VDD,Metal1,158.7600,395.9200,3.299999
FILLER_96_267,VDD,Metal1,157.7400,395.4875,3.299999
FILLER_96_259,VDD,Metal1,154.5065,395.3430,3.299999
FILLER_96_250,VDD,Metal1,147.0000,395.9200,3.299999
FILLER_96_248,VDD,Metal1,146.1600,395.9200,3.299999
FILLER_96_240,VDD,Metal1,143.8665,395.3430,3.299999
FILLER_96_206,VDD,Metal1,131.7155,395.1510,3.299999
FILLER_96_172,VDD,Metal1,112.6755,395.1510,3.299999
FILLER_96_138,VDD,Metal1,93.6355,395.1510,3.299999
FILLER_96_104,VDD,Metal1,74.5955,395.1510,3.299999
FILLER_96_101,VDD,Metal1,63.5600,395.9200,3.299999
FILLER_96_85,VDD,Metal1,59.4080,395.2280,3.299999
FILLER_96_74,VDD,Metal1,48.4400,395.9200,3.299999
FILLER_96_70,VDD,Metal1,47.4200,395.4875,3.299999
FILLER_96_36,VDD,Metal1,36.5155,395.1510,3.299999
FILLER_96_2,VDD,Metal1,17.4755,395.1510,3.299999
FILLER_95_676,VDD,Metal1,385.5600,388.0800,3.300000
FILLER_95_672,VDD,Metal1,384.5400,388.5125,3.300000
FILLER_95_664,VDD,Metal1,381.3065,388.6565,3.300000
FILLER_95_632,VDD,Metal1,370.2755,388.8485,3.300000
FILLER_95_626,VDD,Metal1,358.7800,388.5125,3.300000
FILLER_95_562,VDD,Metal1,340.0750,388.8940,3.300000
FILLER_95_556,VDD,Metal1,319.5800,388.5125,3.300000
FILLER_95_492,VDD,Metal1,300.8750,388.8940,3.300000
FILLER_95_486,VDD,Metal1,280.3800,388.5125,3.300000
FILLER_95_422,VDD,Metal1,261.6750,388.8940,3.300000
FILLER_95_416,VDD,Metal1,241.1800,388.5125,3.300000
FILLER_95_352,VDD,Metal1,222.4750,388.8940,3.300000
FILLER_95_346,VDD,Metal1,201.9800,388.5125,3.300000
FILLER_95_282,VDD,Metal1,183.2750,388.8940,3.300000
FILLER_95_276,VDD,Metal1,162.7800,388.5125,3.300000
FILLER_95_212,VDD,Metal1,144.0750,388.8940,3.300000
FILLER_95_206,VDD,Metal1,123.5800,388.5125,3.300000
FILLER_95_142,VDD,Metal1,104.8750,388.8940,3.300000
FILLER_95_136,VDD,Metal1,84.3800,388.5125,3.300000
FILLER_95_72,VDD,Metal1,65.6750,388.8940,3.300000
FILLER_95_66,VDD,Metal1,45.1800,388.5125,3.300000
FILLER_95_2,VDD,Metal1,26.4750,388.8940,3.300000
FILLER_94_675,VDD,Metal1,385.2800,388.0800,3.300000
FILLER_94_667,VDD,Metal1,382.9865,387.5030,3.300000
FILLER_94_661,VDD,Metal1,378.3800,387.6475,3.300000
FILLER_94_597,VDD,Metal1,359.6750,387.2655,3.300000
FILLER_94_591,VDD,Metal1,339.1800,387.6475,3.300000
FILLER_94_527,VDD,Metal1,320.4750,387.2655,3.300000
FILLER_94_521,VDD,Metal1,299.9800,387.6475,3.300000
FILLER_94_457,VDD,Metal1,281.2750,387.2655,3.300000
FILLER_94_451,VDD,Metal1,260.7800,387.6475,3.300000
FILLER_94_387,VDD,Metal1,242.0750,387.2655,3.300000
FILLER_94_381,VDD,Metal1,221.5800,387.6475,3.300000
FILLER_94_317,VDD,Metal1,202.8750,387.2655,3.300000
FILLER_94_311,VDD,Metal1,182.3800,387.6475,3.300000
FILLER_94_247,VDD,Metal1,163.6750,387.2655,3.300000
FILLER_94_241,VDD,Metal1,143.1800,387.6475,3.300000
FILLER_94_177,VDD,Metal1,124.4750,387.2655,3.300000
FILLER_94_171,VDD,Metal1,103.9800,387.6475,3.300000
FILLER_94_107,VDD,Metal1,85.2750,387.2655,3.300000
FILLER_94_101,VDD,Metal1,64.7800,387.6475,3.300000
FILLER_94_37,VDD,Metal1,46.0750,387.2655,3.300000
FILLER_94_34,VDD,Metal1,26.0400,388.0800,3.300000
FILLER_94_2,VDD,Metal1,17.4755,387.3110,3.300000
FILLER_93_676,VDD,Metal1,385.5600,380.2400,3.300000
FILLER_93_672,VDD,Metal1,384.5400,380.6725,3.300000
FILLER_93_664,VDD,Metal1,381.3065,380.8165,3.300000
FILLER_93_632,VDD,Metal1,370.2755,381.0085,3.300000
FILLER_93_626,VDD,Metal1,358.7800,380.6725,3.300000
FILLER_93_562,VDD,Metal1,340.0750,381.0540,3.300000
FILLER_93_556,VDD,Metal1,319.5800,380.6725,3.300000
FILLER_93_492,VDD,Metal1,300.8750,381.0540,3.300000
FILLER_93_486,VDD,Metal1,280.3800,380.6725,3.300000
FILLER_93_422,VDD,Metal1,261.6750,381.0540,3.300000
FILLER_93_416,VDD,Metal1,241.1800,380.6725,3.300000
FILLER_93_352,VDD,Metal1,222.4750,381.0540,3.300000
FILLER_93_346,VDD,Metal1,201.9800,380.6725,3.300000
FILLER_93_282,VDD,Metal1,183.2750,381.0540,3.300000
FILLER_93_276,VDD,Metal1,162.7800,380.6725,3.300000
FILLER_93_212,VDD,Metal1,144.0750,381.0540,3.300000
FILLER_93_206,VDD,Metal1,123.5800,380.6725,3.300000
FILLER_93_142,VDD,Metal1,104.8750,381.0540,3.300000
FILLER_93_136,VDD,Metal1,84.3800,380.6725,3.300000
FILLER_93_72,VDD,Metal1,65.6750,381.0540,3.300000
FILLER_93_66,VDD,Metal1,45.1800,380.6725,3.300000
FILLER_93_2,VDD,Metal1,26.4750,381.0540,3.300000
FILLER_92_675,VDD,Metal1,385.2800,380.2400,3.300000
FILLER_92_667,VDD,Metal1,382.9865,379.6630,3.300000
FILLER_92_661,VDD,Metal1,378.3800,379.8075,3.300000
FILLER_92_597,VDD,Metal1,359.6750,379.4255,3.300000
FILLER_92_591,VDD,Metal1,339.1800,379.8075,3.300000
FILLER_92_527,VDD,Metal1,320.4750,379.4255,3.300000
FILLER_92_521,VDD,Metal1,299.9800,379.8075,3.300000
FILLER_92_457,VDD,Metal1,281.2750,379.4255,3.300000
FILLER_92_451,VDD,Metal1,260.7800,379.8075,3.300000
FILLER_92_387,VDD,Metal1,242.0750,379.4255,3.300000
FILLER_92_381,VDD,Metal1,221.5800,379.8075,3.300000
FILLER_92_317,VDD,Metal1,202.8750,379.4255,3.300000
FILLER_92_311,VDD,Metal1,182.3800,379.8075,3.300000
FILLER_92_247,VDD,Metal1,163.6750,379.4255,3.300000
FILLER_92_241,VDD,Metal1,143.1800,379.8075,3.300000
FILLER_92_177,VDD,Metal1,124.4750,379.4255,3.300000
FILLER_92_171,VDD,Metal1,103.9800,379.8075,3.300000
FILLER_92_107,VDD,Metal1,85.2750,379.4255,3.300000
FILLER_92_101,VDD,Metal1,64.7800,379.8075,3.300000
FILLER_92_37,VDD,Metal1,46.0750,379.4255,3.300000
FILLER_92_34,VDD,Metal1,26.0400,380.2400,3.300000
FILLER_92_2,VDD,Metal1,17.4755,379.4710,3.300000
FILLER_91_668,VDD,Metal1,381.0800,372.4000,3.299910
FILLER_91_664,VDD,Metal1,380.0600,372.8325,3.299910
FILLER_91_632,VDD,Metal1,370.2755,373.1685,3.299912
FILLER_91_626,VDD,Metal1,358.7800,372.8325,3.299914
FILLER_91_562,VDD,Metal1,340.0750,373.2140,3.299914
FILLER_91_556,VDD,Metal1,319.5800,372.8325,3.299923
FILLER_91_492,VDD,Metal1,300.8750,373.2140,3.299929
FILLER_91_486,VDD,Metal1,280.3800,372.8325,3.299939
FILLER_91_422,VDD,Metal1,261.6750,373.2140,3.299945
FILLER_91_416,VDD,Metal1,241.1800,372.8325,3.299948
FILLER_91_352,VDD,Metal1,222.4750,373.2140,3.299948
FILLER_91_346,VDD,Metal1,201.9800,372.8325,3.299948
FILLER_91_282,VDD,Metal1,183.2750,373.2140,3.299948
FILLER_91_276,VDD,Metal1,162.7800,372.8325,3.299948
FILLER_91_212,VDD,Metal1,144.0750,373.2140,3.299948
FILLER_91_206,VDD,Metal1,123.5800,372.8325,3.299948
FILLER_91_142,VDD,Metal1,104.8750,373.2140,3.299948
FILLER_91_136,VDD,Metal1,84.3800,372.8325,3.299948
FILLER_91_72,VDD,Metal1,65.6750,373.2140,3.299948
FILLER_91_66,VDD,Metal1,45.1800,372.8325,3.299948
FILLER_91_2,VDD,Metal1,26.4750,373.2140,3.299948
FILLER_90_667,VDD,Metal1,380.8000,372.4000,3.299910
FILLER_90_629,VDD,Metal1,360.4600,371.9675,3.299913
FILLER_90_597,VDD,Metal1,350.6755,371.6310,3.299914
FILLER_90_594,VDD,Metal1,339.6400,372.4000,3.299914
FILLER_90_590,VDD,Metal1,338.6200,371.9675,3.299914
FILLER_90_558,VDD,Metal1,328.8355,371.6310,3.299914
FILLER_90_543,VDD,Metal1,311.3600,372.4000,3.299929
FILLER_90_527,VDD,Metal1,306.9280,371.7080,3.299929
FILLER_90_524,VDD,Metal1,300.4400,372.4000,3.299929
FILLER_90_520,VDD,Metal1,299.4200,371.9675,3.299929
FILLER_90_488,VDD,Metal1,289.6355,371.6310,3.299929
FILLER_90_479,VDD,Metal1,275.2400,372.4000,3.299945
FILLER_90_477,VDD,Metal1,274.4000,372.4000,3.299945
FILLER_90_473,VDD,Metal1,273.1000,371.9675,3.299945
FILLER_90_457,VDD,Metal1,267.7280,371.7080,3.299945
FILLER_90_454,VDD,Metal1,261.2400,372.4000,3.299945
FILLER_90_450,VDD,Metal1,260.2200,371.9675,3.299945
FILLER_90_441,VDD,Metal1,253.9600,372.4000,3.299945
FILLER_90_423,VDD,Metal1,244.1600,372.4000,3.299947
FILLER_90_403,VDD,Metal1,235.1465,371.8230,3.299948
FILLER_90_387,VDD,Metal1,228.5280,371.7080,3.299948
FILLER_90_381,VDD,Metal1,221.5800,371.9675,3.299948
FILLER_90_317,VDD,Metal1,202.8750,371.5855,3.299948
FILLER_90_311,VDD,Metal1,182.3800,371.9675,3.299948
FILLER_90_247,VDD,Metal1,163.6750,371.5855,3.299948
FILLER_90_241,VDD,Metal1,143.1800,371.9675,3.299948
FILLER_90_177,VDD,Metal1,124.4750,371.5855,3.299948
FILLER_90_171,VDD,Metal1,103.9800,371.9675,3.299948
FILLER_90_107,VDD,Metal1,85.2750,371.5855,3.299948
FILLER_90_101,VDD,Metal1,64.7800,371.9675,3.299948
FILLER_90_37,VDD,Metal1,46.0750,371.5855,3.299948
FILLER_90_34,VDD,Metal1,26.0400,372.4000,3.299948
FILLER_90_2,VDD,Metal1,17.4755,371.6310,3.299948
FILLER_89_675,VDD,Metal1,385.2800,364.5600,3.299827
FILLER_89_632,VDD,Metal1,361.2000,364.5600,3.299827
FILLER_89_629,VDD,Metal1,359.2400,364.5600,3.299827
FILLER_89_621,VDD,Metal1,357.2265,365.1365,3.299827
FILLER_89_586,VDD,Metal1,337.6265,365.1365,3.299827
FILLER_89_570,VDD,Metal1,331.0080,365.2520,3.299828
FILLER_89_529,VDD,Metal1,303.2400,364.5600,3.299818
FILLER_89_516,VDD,Metal1,295.9600,364.5600,3.299817
FILLER_89_512,VDD,Metal1,294.9400,364.9925,3.299817
FILLER_89_492,VDD,Metal1,283.7400,364.9925,3.299817
FILLER_89_438,VDD,Metal1,252.5600,364.5600,3.299819
FILLER_89_434,VDD,Metal1,251.2600,364.9925,3.299819
FILLER_89_393,VDD,Metal1,228.3000,364.9925,3.299933
FILLER_89_378,VDD,Metal1,218.6800,364.5600,3.299937
FILLER_89_376,VDD,Metal1,217.8400,364.5600,3.299937
FILLER_89_368,VDD,Metal1,215.5465,365.1365,3.299937
FILLER_89_352,VDD,Metal1,208.9280,365.2520,3.299939
FILLER_89_346,VDD,Metal1,201.9800,364.9925,3.299941
FILLER_89_282,VDD,Metal1,183.2750,365.3740,3.299941
FILLER_89_276,VDD,Metal1,162.7800,364.9925,3.299941
FILLER_89_212,VDD,Metal1,144.0750,365.3740,3.299941
FILLER_89_206,VDD,Metal1,123.5800,364.9925,3.299941
FILLER_89_142,VDD,Metal1,104.8750,365.3740,3.299941
FILLER_89_136,VDD,Metal1,84.3800,364.9925,3.299941
FILLER_89_72,VDD,Metal1,65.6750,365.3740,3.299941
FILLER_89_66,VDD,Metal1,45.1800,364.9925,3.299941
FILLER_89_2,VDD,Metal1,26.4750,365.3740,3.299941
FILLER_88_675,VDD,Metal1,385.2800,364.5600,3.299827
FILLER_88_652,VDD,Metal1,372.1200,364.5600,3.299827
FILLER_88_650,VDD,Metal1,371.2800,364.5600,3.299827
FILLER_88_581,VDD,Metal1,332.6400,364.5600,3.299828
FILLER_88_552,VDD,Metal1,316.1200,364.5600,3.299827
FILLER_88_550,VDD,Metal1,315.2800,364.5600,3.299825
FILLER_88_529,VDD,Metal1,303.2400,364.5600,3.299818
FILLER_88_527,VDD,Metal1,302.4000,364.5600,3.299818
FILLER_88_440,VDD,Metal1,253.4000,364.5600,3.299819
FILLER_88_426,VDD,Metal1,245.5600,364.5600,3.299820
FILLER_88_422,VDD,Metal1,244.5400,364.1275,3.299820
FILLER_88_401,VDD,Metal1,231.5600,364.5600,3.299932
FILLER_88_399,VDD,Metal1,230.7200,364.5600,3.299933
FILLER_88_395,VDD,Metal1,229.4200,364.1275,3.299933
FILLER_88_384,VDD,Metal1,222.0400,364.5600,3.299936
FILLER_88_382,VDD,Metal1,221.2000,364.5600,3.299936
FILLER_88_349,VDD,Metal1,204.9065,363.9830,3.299940
FILLER_88_317,VDD,Metal1,193.8755,363.7910,3.299941
FILLER_88_311,VDD,Metal1,182.3800,364.1275,3.299941
FILLER_88_247,VDD,Metal1,163.6750,363.7455,3.299941
FILLER_88_241,VDD,Metal1,143.1800,364.1275,3.299941
FILLER_88_177,VDD,Metal1,124.4750,363.7455,3.299941
FILLER_88_171,VDD,Metal1,103.9800,364.1275,3.299941
FILLER_88_107,VDD,Metal1,85.2750,363.7455,3.299941
FILLER_88_101,VDD,Metal1,64.7800,364.1275,3.299941
FILLER_88_37,VDD,Metal1,46.0750,363.7455,3.299941
FILLER_88_34,VDD,Metal1,26.0400,364.5600,3.299941
FILLER_88_2,VDD,Metal1,17.4755,363.7910,3.299941
FILLER_87_676,VDD,Metal1,385.5600,356.7200,3.299873
FILLER_87_640,VDD,Metal1,365.4000,356.7200,3.299880
FILLER_87_638,VDD,Metal1,364.5600,356.7200,3.299880
FILLER_87_622,VDD,Metal1,355.6000,356.7200,3.299881
FILLER_87_582,VDD,Metal1,332.9200,356.7200,3.299883
FILLER_87_574,VDD,Metal1,330.9065,357.2965,3.299883
FILLER_87_548,VDD,Metal1,313.8800,356.7200,3.299885
FILLER_87_544,VDD,Metal1,312.8600,357.1525,3.299885
FILLER_87_512,VDD,Metal1,293.7200,356.7200,3.299885
FILLER_87_510,VDD,Metal1,292.8800,356.7200,3.299885
FILLER_87_494,VDD,Metal1,283.6400,356.7200,3.299886
FILLER_87_492,VDD,Metal1,282.8000,356.7200,3.299886
FILLER_87_476,VDD,Metal1,273.5600,356.7200,3.299887
FILLER_87_474,VDD,Metal1,272.7200,356.7200,3.299887
FILLER_87_440,VDD,Metal1,253.6800,356.7200,3.299891
FILLER_87_436,VDD,Metal1,252.3800,357.1525,3.299891
FILLER_87_422,VDD,Metal1,245.7865,357.2965,3.299891
FILLER_87_418,VDD,Metal1,241.3600,356.7200,3.299891
FILLER_87_410,VDD,Metal1,239.0665,357.2965,3.299891
FILLER_87_394,VDD,Metal1,232.4480,357.4120,3.299893
FILLER_87_379,VDD,Metal1,219.2400,356.7200,3.299896
FILLER_87_364,VDD,Metal1,210.8400,356.7200,3.299902
FILLER_87_360,VDD,Metal1,209.8200,357.1525,3.299902
FILLER_87_352,VDD,Metal1,206.5865,357.2965,3.299902
FILLER_87_346,VDD,Metal1,201.9800,357.1525,3.299905
FILLER_87_338,VDD,Metal1,198.7465,357.2965,3.299905
FILLER_87_328,VDD,Metal1,191.9000,357.1525,3.299921
FILLER_87_320,VDD,Metal1,188.6665,357.2965,3.299921
FILLER_87_282,VDD,Metal1,174.2755,357.4885,3.299923
FILLER_87_276,VDD,Metal1,162.7800,357.1525,3.299924
FILLER_87_212,VDD,Metal1,144.0750,357.5340,3.299924
FILLER_87_206,VDD,Metal1,123.5800,357.1525,3.299924
FILLER_87_142,VDD,Metal1,104.8750,357.5340,3.299924
FILLER_87_136,VDD,Metal1,84.3800,357.1525,3.299924
FILLER_87_72,VDD,Metal1,65.6750,357.5340,3.299924
FILLER_87_66,VDD,Metal1,45.1800,357.1525,3.299924
FILLER_87_2,VDD,Metal1,26.4750,357.5340,3.299924
FILLER_86_667,VDD,Metal1,380.8000,356.7200,3.299873
FILLER_86_597,VDD,Metal1,350.6755,355.9510,3.299881
FILLER_86_593,VDD,Metal1,339.3600,356.7200,3.299882
FILLER_86_583,VDD,Metal1,333.7600,356.7200,3.299882
FILLER_86_553,VDD,Metal1,316.9600,356.7200,3.299885
FILLER_86_549,VDD,Metal1,315.6600,356.2875,3.299885
FILLER_86_527,VDD,Metal1,306.9280,356.0280,3.299885
FILLER_86_524,VDD,Metal1,300.4400,356.7200,3.299885
FILLER_86_522,VDD,Metal1,299.6000,356.7200,3.299885
FILLER_86_518,VDD,Metal1,298.3000,356.2875,3.299885
FILLER_86_502,VDD,Metal1,292.9280,356.0280,3.299885
FILLER_86_493,VDD,Metal1,284.3000,356.2875,3.299886
FILLER_86_473,VDD,Metal1,273.1000,356.2875,3.299887
FILLER_86_457,VDD,Metal1,267.7280,356.0280,3.299889
FILLER_86_453,VDD,Metal1,260.9600,356.7200,3.299889
FILLER_86_446,VDD,Metal1,257.0400,356.7200,3.299890
FILLER_86_442,VDD,Metal1,255.7400,356.2875,3.299890
FILLER_86_410,VDD,Metal1,245.9555,355.9510,3.299891
FILLER_86_384,VDD,Metal1,222.0400,356.7200,3.299896
FILLER_86_376,VDD,Metal1,220.0265,356.1430,3.299896
FILLER_86_358,VDD,Metal1,207.7600,356.7200,3.299902
FILLER_86_347,VDD,Metal1,201.3200,356.7200,3.299905
FILLER_86_345,VDD,Metal1,200.4800,356.7200,3.299905
FILLER_86_341,VDD,Metal1,199.1800,356.2875,3.299905
FILLER_86_333,VDD,Metal1,195.9465,356.1430,3.299905
FILLER_86_317,VDD,Metal1,189.3280,356.0280,3.299921
FILLER_86_311,VDD,Metal1,182.3800,356.2875,3.299923
FILLER_86_295,VDD,Metal1,177.0080,356.0280,3.299923
FILLER_86_287,VDD,Metal1,168.0000,356.7200,3.299923
FILLER_86_279,VDD,Metal1,165.7065,356.1430,3.299923
FILLER_86_247,VDD,Metal1,154.6755,355.9510,3.299924
FILLER_86_241,VDD,Metal1,143.1800,356.2875,3.299924
FILLER_86_177,VDD,Metal1,124.4750,355.9055,3.299924
FILLER_86_171,VDD,Metal1,103.9800,356.2875,3.299924
FILLER_86_107,VDD,Metal1,85.2750,355.9055,3.299924
FILLER_86_101,VDD,Metal1,64.7800,356.2875,3.299924
FILLER_86_37,VDD,Metal1,46.0750,355.9055,3.299924
FILLER_86_34,VDD,Metal1,26.0400,356.7200,3.299924
FILLER_86_2,VDD,Metal1,17.4755,355.9510,3.299924
FILLER_85_676,VDD,Metal1,385.5600,348.8800,3.299864
FILLER_85_628,VDD,Metal1,358.9600,348.8800,3.299868
FILLER_85_591,VDD,Metal1,347.3155,349.6485,3.299868
FILLER_85_578,VDD,Metal1,333.1465,349.4565,3.299869
FILLER_85_562,VDD,Metal1,326.5280,349.5720,3.299869
FILLER_85_556,VDD,Metal1,319.5800,349.3125,3.299867
FILLER_85_492,VDD,Metal1,300.8750,349.6940,3.299867
FILLER_85_489,VDD,Metal1,280.8400,348.8800,3.299867
FILLER_85_481,VDD,Metal1,278.8265,349.4565,3.299867
FILLER_85_465,VDD,Metal1,272.2080,349.5720,3.299867
FILLER_85_440,VDD,Metal1,253.4000,348.8800,3.299871
FILLER_85_436,VDD,Metal1,252.3800,349.3125,3.299871
FILLER_85_430,VDD,Metal1,247.8000,348.8800,3.299871
FILLER_85_422,VDD,Metal1,245.7865,349.4565,3.299871
FILLER_85_418,VDD,Metal1,241.3600,348.8800,3.299889
FILLER_85_414,VDD,Metal1,240.0600,349.3125,3.299889
FILLER_85_401,VDD,Metal1,234.0265,349.4565,3.299890
FILLER_85_369,VDD,Metal1,222.9955,349.6485,3.299894
FILLER_85_362,VDD,Metal1,209.7200,348.8800,3.299894
FILLER_85_360,VDD,Metal1,208.8800,348.8800,3.299894
FILLER_85_352,VDD,Metal1,206.5865,349.4565,3.299894
FILLER_85_346,VDD,Metal1,201.9800,349.3125,3.299908
FILLER_85_282,VDD,Metal1,183.2750,349.6940,3.299908
FILLER_85_276,VDD,Metal1,162.7800,349.3125,3.299908
FILLER_85_212,VDD,Metal1,144.0750,349.6940,3.299908
FILLER_85_206,VDD,Metal1,123.5800,349.3125,3.299909
FILLER_85_142,VDD,Metal1,104.8750,349.6940,3.299909
FILLER_85_136,VDD,Metal1,84.3800,349.3125,3.299909
FILLER_85_72,VDD,Metal1,65.6750,349.6940,3.299909
FILLER_85_66,VDD,Metal1,45.1800,349.3125,3.299909
FILLER_85_2,VDD,Metal1,26.4750,349.6940,3.299909
FILLER_84_667,VDD,Metal1,380.8000,348.8800,3.299865
FILLER_84_664,VDD,Metal1,378.8400,348.8800,3.299865
FILLER_84_609,VDD,Metal1,350.5065,348.3030,3.299868
FILLER_84_597,VDD,Metal1,341.6000,348.8800,3.299868
FILLER_84_594,VDD,Metal1,339.6400,348.8800,3.299868
FILLER_84_590,VDD,Metal1,338.6200,348.4475,3.299869
FILLER_84_558,VDD,Metal1,328.8355,348.1110,3.299869
FILLER_84_543,VDD,Metal1,311.0800,348.8800,3.299867
FILLER_84_527,VDD,Metal1,306.9280,348.1880,3.299867
FILLER_84_523,VDD,Metal1,300.1600,348.8800,3.299867
FILLER_84_519,VDD,Metal1,298.8600,348.4475,3.299867
FILLER_84_511,VDD,Metal1,295.6265,348.3030,3.299867
FILLER_84_495,VDD,Metal1,289.0080,348.1880,3.299867
FILLER_84_489,VDD,Metal1,280.8400,348.8800,3.299867
FILLER_84_485,VDD,Metal1,279.8200,348.4475,3.299867
FILLER_84_469,VDD,Metal1,269.6400,348.8800,3.299867
FILLER_84_465,VDD,Metal1,268.6200,348.4475,3.299867
FILLER_84_457,VDD,Metal1,265.3865,348.3030,3.299867
FILLER_84_422,VDD,Metal1,243.6000,348.8800,3.299873
FILLER_84_393,VDD,Metal1,227.0800,348.8800,3.299894
FILLER_84_391,VDD,Metal1,226.2400,348.8800,3.299894
FILLER_84_387,VDD,Metal1,224.9400,348.4475,3.299894
FILLER_84_384,VDD,Metal1,222.0400,348.8800,3.299894
FILLER_84_376,VDD,Metal1,220.0265,348.3030,3.299894
FILLER_84_349,VDD,Metal1,202.4400,348.8800,3.299908
FILLER_84_317,VDD,Metal1,193.8755,348.1110,3.299908
FILLER_84_311,VDD,Metal1,182.3800,348.4475,3.299908
FILLER_84_247,VDD,Metal1,163.6750,348.0655,3.299908
FILLER_84_241,VDD,Metal1,143.1800,348.4475,3.299909
FILLER_84_177,VDD,Metal1,124.4750,348.0655,3.299909
FILLER_84_171,VDD,Metal1,103.9800,348.4475,3.299909
FILLER_84_107,VDD,Metal1,85.2750,348.0655,3.299909
FILLER_84_101,VDD,Metal1,64.7800,348.4475,3.299909
FILLER_84_37,VDD,Metal1,46.0750,348.0655,3.299909
FILLER_84_34,VDD,Metal1,26.0400,348.8800,3.299909
FILLER_84_2,VDD,Metal1,17.4755,348.1110,3.299909
FILLER_83_585,VDD,Metal1,334.8800,341.0400,3.299740
FILLER_83_574,VDD,Metal1,328.4400,341.0400,3.299741
FILLER_83_570,VDD,Metal1,327.4200,341.4725,3.299741
FILLER_83_562,VDD,Metal1,324.1865,341.6165,3.299741
FILLER_83_559,VDD,Metal1,320.0400,341.0400,3.299740
FILLER_83_557,VDD,Metal1,319.2000,341.0400,3.299740
FILLER_83_534,VDD,Metal1,306.0400,341.0400,3.299740
FILLER_83_532,VDD,Metal1,305.2000,341.0400,3.299740
FILLER_83_513,VDD,Metal1,295.5000,341.4725,3.299749
FILLER_83_505,VDD,Metal1,292.2665,341.6165,3.299749
FILLER_83_450,VDD,Metal1,263.8080,341.7320,3.299757
FILLER_83_411,VDD,Metal1,237.4400,341.0400,3.299805
FILLER_83_407,VDD,Metal1,236.1400,341.4725,3.299805
FILLER_83_387,VDD,Metal1,224.9400,341.4725,3.299821
FILLER_83_379,VDD,Metal1,221.7065,341.6165,3.299828
FILLER_83_354,VDD,Metal1,205.2400,341.0400,3.299834
FILLER_83_352,VDD,Metal1,204.4000,341.0400,3.299834
FILLER_83_346,VDD,Metal1,201.9800,341.4725,3.299838
FILLER_83_282,VDD,Metal1,183.2750,341.8540,3.299838
FILLER_83_276,VDD,Metal1,162.7800,341.4725,3.299838
FILLER_83_212,VDD,Metal1,144.0750,341.8540,3.299838
FILLER_83_206,VDD,Metal1,123.5800,341.4725,3.299838
FILLER_83_142,VDD,Metal1,104.8750,341.8540,3.299838
FILLER_83_136,VDD,Metal1,84.3800,341.4725,3.299838
FILLER_83_72,VDD,Metal1,65.6750,341.8540,3.299838
FILLER_83_66,VDD,Metal1,45.1800,341.4725,3.299838
FILLER_83_2,VDD,Metal1,26.4750,341.8540,3.299838
FILLER_82_667,VDD,Metal1,380.8000,341.0400,3.299711
FILLER_82_664,VDD,Metal1,378.8400,341.0400,3.299712
FILLER_82_632,VDD,Metal1,360.9200,341.0400,3.299717
FILLER_82_615,VDD,Metal1,351.4000,341.0400,3.299733
FILLER_82_593,VDD,Metal1,339.3600,341.0400,3.299735
FILLER_82_573,VDD,Metal1,327.8800,341.0400,3.299741
FILLER_82_560,VDD,Metal1,320.6000,341.0400,3.299740
FILLER_82_529,VDD,Metal1,303.2400,341.0400,3.299741
FILLER_82_527,VDD,Metal1,302.4000,341.0400,3.299741
FILLER_82_515,VDD,Metal1,295.4000,341.0400,3.299749
FILLER_82_513,VDD,Metal1,294.5600,341.0400,3.299749
FILLER_82_509,VDD,Metal1,293.2600,340.6075,3.299749
FILLER_82_465,VDD,Metal1,267.4000,341.0400,3.299757
FILLER_82_457,VDD,Metal1,265.3865,340.4630,3.299757
FILLER_82_453,VDD,Metal1,260.9600,341.0400,3.299757
FILLER_82_422,VDD,Metal1,243.6000,341.0400,3.299794
FILLER_82_418,VDD,Metal1,242.3000,340.6075,3.299800
FILLER_82_410,VDD,Metal1,239.0665,340.4630,3.299801
FILLER_82_397,VDD,Metal1,229.3200,341.0400,3.299821
FILLER_82_395,VDD,Metal1,228.4800,341.0400,3.299821
FILLER_82_387,VDD,Metal1,226.1865,340.4630,3.299821
FILLER_82_377,VDD,Metal1,220.5865,340.4630,3.299829
FILLER_82_357,VDD,Metal1,208.1400,340.6075,3.299834
FILLER_82_349,VDD,Metal1,204.9065,340.4630,3.299834
FILLER_82_317,VDD,Metal1,193.8755,340.2710,3.299838
FILLER_82_311,VDD,Metal1,182.3800,340.6075,3.299838
FILLER_82_247,VDD,Metal1,163.6750,340.2255,3.299838
FILLER_82_241,VDD,Metal1,143.1800,340.6075,3.299838
FILLER_82_177,VDD,Metal1,124.4750,340.2255,3.299838
FILLER_82_171,VDD,Metal1,103.9800,340.6075,3.299838
FILLER_82_107,VDD,Metal1,85.2750,340.2255,3.299838
FILLER_82_101,VDD,Metal1,64.7800,340.6075,3.299838
FILLER_82_37,VDD,Metal1,46.0750,340.2255,3.299838
FILLER_82_34,VDD,Metal1,26.0400,341.0400,3.299838
FILLER_82_2,VDD,Metal1,17.4755,340.2710,3.299838
FILLER_81_634,VDD,Metal1,362.0400,333.2000,3.299544
FILLER_81_632,VDD,Metal1,361.2000,333.2000,3.299544
FILLER_81_621,VDD,Metal1,354.7600,333.2000,3.299544
FILLER_81_574,VDD,Metal1,328.4400,333.2000,3.299616
FILLER_81_572,VDD,Metal1,327.6000,333.2000,3.299616
FILLER_81_568,VDD,Metal1,326.3000,333.6325,3.299616
FILLER_81_544,VDD,Metal1,312.8600,333.6325,3.299615
FILLER_81_536,VDD,Metal1,309.6265,333.7765,3.299615
FILLER_81_523,VDD,Metal1,299.8800,333.2000,3.299615
FILLER_81_519,VDD,Metal1,298.8600,333.6325,3.299615
FILLER_81_511,VDD,Metal1,295.6265,333.7765,3.299615
FILLER_81_492,VDD,Metal1,282.8000,333.2000,3.299618
FILLER_81_483,VDD,Metal1,277.4800,333.2000,3.299749
FILLER_81_463,VDD,Metal1,268.7465,333.7765,3.299751
FILLER_81_454,VDD,Metal1,261.2400,333.2000,3.299761
FILLER_81_452,VDD,Metal1,260.4000,333.2000,3.299761
FILLER_81_430,VDD,Metal1,249.0200,333.6325,3.299762
FILLER_81_422,VDD,Metal1,245.7865,333.7765,3.299762
FILLER_81_404,VDD,Metal1,238.0480,333.8920,3.299767
FILLER_81_383,VDD,Metal1,221.4800,333.2000,3.299780
FILLER_81_381,VDD,Metal1,220.6400,333.2000,3.299780
FILLER_81_377,VDD,Metal1,219.3400,333.6325,3.299781
FILLER_81_369,VDD,Metal1,216.1065,333.7765,3.299811
FILLER_81_360,VDD,Metal1,208.6000,333.2000,3.299814
FILLER_81_352,VDD,Metal1,206.5865,333.7765,3.299815
FILLER_81_346,VDD,Metal1,201.9800,333.6325,3.299821
FILLER_81_330,VDD,Metal1,196.6080,333.8920,3.299822
FILLER_81_322,VDD,Metal1,187.6000,333.2000,3.299832
FILLER_81_314,VDD,Metal1,185.3065,333.7765,3.299863
FILLER_81_282,VDD,Metal1,174.2755,333.9685,3.299866
FILLER_81_276,VDD,Metal1,162.7800,333.6325,3.299866
FILLER_81_212,VDD,Metal1,144.0750,334.0140,3.299866
FILLER_81_206,VDD,Metal1,123.5800,333.6325,3.299866
FILLER_81_142,VDD,Metal1,104.8750,334.0140,3.299866
FILLER_81_136,VDD,Metal1,84.3800,333.6325,3.299866
FILLER_81_72,VDD,Metal1,65.6750,334.0140,3.299866
FILLER_81_66,VDD,Metal1,45.1800,333.6325,3.299866
FILLER_81_2,VDD,Metal1,26.4750,334.0140,3.299866
FILLER_80_667,VDD,Metal1,380.8000,333.2000,3.299543
FILLER_80_597,VDD,Metal1,341.3200,333.2000,3.299548
FILLER_80_589,VDD,Metal1,336.8400,333.2000,3.299609
FILLER_80_581,VDD,Metal1,334.8265,332.6230,3.299609
FILLER_80_561,VDD,Metal1,323.6265,332.6230,3.299615
FILLER_80_555,VDD,Metal1,318.0800,333.2000,3.299615
FILLER_80_551,VDD,Metal1,316.7800,332.7675,3.299615
FILLER_80_543,VDD,Metal1,313.5465,332.6230,3.299615
FILLER_80_527,VDD,Metal1,306.9280,332.5080,3.299615
FILLER_80_504,VDD,Metal1,289.2400,333.2000,3.299616
FILLER_80_502,VDD,Metal1,288.4000,333.2000,3.299616
FILLER_80_498,VDD,Metal1,287.1000,332.7675,3.299616
FILLER_80_489,VDD,Metal1,280.8400,333.2000,3.299748
FILLER_80_487,VDD,Metal1,280.0000,333.2000,3.299748
FILLER_80_483,VDD,Metal1,278.7000,332.7675,3.299748
FILLER_80_475,VDD,Metal1,275.4665,332.6230,3.299749
FILLER_80_454,VDD,Metal1,261.2400,333.2000,3.299761
FILLER_80_452,VDD,Metal1,260.4000,333.2000,3.299761
FILLER_80_438,VDD,Metal1,252.5600,333.2000,3.299761
FILLER_80_421,VDD,Metal1,242.7600,333.2000,3.299766
FILLER_80_417,VDD,Metal1,241.7400,332.7675,3.299767
FILLER_80_401,VDD,Metal1,236.3680,332.5080,3.299767
FILLER_80_395,VDD,Metal1,228.2000,333.2000,3.299771
FILLER_80_387,VDD,Metal1,226.1865,332.6230,3.299771
FILLER_80_384,VDD,Metal1,222.0400,333.2000,3.299780
FILLER_80_382,VDD,Metal1,221.2000,333.2000,3.299780
FILLER_80_365,VDD,Metal1,211.6800,333.2000,3.299812
FILLER_80_361,VDD,Metal1,210.3800,332.7675,3.299812
FILLER_80_353,VDD,Metal1,207.1465,332.6230,3.299814
FILLER_80_311,VDD,Metal1,182.3800,332.7675,3.299866
FILLER_80_247,VDD,Metal1,163.6750,332.3855,3.299866
FILLER_80_241,VDD,Metal1,143.1800,332.7675,3.299866
FILLER_80_177,VDD,Metal1,124.4750,332.3855,3.299866
FILLER_80_171,VDD,Metal1,103.9800,332.7675,3.299866
FILLER_80_107,VDD,Metal1,85.2750,332.3855,3.299866
FILLER_80_101,VDD,Metal1,64.7800,332.7675,3.299866
FILLER_80_37,VDD,Metal1,46.0750,332.3855,3.299866
FILLER_80_34,VDD,Metal1,26.0400,333.2000,3.299866
FILLER_80_2,VDD,Metal1,17.4755,332.4310,3.299866
FILLER_79_675,VDD,Metal1,385.2800,325.3600,3.299232
FILLER_79_581,VDD,Metal1,332.3600,325.3600,3.299294
FILLER_79_573,VDD,Metal1,330.3465,325.9365,3.299295
FILLER_79_564,VDD,Metal1,322.8400,325.3600,3.299302
FILLER_79_562,VDD,Metal1,322.0000,325.3600,3.299302
FILLER_79_556,VDD,Metal1,319.5800,325.7925,3.299302
FILLER_79_543,VDD,Metal1,311.0800,325.3600,3.299319
FILLER_79_536,VDD,Metal1,307.1600,325.3600,3.299320
FILLER_79_534,VDD,Metal1,306.3200,325.3600,3.299320
FILLER_79_526,VDD,Metal1,304.0265,325.9365,3.299321
FILLER_79_496,VDD,Metal1,284.7600,325.3600,3.299352
FILLER_79_492,VDD,Metal1,283.7400,325.7925,3.299352
FILLER_79_489,VDD,Metal1,280.8400,325.3600,3.299352
FILLER_79_485,VDD,Metal1,279.8200,325.7925,3.299352
FILLER_79_472,VDD,Metal1,271.3200,325.3600,3.299384
FILLER_79_470,VDD,Metal1,270.4800,325.3600,3.299384
FILLER_79_466,VDD,Metal1,269.1800,325.7925,3.299385
FILLER_79_458,VDD,Metal1,265.9465,325.9365,3.299387
FILLER_79_416,VDD,Metal1,241.1800,325.7925,3.299404
FILLER_79_384,VDD,Metal1,231.3955,326.1285,3.299424
FILLER_79_365,VDD,Metal1,211.4000,325.3600,3.299447
FILLER_79_357,VDD,Metal1,209.3865,325.9365,3.299456
FILLER_79_346,VDD,Metal1,201.9800,325.7925,3.299477
FILLER_79_320,VDD,Metal1,186.2000,325.3600,3.299478
FILLER_79_318,VDD,Metal1,185.3600,325.3600,3.299478
FILLER_79_298,VDD,Metal1,174.1600,325.3600,3.299646
FILLER_79_282,VDD,Metal1,169.7280,326.0520,3.299646
FILLER_79_276,VDD,Metal1,162.7800,325.7925,3.299650
FILLER_79_212,VDD,Metal1,144.0750,326.1740,3.299650
FILLER_79_206,VDD,Metal1,123.5800,325.7925,3.299651
FILLER_79_142,VDD,Metal1,104.8750,326.1740,3.299651
FILLER_79_136,VDD,Metal1,84.3800,325.7925,3.299651
FILLER_79_72,VDD,Metal1,65.6750,326.1740,3.299651
FILLER_79_66,VDD,Metal1,45.1800,325.7925,3.299651
FILLER_79_2,VDD,Metal1,26.4750,326.1740,3.299651
FILLER_78_667,VDD,Metal1,380.8000,325.3600,3.299232
FILLER_78_597,VDD,Metal1,341.6000,325.3600,3.299281
FILLER_78_586,VDD,Metal1,335.1600,325.3600,3.299287
FILLER_78_584,VDD,Metal1,334.3200,325.3600,3.299287
FILLER_78_580,VDD,Metal1,333.0200,324.9275,3.299294
FILLER_78_550,VDD,Metal1,315.0000,325.3600,3.299316
FILLER_78_546,VDD,Metal1,313.9800,324.9275,3.299319
FILLER_78_539,VDD,Metal1,308.8400,325.3600,3.299320
FILLER_78_535,VDD,Metal1,307.8200,324.9275,3.299320
FILLER_78_527,VDD,Metal1,304.5865,324.7830,3.299321
FILLER_78_523,VDD,Metal1,300.1600,325.3600,3.299337
FILLER_78_515,VDD,Metal1,297.8665,324.7830,3.299337
FILLER_78_501,VDD,Metal1,287.8400,325.3600,3.299350
FILLER_78_497,VDD,Metal1,286.5400,324.9275,3.299352
FILLER_78_481,VDD,Metal1,281.1680,324.6680,3.299352
FILLER_78_457,VDD,Metal1,265.3865,324.7830,3.299388
FILLER_78_454,VDD,Metal1,261.2400,325.3600,3.299397
FILLER_78_452,VDD,Metal1,260.4000,325.3600,3.299397
FILLER_78_444,VDD,Metal1,258.1065,324.7830,3.299397
FILLER_78_409,VDD,Metal1,236.3200,325.3600,3.299424
FILLER_78_393,VDD,Metal1,231.8880,324.6680,3.299424
FILLER_78_387,VDD,Metal1,223.7200,325.3600,3.299424
FILLER_78_369,VDD,Metal1,214.8600,324.9275,3.299441
FILLER_78_313,VDD,Metal1,182.5600,325.3600,3.299642
FILLER_78_299,VDD,Metal1,174.4400,325.3600,3.299646
FILLER_78_295,VDD,Metal1,173.4200,324.9275,3.299646
FILLER_78_279,VDD,Metal1,168.0480,324.6680,3.299646
FILLER_78_247,VDD,Metal1,154.6755,324.5910,3.299650
FILLER_78_241,VDD,Metal1,143.1800,324.9275,3.299651
FILLER_78_177,VDD,Metal1,124.4750,324.5455,3.299651
FILLER_78_171,VDD,Metal1,103.9800,324.9275,3.299651
FILLER_78_107,VDD,Metal1,85.2750,324.5455,3.299651
FILLER_78_101,VDD,Metal1,64.7800,324.9275,3.299651
FILLER_78_37,VDD,Metal1,46.0750,324.5455,3.299651
FILLER_78_34,VDD,Metal1,26.0400,325.3600,3.299651
FILLER_78_2,VDD,Metal1,17.4755,324.5910,3.299651
FILLER_77_652,VDD,Metal1,372.1200,317.5200,3.299427
FILLER_77_637,VDD,Metal1,364.0000,317.5200,3.299428
FILLER_77_620,VDD,Metal1,354.4800,317.5200,3.299440
FILLER_77_582,VDD,Metal1,332.9200,317.5200,3.299484
FILLER_77_574,VDD,Metal1,330.9065,318.0965,3.299586
FILLER_77_558,VDD,Metal1,319.7600,317.5200,3.299590
FILLER_77_554,VDD,Metal1,318.4600,317.9525,3.299591
FILLER_77_546,VDD,Metal1,315.2265,318.0965,3.299591
FILLER_77_540,VDD,Metal1,309.4000,317.5200,3.299616
FILLER_77_536,VDD,Metal1,308.3800,317.9525,3.299616
FILLER_77_528,VDD,Metal1,305.1465,318.0965,3.299618
FILLER_77_512,VDD,Metal1,298.5280,318.2120,3.299621
FILLER_77_492,VDD,Metal1,284.9865,318.0965,3.299627
FILLER_77_489,VDD,Metal1,280.8400,317.5200,3.299628
FILLER_77_455,VDD,Metal1,262.0800,317.5200,3.299640
FILLER_77_439,VDD,Metal1,257.6480,318.2120,3.299641
FILLER_77_432,VDD,Metal1,248.9200,317.5200,3.299642
FILLER_77_430,VDD,Metal1,248.0800,317.5200,3.299643
FILLER_77_422,VDD,Metal1,245.7865,318.0965,3.299644
FILLER_77_416,VDD,Metal1,241.1800,317.9525,3.299663
FILLER_77_408,VDD,Metal1,237.9465,318.0965,3.299814
FILLER_77_364,VDD,Metal1,210.8400,317.5200,3.299827
FILLER_77_360,VDD,Metal1,209.8200,317.9525,3.299827
FILLER_77_352,VDD,Metal1,206.5865,318.0965,3.299827
FILLER_77_341,VDD,Metal1,197.9600,317.5200,3.299832
FILLER_77_339,VDD,Metal1,197.1200,317.5200,3.299832
FILLER_77_294,VDD,Metal1,171.9200,317.5200,3.299844
FILLER_77_290,VDD,Metal1,170.6200,317.9525,3.299844
FILLER_77_282,VDD,Metal1,167.3865,318.0965,3.299845
FILLER_77_276,VDD,Metal1,162.7800,317.9525,3.299847
FILLER_77_212,VDD,Metal1,144.0750,318.3340,3.299847
FILLER_77_206,VDD,Metal1,123.5800,317.9525,3.299847
FILLER_77_142,VDD,Metal1,104.8750,318.3340,3.299847
FILLER_77_136,VDD,Metal1,84.3800,317.9525,3.299847
FILLER_77_72,VDD,Metal1,65.6750,318.3340,3.299847
FILLER_77_66,VDD,Metal1,45.1800,317.9525,3.299847
FILLER_77_2,VDD,Metal1,26.4750,318.3340,3.299847
FILLER_76_667,VDD,Metal1,380.8000,317.5200,3.299425
FILLER_76_597,VDD,Metal1,341.3200,317.5200,3.299460
FILLER_76_571,VDD,Metal1,329.2265,316.9430,3.299587
FILLER_76_555,VDD,Metal1,322.6080,316.8280,3.299590
FILLER_76_535,VDD,Metal1,306.8800,317.5200,3.299618
FILLER_76_527,VDD,Metal1,304.5865,316.9430,3.299618
FILLER_76_523,VDD,Metal1,300.1600,317.5200,3.299621
FILLER_76_519,VDD,Metal1,298.8600,317.0875,3.299621
FILLER_76_503,VDD,Metal1,293.4880,316.8280,3.299621
FILLER_76_479,VDD,Metal1,280.0480,316.8280,3.299628
FILLER_76_463,VDD,Metal1,266.2800,317.5200,3.299638
FILLER_76_461,VDD,Metal1,265.4400,317.5200,3.299638
FILLER_76_457,VDD,Metal1,264.1400,317.0875,3.299638
FILLER_76_454,VDD,Metal1,261.2400,317.5200,3.299641
FILLER_76_452,VDD,Metal1,260.4000,317.5200,3.299641
FILLER_76_444,VDD,Metal1,258.1065,316.9430,3.299641
FILLER_76_428,VDD,Metal1,251.4880,316.8280,3.299642
FILLER_76_409,VDD,Metal1,236.3200,317.5200,3.299817
FILLER_76_405,VDD,Metal1,235.0200,317.0875,3.299817
FILLER_76_397,VDD,Metal1,231.7865,316.9430,3.299817
FILLER_76_391,VDD,Metal1,225.9600,317.5200,3.299824
FILLER_76_387,VDD,Metal1,224.9400,317.0875,3.299824
FILLER_76_384,VDD,Metal1,222.0400,317.5200,3.299825
FILLER_76_382,VDD,Metal1,221.2000,317.5200,3.299825
FILLER_76_371,VDD,Metal1,214.7600,317.5200,3.299827
FILLER_76_367,VDD,Metal1,213.7400,317.0875,3.299827
FILLER_76_351,VDD,Metal1,208.3680,316.8280,3.299827
FILLER_76_344,VDD,Metal1,199.9200,317.5200,3.299832
FILLER_76_340,VDD,Metal1,198.6200,317.0875,3.299832
FILLER_76_307,VDD,Metal1,179.2000,317.5200,3.299844
FILLER_76_287,VDD,Metal1,168.0000,317.5200,3.299845
FILLER_76_279,VDD,Metal1,165.7065,316.9430,3.299845
FILLER_76_247,VDD,Metal1,154.6755,316.7510,3.299847
FILLER_76_241,VDD,Metal1,143.1800,317.0875,3.299847
FILLER_76_177,VDD,Metal1,124.4750,316.7055,3.299847
FILLER_76_171,VDD,Metal1,103.9800,317.0875,3.299847
FILLER_76_107,VDD,Metal1,85.2750,316.7055,3.299847
FILLER_76_101,VDD,Metal1,64.7800,317.0875,3.299847
FILLER_76_37,VDD,Metal1,46.0750,316.7055,3.299847
FILLER_76_34,VDD,Metal1,26.0400,317.5200,3.299847
FILLER_76_2,VDD,Metal1,17.4755,316.7510,3.299847
FILLER_75_676,VDD,Metal1,385.5600,309.6800,3.299902
FILLER_75_570,VDD,Metal1,326.4800,309.6800,3.299913
FILLER_75_562,VDD,Metal1,324.1865,310.2565,3.299913
FILLER_75_558,VDD,Metal1,319.7600,309.6800,3.299913
FILLER_75_554,VDD,Metal1,318.4600,310.1125,3.299913
FILLER_75_532,VDD,Metal1,304.9200,309.6800,3.299913
FILLER_75_530,VDD,Metal1,304.0800,309.6800,3.299913
FILLER_75_506,VDD,Metal1,290.3600,309.6800,3.299916
FILLER_75_504,VDD,Metal1,289.5200,309.6800,3.299916
FILLER_75_500,VDD,Metal1,288.2200,310.1125,3.299916
FILLER_75_492,VDD,Metal1,284.9865,310.2565,3.299916
FILLER_75_478,VDD,Metal1,275.9000,310.1125,3.299917
FILLER_75_469,VDD,Metal1,269.6400,309.6800,3.299919
FILLER_75_461,VDD,Metal1,267.6265,310.2565,3.299919
FILLER_75_445,VDD,Metal1,261.0080,310.3720,3.299919
FILLER_75_427,VDD,Metal1,247.3400,310.1125,3.299921
FILLER_75_400,VDD,Metal1,233.4665,310.2565,3.299923
FILLER_75_387,VDD,Metal1,223.7200,309.6800,3.299926
FILLER_75_385,VDD,Metal1,222.8800,309.6800,3.299927
FILLER_75_381,VDD,Metal1,221.5800,310.1125,3.299927
FILLER_75_365,VDD,Metal1,216.2080,310.3720,3.299927
FILLER_75_340,VDD,Metal1,198.6200,310.1125,3.299929
FILLER_75_324,VDD,Metal1,193.2480,310.3720,3.299929
FILLER_75_310,VDD,Metal1,180.6000,309.6800,3.299931
FILLER_75_302,VDD,Metal1,176.4000,309.6800,3.299932
FILLER_75_298,VDD,Metal1,175.1000,310.1125,3.299931
FILLER_75_282,VDD,Metal1,169.7280,310.3720,3.299931
FILLER_75_276,VDD,Metal1,162.7800,310.1125,3.299931
FILLER_75_212,VDD,Metal1,144.0750,310.4940,3.299932
FILLER_75_206,VDD,Metal1,123.5800,310.1125,3.299932
FILLER_75_142,VDD,Metal1,104.8750,310.4940,3.299932
FILLER_75_136,VDD,Metal1,84.3800,310.1125,3.299932
FILLER_75_72,VDD,Metal1,65.6750,310.4940,3.299932
FILLER_75_66,VDD,Metal1,45.1800,310.1125,3.299932
FILLER_75_2,VDD,Metal1,26.4750,310.4940,3.299932
FILLER_74_667,VDD,Metal1,380.8000,309.6800,3.299902
FILLER_74_581,VDD,Metal1,332.3600,309.6800,3.299904
FILLER_74_577,VDD,Metal1,331.3400,309.2475,3.299913
FILLER_74_564,VDD,Metal1,322.8400,309.6800,3.299913
FILLER_74_560,VDD,Metal1,321.8200,309.2475,3.299913
FILLER_74_551,VDD,Metal1,315.5600,309.6800,3.299913
FILLER_74_547,VDD,Metal1,314.5400,309.2475,3.299913
FILLER_74_539,VDD,Metal1,309.1200,309.6800,3.299913
FILLER_74_535,VDD,Metal1,307.8200,309.2475,3.299913
FILLER_74_516,VDD,Metal1,295.9600,309.6800,3.299914
FILLER_74_499,VDD,Metal1,286.4400,309.6800,3.299916
FILLER_74_491,VDD,Metal1,284.4265,309.1030,3.299916
FILLER_74_465,VDD,Metal1,268.6200,309.2475,3.299919
FILLER_74_457,VDD,Metal1,265.3865,309.1030,3.299919
FILLER_74_448,VDD,Metal1,257.8800,309.6800,3.299919
FILLER_74_446,VDD,Metal1,257.0400,309.6800,3.299919
FILLER_74_425,VDD,Metal1,246.2200,309.2475,3.299921
FILLER_74_401,VDD,Metal1,231.5600,309.6800,3.299925
FILLER_74_399,VDD,Metal1,230.7200,309.6800,3.299925
FILLER_74_395,VDD,Metal1,229.4200,309.2475,3.299925
FILLER_74_384,VDD,Metal1,222.0400,309.6800,3.299927
FILLER_74_382,VDD,Metal1,221.2000,309.6800,3.299927
FILLER_74_378,VDD,Metal1,219.9000,309.2475,3.299927
FILLER_74_370,VDD,Metal1,216.6665,309.1030,3.299927
FILLER_74_361,VDD,Metal1,209.1600,309.6800,3.299928
FILLER_74_353,VDD,Metal1,207.1465,309.1030,3.299928
FILLER_74_337,VDD,Metal1,198.1865,309.1030,3.299929
FILLER_74_321,VDD,Metal1,191.5680,308.9880,3.299929
FILLER_74_311,VDD,Metal1,182.3800,309.2475,3.299931
FILLER_74_247,VDD,Metal1,163.6750,308.8655,3.299931
FILLER_74_241,VDD,Metal1,143.1800,309.2475,3.299932
FILLER_74_177,VDD,Metal1,124.4750,308.8655,3.299932
FILLER_74_171,VDD,Metal1,103.9800,309.2475,3.299932
FILLER_74_107,VDD,Metal1,85.2750,308.8655,3.299932
FILLER_74_101,VDD,Metal1,64.7800,309.2475,3.299932
FILLER_74_37,VDD,Metal1,46.0750,308.8655,3.299932
FILLER_74_34,VDD,Metal1,26.0400,309.6800,3.299932
FILLER_74_2,VDD,Metal1,17.4755,308.9110,3.299932
FILLER_73_668,VDD,Metal1,381.0800,301.8400,3.299632
FILLER_73_634,VDD,Metal1,362.0400,301.8400,3.299633
FILLER_73_632,VDD,Metal1,361.2000,301.8400,3.299633
FILLER_73_607,VDD,Metal1,346.9200,301.8400,3.299676
FILLER_73_571,VDD,Metal1,326.7600,301.8400,3.299679
FILLER_73_562,VDD,Metal1,321.7200,301.8400,3.299680
FILLER_73_559,VDD,Metal1,320.0400,301.8400,3.299682
FILLER_73_557,VDD,Metal1,319.2000,301.8400,3.299682
FILLER_73_542,VDD,Metal1,311.7400,302.2725,3.299682
FILLER_73_534,VDD,Metal1,308.5065,302.4165,3.299682
FILLER_73_514,VDD,Metal1,295.1200,301.8400,3.299686
FILLER_73_504,VDD,Metal1,289.5200,301.8400,3.299700
FILLER_73_500,VDD,Metal1,288.2200,302.2725,3.299700
FILLER_73_492,VDD,Metal1,284.9865,302.4165,3.299700
FILLER_73_489,VDD,Metal1,280.8400,301.8400,3.299700
FILLER_73_485,VDD,Metal1,279.8200,302.2725,3.299700
FILLER_73_476,VDD,Metal1,273.8400,301.8400,3.299700
FILLER_73_430,VDD,Metal1,247.8000,301.8400,3.299706
FILLER_73_419,VDD,Metal1,241.6400,301.8400,3.299706
FILLER_73_415,VDD,Metal1,240.6200,302.2725,3.299706
FILLER_73_386,VDD,Metal1,223.1600,301.8400,3.299712
FILLER_73_384,VDD,Metal1,222.3200,301.8400,3.299714
FILLER_73_380,VDD,Metal1,221.0200,302.2725,3.299714
FILLER_73_361,VDD,Metal1,209.4400,301.8400,3.299722
FILLER_73_357,VDD,Metal1,208.1400,302.2725,3.299722
FILLER_73_348,VDD,Metal1,202.1600,301.8400,3.299723
FILLER_73_344,VDD,Metal1,200.8600,302.2725,3.299724
FILLER_73_335,VDD,Metal1,194.6000,301.8400,3.299731
FILLER_73_333,VDD,Metal1,193.7600,301.8400,3.299731
FILLER_73_329,VDD,Metal1,192.4600,302.2725,3.299737
FILLER_73_316,VDD,Metal1,183.9600,301.8400,3.299747
FILLER_73_297,VDD,Metal1,173.3200,301.8400,3.299766
FILLER_73_295,VDD,Metal1,172.4800,301.8400,3.299766
FILLER_73_287,VDD,Metal1,170.1865,302.4165,3.299767
FILLER_73_272,VDD,Metal1,159.6000,301.8400,3.299780
FILLER_73_268,VDD,Metal1,158.3000,302.2725,3.299780
FILLER_73_260,VDD,Metal1,155.0665,302.4165,3.299781
FILLER_73_244,VDD,Metal1,148.4480,302.5320,3.299782
FILLER_73_212,VDD,Metal1,135.0755,302.6085,3.299785
FILLER_73_206,VDD,Metal1,123.5800,302.2725,3.299785
FILLER_73_142,VDD,Metal1,104.8750,302.6540,3.299785
FILLER_73_136,VDD,Metal1,84.3800,302.2725,3.299785
FILLER_73_72,VDD,Metal1,65.6750,302.6540,3.299785
FILLER_73_66,VDD,Metal1,45.1800,302.2725,3.299785
FILLER_73_2,VDD,Metal1,26.4750,302.6540,3.299785
FILLER_72_667,VDD,Metal1,380.8000,301.8400,3.299632
FILLER_72_603,VDD,Metal1,344.6800,301.8400,3.299677
FILLER_72_601,VDD,Metal1,343.8400,301.8400,3.299677
FILLER_72_594,VDD,Metal1,339.6400,301.8400,3.299677
FILLER_72_590,VDD,Metal1,338.6200,301.4075,3.299677
FILLER_72_582,VDD,Metal1,335.3865,301.2630,3.299677
FILLER_72_575,VDD,Metal1,329.0000,301.8400,3.299677
FILLER_72_573,VDD,Metal1,328.1600,301.8400,3.299679
FILLER_72_567,VDD,Metal1,324.5200,301.8400,3.299680
FILLER_72_559,VDD,Metal1,322.5065,301.2630,3.299680
FILLER_72_527,VDD,Metal1,311.4755,301.0710,3.299682
FILLER_72_524,VDD,Metal1,300.4400,301.8400,3.299683
FILLER_72_520,VDD,Metal1,299.4200,301.4075,3.299683
FILLER_72_512,VDD,Metal1,296.1865,301.2630,3.299683
FILLER_72_480,VDD,Metal1,285.1555,301.0710,3.299700
FILLER_72_473,VDD,Metal1,272.1600,301.8400,3.299702
FILLER_72_457,VDD,Metal1,267.7280,301.1480,3.299702
FILLER_72_454,VDD,Metal1,261.2400,301.8400,3.299703
FILLER_72_450,VDD,Metal1,260.2200,301.4075,3.299703
FILLER_72_431,VDD,Metal1,248.6400,301.8400,3.299704
FILLER_72_427,VDD,Metal1,247.3400,301.4075,3.299706
FILLER_72_411,VDD,Metal1,241.9680,301.1480,3.299706
FILLER_72_404,VDD,Metal1,233.2400,301.8400,3.299707
FILLER_72_402,VDD,Metal1,232.4000,301.8400,3.299707
FILLER_72_394,VDD,Metal1,230.1065,301.2630,3.299707
FILLER_72_389,VDD,Metal1,224.8400,301.8400,3.299712
FILLER_72_387,VDD,Metal1,224.0000,301.8400,3.299712
FILLER_72_366,VDD,Metal1,211.9600,301.8400,3.299722
FILLER_72_364,VDD,Metal1,211.1200,301.8400,3.299722
FILLER_72_347,VDD,Metal1,202.5400,301.4075,3.299723
FILLER_72_336,VDD,Metal1,195.1600,301.8400,3.299731
FILLER_72_334,VDD,Metal1,194.3200,301.8400,3.299731
FILLER_72_299,VDD,Metal1,174.7200,301.8400,3.299763
FILLER_72_263,VDD,Metal1,155.5000,301.4075,3.299781
FILLER_72_247,VDD,Metal1,150.1280,301.1480,3.299782
FILLER_72_241,VDD,Metal1,143.1800,301.4075,3.299785
FILLER_72_177,VDD,Metal1,124.4750,301.0255,3.299785
FILLER_72_171,VDD,Metal1,103.9800,301.4075,3.299785
FILLER_72_107,VDD,Metal1,85.2750,301.0255,3.299785
FILLER_72_101,VDD,Metal1,64.7800,301.4075,3.299785
FILLER_72_37,VDD,Metal1,46.0750,301.0255,3.299785
FILLER_72_34,VDD,Metal1,26.0400,301.8400,3.299785
FILLER_72_2,VDD,Metal1,17.4755,301.0710,3.299785
FILLER_71_676,VDD,Metal1,385.5600,294.0000,3.299718
FILLER_71_632,VDD,Metal1,360.9200,294.0000,3.299718
FILLER_71_597,VDD,Metal1,341.3200,294.0000,3.299724
FILLER_71_593,VDD,Metal1,340.3000,294.4325,3.299731
FILLER_71_562,VDD,Metal1,324.1865,294.5765,3.299747
FILLER_71_556,VDD,Metal1,319.5800,294.4325,3.299748
FILLER_71_539,VDD,Metal1,308.8400,294.0000,3.299752
FILLER_71_537,VDD,Metal1,308.0000,294.0000,3.299752
FILLER_71_533,VDD,Metal1,306.7000,294.4325,3.299752
FILLER_71_498,VDD,Metal1,285.8800,294.0000,3.299758
FILLER_71_496,VDD,Metal1,285.0400,294.0000,3.299758
FILLER_71_492,VDD,Metal1,283.7400,294.4325,3.299758
FILLER_71_486,VDD,Metal1,280.3800,294.4325,3.299761
FILLER_71_478,VDD,Metal1,277.1465,294.5765,3.299761
FILLER_71_448,VDD,Metal1,257.8800,294.0000,3.299763
FILLER_71_434,VDD,Metal1,250.0400,294.0000,3.299764
FILLER_71_430,VDD,Metal1,249.0200,294.4325,3.299764
FILLER_71_422,VDD,Metal1,245.7865,294.5765,3.299764
FILLER_71_419,VDD,Metal1,241.6400,294.0000,3.299767
FILLER_71_417,VDD,Metal1,240.8000,294.0000,3.299767
FILLER_71_413,VDD,Metal1,239.5000,294.4325,3.299767
FILLER_71_405,VDD,Metal1,236.2665,294.5765,3.299767
FILLER_71_397,VDD,Metal1,229.6000,294.0000,3.299774
FILLER_71_393,VDD,Metal1,228.3000,294.4325,3.299774
FILLER_71_377,VDD,Metal1,222.9280,294.6920,3.299777
FILLER_71_358,VDD,Metal1,207.4800,294.0000,3.299781
FILLER_71_356,VDD,Metal1,206.6400,294.0000,3.299784
FILLER_71_352,VDD,Metal1,205.3400,294.4325,3.299784
FILLER_71_341,VDD,Metal1,197.9600,294.0000,3.299793
FILLER_71_339,VDD,Metal1,197.1200,294.0000,3.299793
FILLER_71_335,VDD,Metal1,195.8200,294.4325,3.299793
FILLER_71_319,VDD,Metal1,190.4480,294.6920,3.299793
FILLER_71_256,VDD,Metal1,150.3600,294.0000,3.299825
FILLER_71_252,VDD,Metal1,149.3400,294.4325,3.299825
FILLER_71_244,VDD,Metal1,146.1065,294.5765,3.299825
FILLER_71_212,VDD,Metal1,135.0755,294.7685,3.299827
FILLER_71_206,VDD,Metal1,123.5800,294.4325,3.299827
FILLER_71_142,VDD,Metal1,104.8750,294.8140,3.299827
FILLER_71_136,VDD,Metal1,84.3800,294.4325,3.299827
FILLER_71_72,VDD,Metal1,65.6750,294.8140,3.299827
FILLER_71_66,VDD,Metal1,45.1800,294.4325,3.299827
FILLER_71_2,VDD,Metal1,26.4750,294.8140,3.299827
FILLER_70_667,VDD,Metal1,380.8000,294.0000,3.299718
FILLER_70_615,VDD,Metal1,351.4000,294.0000,3.299722
FILLER_70_571,VDD,Metal1,327.0400,294.0000,3.299747
FILLER_70_563,VDD,Metal1,324.7465,293.4230,3.299747
FILLER_70_557,VDD,Metal1,318.9200,294.0000,3.299748
FILLER_70_555,VDD,Metal1,318.0800,294.0000,3.299748
FILLER_70_551,VDD,Metal1,316.7800,293.5675,3.299748
FILLER_70_543,VDD,Metal1,313.5465,293.4230,3.299748
FILLER_70_535,VDD,Metal1,306.8800,294.0000,3.299752
FILLER_70_527,VDD,Metal1,304.5865,293.4230,3.299752
FILLER_70_518,VDD,Metal1,297.0800,294.0000,3.299756
FILLER_70_490,VDD,Metal1,283.8665,293.4230,3.299758
FILLER_70_477,VDD,Metal1,274.4000,294.0000,3.299763
FILLER_70_473,VDD,Metal1,273.1000,293.5675,3.299763
FILLER_70_457,VDD,Metal1,262.9200,294.0000,3.299763
FILLER_70_451,VDD,Metal1,260.7800,293.5675,3.299763
FILLER_70_437,VDD,Metal1,254.1865,293.4230,3.299763
FILLER_70_421,VDD,Metal1,247.5680,293.3080,3.299764
FILLER_70_402,VDD,Metal1,232.1200,294.0000,3.299771
FILLER_70_393,VDD,Metal1,227.0800,294.0000,3.299776
FILLER_70_391,VDD,Metal1,226.2400,294.0000,3.299777
FILLER_70_387,VDD,Metal1,224.9400,293.5675,3.299777
FILLER_70_383,VDD,Metal1,221.7600,294.0000,3.299777
FILLER_70_379,VDD,Metal1,220.4600,293.5675,3.299777
FILLER_70_371,VDD,Metal1,217.2265,293.4230,3.299778
FILLER_70_355,VDD,Metal1,210.6080,293.3080,3.299781
FILLER_70_349,VDD,Metal1,202.4400,294.0000,3.299793
FILLER_70_317,VDD,Metal1,193.8755,293.2310,3.299793
FILLER_70_306,VDD,Metal1,178.3600,294.0000,3.299815
FILLER_70_304,VDD,Metal1,177.5200,294.0000,3.299815
FILLER_70_300,VDD,Metal1,176.2200,293.5675,3.299815
FILLER_70_267,VDD,Metal1,156.8000,294.0000,3.299825
FILLER_70_263,VDD,Metal1,155.5000,293.5675,3.299825
FILLER_70_247,VDD,Metal1,150.1280,293.3080,3.299825
FILLER_70_241,VDD,Metal1,143.1800,293.5675,3.299827
FILLER_70_177,VDD,Metal1,124.4750,293.1855,3.299827
FILLER_70_171,VDD,Metal1,103.9800,293.5675,3.299827
FILLER_70_107,VDD,Metal1,85.2750,293.1855,3.299827
FILLER_70_101,VDD,Metal1,64.7800,293.5675,3.299827
FILLER_70_37,VDD,Metal1,46.0750,293.1855,3.299827
FILLER_70_34,VDD,Metal1,26.0400,294.0000,3.299827
FILLER_70_2,VDD,Metal1,17.4755,293.2310,3.299827
FILLER_69_634,VDD,Metal1,362.0400,286.1600,3.299892
FILLER_69_632,VDD,Metal1,361.2000,286.1600,3.299892
FILLER_69_581,VDD,Metal1,332.3600,286.1600,3.299897
FILLER_69_573,VDD,Metal1,330.3465,286.7365,3.299897
FILLER_69_562,VDD,Metal1,321.7200,286.1600,3.299896
FILLER_69_547,VDD,Metal1,313.3200,286.1600,3.299893
FILLER_69_543,VDD,Metal1,312.3000,286.5925,3.299893
FILLER_69_535,VDD,Metal1,309.0665,286.7365,3.299893
FILLER_69_510,VDD,Metal1,292.8800,286.1600,3.299889
FILLER_69_496,VDD,Metal1,285.0400,286.1600,3.299889
FILLER_69_446,VDD,Metal1,266.1155,286.9285,3.299889
FILLER_69_439,VDD,Metal1,252.8400,286.1600,3.299889
FILLER_69_431,VDD,Metal1,250.8265,286.7365,3.299889
FILLER_69_424,VDD,Metal1,244.4400,286.1600,3.299890
FILLER_69_422,VDD,Metal1,243.6000,286.1600,3.299890
FILLER_69_419,VDD,Metal1,241.6400,286.1600,3.299890
FILLER_69_393,VDD,Metal1,227.0800,286.1600,3.299899
FILLER_69_378,VDD,Metal1,218.9600,286.1600,3.299911
FILLER_69_374,VDD,Metal1,217.6600,286.5925,3.299911
FILLER_69_358,VDD,Metal1,212.2880,286.8520,3.299911
FILLER_69_341,VDD,Metal1,197.9600,286.1600,3.299918
FILLER_69_331,VDD,Metal1,192.6400,286.1600,3.299919
FILLER_69_327,VDD,Metal1,191.3400,286.5925,3.299919
FILLER_69_319,VDD,Metal1,188.1065,286.7365,3.299919
FILLER_69_287,VDD,Metal1,177.0755,286.9285,3.299921
FILLER_69_279,VDD,Metal1,163.2400,286.1600,3.299923
FILLER_69_275,VDD,Metal1,162.2200,286.5925,3.299923
FILLER_69_270,VDD,Metal1,158.2000,286.1600,3.299923
FILLER_69_268,VDD,Metal1,157.3600,286.1600,3.299923
FILLER_69_260,VDD,Metal1,155.0665,286.7365,3.299923
FILLER_69_244,VDD,Metal1,148.4480,286.8520,3.299924
FILLER_69_212,VDD,Metal1,135.0755,286.9285,3.299925
FILLER_69_206,VDD,Metal1,123.5800,286.5925,3.299925
FILLER_69_142,VDD,Metal1,104.8750,286.9740,3.299925
FILLER_69_136,VDD,Metal1,84.3800,286.5925,3.299925
FILLER_69_72,VDD,Metal1,65.6750,286.9740,3.299925
FILLER_69_66,VDD,Metal1,45.1800,286.5925,3.299925
FILLER_69_2,VDD,Metal1,26.4750,286.9740,3.299925
FILLER_68_667,VDD,Metal1,380.8000,286.1600,3.299891
FILLER_68_651,VDD,Metal1,371.5600,286.1600,3.299891
FILLER_68_649,VDD,Metal1,370.7200,286.1600,3.299891
FILLER_68_594,VDD,Metal1,339.6400,286.1600,3.299894
FILLER_68_587,VDD,Metal1,335.7200,286.1600,3.299897
FILLER_68_585,VDD,Metal1,334.8800,286.1600,3.299897
FILLER_68_581,VDD,Metal1,333.5800,285.7275,3.299897
FILLER_68_551,VDD,Metal1,316.7800,285.7275,3.299894
FILLER_68_543,VDD,Metal1,313.5465,285.5830,3.299893
FILLER_68_527,VDD,Metal1,306.9280,285.4680,3.299893
FILLER_68_512,VDD,Metal1,293.7200,286.1600,3.299890
FILLER_68_510,VDD,Metal1,292.8800,286.1600,3.299889
FILLER_68_505,VDD,Metal1,289.8000,286.1600,3.299889
FILLER_68_503,VDD,Metal1,288.9600,286.1600,3.299889
FILLER_68_487,VDD,Metal1,284.5280,285.4680,3.299889
FILLER_68_477,VDD,Metal1,274.1200,286.1600,3.299889
FILLER_68_473,VDD,Metal1,273.1000,285.7275,3.299889
FILLER_68_457,VDD,Metal1,267.7280,285.4680,3.299889
FILLER_68_436,VDD,Metal1,251.4400,286.1600,3.299889
FILLER_68_393,VDD,Metal1,227.0800,286.1600,3.299899
FILLER_68_391,VDD,Metal1,226.2400,286.1600,3.299899
FILLER_68_387,VDD,Metal1,224.9400,285.7275,3.299906
FILLER_68_383,VDD,Metal1,221.7600,286.1600,3.299906
FILLER_68_358,VDD,Metal1,207.7600,286.1600,3.299914
FILLER_68_348,VDD,Metal1,202.1600,286.1600,3.299915
FILLER_68_340,VDD,Metal1,199.8665,285.5830,3.299915
FILLER_68_307,VDD,Metal1,181.3865,285.5830,3.299921
FILLER_68_291,VDD,Metal1,174.7680,285.4680,3.299921
FILLER_68_286,VDD,Metal1,167.1600,286.1600,3.299921
FILLER_68_282,VDD,Metal1,166.1400,285.7275,3.299921
FILLER_68_275,VDD,Metal1,161.2800,286.1600,3.299923
FILLER_68_271,VDD,Metal1,159.9800,285.7275,3.299923
FILLER_68_263,VDD,Metal1,156.7465,285.5830,3.299923
FILLER_68_247,VDD,Metal1,150.1280,285.4680,3.299924
FILLER_68_241,VDD,Metal1,143.1800,285.7275,3.299925
FILLER_68_177,VDD,Metal1,124.4750,285.3455,3.299925
FILLER_68_171,VDD,Metal1,103.9800,285.7275,3.299925
FILLER_68_107,VDD,Metal1,85.2750,285.3455,3.299925
FILLER_68_101,VDD,Metal1,64.7800,285.7275,3.299925
FILLER_68_37,VDD,Metal1,46.0750,285.3455,3.299925
FILLER_68_34,VDD,Metal1,26.0400,286.1600,3.299925
FILLER_68_2,VDD,Metal1,17.4755,285.3910,3.299925
FILLER_67_660,VDD,Metal1,376.6000,278.3200,3.299851
FILLER_67_640,VDD,Metal1,365.6800,278.3200,3.299854
FILLER_67_590,VDD,Metal1,337.6800,278.3200,3.299858
FILLER_67_586,VDD,Metal1,336.3800,278.7525,3.299858
FILLER_67_570,VDD,Metal1,331.0080,279.0120,3.299858
FILLER_67_556,VDD,Metal1,319.5800,278.7525,3.299857
FILLER_67_540,VDD,Metal1,314.2080,279.0120,3.299857
FILLER_67_533,VDD,Metal1,305.4800,278.3200,3.299856
FILLER_67_531,VDD,Metal1,304.6400,278.3200,3.299856
FILLER_67_527,VDD,Metal1,303.3400,278.7525,3.299856
FILLER_67_511,VDD,Metal1,297.9680,279.0120,3.299857
FILLER_67_492,VDD,Metal1,282.5200,278.3200,3.299857
FILLER_67_489,VDD,Metal1,280.8400,278.3200,3.299857
FILLER_67_485,VDD,Metal1,279.8200,278.7525,3.299857
FILLER_67_478,VDD,Metal1,274.9600,278.3200,3.299857
FILLER_67_462,VDD,Metal1,270.5280,279.0120,3.299857
FILLER_67_440,VDD,Metal1,254.6200,278.7525,3.299857
FILLER_67_422,VDD,Metal1,243.6000,278.3200,3.299861
FILLER_67_413,VDD,Metal1,238.2800,278.3200,3.299861
FILLER_67_411,VDD,Metal1,237.4400,278.3200,3.299861
FILLER_67_407,VDD,Metal1,236.1400,278.7525,3.299861
FILLER_67_376,VDD,Metal1,218.7800,278.7525,3.299868
FILLER_67_352,VDD,Metal1,205.3400,278.7525,3.299868
FILLER_67_342,VDD,Metal1,200.9865,278.8965,3.299869
FILLER_67_337,VDD,Metal1,195.7200,278.3200,3.299869
FILLER_67_300,VDD,Metal1,175.0000,278.3200,3.299870
FILLER_67_298,VDD,Metal1,174.1600,278.3200,3.299871
FILLER_67_294,VDD,Metal1,172.8600,278.7525,3.299872
FILLER_67_286,VDD,Metal1,169.6265,278.8965,3.299872
FILLER_67_278,VDD,Metal1,162.9600,278.3200,3.299872
FILLER_67_263,VDD,Metal1,154.5600,278.3200,3.299873
FILLER_67_259,VDD,Metal1,153.2600,278.7525,3.299873
FILLER_67_222,VDD,Metal1,131.3200,278.3200,3.299879
FILLER_67_220,VDD,Metal1,130.4800,278.3200,3.299879
FILLER_67_212,VDD,Metal1,128.1865,278.8965,3.299879
FILLER_67_206,VDD,Metal1,123.5800,278.7525,3.299880
FILLER_67_142,VDD,Metal1,104.8750,279.1340,3.299880
FILLER_67_136,VDD,Metal1,84.3800,278.7525,3.299882
FILLER_67_72,VDD,Metal1,65.6750,279.1340,3.299882
FILLER_67_66,VDD,Metal1,45.1800,278.7525,3.299882
FILLER_67_2,VDD,Metal1,26.4750,279.1340,3.299882
FILLER_66_667,VDD,Metal1,380.8000,278.3200,3.299851
FILLER_66_591,VDD,Metal1,339.1800,277.8875,3.299857
FILLER_66_575,VDD,Metal1,333.8080,277.6280,3.299858
FILLER_66_551,VDD,Metal1,315.5600,278.3200,3.299857
FILLER_66_524,VDD,Metal1,300.4400,278.3200,3.299857
FILLER_66_522,VDD,Metal1,299.6000,278.3200,3.299857
FILLER_66_518,VDD,Metal1,298.3000,277.8875,3.299857
FILLER_66_502,VDD,Metal1,292.9280,277.6280,3.299857
FILLER_66_473,VDD,Metal1,271.8800,278.3200,3.299857
FILLER_66_457,VDD,Metal1,267.7280,277.6280,3.299857
FILLER_66_454,VDD,Metal1,261.2400,278.3200,3.299857
FILLER_66_421,VDD,Metal1,243.0400,278.3200,3.299861
FILLER_66_417,VDD,Metal1,241.7400,277.8875,3.299861
FILLER_66_401,VDD,Metal1,236.3680,277.6280,3.299861
FILLER_66_392,VDD,Metal1,226.5200,278.3200,3.299864
FILLER_66_381,VDD,Metal1,221.5800,277.8875,3.299865
FILLER_66_328,VDD,Metal1,191.9000,277.8875,3.299869
FILLER_66_317,VDD,Metal1,184.8000,278.3200,3.299869
FILLER_66_313,VDD,Metal1,182.5600,278.3200,3.299870
FILLER_66_255,VDD,Metal1,151.0200,277.8875,3.299875
FILLER_66_247,VDD,Metal1,147.7865,277.7430,3.299877
FILLER_66_244,VDD,Metal1,143.6400,278.3200,3.299877
FILLER_66_221,VDD,Metal1,131.0400,278.3200,3.299879
FILLER_66_217,VDD,Metal1,129.7400,277.8875,3.299879
FILLER_66_209,VDD,Metal1,126.5065,277.7430,3.299879
FILLER_66_177,VDD,Metal1,115.4755,277.5510,3.299880
FILLER_66_166,VDD,Metal1,99.9600,278.3200,3.299880
FILLER_66_162,VDD,Metal1,98.9400,277.8875,3.299880
FILLER_66_153,VDD,Metal1,92.6800,278.3200,3.299880
FILLER_66_151,VDD,Metal1,91.8400,278.3200,3.299880
FILLER_66_147,VDD,Metal1,90.5400,277.8875,3.299880
FILLER_66_139,VDD,Metal1,87.3065,277.7430,3.299880
FILLER_66_107,VDD,Metal1,76.2755,277.5510,3.299882
FILLER_66_101,VDD,Metal1,64.7800,277.8875,3.299882
FILLER_66_37,VDD,Metal1,46.0750,277.5055,3.299882
FILLER_66_34,VDD,Metal1,26.0400,278.3200,3.299882
FILLER_66_2,VDD,Metal1,17.4755,277.5510,3.299882
FILLER_65_676,VDD,Metal1,385.5600,270.4800,3.299915
FILLER_65_657,VDD,Metal1,374.9200,270.4800,3.299915
FILLER_65_655,VDD,Metal1,374.0800,270.4800,3.299915
FILLER_65_632,VDD,Metal1,361.2000,270.4800,3.299915
FILLER_65_625,VDD,Metal1,357.0000,270.4800,3.299916
FILLER_65_623,VDD,Metal1,356.1600,270.4800,3.299916
FILLER_65_605,VDD,Metal1,346.0800,270.4800,3.299916
FILLER_65_586,VDD,Metal1,335.4400,270.4800,3.299918
FILLER_65_582,VDD,Metal1,334.1400,270.9125,3.299918
FILLER_65_574,VDD,Metal1,330.9065,271.0565,3.299918
FILLER_65_559,VDD,Metal1,320.0400,270.4800,3.299917
FILLER_65_550,VDD,Metal1,315.0000,270.4800,3.299916
FILLER_65_548,VDD,Metal1,314.1600,270.4800,3.299916
FILLER_65_544,VDD,Metal1,312.8600,270.9125,3.299916
FILLER_65_492,VDD,Metal1,287.3280,271.1720,3.299916
FILLER_65_468,VDD,Metal1,269.3600,270.4800,3.299917
FILLER_65_464,VDD,Metal1,268.0600,270.9125,3.299917
FILLER_65_448,VDD,Metal1,262.6880,271.1720,3.299917
FILLER_65_426,VDD,Metal1,245.5600,270.4800,3.299917
FILLER_65_422,VDD,Metal1,244.5400,270.9125,3.299917
FILLER_65_419,VDD,Metal1,241.6400,270.4800,3.299924
FILLER_65_387,VDD,Metal1,233.0755,271.2485,3.299924
FILLER_65_341,VDD,Metal1,197.9600,270.4800,3.299929
FILLER_65_339,VDD,Metal1,197.1200,270.4800,3.299929
FILLER_65_295,VDD,Metal1,173.4200,270.9125,3.299929
FILLER_65_287,VDD,Metal1,170.1865,271.0565,3.299930
FILLER_65_279,VDD,Metal1,163.2400,270.4800,3.299930
FILLER_65_277,VDD,Metal1,162.4000,270.4800,3.299930
FILLER_65_260,VDD,Metal1,152.6000,270.4800,3.299930
FILLER_65_212,VDD,Metal1,126.0000,270.4800,3.299932
FILLER_65_209,VDD,Metal1,124.0400,270.4800,3.299936
FILLER_65_207,VDD,Metal1,123.2000,270.4800,3.299936
FILLER_65_203,VDD,Metal1,121.9000,270.9125,3.299936
FILLER_65_195,VDD,Metal1,118.6665,271.0565,3.299936
FILLER_65_160,VDD,Metal1,96.6000,270.4800,3.299937
FILLER_65_158,VDD,Metal1,95.7600,270.4800,3.299937
FILLER_65_142,VDD,Metal1,91.3280,271.1720,3.299937
FILLER_65_136,VDD,Metal1,84.3800,270.9125,3.299938
FILLER_65_72,VDD,Metal1,65.6750,271.2940,3.299938
FILLER_65_66,VDD,Metal1,45.1800,270.9125,3.299939
FILLER_65_2,VDD,Metal1,26.4750,271.2940,3.299939
FILLER_64_667,VDD,Metal1,380.8000,270.4800,3.299915
FILLER_64_599,VDD,Metal1,342.4400,270.4800,3.299916
FILLER_64_597,VDD,Metal1,341.6000,270.4800,3.299916
FILLER_64_594,VDD,Metal1,339.6400,270.4800,3.299916
FILLER_64_578,VDD,Metal1,331.9000,270.0475,3.299918
FILLER_64_570,VDD,Metal1,328.6665,269.9030,3.299918
FILLER_64_542,VDD,Metal1,310.8000,270.4800,3.299916
FILLER_64_518,VDD,Metal1,297.0800,270.4800,3.299916
FILLER_64_514,VDD,Metal1,296.0600,270.0475,3.299916
FILLER_64_508,VDD,Metal1,291.7600,270.4800,3.299916
FILLER_64_492,VDD,Metal1,287.3280,269.7880,3.299916
FILLER_64_478,VDD,Metal1,274.9600,270.4800,3.299916
FILLER_64_467,VDD,Metal1,268.5200,270.4800,3.299917
FILLER_64_465,VDD,Metal1,267.6800,270.4800,3.299917
FILLER_64_457,VDD,Metal1,265.3865,269.9030,3.299917
FILLER_64_454,VDD,Metal1,261.2400,270.4800,3.299917
FILLER_64_452,VDD,Metal1,260.4000,270.4800,3.299917
FILLER_64_444,VDD,Metal1,258.1065,269.9030,3.299917
FILLER_64_428,VDD,Metal1,251.4880,269.7880,3.299917
FILLER_64_418,VDD,Metal1,241.3600,270.4800,3.299924
FILLER_64_414,VDD,Metal1,240.0600,270.0475,3.299924
FILLER_64_398,VDD,Metal1,234.6880,269.7880,3.299924
FILLER_64_391,VDD,Metal1,225.9600,270.4800,3.299924
FILLER_64_387,VDD,Metal1,224.9400,270.0475,3.299924
FILLER_64_384,VDD,Metal1,222.0400,270.4800,3.299925
FILLER_64_382,VDD,Metal1,221.2000,270.4800,3.299925
FILLER_64_374,VDD,Metal1,218.9065,269.9030,3.299925
FILLER_64_342,VDD,Metal1,198.8000,270.4800,3.299929
FILLER_64_326,VDD,Metal1,194.3680,269.7880,3.299929
FILLER_64_319,VDD,Metal1,185.6400,270.4800,3.299929
FILLER_64_317,VDD,Metal1,184.8000,270.4800,3.299929
FILLER_64_295,VDD,Metal1,173.4200,270.0475,3.299929
FILLER_64_247,VDD,Metal1,146.5400,270.0475,3.299930
FILLER_64_206,VDD,Metal1,122.3600,270.4800,3.299936
FILLER_64_202,VDD,Metal1,121.3400,270.0475,3.299936
FILLER_64_194,VDD,Metal1,118.1065,269.9030,3.299936
FILLER_64_179,VDD,Metal1,107.2400,270.4800,3.299937
FILLER_64_177,VDD,Metal1,106.4000,270.4800,3.299937
FILLER_64_139,VDD,Metal1,85.1200,270.4800,3.299938
FILLER_64_107,VDD,Metal1,76.2755,269.7110,3.299938
FILLER_64_101,VDD,Metal1,64.7800,270.0475,3.299939
FILLER_64_37,VDD,Metal1,46.0750,269.6655,3.299939
FILLER_64_34,VDD,Metal1,26.0400,270.4800,3.299939
FILLER_64_2,VDD,Metal1,17.4755,269.7110,3.299939
FILLER_63_676,VDD,Metal1,385.5600,262.6400,3.299884
FILLER_63_628,VDD,Metal1,358.9600,262.6400,3.299887
FILLER_63_619,VDD,Metal1,353.6400,262.6400,3.299888
FILLER_63_564,VDD,Metal1,322.8400,262.6400,3.299912
FILLER_63_562,VDD,Metal1,322.0000,262.6400,3.299912
FILLER_63_559,VDD,Metal1,320.0400,262.6400,3.299912
FILLER_63_557,VDD,Metal1,319.2000,262.6400,3.299912
FILLER_63_553,VDD,Metal1,317.9000,263.0725,3.299912
FILLER_63_546,VDD,Metal1,313.0400,262.6400,3.299911
FILLER_63_538,VDD,Metal1,310.7465,263.2165,3.299911
FILLER_63_527,VDD,Metal1,302.4000,262.6400,3.299910
FILLER_63_523,VDD,Metal1,301.1000,263.0725,3.299910
FILLER_63_514,VDD,Metal1,294.8400,262.6400,3.299910
FILLER_63_512,VDD,Metal1,294.0000,262.6400,3.299910
FILLER_63_508,VDD,Metal1,292.7000,263.0725,3.299910
FILLER_63_492,VDD,Metal1,287.3280,263.3320,3.299910
FILLER_63_488,VDD,Metal1,280.5600,262.6400,3.299910
FILLER_63_481,VDD,Metal1,276.3600,262.6400,3.299910
FILLER_63_477,VDD,Metal1,275.3400,263.0725,3.299910
FILLER_63_465,VDD,Metal1,268.6200,263.0725,3.299910
FILLER_63_432,VDD,Metal1,249.2000,262.6400,3.299911
FILLER_63_419,VDD,Metal1,241.6400,262.6400,3.299912
FILLER_63_415,VDD,Metal1,240.6200,263.0725,3.299912
FILLER_63_399,VDD,Metal1,235.2480,263.3320,3.299916
FILLER_63_390,VDD,Metal1,225.4000,262.6400,3.299916
FILLER_63_356,VDD,Metal1,206.3600,262.6400,3.299919
FILLER_63_352,VDD,Metal1,205.3400,263.0725,3.299919
FILLER_63_349,VDD,Metal1,202.4400,262.6400,3.299919
FILLER_63_345,VDD,Metal1,201.4200,263.0725,3.299919
FILLER_63_339,VDD,Metal1,196.8400,262.6400,3.299919
FILLER_63_331,VDD,Metal1,194.8265,263.2165,3.299919
FILLER_63_315,VDD,Metal1,188.2080,263.3320,3.299920
FILLER_63_308,VDD,Metal1,179.7600,262.6400,3.299921
FILLER_63_302,VDD,Metal1,176.1200,262.6400,3.299922
FILLER_63_298,VDD,Metal1,175.1000,263.0725,3.299922
FILLER_63_282,VDD,Metal1,169.7280,263.3320,3.299922
FILLER_63_276,VDD,Metal1,162.7800,263.0725,3.299927
FILLER_63_256,VDD,Metal1,150.3600,262.6400,3.299928
FILLER_63_212,VDD,Metal1,126.9400,263.0725,3.299928
FILLER_63_205,VDD,Metal1,121.8000,262.6400,3.299928
FILLER_63_167,VDD,Metal1,101.7400,263.0725,3.299929
FILLER_63_159,VDD,Metal1,98.5065,263.2165,3.299929
FILLER_63_154,VDD,Metal1,93.2400,262.6400,3.299929
FILLER_63_150,VDD,Metal1,92.2200,263.0725,3.299929
FILLER_63_142,VDD,Metal1,88.9865,263.2165,3.299929
FILLER_63_136,VDD,Metal1,84.3800,263.0725,3.299929
FILLER_63_72,VDD,Metal1,65.6750,263.4540,3.299929
FILLER_63_66,VDD,Metal1,45.1800,263.0725,3.299929
FILLER_63_2,VDD,Metal1,26.4750,263.4540,3.299929
FILLER_62_667,VDD,Metal1,380.8000,262.6400,3.299885
FILLER_62_597,VDD,Metal1,341.6000,262.6400,3.299888
FILLER_62_548,VDD,Metal1,315.1000,262.2075,3.299912
FILLER_62_532,VDD,Metal1,305.2000,262.6400,3.299910
FILLER_62_480,VDD,Metal1,285.1555,261.8710,3.299910
FILLER_62_461,VDD,Metal1,265.1600,262.6400,3.299910
FILLER_62_457,VDD,Metal1,264.1400,262.2075,3.299910
FILLER_62_453,VDD,Metal1,260.9600,262.6400,3.299910
FILLER_62_436,VDD,Metal1,251.1600,262.6400,3.299910
FILLER_62_434,VDD,Metal1,250.3200,262.6400,3.299910
FILLER_62_413,VDD,Metal1,238.2800,262.6400,3.299916
FILLER_62_405,VDD,Metal1,236.2665,262.0630,3.299916
FILLER_62_395,VDD,Metal1,228.4800,262.6400,3.299916
FILLER_62_389,VDD,Metal1,224.8400,262.6400,3.299917
FILLER_62_387,VDD,Metal1,224.0000,262.6400,3.299917
FILLER_62_373,VDD,Metal1,217.1000,262.2075,3.299918
FILLER_62_365,VDD,Metal1,213.8665,262.0630,3.299918
FILLER_62_317,VDD,Metal1,185.7400,262.2075,3.299920
FILLER_62_313,VDD,Metal1,182.5600,262.6400,3.299921
FILLER_62_307,VDD,Metal1,178.9200,262.6400,3.299921
FILLER_62_305,VDD,Metal1,178.0800,262.6400,3.299922
FILLER_62_296,VDD,Metal1,172.7600,262.6400,3.299922
FILLER_62_280,VDD,Metal1,168.6080,261.9480,3.299922
FILLER_62_273,VDD,Metal1,160.1600,262.6400,3.299927
FILLER_62_263,VDD,Metal1,154.5600,262.6400,3.299928
FILLER_62_173,VDD,Metal1,104.1600,262.6400,3.299928
FILLER_62_165,VDD,Metal1,101.8665,262.0630,3.299929
FILLER_62_123,VDD,Metal1,78.3465,262.0630,3.299929
FILLER_62_107,VDD,Metal1,71.7280,261.9480,3.299929
FILLER_62_101,VDD,Metal1,64.7800,262.2075,3.299929
FILLER_62_37,VDD,Metal1,46.0750,261.8255,3.299929
FILLER_62_34,VDD,Metal1,26.0400,262.6400,3.299929
FILLER_62_2,VDD,Metal1,17.4755,261.8710,3.299929
FILLER_61_632,VDD,Metal1,360.9200,254.8000,3.299914
FILLER_61_607,VDD,Metal1,346.9200,254.8000,3.299914
FILLER_61_599,VDD,Metal1,344.9065,255.3765,3.299914
FILLER_61_591,VDD,Metal1,339.1800,255.2325,3.299915
FILLER_61_575,VDD,Metal1,333.8080,255.4920,3.299915
FILLER_61_555,VDD,Metal1,317.8000,254.8000,3.299915
FILLER_61_551,VDD,Metal1,316.7800,255.2325,3.299915
FILLER_61_543,VDD,Metal1,313.5465,255.3765,3.299915
FILLER_61_500,VDD,Metal1,289.4665,255.3765,3.299915
FILLER_61_489,VDD,Metal1,280.8400,254.8000,3.299916
FILLER_61_485,VDD,Metal1,279.8200,255.2325,3.299916
FILLER_61_452,VDD,Metal1,260.4000,254.8000,3.299917
FILLER_61_444,VDD,Metal1,258.1065,255.3765,3.299917
FILLER_61_428,VDD,Metal1,251.4880,255.4920,3.299917
FILLER_61_406,VDD,Metal1,234.3600,254.8000,3.299919
FILLER_61_402,VDD,Metal1,233.3400,255.2325,3.299919
FILLER_61_378,VDD,Metal1,218.6800,254.8000,3.299922
FILLER_61_376,VDD,Metal1,217.8400,254.8000,3.299922
FILLER_61_372,VDD,Metal1,216.5400,255.2325,3.299922
FILLER_61_352,VDD,Metal1,205.3400,255.2325,3.299922
FILLER_61_349,VDD,Metal1,202.4400,254.8000,3.299922
FILLER_61_340,VDD,Metal1,198.6200,255.2325,3.299922
FILLER_61_330,VDD,Metal1,192.0800,254.8000,3.299922
FILLER_61_214,VDD,Metal1,126.8400,254.8000,3.299923
FILLER_61_212,VDD,Metal1,126.0000,254.8000,3.299923
FILLER_61_183,VDD,Metal1,109.4800,254.8000,3.299928
FILLER_61_181,VDD,Metal1,108.6400,254.8000,3.299928
FILLER_61_177,VDD,Metal1,107.3400,255.2325,3.299928
FILLER_61_161,VDD,Metal1,101.9680,255.4920,3.299929
FILLER_61_136,VDD,Metal1,84.3800,255.2325,3.299930
FILLER_61_72,VDD,Metal1,65.6750,255.6140,3.299930
FILLER_61_66,VDD,Metal1,45.1800,255.2325,3.299930
FILLER_61_2,VDD,Metal1,26.4750,255.6140,3.299931
FILLER_60_667,VDD,Metal1,380.8000,254.8000,3.299914
FILLER_60_612,VDD,Metal1,349.7200,254.8000,3.299914
FILLER_60_610,VDD,Metal1,348.8800,254.8000,3.299914
FILLER_60_599,VDD,Metal1,342.4400,254.8000,3.299915
FILLER_60_597,VDD,Metal1,341.6000,254.8000,3.299915
FILLER_60_588,VDD,Metal1,336.2800,254.8000,3.299915
FILLER_60_586,VDD,Metal1,335.4400,254.8000,3.299915
FILLER_60_572,VDD,Metal1,327.6000,254.8000,3.299916
FILLER_60_568,VDD,Metal1,326.3000,254.3675,3.299916
FILLER_60_551,VDD,Metal1,315.5600,254.8000,3.299915
FILLER_60_535,VDD,Metal1,311.4080,254.1080,3.299915
FILLER_60_493,VDD,Metal1,283.0800,254.8000,3.299916
FILLER_60_491,VDD,Metal1,282.2400,254.8000,3.299916
FILLER_60_475,VDD,Metal1,277.8080,254.1080,3.299916
FILLER_60_457,VDD,Metal1,263.2000,254.8000,3.299916
FILLER_60_439,VDD,Metal1,257.6480,254.1080,3.299917
FILLER_60_403,VDD,Metal1,232.6800,254.8000,3.299919
FILLER_60_387,VDD,Metal1,224.9400,254.3675,3.299921
FILLER_60_384,VDD,Metal1,222.0400,254.8000,3.299921
FILLER_60_382,VDD,Metal1,221.2000,254.8000,3.299922
FILLER_60_374,VDD,Metal1,218.9065,254.2230,3.299922
FILLER_60_358,VDD,Metal1,212.2880,254.1080,3.299922
FILLER_60_317,VDD,Metal1,184.5200,254.8000,3.299922
FILLER_60_311,VDD,Metal1,182.3800,254.3675,3.299922
FILLER_60_247,VDD,Metal1,145.6000,254.8000,3.299923
FILLER_60_199,VDD,Metal1,118.4400,254.8000,3.299923
FILLER_60_189,VDD,Metal1,113.1200,254.8000,3.299923
FILLER_60_185,VDD,Metal1,111.8200,254.3675,3.299923
FILLER_60_177,VDD,Metal1,108.5865,254.2230,3.299928
FILLER_60_173,VDD,Metal1,104.1600,254.8000,3.299929
FILLER_60_169,VDD,Metal1,102.8600,254.3675,3.299929
FILLER_60_107,VDD,Metal1,71.7280,254.1080,3.299930
FILLER_60_101,VDD,Metal1,64.7800,254.3675,3.299930
FILLER_60_37,VDD,Metal1,46.0750,253.9855,3.299930
FILLER_60_34,VDD,Metal1,26.0400,254.8000,3.299931
FILLER_60_2,VDD,Metal1,17.4755,254.0310,3.299931
FILLER_59_632,VDD,Metal1,360.9200,246.9600,3.299899
FILLER_59_586,VDD,Metal1,335.4400,246.9600,3.299904
FILLER_59_578,VDD,Metal1,333.1465,247.5365,3.299904
FILLER_59_562,VDD,Metal1,326.5280,247.6520,3.299905
FILLER_59_549,VDD,Metal1,314.4400,246.9600,3.299904
FILLER_59_545,VDD,Metal1,313.4200,247.3925,3.299904
FILLER_59_532,VDD,Metal1,307.3865,247.5365,3.299904
FILLER_59_480,VDD,Metal1,276.0800,246.9600,3.299905
FILLER_59_476,VDD,Metal1,274.7800,247.3925,3.299905
FILLER_59_450,VDD,Metal1,261.4665,247.5365,3.299910
FILLER_59_434,VDD,Metal1,254.8480,247.6520,3.299910
FILLER_59_422,VDD,Metal1,244.5400,247.3925,3.299910
FILLER_59_379,VDD,Metal1,219.2400,246.9600,3.299913
FILLER_59_375,VDD,Metal1,218.2200,247.3925,3.299913
FILLER_59_369,VDD,Metal1,213.6400,246.9600,3.299914
FILLER_59_367,VDD,Metal1,212.8000,246.9600,3.299914
FILLER_59_354,VDD,Metal1,205.2400,246.9600,3.299916
FILLER_59_352,VDD,Metal1,204.4000,246.9600,3.299916
FILLER_59_343,VDD,Metal1,199.3600,246.9600,3.299916
FILLER_59_288,VDD,Metal1,168.2800,246.9600,3.299916
FILLER_59_286,VDD,Metal1,167.4400,246.9600,3.299916
FILLER_59_282,VDD,Metal1,166.1400,247.3925,3.299916
FILLER_59_279,VDD,Metal1,163.2400,246.9600,3.299916
FILLER_59_277,VDD,Metal1,162.4000,246.9600,3.299916
FILLER_59_232,VDD,Metal1,137.2000,246.9600,3.299921
FILLER_59_212,VDD,Metal1,126.0000,246.9600,3.299921
FILLER_59_200,VDD,Metal1,120.2200,247.3925,3.299921
FILLER_59_136,VDD,Metal1,84.3800,247.3925,3.299938
FILLER_59_72,VDD,Metal1,65.6750,247.7740,3.299938
FILLER_59_66,VDD,Metal1,45.1800,247.3925,3.299938
FILLER_59_2,VDD,Metal1,26.4750,247.7740,3.299938
FILLER_58_667,VDD,Metal1,380.8000,246.9600,3.299898
FILLER_58_605,VDD,Metal1,347.0200,246.5275,3.299903
FILLER_58_597,VDD,Metal1,343.7865,246.3830,3.299903
FILLER_58_585,VDD,Metal1,334.8800,246.9600,3.299904
FILLER_58_581,VDD,Metal1,333.5800,246.5275,3.299904
FILLER_58_573,VDD,Metal1,330.3465,246.3830,3.299904
FILLER_58_557,VDD,Metal1,323.7280,246.2680,3.299904
FILLER_58_539,VDD,Metal1,308.8400,246.9600,3.299904
FILLER_58_535,VDD,Metal1,307.8200,246.5275,3.299904
FILLER_58_527,VDD,Metal1,304.5865,246.3830,3.299903
FILLER_58_524,VDD,Metal1,300.4400,246.9600,3.299903
FILLER_58_522,VDD,Metal1,299.6000,246.9600,3.299903
FILLER_58_514,VDD,Metal1,295.1200,246.9600,3.299903
FILLER_58_498,VDD,Metal1,290.6880,246.2680,3.299903
FILLER_58_491,VDD,Metal1,281.9600,246.9600,3.299905
FILLER_58_487,VDD,Metal1,280.9400,246.5275,3.299905
FILLER_58_453,VDD,Metal1,260.9600,246.9600,3.299910
FILLER_58_445,VDD,Metal1,258.6665,246.3830,3.299910
FILLER_58_429,VDD,Metal1,252.0480,246.2680,3.299910
FILLER_58_419,VDD,Metal1,241.9200,246.9600,3.299911
FILLER_58_410,VDD,Metal1,236.6000,246.9600,3.299911
FILLER_58_404,VDD,Metal1,233.2400,246.9600,3.299911
FILLER_58_397,VDD,Metal1,229.3200,246.9600,3.299912
FILLER_58_395,VDD,Metal1,228.4800,246.9600,3.299912
FILLER_58_381,VDD,Metal1,221.5800,246.5275,3.299913
FILLER_58_373,VDD,Metal1,218.3465,246.3830,3.299913
FILLER_58_317,VDD,Metal1,184.5200,246.9600,3.299916
FILLER_58_314,VDD,Metal1,182.8400,246.9600,3.299916
FILLER_58_312,VDD,Metal1,182.0000,246.9600,3.299916
FILLER_58_305,VDD,Metal1,178.0800,246.9600,3.299916
FILLER_58_247,VDD,Metal1,145.6000,246.9600,3.299917
FILLER_58_238,VDD,Metal1,140.2800,246.9600,3.299921
FILLER_58_236,VDD,Metal1,139.4400,246.9600,3.299921
FILLER_58_189,VDD,Metal1,113.1200,246.9600,3.299922
FILLER_58_185,VDD,Metal1,111.8200,246.5275,3.299922
FILLER_58_177,VDD,Metal1,108.5865,246.3830,3.299922
FILLER_58_174,VDD,Metal1,104.4400,246.9600,3.299922
FILLER_58_170,VDD,Metal1,103.4200,246.5275,3.299922
FILLER_58_139,VDD,Metal1,87.3065,246.3830,3.299937
FILLER_58_107,VDD,Metal1,76.2755,246.1910,3.299938
FILLER_58_101,VDD,Metal1,64.7800,246.5275,3.299938
FILLER_58_37,VDD,Metal1,46.0750,246.1455,3.299938
FILLER_58_34,VDD,Metal1,26.0400,246.9600,3.299938
FILLER_58_2,VDD,Metal1,17.4755,246.1910,3.299938
FILLER_57_634,VDD,Metal1,362.0400,239.1200,3.299916
FILLER_57_632,VDD,Metal1,361.2000,239.1200,3.299916
FILLER_57_628,VDD,Metal1,358.9600,239.1200,3.299916
FILLER_57_599,VDD,Metal1,342.4400,239.1200,3.299918
FILLER_57_568,VDD,Metal1,329.8880,239.8120,3.299920
FILLER_57_559,VDD,Metal1,320.0400,239.1200,3.299920
FILLER_57_557,VDD,Metal1,319.2000,239.1200,3.299920
FILLER_57_548,VDD,Metal1,313.8800,239.1200,3.299922
FILLER_57_540,VDD,Metal1,311.8665,239.6965,3.299922
FILLER_57_524,VDD,Metal1,305.2480,239.8120,3.299922
FILLER_57_492,VDD,Metal1,291.8755,239.8885,3.299922
FILLER_57_489,VDD,Metal1,280.8400,239.1200,3.299922
FILLER_57_487,VDD,Metal1,280.0000,239.1200,3.299922
FILLER_57_479,VDD,Metal1,277.7065,239.6965,3.299922
FILLER_57_450,VDD,Metal1,259.0000,239.1200,3.299926
FILLER_57_446,VDD,Metal1,257.9800,239.5525,3.299926
FILLER_57_438,VDD,Metal1,254.7465,239.6965,3.299926
FILLER_57_422,VDD,Metal1,248.1280,239.8120,3.299926
FILLER_57_419,VDD,Metal1,241.6400,239.1200,3.299926
FILLER_57_412,VDD,Metal1,237.7200,239.1200,3.299927
FILLER_57_406,VDD,Metal1,234.3600,239.1200,3.299927
FILLER_57_404,VDD,Metal1,233.5200,239.1200,3.299928
FILLER_57_400,VDD,Metal1,232.2200,239.5525,3.299928
FILLER_57_392,VDD,Metal1,228.9865,239.6965,3.299928
FILLER_57_352,VDD,Metal1,205.3400,239.5525,3.299928
FILLER_57_348,VDD,Metal1,202.1600,239.1200,3.299928
FILLER_57_312,VDD,Metal1,182.0000,239.1200,3.299929
FILLER_57_308,VDD,Metal1,180.7000,239.5525,3.299930
FILLER_57_300,VDD,Metal1,177.4665,239.6965,3.299930
FILLER_57_290,VDD,Metal1,170.6200,239.5525,3.299931
FILLER_57_282,VDD,Metal1,167.3865,239.6965,3.299931
FILLER_57_276,VDD,Metal1,162.7800,239.5525,3.299932
FILLER_57_268,VDD,Metal1,159.5465,239.6965,3.299932
FILLER_57_242,VDD,Metal1,142.5200,239.1200,3.299934
FILLER_57_240,VDD,Metal1,141.6800,239.1200,3.299934
FILLER_57_191,VDD,Metal1,115.1800,239.5525,3.299938
FILLER_57_159,VDD,Metal1,105.3955,239.8885,3.299940
FILLER_57_142,VDD,Metal1,86.8000,239.1200,3.299941
FILLER_57_136,VDD,Metal1,84.3800,239.5525,3.299941
FILLER_57_72,VDD,Metal1,65.6750,239.9340,3.299941
FILLER_57_66,VDD,Metal1,45.1800,239.5525,3.299941
FILLER_57_2,VDD,Metal1,26.4750,239.9340,3.299941
FILLER_56_667,VDD,Metal1,380.8000,239.1200,3.299915
FILLER_56_597,VDD,Metal1,341.3200,239.1200,3.299918
FILLER_56_593,VDD,Metal1,339.3600,239.1200,3.299919
FILLER_56_583,VDD,Metal1,333.7600,239.1200,3.299920
FILLER_56_575,VDD,Metal1,331.4665,238.5430,3.299920
FILLER_56_557,VDD,Metal1,318.9200,239.1200,3.299920
FILLER_56_555,VDD,Metal1,318.0800,239.1200,3.299920
FILLER_56_551,VDD,Metal1,316.7800,238.6875,3.299922
FILLER_56_535,VDD,Metal1,311.4080,238.4280,3.299922
FILLER_56_529,VDD,Metal1,303.2400,239.1200,3.299922
FILLER_56_527,VDD,Metal1,302.4000,239.1200,3.299922
FILLER_56_524,VDD,Metal1,300.4400,239.1200,3.299922
FILLER_56_522,VDD,Metal1,299.6000,239.1200,3.299922
FILLER_56_518,VDD,Metal1,298.3000,238.6875,3.299922
FILLER_56_502,VDD,Metal1,289.3400,238.6875,3.299922
FILLER_56_451,VDD,Metal1,260.7800,238.6875,3.299926
FILLER_56_435,VDD,Metal1,255.4080,238.4280,3.299926
FILLER_56_426,VDD,Metal1,245.5600,239.1200,3.299926
FILLER_56_402,VDD,Metal1,234.5865,238.5430,3.299927
FILLER_56_387,VDD,Metal1,224.0000,239.1200,3.299928
FILLER_56_384,VDD,Metal1,222.0400,239.1200,3.299928
FILLER_56_382,VDD,Metal1,221.2000,239.1200,3.299928
FILLER_56_378,VDD,Metal1,219.9000,238.6875,3.299928
FILLER_56_370,VDD,Metal1,216.6665,238.5430,3.299928
FILLER_56_319,VDD,Metal1,185.6400,239.1200,3.299929
FILLER_56_317,VDD,Metal1,184.8000,239.1200,3.299929
FILLER_56_314,VDD,Metal1,182.8400,239.1200,3.299929
FILLER_56_310,VDD,Metal1,181.8200,238.6875,3.299929
FILLER_56_302,VDD,Metal1,178.5865,238.5430,3.299930
FILLER_56_244,VDD,Metal1,143.6400,239.1200,3.299933
FILLER_56_242,VDD,Metal1,142.8000,239.1200,3.299934
FILLER_56_187,VDD,Metal1,111.7200,239.1200,3.299940
FILLER_56_181,VDD,Metal1,108.3600,239.1200,3.299940
FILLER_56_177,VDD,Metal1,107.3400,238.6875,3.299940
FILLER_56_173,VDD,Metal1,104.1600,239.1200,3.299940
FILLER_56_169,VDD,Metal1,102.8600,238.6875,3.299940
FILLER_56_161,VDD,Metal1,99.6265,238.5430,3.299940
FILLER_56_123,VDD,Metal1,76.1600,239.1200,3.299941
FILLER_56_107,VDD,Metal1,71.7280,238.4280,3.299941
FILLER_56_101,VDD,Metal1,64.7800,238.6875,3.299941
FILLER_56_37,VDD,Metal1,46.0750,238.3055,3.299941
FILLER_56_34,VDD,Metal1,26.0400,239.1200,3.299941
FILLER_56_2,VDD,Metal1,17.4755,238.3510,3.299941
FILLER_55_634,VDD,Metal1,362.0400,231.2800,3.299928
FILLER_55_632,VDD,Metal1,361.2000,231.2800,3.299928
FILLER_55_628,VDD,Metal1,358.9600,231.2800,3.299928
FILLER_55_598,VDD,Metal1,342.1600,231.2800,3.299930
FILLER_55_559,VDD,Metal1,320.0400,231.2800,3.299930
FILLER_55_557,VDD,Metal1,319.2000,231.2800,3.299930
FILLER_55_548,VDD,Metal1,313.8800,231.2800,3.299931
FILLER_55_500,VDD,Metal1,287.0000,231.2800,3.299932
FILLER_55_489,VDD,Metal1,280.8400,231.2800,3.299933
FILLER_55_487,VDD,Metal1,280.0000,231.2800,3.299933
FILLER_55_483,VDD,Metal1,278.7000,231.7125,3.299933
FILLER_55_475,VDD,Metal1,275.4665,231.8565,3.299933
FILLER_55_464,VDD,Metal1,266.8400,231.2800,3.299934
FILLER_55_462,VDD,Metal1,266.0000,231.2800,3.299934
FILLER_55_458,VDD,Metal1,264.7000,231.7125,3.299934
FILLER_55_380,VDD,Metal1,221.0200,231.7125,3.299936
FILLER_55_375,VDD,Metal1,217.0000,231.2800,3.299937
FILLER_55_371,VDD,Metal1,215.9800,231.7125,3.299937
FILLER_55_352,VDD,Metal1,204.4000,231.2800,3.299937
FILLER_55_348,VDD,Metal1,202.1600,231.2800,3.299937
FILLER_55_344,VDD,Metal1,200.8600,231.7125,3.299937
FILLER_55_316,VDD,Metal1,185.1800,231.7125,3.299938
FILLER_55_212,VDD,Metal1,126.9400,231.7125,3.299941
FILLER_55_153,VDD,Metal1,97.4880,231.9720,3.299943
FILLER_55_146,VDD,Metal1,89.0400,231.2800,3.299944
FILLER_55_142,VDD,Metal1,87.7400,231.7125,3.299944
FILLER_55_136,VDD,Metal1,84.3800,231.7125,3.299944
FILLER_55_72,VDD,Metal1,65.6750,232.0940,3.299944
FILLER_55_66,VDD,Metal1,45.1800,231.7125,3.299944
FILLER_55_2,VDD,Metal1,26.4750,232.0940,3.299944
FILLER_54_667,VDD,Metal1,380.8000,231.2800,3.299927
FILLER_54_656,VDD,Metal1,374.3600,231.2800,3.299927
FILLER_54_654,VDD,Metal1,373.5200,231.2800,3.299927
FILLER_54_637,VDD,Metal1,363.7200,231.2800,3.299928
FILLER_54_635,VDD,Metal1,362.8800,231.2800,3.299928
FILLER_54_618,VDD,Metal1,353.0800,231.2800,3.299928
FILLER_54_597,VDD,Metal1,341.3200,231.2800,3.299930
FILLER_54_593,VDD,Metal1,339.3600,231.2800,3.299930
FILLER_54_589,VDD,Metal1,338.0600,230.8475,3.299930
FILLER_54_581,VDD,Metal1,334.8265,230.7030,3.299930
FILLER_54_572,VDD,Metal1,328.5400,230.8475,3.299930
FILLER_54_563,VDD,Metal1,322.2800,231.2800,3.299930
FILLER_54_561,VDD,Metal1,321.4400,231.2800,3.299930
FILLER_54_535,VDD,Metal1,309.0665,230.7030,3.299931
FILLER_54_524,VDD,Metal1,300.4400,231.2800,3.299931
FILLER_54_520,VDD,Metal1,299.4200,230.8475,3.299931
FILLER_54_500,VDD,Metal1,287.2800,231.2800,3.299932
FILLER_54_477,VDD,Metal1,274.4000,231.2800,3.299934
FILLER_54_473,VDD,Metal1,273.1000,230.8475,3.299934
FILLER_54_457,VDD,Metal1,267.7280,230.5880,3.299934
FILLER_54_446,VDD,Metal1,256.7600,231.2800,3.299934
FILLER_54_444,VDD,Metal1,255.9200,231.2800,3.299934
FILLER_54_438,VDD,Metal1,252.2800,231.2800,3.299934
FILLER_54_423,VDD,Metal1,244.1600,231.2800,3.299934
FILLER_54_376,VDD,Metal1,217.5600,231.2800,3.299936
FILLER_54_339,VDD,Metal1,196.8400,231.2800,3.299938
FILLER_54_335,VDD,Metal1,195.8200,230.8475,3.299938
FILLER_54_313,VDD,Metal1,182.5600,231.2800,3.299939
FILLER_54_247,VDD,Metal1,146.5400,230.8475,3.299941
FILLER_54_241,VDD,Metal1,143.1800,230.8475,3.299941
FILLER_54_199,VDD,Metal1,118.7200,231.2800,3.299942
FILLER_54_165,VDD,Metal1,99.6800,231.2800,3.299943
FILLER_54_157,VDD,Metal1,97.3865,230.7030,3.299943
FILLER_54_149,VDD,Metal1,90.4400,231.2800,3.299943
FILLER_54_147,VDD,Metal1,89.6000,231.2800,3.299944
FILLER_54_135,VDD,Metal1,82.6000,231.2800,3.299944
FILLER_54_131,VDD,Metal1,81.5800,230.8475,3.299944
FILLER_54_123,VDD,Metal1,78.3465,230.7030,3.299944
FILLER_54_107,VDD,Metal1,71.7280,230.5880,3.299944
FILLER_54_101,VDD,Metal1,64.7800,230.8475,3.299944
FILLER_54_37,VDD,Metal1,46.0750,230.4655,3.299944
FILLER_54_34,VDD,Metal1,26.0400,231.2800,3.299944
FILLER_54_2,VDD,Metal1,17.4755,230.5110,3.299944
FILLER_53_676,VDD,Metal1,385.5600,223.4400,3.299860
FILLER_53_636,VDD,Metal1,363.1600,223.4400,3.299861
FILLER_53_632,VDD,Metal1,362.1400,223.8725,3.299861
FILLER_53_629,VDD,Metal1,359.2400,223.4400,3.299861
FILLER_53_611,VDD,Metal1,349.4400,223.4400,3.299862
FILLER_53_603,VDD,Metal1,347.1465,224.0165,3.299862
FILLER_53_588,VDD,Metal1,336.2800,223.4400,3.299937
FILLER_53_586,VDD,Metal1,335.4400,223.4400,3.299938
FILLER_53_578,VDD,Metal1,333.1465,224.0165,3.299938
FILLER_53_562,VDD,Metal1,326.5280,224.1320,3.299938
FILLER_53_513,VDD,Metal1,294.2800,223.4400,3.299939
FILLER_53_509,VDD,Metal1,293.2600,223.8725,3.299939
FILLER_53_470,VDD,Metal1,270.4800,223.4400,3.299940
FILLER_53_466,VDD,Metal1,269.1800,223.8725,3.299940
FILLER_53_458,VDD,Metal1,265.9465,224.0165,3.299940
FILLER_53_419,VDD,Metal1,241.6400,223.4400,3.299942
FILLER_53_403,VDD,Metal1,237.4880,224.1320,3.299942
FILLER_53_352,VDD,Metal1,204.4000,223.4400,3.299944
FILLER_53_341,VDD,Metal1,197.9600,223.4400,3.299944
FILLER_53_337,VDD,Metal1,196.9400,223.8725,3.299944
FILLER_53_300,VDD,Metal1,175.0000,223.4400,3.299947
FILLER_53_254,VDD,Metal1,150.4600,223.8725,3.299952
FILLER_53_150,VDD,Metal1,91.2800,223.4400,3.299954
FILLER_53_128,VDD,Metal1,79.9000,223.8725,3.299956
FILLER_53_120,VDD,Metal1,76.6665,224.0165,3.299956
FILLER_53_104,VDD,Metal1,70.0480,224.1320,3.299956
FILLER_53_72,VDD,Metal1,56.6755,224.2085,3.299957
FILLER_53_66,VDD,Metal1,45.1800,223.8725,3.299957
FILLER_53_2,VDD,Metal1,26.4750,224.2540,3.299957
FILLER_52_667,VDD,Metal1,380.8000,223.4400,3.299860
FILLER_52_617,VDD,Metal1,352.5200,223.4400,3.299862
FILLER_52_613,VDD,Metal1,351.5000,223.0075,3.299862
FILLER_52_597,VDD,Metal1,346.1280,222.7480,3.299862
FILLER_52_581,VDD,Metal1,332.6400,223.4400,3.299938
FILLER_52_577,VDD,Metal1,331.3400,223.0075,3.299938
FILLER_52_569,VDD,Metal1,328.1065,222.8630,3.299938
FILLER_52_553,VDD,Metal1,321.4880,222.7480,3.299938
FILLER_52_539,VDD,Metal1,309.1200,223.4400,3.299938
FILLER_52_535,VDD,Metal1,307.8200,223.0075,3.299938
FILLER_52_527,VDD,Metal1,304.5865,222.8630,3.299938
FILLER_52_524,VDD,Metal1,300.4400,223.4400,3.299939
FILLER_52_520,VDD,Metal1,299.4200,223.0075,3.299939
FILLER_52_505,VDD,Metal1,289.8000,223.4400,3.299939
FILLER_52_501,VDD,Metal1,288.7800,223.0075,3.299939
FILLER_52_493,VDD,Metal1,285.5465,222.8630,3.299939
FILLER_52_447,VDD,Metal1,259.7865,222.8630,3.299941
FILLER_52_441,VDD,Metal1,254.2400,223.4400,3.299941
FILLER_52_437,VDD,Metal1,252.9400,223.0075,3.299941
FILLER_52_429,VDD,Metal1,249.7065,222.8630,3.299941
FILLER_52_423,VDD,Metal1,243.8800,223.4400,3.299942
FILLER_52_415,VDD,Metal1,241.8665,222.8630,3.299942
FILLER_52_408,VDD,Metal1,235.4800,223.4400,3.299942
FILLER_52_406,VDD,Metal1,234.6400,223.4400,3.299942
FILLER_52_400,VDD,Metal1,231.0000,223.4400,3.299942
FILLER_52_392,VDD,Metal1,228.9865,222.8630,3.299942
FILLER_52_383,VDD,Metal1,221.7600,223.4400,3.299943
FILLER_52_379,VDD,Metal1,220.4600,223.0075,3.299943
FILLER_52_313,VDD,Metal1,182.5600,223.4400,3.299944
FILLER_52_306,VDD,Metal1,178.3600,223.4400,3.299944
FILLER_52_304,VDD,Metal1,177.5200,223.4400,3.299944
FILLER_52_296,VDD,Metal1,175.2265,222.8630,3.299947
FILLER_52_244,VDD,Metal1,143.6400,223.4400,3.299953
FILLER_52_210,VDD,Metal1,125.8200,223.0075,3.299954
FILLER_52_187,VDD,Metal1,112.0000,223.4400,3.299954
FILLER_52_174,VDD,Metal1,104.4400,223.4400,3.299954
FILLER_52_172,VDD,Metal1,103.6000,223.4400,3.299954
FILLER_52_168,VDD,Metal1,102.3000,223.0075,3.299954
FILLER_52_127,VDD,Metal1,78.4000,223.4400,3.299956
FILLER_52_123,VDD,Metal1,77.1000,223.0075,3.299956
FILLER_52_107,VDD,Metal1,71.7280,222.7480,3.299956
FILLER_52_101,VDD,Metal1,64.7800,223.0075,3.299957
FILLER_52_37,VDD,Metal1,46.0750,222.6255,3.299957
FILLER_52_34,VDD,Metal1,26.0400,223.4400,3.299957
FILLER_52_2,VDD,Metal1,17.4755,222.6710,3.299957
FILLER_51_676,VDD,Metal1,385.5600,215.6000,3.299942
FILLER_51_615,VDD,Metal1,351.4000,215.6000,3.299943
FILLER_51_613,VDD,Metal1,350.5600,215.6000,3.299943
FILLER_51_605,VDD,Metal1,348.2665,216.1765,3.299943
FILLER_51_574,VDD,Metal1,328.7200,215.6000,3.299945
FILLER_51_570,VDD,Metal1,327.4200,216.0325,3.299945
FILLER_51_562,VDD,Metal1,324.1865,216.1765,3.299945
FILLER_51_558,VDD,Metal1,319.7600,215.6000,3.299945
FILLER_51_542,VDD,Metal1,315.3280,216.2920,3.299945
FILLER_51_537,VDD,Metal1,307.7200,215.6000,3.299946
FILLER_51_524,VDD,Metal1,301.6600,216.0325,3.299946
FILLER_51_492,VDD,Metal1,291.8755,216.3685,3.299946
FILLER_51_480,VDD,Metal1,276.0800,215.6000,3.299946
FILLER_51_463,VDD,Metal1,266.2800,215.6000,3.299946
FILLER_51_453,VDD,Metal1,260.9600,215.6000,3.299948
FILLER_51_430,VDD,Metal1,248.0800,215.6000,3.299949
FILLER_51_422,VDD,Metal1,245.7865,216.1765,3.299950
FILLER_51_418,VDD,Metal1,241.3600,215.6000,3.299951
FILLER_51_392,VDD,Metal1,227.7400,216.0325,3.299959
FILLER_51_384,VDD,Metal1,224.5065,216.1765,3.299959
FILLER_51_352,VDD,Metal1,213.4755,216.3685,3.299961
FILLER_51_342,VDD,Metal1,200.9865,216.1765,3.299962
FILLER_51_327,VDD,Metal1,190.1200,215.6000,3.299963
FILLER_51_323,VDD,Metal1,189.1000,216.0325,3.299963
FILLER_51_314,VDD,Metal1,182.8400,215.6000,3.299964
FILLER_51_310,VDD,Metal1,181.8200,216.0325,3.299964
FILLER_51_294,VDD,Metal1,176.4480,216.2920,3.299964
FILLER_51_288,VDD,Metal1,168.2800,215.6000,3.299965
FILLER_51_276,VDD,Metal1,162.7800,216.0325,3.299965
FILLER_51_182,VDD,Metal1,109.2000,215.6000,3.299969
FILLER_51_174,VDD,Metal1,106.9065,216.1765,3.299969
FILLER_51_154,VDD,Metal1,93.2400,215.6000,3.299971
FILLER_51_150,VDD,Metal1,92.2200,216.0325,3.299971
FILLER_51_142,VDD,Metal1,88.9865,216.1765,3.299972
FILLER_51_136,VDD,Metal1,84.3800,216.0325,3.299972
FILLER_51_72,VDD,Metal1,65.6750,216.4140,3.299972
FILLER_51_66,VDD,Metal1,45.1800,216.0325,3.299972
FILLER_51_2,VDD,Metal1,26.4750,216.4140,3.299972
FILLER_50_675,VDD,Metal1,385.2800,215.6000,3.299942
FILLER_50_613,VDD,Metal1,350.2800,215.6000,3.299943
FILLER_50_609,VDD,Metal1,349.2600,215.1675,3.299943
FILLER_50_594,VDD,Metal1,339.6400,215.6000,3.299945
FILLER_50_574,VDD,Metal1,328.7200,215.6000,3.299945
FILLER_50_565,VDD,Metal1,323.4000,215.6000,3.299945
FILLER_50_544,VDD,Metal1,311.6400,215.6000,3.299945
FILLER_50_517,VDD,Metal1,298.9865,215.0230,3.299946
FILLER_50_501,VDD,Metal1,292.3680,214.9080,3.299946
FILLER_50_457,VDD,Metal1,264.1400,215.1675,3.299947
FILLER_50_438,VDD,Metal1,252.2800,215.6000,3.299949
FILLER_50_426,VDD,Metal1,246.7800,215.1675,3.299950
FILLER_50_409,VDD,Metal1,236.0400,215.6000,3.299953
FILLER_50_407,VDD,Metal1,235.2000,215.6000,3.299953
FILLER_50_375,VDD,Metal1,217.2800,215.6000,3.299961
FILLER_50_367,VDD,Metal1,214.9865,215.0230,3.299961
FILLER_50_346,VDD,Metal1,201.0400,215.6000,3.299962
FILLER_50_330,VDD,Metal1,196.6080,214.9080,3.299962
FILLER_50_317,VDD,Metal1,184.5200,215.6000,3.299963
FILLER_50_300,VDD,Metal1,175.0000,215.6000,3.299964
FILLER_50_298,VDD,Metal1,174.1600,215.6000,3.299964
FILLER_50_275,VDD,Metal1,161.0000,215.6000,3.299965
FILLER_50_273,VDD,Metal1,160.1600,215.6000,3.299965
FILLER_50_266,VDD,Metal1,155.9600,215.6000,3.299966
FILLER_50_264,VDD,Metal1,155.1200,215.6000,3.299966
FILLER_50_247,VDD,Metal1,145.3200,215.6000,3.299966
FILLER_50_186,VDD,Metal1,113.6265,215.0230,3.299969
FILLER_50_181,VDD,Metal1,108.3600,215.6000,3.299969
FILLER_50_177,VDD,Metal1,107.3400,215.1675,3.299969
FILLER_50_147,VDD,Metal1,89.6000,215.6000,3.299972
FILLER_50_139,VDD,Metal1,87.3065,215.0230,3.299972
FILLER_50_107,VDD,Metal1,76.2755,214.8310,3.299972
FILLER_50_101,VDD,Metal1,64.7800,215.1675,3.299972
FILLER_50_37,VDD,Metal1,46.0750,214.7855,3.299972
FILLER_50_34,VDD,Metal1,26.0400,215.6000,3.299972
FILLER_50_2,VDD,Metal1,17.4755,214.8310,3.299972
FILLER_49_632,VDD,Metal1,360.9200,207.7600,3.299934
FILLER_49_629,VDD,Metal1,359.2400,207.7600,3.299934
FILLER_49_605,VDD,Metal1,345.8000,207.7600,3.299934
FILLER_49_603,VDD,Metal1,344.9600,207.7600,3.299934
FILLER_49_598,VDD,Metal1,341.8800,207.7600,3.299934
FILLER_49_596,VDD,Metal1,341.0400,207.7600,3.299935
FILLER_49_588,VDD,Metal1,338.7465,208.3365,3.299935
FILLER_49_566,VDD,Metal1,323.9600,207.7600,3.299937
FILLER_49_562,VDD,Metal1,322.9400,208.1925,3.299937
FILLER_49_508,VDD,Metal1,293.9465,208.3365,3.299937
FILLER_49_489,VDD,Metal1,280.8400,207.7600,3.299937
FILLER_49_475,VDD,Metal1,273.0000,207.7600,3.299937
FILLER_49_466,VDD,Metal1,267.9600,207.7600,3.299938
FILLER_49_464,VDD,Metal1,267.1200,207.7600,3.299938
FILLER_49_419,VDD,Metal1,241.6400,207.7600,3.299939
FILLER_49_394,VDD,Metal1,227.6400,207.7600,3.299939
FILLER_49_370,VDD,Metal1,216.6665,208.3365,3.299940
FILLER_49_306,VDD,Metal1,178.3600,207.7600,3.299943
FILLER_49_271,VDD,Metal1,158.7600,207.7600,3.299944
FILLER_49_269,VDD,Metal1,157.9200,207.7600,3.299944
FILLER_49_212,VDD,Metal1,125.7200,207.7600,3.299947
FILLER_49_154,VDD,Metal1,93.5200,207.7600,3.299949
FILLER_49_150,VDD,Metal1,92.2200,208.1925,3.299949
FILLER_49_142,VDD,Metal1,88.9865,208.3365,3.299949
FILLER_49_132,VDD,Metal1,80.9200,207.7600,3.299950
FILLER_49_128,VDD,Metal1,79.9000,208.1925,3.299950
FILLER_49_120,VDD,Metal1,76.6665,208.3365,3.299950
FILLER_49_104,VDD,Metal1,70.0480,208.4520,3.299950
FILLER_49_72,VDD,Metal1,56.6755,208.5285,3.299950
FILLER_49_66,VDD,Metal1,45.1800,208.1925,3.299950
FILLER_49_2,VDD,Metal1,26.4750,208.5740,3.299950
FILLER_48_675,VDD,Metal1,385.2800,207.7600,3.299933
FILLER_48_594,VDD,Metal1,339.6400,207.7600,3.299935
FILLER_48_590,VDD,Metal1,338.6200,207.3275,3.299935
FILLER_48_582,VDD,Metal1,335.3865,207.1830,3.299935
FILLER_48_544,VDD,Metal1,311.6400,207.7600,3.299937
FILLER_48_537,VDD,Metal1,307.7200,207.7600,3.299937
FILLER_48_524,VDD,Metal1,300.4400,207.7600,3.299937
FILLER_48_514,VDD,Metal1,295.1200,207.7600,3.299937
FILLER_48_474,VDD,Metal1,272.4400,207.7600,3.299938
FILLER_48_465,VDD,Metal1,268.6200,207.3275,3.299938
FILLER_48_457,VDD,Metal1,265.3865,207.1830,3.299938
FILLER_48_453,VDD,Metal1,260.9600,207.7600,3.299939
FILLER_48_395,VDD,Metal1,229.4200,207.3275,3.299939
FILLER_48_384,VDD,Metal1,222.0400,207.7600,3.299939
FILLER_48_329,VDD,Metal1,191.2400,207.7600,3.299942
FILLER_48_327,VDD,Metal1,190.4000,207.7600,3.299943
FILLER_48_317,VDD,Metal1,184.8000,207.7600,3.299943
FILLER_48_311,VDD,Metal1,182.3800,207.3275,3.299943
FILLER_48_274,VDD,Metal1,160.4400,207.7600,3.299943
FILLER_48_249,VDD,Metal1,146.4400,207.7600,3.299945
FILLER_48_247,VDD,Metal1,145.6000,207.7600,3.299946
FILLER_48_238,VDD,Metal1,140.2800,207.7600,3.299946
FILLER_48_183,VDD,Metal1,109.4800,207.7600,3.299948
FILLER_48_181,VDD,Metal1,108.6400,207.7600,3.299948
FILLER_48_177,VDD,Metal1,107.3400,207.3275,3.299948
FILLER_48_171,VDD,Metal1,103.9800,207.3275,3.299948
FILLER_48_159,VDD,Metal1,96.0400,207.7600,3.299948
FILLER_48_155,VDD,Metal1,95.0200,207.3275,3.299948
FILLER_48_139,VDD,Metal1,89.6480,207.0680,3.299949
FILLER_48_107,VDD,Metal1,76.2755,206.9910,3.299950
FILLER_48_101,VDD,Metal1,64.7800,207.3275,3.299950
FILLER_48_37,VDD,Metal1,46.0750,206.9455,3.299950
FILLER_48_34,VDD,Metal1,26.0400,207.7600,3.299950
FILLER_48_2,VDD,Metal1,17.4755,206.9910,3.299950
FILLER_47_676,VDD,Metal1,385.5600,199.9200,3.299932
FILLER_47_632,VDD,Metal1,360.9200,199.9200,3.299934
FILLER_47_607,VDD,Metal1,346.9200,199.9200,3.299936
FILLER_47_605,VDD,Metal1,346.0800,199.9200,3.299936
FILLER_47_592,VDD,Metal1,338.5200,199.9200,3.299938
FILLER_47_582,VDD,Metal1,333.2000,199.9200,3.299938
FILLER_47_578,VDD,Metal1,331.9000,200.3525,3.299938
FILLER_47_562,VDD,Metal1,326.5280,200.6120,3.299938
FILLER_47_559,VDD,Metal1,320.0400,199.9200,3.299938
FILLER_47_553,VDD,Metal1,316.6800,199.9200,3.299938
FILLER_47_551,VDD,Metal1,315.8400,199.9200,3.299938
FILLER_47_547,VDD,Metal1,314.5400,200.3525,3.299938
FILLER_47_539,VDD,Metal1,309.1200,199.9200,3.299938
FILLER_47_473,VDD,Metal1,271.8800,199.9200,3.299942
FILLER_47_466,VDD,Metal1,267.9600,199.9200,3.299943
FILLER_47_464,VDD,Metal1,267.1200,199.9200,3.299943
FILLER_47_447,VDD,Metal1,257.3200,199.9200,3.299944
FILLER_47_445,VDD,Metal1,256.4800,199.9200,3.299944
FILLER_47_436,VDD,Metal1,251.1600,199.9200,3.299944
FILLER_47_434,VDD,Metal1,250.3200,199.9200,3.299944
FILLER_47_430,VDD,Metal1,249.0200,200.3525,3.299944
FILLER_47_422,VDD,Metal1,245.7865,200.4965,3.299944
FILLER_47_419,VDD,Metal1,241.6400,199.9200,3.299944
FILLER_47_417,VDD,Metal1,240.8000,199.9200,3.299944
FILLER_47_409,VDD,Metal1,238.5065,200.4965,3.299944
FILLER_47_391,VDD,Metal1,228.4265,200.4965,3.299944
FILLER_47_385,VDD,Metal1,222.6000,199.9200,3.299945
FILLER_47_366,VDD,Metal1,212.2400,199.9200,3.299945
FILLER_47_362,VDD,Metal1,210.9400,200.3525,3.299945
FILLER_47_352,VDD,Metal1,205.3400,200.3525,3.299945
FILLER_47_349,VDD,Metal1,202.4400,199.9200,3.299945
FILLER_47_347,VDD,Metal1,201.6000,199.9200,3.299945
FILLER_47_339,VDD,Metal1,199.3065,200.4965,3.299945
FILLER_47_203,VDD,Metal1,120.6800,199.9200,3.299952
FILLER_47_201,VDD,Metal1,119.8400,199.9200,3.299952
FILLER_47_197,VDD,Metal1,118.5400,200.3525,3.299952
FILLER_47_165,VDD,Metal1,108.7555,200.6885,3.299952
FILLER_47_158,VDD,Metal1,95.7600,199.9200,3.299953
FILLER_47_142,VDD,Metal1,91.3280,200.6120,3.299953
FILLER_47_136,VDD,Metal1,84.3800,200.3525,3.299954
FILLER_47_72,VDD,Metal1,65.6750,200.7340,3.299954
FILLER_47_66,VDD,Metal1,45.1800,200.3525,3.299954
FILLER_47_2,VDD,Metal1,26.4750,200.7340,3.299954
FILLER_46_667,VDD,Metal1,380.8000,199.9200,3.299933
FILLER_46_651,VDD,Metal1,371.5600,199.9200,3.299934
FILLER_46_649,VDD,Metal1,370.7200,199.9200,3.299934
FILLER_46_597,VDD,Metal1,341.6000,199.9200,3.299936
FILLER_46_594,VDD,Metal1,339.6400,199.9200,3.299937
FILLER_46_590,VDD,Metal1,338.6200,199.4875,3.299938
FILLER_46_581,VDD,Metal1,332.3600,199.9200,3.299938
FILLER_46_579,VDD,Metal1,331.5200,199.9200,3.299938
FILLER_46_575,VDD,Metal1,330.2200,199.4875,3.299938
FILLER_46_559,VDD,Metal1,324.8480,199.2280,3.299938
FILLER_46_527,VDD,Metal1,311.4755,199.1510,3.299938
FILLER_46_524,VDD,Metal1,300.4400,199.9200,3.299938
FILLER_46_481,VDD,Metal1,276.3600,199.9200,3.299940
FILLER_46_464,VDD,Metal1,266.8400,199.9200,3.299943
FILLER_46_457,VDD,Metal1,263.2000,199.9200,3.299943
FILLER_46_454,VDD,Metal1,261.2400,199.9200,3.299943
FILLER_46_452,VDD,Metal1,260.4000,199.9200,3.299943
FILLER_46_443,VDD,Metal1,255.0800,199.9200,3.299944
FILLER_46_441,VDD,Metal1,254.2400,199.9200,3.299944
FILLER_46_437,VDD,Metal1,252.9400,199.4875,3.299944
FILLER_46_429,VDD,Metal1,249.7065,199.3430,3.299944
FILLER_46_413,VDD,Metal1,243.0880,199.2280,3.299944
FILLER_46_403,VDD,Metal1,233.9000,199.4875,3.299944
FILLER_46_387,VDD,Metal1,228.5280,199.2280,3.299944
FILLER_46_383,VDD,Metal1,221.7600,199.9200,3.299945
FILLER_46_338,VDD,Metal1,196.2800,199.9200,3.299946
FILLER_46_334,VDD,Metal1,195.2600,199.4875,3.299946
FILLER_46_326,VDD,Metal1,192.0265,199.3430,3.299946
FILLER_46_317,VDD,Metal1,184.5200,199.9200,3.299946
FILLER_46_306,VDD,Metal1,178.3600,199.9200,3.299946
FILLER_46_298,VDD,Metal1,176.3465,199.3430,3.299949
FILLER_46_291,VDD,Metal1,169.9600,199.9200,3.299949
FILLER_46_244,VDD,Metal1,143.6400,199.9200,3.299951
FILLER_46_219,VDD,Metal1,129.6400,199.9200,3.299951
FILLER_46_207,VDD,Metal1,123.2000,199.9200,3.299952
FILLER_46_199,VDD,Metal1,120.9065,199.3430,3.299952
FILLER_46_193,VDD,Metal1,115.0800,199.9200,3.299952
FILLER_46_177,VDD,Metal1,110.9280,199.2280,3.299952
FILLER_46_145,VDD,Metal1,88.2000,199.9200,3.299953
FILLER_46_143,VDD,Metal1,87.3600,199.9200,3.299954
FILLER_46_107,VDD,Metal1,67.2000,199.9200,3.299954
FILLER_46_101,VDD,Metal1,64.7800,199.4875,3.299954
FILLER_46_37,VDD,Metal1,46.0750,199.1055,3.299954
FILLER_46_34,VDD,Metal1,26.0400,199.9200,3.299954
FILLER_46_2,VDD,Metal1,17.4755,199.1510,3.299954
FILLER_45_668,VDD,Metal1,381.0800,192.0800,3.299933
FILLER_45_632,VDD,Metal1,361.2000,192.0800,3.299934
FILLER_45_599,VDD,Metal1,342.4400,192.0800,3.299935
FILLER_45_585,VDD,Metal1,334.6000,192.0800,3.299936
FILLER_45_583,VDD,Metal1,333.7600,192.0800,3.299936
FILLER_45_575,VDD,Metal1,331.4665,192.6565,3.299936
FILLER_45_559,VDD,Metal1,320.0400,192.0800,3.299936
FILLER_45_557,VDD,Metal1,319.2000,192.0800,3.299936
FILLER_45_549,VDD,Metal1,316.9065,192.6565,3.299935
FILLER_45_542,VDD,Metal1,310.5200,192.0800,3.299934
FILLER_45_504,VDD,Metal1,289.5200,192.0800,3.299934
FILLER_45_500,VDD,Metal1,288.2200,192.5125,3.299934
FILLER_45_480,VDD,Metal1,276.0800,192.0800,3.299934
FILLER_45_430,VDD,Metal1,247.8000,192.0800,3.299935
FILLER_45_419,VDD,Metal1,241.6400,192.0800,3.299935
FILLER_45_411,VDD,Metal1,237.4400,192.0800,3.299935
FILLER_45_407,VDD,Metal1,236.1400,192.5125,3.299935
FILLER_45_399,VDD,Metal1,232.9065,192.6565,3.299935
FILLER_45_391,VDD,Metal1,226.2400,192.0800,3.299935
FILLER_45_383,VDD,Metal1,223.9465,192.6565,3.299935
FILLER_45_374,VDD,Metal1,216.7200,192.0800,3.299941
FILLER_45_370,VDD,Metal1,215.4200,192.5125,3.299941
FILLER_45_362,VDD,Metal1,212.1865,192.6565,3.299941
FILLER_45_346,VDD,Metal1,201.9800,192.5125,3.299941
FILLER_45_338,VDD,Metal1,198.7465,192.6565,3.299941
FILLER_45_322,VDD,Metal1,192.1280,192.7720,3.299941
FILLER_45_313,VDD,Metal1,182.2800,192.0800,3.299942
FILLER_45_311,VDD,Metal1,181.4400,192.0800,3.299942
FILLER_45_307,VDD,Metal1,180.1400,192.5125,3.299942
FILLER_45_299,VDD,Metal1,176.9065,192.6565,3.299942
FILLER_45_282,VDD,Metal1,164.9200,192.0800,3.299942
FILLER_45_266,VDD,Metal1,158.4265,192.6565,3.299940
FILLER_45_212,VDD,Metal1,126.0000,192.0800,3.299930
FILLER_45_209,VDD,Metal1,124.0400,192.0800,3.299930
FILLER_45_207,VDD,Metal1,123.2000,192.0800,3.299930
FILLER_45_199,VDD,Metal1,120.9065,192.6565,3.299930
FILLER_45_190,VDD,Metal1,113.4000,192.0800,3.299931
FILLER_45_186,VDD,Metal1,112.3800,192.5125,3.299931
FILLER_45_96,VDD,Metal1,61.0400,192.0800,3.299935
FILLER_45_88,VDD,Metal1,58.7465,192.6565,3.299935
FILLER_45_72,VDD,Metal1,52.1280,192.7720,3.299935
FILLER_45_66,VDD,Metal1,45.1800,192.5125,3.299935
FILLER_45_2,VDD,Metal1,26.4750,192.8940,3.299935
FILLER_44_667,VDD,Metal1,380.8000,192.0800,3.299933
FILLER_44_597,VDD,Metal1,342.5400,191.6475,3.299935
FILLER_44_594,VDD,Metal1,339.6400,192.0800,3.299935
FILLER_44_553,VDD,Metal1,316.6800,192.0800,3.299935
FILLER_44_551,VDD,Metal1,315.8400,192.0800,3.299935
FILLER_44_546,VDD,Metal1,312.7600,192.0800,3.299935
FILLER_44_544,VDD,Metal1,311.9200,192.0800,3.299935
FILLER_44_540,VDD,Metal1,310.6200,191.6475,3.299934
FILLER_44_524,VDD,Metal1,300.4400,192.0800,3.299934
FILLER_44_507,VDD,Metal1,290.9200,192.0800,3.299934
FILLER_44_505,VDD,Metal1,290.0800,192.0800,3.299934
FILLER_44_501,VDD,Metal1,288.7800,191.6475,3.299934
FILLER_44_370,VDD,Metal1,214.4800,192.0800,3.299941
FILLER_44_354,VDD,Metal1,210.0480,191.3880,3.299941
FILLER_44_345,VDD,Metal1,200.2000,192.0800,3.299941
FILLER_44_329,VDD,Metal1,196.0480,191.3880,3.299941
FILLER_44_311,VDD,Metal1,182.3800,191.6475,3.299942
FILLER_44_295,VDD,Metal1,177.0080,191.3880,3.299942
FILLER_44_272,VDD,Metal1,159.3200,192.0800,3.299940
FILLER_44_270,VDD,Metal1,158.4800,192.0800,3.299940
FILLER_44_266,VDD,Metal1,157.1800,191.6475,3.299940
FILLER_44_258,VDD,Metal1,153.9465,191.5030,3.299931
FILLER_44_249,VDD,Metal1,146.4400,192.0800,3.299931
FILLER_44_247,VDD,Metal1,145.6000,192.0800,3.299931
FILLER_44_222,VDD,Metal1,131.3200,192.0800,3.299930
FILLER_44_190,VDD,Metal1,113.4000,192.0800,3.299931
FILLER_44_182,VDD,Metal1,111.3865,191.5030,3.299931
FILLER_44_177,VDD,Metal1,106.1200,192.0800,3.299931
FILLER_44_173,VDD,Metal1,104.1600,192.0800,3.299931
FILLER_44_169,VDD,Metal1,102.8600,191.6475,3.299931
FILLER_44_111,VDD,Metal1,69.4400,192.0800,3.299932
FILLER_44_107,VDD,Metal1,68.1400,191.6475,3.299932
FILLER_44_101,VDD,Metal1,64.7800,191.6475,3.299932
FILLER_44_37,VDD,Metal1,46.0750,191.2655,3.299935
FILLER_44_34,VDD,Metal1,26.0400,192.0800,3.299935
FILLER_44_2,VDD,Metal1,17.4755,191.3110,3.299935
FILLER_43_675,VDD,Metal1,385.2800,184.2400,3.299940
FILLER_43_634,VDD,Metal1,362.0400,184.2400,3.299942
FILLER_43_632,VDD,Metal1,361.2000,184.2400,3.299942
FILLER_43_568,VDD,Metal1,325.3600,184.2400,3.299942
FILLER_43_543,VDD,Metal1,311.0800,184.2400,3.299943
FILLER_43_541,VDD,Metal1,310.2400,184.2400,3.299943
FILLER_43_537,VDD,Metal1,308.9400,184.6725,3.299943
FILLER_43_529,VDD,Metal1,305.7065,184.8165,3.299943
FILLER_43_492,VDD,Metal1,282.5200,184.2400,3.299945
FILLER_43_482,VDD,Metal1,277.2000,184.2400,3.299945
FILLER_43_418,VDD,Metal1,241.3600,184.2400,3.299946
FILLER_43_410,VDD,Metal1,239.0665,184.8165,3.299946
FILLER_43_398,VDD,Metal1,230.1600,184.2400,3.299946
FILLER_43_372,VDD,Metal1,215.6000,184.2400,3.299946
FILLER_43_368,VDD,Metal1,214.3000,184.6725,3.299946
FILLER_43_352,VDD,Metal1,208.9280,184.9320,3.299946
FILLER_43_349,VDD,Metal1,202.4400,184.2400,3.299946
FILLER_43_347,VDD,Metal1,201.6000,184.2400,3.299946
FILLER_43_331,VDD,Metal1,197.1680,184.9320,3.299946
FILLER_43_303,VDD,Metal1,176.6800,184.2400,3.299950
FILLER_43_301,VDD,Metal1,175.8400,184.2400,3.299950
FILLER_43_294,VDD,Metal1,171.6400,184.2400,3.299950
FILLER_43_267,VDD,Metal1,156.5200,184.2400,3.299950
FILLER_43_263,VDD,Metal1,155.5000,184.6725,3.299950
FILLER_43_220,VDD,Metal1,130.4800,184.2400,3.299951
FILLER_43_209,VDD,Metal1,124.0400,184.2400,3.299952
FILLER_43_207,VDD,Metal1,123.2000,184.2400,3.299952
FILLER_43_194,VDD,Metal1,115.6400,184.2400,3.299955
FILLER_43_151,VDD,Metal1,91.8400,184.2400,3.299955
FILLER_43_147,VDD,Metal1,90.5400,184.6725,3.299955
FILLER_43_142,VDD,Metal1,86.5200,184.2400,3.299955
FILLER_43_139,VDD,Metal1,84.8400,184.2400,3.299955
FILLER_43_135,VDD,Metal1,83.8200,184.6725,3.299955
FILLER_43_112,VDD,Metal1,70.9400,184.6725,3.299957
FILLER_43_104,VDD,Metal1,67.7065,184.8165,3.299957
FILLER_43_72,VDD,Metal1,56.6755,185.0085,3.299958
FILLER_43_66,VDD,Metal1,45.1800,184.6725,3.299958
FILLER_43_2,VDD,Metal1,26.4750,185.0540,3.299958
FILLER_42_667,VDD,Metal1,380.8000,184.2400,3.299940
FILLER_42_643,VDD,Metal1,367.3600,184.2400,3.299941
FILLER_42_597,VDD,Metal1,342.5400,183.8075,3.299942
FILLER_42_571,VDD,Metal1,327.0400,184.2400,3.299942
FILLER_42_562,VDD,Metal1,322.9400,183.8075,3.299943
FILLER_42_554,VDD,Metal1,319.7065,183.6630,3.299943
FILLER_42_535,VDD,Metal1,306.6000,184.2400,3.299943
FILLER_42_527,VDD,Metal1,304.5865,183.6630,3.299943
FILLER_42_523,VDD,Metal1,300.1600,184.2400,3.299943
FILLER_42_501,VDD,Metal1,287.5600,184.2400,3.299943
FILLER_42_492,VDD,Metal1,282.5200,184.2400,3.299945
FILLER_42_490,VDD,Metal1,281.6800,184.2400,3.299945
FILLER_42_480,VDD,Metal1,277.0200,183.8075,3.299945
FILLER_42_463,VDD,Metal1,266.2800,184.2400,3.299946
FILLER_42_454,VDD,Metal1,261.2400,184.2400,3.299946
FILLER_42_452,VDD,Metal1,260.4000,184.2400,3.299946
FILLER_42_430,VDD,Metal1,247.8000,184.2400,3.299946
FILLER_42_377,VDD,Metal1,220.5865,183.6630,3.299946
FILLER_42_361,VDD,Metal1,213.9680,183.5480,3.299946
FILLER_42_329,VDD,Metal1,200.5955,183.4710,3.299946
FILLER_42_313,VDD,Metal1,182.5600,184.2400,3.299950
FILLER_42_307,VDD,Metal1,178.9200,184.2400,3.299950
FILLER_42_247,VDD,Metal1,145.3200,184.2400,3.299950
FILLER_42_217,VDD,Metal1,128.5200,184.2400,3.299952
FILLER_42_181,VDD,Metal1,108.3600,184.2400,3.299955
FILLER_42_177,VDD,Metal1,107.3400,183.8075,3.299955
FILLER_42_174,VDD,Metal1,104.4400,184.2400,3.299955
FILLER_42_172,VDD,Metal1,103.6000,184.2400,3.299955
FILLER_42_168,VDD,Metal1,102.3000,183.8075,3.299955
FILLER_42_160,VDD,Metal1,99.0665,183.6630,3.299955
FILLER_42_128,VDD,Metal1,88.0355,183.4710,3.299955
FILLER_42_115,VDD,Metal1,72.6200,183.8075,3.299957
FILLER_42_107,VDD,Metal1,69.3865,183.6630,3.299957
FILLER_42_101,VDD,Metal1,64.7800,183.8075,3.299958
FILLER_42_37,VDD,Metal1,46.0750,183.4255,3.299958
FILLER_42_34,VDD,Metal1,26.0400,184.2400,3.299958
FILLER_42_2,VDD,Metal1,17.4755,183.4710,3.299958
FILLER_41_632,VDD,Metal1,361.2000,176.4000,3.299958
FILLER_41_578,VDD,Metal1,330.9600,176.4000,3.299959
FILLER_41_562,VDD,Metal1,326.5280,177.0920,3.299959
FILLER_41_552,VDD,Metal1,318.5865,176.9765,3.299959
FILLER_41_546,VDD,Metal1,312.7600,176.4000,3.299959
FILLER_41_530,VDD,Metal1,304.0800,176.4000,3.299959
FILLER_41_522,VDD,Metal1,301.7865,176.9765,3.299959
FILLER_41_516,VDD,Metal1,295.9600,176.4000,3.299959
FILLER_41_512,VDD,Metal1,294.9400,176.8325,3.299959
FILLER_41_504,VDD,Metal1,291.7065,176.9765,3.299959
FILLER_41_486,VDD,Metal1,280.3800,176.8325,3.299958
FILLER_41_449,VDD,Metal1,258.4400,176.4000,3.299958
FILLER_41_424,VDD,Metal1,244.4400,176.4000,3.299959
FILLER_41_422,VDD,Metal1,243.6000,176.4000,3.299959
FILLER_41_416,VDD,Metal1,241.1800,176.8325,3.299959
FILLER_41_387,VDD,Metal1,223.7200,176.4000,3.299959
FILLER_41_383,VDD,Metal1,222.7000,176.8325,3.299960
FILLER_41_367,VDD,Metal1,217.3280,177.0920,3.299960
FILLER_41_336,VDD,Metal1,196.3800,176.8325,3.299963
FILLER_41_328,VDD,Metal1,193.1465,176.9765,3.299963
FILLER_41_317,VDD,Metal1,184.5200,176.4000,3.299965
FILLER_41_301,VDD,Metal1,180.3680,177.0920,3.299966
FILLER_41_284,VDD,Metal1,166.0400,176.4000,3.299966
FILLER_41_282,VDD,Metal1,165.2000,176.4000,3.299966
FILLER_41_263,VDD,Metal1,154.2800,176.4000,3.299967
FILLER_41_259,VDD,Metal1,153.2600,176.8325,3.299967
FILLER_41_251,VDD,Metal1,150.0265,176.9765,3.299967
FILLER_41_233,VDD,Metal1,137.4800,176.4000,3.299969
FILLER_41_229,VDD,Metal1,136.4600,176.8325,3.299969
FILLER_41_209,VDD,Metal1,124.0400,176.4000,3.299971
FILLER_41_190,VDD,Metal1,113.4000,176.4000,3.299971
FILLER_41_188,VDD,Metal1,112.5600,176.4000,3.299971
FILLER_41_180,VDD,Metal1,110.2665,176.9765,3.299971
FILLER_41_148,VDD,Metal1,99.2355,177.1685,3.299972
FILLER_41_139,VDD,Metal1,84.8400,176.4000,3.299972
FILLER_41_127,VDD,Metal1,79.3400,176.8325,3.299973
FILLER_41_108,VDD,Metal1,67.4800,176.4000,3.299973
FILLER_41_104,VDD,Metal1,66.4600,176.8325,3.299973
FILLER_41_72,VDD,Metal1,56.6755,177.1685,3.299973
FILLER_41_66,VDD,Metal1,45.1800,176.8325,3.299973
FILLER_41_2,VDD,Metal1,26.4750,177.2140,3.299973
FILLER_40_675,VDD,Metal1,385.2800,176.4000,3.299958
FILLER_40_664,VDD,Metal1,378.8400,176.4000,3.299958
FILLER_40_662,VDD,Metal1,378.0000,176.4000,3.299958
FILLER_40_658,VDD,Metal1,376.7000,175.9675,3.299958
FILLER_40_649,VDD,Metal1,370.4400,176.4000,3.299958
FILLER_40_647,VDD,Metal1,369.6000,176.4000,3.299958
FILLER_40_578,VDD,Metal1,330.6800,176.4000,3.299959
FILLER_40_576,VDD,Metal1,329.8400,176.4000,3.299959
FILLER_40_527,VDD,Metal1,302.1200,176.4000,3.299959
FILLER_40_523,VDD,Metal1,300.1600,176.4000,3.299959
FILLER_40_519,VDD,Metal1,298.8600,175.9675,3.299959
FILLER_40_511,VDD,Metal1,295.6265,175.8230,3.299959
FILLER_40_465,VDD,Metal1,268.6200,175.9675,3.299958
FILLER_40_454,VDD,Metal1,261.2400,176.4000,3.299958
FILLER_40_452,VDD,Metal1,260.4000,176.4000,3.299958
FILLER_40_443,VDD,Metal1,255.0800,176.4000,3.299958
FILLER_40_439,VDD,Metal1,254.0600,175.9675,3.299958
FILLER_40_419,VDD,Metal1,241.9200,176.4000,3.299959
FILLER_40_387,VDD,Metal1,233.0755,175.6310,3.299959
FILLER_40_384,VDD,Metal1,222.0400,176.4000,3.299960
FILLER_40_376,VDD,Metal1,220.0265,175.8230,3.299960
FILLER_40_360,VDD,Metal1,209.8200,175.9675,3.299961
FILLER_40_330,VDD,Metal1,194.2665,175.8230,3.299963
FILLER_40_325,VDD,Metal1,189.0000,176.4000,3.299964
FILLER_40_317,VDD,Metal1,186.9865,175.8230,3.299964
FILLER_40_314,VDD,Metal1,182.8400,176.4000,3.299966
FILLER_40_298,VDD,Metal1,178.6880,175.7080,3.299966
FILLER_40_280,VDD,Metal1,164.0800,176.4000,3.299966
FILLER_40_271,VDD,Metal1,158.7600,176.4000,3.299966
FILLER_40_263,VDD,Metal1,156.7465,175.8230,3.299966
FILLER_40_247,VDD,Metal1,150.1280,175.7080,3.299967
FILLER_40_243,VDD,Metal1,143.3600,176.4000,3.299967
FILLER_40_222,VDD,Metal1,136.1280,175.7080,3.299969
FILLER_40_217,VDD,Metal1,128.5200,176.4000,3.299970
FILLER_40_215,VDD,Metal1,127.6800,176.4000,3.299970
FILLER_40_207,VDD,Metal1,125.3865,175.8230,3.299970
FILLER_40_196,VDD,Metal1,116.7600,176.4000,3.299971
FILLER_40_194,VDD,Metal1,115.9200,176.4000,3.299971
FILLER_40_190,VDD,Metal1,114.6200,175.9675,3.299971
FILLER_40_177,VDD,Metal1,106.1200,176.4000,3.299972
FILLER_40_174,VDD,Metal1,104.4400,176.4000,3.299972
FILLER_40_172,VDD,Metal1,103.6000,176.4000,3.299972
FILLER_40_168,VDD,Metal1,102.3000,175.9675,3.299972
FILLER_40_162,VDD,Metal1,97.7200,176.4000,3.299972
FILLER_40_158,VDD,Metal1,96.7000,175.9675,3.299972
FILLER_40_150,VDD,Metal1,93.4665,175.8230,3.299972
FILLER_40_125,VDD,Metal1,77.0000,176.4000,3.299973
FILLER_40_107,VDD,Metal1,67.2000,176.4000,3.299973
FILLER_40_101,VDD,Metal1,64.7800,175.9675,3.299973
FILLER_40_37,VDD,Metal1,46.0750,175.5855,3.299973
FILLER_40_34,VDD,Metal1,26.0400,176.4000,3.299973
FILLER_40_2,VDD,Metal1,17.4755,175.6310,3.299973
FILLER_39_629,VDD,Metal1,359.2400,168.5600,3.299938
FILLER_39_605,VDD,Metal1,345.8000,168.5600,3.299938
FILLER_39_587,VDD,Metal1,336.0000,168.5600,3.299940
FILLER_39_562,VDD,Metal1,321.7200,168.5600,3.299940
FILLER_39_559,VDD,Metal1,320.0400,168.5600,3.299940
FILLER_39_557,VDD,Metal1,319.2000,168.5600,3.299940
FILLER_39_553,VDD,Metal1,317.9000,168.9925,3.299940
FILLER_39_545,VDD,Metal1,314.6665,169.1365,3.299940
FILLER_39_508,VDD,Metal1,291.4800,168.5600,3.299940
FILLER_39_506,VDD,Metal1,290.6400,168.5600,3.299940
FILLER_39_502,VDD,Metal1,289.3400,168.9925,3.299940
FILLER_39_483,VDD,Metal1,277.4800,168.5600,3.299941
FILLER_39_446,VDD,Metal1,256.7600,168.5600,3.299942
FILLER_39_438,VDD,Metal1,254.7465,169.1365,3.299942
FILLER_39_422,VDD,Metal1,248.1280,169.2520,3.299943
FILLER_39_412,VDD,Metal1,240.1865,169.1365,3.299943
FILLER_39_398,VDD,Metal1,231.1000,168.9925,3.299943
FILLER_39_390,VDD,Metal1,227.8665,169.1365,3.299943
FILLER_39_374,VDD,Metal1,221.2480,169.2520,3.299943
FILLER_39_349,VDD,Metal1,202.4400,168.5600,3.299947
FILLER_39_330,VDD,Metal1,191.8000,168.5600,3.299950
FILLER_39_328,VDD,Metal1,190.9600,168.5600,3.299950
FILLER_39_324,VDD,Metal1,189.6600,168.9925,3.299956
FILLER_39_312,VDD,Metal1,182.0000,168.5600,3.299957
FILLER_39_308,VDD,Metal1,180.7000,168.9925,3.299957
FILLER_39_292,VDD,Metal1,175.3280,169.2520,3.299957
FILLER_39_282,VDD,Metal1,165.2000,168.5600,3.299957
FILLER_39_274,VDD,Metal1,160.4400,168.5600,3.299957
FILLER_39_272,VDD,Metal1,159.6000,168.5600,3.299957
FILLER_39_268,VDD,Metal1,158.3000,168.9925,3.299957
FILLER_39_260,VDD,Metal1,155.0665,169.1365,3.299957
FILLER_39_212,VDD,Metal1,135.0755,169.3285,3.299958
FILLER_39_208,VDD,Metal1,123.7600,168.5600,3.299958
FILLER_39_192,VDD,Metal1,119.3280,169.2520,3.299958
FILLER_39_154,VDD,Metal1,93.5200,168.5600,3.299959
FILLER_39_150,VDD,Metal1,92.2200,168.9925,3.299959
FILLER_39_139,VDD,Metal1,84.8400,168.5600,3.299962
FILLER_39_122,VDD,Metal1,75.3200,168.5600,3.299962
FILLER_39_120,VDD,Metal1,74.4800,168.5600,3.299962
FILLER_39_84,VDD,Metal1,54.3200,168.5600,3.299962
FILLER_39_80,VDD,Metal1,53.0200,168.9925,3.299962
FILLER_39_72,VDD,Metal1,49.7865,169.1365,3.299962
FILLER_39_66,VDD,Metal1,45.1800,168.9925,3.299962
FILLER_39_2,VDD,Metal1,26.4750,169.3740,3.299962
FILLER_38_667,VDD,Metal1,380.8000,168.5600,3.299938
FILLER_38_661,VDD,Metal1,378.3800,168.1275,3.299938
FILLER_38_593,VDD,Metal1,339.3600,168.5600,3.299939
FILLER_38_551,VDD,Metal1,315.5600,168.5600,3.299940
FILLER_38_549,VDD,Metal1,314.7200,168.5600,3.299940
FILLER_38_541,VDD,Metal1,312.4265,167.9830,3.299940
FILLER_38_524,VDD,Metal1,300.4400,168.5600,3.299940
FILLER_38_522,VDD,Metal1,299.6000,168.5600,3.299940
FILLER_38_518,VDD,Metal1,298.3000,168.1275,3.299940
FILLER_38_476,VDD,Metal1,273.5600,168.5600,3.299941
FILLER_38_465,VDD,Metal1,267.4000,168.5600,3.299941
FILLER_38_448,VDD,Metal1,258.1600,168.5600,3.299942
FILLER_38_440,VDD,Metal1,255.8665,167.9830,3.299942
FILLER_38_431,VDD,Metal1,248.3600,168.5600,3.299943
FILLER_38_427,VDD,Metal1,247.3400,168.1275,3.299943
FILLER_38_395,VDD,Metal1,229.4200,168.1275,3.299943
FILLER_38_387,VDD,Metal1,226.1865,167.9830,3.299943
FILLER_38_373,VDD,Metal1,217.1000,168.1275,3.299944
FILLER_38_365,VDD,Metal1,213.8665,167.9830,3.299944
FILLER_38_331,VDD,Metal1,193.5800,168.1275,3.299949
FILLER_38_313,VDD,Metal1,182.5600,168.5600,3.299957
FILLER_38_267,VDD,Metal1,165.8755,167.7910,3.299957
FILLER_38_243,VDD,Metal1,143.3600,168.5600,3.299958
FILLER_38_227,VDD,Metal1,138.9280,167.8680,3.299958
FILLER_38_213,VDD,Metal1,126.5600,168.5600,3.299958
FILLER_38_209,VDD,Metal1,125.2600,168.1275,3.299958
FILLER_38_201,VDD,Metal1,119.8400,168.5600,3.299958
FILLER_38_197,VDD,Metal1,118.5400,168.1275,3.299958
FILLER_38_189,VDD,Metal1,115.3065,167.9830,3.299958
FILLER_38_181,VDD,Metal1,108.6400,168.5600,3.299958
FILLER_38_171,VDD,Metal1,103.9800,168.1275,3.299958
FILLER_38_152,VDD,Metal1,92.4000,168.5600,3.299959
FILLER_38_148,VDD,Metal1,91.1000,168.1275,3.299959
FILLER_38_101,VDD,Metal1,64.7800,168.1275,3.299962
FILLER_38_37,VDD,Metal1,46.0750,167.7455,3.299962
FILLER_38_34,VDD,Metal1,26.0400,168.5600,3.299962
FILLER_38_2,VDD,Metal1,17.4755,167.7910,3.299962
FILLER_37_632,VDD,Metal1,360.9200,160.7200,3.299957
FILLER_37_570,VDD,Metal1,326.2000,160.7200,3.299959
FILLER_37_542,VDD,Metal1,310.8000,160.7200,3.299959
FILLER_37_525,VDD,Metal1,301.0000,160.7200,3.299959
FILLER_37_523,VDD,Metal1,300.1600,160.7200,3.299959
FILLER_37_514,VDD,Metal1,294.8400,160.7200,3.299959
FILLER_37_512,VDD,Metal1,294.0000,160.7200,3.299959
FILLER_37_508,VDD,Metal1,292.7000,161.1525,3.299959
FILLER_37_500,VDD,Metal1,289.4665,161.2965,3.299959
FILLER_37_476,VDD,Metal1,273.5600,160.7200,3.299961
FILLER_37_474,VDD,Metal1,272.7200,160.7200,3.299961
FILLER_37_458,VDD,Metal1,268.2880,161.4120,3.299961
FILLER_37_418,VDD,Metal1,241.3600,160.7200,3.299961
FILLER_37_389,VDD,Metal1,224.8400,160.7200,3.299965
FILLER_37_387,VDD,Metal1,224.0000,160.7200,3.299965
FILLER_37_352,VDD,Metal1,205.3400,161.1525,3.299966
FILLER_37_342,VDD,Metal1,198.5200,160.7200,3.299966
FILLER_37_334,VDD,Metal1,196.5065,161.2965,3.299966
FILLER_37_292,VDD,Metal1,170.5200,160.7200,3.299969
FILLER_37_290,VDD,Metal1,169.6800,160.7200,3.299969
FILLER_37_286,VDD,Metal1,168.3800,161.1525,3.299969
FILLER_37_279,VDD,Metal1,163.2400,160.7200,3.299969
FILLER_37_277,VDD,Metal1,162.4000,160.7200,3.299969
FILLER_37_269,VDD,Metal1,160.1065,161.2965,3.299969
FILLER_37_229,VDD,Metal1,137.7065,161.2965,3.299972
FILLER_37_212,VDD,Metal1,126.9400,161.1525,3.299972
FILLER_37_208,VDD,Metal1,123.7600,160.7200,3.299972
FILLER_37_203,VDD,Metal1,120.6800,160.7200,3.299972
FILLER_37_201,VDD,Metal1,119.8400,160.7200,3.299972
FILLER_37_192,VDD,Metal1,114.5200,160.7200,3.299973
FILLER_37_190,VDD,Metal1,113.6800,160.7200,3.299973
FILLER_37_186,VDD,Metal1,112.3800,161.1525,3.299973
FILLER_37_178,VDD,Metal1,109.1465,161.2965,3.299973
FILLER_37_146,VDD,Metal1,88.7600,160.7200,3.299975
FILLER_37_142,VDD,Metal1,87.7400,161.1525,3.299975
FILLER_37_138,VDD,Metal1,84.5600,160.7200,3.299975
FILLER_37_134,VDD,Metal1,83.2600,161.1525,3.299975
FILLER_37_104,VDD,Metal1,67.7065,161.2965,3.299976
FILLER_37_72,VDD,Metal1,56.6755,161.4885,3.299976
FILLER_37_66,VDD,Metal1,45.1800,161.1525,3.299976
FILLER_37_2,VDD,Metal1,26.4750,161.5340,3.299976
FILLER_36_667,VDD,Metal1,380.8000,160.7200,3.299957
FILLER_36_624,VDD,Metal1,356.4400,160.7200,3.299957
FILLER_36_611,VDD,Metal1,349.1600,160.7200,3.299958
FILLER_36_588,VDD,Metal1,336.5600,160.7200,3.299959
FILLER_36_579,VDD,Metal1,331.2400,160.7200,3.299959
FILLER_36_493,VDD,Metal1,292.4355,159.9510,3.299959
FILLER_36_485,VDD,Metal1,278.6000,160.7200,3.299959
FILLER_36_481,VDD,Metal1,277.5800,160.2875,3.299961
FILLER_36_473,VDD,Metal1,274.3465,160.1430,3.299961
FILLER_36_457,VDD,Metal1,267.7280,160.0280,3.299961
FILLER_36_454,VDD,Metal1,261.2400,160.7200,3.299961
FILLER_36_450,VDD,Metal1,260.2200,160.2875,3.299961
FILLER_36_397,VDD,Metal1,229.6000,160.7200,3.299963
FILLER_36_393,VDD,Metal1,228.3000,160.2875,3.299965
FILLER_36_387,VDD,Metal1,224.0000,160.7200,3.299965
FILLER_36_384,VDD,Metal1,222.0400,160.7200,3.299965
FILLER_36_382,VDD,Metal1,221.2000,160.7200,3.299965
FILLER_36_378,VDD,Metal1,219.9000,160.2875,3.299965
FILLER_36_364,VDD,Metal1,212.0600,160.2875,3.299965
FILLER_36_357,VDD,Metal1,207.2000,160.7200,3.299966
FILLER_36_353,VDD,Metal1,205.9000,160.2875,3.299966
FILLER_36_337,VDD,Metal1,200.5280,160.0280,3.299966
FILLER_36_329,VDD,Metal1,191.5200,160.7200,3.299966
FILLER_36_313,VDD,Metal1,182.5600,160.7200,3.299969
FILLER_36_309,VDD,Metal1,181.2600,160.2875,3.299969
FILLER_36_302,VDD,Metal1,176.1200,160.7200,3.299969
FILLER_36_300,VDD,Metal1,175.2800,160.7200,3.299969
FILLER_36_264,VDD,Metal1,155.1200,160.7200,3.299970
FILLER_36_247,VDD,Metal1,145.3200,160.7200,3.299970
FILLER_36_199,VDD,Metal1,118.4400,160.7200,3.299972
FILLER_36_197,VDD,Metal1,117.6000,160.7200,3.299973
FILLER_36_193,VDD,Metal1,116.3000,160.2875,3.299973
FILLER_36_177,VDD,Metal1,110.9280,160.0280,3.299973
FILLER_36_174,VDD,Metal1,104.4400,160.7200,3.299973
FILLER_36_172,VDD,Metal1,103.6000,160.7200,3.299973
FILLER_36_168,VDD,Metal1,102.3000,160.2875,3.299973
FILLER_36_151,VDD,Metal1,91.8400,160.7200,3.299975
FILLER_36_147,VDD,Metal1,90.5400,160.2875,3.299975
FILLER_36_139,VDD,Metal1,87.3065,160.1430,3.299975
FILLER_36_107,VDD,Metal1,69.3865,160.1430,3.299976
FILLER_36_103,VDD,Metal1,64.9600,160.7200,3.299976
FILLER_36_97,VDD,Metal1,61.6000,160.7200,3.299976
FILLER_36_93,VDD,Metal1,60.3000,160.2875,3.299976
FILLER_36_85,VDD,Metal1,57.0665,160.1430,3.299976
FILLER_36_69,VDD,Metal1,50.4480,160.0280,3.299976
FILLER_36_37,VDD,Metal1,37.0755,159.9510,3.299976
FILLER_36_34,VDD,Metal1,26.0400,160.7200,3.299976
FILLER_36_2,VDD,Metal1,17.4755,159.9510,3.299976
FILLER_35_632,VDD,Metal1,360.9200,152.8800,3.299938
FILLER_35_592,VDD,Metal1,338.8000,152.8800,3.299939
FILLER_35_588,VDD,Metal1,337.5000,153.3125,3.299939
FILLER_35_578,VDD,Metal1,330.9600,152.8800,3.299939
FILLER_35_562,VDD,Metal1,322.9400,153.3125,3.299939
FILLER_35_548,VDD,Metal1,315.1000,153.3125,3.299938
FILLER_35_540,VDD,Metal1,311.8665,153.4565,3.299927
FILLER_35_524,VDD,Metal1,300.4400,152.8800,3.299923
FILLER_35_516,VDD,Metal1,298.4265,153.4565,3.299923
FILLER_35_500,VDD,Metal1,291.8080,153.5720,3.299923
FILLER_35_481,VDD,Metal1,276.3600,152.8800,3.299921
FILLER_35_479,VDD,Metal1,275.5200,152.8800,3.299921
FILLER_35_475,VDD,Metal1,274.2200,153.3125,3.299921
FILLER_35_467,VDD,Metal1,270.9865,153.4565,3.299921
FILLER_35_451,VDD,Metal1,264.3680,153.5720,3.299921
FILLER_35_438,VDD,Metal1,252.2800,152.8800,3.299920
FILLER_35_419,VDD,Metal1,241.6400,152.8800,3.299919
FILLER_35_417,VDD,Metal1,240.8000,152.8800,3.299919
FILLER_35_366,VDD,Metal1,211.9600,152.8800,3.299920
FILLER_35_364,VDD,Metal1,211.1200,152.8800,3.299921
FILLER_35_360,VDD,Metal1,209.8200,153.3125,3.299921
FILLER_35_352,VDD,Metal1,206.5865,153.4565,3.299921
FILLER_35_349,VDD,Metal1,202.4400,152.8800,3.299921
FILLER_35_341,VDD,Metal1,200.4265,153.4565,3.299921
FILLER_35_325,VDD,Metal1,193.8080,153.5720,3.299921
FILLER_35_318,VDD,Metal1,185.0800,152.8800,3.299923
FILLER_35_302,VDD,Metal1,180.9280,153.5720,3.299923
FILLER_35_290,VDD,Metal1,169.4000,152.8800,3.299927
FILLER_35_278,VDD,Metal1,162.9600,152.8800,3.299927
FILLER_35_270,VDD,Metal1,160.6665,153.4565,3.299927
FILLER_35_259,VDD,Metal1,152.0400,152.8800,3.299928
FILLER_35_233,VDD,Metal1,137.7600,152.8800,3.299929
FILLER_35_229,VDD,Metal1,136.4600,153.3125,3.299929
FILLER_35_194,VDD,Metal1,115.6400,152.8800,3.299932
FILLER_35_192,VDD,Metal1,114.8000,152.8800,3.299932
FILLER_35_164,VDD,Metal1,103.6480,153.5720,3.299933
FILLER_35_158,VDD,Metal1,95.4800,152.8800,3.299933
FILLER_35_142,VDD,Metal1,91.3280,153.5720,3.299933
FILLER_35_139,VDD,Metal1,84.8400,152.8800,3.299934
FILLER_35_137,VDD,Metal1,84.0000,152.8800,3.299934
FILLER_35_133,VDD,Metal1,82.7000,153.3125,3.299934
FILLER_35_128,VDD,Metal1,78.6800,152.8800,3.299957
FILLER_35_121,VDD,Metal1,74.7600,152.8800,3.299958
FILLER_35_86,VDD,Metal1,55.1600,152.8800,3.299958
FILLER_35_84,VDD,Metal1,54.3200,152.8800,3.299958
FILLER_35_80,VDD,Metal1,53.0200,153.3125,3.299958
FILLER_35_72,VDD,Metal1,49.7865,153.4565,3.299958
FILLER_35_66,VDD,Metal1,45.1800,153.3125,3.299958
FILLER_35_2,VDD,Metal1,26.4750,153.6940,3.299958
FILLER_34_667,VDD,Metal1,380.8000,152.8800,3.299938
FILLER_34_597,VDD,Metal1,341.6000,152.8800,3.299939
FILLER_34_594,VDD,Metal1,339.6400,152.8800,3.299939
FILLER_34_586,VDD,Metal1,337.6265,152.3030,3.299939
FILLER_34_552,VDD,Metal1,316.1200,152.8800,3.299938
FILLER_34_550,VDD,Metal1,315.2800,152.8800,3.299938
FILLER_34_541,VDD,Metal1,309.9600,152.8800,3.299925
FILLER_34_539,VDD,Metal1,309.1200,152.8800,3.299925
FILLER_34_535,VDD,Metal1,307.8200,152.4475,3.299925
FILLER_34_515,VDD,Metal1,296.6200,152.4475,3.299923
FILLER_34_507,VDD,Metal1,293.3865,152.3030,3.299923
FILLER_34_465,VDD,Metal1,272.2080,152.1880,3.299921
FILLER_34_457,VDD,Metal1,264.1400,152.4475,3.299921
FILLER_34_441,VDD,Metal1,253.9600,152.8800,3.299920
FILLER_34_437,VDD,Metal1,252.9400,152.4475,3.299920
FILLER_34_401,VDD,Metal1,231.5600,152.8800,3.299919
FILLER_34_399,VDD,Metal1,230.7200,152.8800,3.299919
FILLER_34_395,VDD,Metal1,229.4200,152.4475,3.299919
FILLER_34_387,VDD,Metal1,226.1865,152.3030,3.299919
FILLER_34_384,VDD,Metal1,222.0400,152.8800,3.299919
FILLER_34_376,VDD,Metal1,220.0265,152.3030,3.299919
FILLER_34_370,VDD,Metal1,214.2000,152.8800,3.299920
FILLER_34_362,VDD,Metal1,212.1865,152.3030,3.299920
FILLER_34_346,VDD,Metal1,205.5680,152.1880,3.299921
FILLER_34_339,VDD,Metal1,196.8400,152.8800,3.299921
FILLER_34_337,VDD,Metal1,196.0000,152.8800,3.299921
FILLER_34_333,VDD,Metal1,194.7000,152.4475,3.299921
FILLER_34_317,VDD,Metal1,189.3280,152.1880,3.299921
FILLER_34_313,VDD,Metal1,182.5600,152.8800,3.299923
FILLER_34_309,VDD,Metal1,181.2600,152.4475,3.299923
FILLER_34_300,VDD,Metal1,175.0000,152.8800,3.299923
FILLER_34_296,VDD,Metal1,173.9800,152.4475,3.299923
FILLER_34_264,VDD,Metal1,164.1955,152.1110,3.299927
FILLER_34_244,VDD,Metal1,143.6400,152.8800,3.299929
FILLER_34_242,VDD,Metal1,142.8000,152.8800,3.299929
FILLER_34_238,VDD,Metal1,141.5000,152.4475,3.299929
FILLER_34_222,VDD,Metal1,136.1280,152.1880,3.299929
FILLER_34_216,VDD,Metal1,127.9600,152.8800,3.299930
FILLER_34_202,VDD,Metal1,120.4000,152.8800,3.299931
FILLER_34_193,VDD,Metal1,115.3600,152.8800,3.299932
FILLER_34_177,VDD,Metal1,108.5865,152.3030,3.299933
FILLER_34_174,VDD,Metal1,104.4400,152.8800,3.299933
FILLER_34_172,VDD,Metal1,103.6000,152.8800,3.299933
FILLER_34_140,VDD,Metal1,94.7555,152.1110,3.299933
FILLER_34_107,VDD,Metal1,69.3865,152.3030,3.299958
FILLER_34_101,VDD,Metal1,64.7800,152.4475,3.299958
FILLER_34_37,VDD,Metal1,46.0750,152.0655,3.299958
FILLER_34_34,VDD,Metal1,26.0400,152.8800,3.299958
FILLER_34_2,VDD,Metal1,17.4755,152.1110,3.299958
FILLER_33_632,VDD,Metal1,360.9200,145.0400,3.299959
FILLER_33_621,VDD,Metal1,354.7600,145.0400,3.299959
FILLER_33_619,VDD,Metal1,353.9200,145.0400,3.299960
FILLER_33_602,VDD,Metal1,344.1200,145.0400,3.299960
FILLER_33_562,VDD,Metal1,322.9400,145.4725,3.299960
FILLER_33_547,VDD,Metal1,313.6000,145.0400,3.299960
FILLER_33_537,VDD,Metal1,308.9400,145.4725,3.299960
FILLER_33_529,VDD,Metal1,305.7065,145.6165,3.299960
FILLER_33_510,VDD,Metal1,292.6000,145.0400,3.299960
FILLER_33_502,VDD,Metal1,290.5865,145.6165,3.299960
FILLER_33_489,VDD,Metal1,280.8400,145.0400,3.299960
FILLER_33_480,VDD,Metal1,275.8000,145.0400,3.299960
FILLER_33_478,VDD,Metal1,274.9600,145.0400,3.299960
FILLER_33_474,VDD,Metal1,273.6600,145.4725,3.299960
FILLER_33_440,VDD,Metal1,253.6800,145.0400,3.299961
FILLER_33_422,VDD,Metal1,243.3200,145.0400,3.299962
FILLER_33_418,VDD,Metal1,241.3600,145.0400,3.299962
FILLER_33_410,VDD,Metal1,239.0665,145.6165,3.299962
FILLER_33_400,VDD,Metal1,231.2800,145.0400,3.299962
FILLER_33_375,VDD,Metal1,217.2800,145.0400,3.299963
FILLER_33_357,VDD,Metal1,207.2000,145.0400,3.299964
FILLER_33_346,VDD,Metal1,201.9800,145.4725,3.299965
FILLER_33_333,VDD,Metal1,193.4800,145.0400,3.299966
FILLER_33_331,VDD,Metal1,192.6400,145.0400,3.299966
FILLER_33_327,VDD,Metal1,191.3400,145.4725,3.299966
FILLER_33_319,VDD,Metal1,188.1065,145.6165,3.299966
FILLER_33_290,VDD,Metal1,169.6800,145.0400,3.299968
FILLER_33_282,VDD,Metal1,167.3865,145.6165,3.299968
FILLER_33_279,VDD,Metal1,163.2400,145.0400,3.299969
FILLER_33_275,VDD,Metal1,162.2200,145.4725,3.299969
FILLER_33_259,VDD,Metal1,156.8480,145.7320,3.299969
FILLER_33_245,VDD,Metal1,144.2000,145.0400,3.299970
FILLER_33_241,VDD,Metal1,143.1800,145.4725,3.299972
FILLER_33_233,VDD,Metal1,139.9465,145.6165,3.299974
FILLER_33_217,VDD,Metal1,133.3280,145.7320,3.299974
FILLER_33_204,VDD,Metal1,121.2400,145.0400,3.299974
FILLER_33_202,VDD,Metal1,120.4000,145.0400,3.299974
FILLER_33_198,VDD,Metal1,119.1000,145.4725,3.299974
FILLER_33_166,VDD,Metal1,109.3155,145.8085,3.299974
FILLER_33_160,VDD,Metal1,96.6000,145.0400,3.299974
FILLER_33_158,VDD,Metal1,95.7600,145.0400,3.299974
FILLER_33_154,VDD,Metal1,94.4600,145.4725,3.299974
FILLER_33_146,VDD,Metal1,91.2265,145.6165,3.299974
FILLER_33_139,VDD,Metal1,84.8400,145.0400,3.299974
FILLER_33_137,VDD,Metal1,84.0000,145.0400,3.299974
FILLER_33_112,VDD,Metal1,69.7200,145.0400,3.299974
FILLER_33_104,VDD,Metal1,67.7065,145.6165,3.299974
FILLER_33_72,VDD,Metal1,56.6755,145.8085,3.299975
FILLER_33_66,VDD,Metal1,45.1800,145.4725,3.299975
FILLER_33_2,VDD,Metal1,26.4750,145.8540,3.299975
FILLER_32_667,VDD,Metal1,380.8000,145.0400,3.299958
FILLER_32_653,VDD,Metal1,373.9000,144.6075,3.299958
FILLER_32_636,VDD,Metal1,363.1600,145.0400,3.299959
FILLER_32_605,VDD,Metal1,346.0800,145.0400,3.299960
FILLER_32_558,VDD,Metal1,319.4800,145.0400,3.299960
FILLER_32_527,VDD,Metal1,304.5865,144.4630,3.299960
FILLER_32_523,VDD,Metal1,300.1600,145.0400,3.299960
FILLER_32_519,VDD,Metal1,298.8600,144.6075,3.299960
FILLER_32_503,VDD,Metal1,293.4880,144.3480,3.299960
FILLER_32_485,VDD,Metal1,281.0665,144.4630,3.299960
FILLER_32_469,VDD,Metal1,274.4480,144.3480,3.299960
FILLER_32_444,VDD,Metal1,255.9200,145.0400,3.299960
FILLER_32_431,VDD,Metal1,249.5800,144.6075,3.299961
FILLER_32_395,VDD,Metal1,228.2000,145.0400,3.299962
FILLER_32_391,VDD,Metal1,227.1800,144.6075,3.299962
FILLER_32_384,VDD,Metal1,222.0400,145.0400,3.299962
FILLER_32_376,VDD,Metal1,220.0265,144.4630,3.299962
FILLER_32_336,VDD,Metal1,195.1600,145.0400,3.299966
FILLER_32_317,VDD,Metal1,184.5200,145.0400,3.299966
FILLER_32_314,VDD,Metal1,182.8400,145.0400,3.299966
FILLER_32_312,VDD,Metal1,182.0000,145.0400,3.299967
FILLER_32_283,VDD,Metal1,165.4800,145.0400,3.299969
FILLER_32_281,VDD,Metal1,164.6400,145.0400,3.299969
FILLER_32_265,VDD,Metal1,160.2080,144.3480,3.299969
FILLER_32_239,VDD,Metal1,140.8400,145.0400,3.299974
FILLER_32_237,VDD,Metal1,140.0000,145.0400,3.299974
FILLER_32_233,VDD,Metal1,138.7000,144.6075,3.299974
FILLER_32_225,VDD,Metal1,135.4665,144.4630,3.299974
FILLER_32_195,VDD,Metal1,116.2000,145.0400,3.299974
FILLER_32_193,VDD,Metal1,115.3600,145.0400,3.299974
FILLER_32_177,VDD,Metal1,110.9280,144.3480,3.299974
FILLER_32_153,VDD,Metal1,92.9600,145.0400,3.299974
FILLER_32_149,VDD,Metal1,91.6600,144.6075,3.299974
FILLER_32_141,VDD,Metal1,88.4265,144.4630,3.299974
FILLER_32_101,VDD,Metal1,64.7800,144.6075,3.299975
FILLER_32_37,VDD,Metal1,46.0750,144.2255,3.299975
FILLER_32_34,VDD,Metal1,26.0400,145.0400,3.299975
FILLER_32_2,VDD,Metal1,17.4755,144.2710,3.299975
FILLER_31_628,VDD,Metal1,358.9600,137.2000,3.299956
FILLER_31_608,VDD,Metal1,347.7600,137.2000,3.299957
FILLER_31_575,VDD,Metal1,329.2800,137.2000,3.299959
FILLER_31_556,VDD,Metal1,319.5800,137.6325,3.299959
FILLER_31_546,VDD,Metal1,312.7600,137.2000,3.299959
FILLER_31_511,VDD,Metal1,293.1600,137.2000,3.299959
FILLER_31_509,VDD,Metal1,292.3200,137.2000,3.299959
FILLER_31_505,VDD,Metal1,291.0200,137.6325,3.299959
FILLER_31_494,VDD,Metal1,283.6400,137.2000,3.299959
FILLER_31_492,VDD,Metal1,282.8000,137.2000,3.299959
FILLER_31_486,VDD,Metal1,280.3800,137.6325,3.299959
FILLER_31_470,VDD,Metal1,275.0080,137.8920,3.299958
FILLER_31_458,VDD,Metal1,263.7600,137.2000,3.299958
FILLER_31_454,VDD,Metal1,262.4600,137.6325,3.299958
FILLER_31_447,VDD,Metal1,257.6000,137.2000,3.299959
FILLER_31_443,VDD,Metal1,256.3000,137.6325,3.299959
FILLER_31_436,VDD,Metal1,251.1600,137.2000,3.299959
FILLER_31_434,VDD,Metal1,250.3200,137.2000,3.299959
FILLER_31_430,VDD,Metal1,249.0200,137.6325,3.299959
FILLER_31_418,VDD,Metal1,241.3600,137.2000,3.299959
FILLER_31_352,VDD,Metal1,205.3400,137.6325,3.299961
FILLER_31_349,VDD,Metal1,202.4400,137.2000,3.299961
FILLER_31_345,VDD,Metal1,201.4200,137.6325,3.299961
FILLER_31_288,VDD,Metal1,168.2800,137.2000,3.299966
FILLER_31_286,VDD,Metal1,167.4400,137.2000,3.299966
FILLER_31_282,VDD,Metal1,166.1400,137.6325,3.299966
FILLER_31_272,VDD,Metal1,161.7865,137.7765,3.299966
FILLER_31_231,VDD,Metal1,136.6400,137.2000,3.299970
FILLER_31_227,VDD,Metal1,135.3400,137.6325,3.299970
FILLER_31_191,VDD,Metal1,114.2400,137.2000,3.299971
FILLER_31_183,VDD,Metal1,111.9465,137.7765,3.299971
FILLER_31_148,VDD,Metal1,89.8800,137.2000,3.299974
FILLER_31_146,VDD,Metal1,89.0400,137.2000,3.299974
FILLER_31_142,VDD,Metal1,87.7400,137.6325,3.299974
FILLER_31_139,VDD,Metal1,84.8400,137.2000,3.299974
FILLER_31_135,VDD,Metal1,83.8200,137.6325,3.299974
FILLER_31_127,VDD,Metal1,80.5865,137.7765,3.299974
FILLER_31_120,VDD,Metal1,74.4800,137.2000,3.299974
FILLER_31_104,VDD,Metal1,70.0480,137.8920,3.299974
FILLER_31_72,VDD,Metal1,56.6755,137.9685,3.299974
FILLER_31_66,VDD,Metal1,45.1800,137.6325,3.299974
FILLER_31_2,VDD,Metal1,26.4750,138.0140,3.299974
FILLER_30_667,VDD,Metal1,380.8000,137.2000,3.299955
FILLER_30_621,VDD,Metal1,355.0400,137.2000,3.299956
FILLER_30_597,VDD,Metal1,341.3200,137.2000,3.299957
FILLER_30_591,VDD,Metal1,339.1800,136.7675,3.299957
FILLER_30_527,VDD,Metal1,320.4750,136.3855,3.299959
FILLER_30_524,VDD,Metal1,300.4400,137.2000,3.299959
FILLER_30_520,VDD,Metal1,299.4200,136.7675,3.299959
FILLER_30_504,VDD,Metal1,294.0480,136.5080,3.299959
FILLER_30_491,VDD,Metal1,281.9600,137.2000,3.299959
FILLER_30_489,VDD,Metal1,281.1200,137.2000,3.299959
FILLER_30_485,VDD,Metal1,279.8200,136.7675,3.299959
FILLER_30_477,VDD,Metal1,276.5865,136.6230,3.299958
FILLER_30_439,VDD,Metal1,257.6480,136.5080,3.299959
FILLER_30_389,VDD,Metal1,224.8400,137.2000,3.299959
FILLER_30_387,VDD,Metal1,224.0000,137.2000,3.299959
FILLER_30_379,VDD,Metal1,219.2400,137.2000,3.299960
FILLER_30_367,VDD,Metal1,212.5200,137.2000,3.299960
FILLER_30_342,VDD,Metal1,203.3280,136.5080,3.299961
FILLER_30_328,VDD,Metal1,191.9000,136.7675,3.299963
FILLER_30_296,VDD,Metal1,172.7600,137.2000,3.299966
FILLER_30_294,VDD,Metal1,171.9200,137.2000,3.299966
FILLER_30_257,VDD,Metal1,150.9200,137.2000,3.299967
FILLER_30_255,VDD,Metal1,150.0800,137.2000,3.299967
FILLER_30_236,VDD,Metal1,139.1600,137.2000,3.299967
FILLER_30_234,VDD,Metal1,138.3200,137.2000,3.299967
FILLER_30_226,VDD,Metal1,136.0265,136.6230,3.299970
FILLER_30_199,VDD,Metal1,118.4400,137.2000,3.299971
FILLER_30_197,VDD,Metal1,117.6000,137.2000,3.299971
FILLER_30_193,VDD,Metal1,116.3000,136.7675,3.299971
FILLER_30_177,VDD,Metal1,110.9280,136.5080,3.299971
FILLER_30_174,VDD,Metal1,104.4400,137.2000,3.299972
FILLER_30_152,VDD,Metal1,93.3400,136.7675,3.299972
FILLER_30_117,VDD,Metal1,72.5200,137.2000,3.299974
FILLER_30_115,VDD,Metal1,71.6800,137.2000,3.299974
FILLER_30_107,VDD,Metal1,69.3865,136.6230,3.299974
FILLER_30_101,VDD,Metal1,64.7800,136.7675,3.299974
FILLER_30_37,VDD,Metal1,46.0750,136.3855,3.299974
FILLER_30_34,VDD,Metal1,26.0400,137.2000,3.299974
FILLER_30_2,VDD,Metal1,17.4755,136.4310,3.299974
FILLER_29_640,VDD,Metal1,365.4000,129.3600,3.299940
FILLER_29_638,VDD,Metal1,364.5600,129.3600,3.299940
FILLER_29_629,VDD,Metal1,359.2400,129.3600,3.299941
FILLER_29_562,VDD,Metal1,331.0755,130.1285,3.299944
FILLER_29_559,VDD,Metal1,320.0400,129.3600,3.299943
FILLER_29_551,VDD,Metal1,318.0265,129.9365,3.299943
FILLER_29_538,VDD,Metal1,309.5000,129.7925,3.299943
FILLER_29_506,VDD,Metal1,299.7155,130.1285,3.299943
FILLER_29_500,VDD,Metal1,287.2800,129.3600,3.299943
FILLER_29_492,VDD,Metal1,284.9865,129.9365,3.299942
FILLER_29_489,VDD,Metal1,280.8400,129.3600,3.299942
FILLER_29_485,VDD,Metal1,279.8200,129.7925,3.299942
FILLER_29_456,VDD,Metal1,262.3600,129.3600,3.299941
FILLER_29_454,VDD,Metal1,261.5200,129.3600,3.299941
FILLER_29_450,VDD,Metal1,260.2200,129.7925,3.299941
FILLER_29_442,VDD,Metal1,256.9865,129.9365,3.299941
FILLER_29_414,VDD,Metal1,238.8400,129.3600,3.299941
FILLER_29_412,VDD,Metal1,238.0000,129.3600,3.299941
FILLER_29_399,VDD,Metal1,230.4400,129.3600,3.299942
FILLER_29_397,VDD,Metal1,229.6000,129.3600,3.299942
FILLER_29_372,VDD,Metal1,215.6000,129.3600,3.299942
FILLER_29_368,VDD,Metal1,214.3000,129.7925,3.299942
FILLER_29_352,VDD,Metal1,208.9280,130.0520,3.299942
FILLER_29_348,VDD,Metal1,202.1600,129.3600,3.299943
FILLER_29_344,VDD,Metal1,200.8600,129.7925,3.299943
FILLER_29_332,VDD,Metal1,193.2000,129.3600,3.299943
FILLER_29_316,VDD,Metal1,188.7680,130.0520,3.299943
FILLER_29_298,VDD,Metal1,174.1600,129.3600,3.299961
FILLER_29_290,VDD,Metal1,169.6800,129.3600,3.299961
FILLER_29_282,VDD,Metal1,167.3865,129.9365,3.299961
FILLER_29_279,VDD,Metal1,163.2400,129.3600,3.299961
FILLER_29_277,VDD,Metal1,162.4000,129.3600,3.299961
FILLER_29_273,VDD,Metal1,161.1000,129.7925,3.299961
FILLER_29_257,VDD,Metal1,155.7280,130.0520,3.299961
FILLER_29_250,VDD,Metal1,147.0000,129.3600,3.299961
FILLER_29_248,VDD,Metal1,146.1600,129.3600,3.299960
FILLER_29_203,VDD,Metal1,120.6800,129.3600,3.299960
FILLER_29_199,VDD,Metal1,119.6600,129.7925,3.299960
FILLER_29_162,VDD,Metal1,97.7200,129.3600,3.299961
FILLER_29_158,VDD,Metal1,96.7000,129.7925,3.299961
FILLER_29_142,VDD,Metal1,91.3280,130.0520,3.299961
FILLER_29_136,VDD,Metal1,84.3800,129.7925,3.299961
FILLER_29_72,VDD,Metal1,65.6750,130.1740,3.299961
FILLER_29_66,VDD,Metal1,45.1800,129.7925,3.299961
FILLER_29_2,VDD,Metal1,26.4750,130.1740,3.299961
FILLER_28_673,VDD,Metal1,385.1000,128.9275,3.299940
FILLER_28_663,VDD,Metal1,378.5600,129.3600,3.299940
FILLER_28_650,VDD,Metal1,371.0000,129.3600,3.299940
FILLER_28_633,VDD,Metal1,361.4800,129.3600,3.299940
FILLER_28_631,VDD,Metal1,360.6400,129.3600,3.299941
FILLER_28_597,VDD,Metal1,341.6000,129.3600,3.299941
FILLER_28_591,VDD,Metal1,339.1800,128.9275,3.299944
FILLER_28_557,VDD,Metal1,323.7280,128.6680,3.299944
FILLER_28_550,VDD,Metal1,315.0000,129.3600,3.299943
FILLER_28_539,VDD,Metal1,308.8400,129.3600,3.299943
FILLER_28_535,VDD,Metal1,307.8200,128.9275,3.299943
FILLER_28_527,VDD,Metal1,304.5865,128.7830,3.299943
FILLER_28_524,VDD,Metal1,300.4400,129.3600,3.299943
FILLER_28_520,VDD,Metal1,299.4200,128.9275,3.299943
FILLER_28_514,VDD,Metal1,294.8400,129.3600,3.299943
FILLER_28_510,VDD,Metal1,293.8200,128.9275,3.299943
FILLER_28_491,VDD,Metal1,281.9600,129.3600,3.299942
FILLER_28_475,VDD,Metal1,277.8080,128.6680,3.299942
FILLER_28_457,VDD,Metal1,263.2000,129.3600,3.299941
FILLER_28_454,VDD,Metal1,261.2400,129.3600,3.299941
FILLER_28_452,VDD,Metal1,260.4000,129.3600,3.299941
FILLER_28_444,VDD,Metal1,258.1065,128.7830,3.299941
FILLER_28_414,VDD,Metal1,239.1200,129.3600,3.299941
FILLER_28_410,VDD,Metal1,237.8200,128.9275,3.299941
FILLER_28_402,VDD,Metal1,234.5865,128.7830,3.299941
FILLER_28_373,VDD,Metal1,217.1000,128.9275,3.299942
FILLER_28_365,VDD,Metal1,213.8665,128.7830,3.299942
FILLER_28_349,VDD,Metal1,207.2480,128.6680,3.299942
FILLER_28_317,VDD,Metal1,193.8755,128.5910,3.299943
FILLER_28_313,VDD,Metal1,182.5600,129.3600,3.299944
FILLER_28_305,VDD,Metal1,180.2665,128.7830,3.299944
FILLER_28_290,VDD,Metal1,169.4000,129.3600,3.299961
FILLER_28_272,VDD,Metal1,160.5400,128.9275,3.299961
FILLER_28_255,VDD,Metal1,149.8000,129.3600,3.299961
FILLER_28_247,VDD,Metal1,147.7865,128.7830,3.299961
FILLER_28_221,VDD,Metal1,135.5680,128.6680,3.299960
FILLER_28_193,VDD,Metal1,115.3600,129.3600,3.299960
FILLER_28_177,VDD,Metal1,110.9280,128.6680,3.299960
FILLER_28_171,VDD,Metal1,103.9800,128.9275,3.299961
FILLER_28_107,VDD,Metal1,85.2750,128.5455,3.299961
FILLER_28_101,VDD,Metal1,64.7800,128.9275,3.299961
FILLER_28_37,VDD,Metal1,46.0750,128.5455,3.299961
FILLER_28_34,VDD,Metal1,26.0400,129.3600,3.299961
FILLER_28_2,VDD,Metal1,17.4755,128.5910,3.299961
FILLER_27_634,VDD,Metal1,362.0400,121.5200,3.299944
FILLER_27_632,VDD,Metal1,361.2000,121.5200,3.299944
FILLER_27_628,VDD,Metal1,358.9600,121.5200,3.299945
FILLER_27_618,VDD,Metal1,354.3000,121.9525,3.299945
FILLER_27_594,VDD,Metal1,339.6400,121.5200,3.299946
FILLER_27_592,VDD,Metal1,338.8000,121.5200,3.299946
FILLER_27_562,VDD,Metal1,321.7200,121.5200,3.299945
FILLER_27_528,VDD,Metal1,302.6800,121.5200,3.299944
FILLER_27_524,VDD,Metal1,301.6600,121.9525,3.299944
FILLER_27_482,VDD,Metal1,277.2000,121.5200,3.299944
FILLER_27_478,VDD,Metal1,275.9000,121.9525,3.299944
FILLER_27_456,VDD,Metal1,262.6400,121.5200,3.299945
FILLER_27_452,VDD,Metal1,261.3400,121.9525,3.299945
FILLER_27_436,VDD,Metal1,255.9680,122.2120,3.299945
FILLER_27_424,VDD,Metal1,244.4400,121.5200,3.299945
FILLER_27_422,VDD,Metal1,243.6000,121.5200,3.299945
FILLER_27_409,VDD,Metal1,236.0400,121.5200,3.299947
FILLER_27_405,VDD,Metal1,235.0200,121.9525,3.299947
FILLER_27_397,VDD,Metal1,231.7865,122.0965,3.299947
FILLER_27_376,VDD,Metal1,217.8400,121.5200,3.299947
FILLER_27_360,VDD,Metal1,213.4080,122.2120,3.299947
FILLER_27_334,VDD,Metal1,194.0400,121.5200,3.299949
FILLER_27_332,VDD,Metal1,193.2000,121.5200,3.299950
FILLER_27_324,VDD,Metal1,190.9065,122.0965,3.299950
FILLER_27_308,VDD,Metal1,184.2880,122.2120,3.299950
FILLER_27_282,VDD,Metal1,166.1400,121.9525,3.299951
FILLER_27_279,VDD,Metal1,163.2400,121.5200,3.299951
FILLER_27_277,VDD,Metal1,162.4000,121.5200,3.299951
FILLER_27_244,VDD,Metal1,143.6400,121.5200,3.299951
FILLER_27_242,VDD,Metal1,142.8000,121.5200,3.299951
FILLER_27_209,VDD,Metal1,124.0400,121.5200,3.299952
FILLER_27_207,VDD,Metal1,123.2000,121.5200,3.299952
FILLER_27_203,VDD,Metal1,121.9000,121.9525,3.299952
FILLER_27_194,VDD,Metal1,115.6400,121.5200,3.299952
FILLER_27_190,VDD,Metal1,114.6200,121.9525,3.299952
FILLER_27_174,VDD,Metal1,109.2480,122.2120,3.299952
FILLER_27_142,VDD,Metal1,95.8755,122.2885,3.299953
FILLER_27_136,VDD,Metal1,84.3800,121.9525,3.299953
FILLER_27_72,VDD,Metal1,65.6750,122.3340,3.299953
FILLER_27_66,VDD,Metal1,45.1800,121.9525,3.299953
FILLER_27_2,VDD,Metal1,26.4750,122.3340,3.299953
FILLER_26_667,VDD,Metal1,380.8000,121.5200,3.299944
FILLER_26_649,VDD,Metal1,371.6600,121.0875,3.299944
FILLER_26_624,VDD,Metal1,356.4400,121.5200,3.299945
FILLER_26_617,VDD,Metal1,352.5200,121.5200,3.299945
FILLER_26_609,VDD,Metal1,348.3200,121.5200,3.299946
FILLER_26_594,VDD,Metal1,339.6400,121.5200,3.299946
FILLER_26_533,VDD,Metal1,305.7600,121.5200,3.299944
FILLER_26_527,VDD,Metal1,302.1200,121.5200,3.299944
FILLER_26_513,VDD,Metal1,294.5600,121.5200,3.299944
FILLER_26_509,VDD,Metal1,293.2600,121.0875,3.299944
FILLER_26_490,VDD,Metal1,281.6800,121.5200,3.299944
FILLER_26_486,VDD,Metal1,280.3800,121.0875,3.299944
FILLER_26_473,VDD,Metal1,272.1600,121.5200,3.299944
FILLER_26_469,VDD,Metal1,270.8600,121.0875,3.299944
FILLER_26_457,VDD,Metal1,263.2000,121.5200,3.299945
FILLER_26_447,VDD,Metal1,259.7865,120.9430,3.299945
FILLER_26_440,VDD,Metal1,253.4000,121.5200,3.299945
FILLER_26_408,VDD,Metal1,244.8355,120.7510,3.299945
FILLER_26_387,VDD,Metal1,226.1865,120.9430,3.299947
FILLER_26_327,VDD,Metal1,190.1200,121.5200,3.299950
FILLER_26_325,VDD,Metal1,189.2800,121.5200,3.299950
FILLER_26_247,VDD,Metal1,146.5400,121.0875,3.299951
FILLER_26_238,VDD,Metal1,140.2800,121.5200,3.299951
FILLER_26_236,VDD,Metal1,139.4400,121.5200,3.299951
FILLER_26_232,VDD,Metal1,138.1400,121.0875,3.299951
FILLER_26_224,VDD,Metal1,134.9065,120.9430,3.299951
FILLER_26_215,VDD,Metal1,127.4000,121.5200,3.299951
FILLER_26_213,VDD,Metal1,126.5600,121.5200,3.299951
FILLER_26_209,VDD,Metal1,125.2600,121.0875,3.299951
FILLER_26_177,VDD,Metal1,115.4755,120.7510,3.299952
FILLER_26_171,VDD,Metal1,103.9800,121.0875,3.299953
FILLER_26_107,VDD,Metal1,85.2750,120.7055,3.299953
FILLER_26_101,VDD,Metal1,64.7800,121.0875,3.299953
FILLER_26_37,VDD,Metal1,46.0750,120.7055,3.299953
FILLER_26_34,VDD,Metal1,26.0400,121.5200,3.299953
FILLER_26_2,VDD,Metal1,17.4755,120.7510,3.299953
FILLER_25_668,VDD,Metal1,381.0800,113.6800,3.299951
FILLER_25_644,VDD,Metal1,367.9200,113.6800,3.299951
FILLER_25_629,VDD,Metal1,359.2400,113.6800,3.299951
FILLER_25_627,VDD,Metal1,358.4000,113.6800,3.299951
FILLER_25_569,VDD,Metal1,325.6400,113.6800,3.299952
FILLER_25_567,VDD,Metal1,324.8000,113.6800,3.299952
FILLER_25_549,VDD,Metal1,314.4400,113.6800,3.299952
FILLER_25_525,VDD,Metal1,301.0000,113.6800,3.299951
FILLER_25_523,VDD,Metal1,300.1600,113.6800,3.299951
FILLER_25_515,VDD,Metal1,297.8665,114.2565,3.299951
FILLER_25_492,VDD,Metal1,282.5200,113.6800,3.299951
FILLER_25_486,VDD,Metal1,280.3800,114.1125,3.299951
FILLER_25_470,VDD,Metal1,275.0080,114.3720,3.299951
FILLER_25_462,VDD,Metal1,266.0000,113.6800,3.299951
FILLER_25_454,VDD,Metal1,263.7065,114.2565,3.299951
FILLER_25_442,VDD,Metal1,255.7400,114.1125,3.299951
FILLER_25_430,VDD,Metal1,247.8000,113.6800,3.299952
FILLER_25_422,VDD,Metal1,245.7865,114.2565,3.299962
FILLER_25_414,VDD,Metal1,239.1200,113.6800,3.299962
FILLER_25_402,VDD,Metal1,233.3400,114.1125,3.299968
FILLER_25_390,VDD,Metal1,225.6800,113.6800,3.299968
FILLER_25_382,VDD,Metal1,223.3865,114.2565,3.299968
FILLER_25_374,VDD,Metal1,216.7200,113.6800,3.299969
FILLER_25_366,VDD,Metal1,214.4265,114.2565,3.299969
FILLER_25_324,VDD,Metal1,188.4400,113.6800,3.299970
FILLER_25_322,VDD,Metal1,187.6000,113.6800,3.299970
FILLER_25_220,VDD,Metal1,130.4800,113.6800,3.299973
FILLER_25_212,VDD,Metal1,128.1865,114.2565,3.299973
FILLER_25_206,VDD,Metal1,123.5800,114.1125,3.299974
FILLER_25_142,VDD,Metal1,104.8750,114.4940,3.299974
FILLER_25_136,VDD,Metal1,84.3800,114.1125,3.299974
FILLER_25_72,VDD,Metal1,65.6750,114.4940,3.299974
FILLER_25_66,VDD,Metal1,45.1800,114.1125,3.299974
FILLER_25_2,VDD,Metal1,26.4750,114.4940,3.299974
FILLER_24_675,VDD,Metal1,385.2800,113.6800,3.299950
FILLER_24_639,VDD,Metal1,364.8400,113.6800,3.299951
FILLER_24_612,VDD,Metal1,349.7200,113.6800,3.299951
FILLER_24_610,VDD,Metal1,348.8800,113.6800,3.299952
FILLER_24_593,VDD,Metal1,339.3600,113.6800,3.299952
FILLER_24_578,VDD,Metal1,330.9600,113.6800,3.299952
FILLER_24_562,VDD,Metal1,326.5280,112.9880,3.299952
FILLER_24_549,VDD,Metal1,314.4400,113.6800,3.299952
FILLER_24_547,VDD,Metal1,313.6000,113.6800,3.299952
FILLER_24_543,VDD,Metal1,312.3000,113.2475,3.299952
FILLER_24_527,VDD,Metal1,306.9280,112.9880,3.299952
FILLER_24_524,VDD,Metal1,300.4400,113.6800,3.299951
FILLER_24_522,VDD,Metal1,299.6000,113.6800,3.299951
FILLER_24_506,VDD,Metal1,295.1680,112.9880,3.299951
FILLER_24_474,VDD,Metal1,281.7955,112.9110,3.299951
FILLER_24_469,VDD,Metal1,269.6400,113.6800,3.299951
FILLER_24_465,VDD,Metal1,268.6200,113.2475,3.299951
FILLER_24_432,VDD,Metal1,248.9200,113.6800,3.299952
FILLER_24_430,VDD,Metal1,248.0800,113.6800,3.299952
FILLER_24_389,VDD,Metal1,224.8400,113.6800,3.299968
FILLER_24_387,VDD,Metal1,224.0000,113.6800,3.299968
FILLER_24_383,VDD,Metal1,221.7600,113.6800,3.299968
FILLER_24_371,VDD,Metal1,214.7600,113.6800,3.299969
FILLER_24_355,VDD,Metal1,210.6080,112.9880,3.299969
FILLER_24_349,VDD,Metal1,202.4400,113.6800,3.299969
FILLER_24_347,VDD,Metal1,201.6000,113.6800,3.299969
FILLER_24_343,VDD,Metal1,200.3000,113.2475,3.299970
FILLER_24_333,VDD,Metal1,194.7000,113.2475,3.299970
FILLER_24_317,VDD,Metal1,189.3280,112.9880,3.299970
FILLER_24_209,VDD,Metal1,124.3200,113.6800,3.299974
FILLER_24_177,VDD,Metal1,115.4755,112.9110,3.299974
FILLER_24_171,VDD,Metal1,103.9800,113.2475,3.299974
FILLER_24_107,VDD,Metal1,85.2750,112.8655,3.299974
FILLER_24_101,VDD,Metal1,64.7800,113.2475,3.299974
FILLER_24_37,VDD,Metal1,46.0750,112.8655,3.299974
FILLER_24_34,VDD,Metal1,26.0400,113.6800,3.299974
FILLER_24_2,VDD,Metal1,17.4755,112.9110,3.299974
FILLER_23_640,VDD,Metal1,365.4000,105.8400,3.299952
FILLER_23_638,VDD,Metal1,364.5600,105.8400,3.299952
FILLER_23_629,VDD,Metal1,359.2400,105.8400,3.299953
FILLER_23_604,VDD,Metal1,345.2400,105.8400,3.299955
FILLER_23_602,VDD,Metal1,344.4000,105.8400,3.299955
FILLER_23_584,VDD,Metal1,334.0400,105.8400,3.299955
FILLER_23_582,VDD,Metal1,333.2000,105.8400,3.299955
FILLER_23_578,VDD,Metal1,331.9000,106.2725,3.299955
FILLER_23_570,VDD,Metal1,328.6665,106.4165,3.299955
FILLER_23_544,VDD,Metal1,316.4480,106.5320,3.299955
FILLER_23_516,VDD,Metal1,296.2400,105.8400,3.299955
FILLER_23_508,VDD,Metal1,293.9465,106.4165,3.299955
FILLER_23_492,VDD,Metal1,287.3280,106.5320,3.299955
FILLER_23_488,VDD,Metal1,280.5600,105.8400,3.299954
FILLER_23_484,VDD,Metal1,279.2600,106.2725,3.299954
FILLER_23_479,VDD,Metal1,275.2400,105.8400,3.299954
FILLER_23_477,VDD,Metal1,274.4000,105.8400,3.299954
FILLER_23_462,VDD,Metal1,265.7200,105.8400,3.299954
FILLER_23_422,VDD,Metal1,245.7865,106.4165,3.299955
FILLER_23_418,VDD,Metal1,241.3600,105.8400,3.299956
FILLER_23_393,VDD,Metal1,229.5465,106.4165,3.299956
FILLER_23_368,VDD,Metal1,213.0800,105.8400,3.299958
FILLER_23_352,VDD,Metal1,208.9280,106.5320,3.299958
FILLER_23_349,VDD,Metal1,202.4400,105.8400,3.299959
FILLER_23_347,VDD,Metal1,201.6000,105.8400,3.299959
FILLER_23_334,VDD,Metal1,194.3200,105.8400,3.299964
FILLER_23_282,VDD,Metal1,165.2000,105.8400,3.299967
FILLER_23_260,VDD,Metal1,155.0665,106.4165,3.299968
FILLER_23_251,VDD,Metal1,147.5600,105.8400,3.299968
FILLER_23_249,VDD,Metal1,146.7200,105.8400,3.299968
FILLER_23_230,VDD,Metal1,135.8000,105.8400,3.299968
FILLER_23_228,VDD,Metal1,134.9600,105.8400,3.299968
FILLER_23_212,VDD,Metal1,130.5280,106.5320,3.299968
FILLER_23_206,VDD,Metal1,123.5800,106.2725,3.299968
FILLER_23_142,VDD,Metal1,104.8750,106.6540,3.299968
FILLER_23_136,VDD,Metal1,84.3800,106.2725,3.299968
FILLER_23_72,VDD,Metal1,65.6750,106.6540,3.299968
FILLER_23_66,VDD,Metal1,45.1800,106.2725,3.299968
FILLER_23_2,VDD,Metal1,26.4750,106.6540,3.299968
FILLER_22_664,VDD,Metal1,378.8400,105.8400,3.299952
FILLER_22_629,VDD,Metal1,359.2400,105.8400,3.299953
FILLER_22_627,VDD,Metal1,358.4000,105.8400,3.299953
FILLER_22_597,VDD,Metal1,341.6000,105.8400,3.299955
FILLER_22_589,VDD,Metal1,336.8400,105.8400,3.299955
FILLER_22_585,VDD,Metal1,335.8200,105.4075,3.299955
FILLER_22_577,VDD,Metal1,332.5865,105.2630,3.299955
FILLER_22_556,VDD,Metal1,318.6400,105.8400,3.299955
FILLER_22_552,VDD,Metal1,317.3400,105.4075,3.299955
FILLER_22_540,VDD,Metal1,309.4000,105.8400,3.299955
FILLER_22_536,VDD,Metal1,308.3800,105.4075,3.299955
FILLER_22_508,VDD,Metal1,291.7600,105.8400,3.299955
FILLER_22_504,VDD,Metal1,290.4600,105.4075,3.299955
FILLER_22_496,VDD,Metal1,287.2265,105.2630,3.299955
FILLER_22_477,VDD,Metal1,274.1200,105.8400,3.299954
FILLER_22_468,VDD,Metal1,269.0800,105.8400,3.299954
FILLER_22_466,VDD,Metal1,268.2400,105.8400,3.299954
FILLER_22_454,VDD,Metal1,261.2400,105.8400,3.299954
FILLER_22_452,VDD,Metal1,260.4000,105.8400,3.299955
FILLER_22_420,VDD,Metal1,247.0080,105.1480,3.299955
FILLER_22_409,VDD,Metal1,236.0400,105.8400,3.299956
FILLER_22_407,VDD,Metal1,235.2000,105.8400,3.299956
FILLER_22_399,VDD,Metal1,232.9065,105.2630,3.299956
FILLER_22_387,VDD,Metal1,224.9400,105.4075,3.299957
FILLER_22_351,VDD,Metal1,206.0265,105.2630,3.299958
FILLER_22_332,VDD,Metal1,192.9200,105.8400,3.299965
FILLER_22_330,VDD,Metal1,192.0800,105.8400,3.299965
FILLER_22_321,VDD,Metal1,186.7600,105.8400,3.299965
FILLER_22_317,VDD,Metal1,185.7400,105.4075,3.299965
FILLER_22_305,VDD,Metal1,178.0800,105.8400,3.299965
FILLER_22_301,VDD,Metal1,176.7800,105.4075,3.299965
FILLER_22_291,VDD,Metal1,170.2400,105.8400,3.299965
FILLER_22_282,VDD,Metal1,164.9200,105.8400,3.299967
FILLER_22_280,VDD,Metal1,164.0800,105.8400,3.299967
FILLER_22_271,VDD,Metal1,159.9800,105.4075,3.299967
FILLER_22_263,VDD,Metal1,156.7465,105.2630,3.299967
FILLER_22_247,VDD,Metal1,150.1280,105.1480,3.299968
FILLER_22_241,VDD,Metal1,143.1800,105.4075,3.299968
FILLER_22_177,VDD,Metal1,124.4750,105.0255,3.299968
FILLER_22_171,VDD,Metal1,103.9800,105.4075,3.299968
FILLER_22_107,VDD,Metal1,85.2750,105.0255,3.299968
FILLER_22_101,VDD,Metal1,64.7800,105.4075,3.299968
FILLER_22_37,VDD,Metal1,46.0750,105.0255,3.299968
FILLER_22_34,VDD,Metal1,26.0400,105.8400,3.299968
FILLER_22_2,VDD,Metal1,17.4755,105.0710,3.299968
FILLER_21_632,VDD,Metal1,360.9200,98.0000,3.299949
FILLER_21_620,VDD,Metal1,355.4200,98.4325,3.299952
FILLER_21_590,VDD,Metal1,337.4000,98.0000,3.299961
FILLER_21_545,VDD,Metal1,312.2000,98.0000,3.299961
FILLER_21_543,VDD,Metal1,311.3600,98.0000,3.299961
FILLER_21_535,VDD,Metal1,309.0665,98.5765,3.299961
FILLER_21_515,VDD,Metal1,295.6800,98.0000,3.299960
FILLER_21_511,VDD,Metal1,294.3800,98.4325,3.299960
FILLER_21_500,VDD,Metal1,288.2200,98.4325,3.299960
FILLER_21_492,VDD,Metal1,284.9865,98.5765,3.299960
FILLER_21_488,VDD,Metal1,280.5600,98.0000,3.299960
FILLER_21_484,VDD,Metal1,279.2600,98.4325,3.299960
FILLER_21_448,VDD,Metal1,259.1000,98.4325,3.299961
FILLER_21_442,VDD,Metal1,254.5200,98.0000,3.299961
FILLER_21_438,VDD,Metal1,253.5000,98.4325,3.299961
FILLER_21_422,VDD,Metal1,248.1280,98.6920,3.299961
FILLER_21_416,VDD,Metal1,241.1800,98.4325,3.299961
FILLER_21_400,VDD,Metal1,235.8080,98.6920,3.299961
FILLER_21_352,VDD,Metal1,204.1200,98.0000,3.299962
FILLER_21_333,VDD,Metal1,193.4800,98.0000,3.299962
FILLER_21_300,VDD,Metal1,175.0000,98.0000,3.299963
FILLER_21_272,VDD,Metal1,161.7865,98.5765,3.299963
FILLER_21_263,VDD,Metal1,154.2800,98.0000,3.299964
FILLER_21_261,VDD,Metal1,153.4400,98.0000,3.299964
FILLER_21_257,VDD,Metal1,152.1400,98.4325,3.299964
FILLER_21_249,VDD,Metal1,148.9065,98.5765,3.299964
FILLER_21_242,VDD,Metal1,142.5200,98.0000,3.299965
FILLER_21_240,VDD,Metal1,141.6800,98.0000,3.299965
FILLER_21_236,VDD,Metal1,140.3800,98.4325,3.299965
FILLER_21_228,VDD,Metal1,137.1465,98.5765,3.299965
FILLER_21_212,VDD,Metal1,130.5280,98.6920,3.299965
FILLER_21_206,VDD,Metal1,123.5800,98.4325,3.299965
FILLER_21_142,VDD,Metal1,104.8750,98.8140,3.299965
FILLER_21_136,VDD,Metal1,84.3800,98.4325,3.299965
FILLER_21_72,VDD,Metal1,65.6750,98.8140,3.299965
FILLER_21_66,VDD,Metal1,45.1800,98.4325,3.299965
FILLER_21_2,VDD,Metal1,26.4750,98.8140,3.299965
FILLER_20_615,VDD,Metal1,351.4000,98.0000,3.299952
FILLER_20_597,VDD,Metal1,342.5400,97.5675,3.299961
FILLER_20_593,VDD,Metal1,339.3600,98.0000,3.299961
FILLER_20_577,VDD,Metal1,334.9280,97.3080,3.299961
FILLER_20_545,VDD,Metal1,313.4200,97.5675,3.299961
FILLER_20_535,VDD,Metal1,307.8200,97.5675,3.299961
FILLER_20_527,VDD,Metal1,304.5865,97.4230,3.299961
FILLER_20_490,VDD,Metal1,281.4000,98.0000,3.299960
FILLER_20_485,VDD,Metal1,278.6000,98.0000,3.299960
FILLER_20_481,VDD,Metal1,277.5800,97.5675,3.299960
FILLER_20_434,VDD,Metal1,250.0400,98.0000,3.299961
FILLER_20_432,VDD,Metal1,249.2000,98.0000,3.299961
FILLER_20_416,VDD,Metal1,244.7680,97.3080,3.299961
FILLER_20_411,VDD,Metal1,237.1600,98.0000,3.299961
FILLER_20_409,VDD,Metal1,236.3200,98.0000,3.299961
FILLER_20_403,VDD,Metal1,232.6800,98.0000,3.299961
FILLER_20_396,VDD,Metal1,228.7600,98.0000,3.299961
FILLER_20_360,VDD,Metal1,208.6000,98.0000,3.299962
FILLER_20_325,VDD,Metal1,189.0000,98.0000,3.299963
FILLER_20_314,VDD,Metal1,182.8400,98.0000,3.299963
FILLER_20_295,VDD,Metal1,172.2000,98.0000,3.299963
FILLER_20_263,VDD,Metal1,154.2800,98.0000,3.299964
FILLER_20_261,VDD,Metal1,153.4400,98.0000,3.299964
FILLER_20_257,VDD,Metal1,152.1400,97.5675,3.299964
FILLER_20_237,VDD,Metal1,139.7200,98.0000,3.299965
FILLER_20_233,VDD,Metal1,138.7000,97.5675,3.299965
FILLER_20_225,VDD,Metal1,135.4665,97.4230,3.299965
FILLER_20_209,VDD,Metal1,128.8480,97.3080,3.299965
FILLER_20_177,VDD,Metal1,115.4755,97.2310,3.299965
FILLER_20_171,VDD,Metal1,103.9800,97.5675,3.299965
FILLER_20_107,VDD,Metal1,85.2750,97.1855,3.299965
FILLER_20_101,VDD,Metal1,64.7800,97.5675,3.299965
FILLER_20_37,VDD,Metal1,46.0750,97.1855,3.299965
FILLER_20_34,VDD,Metal1,26.0400,98.0000,3.299965
FILLER_20_2,VDD,Metal1,17.4755,97.2310,3.299965
FILLER_19_655,VDD,Metal1,374.0800,90.1600,3.299917
FILLER_19_632,VDD,Metal1,360.9200,90.1600,3.299918
FILLER_19_596,VDD,Metal1,343.2265,90.7365,3.299922
FILLER_19_543,VDD,Metal1,311.3600,90.1600,3.299922
FILLER_19_506,VDD,Metal1,290.3600,90.1600,3.299921
FILLER_19_502,VDD,Metal1,289.3400,90.5925,3.299921
FILLER_19_492,VDD,Metal1,282.8000,90.1600,3.299921
FILLER_19_489,VDD,Metal1,280.8400,90.1600,3.299921
FILLER_19_487,VDD,Metal1,280.0000,90.1600,3.299921
FILLER_19_473,VDD,Metal1,272.1600,90.1600,3.299922
FILLER_19_430,VDD,Metal1,248.0800,90.1600,3.299925
FILLER_19_422,VDD,Metal1,245.7865,90.7365,3.299925
FILLER_19_397,VDD,Metal1,230.5400,90.5925,3.299937
FILLER_19_352,VDD,Metal1,204.1200,90.1600,3.299940
FILLER_19_349,VDD,Metal1,202.4400,90.1600,3.299941
FILLER_19_345,VDD,Metal1,201.4200,90.5925,3.299941
FILLER_19_305,VDD,Metal1,179.0200,90.5925,3.299942
FILLER_19_286,VDD,Metal1,167.1600,90.1600,3.299943
FILLER_19_282,VDD,Metal1,166.1400,90.5925,3.299943
FILLER_19_271,VDD,Metal1,158.7600,90.1600,3.299943
FILLER_19_269,VDD,Metal1,157.9200,90.1600,3.299943
FILLER_19_265,VDD,Metal1,156.6200,90.5925,3.299943
FILLER_19_259,VDD,Metal1,152.0400,90.1600,3.299943
FILLER_19_232,VDD,Metal1,136.9200,90.1600,3.299944
FILLER_19_228,VDD,Metal1,135.9000,90.5925,3.299944
FILLER_19_212,VDD,Metal1,130.5280,90.8520,3.299944
FILLER_19_206,VDD,Metal1,123.5800,90.5925,3.299945
FILLER_19_142,VDD,Metal1,104.8750,90.9740,3.299945
FILLER_19_136,VDD,Metal1,84.3800,90.5925,3.299945
FILLER_19_72,VDD,Metal1,65.6750,90.9740,3.299945
FILLER_19_66,VDD,Metal1,45.1800,90.5925,3.299945
FILLER_19_2,VDD,Metal1,26.4750,90.9740,3.299945
FILLER_18_642,VDD,Metal1,366.5200,90.1600,3.299917
FILLER_18_640,VDD,Metal1,365.6800,90.1600,3.299917
FILLER_18_616,VDD,Metal1,351.9600,90.1600,3.299918
FILLER_18_614,VDD,Metal1,351.1200,90.1600,3.299918
FILLER_18_597,VDD,Metal1,341.3200,90.1600,3.299923
FILLER_18_524,VDD,Metal1,300.4400,90.1600,3.299921
FILLER_18_520,VDD,Metal1,299.4200,89.7275,3.299921
FILLER_18_486,VDD,Metal1,279.4400,90.1600,3.299921
FILLER_18_475,VDD,Metal1,273.0000,90.1600,3.299922
FILLER_18_457,VDD,Metal1,262.9200,90.1600,3.299925
FILLER_18_400,VDD,Metal1,231.0000,90.1600,3.299937
FILLER_18_392,VDD,Metal1,228.9865,89.5830,3.299937
FILLER_18_384,VDD,Metal1,222.0400,90.1600,3.299938
FILLER_18_382,VDD,Metal1,221.2000,90.1600,3.299938
FILLER_18_366,VDD,Metal1,212.2400,90.1600,3.299940
FILLER_18_350,VDD,Metal1,203.0000,90.1600,3.299941
FILLER_18_343,VDD,Metal1,199.0800,90.1600,3.299942
FILLER_18_339,VDD,Metal1,198.0600,89.7275,3.299942
FILLER_18_291,VDD,Metal1,172.4265,89.5830,3.299942
FILLER_18_272,VDD,Metal1,159.6000,90.1600,3.299943
FILLER_18_268,VDD,Metal1,158.3000,89.7275,3.299943
FILLER_18_260,VDD,Metal1,155.0665,89.5830,3.299943
FILLER_18_233,VDD,Metal1,138.7000,89.7275,3.299944
FILLER_18_225,VDD,Metal1,135.4665,89.5830,3.299944
FILLER_18_209,VDD,Metal1,128.8480,89.4680,3.299944
FILLER_18_177,VDD,Metal1,115.4755,89.3910,3.299945
FILLER_18_171,VDD,Metal1,103.9800,89.7275,3.299945
FILLER_18_107,VDD,Metal1,85.2750,89.3455,3.299945
FILLER_18_101,VDD,Metal1,64.7800,89.7275,3.299945
FILLER_18_37,VDD,Metal1,46.0750,89.3455,3.299945
FILLER_18_34,VDD,Metal1,26.0400,90.1600,3.299945
FILLER_18_2,VDD,Metal1,17.4755,89.3910,3.299945
FILLER_17_632,VDD,Metal1,360.9200,82.3200,3.299929
FILLER_17_559,VDD,Metal1,320.0400,82.3200,3.299930
FILLER_17_555,VDD,Metal1,319.0200,82.7525,3.299930
FILLER_17_547,VDD,Metal1,315.7865,82.8965,3.299930
FILLER_17_520,VDD,Metal1,298.2000,82.3200,3.299930
FILLER_17_516,VDD,Metal1,297.1800,82.7525,3.299930
FILLER_17_479,VDD,Metal1,276.4600,82.7525,3.299931
FILLER_17_456,VDD,Metal1,262.3600,82.3200,3.299933
FILLER_17_454,VDD,Metal1,261.5200,82.3200,3.299933
FILLER_17_422,VDD,Metal1,252.6755,83.0885,3.299933
FILLER_17_407,VDD,Metal1,234.9200,82.3200,3.299934
FILLER_17_405,VDD,Metal1,234.0800,82.3200,3.299934
FILLER_17_397,VDD,Metal1,231.7865,82.8965,3.299934
FILLER_17_364,VDD,Metal1,210.8400,82.3200,3.299935
FILLER_17_343,VDD,Metal1,199.0800,82.3200,3.299940
FILLER_17_335,VDD,Metal1,197.0665,82.8965,3.299941
FILLER_17_308,VDD,Metal1,179.4800,82.3200,3.299943
FILLER_17_306,VDD,Metal1,178.6400,82.3200,3.299943
FILLER_17_298,VDD,Metal1,176.3465,82.8965,3.299943
FILLER_17_282,VDD,Metal1,169.7280,83.0120,3.299943
FILLER_17_273,VDD,Metal1,160.1600,82.3200,3.299944
FILLER_17_256,VDD,Metal1,152.8265,82.8965,3.299947
FILLER_17_247,VDD,Metal1,145.3200,82.3200,3.299948
FILLER_17_230,VDD,Metal1,135.8000,82.3200,3.299953
FILLER_17_228,VDD,Metal1,134.9600,82.3200,3.299953
FILLER_17_212,VDD,Metal1,130.5280,83.0120,3.299954
FILLER_17_206,VDD,Metal1,123.5800,82.7525,3.299954
FILLER_17_142,VDD,Metal1,104.8750,83.1340,3.299954
FILLER_17_136,VDD,Metal1,84.3800,82.7525,3.299954
FILLER_17_72,VDD,Metal1,65.6750,83.1340,3.299954
FILLER_17_66,VDD,Metal1,45.1800,82.7525,3.299954
FILLER_17_2,VDD,Metal1,26.4750,83.1340,3.299954
FILLER_16_667,VDD,Metal1,380.8000,82.3200,3.299929
FILLER_16_656,VDD,Metal1,374.3600,82.3200,3.299929
FILLER_16_601,VDD,Metal1,343.5600,82.3200,3.299929
FILLER_16_597,VDD,Metal1,342.5400,81.8875,3.299929
FILLER_16_540,VDD,Metal1,310.6200,81.8875,3.299930
FILLER_16_529,VDD,Metal1,303.2400,82.3200,3.299930
FILLER_16_527,VDD,Metal1,302.4000,82.3200,3.299930
FILLER_16_524,VDD,Metal1,300.4400,82.3200,3.299930
FILLER_16_486,VDD,Metal1,279.1600,82.3200,3.299931
FILLER_16_484,VDD,Metal1,278.3200,82.3200,3.299931
FILLER_16_480,VDD,Metal1,277.0200,81.8875,3.299931
FILLER_16_464,VDD,Metal1,271.6480,81.6280,3.299931
FILLER_16_459,VDD,Metal1,264.0400,82.3200,3.299933
FILLER_16_457,VDD,Metal1,263.2000,82.3200,3.299933
FILLER_16_453,VDD,Metal1,260.9600,82.3200,3.299933
FILLER_16_449,VDD,Metal1,259.6600,81.8875,3.299933
FILLER_16_439,VDD,Metal1,254.0600,81.8875,3.299933
FILLER_16_423,VDD,Metal1,248.6880,81.6280,3.299933
FILLER_16_403,VDD,Metal1,233.9000,81.8875,3.299934
FILLER_16_381,VDD,Metal1,221.5800,81.8875,3.299935
FILLER_16_344,VDD,Metal1,199.6400,82.3200,3.299940
FILLER_16_342,VDD,Metal1,198.8000,82.3200,3.299940
FILLER_16_334,VDD,Metal1,196.5065,81.7430,3.299941
FILLER_16_299,VDD,Metal1,175.6600,81.8875,3.299943
FILLER_16_291,VDD,Metal1,172.4265,81.7430,3.299943
FILLER_16_273,VDD,Metal1,159.8800,82.3200,3.299944
FILLER_16_271,VDD,Metal1,159.0400,82.3200,3.299944
FILLER_16_263,VDD,Metal1,156.7465,81.7430,3.299947
FILLER_16_247,VDD,Metal1,150.1280,81.6280,3.299947
FILLER_16_241,VDD,Metal1,143.1800,81.8875,3.299952
FILLER_16_227,VDD,Metal1,134.1200,82.3200,3.299954
FILLER_16_225,VDD,Metal1,133.2800,82.3200,3.299954
FILLER_16_209,VDD,Metal1,128.8480,81.6280,3.299954
FILLER_16_177,VDD,Metal1,115.4755,81.5510,3.299954
FILLER_16_171,VDD,Metal1,103.9800,81.8875,3.299954
FILLER_16_107,VDD,Metal1,85.2750,81.5055,3.299954
FILLER_16_101,VDD,Metal1,64.7800,81.8875,3.299954
FILLER_16_37,VDD,Metal1,46.0750,81.5055,3.299954
FILLER_16_34,VDD,Metal1,26.0400,82.3200,3.299954
FILLER_16_2,VDD,Metal1,17.4755,81.5510,3.299954
FILLER_15_668,VDD,Metal1,381.0800,74.4800,3.299947
FILLER_15_666,VDD,Metal1,380.2400,74.4800,3.299947
FILLER_15_632,VDD,Metal1,361.2000,74.4800,3.299948
FILLER_15_615,VDD,Metal1,351.4000,74.4800,3.299948
FILLER_15_605,VDD,Metal1,345.8000,74.4800,3.299948
FILLER_15_603,VDD,Metal1,344.9600,74.4800,3.299948
FILLER_15_595,VDD,Metal1,340.4800,74.4800,3.299948
FILLER_15_591,VDD,Metal1,339.1800,74.9125,3.299948
FILLER_15_585,VDD,Metal1,334.6000,74.4800,3.299948
FILLER_15_559,VDD,Metal1,320.0400,74.4800,3.299948
FILLER_15_557,VDD,Metal1,319.2000,74.4800,3.299948
FILLER_15_548,VDD,Metal1,313.8800,74.4800,3.299948
FILLER_15_540,VDD,Metal1,311.8665,75.0565,3.299948
FILLER_15_492,VDD,Metal1,284.9865,75.0565,3.299947
FILLER_15_489,VDD,Metal1,280.8400,74.4800,3.299947
FILLER_15_487,VDD,Metal1,280.0000,74.4800,3.299947
FILLER_15_479,VDD,Metal1,277.7065,75.0565,3.299947
FILLER_15_463,VDD,Metal1,271.0880,75.1720,3.299947
FILLER_15_432,VDD,Metal1,248.9200,74.4800,3.299948
FILLER_15_430,VDD,Metal1,248.0800,74.4800,3.299948
FILLER_15_422,VDD,Metal1,245.7865,75.0565,3.299948
FILLER_15_418,VDD,Metal1,241.3600,74.4800,3.299949
FILLER_15_349,VDD,Metal1,202.4400,74.4800,3.299950
FILLER_15_347,VDD,Metal1,201.6000,74.4800,3.299950
FILLER_15_343,VDD,Metal1,200.3000,74.9125,3.299950
FILLER_15_327,VDD,Metal1,194.9280,75.1720,3.299950
FILLER_15_299,VDD,Metal1,174.7200,74.4800,3.299952
FILLER_15_295,VDD,Metal1,173.4200,74.9125,3.299952
FILLER_15_287,VDD,Metal1,170.1865,75.0565,3.299952
FILLER_15_268,VDD,Metal1,157.0800,74.4800,3.299954
FILLER_15_264,VDD,Metal1,156.0600,74.9125,3.299954
FILLER_15_256,VDD,Metal1,152.8265,75.0565,3.299954
FILLER_15_224,VDD,Metal1,132.7200,74.4800,3.299956
FILLER_15_220,VDD,Metal1,131.4200,74.9125,3.299956
FILLER_15_212,VDD,Metal1,128.1865,75.0565,3.299956
FILLER_15_206,VDD,Metal1,123.5800,74.9125,3.299957
FILLER_15_142,VDD,Metal1,104.8750,75.2940,3.299957
FILLER_15_136,VDD,Metal1,84.3800,74.9125,3.299957
FILLER_15_72,VDD,Metal1,65.6750,75.2940,3.299957
FILLER_15_66,VDD,Metal1,45.1800,74.9125,3.299957
FILLER_15_2,VDD,Metal1,26.4750,75.2940,3.299957
FILLER_14_667,VDD,Metal1,380.8000,74.4800,3.299947
FILLER_14_632,VDD,Metal1,360.9200,74.4800,3.299948
FILLER_14_630,VDD,Metal1,360.0800,74.4800,3.299948
FILLER_14_623,VDD,Metal1,355.8800,74.4800,3.299948
FILLER_14_619,VDD,Metal1,354.8600,74.0475,3.299948
FILLER_14_599,VDD,Metal1,342.4400,74.4800,3.299948
FILLER_14_597,VDD,Metal1,341.6000,74.4800,3.299948
FILLER_14_594,VDD,Metal1,339.6400,74.4800,3.299948
FILLER_14_592,VDD,Metal1,338.8000,74.4800,3.299948
FILLER_14_576,VDD,Metal1,334.3680,73.7880,3.299948
FILLER_14_557,VDD,Metal1,319.2000,74.4800,3.299948
FILLER_14_543,VDD,Metal1,311.3600,74.4800,3.299948
FILLER_14_535,VDD,Metal1,309.0665,73.9030,3.299948
FILLER_14_511,VDD,Metal1,293.1600,74.4800,3.299947
FILLER_14_504,VDD,Metal1,289.2400,74.4800,3.299947
FILLER_14_497,VDD,Metal1,285.3200,74.4800,3.299947
FILLER_14_489,VDD,Metal1,283.3065,73.9030,3.299947
FILLER_14_478,VDD,Metal1,274.6800,74.4800,3.299947
FILLER_14_476,VDD,Metal1,273.8400,74.4800,3.299947
FILLER_14_472,VDD,Metal1,272.5400,74.0475,3.299947
FILLER_14_465,VDD,Metal1,267.4000,74.4800,3.299947
FILLER_14_463,VDD,Metal1,266.5600,74.4800,3.299947
FILLER_14_454,VDD,Metal1,261.2400,74.4800,3.299948
FILLER_14_428,VDD,Metal1,246.6800,74.4800,3.299948
FILLER_14_424,VDD,Metal1,245.6600,74.0475,3.299948
FILLER_14_391,VDD,Metal1,226.2400,74.4800,3.299949
FILLER_14_387,VDD,Metal1,224.9400,74.0475,3.299949
FILLER_14_350,VDD,Metal1,203.0000,74.4800,3.299950
FILLER_14_348,VDD,Metal1,202.1600,74.4800,3.299950
FILLER_14_332,VDD,Metal1,197.7280,73.7880,3.299950
FILLER_14_314,VDD,Metal1,182.8400,74.4800,3.299951
FILLER_14_298,VDD,Metal1,173.8800,74.4800,3.299952
FILLER_14_290,VDD,Metal1,171.8665,73.9030,3.299952
FILLER_14_265,VDD,Metal1,155.4000,74.4800,3.299954
FILLER_14_263,VDD,Metal1,154.5600,74.4800,3.299954
FILLER_14_255,VDD,Metal1,152.2665,73.9030,3.299954
FILLER_14_209,VDD,Metal1,128.8480,73.7880,3.299956
FILLER_14_177,VDD,Metal1,115.4755,73.7110,3.299957
FILLER_14_171,VDD,Metal1,103.9800,74.0475,3.299957
FILLER_14_107,VDD,Metal1,85.2750,73.6655,3.299957
FILLER_14_101,VDD,Metal1,64.7800,74.0475,3.299957
FILLER_14_37,VDD,Metal1,46.0750,73.6655,3.299957
FILLER_14_34,VDD,Metal1,26.0400,74.4800,3.299957
FILLER_14_2,VDD,Metal1,17.4755,73.7110,3.299957
FILLER_13_629,VDD,Metal1,359.2400,66.6400,3.299922
FILLER_13_627,VDD,Metal1,358.4000,66.6400,3.299922
FILLER_13_595,VDD,Metal1,340.2000,66.6400,3.299924
FILLER_13_593,VDD,Metal1,339.3600,66.6400,3.299924
FILLER_13_589,VDD,Metal1,338.0600,67.0725,3.299924
FILLER_13_581,VDD,Metal1,334.8265,67.2165,3.299924
FILLER_13_568,VDD,Metal1,325.0800,66.6400,3.299923
FILLER_13_528,VDD,Metal1,302.6800,66.6400,3.299919
FILLER_13_526,VDD,Metal1,301.8400,66.6400,3.299919
FILLER_13_506,VDD,Metal1,291.5800,67.0725,3.299918
FILLER_13_489,VDD,Metal1,280.8400,66.6400,3.299918
FILLER_13_487,VDD,Metal1,280.0000,66.6400,3.299918
FILLER_13_483,VDD,Metal1,278.7000,67.0725,3.299918
FILLER_13_426,VDD,Metal1,245.8400,66.6400,3.299918
FILLER_13_422,VDD,Metal1,244.5400,67.0725,3.299918
FILLER_13_419,VDD,Metal1,241.6400,66.6400,3.299918
FILLER_13_415,VDD,Metal1,240.6200,67.0725,3.299918
FILLER_13_354,VDD,Metal1,205.2400,66.6400,3.299921
FILLER_13_352,VDD,Metal1,204.4000,66.6400,3.299921
FILLER_13_349,VDD,Metal1,202.4400,66.6400,3.299923
FILLER_13_345,VDD,Metal1,201.4200,67.0725,3.299933
FILLER_13_337,VDD,Metal1,198.1865,67.2165,3.299933
FILLER_13_299,VDD,Metal1,174.7200,66.6400,3.299939
FILLER_13_295,VDD,Metal1,173.4200,67.0725,3.299939
FILLER_13_287,VDD,Metal1,170.1865,67.2165,3.299940
FILLER_13_238,VDD,Metal1,140.2800,66.6400,3.299941
FILLER_13_220,VDD,Metal1,130.4800,66.6400,3.299941
FILLER_13_212,VDD,Metal1,128.1865,67.2165,3.299941
FILLER_13_206,VDD,Metal1,123.5800,67.0725,3.299942
FILLER_13_142,VDD,Metal1,104.8750,67.4540,3.299942
FILLER_13_136,VDD,Metal1,84.3800,67.0725,3.299942
FILLER_13_72,VDD,Metal1,65.6750,67.4540,3.299942
FILLER_13_66,VDD,Metal1,45.1800,67.0725,3.299942
FILLER_13_2,VDD,Metal1,26.4750,67.4540,3.299942
FILLER_12_675,VDD,Metal1,385.2800,66.6400,3.299921
FILLER_12_601,VDD,Metal1,343.5600,66.6400,3.299923
FILLER_12_597,VDD,Metal1,342.5400,66.2075,3.299923
FILLER_12_593,VDD,Metal1,339.3600,66.6400,3.299924
FILLER_12_589,VDD,Metal1,338.0600,66.2075,3.299924
FILLER_12_562,VDD,Metal1,321.7200,66.6400,3.299922
FILLER_12_560,VDD,Metal1,320.8800,66.6400,3.299922
FILLER_12_556,VDD,Metal1,319.5800,66.2075,3.299922
FILLER_12_548,VDD,Metal1,316.3465,66.0630,3.299922
FILLER_12_520,VDD,Metal1,298.2000,66.6400,3.299919
FILLER_12_518,VDD,Metal1,297.3600,66.6400,3.299919
FILLER_12_475,VDD,Metal1,273.0000,66.6400,3.299918
FILLER_12_473,VDD,Metal1,272.1600,66.6400,3.299918
FILLER_12_451,VDD,Metal1,260.7800,66.2075,3.299918
FILLER_12_430,VDD,Metal1,247.8000,66.6400,3.299918
FILLER_12_395,VDD,Metal1,228.2000,66.6400,3.299918
FILLER_12_384,VDD,Metal1,222.0400,66.6400,3.299920
FILLER_12_371,VDD,Metal1,214.7600,66.6400,3.299920
FILLER_12_332,VDD,Metal1,197.7280,65.9480,3.299933
FILLER_12_314,VDD,Metal1,182.8400,66.6400,3.299939
FILLER_12_273,VDD,Metal1,159.8800,66.6400,3.299940
FILLER_12_271,VDD,Metal1,159.0400,66.6400,3.299940
FILLER_12_263,VDD,Metal1,156.7465,66.0630,3.299940
FILLER_12_241,VDD,Metal1,143.1800,66.2075,3.299941
FILLER_12_209,VDD,Metal1,128.8480,65.9480,3.299941
FILLER_12_177,VDD,Metal1,115.4755,65.8710,3.299942
FILLER_12_171,VDD,Metal1,103.9800,66.2075,3.299942
FILLER_12_107,VDD,Metal1,85.2750,65.8255,3.299942
FILLER_12_101,VDD,Metal1,64.7800,66.2075,3.299942
FILLER_12_37,VDD,Metal1,46.0750,65.8255,3.299942
FILLER_12_34,VDD,Metal1,26.0400,66.6400,3.299942
FILLER_12_2,VDD,Metal1,17.4755,65.8710,3.299942
FILLER_11_676,VDD,Metal1,385.5600,58.8000,3.299945
FILLER_11_650,VDD,Metal1,371.2800,58.8000,3.299945
FILLER_11_634,VDD,Metal1,362.0400,58.8000,3.299945
FILLER_11_632,VDD,Metal1,361.2000,58.8000,3.299945
FILLER_11_629,VDD,Metal1,359.2400,58.8000,3.299945
FILLER_11_610,VDD,Metal1,348.6000,58.8000,3.299945
FILLER_11_608,VDD,Metal1,347.7600,58.8000,3.299945
FILLER_11_600,VDD,Metal1,345.4665,59.3765,3.299945
FILLER_11_562,VDD,Metal1,322.0000,58.8000,3.299944
FILLER_11_498,VDD,Metal1,290.6880,59.4920,3.299943
FILLER_11_470,VDD,Metal1,270.4800,58.8000,3.299943
FILLER_11_466,VDD,Metal1,269.1800,59.2325,3.299943
FILLER_11_450,VDD,Metal1,259.2800,58.8000,3.299943
FILLER_11_430,VDD,Metal1,248.0800,58.8000,3.299943
FILLER_11_422,VDD,Metal1,245.7865,59.3765,3.299944
FILLER_11_418,VDD,Metal1,241.3600,58.8000,3.299944
FILLER_11_414,VDD,Metal1,240.0600,59.2325,3.299944
FILLER_11_400,VDD,Metal1,232.2200,59.2325,3.299944
FILLER_11_392,VDD,Metal1,228.9865,59.3765,3.299944
FILLER_11_352,VDD,Metal1,205.3400,59.2325,3.299944
FILLER_11_334,VDD,Metal1,198.8480,59.4920,3.299944
FILLER_11_306,VDD,Metal1,180.8265,59.3765,3.299962
FILLER_11_290,VDD,Metal1,174.2080,59.4920,3.299965
FILLER_11_225,VDD,Metal1,134.2200,59.2325,3.299966
FILLER_11_218,VDD,Metal1,129.0800,58.8000,3.299966
FILLER_11_216,VDD,Metal1,128.2400,58.8000,3.299966
FILLER_11_212,VDD,Metal1,126.9400,59.2325,3.299966
FILLER_11_206,VDD,Metal1,123.5800,59.2325,3.299970
FILLER_11_142,VDD,Metal1,104.8750,59.6140,3.299973
FILLER_11_136,VDD,Metal1,84.3800,59.2325,3.299973
FILLER_11_72,VDD,Metal1,65.6750,59.6140,3.299973
FILLER_11_66,VDD,Metal1,45.1800,59.2325,3.299973
FILLER_11_2,VDD,Metal1,26.4750,59.6140,3.299973
FILLER_10_667,VDD,Metal1,381.7400,58.3675,3.299945
FILLER_10_664,VDD,Metal1,378.8400,58.8000,3.299945
FILLER_10_662,VDD,Metal1,378.0000,58.8000,3.299945
FILLER_10_652,VDD,Metal1,372.4000,58.8000,3.299945
FILLER_10_645,VDD,Metal1,368.4800,58.8000,3.299945
FILLER_10_629,VDD,Metal1,364.0480,58.1080,3.299945
FILLER_10_597,VDD,Metal1,350.6755,58.0310,3.299945
FILLER_10_594,VDD,Metal1,339.6400,58.8000,3.299945
FILLER_10_592,VDD,Metal1,338.8000,58.8000,3.299945
FILLER_10_588,VDD,Metal1,337.5000,58.3675,3.299945
FILLER_10_567,VDD,Metal1,324.5200,58.8000,3.299945
FILLER_10_563,VDD,Metal1,323.5000,58.3675,3.299944
FILLER_10_519,VDD,Metal1,297.6400,58.8000,3.299943
FILLER_10_467,VDD,Metal1,268.5200,58.8000,3.299943
FILLER_10_465,VDD,Metal1,267.6800,58.8000,3.299943
FILLER_10_457,VDD,Metal1,265.3865,58.2230,3.299943
FILLER_10_454,VDD,Metal1,261.2400,58.8000,3.299943
FILLER_10_452,VDD,Metal1,260.4000,58.8000,3.299943
FILLER_10_441,VDD,Metal1,253.9600,58.8000,3.299943
FILLER_10_437,VDD,Metal1,252.9400,58.3675,3.299943
FILLER_10_429,VDD,Metal1,249.7065,58.2230,3.299943
FILLER_10_413,VDD,Metal1,243.0880,58.1080,3.299944
FILLER_10_403,VDD,Metal1,232.9600,58.8000,3.299944
FILLER_10_387,VDD,Metal1,228.5280,58.1080,3.299944
FILLER_10_384,VDD,Metal1,222.0400,58.8000,3.299944
FILLER_10_376,VDD,Metal1,220.0265,58.2230,3.299944
FILLER_10_355,VDD,Metal1,205.8000,58.8000,3.299944
FILLER_10_353,VDD,Metal1,204.9600,58.8000,3.299944
FILLER_10_345,VDD,Metal1,202.6665,58.2230,3.299944
FILLER_10_329,VDD,Metal1,196.0480,58.1080,3.299944
FILLER_10_317,VDD,Metal1,185.7400,58.3675,3.299962
FILLER_10_314,VDD,Metal1,182.8400,58.8000,3.299962
FILLER_10_310,VDD,Metal1,181.8200,58.3675,3.299962
FILLER_10_272,VDD,Metal1,159.6000,58.8000,3.299965
FILLER_10_268,VDD,Metal1,158.3000,58.3675,3.299965
FILLER_10_260,VDD,Metal1,155.0665,58.2230,3.299965
FILLER_10_251,VDD,Metal1,147.5600,58.8000,3.299965
FILLER_10_247,VDD,Metal1,146.5400,58.3675,3.299965
FILLER_10_232,VDD,Metal1,136.9200,58.8000,3.299966
FILLER_10_230,VDD,Metal1,136.0800,58.8000,3.299966
FILLER_10_226,VDD,Metal1,134.7800,58.3675,3.299966
FILLER_10_210,VDD,Metal1,129.4080,58.1080,3.299966
FILLER_10_201,VDD,Metal1,120.7800,58.3675,3.299973
FILLER_10_193,VDD,Metal1,117.5465,58.2230,3.299973
FILLER_10_177,VDD,Metal1,110.9280,58.1080,3.299973
FILLER_10_171,VDD,Metal1,103.9800,58.3675,3.299973
FILLER_10_107,VDD,Metal1,85.2750,57.9855,3.299973
FILLER_10_101,VDD,Metal1,64.7800,58.3675,3.299973
FILLER_10_37,VDD,Metal1,46.0750,57.9855,3.299973
FILLER_10_34,VDD,Metal1,26.0400,58.8000,3.299973
FILLER_10_2,VDD,Metal1,17.4755,58.0310,3.299973
FILLER_9_676,VDD,Metal1,385.5600,50.9600,3.299958
FILLER_9_672,VDD,Metal1,384.5400,51.3925,3.299958
FILLER_9_664,VDD,Metal1,381.3065,51.5365,3.299958
FILLER_9_659,VDD,Metal1,376.0400,50.9600,3.299958
FILLER_9_657,VDD,Metal1,375.2000,50.9600,3.299958
FILLER_9_646,VDD,Metal1,368.7600,50.9600,3.299958
FILLER_9_632,VDD,Metal1,362.1400,51.3925,3.299958
FILLER_9_622,VDD,Metal1,357.7865,51.5365,3.299958
FILLER_9_590,VDD,Metal1,346.7555,51.7285,3.299959
FILLER_9_574,VDD,Metal1,330.9065,51.5365,3.299959
FILLER_9_562,VDD,Metal1,322.9400,51.3925,3.299959
FILLER_9_538,VDD,Metal1,308.2800,50.9600,3.299959
FILLER_9_536,VDD,Metal1,307.4400,50.9600,3.299959
FILLER_9_524,VDD,Metal1,300.7200,50.9600,3.299959
FILLER_9_503,VDD,Metal1,288.6800,50.9600,3.299959
FILLER_9_494,VDD,Metal1,283.6400,50.9600,3.299959
FILLER_9_492,VDD,Metal1,282.8000,50.9600,3.299959
FILLER_9_468,VDD,Metal1,269.3600,50.9600,3.299961
FILLER_9_430,VDD,Metal1,249.0200,51.3925,3.299961
FILLER_9_422,VDD,Metal1,245.7865,51.5365,3.299961
FILLER_9_419,VDD,Metal1,241.6400,50.9600,3.299961
FILLER_9_417,VDD,Metal1,240.8000,50.9600,3.299961
FILLER_9_385,VDD,Metal1,231.9555,51.7285,3.299961
FILLER_9_378,VDD,Metal1,218.6800,50.9600,3.299962
FILLER_9_376,VDD,Metal1,217.8400,50.9600,3.299962
FILLER_9_368,VDD,Metal1,215.5465,51.5365,3.299962
FILLER_9_358,VDD,Metal1,207.4800,50.9600,3.299962
FILLER_9_356,VDD,Metal1,206.6400,50.9600,3.299962
FILLER_9_352,VDD,Metal1,205.3400,51.3925,3.299962
FILLER_9_349,VDD,Metal1,202.4400,50.9600,3.299962
FILLER_9_345,VDD,Metal1,201.4200,51.3925,3.299962
FILLER_9_337,VDD,Metal1,198.1865,51.5365,3.299964
FILLER_9_321,VDD,Metal1,191.5680,51.6520,3.299964
FILLER_9_289,VDD,Metal1,178.1955,51.7285,3.299965
FILLER_9_282,VDD,Metal1,165.2000,50.9600,3.299965
FILLER_9_279,VDD,Metal1,163.2400,50.9600,3.299965
FILLER_9_277,VDD,Metal1,162.4000,50.9600,3.299965
FILLER_9_273,VDD,Metal1,161.1000,51.3925,3.299965
FILLER_9_265,VDD,Metal1,157.8665,51.5365,3.299965
FILLER_9_248,VDD,Metal1,145.8800,50.9600,3.299965
FILLER_9_244,VDD,Metal1,144.8600,51.3925,3.299965
FILLER_9_232,VDD,Metal1,138.1400,51.3925,3.299966
FILLER_9_218,VDD,Metal1,129.0800,50.9600,3.299966
FILLER_9_216,VDD,Metal1,128.2400,50.9600,3.299966
FILLER_9_212,VDD,Metal1,126.9400,51.3925,3.299966
FILLER_9_206,VDD,Metal1,123.5800,51.3925,3.299966
FILLER_9_142,VDD,Metal1,104.8750,51.7740,3.299966
FILLER_9_136,VDD,Metal1,84.3800,51.3925,3.299966
FILLER_9_72,VDD,Metal1,65.6750,51.7740,3.299966
FILLER_9_66,VDD,Metal1,45.1800,51.3925,3.299966
FILLER_9_2,VDD,Metal1,26.4750,51.7740,3.299966
FILLER_8_675,VDD,Metal1,385.2800,50.9600,3.299958
FILLER_8_667,VDD,Metal1,382.9865,50.3830,3.299958
FILLER_8_652,VDD,Metal1,372.1200,50.9600,3.299958
FILLER_8_628,VDD,Metal1,358.6800,50.9600,3.299958
FILLER_8_624,VDD,Metal1,357.6600,50.5275,3.299958
FILLER_8_615,VDD,Metal1,351.4000,50.9600,3.299959
FILLER_8_613,VDD,Metal1,350.5600,50.9600,3.299959
FILLER_8_609,VDD,Metal1,349.2600,50.5275,3.299959
FILLER_8_597,VDD,Metal1,343.7865,50.3830,3.299959
FILLER_8_591,VDD,Metal1,339.1800,50.5275,3.299959
FILLER_8_583,VDD,Metal1,333.7600,50.9600,3.299959
FILLER_8_566,VDD,Metal1,323.9600,50.9600,3.299959
FILLER_8_541,VDD,Metal1,310.2400,50.9600,3.299959
FILLER_8_535,VDD,Metal1,306.8800,50.9600,3.299959
FILLER_8_527,VDD,Metal1,304.5865,50.3830,3.299959
FILLER_8_501,VDD,Metal1,287.5600,50.9600,3.299959
FILLER_8_457,VDD,Metal1,267.7280,50.2680,3.299961
FILLER_8_451,VDD,Metal1,260.7800,50.5275,3.299961
FILLER_8_387,VDD,Metal1,242.0750,50.1455,3.299961
FILLER_8_384,VDD,Metal1,222.0400,50.9600,3.299962
FILLER_8_341,VDD,Metal1,197.9600,50.9600,3.299964
FILLER_8_337,VDD,Metal1,196.9400,50.5275,3.299964
FILLER_8_314,VDD,Metal1,182.8400,50.9600,3.299965
FILLER_8_310,VDD,Metal1,181.8200,50.5275,3.299965
FILLER_8_302,VDD,Metal1,178.5865,50.3830,3.299965
FILLER_8_279,VDD,Metal1,163.2400,50.9600,3.299965
FILLER_8_275,VDD,Metal1,162.2200,50.5275,3.299965
FILLER_8_235,VDD,Metal1,138.8800,50.9600,3.299966
FILLER_8_193,VDD,Metal1,117.5465,50.3830,3.299966
FILLER_8_177,VDD,Metal1,110.9280,50.2680,3.299966
FILLER_8_171,VDD,Metal1,103.9800,50.5275,3.299966
FILLER_8_107,VDD,Metal1,85.2750,50.1455,3.299966
FILLER_8_101,VDD,Metal1,64.7800,50.5275,3.299966
FILLER_8_37,VDD,Metal1,46.0750,50.1455,3.299966
FILLER_8_34,VDD,Metal1,26.0400,50.9600,3.299966
FILLER_8_2,VDD,Metal1,17.4755,50.1910,3.299966
FILLER_7_640,VDD,Metal1,365.4000,43.1200,3.299965
FILLER_7_632,VDD,Metal1,363.3865,43.6965,3.299965
FILLER_7_626,VDD,Metal1,358.7800,43.5525,3.299965
FILLER_7_612,VDD,Metal1,349.7200,43.1200,3.299966
FILLER_7_604,VDD,Metal1,347.7065,43.6965,3.299966
FILLER_7_574,VDD,Metal1,328.7200,43.1200,3.299967
FILLER_7_570,VDD,Metal1,327.4200,43.5525,3.299967
FILLER_7_562,VDD,Metal1,322.9400,43.5525,3.299967
FILLER_7_541,VDD,Metal1,309.9600,43.1200,3.299967
FILLER_7_539,VDD,Metal1,309.1200,43.1200,3.299967
FILLER_7_531,VDD,Metal1,306.8265,43.6965,3.299967
FILLER_7_517,VDD,Metal1,297.7400,43.5525,3.299968
FILLER_7_509,VDD,Metal1,294.5065,43.6965,3.299968
FILLER_7_502,VDD,Metal1,288.1200,43.1200,3.299968
FILLER_7_500,VDD,Metal1,287.2800,43.1200,3.299968
FILLER_7_492,VDD,Metal1,284.9865,43.6965,3.299969
FILLER_7_422,VDD,Metal1,261.6750,43.9340,3.299969
FILLER_7_416,VDD,Metal1,241.1800,43.5525,3.299969
FILLER_7_408,VDD,Metal1,237.9465,43.6965,3.299969
FILLER_7_373,VDD,Metal1,215.8800,43.1200,3.299969
FILLER_7_366,VDD,Metal1,212.2400,43.1200,3.299969
FILLER_7_362,VDD,Metal1,210.9400,43.5525,3.299969
FILLER_7_352,VDD,Metal1,204.4000,43.1200,3.299969
FILLER_7_343,VDD,Metal1,199.3600,43.1200,3.299970
FILLER_7_335,VDD,Metal1,197.0665,43.6965,3.299970
FILLER_7_325,VDD,Metal1,189.2800,43.1200,3.299971
FILLER_7_312,VDD,Metal1,181.7200,43.1200,3.299972
FILLER_7_295,VDD,Metal1,172.2000,43.1200,3.299973
FILLER_7_279,VDD,Metal1,163.2400,43.1200,3.299973
FILLER_7_277,VDD,Metal1,162.4000,43.1200,3.299973
FILLER_7_250,VDD,Metal1,148.2200,43.5525,3.299974
FILLER_7_220,VDD,Metal1,131.4200,43.5525,3.299975
FILLER_7_212,VDD,Metal1,128.1865,43.6965,3.299975
FILLER_7_206,VDD,Metal1,123.5800,43.5525,3.299975
FILLER_7_142,VDD,Metal1,104.8750,43.9340,3.299975
FILLER_7_136,VDD,Metal1,84.3800,43.5525,3.299975
FILLER_7_72,VDD,Metal1,65.6750,43.9340,3.299975
FILLER_7_66,VDD,Metal1,45.1800,43.5525,3.299975
FILLER_7_2,VDD,Metal1,26.4750,43.9340,3.299975
FILLER_6_675,VDD,Metal1,385.2800,43.1200,3.299965
FILLER_6_667,VDD,Metal1,382.9865,42.5430,3.299965
FILLER_6_650,VDD,Metal1,371.2800,43.1200,3.299965
FILLER_6_609,VDD,Metal1,348.0400,43.1200,3.299966
FILLER_6_607,VDD,Metal1,347.2000,43.1200,3.299966
FILLER_6_593,VDD,Metal1,339.3600,43.1200,3.299966
FILLER_6_543,VDD,Metal1,313.5465,42.5430,3.299967
FILLER_6_527,VDD,Metal1,306.9280,42.4280,3.299967
FILLER_6_524,VDD,Metal1,300.4400,43.1200,3.299967
FILLER_6_522,VDD,Metal1,299.6000,43.1200,3.299967
FILLER_6_518,VDD,Metal1,298.3000,42.6875,3.299968
FILLER_6_502,VDD,Metal1,292.9280,42.4280,3.299968
FILLER_6_467,VDD,Metal1,268.5200,43.1200,3.299969
FILLER_6_465,VDD,Metal1,267.6800,43.1200,3.299969
FILLER_6_457,VDD,Metal1,265.3865,42.5430,3.299969
FILLER_6_454,VDD,Metal1,261.2400,43.1200,3.299969
FILLER_6_452,VDD,Metal1,260.4000,43.1200,3.299969
FILLER_6_448,VDD,Metal1,259.1000,42.6875,3.299969
FILLER_6_440,VDD,Metal1,255.8665,42.5430,3.299969
FILLER_6_424,VDD,Metal1,249.2480,42.4280,3.299969
FILLER_6_392,VDD,Metal1,235.8755,42.3510,3.299969
FILLER_6_383,VDD,Metal1,221.7600,43.1200,3.299969
FILLER_6_379,VDD,Metal1,220.4600,42.6875,3.299969
FILLER_6_347,VDD,Metal1,210.6755,42.3510,3.299969
FILLER_6_339,VDD,Metal1,197.1200,43.1200,3.299970
FILLER_6_335,VDD,Metal1,195.8200,42.6875,3.299970
FILLER_6_327,VDD,Metal1,192.5865,42.5430,3.299970
FILLER_6_321,VDD,Metal1,186.7600,43.1200,3.299971
FILLER_6_317,VDD,Metal1,185.7400,42.6875,3.299971
FILLER_6_314,VDD,Metal1,182.8400,43.1200,3.299972
FILLER_6_312,VDD,Metal1,182.0000,43.1200,3.299972
FILLER_6_304,VDD,Metal1,179.7065,42.5430,3.299972
FILLER_6_288,VDD,Metal1,173.0880,42.4280,3.299973
FILLER_6_273,VDD,Metal1,159.8800,43.1200,3.299974
FILLER_6_271,VDD,Metal1,159.0400,43.1200,3.299974
FILLER_6_263,VDD,Metal1,156.7465,42.5430,3.299974
FILLER_6_247,VDD,Metal1,150.1280,42.4280,3.299974
FILLER_6_244,VDD,Metal1,143.6400,43.1200,3.299974
FILLER_6_242,VDD,Metal1,142.8000,43.1200,3.299974
FILLER_6_238,VDD,Metal1,141.5000,42.6875,3.299974
FILLER_6_227,VDD,Metal1,134.1200,43.1200,3.299974
FILLER_6_225,VDD,Metal1,133.2800,43.1200,3.299975
FILLER_6_209,VDD,Metal1,128.8480,42.4280,3.299975
FILLER_6_177,VDD,Metal1,115.4755,42.3510,3.299975
FILLER_6_171,VDD,Metal1,103.9800,42.6875,3.299975
FILLER_6_107,VDD,Metal1,85.2750,42.3055,3.299975
FILLER_6_101,VDD,Metal1,64.7800,42.6875,3.299975
FILLER_6_37,VDD,Metal1,46.0750,42.3055,3.299975
FILLER_6_34,VDD,Metal1,26.0400,43.1200,3.299975
FILLER_6_2,VDD,Metal1,17.4755,42.3510,3.299975
FILLER_5_676,VDD,Metal1,385.5600,35.2800,3.299965
FILLER_5_668,VDD,Metal1,383.5465,35.8565,3.299965
FILLER_5_626,VDD,Metal1,358.7800,35.7125,3.299965
FILLER_5_620,VDD,Metal1,354.2000,35.2800,3.299966
FILLER_5_570,VDD,Metal1,326.4800,35.2800,3.299967
FILLER_5_562,VDD,Metal1,324.1865,35.8565,3.299967
FILLER_5_552,VDD,Metal1,318.5865,35.8565,3.299967
FILLER_5_516,VDD,Metal1,296.2400,35.2800,3.299967
FILLER_5_508,VDD,Metal1,293.9465,35.8565,3.299967
FILLER_5_492,VDD,Metal1,287.3280,35.9720,3.299967
FILLER_5_489,VDD,Metal1,280.8400,35.2800,3.299967
FILLER_5_487,VDD,Metal1,280.0000,35.2800,3.299967
FILLER_5_482,VDD,Metal1,276.9200,35.2800,3.299967
FILLER_5_478,VDD,Metal1,275.9000,35.7125,3.299967
FILLER_5_470,VDD,Metal1,272.6665,35.8565,3.299967
FILLER_5_454,VDD,Metal1,266.0480,35.9720,3.299967
FILLER_5_422,VDD,Metal1,252.6755,36.0485,3.299967
FILLER_5_419,VDD,Metal1,241.6400,35.2800,3.299967
FILLER_5_415,VDD,Metal1,240.6200,35.7125,3.299967
FILLER_5_407,VDD,Metal1,237.3865,35.8565,3.299967
FILLER_5_375,VDD,Metal1,226.3555,36.0485,3.299967
FILLER_5_361,VDD,Metal1,211.6265,35.8565,3.299967
FILLER_5_352,VDD,Metal1,205.3400,35.7125,3.299967
FILLER_5_324,VDD,Metal1,190.9065,35.8565,3.299967
FILLER_5_292,VDD,Metal1,179.8755,36.0485,3.299968
FILLER_5_279,VDD,Metal1,163.2400,35.2800,3.299968
FILLER_5_247,VDD,Metal1,154.6755,36.0485,3.299968
FILLER_5_224,VDD,Metal1,132.7200,35.2800,3.299975
FILLER_5_220,VDD,Metal1,131.4200,35.7125,3.299975
FILLER_5_212,VDD,Metal1,128.1865,35.8565,3.299975
FILLER_5_206,VDD,Metal1,123.5800,35.7125,3.299975
FILLER_5_142,VDD,Metal1,104.8750,36.0940,3.299975
FILLER_5_136,VDD,Metal1,84.3800,35.7125,3.299975
FILLER_5_72,VDD,Metal1,65.6750,36.0940,3.299975
FILLER_5_66,VDD,Metal1,45.1800,35.7125,3.299975
FILLER_5_2,VDD,Metal1,26.4750,36.0940,3.299975
FILLER_4_675,VDD,Metal1,385.2800,35.2800,3.299965
FILLER_4_667,VDD,Metal1,382.9865,34.7030,3.299965
FILLER_4_661,VDD,Metal1,378.3800,34.8475,3.299965
FILLER_4_653,VDD,Metal1,375.1465,34.7030,3.299965
FILLER_4_637,VDD,Metal1,368.5280,34.5880,3.299965
FILLER_4_625,VDD,Metal1,357.2800,35.2800,3.299965
FILLER_4_621,VDD,Metal1,355.9800,34.8475,3.299965
FILLER_4_613,VDD,Metal1,352.7465,34.7030,3.299966
FILLER_4_597,VDD,Metal1,346.1280,34.5880,3.299966
FILLER_4_587,VDD,Metal1,336.0000,35.2800,3.299966
FILLER_4_583,VDD,Metal1,334.7000,34.8475,3.299966
FILLER_4_575,VDD,Metal1,331.4665,34.7030,3.299967
FILLER_4_559,VDD,Metal1,324.8480,34.5880,3.299967
FILLER_4_527,VDD,Metal1,311.4755,34.5110,3.299967
FILLER_4_521,VDD,Metal1,299.9800,34.8475,3.299967
FILLER_4_457,VDD,Metal1,281.2750,34.4655,3.299967
FILLER_4_439,VDD,Metal1,257.6480,34.5880,3.299967
FILLER_4_427,VDD,Metal1,247.3400,34.8475,3.299967
FILLER_4_419,VDD,Metal1,244.1065,34.7030,3.299967
FILLER_4_387,VDD,Metal1,233.0755,34.5110,3.299967
FILLER_4_377,VDD,Metal1,220.5865,34.7030,3.299967
FILLER_4_365,VDD,Metal1,212.6200,34.8475,3.299967
FILLER_4_329,VDD,Metal1,191.5200,35.2800,3.299967
FILLER_4_317,VDD,Metal1,185.7400,34.8475,3.299968
FILLER_4_314,VDD,Metal1,182.8400,35.2800,3.299968
FILLER_4_259,VDD,Metal1,152.3200,35.2800,3.299968
FILLER_4_221,VDD,Metal1,130.7600,35.2800,3.299975
FILLER_4_217,VDD,Metal1,129.7400,34.8475,3.299975
FILLER_4_209,VDD,Metal1,126.5065,34.7030,3.299975
FILLER_4_177,VDD,Metal1,115.4755,34.5110,3.299975
FILLER_4_174,VDD,Metal1,104.4400,35.2800,3.299975
FILLER_4_158,VDD,Metal1,100.2880,34.5880,3.299975
FILLER_4_126,VDD,Metal1,86.9155,34.5110,3.299975
FILLER_4_117,VDD,Metal1,72.5200,35.2800,3.299975
FILLER_4_115,VDD,Metal1,71.6800,35.2800,3.299975
FILLER_4_107,VDD,Metal1,69.3865,34.7030,3.299975
FILLER_4_101,VDD,Metal1,64.7800,34.8475,3.299975
FILLER_4_37,VDD,Metal1,46.0750,34.4655,3.299975
FILLER_4_34,VDD,Metal1,26.0400,35.2800,3.299975
FILLER_4_2,VDD,Metal1,17.4755,34.5110,3.299975
FILLER_3_676,VDD,Metal1,385.5600,27.4400,3.299955
FILLER_3_672,VDD,Metal1,384.5400,27.8725,3.299955
FILLER_3_664,VDD,Metal1,381.3065,28.0165,3.299955
FILLER_3_632,VDD,Metal1,370.2755,28.2085,3.299955
FILLER_3_626,VDD,Metal1,358.7800,27.8725,3.299955
FILLER_3_562,VDD,Metal1,340.0750,28.2540,3.299955
FILLER_3_556,VDD,Metal1,319.5800,27.8725,3.299953
FILLER_3_492,VDD,Metal1,300.8750,28.2540,3.299953
FILLER_3_486,VDD,Metal1,280.3800,27.8725,3.299953
FILLER_3_470,VDD,Metal1,275.0080,28.1320,3.299953
FILLER_3_438,VDD,Metal1,261.6355,28.2085,3.299953
FILLER_3_384,VDD,Metal1,222.3200,27.4400,3.299952
FILLER_3_352,VDD,Metal1,204.4000,27.4400,3.299952
FILLER_3_282,VDD,Metal1,165.2000,27.4400,3.299953
FILLER_3_279,VDD,Metal1,163.2400,27.4400,3.299953
FILLER_3_206,VDD,Metal1,123.5800,27.8725,3.299954
FILLER_3_142,VDD,Metal1,104.8750,28.2540,3.299954
FILLER_3_136,VDD,Metal1,84.3800,27.8725,3.299954
FILLER_3_72,VDD,Metal1,65.6750,28.2540,3.299954
FILLER_3_66,VDD,Metal1,45.1800,27.8725,3.299954
FILLER_3_2,VDD,Metal1,26.4750,28.2540,3.299954
FILLER_2_675,VDD,Metal1,385.2800,27.4400,3.299955
FILLER_2_667,VDD,Metal1,382.9865,26.8630,3.299955
FILLER_2_661,VDD,Metal1,378.3800,27.0075,3.299955
FILLER_2_597,VDD,Metal1,359.6750,26.6255,3.299955
FILLER_2_594,VDD,Metal1,339.6400,27.4400,3.299955
FILLER_2_592,VDD,Metal1,338.8000,27.4400,3.299955
FILLER_2_588,VDD,Metal1,337.5000,27.0075,3.299955
FILLER_2_580,VDD,Metal1,334.2665,26.8630,3.299955
FILLER_2_529,VDD,Metal1,303.2400,27.4400,3.299953
FILLER_2_527,VDD,Metal1,302.4000,27.4400,3.299953
FILLER_2_489,VDD,Metal1,281.1200,27.4400,3.299953
FILLER_2_457,VDD,Metal1,272.2755,26.6710,3.299953
FILLER_2_454,VDD,Metal1,261.2400,27.4400,3.299953
FILLER_2_452,VDD,Metal1,260.4000,27.4400,3.299953
FILLER_2_436,VDD,Metal1,255.9680,26.7480,3.299953
FILLER_2_419,VDD,Metal1,241.6400,27.4400,3.299952
FILLER_2_387,VDD,Metal1,233.0755,26.6710,3.299952
FILLER_2_280,VDD,Metal1,163.8000,27.4400,3.299953
FILLER_2_225,VDD,Metal1,135.4665,26.8630,3.299954
FILLER_2_209,VDD,Metal1,128.8480,26.7480,3.299954
FILLER_2_177,VDD,Metal1,115.4755,26.6710,3.299954
FILLER_2_171,VDD,Metal1,103.9800,27.0075,3.299954
FILLER_2_107,VDD,Metal1,85.2750,26.6255,3.299954
FILLER_2_101,VDD,Metal1,64.7800,27.0075,3.299954
FILLER_2_37,VDD,Metal1,46.0750,26.6255,3.299954
FILLER_2_34,VDD,Metal1,26.0400,27.4400,3.299954
FILLER_2_2,VDD,Metal1,17.4755,26.6710,3.299954
FILLER_1_676,VDD,Metal1,385.5600,19.6000,3.299985
FILLER_1_672,VDD,Metal1,384.5400,20.0325,3.299985
FILLER_1_664,VDD,Metal1,381.3065,20.1765,3.299985
FILLER_1_632,VDD,Metal1,370.2755,20.3685,3.299985
FILLER_1_626,VDD,Metal1,358.7800,20.0325,3.299985
FILLER_1_562,VDD,Metal1,340.0750,20.4140,3.299985
FILLER_1_556,VDD,Metal1,319.5800,20.0325,3.299985
FILLER_1_492,VDD,Metal1,300.8750,20.4140,3.299985
FILLER_1_486,VDD,Metal1,280.3800,20.0325,3.299985
FILLER_1_422,VDD,Metal1,261.6750,20.4140,3.299985
FILLER_1_416,VDD,Metal1,241.1800,20.0325,3.299986
FILLER_1_352,VDD,Metal1,222.4750,20.4140,3.299986
FILLER_1_349,VDD,Metal1,202.4400,19.6000,3.299986
FILLER_1_329,VDD,Metal1,192.4600,20.0325,3.299986
FILLER_1_322,VDD,Metal1,187.3200,19.6000,3.299986
FILLER_1_290,VDD,Metal1,178.7555,20.3685,3.299986
FILLER_1_273,VDD,Metal1,159.8800,19.6000,3.299985
FILLER_1_271,VDD,Metal1,159.0400,19.6000,3.299985
FILLER_1_236,VDD,Metal1,139.1600,19.6000,3.299985
FILLER_1_228,VDD,Metal1,137.1465,20.1765,3.299985
FILLER_1_212,VDD,Metal1,130.5280,20.2920,3.299985
FILLER_1_206,VDD,Metal1,123.5800,20.0325,3.299985
FILLER_1_142,VDD,Metal1,104.8750,20.4140,3.299986
FILLER_1_136,VDD,Metal1,84.3800,20.0325,3.299987
FILLER_1_72,VDD,Metal1,65.6750,20.4140,3.299987
FILLER_1_66,VDD,Metal1,45.1800,20.0325,3.299988
FILLER_1_2,VDD,Metal1,26.4750,20.4140,3.299988
FILLER_0_675,VDD,Metal1,385.2800,19.6000,3.299985
FILLER_0_659,VDD,Metal1,380.8480,18.9080,3.299985
FILLER_0_650,VDD,Metal1,371.0000,19.6000,3.299985
FILLER_0_648,VDD,Metal1,370.1600,19.6000,3.299985
FILLER_0_614,VDD,Metal1,360.1955,18.8310,3.299985
FILLER_0_580,VDD,Metal1,341.1555,18.8310,3.299985
FILLER_0_562,VDD,Metal1,324.1865,19.0230,3.299985
FILLER_0_546,VDD,Metal1,317.5680,18.9080,3.299985
FILLER_0_512,VDD,Metal1,303.0755,18.8310,3.299985
FILLER_0_509,VDD,Metal1,292.0400,19.6000,3.299985
FILLER_0_501,VDD,Metal1,290.0265,19.0230,3.299985
FILLER_0_494,VDD,Metal1,283.6400,19.6000,3.299985
FILLER_0_478,VDD,Metal1,279.4880,18.9080,3.299985
FILLER_0_444,VDD,Metal1,264.9955,18.8310,3.299985
FILLER_0_441,VDD,Metal1,253.9600,19.6000,3.299985
FILLER_0_425,VDD,Metal1,249.8080,18.9080,3.299985
FILLER_0_416,VDD,Metal1,239.9600,19.6000,3.299986
FILLER_0_414,VDD,Metal1,239.1200,19.6000,3.299986
FILLER_0_410,VDD,Metal1,237.8200,19.1675,3.299986
FILLER_0_376,VDD,Metal1,226.9155,18.8310,3.299986
FILLER_0_372,VDD,Metal1,215.6000,19.6000,3.299986
FILLER_0_364,VDD,Metal1,213.3065,19.0230,3.299986
FILLER_0_348,VDD,Metal1,206.6880,18.9080,3.299986
FILLER_0_308,VDD,Metal1,188.8355,18.8310,3.299986
FILLER_0_305,VDD,Metal1,177.8000,19.6000,3.299986
FILLER_0_303,VDD,Metal1,176.9600,19.6000,3.299986
FILLER_0_287,VDD,Metal1,172.5280,18.9080,3.299986
FILLER_0_278,VDD,Metal1,162.6800,19.6000,3.299985
FILLER_0_274,VDD,Metal1,161.6600,19.1675,3.299985
FILLER_0_271,VDD,Metal1,158.7600,19.6000,3.299985
FILLER_0_269,VDD,Metal1,157.9200,19.6000,3.299985
FILLER_0_260,VDD,Metal1,152.6000,19.6000,3.299985
FILLER_0_256,VDD,Metal1,151.5800,19.1675,3.299985
FILLER_0_240,VDD,Metal1,146.2080,18.9080,3.299985
FILLER_0_206,VDD,Metal1,131.7155,18.8310,3.299985
FILLER_0_203,VDD,Metal1,120.6800,19.6000,3.299986
FILLER_0_201,VDD,Metal1,119.8400,19.6000,3.299986
FILLER_0_197,VDD,Metal1,118.5400,19.1675,3.299986
FILLER_0_189,VDD,Metal1,115.3065,19.0230,3.299986
FILLER_0_182,VDD,Metal1,108.9200,19.6000,3.299986
FILLER_0_180,VDD,Metal1,108.0800,19.6000,3.299986
FILLER_0_172,VDD,Metal1,105.7865,19.0230,3.299986
FILLER_0_138,VDD,Metal1,93.6355,18.8310,3.299986
FILLER_0_135,VDD,Metal1,82.6000,19.6000,3.299987
FILLER_0_133,VDD,Metal1,81.7600,19.6000,3.299987
FILLER_0_129,VDD,Metal1,80.4600,19.1675,3.299987
FILLER_0_113,VDD,Metal1,75.0880,18.9080,3.299987
FILLER_0_104,VDD,Metal1,65.2400,19.6000,3.299987
FILLER_0_70,VDD,Metal1,55.5555,18.8310,3.299987
FILLER_0_36,VDD,Metal1,36.5155,18.8310,3.299988
FILLER_0_2,VDD,Metal1,17.4755,18.8310,3.299988
clkload14,VDD,Metal1,345.8030,191.6900,3.299934
clkload13,VDD,Metal1,356.4365,168.9500,3.299938
clkload12,VDD,Metal1,269.6430,199.5300,3.299942
clkload11,VDD,Metal1,293.7230,191.6900,3.299934
clkload10,VDD,Metal1,285.8830,90.5500,3.299921
clkload9,VDD,Metal1,298.1965,74.0900,3.299947
clkload8,VDD,Metal1,212.5230,66.2500,3.299920
clkload7,VDD,Metal1,225.9630,66.2500,3.299919
clkload6,VDD,Metal1,189.0030,262.2500,3.299920
clkload5,VDD,Metal1,190.1230,246.5700,3.299916
clkload4,VDD,Metal1,108.3630,262.2500,3.299928
clkload3,VDD,Metal1,130.2030,263.0300,3.299928
clkload2,VDD,Metal1,118.4430,121.9100,3.299952
clkload1,VDD,Metal1,130.2030,121.1300,3.299951
clkload0,VDD,Metal1,116.2030,192.4700,3.299930
clkbuf_4_15_0_clk,VDD,Metal1,350.4975,183.7325,3.299942
clkbuf_4_14_0_clk,VDD,Metal1,356.0975,168.0525,3.299938
clkbuf_4_13_0_clk,VDD,Metal1,279.9375,207.2525,3.299937
clkbuf_4_12_0_clk,VDD,Metal1,298.5425,200.4275,3.299938
clkbuf_4_11_0_clk,VDD,Metal1,290.5775,89.6525,3.299921
clkbuf_4_10_0_clk,VDD,Metal1,305.8225,82.8275,3.299930
clkbuf_4_9_0_clk,VDD,Metal1,217.3425,67.1475,3.299920
clkbuf_4_8_0_clk,VDD,Metal1,231.9025,67.1475,3.299918
clkbuf_4_7_0_clk,VDD,Metal1,194.2575,239.6275,3.299929
clkbuf_4_6_0_clk,VDD,Metal1,199.4225,246.4525,3.299916
clkbuf_4_5_0_clk,VDD,Metal1,116.9775,255.3075,3.299923
clkbuf_4_4_0_clk,VDD,Metal1,136.7025,262.1325,3.299928
clkbuf_4_3_0_clk,VDD,Metal1,123.1375,128.8525,3.299960
clkbuf_4_2_0_clk,VDD,Metal1,135.0225,122.0275,3.299951
clkbuf_4_1_0_clk,VDD,Metal1,121.0225,191.5725,3.299930
clkbuf_4_0_0_clk,VDD,Metal1,103.6625,192.5875,3.299931
clkbuf_0_clk,VDD,Metal1,226.0910,153.3770,3.299919
wire663,VDD,Metal1,154.7800,263.2090,3.299928
load_slew662,VDD,Metal1,372.1165,89.7700,3.299917
load_slew661,VDD,Metal1,369.8580,74.0765,3.299947
wire660,VDD,Metal1,376.5780,191.6765,3.299933
load_slew659,VDD,Metal1,383.5900,270.7525,3.299915
fanout658,VDD,Metal1,378.3700,66.9700,3.299921
load_slew657,VDD,Metal1,375.4830,114.0700,3.299951
wire656,VDD,Metal1,365.6700,113.9525,3.299951
wire655,VDD,Metal1,353.0580,270.8830,3.299916
fanout654,VDD,Metal1,377.0700,106.1700,3.299952
load_slew653,VDD,Metal1,335.6980,90.5630,3.299923
load_slew652,VDD,Metal1,352.4600,90.7290,3.299918
load_slew651,VDD,Metal1,330.0600,90.7290,3.299923
load_slew650,VDD,Metal1,325.5080,74.9480,3.299949
wire649,VDD,Metal1,312.1965,152.4900,3.299927
load_slew648,VDD,Metal1,314.2600,98.3010,3.299961
wire647,VDD,Metal1,318.3565,152.4900,3.299939
wire646,VDD,Metal1,311.9100,262.3675,3.299911
load_slew645,VDD,Metal1,317.7965,98.3900,3.299961
fanout644,VDD,Metal1,326.1100,98.3300,3.299961
wire643,VDD,Metal1,304.5030,89.7230,3.299921
wire642,VDD,Metal1,319.4580,97.5965,3.299961
load_slew641,VDD,Metal1,308.8615,90.5630,3.299921
wire640,VDD,Metal1,307.6980,262.2365,3.299910
load_slew639,VDD,Metal1,303.7965,74.0900,3.299947
wire638,VDD,Metal1,291.1900,74.2075,3.299947
fanout637,VDD,Metal1,302.0300,90.4900,3.299921
wire636,VDD,Metal1,108.5030,223.0030,3.299954
wire635,VDD,Metal1,372.6580,175.9965,3.299958
wire634,VDD,Metal1,366.4980,98.4030,3.299949
load_slew633,VDD,Metal1,270.7380,98.4030,3.299960
wire632,VDD,Metal1,371.5380,97.5965,3.299949
load_slew631,VDD,Metal1,273.5380,97.5965,3.299960
wire630,VDD,Metal1,278.6030,145.4300,3.299960
wire629,VDD,Metal1,317.8215,270.8830,3.299917
load_slew628,VDD,Metal1,252.2580,97.5965,3.299961
fanout627,VDD,Metal1,266.9300,97.6700,3.299960
wire626,VDD,Metal1,257.2980,175.9965,3.299958
load_slew625,VDD,Metal1,263.4830,145.4300,3.299960
wire624,VDD,Metal1,255.6180,277.9165,3.299857
load_slew623,VDD,Metal1,255.2600,349.1810,3.299869
wire622,VDD,Metal1,255.3500,121.2475,3.299945
fanout621,VDD,Metal1,257.2300,113.3500,3.299951
load_slew620,VDD,Metal1,222.5400,122.0890,3.299947
wire619,VDD,Metal1,349.6600,128.7910,3.299941
load_slew618,VDD,Metal1,75.3415,34.8765,3.299975
wire617,VDD,Metal1,260.6830,74.8700,3.299948
wire616,VDD,Metal1,308.2830,161.1100,3.299959
load_slew615,VDD,Metal1,343.5630,144.6500,3.299960
fanout614,VDD,Metal1,246.2100,27.1100,3.299953
load_slew613,VDD,Metal1,333.4830,168.9500,3.299940
wire612,VDD,Metal1,344.3900,192.3525,3.299935
load_slew611,VDD,Metal1,352.5230,254.4100,3.299914
fanout610,VDD,Metal1,326.6700,160.3900,3.299959
load_slew609,VDD,Metal1,325.6180,153.2830,3.299939
load_slew608,VDD,Metal1,333.4765,153.2700,3.299939
load_slew607,VDD,Metal1,334.0615,160.3165,3.299959
load_slew606,VDD,Metal1,357.7400,144.7385,3.299959
fanout605,VDD,Metal1,315.6500,161.0500,3.299959
wire604,VDD,Metal1,271.0300,176.1275,3.299958
load_slew603,VDD,Metal1,278.0365,208.1500,3.299937
load_slew602,VDD,Metal1,258.9965,230.8900,3.299934
fanout601,VDD,Metal1,286.3500,176.0700,3.299958
load_slew600,VDD,Metal1,284.0200,176.7010,3.299958
load_slew599,VDD,Metal1,287.3800,176.7010,3.299958
load_slew598,VDD,Metal1,284.7815,192.4830,3.299934
wire597,VDD,Metal1,272.9965,183.8500,3.299945
fanout596,VDD,Metal1,277.0100,176.0700,3.299958
load_slew595,VDD,Metal1,250.6215,34.8765,3.299967
wire594,VDD,Metal1,235.4765,58.4100,3.299944
load_slew593,VDD,Metal1,285.8765,51.3500,3.299959
fanout592,VDD,Metal1,247.7100,27.7700,3.299953
load_slew591,VDD,Metal1,328.8200,35.5810,3.299967
load_slew590,VDD,Metal1,332.0900,35.5525,3.299967
wire589,VDD,Metal1,338.2500,35.0075,3.299966
wire588,VDD,Metal1,357.5630,74.8700,3.299948
fanout587,VDD,Metal1,326.8500,27.1100,3.299955
wire586,VDD,Metal1,171.0765,176.0100,3.299966
load_slew585,VDD,Metal1,156.1400,200.2210,3.299949
load_slew584,VDD,Metal1,194.0430,207.3700,3.299940
fanout583,VDD,Metal1,175.4700,161.0500,3.299969
load_slew582,VDD,Metal1,212.7000,231.5810,3.299937
load_slew581,VDD,Metal1,210.5500,247.2325,3.299915
load_slew580,VDD,Metal1,208.0365,255.1900,3.299922
fanout579,VDD,Metal1,194.6900,231.6100,3.299938
load_slew578,VDD,Metal1,172.9400,239.4210,3.299931
load_slew577,VDD,Metal1,174.0600,238.8185,3.299931
load_slew576,VDD,Metal1,179.3000,254.4985,3.299922
load_slew575,VDD,Metal1,166.5965,255.1900,3.299922
fanout574,VDD,Metal1,169.3100,231.6100,3.299939
load_slew573,VDD,Metal1,82.6215,160.3165,3.299975
load_slew572,VDD,Metal1,70.2830,176.7900,3.299973
load_slew571,VDD,Metal1,110.8900,168.2875,3.299958
fanout570,VDD,Metal1,75.7900,160.3900,3.299975
load_slew569,VDD,Metal1,102.1780,230.8765,3.299943
load_slew568,VDD,Metal1,93.2365,239.5100,3.299941
fanout567,VDD,Metal1,96.1300,223.7700,3.299954
load_slew566,VDD,Metal1,122.5400,247.2610,3.299921
load_slew565,VDD,Metal1,128.3400,270.7810,3.299931
load_slew564,VDD,Metal1,127.9630,270.0900,3.299931
load_slew563,VDD,Metal1,121.7965,239.5100,3.299937
fanout562,VDD,Metal1,119.6500,238.7900,3.299937
load_slew561,VDD,Metal1,140.8365,51.3500,3.299965
load_slew560,VDD,Metal1,136.1800,113.9810,3.299973
wire559,VDD,Metal1,130.7565,136.8100,3.299970
fanout558,VDD,Metal1,148.7700,27.7700,3.299953
wire557,VDD,Metal1,186.7630,121.1300,3.299950
fanout556,VDD,Metal1,158.2900,121.1900,3.299951
load_slew555,VDD,Metal1,165.4830,19.2100,3.299986
wire554,VDD,Metal1,173.6100,35.0075,3.299968
load_slew553,VDD,Metal1,199.3700,42.8475,3.299970
wire552,VDD,Metal1,215.0300,35.5525,3.299967
fanout551,VDD,Metal1,158.8500,27.1100,3.299953
wire550,VDD,Metal1,134.3900,74.2075,3.299956
wire549,VDD,Metal1,208.0615,67.0430,3.299921
wire548,VDD,Metal1,256.7815,160.3165,3.299961
load_slew547,VDD,Metal1,264.2200,183.9385,3.299946
fanout546,VDD,Metal1,137.0100,66.3100,3.299941
load_slew545,VDD,Metal1,265.1815,191.6765,3.299934
wire544,VDD,Metal1,327.3230,176.0100,3.299959
wire543,VDD,Metal1,356.9965,145.4300,3.299959
fanout542,VDD,Metal1,255.1700,183.9100,3.299946
wire541,VDD,Metal1,87.9300,176.6725,3.299972
load_slew540,VDD,Metal1,113.6900,270.2075,3.299937
load_slew539,VDD,Metal1,159.8830,270.8700,3.299930
fanout538,VDD,Metal1,81.9500,176.0700,3.299972
load_slew537,VDD,Metal1,88.1780,175.9965,3.299972
wire536,VDD,Metal1,110.6030,230.8900,3.299942
fanout535,VDD,Metal1,79.8900,168.8900,3.299962
load_slew534,VDD,Metal1,137.6600,74.1785,3.299955
wire533,VDD,Metal1,156.5165,98.3900,3.299963
load_slew532,VDD,Metal1,156.4980,128.9565,3.299961
load_slew531,VDD,Metal1,175.7400,129.0585,3.299961
fanout530,VDD,Metal1,135.3300,66.9700,3.299941
load_slew529,VDD,Metal1,382.7815,113.2765,3.299950
wire528,VDD,Metal1,363.4300,364.8325,3.299827
wire527,VDD,Metal1,263.4580,333.6030,3.299751
fanout526,VDD,Metal1,380.4300,364.8900,3.299827
wire525,VDD,Metal1,225.9630,128.9700,3.299942
load_slew524,VDD,Metal1,220.3630,168.1700,3.299943
wire523,VDD,Metal1,251.1815,278.7230,3.299858
load_slew522,VDD,Metal1,215.1400,106.1410,3.299957
fanout521,VDD,Metal1,218.0300,97.6700,3.299961
load_slew520,VDD,Metal1,139.6980,114.0830,3.299973
load_slew519,VDD,Metal1,181.1815,113.2765,3.299971
load_slew518,VDD,Metal1,219.7780,128.9565,3.299942
wire517,VDD,Metal1,244.9780,192.4830,3.299935
wire516,VDD,Metal1,352.4980,81.9165,3.299929
wire515,VDD,Metal1,364.8180,105.4365,3.299952
wire514,VDD,Metal1,141.3780,128.9565,3.299960
wire513,VDD,Metal1,265.1815,113.2765,3.299951
load_slew512,VDD,Metal1,157.6615,262.2365,3.299927
load_slew511,VDD,Metal1,141.9815,136.7965,3.299967
load_slew510,VDD,Metal1,112.8615,152.4765,3.299932
load_slew509,VDD,Metal1,297.6180,207.3565,3.299937
load_slew508,VDD,Metal1,238.2580,215.1965,3.299953
load_slew507,VDD,Metal1,218.6580,199.5165,3.299945
load_slew506,VDD,Metal1,220.3815,215.1965,3.299960
load_slew505,VDD,Metal1,206.9415,223.0365,3.299943
load_slew504,VDD,Metal1,199.0200,208.3290,3.299940
load_slew503,VDD,Metal1,187.8580,231.6830,3.299938
load_slew502,VDD,Metal1,169.9380,223.0365,3.299947
load_slew501,VDD,Metal1,180.5780,215.1965,3.299964
load_slew500,VDD,Metal1,176.1415,231.6830,3.299939
load_slew499,VDD,Metal1,373.2180,160.3165,3.299957
load_slew498,VDD,Metal1,370.4615,168.1565,3.299938
wire497,VDD,Metal1,351.3780,262.2365,3.299888
wire496,VDD,Metal1,334.5780,199.5165,3.299938
wire495,VDD,Metal1,314.4615,215.1965,3.299945
load_slew494,VDD,Metal1,279.1815,161.1230,3.299959
load_slew493,VDD,Metal1,284.1780,230.8765,3.299932
wire492,VDD,Metal1,273.5815,216.0030,3.299946
load_slew491,VDD,Metal1,242.7380,238.7165,3.299926
load_slew490,VDD,Metal1,230.9780,262.2365,3.299916
load_slew489,VDD,Metal1,227.6615,223.8430,3.299942
load_slew488,VDD,Metal1,195.1000,247.5290,3.299916
load_slew487,VDD,Metal1,196.7800,277.7510,3.299869
load_slew486,VDD,Metal1,178.3000,277.7510,3.299870
load_slew485,VDD,Metal1,313.9015,270.0765,3.299916
load_slew484,VDD,Metal1,284.7815,255.2030,3.299915
wire483,VDD,Metal1,279.1815,216.0030,3.299946
load_slew482,VDD,Metal1,316.0980,239.5230,3.299922
load_slew481,VDD,Metal1,244.4180,246.5565,3.299910
load_slew480,VDD,Metal1,228.7815,310.0830,3.299925
load_slew479,VDD,Metal1,213.1015,255.2030,3.299922
wire478,VDD,Metal1,270.2215,357.1230,3.299887
load_slew477,VDD,Metal1,291.5015,364.9630,3.299817
wire476,VDD,Metal1,250.0615,332.7965,3.299761
load_slew475,VDD,Metal1,113.5800,238.8185,3.299938
load_slew474,VDD,Metal1,128.5165,223.0500,3.299954
load_slew473,VDD,Metal1,131.5000,199.6185,3.299951
load_slew472,VDD,Metal1,149.7965,168.9500,3.299958
fanout471,VDD,Metal1,130.1100,223.7700,3.299954
load_slew470,VDD,Metal1,354.2215,50.5565,3.299958
load_slew469,VDD,Metal1,334.5780,51.3630,3.299959
wire468,VDD,Metal1,334.8700,89.8875,3.299923
fanout467,VDD,Metal1,328.5300,50.6300,3.299959
wire466,VDD,Metal1,316.9500,74.2075,3.299948
load_slew465,VDD,Metal1,316.8600,129.0585,3.299943
load_slew464,VDD,Metal1,320.0615,58.3965,3.299944
load_slew463,VDD,Metal1,323.9815,90.5630,3.299923
wire462,VDD,Metal1,304.3565,106.2300,3.299955
fanout461,VDD,Metal1,313.2300,51.2900,3.299959
load_slew460,VDD,Metal1,294.2765,66.2500,3.299919
wire459,VDD,Metal1,287.2700,74.2075,3.299947
load_slew458,VDD,Metal1,288.1415,67.0430,3.299918
load_slew457,VDD,Metal1,285.7000,97.6985,3.299960
fanout456,VDD,Metal1,296.9900,66.9700,3.299919
load_slew455,VDD,Metal1,269.4600,74.1785,3.299947
load_slew454,VDD,Metal1,275.8030,98.3900,3.299960
load_slew453,VDD,Metal1,271.2980,105.4365,3.299954
fanout452,VDD,Metal1,266.9300,66.3100,3.299918
wire451,VDD,Metal1,252.8365,105.4500,3.299955
load_slew450,VDD,Metal1,264.4200,74.7810,3.299947
load_slew449,VDD,Metal1,267.5800,106.1410,3.299954
wire448,VDD,Metal1,268.2300,113.9525,3.299951
fanout447,VDD,Metal1,256.2900,74.1500,3.299948
wire446,VDD,Metal1,259.0215,114.0830,3.299951
load_slew445,VDD,Metal1,227.6180,105.4365,3.299956
load_slew444,VDD,Metal1,236.6030,114.0700,3.299962
load_slew443,VDD,Metal1,200.7565,105.4500,3.299959
fanout442,VDD,Metal1,217.6500,105.5100,3.299957
load_slew441,VDD,Metal1,241.6615,81.9165,3.299934
load_slew440,VDD,Metal1,223.1380,82.7230,3.299935
wire439,VDD,Metal1,201.0300,89.8875,3.299941
load_slew438,VDD,Metal1,234.3630,145.4300,3.299962
load_slew437,VDD,Metal1,244.9780,137.6030,3.299959
fanout436,VDD,Metal1,215.4100,81.9900,3.299935
wire435,VDD,Metal1,209.7165,145.4300,3.299964
load_slew434,VDD,Metal1,201.0300,82.5925,3.299939
load_slew433,VDD,Metal1,206.9415,90.5630,3.299940
load_slew432,VDD,Metal1,211.5800,105.5385,3.299958
load_slew431,VDD,Metal1,217.8500,137.4725,3.299960
fanout430,VDD,Metal1,227.7300,81.9900,3.299934
wire429,VDD,Metal1,190.6765,137.5900,3.299963
wire428,VDD,Metal1,197.1100,113.4075,3.299970
load_slew427,VDD,Metal1,181.6980,114.0830,3.299971
load_slew426,VDD,Metal1,180.6030,145.4300,3.299967
fanout425,VDD,Metal1,198.0500,114.0100,3.299970
wire424,VDD,Metal1,167.1630,153.2700,3.299927
load_slew423,VDD,Metal1,163.8215,128.9565,3.299961
wire422,VDD,Metal1,161.8500,106.1125,3.299967
wire421,VDD,Metal1,176.1165,168.1700,3.299957
fanout420,VDD,Metal1,157.5500,121.8500,3.299951
wire419,VDD,Metal1,168.2830,168.9500,3.299957
load_slew418,VDD,Metal1,176.6580,121.9230,3.299951
load_slew417,VDD,Metal1,181.1630,105.4500,3.299965
load_slew416,VDD,Metal1,175.5565,145.4300,3.299968
fanout415,VDD,Metal1,168.9300,114.0100,3.299972
load_slew414,VDD,Metal1,167.3400,129.0585,3.299961
load_slew413,VDD,Metal1,167.1565,105.4500,3.299967
load_slew412,VDD,Metal1,160.9965,90.5500,3.299943
fanout411,VDD,Metal1,168.7500,113.3500,3.299972
load_slew410,VDD,Metal1,142.1400,121.2185,3.299951
load_slew409,VDD,Metal1,158.3800,223.1385,3.299950
wire408,VDD,Metal1,121.7965,223.0500,3.299954
fanout407,VDD,Metal1,159.2300,223.7700,3.299950
load_slew406,VDD,Metal1,156.5415,50.5565,3.299965
wire405,VDD,Metal1,208.3300,66.3675,3.299921
load_slew404,VDD,Metal1,214.1965,145.4300,3.299963
load_slew403,VDD,Metal1,166.5780,175.9965,3.299966
fanout402,VDD,Metal1,149.3300,50.6300,3.299965
load_slew401,VDD,Metal1,176.9500,215.3275,3.299964
wire400,VDD,Metal1,211.9630,208.1500,3.299940
fanout399,VDD,Metal1,171.7300,200.2500,3.299949
load_slew398,VDD,Metal1,323.0200,184.5410,3.299943
wire397,VDD,Metal1,304.0700,176.1275,3.299959
wire396,VDD,Metal1,338.2500,183.9675,3.299942
load_slew395,VDD,Metal1,361.1000,144.7385,3.299959
fanout394,VDD,Metal1,315.6500,184.5700,3.299943
load_slew393,VDD,Metal1,237.4500,223.1675,3.299942
load_slew392,VDD,Metal1,239.5800,192.3810,3.299935
load_slew391,VDD,Metal1,253.9630,215.9900,3.299948
fanout390,VDD,Metal1,236.5100,215.9300,3.299953
fanout389,VDD,Metal1,222.6900,208.0900,3.299939
wire388,VDD,Metal1,186.4900,215.3275,3.299963
load_slew387,VDD,Metal1,172.0200,199.6185,3.299949
fanout386,VDD,Metal1,169.4900,192.4100,3.299942
load_slew385,VDD,Metal1,155.4030,208.1500,3.299944
load_slew384,VDD,Metal1,152.3100,184.5125,3.299950
load_slew383,VDD,Metal1,140.8180,199.5165,3.299951
load_slew382,VDD,Metal1,100.7900,207.4875,3.299948
fanout381,VDD,Metal1,143.1700,208.0900,3.299946
load_slew380,VDD,Metal1,114.2500,223.1675,3.299954
load_slew379,VDD,Metal1,141.4030,192.4700,3.299931
load_slew378,VDD,Metal1,150.0700,145.3125,3.299969
fanout377,VDD,Metal1,137.0100,230.9500,3.299941
load_slew376,VDD,Metal1,122.7400,200.2210,3.299952
wire375,VDD,Metal1,137.5700,238.7900,3.299935
wire374,VDD,Metal1,121.7965,215.2100,3.299969
load_slew373,VDD,Metal1,126.2580,215.1965,3.299967
fanout372,VDD,Metal1,128.4300,230.9500,3.299941
load_slew371,VDD,Metal1,141.9630,160.3300,3.299970
load_slew370,VDD,Metal1,125.7165,144.6500,3.299974
fanout369,VDD,Metal1,144.1100,161.0500,3.299970
wire368,VDD,Metal1,318.6500,59.0725,3.299944
fanout367,VDD,Metal1,306.1300,66.3100,3.299921
wire366,VDD,Metal1,202.4430,81.9300,3.299939
load_slew365,VDD,Metal1,229.3230,74.0900,3.299949
load_slew364,VDD,Metal1,272.4430,51.3500,3.299959
fanout363,VDD,Metal1,198.4300,98.3300,3.299962
wire362,VDD,Metal1,312.1965,43.5100,3.299967
wire361,VDD,Metal1,250.3100,59.0725,3.299943
fanout360,VDD,Metal1,366.0500,42.7900,3.299965
wire359,VDD,Metal1,189.5815,105.4365,3.299965
wire358,VDD,Metal1,289.8030,97.6100,3.299960
load_slew357,VDD,Metal1,298.2030,121.9100,3.299944
fanout356,VDD,Metal1,282.6100,50.6300,3.299959
load_slew355,VDD,Metal1,323.0200,66.9410,3.299923
load_slew354,VDD,Metal1,328.0600,97.6985,3.299961
load_slew353,VDD,Metal1,323.3965,106.2300,3.299955
fanout352,VDD,Metal1,315.6500,66.9700,3.299922
wire351,VDD,Metal1,191.7780,82.7230,3.299942
load_slew350,VDD,Metal1,176.7015,89.7565,3.299942
load_slew349,VDD,Metal1,180.5780,89.7565,3.299942
load_slew348,VDD,Metal1,190.6580,98.4030,3.299962
load_slew347,VDD,Metal1,145.3230,239.5100,3.299932
wire346,VDD,Metal1,258.4615,216.0030,3.299948
fanout345,VDD,Metal1,139.0700,223.7700,3.299953
load_slew344,VDD,Metal1,264.0430,215.9900,3.299947
load_slew343,VDD,Metal1,285.3230,183.8500,3.299943
load_slew342,VDD,Metal1,337.9815,175.9965,3.299958
fanout341,VDD,Metal1,257.2300,215.2700,3.299948
load_slew340,VDD,Metal1,148.8600,239.4210,3.299932
load_slew339,VDD,Metal1,170.5230,238.7300,3.299931
load_slew338,VDD,Metal1,196.5700,215.8725,3.299962
fanout337,VDD,Metal1,136.8300,239.4500,3.299935
load_slew336,VDD,Metal1,152.4200,239.4210,3.299932
load_slew335,VDD,Metal1,148.6765,191.6900,3.299931
wire334,VDD,Metal1,114.2300,215.8725,3.299969
fanout333,VDD,Metal1,128.6100,238.7900,3.299936
load_slew332,VDD,Metal1,166.3300,215.8725,3.299965
wire331,VDD,Metal1,274.1230,199.5300,3.299940
fanout330,VDD,Metal1,157.1700,230.9500,3.299939
load_slew329,VDD,Metal1,243.3230,215.2100,3.299950
load_slew328,VDD,Metal1,279.4500,183.9675,3.299945
load_slew327,VDD,Metal1,337.4030,192.4700,3.299935
fanout326,VDD,Metal1,237.0700,208.0900,3.299939
load_slew325,VDD,Metal1,158.0200,215.2985,3.299965
load_slew324,VDD,Metal1,185.6430,215.9900,3.299963
load_slew323,VDD,Metal1,145.3165,215.9900,3.299966
fanout322,VDD,Metal1,152.1300,215.9300,3.299966
load_slew321,VDD,Metal1,159.3230,215.9900,3.299965
load_slew320,VDD,Metal1,151.1900,144.7675,3.299969
wire319,VDD,Metal1,132.9965,223.0500,3.299953
fanout318,VDD,Metal1,149.8900,215.2700,3.299966
load_slew317,VDD,Metal1,184.4980,74.8830,3.299951
load_slew316,VDD,Metal1,173.8580,58.3965,3.299965
load_slew315,VDD,Metal1,174.4180,43.5230,3.299973
load_slew314,VDD,Metal1,139.2500,215.2700,3.299967
wire313,VDD,Metal1,148.4100,192.3525,3.299931
wire312,VDD,Metal1,117.3165,215.2100,3.299969
fanout311,VDD,Metal1,138.6900,215.9300,3.299967
load_slew310,VDD,Metal1,150.9165,168.1700,3.299958
load_slew309,VDD,Metal1,116.4700,137.4725,3.299971
fanout308,VDD,Metal1,152.6900,161.0500,3.299970
max_cap307,VDD,Metal1,145.1400,43.4210,3.299974
wire306,VDD,Metal1,134.8600,74.7810,3.299956
wire305,VDD,Metal1,343.5565,89.7700,3.299922
wire304,VDD,Metal1,331.7965,128.9700,3.299944
load_slew303,VDD,Metal1,247.2365,247.3500,3.299910
load_slew302,VDD,Metal1,331.6200,262.3385,3.299914
max_cap301,VDD,Metal1,219.7965,262.2500,3.299917
wire300,VDD,Metal1,381.5500,317.8500,3.299425
wire299,VDD,Metal1,374.8300,356.3900,3.299873
max_cap298,VDD,Metal1,380.0500,325.6900,3.299232
wire297,VDD,Metal1,377.6300,349.2100,3.299865
wire296,VDD,Metal1,374.8300,341.3700,3.299712
max_cap295,VDD,Metal1,369.7900,348.5500,3.299867
wire294,VDD,Metal1,365.3100,349.2100,3.299868
load_slew293,VDD,Metal1,220.6500,364.8325,3.299936
wire292,VDD,Metal1,381.1700,208.0900,3.299933
wire291,VDD,Metal1,380.9900,215.9300,3.299942
wire290,VDD,Metal1,374.8300,246.6300,3.299898
wire289,VDD,Metal1,368.6700,230.9500,3.299927
max_cap288,VDD,Metal1,372.0300,238.7900,3.299915
wire287,VDD,Metal1,365.8700,246.6300,3.299898
wire286,VDD,Metal1,358.0300,230.9500,3.299928
max_cap285,VDD,Metal1,363.0700,238.7900,3.299916
wire284,VDD,Metal1,354.1100,239.4500,3.299916
load_slew283,VDD,Metal1,195.1565,286.5500,3.299918
wire282,VDD,Metal1,253.8700,74.8100,3.299948
wire281,VDD,Metal1,178.7400,309.9810,3.299931
wire280,VDD,Metal1,307.5400,278.6210,3.299856
load_slew279,VDD,Metal1,259.9400,348.5785,3.299867
load_slew278,VDD,Metal1,142.2300,207.4875,3.299946
load_slew277,VDD,Metal1,121.7965,215.9900,3.299969
fanout276,VDD,Metal1,149.3300,223.1100,3.299952
wire275,VDD,Metal1,152.8700,152.6075,3.299928
load_slew274,VDD,Metal1,130.1965,144.6500,3.299974
fanout273,VDD,Metal1,149.8900,160.3900,3.299970
max_cap272,VDD,Metal1,131.8580,192.4830,3.299930
load_slew271,VDD,Metal1,131.3800,200.4890,3.299951
load_slew270,VDD,Metal1,171.9100,215.3275,3.299964
wire269,VDD,Metal1,189.5630,208.1500,3.299942
fanout268,VDD,Metal1,169.3100,208.0900,3.299943
wire267,VDD,Metal1,298.2030,191.6900,3.299934
load_slew266,VDD,Metal1,333.4830,176.0100,3.299959
fanout265,VDD,Metal1,286.9100,200.2500,3.299938
wire264,VDD,Metal1,238.8615,238.7165,3.299927
wire263,VDD,Metal1,284.7630,231.6700,3.299932
fanout262,VDD,Metal1,149.3300,262.3100,3.299928
load_slew261,VDD,Metal1,270.0200,200.2210,3.299942
load_slew260,VDD,Metal1,274.7015,184.6430,3.299945
fanout259,VDD,Metal1,262.2700,200.2500,3.299943
wire258,VDD,Metal1,336.2830,200.3100,3.299938
load_slew257,VDD,Metal1,357.5630,255.1900,3.299914
fanout256,VDD,Metal1,326.2900,168.8900,3.299940
wire255,VDD,Metal1,187.6100,270.2075,3.299929
load_slew254,VDD,Metal1,207.2100,247.2325,3.299915
fanout253,VDD,Metal1,145.7900,262.9700,3.299928
load_slew252,VDD,Metal1,149.2180,270.0765,3.299930
load_slew251,VDD,Metal1,160.1700,247.2325,3.299916
fanout250,VDD,Metal1,131.4100,255.1300,3.299923
wire249,VDD,Metal1,279.4500,184.5125,3.299945
load_slew248,VDD,Metal1,304.3815,191.6765,3.299934
fanout247,VDD,Metal1,256.8500,191.7500,3.299934
load_slew246,VDD,Metal1,355.3415,161.1230,3.299957
load_slew245,VDD,Metal1,354.4900,144.7675,3.299959
fanout244,VDD,Metal1,340.8500,168.8900,3.299939
wire243,VDD,Metal1,209.1630,246.5700,3.299915
fanout242,VDD,Metal1,146.9100,247.2900,3.299917
load_slew241,VDD,Metal1,174.9780,262.2365,3.299922
load_slew240,VDD,Metal1,209.4500,231.5525,3.299937
fanout239,VDD,Metal1,136.8300,262.9700,3.299928
load_slew238,VDD,Metal1,148.0980,246.5565,3.299917
load_slew237,VDD,Metal1,148.6830,254.4100,3.299923
fanout236,VDD,Metal1,136.4500,270.1500,3.299930
wire235,VDD,Metal1,258.4615,207.3565,3.299939
load_slew234,VDD,Metal1,175.5380,208.1630,3.299943
wire233,VDD,Metal1,193.2100,208.0325,3.299940
fanout232,VDD,Metal1,165.9500,215.2700,3.299965
wire231,VDD,Metal1,298.4900,199.6475,3.299938
load_slew230,VDD,Metal1,334.0430,176.7900,3.299958
fanout229,VDD,Metal1,286.9100,208.0900,3.299937
output228,VDD,Metal1,373.8215,19.1965,3.299985
output227,VDD,Metal1,383.9015,277.9165,3.299851
output226,VDD,Metal1,369.9015,262.2365,3.299885
output225,VDD,Metal1,354.7815,246.5565,3.299899
output224,VDD,Metal1,366.5415,255.2030,3.299914
output223,VDD,Metal1,359.2615,246.5565,3.299899
output222,VDD,Metal1,383.9015,270.0765,3.299915
output221,VDD,Metal1,370.4615,247.3630,3.299898
output220,VDD,Metal1,383.9015,262.2365,3.299884
output219,VDD,Metal1,383.9015,286.5630,3.299891
output218,VDD,Metal1,377.1815,254.3965,3.299914
output217,VDD,Metal1,353.1015,255.2030,3.299914
output216,VDD,Metal1,372.7015,277.9165,3.299853
output215,VDD,Metal1,379.4215,278.7230,3.299851
output214,VDD,Metal1,383.9015,285.7565,3.299891
output213,VDD,Metal1,360.9415,262.2365,3.299886
output212,VDD,Metal1,377.1815,277.9165,3.299851
output211,VDD,Metal1,383.9015,278.7230,3.299851
output210,VDD,Metal1,365.4215,262.2365,3.299885
output209,VDD,Metal1,350.3015,246.5565,3.299903
output208,VDD,Metal1,370.4615,263.0430,3.299885
output207,VDD,Metal1,374.3380,247.3630,3.299898
output206,VDD,Metal1,383.9015,192.4830,3.299933
output205,VDD,Metal1,357.5815,216.0030,3.299942
output204,VDD,Metal1,372.7015,200.3230,3.299934
output203,VDD,Metal1,383.9015,191.6765,3.299933
output202,VDD,Metal1,363.7415,208.1630,3.299934
output201,VDD,Metal1,368.2215,200.3230,3.299934
output200,VDD,Metal1,383.9015,183.8365,3.299940
output199,VDD,Metal1,368.7815,192.4830,3.299933
output198,VDD,Metal1,379.4215,247.3630,3.299898
output197,VDD,Metal1,372.7015,191.6765,3.299933
output196,VDD,Metal1,383.9015,254.3965,3.299914
output195,VDD,Metal1,383.9015,247.3630,3.299898
output194,VDD,Metal1,383.9015,246.5565,3.299898
output193,VDD,Metal1,365.9815,223.8430,3.299861
output192,VDD,Metal1,383.9015,238.7165,3.299915
output191,VDD,Metal1,383.9015,230.8765,3.299927
output190,VDD,Metal1,383.9015,223.0365,3.299860
output189,VDD,Metal1,377.1815,230.8765,3.299927
output188,VDD,Metal1,370.4615,223.8430,3.299861
output187,VDD,Metal1,383.9015,199.5165,3.299932
output186,VDD,Metal1,383.9015,168.1565,3.299938
output185,VDD,Metal1,383.9015,152.4765,3.299938
output184,VDD,Metal1,348.6215,192.4830,3.299934
output183,VDD,Metal1,350.3015,191.6765,3.299934
output182,VDD,Metal1,364.8615,183.8365,3.299941
output181,VDD,Metal1,357.5815,184.6430,3.299942
output180,VDD,Metal1,383.9015,144.6365,3.299958
output179,VDD,Metal1,377.1815,152.4765,3.299938
output178,VDD,Metal1,367.1015,175.9965,3.299958
output177,VDD,Metal1,364.3015,192.4830,3.299934
output176,VDD,Metal1,383.9015,136.7965,3.299955
output175,VDD,Metal1,368.2215,191.6765,3.299933
output174,VDD,Metal1,363.7415,191.6765,3.299934
output173,VDD,Metal1,382.7815,175.9965,3.299958
output172,VDD,Metal1,357.5815,192.4830,3.299934
output171,VDD,Metal1,383.9015,160.3165,3.299957
output170,VDD,Metal1,359.2615,191.6765,3.299934
output169,VDD,Metal1,353.1015,192.4830,3.299934
output168,VDD,Metal1,354.7815,191.6765,3.299934
output167,VDD,Metal1,377.1815,153.2830,3.299938
output166,VDD,Metal1,360.3815,183.8365,3.299942
output165,VDD,Metal1,368.2215,153.2830,3.299938
output164,VDD,Metal1,328.4615,19.1965,3.299985
output163,VDD,Metal1,154.8180,19.1965,3.299985
output162,VDD,Metal1,242.7815,19.1965,3.299985
output161,VDD,Metal1,335.1815,325.7630,3.299287
output160,VDD,Metal1,355.3415,176.8030,3.299958
output159,VDD,Metal1,381.6615,153.2830,3.299938
output158,VDD,Metal1,363.7415,160.3165,3.299957
output157,VDD,Metal1,353.1015,184.6430,3.299942
output156,VDD,Metal1,372.7015,153.2830,3.299938
output155,VDD,Metal1,377.1815,144.6365,3.299958
output154,VDD,Metal1,377.1815,136.7965,3.299955
output153,VDD,Metal1,363.7415,153.2830,3.299938
output152,VDD,Metal1,149.8215,395.5165,3.299999
output151,VDD,Metal1,374.9415,317.9230,3.299425
output150,VDD,Metal1,356.4615,301.4365,3.299638
output149,VDD,Metal1,353.1015,294.4030,3.299720
output148,VDD,Metal1,383.9015,324.9565,3.299232
output147,VDD,Metal1,360.9415,301.4365,3.299633
output146,VDD,Metal1,364.2580,302.2430,3.299633
output145,VDD,Metal1,356.9780,294.4030,3.299720
output144,VDD,Metal1,356.9780,293.5965,3.299720
output143,VDD,Metal1,356.4615,317.1165,3.299435
output142,VDD,Metal1,364.8180,301.4365,3.299633
output141,VDD,Metal1,367.1015,324.9565,3.299235
output140,VDD,Metal1,383.9015,340.6365,3.299711
output139,VDD,Metal1,360.9415,317.1165,3.299428
output138,VDD,Metal1,347.5015,301.4365,3.299676
output137,VDD,Metal1,344.1415,294.4030,3.299722
output136,VDD,Metal1,371.5815,324.9565,3.299233
output135,VDD,Metal1,351.9815,301.4365,3.299664
output134,VDD,Metal1,348.6215,294.4030,3.299722
output133,VDD,Metal1,383.9015,332.7965,3.299542
output132,VDD,Metal1,357.5815,302.2430,3.299637
output131,VDD,Metal1,368.7380,302.2430,3.299632
output130,VDD,Metal1,349.1815,324.9565,3.299254
output129,VDD,Metal1,353.1015,325.7630,3.299247
output128,VDD,Metal1,383.9015,356.3165,3.299873
output127,VDD,Metal1,353.6615,324.9565,3.299247
output126,VDD,Metal1,358.1415,324.9565,3.299241
output125,VDD,Metal1,351.3780,317.1165,3.299440
output124,VDD,Metal1,383.9015,348.4765,3.299864
output123,VDD,Metal1,356.9780,317.9230,3.299435
output122,VDD,Metal1,383.9015,372.8030,3.299907
output121,VDD,Metal1,362.0180,324.9565,3.299238
output120,VDD,Metal1,339.6615,325.7630,3.299283
output119,VDD,Metal1,344.1415,332.7965,3.299548
output118,VDD,Metal1,383.9015,371.9965,3.299907
output117,VDD,Metal1,337.9815,324.9565,3.299283
output116,VDD,Metal1,335.7415,317.9230,3.299484
output115,VDD,Metal1,344.1415,325.7630,3.299265
output114,VDD,Metal1,348.6215,332.7965,3.299547
output113,VDD,Metal1,333.5015,317.1165,3.299484
output112,VDD,Metal1,344.7015,324.9565,3.299264
output111,VDD,Metal1,348.6215,325.7630,3.299254
output110,VDD,Metal1,365.9380,325.7630,3.299235
output109,VDD,Metal1,383.9015,302.2430,3.299631
output108,VDD,Metal1,359.2615,277.9165,3.299854
output107,VDD,Metal1,383.9015,301.4365,3.299631
output106,VDD,Metal1,377.1815,293.5965,3.299718
output105,VDD,Metal1,346.8980,262.2365,3.299888
output104,VDD,Metal1,363.1380,277.9165,3.299854
output103,VDD,Metal1,378.8180,286.5630,3.299891
output102,VDD,Metal1,367.6180,277.9165,3.299854
output101,VDD,Metal1,363.1380,294.4030,3.299718
output100,VDD,Metal1,383.9015,293.5965,3.299718
output99,VDD,Metal1,348.0180,278.7230,3.299855
output98,VDD,Metal1,383.9015,317.1165,3.299425
output97,VDD,Metal1,345.2180,277.9165,3.299855
output96,VDD,Metal1,369.9015,301.4365,3.299632
output95,VDD,Metal1,352.4980,278.7230,3.299855
output94,VDD,Metal1,350.3015,277.9165,3.299855
output93,VDD,Metal1,383.9015,309.2765,3.299902
output92,VDD,Metal1,349.1815,270.8830,3.299916
output91,VDD,Metal1,357.5815,278.7230,3.299854
output90,VDD,Metal1,354.7815,277.9165,3.299855
output89,VDD,Metal1,367.1015,270.8830,3.299915
output88,VDD,Metal1,346.9415,395.5165,3.299999
output87,VDD,Metal1,356.4615,262.2365,3.299887
input86,VDD,Metal1,110.8900,19.3275,3.299986
input85,VDD,Metal1,68.0615,19.1965,3.299987
input84,VDD,Metal1,199.9300,19.3275,3.299986
input83,VDD,Metal1,285.5900,19.3275,3.299985
input82,VDD,Metal1,376.5780,371.9965,3.299912
input81,VDD,Metal1,358.3900,121.2475,3.299945
input80,VDD,Metal1,370.7100,98.2725,3.299949
input79,VDD,Metal1,356.7100,121.7925,3.299945
input78,VDD,Metal1,361.1900,105.5675,3.299952
input77,VDD,Metal1,360.0700,97.7275,3.299951
input76,VDD,Metal1,368.4700,121.2475,3.299944
input75,VDD,Metal1,362.3100,106.1125,3.299952
input74,VDD,Metal1,362.8900,98.2725,3.299949
input73,VDD,Metal1,369.0300,82.5925,3.299929
input72,VDD,Metal1,354.4900,121.2475,3.299945
input71,VDD,Metal1,358.3900,129.0875,3.299941
input70,VDD,Metal1,348.3100,145.3125,3.299960
input69,VDD,Metal1,343.8300,105.5675,3.299955
input68,VDD,Metal1,361.7500,121.2475,3.299944
input67,VDD,Metal1,349.9900,137.4725,3.299957
input66,VDD,Metal1,368.4700,89.8875,3.299917
input65,VDD,Metal1,355.0300,129.0875,3.299941
input64,VDD,Metal1,348.3100,144.7675,3.299960
input63,VDD,Metal1,363.4300,97.7275,3.299949
input62,VDD,Metal1,352.7900,136.9275,3.299956
input61,VDD,Metal1,357.2900,106.1125,3.299953
input60,VDD,Metal1,374.0700,121.2475,3.299944
input59,VDD,Metal1,354.4700,160.4475,3.299957
input58,VDD,Metal1,343.8300,129.0875,3.299941
input57,VDD,Metal1,365.1100,121.2475,3.299944
input56,VDD,Metal1,347.1900,160.4475,3.299959
input55,VDD,Metal1,379.1100,113.9525,3.299951
input54,VDD,Metal1,362.3100,137.4725,3.299956
input53,VDD,Metal1,353.3700,137.4725,3.299956
input52,VDD,Metal1,372.9500,152.6075,3.299938
input51,VDD,Metal1,356.7100,137.4725,3.299956
input50,VDD,Metal1,372.9500,129.0875,3.299940
input49,VDD,Metal1,381.9100,129.0875,3.299940
input48,VDD,Metal1,346.6300,129.6325,3.299941
input47,VDD,Metal1,376.3100,129.0875,3.299940
input46,VDD,Metal1,342.7100,168.2875,3.299939
input45,VDD,Metal1,351.1100,160.4475,3.299958
input44,VDD,Metal1,365.3780,168.1565,3.299938
input43,VDD,Metal1,377.4300,121.2475,3.299944
input42,VDD,Metal1,384.1500,82.5925,3.299929
input41,VDD,Metal1,351.6700,145.3125,3.299960
input40,VDD,Metal1,346.6500,152.6075,3.299939
input39,VDD,Metal1,366.2300,74.2075,3.299947
input38,VDD,Metal1,357.8300,82.5925,3.299929
input37,VDD,Metal1,362.8700,74.2075,3.299947
input36,VDD,Metal1,347.1900,106.1125,3.299954
input35,VDD,Metal1,350.5500,105.5675,3.299954
input34,VDD,Metal1,344.9500,97.7275,3.299952
input33,VDD,Metal1,347.1900,105.5675,3.299954
input32,VDD,Metal1,365.6700,66.9125,3.299922
input31,VDD,Metal1,351.1100,121.7925,3.299945
input30,VDD,Metal1,346.6500,90.4325,3.299918
input29,VDD,Metal1,362.3100,113.9525,3.299951
input28,VDD,Metal1,347.7500,121.7925,3.299946
input27,VDD,Metal1,366.7900,74.7525,3.299947
input26,VDD,Metal1,350.5500,121.2475,3.299945
input25,VDD,Metal1,384.1500,58.5275,3.299945
input24,VDD,Metal1,357.8300,98.2725,3.299952
input23,VDD,Metal1,356.7100,97.7275,3.299952
input22,VDD,Metal1,362.8700,82.5925,3.299929
input21,VDD,Metal1,363.4300,74.7525,3.299947
input20,VDD,Metal1,357.8300,90.4325,3.299918
input19,VDD,Metal1,353.3700,97.7275,3.299952
input18,VDD,Metal1,383.2980,74.8830,3.299947
input17,VDD,Metal1,383.1765,97.5630,3.299949
input16,VDD,Metal1,353.3500,74.7525,3.299948
input15,VDD,Metal1,383.1765,90.5965,3.299917
input14,VDD,Metal1,383.1765,89.7230,3.299917
input13,VDD,Metal1,377.5765,90.5965,3.299917
input12,VDD,Metal1,366.4980,90.5630,3.299917
input11,VDD,Metal1,372.6580,82.7230,3.299929
input10,VDD,Metal1,357.8500,74.2075,3.299948
input9,VDD,Metal1,383.2980,114.0830,3.299950
input8,VDD,Metal1,382.0680,98.4740,3.299949
input7,VDD,Metal1,383.1765,105.4030,3.299952
input6,VDD,Metal1,383.2980,81.9165,3.299929
input5,VDD,Metal1,383.2980,121.1165,3.299944
input4,VDD,Metal1,367.0580,97.5965,3.299949
input3,VDD,Metal1,383.2980,74.0765,3.299947
input2,VDD,Metal1,51.3830,395.4830,3.299999
input1,VDD,Metal1,248.5030,395.4830,3.299999
TAP_TAPCELL_ROW_96_1133,VDD,Metal1,369.0400,395.2500,3.299999
TAP_TAPCELL_ROW_96_1132,VDD,Metal1,350.0000,395.2500,3.299999
TAP_TAPCELL_ROW_96_1131,VDD,Metal1,330.9600,395.2500,3.299999
TAP_TAPCELL_ROW_96_1130,VDD,Metal1,311.9200,395.2500,3.299999
TAP_TAPCELL_ROW_96_1129,VDD,Metal1,292.8800,395.2500,3.299999
TAP_TAPCELL_ROW_96_1128,VDD,Metal1,273.8400,395.2500,3.299999
TAP_TAPCELL_ROW_96_1127,VDD,Metal1,254.8000,395.2500,3.299999
TAP_TAPCELL_ROW_96_1126,VDD,Metal1,235.7600,395.2500,3.299999
TAP_TAPCELL_ROW_96_1125,VDD,Metal1,216.7200,395.2500,3.299999
TAP_TAPCELL_ROW_96_1124,VDD,Metal1,197.6800,395.2500,3.299999
TAP_TAPCELL_ROW_96_1123,VDD,Metal1,178.6400,395.2500,3.299999
TAP_TAPCELL_ROW_96_1122,VDD,Metal1,159.6000,395.2500,3.299999
TAP_TAPCELL_ROW_96_1121,VDD,Metal1,140.5600,395.2500,3.299999
TAP_TAPCELL_ROW_96_1120,VDD,Metal1,121.5200,395.2500,3.299999
TAP_TAPCELL_ROW_96_1119,VDD,Metal1,102.4800,395.2500,3.299999
TAP_TAPCELL_ROW_96_1118,VDD,Metal1,83.4400,395.2500,3.299999
TAP_TAPCELL_ROW_96_1117,VDD,Metal1,64.4000,395.2500,3.299999
TAP_TAPCELL_ROW_96_1116,VDD,Metal1,45.3600,395.2500,3.299999
TAP_TAPCELL_ROW_96_1115,VDD,Metal1,26.3200,395.2500,3.299999
TAP_TAPCELL_ROW_95_1114,VDD,Metal1,360.0800,388.7500,3.300000
TAP_TAPCELL_ROW_95_1113,VDD,Metal1,320.8800,388.7500,3.300000
TAP_TAPCELL_ROW_95_1112,VDD,Metal1,281.6800,388.7500,3.300000
TAP_TAPCELL_ROW_95_1111,VDD,Metal1,242.4800,388.7500,3.300000
TAP_TAPCELL_ROW_95_1110,VDD,Metal1,203.2800,388.7500,3.300000
TAP_TAPCELL_ROW_95_1109,VDD,Metal1,164.0800,388.7500,3.300000
TAP_TAPCELL_ROW_95_1108,VDD,Metal1,124.8800,388.7500,3.300000
TAP_TAPCELL_ROW_95_1107,VDD,Metal1,85.6800,388.7500,3.300000
TAP_TAPCELL_ROW_95_1106,VDD,Metal1,46.4800,388.7500,3.300000
TAP_TAPCELL_ROW_94_1105,VDD,Metal1,379.6800,387.4100,3.300000
TAP_TAPCELL_ROW_94_1104,VDD,Metal1,340.4800,387.4100,3.300000
TAP_TAPCELL_ROW_94_1103,VDD,Metal1,301.2800,387.4100,3.300000
TAP_TAPCELL_ROW_94_1102,VDD,Metal1,262.0800,387.4100,3.300000
TAP_TAPCELL_ROW_94_1101,VDD,Metal1,222.8800,387.4100,3.300000
TAP_TAPCELL_ROW_94_1100,VDD,Metal1,183.6800,387.4100,3.300000
TAP_TAPCELL_ROW_94_1099,VDD,Metal1,144.4800,387.4100,3.300000
TAP_TAPCELL_ROW_94_1098,VDD,Metal1,105.2800,387.4100,3.300000
TAP_TAPCELL_ROW_94_1097,VDD,Metal1,66.0800,387.4100,3.300000
TAP_TAPCELL_ROW_94_1096,VDD,Metal1,26.8800,387.4100,3.300000
TAP_TAPCELL_ROW_93_1095,VDD,Metal1,360.0800,380.9100,3.300000
TAP_TAPCELL_ROW_93_1094,VDD,Metal1,320.8800,380.9100,3.300000
TAP_TAPCELL_ROW_93_1093,VDD,Metal1,281.6800,380.9100,3.300000
TAP_TAPCELL_ROW_93_1092,VDD,Metal1,242.4800,380.9100,3.300000
TAP_TAPCELL_ROW_93_1091,VDD,Metal1,203.2800,380.9100,3.300000
TAP_TAPCELL_ROW_93_1090,VDD,Metal1,164.0800,380.9100,3.300000
TAP_TAPCELL_ROW_93_1089,VDD,Metal1,124.8800,380.9100,3.300000
TAP_TAPCELL_ROW_93_1088,VDD,Metal1,85.6800,380.9100,3.300000
TAP_TAPCELL_ROW_93_1087,VDD,Metal1,46.4800,380.9100,3.300000
TAP_TAPCELL_ROW_92_1086,VDD,Metal1,379.6800,379.5700,3.300000
TAP_TAPCELL_ROW_92_1085,VDD,Metal1,340.4800,379.5700,3.300000
TAP_TAPCELL_ROW_92_1084,VDD,Metal1,301.2800,379.5700,3.300000
TAP_TAPCELL_ROW_92_1083,VDD,Metal1,262.0800,379.5700,3.300000
TAP_TAPCELL_ROW_92_1082,VDD,Metal1,222.8800,379.5700,3.300000
TAP_TAPCELL_ROW_92_1081,VDD,Metal1,183.6800,379.5700,3.300000
TAP_TAPCELL_ROW_92_1080,VDD,Metal1,144.4800,379.5700,3.300000
TAP_TAPCELL_ROW_92_1079,VDD,Metal1,105.2800,379.5700,3.300000
TAP_TAPCELL_ROW_92_1078,VDD,Metal1,66.0800,379.5700,3.300000
TAP_TAPCELL_ROW_92_1077,VDD,Metal1,26.8800,379.5700,3.300000
TAP_TAPCELL_ROW_91_1076,VDD,Metal1,360.0800,373.0700,3.299913
TAP_TAPCELL_ROW_91_1075,VDD,Metal1,320.8800,373.0700,3.299922
TAP_TAPCELL_ROW_91_1074,VDD,Metal1,281.6800,373.0700,3.299938
TAP_TAPCELL_ROW_91_1073,VDD,Metal1,242.4800,373.0700,3.299947
TAP_TAPCELL_ROW_91_1072,VDD,Metal1,203.2800,373.0700,3.299948
TAP_TAPCELL_ROW_91_1071,VDD,Metal1,164.0800,373.0700,3.299948
TAP_TAPCELL_ROW_91_1070,VDD,Metal1,124.8800,373.0700,3.299948
TAP_TAPCELL_ROW_91_1069,VDD,Metal1,85.6800,373.0700,3.299948
TAP_TAPCELL_ROW_91_1068,VDD,Metal1,46.4800,373.0700,3.299948
TAP_TAPCELL_ROW_90_1067,VDD,Metal1,379.6800,371.7300,3.299910
TAP_TAPCELL_ROW_90_1066,VDD,Metal1,340.4800,371.7300,3.299914
TAP_TAPCELL_ROW_90_1065,VDD,Metal1,301.2800,371.7300,3.299929
TAP_TAPCELL_ROW_90_1064,VDD,Metal1,262.0800,371.7300,3.299945
TAP_TAPCELL_ROW_90_1063,VDD,Metal1,222.8800,371.7300,3.299948
TAP_TAPCELL_ROW_90_1062,VDD,Metal1,183.6800,371.7300,3.299948
TAP_TAPCELL_ROW_90_1061,VDD,Metal1,144.4800,371.7300,3.299948
TAP_TAPCELL_ROW_90_1060,VDD,Metal1,105.2800,371.7300,3.299948
TAP_TAPCELL_ROW_90_1059,VDD,Metal1,66.0800,371.7300,3.299948
TAP_TAPCELL_ROW_90_1058,VDD,Metal1,26.8800,371.7300,3.299948
TAP_TAPCELL_ROW_89_1057,VDD,Metal1,360.0800,365.2300,3.299827
TAP_TAPCELL_ROW_89_1056,VDD,Metal1,320.8800,365.2300,3.299827
TAP_TAPCELL_ROW_89_1055,VDD,Metal1,281.6800,365.2300,3.299816
TAP_TAPCELL_ROW_89_1054,VDD,Metal1,242.4800,365.2300,3.299821
TAP_TAPCELL_ROW_89_1053,VDD,Metal1,203.2800,365.2300,3.299940
TAP_TAPCELL_ROW_89_1052,VDD,Metal1,164.0800,365.2300,3.299941
TAP_TAPCELL_ROW_89_1051,VDD,Metal1,124.8800,365.2300,3.299941
TAP_TAPCELL_ROW_89_1050,VDD,Metal1,85.6800,365.2300,3.299941
TAP_TAPCELL_ROW_89_1049,VDD,Metal1,46.4800,365.2300,3.299941
TAP_TAPCELL_ROW_88_1048,VDD,Metal1,379.6800,363.8900,3.299827
TAP_TAPCELL_ROW_88_1047,VDD,Metal1,340.4800,363.8900,3.299827
TAP_TAPCELL_ROW_88_1046,VDD,Metal1,301.2800,363.8900,3.299818
TAP_TAPCELL_ROW_88_1045,VDD,Metal1,262.0800,363.8900,3.299816
TAP_TAPCELL_ROW_88_1044,VDD,Metal1,222.8800,363.8900,3.299934
TAP_TAPCELL_ROW_88_1043,VDD,Metal1,183.6800,363.8900,3.299941
TAP_TAPCELL_ROW_88_1042,VDD,Metal1,144.4800,363.8900,3.299941
TAP_TAPCELL_ROW_88_1041,VDD,Metal1,105.2800,363.8900,3.299941
TAP_TAPCELL_ROW_88_1040,VDD,Metal1,66.0800,363.8900,3.299941
TAP_TAPCELL_ROW_88_1039,VDD,Metal1,26.8800,363.8900,3.299941
TAP_TAPCELL_ROW_87_1038,VDD,Metal1,360.0800,357.3900,3.299881
TAP_TAPCELL_ROW_87_1037,VDD,Metal1,320.8800,357.3900,3.299883
TAP_TAPCELL_ROW_87_1036,VDD,Metal1,281.6800,357.3900,3.299887
TAP_TAPCELL_ROW_87_1035,VDD,Metal1,242.4800,357.3900,3.299891
TAP_TAPCELL_ROW_87_1034,VDD,Metal1,203.2800,357.3900,3.299904
TAP_TAPCELL_ROW_87_1033,VDD,Metal1,164.0800,357.3900,3.299923
TAP_TAPCELL_ROW_87_1032,VDD,Metal1,124.8800,357.3900,3.299924
TAP_TAPCELL_ROW_87_1031,VDD,Metal1,85.6800,357.3900,3.299924
TAP_TAPCELL_ROW_87_1030,VDD,Metal1,46.4800,357.3900,3.299924
TAP_TAPCELL_ROW_86_1029,VDD,Metal1,379.6800,356.0500,3.299873
TAP_TAPCELL_ROW_86_1028,VDD,Metal1,340.4800,356.0500,3.299882
TAP_TAPCELL_ROW_86_1027,VDD,Metal1,301.2800,356.0500,3.299885
TAP_TAPCELL_ROW_86_1026,VDD,Metal1,262.0800,356.0500,3.299889
TAP_TAPCELL_ROW_86_1025,VDD,Metal1,222.8800,356.0500,3.299896
TAP_TAPCELL_ROW_86_1024,VDD,Metal1,183.6800,356.0500,3.299922
TAP_TAPCELL_ROW_86_1023,VDD,Metal1,144.4800,356.0500,3.299924
TAP_TAPCELL_ROW_86_1022,VDD,Metal1,105.2800,356.0500,3.299924
TAP_TAPCELL_ROW_86_1021,VDD,Metal1,66.0800,356.0500,3.299924
TAP_TAPCELL_ROW_86_1020,VDD,Metal1,26.8800,356.0500,3.299924
TAP_TAPCELL_ROW_85_1019,VDD,Metal1,360.0800,349.5500,3.299868
TAP_TAPCELL_ROW_85_1018,VDD,Metal1,320.8800,349.5500,3.299867
TAP_TAPCELL_ROW_85_1017,VDD,Metal1,281.6800,349.5500,3.299867
TAP_TAPCELL_ROW_85_1016,VDD,Metal1,242.4800,349.5500,3.299876
TAP_TAPCELL_ROW_85_1015,VDD,Metal1,203.2800,349.5500,3.299894
TAP_TAPCELL_ROW_85_1014,VDD,Metal1,164.0800,349.5500,3.299908
TAP_TAPCELL_ROW_85_1013,VDD,Metal1,124.8800,349.5500,3.299909
TAP_TAPCELL_ROW_85_1012,VDD,Metal1,85.6800,349.5500,3.299909
TAP_TAPCELL_ROW_85_1011,VDD,Metal1,46.4800,349.5500,3.299909
TAP_TAPCELL_ROW_84_1010,VDD,Metal1,379.6800,348.2100,3.299865
TAP_TAPCELL_ROW_84_1009,VDD,Metal1,340.4800,348.2100,3.299868
TAP_TAPCELL_ROW_84_1008,VDD,Metal1,301.2800,348.2100,3.299867
TAP_TAPCELL_ROW_84_1007,VDD,Metal1,262.0800,348.2100,3.299867
TAP_TAPCELL_ROW_84_1006,VDD,Metal1,222.8800,348.2100,3.299894
TAP_TAPCELL_ROW_84_1005,VDD,Metal1,183.6800,348.2100,3.299908
TAP_TAPCELL_ROW_84_1004,VDD,Metal1,144.4800,348.2100,3.299909
TAP_TAPCELL_ROW_84_1003,VDD,Metal1,105.2800,348.2100,3.299909
TAP_TAPCELL_ROW_84_1002,VDD,Metal1,66.0800,348.2100,3.299909
TAP_TAPCELL_ROW_84_1001,VDD,Metal1,26.8800,348.2100,3.299909
TAP_TAPCELL_ROW_83_1000,VDD,Metal1,360.0800,341.7100,3.299720
TAP_TAPCELL_ROW_83_999,VDD,Metal1,320.8800,341.7100,3.299740
TAP_TAPCELL_ROW_83_998,VDD,Metal1,281.6800,341.7100,3.299749
TAP_TAPCELL_ROW_83_997,VDD,Metal1,242.4800,341.7100,3.299800
TAP_TAPCELL_ROW_83_996,VDD,Metal1,203.2800,341.7100,3.299836
TAP_TAPCELL_ROW_83_995,VDD,Metal1,164.0800,341.7100,3.299838
TAP_TAPCELL_ROW_83_994,VDD,Metal1,124.8800,341.7100,3.299838
TAP_TAPCELL_ROW_83_993,VDD,Metal1,85.6800,341.7100,3.299838
TAP_TAPCELL_ROW_83_992,VDD,Metal1,46.4800,341.7100,3.299838
TAP_TAPCELL_ROW_82_991,VDD,Metal1,379.6800,340.3700,3.299711
TAP_TAPCELL_ROW_82_990,VDD,Metal1,340.4800,340.3700,3.299733
TAP_TAPCELL_ROW_82_989,VDD,Metal1,301.2800,340.3700,3.299741
TAP_TAPCELL_ROW_82_988,VDD,Metal1,262.0800,340.3700,3.299757
TAP_TAPCELL_ROW_82_987,VDD,Metal1,222.8800,340.3700,3.299829
TAP_TAPCELL_ROW_82_986,VDD,Metal1,183.6800,340.3700,3.299838
TAP_TAPCELL_ROW_82_985,VDD,Metal1,144.4800,340.3700,3.299838
TAP_TAPCELL_ROW_82_984,VDD,Metal1,105.2800,340.3700,3.299838
TAP_TAPCELL_ROW_82_983,VDD,Metal1,66.0800,340.3700,3.299838
TAP_TAPCELL_ROW_82_982,VDD,Metal1,26.8800,340.3700,3.299838
TAP_TAPCELL_ROW_81_981,VDD,Metal1,360.0800,333.8700,3.299544
TAP_TAPCELL_ROW_81_980,VDD,Metal1,320.8800,333.8700,3.299615
TAP_TAPCELL_ROW_81_979,VDD,Metal1,281.6800,333.8700,3.299746
TAP_TAPCELL_ROW_81_978,VDD,Metal1,242.4800,333.8700,3.299766
TAP_TAPCELL_ROW_81_977,VDD,Metal1,203.2800,333.8700,3.299820
TAP_TAPCELL_ROW_81_976,VDD,Metal1,164.0800,333.8700,3.299866
TAP_TAPCELL_ROW_81_975,VDD,Metal1,124.8800,333.8700,3.299866
TAP_TAPCELL_ROW_81_974,VDD,Metal1,85.6800,333.8700,3.299866
TAP_TAPCELL_ROW_81_973,VDD,Metal1,46.4800,333.8700,3.299866
TAP_TAPCELL_ROW_80_972,VDD,Metal1,379.6800,332.5300,3.299543
TAP_TAPCELL_ROW_80_971,VDD,Metal1,340.4800,332.5300,3.299582
TAP_TAPCELL_ROW_80_970,VDD,Metal1,301.2800,332.5300,3.299615
TAP_TAPCELL_ROW_80_969,VDD,Metal1,262.0800,332.5300,3.299751
TAP_TAPCELL_ROW_80_968,VDD,Metal1,222.8800,332.5300,3.299775
TAP_TAPCELL_ROW_80_967,VDD,Metal1,183.6800,332.5300,3.299864
TAP_TAPCELL_ROW_80_966,VDD,Metal1,144.4800,332.5300,3.299866
TAP_TAPCELL_ROW_80_965,VDD,Metal1,105.2800,332.5300,3.299866
TAP_TAPCELL_ROW_80_964,VDD,Metal1,66.0800,332.5300,3.299866
TAP_TAPCELL_ROW_80_963,VDD,Metal1,26.8800,332.5300,3.299866
TAP_TAPCELL_ROW_79_962,VDD,Metal1,360.0800,326.0300,3.299239
TAP_TAPCELL_ROW_79_961,VDD,Metal1,320.8800,326.0300,3.299302
TAP_TAPCELL_ROW_79_960,VDD,Metal1,281.6800,326.0300,3.299352
TAP_TAPCELL_ROW_79_959,VDD,Metal1,242.4800,326.0300,3.299403
TAP_TAPCELL_ROW_79_958,VDD,Metal1,203.2800,326.0300,3.299473
TAP_TAPCELL_ROW_79_957,VDD,Metal1,164.0800,326.0300,3.299648
TAP_TAPCELL_ROW_79_956,VDD,Metal1,124.8800,326.0300,3.299651
TAP_TAPCELL_ROW_79_955,VDD,Metal1,85.6800,326.0300,3.299651
TAP_TAPCELL_ROW_79_954,VDD,Metal1,46.4800,326.0300,3.299651
TAP_TAPCELL_ROW_78_953,VDD,Metal1,379.6800,324.6900,3.299232
TAP_TAPCELL_ROW_78_952,VDD,Metal1,340.4800,324.6900,3.299283
TAP_TAPCELL_ROW_78_951,VDD,Metal1,301.2800,324.6900,3.299329
TAP_TAPCELL_ROW_78_950,VDD,Metal1,262.0800,324.6900,3.299397
TAP_TAPCELL_ROW_78_949,VDD,Metal1,222.8800,324.6900,3.299427
TAP_TAPCELL_ROW_78_948,VDD,Metal1,183.6800,324.6900,3.299641
TAP_TAPCELL_ROW_78_947,VDD,Metal1,144.4800,324.6900,3.299651
TAP_TAPCELL_ROW_78_946,VDD,Metal1,105.2800,324.6900,3.299651
TAP_TAPCELL_ROW_78_945,VDD,Metal1,66.0800,324.6900,3.299651
TAP_TAPCELL_ROW_78_944,VDD,Metal1,26.8800,324.6900,3.299651
TAP_TAPCELL_ROW_77_943,VDD,Metal1,360.0800,318.1900,3.299428
TAP_TAPCELL_ROW_77_942,VDD,Metal1,320.8800,318.1900,3.299590
TAP_TAPCELL_ROW_77_941,VDD,Metal1,281.6800,318.1900,3.299628
TAP_TAPCELL_ROW_77_940,VDD,Metal1,242.4800,318.1900,3.299648
TAP_TAPCELL_ROW_77_939,VDD,Metal1,203.2800,318.1900,3.299831
TAP_TAPCELL_ROW_77_938,VDD,Metal1,164.0800,318.1900,3.299846
TAP_TAPCELL_ROW_77_937,VDD,Metal1,124.8800,318.1900,3.299847
TAP_TAPCELL_ROW_77_936,VDD,Metal1,85.6800,318.1900,3.299847
TAP_TAPCELL_ROW_77_935,VDD,Metal1,46.4800,318.1900,3.299847
TAP_TAPCELL_ROW_76_934,VDD,Metal1,379.6800,316.8500,3.299425
TAP_TAPCELL_ROW_76_933,VDD,Metal1,340.4800,316.8500,3.299460
TAP_TAPCELL_ROW_76_932,VDD,Metal1,301.2800,316.8500,3.299621
TAP_TAPCELL_ROW_76_931,VDD,Metal1,262.0800,316.8500,3.299640
TAP_TAPCELL_ROW_76_930,VDD,Metal1,222.8800,316.8500,3.299825
TAP_TAPCELL_ROW_76_929,VDD,Metal1,183.6800,316.8500,3.299844
TAP_TAPCELL_ROW_76_928,VDD,Metal1,144.4800,316.8500,3.299847
TAP_TAPCELL_ROW_76_927,VDD,Metal1,105.2800,316.8500,3.299847
TAP_TAPCELL_ROW_76_926,VDD,Metal1,66.0800,316.8500,3.299847
TAP_TAPCELL_ROW_76_925,VDD,Metal1,26.8800,316.8500,3.299847
TAP_TAPCELL_ROW_75_924,VDD,Metal1,360.0800,310.3500,3.299903
TAP_TAPCELL_ROW_75_923,VDD,Metal1,320.8800,310.3500,3.299913
TAP_TAPCELL_ROW_75_922,VDD,Metal1,281.6800,310.3500,3.299917
TAP_TAPCELL_ROW_75_921,VDD,Metal1,242.4800,310.3500,3.299922
TAP_TAPCELL_ROW_75_920,VDD,Metal1,203.2800,310.3500,3.299928
TAP_TAPCELL_ROW_75_919,VDD,Metal1,164.0800,310.3500,3.299931
TAP_TAPCELL_ROW_75_918,VDD,Metal1,124.8800,310.3500,3.299932
TAP_TAPCELL_ROW_75_917,VDD,Metal1,85.6800,310.3500,3.299932
TAP_TAPCELL_ROW_75_916,VDD,Metal1,46.4800,310.3500,3.299932
TAP_TAPCELL_ROW_74_915,VDD,Metal1,379.6800,309.0100,3.299902
TAP_TAPCELL_ROW_74_914,VDD,Metal1,340.4800,309.0100,3.299903
TAP_TAPCELL_ROW_74_913,VDD,Metal1,301.2800,309.0100,3.299913
TAP_TAPCELL_ROW_74_912,VDD,Metal1,262.0800,309.0100,3.299919
TAP_TAPCELL_ROW_74_911,VDD,Metal1,222.8800,309.0100,3.299927
TAP_TAPCELL_ROW_74_910,VDD,Metal1,183.6800,309.0100,3.299931
TAP_TAPCELL_ROW_74_909,VDD,Metal1,144.4800,309.0100,3.299932
TAP_TAPCELL_ROW_74_908,VDD,Metal1,105.2800,309.0100,3.299932
TAP_TAPCELL_ROW_74_907,VDD,Metal1,66.0800,309.0100,3.299932
TAP_TAPCELL_ROW_74_906,VDD,Metal1,26.8800,309.0100,3.299932
TAP_TAPCELL_ROW_73_905,VDD,Metal1,360.0800,302.5100,3.299633
TAP_TAPCELL_ROW_73_904,VDD,Metal1,320.8800,302.5100,3.299681
TAP_TAPCELL_ROW_73_903,VDD,Metal1,281.6800,302.5100,3.299700
TAP_TAPCELL_ROW_73_902,VDD,Metal1,242.4800,302.5100,3.299706
TAP_TAPCELL_ROW_73_901,VDD,Metal1,203.2800,302.5100,3.299723
TAP_TAPCELL_ROW_73_900,VDD,Metal1,164.0800,302.5100,3.299772
TAP_TAPCELL_ROW_73_899,VDD,Metal1,124.8800,302.5100,3.299785
TAP_TAPCELL_ROW_73_898,VDD,Metal1,85.6800,302.5100,3.299785
TAP_TAPCELL_ROW_73_897,VDD,Metal1,46.4800,302.5100,3.299785
TAP_TAPCELL_ROW_72_896,VDD,Metal1,379.6800,301.1700,3.299632
TAP_TAPCELL_ROW_72_895,VDD,Metal1,340.4800,301.1700,3.299677
TAP_TAPCELL_ROW_72_894,VDD,Metal1,301.2800,301.1700,3.299683
TAP_TAPCELL_ROW_72_893,VDD,Metal1,262.0800,301.1700,3.299703
TAP_TAPCELL_ROW_72_892,VDD,Metal1,222.8800,301.1700,3.299712
TAP_TAPCELL_ROW_72_891,VDD,Metal1,183.6800,301.1700,3.299747
TAP_TAPCELL_ROW_72_890,VDD,Metal1,144.4800,301.1700,3.299783
TAP_TAPCELL_ROW_72_889,VDD,Metal1,105.2800,301.1700,3.299785
TAP_TAPCELL_ROW_72_888,VDD,Metal1,66.0800,301.1700,3.299785
TAP_TAPCELL_ROW_72_887,VDD,Metal1,26.8800,301.1700,3.299785
TAP_TAPCELL_ROW_71_886,VDD,Metal1,360.0800,294.6700,3.299718
TAP_TAPCELL_ROW_71_885,VDD,Metal1,320.8800,294.6700,3.299748
TAP_TAPCELL_ROW_71_884,VDD,Metal1,281.6800,294.6700,3.299760
TAP_TAPCELL_ROW_71_883,VDD,Metal1,242.4800,294.6700,3.299766
TAP_TAPCELL_ROW_71_882,VDD,Metal1,203.2800,294.6700,3.299784
TAP_TAPCELL_ROW_71_881,VDD,Metal1,164.0800,294.6700,3.299819
TAP_TAPCELL_ROW_71_880,VDD,Metal1,124.8800,294.6700,3.299827
TAP_TAPCELL_ROW_71_879,VDD,Metal1,85.6800,294.6700,3.299827
TAP_TAPCELL_ROW_71_878,VDD,Metal1,46.4800,294.6700,3.299827
TAP_TAPCELL_ROW_70_877,VDD,Metal1,379.6800,293.3300,3.299718
TAP_TAPCELL_ROW_70_876,VDD,Metal1,340.4800,293.3300,3.299731
TAP_TAPCELL_ROW_70_875,VDD,Metal1,301.2800,293.3300,3.299754
TAP_TAPCELL_ROW_70_874,VDD,Metal1,262.0800,293.3300,3.299763
TAP_TAPCELL_ROW_70_873,VDD,Metal1,222.8800,293.3300,3.299777
TAP_TAPCELL_ROW_70_872,VDD,Metal1,183.6800,293.3300,3.299804
TAP_TAPCELL_ROW_70_871,VDD,Metal1,144.4800,293.3300,3.299826
TAP_TAPCELL_ROW_70_870,VDD,Metal1,105.2800,293.3300,3.299827
TAP_TAPCELL_ROW_70_869,VDD,Metal1,66.0800,293.3300,3.299827
TAP_TAPCELL_ROW_70_868,VDD,Metal1,26.8800,293.3300,3.299827
TAP_TAPCELL_ROW_69_867,VDD,Metal1,360.0800,286.8300,3.299892
TAP_TAPCELL_ROW_69_866,VDD,Metal1,320.8800,286.8300,3.299896
TAP_TAPCELL_ROW_69_865,VDD,Metal1,281.6800,286.8300,3.299889
TAP_TAPCELL_ROW_69_864,VDD,Metal1,242.4800,286.8300,3.299890
TAP_TAPCELL_ROW_69_863,VDD,Metal1,203.2800,286.8300,3.299914
TAP_TAPCELL_ROW_69_862,VDD,Metal1,164.0800,286.8300,3.299923
TAP_TAPCELL_ROW_69_861,VDD,Metal1,124.8800,286.8300,3.299925
TAP_TAPCELL_ROW_69_860,VDD,Metal1,85.6800,286.8300,3.299925
TAP_TAPCELL_ROW_69_859,VDD,Metal1,46.4800,286.8300,3.299925
TAP_TAPCELL_ROW_68_858,VDD,Metal1,379.6800,285.4900,3.299891
TAP_TAPCELL_ROW_68_857,VDD,Metal1,340.4800,285.4900,3.299892
TAP_TAPCELL_ROW_68_856,VDD,Metal1,301.2800,285.4900,3.299893
TAP_TAPCELL_ROW_68_855,VDD,Metal1,262.0800,285.4900,3.299889
TAP_TAPCELL_ROW_68_854,VDD,Metal1,222.8800,285.4900,3.299906
TAP_TAPCELL_ROW_68_853,VDD,Metal1,183.6800,285.4900,3.299921
TAP_TAPCELL_ROW_68_852,VDD,Metal1,144.4800,285.4900,3.299924
TAP_TAPCELL_ROW_68_851,VDD,Metal1,105.2800,285.4900,3.299925
TAP_TAPCELL_ROW_68_850,VDD,Metal1,66.0800,285.4900,3.299925
TAP_TAPCELL_ROW_68_849,VDD,Metal1,26.8800,285.4900,3.299925
TAP_TAPCELL_ROW_67_848,VDD,Metal1,360.0800,278.9900,3.299854
TAP_TAPCELL_ROW_67_847,VDD,Metal1,320.8800,278.9900,3.299857
TAP_TAPCELL_ROW_67_846,VDD,Metal1,281.6800,278.9900,3.299857
TAP_TAPCELL_ROW_67_845,VDD,Metal1,242.4800,278.9900,3.299861
TAP_TAPCELL_ROW_67_844,VDD,Metal1,203.2800,278.9900,3.299868
TAP_TAPCELL_ROW_67_843,VDD,Metal1,164.0800,278.9900,3.299872
TAP_TAPCELL_ROW_67_842,VDD,Metal1,124.8800,278.9900,3.299879
TAP_TAPCELL_ROW_67_841,VDD,Metal1,85.6800,278.9900,3.299881
TAP_TAPCELL_ROW_67_840,VDD,Metal1,46.4800,278.9900,3.299882
TAP_TAPCELL_ROW_66_839,VDD,Metal1,379.6800,277.6500,3.299851
TAP_TAPCELL_ROW_66_838,VDD,Metal1,340.4800,277.6500,3.299857
TAP_TAPCELL_ROW_66_837,VDD,Metal1,301.2800,277.6500,3.299857
TAP_TAPCELL_ROW_66_836,VDD,Metal1,262.0800,277.6500,3.299857
TAP_TAPCELL_ROW_66_835,VDD,Metal1,222.8800,277.6500,3.299865
TAP_TAPCELL_ROW_66_834,VDD,Metal1,183.6800,277.6500,3.299869
TAP_TAPCELL_ROW_66_833,VDD,Metal1,144.4800,277.6500,3.299877
TAP_TAPCELL_ROW_66_832,VDD,Metal1,105.2800,277.6500,3.299880
TAP_TAPCELL_ROW_66_831,VDD,Metal1,66.0800,277.6500,3.299882
TAP_TAPCELL_ROW_66_830,VDD,Metal1,26.8800,277.6500,3.299882
TAP_TAPCELL_ROW_65_829,VDD,Metal1,360.0800,271.1500,3.299915
TAP_TAPCELL_ROW_65_828,VDD,Metal1,320.8800,271.1500,3.299917
TAP_TAPCELL_ROW_65_827,VDD,Metal1,281.6800,271.1500,3.299916
TAP_TAPCELL_ROW_65_826,VDD,Metal1,242.4800,271.1500,3.299923
TAP_TAPCELL_ROW_65_825,VDD,Metal1,203.2800,271.1500,3.299927
TAP_TAPCELL_ROW_65_824,VDD,Metal1,164.0800,271.1500,3.299930
TAP_TAPCELL_ROW_65_823,VDD,Metal1,124.8800,271.1500,3.299936
TAP_TAPCELL_ROW_65_822,VDD,Metal1,85.6800,271.1500,3.299938
TAP_TAPCELL_ROW_65_821,VDD,Metal1,46.4800,271.1500,3.299939
TAP_TAPCELL_ROW_64_820,VDD,Metal1,379.6800,269.8100,3.299915
TAP_TAPCELL_ROW_64_819,VDD,Metal1,340.4800,269.8100,3.299916
TAP_TAPCELL_ROW_64_818,VDD,Metal1,301.2800,269.8100,3.299916
TAP_TAPCELL_ROW_64_817,VDD,Metal1,262.0800,269.8100,3.299917
TAP_TAPCELL_ROW_64_816,VDD,Metal1,222.8800,269.8100,3.299924
TAP_TAPCELL_ROW_64_815,VDD,Metal1,183.6800,269.8100,3.299929
TAP_TAPCELL_ROW_64_814,VDD,Metal1,144.4800,269.8100,3.299930
TAP_TAPCELL_ROW_64_813,VDD,Metal1,105.2800,269.8100,3.299937
TAP_TAPCELL_ROW_64_812,VDD,Metal1,66.0800,269.8100,3.299938
TAP_TAPCELL_ROW_64_811,VDD,Metal1,26.8800,269.8100,3.299939
TAP_TAPCELL_ROW_63_810,VDD,Metal1,360.0800,263.3100,3.299886
TAP_TAPCELL_ROW_63_809,VDD,Metal1,320.8800,263.3100,3.299912
TAP_TAPCELL_ROW_63_808,VDD,Metal1,281.6800,263.3100,3.299910
TAP_TAPCELL_ROW_63_807,VDD,Metal1,242.4800,263.3100,3.299912
TAP_TAPCELL_ROW_63_806,VDD,Metal1,203.2800,263.3100,3.299919
TAP_TAPCELL_ROW_63_805,VDD,Metal1,164.0800,263.3100,3.299922
TAP_TAPCELL_ROW_63_804,VDD,Metal1,124.8800,263.3100,3.299928
TAP_TAPCELL_ROW_63_803,VDD,Metal1,85.6800,263.3100,3.299929
TAP_TAPCELL_ROW_63_802,VDD,Metal1,46.4800,263.3100,3.299929
TAP_TAPCELL_ROW_62_801,VDD,Metal1,379.6800,261.9700,3.299885
TAP_TAPCELL_ROW_62_800,VDD,Metal1,340.4800,261.9700,3.299888
TAP_TAPCELL_ROW_62_799,VDD,Metal1,301.2800,261.9700,3.299910
TAP_TAPCELL_ROW_62_798,VDD,Metal1,262.0800,261.9700,3.299910
TAP_TAPCELL_ROW_62_797,VDD,Metal1,222.8800,261.9700,3.299917
TAP_TAPCELL_ROW_62_796,VDD,Metal1,183.6800,261.9700,3.299920
TAP_TAPCELL_ROW_62_795,VDD,Metal1,144.4800,261.9700,3.299928
TAP_TAPCELL_ROW_62_794,VDD,Metal1,105.2800,261.9700,3.299928
TAP_TAPCELL_ROW_62_793,VDD,Metal1,66.0800,261.9700,3.299929
TAP_TAPCELL_ROW_62_792,VDD,Metal1,26.8800,261.9700,3.299929
TAP_TAPCELL_ROW_61_791,VDD,Metal1,360.0800,255.4700,3.299914
TAP_TAPCELL_ROW_61_790,VDD,Metal1,320.8800,255.4700,3.299916
TAP_TAPCELL_ROW_61_789,VDD,Metal1,281.6800,255.4700,3.299916
TAP_TAPCELL_ROW_61_788,VDD,Metal1,242.4800,255.4700,3.299918
TAP_TAPCELL_ROW_61_787,VDD,Metal1,203.2800,255.4700,3.299922
TAP_TAPCELL_ROW_61_786,VDD,Metal1,164.0800,255.4700,3.299922
TAP_TAPCELL_ROW_61_785,VDD,Metal1,124.8800,255.4700,3.299923
TAP_TAPCELL_ROW_61_784,VDD,Metal1,85.6800,255.4700,3.299930
TAP_TAPCELL_ROW_61_783,VDD,Metal1,46.4800,255.4700,3.299930
TAP_TAPCELL_ROW_60_782,VDD,Metal1,379.6800,254.1300,3.299914
TAP_TAPCELL_ROW_60_781,VDD,Metal1,340.4800,254.1300,3.299915
TAP_TAPCELL_ROW_60_780,VDD,Metal1,301.2800,254.1300,3.299915
TAP_TAPCELL_ROW_60_779,VDD,Metal1,262.0800,254.1300,3.299916
TAP_TAPCELL_ROW_60_778,VDD,Metal1,222.8800,254.1300,3.299921
TAP_TAPCELL_ROW_60_777,VDD,Metal1,183.6800,254.1300,3.299922
TAP_TAPCELL_ROW_60_776,VDD,Metal1,144.4800,254.1300,3.299923
TAP_TAPCELL_ROW_60_775,VDD,Metal1,105.2800,254.1300,3.299929
TAP_TAPCELL_ROW_60_774,VDD,Metal1,66.0800,254.1300,3.299930
TAP_TAPCELL_ROW_60_773,VDD,Metal1,26.8800,254.1300,3.299931
TAP_TAPCELL_ROW_59_772,VDD,Metal1,360.0800,247.6300,3.299899
TAP_TAPCELL_ROW_59_771,VDD,Metal1,320.8800,247.6300,3.299904
TAP_TAPCELL_ROW_59_770,VDD,Metal1,281.6800,247.6300,3.299905
TAP_TAPCELL_ROW_59_769,VDD,Metal1,242.4800,247.6300,3.299910
TAP_TAPCELL_ROW_59_768,VDD,Metal1,203.2800,247.6300,3.299916
TAP_TAPCELL_ROW_59_767,VDD,Metal1,164.0800,247.6300,3.299916
TAP_TAPCELL_ROW_59_766,VDD,Metal1,124.8800,247.6300,3.299921
TAP_TAPCELL_ROW_59_765,VDD,Metal1,85.6800,247.6300,3.299937
TAP_TAPCELL_ROW_59_764,VDD,Metal1,46.4800,247.6300,3.299938
TAP_TAPCELL_ROW_58_763,VDD,Metal1,379.6800,246.2900,3.299898
TAP_TAPCELL_ROW_58_762,VDD,Metal1,340.4800,246.2900,3.299903
TAP_TAPCELL_ROW_58_761,VDD,Metal1,301.2800,246.2900,3.299903
TAP_TAPCELL_ROW_58_760,VDD,Metal1,262.0800,246.2900,3.299910
TAP_TAPCELL_ROW_58_759,VDD,Metal1,222.8800,246.2900,3.299912
TAP_TAPCELL_ROW_58_758,VDD,Metal1,183.6800,246.2900,3.299916
TAP_TAPCELL_ROW_58_757,VDD,Metal1,144.4800,246.2900,3.299917
TAP_TAPCELL_ROW_58_756,VDD,Metal1,105.2800,246.2900,3.299922
TAP_TAPCELL_ROW_58_755,VDD,Metal1,66.0800,246.2900,3.299938
TAP_TAPCELL_ROW_58_754,VDD,Metal1,26.8800,246.2900,3.299938
TAP_TAPCELL_ROW_57_753,VDD,Metal1,360.0800,239.7900,3.299916
TAP_TAPCELL_ROW_57_752,VDD,Metal1,320.8800,239.7900,3.299920
TAP_TAPCELL_ROW_57_751,VDD,Metal1,281.6800,239.7900,3.299922
TAP_TAPCELL_ROW_57_750,VDD,Metal1,242.4800,239.7900,3.299926
TAP_TAPCELL_ROW_57_749,VDD,Metal1,203.2800,239.7900,3.299928
TAP_TAPCELL_ROW_57_748,VDD,Metal1,164.0800,239.7900,3.299932
TAP_TAPCELL_ROW_57_747,VDD,Metal1,124.8800,239.7900,3.299936
TAP_TAPCELL_ROW_57_746,VDD,Metal1,85.6800,239.7900,3.299941
TAP_TAPCELL_ROW_57_745,VDD,Metal1,46.4800,239.7900,3.299941
TAP_TAPCELL_ROW_56_744,VDD,Metal1,379.6800,238.4500,3.299915
TAP_TAPCELL_ROW_56_743,VDD,Metal1,340.4800,238.4500,3.299918
TAP_TAPCELL_ROW_56_742,VDD,Metal1,301.2800,238.4500,3.299922
TAP_TAPCELL_ROW_56_741,VDD,Metal1,262.0800,238.4500,3.299923
TAP_TAPCELL_ROW_56_740,VDD,Metal1,222.8800,238.4500,3.299928
TAP_TAPCELL_ROW_56_739,VDD,Metal1,183.6800,238.4500,3.299929
TAP_TAPCELL_ROW_56_738,VDD,Metal1,144.4800,238.4500,3.299932
TAP_TAPCELL_ROW_56_737,VDD,Metal1,105.2800,238.4500,3.299940
TAP_TAPCELL_ROW_56_736,VDD,Metal1,66.0800,238.4500,3.299941
TAP_TAPCELL_ROW_56_735,VDD,Metal1,26.8800,238.4500,3.299941
TAP_TAPCELL_ROW_55_734,VDD,Metal1,360.0800,231.9500,3.299928
TAP_TAPCELL_ROW_55_733,VDD,Metal1,320.8800,231.9500,3.299930
TAP_TAPCELL_ROW_55_732,VDD,Metal1,281.6800,231.9500,3.299932
TAP_TAPCELL_ROW_55_731,VDD,Metal1,242.4800,231.9500,3.299935
TAP_TAPCELL_ROW_55_730,VDD,Metal1,203.2800,231.9500,3.299937
TAP_TAPCELL_ROW_55_729,VDD,Metal1,164.0800,231.9500,3.299939
TAP_TAPCELL_ROW_55_728,VDD,Metal1,124.8800,231.9500,3.299941
TAP_TAPCELL_ROW_55_727,VDD,Metal1,85.6800,231.9500,3.299944
TAP_TAPCELL_ROW_55_726,VDD,Metal1,46.4800,231.9500,3.299944
TAP_TAPCELL_ROW_54_725,VDD,Metal1,379.6800,230.6100,3.299927
TAP_TAPCELL_ROW_54_724,VDD,Metal1,340.4800,230.6100,3.299930
TAP_TAPCELL_ROW_54_723,VDD,Metal1,301.2800,230.6100,3.299931
TAP_TAPCELL_ROW_54_722,VDD,Metal1,262.0800,230.6100,3.299934
TAP_TAPCELL_ROW_54_721,VDD,Metal1,222.8800,230.6100,3.299935
TAP_TAPCELL_ROW_54_720,VDD,Metal1,183.6800,230.6100,3.299939
TAP_TAPCELL_ROW_54_719,VDD,Metal1,144.4800,230.6100,3.299941
TAP_TAPCELL_ROW_54_718,VDD,Metal1,105.2800,230.6100,3.299942
TAP_TAPCELL_ROW_54_717,VDD,Metal1,66.0800,230.6100,3.299944
TAP_TAPCELL_ROW_54_716,VDD,Metal1,26.8800,230.6100,3.299944
TAP_TAPCELL_ROW_53_715,VDD,Metal1,360.0800,224.1100,3.299861
TAP_TAPCELL_ROW_53_714,VDD,Metal1,320.8800,224.1100,3.299938
TAP_TAPCELL_ROW_53_713,VDD,Metal1,281.6800,224.1100,3.299940
TAP_TAPCELL_ROW_53_712,VDD,Metal1,242.4800,224.1100,3.299942
TAP_TAPCELL_ROW_53_711,VDD,Metal1,203.2800,224.1100,3.299944
TAP_TAPCELL_ROW_53_710,VDD,Metal1,164.0800,224.1100,3.299949
TAP_TAPCELL_ROW_53_709,VDD,Metal1,124.8800,224.1100,3.299954
TAP_TAPCELL_ROW_53_708,VDD,Metal1,85.6800,224.1100,3.299954
TAP_TAPCELL_ROW_53_707,VDD,Metal1,46.4800,224.1100,3.299957
TAP_TAPCELL_ROW_52_706,VDD,Metal1,379.6800,222.7700,3.299860
TAP_TAPCELL_ROW_52_705,VDD,Metal1,340.4800,222.7700,3.299936
TAP_TAPCELL_ROW_52_704,VDD,Metal1,301.2800,222.7700,3.299939
TAP_TAPCELL_ROW_52_703,VDD,Metal1,262.0800,222.7700,3.299941
TAP_TAPCELL_ROW_52_702,VDD,Metal1,222.8800,222.7700,3.299943
TAP_TAPCELL_ROW_52_701,VDD,Metal1,183.6800,222.7700,3.299944
TAP_TAPCELL_ROW_52_700,VDD,Metal1,144.4800,222.7700,3.299953
TAP_TAPCELL_ROW_52_699,VDD,Metal1,105.2800,222.7700,3.299954
TAP_TAPCELL_ROW_52_698,VDD,Metal1,66.0800,222.7700,3.299956
TAP_TAPCELL_ROW_52_697,VDD,Metal1,26.8800,222.7700,3.299957
TAP_TAPCELL_ROW_51_696,VDD,Metal1,360.0800,216.2700,3.299942
TAP_TAPCELL_ROW_51_695,VDD,Metal1,320.8800,216.2700,3.299945
TAP_TAPCELL_ROW_51_694,VDD,Metal1,281.6800,216.2700,3.299946
TAP_TAPCELL_ROW_51_693,VDD,Metal1,242.4800,216.2700,3.299950
TAP_TAPCELL_ROW_51_692,VDD,Metal1,203.2800,216.2700,3.299962
TAP_TAPCELL_ROW_51_691,VDD,Metal1,164.0800,216.2700,3.299965
TAP_TAPCELL_ROW_51_690,VDD,Metal1,124.8800,216.2700,3.299967
TAP_TAPCELL_ROW_51_689,VDD,Metal1,85.6800,216.2700,3.299972
TAP_TAPCELL_ROW_51_688,VDD,Metal1,46.4800,216.2700,3.299972
TAP_TAPCELL_ROW_50_687,VDD,Metal1,379.6800,214.9300,3.299942
TAP_TAPCELL_ROW_50_686,VDD,Metal1,340.4800,214.9300,3.299945
TAP_TAPCELL_ROW_50_685,VDD,Metal1,301.2800,214.9300,3.299946
TAP_TAPCELL_ROW_50_684,VDD,Metal1,262.0800,214.9300,3.299947
TAP_TAPCELL_ROW_50_683,VDD,Metal1,222.8800,214.9300,3.299960
TAP_TAPCELL_ROW_50_682,VDD,Metal1,183.6800,214.9300,3.299964
TAP_TAPCELL_ROW_50_681,VDD,Metal1,144.4800,214.9300,3.299966
TAP_TAPCELL_ROW_50_680,VDD,Metal1,105.2800,214.9300,3.299970
TAP_TAPCELL_ROW_50_679,VDD,Metal1,66.0800,214.9300,3.299972
TAP_TAPCELL_ROW_50_678,VDD,Metal1,26.8800,214.9300,3.299972
TAP_TAPCELL_ROW_49_677,VDD,Metal1,360.0800,208.4300,3.299934
TAP_TAPCELL_ROW_49_676,VDD,Metal1,320.8800,208.4300,3.299937
TAP_TAPCELL_ROW_49_675,VDD,Metal1,281.6800,208.4300,3.299937
TAP_TAPCELL_ROW_49_674,VDD,Metal1,242.4800,208.4300,3.299939
TAP_TAPCELL_ROW_49_673,VDD,Metal1,203.2800,208.4300,3.299940
TAP_TAPCELL_ROW_49_672,VDD,Metal1,164.0800,208.4300,3.299943
TAP_TAPCELL_ROW_49_671,VDD,Metal1,124.8800,208.4300,3.299948
TAP_TAPCELL_ROW_49_670,VDD,Metal1,85.6800,208.4300,3.299949
TAP_TAPCELL_ROW_49_669,VDD,Metal1,46.4800,208.4300,3.299950
TAP_TAPCELL_ROW_48_668,VDD,Metal1,379.6800,207.0900,3.299933
TAP_TAPCELL_ROW_48_667,VDD,Metal1,340.4800,207.0900,3.299935
TAP_TAPCELL_ROW_48_666,VDD,Metal1,301.2800,207.0900,3.299937
TAP_TAPCELL_ROW_48_665,VDD,Metal1,262.0800,207.0900,3.299939
TAP_TAPCELL_ROW_48_664,VDD,Metal1,222.8800,207.0900,3.299939
TAP_TAPCELL_ROW_48_663,VDD,Metal1,183.6800,207.0900,3.299943
TAP_TAPCELL_ROW_48_662,VDD,Metal1,144.4800,207.0900,3.299946
TAP_TAPCELL_ROW_48_661,VDD,Metal1,105.2800,207.0900,3.299948
TAP_TAPCELL_ROW_48_660,VDD,Metal1,66.0800,207.0900,3.299950
TAP_TAPCELL_ROW_48_659,VDD,Metal1,26.8800,207.0900,3.299950
TAP_TAPCELL_ROW_47_658,VDD,Metal1,360.0800,200.5900,3.299934
TAP_TAPCELL_ROW_47_657,VDD,Metal1,320.8800,200.5900,3.299938
TAP_TAPCELL_ROW_47_656,VDD,Metal1,281.6800,200.5900,3.299938
TAP_TAPCELL_ROW_47_655,VDD,Metal1,242.4800,200.5900,3.299944
TAP_TAPCELL_ROW_47_654,VDD,Metal1,203.2800,200.5900,3.299945
TAP_TAPCELL_ROW_47_653,VDD,Metal1,164.0800,200.5900,3.299949
TAP_TAPCELL_ROW_47_652,VDD,Metal1,124.8800,200.5900,3.299951
TAP_TAPCELL_ROW_47_651,VDD,Metal1,85.6800,200.5900,3.299954
TAP_TAPCELL_ROW_47_650,VDD,Metal1,46.4800,200.5900,3.299954
TAP_TAPCELL_ROW_46_649,VDD,Metal1,379.6800,199.2500,3.299933
TAP_TAPCELL_ROW_46_648,VDD,Metal1,340.4800,199.2500,3.299937
TAP_TAPCELL_ROW_46_647,VDD,Metal1,301.2800,199.2500,3.299938
TAP_TAPCELL_ROW_46_646,VDD,Metal1,262.0800,199.2500,3.299943
TAP_TAPCELL_ROW_46_645,VDD,Metal1,222.8800,199.2500,3.299945
TAP_TAPCELL_ROW_46_644,VDD,Metal1,183.6800,199.2500,3.299946
TAP_TAPCELL_ROW_46_643,VDD,Metal1,144.4800,199.2500,3.299951
TAP_TAPCELL_ROW_46_642,VDD,Metal1,105.2800,199.2500,3.299952
TAP_TAPCELL_ROW_46_641,VDD,Metal1,66.0800,199.2500,3.299954
TAP_TAPCELL_ROW_46_640,VDD,Metal1,26.8800,199.2500,3.299954
TAP_TAPCELL_ROW_45_639,VDD,Metal1,360.0800,192.7500,3.299934
TAP_TAPCELL_ROW_45_638,VDD,Metal1,320.8800,192.7500,3.299936
TAP_TAPCELL_ROW_45_637,VDD,Metal1,281.6800,192.7500,3.299934
TAP_TAPCELL_ROW_45_636,VDD,Metal1,242.4800,192.7500,3.299935
TAP_TAPCELL_ROW_45_635,VDD,Metal1,203.2800,192.7500,3.299941
TAP_TAPCELL_ROW_45_634,VDD,Metal1,164.0800,192.7500,3.299940
TAP_TAPCELL_ROW_45_633,VDD,Metal1,124.8800,192.7500,3.299930
TAP_TAPCELL_ROW_45_632,VDD,Metal1,85.6800,192.7500,3.299932
TAP_TAPCELL_ROW_45_631,VDD,Metal1,46.4800,192.7500,3.299935
TAP_TAPCELL_ROW_44_630,VDD,Metal1,379.6800,191.4100,3.299933
TAP_TAPCELL_ROW_44_629,VDD,Metal1,340.4800,191.4100,3.299935
TAP_TAPCELL_ROW_44_628,VDD,Metal1,301.2800,191.4100,3.299934
TAP_TAPCELL_ROW_44_627,VDD,Metal1,262.0800,191.4100,3.299934
TAP_TAPCELL_ROW_44_626,VDD,Metal1,222.8800,191.4100,3.299939
TAP_TAPCELL_ROW_44_625,VDD,Metal1,183.6800,191.4100,3.299942
TAP_TAPCELL_ROW_44_624,VDD,Metal1,144.4800,191.4100,3.299931
TAP_TAPCELL_ROW_44_623,VDD,Metal1,105.2800,191.4100,3.299931
TAP_TAPCELL_ROW_44_622,VDD,Metal1,66.0800,191.4100,3.299932
TAP_TAPCELL_ROW_44_621,VDD,Metal1,26.8800,191.4100,3.299935
TAP_TAPCELL_ROW_43_620,VDD,Metal1,360.0800,184.9100,3.299942
TAP_TAPCELL_ROW_43_619,VDD,Metal1,320.8800,184.9100,3.299943
TAP_TAPCELL_ROW_43_618,VDD,Metal1,281.6800,184.9100,3.299945
TAP_TAPCELL_ROW_43_617,VDD,Metal1,242.4800,184.9100,3.299946
TAP_TAPCELL_ROW_43_616,VDD,Metal1,203.2800,184.9100,3.299946
TAP_TAPCELL_ROW_43_615,VDD,Metal1,164.0800,184.9100,3.299950
TAP_TAPCELL_ROW_43_614,VDD,Metal1,124.8800,184.9100,3.299952
TAP_TAPCELL_ROW_43_613,VDD,Metal1,85.6800,184.9100,3.299955
TAP_TAPCELL_ROW_43_612,VDD,Metal1,46.4800,184.9100,3.299958
TAP_TAPCELL_ROW_42_611,VDD,Metal1,379.6800,183.5700,3.299940
TAP_TAPCELL_ROW_42_610,VDD,Metal1,340.4800,183.5700,3.299942
TAP_TAPCELL_ROW_42_609,VDD,Metal1,301.2800,183.5700,3.299943
TAP_TAPCELL_ROW_42_608,VDD,Metal1,262.0800,183.5700,3.299946
TAP_TAPCELL_ROW_42_607,VDD,Metal1,222.8800,183.5700,3.299946
TAP_TAPCELL_ROW_42_606,VDD,Metal1,183.6800,183.5700,3.299949
TAP_TAPCELL_ROW_42_605,VDD,Metal1,144.4800,183.5700,3.299951
TAP_TAPCELL_ROW_42_604,VDD,Metal1,105.2800,183.5700,3.299955
TAP_TAPCELL_ROW_42_603,VDD,Metal1,66.0800,183.5700,3.299958
TAP_TAPCELL_ROW_42_602,VDD,Metal1,26.8800,183.5700,3.299958
TAP_TAPCELL_ROW_41_601,VDD,Metal1,360.0800,177.0700,3.299958
TAP_TAPCELL_ROW_41_600,VDD,Metal1,320.8800,177.0700,3.299959
TAP_TAPCELL_ROW_41_599,VDD,Metal1,281.6800,177.0700,3.299958
TAP_TAPCELL_ROW_41_598,VDD,Metal1,242.4800,177.0700,3.299959
TAP_TAPCELL_ROW_41_597,VDD,Metal1,203.2800,177.0700,3.299962
TAP_TAPCELL_ROW_41_596,VDD,Metal1,164.0800,177.0700,3.299966
TAP_TAPCELL_ROW_41_595,VDD,Metal1,124.8800,177.0700,3.299970
TAP_TAPCELL_ROW_41_594,VDD,Metal1,85.6800,177.0700,3.299972
TAP_TAPCELL_ROW_41_593,VDD,Metal1,46.4800,177.0700,3.299973
TAP_TAPCELL_ROW_40_592,VDD,Metal1,379.6800,175.7300,3.299958
TAP_TAPCELL_ROW_40_591,VDD,Metal1,340.4800,175.7300,3.299958
TAP_TAPCELL_ROW_40_590,VDD,Metal1,301.2800,175.7300,3.299959
TAP_TAPCELL_ROW_40_589,VDD,Metal1,262.0800,175.7300,3.299958
TAP_TAPCELL_ROW_40_588,VDD,Metal1,222.8800,175.7300,3.299960
TAP_TAPCELL_ROW_40_587,VDD,Metal1,183.6800,175.7300,3.299966
TAP_TAPCELL_ROW_40_586,VDD,Metal1,144.4800,175.7300,3.299967
TAP_TAPCELL_ROW_40_585,VDD,Metal1,105.2800,175.7300,3.299972
TAP_TAPCELL_ROW_40_584,VDD,Metal1,66.0800,175.7300,3.299973
TAP_TAPCELL_ROW_40_583,VDD,Metal1,26.8800,175.7300,3.299973
TAP_TAPCELL_ROW_39_582,VDD,Metal1,360.0800,169.2300,3.299938
TAP_TAPCELL_ROW_39_581,VDD,Metal1,320.8800,169.2300,3.299940
TAP_TAPCELL_ROW_39_580,VDD,Metal1,281.6800,169.2300,3.299940
TAP_TAPCELL_ROW_39_579,VDD,Metal1,242.4800,169.2300,3.299943
TAP_TAPCELL_ROW_39_578,VDD,Metal1,203.2800,169.2300,3.299947
TAP_TAPCELL_ROW_39_577,VDD,Metal1,164.0800,169.2300,3.299957
TAP_TAPCELL_ROW_39_576,VDD,Metal1,124.8800,169.2300,3.299958
TAP_TAPCELL_ROW_39_575,VDD,Metal1,85.6800,169.2300,3.299962
TAP_TAPCELL_ROW_39_574,VDD,Metal1,46.4800,169.2300,3.299962
TAP_TAPCELL_ROW_38_573,VDD,Metal1,379.6800,167.8900,3.299938
TAP_TAPCELL_ROW_38_572,VDD,Metal1,340.4800,167.8900,3.299939
TAP_TAPCELL_ROW_38_571,VDD,Metal1,301.2800,167.8900,3.299940
TAP_TAPCELL_ROW_38_570,VDD,Metal1,262.0800,167.8900,3.299941
TAP_TAPCELL_ROW_38_569,VDD,Metal1,222.8800,167.8900,3.299943
TAP_TAPCELL_ROW_38_568,VDD,Metal1,183.6800,167.8900,3.299956
TAP_TAPCELL_ROW_38_567,VDD,Metal1,144.4800,167.8900,3.299958
TAP_TAPCELL_ROW_38_566,VDD,Metal1,105.2800,167.8900,3.299958
TAP_TAPCELL_ROW_38_565,VDD,Metal1,66.0800,167.8900,3.299962
TAP_TAPCELL_ROW_38_564,VDD,Metal1,26.8800,167.8900,3.299962
TAP_TAPCELL_ROW_37_563,VDD,Metal1,360.0800,161.3900,3.299957
TAP_TAPCELL_ROW_37_562,VDD,Metal1,320.8800,161.3900,3.299959
TAP_TAPCELL_ROW_37_561,VDD,Metal1,281.6800,161.3900,3.299959
TAP_TAPCELL_ROW_37_560,VDD,Metal1,242.4800,161.3900,3.299961
TAP_TAPCELL_ROW_37_559,VDD,Metal1,203.2800,161.3900,3.299966
TAP_TAPCELL_ROW_37_558,VDD,Metal1,164.0800,161.3900,3.299969
TAP_TAPCELL_ROW_37_557,VDD,Metal1,124.8800,161.3900,3.299972
TAP_TAPCELL_ROW_37_556,VDD,Metal1,85.6800,161.3900,3.299975
TAP_TAPCELL_ROW_37_555,VDD,Metal1,46.4800,161.3900,3.299976
TAP_TAPCELL_ROW_36_554,VDD,Metal1,379.6800,160.0500,3.299957
TAP_TAPCELL_ROW_36_553,VDD,Metal1,340.4800,160.0500,3.299959
TAP_TAPCELL_ROW_36_552,VDD,Metal1,301.2800,160.0500,3.299959
TAP_TAPCELL_ROW_36_551,VDD,Metal1,262.0800,160.0500,3.299961
TAP_TAPCELL_ROW_36_550,VDD,Metal1,222.8800,160.0500,3.299965
TAP_TAPCELL_ROW_36_549,VDD,Metal1,183.6800,160.0500,3.299969
TAP_TAPCELL_ROW_36_548,VDD,Metal1,144.4800,160.0500,3.299970
TAP_TAPCELL_ROW_36_547,VDD,Metal1,105.2800,160.0500,3.299973
TAP_TAPCELL_ROW_36_546,VDD,Metal1,66.0800,160.0500,3.299976
TAP_TAPCELL_ROW_36_545,VDD,Metal1,26.8800,160.0500,3.299976
TAP_TAPCELL_ROW_35_544,VDD,Metal1,360.0800,153.5500,3.299938
TAP_TAPCELL_ROW_35_543,VDD,Metal1,320.8800,153.5500,3.299939
TAP_TAPCELL_ROW_35_542,VDD,Metal1,281.6800,153.5500,3.299922
TAP_TAPCELL_ROW_35_541,VDD,Metal1,242.4800,153.5500,3.299919
TAP_TAPCELL_ROW_35_540,VDD,Metal1,203.2800,153.5500,3.299921
TAP_TAPCELL_ROW_35_539,VDD,Metal1,164.0800,153.5500,3.299927
TAP_TAPCELL_ROW_35_538,VDD,Metal1,124.8800,153.5500,3.299931
TAP_TAPCELL_ROW_35_537,VDD,Metal1,85.6800,153.5500,3.299933
TAP_TAPCELL_ROW_35_536,VDD,Metal1,46.4800,153.5500,3.299958
TAP_TAPCELL_ROW_34_535,VDD,Metal1,379.6800,152.2100,3.299938
TAP_TAPCELL_ROW_34_534,VDD,Metal1,340.4800,152.2100,3.299939
TAP_TAPCELL_ROW_34_533,VDD,Metal1,301.2800,152.2100,3.299923
TAP_TAPCELL_ROW_34_532,VDD,Metal1,262.0800,152.2100,3.299921
TAP_TAPCELL_ROW_34_531,VDD,Metal1,222.8800,152.2100,3.299919
TAP_TAPCELL_ROW_34_530,VDD,Metal1,183.6800,152.2100,3.299923
TAP_TAPCELL_ROW_34_529,VDD,Metal1,144.4800,152.2100,3.299928
TAP_TAPCELL_ROW_34_528,VDD,Metal1,105.2800,152.2100,3.299933
TAP_TAPCELL_ROW_34_527,VDD,Metal1,66.0800,152.2100,3.299958
TAP_TAPCELL_ROW_34_526,VDD,Metal1,26.8800,152.2100,3.299958
TAP_TAPCELL_ROW_33_525,VDD,Metal1,360.0800,145.7100,3.299959
TAP_TAPCELL_ROW_33_524,VDD,Metal1,320.8800,145.7100,3.299960
TAP_TAPCELL_ROW_33_523,VDD,Metal1,281.6800,145.7100,3.299960
TAP_TAPCELL_ROW_33_522,VDD,Metal1,242.4800,145.7100,3.299962
TAP_TAPCELL_ROW_33_521,VDD,Metal1,203.2800,145.7100,3.299964
TAP_TAPCELL_ROW_33_520,VDD,Metal1,164.0800,145.7100,3.299969
TAP_TAPCELL_ROW_33_519,VDD,Metal1,124.8800,145.7100,3.299974
TAP_TAPCELL_ROW_33_518,VDD,Metal1,85.6800,145.7100,3.299974
TAP_TAPCELL_ROW_33_517,VDD,Metal1,46.4800,145.7100,3.299975
TAP_TAPCELL_ROW_32_516,VDD,Metal1,379.6800,144.3700,3.299958
TAP_TAPCELL_ROW_32_515,VDD,Metal1,340.4800,144.3700,3.299960
TAP_TAPCELL_ROW_32_514,VDD,Metal1,301.2800,144.3700,3.299960
TAP_TAPCELL_ROW_32_513,VDD,Metal1,262.0800,144.3700,3.299960
TAP_TAPCELL_ROW_32_512,VDD,Metal1,222.8800,144.3700,3.299962
TAP_TAPCELL_ROW_32_511,VDD,Metal1,183.6800,144.3700,3.299966
TAP_TAPCELL_ROW_32_510,VDD,Metal1,144.4800,144.3700,3.299969
TAP_TAPCELL_ROW_32_509,VDD,Metal1,105.2800,144.3700,3.299974
TAP_TAPCELL_ROW_32_508,VDD,Metal1,66.0800,144.3700,3.299975
TAP_TAPCELL_ROW_32_507,VDD,Metal1,26.8800,144.3700,3.299975
TAP_TAPCELL_ROW_31_506,VDD,Metal1,360.0800,137.8700,3.299956
TAP_TAPCELL_ROW_31_505,VDD,Metal1,320.8800,137.8700,3.299959
TAP_TAPCELL_ROW_31_504,VDD,Metal1,281.6800,137.8700,3.299959
TAP_TAPCELL_ROW_31_503,VDD,Metal1,242.4800,137.8700,3.299959
TAP_TAPCELL_ROW_31_502,VDD,Metal1,203.2800,137.8700,3.299961
TAP_TAPCELL_ROW_31_501,VDD,Metal1,164.0800,137.8700,3.299966
TAP_TAPCELL_ROW_31_500,VDD,Metal1,124.8800,137.8700,3.299970
TAP_TAPCELL_ROW_31_499,VDD,Metal1,85.6800,137.8700,3.299974
TAP_TAPCELL_ROW_31_498,VDD,Metal1,46.4800,137.8700,3.299974
TAP_TAPCELL_ROW_30_497,VDD,Metal1,379.6800,136.5300,3.299955
TAP_TAPCELL_ROW_30_496,VDD,Metal1,340.4800,136.5300,3.299957
TAP_TAPCELL_ROW_30_495,VDD,Metal1,301.2800,136.5300,3.299959
TAP_TAPCELL_ROW_30_494,VDD,Metal1,262.0800,136.5300,3.299958
TAP_TAPCELL_ROW_30_493,VDD,Metal1,222.8800,136.5300,3.299960
TAP_TAPCELL_ROW_30_492,VDD,Metal1,183.6800,136.5300,3.299964
TAP_TAPCELL_ROW_30_491,VDD,Metal1,144.4800,136.5300,3.299967
TAP_TAPCELL_ROW_30_490,VDD,Metal1,105.2800,136.5300,3.299971
TAP_TAPCELL_ROW_30_489,VDD,Metal1,66.0800,136.5300,3.299974
TAP_TAPCELL_ROW_30_488,VDD,Metal1,26.8800,136.5300,3.299974
TAP_TAPCELL_ROW_29_487,VDD,Metal1,360.0800,130.0300,3.299941
TAP_TAPCELL_ROW_29_486,VDD,Metal1,320.8800,130.0300,3.299944
TAP_TAPCELL_ROW_29_485,VDD,Metal1,281.6800,130.0300,3.299942
TAP_TAPCELL_ROW_29_484,VDD,Metal1,242.4800,130.0300,3.299941
TAP_TAPCELL_ROW_29_483,VDD,Metal1,203.2800,130.0300,3.299943
TAP_TAPCELL_ROW_29_482,VDD,Metal1,164.0800,130.0300,3.299961
TAP_TAPCELL_ROW_29_481,VDD,Metal1,124.8800,130.0300,3.299960
TAP_TAPCELL_ROW_29_480,VDD,Metal1,85.6800,130.0300,3.299961
TAP_TAPCELL_ROW_29_479,VDD,Metal1,46.4800,130.0300,3.299961
TAP_TAPCELL_ROW_28_478,VDD,Metal1,379.6800,128.6900,3.299940
TAP_TAPCELL_ROW_28_477,VDD,Metal1,340.4800,128.6900,3.299941
TAP_TAPCELL_ROW_28_476,VDD,Metal1,301.2800,128.6900,3.299943
TAP_TAPCELL_ROW_28_475,VDD,Metal1,262.0800,128.6900,3.299941
TAP_TAPCELL_ROW_28_474,VDD,Metal1,222.8800,128.6900,3.299942
TAP_TAPCELL_ROW_28_473,VDD,Metal1,183.6800,128.6900,3.299943
TAP_TAPCELL_ROW_28_472,VDD,Metal1,144.4800,128.6900,3.299960
TAP_TAPCELL_ROW_28_471,VDD,Metal1,105.2800,128.6900,3.299961
TAP_TAPCELL_ROW_28_470,VDD,Metal1,66.0800,128.6900,3.299961
TAP_TAPCELL_ROW_28_469,VDD,Metal1,26.8800,128.6900,3.299961
TAP_TAPCELL_ROW_27_468,VDD,Metal1,360.0800,122.1900,3.299944
TAP_TAPCELL_ROW_27_467,VDD,Metal1,320.8800,122.1900,3.299945
TAP_TAPCELL_ROW_27_466,VDD,Metal1,281.6800,122.1900,3.299944
TAP_TAPCELL_ROW_27_465,VDD,Metal1,242.4800,122.1900,3.299945
TAP_TAPCELL_ROW_27_464,VDD,Metal1,203.2800,122.1900,3.299948
TAP_TAPCELL_ROW_27_463,VDD,Metal1,164.0800,122.1900,3.299951
TAP_TAPCELL_ROW_27_462,VDD,Metal1,124.8800,122.1900,3.299951
TAP_TAPCELL_ROW_27_461,VDD,Metal1,85.6800,122.1900,3.299953
TAP_TAPCELL_ROW_27_460,VDD,Metal1,46.4800,122.1900,3.299953
TAP_TAPCELL_ROW_26_459,VDD,Metal1,379.6800,120.8500,3.299944
TAP_TAPCELL_ROW_26_458,VDD,Metal1,340.4800,120.8500,3.299946
TAP_TAPCELL_ROW_26_457,VDD,Metal1,301.2800,120.8500,3.299944
TAP_TAPCELL_ROW_26_456,VDD,Metal1,262.0800,120.8500,3.299945
TAP_TAPCELL_ROW_26_455,VDD,Metal1,222.8800,120.8500,3.299947
TAP_TAPCELL_ROW_26_454,VDD,Metal1,183.6800,120.8500,3.299950
TAP_TAPCELL_ROW_26_453,VDD,Metal1,144.4800,120.8500,3.299951
TAP_TAPCELL_ROW_26_452,VDD,Metal1,105.2800,120.8500,3.299952
TAP_TAPCELL_ROW_26_451,VDD,Metal1,66.0800,120.8500,3.299953
TAP_TAPCELL_ROW_26_450,VDD,Metal1,26.8800,120.8500,3.299953
TAP_TAPCELL_ROW_25_449,VDD,Metal1,360.0800,114.3500,3.299951
TAP_TAPCELL_ROW_25_448,VDD,Metal1,320.8800,114.3500,3.299952
TAP_TAPCELL_ROW_25_447,VDD,Metal1,281.6800,114.3500,3.299951
TAP_TAPCELL_ROW_25_446,VDD,Metal1,242.4800,114.3500,3.299962
TAP_TAPCELL_ROW_25_445,VDD,Metal1,203.2800,114.3500,3.299969
TAP_TAPCELL_ROW_25_444,VDD,Metal1,164.0800,114.3500,3.299973
TAP_TAPCELL_ROW_25_443,VDD,Metal1,124.8800,114.3500,3.299973
TAP_TAPCELL_ROW_25_442,VDD,Metal1,85.6800,114.3500,3.299974
TAP_TAPCELL_ROW_25_441,VDD,Metal1,46.4800,114.3500,3.299974
TAP_TAPCELL_ROW_24_440,VDD,Metal1,379.6800,113.0100,3.299951
TAP_TAPCELL_ROW_24_439,VDD,Metal1,340.4800,113.0100,3.299952
TAP_TAPCELL_ROW_24_438,VDD,Metal1,301.2800,113.0100,3.299951
TAP_TAPCELL_ROW_24_437,VDD,Metal1,262.0800,113.0100,3.299951
TAP_TAPCELL_ROW_24_436,VDD,Metal1,222.8800,113.0100,3.299968
TAP_TAPCELL_ROW_24_435,VDD,Metal1,183.6800,113.0100,3.299970
TAP_TAPCELL_ROW_24_434,VDD,Metal1,144.4800,113.0100,3.299973
TAP_TAPCELL_ROW_24_433,VDD,Metal1,105.2800,113.0100,3.299974
TAP_TAPCELL_ROW_24_432,VDD,Metal1,66.0800,113.0100,3.299974
TAP_TAPCELL_ROW_24_431,VDD,Metal1,26.8800,113.0100,3.299974
TAP_TAPCELL_ROW_23_430,VDD,Metal1,360.0800,106.5100,3.299952
TAP_TAPCELL_ROW_23_429,VDD,Metal1,320.8800,106.5100,3.299955
TAP_TAPCELL_ROW_23_428,VDD,Metal1,281.6800,106.5100,3.299954
TAP_TAPCELL_ROW_23_427,VDD,Metal1,242.4800,106.5100,3.299955
TAP_TAPCELL_ROW_23_426,VDD,Metal1,203.2800,106.5100,3.299959
TAP_TAPCELL_ROW_23_425,VDD,Metal1,164.0800,106.5100,3.299967
TAP_TAPCELL_ROW_23_424,VDD,Metal1,124.8800,106.5100,3.299968
TAP_TAPCELL_ROW_23_423,VDD,Metal1,85.6800,106.5100,3.299968
TAP_TAPCELL_ROW_23_422,VDD,Metal1,46.4800,106.5100,3.299968
TAP_TAPCELL_ROW_22_421,VDD,Metal1,379.6800,105.1700,3.299952
TAP_TAPCELL_ROW_22_420,VDD,Metal1,340.4800,105.1700,3.299955
TAP_TAPCELL_ROW_22_419,VDD,Metal1,301.2800,105.1700,3.299955
TAP_TAPCELL_ROW_22_418,VDD,Metal1,262.0800,105.1700,3.299954
TAP_TAPCELL_ROW_22_417,VDD,Metal1,222.8800,105.1700,3.299957
TAP_TAPCELL_ROW_22_416,VDD,Metal1,183.6800,105.1700,3.299965
TAP_TAPCELL_ROW_22_415,VDD,Metal1,144.4800,105.1700,3.299968
TAP_TAPCELL_ROW_22_414,VDD,Metal1,105.2800,105.1700,3.299968
TAP_TAPCELL_ROW_22_413,VDD,Metal1,66.0800,105.1700,3.299968
TAP_TAPCELL_ROW_22_412,VDD,Metal1,26.8800,105.1700,3.299968
TAP_TAPCELL_ROW_21_411,VDD,Metal1,360.0800,98.6700,3.299951
TAP_TAPCELL_ROW_21_410,VDD,Metal1,320.8800,98.6700,3.299961
TAP_TAPCELL_ROW_21_409,VDD,Metal1,281.6800,98.6700,3.299960
TAP_TAPCELL_ROW_21_408,VDD,Metal1,242.4800,98.6700,3.299961
TAP_TAPCELL_ROW_21_407,VDD,Metal1,203.2800,98.6700,3.299962
TAP_TAPCELL_ROW_21_406,VDD,Metal1,164.0800,98.6700,3.299963
TAP_TAPCELL_ROW_21_405,VDD,Metal1,124.8800,98.6700,3.299965
TAP_TAPCELL_ROW_21_404,VDD,Metal1,85.6800,98.6700,3.299965
TAP_TAPCELL_ROW_21_403,VDD,Metal1,46.4800,98.6700,3.299965
TAP_TAPCELL_ROW_20_402,VDD,Metal1,379.6800,97.3300,3.299949
TAP_TAPCELL_ROW_20_401,VDD,Metal1,340.4800,97.3300,3.299961
TAP_TAPCELL_ROW_20_400,VDD,Metal1,301.2800,97.3300,3.299961
TAP_TAPCELL_ROW_20_399,VDD,Metal1,262.0800,97.3300,3.299961
TAP_TAPCELL_ROW_20_398,VDD,Metal1,222.8800,97.3300,3.299961
TAP_TAPCELL_ROW_20_397,VDD,Metal1,183.6800,97.3300,3.299963
TAP_TAPCELL_ROW_20_396,VDD,Metal1,144.4800,97.3300,3.299965
TAP_TAPCELL_ROW_20_395,VDD,Metal1,105.2800,97.3300,3.299965
TAP_TAPCELL_ROW_20_394,VDD,Metal1,66.0800,97.3300,3.299965
TAP_TAPCELL_ROW_20_393,VDD,Metal1,26.8800,97.3300,3.299965
TAP_TAPCELL_ROW_19_392,VDD,Metal1,360.0800,90.8300,3.299918
TAP_TAPCELL_ROW_19_391,VDD,Metal1,320.8800,90.8300,3.299922
TAP_TAPCELL_ROW_19_390,VDD,Metal1,281.6800,90.8300,3.299921
TAP_TAPCELL_ROW_19_389,VDD,Metal1,242.4800,90.8300,3.299925
TAP_TAPCELL_ROW_19_388,VDD,Metal1,203.2800,90.8300,3.299940
TAP_TAPCELL_ROW_19_387,VDD,Metal1,164.0800,90.8300,3.299943
TAP_TAPCELL_ROW_19_386,VDD,Metal1,124.8800,90.8300,3.299944
TAP_TAPCELL_ROW_19_385,VDD,Metal1,85.6800,90.8300,3.299945
TAP_TAPCELL_ROW_19_384,VDD,Metal1,46.4800,90.8300,3.299945
TAP_TAPCELL_ROW_18_383,VDD,Metal1,379.6800,89.4900,3.299917
TAP_TAPCELL_ROW_18_382,VDD,Metal1,340.4800,89.4900,3.299923
TAP_TAPCELL_ROW_18_381,VDD,Metal1,301.2800,89.4900,3.299921
TAP_TAPCELL_ROW_18_380,VDD,Metal1,262.0800,89.4900,3.299925
TAP_TAPCELL_ROW_18_379,VDD,Metal1,222.8800,89.4900,3.299938
TAP_TAPCELL_ROW_18_378,VDD,Metal1,183.6800,89.4900,3.299942
TAP_TAPCELL_ROW_18_377,VDD,Metal1,144.4800,89.4900,3.299943
TAP_TAPCELL_ROW_18_376,VDD,Metal1,105.2800,89.4900,3.299945
TAP_TAPCELL_ROW_18_375,VDD,Metal1,66.0800,89.4900,3.299945
TAP_TAPCELL_ROW_18_374,VDD,Metal1,26.8800,89.4900,3.299945
TAP_TAPCELL_ROW_17_373,VDD,Metal1,360.0800,82.9900,3.299929
TAP_TAPCELL_ROW_17_372,VDD,Metal1,320.8800,82.9900,3.299930
TAP_TAPCELL_ROW_17_371,VDD,Metal1,281.6800,82.9900,3.299931
TAP_TAPCELL_ROW_17_370,VDD,Metal1,242.4800,82.9900,3.299934
TAP_TAPCELL_ROW_17_369,VDD,Metal1,203.2800,82.9900,3.299939
TAP_TAPCELL_ROW_17_368,VDD,Metal1,164.0800,82.9900,3.299943
TAP_TAPCELL_ROW_17_367,VDD,Metal1,124.8800,82.9900,3.299954
TAP_TAPCELL_ROW_17_366,VDD,Metal1,85.6800,82.9900,3.299954
TAP_TAPCELL_ROW_17_365,VDD,Metal1,46.4800,82.9900,3.299954
TAP_TAPCELL_ROW_16_364,VDD,Metal1,379.6800,81.6500,3.299929
TAP_TAPCELL_ROW_16_363,VDD,Metal1,340.4800,81.6500,3.299929
TAP_TAPCELL_ROW_16_362,VDD,Metal1,301.2800,81.6500,3.299930
TAP_TAPCELL_ROW_16_361,VDD,Metal1,262.0800,81.6500,3.299933
TAP_TAPCELL_ROW_16_360,VDD,Metal1,222.8800,81.6500,3.299935
TAP_TAPCELL_ROW_16_359,VDD,Metal1,183.6800,81.6500,3.299942
TAP_TAPCELL_ROW_16_358,VDD,Metal1,144.4800,81.6500,3.299949
TAP_TAPCELL_ROW_16_357,VDD,Metal1,105.2800,81.6500,3.299954
TAP_TAPCELL_ROW_16_356,VDD,Metal1,66.0800,81.6500,3.299954
TAP_TAPCELL_ROW_16_355,VDD,Metal1,26.8800,81.6500,3.299954
TAP_TAPCELL_ROW_15_354,VDD,Metal1,360.0800,75.1500,3.299948
TAP_TAPCELL_ROW_15_353,VDD,Metal1,320.8800,75.1500,3.299948
TAP_TAPCELL_ROW_15_352,VDD,Metal1,281.6800,75.1500,3.299947
TAP_TAPCELL_ROW_15_351,VDD,Metal1,242.4800,75.1500,3.299948
TAP_TAPCELL_ROW_15_350,VDD,Metal1,203.2800,75.1500,3.299949
TAP_TAPCELL_ROW_15_349,VDD,Metal1,164.0800,75.1500,3.299954
TAP_TAPCELL_ROW_15_348,VDD,Metal1,124.8800,75.1500,3.299957
TAP_TAPCELL_ROW_15_347,VDD,Metal1,85.6800,75.1500,3.299957
TAP_TAPCELL_ROW_15_346,VDD,Metal1,46.4800,75.1500,3.299957
TAP_TAPCELL_ROW_14_345,VDD,Metal1,379.6800,73.8100,3.299947
TAP_TAPCELL_ROW_14_344,VDD,Metal1,340.4800,73.8100,3.299948
TAP_TAPCELL_ROW_14_343,VDD,Metal1,301.2800,73.8100,3.299947
TAP_TAPCELL_ROW_14_342,VDD,Metal1,262.0800,73.8100,3.299947
TAP_TAPCELL_ROW_14_341,VDD,Metal1,222.8800,73.8100,3.299949
TAP_TAPCELL_ROW_14_340,VDD,Metal1,183.6800,73.8100,3.299951
TAP_TAPCELL_ROW_14_339,VDD,Metal1,144.4800,73.8100,3.299955
TAP_TAPCELL_ROW_14_338,VDD,Metal1,105.2800,73.8100,3.299957
TAP_TAPCELL_ROW_14_337,VDD,Metal1,66.0800,73.8100,3.299957
TAP_TAPCELL_ROW_14_336,VDD,Metal1,26.8800,73.8100,3.299957
TAP_TAPCELL_ROW_13_335,VDD,Metal1,360.0800,67.3100,3.299922
TAP_TAPCELL_ROW_13_334,VDD,Metal1,320.8800,67.3100,3.299922
TAP_TAPCELL_ROW_13_333,VDD,Metal1,281.6800,67.3100,3.299918
TAP_TAPCELL_ROW_13_332,VDD,Metal1,242.4800,67.3100,3.299918
TAP_TAPCELL_ROW_13_331,VDD,Metal1,203.2800,67.3100,3.299922
TAP_TAPCELL_ROW_13_330,VDD,Metal1,164.0800,67.3100,3.299940
TAP_TAPCELL_ROW_13_329,VDD,Metal1,124.8800,67.3100,3.299942
TAP_TAPCELL_ROW_13_328,VDD,Metal1,85.6800,67.3100,3.299942
TAP_TAPCELL_ROW_13_327,VDD,Metal1,46.4800,67.3100,3.299942
TAP_TAPCELL_ROW_12_326,VDD,Metal1,379.6800,65.9700,3.299921
TAP_TAPCELL_ROW_12_325,VDD,Metal1,340.4800,65.9700,3.299923
TAP_TAPCELL_ROW_12_324,VDD,Metal1,301.2800,65.9700,3.299919
TAP_TAPCELL_ROW_12_323,VDD,Metal1,262.0800,65.9700,3.299918
TAP_TAPCELL_ROW_12_322,VDD,Metal1,222.8800,65.9700,3.299920
TAP_TAPCELL_ROW_12_321,VDD,Metal1,183.6800,65.9700,3.299936
TAP_TAPCELL_ROW_12_320,VDD,Metal1,144.4800,65.9700,3.299941
TAP_TAPCELL_ROW_12_319,VDD,Metal1,105.2800,65.9700,3.299942
TAP_TAPCELL_ROW_12_318,VDD,Metal1,66.0800,65.9700,3.299942
TAP_TAPCELL_ROW_12_317,VDD,Metal1,26.8800,65.9700,3.299942
TAP_TAPCELL_ROW_11_316,VDD,Metal1,360.0800,59.4700,3.299945
TAP_TAPCELL_ROW_11_315,VDD,Metal1,320.8800,59.4700,3.299944
TAP_TAPCELL_ROW_11_314,VDD,Metal1,281.6800,59.4700,3.299942
TAP_TAPCELL_ROW_11_313,VDD,Metal1,242.4800,59.4700,3.299944
TAP_TAPCELL_ROW_11_312,VDD,Metal1,203.2800,59.4700,3.299944
TAP_TAPCELL_ROW_11_311,VDD,Metal1,164.0800,59.4700,3.299965
TAP_TAPCELL_ROW_11_310,VDD,Metal1,124.8800,59.4700,3.299966
TAP_TAPCELL_ROW_11_309,VDD,Metal1,85.6800,59.4700,3.299973
TAP_TAPCELL_ROW_11_308,VDD,Metal1,46.4800,59.4700,3.299973
TAP_TAPCELL_ROW_10_307,VDD,Metal1,379.6800,58.1300,3.299945
TAP_TAPCELL_ROW_10_306,VDD,Metal1,340.4800,58.1300,3.299945
TAP_TAPCELL_ROW_10_305,VDD,Metal1,301.2800,58.1300,3.299943
TAP_TAPCELL_ROW_10_304,VDD,Metal1,262.0800,58.1300,3.299943
TAP_TAPCELL_ROW_10_303,VDD,Metal1,222.8800,58.1300,3.299944
TAP_TAPCELL_ROW_10_302,VDD,Metal1,183.6800,58.1300,3.299962
TAP_TAPCELL_ROW_10_301,VDD,Metal1,144.4800,58.1300,3.299965
TAP_TAPCELL_ROW_10_300,VDD,Metal1,105.2800,58.1300,3.299973
TAP_TAPCELL_ROW_10_299,VDD,Metal1,66.0800,58.1300,3.299973
TAP_TAPCELL_ROW_10_298,VDD,Metal1,26.8800,58.1300,3.299973
TAP_TAPCELL_ROW_9_297,VDD,Metal1,360.0800,51.6300,3.299958
TAP_TAPCELL_ROW_9_296,VDD,Metal1,320.8800,51.6300,3.299959
TAP_TAPCELL_ROW_9_295,VDD,Metal1,281.6800,51.6300,3.299959
TAP_TAPCELL_ROW_9_294,VDD,Metal1,242.4800,51.6300,3.299961
TAP_TAPCELL_ROW_9_293,VDD,Metal1,203.2800,51.6300,3.299962
TAP_TAPCELL_ROW_9_292,VDD,Metal1,164.0800,51.6300,3.299965
TAP_TAPCELL_ROW_9_291,VDD,Metal1,124.8800,51.6300,3.299966
TAP_TAPCELL_ROW_9_290,VDD,Metal1,85.6800,51.6300,3.299966
TAP_TAPCELL_ROW_9_289,VDD,Metal1,46.4800,51.6300,3.299966
TAP_TAPCELL_ROW_8_288,VDD,Metal1,379.6800,50.2900,3.299958
TAP_TAPCELL_ROW_8_287,VDD,Metal1,340.4800,50.2900,3.299959
TAP_TAPCELL_ROW_8_286,VDD,Metal1,301.2800,50.2900,3.299959
TAP_TAPCELL_ROW_8_285,VDD,Metal1,262.0800,50.2900,3.299961
TAP_TAPCELL_ROW_8_284,VDD,Metal1,222.8800,50.2900,3.299961
TAP_TAPCELL_ROW_8_283,VDD,Metal1,183.6800,50.2900,3.299965
TAP_TAPCELL_ROW_8_282,VDD,Metal1,144.4800,50.2900,3.299965
TAP_TAPCELL_ROW_8_281,VDD,Metal1,105.2800,50.2900,3.299966
TAP_TAPCELL_ROW_8_280,VDD,Metal1,66.0800,50.2900,3.299966
TAP_TAPCELL_ROW_8_279,VDD,Metal1,26.8800,50.2900,3.299966
TAP_TAPCELL_ROW_7_278,VDD,Metal1,360.0800,43.7900,3.299965
TAP_TAPCELL_ROW_7_277,VDD,Metal1,320.8800,43.7900,3.299967
TAP_TAPCELL_ROW_7_276,VDD,Metal1,281.6800,43.7900,3.299969
TAP_TAPCELL_ROW_7_275,VDD,Metal1,242.4800,43.7900,3.299969
TAP_TAPCELL_ROW_7_274,VDD,Metal1,203.2800,43.7900,3.299969
TAP_TAPCELL_ROW_7_273,VDD,Metal1,164.0800,43.7900,3.299973
TAP_TAPCELL_ROW_7_272,VDD,Metal1,124.8800,43.7900,3.299975
TAP_TAPCELL_ROW_7_271,VDD,Metal1,85.6800,43.7900,3.299975
TAP_TAPCELL_ROW_7_270,VDD,Metal1,46.4800,43.7900,3.299975
TAP_TAPCELL_ROW_6_269,VDD,Metal1,379.6800,42.4500,3.299965
TAP_TAPCELL_ROW_6_268,VDD,Metal1,340.4800,42.4500,3.299966
TAP_TAPCELL_ROW_6_267,VDD,Metal1,301.2800,42.4500,3.299967
TAP_TAPCELL_ROW_6_266,VDD,Metal1,262.0800,42.4500,3.299969
TAP_TAPCELL_ROW_6_265,VDD,Metal1,222.8800,42.4500,3.299969
TAP_TAPCELL_ROW_6_264,VDD,Metal1,183.6800,42.4500,3.299971
TAP_TAPCELL_ROW_6_263,VDD,Metal1,144.4800,42.4500,3.299974
TAP_TAPCELL_ROW_6_262,VDD,Metal1,105.2800,42.4500,3.299975
TAP_TAPCELL_ROW_6_261,VDD,Metal1,66.0800,42.4500,3.299975
TAP_TAPCELL_ROW_6_260,VDD,Metal1,26.8800,42.4500,3.299975
TAP_TAPCELL_ROW_5_259,VDD,Metal1,360.0800,35.9500,3.299965
TAP_TAPCELL_ROW_5_258,VDD,Metal1,320.8800,35.9500,3.299967
TAP_TAPCELL_ROW_5_257,VDD,Metal1,281.6800,35.9500,3.299967
TAP_TAPCELL_ROW_5_256,VDD,Metal1,242.4800,35.9500,3.299967
TAP_TAPCELL_ROW_5_255,VDD,Metal1,203.2800,35.9500,3.299967
TAP_TAPCELL_ROW_5_254,VDD,Metal1,164.0800,35.9500,3.299968
TAP_TAPCELL_ROW_5_253,VDD,Metal1,124.8800,35.9500,3.299975
TAP_TAPCELL_ROW_5_252,VDD,Metal1,85.6800,35.9500,3.299975
TAP_TAPCELL_ROW_5_251,VDD,Metal1,46.4800,35.9500,3.299975
TAP_TAPCELL_ROW_4_250,VDD,Metal1,379.6800,34.6100,3.299965
TAP_TAPCELL_ROW_4_249,VDD,Metal1,340.4800,34.6100,3.299966
TAP_TAPCELL_ROW_4_248,VDD,Metal1,301.2800,34.6100,3.299967
TAP_TAPCELL_ROW_4_247,VDD,Metal1,262.0800,34.6100,3.299967
TAP_TAPCELL_ROW_4_246,VDD,Metal1,222.8800,34.6100,3.299967
TAP_TAPCELL_ROW_4_245,VDD,Metal1,183.6800,34.6100,3.299968
TAP_TAPCELL_ROW_4_244,VDD,Metal1,144.4800,34.6100,3.299968
TAP_TAPCELL_ROW_4_243,VDD,Metal1,105.2800,34.6100,3.299975
TAP_TAPCELL_ROW_4_242,VDD,Metal1,66.0800,34.6100,3.299975
TAP_TAPCELL_ROW_4_241,VDD,Metal1,26.8800,34.6100,3.299975
TAP_TAPCELL_ROW_3_240,VDD,Metal1,360.0800,28.1100,3.299955
TAP_TAPCELL_ROW_3_239,VDD,Metal1,320.8800,28.1100,3.299953
TAP_TAPCELL_ROW_3_238,VDD,Metal1,281.6800,28.1100,3.299953
TAP_TAPCELL_ROW_3_237,VDD,Metal1,242.4800,28.1100,3.299953
TAP_TAPCELL_ROW_3_236,VDD,Metal1,203.2800,28.1100,3.299952
TAP_TAPCELL_ROW_3_235,VDD,Metal1,164.0800,28.1100,3.299953
TAP_TAPCELL_ROW_3_234,VDD,Metal1,124.8800,28.1100,3.299954
TAP_TAPCELL_ROW_3_233,VDD,Metal1,85.6800,28.1100,3.299954
TAP_TAPCELL_ROW_3_232,VDD,Metal1,46.4800,28.1100,3.299954
TAP_TAPCELL_ROW_2_231,VDD,Metal1,379.6800,26.7700,3.299955
TAP_TAPCELL_ROW_2_230,VDD,Metal1,340.4800,26.7700,3.299955
TAP_TAPCELL_ROW_2_229,VDD,Metal1,301.2800,26.7700,3.299953
TAP_TAPCELL_ROW_2_228,VDD,Metal1,262.0800,26.7700,3.299953
TAP_TAPCELL_ROW_2_227,VDD,Metal1,222.8800,26.7700,3.299952
TAP_TAPCELL_ROW_2_226,VDD,Metal1,183.6800,26.7700,3.299952
TAP_TAPCELL_ROW_2_225,VDD,Metal1,144.4800,26.7700,3.299953
TAP_TAPCELL_ROW_2_224,VDD,Metal1,105.2800,26.7700,3.299954
TAP_TAPCELL_ROW_2_223,VDD,Metal1,66.0800,26.7700,3.299954
TAP_TAPCELL_ROW_2_222,VDD,Metal1,26.8800,26.7700,3.299954
TAP_TAPCELL_ROW_1_221,VDD,Metal1,360.0800,20.2700,3.299985
TAP_TAPCELL_ROW_1_220,VDD,Metal1,320.8800,20.2700,3.299985
TAP_TAPCELL_ROW_1_219,VDD,Metal1,281.6800,20.2700,3.299985
TAP_TAPCELL_ROW_1_218,VDD,Metal1,242.4800,20.2700,3.299985
TAP_TAPCELL_ROW_1_217,VDD,Metal1,203.2800,20.2700,3.299986
TAP_TAPCELL_ROW_1_216,VDD,Metal1,164.0800,20.2700,3.299986
TAP_TAPCELL_ROW_1_215,VDD,Metal1,124.8800,20.2700,3.299985
TAP_TAPCELL_ROW_1_214,VDD,Metal1,85.6800,20.2700,3.299987
TAP_TAPCELL_ROW_1_213,VDD,Metal1,46.4800,20.2700,3.299987
TAP_TAPCELL_ROW_0_212,VDD,Metal1,369.0400,18.9300,3.299985
TAP_TAPCELL_ROW_0_211,VDD,Metal1,350.0000,18.9300,3.299985
TAP_TAPCELL_ROW_0_210,VDD,Metal1,330.9600,18.9300,3.299986
TAP_TAPCELL_ROW_0_209,VDD,Metal1,311.9200,18.9300,3.299985
TAP_TAPCELL_ROW_0_208,VDD,Metal1,292.8800,18.9300,3.299985
TAP_TAPCELL_ROW_0_207,VDD,Metal1,273.8400,18.9300,3.299985
TAP_TAPCELL_ROW_0_206,VDD,Metal1,254.8000,18.9300,3.299985
TAP_TAPCELL_ROW_0_205,VDD,Metal1,235.7600,18.9300,3.299986
TAP_TAPCELL_ROW_0_204,VDD,Metal1,216.7200,18.9300,3.299986
TAP_TAPCELL_ROW_0_203,VDD,Metal1,197.6800,18.9300,3.299986
TAP_TAPCELL_ROW_0_202,VDD,Metal1,178.6400,18.9300,3.299986
TAP_TAPCELL_ROW_0_201,VDD,Metal1,159.6000,18.9300,3.299985
TAP_TAPCELL_ROW_0_200,VDD,Metal1,140.5600,18.9300,3.299985
TAP_TAPCELL_ROW_0_199,VDD,Metal1,121.5200,18.9300,3.299986
TAP_TAPCELL_ROW_0_198,VDD,Metal1,102.4800,18.9300,3.299986
TAP_TAPCELL_ROW_0_197,VDD,Metal1,83.4400,18.9300,3.299987
TAP_TAPCELL_ROW_0_196,VDD,Metal1,64.4000,18.9300,3.299987
TAP_TAPCELL_ROW_0_195,VDD,Metal1,45.3600,18.9300,3.299988
TAP_TAPCELL_ROW_0_194,VDD,Metal1,26.3200,18.9300,3.299988
PHY_EDGE_ROW_96_Left_193,VDD,Metal1,7.2730,395.2480,3.299999
PHY_EDGE_ROW_95_Left_192,VDD,Metal1,7.2730,388.7515,3.300000
PHY_EDGE_ROW_94_Left_191,VDD,Metal1,7.2730,387.4080,3.300000
PHY_EDGE_ROW_93_Left_190,VDD,Metal1,7.2730,380.9115,3.300000
PHY_EDGE_ROW_92_Left_189,VDD,Metal1,7.2730,379.5680,3.300000
PHY_EDGE_ROW_91_Left_188,VDD,Metal1,7.2730,373.0715,3.299948
PHY_EDGE_ROW_90_Left_187,VDD,Metal1,7.2730,371.7280,3.299948
PHY_EDGE_ROW_89_Left_186,VDD,Metal1,7.2730,365.2315,3.299941
PHY_EDGE_ROW_88_Left_185,VDD,Metal1,7.2730,363.8880,3.299941
PHY_EDGE_ROW_87_Left_184,VDD,Metal1,7.2730,357.3915,3.299924
PHY_EDGE_ROW_86_Left_183,VDD,Metal1,7.2730,356.0480,3.299924
PHY_EDGE_ROW_85_Left_182,VDD,Metal1,7.2730,349.5515,3.299909
PHY_EDGE_ROW_84_Left_181,VDD,Metal1,7.2730,348.2080,3.299909
PHY_EDGE_ROW_83_Left_180,VDD,Metal1,7.2730,341.7115,3.299838
PHY_EDGE_ROW_82_Left_179,VDD,Metal1,7.2730,340.3680,3.299838
PHY_EDGE_ROW_81_Left_178,VDD,Metal1,7.2730,333.8715,3.299866
PHY_EDGE_ROW_80_Left_177,VDD,Metal1,7.2730,332.5280,3.299866
PHY_EDGE_ROW_79_Left_176,VDD,Metal1,7.2730,326.0315,3.299651
PHY_EDGE_ROW_78_Left_175,VDD,Metal1,7.2730,324.6880,3.299651
PHY_EDGE_ROW_77_Left_174,VDD,Metal1,7.2730,318.1915,3.299847
PHY_EDGE_ROW_76_Left_173,VDD,Metal1,7.2730,316.8480,3.299847
PHY_EDGE_ROW_75_Left_172,VDD,Metal1,7.2730,310.3515,3.299932
PHY_EDGE_ROW_74_Left_171,VDD,Metal1,7.2730,309.0080,3.299932
PHY_EDGE_ROW_73_Left_170,VDD,Metal1,7.2730,302.5115,3.299785
PHY_EDGE_ROW_72_Left_169,VDD,Metal1,7.2730,301.1680,3.299785
PHY_EDGE_ROW_71_Left_168,VDD,Metal1,7.2730,294.6715,3.299827
PHY_EDGE_ROW_70_Left_167,VDD,Metal1,7.2730,293.3280,3.299827
PHY_EDGE_ROW_69_Left_166,VDD,Metal1,7.2730,286.8315,3.299925
PHY_EDGE_ROW_68_Left_165,VDD,Metal1,7.2730,285.4880,3.299925
PHY_EDGE_ROW_67_Left_164,VDD,Metal1,7.2730,278.9915,3.299882
PHY_EDGE_ROW_66_Left_163,VDD,Metal1,7.2730,277.6480,3.299882
PHY_EDGE_ROW_65_Left_162,VDD,Metal1,7.2730,271.1515,3.299939
PHY_EDGE_ROW_64_Left_161,VDD,Metal1,7.2730,269.8080,3.299939
PHY_EDGE_ROW_63_Left_160,VDD,Metal1,7.2730,263.3115,3.299929
PHY_EDGE_ROW_62_Left_159,VDD,Metal1,7.2730,261.9680,3.299929
PHY_EDGE_ROW_61_Left_158,VDD,Metal1,7.2730,255.4715,3.299931
PHY_EDGE_ROW_60_Left_157,VDD,Metal1,7.2730,254.1280,3.299931
PHY_EDGE_ROW_59_Left_156,VDD,Metal1,7.2730,247.6315,3.299938
PHY_EDGE_ROW_58_Left_155,VDD,Metal1,7.2730,246.2880,3.299938
PHY_EDGE_ROW_57_Left_154,VDD,Metal1,7.2730,239.7915,3.299941
PHY_EDGE_ROW_56_Left_153,VDD,Metal1,7.2730,238.4480,3.299941
PHY_EDGE_ROW_55_Left_152,VDD,Metal1,7.2730,231.9515,3.299944
PHY_EDGE_ROW_54_Left_151,VDD,Metal1,7.2730,230.6080,3.299944
PHY_EDGE_ROW_53_Left_150,VDD,Metal1,7.2730,224.1115,3.299957
PHY_EDGE_ROW_52_Left_149,VDD,Metal1,7.2730,222.7680,3.299957
PHY_EDGE_ROW_51_Left_148,VDD,Metal1,7.2730,216.2715,3.299972
PHY_EDGE_ROW_50_Left_147,VDD,Metal1,7.2730,214.9280,3.299972
PHY_EDGE_ROW_49_Left_146,VDD,Metal1,7.2730,208.4315,3.299950
PHY_EDGE_ROW_48_Left_145,VDD,Metal1,7.2730,207.0880,3.299950
PHY_EDGE_ROW_47_Left_144,VDD,Metal1,7.2730,200.5915,3.299954
PHY_EDGE_ROW_46_Left_143,VDD,Metal1,7.2730,199.2480,3.299954
PHY_EDGE_ROW_45_Left_142,VDD,Metal1,7.2730,192.7515,3.299935
PHY_EDGE_ROW_44_Left_141,VDD,Metal1,7.2730,191.4080,3.299935
PHY_EDGE_ROW_43_Left_140,VDD,Metal1,7.2730,184.9115,3.299958
PHY_EDGE_ROW_42_Left_139,VDD,Metal1,7.2730,183.5680,3.299958
PHY_EDGE_ROW_41_Left_138,VDD,Metal1,7.2730,177.0715,3.299973
PHY_EDGE_ROW_40_Left_137,VDD,Metal1,7.2730,175.7280,3.299973
PHY_EDGE_ROW_39_Left_136,VDD,Metal1,7.2730,169.2315,3.299962
PHY_EDGE_ROW_38_Left_135,VDD,Metal1,7.2730,167.8880,3.299962
PHY_EDGE_ROW_37_Left_134,VDD,Metal1,7.2730,161.3915,3.299976
PHY_EDGE_ROW_36_Left_133,VDD,Metal1,7.2730,160.0480,3.299976
PHY_EDGE_ROW_35_Left_132,VDD,Metal1,7.2730,153.5515,3.299958
PHY_EDGE_ROW_34_Left_131,VDD,Metal1,7.2730,152.2080,3.299958
PHY_EDGE_ROW_33_Left_130,VDD,Metal1,7.2730,145.7115,3.299975
PHY_EDGE_ROW_32_Left_129,VDD,Metal1,7.2730,144.3680,3.299975
PHY_EDGE_ROW_31_Left_128,VDD,Metal1,7.2730,137.8715,3.299974
PHY_EDGE_ROW_30_Left_127,VDD,Metal1,7.2730,136.5280,3.299974
PHY_EDGE_ROW_29_Left_126,VDD,Metal1,7.2730,130.0315,3.299961
PHY_EDGE_ROW_28_Left_125,VDD,Metal1,7.2730,128.6880,3.299961
PHY_EDGE_ROW_27_Left_124,VDD,Metal1,7.2730,122.1915,3.299953
PHY_EDGE_ROW_26_Left_123,VDD,Metal1,7.2730,120.8480,3.299953
PHY_EDGE_ROW_25_Left_122,VDD,Metal1,7.2730,114.3515,3.299974
PHY_EDGE_ROW_24_Left_121,VDD,Metal1,7.2730,113.0080,3.299974
PHY_EDGE_ROW_23_Left_120,VDD,Metal1,7.2730,106.5115,3.299968
PHY_EDGE_ROW_22_Left_119,VDD,Metal1,7.2730,105.1680,3.299968
PHY_EDGE_ROW_21_Left_118,VDD,Metal1,7.2730,98.6715,3.299965
PHY_EDGE_ROW_20_Left_117,VDD,Metal1,7.2730,97.3280,3.299965
PHY_EDGE_ROW_19_Left_116,VDD,Metal1,7.2730,90.8315,3.299945
PHY_EDGE_ROW_18_Left_115,VDD,Metal1,7.2730,89.4880,3.299945
PHY_EDGE_ROW_17_Left_114,VDD,Metal1,7.2730,82.9915,3.299954
PHY_EDGE_ROW_16_Left_113,VDD,Metal1,7.2730,81.6480,3.299954
PHY_EDGE_ROW_15_Left_112,VDD,Metal1,7.2730,75.1515,3.299957
PHY_EDGE_ROW_14_Left_111,VDD,Metal1,7.2730,73.8080,3.299957
PHY_EDGE_ROW_13_Left_110,VDD,Metal1,7.2730,67.3115,3.299942
PHY_EDGE_ROW_12_Left_109,VDD,Metal1,7.2730,65.9680,3.299942
PHY_EDGE_ROW_11_Left_108,VDD,Metal1,7.2730,59.4715,3.299973
PHY_EDGE_ROW_10_Left_107,VDD,Metal1,7.2730,58.1280,3.299973
PHY_EDGE_ROW_9_Left_106,VDD,Metal1,7.2730,51.6315,3.299966
PHY_EDGE_ROW_8_Left_105,VDD,Metal1,7.2730,50.2880,3.299966
PHY_EDGE_ROW_7_Left_104,VDD,Metal1,7.2730,43.7915,3.299975
PHY_EDGE_ROW_6_Left_103,VDD,Metal1,7.2730,42.4480,3.299975
PHY_EDGE_ROW_5_Left_102,VDD,Metal1,7.2730,35.9515,3.299975
PHY_EDGE_ROW_4_Left_101,VDD,Metal1,7.2730,34.6080,3.299975
PHY_EDGE_ROW_3_Left_100,VDD,Metal1,7.2730,28.1115,3.299954
PHY_EDGE_ROW_2_Left_99,VDD,Metal1,7.2730,26.7680,3.299954
PHY_EDGE_ROW_1_Left_98,VDD,Metal1,7.2730,20.2715,3.299988
PHY_EDGE_ROW_0_Left_97,VDD,Metal1,7.2730,18.9280,3.299988
PHY_EDGE_ROW_96_Right_96,VDD,Metal1,386.4065,395.2480,3.299999
PHY_EDGE_ROW_95_Right_95,VDD,Metal1,386.4065,388.7515,3.300000
PHY_EDGE_ROW_94_Right_94,VDD,Metal1,386.4065,387.4080,3.300000
PHY_EDGE_ROW_93_Right_93,VDD,Metal1,386.4065,380.9115,3.300000
PHY_EDGE_ROW_92_Right_92,VDD,Metal1,386.4065,379.5680,3.300000
PHY_EDGE_ROW_91_Right_91,VDD,Metal1,386.4065,373.0715,3.299907
PHY_EDGE_ROW_90_Right_90,VDD,Metal1,386.4065,371.7280,3.299907
PHY_EDGE_ROW_89_Right_89,VDD,Metal1,386.4065,365.2315,3.299827
PHY_EDGE_ROW_88_Right_88,VDD,Metal1,386.4065,363.8880,3.299827
PHY_EDGE_ROW_87_Right_87,VDD,Metal1,386.4065,357.3915,3.299873
PHY_EDGE_ROW_86_Right_86,VDD,Metal1,386.4065,356.0480,3.299873
PHY_EDGE_ROW_85_Right_85,VDD,Metal1,386.4065,349.5515,3.299864
PHY_EDGE_ROW_84_Right_84,VDD,Metal1,386.4065,348.2080,3.299864
PHY_EDGE_ROW_83_Right_83,VDD,Metal1,386.4065,341.7115,3.299711
PHY_EDGE_ROW_82_Right_82,VDD,Metal1,386.4065,340.3680,3.299711
PHY_EDGE_ROW_81_Right_81,VDD,Metal1,386.4065,333.8715,3.299542
PHY_EDGE_ROW_80_Right_80,VDD,Metal1,386.4065,332.5280,3.299542
PHY_EDGE_ROW_79_Right_79,VDD,Metal1,386.4065,326.0315,3.299232
PHY_EDGE_ROW_78_Right_78,VDD,Metal1,386.4065,324.6880,3.299232
PHY_EDGE_ROW_77_Right_77,VDD,Metal1,386.4065,318.1915,3.299425
PHY_EDGE_ROW_76_Right_76,VDD,Metal1,386.4065,316.8480,3.299425
PHY_EDGE_ROW_75_Right_75,VDD,Metal1,386.4065,310.3515,3.299902
PHY_EDGE_ROW_74_Right_74,VDD,Metal1,386.4065,309.0080,3.299902
PHY_EDGE_ROW_73_Right_73,VDD,Metal1,386.4065,302.5115,3.299631
PHY_EDGE_ROW_72_Right_72,VDD,Metal1,386.4065,301.1680,3.299631
PHY_EDGE_ROW_71_Right_71,VDD,Metal1,386.4065,294.6715,3.299718
PHY_EDGE_ROW_70_Right_70,VDD,Metal1,386.4065,293.3280,3.299718
PHY_EDGE_ROW_69_Right_69,VDD,Metal1,386.4065,286.8315,3.299891
PHY_EDGE_ROW_68_Right_68,VDD,Metal1,386.4065,285.4880,3.299891
PHY_EDGE_ROW_67_Right_67,VDD,Metal1,386.4065,278.9915,3.299851
PHY_EDGE_ROW_66_Right_66,VDD,Metal1,386.4065,277.6480,3.299851
PHY_EDGE_ROW_65_Right_65,VDD,Metal1,386.4065,271.1515,3.299915
PHY_EDGE_ROW_64_Right_64,VDD,Metal1,386.4065,269.8080,3.299915
PHY_EDGE_ROW_63_Right_63,VDD,Metal1,386.4065,263.3115,3.299884
PHY_EDGE_ROW_62_Right_62,VDD,Metal1,386.4065,261.9680,3.299884
PHY_EDGE_ROW_61_Right_61,VDD,Metal1,386.4065,255.4715,3.299914
PHY_EDGE_ROW_60_Right_60,VDD,Metal1,386.4065,254.1280,3.299914
PHY_EDGE_ROW_59_Right_59,VDD,Metal1,386.4065,247.6315,3.299898
PHY_EDGE_ROW_58_Right_58,VDD,Metal1,386.4065,246.2880,3.299898
PHY_EDGE_ROW_57_Right_57,VDD,Metal1,386.4065,239.7915,3.299915
PHY_EDGE_ROW_56_Right_56,VDD,Metal1,386.4065,238.4480,3.299915
PHY_EDGE_ROW_55_Right_55,VDD,Metal1,386.4065,231.9515,3.299927
PHY_EDGE_ROW_54_Right_54,VDD,Metal1,386.4065,230.6080,3.299927
PHY_EDGE_ROW_53_Right_53,VDD,Metal1,386.4065,224.1115,3.299860
PHY_EDGE_ROW_52_Right_52,VDD,Metal1,386.4065,222.7680,3.299860
PHY_EDGE_ROW_51_Right_51,VDD,Metal1,386.4065,216.2715,3.299942
PHY_EDGE_ROW_50_Right_50,VDD,Metal1,386.4065,214.9280,3.299942
PHY_EDGE_ROW_49_Right_49,VDD,Metal1,386.4065,208.4315,3.299933
PHY_EDGE_ROW_48_Right_48,VDD,Metal1,386.4065,207.0880,3.299933
PHY_EDGE_ROW_47_Right_47,VDD,Metal1,386.4065,200.5915,3.299932
PHY_EDGE_ROW_46_Right_46,VDD,Metal1,386.4065,199.2480,3.299932
PHY_EDGE_ROW_45_Right_45,VDD,Metal1,386.4065,192.7515,3.299933
PHY_EDGE_ROW_44_Right_44,VDD,Metal1,386.4065,191.4080,3.299933
PHY_EDGE_ROW_43_Right_43,VDD,Metal1,386.4065,184.9115,3.299940
PHY_EDGE_ROW_42_Right_42,VDD,Metal1,386.4065,183.5680,3.299940
PHY_EDGE_ROW_41_Right_41,VDD,Metal1,386.4065,177.0715,3.299958
PHY_EDGE_ROW_40_Right_40,VDD,Metal1,386.4065,175.7280,3.299958
PHY_EDGE_ROW_39_Right_39,VDD,Metal1,386.4065,169.2315,3.299938
PHY_EDGE_ROW_38_Right_38,VDD,Metal1,386.4065,167.8880,3.299938
PHY_EDGE_ROW_37_Right_37,VDD,Metal1,386.4065,161.3915,3.299957
PHY_EDGE_ROW_36_Right_36,VDD,Metal1,386.4065,160.0480,3.299957
PHY_EDGE_ROW_35_Right_35,VDD,Metal1,386.4065,153.5515,3.299938
PHY_EDGE_ROW_34_Right_34,VDD,Metal1,386.4065,152.2080,3.299938
PHY_EDGE_ROW_33_Right_33,VDD,Metal1,386.4065,145.7115,3.299958
PHY_EDGE_ROW_32_Right_32,VDD,Metal1,386.4065,144.3680,3.299958
PHY_EDGE_ROW_31_Right_31,VDD,Metal1,386.4065,137.8715,3.299955
PHY_EDGE_ROW_30_Right_30,VDD,Metal1,386.4065,136.5280,3.299955
PHY_EDGE_ROW_29_Right_29,VDD,Metal1,386.4065,130.0315,3.299940
PHY_EDGE_ROW_28_Right_28,VDD,Metal1,386.4065,128.6880,3.299940
PHY_EDGE_ROW_27_Right_27,VDD,Metal1,386.4065,122.1915,3.299944
PHY_EDGE_ROW_26_Right_26,VDD,Metal1,386.4065,120.8480,3.299944
PHY_EDGE_ROW_25_Right_25,VDD,Metal1,386.4065,114.3515,3.299950
PHY_EDGE_ROW_24_Right_24,VDD,Metal1,386.4065,113.0080,3.299950
PHY_EDGE_ROW_23_Right_23,VDD,Metal1,386.4065,106.5115,3.299952
PHY_EDGE_ROW_22_Right_22,VDD,Metal1,386.4065,105.1680,3.299952
PHY_EDGE_ROW_21_Right_21,VDD,Metal1,386.4065,98.6715,3.299949
PHY_EDGE_ROW_20_Right_20,VDD,Metal1,386.4065,97.3280,3.299949
PHY_EDGE_ROW_19_Right_19,VDD,Metal1,386.4065,90.8315,3.299917
PHY_EDGE_ROW_18_Right_18,VDD,Metal1,386.4065,89.4880,3.299917
PHY_EDGE_ROW_17_Right_17,VDD,Metal1,386.4065,82.9915,3.299929
PHY_EDGE_ROW_16_Right_16,VDD,Metal1,386.4065,81.6480,3.299929
PHY_EDGE_ROW_15_Right_15,VDD,Metal1,386.4065,75.1515,3.299947
PHY_EDGE_ROW_14_Right_14,VDD,Metal1,386.4065,73.8080,3.299947
PHY_EDGE_ROW_13_Right_13,VDD,Metal1,386.4065,67.3115,3.299921
PHY_EDGE_ROW_12_Right_12,VDD,Metal1,386.4065,65.9680,3.299921
PHY_EDGE_ROW_11_Right_11,VDD,Metal1,386.4065,59.4715,3.299945
PHY_EDGE_ROW_10_Right_10,VDD,Metal1,386.4065,58.1280,3.299945
PHY_EDGE_ROW_9_Right_9,VDD,Metal1,386.4065,51.6315,3.299958
PHY_EDGE_ROW_8_Right_8,VDD,Metal1,386.4065,50.2880,3.299958
PHY_EDGE_ROW_7_Right_7,VDD,Metal1,386.4065,43.7915,3.299965
PHY_EDGE_ROW_6_Right_6,VDD,Metal1,386.4065,42.4480,3.299965
PHY_EDGE_ROW_5_Right_5,VDD,Metal1,386.4065,35.9515,3.299965
PHY_EDGE_ROW_4_Right_4,VDD,Metal1,386.4065,34.6080,3.299965
PHY_EDGE_ROW_3_Right_3,VDD,Metal1,386.4065,28.1115,3.299955
PHY_EDGE_ROW_2_Right_2,VDD,Metal1,386.4065,26.7680,3.299955
PHY_EDGE_ROW_1_Right_1,VDD,Metal1,386.4065,20.2715,3.299985
PHY_EDGE_ROW_0_Right_0,VDD,Metal1,386.4065,18.9280,3.299985
_3781_,VDD,Metal1,343.2900,238.8475,3.299917
_3780_,VDD,Metal1,384.1500,255.0725,3.299914
_3779_,VDD,Metal1,122.6430,246.3565,3.299921
_3778_,VDD,Metal1,120.3965,262.0365,3.299928
_3777_,VDD,Metal1,112.5565,263.2430,3.299928
_3776_,VDD,Metal1,106.9565,271.0830,3.299937
_3775_,VDD,Metal1,95.7565,269.8765,3.299937
_3774_,VDD,Metal1,291.7565,26.8365,3.299953
_3773_,VDD,Metal1,213.3565,26.8365,3.299952
_3772_,VDD,Metal1,202.1565,34.6765,3.299967
_3771_,VDD,Metal1,194.3165,26.8365,3.299952
_3770_,VDD,Metal1,174.1565,26.8365,3.299952
_3769_,VDD,Metal1,162.9565,34.6765,3.299968
_3768_,VDD,Metal1,149.5165,20.2030,3.299985
_3767_,VDD,Metal1,135.5165,28.0430,3.299954
_3766_,VDD,Metal1,129.3565,50.3565,3.299966
_3765_,VDD,Metal1,232.9565,28.0430,3.299952
_3764_,VDD,Metal1,313.5965,26.8365,3.299953
_3763_,VDD,Metal1,136.6430,231.8830,3.299941
_3762_,VDD,Metal1,159.9090,199.3415,3.299949
_3761_,VDD,Metal1,134.9565,113.0765,3.299973
_3760_,VDD,Metal1,155.1165,113.0765,3.299973
_3759_,VDD,Metal1,152.3165,114.2830,3.299973
_3758_,VDD,Metal1,184.7965,106.4430,3.299965
_3757_,VDD,Metal1,174.1600,120.8910,3.299951
_3756_,VDD,Metal1,213.3565,73.8765,3.299949
_3755_,VDD,Metal1,229.6000,75.1085,3.299949
_3754_,VDD,Metal1,199.3565,97.3965,3.299962
_3753_,VDD,Metal1,248.0800,89.5310,3.299925
_3752_,VDD,Metal1,238.5565,66.0365,3.299918
_3751_,VDD,Metal1,259.8365,51.5630,3.299961
_3750_,VDD,Metal1,283.3565,66.0365,3.299918
_3749_,VDD,Metal1,278.8765,42.5165,3.299969
_3748_,VDD,Metal1,306.8765,35.8830,3.299967
_3747_,VDD,Metal1,304.6365,59.4030,3.299943
_3746_,VDD,Metal1,325.3565,42.5165,3.299967
_3745_,VDD,Metal1,333.7600,59.4285,3.299945
_3744_,VDD,Metal1,344.9600,35.9085,3.299966
_3743_,VDD,Metal1,371.8400,35.9085,3.299965
_3742_,VDD,Metal1,376.8800,43.7485,3.299965
_3741_,VDD,Metal1,365.1165,81.7165,3.299929
_3740_,VDD,Metal1,114.5490,231.8580,3.299942
_3739_,VDD,Metal1,89.0365,222.8365,3.299954
_3738_,VDD,Metal1,77.8365,199.3165,3.299954
_3737_,VDD,Metal1,71.6765,192.6830,3.299932
_3736_,VDD,Metal1,80.6365,167.9565,3.299962
_3735_,VDD,Metal1,64.9565,169.1630,3.299962
_3734_,VDD,Metal1,82.8765,136.5965,3.299974
_3733_,VDD,Metal1,76.7165,144.4365,3.299974
_3732_,VDD,Metal1,65.5165,153.4830,3.299958
_3731_,VDD,Metal1,134.9565,254.1965,3.299923
_3730_,VDD,Metal1,142.8000,278.9485,3.299877
_3729_,VDD,Metal1,162.9600,269.8510,3.299930
_3728_,VDD,Metal1,162.9985,246.3115,3.299916
_3727_,VDD,Metal1,186.4800,278.9485,3.299869
_3726_,VDD,Metal1,181.4785,255.4485,3.299922
_3725_,VDD,Metal1,202.1600,262.0110,3.299919
_3724_,VDD,Metal1,217.2800,239.7485,3.299928
_3723_,VDD,Metal1,204.9600,238.4910,3.299928
_3722_,VDD,Metal1,232.9600,231.9085,3.299935
_3721_,VDD,Metal1,254.2400,231.9085,3.299934
_3720_,VDD,Metal1,266.5600,192.7085,3.299934
_3719_,VDD,Metal1,268.2400,169.1885,3.299941
_3718_,VDD,Metal1,273.8400,222.8110,3.299940
_3717_,VDD,Metal1,302.9600,169.1885,3.299940
_3716_,VDD,Metal1,301.2800,192.7085,3.299934
_3715_,VDD,Metal1,327.0400,167.9310,3.299940
_3714_,VDD,Metal1,332.6400,231.9085,3.299930
_3713_,VDD,Metal1,346.0765,247.5630,3.299903
_3712_,VDD,Metal1,365.6800,254.1710,3.299914
_3711_,VDD,Metal1,376.8765,239.7230,3.299915
_3710_,VDD,Metal1,376.8765,231.8830,3.299927
_3709_,VDD,Metal1,142.2785,271.1285,3.299930
_3708_,VDD,Metal1,164.1185,277.6715,3.299872
_3707_,VDD,Metal1,162.9985,254.1515,3.299922
_3706_,VDD,Metal1,186.5185,271.1285,3.299929
_3705_,VDD,Metal1,180.9185,247.6085,3.299916
_3704_,VDD,Metal1,197.1585,254.1515,3.299922
_3703_,VDD,Metal1,216.1600,224.0685,3.299943
_3702_,VDD,Metal1,208.3200,230.6510,3.299937
_3701_,VDD,Metal1,234.6400,230.6510,3.299935
_3700_,VDD,Metal1,254.2400,224.0685,3.299941
_3699_,VDD,Metal1,254.2400,184.8685,3.299946
_3698_,VDD,Metal1,269.9200,177.0285,3.299958
_3697_,VDD,Metal1,276.0800,214.9710,3.299946
_3696_,VDD,Metal1,303.5165,137.8030,3.299959
_3695_,VDD,Metal1,294.0000,184.8685,3.299943
_3694_,VDD,Metal1,330.9600,144.4110,3.299960
_3693_,VDD,Metal1,328.1600,191.4510,3.299936
_3692_,VDD,Metal1,340.4800,161.3485,3.299959
_3691_,VDD,Metal1,348.3200,153.5085,3.299939
_3690_,VDD,Metal1,376.8800,122.1485,3.299944
_3689_,VDD,Metal1,376.8800,129.9885,3.299940
_3688_,VDD,Metal1,159.0400,238.4910,3.299932
_3687_,VDD,Metal1,171.9200,207.1310,3.299943
_3686_,VDD,Metal1,173.0400,230.6510,3.299939
_3685_,VDD,Metal1,186.4800,224.0685,3.299944
_3684_,VDD,Metal1,187.6000,200.5485,3.299946
_3683_,VDD,Metal1,195.4400,222.8110,3.299944
_3682_,VDD,Metal1,210.0000,207.1310,3.299940
_3681_,VDD,Metal1,207.7600,199.2910,3.299945
_3680_,VDD,Metal1,241.3600,207.1310,3.299939
_3679_,VDD,Metal1,257.6000,208.3885,3.299939
_3678_,VDD,Metal1,278.3200,191.4510,3.299934
_3677_,VDD,Metal1,287.8400,167.9310,3.299940
_3676_,VDD,Metal1,287.8400,199.2910,3.299938
_3675_,VDD,Metal1,313.0400,160.0910,3.299959
_3674_,VDD,Metal1,315.8365,175.7965,3.299959
_3673_,VDD,Metal1,334.8800,145.6685,3.299960
_3672_,VDD,Metal1,341.6000,184.8685,3.299942
_3671_,VDD,Metal1,355.6000,175.7710,3.299958
_3670_,VDD,Metal1,376.8800,161.3485,3.299957
_3669_,VDD,Metal1,376.8800,145.6685,3.299958
_3668_,VDD,Metal1,376.8765,137.8030,3.299955
_3667_,VDD,Metal1,115.3600,208.3885,3.299948
_3666_,VDD,Metal1,106.4000,184.8685,3.299955
_3665_,VDD,Metal1,156.8000,183.6110,3.299950
_3664_,VDD,Metal1,105.2800,169.1885,3.299958
_3663_,VDD,Metal1,109.2000,129.9885,3.299960
_3662_,VDD,Metal1,136.6400,129.9885,3.299960
_3661_,VDD,Metal1,165.7565,160.1165,3.299969
_3660_,VDD,Metal1,162.4000,136.5710,3.299966
_3659_,VDD,Metal1,112.0000,224.0685,3.299954
_3658_,VDD,Metal1,147.2800,255.4285,3.299923
_3657_,VDD,Metal1,217.2800,59.4285,3.299944
_3656_,VDD,Metal1,226.2365,43.7230,3.299969
_3655_,VDD,Metal1,208.3165,50.3565,3.299962
_3654_,VDD,Metal1,90.1565,262.0365,3.299929
_3653_,VDD,Metal1,85.6765,254.1965,3.299930
_3652_,VDD,Metal1,109.7565,247.5630,3.299922
_3651_,VDD,Metal1,87.1090,238.5415,3.299941
_3650_,VDD,Metal1,176.8600,302.2625,3.299760
_3649_,VDD,Metal1,189.9325,301.2540,3.299737
_3648_,VDD,Metal1,180.7630,301.4065,3.299750
_3647_,VDD,Metal1,181.2075,293.5775,3.299815
_3646_,VDD,Metal1,167.5800,294.3825,3.299818
_3645_,VDD,Metal1,171.8000,293.5625,3.299815
_3644_,VDD,Metal1,166.0300,286.7230,3.299921
_3643_,VDD,Metal1,162.7275,293.5775,3.299820
_3642_,VDD,Metal1,156.5930,294.4940,3.299825
_3641_,VDD,Metal1,157.7800,301.4575,3.299780
_3640_,VDD,Metal1,200.0130,294.4475,3.299793
_3639_,VDD,Metal1,198.8800,301.4175,3.299724
_3638_,VDD,Metal1,197.2365,302.2730,3.299724
_3637_,VDD,Metal1,202.0430,309.2465,3.299928
_3636_,VDD,Metal1,209.6375,294.4225,3.299781
_3635_,VDD,Metal1,187.3600,302.1975,3.299737
_3634_,VDD,Metal1,176.3000,301.4175,3.299760
_3633_,VDD,Metal1,174.3400,302.2750,3.299763
_3632_,VDD,Metal1,170.5600,301.4825,3.299767
_3631_,VDD,Metal1,166.4130,293.5525,3.299818
_3630_,VDD,Metal1,163.8400,301.4825,3.299772
_3629_,VDD,Metal1,183.3305,317.9725,3.299844
_3628_,VDD,Metal1,158.7500,293.4365,3.299824
_3627_,VDD,Metal1,166.0500,302.4030,3.299770
_3626_,VDD,Metal1,163.2500,285.5965,3.299923
_3625_,VDD,Metal1,161.1800,302.2625,3.299777
_3624_,VDD,Metal1,186.6200,310.0625,3.299930
_3623_,VDD,Metal1,215.6925,302.4255,3.299714
_3622_,VDD,Metal1,211.7965,309.2465,3.299928
_3621_,VDD,Metal1,207.1850,310.2200,3.299928
_3620_,VDD,Metal1,201.7000,310.1025,3.299928
_3619_,VDD,Metal1,201.8700,316.9565,3.299832
_3618_,VDD,Metal1,200.3630,317.9530,3.299832
_3617_,VDD,Metal1,190.1930,317.0255,3.299844
_3616_,VDD,Metal1,182.2700,310.2430,3.299931
_3615_,VDD,Metal1,180.7800,317.0975,3.299844
_3614_,VDD,Metal1,178.0650,324.8200,3.299642
_3613_,VDD,Metal1,176.6325,325.7825,3.299644
_3612_,VDD,Metal1,189.8480,324.8255,3.299478
_3611_,VDD,Metal1,173.8680,316.9200,3.299844
_3610_,VDD,Metal1,217.5480,301.2400,3.299714
_3609_,VDD,Metal1,216.0665,294.4475,3.299779
_3608_,VDD,Metal1,231.1900,286.3935,3.299894
_3607_,VDD,Metal1,248.7565,285.7265,3.299889
_3606_,VDD,Metal1,232.3500,285.7375,3.299894
_3605_,VDD,Metal1,228.7100,293.5775,3.299774
_3604_,VDD,Metal1,228.3800,285.7375,3.299896
_3603_,VDD,Metal1,206.6250,301.3000,3.299722
_3602_,VDD,Metal1,205.2300,302.4030,3.299722
_3601_,VDD,Metal1,200.5965,286.5930,3.299915
_3600_,VDD,Metal1,210.2400,325.0025,3.299456
_3599_,VDD,Metal1,205.2500,325.9230,3.299468
_3598_,VDD,Metal1,197.4730,332.7055,3.299822
_3597_,VDD,Metal1,196.5450,325.9000,3.299478
_3596_,VDD,Metal1,189.9800,332.8175,3.299828
_3595_,VDD,Metal1,189.6000,325.7175,3.299478
_3594_,VDD,Metal1,182.1330,325.7815,3.299641
_3593_,VDD,Metal1,237.7080,293.4000,3.299767
_3592_,VDD,Metal1,239.2365,286.5930,3.299890
_3591_,VDD,Metal1,231.1800,294.4225,3.299771
_3590_,VDD,Metal1,222.2000,278.7575,3.299865
_3589_,VDD,Metal1,224.2575,286.4550,3.299906
_3588_,VDD,Metal1,214.2730,285.6655,3.299911
_3587_,VDD,Metal1,206.1800,286.5825,3.299914
_3586_,VDD,Metal1,204.1300,293.4365,3.299784
_3585_,VDD,Metal1,190.1930,285.6655,3.299919
_3584_,VDD,Metal1,209.1080,277.8705,3.299868
_3583_,VDD,Metal1,201.1800,270.8625,3.299927
_3582_,VDD,Metal1,205.6600,285.7775,3.299914
_3581_,VDD,Metal1,185.6300,332.6365,3.299863
_3580_,VDD,Metal1,189.1800,333.6225,3.299828
_3579_,VDD,Metal1,241.6280,285.5600,3.299890
_3578_,VDD,Metal1,239.5800,278.7425,3.299861
_3577_,VDD,Metal1,246.2830,278.7530,3.299859
_3576_,VDD,Metal1,245.7400,286.5825,3.299890
_3575_,VDD,Metal1,248.3335,277.9300,3.299859
_3574_,VDD,Metal1,230.8125,278.9055,3.299862
_3573_,VDD,Metal1,229.3675,277.8975,3.299862
_3572_,VDD,Metal1,228.6200,263.0225,3.299916
_3571_,VDD,Metal1,219.8400,270.8375,3.299925
_3570_,VDD,Metal1,224.8500,277.7565,3.299865
_3569_,VDD,Metal1,209.7930,270.9740,3.299927
_3568_,VDD,Metal1,215.3675,278.7425,3.299868
_3567_,VDD,Metal1,209.2000,278.6775,3.299868
_3566_,VDD,Metal1,211.7965,270.0465,3.299927
_3565_,VDD,Metal1,204.6680,269.8800,3.299927
_3564_,VDD,Metal1,257.6925,285.5740,3.299888
_3563_,VDD,Metal1,255.4765,270.9130,3.299917
_3562_,VDD,Metal1,252.2700,277.7565,3.299858
_3561_,VDD,Metal1,244.3400,277.8850,3.299859
_3560_,VDD,Metal1,246.4800,263.0625,3.299911
_3559_,VDD,Metal1,244.2765,270.0465,3.299917
_3558_,VDD,Metal1,224.9130,255.2940,3.299921
_3557_,VDD,Metal1,226.5300,262.0765,3.299916
_3556_,VDD,Metal1,227.2600,270.0575,3.299924
_3555_,VDD,Metal1,221.5200,262.9975,3.299917
_3554_,VDD,Metal1,215.4200,270.0450,3.299927
_3553_,VDD,Metal1,214.8000,262.9975,3.299918
_3552_,VDD,Metal1,210.2700,263.2030,3.299919
_3551_,VDD,Metal1,236.3115,247.4940,3.299911
_3550_,VDD,Metal1,226.3800,246.5775,3.299912
_3549_,VDD,Metal1,230.6200,246.5375,3.299911
_3548_,VDD,Metal1,260.6680,278.9195,3.299857
_3547_,VDD,Metal1,255.4600,286.5825,3.299888
_3546_,VDD,Metal1,275.4500,277.9475,3.299857
_3545_,VDD,Metal1,305.6700,270.7135,3.299916
_3544_,VDD,Metal1,274.3830,270.9430,3.299916
_3543_,VDD,Metal1,271.3100,271.0430,3.299916
_3542_,VDD,Metal1,259.5700,277.7565,3.299857
_3541_,VDD,Metal1,251.2075,270.9025,3.299917
_3540_,VDD,Metal1,247.2500,271.0430,3.299917
_3539_,VDD,Metal1,251.8830,263.0730,3.299910
_3538_,VDD,Metal1,246.1600,262.2825,3.299911
_3537_,VDD,Metal1,240.3330,262.1925,3.299912
_3536_,VDD,Metal1,238.9130,254.3055,3.299918
_3535_,VDD,Metal1,244.0600,255.2225,3.299918
_3534_,VDD,Metal1,237.9850,255.3400,3.299918
_3533_,VDD,Metal1,239.8200,246.5775,3.299911
_3532_,VDD,Metal1,228.8000,254.4425,3.299921
_3531_,VDD,Metal1,283.0680,277.7200,3.299857
_3530_,VDD,Metal1,278.1800,270.8625,3.299916
_3529_,VDD,Metal1,276.9100,278.8830,3.299857
_3528_,VDD,Metal1,272.2400,270.0575,3.299916
_3527_,VDD,Metal1,271.7165,263.0730,3.299910
_3526_,VDD,Metal1,260.1930,263.1340,3.299910
_3525_,VDD,Metal1,254.1465,262.1925,3.299910
_3524_,VDD,Metal1,257.8325,262.2175,3.299910
_3523_,VDD,Metal1,248.9600,254.4425,3.299917
_3522_,VDD,Metal1,234.9300,246.3965,3.299911
_3521_,VDD,Metal1,236.0300,239.6830,3.299927
_3520_,VDD,Metal1,232.6700,222.8765,3.299942
_3519_,VDD,Metal1,239.0200,239.5425,3.299927
_3518_,VDD,Metal1,274.0680,238.6705,3.299922
_3517_,VDD,Metal1,268.9400,239.5025,3.299922
_3516_,VDD,Metal1,270.0865,231.7615,3.299934
_3515_,VDD,Metal1,264.0300,246.3965,3.299906
_3514_,VDD,Metal1,288.1080,278.9195,3.299857
_3513_,VDD,Metal1,295.6725,271.0525,3.299916
_3512_,VDD,Metal1,293.8200,270.0450,3.299916
_3511_,VDD,Metal1,297.2430,263.0730,3.299910
_3510_,VDD,Metal1,304.3500,263.2030,3.299910
_3509_,VDD,Metal1,278.6400,270.1225,3.299916
_3508_,VDD,Metal1,278.9800,263.0625,3.299910
_3507_,VDD,Metal1,279.5800,247.3425,3.299905
_3506_,VDD,Metal1,271.9200,262.2825,3.299910
_3505_,VDD,Metal1,276.5465,255.2475,3.299916
_3504_,VDD,Metal1,266.9130,255.2940,3.299916
_3503_,VDD,Metal1,266.4600,262.2175,3.299910
_3502_,VDD,Metal1,267.3600,254.4425,3.299916
_3501_,VDD,Metal1,266.9800,246.5775,3.299906
_3500_,VDD,Metal1,262.4000,239.4775,3.299923
_3499_,VDD,Metal1,264.0300,238.5565,3.299922
_3498_,VDD,Metal1,304.9600,277.9625,3.299856
_3497_,VDD,Metal1,303.2300,269.9165,3.299916
_3496_,VDD,Metal1,298.3800,270.0575,3.299916
_3495_,VDD,Metal1,299.4665,255.3365,3.299915
_3494_,VDD,Metal1,298.5965,262.2065,3.299910
_3493_,VDD,Metal1,292.7400,255.1825,3.299915
_3492_,VDD,Metal1,289.3130,254.3055,3.299915
_3491_,VDD,Metal1,290.9930,247.4540,3.299903
_3490_,VDD,Metal1,283.6500,247.5230,3.299904
_3489_,VDD,Metal1,283.2600,246.5375,3.299904
_3488_,VDD,Metal1,275.6125,246.3740,3.299905
_3487_,VDD,Metal1,272.8365,239.5530,3.299922
_3486_,VDD,Metal1,279.1825,230.9850,3.299933
_3485_,VDD,Metal1,279.3465,223.8875,3.299940
_3484_,VDD,Metal1,286.4500,238.5565,3.299922
_3483_,VDD,Metal1,270.1600,247.3175,3.299905
_3482_,VDD,Metal1,265.5400,247.3825,3.299906
_3481_,VDD,Metal1,311.6800,277.9625,3.299857
_3480_,VDD,Metal1,306.0500,269.9165,3.299916
_3479_,VDD,Metal1,307.2600,263.0750,3.299910
_3478_,VDD,Metal1,306.8650,255.3400,3.299915
_3477_,VDD,Metal1,303.2500,262.0765,3.299910
_3476_,VDD,Metal1,304.1965,230.8465,3.299931
_3475_,VDD,Metal1,301.0400,247.3175,3.299903
_3474_,VDD,Metal1,294.8500,262.0765,3.299910
_3473_,VDD,Metal1,303.6130,254.3525,3.299915
_3472_,VDD,Metal1,293.2330,231.7740,3.299931
_3471_,VDD,Metal1,298.1525,254.3775,3.299915
_3470_,VDD,Metal1,296.7000,246.5375,3.299903
_3469_,VDD,Metal1,293.2000,238.7625,3.299922
_3468_,VDD,Metal1,294.9800,223.0575,3.299939
_3467_,VDD,Metal1,287.9325,224.0255,3.299939
_3466_,VDD,Metal1,308.8300,269.9165,3.299916
_3465_,VDD,Metal1,323.2130,255.2475,3.299916
_3464_,VDD,Metal1,316.8800,247.3825,3.299904
_3463_,VDD,Metal1,318.1965,254.3665,3.299915
_3462_,VDD,Metal1,314.7050,246.4200,3.299904
_3461_,VDD,Metal1,310.5300,247.5230,3.299904
_3460_,VDD,Metal1,310.0000,231.6375,3.299931
_3459_,VDD,Metal1,304.9300,238.5565,3.299922
_3458_,VDD,Metal1,300.5130,223.9340,3.299939
_3457_,VDD,Metal1,303.2800,231.6375,3.299931
_3456_,VDD,Metal1,299.5600,208.0250,3.299937
_3455_,VDD,Metal1,309.7750,208.2590,3.299937
_3454_,VDD,Metal1,303.5030,215.1365,3.299946
_3453_,VDD,Metal1,304.7600,207.3225,3.299937
_3452_,VDD,Metal1,307.1500,200.4830,3.299938
_3451_,VDD,Metal1,306.0500,216.1630,3.299946
_3450_,VDD,Metal1,293.1480,230.6800,3.299931
_3449_,VDD,Metal1,291.1000,223.0175,3.299939
_3448_,VDD,Metal1,310.6200,246.5250,3.299904
_3447_,VDD,Metal1,317.1000,231.6625,3.299930
_3446_,VDD,Metal1,337.5800,254.3775,3.299915
_3445_,VDD,Metal1,335.8600,238.7375,3.299919
_3444_,VDD,Metal1,336.6800,239.5575,3.299919
_3443_,VDD,Metal1,345.2200,239.5575,3.299917
_3442_,VDD,Metal1,324.7850,238.5800,3.299920
_3441_,VDD,Metal1,322.4600,239.5425,3.299920
_3440_,VDD,Metal1,319.9400,238.6850,3.299920
_3439_,VDD,Metal1,317.2800,230.9225,3.299930
_3438_,VDD,Metal1,311.8200,230.8575,3.299931
_3437_,VDD,Metal1,314.3665,223.9340,3.299938
_3436_,VDD,Metal1,312.8000,223.0825,3.299938
_3435_,VDD,Metal1,313.4600,207.3775,3.299937
_3434_,VDD,Metal1,307.1500,215.0365,3.299946
_3433_,VDD,Metal1,306.0500,167.9965,3.299940
_3432_,VDD,Metal1,303.9000,216.0350,3.299946
_3431_,VDD,Metal1,309.9700,215.0365,3.299945
_3430_,VDD,Metal1,326.6200,215.2175,3.299945
_3429_,VDD,Metal1,352.4480,238.5890,3.299916
_3428_,VDD,Metal1,340.7700,239.6830,3.299918
_3427_,VDD,Metal1,334.5880,215.0000,3.299945
_3426_,VDD,Metal1,331.6200,207.3375,3.299936
_3425_,VDD,Metal1,322.3530,207.2655,3.299937
_3424_,VDD,Metal1,319.5200,215.2425,3.299945
_3423_,VDD,Metal1,318.3700,200.4830,3.299938
_3422_,VDD,Metal1,327.2975,208.0550,3.299937
_3421_,VDD,Metal1,331.6200,216.0225,3.299945
_3420_,VDD,Metal1,350.4900,200.2925,3.299935
_3419_,VDD,Metal1,364.5515,199.3855,3.299934
_3418_,VDD,Metal1,351.3900,207.1965,3.299934
_3417_,VDD,Metal1,347.2930,207.3125,3.299934
_3416_,VDD,Metal1,312.0200,200.3425,3.299938
_3415_,VDD,Metal1,311.8200,192.5025,3.299935
_3414_,VDD,Metal1,310.3400,207.3375,3.299937
_3413_,VDD,Metal1,341.4600,223.8225,3.299863
_3412_,VDD,Metal1,349.8600,230.8975,3.299929
_3411_,VDD,Metal1,364.3200,247.3175,3.299898
_3410_,VDD,Metal1,347.8600,231.7025,3.299929
_3409_,VDD,Metal1,364.6640,215.2260,3.299942
_3408_,VDD,Metal1,354.5725,231.8655,3.299928
_3407_,VDD,Metal1,344.1100,231.8430,3.299929
_3406_,VDD,Metal1,352.1230,223.8730,3.299862
_3405_,VDD,Metal1,344.7200,230.9225,3.299929
_3404_,VDD,Metal1,338.5930,216.0940,3.299945
_3403_,VDD,Metal1,337.5800,223.8625,3.299937
_3402_,VDD,Metal1,336.3200,223.0825,3.299937
_3401_,VDD,Metal1,343.3965,207.3265,3.299934
_3400_,VDD,Metal1,332.4000,208.1175,3.299936
_3399_,VDD,Metal1,344.1600,215.2425,3.299944
_3398_,VDD,Metal1,379.3265,223.9340,3.299860
_3397_,VDD,Metal1,375.3400,208.1425,3.299933
_3396_,VDD,Metal1,374.9100,216.1630,3.299942
_3395_,VDD,Metal1,366.5930,216.0940,3.299942
_3394_,VDD,Metal1,369.5125,222.8900,3.299861
_3393_,VDD,Metal1,357.1865,223.8875,3.299862
_3392_,VDD,Metal1,358.0725,223.0175,3.299862
_3391_,VDD,Metal1,351.3880,208.3595,3.299934
_3390_,VDD,Metal1,354.9230,200.3530,3.299935
_3389_,VDD,Metal1,358.0200,200.3550,3.299934
_3388_,VDD,Metal1,358.3700,207.1965,3.299934
_3387_,VDD,Metal1,343.6600,208.1950,3.299934
_3386_,VDD,Metal1,341.9200,200.2775,3.299936
_3385_,VDD,Metal1,340.7500,192.6430,3.299935
_3384_,VDD,Metal1,354.0200,216.0225,3.299942
_3383_,VDD,Metal1,383.2975,200.2150,3.299932
_3382_,VDD,Metal1,374.3825,199.6250,3.299933
_3381_,VDD,Metal1,377.6200,183.8050,3.299940
_3380_,VDD,Metal1,377.5730,200.3415,3.299933
_3379_,VDD,Metal1,377.6200,223.0050,3.299860
_3378_,VDD,Metal1,376.0280,192.6795,3.299933
_3377_,VDD,Metal1,377.7300,207.1965,3.299933
_3376_,VDD,Metal1,382.9465,207.3125,3.299933
_3375_,VDD,Metal1,369.3930,207.2655,3.299933
_3374_,VDD,Metal1,382.8075,215.1775,3.299942
_3373_,VDD,Metal1,355.1400,223.0175,3.299862
_3372_,VDD,Metal1,369.2800,208.1175,3.299933
_3371_,VDD,Metal1,343.5500,199.3565,3.299936
_3370_,VDD,Metal1,346.3700,199.3565,3.299936
_3369_,VDD,Metal1,357.5700,208.3230,3.299934
_3368_,VDD,Metal1,363.3230,200.3530,3.299934
_3367_,VDD,Metal1,379.0275,184.8255,3.299940
_3366_,VDD,Metal1,376.7800,160.2975,3.299957
_3365_,VDD,Metal1,373.2800,183.8825,3.299940
_3364_,VDD,Metal1,383.5000,176.8225,3.299958
_3363_,VDD,Metal1,351.7800,161.1425,3.299958
_3362_,VDD,Metal1,373.8500,184.6625,3.299940
_3361_,VDD,Metal1,365.9650,184.6990,3.299941
_3360_,VDD,Metal1,375.3400,168.1775,3.299938
_3359_,VDD,Metal1,358.0200,161.1550,3.299957
_3358_,VDD,Metal1,365.3600,176.7575,3.299958
_3357_,VDD,Metal1,377.7425,176.6950,3.299958
_3356_,VDD,Metal1,345.7900,176.9630,3.299958
_3355_,VDD,Metal1,363.3230,161.1530,3.299957
_3354_,VDD,Metal1,363.5800,168.9425,3.299938
_3353_,VDD,Metal1,372.0800,176.7575,3.299958
_3352_,VDD,Metal1,371.8250,169.1000,3.299938
_3351_,VDD,Metal1,384.4500,169.1230,3.299938
_3350_,VDD,Metal1,366.1400,168.9825,3.299938
_3349_,VDD,Metal1,208.5600,27.7975,3.299952
_3348_,VDD,Metal1,215.6150,27.9800,3.299952
_3347_,VDD,Metal1,220.3500,28.0030,3.299952
_3346_,VDD,Metal1,207.4700,35.8430,3.299967
_3345_,VDD,Metal1,199.7800,35.6625,3.299967
_3344_,VDD,Metal1,196.8000,19.9575,3.299986
_3343_,VDD,Metal1,195.9000,35.7025,3.299967
_3342_,VDD,Metal1,188.0200,34.8975,3.299968
_3341_,VDD,Metal1,199.3750,27.9800,3.299952
_3340_,VDD,Metal1,192.7800,43.5025,3.299970
_3339_,VDD,Metal1,193.0830,50.5265,3.299964
_3338_,VDD,Metal1,188.8365,58.3665,3.299953
_3337_,VDD,Metal1,185.7130,27.9340,3.299952
_3336_,VDD,Metal1,194.0500,28.0030,3.299952
_3335_,VDD,Metal1,188.6200,20.0225,3.299986
_3334_,VDD,Metal1,188.4500,42.5565,3.299971
_3333_,VDD,Metal1,187.3600,50.6025,3.299964
_3332_,VDD,Metal1,185.6600,67.0775,3.299936
_3331_,VDD,Metal1,188.4500,75.0430,3.299950
_3330_,VDD,Metal1,177.4030,34.8465,3.299968
_3329_,VDD,Metal1,169.3600,27.7975,3.299952
_3328_,VDD,Metal1,176.4150,27.9800,3.299952
_3327_,VDD,Metal1,181.1500,34.7165,3.299968
_3326_,VDD,Metal1,179.9000,43.5025,3.299972
_3325_,VDD,Metal1,185.6000,43.4775,3.299971
_3324_,VDD,Metal1,188.0430,59.2330,3.299953
_3323_,VDD,Metal1,189.3500,66.2675,3.299936
_3322_,VDD,Metal1,190.4165,67.1030,3.299936
_3321_,VDD,Metal1,191.4200,59.2225,3.299945
_3320_,VDD,Metal1,185.6300,66.0765,3.299936
_3319_,VDD,Metal1,180.8630,81.8565,3.299942
_3318_,VDD,Metal1,166.0625,50.6650,3.299965
_3317_,VDD,Metal1,167.5800,19.9825,3.299986
_3316_,VDD,Metal1,159.8400,27.7975,3.299953
_3315_,VDD,Metal1,162.5000,20.0225,3.299985
_3314_,VDD,Metal1,166.4600,42.7375,3.299973
_3313_,VDD,Metal1,167.5600,35.7175,3.299968
_3312_,VDD,Metal1,168.5750,43.6600,3.299973
_3311_,VDD,Metal1,161.1800,42.6975,3.299973
_3310_,VDD,Metal1,178.6565,58.3365,3.299965
_3309_,VDD,Metal1,180.0135,74.0900,3.299951
_3308_,VDD,Metal1,178.1865,67.2030,3.299939
_3307_,VDD,Metal1,184.9000,59.2225,3.299962
_3306_,VDD,Metal1,179.4300,74.9025,3.299951
_3305_,VDD,Metal1,193.1000,67.0625,3.299935
_3304_,VDD,Metal1,169.6630,58.3365,3.299965
_3303_,VDD,Metal1,167.1700,51.5230,3.299965
_3302_,VDD,Metal1,166.4130,59.2475,3.299965
_3301_,VDD,Metal1,165.7430,58.3365,3.299965
_3300_,VDD,Metal1,162.4165,58.3365,3.299965
_3299_,VDD,Metal1,162.5165,74.0465,3.299954
_3298_,VDD,Metal1,146.4300,26.8765,3.299953
_3297_,VDD,Metal1,140.3200,27.0825,3.299954
_3296_,VDD,Metal1,150.3700,34.7165,3.299968
_3295_,VDD,Metal1,151.4400,27.0825,3.299953
_3294_,VDD,Metal1,154.8500,28.0030,3.299953
_3293_,VDD,Metal1,156.1500,43.3535,3.299974
_3292_,VDD,Metal1,152.4130,51.4075,3.299965
_3291_,VDD,Metal1,149.9800,43.5425,3.299974
_3290_,VDD,Metal1,149.9630,58.3665,3.299965
_3289_,VDD,Metal1,141.5630,74.0465,3.299955
_3288_,VDD,Metal1,147.9330,51.4075,3.299965
_3287_,VDD,Metal1,135.7900,81.7565,3.299953
_3286_,VDD,Metal1,137.4300,82.7425,3.299953
_3285_,VDD,Metal1,157.8030,74.0465,3.299954
_3284_,VDD,Metal1,160.8500,66.9905,3.299940
_3283_,VDD,Metal1,157.6175,82.6150,3.299947
_3282_,VDD,Metal1,148.5400,82.7025,3.299947
_3281_,VDD,Metal1,141.5630,50.5265,3.299965
_3280_,VDD,Metal1,139.8830,35.7130,3.299974
_3279_,VDD,Metal1,137.9665,34.7855,3.299974
_3278_,VDD,Metal1,134.8200,35.6625,3.299974
_3277_,VDD,Metal1,147.2965,34.8165,3.299968
_3276_,VDD,Metal1,143.6500,35.8430,3.299968
_3275_,VDD,Metal1,139.4250,43.6600,3.299974
_3274_,VDD,Metal1,138.5900,42.5565,3.299974
_3273_,VDD,Metal1,141.1125,75.0525,3.299955
_3272_,VDD,Metal1,147.9800,74.0975,3.299955
_3271_,VDD,Metal1,138.7400,81.9375,3.299953
_3270_,VDD,Metal1,142.6830,82.7530,3.299952
_3269_,VDD,Metal1,139.9065,90.6075,3.299943
_3268_,VDD,Metal1,141.7965,89.7265,3.299943
_3267_,VDD,Metal1,149.4030,90.5930,3.299943
_3266_,VDD,Metal1,153.7100,90.7230,3.299943
_3265_,VDD,Metal1,144.9700,90.5325,3.299943
_3264_,VDD,Metal1,143.8200,98.4225,3.299965
_3263_,VDD,Metal1,148.7625,97.5775,3.299964
_3262_,VDD,Metal1,142.2565,97.5365,3.299965
_3261_,VDD,Metal1,150.9300,89.5965,3.299943
_3260_,VDD,Metal1,158.4950,97.4600,3.299963
_3259_,VDD,Metal1,134.4165,43.5830,3.299974
_3258_,VDD,Metal1,135.8100,42.5565,3.299974
_3257_,VDD,Metal1,173.2300,50.4785,3.299965
_3256_,VDD,Metal1,122.9100,58.2365,3.299970
_3255_,VDD,Metal1,150.2905,59.2525,3.299965
_3254_,VDD,Metal1,136.5000,59.1825,3.299966
_3253_,VDD,Metal1,153.1700,67.2030,3.299940
_3252_,VDD,Metal1,177.7900,81.7565,3.299943
_3251_,VDD,Metal1,165.7680,66.1055,3.299940
_3250_,VDD,Metal1,158.7500,75.0430,3.299954
_3249_,VDD,Metal1,148.6900,75.0430,3.299955
_3248_,VDD,Metal1,162.5000,74.9025,3.299954
_3247_,VDD,Metal1,176.6700,75.0430,3.299952
_3246_,VDD,Metal1,144.2050,67.0990,3.299941
_3245_,VDD,Metal1,194.6115,90.7595,3.299942
_3244_,VDD,Metal1,166.6115,97.4000,3.299963
_3243_,VDD,Metal1,162.0200,114.1150,3.299973
_3242_,VDD,Metal1,162.1300,105.2765,3.299967
_3241_,VDD,Metal1,150.9065,66.2865,3.299940
_3240_,VDD,Metal1,188.9950,74.0205,3.299950
_3239_,VDD,Metal1,166.0500,67.2030,3.299940
_3238_,VDD,Metal1,162.1300,82.8830,3.299943
_3237_,VDD,Metal1,166.1800,74.0975,3.299952
_3236_,VDD,Metal1,166.0300,75.0430,3.299952
_3235_,VDD,Metal1,189.9325,89.5740,3.299942
_3234_,VDD,Metal1,183.4115,98.5995,3.299963
_3233_,VDD,Metal1,184.5315,82.9195,3.299942
_3232_,VDD,Metal1,177.2515,97.4000,3.299963
_3231_,VDD,Metal1,140.3200,58.4425,3.299965
_3230_,VDD,Metal1,148.1700,89.7375,3.299943
_3229_,VDD,Metal1,155.9500,67.2030,3.299940
_3228_,VDD,Metal1,175.1800,74.0575,3.299952
_3227_,VDD,Metal1,150.3700,67.2030,3.299940
_3226_,VDD,Metal1,163.9875,81.7340,3.299943
_3225_,VDD,Metal1,172.2115,90.7595,3.299942
_3224_,VDD,Metal1,163.9875,89.5740,3.299943
_3223_,VDD,Metal1,169.4115,98.5995,3.299963
_3222_,VDD,Metal1,189.9325,81.7340,3.299942
_3221_,VDD,Metal1,184.5315,90.7595,3.299942
_3220_,VDD,Metal1,372.0800,255.1575,3.299914
_3219_,VDD,Metal1,376.0000,364.2025,3.299827
_3218_,VDD,Metal1,367.0400,356.3625,3.299877
_3217_,VDD,Metal1,362.0900,356.2975,3.299880
_3216_,VDD,Metal1,368.8000,357.0775,3.299876
_3215_,VDD,Metal1,371.9400,349.3025,3.299867
_3214_,VDD,Metal1,373.9000,371.9650,3.299912
_3213_,VDD,Metal1,369.5925,365.1325,3.299827
_3212_,VDD,Metal1,379.3265,357.2140,3.299873
_3211_,VDD,Metal1,370.0600,371.9775,3.299912
_3210_,VDD,Metal1,366.7000,371.9775,3.299912
_3209_,VDD,Metal1,358.6900,363.9965,3.299827
_3208_,VDD,Metal1,361.6600,357.1425,3.299880
_3207_,VDD,Metal1,352.1000,357.1025,3.299881
_3206_,VDD,Metal1,351.5600,364.9975,3.299827
_3205_,VDD,Metal1,341.8600,364.9975,3.299827
_3204_,VDD,Metal1,336.3200,364.2025,3.299827
_3203_,VDD,Metal1,358.5000,357.1425,3.299881
_3202_,VDD,Metal1,349.9125,364.0100,3.299827
_3201_,VDD,Metal1,347.4700,365.1230,3.299827
_3200_,VDD,Metal1,338.3565,357.1530,3.299882
_3199_,VDD,Metal1,345.7880,357.3195,3.299882
_3198_,VDD,Metal1,338.0115,302.2890,3.299677
_3197_,VDD,Metal1,334.5900,357.2830,3.299882
_3196_,VDD,Metal1,336.2900,349.4430,3.299869
_3195_,VDD,Metal1,336.8875,356.2975,3.299882
_3194_,VDD,Metal1,378.3530,294.4940,3.299718
_3193_,VDD,Metal1,326.1900,301.2765,3.299679
_3192_,VDD,Metal1,327.5000,309.2575,3.299913
_3191_,VDD,Metal1,330.3000,301.4175,3.299677
_3190_,VDD,Metal1,329.7400,285.7375,3.299897
_3189_,VDD,Metal1,325.7800,285.7775,3.299896
_3188_,VDD,Metal1,324.6800,286.5975,3.299896
_3187_,VDD,Metal1,321.7400,285.7225,3.299896
_3186_,VDD,Metal1,316.7200,286.5175,3.299894
_3185_,VDD,Metal1,323.7730,302.2875,3.299680
_3184_,VDD,Metal1,321.7930,277.8255,3.299857
_3183_,VDD,Metal1,320.5900,293.4365,3.299748
_3182_,VDD,Metal1,323.7965,278.7530,3.299857
_3181_,VDD,Metal1,324.5600,270.8375,3.299917
_3180_,VDD,Metal1,325.1025,262.3450,3.299913
_3179_,VDD,Metal1,321.1480,269.8800,3.299917
_3178_,VDD,Metal1,314.9900,263.2030,3.299912
_3177_,VDD,Metal1,326.2400,262.9975,3.299913
_3176_,VDD,Metal1,334.3125,263.2125,3.299914
_3175_,VDD,Metal1,318.8200,255.2350,3.299915
_3174_,VDD,Metal1,319.4400,262.2825,3.299912
_3173_,VDD,Metal1,322.0930,254.3525,3.299916
_3172_,VDD,Metal1,343.8250,263.1800,3.299888
_3171_,VDD,Metal1,338.9000,262.2175,3.299914
_3170_,VDD,Metal1,341.6900,270.7135,3.299916
_3169_,VDD,Metal1,335.7600,270.1225,3.299918
_3168_,VDD,Metal1,327.3100,255.3630,3.299916
_3167_,VDD,Metal1,378.3530,263.1340,3.299885
_3166_,VDD,Metal1,334.2200,262.2175,3.299914
_3165_,VDD,Metal1,345.0600,270.0575,3.299916
_3164_,VDD,Metal1,349.5400,255.2225,3.299914
_3163_,VDD,Metal1,350.4400,263.0775,3.299888
_3162_,VDD,Metal1,347.6200,270.0975,3.299916
_3161_,VDD,Metal1,340.6600,255.2350,3.299915
_3160_,VDD,Metal1,331.2800,254.4425,3.299915
_3159_,VDD,Metal1,337.0200,285.7375,3.299895
_3158_,VDD,Metal1,363.3465,263.0875,3.299885
_3157_,VDD,Metal1,362.9600,270.0575,3.299915
_3156_,VDD,Metal1,356.2765,263.0730,3.299887
_3155_,VDD,Metal1,355.9200,270.1225,3.299916
_3154_,VDD,Metal1,343.5500,262.0765,3.299888
_3153_,VDD,Metal1,378.8000,270.8375,3.299915
_3152_,VDD,Metal1,371.9800,270.8625,3.299915
_3151_,VDD,Metal1,363.1500,271.0430,3.299915
_3150_,VDD,Metal1,365.8600,270.0450,3.299915
_3149_,VDD,Metal1,375.7750,262.1000,3.299885
_3148_,VDD,Metal1,343.7400,278.7425,3.299855
_3147_,VDD,Metal1,378.5450,255.3400,3.299914
_3146_,VDD,Metal1,369.4830,270.0465,3.299915
_3145_,VDD,Metal1,375.3000,278.7425,3.299853
_3144_,VDD,Metal1,375.1850,269.9400,3.299915
_3143_,VDD,Metal1,366.5300,263.2030,3.299885
_3142_,VDD,Metal1,95.6665,277.8725,3.299880
_3141_,VDD,Metal1,102.9465,277.8725,3.299880
_3140_,VDD,Metal1,110.2265,270.0325,3.299937
_3139_,VDD,Metal1,116.3865,254.3525,3.299923
_3138_,VDD,Metal1,122.5400,254.3775,3.299923
_3137_,VDD,Metal1,219.9800,51.3825,3.299962
_3136_,VDD,Metal1,216.3665,121.0255,3.299947
_3135_,VDD,Metal1,210.3700,51.4410,3.299962
_3134_,VDD,Metal1,210.2700,114.2430,3.299969
_3133_,VDD,Metal1,206.1965,121.9530,3.299947
_3132_,VDD,Metal1,198.8400,121.7850,3.299949
_3131_,VDD,Metal1,206.3860,114.0700,3.299969
_3130_,VDD,Metal1,194.6225,121.2250,3.299949
_3129_,VDD,Metal1,191.7775,113.9750,3.299970
_3128_,VDD,Metal1,201.5600,121.2550,3.299949
_3127_,VDD,Metal1,204.1100,113.1165,3.299969
_3126_,VDD,Metal1,206.8065,121.0380,3.299947
_3125_,VDD,Metal1,233.5365,106.3030,3.299956
_3124_,VDD,Metal1,235.8300,113.3075,3.299962
_3123_,VDD,Metal1,233.8100,120.9565,3.299947
_3122_,VDD,Metal1,238.4800,105.4175,3.299956
_3121_,VDD,Metal1,237.5100,106.2125,3.299956
_3120_,VDD,Metal1,246.1300,113.1165,3.299962
_3119_,VDD,Metal1,242.0865,113.1980,3.299962
_3118_,VDD,Metal1,231.6425,113.2575,3.299968
_3117_,VDD,Metal1,226.5100,113.1165,3.299968
_3116_,VDD,Metal1,229.6930,121.0725,3.299947
_3115_,VDD,Metal1,228.8730,114.1615,3.299968
_3114_,VDD,Metal1,295.7875,105.2605,3.299955
_3113_,VDD,Metal1,298.7400,98.4375,3.299960
_3112_,VDD,Metal1,299.1800,97.6175,3.299960
_3111_,VDD,Metal1,299.7665,106.3215,3.299955
_3110_,VDD,Metal1,313.5600,105.5750,3.299955
_3109_,VDD,Metal1,323.5400,97.6175,3.299961
_3108_,VDD,Metal1,321.8330,105.3580,3.299955
_3107_,VDD,Metal1,327.8575,105.5450,3.299955
_3106_,VDD,Metal1,334.6200,98.4375,3.299961
_3105_,VDD,Metal1,348.9965,97.5665,3.299952
_3104_,VDD,Metal1,346.3375,98.2950,3.299952
_3103_,VDD,Metal1,351.2865,98.4815,3.299952
_3102_,VDD,Metal1,376.4130,89.7125,3.299917
_3101_,VDD,Metal1,377.1375,97.7050,3.299949
_3100_,VDD,Metal1,374.7100,98.3725,3.299949
_3099_,VDD,Metal1,303.9800,98.4225,3.299961
_3098_,VDD,Metal1,303.8225,105.5450,3.299955
_3097_,VDD,Metal1,126.1800,200.3550,3.299951
_3096_,VDD,Metal1,110.1400,215.1650,3.299969
_3095_,VDD,Metal1,107.9000,191.6450,3.299931
_3094_,VDD,Metal1,130.3000,175.9650,3.299969
_3093_,VDD,Metal1,107.3400,168.1250,3.299958
_3092_,VDD,Metal1,108.4600,137.6350,3.299971
_3091_,VDD,Metal1,126.9400,121.9550,3.299951
_3090_,VDD,Metal1,166.1400,161.1550,3.299969
_3089_,VDD,Metal1,154.3800,144.6050,3.299969
_3088_,VDD,Metal1,122.7630,223.9180,3.299954
_3087_,VDD,Metal1,130.6600,270.0450,3.299931
_3086_,VDD,Metal1,88.3000,184.6750,3.299955
_3085_,VDD,Metal1,87.7400,168.9950,3.299962
_3084_,VDD,Metal1,87.7400,145.4750,3.299974
_3083_,VDD,Metal1,89.2200,168.9950,3.299959
_3082_,VDD,Metal1,80.4600,153.3150,3.299957
_3081_,VDD,Metal1,278.7000,35.7150,3.299967
_3080_,VDD,Metal1,201.4200,20.0350,3.299986
_3079_,VDD,Metal1,351.3000,270.0450,3.299916
_3078_,VDD,Metal1,159.2200,286.5950,3.299923
_3077_,VDD,Metal1,165.3800,278.7550,3.299872
_3076_,VDD,Metal1,170.3630,356.2415,3.299923
_3075_,VDD,Metal1,168.9400,285.7250,3.299921
_3074_,VDD,Metal1,184.3630,357.1980,3.299922
_3073_,VDD,Metal1,185.7400,309.2450,3.299930
_3072_,VDD,Metal1,187.7230,238.6415,3.299929
_3071_,VDD,Metal1,189.6600,277.8850,3.299869
_3070_,VDD,Metal1,194.1965,357.1980,3.299906
_3069_,VDD,Metal1,196.7400,278.7550,3.299869
_3068_,VDD,Metal1,202.3400,356.2850,3.299904
_3067_,VDD,Metal1,207.3800,263.0750,3.299919
_3066_,VDD,Metal1,218.0200,231.7150,3.299936
_3065_,VDD,Metal1,213.5400,200.3550,3.299945
_3064_,VDD,Metal1,224.7400,310.1150,3.299926
_3063_,VDD,Metal1,224.1800,215.1650,3.299959
_3062_,VDD,Metal1,235.3230,301.3615,3.299707
_3061_,VDD,Metal1,255.5400,223.0050,3.299941
_3060_,VDD,Metal1,263.9400,293.5650,3.299763
_3059_,VDD,Metal1,271.2200,254.3650,3.299916
_3058_,VDD,Metal1,263.3800,317.9550,3.299638
_3057_,VDD,Metal1,292.1400,175.9650,3.299959
_3056_,VDD,Metal1,276.4600,230.8450,3.299933
_3055_,VDD,Metal1,286.5400,215.1650,3.299946
_3054_,VDD,Metal1,290.8200,285.7250,3.299889
_3053_,VDD,Metal1,308.9400,168.1250,3.299940
_3052_,VDD,Metal1,309.5000,216.0350,3.299945
_3051_,VDD,Metal1,313.7800,191.6450,3.299935
_3050_,VDD,Metal1,317.3400,294.4350,3.299748
_3049_,VDD,Metal1,328.9000,153.3150,3.299939
_3048_,VDD,Metal1,341.2200,278.7550,3.299856
_3047_,VDD,Metal1,337.8600,191.6450,3.299935
_3046_,VDD,Metal1,341.7800,301.4050,3.299677
_3045_,VDD,Metal1,369.4200,183.8050,3.299941
_3044_,VDD,Metal1,352.6765,285.6815,3.299892
_3043_,VDD,Metal1,341.7800,277.8850,3.299856
_3042_,VDD,Metal1,373.9000,136.7650,3.299955
_3041_,VDD,Metal1,369.4200,293.5650,3.299718
_3040_,VDD,Metal1,385.1000,153.3150,3.299938
_3039_,VDD,Metal1,335.6200,309.2450,3.299903
_3038_,VDD,Metal1,358.0200,176.8350,3.299958
_3037_,VDD,Metal1,194.1400,35.7150,3.299967
_3036_,VDD,Metal1,362.7000,371.9650,3.299912
_3035_,VDD,Metal1,364.9400,371.9650,3.299912
_3034_,VDD,Metal1,211.8600,357.1550,3.299901
_3033_,VDD,Metal1,221.0200,325.7950,3.299434
_3032_,VDD,Metal1,225.8600,301.4050,3.299708
_3031_,VDD,Metal1,282.9800,286.5950,3.299889
_3030_,VDD,Metal1,328.3400,293.5650,3.299746
_3029_,VDD,Metal1,338.9800,278.7550,3.299857
_3028_,VDD,Metal1,358.7800,310.1150,3.299903
_3027_,VDD,Metal1,123.5800,263.0750,3.299928
_3026_,VDD,Metal1,368.1000,67.0750,3.299921
_3025_,VDD,Metal1,339.7400,90.5950,3.299923
_3024_,VDD,Metal1,322.9400,82.7550,3.299930
_3023_,VDD,Metal1,283.1800,97.5650,3.299960
_3022_,VDD,Metal1,280.3800,97.5650,3.299960
_3021_,VDD,Metal1,277.0200,106.2750,3.299954
_3020_,VDD,Metal1,271.4200,113.2450,3.299951
_3019_,VDD,Metal1,240.0600,137.6350,3.299959
_3018_,VDD,Metal1,224.9400,144.6050,3.299962
_3017_,VDD,Metal1,166.5000,144.6050,3.299968
_3016_,VDD,Metal1,131.1630,59.2780,3.299966
_3015_,VDD,Metal1,330.0200,310.1150,3.299913
_3014_,VDD,Metal1,370.8430,51.4380,3.299958
_3013_,VDD,Metal1,330.2765,67.1180,3.299924
_3012_,VDD,Metal1,323.5000,66.2050,3.299923
_3011_,VDD,Metal1,323.5565,121.9980,3.299945
_3010_,VDD,Metal1,313.4765,74.0015,3.299948
_3009_,VDD,Metal1,315.9630,97.5215,3.299961
_3008_,VDD,Metal1,309.5565,67.1180,3.299921
_3007_,VDD,Metal1,264.1965,74.0015,3.299947
_3006_,VDD,Metal1,250.4430,90.6380,3.299925
_3005_,VDD,Metal1,230.8430,97.5215,3.299961
_3004_,VDD,Metal1,218.8365,114.1580,3.299968
_3003_,VDD,Metal1,205.6430,356.2415,3.299902
_3002_,VDD,Metal1,329.1000,128.9250,3.299944
_3001_,VDD,Metal1,314.5400,129.7950,3.299943
_3000_,VDD,Metal1,271.4200,145.4750,3.299960
_2999_,VDD,Metal1,265.6200,152.4450,3.299921
_2998_,VDD,Metal1,232.5800,168.9950,3.299943
_2997_,VDD,Metal1,226.0600,160.2850,3.299965
_2996_,VDD,Metal1,174.2830,153.3580,3.299923
_2995_,VDD,Metal1,159.2200,50.5250,3.299965
_2994_,VDD,Metal1,95.0200,263.0750,3.299929
_2993_,VDD,Metal1,100.6200,254.3650,3.299929
_2992_,VDD,Metal1,202.3400,66.2050,3.299923
_2991_,VDD,Metal1,358.7800,89.7250,3.299918
_2990_,VDD,Metal1,377.3165,50.4815,3.299958
_2989_,VDD,Metal1,373.1400,51.3950,3.299958
_2988_,VDD,Metal1,347.0200,50.5250,3.299959
_2987_,VDD,Metal1,335.0600,66.2050,3.299924
_2986_,VDD,Metal1,325.1800,43.5550,3.299967
_2985_,VDD,Metal1,306.5000,67.0750,3.299921
_2984_,VDD,Metal1,308.1800,50.5250,3.299959
_2983_,VDD,Metal1,279.6200,43.5550,3.299969
_2982_,VDD,Metal1,284.0430,67.1180,3.299918
_2981_,VDD,Metal1,266.1230,59.2780,3.299943
_2980_,VDD,Metal1,310.6200,106.2750,3.299955
_2979_,VDD,Metal1,239.3000,74.9150,3.299949
_2978_,VDD,Metal1,308.3800,106.2750,3.299955
_2977_,VDD,Metal1,244.0365,175.9215,3.299959
_2976_,VDD,Metal1,237.8765,176.8780,3.299959
_2975_,VDD,Metal1,241.1800,114.1150,3.299962
_2974_,VDD,Metal1,225.5565,176.8780,3.299959
_2973_,VDD,Metal1,227.4830,82.7980,3.299934
_2972_,VDD,Metal1,195.8200,121.9550,3.299949
_2971_,VDD,Metal1,176.8365,98.4780,3.299963
_2970_,VDD,Metal1,180.4430,168.0815,3.299957
_2969_,VDD,Metal1,191.1400,121.0850,3.299950
_2968_,VDD,Metal1,196.4365,106.3180,3.299964
_2967_,VDD,Metal1,247.9630,238.6865,3.299926
_2966_,VDD,Metal1,253.9700,230.7165,3.299934
_2965_,VDD,Metal1,257.4830,199.4865,3.299944
_2964_,VDD,Metal1,265.1700,199.3565,3.299943
_2963_,VDD,Metal1,264.7630,168.1265,3.299941
_2962_,VDD,Metal1,269.0900,167.9965,3.299941
_2961_,VDD,Metal1,268.6830,216.0330,3.299946
_2960_,VDD,Metal1,272.4300,224.0030,3.299940
_2959_,VDD,Metal1,297.2430,161.1530,3.299959
_2958_,VDD,Metal1,303.2500,167.9965,3.299940
_2957_,VDD,Metal1,290.1965,183.8065,3.299943
_2956_,VDD,Metal1,307.7100,191.5165,3.299934
_2955_,VDD,Metal1,323.5630,161.1530,3.299959
_2954_,VDD,Metal1,327.8900,161.2830,3.299959
_2953_,VDD,Metal1,324.6830,230.8465,3.299930
_2952_,VDD,Metal1,330.6700,230.7165,3.299930
_2951_,VDD,Metal1,337.7965,246.5265,3.299903
_2950_,VDD,Metal1,346.9300,254.2365,3.299914
_2949_,VDD,Metal1,357.3965,247.3930,3.299899
_2948_,VDD,Metal1,344.1100,254.2365,3.299914
_2947_,VDD,Metal1,364.4430,231.7130,3.299928
_2946_,VDD,Metal1,377.7100,238.5565,3.299915
_2945_,VDD,Metal1,364.6765,239.5530,3.299916
_2944_,VDD,Metal1,362.5900,255.3630,3.299914
_2943_,VDD,Metal1,133.7230,277.8865,3.299877
_2942_,VDD,Metal1,141.9700,277.7565,3.299877
_2941_,VDD,Metal1,157.2430,278.7530,3.299872
_2940_,VDD,Metal1,160.9900,278.8830,3.299872
_2939_,VDD,Metal1,156.1230,247.3930,3.299916
_2938_,VDD,Metal1,162.1300,255.3630,3.299922
_2937_,VDD,Metal1,176.2830,270.0465,3.299929
_2936_,VDD,Metal1,181.7100,263.2030,3.299921
_2935_,VDD,Metal1,175.1630,246.5265,3.299916
_2934_,VDD,Metal1,180.0500,246.3965,3.299916
_2933_,VDD,Metal1,184.6830,239.5530,3.299929
_2932_,VDD,Metal1,198.5300,263.2030,3.299919
_2931_,VDD,Metal1,211.0030,223.0065,3.299943
_2930_,VDD,Metal1,214.7700,222.8765,3.299943
_2929_,VDD,Metal1,200.3630,223.8730,3.299944
_2928_,VDD,Metal1,206.3700,231.8430,3.299937
_2927_,VDD,Metal1,219.9630,230.8465,3.299936
_2926_,VDD,Metal1,231.0100,224.0030,3.299942
_2925_,VDD,Metal1,246.8430,230.8465,3.299934
_2924_,VDD,Metal1,250.5900,230.7165,3.299934
_2923_,VDD,Metal1,250.2030,192.5130,3.299934
_2922_,VDD,Metal1,253.9700,192.6430,3.299934
_2921_,VDD,Metal1,264.7630,175.9665,3.299958
_2920_,VDD,Metal1,260.1100,167.9965,3.299941
_2919_,VDD,Metal1,271.8900,167.9965,3.299941
_2918_,VDD,Metal1,270.3630,208.1930,3.299938
_2917_,VDD,Metal1,274.6700,208.3230,3.299937
_2916_,VDD,Metal1,297.8030,145.4730,3.299960
_2915_,VDD,Metal1,294.2700,145.6030,3.299960
_2914_,VDD,Metal1,301.5700,145.6030,3.299960
_2913_,VDD,Metal1,294.4430,183.8065,3.299943
_2912_,VDD,Metal1,297.6500,176.9630,3.299959
_2911_,VDD,Metal1,298.2100,183.6765,3.299943
_2910_,VDD,Metal1,323.5630,137.6330,3.299959
_2909_,VDD,Metal1,327.3300,137.7630,3.299959
_2908_,VDD,Metal1,323.5630,192.5130,3.299936
_2907_,VDD,Metal1,327.3300,192.6430,3.299936
_2906_,VDD,Metal1,343.1630,160.2865,3.299959
_2905_,VDD,Metal1,337.3900,167.9965,3.299939
_2904_,VDD,Metal1,338.5100,160.1565,3.299959
_2903_,VDD,Metal1,350.6765,152.4465,3.299939
_2902_,VDD,Metal1,365.3900,137.7630,3.299955
_2901_,VDD,Metal1,343.5700,152.3165,3.299939
_2900_,VDD,Metal1,368.5965,128.9265,3.299940
_2899_,VDD,Metal1,351.3900,144.4765,3.299960
_2898_,VDD,Metal1,343.5500,129.9230,3.299941
_2897_,VDD,Metal1,364.1165,128.9265,3.299940
_2896_,VDD,Metal1,344.6700,122.0830,3.299946
_2895_,VDD,Metal1,150.2465,230.7980,3.299940
_2894_,VDD,Metal1,152.9965,231.7130,3.299940
_2893_,VDD,Metal1,153.5400,223.8625,3.299952
_2892_,VDD,Metal1,160.5530,200.4015,3.299949
_2891_,VDD,Metal1,161.3965,208.1930,3.299943
_2890_,VDD,Metal1,162.5000,192.5025,3.299940
_2889_,VDD,Metal1,167.2730,223.9215,3.299947
_2888_,VDD,Metal1,165.8765,223.0065,3.299947
_2887_,VDD,Metal1,161.1800,223.0175,3.299950
_2886_,VDD,Metal1,181.0465,231.7615,3.299939
_2885_,VDD,Metal1,186.3630,230.8465,3.299938
_2884_,VDD,Metal1,179.6600,223.0175,3.299944
_2883_,VDD,Metal1,181.2730,208.2415,3.299943
_2882_,VDD,Metal1,180.7630,199.4865,3.299946
_2881_,VDD,Metal1,177.4200,160.2975,3.299969
_2880_,VDD,Metal1,191.6865,230.7980,3.299938
_2879_,VDD,Metal1,192.5230,216.0330,3.299962
_2878_,VDD,Metal1,189.1800,215.1775,3.299963
_2877_,VDD,Metal1,206.8065,208.2415,3.299940
_2876_,VDD,Metal1,207.3165,215.1665,3.299961
_2875_,VDD,Metal1,202.6200,215.1775,3.299962
_2874_,VDD,Metal1,206.4730,192.5615,3.299941
_2873_,VDD,Metal1,202.8365,191.6465,3.299941
_2872_,VDD,Metal1,207.1000,200.3425,3.299945
_2871_,VDD,Metal1,232.7930,200.4015,3.299944
_2870_,VDD,Metal1,230.0430,208.1930,3.299939
_2869_,VDD,Metal1,229.5000,216.0225,3.299955
_2868_,VDD,Metal1,252.9530,207.2780,3.299939
_2867_,VDD,Metal1,253.5630,200.3530,3.299944
_2866_,VDD,Metal1,244.0600,208.1825,3.299939
_2865_,VDD,Metal1,269.1930,184.7215,3.299945
_2864_,VDD,Metal1,268.9165,183.8065,3.299945
_2863_,VDD,Metal1,265.5400,184.6625,3.299946
_2862_,VDD,Metal1,285.2065,169.0415,3.299940
_2861_,VDD,Metal1,284.3630,161.1530,3.299959
_2860_,VDD,Metal1,278.7800,168.9825,3.299940
_2859_,VDD,Metal1,275.1265,200.4015,3.299940
_2858_,VDD,Metal1,278.9965,192.5130,3.299934
_2857_,VDD,Metal1,278.7800,200.3425,3.299938
_2856_,VDD,Metal1,303.3530,153.3615,3.299923
_2855_,VDD,Metal1,303.4030,161.1530,3.299959
_2854_,VDD,Metal1,299.7000,152.4575,3.299923
_2853_,VDD,Metal1,309.8465,183.7580,3.299943
_2852_,VDD,Metal1,306.9965,176.8330,3.299959
_2851_,VDD,Metal1,310.1400,176.8225,3.299959
_2850_,VDD,Metal1,323.5130,152.3980,3.299939
_2849_,VDD,Metal1,318.1965,153.3130,3.299939
_2848_,VDD,Metal1,317.9800,145.4625,3.299960
_2847_,VDD,Metal1,333.5930,183.7580,3.299942
_2846_,VDD,Metal1,328.2765,184.6730,3.299942
_2845_,VDD,Metal1,328.6200,183.8175,3.299942
_2844_,VDD,Metal1,349.8330,176.8815,3.299958
_2843_,VDD,Metal1,346.7565,168.1265,3.299938
_2842_,VDD,Metal1,342.0600,175.9775,3.299958
_2841_,VDD,Metal1,368.3130,160.2380,3.299957
_2840_,VDD,Metal1,359.0765,160.2865,3.299957
_2839_,VDD,Metal1,364.4600,144.6175,3.299959
_2838_,VDD,Metal1,368.3130,152.3980,3.299938
_2837_,VDD,Metal1,363.5565,152.4465,3.299938
_2836_,VDD,Metal1,363.3400,121.9425,3.299944
_2835_,VDD,Metal1,369.4330,144.5580,3.299958
_2834_,VDD,Metal1,363.5565,145.4730,3.299959
_2833_,VDD,Metal1,361.6600,129.7825,3.299940
_2832_,VDD,Metal1,151.4700,192.6430,3.299931
_2831_,VDD,Metal1,156.3200,207.3665,3.299944
_2830_,VDD,Metal1,137.4700,208.3230,3.299946
_2829_,VDD,Metal1,101.7530,215.1180,3.299971
_2828_,VDD,Metal1,99.3900,222.8765,3.299954
_2827_,VDD,Metal1,95.7430,208.2230,3.299948
_2826_,VDD,Metal1,92.5165,215.1665,3.299971
_2825_,VDD,Metal1,100.2800,208.0250,3.299948
_2824_,VDD,Metal1,97.7100,207.1965,3.299948
_2823_,VDD,Metal1,99.2600,215.9825,3.299971
_2822_,VDD,Metal1,96.9965,215.1665,3.299971
_2821_,VDD,Metal1,94.9300,216.1630,3.299971
_2820_,VDD,Metal1,103.1400,216.0225,3.299971
_2819_,VDD,Metal1,92.2330,191.5980,3.299932
_2818_,VDD,Metal1,88.1900,191.5165,3.299932
_2817_,VDD,Metal1,93.5030,199.4565,3.299953
_2816_,VDD,Metal1,94.1965,192.5130,3.299931
_2815_,VDD,Metal1,99.0800,191.8150,3.299931
_2814_,VDD,Metal1,93.7900,184.8030,3.299955
_2813_,VDD,Metal1,103.1800,199.5375,3.299952
_2812_,VDD,Metal1,97.8830,199.4865,3.299953
_2811_,VDD,Metal1,97.7100,200.4830,3.299953
_2810_,VDD,Metal1,90.8200,199.4975,3.299953
_2809_,VDD,Metal1,147.6730,184.7215,3.299950
_2808_,VDD,Metal1,145.8700,176.9630,3.299967
_2807_,VDD,Metal1,142.2230,176.8630,3.299967
_2806_,VDD,Metal1,136.5230,184.6730,3.299951
_2805_,VDD,Metal1,142.7600,184.5050,3.299951
_2804_,VDD,Metal1,141.3900,175.8365,3.299967
_2803_,VDD,Metal1,142.3800,191.6975,3.299931
_2802_,VDD,Metal1,137.0830,191.6465,3.299931
_2801_,VDD,Metal1,139.1700,176.9630,3.299969
_2800_,VDD,Metal1,133.3800,184.6625,3.299951
_2799_,VDD,Metal1,98.9530,161.2015,3.299973
_2798_,VDD,Metal1,90.4300,161.2830,3.299975
_2797_,VDD,Metal1,94.6565,160.2565,3.299974
_2796_,VDD,Metal1,104.0430,161.1530,3.299973
_2795_,VDD,Metal1,98.6000,168.2950,3.299958
_2794_,VDD,Metal1,97.1500,153.4430,3.299933
_2793_,VDD,Metal1,93.3800,161.1025,3.299974
_2792_,VDD,Metal1,98.4430,160.2865,3.299973
_2791_,VDD,Metal1,99.3900,175.8365,3.299972
_2790_,VDD,Metal1,95.3000,168.1375,3.299959
_2789_,VDD,Metal1,101.1930,136.7180,3.299972
_2788_,VDD,Metal1,91.5700,137.7630,3.299972
_2787_,VDD,Metal1,95.7765,144.5765,3.299974
_2786_,VDD,Metal1,96.4365,136.7665,3.299972
_2785_,VDD,Metal1,99.7200,137.4650,3.299972
_2784_,VDD,Metal1,98.2700,145.6030,3.299974
_2783_,VDD,Metal1,94.5000,137.5825,3.299972
_2782_,VDD,Metal1,99.5630,144.6065,3.299974
_2781_,VDD,Metal1,103.3300,144.4765,3.299974
_2780_,VDD,Metal1,105.9400,137.6225,3.299971
_2779_,VDD,Metal1,125.8330,136.7180,3.299970
_2778_,VDD,Metal1,122.9300,145.6030,3.299974
_2777_,VDD,Metal1,131.5830,137.6630,3.299970
_2776_,VDD,Metal1,121.6365,144.6065,3.299974
_2775_,VDD,Metal1,120.4400,137.4650,3.299970
_2774_,VDD,Metal1,117.8700,144.4765,3.299974
_2773_,VDD,Metal1,128.3800,137.5825,3.299970
_2772_,VDD,Metal1,121.0765,136.7665,3.299970
_2771_,VDD,Metal1,126.8500,145.6030,3.299974
_2770_,VDD,Metal1,123.3000,129.7825,3.299960
_2769_,VDD,Metal1,154.9530,153.3615,3.299928
_2768_,VDD,Metal1,154.8300,167.9965,3.299957
_2767_,VDD,Metal1,146.7030,168.0965,3.299958
_2766_,VDD,Metal1,145.4830,168.9930,3.299958
_2765_,VDD,Metal1,147.8800,153.1450,3.299928
_2764_,VDD,Metal1,146.4500,152.3165,3.299928
_2763_,VDD,Metal1,142.6600,153.2625,3.299929
_2762_,VDD,Metal1,137.3165,160.2865,3.299972
_2761_,VDD,Metal1,139.7300,153.4430,3.299929
_2760_,VDD,Metal1,150.1800,152.4575,3.299928
_2759_,VDD,Metal1,153.6065,137.6815,3.299966
_2758_,VDD,Metal1,157.6300,137.7630,3.299966
_2757_,VDD,Metal1,146.1430,145.5030,3.299969
_2756_,VDD,Metal1,131.1900,208.2865,3.299946
_2755_,VDD,Metal1,142.3565,137.6330,3.299967
_2754_,VDD,Metal1,146.7600,137.4650,3.299967
_2753_,VDD,Metal1,138.6100,137.7630,3.299967
_2752_,VDD,Metal1,147.9800,144.6575,3.299969
_2751_,VDD,Metal1,147.1630,136.7665,3.299967
_2750_,VDD,Metal1,142.5100,144.4765,3.299972
_2749_,VDD,Metal1,131.0265,207.4050,3.299946
_2748_,VDD,Metal1,126.4265,199.4980,3.299951
_2747_,VDD,Metal1,149.6200,129.7825,3.299961
_2746_,VDD,Metal1,102.7500,231.8430,3.299943
_2745_,VDD,Metal1,92.3830,230.8165,3.299943
_2744_,VDD,Metal1,110.0500,238.5565,3.299940
_2743_,VDD,Metal1,140.7000,247.3425,3.299921
_2742_,VDD,Metal1,208.9865,58.2365,3.299944
_2741_,VDD,Metal1,205.2300,66.0765,3.299921
_2740_,VDD,Metal1,220.2200,50.5775,3.299962
_2739_,VDD,Metal1,213.6660,168.9500,3.299944
_2738_,VDD,Metal1,208.7630,168.1265,3.299947
_2737_,VDD,Metal1,210.0800,176.8225,3.299961
_2736_,VDD,Metal1,214.1600,176.0425,3.299960
_2735_,VDD,Metal1,205.2300,176.9630,3.299962
_2734_,VDD,Metal1,205.0300,176.0275,3.299962
_2733_,VDD,Metal1,198.0425,168.1375,3.299949
_2732_,VDD,Metal1,214.6775,160.2975,3.299965
_2731_,VDD,Metal1,216.0900,161.0925,3.299965
_2730_,VDD,Metal1,207.1850,169.1000,3.299947
_2729_,VDD,Metal1,199.6000,176.0425,3.299963
_2728_,VDD,Metal1,201.3100,176.9630,3.299963
_2727_,VDD,Metal1,189.8250,161.2600,3.299966
_2726_,VDD,Metal1,209.2000,161.0775,3.299965
_2725_,VDD,Metal1,221.4575,161.0150,3.299965
_2724_,VDD,Metal1,246.0065,153.3615,3.299919
_2723_,VDD,Metal1,250.8400,145.3050,3.299961
_2722_,VDD,Metal1,252.3025,144.7450,3.299961
_2721_,VDD,Metal1,267.4200,121.9575,3.299944
_2720_,VDD,Metal1,266.1165,128.9265,3.299942
_2719_,VDD,Metal1,276.6000,121.2550,3.299944
_2718_,VDD,Metal1,298.0400,121.0825,3.299944
_2717_,VDD,Metal1,303.8100,120.9565,3.299944
_2716_,VDD,Metal1,318.9400,113.2425,3.299952
_2715_,VDD,Metal1,322.8300,114.2430,3.299952
_2714_,VDD,Metal1,317.3530,114.1615,3.299952
_2713_,VDD,Metal1,337.4825,121.0975,3.299946
_2712_,VDD,Metal1,351.3775,113.9750,3.299951
_2711_,VDD,Metal1,356.7900,113.3075,3.299951
_2710_,VDD,Metal1,335.7100,106.4030,3.299955
_2709_,VDD,Metal1,371.5800,105.4025,3.299952
_2708_,VDD,Metal1,371.9800,90.5425,3.299917
_2707_,VDD,Metal1,362.2200,90.5825,3.299918
_2706_,VDD,Metal1,376.4365,105.4065,3.299952
_2705_,VDD,Metal1,369.2800,106.1975,3.299952
_2704_,VDD,Metal1,332.9300,113.1165,3.299952
_2703_,VDD,Metal1,352.7065,113.2325,3.299951
_2702_,VDD,Metal1,354.4000,105.4175,3.299953
_2701_,VDD,Metal1,342.2600,121.9425,3.299946
_2700_,VDD,Metal1,344.1600,121.1625,3.299946
_2699_,VDD,Metal1,331.3130,122.0140,3.299946
_2698_,VDD,Metal1,313.3930,122.0140,3.299945
_2697_,VDD,Metal1,308.2065,114.1740,3.299952
_2696_,VDD,Metal1,292.7630,114.1130,3.299951
_2695_,VDD,Metal1,285.1400,114.1025,3.299951
_2694_,VDD,Metal1,289.1000,114.0625,3.299951
_2693_,VDD,Metal1,285.8400,121.8775,3.299944
_2692_,VDD,Metal1,265.9200,121.0975,3.299944
_2691_,VDD,Metal1,272.0430,121.9530,3.299944
_2690_,VDD,Metal1,272.4900,129.7825,3.299942
_2689_,VDD,Metal1,266.2400,136.8425,3.299958
_2688_,VDD,Metal1,253.7800,137.6225,3.299959
_2687_,VDD,Metal1,257.8400,145.3975,3.299960
_2686_,VDD,Metal1,245.9400,145.4625,3.299962
_2685_,VDD,Metal1,244.5130,152.3855,3.299919
_2684_,VDD,Metal1,235.4400,152.5225,3.299919
_2683_,VDD,Metal1,224.7665,145.5340,3.299962
_2682_,VDD,Metal1,241.0105,160.2675,3.299961
_2681_,VDD,Metal1,203.0400,168.2025,3.299947
_2680_,VDD,Metal1,199.0400,168.9175,3.299949
_2679_,VDD,Metal1,194.4200,168.9825,3.299949
_2678_,VDD,Metal1,198.5100,176.9630,3.299963
_2677_,VDD,Metal1,190.0200,175.9650,3.299964
_2676_,VDD,Metal1,186.7500,169.1230,3.299956
_2675_,VDD,Metal1,186.5500,168.1875,3.299956
_2674_,VDD,Metal1,200.4630,161.1830,3.299966
_2673_,VDD,Metal1,194.4200,160.2975,3.299966
_2672_,VDD,Metal1,190.5800,168.1250,3.299950
_2671_,VDD,Metal1,187.3600,160.3625,3.299966
_2670_,VDD,Metal1,182.8800,161.0775,3.299969
_2669_,VDD,Metal1,183.9500,169.1230,3.299956
_2668_,VDD,Metal1,187.7000,153.3025,3.299921
_2667_,VDD,Metal1,209.1500,160.1565,3.299965
_2666_,VDD,Metal1,234.6325,161.2925,3.299961
_2665_,VDD,Metal1,228.1775,161.0150,3.299965
_2664_,VDD,Metal1,236.4200,168.9825,3.299943
_2663_,VDD,Metal1,256.0715,161.0315,3.299961
_2662_,VDD,Metal1,250.9800,153.3025,3.299919
_2661_,VDD,Metal1,256.7825,152.5850,3.299920
_2660_,VDD,Metal1,259.5700,137.7630,3.299959
_2659_,VDD,Metal1,258.4625,144.7450,3.299960
_2658_,VDD,Metal1,268.3800,145.4225,3.299960
_2657_,VDD,Metal1,267.6100,137.5725,3.299958
_2656_,VDD,Metal1,265.7600,144.6825,3.299960
_2655_,VDD,Metal1,270.9000,136.8175,3.299958
_2654_,VDD,Metal1,269.7800,128.9775,3.299942
_2653_,VDD,Metal1,277.5800,129.7950,3.299942
_2652_,VDD,Metal1,265.7600,129.7175,3.299942
_2651_,VDD,Metal1,275.3400,129.7950,3.299942
_2650_,VDD,Metal1,284.2100,144.4765,3.299960
_2649_,VDD,Metal1,287.2100,137.5725,3.299959
_2648_,VDD,Metal1,284.4965,121.0565,3.299944
_2647_,VDD,Metal1,285.1600,128.9225,3.299942
_2646_,VDD,Metal1,280.1000,121.9425,3.299944
_2645_,VDD,Metal1,285.8400,136.8425,3.299959
_2644_,VDD,Metal1,290.7800,128.9775,3.299943
_2643_,VDD,Metal1,288.8400,121.0825,3.299944
_2642_,VDD,Metal1,289.3400,129.7950,3.299943
_2641_,VDD,Metal1,292.5600,121.8775,3.299944
_2640_,VDD,Metal1,318.3600,121.0635,3.299945
_2639_,VDD,Metal1,305.0830,121.9530,3.299944
_2638_,VDD,Metal1,337.3480,114.1290,3.299952
_2637_,VDD,Metal1,336.6600,128.9375,3.299944
_2636_,VDD,Metal1,343.5825,113.3850,3.299952
_2635_,VDD,Metal1,340.2400,106.1975,3.299955
_2634_,VDD,Metal1,341.8900,98.5630,3.299961
_2633_,VDD,Metal1,355.7165,114.1130,3.299951
_2632_,VDD,Metal1,352.0000,106.1975,3.299953
_2631_,VDD,Metal1,370.0200,114.0625,3.299951
_2630_,VDD,Metal1,368.2400,113.3225,3.299951
_2629_,VDD,Metal1,338.5100,105.2765,3.299955
_2628_,VDD,Metal1,383.4830,106.2730,3.299952
_2627_,VDD,Metal1,375.1850,113.1400,3.299951
_2626_,VDD,Metal1,339.0900,98.5630,3.299961
_2625_,VDD,Metal1,362.7865,113.2325,3.299951
_2624_,VDD,Metal1,340.7500,129.9230,3.299941
_2623_,VDD,Metal1,336.0930,113.2325,3.299952
_2622_,VDD,Metal1,327.3300,114.2430,3.299952
_2621_,VDD,Metal1,331.4200,121.0975,3.299946
_2620_,VDD,Metal1,312.0530,128.9380,3.299943
_2619_,VDD,Metal1,311.6500,129.9230,3.299943
_2618_,VDD,Metal1,296.5300,128.7965,3.299943
_2617_,VDD,Metal1,287.0100,144.4765,3.299960
_2616_,VDD,Metal1,255.6800,153.2375,3.299920
_2615_,VDD,Metal1,250.4130,168.1125,3.299943
_2614_,VDD,Metal1,243.1730,168.1380,3.299943
_2613_,VDD,Metal1,235.4680,167.9600,3.299943
_2612_,VDD,Metal1,215.8900,152.3165,3.299919
_2611_,VDD,Metal1,224.8500,42.5565,3.299969
_2610_,VDD,Metal1,207.9000,43.5025,3.299969
_2609_,VDD,Metal1,209.6935,136.8100,3.299960
_2608_,VDD,Metal1,213.8030,137.6330,3.299960
_2607_,VDD,Metal1,209.5200,137.6225,3.299960
_2606_,VDD,Metal1,214.1600,144.6825,3.299963
_2605_,VDD,Metal1,209.1500,144.4765,3.299964
_2604_,VDD,Metal1,205.4500,144.6675,3.299964
_2603_,VDD,Metal1,196.3625,136.7775,3.299962
_2602_,VDD,Metal1,197.4825,129.7825,3.299943
_2601_,VDD,Metal1,186.2800,137.6225,3.299963
_2600_,VDD,Metal1,177.8400,144.6825,3.299968
_2599_,VDD,Metal1,197.3600,145.3975,3.299965
_2598_,VDD,Metal1,199.0400,144.6825,3.299965
_2597_,VDD,Metal1,205.2300,145.6030,3.299964
_2596_,VDD,Metal1,217.9400,136.7775,3.299960
_2595_,VDD,Metal1,180.7600,129.7975,3.299944
_2594_,VDD,Metal1,174.5800,136.8175,3.299966
_2593_,VDD,Metal1,230.1765,128.8965,3.299942
_2592_,VDD,Metal1,239.2865,122.0015,3.299945
_2591_,VDD,Metal1,251.9600,113.9450,3.299952
_2590_,VDD,Metal1,250.2200,113.2575,3.299952
_2589_,VDD,Metal1,249.5025,106.1350,3.299955
_2588_,VDD,Metal1,256.2200,90.5975,3.299925
_2587_,VDD,Metal1,294.8600,90.5975,3.299921
_2586_,VDD,Metal1,293.8830,97.5665,3.299960
_2585_,VDD,Metal1,299.9100,74.9890,3.299947
_2584_,VDD,Metal1,307.2425,81.8975,3.299930
_2583_,VDD,Metal1,310.9000,97.5775,3.299961
_2582_,VDD,Metal1,323.6400,74.2150,3.299949
_2581_,VDD,Metal1,332.3375,74.7750,3.299948
_2580_,VDD,Metal1,337.5630,81.8865,3.299929
_2579_,VDD,Metal1,350.1065,73.9165,3.299948
_2578_,VDD,Metal1,369.5600,66.3750,3.299921
_2577_,VDD,Metal1,354.9000,67.0225,3.299922
_2576_,VDD,Metal1,374.7800,59.1825,3.299945
_2575_,VDD,Metal1,365.9500,59.3630,3.299945
_2574_,VDD,Metal1,370.9800,74.9175,3.299947
_2573_,VDD,Metal1,374.3100,58.3775,3.299945
_2572_,VDD,Metal1,371.5125,67.0625,3.299921
_2571_,VDD,Metal1,377.6700,59.2225,3.299945
_2570_,VDD,Metal1,351.8000,59.2375,3.299945
_2569_,VDD,Metal1,357.2000,66.2175,3.299922
_2568_,VDD,Metal1,344.0700,74.0575,3.299948
_2567_,VDD,Metal1,345.9630,66.2065,3.299923
_2566_,VDD,Metal1,343.4000,67.0775,3.299923
_2565_,VDD,Metal1,329.6330,82.8140,3.299930
_2564_,VDD,Metal1,328.2600,74.0575,3.299949
_2563_,VDD,Metal1,326.2730,89.6655,3.299923
_2562_,VDD,Metal1,313.3930,89.6655,3.299922
_2561_,VDD,Metal1,296.5600,81.9625,3.299930
_2560_,VDD,Metal1,290.5000,74.8625,3.299947
_2559_,VDD,Metal1,290.5200,81.8825,3.299931
_2558_,VDD,Metal1,262.6550,90.7000,3.299925
_2557_,VDD,Metal1,275.8400,90.5175,3.299921
_2556_,VDD,Metal1,258.4000,97.6425,3.299961
_2555_,VDD,Metal1,256.2100,98.5630,3.299961
_2554_,VDD,Metal1,261.5365,106.3030,3.299954
_2553_,VDD,Metal1,247.0600,121.9425,3.299945
_2552_,VDD,Metal1,245.6330,128.8655,3.299941
_2551_,VDD,Metal1,227.6500,122.0830,3.299947
_2550_,VDD,Metal1,233.8400,129.7175,3.299941
_2549_,VDD,Metal1,220.9100,136.6365,3.299960
_2548_,VDD,Metal1,222.1130,129.8540,3.299942
_2547_,VDD,Metal1,239.3305,136.7475,3.299959
_2546_,VDD,Metal1,192.6230,144.5765,3.299966
_2545_,VDD,Metal1,187.4930,136.6365,3.299963
_2544_,VDD,Metal1,190.2200,144.6050,3.299966
_2543_,VDD,Metal1,196.8000,137.5575,3.299962
_2542_,VDD,Metal1,199.4600,152.4575,3.299921
_2541_,VDD,Metal1,179.6600,137.6225,3.299964
_2540_,VDD,Metal1,178.2200,152.4975,3.299923
_2539_,VDD,Metal1,186.4630,144.5765,3.299966
_2538_,VDD,Metal1,180.2000,136.7625,3.299964
_2537_,VDD,Metal1,175.7400,129.7825,3.299961
_2536_,VDD,Metal1,175.0400,137.5575,3.299966
_2535_,VDD,Metal1,172.5800,145.4625,3.299968
_2534_,VDD,Metal1,183.9700,145.6030,3.299966
_2533_,VDD,Metal1,171.1200,144.6825,3.299968
_2532_,VDD,Metal1,169.5800,137.6225,3.299966
_2531_,VDD,Metal1,237.1080,144.5905,3.299962
_2530_,VDD,Metal1,225.3865,137.5530,3.299959
_2529_,VDD,Metal1,227.4600,136.7775,3.299959
_2528_,VDD,Metal1,251.5600,129.7975,3.299941
_2527_,VDD,Metal1,253.9700,128.7965,3.299941
_2526_,VDD,Metal1,257.4830,105.4065,3.299955
_2525_,VDD,Metal1,261.3400,98.4350,3.299961
_2524_,VDD,Metal1,264.6225,105.5450,3.299954
_2523_,VDD,Metal1,272.3000,106.2225,3.299954
_2522_,VDD,Metal1,269.4665,89.5965,3.299922
_2521_,VDD,Metal1,259.9800,89.7775,3.299925
_2520_,VDD,Metal1,265.0600,81.8850,3.299932
_2519_,VDD,Metal1,264.5525,82.7425,3.299932
_2518_,VDD,Metal1,265.6800,98.3575,3.299960
_2517_,VDD,Metal1,268.6330,90.6415,3.299922
_2516_,VDD,Metal1,279.1715,105.2400,3.299954
_2515_,VDD,Metal1,268.8930,82.7675,3.299931
_2514_,VDD,Metal1,265.5400,89.7375,3.299925
_2513_,VDD,Metal1,277.0025,89.7375,3.299921
_2512_,VDD,Metal1,279.4565,82.7830,3.299931
_2511_,VDD,Metal1,282.3600,81.8825,3.299931
_2510_,VDD,Metal1,282.3400,89.7375,3.299921
_2509_,VDD,Metal1,285.3600,82.6775,3.299931
_2508_,VDD,Metal1,291.2165,98.4630,3.299960
_2507_,VDD,Metal1,288.2200,74.9150,3.299947
_2506_,VDD,Metal1,292.0800,82.6775,3.299930
_2505_,VDD,Metal1,294.8300,73.9165,3.299947
_2504_,VDD,Metal1,323.4000,81.8635,3.299930
_2503_,VDD,Metal1,316.2830,74.9130,3.299948
_2502_,VDD,Metal1,345.1880,82.7690,3.299929
_2501_,VDD,Metal1,343.3800,74.9025,3.299948
_2500_,VDD,Metal1,348.6225,66.9350,3.299923
_2499_,VDD,Metal1,346.8200,74.9150,3.299948
_2498_,VDD,Metal1,347.4400,81.9625,3.299929
_2497_,VDD,Metal1,356.6030,59.2330,3.299945
_2496_,VDD,Metal1,362.1400,66.2050,3.299922
_2495_,VDD,Metal1,351.4400,66.2825,3.299922
_2494_,VDD,Metal1,383.1800,66.2575,3.299921
_2493_,VDD,Metal1,377.0600,51.3950,3.299958
_2492_,VDD,Metal1,375.1850,66.1000,3.299921
_2491_,VDD,Metal1,376.7630,81.8865,3.299929
_2490_,VDD,Metal1,378.1400,74.8625,3.299947
_2489_,VDD,Metal1,375.5200,74.1225,3.299947
_2488_,VDD,Metal1,379.1350,82.8600,3.299929
_2487_,VDD,Metal1,384.4500,67.2030,3.299921
_2486_,VDD,Metal1,383.5065,59.2475,3.299945
_2485_,VDD,Metal1,363.8200,59.2350,3.299945
_2484_,VDD,Metal1,370.4500,58.2365,3.299945
_2483_,VDD,Metal1,349.7300,75.0430,3.299948
_2482_,VDD,Metal1,347.8530,89.7125,3.299918
_2481_,VDD,Metal1,336.2900,75.0430,3.299948
_2480_,VDD,Metal1,338.9000,89.7375,3.299923
_2479_,VDD,Metal1,314.5865,90.5815,3.299922
_2478_,VDD,Metal1,318.9300,90.7230,3.299922
_2477_,VDD,Metal1,307.7300,75.0430,3.299948
_2476_,VDD,Metal1,286.4300,81.7565,3.299931
_2475_,VDD,Metal1,273.9400,82.7425,3.299931
_2474_,VDD,Metal1,264.7000,106.2750,3.299954
_2473_,VDD,Metal1,255.6800,106.1975,3.299955
_2472_,VDD,Metal1,249.4900,122.0830,3.299945
_2471_,VDD,Metal1,240.5300,129.9230,3.299941
_2470_,VDD,Metal1,245.9730,129.7815,3.299941
_2469_,VDD,Metal1,233.7880,137.7995,3.299959
_2468_,VDD,Metal1,214.2100,136.6365,3.299960
_2467_,VDD,Metal1,201.3100,43.6830,3.299970
_2466_,VDD,Metal1,214.7335,58.4100,3.299944
_2465_,VDD,Metal1,214.1900,43.6830,3.299969
_2464_,VDD,Metal1,91.7400,255.2225,3.299930
_2463_,VDD,Metal1,89.1800,255.1825,3.299930
_2462_,VDD,Metal1,91.9100,247.3325,3.299926
_2461_,VDD,Metal1,88.5800,247.3825,3.299937
_2460_,VDD,Metal1,98.1400,247.3425,3.299924
_2459_,VDD,Metal1,93.7525,246.5375,3.299926
_2458_,VDD,Metal1,97.5800,254.4175,3.299930
_2457_,VDD,Metal1,95.4700,255.3630,3.299930
_2456_,VDD,Metal1,97.7100,246.3965,3.299924
_2455_,VDD,Metal1,89.6165,239.5830,3.299941
_2454_,VDD,Metal1,90.4500,246.3965,3.299926
_2453_,VDD,Metal1,100.5300,246.3965,3.299922
_2452_,VDD,Metal1,133.3800,114.1025,3.299973
_2451_,VDD,Metal1,150.8800,121.1625,3.299951
_2450_,VDD,Metal1,150.9700,106.2625,3.299968
_2449_,VDD,Metal1,159.1400,106.2625,3.299967
_2448_,VDD,Metal1,153.0200,128.9775,3.299961
_2447_,VDD,Metal1,146.8600,121.9025,3.299951
_2446_,VDD,Metal1,150.5230,121.9530,3.299951
_2445_,VDD,Metal1,175.7200,113.2425,3.299971
_2444_,VDD,Metal1,172.2260,106.2300,3.299965
_2443_,VDD,Metal1,170.6665,122.0565,3.299951
_2442_,VDD,Metal1,173.1565,105.4065,3.299965
_2441_,VDD,Metal1,172.6200,128.9775,3.299961
_2440_,VDD,Metal1,167.4230,106.3030,3.299967
_2439_,VDD,Metal1,171.2600,129.7825,3.299961
_2438_,VDD,Metal1,213.7530,82.8015,3.299935
_2437_,VDD,Metal1,210.3200,74.8375,3.299949
_2436_,VDD,Metal1,216.8600,74.8625,3.299949
_2435_,VDD,Metal1,218.2330,66.1980,3.299920
_2434_,VDD,Metal1,206.1800,74.9025,3.299949
_2433_,VDD,Metal1,218.4930,82.7675,3.299935
_2432_,VDD,Metal1,210.4200,97.6175,3.299962
_2431_,VDD,Metal1,196.1665,105.3580,3.299964
_2430_,VDD,Metal1,208.0000,98.3575,3.299962
_2429_,VDD,Metal1,219.8100,113.1165,3.299968
_2428_,VDD,Metal1,238.3930,82.7615,3.299934
_2427_,VDD,Metal1,237.5800,81.9375,3.299934
_2426_,VDD,Metal1,235.9265,59.2815,3.299944
_2425_,VDD,Metal1,238.2065,73.9855,3.299949
_2424_,VDD,Metal1,245.5700,222.8765,3.299941
_2423_,VDD,Metal1,255.1930,59.2415,3.299943
_2422_,VDD,Metal1,249.4700,183.6765,3.299946
_2421_,VDD,Metal1,257.1600,58.3625,3.299943
_2420_,VDD,Metal1,277.5930,73.9980,3.299947
_2419_,VDD,Metal1,270.2730,67.1340,3.299918
_2418_,VDD,Metal1,274.7930,50.5180,3.299959
_2417_,VDD,Metal1,273.9400,58.3775,3.299942
_2416_,VDD,Metal1,270.7700,207.1965,3.299938
_2415_,VDD,Metal1,301.1130,43.6015,3.299967
_2414_,VDD,Metal1,293.7930,50.4655,3.299959
_2413_,VDD,Metal1,304.2465,51.4415,3.299959
_2412_,VDD,Metal1,305.4400,58.4425,3.299943
_2411_,VDD,Metal1,317.6865,43.6015,3.299967
_2410_,VDD,Metal1,317.7265,50.4655,3.299959
_2409_,VDD,Metal1,315.5500,145.6030,3.299960
_2408_,VDD,Metal1,327.9930,58.3580,3.299945
_2407_,VDD,Metal1,327.7000,67.0625,3.299924
_2406_,VDD,Metal1,325.0900,183.6765,3.299942
_2405_,VDD,Metal1,344.0065,42.6380,3.299966
_2404_,VDD,Metal1,338.0330,43.6140,3.299966
_2403_,VDD,Metal1,360.4730,34.7980,3.299965
_2402_,VDD,Metal1,358.1600,42.7625,3.299965
_2401_,VDD,Metal1,365.5130,51.4415,3.299958
_2400_,VDD,Metal1,365.8865,50.4655,3.299958
_2399_,VDD,Metal1,361.3975,89.7375,3.299918
_2398_,VDD,Metal1,365.9500,82.8830,3.299929
_2397_,VDD,Metal1,362.9800,67.0625,3.299922
_2396_,VDD,Metal1,369.7000,59.2225,3.299945
_2395_,VDD,Metal1,354.8500,89.6785,3.299918
_2394_,VDD,Metal1,106.5800,230.8450,3.299942
_2393_,VDD,Metal1,115.8500,230.9075,3.299942
_2392_,VDD,Metal1,111.1500,216.1630,3.299969
_2391_,VDD,Metal1,83.5800,223.8225,3.299954
_2390_,VDD,Metal1,88.3630,223.8730,3.299954
_2389_,VDD,Metal1,86.3700,230.9290,3.299944
_2388_,VDD,Metal1,79.6865,191.6380,3.299932
_2387_,VDD,Metal1,83.5800,192.4625,3.299932
_2386_,VDD,Metal1,88.9200,192.5175,3.299932
_2385_,VDD,Metal1,73.2530,191.5165,3.299932
_2384_,VDD,Metal1,74.9700,184.6125,3.299957
_2383_,VDD,Metal1,76.4175,183.9450,3.299957
_2382_,VDD,Metal1,69.1500,175.8365,3.299973
_2381_,VDD,Metal1,79.5030,161.1830,3.299975
_2380_,VDD,Metal1,81.4300,176.8225,3.299973
_2379_,VDD,Metal1,68.3030,168.0965,3.299962
_2378_,VDD,Metal1,73.4665,175.8365,3.299973
_2377_,VDD,Metal1,75.5300,176.7725,3.299973
_2376_,VDD,Metal1,76.4625,145.3350,3.299974
_2375_,VDD,Metal1,76.4300,137.7630,3.299974
_2374_,VDD,Metal1,83.4565,152.4165,3.299934
_2373_,VDD,Metal1,76.0600,153.3025,3.299957
_2372_,VDD,Metal1,81.1830,145.5030,3.299974
_2371_,VDD,Metal1,72.9400,145.4225,3.299974
_2370_,VDD,Metal1,72.5300,152.3165,3.299958
_2369_,VDD,Metal1,79.8100,152.3165,3.299957
_2368_,VDD,Metal1,76.8600,152.4975,3.299957
_2367_,VDD,Metal1,63.6600,160.2850,3.299976
_2366_,VDD,Metal1,72.9075,161.2990,3.299975
_2365_,VDD,Metal1,85.1365,191.6165,3.299932
_2364_,VDD,Metal1,79.8900,184.7210,3.299955
_2363_,VDD,Metal1,83.4565,208.2230,3.299950
_2362_,VDD,Metal1,91.0100,231.8430,3.299943
_2361_,VDD,Metal1,177.0900,114.0305,3.299971
_2360_,VDD,Metal1,185.6500,114.2430,3.299970
_2359_,VDD,Metal1,219.7480,98.4490,3.299961
_2358_,VDD,Metal1,221.9115,90.4715,3.299938
_2357_,VDD,Metal1,208.5000,105.4050,3.299958
_2356_,VDD,Metal1,208.3900,89.7875,3.299940
_2355_,VDD,Metal1,216.8530,89.6230,3.299938
_2354_,VDD,Metal1,226.4975,97.7050,3.299961
_2353_,VDD,Metal1,221.4915,106.4395,3.299957
_2352_,VDD,Metal1,217.3800,113.2575,3.299969
_2351_,VDD,Metal1,204.6700,89.5965,3.299940
_2350_,VDD,Metal1,207.5200,81.9625,3.299937
_2349_,VDD,Metal1,207.4400,82.6775,3.299937
_2348_,VDD,Metal1,233.5365,90.6230,3.299926
_2347_,VDD,Metal1,233.9600,89.7225,3.299926
_2346_,VDD,Metal1,238.9400,97.5650,3.299961
_2345_,VDD,Metal1,238.8000,90.5175,3.299925
_2344_,VDD,Metal1,224.8500,89.5965,3.299938
_2343_,VDD,Metal1,255.3525,67.2125,3.299918
_2342_,VDD,Metal1,250.0175,74.1850,3.299948
_2341_,VDD,Metal1,249.3400,67.0225,3.299918
_2340_,VDD,Metal1,251.2100,66.2175,3.299918
_2339_,VDD,Metal1,261.9630,59.2330,3.299943
_2338_,VDD,Metal1,280.5680,58.2655,3.299942
_2337_,VDD,Metal1,276.7565,51.3930,3.299959
_2336_,VDD,Metal1,280.3800,51.3950,3.299959
_2335_,VDD,Metal1,270.1900,58.2365,3.299943
_2334_,VDD,Metal1,275.8115,59.3995,3.299942
_2333_,VDD,Metal1,293.7150,51.4190,3.299959
_2332_,VDD,Metal1,289.4200,43.5425,3.299968
_2331_,VDD,Metal1,310.1000,58.4175,3.299943
_2330_,VDD,Metal1,315.1630,58.3665,3.299943
_2329_,VDD,Metal1,326.6200,51.3425,3.299959
_2328_,VDD,Metal1,334.2265,58.3525,3.299945
_2327_,VDD,Metal1,336.6765,42.6865,3.299966
_2326_,VDD,Metal1,335.3400,50.5375,3.299959
_2325_,VDD,Metal1,352.1000,42.7375,3.299966
_2324_,VDD,Metal1,373.9630,42.6865,3.299965
_2323_,VDD,Metal1,364.2900,66.0765,3.299922
_2322_,VDD,Metal1,374.7400,50.5375,3.299958
_2321_,VDD,Metal1,377.7100,42.5565,3.299965
_2320_,VDD,Metal1,355.8700,35.8430,3.299965
_2319_,VDD,Metal1,354.7125,43.5425,3.299966
_2318_,VDD,Metal1,349.0600,42.6850,3.299966
_2317_,VDD,Metal1,351.4100,43.6830,3.299966
_2316_,VDD,Metal1,330.6700,43.6830,3.299967
_2315_,VDD,Metal1,327.3600,66.2825,3.299924
_2314_,VDD,Metal1,331.9800,66.2175,3.299924
_2313_,VDD,Metal1,315.9400,59.2225,3.299943
_2312_,VDD,Metal1,318.9300,51.5230,3.299959
_2311_,VDD,Metal1,299.3100,58.2365,3.299943
_2310_,VDD,Metal1,312.2100,66.0765,3.299921
_2309_,VDD,Metal1,299.2200,66.2050,3.299919
_2308_,VDD,Metal1,304.3700,67.2030,3.299921
_2307_,VDD,Metal1,298.7700,51.5230,3.299959
_2306_,VDD,Metal1,283.2600,59.2225,3.299942
_2305_,VDD,Metal1,262.9300,67.2030,3.299918
_2304_,VDD,Metal1,257.1400,81.8975,3.299933
_2303_,VDD,Metal1,255.6800,66.2825,3.299918
_2302_,VDD,Metal1,234.3500,97.4365,3.299961
_2301_,VDD,Metal1,135.9730,246.3965,3.299921
_2300_,VDD,Metal1,152.5900,247.5230,3.299916
_2299_,VDD,Metal1,145.1200,200.3130,3.299951
_2298_,VDD,Metal1,138.2030,277.8865,3.299877
_2297_,VDD,Metal1,124.0300,269.9165,3.299936
_2296_,VDD,Metal1,142.5300,269.9165,3.299930
_2295_,VDD,Metal1,155.2365,270.9130,3.299930
_2294_,VDD,Metal1,166.0300,271.0430,3.299930
_2293_,VDD,Metal1,159.8700,263.2030,3.299927
_2292_,VDD,Metal1,158.3630,255.2330,3.299922
_2291_,VDD,Metal1,155.3900,239.6830,3.299932
_2290_,VDD,Metal1,162.1300,262.0765,3.299927
_2289_,VDD,Metal1,180.7630,270.0465,3.299929
_2288_,VDD,Metal1,177.7900,263.2030,3.299922
_2287_,VDD,Metal1,186.7700,277.7565,3.299869
_2286_,VDD,Metal1,175.1630,254.3665,3.299922
_2285_,VDD,Metal1,171.0700,153.4430,3.299927
_2284_,VDD,Metal1,180.6100,262.0765,3.299921
_2283_,VDD,Metal1,194.7630,255.2330,3.299922
_2282_,VDD,Metal1,200.7700,255.3630,3.299922
_2281_,VDD,Metal1,186.1900,246.3965,3.299916
_2280_,VDD,Metal1,213.2430,246.5265,3.299914
_2279_,VDD,Metal1,215.3300,247.5230,3.299914
_2278_,VDD,Metal1,210.8300,215.0365,3.299961
_2277_,VDD,Metal1,191.6365,238.6865,3.299929
_2276_,VDD,Metal1,201.3300,247.5230,3.299916
_2275_,VDD,Metal1,199.6300,106.4030,3.299959
_2274_,VDD,Metal1,226.6830,238.6865,3.299928
_2273_,VDD,Metal1,224.8500,222.8765,3.299943
_2272_,VDD,Metal1,230.4300,238.5565,3.299928
_2271_,VDD,Metal1,135.9400,192.4625,3.299931
_2270_,VDD,Metal1,153.8200,200.3550,3.299949
_2269_,VDD,Metal1,149.9800,200.3425,3.299950
_2268_,VDD,Metal1,144.3800,192.5025,3.299931
_2267_,VDD,Metal1,132.6800,215.3350,3.299967
_2266_,VDD,Metal1,135.9465,199.4980,3.299951
_2265_,VDD,Metal1,150.8975,208.0550,3.299944
_2264_,VDD,Metal1,121.4030,230.8465,3.299942
_2263_,VDD,Metal1,117.5830,222.9765,3.299954
_2262_,VDD,Metal1,146.8130,199.4725,3.299951
_2261_,VDD,Metal1,130.9100,215.9505,3.299967
_2260_,VDD,Metal1,171.2950,183.7010,3.299950
_2259_,VDD,Metal1,170.5100,191.5165,3.299942
_2258_,VDD,Metal1,162.1100,169.1230,3.299957
_2257_,VDD,Metal1,163.2300,191.5165,3.299940
_2256_,VDD,Metal1,159.9200,184.5975,3.299950
_2255_,VDD,Metal1,148.9765,231.7430,3.299940
_2254_,VDD,Metal1,117.5830,239.5830,3.299937
_2253_,VDD,Metal1,118.1765,216.0630,3.299969
_2252_,VDD,Metal1,124.0500,207.1965,3.299948
_2251_,VDD,Metal1,142.9000,246.5375,3.299921
_2250_,VDD,Metal1,195.1500,89.5965,3.299942
_2249_,VDD,Metal1,128.9000,192.5025,3.299930
_2248_,VDD,Metal1,126.8300,216.1630,3.299967
_2247_,VDD,Metal1,146.4300,238.5565,3.299932
_2246_,VDD,Metal1,135.7565,183.7250,3.299951
_2245_,VDD,Metal1,131.1300,176.6335,3.299969
_2244_,VDD,Metal1,112.9800,183.8575,3.299955
_2243_,VDD,Metal1,110.0300,183.6765,3.299955
_2242_,VDD,Metal1,130.6200,161.1025,3.299972
_2241_,VDD,Metal1,120.3830,160.2565,3.299972
_2240_,VDD,Metal1,122.9300,153.4430,3.299931
_2239_,VDD,Metal1,118.1765,152.4165,3.299931
_2238_,VDD,Metal1,116.6865,207.2655,3.299948
_2237_,VDD,Metal1,128.5600,153.2375,3.299930
_2236_,VDD,Metal1,118.2300,183.8675,3.299954
_2235_,VDD,Metal1,129.6500,191.5165,3.299930
_2234_,VDD,Metal1,126.9800,184.6225,3.299952
_2233_,VDD,Metal1,119.5200,184.5975,3.299954
_2232_,VDD,Metal1,116.7500,199.3565,3.299952
_2231_,VDD,Metal1,119.9600,175.9625,3.299971
_2230_,VDD,Metal1,116.8100,176.8225,3.299971
_2229_,VDD,Metal1,120.3200,176.8225,3.299971
_2228_,VDD,Metal1,109.5200,176.0425,3.299971
_2227_,VDD,Metal1,125.1200,183.8825,3.299952
_2226_,VDD,Metal1,121.4200,168.1375,3.299958
_2225_,VDD,Metal1,116.9230,161.1530,3.299973
_2224_,VDD,Metal1,119.3600,153.3025,3.299931
_2223_,VDD,Metal1,121.7000,161.1550,3.299972
_2222_,VDD,Metal1,124.5175,160.2975,3.299972
_2221_,VDD,Metal1,124.0800,152.5225,3.299931
_2220_,VDD,Metal1,110.6400,153.2375,3.299933
_2219_,VDD,Metal1,133.5700,153.4430,3.299929
_2218_,VDD,Metal1,131.8400,160.3625,3.299972
_2217_,VDD,Metal1,133.5700,161.2830,3.299972
_2216_,VDD,Metal1,130.2400,168.2025,3.299958
_2215_,VDD,Metal1,129.6500,152.3165,3.299930
_2214_,VDD,Metal1,160.4265,176.7530,3.299966
_2213_,VDD,Metal1,161.9800,176.0175,3.299966
_2212_,VDD,Metal1,166.1400,184.6750,3.299950
_2211_,VDD,Metal1,168.6300,176.7725,3.299966
_2210_,VDD,Metal1,169.2365,184.6730,3.299950
_2209_,VDD,Metal1,174.2600,176.8225,3.299966
_2208_,VDD,Metal1,186.3900,184.4735,3.299949
_2207_,VDD,Metal1,184.9165,192.5130,3.299942
_2206_,VDD,Metal1,178.8375,184.6625,3.299950
_2205_,VDD,Metal1,187.7200,176.8375,3.299964
_2204_,VDD,Metal1,187.3600,191.7225,3.299942
_2203_,VDD,Metal1,187.3600,183.8825,3.299949
_2202_,VDD,Metal1,172.9400,184.6625,3.299950
_2201_,VDD,Metal1,234.2905,183.7875,3.299946
_2200_,VDD,Metal1,227.8200,192.5025,3.299935
_2199_,VDD,Metal1,234.1965,176.8330,3.299959
_2198_,VDD,Metal1,234.0100,184.6125,3.299946
_2197_,VDD,Metal1,231.3800,191.6575,3.299935
_2196_,VDD,Metal1,232.7625,215.1775,3.299953
_2195_,VDD,Metal1,219.7775,191.7850,3.299940
_2194_,VDD,Metal1,219.2175,184.5350,3.299946
_2193_,VDD,Metal1,247.0000,176.6650,3.299959
_2192_,VDD,Metal1,249.6430,215.1665,3.299949
_2191_,VDD,Metal1,250.0300,216.1630,3.299949
_2190_,VDD,Metal1,246.5800,175.9650,3.299959
_2189_,VDD,Metal1,252.2900,176.9630,3.299958
_2188_,VDD,Metal1,284.5965,153.3130,3.299922
_2187_,VDD,Metal1,277.6200,152.4975,3.299922
_2186_,VDD,Metal1,279.5800,153.2625,3.299922
_2185_,VDD,Metal1,285.5300,145.4125,3.299960
_2184_,VDD,Metal1,280.5430,160.2565,3.299959
_2183_,VDD,Metal1,275.2300,161.2830,3.299961
_2182_,VDD,Metal1,275.2300,224.0030,3.299940
_2181_,VDD,Metal1,283.6800,152.5225,3.299922
_2180_,VDD,Metal1,288.3000,152.4575,3.299923
_2179_,VDD,Metal1,289.4030,207.3265,3.299937
_2178_,VDD,Metal1,293.1500,207.1965,3.299937
_2177_,VDD,Metal1,311.1130,144.7815,3.299960
_2176_,VDD,Metal1,312.0200,145.4625,3.299960
_2175_,VDD,Metal1,303.9630,152.4465,3.299923
_2174_,VDD,Metal1,307.7300,153.4430,3.299925
_2173_,VDD,Metal1,315.0225,137.4950,3.299959
_2172_,VDD,Metal1,314.6030,183.8065,3.299943
_2171_,VDD,Metal1,314.4300,176.9630,3.299959
_2170_,VDD,Metal1,344.8430,137.6330,3.299957
_2169_,VDD,Metal1,334.0625,137.4950,3.299959
_2168_,VDD,Metal1,330.5800,137.6350,3.299959
_2167_,VDD,Metal1,329.9475,152.3005,3.299939
_2166_,VDD,Metal1,339.7530,137.6815,3.299957
_2165_,VDD,Metal1,339.4675,176.9790,3.299958
_2164_,VDD,Metal1,347.2400,136.9350,3.299957
_2163_,VDD,Metal1,343.9400,136.7775,3.299957
_2162_,VDD,Metal1,345.9000,145.4750,3.299960
_2161_,VDD,Metal1,349.5475,169.1390,3.299938
_2160_,VDD,Metal1,351.3775,129.6550,3.299941
_2159_,VDD,Metal1,355.6700,129.7325,3.299941
_2158_,VDD,Metal1,367.4675,136.6205,3.299955
_2157_,VDD,Metal1,359.0675,136.6205,3.299956
_2156_,VDD,Metal1,356.2675,152.3005,3.299939
_2155_,VDD,Metal1,249.9925,175.9775,3.299958
_2154_,VDD,Metal1,255.8030,176.8330,3.299958
_2153_,VDD,Metal1,275.2500,167.9965,3.299941
_2152_,VDD,Metal1,228.7100,176.8225,3.299959
_2151_,VDD,Metal1,226.1065,191.6580,3.299935
_2150_,VDD,Metal1,225.7965,207.3265,3.299939
_2149_,VDD,Metal1,224.2700,200.4830,3.299944
_2148_,VDD,Metal1,239.5280,191.7680,3.299935
_2147_,VDD,Metal1,236.9800,199.4975,3.299944
_2146_,VDD,Metal1,228.0200,215.1775,3.299959
_2145_,VDD,Metal1,224.8450,184.6990,3.299946
_2144_,VDD,Metal1,219.9630,200.3530,3.299945
_2143_,VDD,Metal1,220.3500,207.1965,3.299939
_2142_,VDD,Metal1,218.9430,192.5430,3.299940
_2141_,VDD,Metal1,217.5500,222.8765,3.299943
_2140_,VDD,Metal1,216.4300,200.4830,3.299945
_2139_,VDD,Metal1,187.7165,207.3265,3.299943
_2138_,VDD,Metal1,185.6300,208.3230,3.299943
_2137_,VDD,Metal1,186.9230,199.4865,3.299946
_2136_,VDD,Metal1,197.4100,207.1965,3.299940
_2135_,VDD,Metal1,180.5900,183.6765,3.299950
_2134_,VDD,Metal1,172.5965,223.8730,3.299947
_2133_,VDD,Metal1,169.9700,216.1630,3.299965
_2132_,VDD,Metal1,177.2500,183.6765,3.299950
_2131_,VDD,Metal1,166.9965,191.6465,3.299942
_2130_,VDD,Metal1,166.0300,200.4830,3.299949
_2129_,VDD,Metal1,161.1000,191.6450,3.299940
_2128_,VDD,Metal1,158.7650,231.7390,3.299939
_2127_,VDD,Metal1,155.3900,222.8765,3.299950
_2126_,VDD,Metal1,154.2900,192.6430,3.299931
_2125_,VDD,Metal1,132.6200,191.6575,3.299931
_2124_,VDD,Metal1,129.0400,239.4775,3.299936
_2123_,VDD,Metal1,131.8680,247.5595,3.299921
_2122_,VDD,Metal1,120.1100,254.2365,3.299923
_2121_,VDD,Metal1,145.5200,223.8625,3.299953
_2120_,VDD,Metal1,139.3065,222.9030,3.299953
_2119_,VDD,Metal1,186.8075,97.5775,3.299963
_2118_,VDD,Metal1,140.9700,106.3665,3.299968
_2117_,VDD,Metal1,374.2200,302.2225,3.299632
_2116_,VDD,Metal1,380.4975,168.8550,3.299938
_2115_,VDD,Metal1,215.4830,34.8465,3.299967
_2114_,VDD,Metal1,133.2950,51.5000,3.299966
_2113_,VDD,Metal1,325.9825,356.2160,3.299883
_2112_,VDD,Metal1,316.4400,356.9850,3.299885
_2111_,VDD,Metal1,317.6400,364.9975,3.299827
_2110_,VDD,Metal1,324.8625,364.0560,3.299827
_2109_,VDD,Metal1,322.9800,364.9425,3.299827
_2108_,VDD,Metal1,317.2875,371.9775,3.299929
_2107_,VDD,Metal1,313.3100,371.8365,3.299929
_2106_,VDD,Metal1,312.0130,365.0075,3.299823
_2105_,VDD,Metal1,306.6400,364.2025,3.299821
_2104_,VDD,Metal1,311.8200,356.2975,3.299885
_2103_,VDD,Metal1,299.9530,357.2140,3.299885
_2102_,VDD,Metal1,298.5965,364.1265,3.299818
_2101_,VDD,Metal1,286.2300,357.0925,3.299886
_2100_,VDD,Metal1,324.5600,357.0775,3.299883
_2099_,VDD,Metal1,262.1450,357.2590,3.299889
_2098_,VDD,Metal1,260.1100,365.1230,3.299816
_2097_,VDD,Metal1,259.6075,364.1375,3.299816
_2096_,VDD,Metal1,306.6400,364.9175,3.299821
_2095_,VDD,Metal1,308.6530,357.1675,3.299885
_2094_,VDD,Metal1,299.3600,364.9175,3.299818
_2093_,VDD,Metal1,312.8075,364.1375,3.299823
_2092_,VDD,Metal1,289.3130,364.0655,3.299817
_2091_,VDD,Metal1,286.6030,364.9930,3.299817
_2090_,VDD,Metal1,286.4300,356.1565,3.299886
_2089_,VDD,Metal1,280.6765,356.2865,3.299887
_2088_,VDD,Metal1,267.9480,363.9600,3.299816
_2087_,VDD,Metal1,256.0200,364.1375,3.299817
_2086_,VDD,Metal1,258.9900,356.1565,3.299889
_2085_,VDD,Metal1,256.5600,364.9825,3.299817
_2084_,VDD,Metal1,256.3630,371.9665,3.299945
_2083_,VDD,Metal1,268.4465,365.0540,3.299816
_2082_,VDD,Metal1,275.6130,356.2725,3.299887
_2081_,VDD,Metal1,278.0875,371.9775,3.299945
_2080_,VDD,Metal1,277.7750,357.2600,3.299887
_2079_,VDD,Metal1,277.7900,363.9965,3.299816
_2078_,VDD,Metal1,365.1500,363.9965,3.299827
_2077_,VDD,Metal1,277.5200,364.9175,3.299816
_2076_,VDD,Metal1,290.9300,357.2830,3.299885
_2075_,VDD,Metal1,262.3480,349.4795,3.299867
_2074_,VDD,Metal1,255.2600,357.1425,3.299890
_2073_,VDD,Metal1,253.4225,348.5850,3.299871
_2072_,VDD,Metal1,240.2565,341.5030,3.299800
_2071_,VDD,Metal1,245.2000,341.4625,3.299767
_2070_,VDD,Metal1,250.7575,340.7185,3.299761
_2069_,VDD,Metal1,240.6830,348.4465,3.299889
_2068_,VDD,Metal1,249.1850,364.0200,3.299819
_2067_,VDD,Metal1,248.5400,357.1425,3.299891
_2066_,VDD,Metal1,225.2600,364.9425,3.299933
_2065_,VDD,Metal1,246.1600,364.9175,3.299819
_2064_,VDD,Metal1,250.9730,371.9525,3.299945
_2063_,VDD,Metal1,234.9930,365.0540,3.299932
_2062_,VDD,Metal1,246.4930,371.9525,3.299945
_2061_,VDD,Metal1,240.0000,372.0425,3.299948
_2060_,VDD,Metal1,241.5000,364.1775,3.299932
_2059_,VDD,Metal1,235.4400,364.2025,3.299932
_2058_,VDD,Metal1,253.9480,341.6395,3.299761
_2057_,VDD,Metal1,247.9400,348.4975,3.299871
_2056_,VDD,Metal1,234.9600,348.5225,3.299890
_2055_,VDD,Metal1,237.1500,349.4430,3.299890
_2054_,VDD,Metal1,229.9275,348.4575,3.299894
_2053_,VDD,Metal1,231.7000,341.4225,3.299814
_2052_,VDD,Metal1,229.3930,356.2255,3.299893
_2051_,VDD,Metal1,221.8765,357.1530,3.299896
_2050_,VDD,Metal1,224.7900,364.1375,3.299934
_2049_,VDD,Metal1,225.0200,357.1425,3.299895
_2048_,VDD,Metal1,216.0400,357.1575,3.299898
_2047_,VDD,Metal1,218.0975,364.2650,3.299937
_2046_,VDD,Metal1,211.2600,356.3375,3.299902
_2045_,VDD,Metal1,215.7400,356.3375,3.299898
_2044_,VDD,Metal1,213.4765,317.9530,3.299827
_2043_,VDD,Metal1,212.7000,325.7825,3.299441
_2042_,VDD,Metal1,209.7600,364.2025,3.299939
_2041_,VDD,Metal1,255.0680,333.7995,3.299761
_2040_,VDD,Metal1,249.4700,349.4430,3.299871
_2039_,VDD,Metal1,245.9800,332.8175,3.299762
_2038_,VDD,Metal1,245.5500,340.4765,3.299767
_2037_,VDD,Metal1,258.0600,340.6175,3.299761
_2036_,VDD,Metal1,244.9000,348.4450,3.299871
_2035_,VDD,Metal1,232.7200,340.6825,3.299814
_2034_,VDD,Metal1,231.4200,333.5825,3.299769
_2033_,VDD,Metal1,229.8700,332.6365,3.299769
_2032_,VDD,Metal1,224.8800,333.5575,3.299772
_2031_,VDD,Metal1,227.4530,341.4875,3.299821
_2030_,VDD,Metal1,213.0080,341.5710,3.299833
_2029_,VDD,Metal1,215.7400,348.4975,3.299894
_2028_,VDD,Metal1,211.2365,333.6330,3.299812
_2027_,VDD,Metal1,212.3200,340.6175,3.299833
_2026_,VDD,Metal1,211.0200,349.3025,3.299894
_2025_,VDD,Metal1,208.0280,348.2800,3.299894
_2024_,VDD,Metal1,258.4280,325.9595,3.299397
_2023_,VDD,Metal1,254.6600,332.8175,3.299761
_2022_,VDD,Metal1,248.3480,325.9595,3.299399
_2021_,VDD,Metal1,238.5430,324.8965,3.299424
_2020_,VDD,Metal1,242.3400,324.9775,3.299403
_2019_,VDD,Metal1,231.6000,317.8775,3.299817
_2018_,VDD,Metal1,227.6300,316.9565,3.299822
_2017_,VDD,Metal1,221.5530,318.0140,3.299825
_2016_,VDD,Metal1,225.3900,324.7965,3.299424
_2015_,VDD,Metal1,218.7200,325.0025,3.299434
_2014_,VDD,Metal1,217.9800,325.7425,3.299440
_2013_,VDD,Metal1,216.4300,332.6365,3.299811
_2012_,VDD,Metal1,213.6300,332.6365,3.299812
_2011_,VDD,Metal1,219.2500,332.6365,3.299781
_2010_,VDD,Metal1,216.8200,340.6175,3.299833
_2009_,VDD,Metal1,219.6200,317.0975,3.299825
_2008_,VDD,Metal1,216.5400,317.0850,3.299827
_2007_,VDD,Metal1,225.5630,309.2465,3.299926
_2006_,VDD,Metal1,226.7300,302.2125,3.299708
_2005_,VDD,Metal1,262.6325,302.4125,3.299703
_2004_,VDD,Metal1,252.6500,309.4460,3.299921
_2003_,VDD,Metal1,253.5800,310.1025,3.299921
_2002_,VDD,Metal1,246.6700,324.7965,3.299399
_2001_,VDD,Metal1,267.9480,332.6000,3.299751
_2000_,VDD,Metal1,278.0265,341.3930,3.299750
_1999_,VDD,Metal1,275.4000,348.4425,3.299867
_1998_,VDD,Metal1,284.1525,341.4625,3.299749
_1997_,VDD,Metal1,275.4265,333.6475,3.299749
_1996_,VDD,Metal1,270.0365,341.4730,3.299755
_1995_,VDD,Metal1,259.1000,332.7650,3.299761
_1994_,VDD,Metal1,251.4250,324.8200,3.299398
_1993_,VDD,Metal1,251.5400,317.9425,3.299642
_1992_,VDD,Metal1,256.0600,294.3825,3.299763
_1991_,VDD,Metal1,242.8000,317.1625,3.299648
_1990_,VDD,Metal1,238.2900,316.9565,3.299814
_1989_,VDD,Metal1,237.7930,309.1855,3.299923
_1988_,VDD,Metal1,244.4300,310.2430,3.299921
_1987_,VDD,Metal1,238.3200,310.0375,3.299923
_1986_,VDD,Metal1,245.9800,302.2225,3.299706
_1985_,VDD,Metal1,234.3480,302.4395,3.299707
_1984_,VDD,Metal1,286.9880,340.4400,3.299749
_1983_,VDD,Metal1,282.6600,332.8175,3.299618
_1982_,VDD,Metal1,270.8000,340.6825,3.299755
_1981_,VDD,Metal1,271.3100,348.3165,3.299867
_1980_,VDD,Metal1,267.0325,294.5495,3.299763
_1979_,VDD,Metal1,251.7100,294.5630,3.299764
_1978_,VDD,Metal1,258.2600,293.5775,3.299763
_1977_,VDD,Metal1,255.1200,301.4825,3.299704
_1976_,VDD,Metal1,251.0200,310.0625,3.299921
_1975_,VDD,Metal1,250.5900,301.2765,3.299704
_1974_,VDD,Metal1,260.5000,309.2575,3.299919
_1973_,VDD,Metal1,271.7000,309.2575,3.299918
_1972_,VDD,Metal1,300.2250,302.3790,3.299683
_1971_,VDD,Metal1,294.4700,309.9135,3.299914
_1970_,VDD,Metal1,292.6475,302.2625,3.299700
_1969_,VDD,Metal1,287.7400,309.2575,3.299916
_1968_,VDD,Metal1,276.0630,302.3030,3.299700
_1967_,VDD,Metal1,270.9230,302.2730,3.299701
_1966_,VDD,Metal1,253.3880,302.4395,3.299704
_1965_,VDD,Metal1,271.2200,333.6350,3.299751
_1964_,VDD,Metal1,268.6600,324.9775,3.299385
_1963_,VDD,Metal1,289.0525,333.7855,3.299616
_1962_,VDD,Metal1,288.1300,341.6030,3.299749
_1961_,VDD,Metal1,297.6500,341.6030,3.299741
_1960_,VDD,Metal1,313.4830,348.4465,3.299867
_1959_,VDD,Metal1,316.3000,341.4625,3.299740
_1958_,VDD,Metal1,301.6730,341.5215,3.299741
_1957_,VDD,Metal1,277.7450,340.5000,3.299750
_1956_,VDD,Metal1,282.5100,348.3165,3.299867
_1955_,VDD,Metal1,278.7800,333.6225,3.299748
_1954_,VDD,Metal1,292.4600,332.8175,3.299616
_1953_,VDD,Metal1,274.7200,325.7175,3.299362
_1952_,VDD,Metal1,270.8330,318.0140,3.299633
_1951_,VDD,Metal1,274.7300,324.9375,3.299362
_1950_,VDD,Metal1,272.0400,317.0825,3.299633
_1949_,VDD,Metal1,271.4600,310.0625,3.299918
_1948_,VDD,Metal1,279.1700,318.0830,3.299628
_1947_,VDD,Metal1,274.1300,301.2765,3.299700
_1946_,VDD,Metal1,276.3700,293.4365,3.299761
_1945_,VDD,Metal1,266.4600,293.5775,3.299763
_1944_,VDD,Metal1,270.1900,293.4365,3.299763
_1943_,VDD,Metal1,316.4925,340.4540,3.299740
_1942_,VDD,Metal1,313.1565,341.4730,3.299740
_1941_,VDD,Metal1,303.2800,333.5575,3.299615
_1940_,VDD,Metal1,299.3300,340.4765,3.299741
_1939_,VDD,Metal1,296.4200,340.6050,3.299741
_1938_,VDD,Metal1,297.1200,332.8425,3.299615
_1937_,VDD,Metal1,290.9930,325.8540,3.299350
_1936_,VDD,Metal1,298.9400,325.7825,3.299337
_1935_,VDD,Metal1,291.5200,325.0025,3.299350
_1934_,VDD,Metal1,278.9965,310.1130,3.299917
_1933_,VDD,Metal1,286.4875,317.0975,3.299627
_1932_,VDD,Metal1,280.1800,309.2450,3.299917
_1931_,VDD,Metal1,277.4575,285.8650,3.299889
_1930_,VDD,Metal1,280.1000,293.5775,3.299761
_1929_,VDD,Metal1,291.9575,309.2575,3.299915
_1928_,VDD,Metal1,288.7275,294.4225,3.299758
_1927_,VDD,Metal1,290.3200,317.8775,3.299621
_1926_,VDD,Metal1,275.8400,309.3225,3.299917
_1925_,VDD,Metal1,267.9500,316.9565,3.299634
_1924_,VDD,Metal1,300.4625,294.2950,3.299754
_1923_,VDD,Metal1,316.7200,333.5575,3.299615
_1922_,VDD,Metal1,306.8650,340.5000,3.299740
_1921_,VDD,Metal1,308.8875,341.4625,3.299740
_1920_,VDD,Metal1,309.7800,325.7825,3.299320
_1919_,VDD,Metal1,301.5480,286.7595,3.299893
_1918_,VDD,Metal1,297.1200,285.8025,3.299893
_1917_,VDD,Metal1,298.3800,293.5775,3.299755
_1916_,VDD,Metal1,293.2000,293.6425,3.299756
_1915_,VDD,Metal1,287.7230,293.5665,3.299758
_1914_,VDD,Metal1,277.5200,286.5175,3.299889
_1913_,VDD,Metal1,318.1800,348.4575,3.299867
_1912_,VDD,Metal1,333.6600,340.6175,3.299740
_1911_,VDD,Metal1,331.4000,341.4775,3.299741
_1910_,VDD,Metal1,329.7000,340.6575,3.299741
_1909_,VDD,Metal1,324.0000,340.6825,3.299741
_1908_,VDD,Metal1,322.4600,333.6225,3.299615
_1907_,VDD,Metal1,319.3800,332.7650,3.299615
_1906_,VDD,Metal1,314.4800,325.7175,3.299316
_1905_,VDD,Metal1,311.4600,324.9375,3.299319
_1904_,VDD,Metal1,312.2400,294.3575,3.299749
_1903_,VDD,Metal1,308.4600,293.5775,3.299752
_1902_,VDD,Metal1,293.9850,294.5400,3.299756
_1901_,VDD,Metal1,289.2000,286.5175,3.299889
_1900_,VDD,Metal1,294.8500,286.7230,3.299890
_1899_,VDD,Metal1,298.5965,309.2465,3.299914
_1898_,VDD,Metal1,311.0700,318.0830,3.299593
_1897_,VDD,Metal1,310.9400,310.0625,3.299913
_1896_,VDD,Metal1,306.5900,310.2430,3.299913
_1895_,VDD,Metal1,303.7525,309.2575,3.299913
_1894_,VDD,Metal1,302.5000,310.1025,3.299913
_1893_,VDD,Metal1,314.6030,310.1130,3.299913
_1892_,VDD,Metal1,326.0600,325.7425,3.299301
_1891_,VDD,Metal1,342.7050,341.5800,3.299733
_1890_,VDD,Metal1,337.6965,341.5030,3.299735
_1889_,VDD,Metal1,343.5700,348.3165,3.299868
_1888_,VDD,Metal1,357.9120,348.4075,3.299868
_1887_,VDD,Metal1,334.3050,333.7400,3.299609
_1886_,VDD,Metal1,337.4100,340.4765,3.299735
_1885_,VDD,Metal1,328.4800,332.8425,3.299616
_1884_,VDD,Metal1,321.2330,324.8655,3.299302
_1883_,VDD,Metal1,329.1800,324.9375,3.299295
_1882_,VDD,Metal1,324.5600,317.8775,3.299590
_1881_,VDD,Metal1,316.1100,316.9565,3.299591
_1880_,VDD,Metal1,308.8500,316.9565,3.299616
_1879_,VDD,Metal1,312.8075,317.0975,3.299593
_1878_,VDD,Metal1,310.7000,309.2575,3.299913
_1877_,VDD,Metal1,318.1965,309.2465,3.299913
_1876_,VDD,Metal1,329.4600,333.6350,3.299616
_1875_,VDD,Metal1,336.9800,286.5425,3.299895
_1874_,VDD,Metal1,352.5930,341.5340,3.299733
_1873_,VDD,Metal1,354.0365,340.6065,3.299733
_1872_,VDD,Metal1,346.3700,348.3165,3.299868
_1871_,VDD,Metal1,346.3480,293.4000,3.299722
_1870_,VDD,Metal1,336.3200,293.6425,3.299742
_1869_,VDD,Metal1,330.8600,293.5775,3.299744
_1868_,VDD,Metal1,332.8465,294.4940,3.299744
_1867_,VDD,Metal1,325.4600,309.2575,3.299913
_1866_,VDD,Metal1,348.5480,286.6090,3.299892
_1865_,VDD,Metal1,351.7450,310.2190,3.299903
_1864_,VDD,Metal1,365.1115,309.1455,3.299903
_1863_,VDD,Metal1,347.5275,317.0975,3.299441
_1862_,VDD,Metal1,342.6200,317.0975,3.299456
_1861_,VDD,Metal1,317.2300,302.4030,3.299682
_1860_,VDD,Metal1,314.8200,302.2625,3.299682
_1859_,VDD,Metal1,348.5775,340.7450,3.299733
_1858_,VDD,Metal1,382.7200,341.3975,3.299711
_1857_,VDD,Metal1,364.6640,332.8260,3.299544
_1856_,VDD,Metal1,366.3325,341.6255,3.299714
_1855_,VDD,Metal1,357.0100,349.4430,3.299868
_1854_,VDD,Metal1,358.2830,340.6065,3.299730
_1853_,VDD,Metal1,344.1930,333.6940,3.299548
_1852_,VDD,Metal1,342.4300,340.4765,3.299733
_1851_,VDD,Metal1,352.1400,333.6225,3.299546
_1850_,VDD,Metal1,340.8000,317.8775,3.299460
_1849_,VDD,Metal1,337.7965,317.0865,3.299483
_1848_,VDD,Metal1,345.8115,285.5600,3.299892
_1847_,VDD,Metal1,334.0500,286.7230,3.299897
_1846_,VDD,Metal1,381.9050,333.7400,3.299543
_1845_,VDD,Metal1,384.2600,349.3025,3.299864
_1844_,VDD,Metal1,381.5900,364.1375,3.299827
_1843_,VDD,Metal1,371.0225,325.6550,3.299233
_1842_,VDD,Metal1,367.1530,340.5455,3.299714
_1841_,VDD,Metal1,371.1925,333.7495,3.299544
_1840_,VDD,Metal1,357.7465,325.8075,3.299241
_1839_,VDD,Metal1,357.6075,333.6225,3.299544
_1838_,VDD,Metal1,350.0925,318.1055,3.299441
_1837_,VDD,Metal1,346.1965,309.2465,3.299903
_1836_,VDD,Metal1,335.7100,310.2430,3.299903
_1835_,VDD,Metal1,352.3330,302.2875,3.299664
_1834_,VDD,Metal1,341.8915,310.2795,3.299903
_1833_,VDD,Metal1,342.4500,309.1165,3.299903
_1832_,VDD,Metal1,361.6600,325.7825,3.299238
_1831_,VDD,Metal1,378.8175,302.1350,3.299632
_1830_,VDD,Metal1,380.5425,309.9750,3.299902
_1829_,VDD,Metal1,327.7800,310.1150,3.299913
_1828_,VDD,Metal1,376.4530,309.2580,3.299903
_1827_,VDD,Metal1,333.3800,309.2450,3.299904
_1826_,VDD,Metal1,373.2280,310.2795,3.299903
_1825_,VDD,Metal1,338.5300,332.6365,3.299585
_1824_,VDD,Metal1,375.8530,348.4325,3.299865
_1823_,VDD,Metal1,368.8330,317.0255,3.299427
_1822_,VDD,Metal1,375.9925,340.6175,3.299712
_1821_,VDD,Metal1,376.4530,324.9380,3.299232
_1820_,VDD,Metal1,367.9050,318.0600,3.299427
_1819_,VDD,Metal1,332.9100,310.2430,3.299904
_1818_,VDD,Metal1,366.5100,310.2430,3.299903
_1817_,VDD,Metal1,338.5300,309.1165,3.299903
_1816_,VDD,Metal1,362.4130,310.1275,3.299903
_1815_,VDD,Metal1,375.7750,301.3000,3.299632
_1814_,VDD,Metal1,349.5400,302.2625,3.299676
_1813_,VDD,Metal1,369.2800,294.3575,3.299718
_1812_,VDD,Metal1,376.7800,317.0975,3.299425
_1811_,VDD,Metal1,354.0200,293.5775,3.299720
_1810_,VDD,Metal1,361.9900,278.7425,3.299854
_1809_,VDD,Metal1,363.1650,293.5405,3.299718
_1808_,VDD,Metal1,364.8625,286.4550,3.299892
_1807_,VDD,Metal1,358.0200,270.9150,3.299915
_1806_,VDD,Metal1,362.5600,285.8025,3.299892
_1805_,VDD,Metal1,362.0500,318.0830,3.299428
_1804_,VDD,Metal1,373.1000,293.6175,3.299718
_1803_,VDD,Metal1,372.1100,309.1165,3.299903
_1802_,VDD,Metal1,356.6030,285.7265,3.299892
_1801_,VDD,Metal1,372.5400,286.5425,3.299891
_1800_,VDD,Metal1,369.3600,278.6775,3.299854
_1799_,VDD,Metal1,375.7750,285.6200,3.299891
_1798_,VDD,Metal1,375.4900,286.7230,3.299891
_1797_,VDD,Metal1,368.3865,285.7125,3.299891
_1796_,VDD,Metal1,177.9925,294.5495,3.299815
_1795_,VDD,Metal1,182.1400,302.2225,3.299750
