net,length_um
clknet_0_clk,1.68019mm
net2685,1.13583mm
net1762,703.92µm
_03527_,702.44µm
digital_domain_inst.cfg_phase270_offset_x\[15\],694.6µm
net1177,681.75µm
net13,681.52µm
net1933,680.75µm
net1897,670.52µm
digital_domain_inst.cfg_f_MEMS_fcw_y\[10\],667.01µm
net1697,666.04µm
net1768,636.31µm
net1211,632.95µm
net2684,629.49µm
net1901,626.18µm
net993,617.83µm
net19,617.12µm
net796,606.63µm
net2236,590.95µm
digital_domain_inst.raw_edge3_y\[17\],589.17µm
digital_domain_inst.cfg_phase0_offset_x\[10\],583.21µm
net2219,579.98µm
digital_domain_inst.raw_edge2_y\[17\],579.29µm
net1066,578.17µm
digital_domain_inst.raw_edge3_y\[19\],574.15µm
_05282_,574.1µm
_05562_,573.64µm
digital_domain_inst.raw_edge1_y\[19\],571.77µm
net587,562.9µm
digital_domain_inst.latch_error_x,549.46µm
net2298,542.69µm
net1785,539.84µm
digital_domain_inst.raw_edge1_y\[13\],537.7µm
net21,534.39µm
net1086,530.01µm
digital_domain_inst.jitter_flag_x,529.86µm
digital_domain_inst.raw_edge2_y\[16\],529.4µm
net1541,527.57µm
_03589_,522.68µm
digital_domain_inst.raw_edge1_x\[17\],520.34µm
net1393,508.97µm
net1120,508.68µm
_05671_,506.39µm
net1531,505.88µm
net1568,504.71µm
digital_domain_inst.cfg_phase90_offset_x\[20\],503.03µm
net1765,502.52µm
net166,500.69µm
net772,479.92µm
net2045,474.88µm
net1972,471.01µm
net1122,468.51µm
digital_domain_inst.raw_edge3_x\[19\],460.47µm
digital_domain_inst.cfg_phase90_offset_y\[1\],459.96µm
net1902,459.76µm
net1119,453.8µm
net2003,453.29µm
clk,441.75µm
net2605,439.9µm
net1716,439.19µm
net568,437.92µm
digital_domain_inst.raw_edge3_y\[7\],435.93µm
digital_domain_inst.raw_edge3_x\[15\],430.99µm
digital_domain_inst.cfg_phase0_offset_x\[18\],430.84µm
_05970_,429.62µm
net1111,427.99µm
_05491_,425.7µm
_04050_,424.53µm
net732,424.18µm
net2321,423.96µm
net1899,421.78µm
digital_domain_inst.wave_controller_x_inst.comp_sync1,420.66µm
_05676_,416.74µm
net2687,415.01µm
digital_domain_inst.signal_processor_x_inst.votes_out_phase\[1\],412.92µm
net1671,412.26µm
net11,412.16µm
net1770,411.09µm
net1549,410.63µm
digital_domain_inst.cfg_f_MEMS_fcw_x\[4\],409.61µm
net1669,409.46µm
_05838_,407.68µm
net1780,406.61µm
net1479,402.84µm
net1957,402.64µm
net1900,401.01µm
net818,400.5µm
net1783,399.33µm
net1421,397.6µm
net1896,396.48µm
_05326_,393.73µm
net1775,393.17µm
net1672,391.44µm
digital_domain_inst.cal_dir_x,388.74µm
_05597_,386.5µm
net1789,384.82µm
net1673,383.04µm
net1776,382.58µm
_05967_,380.8µm
net1781,378.71µm
net2122,378.61µm
net1895,377.03µm
digital_domain_inst.raw_edge1_y\[18\],376.98µm
_04650_,376.32µm
digital_domain_inst.cal_done_x,376.32µm
net2169,374.96µm
net22,374.74µm
net1674,373.67µm
digital_domain_inst.raw_edge2_y\[6\],373.57µm
net705,373.26µm
digital_domain_inst.cfg_phase90_offset_x\[15\],372.55µm
_00558_,370.77µm
digital_domain_inst.signal_processor_x_inst.comp_sync,369.65µm
net1761,368.53µm
net1729,367.97µm
net1675,367.36µm
net93,366.8µm
net1786,366.39µm
_02067_,365.12µm
digital_domain_inst.cfg_f_MEMS_fcw_x\[12\],364.1µm
net1559,364.1µm
_04865_,363.03µm
_03478_,361.86µm
net1898,360.18µm
_03511_,359.67µm
net1121,357.33µm
net1232,355.24µm
net706,353.51µm
net1144,353.46µm
_05510_,352.95µm
_05912_,352.85µm
net1112,352.29µm
net1143,352.14µm
digital_domain_inst.signal_processor_x_inst.votes_out_phase\[2\],351.83µm
digital_domain_inst.cfg_phase90_offset_y\[13\],350.15µm
_05914_,350.1µm
net1561,349.94µm
clknet_4_4_0_clk,348.47µm
_05355_,347.81µm
digital_domain_inst.cfg_f_MEMS_fcw_y\[4\],344.5µm
net1709,342.36µm
_05375_,342.26µm
digital_domain_inst.raw_edge2_x\[5\],341.65µm
net2105,340.78µm
clknet_4_7_0_clk,338.95µm
net1771,338.39µm
_01413_,336.61µm
net1101,336.61µm
_03520_,336.05µm
_06023_,335.54µm
net1707,335.36µm
digital_domain_inst.cfg_phase90_offset_y\[9\],335.08µm
net2158,332.74µm
_05850_,332.69µm
net713,332.18µm
digital_domain_inst.raw_edge2_y\[15\],331.62µm
net1413,331.62µm
net1113,330.04µm
net2268,329.33µm
digital_domain_inst.cfg_phase270_offset_x\[14\],327.9µm
net1787,327.7µm
net2428,327.24µm
net914,326.68µm
digital_domain_inst.cal_phase0_offset_x\[0\],326.63µm
_05333_,326.58µm
digital_domain_inst.raw_edge1_y\[0\],326.17µm
digital_domain_inst.signal_processor_x_inst.votes_in_phase\[3\],326.02µm
digital_domain_inst.signal_processor_x_inst.votes_out_phase\[3\],325.97µm
_05956_,325.46µm
net46,324.9µm
net1973,324.44µm
net1494,323.42µm
digital_domain_inst.cfg_phase0_offset_y\[13\],323.32µm
digital_domain_inst.raw_edge2_x\[17\],322.76µm
digital_domain_inst.cfg_phase90_offset_x\[8\],322.66µm
net1050,322.66µm
net1769,322.56µm
digital_domain_inst.cfg_phase270_offset_y\[8\],322.25µm
_05364_,320.37µm
digital_domain_inst.spi_regs_inst.sclk_sync\[1\],319.4µm
_05455_,319.25µm
net1118,318.79µm
_04445_,317.67µm
clknet_leaf_51_clk,317.16µm
_05798_,317.06µm
net1229,316.7µm
_04416_,316.04µm
digital_domain_inst.raw_edge3_y\[9\],315.43µm
net1706,314.92µm
net1230,314.51µm
digital_domain_inst.cfg_phase90_offset_y\[4\],314.26µm
net1670,313.6µm
_05746_,313.14µm
net544,313.04µm
_01909_,312.53µm
digital_domain_inst.raw_edge1_y\[10\],312.48µm
net1496,311.41µm
clknet_4_5_0_clk,309.88µm
_00916_,309.78µm
net543,309.44µm
net1231,309.32µm
digital_domain_inst.cfg_f_MEMS_fcw_x\[6\],308.76µm
net1554,308.15µm
net1782,308.05µm
net1486,307.59µm
net1109,304.74µm
_05957_,301.94µm
digital_domain_inst.raw_edge3_x\[12\],301.43µm
net1110,301.43µm
digital_domain_inst.raw_edge3_x\[14\],301.03µm
net2195,300.16µm
_03563_,299.8µm
net1757,299.8µm
net1719,299.75µm
digital_domain_inst.cfg_phase270_offset_y\[15\],298.68µm
net1738,298.17µm
_00862_,297.97µm
digital_domain_inst.cfg_phase0_offset_y\[14\],297.61µm
_04051_,297.46µm
digital_domain_inst.cfg_phase0_offset_x\[8\],297.05µm
net1572,296.95µm
_04446_,296.39µm
digital_domain_inst.raw_edge2_x\[4\],296.34µm
net1123,296.29µm
net1788,295.83µm
digital_domain_inst.cfg_phase0_offset_x\[13\],295.78µm
net1063,295.73µm
net1560,295.17µm
net2601,294.81µm
clknet_4_6_0_clk,294.76µm
_02088_,294.71µm
digital_domain_inst.cfg_phase90_offset_y\[12\],294.15µm
net2396,293.54µm
net935,292.47µm
net492,292.37µm
digital_domain_inst.raw_edge1_x\[0\],291.91µm
net1694,291.91µm
_05860_,291.81µm
net1142,290.64µm
net1695,289.77µm
digital_domain_inst.signal_processor_y_inst.comp_sync,289.67µm
digital_domain_inst.delay_wave_cycle_y\[1\],288.45µm
net499,287.94µm
_05692_,287.84µm
net2287,287.38µm
digital_domain_inst.raw_edge3_y\[16\],286.82µm
net1124,286.51µm
net564,285.24µm
net1566,284.63µm
_05494_,284.48µm
clknet_leaf_46_clk,284.27µm
net445,284.07µm
net1703,284.07µm
digital_domain_inst.raw_edge3_y\[10\],283.92µm
net1937,283.66µm
digital_domain_inst.raw_edge3_x\[17\],283.51µm
net1065,282.9µm
net1518,282.44µm
_03533_,282.29µm
digital_domain_inst.cfg_phase270_offset_y\[6\],281.83µm
net419,281.83µm
digital_domain_inst.cfg_phase270_offset_x\[12\],281.32µm
net1980,281.17µm
net2330,279.82µm
digital_domain_inst.raw_edge3_y\[8\],279.44µm
_05839_,278.98µm
_01574_,278.47µm
digital_domain_inst.cfg_phase90_offset_x\[3\],278.42µm
net1490,277.91µm
net2150,277.86µm
net1527,277.81µm
digital_domain_inst.cfg_phase0_offset_y\[2\],277.25µm
net2142,277.25µm
net2303,276.84µm
digital_domain_inst.cfg_phase0_offset_y\[4\],276.79µm
net1784,276.74µm
net1733,275.52µm
net1485,275.06µm
net132,274.5µm
net2046,274.5µm
net2188,274.04µm
net98,273.38µm
net1752,272.92µm
net1946,272.77µm
net516,272.72µm
_05899_,272.21µm
net2314,271.65µm
_05465_,271.6µm
digital_domain_inst.cfg_phase90_offset_y\[3\],271.24µm
digital_domain_inst.cfg_phase90_offset_x\[6\],271.14µm
net1699,270.07µm
clknet_4_13_0_clk,270.02µm
digital_domain_inst.cfg_phase270_offset_y\[9\],269.56µm
net418,268.9µm
net1318,268.85µm
_05972_,268.8µm
_00754_,268.39µm
net1558,268.34µm
clknet_4_14_0_clk,267.78µm
digital_domain_inst.cfg_phase90_offset_y\[18\],267.42µm
digital_domain_inst.cfg_phase90_offset_x\[18\],266.71µm
digital_domain_inst.cfg_phase90_offset_y\[5\],266.71µm
net554,266.61µm
net2083,266.2µm
digital_domain_inst.cfg_phase90_offset_x\[12\],266.1µm
digital_domain_inst.raw_edge3_y\[14\],266.1µm
net2179,265.69µm
digital_domain_inst.cfg_phase270_offset_x\[7\],265.31µm
net2070,265.13µm
clknet_leaf_58_clk,265.08µm
digital_domain_inst.cfg_phase270_offset_x\[20\],264.87µm
digital_domain_inst.raw_edge3_x\[7\],264.62µm
digital_domain_inst.cfg_phase0_offset_x\[3\],264.52µm
net24,264.42µm
net2196,264.37µm
net384,263.86µm
net557,263.81µm
net2374,263.35µm
net2468,263.35µm
clknet_4_2_0_clk,262.74µm
net994,262.28µm
digital_domain_inst.cfg_phase90_offset_x\[9\],262.18µm
digital_domain_inst.latch_error_y,261.57µm
net12,261.57µm
net1702,261.06µm
digital_domain_inst.cfg_phase90_offset_y\[20\],260.55µm
net1497,260.5µm
digital_domain_inst.raw_edge2_y\[10\],259.84µm
digital_domain_inst.signal_processor_x_inst.votes_out_phase\[0\],259.48µm
digital_domain_inst.cfg_phase90_offset_y\[14\],258.72µm
digital_domain_inst.cfg_phase0_offset_y\[16\],258.41µm
clknet_4_10_0_clk,258.36µm
net1495,258.26µm
net2187,258.16µm
net2397,257.75µm
net1107,257.65µm
digital_domain_inst.cfg_phase0_offset_x\[12\],257.04µm
net18,257.04µm
clknet_leaf_53_clk,256.17µm
_00771_,256.02µm
_03575_,256.02µm
net1488,255.56µm
digital_domain_inst.cfg_phase270_offset_x\[6\],255.46µm
net1547,254.8µm
digital_domain_inst.cfg_phase270_offset_y\[18\],253.78µm
net1938,253.73µm
net1954,253.32µm
digital_domain_inst.cfg_phase90_offset_x\[0\],253.27µm
digital_domain_inst.signal_processor_y_inst.votes_in_phase\[1\],253.22µm
_03458_,252.1µm
net1452,251.54µm
net1553,251.54µm
net758,251.23µm
net45,250.42µm
digital_domain_inst.cfg_f_MEMS_fcw_y\[7\],250.37µm
digital_domain_inst.phase_state_x\[1\],250.32µm
net2230,249.86µm
_05773_,249.76µm
digital_domain_inst.cfg_phase90_offset_y\[11\],249.45µm
_04423_,248.84µm
_04471_,248.79µm
_00701_,248.71µm
_03942_,248.69µm
net663,248.18µm
digital_domain_inst.cfg_phase270_offset_x\[18\],247.24µm
digital_domain_inst.cfg_phase270_offset_x\[0\],246.6µm
digital_domain_inst.signal_processor_y_inst.votes_out_phase\[3\],246.55µm
net2099,245.94µm
clknet_4_15_0_clk,245.53µm
digital_domain_inst.cfg_phase0_offset_x\[15\],245.43µm
digital_domain_inst.cfg_phase0_offset_y\[5\],244.92µm
digital_domain_inst.raw_edge3_x\[16\],244.82µm
digital_domain_inst.cfg_phase0_offset_y\[1\],244.77µm
digital_domain_inst.cfg_phase270_offset_x\[19\],244.77µm
net1141,244.72µm
digital_domain_inst.cfg_phase0_offset_y\[7\],244.51µm
clknet_4_1_0_clk,244.26µm
net423,243.8µm
digital_domain_inst.wave_controller_y_inst.phase_acc\[12\],243.75µm
net1090,243.31µm
net1574,243.09µm
_03579_,241.46µm
digital_domain_inst.spi_regs_inst.reg_wr_data\[5\],240.85µm
net23,240.8µm
net2181,240.34µm
net711,240.29µm
digital_domain_inst.cal_dir_y,239.83µm
_00795_,239.68µm
net555,239.27µm
clknet_leaf_22_clk,238.91µm
net1070,237.49µm
digital_domain_inst.cfg_phase90_offset_x\[4\],237.03µm
clknet_4_0_0_clk,236.47µm
digital_domain_inst.signal_processor_y_inst.votes_in_phase\[2\],236.42µm
net1708,235.81µm
_00774_,235.45µm
digital_domain_inst.cfg_phase0_offset_y\[12\],235.4µm
net551,235.35µm
_00796_,235.3µm
net2167,234.18µm
net1929,234.13µm
net193,234.08µm
net502,233.62µm
net1710,233.57µm
digital_domain_inst.raw_edge1_y\[4\],233.11µm
net1233,233.06µm
net4,232.96µm
digital_domain_inst.raw_edge2_x\[2\],232.65µm
_00793_,232.5µm
digital_domain_inst.spi_regs_inst.mosi_sync\[0\],232.5µm
net2193,232.45µm
net1508,232.4µm
net1487,231.89µm
_00794_,231.43µm
_05356_,230.33µm
clknet_leaf_48_clk,229.75µm
digital_domain_inst.cfg_phase0_offset_x\[14\],229.65µm
_00834_,229.14µm
_02425_,229.14µm
digital_domain_inst.raw_edge2_y\[12\],228.53µm
_00917_,228.48µm
_00769_,228.12µm
net934,228.12µm
digital_domain_inst.jitter_flag_y,228.07µm
digital_domain_inst.phase_state_y\[0\],228.07µm
clknet_4_8_0_clk,228.02µm
net442,227.56µm
digital_domain_inst.cfg_phase90_offset_y\[10\],227.46µm
net1371,226.95µm
net519,226.9µm
net961,226.9µm
net95,226.85µm
net482,226.85µm
clknet_4_11_0_clk,226.34µm
net426,226.24µm
net1704,226.24µm
net600,225.88µm
net992,225.68µm
clknet_leaf_6_clk,225.37µm
digital_domain_inst.raw_edge3_x\[3\],225.27µm
_03578_,224.66µm
net2270,224.61µm
_03562_,224.15µm
net2076,224.05µm
digital_domain_inst.cfg_phase270_offset_y\[13\],223.54µm
net2001,223.49µm
net2021,223.03µm
digital_domain_inst.cfg_phase0_offset_y\[11\],222.98µm
_00066_,222.93µm
net757,222.93µm
digital_domain_inst.cfg_phase0_offset_x\[6\],222.47µm
_03597_,222.37µm
_00792_,222.32µm
clknet_leaf_35_clk,222.01µm
_00577_,221.96µm
_00757_,221.86µm
net1956,221.35µm
clknet_leaf_57_clk,221.35µm
net1314,221.3µm
net982,221.25µm
net523,220.64µm
digital_domain_inst.cfg_phase90_offset_y\[6\],220.49µm
net440,220.08µm
digital_domain_inst.raw_edge1_y\[6\],219.72µm
_00836_,219.67µm
digital_domain_inst.raw_edge3_y\[11\],219.67µm
net1569,219.62µm
digital_domain_inst.signal_processor_y_inst.votes_in_phase\[3\],218.96µm
net1975,218.6µm
digital_domain_inst.cfg_phase90_offset_x\[1\],218.55µm
net2041,217.99µm
digital_domain_inst.raw_edge3_x\[5\],217.38µm
net786,216.82µm
digital_domain_inst.cfg_phase0_offset_x\[16\],216.31µm
clknet_leaf_2_clk,216.31µm
net2133,216.21µm
net2156,216.21µm
net2491,216.21µm
net972,216.16µm
digital_domain_inst.raw_edge2_y\[19\],215.85µm
digital_domain_inst.signal_processor_y_inst.votes_out_phase\[1\],215.8µm
_03582_,215.7µm
_05724_,215.7µm
net202,215.65µm
net1705,215.19µm
digital_domain_inst.phase_state_x\[0\],215.09µm
net2163,214.63µm
net1471,214.53µm
net2168,214.53µm
digital_domain_inst.cfg_phase90_offset_y\[15\],214.07µm
net1711,214.07µm
digital_domain_inst.cfg_phase0_offset_y\[3\],213.61µm
clknet_leaf_47_clk,213.56µm
net1886,213.51µm
net2052,213.46µm
net124,213.41µm
net970,213.41µm
clknet_leaf_16_clk,213.05µm
net989,212.9µm
digital_domain_inst.cfg_phase0_offset_y\[10\],212.39µm
net2090,212.39µm
net549,212.34µm
net1519,212.29µm
_00767_,211.78µm
_03993_,211.78µm
net2134,211.78µm
net2347,211.78µm
digital_domain_inst.signal_processor_x_inst.votes_in_phase\[1\],211.73µm
net181,211.68µm
clknet_leaf_28_clk,211.37µm
digital_domain_inst.cfg_phase270_offset_y\[20\],211.32µm
net1212,211.22µm
_05852_,211.17µm
clknet_leaf_41_clk,210.86µm
_02083_,210.1µm
net720,210.1µm
net2120,209.59µm
net458,209.49µm
net1492,209.49µm
net2139,209.49µm
net606,209.08µm
net1374,209.08µm
_05192_,208.88µm
net394,208.88µm
net1514,208.88µm
_00676_,208.67µm
digital_domain_inst.cfg_phase0_offset_y\[20\],208.47µm
net520,208.47µm
_00837_,208.42µm
net1325,208.42µm
net1493,208.26µm
net2017,208.01µm
net1338,207.96µm
digital_domain_inst.signal_processor_x_inst.votes_in_phase\[0\],207.35µm
net2129,207.3µm
digital_domain_inst.signal_processor_y_inst.votes_in_phase\[0\],207.25µm
net1700,206.89µm
clknet_leaf_44_clk,206.89µm
digital_domain_inst.raw_edge2_x\[1\],206.74µm
digital_domain_inst.cfg_phase90_offset_y\[16\],206.64µm
net2490,206.64µm
digital_domain_inst.raw_edge1_y\[14\],206.23µm
net448,206.18µm
net2291,206.18µm
net566,206.08µm
net1982,205.62µm
net571,205.57µm
_00615_,205.16µm
net2095,205.11µm
net494,205.06µm
net565,205.01µm
digital_domain_inst.raw_edge1_y\[7\],204.55µm
digital_domain_inst.cfg_f_MEMS_fcw_x\[9\],204.5µm
net495,204.5µm
net765,204.45µm
net1979,204.45µm
_05442_,204.4µm
net203,204.4µm
net352,203.94µm
net815,203.94µm
_00579_,203.43µm
digital_domain_inst.raw_edge3_y\[6\],203.43µm
net421,203.38µm
digital_domain_inst.cfg_phase90_offset_x\[14\],203.33µm
_00765_,202.97µm
net2216,202.92µm
_03174_,202.82µm
net2190,202.77µm
net1489,202.72µm
digital_domain_inst.raw_edge1_y\[5\],202.51µm
_00763_,202.36µm
net465,202.36µm
_06010_,202.16µm
_03451_,201.7µm
net731,201.7µm
net44,201.65µm
net2235,201.65µm
digital_domain_inst.raw_edge1_y\[3\],201.19µm
_00602_,201.14µm
net7,201.09µm
net2264,201.04µm
clknet_leaf_10_clk,200.68µm
clknet_4_9_0_clk,200.58µm
net628,200.53µm
net2686,200.48µm
_03441_,199.97µm
net699,199.97µm
net1260,199.56µm
digital_domain_inst.raw_edge2_y\[4\],199.46µm
_05793_,199.36µm
net1071,199.36µm
net605,198.9µm
net2147,198.9µm
_04465_,198.85µm
_03450_,198.8µm
net1064,198.8µm
digital_domain_inst.cfg_phase90_offset_y\[19\],198.34µm
net2171,198.29µm
net1502,198.24µm
digital_domain_inst.cfg_phase0_offset_y\[15\],197.98µm
net987,197.83µm
net1965,197.83µm
net2545,197.78µm
net1567,197.37µm
digital_domain_inst.raw_edge1_y\[8\],197.32µm
clknet_leaf_45_clk,197.32µm
_04447_,197.27µm
clknet_leaf_1_clk,197.27µm
digital_domain_inst.cfg_phase270_offset_x\[3\],197.22µm
net1051,197.12µm
_05892_,196.76µm
net2023,196.76µm
_03506_,196.61µm
_05684_,196.56µm
_05730_,196.56µm
net346,196.56µm
net1718,196.56µm
clknet_leaf_54_clk,196.2µm
_05726_,196.15µm
net438,196.15µm
net115,196.1µm
net1563,196.05µm
digital_domain_inst.signal_processor_y_inst.votes_out_phase\[0\],196µm
net671,196µm
_00700_,195.54µm
_05876_,195.49µm
net2183,195.49µm
digital_domain_inst.raw_edge2_x\[3\],195.44µm
net40,194.98µm
net1743,194.93µm
net649,194.88µm
net2114,194.88µm
digital_domain_inst.cfg_phase0_offset_x\[9\],194.47µm
net168,194.37µm
net1537,194.37µm
net1751,194.32µm
_00591_,194.16µm
clknet_leaf_52_clk,193.96µm
digital_domain_inst.cfg_phase270_offset_y\[10\],193.91µm
digital_domain_inst.raw_edge2_y\[20\],193.91µm
net2255,193.81µm
net2295,193.81µm
_05721_,193.76µm
net62,193.76µm
digital_domain_inst.cfg_phase0_offset_y\[18\],193.4µm
net2238,193.35µm
net567,193.3µm
net2186,193.25µm
net1932,193.2µm
net1007,192.74µm
net130,192.69µm
net1295,192.69µm
net1525,192.69µm
net988,192.64µm
clknet_leaf_30_clk,192.43µm
net522,192.28µm
clknet_4_3_0_clk,192.23µm
_04430_,192.18µm
net462,192.18µm
digital_domain_inst.cfg_phase90_offset_x\[5\],192.13µm
net150,192.13µm
_05452_,192.08µm
net2053,192.08µm
net2192,192.08µm
net2506,192.08µm
digital_domain_inst.cfg_phase90_offset_x\[16\],191.67µm
net1552,191.57µm
net2031,191.16µm
net585,191.11µm
net1373,191.01µm
net1756,191.01µm
net2152,191.01µm
_00575_,190.65µm
net1332,190.6µm
net1571,190.5µm
_06014_,190.45µm
digital_domain_inst.wave_controller_x_inst.phase_acc\[14\],190.45µm
_05329_,190.4µm
digital_domain_inst.cfg_phase270_offset_x\[17\],189.94µm
_06000_,189.84µm
net643,189.84µm
_01737_,189.43µm
net931,189.33µm
net1287,189.33µm
_03581_,188.87µm
net1394,188.82µm
_03449_,188.77µm
digital_domain_inst.raw_edge3_y\[2\],188.31µm
_00760_,188.26µm
net777,188.26µm
net1155,188.26µm
net2069,188.21µm
net1998,187.75µm
net2044,187.6µm
_04250_,187.24µm
_00831_,187.19µm
net1974,187.15µm
net2540,187.14µm
_04407_,186.63µm
net553,186.58µm
net1570,186.53µm
_01359_,186.07µm
net1324,186.07µm
net1049,186.02µm
net531,185.51µm
net1032,185.51µm
net1614,185.51µm
net1927,185.46µm
_05819_,185.41µm
net1335,185.41µm
net1411,185.41µm
net194,185.36µm
digital_domain_inst.cfg_phase270_offset_y\[7\],185µm
net723,184.95µm
net2191,184.95µm
net608,184.85µm
net2008,184.85µm
net1737,184.8µm
digital_domain_inst.phase_offset_imported,184.44µm
_03477_,184.34µm
net2542,184.34µm
_00560_,184.24µm
net1606,183.73µm
net2239,183.68µm
net1698,183.42µm
_01181_,183.32µm
net1491,183.27µm
_05901_,183.17µm
net933,183.17µm
net2173,182.84µm
digital_domain_inst.cfg_phase0_offset_y\[17\],182.71µm
_05370_,182.61µm
net847,182.56µm
digital_domain_inst.raw_edge1_x\[14\],182.3µm
net550,182.2µm
net2288,182.15µm
net2132,182.1µm
net2175,182.1µm
clknet_leaf_9_clk,182.01µm
_00764_,181.74µm
_00766_,181.64µm
net929,181.54µm
digital_domain_inst.raw_edge3_x\[13\],181.49µm
clknet_leaf_43_clk,181.49µm
net2296,181.45µm
digital_domain_inst.cal_phase0_offset_y\[1\],181.44µm
digital_domain_inst.wave_controller_y_inst.phase_acc\[13\],181.44µm
net1033,181.44µm
net2212,181.44µm
net2302,181.44µm
net2110,181.03µm
_03569_,180.93µm
net524,180.67µm
net2113,180.57µm
digital_domain_inst.cfg_phase270_offset_y\[14\],180.42µm
net2387,180.42µm
_03553_,180.37µm
net1543,179.81µm
net1601,179.81µm
net2363,179.76µm
_03170_,179.4µm
net1724,179.3µm
net2026,179.25µm
net2266,179.2µm
_00773_,178.79µm
net1717,178.79µm
net1758,178.74µm
net2293,178.74µm
clknet_leaf_13_clk,178.33µm
net1993,178.28µm
net363,178.23µm
net1416,178.23µm
_00670_,178.18µm
net2056,178.18µm
net1885,177.77µm
digital_domain_inst.cfg_phase270_offset_y\[16\],177.72µm
digital_domain_inst.cfg_phase90_offset_y\[0\],177.72µm
net405,177.62µm
net2174,177.62µm
net2123,177.6µm
net589,177.57µm
net2151,177.57µm
net503,177.52µm
net913,177.52µm
net1943,177.52µm
net2245,177.52µm
_00702_,177.11µm
_05824_,177.11µm
net2320,177.06µm
net2384,177.06µm
net2124,177.01µm
_05863_,176.96µm
net347,176.96µm
net488,176.96µm
clknet_leaf_25_clk,176.65µm
clknet_leaf_11_clk,176.6µm
_00762_,176.45µm
_04461_,176.4µm
clknet_leaf_17_clk,176.04µm
net2102,175.94µm
net1224,175.89µm
net1542,175.89µm
net2489,175.89µm
net61,175.84µm
net1747,175.84µm
net1481,175.28µm
net2202,175.28µm
_00690_,174.87µm
net1210,174.72µm
net2081,174.72µm
_01688_,174.46µm
clknet_leaf_19_clk,174.31µm
_00665_,174.26µm
net971,174.26µm
net1512,174.26µm
digital_domain_inst.spi_regs_inst.bit_cnt\[0\],174.21µm
net2507,174.21µm
clknet_leaf_4_clk,174.21µm
net184,174.16µm
net2274,174.16µm
net2141,173.85µm
net2144,173.8µm
_02520_,173.75µm
net424,173.65µm
_03999_,173.6µm
digital_domain_inst.raw_edge2_x\[11\],173.04µm
net430,173.04µm
net2154,173.04µm
net1475,172.73µm
net2177,172.68µm
digital_domain_inst.signal_processor_x_inst.votes_in_phase\[2\],172.58µm
net128,172.58µm
net1847,172.58µm
digital_domain_inst.cfg_f_MEMS_fcw_y\[9\],172.53µm
digital_domain_inst.wave_controller_x_inst.phase_acc\[19\],172.53µm
net471,172.53µm
net1213,172.53µm
net2137,172.53µm
net514,172.48µm
net911,172.48µm
_03559_,172.31µm
digital_domain_inst.signal_processor_y_inst.votes_out_phase\[2\],172.07µm
net431,172.07µm
net1535,172.07µm
net2373,172.07µm
_00804_,172.02µm
digital_domain_inst.cfg_phase0_offset_x\[17\],172.02µm
clknet_leaf_15_clk,172.02µm
net511,171.97µm
net2108,171.97µm
net1829,171.92µm
clknet_leaf_21_clk,171.66µm
_03598_,171.56µm
net2162,171.51µm
clknet_leaf_29_clk,171.51µm
_05870_,171.46µm
net133,171.46µm
net1116,171.46µm
net2240,171.46µm
digital_domain_inst.delay_wave_cycle_x\[5\],171.41µm
net406,171.41µm
_03580_,170.95µm
net1290,170.95µm
net689,170.9µm
net983,170.9µm
net1997,170.85µm
_05354_,170.8µm
_05737_,170.8µm
net2205,170.8µm
clknet_leaf_49_clk,170.59µm
_00607_,170.57µm
net583,170.44µm
net1581,170.34µm
net2111,170.34µm
_03442_,170.29µm
net41,170.24µm
net1647,170.24µm
net2342,170.24µm
clknet_leaf_50_clk,169.98µm
net638,169.88µm
clknet_leaf_5_clk,169.88µm
net681,169.83µm
_00583_,169.78µm
digital_domain_inst.cfg_phase0_offset_y\[0\],169.78µm
net457,169.78µm
net708,169.73µm
net1346,169.73µm
net1281,169.57µm
clknet_leaf_56_clk,169.37µm
net623,169.27µm
net805,169.27µm
net932,169.17µm
clknet_leaf_55_clk,168.81µm
net2117,168.66µm
_04649_,168.61µm
clknet_leaf_18_clk,168.25µm
clknet_leaf_20_clk,168.25µm
net750,168.2µm
net1298,168.1µm
digital_domain_inst.cfg_phase0_offset_x\[19\],168.05µm
net912,168.05µm
net924,168.05µm
net985,168.05µm
net42,168µm
net1117,168µm
clknet_leaf_40_clk,167.72µm
_01947_,167.69µm
digital_domain_inst.cfg_phase90_offset_y\[8\],167.54µm
net2200,167.54µm
_03537_,167.49µm
net2082,167.49µm
net2606,167.49µm
digital_domain_inst.cfg_phase90_offset_x\[10\],167.44µm
net646,167.44µm
net2393,167.44µm
net626,167.03µm
net2009,167.03µm
net1583,166.98µm
_05463_,166.93µm
net889,166.93µm
_00688_,166.52µm
_03558_,166.49µm
digital_domain_inst.wave_controller_x_inst.phase_acc\[6\],166.47µm
net158,166.47µm
digital_domain_inst.cfg_phase270_offset_y\[12\],166.42µm
net1597,166.42µm
net2244,166.42µm
_03564_,166.37µm
net92,166.37µm
net422,166.37µm
net1605,166.37µm
_03554_,166.32µm
_05834_,166.32µm
net570,166.32µm
net921,166.32µm
clknet_4_12_0_clk,166.01µm
net2160,165.91µm
net94,165.9µm
net1034,165.86µm
digital_domain_inst.cfg_phase270_offset_y\[17\],165.81µm
digital_domain_inst.raw_edge2_y\[13\],165.81µm
net1140,165.81µm
net2353,165.81µm
_01838_,165.35µm
net1321,165.35µm
net1073,165.3µm
_04473_,165.25µm
net1089,165.25µm
net2675,165.25µm
clknet_leaf_42_clk,164.79µm
_00680_,164.74µm
net2505,164.74µm
net846,164.69µm
net2000,164.69µm
digital_domain_inst.raw_edge3_y\[3\],164.64µm
net845,164.64µm
net1357,164.64µm
net1158,164.23µm
_01982_,164.13µm
net37,164.13µm
net1280,164.13µm
net64,164.08µm
net433,164.08µm
net491,163.9µm
digital_domain_inst.cfg_phase90_offset_y\[17\],163.67µm
net2043,163.67µm
net2178,163.67µm
net787,163.62µm
net1327,163.62µm
net1510,163.62µm
net2061,163.52µm
clknet_leaf_8_clk,163.36µm
net497,163.11µm
net2118,163.11µm
_01979_,163.01µm
_05853_,163.01µm
net2608,163.01µm
net2042,162.96µm
net2251,162.96µm
_02514_,162.65µm
clknet_leaf_3_clk,162.65µm
digital_domain_inst.raw_edge2_x\[18\],162.55µm
net512,162.5µm
net986,162.5µm
net1399,162.5µm
_05941_,162.45µm
clknet_leaf_38_clk,162.45µm
_01372_,162.04µm
_03539_,162.04µm
_00728_,161.94µm
_01150_,161.94µm
net20,161.94µm
net2019,161.84µm
clknet_leaf_60_clk,161.48µm
net1942,161.38µm
digital_domain_inst.cfg_f_MEMS_fcw_x\[10\],161.33µm
net254,161.33µm
net518,161.33µm
net903,161.33µm
digital_domain_inst.cfg_f_MEMS_fcw_x\[3\],161.28µm
digital_domain_inst.cfg_phase90_offset_x\[19\],161.28µm
net1223,160.92µm
digital_domain_inst.spi_regs_inst.bit_cnt\[2\],160.87µm
net1391,160.87µm
net1137,160.82µm
net2077,160.77µm
_05538_,160.72µm
net496,160.72µm
net500,160.72µm
net1624,160.72µm
net436,160.26µm
net476,160.26µm
net1331,160.26µm
net399,160.21µm
net1621,160.21µm
_05857_,160.16µm
net1981,160.16µm
digital_domain_inst.raw_edge2_y\[3\],159.82µm
_00672_,159.75µm
_00770_,159.75µm
net2207,159.7µm
_00684_,159.65µm
net1400,159.14µm
digital_domain_inst.raw_edge2_x\[0\],159.09µm
net633,159.09µm
net1222,159.09µm
net1313,159.09µm
net2121,159.04µm
net2488,159.04µm
net1282,158.73µm
net369,158.63µm
net1964,158.63µm
digital_domain_inst.cfg_phase270_offset_x\[11\],158.58µm
net2367,158.58µm
net451,158.53µm
net1083,158.48µm
net1779,158.48µm
_05136_,158.17µm
net1317,158.07µm
digital_domain_inst.wave_controller_x_inst.phase_acc\[11\],158.02µm
net1619,158.02µm
net2229,158.02µm
net2355,158.02µm
digital_domain_inst.cal_timeout_y,157.97µm
net180,157.97µm
net1069,157.97µm
net137,157.92µm
net1242,157.92µm
net1838,157.92µm
net753,157.56µm
digital_domain_inst.cfg_phase270_offset_y\[11\],157.46µm
clknet_leaf_12_clk,157.1µm
net919,156.9µm
net1880,156.9µm
net2164,156.9µm
_03534_,156.85µm
clknet_leaf_33_clk,156.69µm
_00639_,156.59µm
net1366,156.34µm
_05314_,156.24µm
net63,156.24µm
net377,156.24µm
digital_domain_inst.raw_edge3_y\[13\],155.83µm
net1482,155.83µm
clknet_leaf_37_clk,155.83µm
_04438_,155.78µm
_03541_,155.73µm
_05347_,155.73µm
net2058,155.73µm
net546,155.68µm
net1921,155.42µm
_03383_,155.32µm
net159,155.27µm
net561,155.22µm
net1163,155.22µm
net1310,155.17µm
net1598,155.17µm
_00686_,155.12µm
net2313,155.12µm
digital_domain_inst.cfg_phase0_offset_x\[1\],154.76µm
digital_domain_inst.raw_edge1_y\[2\],154.76µm
_01182_,154.71µm
net1322,154.66µm
net1951,154.66µm
_00798_,154.61µm
net910,154.56µm
net2140,154.56µm
digital_domain_inst.spi_regs_inst.reg_wr_data\[4\],154.2µm
net581,154.15µm
_02668_,154.1µm
net2362,154.1µm
net1309,154.05µm
net1503,154.05µm
net724,154µm
net1351,154µm
clknet_leaf_59_clk,153.74µm
net2135,153.54µm
net43,153.49µm
net484,153.49µm
net766,153.44µm
net1126,153.44µm
net395,153.08µm
clknet_leaf_26_clk,153.03µm
digital_domain_inst.raw_edge3_y\[20\],152.98µm
net1365,152.98µm
net1550,152.98µm
net420,152.93µm
net1077,152.93µm
net1147,152.93µm
_05477_,152.88µm
net1715,152.88µm
clknet_leaf_34_clk,152.52µm
net630,152.47µm
clknet_leaf_61_clk,152.42µm
digital_domain_inst.cal_phase0_offset_y\[0\],152.37µm
digital_domain_inst.cfg_phase90_offset_x\[17\],152.37µm
net657,152.37µm
net1654,152.37µm
net793,152.32µm
net1152,152.32µm
_03446_,151.91µm
net2228,151.91µm
_05343_,151.86µm
net763,151.86µm
net2377,151.86µm
_04452_,151.81µm
net2038,151.81µm
net1470,151.76µm
net2391,151.76µm
net1372,151.35µm
_02264_,151.25µm
net807,151.25µm
net965,151.25µm
net1618,151.2µm
clknet_leaf_31_clk,150.89µm
_04478_,150.79µm
_05890_,150.79µm
net1307,150.79µm
_05805_,150.74µm
net429,150.73µm
_00559_,150.69µm
digital_domain_inst.cfg_phase270_offset_x\[13\],150.69µm
net1934,150.69µm
net2294,150.69µm
net396,150.64µm
net1626,150.64µm
net580,150.37µm
net1350,150.18µm
_03953_,149.62µm
digital_domain_inst.spi_regs_inst.spi_addr\[1\],149.62µm
net712,149.62µm
_00827_,149.57µm
net1000,149.57µm
net1417,149.57µm
digital_domain_inst.cfg_f_MEMS_fcw_y\[12\],149.52µm
net2004,149.34µm
net1404,149.23µm
net2350,149.21µm
_00679_,149.16µm
_00733_,149.16µm
_03532_,149.16µm
_00830_,149.11µm
net383,149.06µm
net1103,149.06µm
net1866,149.06µm
_01896_,149.01µm
_03168_,149.01µm
digital_domain_inst.cfg_phase0_offset_x\[20\],149.01µm
net1333,149.01µm
net2020,149.01µm
net2541,149.01µm
net586,148.96µm
net778,148.96µm
net1936,148.55µm
digital_domain_inst.spi_regs_inst.reg_wr_data\[7\],148.5µm
net2161,148.5µm
net60,148.45µm
net726,148.45µm
net1027,148.45µm
net2157,148.45µm
_00873_,148.19µm
net2503,147.99µm
clknet_leaf_32_clk,147.99µm
net1608,147.94µm
_04311_,147.84µm
net1854,147.84µm
digital_domain_inst.cfg_phase270_offset_x\[2\],147.38µm
net1099,147.38µm
net2539,147.38µm
net2257,147.33µm
net157,147.28µm
net1949,147.28µm
_00808_,146.92µm
net725,146.82µm
_05918_,146.77µm
digital_domain_inst.cfg_phase90_offset_y\[7\],146.77µm
net1953,146.77µm
net2165,146.77µm
net2385,146.77µm
net529,146.72µm
net690,146.72µm
net2261,146.72µm
clknet_leaf_23_clk,146.61µm
_00569_,146.36µm
digital_domain_inst.spi_regs_inst.reg_wr_data\[2\],146.31µm
net348,146.21µm
net1867,146.21µm
net2378,146.21µm
net370,146.16µm
net905,146.16µm
net2093,146.16µm
net603,145.75µm
_00693_,145.65µm
_04013_,145.65µm
net2145,145.6µm
digital_domain_inst.cfg_phase90_offset_y\[2\],145.31µm
_03179_,145.19µm
_05922_,145.14µm
net700,145.14µm
net1108,145.14µm
net2265,145.14µm
_00669_,145.09µm
net751,145.09µm
net2107,145.09µm
_00918_,145.04µm
_05675_,145.04µm
net2206,145.04µm
digital_domain_inst.cfg_phase90_offset_x\[7\],144.68µm
digital_domain_inst.phase_state_y\[1\],144.58µm
net2332,144.58µm
net2565,144.58µm
net2065,144.48µm
net1977,144.12µm
_00557_,144.02µm
net1256,144.02µm
digital_domain_inst.cfg_phase270_offset_x\[16\],143.97µm
net154,143.97µm
net47,143.92µm
net576,143.92µm
net1323,143.92µm
net1725,143.92µm
net145,143.61µm
_00797_,143.51µm
net1208,143.51µm
digital_domain_inst.cfg_phase0_offset_y\[6\],143.46µm
net8,143.46µm
net1293,143.36µm
net1311,143.36µm
digital_domain_inst.raw_edge1_y\[16\],143.18µm
net453,142.95µm
digital_domain_inst.cfg_phase0_offset_x\[5\],142.9µm
net2556,142.9µm
_04127_,142.85µm
net506,142.85µm
net1336,142.85µm
net2285,142.85µm
net1616,142.8µm
clknet_leaf_39_clk,142.34µm
digital_domain_inst.raw_edge1_y\[12\],142.29µm
digital_domain_inst.raw_edge2_x\[20\],142.29µm
net1243,142.29µm
net2467,142.29µm
digital_domain_inst.raw_edge2_x\[16\],142.24µm
net537,142.24µm
net843,142.24µm
_02089_,142.06µm
clknet_leaf_14_clk,141.93µm
net2250,141.9µm
net2131,141.88µm
net1874,141.83µm
digital_domain_inst.cfg_phase0_offset_x\[11\],141.78µm
net995,141.78µm
net2276,141.78µm
_05315_,141.73µm
net674,141.73µm
net1420,141.73µm
net1908,141.73µm
net2278,141.73µm
net48,141.68µm
net964,141.68µm
net556,141.48µm
_01651_,141.32µm
net1199,141.27µm
net764,141.22µm
net2153,141.22µm
digital_domain_inst.cfg_phase270_offset_x\[9\],141.18µm
net439,141.17µm
net607,141.17µm
net1884,141.17µm
net2225,141.17µm
_05471_,141.12µm
digital_domain_inst.raw_edge2_y\[7\],141.12µm
net1463,141.12µm
net1691,141.12µm
_00872_,140.76µm
_01363_,140.76µm
digital_domain_inst.wave_controller_y_inst.phase_acc\[8\],140.76µm
_01151_,140.71µm
digital_domain_inst.cfg_phase0_offset_y\[19\],140.71µm
net119,140.71µm
net2311,140.66µm
digital_domain_inst.cfg_phase270_offset_x\[10\],140.61µm
digital_domain_inst.raw_edge3_y\[5\],140.61µm
net112,140.56µm
net450,140.56µm
net1072,140.56µm
net2223,140.56µm
clknet_leaf_24_clk,140.45µm
net1139,140.2µm
_03568_,140.15µm
net1931,140.15µm
net547,140.1µm
net2390,140.05µm
net2604,140.05µm
_02408_,140µm
_05935_,140µm
net167,140µm
net1015,140µm
net1842,140µm
_01217_,139.59µm
net1200,139.59µm
net1264,139.59µm
_05259_,139.54µm
net685,139.54µm
net89,139.49µm
net834,139.49µm
_01715_,139.44µm
net1602,139.44µm
net1641,139.44µm
net2327,139.44µm
net2352,139.26µm
net670,139.08µm
net978,138.98µm
net1354,138.98µm
_00682_,138.93µm
_01365_,138.93µm
_01984_,138.93µm
net741,138.93µm
net1134,138.93µm
net528,138.88µm
net372,138.47µm
net1133,138.47µm
net2232,138.47µm
net795,138.42µm
net2149,138.37µm
_01897_,138.32µm
_03443_,138.32µm
_05419_,138.32µm
net804,138.32µm
digital_domain_inst.raw_edge3_x\[20\],137.86µm
net598,137.86µm
net927,137.81µm
digital_domain_inst.wave_controller_y_inst.phase_acc\[20\],137.76µm
net1035,137.76µm
net2560,137.76µm
_00677_,137.4µm
digital_domain_inst.cfg_phase90_offset_x\[11\],137.35µm
net597,137.35µm
net1632,137.35µm
net1517,137.3µm
net386,137.25µm
net1352,137.25µm
net2166,137.25µm
digital_domain_inst.cfg_phase270_offset_y\[19\],136.89µm
net1150,136.79µm
net1328,136.74µm
net1385,136.74µm
net1596,136.74µm
net1913,136.74µm
net1320,136.69µm
net2027,136.69µm
net467,136.68µm
net688,136.64µm
net2057,136.64µm
net478,136.28µm
_01684_,136.23µm
net660,136.23µm
net2071,136.23µm
_05812_,136.18µm
net1348,136.18µm
net2277,136.18µm
net2336,136.18µm
net2414,136.18µm
net83,136.13µm
net1297,136.13µm
net407,136.08µm
_00817_,135.67µm
_01148_,135.67µm
net1573,135.67µm
net2194,135.67µm
net97,135.62µm
net622,135.62µm
net1166,135.62µm
net2030,135.62µm
net2176,135.62µm
net609,135.57µm
net1402,135.57µm
net1988,135.21µm
_01121_,135.06µm
_03494_,135.06µm
net444,135.06µm
net490,135.06µm
net1168,135.06µm
_00691_,135.01µm
net1191,135.01µm
_00723_,134.55µm
net151,134.55µm
net1176,134.5µm
net1215,134.5µm
net1986,134.5µm
net2136,134.45µm
net1075,134.4µm
digital_domain_inst.wave_controller_y_inst.wave_cycle_cnt\[7\],134.24µm
_00674_,134.04µm
net736,134.04µm
net991,133.99µm
digital_domain_inst.cfg_phase270_offset_x\[5\],133.94µm
net560,133.94µm
net55,133.84µm
net666,133.48µm
net1650,133.33µm
net2328,133.33µm
net2395,133.33µm
net1253,133.28µm
digital_domain_inst.wave_controller_x_inst.phase_acc\[17\],132.87µm
net183,132.82µm
net855,132.82µm
net1830,132.82µm
_00734_,132.31µm
digital_domain_inst.cfg_phase90_offset_x\[13\],132.31µm
_03438_,132.21µm
net155,132.21µm
net697,132.21µm
net1258,132.21µm
net1607,132.21µm
net2210,132.21µm
_02504_,132.16µm
net755,132.16µm
net1930,132.16µm
net58,131.88µm
clknet_leaf_27_clk,131.85µm
_00663_,131.8µm
net1219,131.7µm
net1577,131.7µm
net1593,131.7µm
net2326,131.7µm
digital_domain_inst.spi_regs_inst.reg_wr_addr\[5\],131.65µm
net2307,131.65µm
_03546_,131.6µm
net686,131.16µm
_03545_,131.14µm
net1061,131.14µm
net1145,131.14µm
net1115,131.09µm
_04214_,131.04µm
net1047,131.04µm
net1278,131.04µm
clknet_leaf_7_clk,130.78µm
net1259,130.68µm
net1304,130.58µm
_01898_,130.53µm
net1439,130.53µm
net1657,130.53µm
net2125,130.53µm
net2227,130.53µm
net562,130.48µm
net1076,130.48µm
_05709_,130.07µm
net1359,130.07µm
net2537,130.07µm
_03455_,130.02µm
net1631,130.02µm
net2290,130.02µm
_01738_,129.97µm
net52,129.97µm
net91,129.97µm
net693,129.97µm
net976,129.97µm
net1228,129.97µm
net2525,129.92µm
clknet_leaf_62_clk,129.76µm
_00566_,129.51µm
_01168_,129.51µm
digital_domain_inst.raw_edge1_y\[11\],129.51µm
digital_domain_inst.raw_edge2_x\[19\],129.51µm
_01667_,129.46µm
net73,129.46µm
net916,129.46µm
net770,129.41µm
net694,129.36µm
net1353,129.36µm
net2392,129.36µm
_03452_,129µm
net114,128.95µm
net1947,128.95µm
_00805_,128.9µm
net358,128.9µm
net907,128.9µm
net2066,128.85µm
net2480,128.85µm
_05701_,128.8µm
net658,128.8µm
net785,128.8µm
net2005,128.39µm
net2224,128.39µm
net2651,128.39µm
net538,128.34µm
net596,128.34µm
net922,128.34µm
net2338,128.34µm
net2650,128.34µm
net1645,128.29µm
net1976,128.29µm
net535,128.24µm
net1154,128.24µm
digital_domain_inst.cfg_phase270_offset_y\[5\],127.88µm
net1272,127.83µm
net469,127.78µm
_03565_,127.73µm
net86,127.73µm
net201,127.73µm
net1476,127.73µm
digital_domain_inst.raw_edge1_x\[12\],127.68µm
net455,127.68µm
net1610,127.68µm
net1622,127.68µm
net1994,127.37µm
net1382,127.27µm
net273,127.22µm
net1100,127.22µm
net1255,127.22µm
net2622,127.22µm
net49,127.17µm
net1827,127.17µm
_05260_,127.12µm
net211,127.12µm
net1835,127.12µm
_00840_,126.71µm
net1252,126.71µm
_00868_,126.66µm
_01111_,126.66µm
_04481_,126.66µm
net2127,126.66µm
_05322_,126.61µm
net541,126.61µm
net2383,126.61µm
digital_domain_inst.spi_regs_inst.cs_n_sync,126.56µm
digital_domain_inst.cfg_phase270_offset_x\[8\],126.3µm
_01718_,126.15µm
_03495_,126.1µm
net1093,126.1µm
net1315,126.1µm
digital_domain_inst.cfg_phase0_offset_x\[0\],126.05µm
net82,126.05µm
net228,126.05µm
net1910,126.05µm
net2524,126.05µm
_00699_,125.64µm
_04462_,125.59µm
net742,125.59µm
_00703_,125.54µm
net501,125.49µm
net1130,125.49µm
net2007,125.49µm
net877,125.44µm
net960,125.44µm
_00668_,125.08µm
net400,125.08µm
_00839_,125.03µm
_03952_,125.03µm
net1161,125.03µm
net2103,125.03µm
_00593_,124.98µm
net1286,124.98µm
net2055,124.98µm
_03594_,124.93µm
net2286,124.93µm
net2612,124.93µm
_03574_,124.88µm
digital_domain_inst.wave_controller_x_inst.wave_cycle_cnt\[0\],124.88µm
net101,124.88µm
net938,124.88µm
net2189,124.78µm
digital_domain_inst.raw_edge2_y\[0\],124.62µm
net1023,124.62µm
_01149_,124.57µm
net676,124.52µm
net539,124.42µm
digital_domain_inst.cal_phase0_offset_x\[1\],124.37µm
net2101,124.32µm
net1991,123.96µm
_03480_,123.91µm
net1534,123.91µm
_05332_,123.86µm
net2319,123.86µm
net2368,123.86µm
_00919_,123.81µm
net463,123.81µm
net569,123.81µm
net1532,123.81µm
_03547_,123.76µm
_03584_,123.76µm
digital_domain_inst.raw_edge3_x\[9\],123.76µm
net198,123.76µm
net574,123.76µm
net937,123.76µm
net1540,123.76µm
net1860,123.3µm
_01588_,123.25µm
_02008_,123.25µm
net631,123.2µm
net361,122.89µm
net602,122.89µm
_04454_,122.79µm
_05447_,122.79µm
net475,122.79µm
net1840,122.74µm
net2544,122.74µm
net371,122.69µm
net381,122.69µm
net410,122.69µm
net1344,122.69µm
net1928,122.69µm
net710,122.64µm
net380,122.23µm
net579,122.13µm
net1098,122.13µm
net2002,122.13µm
net1429,122.08µm
_04877_,121.82µm
_00730_,121.72µm
_01153_,121.72µm
net207,121.67µm
net743,121.67µm
net143,121.62µm
net392,121.62µm
net1389,121.62µm
_04476_,121.57µm
net1376,121.57µm
net2357,121.57µm
net2538,121.57µm
net122,121.52µm
net389,121.26µm
net257,121.21µm
net204,121.16µm
_03679_,121.11µm
net1247,121.11µm
net2310,121.11µm
digital_domain_inst.cfg_phase270_offset_x\[1\],121.06µm
net1132,121.06µm
_04427_,121.01µm
net365,121.01µm
net1580,121.01µm
net1634,121.01µm
net2365,121.01µm
_03544_,120.96µm
net692,120.96µm
net1701,120.75µm
_00736_,120.7µm
net635,120.55µm
net1274,120.55µm
net1087,120.52µm
digital_domain_inst.delay_wave_cycle_x\[7\],120.5µm
digital_domain_inst.raw_edge3_x\[2\],120.5µm
net459,120.5µm
_06015_,120.45µm
net192,120.45µm
net1459,120.45µm
net1825,120.45µm
net1844,120.45µm
_05831_,120.4µm
_06028_,120.4µm
_03898_,120.09µm
net572,120.04µm
_05135_,119.99µm
net468,119.99µm
net1377,119.99µm
net1679,119.99µm
_01052_,119.94µm
net1079,119.94µm
clknet_leaf_36_clk,119.94µm
net534,119.89µm
net1174,119.89µm
net1824,119.89µm
_04468_,119.84µm
net1546,119.84µm
digital_domain_inst.spi_regs_inst.bit_cnt\[1\],119.48µm
_05975_,119.38µm
net34,119.38µm
net77,119.38µm
net255,119.38µm
digital_domain_inst.spi_regs_inst.reg_wr_data\[6\],119.33µm
net1239,118.92µm
net1681,118.92µm
_00696_,118.87µm
net434,118.87µm
_04036_,118.82µm
_01986_,118.77µm
net1760,118.77µm
net2681,118.77µm
_01414_,118.72µm
_03454_,118.72µm
_05450_,118.72µm
net722,118.72µm
net1958,118.31µm
_05104_,118.26µm
net79,118.21µm
net1085,118.21µm
net6,118.16µm
net1660,117.8µm
digital_domain_inst.raw_edge3_x\[18\],117.75µm
net729,117.75µm
digital_domain_inst.wave_controller_x_inst.wave_cycle_cnt\[7\],117.7µm
net1347,117.7µm
net1858,117.7µm
net2533,117.7µm
_03550_,117.65µm
net3,117.65µm
net2359,117.65µm
net1183,117.6µm
_01628_,117.39µm
net2078,117.37µm
_03623_,117.29µm
digital_domain_inst.wave_controller_y_inst.wave_cycle_cnt\[4\],117.14µm
net1970,117.14µm
_04483_,117.09µm
net2322,117.09µm
_00563_,117.04µm
_00803_,117.04µm
_03561_,117.04µm
net504,117.04µm
net667,117.04µm
net230,116.63µm
net837,116.63µm
net762,116.58µm
net1821,116.58µm
_05800_,116.53µm
net1813,116.53µm
_02269_,116.48µm
_05989_,116.48µm
net936,116.48µm
net2279,116.48µm
net1179,116.12µm
_00807_,116.07µm
net552,116.07µm
digital_domain_inst.cfg_phase0_offset_y\[9\],116.02µm
net186,116.02µm
net813,116.02µm
net2221,116.02µm
_03202_,115.97µm
net838,115.97µm
net1620,115.97µm
net2309,115.97µm
_03233_,115.92µm
net595,115.92µm
net980,115.92µm
net1227,115.92µm
digital_domain_inst.wave_controller_y_inst.wave_cycle_cnt\[5\],115.66µm
net1238,115.61µm
net2615,115.61µm
net378,115.56µm
net454,115.51µm
net661,115.51µm
net548,115.46µm
_03895_,115.41µm
net810,115.41µm
net2032,115.41µm
net2324,115.41µm
_05348_,115.36µm
digital_domain_inst.raw_edge1_y\[9\],114.95µm
_02006_,114.9µm
net446,114.9µm
net650,114.9µm
net1388,114.9µm
_03570_,114.85µm
net393,114.85µm
net939,114.85µm
net1160,114.85µm
net2080,114.85µm
net2254,114.85µm
net2455,114.85µm
net2572,114.85µm
net578,114.8µm
_00675_,114.39µm
net769,114.39µm
net878,114.39µm
_04414_,114.34µm
net51,114.34µm
net2109,114.34µm
net2594,114.34µm
_01139_,114.29µm
_01573_,114.29µm
_03459_,114.29µm
_03536_,114.29µm
_04440_,114.29µm
net141,114.29µm
net1483,114.29µm
net2028,114.24µm
net1721,113.88µm
_01220_,113.83µm
digital_domain_inst.raw_edge2_x\[7\],113.83µm
net640,113.83µm
net814,113.78µm
net1392,113.78µm
net1811,113.78µm
net1971,113.78µm
net2351,113.73µm
_01165_,113.68µm
_05983_,113.68µm
net2574,113.68µm
_00678_,113.27µm
net591,113.27µm
net2340,113.27µm
_00608_,113.22µm
net387,113.22µm
net2446,113.22µm
_01362_,113.17µm
net39,113.17µm
net2146,113.17µm
_05316_,113.12µm
net1031,113.12µm
net1818,113.12µm
net2273,113.12µm
_04463_,112.71µm
net1692,112.71µm
_00740_,112.66µm
net69,112.66µm
net530,112.66µm
net1303,112.66µm
net1447,112.66µm
net2584,112.66µm
_02684_,112.61µm
net2054,112.56µm
net1474,112.38µm
net263,112.25µm
_00697_,112.2µm
net1944,112.2µm
net109,112.15µm
net840,112.15µm
net1649,112.15µm
net1656,112.15µm
net2281,112.15µm
_01665_,112.1µm
_03621_,112.1µm
_05469_,112.1µm
net508,112.05µm
net1484,112µm
net2203,112µm
_00748_,111.69µm
digital_domain_inst.delay_wave_cycle_y\[3\],111.64µm
net641,111.59µm
net1308,111.59µm
net1658,111.59µm
net355,111.54µm
net1516,111.54µm
net1637,111.54µm
net2098,111.54µm
net2334,111.54µm
_04477_,111.49µm
_05948_,111.49µm
digital_domain_inst.spi_regs_inst.reg_wr_addr\[6\],111.49µm
digital_domain_inst.wave_controller_x_inst.phase_acc\[16\],111.49µm
net876,111.49µm
_03566_,111.44µm
_01639_,111.13µm
digital_domain_inst.cfg_phase90_offset_x\[2\],111.08µm
_03467_,111.03µm
net728,111.03µm
net1094,111.03µm
_00880_,110.98µm
_01625_,110.98µm
digital_domain_inst.raw_edge2_x\[8\],110.98µm
net2116,110.98µm
_00585_,110.93µm
_05976_,110.93µm
net2112,110.93µm
net2562,110.93µm
net2530,110.63µm
_05331_,110.58µm
_00719_,110.52µm
digital_domain_inst.delay_wave_cycle_y\[5\],110.52µm
net1625,110.47µm
net360,110.42µm
net973,110.42µm
net517,110.37µm
net1635,110.37µm
net784,110.32µm
net2217,110.32µm
digital_domain_inst.wave_controller_x_inst.phase_acc\[2\],109.91µm
net2024,109.89µm
_01640_,109.86µm
net1276,109.86µm
_04422_,109.81µm
net1538,109.81µm
net2211,109.81µm
net2231,109.81µm
net2272,109.81µm
net853,109.76µm
net1734,109.76µm
net2087,109.76µm
net2463,109.76µm
_04710_,109.4µm
net1437,109.4µm
net1193,109.35µm
net2096,109.35µm
net87,109.3µm
net1959,109.3µm
net2242,109.3µm
_00633_,109.25µm
_05500_,109.25µm
digital_domain_inst.spi_regs_inst.reg_wr_addr\[3\],109.25µm
net449,109.25µm
net505,109.25µm
net669,109.25µm
net2128,109.25µm
_01583_,109.2µm
net1661,109.2µm
net1826,109.2µm
net2184,108.89µm
_03491_,108.79µm
_04860_,108.74µm
net262,108.74µm
net698,108.74µm
net1730,108.74µm
net2420,108.74µm
net1005,108.69µm
net1990,108.64µm
_04689_,108.23µm
net36,108.23µm
net90,108.23µm
_01289_,108.18µm
net842,108.18µm
net1030,108.18µm
net1356,108.13µm
net2262,108.08µm
digital_domain_inst.cfg_phase0_offset_x\[4\],107.92µm
net339,107.9µm
net618,107.77µm
net205,107.72µm
net443,107.72µm
_01183_,107.67µm
net827,107.67µm
net1319,107.62µm
net1529,107.62µm
_03548_,107.57µm
_05462_,107.57µm
_05758_,107.57µm
_05791_,107.57µm
_06001_,107.57µm
net461,107.57µm
net1682,107.57µm
_03655_,107.52µm
net789,107.16µm
digital_domain_inst.cal_done_y,107.11µm
net213,107.06µm
_01529_,107.01µm
_03493_,107.01µm
net428,107.01µm
net968,107.01µm
net1592,107.01µm
net1940,107.01µm
_00564_,106.96µm
_01053_,106.96µm
net1337,106.96µm
net2603,106.96µm
_00829_,106.91µm
_03652_,106.7µm
net391,106.55µm
net599,106.55µm
net1480,106.55µm
net2323,106.55µm
_01572_,106.5µm
digital_domain_inst.spi_regs_inst.state_o\[2\],106.5µm
net721,106.5µm
net1396,106.5µm
_00661_,106.45µm
net403,106.45µm
net868,106.45µm
net1170,106.45µm
net1266,106.45µm
net1639,106.45µm
net1745,106.45µm
net601,106.4µm
net1165,106.19µm
net1473,106.09µm
_02756_,105.94µm
digital_domain_inst.cfg_phase0_offset_y\[8\],105.94µm
_01587_,105.89µm
net2060,105.89µm
net2436,105.84µm
net532,105.71µm
clknet_leaf_63_clk,105.58µm
net2013,105.43µm
net998,105.38µm
net1246,105.38µm
net1859,105.38µm
_02079_,105.33µm
_05985_,105.33µm
net582,105.33µm
net791,105.33µm
net1207,105.33µm
net2344,105.33µm
net2481,105.33µm
_00759_,105.28µm
_02094_,105.28µm
net1316,105.28µm
net1128,104.92µm
_03668_,104.87µm
net427,104.87µm
_01669_,104.82µm
net1226,104.82µm
net1794,104.82µm
_03156_,104.77µm
net76,104.77µm
net780,104.77µm
net1398,104.77µm
net456,104.72µm
net1759,104.51µm
net1381,104.41µm
_01616_,104.31µm
net655,104.31µm
_00729_,104.26µm
_03524_,104.26µm
net16,104.26µm
net908,104.26µm
net2280,104.26µm
net2668,104.26µm
_03977_,104.21µm
net2333,104.21µm
clknet_leaf_0_clk,104.03µm
net1279,103.8µm
net1201,103.75µm
net2199,103.75µm
_04405_,103.7µm
digital_domain_inst.raw_edge1_y\[15\],103.7µm
net1912,103.7µm
net409,103.65µm
net1188,103.65µm
net2249,103.65µm
net1003,103.6µm
digital_domain_inst.delay_wave_cycle_x\[0\],103.24µm
digital_domain_inst.wave_controller_x_inst.phase_acc\[4\],103.24µm
net2317,103.24µm
net441,103.19µm
net2557,103.19µm
digital_domain_inst.raw_edge3_y\[15\],103.14µm
net835,103.14µm
net2222,103.14µm
net2543,103.14µm
_01666_,103.09µm
net955,103.09µm
net1184,103.09µm
net2458,103.09µm
net2568,103.09µm
net559,103.04µm
_00695_,102.63µm
digital_domain_inst.cfg_f_MEMS_fcw_y\[8\],102.58µm
_05678_,102.53µm
digital_domain_inst.boot_complete,102.53µm
net1014,102.53µm
_04425_,102.48µm
_05397_,102.48µm
digital_domain_inst.raw_edge3_y\[18\],102.48µm
net131,102.48µm
net507,102.48µm
net963,102.48µm
net1250,102.48µm
net2382,102.07µm
_00568_,102.02µm
_04961_,102.02µm
net474,102.02µm
net920,102.02µm
net1379,102.02µm
_00619_,101.97µm
net594,101.97µm
net1301,101.97µm
net2067,101.97µm
net2126,101.97µm
net2267,101.97µm
_06004_,101.92µm
net182,101.92µm
net1551,101.61µm
_05529_,101.51µm
_03440_,101.46µm
net590,101.46µm
net709,101.46µm
net2479,101.46µm
_03552_,101.41µm
_04451_,101.41µm
net703,101.41µm
_01742_,101.36µm
net2300,101µm
digital_domain_inst.cfg_f_MEMS_fcw_x\[0\],100.95µm
net2318,100.95µm
_03445_,100.9µm
net1370,100.9µm
_00652_,100.85µm
net2358,100.85µm
_04418_,100.8µm
_05898_,100.8µm
net761,100.8µm
net945,100.8µm
net1851,100.8µm
net2418,100.8µm
net1680,100.49µm
net1882,100.44µm
net53,100.39µm
net256,100.34µm
net515,100.34µm
net139,100.29µm
net696,100.29µm
_03496_,100.24µm
_05873_,100.24µm
net1269,100.24µm
_00731_,99.98µm
net152,99.88µm
_01361_,99.83µm
net1790,99.83µm
net1146,99.78µm
_03543_,99.73µm
_05369_,99.73µm
digital_domain_inst.wave_controller_x_inst.phase_acc\[13\],99.73µm
net1732,99.73µm
_01416_,99.68µm
_04698_,99.68µm
net1590,99.68µm
_03646_,99.37µm
digital_domain_inst.wave_controller_x_inst.wave_cycle_cnt\[6\],99.32µm
_01110_,99.27µm
net2341,99.27µm
_05351_,99.22µm
digital_domain_inst.wave_controller_y_inst.phase_acc\[6\],99.22µm
net1401,99.22µm
_00657_,99.17µm
_00725_,99.17µm
_01166_,99.17µm
_02183_,99.17µm
net653,99.17µm
net2275,99.17µm
net2345,99.17µm
_03456_,99.12µm
net333,99.09µm
_04228_,98.81µm
net645,98.81µm
net624,98.76µm
_02515_,98.71µm
digital_domain_inst.cfg_f_MEMS_fcw_x\[5\],98.66µm
net210,98.66µm
net1291,98.61µm
net1713,98.61µm
net2106,98.61µm
net1013,98.56µm
digital_domain_inst.spi_regs_inst.rx_shift\[3\],98.25µm
_01677_,98.2µm
_00635_,98.15µm
digital_domain_inst.cfg_phase270_offset_y\[3\],98.15µm
net1292,98.15µm
net107,98.1µm
net521,98.1µm
net925,98.1µm
net1024,98.1µm
_01988_,98.05µm
_03549_,98.05µm
_04435_,98.05µm
net632,98.05µm
net1848,98.05µm
net2456,98.05µm
net2460,98.05µm
_01956_,98µm
_05900_,98µm
net575,98µm
net809,98µm
net1221,97.69µm
net2337,97.59µm
net385,97.54µm
_01249_,97.49µm
net1511,97.49µm
net2526,97.49µm
net2062,97.44µm
_04460_,97.32µm
net896,97.18µm
digital_domain_inst.wave_controller_x_inst.wave_cycle_cnt\[5\],97.13µm
net2170,97.03µm
_00603_,96.98µm
digital_domain_inst.cfg_f_MEMS_fcw_x\[1\],96.98µm
net173,96.98µm
net477,96.98µm
_03453_,96.93µm
net2308,96.93µm
net2571,96.93µm
_05938_,96.88µm
net140,96.88µm
net2025,96.88µm
net1244,96.52µm
digital_domain_inst.raw_edge1_x\[15\],96.47µm
net1022,96.47µm
net2409,96.47µm
_05687_,96.42µm
net244,96.42µm
net848,96.42µm
net1894,96.42µm
net2346,96.42µm
_05342_,96.37µm
net334,96.37µm
net1644,96.37µm
_03146_,96.32µm
net116,96.32µm
net811,96.32µm
net1469,96.32µm
net1604,96.32µm
net1810,96.14µm
_03771_,95.91µm
net592,95.86µm
net1091,95.86µm
net1153,95.86µm
net2657,95.86µm
_05320_,95.81µm
net867,95.81µm
net2094,95.81µm
net470,95.76µm
net2536,95.35µm
net2564,95.35µm
net356,95.25µm
net1611,95.25µm
net1696,95.2µm
digital_domain_inst.cfg_phase0_offset_x\[7\],94.84µm
net174,94.84µm
net1870,94.84µm
_00876_,94.79µm
net402,94.79µm
net1056,94.79µm
net1578,94.74µm
net1879,94.74µm
_03490_,94.69µm
_04226_,94.69µm
_05323_,94.69µm
net364,94.69µm
net368,94.69µm
net752,94.69µm
net1646,94.69µm
net717,94.64µm
net969,94.64µm
net975,94.64µm
net2628,94.64µm
net2667,94.64µm
_05519_,94.38µm
net1984,94.23µm
digital_domain_inst.spi_regs_inst.rx_shift\[4\],94.18µm
net375,94.18µm
net2376,94.18µm
_03551_,94.13µm
_05991_,94.13µm
net702,94.13µm
net803,94.13µm
net1909,94.13µm
_03389_,94.08µm
net1186,93.67µm
_01874_,93.62µm
digital_domain_inst.delay_wave_cycle_y\[4\],93.62µm
_03529_,93.57µm
digital_domain_inst.cfg_phase270_offset_y\[1\],93.57µm
digital_domain_inst.raw_edge2_y\[14\],93.57µm
digital_domain_inst.wave_controller_y_inst.phase_acc\[7\],93.57µm
net1652,93.57µm
net2618,93.57µm
_03162_,93.52µm
_04859_,93.52µm
_05826_,93.52µm
net536,93.52µm
net1026,93.52µm
net1795,93.52µm
_04858_,93.16µm
_05073_,93.16µm
net1890,93.16µm
_00914_,93.11µm
_01624_,93.11µm
net1796,93.06µm
net2561,93.06µm
net2569,93.06µm
net188,93.01µm
net2197,93.01µm
_02065_,92.96µm
net414,92.96µm
net727,92.96µm
net1918,92.96µm
net771,92.71µm
net120,92.7µm
digital_domain_inst.raw_edge2_y\[8\],92.6µm
net2247,92.6µm
net2655,92.6µm
net237,92.55µm
net280,92.55µm
net404,92.55µm
_00530_,92.5µm
_00752_,92.5µm
_01366_,92.5µm
net2234,92.5µm
net2372,92.5µm
_00561_,92.45µm
_01538_,92.45µm
_02070_,92.45µm
_05882_,92.45µm
digital_domain_inst.delay_wave_cycle_x\[6\],92.45µm
net460,92.45µm
net880,92.45µm
_04684_,92.4µm
net169,92.4µm
net2609,92.4µm
net2441,92.17µm
net75,92.04µm
net1687,91.99µm
_01152_,91.94µm
_03586_,91.94µm
_04456_,91.94µm
net800,91.89µm
net2389,91.89µm
net2424,91.89µm
_05939_,91.84µm
_03945_,91.53µm
_03647_,91.48µm
net1883,91.48µm
_04469_,91.43µm
net1268,91.43µm
_00800_,91.38µm
net2258,91.38µm
_01836_,91.33µm
_04489_,91.33µm
net604,91.33µm
net996,91.33µm
net2413,91.33µm
net2457,91.33µm
_03528_,91.28µm
_04539_,91.28µm
_06019_,91.28µm
net2427,91.28µm
net2218,90.92µm
_00761_,90.87µm
digital_domain_inst.wave_controller_x_inst.phase_acc\[3\],90.87µm
net1750,90.87µm
net2528,90.87µm
_00781_,90.82µm
_03420_,90.82µm
_03481_,90.82µm
_05711_,90.82µm
net129,90.82µm
net1241,90.82µm
net1651,90.82µm
net2484,90.82µm
net2672,90.82µm
net190,90.77µm
net1190,90.77µm
net1557,90.77µm
net1985,90.77µm
net2425,90.77µm
_01569_,90.72µm
_02426_,90.72µm
_04211_,90.72µm
_05813_,90.72µm
net673,90.72µm
net105,90.36µm
net59,90.31µm
digital_domain_inst.delay_wave_cycle_x\[2\],90.26µm
net366,90.26µm
net1360,90.26µm
net1384,90.26µm
net2343,90.26µm
_04014_,90.21µm
_04441_,90.21µm
net1839,90.21µm
_05759_,90.16µm
net341,90.16µm
net1205,90.16µm
net1285,90.16µm
net1368,90.16µm
net1509,90.16µm
net1855,90.16µm
_00889_,89.85µm
_01360_,89.75µm
net1041,89.75µm
net1539,89.75µm
_02095_,89.7µm
_02768_,89.7µm
net270,89.7µm
net2662,89.7µm
_03540_,89.65µm
digital_domain_inst.wave_controller_y_inst.phase_acc\[0\],89.65µm
net118,89.65µm
net654,89.65µm
net2329,89.65µm
_03556_,89.6µm
net2361,89.6µm
net2430,89.42µm
_00689_,89.29µm
net1453,89.24µm
net1892,89.19µm
net2531,89.19µm
net350,89.14µm
net2072,89.14µm
net2155,89.14µm
_00738_,89.09µm
net2214,89.09µm
_03969_,89.04µm
net1349,89.04µm
net1312,88.63µm
net893,88.58µm
net2573,88.58µm
_04972_,88.53µm
_05821_,88.53µm
net126,88.53µm
net315,88.53µm
net808,88.53µm
net1265,88.53µm
net1600,88.53µm
_05363_,88.48µm
net336,88.48µm
net357,88.17µm
_01127_,88.02µm
_04970_,88.02µm
digital_domain_inst.delay_wave_cycle_x\[1\],88.02µm
net1162,88.02µm
net1612,88.02µm
net1843,88.02µm
net1960,88.02µm
_00694_,87.97µm
_02472_,87.97µm
_02926_,87.97µm
net67,87.97µm
net185,87.97µm
net1257,87.97µm
net1343,87.97µm
net2075,87.97µm
net195,87.92µm
net1740,87.92µm
net2627,87.92µm
_00637_,87.61µm
_00820_,87.51µm
digital_domain_inst.wave_controller_y_inst.phase_acc\[3\],87.51µm
net2348,87.51µm
net2638,87.51µm
_00572_,87.46µm
digital_domain_inst.raw_edge1_y\[17\],87.46µm
net1465,87.46µm
net2016,87.46µm
_01670_,87.41µm
_04688_,87.41µm
_05698_,87.41µm
digital_domain_inst.raw_edge1_x\[20\],87.41µm
net376,87.41µm
net1627,87.41µm
net2586,87.41µm
_04401_,87.36µm
net1397,87.36µm
net2664,87.36µm
_00721_,86.95µm
_05199_,86.95µm
digital_domain_inst.spi_regs_inst.reg_wr_addr\[0\],86.95µm
net817,86.95µm
_03483_,86.9µm
net882,86.9µm
net1364,86.9µm
net1963,86.9µm
digital_domain_inst.wave_controller_y_inst.cal_burst_active,86.85µm
net113,86.85µm
net917,86.85µm
net1159,86.85µm
net1284,86.85µm
net1565,86.85µm
net2435,86.85µm
_02766_,86.8µm
net447,86.8µm
net997,86.8µm
net1004,86.44µm
net1171,86.44µm
_03619_,86.39µm
digital_domain_inst.wave_controller_x_inst.wave_cycle_cnt\[1\],86.39µm
net31,86.39µm
_00879_,86.34µm
digital_domain_inst.wave_controller_x_inst.phase_acc\[7\],86.34µm
net2252,86.34µm
_05472_,86.29µm
net1504,86.29µm
net2051,86.29µm
_02100_,86.24µm
_05820_,86.24µm
net1968,86.24µm
net794,85.88µm
net68,85.83µm
net367,85.83µm
net2091,85.83µm
net648,85.78µm
net887,85.78µm
net1791,85.78µm
net2366,85.78µm
_04459_,85.73µm
_04666_,85.73µm
_05337_,85.73µm
net398,85.73µm
net2063,85.73µm
_02188_,85.68µm
net362,85.68µm
net573,85.68µm
net1248,85.68µm
net343,85.37µm
_04113_,85.27µm
net1500,85.27µm
net1878,85.27µm
_00727_,85.22µm
_05016_,85.22µm
net542,85.22µm
net2284,85.22µm
_01594_,85.17µm
_04538_,85.17µm
net233,85.17µm
net879,85.17µm
net1135,85.17µm
net1582,85.17µm
net1693,85.17µm
net2119,85.17µm
net2253,85.17µm
_01581_,85.12µm
_01928_,85.12µm
net2370,85.12µm
_04060_,84.81µm
net1363,84.76µm
net1638,84.76µm
net2185,84.76µm
net627,84.71µm
net1149,84.71µm
net1793,84.71µm
net1888,84.71µm
net32,84.61µm
net1684,84.61µm
net2616,84.56µm
net2423,84.28µm
net225,84.2µm
digital_domain_inst.delay_wave_cycle_x\[3\],84.15µm
net2635,84.15µm
_01952_,84.1µm
_03439_,84.1µm
_04276_,84.1µm
_04619_,84.05µm
_05466_,84.05µm
net875,84.05µm
net1046,84.05µm
net2243,84.05µm
net2263,84.05µm
_00855_,84µm
_05483_,84µm
_05497_,84µm
net84,84µm
net884,84µm
net1148,84µm
net1395,84µm
net1992,84µm
_03894_,83.64µm
net1916,83.64µm
net2623,83.64µm
_04403_,83.59µm
_04406_,83.59µm
digital_domain_inst.wave_controller_x_inst.capture_step\[2\],83.59µm
net862,83.59µm
net1340,83.54µm
_00624_,83.49µm
_01582_,83.49µm
net2220,83.49µm
net2354,83.49µm
net2375,83.49µm
net2379,83.49µm
digital_domain_inst.raw_edge2_y\[11\],83.44µm
net251,83.44µm
net1832,83.44µm
_02086_,83.31µm
net1263,83.13µm
net1742,83.13µm
net1446,83.08µm
net1454,83.08µm
_05061_,83.03µm
net142,83.03µm
_04773_,82.98µm
digital_domain_inst.wave_controller_x_inst.phase_acc\[10\],82.98µm
net1339,82.98µm
net1507,82.98µm
net1727,82.98µm
_04404_,82.93µm
_04675_,82.93µm
net768,82.93µm
net1074,82.93µm
net1809,82.93µm
net1871,82.93µm
net2015,82.93µm
net2516,82.93µm
net170,82.88µm
net888,82.88µm
net2469,82.88µm
_05215_,82.52µm
net302,82.47µm
net1919,82.47µm
net2033,82.42µm
net2459,82.42µm
net2466,82.42µm
net2617,82.37µm
_03526_,82.32µm
_03577_,82.32µm
_04520_,82.32µm
net483,82.32µm
net1595,82.32µm
net1999,82.32µm
digital_domain_inst.wave_controller_y_inst.wave_cycle_cnt\[6\],82.01µm
net644,81.96µm
_05573_,81.91µm
net1987,81.91µm
_05886_,81.86µm
net486,81.86µm
net659,81.86µm
net857,81.86µm
net1194,81.86µm
net1261,81.86µm
net1778,81.86µm
_02867_,81.81µm
_04420_,81.81µm
_04512_,81.81µm
net276,81.81µm
net773,81.81µm
net2018,81.76µm
net2035,81.76µm
_01167_,81.4µm
net146,81.35µm
net1955,81.35µm
_00874_,81.3µm
digital_domain_inst.spi_regs_inst.rw_n,81.3µm
net1267,81.3µm
net1731,81.3µm
net1893,81.3µm
net2306,81.3µm
_05653_,81.25µm
digital_domain_inst.cfg_f_MEMS_fcw_y\[5\],81.25µm
net216,81.25µm
net274,81.25µm
net321,81.25µm
net1196,81.25µm
net1501,81.25µm
net1792,81.25µm
net2356,81.25µm
_05703_,81.2µm
net977,81.2µm
_01364_,80.89µm
_01552_,80.74µm
_05458_,80.74µm
net56,80.74µm
net981,80.74µm
net1220,80.74µm
net1617,80.74µm
_03676_,80.69µm
_04449_,80.69µm
net767,80.69µm
net1478,80.69µm
net2502,80.69µm
net2671,80.69µm
_01900_,80.64µm
_01902_,80.64µm
_02068_,80.64µm
digital_domain_inst.raw_edge2_y\[9\],80.64µm
digital_domain_inst.wave_controller_x_inst.phase_acc\[12\],80.64µm
net103,80.64µm
net2312,80.64µm
net2360,80.56µm
net1515,80.46µm
_02757_,80.28µm
net227,80.23µm
net1386,80.23µm
net1876,80.23µm
net1925,80.23µm
net2,80.18µm
net258,80.18µm
net2248,80.18µm
_03515_,80.13µm
_03654_,80.13µm
net687,80.13µm
net1812,80.13µm
_01851_,80.08µm
net642,80.08µm
net1935,80.08µm
net665,79.67µm
net865,79.67µm
net1009,79.67µm
digital_domain_inst.spi_regs_inst.rx_shift\[2\],79.62µm
_01304_,79.57µm
_05241_,79.57µm
digital_domain_inst.spi_regs_inst.spi_addr\[4\],79.57µm
net187,79.57µm
net1173,79.57µm
net2088,79.57µm
_02019_,79.52µm
_04555_,79.52µm
_04892_,79.52µm
_05444_,79.52µm
digital_domain_inst.wave_controller_y_inst.capture_pending,79.52µm
net417,79.52µm
net634,79.21µm
net850,79.21µm
_04926_,79.11µm
_05015_,79.11µm
digital_domain_inst.raw_edge1_x\[6\],79.11µm
digital_domain_inst.raw_edge3_x\[8\],79.11µm
net1175,79.11µm
digital_domain_inst.raw_edge3_y\[4\],79.06µm
net78,79.06µm
_00589_,79.01µm
_01997_,79.01µm
net239,79.01µm
net466,79.01µm
net748,79.01µm
net953,79.01µm
net1628,79.01µm
net2104,79.01µm
net2417,79.01µm
_03199_,78.96µm
_04829_,78.96µm
_05026_,78.96µm
_06016_,78.96µm
net149,78.6µm
net2626,78.6µm
net2597,78.55µm
net1043,78.5µm
_04475_,78.45µm
_05786_,78.45µm
net197,78.45µm
net861,78.45µm
net1425,78.45µm
net1666,78.45µm
net1755,78.45µm
_00692_,78.19µm
_00739_,77.99µm
_05933_,77.99µm
digital_domain_inst.cfg_f_MEMS_fcw_x\[7\],77.99µm
net1797,77.99µm
_01551_,77.94µm
_05264_,77.94µm
net526,77.94µm
net1053,77.94µm
net1424,77.94µm
net1948,77.94µm
net2292,77.94µm
net266,77.89µm
net704,77.89µm
net819,77.89µm
net1052,77.89µm
net2010,77.89µm
net2014,77.89µm
net2452,77.89µm
_02765_,77.84µm
_05973_,77.84µm
_05980_,77.84µm
net577,77.84µm
net1962,77.84µm
net2246,77.84µm
net2504,77.84µm
_01652_,77.53µm
net1236,77.48µm
_00850_,77.38µm
_04353_,77.38µm
net1218,77.38µm
net1455,77.38µm
net1989,77.34µm
_01770_,77.33µm
_04855_,77.33µm
net999,77.33µm
net1235,77.33µm
net2143,77.33µm
_04908_,77.28µm
_04910_,77.28µm
net345,77.28µm
_00035_,76.97µm
net144,76.87µm
net1663,76.87µm
net2386,76.87µm
_00849_,76.82µm
_03972_,76.82µm
_05094_,76.82µm
net452,76.82µm
net2034,76.82µm
_01908_,76.77µm
_04217_,76.77µm
_04837_,76.77µm
net749,76.77µm
net891,76.77µm
net2619,76.77µm
_00580_,76.72µm
_00799_,76.72µm
_01586_,76.72µm
_01867_,76.72µm
_03448_,76.72µm
net249,76.72µm
net1458,76.72µm
digital_domain_inst.spi_regs_inst.reg_wr_addr\[2\],76.36µm
net1689,76.36µm
_00666_,76.26µm
_01187_,76.21µm
net269,76.21µm
_03508_,76.16µm
_03718_,76.16µm
_04215_,76.16µm
_05230_,76.16µm
_04667_,75.9µm
_03479_,75.8µm
_03572_,75.8µm
_05042_,75.7µm
net1443,75.7µm
net1633,75.7µm
net1816,75.7µm
net2233,75.7µm
_05243_,75.65µm
_05708_,75.65µm
net493,75.65µm
net701,75.65µm
_01040_,75.6µm
_01869_,75.6µm
digital_domain_inst.cfg_phase270_offset_x\[4\],75.6µm
net353,75.6µm
net388,75.6µm
net1010,75.6µm
_00726_,75.24µm
net954,75.24µm
net104,75.19µm
_00609_,75.14µm
net246,75.14µm
net716,75.14µm
net2475,75.14µm
_03516_,75.09µm
net279,75.09µm
net2419,75.09µm
_00529_,75.04µm
_01271_,75.04µm
digital_domain_inst.cfg_phase270_offset_y\[4\],75.04µm
digital_domain_inst.spi_regs_inst.spi_addr\[0\],75.04µm
net212,75.04µm
net1104,75.04µm
net1138,75.04µm
net1262,74.68µm
_03557_,74.63µm
net1058,74.63µm
_00648_,74.58µm
_00915_,74.58µm
_01373_,74.58µm
net33,74.58µm
net176,74.58µm
net928,74.58µm
net1599,74.58µm
net1978,74.58µm
_05825_,74.53µm
net1341,74.53µm
net2464,74.53µm
_04457_,74.48µm
_05476_,74.48µm
_05537_,74.48µm
net2256,74.48µm
net2674,74.48µm
net806,74.2µm
_05579_,74.12µm
_05098_,74.07µm
net2381,74.07µm
_00717_,74.02µm
_00750_,74.02µm
_04639_,74.02µm
net1798,74.02µm
_00744_,73.97µm
_01118_,73.97µm
_05934_,73.97µm
net1819,73.97µm
_04904_,73.92µm
net2022,73.92µm
net2064,73.92µm
net2535,73.92µm
net1405,73.51µm
_01113_,73.46µm
_01603_,73.46µm
net682,73.46µm
net1081,73.46µm
net1849,73.46µm
net1945,73.46µm
net1983,73.46µm
net2201,73.46µm
_03401_,73.41µm
_05717_,73.41µm
digital_domain_inst.wave_controller_x_inst.cal_burst_armed,73.41µm
digital_domain_inst.wave_controller_x_inst.wave_cycle_cnt\[4\],73.41µm
net1873,73.41µm
net2555,73.41µm
_05718_,73.36µm
_05762_,73.36µm
_05937_,73.36µm
net1609,73.36µm
digital_domain_inst.signal_processor_x_inst.cycle_count\[0\],73.1µm
net1369,73µm
net35,72.95µm
net2585,72.95µm
_04672_,72.9µm
digital_domain_inst.spi_regs_inst.rx_shift\[0\],72.9µm
net390,72.9µm
net1189,72.9µm
net2380,72.9µm
net2558,72.9µm
net1387,72.85µm
net1690,72.85µm
net1774,72.85µm
net2388,72.85µm
net1914,72.8µm
net2483,72.8µm
net2641,72.8µm
net1062,72.67µm
net1667,72.54µm
digital_domain_inst.cfg_f_MEMS_fcw_x\[11\],72.44µm
net1305,72.39µm
net2371,72.39µm
_04482_,72.34µm
net900,72.34µm
_01062_,72.29µm
net636,72.29µm
net1060,72.29µm
net1664,72.29µm
net2445,72.29µm
_00735_,72.24µm
_01051_,72.24µm
_02444_,72.24µm
net1457,72.24µm
net261,72.11µm
_00651_,71.83µm
_00856_,71.83µm
_01007_,71.83µm
net852,71.83µm
net1648,71.83µm
_01176_,71.78µm
_04876_,71.78µm
_04909_,71.78µm
digital_domain_inst.wave_controller_x_inst.capture_pending,71.78µm
net779,71.78µm
net1441,71.78µm
_03093_,71.73µm
_05681_,71.73µm
net1677,71.73µm
net2037,71.73µm
net2663,71.73µm
_00687_,71.68µm
_03070_,71.68µm
_03919_,71.68µm
net2520,71.68µm
_01676_,71.32µm
_03984_,71.32µm
net2529,71.32µm
net2669,71.32µm
_00623_,71.27µm
_04669_,71.27µm
net2138,71.27µm
net2271,71.27µm
net2548,71.27µm
net2563,71.27µm
_02933_,71.22µm
_03617_,71.22µm
_03835_,71.22µm
net259,71.22µm
net858,71.22µm
net2198,71.22µm
net2595,71.22µm
_00811_,71.17µm
_00875_,71.17µm
_02184_,71.17µm
_04474_,71.17µm
_05158_,71.17µm
net2092,71.17µm
_01251_,71.12µm
_03485_,71.12µm
_05077_,71.12µm
_05816_,71.12µm
net1911,70.86µm
net1029,70.76µm
net2461,70.76µm
digital_domain_inst.raw_edge1_x\[9\],70.71µm
digital_domain_inst.wave_controller_y_inst.phase_acc\[1\],70.71µm
_00586_,70.66µm
_00775_,70.66µm
_01885_,70.66µm
_04295_,70.66µm
net527,70.66µm
net738,70.66µm
net874,70.66µm
net1289,70.66µm
net2454,70.66µm
_03513_,70.61µm
net373,70.61µm
net1088,70.61µm
net1524,70.61µm
net1846,70.61µm
net2335,70.61µm
_03641_,70.56µm
net962,70.56µm
net2399,70.56µm
_04493_,70.15µm
digital_domain_inst.signal_processor_x_inst.s90_valid,70.15µm
digital_domain_inst.wave_controller_x_inst.wave_cycle_cnt\[2\],70.15µm
digital_domain_inst.delay_wave_cycle_y\[6\],70.1µm
net1300,70.1µm
_00816_,70.05µm
_02982_,70.05µm
_04144_,70.05µm
_04832_,70.05µm
net464,70.05µm
net1192,70.05µm
net1906,70.05µm
net2478,70.05µm
_00832_,70µm
_03571_,70µm
_03642_,70µm
net746,70µm
net944,70µm
_01775_,69.64µm
net110,69.64µm
net695,69.64µm
_04533_,69.59µm
net619,69.59µm
net1202,69.59µm
_01172_,69.54µm
_03573_,69.54µm
digital_domain_inst.spi_regs_inst.reg_wr_addr\[4\],69.54µm
net289,69.54µm
net2517,69.54µm
_02755_,69.49µm
_03514_,69.49µm
_05828_,69.49µm
net1629,69.49µm
net1722,69.49µm
net2583,69.49µm
net2652,69.49µm
_00000_,69.44µm
_01704_,69.44µm
_01905_,69.44µm
_04852_,69.44µm
_05763_,69.44µm
_05808_,69.44µm
_05842_,69.44µm
net472,69.44µm
net792,69.44µm
net1615,69.44µm
net271,69.18µm
_00742_,69.08µm
net285,69.08µm
net1095,69.08µm
_02098_,69.03µm
_05078_,69.03µm
digital_domain_inst.cfg_phase0_offset_x\[2\],69.03µm
net1068,69.03µm
net2208,69.03µm
net234,68.98µm
net822,68.98µm
net2282,68.98µm
_00338_,68.93µm
_03415_,68.93µm
_03644_,68.93µm
_03886_,68.93µm
_05801_,68.93µm
net747,68.93µm
net782,68.93µm
net966,68.93µm
net1237,68.93µm
net1329,68.93µm
net1545,68.93µm
net2666,68.93µm
_03500_,68.88µm
_03517_,68.88µm
net1294,68.88µm
net830,68.47µm
net1106,68.47µm
net2462,68.47µm
net2621,68.47µm
_04103_,68.42µm
net172,68.42µm
_01055_,68.37µm
net1131,68.37µm
net2593,68.37µm
_01120_,68.32µm
_04436_,68.32µm
net1800,68.32µm
_04059_,68.09µm
_01668_,68.01µm
_05258_,67.91µm
net50,67.91µm
_00706_,67.86µm
_03476_,67.86µm
net401,67.86µm
net1415,67.86µm
net1451,67.86µm
_01619_,67.81µm
_02092_,67.81µm
_03980_,67.81µm
net278,67.81µm
net734,67.81µm
net1564,67.81µm
net1746,67.81µm
net2654,67.81µm
_02417_,67.76µm
_05257_,67.76µm
net2403,67.76µm
net2658,67.76µm
_04139_,67.4µm
digital_domain_inst.signal_processor_y_inst.cycle_count\[0\],67.4µm
_01070_,67.35µm
net2523,67.35µm
_01597_,67.3µm
_01605_,67.3µm
_03158_,67.3µm
net123,67.3µm
net1904,67.3µm
net2611,67.3µm
_02093_,67.25µm
net812,67.25µm
_00828_,67.2µm
_03789_,67.2µm
net540,67.2µm
net1182,67.2µm
net2501,67.2µm
_01635_,66.89µm
net2085,66.87µm
_00746_,66.84µm
net1907,66.84µm
_00737_,66.79µm
_04029_,66.79µm
_01174_,66.69µm
_01757_,66.69µm
_05473_,66.69µm
_05739_,66.69µm
digital_domain_inst.spi_regs_inst.sclk_d,66.69µm
net473,66.69µm
net1461,66.69µm
net1523,66.69µm
net2089,66.69µm
_01119_,66.64µm
_01736_,66.64µm
_02740_,66.64µm
_04467_,66.64µm
_04945_,66.64µm
_06012_,66.64µm
net1419,66.64µm
net413,66.28µm
net1044,66.28µm
net191,66.23µm
net265,66.23µm
net881,66.23µm
net2339,66.23µm
_01846_,66.18µm
_03631_,66.18µm
_05239_,66.18µm
net2567,66.18µm
_04128_,66.13µm
net844,66.13µm
_01638_,66.08µm
_03968_,66.08µm
net1409,66.08µm
net2204,66.08µm
net223,65.77µm
_03695_,65.72µm
_04332_,65.72µm
net1506,65.72µm
net229,65.67µm
net816,65.67µm
net851,65.67µm
net864,65.67µm
net1862,65.67µm
net616,65.62µm
net1217,65.62µm
net1603,65.62µm
_02998_,65.57µm
_03956_,65.57µm
_04264_,65.57µm
net943,65.57µm
net1591,65.57µm
net2047,65.57µm
net2553,65.57µm
_05811_,65.52µm
_05996_,65.52µm
net1941,65.52µm
net2097,65.52µm
_02776_,65.16µm
_00812_,65.11µm
digital_domain_inst.raw_edge1_x\[19\],65.11µm
net245,65.11µm
net2495,65.11µm
_00616_,65.06µm
_00861_,65.06µm
_03785_,65.06µm
_04878_,65.06µm
_05056_,65.06µm
digital_domain_inst.spi_regs_inst.state_o\[0\],65.06µm
net148,65.06µm
net247,65.06µm
net611,65.06µm
net735,65.06µm
net1432,65.06µm
net1579,65.06µm
net1668,65.06µm
net2406,65.06µm
net2620,65.06µm
net2677,65.06µm
_01748_,65.01µm
_02594_,65.01µm
_05481_,65.01µm
_05632_,65.01µm
net739,65.01µm
net820,65.01µm
net1431,65.01µm
net2496,65.01µm
net2500,65.01µm
net2656,65.01µm
_03482_,64.96µm
_04415_,64.96µm
_04510_,64.96µm
_04521_,64.96µm
_04614_,64.96µm
net332,64.96µm
net776,64.96µm
net1039,64.96µm
net1127,64.96µm
net1375,64.96µm
net260,64.6µm
_01560_,64.55µm
_00923_,64.5µm
_03343_,64.5µm
net2431,64.5µm
_00815_,64.45µm
_00841_,64.45µm
net324,64.45µm
net1251,64.45µm
_04090_,64.4µm
_05503_,64.4µm
_05706_,64.4µm
net1,64.4µm
net745,64.4µm
net1156,64.4µm
_05705_,64.26µm
net946,64.22µm
net275,64.17µm
_01493_,64.14µm
net100,64.09µm
net106,64.09µm
_00662_,63.99µm
net1334,63.99µm
net1438,63.99µm
_04872_,63.94µm
digital_domain_inst.raw_edge1_x\[7\],63.94µm
_02772_,63.89µm
_03336_,63.89µm
_04101_,63.89µm
_05784_,63.89µm
net54,63.89µm
net243,63.89µm
net374,63.89µm
net1355,63.89µm
net1468,63.89µm
net1815,63.89µm
net1823,63.89µm
net2316,63.89µm
net2405,63.89µm
net2519,63.89µm
net2554,63.89µm
_02624_,63.84µm
_03471_,63.84µm
_04417_,63.84µm
_05695_,63.84µm
net886,63.84µm
net926,63.84µm
net1197,63.56µm
net320,63.53µm
_04262_,63.48µm
net856,63.48µm
_01065_,63.43µm
_03457_,63.43µm
_03943_,63.43µm
_04497_,63.43µm
digital_domain_inst.raw_edge2_x\[6\],63.43µm
digital_domain_inst.raw_edge3_x\[6\],63.43µm
net1739,63.43µm
_01222_,63.38µm
_03499_,63.38µm
net117,63.38µm
net268,63.38µm
net1380,63.38µm
_00620_,63.33µm
_01714_,63.33µm
_02513_,63.33µm
_04711_,63.33µm
_04875_,63.33µm
_05371_,63.33µm
_05492_,63.33µm
net136,63.33µm
net177,63.33µm
net425,63.33µm
net1016,63.33µm
net1181,63.33µm
net1753,63.33µm
net2412,63.33µm
_02478_,63.28µm
_05586_,63.28µm
net783,63.28µm
net895,63.28µm
net1216,63.28µm
net1460,63.28µm
net2629,63.28µm
net435,62.99µm
net1643,62.92µm
_05249_,62.87µm
net153,62.87µm
net1623,62.87µm
_00567_,62.82µm
_05324_,62.82µm
digital_domain_inst.spi_regs_inst.rx_shift\[5\],62.82µm
net1736,62.82µm
net2610,62.82µm
_03696_,62.77µm
net231,62.77µm
net1008,62.77µm
net1204,62.77µm
net1428,62.77µm
net1801,62.77µm
_01767_,62.72µm
net883,62.72µm
digital_domain_inst.wave_controller_x_inst.phase_acc\[1\],62.49µm
_00714_,62.36µm
_04249_,62.36µm
net677,62.36µm
digital_domain_inst.cfg_phase270_offset_y\[0\],62.31µm
net236,62.31µm
net948,62.31µm
net1114,62.31µm
_00857_,62.26µm
_04687_,62.26µm
digital_domain_inst.raw_edge1_x\[16\],62.26µm
net308,62.26µm
net615,62.26µm
net1383,62.26µm
net1853,62.26µm
_01570_,62.21µm
net614,62.21µm
net1467,62.21µm
net1505,62.21µm
net2645,62.21µm
_00848_,62.16µm
_01878_,62.16µm
_03576_,62.16µm
_05878_,62.16µm
net513,62.16µm
net984,62.16µm
net1556,61.85µm
net1806,61.85µm
_00745_,61.75µm
digital_domain_inst.raw_edge3_x\[11\],61.75µm
net740,61.75µm
net854,61.75µm
net1187,61.75µm
net2438,61.75µm
_00743_,61.7µm
_00772_,61.7µm
_01641_,61.7µm
_03315_,61.7µm
net652,61.7µm
net1423,61.7µm
net2448,61.7µm
net2549,61.7µm
_01417_,61.65µm
_03474_,61.65µm
_02489_,61.6µm
net2040,61.6µm
_03531_,61.19µm
net175,61.19µm
net890,61.19µm
_01401_,61.14µm
_05140_,61.14µm
_05712_,61.14µm
net2180,61.14µm
net2450,61.14µm
_05349_,61.09µm
net309,61.09µm
net2237,61.09µm
net2400,61.09µm
_01634_,61.04µm
_02461_,61.04µm
_03472_,61.04µm
_03666_,61.04µm
_05372_,61.04µm
_05988_,61.04µm
net1445,61.04µm
net1961,61.04µm
digital_domain_inst.signal_processor_x_inst.s270_pipe\[3\],60.78µm
_03405_,60.63µm
_04911_,60.63µm
_05515_,60.63µm
net29,60.63µm
net872,60.63µm
_04941_,60.58µm
net873,60.58µm
net1767,60.58µm
_03519_,60.53µm
_04235_,60.53µm
net1889,60.53µm
_02771_,60.48µm
_05799_,60.48µm
_05917_,60.48µm
_01332_,60.12µm
net832,60.12µm
_04279_,60.02µm
net26,60.02µm
net1653,60.02µm
net2209,60.02µm
_01859_,59.97µm
_05240_,59.97µm
_00442_,59.92µm
_01087_,59.92µm
_01142_,59.92µm
_01219_,59.92µm
_03502_,59.92µm
net1078,59.92µm
net2527,59.92µm
_02091_,59.61µm
_03783_,59.56µm
net1427,59.56µm
net1923,59.56µm
_01368_,59.51µm
_03636_,59.51µm
digital_domain_inst.cfg_f_MEMS_fcw_y\[3\],59.51µm
net1714,59.51µm
net2411,59.51µm
_04426_,59.46µm
_06031_,59.46µm
net1865,59.46µm
net2012,59.46µm
net2550,59.46µm
_01504_,59.41µm
_01702_,59.41µm
_02186_,59.41µm
_05187_,59.41µm
digital_domain_inst.signal_processor_y_inst.s270_pipe\[3\],59.41µm
net135,59.41µm
net904,59.41µm
net1018,59.41µm
net1828,59.41µm
net2434,59.41µm
net2576,59.41µm
_03504_,59.36µm
_04433_,59.36µm
_04646_,59.36µm
net797,59.36µm
_03606_,59µm
_01520_,58.95µm
_03403_,58.95µm
_04516_,58.95µm
digital_domain_inst.delay_wave_cycle_x\[4\],58.95µm
_01296_,58.9µm
digital_domain_inst.raw_edge3_x\[10\],58.9µm
net1185,58.9µm
net1905,58.9µm
net2325,58.9µm
_01215_,58.85µm
_05783_,58.85µm
net178,58.85µm
net326,58.85µm
net2433,58.85µm
_00627_,58.8µm
_05023_,58.8µm
_05043_,58.8µm
net344,58.8µm
_04871_,58.44µm
_03683_,58.39µm
net1102,58.39µm
net2473,58.39µm
_01180_,58.34µm
_02509_,58.34µm
net349,58.34µm
net593,58.34µm
net1358,58.34µm
_05570_,58.29µm
net662,58.29µm
net2074,58.29µm
net2632,58.29µm
_01620_,58.24µm
_05453_,58.24µm
_05885_,58.24µm
net2086,58.24µm
_05080_,57.93µm
digital_domain_inst.raw_edge2_x\[13\],57.88µm
net1683,57.83µm
_04596_,57.78µm
_01008_,57.73µm
_01809_,57.73µm
_02498_,57.73µm
net1080,57.73µm
net1136,57.73µm
net1594,57.73µm
net2644,57.73µm
net81,57.68µm
net647,57.68µm
_01837_,57.32µm
net220,57.32µm
net1408,57.32µm
net2241,57.32µm
_00656_,57.27µm
_03648_,57.27µm
_04923_,57.27µm
net2182,57.27µm
_00711_,57.22µm
_05559_,57.22µm
net672,57.22µm
net949,57.22µm
net1021,57.22µm
net1403,57.22µm
net2429,57.22µm
_01636_,57.17µm
net902,57.17µm
net2514,57.17µm
_01977_,57.12µm
_02005_,57.12µm
_02422_,57.12µm
net241,57.12µm
net1726,57.12µm
net2048,57.12µm
_04725_,56.86µm
_01488_,56.81µm
_05222_,56.71µm
net610,56.71µm
net1875,56.71µm
net1967,56.71µm
net2415,56.71µm
net2440,56.71µm
digital_domain_inst.wave_controller_y_inst.phase_acc\[14\],56.66µm
_01086_,56.61µm
_03947_,56.61µm
_05613_,56.61µm
_05810_,56.61µm
net164,56.61µm
_01568_,56.56µm
net1048,56.56µm
net1887,56.56µm
net2498,56.56µm
_04668_,56.2µm
_01305_,56.15µm
_02927_,56.15µm
net277,56.15µm
net1526,56.15µm
net1636,56.15µm
net1857,56.15µm
net2600,56.15µm
_01319_,56.1µm
_04112_,56.1µm
net2676,56.1µm
_01199_,56.05µm
_03505_,56.05µm
_04665_,56.05µm
net759,56.05µm
net990,56.05µm
net1723,56.05µm
net2559,56.05µm
_01786_,56µm
_03460_,56µm
_03465_,56µm
_06034_,56µm
digital_domain_inst.raw_edge1_x\[8\],56µm
net411,56µm
net756,56µm
net2115,56µm
_03657_,55.64µm
_04535_,55.64µm
digital_domain_inst.wave_controller_y_inst.phase_acc\[17\],55.64µm
_03633_,55.59µm
_04390_,55.59µm
digital_domain_inst.raw_edge3_y\[12\],55.59µm
net272,55.59µm
_03613_,55.54µm
_04086_,55.54µm
net2407,55.54µm
_03484_,55.49µm
_04331_,55.49µm
net2607,55.49µm
net2647,55.49µm
_00452_,55.44µm
_00741_,55.44µm
_02424_,55.44µm
_02675_,55.44µm
_05795_,55.44µm
net17,55.44µm
net1203,55.44µm
net1852,55.44µm
_04525_,55.13µm
net281,55.08µm
net1449,55.03µm
_02000_,54.98µm
_04490_,54.98µm
_06011_,54.98µm
net1863,54.98µm
net2497,54.98µm
_01124_,54.93µm
_01228_,54.93µm
_01328_,54.93µm
_01841_,54.93µm
_05096_,54.93µm
net25,54.93µm
net2100,54.93µm
net2515,54.93µm
_01930_,54.88µm
_03074_,54.88µm
_03188_,54.88µm
_03487_,54.88µm
_03751_,54.88µm
_04378_,54.88µm
_05218_,54.88µm
_05997_,54.88µm
net760,54.88µm
net1418,54.73µm
_04780_,54.47µm
_05626_,54.47µm
_02487_,54.42µm
_05480_,54.42µm
net828,54.42µm
net2546,54.42µm
_02072_,54.37µm
_04152_,54.37µm
_04348_,54.37µm
net836,54.37µm
net2305,54.37µm
_00405_,54.32µm
_01367_,54.32µm
_03918_,54.32µm
_04484_,54.32µm
_06037_,54.32µm
net327,54.32µm
net481,54.32µm
net2532,54.32µm
digital_domain_inst.raw_edge2_x\[15\],53.96µm
_01057_,53.91µm
_03860_,53.91µm
net310,53.91µm
net826,53.91µm
net1271,53.91µm
net2148,53.91µm
net2509,53.91µm
_00718_,53.86µm
_03368_,53.86µm
_03385_,53.86µm
_04500_,53.86µm
_04664_,53.86µm
net1025,53.86µm
net1588,53.86µm
net2673,53.86µm
_00604_,53.81µm
_01710_,53.81µm
_03201_,53.81µm
_04679_,53.81µm
_05893_,53.81µm
net121,53.81µm
net563,53.81µm
net1214,53.81µm
net1456,53.81µm
net2474,53.81µm
digital_domain_inst.raw_edge1_x\[18\],53.76µm
net206,53.76µm
net1833,53.76µm
_03912_,53.4µm
_01506_,53.35µm
_05113_,53.35µm
net790,53.35µm
net1028,53.35µm
_01224_,53.3µm
_01611_,53.3µm
_03332_,53.3µm
_05405_,53.3µm
digital_domain_inst.spi_regs_inst.rx_shift\[1\],53.3µm
digital_domain_inst.wave_controller_y_inst.phase_acc\[2\],53.3µm
net179,53.3µm
net588,53.3µm
net1407,53.3µm
net1822,53.3µm
net1872,53.3µm
net2304,53.3µm
_00502_,53.25µm
_01678_,53.25µm
_01907_,53.25µm
_03955_,53.25µm
_04641_,53.25µm
_04652_,53.25µm
_05227_,53.25µm
_06032_,53.25µm
net1362,53.25µm
net1450,53.25µm
net1472,53.25µm
_01637_,53.2µm
_04944_,53.2µm
_05345_,53.2µm
_05822_,53.2µm
net307,53.2µm
net684,53.2µm
_02990_,52.84µm
_00592_,52.79µm
_01660_,52.79µm
_05180_,52.79µm
digital_domain_inst.raw_edge1_x\[5\],52.79µm
net1662,52.79µm
net1665,52.79µm
_01385_,52.74µm
_01910_,52.74µm
_02231_,52.74µm
_03607_,52.74µm
_04796_,52.74µm
_04946_,52.74µm
net196,52.74µm
net1440,52.74µm
net2633,52.74µm
_00842_,52.69µm
_04789_,52.69µm
_05952_,52.69µm
net379,52.69µm
net979,52.69µm
_01041_,52.64µm
_01415_,52.64µm
_02746_,52.64µm
_05460_,52.64µm
_01125_,52.28µm
_02362_,52.23µm
net1477,52.23µm
net1555,52.23µm
_01092_,52.18µm
_03629_,52.18µm
_04681_,52.18µm
net621,52.18µm
net1749,52.18µm
net1766,52.18µm
_00504_,52.13µm
_03905_,52.13µm
_04016_,52.13µm
_04056_,52.13µm
net958,52.13µm
net2680,52.13µm
_01291_,52.08µm
_01484_,52.08µm
_04883_,52.08µm
_05879_,52.08µm
_05986_,52.08µm
_03678_,51.67µm
_04236_,51.67µm
_04690_,51.67µm
digital_domain_inst.signal_processor_x_inst.cycle_count\[1\],51.67µm
net1562,51.67µm
net1513,51.62µm
net1903,51.62µm
_01559_,51.57µm
_01691_,51.57µm
_01745_,51.57µm
_03386_,51.57µm
_04506_,51.57µm
_05385_,51.57µm
net617,51.57µm
net823,51.57µm
net923,51.57µm
net1939,51.57µm
net2059,51.57µm
net2613,51.57µm
_02003_,51.52µm
_03251_,51.52µm
_05109_,51.52µm
_05493_,51.52µm
net1772,51.52µm
_01079_,51.16µm
_03906_,51.16µm
digital_domain_inst.raw_edge1_y\[20\],51.11µm
net915,51.11µm
net2331,51.11µm
_00597_,51.06µm
_01404_,51.06µm
_03313_,51.06µm
_04846_,51.06µm
net30,51.06µm
net70,51.06µm
net359,51.06µm
net774,51.06µm
net1055,51.06µm
_00505_,51.01µm
_01258_,51.01µm
_02469_,51.01µm
_04193_,51.01µm
net28,51.01µm
net1521,51.01µm
net2215,51.01µm
net2410,51.01µm
_01194_,50.96µm
_01344_,50.96µm
_01778_,50.96µm
_03437_,50.96µm
_03473_,50.96µm
_04674_,50.96µm
digital_domain_inst.cal_timeout_x,50.96µm
net1841,50.96µm
net2084,50.96µm
_04410_,50.83µm
net222,50.78µm
_04284_,50.68µm
_04986_,50.6µm
_03193_,50.55µm
_04067_,50.55µm
_05443_,50.55µm
net2578,50.55µm
_03729_,50.5µm
_04089_,50.5µm
_04556_,50.5µm
_04948_,50.5µm
net74,50.5µm
net1837,50.5µm
_03603_,50.45µm
_03798_,50.45µm
_04644_,50.45µm
_05426_,50.45µm
_01889_,50.4µm
_04610_,50.4µm
_05640_,50.4µm
net65,50.4µm
net2443,50.4µm
_04922_,49.99µm
net2416,49.99µm
_01274_,49.94µm
_02151_,49.94µm
_03583_,49.94µm
_03864_,49.94µm
_04693_,49.94µm
digital_domain_inst.signal_processor_x_inst.s90_pipe\[3\],49.94µm
net1466,49.94µm
net2579,49.94µm
_01237_,49.89µm
_01839_,49.89µm
_01854_,49.89µm
_03974_,49.89µm
_05242_,49.89µm
_05290_,49.89µm
net311,49.89µm
net584,49.89µm
net1017,49.89µm
net1067,49.89µm
_00814_,49.84µm
_01027_,49.84µm
_01699_,49.84µm
_04248_,49.84µm
_04263_,49.84µm
net612,49.84µm
net1426,49.84µm
net2513,49.84µm
_03719_,49.63µm
digital_domain_inst.delay_wave_cycle_y\[0\],49.53µm
net224,49.53µm
digital_domain_inst.raw_edge1_x\[11\],49.43µm
digital_domain_inst.spi_regs_inst.spi_state,49.43µm
_00653_,49.38µm
_01099_,49.38µm
_05440_,49.38µm
net781,49.38µm
_00821_,49.33µm
_00937_,49.33µm
_01922_,49.33µm
_03522_,49.33µm
digital_domain_inst.spi_regs_inst.reg_wr_en,49.33µm
net479,49.33µm
net1299,49.33µm
_04723_,49.28µm
_05383_,49.28µm
digital_domain_inst.raw_edge1_y\[1\],49.28µm
net2637,49.28µm
_05044_,49.02µm
_00809_,48.87µm
_04166_,48.87µm
_05159_,48.87µm
net282,48.87µm
digital_domain_inst.raw_edge1_x\[4\],48.82µm
net288,48.82µm
net651,48.82µm
net737,48.82µm
net1164,48.82µm
_00057_,48.77µm
_01944_,48.77µm
_03503_,48.77µm
_04906_,48.77µm
_05307_,48.77µm
net754,48.77µm
net1172,48.77µm
net1180,48.77µm
net2451,48.77µm
_02859_,48.72µm
_03692_,48.72µm
_03949_,48.72µm
_04504_,48.72µm
_04648_,48.72µm
_05025_,48.72µm
net2297,48.72µm
_04705_,48.44µm
_03622_,48.41µm
_05091_,48.36µm
net1533,48.36µm
net125,48.31µm
net801,48.31µm
net2653,48.31µm
_00920_,48.26µm
_03611_,48.26µm
net2421,48.26µm
net2659,48.26µm
_01369_,48.21µm
_01661_,48.21µm
_01835_,48.21µm
_04087_,48.21µm
_04218_,48.21µm
net99,48.21µm
net1045,48.21µm
net2079,48.21µm
net2642,48.21µm
_00970_,48.16µm
_01577_,48.16µm
_03801_,48.16µm
_05461_,48.16µm
net2476,48.16µm
net2648,48.16µm
_01491_,47.8µm
_04631_,47.8µm
_00698_,47.75µm
_04038_,47.75µm
net127,47.75µm
net866,47.75µm
net1040,47.75µm
net2589,47.75µm
_01002_,47.7µm
_03923_,47.7µm
_04186_,47.7µm
_04245_,47.7µm
_04514_,47.7µm
_05286_,47.7µm
net27,47.7µm
net80,47.7µm
net306,47.7µm
net319,47.7µm
net639,47.7µm
net714,47.7µm
_00819_,47.65µm
_01015_,47.65µm
_01163_,47.65µm
_01959_,47.65µm
_03461_,47.65µm
_03807_,47.65µm
_03932_,47.65µm
_04342_,47.65µm
_05313_,47.65µm
_05981_,47.65µm
net2049,47.65µm
_00503_,47.6µm
_02190_,47.6µm
_02259_,47.6µm
_02930_,47.6µm
_04045_,47.6µm
_04854_,47.6µm
_05490_,47.6µm
_05894_,47.6µm
net525,47.6µm
net1361,47.6µm
net1462,47.6µm
_01505_,47.29µm
_04924_,47.29µm
digital_domain_inst.raw_edge1_x\[13\],47.19µm
net111,47.19µm
net637,47.19µm
_04891_,47.14µm
_05578_,47.14µm
net242,47.14µm
_01316_,47.09µm
_03312_,47.09µm
_03535_,47.09µm
_04755_,47.09µm
net208,47.09µm
net899,47.09µm
net2625,47.09µm
_01157_,47.04µm
_06049_,47.04µm
net2471,47.04µm
_04663_,46.78µm
_04491_,46.68µm
_01116_,46.63µm
_02480_,46.63µm
_04656_,46.63µm
_05654_,46.63µm
net664,46.63µm
_00869_,46.58µm
_02256_,46.58µm
_02338_,46.58µm
_03345_,46.58µm
_04572_,46.58µm
net298,46.58µm
net625,46.58µm
net1676,46.58µm
_01609_,46.53µm
_04155_,46.53µm
_05268_,46.53µm
net72,46.53µm
net217,46.53µm
net218,46.53µm
net533,46.53µm
net1922,46.53µm
net2614,46.53µm
_03970_,46.48µm
_04549_,46.48µm
_04880_,46.48µm
_05781_,46.48µm
_05953_,46.48µm
net952,46.48µm
net1869,46.48µm
net2426,46.48µm
_05406_,46.17µm
net2283,46.12µm
_01627_,46.07µm
_02302_,46.07µm
_03904_,46.07µm
_05399_,46.07µm
_01606_,46.02µm
digital_domain_inst.cfg_f_MEMS_fcw_y\[0\],46.02µm
digital_domain_inst.delay_wave_cycle_y\[7\],46.02µm
net189,46.02µm
net2401,46.02µm
net2581,46.02µm
_00747_,45.97µm
_00882_,45.97µm
_01089_,45.97µm
_01106_,45.97µm
_01943_,45.97µm
_02725_,45.97µm
_03620_,45.97µm
_04380_,45.97µm
_05205_,45.97µm
_05245_,45.97µm
_05896_,45.97µm
net88,45.97µm
net707,45.97µm
net849,45.97µm
net1659,45.97µm
net2682,45.97µm
_00048_,45.92µm
_00810_,45.92µm
_00959_,45.92µm
_01455_,45.92µm
_03768_,45.92µm
_04207_,45.92µm
_04429_,45.92µm
_04918_,45.92µm
_05454_,45.92µm
net250,45.92µm
net1082,45.92µm
_04749_,45.66µm
net2636,45.56µm
_01135_,45.51µm
_01543_,45.51µm
_02080_,45.51µm
_05565_,45.51µm
_05642_,45.51µm
_01091_,45.46µm
_02291_,45.46µm
_03739_,45.46µm
_04694_,45.46µm
_04806_,45.46µm
_05987_,45.46µm
net219,45.46µm
net328,45.46µm
net897,45.46µm
net2482,45.46µm
net2598,45.46µm
_01131_,45.41µm
_01161_,45.41µm
_02312_,45.41µm
_02745_,45.41µm
_05620_,45.41µm
net1038,45.41µm
_01046_,45.36µm
_02412_,45.36µm
_04021_,45.36µm
_04364_,45.36µm
_05309_,45.36µm
_05978_,45.36µm
_01016_,45.05µm
_03411_,45µm
_04057_,45µm
_04658_,45µm
net1808,45µm
_01648_,44.95µm
_01816_,44.95µm
_02066_,44.95µm
net199,44.95µm
net317,44.95µm
_01482_,44.9µm
_01495_,44.9µm
_02174_,44.9µm
_03826_,44.9µm
_04518_,44.9µm
net342,44.9µm
net1012,44.9µm
net1640,44.9µm
net2643,44.9µm
net2683,44.9µm
_01024_,44.85µm
_01607_,44.85µm
_02502_,44.85µm
_03871_,44.85µm
_05720_,44.85µm
net161,44.85µm
net325,44.85µm
net775,44.85µm
_00541_,44.8µm
_01178_,44.8µm
_01503_,44.8µm
_01578_,44.8µm
net2661,44.8µm
_00852_,44.44µm
_01508_,44.44µm
_03670_,44.44µm
_00822_,44.39µm
_00989_,44.39µm
net316,44.39µm
_01398_,44.34µm
_02565_,44.34µm
_03665_,44.34µm
net1856,44.34µm
net2039,44.34µm
net2398,44.34µm
_00753_,44.29µm
_00833_,44.29µm
_00950_,44.29µm
_01014_,44.29µm
_01028_,44.29µm
_01268_,44.29µm
_02152_,44.29µm
_04296_,44.29µm
_05335_,44.29µm
digital_domain_inst.raw_edge1_x\[2\],44.29µm
net1834,44.29µm
net2050,44.29µm
net2394,44.29µm
_03367_,44.24µm
digital_domain_inst.spi_regs_inst.spi_addr\[3\],44.24µm
net15,44.24µm
net96,44.24µm
digital_domain_inst.signal_processor_y_inst.s90_pipe\[3\],43.88µm
net2470,43.88µm
_05067_,43.83µm
digital_domain_inst.signal_processor_y_inst.s90_valid,43.83µm
net1586,43.83µm
_01011_,43.78µm
_02299_,43.78µm
_03885_,43.78µm
_04104_,43.78µm
digital_domain_inst.wave_controller_y_inst.wave_cycle_cnt\[3\],43.78µm
net412,43.78µm
net2369,43.78µm
net2487,43.78µm
_02810_,43.73µm
_04851_,43.73µm
_04903_,43.73µm
_05248_,43.73µm
net209,43.73µm
net2587,43.73µm
_03530_,43.68µm
net2068,43.68µm
_01953_,43.37µm
_01075_,43.27µm
_05558_,43.27µm
digital_domain_inst.wave_controller_y_inst.phase_acc\[5\],43.27µm
_00993_,43.22µm
_01507_,43.22µm
_03957_,43.22µm
_04012_,43.22µm
_04077_,43.22µm
net1917,43.22µm
_00551_,43.17µm
_00622_,43.17µm
_00864_,43.17µm
_01201_,43.17µm
_01728_,43.17µm
_03363_,43.17µm
_04307_,43.17µm
_04546_,43.17µm
_06002_,43.17µm
net160,43.17µm
net214,43.17µm
net232,43.17µm
net901,43.17µm
net940,43.17µm
net1092,43.17µm
net1926,43.17µm
_00776_,43.12µm
_01654_,43.12µm
_02048_,43.12µm
_03608_,43.12µm
digital_domain_inst.latch_phase270_ack_x,43.12µm
net432,43.12µm
net1057,43.12µm
_03759_,42.76µm
_04032_,42.76µm
_00664_,42.71µm
_00913_,42.71µm
_03994_,42.71µm
_04548_,42.71µm
_04975_,42.71µm
_05438_,42.71µm
net2646,42.71µm
_01012_,42.66µm
_01576_,42.66µm
_02848_,42.66µm
_02928_,42.66µm
_03959_,42.66µm
_05039_,42.66µm
net1240,42.66µm
_00722_,42.61µm
_01234_,42.61µm
_01433_,42.61µm
_02010_,42.61µm
_02323_,42.61µm
_03967_,42.61µm
_04541_,42.61µm
_05181_,42.61µm
_05445_,42.61µm
_05955_,42.61µm
net85,42.61µm
_00911_,42.56µm
_01608_,42.56µm
_02743_,42.56µm
_04413_,42.56µm
_04503_,42.56µm
_05710_,42.56µm
net322,42.56µm
net2439,42.56µm
_00707_,42.15µm
_03331_,42.15µm
_04095_,42.15µm
_04759_,42.15µm
_05210_,42.15µm
net1444,42.15µm
net1763,42.15µm
_00751_,42.1µm
_05152_,42.1µm
_05888_,42.1µm
net351,42.1µm
net2493,42.1µm
net2631,42.1µm
_00806_,42.05µm
_01117_,42.05µm
_01653_,42.05µm
_05122_,42.05µm
_05677_,42.05µm
net1741,42.05µm
_01090_,42µm
_03475_,42µm
_04470_,42µm
_05390_,42µm
_05553_,42µm
_05595_,42µm
_05750_,42µm
_05779_,42µm
_05796_,42µm
_06041_,42µm
net1084,42µm
digital_domain_inst.move_en_x_internal,41.82µm
_00712_,41.64µm
_05033_,41.64µm
_02701_,41.59µm
_04487_,41.59µm
_04642_,41.59µm
digital_domain_inst.raw_edge1_x\[3\],41.59µm
net1576,41.59µm
net2259,41.59µm
_02449_,41.54µm
_03349_,41.54µm
_04183_,41.54µm
_05150_,41.54µm
digital_domain_inst.wave_controller_y_inst.wave_cycle_cnt\[2\],41.54µm
net2422,41.54µm
net2665,41.54µm
_00779_,41.49µm
_01137_,41.49µm
_04132_,41.49µm
_04255_,41.49µm
_05190_,41.49µm
_05293_,41.49µm
_05377_,41.49µm
net303,41.49µm
net1820,41.49µm
net2159,41.49µm
_02187_,41.44µm
_02261_,41.44µm
net821,41.44µm
_02433_,41.08µm
_03878_,41.08µm
_00650_,41.03µm
_00845_,41.03µm
_02909_,41.03µm
_04519_,41.03µm
net892,41.03µm
_01672_,40.98µm
net691,40.98µm
net1302,40.98µm
net1803,40.98µm
net2260,40.98µm
_01487_,40.93µm
_02496_,40.93µm
_04444_,40.93µm
_05103_,40.93µm
digital_domain_inst.wave_controller_y_inst.cal_burst_armed,40.93µm
_01794_,40.88µm
_01891_,40.88µm
_03615_,40.88µm
_04383_,40.88µm
_04853_,40.88µm
_05115_,40.88µm
_05151_,40.88µm
_05844_,40.88µm
net1613,40.88µm
_03720_,40.52µm
_00710_,40.47µm
_01213_,40.47µm
_01675_,40.47µm
_03743_,40.47µm
net860,40.47µm
net941,40.47µm
net2486,40.47µm
_02191_,40.42µm
_03618_,40.42µm
_03639_,40.42µm
_03712_,40.42µm
_04256_,40.42µm
_05114_,40.42µm
_05617_,40.42µm
digital_domain_inst.signal_processor_x_inst.s90,40.42µm
net200,40.42µm
net397,40.42µm
net744,40.42µm
net906,40.42µm
net1433,40.42µm
_01264_,40.37µm
_02980_,40.37µm
_03391_,40.37µm
_03649_,40.37µm
_05119_,40.37µm
_05321_,40.37µm
_05479_,40.37µm
_05921_,40.37µm
net253,40.37µm
net290,40.37µm
net437,40.37µm
net870,40.37µm
_00629_,40.32µm
_01025_,40.32µm
_01072_,40.32µm
_01610_,40.32µm
_01741_,40.32µm
_02040_,40.32µm
_02421_,40.32µm
_05755_,40.32µm
_05995_,40.32µm
net226,40.32µm
_03628_,40.01µm
_03903_,39.91µm
_04706_,39.91µm
digital_domain_inst.wave_controller_x_inst.ref_ds_acc\[1\],39.91µm
digital_domain_inst.wave_controller_x_inst.ref_ds_acc\[5\],39.91µm
_00340_,39.86µm
_01143_,39.86µm
_02582_,39.86µm
_02754_,39.86µm
_03066_,39.86µm
_04782_,39.86µm
net2678,39.86µm
_00708_,39.81µm
_00888_,39.81µm
_01510_,39.81µm
_01682_,39.81µm
_01797_,39.81µm
_02863_,39.81µm
_04402_,39.81µm
_04647_,39.81µm
_05117_,39.81µm
_05415_,39.81µm
_05552_,39.81µm
_05945_,39.81µm
net301,39.81µm
net730,39.81µm
net824,39.81µm
net1037,39.81µm
net2570,39.81µm
_03283_,39.76µm
_04815_,39.76µm
_05484_,39.76µm
net134,39.76µm
net1019,39.53µm
net2630,39.45µm
_00654_,39.35µm
_03036_,39.35µm
_04058_,39.35µm
_06073_,39.35µm
net340,39.35µm
_00439_,39.3µm
_01887_,39.3µm
_03071_,39.3µm
_03510_,39.3µm
_03731_,39.3µm
_04168_,39.3µm
_05090_,39.3µm
_05186_,39.3µm
_05191_,39.3µm
_05208_,39.3µm
net2582,39.3µm
_01158_,39.25µm
_01554_,39.25µm
_01806_,39.25µm
_02180_,39.25µm
_03497_,39.25µm
_04002_,39.25µm
_04437_,39.25µm
_05877_,39.25µm
_05942_,39.25µm
net1330,39.25µm
net1952,39.25µm
net2522,39.25µm
_00039_,39.2µm
_01300_,39.2µm
_01599_,39.2µm
_01774_,39.2µm
_02753_,39.2µm
_03837_,39.2µm
_04812_,39.2µm
_05196_,39.2µm
_05619_,39.2µm
_05802_,39.2µm
_05840_,39.2µm
net71,39.2µm
_03062_,39.02µm
_03971_,38.89µm
_00732_,38.84µm
_02775_,38.84µm
_03637_,38.84µm
_04140_,38.84µm
_04799_,38.84µm
net66,38.84µm
_01068_,38.79µm
_02614_,38.79µm
_03774_,38.79µm
_04318_,38.79µm
_04897_,38.79µm
_05170_,38.79µm
net1002,38.79µm
net1036,38.79µm
_01756_,38.74µm
_03463_,38.74µm
_04111_,38.74µm
_04640_,38.74µm
_05057_,38.74µm
_06036_,38.74µm
digital_domain_inst.raw_edge2_x\[10\],38.74µm
digital_domain_inst.wave_controller_x_inst.ds_acc\[1\],38.74µm
net620,38.74µm
net1283,38.74µm
net1390,38.74µm
net1728,38.74µm
net1764,38.74µm
net2269,38.74µm
_01275_,38.69µm
_03142_,38.69µm
_03599_,38.69µm
_03979_,38.69µm
_04052_,38.69µm
_04275_,38.69µm
_04283_,38.69µm
_04397_,38.69µm
_04680_,38.69µm
_05112_,38.69µm
digital_domain_inst.spi_regs_inst.mosi_sync\[1\],38.69µm
net498,38.69µm
net831,38.69µm
net1520,38.69µm
net2408,38.69µm
net2670,38.69µm
_00403_,38.64µm
_03395_,38.64µm
_04150_,38.64µm
_05366_,38.64µm
digital_domain_inst.wave_controller_x_inst.ref_ds_acc\[6\],38.64µm
net656,38.64µm
_00895_,38.33µm
_04995_,38.33µm
_05666_,38.28µm
_01376_,38.23µm
_03009_,38.23µm
_04894_,38.23µm
_05236_,38.23µm
net1686,38.23µm
_01781_,38.18µm
_03681_,38.18µm
_03730_,38.18µm
_03887_,38.18µm
_04955_,38.18µm
net1296,38.18µm
net2447,38.18µm
_00022_,38.13µm
_00488_,38.13µm
_01618_,38.13µm
_02441_,38.13µm
_02935_,38.13µm
_04869_,38.13µm
_04921_,38.13µm
_04973_,38.13µm
_05381_,38.13µm
_05594_,38.13µm
_05665_,38.13µm
net297,38.13µm
net733,38.13µm
net2510,38.13µm
_01216_,38.08µm
_03486_,38.08µm
_04076_,38.08µm
_04110_,38.08µm
_04485_,38.08µm
_02917_,37.77µm
_01525_,37.67µm
_05081_,37.67µm
digital_domain_inst.cfg_phase270_offset_y\[2\],37.67µm
net841,37.67µm
_01995_,37.62µm
_04222_,37.62µm
_04233_,37.62µm
_04325_,37.62µm
digital_domain_inst.wave_controller_y_inst.ds_acc\[0\],37.62µm
net2073,37.62µm
net2301,37.62µm
_00660_,37.57µm
_01081_,37.57µm
_01145_,37.57µm
_02246_,37.57µm
_02459_,37.57µm
_04162_,37.57µm
_04377_,37.57µm
_05407_,37.57µm
_05506_,37.57µm
_05658_,37.57µm
_05832_,37.57µm
_05883_,37.57µm
_06003_,37.57µm
digital_domain_inst.wave_controller_y_inst.ds_acc\[7\],37.57µm
net287,37.57µm
net1105,37.57µm
net1530,37.57µm
_00768_,37.52µm
_01315_,37.52µm
_01646_,37.52µm
_02710_,37.52µm
_03991_,37.52µm
_04366_,37.52µm
net2494,37.52µm
net2547,37.52µm
net2580,37.52µm
_04488_,37.21µm
_00847_,37.16µm
_01077_,37.11µm
digital_domain_inst.wave_controller_y_inst.ds_acc\[1\],37.11µm
net1817,37.11µm
net1868,37.11µm
net2512,37.11µm
_01342_,37.06µm
_03042_,37.06µm
_05528_,37.06µm
_05690_,37.06µm
net2634,37.06µm
_00339_,37.01µm
_01252_,37.01µm
_02340_,37.01µm
_02505_,37.01µm
_02814_,37.01µm
_03710_,37.01µm
digital_domain_inst.wave_controller_y_inst.ds_acc\[3\],37.01µm
net947,37.01µm
net1735,37.01µm
_00998_,36.96µm
_01840_,36.96µm
_02115_,36.96µm
net1630,36.96µm
_05380_,36.73µm
net1254,36.6µm
_02482_,36.55µm
_04074_,36.55µm
_04583_,36.55µm
_04881_,36.55µm
net2552,36.55µm
_00716_,36.5µm
_01064_,36.5µm
_01626_,36.5µm
_01876_,36.5µm
_04913_,36.5µm
_01114_,36.45µm
_01642_,36.45µm
_01913_,36.45µm
_02936_,36.45µm
_03075_,36.45µm
_04062_,36.45µm
_04084_,36.45µm
_04574_,36.45µm
_05425_,36.45µm
digital_domain_inst.wave_controller_y_inst.phase_acc\[15\],36.45µm
net9,36.45µm
net147,36.45µm
net1996,36.45µm
_00896_,36.4µm
_01623_,36.4µm
_02593_,36.4µm
_03435_,36.4µm
_03509_,36.4µm
_03990_,36.4µm
_04216_,36.4µm
net2624,36.12µm
_01035_,35.99µm
_01200_,35.99µm
_01734_,35.99µm
net788,35.99µm
net1209,35.99µm
_00715_,35.94µm
_01713_,35.94µm
_04204_,35.94µm
_04964_,35.94µm
_05402_,35.94µm
_05530_,35.94µm
net2289,35.94µm
_00406_,35.89µm
_01722_,35.89µm
_02486_,35.89µm
_02902_,35.89µm
_03047_,35.89µm
_03492_,35.89µm
_03612_,35.89µm
_04602_,35.89µm
_04608_,35.89µm
_04724_,35.89µm
net489,35.89µm
net2551,35.89µm
net2588,35.89µm
_01101_,35.84µm
_01575_,35.84µm
_02328_,35.84µm
_02492_,35.84µm
_02683_,35.84µm
_03144_,35.84µm
_04054_,35.84µm
_05713_,35.84µm
net871,35.84µm
net1436,35.84µm
net294,35.53µm
_01593_,35.48µm
_01727_,35.43µm
_02722_,35.43µm
_04578_,35.43µm
_01530_,35.38µm
_03849_,35.38µm
_04022_,35.38µm
_04562_,35.38µm
_05168_,35.38µm
digital_domain_inst.raw_edge2_x\[12\],35.38µm
_01592_,35.33µm
_01632_,35.33µm
_01711_,35.33µm
_01999_,35.33µm
_02127_,35.33µm
_02922_,35.33µm
_04232_,35.33µm
_05486_,35.33µm
_05674_,35.33µm
_05943_,35.33µm
digital_domain_inst.wave_controller_x_inst.ref_ds_acc\[3\],35.33µm
net329,35.33µm
net2453,35.33µm
_01698_,35.28µm
_01783_,35.28µm
_04323_,35.28µm
_05489_,35.28µm
_05512_,35.28µm
_06029_,35.28µm
net1685,35.28µm
_01563_,34.92µm
_02760_,34.92µm
_01519_,34.87µm
_04252_,34.87µm
_04527_,34.87µm
net1891,34.87µm
net2508,34.87µm
_01314_,34.82µm
_03518_,34.82µm
_04709_,34.82µm
net1950,34.82µm
net2596,34.82µm
_00037_,34.77µm
_02182_,34.77µm
_02598_,34.77µm
_02726_,34.77µm
_03280_,34.77µm
_04528_,34.77µm
digital_domain_inst.wave_controller_y_inst.ref_ds_acc\[3\],34.77µm
net38,34.77µm
net335,34.77µm
_01122_,34.72µm
_01567_,34.72µm
_01612_,34.72µm
_03316_,34.72µm
_03421_,34.72µm
_03858_,34.72µm
_03884_,34.72µm
_04223_,34.72µm
_04495_,34.72µm
_04661_,34.72µm
_05889_,34.72µm
_05631_,34.59µm
_01500_,34.36µm
_02176_,34.36µm
_03697_,34.36µm
_04790_,34.31µm
_05629_,34.31µm
digital_domain_inst.signal_processor_y_inst.cycle_count\[2\],34.31µm
net163,34.31µm
net480,34.31µm
net798,34.31µm
net2172,34.31µm
_01030_,34.26µm
_02059_,34.26µm
_02317_,34.26µm
_02356_,34.26µm
_03682_,34.26µm
_04242_,34.26µm
_04974_,34.26µm
_05065_,34.26µm
_05611_,34.26µm
_00709_,34.21µm
_00999_,34.21µm
_02243_,34.21µm
_04093_,34.21µm
_04604_,34.21µm
_05735_,34.21µm
net291,34.21µm
net2437,34.21µm
_00673_,34.16µm
_00885_,34.16µm
_01719_,34.16µm
_02416_,34.16µm
_03196_,34.16µm
_05542_,34.16µm
net1277,34.16µm
_02564_,33.88µm
net1406,33.88µm
_00612_,33.8µm
_01853_,33.8µm
_02685_,33.8µm
_01179_,33.75µm
_03709_,33.75µm
_04109_,33.75µm
_04386_,33.75µm
_04660_,33.75µm
_04676_,33.75µm
_05171_,33.75µm
net885,33.75µm
net1522,33.75µm
_00671_,33.7µm
_02468_,33.7µm
_03152_,33.7µm
_04124_,33.7µm
_04129_,33.7µm
_05070_,33.7µm
_05224_,33.7µm
digital_domain_inst.raw_edge2_y\[2\],33.7µm
digital_domain_inst.wave_controller_y_inst.phase_acc\[16\],33.7µm
net1414,33.7µm
net1807,33.7µm
net2477,33.7µm
_00565_,33.65µm
_01146_,33.65µm
_01263_,33.65µm
_01650_,33.65µm
_02430_,33.65µm
_03050_,33.65µm
_04933_,33.65µm
_05524_,33.65µm
_05585_,33.65µm
net1544,33.65µm
_01049_,33.6µm
_01261_,33.6µm
_01925_,33.6µm
_02265_,33.6µm
_02335_,33.6µm
_02853_,33.6µm
_02866_,33.6µm
_04280_,33.6µm
_04713_,33.6µm
_05306_,33.6µm
net1966,33.6µm
_01078_,33.29µm
_03713_,33.29µm
_00956_,33.19µm
_01483_,33.19µm
_01647_,33.19µm
_01858_,33.19µm
_04989_,33.19µm
digital_domain_inst.signal_processor_x_inst.cnt_out\[2\],33.19µm
net718,33.19µm
_02491_,33.14µm
_03030_,33.14µm
_03844_,33.14µm
digital_domain_inst.raw_edge1_x\[1\],33.14µm
digital_domain_inst.wave_controller_y_inst.ds_acc\[2\],33.14µm
net1178,33.14µm
net1435,33.14µm
net1528,33.14µm
_01765_,33.09µm
_02985_,33.09µm
_03591_,33.09µm
_04173_,33.09µm
_05255_,33.09µm
_05485_,33.09µm
_06085_,33.09µm
digital_domain_inst.raw_edge2_y\[1\],33.09µm
net2679,33.09µm
_00097_,33.04µm
_00446_,33.04µm
_01645_,33.04µm
_01918_,33.04µm
_02341_,33.04µm
_02920_,33.04µm
_03703_,33.04µm
_05546_,33.04µm
_05627_,33.04µm
_06042_,33.04µm
_01499_,32.68µm
_04339_,32.68µm
net300,32.68µm
_02284_,32.63µm
_01649_,32.58µm
_02097_,32.58µm
_04037_,32.58µm
_04065_,32.58µm
_05509_,32.58µm
net102,32.58µm
net2639,32.58µm
_00080_,32.53µm
_01066_,32.53µm
_01156_,32.53µm
_01555_,32.53µm
_02932_,32.53µm
_03378_,32.53µm
_03605_,32.53µm
_03813_,32.53µm
_04319_,32.53µm
_04907_,32.53µm
_05124_,32.53µm
net1151,32.53µm
net1498,32.53µm
_00645_,32.48µm
_01186_,32.48µm
_01431_,32.48µm
_02613_,32.48µm
_02667_,32.48µm
_02744_,32.48µm
_03154_,32.48µm
_04189_,32.48µm
_04885_,32.48µm
_05027_,32.48µm
_05075_,32.48µm
_05149_,32.48µm
_04662_,32.12µm
_00953_,32.07µm
_04088_,32.07µm
_04097_,32.07µm
_04387_,32.07µm
net930,32.07µm
_03625_,32.02µm
_04081_,32.02µm
_04346_,32.02µm
_05111_,32.02µm
_05129_,32.02µm
_05766_,32.02µm
digital_domain_inst.wave_controller_y_inst.ref_ds_acc\[2\],32.02µm
digital_domain_inst.wave_controller_y_inst.wave_cycle_cnt\[1\],32.02µm
net284,32.02µm
net1434,32.02µm
_01542_,31.97µm
_02439_,31.97µm
_02747_,31.97µm
_02751_,31.97µm
_02983_,31.97µm
_04164_,31.97µm
_04566_,31.97µm
_05428_,31.97µm
_05731_,31.97µm
net293,31.97µm
net715,31.97µm
_00408_,31.92µm
_00606_,31.92µm
_01022_,31.92µm
_01190_,31.92µm
_01193_,31.92µm
_01396_,31.92µm
_01460_,31.92µm
_01494_,31.92µm
_02931_,31.92µm
_03344_,31.92µm
_03638_,31.92µm
_04771_,31.92µm
_04777_,31.92µm
_05467_,31.92µm
net1814,31.92µm
_00453_,31.91µm
_04868_,31.56µm
_04979_,31.56µm
_00784_,31.51µm
_01345_,31.51µm
_04243_,31.51µm
net292,31.51µm
net1042,31.51µm
net1642,31.51µm
_01384_,31.46µm
_01454_,31.46µm
_03021_,31.46µm
_03088_,31.46µm
_04765_,31.46µm
_05069_,31.46µm
_05137_,31.46µm
digital_domain_inst.wave_controller_x_inst.ref_ds_acc\[0\],31.46µm
net2599,31.46µm
_00438_,31.41µm
_00891_,31.41µm
_01096_,31.41µm
_01312_,31.41µm
_01424_,31.41µm
_01904_,31.41µm
_02050_,31.41µm
_02392_,31.41µm
_03210_,31.41µm
_03329_,31.41µm
_03342_,31.41µm
_03398_,31.41µm
_03590_,31.41µm
_04598_,31.41µm
_04718_,31.41µm
_05034_,31.41µm
_05572_,31.41µm
digital_domain_inst.spi_regs_inst.reg_wr_data\[3\],31.41µm
net1430,31.41µm
net2036,31.41µm
_00780_,31.36µm
_01159_,31.36µm
_01171_,31.36µm
_02101_,31.36µm
_03365_,31.36µm
_04158_,31.36µm
_04787_,31.36µm
_05254_,31.36µm
_05823_,31.36µm
digital_domain_inst.spi_regs_inst.tx_shift\[4\],31.36µm
net252,31.36µm
_04282_,31.13µm
_01044_,31.05µm
_05436_,31.05µm
net1059,31µm
_01133_,30.95µm
_04072_,30.95µm
_05085_,30.95µm
_05550_,30.95µm
net240,30.95µm
net1536,30.95µm
net1720,30.95µm
_00980_,30.9µm
_01160_,30.9µm
_01173_,30.9µm
_01358_,30.9µm
_01591_,30.9µm
_02257_,30.9µm
_03097_,30.9µm
_03847_,30.9µm
_04063_,30.9µm
_04289_,30.9µm
_04695_,30.9µm
_05107_,30.9µm
_05874_,30.9µm
net171,30.9µm
net286,30.9µm
net2521,30.9µm
_01147_,30.85µm
_01343_,30.85µm
_01496_,30.85µm
_01656_,30.85µm
_01955_,30.85µm
_02225_,30.85µm
_02705_,30.85µm
_02968_,30.85µm
_03015_,30.85µm
_03800_,30.85µm
_03951_,30.85µm
_04330_,30.85µm
_04580_,30.85µm
_05121_,30.85µm
_05185_,30.85µm
_05433_,30.85µm
digital_domain_inst.signal_processor_x_inst.cnt_in\[0\],30.85µm
net354,30.85µm
net974,30.85µm
_00017_,30.8µm
_00096_,30.8µm
_00457_,30.8µm
_01214_,30.8µm
_01231_,30.8µm
_01945_,30.8µm
_02865_,30.8µm
_04916_,30.8µm
_05229_,30.8µm
_05352_,30.8µm
_05368_,30.8µm
_05866_,30.8µm
_05906_,30.8µm
net799,30.8µm
_03940_,30.49µm
_01534_,30.39µm
_03725_,30.39µm
_04638_,30.39µm
_01532_,30.34µm
_01643_,30.34µm
_03908_,30.34µm
_04494_,30.34µm
_05547_,30.34µm
_00972_,30.29µm
_01112_,30.29µm
_01630_,30.29µm
_02032_,30.29µm
_02177_,30.29µm
_02688_,30.29µm
_02864_,30.29µm
_03555_,30.29µm
_03663_,30.29µm
_04017_,30.29µm
_04174_,30.29µm
_04739_,30.29µm
_05716_,30.29µm
_05757_,30.29µm
_06038_,30.29µm
digital_domain_inst.wave_controller_y_inst.ref_ds_acc\[0\],30.29µm
net1169,30.29µm
net2660,30.29µm
_01327_,30.24µm
_01633_,30.24µm
_02060_,30.24µm
_02782_,30.24µm
_03782_,30.24µm
_03995_,30.24µm
net1225,30.24µm
_01389_,29.93µm
_02736_,29.88µm
_01457_,29.83µm
_03408_,29.83µm
_04172_,29.83µm
_04230_,29.83µm
_04657_,29.83µm
_05209_,29.83µm
net1924,29.83µm
_00783_,29.78µm
_02318_,29.78µm
_03659_,29.78µm
_03770_,29.78µm
_04116_,29.78µm
_04308_,29.78µm
_04605_,29.78µm
_05128_,29.78µm
_05545_,29.78µm
_05694_,29.78µm
net138,29.78µm
net1712,29.78µm
net1777,29.78µm
net2432,29.78µm
_01600_,29.73µm
_01689_,29.73µm
_01829_,29.73µm
_01844_,29.73µm
_01870_,29.73µm
_02002_,29.73µm
_02749_,29.73µm
_03429_,29.73µm
_03662_,29.73µm
_03911_,29.73µm
_04552_,29.73µm
_04741_,29.73µm
_05198_,29.73µm
digital_domain_inst.wave_controller_x_inst.ref_ds_acc\[4\],29.73µm
net108,29.73µm
_00180_,29.68µm
_00297_,29.68µm
_00454_,29.68µm
_01313_,29.68µm
_01622_,29.68µm
_02477_,29.68µm
_02592_,29.68µm
_03308_,29.68µm
_04079_,29.68µm
_05624_,29.68µm
_05790_,29.68µm
digital_domain_inst.wave_controller_x_inst.cal_burst_active,29.68µm
_05118_,29.5µm
_01810_,29.32µm
_01352_,29.27µm
_02717_,29.27µm
_05416_,29.27µm
_00601_,29.22µm
_01322_,29.22µm
_01709_,29.22µm
_03727_,29.22µm
_03880_,29.22µm
_04108_,29.22µm
_05723_,29.22µm
digital_domain_inst.wave_controller_x_inst.ds_acc\[5\],29.22µm
net918,29.22µm
net1020,29.22µm
_00064_,29.17µm
_00947_,29.17µm
_01449_,29.17µm
_01621_,29.17µm
_01954_,29.17µm
_02918_,29.17µm
_03651_,29.17µm
_04408_,29.17µm
_05614_,29.17µm
_05625_,29.17µm
digital_domain_inst.soft_rst,29.17µm
net629,29.17µm
net1850,29.17µm
_00550_,29.12µm
_01387_,29.12µm
_01823_,29.12µm
_01942_,29.12µm
_02450_,29.12µm
_02868_,29.12µm
_03538_,29.12µm
_04385_,29.12µm
_04486_,29.12µm
_05928_,29.12µm
_03338_,28.76µm
_05664_,28.76µm
_03672_,28.71µm
_03950_,28.71µm
_00818_,28.66µm
_01631_,28.66µm
_03046_,28.66µm
_03053_,28.66µm
_03921_,28.66µm
_04327_,28.66µm
_04509_,28.66µm
_04517_,28.66µm
_04632_,28.66µm
_04691_,28.66µm
_05148_,28.66µm
net2534,28.66µm
_00940_,28.61µm
_01311_,28.61µm
_02596_,28.61µm
_02861_,28.61µm
_03083_,28.61µm
_04163_,28.61µm
_04277_,28.61µm
digital_domain_inst.wave_controller_y_inst.phase_acc\[4\],28.61µm
digital_domain_inst.wave_controller_y_inst.phase_acc\[9\],28.61µm
net2592,28.61µm
_00402_,28.56µm
_00440_,28.56µm
_01010_,28.56µm
_01772_,28.56µm
_02087_,28.56µm
_02686_,28.56µm
_02730_,28.56µm
_03626_,28.56µm
_03742_,28.56µm
_03998_,28.56µm
_04505_,28.56µm
_04927_,28.56µm
_05173_,28.56µm
net675,28.38µm
_03881_,28.28µm
_03820_,28.2µm
_01073_,28.15µm
_02219_,28.15µm
_04135_,28.15µm
_05291_,28.15µm
net304,28.15µm
net415,28.15µm
_01164_,28.1µm
_01735_,28.1µm
_02501_,28.1µm
_02693_,28.1µm
_03143_,28.1µm
_03645_,28.1µm
_03822_,28.1µm
_04253_,28.1µm
_04411_,28.1µm
_04582_,28.1µm
_04617_,28.1µm
_05574_,28.1µm
digital_domain_inst.signal_processor_y_inst.s90,28.1µm
net680,28.1µm
net1499,28.1µm
_00009_,28.05µm
_00333_,28.05µm
_00562_,28.05µm
_01005_,28.05µm
_01330_,28.05µm
_01371_,28.05µm
_01436_,28.05µm
_01472_,28.05µm
_01561_,28.05µm
_02696_,28.05µm
_02720_,28.05µm
_02741_,28.05µm
_03357_,28.05µm
_03525_,28.05µm
_04048_,28.05µm
_04393_,28.05µm
_04677_,28.05µm
_04943_,28.05µm
_05013_,28.05µm
_05019_,28.05µm
_05184_,28.05µm
digital_domain_inst.cfg_f_MEMS_fcw_x\[13\],28.05µm
net545,28.05µm
net1804,28.05µm
_00056_,28µm
_00428_,28µm
_01579_,28µm
_02711_,28µm
_03417_,28µm
_03741_,28µm
_03981_,28µm
_05029_,28µm
_05054_,28µm
_05651_,28µm
net238,28µm
_01277_,27.64µm
_02423_,27.64µm
net863,27.64µm
_00871_,27.59µm
_03033_,27.59µm
_03079_,27.59µm
_03396_,27.59µm
_03673_,27.59µm
_03928_,27.59µm
_04290_,27.59µm
_04757_,27.59µm
_02728_,27.54µm
_03147_,27.54µm
_03406_,27.54µm
_03691_,27.54µm
_05156_,27.54µm
_06005_,27.54µm
_00063_,27.49µm
_01465_,27.49µm
_01596_,27.49µm
_01673_,27.49µm
_01864_,27.49µm
_02031_,27.49µm
_02042_,27.49µm
_03026_,27.49µm
_03200_,27.49µm
_03388_,27.49µm
_04288_,27.49µm
_04529_,27.49µm
digital_domain_inst.wave_controller_y_inst.wave_cycle_cnt\[0\],27.49µm
net1836,27.49µm
_00085_,27.44µm
_00903_,27.44µm
_01185_,27.44µm
_01788_,27.44µm
_02064_,27.44µm
_02934_,27.44µm
_03818_,27.44µm
_04018_,27.44µm
_04266_,27.44µm
_04374_,27.44µm
_04793_,27.44µm
_04932_,27.44µm
_05032_,27.44µm
_05221_,27.44µm
_05514_,27.44µm
_05652_,27.44µm
_05815_,27.44µm
_05909_,27.44µm
digital_domain_inst.wave_controller_x_inst.ds_acc\[0\],27.44µm
net296,27.44µm
_04802_,27.13µm
_03037_,27.08µm
_03734_,27.08µm
_00596_,27.03µm
_00724_,27.03µm
_03889_,27.03µm
_04148_,27.03µm
_02294_,26.98µm
_03418_,26.98µm
_04196_,26.98µm
_04870_,26.98µm
_05277_,26.98µm
_05346_,26.98µm
_05391_,26.98µm
digital_domain_inst.spi_regs_inst.tx_shift\[3\],26.98µm
net1006,26.98µm
net1995,26.98µm
_00122_,26.93µm
_00542_,26.93µm
_01662_,26.93µm
_01700_,26.93µm
_02074_,26.93µm
_03370_,26.93µm
_03643_,26.93µm
_03764_,26.93µm
_03938_,26.93µm
_04015_,26.93µm
_04046_,26.93µm
_04294_,26.93µm
_05022_,26.93µm
_05905_,26.93µm
_06075_,26.93µm
digital_domain_inst.raw_edge2_y\[5\],26.93µm
net382,26.93µm
net859,26.93µm
net1198,26.93µm
_00468_,26.88µm
_01202_,26.88µm
_01295_,26.88µm
_01351_,26.88µm
_01974_,26.88µm
_03369_,26.88µm
_04959_,26.88µm
_03602_,26.52µm
_01489_,26.47µm
_02171_,26.47µm
_03809_,26.47µm
_04030_,26.47µm
_04055_,26.47µm
_05541_,26.47µm
net951,26.47µm
_00685_,26.42µm
_01349_,26.42µm
_01353_,26.42µm
_01514_,26.42µm
_01521_,26.42µm
_01812_,26.42µm
_02138_,26.42µm
_02230_,26.42µm
_04092_,26.42µm
_04558_,26.42µm
_04884_,26.42µm
_00026_,26.37µm
_02023_,26.37µm
_02305_,26.37µm
_03924_,26.37µm
_04039_,26.37µm
_05093_,26.37µm
_00272_,26.32µm
_01019_,26.32µm
_01731_,26.32µm
_01754_,26.32µm
_01934_,26.32µm
_01975_,26.32µm
_02062_,26.32µm
_02090_,26.32µm
_02214_,26.32µm
_02343_,26.32µm
_02591_,26.32µm
_02973_,26.32µm
_03963_,26.32µm
_05318_,26.32µm
_05527_,26.32µm
_05636_,26.32µm
_05807_,26.32µm
_05845_,26.32µm
_06007_,26.32µm
_06056_,26.32µm
digital_domain_inst.signal_processor_x_inst.cycle_count\[2\],26.01µm
_03825_,25.91µm
_04200_,25.91µm
_05913_,25.91µm
digital_domain_inst.wave_controller_y_inst.comp_sync4,25.91µm
_00890_,25.86µm
_02063_,25.86µm
_02712_,25.86µm
_03346_,25.86µm
_04225_,25.86µm
_04748_,25.86µm
_04958_,25.86µm
_05211_,25.86µm
_05760_,25.86µm
net221,25.86µm
net305,25.86µm
net950,25.86µm
net1584,25.86µm
_00208_,25.81µm
_00546_,25.81µm
_00655_,25.81µm
_00658_,25.81µm
_00981_,25.81µm
_01686_,25.81µm
_01701_,25.81µm
_02510_,25.81µm
_02786_,25.81µm
_02913_,25.81µm
_03092_,25.81µm
_03351_,25.81µm
_03616_,25.81µm
_03857_,25.81µm
_05358_,25.81µm
_05540_,25.81µm
_05998_,25.81µm
digital_domain_inst.cfg_f_MEMS_fcw_x\[8\],25.81µm
digital_domain_inst.signal_processor_y_inst.cnt_in\[0\],25.81µm
digital_domain_inst.wave_controller_y_inst.phase_acc\[18\],25.81µm
net2444,25.81µm
_00789_,25.76µm
_01782_,25.76µm
_02319_,25.76µm
_02333_,25.76µm
_02415_,25.76µm
_02503_,25.76µm
_02988_,25.76µm
_03061_,25.76µm
_03988_,25.76µm
_04458_,25.76µm
_04522_,25.76µm
_05068_,25.76µm
_05089_,25.76µm
_05266_,25.76µm
_05487_,25.76µm
_05884_,25.76µm
_05932_,25.76µm
net1097,25.76µm
net2226,25.76µm
_05554_,25.45µm
_03935_,25.4µm
_01129_,25.35µm
_02038_,25.35µm
_04561_,25.35µm
net558,25.35µm
_00978_,25.3µm
_01248_,25.3µm
_01286_,25.3µm
_01537_,25.3µm
_02163_,25.3µm
_02185_,25.3µm
_03775_,25.3µm
_03827_,25.3µm
_03933_,25.3µm
_04577_,25.3µm
_04621_,25.3µm
_04925_,25.3µm
net2349,25.3µm
net2591,25.3µm
_00002_,25.25µm
_01347_,25.25µm
_01440_,25.25µm
_01470_,25.25µm
_01712_,25.25µm
_02135_,25.25µm
_02136_,25.25µm
_02324_,25.25µm
_02589_,25.25µm
_02597_,25.25µm
_02718_,25.25µm
_02780_,25.25µm
_02949_,25.25µm
_04042_,25.25µm
_04201_,25.25µm
_04559_,25.25µm
_04821_,25.25µm
_05427_,25.25µm
_05809_,25.25µm
_05944_,25.25µm
net2130,25.25µm
_00049_,25.2µm
_00209_,25.2µm
_01763_,25.2µm
_02379_,25.2µm
_03191_,25.2µm
_03587_,25.2µm
_04035_,25.2µm
_04733_,25.2µm
_04912_,25.2µm
net679,24.84µm
_01931_,24.79µm
_02588_,24.79µm
_05095_,24.79µm
digital_domain_inst.spi_regs_inst.rx_shift\[6\],24.79µm
_02334_,24.74µm
_02457_,24.74µm
_02732_,24.74µm
_04080_,24.74µm
_04804_,24.74µm
_04809_,24.74µm
_05590_,24.74µm
_05609_,24.74µm
net2499,24.74µm
_00040_,24.69µm
_00908_,24.69µm
_01856_,24.69µm
_01872_,24.69µm
_01961_,24.69µm
_02370_,24.69µm
_03390_,24.69µm
_03610_,24.69µm
_03754_,24.69µm
_03992_,24.69µm
_04178_,24.69µm
_04382_,24.69µm
_04455_,24.69µm
_04464_,24.69µm
_05732_,24.69µm
digital_domain_inst.signal_processor_y_inst.cnt_out\[1\],24.69µm
net869,24.69µm
net1345,24.69µm
_00306_,24.64µm
_00935_,24.64µm
_01003_,24.64µm
_01723_,24.64µm
_02194_,24.64µm
_02451_,24.64µm
_02561_,24.64µm
_03791_,24.64µm
_04260_,24.64µm
_04359_,24.64µm
net719,24.64µm
net1125,24.64µm
net1249,24.64µm
_04801_,24.36µm
_03634_,24.28µm
_03936_,24.23µm
_04570_,24.23µm
_05413_,24.23µm
_05437_,24.23µm
digital_domain_inst.signal_processor_y_inst.cnt_in\[2\],24.23µm
_00509_,24.18µm
_00599_,24.18µm
_01212_,24.18µm
_01802_,24.18µm
_02432_,24.18µm
_02887_,24.18µm
_03650_,24.18µm
_04066_,24.18µm
_04653_,24.18µm
_05647_,24.18µm
_06045_,24.18µm
net1802,24.18µm
_00467_,24.13µm
_00826_,24.13µm
_00901_,24.13µm
_00909_,24.13µm
_00930_,24.13µm
_01197_,24.13µm
_01278_,24.13µm
_01501_,24.13µm
_01598_,24.13µm
_01895_,24.13µm
_02345_,24.13µm
_02358_,24.13µm
_02495_,24.13µm
_02748_,24.13µm
_02770_,24.13µm
_03392_,24.13µm
_04003_,24.13µm
_04185_,24.13µm
_04269_,24.13µm
_04273_,24.13µm
_04361_,24.13µm
_04629_,24.13µm
_04753_,24.13µm
_05238_,24.13µm
_05846_,24.13µm
net1412,24.13µm
net2011,24.13µm
_00332_,24.08µm
_01294_,24.08µm
_01297_,24.08µm
_01590_,24.08µm
_01967_,24.08µm
_02035_,24.08µm
_02633_,24.08µm
_02847_,24.08µm
_03277_,24.08µm
_03842_,24.08µm
_04049_,24.08µm
_04300_,24.08µm
_04347_,24.08µm
_04553_,24.08µm
_04879_,24.08µm
_05601_,24.08µm
_05639_,24.08µm
_05707_,24.08µm
_05754_,24.08µm
_06060_,24.08µm
net313,24.08µm
net683,24.08µm
net1464,24.08µm
_03828_,23.8µm
_05066_,23.8µm
_01541_,23.67µm
_01749_,23.67µm
_02750_,23.67µm
_03756_,23.67µm
_01000_,23.62µm
_02103_,23.62µm
_02248_,23.62µm
_03387_,23.62µm
_04730_,23.62µm
_04834_,23.62µm
_05663_,23.62µm
net613,23.62µm
net1342,23.62µm
net1422,23.62µm
_00053_,23.57µm
_00470_,23.57µm
_00813_,23.57µm
_01430_,23.57µm
_01680_,23.57µm
_01993_,23.57µm
_02153_,23.57µm
_02157_,23.57µm
_03055_,23.57µm
_04352_,23.57µm
_04746_,23.57µm
_05165_,23.57µm
_05393_,23.57µm
_05412_,23.57µm
_05587_,23.57µm
_05589_,23.57µm
_00878_,23.52µm
_01272_,23.52µm
_01862_,23.52µm
_02399_,23.52µm
_03263_,23.52µm
_03604_,23.52µm
_03965_,23.52µm
_04293_,23.52µm
_04914_,23.52µm
_05001_,23.52µm
_05421_,23.52µm
_05478_,23.52µm
_05733_,23.52µm
_05951_,23.52µm
_01253_,23.11µm
_01798_,23.11µm
_02247_,23.11µm
_02285_,23.11µm
_03746_,23.11µm
_05276_,23.11µm
digital_domain_inst.wave_controller_x_inst.cal_burst_count\[0\],23.11µm
digital_domain_inst.wave_controller_y_inst.ref_ds_acc\[5\],23.11µm
net57,23.11µm
_00749_,23.06µm
_00964_,23.06µm
_01189_,23.06µm
_02326_,23.06µm
_02409_,23.06µm
_02438_,23.06µm
_02929_,23.06µm
_03043_,23.06µm
_03155_,23.06µm
_03941_,23.06µm
_04379_,23.06µm
_04643_,23.06µm
_05299_,23.06µm
_05962_,23.06µm
net162,23.06µm
net318,23.06µm
net2465,23.06µm
net2518,23.06µm
_00384_,23.01µm
_00472_,23.01µm
_00893_,23.01µm
_01270_,23.01µm
_01317_,23.01µm
_01392_,23.01µm
_01451_,23.01µm
_01478_,23.01µm
_02043_,23.01µm
_02293_,23.01µm
_02702_,23.01µm
_02719_,23.01µm
_02978_,23.01µm
_03523_,23.01µm
_04409_,23.01µm
_04448_,23.01µm
_04499_,23.01µm
_04700_,23.01µm
_04774_,23.01µm
_04814_,23.01µm
_05014_,23.01µm
_05051_,23.01µm
digital_domain_inst.cfg_f_MEMS_fcw_y\[6\],23.01µm
digital_domain_inst.spi_regs_inst.spi_addr\[5\],23.01µm
digital_domain_inst.wave_controller_x_inst.ds_acc\[6\],23.01µm
digital_domain_inst.wave_controller_y_inst.ds_acc\[5\],23.01µm
net1157,23.01µm
net2299,23.01µm
net2449,23.01µm
_00171_,22.96µm
_00450_,22.96µm
_01522_,22.96µm
_01849_,22.96µm
_02223_,22.96µm
_02476_,22.96µm
_03197_,22.96µm
_03360_,22.96µm
_03640_,22.96µm
_03859_,22.96µm
_04424_,22.96µm
_04770_,22.96µm
_04819_,22.96µm
_04850_,22.96µm
_05053_,22.96µm
_05055_,22.96µm
_05088_,22.96µm
_05365_,22.96µm
_05384_,22.96µm
_06053_,22.96µm
net235,22.96µm
_04551_,22.6µm
_01140_,22.55µm
_02175_,22.55µm
_02599_,22.55µm
_02773_,22.55µm
_05083_,22.55µm
digital_domain_inst.wave_controller_y_inst.ref_ds_acc\[6\],22.55µm
_00547_,22.5µm
_01480_,22.5µm
_02296_,22.5µm
_02694_,22.5µm
_03347_,22.5µm
_03721_,22.5µm
_03934_,22.5µm
_04751_,22.5µm
_04998_,22.5µm
_05398_,22.5µm
digital_domain_inst.signal_processor_x_inst.cycle_count\[3\],22.5µm
net678,22.5µm
net1367,22.5µm
net1585,22.5µm
net2649,22.5µm
_00041_,22.45µm
_00079_,22.45µm
_00983_,22.45µm
_01175_,22.45µm
_01397_,22.45µm
_02069_,22.45µm
_02570_,22.45µm
_02595_,22.45µm
_02777_,22.45µm
_02860_,22.45µm
_03685_,22.45µm
_03726_,22.45µm
_04026_,22.45µm
_04053_,22.45µm
_04071_,22.45µm
_04117_,22.45µm
_04335_,22.45µm
_04372_,22.45µm
_04564_,22.45µm
_05591_,22.45µm
_05841_,22.45µm
_06013_,22.45µm
digital_domain_inst.wave_controller_x_inst.phase_acc\[5\],22.45µm
net510,22.45µm
net956,22.45µm
net1167,22.45µm
net1206,22.45µm
net1288,22.45µm
_00214_,22.4µm
_01511_,22.4µm
_03740_,22.4µm
_03763_,22.4µm
_04278_,22.4µm
_04338_,22.4µm
_05058_,22.4µm
_05283_,22.4µm
_05505_,22.4µm
_00801_,22.04µm
_01034_,21.99µm
_01420_,21.99µm
_02466_,21.99µm
_03660_,21.99µm
_03728_,21.99µm
net2364,21.99µm
_00571_,21.94µm
_00683_,21.94µm
_00926_,21.94µm
_00967_,21.94µm
_01273_,21.94µm
_01787_,21.94µm
_02571_,21.94µm
_04270_,21.94µm
_04526_,21.94µm
_04845_,21.94µm
_05175_,21.94µm
_06051_,21.94µm
digital_domain_inst.cfg_f_MEMS_fcw_y\[1\],21.94µm
net1234,21.94µm
net1754,21.94µm
net2566,21.94µm
_00594_,21.89µm
_00644_,21.89µm
_01463_,21.89µm
_01486_,21.89µm
_01564_,21.89µm
_01725_,21.89µm
_01825_,21.89µm
_02113_,21.89µm
_02499_,21.89µm
_02646_,21.89µm
_02691_,21.89µm
_02721_,21.89µm
_03335_,21.89µm
_04206_,21.89µm
_04786_,21.89µm
_04963_,21.89µm
_05139_,21.89µm
_05177_,21.89µm
_05602_,21.89µm
_05797_,21.89µm
net829,21.89µm
net2006,21.89µm
net2602,21.89µm
_00423_,21.84µm
_01292_,21.84µm
_02167_,21.84µm
_02268_,21.84µm
_02550_,21.84µm
_02723_,21.84µm
_02986_,21.84µm
_03040_,21.84µm
_03134_,21.84µm
_03330_,21.84µm
_03804_,21.84µm
_04395_,21.84µm
_04439_,21.84µm
_04743_,21.84µm
_04766_,21.84µm
_04822_,21.84µm
_04823_,21.84µm
_05169_,21.84µm
_05925_,21.84µm
_05999_,21.84µm
net330,21.84µm
net485,21.84µm
_00922_,21.43µm
_04247_,21.43µm
_05203_,21.43µm
_00899_,21.38µm
_01306_,21.38µm
_02365_,21.38µm
_02897_,21.38µm
_03060_,21.38µm
_03874_,21.38µm
_04376_,21.38µm
_05219_,21.38µm
digital_domain_inst.signal_processor_y_inst.cycle_count\[1\],21.38µm
net1270,21.38µm
net1915,21.38µm
net2472,21.38µm
_00289_,21.33µm
_00667_,21.33µm
_01276_,21.33µm
_01381_,21.33µm
_01448_,21.33µm
_01694_,21.33µm
_01924_,21.33µm
_02012_,21.33µm
_02052_,21.33µm
_02835_,21.33µm
_03133_,21.33µm
_03137_,21.33µm
_03211_,21.33µm
_03239_,21.33µm
_03393_,21.33µm
_03814_,21.33µm
_04769_,21.33µm
_04825_,21.33µm
digital_domain_inst.cfg_f_MEMS_fcw_x\[15\],21.33µm
net295,21.33µm
net959,21.33µm
_00471_,21.28µm
_00489_,21.28µm
_01288_,21.28µm
_01354_,21.28µm
_01425_,21.28µm
_01692_,21.28µm
_01971_,21.28µm
_02266_,21.28µm
_02556_,21.28µm
_03068_,21.28µm
_03407_,21.28µm
_03937_,21.28µm
_04091_,21.28µm
_04184_,21.28µm
_04686_,21.28µm
_05157_,21.28µm
_05252_,21.28µm
_01760_,20.92µm
_05650_,20.92µm
_01386_,20.87µm
_01408_,20.87µm
_01912_,20.87µm
_04363_,20.87µm
_01095_,20.82µm
_01479_,20.82µm
_01813_,20.82µm
_02024_,20.82µm
_02249_,20.82µm
_02301_,20.82µm
_02429_,20.82µm
_02733_,20.82µm
_02869_,20.82µm
_03658_,20.82µm
_03931_,20.82µm
_04070_,20.82µm
_04199_,20.82µm
_04281_,20.82µm
_05030_,20.82µm
_05226_,20.82µm
_05566_,20.82µm
net215,20.82µm
_00072_,20.77µm
_00117_,20.77µm
_00506_,20.77µm
_01205_,20.77µm
_01444_,20.77µm
_01446_,20.77µm
_01492_,20.77µm
_01526_,20.77µm
_01759_,20.77µm
_01766_,20.77µm
_02161_,20.77µm
_02213_,20.77µm
_02367_,20.77µm
_02715_,20.77µm
_03279_,20.77µm
_03501_,20.77µm
_04685_,20.77µm
_05087_,20.77µm
_05271_,20.77µm
_05334_,20.77µm
_05693_,20.77µm
_06050_,20.77µm
_06080_,20.77µm
_06083_,20.77µm
digital_domain_inst.signal_processor_x_inst.s90_pipe\[1\],20.77µm
digital_domain_inst.signal_processor_y_inst.cnt_out\[3\],20.77µm
net14,20.77µm
net898,20.77µm
_00170_,20.72µm
_00787_,20.72µm
_01105_,20.72µm
_01557_,20.72µm
_02036_,20.72µm
_02078_,20.72µm
_02104_,20.72µm
_02116_,20.72µm
_02488_,20.72µm
_02640_,20.72µm
_02974_,20.72µm
_03689_,20.72µm
_04165_,20.72µm
_04176_,20.72µm
_04187_,20.72µm
_04241_,20.72µm
_04828_,20.72µm
_04942_,20.72µm
_05092_,20.72µm
_05099_,20.72µm
_05130_,20.72µm
_05672_,20.72µm
_05722_,20.72µm
net312,20.72µm
_04167_,20.36µm
_01512_,20.31µm
_02033_,20.31µm
_03737_,20.31µm
_05411_,20.31µm
_02181_,20.26µm
_02899_,20.26µm
_03986_,20.26µm
_04075_,20.26µm
_04229_,20.26µm
_04560_,20.26µm
_04576_,20.26µm
_04678_,20.26µm
net1861,20.26µm
net2511,20.26µm
_00285_,20.21µm
_00588_,20.21µm
_00966_,20.21µm
_01169_,20.21µm
_01490_,20.21µm
_01518_,20.21µm
_01932_,20.21µm
_02071_,20.21µm
_02073_,20.21µm
_02232_,20.21µm
_02434_,20.21µm
_02549_,20.21µm
_02769_,20.21µm
_03164_,20.21µm
_04234_,20.21µm
_04267_,20.21µm
_04317_,20.21µm
_04421_,20.21µm
_04573_,20.21µm
_04712_,20.21µm
_04811_,20.21µm
_04954_,20.21µm
_05246_,20.21µm
_05772_,20.21µm
_05817_,20.21µm
_05895_,20.21µm
_05911_,20.21µm
digital_domain_inst.cfg_f_MEMS_fcw_y\[13\],20.21µm
net1054,20.21µm
_00494_,20.16µm
_00870_,20.16µm
_00957_,20.16µm
_01061_,20.16µm
_01123_,20.16µm
_01335_,20.16µm
_01528_,20.16µm
_01716_,20.16µm
_01989_,20.16µm
_02436_,20.16µm
_02566_,20.16µm
_02914_,20.16µm
_03064_,20.16µm
_03166_,20.16µm
_03462_,20.16µm
_03752_,20.16µm
_03796_,20.16µm
_03997_,20.16µm
_04389_,20.16µm
_05050_,20.16µm
_05225_,20.16µm
_05339_,20.16µm
_05507_,20.16µm
_05539_,20.16µm
_05814_,20.16µm
_05931_,20.16µm
net839,20.16µm
_02583_,19.75µm
_05102_,19.75µm
_00705_,19.7µm
_01098_,19.7µm
_01279_,19.7µm
_01502_,19.7µm
_02545_,19.7µm
_02911_,19.7µm
_03664_,19.7µm
_03694_,19.7µm
_03893_,19.7µm
_04340_,19.7µm
_04637_,19.7µm
_05265_,19.7µm
_05414_,19.7µm
_05448_,19.7µm
_05637_,19.7µm
net1378,19.7µm
_00069_,19.65µm
_00451_,19.65µm
_00835_,19.65µm
_01221_,19.65µm
_01370_,19.65µm
_01464_,19.65µm
_01539_,19.65µm
_01589_,19.65µm
_01875_,19.65µm
_01883_,19.65µm
_01992_,19.65µm
_02198_,19.65µm
_02401_,19.65µm
_02405_,19.65µm
_02764_,19.65µm
_02844_,19.65µm
_02958_,19.65µm
_03119_,19.65µm
_03348_,19.65µm
_03656_,19.65µm
_03701_,19.65µm
_03838_,19.65µm
_03983_,19.65µm
_04727_,19.65µm
_04849_,19.65µm
_05228_,19.65µm
_05237_,19.65µm
_05272_,19.65µm
_05287_,19.65µm
_05446_,19.65µm
_05468_,19.65µm
_05488_,19.65µm
_05525_,19.65µm
_05584_,19.65µm
_05843_,19.65µm
digital_domain_inst.raw_edge2_x\[9\],19.65µm
net833,19.65µm
net1831,19.65µm
_01047_,19.6µm
_02802_,19.6µm
_02989_,19.6µm
_03194_,19.6µm
_03205_,19.6µm
_03323_,19.6µm
_03891_,19.6µm
_04394_,19.6µm
_04531_,19.6µm
_04554_,19.6µm
_05581_,19.6µm
_05697_,19.6µm
_06039_,19.6µm
net825,19.6µm
_04381_,19.24µm
_00902_,19.19µm
_03821_,19.19µm
_03848_,19.19µm
digital_domain_inst.wave_controller_x_inst.wave_cycle_cnt\[3\],19.19µm
_00960_,19.14µm
_01009_,19.14µm
_01400_,19.14µm
_02144_,19.14µm
_02298_,19.14µm
_02905_,19.14µm
_03082_,19.14µm
_03929_,19.14µm
_03989_,19.14µm
_04068_,19.14µm
_04237_,19.14µm
_04540_,19.14µm
_04740_,19.14µm
_05060_,19.14µm
_05508_,19.14µm
_06035_,19.14µm
_00071_,19.09µm
_00376_,19.09µm
_00386_,19.09µm
_00507_,19.09µm
_00578_,19.09µm
_00785_,19.09µm
_00931_,19.09µm
_00941_,19.09µm
_01144_,19.09µm
_01198_,19.09µm
_01280_,19.09µm
_01613_,19.09µm
_02206_,19.09µm
_02403_,19.09µm
_02642_,19.09µm
_02862_,19.09µm
_02903_,19.09µm
_02924_,19.09µm
_03049_,19.09µm
_03444_,19.09µm
_03760_,19.09µm
_03779_,19.09µm
_03786_,19.09µm
_04565_,19.09µm
_04625_,19.09µm
_04798_,19.09µm
_04893_,19.09µm
_04991_,19.09µm
_06090_,19.09µm
digital_domain_inst.cfg_f_MEMS_fcw_y\[15\],19.09µm
net408,19.09µm
_00401_,19.04µm
_00513_,19.04µm
_00973_,19.04µm
_01227_,19.04µm
_02118_,19.04µm
_02236_,19.04µm
_02634_,19.04µm
_02898_,19.04µm
_02994_,19.04µm
_04453_,19.04µm
_04934_,19.04µm
_05063_,19.04µm
_05105_,19.04µm
_05862_,19.04µm
_06027_,19.04µm
digital_domain_inst.wave_controller_y_inst.ds_acc\[6\],19.04µm
net331,19.04µm
_05267_,18.86µm
_03736_,18.68µm
_00851_,18.63µm
_00975_,18.63µm
_01865_,18.63µm
_02382_,18.63µm
_03023_,18.63µm
_04953_,18.63µm
_02320_,18.58µm
_02321_,18.58µm
_02490_,18.58µm
_02704_,18.58µm
_02781_,18.58µm
_03125_,18.58µm
_03507_,18.58µm
_03853_,18.58µm
_03913_,18.58µm
_04061_,18.58µm
_04291_,18.58µm
_04704_,18.58µm
_04874_,18.58µm
_05517_,18.58µm
digital_domain_inst.latch_phase90_x,18.58µm
net2213,18.58µm
net2485,18.58µm
_00001_,18.53µm
_00023_,18.53µm
_00322_,18.53µm
_00720_,18.53µm
_01298_,18.53µm
_01531_,18.53µm
_01996_,18.53µm
_02267_,18.53µm
_02411_,18.53µm
_02579_,18.53µm
_02681_,18.53µm
_02774_,18.53µm
_02785_,18.53µm
_02857_,18.53µm
_03008_,18.53µm
_03024_,18.53µm
_03057_,18.53µm
_03102_,18.53µm
_03181_,18.53µm
_03190_,18.53µm
_03282_,18.53µm
_03778_,18.53µm
_04047_,18.53µm
_04370_,18.53µm
_04905_,18.53µm
_04981_,18.53µm
_05048_,18.53µm
_05142_,18.53µm
digital_domain_inst.wave_controller_x_inst.cal_burst_count\[1\],18.53µm
digital_domain_inst.wave_controller_x_inst.comp_sync4,18.53µm
net1011,18.53µm
_00112_,18.48µm
_00146_,18.48µm
_00613_,18.48µm
_00992_,18.48µm
_01732_,18.48µm
_01978_,18.48µm
_02197_,18.48µm
_02512_,18.48µm
_03059_,18.48µm
_03186_,18.48µm
_03416_,18.48µm
_03677_,18.48µm
_03704_,18.48µm
_04287_,18.48µm
_04310_,18.48µm
_04322_,18.48µm
_05143_,18.48µm
_05145_,18.48µm
_05182_,18.48µm
_05861_,18.48µm
_05903_,18.48µm
digital_domain_inst.delay_wave_cycle_y\[2\],18.48µm
net1805,18.48µm
net909,18.22µm
_02818_,18.07µm
_03051_,18.07µm
_00681_,18.02µm
_02168_,18.02µm
_04302_,18.02µm
_04396_,18.02µm
_04534_,18.02µm
_04935_,18.02µm
_05031_,18.02µm
_05386_,18.02µm
_05949_,18.02µm
net942,18.02µm
_00164_,17.97µm
_00262_,17.97µm
_00296_,17.97µm
_00756_,17.97µm
_01067_,17.97µm
_01128_,17.97µm
_01601_,17.97µm
_01687_,17.97µm
_01923_,17.97µm
_01960_,17.97µm
_01985_,17.97µm
_02020_,17.97µm
_02228_,17.97µm
_02852_,17.97µm
_02875_,17.97µm
_04315_,17.97µm
_04532_,17.97µm
_05213_,17.97µm
_05261_,17.97µm
_05610_,17.97µm
_05725_,17.97µm
_05984_,17.97µm
_06008_,17.97µm
_06066_,17.97µm
digital_domain_inst.spi_regs_inst.tx_shift\[6\],17.97µm
net248,17.97µm
net2590,17.97µm
_00132_,17.92µm
_00184_,17.92µm
_00447_,17.92µm
_00461_,17.92µm
_01132_,17.92µm
_01462_,17.92µm
_02327_,17.92µm
_02951_,17.92µm
_03334_,17.92µm
_03592_,17.92µm
_04586_,17.92µm
_05005_,17.92µm
_05543_,17.92µm
_05979_,17.92µm
_05993_,17.92µm
_06024_,17.92µm
digital_domain_inst.signal_processor_x_inst.cnt_out\[3\],17.92µm
digital_domain_inst.wave_controller_x_inst.phase_acc\[0\],17.92µm
digital_domain_inst.wave_controller_x_inst.ref_ds_acc\[7\],17.92µm
net2402,17.92µm
_01102_,17.51µm
_01828_,17.51µm
_01972_,17.51µm
_01981_,17.51µm
_02172_,17.51µm
_02842_,17.51µm
_02877_,17.51µm
_04492_,17.51µm
_00910_,17.46µm
_01262_,17.46µm
_02057_,17.46µm
_02348_,17.46µm
_02517_,17.46µm
_02742_,17.46µm
_02987_,17.46µm
_03745_,17.46µm
_03750_,17.46µm
_03899_,17.46µm
_04309_,17.46µm
_04326_,17.46µm
_04590_,17.46µm
_04939_,17.46µm
_05045_,17.46µm
_05623_,17.46µm
net668,17.46µm
_00394_,17.41µm
_00894_,17.41µm
_01109_,17.41µm
_01244_,17.41µm
_01285_,17.41µm
_01310_,17.41µm
_01374_,17.41µm
_01429_,17.41µm
_01441_,17.41µm
_01957_,17.41µm
_02114_,17.41µm
_02147_,17.41µm
_02262_,17.41µm
_02274_,17.41µm
_02364_,17.41µm
_02508_,17.41µm
_02544_,17.41µm
_02661_,17.41µm
_02682_,17.41µm
_02762_,17.41µm
_02821_,17.41µm
_02834_,17.41µm
_03909_,17.41µm
_03954_,17.41µm
_04708_,17.41µm
_04754_,17.41µm
_05532_,17.41µm
_05549_,17.41µm
_05646_,17.41µm
net1245,17.41µm
_00131_,17.36µm
_01259_,17.36µm
_01325_,17.36µm
_01445_,17.36µm
_02337_,17.36µm
_02975_,17.36µm
_03402_,17.36µm
_03840_,17.36µm
_04125_,17.36µm
_04161_,17.36µm
_04208_,17.36µm
_04563_,17.36µm
_04957_,17.36µm
_05202_,17.36µm
_05605_,17.36µm
net1969,17.36µm
net338,17.18µm
_02146_,17µm
_01964_,16.95µm
_02332_,16.95µm
_03259_,16.95µm
_03350_,16.95µm
_03724_,16.95µm
_05294_,16.95µm
_05408_,16.95µm
_05635_,16.95µm
net2404,16.95µm
_00790_,16.9µm
_01428_,16.9µm
_01831_,16.9µm
_01857_,16.9µm
_01940_,16.9µm
_02154_,16.9µm
_02202_,16.9µm
_02295_,16.9µm
_02604_,16.9µm
_04258_,16.9µm
_04360_,16.9µm
_04592_,16.9µm
_04767_,16.9µm
_05274_,16.9µm
digital_domain_inst.spi_regs_inst.tx_shift\[5\],16.9µm
_00278_,16.85µm
_00294_,16.85µm
_00378_,16.85µm
_00473_,16.85µm
_01069_,16.85µm
_01405_,16.85µm
_01696_,16.85µm
_01830_,16.85µm
_02165_,16.85µm
_02196_,16.85µm
_02307_,16.85µm
_02664_,16.85µm
_03012_,16.85µm
_03022_,16.85µm
_03674_,16.85µm
_03862_,16.85µm
_03926_,16.85µm
_04031_,16.85µm
_04362_,16.85µm
_04988_,16.85µm
_05544_,16.85µm
_05661_,16.85µm
digital_domain_inst.cfg_f_MEMS_fcw_y\[14\],16.85µm
digital_domain_inst.wave_controller_x_inst.comp_sync2,16.85µm
net487,16.85µm
net1306,16.85µm
_00073_,16.8µm
_00119_,16.8µm
_00303_,16.8µm
_00843_,16.8µm
_01154_,16.8µm
_01269_,16.8µm
_01334_,16.8µm
_01615_,16.8µm
_01693_,16.8µm
_01769_,16.8µm
_01789_,16.8µm
_02045_,16.8µm
_02192_,16.8µm
_02203_,16.8µm
_02969_,16.8µm
_03114_,16.8µm
_03749_,16.8µm
_04005_,16.8µm
_04020_,16.8µm
_04114_,16.8µm
_04136_,16.8µm
_04285_,16.8µm
_04513_,16.8µm
_04861_,16.8µm
_05338_,16.8µm
_05644_,16.8µm
_05738_,16.8µm
digital_domain_inst.signal_processor_x_inst.cnt_in\[1\],16.8µm
_01911_,16.39µm
_02838_,16.39µm
_04734_,16.39µm
_05400_,16.39µm
_05404_,16.39µm
net1096,16.39µm
_01671_,16.34µm
_02156_,16.34µm
_02540_,16.34µm
_02881_,16.34µm
_03080_,16.34µm
_03688_,16.34µm
_03714_,16.34µm
_03757_,16.34µm
_04807_,16.34µm
_05303_,16.34µm
digital_domain_inst.move_en_y_internal,16.34µm
digital_domain_inst.signal_processor_x_inst.cnt_out\[0\],16.34µm
digital_domain_inst.signal_processor_y_inst.cnt_out\[0\],16.34µm
net2492,16.34µm
_00788_,16.29µm
_00994_,16.29µm
_01340_,16.29µm
_01399_,16.29µm
_01476_,16.29µm
_02233_,16.29µm
_02241_,16.29µm
_02311_,16.29µm
_02316_,16.29µm
_02413_,16.29µm
_02585_,16.29µm
_02697_,16.29µm
_02708_,16.29µm
_02999_,16.29µm
_03072_,16.29µm
_03203_,16.29µm
_03377_,16.29µm
_03430_,16.29µm
_03794_,16.29µm
_03839_,16.29µm
_04202_,16.29µm
_05269_,16.29µm
_05275_,16.29µm
_05330_,16.29µm
_05548_,16.29µm
digital_domain_inst.signal_processor_x_inst.cnt_in\[2\],16.29µm
digital_domain_inst.signal_processor_x_inst.s270_pipe\[0\],16.29µm
net1655,16.29µm
net1877,16.29µm
_00508_,16.24µm
_01031_,16.24µm
_01820_,16.24µm
_01826_,16.24µm
_02497_,16.24µm
_02518_,16.24µm
_02739_,16.24µm
_02752_,16.24µm
_02803_,16.24µm
_02954_,16.24µm
_03035_,16.24µm
_03384_,16.24µm
_03854_,16.24µm
_04550_,16.24µm
_04728_,16.24µm
_04898_,16.24µm
_04900_,16.24µm
_05223_,16.24µm
_05284_,16.24µm
_05317_,16.24µm
_06020_,16.24µm
net2575,16.24µm
_03680_,15.88µm
_00946_,15.83µm
_02215_,15.83µm
_03744_,15.83µm
_05273_,15.83µm
_05301_,15.83µm
_00605_,15.78µm
_00649_,15.78µm
_01307_,15.78µm
_02485_,15.78µm
_02912_,15.78µm
_03130_,15.78µm
_03560_,15.78µm
_04096_,15.78µm
digital_domain_inst.signal_processor_x_inst.cnt_out\[1\],15.78µm
_00264_,15.73µm
_00464_,15.73µm
_00621_,15.73µm
_00987_,15.73µm
_01097_,15.73µm
_01130_,15.73µm
_01617_,15.73µm
_02037_,15.73µm
_02224_,15.73µm
_02419_,15.73µm
_02445_,15.73µm
_02871_,15.73µm
_02892_,15.73µm
_02916_,15.73µm
_02925_,15.73µm
_03339_,15.73µm
_03422_,15.73µm
_03601_,15.73µm
_03772_,15.73µm
_03850_,15.73µm
_04043_,15.73µm
_04615_,15.73µm
_05134_,15.73µm
_05630_,15.73µm
_05761_,15.73µm
_05994_,15.73µm
net267,15.73µm
net299,15.73µm
_00336_,15.68µm
_00540_,15.68µm
_01226_,15.68µm
_01863_,15.68µm
_01937_,15.68µm
_02018_,15.68µm
_02132_,15.68µm
_02143_,15.68µm
_02209_,15.68µm
_02638_,15.68µm
_02727_,15.68µm
_02729_,15.68µm
_02816_,15.68µm
_03187_,15.68µm
_03372_,15.68µm
_04073_,15.68µm
_04194_,15.68µm
_04542_,15.68µm
_05361_,15.68µm
_05599_,15.68µm
_05615_,15.68µm
_05742_,15.68µm
_05777_,15.68µm
_06052_,15.68µm
_06067_,15.68µm
digital_domain_inst.latch_phase90_y,15.68µm
_01475_,15.27µm
_03803_,15.27µm
digital_domain_inst.wave_controller_y_inst.ref_ds_acc\[4\],15.27µm
_01350_,15.22µm
_01690_,15.22µm
_01842_,15.22µm
_02025_,15.22µm
_02353_,15.22µm
_02891_,15.22µm
_02942_,15.22µm
_03028_,15.22µm
_03896_,15.22µm
_04170_,15.22µm
_04597_,15.22µm
_04623_,15.22µm
_04745_,15.22µm
_04843_,15.22µm
_05084_,15.22µm
_05279_,15.22µm
_00427_,15.18µm
_00098_,15.17µm
_00275_,15.17µm
_00288_,15.17µm
_00349_,15.17µm
_00449_,15.17µm
_00544_,15.17µm
_00905_,15.17µm
_01017_,15.17µm
_01093_,15.17µm
_01141_,15.17µm
_01283_,15.17µm
_01329_,15.17µm
_01411_,15.17µm
_02207_,15.17µm
_02532_,15.17µm
_02554_,15.17µm
_02584_,15.17µm
_02794_,15.17µm
_02923_,15.17µm
_02960_,15.17µm
_03686_,15.17µm
_03843_,15.17µm
_03930_,15.17µm
_03948_,15.17µm
_04000_,15.17µm
_04159_,15.17µm
_04611_,15.17µm
_04895_,15.17µm
_04962_,15.17µm
_04997_,15.17µm
_05200_,15.17µm
_05233_,15.17µm
_05360_,15.17µm
digital_domain_inst.wave_controller_x_inst.phase_acc\[20\],15.17µm
net1195,15.17µm
net1448,15.17µm
net1773,15.17µm
net1845,15.17µm
net2640,15.17µm
_00090_,15.12µm
_00100_,15.12µm
_00120_,15.12µm
_00134_,15.12µm
_00144_,15.12µm
_00282_,15.12µm
_00377_,15.12µm
_00617_,15.12µm
_01184_,15.12µm
_01761_,15.12µm
_01784_,15.12µm
_01901_,15.12µm
_01966_,15.12µm
_02015_,15.12µm
_02222_,15.12µm
_02270_,15.12µm
_02465_,15.12µm
_02539_,15.12µm
_02609_,15.12µm
_02703_,15.12µm
_02956_,15.12µm
_03048_,15.12µm
_03135_,15.12µm
_03140_,15.12µm
_03274_,15.12µm
_03468_,15.12µm
_03732_,15.12µm
_03747_,15.12µm
_03755_,15.12µm
_03795_,15.12µm
_03966_,15.12µm
_04118_,15.12µm
_04180_,15.12µm
_04210_,15.12µm
_04316_,15.12µm
_04320_,15.12µm
_04515_,15.12µm
_04626_,15.12µm
_04717_,15.12µm
_04836_,15.12µm
_04838_,15.12µm
_04977_,15.12µm
_05000_,15.12µm
_05101_,15.12µm
_05204_,15.12µm
_05220_,15.12µm
_05389_,15.12µm
_05535_,15.12µm
_05551_,15.12µm
_05923_,15.12µm
_06047_,15.12µm
_05123_,14.76µm
_02535_,14.71µm
_04824_,14.71µm
_05108_,14.71µm
digital_domain_inst.signal_processor_y_inst.cnt_in\[1\],14.71µm
net1275,14.71µm
_01048_,14.66µm
_01126_,14.66µm
_01290_,14.66µm
_01517_,14.66µm
_01963_,14.66µm
_02277_,14.66µm
_03340_,14.66µm
_04179_,14.66µm
_04375_,14.66µm
_04699_,14.66µm
_04702_,14.66µm
_05036_,14.66µm
_05292_,14.66µm
_05608_,14.66µm
net2315,14.66µm
_00320_,14.61µm
_00381_,14.61µm
_00556_,14.61µm
_00636_,14.61µm
_01191_,14.61µm
_01356_,14.61µm
_01523_,14.61µm
_01744_,14.61µm
_01852_,14.61µm
_01991_,14.61µm
_02162_,14.61µm
_02456_,14.61µm
_02507_,14.61µm
_02526_,14.61µm
_02581_,14.61µm
_03105_,14.61µm
_03267_,14.61µm
_03306_,14.61µm
_03309_,14.61µm
_03925_,14.61µm
_04160_,14.61µm
_04312_,14.61µm
_05003_,14.61µm
_05125_,14.61µm
_05127_,14.61µm
_05457_,14.61µm
_05669_,14.61µm
_05961_,14.61µm
_06040_,14.61µm
digital_domain_inst.wave_controller_y_inst.phase_acc\[19\],14.61µm
digital_domain_inst.wave_controller_y_inst.ref_ds_acc\[7\],14.61µm
net10,14.61µm
net1799,14.61µm
_00140_,14.56µm
_00238_,14.56µm
_00420_,14.56µm
_00949_,14.56µm
_00969_,14.56µm
_01196_,14.56µm
_01395_,14.56µm
_01473_,14.56µm
_01535_,14.56µm
_01706_,14.56µm
_02235_,14.56µm
_02808_,14.56µm
_03089_,14.56µm
_03256_,14.56µm
_03397_,14.56µm
_03856_,14.56µm
_03892_,14.56µm
_03996_,14.56µm
_04033_,14.56µm
_04696_,14.56µm
_04968_,14.56µm
_05251_,14.56µm
_05474_,14.56µm
digital_domain_inst.wave_controller_x_inst.phase_acc\[9\],14.56µm
net337,14.56µm
_04040_,14.15µm
_05247_,14.15µm
_05394_,14.15µm
_06030_,14.15µm
_00269_,14.1µm
_00641_,14.1µm
_00944_,14.1µm
_01039_,14.1µm
_01203_,14.1µm
_01817_,14.1µm
_01861_,14.1µm
_01983_,14.1µm
_02907_,14.1µm
_03811_,14.1µm
_03819_,14.1µm
_04121_,14.1µm
_04450_,14.1µm
_04524_,14.1µm
_04873_,14.1µm
_04920_,14.1µm
_05401_,14.1µm
net1326,14.1µm
net1548,14.1µm
_00003_,14.05µm
_00167_,14.05µm
_00344_,14.05µm
_01644_,14.05µm
_01799_,14.05µm
_01920_,14.05µm
_02189_,14.05µm
_02355_,14.05µm
_02366_,14.05µm
_02400_,14.05µm
_02527_,14.05µm
_02580_,14.05µm
_02626_,14.05µm
_02653_,14.05µm
_02689_,14.05µm
_02724_,14.05µm
_02788_,14.05µm
_02851_,14.05µm
_02870_,14.05µm
_02884_,14.05µm
_03014_,14.05µm
_03148_,14.05µm
_03376_,14.05µm
_03627_,14.05µm
_04107_,14.05µm
_04268_,14.05µm
_04299_,14.05µm
_04328_,14.05µm
_04498_,14.05µm
_05193_,14.05µm
_05231_,14.05µm
_05310_,14.05µm
_05603_,14.05µm
_06021_,14.05µm
digital_domain_inst.spi_regs_inst.tx_shift\[0\],14.05µm
_00137_,14µm
_00625_,14µm
_00945_,14µm
_00985_,14µm
_01060_,14µm
_01108_,14µm
_01218_,14µm
_01426_,14µm
_01697_,14µm
_02529_,14µm
_02555_,14µm
_02559_,14µm
_02560_,14µm
_02971_,14µm
_03982_,14µm
_04190_,14µm
_04303_,14µm
_04820_,14µm
_04947_,14µm
_05046_,14µm
_05685_,14µm
digital_domain_inst.latch_phase270_y,14µm
digital_domain_inst.wave_controller_y_inst.cal_burst_count\[0\],14µm
digital_domain_inst.wave_controller_y_inst.ds_acc\[8\],14µm
_01321_,13.59µm
_04220_,13.59µm
_04719_,13.59µm
_05097_,13.59µm
net2577,13.59µm
_00611_,13.54µm
_00626_,13.54µm
_00838_,13.54µm
_00866_,13.54µm
_01177_,13.54µm
_01498_,13.54µm
_01821_,13.54µm
_01877_,13.54µm
_02576_,13.54µm
_03007_,13.54µm
_03609_,13.54µm
_04391_,13.54µm
_04772_,13.54µm
_05424_,13.54µm
_06077_,13.54µm
net416,13.54µm
net1575,13.54µm
_00341_,13.49µm
_00515_,13.49µm
_00786_,13.49µm
_00948_,13.49µm
_01209_,13.49µm
_01657_,13.49µm
_02026_,13.49µm
_02076_,13.49µm
_02140_,13.49µm
_02286_,13.49µm
_02375_,13.49µm
_02460_,13.49µm
_02542_,13.49µm
_02603_,13.49µm
_02620_,13.49µm
_02804_,13.49µm
_02819_,13.49µm
_02828_,13.49µm
_02937_,13.49µm
_02944_,13.49µm
_03032_,13.49µm
_03161_,13.49µm
_03172_,13.49µm
_03230_,13.49µm
_03231_,13.49µm
_03427_,13.49µm
_03711_,13.49µm
_03805_,13.49µm
_03817_,13.49µm
_03863_,13.49µm
_04019_,13.49µm
_04149_,13.49µm
_04369_,13.49µm
_04442_,13.49µm
_04622_,13.49µm
_04636_,13.49µm
_04831_,13.49µm
_04833_,13.49µm
_04971_,13.49µm
_05028_,13.49µm
_05367_,13.49µm
_05600_,13.49µm
_05855_,13.49µm
_05940_,13.49µm
_06046_,13.49µm
_06087_,13.49µm
digital_domain_inst.signal_processor_x_inst.s270_pipe\[2\],13.49µm
digital_domain_inst.wave_controller_x_inst.capture_step\[0\],13.49µm
digital_domain_inst.wave_controller_y_inst.comp_sync0,13.49µm
net156,13.49µm
net264,13.49µm
net802,13.49µm
_00315_,13.44µm
_00331_,13.44µm
_00362_,13.44µm
_00497_,13.44µm
_00854_,13.44µm
_01438_,13.44µm
_01703_,13.44µm
_02258_,13.44µm
_02357_,13.44µm
_02470_,13.44µm
_02639_,13.44µm
_02795_,13.44µm
_02824_,13.44µm
_03041_,13.44µm
_03218_,13.44µm
_03242_,13.44µm
_03281_,13.44µm
_03875_,13.44µm
_04004_,13.44µm
_04156_,13.44µm
_04181_,13.44µm
_04238_,13.44µm
_04240_,13.44µm
_04292_,13.44µm
_04419_,13.44µm
_05035_,13.44µm
_05141_,13.44µm
_05166_,13.44µm
_05178_,13.44µm
_05296_,13.44µm
_05633_,13.44µm
_05848_,13.44µm
_01485_,13.08µm
_00927_,13.03µm
_04721_,13.03µm
_05007_,13.03µm
_05300_,13.03µm
_00863_,12.98µm
_01527_,12.98µm
_01946_,12.98µm
_02221_,12.98µm
_02254_,12.98µm
_02600_,12.98µm
_02783_,12.98µm
_02957_,12.98µm
_03702_,12.98µm
_03806_,12.98µm
_04703_,12.98µm
_04747_,12.98µm
_04800_,12.98µm
_05153_,12.98µm
_05232_,12.98µm
_05575_,12.98µm
_05854_,12.98µm
digital_domain_inst.spi_regs_inst.tx_shift\[1\],12.98µm
net1744,12.98µm
_00070_,12.93µm
_00321_,12.93µm
_00514_,12.93µm
_01020_,12.93µm
_01469_,12.93µm
_01752_,12.93µm
_01921_,12.93µm
_02029_,12.93µm
_02122_,12.93µm
_02123_,12.93µm
_02234_,12.93µm
_02322_,12.93µm
_02467_,12.93µm
_02524_,12.93µm
_02616_,12.93µm
_02690_,12.93µm
_02941_,12.93µm
_02966_,12.93µm
_03096_,12.93µm
_03488_,12.93µm
_03780_,12.93µm
_03901_,12.93µm
_03939_,12.93µm
_03978_,12.93µm
_04203_,12.93µm
_04239_,12.93µm
_04343_,12.93µm
_04431_,12.93µm
_04536_,12.93µm
_04591_,12.93µm
_04595_,12.93µm
_04794_,12.93µm
_04999_,12.93µm
_05008_,12.93µm
_05288_,12.93µm
_05373_,12.93µm
_05699_,12.93µm
_05887_,12.93µm
digital_domain_inst.spi_regs_inst.state_o\[1\],12.93µm
net1001,12.93µm
net1688,12.93µm
net1748,12.93µm
_00021_,12.88µm
_00182_,12.88µm
_00230_,12.88µm
_00276_,12.88µm
_00351_,12.88µm
_00353_,12.88µm
_00364_,12.88µm
_00400_,12.88µm
_00628_,12.88µm
_00643_,12.88µm
_00824_,12.88µm
_00846_,12.88µm
_00951_,12.88µm
_01208_,12.88µm
_01210_,12.88µm
_01260_,12.88µm
_01439_,12.88µm
_01447_,12.88µm
_01571_,12.88µm
_01811_,12.88µm
_02389_,12.88µm
_02479_,12.88µm
_02678_,12.88µm
_02879_,12.88µm
_02950_,12.88µm
_02955_,12.88µm
_03185_,12.88µm
_03234_,12.88µm
_03304_,12.88µm
_03765_,12.88µm
_03766_,12.88µm
_04027_,12.88µm
_04351_,12.88µm
_04764_,12.88µm
_04781_,12.88µm
_05567_,12.88µm
digital_domain_inst.raw_edge1_x\[10\],12.88µm
digital_domain_inst.signal_processor_x_inst.cnt_in\[3\],12.88µm
digital_domain_inst.signal_processor_y_inst.cnt_out\[2\],12.88µm
_00422_,12.82µm
_00600_,12.47µm
_04887_,12.47µm
_00610_,12.42µm
_01824_,12.42µm
_02398_,12.42µm
_03016_,12.42µm
_03108_,12.42µm
_03189_,12.42µm
_03630_,12.42µm
_04735_,12.42µm
_04896_,12.42µm
_05659_,12.42µm
_05971_,12.42µm
_06068_,12.42µm
_06091_,12.42µm
net967,12.42µm
net1442,12.42µm
net2442,12.42µm
_00038_,12.37µm
_00044_,12.37µm
_00284_,12.37µm
_00367_,12.37µm
_00370_,12.37µm
_00478_,12.37µm
_00510_,12.37µm
_00881_,12.37µm
_01001_,12.37µm
_01346_,12.37µm
_01357_,12.37µm
_01383_,12.37µm
_01412_,12.37µm
_01450_,12.37µm
_01461_,12.37µm
_01467_,12.37µm
_01524_,12.37µm
_01602_,12.37µm
_01764_,12.37µm
_01833_,12.37µm
_01927_,12.37µm
_01994_,12.37µm
_02082_,12.37µm
_02279_,12.37µm
_02292_,12.37µm
_02572_,12.37µm
_02608_,12.37µm
_02628_,12.37µm
_02655_,12.37µm
_02679_,12.37µm
_02758_,12.37µm
_02874_,12.37µm
_02938_,12.37µm
_02939_,12.37µm
_02981_,12.37µm
_02996_,12.37µm
_03112_,12.37µm
_03224_,12.37µm
_03337_,12.37µm
_03464_,12.37µm
_03675_,12.37µm
_03851_,12.37µm
_03907_,12.37µm
_03962_,12.37µm
_03985_,12.37µm
_04100_,12.37µm
_04197_,12.37µm
_04392_,12.37µm
_04714_,12.37µm
_04737_,12.37µm
_04752_,12.37µm
_04867_,12.37µm
_04899_,12.37µm
_04987_,12.37µm
_05396_,12.37µm
_05521_,12.37µm
_05536_,12.37µm
_05715_,12.37µm
_05875_,12.37µm
digital_domain_inst.cfg_f_MEMS_fcw_x\[2\],12.37µm
digital_domain_inst.cfg_f_MEMS_fcw_y\[11\],12.37µm
digital_domain_inst.cfg_f_MEMS_fcw_y\[2\],12.37µm
digital_domain_inst.signal_processor_x_inst.s90_pipe\[0\],12.37µm
digital_domain_inst.spi_regs_inst.reg_wr_data\[0\],12.37µm
digital_domain_inst.wave_controller_x_inst.ds_acc\[8\],12.37µm
digital_domain_inst.wave_controller_y_inst.capture_step\[2\],12.37µm
digital_domain_inst.wave_controller_y_inst.ref_ds_acc\[1\],12.37µm
net894,12.37µm
_00086_,12.32µm
_00158_,12.32µm
_00266_,12.32µm
_00533_,12.32µm
_00647_,12.32µm
_01100_,12.32µm
_01339_,12.32µm
_01379_,12.32µm
_01432_,12.32µm
_01658_,12.32µm
_01685_,12.32µm
_01819_,12.32µm
_02084_,12.32µm
_02150_,12.32µm
_02166_,12.32µm
_02245_,12.32µm
_02278_,12.32µm
_02306_,12.32µm
_02528_,12.32µm
_02568_,12.32µm
_02659_,12.32µm
_02695_,12.32µm
_02807_,12.32µm
_02889_,12.32µm
_02953_,12.32µm
_02984_,12.32µm
_03063_,12.32µm
_03289_,12.32µm
_03447_,12.32µm
_03705_,12.32µm
_03762_,12.32µm
_03975_,12.32µm
_04098_,12.32µm
_04246_,12.32µm
_04344_,12.32µm
_04557_,12.32µm
_04603_,12.32µm
_04742_,12.32µm
_04797_,12.32µm
_05645_,12.32µm
_05804_,12.32µm
digital_domain_inst.wave_controller_x_inst.phase_acc\[8\],12.32µm
digital_domain_inst.wave_controller_y_inst.phase_acc\[11\],12.32µm
_00713_,11.91µm
_00791_,11.91µm
_02201_,11.91µm
_03792_,11.91µm
_04064_,11.91µm
_05009_,11.91µm
_05234_,11.91µm
_05622_,11.91µm
_01037_,11.86µm
_01284_,11.86µm
_01293_,11.86µm
_01805_,11.86µm
_02313_,11.86µm
_02372_,11.86µm
_03044_,11.86µm
_05516_,11.86µm
_05679_,11.86µm
_00008_,11.81µm
_00046_,11.81µm
_00083_,11.81µm
_00135_,11.81µm
_00175_,11.81µm
_00279_,11.81µm
_00283_,11.81µm
_00375_,11.81µm
_00382_,11.81µm
_00385_,11.81µm
_00462_,11.81µm
_00481_,11.81µm
_01088_,11.81µm
_01320_,11.81µm
_01893_,11.81µm
_01919_,11.81µm
_01935_,11.81µm
_02051_,11.81µm
_02229_,11.81µm
_02263_,11.81µm
_02420_,11.81µm
_02471_,11.81µm
_02534_,11.81µm
_02970_,11.81µm
_03241_,11.81µm
_03265_,11.81µm
_03815_,11.81µm
_04006_,11.81µm
_04547_,11.81µm
_04585_,11.81µm
_04762_,11.81µm
_04969_,11.81µm
_05012_,11.81µm
_05256_,11.81µm
_05859_,11.81µm
_05891_,11.81µm
_06061_,11.81µm
net165,11.81µm
net1589,11.81µm
_00105_,11.76µm
_00130_,11.76µm
_00138_,11.76µm
_00201_,11.76µm
_00363_,11.76µm
_00520_,11.76µm
_00634_,11.76µm
_00755_,11.76µm
_00877_,11.76µm
_00897_,11.76µm
_00938_,11.76µm
_01138_,11.76µm
_01847_,11.76µm
_01880_,11.76µm
_01969_,11.76µm
_02107_,11.76µm
_02440_,11.76µm
_02516_,11.76µm
_02611_,11.76µm
_02709_,11.76µm
_02915_,11.76µm
_03052_,11.76µm
_03094_,11.76µm
_03132_,11.76µm
_03165_,11.76µm
_03213_,11.76µm
_03375_,11.76µm
_03419_,11.76µm
_03707_,11.76µm
_04094_,11.76µm
_04151_,11.76µm
_04177_,11.76µm
_04306_,11.76µm
_04356_,11.76µm
_04628_,11.76µm
_04863_,11.76µm
_04890_,11.76µm
_05076_,11.76µm
_05302_,11.76µm
_05312_,11.76µm
_05327_,11.76µm
_05403_,11.76µm
_05829_,11.76µm
_05867_,11.76µm
_05908_,11.76µm
digital_domain_inst.raw_edge2_x\[14\],11.76µm
_00424_,11.7µm
_03054_,11.35µm
_00241_,11.3µm
_00345_,11.3µm
_00348_,11.3µm
_00493_,11.3µm
_01056_,11.3µm
_01058_,11.3µm
_01204_,11.3µm
_01223_,11.3µm
_01776_,11.3µm
_02210_,11.3µm
_02908_,11.3µm
_03116_,11.3µm
_03824_,11.3µm
_03888_,11.3µm
_04265_,11.3µm
_04324_,11.3µm
_04929_,11.3µm
_05456_,11.3µm
digital_domain_inst.raw_edge3_x\[4\],11.3µm
_00036_,11.25µm
_00062_,11.25µm
_00081_,11.25µm
_00169_,11.25µm
_00179_,11.25µm
_00247_,11.25µm
_00260_,11.25µm
_00280_,11.25µm
_00469_,11.25µm
_00900_,11.25µm
_01302_,11.25µm
_01402_,11.25µm
_01886_,11.25µm
_01903_,11.25µm
_01929_,11.25µm
_01936_,11.25µm
_02007_,11.25µm
_02016_,11.25µm
_02309_,11.25µm
_02310_,11.25µm
_02453_,11.25µm
_02522_,11.25µm
_02671_,11.25µm
_02809_,11.25µm
_02885_,11.25µm
_02972_,11.25µm
_03019_,11.25µm
_03111_,11.25µm
_03177_,11.25µm
_03661_,11.25µm
_03723_,11.25µm
_03793_,11.25µm
_03816_,11.25µm
_04034_,11.25µm
_04069_,11.25µm
_04085_,11.25µm
_04191_,11.25µm
_04209_,11.25µm
_04251_,11.25µm
_04313_,11.25µm
_04472_,11.25µm
_04659_,11.25µm
_04931_,11.25µm
_05018_,11.25µm
_05183_,11.25µm
_05439_,11.25µm
_05576_,11.25µm
_05634_,11.25µm
_06086_,11.25µm
digital_domain_inst.spi_regs_inst.reg_wr_addr\[1\],11.25µm
digital_domain_inst.wave_controller_x_inst.phase_acc\[18\],11.25µm
_00047_,11.2µm
_00089_,11.2µm
_00107_,11.2µm
_00222_,11.2µm
_00250_,11.2µm
_00274_,11.2µm
_00924_,11.2µm
_01375_,11.2µm
_01442_,11.2µm
_01750_,11.2µm
_01801_,11.2µm
_01949_,11.2µm
_02105_,11.2µm
_02208_,11.2µm
_02481_,11.2µm
_02557_,11.2µm
_02578_,11.2µm
_02663_,11.2µm
_03002_,11.2µm
_03056_,11.2µm
_03258_,11.2µm
_03356_,11.2µm
_03404_,11.2µm
_03699_,11.2µm
_03920_,11.2µm
_03944_,11.2µm
_04041_,11.2µm
_04099_,11.2µm
_04171_,11.2µm
_04221_,11.2µm
_04314_,11.2µm
_04692_,11.2µm
_04729_,11.2µm
_05374_,11.2µm
_05441_,11.2µm
_05511_,11.2µm
_05641_,11.2µm
_05741_,11.2µm
_05910_,11.2µm
_05959_,11.2µm
_06048_,11.2µm
digital_domain_inst.wave_controller_x_inst.ds_acc\[7\],11.2µm
net314,11.2µm
_05696_,10.92µm
_01255_,10.79µm
_03005_,10.79µm
_04357_,10.79µm
_00991_,10.74µm
_01115_,10.74µm
_01834_,10.74µm
_01843_,10.74µm
_01848_,10.74µm
_02239_,10.74µm
_02360_,10.74µm
_02396_,10.74µm
_02876_,10.74µm
_03149_,10.74µm
_04082_,10.74µm
_04993_,10.74µm
_05006_,10.74µm
_05116_,10.74µm
_05607_,10.74µm
_06055_,10.74µm
_00082_,10.69µm
_00187_,10.69µm
_00254_,10.69µm
_00330_,10.69µm
_00463_,10.69µm
_00465_,10.69µm
_00501_,10.69µm
_01063_,10.69µm
_01170_,10.69µm
_01207_,10.69µm
_01282_,10.69µm
_01674_,10.69µm
_01800_,10.69µm
_02110_,10.69µm
_02128_,10.69µm
_02260_,10.69µm
_02283_,10.69µm
_02304_,10.69µm
_02428_,10.69µm
_02448_,10.69µm
_02619_,10.69µm
_02644_,10.69µm
_02790_,10.69µm
_02798_,10.69µm
_02831_,10.69µm
_02849_,10.69µm
_02873_,10.69µm
_02878_,10.69µm
_02882_,10.69µm
_02890_,10.69µm
_02963_,10.69µm
_03038_,10.69µm
_03045_,10.69µm
_03073_,10.69µm
_03787_,10.69µm
_03832_,10.69µm
_04147_,10.69µm
_04244_,10.69µm
_04271_,10.69µm
_04368_,10.69µm
_04398_,10.69µm
_04545_,10.69µm
_05020_,10.69µm
_05037_,10.69µm
_05501_,10.69µm
_05596_,10.69µm
_05683_,10.69µm
_05920_,10.69µm
_05927_,10.69µm
_00121_,10.64µm
_00139_,10.64µm
_00217_,10.64µm
_00270_,10.64µm
_00318_,10.64µm
_00347_,10.64µm
_00456_,10.64µm
_00536_,10.64µm
_00777_,10.64µm
_00825_,10.64µm
_00904_,10.64µm
_00928_,10.64µm
_00932_,10.64µm
_00995_,10.64µm
_00996_,10.64µm
_01043_,10.64µm
_01410_,10.64µm
_02028_,10.64µm
_02117_,10.64µm
_02387_,10.64µm
_02435_,10.64µm
_02606_,10.64µm
_02641_,10.64µm
_02692_,10.64µm
_02737_,10.64µm
_02829_,10.64µm
_02900_,10.64µm
_02979_,10.64µm
_03011_,10.64µm
_03086_,10.64µm
_03326_,10.64µm
_03469_,10.64µm
_03635_,10.64µm
_03722_,10.64µm
_03738_,10.64µm
_03799_,10.64µm
_04044_,10.64µm
_04182_,10.64µm
_04286_,10.64µm
_04645_,10.64µm
_04758_,10.64µm
_05021_,10.64µm
_05747_,10.64µm
_05915_,10.64µm
_06043_,10.64µm
digital_domain_inst.latch_phase270_x,10.64µm
digital_domain_inst.signal_processor_y_inst.cnt_in\[3\],10.64µm
digital_domain_inst.wave_controller_y_inst.phase_acc\[10\],10.64µm
_00860_,10.23µm
_03614_,10.23µm
_00441_,10.18µm
_00853_,10.18µm
_01421_,10.18µm
_01845_,10.18µm
_01879_,10.18µm
_02055_,10.18µm
_02155_,10.18µm
_02158_,10.18µm
_02199_,10.18µm
_02287_,10.18µm
_02904_,10.18µm
_03020_,10.18µm
_04813_,10.18µm
_04902_,10.18µm
_05250_,10.18µm
_05417_,10.18µm
_06018_,10.18µm
digital_domain_inst.spi_regs_inst.tx_shift\[2\],10.18µm
_00052_,10.13µm
_00077_,10.13µm
_00211_,10.13µm
_00227_,10.13µm
_00253_,10.13µm
_00524_,10.13µm
_00844_,10.13µm
_01004_,10.13µm
_01232_,10.13µm
_01337_,10.13µm
_01427_,10.13µm
_01536_,10.13µm
_01585_,10.13µm
_01659_,10.13µm
_01785_,10.13µm
_01939_,10.13µm
_02148_,10.13µm
_02350_,10.13µm
_02406_,10.13µm
_02500_,10.13µm
_02699_,10.13µm
_02837_,10.13µm
_03091_,10.13µm
_03276_,10.13µm
_03366_,10.13µm
_03902_,10.13µm
_04105_,10.13µm
_04122_,10.13µm
_04157_,10.13µm
_04511_,10.13µm
_04634_,10.13µm
_04937_,10.13µm
_04965_,10.13µm
_04976_,10.13µm
_05147_,10.13µm
_05179_,10.13µm
_05482_,10.13µm
_05667_,10.13µm
_05849_,10.13µm
_06063_,10.13µm
digital_domain_inst.spi_regs_inst.reg_wr_data\[1\],10.13µm
_00091_,10.08µm
_00099_,10.08µm
_00216_,10.08µm
_00233_,10.08µm
_00325_,10.08µm
_00346_,10.08µm
_00416_,10.08µm
_00535_,10.08µm
_01308_,10.08µm
_01341_,10.08µm
_01477_,10.08µm
_01746_,10.08µm
_01771_,10.08µm
_01962_,10.08µm
_02108_,10.08µm
_02272_,10.08µm
_02282_,10.08µm
_02325_,10.08µm
_02546_,10.08µm
_02558_,10.08µm
_02648_,10.08µm
_02672_,10.08µm
_02845_,10.08µm
_02993_,10.08µm
_03221_,10.08µm
_03228_,10.08µm
_03314_,10.08µm
_03362_,10.08µm
_03753_,10.08µm
_04213_,10.08µm
_04350_,10.08µm
_04507_,10.08µm
_04601_,10.08µm
_04616_,10.08µm
_04950_,10.08µm
_04967_,10.08µm
_05146_,10.08µm
_05776_,10.08µm
_05871_,10.08µm
_05929_,10.08µm
_06062_,10.08µm
net957,10.08µm
_05325_,9.83µm
_02276_,9.67µm
_02458_,9.67µm
_00782_,9.62µm
_00892_,9.62µm
_01471_,9.62µm
_02160_,9.62µm
_02731_,9.62µm
_02841_,9.62µm
_03123_,9.62µm
_03292_,9.62µm
_03810_,9.62µm
_04011_,9.62µm
_04388_,9.62µm
_05160_,9.62µm
_05263_,9.62µm
_05655_,9.62µm
_05835_,9.62µm
_00004_,9.57µm
_00307_,9.57µm
_00328_,9.57µm
_00342_,9.57µm
_00366_,9.57µm
_00486_,9.57µm
_00531_,9.57µm
_00537_,9.57µm
_00778_,9.57µm
_00898_,9.57µm
_00942_,9.57µm
_01021_,9.57µm
_01032_,9.57µm
_01265_,9.57µm
_01443_,9.57µm
_01468_,9.57µm
_01580_,9.57µm
_01663_,9.57µm
_01768_,9.57µm
_01884_,9.57µm
_01916_,9.57µm
_02075_,9.57µm
_02275_,9.57µm
_02289_,9.57µm
_02373_,9.57µm
_02494_,9.57µm
_02590_,9.57µm
_03013_,9.57µm
_03018_,9.57µm
_03432_,9.57µm
_03436_,9.57µm
_03512_,9.57µm
_03600_,9.57µm
_04123_,9.57µm
_04257_,9.57µm
_04367_,9.57µm
_04479_,9.57µm
_04750_,9.57µm
_04864_,9.57µm
_04978_,9.57µm
_05011_,9.57µm
_05174_,9.57µm
_05289_,9.57µm
_05418_,9.57µm
_05729_,9.57µm
_05968_,9.57µm
digital_domain_inst.wave_controller_y_inst.capture_step\[0\],9.57µm
_00042_,9.52µm
_00300_,9.52µm
_00314_,9.52µm
_00327_,9.52µm
_00425_,9.52µm
_00618_,9.52µm
_00921_,9.52µm
_00933_,9.52µm
_00954_,9.52µm
_00977_,9.52µm
_01236_,9.52µm
_01629_,9.52µm
_01850_,9.52µm
_02030_,9.52µm
_02053_,9.52µm
_02577_,9.52µm
_02734_,9.52µm
_02967_,9.52µm
_03542_,9.52µm
_03922_,9.52µm
_03958_,9.52µm
_03987_,9.52µm
_04001_,9.52µm
_04119_,9.52µm
_04329_,9.52µm
_04736_,9.52µm
_04917_,9.52µm
_04996_,9.52µm
_05062_,9.52µm
_05167_,9.52µm
_05533_,9.52µm
_05628_,9.52µm
_05688_,9.52µm
_05775_,9.52µm
_05778_,9.52µm
_05869_,9.52µm
_05872_,9.52µm
_06057_,9.52µm
digital_domain_inst.signal_processor_y_inst.s90_pipe\[0\],9.52µm
net1587,9.52µm
net1881,9.52µm
_00281_,9.06µm
_00659_,9.06µm
_01013_,9.06µm
_01695_,9.06µm
_02253_,9.06µm
_02714_,9.06µm
_02811_,9.06µm
_02901_,9.06µm
_03099_,9.06µm
_04254_,9.06µm
_04434_,9.06µm
_04523_,9.06µm
_04571_,9.06µm
_04738_,9.06µm
_05138_,9.06µm
_05379_,9.06µm
_05621_,9.06µm
_05682_,9.06µm
_05769_,9.06µm
_00013_,9.01µm
_00016_,9.01µm
_00124_,9.01µm
_00136_,9.01µm
_00160_,9.01µm
_00215_,9.01µm
_00267_,9.01µm
_00418_,9.01µm
_00590_,9.01µm
_00883_,9.01µm
_00884_,9.01µm
_00887_,9.01µm
_00974_,9.01µm
_01050_,9.01µm
_01083_,9.01µm
_01355_,9.01µm
_01556_,9.01µm
_01726_,9.01µm
_01915_,9.01µm
_02170_,9.01µm
_02173_,9.01µm
_02193_,9.01µm
_02303_,9.01µm
_02352_,9.01µm
_02463_,9.01µm
_02660_,9.01µm
_02896_,9.01µm
_03106_,9.01µm
_03182_,9.01µm
_03184_,9.01µm
_03278_,9.01µm
_03381_,9.01µm
_03758_,9.01µm
_04654_,9.01µm
_04951_,9.01µm
_05040_,9.01µm
_05110_,9.01µm
_05569_,9.01µm
_05751_,9.01µm
digital_domain_inst.latch_phase90_ack_x,9.01µm
_00005_,8.96µm
_00006_,8.96µm
_00087_,8.96µm
_00110_,8.96µm
_00118_,8.96µm
_00219_,8.96µm
_00249_,8.96µm
_00255_,8.96µm
_00310_,8.96µm
_00337_,8.96µm
_00539_,8.96µm
_00543_,8.96µm
_00939_,8.96µm
_00997_,8.96µm
_01026_,8.96µm
_01241_,8.96µm
_01246_,8.96µm
_01378_,8.96µm
_01388_,8.96µm
_01747_,8.96µm
_01753_,8.96µm
_01780_,8.96µm
_01795_,8.96µm
_02329_,8.96µm
_02390_,8.96µm
_02454_,8.96µm
_02473_,8.96µm
_02567_,8.96µm
_02610_,8.96µm
_02665_,8.96µm
_02761_,8.96µm
_02791_,8.96µm
_02894_,8.96µm
_02991_,8.96µm
_03031_,8.96µm
_03090_,8.96µm
_03226_,8.96µm
_03237_,8.96µm
_03240_,8.96µm
_03310_,8.96µm
_03400_,8.96µm
_03684_,8.96µm
_03767_,8.96µm
_03890_,8.96µm
_04007_,8.96µm
_04188_,8.96µm
_04192_,8.96µm
_04612_,8.96µm
_04618_,8.96µm
_04817_,8.96µm
_04827_,8.96µm
_04842_,8.96µm
_04985_,8.96µm
_05071_,8.96µm
_05086_,8.96µm
_05100_,8.96µm
_05162_,8.96µm
_05201_,8.96µm
_05434_,8.96µm
_05451_,8.96µm
_05475_,8.96µm
_05534_,8.96µm
_05555_,8.96µm
_05785_,8.96µm
digital_domain_inst.signal_processor_x_inst.s270_pipe\[1\],8.96µm
digital_domain_inst.wave_controller_x_inst.ref_ds_acc\[2\],8.96µm
_02525_,8.55µm
_03017_,8.55µm
_04530_,8.55µm
_01888_,8.5µm
_01976_,8.5µm
_02280_,8.5µm
_02354_,8.5µm
_03109_,8.5µm
_03322_,8.5µm
_03812_,8.5µm
_04399_,8.5µm
_04496_,8.5µm
_04778_,8.5µm
_04792_,8.5µm
_04847_,8.5µm
_04857_,8.5µm
_05212_,8.5µm
_05561_,8.5µm
_05780_,8.5µm
_05858_,8.5µm
_05946_,8.5µm
_00012_,8.45µm
_00020_,8.45µm
_00043_,8.45µm
_00205_,8.45µm
_00305_,8.45µm
_00435_,8.45µm
_00632_,8.45µm
_00823_,8.45µm
_00906_,8.45µm
_01303_,8.45µm
_01406_,8.45µm
_01566_,8.45µm
_01933_,8.45µm
_02011_,8.45µm
_02314_,8.45µm
_02523_,8.45µm
_02530_,8.45µm
_02574_,8.45µm
_02575_,8.45µm
_02631_,8.45µm
_02680_,8.45µm
_02716_,8.45µm
_03215_,8.45µm
_03781_,8.45µm
_03836_,8.45µm
_03866_,8.45µm
_04231_,8.45µm
_04593_,8.45µm
_04607_,8.45µm
_04715_,8.45µm
_04716_,8.45µm
_05132_,8.45µm
_05189_,8.45µm
_05864_,8.45µm
_06006_,8.45µm
_00034_,8.4µm
_00074_,8.4µm
_00102_,8.4µm
_00150_,8.4µm
_00181_,8.4µm
_00243_,8.4µm
_00295_,8.4µm
_00316_,8.4µm
_00369_,8.4µm
_00373_,8.4µm
_00410_,8.4µm
_00429_,8.4µm
_00436_,8.4µm
_00491_,8.4µm
_00534_,8.4µm
_00965_,8.4µm
_01080_,8.4µm
_01134_,8.4µm
_01136_,8.4µm
_01326_,8.4µm
_01409_,8.4µm
_02004_,8.4µm
_02129_,8.4µm
_02131_,8.4µm
_02141_,8.4µm
_02220_,8.4µm
_02346_,8.4µm
_02376_,8.4µm
_02431_,8.4µm
_02521_,8.4µm
_02836_,8.4µm
_02906_,8.4µm
_03003_,8.4µm
_03010_,8.4µm
_03104_,8.4µm
_03138_,8.4µm
_03214_,8.4µm
_03236_,8.4µm
_03248_,8.4µm
_03262_,8.4µm
_03275_,8.4µm
_03320_,8.4µm
_03321_,8.4µm
_03394_,8.4µm
_03412_,8.4µm
_03593_,8.4µm
_03671_,8.4µm
_03976_,8.4µm
_04788_,8.4µm
_04808_,8.4µm
_04848_,8.4µm
_04938_,8.4µm
_04982_,8.4µm
_05017_,8.4µm
_05164_,8.4µm
_05357_,8.4µm
_05580_,8.4µm
_05691_,8.4µm
_05734_,8.4µm
_05764_,8.4µm
_06017_,8.4µm
_06026_,8.4µm
digital_domain_inst.signal_processor_x_inst.s90_pipe\[2\],8.4µm
digital_domain_inst.spi_regs_inst.sclk_sync\[0\],8.4µm
net509,8.4µm
net1410,8.4µm
_03761_,8.12µm
_02179_,7.99µm
_03624_,7.99µm
_04169_,7.99µm
_04588_,7.99µm
_05047_,7.99µm
_00595_,7.94µm
_00614_,7.94µm
_00642_,7.94µm
_01076_,7.94µm
_01407_,7.94µm
_01790_,7.94µm
_02895_,7.94µm
_03361_,7.94µm
_03882_,7.94µm
_04078_,7.94µm
_05583_,7.94µm
_00084_,7.89µm
_00145_,7.89µm
_00153_,7.89µm
_00166_,7.89µm
_00220_,7.89µm
_00232_,7.89µm
_00237_,7.89µm
_00268_,7.89µm
_00290_,7.89µm
_00329_,7.89µm
_00361_,7.89µm
_00398_,7.89µm
_00528_,7.89µm
_00545_,7.89µm
_01195_,7.89µm
_01287_,7.89µm
_01333_,7.89µm
_01679_,7.89µm
_01855_,7.89µm
_02013_,7.89µm
_02022_,7.89µm
_02058_,7.89µm
_02238_,7.89µm
_02240_,7.89µm
_02361_,7.89µm
_02551_,7.89µm
_02846_,7.89µm
_02888_,7.89µm
_02947_,7.89µm
_03077_,7.89µm
_03247_,7.89µm
_03290_,7.89µm
_03300_,7.89µm
_03690_,7.89µm
_03900_,7.89µm
_03916_,7.89µm
_03960_,7.89µm
_04141_,7.89µm
_04142_,7.89µm
_04569_,7.89µm
_04599_,7.89µm
_05359_,7.89µm
_05606_,7.89µm
_05768_,7.89µm
_05827_,7.89µm
digital_domain_inst.latch_phase90_ack_y,7.89µm
_00060_,7.84µm
_00076_,7.84µm
_00106_,7.84µm
_00109_,7.84µm
_00114_,7.84µm
_00152_,7.84µm
_00178_,7.84µm
_00206_,7.84µm
_00298_,7.84µm
_00312_,7.84µm
_00393_,7.84µm
_00404_,7.84µm
_00407_,7.84µm
_00413_,7.84µm
_00426_,7.84µm
_01042_,7.84µm
_01267_,7.84µm
_01281_,7.84µm
_01323_,7.84µm
_01437_,7.84µm
_01497_,7.84µm
_01549_,7.84µm
_01614_,7.84µm
_01707_,7.84µm
_01832_,7.84µm
_01868_,7.84µm
_01968_,7.84µm
_02009_,7.84µm
_02021_,7.84µm
_02047_,7.84µm
_02112_,7.84µm
_02126_,7.84µm
_02145_,7.84µm
_02212_,7.84µm
_02226_,7.84µm
_02385_,7.84µm
_02388_,7.84µm
_02447_,7.84µm
_02618_,7.84µm
_02636_,7.84µm
_02673_,7.84µm
_02738_,7.84µm
_03204_,7.84µm
_03207_,7.84µm
_03209_,7.84µm
_03212_,7.84µm
_03271_,7.84µm
_03410_,7.84µm
_03585_,7.84µm
_03596_,7.84µm
_03748_,7.84µm
_03846_,7.84µm
_03879_,7.84µm
_03915_,7.84µm
_04009_,7.84µm
_04126_,7.84µm
_04153_,7.84µm
_04175_,7.84µm
_04304_,7.84µm
_04537_,7.84µm
_04726_,7.84µm
_04776_,7.84µm
_04835_,7.84µm
_04990_,7.84µm
_05010_,7.84µm
_05387_,7.84µm
_05422_,7.84µm
_05563_,7.84µm
_05564_,7.84µm
_05588_,7.84µm
_05618_,7.84µm
_05657_,7.84µm
_05700_,7.84µm
_05745_,7.84µm
_05965_,7.84µm
_05974_,7.84µm
digital_domain_inst.wave_controller_x_inst.ref_ds_acc\[8\],7.84µm
digital_domain_inst.wave_controller_y_inst.ref_ds_acc\[8\],7.84µm
net323,7.84µm
net1273,7.84µm
net1864,7.84µm
ref_wave_y,7.75µm
_02125_,7.43µm
_00161_,7.38µm
_00248_,7.38µm
_00258_,7.38µm
_00587_,7.38µm
_01029_,7.38µm
_01544_,7.38µm
_01553_,7.38µm
_01882_,7.38µm
_02315_,7.38µm
_02621_,7.38µm
_02651_,7.38µm
_02977_,7.38µm
_03029_,7.38µm
_03058_,7.38µm
_03380_,7.38µm
_03790_,7.38µm
_04818_,7.38µm
_04844_,7.38µm
_06093_,7.38µm
_00108_,7.33µm
_00143_,7.33µm
_00313_,7.33µm
_00522_,7.33µm
_00525_,7.33µm
_01545_,7.33µm
_01894_,7.33µm
_02096_,7.33µm
_02244_,7.33µm
_02251_,7.33µm
_02493_,7.33µm
_02506_,7.33µm
_02537_,7.33µm
_02833_,7.33µm
_02858_,7.33µm
_02921_,7.33µm
_03081_,7.33µm
_03098_,7.33µm
_03244_,7.33µm
_03341_,7.33µm
_03359_,7.33µm
_03371_,7.33µm
_03428_,7.33µm
_03735_,7.33µm
_03808_,7.33µm
_03861_,7.33µm
_04028_,7.33µm
_04219_,7.33µm
_04341_,7.33µm
_04412_,7.33µm
_04613_,7.33µm
_04901_,7.33µm
_05498_,7.33µm
_05704_,7.33µm
_05743_,7.33µm
_05837_,7.33µm
_05897_,7.33µm
_06044_,7.33µm
digital_domain_inst.spi_regs_inst.cs_sync\[0\],7.33µm
_00028_,7.28µm
_00094_,7.28µm
_00104_,7.28µm
_00123_,7.28µm
_00127_,7.28µm
_00203_,7.28µm
_00261_,7.28µm
_00263_,7.28µm
_00374_,7.28µm
_00387_,7.28µm
_00395_,7.28µm
_00417_,7.28µm
_00460_,7.28µm
_00466_,7.28µm
_00512_,7.28µm
_00527_,7.28µm
_00554_,7.28µm
_00638_,7.28µm
_00961_,7.28µm
_00963_,7.28µm
_01038_,7.28µm
_01107_,7.28µm
_01155_,7.28µm
_01240_,7.28µm
_01245_,7.28µm
_01250_,7.28µm
_01301_,7.28µm
_01516_,7.28µm
_01595_,7.28µm
_01604_,7.28µm
_01733_,7.28µm
_01818_,7.28µm
_01873_,7.28µm
_01890_,7.28µm
_01951_,7.28µm
_01980_,7.28µm
_02027_,7.28µm
_02137_,7.28µm
_02178_,7.28µm
_02281_,7.28µm
_02374_,7.28µm
_02395_,7.28µm
_02418_,7.28µm
_02511_,7.28µm
_02627_,7.28µm
_02652_,7.28µm
_02669_,7.28µm
_02767_,7.28µm
_02850_,7.28µm
_02883_,7.28µm
_02962_,7.28µm
_02965_,7.28µm
_03027_,7.28µm
_03084_,7.28µm
_03115_,7.28µm
_03225_,7.28µm
_03235_,7.28µm
_03268_,7.28µm
_03307_,7.28µm
_03355_,7.28µm
_03374_,7.28µm
_03595_,7.28µm
_03667_,7.28µm
_03834_,7.28µm
_03841_,7.28µm
_03870_,7.28µm
_04355_,7.28µm
_04567_,7.28µm
_04568_,7.28µm
_04594_,7.28µm
_04633_,7.28µm
_04671_,7.28µm
_04761_,7.28µm
_04784_,7.28µm
_04866_,7.28µm
_04915_,7.28µm
_05052_,7.28µm
_05133_,7.28µm
_05214_,7.28µm
_05285_,7.28µm
_05395_,7.28µm
_05449_,7.28µm
_05744_,7.28µm
_05765_,7.28µm
_05902_,7.28µm
_06065_,7.28µm
_06071_,7.28µm
_06078_,7.28µm
net5,7.28µm
_00259_,7.22µm
dir_x,7.14µm
_00802_,6.82µm
_01565_,6.82µm
_01681_,6.82µm
_02475_,6.82µm
_03206_,6.82µm
_03521_,6.82µm
_03797_,6.82µm
_04336_,6.82µm
_04624_,6.82µm
_04670_,6.82µm
_05120_,6.82µm
_05319_,6.82µm
_05526_,6.82µm
_05868_,6.82µm
_06009_,6.82µm
_06069_,6.82µm
_00075_,6.77µm
_00111_,6.77µm
_00183_,6.77µm
_00193_,6.77µm
_00194_,6.77µm
_00224_,6.77µm
_00308_,6.77µm
_00354_,6.77µm
_00379_,6.77µm
_00455_,6.77µm
_00758_,6.77µm
_00958_,6.77µm
_01242_,6.77µm
_01394_,6.77µm
_01683_,6.77µm
_01724_,6.77µm
_01860_,6.77µm
_01892_,6.77µm
_02164_,6.77µm
_02381_,6.77µm
_02410_,6.77µm
_02630_,6.77µm
_02645_,6.77µm
_02662_,6.77µm
_02706_,6.77µm
_02784_,6.77µm
_02817_,6.77µm
_02826_,6.77µm
_03129_,6.77µm
_03153_,6.77µm
_03198_,6.77µm
_03208_,6.77µm
_03257_,6.77µm
_03433_,6.77µm
_03773_,6.77µm
_03784_,6.77µm
_03872_,6.77µm
_04205_,6.77µm
_04579_,6.77µm
_04886_,6.77µm
_05144_,6.77µm
_05297_,6.77µm
_05557_,6.77µm
_05719_,6.77µm
_05771_,6.77µm
_05964_,6.77µm
_06059_,6.77µm
_06072_,6.77µm
digital_domain_inst.wave_controller_x_inst.phase_acc\[15\],6.77µm
net1678,6.77µm
net2029,6.77µm
comp_x,6.73µm
_00030_,6.72µm
_00068_,6.72µm
_00092_,6.72µm
_00157_,6.72µm
_00162_,6.72µm
_00172_,6.72µm
_00242_,6.72µm
_00277_,6.72µm
_00299_,6.72µm
_00397_,6.72µm
_00419_,6.72µm
_00421_,6.72µm
_00434_,6.72µm
_00475_,6.72µm
_00482_,6.72µm
_00485_,6.72µm
_00495_,6.72µm
_00523_,6.72µm
_00538_,6.72µm
_00549_,6.72µm
_00952_,6.72µm
_01018_,6.72µm
_01036_,6.72µm
_01045_,6.72µm
_01324_,6.72µm
_01348_,6.72µm
_01390_,6.72µm
_01452_,6.72µm
_01533_,6.72µm
_01655_,6.72µm
_01743_,6.72µm
_01777_,6.72µm
_01881_,6.72µm
_01926_,6.72µm
_01950_,6.72µm
_02041_,6.72µm
_02102_,6.72µm
_02339_,6.72µm
_02359_,6.72µm
_02368_,6.72µm
_02371_,6.72µm
_02377_,6.72µm
_02394_,6.72µm
_02442_,6.72µm
_02602_,6.72µm
_02623_,6.72µm
_02637_,6.72µm
_02643_,6.72µm
_02650_,6.72µm
_02666_,6.72µm
_02820_,6.72µm
_02893_,6.72µm
_02945_,6.72µm
_02948_,6.72µm
_02976_,6.72µm
_03065_,6.72µm
_03069_,6.72µm
_03087_,6.72µm
_03101_,6.72µm
_03126_,6.72µm
_03131_,6.72µm
_03243_,6.72µm
_03260_,6.72µm
_03302_,6.72µm
_03324_,6.72µm
_03325_,6.72µm
_03414_,6.72µm
_03498_,6.72µm
_03698_,6.72µm
_03868_,6.72µm
_04083_,6.72µm
_04130_,6.72µm
_04198_,6.72µm
_04321_,6.72µm
_04581_,6.72µm
_04627_,6.72µm
_04651_,6.72µm
_04756_,6.72µm
_04839_,6.72µm
_04889_,6.72µm
_04994_,6.72µm
_05041_,6.72µm
_05064_,6.72µm
_05336_,6.72µm
_05350_,6.72µm
_05392_,6.72µm
_05423_,6.72µm
_05429_,6.72µm
_05432_,6.72µm
_05464_,6.72µm
_05502_,6.72µm
_05523_,6.72µm
_05571_,6.72µm
_05736_,6.72µm
_05756_,6.72µm
_05767_,6.72µm
_05950_,6.72µm
_05992_,6.72µm
_06064_,6.72µm
_06084_,6.72µm
digital_domain_inst.signal_processor_y_inst.s270_pipe\[1\],6.72µm
_03318_,6.49µm
_03855_,6.41µm
_00640_,6.31µm
_00126_,6.26µm
_00225_,6.26µm
_00598_,6.26µm
_01103_,6.26µm
_02142_,6.26µm
_02707_,6.26µm
_02796_,6.26µm
_03261_,6.26µm
_04358_,6.26µm
_04584_,6.26µm
_05420_,6.26µm
_00125_,6.21µm
_00195_,6.21µm
_00199_,6.21µm
_00202_,6.21µm
_00221_,6.21µm
_00359_,6.21µm
_00368_,6.21µm
_00390_,6.21µm
_00392_,6.21µm
_00409_,6.21µm
_01188_,6.21µm
_01377_,6.21µm
_01547_,6.21µm
_01562_,6.21µm
_01740_,6.21µm
_01948_,6.21µm
_02077_,6.21µm
_02139_,6.21µm
_02330_,6.21µm
_02349_,6.21µm
_02427_,6.21µm
_02541_,6.21µm
_02586_,6.21µm
_02825_,6.21µm
_02910_,6.21µm
_02992_,6.21µm
_03067_,6.21µm
_03141_,6.21µm
_03175_,6.21µm
_03229_,6.21µm
_03249_,6.21µm
_03252_,6.21µm
_03693_,6.21µm
_03733_,6.21µm
_03867_,6.21µm
_03873_,6.21µm
_04261_,6.21µm
_04371_,6.21µm
_04508_,6.21µm
_04587_,6.21µm
_04589_,6.21µm
_04731_,6.21µm
_04768_,6.21µm
_04805_,6.21µm
_04940_,6.21µm
_05513_,6.21µm
_05556_,6.21µm
_05788_,6.21µm
_05803_,6.21µm
_05833_,6.21µm
_05977_,6.21µm
_00010_,6.16µm
_00027_,6.16µm
_00051_,6.16µm
_00095_,6.16µm
_00265_,6.16µm
_00273_,6.16µm
_00518_,6.16µm
_00570_,6.16µm
_00859_,6.16µm
_01023_,6.16µm
_01192_,6.16µm
_01256_,6.16µm
_01419_,6.16µm
_01730_,6.16µm
_01808_,6.16µm
_01814_,6.16µm
_02169_,6.16µm
_02300_,6.16µm
_02351_,6.16µm
_02378_,6.16µm
_02552_,6.16µm
_02654_,6.16µm
_02779_,6.16µm
_02787_,6.16µm
_02815_,6.16µm
_02832_,6.16µm
_03113_,6.16µm
_03250_,6.16µm
_03298_,6.16µm
_03328_,6.16µm
_03379_,6.16µm
_03423_,6.16µm
_03669_,6.16µm
_03829_,6.16µm
_03830_,6.16µm
_03876_,6.16µm
_04334_,6.16µm
_04635_,6.16µm
_04760_,6.16µm
_04928_,6.16µm
_04936_,6.16µm
_05305_,6.16µm
_05382_,6.16µm
_05459_,6.16µm
_05648_,6.16µm
_05702_,6.16µm
_05806_,6.16µm
_05963_,6.16µm
_06092_,6.16µm
digital_domain_inst.signal_processor_y_inst.s90_pipe\[1\],6.16µm
net1129,6.16µm
_06076_,5.75µm
_00865_,5.7µm
_00971_,5.7µm
_00984_,5.7µm
_01033_,5.7µm
_01254_,5.7µm
_02061_,5.7µm
_02404_,5.7µm
_04120_,5.7µm
_04145_,5.7µm
_04195_,5.7µm
_04301_,5.7µm
_04349_,5.7µm
_04816_,5.7µm
_05004_,5.7µm
_05126_,5.7µm
_05206_,5.7µm
_05592_,5.7µm
_06089_,5.7µm
_00011_,5.65µm
_00018_,5.65µm
_00025_,5.65µm
_00147_,5.65µm
_00317_,5.65µm
_00324_,5.65µm
_00431_,5.65µm
_00458_,5.65µm
_00487_,5.65µm
_00499_,5.65µm
_00552_,5.65µm
_00584_,5.65µm
_00968_,5.65µm
_00976_,5.65µm
_01006_,5.65µm
_01071_,5.65µm
_01257_,5.65µm
_01548_,5.65µm
_01739_,5.65µm
_01758_,5.65µm
_01796_,5.65µm
_02044_,5.65µm
_02452_,5.65µm
_02569_,5.65µm
_02632_,5.65µm
_02635_,5.65µm
_02763_,5.65µm
_02778_,5.65µm
_02823_,5.65µm
_02827_,5.65µm
_02886_,5.65µm
_03192_,5.65µm
_03255_,5.65µm
_03364_,5.65µm
_03788_,5.65µm
_04134_,5.65µm
_04272_,5.65µm
_04544_,5.65µm
_04630_,5.65µm
_04862_,5.65µm
_04888_,5.65µm
_04919_,5.65µm
_05049_,5.65µm
_05960_,5.65µm
_06081_,5.65µm
digital_domain_inst.wave_controller_x_inst.ds_acc\[3\],5.65µm
digital_domain_inst.wave_controller_x_inst.ds_acc\[4\],5.65µm
net283,5.65µm
_00007_,5.6µm
_00014_,5.6µm
_00088_,5.6µm
_00149_,5.6µm
_00159_,5.6µm
_00176_,5.6µm
_00192_,5.6µm
_00223_,5.6µm
_00226_,5.6µm
_00244_,5.6µm
_00271_,5.6µm
_00319_,5.6µm
_00343_,5.6µm
_00484_,5.6µm
_00912_,5.6µm
_00955_,5.6µm
_01085_,5.6µm
_01235_,5.6µm
_01266_,5.6µm
_01331_,5.6µm
_01336_,5.6µm
_01338_,5.6µm
_01391_,5.6µm
_01481_,5.6µm
_01941_,5.6µm
_02081_,5.6µm
_02271_,5.6µm
_02797_,5.6µm
_02995_,5.6µm
_03034_,5.6µm
_03095_,5.6µm
_03238_,5.6µm
_03466_,5.6µm
_03687_,5.6µm
_03910_,5.6µm
_04024_,5.6µm
_04133_,5.6µm
_04701_,5.6µm
_04722_,5.6µm
_04783_,5.6µm
_04785_,5.6µm
_04882_,5.6µm
_05079_,5.6µm
_05207_,5.6µm
_05217_,5.6µm
_05362_,5.6µm
_05378_,5.6µm
_05520_,5.6µm
_05616_,5.6µm
_05660_,5.6µm
_05818_,5.6µm
_05865_,5.6µm
_06058_,5.6µm
digital_domain_inst.cfg_f_MEMS_fcw_x\[14\],5.6µm
digital_domain_inst.signal_processor_y_inst.cycle_count\[3\],5.6µm
digital_domain_inst.wave_controller_x_inst.comp_sync0,5.6µm
spi_mosi,5.51µm
dir_y,5.51µm
mems_drv_y,5.51µm
read_en,5.51µm
spi_sclk,5.46µm
spi_miso_oe,5.46µm
_00032_,5.14µm
_00886_,5.14µm
_01729_,5.14µm
_01807_,5.14µm
_01965_,5.14µm
_02085_,5.14µm
_02134_,5.14µm
_02402_,5.14µm
_02674_,5.14µm
_02735_,5.14µm
_02799_,5.14µm
_02854_,5.14µm
_02855_,5.14µm
_02952_,5.14µm
_03284_,5.14µm
_03317_,5.14µm
_03632_,5.14µm
_04025_,5.14µm
_04297_,5.14µm
_04744_,5.14µm
_04841_,5.14µm
_05082_,5.14µm
_05131_,5.14µm
_05154_,5.14µm
_05340_,5.14µm
_05604_,5.14µm
_00196_,5.09µm
_00257_,5.09µm
_00396_,5.09µm
_00445_,5.09µm
_00519_,5.09µm
_01318_,5.09µm
_01422_,5.09µm
_01755_,5.09µm
_02039_,5.09µm
_02336_,5.09µm
_02474_,5.09µm
_02531_,5.09µm
_02840_,5.09µm
_02856_,5.09µm
_03173_,5.09µm
_03288_,5.09µm
_03327_,5.09µm
_03424_,5.09µm
_03706_,5.09µm
_04856_,5.09µm
_05172_,5.09µm
_05376_,5.09µm
_05649_,5.09µm
_05656_,5.09µm
_05752_,5.09µm
_05794_,5.09µm
_05947_,5.09µm
_06022_,5.09µm
_06088_,5.09µm
digital_domain_inst.wave_controller_x_inst.ds_acc\[2\],5.09µm
_00031_,5.04µm
_00093_,5.04µm
_00128_,5.04µm
_00188_,5.04µm
_00218_,5.04µm
_00229_,5.04µm
_00231_,5.04µm
_00251_,5.04µm
_00302_,5.04µm
_00304_,5.04µm
_00352_,5.04µm
_00411_,5.04µm
_00415_,5.04µm
_00437_,5.04µm
_00581_,5.04µm
_00907_,5.04µm
_00979_,5.04µm
_01720_,5.04µm
_01803_,5.04µm
_01871_,5.04µm
_01917_,5.04µm
_02288_,5.04µm
_02622_,5.04µm
_03004_,5.04µm
_03025_,5.04µm
_03110_,5.04µm
_03117_,5.04µm
_03120_,5.04µm
_03151_,5.04µm
_03159_,5.04µm
_03180_,5.04µm
_03246_,5.04µm
_03286_,5.04µm
_03319_,5.04µm
_03353_,5.04µm
_03373_,5.04µm
_03426_,5.04µm
_03700_,5.04µm
_03715_,5.04µm
_04138_,5.04µm
_04274_,5.04µm
_04354_,5.04µm
_04384_,5.04µm
_04432_,5.04µm
_04682_,5.04µm
_04779_,5.04µm
_04803_,5.04µm
_04984_,5.04µm
_05002_,5.04µm
_05195_,5.04µm
_05496_,5.04µm
_05689_,5.04µm
_05748_,5.04µm
_05880_,5.04µm
_05958_,5.04µm
digital_domain_inst.latch_phase270_ack_y,5.04µm
digital_domain_inst.spi_regs_inst.spi_addr\[2\],5.04µm
mems_drv_x,4.9µm
move_en_x,4.9µm
_03100_,4.63µm
_00858_,4.58µm
_01162_,4.58µm
_01717_,4.58µm
_01987_,4.58µm
_02363_,4.58µm
_02369_,4.58µm
_02462_,4.58µm
_02464_,4.58µm
_02533_,4.58µm
_02658_,4.58µm
_02872_,4.58µm
_02940_,4.58µm
_03171_,4.58µm
_03227_,4.58µm
_03245_,4.58µm
_03273_,4.58µm
_03303_,4.58µm
_03431_,4.58µm
_03489_,4.58µm
_04791_,4.58µm
_04956_,4.58µm
_05072_,4.58µm
_05161_,4.58µm
_05262_,4.58µm
_05930_,4.58µm
_00154_,4.53µm
_00474_,4.53µm
_00986_,4.53µm
_01225_,4.53µm
_01970_,4.53µm
_02200_,4.53µm
_02252_,4.53µm
_02384_,4.53µm
_02625_,4.53µm
_03001_,4.53µm
_03823_,4.53µm
_03831_,4.53µm
_03917_,4.53µm
_04810_,4.53µm
_05163_,4.53µm
_05926_,4.53µm
_00015_,4.48µm
_00055_,4.48µm
_00061_,4.48µm
_00078_,4.48µm
_00116_,4.48µm
_00129_,4.48µm
_00168_,4.48µm
_00197_,4.48µm
_00236_,4.48µm
_00286_,4.48µm
_00293_,4.48µm
_00334_,4.48µm
_00335_,4.48µm
_00391_,4.48µm
_00430_,4.48µm
_00459_,4.48µm
_00479_,4.48µm
_00498_,4.48µm
_00555_,4.48µm
_00962_,4.48µm
_01059_,4.48µm
_01084_,4.48µm
_01233_,4.48µm
_01239_,4.48µm
_01418_,4.48µm
_01474_,4.48µm
_01558_,4.48µm
_01791_,4.48µm
_01906_,4.48µm
_02099_,4.48µm
_02106_,4.48µm
_02119_,4.48µm
_02120_,4.48µm
_02195_,4.48µm
_02216_,4.48µm
_02227_,4.48µm
_02255_,4.48µm
_02308_,4.48µm
_02344_,4.48µm
_02380_,4.48µm
_02414_,4.48µm
_02437_,4.48µm
_02446_,4.48µm
_02483_,4.48µm
_02536_,4.48µm
_02601_,4.48µm
_02612_,4.48µm
_02649_,4.48µm
_02656_,4.48µm
_02713_,4.48µm
_02800_,4.48µm
_02812_,4.48µm
_02813_,4.48µm
_02961_,4.48µm
_03150_,4.48µm
_03160_,4.48µm
_03219_,4.48µm
_03232_,4.48µm
_03305_,4.48µm
_03434_,4.48µm
_03567_,4.48µm
_03776_,4.48µm
_03777_,4.48µm
_03802_,4.48µm
_04106_,4.48µm
_04115_,4.48µm
_04146_,4.48µm
_04212_,4.48µm
_04224_,4.48µm
_04305_,4.48µm
_04345_,4.48µm
_04502_,4.48µm
_04600_,4.48µm
_04697_,4.48µm
_04732_,4.48µm
_04775_,4.48µm
_04826_,4.48µm
_04840_,4.48µm
_05038_,4.48µm
_05235_,4.48µm
_05353_,4.48µm
_05499_,4.48µm
_05504_,4.48µm
_05518_,4.48µm
_05598_,4.48µm
_05727_,4.48µm
_05836_,4.48µm
_06025_,4.48µm
_06070_,4.48µm
ref_wave_x,4.34µm
_00574_,4.02µm
_00631_,4.02µm
_01229_,4.02µm
_01550_,4.02µm
_01899_,4.02µm
_02548_,4.02µm
_03769_,4.02µm
_03877_,4.02µm
_04930_,4.02µm
_05176_,4.02µm
_05612_,4.02µm
_05638_,4.02µm
_05662_,4.02µm
_00444_,3.97µm
_00573_,3.97µm
_01230_,3.97µm
_03169_,3.97µm
_03285_,3.97µm
_03399_,3.97µm
_03717_,3.97µm
_05990_,3.97µm
_06033_,3.97µm
digital_domain_inst.spi_regs_inst.spi_addr\[6\],3.97µm
digital_domain_inst.wave_controller_y_inst.comp_sync2,3.97µm
_00065_,3.92µm
_00148_,3.92µm
_00151_,3.92µm
_00165_,3.92µm
_00173_,3.92µm
_00198_,3.92µm
_00204_,3.92µm
_00213_,3.92µm
_00234_,3.92µm
_00240_,3.92µm
_00301_,3.92µm
_00356_,3.92µm
_00360_,3.92µm
_00380_,3.92µm
_00383_,3.92µm
_00448_,3.92µm
_00496_,3.92µm
_00521_,3.92µm
_00532_,3.92µm
_00553_,3.92µm
_00576_,3.92µm
_00582_,3.92µm
_00646_,3.92µm
_00925_,3.92µm
_00936_,3.92µm
_00982_,3.92µm
_01054_,3.92µm
_01243_,3.92µm
_01423_,3.92µm
_01434_,3.92µm
_01456_,3.92µm
_01509_,3.92µm
_01513_,3.92µm
_01546_,3.92µm
_01708_,3.92µm
_01721_,3.92µm
_01762_,3.92µm
_01793_,3.92µm
_01822_,3.92µm
_01866_,3.92µm
_01958_,3.92µm
_01973_,3.92µm
_01998_,3.92µm
_02014_,3.92µm
_02017_,3.92µm
_02054_,3.92µm
_02124_,3.92µm
_02159_,3.92µm
_02217_,3.92µm
_02242_,3.92µm
_02342_,3.92µm
_02383_,3.92µm
_02391_,3.92µm
_02397_,3.92µm
_02443_,3.92µm
_02543_,3.92µm
_02547_,3.92µm
_02563_,3.92µm
_02573_,3.92µm
_02605_,3.92µm
_02698_,3.92µm
_02789_,3.92µm
_02801_,3.92µm
_02806_,3.92µm
_02839_,3.92µm
_02880_,3.92µm
_02943_,3.92µm
_03085_,3.92µm
_03103_,3.92µm
_03107_,3.92µm
_03122_,3.92µm
_03163_,3.92µm
_03167_,3.92µm
_03217_,3.92µm
_03222_,3.92µm
_03294_,3.92µm
_03333_,3.92µm
_03352_,3.92µm
_03382_,3.92µm
_03914_,3.92µm
_04400_,3.92µm
_04428_,3.92µm
_04466_,3.92µm
_04575_,3.92µm
_04655_,3.92µm
_04673_,3.92µm
_04952_,3.92µm
_04980_,3.92µm
_05074_,3.92µm
_05106_,3.92µm
_05253_,3.92µm
_05270_,3.92µm
_05280_,3.92µm
_05281_,3.92µm
_05328_,3.92µm
_05388_,3.92µm
_05409_,3.92µm
_05670_,3.92µm
_05680_,3.92µm
_05749_,3.92µm
_05753_,3.92µm
_05774_,3.92µm
_05851_,3.92µm
_05881_,3.92µm
_05919_,3.92µm
_05966_,3.92µm
digital_domain_inst.wave_controller_y_inst.comp_sync1,3.92µm
rst_n,3.83µm
spi_cs_n,3.83µm
comp_y,3.78µm
_01815_,3.46µm
_02149_,3.46µm
_02297_,3.46µm
_02657_,3.46µm
_03128_,3.46µm
_03157_,3.46µm
_03195_,3.46µm
_03869_,3.46µm
_05298_,3.46µm
_05341_,3.46µm
_05582_,3.46µm
_05907_,3.46µm
_00190_,3.41µm
_01206_,3.41µm
_03299_,3.41µm
_04023_,3.41µm
_05295_,3.41µm
net1920,3.41µm
_00019_,3.36µm
_00024_,3.36µm
_00029_,3.36µm
_00033_,3.36µm
_00054_,3.36µm
_00059_,3.36µm
_00101_,3.36µm
_00103_,3.36µm
_00113_,3.36µm
_00141_,3.36µm
_00155_,3.36µm
_00177_,3.36µm
_00185_,3.36µm
_00186_,3.36µm
_00189_,3.36µm
_00200_,3.36µm
_00207_,3.36µm
_00210_,3.36µm
_00212_,3.36µm
_00235_,3.36µm
_00239_,3.36µm
_00245_,3.36µm
_00252_,3.36µm
_00256_,3.36µm
_00291_,3.36µm
_00323_,3.36µm
_00326_,3.36µm
_00350_,3.36µm
_00355_,3.36µm
_00357_,3.36µm
_00365_,3.36µm
_00371_,3.36µm
_00388_,3.36µm
_00399_,3.36µm
_00412_,3.36µm
_00414_,3.36µm
_00432_,3.36µm
_00490_,3.36µm
_00492_,3.36µm
_00511_,3.36µm
_00526_,3.36µm
_00988_,3.36µm
_01074_,3.36µm
_01094_,3.36µm
_01211_,3.36µm
_01309_,3.36µm
_01382_,3.36µm
_01393_,3.36µm
_01403_,3.36µm
_01435_,3.36µm
_01459_,3.36µm
_01515_,3.36µm
_01751_,3.36µm
_01773_,3.36µm
_01792_,3.36µm
_01804_,3.36µm
_01827_,3.36µm
_02046_,3.36µm
_02049_,3.36µm
_02111_,3.36µm
_02205_,3.36µm
_02237_,3.36µm
_02250_,3.36µm
_02455_,3.36µm
_02484_,3.36µm
_02553_,3.36µm
_02615_,3.36µm
_02629_,3.36µm
_02805_,3.36µm
_02822_,3.36µm
_02830_,3.36µm
_02946_,3.36µm
_03006_,3.36µm
_03076_,3.36µm
_03121_,3.36µm
_03136_,3.36µm
_03139_,3.36µm
_03178_,3.36µm
_03253_,3.36µm
_03254_,3.36µm
_03266_,3.36µm
_03272_,3.36µm
_03287_,3.36µm
_03291_,3.36µm
_03297_,3.36µm
_03358_,3.36µm
_03588_,3.36µm
_03865_,3.36µm
_03961_,3.36µm
_03973_,3.36µm
_04143_,3.36µm
_04154_,3.36µm
_04259_,3.36µm
_04337_,3.36µm
_04443_,3.36µm
_04480_,3.36µm
_04606_,3.36µm
_04830_,3.36µm
_04949_,3.36µm
_04960_,3.36µm
_04966_,3.36µm
_04983_,3.36µm
_04992_,3.36µm
_05059_,3.36µm
_05155_,3.36µm
_05216_,3.36µm
_05531_,3.36µm
_05560_,3.36µm
_05568_,3.36µm
_05577_,3.36µm
_05593_,3.36µm
_05686_,3.36µm
_05782_,3.36µm
_05792_,3.36µm
_05847_,3.36µm
_05904_,3.36µm
_05916_,3.36µm
_05924_,3.36µm
_05969_,3.36µm
_05982_,3.36µm
digital_domain_inst.raw_edge2_y\[18\],3.36µm
digital_domain_inst.signal_processor_y_inst.s90_pipe\[2\],3.36µm
digital_domain_inst.wave_controller_y_inst.ds_acc\[4\],3.36µm
_01584_,3.08µm
_00630_,2.9µm
_00867_,2.9µm
_04707_,2.9µm
_04720_,2.9µm
_04795_,2.9µm
_05278_,2.9µm
_05410_,2.9µm
_03946_,2.85µm
_00045_,2.8µm
_00050_,2.8µm
_00058_,2.8µm
_00067_,2.8µm
_00115_,2.8µm
_00133_,2.8µm
_00142_,2.8µm
_00156_,2.8µm
_00163_,2.8µm
_00174_,2.8µm
_00191_,2.8µm
_00228_,2.8µm
_00246_,2.8µm
_00287_,2.8µm
_00292_,2.8µm
_00309_,2.8µm
_00311_,2.8µm
_00358_,2.8µm
_00372_,2.8µm
_00389_,2.8µm
_00433_,2.8µm
_00443_,2.8µm
_00476_,2.8µm
_00477_,2.8µm
_00480_,2.8µm
_00483_,2.8µm
_00500_,2.8µm
_00516_,2.8µm
_00517_,2.8µm
_00548_,2.8µm
_00934_,2.8µm
_00943_,2.8µm
_00990_,2.8µm
_01082_,2.8µm
_01238_,2.8µm
_01299_,2.8µm
_01380_,2.8µm
_01466_,2.8µm
_01664_,2.8µm
_01705_,2.8µm
_01914_,2.8µm
_02001_,2.8µm
_02056_,2.8µm
_02121_,2.8µm
_02133_,2.8µm
_02273_,2.8µm
_02347_,2.8µm
_02386_,2.8µm
_02407_,2.8µm
_02519_,2.8µm
_02562_,2.8µm
_02607_,2.8µm
_02670_,2.8µm
_02676_,2.8µm
_02677_,2.8µm
_02687_,2.8µm
_02700_,2.8µm
_02759_,2.8µm
_02792_,2.8µm
_02843_,2.8µm
_02919_,2.8µm
_03000_,2.8µm
_03118_,2.8µm
_03127_,2.8µm
_03145_,2.8µm
_03220_,2.8µm
_03264_,2.8µm
_03269_,2.8µm
_03293_,2.8µm
_03296_,2.8µm
_03301_,2.8µm
_03311_,2.8µm
_03425_,2.8µm
_03470_,2.8µm
_03653_,2.8µm
_03716_,2.8µm
_03833_,2.8µm
_03845_,2.8µm
_03852_,2.8µm
_03897_,2.8µm
_04008_,2.8µm
_04010_,2.8µm
_04102_,2.8µm
_04137_,2.8µm
_04373_,2.8µm
_04501_,2.8µm
_04543_,2.8µm
_04609_,2.8µm
_04683_,2.8µm
_04763_,2.8µm
_05188_,2.8µm
_05194_,2.8µm
_05304_,2.8µm
_05311_,2.8µm
_05431_,2.8µm
_05643_,2.8µm
_05668_,2.8µm
_05673_,2.8µm
_05770_,2.8µm
_05787_,2.8µm
_05789_,2.8µm
_05856_,2.8µm
_05954_,2.8µm
_06054_,2.8µm
digital_domain_inst.signal_processor_y_inst.s270_pipe\[0\],2.8µm
move_en_y,2.66µm
_03176_,2.34µm
_03708_,2.34µm
_04227_,2.34µm
_05024_,2.34µm
_05435_,2.34µm
_05470_,2.34µm
digital_domain_inst.wave_controller_y_inst.cal_burst_count\[1\],2.34µm
_00704_,2.24µm
_00929_,2.24µm
_01104_,2.24µm
_01453_,2.24µm
_01779_,2.24µm
_01938_,2.24µm
_01990_,2.24µm
_02034_,2.24µm
_02130_,2.24µm
_02204_,2.24µm
_02331_,2.24µm
_02617_,2.24µm
_02647_,2.24µm
_02793_,2.24µm
_02959_,2.24µm
_02964_,2.24µm
_02997_,2.24µm
_03039_,2.24µm
_03078_,2.24µm
_03124_,2.24µm
_03223_,2.24µm
_03270_,2.24µm
_03295_,2.24µm
_03354_,2.24µm
_03409_,2.24µm
_03413_,2.24µm
_03883_,2.24µm
_04131_,2.24µm
_04298_,2.24µm
_04333_,2.24µm
_04365_,2.24µm
_04620_,2.24µm
_05197_,2.24µm
_05308_,2.24µm
_05495_,2.24µm
_05714_,2.24µm
_05728_,2.24µm
_05936_,2.24µm
_06074_,2.24µm
_06079_,2.24µm
digital_domain_inst.cfg_done,2.24µm
digital_domain_inst.signal_processor_y_inst.s270_pipe\[2\],2.24µm
_01247_,1.78µm
_01540_,1.78µm
_01458_,1.68µm
_02109_,1.68µm
_02211_,1.68µm
_02218_,1.68µm
_02290_,1.68µm
_02393_,1.68µm
_02538_,1.68µm
_02587_,1.68µm
_03183_,1.68µm
_03216_,1.68µm
_03927_,1.68µm
_03964_,1.68µm
_05244_,1.68µm
_05344_,1.68µm
_05430_,1.68µm
_05522_,1.68µm
_05740_,1.68µm
_05830_,1.68µm
_06082_,1.68µm
spi_miso,1.59µm
