
 /----------------------------------------------------------------------------\
 |  yosys -- Yosys Open SYnthesis Suite                                       |
 |  Copyright (C) 2012 - 2026  Claire Xenia Wolf <claire@yosyshq.com>         |
 |  Distributed under an ISC-like license, type "license" to see terms        |
 \----------------------------------------------------------------------------/
 Yosys 0.67 (git sha1 2d1509d1b, Release, GNU /usr/bin/c++ 13.3.0)

1. Executing Liberty frontend: /workspace/gf180mcu/gf180mcuD/libs.ref/gf180mcu_fd_sc_mcu7t5v0/lib/gf180mcu_fd_sc_mcu7t5v0__tt_025C_5v00.lib
Imported 229 cell types from liberty file.

2. Executing Liberty frontend: /workspace/gf180mcu/gf180mcuD/libs.ref/gf180mcu_fd_io/lib/gf180mcu_fd_io__tt_025C_5v00.lib
Imported 15 cell types from liberty file.

3. Executing Liberty frontend: /workspace/gf180mcu/gf180mcuD/libs.ref/gf180mcu_fd_io/lib/gf180mcu_ws_io__tt_025C_5v00.lib
Imported 2 cell types from liberty file.
[INFO] Using SDC file '/workspace/librelane/runs/RUN_2026-08-09_19-20-25/06-yosys-synthesis/synthesis.abc.sdc' for ABC…wtaf

4. Executing Verilog-2005 frontend: /workspace/src/chip_core.sv
Parsing SystemVerilog input from `/workspace/src/chip_core.sv' to AST representation.
Storing AST representation for module `$abstract\spi_regs'.
Storing AST representation for module `$abstract\state_machine'.
Storing AST representation for module `$abstract\sine_lut'.
Storing AST representation for module `$abstract\wave_controller'.
Storing AST representation for module `$abstract\signal_processor'.
Storing AST representation for module `$abstract\analog_block'.
Storing AST representation for module `$abstract\analog_readout'.
Storing AST representation for module `$abstract\analog_wave_mixer'.
Storing AST representation for module `$abstract\analog_comp'.
Storing AST representation for module `$abstract\chip_core'.
Successfully finished Verilog frontend.

5. Executing HIERARCHY pass (managing design hierarchy).

6. Executing AST frontend in derive mode using pre-parsed AST for module `\chip_core'.
Generating RTLIL representation for module `\chip_core'.

6.1. Analyzing design hierarchy..
Top module:  \chip_core

6.2. Executing AST frontend in derive mode using pre-parsed AST for module `\signal_processor'.
Generating RTLIL representation for module `\signal_processor'.

6.3. Executing AST frontend in derive mode using pre-parsed AST for module `\wave_controller'.
Generating RTLIL representation for module `\wave_controller'.

6.4. Executing AST frontend in derive mode using pre-parsed AST for module `\state_machine'.
Generating RTLIL representation for module `\state_machine'.

6.5. Executing AST frontend in derive mode using pre-parsed AST for module `\spi_regs'.
Generating RTLIL representation for module `\spi_regs'.

6.6. Executing AST frontend in derive mode using pre-parsed AST for module `\analog_block'.
Generating RTLIL representation for module `\analog_block'.

6.7. Analyzing design hierarchy..
Top module:  \chip_core
Used module:     \signal_processor
Used module:     \wave_controller
Used module:     \state_machine
Used module:     \spi_regs
Used module:     \analog_block

6.8. Executing AST frontend in derive mode using pre-parsed AST for module `\analog_comp'.
Generating RTLIL representation for module `\analog_comp'.

6.9. Executing AST frontend in derive mode using pre-parsed AST for module `\analog_wave_mixer'.
Generating RTLIL representation for module `\analog_wave_mixer'.

6.10. Executing AST frontend in derive mode using pre-parsed AST for module `\analog_readout'.
Generating RTLIL representation for module `\analog_readout'.

6.11. Executing AST frontend in derive mode using pre-parsed AST for module `\sine_lut'.
Generating RTLIL representation for module `\sine_lut'.

6.12. Analyzing design hierarchy..
Top module:  \chip_core
Used module:     \signal_processor
Used module:     \wave_controller
Used module:         \sine_lut
Used module:     \state_machine
Used module:     \spi_regs
Used module:     \analog_block
Used module:         \analog_comp
Used module:         \analog_wave_mixer
Used module:         \analog_readout

6.13. Analyzing design hierarchy..
Top module:  \chip_core
Used module:     \signal_processor
Used module:     \wave_controller
Used module:         \sine_lut
Used module:     \state_machine
Used module:     \spi_regs
Used module:     \analog_block
Used module:         \analog_comp
Used module:         \analog_wave_mixer
Used module:         \analog_readout
Removing unused module `$abstract\chip_core'.
Removing unused module `$abstract\analog_comp'.
Removing unused module `$abstract\analog_wave_mixer'.
Removing unused module `$abstract\analog_readout'.
Removing unused module `$abstract\analog_block'.
Removing unused module `$abstract\signal_processor'.
Removing unused module `$abstract\wave_controller'.
Removing unused module `$abstract\sine_lut'.
Removing unused module `$abstract\state_machine'.
Removing unused module `$abstract\spi_regs'.
Removed 10 unused modules.
Renaming module chip_core to chip_core.

7. Executing ATTRMAP pass (move or copy attributes).
Removed attribute on chip_core.input_pd: single_bit_vector=1
Removed attribute on chip_core.input_pu: single_bit_vector=1
Removed attribute on chip_core.input_in: single_bit_vector=1

8. Executing HIERARCHY pass (managing design hierarchy).

8.1. Analyzing design hierarchy..
Top module:  \chip_core
Used module:     \signal_processor
Used module:     \wave_controller
Used module:         \sine_lut
Used module:     \state_machine
Used module:     \spi_regs
Used module:     \analog_block
Used module:         \analog_comp
Used module:         \analog_wave_mixer
Used module:         \analog_readout

8.2. Analyzing design hierarchy..
Top module:  \chip_core
Used module:     \signal_processor
Used module:     \wave_controller
Used module:         \sine_lut
Used module:     \state_machine
Used module:     \spi_regs
Used module:     \analog_block
Used module:         \analog_comp
Used module:         \analog_wave_mixer
Used module:         \analog_readout
Removed 0 unused modules.

9. Executing PROC_CLEAN pass (remove empty switches from decision trees).
Cleaned up 0 empty switches.

10. Executing PROC_RMDEAD pass (remove dead branches from decision trees).
Marked 1 switch rules as full_case in process $proc$/workspace/src/chip_core.sv:59$2 in module chip_core.
Marked 1 switch rules as full_case in process $proc$/workspace/src/spi.sv:246$113 in module spi_regs.
Removed 1 dead cases from process $proc$/workspace/src/spi.sv:191$104 in module spi_regs.
Marked 4 switch rules as full_case in process $proc$/workspace/src/spi.sv:191$104 in module spi_regs.
Marked 1 switch rules as full_case in process $proc$/workspace/src/spi.sv:166$98 in module spi_regs.
Marked 1 switch rules as full_case in process $proc$/workspace/src/spi.sv:150$96 in module spi_regs.
Marked 1 switch rules as full_case in process $proc$/workspace/src/state_machine.sv:82$95 in module state_machine.
Marked 1 switch rules as full_case in process $proc$/workspace/src/state_machine.sv:77$93 in module state_machine.
Marked 7 switch rules as full_case in process $proc$/workspace/src/state_machine.sv:44$92 in module state_machine.
Marked 5 switch rules as full_case in process $proc$/workspace/src/wave_controller.sv:374$88 in module wave_controller.
Marked 2 switch rules as full_case in process $proc$/workspace/src/wave_controller.sv:360$86 in module wave_controller.
Marked 1 switch rules as full_case in process $proc$/workspace/src/wave_controller.sv:341$82 in module wave_controller.
Marked 5 switch rules as full_case in process $proc$/workspace/src/wave_controller.sv:281$72 in module wave_controller.
Marked 5 switch rules as full_case in process $proc$/workspace/src/wave_controller.sv:154$49 in module wave_controller.
Marked 2 switch rules as full_case in process $proc$/workspace/src/wave_controller.sv:104$32 in module wave_controller.
Marked 2 switch rules as full_case in process $proc$/workspace/src/wave_controller.sv:89$29 in module wave_controller.
Marked 5 switch rules as full_case in process $proc$/workspace/src/signal_processor.sv:101$20 in module signal_processor.
Marked 2 switch rules as full_case in process $proc$/workspace/src/signal_processor.sv:87$15 in module signal_processor.
Marked 2 switch rules as full_case in process $proc$/workspace/src/signal_processor.sv:46$11 in module signal_processor.
Marked 1 switch rules as full_case in process $proc$/workspace/src/sine_lut.sv:71$122 in module sine_lut.
Removed 1 dead cases from process $proc$/workspace/src/sine_lut.sv:32$121 in module sine_lut.
Marked 1 switch rules as full_case in process $proc$/workspace/src/sine_lut.sv:32$121 in module sine_lut.
Removed a total of 2 dead cases.

11. Executing PROC_PRUNE pass (remove redundant assignments in processes).
Removed 21 redundant assignments.
Promoted 76 assignments to connections.

12. Executing PROC_INIT pass (extract init attributes).

13. Executing PROC_ARST pass (detect async resets in processes).
Found async reset \rst_n in `\spi_regs.$proc$/workspace/src/spi.sv:246$113'.
Found async reset \rst_n in `\spi_regs.$proc$/workspace/src/spi.sv:191$104'.
Found async reset \rst_n in `\spi_regs.$proc$/workspace/src/spi.sv:166$98'.
Found async reset \rst_n in `\spi_regs.$proc$/workspace/src/spi.sv:150$96'.
Found async reset \rst_n in `\state_machine.$proc$/workspace/src/state_machine.sv:77$93'.
Found async reset \rst_n in `\wave_controller.$proc$/workspace/src/wave_controller.sv:374$88'.
Found async reset \rst_n in `\wave_controller.$proc$/workspace/src/wave_controller.sv:341$82'.
Found async reset \rst_n in `\wave_controller.$proc$/workspace/src/wave_controller.sv:281$72'.
Found async reset \rst_n in `\wave_controller.$proc$/workspace/src/wave_controller.sv:154$49'.
Found async reset \rst_n in `\wave_controller.$proc$/workspace/src/wave_controller.sv:104$32'.
Found async reset \rst_n in `\wave_controller.$proc$/workspace/src/wave_controller.sv:89$29'.
Found async reset \rst_n in `\signal_processor.$proc$/workspace/src/signal_processor.sv:101$20'.
Found async reset \rst_n in `\signal_processor.$proc$/workspace/src/signal_processor.sv:46$11'.

14. Executing PROC_ROM pass (convert switches to ROMs).
Converted 1 switch.
<suppressed ~61 debug messages>

15. Executing PROC_MUX pass (convert decision trees to multiplexers).
Creating decoders for process `\chip_core.$proc$/workspace/src/chip_core.sv:147$6'.
Creating decoders for process `\chip_core.$proc$/workspace/src/chip_core.sv:59$2'.
     1/1: $0\count[9:0]
Creating decoders for process `\analog_comp.$proc$/workspace/src/analog_macro.sv:109$116'.
Creating decoders for process `\spi_regs.$proc$/workspace/src/spi.sv:311$115'.
     1/1: $1\reg_rd_data[7:0]
Creating decoders for process `\spi_regs.$proc$/workspace/src/spi.sv:246$113'.
     1/26: $0\cfg_phase270_offset_y[20:0] [20:16]
     2/26: $0\cfg_phase270_offset_y[20:0] [15:8]
     3/26: $0\cfg_phase270_offset_y[20:0] [7:0]
     4/26: $0\cfg_phase90_offset_y[20:0] [15:8]
     5/26: $0\cfg_phase90_offset_y[20:0] [7:0]
     6/26: $0\cfg_phase0_offset_y[20:0] [15:8]
     7/26: $0\cfg_phase0_offset_y[20:0] [7:0]
     8/26: $0\cfg_phase270_offset_x[20:0] [15:8]
     9/26: $0\cfg_phase270_offset_x[20:0] [7:0]
    10/26: $0\cfg_phase90_offset_x[20:0] [15:8]
    11/26: $0\cfg_phase90_offset_x[20:0] [7:0]
    12/26: $0\cfg_phase0_offset_x[20:0] [15:8]
    13/26: $0\cfg_phase0_offset_x[20:0] [7:0]
    14/26: $0\cfg_f_MEMS_fcw_y[15:0] [7:0]
    15/26: $0\cfg_f_MEMS_fcw_x[15:0] [7:0]
    16/26: $0\phase_offset_imported[0:0]
    17/26: $0\cfg_done[0:0]
    18/26: $0\boot_complete[0:0]
    19/26: $0\cfg_phase90_offset_y[20:0] [20:16]
    20/26: $0\cfg_phase0_offset_y[20:0] [20:16]
    21/26: $0\cfg_phase270_offset_x[20:0] [20:16]
    22/26: $0\cfg_phase90_offset_x[20:0] [20:16]
    23/26: $0\cfg_phase0_offset_x[20:0] [20:16]
    24/26: $0\cfg_f_MEMS_fcw_y[15:0] [15:8]
    25/26: $0\cfg_f_MEMS_fcw_x[15:0] [15:8]
    26/26: $0\soft_rst[0:0]
Creating decoders for process `\spi_regs.$proc$/workspace/src/spi.sv:191$104'.
     1/10: $0\spi_miso_oe[0:0]
     2/10: $0\reg_wr_en[0:0]
     3/10: $0\reg_wr_data[7:0]
     4/10: $0\reg_wr_addr[6:0]
     5/10: $0\tx_shift[7:0]
     6/10: $0\rx_shift[7:0]
     7/10: $0\spi_addr[6:0]
     8/10: $0\rw_n[0:0]
     9/10: $0\bit_cnt[2:0]
    10/10: $0\spi_state[0:0]
Creating decoders for process `\spi_regs.$proc$/workspace/src/spi.sv:166$98'.
     1/1: $0\sclk_d[0:0]
Creating decoders for process `\spi_regs.$proc$/workspace/src/spi.sv:150$96'.
     1/3: $0\mosi_sync[1:0]
     2/3: $0\sclk_sync[1:0]
     3/3: $0\cs_sync[1:0]
Creating decoders for process `\state_machine.$proc$/workspace/src/state_machine.sv:82$95'.
     1/2: $1\read_en[0:0]
     2/2: $1\cal_start[0:0]
Creating decoders for process `\state_machine.$proc$/workspace/src/state_machine.sv:77$93'.
     1/1: $0\state_q[2:0]
Creating decoders for process `\state_machine.$proc$/workspace/src/state_machine.sv:44$92'.
     1/7: $7\state_d[2:0]
     2/7: $6\state_d[2:0]
     3/7: $5\state_d[2:0]
     4/7: $4\state_d[2:0]
     5/7: $3\state_d[2:0]
     6/7: $2\state_d[2:0]
     7/7: $1\state_d[2:0]
Creating decoders for process `\wave_controller.$proc$/workspace/src/wave_controller.sv:374$88'.
     1/5: $0\ref_wave[0:0]
     2/5: $0\mems_drv[0:0]
     3/5: $0\cal_burst_count[1:0]
     4/5: $0\cal_burst_active[0:0]
     5/5: $0\cal_burst_armed[0:0]
Creating decoders for process `\wave_controller.$proc$/workspace/src/wave_controller.sv:360$86'.
     1/2: $2\ds_code[7:0]
     2/2: $1\ds_code[7:0]
Creating decoders for process `\wave_controller.$proc$/workspace/src/wave_controller.sv:341$82'.
     1/1: $0\ds_acc[8:0]
Creating decoders for process `\wave_controller.$proc$/workspace/src/wave_controller.sv:281$72'.
     1/3: $0\latch_error[0:0]
     2/3: $0\latch_phase270[0:0]
     3/3: $0\latch_phase90[0:0]
Creating decoders for process `\wave_controller.$proc$/workspace/src/wave_controller.sv:154$49'.
     1/10: $0\capture_step[1:0]
     2/10: $0\capture_pending[0:0]
     3/10: $0\wave_cycle_cnt[7:0]
     4/10: $0\cal_dir[0:0]
     5/10: $0\raw_edge3[20:0]
     6/10: $0\raw_edge2[20:0]
     7/10: $0\raw_edge1[20:0]
     8/10: $0\delay_wave_cycle[7:0]
     9/10: $0\cal_timeout[0:0]
    10/10: $0\cal_done[0:0]
Creating decoders for process `\wave_controller.$proc$/workspace/src/wave_controller.sv:104$32'.
     1/5: $0\comp_sync4[0:0]
     2/5: $0\comp_sync3[0:0]
     3/5: $0\comp_sync2[0:0]
     4/5: $0\comp_sync1[0:0]
     5/5: $0\comp_sync0[0:0]
Creating decoders for process `\wave_controller.$proc$/workspace/src/wave_controller.sv:89$29'.
     1/1: $0\phase_acc[20:0]
Creating decoders for process `\signal_processor.$proc$/workspace/src/signal_processor.sv:101$20'.
     1/13: $0\latch_phase270_ack[0:0]
     2/13: $0\latch_phase90_ack[0:0]
     3/13: $0\cycle_count[3:0]
     4/13: $0\cnt_out[3:0]
     5/13: $0\cnt_in[3:0]
     6/13: $0\s90_valid[0:0]
     7/13: $0\s90[0:0]
     8/13: $0\votes_out_phase[3:0]
     9/13: $0\votes_in_phase[3:0]
    10/13: $0\phase_state[1:0]
    11/13: $0\jitter_flag[0:0]
    12/13: $0\move_en[0:0]
    13/13: $0\dir[0:0]
Creating decoders for process `\signal_processor.$proc$/workspace/src/signal_processor.sv:87$15'.
     1/4: $2\next_in[3:0]
     2/4: $2\next_out[3:0]
     3/4: $1\next_out[3:0]
     4/4: $1\next_in[3:0]
Creating decoders for process `\signal_processor.$proc$/workspace/src/signal_processor.sv:46$11'.
     1/3: $0\s270_pipe[3:0]
     2/3: $0\s90_pipe[3:0]
     3/3: $0\comp_pipe[3:0]
Creating decoders for process `\sine_lut.$proc$/workspace/src/sine_lut.sv:71$122'.
     1/1: $1\amp[7:0]
Creating decoders for process `\sine_lut.$proc$/workspace/src/sine_lut.sv:32$121'.
     1/1: $1\q_val[6:0]

16. Executing PROC_DLATCH pass (convert process syncs to latches).
No latch inferred for signal `\chip_core.\bidir_out' from process `\chip_core.$proc$/workspace/src/chip_core.sv:147$6'.
No latch inferred for signal `\chip_core.\bidir_oe' from process `\chip_core.$proc$/workspace/src/chip_core.sv:147$6'.
No latch inferred for signal `\chip_core.\bidir_cs' from process `\chip_core.$proc$/workspace/src/chip_core.sv:147$6'.
No latch inferred for signal `\chip_core.\bidir_sl' from process `\chip_core.$proc$/workspace/src/chip_core.sv:147$6'.
No latch inferred for signal `\chip_core.\bidir_ie' from process `\chip_core.$proc$/workspace/src/chip_core.sv:147$6'.
No latch inferred for signal `\chip_core.\bidir_pu' from process `\chip_core.$proc$/workspace/src/chip_core.sv:147$6'.
No latch inferred for signal `\chip_core.\bidir_pd' from process `\chip_core.$proc$/workspace/src/chip_core.sv:147$6'.
No latch inferred for signal `\spi_regs.\reg_rd_data' from process `\spi_regs.$proc$/workspace/src/spi.sv:311$115'.
No latch inferred for signal `\state_machine.\cal_start' from process `\state_machine.$proc$/workspace/src/state_machine.sv:82$95'.
No latch inferred for signal `\state_machine.\read_en' from process `\state_machine.$proc$/workspace/src/state_machine.sv:82$95'.
No latch inferred for signal `\state_machine.\state_d' from process `\state_machine.$proc$/workspace/src/state_machine.sv:44$92'.
No latch inferred for signal `\wave_controller.\ds_code' from process `\wave_controller.$proc$/workspace/src/wave_controller.sv:360$86'.
No latch inferred for signal `\signal_processor.\next_in' from process `\signal_processor.$proc$/workspace/src/signal_processor.sv:87$15'.
No latch inferred for signal `\signal_processor.\next_out' from process `\signal_processor.$proc$/workspace/src/signal_processor.sv:87$15'.
No latch inferred for signal `\sine_lut.\amp' from process `\sine_lut.$proc$/workspace/src/sine_lut.sv:71$122'.
No latch inferred for signal `\sine_lut.\q_val' from process `\sine_lut.$proc$/workspace/src/sine_lut.sv:32$121'.

17. Executing PROC_DFF pass (convert process syncs to FFs).
Creating register for signal `\chip_core.\count' using process `\chip_core.$proc$/workspace/src/chip_core.sv:59$2'.
  created $dff cell `$procdff$1220' with positive edge clock.
Creating register for signal `\analog_comp.\aout_reg' using process `\analog_comp.$proc$/workspace/src/analog_macro.sv:109$116'.
  created $dff cell `$procdff$1221' with positive edge clock.
Creating register for signal `\spi_regs.\cfg_f_MEMS_fcw_x' using process `\spi_regs.$proc$/workspace/src/spi.sv:246$113'.
  created $adff cell `$procdff$1226' with positive edge clock and positive level reset.
Creating register for signal `\spi_regs.\cfg_f_MEMS_fcw_y' using process `\spi_regs.$proc$/workspace/src/spi.sv:246$113'.
  created $adff cell `$procdff$1231' with positive edge clock and positive level reset.
Creating register for signal `\spi_regs.\cfg_phase0_offset_x' using process `\spi_regs.$proc$/workspace/src/spi.sv:246$113'.
  created $adff cell `$procdff$1236' with positive edge clock and positive level reset.
Creating register for signal `\spi_regs.\cfg_phase90_offset_x' using process `\spi_regs.$proc$/workspace/src/spi.sv:246$113'.
  created $adff cell `$procdff$1241' with positive edge clock and positive level reset.
Creating register for signal `\spi_regs.\cfg_phase270_offset_x' using process `\spi_regs.$proc$/workspace/src/spi.sv:246$113'.
  created $adff cell `$procdff$1246' with positive edge clock and positive level reset.
Creating register for signal `\spi_regs.\cfg_phase0_offset_y' using process `\spi_regs.$proc$/workspace/src/spi.sv:246$113'.
  created $adff cell `$procdff$1251' with positive edge clock and positive level reset.
Creating register for signal `\spi_regs.\cfg_phase90_offset_y' using process `\spi_regs.$proc$/workspace/src/spi.sv:246$113'.
  created $adff cell `$procdff$1256' with positive edge clock and positive level reset.
Creating register for signal `\spi_regs.\cfg_phase270_offset_y' using process `\spi_regs.$proc$/workspace/src/spi.sv:246$113'.
  created $adff cell `$procdff$1261' with positive edge clock and positive level reset.
Creating register for signal `\spi_regs.\boot_complete' using process `\spi_regs.$proc$/workspace/src/spi.sv:246$113'.
  created $adff cell `$procdff$1266' with positive edge clock and positive level reset.
Creating register for signal `\spi_regs.\cfg_done' using process `\spi_regs.$proc$/workspace/src/spi.sv:246$113'.
  created $adff cell `$procdff$1271' with positive edge clock and positive level reset.
Creating register for signal `\spi_regs.\phase_offset_imported' using process `\spi_regs.$proc$/workspace/src/spi.sv:246$113'.
  created $adff cell `$procdff$1276' with positive edge clock and positive level reset.
Creating register for signal `\spi_regs.\soft_rst' using process `\spi_regs.$proc$/workspace/src/spi.sv:246$113'.
  created $adff cell `$procdff$1281' with positive edge clock and positive level reset.
Creating register for signal `\spi_regs.\spi_miso_oe' using process `\spi_regs.$proc$/workspace/src/spi.sv:191$104'.
  created $adff cell `$procdff$1286' with positive edge clock and positive level reset.
Creating register for signal `\spi_regs.\spi_state' using process `\spi_regs.$proc$/workspace/src/spi.sv:191$104'.
  created $adff cell `$procdff$1291' with positive edge clock and positive level reset.
Creating register for signal `\spi_regs.\bit_cnt' using process `\spi_regs.$proc$/workspace/src/spi.sv:191$104'.
  created $adff cell `$procdff$1296' with positive edge clock and positive level reset.
Creating register for signal `\spi_regs.\rw_n' using process `\spi_regs.$proc$/workspace/src/spi.sv:191$104'.
  created $adff cell `$procdff$1301' with positive edge clock and positive level reset.
Creating register for signal `\spi_regs.\spi_addr' using process `\spi_regs.$proc$/workspace/src/spi.sv:191$104'.
  created $adff cell `$procdff$1306' with positive edge clock and positive level reset.
Creating register for signal `\spi_regs.\rx_shift' using process `\spi_regs.$proc$/workspace/src/spi.sv:191$104'.
  created $adff cell `$procdff$1311' with positive edge clock and positive level reset.
Creating register for signal `\spi_regs.\tx_shift' using process `\spi_regs.$proc$/workspace/src/spi.sv:191$104'.
  created $adff cell `$procdff$1316' with positive edge clock and positive level reset.
Creating register for signal `\spi_regs.\reg_wr_en' using process `\spi_regs.$proc$/workspace/src/spi.sv:191$104'.
  created $adff cell `$procdff$1321' with positive edge clock and positive level reset.
Creating register for signal `\spi_regs.\reg_wr_addr' using process `\spi_regs.$proc$/workspace/src/spi.sv:191$104'.
  created $adff cell `$procdff$1326' with positive edge clock and positive level reset.
Creating register for signal `\spi_regs.\reg_wr_data' using process `\spi_regs.$proc$/workspace/src/spi.sv:191$104'.
  created $adff cell `$procdff$1331' with positive edge clock and positive level reset.
Creating register for signal `\spi_regs.\sclk_d' using process `\spi_regs.$proc$/workspace/src/spi.sv:166$98'.
  created $adff cell `$procdff$1336' with positive edge clock and positive level reset.
Creating register for signal `\spi_regs.\cs_sync' using process `\spi_regs.$proc$/workspace/src/spi.sv:150$96'.
  created $adff cell `$procdff$1341' with positive edge clock and positive level reset.
Creating register for signal `\spi_regs.\sclk_sync' using process `\spi_regs.$proc$/workspace/src/spi.sv:150$96'.
  created $adff cell `$procdff$1346' with positive edge clock and positive level reset.
Creating register for signal `\spi_regs.\mosi_sync' using process `\spi_regs.$proc$/workspace/src/spi.sv:150$96'.
  created $adff cell `$procdff$1351' with positive edge clock and positive level reset.
Creating register for signal `\state_machine.\state_q' using process `\state_machine.$proc$/workspace/src/state_machine.sv:77$93'.
  created $adff cell `$procdff$1356' with positive edge clock and positive level reset.
Creating register for signal `\wave_controller.\mems_drv' using process `\wave_controller.$proc$/workspace/src/wave_controller.sv:374$88'.
  created $adff cell `$procdff$1361' with positive edge clock and positive level reset.
Creating register for signal `\wave_controller.\ref_wave' using process `\wave_controller.$proc$/workspace/src/wave_controller.sv:374$88'.
  created $adff cell `$procdff$1366' with positive edge clock and positive level reset.
Creating register for signal `\wave_controller.\cal_burst_armed' using process `\wave_controller.$proc$/workspace/src/wave_controller.sv:374$88'.
  created $adff cell `$procdff$1371' with positive edge clock and positive level reset.
Creating register for signal `\wave_controller.\cal_burst_active' using process `\wave_controller.$proc$/workspace/src/wave_controller.sv:374$88'.
  created $adff cell `$procdff$1376' with positive edge clock and positive level reset.
Creating register for signal `\wave_controller.\cal_burst_count' using process `\wave_controller.$proc$/workspace/src/wave_controller.sv:374$88'.
  created $adff cell `$procdff$1381' with positive edge clock and positive level reset.
Creating register for signal `\wave_controller.\ds_acc' using process `\wave_controller.$proc$/workspace/src/wave_controller.sv:341$82'.
  created $adff cell `$procdff$1386' with positive edge clock and positive level reset.
Creating register for signal `\wave_controller.\latch_phase90' using process `\wave_controller.$proc$/workspace/src/wave_controller.sv:281$72'.
  created $adff cell `$procdff$1391' with positive edge clock and positive level reset.
Creating register for signal `\wave_controller.\latch_phase270' using process `\wave_controller.$proc$/workspace/src/wave_controller.sv:281$72'.
  created $adff cell `$procdff$1396' with positive edge clock and positive level reset.
Creating register for signal `\wave_controller.\latch_error' using process `\wave_controller.$proc$/workspace/src/wave_controller.sv:281$72'.
  created $adff cell `$procdff$1401' with positive edge clock and positive level reset.
Creating register for signal `\wave_controller.\cal_done' using process `\wave_controller.$proc$/workspace/src/wave_controller.sv:154$49'.
  created $adff cell `$procdff$1406' with positive edge clock and positive level reset.
Creating register for signal `\wave_controller.\cal_timeout' using process `\wave_controller.$proc$/workspace/src/wave_controller.sv:154$49'.
  created $adff cell `$procdff$1411' with positive edge clock and positive level reset.
Creating register for signal `\wave_controller.\delay_wave_cycle' using process `\wave_controller.$proc$/workspace/src/wave_controller.sv:154$49'.
  created $adff cell `$procdff$1416' with positive edge clock and positive level reset.
Creating register for signal `\wave_controller.\raw_edge1' using process `\wave_controller.$proc$/workspace/src/wave_controller.sv:154$49'.
  created $adff cell `$procdff$1421' with positive edge clock and positive level reset.
Creating register for signal `\wave_controller.\raw_edge2' using process `\wave_controller.$proc$/workspace/src/wave_controller.sv:154$49'.
  created $adff cell `$procdff$1426' with positive edge clock and positive level reset.
Creating register for signal `\wave_controller.\raw_edge3' using process `\wave_controller.$proc$/workspace/src/wave_controller.sv:154$49'.
  created $adff cell `$procdff$1431' with positive edge clock and positive level reset.
Creating register for signal `\wave_controller.\cal_dir' using process `\wave_controller.$proc$/workspace/src/wave_controller.sv:154$49'.
  created $adff cell `$procdff$1436' with positive edge clock and positive level reset.
Creating register for signal `\wave_controller.\wave_cycle_cnt' using process `\wave_controller.$proc$/workspace/src/wave_controller.sv:154$49'.
  created $adff cell `$procdff$1441' with positive edge clock and positive level reset.
Creating register for signal `\wave_controller.\capture_pending' using process `\wave_controller.$proc$/workspace/src/wave_controller.sv:154$49'.
  created $adff cell `$procdff$1446' with positive edge clock and positive level reset.
Creating register for signal `\wave_controller.\capture_step' using process `\wave_controller.$proc$/workspace/src/wave_controller.sv:154$49'.
  created $adff cell `$procdff$1451' with positive edge clock and positive level reset.
Creating register for signal `\wave_controller.\comp_sync0' using process `\wave_controller.$proc$/workspace/src/wave_controller.sv:104$32'.
  created $adff cell `$procdff$1456' with positive edge clock and positive level reset.
Creating register for signal `\wave_controller.\comp_sync1' using process `\wave_controller.$proc$/workspace/src/wave_controller.sv:104$32'.
  created $adff cell `$procdff$1461' with positive edge clock and positive level reset.
Creating register for signal `\wave_controller.\comp_sync2' using process `\wave_controller.$proc$/workspace/src/wave_controller.sv:104$32'.
  created $adff cell `$procdff$1466' with positive edge clock and positive level reset.
Creating register for signal `\wave_controller.\comp_sync3' using process `\wave_controller.$proc$/workspace/src/wave_controller.sv:104$32'.
  created $adff cell `$procdff$1471' with positive edge clock and positive level reset.
Creating register for signal `\wave_controller.\comp_sync4' using process `\wave_controller.$proc$/workspace/src/wave_controller.sv:104$32'.
  created $adff cell `$procdff$1476' with positive edge clock and positive level reset.
Creating register for signal `\wave_controller.\phase_acc' using process `\wave_controller.$proc$/workspace/src/wave_controller.sv:89$29'.
  created $adff cell `$procdff$1481' with positive edge clock and positive level reset.
Creating register for signal `\signal_processor.\latch_phase90_ack' using process `\signal_processor.$proc$/workspace/src/signal_processor.sv:101$20'.
  created $adff cell `$procdff$1486' with positive edge clock and positive level reset.
Creating register for signal `\signal_processor.\latch_phase270_ack' using process `\signal_processor.$proc$/workspace/src/signal_processor.sv:101$20'.
  created $adff cell `$procdff$1491' with positive edge clock and positive level reset.
Creating register for signal `\signal_processor.\dir' using process `\signal_processor.$proc$/workspace/src/signal_processor.sv:101$20'.
  created $adff cell `$procdff$1496' with positive edge clock and positive level reset.
Creating register for signal `\signal_processor.\move_en' using process `\signal_processor.$proc$/workspace/src/signal_processor.sv:101$20'.
  created $adff cell `$procdff$1501' with positive edge clock and positive level reset.
Creating register for signal `\signal_processor.\jitter_flag' using process `\signal_processor.$proc$/workspace/src/signal_processor.sv:101$20'.
  created $adff cell `$procdff$1506' with positive edge clock and positive level reset.
Creating register for signal `\signal_processor.\phase_state' using process `\signal_processor.$proc$/workspace/src/signal_processor.sv:101$20'.
  created $adff cell `$procdff$1511' with positive edge clock and positive level reset.
Creating register for signal `\signal_processor.\votes_in_phase' using process `\signal_processor.$proc$/workspace/src/signal_processor.sv:101$20'.
  created $adff cell `$procdff$1516' with positive edge clock and positive level reset.
Creating register for signal `\signal_processor.\votes_out_phase' using process `\signal_processor.$proc$/workspace/src/signal_processor.sv:101$20'.
  created $adff cell `$procdff$1521' with positive edge clock and positive level reset.
Creating register for signal `\signal_processor.\s90' using process `\signal_processor.$proc$/workspace/src/signal_processor.sv:101$20'.
  created $adff cell `$procdff$1526' with positive edge clock and positive level reset.
Creating register for signal `\signal_processor.\s90_valid' using process `\signal_processor.$proc$/workspace/src/signal_processor.sv:101$20'.
  created $adff cell `$procdff$1531' with positive edge clock and positive level reset.
Creating register for signal `\signal_processor.\cnt_in' using process `\signal_processor.$proc$/workspace/src/signal_processor.sv:101$20'.
  created $adff cell `$procdff$1536' with positive edge clock and positive level reset.
Creating register for signal `\signal_processor.\cnt_out' using process `\signal_processor.$proc$/workspace/src/signal_processor.sv:101$20'.
  created $adff cell `$procdff$1541' with positive edge clock and positive level reset.
Creating register for signal `\signal_processor.\cycle_count' using process `\signal_processor.$proc$/workspace/src/signal_processor.sv:101$20'.
  created $adff cell `$procdff$1546' with positive edge clock and positive level reset.
Creating register for signal `\signal_processor.\comp_pipe' using process `\signal_processor.$proc$/workspace/src/signal_processor.sv:46$11'.
  created $adff cell `$procdff$1551' with positive edge clock and positive level reset.
Creating register for signal `\signal_processor.\s90_pipe' using process `\signal_processor.$proc$/workspace/src/signal_processor.sv:46$11'.
  created $adff cell `$procdff$1556' with positive edge clock and positive level reset.
Creating register for signal `\signal_processor.\s270_pipe' using process `\signal_processor.$proc$/workspace/src/signal_processor.sv:46$11'.
  created $adff cell `$procdff$1561' with positive edge clock and positive level reset.

18. Executing PROC_MEMWR pass (convert process memory writes to cells).

19. Executing PROC_CLEAN pass (remove empty switches from decision trees).
Removing empty process `chip_core.$proc$/workspace/src/chip_core.sv:147$6'.
Found and cleaned up 2 empty switches in `\chip_core.$proc$/workspace/src/chip_core.sv:59$2'.
Removing empty process `chip_core.$proc$/workspace/src/chip_core.sv:59$2'.
Removing empty process `analog_comp.$proc$/workspace/src/analog_macro.sv:109$116'.
Found and cleaned up 1 empty switch in `\spi_regs.$proc$/workspace/src/spi.sv:311$115'.
Removing empty process `spi_regs.$proc$/workspace/src/spi.sv:311$115'.
Found and cleaned up 2 empty switches in `\spi_regs.$proc$/workspace/src/spi.sv:246$113'.
Removing empty process `spi_regs.$proc$/workspace/src/spi.sv:246$113'.
Found and cleaned up 7 empty switches in `\spi_regs.$proc$/workspace/src/spi.sv:191$104'.
Removing empty process `spi_regs.$proc$/workspace/src/spi.sv:191$104'.
Removing empty process `spi_regs.$proc$/workspace/src/spi.sv:166$98'.
Removing empty process `spi_regs.$proc$/workspace/src/spi.sv:150$96'.
Found and cleaned up 1 empty switch in `\state_machine.$proc$/workspace/src/state_machine.sv:82$95'.
Removing empty process `state_machine.$proc$/workspace/src/state_machine.sv:82$95'.
Removing empty process `state_machine.$proc$/workspace/src/state_machine.sv:77$93'.
Found and cleaned up 7 empty switches in `\state_machine.$proc$/workspace/src/state_machine.sv:44$92'.
Removing empty process `state_machine.$proc$/workspace/src/state_machine.sv:44$92'.
Found and cleaned up 6 empty switches in `\wave_controller.$proc$/workspace/src/wave_controller.sv:374$88'.
Removing empty process `wave_controller.$proc$/workspace/src/wave_controller.sv:374$88'.
Found and cleaned up 2 empty switches in `\wave_controller.$proc$/workspace/src/wave_controller.sv:360$86'.
Removing empty process `wave_controller.$proc$/workspace/src/wave_controller.sv:360$86'.
Removing empty process `wave_controller.$proc$/workspace/src/wave_controller.sv:341$82'.
Found and cleaned up 7 empty switches in `\wave_controller.$proc$/workspace/src/wave_controller.sv:281$72'.
Removing empty process `wave_controller.$proc$/workspace/src/wave_controller.sv:281$72'.
Found and cleaned up 13 empty switches in `\wave_controller.$proc$/workspace/src/wave_controller.sv:154$49'.
Removing empty process `wave_controller.$proc$/workspace/src/wave_controller.sv:154$49'.
Found and cleaned up 1 empty switch in `\wave_controller.$proc$/workspace/src/wave_controller.sv:104$32'.
Removing empty process `wave_controller.$proc$/workspace/src/wave_controller.sv:104$32'.
Found and cleaned up 2 empty switches in `\wave_controller.$proc$/workspace/src/wave_controller.sv:89$29'.
Removing empty process `wave_controller.$proc$/workspace/src/wave_controller.sv:89$29'.
Found and cleaned up 6 empty switches in `\signal_processor.$proc$/workspace/src/signal_processor.sv:101$20'.
Removing empty process `signal_processor.$proc$/workspace/src/signal_processor.sv:101$20'.
Found and cleaned up 2 empty switches in `\signal_processor.$proc$/workspace/src/signal_processor.sv:87$15'.
Removing empty process `signal_processor.$proc$/workspace/src/signal_processor.sv:87$15'.
Found and cleaned up 1 empty switch in `\signal_processor.$proc$/workspace/src/signal_processor.sv:46$11'.
Removing empty process `signal_processor.$proc$/workspace/src/signal_processor.sv:46$11'.
Found and cleaned up 1 empty switch in `\sine_lut.$proc$/workspace/src/sine_lut.sv:71$122'.
Removing empty process `sine_lut.$proc$/workspace/src/sine_lut.sv:71$122'.
Found and cleaned up 1 empty switch in `\sine_lut.$proc$/workspace/src/sine_lut.sv:32$121'.
Removing empty process `sine_lut.$proc$/workspace/src/sine_lut.sv:32$121'.
Cleaned up 62 empty switches.

20. Executing CHECK pass (checking for obvious problems).
Checking module chip_core...
Checking module analog_readout...
Checking module analog_wave_mixer...
Checking module analog_comp...
Checking module analog_block...
Checking module spi_regs...
Checking module state_machine...
Checking module wave_controller...
Checking module signal_processor...
Checking module sine_lut...
Found and reported 0 problems.

21. Executing OPT_EXPR pass (perform const folding).
Optimizing module chip_core.
<suppressed ~3 debug messages>
Optimizing module analog_readout.
Optimizing module analog_wave_mixer.
Optimizing module analog_comp.
Optimizing module analog_block.
Optimizing module spi_regs.
<suppressed ~63 debug messages>
Optimizing module state_machine.
<suppressed ~4 debug messages>
Optimizing module wave_controller.
<suppressed ~88 debug messages>
Optimizing module signal_processor.
<suppressed ~48 debug messages>
Optimizing module sine_lut.

22. Executing FLATTEN pass (flatten design).
Keeping analog_block.analog_readout_inst (found keep_hierarchy attribute).
Keeping analog_block.analog_wave_mixer_x_inst (found keep_hierarchy attribute).
Keeping analog_block.analog_wave_mixer_y_inst (found keep_hierarchy attribute).
Keeping analog_block.analog_comp_x_inst (found keep_hierarchy attribute).
Keeping analog_block.analog_comp_y_inst (found keep_hierarchy attribute).
Keeping chip_core.analog_block_inst (found keep_hierarchy attribute).
Keeping chip_core.spi_regs_inst (found keep_hierarchy attribute).
Keeping chip_core.state_machine_inst (found keep_hierarchy attribute).
Keeping chip_core.wave_controller_x_inst (found keep_hierarchy attribute).
Keeping chip_core.wave_controller_y_inst (found keep_hierarchy attribute).
Keeping chip_core.signal_processor_x_inst (found keep_hierarchy attribute).
Keeping chip_core.signal_processor_y_inst (found keep_hierarchy attribute).
Deleting now unused module sine_lut.
<suppressed ~1 debug messages>

23. Executing OPT_EXPR pass (perform const folding).
Optimizing module analog_readout.
Optimizing module analog_wave_mixer.
Optimizing module analog_comp.
Optimizing module analog_block.
Optimizing module spi_regs.
Optimizing module state_machine.
Optimizing module wave_controller.
Optimizing module signal_processor.
Optimizing module chip_core.

24. Executing OPT_CLEAN pass (remove unused cells and wires).
Finding unused cells or wires in module \analog_readout..
Finding unused cells or wires in module \analog_wave_mixer..
Finding unused cells or wires in module \analog_comp..
Finding unused cells or wires in module \analog_block..
Finding unused cells or wires in module \spi_regs..
Finding unused cells or wires in module \state_machine..
Finding unused cells or wires in module \wave_controller..
Finding unused cells or wires in module \signal_processor..
Finding unused cells or wires in module \chip_core..
Removed 92 unused cells and 556 unused wires.
<suppressed ~101 debug messages>

25. Executing OPT_EXPR pass (perform const folding).
Optimizing module analog_readout.
Optimizing module analog_wave_mixer.
Optimizing module analog_comp.
Optimizing module analog_block.
Optimizing module spi_regs.
Optimizing module state_machine.
Optimizing module wave_controller.
Optimizing module signal_processor.
Optimizing module chip_core.

26. Executing OPT_MERGE pass (detect identical cells).
Finding identical cells in module `\analog_readout'.
Computing hashes of 1 cells of `\analog_readout'.
Finding duplicate cells in `\analog_readout'.
Finding identical cells in module `\analog_wave_mixer'.
Computing hashes of 1 cells of `\analog_wave_mixer'.
Finding duplicate cells in `\analog_wave_mixer'.
Finding identical cells in module `\analog_comp'.
Computing hashes of 1 cells of `\analog_comp'.
Finding duplicate cells in `\analog_comp'.
Finding identical cells in module `\analog_block'.
Computing hashes of 5 cells of `\analog_block'.
Finding duplicate cells in `\analog_block'.
Finding identical cells in module `\spi_regs'.
Computing hashes of 220 cells of `\spi_regs'.
Finding duplicate cells in `\spi_regs'.
Computing hashes of 217 cells of `\spi_regs'.
Finding duplicate cells in `\spi_regs'.
<suppressed ~9 debug messages>
Finding identical cells in module `\state_machine'.
Computing hashes of 34 cells of `\state_machine'.
Finding duplicate cells in `\state_machine'.
Computing hashes of 27 cells of `\state_machine'.
Finding duplicate cells in `\state_machine'.
<suppressed ~21 debug messages>
Finding identical cells in module `\wave_controller'.
Computing hashes of 214 cells of `\wave_controller'.
Finding duplicate cells in `\wave_controller'.
Computing hashes of 201 cells of `\wave_controller'.
Finding duplicate cells in `\wave_controller'.
<suppressed ~39 debug messages>
Finding identical cells in module `\signal_processor'.
Computing hashes of 74 cells of `\signal_processor'.
Finding duplicate cells in `\signal_processor'.
Finding identical cells in module `\chip_core'.
Computing hashes of 14 cells of `\chip_core'.
Finding duplicate cells in `\chip_core'.
Removed a total of 23 cells.

27. Executing OPT_MUXTREE pass (detect dead branches in mux trees).
Running muxtree optimizer on module \analog_readout..
  Creating internal representation of mux trees.
  Evaluating internal representation of mux trees.
  Analyzing evaluation results.
Running muxtree optimizer on module \analog_wave_mixer..
  Creating internal representation of mux trees.
  No muxes found in this module.
Running muxtree optimizer on module \analog_comp..
  Creating internal representation of mux trees.
  No muxes found in this module.
Running muxtree optimizer on module \analog_block..
  Creating internal representation of mux trees.
  No muxes found in this module.
Running muxtree optimizer on module \spi_regs..
  Creating internal representation of mux trees.
  Evaluating internal representation of mux trees.
      Replacing known input bits on port B of cell $procmux$669: \spi_state -> 1'1
  Analyzing evaluation results.
Running muxtree optimizer on module \state_machine..
  Creating internal representation of mux trees.
  Evaluating internal representation of mux trees.
  Analyzing evaluation results.
    dead port 2/2 on $mux $procmux$746.
    dead port 1/2 on $mux $procmux$736.
    dead port 2/2 on $mux $procmux$733.
    dead port 1/2 on $mux $procmux$759.
    dead port 1/2 on $mux $procmux$724.
    dead port 2/2 on $mux $procmux$721.
    dead port 2/2 on $mux $procmux$719.
    dead port 1/2 on $mux $procmux$709.
    dead port 2/2 on $mux $procmux$706.
    dead port 1/2 on $mux $procmux$698.
    dead port 2/2 on $mux $procmux$695.
    dead port 1/2 on $mux $procmux$693.
    dead port 1/2 on $mux $procmux$749.
Running muxtree optimizer on module \wave_controller..
  Creating internal representation of mux trees.
  Evaluating internal representation of mux trees.
      Replacing known input bits on port A of cell $procmux$809: \cal_burst_armed -> 1'0
      Replacing known input bits on port A of cell $procmux$795: \cal_burst_active -> 1'0
      Replacing known input bits on port A of cell $procmux$793: \cal_burst_active -> 1'1
  Analyzing evaluation results.
    dead port 2/2 on $mux $procmux$821.
Running muxtree optimizer on module \signal_processor..
  Creating internal representation of mux trees.
  Evaluating internal representation of mux trees.
  Analyzing evaluation results.
    dead port 2/2 on $mux $procmux$1199.
    dead port 2/2 on $mux $procmux$1193.
Running muxtree optimizer on module \chip_core..
  Creating internal representation of mux trees.
  Evaluating internal representation of mux trees.
  Analyzing evaluation results.
Removed 16 multiplexer ports.
<suppressed ~403 debug messages>

28. Executing OPT_REDUCE pass (consolidate $*mux and $reduce_* inputs).
  Optimizing cells in module \analog_readout.
  Optimizing cells in module \analog_wave_mixer.
  Optimizing cells in module \analog_comp.
  Optimizing cells in module \analog_block.
  Optimizing cells in module \spi_regs.
  Optimizing cells in module \spi_regs.
  Optimizing cells in module \state_machine.
    New ctrl vector for $pmux cell $procmux$679: $auto$opt_reduce.cc:137:opt_pmux$1564
  Optimizing cells in module \state_machine.
  Optimizing cells in module \wave_controller.
  Optimizing cells in module \wave_controller.
  Optimizing cells in module \signal_processor.
  Optimizing cells in module \chip_core.
Performed a total of 3 changes.

29. Executing OPT_MERGE pass (detect identical cells).
Finding identical cells in module `\analog_readout'.
Computing hashes of 1 cells of `\analog_readout'.
Finding duplicate cells in `\analog_readout'.
Finding identical cells in module `\analog_wave_mixer'.
Computing hashes of 1 cells of `\analog_wave_mixer'.
Finding duplicate cells in `\analog_wave_mixer'.
Finding identical cells in module `\analog_comp'.
Computing hashes of 1 cells of `\analog_comp'.
Finding duplicate cells in `\analog_comp'.
Finding identical cells in module `\analog_block'.
Computing hashes of 5 cells of `\analog_block'.
Finding duplicate cells in `\analog_block'.
Finding identical cells in module `\spi_regs'.
Computing hashes of 216 cells of `\spi_regs'.
Finding duplicate cells in `\spi_regs'.
Finding identical cells in module `\state_machine'.
Computing hashes of 15 cells of `\state_machine'.
Finding duplicate cells in `\state_machine'.
Finding identical cells in module `\wave_controller'.
Computing hashes of 199 cells of `\wave_controller'.
Finding duplicate cells in `\wave_controller'.
Computing hashes of 197 cells of `\wave_controller'.
Finding duplicate cells in `\wave_controller'.
Computing hashes of 195 cells of `\wave_controller'.
Finding duplicate cells in `\wave_controller'.
<suppressed ~12 debug messages>
Finding identical cells in module `\signal_processor'.
Computing hashes of 72 cells of `\signal_processor'.
Finding duplicate cells in `\signal_processor'.
Finding identical cells in module `\chip_core'.
Computing hashes of 14 cells of `\chip_core'.
Finding duplicate cells in `\chip_core'.
Removed a total of 4 cells.

30. Executing OPT_DFF pass (perform DFF optimizations).

31. Executing OPT_CLEAN pass (remove unused cells and wires).
Finding unused cells or wires in module \analog_readout..
Finding unused cells or wires in module \analog_wave_mixer..
Finding unused cells or wires in module \analog_comp..
Finding unused cells or wires in module \analog_block..
Finding unused cells or wires in module \spi_regs..
Finding unused cells or wires in module \state_machine..
Finding unused cells or wires in module \wave_controller..
Finding unused cells or wires in module \signal_processor..
Finding unused cells or wires in module \chip_core..
Removed 0 unused cells and 45 unused wires.
<suppressed ~4 debug messages>

32. Executing OPT_EXPR pass (perform const folding).
Optimizing module analog_readout.
Optimizing module analog_wave_mixer.
Optimizing module analog_comp.
Optimizing module analog_block.
Optimizing module spi_regs.
Optimizing module state_machine.
Optimizing module wave_controller.
Optimizing module signal_processor.
Optimizing module chip_core.

33. Rerunning OPT passes. (Maybe there is more to do…)

34. Executing OPT_MUXTREE pass (detect dead branches in mux trees).
Running muxtree optimizer on module \analog_readout..
  Creating internal representation of mux trees.
  Evaluating internal representation of mux trees.
  Analyzing evaluation results.
Running muxtree optimizer on module \analog_wave_mixer..
  Creating internal representation of mux trees.
  No muxes found in this module.
Running muxtree optimizer on module \analog_comp..
  Creating internal representation of mux trees.
  No muxes found in this module.
Running muxtree optimizer on module \analog_block..
  Creating internal representation of mux trees.
  No muxes found in this module.
Running muxtree optimizer on module \spi_regs..
  Creating internal representation of mux trees.
  Evaluating internal representation of mux trees.
  Analyzing evaluation results.
Running muxtree optimizer on module \state_machine..
  Creating internal representation of mux trees.
  Evaluating internal representation of mux trees.
  Analyzing evaluation results.
Running muxtree optimizer on module \wave_controller..
  Creating internal representation of mux trees.
  Evaluating internal representation of mux trees.
  Analyzing evaluation results.
Running muxtree optimizer on module \signal_processor..
  Creating internal representation of mux trees.
  Evaluating internal representation of mux trees.
  Analyzing evaluation results.
Running muxtree optimizer on module \chip_core..
  Creating internal representation of mux trees.
  Evaluating internal representation of mux trees.
  Analyzing evaluation results.
Removed 0 multiplexer ports.
<suppressed ~385 debug messages>

35. Executing OPT_REDUCE pass (consolidate $*mux and $reduce_* inputs).
  Optimizing cells in module \analog_readout.
  Optimizing cells in module \analog_wave_mixer.
  Optimizing cells in module \analog_comp.
  Optimizing cells in module \analog_block.
  Optimizing cells in module \spi_regs.
  Optimizing cells in module \state_machine.
  Optimizing cells in module \wave_controller.
    New ctrl vector for $pmux cell $procmux$990: $auto$opt_reduce.cc:137:opt_pmux$1566
    New ctrl vector for $pmux cell $procmux$895: $auto$opt_reduce.cc:137:opt_pmux$1568
  Optimizing cells in module \wave_controller.
  Optimizing cells in module \signal_processor.
  Optimizing cells in module \chip_core.
Performed a total of 2 changes.

36. Executing OPT_MERGE pass (detect identical cells).
Finding identical cells in module `\analog_readout'.
Computing hashes of 1 cells of `\analog_readout'.
Finding duplicate cells in `\analog_readout'.
Finding identical cells in module `\analog_wave_mixer'.
Computing hashes of 1 cells of `\analog_wave_mixer'.
Finding duplicate cells in `\analog_wave_mixer'.
Finding identical cells in module `\analog_comp'.
Computing hashes of 1 cells of `\analog_comp'.
Finding duplicate cells in `\analog_comp'.
Finding identical cells in module `\analog_block'.
Computing hashes of 5 cells of `\analog_block'.
Finding duplicate cells in `\analog_block'.
Finding identical cells in module `\spi_regs'.
Computing hashes of 216 cells of `\spi_regs'.
Finding duplicate cells in `\spi_regs'.
Finding identical cells in module `\state_machine'.
Computing hashes of 15 cells of `\state_machine'.
Finding duplicate cells in `\state_machine'.
Finding identical cells in module `\wave_controller'.
Computing hashes of 197 cells of `\wave_controller'.
Finding duplicate cells in `\wave_controller'.
Computing hashes of 196 cells of `\wave_controller'.
Finding duplicate cells in `\wave_controller'.
<suppressed ~3 debug messages>
Finding identical cells in module `\signal_processor'.
Computing hashes of 72 cells of `\signal_processor'.
Finding duplicate cells in `\signal_processor'.
Finding identical cells in module `\chip_core'.
Computing hashes of 14 cells of `\chip_core'.
Finding duplicate cells in `\chip_core'.
Removed a total of 1 cells.

37. Executing OPT_DFF pass (perform DFF optimizations).

38. Executing OPT_CLEAN pass (remove unused cells and wires).
Finding unused cells or wires in module \analog_readout..
Finding unused cells or wires in module \analog_wave_mixer..
Finding unused cells or wires in module \analog_comp..
Finding unused cells or wires in module \analog_block..
Finding unused cells or wires in module \spi_regs..
Finding unused cells or wires in module \state_machine..
Finding unused cells or wires in module \wave_controller..
Finding unused cells or wires in module \signal_processor..
Finding unused cells or wires in module \chip_core..
Removed 0 unused cells and 1 unused wires.
<suppressed ~1 debug messages>

39. Executing OPT_EXPR pass (perform const folding).
Optimizing module analog_readout.
Optimizing module analog_wave_mixer.
Optimizing module analog_comp.
Optimizing module analog_block.
Optimizing module spi_regs.
Optimizing module state_machine.
Optimizing module wave_controller.
Optimizing module signal_processor.
Optimizing module chip_core.

40. Rerunning OPT passes. (Maybe there is more to do…)

41. Executing OPT_MUXTREE pass (detect dead branches in mux trees).
Running muxtree optimizer on module \analog_readout..
  Creating internal representation of mux trees.
  Evaluating internal representation of mux trees.
  Analyzing evaluation results.
Running muxtree optimizer on module \analog_wave_mixer..
  Creating internal representation of mux trees.
  No muxes found in this module.
Running muxtree optimizer on module \analog_comp..
  Creating internal representation of mux trees.
  No muxes found in this module.
Running muxtree optimizer on module \analog_block..
  Creating internal representation of mux trees.
  No muxes found in this module.
Running muxtree optimizer on module \spi_regs..
  Creating internal representation of mux trees.
  Evaluating internal representation of mux trees.
  Analyzing evaluation results.
Running muxtree optimizer on module \state_machine..
  Creating internal representation of mux trees.
  Evaluating internal representation of mux trees.
  Analyzing evaluation results.
Running muxtree optimizer on module \wave_controller..
  Creating internal representation of mux trees.
  Evaluating internal representation of mux trees.
  Analyzing evaluation results.
Running muxtree optimizer on module \signal_processor..
  Creating internal representation of mux trees.
  Evaluating internal representation of mux trees.
  Analyzing evaluation results.
Running muxtree optimizer on module \chip_core..
  Creating internal representation of mux trees.
  Evaluating internal representation of mux trees.
  Analyzing evaluation results.
Removed 0 multiplexer ports.
<suppressed ~377 debug messages>

42. Executing OPT_REDUCE pass (consolidate $*mux and $reduce_* inputs).
  Optimizing cells in module \analog_readout.
  Optimizing cells in module \analog_wave_mixer.
  Optimizing cells in module \analog_comp.
  Optimizing cells in module \analog_block.
  Optimizing cells in module \spi_regs.
  Optimizing cells in module \state_machine.
  Optimizing cells in module \wave_controller.
  Optimizing cells in module \signal_processor.
  Optimizing cells in module \chip_core.
Performed a total of 0 changes.

43. Executing OPT_MERGE pass (detect identical cells).
Finding identical cells in module `\analog_readout'.
Computing hashes of 1 cells of `\analog_readout'.
Finding duplicate cells in `\analog_readout'.
Finding identical cells in module `\analog_wave_mixer'.
Computing hashes of 1 cells of `\analog_wave_mixer'.
Finding duplicate cells in `\analog_wave_mixer'.
Finding identical cells in module `\analog_comp'.
Computing hashes of 1 cells of `\analog_comp'.
Finding duplicate cells in `\analog_comp'.
Finding identical cells in module `\analog_block'.
Computing hashes of 5 cells of `\analog_block'.
Finding duplicate cells in `\analog_block'.
Finding identical cells in module `\spi_regs'.
Computing hashes of 216 cells of `\spi_regs'.
Finding duplicate cells in `\spi_regs'.
Finding identical cells in module `\state_machine'.
Computing hashes of 15 cells of `\state_machine'.
Finding duplicate cells in `\state_machine'.
Finding identical cells in module `\wave_controller'.
Computing hashes of 196 cells of `\wave_controller'.
Finding duplicate cells in `\wave_controller'.
Finding identical cells in module `\signal_processor'.
Computing hashes of 72 cells of `\signal_processor'.
Finding duplicate cells in `\signal_processor'.
Finding identical cells in module `\chip_core'.
Computing hashes of 14 cells of `\chip_core'.
Finding duplicate cells in `\chip_core'.
Removed a total of 0 cells.

44. Executing OPT_DFF pass (perform DFF optimizations).

45. Executing OPT_CLEAN pass (remove unused cells and wires).
Finding unused cells or wires in module \analog_readout..
Finding unused cells or wires in module \analog_wave_mixer..
Finding unused cells or wires in module \analog_comp..
Finding unused cells or wires in module \analog_block..
Finding unused cells or wires in module \spi_regs..
Finding unused cells or wires in module \state_machine..
Finding unused cells or wires in module \wave_controller..
Finding unused cells or wires in module \signal_processor..
Finding unused cells or wires in module \chip_core..

46. Executing OPT_EXPR pass (perform const folding).
Optimizing module analog_readout.
Optimizing module analog_wave_mixer.
Optimizing module analog_comp.
Optimizing module analog_block.
Optimizing module spi_regs.
Optimizing module state_machine.
Optimizing module wave_controller.
Optimizing module signal_processor.
Optimizing module chip_core.

47. Executing FSM pass (extract and optimize FSM).

47.1. Executing FSM_DETECT pass (finding FSMs in design).
Not marking state_machine.state_q as FSM state register:
    Register is connected to module port.
    Users of register don't seem to benefit from recoding.
Found FSM state register wave_controller.capture_step.

47.2. Executing FSM_EXTRACT pass (extracting FSM from design).
Extracting FSM `\capture_step' from module `\wave_controller'.
  found $adff cell for state register: $procdff$1451
  root of input selection tree: $0\capture_step[1:0]
  found reset state: 2'00 (from async reset)
  found ctrl input: \soft_rst_n
  found ctrl input: \nco_en
  found ctrl input: $logic_and$/workspace/src/wave_controller.sv:182$54_Y
  found ctrl input: \capture_pending
  found ctrl input: \window_open
  found ctrl input: $procmux$1018_CMP
  found ctrl input: $eq$/workspace/src/wave_controller.sv:142$40_Y
  found ctrl input: $logic_and$/workspace/src/wave_controller.sv:195$58_Y
  found ctrl input: $logic_or$/workspace/src/wave_controller.sv:195$57_Y
  found ctrl input: \wave_is_valid
  found state code: 2'10
  found state code: 2'01
  found ctrl output: $eq$/workspace/src/wave_controller.sv:142$40_Y
  found ctrl output: $procmux$1018_CMP
  ctrl inputs: { $logic_and$/workspace/src/wave_controller.sv:195$58_Y $logic_or$/workspace/src/wave_controller.sv:195$57_Y $logic_and$/workspace/src/wave_controller.sv:182$54_Y \wave_is_valid \window_open \capture_pending \nco_en \soft_rst_n }
  ctrl outputs: { $procmux$1018_CMP $0\capture_step[1:0] $eq$/workspace/src/wave_controller.sv:142$40_Y }
  transition:       2'00 8'-------0 ->       2'00 4'0001
  transition:       2'00 8'------01 ->       2'00 4'0001
  transition:       2'00 8'--0---11 ->       2'00 4'0001
  transition:       2'00 8'--1-0011 ->       2'00 4'0001
  transition:       2'00 8'-01-1011 ->       2'00 4'0001
  transition:       2'00 8'-1101011 ->       2'00 4'0001
  transition:       2'00 8'-1111011 ->       2'01 4'0011
  transition:       2'00 8'0-1--111 ->       2'00 4'0001
  transition:       2'00 8'1-1--111 ->       2'00 4'0001
  transition:       2'10 8'-------0 ->       2'00 4'0000
  transition:       2'10 8'------01 ->       2'10 4'0100
  transition:       2'10 8'--0---11 ->       2'10 4'0100
  transition:       2'10 8'--1-0011 ->       2'00 4'0000
  transition:       2'10 8'0-1-1011 ->       2'10 4'0100
  transition:       2'10 8'1-1-1011 ->       2'00 4'0000
  transition:       2'10 8'0-1--111 ->       2'10 4'0100
  transition:       2'10 8'1-1--111 ->       2'00 4'0000
  transition:       2'01 8'-------0 ->       2'00 4'1000
  transition:       2'01 8'------01 ->       2'01 4'1010
  transition:       2'01 8'--0---11 ->       2'01 4'1010
  transition:       2'01 8'--1-0011 ->       2'00 4'1000
  transition:       2'01 8'-01-1011 ->       2'01 4'1010
  transition:       2'01 8'-1101011 ->       2'00 4'1000
  transition:       2'01 8'-1111011 ->       2'10 4'1100
  transition:       2'01 8'0-1--111 ->       2'01 4'1010
  transition:       2'01 8'1-1--111 ->       2'00 4'1000

47.3. Executing FSM_OPT pass (simple optimizations of FSMs).
Optimizing FSM `$fsm$\capture_step$1569' from module `\wave_controller'.
  Merging pattern 8'0-1--111 and 8'1-1--111 from group (0 0 4'0001).
  Merging pattern 8'1-1--111 and 8'0-1--111 from group (0 0 4'0001).

47.4. Executing OPT_CLEAN pass (remove unused cells and wires).
Finding unused cells or wires in module \analog_block..
Finding unused cells or wires in module \analog_comp..
Finding unused cells or wires in module \analog_readout..
Finding unused cells or wires in module \analog_wave_mixer..
Finding unused cells or wires in module \chip_core..
Finding unused cells or wires in module \signal_processor..
Finding unused cells or wires in module \spi_regs..
Finding unused cells or wires in module \state_machine..
Finding unused cells or wires in module \wave_controller..
Removed 14 unused cells and 14 unused wires.
<suppressed ~15 debug messages>

47.5. Executing FSM_OPT pass (simple optimizations of FSMs).
Optimizing FSM `$fsm$\capture_step$1569' from module `\wave_controller'.
  Removing unused output signal $0\capture_step[1:0] [0].
  Removing unused output signal $0\capture_step[1:0] [1].

47.6. Executing FSM_RECODE pass (re-assigning FSM state encoding).
Recoding FSM `$fsm$\capture_step$1569' from module `\wave_controller' using `auto' encoding:
  mapping auto encoding to `one-hot` for this FSM.
  00 -> --1
  10 -> -1-
  01 -> 1--

47.7. Executing FSM_INFO pass (dumping all available information on FSM cells).

FSM `$fsm$\capture_step$1569' from module `wave_controller':
-------------------------------------

  Information on FSM $fsm$\capture_step$1569 (\capture_step):

  Number of input signals:    8
  Number of output signals:   2
  Number of state bits:       3

  Input signals:
    0: \soft_rst_n
    1: \nco_en
    2: \capture_pending
    3: \window_open
    4: \wave_is_valid
    5: $logic_and$/workspace/src/wave_controller.sv:182$54_Y
    6: $logic_or$/workspace/src/wave_controller.sv:195$57_Y
    7: $logic_and$/workspace/src/wave_controller.sv:195$58_Y

  Output signals:
    0: $eq$/workspace/src/wave_controller.sv:142$40_Y
    1: $procmux$1018_CMP

  State encoding:
    0:      3'--1  <RESET STATE>
    1:      3'-1-
    2:      3'1--

  Transition Table (state_in, ctrl_in, state_out, ctrl_out):
      0:     0 8'-------0   ->     0 2'01
      1:     0 8'------01   ->     0 2'01
      2:     0 8'--1-0011   ->     0 2'01
      3:     0 8'-1101011   ->     0 2'01
      4:     0 8'-01-1011   ->     0 2'01
      5:     0 8'--1--111   ->     0 2'01
      6:     0 8'--0---11   ->     0 2'01
      7:     0 8'-1111011   ->     2 2'01
      8:     1 8'-------0   ->     0 2'00
      9:     1 8'--1-0011   ->     0 2'00
     10:     1 8'1-1-1011   ->     0 2'00
     11:     1 8'1-1--111   ->     0 2'00
     12:     1 8'------01   ->     1 2'00
     13:     1 8'0-1-1011   ->     1 2'00
     14:     1 8'0-1--111   ->     1 2'00
     15:     1 8'--0---11   ->     1 2'00
     16:     2 8'-------0   ->     0 2'10
     17:     2 8'--1-0011   ->     0 2'10
     18:     2 8'-1101011   ->     0 2'10
     19:     2 8'1-1--111   ->     0 2'10
     20:     2 8'-1111011   ->     1 2'10
     21:     2 8'------01   ->     2 2'10
     22:     2 8'-01-1011   ->     2 2'10
     23:     2 8'0-1--111   ->     2 2'10
     24:     2 8'--0---11   ->     2 2'10

-------------------------------------

47.8. Executing FSM_MAP pass (mapping FSMs to basic logic).
Mapping FSM `$fsm$\capture_step$1569' from module `\wave_controller'.

48. Executing OPT_EXPR pass (perform const folding).
Optimizing module analog_block.
Optimizing module analog_comp.
Optimizing module analog_readout.
Optimizing module analog_wave_mixer.
Optimizing module chip_core.
Optimizing module signal_processor.
Optimizing module spi_regs.
Optimizing module state_machine.
Optimizing module wave_controller.
<suppressed ~1 debug messages>

49. Executing OPT_MERGE pass (detect identical cells).
Finding identical cells in module `\analog_block'.
Computing hashes of 5 cells of `\analog_block'.
Finding duplicate cells in `\analog_block'.
Finding identical cells in module `\analog_comp'.
Computing hashes of 1 cells of `\analog_comp'.
Finding duplicate cells in `\analog_comp'.
Finding identical cells in module `\analog_readout'.
Computing hashes of 1 cells of `\analog_readout'.
Finding duplicate cells in `\analog_readout'.
Finding identical cells in module `\analog_wave_mixer'.
Computing hashes of 1 cells of `\analog_wave_mixer'.
Finding duplicate cells in `\analog_wave_mixer'.
Finding identical cells in module `\chip_core'.
Computing hashes of 14 cells of `\chip_core'.
Finding duplicate cells in `\chip_core'.
Finding identical cells in module `\signal_processor'.
Computing hashes of 72 cells of `\signal_processor'.
Finding duplicate cells in `\signal_processor'.
Finding identical cells in module `\spi_regs'.
Computing hashes of 216 cells of `\spi_regs'.
Finding duplicate cells in `\spi_regs'.
Finding identical cells in module `\state_machine'.
Computing hashes of 15 cells of `\state_machine'.
Finding duplicate cells in `\state_machine'.
Finding identical cells in module `\wave_controller'.
Computing hashes of 222 cells of `\wave_controller'.
Finding duplicate cells in `\wave_controller'.
Computing hashes of 214 cells of `\wave_controller'.
Finding duplicate cells in `\wave_controller'.
<suppressed ~24 debug messages>
Removed a total of 8 cells.

50. Executing OPT_MUXTREE pass (detect dead branches in mux trees).
Running muxtree optimizer on module \analog_block..
  Creating internal representation of mux trees.
  No muxes found in this module.
Running muxtree optimizer on module \analog_comp..
  Creating internal representation of mux trees.
  No muxes found in this module.
Running muxtree optimizer on module \analog_readout..
  Creating internal representation of mux trees.
  Evaluating internal representation of mux trees.
  Analyzing evaluation results.
Running muxtree optimizer on module \analog_wave_mixer..
  Creating internal representation of mux trees.
  No muxes found in this module.
Running muxtree optimizer on module \chip_core..
  Creating internal representation of mux trees.
  Evaluating internal representation of mux trees.
  Analyzing evaluation results.
Running muxtree optimizer on module \signal_processor..
  Creating internal representation of mux trees.
  Evaluating internal representation of mux trees.
  Analyzing evaluation results.
Running muxtree optimizer on module \spi_regs..
  Creating internal representation of mux trees.
  Evaluating internal representation of mux trees.
  Analyzing evaluation results.
Running muxtree optimizer on module \state_machine..
  Creating internal representation of mux trees.
  Evaluating internal representation of mux trees.
  Analyzing evaluation results.
Running muxtree optimizer on module \wave_controller..
  Creating internal representation of mux trees.
  Evaluating internal representation of mux trees.
  Analyzing evaluation results.
Removed 0 multiplexer ports.
<suppressed ~360 debug messages>

51. Executing OPT_REDUCE pass (consolidate $*mux and $reduce_* inputs).
  Optimizing cells in module \analog_block.
  Optimizing cells in module \analog_comp.
  Optimizing cells in module \analog_readout.
  Optimizing cells in module \analog_wave_mixer.
  Optimizing cells in module \chip_core.
  Optimizing cells in module \signal_processor.
  Optimizing cells in module \spi_regs.
  Optimizing cells in module \state_machine.
  Optimizing cells in module \wave_controller.
Performed a total of 0 changes.

52. Executing OPT_MERGE pass (detect identical cells).
Finding identical cells in module `\analog_block'.
Computing hashes of 5 cells of `\analog_block'.
Finding duplicate cells in `\analog_block'.
Finding identical cells in module `\analog_comp'.
Computing hashes of 1 cells of `\analog_comp'.
Finding duplicate cells in `\analog_comp'.
Finding identical cells in module `\analog_readout'.
Computing hashes of 1 cells of `\analog_readout'.
Finding duplicate cells in `\analog_readout'.
Finding identical cells in module `\analog_wave_mixer'.
Computing hashes of 1 cells of `\analog_wave_mixer'.
Finding duplicate cells in `\analog_wave_mixer'.
Finding identical cells in module `\chip_core'.
Computing hashes of 14 cells of `\chip_core'.
Finding duplicate cells in `\chip_core'.
Finding identical cells in module `\signal_processor'.
Computing hashes of 72 cells of `\signal_processor'.
Finding duplicate cells in `\signal_processor'.
Finding identical cells in module `\spi_regs'.
Computing hashes of 216 cells of `\spi_regs'.
Finding duplicate cells in `\spi_regs'.
Finding identical cells in module `\state_machine'.
Computing hashes of 15 cells of `\state_machine'.
Finding duplicate cells in `\state_machine'.
Finding identical cells in module `\wave_controller'.
Computing hashes of 214 cells of `\wave_controller'.
Finding duplicate cells in `\wave_controller'.
Removed a total of 0 cells.

53. Executing OPT_DFF pass (perform DFF optimizations).
Adding SRST signal on $procdff$1220 ($dff) from module chip_core (D = $procmux$129_Y, Q = \count, rval = 10'0000000000).
Adding EN signal on $auto$ff.cc:337:slice$1652 ($sdff) from module chip_core (D = $add$/workspace/src/chip_core.sv:64$5_Y [9:0], Q = \count).
Adding EN signal on $procdff$1546 ($adff) from module signal_processor (D = $0\cycle_count[3:0], Q = \cycle_count).
Adding EN signal on $procdff$1541 ($adff) from module signal_processor (D = $0\cnt_out[3:0], Q = \cnt_out).
Adding EN signal on $procdff$1536 ($adff) from module signal_processor (D = $0\cnt_in[3:0], Q = \cnt_in).
Adding EN signal on $procdff$1531 ($adff) from module signal_processor (D = $0\s90_valid[0:0], Q = \s90_valid).
Adding EN signal on $procdff$1526 ($adff) from module signal_processor (D = $0\s90[0:0], Q = \s90).
Adding EN signal on $procdff$1521 ($adff) from module signal_processor (D = $0\votes_out_phase[3:0], Q = \votes_out_phase).
Adding EN signal on $procdff$1516 ($adff) from module signal_processor (D = $0\votes_in_phase[3:0], Q = \votes_in_phase).
Adding EN signal on $procdff$1511 ($adff) from module signal_processor (D = $0\phase_state[1:0], Q = \phase_state).
Adding EN signal on $procdff$1506 ($adff) from module signal_processor (D = $0\jitter_flag[0:0], Q = \jitter_flag).
Adding EN signal on $procdff$1501 ($adff) from module signal_processor (D = $0\move_en[0:0], Q = \move_en).
Adding EN signal on $procdff$1496 ($adff) from module signal_processor (D = $0\dir[0:0], Q = \dir).
Adding EN signal on $procdff$1331 ($adff) from module spi_regs (D = { \rx_shift [6:0] \mosi_sync [1] }, Q = \reg_wr_data).
Adding EN signal on $procdff$1326 ($adff) from module spi_regs (D = \spi_addr, Q = \reg_wr_addr).
Adding EN signal on $procdff$1316 ($adff) from module spi_regs (D = $procmux$625_Y, Q = \tx_shift).
Adding EN signal on $procdff$1311 ($adff) from module spi_regs (D = { \rx_shift [6:0] \mosi_sync [1] }, Q = \rx_shift).
Adding EN signal on $procdff$1306 ($adff) from module spi_regs (D = $procmux$638_Y, Q = \spi_addr).
Adding EN signal on $procdff$1301 ($adff) from module spi_regs (D = \rx_shift [6], Q = \rw_n).
Adding EN signal on $procdff$1296 ($adff) from module spi_regs (D = $0\bit_cnt[2:0], Q = \bit_cnt).
Adding EN signal on $procdff$1291 ($adff) from module spi_regs (D = $0\spi_state[0:0], Q = \spi_state).
Adding EN signal on $procdff$1276 ($adff) from module spi_regs (D = \reg_wr_data [2], Q = \phase_offset_imported).
Adding EN signal on $procdff$1271 ($adff) from module spi_regs (D = \reg_wr_data [1], Q = \cfg_done).
Adding EN signal on $procdff$1266 ($adff) from module spi_regs (D = \reg_wr_data [0], Q = \boot_complete).
Adding EN signal on $procdff$1261 ($adff) from module spi_regs (D = \reg_wr_data [4:0], Q = \cfg_phase270_offset_y [20:16]).
Adding EN signal on $procdff$1261 ($adff) from module spi_regs (D = \reg_wr_data, Q = \cfg_phase270_offset_y [15:8]).
Adding EN signal on $procdff$1261 ($adff) from module spi_regs (D = \reg_wr_data, Q = \cfg_phase270_offset_y [7:0]).
Adding EN signal on $procdff$1256 ($adff) from module spi_regs (D = \reg_wr_data, Q = \cfg_phase90_offset_y [15:8]).
Adding EN signal on $procdff$1256 ($adff) from module spi_regs (D = \reg_wr_data, Q = \cfg_phase90_offset_y [7:0]).
Adding EN signal on $procdff$1256 ($adff) from module spi_regs (D = \reg_wr_data [4:0], Q = \cfg_phase90_offset_y [20:16]).
Adding EN signal on $procdff$1251 ($adff) from module spi_regs (D = \reg_wr_data, Q = \cfg_phase0_offset_y [15:8]).
Adding EN signal on $procdff$1251 ($adff) from module spi_regs (D = \reg_wr_data, Q = \cfg_phase0_offset_y [7:0]).
Adding EN signal on $procdff$1251 ($adff) from module spi_regs (D = \reg_wr_data [4:0], Q = \cfg_phase0_offset_y [20:16]).
Adding EN signal on $procdff$1246 ($adff) from module spi_regs (D = \reg_wr_data, Q = \cfg_phase270_offset_x [15:8]).
Adding EN signal on $procdff$1246 ($adff) from module spi_regs (D = \reg_wr_data, Q = \cfg_phase270_offset_x [7:0]).
Adding EN signal on $procdff$1246 ($adff) from module spi_regs (D = \reg_wr_data [4:0], Q = \cfg_phase270_offset_x [20:16]).
Adding EN signal on $procdff$1241 ($adff) from module spi_regs (D = \reg_wr_data, Q = \cfg_phase90_offset_x [15:8]).
Adding EN signal on $procdff$1241 ($adff) from module spi_regs (D = \reg_wr_data, Q = \cfg_phase90_offset_x [7:0]).
Adding EN signal on $procdff$1241 ($adff) from module spi_regs (D = \reg_wr_data [4:0], Q = \cfg_phase90_offset_x [20:16]).
Adding EN signal on $procdff$1236 ($adff) from module spi_regs (D = \reg_wr_data, Q = \cfg_phase0_offset_x [15:8]).
Adding EN signal on $procdff$1236 ($adff) from module spi_regs (D = \reg_wr_data, Q = \cfg_phase0_offset_x [7:0]).
Adding EN signal on $procdff$1236 ($adff) from module spi_regs (D = \reg_wr_data [4:0], Q = \cfg_phase0_offset_x [20:16]).
Adding EN signal on $procdff$1231 ($adff) from module spi_regs (D = \reg_wr_data, Q = \cfg_f_MEMS_fcw_y [7:0]).
Adding EN signal on $procdff$1231 ($adff) from module spi_regs (D = \reg_wr_data, Q = \cfg_f_MEMS_fcw_y [15:8]).
Adding EN signal on $procdff$1226 ($adff) from module spi_regs (D = \reg_wr_data, Q = \cfg_f_MEMS_fcw_x [7:0]).
Adding EN signal on $procdff$1226 ($adff) from module spi_regs (D = \reg_wr_data, Q = \cfg_f_MEMS_fcw_x [15:8]).
Adding EN signal on $procdff$1356 ($adff) from module state_machine (D = \state_d, Q = \state_q).
Adding EN signal on $procdff$1481 ($adff) from module wave_controller (D = $0\phase_acc[20:0], Q = \phase_acc).
Adding EN signal on $procdff$1446 ($adff) from module wave_controller (D = $0\capture_pending[0:0], Q = \capture_pending).
Adding EN signal on $procdff$1441 ($adff) from module wave_controller (D = $0\wave_cycle_cnt[7:0], Q = \wave_cycle_cnt).
Adding EN signal on $procdff$1436 ($adff) from module wave_controller (D = $0\cal_dir[0:0], Q = \cal_dir).
Adding EN signal on $procdff$1431 ($adff) from module wave_controller (D = $0\raw_edge3[20:0], Q = \raw_edge3).
Adding EN signal on $procdff$1426 ($adff) from module wave_controller (D = $0\raw_edge2[20:0], Q = \raw_edge2).
Adding EN signal on $procdff$1421 ($adff) from module wave_controller (D = $0\raw_edge1[20:0], Q = \raw_edge1).
Adding EN signal on $procdff$1416 ($adff) from module wave_controller (D = $0\delay_wave_cycle[7:0], Q = \delay_wave_cycle).
Adding EN signal on $procdff$1411 ($adff) from module wave_controller (D = $0\cal_timeout[0:0], Q = \cal_timeout).
Adding EN signal on $procdff$1406 ($adff) from module wave_controller (D = $0\cal_done[0:0], Q = \cal_done).
Adding EN signal on $procdff$1401 ($adff) from module wave_controller (D = $0\latch_error[0:0], Q = \latch_error).
Adding EN signal on $procdff$1396 ($adff) from module wave_controller (D = $0\latch_phase270[0:0], Q = \latch_phase270).
Adding EN signal on $procdff$1391 ($adff) from module wave_controller (D = $0\latch_phase90[0:0], Q = \latch_phase90).
Adding EN signal on $procdff$1381 ($adff) from module wave_controller (D = $0\cal_burst_count[1:0], Q = \cal_burst_count).
Adding EN signal on $procdff$1376 ($adff) from module wave_controller (D = $0\cal_burst_active[0:0], Q = \cal_burst_active).
Adding EN signal on $procdff$1371 ($adff) from module wave_controller (D = $0\cal_burst_armed[0:0], Q = \cal_burst_armed).

54. Executing OPT_CLEAN pass (remove unused cells and wires).
Finding unused cells or wires in module \analog_block..
Finding unused cells or wires in module \analog_comp..
Finding unused cells or wires in module \analog_readout..
Finding unused cells or wires in module \analog_wave_mixer..
Finding unused cells or wires in module \chip_core..
Finding unused cells or wires in module \signal_processor..
Finding unused cells or wires in module \spi_regs..
Finding unused cells or wires in module \state_machine..
Finding unused cells or wires in module \wave_controller..
Removed 73 unused cells and 72 unused wires.
<suppressed ~76 debug messages>

55. Executing OPT_EXPR pass (perform const folding).
Optimizing module analog_block.
Optimizing module analog_comp.
Optimizing module analog_readout.
Optimizing module analog_wave_mixer.
Optimizing module chip_core.
Optimizing module signal_processor.
Optimizing module spi_regs.
<suppressed ~3 debug messages>
Optimizing module state_machine.
<suppressed ~1 debug messages>
Optimizing module wave_controller.

56. Rerunning OPT passes. (Maybe there is more to do…)

57. Executing OPT_MUXTREE pass (detect dead branches in mux trees).
Running muxtree optimizer on module \analog_block..
  Creating internal representation of mux trees.
  No muxes found in this module.
Running muxtree optimizer on module \analog_comp..
  Creating internal representation of mux trees.
  No muxes found in this module.
Running muxtree optimizer on module \analog_readout..
  Creating internal representation of mux trees.
  Evaluating internal representation of mux trees.
  Analyzing evaluation results.
Running muxtree optimizer on module \analog_wave_mixer..
  Creating internal representation of mux trees.
  No muxes found in this module.
Running muxtree optimizer on module \chip_core..
  Creating internal representation of mux trees.
  No muxes found in this module.
Running muxtree optimizer on module \signal_processor..
  Creating internal representation of mux trees.
  Evaluating internal representation of mux trees.
  Analyzing evaluation results.
Running muxtree optimizer on module \spi_regs..
  Creating internal representation of mux trees.
  Evaluating internal representation of mux trees.
  Analyzing evaluation results.
Running muxtree optimizer on module \state_machine..
  Creating internal representation of mux trees.
  Evaluating internal representation of mux trees.
  Analyzing evaluation results.
Running muxtree optimizer on module \wave_controller..
  Creating internal representation of mux trees.
  Evaluating internal representation of mux trees.
  Analyzing evaluation results.
Removed 0 multiplexer ports.
<suppressed ~257 debug messages>

58. Executing OPT_REDUCE pass (consolidate $*mux and $reduce_* inputs).
  Optimizing cells in module \analog_block.
  Optimizing cells in module \analog_comp.
  Optimizing cells in module \analog_readout.
  Optimizing cells in module \analog_wave_mixer.
  Optimizing cells in module \chip_core.
  Optimizing cells in module \signal_processor.
  Optimizing cells in module \spi_regs.
  Optimizing cells in module \state_machine.
  Optimizing cells in module \wave_controller.
Performed a total of 0 changes.

59. Executing OPT_MERGE pass (detect identical cells).
Finding identical cells in module `\analog_block'.
Computing hashes of 5 cells of `\analog_block'.
Finding duplicate cells in `\analog_block'.
Finding identical cells in module `\analog_comp'.
Computing hashes of 1 cells of `\analog_comp'.
Finding duplicate cells in `\analog_comp'.
Finding identical cells in module `\analog_readout'.
Computing hashes of 1 cells of `\analog_readout'.
Finding duplicate cells in `\analog_readout'.
Finding identical cells in module `\analog_wave_mixer'.
Computing hashes of 1 cells of `\analog_wave_mixer'.
Finding duplicate cells in `\analog_wave_mixer'.
Finding identical cells in module `\chip_core'.
Computing hashes of 12 cells of `\chip_core'.
Finding duplicate cells in `\chip_core'.
Finding identical cells in module `\signal_processor'.
Computing hashes of 94 cells of `\signal_processor'.
Finding duplicate cells in `\signal_processor'.
Computing hashes of 82 cells of `\signal_processor'.
Finding duplicate cells in `\signal_processor'.
Computing hashes of 79 cells of `\signal_processor'.
Finding duplicate cells in `\signal_processor'.
<suppressed ~45 debug messages>
Finding identical cells in module `\spi_regs'.
Computing hashes of 201 cells of `\spi_regs'.
Finding duplicate cells in `\spi_regs'.
Computing hashes of 191 cells of `\spi_regs'.
Finding duplicate cells in `\spi_regs'.
Computing hashes of 190 cells of `\spi_regs'.
Finding duplicate cells in `\spi_regs'.
<suppressed ~33 debug messages>
Finding identical cells in module `\state_machine'.
Computing hashes of 20 cells of `\state_machine'.
Finding duplicate cells in `\state_machine'.
Finding identical cells in module `\wave_controller'.
Computing hashes of 275 cells of `\wave_controller'.
Finding duplicate cells in `\wave_controller'.
Computing hashes of 241 cells of `\wave_controller'.
Finding duplicate cells in `\wave_controller'.
Computing hashes of 236 cells of `\wave_controller'.
Finding duplicate cells in `\wave_controller'.
<suppressed ~117 debug messages>
Removed a total of 65 cells.

60. Executing OPT_DFF pass (perform DFF optimizations).

61. Executing OPT_CLEAN pass (remove unused cells and wires).
Finding unused cells or wires in module \analog_block..
Finding unused cells or wires in module \analog_comp..
Finding unused cells or wires in module \analog_readout..
Finding unused cells or wires in module \analog_wave_mixer..
Finding unused cells or wires in module \chip_core..
Finding unused cells or wires in module \signal_processor..
Finding unused cells or wires in module \spi_regs..
Finding unused cells or wires in module \state_machine..
Finding unused cells or wires in module \wave_controller..
Removed 0 unused cells and 65 unused wires.
<suppressed ~3 debug messages>

62. Executing OPT_EXPR pass (perform const folding).
Optimizing module analog_block.
Optimizing module analog_comp.
Optimizing module analog_readout.
Optimizing module analog_wave_mixer.
Optimizing module chip_core.
Optimizing module signal_processor.
Optimizing module spi_regs.
Optimizing module state_machine.
Optimizing module wave_controller.

63. Rerunning OPT passes. (Maybe there is more to do…)

64. Executing OPT_MUXTREE pass (detect dead branches in mux trees).
Running muxtree optimizer on module \analog_block..
  Creating internal representation of mux trees.
  No muxes found in this module.
Running muxtree optimizer on module \analog_comp..
  Creating internal representation of mux trees.
  No muxes found in this module.
Running muxtree optimizer on module \analog_readout..
  Creating internal representation of mux trees.
  Evaluating internal representation of mux trees.
  Analyzing evaluation results.
Running muxtree optimizer on module \analog_wave_mixer..
  Creating internal representation of mux trees.
  No muxes found in this module.
Running muxtree optimizer on module \chip_core..
  Creating internal representation of mux trees.
  No muxes found in this module.
Running muxtree optimizer on module \signal_processor..
  Creating internal representation of mux trees.
  Evaluating internal representation of mux trees.
  Analyzing evaluation results.
Running muxtree optimizer on module \spi_regs..
  Creating internal representation of mux trees.
  Evaluating internal representation of mux trees.
  Analyzing evaluation results.
Running muxtree optimizer on module \state_machine..
  Creating internal representation of mux trees.
  Evaluating internal representation of mux trees.
  Analyzing evaluation results.
Running muxtree optimizer on module \wave_controller..
  Creating internal representation of mux trees.
  Evaluating internal representation of mux trees.
  Analyzing evaluation results.
Removed 0 multiplexer ports.
<suppressed ~260 debug messages>

65. Executing OPT_REDUCE pass (consolidate $*mux and $reduce_* inputs).
  Optimizing cells in module \analog_block.
  Optimizing cells in module \analog_comp.
  Optimizing cells in module \analog_readout.
  Optimizing cells in module \analog_wave_mixer.
  Optimizing cells in module \chip_core.
  Optimizing cells in module \signal_processor.
  Optimizing cells in module \spi_regs.
  Optimizing cells in module \state_machine.
  Optimizing cells in module \wave_controller.
Performed a total of 0 changes.

66. Executing OPT_MERGE pass (detect identical cells).
Finding identical cells in module `\analog_block'.
Computing hashes of 5 cells of `\analog_block'.
Finding duplicate cells in `\analog_block'.
Finding identical cells in module `\analog_comp'.
Computing hashes of 1 cells of `\analog_comp'.
Finding duplicate cells in `\analog_comp'.
Finding identical cells in module `\analog_readout'.
Computing hashes of 1 cells of `\analog_readout'.
Finding duplicate cells in `\analog_readout'.
Finding identical cells in module `\analog_wave_mixer'.
Computing hashes of 1 cells of `\analog_wave_mixer'.
Finding duplicate cells in `\analog_wave_mixer'.
Finding identical cells in module `\chip_core'.
Computing hashes of 12 cells of `\chip_core'.
Finding duplicate cells in `\chip_core'.
Finding identical cells in module `\signal_processor'.
Computing hashes of 79 cells of `\signal_processor'.
Finding duplicate cells in `\signal_processor'.
Finding identical cells in module `\spi_regs'.
Computing hashes of 190 cells of `\spi_regs'.
Finding duplicate cells in `\spi_regs'.
Finding identical cells in module `\state_machine'.
Computing hashes of 20 cells of `\state_machine'.
Finding duplicate cells in `\state_machine'.
Finding identical cells in module `\wave_controller'.
Computing hashes of 236 cells of `\wave_controller'.
Finding duplicate cells in `\wave_controller'.
Removed a total of 0 cells.

67. Executing OPT_DFF pass (perform DFF optimizations).

68. Executing OPT_CLEAN pass (remove unused cells and wires).
Finding unused cells or wires in module \analog_block..
Finding unused cells or wires in module \analog_comp..
Finding unused cells or wires in module \analog_readout..
Finding unused cells or wires in module \analog_wave_mixer..
Finding unused cells or wires in module \chip_core..
Finding unused cells or wires in module \signal_processor..
Finding unused cells or wires in module \spi_regs..
Finding unused cells or wires in module \state_machine..
Finding unused cells or wires in module \wave_controller..

69. Executing OPT_EXPR pass (perform const folding).
Optimizing module analog_block.
Optimizing module analog_comp.
Optimizing module analog_readout.
Optimizing module analog_wave_mixer.
Optimizing module chip_core.
Optimizing module signal_processor.
Optimizing module spi_regs.
Optimizing module state_machine.
Optimizing module wave_controller.

70. Executing WREDUCE pass (reducing word size of cells).
Removed top 31 bits (of 32) from port B of cell chip_core.$add$/workspace/src/chip_core.sv:64$5 ($add).
Removed top 22 bits (of 32) from port Y of cell chip_core.$add$/workspace/src/chip_core.sv:64$5 ($add).
Removed top 22 bits (of 32) from wire chip_core.$add$/workspace/src/chip_core.sv:64$5_Y.
Removed top 2 bits (of 3) from port B of cell signal_processor.$auto$opt_dff.cc:320:make_patterns_logic$1706 ($ne).
Removed top 1 bits (of 2) from port B of cell signal_processor.$auto$opt_dff.cc:320:make_patterns_logic$1704 ($ne).
Removed top 1 bits (of 2) from port B of cell signal_processor.$auto$opt_dff.cc:320:make_patterns_logic$1702 ($ne).
Removed top 1 bits (of 2) from port B of cell signal_processor.$auto$opt_dff.cc:320:make_patterns_logic$1668 ($ne).
Removed top 2 bits (of 3) from port B of cell signal_processor.$auto$opt_dff.cc:320:make_patterns_logic$1665 ($ne).
Removed top 3 bits (of 4) from port B of cell signal_processor.$add$/workspace/src/signal_processor.sv:92$16 ($add).
Removed top 3 bits (of 4) from port B of cell signal_processor.$add$/workspace/src/signal_processor.sv:93$17 ($add).
Removed top 3 bits (of 4) from port B of cell signal_processor.$add$/workspace/src/signal_processor.sv:180$25 ($add).
Removed top 1 bits (of 2) from port B of cell signal_processor.$procmux$1198_CMP0 ($eq).
Removed top 1 bits (of 8) from FF cell spi_regs.$auto$ff.cc:337:slice$1724 ($adffe).
Removed top 1 bits (of 7) from port B of cell spi_regs.$procmux$150_CMP0 ($eq).
Removed top 1 bits (of 7) from port B of cell spi_regs.$procmux$151_CMP0 ($eq).
Removed top 1 bits (of 7) from port B of cell spi_regs.$procmux$152_CMP0 ($eq).
Removed top 1 bits (of 7) from port B of cell spi_regs.$procmux$153_CMP0 ($eq).
Removed top 1 bits (of 7) from port B of cell spi_regs.$procmux$154_CMP0 ($eq).
Removed top 1 bits (of 7) from port B of cell spi_regs.$procmux$155_CMP0 ($eq).
Removed top 1 bits (of 7) from port B of cell spi_regs.$procmux$156_CMP0 ($eq).
Removed top 1 bits (of 7) from port B of cell spi_regs.$procmux$157_CMP0 ($eq).
Removed top 1 bits (of 7) from port B of cell spi_regs.$procmux$158_CMP0 ($eq).
Removed top 1 bits (of 7) from port B of cell spi_regs.$procmux$159_CMP0 ($eq).
Removed top 1 bits (of 7) from port B of cell spi_regs.$procmux$160_CMP0 ($eq).
Removed top 1 bits (of 7) from port B of cell spi_regs.$procmux$161_CMP0 ($eq).
Removed top 1 bits (of 7) from port B of cell spi_regs.$procmux$162_CMP0 ($eq).
Removed top 1 bits (of 7) from port B of cell spi_regs.$procmux$163_CMP0 ($eq).
Removed top 1 bits (of 7) from port B of cell spi_regs.$procmux$164_CMP0 ($eq).
Removed top 1 bits (of 7) from port B of cell spi_regs.$procmux$165_CMP0 ($eq).
Removed top 1 bits (of 7) from port B of cell spi_regs.$procmux$166_CMP0 ($eq).
Removed top 1 bits (of 7) from port B of cell spi_regs.$procmux$167_CMP0 ($eq).
Removed top 1 bits (of 7) from port B of cell spi_regs.$procmux$168_CMP0 ($eq).
Removed top 1 bits (of 7) from port B of cell spi_regs.$procmux$169_CMP0 ($eq).
Removed top 1 bits (of 7) from port B of cell spi_regs.$procmux$170_CMP0 ($eq).
Removed top 1 bits (of 7) from port B of cell spi_regs.$procmux$171_CMP0 ($eq).
Removed top 1 bits (of 7) from port B of cell spi_regs.$procmux$172_CMP0 ($eq).
Removed top 1 bits (of 7) from port B of cell spi_regs.$procmux$173_CMP0 ($eq).
Removed top 1 bits (of 7) from port B of cell spi_regs.$procmux$174_CMP0 ($eq).
Removed top 1 bits (of 7) from port B of cell spi_regs.$procmux$175_CMP0 ($eq).
Removed top 1 bits (of 7) from port B of cell spi_regs.$procmux$176_CMP0 ($eq).
Removed top 1 bits (of 7) from port B of cell spi_regs.$procmux$177_CMP0 ($eq).
Removed top 1 bits (of 7) from port B of cell spi_regs.$procmux$178_CMP0 ($eq).
Removed top 1 bits (of 7) from port B of cell spi_regs.$procmux$179_CMP0 ($eq).
Removed top 1 bits (of 7) from port B of cell spi_regs.$procmux$180_CMP0 ($eq).
Removed top 1 bits (of 7) from port B of cell spi_regs.$procmux$181_CMP0 ($eq).
Removed top 2 bits (of 7) from port B of cell spi_regs.$procmux$182_CMP0 ($eq).
Removed top 2 bits (of 7) from port B of cell spi_regs.$procmux$183_CMP0 ($eq).
Removed top 2 bits (of 7) from port B of cell spi_regs.$procmux$184_CMP0 ($eq).
Removed top 2 bits (of 7) from port B of cell spi_regs.$procmux$185_CMP0 ($eq).
Removed top 2 bits (of 7) from port B of cell spi_regs.$procmux$186_CMP0 ($eq).
Removed top 2 bits (of 7) from port B of cell spi_regs.$procmux$187_CMP0 ($eq).
Removed top 2 bits (of 7) from port B of cell spi_regs.$procmux$188_CMP0 ($eq).
Removed top 2 bits (of 7) from port B of cell spi_regs.$procmux$189_CMP0 ($eq).
Removed top 3 bits (of 7) from port B of cell spi_regs.$procmux$190_CMP0 ($eq).
Removed top 3 bits (of 7) from port B of cell spi_regs.$procmux$191_CMP0 ($eq).
Removed top 3 bits (of 7) from port B of cell spi_regs.$procmux$192_CMP0 ($eq).
Removed top 3 bits (of 7) from port B of cell spi_regs.$procmux$193_CMP0 ($eq).
Removed top 3 bits (of 7) from port B of cell spi_regs.$procmux$194_CMP0 ($eq).
Removed top 3 bits (of 7) from port B of cell spi_regs.$procmux$195_CMP0 ($eq).
Removed top 3 bits (of 7) from port B of cell spi_regs.$procmux$196_CMP0 ($eq).
Removed top 3 bits (of 7) from port B of cell spi_regs.$procmux$197_CMP0 ($eq).
Removed top 4 bits (of 7) from port B of cell spi_regs.$procmux$198_CMP0 ($eq).
Removed top 4 bits (of 7) from port B of cell spi_regs.$procmux$199_CMP0 ($eq).
Removed top 4 bits (of 7) from port B of cell spi_regs.$procmux$200_CMP0 ($eq).
Removed top 4 bits (of 7) from port B of cell spi_regs.$procmux$201_CMP0 ($eq).
Removed top 5 bits (of 7) from port B of cell spi_regs.$procmux$202_CMP0 ($eq).
Removed top 5 bits (of 7) from port B of cell spi_regs.$procmux$203_CMP0 ($eq).
Removed top 6 bits (of 7) from port B of cell spi_regs.$procmux$204_CMP0 ($eq).
Removed top 2 bits (of 7) from port B of cell spi_regs.$procmux$208_CMP0 ($eq).
Removed top 2 bits (of 7) from port B of cell spi_regs.$procmux$215_CMP0 ($eq).
Removed top 2 bits (of 7) from port B of cell spi_regs.$procmux$223_CMP0 ($eq).
Removed top 2 bits (of 7) from port B of cell spi_regs.$procmux$233_CMP0 ($eq).
Removed top 2 bits (of 7) from port B of cell spi_regs.$procmux$244_CMP0 ($eq).
Removed top 3 bits (of 7) from port B of cell spi_regs.$procmux$257_CMP0 ($eq).
Removed top 3 bits (of 7) from port B of cell spi_regs.$procmux$271_CMP0 ($eq).
Removed top 3 bits (of 7) from port B of cell spi_regs.$procmux$287_CMP0 ($eq).
Removed top 3 bits (of 7) from port B of cell spi_regs.$procmux$304_CMP0 ($eq).
Removed top 3 bits (of 7) from port B of cell spi_regs.$procmux$323_CMP0 ($eq).
Removed top 3 bits (of 7) from port B of cell spi_regs.$procmux$343_CMP0 ($eq).
Removed top 4 bits (of 7) from port B of cell spi_regs.$procmux$365_CMP0 ($eq).
Removed top 4 bits (of 7) from port B of cell spi_regs.$procmux$388_CMP0 ($eq).
Removed top 5 bits (of 7) from port B of cell spi_regs.$procmux$413_CMP0 ($eq).
Removed top 6 bits (of 7) from port B of cell spi_regs.$procmux$440_CMP0 ($eq).
Removed top 2 bits (of 7) from port B of cell spi_regs.$procmux$464_CMP0 ($eq).
Removed top 2 bits (of 7) from port B of cell spi_regs.$procmux$476_CMP0 ($eq).
Removed top 3 bits (of 7) from port B of cell spi_regs.$procmux$491_CMP0 ($eq).
Removed top 3 bits (of 7) from port B of cell spi_regs.$procmux$509_CMP0 ($eq).
Removed top 4 bits (of 7) from port B of cell spi_regs.$procmux$530_CMP0 ($eq).
Removed top 4 bits (of 7) from port B of cell spi_regs.$procmux$554_CMP0 ($eq).
Removed top 5 bits (of 7) from port B of cell spi_regs.$procmux$580_CMP0 ($eq).
Removed top 2 bits (of 7) from port B of cell spi_regs.$procmux$585_CMP0 ($eq).
Removed top 1 bits (of 8) from wire spi_regs.rx_shift.
Removed top 1 bits (of 3) from port B of cell state_machine.$procmux$755_CMP0 ($eq).
Removed top 2 bits (of 3) from port B of cell state_machine.$procmux$756_CMP0 ($eq).
Removed top 26 address bits (of 32) from memory init port wave_controller.$flatten\u_sine.$auto$mem.cc:351:emit$128 ($flatten\u_sine.$auto$proc_rom.cc:155:do_switch$126).
Removed top 1 bits (of 3) from port B of cell wave_controller.$auto$opt_dff.cc:320:make_patterns_logic$1974 ($ne).
Removed top 2 bits (of 4) from port B of cell wave_controller.$auto$opt_dff.cc:320:make_patterns_logic$1964 ($ne).
Removed top 2 bits (of 5) from port B of cell wave_controller.$auto$opt_dff.cc:320:make_patterns_logic$1959 ($ne).
Removed top 2 bits (of 5) from port B of cell wave_controller.$auto$opt_dff.cc:320:make_patterns_logic$1956 ($ne).
Removed top 1 bits (of 2) from port B of cell wave_controller.$auto$opt_dff.cc:320:make_patterns_logic$1951 ($ne).
Removed top 1 bits (of 2) from port B of cell wave_controller.$auto$opt_dff.cc:320:make_patterns_logic$1949 ($ne).
Removed top 1 bits (of 2) from port B of cell wave_controller.$auto$opt_dff.cc:320:make_patterns_logic$1944 ($ne).
Removed top 1 bits (of 2) from port B of cell wave_controller.$auto$opt_dff.cc:320:make_patterns_logic$1942 ($ne).
Removed top 1 bits (of 2) from port B of cell wave_controller.$auto$opt_dff.cc:320:make_patterns_logic$1940 ($ne).
Removed top 1 bits (of 2) from port B of cell wave_controller.$auto$opt_dff.cc:320:make_patterns_logic$1938 ($ne).
Removed top 1 bits (of 2) from port B of cell wave_controller.$auto$opt_dff.cc:320:make_patterns_logic$1936 ($ne).
Removed top 1 bits (of 2) from port B of cell wave_controller.$auto$opt_dff.cc:320:make_patterns_logic$1932 ($ne).
Removed top 1 bits (of 2) from port B of cell wave_controller.$auto$opt_dff.cc:320:make_patterns_logic$1927 ($ne).
Removed top 1 bits (of 2) from port B of cell wave_controller.$auto$opt_dff.cc:320:make_patterns_logic$1896 ($ne).
Removed top 1 bits (of 2) from port B of cell wave_controller.$auto$opt_dff.cc:320:make_patterns_logic$1851 ($ne).
Removed top 1 bits (of 3) from port B of cell wave_controller.$auto$fsm_map.cc:77:implement_pattern_cache$1648 ($eq).
Removed top 1 bits (of 5) from port B of cell wave_controller.$auto$fsm_map.cc:77:implement_pattern_cache$1644 ($eq).
Removed top 1 bits (of 6) from port B of cell wave_controller.$auto$fsm_map.cc:77:implement_pattern_cache$1640 ($eq).
Removed top 1 bits (of 2) from port B of cell wave_controller.$auto$fsm_map.cc:77:implement_pattern_cache$1632 ($eq).
Removed top 1 bits (of 6) from port B of cell wave_controller.$auto$fsm_map.cc:77:implement_pattern_cache$1619 ($eq).
Removed top 1 bits (of 22) from port A of cell wave_controller.$add$/workspace/src/wave_controller.sv:86$27 ($add).
Removed top 6 bits (of 22) from port B of cell wave_controller.$add$/workspace/src/wave_controller.sv:86$27 ($add).
Removed top 7 bits (of 8) from port B of cell wave_controller.$eq$/workspace/src/wave_controller.sv:146$43 ($eq).
Removed top 1 bits (of 21) from port B of cell wave_controller.$add$/workspace/src/wave_controller.sv:263$64 ($add).
Removed top 1 bits (of 21) from port B of cell wave_controller.$add$/workspace/src/wave_controller.sv:264$67 ($add).
Removed top 3 bits (of 21) from port B of cell wave_controller.$sub$/workspace/src/wave_controller.sv:271$69 ($sub).
Removed top 3 bits (of 21) from port B of cell wave_controller.$sub$/workspace/src/wave_controller.sv:272$70 ($sub).
Removed top 3 bits (of 21) from port B of cell wave_controller.$sub$/workspace/src/wave_controller.sv:275$71 ($sub).
Removed top 5 bits (of 21) from port B of cell wave_controller.$lt$/workspace/src/wave_controller.sv:295$78 ($lt).
Removed top 5 bits (of 21) from port B of cell wave_controller.$lt$/workspace/src/wave_controller.sv:301$80 ($lt).
Removed top 1 bits (of 9) from port A of cell wave_controller.$add$/workspace/src/wave_controller.sv:343$84 ($add).
Removed top 1 bits (of 9) from port B of cell wave_controller.$add$/workspace/src/wave_controller.sv:343$84 ($add).
Removed top 1 bits (of 2) from port B of cell wave_controller.$eq$/workspace/src/wave_controller.sv:393$90 ($eq).
Removed top 1 bits (of 8) from port B of cell wave_controller.$flatten\u_sine.$add$/workspace/src/sine_lut.sv:73$124 ($add).
Removed top 1 bits (of 8) from port B of cell wave_controller.$flatten\u_sine.$sub$/workspace/src/sine_lut.sv:72$123 ($sub).
Removed top 1 bits (of 21) from wire wave_controller.$shr$/workspace/src/wave_controller.sv:263$63_Y.
Removed top 1 bits (of 21) from wire wave_controller.$shr$/workspace/src/wave_controller.sv:264$66_Y.
Removed top 3 bits (of 21) from wire wave_controller.sync_delay.

71. Executing PEEPOPT pass (run peephole optimizers).

72. Executing OPT_CLEAN pass (remove unused cells and wires).
Finding unused cells or wires in module \analog_block..
Finding unused cells or wires in module \analog_comp..
Finding unused cells or wires in module \analog_readout..
Finding unused cells or wires in module \analog_wave_mixer..
Finding unused cells or wires in module \chip_core..
Finding unused cells or wires in module \signal_processor..
Finding unused cells or wires in module \spi_regs..
Finding unused cells or wires in module \state_machine..
Finding unused cells or wires in module \wave_controller..
Removed 0 unused cells and 5 unused wires.
<suppressed ~3 debug messages>

73. Executing ALUMACC pass (create $alu and $macc cells).
Extracting $alu and $macc cells in module analog_block:
  created 0 $alu and 0 $macc cells.
Extracting $alu and $macc cells in module analog_comp:
  created 0 $alu and 0 $macc cells.
Extracting $alu and $macc cells in module analog_readout:
  created 0 $alu and 0 $macc cells.
Extracting $alu and $macc cells in module analog_wave_mixer:
  created 0 $alu and 0 $macc cells.
Extracting $alu and $macc cells in module chip_core:
  creating $macc model for $add$/workspace/src/chip_core.sv:64$5 ($add).
  creating $alu model for $macc $add$/workspace/src/chip_core.sv:64$5.
  creating $alu cell for $add$/workspace/src/chip_core.sv:64$5: $auto$alumacc.cc:512:replace_alu$1980
  created 1 $alu and 0 $macc cells.
Extracting $alu and $macc cells in module signal_processor:
  creating $macc model for $add$/workspace/src/signal_processor.sv:180$25 ($add).
  creating $macc model for $add$/workspace/src/signal_processor.sv:92$16 ($add).
  creating $macc model for $add$/workspace/src/signal_processor.sv:93$17 ($add).
  creating $alu model for $macc $add$/workspace/src/signal_processor.sv:93$17.
  creating $alu model for $macc $add$/workspace/src/signal_processor.sv:92$16.
  creating $alu model for $macc $add$/workspace/src/signal_processor.sv:180$25.
  creating $alu model for $ge$/workspace/src/signal_processor.sv:155$23 ($ge): new $alu
  creating $alu model for $ge$/workspace/src/signal_processor.sv:161$24 ($ge): new $alu
  creating $alu cell for $ge$/workspace/src/signal_processor.sv:161$24: $auto$alumacc.cc:512:replace_alu$1985
  creating $alu cell for $ge$/workspace/src/signal_processor.sv:155$23: $auto$alumacc.cc:512:replace_alu$1998
  creating $alu cell for $add$/workspace/src/signal_processor.sv:180$25: $auto$alumacc.cc:512:replace_alu$2011
  creating $alu cell for $add$/workspace/src/signal_processor.sv:92$16: $auto$alumacc.cc:512:replace_alu$2014
  creating $alu cell for $add$/workspace/src/signal_processor.sv:93$17: $auto$alumacc.cc:512:replace_alu$2017
  created 5 $alu and 0 $macc cells.
Extracting $alu and $macc cells in module spi_regs:
  creating $macc model for $add$/workspace/src/spi.sv:227$108 ($add).
  creating $macc model for $add$/workspace/src/spi.sv:231$109 ($add).
  creating $alu model for $macc $add$/workspace/src/spi.sv:231$109.
  creating $alu model for $macc $add$/workspace/src/spi.sv:227$108.
  creating $alu cell for $add$/workspace/src/spi.sv:227$108: $auto$alumacc.cc:512:replace_alu$2020
  creating $alu cell for $add$/workspace/src/spi.sv:231$109: $auto$alumacc.cc:512:replace_alu$2023
  created 2 $alu and 0 $macc cells.
Extracting $alu and $macc cells in module state_machine:
  created 0 $alu and 0 $macc cells.
Extracting $alu and $macc cells in module wave_controller:
  creating $macc model for $add$/workspace/src/wave_controller.sv:186$55 ($add).
  creating $macc model for $add$/workspace/src/wave_controller.sv:263$64 ($add).
  creating $macc model for $add$/workspace/src/wave_controller.sv:264$67 ($add).
  creating $macc model for $add$/workspace/src/wave_controller.sv:343$84 ($add).
  creating $macc model for $add$/workspace/src/wave_controller.sv:397$91 ($add).
  creating $macc model for $add$/workspace/src/wave_controller.sv:86$27 ($add).
  creating $macc model for $flatten\u_sine.$add$/workspace/src/sine_lut.sv:73$124 ($add).
  creating $macc model for $flatten\u_sine.$sub$/workspace/src/sine_lut.sv:29$119 ($sub).
  creating $macc model for $flatten\u_sine.$sub$/workspace/src/sine_lut.sv:72$123 ($sub).
  creating $macc model for $sub$/workspace/src/wave_controller.sv:139$39 ($sub).
  creating $macc model for $sub$/workspace/src/wave_controller.sv:149$47 ($sub).
  creating $macc model for $sub$/workspace/src/wave_controller.sv:263$62 ($sub).
  creating $macc model for $sub$/workspace/src/wave_controller.sv:264$65 ($sub).
  creating $macc model for $sub$/workspace/src/wave_controller.sv:271$69 ($sub).
  creating $macc model for $sub$/workspace/src/wave_controller.sv:272$70 ($sub).
  creating $macc model for $sub$/workspace/src/wave_controller.sv:275$71 ($sub).
  creating $macc model for $sub$/workspace/src/wave_controller.sv:295$77 ($sub).
  creating $macc model for $sub$/workspace/src/wave_controller.sv:301$79 ($sub).
  creating $macc model for $sub$/workspace/src/wave_controller.sv:350$85 ($sub).
  merging $macc model for $add$/workspace/src/wave_controller.sv:264$67 into $sub$/workspace/src/wave_controller.sv:272$70.
  merging $macc model for $add$/workspace/src/wave_controller.sv:263$64 into $sub$/workspace/src/wave_controller.sv:271$69.
  creating $alu model for $macc $sub$/workspace/src/wave_controller.sv:295$77.
  creating $alu model for $macc $sub$/workspace/src/wave_controller.sv:275$71.
  creating $alu model for $macc $sub$/workspace/src/wave_controller.sv:264$65.
  creating $alu model for $macc $sub$/workspace/src/wave_controller.sv:263$62.
  creating $alu model for $macc $sub$/workspace/src/wave_controller.sv:149$47.
  creating $alu model for $macc $sub$/workspace/src/wave_controller.sv:139$39.
  creating $alu model for $macc $flatten\u_sine.$sub$/workspace/src/sine_lut.sv:72$123.
  creating $alu model for $macc $flatten\u_sine.$sub$/workspace/src/sine_lut.sv:29$119.
  creating $alu model for $macc $flatten\u_sine.$add$/workspace/src/sine_lut.sv:73$124.
  creating $alu model for $macc $add$/workspace/src/wave_controller.sv:86$27.
  creating $alu model for $macc $add$/workspace/src/wave_controller.sv:397$91.
  creating $alu model for $macc $add$/workspace/src/wave_controller.sv:343$84.
  creating $alu model for $macc $sub$/workspace/src/wave_controller.sv:301$79.
  creating $alu model for $macc $sub$/workspace/src/wave_controller.sv:350$85.
  creating $alu model for $macc $add$/workspace/src/wave_controller.sv:186$55.
  creating $macc cell for $sub$/workspace/src/wave_controller.sv:271$69: $auto$alumacc.cc:382:replace_macc$2026
  creating $macc cell for $sub$/workspace/src/wave_controller.sv:272$70: $auto$alumacc.cc:382:replace_macc$2027
  creating $alu model for $lt$/workspace/src/wave_controller.sv:146$44 ($lt): merged with $sub$/workspace/src/wave_controller.sv:149$47.
  creating $alu model for $lt$/workspace/src/wave_controller.sv:295$78 ($lt): new $alu
  creating $alu model for $lt$/workspace/src/wave_controller.sv:301$80 ($lt): new $alu
  creating $alu cell for $lt$/workspace/src/wave_controller.sv:301$80: $auto$alumacc.cc:512:replace_alu$2030
  creating $alu cell for $lt$/workspace/src/wave_controller.sv:295$78: $auto$alumacc.cc:512:replace_alu$2035
  creating $alu cell for $add$/workspace/src/wave_controller.sv:186$55: $auto$alumacc.cc:512:replace_alu$2040
  creating $alu cell for $sub$/workspace/src/wave_controller.sv:350$85: $auto$alumacc.cc:512:replace_alu$2043
  creating $alu cell for $sub$/workspace/src/wave_controller.sv:301$79: $auto$alumacc.cc:512:replace_alu$2046
  creating $alu cell for $add$/workspace/src/wave_controller.sv:343$84: $auto$alumacc.cc:512:replace_alu$2049
  creating $alu cell for $add$/workspace/src/wave_controller.sv:397$91: $auto$alumacc.cc:512:replace_alu$2052
  creating $alu cell for $add$/workspace/src/wave_controller.sv:86$27: $auto$alumacc.cc:512:replace_alu$2055
  creating $alu cell for $flatten\u_sine.$add$/workspace/src/sine_lut.sv:73$124: $auto$alumacc.cc:512:replace_alu$2058
  creating $alu cell for $flatten\u_sine.$sub$/workspace/src/sine_lut.sv:29$119: $auto$alumacc.cc:512:replace_alu$2061
  creating $alu cell for $flatten\u_sine.$sub$/workspace/src/sine_lut.sv:72$123: $auto$alumacc.cc:512:replace_alu$2064
  creating $alu cell for $sub$/workspace/src/wave_controller.sv:139$39: $auto$alumacc.cc:512:replace_alu$2067
  creating $alu cell for $sub$/workspace/src/wave_controller.sv:149$47, $lt$/workspace/src/wave_controller.sv:146$44: $auto$alumacc.cc:512:replace_alu$2070
  creating $alu cell for $sub$/workspace/src/wave_controller.sv:263$62: $auto$alumacc.cc:512:replace_alu$2075
  creating $alu cell for $sub$/workspace/src/wave_controller.sv:264$65: $auto$alumacc.cc:512:replace_alu$2078
  creating $alu cell for $sub$/workspace/src/wave_controller.sv:275$71: $auto$alumacc.cc:512:replace_alu$2081
  creating $alu cell for $sub$/workspace/src/wave_controller.sv:295$77: $auto$alumacc.cc:512:replace_alu$2084
  created 17 $alu and 2 $macc cells.

74. Executing SHARE pass (SAT-based resource sharing).

75. Executing OPT_EXPR pass (perform const folding).
Optimizing module analog_block.
Optimizing module analog_comp.
Optimizing module analog_readout.
Optimizing module analog_wave_mixer.
Optimizing module chip_core.
Optimizing module signal_processor.
Optimizing module spi_regs.
Optimizing module state_machine.
Optimizing module wave_controller.
<suppressed ~2 debug messages>

76. Executing OPT_MERGE pass (detect identical cells).
Finding identical cells in module `\analog_block'.
Computing hashes of 5 cells of `\analog_block'.
Finding duplicate cells in `\analog_block'.
Finding identical cells in module `\analog_comp'.
Computing hashes of 1 cells of `\analog_comp'.
Finding duplicate cells in `\analog_comp'.
Finding identical cells in module `\analog_readout'.
Computing hashes of 1 cells of `\analog_readout'.
Finding duplicate cells in `\analog_readout'.
Finding identical cells in module `\analog_wave_mixer'.
Computing hashes of 1 cells of `\analog_wave_mixer'.
Finding duplicate cells in `\analog_wave_mixer'.
Finding identical cells in module `\chip_core'.
Computing hashes of 12 cells of `\chip_core'.
Finding duplicate cells in `\chip_core'.
Finding identical cells in module `\signal_processor'.
Computing hashes of 89 cells of `\signal_processor'.
Finding duplicate cells in `\signal_processor'.
Finding identical cells in module `\spi_regs'.
Computing hashes of 190 cells of `\spi_regs'.
Finding duplicate cells in `\spi_regs'.
Finding identical cells in module `\state_machine'.
Computing hashes of 20 cells of `\state_machine'.
Finding duplicate cells in `\state_machine'.
Finding identical cells in module `\wave_controller'.
Computing hashes of 238 cells of `\wave_controller'.
Finding duplicate cells in `\wave_controller'.
Removed a total of 0 cells.

77. Executing OPT_MUXTREE pass (detect dead branches in mux trees).
Running muxtree optimizer on module \analog_block..
  Creating internal representation of mux trees.
  No muxes found in this module.
Running muxtree optimizer on module \analog_comp..
  Creating internal representation of mux trees.
  No muxes found in this module.
Running muxtree optimizer on module \analog_readout..
  Creating internal representation of mux trees.
  Evaluating internal representation of mux trees.
  Analyzing evaluation results.
Running muxtree optimizer on module \analog_wave_mixer..
  Creating internal representation of mux trees.
  No muxes found in this module.
Running muxtree optimizer on module \chip_core..
  Creating internal representation of mux trees.
  No muxes found in this module.
Running muxtree optimizer on module \signal_processor..
  Creating internal representation of mux trees.
  Evaluating internal representation of mux trees.
  Analyzing evaluation results.
Running muxtree optimizer on module \spi_regs..
  Creating internal representation of mux trees.
  Evaluating internal representation of mux trees.
  Analyzing evaluation results.
Running muxtree optimizer on module \state_machine..
  Creating internal representation of mux trees.
  Evaluating internal representation of mux trees.
  Analyzing evaluation results.
Running muxtree optimizer on module \wave_controller..
  Creating internal representation of mux trees.
  Evaluating internal representation of mux trees.
  Analyzing evaluation results.
Removed 0 multiplexer ports.
<suppressed ~260 debug messages>

78. Executing OPT_REDUCE pass (consolidate $*mux and $reduce_* inputs).
  Optimizing cells in module \analog_block.
  Optimizing cells in module \analog_comp.
  Optimizing cells in module \analog_readout.
  Optimizing cells in module \analog_wave_mixer.
  Optimizing cells in module \chip_core.
  Optimizing cells in module \signal_processor.
  Optimizing cells in module \spi_regs.
  Optimizing cells in module \state_machine.
  Optimizing cells in module \wave_controller.
Performed a total of 0 changes.

79. Executing OPT_MERGE pass (detect identical cells).
Finding identical cells in module `\analog_block'.
Computing hashes of 5 cells of `\analog_block'.
Finding duplicate cells in `\analog_block'.
Finding identical cells in module `\analog_comp'.
Computing hashes of 1 cells of `\analog_comp'.
Finding duplicate cells in `\analog_comp'.
Finding identical cells in module `\analog_readout'.
Computing hashes of 1 cells of `\analog_readout'.
Finding duplicate cells in `\analog_readout'.
Finding identical cells in module `\analog_wave_mixer'.
Computing hashes of 1 cells of `\analog_wave_mixer'.
Finding duplicate cells in `\analog_wave_mixer'.
Finding identical cells in module `\chip_core'.
Computing hashes of 12 cells of `\chip_core'.
Finding duplicate cells in `\chip_core'.
Finding identical cells in module `\signal_processor'.
Computing hashes of 89 cells of `\signal_processor'.
Finding duplicate cells in `\signal_processor'.
Finding identical cells in module `\spi_regs'.
Computing hashes of 190 cells of `\spi_regs'.
Finding duplicate cells in `\spi_regs'.
Finding identical cells in module `\state_machine'.
Computing hashes of 20 cells of `\state_machine'.
Finding duplicate cells in `\state_machine'.
Finding identical cells in module `\wave_controller'.
Computing hashes of 238 cells of `\wave_controller'.
Finding duplicate cells in `\wave_controller'.
Removed a total of 0 cells.

80. Executing OPT_DFF pass (perform DFF optimizations).

81. Executing OPT_CLEAN pass (remove unused cells and wires).
Finding unused cells or wires in module \analog_block..
Finding unused cells or wires in module \analog_comp..
Finding unused cells or wires in module \analog_readout..
Finding unused cells or wires in module \analog_wave_mixer..
Finding unused cells or wires in module \chip_core..
Finding unused cells or wires in module \signal_processor..
Finding unused cells or wires in module \spi_regs..
Finding unused cells or wires in module \state_machine..
Finding unused cells or wires in module \wave_controller..
Removed 2 unused cells and 7 unused wires.
<suppressed ~6 debug messages>

82. Executing OPT_EXPR pass (perform const folding).
Optimizing module analog_block.
Optimizing module analog_comp.
Optimizing module analog_readout.
Optimizing module analog_wave_mixer.
Optimizing module chip_core.
Optimizing module signal_processor.
Optimizing module spi_regs.
Optimizing module state_machine.
Optimizing module wave_controller.

83. Rerunning OPT passes. (Maybe there is more to do…)

84. Executing OPT_MUXTREE pass (detect dead branches in mux trees).
Running muxtree optimizer on module \analog_block..
  Creating internal representation of mux trees.
  No muxes found in this module.
Running muxtree optimizer on module \analog_comp..
  Creating internal representation of mux trees.
  No muxes found in this module.
Running muxtree optimizer on module \analog_readout..
  Creating internal representation of mux trees.
  Evaluating internal representation of mux trees.
  Analyzing evaluation results.
Running muxtree optimizer on module \analog_wave_mixer..
  Creating internal representation of mux trees.
  No muxes found in this module.
Running muxtree optimizer on module \chip_core..
  Creating internal representation of mux trees.
  No muxes found in this module.
Running muxtree optimizer on module \signal_processor..
  Creating internal representation of mux trees.
  Evaluating internal representation of mux trees.
  Analyzing evaluation results.
Running muxtree optimizer on module \spi_regs..
  Creating internal representation of mux trees.
  Evaluating internal representation of mux trees.
  Analyzing evaluation results.
Running muxtree optimizer on module \state_machine..
  Creating internal representation of mux trees.
  Evaluating internal representation of mux trees.
  Analyzing evaluation results.
Running muxtree optimizer on module \wave_controller..
  Creating internal representation of mux trees.
  Evaluating internal representation of mux trees.
  Analyzing evaluation results.
Removed 0 multiplexer ports.
<suppressed ~260 debug messages>

85. Executing OPT_REDUCE pass (consolidate $*mux and $reduce_* inputs).
  Optimizing cells in module \analog_block.
  Optimizing cells in module \analog_comp.
  Optimizing cells in module \analog_readout.
  Optimizing cells in module \analog_wave_mixer.
  Optimizing cells in module \chip_core.
  Optimizing cells in module \signal_processor.
  Optimizing cells in module \spi_regs.
  Optimizing cells in module \state_machine.
  Optimizing cells in module \wave_controller.
Performed a total of 0 changes.

86. Executing OPT_MERGE pass (detect identical cells).
Finding identical cells in module `\analog_block'.
Computing hashes of 5 cells of `\analog_block'.
Finding duplicate cells in `\analog_block'.
Finding identical cells in module `\analog_comp'.
Computing hashes of 1 cells of `\analog_comp'.
Finding duplicate cells in `\analog_comp'.
Finding identical cells in module `\analog_readout'.
Computing hashes of 1 cells of `\analog_readout'.
Finding duplicate cells in `\analog_readout'.
Finding identical cells in module `\analog_wave_mixer'.
Computing hashes of 1 cells of `\analog_wave_mixer'.
Finding duplicate cells in `\analog_wave_mixer'.
Finding identical cells in module `\chip_core'.
Computing hashes of 12 cells of `\chip_core'.
Finding duplicate cells in `\chip_core'.
Finding identical cells in module `\signal_processor'.
Computing hashes of 89 cells of `\signal_processor'.
Finding duplicate cells in `\signal_processor'.
Finding identical cells in module `\spi_regs'.
Computing hashes of 190 cells of `\spi_regs'.
Finding duplicate cells in `\spi_regs'.
Finding identical cells in module `\state_machine'.
Computing hashes of 20 cells of `\state_machine'.
Finding duplicate cells in `\state_machine'.
Finding identical cells in module `\wave_controller'.
Computing hashes of 236 cells of `\wave_controller'.
Finding duplicate cells in `\wave_controller'.
Removed a total of 0 cells.

87. Executing OPT_DFF pass (perform DFF optimizations).

88. Executing OPT_CLEAN pass (remove unused cells and wires).
Finding unused cells or wires in module \analog_block..
Finding unused cells or wires in module \analog_comp..
Finding unused cells or wires in module \analog_readout..
Finding unused cells or wires in module \analog_wave_mixer..
Finding unused cells or wires in module \chip_core..
Finding unused cells or wires in module \signal_processor..
Finding unused cells or wires in module \spi_regs..
Finding unused cells or wires in module \state_machine..
Finding unused cells or wires in module \wave_controller..

89. Executing OPT_EXPR pass (perform const folding).
Optimizing module analog_block.
Optimizing module analog_comp.
Optimizing module analog_readout.
Optimizing module analog_wave_mixer.
Optimizing module chip_core.
Optimizing module signal_processor.
Optimizing module spi_regs.
Optimizing module state_machine.
Optimizing module wave_controller.

90. Executing MEMORY pass.

90.1. Executing OPT_MEM pass (optimize memories).
Performed a total of 0 transformations.

90.2. Executing OPT_MEM_PRIORITY pass (removing unnecessary memory write priority relations).
Performed a total of 0 transformations.

90.3. Executing OPT_MEM_FEEDBACK pass (finding memory read-to-write feedback paths).

90.4. Executing MEMORY_BMUX2ROM pass (converting muxes to ROMs).

90.5. Executing MEMORY_DFF pass (merging $dff cells to $memrd).
Checking read port `$flatten\u_sine.$auto$proc_rom.cc:155:do_switch$126'[0] in module `\wave_controller': no output FF found.
Checking read port address `$flatten\u_sine.$auto$proc_rom.cc:155:do_switch$126'[0] in module `\wave_controller': no address FF found.

90.6. Executing OPT_CLEAN pass (remove unused cells and wires).
Finding unused cells or wires in module \analog_block..
Finding unused cells or wires in module \analog_comp..
Finding unused cells or wires in module \analog_readout..
Finding unused cells or wires in module \analog_wave_mixer..
Finding unused cells or wires in module \chip_core..
Finding unused cells or wires in module \signal_processor..
Finding unused cells or wires in module \spi_regs..
Finding unused cells or wires in module \state_machine..
Finding unused cells or wires in module \wave_controller..

90.7. Executing MEMORY_SHARE pass (consolidating $memrd/$memwr cells).

90.8. Executing OPT_MEM_WIDEN pass (optimize memories where all ports are wide).
Performed a total of 0 transformations.

90.9. Executing OPT_CLEAN pass (remove unused cells and wires).
Finding unused cells or wires in module \analog_block..
Finding unused cells or wires in module \analog_comp..
Finding unused cells or wires in module \analog_readout..
Finding unused cells or wires in module \analog_wave_mixer..
Finding unused cells or wires in module \chip_core..
Finding unused cells or wires in module \signal_processor..
Finding unused cells or wires in module \spi_regs..
Finding unused cells or wires in module \state_machine..
Finding unused cells or wires in module \wave_controller..

90.10. Executing MEMORY_COLLECT pass (generating $mem cells).

91. Executing OPT_CLEAN pass (remove unused cells and wires).
Finding unused cells or wires in module \analog_block..
Finding unused cells or wires in module \analog_comp..
Finding unused cells or wires in module \analog_readout..
Finding unused cells or wires in module \analog_wave_mixer..
Finding unused cells or wires in module \chip_core..
Finding unused cells or wires in module \signal_processor..
Finding unused cells or wires in module \spi_regs..
Finding unused cells or wires in module \state_machine..
Finding unused cells or wires in module \wave_controller..

92. Executing OPT_EXPR pass (perform const folding).
Optimizing module analog_block.
Optimizing module analog_comp.
Optimizing module analog_readout.
<suppressed ~1 debug messages>
Optimizing module analog_wave_mixer.
Optimizing module chip_core.
Optimizing module signal_processor.
<suppressed ~29 debug messages>
Optimizing module spi_regs.
<suppressed ~10 debug messages>
Optimizing module state_machine.
<suppressed ~7 debug messages>
Optimizing module wave_controller.
<suppressed ~79 debug messages>

93. Executing OPT_MERGE pass (detect identical cells).
Finding identical cells in module `\analog_block'.
Computing hashes of 5 cells of `\analog_block'.
Finding duplicate cells in `\analog_block'.
Finding identical cells in module `\analog_comp'.
Computing hashes of 1 cells of `\analog_comp'.
Finding duplicate cells in `\analog_comp'.
Finding identical cells in module `\analog_readout'.
Computing hashes of 1 cells of `\analog_readout'.
Finding duplicate cells in `\analog_readout'.
Finding identical cells in module `\analog_wave_mixer'.
Computing hashes of 1 cells of `\analog_wave_mixer'.
Finding duplicate cells in `\analog_wave_mixer'.
Finding identical cells in module `\chip_core'.
Computing hashes of 12 cells of `\chip_core'.
Finding duplicate cells in `\chip_core'.
Finding identical cells in module `\signal_processor'.
Computing hashes of 70 cells of `\signal_processor'.
Finding duplicate cells in `\signal_processor'.
Finding identical cells in module `\spi_regs'.
Computing hashes of 186 cells of `\spi_regs'.
Finding duplicate cells in `\spi_regs'.
Finding identical cells in module `\state_machine'.
Computing hashes of 14 cells of `\state_machine'.
Finding duplicate cells in `\state_machine'.
Finding identical cells in module `\wave_controller'.
Computing hashes of 190 cells of `\wave_controller'.
Finding duplicate cells in `\wave_controller'.
Computing hashes of 189 cells of `\wave_controller'.
Finding duplicate cells in `\wave_controller'.
<suppressed ~3 debug messages>
Removed a total of 1 cells.

94. Executing OPT_DFF pass (perform DFF optimizations).

95. Executing OPT_CLEAN pass (remove unused cells and wires).
Finding unused cells or wires in module \analog_block..
Finding unused cells or wires in module \analog_comp..
Finding unused cells or wires in module \analog_readout..
Finding unused cells or wires in module \analog_wave_mixer..
Finding unused cells or wires in module \chip_core..
Finding unused cells or wires in module \signal_processor..
Finding unused cells or wires in module \spi_regs..
Finding unused cells or wires in module \state_machine..
Finding unused cells or wires in module \wave_controller..
Removed 2 unused cells and 90 unused wires.
<suppressed ~6 debug messages>

96. Executing MEMORY_MAP pass (converting memories to logic and flip-flops).
Mapping memory $flatten\u_sine.$auto$proc_rom.cc:155:do_switch$126 in module \wave_controller:
  created 64 $dff cells and 0 static cells of width 7.
  read interface: 0 $dff and 63 $mux cells.
  write interface: 0 write mux blocks.

97. Executing OPT_EXPR pass (perform const folding).
Optimizing module analog_block.
Optimizing module analog_comp.
Optimizing module analog_readout.
Optimizing module analog_wave_mixer.
Optimizing module chip_core.
Optimizing module signal_processor.
<suppressed ~1 debug messages>
Optimizing module spi_regs.
<suppressed ~1 debug messages>
Optimizing module state_machine.
Optimizing module wave_controller.
<suppressed ~9 debug messages>

98. Executing OPT_MERGE pass (detect identical cells).
Finding identical cells in module `\analog_block'.
Computing hashes of 5 cells of `\analog_block'.
Finding duplicate cells in `\analog_block'.
Finding identical cells in module `\analog_comp'.
Computing hashes of 1 cells of `\analog_comp'.
Finding duplicate cells in `\analog_comp'.
Finding identical cells in module `\analog_readout'.
Computing hashes of 1 cells of `\analog_readout'.
Finding duplicate cells in `\analog_readout'.
Finding identical cells in module `\analog_wave_mixer'.
Computing hashes of 1 cells of `\analog_wave_mixer'.
Finding duplicate cells in `\analog_wave_mixer'.
Finding identical cells in module `\chip_core'.
Computing hashes of 12 cells of `\chip_core'.
Finding duplicate cells in `\chip_core'.
Finding identical cells in module `\signal_processor'.
Computing hashes of 70 cells of `\signal_processor'.
Finding duplicate cells in `\signal_processor'.
Finding identical cells in module `\spi_regs'.
Computing hashes of 186 cells of `\spi_regs'.
Finding duplicate cells in `\spi_regs'.
Computing hashes of 185 cells of `\spi_regs'.
Finding duplicate cells in `\spi_regs'.
<suppressed ~3 debug messages>
Finding identical cells in module `\state_machine'.
Computing hashes of 14 cells of `\state_machine'.
Finding duplicate cells in `\state_machine'.
Finding identical cells in module `\wave_controller'.
Computing hashes of 243 cells of `\wave_controller'.
Finding duplicate cells in `\wave_controller'.
Computing hashes of 241 cells of `\wave_controller'.
Finding duplicate cells in `\wave_controller'.
<suppressed ~6 debug messages>
Removed a total of 3 cells.

99. Executing OPT_MUXTREE pass (detect dead branches in mux trees).
Running muxtree optimizer on module \analog_block..
  Creating internal representation of mux trees.
  No muxes found in this module.
Running muxtree optimizer on module \analog_comp..
  Creating internal representation of mux trees.
  No muxes found in this module.
Running muxtree optimizer on module \analog_readout..
  Creating internal representation of mux trees.
  No muxes found in this module.
Running muxtree optimizer on module \analog_wave_mixer..
  Creating internal representation of mux trees.
  No muxes found in this module.
Running muxtree optimizer on module \chip_core..
  Creating internal representation of mux trees.
  No muxes found in this module.
Running muxtree optimizer on module \signal_processor..
  Creating internal representation of mux trees.
  Evaluating internal representation of mux trees.
  Analyzing evaluation results.
Running muxtree optimizer on module \spi_regs..
  Creating internal representation of mux trees.
  Evaluating internal representation of mux trees.
  Analyzing evaluation results.
Running muxtree optimizer on module \state_machine..
  Creating internal representation of mux trees.
  Evaluating internal representation of mux trees.
  Analyzing evaluation results.
Running muxtree optimizer on module \wave_controller..
  Creating internal representation of mux trees.
  Evaluating internal representation of mux trees.
  Analyzing evaluation results.
Removed 0 multiplexer ports.
<suppressed ~169 debug messages>

100. Executing OPT_REDUCE pass (consolidate $*mux and $reduce_* inputs).
  Optimizing cells in module \analog_block.
  Optimizing cells in module \analog_comp.
  Optimizing cells in module \analog_readout.
  Optimizing cells in module \analog_wave_mixer.
  Optimizing cells in module \chip_core.
  Optimizing cells in module \signal_processor.
  Optimizing cells in module \spi_regs.
  Optimizing cells in module \state_machine.
    Consolidated identical input bits for $mux cell $procmux$717:
      Old ports: A=3'010, B=3'100, Y=$4\state_d[2:0]
      New ports: A=2'01, B=2'10, Y=$4\state_d[2:0] [2:1]
      New connections: $4\state_d[2:0] [0] = 1'0
  Optimizing cells in module \state_machine.
  Optimizing cells in module \wave_controller.
    Consolidated identical input bits for $mux cell $memory$flatten\u_sine.$auto$proc_rom.cc:155:do_switch$126$rdmux[0][5][22]$2266:
      Old ports: A=7'1110001, B=7'1110010, Y=$memory$flatten\u_sine.$auto$proc_rom.cc:155:do_switch$126$rdmux[0][4][11]$a$2186
      New ports: A=2'01, B=2'10, Y=$memory$flatten\u_sine.$auto$proc_rom.cc:155:do_switch$126$rdmux[0][4][11]$a$2186 [1:0]
      New connections: $memory$flatten\u_sine.$auto$proc_rom.cc:155:do_switch$126$rdmux[0][4][11]$a$2186 [6:2] = 5'11100
    Consolidated identical input bits for $mux cell $memory$flatten\u_sine.$auto$proc_rom.cc:155:do_switch$126$rdmux[0][5][21]$2263:
      Old ports: A=7'1101110, B=7'1101111, Y=$memory$flatten\u_sine.$auto$proc_rom.cc:155:do_switch$126$rdmux[0][4][10]$b$2184
      New ports: A=1'0, B=1'1, Y=$memory$flatten\u_sine.$auto$proc_rom.cc:155:do_switch$126$rdmux[0][4][10]$b$2184 [0]
      New connections: $memory$flatten\u_sine.$auto$proc_rom.cc:155:do_switch$126$rdmux[0][4][10]$b$2184 [6:1] = 6'110111
    Consolidated identical input bits for $mux cell $memory$flatten\u_sine.$auto$proc_rom.cc:155:do_switch$126$rdmux[0][5][20]$2260:
      Old ports: A=7'1101010, B=7'1101100, Y=$memory$flatten\u_sine.$auto$proc_rom.cc:155:do_switch$126$rdmux[0][4][10]$a$2183
      New ports: A=2'01, B=2'10, Y=$memory$flatten\u_sine.$auto$proc_rom.cc:155:do_switch$126$rdmux[0][4][10]$a$2183 [2:1]
      New connections: { $memory$flatten\u_sine.$auto$proc_rom.cc:155:do_switch$126$rdmux[0][4][10]$a$2183 [6:3] $memory$flatten\u_sine.$auto$proc_rom.cc:155:do_switch$126$rdmux[0][4][10]$a$2183 [0] } = 5'11010
    Consolidated identical input bits for $mux cell $memory$flatten\u_sine.$auto$proc_rom.cc:155:do_switch$126$rdmux[0][5][19]$2257:
      Old ports: A=7'1100111, B=7'1101001, Y=$memory$flatten\u_sine.$auto$proc_rom.cc:155:do_switch$126$rdmux[0][4][9]$b$2181
      New ports: A=2'01, B=2'10, Y={ $memory$flatten\u_sine.$auto$proc_rom.cc:155:do_switch$126$rdmux[0][4][9]$b$2181 [3] $memory$flatten\u_sine.$auto$proc_rom.cc:155:do_switch$126$rdmux[0][4][9]$b$2181 [1] }
      New connections: { $memory$flatten\u_sine.$auto$proc_rom.cc:155:do_switch$126$rdmux[0][4][9]$b$2181 [6:4] $memory$flatten\u_sine.$auto$proc_rom.cc:155:do_switch$126$rdmux[0][4][9]$b$2181 [2] $memory$flatten\u_sine.$auto$proc_rom.cc:155:do_switch$126$rdmux[0][4][9]$b$2181 [0] } = { 3'110 $memory$flatten\u_sine.$auto$proc_rom.cc:155:do_switch$126$rdmux[0][4][9]$b$2181 [1] 1'1 }
    Consolidated identical input bits for $mux cell $memory$flatten\u_sine.$auto$proc_rom.cc:155:do_switch$126$rdmux[0][5][18]$2254:
      Old ports: A=7'1100011, B=7'1100101, Y=$memory$flatten\u_sine.$auto$proc_rom.cc:155:do_switch$126$rdmux[0][4][9]$a$2180
      New ports: A=2'01, B=2'10, Y=$memory$flatten\u_sine.$auto$proc_rom.cc:155:do_switch$126$rdmux[0][4][9]$a$2180 [2:1]
      New connections: { $memory$flatten\u_sine.$auto$proc_rom.cc:155:do_switch$126$rdmux[0][4][9]$a$2180 [6:3] $memory$flatten\u_sine.$auto$proc_rom.cc:155:do_switch$126$rdmux[0][4][9]$a$2180 [0] } = 5'11001
    Consolidated identical input bits for $mux cell $memory$flatten\u_sine.$auto$proc_rom.cc:155:do_switch$126$rdmux[0][5][17]$2251:
      Old ports: A=7'1011111, B=7'1100001, Y=$memory$flatten\u_sine.$auto$proc_rom.cc:155:do_switch$126$rdmux[0][4][8]$b$2178
      New ports: A=2'01, B=2'10, Y={ $memory$flatten\u_sine.$auto$proc_rom.cc:155:do_switch$126$rdmux[0][4][8]$b$2178 [5] $memory$flatten\u_sine.$auto$proc_rom.cc:155:do_switch$126$rdmux[0][4][8]$b$2178 [1] }
      New connections: { $memory$flatten\u_sine.$auto$proc_rom.cc:155:do_switch$126$rdmux[0][4][8]$b$2178 [6] $memory$flatten\u_sine.$auto$proc_rom.cc:155:do_switch$126$rdmux[0][4][8]$b$2178 [4:2] $memory$flatten\u_sine.$auto$proc_rom.cc:155:do_switch$126$rdmux[0][4][8]$b$2178 [0] } = { 1'1 $memory$flatten\u_sine.$auto$proc_rom.cc:155:do_switch$126$rdmux[0][4][8]$b$2178 [1] $memory$flatten\u_sine.$auto$proc_rom.cc:155:do_switch$126$rdmux[0][4][8]$b$2178 [1] $memory$flatten\u_sine.$auto$proc_rom.cc:155:do_switch$126$rdmux[0][4][8]$b$2178 [1] 1'1 }
    Consolidated identical input bits for $mux cell $memory$flatten\u_sine.$auto$proc_rom.cc:155:do_switch$126$rdmux[0][5][16]$2248:
      Old ports: A=7'1011011, B=7'1011101, Y=$memory$flatten\u_sine.$auto$proc_rom.cc:155:do_switch$126$rdmux[0][4][8]$a$2177
      New ports: A=2'01, B=2'10, Y=$memory$flatten\u_sine.$auto$proc_rom.cc:155:do_switch$126$rdmux[0][4][8]$a$2177 [2:1]
      New connections: { $memory$flatten\u_sine.$auto$proc_rom.cc:155:do_switch$126$rdmux[0][4][8]$a$2177 [6:3] $memory$flatten\u_sine.$auto$proc_rom.cc:155:do_switch$126$rdmux[0][4][8]$a$2177 [0] } = 5'10111
    Consolidated identical input bits for $mux cell $memory$flatten\u_sine.$auto$proc_rom.cc:155:do_switch$126$rdmux[0][5][15]$2245:
      Old ports: A=7'1010110, B=7'1011001, Y=$memory$flatten\u_sine.$auto$proc_rom.cc:155:do_switch$126$rdmux[0][4][7]$b$2175
      New ports: A=2'10, B=2'01, Y=$memory$flatten\u_sine.$auto$proc_rom.cc:155:do_switch$126$rdmux[0][4][7]$b$2175 [1:0]
      New connections: $memory$flatten\u_sine.$auto$proc_rom.cc:155:do_switch$126$rdmux[0][4][7]$b$2175 [6:2] = { 3'101 $memory$flatten\u_sine.$auto$proc_rom.cc:155:do_switch$126$rdmux[0][4][7]$b$2175 [0] $memory$flatten\u_sine.$auto$proc_rom.cc:155:do_switch$126$rdmux[0][4][7]$b$2175 [1] }
    Consolidated identical input bits for $mux cell $memory$flatten\u_sine.$auto$proc_rom.cc:155:do_switch$126$rdmux[0][5][14]$2242:
      Old ports: A=7'1010010, B=7'1010100, Y=$memory$flatten\u_sine.$auto$proc_rom.cc:155:do_switch$126$rdmux[0][4][7]$a$2174
      New ports: A=2'01, B=2'10, Y=$memory$flatten\u_sine.$auto$proc_rom.cc:155:do_switch$126$rdmux[0][4][7]$a$2174 [2:1]
      New connections: { $memory$flatten\u_sine.$auto$proc_rom.cc:155:do_switch$126$rdmux[0][4][7]$a$2174 [6:3] $memory$flatten\u_sine.$auto$proc_rom.cc:155:do_switch$126$rdmux[0][4][7]$a$2174 [0] } = 5'10100
    Consolidated identical input bits for $mux cell $memory$flatten\u_sine.$auto$proc_rom.cc:155:do_switch$126$rdmux[0][5][13]$2239:
      Old ports: A=7'1001101, B=7'1001111, Y=$memory$flatten\u_sine.$auto$proc_rom.cc:155:do_switch$126$rdmux[0][4][6]$b$2172
      New ports: A=1'0, B=1'1, Y=$memory$flatten\u_sine.$auto$proc_rom.cc:155:do_switch$126$rdmux[0][4][6]$b$2172 [1]
      New connections: { $memory$flatten\u_sine.$auto$proc_rom.cc:155:do_switch$126$rdmux[0][4][6]$b$2172 [6:2] $memory$flatten\u_sine.$auto$proc_rom.cc:155:do_switch$126$rdmux[0][4][6]$b$2172 [0] } = 6'100111
    Consolidated identical input bits for $mux cell $memory$flatten\u_sine.$auto$proc_rom.cc:155:do_switch$126$rdmux[0][5][12]$2236:
      Old ports: A=7'1001000, B=7'1001010, Y=$memory$flatten\u_sine.$auto$proc_rom.cc:155:do_switch$126$rdmux[0][4][6]$a$2171
      New ports: A=1'0, B=1'1, Y=$memory$flatten\u_sine.$auto$proc_rom.cc:155:do_switch$126$rdmux[0][4][6]$a$2171 [1]
      New connections: { $memory$flatten\u_sine.$auto$proc_rom.cc:155:do_switch$126$rdmux[0][4][6]$a$2171 [6:2] $memory$flatten\u_sine.$auto$proc_rom.cc:155:do_switch$126$rdmux[0][4][6]$a$2171 [0] } = 6'100100
    Consolidated identical input bits for $mux cell $memory$flatten\u_sine.$auto$proc_rom.cc:155:do_switch$126$rdmux[0][5][11]$2233:
      Old ports: A=7'1000011, B=7'1000101, Y=$memory$flatten\u_sine.$auto$proc_rom.cc:155:do_switch$126$rdmux[0][4][5]$b$2169
      New ports: A=2'01, B=2'10, Y=$memory$flatten\u_sine.$auto$proc_rom.cc:155:do_switch$126$rdmux[0][4][5]$b$2169 [2:1]
      New connections: { $memory$flatten\u_sine.$auto$proc_rom.cc:155:do_switch$126$rdmux[0][4][5]$b$2169 [6:3] $memory$flatten\u_sine.$auto$proc_rom.cc:155:do_switch$126$rdmux[0][4][5]$b$2169 [0] } = 5'10001
    Consolidated identical input bits for $mux cell $memory$flatten\u_sine.$auto$proc_rom.cc:155:do_switch$126$rdmux[0][5][10]$2230:
      Old ports: A=7'0111101, B=7'1000000, Y=$memory$flatten\u_sine.$auto$proc_rom.cc:155:do_switch$126$rdmux[0][4][5]$a$2168
      New ports: A=2'01, B=2'10, Y={ $memory$flatten\u_sine.$auto$proc_rom.cc:155:do_switch$126$rdmux[0][4][5]$a$2168 [6] $memory$flatten\u_sine.$auto$proc_rom.cc:155:do_switch$126$rdmux[0][4][5]$a$2168 [0] }
      New connections: $memory$flatten\u_sine.$auto$proc_rom.cc:155:do_switch$126$rdmux[0][4][5]$a$2168 [5:1] = { $memory$flatten\u_sine.$auto$proc_rom.cc:155:do_switch$126$rdmux[0][4][5]$a$2168 [0] $memory$flatten\u_sine.$auto$proc_rom.cc:155:do_switch$126$rdmux[0][4][5]$a$2168 [0] $memory$flatten\u_sine.$auto$proc_rom.cc:155:do_switch$126$rdmux[0][4][5]$a$2168 [0] $memory$flatten\u_sine.$auto$proc_rom.cc:155:do_switch$126$rdmux[0][4][5]$a$2168 [0] 1'0 }
    Consolidated identical input bits for $mux cell $memory$flatten\u_sine.$auto$proc_rom.cc:155:do_switch$126$rdmux[0][5][9]$2227:
      Old ports: A=7'0111000, B=7'0111010, Y=$memory$flatten\u_sine.$auto$proc_rom.cc:155:do_switch$126$rdmux[0][4][4]$b$2166
      New ports: A=1'0, B=1'1, Y=$memory$flatten\u_sine.$auto$proc_rom.cc:155:do_switch$126$rdmux[0][4][4]$b$2166 [1]
      New connections: { $memory$flatten\u_sine.$auto$proc_rom.cc:155:do_switch$126$rdmux[0][4][4]$b$2166 [6:2] $memory$flatten\u_sine.$auto$proc_rom.cc:155:do_switch$126$rdmux[0][4][4]$b$2166 [0] } = 6'011100
    Consolidated identical input bits for $mux cell $memory$flatten\u_sine.$auto$proc_rom.cc:155:do_switch$126$rdmux[0][5][8]$2224:
      Old ports: A=7'0110010, B=7'0110101, Y=$memory$flatten\u_sine.$auto$proc_rom.cc:155:do_switch$126$rdmux[0][4][4]$a$2165
      New ports: A=2'10, B=2'01, Y=$memory$flatten\u_sine.$auto$proc_rom.cc:155:do_switch$126$rdmux[0][4][4]$a$2165 [1:0]
      New connections: $memory$flatten\u_sine.$auto$proc_rom.cc:155:do_switch$126$rdmux[0][4][4]$a$2165 [6:2] = { 4'0110 $memory$flatten\u_sine.$auto$proc_rom.cc:155:do_switch$126$rdmux[0][4][4]$a$2165 [0] }
    Consolidated identical input bits for $mux cell $memory$flatten\u_sine.$auto$proc_rom.cc:155:do_switch$126$rdmux[0][5][7]$2221:
      Old ports: A=7'0101100, B=7'0101111, Y=$memory$flatten\u_sine.$auto$proc_rom.cc:155:do_switch$126$rdmux[0][4][3]$b$2163
      New ports: A=1'0, B=1'1, Y=$memory$flatten\u_sine.$auto$proc_rom.cc:155:do_switch$126$rdmux[0][4][3]$b$2163 [0]
      New connections: $memory$flatten\u_sine.$auto$proc_rom.cc:155:do_switch$126$rdmux[0][4][3]$b$2163 [6:1] = { 5'01011 $memory$flatten\u_sine.$auto$proc_rom.cc:155:do_switch$126$rdmux[0][4][3]$b$2163 [0] }
    Consolidated identical input bits for $mux cell $memory$flatten\u_sine.$auto$proc_rom.cc:155:do_switch$126$rdmux[0][5][6]$2218:
      Old ports: A=7'0100110, B=7'0101001, Y=$memory$flatten\u_sine.$auto$proc_rom.cc:155:do_switch$126$rdmux[0][4][3]$a$2162
      New ports: A=2'10, B=2'01, Y=$memory$flatten\u_sine.$auto$proc_rom.cc:155:do_switch$126$rdmux[0][4][3]$a$2162 [1:0]
      New connections: $memory$flatten\u_sine.$auto$proc_rom.cc:155:do_switch$126$rdmux[0][4][3]$a$2162 [6:2] = { 3'010 $memory$flatten\u_sine.$auto$proc_rom.cc:155:do_switch$126$rdmux[0][4][3]$a$2162 [0] $memory$flatten\u_sine.$auto$proc_rom.cc:155:do_switch$126$rdmux[0][4][3]$a$2162 [1] }
    Consolidated identical input bits for $mux cell $memory$flatten\u_sine.$auto$proc_rom.cc:155:do_switch$126$rdmux[0][5][5]$2215:
      Old ports: A=7'0100000, B=7'0100011, Y=$memory$flatten\u_sine.$auto$proc_rom.cc:155:do_switch$126$rdmux[0][4][2]$b$2160
      New ports: A=1'0, B=1'1, Y=$memory$flatten\u_sine.$auto$proc_rom.cc:155:do_switch$126$rdmux[0][4][2]$b$2160 [0]
      New connections: $memory$flatten\u_sine.$auto$proc_rom.cc:155:do_switch$126$rdmux[0][4][2]$b$2160 [6:1] = { 5'01000 $memory$flatten\u_sine.$auto$proc_rom.cc:155:do_switch$126$rdmux[0][4][2]$b$2160 [0] }
    Consolidated identical input bits for $mux cell $memory$flatten\u_sine.$auto$proc_rom.cc:155:do_switch$126$rdmux[0][5][4]$2212:
      Old ports: A=7'0011010, B=7'0011101, Y=$memory$flatten\u_sine.$auto$proc_rom.cc:155:do_switch$126$rdmux[0][4][2]$a$2159
      New ports: A=2'10, B=2'01, Y=$memory$flatten\u_sine.$auto$proc_rom.cc:155:do_switch$126$rdmux[0][4][2]$a$2159 [1:0]
      New connections: $memory$flatten\u_sine.$auto$proc_rom.cc:155:do_switch$126$rdmux[0][4][2]$a$2159 [6:2] = { 4'0011 $memory$flatten\u_sine.$auto$proc_rom.cc:155:do_switch$126$rdmux[0][4][2]$a$2159 [0] }
    Consolidated identical input bits for $mux cell $memory$flatten\u_sine.$auto$proc_rom.cc:155:do_switch$126$rdmux[0][5][3]$2209:
      Old ports: A=7'0010100, B=7'0010111, Y=$memory$flatten\u_sine.$auto$proc_rom.cc:155:do_switch$126$rdmux[0][4][1]$b$2157
      New ports: A=1'0, B=1'1, Y=$memory$flatten\u_sine.$auto$proc_rom.cc:155:do_switch$126$rdmux[0][4][1]$b$2157 [0]
      New connections: $memory$flatten\u_sine.$auto$proc_rom.cc:155:do_switch$126$rdmux[0][4][1]$b$2157 [6:1] = { 5'00101 $memory$flatten\u_sine.$auto$proc_rom.cc:155:do_switch$126$rdmux[0][4][1]$b$2157 [0] }
    Consolidated identical input bits for $mux cell $memory$flatten\u_sine.$auto$proc_rom.cc:155:do_switch$126$rdmux[0][5][2]$2206:
      Old ports: A=7'0001110, B=7'0010001, Y=$memory$flatten\u_sine.$auto$proc_rom.cc:155:do_switch$126$rdmux[0][4][1]$a$2156
      New ports: A=2'10, B=2'01, Y=$memory$flatten\u_sine.$auto$proc_rom.cc:155:do_switch$126$rdmux[0][4][1]$a$2156 [1:0]
      New connections: $memory$flatten\u_sine.$auto$proc_rom.cc:155:do_switch$126$rdmux[0][4][1]$a$2156 [6:2] = { 2'00 $memory$flatten\u_sine.$auto$proc_rom.cc:155:do_switch$126$rdmux[0][4][1]$a$2156 [0] $memory$flatten\u_sine.$auto$proc_rom.cc:155:do_switch$126$rdmux[0][4][1]$a$2156 [1] $memory$flatten\u_sine.$auto$proc_rom.cc:155:do_switch$126$rdmux[0][4][1]$a$2156 [1] }
    Consolidated identical input bits for $mux cell $memory$flatten\u_sine.$auto$proc_rom.cc:155:do_switch$126$rdmux[0][5][1]$2203:
      Old ports: A=7'0001000, B=7'0001011, Y=$memory$flatten\u_sine.$auto$proc_rom.cc:155:do_switch$126$rdmux[0][4][0]$b$2154
      New ports: A=1'0, B=1'1, Y=$memory$flatten\u_sine.$auto$proc_rom.cc:155:do_switch$126$rdmux[0][4][0]$b$2154 [0]
      New connections: $memory$flatten\u_sine.$auto$proc_rom.cc:155:do_switch$126$rdmux[0][4][0]$b$2154 [6:1] = { 5'00010 $memory$flatten\u_sine.$auto$proc_rom.cc:155:do_switch$126$rdmux[0][4][0]$b$2154 [0] }
    Consolidated identical input bits for $mux cell $memory$flatten\u_sine.$auto$proc_rom.cc:155:do_switch$126$rdmux[0][5][0]$2200:
      Old ports: A=7'0000010, B=7'0000101, Y=$memory$flatten\u_sine.$auto$proc_rom.cc:155:do_switch$126$rdmux[0][4][0]$a$2153
      New ports: A=2'10, B=2'01, Y=$memory$flatten\u_sine.$auto$proc_rom.cc:155:do_switch$126$rdmux[0][4][0]$a$2153 [1:0]
      New connections: $memory$flatten\u_sine.$auto$proc_rom.cc:155:do_switch$126$rdmux[0][4][0]$a$2153 [6:2] = { 4'0000 $memory$flatten\u_sine.$auto$proc_rom.cc:155:do_switch$126$rdmux[0][4][0]$a$2153 [0] }
    Consolidated identical input bits for $mux cell $memory$flatten\u_sine.$auto$proc_rom.cc:155:do_switch$126$rdmux[0][5][26]$2278:
      Old ports: A=7'1111010, B=7'1111011, Y=$memory$flatten\u_sine.$auto$proc_rom.cc:155:do_switch$126$rdmux[0][4][13]$a$2192
      New ports: A=1'0, B=1'1, Y=$memory$flatten\u_sine.$auto$proc_rom.cc:155:do_switch$126$rdmux[0][4][13]$a$2192 [0]
      New connections: $memory$flatten\u_sine.$auto$proc_rom.cc:155:do_switch$126$rdmux[0][4][13]$a$2192 [6:1] = 6'111101
    Consolidated identical input bits for $mux cell $memory$flatten\u_sine.$auto$proc_rom.cc:155:do_switch$126$rdmux[0][4][14]$2194:
      Old ports: A=7'1111101, B=7'1111110, Y=$memory$flatten\u_sine.$auto$proc_rom.cc:155:do_switch$126$rdmux[0][3][7]$a$2150
      New ports: A=2'01, B=2'10, Y=$memory$flatten\u_sine.$auto$proc_rom.cc:155:do_switch$126$rdmux[0][3][7]$a$2150 [1:0]
      New connections: $memory$flatten\u_sine.$auto$proc_rom.cc:155:do_switch$126$rdmux[0][3][7]$a$2150 [6:2] = 5'11111
    Consolidated identical input bits for $mux cell $memory$flatten\u_sine.$auto$proc_rom.cc:155:do_switch$126$rdmux[0][5][25]$2275:
      Old ports: A=7'1111000, B=7'1111001, Y=$memory$flatten\u_sine.$auto$proc_rom.cc:155:do_switch$126$rdmux[0][4][12]$b$2190
      New ports: A=1'0, B=1'1, Y=$memory$flatten\u_sine.$auto$proc_rom.cc:155:do_switch$126$rdmux[0][4][12]$b$2190 [0]
      New connections: $memory$flatten\u_sine.$auto$proc_rom.cc:155:do_switch$126$rdmux[0][4][12]$b$2190 [6:1] = 6'111100
    Consolidated identical input bits for $mux cell $memory$flatten\u_sine.$auto$proc_rom.cc:155:do_switch$126$rdmux[0][5][24]$2272:
      Old ports: A=7'1110110, B=7'1110111, Y=$memory$flatten\u_sine.$auto$proc_rom.cc:155:do_switch$126$rdmux[0][4][12]$a$2189
      New ports: A=1'0, B=1'1, Y=$memory$flatten\u_sine.$auto$proc_rom.cc:155:do_switch$126$rdmux[0][4][12]$a$2189 [0]
      New connections: $memory$flatten\u_sine.$auto$proc_rom.cc:155:do_switch$126$rdmux[0][4][12]$a$2189 [6:1] = 6'111011
    Consolidated identical input bits for $mux cell $memory$flatten\u_sine.$auto$proc_rom.cc:155:do_switch$126$rdmux[0][5][23]$2269:
      Old ports: A=7'1110011, B=7'1110101, Y=$memory$flatten\u_sine.$auto$proc_rom.cc:155:do_switch$126$rdmux[0][4][11]$b$2187
      New ports: A=2'01, B=2'10, Y=$memory$flatten\u_sine.$auto$proc_rom.cc:155:do_switch$126$rdmux[0][4][11]$b$2187 [2:1]
      New connections: { $memory$flatten\u_sine.$auto$proc_rom.cc:155:do_switch$126$rdmux[0][4][11]$b$2187 [6:3] $memory$flatten\u_sine.$auto$proc_rom.cc:155:do_switch$126$rdmux[0][4][11]$b$2187 [0] } = 5'11101
  Optimizing cells in module \wave_controller.
    Consolidated identical input bits for $mux cell $memory$flatten\u_sine.$auto$proc_rom.cc:155:do_switch$126$rdmux[0][4][13]$2191:
      Old ports: A=$memory$flatten\u_sine.$auto$proc_rom.cc:155:do_switch$126$rdmux[0][4][13]$a$2192, B=7'1111100, Y=$memory$flatten\u_sine.$auto$proc_rom.cc:155:do_switch$126$rdmux[0][3][6]$b$2148
      New ports: A={ 2'01 $memory$flatten\u_sine.$auto$proc_rom.cc:155:do_switch$126$rdmux[0][4][13]$a$2192 [0] }, B=3'100, Y=$memory$flatten\u_sine.$auto$proc_rom.cc:155:do_switch$126$rdmux[0][3][6]$b$2148 [2:0]
      New connections: $memory$flatten\u_sine.$auto$proc_rom.cc:155:do_switch$126$rdmux[0][3][6]$b$2148 [6:3] = 4'1111
    Consolidated identical input bits for $mux cell $memory$flatten\u_sine.$auto$proc_rom.cc:155:do_switch$126$rdmux[0][4][12]$2188:
      Old ports: A=$memory$flatten\u_sine.$auto$proc_rom.cc:155:do_switch$126$rdmux[0][4][12]$a$2189, B=$memory$flatten\u_sine.$auto$proc_rom.cc:155:do_switch$126$rdmux[0][4][12]$b$2190, Y=$memory$flatten\u_sine.$auto$proc_rom.cc:155:do_switch$126$rdmux[0][3][6]$a$2147
      New ports: A={ 2'01 $memory$flatten\u_sine.$auto$proc_rom.cc:155:do_switch$126$rdmux[0][4][12]$a$2189 [0] }, B={ 2'10 $memory$flatten\u_sine.$auto$proc_rom.cc:155:do_switch$126$rdmux[0][4][12]$b$2190 [0] }, Y={ $memory$flatten\u_sine.$auto$proc_rom.cc:155:do_switch$126$rdmux[0][3][6]$a$2147 [3] $memory$flatten\u_sine.$auto$proc_rom.cc:155:do_switch$126$rdmux[0][3][6]$a$2147 [1:0] }
      New connections: { $memory$flatten\u_sine.$auto$proc_rom.cc:155:do_switch$126$rdmux[0][3][6]$a$2147 [6:4] $memory$flatten\u_sine.$auto$proc_rom.cc:155:do_switch$126$rdmux[0][3][6]$a$2147 [2] } = { 3'111 $memory$flatten\u_sine.$auto$proc_rom.cc:155:do_switch$126$rdmux[0][3][6]$a$2147 [1] }
    Consolidated identical input bits for $mux cell $memory$flatten\u_sine.$auto$proc_rom.cc:155:do_switch$126$rdmux[0][4][11]$2185:
      Old ports: A=$memory$flatten\u_sine.$auto$proc_rom.cc:155:do_switch$126$rdmux[0][4][11]$a$2186, B=$memory$flatten\u_sine.$auto$proc_rom.cc:155:do_switch$126$rdmux[0][4][11]$b$2187, Y=$memory$flatten\u_sine.$auto$proc_rom.cc:155:do_switch$126$rdmux[0][3][5]$b$2145
      New ports: A={ 1'0 $memory$flatten\u_sine.$auto$proc_rom.cc:155:do_switch$126$rdmux[0][4][11]$a$2186 [1:0] }, B={ $memory$flatten\u_sine.$auto$proc_rom.cc:155:do_switch$126$rdmux[0][4][11]$b$2187 [2:1] 1'1 }, Y=$memory$flatten\u_sine.$auto$proc_rom.cc:155:do_switch$126$rdmux[0][3][5]$b$2145 [2:0]
      New connections: $memory$flatten\u_sine.$auto$proc_rom.cc:155:do_switch$126$rdmux[0][3][5]$b$2145 [6:3] = 4'1110
    Consolidated identical input bits for $mux cell $memory$flatten\u_sine.$auto$proc_rom.cc:155:do_switch$126$rdmux[0][4][10]$2182:
      Old ports: A=$memory$flatten\u_sine.$auto$proc_rom.cc:155:do_switch$126$rdmux[0][4][10]$a$2183, B=$memory$flatten\u_sine.$auto$proc_rom.cc:155:do_switch$126$rdmux[0][4][10]$b$2184, Y=$memory$flatten\u_sine.$auto$proc_rom.cc:155:do_switch$126$rdmux[0][3][5]$a$2144
      New ports: A={ $memory$flatten\u_sine.$auto$proc_rom.cc:155:do_switch$126$rdmux[0][4][10]$a$2183 [2:1] 1'0 }, B={ 2'11 $memory$flatten\u_sine.$auto$proc_rom.cc:155:do_switch$126$rdmux[0][4][10]$b$2184 [0] }, Y=$memory$flatten\u_sine.$auto$proc_rom.cc:155:do_switch$126$rdmux[0][3][5]$a$2144 [2:0]
      New connections: $memory$flatten\u_sine.$auto$proc_rom.cc:155:do_switch$126$rdmux[0][3][5]$a$2144 [6:3] = 4'1101
    Consolidated identical input bits for $mux cell $memory$flatten\u_sine.$auto$proc_rom.cc:155:do_switch$126$rdmux[0][4][9]$2179:
      Old ports: A=$memory$flatten\u_sine.$auto$proc_rom.cc:155:do_switch$126$rdmux[0][4][9]$a$2180, B=$memory$flatten\u_sine.$auto$proc_rom.cc:155:do_switch$126$rdmux[0][4][9]$b$2181, Y=$memory$flatten\u_sine.$auto$proc_rom.cc:155:do_switch$126$rdmux[0][3][4]$b$2142
      New ports: A={ 1'0 $memory$flatten\u_sine.$auto$proc_rom.cc:155:do_switch$126$rdmux[0][4][9]$a$2180 [2:1] }, B={ $memory$flatten\u_sine.$auto$proc_rom.cc:155:do_switch$126$rdmux[0][4][9]$b$2181 [3] $memory$flatten\u_sine.$auto$proc_rom.cc:155:do_switch$126$rdmux[0][4][9]$b$2181 [1] $memory$flatten\u_sine.$auto$proc_rom.cc:155:do_switch$126$rdmux[0][4][9]$b$2181 [1] }, Y=$memory$flatten\u_sine.$auto$proc_rom.cc:155:do_switch$126$rdmux[0][3][4]$b$2142 [3:1]
      New connections: { $memory$flatten\u_sine.$auto$proc_rom.cc:155:do_switch$126$rdmux[0][3][4]$b$2142 [6:4] $memory$flatten\u_sine.$auto$proc_rom.cc:155:do_switch$126$rdmux[0][3][4]$b$2142 [0] } = 4'1101
    Consolidated identical input bits for $mux cell $memory$flatten\u_sine.$auto$proc_rom.cc:155:do_switch$126$rdmux[0][4][8]$2176:
      Old ports: A=$memory$flatten\u_sine.$auto$proc_rom.cc:155:do_switch$126$rdmux[0][4][8]$a$2177, B=$memory$flatten\u_sine.$auto$proc_rom.cc:155:do_switch$126$rdmux[0][4][8]$b$2178, Y=$memory$flatten\u_sine.$auto$proc_rom.cc:155:do_switch$126$rdmux[0][3][4]$a$2141
      New ports: A={ 2'01 $memory$flatten\u_sine.$auto$proc_rom.cc:155:do_switch$126$rdmux[0][4][8]$a$2177 [2:1] }, B={ $memory$flatten\u_sine.$auto$proc_rom.cc:155:do_switch$126$rdmux[0][4][8]$b$2178 [5] $memory$flatten\u_sine.$auto$proc_rom.cc:155:do_switch$126$rdmux[0][4][8]$b$2178 [1] $memory$flatten\u_sine.$auto$proc_rom.cc:155:do_switch$126$rdmux[0][4][8]$b$2178 [1] $memory$flatten\u_sine.$auto$proc_rom.cc:155:do_switch$126$rdmux[0][4][8]$b$2178 [1] }, Y={ $memory$flatten\u_sine.$auto$proc_rom.cc:155:do_switch$126$rdmux[0][3][4]$a$2141 [5] $memory$flatten\u_sine.$auto$proc_rom.cc:155:do_switch$126$rdmux[0][3][4]$a$2141 [3:1] }
      New connections: { $memory$flatten\u_sine.$auto$proc_rom.cc:155:do_switch$126$rdmux[0][3][4]$a$2141 [6] $memory$flatten\u_sine.$auto$proc_rom.cc:155:do_switch$126$rdmux[0][3][4]$a$2141 [4] $memory$flatten\u_sine.$auto$proc_rom.cc:155:do_switch$126$rdmux[0][3][4]$a$2141 [0] } = { 1'1 $memory$flatten\u_sine.$auto$proc_rom.cc:155:do_switch$126$rdmux[0][3][4]$a$2141 [3] 1'1 }
    Consolidated identical input bits for $mux cell $memory$flatten\u_sine.$auto$proc_rom.cc:155:do_switch$126$rdmux[0][4][7]$2173:
      Old ports: A=$memory$flatten\u_sine.$auto$proc_rom.cc:155:do_switch$126$rdmux[0][4][7]$a$2174, B=$memory$flatten\u_sine.$auto$proc_rom.cc:155:do_switch$126$rdmux[0][4][7]$b$2175, Y=$memory$flatten\u_sine.$auto$proc_rom.cc:155:do_switch$126$rdmux[0][3][3]$b$2139
      New ports: A={ $memory$flatten\u_sine.$auto$proc_rom.cc:155:do_switch$126$rdmux[0][4][7]$a$2174 [2:1] 1'0 }, B={ $memory$flatten\u_sine.$auto$proc_rom.cc:155:do_switch$126$rdmux[0][4][7]$b$2175 [1] $memory$flatten\u_sine.$auto$proc_rom.cc:155:do_switch$126$rdmux[0][4][7]$b$2175 [1:0] }, Y=$memory$flatten\u_sine.$auto$proc_rom.cc:155:do_switch$126$rdmux[0][3][3]$b$2139 [2:0]
      New connections: $memory$flatten\u_sine.$auto$proc_rom.cc:155:do_switch$126$rdmux[0][3][3]$b$2139 [6:3] = { 3'101 $memory$flatten\u_sine.$auto$proc_rom.cc:155:do_switch$126$rdmux[0][3][3]$b$2139 [0] }
    Consolidated identical input bits for $mux cell $memory$flatten\u_sine.$auto$proc_rom.cc:155:do_switch$126$rdmux[0][4][6]$2170:
      Old ports: A=$memory$flatten\u_sine.$auto$proc_rom.cc:155:do_switch$126$rdmux[0][4][6]$a$2171, B=$memory$flatten\u_sine.$auto$proc_rom.cc:155:do_switch$126$rdmux[0][4][6]$b$2172, Y=$memory$flatten\u_sine.$auto$proc_rom.cc:155:do_switch$126$rdmux[0][3][3]$a$2138
      New ports: A={ $memory$flatten\u_sine.$auto$proc_rom.cc:155:do_switch$126$rdmux[0][4][6]$a$2171 [1] 1'0 }, B={ $memory$flatten\u_sine.$auto$proc_rom.cc:155:do_switch$126$rdmux[0][4][6]$b$2172 [1] 1'1 }, Y=$memory$flatten\u_sine.$auto$proc_rom.cc:155:do_switch$126$rdmux[0][3][3]$a$2138 [1:0]
      New connections: $memory$flatten\u_sine.$auto$proc_rom.cc:155:do_switch$126$rdmux[0][3][3]$a$2138 [6:2] = { 4'1001 $memory$flatten\u_sine.$auto$proc_rom.cc:155:do_switch$126$rdmux[0][3][3]$a$2138 [0] }
    Consolidated identical input bits for $mux cell $memory$flatten\u_sine.$auto$proc_rom.cc:155:do_switch$126$rdmux[0][4][5]$2167:
      Old ports: A=$memory$flatten\u_sine.$auto$proc_rom.cc:155:do_switch$126$rdmux[0][4][5]$a$2168, B=$memory$flatten\u_sine.$auto$proc_rom.cc:155:do_switch$126$rdmux[0][4][5]$b$2169, Y=$memory$flatten\u_sine.$auto$proc_rom.cc:155:do_switch$126$rdmux[0][3][2]$b$2136
      New ports: A={ $memory$flatten\u_sine.$auto$proc_rom.cc:155:do_switch$126$rdmux[0][4][5]$a$2168 [6] $memory$flatten\u_sine.$auto$proc_rom.cc:155:do_switch$126$rdmux[0][4][5]$a$2168 [0] $memory$flatten\u_sine.$auto$proc_rom.cc:155:do_switch$126$rdmux[0][4][5]$a$2168 [0] 1'0 $memory$flatten\u_sine.$auto$proc_rom.cc:155:do_switch$126$rdmux[0][4][5]$a$2168 [0] }, B={ 2'10 $memory$flatten\u_sine.$auto$proc_rom.cc:155:do_switch$126$rdmux[0][4][5]$b$2169 [2:1] 1'1 }, Y={ $memory$flatten\u_sine.$auto$proc_rom.cc:155:do_switch$126$rdmux[0][3][2]$b$2136 [6] $memory$flatten\u_sine.$auto$proc_rom.cc:155:do_switch$126$rdmux[0][3][2]$b$2136 [3:0] }
      New connections: $memory$flatten\u_sine.$auto$proc_rom.cc:155:do_switch$126$rdmux[0][3][2]$b$2136 [5:4] = { $memory$flatten\u_sine.$auto$proc_rom.cc:155:do_switch$126$rdmux[0][3][2]$b$2136 [3] $memory$flatten\u_sine.$auto$proc_rom.cc:155:do_switch$126$rdmux[0][3][2]$b$2136 [3] }
    Consolidated identical input bits for $mux cell $memory$flatten\u_sine.$auto$proc_rom.cc:155:do_switch$126$rdmux[0][4][4]$2164:
      Old ports: A=$memory$flatten\u_sine.$auto$proc_rom.cc:155:do_switch$126$rdmux[0][4][4]$a$2165, B=$memory$flatten\u_sine.$auto$proc_rom.cc:155:do_switch$126$rdmux[0][4][4]$b$2166, Y=$memory$flatten\u_sine.$auto$proc_rom.cc:155:do_switch$126$rdmux[0][3][2]$a$2135
      New ports: A={ 1'0 $memory$flatten\u_sine.$auto$proc_rom.cc:155:do_switch$126$rdmux[0][4][4]$a$2165 [1:0] }, B={ 1'1 $memory$flatten\u_sine.$auto$proc_rom.cc:155:do_switch$126$rdmux[0][4][4]$b$2166 [1] 1'0 }, Y={ $memory$flatten\u_sine.$auto$proc_rom.cc:155:do_switch$126$rdmux[0][3][2]$a$2135 [3] $memory$flatten\u_sine.$auto$proc_rom.cc:155:do_switch$126$rdmux[0][3][2]$a$2135 [1:0] }
      New connections: { $memory$flatten\u_sine.$auto$proc_rom.cc:155:do_switch$126$rdmux[0][3][2]$a$2135 [6:4] $memory$flatten\u_sine.$auto$proc_rom.cc:155:do_switch$126$rdmux[0][3][2]$a$2135 [2] } = { 3'011 $memory$flatten\u_sine.$auto$proc_rom.cc:155:do_switch$126$rdmux[0][3][2]$a$2135 [0] }
    Consolidated identical input bits for $mux cell $memory$flatten\u_sine.$auto$proc_rom.cc:155:do_switch$126$rdmux[0][4][3]$2161:
      Old ports: A=$memory$flatten\u_sine.$auto$proc_rom.cc:155:do_switch$126$rdmux[0][4][3]$a$2162, B=$memory$flatten\u_sine.$auto$proc_rom.cc:155:do_switch$126$rdmux[0][4][3]$b$2163, Y=$memory$flatten\u_sine.$auto$proc_rom.cc:155:do_switch$126$rdmux[0][3][1]$b$2133
      New ports: A={ $memory$flatten\u_sine.$auto$proc_rom.cc:155:do_switch$126$rdmux[0][4][3]$a$2162 [0] $memory$flatten\u_sine.$auto$proc_rom.cc:155:do_switch$126$rdmux[0][4][3]$a$2162 [1] $memory$flatten\u_sine.$auto$proc_rom.cc:155:do_switch$126$rdmux[0][4][3]$a$2162 [1:0] }, B={ 2'11 $memory$flatten\u_sine.$auto$proc_rom.cc:155:do_switch$126$rdmux[0][4][3]$b$2163 [0] $memory$flatten\u_sine.$auto$proc_rom.cc:155:do_switch$126$rdmux[0][4][3]$b$2163 [0] }, Y=$memory$flatten\u_sine.$auto$proc_rom.cc:155:do_switch$126$rdmux[0][3][1]$b$2133 [3:0]
      New connections: $memory$flatten\u_sine.$auto$proc_rom.cc:155:do_switch$126$rdmux[0][3][1]$b$2133 [6:4] = 3'010
    Consolidated identical input bits for $mux cell $memory$flatten\u_sine.$auto$proc_rom.cc:155:do_switch$126$rdmux[0][4][2]$2158:
      Old ports: A=$memory$flatten\u_sine.$auto$proc_rom.cc:155:do_switch$126$rdmux[0][4][2]$a$2159, B=$memory$flatten\u_sine.$auto$proc_rom.cc:155:do_switch$126$rdmux[0][4][2]$b$2160, Y=$memory$flatten\u_sine.$auto$proc_rom.cc:155:do_switch$126$rdmux[0][3][1]$a$2132
      New ports: A={ 2'01 $memory$flatten\u_sine.$auto$proc_rom.cc:155:do_switch$126$rdmux[0][4][2]$a$2159 [0] $memory$flatten\u_sine.$auto$proc_rom.cc:155:do_switch$126$rdmux[0][4][2]$a$2159 [1:0] }, B={ 3'100 $memory$flatten\u_sine.$auto$proc_rom.cc:155:do_switch$126$rdmux[0][4][2]$b$2160 [0] $memory$flatten\u_sine.$auto$proc_rom.cc:155:do_switch$126$rdmux[0][4][2]$b$2160 [0] }, Y={ $memory$flatten\u_sine.$auto$proc_rom.cc:155:do_switch$126$rdmux[0][3][1]$a$2132 [5] $memory$flatten\u_sine.$auto$proc_rom.cc:155:do_switch$126$rdmux[0][3][1]$a$2132 [3:0] }
      New connections: { $memory$flatten\u_sine.$auto$proc_rom.cc:155:do_switch$126$rdmux[0][3][1]$a$2132 [6] $memory$flatten\u_sine.$auto$proc_rom.cc:155:do_switch$126$rdmux[0][3][1]$a$2132 [4] } = { 1'0 $memory$flatten\u_sine.$auto$proc_rom.cc:155:do_switch$126$rdmux[0][3][1]$a$2132 [3] }
    Consolidated identical input bits for $mux cell $memory$flatten\u_sine.$auto$proc_rom.cc:155:do_switch$126$rdmux[0][4][1]$2155:
      Old ports: A=$memory$flatten\u_sine.$auto$proc_rom.cc:155:do_switch$126$rdmux[0][4][1]$a$2156, B=$memory$flatten\u_sine.$auto$proc_rom.cc:155:do_switch$126$rdmux[0][4][1]$b$2157, Y=$memory$flatten\u_sine.$auto$proc_rom.cc:155:do_switch$126$rdmux[0][3][0]$b$2130
      New ports: A={ $memory$flatten\u_sine.$auto$proc_rom.cc:155:do_switch$126$rdmux[0][4][1]$a$2156 [0] $memory$flatten\u_sine.$auto$proc_rom.cc:155:do_switch$126$rdmux[0][4][1]$a$2156 [1] $memory$flatten\u_sine.$auto$proc_rom.cc:155:do_switch$126$rdmux[0][4][1]$a$2156 [1] $memory$flatten\u_sine.$auto$proc_rom.cc:155:do_switch$126$rdmux[0][4][1]$a$2156 [1:0] }, B={ 3'101 $memory$flatten\u_sine.$auto$proc_rom.cc:155:do_switch$126$rdmux[0][4][1]$b$2157 [0] $memory$flatten\u_sine.$auto$proc_rom.cc:155:do_switch$126$rdmux[0][4][1]$b$2157 [0] }, Y=$memory$flatten\u_sine.$auto$proc_rom.cc:155:do_switch$126$rdmux[0][3][0]$b$2130 [4:0]
      New connections: $memory$flatten\u_sine.$auto$proc_rom.cc:155:do_switch$126$rdmux[0][3][0]$b$2130 [6:5] = 2'00
    Consolidated identical input bits for $mux cell $memory$flatten\u_sine.$auto$proc_rom.cc:155:do_switch$126$rdmux[0][4][0]$2152:
      Old ports: A=$memory$flatten\u_sine.$auto$proc_rom.cc:155:do_switch$126$rdmux[0][4][0]$a$2153, B=$memory$flatten\u_sine.$auto$proc_rom.cc:155:do_switch$126$rdmux[0][4][0]$b$2154, Y=$memory$flatten\u_sine.$auto$proc_rom.cc:155:do_switch$126$rdmux[0][3][0]$a$2129
      New ports: A={ 1'0 $memory$flatten\u_sine.$auto$proc_rom.cc:155:do_switch$126$rdmux[0][4][0]$a$2153 [0] $memory$flatten\u_sine.$auto$proc_rom.cc:155:do_switch$126$rdmux[0][4][0]$a$2153 [1:0] }, B={ 2'10 $memory$flatten\u_sine.$auto$proc_rom.cc:155:do_switch$126$rdmux[0][4][0]$b$2154 [0] $memory$flatten\u_sine.$auto$proc_rom.cc:155:do_switch$126$rdmux[0][4][0]$b$2154 [0] }, Y=$memory$flatten\u_sine.$auto$proc_rom.cc:155:do_switch$126$rdmux[0][3][0]$a$2129 [3:0]
      New connections: $memory$flatten\u_sine.$auto$proc_rom.cc:155:do_switch$126$rdmux[0][3][0]$a$2129 [6:4] = 3'000
    Consolidated identical input bits for $mux cell $memory$flatten\u_sine.$auto$proc_rom.cc:155:do_switch$126$rdmux[0][3][7]$2149:
      Old ports: A=$memory$flatten\u_sine.$auto$proc_rom.cc:155:do_switch$126$rdmux[0][3][7]$a$2150, B=7'1111111, Y=$memory$flatten\u_sine.$auto$proc_rom.cc:155:do_switch$126$rdmux[0][2][3]$b$2127
      New ports: A=$memory$flatten\u_sine.$auto$proc_rom.cc:155:do_switch$126$rdmux[0][3][7]$a$2150 [1:0], B=2'11, Y=$memory$flatten\u_sine.$auto$proc_rom.cc:155:do_switch$126$rdmux[0][2][3]$b$2127 [1:0]
      New connections: $memory$flatten\u_sine.$auto$proc_rom.cc:155:do_switch$126$rdmux[0][2][3]$b$2127 [6:2] = 5'11111
  Optimizing cells in module \wave_controller.
    Consolidated identical input bits for $mux cell $memory$flatten\u_sine.$auto$proc_rom.cc:155:do_switch$126$rdmux[0][3][6]$2146:
      Old ports: A=$memory$flatten\u_sine.$auto$proc_rom.cc:155:do_switch$126$rdmux[0][3][6]$a$2147, B=$memory$flatten\u_sine.$auto$proc_rom.cc:155:do_switch$126$rdmux[0][3][6]$b$2148, Y=$memory$flatten\u_sine.$auto$proc_rom.cc:155:do_switch$126$rdmux[0][2][3]$a$2126
      New ports: A={ $memory$flatten\u_sine.$auto$proc_rom.cc:155:do_switch$126$rdmux[0][3][6]$a$2147 [3] $memory$flatten\u_sine.$auto$proc_rom.cc:155:do_switch$126$rdmux[0][3][6]$a$2147 [1] $memory$flatten\u_sine.$auto$proc_rom.cc:155:do_switch$126$rdmux[0][3][6]$a$2147 [1:0] }, B={ 1'1 $memory$flatten\u_sine.$auto$proc_rom.cc:155:do_switch$126$rdmux[0][3][6]$b$2148 [2:0] }, Y=$memory$flatten\u_sine.$auto$proc_rom.cc:155:do_switch$126$rdmux[0][2][3]$a$2126 [3:0]
      New connections: $memory$flatten\u_sine.$auto$proc_rom.cc:155:do_switch$126$rdmux[0][2][3]$a$2126 [6:4] = 3'111
    Consolidated identical input bits for $mux cell $memory$flatten\u_sine.$auto$proc_rom.cc:155:do_switch$126$rdmux[0][3][5]$2143:
      Old ports: A=$memory$flatten\u_sine.$auto$proc_rom.cc:155:do_switch$126$rdmux[0][3][5]$a$2144, B=$memory$flatten\u_sine.$auto$proc_rom.cc:155:do_switch$126$rdmux[0][3][5]$b$2145, Y=$memory$flatten\u_sine.$auto$proc_rom.cc:155:do_switch$126$rdmux[0][2][2]$b$2124
      New ports: A={ 2'01 $memory$flatten\u_sine.$auto$proc_rom.cc:155:do_switch$126$rdmux[0][3][5]$a$2144 [2:0] }, B={ 2'10 $memory$flatten\u_sine.$auto$proc_rom.cc:155:do_switch$126$rdmux[0][3][5]$b$2145 [2:0] }, Y=$memory$flatten\u_sine.$auto$proc_rom.cc:155:do_switch$126$rdmux[0][2][2]$b$2124 [4:0]
      New connections: $memory$flatten\u_sine.$auto$proc_rom.cc:155:do_switch$126$rdmux[0][2][2]$b$2124 [6:5] = 2'11
    Consolidated identical input bits for $mux cell $memory$flatten\u_sine.$auto$proc_rom.cc:155:do_switch$126$rdmux[0][3][4]$2140:
      Old ports: A=$memory$flatten\u_sine.$auto$proc_rom.cc:155:do_switch$126$rdmux[0][3][4]$a$2141, B=$memory$flatten\u_sine.$auto$proc_rom.cc:155:do_switch$126$rdmux[0][3][4]$b$2142, Y=$memory$flatten\u_sine.$auto$proc_rom.cc:155:do_switch$126$rdmux[0][2][2]$a$2123
      New ports: A={ $memory$flatten\u_sine.$auto$proc_rom.cc:155:do_switch$126$rdmux[0][3][4]$a$2141 [5] $memory$flatten\u_sine.$auto$proc_rom.cc:155:do_switch$126$rdmux[0][3][4]$a$2141 [3] $memory$flatten\u_sine.$auto$proc_rom.cc:155:do_switch$126$rdmux[0][3][4]$a$2141 [3:1] }, B={ 2'10 $memory$flatten\u_sine.$auto$proc_rom.cc:155:do_switch$126$rdmux[0][3][4]$b$2142 [3:1] }, Y=$memory$flatten\u_sine.$auto$proc_rom.cc:155:do_switch$126$rdmux[0][2][2]$a$2123 [5:1]
      New connections: { $memory$flatten\u_sine.$auto$proc_rom.cc:155:do_switch$126$rdmux[0][2][2]$a$2123 [6] $memory$flatten\u_sine.$auto$proc_rom.cc:155:do_switch$126$rdmux[0][2][2]$a$2123 [0] } = 2'11
    Consolidated identical input bits for $mux cell $memory$flatten\u_sine.$auto$proc_rom.cc:155:do_switch$126$rdmux[0][3][3]$2137:
      Old ports: A=$memory$flatten\u_sine.$auto$proc_rom.cc:155:do_switch$126$rdmux[0][3][3]$a$2138, B=$memory$flatten\u_sine.$auto$proc_rom.cc:155:do_switch$126$rdmux[0][3][3]$b$2139, Y=$memory$flatten\u_sine.$auto$proc_rom.cc:155:do_switch$126$rdmux[0][2][1]$b$2121
      New ports: A={ 2'01 $memory$flatten\u_sine.$auto$proc_rom.cc:155:do_switch$126$rdmux[0][3][3]$a$2138 [0] $memory$flatten\u_sine.$auto$proc_rom.cc:155:do_switch$126$rdmux[0][3][3]$a$2138 [1:0] }, B={ 1'1 $memory$flatten\u_sine.$auto$proc_rom.cc:155:do_switch$126$rdmux[0][3][3]$b$2139 [0] $memory$flatten\u_sine.$auto$proc_rom.cc:155:do_switch$126$rdmux[0][3][3]$b$2139 [2:0] }, Y=$memory$flatten\u_sine.$auto$proc_rom.cc:155:do_switch$126$rdmux[0][2][1]$b$2121 [4:0]
      New connections: $memory$flatten\u_sine.$auto$proc_rom.cc:155:do_switch$126$rdmux[0][2][1]$b$2121 [6:5] = 2'10
    Consolidated identical input bits for $mux cell $memory$flatten\u_sine.$auto$proc_rom.cc:155:do_switch$126$rdmux[0][3][2]$2134:
      Old ports: A=$memory$flatten\u_sine.$auto$proc_rom.cc:155:do_switch$126$rdmux[0][3][2]$a$2135, B=$memory$flatten\u_sine.$auto$proc_rom.cc:155:do_switch$126$rdmux[0][3][2]$b$2136, Y=$memory$flatten\u_sine.$auto$proc_rom.cc:155:do_switch$126$rdmux[0][2][1]$a$2120
      New ports: A={ 2'01 $memory$flatten\u_sine.$auto$proc_rom.cc:155:do_switch$126$rdmux[0][3][2]$a$2135 [3] $memory$flatten\u_sine.$auto$proc_rom.cc:155:do_switch$126$rdmux[0][3][2]$a$2135 [0] $memory$flatten\u_sine.$auto$proc_rom.cc:155:do_switch$126$rdmux[0][3][2]$a$2135 [1:0] }, B={ $memory$flatten\u_sine.$auto$proc_rom.cc:155:do_switch$126$rdmux[0][3][2]$b$2136 [6] $memory$flatten\u_sine.$auto$proc_rom.cc:155:do_switch$126$rdmux[0][3][2]$b$2136 [3] $memory$flatten\u_sine.$auto$proc_rom.cc:155:do_switch$126$rdmux[0][3][2]$b$2136 [3:0] }, Y={ $memory$flatten\u_sine.$auto$proc_rom.cc:155:do_switch$126$rdmux[0][2][1]$a$2120 [6] $memory$flatten\u_sine.$auto$proc_rom.cc:155:do_switch$126$rdmux[0][2][1]$a$2120 [4:0] }
      New connections: $memory$flatten\u_sine.$auto$proc_rom.cc:155:do_switch$126$rdmux[0][2][1]$a$2120 [5] = $memory$flatten\u_sine.$auto$proc_rom.cc:155:do_switch$126$rdmux[0][2][1]$a$2120 [4]
    Consolidated identical input bits for $mux cell $memory$flatten\u_sine.$auto$proc_rom.cc:155:do_switch$126$rdmux[0][3][1]$2131:
      Old ports: A=$memory$flatten\u_sine.$auto$proc_rom.cc:155:do_switch$126$rdmux[0][3][1]$a$2132, B=$memory$flatten\u_sine.$auto$proc_rom.cc:155:do_switch$126$rdmux[0][3][1]$b$2133, Y=$memory$flatten\u_sine.$auto$proc_rom.cc:155:do_switch$126$rdmux[0][2][0]$b$2118
      New ports: A={ $memory$flatten\u_sine.$auto$proc_rom.cc:155:do_switch$126$rdmux[0][3][1]$a$2132 [5] $memory$flatten\u_sine.$auto$proc_rom.cc:155:do_switch$126$rdmux[0][3][1]$a$2132 [3] $memory$flatten\u_sine.$auto$proc_rom.cc:155:do_switch$126$rdmux[0][3][1]$a$2132 [3:0] }, B={ 2'10 $memory$flatten\u_sine.$auto$proc_rom.cc:155:do_switch$126$rdmux[0][3][1]$b$2133 [3:0] }, Y=$memory$flatten\u_sine.$auto$proc_rom.cc:155:do_switch$126$rdmux[0][2][0]$b$2118 [5:0]
      New connections: $memory$flatten\u_sine.$auto$proc_rom.cc:155:do_switch$126$rdmux[0][2][0]$b$2118 [6] = 1'0
    Consolidated identical input bits for $mux cell $memory$flatten\u_sine.$auto$proc_rom.cc:155:do_switch$126$rdmux[0][3][0]$2128:
      Old ports: A=$memory$flatten\u_sine.$auto$proc_rom.cc:155:do_switch$126$rdmux[0][3][0]$a$2129, B=$memory$flatten\u_sine.$auto$proc_rom.cc:155:do_switch$126$rdmux[0][3][0]$b$2130, Y=$memory$flatten\u_sine.$auto$proc_rom.cc:155:do_switch$126$rdmux[0][2][0]$a$2117
      New ports: A={ 1'0 $memory$flatten\u_sine.$auto$proc_rom.cc:155:do_switch$126$rdmux[0][3][0]$a$2129 [3:0] }, B=$memory$flatten\u_sine.$auto$proc_rom.cc:155:do_switch$126$rdmux[0][3][0]$b$2130 [4:0], Y=$memory$flatten\u_sine.$auto$proc_rom.cc:155:do_switch$126$rdmux[0][2][0]$a$2117 [4:0]
      New connections: $memory$flatten\u_sine.$auto$proc_rom.cc:155:do_switch$126$rdmux[0][2][0]$a$2117 [6:5] = 2'00
  Optimizing cells in module \wave_controller.
    Consolidated identical input bits for $mux cell $memory$flatten\u_sine.$auto$proc_rom.cc:155:do_switch$126$rdmux[0][2][3]$2125:
      Old ports: A=$memory$flatten\u_sine.$auto$proc_rom.cc:155:do_switch$126$rdmux[0][2][3]$a$2126, B=$memory$flatten\u_sine.$auto$proc_rom.cc:155:do_switch$126$rdmux[0][2][3]$b$2127, Y=$memory$flatten\u_sine.$auto$proc_rom.cc:155:do_switch$126$rdmux[0][1][1]$b$2115
      New ports: A=$memory$flatten\u_sine.$auto$proc_rom.cc:155:do_switch$126$rdmux[0][2][3]$a$2126 [3:0], B={ 2'11 $memory$flatten\u_sine.$auto$proc_rom.cc:155:do_switch$126$rdmux[0][2][3]$b$2127 [1:0] }, Y=$memory$flatten\u_sine.$auto$proc_rom.cc:155:do_switch$126$rdmux[0][1][1]$b$2115 [3:0]
      New connections: $memory$flatten\u_sine.$auto$proc_rom.cc:155:do_switch$126$rdmux[0][1][1]$b$2115 [6:4] = 3'111
    Consolidated identical input bits for $mux cell $memory$flatten\u_sine.$auto$proc_rom.cc:155:do_switch$126$rdmux[0][2][2]$2122:
      Old ports: A=$memory$flatten\u_sine.$auto$proc_rom.cc:155:do_switch$126$rdmux[0][2][2]$a$2123, B=$memory$flatten\u_sine.$auto$proc_rom.cc:155:do_switch$126$rdmux[0][2][2]$b$2124, Y=$memory$flatten\u_sine.$auto$proc_rom.cc:155:do_switch$126$rdmux[0][1][1]$a$2114
      New ports: A={ $memory$flatten\u_sine.$auto$proc_rom.cc:155:do_switch$126$rdmux[0][2][2]$a$2123 [5:1] 1'1 }, B={ 1'1 $memory$flatten\u_sine.$auto$proc_rom.cc:155:do_switch$126$rdmux[0][2][2]$b$2124 [4:0] }, Y=$memory$flatten\u_sine.$auto$proc_rom.cc:155:do_switch$126$rdmux[0][1][1]$a$2114 [5:0]
      New connections: $memory$flatten\u_sine.$auto$proc_rom.cc:155:do_switch$126$rdmux[0][1][1]$a$2114 [6] = 1'1
    Consolidated identical input bits for $mux cell $memory$flatten\u_sine.$auto$proc_rom.cc:155:do_switch$126$rdmux[0][2][0]$2116:
      Old ports: A=$memory$flatten\u_sine.$auto$proc_rom.cc:155:do_switch$126$rdmux[0][2][0]$a$2117, B=$memory$flatten\u_sine.$auto$proc_rom.cc:155:do_switch$126$rdmux[0][2][0]$b$2118, Y=$memory$flatten\u_sine.$auto$proc_rom.cc:155:do_switch$126$rdmux[0][1][0]$a$2111
      New ports: A={ 1'0 $memory$flatten\u_sine.$auto$proc_rom.cc:155:do_switch$126$rdmux[0][2][0]$a$2117 [4:0] }, B=$memory$flatten\u_sine.$auto$proc_rom.cc:155:do_switch$126$rdmux[0][2][0]$b$2118 [5:0], Y=$memory$flatten\u_sine.$auto$proc_rom.cc:155:do_switch$126$rdmux[0][1][0]$a$2111 [5:0]
      New connections: $memory$flatten\u_sine.$auto$proc_rom.cc:155:do_switch$126$rdmux[0][1][0]$a$2111 [6] = 1'0
  Optimizing cells in module \wave_controller.
    Consolidated identical input bits for $mux cell $memory$flatten\u_sine.$auto$proc_rom.cc:155:do_switch$126$rdmux[0][1][1]$2113:
      Old ports: A=$memory$flatten\u_sine.$auto$proc_rom.cc:155:do_switch$126$rdmux[0][1][1]$a$2114, B=$memory$flatten\u_sine.$auto$proc_rom.cc:155:do_switch$126$rdmux[0][1][1]$b$2115, Y=$memory$flatten\u_sine.$auto$proc_rom.cc:155:do_switch$126$rdmux[0][0][0]$b$2109
      New ports: A=$memory$flatten\u_sine.$auto$proc_rom.cc:155:do_switch$126$rdmux[0][1][1]$a$2114 [5:0], B={ 2'11 $memory$flatten\u_sine.$auto$proc_rom.cc:155:do_switch$126$rdmux[0][1][1]$b$2115 [3:0] }, Y=$memory$flatten\u_sine.$auto$proc_rom.cc:155:do_switch$126$rdmux[0][0][0]$b$2109 [5:0]
      New connections: $memory$flatten\u_sine.$auto$proc_rom.cc:155:do_switch$126$rdmux[0][0][0]$b$2109 [6] = 1'1
  Optimizing cells in module \wave_controller.
Performed a total of 55 changes.

101. Executing OPT_MERGE pass (detect identical cells).
Finding identical cells in module `\analog_block'.
Computing hashes of 5 cells of `\analog_block'.
Finding duplicate cells in `\analog_block'.
Finding identical cells in module `\analog_comp'.
Computing hashes of 1 cells of `\analog_comp'.
Finding duplicate cells in `\analog_comp'.
Finding identical cells in module `\analog_readout'.
Computing hashes of 1 cells of `\analog_readout'.
Finding duplicate cells in `\analog_readout'.
Finding identical cells in module `\analog_wave_mixer'.
Computing hashes of 1 cells of `\analog_wave_mixer'.
Finding duplicate cells in `\analog_wave_mixer'.
Finding identical cells in module `\chip_core'.
Computing hashes of 12 cells of `\chip_core'.
Finding duplicate cells in `\chip_core'.
Finding identical cells in module `\signal_processor'.
Computing hashes of 70 cells of `\signal_processor'.
Finding duplicate cells in `\signal_processor'.
Finding identical cells in module `\spi_regs'.
Computing hashes of 185 cells of `\spi_regs'.
Finding duplicate cells in `\spi_regs'.
Finding identical cells in module `\state_machine'.
Computing hashes of 14 cells of `\state_machine'.
Finding duplicate cells in `\state_machine'.
Finding identical cells in module `\wave_controller'.
Computing hashes of 241 cells of `\wave_controller'.
Finding duplicate cells in `\wave_controller'.
Computing hashes of 217 cells of `\wave_controller'.
Finding duplicate cells in `\wave_controller'.
<suppressed ~72 debug messages>
Removed a total of 24 cells.

102. Executing OPT_SHARE pass.

103. Executing OPT_DFF pass (perform DFF optimizations).

104. Executing OPT_CLEAN pass (remove unused cells and wires).
Finding unused cells or wires in module \analog_block..
Finding unused cells or wires in module \analog_comp..
Finding unused cells or wires in module \analog_readout..
Finding unused cells or wires in module \analog_wave_mixer..
Finding unused cells or wires in module \chip_core..
Finding unused cells or wires in module \signal_processor..
Finding unused cells or wires in module \spi_regs..
Finding unused cells or wires in module \state_machine..
Finding unused cells or wires in module \wave_controller..
Removed 0 unused cells and 97 unused wires.
<suppressed ~2 debug messages>

105. Executing OPT_EXPR pass (perform const folding).
Optimizing module analog_block.
Optimizing module analog_comp.
Optimizing module analog_readout.
Optimizing module analog_wave_mixer.
Optimizing module chip_core.
Optimizing module signal_processor.
Optimizing module spi_regs.
Optimizing module state_machine.
Optimizing module wave_controller.
<suppressed ~1 debug messages>

106. Rerunning OPT passes. (Maybe there is more to do…)

107. Executing OPT_MUXTREE pass (detect dead branches in mux trees).
Running muxtree optimizer on module \analog_block..
  Creating internal representation of mux trees.
  No muxes found in this module.
Running muxtree optimizer on module \analog_comp..
  Creating internal representation of mux trees.
  No muxes found in this module.
Running muxtree optimizer on module \analog_readout..
  Creating internal representation of mux trees.
  No muxes found in this module.
Running muxtree optimizer on module \analog_wave_mixer..
  Creating internal representation of mux trees.
  No muxes found in this module.
Running muxtree optimizer on module \chip_core..
  Creating internal representation of mux trees.
  No muxes found in this module.
Running muxtree optimizer on module \signal_processor..
  Creating internal representation of mux trees.
  Evaluating internal representation of mux trees.
  Analyzing evaluation results.
Running muxtree optimizer on module \spi_regs..
  Creating internal representation of mux trees.
  Evaluating internal representation of mux trees.
  Analyzing evaluation results.
Running muxtree optimizer on module \state_machine..
  Creating internal representation of mux trees.
  Evaluating internal representation of mux trees.
  Analyzing evaluation results.
Running muxtree optimizer on module \wave_controller..
  Creating internal representation of mux trees.
  Evaluating internal representation of mux trees.
  Analyzing evaluation results.
Removed 0 multiplexer ports.
<suppressed ~162 debug messages>

108. Executing OPT_REDUCE pass (consolidate $*mux and $reduce_* inputs).
  Optimizing cells in module \analog_block.
  Optimizing cells in module \analog_comp.
  Optimizing cells in module \analog_readout.
  Optimizing cells in module \analog_wave_mixer.
  Optimizing cells in module \chip_core.
  Optimizing cells in module \signal_processor.
  Optimizing cells in module \spi_regs.
  Optimizing cells in module \state_machine.
  Optimizing cells in module \wave_controller.
    Consolidated identical input bits for $mux cell $memory$flatten\u_sine.$auto$proc_rom.cc:155:do_switch$126$rdmux[0][4][12]$2188:
      Old ports: A={ 2'01 $memory$flatten\u_sine.$auto$proc_rom.cc:155:do_switch$126$rdmux[0][4][0]$b$2154 [0] }, B={ 2'10 $memory$flatten\u_sine.$auto$proc_rom.cc:155:do_switch$126$rdmux[0][4][0]$b$2154 [0] }, Y={ $memory$flatten\u_sine.$auto$proc_rom.cc:155:do_switch$126$rdmux[0][3][6]$a$2147 [3] $memory$flatten\u_sine.$auto$proc_rom.cc:155:do_switch$126$rdmux[0][3][6]$a$2147 [1:0] }
      New ports: A=2'01, B=2'10, Y={ $memory$flatten\u_sine.$auto$proc_rom.cc:155:do_switch$126$rdmux[0][3][6]$a$2147 [3] $memory$flatten\u_sine.$auto$proc_rom.cc:155:do_switch$126$rdmux[0][3][6]$a$2147 [1] }
      New connections: $memory$flatten\u_sine.$auto$proc_rom.cc:155:do_switch$126$rdmux[0][3][6]$a$2147 [0] = \u_sine.addr [0]
    Consolidated identical input bits for $mux cell $memory$flatten\u_sine.$auto$proc_rom.cc:155:do_switch$126$rdmux[0][4][9]$2179:
      Old ports: A={ 1'0 $memory$flatten\u_sine.$auto$proc_rom.cc:155:do_switch$126$rdmux[0][4][10]$a$2183 [2:1] }, B={ $memory$flatten\u_sine.$auto$proc_rom.cc:155:do_switch$126$rdmux[0][4][10]$a$2183 [2:1] $memory$flatten\u_sine.$auto$proc_rom.cc:155:do_switch$126$rdmux[0][4][10]$a$2183 [1] }, Y=$memory$flatten\u_sine.$auto$proc_rom.cc:155:do_switch$126$rdmux[0][3][4]$b$2142 [3:1]
      New ports: A={ 1'0 $memory$flatten\u_sine.$auto$proc_rom.cc:155:do_switch$126$rdmux[0][4][10]$a$2183 [2] }, B=$memory$flatten\u_sine.$auto$proc_rom.cc:155:do_switch$126$rdmux[0][4][10]$a$2183 [2:1], Y=$memory$flatten\u_sine.$auto$proc_rom.cc:155:do_switch$126$rdmux[0][3][4]$b$2142 [3:2]
      New connections: $memory$flatten\u_sine.$auto$proc_rom.cc:155:do_switch$126$rdmux[0][3][4]$b$2142 [1] = $memory$flatten\u_sine.$auto$proc_rom.cc:155:do_switch$126$rdmux[0][4][10]$a$2183 [1]
    Consolidated identical input bits for $mux cell $memory$flatten\u_sine.$auto$proc_rom.cc:155:do_switch$126$rdmux[0][4][8]$2176:
      Old ports: A={ 2'01 $memory$flatten\u_sine.$auto$proc_rom.cc:155:do_switch$126$rdmux[0][4][10]$a$2183 [2:1] }, B={ $memory$flatten\u_sine.$auto$proc_rom.cc:155:do_switch$126$rdmux[0][4][10]$a$2183 [2:1] $memory$flatten\u_sine.$auto$proc_rom.cc:155:do_switch$126$rdmux[0][4][10]$a$2183 [1] $memory$flatten\u_sine.$auto$proc_rom.cc:155:do_switch$126$rdmux[0][4][10]$a$2183 [1] }, Y={ $memory$flatten\u_sine.$auto$proc_rom.cc:155:do_switch$126$rdmux[0][3][4]$a$2141 [5] $memory$flatten\u_sine.$auto$proc_rom.cc:155:do_switch$126$rdmux[0][3][4]$a$2141 [3:1] }
      New ports: A={ 2'01 $memory$flatten\u_sine.$auto$proc_rom.cc:155:do_switch$126$rdmux[0][4][10]$a$2183 [2] }, B={ $memory$flatten\u_sine.$auto$proc_rom.cc:155:do_switch$126$rdmux[0][4][10]$a$2183 [2:1] $memory$flatten\u_sine.$auto$proc_rom.cc:155:do_switch$126$rdmux[0][4][10]$a$2183 [1] }, Y={ $memory$flatten\u_sine.$auto$proc_rom.cc:155:do_switch$126$rdmux[0][3][4]$a$2141 [5] $memory$flatten\u_sine.$auto$proc_rom.cc:155:do_switch$126$rdmux[0][3][4]$a$2141 [3:2] }
      New connections: $memory$flatten\u_sine.$auto$proc_rom.cc:155:do_switch$126$rdmux[0][3][4]$a$2141 [1] = $memory$flatten\u_sine.$auto$proc_rom.cc:155:do_switch$126$rdmux[0][4][10]$a$2183 [1]
    Consolidated identical input bits for $mux cell $memory$flatten\u_sine.$auto$proc_rom.cc:155:do_switch$126$rdmux[0][4][6]$2170:
      Old ports: A={ $memory$flatten\u_sine.$auto$proc_rom.cc:155:do_switch$126$rdmux[0][4][0]$b$2154 [0] 1'0 }, B={ $memory$flatten\u_sine.$auto$proc_rom.cc:155:do_switch$126$rdmux[0][4][0]$b$2154 [0] 1'1 }, Y=$memory$flatten\u_sine.$auto$proc_rom.cc:155:do_switch$126$rdmux[0][3][3]$a$2138 [1:0]
      New ports: A=1'0, B=1'1, Y=$memory$flatten\u_sine.$auto$proc_rom.cc:155:do_switch$126$rdmux[0][3][3]$a$2138 [0]
      New connections: $memory$flatten\u_sine.$auto$proc_rom.cc:155:do_switch$126$rdmux[0][3][3]$a$2138 [1] = \u_sine.addr [0]
  Optimizing cells in module \wave_controller.
    Consolidated identical input bits for $mux cell $memory$flatten\u_sine.$auto$proc_rom.cc:155:do_switch$126$rdmux[0][3][4]$2140:
      Old ports: A={ $memory$flatten\u_sine.$auto$proc_rom.cc:155:do_switch$126$rdmux[0][3][4]$a$2141 [5] $memory$flatten\u_sine.$auto$proc_rom.cc:155:do_switch$126$rdmux[0][3][4]$a$2141 [3] $memory$flatten\u_sine.$auto$proc_rom.cc:155:do_switch$126$rdmux[0][3][4]$a$2141 [3:1] }, B={ 2'10 $memory$flatten\u_sine.$auto$proc_rom.cc:155:do_switch$126$rdmux[0][3][4]$b$2142 [3:1] }, Y=$memory$flatten\u_sine.$auto$proc_rom.cc:155:do_switch$126$rdmux[0][2][2]$a$2123 [5:1]
      New ports: A={ $memory$flatten\u_sine.$auto$proc_rom.cc:155:do_switch$126$rdmux[0][3][4]$a$2141 [5] $memory$flatten\u_sine.$auto$proc_rom.cc:155:do_switch$126$rdmux[0][3][4]$a$2141 [3] $memory$flatten\u_sine.$auto$proc_rom.cc:155:do_switch$126$rdmux[0][3][4]$a$2141 [3:2] }, B={ 2'10 $memory$flatten\u_sine.$auto$proc_rom.cc:155:do_switch$126$rdmux[0][3][4]$b$2142 [3:2] }, Y=$memory$flatten\u_sine.$auto$proc_rom.cc:155:do_switch$126$rdmux[0][2][2]$a$2123 [5:2]
      New connections: $memory$flatten\u_sine.$auto$proc_rom.cc:155:do_switch$126$rdmux[0][2][2]$a$2123 [1] = $memory$flatten\u_sine.$auto$proc_rom.cc:155:do_switch$126$rdmux[0][4][10]$a$2183 [1]
  Optimizing cells in module \wave_controller.
Performed a total of 5 changes.

109. Executing OPT_MERGE pass (detect identical cells).
Finding identical cells in module `\analog_block'.
Computing hashes of 5 cells of `\analog_block'.
Finding duplicate cells in `\analog_block'.
Finding identical cells in module `\analog_comp'.
Computing hashes of 1 cells of `\analog_comp'.
Finding duplicate cells in `\analog_comp'.
Finding identical cells in module `\analog_readout'.
Computing hashes of 1 cells of `\analog_readout'.
Finding duplicate cells in `\analog_readout'.
Finding identical cells in module `\analog_wave_mixer'.
Computing hashes of 1 cells of `\analog_wave_mixer'.
Finding duplicate cells in `\analog_wave_mixer'.
Finding identical cells in module `\chip_core'.
Computing hashes of 12 cells of `\chip_core'.
Finding duplicate cells in `\chip_core'.
Finding identical cells in module `\signal_processor'.
Computing hashes of 70 cells of `\signal_processor'.
Finding duplicate cells in `\signal_processor'.
Finding identical cells in module `\spi_regs'.
Computing hashes of 185 cells of `\spi_regs'.
Finding duplicate cells in `\spi_regs'.
Finding identical cells in module `\state_machine'.
Computing hashes of 14 cells of `\state_machine'.
Finding duplicate cells in `\state_machine'.
Finding identical cells in module `\wave_controller'.
Computing hashes of 216 cells of `\wave_controller'.
Finding duplicate cells in `\wave_controller'.
Computing hashes of 215 cells of `\wave_controller'.
Finding duplicate cells in `\wave_controller'.
<suppressed ~3 debug messages>
Removed a total of 1 cells.

110. Executing OPT_SHARE pass.

111. Executing OPT_DFF pass (perform DFF optimizations).

112. Executing OPT_CLEAN pass (remove unused cells and wires).
Finding unused cells or wires in module \analog_block..
Finding unused cells or wires in module \analog_comp..
Finding unused cells or wires in module \analog_readout..
Finding unused cells or wires in module \analog_wave_mixer..
Finding unused cells or wires in module \chip_core..
Finding unused cells or wires in module \signal_processor..
Finding unused cells or wires in module \spi_regs..
Finding unused cells or wires in module \state_machine..
Finding unused cells or wires in module \wave_controller..
Removed 0 unused cells and 2 unused wires.
<suppressed ~1 debug messages>

113. Executing OPT_EXPR pass (perform const folding).
Optimizing module analog_block.
Optimizing module analog_comp.
Optimizing module analog_readout.
Optimizing module analog_wave_mixer.
Optimizing module chip_core.
Optimizing module signal_processor.
Optimizing module spi_regs.
Optimizing module state_machine.
Optimizing module wave_controller.
<suppressed ~1 debug messages>

114. Rerunning OPT passes. (Maybe there is more to do…)

115. Executing OPT_MUXTREE pass (detect dead branches in mux trees).
Running muxtree optimizer on module \analog_block..
  Creating internal representation of mux trees.
  No muxes found in this module.
Running muxtree optimizer on module \analog_comp..
  Creating internal representation of mux trees.
  No muxes found in this module.
Running muxtree optimizer on module \analog_readout..
  Creating internal representation of mux trees.
  No muxes found in this module.
Running muxtree optimizer on module \analog_wave_mixer..
  Creating internal representation of mux trees.
  No muxes found in this module.
Running muxtree optimizer on module \chip_core..
  Creating internal representation of mux trees.
  No muxes found in this module.
Running muxtree optimizer on module \signal_processor..
  Creating internal representation of mux trees.
  Evaluating internal representation of mux trees.
  Analyzing evaluation results.
Running muxtree optimizer on module \spi_regs..
  Creating internal representation of mux trees.
  Evaluating internal representation of mux trees.
  Analyzing evaluation results.
Running muxtree optimizer on module \state_machine..
  Creating internal representation of mux trees.
  Evaluating internal representation of mux trees.
  Analyzing evaluation results.
Running muxtree optimizer on module \wave_controller..
  Creating internal representation of mux trees.
  Evaluating internal representation of mux trees.
  Analyzing evaluation results.
Removed 0 multiplexer ports.
<suppressed ~160 debug messages>

116. Executing OPT_REDUCE pass (consolidate $*mux and $reduce_* inputs).
  Optimizing cells in module \analog_block.
  Optimizing cells in module \analog_comp.
  Optimizing cells in module \analog_readout.
  Optimizing cells in module \analog_wave_mixer.
  Optimizing cells in module \chip_core.
  Optimizing cells in module \signal_processor.
  Optimizing cells in module \spi_regs.
  Optimizing cells in module \state_machine.
  Optimizing cells in module \wave_controller.
Performed a total of 0 changes.

117. Executing OPT_MERGE pass (detect identical cells).
Finding identical cells in module `\analog_block'.
Computing hashes of 5 cells of `\analog_block'.
Finding duplicate cells in `\analog_block'.
Finding identical cells in module `\analog_comp'.
Computing hashes of 1 cells of `\analog_comp'.
Finding duplicate cells in `\analog_comp'.
Finding identical cells in module `\analog_readout'.
Computing hashes of 1 cells of `\analog_readout'.
Finding duplicate cells in `\analog_readout'.
Finding identical cells in module `\analog_wave_mixer'.
Computing hashes of 1 cells of `\analog_wave_mixer'.
Finding duplicate cells in `\analog_wave_mixer'.
Finding identical cells in module `\chip_core'.
Computing hashes of 12 cells of `\chip_core'.
Finding duplicate cells in `\chip_core'.
Finding identical cells in module `\signal_processor'.
Computing hashes of 70 cells of `\signal_processor'.
Finding duplicate cells in `\signal_processor'.
Finding identical cells in module `\spi_regs'.
Computing hashes of 185 cells of `\spi_regs'.
Finding duplicate cells in `\spi_regs'.
Finding identical cells in module `\state_machine'.
Computing hashes of 14 cells of `\state_machine'.
Finding duplicate cells in `\state_machine'.
Finding identical cells in module `\wave_controller'.
Computing hashes of 214 cells of `\wave_controller'.
Finding duplicate cells in `\wave_controller'.
Removed a total of 0 cells.

118. Executing OPT_SHARE pass.

119. Executing OPT_DFF pass (perform DFF optimizations).

120. Executing OPT_CLEAN pass (remove unused cells and wires).
Finding unused cells or wires in module \analog_block..
Finding unused cells or wires in module \analog_comp..
Finding unused cells or wires in module \analog_readout..
Finding unused cells or wires in module \analog_wave_mixer..
Finding unused cells or wires in module \chip_core..
Finding unused cells or wires in module \signal_processor..
Finding unused cells or wires in module \spi_regs..
Finding unused cells or wires in module \state_machine..
Finding unused cells or wires in module \wave_controller..
Removed 0 unused cells and 1 unused wires.
<suppressed ~1 debug messages>

121. Executing OPT_EXPR pass (perform const folding).
Optimizing module analog_block.
Optimizing module analog_comp.
Optimizing module analog_readout.
Optimizing module analog_wave_mixer.
Optimizing module chip_core.
Optimizing module signal_processor.
Optimizing module spi_regs.
Optimizing module state_machine.
Optimizing module wave_controller.

122. Rerunning OPT passes. (Maybe there is more to do…)

123. Executing OPT_MUXTREE pass (detect dead branches in mux trees).
Running muxtree optimizer on module \analog_block..
  Creating internal representation of mux trees.
  No muxes found in this module.
Running muxtree optimizer on module \analog_comp..
  Creating internal representation of mux trees.
  No muxes found in this module.
Running muxtree optimizer on module \analog_readout..
  Creating internal representation of mux trees.
  No muxes found in this module.
Running muxtree optimizer on module \analog_wave_mixer..
  Creating internal representation of mux trees.
  No muxes found in this module.
Running muxtree optimizer on module \chip_core..
  Creating internal representation of mux trees.
  No muxes found in this module.
Running muxtree optimizer on module \signal_processor..
  Creating internal representation of mux trees.
  Evaluating internal representation of mux trees.
  Analyzing evaluation results.
Running muxtree optimizer on module \spi_regs..
  Creating internal representation of mux trees.
  Evaluating internal representation of mux trees.
  Analyzing evaluation results.
Running muxtree optimizer on module \state_machine..
  Creating internal representation of mux trees.
  Evaluating internal representation of mux trees.
  Analyzing evaluation results.
Running muxtree optimizer on module \wave_controller..
  Creating internal representation of mux trees.
  Evaluating internal representation of mux trees.
  Analyzing evaluation results.
Removed 0 multiplexer ports.
<suppressed ~160 debug messages>

124. Executing OPT_REDUCE pass (consolidate $*mux and $reduce_* inputs).
  Optimizing cells in module \analog_block.
  Optimizing cells in module \analog_comp.
  Optimizing cells in module \analog_readout.
  Optimizing cells in module \analog_wave_mixer.
  Optimizing cells in module \chip_core.
  Optimizing cells in module \signal_processor.
  Optimizing cells in module \spi_regs.
  Optimizing cells in module \state_machine.
  Optimizing cells in module \wave_controller.
Performed a total of 0 changes.

125. Executing OPT_MERGE pass (detect identical cells).
Finding identical cells in module `\analog_block'.
Computing hashes of 5 cells of `\analog_block'.
Finding duplicate cells in `\analog_block'.
Finding identical cells in module `\analog_comp'.
Computing hashes of 1 cells of `\analog_comp'.
Finding duplicate cells in `\analog_comp'.
Finding identical cells in module `\analog_readout'.
Computing hashes of 1 cells of `\analog_readout'.
Finding duplicate cells in `\analog_readout'.
Finding identical cells in module `\analog_wave_mixer'.
Computing hashes of 1 cells of `\analog_wave_mixer'.
Finding duplicate cells in `\analog_wave_mixer'.
Finding identical cells in module `\chip_core'.
Computing hashes of 12 cells of `\chip_core'.
Finding duplicate cells in `\chip_core'.
Finding identical cells in module `\signal_processor'.
Computing hashes of 70 cells of `\signal_processor'.
Finding duplicate cells in `\signal_processor'.
Finding identical cells in module `\spi_regs'.
Computing hashes of 185 cells of `\spi_regs'.
Finding duplicate cells in `\spi_regs'.
Finding identical cells in module `\state_machine'.
Computing hashes of 14 cells of `\state_machine'.
Finding duplicate cells in `\state_machine'.
Finding identical cells in module `\wave_controller'.
Computing hashes of 214 cells of `\wave_controller'.
Finding duplicate cells in `\wave_controller'.
Removed a total of 0 cells.

126. Executing OPT_SHARE pass.

127. Executing OPT_DFF pass (perform DFF optimizations).

128. Executing OPT_CLEAN pass (remove unused cells and wires).
Finding unused cells or wires in module \analog_block..
Finding unused cells or wires in module \analog_comp..
Finding unused cells or wires in module \analog_readout..
Finding unused cells or wires in module \analog_wave_mixer..
Finding unused cells or wires in module \chip_core..
Finding unused cells or wires in module \signal_processor..
Finding unused cells or wires in module \spi_regs..
Finding unused cells or wires in module \state_machine..
Finding unused cells or wires in module \wave_controller..

129. Executing OPT_EXPR pass (perform const folding).
Optimizing module analog_block.
Optimizing module analog_comp.
Optimizing module analog_readout.
Optimizing module analog_wave_mixer.
Optimizing module chip_core.
Optimizing module signal_processor.
Optimizing module spi_regs.
Optimizing module state_machine.
Optimizing module wave_controller.

130. Executing TECHMAP pass (map to technology primitives).

130.1. Executing Verilog-2005 frontend: /foss/tools/yosys/bin/../share/yosys/techmap.v
Parsing Verilog input from `/foss/tools/yosys/bin/../share/yosys/techmap.v' to AST representation.
Generating RTLIL representation for module `\_90_simplemap_bool_ops'.
Generating RTLIL representation for module `\_90_simplemap_reduce_ops'.
Generating RTLIL representation for module `\_90_simplemap_logic_ops'.
Generating RTLIL representation for module `\_90_simplemap_compare_ops'.
Generating RTLIL representation for module `\_90_simplemap_various'.
Generating RTLIL representation for module `\_90_simplemap_registers'.
Generating RTLIL representation for module `\_90_shift_ops_shr_shl_sshl_sshr'.
Generating RTLIL representation for module `\_90_shift_shiftx'.
Generating RTLIL representation for module `\_90_fa'.
Generating RTLIL representation for module `\_90_lcu_brent_kung'.
Generating RTLIL representation for module `\_90_alu'.
Generating RTLIL representation for module `\_90_macc'.
Generating RTLIL representation for module `\_90_alumacc'.
Generating RTLIL representation for module `$__div_mod_u'.
Generating RTLIL representation for module `$__div_mod_trunc'.
Generating RTLIL representation for module `\_90_div'.
Generating RTLIL representation for module `\_90_mod'.
Generating RTLIL representation for module `$__div_mod_floor'.
Generating RTLIL representation for module `\_90_divfloor'.
Generating RTLIL representation for module `\_90_modfloor'.
Generating RTLIL representation for module `\_90_pow'.
Generating RTLIL representation for module `\_90_demux'.
Generating RTLIL representation for module `\_90_lut'.
Generating RTLIL representation for module `$connect'.
Generating RTLIL representation for module `$input_port'.
Successfully finished Verilog frontend.

130.2. Continuing TECHMAP pass.
Using extmapper simplemap for cells of type $not.
Using template $paramod$950cc9f9d9b07c09d0ee4a231126f2c8a3c4f78a\_90_alu for cells of type $alu.
Using template $paramod$dba81db10099960a821f4957f4cb0d31e021af4f\_90_alu for cells of type $alu.
Using template $paramod$a1bc51c02ce12ac21eb18988e83292af48ed7d72\_90_alu for cells of type $alu.
Using template $paramod$befd47b1c77b68561d11d0cb61a0fae29b79f34c\_90_alu for cells of type $alu.
Using template $paramod$5fb6b9fd94fd14bf0be6febfdd038aaac8fc4caf\_90_alu for cells of type $alu.
Using template $paramod$175e67c02b86e96b1288b9dc100122520d7240d8\_90_alu for cells of type $alu.
Using template $paramod$4ccbe221165818e15f326ddee3d1183c7924e12f\_90_alu for cells of type $alu.
Using template $paramod$c3cd1564c35d873179656addd6052d7ea8b6d991\_90_alu for cells of type $alu.
Using template $paramod$138d3607c8d07487e5ecf266c62ec3bbea8f6632\_90_alu for cells of type $alu.
Using extmapper maccmap for cells of type $macc_v2.
  add \raw_edge2 (21 bits, unsigned)
  sub { \cfg_f_MEMS_fcw 2'00 } (18 bits, unsigned)
  add $auto$wreduce.cc:514:run$1978 [19:0] (20 bits, unsigned)
  packed 1 (1) bits / 1 words into adder tree
  add \raw_edge1 (21 bits, unsigned)
  sub { \cfg_f_MEMS_fcw 2'00 } (18 bits, unsigned)
  add $auto$wreduce.cc:514:run$1977 [19:0] (20 bits, unsigned)
  packed 1 (1) bits / 1 words into adder tree
Using extmapper simplemap for cells of type $ne.
Using extmapper simplemap for cells of type $adffe.
Using extmapper simplemap for cells of type $reduce_and.
Using extmapper simplemap for cells of type $reduce_or.
Using extmapper simplemap for cells of type $and.
Using extmapper simplemap for cells of type $eq.
Using extmapper simplemap for cells of type $adff.
Using extmapper simplemap for cells of type $logic_or.
Using extmapper simplemap for cells of type $logic_and.
Using extmapper simplemap for cells of type $logic_not.
Using extmapper simplemap for cells of type $mux.
Using extmapper simplemap for cells of type $or.
Using extmapper simplemap for cells of type $pmux.
Using template $paramod\_90_fa\WIDTH=32'00000000000000000000000000010101 for cells of type $fa.
Using template $paramod\_90_fa\WIDTH=32'00000000000000000000000000010110 for cells of type $fa.
Using template $paramod\_90_lcu_brent_kung\WIDTH=32'00000000000000000000000000010110 for cells of type $lcu.
Using extmapper simplemap for cells of type $xor.
Using extmapper simplemap for cells of type $pos.
Using template $paramod\_90_lcu_brent_kung\WIDTH=32'00000000000000000000000000010101 for cells of type $lcu.
Using template $paramod\_90_fa\WIDTH=32'00000000000000000000000000010011 for cells of type $fa.
Using template $paramod\_90_lcu_brent_kung\WIDTH=32'00000000000000000000000000010011 for cells of type $lcu.
Using template $paramod\_90_fa\WIDTH=32'00000000000000000000000000001000 for cells of type $fa.
Using template $paramod\_90_lcu_brent_kung\WIDTH=32'00000000000000000000000000001000 for cells of type $lcu.
Using template $paramod\_90_fa\WIDTH=32'00000000000000000000000000001001 for cells of type $fa.
Using template $paramod\_90_lcu_brent_kung\WIDTH=32'00000000000000000000000000001001 for cells of type $lcu.
Using template $paramod\_90_fa\WIDTH=32'00000000000000000000000000000010 for cells of type $fa.
Using template $paramod\_90_lcu_brent_kung\WIDTH=32'00000000000000000000000000000010 for cells of type $lcu.
Using extmapper simplemap for cells of type $reduce_bool.
Using template $paramod$3ef7d3dd227da7627a99c5e5a6a4deb817573e39\_90_alu for cells of type $alu.
Using template $paramod$103b4016182df467cceab67bcf3e18e6361ec0fd\_90_alu for cells of type $alu.
Using template $paramod\_90_fa\WIDTH=32'00000000000000000000000000000011 for cells of type $fa.
Using template $paramod\_90_lcu_brent_kung\WIDTH=32'00000000000000000000000000000011 for cells of type $lcu.
Using template $paramod\_90_fa\WIDTH=32'00000000000000000000000000000111 for cells of type $fa.
Using template $paramod\_90_lcu_brent_kung\WIDTH=32'00000000000000000000000000000111 for cells of type $lcu.
Using template $paramod$32a7b7b86c07519b7537abc18e96f0331f97914d\_90_alu for cells of type $alu.
Using template $paramod$740b056ede97228d3eae64ea2fdc81f0a33e0fe7\_90_alu for cells of type $alu.
Using template $paramod\_90_fa\WIDTH=32'00000000000000000000000000000100 for cells of type $fa.
Using template $paramod\_90_lcu_brent_kung\WIDTH=32'00000000000000000000000000000100 for cells of type $lcu.
Using template $paramod$754650b284649a026620fc6856e5b6886cbfe794\_90_alu for cells of type $alu.
Using extmapper simplemap for cells of type $sdffe.
Using template $paramod\_90_fa\WIDTH=32'00000000000000000000000000001010 for cells of type $fa.
Using template $paramod\_90_lcu_brent_kung\WIDTH=32'00000000000000000000000000001010 for cells of type $lcu.
Using extmapper simplemap for cells of type $dff.
No more expansions possible.
<suppressed ~3671 debug messages>

131. Executing OPT_EXPR pass (perform const folding).
Optimizing module analog_block.
Optimizing module analog_comp.
Optimizing module analog_readout.
Optimizing module analog_wave_mixer.
Optimizing module chip_core.
<suppressed ~83 debug messages>
Optimizing module signal_processor.
<suppressed ~199 debug messages>
Optimizing module spi_regs.
<suppressed ~908 debug messages>
Optimizing module state_machine.
<suppressed ~29 debug messages>
Optimizing module wave_controller.
<suppressed ~1537 debug messages>

132. Executing OPT_MERGE pass (detect identical cells).
Finding identical cells in module `\analog_block'.
Computing hashes of 5 cells of `\analog_block'.
Finding duplicate cells in `\analog_block'.
Finding identical cells in module `\analog_comp'.
Computing hashes of 1 cells of `\analog_comp'.
Finding duplicate cells in `\analog_comp'.
Finding identical cells in module `\analog_readout'.
Computing hashes of 1 cells of `\analog_readout'.
Finding duplicate cells in `\analog_readout'.
Finding identical cells in module `\analog_wave_mixer'.
Computing hashes of 1 cells of `\analog_wave_mixer'.
Finding duplicate cells in `\analog_wave_mixer'.
Finding identical cells in module `\chip_core'.
Computing hashes of 54 cells of `\chip_core'.
Finding duplicate cells in `\chip_core'.
Computing hashes of 53 cells of `\chip_core'.
Finding duplicate cells in `\chip_core'.
<suppressed ~3 debug messages>
Finding identical cells in module `\signal_processor'.
Computing hashes of 214 cells of `\signal_processor'.
Finding duplicate cells in `\signal_processor'.
Computing hashes of 200 cells of `\signal_processor'.
Finding duplicate cells in `\signal_processor'.
Computing hashes of 199 cells of `\signal_processor'.
Finding duplicate cells in `\signal_processor'.
<suppressed ~45 debug messages>
Finding identical cells in module `\spi_regs'.
Computing hashes of 2216 cells of `\spi_regs'.
Finding duplicate cells in `\spi_regs'.
Computing hashes of 1874 cells of `\spi_regs'.
Finding duplicate cells in `\spi_regs'.
Computing hashes of 1662 cells of `\spi_regs'.
Finding duplicate cells in `\spi_regs'.
Computing hashes of 1561 cells of `\spi_regs'.
Finding duplicate cells in `\spi_regs'.
<suppressed ~1965 debug messages>
Finding identical cells in module `\state_machine'.
Computing hashes of 43 cells of `\state_machine'.
Finding duplicate cells in `\state_machine'.
Computing hashes of 42 cells of `\state_machine'.
Finding duplicate cells in `\state_machine'.
<suppressed ~3 debug messages>
Finding identical cells in module `\wave_controller'.
Computing hashes of 3202 cells of `\wave_controller'.
Finding duplicate cells in `\wave_controller'.
Computing hashes of 2990 cells of `\wave_controller'.
Finding duplicate cells in `\wave_controller'.
Computing hashes of 2963 cells of `\wave_controller'.
Finding duplicate cells in `\wave_controller'.
Computing hashes of 2955 cells of `\wave_controller'.
Finding duplicate cells in `\wave_controller'.
<suppressed ~741 debug messages>
Removed a total of 919 cells.

133. Executing OPT_DFF pass (perform DFF optimizations).

134. Executing OPT_CLEAN pass (remove unused cells and wires).
Finding unused cells or wires in module \analog_block..
Finding unused cells or wires in module \analog_comp..
Finding unused cells or wires in module \analog_readout..
Finding unused cells or wires in module \analog_wave_mixer..
Finding unused cells or wires in module \chip_core..
Finding unused cells or wires in module \signal_processor..
Finding unused cells or wires in module \spi_regs..
Finding unused cells or wires in module \state_machine..
Finding unused cells or wires in module \wave_controller..
Removed 339 unused cells and 2202 unused wires.
<suppressed ~344 debug messages>

135. Executing OPT_EXPR pass (perform const folding).
Optimizing module analog_block.
Optimizing module analog_comp.
Optimizing module analog_readout.
Optimizing module analog_wave_mixer.
Optimizing module chip_core.
Optimizing module signal_processor.
Optimizing module spi_regs.
Optimizing module state_machine.
Optimizing module wave_controller.
<suppressed ~6 debug messages>

136. Executing OPT_MERGE pass (detect identical cells).
Finding identical cells in module `\analog_block'.
Computing hashes of 5 cells of `\analog_block'.
Finding duplicate cells in `\analog_block'.
Finding identical cells in module `\analog_comp'.
Computing hashes of 1 cells of `\analog_comp'.
Finding duplicate cells in `\analog_comp'.
Finding identical cells in module `\analog_readout'.
Computing hashes of 1 cells of `\analog_readout'.
Finding duplicate cells in `\analog_readout'.
Finding identical cells in module `\analog_wave_mixer'.
Computing hashes of 1 cells of `\analog_wave_mixer'.
Finding duplicate cells in `\analog_wave_mixer'.
Finding identical cells in module `\chip_core'.
Computing hashes of 17 cells of `\chip_core'.
Finding duplicate cells in `\chip_core'.
Finding identical cells in module `\signal_processor'.
Computing hashes of 175 cells of `\signal_processor'.
Finding duplicate cells in `\signal_processor'.
Finding identical cells in module `\spi_regs'.
Computing hashes of 1559 cells of `\spi_regs'.
Finding duplicate cells in `\spi_regs'.
Finding identical cells in module `\state_machine'.
Computing hashes of 42 cells of `\state_machine'.
Finding duplicate cells in `\state_machine'.
Finding identical cells in module `\wave_controller'.
Computing hashes of 2672 cells of `\wave_controller'.
Finding duplicate cells in `\wave_controller'.
Removed a total of 0 cells.

137. Executing OPT_DFF pass (perform DFF optimizations).

138. Executing OPT_CLEAN pass (remove unused cells and wires).
Finding unused cells or wires in module \analog_block..
Finding unused cells or wires in module \analog_comp..
Finding unused cells or wires in module \analog_readout..
Finding unused cells or wires in module \analog_wave_mixer..
Finding unused cells or wires in module \chip_core..
Finding unused cells or wires in module \signal_processor..
Finding unused cells or wires in module \spi_regs..
Finding unused cells or wires in module \state_machine..
Finding unused cells or wires in module \wave_controller..
Removed 0 unused cells and 1 unused wires.
<suppressed ~1 debug messages>

139. Executing ABC pass (technology mapping using ABC).

139.1. Extracting gate netlist of module `\analog_block' to `<abc-temp-dir>/input.blif'..

139.1.1. Executed ABC.
Extracted 0 gates and 0 wires to a netlist network with 0 inputs and 0 outputs.
Don't call ABC as there is nothing to map.
Removing temp directory.

139.2. Extracting gate netlist of module `\analog_comp' to `<abc-temp-dir>/input.blif'..

139.2.1. Executed ABC.
Extracted 0 gates and 0 wires to a netlist network with 0 inputs and 0 outputs.
Don't call ABC as there is nothing to map.
Removing temp directory.

139.3. Extracting gate netlist of module `\analog_readout' to `<abc-temp-dir>/input.blif'..

139.3.1. Executed ABC.
Extracted 1 gates and 3 wires to a netlist network with 2 inputs and 1 outputs.
Running ABC script: <abc-temp-dir>/abc.script
ABC: UC Berkeley, ABC 1.01 (compiled Jul 27 2026 18:12:25)
ABC: abc 01> empty
ABC: abc 01> source <abc-temp-dir>/abc.script
ABC: + read_blif <abc-temp-dir>/input.blif 
ABC: + read_library <abc-temp-dir>/stdcells.genlib 
ABC: + strash 
ABC: + dretime 
ABC: + map 
ABC: + write_blif <abc-temp-dir>/output.blif 
ABC: 
ABC: YOSYS_ABC_DONE 

139.3.2. Re-integrating ABC results.
ABC RESULTS:               AND cells:        1
ABC RESULTS:        internal signals:        0
ABC RESULTS:           input signals:        2
ABC RESULTS:          output signals:        1
Removing temp directory.

139.4. Extracting gate netlist of module `\analog_wave_mixer' to `<abc-temp-dir>/input.blif'..

139.4.1. Executed ABC.
Extracted 1 gates and 3 wires to a netlist network with 2 inputs and 1 outputs.
Running ABC script: <abc-temp-dir>/abc.script
ABC: UC Berkeley, ABC 1.01 (compiled Jul 27 2026 18:12:25)
ABC: abc 01> empty
ABC: abc 01> source <abc-temp-dir>/abc.script
ABC: + read_blif <abc-temp-dir>/input.blif 
ABC: + read_library <abc-temp-dir>/stdcells.genlib 
ABC: + strash 
ABC: + dretime 
ABC: + map 
ABC: + write_blif <abc-temp-dir>/output.blif 
ABC: 
ABC: YOSYS_ABC_DONE 

139.4.2. Re-integrating ABC results.
ABC RESULTS:               AND cells:        1
ABC RESULTS:        internal signals:        0
ABC RESULTS:           input signals:        2
ABC RESULTS:          output signals:        1
Removing temp directory.

139.5. Extracting gate netlist of module `\chip_core' to `<abc-temp-dir>/input.blif'..

139.5.1. Executed ABC.
Extracted 7 gates and 15 wires to a netlist network with 8 inputs and 6 outputs.
Running ABC script: <abc-temp-dir>/abc.script
ABC: UC Berkeley, ABC 1.01 (compiled Jul 27 2026 18:12:25)
ABC: abc 01> empty
ABC: abc 01> source <abc-temp-dir>/abc.script
ABC: + read_blif <abc-temp-dir>/input.blif 
ABC: + read_library <abc-temp-dir>/stdcells.genlib 
ABC: + strash 
ABC: + dretime 
ABC: + map 
ABC: + write_blif <abc-temp-dir>/output.blif 
ABC: 
ABC: YOSYS_ABC_DONE 

139.5.2. Re-integrating ABC results.
ABC RESULTS:               AND cells:        2
ABC RESULTS:               NOT cells:        2
ABC RESULTS:                OR cells:        1
ABC RESULTS:               XOR cells:        2
ABC RESULTS:        internal signals:        1
ABC RESULTS:           input signals:        8
ABC RESULTS:          output signals:        6
Removing temp directory.

139.6. Extracting gate netlist of module `\signal_processor' to `<abc-temp-dir>/input.blif'..

139.6.1. Executed ABC.
Extracted 134 gates and 165 wires to a netlist network with 30 inputs and 46 outputs.
Running ABC script: <abc-temp-dir>/abc.script
ABC: UC Berkeley, ABC 1.01 (compiled Jul 27 2026 18:12:25)
ABC: abc 01> empty
ABC: abc 01> source <abc-temp-dir>/abc.script
ABC: + read_blif <abc-temp-dir>/input.blif 
ABC: + read_library <abc-temp-dir>/stdcells.genlib 
ABC: + strash 
ABC: + dretime 
ABC: + map 
ABC: + write_blif <abc-temp-dir>/output.blif 
ABC: 
ABC: YOSYS_ABC_DONE 

139.6.2. Re-integrating ABC results.
ABC RESULTS:               AND cells:       19
ABC RESULTS:            ANDNOT cells:       36
ABC RESULTS:               MUX cells:       14
ABC RESULTS:              NAND cells:        4
ABC RESULTS:               NOR cells:        3
ABC RESULTS:               NOT cells:       10
ABC RESULTS:                OR cells:       15
ABC RESULTS:             ORNOT cells:        8
ABC RESULTS:              XNOR cells:        4
ABC RESULTS:               XOR cells:        7
ABC RESULTS:        internal signals:       89
ABC RESULTS:           input signals:       30
ABC RESULTS:          output signals:       46
Removing temp directory.

139.7. Extracting gate netlist of module `\spi_regs' to `<abc-temp-dir>/input.blif'..

139.7.1. Executed ABC.
Extracted 1346 gates and 1848 wires to a netlist network with 501 inputs and 51 outputs.
Running ABC script: <abc-temp-dir>/abc.script
ABC: UC Berkeley, ABC 1.01 (compiled Jul 27 2026 18:12:25)
ABC: abc 01> empty
ABC: abc 01> source <abc-temp-dir>/abc.script
ABC: + read_blif <abc-temp-dir>/input.blif 
ABC: + read_library <abc-temp-dir>/stdcells.genlib 
ABC: + strash 
ABC: + dretime 
ABC: + map 
ABC: + write_blif <abc-temp-dir>/output.blif 
ABC: 
ABC: YOSYS_ABC_DONE 

139.7.2. Re-integrating ABC results.
ABC RESULTS:               AND cells:        6
ABC RESULTS:            ANDNOT cells:      539
ABC RESULTS:               MUX cells:       14
ABC RESULTS:              NAND cells:       43
ABC RESULTS:               NOR cells:        1
ABC RESULTS:               NOT cells:        4
ABC RESULTS:                OR cells:      591
ABC RESULTS:             ORNOT cells:       26
ABC RESULTS:              XNOR cells:        2
ABC RESULTS:               XOR cells:        5
ABC RESULTS:        internal signals:     1296
ABC RESULTS:           input signals:      501
ABC RESULTS:          output signals:       51
Removing temp directory.

139.8. Extracting gate netlist of module `\state_machine' to `<abc-temp-dir>/input.blif'..

139.8.1. Executed ABC.
Extracted 39 gates and 50 wires to a netlist network with 9 inputs and 6 outputs.
Running ABC script: <abc-temp-dir>/abc.script
ABC: UC Berkeley, ABC 1.01 (compiled Jul 27 2026 18:12:25)
ABC: abc 01> empty
ABC: abc 01> source <abc-temp-dir>/abc.script
ABC: + read_blif <abc-temp-dir>/input.blif 
ABC: + read_library <abc-temp-dir>/stdcells.genlib 
ABC: + strash 
ABC: + dretime 
ABC: + map 
ABC: + write_blif <abc-temp-dir>/output.blif 
ABC: 
ABC: YOSYS_ABC_DONE 

139.8.2. Re-integrating ABC results.
ABC RESULTS:            ANDNOT cells:       14
ABC RESULTS:               MUX cells:        1
ABC RESULTS:              NAND cells:        1
ABC RESULTS:               NOR cells:        2
ABC RESULTS:               NOT cells:        5
ABC RESULTS:                OR cells:       11
ABC RESULTS:             ORNOT cells:        2
ABC RESULTS:        internal signals:       35
ABC RESULTS:           input signals:        9
ABC RESULTS:          output signals:        6
Removing temp directory.

139.9. Extracting gate netlist of module `\wave_controller' to `<abc-temp-dir>/input.blif'..

139.9.1. Executed ABC.
Extracted 2541 gates and 2753 wires to a netlist network with 210 inputs and 177 outputs.
Running ABC script: <abc-temp-dir>/abc.script
ABC: UC Berkeley, ABC 1.01 (compiled Jul 27 2026 18:12:25)
ABC: abc 01> empty
ABC: abc 01> source <abc-temp-dir>/abc.script
ABC: + read_blif <abc-temp-dir>/input.blif 
ABC: + read_library <abc-temp-dir>/stdcells.genlib 
ABC: + strash 
ABC: + dretime 
ABC: + map 
ABC: + write_blif <abc-temp-dir>/output.blif 
ABC: 
ABC: YOSYS_ABC_DONE 

139.9.2. Re-integrating ABC results.
ABC RESULTS:               AND cells:       54
ABC RESULTS:            ANDNOT cells:      815
ABC RESULTS:               MUX cells:      259
ABC RESULTS:              NAND cells:       36
ABC RESULTS:               NOR cells:      172
ABC RESULTS:               NOT cells:      150
ABC RESULTS:                OR cells:      301
ABC RESULTS:             ORNOT cells:      151
ABC RESULTS:              XNOR cells:      101
ABC RESULTS:               XOR cells:      407
ABC RESULTS:        internal signals:     2366
ABC RESULTS:           input signals:      210
ABC RESULTS:          output signals:      177
Removing temp directory.
Removing global temp directory.

140. Executing OPT pass (performing simple optimizations).

140.1. Executing OPT_EXPR pass (perform const folding).
Optimizing module analog_block.
Optimizing module analog_comp.
Optimizing module analog_readout.
Optimizing module analog_wave_mixer.
Optimizing module chip_core.
Optimizing module signal_processor.
Optimizing module spi_regs.
<suppressed ~6 debug messages>
Optimizing module state_machine.
<suppressed ~1 debug messages>
Optimizing module wave_controller.
<suppressed ~15 debug messages>

140.2. Executing OPT_MERGE pass (detect identical cells).
Finding identical cells in module `\analog_block'.
Computing hashes of 5 cells of `\analog_block'.
Finding duplicate cells in `\analog_block'.
Finding identical cells in module `\analog_comp'.
Computing hashes of 1 cells of `\analog_comp'.
Finding duplicate cells in `\analog_comp'.
Finding identical cells in module `\analog_readout'.
Computing hashes of 1 cells of `\analog_readout'.
Finding duplicate cells in `\analog_readout'.
Finding identical cells in module `\analog_wave_mixer'.
Computing hashes of 1 cells of `\analog_wave_mixer'.
Finding duplicate cells in `\analog_wave_mixer'.
Finding identical cells in module `\chip_core'.
Computing hashes of 17 cells of `\chip_core'.
Finding duplicate cells in `\chip_core'.
Finding identical cells in module `\signal_processor'.
Computing hashes of 161 cells of `\signal_processor'.
Finding duplicate cells in `\signal_processor'.
Computing hashes of 160 cells of `\signal_processor'.
Finding duplicate cells in `\signal_processor'.
<suppressed ~3 debug messages>
Finding identical cells in module `\spi_regs'.
Computing hashes of 1444 cells of `\spi_regs'.
Finding duplicate cells in `\spi_regs'.
Finding identical cells in module `\state_machine'.
Computing hashes of 39 cells of `\state_machine'.
Finding duplicate cells in `\state_machine'.
Finding identical cells in module `\wave_controller'.
Computing hashes of 2577 cells of `\wave_controller'.
Finding duplicate cells in `\wave_controller'.
Computing hashes of 2573 cells of `\wave_controller'.
Finding duplicate cells in `\wave_controller'.
<suppressed ~12 debug messages>
Removed a total of 5 cells.

140.3. Executing OPT_DFF pass (perform DFF optimizations).

140.4. Executing OPT_CLEAN pass (remove unused cells and wires).
Finding unused cells or wires in module \analog_block..
Finding unused cells or wires in module \analog_comp..
Finding unused cells or wires in module \analog_readout..
Finding unused cells or wires in module \analog_wave_mixer..
Finding unused cells or wires in module \chip_core..
Finding unused cells or wires in module \signal_processor..
Finding unused cells or wires in module \spi_regs..
Finding unused cells or wires in module \state_machine..
Finding unused cells or wires in module \wave_controller..
Removed 0 unused cells and 2850 unused wires.
<suppressed ~30 debug messages>

140.5. Finished fast OPT passes.

141. Executing HIERARCHY pass (managing design hierarchy).

141.1. Analyzing design hierarchy..
Top module:  \chip_core
Used module:     \analog_block
Used module:         \analog_comp
Used module:         \analog_readout
Used module:         \analog_wave_mixer
Used module:     \signal_processor
Used module:     \spi_regs
Used module:     \state_machine
Used module:     \wave_controller

141.2. Analyzing design hierarchy..
Top module:  \chip_core
Used module:     \analog_block
Used module:         \analog_comp
Used module:         \analog_readout
Used module:         \analog_wave_mixer
Used module:     \signal_processor
Used module:     \spi_regs
Used module:     \state_machine
Used module:     \wave_controller
Removed 0 unused modules.

142. Executing CHECK pass (checking for obvious problems).
Checking module analog_block...
Checking module analog_comp...
Checking module analog_readout...
Checking module analog_wave_mixer...
Checking module chip_core...
Checking module signal_processor...
Checking module spi_regs...
Checking module state_machine...
Checking module wave_controller...
Found and reported 0 problems.

143. Printing statistics.

=== analog_block ===

        +----------Local Count, excluding submodules.
        | 
       12 wires
       12 wire bits
       12 public wires
       12 public wire bits
       10 ports
       10 port bits
        5 submodules
        2   analog_comp
        1   analog_readout
        2   analog_wave_mixer

=== analog_comp ===

        +----------Local Count, excluding submodules.
        | 
        6 wires
        6 wire bits
        6 public wires
        6 public wire bits
        5 ports
        5 port bits
        1 cells
        1   $_DFF_P_

=== analog_readout ===

        +----------Local Count, excluding submodules.
        | 
        5 wires
        5 wire bits
        5 public wires
        5 public wire bits
        5 ports
        5 port bits
        1 cells
        1   $_AND_

=== analog_wave_mixer ===

        +----------Local Count, excluding submodules.
        | 
        5 wires
        5 wire bits
        5 public wires
        5 public wire bits
        5 ports
        5 port bits
        1 cells
        1   $_AND_

=== chip_core ===

        +----------Local Count, excluding submodules.
        | 
       93 wires
      615 wire bits
       90 public wires
      594 public wire bits
       14 ports
       89 port bits
       10 cells
        2   $_AND_
        2   $_NOT_
        1   $_OR_
        3   $_SDFFE_PN0P_
        2   $_XOR_
        7 submodules
        1   analog_block
        2   signal_processor
        1   spi_regs
        1   state_machine
        2   wave_controller

=== signal_processor ===

        +----------Local Count, excluding submodules.
        | 
      120 wires
      171 wire bits
       26 public wires
       52 public wire bits
       14 ports
       21 port bits
      160 cells
       36   $_ANDNOT_
       18   $_AND_
       27   $_DFFE_PN0P_
       14   $_DFF_PN0_
       14   $_MUX_
        4   $_NAND_
        3   $_NOR_
       10   $_NOT_
        8   $_ORNOT_
       15   $_OR_
        4   $_XNOR_
        7   $_XOR_

=== spi_regs ===

        +----------Local Count, excluding submodules.
        | 
     1296 wires
     1762 wire bits
       67 public wires
      531 public wire bits
       50 ports
      470 port bits
     1444 cells
      539   $_ANDNOT_
        6   $_AND_
      203   $_DFFE_PN0P_
        8   $_DFF_PN0_
        2   $_DFF_PN1_
       14   $_MUX_
       43   $_NAND_
        1   $_NOR_
        4   $_NOT_
       26   $_ORNOT_
      591   $_OR_
        2   $_XNOR_
        5   $_XOR_

=== state_machine ===

        +----------Local Count, excluding submodules.
        | 
       44 wires
       50 wire bits
       13 public wires
       19 public wire bits
       11 ports
       13 port bits
       39 cells
       14   $_ANDNOT_
        3   $_DFFE_PN0P_
        1   $_MUX_
        1   $_NAND_
        2   $_NOR_
        5   $_NOT_
        2   $_ORNOT_
       11   $_OR_

=== wave_controller ===

        +----------Local Count, excluding submodules.
        | 
     2346 wires
     2734 wire bits
       46 public wires
      335 public wire bits
       27 ports
      229 port bits
     2573 cells
      814   $_ANDNOT_
       52   $_AND_
      109   $_DFFE_PN0P_
        2   $_DFFE_PN1P_
       18   $_DFF_PN0_
        1   $_DFF_PN1_
      259   $_MUX_
       36   $_NAND_
      171   $_NOR_
      150   $_NOT_
      151   $_ORNOT_
      301   $_OR_
      101   $_XNOR_
      407   $_XOR_
        1   $scopeinfo

=== design hierarchy ===

        +----------Count including submodules.
        | 
     6964 chip_core
        1   analog_comp
        1   analog_readout
        1   analog_wave_mixer
      160 signal_processor
     1444 spi_regs
       39 state_machine
     2573 wave_controller

        +----------Count including submodules.
        | 
     6404 wires
     8276 wire bits
      353 public wires
     1957 public wire bits
      192 ports
     1107 port bits
        - memories
        - memory bits
        - processes
     6964 cells
     2253   $_ANDNOT_
      151   $_AND_
      478   $_DFFE_PN0P_
        4   $_DFFE_PN1P_
       72   $_DFF_PN0_
        4   $_DFF_PN1_
        2   $_DFF_P_
      561   $_MUX_
      124   $_NAND_
      351   $_NOR_
      331   $_NOT_
      346   $_ORNOT_
     1235   $_OR_
        3   $_SDFFE_PN0P_
      212   $_XNOR_
      835   $_XOR_
        2   $scopeinfo
        7 submodules
        1   analog_block
        2   signal_processor
        1   spi_regs
        1   state_machine
        2   wave_controller

144. Executing OPT pass (performing simple optimizations).

144.1. Executing OPT_EXPR pass (perform const folding).
Optimizing module analog_block.
Optimizing module analog_comp.
Optimizing module analog_readout.
Optimizing module analog_wave_mixer.
Optimizing module chip_core.
Optimizing module signal_processor.
Optimizing module spi_regs.
Optimizing module state_machine.
Optimizing module wave_controller.

144.2. Executing OPT_MERGE pass (detect identical cells).
Finding identical cells in module `\analog_block'.
Computing hashes of 5 cells of `\analog_block'.
Finding duplicate cells in `\analog_block'.
Finding identical cells in module `\analog_comp'.
Computing hashes of 1 cells of `\analog_comp'.
Finding duplicate cells in `\analog_comp'.
Finding identical cells in module `\analog_readout'.
Computing hashes of 1 cells of `\analog_readout'.
Finding duplicate cells in `\analog_readout'.
Finding identical cells in module `\analog_wave_mixer'.
Computing hashes of 1 cells of `\analog_wave_mixer'.
Finding duplicate cells in `\analog_wave_mixer'.
Finding identical cells in module `\chip_core'.
Computing hashes of 17 cells of `\chip_core'.
Finding duplicate cells in `\chip_core'.
Finding identical cells in module `\signal_processor'.
Computing hashes of 160 cells of `\signal_processor'.
Finding duplicate cells in `\signal_processor'.
Finding identical cells in module `\spi_regs'.
Computing hashes of 1444 cells of `\spi_regs'.
Finding duplicate cells in `\spi_regs'.
Finding identical cells in module `\state_machine'.
Computing hashes of 39 cells of `\state_machine'.
Finding duplicate cells in `\state_machine'.
Finding identical cells in module `\wave_controller'.
Computing hashes of 2573 cells of `\wave_controller'.
Finding duplicate cells in `\wave_controller'.
Removed a total of 0 cells.

144.3. Executing OPT_MUXTREE pass (detect dead branches in mux trees).
Running muxtree optimizer on module \analog_block..
  Creating internal representation of mux trees.
  No muxes found in this module.
Running muxtree optimizer on module \analog_comp..
  Creating internal representation of mux trees.
  No muxes found in this module.
Running muxtree optimizer on module \analog_readout..
  Creating internal representation of mux trees.
  No muxes found in this module.
Running muxtree optimizer on module \analog_wave_mixer..
  Creating internal representation of mux trees.
  No muxes found in this module.
Running muxtree optimizer on module \chip_core..
  Creating internal representation of mux trees.
  No muxes found in this module.
Running muxtree optimizer on module \signal_processor..
  Creating internal representation of mux trees.
  No muxes found in this module.
Running muxtree optimizer on module \spi_regs..
  Creating internal representation of mux trees.
  No muxes found in this module.
Running muxtree optimizer on module \state_machine..
  Creating internal representation of mux trees.
  No muxes found in this module.
Running muxtree optimizer on module \wave_controller..
  Creating internal representation of mux trees.
  No muxes found in this module.
Removed 0 multiplexer ports.

144.4. Executing OPT_REDUCE pass (consolidate $*mux and $reduce_* inputs).
  Optimizing cells in module \analog_block.
  Optimizing cells in module \analog_comp.
  Optimizing cells in module \analog_readout.
  Optimizing cells in module \analog_wave_mixer.
  Optimizing cells in module \chip_core.
  Optimizing cells in module \signal_processor.
  Optimizing cells in module \spi_regs.
  Optimizing cells in module \state_machine.
  Optimizing cells in module \wave_controller.
Performed a total of 0 changes.

144.5. Executing OPT_MERGE pass (detect identical cells).
Finding identical cells in module `\analog_block'.
Computing hashes of 5 cells of `\analog_block'.
Finding duplicate cells in `\analog_block'.
Finding identical cells in module `\analog_comp'.
Computing hashes of 1 cells of `\analog_comp'.
Finding duplicate cells in `\analog_comp'.
Finding identical cells in module `\analog_readout'.
Computing hashes of 1 cells of `\analog_readout'.
Finding duplicate cells in `\analog_readout'.
Finding identical cells in module `\analog_wave_mixer'.
Computing hashes of 1 cells of `\analog_wave_mixer'.
Finding duplicate cells in `\analog_wave_mixer'.
Finding identical cells in module `\chip_core'.
Computing hashes of 17 cells of `\chip_core'.
Finding duplicate cells in `\chip_core'.
Finding identical cells in module `\signal_processor'.
Computing hashes of 160 cells of `\signal_processor'.
Finding duplicate cells in `\signal_processor'.
Finding identical cells in module `\spi_regs'.
Computing hashes of 1444 cells of `\spi_regs'.
Finding duplicate cells in `\spi_regs'.
Finding identical cells in module `\state_machine'.
Computing hashes of 39 cells of `\state_machine'.
Finding duplicate cells in `\state_machine'.
Finding identical cells in module `\wave_controller'.
Computing hashes of 2573 cells of `\wave_controller'.
Finding duplicate cells in `\wave_controller'.
Removed a total of 0 cells.

144.6. Executing OPT_DFF pass (perform DFF optimizations).

144.7. Executing OPT_CLEAN pass (remove unused cells and wires).
Finding unused cells or wires in module \analog_block..
Finding unused cells or wires in module \analog_comp..
Finding unused cells or wires in module \analog_readout..
Finding unused cells or wires in module \analog_wave_mixer..
Finding unused cells or wires in module \chip_core..
Finding unused cells or wires in module \signal_processor..
Finding unused cells or wires in module \spi_regs..
Finding unused cells or wires in module \state_machine..
Finding unused cells or wires in module \wave_controller..

144.8. Executing OPT_EXPR pass (perform const folding).
Optimizing module analog_block.
Optimizing module analog_comp.
Optimizing module analog_readout.
Optimizing module analog_wave_mixer.
Optimizing module chip_core.
Optimizing module signal_processor.
Optimizing module spi_regs.
Optimizing module state_machine.
Optimizing module wave_controller.

144.9. Finished fast OPT passes. (There is nothing left to do.)

145. Executing OPT_CLEAN pass (remove unused cells and wires).
Finding unused cells or wires in module \analog_block..
Finding unused cells or wires in module \analog_comp..
Finding unused cells or wires in module \analog_readout..
Finding unused cells or wires in module \analog_wave_mixer..
Finding unused cells or wires in module \chip_core..
Finding unused cells or wires in module \signal_processor..
Finding unused cells or wires in module \spi_regs..
Finding unused cells or wires in module \state_machine..
Finding unused cells or wires in module \wave_controller..
Removed 1 unused cells and 12 unused wires.
<suppressed ~13 debug messages>
{
   "creator": "Yosys 0.67 (git sha1 2d1509d1b, Release, GNU /usr/bin/c++ 13.3.0)",
   "invocation": "stat -json -liberty /workspace/librelane/runs/RUN_2026-08-09_19-20-25/tmp/b2902e51b00049c3a7237cfd0d71bba5.lib -liberty /workspace/librelane/runs/RUN_2026-08-09_19-20-25/tmp/0b4cc232f4fe4b72b3402a012dd50493.lib -liberty /workspace/librelane/runs/RUN_2026-08-09_19-20-25/tmp/09368e10bb1c45e2b47989132695c8b5.lib ",
   "modules": {
      "\\analog_block": {
         "num_wires":         12,
         "num_wire_bits":     12,
         "num_pub_wires":     12,
         "num_pub_wire_bits": 12,
         "num_ports":         10,
         "num_port_bits":     10,
         "num_memories":      0,
         "num_memory_bits":   0,
         "num_processes":     0,
         "num_cells":         0,
         "num_submodules":       5,
         "num_cells_by_type": {
            "analog_comp": 2,
            "analog_readout": 1,
            "analog_wave_mixer": 2
         }
      },
      "\\analog_comp": {
         "num_wires":         5,
         "num_wire_bits":     5,
         "num_pub_wires":     5,
         "num_pub_wire_bits": 5,
         "num_ports":         5,
         "num_port_bits":     5,
         "num_memories":      0,
         "num_memory_bits":   0,
         "num_processes":     0,
         "num_cells":         1,
         "num_submodules":       0,
         "num_cells_by_type": {
            "$_DFF_P_": 1
         }
      },
      "\\analog_readout": {
         "num_wires":         5,
         "num_wire_bits":     5,
         "num_pub_wires":     5,
         "num_pub_wire_bits": 5,
         "num_ports":         5,
         "num_port_bits":     5,
         "num_memories":      0,
         "num_memory_bits":   0,
         "num_processes":     0,
         "num_cells":         1,
         "num_submodules":       0,
         "num_cells_by_type": {
            "$_AND_": 1
         }
      },
      "\\analog_wave_mixer": {
         "num_wires":         5,
         "num_wire_bits":     5,
         "num_pub_wires":     5,
         "num_pub_wire_bits": 5,
         "num_ports":         5,
         "num_port_bits":     5,
         "num_memories":      0,
         "num_memory_bits":   0,
         "num_processes":     0,
         "num_cells":         1,
         "num_submodules":       0,
         "num_cells_by_type": {
            "$_AND_": 1
         }
      },
      "\\chip_core": {
         "num_wires":         89,
         "num_wire_bits":     602,
         "num_pub_wires":     86,
         "num_pub_wire_bits": 581,
         "num_ports":         14,
         "num_port_bits":     89,
         "num_memories":      0,
         "num_memory_bits":   0,
         "num_processes":     0,
         "num_cells":         10,
         "num_submodules":       7,
         "num_cells_by_type": {
            "$_AND_": 2,
            "$_NOT_": 2,
            "$_OR_": 1,
            "$_SDFFE_PN0P_": 3,
            "$_XOR_": 2,
            "analog_block": 1,
            "signal_processor": 2,
            "spi_regs": 1,
            "state_machine": 1,
            "wave_controller": 2
         }
      },
      "\\signal_processor": {
         "num_wires":         119,
         "num_wire_bits":     169,
         "num_pub_wires":     25,
         "num_pub_wire_bits": 50,
         "num_ports":         14,
         "num_port_bits":     21,
         "num_memories":      0,
         "num_memory_bits":   0,
         "num_processes":     0,
         "num_cells":         160,
         "num_submodules":       0,
         "num_cells_by_type": {
            "$_ANDNOT_": 36,
            "$_AND_": 18,
            "$_DFFE_PN0P_": 27,
            "$_DFF_PN0_": 14,
            "$_MUX_": 14,
            "$_NAND_": 4,
            "$_NOR_": 3,
            "$_NOT_": 10,
            "$_ORNOT_": 8,
            "$_OR_": 15,
            "$_XNOR_": 4,
            "$_XOR_": 7
         }
      },
      "\\spi_regs": {
         "num_wires":         1295,
         "num_wire_bits":     1754,
         "num_pub_wires":     66,
         "num_pub_wire_bits": 523,
         "num_ports":         50,
         "num_port_bits":     470,
         "num_memories":      0,
         "num_memory_bits":   0,
         "num_processes":     0,
         "num_cells":         1444,
         "num_submodules":       0,
         "num_cells_by_type": {
            "$_ANDNOT_": 539,
            "$_AND_": 6,
            "$_DFFE_PN0P_": 203,
            "$_DFF_PN0_": 8,
            "$_DFF_PN1_": 2,
            "$_MUX_": 14,
            "$_NAND_": 43,
            "$_NOR_": 1,
            "$_NOT_": 4,
            "$_ORNOT_": 26,
            "$_OR_": 591,
            "$_XNOR_": 2,
            "$_XOR_": 5
         }
      },
      "\\state_machine": {
         "num_wires":         43,
         "num_wire_bits":     47,
         "num_pub_wires":     12,
         "num_pub_wire_bits": 16,
         "num_ports":         11,
         "num_port_bits":     13,
         "num_memories":      0,
         "num_memory_bits":   0,
         "num_processes":     0,
         "num_cells":         39,
         "num_submodules":       0,
         "num_cells_by_type": {
            "$_ANDNOT_": 14,
            "$_DFFE_PN0P_": 3,
            "$_MUX_": 1,
            "$_NAND_": 1,
            "$_NOR_": 2,
            "$_NOT_": 5,
            "$_ORNOT_": 2,
            "$_OR_": 11
         }
      },
      "\\wave_controller": {
         "num_wires":         2342,
         "num_wire_bits":     2681,
         "num_pub_wires":     42,
         "num_pub_wire_bits": 282,
         "num_ports":         27,
         "num_port_bits":     229,
         "num_memories":      0,
         "num_memory_bits":   0,
         "num_processes":     0,
         "num_cells":         2572,
         "num_submodules":       0,
         "num_cells_by_type": {
            "$_ANDNOT_": 814,
            "$_AND_": 52,
            "$_DFFE_PN0P_": 109,
            "$_DFFE_PN1P_": 2,
            "$_DFF_PN0_": 18,
            "$_DFF_PN1_": 1,
            "$_MUX_": 259,
            "$_NAND_": 36,
            "$_NOR_": 171,
            "$_NOT_": 150,
            "$_ORNOT_": 151,
            "$_OR_": 301,
            "$_XNOR_": 101,
            "$_XOR_": 407
         }
      }
   },
      "design": {
         "num_wires":         6386,
         "num_wire_bits":     8140,
         "num_pub_wires":     335,
         "num_pub_wire_bits": 1821,
         "num_ports":         192,
         "num_port_bits":     1107,
         "num_memories":      0,
         "num_memory_bits":   0,
         "num_processes":     0,
         "num_cells":         6962,
         "num_submodules":       7,
         "num_cells_by_type": {
            "$_ANDNOT_": 2253,
            "$_AND_": 151,
            "$_DFFE_PN0P_": 478,
            "$_DFFE_PN1P_": 4,
            "$_DFF_PN0_": 72,
            "$_DFF_PN1_": 4,
            "$_DFF_P_": 2,
            "$_MUX_": 561,
            "$_NAND_": 124,
            "$_NOR_": 351,
            "$_NOT_": 331,
            "$_ORNOT_": 346,
            "$_OR_": 1235,
            "$_SDFFE_PN0P_": 3,
            "$_XNOR_": 212,
            "$_XOR_": 835,
            "analog_block": 1,
            "signal_processor": 2,
            "spi_regs": 1,
            "state_machine": 1,
            "wave_controller": 2
         }
      }
}

146. Printing statistics.

=== analog_block ===

        +----------Local Count, excluding submodules.
        | 
       12 wires
       12 wire bits
       12 public wires
       12 public wire bits
       10 ports
       10 port bits
        5 submodules
        2   analog_comp
        1   analog_readout
        2   analog_wave_mixer

   Area for cell type $_AND_ is unknown!
   Area for cell type $_DFF_P_ is unknown!

=== analog_comp ===

        +----------Local Count, excluding submodules.
        | 
        5 wires
        5 wire bits
        5 public wires
        5 public wire bits
        5 ports
        5 port bits
        1 cells
        1   $_DFF_P_

   Area for cell type $_DFF_P_ is unknown!

=== analog_readout ===

        +----------Local Count, excluding submodules.
        | 
        5 wires
        5 wire bits
        5 public wires
        5 public wire bits
        5 ports
        5 port bits
        1 cells
        1   $_AND_

   Area for cell type $_AND_ is unknown!

=== analog_wave_mixer ===

        +----------Local Count, excluding submodules.
        | 
        5 wires
        5 wire bits
        5 public wires
        5 public wire bits
        5 ports
        5 port bits
        1 cells
        1   $_AND_

   Area for cell type $_AND_ is unknown!

=== chip_core ===

        +----------Local Count, excluding submodules.
        | 
       89 wires
      602 wire bits
       86 public wires
      581 public wire bits
       14 ports
       89 port bits
       10 cells
        2   $_AND_
        2   $_NOT_
        1   $_OR_
        3   $_SDFFE_PN0P_
        2   $_XOR_
        7 submodules
        1   analog_block
        2   signal_processor
        1   spi_regs
        1   state_machine
        2   wave_controller

   Area for cell type $_ANDNOT_ is unknown!
   Area for cell type $_AND_ is unknown!
   Area for cell type $_DFFE_PN0P_ is unknown!
   Area for cell type $_DFFE_PN1P_ is unknown!
   Area for cell type $_DFF_PN0_ is unknown!
   Area for cell type $_DFF_PN1_ is unknown!
   Area for cell type $_DFF_P_ is unknown!
   Area for cell type $_MUX_ is unknown!
   Area for cell type $_NAND_ is unknown!
   Area for cell type $_NOR_ is unknown!
   Area for cell type $_NOT_ is unknown!
   Area for cell type $_ORNOT_ is unknown!
   Area for cell type $_OR_ is unknown!
   Area for cell type $_SDFFE_PN0P_ is unknown!
   Area for cell type $_XNOR_ is unknown!
   Area for cell type $_XOR_ is unknown!

=== signal_processor ===

        +----------Local Count, excluding submodules.
        | 
      119 wires
      169 wire bits
       25 public wires
       50 public wire bits
       14 ports
       21 port bits
      160 cells
       36   $_ANDNOT_
       18   $_AND_
       27   $_DFFE_PN0P_
       14   $_DFF_PN0_
       14   $_MUX_
        4   $_NAND_
        3   $_NOR_
       10   $_NOT_
        8   $_ORNOT_
       15   $_OR_
        4   $_XNOR_
        7   $_XOR_

   Area for cell type $_ANDNOT_ is unknown!
   Area for cell type $_AND_ is unknown!
   Area for cell type $_DFFE_PN0P_ is unknown!
   Area for cell type $_DFF_PN0_ is unknown!
   Area for cell type $_MUX_ is unknown!
   Area for cell type $_NAND_ is unknown!
   Area for cell type $_NOR_ is unknown!
   Area for cell type $_NOT_ is unknown!
   Area for cell type $_ORNOT_ is unknown!
   Area for cell type $_OR_ is unknown!
   Area for cell type $_XNOR_ is unknown!
   Area for cell type $_XOR_ is unknown!

=== spi_regs ===

        +----------Local Count, excluding submodules.
        | 
     1295 wires
     1754 wire bits
       66 public wires
      523 public wire bits
       50 ports
      470 port bits
     1444 cells
      539   $_ANDNOT_
        6   $_AND_
      203   $_DFFE_PN0P_
        8   $_DFF_PN0_
        2   $_DFF_PN1_
       14   $_MUX_
       43   $_NAND_
        1   $_NOR_
        4   $_NOT_
       26   $_ORNOT_
      591   $_OR_
        2   $_XNOR_
        5   $_XOR_

   Area for cell type $_ANDNOT_ is unknown!
   Area for cell type $_AND_ is unknown!
   Area for cell type $_DFFE_PN0P_ is unknown!
   Area for cell type $_DFF_PN0_ is unknown!
   Area for cell type $_DFF_PN1_ is unknown!
   Area for cell type $_MUX_ is unknown!
   Area for cell type $_NAND_ is unknown!
   Area for cell type $_NOR_ is unknown!
   Area for cell type $_NOT_ is unknown!
   Area for cell type $_ORNOT_ is unknown!
   Area for cell type $_OR_ is unknown!
   Area for cell type $_XNOR_ is unknown!
   Area for cell type $_XOR_ is unknown!

=== state_machine ===

        +----------Local Count, excluding submodules.
        | 
       43 wires
       47 wire bits
       12 public wires
       16 public wire bits
       11 ports
       13 port bits
       39 cells
       14   $_ANDNOT_
        3   $_DFFE_PN0P_
        1   $_MUX_
        1   $_NAND_
        2   $_NOR_
        5   $_NOT_
        2   $_ORNOT_
       11   $_OR_

   Area for cell type $_ANDNOT_ is unknown!
   Area for cell type $_DFFE_PN0P_ is unknown!
   Area for cell type $_MUX_ is unknown!
   Area for cell type $_NAND_ is unknown!
   Area for cell type $_NOR_ is unknown!
   Area for cell type $_NOT_ is unknown!
   Area for cell type $_ORNOT_ is unknown!
   Area for cell type $_OR_ is unknown!

=== wave_controller ===

        +----------Local Count, excluding submodules.
        | 
     2342 wires
     2681 wire bits
       42 public wires
      282 public wire bits
       27 ports
      229 port bits
     2572 cells
      814   $_ANDNOT_
       52   $_AND_
      109   $_DFFE_PN0P_
        2   $_DFFE_PN1P_
       18   $_DFF_PN0_
        1   $_DFF_PN1_
      259   $_MUX_
       36   $_NAND_
      171   $_NOR_
      150   $_NOT_
      151   $_ORNOT_
      301   $_OR_
      101   $_XNOR_
      407   $_XOR_

   Area for cell type $_ANDNOT_ is unknown!
   Area for cell type $_AND_ is unknown!
   Area for cell type $_DFFE_PN0P_ is unknown!
   Area for cell type $_DFFE_PN1P_ is unknown!
   Area for cell type $_DFF_PN0_ is unknown!
   Area for cell type $_DFF_PN1_ is unknown!
   Area for cell type $_MUX_ is unknown!
   Area for cell type $_NAND_ is unknown!
   Area for cell type $_NOR_ is unknown!
   Area for cell type $_NOT_ is unknown!
   Area for cell type $_ORNOT_ is unknown!
   Area for cell type $_OR_ is unknown!
   Area for cell type $_XNOR_ is unknown!
   Area for cell type $_XOR_ is unknown!

=== design hierarchy ===

        +----------Count including submodules.
        | 
     6962 chip_core
        1   analog_comp
        1   analog_readout
        1   analog_wave_mixer
      160 signal_processor
     1444 spi_regs
       39 state_machine
     2572 wave_controller

        +----------Count including submodules.
        | 
     6386 wires
     8140 wire bits
      335 public wires
     1821 public wire bits
      192 ports
     1107 port bits
        - memories
        - memory bits
        - processes
     6962 cells
     2253   $_ANDNOT_
      151   $_AND_
      478   $_DFFE_PN0P_
        4   $_DFFE_PN1P_
       72   $_DFF_PN0_
        4   $_DFF_PN1_
        2   $_DFF_P_
      561   $_MUX_
      124   $_NAND_
      351   $_NOR_
      331   $_NOT_
      346   $_ORNOT_
     1235   $_OR_
        3   $_SDFFE_PN0P_
      212   $_XNOR_
      835   $_XOR_
        7 submodules
        1   analog_block
        2   signal_processor
        1   spi_regs
        1   state_machine
        2   wave_controller

   Area for cell type $_ANDNOT_ is unknown!
   Area for cell type $_AND_ is unknown!
   Area for cell type $_DFFE_PN0P_ is unknown!
   Area for cell type $_DFFE_PN1P_ is unknown!
   Area for cell type $_DFF_PN0_ is unknown!
   Area for cell type $_DFF_PN1_ is unknown!
   Area for cell type $_DFF_P_ is unknown!
   Area for cell type $_MUX_ is unknown!
   Area for cell type $_NAND_ is unknown!
   Area for cell type $_NOR_ is unknown!
   Area for cell type $_NOT_ is unknown!
   Area for cell type $_ORNOT_ is unknown!
   Area for cell type $_OR_ is unknown!
   Area for cell type $_SDFFE_PN0P_ is unknown!
   Area for cell type $_XNOR_ is unknown!
   Area for cell type $_XOR_ is unknown!

147. Executing DFFLIBMAP pass (mapping DFF cells to sequential cells from liberty file).
  cell gf180mcu_fd_sc_mcu7t5v0__dffnq_1 (noninv, pins=3, area=65.86) is a direct match for cell type $_DFF_N_.
  cell gf180mcu_fd_sc_mcu7t5v0__dffq_1 (noninv, pins=3, area=63.66) is a direct match for cell type $_DFF_P_.
  cell gf180mcu_fd_sc_mcu7t5v0__dffnrnq_1 (noninv, pins=4, area=74.64) is a direct match for cell type $_DFF_NN0_.
  cell gf180mcu_fd_sc_mcu7t5v0__dffnsnq_1 (noninv, pins=4, area=79.03) is a direct match for cell type $_DFF_NN1_.
  cell gf180mcu_fd_sc_mcu7t5v0__dffrnq_1 (noninv, pins=4, area=74.64) is a direct match for cell type $_DFF_PN0_.
  cell gf180mcu_fd_sc_mcu7t5v0__dffsnq_1 (noninv, pins=4, area=79.03) is a direct match for cell type $_DFF_PN1_.
  cell gf180mcu_fd_sc_mcu7t5v0__dffnrsnq_1 (noninv, pins=5, area=94.39) is a direct match for cell type $_DFFSR_NNN_.
  cell gf180mcu_fd_sc_mcu7t5v0__dffrsnq_1 (noninv, pins=5, area=85.61) is a direct match for cell type $_DFFSR_PNN_.
  final dff cell mappings:
    \gf180mcu_fd_sc_mcu7t5v0__dffnq_1 _DFF_N_ (.CLKN( C), .D( D), .Q( Q));
    \gf180mcu_fd_sc_mcu7t5v0__dffq_1 _DFF_P_ (.CLK( C), .D( D), .Q( Q));
    \gf180mcu_fd_sc_mcu7t5v0__dffnrnq_1 _DFF_NN0_ (.CLKN( C), .D( D), .Q( Q), .RN( R));
    \gf180mcu_fd_sc_mcu7t5v0__dffnsnq_1 _DFF_NN1_ (.CLKN( C), .D( D), .Q( Q), .SETN( R));
    unmapped dff cell: $_DFF_NP0_
    unmapped dff cell: $_DFF_NP1_
    \gf180mcu_fd_sc_mcu7t5v0__dffrnq_1 _DFF_PN0_ (.CLK( C), .D( D), .Q( Q), .RN( R));
    \gf180mcu_fd_sc_mcu7t5v0__dffsnq_1 _DFF_PN1_ (.CLK( C), .D( D), .Q( Q), .SETN( R));
    unmapped dff cell: $_DFF_PP0_
    unmapped dff cell: $_DFF_PP1_
    unmapped dff cell: $_DFFE_NN_
    unmapped dff cell: $_DFFE_NP_
    unmapped dff cell: $_DFFE_PN_
    unmapped dff cell: $_DFFE_PP_
    \gf180mcu_fd_sc_mcu7t5v0__dffnrsnq_1 _DFFSR_NNN_ (.CLKN( C), .D( D), .Q( Q), .RN( R), .SETN( S));
    unmapped dff cell: $_DFFSR_NNP_
    unmapped dff cell: $_DFFSR_NPN_
    unmapped dff cell: $_DFFSR_NPP_
    \gf180mcu_fd_sc_mcu7t5v0__dffrsnq_1 _DFFSR_PNN_ (.CLK( C), .D( D), .Q( Q), .RN( R), .SETN( S));
    unmapped dff cell: $_DFFSR_PNP_
    unmapped dff cell: $_DFFSR_PPN_
    unmapped dff cell: $_DFFSR_PPP_

147.1. Executing DFFLEGALIZE pass (convert FFs to types supported by the target).
Mapping DFF cells in module `\analog_block':
Mapping DFF cells in module `\analog_comp':
  mapped 1 $_DFF_P_ cells to \gf180mcu_fd_sc_mcu7t5v0__dffq_1 cells.
Mapping DFF cells in module `\analog_readout':
Mapping DFF cells in module `\analog_wave_mixer':
Mapping DFF cells in module `\chip_core':
  mapped 3 $_DFF_P_ cells to \gf180mcu_fd_sc_mcu7t5v0__dffq_1 cells.
Mapping DFF cells in module `\signal_processor':
  mapped 41 $_DFF_PN0_ cells to \gf180mcu_fd_sc_mcu7t5v0__dffrnq_1 cells.
Mapping DFF cells in module `\spi_regs':
  mapped 211 $_DFF_PN0_ cells to \gf180mcu_fd_sc_mcu7t5v0__dffrnq_1 cells.
  mapped 2 $_DFF_PN1_ cells to \gf180mcu_fd_sc_mcu7t5v0__dffsnq_1 cells.
Mapping DFF cells in module `\state_machine':
  mapped 3 $_DFF_PN0_ cells to \gf180mcu_fd_sc_mcu7t5v0__dffrnq_1 cells.
Mapping DFF cells in module `\wave_controller':
  mapped 127 $_DFF_PN0_ cells to \gf180mcu_fd_sc_mcu7t5v0__dffrnq_1 cells.
  mapped 3 $_DFF_PN1_ cells to \gf180mcu_fd_sc_mcu7t5v0__dffsnq_1 cells.
{
   "creator": "Yosys 0.67 (git sha1 2d1509d1b, Release, GNU /usr/bin/c++ 13.3.0)",
   "invocation": "stat -json -liberty /workspace/librelane/runs/RUN_2026-08-09_19-20-25/tmp/b2902e51b00049c3a7237cfd0d71bba5.lib -liberty /workspace/librelane/runs/RUN_2026-08-09_19-20-25/tmp/0b4cc232f4fe4b72b3402a012dd50493.lib -liberty /workspace/librelane/runs/RUN_2026-08-09_19-20-25/tmp/09368e10bb1c45e2b47989132695c8b5.lib ",
   "modules": {
      "\\analog_block": {
         "num_wires":         12,
         "num_wire_bits":     12,
         "num_pub_wires":     12,
         "num_pub_wire_bits": 12,
         "num_ports":         10,
         "num_port_bits":     10,
         "num_memories":      0,
         "num_memory_bits":   0,
         "num_processes":     0,
         "num_cells":         0,
         "num_submodules":       5,
         "area":              127.321600,
         "sequential_area":    127.321600,
         "num_cells_by_type": {
            "analog_comp": 2,
            "analog_readout": 1,
            "analog_wave_mixer": 2
         }
      },
      "\\analog_comp": {
         "num_wires":         5,
         "num_wire_bits":     5,
         "num_pub_wires":     5,
         "num_pub_wire_bits": 5,
         "num_ports":         5,
         "num_port_bits":     5,
         "num_memories":      0,
         "num_memory_bits":   0,
         "num_processes":     0,
         "num_cells":         1,
         "num_submodules":       0,
         "area":              63.660800,
         "sequential_area":    63.660800,
         "num_cells_by_type": {
            "gf180mcu_fd_sc_mcu7t5v0__dffq_1": 1
         }
      },
      "\\analog_readout": {
         "num_wires":         5,
         "num_wire_bits":     5,
         "num_pub_wires":     5,
         "num_pub_wire_bits": 5,
         "num_ports":         5,
         "num_port_bits":     5,
         "num_memories":      0,
         "num_memory_bits":   0,
         "num_processes":     0,
         "num_cells":         1,
         "num_submodules":       0,
         "num_cells_by_type": {
            "$_AND_": 1
         }
      },
      "\\analog_wave_mixer": {
         "num_wires":         5,
         "num_wire_bits":     5,
         "num_pub_wires":     5,
         "num_pub_wire_bits": 5,
         "num_ports":         5,
         "num_port_bits":     5,
         "num_memories":      0,
         "num_memory_bits":   0,
         "num_processes":     0,
         "num_cells":         1,
         "num_submodules":       0,
         "num_cells_by_type": {
            "$_AND_": 1
         }
      },
      "\\chip_core": {
         "num_wires":         95,
         "num_wire_bits":     608,
         "num_pub_wires":     86,
         "num_pub_wire_bits": 581,
         "num_ports":         14,
         "num_port_bits":     89,
         "num_memories":      0,
         "num_memory_bits":   0,
         "num_processes":     0,
         "num_cells":         16,
         "num_submodules":       7,
         "area":              42000.761600,
         "sequential_area":    42000.761600,
         "num_cells_by_type": {
            "$_AND_": 2,
            "$_MUX_": 6,
            "$_NOT_": 2,
            "$_OR_": 1,
            "$_XOR_": 2,
            "gf180mcu_fd_sc_mcu7t5v0__dffq_1": 3,
            "analog_block": 1,
            "signal_processor": 2,
            "spi_regs": 1,
            "state_machine": 1,
            "wave_controller": 2
         }
      },
      "\\signal_processor": {
         "num_wires":         146,
         "num_wire_bits":     196,
         "num_pub_wires":     25,
         "num_pub_wire_bits": 50,
         "num_ports":         14,
         "num_port_bits":     21,
         "num_memories":      0,
         "num_memory_bits":   0,
         "num_processes":     0,
         "num_cells":         187,
         "num_submodules":       0,
         "area":              3060.108800,
         "sequential_area":    3060.108800,
         "num_cells_by_type": {
            "$_ANDNOT_": 36,
            "$_AND_": 18,
            "$_MUX_": 41,
            "$_NAND_": 4,
            "$_NOR_": 3,
            "$_NOT_": 10,
            "$_ORNOT_": 8,
            "$_OR_": 15,
            "$_XNOR_": 4,
            "$_XOR_": 7,
            "gf180mcu_fd_sc_mcu7t5v0__dffrnq_1": 41
         }
      },
      "\\spi_regs": {
         "num_wires":         1498,
         "num_wire_bits":     1957,
         "num_pub_wires":     66,
         "num_pub_wire_bits": 523,
         "num_ports":         50,
         "num_port_bits":     470,
         "num_memories":      0,
         "num_memory_bits":   0,
         "num_processes":     0,
         "num_cells":         1647,
         "num_submodules":       0,
         "area":              15906.419200,
         "sequential_area":    15906.419200,
         "num_cells_by_type": {
            "$_ANDNOT_": 539,
            "$_AND_": 6,
            "$_MUX_": 217,
            "$_NAND_": 43,
            "$_NOR_": 1,
            "$_NOT_": 4,
            "$_ORNOT_": 26,
            "$_OR_": 591,
            "$_XNOR_": 2,
            "$_XOR_": 5,
            "gf180mcu_fd_sc_mcu7t5v0__dffrnq_1": 211,
            "gf180mcu_fd_sc_mcu7t5v0__dffsnq_1": 2
         }
      },
      "\\state_machine": {
         "num_wires":         46,
         "num_wire_bits":     50,
         "num_pub_wires":     12,
         "num_pub_wire_bits": 16,
         "num_ports":         11,
         "num_port_bits":     13,
         "num_memories":      0,
         "num_memory_bits":   0,
         "num_processes":     0,
         "num_cells":         42,
         "num_submodules":       0,
         "area":              223.910400,
         "sequential_area":    223.910400,
         "num_cells_by_type": {
            "$_ANDNOT_": 14,
            "$_MUX_": 4,
            "$_NAND_": 1,
            "$_NOR_": 2,
            "$_NOT_": 5,
            "$_ORNOT_": 2,
            "$_OR_": 11,
            "gf180mcu_fd_sc_mcu7t5v0__dffrnq_1": 3
         }
      },
      "\\wave_controller": {
         "num_wires":         2453,
         "num_wire_bits":     2792,
         "num_pub_wires":     42,
         "num_pub_wire_bits": 282,
         "num_ports":         27,
         "num_port_bits":     229,
         "num_memories":      0,
         "num_memory_bits":   0,
         "num_processes":     0,
         "num_cells":         2683,
         "num_submodules":       0,
         "area":              9715.955200,
         "sequential_area":    9715.955200,
         "num_cells_by_type": {
            "$_ANDNOT_": 814,
            "$_AND_": 52,
            "$_MUX_": 370,
            "$_NAND_": 36,
            "$_NOR_": 171,
            "$_NOT_": 150,
            "$_ORNOT_": 151,
            "$_OR_": 301,
            "$_XNOR_": 101,
            "$_XOR_": 407,
            "gf180mcu_fd_sc_mcu7t5v0__dffrnq_1": 127,
            "gf180mcu_fd_sc_mcu7t5v0__dffsnq_1": 3
         }
      }
   },
      "design": {
         "num_wires":         6874,
         "num_wire_bits":     8628,
         "num_pub_wires":     335,
         "num_pub_wire_bits": 1821,
         "num_ports":         192,
         "num_port_bits":     1107,
         "num_memories":      0,
         "num_memory_bits":   0,
         "num_processes":     0,
         "num_cells":         7450,
         "num_submodules":       7,
         "area":              42000.761600,
         "sequential_area":    42000.761600,
         "num_cells_by_type": {
            "$_ANDNOT_": 2253,
            "$_AND_": 151,
            "$_MUX_": 1049,
            "$_NAND_": 124,
            "$_NOR_": 351,
            "$_NOT_": 331,
            "$_ORNOT_": 346,
            "$_OR_": 1235,
            "$_XNOR_": 212,
            "$_XOR_": 835,
            "gf180mcu_fd_sc_mcu7t5v0__dffq_1": 5,
            "gf180mcu_fd_sc_mcu7t5v0__dffrnq_1": 550,
            "gf180mcu_fd_sc_mcu7t5v0__dffsnq_1": 8,
            "analog_block": 1,
            "signal_processor": 2,
            "spi_regs": 1,
            "state_machine": 1,
            "wave_controller": 2
         }
      }
}

148. Printing statistics.

=== analog_block ===

        +----------Local Count, excluding submodules.
        |        +-Local Area, excluding submodules.
        |        | 
       12        - wires
       12        - wire bits
       12        - public wires
       12        - public wire bits
       10        - ports
       10        - port bits
        5        - submodules
        2        -   analog_comp
        1        -   analog_readout
        2        -   analog_wave_mixer

   Area for cell type $_AND_ is unknown!

   Chip area for module '\analog_block': 0.000000
     of which used for sequential elements: 0.000000 (-nan%)

=== analog_comp ===

        +----------Local Count, excluding submodules.
        |        +-Local Area, excluding submodules.
        |        | 
        5        - wires
        5        - wire bits
        5        - public wires
        5        - public wire bits
        5        - ports
        5        - port bits
        1   63.661 cells
        1   63.661   gf180mcu_fd_sc_mcu7t5v0__dffq_1

   Chip area for module '\analog_comp': 63.660800
     of which used for sequential elements: 63.660800 (100.00%)

=== analog_readout ===

        +----------Local Count, excluding submodules.
        |        +-Local Area, excluding submodules.
        |        | 
        5        - wires
        5        - wire bits
        5        - public wires
        5        - public wire bits
        5        - ports
        5        - port bits
        1        - cells
        1        -   $_AND_

   Area for cell type $_AND_ is unknown!

=== analog_wave_mixer ===

        +----------Local Count, excluding submodules.
        |        +-Local Area, excluding submodules.
        |        | 
        5        - wires
        5        - wire bits
        5        - public wires
        5        - public wire bits
        5        - ports
        5        - port bits
        1        - cells
        1        -   $_AND_

   Area for cell type $_AND_ is unknown!

=== chip_core ===

        +----------Local Count, excluding submodules.
        |        +-Local Area, excluding submodules.
        |        | 
       95        - wires
      608        - wire bits
       86        - public wires
      581        - public wire bits
       14        - ports
       89        - port bits
       16  190.982 cells
        2        -   $_AND_
        6        -   $_MUX_
        2        -   $_NOT_
        1        -   $_OR_
        2        -   $_XOR_
        3  190.982   gf180mcu_fd_sc_mcu7t5v0__dffq_1
        7        - submodules
        1        -   analog_block
        2        -   signal_processor
        1        -   spi_regs
        1        -   state_machine
        2        -   wave_controller

   Area for cell type $_ANDNOT_ is unknown!
   Area for cell type $_AND_ is unknown!
   Area for cell type $_MUX_ is unknown!
   Area for cell type $_NAND_ is unknown!
   Area for cell type $_NOR_ is unknown!
   Area for cell type $_NOT_ is unknown!
   Area for cell type $_ORNOT_ is unknown!
   Area for cell type $_OR_ is unknown!
   Area for cell type $_XNOR_ is unknown!
   Area for cell type $_XOR_ is unknown!

   Chip area for module '\chip_core': 190.982400
     of which used for sequential elements: 190.982400 (100.00%)

=== signal_processor ===

        +----------Local Count, excluding submodules.
        |        +-Local Area, excluding submodules.
        |        | 
      146        - wires
      196        - wire bits
       25        - public wires
       50        - public wire bits
       14        - ports
       21        - port bits
      187 3.06E+03 cells
       36        -   $_ANDNOT_
       18        -   $_AND_
       41        -   $_MUX_
        4        -   $_NAND_
        3        -   $_NOR_
       10        -   $_NOT_
        8        -   $_ORNOT_
       15        -   $_OR_
        4        -   $_XNOR_
        7        -   $_XOR_
       41 3.06E+03   gf180mcu_fd_sc_mcu7t5v0__dffrnq_1

   Area for cell type $_ANDNOT_ is unknown!
   Area for cell type $_AND_ is unknown!
   Area for cell type $_MUX_ is unknown!
   Area for cell type $_NAND_ is unknown!
   Area for cell type $_NOR_ is unknown!
   Area for cell type $_NOT_ is unknown!
   Area for cell type $_ORNOT_ is unknown!
   Area for cell type $_OR_ is unknown!
   Area for cell type $_XNOR_ is unknown!
   Area for cell type $_XOR_ is unknown!

   Chip area for module '\signal_processor': 3060.108800
     of which used for sequential elements: 3060.108800 (100.00%)

=== spi_regs ===

        +----------Local Count, excluding submodules.
        |        +-Local Area, excluding submodules.
        |        | 
     1498        - wires
     1957        - wire bits
       66        - public wires
      523        - public wire bits
       50        - ports
      470        - port bits
     1647 1.59E+04 cells
      539        -   $_ANDNOT_
        6        -   $_AND_
      217        -   $_MUX_
       43        -   $_NAND_
        1        -   $_NOR_
        4        -   $_NOT_
       26        -   $_ORNOT_
      591        -   $_OR_
        2        -   $_XNOR_
        5        -   $_XOR_
      211 1.57E+04   gf180mcu_fd_sc_mcu7t5v0__dffrnq_1
        2  158.054   gf180mcu_fd_sc_mcu7t5v0__dffsnq_1

   Area for cell type $_ANDNOT_ is unknown!
   Area for cell type $_AND_ is unknown!
   Area for cell type $_MUX_ is unknown!
   Area for cell type $_NAND_ is unknown!
   Area for cell type $_NOR_ is unknown!
   Area for cell type $_NOT_ is unknown!
   Area for cell type $_ORNOT_ is unknown!
   Area for cell type $_OR_ is unknown!
   Area for cell type $_XNOR_ is unknown!
   Area for cell type $_XOR_ is unknown!

   Chip area for module '\spi_regs': 15906.419200
     of which used for sequential elements: 15906.419200 (100.00%)

=== state_machine ===

        +----------Local Count, excluding submodules.
        |        +-Local Area, excluding submodules.
        |        | 
       46        - wires
       50        - wire bits
       12        - public wires
       16        - public wire bits
       11        - ports
       13        - port bits
       42   223.91 cells
       14        -   $_ANDNOT_
        4        -   $_MUX_
        1        -   $_NAND_
        2        -   $_NOR_
        5        -   $_NOT_
        2        -   $_ORNOT_
       11        -   $_OR_
        3   223.91   gf180mcu_fd_sc_mcu7t5v0__dffrnq_1

   Area for cell type $_ANDNOT_ is unknown!
   Area for cell type $_MUX_ is unknown!
   Area for cell type $_NAND_ is unknown!
   Area for cell type $_NOR_ is unknown!
   Area for cell type $_NOT_ is unknown!
   Area for cell type $_ORNOT_ is unknown!
   Area for cell type $_OR_ is unknown!

   Chip area for module '\state_machine': 223.910400
     of which used for sequential elements: 223.910400 (100.00%)

=== wave_controller ===

        +----------Local Count, excluding submodules.
        |        +-Local Area, excluding submodules.
        |        | 
     2453        - wires
     2792        - wire bits
       42        - public wires
      282        - public wire bits
       27        - ports
      229        - port bits
     2683 9.72E+03 cells
      814        -   $_ANDNOT_
       52        -   $_AND_
      370        -   $_MUX_
       36        -   $_NAND_
      171        -   $_NOR_
      150        -   $_NOT_
      151        -   $_ORNOT_
      301        -   $_OR_
      101        -   $_XNOR_
      407        -   $_XOR_
      127 9.48E+03   gf180mcu_fd_sc_mcu7t5v0__dffrnq_1
        3  237.082   gf180mcu_fd_sc_mcu7t5v0__dffsnq_1

   Area for cell type $_ANDNOT_ is unknown!
   Area for cell type $_AND_ is unknown!
   Area for cell type $_MUX_ is unknown!
   Area for cell type $_NAND_ is unknown!
   Area for cell type $_NOR_ is unknown!
   Area for cell type $_NOT_ is unknown!
   Area for cell type $_ORNOT_ is unknown!
   Area for cell type $_OR_ is unknown!
   Area for cell type $_XNOR_ is unknown!
   Area for cell type $_XOR_ is unknown!

   Chip area for module '\wave_controller': 9715.955200
     of which used for sequential elements: 9715.955200 (100.00%)

=== design hierarchy ===

        +----------Count including submodules.
        |        +-Area including submodules.
        |        | 
     7450  4.2E+04 chip_core
        1   63.661   analog_comp
        1        -   analog_readout
        1        -   analog_wave_mixer
      187 3.06E+03 signal_processor
     1647 1.59E+04 spi_regs
       42   223.91 state_machine
     2683 9.72E+03 wave_controller

        +----------Count including submodules.
        |        +-Area including submodules.
        |        | 
     6874        - wires
     8628        - wire bits
      335        - public wires
     1821        - public wire bits
      192        - ports
     1107        - port bits
        -        - memories
        -        - memory bits
        -        - processes
     7450  4.2E+04 cells
     2253        -   $_ANDNOT_
      151        -   $_AND_
     1049        -   $_MUX_
      124        -   $_NAND_
      351        -   $_NOR_
      331        -   $_NOT_
      346        -   $_ORNOT_
     1235        -   $_OR_
      212        -   $_XNOR_
      835        -   $_XOR_
        5  318.304   gf180mcu_fd_sc_mcu7t5v0__dffq_1
      550 4.11E+04   gf180mcu_fd_sc_mcu7t5v0__dffrnq_1
        8  632.218   gf180mcu_fd_sc_mcu7t5v0__dffsnq_1
        7 4.18E+04 submodules
        1  127.322   analog_block
        2 6.12E+03   signal_processor
        1 1.59E+04   spi_regs
        1   223.91   state_machine
        2 1.94E+04   wave_controller

   Area for cell type $_ANDNOT_ is unknown!
   Area for cell type $_AND_ is unknown!
   Area for cell type $_MUX_ is unknown!
   Area for cell type $_NAND_ is unknown!
   Area for cell type $_NOR_ is unknown!
   Area for cell type $_NOT_ is unknown!
   Area for cell type $_ORNOT_ is unknown!
   Area for cell type $_OR_ is unknown!
   Area for cell type $_XNOR_ is unknown!
   Area for cell type $_XOR_ is unknown!

   Chip area for top module '\chip_core': 42000.761600
     of which used for sequential elements: 42000.761600 (100.00%)

[INFO] Using generated ABC script '/workspace/librelane/runs/RUN_2026-08-09_19-20-25/06-yosys-synthesis/AREA_0.abc'…

149. Executing ABC pass (technology mapping using ABC).

149.1. Extracting gate netlist of module `\analog_block' to `/tmp/yosys-abc-L9B6u9/input.blif'..

149.1.1. Executed ABC.
Extracted 0 gates and 0 wires to a netlist network with 0 inputs and 0 outputs.
Don't call ABC as there is nothing to map.
Removing temp directory.

149.2. Extracting gate netlist of module `\analog_comp' to `/tmp/yosys-abc-Tll8Fu/input.blif'..
ABC: using cached merged SCL: /tmp/yosys-liberty-scl-cache/yosys_merged_6e4c63d0.scl (3 files)

149.2.1. Executed ABC.
Extracted 0 gates and 0 wires to a netlist network with 0 inputs and 0 outputs.
Don't call ABC as there is nothing to map.
Removing temp directory.

149.3. Extracting gate netlist of module `\analog_readout' to `/tmp/yosys-abc-roF1Lk/input.blif'..
ABC: using cached merged SCL: /tmp/yosys-liberty-scl-cache/yosys_merged_6e4c63d0.scl (3 files)

149.3.1. Executed ABC.
Extracted 1 gates and 3 wires to a netlist network with 2 inputs and 1 outputs.
Running ABC script: /tmp/yosys-abc-roF1Lk/abc.script
ABC: UC Berkeley, ABC 1.01 (compiled Jul 27 2026 18:12:25)
ABC: abc 01> empty
ABC: abc 01> source /tmp/yosys-abc-roF1Lk/abc.script
ABC: + read_blif /tmp/yosys-abc-roF1Lk/input.blif 
ABC: + read_scl /tmp/yosys-liberty-scl-cache/yosys_merged_6e4c63d0.scl 
ABC: Warning: Detected 6 multi-output cells (for example, "gf180mcu_fd_sc_mcu7t5v0__addf_1").
ABC: + read_constr -v /workspace/librelane/runs/RUN_2026-08-09_19-20-25/06-yosys-synthesis/synthesis.abc.sdc 
ABC: Setting driving cell to be "gf180mcu_fd_sc_mcu7t5v0__inv_1/ZN".
ABC: Setting output load to be 72.910004.
ABC: + source /workspace/librelane/runs/RUN_2026-08-09_19-20-25/06-yosys-synthesis/AREA_0.abc 
ABC: Error: The network is combinational.
ABC: Cannot find the default PI driving cell (gf180mcu_fd_sc_mcu7t5v0__inv_1/ZN) in the library.
ABC: WireLoad = "none"  Gates =      1 (  0.0 %)   Cap = 26.2 ff (  0.0 %)   Area =       17.56 (100.0 %)   Delay =   915.42 ps  (100.0 %)               
ABC: Path  0 --       2 : 0    1 pi                              A =   0.00  Df =   0.0   -0.0 ps  S =   0.0 ps  Cin =  0.0 ff  Cout =   2.8 ff  Cmax =   0.0 ff  G =    0  
ABC: Path  1 --       4 : 2    1 gf180mcu_fd_sc_mcu7t5v0__and2_1 A =  17.56  Df = 915.4 -254.5 ps  S =1264.5 ps  Cin =  2.8 ff  Cout =  72.9 ff  Cmax = 237.8 ff  G = 2608  
ABC: Start-point = pi1 (\read_en).  End-point = po0 (\aout).
ABC: netlist                       : i/o =    2/    1  lat =    0  nd =     1  edge =      2  area =17.56  delay = 1.00  lev = 1
ABC: + write_blif /tmp/yosys-abc-roF1Lk/output.blif 
ABC:                                                                                
ABC: YOSYS_ABC_DONE 

149.3.2. Re-integrating ABC results.
ABC RESULTS:   gf180mcu_fd_sc_mcu7t5v0__and2_1 cells:        1
ABC RESULTS:        internal signals:        0
ABC RESULTS:           input signals:        2
ABC RESULTS:          output signals:        1
Removing temp directory.

149.4. Extracting gate netlist of module `\analog_wave_mixer' to `/tmp/yosys-abc-HnV0Pp/input.blif'..
ABC: using cached merged SCL: /tmp/yosys-liberty-scl-cache/yosys_merged_6e4c63d0.scl (3 files)

149.4.1. Executed ABC.
Extracted 1 gates and 3 wires to a netlist network with 2 inputs and 1 outputs.
Running ABC script: /tmp/yosys-abc-HnV0Pp/abc.script
ABC: UC Berkeley, ABC 1.01 (compiled Jul 27 2026 18:12:25)
ABC: abc 01> empty
ABC: abc 01> source /tmp/yosys-abc-HnV0Pp/abc.script
ABC: + read_blif /tmp/yosys-abc-HnV0Pp/input.blif 
ABC: + read_scl /tmp/yosys-liberty-scl-cache/yosys_merged_6e4c63d0.scl 
ABC: Warning: Detected 6 multi-output cells (for example, "gf180mcu_fd_sc_mcu7t5v0__addf_1").
ABC: + read_constr -v /workspace/librelane/runs/RUN_2026-08-09_19-20-25/06-yosys-synthesis/synthesis.abc.sdc 
ABC: Setting driving cell to be "gf180mcu_fd_sc_mcu7t5v0__inv_1/ZN".
ABC: Setting output load to be 72.910004.
ABC: + source /workspace/librelane/runs/RUN_2026-08-09_19-20-25/06-yosys-synthesis/AREA_0.abc 
ABC: Error: The network is combinational.
ABC: Cannot find the default PI driving cell (gf180mcu_fd_sc_mcu7t5v0__inv_1/ZN) in the library.
ABC: WireLoad = "none"  Gates =      1 (  0.0 %)   Cap = 26.2 ff (  0.0 %)   Area =       17.56 (100.0 %)   Delay =   915.42 ps  (100.0 %)               
ABC: Path  0 --       2 : 0    1 pi                              A =   0.00  Df =   0.0   -0.0 ps  S =   0.0 ps  Cin =  0.0 ff  Cout =   2.8 ff  Cmax =   0.0 ff  G =    0  
ABC: Path  1 --       4 : 2    1 gf180mcu_fd_sc_mcu7t5v0__and2_1 A =  17.56  Df = 915.4 -254.5 ps  S =1264.5 ps  Cin =  2.8 ff  Cout =  72.9 ff  Cmax = 237.8 ff  G = 2608  
ABC: Start-point = pi1 (\ain).  End-point = po0 (\aout).
ABC: netlist                       : i/o =    2/    1  lat =    0  nd =     1  edge =      2  area =17.56  delay = 1.00  lev = 1
ABC: + write_blif /tmp/yosys-abc-HnV0Pp/output.blif 
ABC:                                                                                
ABC: YOSYS_ABC_DONE 

149.4.2. Re-integrating ABC results.
ABC RESULTS:   gf180mcu_fd_sc_mcu7t5v0__and2_1 cells:        1
ABC RESULTS:        internal signals:        0
ABC RESULTS:           input signals:        2
ABC RESULTS:          output signals:        1
Removing temp directory.

149.5. Extracting gate netlist of module `\chip_core' to `/tmp/yosys-abc-NZDhSL/input.blif'..
ABC: using cached merged SCL: /tmp/yosys-liberty-scl-cache/yosys_merged_6e4c63d0.scl (3 files)

149.5.1. Executed ABC.
Extracted 13 gates and 24 wires to a netlist network with 10 inputs and 6 outputs.
Running ABC script: /tmp/yosys-abc-NZDhSL/abc.script
ABC: UC Berkeley, ABC 1.01 (compiled Jul 27 2026 18:12:25)
ABC: abc 01> empty
ABC: abc 01> source /tmp/yosys-abc-NZDhSL/abc.script
ABC: + read_blif /tmp/yosys-abc-NZDhSL/input.blif 
ABC: + read_scl /tmp/yosys-liberty-scl-cache/yosys_merged_6e4c63d0.scl 
ABC: Warning: Detected 6 multi-output cells (for example, "gf180mcu_fd_sc_mcu7t5v0__addf_1").
ABC: + read_constr -v /workspace/librelane/runs/RUN_2026-08-09_19-20-25/06-yosys-synthesis/synthesis.abc.sdc 
ABC: Setting driving cell to be "gf180mcu_fd_sc_mcu7t5v0__inv_1/ZN".
ABC: Setting output load to be 72.910004.
ABC: + source /workspace/librelane/runs/RUN_2026-08-09_19-20-25/06-yosys-synthesis/AREA_0.abc 
ABC: Error: The network is combinational.
ABC: Cannot find the default PI driving cell (gf180mcu_fd_sc_mcu7t5v0__inv_1/ZN) in the library.
ABC: WireLoad = "none"  Gates =     11 (  9.1 %)   Cap = 26.0 ff (  3.0 %)   Area =      182.20 ( 90.9 %)   Delay =  1708.88 ps  ( 27.3 %)               
ABC: Path  0 --       4 : 0    2 pi                               A =   0.00  Df =   0.0   -0.0 ps  S =   0.0 ps  Cin =  0.0 ff  Cout =   8.3 ff  Cmax =   0.0 ff  G =    0  
ABC: Path  1 --      21 : 3    2 gf180mcu_fd_sc_mcu7t5v0__nand3_1 A =  15.37  Df = 249.2  -10.5 ps  S = 413.7 ps  Cin =  4.3 ff  Cout =  12.0 ff  Cmax = 181.7 ff  G =  279  
ABC: Path  2 --      22 : 2    1 gf180mcu_fd_sc_mcu7t5v0__nand2_1 A =  10.98  Df = 443.1  -78.4 ps  S = 208.0 ps  Cin =  4.7 ff  Cout =   4.2 ff  Cmax = 212.6 ff  G =   90  
ABC: Path  3 --      23 : 2    1 gf180mcu_fd_sc_mcu7t5v0__nor2_1  A =  13.17  Df =1708.9 -557.1 ps  S =2308.6 ps  Cin =  4.4 ff  Cout =  72.9 ff  Cmax = 125.1 ff  G = 1671  
ABC: Start-point = pi3 (\bidir_out [1]).  End-point = po3 ($auto$rtlil.cc:3510:MuxGate$17415).
ABC: netlist                       : i/o =   10/    6  lat =    0  nd =    11  edge =     25  area =182.20  delay = 3.00  lev = 3
ABC: + write_blif /tmp/yosys-abc-NZDhSL/output.blif 
ABC:                                                                                
ABC: YOSYS_ABC_DONE 

149.5.2. Re-integrating ABC results.
ABC RESULTS:   gf180mcu_fd_sc_mcu7t5v0__and2_1 cells:        2
ABC RESULTS:   gf180mcu_fd_sc_mcu7t5v0__aoi21_1 cells:        2
ABC RESULTS:   gf180mcu_fd_sc_mcu7t5v0__clkinv_1 cells:        1
ABC RESULTS:   gf180mcu_fd_sc_mcu7t5v0__nand2_1 cells:        1
ABC RESULTS:   gf180mcu_fd_sc_mcu7t5v0__nand3_1 cells:        1
ABC RESULTS:   gf180mcu_fd_sc_mcu7t5v0__nor2_1 cells:        1
ABC RESULTS:   gf180mcu_fd_sc_mcu7t5v0__oai21_1 cells:        1
ABC RESULTS:   gf180mcu_fd_sc_mcu7t5v0__or2_1 cells:        1
ABC RESULTS:   gf180mcu_fd_sc_mcu7t5v0__xnor2_1 cells:        1
ABC RESULTS:        internal signals:        8
ABC RESULTS:           input signals:       10
ABC RESULTS:          output signals:        6
Removing temp directory.

149.6. Extracting gate netlist of module `\signal_processor' to `/tmp/yosys-abc-hRw4NZ/input.blif'..
ABC: using cached merged SCL: /tmp/yosys-liberty-scl-cache/yosys_merged_6e4c63d0.scl (3 files)

149.6.1. Executed ABC.
Extracted 146 gates and 189 wires to a netlist network with 43 inputs and 41 outputs.
Running ABC script: /tmp/yosys-abc-hRw4NZ/abc.script
ABC: UC Berkeley, ABC 1.01 (compiled Jul 27 2026 18:12:25)
ABC: abc 01> empty
ABC: abc 01> source /tmp/yosys-abc-hRw4NZ/abc.script
ABC: + read_blif /tmp/yosys-abc-hRw4NZ/input.blif 
ABC: + read_scl /tmp/yosys-liberty-scl-cache/yosys_merged_6e4c63d0.scl 
ABC: Warning: Detected 6 multi-output cells (for example, "gf180mcu_fd_sc_mcu7t5v0__addf_1").
ABC: + read_constr -v /workspace/librelane/runs/RUN_2026-08-09_19-20-25/06-yosys-synthesis/synthesis.abc.sdc 
ABC: Setting driving cell to be "gf180mcu_fd_sc_mcu7t5v0__inv_1/ZN".
ABC: Setting output load to be 72.910004.
ABC: + source /workspace/librelane/runs/RUN_2026-08-09_19-20-25/06-yosys-synthesis/AREA_0.abc 
ABC: Error: The network is combinational.
ABC: Cannot find the default PI driving cell (gf180mcu_fd_sc_mcu7t5v0__inv_1/ZN) in the library.
ABC: WireLoad = "none"  Gates =    108 (  8.3 %)   Cap = 27.6 ff (  7.4 %)   Area =     1819.82 ( 86.1 %)   Delay =  4975.87 ps  ( 10.2 %)               
ABC: Path  0 --       4 : 0    3 pi                                A =   0.00  Df =   0.0   -0.0 ps  S =   0.0 ps  Cin =  0.0 ff  Cout =  10.1 ff  Cmax =   0.0 ff  G =    0  
ABC: Path  1 --     107 : 2    9 gf180mcu_fd_sc_mcu7t5v0__nand2_1  A =  10.98  Df = 438.2  -57.9 ps  S = 758.0 ps  Cin =  4.7 ff  Cout =  36.9 ff  Cmax = 212.6 ff  G =  790  
ABC: Path  2 --     138 : 4    3 gf180mcu_fd_sc_mcu7t5v0__nor4_1   A =  21.95  Df =1317.6 -368.4 ps  S =1439.3 ps  Cin =  3.8 ff  Cout =  19.4 ff  Cmax =  62.2 ff  G =  508  
ABC: Path  3 --     143 : 2    1 gf180mcu_fd_sc_mcu7t5v0__xor2_1   A =  26.34  Df =2183.5 -853.9 ps  S = 384.3 ps  Cin =  7.5 ff  Cout =   4.5 ff  Cmax = 124.3 ff  G =   60  
ABC: Path  4 --     169 : 4    3 gf180mcu_fd_sc_mcu7t5v0__oai211_1 A =  21.95  Df =2593.7 -907.6 ps  S = 581.4 ps  Cin =  4.7 ff  Cout =  12.6 ff  Cmax = 122.3 ff  G =  266  
ABC: Path  5 --     172 : 3    2 gf180mcu_fd_sc_mcu7t5v0__aoi21_1  A =  17.56  Df =2785.9 -756.0 ps  S = 455.5 ps  Cin =  4.6 ff  Cout =   8.5 ff  Cmax = 124.2 ff  G =  186  
ABC: Path  6 --     173 : 5    1 gf180mcu_fd_sc_mcu7t5v0__oai32_1  A =  26.34  Df =4975.9-1542.0 ps  S =3804.3 ps  Cin =  4.7 ff  Cout =  72.9 ff  Cmax =  75.4 ff  G = 1535  
ABC: Start-point = pi3 (\strobe270).  End-point = po30 ($auto$rtlil.cc:3510:MuxGate$17457).
ABC: netlist                       : i/o =   43/   41  lat =    0  nd =   108  edge =    256  area =1819.85  delay = 6.00  lev = 6
ABC: + write_blif /tmp/yosys-abc-hRw4NZ/output.blif 
ABC:                                                                                
ABC: YOSYS_ABC_DONE 

149.6.2. Re-integrating ABC results.
ABC RESULTS:   gf180mcu_fd_sc_mcu7t5v0__and2_1 cells:       16
ABC RESULTS:   gf180mcu_fd_sc_mcu7t5v0__aoi21_1 cells:        1
ABC RESULTS:   gf180mcu_fd_sc_mcu7t5v0__aoi22_1 cells:        1
ABC RESULTS:   gf180mcu_fd_sc_mcu7t5v0__clkinv_1 cells:        9
ABC RESULTS:   gf180mcu_fd_sc_mcu7t5v0__nand2_1 cells:       21
ABC RESULTS:   gf180mcu_fd_sc_mcu7t5v0__nand3_1 cells:        6
ABC RESULTS:   gf180mcu_fd_sc_mcu7t5v0__nand4_1 cells:        3
ABC RESULTS:   gf180mcu_fd_sc_mcu7t5v0__nor2_1 cells:       12
ABC RESULTS:   gf180mcu_fd_sc_mcu7t5v0__nor3_1 cells:        2
ABC RESULTS:   gf180mcu_fd_sc_mcu7t5v0__nor4_1 cells:        2
ABC RESULTS:   gf180mcu_fd_sc_mcu7t5v0__oai211_1 cells:        2
ABC RESULTS:   gf180mcu_fd_sc_mcu7t5v0__oai21_1 cells:       12
ABC RESULTS:   gf180mcu_fd_sc_mcu7t5v0__oai22_1 cells:        2
ABC RESULTS:   gf180mcu_fd_sc_mcu7t5v0__oai31_1 cells:        2
ABC RESULTS:   gf180mcu_fd_sc_mcu7t5v0__oai32_1 cells:        1
ABC RESULTS:   gf180mcu_fd_sc_mcu7t5v0__or3_1 cells:        1
ABC RESULTS:   gf180mcu_fd_sc_mcu7t5v0__xnor2_1 cells:        6
ABC RESULTS:   gf180mcu_fd_sc_mcu7t5v0__xor2_1 cells:        9
ABC RESULTS:        internal signals:      105
ABC RESULTS:           input signals:       43
ABC RESULTS:          output signals:       41
Removing temp directory.

149.7. Extracting gate netlist of module `\spi_regs' to `/tmp/yosys-abc-qVLZce/input.blif'..
ABC: using cached merged SCL: /tmp/yosys-liberty-scl-cache/yosys_merged_6e4c63d0.scl (3 files)

149.7.1. Executed ABC.
Extracted 1434 gates and 1944 wires to a netlist network with 510 inputs and 206 outputs.
Running ABC script: /tmp/yosys-abc-qVLZce/abc.script
ABC: UC Berkeley, ABC 1.01 (compiled Jul 27 2026 18:12:25)
ABC: abc 01> empty
ABC: abc 01> source /tmp/yosys-abc-qVLZce/abc.script
ABC: + read_blif /tmp/yosys-abc-qVLZce/input.blif 
ABC: + read_scl /tmp/yosys-liberty-scl-cache/yosys_merged_6e4c63d0.scl 
ABC: Warning: Detected 6 multi-output cells (for example, "gf180mcu_fd_sc_mcu7t5v0__addf_1").
ABC: + read_constr -v /workspace/librelane/runs/RUN_2026-08-09_19-20-25/06-yosys-synthesis/synthesis.abc.sdc 
ABC: Setting driving cell to be "gf180mcu_fd_sc_mcu7t5v0__inv_1/ZN".
ABC: Setting output load to be 72.910004.
ABC: + source /workspace/librelane/runs/RUN_2026-08-09_19-20-25/06-yosys-synthesis/AREA_0.abc 
ABC: Error: The network is combinational.
ABC: Cannot find the default PI driving cell (gf180mcu_fd_sc_mcu7t5v0__inv_1/ZN) in the library.
ABC: WireLoad = "none"  Gates =    726 (  3.0 %)   Cap = 21.5 ff ( 12.4 %)   Area =    15511.28 ( 75.2 %)   Delay =  6820.01 ps  (  2.6 %)               
ABC: Path  0 --      10 : 0    1 pi                                A =   0.00  Df =   0.0   -0.0 ps  S =   0.0 ps  Cin =  0.0 ff  Cout =   4.2 ff  Cmax =   0.0 ff  G =    0  
ABC: Path  1 --     722 : 1    3 gf180mcu_fd_sc_mcu7t5v0__clkinv_1 A =   8.78  Df = 171.4  -12.6 ps  S = 270.2 ps  Cin =  4.2 ff  Cout =  13.6 ff  Cmax = 228.4 ff  G =  322  
ABC: Path  2 --     741 : 3   12 gf180mcu_fd_sc_mcu7t5v0__nor3_1   A =  17.56  Df =2578.0-1398.3 ps  S =4295.7 ps  Cin =  4.1 ff  Cout =  93.2 ff  Cmax =  84.3 ff  G = 2273  
ABC: Path  3 --     742 : 2    7 gf180mcu_fd_sc_mcu7t5v0__nand2_1  A =  10.98  Df =2996.2 -951.3 ps  S =1202.2 ps  Cin =  4.7 ff  Cout =  31.5 ff  Cmax = 212.6 ff  G =  674  
ABC: Path  4 --     743 : 2    4 gf180mcu_fd_sc_mcu7t5v0__nor2_1   A =  13.17  Df =3620.1-1219.3 ps  S = 759.0 ps  Cin =  4.4 ff  Cout =  17.9 ff  Cmax = 125.1 ff  G =  411  
ABC: Path  5 --     745 : 2   23 gf180mcu_fd_sc_mcu7t5v0__nand2_1  A =  10.98  Df =5049.7 -943.4 ps  S =2786.0 ps  Cin =  4.7 ff  Cout = 150.5 ff  Cmax = 212.6 ff  G = 3227  
ABC: Path  6 --    1355 : 3    1 gf180mcu_fd_sc_mcu7t5v0__oai21_1  A =  17.56  Df =6820.0 -365.4 ps  S =2391.7 ps  Cin =  4.9 ff  Cout =  72.9 ff  Cmax = 124.5 ff  G = 1500  
ABC: Start-point = pi9 (\sclk_sync_q).  End-point = po133 ($auto$rtlil.cc:3510:MuxGate$17739).
ABC: netlist                       : i/o =  510/  206  lat =    0  nd =   726  edge =   2326  area =15512.49  delay = 8.00  lev = 8
ABC: + write_blif /tmp/yosys-abc-qVLZce/output.blif 
ABC:                                                                                
ABC: YOSYS_ABC_DONE 

149.7.2. Re-integrating ABC results.
ABC RESULTS:   gf180mcu_fd_sc_mcu7t5v0__and2_1 cells:        7
ABC RESULTS:   gf180mcu_fd_sc_mcu7t5v0__and3_1 cells:        1
ABC RESULTS:   gf180mcu_fd_sc_mcu7t5v0__and4_1 cells:        7
ABC RESULTS:   gf180mcu_fd_sc_mcu7t5v0__aoi21_1 cells:        6
ABC RESULTS:   gf180mcu_fd_sc_mcu7t5v0__aoi221_1 cells:        7
ABC RESULTS:   gf180mcu_fd_sc_mcu7t5v0__aoi222_1 cells:       20
ABC RESULTS:   gf180mcu_fd_sc_mcu7t5v0__aoi22_1 cells:      194
ABC RESULTS:   gf180mcu_fd_sc_mcu7t5v0__clkinv_1 cells:       22
ABC RESULTS:   gf180mcu_fd_sc_mcu7t5v0__mux2_2 cells:      178
ABC RESULTS:   gf180mcu_fd_sc_mcu7t5v0__nand2_1 cells:       51
ABC RESULTS:   gf180mcu_fd_sc_mcu7t5v0__nand3_1 cells:       28
ABC RESULTS:   gf180mcu_fd_sc_mcu7t5v0__nand4_1 cells:       52
ABC RESULTS:   gf180mcu_fd_sc_mcu7t5v0__nor2_1 cells:       98
ABC RESULTS:   gf180mcu_fd_sc_mcu7t5v0__nor3_1 cells:       15
ABC RESULTS:   gf180mcu_fd_sc_mcu7t5v0__nor4_1 cells:       11
ABC RESULTS:   gf180mcu_fd_sc_mcu7t5v0__oai211_1 cells:        1
ABC RESULTS:   gf180mcu_fd_sc_mcu7t5v0__oai21_1 cells:       15
ABC RESULTS:   gf180mcu_fd_sc_mcu7t5v0__oai221_1 cells:        1
ABC RESULTS:   gf180mcu_fd_sc_mcu7t5v0__oai31_1 cells:        7
ABC RESULTS:   gf180mcu_fd_sc_mcu7t5v0__or3_1 cells:        1
ABC RESULTS:   gf180mcu_fd_sc_mcu7t5v0__or4_1 cells:        2
ABC RESULTS:   gf180mcu_fd_sc_mcu7t5v0__xor2_1 cells:        2
ABC RESULTS:        internal signals:     1228
ABC RESULTS:           input signals:      510
ABC RESULTS:          output signals:      206
Removing temp directory.

149.8. Extracting gate netlist of module `\state_machine' to `/tmp/yosys-abc-V3svmQ/input.blif'..
ABC: using cached merged SCL: /tmp/yosys-liberty-scl-cache/yosys_merged_6e4c63d0.scl (3 files)

149.8.1. Executed ABC.
Extracted 39 gates and 48 wires to a netlist network with 9 inputs and 5 outputs.
Running ABC script: /tmp/yosys-abc-V3svmQ/abc.script
ABC: UC Berkeley, ABC 1.01 (compiled Jul 27 2026 18:12:25)
ABC: abc 01> empty
ABC: abc 01> source /tmp/yosys-abc-V3svmQ/abc.script
ABC: + read_blif /tmp/yosys-abc-V3svmQ/input.blif 
ABC: + read_scl /tmp/yosys-liberty-scl-cache/yosys_merged_6e4c63d0.scl 
ABC: Warning: Detected 6 multi-output cells (for example, "gf180mcu_fd_sc_mcu7t5v0__addf_1").
ABC: + read_constr -v /workspace/librelane/runs/RUN_2026-08-09_19-20-25/06-yosys-synthesis/synthesis.abc.sdc 
ABC: Setting driving cell to be "gf180mcu_fd_sc_mcu7t5v0__inv_1/ZN".
ABC: Setting output load to be 72.910004.
ABC: + source /workspace/librelane/runs/RUN_2026-08-09_19-20-25/06-yosys-synthesis/AREA_0.abc 
ABC: Error: The network is combinational.
ABC: Cannot find the default PI driving cell (gf180mcu_fd_sc_mcu7t5v0__inv_1/ZN) in the library.
ABC: WireLoad = "none"  Gates =     20 ( 15.0 %)   Cap = 20.0 ff (  0.0 %)   Area =      320.50 (100.0 %)   Delay =  4216.81 ps  ( 20.0 %)               
ABC: Path  0 --       3 : 0    4 pi                                A =   0.00  Df =   0.0   -0.0 ps  S =   0.0 ps  Cin =  0.0 ff  Cout =  16.0 ff  Cmax =   0.0 ff  G =    0  
ABC: Path  1 --      16 : 1    2 gf180mcu_fd_sc_mcu7t5v0__clkinv_1 A =   8.78  Df = 106.4  -11.3 ps  S = 157.9 ps  Cin =  4.2 ff  Cout =   6.8 ff  Cmax = 228.4 ff  G =  161  
ABC: Path  2 --      18 : 3    2 gf180mcu_fd_sc_mcu7t5v0__nor3_1   A =  17.56  Df =2173.3-1201.5 ps  S =3617.8 ps  Cin =  4.1 ff  Cout =  77.9 ff  Cmax =  84.3 ff  G = 1899  
ABC: Path  3 --      31 : 3    1 gf180mcu_fd_sc_mcu7t5v0__oai21_1  A =  17.56  Df =2129.3 -625.6 ps  S = 701.4 ps  Cin =  4.9 ff  Cout =   4.5 ff  Cmax = 124.5 ff  G =   92  
ABC: Path  4 --      32 : 4    1 gf180mcu_fd_sc_mcu7t5v0__aoi211_1 A =  21.95  Df =4216.8-1666.7 ps  S =3543.1 ps  Cin =  4.3 ff  Cout =  72.9 ff  Cmax =  82.4 ff  G = 1702  
ABC: Start-point = pi2 (\state_o [1]).  End-point = po3 ($auto$rtlil.cc:3510:MuxGate$17887).
ABC: netlist                       : i/o =    9/    5  lat =    0  nd =    20  edge =     51  area =320.48  delay = 5.00  lev = 5
ABC: + write_blif /tmp/yosys-abc-V3svmQ/output.blif 
ABC:                                                                                
ABC: YOSYS_ABC_DONE 

149.8.2. Re-integrating ABC results.
ABC RESULTS:   gf180mcu_fd_sc_mcu7t5v0__and2_1 cells:        2
ABC RESULTS:   gf180mcu_fd_sc_mcu7t5v0__aoi211_1 cells:        2
ABC RESULTS:   gf180mcu_fd_sc_mcu7t5v0__aoi21_1 cells:        1
ABC RESULTS:   gf180mcu_fd_sc_mcu7t5v0__aoi22_1 cells:        1
ABC RESULTS:   gf180mcu_fd_sc_mcu7t5v0__clkinv_1 cells:        3
ABC RESULTS:   gf180mcu_fd_sc_mcu7t5v0__nand2_1 cells:        1
ABC RESULTS:   gf180mcu_fd_sc_mcu7t5v0__nor2_1 cells:        4
ABC RESULTS:   gf180mcu_fd_sc_mcu7t5v0__nor3_1 cells:        2
ABC RESULTS:   gf180mcu_fd_sc_mcu7t5v0__oai21_1 cells:        3
ABC RESULTS:   gf180mcu_fd_sc_mcu7t5v0__or4_1 cells:        1
ABC RESULTS:        internal signals:       34
ABC RESULTS:           input signals:        9
ABC RESULTS:          output signals:        5
Removing temp directory.

149.9. Extracting gate netlist of module `\wave_controller' to `/tmp/yosys-abc-53wBKY/input.blif'..
ABC: using cached merged SCL: /tmp/yosys-liberty-scl-cache/yosys_merged_6e4c63d0.scl (3 files)

149.9.1. Executed ABC.
Extracted 2553 gates and 2765 wires to a netlist network with 212 inputs and 190 outputs.
Running ABC script: /tmp/yosys-abc-53wBKY/abc.script
ABC: UC Berkeley, ABC 1.01 (compiled Jul 27 2026 18:12:25)
ABC: abc 01> empty
ABC: abc 01> source /tmp/yosys-abc-53wBKY/abc.script
ABC: + read_blif /tmp/yosys-abc-53wBKY/input.blif 
ABC: + read_scl /tmp/yosys-liberty-scl-cache/yosys_merged_6e4c63d0.scl 
ABC: Warning: Detected 6 multi-output cells (for example, "gf180mcu_fd_sc_mcu7t5v0__addf_1").
ABC: + read_constr -v /workspace/librelane/runs/RUN_2026-08-09_19-20-25/06-yosys-synthesis/synthesis.abc.sdc 
ABC: Setting driving cell to be "gf180mcu_fd_sc_mcu7t5v0__inv_1/ZN".
ABC: Setting output load to be 72.910004.
ABC: + source /workspace/librelane/runs/RUN_2026-08-09_19-20-25/06-yosys-synthesis/AREA_0.abc 
ABC: Error: The network is combinational.
ABC: Cannot find the default PI driving cell (gf180mcu_fd_sc_mcu7t5v0__inv_1/ZN) in the library.
ABC: WireLoad = "none"  Gates =   1838 ( 11.0 %)   Cap = 17.6 ff ( 11.4 %)   Area =    34005.84 ( 80.7 %)   Delay = 10394.76 ps  (  3.4 %)               
ABC: Path  0 --      32 : 0    6 pi                                A =   0.00  Df =   0.0   -0.0 ps  S =   0.0 ps  Cin =  0.0 ff  Cout =  30.4 ff  Cmax =   0.0 ff  G =    0  
ABC: Path  1 --     424 : 1    9 gf180mcu_fd_sc_mcu7t5v0__clkinv_1 A =   8.78  Df = 474.2  -18.9 ps  S = 796.6 ps  Cin =  4.2 ff  Cout =  45.4 ff  Cmax = 228.4 ff  G = 1076  
ABC: Path  2 --    1430 : 4    1 gf180mcu_fd_sc_mcu7t5v0__oai22_1  A =  21.95  Df = 935.5 -259.8 ps  S = 574.6 ps  Cin =  4.8 ff  Cout =   4.0 ff  Cmax = 121.2 ff  G =   83  
ABC: Path  3 --    1431 : 3    1 gf180mcu_fd_sc_mcu7t5v0__aoi21_1  A =  17.56  Df =1184.3 -211.5 ps  S = 350.7 ps  Cin =  4.6 ff  Cout =   4.9 ff  Cmax = 124.2 ff  G =  107  
ABC: Path  4 --    1439 : 4    1 gf180mcu_fd_sc_mcu7t5v0__oai211_1 A =  21.95  Df =1515.4  -51.0 ps  S = 416.9 ps  Cin =  4.7 ff  Cout =   4.7 ff  Cmax = 122.3 ff  G =   99  
ABC: Path  5 --    1441 : 4    1 gf180mcu_fd_sc_mcu7t5v0__aoi22_1  A =  19.76  Df =1831.2 -144.3 ps  S = 410.6 ps  Cin =  4.8 ff  Cout =   5.0 ff  Cmax = 163.3 ff  G =  103  
ABC: Path  6 --    1447 : 3    1 gf180mcu_fd_sc_mcu7t5v0__oai21_1  A =  17.56  Df =1969.3  -38.4 ps  S = 290.9 ps  Cin =  4.9 ff  Cout =   4.5 ff  Cmax = 124.5 ff  G =   91  
ABC: Path  7 --    1449 : 5    1 gf180mcu_fd_sc_mcu7t5v0__aoi221_1 A =  24.15  Df =2434.5 -246.8 ps  S = 643.3 ps  Cin =  4.4 ff  Cout =   5.0 ff  Cmax =  99.5 ff  G =  113  
ABC: Path  8 --    1468 : 3    1 gf180mcu_fd_sc_mcu7t5v0__oai21_1  A =  17.56  Df =2583.7 -129.3 ps  S = 302.8 ps  Cin =  4.9 ff  Cout =   4.9 ff  Cmax = 124.5 ff  G =  100  
ABC: Path  9 --    1481 : 3    2 gf180mcu_fd_sc_mcu7t5v0__aoi21_1  A =  17.56  Df =2872.2 -242.6 ps  S = 457.4 ps  Cin =  4.6 ff  Cout =   8.7 ff  Cmax = 124.2 ff  G =  190  
ABC: Path 10 --    1483 : 4    2 gf180mcu_fd_sc_mcu7t5v0__oai31_1  A =  24.15  Df =3257.0 -103.3 ps  S = 923.3 ps  Cin =  4.5 ff  Cout =  12.2 ff  Cmax =  73.4 ff  G =  269  
ABC: Path 11 --    1526 : 3    2 gf180mcu_fd_sc_mcu7t5v0__xor3_1   A =  50.49  Df =3928.0 -305.3 ps  S = 476.5 ps  Cin =  5.9 ff  Cout =   8.5 ff  Cmax = 128.3 ff  G =  143  
ABC: Path 12 --    1528 : 2    2 gf180mcu_fd_sc_mcu7t5v0__nor2_1   A =  13.17  Df =4229.2 -428.1 ps  S = 374.5 ps  Cin =  4.4 ff  Cout =   8.2 ff  Cmax = 125.1 ff  G =  187  
ABC: Path 13 --    1539 : 3    2 gf180mcu_fd_sc_mcu7t5v0__nor3_1   A =  17.56  Df =4493.6 -246.8 ps  S = 650.5 ps  Cin =  4.1 ff  Cout =   9.6 ff  Cmax =  84.3 ff  G =  235  
ABC: Path 14 --    1564 : 3   31 gf180mcu_fd_sc_mcu7t5v0__oai21_1  A =  17.56  Df =8280.7-1975.6 ps  S =6656.1 ps  Cin =  4.9 ff  Cout = 215.9 ff  Cmax = 124.5 ff  G = 4444  
ABC: Path 15 --    2189 : 3    1 gf180mcu_fd_sc_mcu7t5v0__mux2_2   A =  32.93  Df =10394.8-2787.2 ps  S = 680.6 ps  Cin =  6.5 ff  Cout =  72.9 ff  Cmax = 479.1 ff  G = 1117  
ABC: Start-point = pi31 (\phase_acc [3]).  End-point = po157 ($auto$rtlil.cc:3510:MuxGate$18047).
ABC: netlist                       : i/o =  212/  190  lat =    0  nd =  1838  edge =   4565  area =34005.77  delay =17.00  lev = 17
ABC: + write_blif /tmp/yosys-abc-53wBKY/output.blif 
ABC:                                                                                
ABC: YOSYS_ABC_DONE 

149.9.2. Re-integrating ABC results.
ABC RESULTS:   gf180mcu_fd_sc_mcu7t5v0__and2_1 cells:       53
ABC RESULTS:   gf180mcu_fd_sc_mcu7t5v0__and3_1 cells:       24
ABC RESULTS:   gf180mcu_fd_sc_mcu7t5v0__and4_1 cells:        3
ABC RESULTS:   gf180mcu_fd_sc_mcu7t5v0__aoi211_1 cells:       38
ABC RESULTS:   gf180mcu_fd_sc_mcu7t5v0__aoi21_1 cells:      121
ABC RESULTS:   gf180mcu_fd_sc_mcu7t5v0__aoi221_1 cells:       30
ABC RESULTS:   gf180mcu_fd_sc_mcu7t5v0__aoi222_1 cells:        2
ABC RESULTS:   gf180mcu_fd_sc_mcu7t5v0__aoi22_1 cells:       33
ABC RESULTS:   gf180mcu_fd_sc_mcu7t5v0__clkinv_1 cells:      202
ABC RESULTS:   gf180mcu_fd_sc_mcu7t5v0__mux2_2 cells:       35
ABC RESULTS:   gf180mcu_fd_sc_mcu7t5v0__nand2_1 cells:      299
ABC RESULTS:   gf180mcu_fd_sc_mcu7t5v0__nand3_1 cells:       42
ABC RESULTS:   gf180mcu_fd_sc_mcu7t5v0__nand4_1 cells:        8
ABC RESULTS:   gf180mcu_fd_sc_mcu7t5v0__nor2_1 cells:      256
ABC RESULTS:   gf180mcu_fd_sc_mcu7t5v0__nor3_1 cells:       30
ABC RESULTS:   gf180mcu_fd_sc_mcu7t5v0__nor4_1 cells:        1
ABC RESULTS:   gf180mcu_fd_sc_mcu7t5v0__oai211_1 cells:       23
ABC RESULTS:   gf180mcu_fd_sc_mcu7t5v0__oai21_1 cells:      153
ABC RESULTS:   gf180mcu_fd_sc_mcu7t5v0__oai221_1 cells:       12
ABC RESULTS:   gf180mcu_fd_sc_mcu7t5v0__oai222_1 cells:        1
ABC RESULTS:   gf180mcu_fd_sc_mcu7t5v0__oai22_1 cells:       41
ABC RESULTS:   gf180mcu_fd_sc_mcu7t5v0__oai31_1 cells:       33
ABC RESULTS:   gf180mcu_fd_sc_mcu7t5v0__oai32_1 cells:       36
ABC RESULTS:   gf180mcu_fd_sc_mcu7t5v0__or2_1 cells:       29
ABC RESULTS:   gf180mcu_fd_sc_mcu7t5v0__or3_1 cells:       12
ABC RESULTS:   gf180mcu_fd_sc_mcu7t5v0__or4_1 cells:        1
ABC RESULTS:   gf180mcu_fd_sc_mcu7t5v0__xnor2_1 cells:       59
ABC RESULTS:   gf180mcu_fd_sc_mcu7t5v0__xnor3_1 cells:        4
ABC RESULTS:   gf180mcu_fd_sc_mcu7t5v0__xor2_1 cells:      195
ABC RESULTS:   gf180mcu_fd_sc_mcu7t5v0__xor3_1 cells:       62
ABC RESULTS:        internal signals:     2363
ABC RESULTS:           input signals:      212
ABC RESULTS:          output signals:      190
Removing temp directory.
Removing global temp directory.

150. Executing SETUNDEF pass (replace undef values with defined constants).

151. Executing HILOMAP pass (mapping to constant drivers).

152. Executing SPLITNETS pass (splitting up multi-bit signals).

153. Executing OPT_CLEAN pass (remove unused cells and wires).
Finding unused cells or wires in module \analog_block..
Finding unused cells or wires in module \analog_comp..
Finding unused cells or wires in module \analog_readout..
Finding unused cells or wires in module \analog_wave_mixer..
Finding unused cells or wires in module \chip_core..
Finding unused cells or wires in module \signal_processor..
Finding unused cells or wires in module \spi_regs..
Finding unused cells or wires in module \state_machine..
Finding unused cells or wires in module \wave_controller..
Removed 5 unused cells and 5085 unused wires.
<suppressed ~25 debug messages>

154. Executing INSBUF pass (insert buffer cells for connected wires).
Add chip_core/$auto$insbuf.cc:97:execute$20952: \analog [2] -> \analog_error_x_output
Add chip_core/$auto$insbuf.cc:97:execute$20953: \analog [3] -> \analog_error_y_output
Add chip_core/$auto$insbuf.cc:97:execute$20954: \analog [0] -> \analog_readout_input
Add chip_core/$auto$insbuf.cc:97:execute$20955: \analog [1] -> \analog_readout_output
Add chip_core/$auto$insbuf.cc:97:execute$20956: \spi_miso_oe -> \bidir_oe [3]
Add chip_core/$auto$insbuf.cc:97:execute$20957: \spi_miso -> \bidir_out [3]
Add chip_core/$auto$insbuf.cc:97:execute$20958: \move_en_x -> \bidir_out [4]
Add chip_core/$auto$insbuf.cc:97:execute$20959: \dir_x -> \bidir_out [5]
Add chip_core/$auto$insbuf.cc:97:execute$20960: \move_en_y -> \bidir_out [6]
Add chip_core/$auto$insbuf.cc:97:execute$20961: \dir_y -> \bidir_out [7]
Add chip_core/$auto$insbuf.cc:97:execute$20962: \mems_drv_x -> \bidir_out [8]
Add chip_core/$auto$insbuf.cc:97:execute$20963: \mems_drv_y -> \bidir_out [9]
Add wave_controller/$auto$insbuf.cc:97:execute$20964: \cal_phase0_offset [0] -> \raw_edge3 [0]
Add wave_controller/$auto$insbuf.cc:97:execute$20965: \cal_phase0_offset [1] -> \raw_edge3 [1]

155. Executing CHECK pass (checking for obvious problems).
Checking module analog_block...
Checking module analog_comp...
Checking module analog_readout...
Checking module analog_wave_mixer...
Checking module chip_core...
Checking module signal_processor...
Checking module spi_regs...
Checking module state_machine...
Checking module wave_controller...
Found and reported 0 problems.
{
   "creator": "Yosys 0.67 (git sha1 2d1509d1b, Release, GNU /usr/bin/c++ 13.3.0)",
   "invocation": "stat -json -liberty /workspace/librelane/runs/RUN_2026-08-09_19-20-25/tmp/b2902e51b00049c3a7237cfd0d71bba5.lib -liberty /workspace/librelane/runs/RUN_2026-08-09_19-20-25/tmp/0b4cc232f4fe4b72b3402a012dd50493.lib -liberty /workspace/librelane/runs/RUN_2026-08-09_19-20-25/tmp/09368e10bb1c45e2b47989132695c8b5.lib ",
   "modules": {
      "\\analog_block": {
         "num_wires":         12,
         "num_wire_bits":     12,
         "num_pub_wires":     12,
         "num_pub_wire_bits": 12,
         "num_ports":         10,
         "num_port_bits":     10,
         "num_memories":      0,
         "num_memory_bits":   0,
         "num_processes":     0,
         "num_cells":         0,
         "num_submodules":       5,
         "area":              180.006400,
         "sequential_area":    127.321600,
         "num_cells_by_type": {
            "analog_comp": 2,
            "analog_readout": 1,
            "analog_wave_mixer": 2
         }
      },
      "\\analog_comp": {
         "num_wires":         5,
         "num_wire_bits":     5,
         "num_pub_wires":     5,
         "num_pub_wire_bits": 5,
         "num_ports":         5,
         "num_port_bits":     5,
         "num_memories":      0,
         "num_memory_bits":   0,
         "num_processes":     0,
         "num_cells":         1,
         "num_submodules":       0,
         "area":              63.660800,
         "sequential_area":    63.660800,
         "num_cells_by_type": {
            "gf180mcu_fd_sc_mcu7t5v0__dffq_1": 1
         }
      },
      "\\analog_readout": {
         "num_wires":         5,
         "num_wire_bits":     5,
         "num_pub_wires":     5,
         "num_pub_wire_bits": 5,
         "num_ports":         5,
         "num_port_bits":     5,
         "num_memories":      0,
         "num_memory_bits":   0,
         "num_processes":     0,
         "num_cells":         1,
         "num_submodules":       0,
         "area":              17.561600,
         "sequential_area":    0.000000,
         "num_cells_by_type": {
            "gf180mcu_fd_sc_mcu7t5v0__and2_1": 1
         }
      },
      "\\analog_wave_mixer": {
         "num_wires":         5,
         "num_wire_bits":     5,
         "num_pub_wires":     5,
         "num_pub_wire_bits": 5,
         "num_ports":         5,
         "num_port_bits":     5,
         "num_memories":      0,
         "num_memory_bits":   0,
         "num_processes":     0,
         "num_cells":         1,
         "num_submodules":       0,
         "area":              17.561600,
         "sequential_area":    0.000000,
         "num_cells_by_type": {
            "gf180mcu_fd_sc_mcu7t5v0__and2_1": 1
         }
      },
      "\\chip_core": {
         "num_wires":         514,
         "num_wire_bits":     589,
         "num_pub_wires":     506,
         "num_pub_wire_bits": 581,
         "num_ports":         14,
         "num_port_bits":     89,
         "num_memories":      0,
         "num_memory_bits":   0,
         "num_processes":     0,
         "num_cells":         87,
         "num_submodules":       7,
         "area":              130254.387200,
         "sequential_area":    41851.488000,
         "num_cells_by_type": {
            "gf180mcu_fd_sc_mcu7t5v0__and2_1": 2,
            "gf180mcu_fd_sc_mcu7t5v0__aoi21_1": 2,
            "gf180mcu_fd_sc_mcu7t5v0__buf_1": 12,
            "gf180mcu_fd_sc_mcu7t5v0__clkinv_1": 1,
            "gf180mcu_fd_sc_mcu7t5v0__dffq_1": 3,
            "gf180mcu_fd_sc_mcu7t5v0__nand2_1": 1,
            "gf180mcu_fd_sc_mcu7t5v0__nand3_1": 1,
            "gf180mcu_fd_sc_mcu7t5v0__nor2_1": 1,
            "gf180mcu_fd_sc_mcu7t5v0__oai21_1": 1,
            "gf180mcu_fd_sc_mcu7t5v0__or2_1": 1,
            "gf180mcu_fd_sc_mcu7t5v0__tieh": 14,
            "gf180mcu_fd_sc_mcu7t5v0__tiel": 47,
            "gf180mcu_fd_sc_mcu7t5v0__xnor2_1": 1,
            "analog_block": 1,
            "signal_processor": 2,
            "spi_regs": 1,
            "state_machine": 1,
            "wave_controller": 2
         }
      },
      "\\signal_processor": {
         "num_wires":         148,
         "num_wire_bits":     155,
         "num_pub_wires":     40,
         "num_pub_wire_bits": 47,
         "num_ports":         14,
         "num_port_bits":     21,
         "num_memories":      0,
         "num_memory_bits":   0,
         "num_processes":     0,
         "num_cells":         149,
         "num_submodules":       0,
         "area":              4879.929600,
         "sequential_area":    3060.108800,
         "num_cells_by_type": {
            "gf180mcu_fd_sc_mcu7t5v0__and2_1": 16,
            "gf180mcu_fd_sc_mcu7t5v0__aoi21_1": 1,
            "gf180mcu_fd_sc_mcu7t5v0__aoi22_1": 1,
            "gf180mcu_fd_sc_mcu7t5v0__clkinv_1": 9,
            "gf180mcu_fd_sc_mcu7t5v0__dffrnq_1": 41,
            "gf180mcu_fd_sc_mcu7t5v0__nand2_1": 21,
            "gf180mcu_fd_sc_mcu7t5v0__nand3_1": 6,
            "gf180mcu_fd_sc_mcu7t5v0__nand4_1": 3,
            "gf180mcu_fd_sc_mcu7t5v0__nor2_1": 12,
            "gf180mcu_fd_sc_mcu7t5v0__nor3_1": 2,
            "gf180mcu_fd_sc_mcu7t5v0__nor4_1": 2,
            "gf180mcu_fd_sc_mcu7t5v0__oai211_1": 2,
            "gf180mcu_fd_sc_mcu7t5v0__oai21_1": 12,
            "gf180mcu_fd_sc_mcu7t5v0__oai22_1": 2,
            "gf180mcu_fd_sc_mcu7t5v0__oai31_1": 2,
            "gf180mcu_fd_sc_mcu7t5v0__oai32_1": 1,
            "gf180mcu_fd_sc_mcu7t5v0__or3_1": 1,
            "gf180mcu_fd_sc_mcu7t5v0__xnor2_1": 6,
            "gf180mcu_fd_sc_mcu7t5v0__xor2_1": 9
         }
      },
      "\\spi_regs": {
         "num_wires":         825,
         "num_wire_bits":     1245,
         "num_pub_wires":     99,
         "num_pub_wire_bits": 519,
         "num_ports":         50,
         "num_port_bits":     470,
         "num_memories":      0,
         "num_memory_bits":   0,
         "num_processes":     0,
         "num_cells":         939,
         "num_submodules":       0,
         "area":              31417.702400,
         "sequential_area":    15906.419200,
         "num_cells_by_type": {
            "gf180mcu_fd_sc_mcu7t5v0__and2_1": 7,
            "gf180mcu_fd_sc_mcu7t5v0__and3_1": 1,
            "gf180mcu_fd_sc_mcu7t5v0__and4_1": 7,
            "gf180mcu_fd_sc_mcu7t5v0__aoi21_1": 6,
            "gf180mcu_fd_sc_mcu7t5v0__aoi221_1": 7,
            "gf180mcu_fd_sc_mcu7t5v0__aoi222_1": 20,
            "gf180mcu_fd_sc_mcu7t5v0__aoi22_1": 194,
            "gf180mcu_fd_sc_mcu7t5v0__clkinv_1": 22,
            "gf180mcu_fd_sc_mcu7t5v0__dffrnq_1": 211,
            "gf180mcu_fd_sc_mcu7t5v0__dffsnq_1": 2,
            "gf180mcu_fd_sc_mcu7t5v0__mux2_2": 178,
            "gf180mcu_fd_sc_mcu7t5v0__nand2_1": 51,
            "gf180mcu_fd_sc_mcu7t5v0__nand3_1": 28,
            "gf180mcu_fd_sc_mcu7t5v0__nand4_1": 52,
            "gf180mcu_fd_sc_mcu7t5v0__nor2_1": 98,
            "gf180mcu_fd_sc_mcu7t5v0__nor3_1": 15,
            "gf180mcu_fd_sc_mcu7t5v0__nor4_1": 11,
            "gf180mcu_fd_sc_mcu7t5v0__oai211_1": 1,
            "gf180mcu_fd_sc_mcu7t5v0__oai21_1": 15,
            "gf180mcu_fd_sc_mcu7t5v0__oai221_1": 1,
            "gf180mcu_fd_sc_mcu7t5v0__oai31_1": 7,
            "gf180mcu_fd_sc_mcu7t5v0__or3_1": 1,
            "gf180mcu_fd_sc_mcu7t5v0__or4_1": 2,
            "gf180mcu_fd_sc_mcu7t5v0__xor2_1": 2
         }
      },
      "\\state_machine": {
         "num_wires":         29,
         "num_wire_bits":     31,
         "num_pub_wires":     11,
         "num_pub_wire_bits": 13,
         "num_ports":         11,
         "num_port_bits":     13,
         "num_memories":      0,
         "num_memory_bits":   0,
         "num_processes":     0,
         "num_cells":         23,
         "num_submodules":       0,
         "area":              544.409600,
         "sequential_area":    223.910400,
         "num_cells_by_type": {
            "gf180mcu_fd_sc_mcu7t5v0__and2_1": 2,
            "gf180mcu_fd_sc_mcu7t5v0__aoi211_1": 2,
            "gf180mcu_fd_sc_mcu7t5v0__aoi21_1": 1,
            "gf180mcu_fd_sc_mcu7t5v0__aoi22_1": 1,
            "gf180mcu_fd_sc_mcu7t5v0__clkinv_1": 3,
            "gf180mcu_fd_sc_mcu7t5v0__dffrnq_1": 3,
            "gf180mcu_fd_sc_mcu7t5v0__nand2_1": 1,
            "gf180mcu_fd_sc_mcu7t5v0__nor2_1": 4,
            "gf180mcu_fd_sc_mcu7t5v0__nor3_1": 2,
            "gf180mcu_fd_sc_mcu7t5v0__oai21_1": 3,
            "gf180mcu_fd_sc_mcu7t5v0__or4_1": 1
         }
      },
      "\\wave_controller": {
         "num_wires":         1852,
         "num_wire_bits":     2054,
         "num_pub_wires":     77,
         "num_pub_wire_bits": 279,
         "num_ports":         27,
         "num_port_bits":     229,
         "num_memories":      0,
         "num_memory_bits":   0,
         "num_processes":     0,
         "num_cells":         1967,
         "num_submodules":       0,
         "area":              43642.771200,
         "sequential_area":    9641.318400,
         "num_cells_by_type": {
            "gf180mcu_fd_sc_mcu7t5v0__and2_1": 53,
            "gf180mcu_fd_sc_mcu7t5v0__and3_1": 24,
            "gf180mcu_fd_sc_mcu7t5v0__and4_1": 3,
            "gf180mcu_fd_sc_mcu7t5v0__aoi211_1": 38,
            "gf180mcu_fd_sc_mcu7t5v0__aoi21_1": 121,
            "gf180mcu_fd_sc_mcu7t5v0__aoi221_1": 30,
            "gf180mcu_fd_sc_mcu7t5v0__aoi222_1": 2,
            "gf180mcu_fd_sc_mcu7t5v0__aoi22_1": 33,
            "gf180mcu_fd_sc_mcu7t5v0__buf_1": 2,
            "gf180mcu_fd_sc_mcu7t5v0__clkinv_1": 201,
            "gf180mcu_fd_sc_mcu7t5v0__dffrnq_1": 126,
            "gf180mcu_fd_sc_mcu7t5v0__dffsnq_1": 3,
            "gf180mcu_fd_sc_mcu7t5v0__mux2_2": 35,
            "gf180mcu_fd_sc_mcu7t5v0__nand2_1": 299,
            "gf180mcu_fd_sc_mcu7t5v0__nand3_1": 42,
            "gf180mcu_fd_sc_mcu7t5v0__nand4_1": 8,
            "gf180mcu_fd_sc_mcu7t5v0__nor2_1": 256,
            "gf180mcu_fd_sc_mcu7t5v0__nor3_1": 30,
            "gf180mcu_fd_sc_mcu7t5v0__nor4_1": 1,
            "gf180mcu_fd_sc_mcu7t5v0__oai211_1": 23,
            "gf180mcu_fd_sc_mcu7t5v0__oai21_1": 153,
            "gf180mcu_fd_sc_mcu7t5v0__oai221_1": 12,
            "gf180mcu_fd_sc_mcu7t5v0__oai222_1": 1,
            "gf180mcu_fd_sc_mcu7t5v0__oai22_1": 40,
            "gf180mcu_fd_sc_mcu7t5v0__oai31_1": 33,
            "gf180mcu_fd_sc_mcu7t5v0__oai32_1": 36,
            "gf180mcu_fd_sc_mcu7t5v0__or2_1": 29,
            "gf180mcu_fd_sc_mcu7t5v0__or3_1": 12,
            "gf180mcu_fd_sc_mcu7t5v0__or4_1": 1,
            "gf180mcu_fd_sc_mcu7t5v0__xnor2_1": 59,
            "gf180mcu_fd_sc_mcu7t5v0__xnor3_1": 4,
            "gf180mcu_fd_sc_mcu7t5v0__xor2_1": 195,
            "gf180mcu_fd_sc_mcu7t5v0__xor3_1": 62
         }
      }
   },
      "design": {
         "num_wires":         5405,
         "num_wire_bits":     6320,
         "num_pub_wires":     887,
         "num_pub_wire_bits": 1802,
         "num_ports":         192,
         "num_port_bits":     1107,
         "num_memories":      0,
         "num_memory_bits":   0,
         "num_processes":     0,
         "num_cells":         5286,
         "num_submodules":       7,
         "area":              130254.387200,
         "sequential_area":    41851.488000,
         "num_cells_by_type": {
            "gf180mcu_fd_sc_mcu7t5v0__and2_1": 152,
            "gf180mcu_fd_sc_mcu7t5v0__and3_1": 49,
            "gf180mcu_fd_sc_mcu7t5v0__and4_1": 13,
            "gf180mcu_fd_sc_mcu7t5v0__aoi211_1": 78,
            "gf180mcu_fd_sc_mcu7t5v0__aoi21_1": 253,
            "gf180mcu_fd_sc_mcu7t5v0__aoi221_1": 67,
            "gf180mcu_fd_sc_mcu7t5v0__aoi222_1": 24,
            "gf180mcu_fd_sc_mcu7t5v0__aoi22_1": 263,
            "gf180mcu_fd_sc_mcu7t5v0__buf_1": 16,
            "gf180mcu_fd_sc_mcu7t5v0__clkinv_1": 446,
            "gf180mcu_fd_sc_mcu7t5v0__dffq_1": 5,
            "gf180mcu_fd_sc_mcu7t5v0__dffrnq_1": 548,
            "gf180mcu_fd_sc_mcu7t5v0__dffsnq_1": 8,
            "gf180mcu_fd_sc_mcu7t5v0__mux2_2": 248,
            "gf180mcu_fd_sc_mcu7t5v0__nand2_1": 693,
            "gf180mcu_fd_sc_mcu7t5v0__nand3_1": 125,
            "gf180mcu_fd_sc_mcu7t5v0__nand4_1": 74,
            "gf180mcu_fd_sc_mcu7t5v0__nor2_1": 639,
            "gf180mcu_fd_sc_mcu7t5v0__nor3_1": 81,
            "gf180mcu_fd_sc_mcu7t5v0__nor4_1": 17,
            "gf180mcu_fd_sc_mcu7t5v0__oai211_1": 51,
            "gf180mcu_fd_sc_mcu7t5v0__oai21_1": 349,
            "gf180mcu_fd_sc_mcu7t5v0__oai221_1": 25,
            "gf180mcu_fd_sc_mcu7t5v0__oai222_1": 2,
            "gf180mcu_fd_sc_mcu7t5v0__oai22_1": 84,
            "gf180mcu_fd_sc_mcu7t5v0__oai31_1": 77,
            "gf180mcu_fd_sc_mcu7t5v0__oai32_1": 74,
            "gf180mcu_fd_sc_mcu7t5v0__or2_1": 59,
            "gf180mcu_fd_sc_mcu7t5v0__or3_1": 27,
            "gf180mcu_fd_sc_mcu7t5v0__or4_1": 5,
            "gf180mcu_fd_sc_mcu7t5v0__tieh": 14,
            "gf180mcu_fd_sc_mcu7t5v0__tiel": 47,
            "gf180mcu_fd_sc_mcu7t5v0__xnor2_1": 131,
            "gf180mcu_fd_sc_mcu7t5v0__xnor3_1": 8,
            "gf180mcu_fd_sc_mcu7t5v0__xor2_1": 410,
            "gf180mcu_fd_sc_mcu7t5v0__xor3_1": 124,
            "analog_block": 1,
            "signal_processor": 2,
            "spi_regs": 1,
            "state_machine": 1,
            "wave_controller": 2
         }
      }
}

156. Printing statistics.

=== analog_block ===

        +----------Local Count, excluding submodules.
        |        +-Local Area, excluding submodules.
        |        | 
       12        - wires
       12        - wire bits
       12        - public wires
       12        - public wire bits
       10        - ports
       10        - port bits
        5        - submodules
        2        -   analog_comp
        1        -   analog_readout
        2        -   analog_wave_mixer

   Chip area for module '\analog_block': 0.000000
     of which used for sequential elements: 0.000000 (-nan%)

=== analog_comp ===

        +----------Local Count, excluding submodules.
        |        +-Local Area, excluding submodules.
        |        | 
        5        - wires
        5        - wire bits
        5        - public wires
        5        - public wire bits
        5        - ports
        5        - port bits
        1   63.661 cells
        1   63.661   gf180mcu_fd_sc_mcu7t5v0__dffq_1

   Chip area for module '\analog_comp': 63.660800
     of which used for sequential elements: 63.660800 (100.00%)

=== analog_readout ===

        +----------Local Count, excluding submodules.
        |        +-Local Area, excluding submodules.
        |        | 
        5        - wires
        5        - wire bits
        5        - public wires
        5        - public wire bits
        5        - ports
        5        - port bits
        1   17.562 cells
        1   17.562   gf180mcu_fd_sc_mcu7t5v0__and2_1

   Chip area for module '\analog_readout': 17.561600
     of which used for sequential elements: 0.000000 (0.00%)

=== analog_wave_mixer ===

        +----------Local Count, excluding submodules.
        |        +-Local Area, excluding submodules.
        |        | 
        5        - wires
        5        - wire bits
        5        - public wires
        5        - public wire bits
        5        - ports
        5        - port bits
        1   17.562 cells
        1   17.562   gf180mcu_fd_sc_mcu7t5v0__and2_1

   Chip area for module '\analog_wave_mixer': 17.561600
     of which used for sequential elements: 0.000000 (0.00%)

=== chip_core ===

        +----------Local Count, excluding submodules.
        |        +-Local Area, excluding submodules.
        |        | 
      514        - wires
      589        - wire bits
      506        - public wires
      581        - public wire bits
       14        - ports
       89        - port bits
       87 1.07E+03 cells
        2   35.123   gf180mcu_fd_sc_mcu7t5v0__and2_1
        2   35.123   gf180mcu_fd_sc_mcu7t5v0__aoi21_1
       12  158.054   gf180mcu_fd_sc_mcu7t5v0__buf_1
        1    8.781   gf180mcu_fd_sc_mcu7t5v0__clkinv_1
        3  190.982   gf180mcu_fd_sc_mcu7t5v0__dffq_1
        1   10.976   gf180mcu_fd_sc_mcu7t5v0__nand2_1
        1   15.366   gf180mcu_fd_sc_mcu7t5v0__nand3_1
        1   13.171   gf180mcu_fd_sc_mcu7t5v0__nor2_1
        1   17.562   gf180mcu_fd_sc_mcu7t5v0__oai21_1
        1   17.562   gf180mcu_fd_sc_mcu7t5v0__or2_1
       14  122.931   gf180mcu_fd_sc_mcu7t5v0__tieh
       47  412.698   gf180mcu_fd_sc_mcu7t5v0__tiel
        1   28.538   gf180mcu_fd_sc_mcu7t5v0__xnor2_1
        7        - submodules
        1        -   analog_block
        2        -   signal_processor
        1        -   spi_regs
        1        -   state_machine
        2        -   wave_controller

   Chip area for module '\chip_core': 1066.867200
     of which used for sequential elements: 190.982400 (17.90%)

=== signal_processor ===

        +----------Local Count, excluding submodules.
        |        +-Local Area, excluding submodules.
        |        | 
      148        - wires
      155        - wire bits
       40        - public wires
       47        - public wire bits
       14        - ports
       21        - port bits
      149  4879.93 cells
       16  280.986   gf180mcu_fd_sc_mcu7t5v0__and2_1
        1   17.562   gf180mcu_fd_sc_mcu7t5v0__aoi21_1
        1   19.757   gf180mcu_fd_sc_mcu7t5v0__aoi22_1
        9   79.027   gf180mcu_fd_sc_mcu7t5v0__clkinv_1
       41 3.06E+03   gf180mcu_fd_sc_mcu7t5v0__dffrnq_1
       21  230.496   gf180mcu_fd_sc_mcu7t5v0__nand2_1
        6   92.198   gf180mcu_fd_sc_mcu7t5v0__nand3_1
        3    59.27   gf180mcu_fd_sc_mcu7t5v0__nand4_1
       12  158.054   gf180mcu_fd_sc_mcu7t5v0__nor2_1
        2   35.123   gf180mcu_fd_sc_mcu7t5v0__nor3_1
        2   43.904   gf180mcu_fd_sc_mcu7t5v0__nor4_1
        2   43.904   gf180mcu_fd_sc_mcu7t5v0__oai211_1
       12  210.739   gf180mcu_fd_sc_mcu7t5v0__oai21_1
        2   43.904   gf180mcu_fd_sc_mcu7t5v0__oai22_1
        2   48.294   gf180mcu_fd_sc_mcu7t5v0__oai31_1
        1   26.342   gf180mcu_fd_sc_mcu7t5v0__oai32_1
        1   21.952   gf180mcu_fd_sc_mcu7t5v0__or3_1
        6  171.226   gf180mcu_fd_sc_mcu7t5v0__xnor2_1
        9  237.082   gf180mcu_fd_sc_mcu7t5v0__xor2_1

   Chip area for module '\signal_processor': 4879.929600
     of which used for sequential elements: 3060.108800 (62.71%)

=== spi_regs ===

        +----------Local Count, excluding submodules.
        |        +-Local Area, excluding submodules.
        |        | 
      825        - wires
     1245        - wire bits
       99        - public wires
      519        - public wire bits
       50        - ports
      470        - port bits
      939 3.14E+04 cells
        7  122.931   gf180mcu_fd_sc_mcu7t5v0__and2_1
        1   21.952   gf180mcu_fd_sc_mcu7t5v0__and3_1
        7   169.03   gf180mcu_fd_sc_mcu7t5v0__and4_1
        6   105.37   gf180mcu_fd_sc_mcu7t5v0__aoi21_1
        7   169.03   gf180mcu_fd_sc_mcu7t5v0__aoi221_1
       20  614.656   gf180mcu_fd_sc_mcu7t5v0__aoi222_1
      194 3.83E+03   gf180mcu_fd_sc_mcu7t5v0__aoi22_1
       22  193.178   gf180mcu_fd_sc_mcu7t5v0__clkinv_1
      211 1.57E+04   gf180mcu_fd_sc_mcu7t5v0__dffrnq_1
        2  158.054   gf180mcu_fd_sc_mcu7t5v0__dffsnq_1
      178 5.86E+03   gf180mcu_fd_sc_mcu7t5v0__mux2_2
       51  559.776   gf180mcu_fd_sc_mcu7t5v0__nand2_1
       28  430.259   gf180mcu_fd_sc_mcu7t5v0__nand3_1
       52 1.03E+03   gf180mcu_fd_sc_mcu7t5v0__nand4_1
       98 1.29E+03   gf180mcu_fd_sc_mcu7t5v0__nor2_1
       15  263.424   gf180mcu_fd_sc_mcu7t5v0__nor3_1
       11  241.472   gf180mcu_fd_sc_mcu7t5v0__nor4_1
        1   21.952   gf180mcu_fd_sc_mcu7t5v0__oai211_1
       15  263.424   gf180mcu_fd_sc_mcu7t5v0__oai21_1
        1   26.342   gf180mcu_fd_sc_mcu7t5v0__oai221_1
        7   169.03   gf180mcu_fd_sc_mcu7t5v0__oai31_1
        1   21.952   gf180mcu_fd_sc_mcu7t5v0__or3_1
        2   52.685   gf180mcu_fd_sc_mcu7t5v0__or4_1
        2   52.685   gf180mcu_fd_sc_mcu7t5v0__xor2_1

   Chip area for module '\spi_regs': 31417.702400
     of which used for sequential elements: 15906.419200 (50.63%)

=== state_machine ===

        +----------Local Count, excluding submodules.
        |        +-Local Area, excluding submodules.
        |        | 
       29        - wires
       31        - wire bits
       11        - public wires
       13        - public wire bits
       11        - ports
       13        - port bits
       23   544.41 cells
        2   35.123   gf180mcu_fd_sc_mcu7t5v0__and2_1
        2   43.904   gf180mcu_fd_sc_mcu7t5v0__aoi211_1
        1   17.562   gf180mcu_fd_sc_mcu7t5v0__aoi21_1
        1   19.757   gf180mcu_fd_sc_mcu7t5v0__aoi22_1
        3   26.342   gf180mcu_fd_sc_mcu7t5v0__clkinv_1
        3   223.91   gf180mcu_fd_sc_mcu7t5v0__dffrnq_1
        1   10.976   gf180mcu_fd_sc_mcu7t5v0__nand2_1
        4   52.685   gf180mcu_fd_sc_mcu7t5v0__nor2_1
        2   35.123   gf180mcu_fd_sc_mcu7t5v0__nor3_1
        3   52.685   gf180mcu_fd_sc_mcu7t5v0__oai21_1
        1   26.342   gf180mcu_fd_sc_mcu7t5v0__or4_1

   Chip area for module '\state_machine': 544.409600
     of which used for sequential elements: 223.910400 (41.13%)

=== wave_controller ===

        +----------Local Count, excluding submodules.
        |        +-Local Area, excluding submodules.
        |        | 
     1852        - wires
     2054        - wire bits
       77        - public wires
      279        - public wire bits
       27        - ports
      229        - port bits
     1967 4.36E+04 cells
       53  930.765   gf180mcu_fd_sc_mcu7t5v0__and2_1
       24  526.848   gf180mcu_fd_sc_mcu7t5v0__and3_1
        3   72.442   gf180mcu_fd_sc_mcu7t5v0__and4_1
       38  834.176   gf180mcu_fd_sc_mcu7t5v0__aoi211_1
      121 2.12E+03   gf180mcu_fd_sc_mcu7t5v0__aoi21_1
       30  724.416   gf180mcu_fd_sc_mcu7t5v0__aoi221_1
        2   61.466   gf180mcu_fd_sc_mcu7t5v0__aoi222_1
       33  651.974   gf180mcu_fd_sc_mcu7t5v0__aoi22_1
        2   26.342   gf180mcu_fd_sc_mcu7t5v0__buf_1
      201 1.76E+03   gf180mcu_fd_sc_mcu7t5v0__clkinv_1
      126  9.4E+03   gf180mcu_fd_sc_mcu7t5v0__dffrnq_1
        3  237.082   gf180mcu_fd_sc_mcu7t5v0__dffsnq_1
       35  1152.48   gf180mcu_fd_sc_mcu7t5v0__mux2_2
      299 3.28E+03   gf180mcu_fd_sc_mcu7t5v0__nand2_1
       42  645.389   gf180mcu_fd_sc_mcu7t5v0__nand3_1
        8  158.054   gf180mcu_fd_sc_mcu7t5v0__nand4_1
      256 3.37E+03   gf180mcu_fd_sc_mcu7t5v0__nor2_1
       30  526.848   gf180mcu_fd_sc_mcu7t5v0__nor3_1
        1   21.952   gf180mcu_fd_sc_mcu7t5v0__nor4_1
       23  504.896   gf180mcu_fd_sc_mcu7t5v0__oai211_1
      153 2.69E+03   gf180mcu_fd_sc_mcu7t5v0__oai21_1
       12  316.109   gf180mcu_fd_sc_mcu7t5v0__oai221_1
        1   32.928   gf180mcu_fd_sc_mcu7t5v0__oai222_1
       40   878.08   gf180mcu_fd_sc_mcu7t5v0__oai22_1
       33  796.858   gf180mcu_fd_sc_mcu7t5v0__oai31_1
       36  948.326   gf180mcu_fd_sc_mcu7t5v0__oai32_1
       29  509.286   gf180mcu_fd_sc_mcu7t5v0__or2_1
       12  263.424   gf180mcu_fd_sc_mcu7t5v0__or3_1
        1   26.342   gf180mcu_fd_sc_mcu7t5v0__or4_1
       59 1.68E+03   gf180mcu_fd_sc_mcu7t5v0__xnor2_1
        4  210.739   gf180mcu_fd_sc_mcu7t5v0__xnor3_1
      195 5.14E+03   gf180mcu_fd_sc_mcu7t5v0__xor2_1
       62 3.13E+03   gf180mcu_fd_sc_mcu7t5v0__xor3_1

   Chip area for module '\wave_controller': 43642.771200
     of which used for sequential elements: 9641.318400 (22.09%)

=== design hierarchy ===

        +----------Count including submodules.
        |        +-Area including submodules.
        |        | 
     5286  1.3E+05 chip_core
        1   63.661   analog_comp
        1   17.562   analog_readout
        1   17.562   analog_wave_mixer
      149  4879.93 signal_processor
      939 3.14E+04 spi_regs
       23   544.41 state_machine
     1967 4.36E+04 wave_controller

        +----------Count including submodules.
        |        +-Area including submodules.
        |        | 
     5405        - wires
     6320        - wire bits
      887        - public wires
     1802        - public wire bits
      192        - ports
     1107        - port bits
        -        - memories
        -        - memory bits
        -        - processes
     5286  1.3E+05 cells
      152 2.67E+03   gf180mcu_fd_sc_mcu7t5v0__and2_1
       49 1.08E+03   gf180mcu_fd_sc_mcu7t5v0__and3_1
       13  313.914   gf180mcu_fd_sc_mcu7t5v0__and4_1
       78 1.71E+03   gf180mcu_fd_sc_mcu7t5v0__aoi211_1
      253 4.44E+03   gf180mcu_fd_sc_mcu7t5v0__aoi21_1
       67 1.62E+03   gf180mcu_fd_sc_mcu7t5v0__aoi221_1
       24  737.587   gf180mcu_fd_sc_mcu7t5v0__aoi222_1
      263  5.2E+03   gf180mcu_fd_sc_mcu7t5v0__aoi22_1
       16  210.739   gf180mcu_fd_sc_mcu7t5v0__buf_1
      446 3.92E+03   gf180mcu_fd_sc_mcu7t5v0__clkinv_1
        5  318.304   gf180mcu_fd_sc_mcu7t5v0__dffq_1
      548 4.09E+04   gf180mcu_fd_sc_mcu7t5v0__dffrnq_1
        8  632.218   gf180mcu_fd_sc_mcu7t5v0__dffsnq_1
      248 8.17E+03   gf180mcu_fd_sc_mcu7t5v0__mux2_2
      693 7.61E+03   gf180mcu_fd_sc_mcu7t5v0__nand2_1
      125   1920.8   gf180mcu_fd_sc_mcu7t5v0__nand3_1
       74 1.46E+03   gf180mcu_fd_sc_mcu7t5v0__nand4_1
      639 8.42E+03   gf180mcu_fd_sc_mcu7t5v0__nor2_1
       81  1422.49   gf180mcu_fd_sc_mcu7t5v0__nor3_1
       17  373.184   gf180mcu_fd_sc_mcu7t5v0__nor4_1
       51 1.12E+03   gf180mcu_fd_sc_mcu7t5v0__oai211_1
      349 6.13E+03   gf180mcu_fd_sc_mcu7t5v0__oai21_1
       25   658.56   gf180mcu_fd_sc_mcu7t5v0__oai221_1
        2   65.856   gf180mcu_fd_sc_mcu7t5v0__oai222_1
       84 1.84E+03   gf180mcu_fd_sc_mcu7t5v0__oai22_1
       77 1.86E+03   gf180mcu_fd_sc_mcu7t5v0__oai31_1
       74 1.95E+03   gf180mcu_fd_sc_mcu7t5v0__oai32_1
       59 1.04E+03   gf180mcu_fd_sc_mcu7t5v0__or2_1
       27  592.704   gf180mcu_fd_sc_mcu7t5v0__or3_1
        5  131.712   gf180mcu_fd_sc_mcu7t5v0__or4_1
       14  122.931   gf180mcu_fd_sc_mcu7t5v0__tieh
       47  412.698   gf180mcu_fd_sc_mcu7t5v0__tiel
      131 3.74E+03   gf180mcu_fd_sc_mcu7t5v0__xnor2_1
        8  421.478   gf180mcu_fd_sc_mcu7t5v0__xnor3_1
      410 1.08E+04   gf180mcu_fd_sc_mcu7t5v0__xor2_1
      124  6260.71   gf180mcu_fd_sc_mcu7t5v0__xor3_1
        7 1.29E+05 submodules
        1  180.006   analog_block
        2 9.76E+03   signal_processor
        1 3.14E+04   spi_regs
        1   544.41   state_machine
        2 8.73E+04   wave_controller

   Chip area for top module '\chip_core': 130254.387200
     of which used for sequential elements: 41851.488000 (32.13%)

157. Executing Verilog backend.
Dumping module `\analog_block'.
Dumping module `\analog_comp'.
Dumping module `\analog_readout'.
Dumping module `\analog_wave_mixer'.
Dumping module `\chip_core'.
Dumping module `\signal_processor'.
Dumping module `\spi_regs'.
Dumping module `\state_machine'.
Dumping module `\wave_controller'.

158. Executing JSON backend.
